case,node,CAD_x_in,CAD_y_in,CAD_z_in,FX_lb,FY_lb,FZ_lb,MX_lb_in,MY_lb_in,MZ_lb_in
service40,N161,224.25,69.75,120.0,617.3859286748338,855.6674645976163,25.576482108677737,-99.64457322633825,3081.962217939571,-9069.489852022263
service40,N232,-32.0,69.75,150.143,11.744208291172981,1404.1447730660439,-27.148045301437378,-237.86385822296143,-25.50276993040461,-354.4914805814624
service40,N246,224.25,69.75,150.143,-111.59234653413296,2140.0722431093454,-7.978384047746658,-232.40055698156357,-100.95810943306424,2418.0432261377573
service40,N247,-32.0,69.75,116.0,-283.581830739975,-68.96603345870972,-1.7630536556243896,1061.9907634854317,3115.445875477977,829.2795028686523
service40,N371,-32.0,69.75,117.5,176.1146206855774,-333.87787279486656,27.40450417995453,1008.8442668914795,60.97543604904786,-3168.2437229156494
service40,N372,-32.0,69.75,142.022,-4.026156412824209e-13,-2.281627018954714,-1.8335746679920044e-12,4.810803636135055e-13,2.3917028112673943e-15,1.3940874018995206e-13
service40,N402,-32.0,69.75,193.643,-24.480764031711626,1339.5142956639882,-23.155520730633285,1239.4927437611186,-136.05406379396072,2878.600557237019
service40,N427,224.25,69.75,121.5,-77.19473436218686,-208.99271433008835,1.8548295758664608,86.20244479755638,67.46864999430636,1257.1708879851503
service40,N428,224.25,69.75,144.689,7.605269506187705e-12,-3.1920965087745734,-1.0284325703150539e-11,5.6823648721836916e-11,-4.1673445587522037e-14,9.546104292070587e-13
service40,N467,224.25,69.75,193.643,171.29662329441618,809.2234612165292,-6.2977259235749905,-92.14247782023477,-174.2595419855052,-3223.8310506855737
service40,N548,-32.0,69.75,120.0,-176.11462034303005,330.26668959985926,-27.404504079916006,-940.3330066767757,-60.97543604908458,2727.9571710512582
service40,N549,-32.0,69.75,147.143,176.11462035775185,-340.03588946163654,27.40450417995453,196.49255287647247,60.97543604904786,2052.3219699710608
service40,N556,224.25,69.75,147.143,-479.69170562922955,-619.8455903157592,11.506914973258972,239.70733988285065,430.58966071903706,-4488.6154527664185
service_patches,N161,224.25,69.75,120.0,676.0785661833361,1212.5823363241507,27.22759677749127,-105.67365800275002,3280.723370334543,-10103.146575358463
service_patches,N232,-32.0,69.75,150.143,14.503212168812752,1423.4221392124891,-27.267284631729126,-238.83432239294052,-24.88374812656548,-411.99801014363766
service_patches,N246,224.25,69.75,150.143,-117.63379143178463,2454.002507790923,-9.449865400791168,-245.50133228302002,-125.82818298449274,2543.1121111363173
service_patches,N247,-32.0,69.75,116.0,-292.0732192993164,-66.8576110303402,-3.2227994203567505,1067.4931485652924,3312.0431998996064,756.2457988262177
service_patches,N371,-32.0,69.75,117.5,186.6118016242981,-335.1168844103813,27.586646556854248,1014.1942194700241,66.38965947926044,-3352.4878289699554
service_patches,N372,-32.0,69.75,142.022,-1.917407167941718e-13,-2.281627018961261,1.5849773319002656e-12,-7.36809990583598e-13,-2.9719138609281355e-14,1.0106954236006898e-12
service_patches,N402,-32.0,69.75,193.643,-23.855050364575135,1359.7678591320134,-23.504042177724518,1245.5078520573265,-110.30571681288541,3065.4052596908386
service_patches,N427,224.25,69.75,121.5,-83.01724184432533,-291.49243558826856,2.129672672599554,97.60872417583596,75.11505454327789,1389.9977125801379
service_patches,N428,224.25,69.75,144.689,1.5594908529225197e-11,-3.19209650870434,-4.707753517909304e-11,-3.954940293278415e-11,1.3016383368991019e-14,1.0332518252236812e-11
service_patches,N467,224.25,69.75,193.643,155.25876251232728,923.2604596421423,-6.7118984919354485,-75.31499736893299,-185.72630271476592,-3482.2081527274318
service_patches,N548,-32.0,69.75,120.0,-186.6118022548545,331.5057012158185,-27.586646516488646,-945.2276032953783,-66.38965947864696,2885.9583224803623
service_patches,N549,-32.0,69.75,147.143,186.6118022799492,-341.2749010771513,27.586646556854248,196.4432573914528,66.38965947867837,2179.245826974511
service_patches,N556,224.25,69.75,147.143,-515.8730406612158,-859.6134768500924,13.211975157260895,266.74628430604935,479.389551345841,-4591.0212987959385
typical30,N161,224.25,69.75,120.0,521.713216845179,698.5755800050101,18.34894181182608,-71.5138997885515,2225.945207229155,-7162.705947373703
typical30,N232,-32.0,69.75,150.143,9.310041629243642,1178.7207219079137,-16.841274082660675,-145.80820339918137,-24.60122769064037,-293.23347121616825
typical30,N246,224.25,69.75,150.143,-75.68936797976494,1864.5178415626287,-6.637771755456924,-131.86370468139648,-74.98071823397186,1726.2564120292664
typical30,N247,-32.0,69.75,116.0,-225.56809759140015,-39.82514005899429,-4.098609089851379,633.1840959787369,2256.768956613727,1013.2582941055298
typical30,N371,-32.0,69.75,117.5,150.29172325134277,-270.2585197389126,16.76191085577011,601.9510704874992,55.79214006336406,-2697.6685423851013
typical30,N372,-32.0,69.75,142.022,7.572105395371018e-14,-2.281627019009826,-5.269634149986999e-12,-3.3990206240288804e-12,-3.6726548306392504e-15,1.4184116551731065e-12
typical30,N402,-32.0,69.75,193.643,-42.90965359485347,1116.2189034508528,-13.564891318978866,756.0059398583487,-154.93237991142237,2357.1284807819943
typical30,N427,224.25,69.75,121.5,-61.50605643901508,-195.54446792125236,1.4296122107189149,59.29438753071008,48.74529796226602,1011.5596112267231
typical30,N428,224.25,69.75,144.689,3.351136349802551e-11,-3.1920965087262445,1.463417763722866e-11,3.975954978523727e-11,2.378170167400348e-14,-1.360032360531035e-11
typical30,N467,224.25,69.75,193.643,106.55971718195276,682.9850293508283,-4.266887205016259,-38.120694471918796,-97.22428465907797,-2502.6752117440533
typical30,N548,-32.0,69.75,120.0,-150.29172329441704,266.64733654656345,-16.761910807408,-560.046293470009,-55.792140062770606,2321.9392337242334
typical30,N549,-32.0,69.75,147.143,150.29172332503367,-276.41653640568256,16.76191094517708,105.07774817943573,55.79214006278198,1757.4290123290848
typical30,N556,224.25,69.75,147.143,-382.2015240341425,-580.7611234895885,8.868969053030014,140.42109405994415,311.0959136278834,-3514.914737433195
storage125_sensitivity,N161,224.25,69.75,120.0,1506.628331782762,2083.8965069329133,52.53295723896008,-201.97843194461893,6320.584254934797,-19432.853956381325
storage125_sensitivity,N232,-32.0,69.75,150.143,50.4156521782279,2988.400124102831,-39.45095884799957,-331.82654345035553,-23.427671728422865,-1189.6019621044397
storage125_sensitivity,N246,224.25,69.75,150.143,-278.38570857048035,4910.720619574189,-16.79101401567459,-303.38660192489624,-414.10992841259576,5701.343991756439
storage125_sensitivity,N247,-32.0,69.75,116.0,-597.80690574646,114.73783433437347,-16.081522703170776,1542.4658963680267,6162.8440202707425,2447.1017236709595
storage125_sensitivity,N371,-32.0,69.75,117.5,445.1321954727173,-530.0611575841904,40.17119026184082,1465.7382872104645,128.5830479580909,-7974.108787059784
storage125_sensitivity,N372,-32.0,69.75,142.022,8.141626627519885e-13,-2.281627018915861,-8.698819172977622e-12,9.139383189266233e-12,-4.284984400281027e-14,-3.1126489550257534e-12
storage125_sensitivity,N402,-32.0,69.75,193.643,-54.13251442730408,2995.1105305199085,-35.55307031881922,1854.9110403777422,45.61958953228517,8415.214611441264
storage125_sensitivity,N427,224.25,69.75,121.5,-178.4580111047253,-465.76024832273833,3.836545526632108,167.971036074101,170.05309556532575,2940.647132312646
storage125_sensitivity,N428,224.25,69.75,144.689,1.3726574874838999e-11,-3.1920965086401254,-3.060834607277698e-11,6.067952319392273e-11,-3.2702032437049025e-14,-6.995096144936107e-11
storage125_sensitivity,N467,224.25,69.75,193.643,215.55342544520667,1915.6268260288132,-12.465128666515783,-9.794761558932002,-428.6318939993186,-7922.0961905082295
storage125_sensitivity,N548,-32.0,69.75,120.0,-445.1321960519304,526.4499742863298,-40.17119037426475,-1365.310311133378,-128.58304795776885,6861.2782941535
storage125_sensitivity,N549,-32.0,69.75,147.143,445.1321962326765,-536.2191742062569,40.17119061946869,274.94369077682495,128.58304795832373,5220.944907210767
storage125_sensitivity,N556,224.25,69.75,147.143,-1108.9464643001556,-1366.085795931518,23.80100244283676,431.7226597070694,1085.2907940188888,-10163.394763171673
live_only,N161,224.25,69.75,120.0,418.4670137374196,577.9901388006983,12.685399530309951,-48.157107989522046,1524.0573748200297,-4876.877286467119
live_only,N232,-32.0,69.75,150.143,18.198326751589775,745.5319222360849,-5.789605937898159,-44.21773362159729,0.9765143807162531,-392.9931680113077
live_only,N246,224.25,69.75,150.143,-78.49099418520927,1303.8345348928124,-4.147120013833046,-33.40519843995571,-147.365553858981,1545.0827321708202
live_only,N247,-32.0,69.75,116.0,-147.87062883377075,86.4488809555769,-6.7381027936935425,226.10593101382256,1434.0696595837362,761.3280429840088
live_only,N371,-32.0,69.75,117.5,126.59650468826294,-92.32154229283333,6.007852077484131,215.00893759727478,31.815347169991583,-2261.58354640007
live_only,N372,-32.0,69.75,142.022,-4.482095826173232e-13,1.4279110710088225e-11,7.662998937716063e-13,1.2437489573359284e-12,-2.0299622246009502e-14,1.3002110668114188e-12
live_only,N402,-32.0,69.75,193.643,-13.95377594919894,779.1041100761057,-5.834140468614654,289.6085881143872,85.49345642776956,2605.465473700059
live_only,N427,224.25,69.75,121.5,-47.653307203319855,-120.83178097344353,0.9325722020876128,38.47933643985016,48.275031069015085,792.2241228554631
live_only,N428,224.25,69.75,144.689,1.7566092674258056e-11,1.904797870703191e-11,1.827277512257098e-12,9.376245938543641e-12,4.342118581782183e-14,-7.221985387795646e-12
live_only,N467,224.25,69.75,193.643,20.826750596883663,520.6604046506541,-2.9023070873368613,38.751865524390055,-119.70462859127825,-2210.9482885579264
live_only,N548,-32.0,69.75,120.0,-126.5965054279072,92.32154228753227,-6.007852034348498,-199.9893075794011,-31.81534716971269,1945.0922817987077
live_only,N549,-32.0,69.75,147.143,126.59650552272797,-92.32154229655862,6.007852032780647,36.918179884552956,31.815347169700544,1491.1166672930121
live_only,N556,224.25,69.75,147.143,-296.1198895126581,-351.17186225391924,5.785452850162983,90.36014822125435,308.094637301343,-2670.4844123125076
machine200,N161,224.25,69.75,120.0,636.5239506227663,842.8598214840749,21.891618641617242,-84.9597979990649,2651.3027563439605,-8422.223347010207
machine200,N232,-32.0,69.75,150.143,14.431021304801106,1379.9178522527218,-18.407245725393295,-157.73570865392685,-24.26801149273524,-403.09717938676476
machine200,N246,224.25,69.75,150.143,-97.3446494936943,2215.3019507415593,-7.749701350927353,-140.48364052176476,-116.7453099420527,2147.5378661751747
machine200,N247,-32.0,69.75,116.0,-265.5682427883148,-17.536209285259247,-6.021822571754456,694.4380677938461,2656.9601049525663,1195.3093857765198
machine200,N371,-32.0,69.75,117.5,184.8577435016632,-294.18884781003,18.39011025428772,660.2044193148613,64.69721754221246,-3314.505550146103
machine200,N372,-32.0,69.75,142.022,-7.059744115375469e-13,-2.2816270189489902,3.893832142927936e-12,-7.794304764864576e-13,2.861420390901233e-14,1.538734050566722e-13
machine200,N402,-32.0,69.75,193.643,-47.271814844106544,1327.3779239727476,-15.153088448914561,834.6135648175186,-130.3964599920856,3074.6395101789954
machine200,N427,224.25,69.75,121.5,-74.47154872328974,-225.2377496555564,1.682653774973005,69.77628444210859,62.306935952868116,1225.1833403155906
machine200,N428,224.25,69.75,144.689,2.1523721131821896e-11,-3.192096508722254,2.212658115023067e-11,3.152203807127908e-11,-9.022187207554396e-14,-4.873399898325847e-11
machine200,N467,224.25,69.75,193.643,111.61324176844099,824.9179306428648,-5.071301721917212,-27.18890747425471,-131.04239716621197,-3116.654772752164
machine200,N548,-32.0,69.75,120.0,-184.85774442155025,290.5776645939661,-18.390110393295547,-614.2291431266683,-64.69721754146225,2852.361188043566
machine200,N549,-32.0,69.75,147.143,184.8577444087714,-300.3468644320965,18.390110462903976,115.06637692451477,64.69721754163038,2165.2325683422387
machine200,N556,224.25,69.75,147.143,-462.76970213651657,-667.0583290681243,10.43877786397934,165.19364568591118,397.6472393423319,-4253.456641167402
uplift20_sensitivity,N161,224.25,69.75,120.0,133.66181620469433,146.4554367087021,1.244744317002187,-5.146242726463242,174.73857804583236,-1415.4642587870767
uplift20_sensitivity,N232,-32.0,69.75,150.143,-0.48780669271945953,332.7019893536344,1.3599284067749977,13.414279818534851,-14.054500157479197,-36.08344220370054
uplift20_sensitivity,N246,224.25,69.75,150.143,6.187557071447372,582.3894043146865,-1.8126266840845346,28.09967304766178,10.462078667158494,34.95049434900284
uplift20_sensitivity,N247,-32.0,69.75,116.0,-47.75300371646881,-12.043964860960841,-3.447100041434169,-94.11741059273481,208.57046141003957,639.6680936217308
uplift20_sensitivity,N371,-32.0,69.75,117.5,39.032835364341736,-80.07144689746201,-1.7870175410062075,-88.72435519844294,21.928919161553495,-695.7092254161835
uplift20_sensitivity,N372,-32.0,69.75,142.022,-5.783139570133533e-13,-1.3689762114659454,-3.073308618359981e-13,6.332732035429503e-13,9.909702995520075e-15,1.146074994143021e-12
uplift20_sensitivity,N402,-32.0,69.75,193.643,-41.38393986929116,290.61512860223337,2.6185232983359743,-87.80498122129032,-128.93646811657914,371.7119693203789
uplift20_sensitivity,N427,224.25,69.75,121.5,-11.684294887934811,-79.71207928391777,0.246035486125038,0.9727058599200973,0.868818196414793,202.8796719093807
uplift20_sensitivity,N428,224.25,69.75,144.689,-7.1346393005485225e-12,-1.9152579052408376,-7.910547058406377e-13,-2.9531321498661635e-12,4.451625222550296e-15,1.1945408240960327e-11
uplift20_sensitivity,N467,224.25,69.75,193.643,-4.9664058735863135,179.42050231989154,0.051167909207479975,23.39899294776083,42.64161880761476,-338.2596079948342
uplift20_sensitivity,N548,-32.0,69.75,120.0,-39.032835196816784,77.90473698893929,1.7870175222729583,84.25681138207149,-21.928919161491688,598.1271372998328
uplift20_sensitivity,N549,-32.0,69.75,147.143,39.032835245132446,-83.76625688187778,-1.787017546594143,-35.75179474055767,21.928919161466183,461.3411091417074
uplift20_sensitivity,N556,224.25,69.75,147.143,-72.6067573428154,-239.13783810927998,1.526344770565629,-33.105626586824656,5.544858722554636,-601.1512661129236
strength_screen,N161,224.25,69.75,120.0,1008.4189701899886,1820.2447653156705,35.56838756077923,-137.21888548438437,4293.493480317125,-14006.694406394381
strength_screen,N232,-32.0,69.75,150.143,27.267577801831067,1986.7015178203583,-28.882720232009888,-247.97560954093933,-28.420318509917706,-700.4906895495951
strength_screen,N246,224.25,69.75,150.143,-163.57736492156982,3627.191901035607,-13.37459659576416,-248.6741030216217,-227.49285278259777,3505.9339264035225
strength_screen,N247,-32.0,69.75,116.0,-398.30042839050293,-9.27902826666832,-9.9605553150177,1113.0389475822449,4276.606870118529,1444.8301348686218
strength_screen,N371,-32.0,69.75,117.5,282.84999799728394,-411.187198728323,29.18153178691864,1057.977920293808,96.49879895243794,-5067.690923690796
strength_screen,N372,-32.0,69.75,142.022,-8.126918246900622e-13,-2.7379524227973193,-2.8604362296480903e-12,-1.1947878176554843e-12,3.1685241420975073e-14,2.4035184615538275e-12
strength_screen,N402,-32.0,69.75,193.643,-49.2994408376914,1931.500944181613,-24.985448340501936,1325.099597288488,-86.12365994110938,4886.320458764927
strength_screen,N427,224.25,69.75,121.5,-118.3682712961454,-442.8553132953821,2.904121288447641,124.98295795021113,107.84841946998813,2004.7289774367819
strength_screen,N428,224.25,69.75,144.689,4.816109190442068e-11,-3.8305158104904393,2.0274194895043236e-11,6.210062666098091e-11,8.910892349821391e-14,-3.57793569460895e-11
strength_screen,N467,224.25,69.75,193.643,146.5549580843965,1364.540176772071,-8.467186536618449,-23.54943542370753,-242.3637338263641,-5048.486778755574
strength_screen,N548,-32.0,69.75,120.0,-282.8499967479852,406.85377890105786,-29.181531725280543,-985.0240909587201,-96.49879895120804,4360.565930846032
strength_screen,N549,-32.0,69.75,147.143,282.8499967465177,-418.57681871950626,29.181531965732574,192.9497755765915,96.49879895127378,3316.8315306566656
strength_screen,N556,224.25,69.75,147.143,-735.5459982454777,-1302.0080223307014,18.016467571258545,313.36782789230347,688.2961842659861,-6404.125994920731
HB0.25,N161,224.25,69.75,120.0,649.1016366562108,832.1131994637544,23.280925944680348,-90.04027652554214,2819.522784938013,-7702.598750626668
HB0.25,N232,-32.0,69.75,150.143,17.185196913778782,1352.767447963357,-18.179342418909073,-153.92271149158478,-19.872923933784477,-444.6273249834776
HB0.25,N246,224.25,69.75,150.143,-97.81157079339027,2171.0546186342835,-7.730646342039108,-134.03220754861832,-148.0541626343038,2109.045260757208
HB0.25,N247,-32.0,69.75,116.0,-267.7845230102539,-22.58132517337799,-7.219033479690552,691.0766348838806,2779.2326666815206,442.239732503891
HB0.25,N371,-32.0,69.75,117.5,187.81859064102173,-286.26343911886215,18.253626227378845,656.9545300006866,65.28744942834601,-3371.0115027427673
HB0.25,N372,-32.0,69.75,142.022,1.3575750612339834e-14,-2.28162701899469,3.2547471677709354e-12,-3.440982586499018e-12,2.5874889355730096e-14,-2.4855280085091927e-12
HB0.25,N402,-32.0,69.75,193.643,-40.791066600464724,1328.0877438276602,-15.426603318743283,835.8857929694213,-77.97033251258198,3313.031741478097
HB0.25,N427,224.25,69.75,121.5,-73.01029839646071,-222.45234589348547,1.7127943696104921,71.80680184665835,70.0524297436782,1206.6295939554693
HB0.25,N428,224.25,69.75,144.689,4.0136539239255596e-11,-3.1920965086944704,-6.005746956717756e-12,1.0282365755640602e-11,8.978477421620828e-15,-3.109247788193926e-11
HB0.25,N467,224.25,69.75,193.643,78.98145896835652,823.1772725282344,-5.317483281804433,-16.288924872180893,-151.36812855587488,-3145.090751035386
HB0.25,N548,-32.0,69.75,120.0,-187.818590418479,282.6522559362032,-18.25362638912172,-611.320463948863,-65.28744942826786,2901.465025796264
HB0.25,N549,-32.0,69.75,147.143,187.81859049201012,-292.421455770731,18.25362652540207,115.86228257417679,65.28744942834601,2196.494974806905
HB0.25,N556,224.25,69.75,147.143,-453.6894239783287,-658.963145673275,10.625762850046158,172.99562987685204,447.0795244667679,-4135.904919594526
HB0.5,N161,224.25,69.75,120.0,658.0539662245428,822.9656279688352,24.506125492975116,-94.61405999778071,2958.4129485886942,-7175.589390562614
HB0.5,N232,-32.0,69.75,150.143,18.049328729510307,1355.8391235023737,-18.228513151407242,-154.40613454580307,-20.14054209506139,-461.7004888653755
HB0.5,N246,224.25,69.75,150.143,-100.68791368603706,2151.951099406928,-8.009793817996979,-132.700976729393,-171.44574850937352,2112.654628634453
HB0.5,N247,-32.0,69.75,116.0,-263.6755909919739,-22.739485651254654,-8.33710491657257,692.9528900384903,2926.5476157292724,439.6882519721985
HB0.5,N371,-32.0,69.75,117.5,190.42466640472412,-287.4712876677513,18.331122279167175,658.838423371315,69.6291364072822,-3416.420768737793
HB0.5,N372,-32.0,69.75,142.022,9.035145290764097e-13,-2.2816270190333916,-2.2944101432937323e-12,-2.141831170577146e-12,-8.715454442692042e-15,-8.278859652833999e-13
HB0.5,N402,-32.0,69.75,193.643,-41.29433876987126,1332.9989400550478,-15.479297737292736,838.4824351934133,-71.68136271171622,3372.0448698276423
HB0.5,N427,224.25,69.75,121.5,-72.62123600917403,-219.5870469583897,1.7868219353840686,74.96799031808041,75.77165738126405,1202.9198623443954
HB0.5,N428,224.25,69.75,144.689,2.9351560564514026e-11,-3.19209650870806,3.061628305413246e-11,6.308001449052803e-11,-6.791398967439817e-14,-3.577223098947014e-11
HB0.5,N467,224.25,69.75,193.643,63.02288997307429,833.6188199146377,-5.654371692355671,-8.18409581767632,-174.01406658948463,-3239.0497507844907
HB0.5,N548,-32.0,69.75,120.0,-190.42466730648945,283.8601044232134,-18.331122237155366,-613.010617906489,-69.6291364065362,2940.3590997078763
HB0.5,N549,-32.0,69.75,147.143,190.42466735094786,-293.6293042898178,18.331122308969498,115.44896709918976,69.62913640664192,2228.3376456797123
HB0.5,N556,224.25,69.75,147.143,-451.2717720270157,-650.6357639655471,11.085012078285217,180.83035445213318,483.58003675285727,-4096.961517214775
HB0.75,N161,224.25,69.75,120.0,651.3139171974035,823.732932869345,24.20679115067469,-93.47962297021877,2918.717249242121,-7241.888439652859
HB0.75,N232,-32.0,69.75,150.143,16.884579978883266,1363.0597776025534,-18.318756133317947,-156.28366219997406,-22.593998988333624,-444.72398649156094
HB0.75,N246,224.25,69.75,150.143,-100.5367603302002,2149.885037690401,-8.62029767036438,-139.87312719225883,-164.84278390323743,2109.6996707320213
HB0.75,N247,-32.0,69.75,116.0,-258.6066646575928,-20.143895894289017,-8.146659851074219,693.5990871191025,2915.9243457438424,822.5919899940491
HB0.75,N371,-32.0,69.75,117.5,188.90547704696655,-291.2424751520157,18.386510372161865,659.5275681614876,71.01954010874033,-3387.0829722881317
HB0.75,N372,-32.0,69.75,142.022,-1.9995166691074085e-12,-2.2816270190599997,1.5525114730626463e-12,4.2195243992047267e-13,-3.509886582320731e-14,1.1578320704073435e-12
HB0.75,N402,-32.0,69.75,193.643,-45.11573118451535,1326.981077752359,-15.315486757499269,836.0656776165802,-96.62204299346625,3254.9783252537754
HB0.75,N427,224.25,69.75,121.5,-72.55585362378042,-219.04890213435283,1.879565010603983,78.0591887490591,74.02503538138672,1201.5510186662432
HB0.75,N428,224.25,69.75,144.689,-2.1965696746689347e-12,-3.192096508755408,-2.1272876119329257e-11,2.4248280008156152e-11,4.048676013639028e-14,-4.9482575990862065e-12
HB0.75,N467,224.25,69.75,193.643,70.57651850230573,832.788234371895,-5.732033211164581,-6.7792749263628655,-173.24716114687473,-3236.573804814868
HB0.75,N548,-32.0,69.75,120.0,-188.90547722659238,287.6312919124054,-18.386510603725654,-613.5612914701762,-71.0195401079032,2914.819278372583
HB0.75,N549,-32.0,69.75,147.143,188.9054772183299,-297.4004917740822,18.38651067018509,114.49623423814774,71.01954010810005,2212.6420898512006
HB0.75,N556,224.25,69.75,147.143,-450.8654827773571,-649.0717605352402,11.660367637872696,185.25355821847916,472.43297253281344,-4095.049101829529
HT0.25,N161,224.25,69.75,120.0,717.8832669479307,897.1649558437057,23.205844191776123,-90.60631709964946,2810.5618976070314,-10604.779663849622
HT0.25,N232,-32.0,69.75,150.143,12.717283710837364,1875.8443986922503,-22.26238316297531,-189.55297249555588,-30.304740156338084,-399.3857100009918
HT0.25,N246,224.25,69.75,150.143,-127.68888258934021,2452.475569035858,-8.020120799541473,-151.72061204910278,-98.60709612793289,2879.896992236376
HT0.25,N247,-32.0,69.75,116.0,-336.6832649707794,54.365361988544464,-4.100292325019836,836.3737644553185,2819.993217128329,3011.6456050872803
HT0.25,N371,-32.0,69.75,117.5,234.63497304916382,-373.9607420861721,22.110875606536865,794.8333103060722,67.23956008255482,-4224.0021188259125
HT0.25,N372,-32.0,69.75,142.022,1.431882607410151e-16,-2.281627019045978,-8.079284150814627e-13,2.8962707888490934e-12,7.024580892374432e-16,-1.2645696703711534e-12
HT0.25,N402,-32.0,69.75,193.643,-48.14855289334546,1808.7035688041356,-17.86959217816508,1010.1314691955216,-205.39390357297344,3945.640549366861
HT0.25,N427,224.25,69.75,121.5,-89.10041829652619,-236.46051977202296,1.7454065299243666,70.28871481394162,61.18956906191397,1434.930455570342
HT0.25,N428,224.25,69.75,144.689,1.2982534885412634e-11,-3.192096508711722,-2.2241443111206347e-11,1.6036639349371256e-11,-2.1592069377645903e-14,-1.1907484380941206e-11
HT0.25,N467,224.25,69.75,193.643,190.0597793694189,888.4823567309985,-5.637817857682772,-51.824014319249954,-146.5877431349622,-3479.8849553927034
HT0.25,N548,-32.0,69.75,120.0,-234.63497269104298,370.3495589126343,-22.110875351697846,-739.5561221428982,-67.23956008257936,3637.4146866580895
HT0.25,N549,-32.0,69.75,147.143,234.6349727846682,-380.11875876784325,22.110875457525253,139.40063267946243,67.23956008249661,2731.2823798805475
HT0.25,N556,224.25,69.75,147.143,-553.6741849184036,-699.6749225631356,10.828080803155899,158.38974463939667,390.5161254025297,-5281.141864895821
HT0.5,N161,224.25,69.75,120.0,755.0791870211251,901.5610391185037,23.033533560403157,-89.81822034105426,2799.0697864421736,-11436.589134689304
HT0.5,N232,-32.0,69.75,150.143,16.482917588204145,1706.9392800927162,-20.993150860071182,-180.34791576862335,-30.142144442361314,-469.32774583622813
HT0.5,N246,224.25,69.75,150.143,-127.464450776577,2693.4101345725358,-8.231934994459152,-156.7756663262844,-92.90716279752087,2870.9643284976482
HT0.5,N247,-32.0,69.75,116.0,-326.36219692230225,-4.740475684404373,-5.218657732009888,787.0919149518013,2818.4110747049563,2409.8850276470184
HT0.5,N371,-32.0,69.75,117.5,225.523530960083,-313.3069683611393,20.869990706443787,748.2282583117485,69.65200297161937,-4018.8230702877045
HT0.5,N372,-32.0,69.75,142.022,-9.184876726145132e-13,-2.2816270189959957,1.620163983470576e-12,8.054533696777096e-12,2.7698636980602075e-14,1.7387421472724797e-12
HT0.5,N402,-32.0,69.75,193.643,-71.05258878193284,1634.784039121446,-16.939539580431315,945.7117480032036,-189.15993350805184,3722.537523698872
HT0.5,N427,224.25,69.75,121.5,-94.33898007741664,-234.53932351304684,1.7696869327919558,72.27113610383822,61.03281874239201,1513.3294870873215
HT0.5,N428,224.25,69.75,144.689,-1.0901357198657994e-11,-3.1920965087481226,-6.650274327831452e-12,2.2918010419647005e-11,-1.1645804203358879e-14,5.657383066379265e-12
HT0.5,N467,224.25,69.75,193.643,208.35943463675775,976.9236757960703,-5.268638007669381,-46.127547290114265,-115.87420349166224,-3776.1984103559307
HT0.5,N548,-32.0,69.75,120.0,-225.52353063957182,309.69578516803995,-20.869990823608095,-696.0532811434595,-69.65200297180756,3455.0142426882144
HT0.5,N549,-32.0,69.75,147.143,225.52353063970804,-319.46498504281044,20.869990915060043,129.5791204571724,69.65200297173578,2666.3709495663643
HT0.5,N556,224.25,69.75,147.143,-586.2268539369106,-694.0913744047284,10.97871059179306,166.8256090283394,389.51573385915253,-5628.714690953493
HT0.75,N161,224.25,69.75,120.0,793.631869326462,1033.8694448735332,22.74805305193877,-88.48183382122079,2767.987627844417,-12818.506779369898
HT0.75,N232,-32.0,69.75,150.143,18.22924381867051,1543.557773038745,-19.649371206760406,-169.2435393333435,-27.64878328400664,-506.74214604869485
HT0.75,N246,224.25,69.75,150.143,-112.60566109418869,2929.276701018214,-8.334759533405304,-159.09170013666153,-96.30166254192591,2568.7709901332855
HT0.75,N247,-32.0,69.75,116.0,-315.3273777961731,-1.0320020914077759,-6.088260650634766,737.8023549318314,2787.388706620317,2062.385416984558
HT0.75,N371,-32.0,69.75,117.5,216.192214012146,-313.07759749889374,19.591068148612976,701.5008211731911,69.54751965636387,-3860.988632440567
HT0.75,N372,-32.0,69.75,142.022,-2.221794317855593e-14,-2.2816270190419696,2.6526258694538734e-12,1.1321565934730518e-12,-2.490945594884039e-15,-3.907752169758001e-15
HT0.75,N402,-32.0,69.75,193.643,-59.49530136615447,1456.1792135152875,-16.119707538956238,884.2523483923219,-152.57875876414275,3410.5858735577035
HT0.75,N427,224.25,69.75,121.5,-98.52991907019168,-264.3536697217496,1.7822789123747498,74.11223320604768,61.80717054987963,1623.110496499925
HT0.75,N428,224.25,69.75,144.689,1.54798710106038e-11,-3.1920965087189392,5.23336948615893e-12,1.6337663494739898e-11,2.6102427604806437e-14,-5.183418394958249e-11
HT0.75,N467,224.25,69.75,193.643,170.17447704889224,1063.2605916999848,-4.986128475930851,-37.43633486602659,-98.9273116871697,-4011.4715987310324
HT0.75,N548,-32.0,69.75,120.0,-216.19221485932903,309.4664142841377,-19.591068144211114,-652.523150675525,-69.54751965604217,3320.5080943850944
HT0.75,N549,-32.0,69.75,147.143,216.19221481401473,-319.2356141358614,19.59106820821762,120.76278775930405,69.54751965595642,2547.597192272544
HT0.75,N556,224.25,69.75,147.143,-612.269545674324,-780.7404281198978,11.056828200817108,176.24416136741638,394.4577014556853,-5614.343086749315
storage125_strength_sensitivity,N161,224.25,69.75,120.0,2337.2985956748016,3214.3474397312384,76.05696339276619,-291.3065206328174,9157.27081847808,-28934.22628800478
storage125_strength_sensitivity,N232,-32.0,69.75,150.143,84.7274822294712,4490.666283071041,-48.3765983581543,-396.76316273212433,-26.090599885443226,-1944.6570150852203
storage125_strength_sensitivity,N246,224.25,69.75,150.143,-420.7804321050644,7557.940889209509,-25.120434165000916,-341.2905309200287,-688.7436354346573,8559.104949831963
storage125_strength_sensitivity,N247,-32.0,69.75,116.0,-887.4743366241455,281.2736868262291,-30.53451180458069,1872.9953262805939,8837.88810400851,4150.199535369873
storage125_strength_sensitivity,N371,-32.0,69.75,117.5,696.482626914978,-723.0980312228203,49.31680107116699,1780.4484114646912,196.0082211587578,-12462.284439086914
storage125_strength_sensitivity,N372,-32.0,69.75,142.022,1.9988144925385387e-12,-2.7379524227596876,-3.358237943897802e-13,1.7390683111681126e-11,-1.5454144987843623e-13,1.1656834026226756e-11
storage125_strength_sensitivity,N402,-32.0,69.75,193.643,-97.74339981872102,4548.049219054107,-44.26389266983514,2300.1446685119345,163.35678939199977,13446.01548429953
storage125_strength_sensitivity,N427,224.25,69.75,121.5,-271.0735026616603,-721.6838148941752,5.635117815807462,237.56265463959426,259.7492821245214,4485.768058049958
storage125_strength_sensitivity,N428,224.25,69.75,144.689,5.516233725133551e-12,-3.830515810510524,-1.0191792071693417e-11,9.189770312536237e-11,5.233272057080444e-13,3.478870734105926e-11
storage125_strength_sensitivity,N467,224.25,69.75,193.643,243.02644499808918,2952.3263599324796,-17.67235467990785,81.2829408611394,-631.0126710669805,-12152.307613958603
storage125_strength_sensitivity,N548,-32.0,69.75,120.0,-696.4826257334906,718.7646113747279,-49.31680151138852,-1657.156407106334,-196.008221157197,10721.077872707652
storage125_strength_sensitivity,N549,-32.0,69.75,147.143,696.4826262295246,-730.487651258707,49.316801726818085,318.5504653453827,196.008221157128,8183.55004888773
storage125_strength_sensitivity,N556,224.25,69.75,147.143,-1684.4634795188904,-2112.363736435771,34.9589107632637,577.3300203084946,1657.7381535195746,-15319.92356967926
strength_roof,N161,224.25,69.75,120.0,712.2847333052196,1273.1555431773886,31.428288777475245,-122.40770712704398,3782.3053405390806,-11216.695007114206
strength_roof,N232,-32.0,69.75,150.143,12.366222634911537,1570.7611281573772,-35.082720041275024,-309.9640346765518,-30.63787603797391,-389.50155809521675
strength_roof,N246,224.25,69.75,150.143,-130.7661548703909,2601.088360056281,-10.337651371955872,-322.1746299266815,-112.20108464476652,2839.910697132349
strength_roof,N247,-32.0,69.75,116.0,-327.6338975429535,-118.24183669686317,-0.6197571754455566,1383.5821713209152,3848.382177734282,620.1116945743561
strength_roof,N371,-32.0,69.75,117.5,194.18493247032166,-399.64373299479485,35.522228717803955,1314.2176537513733,71.11346129141748,-3495.891562461853
strength_roof,N372,-32.0,69.75,142.022,7.478227986480884e-13,-2.7379524227452423,-9.764738945208244e-12,-1.629527710141156e-11,-1.9592196702614816e-14,-1.8144658864510771e-12
strength_roof,N402,-32.0,69.75,193.643,-17.19352687362421,1483.2576405465047,-30.221155341805595,1599.9185187801024,-155.6132711628773,3068.0745936530484
strength_roof,N427,224.25,69.75,121.5,-90.43566846929025,-302.4207423647167,2.3909538816660643,114.06863553647418,81.6156134405669,1502.0091753538
strength_roof,N428,224.25,69.75,144.689,2.185512832135165e-11,-3.83051581045852,4.413205049960374e-11,7.41837174945139e-11,-1.1024182698270567e-13,-4.455620368428011e-12
strength_roof,N467,224.25,69.75,193.643,209.1648506206676,979.4024005153807,-7.913086924508875,-126.97776735835689,-215.48091490965808,-3752.1522051152824
strength_roof,N548,-32.0,69.75,120.0,-194.18493246031406,395.31031317280997,-35.52222855985947,-1225.4120823929634,-71.11346129091255,3010.429230488029
strength_roof,N549,-32.0,69.75,147.143,194.1849323809147,-407.0333530306816,35.52222865819931,261.2322328090668,71.1134612908354,2260.3323905169964
strength_roof,N556,224.25,69.75,147.143,-561.9714922010899,-893.8648219183087,14.832900822162628,327.2942078113556,520.8765745826531,-5077.0794001072645
strength_HB0.25,N161,224.25,69.75,120.0,1044.853636117885,1802.7089010324562,38.38540242344607,-147.59824524226133,4633.594662409349,-12919.771982544567
strength_HB0.25,N232,-32.0,69.75,150.143,32.58849540352821,1966.9635113924742,-28.707786977291107,-243.2717290520668,-21.245637709624134,-785.5235862135887
strength_HB0.25,N246,224.25,69.75,150.143,-167.57649245858192,3596.1169266700745,-13.464348137378693,-238.7816332578659,-285.46414225245826,3500.363003194332
strength_HB0.25,N247,-32.0,69.75,116.0,-406.6984577178955,-16.268476724624634,-12.257993698120117,1115.224638223648,4538.920950005762,226.6692237854004
strength_HB0.25,N371,-32.0,69.75,117.5,292.25438117980957,-399.8664528429508,29.165135860443115,1059.9798811674118,98.96515490720049,-5240.406240463257
strength_HB0.25,N372,-32.0,69.75,142.022,-1.2395775062186582e-12,-2.737952422854553,-3.4909240799187392e-12,-4.019242149845666e-12,1.7311031018865086e-14,-1.3986873247470375e-12
strength_HB0.25,N402,-32.0,69.75,193.643,-40.32818875929296,1958.8494434964882,-25.630531438143187,1337.0639289388969,2.8182391657685475,5373.579469403224
strength_HB0.25,N427,224.25,69.75,121.5,-117.71373564284295,-437.5752047057031,2.9841838891152292,129.61108788382262,122.62981816796673,1999.9513017470017
strength_HB0.25,N428,224.25,69.75,144.689,3.373722416914611e-11,-3.8305158104172747,-4.627277498931163e-13,3.3250363025361006e-11,-1.6342825698307654e-13,2.178373672207125e-11
strength_HB0.25,N467,224.25,69.75,193.643,94.09904430364489,1380.5836044006085,-8.987217462134096,-4.119350564144244,-281.1120320544766,-5191.972338301448
strength_HB0.25,N548,-32.0,69.75,120.0,-292.25438180712564,395.53303298532217,-29.165135846986715,-987.0670413874107,-98.96515490558093,4509.770284245424
strength_HB0.25,N549,-32.0,69.75,147.143,292.2543818950653,-407.25607281923294,29.165135979652405,195.4377589225769,98.9651549058035,3422.890402302146
strength_HB0.25,N556,224.25,69.75,147.143,-731.4786830544472,-1286.6625101566315,18.51315665245056,329.34303176403046,782.6321084450465,-6329.516529858112
strength_HB0.5,N161,224.25,69.75,120.0,1059.1773634613492,1788.0727867024252,40.345721662510186,-154.91629863891285,4855.818919959894,-12076.55700951512
strength_HB0.5,N232,-32.0,69.75,150.143,33.971106313169,1971.878191664815,-28.786460161209106,-244.0452058315277,-21.67382697435096,-812.8406487703323
strength_HB0.5,N246,224.25,69.75,150.143,-172.178641051054,3565.551296658814,-13.910983920097351,-236.65166354179382,-322.890679190401,3506.137991666794
strength_HB0.5,N247,-32.0,69.75,116.0,-400.1241683959961,-16.521533489227295,-14.046907186508179,1118.2266458272934,4774.624864129815,222.58685207366943
strength_HB0.5,N371,-32.0,69.75,117.5,296.4241056442261,-401.7990102469921,29.28912889957428,1062.9941101074219,105.91185411065817,-5313.061064720154
strength_HB0.5,N372,-32.0,69.75,142.022,8.552877022190117e-13,-2.7379524228895065,1.0962755373252521e-12,1.92939391840786e-12,5.503346225440984e-15,-2.810771951424986e-12
strength_HB0.5,N402,-32.0,69.75,193.643,-41.13342519551197,1966.7073575747368,-25.714842452090377,1341.2185549433655,12.88058847421819,5468.000478985014
strength_HB0.5,N427,224.25,69.75,121.5,-117.09123584371991,-432.9907265410293,3.102627989370376,134.66898920561653,131.78058222636173,1994.0157315186225
strength_HB0.5,N428,224.25,69.75,144.689,5.83706198389089e-11,-3.830515810481897,3.65906861759957e-11,5.849563432194264e-11,6.0728093912390736e-15,-7.71834949238074e-11
strength_HB0.5,N467,224.25,69.75,193.643,68.56533518672416,1397.2900800386046,-9.526238883369748,8.848375900136174,-317.34553254317353,-5342.306735826745
strength_HB0.5,N548,-32.0,69.75,120.0,-296.42410470654454,397.46559040344937,-29.289129175617663,-989.7712869163673,-105.91185411009391,4572.000801804089
strength_HB0.5,N549,-32.0,69.75,147.143,296.4241048619151,-409.1886302381754,29.289129197597504,194.7764539718628,105.91185411042534,3473.838675275445
strength_HB0.5,N556,224.25,69.75,147.143,-727.6104399859905,-1273.3386998027563,19.24795514345169,341.87858986854553,841.0329270707443,-6267.2070870399475
strength_HB0.75,N161,224.25,69.75,120.0,1048.3932849504054,1789.3004745639628,39.866786751081236,-153.10119951423258,4792.305803289575,-12182.63548946008
strength_HB0.75,N232,-32.0,69.75,150.143,32.10750825703144,1983.4312384873629,-28.930849015712738,-247.04924988746643,-25.599357850151137,-785.6782443970442
strength_HB0.75,N246,224.25,69.75,150.143,-171.9367959499359,3562.2455968931317,-14.887790083885193,-248.12710565328598,-312.3259358149953,3501.410061776638
strength_HB0.75,N247,-32.0,69.75,116.0,-392.01388454437256,-12.36858981847763,-13.742195844650269,1119.2605611085892,4757.627634422388,835.2328338623047
strength_HB0.75,N371,-32.0,69.75,117.5,293.99340057373047,-407.8329102694988,29.377750396728516,1064.096741437912,108.13649998791516,-5266.120590209961
strength_HB0.75,N372,-32.0,69.75,142.022,7.235743582811281e-13,-2.7379524229329406,-2.6325434482778128e-12,-9.99480140789662e-12,-1.1102678931670508e-13,-2.37213034515095e-13
strength_HB0.75,N402,-32.0,69.75,193.643,-47.24765233492943,1957.0787775715503,-25.45274489184077,1337.3517434281698,-27.0244982906706,5280.694002961243
strength_HB0.75,N427,224.25,69.75,121.5,-116.98662405065261,-432.1296945674112,3.2510169169399887,139.61490713071544,128.9859871048916,1991.8255818882026
strength_HB0.75,N428,224.25,69.75,144.689,7.752072939847356e-11,-3.830515810462067,-3.6976850590622844e-11,3.948358264987021e-11,3.893874331328692e-15,-9.008609428717042e-11
strength_HB0.75,N467,224.25,69.75,193.643,80.65114062452393,1395.9611432450708,-9.650497343804318,11.096089256153022,-316.1184836600042,-5338.345225353454
strength_HB0.75,N548,-32.0,69.75,120.0,-293.99340062535316,403.4994904191153,-29.377750552173026,-990.652364884287,-108.13649998757792,4531.137087238426
strength_HB0.75,N549,-32.0,69.75,147.143,293.9934006333351,-415.22253024578094,29.377750635147095,193.2520814538002,108.13649998814799,3448.725785508752
strength_HB0.75,N556,224.25,69.75,147.143,-726.9603773653507,-1270.8362935706973,20.168524205684662,348.9557175040245,823.1976248184219,-6264.147224724293
strength_HT0.25,N161,224.25,69.75,120.0,1154.9042442853097,1906.7917099383194,38.26527232595254,-148.5039129126817,4619.257322461149,-17563.261377103743
strength_HT0.25,N232,-32.0,69.75,150.143,25.439833775162697,2803.8866433799267,-35.24065274000168,-300.28014719486237,-37.93653976439964,-713.1369987428188
strength_HT0.25,N246,224.25,69.75,150.143,-215.38019213080406,4046.3904370963573,-13.927507221698761,-267.0830855369568,-206.34884601808153,4733.725765883923
strength_HT0.25,N247,-32.0,69.75,116.0,-516.9364399909973,106.84621995687485,-7.268007159233093,1347.700065612793,4604.137912047096,4337.718709945679
strength_HT0.25,N371,-32.0,69.75,117.5,367.1605954170227,-540.1821422278881,35.33673405647278,1280.5859488248825,102.0885311733,-6605.19123840332
strength_HT0.25,N372,-32.0,69.75,142.022,5.297702224761629e-13,-2.7379524228296392,1.2858139013794238e-12,-1.0289824840799708e-11,-8.851678080286516e-15,-2.583940240036166e-13
strength_HT0.25,N402,-32.0,69.75,193.643,-52.100148743061595,2727.83476243288,-29.53931436379006,1615.8570426211024,-201.05943058891057,6385.753492334117
strength_HT0.25,N427,224.25,69.75,121.5,-143.45792700187303,-459.98828146769665,3.0363633898086846,127.18215135741048,108.44924416559297,2365.232672137441
strength_HT0.25,N428,224.25,69.75,144.689,2.8469193380003826e-11,-3.8305158104091457,-4.349574091118256e-11,-4.1327347195934505e-11,2.1419474921323222e-13,4.164047624550241e-12
strength_HT0.25,N467,224.25,69.75,193.643,271.8243307098957,1485.0717425164835,-9.499752909272663,-60.9754928839656,-273.46342417168495,-5727.643096261364
strength_HT0.25,N548,-32.0,69.75,120.0,-367.16059432010877,535.8487223868274,-35.336734650971934,-1192.2441116333948,-102.08853117202175,5687.28975270818
strength_HT0.25,N549,-32.0,69.75,147.143,367.1605943143368,-547.5717622339725,35.336734890937805,233.09912312030792,102.08853117225226,4278.550259038806
strength_HT0.25,N556,224.25,69.75,147.143,-891.4542974829674,-1351.801348976791,18.836865544319153,305.9736249446869,692.1306896528695,-8161.895616710186
strength_HT0.5,N161,224.25,69.75,120.0,1214.4177178072277,1913.82544527133,37.989574283594266,-147.24295415123925,4600.869834078587,-18894.156634355895
strength_HT0.5,N232,-32.0,69.75,150.143,31.464848585426807,2533.6384384036064,-33.20988041162491,-285.552055478096,-37.67639186477754,-825.0442595183849
strength_HT0.5,N246,224.25,69.75,150.143,-215.02110055088997,4431.885755598545,-14.266409873962402,-275.1711673736572,-197.22893791180104,4719.4335225224495
strength_HT0.5,N247,-32.0,69.75,116.0,-500.4227395057678,12.276883363723755,-9.057392716407776,1268.849078655243,4601.606371381786,3374.9016637802124
strength_HT0.5,N371,-32.0,69.75,117.5,352.5822858810425,-443.13609769940376,33.35131919384003,1206.0178389549255,105.94844077527523,-6276.904738903046
strength_HT0.5,N372,-32.0,69.75,142.022,-6.395569786325648e-13,-2.737952422903808,1.7600230043937226e-12,5.12130024062573e-12,9.214579997718727e-14,-1.8771086407718312e-13
strength_HT0.5,N402,-32.0,69.75,193.643,-88.74663034726805,2449.563515773706,-28.05122913435622,1512.7854449523045,-175.0851376410093,6028.788741841449
strength_HT0.5,N427,224.25,69.75,121.5,-151.83962663565762,-456.9143691895297,3.0752119821263477,130.35402219044045,108.19843933609991,2490.671135562239
strength_HT0.5,N428,224.25,69.75,144.689,3.240760959430893e-11,-3.830515810510233,5.882956767715048e-12,4.9754849055701564e-11,3.5237399650395197e-14,-1.1121346270287919e-11
strength_HT0.5,N467,224.25,69.75,193.643,301.10381710093407,1626.5778481140896,-8.909064960510753,-51.861146928514906,-224.3217474193229,-6201.744584082845
strength_HT0.5,N548,-32.0,69.75,120.0,-352.5822856255141,438.8026779253011,-33.35131872859595,-1122.6395423125045,-105.94844077487559,5395.449023699135
strength_HT0.5,N549,-32.0,69.75,147.143,352.5822856500745,-450.5257177501917,33.3513188958168,217.38469815254211,105.9484407750424,4174.691955968738
strength_HT0.5,N556,224.25,69.75,147.143,-943.5385727882385,-1342.867676973343,19.077872931957245,319.47099632024765,690.5300356240477,-8718.012183129787
strength_HT0.75,N161,224.25,69.75,120.0,1276.1020080612507,2125.5188935230253,37.53280584956519,-145.10473726678174,4551.1384250196415,-21105.22482076101
strength_HT0.75,N232,-32.0,69.75,150.143,34.25897030904889,2272.228033274412,-31.059833228588104,-267.7850533723831,-33.68701192177832,-884.9072986915708
strength_HT0.75,N246,224.25,69.75,150.143,-191.24703738093376,4809.272255569696,-14.430929243564606,-278.87682420015335,-202.6601434077602,4235.924172997475
strength_HT0.75,N247,-32.0,69.75,116.0,-482.76702308654785,18.210439801216125,-10.448757290840149,1189.9857932329178,4551.970628067851,2818.902334213257
strength_HT0.75,N371,-32.0,69.75,117.5,337.65218019485474,-442.7691068351269,31.305042624473572,1131.2539497613907,105.7812671023421,-6024.369649887085
strength_HT0.75,N372,-32.0,69.75,142.022,-5.067429523784957e-13,-2.737952422880563,1.6387336497356297e-13,2.7926274153461735e-12,-2.8279887938615036e-14,2.1620681667464795e-12
strength_HT0.75,N402,-32.0,69.75,193.643,-70.25496089976579,2163.79579432571,-26.739498285622926,1414.4504226902632,-116.55523451818414,5529.666064429227
strength_HT0.75,N427,224.25,69.75,121.5,-158.54512868332677,-504.617322239792,3.095359174069017,133.2997790845111,109.43740398033515,2666.3207449708134
strength_HT0.75,N428,224.25,69.75,144.689,5.993846294623117e-11,-3.830515810474165,-6.4068575665829395e-12,7.265139396148516e-11,4.2569643093906415e-14,-4.72998025295938e-11
strength_HT0.75,N467,224.25,69.75,193.643,240.00786924280064,1764.7169156660343,-8.457049795493736,-37.955206576826924,-197.20672589109927,-6578.181703422237
strength_HT0.75,N548,-32.0,69.75,120.0,-337.65218083689075,438.4356870095329,-31.3050427289644,-1052.9913428191496,-105.78126710131409,5180.239195066034
strength_HT0.75,N549,-32.0,69.75,147.143,337.6521808952093,-450.1587268412113,31.305042922496796,203.2785679101944,105.7812671016436,3984.65395103395
strength_HT0.75,N556,224.25,69.75,147.143,-985.2068774998188,-1481.5061603561044,19.20286124944687,334.5406856536865,698.4371949615888,-8695.017596542835
lateral_HX,N161,224.25,69.75,120.0,121.92200787877664,67.30447794610518,3.6053220537432935,-15.07591895177029,485.2732043495392,-479.96482336730696
lateral_HX,N232,-32.0,69.75,150.143,7.514137029647827,272.36999409273267,-7.773996062576771,-87.1600106805563,-40.42982804548228,-147.47835862636566
lateral_HX,N246,224.25,69.75,150.143,67.35711908340454,355.0472200252116,-2.3584739565849304,-93.6855167299509,46.24041969451355,-1109.602007508278
lateral_HX,N247,-32.0,69.75,116.0,2.0337142944335938,-40.362952306866646,1.0377109050750732,272.0947515964508,588.8136795537721,251.4356026649475
lateral_HX,N371,-32.0,69.75,117.5,42.905242919921875,-95.47244020551443,7.220111608505249,259.5143586397171,29.683221999788657,-749.5662107467651
lateral_HX,N372,-32.0,69.75,142.022,-5.670805550440066e-12,-2.2816270190886065,-3.858473688376047e-13,3.311679228958885e-13,2.0019076180704278e-14,-5.195243728116822e-12
lateral_HX,N402,-32.0,69.75,193.643,-193.61482806183648,342.13766857398747,-3.014138461178393,268.38812706696416,-419.10347282403853,1208.5625890754995
lateral_HX,N427,224.25,69.75,121.5,4.919892500620335,-28.891657876753015,0.44524965443997644,19.96751493695774,-0.6372031230337711,-49.64757747272961
lateral_HX,N428,224.25,69.75,144.689,1.5615697499352496e-10,-3.192096508736944,-2.5547756183877638e-12,5.9554151636441755e-12,3.135057201181865e-14,1.442103226742257e-11
lateral_HX,N467,224.25,69.75,193.643,-83.60972834879813,57.209657880645985,-1.9240068459674389,-61.44413704081307,-37.38083196841636,478.4477025249916
lateral_HX,N548,-32.0,69.75,120.0,-42.905244358450396,91.8612570208157,-7.220111720038596,-241.46407949048157,-29.683221999783978,642.3030981828634
lateral_HX,N549,-32.0,69.75,147.143,42.90524458885193,-101.63045685365796,7.220111720263958,45.488587625324726,29.683221999759553,522.2739523649216
lateral_HX,N556,224.25,69.75,147.143,30.57244324684143,-96.42018949054182,2.7622213661670685,53.04200014472008,-4.066675064357696,475.4567800760269
strength_lateral_HX_1,N161,224.25,69.75,120.0,615.4158565029502,1020.6309455943992,18.81807865918381,-72.90870342077687,2319.130980032354,-6790.983598370571
strength_lateral_HX_1,N232,-32.0,69.75,150.143,26.578406810760498,1102.59468241781,-15.564318835735321,-150.24362975358963,-43.67709372967511,-574.513964176178
strength_lateral_HX_1,N246,224.25,69.75,150.143,-15.406224250793457,2053.423980485648,-8.378252655267715,-158.29153817892075,-112.00234370410908,572.3147456645966
strength_lateral_HX_1,N247,-32.0,69.75,116.0,-167.40923881530762,36.05008791387081,-6.655908107757568,573.2066326141357,2350.19459505775,1000.6888875961304
strength_lateral_HX_1,N371,-32.0,69.75,117.5,183.74367141723633,-210.4368399232626,15.236189723014832,545.9576889276505,70.93384817522019,-3263.8372621536255
strength_lateral_HX_1,N372,-32.0,69.75,142.022,-1.097650381974026e-11,-2.737952422937179,1.057421128765337e-12,-2.3336665795048476e-13,2.5110846137756987e-15,2.937351730464239e-11
strength_lateral_HX_1,N402,-32.0,69.75,193.643,-213.3774172564316,1188.2779590766293,-10.469098498986943,641.6001051762215,-354.3728762440659,3920.3855772655475
strength_lateral_HX_1,N427,224.25,69.75,121.5,-50.77445291541517,-239.71975561697036,1.732003107725177,73.36199983383995,54.980809901197745,910.2294115587138
strength_lateral_HX_1,N428,224.25,69.75,144.689,5.552213664438556e-11,-3.830515810437395,-4.2914856483613054e-11,7.946532613572448e-12,4.8273572055394134e-14,2.1191217249728236e-11
strength_lateral_HX_1,N467,224.25,69.75,193.643,-63.255764901572206,712.5824927460595,-5.463622380343985,-20.01691361987686,-163.71326098604956,-2016.2953924296417
strength_lateral_HX_1,N548,-32.0,69.75,120.0,-183.74367250809658,206.1034200723876,-15.236189700805303,-507.8672149136017,-70.93384817487596,2804.4780769191607
strength_lateral_HX_1,N549,-32.0,69.75,147.143,183.74367320537567,-217.82645989209414,15.236189767718315,94.31131756305695,70.93384817482001,2182.8764375448227
strength_lateral_HX_1,N556,224.25,69.75,147.143,-315.5148355960846,-711.6377447061241,10.7449292242527,179.58791944384575,350.89138856960926,-2434.5386068820953
strength_lateral_HX_-1,N161,224.25,69.75,120.0,534.9138125113677,1070.236555597512,20.369860644394066,-79.22279048804194,2458.977317029098,-9835.901344681391
strength_lateral_HX_-1,N232,-32.0,69.75,150.143,-7.380475282669067,1212.008729249239,-18.831104457378387,-154.87782430648804,-11.245444224681705,-44.91632115840912
strength_lateral_HX_-1,N246,224.25,69.75,150.143,-132.42950534820557,2149.449121169746,-7.673077583312988,-151.92098772525787,-64.55457872338593,2909.17005610466
strength_lateral_HX_-1,N247,-32.0,69.75,116.0,-302.28599882125854,-4.666648030281067,-3.6890283096581697,724.0528463535011,2479.7068175538443,1107.4074301719666
strength_lateral_HX_-1,N371,-32.0,69.75,117.5,135.38059854507446,-233.5304332971573,19.056803700514138,687.7734339907765,51.7779577979818,-2449.1388759613037
strength_lateral_HX_-1,N372,-32.0,69.75,142.022,1.2316913604753934e-12,-2.7379524229352525,-7.015551062677415e-13,5.72547214867874e-12,2.329535984921393e-14,1.1143392263792524e-11
strength_lateral_HX_-1,N402,-32.0,69.75,193.643,109.5070252989078,971.8287910008929,-17.16380533814146,880.7067724742442,18.72213812614134,698.7883205083654
strength_lateral_HX_-1,N427,224.25,69.75,121.5,-82.79954316699877,-256.9023919830215,1.6348854320822284,68.51566642487887,53.22100037085647,1357.784949352732
strength_lateral_HX_-1,N428,224.25,69.75,144.689,-1.0076548699924777e-10,-3.8305158104245787,-2.350088377714497e-14,4.164530558668286e-11,-3.811855257759421e-14,1.1506915074207509e-10
strength_lateral_HX_-1,N467,224.25,69.75,193.643,259.6143361406323,804.9175056936577,-3.8469679712075844,-38.649861870943916,-40.5620265271417,-3227.3679178627594
strength_lateral_HX_-1,N548,-32.0,69.75,120.0,-135.3805978251274,229.1970134819015,-19.056803417167604,-640.1314254848063,-51.777957797610604,2110.687382467431
strength_lateral_HX_-1,N549,-32.0,69.75,147.143,135.38059723377228,-240.92005328834057,19.05680352449417,122.8726098537445,51.77795779751614,1563.9481798410416
strength_lateral_HX_-1,N556,224.25,69.75,147.143,-514.520250916481,-761.575421385467,10.142434656620026,164.97220641374588,339.66016060416587,-4756.503333687782
strength_lateral_HX_2,N161,224.25,69.75,120.0,655.6668784115463,995.8281405898742,18.042187684506644,-69.75165990594542,2249.2078115463387,-5268.52472525835
strength_lateral_HX_2,N232,-32.0,69.75,150.143,43.55784797668457,1047.8876589760184,-13.930925987660885,-147.9265325590968,-59.89291848349967,-839.3127858638763
strength_lateral_HX_2,N246,224.25,69.75,150.143,43.1054162979126,2005.4114101454616,-8.730840235948563,-161.47681331634521,-135.72622619720642,-596.1129097938538
strength_lateral_HX_2,N247,-32.0,69.75,116.0,-99.97085571289062,56.40845589339733,-8.139347553253174,497.7835258245468,2285.4384838237893,947.3296127319336
strength_lateral_HX_2,N371,-32.0,69.75,117.5,207.92520332336426,-198.8900432139635,13.325882911682129,475.0498163700104,80.51179336430505,-3671.1864585876465
strength_lateral_HX_2,N372,-32.0,69.75,142.022,6.56379932551027e-12,-2.737952422848553,2.3601042909737476e-13,4.228760332933479e-13,9.070815076680957e-15,-1.7030756853984717e-12
strength_lateral_HX_2,N402,-32.0,69.75,193.643,-374.8196385347536,1296.5025431100062,-7.121745077980881,522.0467715272989,-540.9203834292758,5531.184205649383
strength_lateral_HX_2,N427,224.25,69.75,121.5,-34.76190778799355,-231.1284374339739,1.7805619459832087,75.7851665376802,55.86071466675662,686.4516426622868
strength_lateral_HX_2,N428,224.25,69.75,144.689,2.1675577470818958e-10,-3.830515810424076,5.826566371244335e-12,7.420364716138681e-11,6.254726935266965e-14,-2.0183754912486632e-10
strength_lateral_HX_2,N467,224.25,69.75,193.643,-224.69081542547144,666.4149862710027,-6.271949617840169,-10.700439494404332,-225.28887823159934,-1410.759129709622
strength_lateral_HX_2,N548,-32.0,69.75,120.0,-207.92521051378148,194.5566233777665,-13.325882830336301,-441.735109696841,-80.51179336408863,3151.373423908101
strength_lateral_HX_2,N549,-32.0,69.75,147.143,207.92521119117737,-206.2796631976962,13.325882859528065,80.0306712910533,80.5117933639267,2492.340566635132
strength_lateral_HX_2,N556,224.25,69.75,147.143,-216.01212787628174,-686.6689063645899,11.046176552772522,186.89577609300613,356.5070025547175,-1273.5562431812286
strength_lateral_HX_-2,N161,224.25,69.75,120.0,494.66279038600624,1095.0393605990103,21.14575159898959,-82.37983390840236,2528.9004855150915,-11358.360218071844
strength_lateral_HX_-2,N232,-32.0,69.75,150.143,-24.35991621017456,1266.715752646327,-20.464497327804565,-157.19492149353027,4.9703805283643305,219.88250088691711
strength_lateral_HX_-2,N246,224.25,69.75,150.143,-190.94114589691162,2197.461691506207,-7.320490002632141,-148.7357125878334,-40.830696232267655,4077.597711801529
strength_lateral_HX_-2,N247,-32.0,69.75,116.0,-369.72438049316406,-25.025015980005264,-2.205588161945343,799.475953400135,2544.462928787805,1160.7667016983032
strength_lateral_HX_-2,N371,-32.0,69.75,117.5,111.19906234741211,-245.07723000645638,20.967110335826874,758.6813069581985,42.20001260843128,-2041.7896814346313
strength_lateral_HX_-2,N372,-32.0,69.75,142.022,-2.413689804592428e-12,-2.737952422897183,3.4444756899944607e-13,5.562543131859652e-12,-3.0599567975030816e-14,7.438373568133223e-12
strength_lateral_HX_-2,N402,-32.0,69.75,193.643,270.949246577319,863.6042069403389,-20.51115876963029,1000.2601061232336,205.2696453162632,-912.0103078863305
strength_lateral_HX_-2,N427,224.25,69.75,121.5,-98.81208829116076,-265.4937101661344,1.586326593765989,66.09249972103862,52.34109560528532,1581.562718253117
strength_lateral_HX_-2,N428,224.25,69.75,144.689,-2.3697202935823813e-10,-3.830515810457718,1.3626725238374064e-11,3.448404720182253e-11,9.589700946488487e-14,-9.80279899719299e-12
strength_lateral_HX_-2,N467,224.25,69.75,193.643,421.0493866635336,851.0850121816114,-3.0386407520433627,-47.96633599643069,21.01359070999094,-3832.904180588527
strength_lateral_HX_-2,N548,-32.0,69.75,120.0,-111.1990601833291,240.74381017687466,-20.967110265892398,-706.263530765097,-42.20001260809213,1763.7920354791786
strength_lateral_HX_-2,N549,-32.0,69.75,147.143,111.19905924797058,-252.46684999763966,20.96711039543152,137.15325617790222,42.20001260843128,1254.4840512275696
strength_lateral_HX_-2,N556,224.25,69.75,147.143,-614.0229585170746,-786.5442597232759,9.84118726849556,157.6643497645855,334.04454661894124,-5917.485697031021
lateral_HZ,N161,224.25,69.75,120.0,86.86306465079542,86.63615073944675,4.517163824290037,-20.108490871731192,535.2384692455323,-1702.226834117202
lateral_HZ,N232,-32.0,69.75,150.143,-6.2345330864191055,331.5224494859576,-10.197508662939072,-97.57358312606812,-30.033396121347323,65.34817931056023
lateral_HZ,N246,224.25,69.75,150.143,28.006653293967247,449.5061566568911,11.257732808589935,61.37112772464752,41.42191313600051,-268.0620295703411
lateral_HZ,N247,-32.0,69.75,116.0,-48.28330087661743,-68.62823282182217,3.3214698135852814,370.221591591835,642.947647096822,326.73727226257324
lateral_HZ,N371,-32.0,69.75,117.5,23.627205848693848,-117.11909784376621,9.815314799547195,352.0650572627783,22.803218249697238,-425.4379608631134
lateral_HZ,N372,-32.0,69.75,142.022,3.1913829939096644e-12,-2.2816270191137678,3.0920916232509748e-12,1.7610601517883967e-11,-1.1503568710292053e-16,-5.415965607543812e-12
lateral_HZ,N402,-32.0,69.75,193.643,-60.39372827838616,267.3191662821504,-6.383246681729367,412.7672120069877,-298.61757902206955,-90.43949511933643
lateral_HZ,N427,224.25,69.75,121.5,-7.319400676642545,-50.62809527426725,-1.7646535465028137,-64.6402218779549,-1.2549851391860614,124.66540357505437
lateral_HZ,N428,224.25,69.75,144.689,1.6290341217579054e-11,-3.1920965087014124,-4.563312739902467e-12,9.455857011531227e-11,1.9030303814367465e-15,-3.7202851651740725e-11
lateral_HZ,N467,224.25,69.75,193.643,29.21713919349171,93.9058014251146,0.381212945789833,-146.14850239058484,-21.97831776236665,120.2188743219432
lateral_HZ,N548,-32.0,69.75,120.0,-23.627205607117745,113.50791465915552,-9.815314751705566,-327.52677018336374,-22.803218249744273,366.3699468879752
lateral_HZ,N549,-32.0,69.75,147.143,23.627205550670624,-123.27711449563503,9.81531485915184,61.10968178510666,22.803218249697238,274.94329273700714
lateral_HZ,N556,224.25,69.75,147.143,-45.48309962451458,-159.59251996688545,-10.947484731674194,-120.28598523139954,-8.009403261137777,-391.6464500427246
strength_lateral_HZ_1,N161,224.25,69.75,120.0,580.3569134201389,1039.9626185088418,19.729920375626534,-77.94127518055029,2369.096239848031,-8013.245614983258
strength_lateral_HZ_1,N232,-32.0,69.75,150.143,12.829736799001694,1161.747137092054,-17.987831354141235,-160.65720224380493,-33.280662025368656,-361.68742629885674
strength_lateral_HZ_1,N246,224.25,69.75,150.143,-54.75669011473656,2147.8829174786806,5.237954139709473,-3.2348939180374146,-116.82084949710406,1413.8547255396843
strength_lateral_HZ_1,N247,-32.0,69.75,116.0,-217.7262544631958,7.784807622432709,-4.372148811817169,671.3334714025259,2404.3285573921166,1075.9905524253845
strength_lateral_HZ_1,N371,-32.0,69.75,117.5,164.46563291549683,-232.08349725604057,17.831392854452133,638.5083863735199,64.05384445842355,-2939.7090106010437
strength_lateral_HZ_1,N372,-32.0,69.75,142.022,1.6342302097354312e-12,-2.7379524229312,-6.216379066958677e-13,-2.4859651398123287e-13,3.006448133914451e-15,-1.0982995566935758e-11
strength_lateral_HZ_1,N402,-32.0,69.75,193.643,-80.15631848278167,1113.4594567200909,-13.838206681889943,785.9791880339126,-233.88698496539124,2621.3834962190117
strength_lateral_HZ_1,N427,224.25,69.75,121.5,-63.01374614262022,-261.4561930199852,-0.47790009318850935,-11.245737006887794,54.3630276856486,1084.5423933899729
strength_lateral_HZ_1,N428,224.25,69.75,144.689,8.57869908689657e-11,-3.830515810439389,8.726183123095079e-12,4.211843669561111e-11,1.5337294108176517e-14,-5.511166658430867e-11
strength_lateral_HZ_1,N467,224.25,69.75,193.643,49.57110457704902,749.2786360684355,-3.158402595322113,-104.72127906348189,-148.31074605863822,-2374.524219761378
strength_lateral_HZ_1,N548,-32.0,69.75,120.0,-164.46563388746532,227.75007739321265,-17.831392726688126,-593.9299044797891,-64.05384445784713,2528.5449243496373
strength_lateral_HZ_1,N549,-32.0,69.75,147.143,164.4656339585781,-239.4731171950698,17.83139282464981,109.9324112534523,64.05384445791424,1935.5457771420479
strength_lateral_HZ_1,N556,224.25,69.75,147.143,-391.57037860155106,-774.8100751899183,-2.964776933193207,6.259934186935425,346.94865910016233,-3301.6418403983116
strength_lateral_HZ_-1,N161,224.25,69.75,120.0,569.9727555158315,1050.9048829844687,19.458018863224424,-74.19021851255093,2409.0120527454765,-8613.639343376854
strength_lateral_HZ_-1,N232,-32.0,69.75,150.143,6.3681943863630295,1152.8562737330794,-16.40759187936783,-144.46425160765648,-21.641875983797945,-257.7428579926491
strength_lateral_HZ_-1,N246,224.25,69.75,150.143,-93.0790400840342,2054.9901824742556,-21.289284378290176,-306.97763592004776,-59.73607136774808,2067.6300875656307
strength_lateral_HZ_-1,N247,-32.0,69.75,116.0,-251.96898484230042,23.59863270819187,-5.972787380218506,625.9260057210922,2425.5728504587896,1032.105759859085
strength_lateral_HZ_-1,N371,-32.0,69.75,117.5,154.65863704681396,-211.88377538323402,16.461600303649902,595.2227349281311,58.657961471006274,-2773.267123043537
strength_lateral_HZ_-1,N372,-32.0,69.75,142.022,-4.787043105939416e-13,-2.737952422951653,4.723139261087676e-13,1.185566796462741e-12,1.3621218585332739e-15,3.6087760809892833e-12
strength_lateral_HZ_-1,N402,-32.0,69.75,193.643,-23.714073693071757,1046.6472923489132,-13.794697114259229,736.3276869538362,-101.763753980805,1997.790396058623
strength_lateral_HZ_-1,N427,224.25,69.75,121.5,-70.56025009794394,-235.165953951946,3.8447886500507593,153.1234043063596,53.83878238101261,1183.4719697338878
strength_lateral_HZ_-1,N428,224.25,69.75,144.689,-6.933523911416891e-13,-3.8305158104570944,1.4751230673275052e-11,-2.7493597045949834e-11,7.936576036307983e-14,1.1342515649168824e-12
strength_lateral_HZ_-1,N467,224.25,69.75,193.643,146.78747002732885,768.2213621581326,-6.15218778320795,46.054503208889095,-55.964539510235106,-2869.139096395952
strength_lateral_HZ_-1,N548,-32.0,69.75,120.0,-154.65863647055593,207.55035555677364,-16.46160033754735,-554.0687342253681,-58.657961469919414,2386.620531810631
strength_lateral_HZ_-1,N549,-32.0,69.75,147.143,154.65863640606403,-219.27339538186789,16.46160039305687,107.25151574611664,58.65796147007495,1811.278837531805
strength_lateral_HZ_-1,N556,224.25,69.75,147.143,-438.4647087790072,-698.40308906883,23.852140724658966,338.30019521713257,343.60288876248524,-3889.4001119807363
strength_lateral_HZ_2,N161,224.25,69.75,120.0,585.548992370721,1034.4914861269062,19.8658711402677,-79.81680340738967,2349.1383356119486,-7713.048743177671
strength_lateral_HZ_2,N232,-32.0,69.75,150.143,16.06050807237625,1166.192569166422,-18.77795112133026,-168.753677546978,-39.10005501942942,-413.65971118211746
strength_lateral_HZ_2,N246,224.25,69.75,150.143,-35.59551477432251,2194.329285852611,18.50157344341278,148.63647937774658,-145.36323933835956,1086.967038989067
strength_lateral_HZ_2,N247,-32.0,69.75,116.0,-200.60488891601562,-0.12210515141487122,-3.57182976603508,694.037205144763,2393.7064132245723,1097.932951450348
strength_lateral_HZ_2,N371,-32.0,69.75,117.5,169.369131565094,-242.18335843086243,18.5162892639637,660.1512128263712,66.75178597401828,-3022.929956436157
strength_lateral_HZ_2,N372,-32.0,69.75,142.022,-6.330091429489435e-14,-2.7379524228734673,4.076004675627079e-13,9.360298181648528e-12,4.259649289776909e-14,-1.4923630929840987e-11
strength_lateral_HZ_2,N402,-32.0,69.75,193.643,-108.37744076811305,1146.865539411169,-13.85996148695365,810.8049399049527,-299.94860004451493,2933.18004904903
strength_lateral_HZ_2,N427,224.25,69.75,121.5,-59.24049408524297,-274.6013128681807,-2.639244473539293,-93.43030818458647,54.62515044021552,1035.0776041138452
strength_lateral_HZ_2,N428,224.25,69.75,144.689,8.672507003845491e-11,-3.830515810533817,-1.1108075197051506e-10,1.3603096513197165e-10,-1.1283787892765735e-14,-7.050167835559125e-11
strength_lateral_HZ_2,N467,224.25,69.75,193.643,0.9629201710394794,739.8072731457726,-1.6615100461304044,-180.10917001832243,-194.48385033619314,-2127.2167785226848
strength_lateral_HZ_2,N548,-32.0,69.75,120.0,-169.3691327148369,237.8499386023121,-18.516288964054585,-613.8604904394923,-66.75178597380298,2599.5071221627027
strength_lateral_HZ_2,N549,-32.0,69.75,147.143,169.36913287639618,-249.57297841459513,18.516289114952087,111.27285933494568,66.75178597372724,1997.6792482733727
strength_lateral_HZ_2,N556,224.25,69.75,147.143,-368.1232131123543,-813.0135691724718,-16.37323570251465,-159.7601981163025,348.62154492147965,-3007.762698531151
strength_lateral_HZ_-2,N161,224.25,69.75,120.0,564.780676644179,1056.3760150707094,19.322068146895617,-72.31469032168388,2428.9699614422666,-8913.836199821031
strength_lateral_HZ_-2,N232,-32.0,69.75,150.143,3.1374232172966003,1148.410842500627,-15.617472186684608,-136.36777651309967,-15.822482935152948,-205.77057456970215
strength_lateral_HZ_-2,N246,224.25,69.75,150.143,-112.24021476507187,2008.543815817684,-34.55290353298187,-458.84900522232056,-31.193683087360114,2394.517762839794
strength_lateral_HZ_-2,N247,-32.0,69.75,116.0,-269.0903489589691,31.505545064806938,-6.773106575012207,603.2222738265991,2436.194999387022,1010.1633668541908
strength_lateral_HZ_-2,N371,-32.0,69.75,117.5,149.7551383972168,-201.7839147746563,15.77670431137085,573.5799099206924,55.960019999649376,-2690.0461814403534
strength_lateral_HZ_-2,N372,-32.0,69.75,142.022,1.5876145714685347e-14,-2.737952422846126,8.80412190281686e-13,1.0696947444720868e-12,-9.930144963974508e-14,8.837622137378562e-12
strength_lateral_HZ_-2,N402,-32.0,69.75,193.643,4.507048812113698,1013.2412106551471,-13.772942361928873,711.5019377479375,-35.70213806793695,1685.9938487165266
strength_lateral_HZ_-2,N427,224.25,69.75,121.5,-74.33350199542474,-222.02083473210223,6.006133012473583,235.30797444283962,53.57665983182824,1232.9367567990557
strength_lateral_HZ_-2,N428,224.25,69.75,144.689,7.783678256894783e-12,-3.830515810429672,-4.100064841864187e-11,-1.3781744553755313e-10,8.827367617934022e-14,8.199699668360858e-12
strength_lateral_HZ_-2,N467,224.25,69.75,193.643,195.3956510661642,777.6927253002094,-7.649080353360302,121.44239452687476,-9.791437202133423,-3116.4465317699296
strength_lateral_HZ_-2,N548,-32.0,69.75,120.0,-149.75513784341786,197.4504949388918,-15.77670419459104,-534.1381499455454,-55.96001999843724,2315.6583371098227
strength_lateral_HZ_-2,N549,-32.0,69.75,147.143,149.75513768196106,-209.17353476583958,15.776704207062721,105.91106814146042,55.96001999848522,1749.1453691720963
strength_lateral_HZ_-2,N556,224.25,69.75,147.143,-461.9118733406067,-660.1995969116688,37.26059937477112,504.3203237056732,341.93000425212085,-4183.2792419195175
basic_Dfloor,N161,224.25,69.75,120.0,125.54010404777364,173.39704149273166,3.8056199148122687,-14.447132605913794,457.21721822328794,-1463.063178669283
basic_Dfloor,N232,-32.0,69.75,150.143,5.459498006850481,223.65957750566304,-1.7368818167597055,-13.265320170670748,0.29295456381805707,-117.8979504853487
basic_Dfloor,N246,224.25,69.75,150.143,-23.547298192977905,391.15036007063463,-1.2441359870135784,-10.021559216082096,-44.20966707302432,463.5248170122504
basic_Dfloor,N247,-32.0,69.75,116.0,-44.36118817329407,25.93466405570507,-2.0214308500289917,67.8317808508873,430.22090380004374,228.3984196782112
basic_Dfloor,N371,-32.0,69.75,117.5,37.97895175218582,-27.696463076397777,1.802355632185936,64.50268273055553,9.544604113383684,-678.4750654101372
basic_Dfloor,N372,-32.0,69.75,142.022,-2.0486358295714513e-13,4.0289157595746484e-12,3.322699408467798e-13,-2.6217013546903548e-14,-5.8832292723989734e-15,-3.7967764820477504e-13
basic_Dfloor,N402,-32.0,69.75,193.643,-4.186131640181695,233.73123313209737,-1.750242196410887,86.88257884106649,25.64803977184025,781.6396387606823
basic_Dfloor,N427,224.25,69.75,121.5,-14.295992099359864,-36.249534302674874,0.2797716605637106,11.543800930929137,14.48250955104038,237.66723590387846
basic_Dfloor,N428,224.25,69.75,144.689,5.748802153670279e-12,6.635333452480025e-13,6.654240897954663e-13,4.452098344043778e-12,-1.210220270967277e-14,1.7413532906890623e-12
basic_Dfloor,N467,224.25,69.75,193.643,6.248022895446643,156.19812165749775,-0.8706921354655278,11.625559777183218,-35.91138948716414,-663.2844875790906
basic_Dfloor,N548,-32.0,69.75,120.0,-37.97895174174741,27.696463077127877,-1.8023556473671416,-59.996793611359486,-9.544604113296723,583.527685928227
basic_Dfloor,N549,-32.0,69.75,147.143,37.978951750323176,-27.696463079191744,1.8023556508123875,11.075454238802195,9.544604113310925,447.3350013010204
basic_Dfloor,N556,224.25,69.75,147.143,-88.83596646785736,-105.35155870718881,1.7356358505785465,27.10804446786642,92.42839266042574,-801.1453197672963
basic_Droof,N161,224.25,69.75,120.0,-4.527926157497859,6.249021758732852,1.9738742842018837,-7.856946054758737,230.83596763027904,-343.8978370641271
basic_Droof,N232,-32.0,69.75,150.143,-1.0456958264112473,17.71073294430971,-4.252628304064274,-39.06196069717407,-0.5172926481463946,18.43919748067856
basic_Droof,N246,224.25,69.75,150.143,-8.178055927157402,-21.738435273058712,0.16918643563985825,-44.235634446144104,5.357208309280395,153.51708502322435
basic_Droof,N247,-32.0,69.75,116.0,-10.474400460720062,-23.67324934899807,1.8967327922582626,179.32279703766108,243.47816118580522,-187.18605121970177
basic_Droof,N371,-32.0,69.75,117.5,-2.895613521337509,-18.604430601000786,4.390318289399147,170.1071354225278,-1.4104833884630352,47.206021919846535
basic_Droof,N372,-32.0,69.75,142.022,-7.33322091555849e-14,5.196073569466955e-12,3.604900530084345e-13,1.8596192808810515e-12,-3.903132208127333e-15,5.486130301356637e-13
basic_Droof,N402,-32.0,69.75,193.643,10.92594411244767,12.697371464962414,-3.8908257643430977,197.60830564452746,-1.9742444949404432,-64.84895334158793
basic_Droof,N427,224.25,69.75,121.5,-1.88675909563608,7.188418692298001,0.0437496034137439,6.960606779932277,3.1964964288720807,23.772965823744016
basic_Droof,N428,224.25,69.75,144.689,-1.81493971932011e-12,8.569228540690953e-13,3.166206497558804e-12,5.152394525493087e-12,-3.90058603295591e-15,2.7979508878859576e-12
basic_Droof,N467,224.25,69.75,193.643,29.806916335140464,-0.721039044632776,-0.6018191842942624,-33.99719100313352,-23.662783213266025,-85.92910130679313
basic_Droof,N548,-32.0,69.75,120.0,2.895613613712659,18.604430597218883,-4.390318263246636,-159.13133976271092,1.41048338846699,-39.966987839973626
basic_Droof,N549,-32.0,69.75,147.143,-2.895613621920347,-18.60443060658872,4.390318296849728,39.9649311453104,-1.4104833884630352,-38.628652550280094
basic_Droof,N556,224.25,69.75,147.143,-11.72440965846181,20.8916094629094,0.2714119851589203,36.22210701555014,20.400264610507293,-152.92271034419537
basic_Dsteel,N161,224.25,69.75,120.0,86.19891196886601,85.85826098451798,2.4073388153046835,-10.376016640322632,324.36040974040947,-1658.52584926266
basic_Dsteel,N232,-32.0,69.75,150.143,-8.419608427211642,309.36628531478345,-5.154760628938675,-50.41514740884304,-23.696710515068844,98.88126447983086
basic_Dsteel,N246,224.25,69.75,150.143,17.02353478781879,424.79822626151145,-2.1750728115439415,-46.26460520923138,64.60709276847774,-94.69144367426634
basic_Dsteel,N247,-32.0,69.75,116.0,-54.93026441335678,-37.04807123541832,0.6244177669286728,168.19506283849478,410.0916343294666,491.9809308350086
basic_Dsteel,N371,-32.0,69.75,117.5,21.619320690631866,-88.41480673849583,4.740100368857384,160.31509716808796,21.51576020626817,-389.42304250597954
basic_Dsteel,N372,-32.0,69.75,142.022,-4.071083352748278e-14,-2.2816270191015553,2.5467852588652137e-13,9.966343382028556e-13,5.936913914525275e-15,8.85918624445359e-14
basic_Dsteel,N402,-32.0,69.75,193.643,-43.098550328889694,221.21571356782366,-2.4706661644972163,190.33315730112733,-230.5817195785526,-337.3870848228522
basic_Dsteel,N427,224.25,69.75,121.5,-9.205893428312265,-44.671395045967074,0.3529412052448606,10.583740981455776,-4.713604124859842,150.35722416415229
basic_Dsteel,N428,224.25,69.75,144.689,3.0947902538965976e-12,-3.192096508732302,2.8075745915716146e-14,1.9711969016512352e-12,6.369073166967458e-15,-5.250050406722352e-12
basic_Dsteel,N467,224.25,69.75,193.643,48.01840331085206,104.09820360955987,-0.5138604496920132,-36.76341992169989,47.85756719383833,-41.15945654701398
basic_Dsteel,N548,-32.0,69.75,120.0,-21.61932058417029,84.80362355661464,-4.740100332017903,-148.46484634316906,-21.515760206257696,335.37474096944
basic_Dsteel,N549,-32.0,69.75,147.143,21.619320584461093,-94.57282339036465,4.7401003241539,19.804302915930748,21.515760206239065,251.43847771734
basic_Dsteel,N556,224.25,69.75,147.143,-57.20585422590375,-142.28063814900815,2.189562052488327,9.512034870684147,-30.082552430802025,-532.6028656512499
basic_Dwall,N161,224.25,69.75,120.0,0.6518674061153433,-0.4213482685299823,0.6480589453931316,-2.7159727760408714,70.48855672444566,-39.561119336667616
basic_Dwall,N232,-32.0,69.75,150.143,-0.332896888256073,68.83518165536225,-1.354798797518015,-9.902475267648697,-1.4125662688893499,2.088889628648758
basic_Dwall,N246,224.25,69.75,150.143,-2.1193018071353436,92.4317963863723,-0.27740918286144733,-6.287998504936695,9.788814476731204,45.09388963133097
basic_Dwall,N247,-32.0,69.75,116.0,-4.8992730230093,-69.87514393031597,0.45524850115180016,48.25500284321606,97.42598868765344,-90.9310599192977
basic_Dwall,N371,-32.0,69.75,117.5,-1.358314499258995,-66.30166187696159,1.3232474587857723,45.769448064267635,2.280749097917578,19.211202584207058
basic_Dwall,N372,-32.0,69.75,142.022,1.1320127143486074e-13,3.0395554847587984e-12,2.3774240096819444e-13,8.516384371599315e-13,-1.0131903400690795e-16,7.338216842249068e-13
basic_Dwall,N402,-32.0,69.75,193.643,3.9144098017395232,64.24650480025306,-1.0775516389836441,63.97544941095554,-12.1445632838565,23.625810887687773
basic_Dwall,N427,224.25,69.75,121.5,-0.37743135074560996,-31.18812320276993,0.053720542728115106,1.346733660902828,-0.4263780569976632,5.594092923125572
basic_Dwall,N428,224.25,69.75,144.689,-3.273564127948543e-12,7.560807983312255e-13,-1.3164642294897403e-12,1.8466532942455625e-12,5.676318964584482e-16,-1.3417622620536087e-13
basic_Dwall,N467,224.25,69.75,193.643,6.866316435180715,32.91443870591982,-0.10378506501026008,-8.049542135255896,4.270792405454731,-54.09092845108725
basic_Dwall,N548,-32.0,69.75,120.0,1.358314492785556,66.30166187487494,-1.3232474500510758,-42.46132943944545,-2.280749097922531,-15.815416348745124
basic_Dwall,N549,-32.0,69.75,147.143,-1.3583144936710596,-66.30166187696159,1.3232474587857723,6.544423900544643,2.280749097924854,-21.053313948214054
basic_Dwall,N556,224.25,69.75,147.143,-2.345376143231988,-90.64164425176568,0.33326927945017815,-0.1912135910242796,-2.7211746924876934,-25.38052425161004
basic_HB0.25,N161,224.25,69.75,120.0,22.771666156040737,-10.959915199552597,1.7606343231175288,-6.487099938421352,212.56323944193883,679.3265159191942
basic_HB0.25,N232,-32.0,69.75,150.143,3.3255735039711,-12.33625391771784,0.10933319292962551,2.93992542847991,4.484175526144099,-53.14556046575308
basic_HB0.25,N246,224.25,69.75,150.143,-2.499454729259014,-19.421858946501743,-0.056094689294695854,6.182793729472905,-36.2320560524131,-3.481827713549137
basic_HB0.25,N247,-32.0,69.75,116.0,-5.24876868724823,-4.368405345478095,-1.4358989149332047,1.3660567700862885,163.94630058764596,-761.3505674302578
basic_HB0.25,N371,-32.0,69.75,117.5,5.877740681171417,7.075466129346751,-0.010247424244880676,1.2512256652116776,1.5414724675065372,-107.9470728635788
basic_HB0.25,N372,-32.0,69.75,142.022,-5.320485166946524e-13,2.741320027800467e-13,6.886120681559859e-14,-5.137704226889751e-14,-2.208271251310181e-15,1.3621217870256419e-12
basic_HB0.25,N402,-32.0,69.75,193.643,5.607032666096142,17.09281210519458,-0.4031769403706335,7.477707599146912,55.58868723676268,304.5368814973277
basic_HB0.25,N427,224.25,69.75,121.5,0.40908479361678474,3.300067845754711,0.05003912461575055,2.8925811729952784,9.238374212963578,-2.9860474631132092
basic_HB0.25,N428,224.25,69.75,144.689,1.2128287394232946e-11,5.717846926677443e-13,-1.859636181180319e-13,1.604380019796324e-13,-9.47135615340634e-16,-1.395292418374647e-11
basic_HB0.25,N467,224.25,69.75,193.643,-32.78494643252973,10.027142288667884,-0.32501931655769806,12.143803059613276,-24.217686533770422,-89.67847460977806
basic_HB0.25,N548,-32.0,69.75,120.0,-5.877740700548731,-7.075466129344522,0.01024740796633606,-1.2768442225664882,-1.5414724674840403,93.25272099069522
basic_HB0.25,N549,-32.0,69.75,147.143,5.877740725874901,7.075466129230335,-0.010247413069009781,1.554989654570818,1.5414724674919853,66.28679496794939
basic_HB0.25,N556,224.25,69.75,147.143,2.5420721247792244,9.590945044590626,0.31043065106496215,9.984502230538055,58.95995278238843,46.63091628998518
basic_HB0.5,N161,224.25,69.75,120.0,31.723995700245723,-20.107486613042056,2.985833846991227,-11.060883321717483,351.4534016237376,1206.3358718709205
basic_HB0.5,N232,-32.0,69.75,150.143,4.189705289900303,-9.264578670554329,0.06016243435442448,2.4565025120973587,4.2165573368693,-70.21872401237488
basic_HB0.5,N246,224.25,69.75,150.143,-5.375797748565674,-38.52537854888942,-0.3352420856244862,7.514023587107658,-59.62364149682253,0.12754309177398682
basic_HB0.5,N247,-32.0,69.75,116.0,-1.139837384223938,-4.526565769338049,-2.5539700388908386,3.2423113957047462,311.26124808960594,-763.9020498991013
basic_HB0.5,N371,-32.0,69.75,117.5,8.483817458152771,5.867617787327617,0.06724841892719269,3.1351186707615852,5.883159436576534,-153.35633790493011
basic_HB0.5,N372,-32.0,69.75,142.022,-3.4973383535789197e-13,2.775524664509789e-13,2.06807819859979e-14,-9.547224177445589e-14,-2.932960029292818e-15,7.68379536134558e-13
basic_HB0.5,N402,-32.0,69.75,193.643,5.103760372591537,22.004008089654043,-0.45587133830268717,10.074349034413968,61.8776566541624,363.5500087489369
basic_HB0.5,N427,224.25,69.75,121.5,0.7981471378006972,6.165366931087192,0.1240666940157098,6.05376989269007,14.95760178592542,-6.69577848573681
basic_HB0.5,N428,224.25,69.75,144.689,-2.9156822171248617e-12,-1.1662385147701152e-13,2.342865155657416e-13,1.2263292490092037e-12,-3.02389304091273e-15,-1.381687727953224e-12
basic_HB0.5,N467,224.25,69.75,193.643,-48.743514478427244,20.468689611750747,-0.6619077339968786,20.248632019360095,-46.86362404555209,-183.6374756961387
basic_HB0.5,N548,-32.0,69.75,120.0,-8.48381751830012,-5.867617787256955,-0.06724841372503024,-2.966997681124335,-5.88315943647006,132.14679387087153
basic_HB0.5,N549,-32.0,69.75,147.143,8.483817532658577,5.867617787152994,0.06724840681999922,1.1416740976274014,5.8831594365037745,98.12946510314941
basic_HB0.5,N556,224.25,69.75,147.143,4.959723807871342,17.918327191960998,0.7696798238903284,17.819227502681315,95.4604646560474,85.57431557029486
basic_HB0.75,N161,224.25,69.75,120.0,24.983946602529613,-19.340181691473845,2.6864995032010484,-9.926446300998577,311.7577034111931,1140.036821491114
basic_HB0.75,N232,-32.0,69.75,150.143,3.0249565057456493,-2.043924429512117,-0.030080595053732395,0.5789749589748681,1.7631005279981764,-53.24222128838301
basic_HB0.75,N246,224.25,69.75,150.143,-5.224644538015127,-40.59144086902961,-0.9457460213452578,0.3418722599744797,-53.02067683582209,-2.827412888407707
basic_HB0.75,N247,-32.0,69.75,116.0,3.929089367389679,-1.9309759848983958,-2.363525327295065,3.88850849121809,300.63797922071535,-380.9983111321926
basic_HB0.75,N371,-32.0,69.75,117.5,6.964627385139465,2.09643029992003,0.12263678386807442,3.8242632783949375,7.273563111899421,-124.01854085922241
basic_HB0.75,N372,-32.0,69.75,142.022,-5.929085322970534e-13,9.638162325113437e-14,1.3107514766893855e-14,-1.356170290788399e-14,-7.9543428922929e-15,-3.911765507637587e-13
basic_HB0.75,N402,-32.0,69.75,193.643,1.2823683537966224,15.986145577742176,-0.29206035412715214,7.657591714206799,36.936977283285366,246.48346138452337
basic_HB0.75,N427,224.25,69.75,121.5,0.8635295052954461,6.703511916231946,0.21680977393407375,9.144968598087871,13.210979823046273,-8.06462195405038
basic_HB0.75,N428,224.25,69.75,144.689,4.816668370300617e-12,1.0733501129882439e-12,3.0798016339962087e-13,1.9522944485057953e-12,-1.0177740849129579e-15,-2.6373064500883324e-12
basic_HB0.75,N467,224.25,69.75,193.643,-41.189885962668136,19.638104102749786,-0.7395692499727995,21.65345286063157,-46.0967184309877,-181.16153159842693
basic_HB0.75,N548,-32.0,69.75,120.0,-6.964627381452283,-2.0964302999624636,-0.12263677700140548,-3.5176713515061073,-7.273563111833571,106.60697227482645
basic_HB0.75,N549,-32.0,69.75,147.143,6.964627396315336,2.0964302998036146,0.12263677641749382,0.18894129246473312,7.273563111841213,82.43390894681215
basic_HB0.75,N556,224.25,69.75,147.143,5.366012912243605,19.48233109130524,1.345035506412387,22.242432383820415,84.31340067204655,87.48672942072153
basic_HT0.25,N161,224.25,69.75,120.0,91.55329630557935,54.09184024371643,1.6855530414795794,-7.053142357923207,203.6024062028202,-2222.8543494946516
basic_HT0.25,N232,-32.0,69.75,150.143,-1.1423399969935417,510.7407042030245,-3.973707892000675,-32.69033609330654,-5.94763808821881,-7.903943441808224
basic_HT0.25,N246,224.25,69.75,150.143,-32.37676690123044,261.9990849918686,-0.34556918404996395,-11.505613315850496,13.215003422505106,767.3698960859329
basic_HT0.25,N247,-32.0,69.75,116.0,-74.14750608801842,72.57827992737293,1.6828424483537674,146.66319984197617,204.70690620702226,1808.055364690721
basic_HT0.25,N371,-32.0,69.75,117.5,52.694123685359955,-80.6218400746584,3.847001887857914,139.1300188228488,3.4935826157743577,-960.9376989752054
basic_HT0.25,N372,-32.0,69.75,142.022,3.135194447380263e-13,2.6809149582657702e-11,3.991835576716179e-13,-5.661397598985486e-13,1.5976238031975473e-15,6.615071673513877e-14
basic_HT0.25,N402,-32.0,69.75,193.643,-1.7504415352800222,497.7086366123746,-2.8461663150441563,181.72340545934867,-71.83485438547376,937.1456441351237
basic_HT0.25,N427,224.25,69.75,121.5,-15.681034749888568,-10.708105196303222,0.08265131147345528,1.3744957592825813,0.3755156233264927,225.31480819550416
basic_HT0.25,N428,224.25,69.75,144.689,2.8493936891156077e-13,1.611047413421874e-12,8.923492399947338e-14,1.0137544551367326e-12,1.0745823393112177e-14,1.3443175556307484e-13
basic_HT0.25,N467,224.25,69.75,193.643,78.29335572692969,75.33222878288704,-0.6453539802531398,-23.391285764331357,-19.43730725231121,-424.4726982044468
basic_HT0.25,N548,-32.0,69.75,120.0,-52.694123582359154,80.62184006711571,-3.8470018664929255,-129.51251414546545,-3.4935826157257144,829.2023899860711
basic_HT0.25,N549,-32.0,69.75,147.143,52.694123551249504,-80.62184007279575,3.8470018804073334,25.093342438340187,3.493582615719788,601.0742064267397
basic_HT0.25,N556,224.25,69.75,147.143,-97.44268657523207,-31.12082941015251,0.5127487871795893,-4.621377209201455,2.3965670701290946,-1098.6060092248954
basic_HT0.5,N161,224.25,69.75,120.0,128.74921686593734,58.487924547203875,1.513241835978988,-6.265043439096189,192.11023368726262,-3054.663872061268
basic_HT0.5,N232,-32.0,69.75,150.143,2.623294238001108,341.835577249527,-2.704475298523903,-23.485278822481632,-5.785045381744567,-77.84598206728697
basic_HT0.5,N246,224.25,69.75,150.143,-32.152334451675415,502.9336589020677,-0.5573832467198372,-16.56066331267357,18.91494453296764,758.437237303704
basic_HT0.5,N247,-32.0,69.75,116.0,-63.826442658901215,13.472444269806147,0.5644769705832005,97.38133539631963,203.12470125901746,1206.2947199940681
basic_HT0.5,N371,-32.0,69.75,117.5,43.58268082141876,-19.968062825500965,2.6061169654130936,92.52495259046555,5.906026107433718,-755.7586394101381
basic_HT0.5,N372,-32.0,69.75,142.022,7.796678410197347e-13,-3.658492220772333e-13,-2.1915951146532415e-13,-2.843621274117497e-13,-4.3737337679344433e-16,-4.4220911679418606e-13
basic_HT0.5,N402,-32.0,69.75,193.643,-24.654491375939962,323.78910782724114,-1.9161131225841002,117.30366009062688,-55.60091815587221,714.0426729548007
basic_HT0.5,N427,224.25,69.75,121.5,-20.919596899519092,-8.78691015952063,0.10693167758290656,3.3569147964008152,0.21876292248924756,303.71384604281775
basic_HT0.5,N428,224.25,69.75,144.689,4.345953491429218e-12,6.271396173811022e-12,-9.477568579806165e-13,1.8616788812066245e-12,7.571422094565953e-15,1.0615557260418757e-14
basic_HT0.5,N467,224.25,69.75,193.643,96.59303121409326,163.7735451170415,-0.27617402976398375,-17.694819316110287,11.276239132812632,-720.7861276159239
basic_HT0.5,N548,-32.0,69.75,120.0,-43.58268085876669,19.968062824515574,-2.606116969182009,-86.00966014081585,-5.9060261074263245,646.8019371881336
basic_HT0.5,N549,-32.0,69.75,147.143,43.582680847495794,-19.968062829226255,2.606116984039545,15.271827228367329,5.906026107413709,536.1627692431211
basic_HT0.5,N556,224.25,69.75,147.143,-129.9953578580171,-25.53728480497375,0.6633783206343651,3.8144789449870586,1.3961603289790219,-1446.178854957223
basic_HT0.75,N161,224.25,69.75,120.0,167.30189883327694,190.7963300401825,1.2277614974082098,-4.928657511212805,161.02808914624893,-4436.581504074675
basic_HT0.75,N232,-32.0,69.75,150.143,4.369620390236378,178.454072101973,-1.3606957383453846,-12.38090244680643,-3.291683549922709,-115.26038172468543
basic_HT0.75,N246,224.25,69.75,150.143,-17.29354490712285,738.8002232434228,-0.6602077931165695,-18.87669824808836,15.520443059460376,456.24389731511474
basic_HT0.75,N247,-32.0,69.75,116.0,-52.79162269830704,17.180917447432876,-0.30512621626257896,48.09177856519818,172.1023475028196,858.7951249778271
basic_HT0.75,N371,-32.0,69.75,117.5,34.25136515498161,-19.738692693412304,1.3271943982690573,45.7975185289979,5.801542666871683,-597.9242043197155
basic_HT0.75,N372,-32.0,69.75,142.022,-1.4422147849469492e-13,4.876254772204699e-12,-1.0151070883348654e-14,3.401657905019954e-13,7.022813700256605e-16,6.13052200872933e-13
basic_HT0.75,N402,-32.0,69.75,193.643,-13.097200863081927,145.1842819779206,-1.0962812072598052,55.84426582575329,-19.01973582447,402.09101029379605
basic_HT0.75,N427,224.25,69.75,121.5,-25.110535799263744,-38.60125604204222,0.11952366583136609,5.198012453634874,0.9931152724840899,413.49485387888853
basic_HT0.75,N428,224.25,69.75,144.689,5.544742947879449e-12,7.410364785745674e-12,-2.591265730095336e-13,9.895017613378233e-13,-1.068699814700524e-14,-6.593496538922196e-12
basic_HT0.75,N467,224.25,69.75,193.643,58.408068893729016,250.1104616279939,0.00633546756484378,-9.003606812450716,28.22312945806484,-956.0593218733661
basic_HT0.75,N548,-32.0,69.75,120.0,-34.25136518178387,19.738692691741512,-1.327194390994078,-42.47953254709751,-5.8015426668225,512.2957912650996
basic_HT0.75,N549,-32.0,69.75,147.143,34.251365173608065,-19.738692694343626,1.3271943982690573,6.455495178699493,5.801542666827572,417.3890137709677
basic_HT0.75,N556,224.25,69.75,147.143,-156.03804905712605,-112.18633757159114,0.7414959706366062,13.233033377677202,6.338131387979956,-1431.8072455339134
basic_HX,N161,224.25,69.75,120.0,40.251021965872496,-24.80280500247136,-0.7758909779440728,3.1570434930990814,-69.92316849578924,1522.4588731350377
basic_HX,N232,-32.0,69.75,150.143,16.979441046714783,-54.70702341943979,1.6333928406238556,2.317097246646881,-16.215824753337074,-264.7988215684891
basic_HX,N246,224.25,69.75,150.143,58.511640667915344,-48.01257034478476,-0.35258754598908126,-3.1852751842234284,-23.723882490899996,-1168.427655339241
basic_HX,N247,-32.0,69.75,116.0,67.43838119506836,20.35836797207594,-1.4834399223327637,-75.42310696840286,-64.7561112442636,-53.35927200317383
basic_HX,N371,-32.0,69.75,117.5,24.181535720825195,11.546796699985862,-1.9103068113327026,-70.90787261724472,9.57794518879382,-407.34919357299805
basic_HX,N372,-32.0,69.75,142.022,3.888658869262932e-12,-2.7443202907361954e-12,7.377459469446689e-13,-7.058388410681808e-13,6.456400113875227e-15,-3.239486361450946e-11
basic_HX,N402,-32.0,69.75,193.643,-161.44222127832947,108.22458403986431,3.3473534207106006,-119.55333364892198,-186.54750718582093,1610.7986283814946
basic_HX,N427,224.25,69.75,121.5,16.012545125558972,8.591318182981922,0.04855883803929828,2.423166704049436,0.8799047652766205,-223.77776889735833
basic_HX,N428,224.25,69.75,144.689,1.0094863898100172e-10,1.2697142869491663e-12,6.989294753315365e-14,3.181059224182024e-13,-1.22547151086335e-14,3.1594818707918455e-12
basic_HX,N467,224.25,69.75,193.643,-161.4350505222481,-46.16750646958072,-0.8083272176349647,9.316474125376553,-61.57561723634489,605.5362627162218
basic_HX,N548,-32.0,69.75,120.0,-24.181537555699215,-11.546796698961288,1.9103068339854172,66.13210528601536,-9.577945188844714,346.8953470777467
basic_HX,N549,-32.0,69.75,147.143,24.181538105010986,11.546796700917184,-1.9103069007396698,-14.280646204948425,9.57794518879382,309.4641287326813
basic_HX,N556,224.25,69.75,147.143,99.50270760059357,24.968838340602815,0.3012473107082769,7.307856570230797,5.61561398334743,1160.9823635816574
basic_HZ,N161,224.25,69.75,120.0,5.192078920081258,-5.471132233498793,0.1359507606830448,-1.8755282890051603,-19.95790613708698,300.1968639239785
basic_HZ,N232,-32.0,69.75,150.143,3.2307711839675903,4.445431706029922,-0.7901197299361229,-8.09647524356842,-5.819392999634147,-51.9722840487957
basic_HZ,N246,224.25,69.75,150.143,19.161174952983856,46.4463673629798,13.263619244098663,151.8713709115982,-28.54238905402599,-326.8876805603504
basic_HZ,N247,-32.0,69.75,116.0,17.12136483192444,-7.9069125493988395,0.8003191947937012,22.703732877969742,-10.622146225185134,21.94239628314972
basic_HZ,N371,-32.0,69.75,117.5,4.903498411178589,-10.0998609168455,0.6848961710929871,21.642825722694397,2.6979414876550436,-83.22094357013702
basic_HZ,N372,-32.0,69.75,142.022,-5.582796280259322e-13,2.900128440802455e-13,-1.0027292271088482e-12,3.4864952322326437e-13,-7.306707191233236e-15,2.763107844907428e-12
basic_HZ,N402,-32.0,69.75,193.643,-28.22112229375174,33.406082134934195,-0.021754783512340795,24.825750618012858,-66.06161525595247,311.79654939873194
basic_HZ,N427,224.25,69.75,121.5,3.7732519739074633,-13.145119496199186,-2.161344370339066,-82.1845705921296,0.26212266265292783,-49.46478812932037
basic_HZ,N428,224.25,69.75,144.689,4.570496153793588e-11,1.1940888293302844e-12,-3.129103443765156e-12,4.4295591987054966e-11,-6.985541514029558e-15,-5.910704663820358e-11
basic_HZ,N467,224.25,69.75,193.643,-48.608182744683475,-9.471363029450426,1.4968925806350097,-75.38789114729843,-46.17310324611274,247.30743787374936
basic_HZ,N548,-32.0,69.75,120.0,-4.9034987057240915,10.099860917236114,-0.6848961789875443,-19.93058515281553,-2.697941487709097,70.96219626122797
basic_HZ,N549,-32.0,69.75,147.143,4.90349879860878,-10.099860918009654,0.6848962157964706,1.3404478281736374,2.697941487596836,62.13346970081329
basic_HZ,N556,224.25,69.75,147.143,23.447165101766586,-38.2034929539077,-13.408458769321442,-166.02013027668,1.6728852347005159,293.87913542985916
basic_L125,N161,224.25,69.75,120.0,1307.7094173079822,1806.21918289538,39.64187385106925,-150.49096367682796,4762.679329156366,-15240.241478743264
basic_L125,N232,-32.0,69.75,150.143,56.86977097392082,2329.7872616797686,-18.09251880645752,-138.18041798472404,3.051608813344501,-1228.1036507189274
basic_L125,N246,224.25,69.75,150.143,-245.2843564748764,4074.4829195849597,-12.959749937057495,-104.39124304056168,-460.51736103661824,4828.383521437645
basic_L125,N247,-32.0,69.75,116.0,-462.09571266174316,270.15275168418884,-21.05657196044922,706.5810430049896,4481.467719888315,2379.1501727104187
basic_L125,N371,-32.0,69.75,117.5,395.61407947540283,-288.5048218667507,18.774538278579712,671.9029380083084,99.42295972444117,-7067.448591709137
basic_L125,N372,-32.0,69.75,142.022,-8.374155516310658e-13,3.003730243476126e-11,1.1290267636697172e-12,8.470644747475055e-13,-4.771538167802476e-14,6.216693815526962e-12
basic_L125,N402,-32.0,69.75,193.643,-43.60554361590215,2434.7003446935646,-18.23168926937054,905.026851383537,267.1670670608461,8142.079587489003
basic_L125,N427,224.25,69.75,121.5,-148.91658465052024,-377.59931565844454,2.914288128959015,120.24792626721319,150.8594733947275,2475.700378428679
basic_L125,N428,224.25,69.75,144.689,1.1484713542881294e-10,2.299437318334616e-11,-4.853255201264843e-12,1.2614423319482249e-11,1.2177903231387166e-13,-7.864061687028638e-11
basic_L125,N467,224.25,69.75,193.643,65.08358269000294,1627.0637659201511,-9.06970971964821,121.09958045785238,-374.0769695552615,-6909.213405858468
basic_L125,N548,-32.0,69.75,120.0,-395.6140802975848,288.5048218657719,-18.774537814889044,-624.9665937023443,-99.42295972288092,6078.41338878341
basic_L125,N549,-32.0,69.75,147.143,395.6140803396702,-288.50482189655304,18.774537920951843,115.36931374669075,99.42295972327702,4659.739591747522
basic_L125,N556,224.25,69.75,147.143,-925.3746523857117,-1097.4120698831975,18.079540133476257,282.3754628896713,962.7957498893375,-8345.263765454292
basic_L30,N161,224.25,69.75,120.0,313.8502600932843,433.4926038607082,9.514049738631002,-36.11783134427969,1143.0430410037432,-3657.65795318631
basic_L30,N232,-32.0,69.75,150.143,13.648745022714138,559.1489430889487,-4.342204503715038,-33.16330033540726,0.7323862174816895,-294.7448760420084
basic_L30,N246,224.25,69.75,150.143,-58.86824555695057,977.8759003486484,-3.110339991748333,-25.05389855057001,-110.52416689443635,1158.812045186758
basic_L30,N247,-32.0,69.75,116.0,-110.90297079086304,64.83666034787893,-5.053577035665512,169.57945090532303,1075.55225481675,570.9960436820984
basic_L30,N371,-32.0,69.75,117.5,94.94737887382507,-69.24115736037493,4.505888938903809,161.25670567154884,23.861510311835445,-1696.187662243843
basic_L30,N372,-32.0,69.75,142.022,8.889807384228168e-13,2.6473195818062216e-11,5.025740620866919e-14,1.9727568723199114e-13,-6.88296066380511e-16,-2.552443336750576e-13
basic_L30,N402,-32.0,69.75,193.643,-10.465329993683266,584.3280826768796,-4.375605444658853,217.20644510709258,64.1200972324903,1954.0990990206412
basic_L30,N427,224.25,69.75,121.5,-35.73998030490475,-90.6238357006223,0.6994291526498273,28.85950240488455,36.20627369342424,594.1680906226975
basic_L30,N428,224.25,69.75,144.689,7.55368426747529e-12,8.365318786301836e-12,-6.6536134950360855e-12,2.15063272870115e-12,-2.3167247386055086e-14,-1.7442430862266661e-12
basic_L30,N467,224.25,69.75,193.643,15.620059180699696,390.49530391519585,-2.176730334676675,29.063899326035894,-89.77847290479856,-1658.2112184850585
basic_L30,N548,-32.0,69.75,120.0,-94.94737927797138,69.24115735594162,-4.50588908536334,-149.99198290524285,-23.861510311558806,1458.8192136121668
basic_L30,N549,-32.0,69.75,147.143,94.94737929850817,-69.24115735664964,4.505889102816582,27.688635386526585,23.861510311660822,1118.3375022411346
basic_L30,N556,224.25,69.75,147.143,-222.08991652727127,-263.37889660615474,4.339089646935463,67.77011144161224,231.0709804756334,-2002.8633031249046
basic_L40,N161,224.25,69.75,120.0,418.4670137374196,577.9901388006983,12.685399530309951,-48.157107989522046,1524.0573748200297,-4876.877286467119
basic_L40,N232,-32.0,69.75,150.143,18.198326751589775,745.5319222360849,-5.789605937898159,-44.21773362159729,0.9765143807162531,-392.9931680113077
basic_L40,N246,224.25,69.75,150.143,-78.49099418520927,1303.8345348928124,-4.147120013833046,-33.40519843995571,-147.365553858981,1545.0827321708202
basic_L40,N247,-32.0,69.75,116.0,-147.87062883377075,86.4488809555769,-6.7381027936935425,226.10593101382256,1434.0696595837362,761.3280429840088
basic_L40,N371,-32.0,69.75,117.5,126.59650468826294,-92.32154229283333,6.007852077484131,215.00893759727478,31.815347169991583,-2261.58354640007
basic_L40,N372,-32.0,69.75,142.022,-4.482095826173232e-13,1.4279110710088225e-11,7.662998937716063e-13,1.2437489573359284e-12,-2.0299622246009502e-14,1.3002110668114188e-12
basic_L40,N402,-32.0,69.75,193.643,-13.95377594919894,779.1041100761057,-5.834140468614654,289.6085881143872,85.49345642776956,2605.465473700059
basic_L40,N427,224.25,69.75,121.5,-47.653307203319855,-120.83178097344353,0.9325722020876128,38.47933643985016,48.275031069015085,792.2241228554631
basic_L40,N428,224.25,69.75,144.689,1.7566092674258056e-11,1.904797870703191e-11,1.827277512257098e-12,9.376245938543641e-12,4.342118581782183e-14,-7.221985387795646e-12
basic_L40,N467,224.25,69.75,193.643,20.826750596883663,520.6604046506541,-2.9023070873368613,38.751865524390055,-119.70462859127825,-2210.9482885579264
basic_L40,N548,-32.0,69.75,120.0,-126.5965054279072,92.32154228753227,-6.007852034348498,-199.9893075794011,-31.81534716971269,1945.0922817987077
basic_L40,N549,-32.0,69.75,147.143,126.59650552272797,-92.32154229655862,6.007852032780647,36.918179884552956,31.815347169700544,1491.1166672930121
basic_L40,N556,224.25,69.75,147.143,-296.1198895126581,-351.17186225391924,5.785452850162983,90.36014822125435,308.094637301343,-2670.4844123125076
basic_L75patch,N161,224.25,69.75,120.0,477.15965169935953,934.9050119338208,14.336513667891268,-54.186190710024675,1722.8184693815208,-5910.5340795101365
basic_L75patch,N232,-32.0,69.75,150.143,20.9573308005929,764.8092801533639,-5.908844776451588,-45.1881969422102,1.5955336830229498,-450.4996970295906
basic_L75patch,N246,224.25,69.75,150.143,-84.5324396789074,1617.7648032549769,-5.618601530790329,-46.50597679615021,-172.2356185055105,1670.151643395424
basic_L75patch,N247,-32.0,69.75,116.0,-156.36202359199524,88.5573056936264,-8.197848677635193,231.6083007454872,1630.6669247292448,688.294273853302
basic_L75patch,N371,-32.0,69.75,117.5,137.09368586540222,-93.56055001169443,6.189994037151337,220.3588759303093,37.22957097226754,-2445.827637195587
basic_L75patch,N372,-32.0,69.75,142.022,1.6010210158036905e-13,-5.962939500457888e-12,-3.354589737291748e-13,-3.802484366073732e-13,-2.1743740850106992e-14,-3.2194736848524517e-12
basic_L75patch,N402,-32.0,69.75,193.643,-13.328073706802327,799.3576725105365,-6.1826613524430085,295.6236723618342,111.24177483407232,2792.270210073493
basic_L75patch,N427,224.25,69.75,121.5,-53.475815283483826,-203.3315021203016,1.2074152996065095,49.88561581415706,55.92143334242883,925.0509566527326
basic_L75patch,N428,224.25,69.75,144.689,8.040353549350428e-12,9.865641492206823e-12,7.94196459181288e-12,2.331285909967079e-11,5.8681240499052985e-15,3.4072413242070318e-12
basic_L75patch,N467,224.25,69.75,193.643,4.7889122435933995,634.6974006955023,-3.3164795843511206,55.579344851254156,-131.17138069950693,-2469.325382288324
basic_L75patch,N548,-32.0,69.75,120.0,-137.09368651058318,93.56055002172324,-6.189994085450762,-204.8838907540679,-37.22957097218905,2103.093420029322
basic_L75patch,N549,-32.0,69.75,147.143,137.09368655830622,-93.56055002659559,6.189994089305401,36.86888152360916,37.229570972325746,1618.0405136942863
basic_L75patch,N556,224.25,69.75,147.143,-332.301228299737,-590.9397484604269,7.490513101220131,117.39909267425537,356.8945134053938,-2772.890296369791
basic_P200,N161,224.25,69.75,120.0,10.19398014091712,-0.2132932222607451,0.37132709726029134,-1.4066216891465047,44.34321899135552,-40.29807797922513
basic_P200,N232,-32.0,69.75,150.143,0.5713978004641831,14.814151381549891,-0.11857018596492708,-0.8730716567952186,0.08908842044365883,-11.615413925610483
basic_P200,N246,224.25,69.75,150.143,-2.032533720135689,24.825471370422747,-0.07514971937052906,-0.2686411668546498,-4.923203964013737,35.01078060083091
basic_P200,N247,-32.0,69.75,116.0,-3.0324882194399834,0.6767103086458519,-0.23868819046765566,4.727491315454245,41.67374708439456,-8.280905567109585
basic_P200,N371,-32.0,69.75,117.5,2.9168946519494057,-0.8499428790528327,0.12623661756515503,4.501116411760449,0.9512404740817146,-51.44112005829811
basic_P200,N372,-32.0,69.75,142.022,2.3999077441019058e-14,2.0983062717904746e-13,-9.158509092027471e-16,4.5826481735571383e-14,-5.886050013100493e-16,-5.6072415898291345e-14
basic_P200,N402,-32.0,69.75,193.643,-0.8737134614281858,16.382991784596495,-0.12966214365404719,6.2054823380783635,3.16256481937631,66.1446397895139
basic_P200,N427,224.25,69.75,121.5,-1.0521655307966284,0.5146644809074132,0.019898541597285657,0.8620644684619947,1.4928807158039774,15.567698696229854
basic_P200,N428,224.25,69.75,144.689,5.149257569372997e-13,4.140255327944756e-13,-2.3817653431785004e-14,2.9406292203227845e-14,1.793044822811873e-16,8.365706038083834e-13
basic_P200,N467,224.25,69.75,193.643,-0.15316562936112263,11.76780067619243,-0.07883776205644918,1.2438204070600112,-3.8919553648368974,-61.24250167064445
basic_P200,N548,-32.0,69.75,120.0,-2.9168946648216787,0.8499428788300585,-0.12623661732122124,-4.18552487096865,-0.9512404740735683,44.14888338106502
basic_P200,N549,-32.0,69.75,147.143,2.9168946663849056,-0.8499428790528327,0.12623661779798567,0.7590843671932817,0.9512404740726197,35.02438852889463
basic_P200,N556,224.25,69.75,147.143,-6.538206035271287,1.495762809587177,0.12344574928283691,2.1825205406639725,9.527669531940774,-70.92080634925514
basic_R20,N161,224.25,69.75,120.0,-8.944041939888848,12.594349359191256,4.05619075888535,-16.091397712909384,475.0027039529195,-687.5645565842133
basic_R20,N232,-32.0,69.75,150.143,-2.1154152899980545,39.041075460612774,-8.859370067715645,-81.00122144818306,-1.1456689865735825,36.990284860134125
basic_R20,N246,224.25,69.75,150.143,-16.280230529606342,-50.40423787385225,-0.30383238196372986,-92.18555669486523,10.863993060338544,305.51613119244576
basic_R20,N247,-32.0,69.75,116.0,-21.04607391357422,-50.753114730119705,4.020080894231796,372.28019319474697,500.1595415363554,-374.3107632100582
basic_R20,N371,-32.0,69.75,117.5,-5.826228737831116,-40.538969442248344,9.140630543231964,353.14096987247467,-2.7705411798669957,94.82070142030716
basic_R20,N372,-32.0,69.75,142.022,2.8894736572569176e-13,1.2997595390419111e-11,2.5919878602952387e-12,3.4648342703282834e-12,7.258494486288632e-15,-7.163470878871579e-13
basic_R20,N402,-32.0,69.75,193.643,21.917342067135202,28.51936379064567,-8.132094651535677,411.08467096073076,-2.4950272340788624,-129.89432771726428
basic_R20,N427,224.25,69.75,121.5,-3.7753509456524625,16.759699810500024,0.19207434402778745,17.28822492834297,6.654595669994137,47.555242882532184
basic_R20,N428,224.25,69.75,144.689,-9.942435509068314e-12,7.333945414648294e-12,-1.8759218779798262e-11,3.61834350657731e-12,6.335309567217213e-15,2.210775065992393e-12
basic_R20,N467,224.25,69.75,193.643,59.5302070829067,-3.926667804931344,-1.3052620013889389,-63.709749495773316,-47.10910348925921,-168.41878345623516
basic_R20,N548,-32.0,69.75,120.0,5.826229022946503,40.538969438290955,-9.140630446638198,-330.28939381122177,2.7705411799220188,-80.2551287161702
basic_R20,N549,-32.0,69.75,147.143,-5.82622904330492,-40.538969442248344,9.140630528330803,82.1852616071701,-2.7705411798960995,-77.88620586693287
basic_R20,N556,224.25,69.75,147.143,-23.460208147764206,48.70850156992674,1.1915828734636307,76.69621512293816,42.47009673391585,-306.0796037763357
basic_U20,N161,224.25,69.75,120.0,8.944041939888848,-12.594349359191256,-4.05619075888535,16.091397712909384,-475.0027039529195,687.5645565842133
basic_U20,N232,-32.0,69.75,150.143,2.1154152899980545,-39.041075460612774,8.859370067715645,81.00122144818306,1.1456689865735825,-36.990284860134125
basic_U20,N246,224.25,69.75,150.143,16.280230529606342,50.40423787385225,0.30383238196372986,92.18555669486523,-10.863993060338544,-305.51613119244576
basic_U20,N247,-32.0,69.75,116.0,21.04607391357422,50.753114730119705,-4.020080894231796,-372.28019319474697,-500.1595415363554,374.3107632100582
basic_U20,N371,-32.0,69.75,117.5,5.826228737831116,40.538969442248344,-9.140630543231964,-353.14096987247467,2.7705411798669957,-94.82070142030716
basic_U20,N372,-32.0,69.75,142.022,-2.8894736572569176e-13,-1.2997595390419111e-11,-2.5919878602952387e-12,-3.4648342703282834e-12,-7.258494486288632e-15,7.163470878871579e-13
basic_U20,N402,-32.0,69.75,193.643,-21.917342067135202,-28.51936379064567,8.132094651535677,-411.08467096073076,2.4950272340788624,129.89432771726428
basic_U20,N427,224.25,69.75,121.5,3.7753509456524625,-16.759699810500024,-0.19207434402778745,-17.28822492834297,-6.654595669994137,-47.555242882532184
basic_U20,N428,224.25,69.75,144.689,9.942435509068314e-12,-7.333945414648294e-12,1.8759218779798262e-11,-3.61834350657731e-12,-6.335309567217213e-15,-2.210775065992393e-12
basic_U20,N467,224.25,69.75,193.643,-59.5302070829067,3.926667804931344,1.3052620013889389,63.709749495773316,47.10910348925921,168.41878345623516
basic_U20,N548,-32.0,69.75,120.0,-5.826229022946503,-40.538969438290955,9.140630446638198,330.28939381122177,-2.7705411799220188,80.2551287161702
basic_U20,N549,-32.0,69.75,147.143,5.82622904330492,40.538969442248344,-9.140630528330803,-82.1852616071701,2.7705411798960995,77.88620586693287
basic_U20,N556,224.25,69.75,147.143,23.460208147764206,-48.70850156992674,-1.1915828734636307,-76.69621512293816,-42.47009673391585,306.0796037763357
