case,node,CAD_x_in,CAD_y_in,CAD_z_in,FX_lb,FY_lb,FZ_lb,MX_lb_in,MY_lb_in,MZ_lb_in
service40,N5,-32.0,0.0,115.0,-48.47260953337303,8756.902736070135,41.466052077503264,-3877.1151371011365,-545.6850100650586,-368.95534318227055
service40,N6,-32.0,0.0,130.311,6.699597411563646e-13,-4.284703844535158,1.575389728544185e-12,5.373334194829734e-12,1.908121013159734e-14,9.33722085817058e-12
service40,N7,-32.0,0.0,153.373,-139.3983911764808,302.46881349233445,-135.2298552745924,1576.4085977202049,-1255.564107302751,-2751.672094597714
service40,N15,-32.0,185.0,115.0,374.98989910300344,4480.041281016307,-473.3987518964814,16005.851040365402,4030.7232047703915,10403.472339453496
service40,N16,-32.0,185.0,116.0,456.68781996938185,-286.38047198847346,-214.314808044135,-10620.281754577309,352.47037527454256,-71872.8231327592
service40,N17,-32.0,185.0,143.183,-3.7924671631141256e-10,-6.232814608970535,-1.006448768435135e-11,-9.19333241291174e-12,-3.705777206198808e-14,1.127634768862755e-09
service40,N18,-32.0,185.0,171.82,-7.113977211661628e-11,-6.395091802957098,-5.307961993968147e-10,3.387756311002692e-10,-2.9411794521643143e-15,1.2153352150417651e-11
service40,N19,-32.0,185.0,200.457,1.5030803818601987e-11,-6.060114361862202,7.9625414363664e-11,-2.365136515281487e-10,-5.411007504829303e-15,-7.723946850055909e-11
service40,N20,-32.0,185.0,226.093,2.91716368496418,149.65513211488724,-5.982299506664276,142.68573416769505,-37.7456467859447,81.17432716826443
service40,N28,-32.0,253.0,115.0,-1.8226062305576016,10.56241540694347,37.05319325259606,42.210666789267854,25.90892633062172,83.45059592914679
service40,N32,-32.0,253.0,226.093,0.20387911424040794,6.665491149760783,-6.982251912355423,126.13287606136873,-13.059384934604168,-6.466087768043508
service40,N77,-32.0,-63.0,115.0,54.47196674472179,-727.7736898652257,2589.3645587206215,3885.7453965158907,715.2370660244252,-296.5968720255192
service40,N79,-32.0,-63.0,117.0,18.028139832096713,-849.377173007214,-2539.8787514107535,-2759.650083263521,335.36315415709396,-328.40260645547096
service40,N126,-32.0,69.75,115.0,53.64796695957663,184.02528809613918,-12.834048912886315,-1069.3154672834487,-1588.2592309488878,1249.5890664603971
service40,N148,-32.0,249.0,115.0,-216.874234018324,365.2531330860916,1107.109599940528,2198.8313148775046,4224.166145506518,9638.791829673151
service40,N149,-32.0,252.0,115.0,1.332592979940058,245.89396252548784,-9.164252158655021,-521.0560227736754,-67.83539772340906,-155.61171099988312
service40,N232,-32.0,69.75,150.143,-11.74420829151859,-1407.8876145146787,27.14804542713682,237.86385819947463,25.502769930302236,354.49148058689025
service40,N247,-32.0,69.75,116.0,229.93386080372625,-143.34307544676187,14.597101524317697,-5.509345300572894,-1527.1866446021158,-2132.51654284762
service40,N368,-32.0,-0.0,117.5,-97.713590695907,-1578.3328700670966,-311.3107502214915,-3411.686166940083,-855.5874551269693,959.9584389448067
service40,N369,-32.0,-0.0,134.148,-5.1960445573238345e-12,-0.928681599147112,-4.674719282544637e-12,8.409352203169838e-12,-1.1398682021935752e-14,6.868347246604175e-12
service40,N370,-32.0,-0.0,150.796,97.71359059329157,1553.7663821851863,311.3107500901354,-6953.716571063863,855.587455127027,2293.513275557066
service40,N371,-32.0,69.75,117.5,-176.1146201400843,330.44990629015956,-27.404503958518035,-1008.8442667470008,-60.975436048772735,3168.2437210926146
service40,N372,-32.0,69.75,142.022,0.0,-2.2816270189359784,0.0,-1.4551915228366852e-11,5.684341886080802e-14,0.0
service40,N380,-32.0,185.0,117.5,-514.1459282466737,-2367.1362549749674,396.4662146667536,19476.102978324267,203.63856246889338,40771.504823254276
service40,N381,-32.0,185.0,144.148,-1.0575233382699965e-09,-1.4865467643550956,-4.378096249026095e-12,-2.4120368811942623e-11,-2.436862074482705e-14,-7.249247986115189e-11
service40,N382,-32.0,185.0,170.797,3.4738587723636698e-09,-1.486546764341163,1.8482953896126568e-09,8.038647237960509e-10,5.711014856204307e-14,-2.7326524950669695e-09
service40,N383,-32.0,185.0,197.445,-1.4123812621123801e-11,-1.0097804336367056,-1.0760606312547695e-12,3.946691479988915e-12,7.22076918582049e-15,5.4336359366701685e-11
service40,N384,-32.0,185.0,207.0,163.60279655456543,-1783.224940776825,327.85513111948967,12678.132680654526,2605.3580770492554,2189.356369931251
service40,N385,-32.0,185.0,224.093,351.8882557928707,3980.9968949014333,-721.6257632986128,15768.477704413299,-2774.021867441384,9088.0260961763
service40,N402,-32.0,69.75,193.643,24.48076394200325,-1358.7820732593536,23.155521154403687,-1239.4927442073822,136.05406377860345,-2878.600557386875
service40,N548,-32.0,69.75,120.0,176.11462038435275,-334.0610894912388,27.404504059617466,940.3330066599301,60.97543604894463,-2727.9571710922755
service40,N549,-32.0,69.75,147.143,-176.1146203843491,336.2414895645343,-27.40450405961019,-196.49255296966294,-60.97543604894463,-2052.321969999939
service40,N601,-32.0,120.0,222.655,100.69739947041755,-98.04123924733791,-38.947904783943464,-649.6835320496989,-326.32960404103716,-2118.9850741382033
service40,N608,-32.0,150.0,226.093,-571.18533454088,-141.23116346156277,-182.376271815386,3582.889947651311,-585.39338998342,-6476.431321270985
service40,N625,-32.0,235.0,226.093,-128.08163017337202,-128.171434722103,24.654755462436327,-2183.592001725578,1509.4992508296893,-5758.463866366593
service40,N629,-32.0,249.0,226.093,-23.712124414213978,554.8096335687286,-229.83069789733943,12474.460679122429,93.17145237171609,-2568.9034913436353
service40,N630,-32.0,250.411,226.093,-3.910058137951394e-09,-1.8780671442743928,2.9916646371430757e-09,1.3728153314838804e-09,8.186380044410197e-10,-6.270520014234774e-13
service40,N631,-32.0,252.0,226.093,-1.3308234214782715,-216.06888434290886,9.09998893737793,-522.4978141784668,67.74532159045339,8.2803715467453
service_patches,N5,-32.0,0.0,115.0,-51.711327244987785,8800.601424108518,41.94692543285419,-3910.9038170977315,-568.8381796599779,-346.4459262978262
service_patches,N6,-32.0,0.0,130.311,9.995347963979687e-13,-4.284703844520077,2.5174270014664204e-12,-5.827238908621286e-12,3.9131492988043206e-15,2.8257739236696856e-13
service_patches,N7,-32.0,0.0,153.373,-139.6440060515888,304.44899639248615,-131.14300197434204,1564.5079939296702,-1280.3185560335405,-2741.6237537609995
service_patches,N15,-32.0,185.0,115.0,411.0570790488812,4622.775997387227,-506.50405037570386,15993.287395216728,4411.62764555483,11223.290211038577
service_patches,N16,-32.0,185.0,116.0,498.5868630618018,-407.79724776291084,-215.11400898524246,-10630.608281616012,434.94754861356694,-77758.71254105419
service_patches,N17,-32.0,185.0,143.183,1.4739876088192662e-10,-6.232814608955984,-4.205376046910374e-11,-2.340482915825465e-11,3.9250923070438085e-14,3.464448408913051e-09
service_patches,N18,-32.0,185.0,171.82,4.484771243934964e-09,-6.395091802948865,2.8728078851999606e-10,-4.493524000939941e-10,6.041313191620682e-14,2.778802894128306e-09
service_patches,N19,-32.0,185.0,200.457,4.190286785644039e-11,-6.06011436188251,2.7344019267568355e-11,-6.228867796638985e-11,-1.4303935208620796e-14,-1.8854690204264601e-10
service_patches,N20,-32.0,185.0,226.093,3.1391730308532715,150.08214408159256,-6.012306585907936,143.20852021872997,-40.527078572660685,86.5286118282238
service_patches,N28,-32.0,253.0,115.0,-1.8156509334428739,12.327105285792342,38.79561653194954,46.79467326730436,28.7289638457074,88.41460802771894
service_patches,N32,-32.0,253.0,226.093,0.19588193856179714,7.980442748405039,-7.169506512582302,128.28030493855476,-14.085645855404437,-9.928491793551075
service_patches,N77,-32.0,-63.0,115.0,55.709616944575416,-728.8862873887252,2597.012569572933,3883.728764749723,723.4535157725813,-288.99269884227914
service_patches,N79,-32.0,-63.0,117.0,18.268656669402844,-853.6001117943333,-2547.1282002220105,-2763.38100328212,322.10206675052905,-325.2502581111312
service_patches,N126,-32.0,69.75,115.0,52.63996789717895,183.6010805166401,-12.195336753602781,-1074.2422651282536,-1689.269318054652,1387.2061004076097
service_patches,N148,-32.0,249.0,115.0,-244.25485676561718,373.3683405830428,1154.0596775638016,1948.0711283721964,4909.620931620363,10474.419052874053
service_patches,N149,-32.0,252.0,115.0,1.297173403298208,269.991862347799,-9.410427822981244,-536.4634397780897,-73.16650374058555,-162.42693263238118
service_patches,N232,-32.0,69.75,150.143,-14.503212175648514,-1427.164980700938,27.267284612345975,238.8343223904085,24.883748127114927,411.998010102081
service_patches,N247,-32.0,69.75,116.0,239.43325042846365,-145.02728839334102,15.418134738589549,-5.446220626639712,-1622.7738819431731,-2196.0918734768907
service_patches,N368,-32.0,-0.0,117.5,-97.23751986710175,-1580.9049428339993,-313.2654535422569,-3442.744193586741,-861.9120420682451,962.8333220844972
service_patches,N369,-32.0,-0.0,134.148,-2.4139111183188376e-12,-0.928681599148091,-4.3801641777031024e-12,-1.4215491997209076e-13,-1.1169949764048728e-14,1.2816787415671242e-12
service_patches,N370,-32.0,-0.0,150.796,97.23751972679278,1556.338454955446,313.26545347077354,-6987.742346881255,861.9120420682503,2274.7871386030515
service_patches,N371,-32.0,69.75,117.5,-186.61180263597635,331.6889178865822,-27.586646451527486,-1014.1942195867741,-66.3896594782268,3352.487827338802
service_patches,N372,-32.0,69.75,142.022,-4.547473508864641e-13,-2.2816270189359784,3.637978807091713e-12,0.0,-5.684341886080802e-14,1.8189894035458565e-12
service_patches,N380,-32.0,185.0,117.5,-554.6444588294685,-2376.535695524673,396.8263638709898,19495.05878108448,205.74315652673877,44121.05377445839
service_patches,N381,-32.0,185.0,144.148,1.106212218150656e-09,-1.486546764361275,-5.16036710204321e-13,-1.734289944213604e-11,6.6579415013114355e-16,2.882783505066638e-09
service_patches,N382,-32.0,185.0,170.797,-8.741305136027855e-10,-1.486546764360933,4.5417001173970237e-10,-1.1141375066711327e-10,-7.837029306463216e-14,-2.2111411098726043e-09
service_patches,N383,-32.0,185.0,197.445,1.097228137117721e-11,-1.0097804336152876,1.361931996317198e-11,-9.214800866316416e-11,1.6817028589661438e-14,2.8926318903669675e-11
service_patches,N384,-32.0,185.0,207.0,177.43474578857422,-1783.91104221344,331.14168679714203,12697.618973255157,2810.4206504821777,2331.0367481298745
service_patches,N385,-32.0,185.0,224.093,378.6685621398654,3991.054493930636,-725.2454471071039,15824.300407406588,-2978.436240064792,9680.335937492857
service_patches,N402,-32.0,69.75,193.643,23.85505022108555,-1379.0356367975473,23.504042387008667,-1245.5078523159027,110.30571680399589,-3065.405259847641
service_patches,N548,-32.0,69.75,120.0,186.61180228943704,-335.3001011100132,27.58664649579441,945.2276032895243,66.38965947857719,-2885.958322538674
service_patches,N549,-32.0,69.75,147.143,-186.61180228938974,337.48050118330866,-27.586646495765308,-196.44325745405513,-66.3896594785773,-2179.245827002316
service_patches,N601,-32.0,120.0,222.655,119.41689925179695,-103.75763331438259,-48.15030352932976,-668.3541815159772,-296.18279878712184,-2196.644825020415
service_patches,N608,-32.0,150.0,226.093,-618.4170446921431,-143.77968798007953,-197.95772434575662,3643.7103622583395,-608.9265183941567,-6730.359443914951
service_patches,N625,-32.0,235.0,226.093,-162.5390584412304,-129.09883527588508,35.1735152005743,-2198.665117753341,1569.399426090277,-5891.222201457364
service_patches,N629,-32.0,249.0,226.093,-4.266057080457787,531.1151017218325,-236.87329386747558,12122.486508452323,52.5364258056132,-3049.635005131852
service_patches,N630,-32.0,250.411,226.093,1.0547481491147632e-09,-1.8780671443852859,2.3012424578346724e-09,2.416192803969738e-09,-2.571244315409109e-09,-4.9470956272702886e-12
service_patches,N631,-32.0,252.0,226.093,-1.2954509556293488,-240.13478545099497,9.344437599182129,-535.1248445510864,73.06934862304479,18.984612971544266
typical30,N5,-32.0,0.0,115.0,20.646211662757167,5064.3033470607115,28.019449311992503,-2599.3369414584713,-480.27765053177586,-560.8776632955035
typical30,N6,-32.0,0.0,130.311,-2.1285251776587246e-12,-4.284703844521774,8.426421812091356e-13,1.9324184203437609e-13,-8.13957711512155e-15,-2.708649955786646e-12
typical30,N7,-32.0,0.0,153.373,-144.07345884029928,86.22098810743773,-96.32937500379921,1717.828735678282,-1289.506264662341,-2750.077683806092
typical30,N15,-32.0,185.0,115.0,312.9230549535915,2962.79267236112,-336.8167340711897,9477.657794971889,3418.881808636478,8523.940836191268
typical30,N16,-32.0,185.0,116.0,385.3366318719043,-771.4073993182122,-128.3727745684231,-6235.221158104501,471.8518337834962,-58786.634990412815
typical30,N17,-32.0,185.0,143.183,6.195027776615916e-09,-6.232814608998196,-1.8063670597110438e-11,-8.578174346919811e-12,-2.205960600333618e-15,6.471970271018989e-10
typical30,N18,-32.0,185.0,171.82,1.656765151960732e-09,-6.39509180297927,3.035885000342247e-11,1.756284124996858e-10,-2.0455582969735435e-14,-2.1364682435557024e-10
typical30,N19,-32.0,185.0,200.457,-5.569368674177186e-11,-6.060114361878107,-2.989951624436568e-11,-4.1202083104186595e-11,-2.7881269634793463e-14,-1.2824966940221854e-10
typical30,N20,-32.0,185.0,226.093,2.4018726348876953,67.36512222886086,-3.1265437975525856,76.84326322376728,-30.321850508451462,69.346906746272
typical30,N28,-32.0,253.0,115.0,-1.0518365244532295,7.915137388431619,24.088420959978293,32.41493589874551,22.072034751299064,70.33755536297906
typical30,N32,-32.0,253.0,226.093,0.22931435517966747,4.538033124059439,-4.388851958326995,65.11846947367303,-9.774769022129476,2.3214004137553275
typical30,N77,-32.0,-63.0,115.0,29.549127253897232,-401.8822957252352,1584.3664595265286,1909.549489730065,270.473455484022,-279.20240835355304
typical30,N79,-32.0,-63.0,117.0,8.05009894275554,-671.4212657302535,-1556.8582052281854,-883.281202621627,198.00718215718916,-181.0504943358178
typical30,N126,-32.0,69.75,115.0,37.56510221443534,137.10623891921122,-6.33980094214531,-636.7837338855539,-1156.3249943314186,918.7801273283628
typical30,N148,-32.0,249.0,115.0,-188.86037095037037,226.8597651624937,710.2507342006206,1405.2740119874265,3977.028766095881,7848.460011858067
typical30,N149,-32.0,252.0,115.0,1.4470142898795553,140.41891298439438,-5.760896770256686,-330.3881920162209,-50.77488119740095,-141.2063085860335
typical30,N232,-32.0,69.75,150.143,-9.310041627943548,-1182.4635633822763,16.841274074977264,145.80820345456596,24.60122769207038,293.2334712151023
typical30,N247,-32.0,69.75,116.0,188.00299237362535,-125.56491609912005,10.438409229292022,-2.7401634801558923,-1100.4439623536286,-1969.6035292356808
typical30,N368,-32.0,-0.0,117.5,-106.76754515694098,-739.9674438597739,-210.11420795384296,-2678.0148813101864,-701.8095195543191,1080.4250401459628
typical30,N369,-32.0,-0.0,134.148,7.682974920954919e-13,-0.9286815991301145,-1.515319081528544e-12,-2.6852347048435e-12,2.805286847670321e-15,6.58823549236246e-12
typical30,N370,-32.0,-0.0,150.796,106.76754511825672,715.4009559785319,210.11420789995384,-4317.947787583542,701.809519554411,2474.5071432720933
typical30,N371,-32.0,69.75,117.5,-150.29172305078828,266.83055325131863,-16.761910765853827,-601.9510705333087,-55.79214006251675,2697.668541825027
typical30,N372,-32.0,69.75,142.022,0.0,-2.2816270190523937,-3.637978807091713e-12,-7.275957614183426e-12,-2.842170943040401e-14,1.3642420526593924e-12
typical30,N380,-32.0,185.0,117.5,-425.2550499046547,-1083.37824323525,233.5301421673366,11433.289394157113,97.81031937043049,33406.32720879442
typical30,N381,-32.0,185.0,144.148,-2.201516077142632e-09,-1.4865467643316979,7.473878185961654e-12,-1.0895767695703781e-11,1.4017665263533558e-14,1.187927686161348e-09
typical30,N382,-32.0,185.0,170.797,7.208983427725542e-10,-1.4865467643456345,1.692371341210753e-10,2.531040016424798e-10,6.493171088528002e-14,-9.84287711650049e-10
typical30,N383,-32.0,185.0,197.445,4.9145175184606925e-11,-1.0097804336133138,2.6189694447467437e-11,6.991352577216671e-11,1.747528611265519e-14,-7.28010759600595e-11
typical30,N384,-32.0,185.0,207.0,136.64826011657715,-1100.9838333129883,144.80549190938473,7460.467940330505,2159.609176635742,1835.8159745037556
typical30,N385,-32.0,185.0,224.093,289.73029283898876,2042.7837391323626,-377.1450622615,8515.069946633917,-2228.4285344808645,7785.637648560486
typical30,N402,-32.0,69.75,193.643,42.909653414040804,-1135.4866811037064,13.5648912191391,-756.0059396028519,154.9323799101403,-2357.12848094292
typical30,N548,-32.0,69.75,120.0,150.29172332308372,-270.441736441222,16.76191081662182,560.046293457388,55.792140062755834,-2321.939233816578
typical30,N549,-32.0,69.75,147.143,-150.2917233230769,272.6221365145175,-16.76191081656725,-105.07774816182791,-55.79214006275578,-1757.4290123417677
typical30,N601,-32.0,120.0,222.655,29.815076133031415,-83.38626674387281,-2.0195148257134314,-1034.4039027168792,-596.2578392845552,-2401.6556988984776
typical30,N608,-32.0,150.0,226.093,-429.82881757931574,-132.75072008340922,-137.1254613898075,2730.1535538123258,-474.42571696193244,-5653.976476035822
typical30,N625,-32.0,235.0,226.093,-168.3922925614546,-128.60864502924835,42.55246197135577,-1990.6807696619435,1113.4670749014392,-5451.877911101022
typical30,N629,-32.0,249.0,226.093,33.253971545611904,205.6336109910889,-143.13310134297365,6091.248869978276,-120.39126963850288,-1473.666239231164
typical30,N630,-32.0,250.411,226.093,-2.668252458497589e-10,-0.4889045392362421,1.688610069627143e-09,1.1626772614230831e-09,-4.942308098872421e-10,-2.254122926199318e-13
typical30,N631,-32.0,252.0,226.093,-1.4450928568840027,-110.7338912570849,5.720498561859131,-325.6217429637909,50.70745909400284,-18.707067787647247
storage125_sensitivity,N5,-32.0,0.0,115.0,-87.01174111449886,12279.634308905144,68.84054722397195,-6323.720171270181,-1210.849704961599,-210.57356017944392
storage125_sensitivity,N6,-32.0,0.0,130.311,7.414752984170304e-13,-4.284703844545815,8.618394973716053e-12,6.747706349778856e-13,-1.3974784093688698e-13,-4.3890264452195716e-13
storage125_sensitivity,N7,-32.0,0.0,153.373,-185.23382676907931,315.87605122162495,-124.35426271397228,1317.458083160338,-1778.1839182554977,-2766.6659366815875
storage125_sensitivity,N15,-32.0,185.0,115.0,973.2103547680056,7638.505337361965,-873.0517670266697,22744.217368013793,10681.747940004992,26752.316352830232
storage125_sensitivity,N16,-32.0,185.0,116.0,1082.3137112222107,-2711.7816577267827,-321.1828490777705,-15396.69192032436,1655.4189335843334,-177686.22234353234
storage125_sensitivity,N17,-32.0,185.0,143.183,1.566173934228033e-08,-6.232814608914438,-9.499151379176217e-11,-8.961516965671853e-12,1.9572992785059482e-14,4.393323783943392e-09
storage125_sensitivity,N18,-32.0,185.0,171.82,2.43876128926241e-09,-6.39509180305862,2.5561606794776223e-09,-7.663307759941153e-10,-6.567954057664458e-14,-3.74287436195063e-09
storage125_sensitivity,N19,-32.0,185.0,200.457,-1.777662809812124e-11,-6.060114361862503,3.658583387371035e-11,-3.066946740950932e-10,1.0722862402150012e-13,-3.157849252873203e-10
storage125_sensitivity,N20,-32.0,185.0,226.093,6.825969099998474,199.01903104782104,-7.4607262052595615,186.7360831052065,-88.55895268917084,169.96561507647857
storage125_sensitivity,N28,-32.0,253.0,115.0,-1.8595720408792196,15.62695338984971,60.16607780770692,66.9542497759022,66.6372524129407,193.8289692519102
storage125_sensitivity,N32,-32.0,253.0,226.093,0.11922409385442734,11.122602071613073,-10.137909891083837,167.30855034431443,-26.753226280212402,-62.831120069662575
storage125_sensitivity,N77,-32.0,-63.0,115.0,73.85551058542603,-1015.3304638648573,3843.6326598781247,4820.754397631756,636.0953789928689,-204.38001412350246
storage125_sensitivity,N79,-32.0,-63.0,117.0,18.707714567848598,-1583.1669068030806,-3771.3305003292917,-2462.9691256482038,-10.62822835847328,-311.21308277860044
storage125_sensitivity,N126,-32.0,69.75,115.0,76.12090784885282,191.92689558526322,-12.06436884533792,-1547.0368475123626,-3145.8159679120527,3025.433713531071
storage125_sensitivity,N148,-32.0,249.0,115.0,-601.4718919605655,499.600146704692,1749.9324249419462,3349.847110942144,12955.481883754052,24703.90919337776
storage125_sensitivity,N149,-32.0,252.0,115.0,1.0013929489662914,343.3618243305433,-13.304992913358202,-753.3595267268024,-138.97174611182845,-293.7681050533148
storage125_sensitivity,N232,-32.0,69.75,150.143,-50.41565217911193,-2992.1429655232932,39.450958702364005,331.82654352346435,23.42767172784579,1189.6019620602674
storage125_sensitivity,N247,-32.0,69.75,116.0,521.6859928174732,-334.9485511082715,28.14588876485973,-7.493418117760869,-3017.028052514062,-5548.656364520585
storage125_sensitivity,N368,-32.0,-0.0,117.5,-129.8777517523258,-1771.9174687047243,-462.12518259771707,-5732.347296434005,-1106.2052878617033,1879.0006309110463
storage125_sensitivity,N369,-32.0,-0.0,134.148,-2.4988225195944327e-12,-0.9286815991308542,-3.736335870959341e-12,-3.2435832789455187e-12,2.0383748344933026e-14,3.992799304751734e-12
storage125_sensitivity,N370,-32.0,-0.0,150.796,129.8777517337508,1747.350980827941,462.1251824465815,-9654.572781479654,1106.20528786204,2445.4089911256674
storage125_sensitivity,N371,-32.0,69.75,117.5,-445.1321966215037,526.633190906141,-40.1711904387339,-1465.7382870662695,-128.5830479571041,7974.108782615629
storage125_sensitivity,N372,-32.0,69.75,142.022,1.8189894035458565e-12,-2.2816270189359784,-7.275957614183426e-12,0.0,-1.1368683772161603e-13,-2.7284841053187847e-12
storage125_sensitivity,N380,-32.0,185.0,117.5,-1214.9994580369237,-2666.050414896031,577.7019636313552,28230.468682891187,174.60508428840015,99438.5917479349
storage125_sensitivity,N381,-32.0,185.0,144.148,4.007826371704763e-09,-1.486546764310124,7.344216793246358e-11,9.915923611756135e-12,-4.3156442584541964e-13,3.4834607312827334e-09
storage125_sensitivity,N382,-32.0,185.0,170.797,1.878936123175605e-08,-1.4865467642680195,1.1700698513108307e-09,5.538382330160668e-10,-4.653099988947378e-13,-6.130726582195463e-09
storage125_sensitivity,N383,-32.0,185.0,197.445,1.340215934461355e-10,-1.009780433621988,-7.730103020461445e-11,-7.853562883902394e-11,4.4814260093816946e-14,-9.133743233087352e-11
storage125_sensitivity,N384,-32.0,185.0,207.0,394.850830078125,-2683.6736240386963,324.93351298570633,18281.79465150833,6419.996692657471,4560.018508799374
storage125_sensitivity,N385,-32.0,185.0,224.093,823.3950341633816,5143.686730046921,-899.9639173607088,20725.456188954697,-6508.418646847416,18855.625025963487
storage125_sensitivity,N402,-32.0,69.75,193.643,54.132513910532,-3014.378308147192,35.55307054519653,-1854.9110407829285,-45.61958955053706,-8415.214611828327
storage125_sensitivity,N548,-32.0,69.75,120.0,445.13219620403834,-530.244374205824,40.17119037407974,1365.3103111133823,128.58304795810864,-6861.2782943247585
storage125_sensitivity,N549,-32.0,69.75,147.143,-445.1321962042457,532.4247742793523,-40.17119037400698,-274.94369078907766,-128.5830479581084,-5220.944907247675
storage125_sensitivity,N601,-32.0,120.0,222.655,200.9969483969924,-129.61610709896823,-95.45241415799723,-550.7279888927909,278.1526972532075,-2913.8982058668935
storage125_sensitivity,N608,-32.0,150.0,226.093,-1239.2480507732037,-181.29404709245674,-384.6875073170803,5251.322592417134,-2274.90558441902,-10714.74959745378
storage125_sensitivity,N625,-32.0,235.0,226.093,-538.2915743126957,-135.2517164807958,136.79907974905151,-2422.1698463282696,3471.822627859312,-7422.91276923064
storage125_sensitivity,N629,-32.0,249.0,226.093,137.44789144256845,456.3556888686978,-325.20546936263594,15715.904734824087,-1091.9892664076733,-11377.448167635273
storage125_sensitivity,N630,-32.0,250.411,226.093,4.360277348795198e-09,-1.878067149359558,2.5976162991567485e-09,4.585774673332572e-10,-2.3822826741449415e-09,1.912106428073241e-12
storage125_sensitivity,N631,-32.0,252.0,226.093,-1.000063180923462,-313.40732213668525,13.211692810058594,-761.7055358886719,138.7872106283903,182.61878430843353
live_only,N5,-32.0,0.0,115.0,-18.136026016650064,1657.7559983098063,12.882117310640751,-1151.3435484041906,-313.01896822052765,74.5320908329785
live_only,N6,-32.0,0.0,130.311,9.57205191386727e-14,-1.1239362656581304e-12,1.3374660993351127e-12,7.18668621167101e-13,-7.198332359112193e-14,9.309206999226385e-13
live_only,N7,-32.0,0.0,153.373,-21.569621908216504,6.309322933971998,5.11800291819236,-121.85904459854646,-245.93906934720872,-7.05586909098929
live_only,N15,-32.0,185.0,115.0,281.51550989331355,1486.3359978870915,-188.0719699356315,3170.995724524251,3129.8942304843927,7693.573403879036
live_only,N16,-32.0,185.0,116.0,294.4121768482778,-1141.3652747127205,-50.29084245936726,-2247.7223183581686,613.1524204340255,-49794.54067611735
live_only,N17,-32.0,185.0,143.183,1.3238171161699603e-10,4.69024237376776e-12,-5.318669293974009e-11,3.288855613915363e-12,3.601546794252328e-14,3.6525787800495677e-09
live_only,N18,-32.0,185.0,171.82,1.0070900261607866e-09,-6.934499133898511e-12,9.06505428907243e-11,-3.996089062137119e-12,1.6042440144177167e-13,-6.946173915950533e-10
live_only,N19,-32.0,185.0,200.457,1.2638089785797563e-11,1.9772501422193646e-12,6.278216416283078e-12,-1.049647529092814e-11,-3.9362008920640145e-16,1.7608246448584528e-10
live_only,N20,-32.0,185.0,226.093,1.8394375443458557,23.230068281292915,-0.6957309450954199,20.729575362056494,-23.91214506328106,41.78413586539682
live_only,N28,-32.0,253.0,115.0,-0.017396387594715942,2.3833108196552857,10.876651355008455,11.644035129832547,19.166270187796936,51.94276313693182
live_only,N32,-32.0,253.0,226.093,-0.0398376677185297,2.0974632780998945,-1.4850154102314264,19.376786396373063,-6.44416016805917,-26.52472187960666
live_only,N77,-32.0,-63.0,115.0,9.121647675012776,-135.32082080013296,590.243770928743,440.00416191708433,-37.24368608021377,43.39622481046799
live_only,N79,-32.0,-63.0,117.0,0.3197861422717949,-345.3127868078602,-579.5066575042874,139.61452794924844,-162.81982167159663,8.089400903939236
live_only,N126,-32.0,69.75,115.0,10.575505188640674,3.718401090406564,0.362203494010742,-224.81004685898677,-732.9678486141837,835.6916196684749
live_only,N148,-32.0,249.0,115.0,-180.98713093252832,63.22210698207797,302.5048475333693,541.6545209879323,4108.854228488297,7089.4669951320575
live_only,N149,-32.0,252.0,115.0,-0.15585886579013097,45.86721450847014,-1.948583719943347,-109.31928810065432,-33.47592625644124,-65.01477300403634
live_only,N232,-32.0,69.75,150.143,-18.198326743146026,-745.5319222321559,5.789605942358321,44.21773360462976,-0.9765143806472452,392.9931680231275
live_only,N247,-32.0,69.75,116.0,137.29512356889745,-90.16728197861326,6.375899047341255,-0.9336807873416404,-701.1018110165918,-1607.5951726917053
live_only,N368,-32.0,-0.0,117.5,-15.13609029753262,-91.09864009385336,-70.97149649963694,-1092.0758053699917,-117.93781680779314,432.49079047648524
live_only,N369,-32.0,-0.0,134.148,1.3868407933051388e-12,-3.6710696194839645e-12,-5.178454577081575e-13,7.551842431535493e-13,3.0905612660484975e-14,-2.195693823475554e-12
live_only,N370,-32.0,-0.0,150.796,15.136090313755806,91.09864009362003,70.97149646641451,-1270.9911419925636,117.93781680785074,71.48047223789932
live_only,N371,-32.0,69.75,117.5,-126.59650620011962,92.32154228625586,-6.007852020713472,-215.00893768579408,-31.815347169550023,2261.583544791967
live_only,N372,-32.0,69.75,142.022,-9.094947017729282e-13,0.0,9.094947017729282e-13,0.0,-2.842170943040401e-14,0.0
live_only,N380,-32.0,185.0,117.5,-329.8134284740433,-140.66546796488842,85.28740724621788,4119.701301422457,-13.66274703408724,27608.04100359985
live_only,N381,-32.0,185.0,144.148,7.328710627122071e-10,1.6277083285886542e-11,1.3782150622505003e-11,-5.839368673272409e-12,-9.398068171158155e-14,8.090508254642909e-10
live_only,N382,-32.0,185.0,170.797,4.9186751742624936e-09,6.858609358914774e-12,3.5771035607720953e-10,2.216613453577615e-10,1.524382777995212e-14,-1.0224183857805274e-09
live_only,N383,-32.0,185.0,197.445,-5.830113002949762e-11,3.7678371892560893e-13,1.1569662102693921e-11,-6.700440543009648e-12,1.6512160203384156e-14,5.222773435085437e-11
live_only,N384,-32.0,185.0,207.0,108.82260513305664,-423.7405345439911,-1.3748875185847282,2637.017252922058,1795.1240720748901,1115.6057659387589
live_only,N385,-32.0,185.0,224.093,221.88554832734033,547.1481169577024,-83.92382403734543,2332.6955411296844,-1757.3632727103027,4596.517189304177
live_only,N402,-32.0,69.75,193.643,13.953775763511658,-779.1041100732982,5.8341405391693115,-289.6085880994797,-85.49345642945264,-2605.465473741293
live_only,N548,-32.0,69.75,120.0,126.59650551324012,-92.3215422903013,6.007852030797949,199.9893075579712,31.81534716965109,-1945.0922818582621
live_only,N549,-32.0,69.75,147.143,-126.59650551324012,92.32154229027219,-6.007852030794311,-36.91817988598996,-31.815347169651204,-1491.1166672875152
live_only,N601,-32.0,120.0,222.655,47.19983164644288,-14.85877388012046,-26.590379443349022,46.567316721697544,284.4624012974508,-374.07683045207125
live_only,N608,-32.0,150.0,226.093,-314.38253623421394,-18.85312427272279,-95.20531668510756,785.144755809633,-795.0643354301537,-1994.5027817713587
live_only,N625,-32.0,235.0,226.093,-193.03980324564708,-3.3318931627853186,52.77373908208422,-112.27192264432503,923.446669609209,-783.2700528942154
live_only,N629,-32.0,249.0,226.093,75.83986605194714,-46.33124226380185,-44.882244642178144,1525.385634803367,-557.7224730315867,-4145.197560258429
live_only,N630,-32.0,250.411,226.093,-3.5576837595010384e-10,4.068910768557763e-11,4.368447201674859e-10,4.65587976470513e-10,-6.810837126133932e-10,-5.464909193291559e-12
live_only,N631,-32.0,252.0,226.093,0.15565192699432373,-45.806309113046154,1.9349193572998047,-112.56833076477051,33.43147480394691,82.04160884022713
machine200,N5,-32.0,0.0,115.0,15.957374897547453,5513.108154057867,31.53458475352454,-2911.865760310225,-568.0066849418064,-544.763433325312
machine200,N6,-32.0,0.0,130.311,2.6439123922370145e-12,-4.284703844523388,3.244389273096851e-12,6.239499676010512e-12,-1.8244211960818082e-14,1.384668355365651e-12
machine200,N7,-32.0,0.0,153.373,-150.16088375238178,87.90695617510937,-94.72921818277973,1683.5388963166624,-1359.6282039843209,-2750.7147951369698
machine200,N15,-32.0,185.0,115.0,391.9480894761323,3367.7975888067053,-387.96903128376215,10339.141606766369,4298.754206609881,10673.83842756936
machine200,N16,-32.0,185.0,116.0,468.11480899981996,-1083.6016328255203,-142.11918375737898,-6846.1876603518795,647.4092167755348,-72730.27410055365
machine200,N17,-32.0,185.0,143.183,-8.177096913244322e-10,-6.2328146090118075,-3.093673214195316e-11,-7.058580231080511e-12,-7.59058647504677e-14,4.928730872769684e-09
machine200,N18,-32.0,185.0,171.82,4.254621195538444e-09,-6.395091802971586,4.247678421451462e-10,-9.015091306908435e-11,-2.1773492861355286e-14,4.753344130345688e-10
machine200,N19,-32.0,185.0,200.457,-2.396585961756542e-11,-6.060114361890409,3.162475850915188e-11,-1.2375768534511523e-10,-6.5860362232252774e-15,1.201944652572809e-10
machine200,N20,-32.0,185.0,226.093,2.9169088900089264,73.66178026795387,-3.3128292206674814,82.43859250098467,-37.02481576055288,81.04108639189508
machine200,N28,-32.0,253.0,115.0,-1.047857753402539,8.513591883294435,27.02678927764078,35.51206874930407,27.48671739819878,84.93740032773438
machine200,N32,-32.0,253.0,226.093,0.2182098887860775,5.077840430662036,-4.787604143843055,70.33591899415478,-11.575675262138247,-5.108872942953894
machine200,N77,-32.0,-63.0,115.0,31.93121781779947,-438.6047503877585,1744.6544430370327,2028.8052879301433,256.2943293341721,-267.1673385543301
machine200,N79,-32.0,-63.0,117.0,8.107078589515368,-765.1575012374916,-1714.180755457448,-845.5145960338705,151.565653144904,-178.43949706268768
machine200,N126,-32.0,69.75,115.0,40.26536176418517,138.1296536395133,-6.193085204678841,-697.6413404382329,-1360.8802012904976,1159.722482304804
machine200,N148,-32.0,249.0,115.0,-239.95485810345403,244.48244915614228,791.6831662451974,1565.1785565381285,5139.122727188027,9833.722235097024
machine200,N149,-32.0,252.0,115.0,1.4036464641635327,152.40025525772404,-6.28410546338891,-359.66332183531296,-60.13019683252673,-159.45134612784574
machine200,N232,-32.0,69.75,150.143,-14.431021296114523,-1383.660693737329,18.407245705340756,157.7357086854463,24.268011493492168,403.09717939887196
machine200,N247,-32.0,69.75,116.0,225.30288108403775,-148.8772630637529,12.214907021686994,-2.989812447942514,-1296.0799036950211,-2395.2972370254015
machine200,N368,-32.0,-0.0,117.5,-110.92490403995517,-764.7159137342192,-229.26656660863287,-2972.610665600714,-732.8062945806059,1200.2029329902812
machine200,N369,-32.0,-0.0,134.148,-2.930296466192436e-12,-0.9286815991281009,-1.2898807826387526e-12,3.7859939199457e-12,-2.897921721349633e-15,1.0165237645445772e-12
machine200,N370,-32.0,-0.0,150.796,110.92490402385484,740.1494258535583,229.26656656915304,-4661.048935908409,732.806294580621,2493.1526726163647
machine200,N371,-32.0,69.75,117.5,-184.85774495679652,290.7608812706312,-18.390110602776986,-660.2044188618092,-64.69721754105478,3314.505548135843
machine200,N372,-32.0,69.75,142.022,-9.094947017729282e-13,-2.2816270189359784,3.637978807091713e-12,7.275957614183426e-12,0.0,6.821210263296962e-13
machine200,N380,-32.0,185.0,117.5,-517.6270346817608,-1121.277180547478,256.7226086877926,12553.07115348055,93.5997883360537,41139.37966326233
machine200,N381,-32.0,185.0,144.148,-2.7931679109750587e-10,-1.4865467643231243,1.5549688283894123e-11,-4.068792901553442e-12,-1.261584155258108e-13,2.3054721271903893e-09
machine200,N382,-32.0,185.0,170.797,3.0263490453904596e-09,-1.4865467643544714,6.002358669304149e-10,6.005266975817726e-10,-1.3320786542569175e-13,-1.6402074465522104e-09
machine200,N383,-32.0,185.0,197.445,5.445250427749601e-11,-1.0097804336128464,-2.1292631171779776e-11,1.1154278792277328e-12,1.442691405293275e-14,-4.678715819236036e-11
machine200,N384,-32.0,185.0,207.0,167.14375495910645,-1216.0804743766785,144.07809123396873,8176.390953302383,2663.1976289749146,2148.187321085483
machine200,N385,-32.0,185.0,224.093,351.8575096641828,2191.091721378616,-399.61610898704856,9145.074745714008,-2721.0461987875947,9072.01516437216
machine200,N402,-32.0,69.75,193.643,47.271814584732056,-1346.6457016468048,15.153088331222534,-834.6135649681091,130.39645998312335,-3074.6395103782415
machine200,N548,-32.0,69.75,120.0,184.85774440973182,-294.37206447392236,18.390110385509615,614.2291431068734,64.6972175415774,-2852.361188169103
machine200,N549,-32.0,69.75,147.143,-184.85774440968453,296.55246454733424,-18.390110385473236,-115.06637691274227,-64.69721754157734,-2165.2325683428985
machine200,N601,-32.0,120.0,222.655,42.388814174045876,-87.40589893170751,-9.151380110839186,-1023.9753038322144,-517.8233954368751,-2509.218340438379
machine200,N608,-32.0,150.0,226.093,-517.3039170175795,-137.99083836386833,-163.55492441161852,2946.3893426395985,-700.4844634688951,-6210.257647461943
machine200,N625,-32.0,235.0,226.093,-223.1825455906709,-129.5271699063904,57.574638455007104,-2020.4855060198295,1372.4631897881327,-5668.488558238453
machine200,N629,-32.0,249.0,226.093,55.140163415128924,193.29795570457415,-155.00126444588267,6513.7114988500925,-285.4019473047159,-2637.9866244802074
machine200,N630,-32.0,250.411,226.093,2.634880209492491e-09,-0.4889045400699812,9.197031467199001e-10,2.385733732388599e-10,-1.813959838513512e-09,-6.274879162027468e-12
machine200,N631,-32.0,252.0,226.093,-1.401782602071762,-122.69932394847274,6.240038633346558,-355.9249258041382,60.05035214871168,4.275318205356598
uplift20_sensitivity,N5,-32.0,0.0,115.0,85.13379671800124,-985.5686178610242,0.7886454656756996,-51.55525439411974,-160.155775061874,-543.3559315272357
uplift20_sensitivity,N6,-32.0,0.0,130.311,4.594664279199343e-13,-2.5708223067121097,-1.1670550001127836e-14,-2.1658212972610444e-13,-8.041312300315445e-15,-1.7946235552237525e-12
uplift20_sensitivity,N7,-32.0,0.0,153.373,-86.80522320335149,-165.7770565477622,-19.920655448717298,1196.4892144439946,-758.4584975539474,-1647.0409611987998
uplift20_sensitivity,N15,-32.0,185.0,115.0,69.38388669962913,-36.840234370456486,-27.893595786824623,-1475.7979092188316,813.5091064161606,1696.1180416660493
uplift20_sensitivity,N16,-32.0,185.0,116.0,100.96835005911927,-719.5983231300823,18.97653823392469,1093.472479680786,279.86224570078065,-12226.884582805797
uplift20_sensitivity,N17,-32.0,185.0,143.183,5.285444542239139e-10,-3.7396887654104294,1.0290840544803532e-11,1.261636535734634e-12,1.8257540875628187e-14,9.649596751554981e-11
uplift20_sensitivity,N18,-32.0,185.0,171.82,-1.0741332289254623e-10,-3.8370550817872573,-5.2211536759611955e-12,-3.613397389048108e-11,3.3387598149597456e-14,-2.199433250667374e-10
uplift20_sensitivity,N19,-32.0,185.0,200.457,-5.707863551241907e-12,-3.6360686171298657,4.3632503581433504e-13,-1.0379943397317458e-12,1.820892509159514e-14,-6.757313616540695e-13
uplift20_sensitivity,N20,-32.0,185.0,226.093,0.5579447895288467,-46.51695204153657,1.1189753571525216,-23.8824294898659,-5.986886214464903,21.423896746324317
uplift20_sensitivity,N28,-32.0,253.0,115.0,0.1431463176289579,1.6251410176917376,-0.6870503787815248,7.324419516063483,5.573074341658759,18.700939202739416
uplift20_sensitivity,N32,-32.0,253.0,226.093,0.17099137150216848,0.17586845840560272,0.257091976236552,-25.818683763645822,-1.2914129578566644,15.485271963447303
uplift20_sensitivity,N77,-32.0,-63.0,115.0,-9.017716915299065,111.82619371103846,-172.4270146524981,-918.4671115460249,-275.0314465543071,-158.80616044704132
uplift20_sensitivity,N79,-32.0,-63.0,117.0,-5.211955344363105,-155.83426776437727,164.8069991096936,1318.477217962567,14.011887194659721,37.1041918048777
uplift20_sensitivity,N126,-32.0,69.75,115.0,4.341105002686712,34.60100801197183,2.617927631897938,95.42351810838223,-115.26715961406128,53.3208343964814
uplift20_sensitivity,N148,-32.0,249.0,115.0,-49.10493126940859,-14.9219480173922,-31.209412087887486,-58.7237662194459,1317.3088009799958,1500.8507932187629
uplift20_sensitivity,N149,-32.0,252.0,115.0,1.0138016297693757,-30.39716001587598,0.3365342230802004,14.298781421756184,-6.709224307798676,-57.315427489402346
uplift20_sensitivity,N232,-32.0,69.75,150.143,0.48780667795654153,-334.9476942500769,-1.3599284034862649,-13.414279821638047,14.054500157363321,36.08344218859929
uplift20_sensitivity,N247,-32.0,69.75,116.0,43.411898845769066,-39.52733311240791,0.8291724743122568,1.3118201694351788,-93.30330179913796,-697.3300339001973
uplift20_sensitivity,N368,-32.0,-0.0,117.5,-70.08728022790444,412.60468138863735,-10.677681975939754,-654.7224581760131,-243.72022954528546,682.2238676984152
uplift20_sensitivity,N369,-32.0,-0.0,134.148,2.5647348108306337e-12,-0.5572089594699461,-1.845321795508584e-14,1.940032708569252e-13,-4.2470792271293893e-16,-1.2974365025457761e-12
uplift20_sensitivity,N370,-32.0,-0.0,150.796,70.08728027211411,-427.34457411986784,10.67768199850998,299.1983590445192,243.7202295453111,1651.4022150902047
uplift20_sensitivity,N371,-32.0,69.75,117.5,-39.03283514168288,78.0146670054528,1.7870175048760757,88.72435518209204,-21.92891916145335,695.7092253056617
uplift20_sensitivity,N372,-32.0,69.75,142.022,-9.094947017729282e-13,-1.3689762114663608,0.0,0.0,7.105427357601002e-15,0.0
uplift20_sensitivity,N380,-32.0,185.0,117.5,-100.2994674095099,661.8641790634396,-39.87547270261608,-2006.7804192997687,-44.409431124696226,7157.010623075684
uplift20_sensitivity,N381,-32.0,185.0,144.148,-2.7576343185595674e-10,-0.8919280586157686,2.616537840524581e-12,1.3883011834200097e-12,1.2205776642835083e-14,8.134387286947065e-11
uplift20_sensitivity,N382,-32.0,185.0,170.797,6.990751293833169e-10,-0.8919280586175031,-2.435082337355438e-10,-9.901339557071309e-11,-6.0997043653119654e-15,-3.534457248310612e-10
uplift20_sensitivity,N383,-32.0,185.0,197.445,9.586242380440484e-13,-0.6058682601715991,-1.0706995940957777e-11,5.27002911170188e-13,1.2622408128009655e-15,-7.1683619106994025e-12
uplift20_sensitivity,N384,-32.0,185.0,207.0,33.269898414611816,106.3989377617836,-95.8913751617074,-1268.7875751256943,490.99181056022644,524.8280929313041
uplift20_sensitivity,N385,-32.0,185.0,224.093,67.3031091565166,-821.9725774706624,134.9784414544348,-2610.9051199115092,-439.9912218915526,2449.6907517207856
uplift20_sensitivity,N402,-32.0,69.75,193.643,41.38393984735012,-302.1757952142507,-2.6185232847929,87.80498126149178,128.93646811664803,-371.7119692862034
uplift20_sensitivity,N548,-32.0,69.75,120.0,39.032835223319125,-80.18137691396987,-1.7870175232642396,-84.25681138266623,21.92891916148703,-598.1271373258642
uplift20_sensitivity,N549,-32.0,69.75,147.143,-39.03283522330457,81.48961695813341,1.7870175232565089,35.75179474871402,-21.928919161487045,-461.34110914049234
uplift20_sensitivity,N601,-32.0,120.0,222.655,-62.43320119512955,-32.40504509030047,41.03473522892417,-1014.6761739538996,-684.5752656483455,-1648.8487495334005
uplift20_sensitivity,N608,-32.0,150.0,226.093,-53.664350659675506,-67.39936658807285,-17.98343349402142,628.3267706585688,-14.674653519813704,-2171.030559342164
uplift20_sensitivity,N625,-32.0,235.0,226.093,-102.73789685073433,-76.93601431588745,32.874371722200465,-979.0428415960948,87.35913288597934,-2807.8867628629173
uplift20_sensitivity,N629,-32.0,249.0,226.093,61.7503558215243,-216.5295805336483,9.794185433939496,-3033.5394024871034,-174.25275287557662,1040.0769509461295
uplift20_sensitivity,N630,-32.0,250.411,226.093,-1.0097033547526614e-10,1.095819884280596,-3.6786657212653124e-10,-1.215336962451624e-10,8.193062299129426e-11,2.318795675017156e-12
uplift20_sensitivity,N631,-32.0,252.0,226.093,-1.012455441057682,48.05593550205231,-0.33417433500289917,24.016700088977814,6.7003153750411,-54.61999868787825
strength_screen,N5,-32.0,0.0,115.0,-25.39404854192199,8946.591239245065,48.52325920984731,-4474.177861938045,-826.0684119705029,-498.2220372585807
strength_screen,N6,-32.0,0.0,130.311,-3.982946902071297e-12,-5.141644613431756,2.7244982233489404e-12,5.795021666563868e-12,-2.7825279482174468e-14,2.9780991113612323e-12
strength_screen,N7,-32.0,0.0,153.373,-183.34614362657885,218.38532048813067,-125.56352011208946,1901.5745390190277,-1711.459187537519,-3288.870092913028
strength_screen,N15,-32.0,185.0,115.0,626.1199649685984,5396.9941990963125,-633.5808757329945,16440.50629844236,6817.715629138421,16904.00757709539
strength_screen,N16,-32.0,185.0,116.0,734.4050410743984,-1533.7273113120666,-227.214301564312,-10983.758239876735,991.0579045351184,-115136.33972649557
strength_screen,N17,-32.0,185.0,143.183,2.8809864667407493e-09,-7.479377530807794,-3.4682099519795534e-11,-2.1727835793409267e-12,-4.976820753529506e-14,5.449955748844475e-10
strength_screen,N18,-32.0,185.0,171.82,3.877370432777297e-09,-7.674110163538401,1.0040699075593505e-09,-5.835638014221105e-10,1.3692228071638714e-13,2.4369405078717665e-11
strength_screen,N19,-32.0,185.0,200.457,-2.6352349674683896e-11,-7.272137234253948,6.694452361626287e-11,-3.9047373973220463e-10,-5.339955992325091e-15,-1.1626369487373707e-10
strength_screen,N20,-32.0,185.0,226.093,4.55278480052948,136.02365636825562,-5.627786450088024,137.88911102712154,-58.29789538681507,121.72273301961832
strength_screen,N28,-32.0,253.0,115.0,-1.6464645455740599,15.015709067562476,44.43044268157265,57.825511276391644,43.937551055473286,128.77109333732153
strength_screen,N32,-32.0,253.0,226.093,0.2267574407160282,9.819331328384578,-7.7168133314698935,123.22690204717219,-18.719439432024956,-22.399626700673252
strength_screen,N77,-32.0,-63.0,115.0,55.145520412014804,-724.7940519214712,2755.3657039675604,3529.3329756522894,538.6800800335071,-306.62050336800166
strength_screen,N79,-32.0,-63.0,117.0,15.217815854147375,-1099.9949688706693,-2704.555469913961,-1923.8130825638946,191.4467762974782,-281.24106247826876
strength_screen,N126,-32.0,69.75,115.0,57.587679415635485,189.44634899749502,-9.62467759694595,-1117.5549712523684,-2186.629708846414,1968.6505966063366
strength_screen,N148,-32.0,249.0,115.0,-388.51596892677765,390.76541159351143,1299.7907031714603,1993.3425734998123,8355.321576333514,15726.765003209799
strength_screen,N149,-32.0,252.0,115.0,1.5329162058642982,286.1704793737325,-10.129070308979061,-579.3101881434267,-97.23853815494061,-224.9381192051215
strength_screen,N232,-32.0,69.75,150.143,-27.267577790997166,-1991.1929275988368,28.88272007147316,247.97560971183702,28.42031851009267,700.4906895564536
strength_screen,N247,-32.0,69.75,116.0,340.7127447831434,-214.10790521656995,19.58523152388615,-5.108653785698202,-2089.977161349375,-3471.068419469287
strength_screen,N368,-32.0,-0.0,117.5,-131.5356443657775,-1363.6406910390901,-346.67145429642875,-4258.089890860736,-996.9940012447132,1489.5594561467285
strength_screen,N369,-32.0,-0.0,134.148,-8.728549736024679e-13,-1.1144179189588133,-2.905228890268547e-12,-6.385169246447677e-12,-1.0920887447505051e-14,7.033838472817816e-12
strength_screen,N370,-32.0,-0.0,150.796,131.53564437633048,1334.1609055823596,346.6714542358099,-7284.6828533542675,996.9940012448722,2890.051360017808
strength_screen,N371,-32.0,69.75,117.5,-282.8499957911554,407.0736389120575,-29.181531774476753,-1057.9779201341153,-96.49879895029221,5067.690922447771
strength_screen,N372,-32.0,69.75,142.022,-9.094947017729282e-13,-2.7379524228163064,-3.637978807091713e-12,0.0,0.0,1.9326762412674725e-12
strength_screen,N380,-32.0,185.0,117.5,-809.1918705232974,-2037.85460872657,411.3206966523583,20140.511185787105,165.79790770529002,65004.08355411525
strength_screen,N381,-32.0,185.0,144.148,-3.4797544342498064e-10,-1.783856117165608,-1.0704316971280583e-12,-6.950437202415414e-12,-2.3339021840739526e-13,1.1862324322744258e-09
strength_screen,N382,-32.0,185.0,170.797,3.6911879930371143e-09,-1.7838561172495981,5.990656512944269e-10,8.007539962093359e-11,1.2561623369882667e-13,-9.94040039399272e-11
strength_screen,N383,-32.0,185.0,197.445,6.696682983725075e-11,-1.2117365203527768,-9.070423353503349e-11,-8.896960953778831e-11,-2.963987816268023e-14,-1.0437848055891357e-10
strength_screen,N384,-32.0,185.0,207.0,262.1592826843262,-1907.0496773719788,269.7593220472336,13108.856596946716,4174.701951980591,3247.911394290626
strength_screen,N385,-32.0,185.0,224.093,549.1880239631803,3751.149309288192,-678.8620930616763,15275.40364411418,-4284.457950008828,13584.65262402436
strength_screen,N402,-32.0,69.75,193.643,49.29944071918726,-1954.6222773194313,24.985448360443115,-1325.0995979309082,86.12365993592539,-4886.320458859205
strength_screen,N548,-32.0,69.75,120.0,282.8499967494281,-411.4070587614551,29.181531714530138,985.024090925901,96.49879895120466,-4360.565931104531
strength_screen,N549,-32.0,69.75,147.143,-282.8499967494454,414.02353884954937,-29.181531714479206,-192.94977559824474,-96.49879895120466,-3316.831530665715
strength_screen,N601,-32.0,120.0,222.655,128.3104434951653,-125.08105683550754,-50.900963028745984,-1052.021325376116,-368.74423762733767,-3080.001429717659
strength_screen,N608,-32.0,150.0,226.093,-842.813696686692,-178.4592766459012,-266.849398608518,4251.323323114083,-1119.609243391056,-8749.12341593077
strength_screen,N625,-32.0,235.0,226.093,-348.04485235116323,-157.51144009223265,89.28889596460738,-2573.9458722495756,2160.9994394001073,-7358.340049358732
strength_screen,N629,-32.0,249.0,226.093,86.14306684458187,356.79668072620854,-252.18396261846027,10815.043007402315,-423.39419241706526,-5468.677263115487
strength_screen,N630,-32.0,250.411,226.093,-1.4558762868533086e-11,-1.281266751256571,2.212971614667666e-09,4.66821170991035e-10,-1.1200779244146461e-10,-1.4644315417538178e-11
strength_screen,N631,-32.0,252.0,226.093,-1.5308807492256165,-250.39220656082034,10.0580415725708,-574.1141500473022,97.10941867157817,55.345955550670624
HB0.25,N5,-32.0,0.0,115.0,21.995455390406505,5509.0707702386335,33.43890267758616,-2988.735753787121,-633.692220642395,-628.6551023828963
HB0.25,N6,-32.0,0.0,130.311,7.212349990929174e-13,-4.284703844520264,2.7157807931679038e-12,-2.071877662126582e-12,-2.7202970152116946e-14,-2.155501336860884e-13
HB0.25,N7,-32.0,0.0,153.373,-144.5682637910637,94.02199826616561,-74.32854036445497,1656.2044035370345,-1421.422880992186,-2741.5480293757355
HB0.25,N15,-32.0,185.0,115.0,462.8225562441087,3833.1673699230632,-465.6900938185359,10302.105233987195,5041.157685227019,13081.054537683669
HB0.25,N16,-32.0,185.0,116.0,525.5867662202296,-1585.103802841282,-144.5907422927762,-6912.001003229506,738.7214098441968,-86411.45215468461
HB0.25,N17,-32.0,185.0,143.183,9.678282507469108e-09,-6.232814608968697,-4.250255640106739e-11,9.403524498807803e-12,-1.2656461113043766e-13,-1.0693795001205334e-09
HB0.25,N18,-32.0,185.0,171.82,4.72863557004124e-09,-6.395091802961768,1.641462198401146e-10,1.8197666435629912e-10,-2.3847406378155085e-14,3.1401916618764713e-09
HB0.25,N19,-32.0,185.0,200.457,-1.2520567107053849e-11,-6.060114361867212,3.155408315756604e-11,-3.970574345833214e-11,-5.167728925802435e-15,-5.707432713147796e-11
HB0.25,N20,-32.0,185.0,226.093,3.3909146785736084,73.1066871881485,-3.130298713222146,80.30038459599018,-42.82812583446503,91.18108905910049
HB0.25,N28,-32.0,253.0,115.0,-1.0707842844660906,8.36908402003398,29.389808127428132,36.614722114990606,30.501689098007247,100.32675001183806
HB0.25,N32,-32.0,253.0,226.093,0.21985379233956337,5.209994208067656,-4.899559272453189,71.85524995811284,-12.225070059299469,-10.871537606799393
HB0.25,N77,-32.0,-63.0,115.0,27.32721653974561,-437.5139645908914,1754.971618721237,1996.8595496771827,129.97548265358208,-251.38322476793908
HB0.25,N79,-32.0,-63.0,117.0,4.936005572021713,-768.6726702724236,-1721.6537416025967,-872.897329177038,65.85657852319218,-136.9469837664028
HB0.25,N126,-32.0,69.75,115.0,39.8916377419839,136.62237012986833,-5.526171415778439,-693.5647229625889,-1422.3120682847882,1567.134277325302
HB0.25,N148,-32.0,249.0,115.0,-271.2166471144242,261.20822812934324,857.5045104012045,1803.0227710132585,5789.102508335845,11804.596750146495
HB0.25,N149,-32.0,252.0,115.0,1.4245497095777715,155.88176796076118,-6.430944874990989,-367.5861549445477,-63.50404421184386,-179.68728929225722
HB0.25,N232,-32.0,69.75,150.143,-17.18519692704649,-1356.5102894436568,18.17934235581197,153.92271156515926,19.87292393441294,444.62732495897217
HB0.25,N247,-32.0,69.75,116.0,227.8928852392037,-142.32486342757397,12.74520404259251,-3.0380833167836743,-1356.9205984176924,-2049.2656542143623
HB0.25,N368,-32.0,-0.0,117.5,-110.71035897278067,-768.54866512128,-227.38641009053168,-2933.892045826098,-729.0565543134303,1262.6090494963876
HB0.25,N369,-32.0,-0.0,134.148,-8.770591748625202e-13,-0.9286815991321417,1.099311803166224e-12,-1.4826921387137212e-12,6.531197582741777e-15,1.550699262884573e-12
HB0.25,N370,-32.0,-0.0,150.796,110.71035896792667,743.9821772403241,227.38641000459194,-4637.165864791677,729.0565543136064,2423.603062744803
HB0.25,N371,-32.0,69.75,117.5,-187.81859041456482,282.83547260134947,-18.253626605939644,-656.9545297913137,-65.28744942782396,3371.011501247005
HB0.25,N372,-32.0,69.75,142.022,0.0,-2.281627018994186,3.637978807091713e-12,0.0,0.0,-1.8189894035458565e-12
HB0.25,N380,-32.0,185.0,117.5,-602.6063430112116,-1104.7682623732883,260.14431557414827,12672.242564322356,34.88884806117692,48364.92973488803
HB0.25,N381,-32.0,185.0,144.148,-5.770613636465531e-09,-1.4865467643181713,2.049443520745091e-12,1.2200390437752935e-11,1.0061050680026847e-13,-9.262758436609956e-11
HB0.25,N382,-32.0,185.0,170.797,2.7076770014317402e-09,-1.4865467643665666,7.589541107388754e-10,4.006559465868649e-10,1.0644120200465443e-13,6.4295334083064e-10
HB0.25,N383,-32.0,185.0,197.445,2.9883175600391104e-11,-1.0097804336293066,9.944198213715246e-12,-6.181520935068885e-11,2.742969538613936e-14,-1.6830444757805633e-11
HB0.25,N384,-32.0,185.0,207.0,195.17570114135742,-1219.660861492157,118.42744725942612,8201.201011180878,3155.0104999542236,2398.8865671791136
HB0.25,N385,-32.0,185.0,224.093,409.0353477311264,2178.0173700433375,-377.5980684461999,8931.18565361399,-3147.5459482727347,10180.815982956372
HB0.25,N402,-32.0,69.75,193.643,40.791066348552704,-1347.3555215001106,15.426603436470032,-835.8857930898666,77.97033250423556,-3313.0317416787148
HB0.25,N548,-32.0,69.75,120.0,187.8185904600541,-286.4466558081331,18.253626399127825,611.3204639177857,65.2874494282571,-2901.465026011807
HB0.25,N549,-32.0,69.75,147.143,-187.81859046001773,288.62705588154495,-18.253626399091445,-115.86228256644972,-65.28744942825722,-2196.494974844829
HB0.25,N601,-32.0,120.0,222.655,52.75269237147362,-91.49490448186273,-14.07984977761612,-1089.0252120118362,-534.3885514345376,-2660.5703633829394
HB0.25,N608,-32.0,150.0,226.093,-585.6516724620947,-142.1175101260684,-182.75059604588913,3029.68317365419,-998.7213105519841,-6653.1287801522285
HB0.25,N625,-32.0,235.0,226.093,-270.11270489568506,-130.74012694997356,70.01530800307748,-2025.2700321690866,1636.8214156998365,-5872.492878499438
HB0.25,N629,-32.0,249.0,226.093,68.4101999913197,199.62827756015258,-157.69667531646922,6664.8406843056655,-348.3903795167159,-3642.2277440869098
HB0.25,N630,-32.0,250.411,226.093,3.3486966991079465e-10,-0.48890453863519606,1.4609044111028898e-09,1.425280447163268e-10,7.457326652010377e-10,-1.445395037766869e-11
HB0.25,N631,-32.0,252.0,226.093,-1.4226580262184143,-126.17621366959065,6.385847806930542,-364.72245836257935,63.41971952095628,22.156386613845825
HB0.5,N5,-32.0,0.0,115.0,21.615145482371624,5512.531696389557,32.868435627940926,-2960.2118854243968,-637.1495559711741,-617.7539447892868
HB0.5,N6,-32.0,0.0,130.311,5.241212924480574e-13,-4.284703844524736,3.4421042693880094e-12,2.4260566692752013e-12,-2.5133978423332312e-14,-1.355012513028059e-12
HB0.5,N7,-32.0,0.0,153.373,-145.5058517651746,93.28708061145153,-74.92319099846509,1647.0905122291297,-1426.7460204639838,-2734.4344746512434
HB0.5,N15,-32.0,185.0,115.0,477.803707618212,3665.4889134690534,-439.5385576201873,10319.519082763685,5223.648112002556,13062.253834147645
HB0.5,N16,-32.0,185.0,116.0,552.6769531673151,-1401.2495630978822,-144.74423685447783,-6887.984752421088,842.4328491097518,-87786.55750216573
HB0.5,N17,-32.0,185.0,143.183,4.185420280737228e-09,-6.23281460901212,-2.7774556109534214e-11,-5.580631471020685e-12,-4.612029520399528e-14,2.5398411035791954e-10
HB0.5,N18,-32.0,185.0,171.82,3.845002110966739e-09,-6.395091802980766,2.9915151470585754e-10,-3.884328341207655e-12,-1.1757008441663214e-13,-1.9335171735357676e-10
HB0.5,N19,-32.0,185.0,200.457,8.673331446058574e-11,-6.060114361884422,1.7859373365336134e-11,-2.075805512116721e-11,9.497462938499438e-15,1.4619494317741158e-10
HB0.5,N20,-32.0,185.0,226.093,3.45795738697052,73.4106775522232,-3.203237224370241,81.18001165241003,-43.903030917048454,93.08434735343326
HB0.5,N28,-32.0,253.0,115.0,-0.947711942068939,8.521668948003606,28.65571652897482,37.055608218889766,32.96319286732583,101.46124858544164
HB0.5,N32,-32.0,253.0,226.093,0.21195605024695396,5.294012025464326,-4.858046196401119,71.35199096309952,-13.025239085778594,-12.510999429527146
HB0.5,N77,-32.0,-63.0,115.0,28.170551258653088,-438.3304131261725,1753.2178783058805,2010.2501182969963,142.14302956891632,-251.12516793145483
HB0.5,N79,-32.0,-63.0,117.0,5.541079912012265,-768.3675661218845,-1720.5389772623166,-861.5137258901377,71.40617754482537,-145.02290458050652
HB0.5,N126,-32.0,69.75,115.0,36.53286795659598,137.31560567825213,-5.005921643802572,-694.9836417997311,-1498.1438450562753,1596.4519598485074
HB0.5,N148,-32.0,249.0,115.0,-293.1540603045409,261.90154120480923,832.3124891386146,1743.7274295633497,6366.693729165013,11988.869913395403
HB0.5,N149,-32.0,252.0,115.0,1.3860679471153325,157.81806998580313,-6.376440039237281,-364.32174751035035,-67.66079097968577,-180.48367239171915
HB0.5,N232,-32.0,69.75,150.143,-18.04932872642894,-1359.581964948331,18.22851313345018,154.40613455607672,20.140542094512114,461.7004888697047
HB0.5,N247,-32.0,69.75,116.0,227.1427233567436,-142.85993928923318,13.343025473593451,-2.975170054615151,-1428.4037707160728,-2072.6730865991663
HB0.5,N368,-32.0,-0.0,117.5,-110.17241294988384,-768.6163144814227,-227.53868860151778,-2940.825017469054,-724.8165283152923,1257.985798289344
HB0.5,N369,-32.0,-0.0,134.148,-8.091248244651125e-13,-0.9286815991314036,-5.184823484225455e-12,1.8469474510334035e-12,-8.623350295538084e-15,4.943112463256607e-13
HB0.5,N370,-32.0,-0.0,150.796,110.17241293628047,744.0498265997437,227.53868852158294,-4635.303158664167,724.816528315484,2410.3148630915744
HB0.5,N371,-32.0,69.75,117.5,-190.42466790461913,284.04332109342795,-18.33112210449326,-658.8384235260673,-69.62913640586748,3416.420767079515
HB0.5,N372,-32.0,69.75,142.022,9.094947017729282e-13,-2.2816270190523937,-3.637978807091713e-12,-7.275957614183426e-12,0.0,-1.8189894035458565e-12
HB0.5,N380,-32.0,185.0,117.5,-615.3048711895435,-1113.362376798025,258.8679658395453,12628.75477514513,55.48516073081547,49365.78193424854
HB0.5,N381,-32.0,185.0,144.148,6.656489764658913e-10,-1.4865467643162622,7.09053606371751e-13,-8.678713265817714e-12,-1.248931988098265e-13,1.8170187184482978e-09
HB0.5,N382,-32.0,185.0,170.797,5.013078276536947e-09,-1.486546764367003,-2.8953128927245598e-11,-4.6747657809160126e-11,9.668701311421872e-14,-8.79074285606719e-10
HB0.5,N383,-32.0,185.0,197.445,-8.038442623381588e-12,-1.0097804336222056,2.8576141597221648e-11,5.2007945502254296e-11,1.9367432593168425e-14,5.030952758332597e-11
HB0.5,N384,-32.0,185.0,207.0,199.82534408569336,-1218.1658787727356,128.5855284333229,8192.259811401367,3214.2063026428223,2459.8775489479303
HB0.5,N385,-32.0,185.0,224.093,417.12246610347233,2185.177388078437,-386.3962803028871,9019.695683143766,-3226.543406985435,10394.225771203186
HB0.5,N402,-32.0,69.75,193.643,41.294338673353195,-1352.2667177021503,15.479297876358032,-838.4824355840683,71.68136270581454,-3372.0448698699474
HB0.5,N548,-32.0,69.75,120.0,190.42466733470792,-287.65450432081707,18.331122233452334,613.0106178741116,69.6291364064748,-2940.3590997589636
HB0.5,N549,-32.0,69.75,147.143,-190.424667334697,289.83490439434536,-18.331122233401402,-115.44896709173918,-69.6291364064748,-2228.3376457070917
HB0.5,N601,-32.0,120.0,222.655,61.41772371072951,-94.00524653264449,-18.465163020431522,-1093.0935266337722,-510.2882676310771,-2685.908610327748
HB0.5,N608,-32.0,150.0,226.093,-603.390782260458,-142.7290669350468,-188.66748622140335,3053.025036082379,-997.5896942579774,-6726.065751437729
HB0.5,N625,-32.0,235.0,226.093,-294.5897988758573,-130.732861232203,78.10188188672791,-2018.9963598971676,1636.5771693144577,-5876.353102090114
HB0.5,N629,-32.0,249.0,226.093,88.55240934772533,189.67196186236916,-154.9437972229156,6546.36655667949,-516.6273301658624,-3866.9848471282044
HB0.5,N630,-32.0,250.411,226.093,-3.328205726488581e-09,-0.48890453691764935,1.9977547896118286e-09,1.976435043561037e-09,2.544339505424932e-09,-1.1647818508429698e-12
HB0.5,N631,-32.0,252.0,226.093,-1.3842273950576782,-128.10994455963373,6.331725597381592,-361.7800590991974,67.5709466971457,27.19427400827408
HB0.75,N5,-32.0,0.0,115.0,20.12137172171361,5505.9697265152045,32.0154043698567,-2924.4985074841766,-606.3691760405028,-580.050511024951
HB0.75,N6,-32.0,0.0,130.311,-6.197451052367003e-13,-4.284703844531733,2.5151624825830645e-12,2.0406350187810195e-12,-3.870637684156478e-14,-1.899747013910198e-12
HB0.75,N7,-32.0,0.0,153.373,-148.39025268159457,90.59143283392768,-84.1320387869946,1658.6642427571933,-1402.9768006454324,-2734.939489019699
HB0.75,N15,-32.0,185.0,115.0,445.65509729866193,3491.5954088655903,-413.8111838258068,10321.496546656206,4892.591853256964,11741.094575573672
HB0.75,N16,-32.0,185.0,116.0,532.911605974164,-1214.4327896979655,-143.83182455936503,-6854.329114008518,833.3782400769054,-80901.51572586106
HB0.75,N17,-32.0,185.0,143.183,4.703202596023687e-09,-6.2328146090262635,-1.8598787155207462e-11,-3.0311127431472408e-12,3.1543625308277277e-13,-9.65315319976762e-10
HB0.75,N18,-32.0,185.0,171.82,-1.144273573241285e-10,-6.395091802962213,-3.598458393874704e-10,1.2619118811807307e-10,4.395522879435188e-14,-8.959139269786441e-10
HB0.75,N19,-32.0,185.0,200.457,5.399353890204812e-11,-6.060114361889558,2.2818594918498074e-11,1.6444043692084907e-12,2.6780949925195192e-14,1.1330665588738576e-10
HB0.75,N20,-32.0,185.0,226.093,3.226422607898712,73.53815442323685,-3.2709014769643545,81.92764410376549,-41.16830883175135,88.33687059720978
HB0.75,N28,-32.0,253.0,115.0,-0.8520630003805881,8.714632647818458,27.80550865937106,37.179359014788965,32.450144113430774,93.54754924461598
HB0.75,N32,-32.0,253.0,226.093,0.20817263051867485,5.288426974788308,-4.814914702437818,70.77005084976554,-13.000631203874946,-10.00478265248239
HB0.75,N77,-32.0,-63.0,115.0,30.07859868102992,-438.7354257577483,1748.4580034984917,2023.8384707271896,195.73119458281403,-257.8714662988043
HB0.75,N79,-32.0,-63.0,117.0,6.97981293581779,-766.6499110377922,-1717.0112220275332,-849.7919528398488,109.58974454586496,-163.01324079313557
HB0.75,N126,-32.0,69.75,115.0,34.75874017325748,137.93535302698106,-5.128865428710924,-695.8161730072383,-1493.5285195448646,1390.9505555289563
HB0.75,N148,-32.0,249.0,115.0,-285.59701768501566,256.51538358276747,808.3692419740728,1648.0791843064083,6269.477155082009,10992.083167872413
HB0.75,N149,-32.0,252.0,115.0,1.3609581720912498,157.4173057824139,-6.319879909436068,-361.25205016455834,-67.5328160686471,-169.87872757552267
HB0.75,N232,-32.0,69.75,150.143,-16.884579956262314,-1366.8026190841338,18.318756161024794,156.28366215529968,22.593998988093347,444.7239865250558
HB0.75,N247,-32.0,69.75,116.0,223.84792414908824,-146.07527424098825,13.275524878314556,-2.911779593024938,-1422.3958262297285,-2248.301292327445
HB0.75,N368,-32.0,-0.0,117.5,-110.1909902592992,-766.377415813849,-227.89438719478943,-2950.0644267062708,-722.7900468458116,1226.9700977119878
HB0.75,N369,-32.0,-0.0,134.148,-1.1446572574477746e-12,-0.9286815991330488,-6.178427170068183e-13,-2.2428844325169767e-12,8.431920518794684e-15,2.032582217557344e-12
HB0.75,N370,-32.0,-0.0,150.796,110.19099023470407,741.8109279318811,227.89438703602477,-4637.907088249168,722.790046845924,2441.949113549019
HB0.75,N371,-32.0,69.75,117.5,-188.9054778428108,287.8145085920114,-18.38651081790158,-659.5275678123435,-71.0195401077558,3387.0829705026117
HB0.75,N372,-32.0,69.75,142.022,-1.8189894035458565e-12,-2.2816270190523937,0.0,7.275957614183426e-12,-5.684341886080802e-14,1.8189894035458565e-12
HB0.75,N380,-32.0,185.0,117.5,-574.2712987577487,-1119.300192814775,257.23166386381547,12567.588974024518,94.2638872155176,45844.11025093106
HB0.75,N381,-32.0,185.0,144.148,-4.452805086172176e-09,-1.4865467643232575,-5.978930082605154e-13,-3.57673120593311e-13,-3.6177340194831304e-13,-9.185660818043802e-10
HB0.75,N382,-32.0,185.0,170.797,2.198885547712046e-09,-1.4865467643493455,8.797452623177012e-10,5.129039673471735e-10,-1.9852287802605073e-13,-8.480645098789472e-10
HB0.75,N383,-32.0,185.0,197.445,-3.379736202907411e-11,-1.0097804336105485,-1.7608575768312966e-11,-7.325311741426916e-12,2.10405052967042e-14,-3.950061419918566e-11
HB0.75,N384,-32.0,185.0,207.0,186.61245727539062,-1215.10596036911,138.46511259675026,8172.467473745346,2971.183639526367,2347.5394797995687
HB0.75,N385,-32.0,185.0,224.093,389.19314814696634,2188.179909207317,-394.55833326467695,9093.55603836378,-3025.561847928949,9877.411275723185
HB0.75,N402,-32.0,69.75,193.643,45.11573098599911,-1346.2488554269075,15.315486550331116,-836.0656777620316,96.62204299454606,-3254.978325456381
HB0.75,N548,-32.0,69.75,120.0,188.90547722304473,-291.4256918140454,18.38651059989934,613.561291460217,71.01954010805593,-2914.8192784487037
HB0.75,N549,-32.0,69.75,147.143,-188.90547722304836,293.6060918875737,-18.386510599884787,-114.49623424714082,-71.01954010805605,-2212.6420898164306
HB0.75,N601,-32.0,120.0,222.655,57.80210792325143,-92.4448068647493,-16.82294861472068,-1063.266366104583,-495.48326217650606,-2618.225291588158
HB0.75,N608,-32.0,150.0,226.093,-571.4549277254529,-140.6478376421135,-179.95055789026463,3008.17916748784,-838.6577445809354,-6513.162742016145
HB0.75,N625,-32.0,235.0,226.093,-282.4801957866846,-130.2067285904039,75.85051736294098,-2011.5026140659281,1484.9019466804943,-5771.988800941579
HB0.75,N629,-32.0,249.0,226.093,92.32281129085294,185.50027219192702,-153.34160008097368,6458.9509081129645,-551.6505244750869,-3409.0240686105903
HB0.75,N630,-32.0,250.411,226.093,-3.215592001664785e-09,-0.48890453879725515,9.217558597805486e-10,-1.2592442590052964e-10,1.2607628347308141e-09,-3.584976867657798e-12
HB0.75,N631,-32.0,252.0,226.093,-1.3591509759426117,-127.70971251837909,6.275562047958374,-358.4093279838562,67.44314171839505,19.384364753961563
HT0.25,N5,-32.0,0.0,115.0,2.4374370434397292,6534.988816165811,36.24354353113267,-3508.530290520407,-572.8907112220793,-337.7688635193938
HT0.25,N6,-32.0,0.0,130.311,2.234937226535744e-12,-4.284703844522428,1.304063531878793e-12,-2.289132383455722e-13,-1.8470456812433848e-14,-4.728788417076787e-13
HT0.25,N7,-32.0,0.0,153.373,-164.107738425344,84.96381468878826,-120.42866714113916,1677.503758445615,-1329.0104573427816,-2808.7955598728004
HT0.25,N15,-32.0,185.0,115.0,381.17433534590884,3523.251037367105,-363.08015727598047,12413.863390895192,4190.733783164949,10477.57329554182
HT0.25,N16,-32.0,185.0,116.0,460.9765275870665,-993.6922441922385,-167.82436765083972,-8173.558455134304,572.6598767135903,-71356.1099370497
HT0.25,N17,-32.0,185.0,143.183,2.4928613249223766e-09,-6.232814609012355,-2.7944663933980376e-11,-1.5526472238474958e-11,-2.4901661624733613e-13,-5.589641558302824e-11
HT0.25,N18,-32.0,185.0,171.82,-2.8900298141485006e-09,-6.3950918029682775,5.010702923303426e-11,1.8236816615243398e-10,-8.601279423283844e-14,-6.042675181480863e-10
HT0.25,N19,-32.0,185.0,200.457,2.292590829468703e-11,-6.060114361888707,-5.292426067349825e-12,-2.2492427265034467e-10,-1.2019876765265033e-14,6.106338579244993e-11
HT0.25,N20,-32.0,185.0,226.093,2.887601464986801,88.65246847271919,-3.97243407741189,97.96388115733862,-36.9154589176178,80.52572423545644
HT0.25,N28,-32.0,253.0,115.0,-1.2710874089828255,8.351716286025326,28.74876878784503,35.427777213661415,26.803614896426335,83.1454476949237
HT0.25,N32,-32.0,253.0,226.093,0.21192914620041847,4.788939587306231,-5.400852215476334,78.4371400848031,-12.044336933642626,-5.186367197835352
HT0.25,N77,-32.0,-63.0,115.0,41.62800391422247,-524.8197598630975,2096.720604625586,2353.652283381857,436.5764100897919,-276.8636224596968
HT0.25,N79,-32.0,-63.0,117.0,11.949953278301109,-975.1758974646534,-2064.312993182306,-716.3936398279911,221.3173981771397,-236.2249608648508
HT0.25,N126,-32.0,69.75,115.0,50.91005129842651,142.7405766162385,-9.016044469696155,-841.6053416735668,-1443.669953994899,733.4694208387577
HT0.25,N148,-32.0,249.0,115.0,-231.09296994983416,242.9912078191239,848.4460652793955,1768.1765884630538,4819.156577345293,9620.402671604794
HT0.25,N149,-32.0,252.0,115.0,1.3704440775081101,149.1013065936251,-7.088520961351527,-404.25374411396047,-62.56398726603975,-155.9857896894477
HT0.25,N232,-32.0,69.75,150.143,-12.717283701544147,-1879.5872401737142,22.262383157300064,189.55297262061504,30.30474015841196,399.385710010567
HT0.25,N247,-32.0,69.75,116.0,285.7732095990348,-225.389756169407,13.116335185295798,-3.784467860099446,-1376.3232631959588,-3796.0250859694565
HT0.25,N368,-32.0,-0.0,117.5,-120.1900544163761,-814.472987163913,-275.92116614871,-3701.7649639508827,-806.7771229105613,1349.9687062504004
HT0.25,N369,-32.0,-0.0,134.148,-1.1666366065767402e-12,-0.9286815991372752,-2.360119984262451e-12,-2.68150278801544e-12,3.4923088927088745e-15,2.3992968084144898e-12
HT0.25,N370,-32.0,-0.0,150.796,120.19005439126087,789.9064992814981,275.9211660176818,-5485.306182702931,806.7771229106919,2651.8793459191706
HT0.25,N371,-32.0,69.75,117.5,-234.63497215660755,370.5327756085899,-22.110875074278738,-794.8333106463178,-67.2395600821676,4224.002118315257
HT0.25,N372,-32.0,69.75,142.022,0.0,-2.2816270190523937,3.637978807091713e-12,7.275957614183426e-12,0.0,-1.8189894035458565e-12
HT0.25,N380,-32.0,185.0,117.5,-510.5612747047172,-1221.056978583303,305.86982694530457,14987.954934393005,144.1891977900908,40499.20306797064
HT0.25,N381,-32.0,185.0,144.148,-1.730906345369932e-09,-1.4865467643298498,1.4682130312227225e-11,-1.5195619259312845e-11,-5.56224029773461e-15,2.5118835334368756e-10
HT0.25,N382,-32.0,185.0,170.797,4.989988640215122e-09,-1.4865467643494836,1.1126142230444154e-09,5.976440742521077e-10,1.745749670800451e-14,-8.86116298628493e-10
HT0.25,N383,-32.0,185.0,197.445,2.7219995777603078e-11,-1.009780433614044,-7.638787286374595e-12,1.2361543050972849e-11,1.948149375781761e-15,1.3783270759502063e-10
HT0.25,N384,-32.0,185.0,207.0,163.5839900970459,-1480.1373901367188,174.74906858801842,9799.919184684753,2603.7735919952393,2150.666724421084
HT0.25,N385,-32.0,185.0,224.093,348.3222516897425,2544.1740614006158,-479.18213178972707,10858.70923986431,-2713.009288064281,9016.919179588998
HT0.25,N402,-32.0,69.75,193.643,48.14855264034122,-1827.9713464677334,17.869592428207397,-1010.1314694881439,205.39390356224612,-3945.6405495053623
HT0.25,N548,-32.0,69.75,120.0,234.63497279581497,-374.14395880303346,22.11087534073158,739.556122115835,67.23956008245113,-3637.4146867035306
HT0.25,N549,-32.0,69.75,147.143,-234.63497279579133,376.3243588763289,-22.11087534073158,-139.40063274231215,-67.23956008245085,-2731.282379892604
HT0.25,N601,-32.0,120.0,222.655,40.38562305168739,-84.58538491709018,-9.70689322859636,-844.0518779505098,-394.542618642353,-2322.3212501637927
HT0.25,N608,-32.0,150.0,226.093,-525.3345034642315,-138.8982864172875,-166.95886443929194,3194.9266003142743,-625.3401530695436,-6272.546309214055
HT0.25,N625,-32.0,235.0,226.093,-183.82986855132052,-128.52558717859338,44.14452999798345,-2078.5404127955603,1410.8963949326812,-5651.993538670693
HT0.25,N629,-32.0,249.0,226.093,25.15840356770954,189.40830768734878,-176.12672962398096,7704.098802492731,-186.3252889873836,-2573.357697809792
HT0.25,N630,-32.0,250.411,226.093,-2.6404148724662617e-09,-0.488904538408806,1.8321295710115839e-09,1.442708763511043e-09,1.363656495942751e-09,-8.324139334053775e-12
HT0.25,N631,-32.0,252.0,226.093,-1.3686243891716003,-119.40475582890213,7.03881311416626,-402.9335689544678,62.48091084510088,4.479597985744476
HT0.5,N5,-32.0,0.0,115.0,2.168790076294485,6172.024551030949,34.669615612705456,-3297.2186375503807,-602.8373413772863,-454.3063872630049
HT0.5,N6,-32.0,0.0,130.311,-1.2008763578720038e-13,-4.28470384451482,1.7946162316082136e-12,1.1293398405271727e-12,-2.1809847751411043e-14,-3.7904888138401025e-12
HT0.5,N7,-32.0,0.0,153.373,-170.09671996950055,81.26349840447074,-124.74413785014622,1685.1109126216033,-1379.7081577630015,-2766.252962959479
HT0.5,N15,-32.0,185.0,115.0,381.51805168732034,3459.6872716858647,-369.80114791918345,11688.830725591004,4244.785837080436,10423.70525229969
HT0.5,N16,-32.0,185.0,116.0,461.4858300413765,-1015.2631056450111,-159.03431184193926,-7708.595892675104,621.1412767404888,-71368.99330572913
HT0.5,N17,-32.0,185.0,143.183,3.890697178940912e-09,-6.232814608997471,-3.797657902049983e-11,-1.5438417110837146e-11,-1.9643529094369024e-13,3.165559963992602e-10
HT0.5,N18,-32.0,185.0,171.82,-1.0087399613806244e-09,-6.3950918029777695,8.387950130943329e-10,-4.808234501005434e-10,8.92238118797874e-14,-1.4807342713342333e-09
HT0.5,N19,-32.0,185.0,200.457,5.023127902053333e-11,-6.0601143618811895,1.801425477893856e-11,-3.612152222336481e-12,-1.8451487895128323e-14,1.6154221477436796e-10
HT0.5,N20,-32.0,185.0,226.093,2.883209675550461,83.42133900523186,-3.7448107451200485,92.57071200758219,-36.86985285580158,80.37737587455194
HT0.5,N28,-32.0,253.0,115.0,-1.1861370930383726,8.411358926659814,28.123613764123835,35.4575285392966,27.04142123644491,83.19969888524884
HT0.5,N32,-32.0,253.0,226.093,0.2137470617890358,4.880961103364825,-5.183499244041741,75.56635744427331,-11.853560768067837,-5.001642080656893
HT0.5,N77,-32.0,-63.0,115.0,40.57604584382077,-494.10395588291664,1971.2508799254153,2237.9056338825167,383.3613893445005,-277.65434303310053
HT0.5,N79,-32.0,-63.0,117.0,12.299057073796575,-900.3328196298642,-1939.5732824126171,-762.9807407650806,200.6422601271115,-229.46671218195297
HT0.5,N126,-32.0,69.75,115.0,50.309669134714326,141.45279891822378,-7.835813568878082,-791.5274313346704,-1444.0870260217298,925.4205763956082
HT0.5,N148,-32.0,249.0,115.0,-233.60769106420412,243.14043196441042,827.9206261953194,1694.4384694840003,4934.066874510067,9625.810306067951
HT0.5,N149,-32.0,252.0,115.0,1.37941776276074,150.06737995834072,-6.803412048049731,-388.4467268778605,-61.57325860094287,-156.43006366758664
HT0.5,N232,-32.0,69.75,150.143,-16.482917578508932,-1710.6821215609089,20.99315087297873,180.34791578399017,30.14214444207306,469.32774584022445
HT0.5,N247,-32.0,69.75,116.0,276.0525259816843,-164.99614277883535,13.054470198120615,-3.40029729069971,-1374.3240487044832,-3385.615279957364
HT0.5,N368,-32.0,-0.0,117.5,-119.01417392460439,-794.8056865234136,-259.616343232724,-3445.8524918072635,-778.9569245728243,1298.4145441810301
HT0.5,N369,-32.0,-0.0,134.148,-6.212276012271418e-13,-0.9286815991327984,-1.0097092491916708e-12,-1.7518300900540678e-12,-1.6685350124318358e-14,3.069658712231232e-12
HT0.5,N370,-32.0,-0.0,150.796,119.01417391690062,770.2391986440175,259.61634307700575,-5198.333271225042,778.9569245729243,2664.281391112756
HT0.5,N371,-32.0,69.75,117.5,-225.52353053618572,309.8790018608561,-20.869990838007652,-748.2282580832398,-69.6520029715748,4018.8230686900206
HT0.5,N372,-32.0,69.75,142.022,-9.094947017729282e-13,-2.281627018994186,0.0,0.0,0.0,9.094947017729282e-13
HT0.5,N380,-32.0,185.0,117.5,-510.2526710373082,-1186.4674745991492,288.63628422242425,14135.06896928201,136.4402486030905,40485.17399649447
HT0.5,N381,-32.0,185.0,144.148,5.202923308166047e-10,-1.486546764344514,2.341744186842812e-11,-1.2210580021645112e-11,2.2917509597905734e-14,1.4651819431278551e-09
HT0.5,N382,-32.0,185.0,170.797,4.643502226673632e-09,-1.4865467643464858,6.440766882568299e-10,-4.1417691506534853e-10,-4.224132483004507e-14,-4.567916911011472e-09
HT0.5,N383,-32.0,185.0,197.445,-1.1482255379126818e-11,-1.0097804336105507,1.94086766079248e-12,3.953043523917013e-11,1.707420962019125e-14,9.305362861105118e-12
HT0.5,N384,-32.0,185.0,207.0,163.8069305419922,-1387.7532029151917,164.44029414653778,9232.047897815704,2608.230668067932,2144.8084368631244
HT0.5,N385,-32.0,185.0,224.093,347.7925389498861,2420.962945689338,-451.72457172244833,10263.063379480587,-2709.657583451617,9000.083852720883
HT0.5,N402,-32.0,69.75,193.643,71.05258882045746,-1654.0518167763948,16.939539551734924,-945.7117483615875,189.15993350814097,-3722.5375236570835
HT0.5,N548,-32.0,69.75,120.0,225.52353064974886,-313.4901850670576,20.869990813545883,696.0532811239464,69.65200297166939,-3455.0142428590334
HT0.5,N549,-32.0,69.75,147.143,-225.52353064976342,315.67058514035307,-20.86999081351678,-129.5791204715788,-69.65200297166922,-2666.3709495674702
HT0.5,N601,-32.0,120.0,222.655,19.006510697712898,-79.90264444146479,0.48890708228113666,-908.1523819358357,-409.9286857672368,-2411.683856980414
HT0.5,N608,-32.0,150.0,226.093,-511.5778889500783,-138.53104752637083,-162.23458374468143,3110.122983941045,-646.3962918073022,-6263.800670138701
HT0.5,N625,-32.0,235.0,226.093,-192.35971715212293,-128.77827470539552,47.012451862120315,-2061.1634690310702,1402.542672931798,-5658.577410960255
HT0.5,N629,-32.0,249.0,226.093,31.91993941842342,190.74101291889036,-168.73597524480314,7288.304861079008,-212.79038234455598,-2563.572576241191
HT0.5,N630,-32.0,250.411,226.093,-3.7710597887381566e-10,-0.48890453997193484,2.1622231713386333e-09,9.076694375676316e-10,-1.321877827331503e-09,-9.667485430098283e-13
HT0.5,N631,-32.0,252.0,226.093,-1.3775860369205475,-120.36954639106989,6.755702972412109,-386.27513551712036,61.49149772617966,3.933230757713318
HT0.75,N5,-32.0,0.0,115.0,1.8030832725992525,5817.903585513583,33.31208298121601,-3085.0701141914915,-621.159993444817,-512.7959097270118
HT0.75,N6,-32.0,0.0,130.311,2.750978479208608e-13,-4.28470384451166,4.021207117922864e-12,7.669506481213469e-13,-1.530402775970492e-14,-2.9030057877481966e-13
HT0.75,N7,-32.0,0.0,153.373,-157.97786023981462,81.51982468587812,-114.83125783316427,1693.707944559923,-1368.7964205838944,-2766.236812767558
HT0.75,N15,-32.0,185.0,115.0,382.14010514903543,3396.1450774823893,-376.53635559111905,10965.554530262634,4272.753839905993,10403.584232862984
HT0.75,N16,-32.0,185.0,116.0,461.7289147058435,-1036.7513782681426,-150.1042210312858,-7244.718771061037,652.8868121156844,-71372.88780631022
HT0.75,N17,-32.0,185.0,143.183,-4.203095415009584e-09,-6.23281460898455,-3.2708572940039364e-11,-9.615050048126183e-12,-2.8638545191473496e-13,4.039470560034205e-09
HT0.75,N18,-32.0,185.0,171.82,-1.2313280656886211e-09,-6.395091802950916,8.46259174444765e-10,-3.6982520644235255e-10,-6.305494588883693e-14,-9.132725249402416e-10
HT0.75,N19,-32.0,185.0,200.457,4.164336342706488e-11,-6.060114361878128,4.0070114985765636e-11,-1.202106539432492e-10,-1.1597937961079422e-14,1.6576892003669684e-10
HT0.75,N20,-32.0,185.0,226.093,2.878947675228119,78.20678782463074,-3.5182311441749334,87.19941894710064,-36.73121986538172,80.31722722644918
HT0.75,N28,-32.0,253.0,115.0,-1.109475481515003,8.463153819186127,27.48474500671242,35.44833918144165,27.188235232515012,83.29099597777098
HT0.75,N32,-32.0,253.0,226.093,0.21659976989030838,4.970507740974426,-4.967237093485892,72.70890118926764,-11.664213159121573,-4.676713135879254
HT0.75,N77,-32.0,-63.0,115.0,37.784234996516076,-464.00252324010273,1848.2745949370594,2124.657598242795,336.51935180932094,-266.1679995419524
HT0.75,N79,-32.0,-63.0,117.0,9.801318401160643,-827.0279755765903,-1817.2810733664082,-807.4742003689171,157.42602454422013,-190.92288292762987
HT0.75,N126,-32.0,69.75,115.0,49.46245729104134,139.4819345746203,-6.760929061035826,-741.4612025314108,-1428.5235170557005,1014.0183376908287
HT0.75,N148,-32.0,249.0,115.0,-235.40516316934512,243.20056849424248,807.110268826427,1620.1069040192879,5025.428220713655,9631.520108881483
HT0.75,N149,-32.0,252.0,115.0,1.3944293065072655,150.9781823212262,-6.519734280754484,-372.7248611841449,-60.589914478697956,-157.06588947044077
HT0.75,N232,-32.0,69.75,150.143,-18.229243810249045,-1547.3006144881947,19.649371248015086,169.24353932021768,27.64878328469382,506.74214605975794
HT0.75,N247,-32.0,69.75,116.0,265.86491853724,-166.73375106369338,12.849189110174013,-3.102080989592158,-1358.8651895551907,-3125.866220258077
HT0.75,N368,-32.0,-0.0,117.5,-115.286694603133,-778.5182735425864,-243.74518233597263,-3199.471209338898,-789.9502110870045,1252.0611462701731
HT0.75,N369,-32.0,-0.0,134.148,-8.91745219420522e-13,-0.9286815991414964,-1.513495291091419e-12,-2.6826173154945285e-12,-1.045516798747802e-14,3.781173941777759e-12
HT0.75,N370,-32.0,-0.0,150.796,115.28669456690675,753.9517856581278,243.74518228191124,-4916.268381017897,789.950211087073,2586.524636426838
HT0.75,N371,-32.0,69.75,117.5,-216.19221509818453,309.64963094028644,-19.59106823260663,-701.5008209222724,-69.54751965554442,3860.988630649168
HT0.75,N372,-32.0,69.75,142.022,0.0,-2.2816270190523937,3.637978807091713e-12,0.0,0.0,-4.547473508864641e-13
HT0.75,N380,-32.0,185.0,117.5,-509.95454897627303,-1151.9949619929582,271.4455036731782,13284.169517489963,122.58060704291304,40463.34430368169
HT0.75,N381,-32.0,185.0,144.148,-9.843386989269262e-10,-1.4865467643176111,1.218995637865957e-11,-7.361646980266182e-12,1.7541310878898127e-13,1.117779464513955e-09
HT0.75,N382,-32.0,185.0,170.797,7.460639574487074e-09,-1.4865467643550614,1.2534257977711522e-10,4.1736863378448357e-10,1.0318641602520268e-13,-2.96255880453866e-09
HT0.75,N383,-32.0,185.0,197.445,-5.882614832716013e-11,-1.0097804336165919,5.5874507418496735e-12,-1.6543126030484614e-11,3.8587847893993426e-14,1.0268175081815255e-11
HT0.75,N384,-32.0,185.0,207.0,164.02476692199707,-1295.654107093811,154.21550768613815,8665.79867696762,2611.9517755508423,2137.3335344158113
HT0.75,N385,-32.0,185.0,224.093,347.27837207739583,2298.1423018828996,-424.39307194224875,9669.804248745962,-2699.4690966863104,8993.856629162536
HT0.75,N402,-32.0,69.75,193.643,59.49530130624771,-1475.4469911456108,16.119707584381104,-884.2523485422134,152.57875876806793,-3410.585873618722
HT0.75,N548,-32.0,69.75,120.0,216.19221482009743,-313.26081416162197,19.591068153618835,652.5231506651471,69.54751965587616,-3320.5080945816007
HT0.75,N549,-32.0,69.75,147.143,-216.1922148200747,315.44121423515026,-19.591068153604283,-120.76278777141124,-69.54751965587621,-2547.597192279607
HT0.75,N601,-32.0,120.0,222.655,26.98555897056788,-82.70589570587333,-2.4204794002571495,-969.8343503839764,-478.3996467908674,-2461.799265234699
HT0.75,N608,-32.0,150.0,226.093,-507.3320872634643,-138.083632777456,-160.50325930154995,3017.104631778976,-678.3432869158695,-6221.8317218098855
HT0.75,N625,-32.0,235.0,226.093,-206.31609643128013,-129.22994979501655,51.87078154151475,-2045.8226109103075,1380.6420170085846,-5665.764092664868
HT0.75,N629,-32.0,249.0,226.093,43.05025087726871,192.24976488982807,-161.37884861858967,6874.174140967284,-241.35088746266263,-2541.8026005387323
HT0.75,N630,-32.0,250.411,226.093,-1.460818442319688e-10,-0.4889045385166355,1.0686830400154341e-09,5.046066691017594e-10,-7.547648528749735e-10,-5.634780544413085e-12
HT0.75,N631,-32.0,252.0,226.093,-1.3925776779651642,-121.27913932874799,6.4740142822265625,-369.6945252418518,60.50945935305208,2.9121333360671997
storage125_strength_sensitivity,N5,-32.0,0.0,115.0,-81.8746567523259,14513.0438068254,91.55305676697026,-8334.684024291651,-1853.287274618932,-280.8269968187119
storage125_strength_sensitivity,N6,-32.0,0.0,130.311,3.7056425987091903e-13,-5.1416446134257,8.471806130866084e-12,-2.2615111513517557e-11,-1.6044009953859935e-13,8.21641673541294e-13
storage125_strength_sensitivity,N7,-32.0,0.0,153.373,-256.28986266074935,236.6686590842437,-114.70142467440746,1506.2947141763289,-2508.0442603749107,-3328.937504316302
storage125_strength_sensitivity,N15,-32.0,185.0,115.0,1525.5652276672809,10222.16110505074,-1220.0571735745286,27241.994004399316,16849.90843250001,41750.44904237524
storage125_strength_sensitivity,N16,-32.0,185.0,116.0,1668.3679627390507,-5220.102381568918,-396.92444935343576,-18609.491911537458,2943.812337107265,-275020.35525174
storage125_strength_sensitivity,N17,-32.0,185.0,143.183,2.5245499256485093e-08,-7.479377530725551,-7.623972307158167e-11,3.022055410382789e-11,-1.2671234036941615e-13,-1.7386268924365823e-09
storage125_strength_sensitivity,N18,-32.0,185.0,171.82,5.927627424524339e-09,-7.674110163665189,1.0110016677404543e-09,2.672980651479238e-10,-1.0694032071246974e-12,1.716904281145663e-09
storage125_strength_sensitivity,N19,-32.0,185.0,200.457,-5.656046784701751e-11,-7.272137234243179,-6.038730960591674e-11,9.349962302962609e-11,2.597373388509034e-14,6.461582594249924e-10
storage125_strength_sensitivity,N20,-32.0,185.0,226.093,10.451656103134155,214.32267320156097,-7.94526132941246,207.53321415185928,-135.14889538288116,255.22193789947778
storage125_strength_sensitivity,N28,-32.0,253.0,115.0,-1.7167392642133463,20.295464459508523,78.6231802686431,90.08082842603477,104.5908115930355,297.4340702309894
storage125_strength_sensitivity,N32,-32.0,253.0,226.093,0.10410486906766891,14.84678533859551,-12.466258591040969,185.6720926919952,-38.98756745457649,-107.04383302247152
storage125_strength_sensitivity,N77,-32.0,-63.0,115.0,84.17892007180612,-1183.1047173754089,4749.957799504064,5028.573900663166,398.9062557521886,-171.24012534084162
storage125_strength_sensitivity,N79,-32.0,-63.0,117.0,15.920287839789125,-2267.3018054179124,-4663.279091650562,-1443.154125530331,-340.92221261309896,-258.78126245906697
storage125_strength_sensitivity,N126,-32.0,69.75,115.0,95.15717223113751,202.7676565880469,-9.415122398134441,-1874.0262819059678,-4517.104309481908,4589.81481774209
storage125_strength_sensitivity,N148,-32.0,249.0,115.0,-960.0632225271986,592.7362786491552,2253.1870781448374,4236.184188585629,21228.69879616257,38493.94923127751
storage125_strength_sensitivity,N149,-32.0,252.0,115.0,1.059667480913479,403.56239889461636,-16.360374035696147,-926.3439163474138,-202.52692260605212,-435.0839942875237
storage125_strength_sensitivity,N232,-32.0,69.75,150.143,-84.72748221167421,-4495.157692797482,48.376598217873834,396.7631628952222,26.090599881943717,1944.6570150952612
storage125_strength_sensitivity,N247,-32.0,69.75,116.0,792.3171528042903,-517.981924824452,39.94963161008509,-8.384165953313548,-4320.783794589882,-8835.171545747
storage125_strength_sensitivity,N368,-32.0,-0.0,117.5,-183.76003638023448,-1669.260740536401,-584.847019193782,-7921.454825427364,-1387.863215017141,2955.4276520556255
storage125_strength_sensitivity,N369,-32.0,-0.0,134.148,4.4582467083975225e-13,-1.1144179189740946,2.1998121510993143e-12,-1.679696910207201e-11,3.440604481818496e-14,-8.581613399900079e-13
storage125_strength_sensitivity,N370,-32.0,-0.0,150.796,183.7600363827457,1639.7809550841484,584.8470191147903,-11551.611523924536,1387.8632150176363,3163.0465193479145
storage125_strength_sensitivity,N371,-32.0,69.75,117.5,-696.4826245323056,718.9844713630155,-49.31680180449621,-1780.448410194338,-196.00822115685105,12462.284436802845
storage125_strength_sensitivity,N372,-32.0,69.75,142.022,0.0,-2.7379524228163064,0.0,0.0,-2.2737367544323206e-13,7.275957614183426e-12
storage125_strength_sensitivity,N380,-32.0,185.0,117.5,-1865.7598724510149,-2501.078134451382,700.7216513316844,34117.16675713734,115.97708236385965,153512.14445224268
storage125_strength_sensitivity,N381,-32.0,185.0,144.148,-1.5457482057615024e-08,-1.7838561171769287,2.8605226484853463e-11,2.3589572169206287e-11,-6.333267857074087e-13,-7.092785295900887e-09
storage125_strength_sensitivity,N382,-32.0,185.0,170.797,2.088821179704245e-08,-1.7838561170980307,1.2233228488909547e-10,1.8698692893727375e-10,1.4464925650027574e-12,-2.1655883935154624e-09
storage125_strength_sensitivity,N383,-32.0,185.0,197.445,-1.8715815144247067e-10,-1.2117365203228716,1.6434171071238455e-10,2.2964761871747587e-10,2.6820748512387794e-13,1.0354565093618834e-10
storage125_strength_sensitivity,N384,-32.0,185.0,207.0,610.0250396728516,-3346.669780731201,259.8262328505516,22043.537492275238,9950.023651123047,6814.282283842564
storage125_strength_sensitivity,N385,-32.0,185.0,224.093,1260.7503872639127,5595.36083333563,-958.4116269865677,23117.25261055174,-9932.429913715981,28265.115226325768
storage125_strength_sensitivity,N402,-32.0,69.75,193.643,97.74339950084686,-4571.170552134514,44.263893127441406,-2300.1446690559387,-163.35678940545768,-13446.015484690666
storage125_strength_sensitivity,N548,-32.0,69.75,120.0,696.4826261514099,-723.3178912773728,49.3168014519033,1657.1564071164175,196.00822115679193,-10721.07787275035
storage125_strength_sensitivity,N549,-32.0,69.75,147.143,-696.4826261512644,725.9343713647686,-49.316801451845095,-318.5504653068201,-196.00822115679216,-8183.550048874342
storage125_strength_sensitivity,N601,-32.0,120.0,222.655,258.8385777438194,-166.4546308793451,-126.58436818941901,-863.8194148103595,550.1927506386884,-4227.606928616384
storage125_strength_sensitivity,N608,-32.0,150.0,226.093,-1836.1434145291296,-238.48225462738657,-565.6170903595785,6823.502869341267,-3785.1754467384044,-15124.147755134873
storage125_strength_sensitivity,N625,-32.0,235.0,226.093,-949.2486472518522,-167.3560444225641,251.88971729092148,-2931.5534330486457,5204.877070372057,-9809.044934084495
storage125_strength_sensitivity,N629,-32.0,249.0,226.093,312.8851930910777,237.18165469980104,-393.51544241923824,16564.512439182978,-2254.634999451951,-18793.178411820332
storage125_strength_sensitivity,N630,-32.0,250.411,226.093,-6.6044598937837014e-09,-1.281266752362613,3.4336200260968005e-09,6.044151627880708e-10,2.8894869380140785e-09,-5.261336447152975e-11
storage125_strength_sensitivity,N631,-32.0,252.0,226.093,-1.0582605600357056,-367.62824565917253,16.24564838409424,-936.6432437896729,202.25799454003572,317.1606333255768
strength_roof,N5,-32.0,0.0,115.0,-83.61252970343298,11531.694882222626,51.754144098253164,-4852.035068595887,-610.232765233623,-365.82828672874075
strength_roof,N6,-32.0,0.0,130.311,-5.316338736752478e-12,-5.1416446134328115,6.148971823115114e-12,4.1523587307364625e-13,1.6214736788188758e-14,-6.934847484857863e-13
strength_roof,N7,-32.0,0.0,153.373,-159.1827778320294,449.54913204780314,-175.28447746718302,1859.7793947029859,-1444.073174898862,-3290.4791099447757
strength_roof,N15,-32.0,185.0,115.0,426.4271306909264,5679.782861534515,-599.3949648944614,20854.43593486686,4523.540859933924,11747.724970048066
strength_roof,N16,-32.0,185.0,116.0,530.1412590060229,71.34699746330067,-277.26653123420317,-13834.372031966954,273.74350598953464,-82429.39004715848
strength_roof,N17,-32.0,185.0,143.183,7.187826040453739e-09,-7.479377530795044,-1.633790586291473e-11,-4.059088573382581e-11,-1.2693124851211575e-13,3.558050630836941e-10
strength_roof,N18,-32.0,185.0,171.82,3.3342267556795786e-09,-7.674110163529277,1.1311083777022706e-09,-1.4141774364275293e-09,2.3307390981704028e-14,7.331180718424472e-10
strength_roof,N19,-32.0,185.0,200.457,-4.317417555959151e-11,-7.272137234241781,3.1304889943672215e-11,-9.498707877202347e-11,-5.4120946323668185e-15,-6.393175102018952e-11
strength_roof,N20,-32.0,185.0,226.093,3.3768913969397545,205.960151553154,-8.142348736524582,191.8637792468071,-43.872084339149296,94.95920550287701
strength_roof,N28,-32.0,253.0,115.0,-2.4832620277792206,14.78350486543677,48.12916859116334,55.66188353607104,29.69562349458461,94.76711352851099
strength_roof,N32,-32.0,253.0,226.093,0.23843495920300484,9.535284362733364,-9.157812116667628,172.09960499685258,-16.078120598569512,-6.7792890452547
strength_roof,N77,-32.0,-63.0,115.0,73.83662948190224,-964.2013177243933,3339.811532724103,5319.354856559327,1055.57887281516,-368.28866131410274
strength_roof,N79,-32.0,-63.0,117.0,25.76954981064955,-991.0640340445798,-3274.4601072709484,-4107.7429865679005,492.96264034631895,-452.29820531214864
strength_roof,N126,-32.0,69.75,115.0,66.63006156916425,238.05823953962002,-17.468508992830248,-1393.6750227028263,-1959.8044709074204,1518.7400251588142
strength_roof,N148,-32.0,249.0,115.0,-244.53910650054303,482.80966086123965,1443.4736800475985,2542.7639891655635,4620.652535970726,10991.470045947843
strength_roof,N149,-32.0,252.0,115.0,1.5646810503127329,347.60049217826315,-12.020045157806528,-684.145980514047,-83.51500911896005,-179.80700295336314
strength_roof,N232,-32.0,69.75,150.143,-12.366222620184999,-1575.2525379483122,35.082720064994646,309.9640347858658,30.637876040084734,389.50155810562865
strength_roof,N247,-32.0,69.75,116.0,261.0038322444302,-153.75698169160643,18.088264636740988,-7.375658903248158,-1888.5777068130112,-2205.4817896918976
strength_roof,N368,-32.0,-0.0,117.5,-108.61784590839419,-2204.5881014138968,-394.714770220965,-4090.9271764225864,-1059.159376244252,976.8915355649913
strength_roof,N369,-32.0,-0.0,134.148,-3.939039412002719e-12,-1.114417918973261,-3.672240784326258e-12,-3.937578363128899e-12,-5.182674838250566e-15,-3.947526797606183e-12
strength_roof,N370,-32.0,-0.0,150.796,108.61784579317785,2175.1083159562963,394.7147702185514,-9051.495814390468,1059.1593762443606,2639.648262316643
strength_roof,N371,-32.0,69.75,117.5,-194.18493251726613,395.53017322695814,-35.52222836090368,-1314.2176537569176,-71.11346129018466,3495.8915609674004
strength_roof,N372,-32.0,69.75,142.022,9.094947017729282e-13,-2.737952422699891,-7.275957614183426e-12,-1.4551915228366852e-11,0.0,0.0
strength_roof,N380,-32.0,185.0,117.5,-594.0859691855491,-3321.266486750069,515.7078085041195,25371.49415733083,292.901071789513,46939.01359831396
strength_roof,N381,-32.0,185.0,144.148,-3.0060958596583665e-09,-1.7838561172039846,3.1141756284258996e-11,-3.898899359497505e-11,6.670087633664556e-14,-1.4750933380145888e-09
strength_roof,N382,-32.0,185.0,170.797,2.3749190150242796e-09,-1.7838561172616314,-1.3358027195697182e-09,-4.988797045488161e-10,3.4147410446413796e-15,7.470346354267259e-10
strength_roof,N383,-32.0,185.0,197.445,4.122550617740942e-12,-1.211736520351404,-2.990217420249953e-11,8.95148068793608e-11,-2.0676629109996954e-15,2.6509357616124808e-11
strength_roof,N384,-32.0,185.0,207.0,188.29032707214355,-2286.3302841186523,470.34502440690994,16529.20604467392,2971.254623413086,2575.6425166912377
strength_roof,N385,-32.0,185.0,224.093,407.3437403321681,5398.394648414067,-982.1857171957591,21179.550112862315,-3224.269065912745,10639.941436613231
strength_roof,N402,-32.0,69.75,193.643,17.193527072668076,-1506.3789736926556,30.221155405044556,-1599.9185190200806,155.61327115650056,-3068.0745935440063
strength_roof,N548,-32.0,69.75,120.0,194.1849324364739,-399.8635930644814,35.522228550406,1225.412082379611,71.11346129082858,-3010.429230571026
strength_roof,N549,-32.0,69.75,147.143,-194.18493243648845,402.4800731523428,-35.52222855036962,-261.2322328358423,-71.1134612908287,-2260.3323905523575
strength_roof,N601,-32.0,120.0,222.655,153.74941653812212,-124.770254339413,-62.73415543131101,-658.3729311798639,-338.81597267529975,-2395.1506138226964
strength_roof,N608,-32.0,150.0,226.093,-694.8820602905574,-169.76216388108918,-223.97174489050775,4465.839457735614,-531.8726812495296,-7756.276883534479
strength_roof,N625,-32.0,235.0,226.093,-114.11896698698808,-153.55866501926715,17.11318679657381,-2678.8664280283856,1752.6786096188757,-6930.568315243954
strength_roof,N629,-32.0,249.0,226.093,-54.54705554860703,795.6468424859172,-304.05379770739023,16713.04791894103,323.91281356759987,-2757.95141724829
strength_roof,N630,-32.0,250.411,226.093,5.530661501534867e-10,-2.8093456169423296,3.1551580029957163e-09,2.4369417780312106e-09,-7.496250558482776e-10,-1.5316218094929276e-12
strength_roof,N631,-32.0,252.0,226.093,-1.5626034140586853,-311.74064871296287,11.935755729675293,-684.604326248169,83.4041125997901,6.823183953762054
strength_HB0.25,N5,-32.0,0.0,115.0,-15.980856655214367,8995.116719086032,52.0415374301665,-4636.67855097698,-946.324080892987,-636.4786825771598
strength_HB0.25,N6,-32.0,0.0,130.311,1.3464988530915858e-12,-5.141644613426467,1.2764797576179993e-12,5.114244828374273e-13,-1.0261035350434024e-13,2.584893165803752e-12
strength_HB0.25,N7,-32.0,0.0,153.373,-175.50998336991324,228.3432006497169,-92.40940075769322,1851.7192197201075,-1824.1500774589003,-3272.400307194228
strength_HB0.25,N15,-32.0,185.0,115.0,753.3529595797065,6195.059317319658,-764.5494575810038,16491.223914902945,8161.399309772235,21117.960165435667
strength_HB0.25,N16,-32.0,185.0,116.0,841.0403845105847,-2379.095446598163,-233.04671400078703,-11167.517068151576,1172.7882425623513,-139418.23093067578
strength_HB0.25,N17,-32.0,185.0,143.183,1.070816001589921e-08,-7.479377530779068,-4.8570642672010864e-11,-8.154401982124382e-13,6.368519454246402e-14,1.758555438952394e-09
strength_HB0.25,N18,-32.0,185.0,171.82,-3.095842467394175e-09,-7.674110163571053,1.0951828935450256e-09,8.036508164701203e-11,-2.532662880237703e-13,-2.025083314565685e-09
strength_HB0.25,N19,-32.0,185.0,200.457,5.342135911564824e-12,-7.272137234262006,1.0138951928216939e-10,-3.538711067422467e-10,1.2290159852423196e-14,-1.1394719402005903e-10
strength_HB0.25,N20,-32.0,185.0,226.093,5.3994773626327515,135.9181331396103,-5.3555030785501,135.1286766976118,-68.74307763576508,139.94377091131173
strength_HB0.25,N28,-32.0,253.0,115.0,-1.669822356813105,14.788699427026142,48.5620018199976,59.88755540943248,49.75848992573578,155.97669957676746
strength_HB0.25,N32,-32.0,253.0,226.093,0.22755561023950577,10.055483811534941,-7.939938876777887,126.25503636477515,-20.062257081270218,-32.89843872630445
strength_HB0.25,N77,-32.0,-63.0,115.0,47.941808991940306,-727.6763926133056,2792.236445848297,3493.0273989864845,328.7809193503625,-279.4683103769322
strength_HB0.25,N79,-32.0,-63.0,117.0,10.107355240668312,-1117.4720994000627,-2736.425661888148,-1963.044701182429,45.133814825670925,-213.91125486347352
strength_HB0.25,N126,-32.0,69.75,115.0,57.07993173328722,187.18480308636936,-8.467751119528522,-1118.4805366062437,-2319.0218917378843,2671.7405861798998
strength_HB0.25,N148,-32.0,249.0,115.0,-447.8911582580569,420.43411048089047,1414.3948128640454,2413.0787737518344,9611.09787196866,19220.796983744975
strength_HB0.25,N149,-32.0,252.0,115.0,1.55931639625401,292.56416252718475,-10.421713733084491,-595.0992140751083,-104.21482876160759,-260.50177903559285
strength_HB0.25,N232,-32.0,69.75,150.143,-32.58849541649761,-1971.454921159544,28.70778695042827,243.27172899775906,21.245637709598668,785.5235862006593
strength_HB0.25,N247,-32.0,69.75,116.0,349.6185234726892,-204.8569082148948,20.725743337879845,-5.211852759415772,-2219.8990585331953,-2955.489755053889
strength_HB0.25,N368,-32.0,-0.0,117.5,-131.78970787956604,-1372.9311878147375,-345.9183794090371,-4230.663036168163,-993.4141263225227,1608.057494238719
strength_HB0.25,N369,-32.0,-0.0,134.148,-3.927235089682597e-13,-1.1144179189676422,-3.2930631606083526e-12,-5.73686129195584e-12,2.6686458743665342e-14,3.0223299637920675e-12
strength_HB0.25,N370,-32.0,-0.0,150.796,131.78970786330146,1343.451402356633,345.9183792370459,-7287.035324564483,993.4141263226622,2780.0126191590953
strength_HB0.25,N371,-32.0,69.75,117.5,-292.25438235519687,395.75289297965355,-29.165135878443834,-1059.9798809706845,-98.96515490483739,5240.406237141346
strength_HB0.25,N372,-32.0,69.75,142.022,-1.8189894035458565e-12,-2.7379524228163064,-3.637978807091713e-12,0.0,0.0,0.0
strength_HB0.25,N380,-32.0,185.0,117.5,-961.0285703601362,-2015.8124530095888,419.78841114992355,20474.955744915937,70.58864681410589,77894.63117754748
strength_HB0.25,N381,-32.0,185.0,144.148,-1.0477363676320427e-08,-1.7838561171646818,-1.2317575610281589e-11,1.4333145158382506e-11,-1.7645498820261548e-13,3.709934598071218e-09
strength_HB0.25,N382,-32.0,185.0,170.797,1.1100583198556352e-08,-1.7838561171704097,6.874177692340678e-10,-3.090318856932926e-10,-4.415184162878097e-14,-1.954377075876459e-09
strength_HB0.25,N383,-32.0,185.0,197.445,-6.552569605617214e-11,-1.2117365203475843,-1.740558328614529e-11,-9.898988031186421e-11,3.3158253698202776e-14,1.5959641013778669e-10
strength_HB0.25,N384,-32.0,185.0,207.0,312.2741508483887,-1927.436710357666,228.1044059097767,13239.222615242004,5049.294435501099,3702.582032121718
strength_HB0.25,N385,-32.0,185.0,224.093,651.3218912816363,3748.6638734770017,-646.0173725842453,15008.110567660728,-5052.100495428583,15578.331081172353
strength_HB0.25,N402,-32.0,69.75,193.643,40.32818877696991,-1981.9707766622305,25.630531311035156,-1337.0639290809631,-2.818239169951994,-5373.579469352961
strength_HB0.25,N548,-32.0,69.75,120.0,292.2543818540871,-400.0863128628116,29.165135850358638,987.0670413710322,98.96515490573711,-4509.770284357015
strength_HB0.25,N549,-32.0,69.75,147.143,-292.25438185404346,402.7027929511387,-29.165135850314982,-195.43775898483,-98.96515490573688,-3422.8904023077957
strength_HB0.25,N601,-32.0,120.0,222.655,146.1306976458558,-132.1113677962577,-59.5613473831838,-1158.0423461756325,-383.53835089829283,-3344.634150401591
strength_HB0.25,N608,-32.0,150.0,226.093,-966.3772462848219,-185.90489077233192,-301.7674860151849,4416.512811038956,-1640.4564714395485,-9549.965976426853
strength_HB0.25,N625,-32.0,235.0,226.093,-433.5816032447552,-159.5890541705806,112.11995843488994,-2584.379922388587,2628.9876878422156,-7718.015974782072
strength_HB0.25,N629,-32.0,249.0,226.093,112.05709645374205,365.72064263421686,-257.53278313241617,11122.635638455677,-565.1038008536211,-7280.296642093041
strength_HB0.25,N630,-32.0,250.411,226.093,3.5073520248698424e-09,-1.2812667491704448,1.5268411971278193e-09,9.49330876051257e-10,-5.349989234141372e-10,-4.016112885520909e-12
strength_HB0.25,N631,-32.0,252.0,226.093,-1.5572457909584045,-256.7773997783661,10.348632335662842,-591.6479630470276,104.07644571177661,87.91083878278732
strength_HB0.5,N5,-32.0,0.0,115.0,-16.58934935660661,9000.65419850879,51.12879028019597,-4591.040360836748,-951.8558414571156,-619.0368724720583
strength_HB0.5,N6,-32.0,0.0,130.311,-9.162880031897245e-13,-5.141644613431782,3.7121496703177525e-12,2.1231992226738026e-12,-7.292993856584238e-14,-9.337891002036457e-13
strength_HB0.5,N7,-32.0,0.0,153.373,-177.01012439256738,227.16733530524652,-93.36083546436643,1837.136995674111,-1832.6671289359365,-3261.0186151601174
strength_HB0.5,N15,-32.0,185.0,115.0,777.3227997375019,5926.773785124707,-722.7069977828476,16519.08606096353,8453.384010389176,21087.879033954556
strength_HB0.5,N16,-32.0,185.0,116.0,884.3846985230498,-2084.9286637249884,-233.2923058224251,-11129.091059175757,1338.726556601296,-141618.39946586537
strength_HB0.5,N17,-32.0,185.0,143.183,5.626072289396284e-09,-7.479377530837422,-4.829700972622551e-11,9.10356484137882e-12,1.5675317882218384e-13,5.631675533465382e-10
strength_HB0.5,N18,-32.0,185.0,171.82,1.0017730399760762e-08,-7.674110163579678,1.081273852553719e-09,-3.057104345249657e-11,-3.9182492236063315e-14,2.1964183092243683e-09
strength_HB0.5,N19,-32.0,185.0,200.457,-4.9189593974000555e-11,-7.272137234235913,1.588680327994955e-10,-2.1381221951637564e-10,4.599979309611412e-14,-2.4176712456480994e-10
strength_HB0.5,N20,-32.0,185.0,226.093,5.5067458152771,136.40451765060425,-5.472202446311712,136.53607706725597,-70.46292594075203,142.98898420203477
strength_HB0.5,N28,-32.0,253.0,115.0,-1.4729066660343064,15.032835237579672,47.387455224000654,60.59297291296863,53.696895906016984,157.79189724268835
strength_HB0.5,N32,-32.0,253.0,226.093,0.21491922810673714,10.189912260510027,-7.873517949134111,125.44982186285779,-21.342527490109205,-35.52157769682526
strength_HB0.5,N77,-32.0,-63.0,115.0,49.29114276455199,-728.9827095685947,2789.4304592338945,3514.4523052804366,348.2489474427165,-279.0554147547635
strength_HB0.5,N79,-32.0,-63.0,117.0,11.075472971080671,-1116.9839312537179,-2734.642036455596,-1944.83093774991,54.013143297888746,-226.83270948107509
strength_HB0.5,N126,-32.0,69.75,115.0,51.70588821219602,188.2939773706431,-7.6353527365890494,-1120.7508061448325,-2440.352732277536,2718.6488842043705
strength_HB0.5,N148,-32.0,249.0,115.0,-482.9910192351141,421.54341026203076,1374.0875773541359,2318.2062298106252,10535.243810838432,19515.634045286883
strength_HB0.5,N149,-32.0,252.0,115.0,1.4977457492344595,295.6622447696772,-10.334505959037044,-589.8761616013908,-110.86562340600213,-261.77599222948095
strength_HB0.5,N232,-32.0,69.75,150.143,-33.971106326625886,-1976.3696014150046,28.786460175469983,244.04520577235962,21.673826975905854,812.8406487284519
strength_HB0.5,N247,-32.0,69.75,116.0,348.41827659918846,-205.7130295442418,21.682259317970377,-5.1111919002055615,-2334.2721320144638,-2992.9416360699333
strength_HB0.5,N368,-32.0,-0.0,117.5,-130.92899540964555,-1373.0394272605856,-346.1620249271417,-4241.755789006944,-986.6300859771699,1600.6603204387582
strength_HB0.5,N369,-32.0,-0.0,134.148,-1.2321850160315806e-12,-1.1144179189593693,-5.1328676441713756e-12,7.93580315259853e-12,2.868394194077352e-14,5.662739293797982e-13
strength_HB0.5,N370,-32.0,-0.0,150.796,130.9289954086512,1343.5596418043144,346.1620248673608,-7284.054993118592,986.6300859772131,2758.75151058739
strength_HB0.5,N371,-32.0,69.75,117.5,-296.42410492902854,397.6854504076764,-29.28912953035615,-1062.9941094838578,-105.9118541094931,5313.061062793306
strength_HB0.5,N372,-32.0,69.75,142.022,1.8189894035458565e-12,-2.7379524229327217,0.0,0.0,0.0,-3.637978807091713e-12
strength_HB0.5,N380,-32.0,185.0,117.5,-981.3462149641695,-2029.5630348457717,417.7462513291184,20405.375268656888,103.54275171840736,79495.99470671077
strength_HB0.5,N381,-32.0,185.0,144.148,-4.268231608647676e-09,-1.7838561171809912,-7.130529658520247e-13,-5.371617484240565e-13,-3.158788326295077e-14,2.0446422983739416e-09
strength_HB0.5,N382,-32.0,185.0,170.797,1.8652957077539667e-09,-1.7838561172404745,-1.5321283775976217e-10,5.449432608238301e-10,8.251215672985972e-14,-3.306411030403693e-09
strength_HB0.5,N383,-32.0,185.0,197.445,1.357956426836206e-10,-1.2117365203410084,-9.374458029065193e-12,-2.1749684550371982e-12,3.7610458872757925e-14,-2.2572544964893235e-10
strength_HB0.5,N384,-32.0,185.0,207.0,319.71358489990234,-1925.0447359085083,244.35733529925346,13224.91668510437,5144.007720947266,3800.167606599629
strength_HB0.5,N385,-32.0,185.0,224.093,664.2612813134011,3760.1198997091637,-660.0945130730898,15149.726598704838,-5178.496435184786,15919.78674526294
strength_HB0.5,N402,-32.0,69.75,193.643,41.13342481851578,-1989.8286907225847,25.714842557907104,-1341.2185552120209,-12.880588483298197,-5468.000479340553
strength_HB0.5,N548,-32.0,69.75,120.0,296.4241048208787,-402.01887027174234,29.289129162119934,989.7712868811504,105.91185411028982,-4572.000801840681
strength_HB0.5,N549,-32.0,69.75,147.143,-296.4241048207987,404.63535035960376,-29.28912916209083,-194.77645403365023,-105.91185411028982,-3473.838675310595
strength_HB0.5,N601,-32.0,120.0,222.655,159.9947503226603,-136.127915817757,-66.57784986770726,-1164.551649518841,-344.9778866802924,-3385.1753504810204
strength_HB0.5,N608,-32.0,150.0,226.093,-994.7598273070803,-186.88338185378464,-311.2345122227963,4453.8597900185905,-1638.6458702485593,-9666.665135841627
strength_HB0.5,N625,-32.0,235.0,226.093,-472.7449418908697,-159.57742876321402,125.05847247872865,-2574.342046587725,2628.5969195395874,-7724.192331488731
strength_HB0.5,N629,-32.0,249.0,226.093,144.284621670537,349.7905392527704,-253.12817813703722,10933.077048195897,-834.2829061140325,-7639.908011418095
strength_HB0.5,N630,-32.0,250.411,226.093,-5.644274982056865e-10,-1.2812667499799948,2.6520883590521935e-09,2.0592730938090575e-09,-1.6944079788339568e-09,-2.3698187150975328e-11
strength_HB0.5,N631,-32.0,252.0,226.093,-1.4957568049430847,-259.8713681977242,10.26203441619873,-586.9401211738586,110.71840901114047,95.97145885229111
strength_HB0.75,N5,-32.0,0.0,115.0,-18.979389767994135,8990.155047426008,49.763940239055955,-4533.898958284743,-902.6072173281655,-558.711351108026
strength_HB0.75,N6,-32.0,0.0,130.311,-6.940670421889745e-13,-5.141644613427442,2.3383633318330253e-12,7.108725232265695e-12,-5.609592558748662e-14,1.9249938545267847e-12
strength_HB0.75,N7,-32.0,0.0,153.373,-181.6251659598638,222.8542968761176,-108.09499625796889,1855.6549629431684,-1794.6363574597926,-3261.826640809326
strength_HB0.75,N15,-32.0,185.0,115.0,725.885025818114,5648.544178235678,-681.5431995225257,16522.250004579957,7923.693987333794,18974.024218750492
strength_HB0.75,N16,-32.0,185.0,116.0,852.7601340986996,-1786.0218261161845,-231.83244537162014,-11075.242039969053,1324.2391773580325,-130602.3326356996
strength_HB0.75,N17,-32.0,185.0,143.183,3.5646266575099146e-09,-7.479377530801892,-3.448891866710198e-11,3.4848282188251436e-13,3.110920134356184e-14,2.380882860128582e-09
strength_HB0.75,N18,-32.0,185.0,171.82,2.380017928457848e-09,-7.674110163539615,7.057571351404161e-10,-4.666929456590282e-10,1.9213312011379146e-13,2.0606039900893656e-09
strength_HB0.75,N19,-32.0,185.0,200.457,9.127149783298324e-11,-7.272137234237797,-5.614779137912245e-11,-1.863471154414634e-10,-6.842299099607647e-14,1.970889283086976e-11
strength_HB0.75,N20,-32.0,185.0,226.093,5.1362892389297485,136.60848063230515,-5.580464355647564,137.73228719830513,-66.08737048506737,135.3930206040386
strength_HB0.75,N28,-32.0,253.0,115.0,-1.319868337624045,15.341577177186416,46.02712269025126,60.79097426576341,52.876017898640995,145.12997831450753
strength_HB0.75,N32,-32.0,253.0,226.093,0.20886574685573578,10.180976203642786,-7.8045075591653585,124.51871771831065,-21.30315489321947,-31.51163083508436
strength_HB0.75,N77,-32.0,-63.0,115.0,52.34402000698065,-729.6307295302718,2781.814658542304,3536.1936674243984,433.9900462598615,-289.8494952759173
strength_HB0.75,N79,-32.0,-63.0,117.0,13.377446733027682,-1114.2356827146564,-2728.997627438919,-1926.0761020041246,115.10687223477362,-255.61726141026247
strength_HB0.75,N126,-32.0,69.75,115.0,48.86729374590898,189.285573969449,-7.832061577511379,-1122.082855737432,-2432.968212516599,2389.846631464649
strength_HB0.75,N148,-32.0,249.0,115.0,-470.89975101392105,412.925558396002,1335.7783837438913,2165.169035792387,10379.697293252955,17920.775251741266
strength_HB0.75,N149,-32.0,252.0,115.0,1.457569950368919,295.02102237821816,-10.244009908319976,-584.9646461863952,-110.66086363644315,-244.8080802854125
strength_HB0.75,N232,-32.0,69.75,150.143,-32.107508251603576,-1987.9226482687518,28.93084902263945,247.0492498681997,25.599357850201386,785.6782444008713
strength_HB0.75,N247,-32.0,69.75,116.0,343.14658966950924,-210.85756550234953,21.57425618684104,-5.009766956091865,-2324.6594219919575,-3273.946770568899
strength_HB0.75,N368,-32.0,-0.0,117.5,-130.95871837828204,-1369.4571890461548,-346.73114276304557,-4256.53884495626,-983.3877145497827,1551.035181781454
strength_HB0.75,N369,-32.0,-0.0,134.148,-1.1905769400780609e-12,-1.1144179189716572,-1.078915315518462e-12,-6.247989674956541e-12,-5.902657260808139e-15,8.441113686825327e-12
strength_HB0.75,N370,-32.0,-0.0,150.796,130.9587183314005,1339.977403588767,346.73114257798557,-7288.221281679235,983.3877145498723,2809.366304575924
strength_HB0.75,N371,-32.0,69.75,117.5,-293.99340102338465,403.7193504164461,-29.377750577652478,-1064.0967411465026,-108.13649998791584,5266.1205875912565
strength_HB0.75,N372,-32.0,69.75,142.022,9.094947017729282e-13,-2.7379524229327217,-7.275957614183426e-12,-1.4551915228366852e-11,-1.1368683772161603e-13,-1.8189894035458565e-12
strength_HB0.75,N380,-32.0,185.0,117.5,-915.6924974551976,-2039.0635407849281,415.12816829340994,20307.50998970241,165.5887123000983,73861.32000390063
strength_HB0.75,N381,-32.0,185.0,144.148,3.6152270898090485e-09,-1.7838561171611742,9.638075552087607e-12,-9.991850001472725e-12,-3.982463014327142e-13,2.050919138436528e-09
strength_HB0.75,N382,-32.0,185.0,170.797,-3.1727408561533658e-09,-1.7838561172718408,5.84300756537114e-10,2.302562399490485e-10,-1.2938131195603176e-13,2.2678662252967093e-09
strength_HB0.75,N383,-32.0,185.0,197.445,-5.050800983408014e-12,-1.2117365203426793,-2.313399530283103e-11,-5.303904146567238e-11,1.3228776385812207e-14,1.340447234098416e-11
strength_HB0.75,N384,-32.0,185.0,207.0,298.5729522705078,-1920.1488676071167,260.1646700799465,13193.248947143555,4755.171457290649,3620.426694661379
strength_HB0.75,N385,-32.0,185.0,224.093,619.5743731752866,3764.9239340958684,-673.153798949023,15267.903169470996,-4856.925938312302,15092.883550979954
strength_HB0.75,N402,-32.0,69.75,193.643,47.24765205383301,-1980.200110733509,25.452744245529175,-1337.351743221283,27.02449828531826,-5280.6940031945705
strength_HB0.75,N548,-32.0,69.75,120.0,293.993400615931,-408.0527702837717,29.37775055434031,990.6523648682196,108.13649998797291,-4531.137087383773
strength_HB0.75,N549,-32.0,69.75,147.143,-293.9934006158619,410.66925037209876,-29.377750554296654,-193.2520815716416,-108.13649998797246,-3448.725785532786
strength_HB0.75,N601,-32.0,120.0,222.655,154.2097650906275,-133.63121232459733,-63.95030677513001,-1116.828192466477,-321.2898821836975,-3276.882037486721
strength_HB0.75,N608,-32.0,150.0,226.093,-943.6624586899057,-183.55341496679844,-297.2874263968939,4382.106399938228,-1384.3547551161846,-9326.020316935443
strength_HB0.75,N625,-32.0,235.0,226.093,-453.3695810077468,-158.73561660328608,121.45629069248334,-2562.352053073183,2385.9165539696323,-7557.209449437262
strength_HB0.75,N629,-32.0,249.0,226.093,150.31726820753371,343.1158352584716,-250.56466272034112,10793.2120048502,-890.3200237511534,-6907.170764200182
strength_HB0.75,N630,-32.0,250.411,226.093,-2.7326371383207926e-09,-1.28126675082551,2.383495358024282e-09,-6.995249929100954e-11,-4.333305019356595e-10,-2.5763414105600523e-11
strength_HB0.75,N631,-32.0,252.0,226.093,-1.4556344747543335,-259.2309972681105,10.172173500061035,-581.5469522476196,110.51392113417387,83.47560381889343
strength_HT0.25,N5,-32.0,0.0,115.0,-47.27374395049287,10636.585642617883,56.52895993137645,-5468.349815650389,-849.0412113404127,-171.05990089324723
strength_HT0.25,N6,-32.0,0.0,130.311,-1.3641740575446832e-12,-5.141644613441559,6.139229402351218e-12,4.901749495694736e-12,-3.957536352376919e-14,-2.0908590534316255e-12
strength_HT0.25,N7,-32.0,0.0,153.373,-206.77313631190918,213.85005280305631,-166.16972377667844,1885.798152539297,-1676.2896687818575,-3379.9964424505015
strength_HT0.25,N15,-32.0,185.0,115.0,622.7158206452664,5699.1932249954825,-600.3736051503578,19870.037229009,6800.7207101770055,16952.390545758906
strength_HT0.25,N16,-32.0,185.0,116.0,737.6640007767451,-1432.836937734355,-270.2205152913451,-13186.009145656204,907.0895578969977,-115329.68356855081
strength_HT0.25,N17,-32.0,185.0,143.183,1.488409437269299e-08,-7.479377530717082,-3.422711277832236e-11,-1.6879294928926016e-11,-1.2274395220606313e-13,-3.6980301005603624e-10
strength_HT0.25,N18,-32.0,185.0,171.82,1.9448862887043495e-09,-7.674110163569948,-1.2791197932190643e-11,5.700849506547785e-10,1.9703164377512148e-13,2.6017743656664947e-09
strength_HT0.25,N19,-32.0,185.0,200.457,-1.1572563443149887e-10,-7.272137234249702,1.7682134246866992e-11,-1.2462740719419194e-10,-3.618857270570517e-15,-2.8719646684223837e-10
strength_HT0.25,N20,-32.0,185.0,226.093,4.594176203012466,160.79138553142548,-6.702919486910105,163.39027281105518,-59.28280910849571,122.89518615463749
strength_HT0.25,N28,-32.0,253.0,115.0,-1.9903063508258811,14.760912721762166,47.53633938403855,57.988449097432806,43.84157240327279,128.48661697536093
strength_HT0.25,N32,-32.0,253.0,226.093,0.2148761861026287,9.381797388195992,-8.742007745429873,136.7860626829788,-19.77308475226164,-23.802164934502798
strength_HT0.25,N77,-32.0,-63.0,115.0,70.823101198428,-867.3656825055868,3339.034873599391,4063.895863084617,819.3432692333978,-320.2370349510878
strength_HT0.25,N79,-32.0,-63.0,117.0,21.32969376876099,-1447.8772995978447,-3284.680524884403,-1712.63874977472,293.8716818239991,-372.7563614892242
strength_HT0.25,N126,-32.0,69.75,115.0,74.70938216294331,196.97392888873804,-14.05154694454598,-1355.3455443426528,-2353.194548896042,1337.8767887100728
strength_HT0.25,N148,-32.0,249.0,115.0,-383.6932774886743,391.28690195591963,1399.9013234766435,2357.3248366126522,8059.184695177616,15726.086454259701
strength_HT0.25,N149,-32.0,252.0,115.0,1.4727474617223155,281.7154450117168,-11.473835722379373,-653.7673678255516,-102.71074115669846,-222.57938067447478
strength_HT0.25,N232,-32.0,69.75,150.143,-25.439833767908567,-2808.3780531480443,35.24065264646197,300.28014725854155,37.93653976292455,713.136998737471
strength_HT0.25,N247,-32.0,69.75,116.0,442.2270522757042,-337.7607376608519,21.319553238387865,-6.4060670076628705,-2250.943363231542,-5750.304888816857
strength_HT0.25,N368,-32.0,-0.0,117.5,-146.95719810717011,-1446.4100943231988,-423.5739907154657,-5459.259736768713,-1117.7670132870726,1747.8324065541572
strength_HT0.25,N369,-32.0,-0.0,134.148,-3.924416428617098e-12,-1.1144179189611014,-4.385641755891356e-12,5.435495650469675e-12,-7.43143279483212e-15,1.4830621628714078e-11
strength_HT0.25,N370,-32.0,-0.0,150.796,146.9571980420544,1416.9303088642366,423.5739906146805,-8644.059858950379,1117.7670132871492,3145.2544620488666
strength_HT0.25,N371,-32.0,69.75,117.5,-367.1605927583878,536.0685824376997,-35.33673521548917,-1280.5859476956684,-102.08853117104331,6605.191238245752
strength_HT0.25,N372,-32.0,69.75,142.022,4.547473508864641e-13,-2.7379524228163064,0.0,-1.4551915228366852e-11,0.0,-1.8189894035458565e-12
strength_HT0.25,N380,-32.0,185.0,117.5,-813.7564583303831,-2201.8744254195512,492.94923481939134,24180.09582103401,245.46911056211073,65309.46835709736
strength_HT0.25,N381,-32.0,185.0,144.148,-5.862685917474848e-09,-1.783856117247829,-2.574535192528871e-12,-2.6650679878831596e-11,-1.163647433062516e-14,-2.4070465207310475e-10
strength_HT0.25,N382,-32.0,185.0,170.797,6.285618620422212e-09,-1.7838561171760898,1.8124381308214223e-09,4.573687910441043e-10,1.0305074182274054e-13,-2.304394004701542e-09
strength_HT0.25,N383,-32.0,185.0,197.445,1.3252908338334313e-10,-1.2117365203478665,1.0770480377065926e-10,1.0852802946349045e-10,2.3854740770081395e-14,-1.8817524384683628e-10
strength_HT0.25,N384,-32.0,185.0,207.0,261.72740936279297,-2344.1991872787476,318.2190116047859,15797.171891212463,4167.315361022949,3305.4302068799734
strength_HT0.25,N385,-32.0,185.0,224.093,554.180930235812,4334.514635897565,-808.5518912390261,18092.14860580443,-4356.841719542701,13716.096129579975
strength_HT0.25,N402,-32.0,69.75,193.643,52.1001486107707,-2750.9560955762863,29.53931427001953,-1615.8570427894592,201.05943057894183,-6385.753492396325
strength_HT0.25,N548,-32.0,69.75,120.0,367.16059432789916,-540.4020022854675,35.33673464597814,1192.2441116095724,102.08853117211538,-5687.289752785175
strength_HT0.25,N549,-32.0,69.75,147.143,-367.1605943278919,543.0184823735617,-35.336734645970864,-233.09912311370135,-102.08853117211493,-4278.550259056516
strength_HT0.25,N601,-32.0,120.0,222.655,126.34332887996113,-121.05611983780602,-52.56458754263136,-766.0850140193294,-159.78506572624576,-2803.435472611548
strength_HT0.25,N608,-32.0,150.0,226.093,-869.869662063353,-180.7541291503242,-276.50067436703904,4680.902315993359,-1043.0469393137664,-8941.033920962724
strength_HT0.25,N625,-32.0,235.0,226.093,-295.5293078239166,-156.04579643641742,70.72679992853865,-2669.612536174941,2267.507120010772,-7365.217054959527
strength_HT0.25,N629,-32.0,249.0,226.093,42.854423735405526,349.36865448106414,-287.0208710552641,12785.448342735754,-305.79997275133104,-5570.104473658804
strength_HT0.25,N630,-32.0,250.411,226.093,-2.0544286773396753e-09,-1.281266751900262,3.215509239410119e-09,6.519332302849237e-10,7.847850463733301e-10,-1.4127618145488965e-11
strength_HT0.25,N631,-32.0,252.0,226.093,-1.4707918167114258,-245.9430878777057,11.393375396728516,-652.7857518196106,102.57435533218086,59.62797290086746
strength_HT0.5,N5,-32.0,0.0,115.0,-47.70350087805576,10055.842748588315,54.01067926387259,-5130.251165350707,-896.9564332307125,-357.52102167252156
strength_HT0.5,N6,-32.0,0.0,130.311,-1.5113559896430414e-12,-5.141644613444405,6.591896166117757e-12,7.775366106394197e-12,-5.289615338725463e-14,-5.678047751871976e-12
strength_HT0.5,N7,-32.0,0.0,153.373,-216.35551586240763,207.92962028214242,-173.07431384145457,1897.9696463559521,-1757.406706291309,-3311.928169695515
strength_HT0.5,N15,-32.0,185.0,115.0,623.2657485110518,5597.491144681774,-611.1271256393094,18709.984596961567,6887.204481407774,16866.201179511005
strength_HT0.5,N16,-32.0,185.0,116.0,738.4788906231536,-1467.35033691786,-256.15642433157933,-12442.068830502736,984.6601146493018,-115350.2966946192
strength_HT0.5,N17,-32.0,185.0,143.183,6.820802916040893e-09,-7.4793775307689225,-4.321907512171811e-11,-1.9041883990917862e-11,6.336642378225556e-14,5.023399074742912e-10
strength_HT0.5,N18,-32.0,185.0,171.82,4.756050867003738e-09,-7.67411016354324,1.4633505433898398e-09,-8.093140494559057e-10,8.077586685377375e-14,1.6914989035907344e-09
strength_HT0.5,N19,-32.0,185.0,200.457,-6.126639633577854e-11,-7.272137234237908,8.407757875012678e-11,-2.2485251414130116e-10,-4.483974412318396e-14,-2.1620818315412062e-10
strength_HT0.5,N20,-32.0,185.0,226.093,4.587149739265442,152.42157512903214,-6.338720843195915,154.76119738817215,-59.20984157919884,122.6578300956171
strength_HT0.5,N28,-32.0,253.0,115.0,-1.8543872317845616,14.856338647124192,46.53609070158119,58.03604357003345,44.22206085898096,128.57341735382892
strength_HT0.5,N32,-32.0,253.0,226.093,0.2177848368883133,9.52903044782579,-8.394242772832513,132.19280751235783,-19.467841958627105,-23.50660631134815
strength_HT0.5,N77,-32.0,-63.0,115.0,69.13992461517256,-818.2203713659969,3138.283242284619,3878.7010954239026,734.1980683970677,-321.5020682708611
strength_HT0.5,N79,-32.0,-63.0,117.0,21.888229937561846,-1328.1283231307177,-3085.0969020965276,-1787.1781805242645,260.79071158864826,-361.94270081834475
strength_HT0.5,N126,-32.0,69.75,115.0,73.74878018316682,194.9134912679324,-12.163178709064189,-1275.2208625316337,-2353.861808217221,1644.9986773035027
strength_HT0.5,N148,-32.0,249.0,115.0,-387.7168273989096,391.525627395283,1367.06059117721,2239.343907145606,8243.040730909195,15734.738673687842
strength_HT0.5,N149,-32.0,252.0,115.0,1.4871053908431895,283.26113383398103,-11.017661124920284,-628.4761248864123,-101.12557046535335,-223.2902178314547
strength_HT0.5,N232,-32.0,69.75,150.143,-31.46484857037285,-2538.129848156357,33.20988041351666,285.5520554118557,37.676391864631114,825.0442595475761
strength_HT0.5,N247,-32.0,69.75,116.0,426.673956713256,-241.130954839132,21.220569489008497,-5.7913956207005635,-2247.744563161061,-5093.649129118113
strength_HT0.5,N368,-32.0,-0.0,117.5,-145.07581980144423,-1414.942425066124,-397.48627174551297,-5049.799738072495,-1073.254725753927,1665.3464771522983
strength_HT0.5,N369,-32.0,-0.0,134.148,-3.4775048125594068e-12,-1.1144179189682177,-2.4430972809964326e-12,2.1218613304997946e-12,2.6970157174380604e-15,1.593357208963235e-11
strength_HT0.5,N370,-32.0,-0.0,150.796,145.07581974881793,1385.4626396102262,397.4862716575246,-8184.903165274819,1073.25472575406,3165.098019029917
strength_HT0.5,N371,-32.0,69.75,117.5,-352.5822855416918,439.02253796276636,-33.35131839522364,-1206.017839330365,-105.94844077457446,6276.904737502395
strength_HT0.5,N372,-32.0,69.75,142.022,-5.684341886080801e-13,-2.7379524229327217,0.0,0.0,1.1368683772161603e-13,0.0
strength_HT0.5,N380,-32.0,185.0,117.5,-813.2626944915046,-2146.5311822906488,465.3755585463893,22815.477881084957,233.07092341450942,65287.02205310741
strength_HT0.5,N381,-32.0,185.0,144.148,5.491310691595485e-10,-1.7838561171837573,1.6673105853991835e-11,-1.8939116821685744e-11,-2.2758810944987796e-14,3.231996362596554e-09
strength_HT0.5,N382,-32.0,185.0,170.797,1.1708102154251448e-09,-1.7838561171871676,-2.7979856879944717e-10,-2.0667918805659136e-10,1.90499536796269e-14,3.698063834580581e-10
strength_HT0.5,N383,-32.0,185.0,197.445,1.072874632831567e-10,-1.2117365203509485,-8.39289806753368e-11,-1.2638757240403113e-10,6.342885917512805e-14,-1.2801615912251437e-10
strength_HT0.5,N384,-32.0,185.0,207.0,262.08411407470703,-2196.3844442367554,301.7249564528465,14888.577554225922,4174.446720123291,3296.057052537799
strength_HT0.5,N385,-32.0,185.0,224.093,553.3334000662031,4137.376772527835,-764.6197719246563,17139.11481133106,-4351.479156402422,13689.159697698204
strength_HT0.5,N402,-32.0,69.75,193.643,88.74663008749485,-2472.6848489642143,28.051228761672974,-1512.7854449748993,175.0851376317878,-6028.788742035627
strength_HT0.5,N548,-32.0,69.75,120.0,352.58228566800244,-443.3559578007553,33.351318722568976,1122.639542284407,105.94844077486232,-5395.4490238971775
strength_HT0.5,N549,-32.0,69.75,147.143,-352.58228566800244,445.9724378888495,-33.3513187225617,-217.38469819747843,-105.94844077486243,-4174.691955989187
strength_HT0.5,N601,-32.0,120.0,222.655,92.13683025419368,-113.56375839265779,-36.251348132709,-868.6458170352088,-184.40248933299685,-2946.415774660272
strength_HT0.5,N608,-32.0,150.0,226.093,-847.8592364756579,-180.16655197112183,-268.9418821208336,4545.216497855419,-1076.7363196826107,-8927.04103569468
strength_HT0.5,N625,-32.0,235.0,226.093,-309.1767304821934,-156.4500883531723,75.31535577792648,-2641.8094193398174,2254.1419027709944,-7375.751216879079
strength_HT0.5,N629,-32.0,249.0,226.093,53.67260288061349,351.501033164307,-275.1956626159589,12120.17842808762,-348.14368618400033,-5554.448408517714
strength_HT0.5,N630,-32.0,250.411,226.093,-1.8700253455382525e-09,-1.2812667507525262,2.4785803627309904e-09,1.2975353872472291e-09,-3.3193575329465245e-10,-3.8999547755275034e-12
strength_HT0.5,N631,-32.0,252.0,226.093,-1.4851306080818176,-247.48672423139215,10.94040060043335,-626.1322412490845,100.99128952808678,58.75379091501236
strength_HT0.75,N5,-32.0,0.0,115.0,-48.28866336843774,9489.249231195987,51.838625412245165,-4790.813532023138,-926.2724332694838,-451.10382814845866
strength_HT0.75,N6,-32.0,0.0,130.311,2.084106439329072e-12,-5.141644613419082,1.3721545675289113e-13,-3.482541453796901e-12,-5.5777410263258235e-14,2.6876171155898404e-12
strength_HT0.75,N7,-32.0,0.0,153.373,-196.96533702447778,208.33971280197147,-157.2137709588642,1911.7248782770475,-1739.9476411748037,-3311.9023759693664
strength_HT0.75,N15,-32.0,185.0,115.0,624.2610522265124,5495.8236553082415,-621.9034823697252,17552.74282536037,6931.953097015869,16834.00773781767
strength_HT0.75,N16,-32.0,185.0,116.0,738.8678149025477,-1501.731565058993,-241.86827968336814,-11699.865519435592,1035.452848639612,-115356.52800494635
strength_HT0.75,N17,-32.0,185.0,143.183,5.5178698705636075e-09,-7.479377530801632,-3.623124177195986e-11,-1.0415989613003576e-11,-1.1549179275700307e-13,3.100287521061258e-09
strength_HT0.75,N18,-32.0,185.0,171.82,2.269919579008743e-09,-7.674110163563819,2.381334519565572e-10,-3.919955352398663e-10,1.730689475861976e-14,-2.957152661578733e-10
strength_HT0.75,N19,-32.0,185.0,200.457,-1.8185323063903284e-11,-7.272137234233837,1.780709485296841e-11,-1.1854414652056905e-10,-2.5615299031599764e-14,1.8553817247777124e-10
strength_HT0.75,N20,-32.0,185.0,226.093,4.5803292989730835,144.07829421758652,-5.9761950597167015,146.16713021695614,-58.988027825951576,122.56159134814516
strength_HT0.75,N28,-32.0,253.0,115.0,-1.7317281221005367,14.939211362024706,45.51390098028679,58.021343557915166,44.45696390423965,128.71949329339134
strength_HT0.75,N32,-32.0,253.0,226.093,0.22234917432069778,9.67230561375618,-8.048223415389657,127.62087865686044,-19.16488615050912,-22.986719396576518
strength_HT0.75,N77,-32.0,-63.0,115.0,64.6730448563416,-770.0580883396448,2941.5212128001835,3697.5042857211165,659.2512764891814,-303.12396632857303
strength_HT0.75,N79,-32.0,-63.0,117.0,17.891860082187122,-1210.8405920389716,-2889.4293995932385,-1858.3676905473694,191.64503427333693,-300.27275977324825
strength_HT0.75,N126,-32.0,69.75,115.0,72.39323706339347,191.7601081108619,-10.443364475120383,-1195.114907698151,-2328.960216600562,1786.7550793408998
strength_HT0.75,N148,-32.0,249.0,115.0,-390.592784234669,391.62185868289276,1333.7640321748415,2120.413378172756,8389.219053441459,15743.87435609176
strength_HT0.75,N149,-32.0,252.0,115.0,1.511123836806754,284.71842869852054,-10.563776895883727,-603.3211458770987,-99.55222177098875,-224.30753954439638
strength_HT0.75,N232,-32.0,69.75,150.143,-34.25897030342094,-2276.7194430578966,31.059833236649865,267.7850533851015,33.68701192219703,884.9072987040399
strength_HT0.75,N247,-32.0,69.75,116.0,410.373785574584,-243.91112865728496,20.892119989810794,-5.314249895007208,-2223.010411517719,-4678.050663614943
strength_HT0.75,N368,-32.0,-0.0,117.5,-139.11184077548302,-1388.8825596124202,-372.0924152894327,-4655.5897038506355,-1090.8439726373297,1591.1807516366518
strength_HT0.75,N369,-32.0,-0.0,134.148,-5.053447224217305e-12,-1.114417918964329,-1.0117641195732055e-12,-1.6165113619065622e-11,-2.209618174329356e-14,3.673412406775051e-12
strength_HT0.75,N370,-32.0,-0.0,150.796,139.11184074463523,1359.4027741594552,372.0924151680585,-7733.599355932405,1090.8439726374836,3040.6870991356764
strength_HT0.75,N371,-32.0,69.75,117.5,-337.65218190004816,438.6555470065214,-31.305042757659976,-1131.2539496011887,-105.78126710065453,6024.369645359053
strength_HT0.75,N372,-32.0,69.75,142.022,-4.547473508864641e-13,-2.7379524228163064,3.637978807091713e-12,0.0,0.0,0.0
strength_HT0.75,N380,-32.0,185.0,117.5,-812.785702717894,-2091.375176331144,437.8703131342642,21454.038911058335,210.8954459667695,65252.09445897983
strength_HT0.75,N381,-32.0,185.0,144.148,3.2251978548700003e-09,-1.7838561171809575,2.9719259541192693e-12,-7.862737827117941e-12,1.4473968247125925e-14,3.2414384654277847e-09
strength_HT0.75,N382,-32.0,185.0,170.797,9.943009081237906e-09,-1.7838561171824872,1.0180058671888927e-09,-2.901117757321571e-13,-9.798729084221935e-14,-1.7546042570805834e-09
strength_HT0.75,N383,-32.0,185.0,197.445,-8.671930013694572e-11,-1.2117365203516592,1.4575794489183678e-11,-7.694456255076391e-12,5.719162525003292e-14,3.784203192192486e-11
strength_HT0.75,N384,-32.0,185.0,207.0,262.43265533447266,-2049.0259079933167,285.3653042912483,13982.578908920288,4180.40047454834,3284.0971676558256
strength_HT0.75,N385,-32.0,185.0,224.093,552.5107295166009,3940.8637726604647,-720.8893804571546,16189.900363314371,-4335.177513663109,13679.196104581277
strength_HT0.75,N402,-32.0,69.75,193.643,70.25496075302362,-2186.917127519846,26.739498138427734,-1414.450423002243,116.55523451269255,-5529.66606451571
strength_HT0.75,N548,-32.0,69.75,120.0,337.6521809072583,-442.98896687314846,31.305042730513378,1052.9913427864376,105.78126710154243,-5180.239195313654
strength_HT0.75,N549,-32.0,69.75,147.143,-337.65218090722556,445.6054469612427,-31.305042730498826,-203.27856795219122,-105.7812671015422,-3984.6539510509865
strength_HT0.75,N601,-32.0,120.0,222.655,104.90327673681251,-118.04895155285259,-40.9063509049726,-967.3369675792159,-293.95613697874535,-3026.6003761067386
strength_HT0.75,N608,-32.0,150.0,226.093,-841.065893091881,-179.45068644215422,-266.171741117576,4396.387146495079,-1127.8516819278707,-8859.890663870743
strength_HT0.75,N625,-32.0,235.0,226.093,-331.50706751246145,-157.17277164446028,83.08872955547177,-2617.2640487338,2219.1005659944753,-7387.249920206793
strength_HT0.75,N629,-32.0,249.0,226.093,71.48120935881546,353.9150168404039,-263.42426056324865,11457.569123475225,-393.84066519102686,-5519.616397658219
strength_HT0.75,N630,-32.0,250.411,226.093,-1.81725737461523e-09,-1.2812667493529335,3.719758920436533e-09,2.27366769254169e-09,2.4645097683623038e-09,-9.79701738068326e-12
strength_HT0.75,N631,-32.0,252.0,226.093,-1.5091171860694885,-248.94208401814103,10.489699363708496,-599.6032710075378,99.42003003507853,57.12003290653229
lateral_HX,N5,-32.0,0.0,115.0,324.52340764115206,2816.726345304285,24.35358082747007,-1311.7363717061148,-1404.165995415884,-3363.523172964742
lateral_HX,N6,-32.0,0.0,130.311,4.962179690846685e-12,-4.284703844522023,-1.9461311037812362e-13,-3.096355257094517e-13,-3.473462565341746e-13,8.192942260336719e-12
lateral_HX,N7,-32.0,0.0,153.373,-39.84500221977942,358.39657909673406,507.0058772339253,1778.676202612929,-2296.734637627378,-2502.6622634259984
lateral_HX,N15,-32.0,185.0,115.0,-51.49911638838444,858.9136469209038,246.03320105395574,4767.081799058488,246.8439575835924,-1932.0074094296442
lateral_HX,N16,-32.0,185.0,116.0,-39.77785839111887,328.8948395675459,-68.76724771261995,-3151.691834149141,481.0543518540175,3303.921066015816
lateral_HX,N17,-32.0,185.0,143.183,3.120528255978595e-09,-6.2328146090087735,-1.0292612452657476e-10,-7.465916450199442e-12,-1.8942895813701197e-13,1.1158266686895987e-10
lateral_HX,N18,-32.0,185.0,171.82,2.1387997372626407e-09,-6.395091802982079,-7.869396279419816e-11,4.374592483678214e-11,7.45322960685919e-14,6.621136285362109e-10
lateral_HX,N19,-32.0,185.0,200.457,-1.2343668164451145e-10,-6.060114361884312,6.894961328213123e-12,-1.8948882235650445e-11,1.977627374770693e-14,1.1422913238602167e-10
lateral_HX,N20,-32.0,185.0,226.093,3977.448884010315,28.26435525715351,-1.1394449584186077,33.99781434610486,-95.41613960266113,-1.9310083191958256
lateral_HX,N28,-32.0,253.0,115.0,-12.351220410457339,-14.292033076809538,1.3688115997420014,-48.28032707536455,-24.30559775973655,10.978651864309882
lateral_HX,N32,-32.0,253.0,226.093,0.44543737173080444,-8.875531058758497,-1.3395837310235947,25.687503843568265,16.433490864932537,48.343805397860706
lateral_HX,N77,-32.0,-63.0,115.0,-130.8466455541724,-158.06348560738277,660.4338518973377,906.008923513902,-3178.9659966407885,6.410967458900694
lateral_HX,N79,-32.0,-63.0,117.0,-89.92306231534167,-96.66617916591349,-602.4132543452724,-1338.439625516461,-1721.7878833085997,1193.6021955901524
lateral_HX,N126,-32.0,69.75,115.0,-22.49035534792024,48.50146431873581,-4.132421973874332,-275.48351265482773,-309.27209750884236,304.1303352767998
lateral_HX,N148,-32.0,249.0,115.0,87.37507368748975,-115.26848931485445,-4.806579869027034,1431.8319478175672,-6545.164478739494,714.6426762157254
lateral_HX,N149,-32.0,252.0,115.0,2.4600667750415806,-133.07935498473606,-1.7577968888630833,-103.85336383162017,85.36153663043633,-113.43336049203059
lateral_HX,N232,-32.0,69.75,150.143,-7.514136933139525,-276.1128355789115,7.773996057734621,87.16001067757679,40.429828045338525,147.478358657856
lateral_HX,N247,-32.0,69.75,116.0,20.45663680040601,-36.42232974151622,3.0947105084349347,-0.7436608401691103,-279.5415821095438,-533.0755972104838
lateral_HX,N368,-32.0,-0.0,117.5,-139.95351793210287,-672.5657770099675,-103.65703795798545,-945.7418352574251,-536.9836793590113,2283.749645017829
lateral_HX,N369,-32.0,-0.0,134.148,2.325602673600823e-11,-0.9286815991280203,-2.4314108953196806e-12,-3.952540837073569e-12,3.0425951881908614e-14,-1.9212651004979837e-11
lateral_HX,N370,-32.0,-0.0,150.796,139.95351856867575,647.9992891282986,103.65703789365851,-2505.622901491015,536.9836793592107,2376.1426926947115
lateral_HX,N371,-32.0,69.75,117.5,-42.90524522832129,92.04447370185517,-7.220111833055853,-259.5143587384955,-29.683221999777913,749.5662080954062
lateral_HX,N372,-32.0,69.75,142.022,-1.4551915228366852e-11,-2.2816270190814976,-4.547473508864641e-13,0.0,1.4210854715202004e-14,2.9103830456733704e-11
lateral_HX,N380,-32.0,185.0,117.5,43.00800672054716,-728.2933298516118,121.11729127569204,5774.761235430236,-99.63382817968653,-3109.018604889011
lateral_HX,N381,-32.0,185.0,144.148,6.011800589892952e-10,-1.4865467643431143,7.7585208653044e-11,-1.4082552846312652e-11,3.413140921059461e-14,9.607187602593526e-10
lateral_HX,N382,-32.0,185.0,170.797,3.1309047580083134e-09,-1.4865467643597812,2.913729361447715e-10,1.0985812680893969e-10,-9.431917229242568e-15,-1.0592612742783208e-09
lateral_HX,N383,-32.0,185.0,197.445,2.924503862365191e-11,-1.0097804336168397,1.1299639022685686e-11,-1.5723634832300846e-12,5.6417752849477206e-14,-2.2408037052215666e-10
lateral_HX,N384,-32.0,185.0,207.0,-87.82563781738281,-511.08595752716064,16.46574143320322,3618.224007308483,7208.776168823242,337.4239046908915
lateral_HX,N385,-32.0,185.0,224.093,44.095537235559796,1121.826006448435,-137.44765385407337,3826.1536425423465,-7012.370498812665,-321.122466799232
lateral_HX,N402,-32.0,69.75,193.643,193.61482787132263,-361.4054462350905,3.0141384303569794,-268.38812708854675,419.1034728232771,-1208.5625894069672
lateral_HX,N548,-32.0,69.75,120.0,42.905244474997744,-95.65565689560026,7.220111698065011,241.46407945371175,29.68322199978811,-642.3030984972138
lateral_HX,N549,-32.0,69.75,147.143,-42.90524447482312,97.83605696918676,-7.220111698061373,-45.48858763302269,-29.683221999788145,-522.2739522851771
lateral_HX,N601,-32.0,120.0,222.655,13.915372819859133,-80.1111677709973,23.303706406442064,-1579.606273373522,-2280.591273681106,-2426.9199339721454
lateral_HX,N608,-32.0,150.0,226.093,-2788.55314645314,-167.96534822720915,-770.855843223442,1735.8544153735807,-12937.394927760126,-2782.748484126277
lateral_HX,N625,-32.0,235.0,226.093,-770.4021697202163,-129.83308489074398,101.18226432456395,-1645.2384518173023,13385.080647123214,-3119.472136666495
lateral_HX,N629,-32.0,249.0,226.093,-620.9529158979623,658.8420163022711,-117.01270252456204,8830.13235141714,7384.303627595381,3503.957294715074
lateral_HX,N630,-32.0,250.411,226.093,-3.22510633455777e-08,-0.4889045396534733,1.5134540497120099e-10,-3.6492311654184955e-10,1.6252452695782298e-08,2.3872280974482637e-11
lateral_HX,N631,-32.0,252.0,226.093,-2.4567997455596924,162.40120839327574,1.745470404624939,-96.31607484817505,-85.24818816781044,-158.1233127117157
strength_lateral_HX_1,N5,-32.0,0.0,115.0,313.4503435832851,5109.813883645369,40.150410737494894,-2715.2228794832836,-1773.2575853058224,-3374.3154294545348
strength_lateral_HX_1,N6,-32.0,0.0,130.311,1.2874142746121943e-11,-5.14164461342753,4.958276789703145e-12,-5.317159778243685e-12,-3.663392301287162e-13,2.8584147773019637e-11
strength_lateral_HX_1,N7,-32.0,0.0,153.373,-86.18459011963569,384.0566743235686,497.75229004365974,2015.7369453531574,-2775.968914196128,-3029.053346201312
strength_lateral_HX_1,N15,-32.0,185.0,115.0,269.69857253825205,2710.8506656567333,0.947548623833382,9014.754403237775,3789.8090777418497,6670.592945726128
strength_lateral_HX_1,N16,-32.0,185.0,116.0,311.583004678007,-853.5773566234392,-133.14197088538498,-6088.594696291456,1151.8196064735766,-53648.6623573426
strength_lateral_HX_1,N17,-32.0,185.0,143.183,-7.407756430779031e-11,-7.479377530776612,-1.964890323771113e-10,-4.2765528107493104e-11,1.0693015918234459e-13,-4.2705213700950185e-10
strength_lateral_HX_1,N18,-32.0,185.0,171.82,6.304202288358096e-09,-7.674110163583655,2.0024226417263444e-10,2.654930099066699e-10,-2.8075562736377e-13,1.817536906028825e-09
strength_lateral_HX_1,N19,-32.0,185.0,200.457,3.687470132550242e-10,-7.272137234263781,-4.192998501691911e-12,-1.0920156864465537e-10,1.1451124814236318e-14,5.821011068573113e-10
strength_lateral_HX_1,N20,-32.0,185.0,226.093,3979.601791381836,59.37086361646652,-2.2917398121207952,65.0616885125637,-123.10613632202148,50.2227827453753
strength_lateral_HX_1,N28,-32.0,253.0,115.0,-12.543882947345988,-9.385067178199453,16.099014386521937,-29.6651990722267,-1.9321061866200289,70.44471715693678
strength_lateral_HX_1,N32,-32.0,253.0,226.093,0.44954872131347656,-5.196014998480678,-3.4729238329455256,54.98277070838958,8.422362931072712,24.310674384476442
strength_lateral_HX_1,N77,-32.0,-63.0,115.0,-117.59592126600579,-339.4115531350654,1421.7565430458947,1608.3899661690787,-3171.6625151374783,-14.947959932519916
strength_lateral_HX_1,N79,-32.0,-63.0,117.0,-87.99059388805472,-490.2269886011454,-1349.4921165653795,-1420.7270828441542,-1824.6400500813907,1162.4360291128687
strength_lateral_HX_1,N126,-32.0,69.75,115.0,-8.25657216447546,64.70602631047436,-4.297550310037887,-575.5834306716397,-1210.6207303697754,1279.3595039732356
strength_lateral_HX_1,N148,-32.0,249.0,115.0,-121.12830664325601,-22.355621289663436,410.09134125223267,1801.2524495715331,-1802.8588721952738,8725.805584061802
strength_lateral_HX_1,N149,-32.0,252.0,115.0,2.5768862987105994,-47.224627938912725,-4.557682036872942,-262.9718659556502,43.74614467041144,-198.65139123534948
strength_lateral_HX_1,N232,-32.0,69.75,150.143,-26.578406832006294,-1107.086092183832,15.564318824035581,150.24362979992293,43.677093730215894,574.5139642409631
strength_lateral_HX_1,N247,-32.0,69.75,116.0,175.66580699701132,-134.6966960220328,10.953456504523047,-1.9207522579137046,-1139.573865118221,-2271.791840882694
strength_lateral_HX_1,N368,-32.0,-0.0,117.5,-172.65698449278466,-891.8576188126639,-199.67294782768707,-2300.5140077564397,-770.3027818681095,2841.0440562504787
strength_lateral_HX_1,N369,-32.0,-0.0,134.148,1.738839772829063e-11,-1.1144179189505226,-1.0229127692681474e-13,2.315772958811373e-12,5.6299762766815495e-14,6.489673761513327e-12
strength_lateral_HX_1,N370,-32.0,-0.0,150.796,172.6569849812814,862.3778333537417,199.67294765987887,-4347.796463544186,770.302781868491,2907.742908677204
strength_lateral_HX_1,N371,-32.0,69.75,117.5,-183.74367400095798,206.3232800976839,-15.23618956374412,-545.9576894723141,-70.93384817437675,3263.837257029256
strength_lateral_HX_1,N372,-32.0,69.75,142.022,0.0,-2.7379524229327217,1.8189894035458565e-12,0.0,0.0,0.0
strength_lateral_HX_1,N380,-32.0,185.0,117.5,-342.7575776156185,-1057.0430227933737,231.9849436382442,11158.547169306697,-92.72666484368379,28708.428354976004
strength_lateral_HX_1,N381,-32.0,185.0,144.148,6.362108872633477e-10,-1.7838561172179472,1.3778043322143472e-10,7.446422338785446e-12,-1.7084302254137808e-13,6.685460282912622e-10
strength_lateral_HX_1,N382,-32.0,185.0,170.797,2.0670008220092965e-09,-1.7838561172063834,8.414390449848135e-10,2.061805554191276e-10,-1.7053259305847637e-13,9.614205729108585e-10
strength_lateral_HX_1,N383,-32.0,185.0,197.445,-1.1938726593900794e-10,-1.2117365203424002,6.853461561114794e-12,-3.6544040846045555e-11,-1.1610411894765339e-14,6.040673618900938e-11
strength_lateral_HX_1,N384,-32.0,185.0,207.0,39.286956787109375,-1047.413155078888,44.82893393933773,7092.40231013298,9264.472011566162,1724.6717347986996
strength_lateral_HX_1,N385,-32.0,185.0,224.093,303.7936358299872,1945.7120332615889,-276.4452999408795,7295.295301564554,-9047.377495582828,5450.628060453602
strength_lateral_HX_1,N402,-32.0,69.75,193.643,213.37741661071777,-1211.399292267859,10.469098508358002,-641.6001052856445,354.3728762451792,-3920.385577917099
strength_lateral_HX_1,N548,-32.0,69.75,120.0,183.74367294821423,-210.65669993881602,15.236189712348278,507.8672148841142,70.93384817480785,-2804.4780772736995
strength_lateral_HX_1,N549,-32.0,69.75,147.143,-183.7436729479232,213.27318002691027,-15.236189712311898,-94.31131752225338,-70.93384817480785,-2182.8764375546016
strength_lateral_HX_1,N601,-32.0,120.0,222.655,74.31437012025641,-113.96641056045509,-6.5211591271141165,-1778.9630373366647,-2149.5983599986807,-3291.407256773145
strength_lateral_HX_1,N608,-32.0,150.0,226.093,-3168.1825439848917,-211.7906827731514,-888.3436498171162,2942.2931426927466,-13690.475809249145,-5728.755696270723
strength_lateral_HX_1,N625,-32.0,235.0,226.093,-994.4023497397005,-159.15179308477212,163.09548694169607,-2141.1374756737478,14392.189962254393,-4954.590233442923
strength_lateral_HX_1,N629,-32.0,249.0,226.093,-531.8605087879655,635.3343863377772,-184.418825126153,10842.918862015526,6852.2947669226205,-545.840562315575
strength_lateral_HX_1,N630,-32.0,250.411,226.093,-9.959288545630791e-09,-0.586685446729167,1.142695249727225e-09,-1.7086062768281787e-10,1.0046488669781234e-08,4.750378159535306e-12
strength_lateral_HX_1,N631,-32.0,252.0,226.093,-2.5734641551971436,82.56019761040807,4.525721788406372,-256.02664828300476,-43.688055746257305,-85.99708962440491
strength_lateral_HX_-1,N5,-32.0,0.0,115.0,-232.57985534367322,5392.689880837714,15.781631855246815,-2275.292932431219,705.8813096397062,2274.3957974781697
strength_lateral_HX_-1,N6,-32.0,0.0,130.311,7.076675810487106e-12,-5.141644613428831,-5.698142730190769e-13,-2.4707463662084658e-14,3.583177394492369e-13,2.6614673157338763e-11
strength_lateral_HX_-1,N7,-32.0,0.0,153.373,-251.73807787289843,-159.03076057089493,-700.8442788625543,2166.5883456824813,-267.905563802924,-3317.5646462726872
strength_lateral_HX_-1,N15,-32.0,185.0,115.0,408.84685216515487,3221.6865503268614,-730.2028717855462,10372.996940817964,3617.7845064945564,11426.69973233834
strength_lateral_HX_-1,N16,-32.0,185.0,116.0,541.6351051177901,-708.2684425752745,-128.45425890412082,-6573.751724258195,-58.933241483447986,-72978.03852751087
strength_lateral_HX_-1,N17,-32.0,185.0,143.183,1.7465542419607498e-09,-7.479377530773805,-1.7990638690075575e-11,-9.96711085265673e-11,-2.55238238804367e-15,2.1798754802167314e-11
strength_lateral_HX_-1,N18,-32.0,185.0,171.82,1.5992217398669077e-10,-7.674110163559754,6.825518948595873e-10,-2.6405500167893617e-10,-3.932785164785886e-14,-6.704545655988634e-13
strength_lateral_HX_-1,N19,-32.0,185.0,200.457,-1.1115536098310618e-10,-7.272137234260358,-4.7893352426561634e-11,1.2805649480542406e-10,-1.7096641341959985e-14,5.309703319752846e-10
strength_lateral_HX_-1,N20,-32.0,185.0,226.093,-3974.3814010620117,77.33644354343414,-4.278413813561201,95.18118869513273,57.76195454597473,104.23847385076806
strength_lateral_HX_-1,N28,-32.0,253.0,115.0,10.336346621565639,26.788656449588036,34.47267401280478,90.76633745863806,50.550932215303995,74.08031772877577
strength_lateral_HX_-1,N32,-32.0,253.0,226.093,0.07813617587089539,15.226062215864658,-5.404457778669894,81.31828600354493,-29.851689532399178,-12.836983715213137
strength_lateral_HX_-1,N77,-32.0,-63.0,115.0,173.01173433911637,-472.4311361273549,1735.1981145038212,2440.307568991346,3549.579348452534,-751.3634266464302
strength_lateral_HX_-1,N79,-32.0,-63.0,117.0,105.5772540113976,-737.145598388518,-1747.8933804928574,-925.5583082908015,2351.2248702307697,-1648.848585208063
strength_lateral_HX_-1,N126,-32.0,69.75,115.0,83.38687210995924,96.80681849655168,-7.693153214924791,-728.2472158612388,-1265.7836356405082,690.3039031410583
strength_lateral_HX_-1,N148,-32.0,249.0,115.0,-297.2347302920064,423.936972466165,1074.1345245092455,-277.14991851086995,10767.437083881621,8157.2071189140825
strength_lateral_HX_-1,N149,-32.0,252.0,115.0,0.7377333832725039,377.83027780294117,-7.0933473019291,-399.18314644786597,-155.06053687306266,-105.66503372003069
strength_lateral_HX_-1,N232,-32.0,69.75,150.143,7.380475583544467,-1216.5001390274847,18.83110450222739,154.87782428681385,11.24544422412771,44.916321531054564
strength_lateral_HX_-1,N247,-32.0,69.75,116.0,218.899124490648,-126.08075423832862,11.382180883141336,-3.4987842596312477,-1213.923181790739,-1881.0982014809695
strength_lateral_HX_-1,N368,-32.0,-0.0,117.5,-73.18434960618833,-802.9373269841775,-223.25597742289818,-2725.4138420694585,-786.9023428403073,-507.16956141669806
strength_lateral_HX_-1,N369,-32.0,-0.0,134.148,-4.3168085434367246e-11,-1.1144179189603387,5.783679760247493e-13,-1.1927901582121539e-12,-5.077077635638101e-14,1.580525883777907e-11
strength_lateral_HX_-1,N370,-32.0,-0.0,150.796,73.1843492757625,773.4575415235931,223.25597745878252,-4708.117181676104,786.9023428401283,2943.9156600584574
strength_lateral_HX_-1,N371,-32.0,69.75,117.5,-135.38059684296604,229.41687349125277,-19.0568031431867,-687.7734341303585,-51.77795779681037,2449.138877182966
strength_lateral_HX_-1,N372,-32.0,69.75,142.022,0.0,-2.7379524229327217,0.0,0.0,0.0,2.9103830456733704e-11
strength_lateral_HX_-1,N380,-32.0,185.0,117.5,-583.3098368756524,-1387.304296223323,241.95133851948592,12060.313955511996,291.1938405035973,43525.03511463384
strength_lateral_HX_-1,N381,-32.0,185.0,144.148,-7.805947729851065e-10,-1.7838561172191663,2.672442829501769e-11,-6.242228978577536e-11,-3.665909051003084e-15,2.6627995715108695e-10
strength_lateral_HX_-1,N382,-32.0,185.0,170.797,-3.550904323100416e-10,-1.783856117201969,4.2163008986839423e-10,-1.085112303337567e-10,5.165455587786858e-15,4.237630016023411e-11
strength_lateral_HX_-1,N383,-32.0,185.0,197.445,-1.1789647306910153e-10,-1.2117365203409107,9.802920376134272e-11,3.332140154540288e-11,-6.7413328826541364e-15,4.975246627124185e-11
strength_lateral_HX_-1,N384,-32.0,185.0,207.0,259.5185546875,-1144.2469639778137,276.41273349523544,8032.702545166016,-4597.988399505615,2349.440532296896
strength_lateral_HX_-1,N385,-32.0,185.0,224.093,325.92500785899296,2368.8633179889125,-516.0914422282187,10449.223157307488,4245.070379261902,11922.10771915772
strength_lateral_HX_-1,N402,-32.0,69.75,193.643,-109.50702512264252,-994.9501241594553,17.16380512714386,-880.7067728042603,-18.72213813185226,-698.7883205413818
strength_lateral_HX_-1,N548,-32.0,69.75,120.0,135.38059765839716,-233.75029333867133,19.05680343124186,640.1314254913814,51.777957797425415,-2110.6873823727365
strength_lateral_HX_-1,N549,-32.0,69.75,147.143,-135.3805976585718,236.36677342723124,-19.056803431216395,-122.87260995729594,-51.777957797425415,-1563.9481798688066
strength_lateral_HX_-1,N601,-32.0,120.0,222.655,-8.719916483972785,-86.54476618242616,6.550655487986235,-892.2848120479786,575.4205826067142,-2565.0744975258335
strength_lateral_HX_-1,N608,-32.0,150.0,226.093,2228.7726176202063,-100.09683098216537,586.3578000834027,3075.319961593026,12839.478807175965,-7139.0214891687065
strength_lateral_HX_-1,N625,-32.0,235.0,226.093,581.3717014516039,-150.07978768354204,-53.06151819945631,-2536.2004421832794,-12140.348397241696,-7906.543133192357
strength_lateral_HX_-1,N629,-32.0,249.0,226.093,648.1107269658071,-217.16832573827935,-105.20624348144614,1576.4036888773255,-7252.827136064686,-1792.4426715782183
strength_lateral_HX_-1,N630,-32.0,250.411,226.093,5.5749057994929664e-09,-0.5866854459591674,1.1364197095748811e-09,1.3936550995339631e-09,-1.3937535076589301e-08,-4.064382463830914e-12
strength_lateral_HX_-1,N631,-32.0,252.0,226.093,-0.7367534637451172,-341.9302933104336,7.043605327606201,-408.5466561317444,154.85463766753674,24.053253889083862
strength_lateral_HX_2,N5,-32.0,0.0,115.0,586.4654428999329,4968.375885048725,52.334800154480035,-2935.1878529567266,-3012.827032783327,-6198.67104319248
strength_lateral_HX_2,N6,-32.0,0.0,130.311,6.487408875232599e-11,-5.141644613427608,4.34949240125647e-12,-2.246247806860217e-12,-4.3192743814728457e-13,1.5233852154084936e-10
strength_lateral_HX_2,N7,-32.0,0.0,153.373,-3.4078463846817613,655.6003917725175,1097.0505743366666,1940.3112453667563,-4030.0005893819034,-2884.79769639764
strength_lateral_HX_2,N15,-32.0,185.0,115.0,200.12443011336947,2455.4327233429467,366.5227573892108,8335.633133978567,3875.8213634066924,4292.539552268532
strength_lateral_HX_2,N16,-32.0,185.0,116.0,196.55695262813393,-926.2318136697777,-135.48582473386068,-5846.016183221657,1757.1960304399329,-43983.97427506876
strength_lateral_HX_2,N17,-32.0,185.0,143.183,-2.269439680178724e-09,-7.479377530761328,-3.9208217402706207e-10,2.633743710992245e-11,3.159996136293712e-13,-7.57095506068226e-11
strength_lateral_HX_2,N18,-32.0,185.0,171.82,1.2463003805846701e-08,-7.674110163565546,5.762471416168373e-11,-3.365052433584215e-11,-2.6408341587769466e-13,-5.422196100887765e-10
strength_lateral_HX_2,N19,-32.0,185.0,200.457,-8.293830056365272e-12,-7.27213723426136,1.3688945473003609e-11,-2.2974588751411232e-11,2.6791211739360598e-14,-9.665733171313685e-10
strength_lateral_HX_2,N20,-32.0,185.0,226.093,7956.59338760376,50.388073682785034,-1.298403400927782,50.00193862617016,-213.54018211364746,23.214938797274954
strength_lateral_HX_2,N28,-32.0,253.0,115.0,-23.98399774468218,-27.471928992966813,6.9121845739342085,-89.88096733600214,-28.173625387038125,68.62691687096888
strength_lateral_HX_2,N32,-32.0,253.0,226.093,0.6352550387382507,-15.407053615897894,-2.5071568596176803,41.81501305475831,27.559389129281044,42.88450343487784
strength_lateral_HX_2,N77,-32.0,-63.0,115.0,-262.8997490692151,-272.9017616392545,1265.035757318167,1192.431164760023,-6532.283446945038,353.2597734254666
strength_lateral_HX_2,N79,-32.0,-63.0,117.0,-184.77451783805736,-366.76768370815626,-1150.2914846029016,-1668.3114701197483,-3912.572510245489,2568.0783362779184
strength_lateral_HX_2,N126,-32.0,69.75,115.0,-54.07830483737818,48.65562984056237,-2.599747173942549,-499.2515372560943,-1183.0392776593412,1573.8873059845575
strength_lateral_HX_2,N148,-32.0,249.0,115.0,-33.075094817115776,-245.50191816736236,78.06974962229036,2840.4536336134834,-8088.006850199509,9010.1048166346
strength_lateral_HX_2,N149,-32.0,252.0,115.0,3.4964626049765712,-259.7520808112154,-3.2898494108240293,-194.86622578352961,143.1494854521524,-245.14456977742984
strength_lateral_HX_2,N232,-32.0,69.75,150.143,-43.557848039781675,-1052.379068762355,13.930925984963324,147.9265325565466,59.89291848336717,839.312785596936
strength_lateral_HX_2,N247,-32.0,69.75,116.0,154.04916268745734,-139.00466690833298,10.739092427144161,-1.131735472555105,-1102.3992067886275,-2467.1386548083756
strength_lateral_HX_2,N368,-32.0,-0.0,117.5,-222.3933020799555,-936.317764726605,-187.8814330482326,-2088.064090686273,-762.0030013816961,4515.150864608792
strength_lateral_HX_2,N369,-32.0,-0.0,134.148,4.678183256584941e-11,-1.1144179189598569,-9.614334355588813e-12,-4.273705725024438e-12,6.280535055126829e-14,-7.353591689218836e-11
strength_lateral_HX_2,N370,-32.0,-0.0,150.796,222.39330310826426,906.8379792669189,187.88143289378806,-4167.636104262614,762.0030013823038,2889.656532922587
strength_lateral_HX_2,N371,-32.0,69.75,117.5,-207.92521771788597,194.7764834028203,-13.325882696313784,-475.0498170344508,-80.51179336382825,3671.1864443183877
strength_lateral_HX_2,N372,-32.0,69.75,142.022,1.4551915228366852e-11,-2.737952422874514,2.2737367544323206e-13,0.0,1.0658141036401503e-14,-5.820766091346741e-11
strength_lateral_HX_2,N380,-32.0,185.0,117.5,-222.4814471092291,-891.9123860786913,227.0017460931939,10707.663776379133,-284.6869175145098,21300.124974740775
strength_lateral_HX_2,N381,-32.0,185.0,144.148,-7.604228642341982e-09,-1.783856117243886,2.975010812588282e-10,-7.198762418082445e-11,-6.064460837874112e-13,2.2383077643904819e-10
strength_lateral_HX_2,N382,-32.0,185.0,170.797,7.164070962602131e-09,-1.783856117243947,1.4561810846662456e-10,1.2628510514891502e-10,-1.2461697399256409e-14,3.6784756150761304e-10
strength_lateral_HX_2,N383,-32.0,185.0,197.445,5.4894772372443375e-11,-1.2117365203454642,2.0144984709893658e-11,7.0950078040709666e-12,-2.4885024351459364e-14,1.8400614915835674e-10
strength_lateral_HX_2,N384,-32.0,185.0,207.0,-70.828857421875,-998.9962515830994,-70.96296583116055,6622.252192258835,16195.702224731445,1412.287336061243
strength_lateral_HX_2,N385,-32.0,185.0,224.093,292.7279508032058,1734.136390897964,-156.62222825559388,5718.331374094931,-15693.601433010328,2214.8882336643164
strength_lateral_HX_2,N402,-32.0,69.75,193.643,374.81963777542114,-1319.623876310885,7.1217451095581055,-522.0467717051506,540.9203834298532,-5531.184206008911
strength_lateral_HX_2,N548,-32.0,69.75,120.0,207.92521059303544,-199.10990323883016,13.325882852892391,441.7351095806225,80.51179336397695,-3151.3734247265384
strength_lateral_HX_2,N549,-32.0,69.75,147.143,-207.9252105926862,201.72638332704082,-13.325882852886934,-80.03067130471027,-80.511793363977,-2492.3405663996236
strength_lateral_HX_2,N601,-32.0,120.0,222.655,115.83151341620126,-127.67723274619195,-13.057066433760843,-2222.3021499777374,-3512.1078313024186,-3654.57363639895
strength_lateral_HX_2,N608,-32.0,150.0,226.093,-5866.66012477021,-267.63760865386047,-1625.6943747672376,2875.779733244373,-26955.453117482797,-5023.622799829737
strength_lateral_HX_2,N625,-32.0,235.0,226.093,-1782.289375274574,-163.68779579714936,271.173989512488,-1943.605992425004,27658.45914199061,-3478.613783570532
strength_lateral_HX_2,N629,-32.0,249.0,226.093,-1121.8461266648337,1061.5857423749846,-224.0251159478254,15476.176448586106,13904.855718391995,77.46049230729727
strength_lateral_HX_2,N630,-32.0,250.411,226.093,-1.787840390266443e-08,-0.5866854479628617,5.754281164342645e-10,1.1288552541442587e-11,3.188688485733915e-09,1.4706107454140795e-11
strength_lateral_HX_2,N631,-32.0,252.0,226.093,-3.491819381713867,294.8054430782795,3.26677930355072,-179.76664423942566,-142.9594025015831,-141.0222611427307
strength_lateral_HX_-2,N5,-32.0,0.0,115.0,-505.5949549439897,5534.127879431706,3.597242402068332,-2055.327958936851,1945.4507571171343,5098.75141133368
strength_lateral_HX_-2,N6,-32.0,0.0,130.311,-5.142661420377895e-11,-5.141644613428592,-3.2172905408161273e-12,2.917323645808625e-12,6.381240774025734e-13,-1.1133299751801799e-10
strength_lateral_HX_-2,N7,-32.0,0.0,153.373,-334.514821048826,-430.57447801716626,-1300.1425631635939,2242.0140456915833,986.1261113937944,-3461.820295170881
strength_lateral_HX_-2,N15,-32.0,185.0,115.0,478.4209982455009,3477.104492659985,-1095.7780817649789,11052.11820977103,3531.7722208534483,13804.753123017945
strength_lateral_HX_-2,N16,-32.0,185.0,116.0,656.6611515729644,-635.6139855499928,-126.11040339300337,-6816.330238044532,-664.309665469887,-82642.726615034
strength_lateral_HX_-2,N17,-32.0,185.0,143.183,-2.0814942968876417e-09,-7.479377530797915,5.405012550670251e-11,-2.5246353914775367e-10,-1.2681993142518631e-14,1.578397367766862e-10
strength_lateral_HX_-2,N18,-32.0,185.0,171.82,-2.0199598377744625e-09,-7.674110163558349,1.3235206331990475e-09,-2.033425539639758e-10,-1.0508480269013409e-13,-1.6162333332528748e-09
strength_lateral_HX_-2,N19,-32.0,185.0,200.457,-1.3469791529139229e-10,-7.272137234257342,5.3784457953782184e-11,-1.530752771007103e-10,-1.3028274511463626e-14,2.4446732616240203e-10
strength_lateral_HX_-2,N20,-32.0,185.0,226.093,-7951.373006820679,86.3192335665226,-5.271750498563051,110.24093884974718,148.1960005760193,131.2463131833356
strength_lateral_HX_-2,N28,-32.0,253.0,115.0,21.776461419710888,44.87551825833105,43.659503825806176,150.98210572027685,76.79245141356066,75.89811801393301
strength_lateral_HX_-2,N32,-32.0,253.0,226.093,-0.10757014155387878,25.4371008425951,-6.370224751532078,94.4860436655581,-48.98871575295925,-31.410812764137518
strength_lateral_HX_-2,N77,-32.0,-63.0,115.0,318.3155621414421,-538.9409276231439,1891.9189002315172,2856.26637040055,6910.200280259223,-1119.5711600044258
strength_lateral_HX_-2,N79,-32.0,-63.0,117.0,202.36117796142935,-860.6049032814881,-1947.0940124554327,-677.9739210152184,4439.157330394606,-3054.4908923730836
strength_lateral_HX_-2,N126,-32.0,69.75,115.0,129.20859029317407,112.85721575711345,-9.390955581659552,-804.5791092661998,-1293.3650884158194,395.7761065631293
strength_lateral_HX_-2,N148,-32.0,249.0,115.0,-385.2879421114796,647.0832693442347,1406.1561161387053,-1316.3511025508446,17052.585061872767,7872.9078863387795
strength_lateral_HX_-2,N149,-32.0,252.0,115.0,-0.18184315047080268,590.3577306779642,-8.361179933157452,-467.2887867071904,-254.46387765004806,-59.171854932428936
strength_lateral_HX_-2,N232,-32.0,69.75,150.143,24.359916791552678,-1271.20716244902,20.464497341308743,157.1949215301138,-4.9703805290214405,-219.88249982497655
strength_lateral_HX_-2,N247,-32.0,69.75,116.0,240.51578689334542,-121.772783328087,11.596544265104964,-4.287800304912709,-1251.0978401204175,-1685.7513796312994
strength_lateral_HX_-2,N368,-32.0,-0.0,117.5,-23.448032569111213,-758.4771810686992,-235.04749219538462,-2937.863759244682,-795.2021233266306,-2181.276370380105
strength_lateral_HX_-2,N369,-32.0,-0.0,134.148,-6.636168173968011e-11,-1.1144179189578627,2.3116782676062876e-12,-1.036056363557157e-12,5.177363137739732e-15,1.6061574999468544e-10
strength_lateral_HX_-2,N370,-32.0,-0.0,150.796,23.44803128623659,728.997395612108,235.0474921927077,-4888.277540853735,795.2021233261042,2962.0020365665814
strength_lateral_HX_-2,N371,-32.0,69.75,117.5,-111.19905738939997,240.9636701772688,-20.967110309618874,-758.681306057304,-42.2000126082055,2041.7896882125642
strength_lateral_HX_-2,N372,-32.0,69.75,142.022,0.0,-2.7379524229327217,7.275957614183426e-12,1.4551915228366852e-11,-5.684341886080802e-14,0.0
strength_lateral_HX_-2,N380,-32.0,185.0,117.5,-703.5859664961662,-1552.4349329355614,246.934535977691,12511.19734856736,483.1540931746157,50933.33849474269
strength_lateral_HX_-2,N381,-32.0,185.0,144.148,1.357615726051537e-09,-1.783856117218832,1.540398250408443e-11,-2.0534009093983235e-10,6.119318495190886e-15,-1.9498217552259506e-11
strength_lateral_HX_-2,N382,-32.0,185.0,170.797,-3.1771385780150605e-09,-1.7838561172194944,8.563066528286228e-10,-1.6495009617756074e-10,1.0973281493927382e-14,3.1512138991368353e-09
strength_lateral_HX_-2,N383,-32.0,185.0,197.445,-7.555044921380399e-11,-1.211736520338825,3.1827694498009304e-11,4.4772619109232086e-11,-1.0288794497075036e-13,-1.1163658405478281e-10
strength_lateral_HX_-2,N384,-32.0,185.0,207.0,369.6343688964844,-1192.6638684272766,392.2046332657337,8502.852663040161,-11529.218620300293,2661.8249310329556
strength_lateral_HX_-2,N385,-32.0,185.0,224.093,336.9906983969051,2580.4389603526024,-635.9145134558348,12026.18708410893,10891.294316687834,15157.847543497908
strength_lateral_HX_-2,N402,-32.0,69.75,193.643,-270.94924569129944,-886.7255401462317,20.51115882396698,-1000.2601063251495,-205.26964531617705,912.0103077888489
strength_lateral_HX_-2,N548,-32.0,69.75,120.0,111.19906001340132,-245.29709003854077,20.967110290686833,706.2635307948658,42.20001260824438,-1763.7920349193737
strength_lateral_HX_-2,N549,-32.0,69.75,147.143,-111.19906001375057,247.91357012698427,-20.96711029065773,-137.15325617481722,-42.200012608244265,-1254.4840510237264
strength_lateral_HX_-2,N601,-32.0,120.0,222.655,-50.237059784565396,-72.83394399534002,13.086562795137038,-448.9456993923012,1937.930053905751,-2201.9081178968195
strength_lateral_HX_-2,N608,-32.0,150.0,226.093,4927.250198396261,-44.24990509023736,1323.708525034491,3141.8333710258767,26104.456115413413,-7844.154385608736
strength_lateral_HX_-2,N625,-32.0,235.0,226.093,1369.2587271377101,-145.54378497567603,-161.14002076968836,-2733.731925434863,-25406.6175770164,-9382.519583062913
strength_lateral_HX_-2,N629,-32.0,249.0,226.093,1238.0963448443201,-643.4196817777461,-65.59995265940655,-3056.853897691758,-14305.388087532392,-2415.7437261965592
strength_lateral_HX_-2,N630,-32.0,250.411,226.093,-2.638759892058132e-10,-0.5866854439862762,1.7948468923790143e-09,2.8878290062662666e-09,-2.2428595450580108e-08,-1.0942078884113338e-11
strength_lateral_HX_-2,N631,-32.0,252.0,226.093,0.18160104751586914,-554.1755387857556,8.302547931671143,-484.80666065216064,254.12598438560963,79.07842493057251
lateral_HZ,N5,-32.0,0.0,115.0,151.5131484167086,3019.700116012335,11.278425862688891,-857.8689568903565,-690.5822293005913,-1320.7051156260081
lateral_HZ,N6,-32.0,0.0,130.311,-3.687421707312509e-12,-4.2847038445296395,-1.7648611800422344e-12,6.755794381334997e-13,-3.009225154210368e-14,7.612785056225557e-13
lateral_HZ,N7,-32.0,0.0,153.373,-89.96724942076253,150.84285177508718,42.04073667540797,1920.8296888332115,-1716.215184108587,-2586.885669838317
lateral_HZ,N15,-32.0,185.0,115.0,24.440238600072288,1172.8909571507193,-333.22700494138684,5991.129462853458,192.73845091034465,441.9548457471125
lateral_HZ,N16,-32.0,185.0,116.0,81.01422510563202,424.98747120490503,-70.29778143311663,-3654.502049828483,-199.82291544634577,-6518.521833316827
lateral_HZ,N17,-32.0,185.0,143.183,-2.3731268281207226e-11,-6.232814609005672,-1.0586393107153441e-10,-1.511421645248029e-10,-4.2163401481597595e-14,9.843438668519948e-11
lateral_HZ,N18,-32.0,185.0,171.82,-1.6340785001436065e-12,-6.3950918029710415,-6.274309019449429e-11,1.8300054870588806e-10,-1.7788438913334923e-14,4.1532501600229505e-11
lateral_HZ,N19,-32.0,185.0,200.457,-3.3565032479215035e-12,-6.060114361884407,1.7724345766481827e-11,-1.588536422652821e-10,-1.2818358039741167e-15,-1.1330395515343774e-11
lateral_HZ,N20,-32.0,185.0,226.093,0.4037967771291733,41.14073643088341,-2.3634294290095568,53.5993714556098,-4.021586287766695,24.278439396417525
lateral_HZ,N28,-32.0,253.0,115.0,0.16942155052952776,5.56244671669615,5.7852344570205645,18.473860118820646,5.153829252310044,13.891129544524926
lateral_HZ,N32,-32.0,253.0,226.093,0.2709265276789665,2.2941014925017953,-2.473240359686315,41.24516936810687,-2.7296573631465435,30.97586007478094
lateral_HZ,N77,-32.0,-63.0,115.0,-44.12980372003422,-299.5041057908921,1063.7622433047811,1758.8751298811032,-1208.55586455041,-265.38969254128057
lateral_HZ,N79,-32.0,-63.0,117.0,-32.164942281455296,-364.8089074208783,-1037.2647209466159,-834.3805581953784,-466.379610645723,356.6864179523327
lateral_HZ,N126,-32.0,69.75,115.0,12.316556271698124,73.64080538511908,-6.5731643030089115,-375.2563205163195,-332.89359850612993,54.978284378979424
lateral_HZ,N148,-32.0,249.0,115.0,-12.686658231138008,138.86419948865458,189.79030083845794,448.36677414186323,538.4892487652975,495.8305620061471
lateral_HZ,N149,-32.0,252.0,115.0,1.6061972778672615,100.95703879895137,-3.245788239455977,-183.23941653982519,-14.178844841812232,-70.03670115274419
lateral_HZ,N232,-32.0,69.75,150.143,6.2345330975877005,-335.265290967247,10.19750863572699,97.57358310947893,30.033396120048167,-65.34817926767573
lateral_HZ,N247,-32.0,69.75,116.0,35.96674315955774,-33.2963905549464,3.2516946602289343,-1.5384357294229436,-310.0540486016618,-394.0321158213695
lateral_HZ,N368,-32.0,-0.0,117.5,-108.25892244651175,-642.2711803995328,-112.0379787235286,-1111.8056446438106,-605.3109789949362,1063.4485683215257
lateral_HZ,N369,-32.0,-0.0,134.148,2.7877404586699533e-12,-0.9286815991247852,9.042691366059853e-13,1.6780648655798024e-12,1.4512483025976262e-16,-1.2974177878912296e-11
lateral_HZ,N370,-32.0,-0.0,150.796,108.25892242995637,617.7046925181164,112.03797867248542,-2618.610895005147,605.3109789950096,2541.1405133068965
lateral_HZ,N371,-32.0,69.75,117.5,-23.627205365424743,113.69113133760402,-9.815314714567648,-352.0650569262798,-22.803218249791172,425.4379605818831
lateral_HZ,N372,-32.0,69.75,142.022,1.8189894035458565e-12,-2.2816270191106014,3.637978807091713e-12,7.275957614183426e-12,0.0,-7.275957614183426e-12
lateral_HZ,N380,-32.0,185.0,117.5,-77.53689378778066,-932.8704830344277,135.42735182899494,6702.863196580684,18.808236198315637,4365.5168065787075
lateral_HZ,N381,-32.0,185.0,144.148,2.055873527365869e-10,-1.486546764347522,-6.524430146508118e-12,-7.407886311381965e-11,-3.445790416948064e-14,9.976895321027732e-11
lateral_HZ,N382,-32.0,185.0,170.797,5.2657336896321696e-11,-1.486546764360044,9.402287973466796e-10,1.3466888019488219e-10,-3.2153703572256756e-14,-6.768976734594804e-11
lateral_HZ,N383,-32.0,185.0,197.445,3.6284782600893167e-12,-1.0097804336167029,-2.8824329147418576e-11,-5.62395360717634e-11,2.2006513738970075e-14,-2.3515858665118636e-12
lateral_HZ,N384,-32.0,185.0,207.0,29.06716275215149,-613.9826542139053,150.90630860626698,4432.081297934055,280.51384937763214,580.1693762680516
lateral_HZ,N385,-32.0,185.0,224.093,48.70871735485894,1425.1091328171703,-285.0929277892046,5895.336912825553,-295.55641981486434,2831.213997190775
lateral_HZ,N402,-32.0,69.75,193.643,60.3937282115221,-286.58694395422935,6.383246719837189,-412.76721239089966,298.6175790191628,90.43949517607689
lateral_HZ,N548,-32.0,69.75,120.0,23.627205530618085,-117.30231453897431,9.815314756568114,327.52677020220654,22.80321824974598,-366.3699469625717
lateral_HZ,N549,-32.0,69.75,147.143,-23.627205530618085,119.48271461256081,-9.815314756517182,-61.10968176482129,-22.80321824974601,-274.94329275531345
lateral_HZ,N601,-32.0,120.0,222.655,-192.0456114621608,-22.22569470045016,107.18240771103585,-1153.5786983236474,-1018.1874768567471,-2103.0924766039016
lateral_HZ,N608,-32.0,150.0,226.093,79.8698880930867,-109.4796177934463,27.234455701378963,1899.4108821126656,-110.14504222838089,-3634.27450521162
lateral_HZ,N625,-32.0,235.0,226.093,-210.58334405520327,-130.9866305173985,73.2425011792748,-1877.7879323694417,-332.9485833785796,-4690.550569898325
lateral_HZ,N629,-32.0,249.0,226.093,152.37048921444656,187.98650960745184,-79.35207155303745,4022.8557413701496,203.77286699172268,2976.7805028825683
lateral_HZ,N630,-32.0,250.411,226.093,-3.9306649057541733e-10,-0.48890453754672686,9.238512048999651e-10,8.562997453928646e-10,8.595021217986588e-10,5.714407132024642e-12
lateral_HZ,N631,-32.0,252.0,226.093,-1.6040644347667694,-71.32441704440862,3.223027467727661,-186.3639953136444,14.160017271526158,-107.25491189956665
strength_lateral_HZ_1,N5,-32.0,0.0,115.0,140.4400875824585,5312.78765093195,27.0752559279681,-2261.355465123274,-1059.6738457346355,-1331.4974196728062
strength_lateral_HZ_1,N6,-32.0,0.0,130.311,-2.0842228518713978e-12,-5.141644613421252,1.0744475436040476e-13,2.095333709056112e-13,-4.9495788928647573e-14,9.755592028092697e-12
strength_lateral_HZ_1,N7,-32.0,0.0,153.373,-136.3068381921621,176.50295018340694,32.78715644738986,2157.8904336690903,-2195.4494914223324,-3113.2767479364993
strength_lateral_HZ_1,N15,-32.0,185.0,115.0,345.6379225619804,3024.8279731643665,-578.3126541495697,10238.802048089527,3735.7035933021284,9044.555181407699
strength_lateral_HZ_1,N16,-32.0,185.0,116.0,432.3750946093276,-757.4847260279175,-134.67250394353587,-6591.404901528255,470.94235397981123,-63471.10524273756
strength_lateral_HZ_1,N17,-32.0,185.0,143.183,6.607882109453882e-09,-7.479377530788274,1.7732335271604053e-10,-3.0019973275584805e-11,-4.263988633564064e-14,1.1763412907265715e-09
strength_lateral_HZ_1,N18,-32.0,185.0,171.82,1.2081241098864325e-09,-7.674110163575247,8.066162247458978e-10,2.2330219306250338e-11,-7.474745208463496e-14,2.6624023983289766e-09
strength_lateral_HZ_1,N19,-32.0,185.0,200.457,-2.2956894298061786e-12,-7.272137234266599,1.1709912013232712e-11,-1.5547099699973606e-10,-5.176626957160038e-14,6.589282153833183e-11
strength_lateral_HZ_1,N20,-32.0,185.0,226.093,2.556701421737671,72.24724471569061,-3.5157234985381365,84.66324435919523,-31.71158269047737,76.43222797452472
strength_lateral_HZ_1,N28,-32.0,253.0,115.0,-0.023241064517899007,10.46941249996937,20.515437229116905,37.08898774981321,27.52732074037804,73.35719476373062
strength_lateral_HZ_1,N32,-32.0,253.0,226.093,0.275037890765816,5.973617486655712,-4.606580451130867,70.54043608950451,-10.740785259753466,6.9427289859740995
strength_lateral_HZ_1,N77,-32.0,-63.0,115.0,-30.879081256011997,-480.8521719427815,1825.0849303718326,2461.2561652512163,-1201.2524323499063,-286.7486147371401
strength_lateral_HZ_1,N79,-32.0,-63.0,117.0,-30.23247510677902,-758.3697140106215,-1784.343578487249,-916.6680195141817,-569.2318092497662,325.5202709571204
strength_lateral_HZ_1,N126,-32.0,69.75,115.0,26.55033435145426,89.84536562671605,-6.738292333832573,-675.3562370852799,-1234.2422285238965,1030.207456912119
strength_lateral_HZ_1,N148,-32.0,249.0,115.0,-221.19003834374686,231.77706589001136,604.6882210208314,817.787278537999,5280.794832513638,8506.993469837016
strength_lateral_HZ_1,N149,-32.0,252.0,115.0,1.723016851192924,186.81176446508138,-6.045673456988101,-342.3579180277223,-55.794236572662584,-155.25473174466956
strength_lateral_HZ_1,N232,-32.0,69.75,150.143,-12.82973681796284,-1166.2385468512075,17.987831372825895,160.65720216193586,33.280662026316186,361.68742629721237
strength_lateral_HZ_1,N247,-32.0,69.75,116.0,191.17591841420506,-131.5707567566212,11.110440534209232,-2.7155268878464796,-1170.0863289895226,-2132.7483526686874
strength_lateral_HZ_1,N368,-32.0,-0.0,117.5,-140.96239047624184,-861.5630227001092,-208.0538884922483,-2466.577815252488,-838.6300826898171,1620.7430116658597
strength_lateral_HZ_1,N369,-32.0,-0.0,134.148,5.243602753128836e-12,-1.1144179189623724,1.4403368545099916e-13,-2.6902976039059884e-13,1.4786020564597484e-14,-2.5639289323726193e-12
strength_lateral_HZ_1,N370,-32.0,-0.0,150.796,140.96239047519651,832.0832372420583,208.05388844933526,-4460.784455449741,838.63008269002,3072.7407413357946
strength_lateral_HZ_1,N371,-32.0,69.75,117.5,-164.46563466533553,227.96993737714365,-17.831392621120358,-638.5083862596675,-64.05384445773575,2939.7090079787886
strength_lateral_HZ_1,N372,-32.0,69.75,142.022,1.8189894035458565e-12,-2.7379524229327217,0.0,0.0,-3.552713678800501e-15,-7.275957614183426e-12
strength_lateral_HZ_1,N380,-32.0,185.0,117.5,-463.30247850395466,-1261.6201741585357,246.29500371904084,12086.64911082817,25.715405788363054,36182.963773167074
strength_lateral_HZ_1,N381,-32.0,185.0,144.148,-9.286014690981806e-11,-1.7838561172074943,-2.5865753051204727e-11,-2.5259232968036182e-11,9.814635933526048e-14,1.6167767207853618e-10
strength_lateral_HZ_1,N382,-32.0,185.0,170.797,3.9031872369416234e-10,-1.7838561172258887,7.845277611665722e-10,3.127229512932592e-10,-5.5397307562721704e-14,7.615632808159447e-10
strength_lateral_HZ_1,N383,-32.0,185.0,197.445,5.684194768906089e-11,-1.2117365203424328,1.3774567759473292e-11,-2.0907438814581546e-11,9.875179886874901e-14,-5.248144817013907e-11
strength_lateral_HZ_1,N384,-32.0,185.0,207.0,156.17974662780762,-1150.309850692749,179.26950028538704,7906.259587049484,2336.2096967697144,1967.4172114394605
strength_lateral_HZ_1,N385,-32.0,185.0,224.093,308.40681921692465,2248.995155737018,-424.0905731945851,9364.478549720006,-2330.5634243515124,8602.964526659287
strength_lateral_HZ_1,N402,-32.0,69.75,193.643,80.15631839632988,-1136.5807898938656,13.8382066488266,-785.9791879653931,233.88698496553116,-2621.38349622488
strength_lateral_HZ_1,N548,-32.0,69.75,120.0,164.4656339288922,-232.3033572495915,17.831392737218266,593.9299044748191,64.05384445793538,-2528.544924610411
strength_lateral_HZ_1,N549,-32.0,69.75,147.143,-164.4656339289504,234.91983733780216,-17.831392737221904,-109.93241140864848,-64.05384445793545,-1935.5457771236834
strength_lateral_HZ_1,N601,-32.0,120.0,222.655,-131.64660991612118,-56.08093870012203,77.35754004629132,-1352.9354620437186,-887.1945498007773,-2967.579805192652
strength_lateral_HZ_1,N608,-32.0,150.0,226.093,-299.75951723482837,-153.3049525619424,-90.25335369150721,3105.8496076536608,-863.2259021776564,-6580.281723163068
strength_lateral_HZ_1,N625,-32.0,235.0,226.093,-434.58350792120655,-160.3053383248284,135.15571805864843,-2373.6869557939485,674.1607671627107,-6525.668664792997
strength_lateral_HZ_1,N629,-32.0,249.0,226.093,241.46288293674274,164.47888209975548,-146.75819408311665,6035.642270527207,-328.23597312261586,-1073.0173603597632
strength_lateral_HZ_1,N630,-32.0,250.411,226.093,-2.0650723964960332e-10,-0.5866854469032349,1.2382185052498552e-09,8.358480202822067e-10,-1.7459799152038753e-12,-5.012449314291903e-12
strength_lateral_HZ_1,N631,-32.0,252.0,226.093,-1.7207289263606071,-151.16542644798756,6.0032782554626465,-346.07456731796265,55.720149451866746,-35.12868819758296
strength_lateral_HZ_-1,N5,-32.0,0.0,115.0,-59.56959876026815,5189.716108460501,28.85678684100276,-2729.1603536193484,-7.702442632567909,231.57776081608336
strength_lateral_HZ_-1,N6,-32.0,0.0,130.311,-3.652105018537272e-12,-5.141644613428874,8.877883128330484e-12,3.0410129029237335e-12,6.885492067849182e-14,-2.2550091425235987e-12
strength_lateral_HZ_-1,N7,-32.0,0.0,153.373,-201.61583108990453,48.52296498348005,-235.8791418773908,2024.4348572972813,-848.424998894101,-3233.3412408223376
strength_lateral_HZ_-1,N15,-32.0,185.0,115.0,332.9074930431985,2907.7092385200867,-150.94265947723693,9148.949262541597,3671.8900130313173,9052.737478596615
strength_lateral_HZ_-1,N16,-32.0,185.0,116.0,420.8430244100683,-804.3610748340705,-126.92372559308862,-6070.941501333937,621.9440286818642,-63155.5956196076
strength_lateral_HZ_-1,N17,-32.0,185.0,143.183,2.265981956313252e-09,-7.47937753078009,-9.62500997069614e-11,1.655882277624376e-11,-2.674645722161756e-15,2.2283103789630064e-10
strength_lateral_HZ_-1,N18,-32.0,185.0,171.82,-1.641282517311715e-09,-7.674110163566909,3.72803830185831e-10,-2.3054239514806412e-10,-9.372632428070986e-15,1.4121433859140732e-09
strength_lateral_HZ_-1,N19,-32.0,185.0,200.457,-4.728404364516296e-11,-7.272137234262025,1.300959784852247e-11,-1.2072396909703408e-10,-5.460198973605754e-15,-8.274104749373839e-11
strength_lateral_HZ_-1,N20,-32.0,185.0,226.093,2.6636843383312225,64.4600622355938,-3.054429231211543,75.57963146269321,-33.632598873227835,78.0290263784118
strength_lateral_HZ_-1,N28,-32.0,253.0,115.0,-2.184295367677216,6.934176606750813,30.056251283099044,24.0121500887662,21.091505119846975,71.16784001740278
strength_lateral_HZ_-1,N32,-32.0,253.0,226.093,0.2526470422744751,4.056429642718285,-4.270801145583391,65.76062041847035,-10.688541311770678,4.53096157818436
strength_lateral_HZ_-1,N77,-32.0,-63.0,115.0,86.29489408605917,-330.99051393283304,1331.8697164758314,1587.4413509020185,1579.1692536987784,-479.5627692466674
strength_lateral_HZ_-1,N79,-32.0,-63.0,117.0,47.81913502628413,-469.00286624977525,-1313.0419075652899,-1429.6173824841972,1095.8166198481194,-811.9328229305647
strength_lateral_HZ_-1,N126,-32.0,69.75,115.0,48.579971100005345,71.66747951751083,-5.252410618018111,-628.4744066836274,-1242.162134917093,939.4559489715884
strength_lateral_HZ_-1,N148,-32.0,249.0,115.0,-197.17299806981683,169.804282840623,879.5376474858307,706.3152537370846,3683.783335469399,8376.019231308079
strength_lateral_HZ_-1,N149,-32.0,252.0,115.0,1.5916028545707528,143.79388344832049,-5.6053559197381455,-319.7970933933035,-55.520155388017564,-149.0616929047977
strength_lateral_HZ_-1,N232,-32.0,69.75,150.143,-6.368194356931781,-1157.3476835037,16.40759190249082,144.46425162727246,21.641875983940167,257.74285799320205
strength_lateral_HZ_-1,N247,-32.0,69.75,116.0,203.38901119151484,-129.20669340490366,11.225196447709704,-2.704009176920103,-1183.4107155619383,-2020.1416825737494
strength_lateral_HZ_-1,N368,-32.0,-0.0,117.5,-104.87894466205354,-833.231923228046,-214.87503675698645,-2559.3500339439997,-718.575041706585,713.1315034375453
strength_lateral_HZ_-1,N369,-32.0,-0.0,134.148,-4.163773100284547e-12,-1.114417918957036,-6.790775005112461e-12,3.869300200518418e-12,-1.452607724325119e-14,1.7081536531474877e-11
strength_lateral_HZ_-1,N370,-32.0,-0.0,150.796,104.87894445734999,803.7521377673839,214.87503666307163,-4595.1291899078215,718.5750417065668,2778.917836090786
strength_lateral_HZ_-1,N371,-32.0,69.75,117.5,-154.65863596346753,207.77021558699198,-16.461600309514324,-595.2227352627524,-58.65796146914022,2773.267122894147
strength_lateral_HZ_-1,N372,-32.0,69.75,142.022,0.0,-2.7379524229327217,0.0,3.637978807091713e-12,0.0,-3.637978807091713e-12
strength_lateral_HZ_-1,N380,-32.0,185.0,117.5,-462.76493766524516,-1182.7271419863664,227.6412776371977,11132.211981561977,172.75177794687943,36050.499703651265
strength_lateral_HZ_-1,N381,-32.0,185.0,144.148,5.759936571469932e-10,-1.7838561172233331,1.2496156163251163e-10,-8.974145867015884e-12,-7.310020312819108e-15,8.614711638324441e-10
strength_lateral_HZ_-1,N382,-32.0,185.0,170.797,1.0625681225332728e-09,-1.7838561172022862,6.837373316461903e-10,-2.726683995886285e-10,6.586273376725242e-15,-3.1266662834992634e-09
strength_lateral_HZ_-1,N383,-32.0,185.0,197.445,6.902986049235141e-11,-1.2117365203407418,3.0356047676303923e-12,-4.8399441781429533e-11,-9.867831025789219e-15,-5.26467859162115e-11
strength_lateral_HZ_-1,N384,-32.0,185.0,207.0,142.62575721740723,-1041.3502659797668,141.9721658229828,7218.845245361328,2330.273917198181,2106.6950625106692
strength_lateral_HZ_-1,N385,-32.0,185.0,224.093,321.3118262767714,2065.580189162078,-368.4461674253063,8380.03987382639,-2471.743701616352,8769.771256808363
strength_lateral_HZ_-1,N402,-32.0,69.75,193.643,23.71407362818718,-1069.7686255574226,13.794697046279907,-736.3276869058609,101.76375397969969,-1997.7903960943222
strength_lateral_HZ_-1,N548,-32.0,69.75,120.0,154.65863646111393,-212.1036354174139,16.461600353613903,554.0687341992161,58.65796146982575,-2386.6205318614666
strength_lateral_HZ_-1,N549,-32.0,69.75,147.143,-154.65863646115758,214.72011550562456,-16.461600353592075,-107.25151580110833,-58.65796146982575,-1811.2788376027456
strength_lateral_HZ_-1,N601,-32.0,120.0,222.655,197.24107214997022,-144.43024041610892,-77.32804786708323,-1318.3123864538186,-686.9832113089823,-2888.9019532207426
strength_lateral_HZ_-1,N608,-32.0,150.0,226.093,-639.6504213394568,-158.5825614934681,-211.7325004245376,2911.7634922711145,12.228932522931402,-6287.495464390025
strength_lateral_HZ_-1,N625,-32.0,235.0,226.093,21.55288197007681,-148.92624190411607,-25.121757205692038,-2303.650960774368,1577.6808455905932,-6335.464697552854
strength_lateral_HZ_-1,N629,-32.0,249.0,226.093,-125.21268309969938,253.68718214172233,-142.86687439842,6383.680303572464,-72.29637173041291,-1265.2658820337058
strength_lateral_HZ_-1,N630,-32.0,250.411,226.093,-4.257224538141189e-09,-0.586685446006047,1.6495460847199342e-09,8.922109917794128e-10,2.1873039214839304e-09,-5.639095081454481e-13
strength_lateral_HZ_-1,N631,-32.0,252.0,226.093,-1.589489459991455,-108.20466730138287,5.566048622131348,-318.49873542785645,55.44643221050501,-26.815147161483765
strength_lateral_HZ_2,N5,-32.0,0.0,115.0,240.4449304532103,5374.323424711401,26.18449036115453,-2027.453017588054,-1585.6595409409865,-2113.034996555798
strength_lateral_HZ_2,N6,-32.0,0.0,130.311,-1.2222916619158004e-13,-5.141644613433479,-2.988864231334794e-12,-7.111000683706426e-13,-1.5787760888121716e-13,9.618113568716195e-12
strength_lateral_HZ_2,N7,-32.0,0.0,153.373,-103.6523410610389,240.4929420798435,167.12030381750083,2224.6182219996117,-2868.9617315320065,-3053.244503561873
strength_lateral_HZ_2,N15,-32.0,185.0,115.0,352.0031313026425,3083.387342643732,-791.9976565101929,10783.728457256286,3767.6103723829897,9040.464045648543
strength_lateral_HZ_2,N16,-32.0,185.0,116.0,438.1411294336884,-734.0465508028428,-138.54689289558414,-6851.636610664072,395.4415077759951,-63628.86006206253
strength_lateral_HZ_2,N17,-32.0,185.0,143.183,7.060339663489866e-10,-7.479377530777917,-3.1213446312547946e-11,-6.314348825642971e-11,-1.1253118322129419e-13,-6.060851574785818e-10
strength_lateral_HZ_2,N18,-32.0,185.0,171.82,2.5519749328102957e-09,-7.674110163584102,1.3043050369122138e-09,-1.6461542159717576e-11,-2.267170977195763e-14,-6.534100524637977e-12
strength_lateral_HZ_2,N19,-32.0,185.0,200.457,1.331740778169769e-12,-7.2721372342585004,5.626172816928263e-11,-1.4854693553214888e-10,1.0040176719973965e-13,9.082361782236548e-11
strength_lateral_HZ_2,N20,-32.0,185.0,226.093,2.503209948539734,76.14083594083786,-3.746369905769825,89.20505081862211,-30.75107454508543,75.63382875884417
strength_lateral_HZ_2,N28,-32.0,253.0,115.0,1.0572861335683599,12.237030526278106,15.745030145273166,43.62740685366002,30.745228637383132,74.45187218877001
strength_lateral_HZ_2,N32,-32.0,253.0,226.093,0.2862333096563816,6.932211456820369,-4.7744701113551855,72.93034403119236,-10.766907256096601,8.148612742781552
strength_lateral_HZ_2,N77,-32.0,-63.0,115.0,-89.46606880618482,-555.7830026413674,2071.6925426712755,2898.1635819308303,-2591.4632694047905,-190.34153877861837
strength_lateral_HZ_2,N79,-32.0,-63.0,117.0,-69.25828007180098,-903.053141255863,-2019.9944194513664,-660.1933325967038,-1401.7560190316872,894.2468158462652
strength_lateral_HZ_2,N126,-32.0,69.75,115.0,15.53551844407059,98.93431249904359,-7.481233284816777,-698.7971536892803,-1230.2822765056749,1075.5832105803856
strength_lateral_HZ_2,N148,-32.0,249.0,115.0,-233.1985587382677,262.7634586376524,467.26350641469617,873.5232903258176,6079.300602831978,8572.480590015137
strength_lateral_HZ_2,N149,-32.0,252.0,115.0,1.7887238449811282,208.32070595179474,-6.2658322072162544,-353.63833084318657,-55.93127728338335,-158.35125122789165
strength_lateral_HZ_2,N232,-32.0,69.75,150.143,-16.060508085269248,-1170.6839789527003,18.777951133437455,168.75367757809,39.10005501955743,413.6597111891606
strength_lateral_HZ_2,N247,-32.0,69.75,116.0,185.06937209269356,-132.752788493651,11.053062584729195,-2.721285694971084,-1163.4241368751675,-2189.0516910093575
strength_lateral_HZ_2,N368,-32.0,-0.0,117.5,-159.00411299654883,-875.7285723702175,-204.6433143449497,-2420.1917062953476,-898.6576033380659,2074.5487556623593
strength_lateral_HZ_2,N369,-32.0,-0.0,134.148,1.000091040069263e-11,-1.11441791895599,1.0962366523958837e-12,-2.2933809526205104e-12,9.271681604360163e-14,-3.674224501111436e-11
strength_lateral_HZ_2,N370,-32.0,-0.0,150.796,159.00411317550063,846.2487869120038,204.64331440355383,-4393.612087992127,898.6576033383449,3219.652189754403
strength_lateral_HZ_2,N371,-32.0,69.75,117.5,-169.3691342062666,238.06979863380548,-18.51628864592203,-660.1512128828617,-66.75178597375228,3022.929952758481
strength_lateral_HZ_2,N372,-32.0,69.75,142.022,0.0,-2.737952422874514,-3.637978807091713e-12,1.4551915228366852e-11,2.842170943040401e-14,-1.4551915228366852e-11
strength_lateral_HZ_2,N380,-32.0,185.0,117.5,-463.5712476525522,-1301.0666916794255,255.62186706070858,12563.867691787113,-47.80278432969678,36249.19580698857
strength_lateral_HZ_2,N381,-32.0,185.0,144.148,-4.6894178462352e-09,-1.7838561172503746,1.4391511764800135e-10,-2.2437412476920302e-11,2.1167069807307645e-13,1.6272282083214743e-11
strength_lateral_HZ_2,N382,-32.0,185.0,170.797,4.1865100023082465e-09,-1.7838561172147656,3.7179531116592244e-10,-2.8442228548101243e-10,3.2481326298087746e-13,-1.4278131314376475e-09
strength_lateral_HZ_2,N383,-32.0,185.0,197.445,4.18799351660302e-11,-1.2117365203442547,2.6896495088157796e-11,-8.139480482436434e-11,-1.315438802332695e-15,-3.895462067606502e-11
strength_lateral_HZ_2,N384,-32.0,185.0,207.0,162.9567413330078,-1204.7896437644958,197.91816818714142,8249.966768980026,2339.177583694458,1897.7782824747264
strength_lateral_HZ_2,N385,-32.0,185.0,224.093,301.9543154315218,2340.702642199566,-451.91277832757913,9856.697904476285,-2259.973280891176,8519.561158202167
strength_lateral_HZ_2,N402,-32.0,69.75,193.643,108.37744069099426,-1169.98687261343,13.85996162891388,-810.8049402236938,299.9486000428442,-2933.1800491809845
strength_lateral_HZ_2,N548,-32.0,69.75,120.0,169.3691327710403,-242.40321847086307,18.51628895538306,613.8604904631648,66.75178597381318,-2599.5071225699503
strength_lateral_HZ_2,N549,-32.0,69.75,147.143,-169.3691327708657,245.01969855907373,-18.51628895534668,-111.27285934737301,-66.7517859738133,-1997.6792482308956
strength_lateral_HZ_2,N601,-32.0,120.0,222.655,-296.0904552481411,-11.906286660090291,154.7003360961185,-1370.2470002774908,-987.3002271860429,-3006.9187291198095
strength_lateral_HZ_2,N608,-32.0,150.0,226.093,-129.8140590736691,-150.66614794907846,-29.513778133597793,3202.892667516035,-1300.9533357308687,-6726.674851487673
strength_lateral_HZ_2,N625,-32.0,235.0,226.093,-662.6517140043908,-165.9948868102962,215.29445963536332,-2408.704953950088,222.40070406416282,-6620.770650554823
strength_lateral_HZ_2,N629,-32.0,249.0,226.093,424.80067512201975,119.87473025746148,-148.70385398854117,5861.623242395394,-456.2057859587797,-976.8930952639412
strength_lateral_HZ_2,N630,-32.0,250.411,226.093,-1.9959676701197003e-09,-0.5866854458763673,1.7600086518421416e-09,2.8298444860959936e-10,1.2719041502837196e-09,-3.978721867643779e-12
strength_lateral_HZ_2,N631,-32.0,252.0,226.093,-1.786348670721054,-172.64580700360239,6.221893310546875,-359.8624835014343,55.857008188962936,-39.28545889258385
strength_lateral_HZ_-2,N5,-32.0,0.0,115.0,-159.57444203634054,5128.1803397713575,29.747552185010136,-2963.0627942988594,518.2832652979178,1013.1153645859649
strength_lateral_HZ_-2,N6,-32.0,0.0,130.311,7.371505768700104e-13,-5.14164461342137,5.2426902514680645e-12,4.1362083179559754e-13,1.7411693173937373e-13,-2.2659502340702623e-11
strength_lateral_HZ_-2,N7,-32.0,0.0,153.373,-234.27032699529082,-15.467028325714637,-370.21229280595435,1957.7070691754052,-174.91274643479846,-3293.373489323887
strength_lateral_HZ_-2,N15,-32.0,185.0,115.0,326.5422873114256,2849.149873354914,62.742332786514254,8604.022886935933,3639.9832118584914,9056.828635315636
strength_lateral_HZ_-2,N16,-32.0,185.0,116.0,415.07698448480306,-827.7992484097811,-123.0493363589722,-5810.709810277481,697.4448571603741,-62997.84082181245
strength_lateral_HZ_-2,N17,-32.0,185.0,143.183,3.6689774497607846e-09,-7.4793775307687875,-1.6461846388380554e-10,1.2818860763542438e-10,-1.1810676088228901e-13,4.140827404607945e-09
strength_lateral_HZ_-2,N18,-32.0,185.0,171.82,-7.353386915537928e-10,-7.674110163568504,-8.526629662381132e-11,7.531742149502948e-12,1.667704790068532e-13,-2.0574578744959168e-10
strength_lateral_HZ_-2,N19,-32.0,185.0,200.457,1.1064765934914958e-11,-7.272137234252308,2.9003768429531244e-11,-9.783555085289885e-11,-2.3347453722954386e-14,4.335231302891113e-11
strength_lateral_HZ_-2,N20,-32.0,185.0,226.093,2.717175766825676,60.56647107005119,-2.8237824104726315,71.03782545030117,-34.59310690313578,78.82742552016862
strength_lateral_HZ_-2,N28,-32.0,253.0,115.0,-3.26482247012021,5.166558736203831,34.826658253322364,17.473731531266758,17.87359739639503,70.0731626964231
strength_lateral_HZ_-2,N32,-32.0,253.0,226.093,0.24145162105560303,3.0978357633885025,-4.102911499794573,63.37071268467662,-10.662419363856316,3.325077927125676
strength_lateral_HZ_-2,N77,-32.0,-63.0,115.0,144.8818818805174,-256.05968662323863,1085.2621148848104,1150.5339532424462,2969.380102761867,-575.9698478052202
strength_lateral_HZ_-2,N79,-32.0,-63.0,117.0,86.84494019618433,-324.3194457380523,-1077.3910776138655,-1686.0920585310087,1928.3408392089332,-1380.6593719574012
strength_lateral_HZ_-2,N126,-32.0,69.75,115.0,59.59478679846822,62.578535115387375,-4.50946946927685,-605.0334929467532,-1246.1220893367245,894.0801958113044
strength_lateral_HZ_-2,N148,-32.0,249.0,115.0,-185.16447819693616,138.81789254263703,1016.9623593477991,650.5792407419178,2885.2776089136614,8310.532112960653
strength_lateral_HZ_-2,N149,-32.0,252.0,115.0,1.525895919645162,122.28494392197341,-5.385197174879256,-308.5166816852711,-55.38311491414195,-145.9651735958907
strength_lateral_HZ_-2,N232,-32.0,69.75,150.143,-3.1374231632216834,-1152.902252259315,15.617472192847345,136.3677765087923,15.822482934589289,205.77057458244963
strength_lateral_HZ_-2,N247,-32.0,69.75,116.0,209.49555986528782,-128.0246617145348,11.28257383339288,-2.6982500109439984,-1190.0729100340393,-1963.8383496914316
strength_lateral_HZ_-2,N368,-32.0,-0.0,117.5,-86.83722143425683,-819.0663734250048,-218.2856108980885,-2605.736143536603,-658.54752136953,259.32573903441994
strength_lateral_HZ_-2,N369,-32.0,-0.0,134.148,-3.784822427823183e-12,-1.1144179189580021,-6.713854092403949e-12,6.204837460846766e-13,-3.374151729127828e-14,1.815303881733012e-11
strength_lateral_HZ_-2,N370,-32.0,-0.0,150.796,86.83722112475097,789.5865879645678,218.28561079587539,-4662.301556998386,658.5475213694011,2632.0063791308066
strength_lateral_HZ_-2,N371,-32.0,69.75,117.5,-149.75513735305867,197.67035496293101,-15.776704036805313,-573.5799108593637,-55.960019997420886,2690.0461818829135
strength_lateral_HZ_-2,N372,-32.0,69.75,142.022,0.0,-2.737952422874514,9.094947017729282e-13,3.637978807091713e-12,-1.1368683772161603e-13,7.275957614183426e-12
strength_lateral_HZ_-2,N380,-32.0,185.0,117.5,-462.4961671470017,-1143.280627338127,218.31441497553388,10654.99343307774,246.2699599824564,35984.26766184133
strength_lateral_HZ_-2,N381,-32.0,185.0,144.148,-5.778368905706338e-11,-1.7838561172126826,-1.2975510970780317e-11,8.747247934290284e-12,1.2182066535110092e-13,6.823880333434717e-10
strength_lateral_HZ_-2,N382,-32.0,185.0,170.797,5.053729610585912e-09,-1.7838561172120433,2.0569172286701734e-10,2.0190643758024418e-10,-9.425556992172891e-14,-1.4709876891540992e-09
strength_lateral_HZ_-2,N383,-32.0,185.0,197.445,-3.4814499688204085e-11,-1.2117365203416428,8.505515141998683e-12,-4.964628149205374e-11,3.7737146013797614e-14,8.973847444020956e-12
strength_lateral_HZ_-2,N384,-32.0,185.0,207.0,135.84876823425293,-986.8704762458801,123.32349927723408,6875.13808631897,2327.306028366089,2176.3339846096933
strength_lateral_HZ_-2,N385,-32.0,185.0,224.093,327.7643295246325,1973.8727090555992,-340.6239649082138,7887.820552947694,-2542.333835416843,8853.174618574221
strength_lateral_HZ_-2,N402,-32.0,69.75,193.643,-4.5070489048957825,-1036.3625438660383,13.77294236421585,-711.5019379854202,35.702138068154454,-1685.9938489198685
strength_lateral_HZ_-2,N548,-32.0,69.75,120.0,149.7551378355347,-202.00377480720636,15.776704188232543,534.1381499137206,55.96001999823466,-2315.658337076842
strength_lateral_HZ_-2,N549,-32.0,69.75,147.143,-149.75513783557108,204.62025489541702,-15.776704188217991,-105.91106813247461,-55.96001999823466,-1749.1453691929637
strength_lateral_HZ_-2,N601,-32.0,120.0,222.655,361.68490887864544,-188.60489008687625,-154.67083973021118,-1301.000849090965,-586.8775502208256,-2849.563025171104
strength_lateral_HZ_-2,N608,-32.0,150.0,226.093,-809.5958672635821,-161.22136579149296,-272.4720715956094,2814.7204367744152,449.9563336373351,-6141.10233394404
strength_lateral_HZ_-2,N625,-32.0,235.0,226.093,249.62106577143848,-143.2366939633934,-105.2604908849681,-2268.6329639104365,2029.4408608670944,-6240.362716082034
strength_lateral_HZ_-2,N629,-32.0,249.0,226.093,-308.55045693747553,298.2913303387603,-140.92121462053396,6557.699308464188,55.673416803804216,-1361.3901386126565
strength_lateral_HZ_-2,N630,-32.0,250.411,226.093,2.4730832476269178e-09,-0.5866854463596539,7.963558337689985e-10,3.3678195358533713e-10,-1.894844969485813e-09,-3.5126722993403828e-12
strength_lateral_HZ_-2,N631,-32.0,252.0,226.093,-1.5238697528839111,-86.72428870267322,5.347433090209961,-304.71081948280334,55.30957371741533,-22.658376932144165
basic_Dfloor,N5,-32.0,0.0,115.0,-5.440811483980056,497.3268034648529,3.8646349876744353,-345.4030638011497,-93.9056603790263,22.359681039024906
basic_Dfloor,N6,-32.0,0.0,130.311,2.7226046702297836e-13,-3.775628531127502e-13,5.51227135323332e-13,-8.813821792045492e-13,-1.946106561358133e-14,9.225216697032168e-14
basic_Dfloor,N7,-32.0,0.0,153.373,-6.470885958955478,1.892793284245272,1.5353928598160564,-36.55771553226441,-73.78168599623677,-2.116766721004751
basic_Dfloor,N15,-32.0,185.0,115.0,84.45465260564681,445.90080254255696,-56.42159534965398,951.2987391374918,938.968243613453,2308.072048191935
basic_Dfloor,N16,-32.0,185.0,116.0,88.32365402410673,-342.4095812089156,-15.087252807771653,-674.3167080106055,183.9457089872757,-14938.362217678776
basic_Dfloor,N17,-32.0,185.0,143.183,-1.519257620198562e-10,7.230082449181856e-12,-5.571789636769298e-12,4.605522272283566e-12,-3.701814619369534e-14,2.053055118156765e-10
basic_Dfloor,N18,-32.0,185.0,171.82,1.8034215575307263e-10,2.0293704120660514e-12,4.099700881631746e-11,-1.0119953555543671e-11,-3.329067152066397e-14,-1.9158676988622675e-10
basic_Dfloor,N19,-32.0,185.0,200.457,-7.823840135496968e-12,1.2295986883560798e-12,3.4283778118984344e-12,-8.648645784618356e-12,-1.1827213552857844e-14,2.6185767172579484e-11
basic_Dfloor,N20,-32.0,185.0,226.093,0.5518312603235245,6.969020679593086,-0.20871929405257106,6.218872817233205,-7.17364339157939,12.53524070919957
basic_Dfloor,N28,-32.0,253.0,115.0,-0.005218837610024778,0.714993375071889,3.2629954197595414,3.4932109718806257,5.7498811588726,15.582829028059871
basic_Dfloor,N32,-32.0,253.0,226.093,-0.011951299384236336,0.629239059984684,-0.4455046353978105,5.8130360854411265,-1.933248100336641,-7.957416476017897
basic_Dfloor,N77,-32.0,-63.0,115.0,2.7364963503315476,-40.59624787606747,177.07313615011984,132.00125727042862,-11.173050295187505,13.018861556401031
basic_Dfloor,N79,-32.0,-63.0,117.0,0.09593724971739448,-103.59383941809779,-173.85200280091158,41.884363162436784,-48.8459106052336,2.4267983576013137
basic_Dfloor,N126,-32.0,69.75,115.0,3.172651721103945,1.1155203617844383,0.10866118064430617,-67.44301549708378,-219.89035752903925,250.70748354279286
basic_Dfloor,N148,-32.0,249.0,115.0,-54.29613953484945,18.96663397470905,90.7514552345034,162.4963532334387,1232.6562952102001,2126.840098599951
basic_Dfloor,N149,-32.0,252.0,115.0,-0.046757656548945814,13.760165954643593,-0.5845751312258906,-32.79578729584466,-10.042778134711611,-19.50443197955313
basic_Dfloor,N232,-32.0,69.75,150.143,-5.45949800681592,-223.65957750522648,1.7368818168297366,13.265320167191021,-0.29295456375561457,117.89795048212
basic_Dfloor,N247,-32.0,69.75,116.0,41.18853627213336,-27.05018467057277,1.912769593414778,-0.28010418260240827,-210.33054628618575,-482.2785560552639
basic_Dfloor,N368,-32.0,-0.0,117.5,-4.540825563200835,-27.329591467439936,-21.29144906209605,-327.6227437128283,-35.38134373385363,129.74720058867186
basic_Dfloor,N369,-32.0,-0.0,134.148,2.6198858931071726e-13,-8.274139764424086e-13,-2.8461793337391044e-13,-7.944158847645195e-13,6.4311277261131455e-15,-2.428740236723265e-13
basic_Dfloor,N370,-32.0,-0.0,150.796,4.540825569613751,27.329591467446622,21.29144904138126,-381.2973442036594,35.38134373386527,21.44412736267306
basic_Dfloor,N371,-32.0,69.75,117.5,-37.97895184787194,27.696463076979853,-1.8023556622847536,-64.50268272518406,-9.544604113266473,678.4750651492286
basic_Dfloor,N372,-32.0,69.75,142.022,0.0,7.275957614183426e-12,2.2737367544323206e-13,0.0,0.0,0.0
basic_Dfloor,N380,-32.0,185.0,117.5,-98.94402860255262,-42.19964250400829,25.586222653743288,1235.9104134171312,-4.098831343328145,8282.412290670947
basic_Dfloor,N381,-32.0,185.0,144.148,-3.69294295692207e-10,6.76871778205673e-13,3.869924205493338e-12,5.678580827391061e-12,4.144696909837897e-14,1.2851449848658388e-10
basic_Dfloor,N382,-32.0,185.0,170.797,8.481092447053824e-10,3.1108497581612714e-13,4.854333343611494e-11,4.051066032946753e-12,-1.5771423901959396e-14,-3.503291771017939e-10
basic_Dfloor,N383,-32.0,185.0,197.445,-8.661445341675163e-14,-8.253976574206562e-13,1.1342317354958635e-12,-3.067592538714613e-12,2.0048054230933146e-14,1.1289216930552397e-11
basic_Dfloor,N384,-32.0,185.0,207.0,32.6467809677124,-127.12216287851334,-0.4124653283506632,791.1051920950413,538.537219285965,334.68172391317785
basic_Dfloor,N385,-32.0,185.0,224.093,66.56566388641787,164.14443962186928,-25.177148599207044,699.8086865225283,-527.2089728445359,1378.9551517129148
basic_Dfloor,N402,-32.0,69.75,193.643,4.186131618916988,-233.73123312927783,1.750242181122303,-86.88257881999016,-25.648039771796903,-781.6396387666464
basic_Dfloor,N548,-32.0,69.75,120.0,37.97895174616133,-27.696463077911176,1.802355648314915,59.99679361096605,9.544604113299528,-583.5276859452497
basic_Dfloor,N549,-32.0,69.75,147.143,-37.97895174615678,27.696463077896624,-1.802355648316734,-11.075454248732967,-9.5446041132995,-447.3350013007548
basic_Dfloor,N601,-32.0,120.0,222.655,14.159944499698293,-4.457630743087995,-7.977111329170105,13.97019472931755,85.3387049477529,-112.22304249519819
basic_Dfloor,N608,-32.0,150.0,226.093,-94.31475182447716,-5.6559370015850945,-28.561591746057758,235.54342885962063,-238.5193257046685,-598.3508279056641
basic_Dfloor,N625,-32.0,235.0,226.093,-57.91195966220407,-0.9995684021626356,15.832128364751613,-33.68157729262384,277.0339599069886,-234.9810180442764
basic_Dfloor,N629,-32.0,249.0,226.093,22.75197530928252,-13.89937552538785,-13.464673478488738,457.61566900651945,-167.31676551988977,-1243.559260898531
basic_Dfloor,N630,-32.0,250.411,226.093,-4.567876368530743e-10,-1.0339877178007844e-10,1.1050940906609496e-11,2.0345579107021888e-11,2.0530705375494615e-10,-2.2327709458892235e-12
basic_Dfloor,N631,-32.0,252.0,226.093,0.04669556766748428,-13.741894335020334,0.5804758071899414,-33.77050024271011,10.029442697996274,24.612482339143753
basic_Droof,N5,-32.0,0.0,115.0,-31.516406437173046,1668.7918141852745,4.586601048767989,-451.38150887739664,3.0631749017901484,70.7892757347422
basic_Droof,N6,-32.0,0.0,130.311,4.2972726852718526e-13,-7.156230336798609e-13,6.470365394112028e-13,2.2208916447187583e-13,1.0586997269569697e-14,-2.2075817481375983e-13
basic_Droof,N7,-32.0,0.0,153.373,5.156730336020701,117.07373382167134,-19.10024452433572,-59.45104483779869,44.09846127263154,5.0827593267313205
basic_Droof,N15,-32.0,185.0,115.0,-4.0030268801310855,461.0923542808817,-22.798438629639854,2787.6437532334653,-76.23467891878681,-28.8420250574646
basic_Droof,N16,-32.0,185.0,116.0,-0.9433505286626366,282.64207301606643,-35.270109648765676,-1835.9559835549192,-127.3621684269078,-284.41082086751464
basic_Droof,N17,-32.0,185.0,143.183,1.0122033831357436e-11,5.122379044011419e-12,-9.021945981640795e-12,-1.6005900031276982e-11,2.330757129493823e-14,3.1338184617530616e-12
basic_Droof,N18,-32.0,185.0,171.82,2.4227260046143336e-12,2.4458218453675148e-12,7.059054546625092e-11,2.101338814305824e-11,-1.790951140548934e-14,-1.9243098687866815e-12
basic_Droof,N19,-32.0,185.0,200.457,4.340822599034365e-13,4.947162893570976e-13,1.7415273614915748e-11,-5.1423773480588565e-11,-1.4925067663808965e-14,3.3478213985824693e-13
basic_Droof,N20,-32.0,185.0,226.093,0.026416875422000885,31.721002735197544,-1.1502727251499891,26.47479934617877,-0.705137787386775,0.6540945677334093
basic_Droof,N28,-32.0,253.0,115.0,-0.34940107905185724,0.624811773175671,4.181303566802452,2.332236092172022,-0.4329933036682031,-0.022135742754282692
basic_Droof,N32,-32.0,253.0,226.093,-0.007896489696577191,0.4361580935656093,-1.0042117373086512,22.352408363338327,-0.7973584826104343,-1.03678942738361
basic_Droof,N77,-32.0,-63.0,115.0,10.963533066247395,-140.46015481568094,390.98197403892027,946.903197675872,219.60454611020072,-12.227486713176214
basic_Droof,N79,-32.0,-63.0,117.0,4.688803566735487,-3.2912320412192457,-380.87612014993465,-1078.0981340101216,83.60130107107852,-71.1874207469773
basic_Droof,N126,-32.0,69.75,115.0,6.686415448604498,21.29644035552692,-3.145660569669542,-181.2392797997103,-121.03271525759865,61.10682408874656
basic_Droof,N148,-32.0,249.0,115.0,7.86064368713677,41.82005208358472,131.94478418789484,311.7507949540247,-356.7969412859212,5.861451782537798
basic_Droof,N149,-32.0,252.0,115.0,-0.03905021594077476,30.771757030198092,-1.317706365196512,-73.5839362422412,-4.141005829782017,1.1781480175156545
basic_Droof,N232,-32.0,69.75,150.143,1.045695818715103,-17.71073294512462,4.252628287220432,39.06196072351304,0.5172926483668334,-18.439197490661172
basic_Droof,N247,-32.0,69.75,116.0,3.787984517665673,2.376808301679877,1.2489276090898103,-1.2291779271196333,-122.44544592640383,119.3928116151215
basic_Droof,N368,-32.0,-0.0,117.5,6.181698916878218,-440.93534564348295,-41.68947262197517,-200.20019503354578,-61.63548881504778,-104.06135278968918
basic_Droof,N369,-32.0,-0.0,134.148,-1.6387845124522679e-12,-2.8537924180527882e-12,-2.395227585392618e-13,4.4132218117136743e-13,-2.6291274474743047e-16,1.5395779939456097e-12
basic_Droof,N370,-32.0,-0.0,150.796,-6.181698938533754,440.9353456444594,41.68947260489515,-1187.8924855617738,61.63548881502427,-101.76449469677551
basic_Droof,N371,-32.0,69.75,117.5,2.8956137296900124,18.604430599778425,-4.390318232329946,-170.10713542011933,1.4104833884983066,-47.206021854381106
basic_Droof,N372,-32.0,69.75,142.022,0.0,1.4551915228366852e-11,9.094947017729282e-13,1.8189894035458565e-12,0.0,-9.094947017729282e-13
basic_Droof,N380,-32.0,185.0,117.5,-2.9734140532007864,-458.48607644149496,68.00830550298421,3367.736617434868,54.807878610284014,212.15188304743995
basic_Droof,N381,-32.0,185.0,144.148,4.751800477209309e-12,4.39603463180595e-12,2.1006807077056674e-11,-1.4558357031019558e-11,-7.49944433895943e-15,1.960347523501067e-12
basic_Droof,N382,-32.0,185.0,170.797,-1.35035558872973e-11,-3.728887895953916e-13,6.554413827281584e-11,1.4824530179647027e-10,-4.535841112279276e-15,2.7485790356317207e-12
basic_Droof,N383,-32.0,185.0,197.445,-5.076026017617963e-16,9.073020323250437e-13,-3.898407263804093e-12,-1.593936125256505e-11,-6.315741562780534e-15,-1.4350415075112115e-12
basic_Droof,N384,-32.0,185.0,207.0,-0.21493613719940186,-300.90801763534546,71.33193527162075,2192.6888441741467,-3.0261653661727905,36.20642870164011
basic_Droof,N385,-32.0,185.0,224.093,3.1865832005550705,747.1388677382466,-138.75375901957366,2916.063883673258,-51.822336955283994,72.52819810817024
basic_Droof,N402,-32.0,69.75,193.643,-10.925944104790688,-12.697371453046799,3.8908257484436035,-197.60830563306808,1.9742444948205957,64.84895335137844
basic_Droof,N548,-32.0,69.75,120.0,-2.8956136162487383,-18.604430602979846,4.390318263355084,159.13133976202744,-1.4104833884811256,39.966987848543795
basic_Droof,N549,-32.0,69.75,147.143,2.8956136162487383,18.604430602979846,-4.390318263329391,-39.9649311397734,1.4104833884811114,38.62865253725795
basic_Droof,N601,-32.0,120.0,222.655,28.66196546869646,-5.148598508646727,-14.761991178459771,199.26762975585228,102.29395732577905,195.78501706453523
basic_Droof,N608,-32.0,150.0,226.093,-30.189632824057906,-2.0061863648145613,-10.2913364767863,330.2208591620867,39.895919970952676,-168.12005860335444
basic_Droof,N625,-32.0,235.0,226.093,41.77070696424827,0.836555600184155,-14.688215833163188,-78.72092046032579,79.82776933973396,-36.97627293412191
basic_Droof,N629,-32.0,249.0,226.093,-35.607031515058914,121.28725411926241,-34.18736622086447,2516.430795796208,154.92502975577915,-42.1038247143408
basic_Droof,N630,-32.0,250.411,226.093,1.6824169815662186e-11,-0.47043574063224075,3.9451056259831345e-10,3.7023976851845145e-10,-7.225788713538444e-11,3.070167543169405e-14
basic_Droof,N631,-32.0,252.0,226.093,0.03899836912751198,-30.73089634301141,1.308465838432312,-76.46445119380951,4.135507140075788,3.130912333726883
basic_Dsteel,N5,-32.0,0.0,115.0,83.02471288721293,1289.372533729907,7.582590156971946,-640.3898859627197,-167.65970451561827,-609.9568004108756
basic_Dsteel,N6,-32.0,0.0,130.311,2.1261617023805116e-13,-4.284703844519512,3.792266043612379e-13,9.820046502978297e-14,4.454802353562873e-14,-1.4709710634425547e-12
basic_Dsteel,N7,-32.0,0.0,153.373,-127.77847522297816,-30.220874331062078,-73.19216757806134,1913.5529467023443,-1086.8014035765227,-2652.0006765848248
basic_Dsteel,N15,-32.0,185.0,115.0,22.078054673871797,653.2392382750343,-96.74357604063155,2658.5593393417766,237.06633018256508,474.8880288027451
basic_Dsteel,N16,-32.0,185.0,116.0,76.1915389172014,118.90722484675119,-31.15328272260512,-1558.3143777075027,3.0400810623476624,-6076.356213362106
basic_Dsteel,N17,-32.0,185.0,143.183,1.4551653704195593e-10,-6.232814609002956,2.643443818993483e-12,-8.976484593346441e-12,1.9597134898943887e-16,1.234606921381876e-10
basic_Dsteel,N18,-32.0,185.0,171.82,6.018610139605444e-11,-6.395091802978975,-5.394681301141005e-11,-2.0558111360966093e-11,-2.3982373657300606e-15,1.5965154192567343e-12
basic_Dsteel,N19,-32.0,185.0,200.457,-7.571704768680401e-13,-6.06011436188082,1.3202071111692801e-11,-5.452671040449128e-11,-5.469653166711667e-16,-5.384376738747011e-12
basic_Dsteel,N20,-32.0,185.0,226.093,0.43087126314640045,5.526142671704292,-0.9825093597173691,22.58276559598744,-4.27695651166141,24.422743913833983
basic_Dsteel,N28,-32.0,253.0,115.0,-0.5617044638006262,3.1700170919518347,6.374337799528264,9.603205528920668,2.3689148659645896,12.818587975870479
basic_Dsteel,N32,-32.0,253.0,226.093,0.2676275931298733,0.8993495323229581,-1.3011389782186598,16.50285329541657,-1.9061769273830578,30.80676586053596
basic_Dsteel,N77,-32.0,-63.0,115.0,3.4936501496696404,-84.11312452637031,426.17267053845194,375.0645396051349,-37.94958230131298,-349.5692828378306
basic_Dsteel,N79,-32.0,-63.0,117.0,2.1720587489922423,-216.83425651913808,-420.7377735321861,-12.757097249506842,282.5432951304583,-140.8527018743771
basic_Dsteel,N126,-32.0,69.75,115.0,16.644959412823,43.25542113693952,-2.6845637457537057,-170.57612735188562,-215.82083745926906,-51.504294171100646
basic_Dsteel,N148,-32.0,249.0,115.0,-8.538782172599443,66.0577573932523,195.27022672692584,80.87996702803612,96.78047193069187,424.4819927335989
basic_Dsteel,N149,-32.0,252.0,115.0,1.5795404848667394,48.67634242307275,-1.707923109250867,-98.37506859061301,-9.900798530497235,-68.1183298505514
basic_Dsteel,N232,-32.0,69.75,150.143,8.41960842829576,-313.1091268052114,5.154760647339572,50.41514737101534,23.696710514845776,-98.88126448089224
basic_Dsteel,N247,-32.0,69.75,116.0,38.2853043701645,-34.49116723643363,2.060145769043698,-0.30349927593075543,-194.2707968729828,-457.12159698820466
basic_Dsteel,N368,-32.0,-0.0,117.5,-96.39889832901547,-187.17028516050684,-73.7590801974874,-957.9915586393566,-483.64797064308016,713.7041646370706
basic_Dsteel,N369,-32.0,-0.0,134.148,-7.811808273397774e-14,-0.9286815991249568,-1.609212336383911e-13,3.4522864425872993e-14,2.83014677217641e-15,3.5780596276490152e-12
basic_Dsteel,N370,-32.0,-0.0,150.796,96.39889831344755,162.60379727684378,73.75908018161975,-1497.890775642536,483.6479706431138,2495.9935540188653
basic_Dsteel,N371,-32.0,69.75,117.5,-21.61932048492963,84.98684024903923,-4.740100294955937,-160.31509718743973,-21.515760206248174,389.4230423938898
basic_Dsteel,N372,-32.0,69.75,142.022,0.0,-2.2816270190960495,0.0,0.0,7.105427357601002e-15,2.2737367544323206e-13
basic_Dsteel,N380,-32.0,185.0,117.5,-74.29470927523832,-434.93789232917595,58.09218371034302,2857.908035645716,37.51853916533244,4087.1328858006673
basic_Dsteel,N381,-32.0,185.0,144.148,-3.8072857950087204e-11,-1.4865467643593167,1.6944321746837256e-11,-1.593789034524917e-11,-1.65571927230382e-15,3.6630684645299365e-11
basic_Dsteel,N382,-32.0,185.0,170.797,1.1499501193842668e-11,-1.4865467643570451,2.586242226696249e-10,1.8179983330399982e-10,-2.561285664173834e-15,-2.8633246896407893e-11
basic_Dsteel,N383,-32.0,185.0,197.445,-7.253893678837793e-13,-1.0097804336197573,-6.453998225516714e-12,-3.902268553735736e-12,5.289267878928368e-16,-1.6380895143442124e-12
basic_Dsteel,N384,-32.0,185.0,207.0,22.50510597229004,-258.59484696388245,60.92570694535971,1895.6852980852127,280.5721250772476,613.6018691337085
basic_Dsteel,N385,-32.0,185.0,224.093,51.9746373491024,586.2627858914304,-118.51696736063185,2487.0537123889685,-314.3242162588247,2842.089160224604
basic_Dsteel,N402,-32.0,69.75,193.643,43.09855030477047,-240.48349124193192,2.470666140317917,-190.33315733075142,230.58171957731247,337.38708480075
basic_Dsteel,N548,-32.0,69.75,120.0,21.619320587335096,-88.59802343707997,4.740100334794533,148.46484634002354,21.515760206256402,-335.3747409804673
basic_Dsteel,N549,-32.0,69.75,147.143,-21.61932058733646,90.77842351063737,-4.740100334794988,-19.804302952739818,-21.515760206256417,-251.43847772158415
basic_Dsteel,N601,-32.0,120.0,222.655,-56.263741987649446,-61.251745389615316,44.60160785779413,-1335.534791032887,-1020.3757735879216,-2259.5385667861
basic_Dsteel,N608,-32.0,150.0,226.093,-59.88592340551644,-110.11223571112971,-23.2137784242458,1472.1469685605846,287.68643518344226,-3319.761318276038
basic_Dsteel,N625,-32.0,235.0,226.093,-24.28586910104748,-126.1336382279979,7.79198398957784,-1764.0490154181957,38.98365892694493,-4558.472316507766
basic_Dsteel,N629,-32.0,249.0,226.093,4.63974838794348,111.30340327957744,-43.21904557542178,1680.44394944015,176.81762528108447,2922.760071693983
basic_Dsteel,N630,-32.0,250.411,226.093,9.34729726249779e-12,-0.018468797477516487,2.6566749684599435e-10,1.7146157418292136e-10,-1.1187543884774866e-10,5.3444535107198156e-12
basic_Dsteel,N631,-32.0,252.0,226.093,-1.5774430688470602,-19.113142292015254,1.6959463357925415,-96.11162847280502,9.887651623459533,-106.22905394528061
basic_Dwall,N5,-32.0,0.0,115.0,-11.819242440979004,365.4951863549526,2.324035830335106,-298.654807347724,12.988614336281671,-99.96914690602097
basic_Dwall,N6,-32.0,0.0,130.311,8.341504517817667e-14,-7.184207655135549e-13,-4.070893075261788e-15,1.327213372514741e-13,6.149008774169412e-15,-3.151177014074589e-13
basic_Dwall,N7,-32.0,0.0,153.373,1.1963884195429273,-7.2566384121382725,-9.410817593425236,-8.321153630909976,11.432484160548483,-95.75107158752144
basic_Dwall,N15,-32.0,185.0,115.0,-0.7432523441348228,287.8082710426211,-19.799145765589056,701.9091261912447,-28.338662173257788,-0.35737087021455793
basic_Dwall,N16,-32.0,185.0,116.0,0.9556512195687531,25.476837164333368,-9.143997144948012,-480.84232158356684,-47.63604608482615,-141.60019423068215
basic_Dwall,N17,-32.0,185.0,143.183,1.657268646183157e-13,-6.881592080642308e-13,5.494279628010884e-12,-1.2585340941980318e-12,3.2501755822946468e-15,-1.8505520677091243e-13
basic_Dwall,N18,-32.0,185.0,171.82,9.304827206481552e-13,-3.6079761799917307e-13,1.416280733000864e-11,-1.9765826349048315e-11,9.867555139446584e-15,8.044294557567288e-13
basic_Dwall,N19,-32.0,185.0,200.457,-8.48381405775852e-13,8.708850777836757e-15,-1.4232279631708978e-12,-3.8741357906120827e-13,2.850001447447115e-15,8.608281718085444e-13
basic_Dwall,N20,-32.0,185.0,226.093,0.013174891471862793,5.726404454559088,-0.2632441921159625,6.019643526524305,-0.23200440034270287,0.39672560110102495
basic_Dwall,N28,-32.0,253.0,115.0,-0.12246507591328497,1.6178316708139022,2.112295261581858,8.253255786974526,0.011529224126851772,3.001201508877449
basic_Dwall,N32,-32.0,253.0,226.093,0.01141279807779938,1.0001887609250844,-0.5242350150365382,5.917581477260683,-0.3048652015859261,0.4023816170754344
basic_Dwall,N77,-32.0,-63.0,115.0,5.514199897508684,-35.222152120292016,147.45584995616568,125.57737236102399,127.92399529936394,37.028360387627295
basic_Dwall,N79,-32.0,-63.0,117.0,0.8534516021754825,-88.71734530279991,-146.76231160604766,60.97876992592501,2.82316661159075,22.495903827190432
basic_Dwall,N126,-32.0,69.75,115.0,3.12945434170112,68.65005472349864,-0.8898913718497702,-48.917772357281244,-49.85518581461483,31.7014066775693
basic_Dwall,N148,-32.0,249.0,115.0,1.854255441871702,52.598736513806806,65.405618752269,443.90602106151107,-77.25177664073944,-25.823773011462098
basic_Dwall,N149,-32.0,252.0,115.0,0.07017582515070542,12.810232157837797,-0.6892543310455224,-43.643931381281554,-1.583353058652957,-6.000614953041483
basic_Dwall,N232,-32.0,69.75,150.143,0.3328968839941808,-68.83518165576243,1.3547987956653742,9.902475274113385,1.412566268874789,-2.0888896333744924
basic_Dwall,N247,-32.0,69.75,116.0,1.7698186053636236,1.2250891952184544,0.4346428129309398,-0.22712190181717365,-47.57080287232095,56.10019891919928
basic_Dwall,N368,-32.0,-0.0,117.5,-0.6574595725000485,-16.20824463130065,-20.145583066353208,-373.14351873920936,-32.69136277504647,16.667105672678023
basic_Dwall,N369,-32.0,-0.0,134.148,3.7409102042132883e-14,-7.55430622520691e-13,-2.1625198185537546e-14,-1.3321575580797482e-13,-2.7081968105957062e-15,1.8060636158499463e-12
basic_Dwall,N370,-32.0,-0.0,150.796,0.6574595598668208,16.208244631567975,20.14558306488712,-297.6238150555152,32.69136277505118,5.223668134755388
basic_Dwall,N371,-32.0,69.75,117.5,1.3583145025622798,66.30166187422583,-1.3232474405907624,-45.76944806527683,-2.2807490979205483,-19.211202584954663
basic_Dwall,N372,-32.0,69.75,142.022,0.0,3.637978807091713e-12,4.547473508864641e-13,4.547473508864641e-13,0.0,4.547473508864641e-13
basic_Dwall,N380,-32.0,185.0,117.5,-1.6828278628976518,-42.25552579936826,17.877873855637752,881.9582987047171,19.829815717197942,118.5994417002538
basic_Dwall,N381,-32.0,185.0,144.148,3.5694319387594937e-13,1.5302879276979679e-12,-5.392651280063457e-12,-2.1693624995293304e-12,-4.416549846380649e-15,9.4702584770308e-14
basic_Dwall,N382,-32.0,185.0,170.797,-5.357677521119679e-12,2.1519821848721154e-12,8.380379016067083e-11,4.627207367476503e-11,-1.5008534254239724e-14,2.1711948872491475e-12
basic_Dwall,N383,-32.0,185.0,197.445,-3.7011946481583145e-13,3.843611838937507e-14,2.0396565915399322e-12,5.277300111103325e-12,2.3588774955374886e-16,3.4770831622636533e-13
basic_Dwall,N384,-32.0,185.0,207.0,0.09435439109802246,-96.5533987134695,13.991478491574526,603.2256294563413,-2.8170494437217712,14.621645672770683
basic_Dwall,N385,-32.0,185.0,224.093,1.589249199946385,134.8765475625819,-31.754316248749863,662.6219519750247,-17.050582850529068,44.677260021254554
basic_Dwall,N402,-32.0,69.75,193.643,-3.9144097976386547,-64.24650479760021,1.0775516405701637,-63.9754494279623,12.144563283347452,-23.625810891389847
basic_Dwall,N548,-32.0,69.75,120.0,-1.3583144935164455,-66.3016618758702,1.3232474501252227,42.46132943798284,2.28074909792236,15.815416351741078
basic_Dwall,N549,-32.0,69.75,147.143,1.358314493517355,66.3016618758702,-1.3232474501237448,-6.54442389923679,-2.2807490979223566,21.05331394579207
basic_Dwall,N601,-32.0,120.0,222.655,7.85704165629926,-1.3842139516518852,-3.93923958047366,52.96757557354104,23.138521677686057,54.878486607649705
basic_Dwall,N608,-32.0,150.0,226.093,-9.651629660723012,-0.8365186501148812,-3.6547753226461004,103.38372926317827,32.80957081710333,-71.86721975548471
basic_Dwall,N625,-32.0,235.0,226.093,16.814736197628754,0.18692718214268522,-5.963758294960328,-30.025314861036943,25.03680706613659,-33.9957620230619
basic_Dwall,N629,-32.0,249.0,226.093,-15.410665746755715,21.690768448247688,-18.60033241767441,292.7192984549694,133.47477562194925,-1.865076181173385
basic_Dwall,N630,-32.0,250.411,226.093,8.860888750556889e-11,1.055739161495102e-10,1.3183207177638178e-10,1.5876840288891593e-10,-5.366532630964718e-11,-7.577436720636704e-14
basic_Dwall,N631,-32.0,252.0,226.093,-0.070082638412714,-12.793221920263022,0.6844209134578705,-34.84891223907471,1.581250582181383,-1.752614226192236
basic_HB0.25,N5,-32.0,0.0,115.0,5.883244581963069,30.328425442213984,2.1989238684898282,-101.56293042466876,-75.15978978580358,-86.41039729746342
basic_HB0.25,N6,-32.0,0.0,130.311,-5.978336933081663e-14,-3.101078157151177e-14,3.3488535372491647e-13,6.042728583061512e-13,-2.2565875231991478e-14,-2.50070864549022e-13
basic_HB0.25,N7,-32.0,0.0,153.373,4.897600262847845,6.223674712792217,20.7213237087999,-31.159574742530822,-70.43180247611599,10.293615387636237
basic_HB0.25,N15,-32.0,185.0,115.0,79.52062376208194,498.79069934541764,-81.85536515082016,31.698513265445722,839.802297186822,2633.7203740148097
basic_HB0.25,N16,-32.0,185.0,116.0,66.64708998292258,-528.3550843930232,-3.645257365710294,-114.84926955279415,113.58145897268496,-15176.182000574914
basic_HB0.25,N17,-32.0,185.0,143.183,7.887985057932317e-10,3.6096784281948513e-12,1.8802621793435356e-11,1.611806180761369e-11,1.1326392419405707e-14,8.926608817119345e-10
basic_HB0.25,N18,-32.0,185.0,171.82,2.4213755587625984e-10,-1.1217396028865576e-12,-5.9032017327233825e-12,3.936027277420581e-13,-2.709216877536729e-14,1.1634811479883643e-10
basic_HB0.25,N19,-32.0,185.0,200.457,-1.948749386912085e-11,9.514028212540296e-13,3.0595182960351337e-13,1.07185059607012e-12,1.008887667222802e-14,1.6107722076398773e-11
basic_HB0.25,N20,-32.0,185.0,226.093,0.5291829705238342,-0.06595198810100555,0.17017730249790475,-1.7252716515213251,-6.528238974511623,11.388148515252396
basic_HB0.25,N28,-32.0,253.0,115.0,-0.014598620398450156,-0.14188100807432058,2.5822244585387915,1.288777642492491,3.6380868082916957,17.00350391137492
basic_HB0.25,N32,-32.0,253.0,226.093,0.0004988531582057476,0.1475953129120171,-0.13945346743275877,1.892583971406566,-0.8392610349692404,-6.5617575038122595
basic_HB0.25,N77,-32.0,-63.0,115.0,-4.5023194349272435,-1.8014632017345422,23.044214497912584,-22.690983948919794,-131.18696974665295,16.970119972587405
basic_HB0.25,N79,-32.0,-63.0,117.0,-3.1940377429391447,-10.9232071278268,-19.918870881076145,-24.51976081624889,-91.44559718627352,42.08112753955538
basic_HB0.25,N126,-32.0,69.75,115.0,-0.3173448593794409,-1.4134677793622967,0.7230781226181846,-0.5784785295469391,-82.74511452771382,439.4312441796521
basic_HB0.25,N148,-32.0,249.0,115.0,-37.10949336515138,18.54293706609099,71.62756855798303,262.33512482107244,784.8601885639325,2183.769987891332
basic_HB0.25,N149,-32.0,252.0,115.0,0.01650008934138336,3.9960521900052304,-0.18290218973119132,-9.868141376925099,-4.360181658549008,-22.227287390677244
basic_HB0.25,N232,-32.0,69.75,150.143,-3.3255735165948863,12.336253917856084,-0.10933319574087363,-2.9399254283562186,-4.484175526133285,53.145560453645885
basic_HB0.25,N247,-32.0,69.75,116.0,5.566113569501922,5.781873127007147,0.7128206220603277,-0.06450006206712178,-81.20118607052092,322.2366672862749
basic_HB0.25,N368,-32.0,-0.0,117.5,-0.15878949554049968,-5.806560425101258,0.4706718356497613,17.14178395230734,2.2374219397546335,74.0612696887918
basic_HB0.25,N369,-32.0,-0.0,134.148,1.0937098865932191e-12,-1.6120272196386777e-14,-6.603172370572824e-13,4.5239378248387606e-13,6.184291360005744e-16,-7.606809770588151e-13
basic_HB0.25,N370,-32.0,-0.0,150.796,0.15878950362964944,5.8065604251116065,-0.47067184874100065,-1.4702946366393173,-2.2374219397145745,-68.77421466372039
basic_HB0.25,N371,-32.0,69.75,117.5,-5.877740743220784,-7.075466129507731,0.010247395277474425,-1.2512257162015885,-1.541472467479899,107.9470726654763
basic_HB0.25,N372,-32.0,69.75,142.022,0.0,2.2737367544323206e-13,0.0,0.0,-3.552713678800501e-15,1.8189894035458565e-12
basic_HB0.25,N380,-32.0,185.0,117.5,-94.89793474227679,13.776347024779337,5.2923216186331565,209.02785269661422,-59.50578902712772,8056.592264008982
basic_HB0.25,N381,-32.0,185.0,144.148,-5.659384224717973e-10,3.0454152532455932e-12,-4.104278735990731e-11,2.5729966895171354e-11,-3.8450109284644645e-15,1.6931906987332604e-10
basic_HB0.25,N382,-32.0,185.0,170.797,7.031580758580621e-10,5.726984711547307e-12,-6.538590359394309e-12,-3.852859132895678e-12,2.3312509044032196e-14,-1.1808337130139624e-10
basic_HB0.25,N383,-32.0,185.0,197.445,1.7982798408199598e-11,7.934987677209664e-13,7.883480871274871e-14,3.9010095368770266e-13,-7.012953029147645e-15,-1.6301121982321027e-11
basic_HB0.25,N384,-32.0,185.0,207.0,31.321791648864746,-12.74189555644989,-26.034322430030443,81.47876352071762,546.6203031539917,284.1691478341818
basic_HB0.25,N385,-32.0,185.0,224.093,63.83366706761534,-1.5533967364449397,20.52794998075154,-167.0581694912376,-479.77658968281105,1246.0490347847385
basic_HB0.25,N402,-32.0,69.75,193.643,-5.607032708823681,-17.09281210543122,0.40317693538963795,-7.477707587182522,-55.58868723659543,-304.5368815511465
basic_HB0.25,N548,-32.0,69.75,120.0,5.877740705422184,7.075466129337201,-0.010247409651128692,1.276844212641663,1.5414724674834872,-93.25272100674192
basic_HB0.25,N549,-32.0,69.75,147.143,-5.87774070541127,-7.075466129338565,0.010247409651128692,-1.5549896528182217,-1.54147246748348,-66.28679496047698
basic_HB0.25,N601,-32.0,120.0,222.655,11.13765808130059,-4.393944129141598,-5.412739846266033,-66.26313807651447,-9.246322811086884,-165.39544964952827
basic_HB0.25,N608,-32.0,150.0,226.093,-77.2272172299633,-4.653508797832035,-21.823804170890195,103.24343029955101,-325.5295209839125,-500.5265995801861
basic_HB0.25,N625,-32.0,235.0,226.093,-53.46047182887468,-1.298508870693458,14.269414941620175,-6.521281430391535,292.4926497464701,-224.79745372891583
basic_HB0.25,N629,-32.0,249.0,226.093,16.19627059710289,5.577475799471493,-3.3430128339865615,192.24539157521147,-88.56850829743782,-1132.2621108424619
basic_HB0.25,N630,-32.0,250.411,226.093,-3.9915763778438936e-11,5.777482025445823e-12,-1.3556018086709103e-11,-1.5096974061326537e-11,1.2575612729323237e-11,-4.166158231312135e-12
basic_HB0.25,N631,-32.0,252.0,226.093,-0.016478173434734344,-3.990745978837367,0.18161958828568459,-10.958633504807949,4.35439193341881,20.353051997721195
basic_HB0.5,N5,-32.0,0.0,115.0,5.502935013125125,33.789350122827045,1.628456901435925,-73.03906371829041,-78.61713006617254,-75.50924955672087
basic_HB0.5,N6,-32.0,0.0,130.311,2.3993742734235887e-13,-1.597521054340429e-14,9.428965206961251e-14,-9.384149693813831e-14,-1.2379177847317256e-14,-3.9396569716625005e-13
basic_HB0.5,N7,-32.0,0.0,153.373,3.960011926275911,5.48875762603916,20.126674386545346,-40.27346592228605,-75.75494710978819,17.407171420709346
basic_HB0.5,N15,-32.0,185.0,115.0,94.50176769882235,331.1122416660158,-55.703826147116416,49.11235270362048,1022.2927307802692,2614.9196673360025
basic_HB0.5,N16,-32.0,185.0,116.0,93.73728496701024,-344.5008451296719,-3.7987525890204457,-90.83301340373153,217.29290356624816,-16551.287340086554
basic_HB0.5,N17,-32.0,185.0,143.183,1.2221011868072587e-09,5.968248292448688e-12,-6.444753118982479e-12,2.2374195710374205e-12,1.840635822774405e-14,-3.963387163676189e-10
basic_HB0.5,N18,-32.0,185.0,171.82,1.0339812714111325e-09,1.8503271570056695e-12,-3.263298322123155e-13,5.316505085170792e-13,-2.379429170870067e-14,2.2558379977337847e-10
basic_HB0.5,N19,-32.0,185.0,200.457,1.3032084199269971e-11,-4.564547716632597e-14,2.0813313982632586e-13,9.943623117186186e-15,8.825386315687906e-15,4.089610243285988e-11
basic_HB0.5,N20,-32.0,185.0,226.093,0.5962252467870712,0.23803820088505745,0.09723986708559096,-0.8456461690366268,-7.603144079446793,13.291406651114812
basic_HB0.5,N28,-32.0,253.0,115.0,0.10847369044751884,0.010703873308225559,1.8481328859116206,1.7296635877461344,6.099590531952096,18.13800245511646
basic_HB0.5,N32,-32.0,253.0,226.093,-0.007398886140435934,0.23161309471470304,-0.09794038853942766,1.38932491021842,-1.6394300479441881,-8.201219357189984
basic_HB0.5,N77,-32.0,-63.0,115.0,-3.6589849051442864,-2.6179108253971015,21.29047122078555,-9.300420414224739,-119.01942923960269,17.22817780475836
basic_HB0.5,N79,-32.0,-63.0,117.0,-2.5889635417779573,-10.618101157819638,-18.804103563192257,-13.136160423382535,-85.89600274039003,34.00520911294416
basic_HB0.5,N126,-32.0,69.75,115.0,-3.676115401291615,-0.7202315248554783,1.2433280958345498,-1.9973967505458008,-158.57689049536816,468.74892674641603
basic_HB0.5,N148,-32.0,249.0,115.0,-59.04690640947176,19.236249436921867,46.435547885953575,203.03978384109462,1362.4513971284255,2368.0431506940326
basic_HB0.5,N149,-32.0,252.0,115.0,-0.021981579493538517,5.932353647242402,-0.12839734579453307,-6.603733633638713,-8.51692835121248,-23.02367057351722
basic_HB0.5,N232,-32.0,69.75,150.143,-4.1897052994172554,9.264578670860374,-0.060162432471770444,-2.4565025139745558,-4.216557336852333,70.21872400517532
basic_HB0.5,N247,-32.0,69.75,116.0,4.815952918656525,5.2467972941493715,1.3106418317045583,-0.0015865279488948237,-152.6843576010697,298.82923769721464
basic_HB0.5,N368,-32.0,-0.0,117.5,0.37915623446211566,-5.874209851984947,0.31839332609493337,10.208812610526977,6.47744792698774,69.4380256185876
basic_HB0.5,N369,-32.0,-0.0,134.148,1.468070593068457e-12,-3.390837057333791e-14,-2.3113062748272834e-13,1.1424209907612541e-13,-1.215687501066918e-16,-1.2380033078482931e-12
basic_HB0.5,N370,-32.0,-0.0,150.796,-0.37915622763141843,5.874209852000564,-0.3183933259413038,0.39241156479869654,-6.477447926969116,-82.06241145599013
basic_HB0.5,N371,-32.0,69.75,117.5,-8.483817614709551,-5.867617787211657,-0.06724840707465773,-3.135118730522663,-5.883159436442924,153.35633752176363
basic_HB0.5,N372,-32.0,69.75,142.022,-4.547473508864641e-13,4.547473508864641e-13,1.1368683772161603e-13,0.0,0.0,0.0
basic_HB0.5,N380,-32.0,185.0,117.5,-107.59646436862948,5.182233419547274,4.015971723562267,165.5400541701275,-38.90947397612049,9057.444466399435
basic_HB0.5,N381,-32.0,185.0,144.148,-9.766018015028214e-10,-1.7008366253555208e-12,1.3451373409970327e-11,2.6756542588659446e-13,-6.036325837375834e-14,3.1659479983967107e-10
basic_HB0.5,N382,-32.0,185.0,170.797,1.0429964002279723e-09,6.612814724184665e-13,-3.916601429632058e-12,-3.4646681996087902e-12,-3.4155115446084464e-15,-3.4509855955905356e-10
basic_HB0.5,N383,-32.0,185.0,197.445,-5.5053008892516374e-12,-1.265897168141516e-13,1.8129173098556474e-14,-5.382231494795805e-14,2.0124273077727564e-14,-1.4564589262202944e-12
basic_HB0.5,N384,-32.0,185.0,207.0,35.97143077850342,-11.246911257505417,-15.876241626101546,72.53755669295788,605.8161039352417,345.16013159789145
basic_HB0.5,N385,-32.0,185.0,224.093,71.92078607274982,5.606619495753155,11.729737516224837,-78.5481506488663,-558.7740512569319,1459.4588246583646
basic_HB0.5,N402,-32.0,69.75,193.643,-5.10376039147377,-22.004008089425042,0.45587133802473545,-10.074349032714963,-61.87765665416373,-363.55000875890255
basic_HB0.5,N548,-32.0,69.75,120.0,8.483817522457684,5.867617787213021,0.06724840958850109,2.9669976773093367,5.883159436502268,-132.14679390572564
basic_HB0.5,N549,-32.0,69.75,147.143,-8.483817522450408,-5.867617787213931,-0.06724840959122957,-1.1416740957979528,-5.8831594365022255,-98.12946510633265
basic_HB0.5,N601,-32.0,120.0,222.655,19.802691788478846,-6.904286837480151,-9.798054244106904,-70.3314524603329,14.853965856428026,-190.73369799492357
basic_HB0.5,N608,-32.0,150.0,226.093,-94.96633051835232,-5.265065714259762,-27.740695598742246,126.58529154179166,-324.397895359699,-573.4635717768492
basic_HB0.5,N625,-32.0,235.0,226.093,-77.93755930453332,-1.2912429966285992,22.35598652039531,-0.247608819365616,292.2484173651374,-228.65767615091676
basic_HB0.5,N629,-32.0,249.0,226.093,36.33847458902781,-4.378838844879511,-0.5901347040915824,73.77127085336264,-256.80545163026966,-1357.0192163486097
basic_HB0.5,N630,-32.0,250.411,226.093,-2.0519775198649488e-10,-5.419186811032064e-12,-9.026279348501828e-13,-8.04407332921268e-12,3.419191759485204e-11,-1.0238590318831697e-12
basic_HB0.5,N631,-32.0,252.0,226.093,0.021952398121356964,-5.924476292377221,0.12749695777893066,-8.016233328729868,8.505619034636766,25.390939466655254
basic_HB0.75,N5,-32.0,0.0,115.0,4.009159934902172,27.22738049025932,0.7754256087371232,-37.325687248676914,-47.8367414896457,-37.80580142024212
basic_HB0.75,N6,-32.0,0.0,130.311,2.288143429473336e-13,-1.6515204198497158e-14,1.9915402194578424e-14,4.720497022412944e-14,-5.313575296782358e-15,-9.355718626985101e-13
basic_HB0.75,N7,-32.0,0.0,153.373,1.0756108815112384,2.793108784946753,10.917824268201002,-28.69973624747263,-51.98571667262877,16.902155665102327
basic_HB0.75,N15,-32.0,185.0,115.0,62.353164647173166,157.2187371924432,-29.976452171538064,51.08981647611136,691.2364677044932,1293.7604068387077
basic_HB0.75,N16,-32.0,185.0,116.0,73.97192823922168,-157.68407168175113,-2.886339648935731,-57.17737557659881,208.2382923716345,-9666.24556957948
basic_HB0.75,N17,-32.0,185.0,143.183,4.097981167819831e-10,8.162958505261815e-13,-1.1127561104068136e-11,1.844731076741737e-12,2.790963571044639e-14,-1.0920908934416164e-10
basic_HB0.75,N18,-32.0,185.0,171.82,2.0135864271765487e-11,7.376952787282735e-14,-2.8649901944040973e-13,-4.009062685049081e-14,-1.3705397436729387e-14,5.1493963057029717e-11
basic_HB0.75,N19,-32.0,185.0,200.457,1.6624638416545595e-11,2.582545145362077e-13,-4.968590604447074e-15,1.1625026136767035e-13,1.423204412971875e-14,4.830268836273025e-11
basic_HB0.75,N20,-32.0,185.0,226.093,0.3646906018257141,0.3655151519924402,0.029576202989119338,-0.09801436634734273,-4.868421968072653,8.543929936364293
basic_HB0.75,N28,-32.0,253.0,115.0,0.2041226389311503,0.2036675823375822,0.9979250516835015,1.8534144117648672,5.586541772537165,10.224303120675872
basic_HB0.75,N32,-32.0,253.0,226.093,-0.011182309361174703,0.22602804898633622,-0.054808894643429085,0.8073848077765433,-1.6148221731418744,-5.6950025730966445
basic_HB0.75,N77,-32.0,-63.0,115.0,-1.7509367296810812,-3.022923214850795,16.530595529946602,4.287930463653713,-65.43124523089648,10.481877773155333
basic_HB0.75,N79,-32.0,-63.0,117.0,-1.1502300100914908,-8.900445642889736,-15.2763476352211,-1.4143883372180426,-47.712423937442054,16.014865241772895
basic_HB0.75,N126,-32.0,69.75,115.0,-5.450245575554297,-0.10048635031766633,1.1203846049416128,-2.8299278096011755,-153.96156554779947,263.247523081192
basic_HB0.75,N148,-32.0,249.0,115.0,-51.48986375612338,13.850091922229502,22.492301835845886,107.39153771602413,1265.2348221884133,1371.2564047187836
basic_HB0.75,N149,-32.0,252.0,115.0,-0.0470914358913499,5.53158956697852,-0.07183726280706935,-3.5340363987721903,-8.388953481417298,-12.418725625907726
basic_HB0.75,N232,-32.0,69.75,150.143,-3.0249565031845123,2.0439244296767356,0.030080595267236276,-0.5789749588252562,-1.763100528042969,53.24222129393456
basic_HB0.75,N247,-32.0,69.75,116.0,1.5211559834407073,2.0314623341154805,1.2431406557671298,0.061803938599514864,-146.6764136859963,123.20103266369638
basic_HB0.75,N368,-32.0,-0.0,117.5,0.36057930961686585,-3.635310995466965,-0.03730526097647697,0.9694027412442603,8.503930004734345,38.42231579323331
basic_HB0.75,N369,-32.0,-0.0,134.148,1.2666587777990122e-13,-5.0974775878216696e-14,-2.24972010112808e-14,-3.622526852199195e-14,-1.9945419376874916e-15,-9.86901789009063e-13
basic_HB0.75,N370,-32.0,-0.0,150.796,-0.3605792977447601,3.6353109954754808,0.037305258129798326,-2.2115186794033783,-8.50393000473442,-50.428164545933136
basic_HB0.75,N371,-32.0,69.75,117.5,-6.964627441167977,-2.096430299970507,-0.12263677247892701,-3.8242633107074653,-7.273563111751315,124.01854065575026
basic_HB0.75,N372,-32.0,69.75,142.022,-4.547473508864641e-13,2.2737367544323206e-13,2.842170943040401e-14,-1.1368683772161603e-13,-7.105427357601002e-15,0.0
basic_HB0.75,N380,-32.0,185.0,117.5,-66.56289099321519,-0.7555826827843797,2.379669675845206,104.3742536770724,-0.13074824342925626,5535.772779479396
basic_HB0.75,N381,-32.0,185.0,144.148,-7.907214746411544e-10,1.5355702956650823e-12,-3.967559763070824e-12,1.811620296697636e-12,-5.409256047299902e-14,1.4226437583339388e-10
basic_HB0.75,N382,-32.0,185.0,170.797,1.0837779768209557e-09,7.055216350271918e-13,1.0353028821559866e-12,1.3926714175222835e-13,-3.393910776768603e-15,-3.6454384636316225e-10
basic_HB0.75,N383,-32.0,185.0,197.445,-1.2462740973199972e-11,2.4925811863783344e-13,1.725496880209555e-13,-7.932040371146483e-14,-2.9321917828231877e-15,1.5700012541485394e-11
basic_HB0.75,N384,-32.0,185.0,207.0,22.758540630340576,-8.186993718147278,-5.996657422394492,52.745219469070435,362.79344058036804,232.82206192519516
basic_HB0.75,N385,-32.0,185.0,224.093,43.99146796310185,8.609140756441041,3.5676840096590645,-4.687795327731989,-357.7924911691478,942.6443288490989
basic_HB0.75,N402,-32.0,69.75,193.643,-1.2823683619499207,-15.986145577568095,0.29206035390961915,-7.657591714290902,-36.93697728330153,-246.48346138000488
basic_HB0.75,N548,-32.0,69.75,120.0,6.96462738946866,2.096430299885469,0.12263677771716175,3.5176713501869017,7.27356311182254,-106.6069722964894
basic_HB0.75,N549,-32.0,69.75,147.143,-6.964627389466841,-2.0964302998863786,-0.12263677771738912,-0.18894129260638692,-7.2735631118225115,-82.43390893580363
basic_HB0.75,N601,-32.0,120.0,222.655,16.18707627942315,-5.343847230472293,-8.155839941995424,-40.504291803161756,29.658969453546586,-123.0503777087369
basic_HB0.75,N608,-32.0,150.0,226.093,-63.03047560149035,-3.18383637827376,-19.0237671264874,81.73942265201694,-165.4659471073342,-360.5605602934647
basic_HB0.75,N625,-32.0,235.0,226.093,-65.82795778995413,-0.7651103854530281,20.1046225634593,7.246137148034855,140.5731909815097,-124.29337475645023
basic_HB0.75,N629,-32.0,249.0,226.093,40.108877878466465,-8.550528694382466,1.0120624347312872,-13.644380139084216,-291.8286489664393,-899.0584372033262
basic_HB0.75,N630,-32.0,250.411,226.093,1.548768355658367e-11,1.4722994837787212e-11,1.4088202176437955e-12,7.183958363330599e-12,1.3855692346241039e-11,-1.4471908951023974e-12
basic_HB0.75,N631,-32.0,252.0,226.093,0.047028906643390656,-5.524244372150861,0.07133350521326065,-4.645502124913037,8.377814097795635,17.581030156463385
basic_HT0.25,N5,-32.0,0.0,115.0,-13.674812390925922,1056.2465057015272,5.003562780138054,-621.3574697076924,-14.357975428052555,204.4763788405262
basic_HT0.25,N6,-32.0,0.0,130.311,-1.2048917930720703e-12,-8.535459214072618e-13,2.686354792851512e-15,6.673865835070685e-13,6.802825794251989e-15,2.1428112976754022e-13
basic_HT0.25,N7,-32.0,0.0,153.373,-14.641869797094841,-2.83454513704055,-25.378883664641762,-9.860243107716087,21.980976853810716,-56.953973472394864
basic_HT0.25,N15,-32.0,185.0,115.0,-2.127593902579401,188.87439410654264,20.754538910882246,2143.4568518730866,-10.621846283329093,30.23938098257379
basic_HT0.25,N16,-32.0,185.0,116.0,2.0368537655707146,63.05648457962671,-26.878883405858108,-1376.4068278895177,-52.48023170306445,-120.83991118405372
basic_HT0.25,N17,-32.0,185.0,143.183,2.1540442052133317e-11,1.5817509265158443e-12,1.3084129196071465e-11,-6.044440179798204e-12,1.1729297291527616e-14,-2.306490069872483e-12
basic_HT0.25,N18,-32.0,185.0,171.82,4.829219806355877e-13,-7.464978398001833e-13,4.9340317309676404e-11,2.8167109612790645e-11,8.802932963145688e-15,-5.078618173930156e-13
basic_HT0.25,N19,-32.0,185.0,200.457,-4.480588199662404e-13,3.7644091326617693e-13,2.0658917949947956e-12,-2.40278469027723e-11,1.0828918124112372e-15,-7.991890220304358e-13
basic_HT0.25,N20,-32.0,185.0,226.093,0.02586955577135086,15.479830920696259,-0.6719577545300126,15.938226296100765,-0.6155709642916918,0.7327831400079958
basic_HT0.25,N28,-32.0,253.0,115.0,-0.21490105609708124,-0.15924760246267822,1.9411854338566767,0.10183652801571205,-0.059986561034116294,-0.17779764958224398
basic_HT0.25,N32,-32.0,253.0,226.093,-0.007425784599035978,-0.27345864346716553,-0.6407465189695358,8.474475547875045,-0.658528366824612,-0.8765863171566259
basic_HT0.25,N77,-32.0,-63.0,115.0,9.798489550272048,-89.10727076660737,364.793236016623,334.1018135483435,175.41453628663643,-8.510336954597994
basic_HT0.25,N79,-32.0,-63.0,117.0,3.8199247719830964,-217.4264600799661,-362.5781648987431,131.9839629367998,64.01559400048427,-57.19707875444965
basic_HT0.25,N126,-32.0,69.75,115.0,10.701067924414442,4.704739939238872,-2.766792575963091,-148.61910935030141,-104.1030275193689,-394.2336337491586
basic_HT0.25,N148,-32.0,249.0,115.0,3.0141818925088937,0.3259331885763423,62.56913805473925,227.48891208344068,-185.08552538447483,-0.42409282242289903
basic_HT0.25,N149,-32.0,252.0,115.0,-0.037605455215266426,-2.7843950362760497,-0.8404784271333279,-46.535738099314266,-3.420127096772529,1.4742115241583595
basic_HT0.25,N232,-32.0,69.75,150.143,1.1423400176063296,-510.74070420261705,3.9737078912257857,32.69033606875746,5.947638088238559,7.903943475641427
basic_HT0.25,N247,-32.0,69.75,116.0,63.446437833462305,-77.28302031038658,1.083949967848585,-0.8108831198874483,-100.60387868859998,-1424.5227994330248
basic_HT0.25,N368,-32.0,-0.0,117.5,-9.638469820334652,-51.73087661536599,-48.06408532773579,-750.7311553148586,-75.48313158748988,161.42056414792643
basic_HT0.25,N369,-32.0,-0.0,134.148,-9.058488406084108e-13,-3.1743120474942207e-12,-1.4019978652532267e-13,-4.01779398168618e-13,-4.280105773546264e-15,3.456083057418928e-12
basic_HT0.25,N370,-32.0,-0.0,150.796,9.63846981655002,51.73087661557791,48.06408531926932,-849.6106296501075,75.48313158749687,159.50192693843377
basic_HT0.25,N371,-32.0,69.75,117.5,-52.69412349127924,80.62184006144525,-3.847001845606968,-139.1300188043473,-3.4935826156795073,960.937698917216
basic_HT0.25,N372,-32.0,69.75,142.022,0.0,1.4551915228366852e-11,0.0,0.0,0.0,0.0
basic_HT0.25,N380,-32.0,185.0,117.5,-2.8528662288105457,-102.5123873711507,51.017836901689165,2524.740418345296,49.79449536110163,190.86549400803332
basic_HT0.25,N381,-32.0,185.0,144.148,-1.7943433412690356e-11,9.906170626921014e-13,5.044470760108259e-12,-7.632130357153475e-12,4.924268466164449e-15,3.3744117667249487e-13
basic_HT0.25,N382,-32.0,185.0,170.797,-1.567601988499117e-12,1.8050173932637699e-12,2.58373949756494e-10,6.302895135781422e-11,-1.754658310138299e-14,-3.159142759950753e-13
basic_HT0.25,N383,-32.0,185.0,197.445,-1.5143010531317868e-13,1.8224003066833941e-13,-2.4090451634464006e-12,-2.090037212297357e-12,-5.5668668364774e-17,-2.3110825541929944e-13
basic_HT0.25,N384,-32.0,185.0,207.0,-0.2699189782142639,-273.21844574809074,30.28730682656169,1680.1970737278461,-4.616621613502502,35.94925263794721
basic_HT0.25,N385,-32.0,185.0,224.093,3.120565972887493,364.60333331251996,-81.05612536794797,1760.465623352842,-45.23984806933055,82.15218631343903
basic_HT0.25,N402,-32.0,69.75,193.643,1.750441513955593,-497.7086366061121,2.846166282892227,-181.72340548038483,71.83485438479693,-937.1456441655755
basic_HT0.25,N548,-32.0,69.75,120.0,52.694123582763496,-80.62184006880852,3.8470018679809286,129.51251414381113,3.4935826157149563,-829.2023899919914
basic_HT0.25,N549,-32.0,69.75,147.143,-52.69412358277623,80.62184006877942,-3.8470018679799978,-25.09334244121783,-3.4935826157149634,-601.0742064149745
basic_HT0.25,N601,-32.0,120.0,222.655,-1.2294514340828593,2.5155869890532743,-1.0397629323070785,178.7101942305087,130.599468727162,172.85372866210247
basic_HT0.25,N608,-32.0,150.0,226.093,-16.9099700717005,-1.4342825714326073,-6.032044364328546,268.4868726795903,47.85141717292887,-119.94406044682593
basic_HT0.25,N625,-32.0,235.0,226.093,32.82219862280688,0.9160268785131463,-11.601304086706545,-59.79166552962673,66.5672639340152,-4.298130725090181
basic_HT0.25,N629,-32.0,249.0,226.093,-27.05538810855012,-4.642518982618032,-21.773067852616517,1231.5033157566834,73.4963666699486,-63.39200008784239
basic_HT0.25,N630,-32.0,250.411,226.093,-1.92507948061727e-10,4.9720580940595704e-11,2.865606197597519e-10,3.4723508066802035e-10,1.3400428238719586e-10,4.843199939790296e-15
basic_HT0.25,N631,-32.0,252.0,226.093,0.037555523216724396,2.7806977399159223,0.834584653377533,-49.16975301504135,3.415585635229945,2.6762605607509613
basic_HT0.5,N5,-32.0,0.0,115.0,-13.943414599112074,693.2822024523573,3.4296370581485007,-410.04581116702843,-44.30495504316764,87.9382408174742
basic_HT0.5,N6,-32.0,0.0,130.311,4.223222266184891e-13,-9.820634407854393e-13,-4.542032740774233e-14,1.4047508426201508e-14,-6.544851126521726e-15,7.399157761733967e-13
basic_HT0.5,N7,-32.0,0.0,153.373,-20.630856134353962,-6.534819712280296,-29.694261900458514,-2.2530617083175457,-28.71713241415273,-14.411310171075456
basic_HT0.5,N15,-32.0,185.0,115.0,-1.7838869766944796,125.31059827513066,14.033582381071978,1418.423987637704,43.430479704113985,-23.628942206918406
basic_HT0.5,N16,-32.0,185.0,116.0,2.546156646179825,41.485611736048305,-18.088827082360147,-911.4441481178785,-3.998655286372827,-133.72313527405908
basic_HT0.5,N17,-32.0,185.0,143.183,2.0318079213990985e-11,7.297187491259465e-13,-4.813622424461676e-12,-4.921056654939317e-13,-1.3548888962647488e-15,9.508569584416283e-13
basic_HT0.5,N18,-32.0,185.0,171.82,4.903285534633868e-12,-2.969187952077094e-14,2.85921999893235e-11,-1.3702562288977333e-11,6.6337952696725035e-15,-5.027004156577799e-13
basic_HT0.5,N19,-32.0,185.0,200.457,1.9318592571584596e-13,2.2481153863373202e-13,6.6974507109123414e-12,-2.2097167212677056e-11,-3.346710778751781e-16,-7.23500447779478e-14
basic_HT0.5,N20,-32.0,185.0,226.093,0.021478306502103806,10.248699642717838,-0.4443336180411279,10.545054805465043,-0.5699661308899522,0.5844356601455729
basic_HT0.5,N28,-32.0,253.0,115.0,-0.12995150613248363,-0.09960622544291317,1.3160299997033587,0.1315836559383992,0.17781887777275487,-0.12354729941764642
basic_HT0.5,N32,-32.0,253.0,226.093,-0.005607878090813756,-0.1814378796843812,-0.4233934285584837,5.6036912904528435,-0.4677516855299473,-0.6918620630704311
basic_HT0.5,N77,-32.0,-63.0,115.0,8.746506432237785,-58.391453776999185,239.32347395616094,218.35509709284904,122.19884726342997,-9.300989618754498
basic_HT0.5,N79,-32.0,-63.0,117.0,4.169011423029133,-142.5833548402129,-237.83840895047797,85.39682612378965,43.34002763207718,-50.43856508073259
basic_HT0.5,N126,-32.0,69.75,115.0,10.100690052402873,3.4169616370560307,-1.5865641779310096,-98.54118569018465,-104.5200686252011,-202.28245531132
basic_HT0.5,N148,-32.0,249.0,115.0,0.4994627909378091,0.4751391429655552,42.0436808892971,153.75082773644667,-70.17546413386155,4.983544813931893
basic_HT0.5,N149,-32.0,252.0,115.0,-0.028631823750499857,-1.8183373830781204,-0.5553693605441443,-30.728712450079918,-2.429395748691662,1.02993823928569
basic_HT0.5,N232,-32.0,69.75,150.143,-2.623294239754614,-341.83557724938146,2.70447529388548,23.48527882981216,5.785045381756751,77.84598206361989
basic_HT0.5,N247,-32.0,69.75,116.0,53.725752701192725,-16.88940614839898,1.0220871448691564,-0.42671389169117424,-98.60463263390989,-1014.1129553239567
basic_HT0.5,N368,-32.0,-0.0,117.5,-8.462606589279458,-32.063582720385256,-31.759261075402485,-494.8186587600719,-47.66295074075638,109.86681554583369
basic_HT0.5,N369,-32.0,-0.0,134.148,-3.3389624971377004e-13,-9.182811171360982e-13,-7.00494620905291e-14,-4.1965144981294097e-13,4.666210792445785e-15,3.0855050452001187e-12
basic_HT0.5,N370,-32.0,-0.0,150.796,8.462606582892061,32.06358272066929,31.759261073982078,-562.6376980258565,47.662950740763,171.90413357059768
basic_HT0.5,N371,-32.0,69.75,117.5,-43.58268089223202,19.96806282250327,-2.606116972481061,-92.52495254037831,-5.906026107384847,755.7586392524026
basic_HT0.5,N372,-32.0,69.75,142.022,4.547473508864641e-13,0.0,4.547473508864641e-13,0.0,0.0,0.0
basic_HT0.5,N380,-32.0,185.0,117.5,-2.5442627869914562,-67.92286331424785,33.78428993933574,1671.8542378345621,42.04561905720725,176.83654200075603
basic_HT0.5,N381,-32.0,185.0,144.148,5.436370401448865e-12,4.672307444671188e-13,-2.524966611322501e-12,-2.606169375269614e-12,5.201414150395511e-16,2.0121935060772216e-11
basic_HT0.5,N382,-32.0,185.0,170.797,1.1349173673635832e-11,-1.540229642936142e-14,1.075489606687303e-11,3.155157401231665e-11,1.0730721067877365e-14,-2.0997609012486078e-12
basic_HT0.5,N383,-32.0,185.0,197.445,-1.2449047120703245e-13,6.077598711725547e-14,1.3052542058213269e-12,-3.159748936332119e-13,2.2608581730185823e-15,8.685069768607892e-14
basic_HT0.5,N384,-32.0,185.0,207.0,-0.04698222875595093,-180.83423502743244,19.978523660451174,1112.3256356269121,-0.15952608734369278,30.091023491579108
basic_HT0.5,N385,-32.0,185.0,224.093,2.590858774296152,241.39217498169054,-53.598552703239875,1164.8195352773505,-41.88823448418345,65.3169099061971
basic_HT0.5,N402,-32.0,69.75,193.643,24.654491358902305,-323.7891078237444,1.9161131381988525,-117.303660094738,55.60091815589112,-714.0426729605533
basic_HT0.5,N548,-32.0,69.75,120.0,43.58268085497184,-19.968062827072572,2.6061169697396167,86.0096601396749,5.90602610741324,-646.8019371982991
basic_HT0.5,N549,-32.0,69.75,147.143,-43.5826808549682,19.968062827072572,-2.6061169697350124,-15.271827230040799,-5.906026107413247,-536.1627692480779
basic_HT0.5,N601,-32.0,120.0,222.655,-22.608520291919213,7.1983149254918155,9.156015279952275,114.60969187108529,115.21355943133672,83.49104761087484
basic_HT0.5,N608,-32.0,150.0,226.093,-3.1534418228585275,-1.0670464993811017,-1.307794802187426,183.68323964762044,26.795521124405173,-111.19850000242161
basic_HT0.5,N625,-32.0,235.0,226.093,24.292534569580106,0.6633438213521765,-8.733447837612113,-42.41471833641011,58.21394855865675,-10.881985272484993
basic_HT0.5,N629,-32.0,249.0,226.093,-20.294005513984363,-3.3097861511125846,-14.382312694965538,815.7095911926739,47.03151483502666,-53.60695009753367
basic_HT0.5,N630,-32.0,250.411,226.093,-2.7297390720234084e-10,-2.0110823861660105e-10,2.2112672458044637e-10,2.2806075889827453e-10,-1.1232162719450823e-12,-8.639433561657295e-15
basic_HT0.5,N631,-32.0,252.0,226.093,0.02859380841255188,1.8159228793228976,0.5514748096466064,-32.51130920648575,2.426169843180105,2.1298964470624924
basic_HT0.75,N5,-32.0,0.0,115.0,-14.309131581847232,339.16124541878025,2.07210394647916,-197.89728955741757,-62.627529103689525,29.44885551701431
basic_HT0.75,N6,-32.0,0.0,130.311,1.7243572203260037e-13,1.6901743582081175e-13,6.427286590485655e-14,1.3292694533434087e-13,-1.3478744728867287e-14,1.407843494418499e-13
basic_HT0.75,N7,-32.0,0.0,153.373,-8.511995431526884,-6.278502871755336,-19.78140267222534,6.343963992792851,-17.805303580742475,-14.395174806726573
basic_HT0.75,N15,-32.0,185.0,115.0,-1.161823196986161,61.76841066752616,7.298366759683237,695.1478353273984,71.39842274946733,-43.749902786019085
basic_HT0.75,N16,-32.0,185.0,116.0,2.78923473162714,19.997341612809358,-9.158736031352673,-447.56705243424005,27.746841580060796,-137.6176736260189
basic_HT0.75,N17,-32.0,185.0,143.183,1.555790564534101e-11,4.808391780722597e-13,1.9734838216246717e-12,-2.2382174196285987e-12,-2.5425788580932417e-15,2.064899875963297e-12
basic_HT0.75,N18,-32.0,185.0,171.82,3.203149418013307e-11,-3.87665371061781e-14,-2.159138514002312e-12,1.4223467761657692e-12,4.2018707562710415e-16,8.409614614836776e-12
basic_HT0.75,N19,-32.0,185.0,200.457,3.079549660869751e-13,8.98016334352355e-14,3.2880009723025053e-12,-8.774892386690873e-12,1.0853767365771082e-15,-9.209093317367002e-14
basic_HT0.75,N20,-32.0,185.0,226.093,0.01721582654863596,5.034148704260588,-0.21775464981328696,5.173761980608106,-0.43133283813949674,0.5242867700771967
basic_HT0.75,N28,-32.0,253.0,115.0,-0.053289727471913836,-0.047811057112218086,0.6771613435414008,0.12239521807922264,0.32463307109973766,-0.032250022713224365
basic_HT0.75,N32,-32.0,253.0,226.093,-0.002755166729912162,-0.09189107266138308,-0.20713130390504375,2.746235392813105,-0.2784041920094751,-0.3669329296481294
basic_HT0.75,N77,-32.0,-63.0,115.0,5.95470126098453,-28.290023879100087,116.34719680188951,105.10707546693864,75.35696046139273,2.185338629582422
basic_HT0.75,N79,-32.0,-63.0,117.0,1.6712766272653425,-69.27851659825478,-115.5462094901468,40.903373980712786,0.12388843036706021,-11.89479567915987
basic_HT0.75,N126,-32.0,69.75,115.0,9.253474685851085,1.4460971030146579,-0.5116793971816911,-48.47496016486023,-88.95656680412515,-113.68469779101001
basic_HT0.75,N148,-32.0,249.0,115.0,-1.2980097515818687,0.5352796569948064,21.23332782882544,79.41925450887926,21.185933508365995,10.693346807217315
basic_HT0.75,N149,-32.0,252.0,115.0,-0.013620278290382093,-0.9075315697021044,-0.2716916571754663,-15.006848671107761,-1.4460522257309674,0.3941123304177231
basic_HT0.75,N232,-32.0,69.75,150.143,-4.3696203866729775,-178.45407210085978,1.360695737424976,12.380902446444452,3.291683549826641,115.26038172442168
basic_HT0.75,N247,-32.0,69.75,116.0,43.53814805064034,-18.627014645711164,0.816805569280386,-0.12849780413672332,-83.14578071120856,-754.3639026044293
basic_HT0.75,N368,-32.0,-0.0,117.5,-4.735123393717816,-15.776168230312486,-15.888100511064577,-248.437381934868,-58.65623344085353,63.513325483279665
basic_HT0.75,N369,-32.0,-0.0,134.148,-3.4618181228032643e-13,-1.09373017174858e-12,-1.3015014942017505e-14,-2.690278762343269e-13,2.6909411029382892e-15,7.011266841579201e-13
basic_HT0.75,N370,-32.0,-0.0,150.796,4.735123388640419,15.776168230595788,15.888100503804267,-280.5728126683222,58.65623344087223,94.14734304700251
basic_HT0.75,N371,-32.0,69.75,117.5,-34.251365210882796,19.738692690152675,-1.3271943853341384,-45.79751852193712,-5.801542666806164,597.9242041158686
basic_HT0.75,N372,-32.0,69.75,142.022,-2.2737367544323206e-13,3.637978807091713e-12,0.0,4.547473508864641e-13,8.881784197001252e-16,0.0
basic_HT0.75,N380,-32.0,185.0,117.5,-2.246142788676706,-33.450355105369184,16.59351045723056,820.9548331062164,28.18596153891523,155.0068209991161
basic_HT0.75,N381,-32.0,185.0,144.148,1.1383010091559591e-11,3.026364924238958e-13,3.3304841845924957e-13,-2.5058934018645583e-12,-5.8476581226658856e-15,8.726782594830377e-12
basic_HT0.75,N382,-32.0,185.0,170.797,-7.802231942240985e-12,-1.5030991367158768e-13,6.39336723584919e-11,2.29566869219851e-11,-1.7507063272715032e-16,-8.738684801035173e-13
basic_HT0.75,N383,-32.0,185.0,197.445,1.2702031678719375e-14,8.534504327627956e-17,-1.201331194597966e-12,-3.05831716564939e-12,-2.5102173768413272e-16,-3.2614678773302445e-13
basic_HT0.75,N384,-32.0,185.0,207.0,0.17085687816143036,-88.7351445555687,9.753739072009921,546.0764483958483,3.561577368527651,22.616108261368936
basic_HT0.75,N385,-32.0,185.0,224.093,2.076690717996761,118.57154050251108,-26.267055552780864,571.5604542534179,-31.69972768613764,59.08967528651284
basic_HT0.75,N402,-32.0,69.75,193.643,13.097200841642916,-145.18428197689354,1.096281185746193,-55.84426583349705,19.019735823821975,-402.0910103023052
basic_HT0.75,N548,-32.0,69.75,120.0,34.251365179097775,-19.738692692473705,1.3271943913977395,42.47953254693391,5.8015426668280625,-512.2957912828824
basic_HT0.75,N549,-32.0,69.75,147.143,-34.25136517910141,19.73869269246643,-1.3271943913950963,-6.455495181230617,-5.801542666828067,-417.3890137733961
basic_HT0.75,N601,-32.0,120.0,222.655,-14.629481371596999,4.395066360306854,6.246633558321539,52.927723134899075,46.74256383894431,33.37565581169477
basic_HT0.75,N608,-32.0,150.0,226.093,1.0923786597033778,-0.6196311364993623,0.4235364241449652,90.66489108439734,-5.1515268068901365,-69.22953420841932
basic_HT0.75,N625,-32.0,235.0,226.093,10.336114710192179,0.21166775016857955,-3.8751037276831073,-27.073860941932196,36.31320300925042,-18.0686708207727
basic_HT0.75,N629,-32.0,249.0,226.093,-9.163660336550016,-1.8010402290154022,-7.025186236731662,401.5788233447898,18.470956162572445,-31.83695879219831
basic_HT0.75,N630,-32.0,250.411,226.093,-7.897782376522248e-11,-2.3869571856931144e-11,6.983655956033561e-11,1.1707053824460288e-11,2.505531746572762e-11,-1.4710539494762742e-14
basic_HT0.75,N631,-32.0,252.0,226.093,0.013602195307612419,0.9063264915021136,0.26978641748428345,-15.930701106786728,1.4441320662153885,1.1087983306497335
basic_HX,N5,-32.0,0.0,115.0,273.01509980834635,-141.43799859596493,12.184389446591922,-219.96497353385325,-1239.5694474762058,-2824.3556133968596
basic_HX,N6,-32.0,0.0,130.311,1.1375837116737642e-11,9.119414229172981e-14,1.7487558686690251e-12,1.7586596389423228e-12,-3.939055880989029e-13,-3.0469385107114984e-11
basic_HX,N7,-32.0,0.0,153.373,82.77674370072782,271.54371744738273,599.2982843556092,-75.42570003813307,-1254.031675205566,144.2556499976199
basic_HX,N15,-32.0,185.0,115.0,-69.57414331859226,-255.41794232968263,365.57520957126474,-679.121269100485,86.01228559103478,-2378.0533904896197
basic_HX,N16,-32.0,185.0,116.0,-115.02604701881003,-72.65445702943792,-2.343855136446385,242.5785136291955,605.3764240154462,9664.68808756093
basic_HX,N17,-32.0,185.0,143.183,2.827447778324945e-09,-3.41266479824497e-13,-7.933857768148457e-11,-3.9409020062489275e-11,-4.180234820020572e-14,-5.407096916412918e-10
basic_HX,N18,-32.0,185.0,171.82,-1.493783654707345e-09,-3.912953732220581e-14,-6.51776826329153e-11,9.41212047053477e-11,2.3849468067622767e-13,-1.958841246300354e-09
basic_HX,N19,-32.0,185.0,200.457,-2.5438249621710304e-11,-2.7689394082475523e-15,-1.158513241808837e-12,-9.373540642545282e-13,-2.2123742229601494e-14,-7.472435194469937e-10
basic_HX,N20,-32.0,185.0,226.093,3976.991599082947,-8.982789979199879,0.993336824234575,-15.059750029380666,-90.43404603004456,-27.007844651059713
basic_HX,N28,-32.0,253.0,115.0,-11.44011480164646,-18.08686181219001,-9.186829812800505,-60.2157682641011,-26.241519196342594,-1.817800287269165
basic_HX,N32,-32.0,253.0,226.093,0.1857062578201294,-10.21103861182928,0.965766972862184,-13.167757651768625,19.137026242911816,18.57382904968108
basic_HX,N77,-32.0,-63.0,115.0,-145.30382780272836,66.50979149579555,-156.7207857277325,-415.9588014090461,-3360.620931803019,368.2077333575825
basic_HX,N79,-32.0,-63.0,117.0,-96.78392394992989,123.45930489298735,199.20063196259434,-247.58438727550674,-2087.932460160926,1405.6423071636818
basic_HX,N126,-32.0,69.75,115.0,-45.82172368481519,-16.050396940369925,1.6978018022575845,76.33189277411331,27.5814527358657,294.5278005196503
basic_HX,N148,-32.0,249.0,115.0,88.05321182331748,-223.14629687823816,-332.02159162942144,1039.2011840406974,-6285.147978025364,284.29923257311793
basic_HX,N149,-32.0,252.0,115.0,0.9195763511370778,-212.52745287305027,1.2678326216930667,68.10564026401914,99.40334078008064,-46.49317851505645
basic_HX,N232,-32.0,69.75,150.143,-16.979441207833588,54.707023421702615,-1.6333928390813526,-2.31709724340908,16.21582475309026,264.7988213553908
basic_HX,N247,-32.0,69.75,116.0,-21.616658094792733,-4.307970903284606,-0.21436265390274842,0.7890161019754514,37.17465833456936,-195.34682031395513
basic_HX,N368,-32.0,-0.0,117.5,-49.736317724736956,-44.460145914426576,11.791514777040149,212.44991717759223,8.299780485976427,1674.1068085948073
basic_HX,N369,-32.0,-0.0,134.148,1.0694129467474322e-12,7.357431981263545e-13,-1.821623463960416e-12,-8.416817396675045e-13,8.548872757592014e-14,-6.66530722632244e-13
basic_HX,N370,-32.0,-0.0,150.796,49.73631781644076,44.46014591425042,-11.791514814843213,180.16035918417592,-8.299780485522533,-18.086375874421044
basic_HX,N371,-32.0,69.75,117.5,-24.181539469398558,-11.546796698443359,1.9103069392149337,70.90787221794744,-9.577945188839664,407.34918908122927
basic_HX,N372,-32.0,69.75,142.022,7.275957614183426e-12,-3.637978807091713e-12,9.094947017729282e-13,0.0,1.4210854715202004e-14,-2.9103830456733704e-11
basic_HX,N380,-32.0,185.0,117.5,120.27612927136255,165.13063671448523,-4.983197505484522,-450.8833930378979,-191.96025267308679,-7408.303380672417
basic_HX,N381,-32.0,185.0,144.148,-2.0996722127758136e-09,8.458889712663494e-13,3.929977591046905e-11,-4.974646174142842e-12,-8.353883547895442e-14,7.423767972137254e-12
basic_HX,N382,-32.0,185.0,170.797,4.703525083480892e-09,3.781137674571515e-13,-2.9820642731018966e-10,-2.5768171860706695e-11,-6.773183602727843e-14,-1.174324961089147e-09
basic_HX,N383,-32.0,185.0,197.445,1.3598374051970876e-10,3.1307493895214386e-14,-7.329061291965937e-12,-3.275641059300871e-12,6.914792859405036e-14,-1.357192775244702e-10
basic_HX,N384,-32.0,185.0,207.0,-110.11579895019531,48.41690433691838,-115.79189978167415,-470.1501176478341,6931.230205535889,-312.38439873978496
basic_HX,N385,-32.0,185.0,224.093,-11.065686951439673,-211.5756423635654,119.82307126954342,-1576.9639275284405,-6646.223937423414,-3235.739828801992
basic_HX,N402,-32.0,69.75,193.643,161.44222116470337,-108.22458404581994,-3.3473534286022186,119.55333361029625,186.54750718933064,-1610.7986280918121
basic_HX,N548,-32.0,69.75,120.0,24.181537644937634,11.546796699949482,-1.9103068594558863,-66.13210530351353,9.57794518883128,-346.8953474514419
basic_HX,N549,-32.0,69.75,147.143,-24.181537644704804,-11.546796699956758,1.9103068594340584,14.280646217506728,-9.577945188831336,-309.4641288437997
basic_HX,N601,-32.0,120.0,222.655,41.51714329880758,-13.710822188119176,-6.53590730646677,-443.33911264292027,-1362.5094713054875,-363.1663796243576
basic_HX,N608,-32.0,150.0,226.093,-2698.477580850194,-55.846925888265595,-737.3507249501183,-66.5134094476865,-13264.977308228745,705.1328964468228
basic_HX,N625,-32.0,235.0,226.093,-787.8870256688298,-4.536002707997613,108.07850257078503,197.53148325138136,13266.269179760113,1475.9764498743782
basic_HX,N629,-32.0,249.0,226.093,-589.9856178986649,426.25135603625324,-39.6062908216913,4633.257586568561,7052.560951475373,623.301054629109
basic_HX,N630,-32.0,250.411,226.093,1.670243972398329e-09,-1.0981973113466045e-09,-4.167837587031182e-10,-4.474099694808851e-10,-4.421574438888228e-09,4.885382871343632e-12
basic_HX,N631,-32.0,252.0,226.093,-0.9183557033538818,212.24524546787143,-1.2589419484138489,76.26000380516052,-99.27134671807289,-55.025171518325806
basic_HZ,N5,-32.0,0.0,115.0,100.0048428132643,61.53577132220471,-0.8907654814345278,233.90244385380197,-525.9856992991131,-781.5375864302887
basic_HZ,N6,-32.0,0.0,130.311,-1.9024325514310167e-12,-4.860356478087776e-15,-5.792245955131065e-13,-1.4767655327922349e-12,-6.777868000778082e-14,8.74866330152441e-12
basic_HZ,N7,-32.0,0.0,153.373,32.65449643996544,63.98999232375263,134.33314862297266,66.7277878868772,-673.5122435145313,60.03224607696757
basic_HZ,N15,-32.0,185.0,115.0,6.365211975970621,58.55936737692042,-213.6849970784852,544.9263928956524,31.906788915447372,-4.091146520862554
basic_HZ,N16,-32.0,185.0,116.0,5.766036124802459,23.438174421080404,-3.874389257736534,-260.23170019839915,-75.50083796857542,-157.75481045392587
basic_HZ,N17,-32.0,185.0,143.183,7.501935701592097e-12,-1.150699324725813e-12,1.222913557165588e-10,-8.538153211813305e-12,1.0649118609744597e-13,2.2498046510607486e-11
basic_HZ,N18,-32.0,185.0,171.82,2.625958029507415e-11,1.301106540279627e-13,1.1510215084251148e-10,-5.048894914582221e-11,-5.2603213519266725e-14,1.0160112487191807e-11
basic_HZ,N19,-32.0,185.0,200.457,3.1459080857370785e-13,-5.791853914077109e-14,6.617291285780265e-12,-3.4846366146561836e-11,3.5430682747187754e-14,-3.4054458374606117e-13
basic_HZ,N20,-32.0,185.0,226.093,-0.053491462022066116,3.893591214902699,-0.23064694018103182,4.5418063250835985,0.9605080941691995,-0.7983992046874846
basic_HZ,N28,-32.0,253.0,115.0,1.080527155797366,1.7676179487626333,-4.770407018544667,6.538418839872998,3.217907809208878,1.0946773752349326
basic_HZ,N32,-32.0,253.0,226.093,0.011195424944162369,0.9585939245298505,-0.1678896532393992,2.3899078401736915,-0.02612197771668434,1.2058837062204475
basic_HZ,N77,-32.0,-63.0,115.0,-58.586987478906494,-74.93082896009362,246.60760677605194,436.9074068732636,-1390.2108381516207,96.40707682029374
basic_HZ,N79,-32.0,-63.0,117.0,-39.02580493678397,-144.68342380389913,-235.65083533873258,256.47468129316985,-832.5242115111687,568.7265449822444
basic_HZ,N126,-32.0,69.75,115.0,-11.014818046296206,9.088944195905913,-0.7429406998807087,-23.440915079077627,3.959953045030307,45.375754050661754
basic_HZ,N148,-32.0,249.0,115.0,-12.00852013027138,30.986391563681376,-137.42471296357084,55.73601216901868,798.5057485059829,65.48711915743829
basic_HZ,N149,-32.0,252.0,115.0,0.06570699250014211,21.50894055034185,-0.22015876938687917,-11.280412342524361,-0.1370406049584367,-3.0965194038399937
basic_HZ,N232,-32.0,69.75,150.143,-3.2307712242763955,-4.445431704587463,0.7901197354549367,8.096475257669226,5.8193929994396285,51.97228406609793
basic_HZ,N247,-32.0,69.75,116.0,-6.106546364083846,-1.1820316976947483,-0.05737802896115427,-0.005758767469913983,6.662193129003565,-56.303335025353846
basic_HZ,N368,-32.0,-0.0,117.5,-18.041722784192924,-14.16554968773673,3.410574125721172,46.3861091473709,-60.02752033896617,453.80575175758605
basic_HZ,N369,-32.0,-0.0,134.148,6.9171775083112535e-12,-2.0304647651257167e-14,1.5225412706591474e-12,2.6579462314137794e-12,2.777312966484665e-14,1.2306476721605168e-12
basic_HZ,N370,-32.0,-0.0,150.796,18.04172290780966,14.165549687745555,-3.4105741557290057,67.17236696674448,60.02752033912206,146.9114517014009
basic_HZ,N371,-32.0,69.75,117.5,-4.90349901765876,10.099860917354818,-0.6848961749710725,-21.642825545517553,-2.6979414877450267,83.2209426042391
basic_HZ,N372,-32.0,69.75,142.022,0.0,0.0,-9.094947017729282e-13,-1.8189894035458565e-12,0.0,3.637978807091713e-12
basic_HZ,N380,-32.0,185.0,117.5,-0.26877039034160577,-39.44651612143597,9.326863075376291,477.21856496178316,-73.51818630892294,66.23203543076076
basic_HZ,N381,-32.0,185.0,144.148,-6.743862986431528e-14,-1.3003923758357e-12,-7.399019694214444e-11,-2.35421944090962e-11,-1.0750840542750708e-13,3.0208407349619424e-11
basic_HZ,N382,-32.0,185.0,170.797,3.174677803073008e-12,-1.7461850023748773e-13,-7.44845831641495e-11,-9.186331562421479e-12,-2.7019122226671332e-14,-8.324646076424049e-12
basic_HZ,N383,-32.0,185.0,197.445,9.816132173570025e-13,1.3109256474811763e-13,-3.4323468921802576e-12,-7.622104747686137e-12,4.752970559144976e-14,-8.834935312444014e-13
basic_HZ,N384,-32.0,185.0,207.0,6.7769935131073,-54.47979210317135,18.64866722933948,343.70717093348503,2.967888817191124,-69.63892570057942
basic_HZ,N385,-32.0,185.0,224.093,-6.452503529793469,91.70748335196208,-27.82220327683673,492.2193383279393,70.59013894052838,-83.40336520166746
basic_HZ,N402,-32.0,69.75,193.643,28.221122235059738,-33.406082135625184,0.021754786372184753,-24.82575061917305,66.0616152563598,-311.7965493798256
basic_HZ,N548,-32.0,69.75,120.0,4.90349872954539,-10.099860917514889,0.6848961924915784,19.93058516810561,2.697941487699495,-70.96219631368876
basic_HZ,N549,-32.0,69.75,147.143,-4.9034987295017345,10.099860917514889,-0.6848961924733885,-1.3404478155644028,-2.697941487699495,-62.13346970232669
basic_HZ,N601,-32.0,120.0,222.655,-164.4438410043684,44.17465085381219,77.34279395062713,-17.31153777003131,-100.10566979510791,-39.33892557548088
basic_HZ,N608,-32.0,150.0,226.093,169.94545220721577,2.638804477124914,60.73957342355292,97.04305763278339,-437.72741786652097,-146.3931288560242
basic_HZ,N625,-32.0,235.0,226.093,-228.06819545812067,-5.689548223749997,80.13873781481226,-35.017997483564166,-451.7600403978645,-95.10198358048179
basic_HZ,N629,-32.0,249.0,226.093,183.33778345104184,-44.604150084013334,-1.9456598424385139,-174.01901725210305,-127.96980158932958,96.12426103680747
basic_HZ,N630,-32.0,250.411,226.093,-2.749903119174121e-10,9.711638019428746e-11,1.275850705655825e-10,2.9762450707497234e-10,9.525751752409134e-10,-7.832639997229596e-13
basic_HZ,N631,-32.0,252.0,226.093,-0.06561976671218872,-21.48037961544469,0.21861490607261658,-13.787916094064713,0.13685863092541695,-4.156770497560501
basic_L125,N5,-32.0,0.0,115.0,-56.675101669716014,5180.48751716004,40.25661543633214,-3597.9485842309323,-978.1841091932033,232.9130823192395
basic_L125,N6,-32.0,0.0,130.311,1.6726183499746283e-12,-1.0960832055139907e-11,4.0311370426819614e-12,-7.281007444282382e-12,-2.1747090654021955e-13,-3.4260224316027036e-12
basic_L125,N7,-32.0,0.0,153.373,-67.4050650036661,19.71661414002301,15.99371443275595,-380.80952603777405,-768.5593992968206,-22.049624261504505
basic_L125,N15,-32.0,185.0,115.0,879.7359540053318,4644.800011312222,-587.7249311252418,9909.361762358501,9780.919328260205,24042.41704385478
basic_L125,N16,-32.0,185.0,116.0,920.0380736149683,-3566.7664766565613,-157.15888293940185,-7024.132315982672,1916.1012183208945,-155607.93968728968
basic_L125,N17,-32.0,185.0,143.183,1.4892644491505481e-08,3.786369183894359e-11,-8.641388749552237e-11,4.142689392272423e-11,3.2059845903730905e-13,1.0878259477491217e-09
basic_L125,N18,-32.0,185.0,171.82,7.765116053565074e-10,3.4968903173806864e-11,4.1987688200286075e-10,1.1617936677227472e-10,-1.3116818798406532e-13,-6.59015417508759e-10
basic_L125,N19,-32.0,185.0,200.457,9.080715870768921e-11,-4.318294428492994e-12,4.4598133201807494e-11,-2.305110403463631e-10,-5.938039109236312e-15,-1.6074891751467245e-10
basic_L125,N20,-32.0,185.0,226.093,5.748241066932678,72.59396457672119,-2.1741590816527605,64.77992379665375,-74.72545257210732,130.57542372285388
basic_L125,N28,-32.0,253.0,115.0,-0.054363259620214016,7.447847039271058,33.98953554812085,36.38761221990704,59.8945949212394,162.32113528938686
basic_L125,N32,-32.0,253.0,226.093,-0.12449270859360695,6.554573172237724,-4.640673225745559,60.55245842540171,-20.13800080679357,-82.88975538153318
basic_L125,N77,-32.0,-63.0,115.0,28.50516029565822,-422.8775743308515,1844.5118120012282,1375.01305566417,-116.3862121653092,135.61316984239474
basic_L125,N79,-32.0,-63.0,117.0,0.9993394696241467,-1079.1024780053585,-1810.9583363109268,436.29542716691503,-508.81174421329797,25.279256668717608
basic_L125,N126,-32.0,69.75,115.0,33.048446104599904,11.620001107097014,1.1318871835613549,-702.5314036952209,-2290.5245437598883,2611.53630202738
basic_L125,N148,-32.0,249.0,115.0,-565.5847856631141,197.5690949286479,945.3276536915837,1692.6703611913501,12840.169616468194,22154.584360328743
basic_L125,N149,-32.0,252.0,115.0,-0.48705895764276264,143.33505435864438,-6.089324177779126,-341.6227801182741,-104.61227101090789,-203.17116603505573
basic_L125,N232,-32.0,69.75,150.143,-56.869770992096164,-2329.7872616781387,18.09251876323833,138.18041802333028,-3.051608813929988,1228.1036506631208
basic_L125,N247,-32.0,69.75,116.0,429.0472661819494,-281.77275657672914,19.924682146156456,-2.917751965003895,-2190.9431763616553,-5023.73493369502
basic_L125,N368,-32.0,-0.0,117.5,-47.300273662096885,-284.6832471978689,-221.7859272002519,-3412.736903504721,-368.5556703763513,1351.5335174738034
basic_L125,N369,-32.0,-0.0,134.148,3.936147142799076e-12,-7.457065533530038e-12,-1.156550611217797e-12,-5.221951543346974e-13,4.9005173291089626e-14,-3.269554975373988e-12
basic_L125,N370,-32.0,-0.0,150.796,47.300273751363164,284.6832472005501,221.78592708230508,-3971.847327597468,368.5556703769941,223.3763965989252
basic_L125,N371,-32.0,69.75,117.5,-395.61408134782687,288.5048218575539,-18.774537346413126,-671.9029385947506,-99.42295972234706,7067.4485870038625
basic_L125,N372,-32.0,69.75,142.022,-1.8189894035458565e-12,0.0,0.0,0.0,0.0,0.0
basic_L125,N380,-32.0,185.0,117.5,-1030.666961950737,-439.5795993303566,266.52315044757944,12874.066696931115,-42.696125000690365,86275.12807929324
basic_L125,N381,-32.0,185.0,144.148,-7.566578903087657e-09,2.3329084130403692e-11,-3.5199242769374556e-11,5.931859695931325e-11,-1.8997974890091655e-13,-9.860715706647635e-10
basic_L125,N382,-32.0,185.0,170.797,1.1812113418451392e-08,-9.784776093904789e-12,5.75811549489826e-10,2.0540832472733982e-10,2.8996563288547413e-13,-8.038970796961986e-09
basic_L125,N383,-32.0,185.0,197.445,-1.745980001603818e-11,-4.7091405515192325e-12,-6.482949416779075e-11,-9.000052090874971e-11,1.3221656778813885e-13,9.72813280192902e-11
basic_L125,N384,-32.0,185.0,207.0,340.0706329345703,-1324.189185142517,-4.296518251299858,8240.679007291794,5609.762710571289,3486.2679856941104
basic_L125,N385,-32.0,185.0,224.093,693.3923356489174,1709.8378911156494,-262.26195804286516,7289.673702203969,-5491.760176963104,14364.11618795502
basic_L125,N402,-32.0,69.75,193.643,43.605543434619904,-2434.7003446519375,18.23168909549713,-905.0268515348434,-267.16706706839614,-8142.079587101936
basic_L125,N548,-32.0,69.75,120.0,395.61408026568824,-288.5048218674492,18.774537817094824,624.9665936957026,99.42295972315696,-6078.413388884161
basic_L125,N549,-32.0,69.75,147.143,-395.6140802655864,288.5048218673328,-18.774537817080272,-115.36931372611434,-99.42295972315696,-4659.739591765603
basic_L125,N601,-32.0,120.0,222.655,147.49944552618342,-46.433660313306845,-83.09492155766948,145.52286305618128,888.9449177238909,-1168.9900585158903
basic_L125,N608,-32.0,150.0,226.093,-982.4453747662226,-58.916011794006074,-297.51659628131256,2453.577374087142,-2484.5761891029506,-6232.8211568515235
basic_L125,N625,-32.0,235.0,226.093,-603.2494903841291,-10.412168685236564,164.9179720191708,-350.8497612320547,2885.7706117716016,-2447.718927950013
basic_L125,N629,-32.0,249.0,226.093,236.99966865297017,-144.78514812257555,-140.25701498788598,4766.829988386561,-1742.88286127803,-12953.74233564042
basic_L125,N630,-32.0,250.411,226.093,-3.464384467119012e-09,8.815130113217411e-10,1.0790873555003104e-09,1.456375013637309e-09,-2.443727944564635e-09,-3.069198638781415e-11
basic_L125,N631,-32.0,252.0,226.093,0.4864121079444885,-143.14472499024123,6.0466225147247314,-351.77603912353516,104.47336021065712,256.38002586364746
basic_L30,N5,-32.0,0.0,115.0,-13.60202593618591,1243.3170053312642,9.661587630742815,-863.5076605868496,-234.76417451050725,55.899160268418086
basic_L30,N6,-32.0,0.0,130.311,-4.365468297139539e-13,-6.60095921899731e-13,1.8736793820852295e-12,7.639251231236559e-13,-3.502994930757602e-14,-1.7098692063865448e-12
basic_L30,N7,-32.0,0.0,153.373,-16.177215464740584,4.731985985774372,3.8384883268809062,-91.39428716113616,-184.45424205320887,-5.29191200817877
basic_L30,N15,-32.0,185.0,115.0,211.13663131450838,1114.7520036616543,-141.05398433030072,2378.2468291628256,2347.4206299483876,5770.18009871513
basic_L30,N16,-32.0,185.0,116.0,220.80913523030253,-856.0239540432511,-37.718131979112016,-1685.7917593429445,459.8642867074616,-37345.90553014076
basic_L30,N17,-32.0,185.0,143.183,-1.3917907768766214e-09,1.1841034510339626e-11,1.6282476917625784e-11,1.2930570214604049e-11,-8.901403972875652e-14,1.960796142884607e-09
basic_L30,N18,-32.0,185.0,171.82,3.223113052125854e-11,3.5834404681184824e-13,4.332050845000056e-12,-2.807224371258415e-12,-9.911885815758498e-14,-3.125142996582537e-10
basic_L30,N19,-32.0,185.0,200.457,7.556303797288534e-12,2.3775831196395003e-12,1.82810899286451e-12,-1.1619347882008889e-11,-2.0073662798640603e-15,-4.667895805998572e-11
basic_L30,N20,-32.0,185.0,226.093,1.3795779645442963,17.422551542520523,-0.5217982335016131,15.547181840986013,-17.934108585119247,31.338101758621633
basic_L30,N28,-32.0,253.0,115.0,-0.013047159618375846,1.7874833296936905,8.157488548388558,8.733027065257064,14.374702808485337,38.95707249645068
basic_L30,N32,-32.0,253.0,226.093,-0.029878249391913414,1.573097585409414,-1.1137615779880434,14.532590073358733,-4.833120210561901,-19.893541264129453
basic_L30,N77,-32.0,-63.0,115.0,6.841239328118101,-101.49061821157026,442.68283592818796,330.00313523827003,-27.932668202570042,32.54715848497719
basic_L30,N79,-32.0,-63.0,117.0,0.2398420577208924,-258.9845955146468,-434.6300020244744,104.71090351132443,-122.1148041093196,6.067012581457675
basic_L30,N126,-32.0,69.75,115.0,7.931627860000917,2.788800580599692,0.2716527505890783,-168.6075374620929,-549.7258914782665,626.7687116781601
basic_L30,N148,-32.0,249.0,115.0,-135.74034861343475,47.41658335382206,226.87863757473295,406.2408855092451,3081.640715027141,5317.100246326676
basic_L30,N149,-32.0,252.0,115.0,-0.1168941397733021,34.4004135433281,-1.4614378086483115,-81.98946750534279,-25.10694512910403,-48.761079871673836
basic_L30,N232,-32.0,69.75,150.143,-13.648745024172968,-559.1489430812653,4.342204512857279,33.163300333089865,-0.7323862173261659,294.74487605268223
basic_L30,N247,-32.0,69.75,116.0,102.97134383673355,-67.62546160864417,4.78192412987488,-0.7002604429416981,-525.8263633593831,-1205.6963855861618
basic_L30,N368,-32.0,-0.0,117.5,-11.352065109537884,-68.32397909923168,-53.228622559963654,-819.0568577042142,-88.45336030531628,324.3680304213938
basic_L30,N369,-32.0,-0.0,134.148,3.4777597003727863e-13,-2.8193246644959266e-12,-1.1358922578844713e-12,-7.93251720877463e-13,1.746623992876388e-14,-1.4455359659658003e-12
basic_L30,N370,-32.0,-0.0,150.796,11.352065127517406,68.32397909975818,53.22862256825296,-953.2433593007319,88.4533603053424,53.61032982841832
basic_L30,N371,-32.0,69.75,117.5,-94.94737950031413,69.24115734634688,-4.5058892187189485,-161.2567055682448,-23.861510311507004,1696.1876613337663
basic_L30,N372,-32.0,69.75,142.022,9.094947017729282e-13,2.9103830456733704e-11,0.0,0.0,0.0,-9.094947017729282e-13
basic_L30,N380,-32.0,185.0,117.5,-247.36007126839996,-105.49910446753401,63.96555619862943,3089.776014018787,-10.247072325365716,20706.03073468793
basic_L30,N381,-32.0,185.0,144.148,3.4346418513000535e-09,4.2504022324226214e-12,-5.0335690676743316e-12,1.2467361677484475e-11,-2.8200687585126108e-14,1.9635436873432002e-09
basic_L30,N382,-32.0,185.0,170.797,1.280937528801157e-09,8.747852898490709e-12,3.9230831634990385e-11,-1.6671140760523826e-12,1.4077716309568122e-13,-5.4952237116443456e-11
basic_L30,N383,-32.0,185.0,197.445,-3.232576005243741e-12,-1.8586763934545706e-13,9.7416126323163e-12,5.9069726486760604e-12,-2.7574624323182887e-15,-6.852719358009724e-11
basic_L30,N384,-32.0,185.0,207.0,81.6169548034668,-317.8054051399231,-1.0311641059815884,1977.7629663944244,1346.3430500030518,836.7043147012591
basic_L30,N385,-32.0,185.0,224.093,166.41416030663365,410.36109519657623,-62.94287029434077,1749.5216956052607,-1318.0224395438,3447.3878835313135
basic_L30,N402,-32.0,69.75,193.643,10.46532990038395,-584.3280826695263,4.375605463981628,-217.20644518733025,-64.12009723353549,-1954.099099099636
basic_L30,N548,-32.0,69.75,120.0,94.94737928369432,-69.24115735659143,4.505889087729884,149.99198289830383,23.861510311642462,-1458.8192136409634
basic_L30,N549,-32.0,69.75,147.143,-94.94737928369068,69.24115735656233,-4.505889087729884,-27.688635389924457,-23.86151031164252,-1118.3375022564323
basic_L30,N601,-32.0,120.0,222.655,35.399865622338815,-11.144078096725362,-19.94278050731746,34.925487108120336,213.34677521060863,-280.55761157024654
basic_L30,N608,-32.0,150.0,226.093,-235.78688724843303,-14.13984274008457,-71.40398213427352,588.8585702598355,-596.2982929930513,-1495.877074964044
basic_L30,N625,-32.0,235.0,226.093,-144.77988354351857,-2.4989206275591096,39.58031536744687,-84.20394277443314,692.5849338721334,-587.4525431999836
basic_L30,N629,-32.0,249.0,226.093,56.87992534323823,-34.748436418241546,-33.66168362183682,1144.0391902680972,-418.29189444810993,-3108.8981582783717
basic_L30,N630,-32.0,250.411,226.093,9.10056363768563e-11,-5.538669584044842e-12,2.674710567094667e-10,2.705955361434254e-10,-1.7703407850852704e-10,-7.524909310189034e-12
basic_L30,N631,-32.0,252.0,226.093,0.1167389452457428,-34.35473449516576,1.451189637184143,-84.42624986171722,25.073606537189335,61.53120610117912
basic_L40,N5,-32.0,0.0,115.0,-18.136026016650064,1657.7559983098063,12.882117310640751,-1151.3435484041906,-313.01896822052765,74.5320908329785
basic_L40,N6,-32.0,0.0,130.311,9.57205191386727e-14,-1.1239362656581304e-12,1.3374660993351127e-12,7.18668621167101e-13,-7.198332359112193e-14,9.309206999226385e-13
basic_L40,N7,-32.0,0.0,153.373,-21.569621908216504,6.309322933971998,5.11800291819236,-121.85904459854646,-245.93906934720872,-7.05586909098929
basic_L40,N15,-32.0,185.0,115.0,281.51550989331355,1486.3359978870915,-188.0719699356315,3170.995724524251,3129.8942304843927,7693.573403879036
basic_L40,N16,-32.0,185.0,116.0,294.4121768482778,-1141.3652747127205,-50.29084245936726,-2247.7223183581686,613.1524204340255,-49794.54067611735
basic_L40,N17,-32.0,185.0,143.183,1.3238171161699603e-10,4.69024237376776e-12,-5.318669293974009e-11,3.288855613915363e-12,3.601546794252328e-14,3.6525787800495677e-09
basic_L40,N18,-32.0,185.0,171.82,1.0070900261607866e-09,-6.934499133898511e-12,9.06505428907243e-11,-3.996089062137119e-12,1.6042440144177167e-13,-6.946173915950533e-10
basic_L40,N19,-32.0,185.0,200.457,1.2638089785797563e-11,1.9772501422193646e-12,6.278216416283078e-12,-1.049647529092814e-11,-3.9362008920640145e-16,1.7608246448584528e-10
basic_L40,N20,-32.0,185.0,226.093,1.8394375443458557,23.230068281292915,-0.6957309450954199,20.729575362056494,-23.91214506328106,41.78413586539682
basic_L40,N28,-32.0,253.0,115.0,-0.017396387594715942,2.3833108196552857,10.876651355008455,11.644035129832547,19.166270187796936,51.94276313693182
basic_L40,N32,-32.0,253.0,226.093,-0.0398376677185297,2.0974632780998945,-1.4850154102314264,19.376786396373063,-6.44416016805917,-26.52472187960666
basic_L40,N77,-32.0,-63.0,115.0,9.121647675012776,-135.32082080013296,590.243770928743,440.00416191708433,-37.24368608021377,43.39622481046799
basic_L40,N79,-32.0,-63.0,117.0,0.3197861422717949,-345.3127868078602,-579.5066575042874,139.61452794924844,-162.81982167159663,8.089400903939236
basic_L40,N126,-32.0,69.75,115.0,10.575505188640674,3.718401090406564,0.362203494010742,-224.81004685898677,-732.9678486141837,835.6916196684749
basic_L40,N148,-32.0,249.0,115.0,-180.98713093252832,63.22210698207797,302.5048475333693,541.6545209879323,4108.854228488297,7089.4669951320575
basic_L40,N149,-32.0,252.0,115.0,-0.15585886579013097,45.86721450847014,-1.948583719943347,-109.31928810065432,-33.47592625644124,-65.01477300403634
basic_L40,N232,-32.0,69.75,150.143,-18.198326743146026,-745.5319222321559,5.789605942358321,44.21773360462976,-0.9765143806472452,392.9931680231275
basic_L40,N247,-32.0,69.75,116.0,137.29512356889745,-90.16728197861326,6.375899047341255,-0.9336807873416404,-701.1018110165918,-1607.5951726917053
basic_L40,N368,-32.0,-0.0,117.5,-15.13609029753262,-91.09864009385336,-70.97149649963694,-1092.0758053699917,-117.93781680779314,432.49079047648524
basic_L40,N369,-32.0,-0.0,134.148,1.3868407933051388e-12,-3.6710696194839645e-12,-5.178454577081575e-13,7.551842431535493e-13,3.0905612660484975e-14,-2.195693823475554e-12
basic_L40,N370,-32.0,-0.0,150.796,15.136090313755806,91.09864009362003,70.97149646641451,-1270.9911419925636,117.93781680785074,71.48047223789932
basic_L40,N371,-32.0,69.75,117.5,-126.59650620011962,92.32154228625586,-6.007852020713472,-215.00893768579408,-31.815347169550023,2261.583544791967
basic_L40,N372,-32.0,69.75,142.022,-9.094947017729282e-13,0.0,9.094947017729282e-13,0.0,-2.842170943040401e-14,0.0
basic_L40,N380,-32.0,185.0,117.5,-329.8134284740433,-140.66546796488842,85.28740724621788,4119.701301422457,-13.66274703408724,27608.04100359985
basic_L40,N381,-32.0,185.0,144.148,7.328710627122071e-10,1.6277083285886542e-11,1.3782150622505003e-11,-5.839368673272409e-12,-9.398068171158155e-14,8.090508254642909e-10
basic_L40,N382,-32.0,185.0,170.797,4.9186751742624936e-09,6.858609358914774e-12,3.5771035607720953e-10,2.216613453577615e-10,1.524382777995212e-14,-1.0224183857805274e-09
basic_L40,N383,-32.0,185.0,197.445,-5.830113002949762e-11,3.7678371892560893e-13,1.1569662102693921e-11,-6.700440543009648e-12,1.6512160203384156e-14,5.222773435085437e-11
basic_L40,N384,-32.0,185.0,207.0,108.82260513305664,-423.7405345439911,-1.3748875185847282,2637.017252922058,1795.1240720748901,1115.6057659387589
basic_L40,N385,-32.0,185.0,224.093,221.88554832734033,547.1481169577024,-83.92382403734543,2332.6955411296844,-1757.3632727103027,4596.517189304177
basic_L40,N402,-32.0,69.75,193.643,13.953775763511658,-779.1041100732982,5.8341405391693115,-289.6085880994797,-85.49345642945264,-2605.465473741293
basic_L40,N548,-32.0,69.75,120.0,126.59650551324012,-92.3215422903013,6.007852030797949,199.9893075579712,31.81534716965109,-1945.0922818582621
basic_L40,N549,-32.0,69.75,147.143,-126.59650551324012,92.32154229027219,-6.007852030794311,-36.91817988598996,-31.815347169651204,-1491.1166672875152
basic_L40,N601,-32.0,120.0,222.655,47.19983164644288,-14.85877388012046,-26.590379443349022,46.567316721697544,284.4624012974508,-374.07683045207125
basic_L40,N608,-32.0,150.0,226.093,-314.38253623421394,-18.85312427272279,-95.20531668510756,785.144755809633,-795.0643354301537,-1994.5027817713587
basic_L40,N625,-32.0,235.0,226.093,-193.03980324564708,-3.3318931627853186,52.77373908208422,-112.27192264432503,923.446669609209,-783.2700528942154
basic_L40,N629,-32.0,249.0,226.093,75.83986605194714,-46.33124226380185,-44.882244642178144,1525.385634803367,-557.7224730315867,-4145.197560258429
basic_L40,N630,-32.0,250.411,226.093,-3.5576837595010384e-10,4.068910768557763e-11,4.368447201674859e-10,4.65587976470513e-10,-6.810837126133932e-10,-5.464909193291559e-12
basic_L40,N631,-32.0,252.0,226.093,0.15565192699432373,-45.806309113046154,1.9349193572998047,-112.56833076477051,33.43147480394691,82.04160884022713
basic_L75patch,N5,-32.0,0.0,115.0,-21.37470690313512,1701.4546467324462,13.362992761699388,-1185.1322354521453,-336.1724391741558,97.04096905121219
basic_L75patch,N6,-32.0,0.0,130.311,-5.554576845596595e-13,-2.194915857793551e-12,1.9859584550462574e-12,-6.702687157433818e-13,-7.470085253974852e-14,-2.0821820954707161e-13
basic_L75patch,N7,-32.0,0.0,153.373,-21.81524294721021,8.289541823774925,9.204936562739022,-133.75962705629354,-270.6938663878245,2.9925316580047365
basic_L75patch,N15,-32.0,185.0,115.0,317.5826699808616,1629.0706825167235,-221.17722427724908,3158.431861556272,3510.7989266259287,8513.391018738414
basic_L75patch,N16,-32.0,185.0,116.0,336.3112347471083,-1262.7820625088018,-51.09004336725952,-2258.048719973024,695.6297652141052,-55680.42993234333
basic_L75patch,N17,-32.0,185.0,143.183,4.5770802991596246e-10,1.8894444482228075e-11,-6.843255591697249e-11,7.147573375511109e-12,-8.219410716477191e-14,3.6722440917241587e-09
basic_L75patch,N18,-32.0,185.0,171.82,3.233541537682876e-09,-1.1929118490455296e-12,3.043601847649418e-10,-4.4564084701924586e-11,1.8197210433372942e-13,6.31808026140467e-10
basic_L75patch,N19,-32.0,185.0,200.457,5.60010448493726e-12,-9.586768156110932e-13,1.0820442229915098e-11,-1.4776001487968285e-11,9.1889020918812e-14,1.1085274324805228e-10
basic_L75patch,N20,-32.0,185.0,226.093,2.0614470839500427,23.65707816183567,-0.7257384806871414,21.25235979259014,-26.693578086793423,47.13842116156593
basic_L75patch,N28,-32.0,253.0,115.0,-0.010441869814490093,4.147999412202505,12.619074501170397,16.2280372880196,21.986306672206638,56.90677438332779
basic_L75patch,N32,-32.0,253.0,226.093,-0.0478348582983017,3.4124141186475754,-1.6722698917146772,21.524213617667556,-7.470420591533184,-29.987126780557446
basic_L75patch,N77,-32.0,-63.0,115.0,10.359277367933261,-136.43340198307558,597.8917331340157,437.98744331831693,-29.027792386019655,51.00045693605987
basic_L75patch,N79,-32.0,-63.0,117.0,0.560288883300025,-349.53569187512335,-586.7560508792812,135.88356023242522,-176.0812686272173,11.241968750309923
basic_L75patch,N126,-32.0,69.75,115.0,9.567504543666237,3.2941879132886154,1.0009166466485508,-229.7368281428254,-833.977906270964,973.3086769904182
basic_L75patch,N148,-32.0,249.0,115.0,-208.3677511142389,71.33729560565672,349.4549154020922,290.89436422658986,4794.308747640715,7925.094217700912
basic_L75patch,N149,-32.0,252.0,115.0,-0.19127846858135245,69.96509831466851,-2.194759236835935,-124.72669651546153,-38.807029695343026,-71.8299938802402
basic_L75patch,N232,-32.0,69.75,150.143,-20.957330798642943,-764.8092801482999,5.908844786557893,45.18819693811383,-1.5955336827588553,450.49969702413364
basic_L75patch,N247,-32.0,69.75,116.0,146.7945203609089,-91.85149402319352,7.19693136008364,-0.8705556570650038,-796.6890185327728,-1671.170458932187
basic_L75patch,N368,-32.0,-0.0,117.5,-14.66003477794964,-93.67071848539426,-72.92619874793267,-1123.1338110122165,-124.26241704251004,435.3660394113516
basic_L75patch,N369,-32.0,-0.0,134.148,1.3240503722518405e-12,-2.0383639497146143e-12,-3.7231472960294397e-13,1.3433225531444383e-12,2.3240835150121933e-14,-1.5139523478556855e-12
basic_L75patch,N370,-32.0,-0.0,150.796,14.660034771624431,93.67071848576141,72.92619870165883,-1305.0169018931026,124.26241704260013,52.7544782262763
basic_L75patch,N371,-32.0,69.75,117.5,-137.09368703863584,93.56055002147332,-6.189994086889783,-220.35887598546833,-37.22957097207234,2445.8276356126007
basic_L75patch,N372,-32.0,69.75,142.022,0.0,0.0,0.0,0.0,-2.842170943040401e-14,-3.637978807091713e-12
basic_L75patch,N380,-32.0,185.0,117.5,-370.31196059617133,-150.06488737949215,85.64755187738213,4138.6568741440005,-11.558080618016108,30957.59005991126
basic_L75patch,N381,-32.0,185.0,144.148,1.385982657273406e-09,8.020515483923653e-12,4.280222166400875e-11,5.5488916781369415e-12,-7.823703282714081e-14,7.494848859879001e-10
basic_L75patch,N382,-32.0,185.0,170.797,2.980847938171521e-10,5.3334660173402486e-12,-2.0121122785614888e-10,-7.828844280017839e-11,3.2476355619397563e-14,-1.8921973268369424e-10
basic_L75patch,N383,-32.0,185.0,197.445,-1.0661132568099153e-11,-9.322083956654916e-13,8.103176763472402e-12,3.155439687430749e-12,2.7896673616822963e-15,2.1151593862762893e-11
basic_L75patch,N384,-32.0,185.0,207.0,122.65454864501953,-424.42661118507385,1.9116588681936264,2656.5033835172653,2000.1866617202759,1257.2862027809024
basic_L75patch,N385,-32.0,185.0,224.093,248.66586042628467,557.2056706589765,-87.54349309331452,2388.5180038322023,-1961.7777350757658,5188.827081569448
basic_L75patch,N402,-32.0,69.75,193.643,13.328073531389236,-799.357672508806,6.182661324739456,-295.6236724257469,-111.24177483574022,-2792.270210325718
basic_L75patch,N548,-32.0,69.75,120.0,137.09368654096033,-93.56055002351059,6.189994076357834,204.88389076091698,37.229570972267766,-2103.093420084042
basic_L75patch,N549,-32.0,69.75,147.143,-137.09368654093487,93.56055002351059,-6.189994076357834,-36.86888154635744,-37.22957097226771,-1618.0405136966037
basic_L75patch,N601,-32.0,120.0,222.655,65.91938133704019,-20.575182144219173,-35.792803216349746,27.89667018722604,314.60936109984607,-451.73664748914047
basic_L75patch,N608,-32.0,150.0,226.093,-361.61433680118324,-21.401651652961696,-110.78680179403783,845.9651492593184,-818.597213360517,-2248.4309703335693
basic_L75patch,N625,-32.0,235.0,226.093,-227.4970445732587,-4.259289168852379,63.292432392042606,-127.3450334695559,983.3472548691091,-916.0283658378171
basic_L75patch,N629,-32.0,249.0,226.093,95.28577838158314,-70.02574560885394,-51.924839772160134,1173.4116784249288,-598.3572629139969,-4625.929146177361
basic_L75patch,N630,-32.0,250.411,226.093,9.01697569474162e-13,1.2237153830119314e-10,5.372588940424518e-10,3.7558769840828146e-10,-1.5734041936868522e-09,-6.8681140983946895e-12
basic_L75patch,N631,-32.0,252.0,226.093,0.19102448225021362,-69.87219422636554,2.179368495941162,-125.19535195827484,38.755499264225364,92.74585351347923
basic_P200,N5,-32.0,0.0,115.0,-0.15484273318842323,34.3658135100828,0.29460568994446135,-24.692940019450866,-9.47420355076693,-2.518641014385956
basic_P200,N6,-32.0,0.0,130.311,-9.64030402873874e-14,3.414825681744707e-14,4.2517056763880765e-14,4.990215368309541e-14,-2.634991295397326e-15,-2.5157894973148396e-14
basic_P200,N7,-32.0,0.0,153.373,-0.6950194187938905,0.10862658707719675,0.3206326256004104,-3.8250862767065428,-8.637065597965375,1.1268404930892757
basic_P200,N15,-32.0,185.0,115.0,8.64615427675589,33.42092151500528,-4.134304786298345,68.73490613883816,97.39878329747293,226.50430040548076
basic_P200,N16,-32.0,185.0,116.0,9.17513509697325,-26.85291314847927,-1.1736992613446513,-49.03593898661372,22.269244228053164,-1495.0039615651922
basic_P200,N17,-32.0,185.0,143.183,5.782876682467987e-11,-2.2396315427710335e-15,-8.980618582713036e-13,1.995206458462329e-14,-5.686439035820586e-17,6.73454503673885e-11
basic_P200,N18,-32.0,185.0,171.82,5.903101497133236e-11,-6.966051867263515e-14,-2.5986686806260167e-12,7.035058266251241e-13,-4.485591015076806e-15,2.444689703183009e-11
basic_P200,N19,-32.0,185.0,200.457,4.527193549391923e-13,6.650323447754335e-14,1.751583391154071e-13,-6.890960776975312e-13,4.453906847177801e-16,2.1360494486602615e-12
basic_P200,N20,-32.0,185.0,226.093,0.055177005007863045,0.4891411676071584,-0.01235290410113521,0.4129357122001238,-0.7249288107268512,1.2481456635214272
basic_P200,N28,-32.0,253.0,115.0,0.008327994520899728,0.0026270011365236946,0.21920570980424148,0.18612475194289604,0.6231151948617528,1.6141543238293687
basic_P200,N32,-32.0,253.0,226.093,-0.0011450496385805309,0.01544161206948047,-0.027498353534610942,0.37325318411512853,-0.18986630320432596,-0.7990927395596827
basic_P200,N77,-32.0,-63.0,115.0,0.10168567866749512,-2.892249912552402,12.727041112823503,9.254758490300485,-4.868022485179788,1.1859964292336393
basic_P200,N79,-32.0,-63.0,117.0,-0.022962111384956074,-7.408040151040119,-12.445888157856416,2.8629743456008327,-5.736458704559027,0.5885741687509096
basic_P200,N126,-32.0,69.75,115.0,0.05637841035242715,0.09381628521640231,0.056164397706129965,-4.655097611628988,-21.31325157053068,32.01944525476513
basic_P200,N148,-32.0,249.0,115.0,-5.847704504607644,1.8171601238628965,5.806228119879637,24.490905322370672,134.88042992227685,212.89547172412193
basic_P200,N149,-32.0,252.0,115.0,-0.004403118400169423,0.5145412932352808,-0.03606279194262379,-1.9453092086470418,-0.9863346206165833,-1.9913442927055403
basic_P200,N232,-32.0,69.75,150.143,-0.5713977999237159,-14.814151381385727,0.11857018582128376,0.8730716571656103,-0.08908842043721243,11.61541392581762
basic_P200,N247,-32.0,69.75,116.0,2.9761097916926618,-0.770526593446145,0.18252377954260982,-0.016229309679728122,-20.360495514559283,-23.79491824335132
basic_P200,N368,-32.0,-0.0,117.5,-0.3733321655406777,-1.9738080245458822,-1.4094848763641343,-21.576839426381863,-1.5123154507671843,11.655095127178997
basic_P200,N369,-32.0,-0.0,134.148,8.127515059352766e-14,-1.0734806907639197e-13,-1.20841856239169e-14,-2.044403614623735e-14,6.276051319594583e-16,-3.212044856162333e-14
basic_P200,N370,-32.0,-0.0,150.796,0.37333216588580365,1.9738080245628327,1.4094848762775403,-25.35336900494434,1.5123154507693861,0.7753726427574248
basic_P200,N371,-32.0,69.75,117.5,-2.916894677920027,0.8499428786808494,-0.1262366163190336,-4.501116416736977,-0.9512404740681504,51.44112003331338
basic_P200,N372,-32.0,69.75,142.022,2.842170943040401e-14,0.0,0.0,2.842170943040401e-14,0.0,-1.1368683772161603e-13
basic_P200,N380,-32.0,185.0,117.5,-9.918625840953666,-2.732573334881885,1.8706152223021855,89.85646454878159,-0.7948574782817301,831.0421757195433
basic_P200,N381,-32.0,185.0,144.148,2.24665152815696e-11,4.1708705694798434e-13,6.888058966251786e-14,1.473079043775267e-13,1.9882206585488956e-15,6.473748053538614e-11
basic_P200,N382,-32.0,185.0,170.797,4.654601538382388e-11,3.53169929071166e-13,7.297299829262503e-12,3.5575907114163474e-12,7.017417139609911e-15,1.113461124891566e-11
basic_P200,N383,-32.0,185.0,197.445,-2.0627670455088236e-13,-5.628328447973308e-14,-3.788947494487308e-14,1.3769016147777359e-14,7.797795691659605e-16,-4.0651602951546026e-13
basic_P200,N384,-32.0,185.0,207.0,3.2898459434509277,-9.161511115729809,-0.3836775447707623,56.66872068494558,54.80743098258972,33.46989491104614
basic_P200,N385,-32.0,185.0,224.093,6.65582861000912,11.520959155869809,-1.4900922312388567,46.83094657325297,-53.27682918068178,137.24821043249977
basic_P200,N402,-32.0,69.75,193.643,0.8737134579569101,-16.382991784485057,0.1296621449291706,-6.20548233948648,-3.162564819405816,-66.14463979098946
basic_P200,N548,-32.0,69.75,120.0,2.9168946657428023,-0.8499428789746162,0.12623661730424374,4.185524870784434,0.951240474072307,-44.148883383573775
basic_P200,N549,-32.0,69.75,147.143,-2.916894665741438,0.8499428789746162,-0.12623661730413005,-0.759084367290825,-0.9512404740723053,-35.02438852865225
basic_P200,N601,-32.0,120.0,222.655,0.7737759369953048,-0.30493740909402534,-0.48426810688197486,-1.213229870265493,7.318813799058461,-14.043416529638298
basic_P200,N608,-32.0,150.0,226.093,-8.879452349364726,-0.5268367092688718,-2.62812912326806,19.94960044848741,-27.29270111418467,-57.655455415241704
basic_P200,N625,-32.0,235.0,226.093,-6.530333982332151,-0.08555234594279917,1.8287530359358601,-1.7367554619062004,28.13437613846607,-20.793134947359835
basic_P200,N629,-32.0,249.0,226.093,2.926251904256796,-0.7528491621164372,-0.6476020432380778,41.11617992683467,-25.580105846030456,-128.02098279794754
basic_P200,N630,-32.0,250.411,226.093,-3.5026896068903685e-11,-7.133514846951092e-12,3.3243162354880612e-12,3.0859894066907618e-12,-1.6510219117893154e-11,-5.462533084853121e-13
basic_P200,N631,-32.0,252.0,226.093,0.004397273994982243,-0.5138580526836449,0.03580990433692932,-2.161101730540395,0.9850249030569103,2.4719832511618733
basic_R20,N5,-32.0,0.0,115.0,-64.58484229812947,3278.1604113603235,10.226072161201955,-989.9423145339852,12.847594793568987,173.28966932180492
basic_R20,N6,-32.0,0.0,130.311,-1.1917618555691896e-12,4.096323747902569e-12,1.8215354943626987e-13,-7.428276804445059e-14,1.5396054287545817e-14,-5.08807766519805e-12
basic_R20,N7,-32.0,0.0,153.373,10.067475615418516,214.6704692034109,-40.180037292986526,-110.95539367792662,95.42717387381708,0.1695165821001865
basic_R20,N15,-32.0,185.0,115.0,-8.31203287762461,1145.6646264302478,-89.56404265466834,5735.444426696779,-170.63232221166083,-43.86167955183224
basic_R20,N16,-32.0,185.0,116.0,-2.2518525053491567,770.3682525029077,-73.36932344434327,-3823.1300831226517,-272.6696665809378,-637.5530511583329
basic_R20,N17,-32.0,185.0,143.183,-4.558817881710779e-12,1.8690807871695417e-11,4.1432598369915267e-11,-2.746842774425259e-12,3.343224159799709e-14,5.868909465573121e-12
basic_R20,N18,-32.0,185.0,171.82,-8.152272776764186e-12,-6.3097407703584474e-12,5.469556307201705e-10,-1.3082618559024236e-11,8.396986812544e-15,-1.0573534061232775e-11
basic_R20,N19,-32.0,185.0,200.457,-5.36865551876688e-13,9.778731776829978e-13,-9.209914517489615e-12,5.667744798205486e-12,-1.1057801486719029e-14,8.354957355337983e-12
basic_R20,N20,-32.0,185.0,226.093,0.05543185770511627,76.48249392211437,-2.681822754442692,60.66007801145315,-1.4457593001425266,1.3813862359820632
basic_R20,N28,-32.0,253.0,115.0,-0.7664201662535277,2.051451040482165,10.245609749714857,6.884724525787931,-0.9546754644780567,0.12735026857705678
basic_R20,N32,-32.0,253.0,226.093,-0.01547581097111106,1.6030926399398595,-2.2221461683511734,56.17021091922652,-1.6735761791933328,-2.1563072120834477
basic_R20,N77,-32.0,-63.0,115.0,22.642443043294797,-292.0611958366237,857.437175933313,1866.1949012439188,454.07494268614903,-28.243561137715705
basic_R20,N79,-32.0,-63.0,117.0,9.898104930595764,-91.62772524631373,-838.143906024161,-1911.2724941536362,178.06118993463315,-149.37462544753907
basic_R20,N126,-32.0,69.75,115.0,13.438985094192114,45.98945364391759,-6.584800201040618,-376.3292315697114,-248.69229306584884,121.88601993466831
basic_R20,N148,-32.0,249.0,115.0,17.23291856470615,122.58785162157909,321.23266608491707,658.1436514494061,-780.0760454828876,17.965066383170623
basic_R20,N149,-32.0,252.0,115.0,-0.07545657814854945,94.0082549983583,-2.9162095452740955,-163.3380136213644,-8.691536555153375,1.8482904766455541
basic_R20,N232,-32.0,69.75,150.143,2.1154152845301724,-39.0410754600307,8.859370043574017,81.0012214967719,1.1456689870870207,-36.99028487384203
basic_R20,N247,-32.0,69.75,116.0,7.607087669832855,4.76366065322519,2.564718767613292,-2.5357621090560554,-251.46724846581625,238.98575821847922
basic_R20,N368,-32.0,-0.0,117.5,12.837987437868131,-815.5907620403161,-83.4536689047704,-460.65234931129703,-124.29347040435363,-228.58954824247687
basic_R20,N369,-32.0,-0.0,134.148,-2.1467015363841756e-12,-8.71839257517092e-12,-8.672553123252483e-13,-4.615676775640003e-13,-1.4649488773262046e-15,2.163481741261308e-12
basic_R20,N370,-32.0,-0.0,150.796,-12.837987546059905,815.5907620414749,83.4536688695941,-2318.0210106606824,124.29347040433824,-198.86408274659107
basic_R20,N371,-32.0,69.75,117.5,5.826229326412431,40.53896941425046,-9.140630352399057,-353.14096997807655,2.770541179956439,-94.820701184668
basic_R20,N372,-32.0,69.75,142.022,0.0,2.9103830456733704e-11,0.0,0.0,0.0,0.0
basic_R20,N380,-32.0,185.0,117.5,-6.437520498067942,-1248.5916562274801,141.61422307783874,7012.888381370862,109.24388747496361,463.1672929668504
basic_R20,N381,-32.0,185.0,144.148,1.0680333673399192e-11,1.5458399245618614e-12,-4.509126646856661e-11,-2.572085330175954e-12,-1.0572785224317118e-14,7.468306735336441e-12
basic_R20,N382,-32.0,185.0,170.797,-2.14363549784199e-11,9.338205478731716e-12,1.88493031541272e-10,5.106993785363592e-11,-3.951005994113408e-14,-5.185161208342001e-12
basic_R20,N383,-32.0,185.0,197.445,1.3963494465254892e-13,2.1053383200612433e-12,4.422707808001854e-12,1.9249661479309547e-11,2.142693320874126e-15,-3.724399014540993e-12
basic_R20,N384,-32.0,185.0,207.0,-0.2511165142059326,-576.3059868812561,183.39336612820625,4558.410512924194,-3.03212970495224,74.63892016268801
basic_R20,N385,-32.0,185.0,224.093,6.686572293568372,1801.4261508066786,-323.49975263860796,6670.234001028114,-106.25246165687926,153.2591219471053
basic_R20,N402,-32.0,69.75,193.643,-21.91734206676483,-28.519363775849342,8.132094621658325,-411.08467096090317,2.495027231198037,129.89432764053345
basic_R20,N548,-32.0,69.75,120.0,-5.826229031219555,-40.538969437009655,9.140630447750482,330.28939380805787,-2.7705411799332182,80.25512873181287
basic_R20,N549,-32.0,69.75,147.143,5.826229031212279,40.538969437009655,-9.140630447727744,-82.18526156472217,2.7705411799332467,77.88620586239995
basic_R20,N601,-32.0,120.0,222.655,59.08234139248082,-10.94027206924993,-30.280782821969705,373.07854074614147,198.81254271011267,376.1898767265653
basic_R20,N608,-32.0,150.0,226.093,-62.76083362541742,-3.7671606326699445,-21.449463462416226,656.4502137861585,87.79827172940922,-323.82910217497755
basic_R20,N625,-32.0,235.0,226.093,88.57050626917388,1.270181001454896,-31.091103248664172,-164.8432532211636,165.1702723236357,-110.76845186179735
basic_R20,N629,-32.0,249.0,226.093,-75.9259736015319,360.75881726860166,-75.47703582911369,6001.865273791465,352.99319835621174,-58.93782059540507
basic_R20,N630,-32.0,250.411,226.093,-2.5133531057838838e-11,-1.3891626070825402,5.385260027083555e-10,4.022628453117309e-10,-3.039913709433961e-11,-4.103828644485006e-13
basic_R20,N631,-32.0,252.0,226.093,0.0753563866019249,-93.8834248795174,2.8957595825195312,-168.73399329185486,8.679995382437482,6.477035291492939
basic_U20,N5,-32.0,0.0,115.0,64.58484229812947,-3278.1604113603235,-10.226072161201955,989.9423145339852,-12.847594793568987,-173.28966932180492
basic_U20,N6,-32.0,0.0,130.311,1.1917618555691896e-12,-4.096323747902569e-12,-1.8215354943626987e-13,7.428276804445059e-14,-1.5396054287545817e-14,5.08807766519805e-12
basic_U20,N7,-32.0,0.0,153.373,-10.067475615418516,-214.6704692034109,40.180037292986526,110.95539367792662,-95.42717387381708,-0.1695165821001865
basic_U20,N15,-32.0,185.0,115.0,8.31203287762461,-1145.6646264302478,89.56404265466834,-5735.444426696779,170.63232221166083,43.86167955183224
basic_U20,N16,-32.0,185.0,116.0,2.2518525053491567,-770.3682525029077,73.36932344434327,3823.1300831226517,272.6696665809378,637.5530511583329
basic_U20,N17,-32.0,185.0,143.183,4.558817881710779e-12,-1.8690807871695417e-11,-4.1432598369915267e-11,2.746842774425259e-12,-3.343224159799709e-14,-5.868909465573121e-12
basic_U20,N18,-32.0,185.0,171.82,8.152272776764186e-12,6.3097407703584474e-12,-5.469556307201705e-10,1.3082618559024236e-11,-8.396986812544e-15,1.0573534061232775e-11
basic_U20,N19,-32.0,185.0,200.457,5.36865551876688e-13,-9.778731776829978e-13,9.209914517489615e-12,-5.667744798205486e-12,1.1057801486719029e-14,-8.354957355337983e-12
basic_U20,N20,-32.0,185.0,226.093,-0.05543185770511627,-76.48249392211437,2.681822754442692,-60.66007801145315,1.4457593001425266,-1.3813862359820632
basic_U20,N28,-32.0,253.0,115.0,0.7664201662535277,-2.051451040482165,-10.245609749714857,-6.884724525787931,0.9546754644780567,-0.12735026857705678
basic_U20,N32,-32.0,253.0,226.093,0.01547581097111106,-1.6030926399398595,2.2221461683511734,-56.17021091922652,1.6735761791933328,2.1563072120834477
basic_U20,N77,-32.0,-63.0,115.0,-22.642443043294797,292.0611958366237,-857.437175933313,-1866.1949012439188,-454.07494268614903,28.243561137715705
basic_U20,N79,-32.0,-63.0,117.0,-9.898104930595764,91.62772524631373,838.143906024161,1911.2724941536362,-178.06118993463315,149.37462544753907
basic_U20,N126,-32.0,69.75,115.0,-13.438985094192114,-45.98945364391759,6.584800201040618,376.3292315697114,248.69229306584884,-121.88601993466831
basic_U20,N148,-32.0,249.0,115.0,-17.23291856470615,-122.58785162157909,-321.23266608491707,-658.1436514494061,780.0760454828876,-17.965066383170623
basic_U20,N149,-32.0,252.0,115.0,0.07545657814854945,-94.0082549983583,2.9162095452740955,163.3380136213644,8.691536555153375,-1.8482904766455541
basic_U20,N232,-32.0,69.75,150.143,-2.1154152845301724,39.0410754600307,-8.859370043574017,-81.0012214967719,-1.1456689870870207,36.99028487384203
basic_U20,N247,-32.0,69.75,116.0,-7.607087669832855,-4.76366065322519,-2.564718767613292,2.5357621090560554,251.46724846581625,-238.98575821847922
basic_U20,N368,-32.0,-0.0,117.5,-12.837987437868131,815.5907620403161,83.4536689047704,460.65234931129703,124.29347040435363,228.58954824247687
basic_U20,N369,-32.0,-0.0,134.148,2.1467015363841756e-12,8.71839257517092e-12,8.672553123252483e-13,4.615676775640003e-13,1.4649488773262046e-15,-2.163481741261308e-12
basic_U20,N370,-32.0,-0.0,150.796,12.837987546059905,-815.5907620414749,-83.4536688695941,2318.0210106606824,-124.29347040433824,198.86408274659107
basic_U20,N371,-32.0,69.75,117.5,-5.826229326412431,-40.53896941425046,9.140630352399057,353.14096997807655,-2.770541179956439,94.820701184668
basic_U20,N372,-32.0,69.75,142.022,0.0,-2.9103830456733704e-11,0.0,0.0,0.0,0.0
basic_U20,N380,-32.0,185.0,117.5,6.437520498067942,1248.5916562274801,-141.61422307783874,-7012.888381370862,-109.24388747496361,-463.1672929668504
basic_U20,N381,-32.0,185.0,144.148,-1.0680333673399192e-11,-1.5458399245618614e-12,4.509126646856661e-11,2.572085330175954e-12,1.0572785224317118e-14,-7.468306735336441e-12
basic_U20,N382,-32.0,185.0,170.797,2.14363549784199e-11,-9.338205478731716e-12,-1.88493031541272e-10,-5.106993785363592e-11,3.951005994113408e-14,5.185161208342001e-12
basic_U20,N383,-32.0,185.0,197.445,-1.3963494465254892e-13,-2.1053383200612433e-12,-4.422707808001854e-12,-1.9249661479309547e-11,-2.142693320874126e-15,3.724399014540993e-12
basic_U20,N384,-32.0,185.0,207.0,0.2511165142059326,576.3059868812561,-183.39336612820625,-4558.410512924194,3.03212970495224,-74.63892016268801
basic_U20,N385,-32.0,185.0,224.093,-6.686572293568372,-1801.4261508066786,323.49975263860796,-6670.234001028114,106.25246165687926,-153.2591219471053
basic_U20,N402,-32.0,69.75,193.643,21.91734206676483,28.519363775849342,-8.132094621658325,411.08467096090317,-2.495027231198037,-129.89432764053345
basic_U20,N548,-32.0,69.75,120.0,5.826229031219555,40.538969437009655,-9.140630447750482,-330.28939380805787,2.7705411799332182,-80.25512873181287
basic_U20,N549,-32.0,69.75,147.143,-5.826229031212279,-40.538969437009655,9.140630447727744,82.18526156472217,-2.7705411799332467,-77.88620586239995
basic_U20,N601,-32.0,120.0,222.655,-59.08234139248082,10.94027206924993,30.280782821969705,-373.07854074614147,-198.81254271011267,-376.1898767265653
basic_U20,N608,-32.0,150.0,226.093,62.76083362541742,3.7671606326699445,21.449463462416226,-656.4502137861585,-87.79827172940922,323.82910217497755
basic_U20,N625,-32.0,235.0,226.093,-88.57050626917388,-1.270181001454896,31.091103248664172,164.8432532211636,-165.1702723236357,110.76845186179735
basic_U20,N629,-32.0,249.0,226.093,75.9259736015319,-360.75881726860166,75.47703582911369,-6001.865273791465,-352.99319835621174,58.93782059540507
basic_U20,N630,-32.0,250.411,226.093,2.5133531057838838e-11,1.3891626070825402,-5.385260027083555e-10,-4.022628453117309e-10,3.039913709433961e-11,4.103828644485006e-13
basic_U20,N631,-32.0,252.0,226.093,-0.0753563866019249,93.8834248795174,-2.8957595825195312,168.73399329185486,-8.679995382437482,-6.477035291492939
