ISO-10303-21;
HEADER;
FILE_DESCRIPTION(('FreeCAD Model'),'2;1');
FILE_NAME('Open CASCADE Shape Model','2026-09-09T21:27:46',('FreeCAD'),(
    'FreeCAD'),'Open CASCADE STEP processor 7.8','FreeCAD','Unknown');
FILE_SCHEMA(('AUTOMOTIVE_DESIGN { 1 0 10303 214 1 1 1 1 }'));
ENDSEC;
DATA;
#1 = APPLICATION_PROTOCOL_DEFINITION('international standard',
  'automotive_design',2000,#2);
#2 = APPLICATION_CONTEXT(
  'core data for automotive mechanical design processes');
#3 = SHAPE_DEFINITION_REPRESENTATION(#4,#10);
#4 = PRODUCT_DEFINITION_SHAPE('','',#5);
#5 = PRODUCT_DEFINITION('design','',#6,#9);
#6 = PRODUCT_DEFINITION_FORMATION('','',#7);
#7 = PRODUCT('Open CASCADE STEP translator 7.8 1',
  'Open CASCADE STEP translator 7.8 1','',(#8));
#8 = PRODUCT_CONTEXT('',#2,'mechanical');
#9 = PRODUCT_DEFINITION_CONTEXT('part definition',#2,'design');
#10 = SHAPE_REPRESENTATION('',(#11,#15,#433,#715,#1137,#1287,#1705,#1987
    ,#2409),#2559);
#11 = AXIS2_PLACEMENT_3D('',#12,#13,#14);
#12 = CARTESIAN_POINT('',(0.,0.,0.));
#13 = DIRECTION('',(0.,0.,1.));
#14 = DIRECTION('',(1.,0.,-0.));
#15 = MANIFOLD_SOLID_BREP('',#16);
#16 = CLOSED_SHELL('',(#17,#57,#154,#178,#268,#285,#302,#319,#336,#353,
    #365,#387,#404,#421));
#17 = ADVANCED_FACE('',(#18),#52,.F.);
#18 = FACE_BOUND('',#19,.F.);
#19 = EDGE_LOOP('',(#20,#30,#38,#46));
#20 = ORIENTED_EDGE('',*,*,#21,.F.);
#21 = EDGE_CURVE('',#22,#24,#26,.T.);
#22 = VERTEX_POINT('',#23);
#23 = CARTESIAN_POINT('',(0.,0.,0.));
#24 = VERTEX_POINT('',#25);
#25 = CARTESIAN_POINT('',(0.,0.,2.5019E+03));
#26 = LINE('',#27,#28);
#27 = CARTESIAN_POINT('',(0.,0.,0.));
#28 = VECTOR('',#29,1.);
#29 = DIRECTION('',(0.,0.,1.));
#30 = ORIENTED_EDGE('',*,*,#31,.T.);
#31 = EDGE_CURVE('',#22,#32,#34,.T.);
#32 = VERTEX_POINT('',#33);
#33 = CARTESIAN_POINT('',(0.,152.4,0.));
#34 = LINE('',#35,#36);
#35 = CARTESIAN_POINT('',(0.,0.,0.));
#36 = VECTOR('',#37,1.);
#37 = DIRECTION('',(0.,1.,0.));
#38 = ORIENTED_EDGE('',*,*,#39,.T.);
#39 = EDGE_CURVE('',#32,#40,#42,.T.);
#40 = VERTEX_POINT('',#41);
#41 = CARTESIAN_POINT('',(0.,152.4,2.5019E+03));
#42 = LINE('',#43,#44);
#43 = CARTESIAN_POINT('',(0.,152.4,0.));
#44 = VECTOR('',#45,1.);
#45 = DIRECTION('',(0.,0.,1.));
#46 = ORIENTED_EDGE('',*,*,#47,.F.);
#47 = EDGE_CURVE('',#24,#40,#48,.T.);
#48 = LINE('',#49,#50);
#49 = CARTESIAN_POINT('',(0.,0.,2.5019E+03));
#50 = VECTOR('',#51,1.);
#51 = DIRECTION('',(0.,1.,0.));
#52 = PLANE('',#53);
#53 = AXIS2_PLACEMENT_3D('',#54,#55,#56);
#54 = CARTESIAN_POINT('',(0.,0.,0.));
#55 = DIRECTION('',(1.,0.,0.));
#56 = DIRECTION('',(0.,0.,1.));
#57 = ADVANCED_FACE('',(#58,#115),#149,.F.);
#58 = FACE_BOUND('',#59,.F.);
#59 = EDGE_LOOP('',(#60,#68,#69,#77,#85,#93,#101,#109));
#60 = ORIENTED_EDGE('',*,*,#61,.F.);
#61 = EDGE_CURVE('',#22,#62,#64,.T.);
#62 = VERTEX_POINT('',#63);
#63 = CARTESIAN_POINT('',(2.8321E+03,0.,0.));
#64 = LINE('',#65,#66);
#65 = CARTESIAN_POINT('',(0.,0.,0.));
#66 = VECTOR('',#67,1.);
#67 = DIRECTION('',(1.,0.,0.));
#68 = ORIENTED_EDGE('',*,*,#21,.T.);
#69 = ORIENTED_EDGE('',*,*,#70,.T.);
#70 = EDGE_CURVE('',#24,#71,#73,.T.);
#71 = VERTEX_POINT('',#72);
#72 = CARTESIAN_POINT('',(6.3373E+03,0.,2.5019E+03));
#73 = LINE('',#74,#75);
#74 = CARTESIAN_POINT('',(0.,0.,2.5019E+03));
#75 = VECTOR('',#76,1.);
#76 = DIRECTION('',(1.,0.,0.));
#77 = ORIENTED_EDGE('',*,*,#78,.F.);
#78 = EDGE_CURVE('',#79,#71,#81,.T.);
#79 = VERTEX_POINT('',#80);
#80 = CARTESIAN_POINT('',(6.3373E+03,0.,0.));
#81 = LINE('',#82,#83);
#82 = CARTESIAN_POINT('',(6.3373E+03,0.,0.));
#83 = VECTOR('',#84,1.);
#84 = DIRECTION('',(0.,0.,1.));
#85 = ORIENTED_EDGE('',*,*,#86,.F.);
#86 = EDGE_CURVE('',#87,#79,#89,.T.);
#87 = VERTEX_POINT('',#88);
#88 = CARTESIAN_POINT('',(3.6449E+03,0.,0.));
#89 = LINE('',#90,#91);
#90 = CARTESIAN_POINT('',(0.,0.,0.));
#91 = VECTOR('',#92,1.);
#92 = DIRECTION('',(1.,0.,0.));
#93 = ORIENTED_EDGE('',*,*,#94,.F.);
#94 = EDGE_CURVE('',#95,#87,#97,.T.);
#95 = VERTEX_POINT('',#96);
#96 = CARTESIAN_POINT('',(3.6449E+03,0.,2.032E+03));
#97 = LINE('',#98,#99);
#98 = CARTESIAN_POINT('',(3.6449E+03,0.,0.));
#99 = VECTOR('',#100,1.);
#100 = DIRECTION('',(0.,0.,-1.));
#101 = ORIENTED_EDGE('',*,*,#102,.F.);
#102 = EDGE_CURVE('',#103,#95,#105,.T.);
#103 = VERTEX_POINT('',#104);
#104 = CARTESIAN_POINT('',(2.8321E+03,0.,2.032E+03));
#105 = LINE('',#106,#107);
#106 = CARTESIAN_POINT('',(1.41605E+03,0.,2.032E+03));
#107 = VECTOR('',#108,1.);
#108 = DIRECTION('',(1.,0.,0.));
#109 = ORIENTED_EDGE('',*,*,#110,.T.);
#110 = EDGE_CURVE('',#103,#62,#111,.T.);
#111 = LINE('',#112,#113);
#112 = CARTESIAN_POINT('',(2.8321E+03,0.,0.));
#113 = VECTOR('',#114,1.);
#114 = DIRECTION('',(0.,0.,-1.));
#115 = FACE_BOUND('',#116,.F.);
#116 = EDGE_LOOP('',(#117,#127,#135,#143));
#117 = ORIENTED_EDGE('',*,*,#118,.F.);
#118 = EDGE_CURVE('',#119,#121,#123,.T.);
#119 = VERTEX_POINT('',#120);
#120 = CARTESIAN_POINT('',(1.0668E+03,0.,1.8288E+03));
#121 = VERTEX_POINT('',#122);
#122 = CARTESIAN_POINT('',(1.778E+03,0.,1.8288E+03));
#123 = LINE('',#124,#125);
#124 = CARTESIAN_POINT('',(533.4,0.,1.8288E+03));
#125 = VECTOR('',#126,1.);
#126 = DIRECTION('',(1.,0.,0.));
#127 = ORIENTED_EDGE('',*,*,#128,.T.);
#128 = EDGE_CURVE('',#119,#129,#131,.T.);
#129 = VERTEX_POINT('',#130);
#130 = CARTESIAN_POINT('',(1.0668E+03,0.,1.2192E+03));
#131 = LINE('',#132,#133);
#132 = CARTESIAN_POINT('',(1.0668E+03,0.,609.6));
#133 = VECTOR('',#134,1.);
#134 = DIRECTION('',(0.,0.,-1.));
#135 = ORIENTED_EDGE('',*,*,#136,.T.);
#136 = EDGE_CURVE('',#129,#137,#139,.T.);
#137 = VERTEX_POINT('',#138);
#138 = CARTESIAN_POINT('',(1.778E+03,0.,1.2192E+03));
#139 = LINE('',#140,#141);
#140 = CARTESIAN_POINT('',(533.4,0.,1.2192E+03));
#141 = VECTOR('',#142,1.);
#142 = DIRECTION('',(1.,0.,0.));
#143 = ORIENTED_EDGE('',*,*,#144,.F.);
#144 = EDGE_CURVE('',#121,#137,#145,.T.);
#145 = LINE('',#146,#147);
#146 = CARTESIAN_POINT('',(1.778E+03,0.,609.6));
#147 = VECTOR('',#148,1.);
#148 = DIRECTION('',(0.,0.,-1.));
#149 = PLANE('',#150);
#150 = AXIS2_PLACEMENT_3D('',#151,#152,#153);
#151 = CARTESIAN_POINT('',(0.,0.,0.));
#152 = DIRECTION('',(0.,1.,0.));
#153 = DIRECTION('',(0.,0.,1.));
#154 = ADVANCED_FACE('',(#155),#173,.T.);
#155 = FACE_BOUND('',#156,.T.);
#156 = EDGE_LOOP('',(#157,#158,#159,#167));
#157 = ORIENTED_EDGE('',*,*,#47,.F.);
#158 = ORIENTED_EDGE('',*,*,#70,.T.);
#159 = ORIENTED_EDGE('',*,*,#160,.T.);
#160 = EDGE_CURVE('',#71,#161,#163,.T.);
#161 = VERTEX_POINT('',#162);
#162 = CARTESIAN_POINT('',(6.3373E+03,152.4,2.5019E+03));
#163 = LINE('',#164,#165);
#164 = CARTESIAN_POINT('',(6.3373E+03,0.,2.5019E+03));
#165 = VECTOR('',#166,1.);
#166 = DIRECTION('',(0.,1.,0.));
#167 = ORIENTED_EDGE('',*,*,#168,.F.);
#168 = EDGE_CURVE('',#40,#161,#169,.T.);
#169 = LINE('',#170,#171);
#170 = CARTESIAN_POINT('',(0.,152.4,2.5019E+03));
#171 = VECTOR('',#172,1.);
#172 = DIRECTION('',(1.,0.,0.));
#173 = PLANE('',#174);
#174 = AXIS2_PLACEMENT_3D('',#175,#176,#177);
#175 = CARTESIAN_POINT('',(0.,0.,2.5019E+03));
#176 = DIRECTION('',(0.,0.,1.));
#177 = DIRECTION('',(1.,0.,0.));
#178 = ADVANCED_FACE('',(#179,#229),#263,.T.);
#179 = FACE_BOUND('',#180,.T.);
#180 = EDGE_LOOP('',(#181,#189,#190,#191,#199,#207,#215,#223));
#181 = ORIENTED_EDGE('',*,*,#182,.F.);
#182 = EDGE_CURVE('',#32,#183,#185,.T.);
#183 = VERTEX_POINT('',#184);
#184 = CARTESIAN_POINT('',(2.8321E+03,152.4,0.));
#185 = LINE('',#186,#187);
#186 = CARTESIAN_POINT('',(0.,152.4,0.));
#187 = VECTOR('',#188,1.);
#188 = DIRECTION('',(1.,0.,0.));
#189 = ORIENTED_EDGE('',*,*,#39,.T.);
#190 = ORIENTED_EDGE('',*,*,#168,.T.);
#191 = ORIENTED_EDGE('',*,*,#192,.F.);
#192 = EDGE_CURVE('',#193,#161,#195,.T.);
#193 = VERTEX_POINT('',#194);
#194 = CARTESIAN_POINT('',(6.3373E+03,152.4,0.));
#195 = LINE('',#196,#197);
#196 = CARTESIAN_POINT('',(6.3373E+03,152.4,0.));
#197 = VECTOR('',#198,1.);
#198 = DIRECTION('',(0.,0.,1.));
#199 = ORIENTED_EDGE('',*,*,#200,.F.);
#200 = EDGE_CURVE('',#201,#193,#203,.T.);
#201 = VERTEX_POINT('',#202);
#202 = CARTESIAN_POINT('',(3.6449E+03,152.4,0.));
#203 = LINE('',#204,#205);
#204 = CARTESIAN_POINT('',(0.,152.4,0.));
#205 = VECTOR('',#206,1.);
#206 = DIRECTION('',(1.,0.,0.));
#207 = ORIENTED_EDGE('',*,*,#208,.F.);
#208 = EDGE_CURVE('',#209,#201,#211,.T.);
#209 = VERTEX_POINT('',#210);
#210 = CARTESIAN_POINT('',(3.6449E+03,152.4,2.032E+03));
#211 = LINE('',#212,#213);
#212 = CARTESIAN_POINT('',(3.6449E+03,152.4,0.));
#213 = VECTOR('',#214,1.);
#214 = DIRECTION('',(0.,0.,-1.));
#215 = ORIENTED_EDGE('',*,*,#216,.F.);
#216 = EDGE_CURVE('',#217,#209,#219,.T.);
#217 = VERTEX_POINT('',#218);
#218 = CARTESIAN_POINT('',(2.8321E+03,152.4,2.032E+03));
#219 = LINE('',#220,#221);
#220 = CARTESIAN_POINT('',(1.41605E+03,152.4,2.032E+03));
#221 = VECTOR('',#222,1.);
#222 = DIRECTION('',(1.,0.,0.));
#223 = ORIENTED_EDGE('',*,*,#224,.T.);
#224 = EDGE_CURVE('',#217,#183,#225,.T.);
#225 = LINE('',#226,#227);
#226 = CARTESIAN_POINT('',(2.8321E+03,152.4,0.));
#227 = VECTOR('',#228,1.);
#228 = DIRECTION('',(0.,0.,-1.));
#229 = FACE_BOUND('',#230,.T.);
#230 = EDGE_LOOP('',(#231,#241,#249,#257));
#231 = ORIENTED_EDGE('',*,*,#232,.F.);
#232 = EDGE_CURVE('',#233,#235,#237,.T.);
#233 = VERTEX_POINT('',#234);
#234 = CARTESIAN_POINT('',(1.0668E+03,152.4,1.8288E+03));
#235 = VERTEX_POINT('',#236);
#236 = CARTESIAN_POINT('',(1.778E+03,152.4,1.8288E+03));
#237 = LINE('',#238,#239);
#238 = CARTESIAN_POINT('',(533.4,152.4,1.8288E+03));
#239 = VECTOR('',#240,1.);
#240 = DIRECTION('',(1.,0.,0.));
#241 = ORIENTED_EDGE('',*,*,#242,.T.);
#242 = EDGE_CURVE('',#233,#243,#245,.T.);
#243 = VERTEX_POINT('',#244);
#244 = CARTESIAN_POINT('',(1.0668E+03,152.4,1.2192E+03));
#245 = LINE('',#246,#247);
#246 = CARTESIAN_POINT('',(1.0668E+03,152.4,609.6));
#247 = VECTOR('',#248,1.);
#248 = DIRECTION('',(0.,0.,-1.));
#249 = ORIENTED_EDGE('',*,*,#250,.T.);
#250 = EDGE_CURVE('',#243,#251,#253,.T.);
#251 = VERTEX_POINT('',#252);
#252 = CARTESIAN_POINT('',(1.778E+03,152.4,1.2192E+03));
#253 = LINE('',#254,#255);
#254 = CARTESIAN_POINT('',(533.4,152.4,1.2192E+03));
#255 = VECTOR('',#256,1.);
#256 = DIRECTION('',(1.,0.,0.));
#257 = ORIENTED_EDGE('',*,*,#258,.F.);
#258 = EDGE_CURVE('',#235,#251,#259,.T.);
#259 = LINE('',#260,#261);
#260 = CARTESIAN_POINT('',(1.778E+03,152.4,609.6));
#261 = VECTOR('',#262,1.);
#262 = DIRECTION('',(0.,0.,-1.));
#263 = PLANE('',#264);
#264 = AXIS2_PLACEMENT_3D('',#265,#266,#267);
#265 = CARTESIAN_POINT('',(0.,152.4,0.));
#266 = DIRECTION('',(0.,1.,0.));
#267 = DIRECTION('',(0.,0.,1.));
#268 = ADVANCED_FACE('',(#269),#280,.F.);
#269 = FACE_BOUND('',#270,.F.);
#270 = EDGE_LOOP('',(#271,#272,#273,#274));
#271 = ORIENTED_EDGE('',*,*,#182,.F.);
#272 = ORIENTED_EDGE('',*,*,#31,.F.);
#273 = ORIENTED_EDGE('',*,*,#61,.T.);
#274 = ORIENTED_EDGE('',*,*,#275,.T.);
#275 = EDGE_CURVE('',#62,#183,#276,.T.);
#276 = LINE('',#277,#278);
#277 = CARTESIAN_POINT('',(2.8321E+03,-13.7,0.));
#278 = VECTOR('',#279,1.);
#279 = DIRECTION('',(0.,1.,0.));
#280 = PLANE('',#281);
#281 = AXIS2_PLACEMENT_3D('',#282,#283,#284);
#282 = CARTESIAN_POINT('',(0.,0.,0.));
#283 = DIRECTION('',(0.,0.,1.));
#284 = DIRECTION('',(1.,0.,0.));
#285 = ADVANCED_FACE('',(#286),#297,.T.);
#286 = FACE_BOUND('',#287,.T.);
#287 = EDGE_LOOP('',(#288,#294,#295,#296));
#288 = ORIENTED_EDGE('',*,*,#289,.F.);
#289 = EDGE_CURVE('',#103,#217,#290,.T.);
#290 = LINE('',#291,#292);
#291 = CARTESIAN_POINT('',(2.8321E+03,-13.7,2.032E+03));
#292 = VECTOR('',#293,1.);
#293 = DIRECTION('',(0.,1.,0.));
#294 = ORIENTED_EDGE('',*,*,#110,.T.);
#295 = ORIENTED_EDGE('',*,*,#275,.T.);
#296 = ORIENTED_EDGE('',*,*,#224,.F.);
#297 = PLANE('',#298);
#298 = AXIS2_PLACEMENT_3D('',#299,#300,#301);
#299 = CARTESIAN_POINT('',(2.8321E+03,-13.7,0.));
#300 = DIRECTION('',(1.,0.,0.));
#301 = DIRECTION('',(0.,0.,1.));
#302 = ADVANCED_FACE('',(#303),#314,.F.);
#303 = FACE_BOUND('',#304,.F.);
#304 = EDGE_LOOP('',(#305,#306,#307,#313));
#305 = ORIENTED_EDGE('',*,*,#289,.F.);
#306 = ORIENTED_EDGE('',*,*,#102,.T.);
#307 = ORIENTED_EDGE('',*,*,#308,.T.);
#308 = EDGE_CURVE('',#95,#209,#309,.T.);
#309 = LINE('',#310,#311);
#310 = CARTESIAN_POINT('',(3.6449E+03,-13.7,2.032E+03));
#311 = VECTOR('',#312,1.);
#312 = DIRECTION('',(0.,1.,0.));
#313 = ORIENTED_EDGE('',*,*,#216,.F.);
#314 = PLANE('',#315);
#315 = AXIS2_PLACEMENT_3D('',#316,#317,#318);
#316 = CARTESIAN_POINT('',(2.8321E+03,-13.7,2.032E+03));
#317 = DIRECTION('',(0.,0.,1.));
#318 = DIRECTION('',(1.,0.,0.));
#319 = ADVANCED_FACE('',(#320),#331,.T.);
#320 = FACE_BOUND('',#321,.T.);
#321 = EDGE_LOOP('',(#322,#323,#329,#330));
#322 = ORIENTED_EDGE('',*,*,#78,.F.);
#323 = ORIENTED_EDGE('',*,*,#324,.T.);
#324 = EDGE_CURVE('',#79,#193,#325,.T.);
#325 = LINE('',#326,#327);
#326 = CARTESIAN_POINT('',(6.3373E+03,0.,0.));
#327 = VECTOR('',#328,1.);
#328 = DIRECTION('',(0.,1.,0.));
#329 = ORIENTED_EDGE('',*,*,#192,.T.);
#330 = ORIENTED_EDGE('',*,*,#160,.F.);
#331 = PLANE('',#332);
#332 = AXIS2_PLACEMENT_3D('',#333,#334,#335);
#333 = CARTESIAN_POINT('',(6.3373E+03,0.,0.));
#334 = DIRECTION('',(1.,0.,0.));
#335 = DIRECTION('',(0.,0.,1.));
#336 = ADVANCED_FACE('',(#337),#348,.F.);
#337 = FACE_BOUND('',#338,.F.);
#338 = EDGE_LOOP('',(#339,#340,#341,#347));
#339 = ORIENTED_EDGE('',*,*,#308,.F.);
#340 = ORIENTED_EDGE('',*,*,#94,.T.);
#341 = ORIENTED_EDGE('',*,*,#342,.T.);
#342 = EDGE_CURVE('',#87,#201,#343,.T.);
#343 = LINE('',#344,#345);
#344 = CARTESIAN_POINT('',(3.6449E+03,-13.7,0.));
#345 = VECTOR('',#346,1.);
#346 = DIRECTION('',(0.,1.,0.));
#347 = ORIENTED_EDGE('',*,*,#208,.F.);
#348 = PLANE('',#349);
#349 = AXIS2_PLACEMENT_3D('',#350,#351,#352);
#350 = CARTESIAN_POINT('',(3.6449E+03,-13.7,0.));
#351 = DIRECTION('',(1.,0.,0.));
#352 = DIRECTION('',(0.,0.,1.));
#353 = ADVANCED_FACE('',(#354),#360,.F.);
#354 = FACE_BOUND('',#355,.F.);
#355 = EDGE_LOOP('',(#356,#357,#358,#359));
#356 = ORIENTED_EDGE('',*,*,#200,.F.);
#357 = ORIENTED_EDGE('',*,*,#342,.F.);
#358 = ORIENTED_EDGE('',*,*,#86,.T.);
#359 = ORIENTED_EDGE('',*,*,#324,.T.);
#360 = PLANE('',#361);
#361 = AXIS2_PLACEMENT_3D('',#362,#363,#364);
#362 = CARTESIAN_POINT('',(0.,0.,0.));
#363 = DIRECTION('',(0.,0.,1.));
#364 = DIRECTION('',(1.,0.,0.));
#365 = ADVANCED_FACE('',(#366),#382,.F.);
#366 = FACE_BOUND('',#367,.F.);
#367 = EDGE_LOOP('',(#368,#374,#375,#381));
#368 = ORIENTED_EDGE('',*,*,#369,.F.);
#369 = EDGE_CURVE('',#119,#233,#370,.T.);
#370 = LINE('',#371,#372);
#371 = CARTESIAN_POINT('',(1.0668E+03,-13.7,1.8288E+03));
#372 = VECTOR('',#373,1.);
#373 = DIRECTION('',(0.,1.,0.));
#374 = ORIENTED_EDGE('',*,*,#118,.T.);
#375 = ORIENTED_EDGE('',*,*,#376,.T.);
#376 = EDGE_CURVE('',#121,#235,#377,.T.);
#377 = LINE('',#378,#379);
#378 = CARTESIAN_POINT('',(1.778E+03,-13.7,1.8288E+03));
#379 = VECTOR('',#380,1.);
#380 = DIRECTION('',(0.,1.,0.));
#381 = ORIENTED_EDGE('',*,*,#232,.F.);
#382 = PLANE('',#383);
#383 = AXIS2_PLACEMENT_3D('',#384,#385,#386);
#384 = CARTESIAN_POINT('',(1.0668E+03,-13.7,1.8288E+03));
#385 = DIRECTION('',(0.,0.,1.));
#386 = DIRECTION('',(1.,0.,0.));
#387 = ADVANCED_FACE('',(#388),#399,.F.);
#388 = FACE_BOUND('',#389,.F.);
#389 = EDGE_LOOP('',(#390,#391,#392,#398));
#390 = ORIENTED_EDGE('',*,*,#376,.F.);
#391 = ORIENTED_EDGE('',*,*,#144,.T.);
#392 = ORIENTED_EDGE('',*,*,#393,.T.);
#393 = EDGE_CURVE('',#137,#251,#394,.T.);
#394 = LINE('',#395,#396);
#395 = CARTESIAN_POINT('',(1.778E+03,-13.7,1.2192E+03));
#396 = VECTOR('',#397,1.);
#397 = DIRECTION('',(0.,1.,0.));
#398 = ORIENTED_EDGE('',*,*,#258,.F.);
#399 = PLANE('',#400);
#400 = AXIS2_PLACEMENT_3D('',#401,#402,#403);
#401 = CARTESIAN_POINT('',(1.778E+03,-13.7,1.2192E+03));
#402 = DIRECTION('',(1.,0.,0.));
#403 = DIRECTION('',(0.,0.,1.));
#404 = ADVANCED_FACE('',(#405),#416,.T.);
#405 = FACE_BOUND('',#406,.T.);
#406 = EDGE_LOOP('',(#407,#413,#414,#415));
#407 = ORIENTED_EDGE('',*,*,#408,.F.);
#408 = EDGE_CURVE('',#129,#243,#409,.T.);
#409 = LINE('',#410,#411);
#410 = CARTESIAN_POINT('',(1.0668E+03,-13.7,1.2192E+03));
#411 = VECTOR('',#412,1.);
#412 = DIRECTION('',(0.,1.,0.));
#413 = ORIENTED_EDGE('',*,*,#136,.T.);
#414 = ORIENTED_EDGE('',*,*,#393,.T.);
#415 = ORIENTED_EDGE('',*,*,#250,.F.);
#416 = PLANE('',#417);
#417 = AXIS2_PLACEMENT_3D('',#418,#419,#420);
#418 = CARTESIAN_POINT('',(1.0668E+03,-13.7,1.2192E+03));
#419 = DIRECTION('',(0.,0.,1.));
#420 = DIRECTION('',(1.,0.,0.));
#421 = ADVANCED_FACE('',(#422),#428,.T.);
#422 = FACE_BOUND('',#423,.T.);
#423 = EDGE_LOOP('',(#424,#425,#426,#427));
#424 = ORIENTED_EDGE('',*,*,#369,.F.);
#425 = ORIENTED_EDGE('',*,*,#128,.T.);
#426 = ORIENTED_EDGE('',*,*,#408,.T.);
#427 = ORIENTED_EDGE('',*,*,#242,.F.);
#428 = PLANE('',#429);
#429 = AXIS2_PLACEMENT_3D('',#430,#431,#432);
#430 = CARTESIAN_POINT('',(1.0668E+03,-13.7,1.2192E+03));
#431 = DIRECTION('',(1.,0.,0.));
#432 = DIRECTION('',(0.,0.,1.));
#433 = MANIFOLD_SOLID_BREP('',#434);
#434 = CLOSED_SHELL('',(#435,#475,#538,#562,#618,#635,#652,#669,#686,
    #703));
#435 = ADVANCED_FACE('',(#436),#470,.F.);
#436 = FACE_BOUND('',#437,.F.);
#437 = EDGE_LOOP('',(#438,#448,#456,#464));
#438 = ORIENTED_EDGE('',*,*,#439,.F.);
#439 = EDGE_CURVE('',#440,#442,#444,.T.);
#440 = VERTEX_POINT('',#441);
#441 = CARTESIAN_POINT('',(0.,6.1722E+03,0.));
#442 = VERTEX_POINT('',#443);
#443 = CARTESIAN_POINT('',(0.,6.1722E+03,2.5019E+03));
#444 = LINE('',#445,#446);
#445 = CARTESIAN_POINT('',(0.,6.1722E+03,0.));
#446 = VECTOR('',#447,1.);
#447 = DIRECTION('',(0.,0.,1.));
#448 = ORIENTED_EDGE('',*,*,#449,.T.);
#449 = EDGE_CURVE('',#440,#450,#452,.T.);
#450 = VERTEX_POINT('',#451);
#451 = CARTESIAN_POINT('',(0.,6.3246E+03,0.));
#452 = LINE('',#453,#454);
#453 = CARTESIAN_POINT('',(0.,6.1722E+03,0.));
#454 = VECTOR('',#455,1.);
#455 = DIRECTION('',(0.,1.,0.));
#456 = ORIENTED_EDGE('',*,*,#457,.T.);
#457 = EDGE_CURVE('',#450,#458,#460,.T.);
#458 = VERTEX_POINT('',#459);
#459 = CARTESIAN_POINT('',(0.,6.3246E+03,2.5019E+03));
#460 = LINE('',#461,#462);
#461 = CARTESIAN_POINT('',(0.,6.3246E+03,0.));
#462 = VECTOR('',#463,1.);
#463 = DIRECTION('',(0.,0.,1.));
#464 = ORIENTED_EDGE('',*,*,#465,.F.);
#465 = EDGE_CURVE('',#442,#458,#466,.T.);
#466 = LINE('',#467,#468);
#467 = CARTESIAN_POINT('',(0.,6.1722E+03,2.5019E+03));
#468 = VECTOR('',#469,1.);
#469 = DIRECTION('',(0.,1.,0.));
#470 = PLANE('',#471);
#471 = AXIS2_PLACEMENT_3D('',#472,#473,#474);
#472 = CARTESIAN_POINT('',(0.,6.1722E+03,0.));
#473 = DIRECTION('',(1.,0.,0.));
#474 = DIRECTION('',(0.,0.,1.));
#475 = ADVANCED_FACE('',(#476),#533,.F.);
#476 = FACE_BOUND('',#477,.F.);
#477 = EDGE_LOOP('',(#478,#486,#487,#495,#503,#511,#519,#527));
#478 = ORIENTED_EDGE('',*,*,#479,.F.);
#479 = EDGE_CURVE('',#440,#480,#482,.T.);
#480 = VERTEX_POINT('',#481);
#481 = CARTESIAN_POINT('',(1.42875E+03,6.1722E+03,0.));
#482 = LINE('',#483,#484);
#483 = CARTESIAN_POINT('',(0.,6.1722E+03,0.));
#484 = VECTOR('',#485,1.);
#485 = DIRECTION('',(1.,0.,0.));
#486 = ORIENTED_EDGE('',*,*,#439,.T.);
#487 = ORIENTED_EDGE('',*,*,#488,.T.);
#488 = EDGE_CURVE('',#442,#489,#491,.T.);
#489 = VERTEX_POINT('',#490);
#490 = CARTESIAN_POINT('',(6.3373E+03,6.1722E+03,2.5019E+03));
#491 = LINE('',#492,#493);
#492 = CARTESIAN_POINT('',(0.,6.1722E+03,2.5019E+03));
#493 = VECTOR('',#494,1.);
#494 = DIRECTION('',(1.,0.,0.));
#495 = ORIENTED_EDGE('',*,*,#496,.F.);
#496 = EDGE_CURVE('',#497,#489,#499,.T.);
#497 = VERTEX_POINT('',#498);
#498 = CARTESIAN_POINT('',(6.3373E+03,6.1722E+03,0.));
#499 = LINE('',#500,#501);
#500 = CARTESIAN_POINT('',(6.3373E+03,6.1722E+03,0.));
#501 = VECTOR('',#502,1.);
#502 = DIRECTION('',(0.,0.,1.));
#503 = ORIENTED_EDGE('',*,*,#504,.F.);
#504 = EDGE_CURVE('',#505,#497,#507,.T.);
#505 = VERTEX_POINT('',#506);
#506 = CARTESIAN_POINT('',(5.61975E+03,6.1722E+03,0.));
#507 = LINE('',#508,#509);
#508 = CARTESIAN_POINT('',(0.,6.1722E+03,0.));
#509 = VECTOR('',#510,1.);
#510 = DIRECTION('',(1.,0.,0.));
#511 = ORIENTED_EDGE('',*,*,#512,.F.);
#512 = EDGE_CURVE('',#513,#505,#515,.T.);
#513 = VERTEX_POINT('',#514);
#514 = CARTESIAN_POINT('',(5.61975E+03,6.1722E+03,2.1844E+03));
#515 = LINE('',#516,#517);
#516 = CARTESIAN_POINT('',(5.61975E+03,6.1722E+03,0.));
#517 = VECTOR('',#518,1.);
#518 = DIRECTION('',(0.,0.,-1.));
#519 = ORIENTED_EDGE('',*,*,#520,.F.);
#520 = EDGE_CURVE('',#521,#513,#523,.T.);
#521 = VERTEX_POINT('',#522);
#522 = CARTESIAN_POINT('',(1.42875E+03,6.1722E+03,2.1844E+03));
#523 = LINE('',#524,#525);
#524 = CARTESIAN_POINT('',(714.375,6.1722E+03,2.1844E+03));
#525 = VECTOR('',#526,1.);
#526 = DIRECTION('',(1.,0.,0.));
#527 = ORIENTED_EDGE('',*,*,#528,.T.);
#528 = EDGE_CURVE('',#521,#480,#529,.T.);
#529 = LINE('',#530,#531);
#530 = CARTESIAN_POINT('',(1.42875E+03,6.1722E+03,0.));
#531 = VECTOR('',#532,1.);
#532 = DIRECTION('',(0.,0.,-1.));
#533 = PLANE('',#534);
#534 = AXIS2_PLACEMENT_3D('',#535,#536,#537);
#535 = CARTESIAN_POINT('',(0.,6.1722E+03,0.));
#536 = DIRECTION('',(0.,1.,0.));
#537 = DIRECTION('',(0.,0.,1.));
#538 = ADVANCED_FACE('',(#539),#557,.T.);
#539 = FACE_BOUND('',#540,.T.);
#540 = EDGE_LOOP('',(#541,#542,#543,#551));
#541 = ORIENTED_EDGE('',*,*,#465,.F.);
#542 = ORIENTED_EDGE('',*,*,#488,.T.);
#543 = ORIENTED_EDGE('',*,*,#544,.T.);
#544 = EDGE_CURVE('',#489,#545,#547,.T.);
#545 = VERTEX_POINT('',#546);
#546 = CARTESIAN_POINT('',(6.3373E+03,6.3246E+03,2.5019E+03));
#547 = LINE('',#548,#549);
#548 = CARTESIAN_POINT('',(6.3373E+03,6.1722E+03,2.5019E+03));
#549 = VECTOR('',#550,1.);
#550 = DIRECTION('',(0.,1.,0.));
#551 = ORIENTED_EDGE('',*,*,#552,.F.);
#552 = EDGE_CURVE('',#458,#545,#553,.T.);
#553 = LINE('',#554,#555);
#554 = CARTESIAN_POINT('',(0.,6.3246E+03,2.5019E+03));
#555 = VECTOR('',#556,1.);
#556 = DIRECTION('',(1.,0.,0.));
#557 = PLANE('',#558);
#558 = AXIS2_PLACEMENT_3D('',#559,#560,#561);
#559 = CARTESIAN_POINT('',(0.,6.1722E+03,2.5019E+03));
#560 = DIRECTION('',(0.,0.,1.));
#561 = DIRECTION('',(1.,0.,0.));
#562 = ADVANCED_FACE('',(#563),#613,.T.);
#563 = FACE_BOUND('',#564,.T.);
#564 = EDGE_LOOP('',(#565,#573,#574,#575,#583,#591,#599,#607));
#565 = ORIENTED_EDGE('',*,*,#566,.F.);
#566 = EDGE_CURVE('',#450,#567,#569,.T.);
#567 = VERTEX_POINT('',#568);
#568 = CARTESIAN_POINT('',(1.42875E+03,6.3246E+03,0.));
#569 = LINE('',#570,#571);
#570 = CARTESIAN_POINT('',(0.,6.3246E+03,0.));
#571 = VECTOR('',#572,1.);
#572 = DIRECTION('',(1.,0.,0.));
#573 = ORIENTED_EDGE('',*,*,#457,.T.);
#574 = ORIENTED_EDGE('',*,*,#552,.T.);
#575 = ORIENTED_EDGE('',*,*,#576,.F.);
#576 = EDGE_CURVE('',#577,#545,#579,.T.);
#577 = VERTEX_POINT('',#578);
#578 = CARTESIAN_POINT('',(6.3373E+03,6.3246E+03,0.));
#579 = LINE('',#580,#581);
#580 = CARTESIAN_POINT('',(6.3373E+03,6.3246E+03,0.));
#581 = VECTOR('',#582,1.);
#582 = DIRECTION('',(0.,0.,1.));
#583 = ORIENTED_EDGE('',*,*,#584,.F.);
#584 = EDGE_CURVE('',#585,#577,#587,.T.);
#585 = VERTEX_POINT('',#586);
#586 = CARTESIAN_POINT('',(5.61975E+03,6.3246E+03,0.));
#587 = LINE('',#588,#589);
#588 = CARTESIAN_POINT('',(0.,6.3246E+03,0.));
#589 = VECTOR('',#590,1.);
#590 = DIRECTION('',(1.,0.,0.));
#591 = ORIENTED_EDGE('',*,*,#592,.F.);
#592 = EDGE_CURVE('',#593,#585,#595,.T.);
#593 = VERTEX_POINT('',#594);
#594 = CARTESIAN_POINT('',(5.61975E+03,6.3246E+03,2.1844E+03));
#595 = LINE('',#596,#597);
#596 = CARTESIAN_POINT('',(5.61975E+03,6.3246E+03,0.));
#597 = VECTOR('',#598,1.);
#598 = DIRECTION('',(0.,0.,-1.));
#599 = ORIENTED_EDGE('',*,*,#600,.F.);
#600 = EDGE_CURVE('',#601,#593,#603,.T.);
#601 = VERTEX_POINT('',#602);
#602 = CARTESIAN_POINT('',(1.42875E+03,6.3246E+03,2.1844E+03));
#603 = LINE('',#604,#605);
#604 = CARTESIAN_POINT('',(714.375,6.3246E+03,2.1844E+03));
#605 = VECTOR('',#606,1.);
#606 = DIRECTION('',(1.,0.,0.));
#607 = ORIENTED_EDGE('',*,*,#608,.T.);
#608 = EDGE_CURVE('',#601,#567,#609,.T.);
#609 = LINE('',#610,#611);
#610 = CARTESIAN_POINT('',(1.42875E+03,6.3246E+03,0.));
#611 = VECTOR('',#612,1.);
#612 = DIRECTION('',(0.,0.,-1.));
#613 = PLANE('',#614);
#614 = AXIS2_PLACEMENT_3D('',#615,#616,#617);
#615 = CARTESIAN_POINT('',(0.,6.3246E+03,0.));
#616 = DIRECTION('',(0.,1.,0.));
#617 = DIRECTION('',(0.,0.,1.));
#618 = ADVANCED_FACE('',(#619),#630,.F.);
#619 = FACE_BOUND('',#620,.F.);
#620 = EDGE_LOOP('',(#621,#622,#623,#624));
#621 = ORIENTED_EDGE('',*,*,#566,.F.);
#622 = ORIENTED_EDGE('',*,*,#449,.F.);
#623 = ORIENTED_EDGE('',*,*,#479,.T.);
#624 = ORIENTED_EDGE('',*,*,#625,.T.);
#625 = EDGE_CURVE('',#480,#567,#626,.T.);
#626 = LINE('',#627,#628);
#627 = CARTESIAN_POINT('',(1.42875E+03,6.1712E+03,0.));
#628 = VECTOR('',#629,1.);
#629 = DIRECTION('',(0.,1.,0.));
#630 = PLANE('',#631);
#631 = AXIS2_PLACEMENT_3D('',#632,#633,#634);
#632 = CARTESIAN_POINT('',(0.,6.1722E+03,0.));
#633 = DIRECTION('',(0.,0.,1.));
#634 = DIRECTION('',(1.,0.,0.));
#635 = ADVANCED_FACE('',(#636),#647,.T.);
#636 = FACE_BOUND('',#637,.T.);
#637 = EDGE_LOOP('',(#638,#644,#645,#646));
#638 = ORIENTED_EDGE('',*,*,#639,.F.);
#639 = EDGE_CURVE('',#521,#601,#640,.T.);
#640 = LINE('',#641,#642);
#641 = CARTESIAN_POINT('',(1.42875E+03,6.1712E+03,2.1844E+03));
#642 = VECTOR('',#643,1.);
#643 = DIRECTION('',(0.,1.,0.));
#644 = ORIENTED_EDGE('',*,*,#528,.T.);
#645 = ORIENTED_EDGE('',*,*,#625,.T.);
#646 = ORIENTED_EDGE('',*,*,#608,.F.);
#647 = PLANE('',#648);
#648 = AXIS2_PLACEMENT_3D('',#649,#650,#651);
#649 = CARTESIAN_POINT('',(1.42875E+03,6.1712E+03,0.));
#650 = DIRECTION('',(1.,0.,0.));
#651 = DIRECTION('',(0.,0.,1.));
#652 = ADVANCED_FACE('',(#653),#664,.F.);
#653 = FACE_BOUND('',#654,.F.);
#654 = EDGE_LOOP('',(#655,#656,#657,#663));
#655 = ORIENTED_EDGE('',*,*,#639,.F.);
#656 = ORIENTED_EDGE('',*,*,#520,.T.);
#657 = ORIENTED_EDGE('',*,*,#658,.T.);
#658 = EDGE_CURVE('',#513,#593,#659,.T.);
#659 = LINE('',#660,#661);
#660 = CARTESIAN_POINT('',(5.61975E+03,6.1712E+03,2.1844E+03));
#661 = VECTOR('',#662,1.);
#662 = DIRECTION('',(0.,1.,0.));
#663 = ORIENTED_EDGE('',*,*,#600,.F.);
#664 = PLANE('',#665);
#665 = AXIS2_PLACEMENT_3D('',#666,#667,#668);
#666 = CARTESIAN_POINT('',(1.42875E+03,6.1712E+03,2.1844E+03));
#667 = DIRECTION('',(0.,0.,1.));
#668 = DIRECTION('',(1.,0.,0.));
#669 = ADVANCED_FACE('',(#670),#681,.F.);
#670 = FACE_BOUND('',#671,.F.);
#671 = EDGE_LOOP('',(#672,#673,#674,#680));
#672 = ORIENTED_EDGE('',*,*,#658,.F.);
#673 = ORIENTED_EDGE('',*,*,#512,.T.);
#674 = ORIENTED_EDGE('',*,*,#675,.T.);
#675 = EDGE_CURVE('',#505,#585,#676,.T.);
#676 = LINE('',#677,#678);
#677 = CARTESIAN_POINT('',(5.61975E+03,6.1712E+03,0.));
#678 = VECTOR('',#679,1.);
#679 = DIRECTION('',(0.,1.,0.));
#680 = ORIENTED_EDGE('',*,*,#592,.F.);
#681 = PLANE('',#682);
#682 = AXIS2_PLACEMENT_3D('',#683,#684,#685);
#683 = CARTESIAN_POINT('',(5.61975E+03,6.1712E+03,0.));
#684 = DIRECTION('',(1.,0.,0.));
#685 = DIRECTION('',(0.,0.,1.));
#686 = ADVANCED_FACE('',(#687),#698,.F.);
#687 = FACE_BOUND('',#688,.F.);
#688 = EDGE_LOOP('',(#689,#690,#691,#692));
#689 = ORIENTED_EDGE('',*,*,#584,.F.);
#690 = ORIENTED_EDGE('',*,*,#675,.F.);
#691 = ORIENTED_EDGE('',*,*,#504,.T.);
#692 = ORIENTED_EDGE('',*,*,#693,.T.);
#693 = EDGE_CURVE('',#497,#577,#694,.T.);
#694 = LINE('',#695,#696);
#695 = CARTESIAN_POINT('',(6.3373E+03,6.1722E+03,0.));
#696 = VECTOR('',#697,1.);
#697 = DIRECTION('',(0.,1.,0.));
#698 = PLANE('',#699);
#699 = AXIS2_PLACEMENT_3D('',#700,#701,#702);
#700 = CARTESIAN_POINT('',(0.,6.1722E+03,0.));
#701 = DIRECTION('',(0.,0.,1.));
#702 = DIRECTION('',(1.,0.,0.));
#703 = ADVANCED_FACE('',(#704),#710,.T.);
#704 = FACE_BOUND('',#705,.T.);
#705 = EDGE_LOOP('',(#706,#707,#708,#709));
#706 = ORIENTED_EDGE('',*,*,#496,.F.);
#707 = ORIENTED_EDGE('',*,*,#693,.T.);
#708 = ORIENTED_EDGE('',*,*,#576,.T.);
#709 = ORIENTED_EDGE('',*,*,#544,.F.);
#710 = PLANE('',#711);
#711 = AXIS2_PLACEMENT_3D('',#712,#713,#714);
#712 = CARTESIAN_POINT('',(6.3373E+03,6.1722E+03,0.));
#713 = DIRECTION('',(1.,0.,0.));
#714 = DIRECTION('',(0.,0.,1.));
#715 = MANIFOLD_SOLID_BREP('',#716);
#716 = CLOSED_SHELL('',(#717,#825,#856,#880,#904,#921,#952,#976,#1000,
    #1017,#1048,#1072,#1096,#1113));
#717 = ADVANCED_FACE('',(#718,#752,#786),#820,.F.);
#718 = FACE_BOUND('',#719,.F.);
#719 = EDGE_LOOP('',(#720,#730,#738,#746));
#720 = ORIENTED_EDGE('',*,*,#721,.F.);
#721 = EDGE_CURVE('',#722,#724,#726,.T.);
#722 = VERTEX_POINT('',#723);
#723 = CARTESIAN_POINT('',(0.,152.4,0.));
#724 = VERTEX_POINT('',#725);
#725 = CARTESIAN_POINT('',(0.,152.4,2.5019E+03));
#726 = LINE('',#727,#728);
#727 = CARTESIAN_POINT('',(0.,152.4,0.));
#728 = VECTOR('',#729,1.);
#729 = DIRECTION('',(0.,0.,1.));
#730 = ORIENTED_EDGE('',*,*,#731,.T.);
#731 = EDGE_CURVE('',#722,#732,#734,.T.);
#732 = VERTEX_POINT('',#733);
#733 = CARTESIAN_POINT('',(0.,6.1722E+03,0.));
#734 = LINE('',#735,#736);
#735 = CARTESIAN_POINT('',(0.,152.4,0.));
#736 = VECTOR('',#737,1.);
#737 = DIRECTION('',(0.,1.,0.));
#738 = ORIENTED_EDGE('',*,*,#739,.T.);
#739 = EDGE_CURVE('',#732,#740,#742,.T.);
#740 = VERTEX_POINT('',#741);
#741 = CARTESIAN_POINT('',(0.,6.1722E+03,2.5019E+03));
#742 = LINE('',#743,#744);
#743 = CARTESIAN_POINT('',(0.,6.1722E+03,0.));
#744 = VECTOR('',#745,1.);
#745 = DIRECTION('',(0.,0.,1.));
#746 = ORIENTED_EDGE('',*,*,#747,.F.);
#747 = EDGE_CURVE('',#724,#740,#748,.T.);
#748 = LINE('',#749,#750);
#749 = CARTESIAN_POINT('',(0.,152.4,2.5019E+03));
#750 = VECTOR('',#751,1.);
#751 = DIRECTION('',(0.,1.,0.));
#752 = FACE_BOUND('',#753,.F.);
#753 = EDGE_LOOP('',(#754,#764,#772,#780));
#754 = ORIENTED_EDGE('',*,*,#755,.T.);
#755 = EDGE_CURVE('',#756,#758,#760,.T.);
#756 = VERTEX_POINT('',#757);
#757 = CARTESIAN_POINT('',(0.,4.6228E+03,1.2192E+03));
#758 = VERTEX_POINT('',#759);
#759 = CARTESIAN_POINT('',(0.,3.89255E+03,1.2192E+03));
#760 = LINE('',#761,#762);
#761 = CARTESIAN_POINT('',(0.,2.022475E+03,1.2192E+03));
#762 = VECTOR('',#763,1.);
#763 = DIRECTION('',(0.,-1.,0.));
#764 = ORIENTED_EDGE('',*,*,#765,.T.);
#765 = EDGE_CURVE('',#758,#766,#768,.T.);
#766 = VERTEX_POINT('',#767);
#767 = CARTESIAN_POINT('',(0.,3.89255E+03,1.8288E+03));
#768 = LINE('',#769,#770);
#769 = CARTESIAN_POINT('',(0.,3.89255E+03,609.6));
#770 = VECTOR('',#771,1.);
#771 = DIRECTION('',(0.,0.,1.));
#772 = ORIENTED_EDGE('',*,*,#773,.F.);
#773 = EDGE_CURVE('',#774,#766,#776,.T.);
#774 = VERTEX_POINT('',#775);
#775 = CARTESIAN_POINT('',(0.,4.6228E+03,1.8288E+03));
#776 = LINE('',#777,#778);
#777 = CARTESIAN_POINT('',(0.,2.022475E+03,1.8288E+03));
#778 = VECTOR('',#779,1.);
#779 = DIRECTION('',(0.,-1.,0.));
#780 = ORIENTED_EDGE('',*,*,#781,.F.);
#781 = EDGE_CURVE('',#756,#774,#782,.T.);
#782 = LINE('',#783,#784);
#783 = CARTESIAN_POINT('',(0.,4.6228E+03,609.6));
#784 = VECTOR('',#785,1.);
#785 = DIRECTION('',(0.,0.,1.));
#786 = FACE_BOUND('',#787,.F.);
#787 = EDGE_LOOP('',(#788,#798,#806,#814));
#788 = ORIENTED_EDGE('',*,*,#789,.T.);
#789 = EDGE_CURVE('',#790,#792,#794,.T.);
#790 = VERTEX_POINT('',#791);
#791 = CARTESIAN_POINT('',(0.,2.5781E+03,1.2192E+03));
#792 = VERTEX_POINT('',#793);
#793 = CARTESIAN_POINT('',(0.,1.8542E+03,1.2192E+03));
#794 = LINE('',#795,#796);
#795 = CARTESIAN_POINT('',(0.,1.0033E+03,1.2192E+03));
#796 = VECTOR('',#797,1.);
#797 = DIRECTION('',(0.,-1.,0.));
#798 = ORIENTED_EDGE('',*,*,#799,.T.);
#799 = EDGE_CURVE('',#792,#800,#802,.T.);
#800 = VERTEX_POINT('',#801);
#801 = CARTESIAN_POINT('',(0.,1.8542E+03,1.8288E+03));
#802 = LINE('',#803,#804);
#803 = CARTESIAN_POINT('',(0.,1.8542E+03,609.6));
#804 = VECTOR('',#805,1.);
#805 = DIRECTION('',(0.,0.,1.));
#806 = ORIENTED_EDGE('',*,*,#807,.F.);
#807 = EDGE_CURVE('',#808,#800,#810,.T.);
#808 = VERTEX_POINT('',#809);
#809 = CARTESIAN_POINT('',(0.,2.5781E+03,1.8288E+03));
#810 = LINE('',#811,#812);
#811 = CARTESIAN_POINT('',(0.,1.0033E+03,1.8288E+03));
#812 = VECTOR('',#813,1.);
#813 = DIRECTION('',(0.,-1.,0.));
#814 = ORIENTED_EDGE('',*,*,#815,.F.);
#815 = EDGE_CURVE('',#790,#808,#816,.T.);
#816 = LINE('',#817,#818);
#817 = CARTESIAN_POINT('',(0.,2.5781E+03,609.6));
#818 = VECTOR('',#819,1.);
#819 = DIRECTION('',(0.,0.,1.));
#820 = PLANE('',#821);
#821 = AXIS2_PLACEMENT_3D('',#822,#823,#824);
#822 = CARTESIAN_POINT('',(0.,152.4,0.));
#823 = DIRECTION('',(1.,0.,0.));
#824 = DIRECTION('',(0.,0.,1.));
#825 = ADVANCED_FACE('',(#826),#851,.F.);
#826 = FACE_BOUND('',#827,.F.);
#827 = EDGE_LOOP('',(#828,#836,#837,#845));
#828 = ORIENTED_EDGE('',*,*,#829,.F.);
#829 = EDGE_CURVE('',#722,#830,#832,.T.);
#830 = VERTEX_POINT('',#831);
#831 = CARTESIAN_POINT('',(152.4,152.4,0.));
#832 = LINE('',#833,#834);
#833 = CARTESIAN_POINT('',(0.,152.4,0.));
#834 = VECTOR('',#835,1.);
#835 = DIRECTION('',(1.,0.,0.));
#836 = ORIENTED_EDGE('',*,*,#721,.T.);
#837 = ORIENTED_EDGE('',*,*,#838,.T.);
#838 = EDGE_CURVE('',#724,#839,#841,.T.);
#839 = VERTEX_POINT('',#840);
#840 = CARTESIAN_POINT('',(152.4,152.4,2.5019E+03));
#841 = LINE('',#842,#843);
#842 = CARTESIAN_POINT('',(0.,152.4,2.5019E+03));
#843 = VECTOR('',#844,1.);
#844 = DIRECTION('',(1.,0.,0.));
#845 = ORIENTED_EDGE('',*,*,#846,.F.);
#846 = EDGE_CURVE('',#830,#839,#847,.T.);
#847 = LINE('',#848,#849);
#848 = CARTESIAN_POINT('',(152.4,152.4,0.));
#849 = VECTOR('',#850,1.);
#850 = DIRECTION('',(0.,0.,1.));
#851 = PLANE('',#852);
#852 = AXIS2_PLACEMENT_3D('',#853,#854,#855);
#853 = CARTESIAN_POINT('',(0.,152.4,0.));
#854 = DIRECTION('',(0.,1.,0.));
#855 = DIRECTION('',(0.,0.,1.));
#856 = ADVANCED_FACE('',(#857),#875,.T.);
#857 = FACE_BOUND('',#858,.T.);
#858 = EDGE_LOOP('',(#859,#860,#861,#869));
#859 = ORIENTED_EDGE('',*,*,#747,.F.);
#860 = ORIENTED_EDGE('',*,*,#838,.T.);
#861 = ORIENTED_EDGE('',*,*,#862,.T.);
#862 = EDGE_CURVE('',#839,#863,#865,.T.);
#863 = VERTEX_POINT('',#864);
#864 = CARTESIAN_POINT('',(152.4,6.1722E+03,2.5019E+03));
#865 = LINE('',#866,#867);
#866 = CARTESIAN_POINT('',(152.4,152.4,2.5019E+03));
#867 = VECTOR('',#868,1.);
#868 = DIRECTION('',(0.,1.,0.));
#869 = ORIENTED_EDGE('',*,*,#870,.F.);
#870 = EDGE_CURVE('',#740,#863,#871,.T.);
#871 = LINE('',#872,#873);
#872 = CARTESIAN_POINT('',(0.,6.1722E+03,2.5019E+03));
#873 = VECTOR('',#874,1.);
#874 = DIRECTION('',(1.,0.,0.));
#875 = PLANE('',#876);
#876 = AXIS2_PLACEMENT_3D('',#877,#878,#879);
#877 = CARTESIAN_POINT('',(0.,152.4,2.5019E+03));
#878 = DIRECTION('',(0.,0.,1.));
#879 = DIRECTION('',(1.,0.,0.));
#880 = ADVANCED_FACE('',(#881),#899,.F.);
#881 = FACE_BOUND('',#882,.F.);
#882 = EDGE_LOOP('',(#883,#884,#885,#893));
#883 = ORIENTED_EDGE('',*,*,#731,.F.);
#884 = ORIENTED_EDGE('',*,*,#829,.T.);
#885 = ORIENTED_EDGE('',*,*,#886,.T.);
#886 = EDGE_CURVE('',#830,#887,#889,.T.);
#887 = VERTEX_POINT('',#888);
#888 = CARTESIAN_POINT('',(152.4,6.1722E+03,0.));
#889 = LINE('',#890,#891);
#890 = CARTESIAN_POINT('',(152.4,152.4,0.));
#891 = VECTOR('',#892,1.);
#892 = DIRECTION('',(0.,1.,0.));
#893 = ORIENTED_EDGE('',*,*,#894,.F.);
#894 = EDGE_CURVE('',#732,#887,#895,.T.);
#895 = LINE('',#896,#897);
#896 = CARTESIAN_POINT('',(0.,6.1722E+03,0.));
#897 = VECTOR('',#898,1.);
#898 = DIRECTION('',(1.,0.,0.));
#899 = PLANE('',#900);
#900 = AXIS2_PLACEMENT_3D('',#901,#902,#903);
#901 = CARTESIAN_POINT('',(0.,152.4,0.));
#902 = DIRECTION('',(0.,0.,1.));
#903 = DIRECTION('',(1.,0.,0.));
#904 = ADVANCED_FACE('',(#905),#916,.T.);
#905 = FACE_BOUND('',#906,.T.);
#906 = EDGE_LOOP('',(#907,#908,#909,#910));
#907 = ORIENTED_EDGE('',*,*,#894,.F.);
#908 = ORIENTED_EDGE('',*,*,#739,.T.);
#909 = ORIENTED_EDGE('',*,*,#870,.T.);
#910 = ORIENTED_EDGE('',*,*,#911,.F.);
#911 = EDGE_CURVE('',#887,#863,#912,.T.);
#912 = LINE('',#913,#914);
#913 = CARTESIAN_POINT('',(152.4,6.1722E+03,0.));
#914 = VECTOR('',#915,1.);
#915 = DIRECTION('',(0.,0.,1.));
#916 = PLANE('',#917);
#917 = AXIS2_PLACEMENT_3D('',#918,#919,#920);
#918 = CARTESIAN_POINT('',(0.,6.1722E+03,0.));
#919 = DIRECTION('',(0.,1.,0.));
#920 = DIRECTION('',(0.,0.,1.));
#921 = ADVANCED_FACE('',(#922),#947,.T.);
#922 = FACE_BOUND('',#923,.T.);
#923 = EDGE_LOOP('',(#924,#932,#933,#941));
#924 = ORIENTED_EDGE('',*,*,#925,.F.);
#925 = EDGE_CURVE('',#756,#926,#928,.T.);
#926 = VERTEX_POINT('',#927);
#927 = CARTESIAN_POINT('',(152.4,4.6228E+03,1.2192E+03));
#928 = LINE('',#929,#930);
#929 = CARTESIAN_POINT('',(-13.7,4.6228E+03,1.2192E+03));
#930 = VECTOR('',#931,1.);
#931 = DIRECTION('',(1.,0.,0.));
#932 = ORIENTED_EDGE('',*,*,#755,.T.);
#933 = ORIENTED_EDGE('',*,*,#934,.T.);
#934 = EDGE_CURVE('',#758,#935,#937,.T.);
#935 = VERTEX_POINT('',#936);
#936 = CARTESIAN_POINT('',(152.4,3.89255E+03,1.2192E+03));
#937 = LINE('',#938,#939);
#938 = CARTESIAN_POINT('',(-13.7,3.89255E+03,1.2192E+03));
#939 = VECTOR('',#940,1.);
#940 = DIRECTION('',(1.,0.,0.));
#941 = ORIENTED_EDGE('',*,*,#942,.F.);
#942 = EDGE_CURVE('',#926,#935,#943,.T.);
#943 = LINE('',#944,#945);
#944 = CARTESIAN_POINT('',(152.4,2.022475E+03,1.2192E+03));
#945 = VECTOR('',#946,1.);
#946 = DIRECTION('',(0.,-1.,0.));
#947 = PLANE('',#948);
#948 = AXIS2_PLACEMENT_3D('',#949,#950,#951);
#949 = CARTESIAN_POINT('',(-13.7,3.89255E+03,1.2192E+03));
#950 = DIRECTION('',(0.,0.,1.));
#951 = DIRECTION('',(1.,0.,0.));
#952 = ADVANCED_FACE('',(#953),#971,.F.);
#953 = FACE_BOUND('',#954,.F.);
#954 = EDGE_LOOP('',(#955,#956,#957,#965));
#955 = ORIENTED_EDGE('',*,*,#925,.F.);
#956 = ORIENTED_EDGE('',*,*,#781,.T.);
#957 = ORIENTED_EDGE('',*,*,#958,.T.);
#958 = EDGE_CURVE('',#774,#959,#961,.T.);
#959 = VERTEX_POINT('',#960);
#960 = CARTESIAN_POINT('',(152.4,4.6228E+03,1.8288E+03));
#961 = LINE('',#962,#963);
#962 = CARTESIAN_POINT('',(-13.7,4.6228E+03,1.8288E+03));
#963 = VECTOR('',#964,1.);
#964 = DIRECTION('',(1.,0.,0.));
#965 = ORIENTED_EDGE('',*,*,#966,.F.);
#966 = EDGE_CURVE('',#926,#959,#967,.T.);
#967 = LINE('',#968,#969);
#968 = CARTESIAN_POINT('',(152.4,4.6228E+03,609.6));
#969 = VECTOR('',#970,1.);
#970 = DIRECTION('',(0.,0.,1.));
#971 = PLANE('',#972);
#972 = AXIS2_PLACEMENT_3D('',#973,#974,#975);
#973 = CARTESIAN_POINT('',(-13.7,4.6228E+03,1.2192E+03));
#974 = DIRECTION('',(0.,1.,0.));
#975 = DIRECTION('',(0.,0.,1.));
#976 = ADVANCED_FACE('',(#977),#995,.F.);
#977 = FACE_BOUND('',#978,.F.);
#978 = EDGE_LOOP('',(#979,#980,#981,#989));
#979 = ORIENTED_EDGE('',*,*,#958,.F.);
#980 = ORIENTED_EDGE('',*,*,#773,.T.);
#981 = ORIENTED_EDGE('',*,*,#982,.T.);
#982 = EDGE_CURVE('',#766,#983,#985,.T.);
#983 = VERTEX_POINT('',#984);
#984 = CARTESIAN_POINT('',(152.4,3.89255E+03,1.8288E+03));
#985 = LINE('',#986,#987);
#986 = CARTESIAN_POINT('',(-13.7,3.89255E+03,1.8288E+03));
#987 = VECTOR('',#988,1.);
#988 = DIRECTION('',(1.,0.,0.));
#989 = ORIENTED_EDGE('',*,*,#990,.F.);
#990 = EDGE_CURVE('',#959,#983,#991,.T.);
#991 = LINE('',#992,#993);
#992 = CARTESIAN_POINT('',(152.4,2.022475E+03,1.8288E+03));
#993 = VECTOR('',#994,1.);
#994 = DIRECTION('',(0.,-1.,0.));
#995 = PLANE('',#996);
#996 = AXIS2_PLACEMENT_3D('',#997,#998,#999);
#997 = CARTESIAN_POINT('',(-13.7,3.89255E+03,1.8288E+03));
#998 = DIRECTION('',(0.,0.,1.));
#999 = DIRECTION('',(1.,0.,0.));
#1000 = ADVANCED_FACE('',(#1001),#1012,.T.);
#1001 = FACE_BOUND('',#1002,.T.);
#1002 = EDGE_LOOP('',(#1003,#1004,#1005,#1006));
#1003 = ORIENTED_EDGE('',*,*,#934,.F.);
#1004 = ORIENTED_EDGE('',*,*,#765,.T.);
#1005 = ORIENTED_EDGE('',*,*,#982,.T.);
#1006 = ORIENTED_EDGE('',*,*,#1007,.F.);
#1007 = EDGE_CURVE('',#935,#983,#1008,.T.);
#1008 = LINE('',#1009,#1010);
#1009 = CARTESIAN_POINT('',(152.4,3.89255E+03,609.6));
#1010 = VECTOR('',#1011,1.);
#1011 = DIRECTION('',(0.,0.,1.));
#1012 = PLANE('',#1013);
#1013 = AXIS2_PLACEMENT_3D('',#1014,#1015,#1016);
#1014 = CARTESIAN_POINT('',(-13.7,3.89255E+03,1.2192E+03));
#1015 = DIRECTION('',(0.,1.,0.));
#1016 = DIRECTION('',(0.,0.,1.));
#1017 = ADVANCED_FACE('',(#1018),#1043,.T.);
#1018 = FACE_BOUND('',#1019,.T.);
#1019 = EDGE_LOOP('',(#1020,#1028,#1029,#1037));
#1020 = ORIENTED_EDGE('',*,*,#1021,.F.);
#1021 = EDGE_CURVE('',#790,#1022,#1024,.T.);
#1022 = VERTEX_POINT('',#1023);
#1023 = CARTESIAN_POINT('',(152.4,2.5781E+03,1.2192E+03));
#1024 = LINE('',#1025,#1026);
#1025 = CARTESIAN_POINT('',(-13.7,2.5781E+03,1.2192E+03));
#1026 = VECTOR('',#1027,1.);
#1027 = DIRECTION('',(1.,0.,0.));
#1028 = ORIENTED_EDGE('',*,*,#789,.T.);
#1029 = ORIENTED_EDGE('',*,*,#1030,.T.);
#1030 = EDGE_CURVE('',#792,#1031,#1033,.T.);
#1031 = VERTEX_POINT('',#1032);
#1032 = CARTESIAN_POINT('',(152.4,1.8542E+03,1.2192E+03));
#1033 = LINE('',#1034,#1035);
#1034 = CARTESIAN_POINT('',(-13.7,1.8542E+03,1.2192E+03));
#1035 = VECTOR('',#1036,1.);
#1036 = DIRECTION('',(1.,0.,0.));
#1037 = ORIENTED_EDGE('',*,*,#1038,.F.);
#1038 = EDGE_CURVE('',#1022,#1031,#1039,.T.);
#1039 = LINE('',#1040,#1041);
#1040 = CARTESIAN_POINT('',(152.4,1.0033E+03,1.2192E+03));
#1041 = VECTOR('',#1042,1.);
#1042 = DIRECTION('',(0.,-1.,0.));
#1043 = PLANE('',#1044);
#1044 = AXIS2_PLACEMENT_3D('',#1045,#1046,#1047);
#1045 = CARTESIAN_POINT('',(-13.7,1.8542E+03,1.2192E+03));
#1046 = DIRECTION('',(0.,0.,1.));
#1047 = DIRECTION('',(1.,0.,0.));
#1048 = ADVANCED_FACE('',(#1049),#1067,.F.);
#1049 = FACE_BOUND('',#1050,.F.);
#1050 = EDGE_LOOP('',(#1051,#1052,#1053,#1061));
#1051 = ORIENTED_EDGE('',*,*,#1021,.F.);
#1052 = ORIENTED_EDGE('',*,*,#815,.T.);
#1053 = ORIENTED_EDGE('',*,*,#1054,.T.);
#1054 = EDGE_CURVE('',#808,#1055,#1057,.T.);
#1055 = VERTEX_POINT('',#1056);
#1056 = CARTESIAN_POINT('',(152.4,2.5781E+03,1.8288E+03));
#1057 = LINE('',#1058,#1059);
#1058 = CARTESIAN_POINT('',(-13.7,2.5781E+03,1.8288E+03));
#1059 = VECTOR('',#1060,1.);
#1060 = DIRECTION('',(1.,0.,0.));
#1061 = ORIENTED_EDGE('',*,*,#1062,.F.);
#1062 = EDGE_CURVE('',#1022,#1055,#1063,.T.);
#1063 = LINE('',#1064,#1065);
#1064 = CARTESIAN_POINT('',(152.4,2.5781E+03,609.6));
#1065 = VECTOR('',#1066,1.);
#1066 = DIRECTION('',(0.,0.,1.));
#1067 = PLANE('',#1068);
#1068 = AXIS2_PLACEMENT_3D('',#1069,#1070,#1071);
#1069 = CARTESIAN_POINT('',(-13.7,2.5781E+03,1.2192E+03));
#1070 = DIRECTION('',(0.,1.,0.));
#1071 = DIRECTION('',(0.,0.,1.));
#1072 = ADVANCED_FACE('',(#1073),#1091,.T.);
#1073 = FACE_BOUND('',#1074,.T.);
#1074 = EDGE_LOOP('',(#1075,#1076,#1077,#1085));
#1075 = ORIENTED_EDGE('',*,*,#1030,.F.);
#1076 = ORIENTED_EDGE('',*,*,#799,.T.);
#1077 = ORIENTED_EDGE('',*,*,#1078,.T.);
#1078 = EDGE_CURVE('',#800,#1079,#1081,.T.);
#1079 = VERTEX_POINT('',#1080);
#1080 = CARTESIAN_POINT('',(152.4,1.8542E+03,1.8288E+03));
#1081 = LINE('',#1082,#1083);
#1082 = CARTESIAN_POINT('',(-13.7,1.8542E+03,1.8288E+03));
#1083 = VECTOR('',#1084,1.);
#1084 = DIRECTION('',(1.,0.,0.));
#1085 = ORIENTED_EDGE('',*,*,#1086,.F.);
#1086 = EDGE_CURVE('',#1031,#1079,#1087,.T.);
#1087 = LINE('',#1088,#1089);
#1088 = CARTESIAN_POINT('',(152.4,1.8542E+03,609.6));
#1089 = VECTOR('',#1090,1.);
#1090 = DIRECTION('',(0.,0.,1.));
#1091 = PLANE('',#1092);
#1092 = AXIS2_PLACEMENT_3D('',#1093,#1094,#1095);
#1093 = CARTESIAN_POINT('',(-13.7,1.8542E+03,1.2192E+03));
#1094 = DIRECTION('',(0.,1.,0.));
#1095 = DIRECTION('',(0.,0.,1.));
#1096 = ADVANCED_FACE('',(#1097),#1108,.F.);
#1097 = FACE_BOUND('',#1098,.F.);
#1098 = EDGE_LOOP('',(#1099,#1100,#1101,#1102));
#1099 = ORIENTED_EDGE('',*,*,#1054,.F.);
#1100 = ORIENTED_EDGE('',*,*,#807,.T.);
#1101 = ORIENTED_EDGE('',*,*,#1078,.T.);
#1102 = ORIENTED_EDGE('',*,*,#1103,.F.);
#1103 = EDGE_CURVE('',#1055,#1079,#1104,.T.);
#1104 = LINE('',#1105,#1106);
#1105 = CARTESIAN_POINT('',(152.4,1.0033E+03,1.8288E+03));
#1106 = VECTOR('',#1107,1.);
#1107 = DIRECTION('',(0.,-1.,0.));
#1108 = PLANE('',#1109);
#1109 = AXIS2_PLACEMENT_3D('',#1110,#1111,#1112);
#1110 = CARTESIAN_POINT('',(-13.7,1.8542E+03,1.8288E+03));
#1111 = DIRECTION('',(0.,0.,1.));
#1112 = DIRECTION('',(1.,0.,0.));
#1113 = ADVANCED_FACE('',(#1114,#1120,#1126),#1132,.T.);
#1114 = FACE_BOUND('',#1115,.T.);
#1115 = EDGE_LOOP('',(#1116,#1117,#1118,#1119));
#1116 = ORIENTED_EDGE('',*,*,#846,.F.);
#1117 = ORIENTED_EDGE('',*,*,#886,.T.);
#1118 = ORIENTED_EDGE('',*,*,#911,.T.);
#1119 = ORIENTED_EDGE('',*,*,#862,.F.);
#1120 = FACE_BOUND('',#1121,.T.);
#1121 = EDGE_LOOP('',(#1122,#1123,#1124,#1125));
#1122 = ORIENTED_EDGE('',*,*,#942,.T.);
#1123 = ORIENTED_EDGE('',*,*,#1007,.T.);
#1124 = ORIENTED_EDGE('',*,*,#990,.F.);
#1125 = ORIENTED_EDGE('',*,*,#966,.F.);
#1126 = FACE_BOUND('',#1127,.T.);
#1127 = EDGE_LOOP('',(#1128,#1129,#1130,#1131));
#1128 = ORIENTED_EDGE('',*,*,#1038,.T.);
#1129 = ORIENTED_EDGE('',*,*,#1086,.T.);
#1130 = ORIENTED_EDGE('',*,*,#1103,.F.);
#1131 = ORIENTED_EDGE('',*,*,#1062,.F.);
#1132 = PLANE('',#1133);
#1133 = AXIS2_PLACEMENT_3D('',#1134,#1135,#1136);
#1134 = CARTESIAN_POINT('',(152.4,152.4,0.));
#1135 = DIRECTION('',(1.,0.,0.));
#1136 = DIRECTION('',(0.,0.,1.));
#1137 = MANIFOLD_SOLID_BREP('',#1138);
#1138 = CLOSED_SHELL('',(#1139,#1179,#1219,#1241,#1263,#1275));
#1139 = ADVANCED_FACE('',(#1140),#1174,.F.);
#1140 = FACE_BOUND('',#1141,.F.);
#1141 = EDGE_LOOP('',(#1142,#1152,#1160,#1168));
#1142 = ORIENTED_EDGE('',*,*,#1143,.F.);
#1143 = EDGE_CURVE('',#1144,#1146,#1148,.T.);
#1144 = VERTEX_POINT('',#1145);
#1145 = CARTESIAN_POINT('',(6.1849E+03,152.4,0.));
#1146 = VERTEX_POINT('',#1147);
#1147 = CARTESIAN_POINT('',(6.1849E+03,152.4,2.5019E+03));
#1148 = LINE('',#1149,#1150);
#1149 = CARTESIAN_POINT('',(6.1849E+03,152.4,0.));
#1150 = VECTOR('',#1151,1.);
#1151 = DIRECTION('',(0.,0.,1.));
#1152 = ORIENTED_EDGE('',*,*,#1153,.T.);
#1153 = EDGE_CURVE('',#1144,#1154,#1156,.T.);
#1154 = VERTEX_POINT('',#1155);
#1155 = CARTESIAN_POINT('',(6.1849E+03,6.1722E+03,0.));
#1156 = LINE('',#1157,#1158);
#1157 = CARTESIAN_POINT('',(6.1849E+03,152.4,0.));
#1158 = VECTOR('',#1159,1.);
#1159 = DIRECTION('',(0.,1.,0.));
#1160 = ORIENTED_EDGE('',*,*,#1161,.T.);
#1161 = EDGE_CURVE('',#1154,#1162,#1164,.T.);
#1162 = VERTEX_POINT('',#1163);
#1163 = CARTESIAN_POINT('',(6.1849E+03,6.1722E+03,2.5019E+03));
#1164 = LINE('',#1165,#1166);
#1165 = CARTESIAN_POINT('',(6.1849E+03,6.1722E+03,0.));
#1166 = VECTOR('',#1167,1.);
#1167 = DIRECTION('',(0.,0.,1.));
#1168 = ORIENTED_EDGE('',*,*,#1169,.F.);
#1169 = EDGE_CURVE('',#1146,#1162,#1170,.T.);
#1170 = LINE('',#1171,#1172);
#1171 = CARTESIAN_POINT('',(6.1849E+03,152.4,2.5019E+03));
#1172 = VECTOR('',#1173,1.);
#1173 = DIRECTION('',(0.,1.,0.));
#1174 = PLANE('',#1175);
#1175 = AXIS2_PLACEMENT_3D('',#1176,#1177,#1178);
#1176 = CARTESIAN_POINT('',(6.1849E+03,152.4,0.));
#1177 = DIRECTION('',(1.,0.,0.));
#1178 = DIRECTION('',(0.,0.,1.));
#1179 = ADVANCED_FACE('',(#1180),#1214,.T.);
#1180 = FACE_BOUND('',#1181,.T.);
#1181 = EDGE_LOOP('',(#1182,#1192,#1200,#1208));
#1182 = ORIENTED_EDGE('',*,*,#1183,.F.);
#1183 = EDGE_CURVE('',#1184,#1186,#1188,.T.);
#1184 = VERTEX_POINT('',#1185);
#1185 = CARTESIAN_POINT('',(6.3373E+03,152.4,0.));
#1186 = VERTEX_POINT('',#1187);
#1187 = CARTESIAN_POINT('',(6.3373E+03,152.4,2.5019E+03));
#1188 = LINE('',#1189,#1190);
#1189 = CARTESIAN_POINT('',(6.3373E+03,152.4,0.));
#1190 = VECTOR('',#1191,1.);
#1191 = DIRECTION('',(0.,0.,1.));
#1192 = ORIENTED_EDGE('',*,*,#1193,.T.);
#1193 = EDGE_CURVE('',#1184,#1194,#1196,.T.);
#1194 = VERTEX_POINT('',#1195);
#1195 = CARTESIAN_POINT('',(6.3373E+03,6.1722E+03,0.));
#1196 = LINE('',#1197,#1198);
#1197 = CARTESIAN_POINT('',(6.3373E+03,152.4,0.));
#1198 = VECTOR('',#1199,1.);
#1199 = DIRECTION('',(0.,1.,0.));
#1200 = ORIENTED_EDGE('',*,*,#1201,.T.);
#1201 = EDGE_CURVE('',#1194,#1202,#1204,.T.);
#1202 = VERTEX_POINT('',#1203);
#1203 = CARTESIAN_POINT('',(6.3373E+03,6.1722E+03,2.5019E+03));
#1204 = LINE('',#1205,#1206);
#1205 = CARTESIAN_POINT('',(6.3373E+03,6.1722E+03,0.));
#1206 = VECTOR('',#1207,1.);
#1207 = DIRECTION('',(0.,0.,1.));
#1208 = ORIENTED_EDGE('',*,*,#1209,.F.);
#1209 = EDGE_CURVE('',#1186,#1202,#1210,.T.);
#1210 = LINE('',#1211,#1212);
#1211 = CARTESIAN_POINT('',(6.3373E+03,152.4,2.5019E+03));
#1212 = VECTOR('',#1213,1.);
#1213 = DIRECTION('',(0.,1.,0.));
#1214 = PLANE('',#1215);
#1215 = AXIS2_PLACEMENT_3D('',#1216,#1217,#1218);
#1216 = CARTESIAN_POINT('',(6.3373E+03,152.4,0.));
#1217 = DIRECTION('',(1.,0.,0.));
#1218 = DIRECTION('',(0.,0.,1.));
#1219 = ADVANCED_FACE('',(#1220),#1236,.F.);
#1220 = FACE_BOUND('',#1221,.F.);
#1221 = EDGE_LOOP('',(#1222,#1228,#1229,#1235));
#1222 = ORIENTED_EDGE('',*,*,#1223,.F.);
#1223 = EDGE_CURVE('',#1144,#1184,#1224,.T.);
#1224 = LINE('',#1225,#1226);
#1225 = CARTESIAN_POINT('',(6.1849E+03,152.4,0.));
#1226 = VECTOR('',#1227,1.);
#1227 = DIRECTION('',(1.,0.,0.));
#1228 = ORIENTED_EDGE('',*,*,#1143,.T.);
#1229 = ORIENTED_EDGE('',*,*,#1230,.T.);
#1230 = EDGE_CURVE('',#1146,#1186,#1231,.T.);
#1231 = LINE('',#1232,#1233);
#1232 = CARTESIAN_POINT('',(6.1849E+03,152.4,2.5019E+03));
#1233 = VECTOR('',#1234,1.);
#1234 = DIRECTION('',(1.,0.,0.));
#1235 = ORIENTED_EDGE('',*,*,#1183,.F.);
#1236 = PLANE('',#1237);
#1237 = AXIS2_PLACEMENT_3D('',#1238,#1239,#1240);
#1238 = CARTESIAN_POINT('',(6.1849E+03,152.4,0.));
#1239 = DIRECTION('',(0.,1.,0.));
#1240 = DIRECTION('',(0.,0.,1.));
#1241 = ADVANCED_FACE('',(#1242),#1258,.T.);
#1242 = FACE_BOUND('',#1243,.T.);
#1243 = EDGE_LOOP('',(#1244,#1250,#1251,#1257));
#1244 = ORIENTED_EDGE('',*,*,#1245,.F.);
#1245 = EDGE_CURVE('',#1154,#1194,#1246,.T.);
#1246 = LINE('',#1247,#1248);
#1247 = CARTESIAN_POINT('',(6.1849E+03,6.1722E+03,0.));
#1248 = VECTOR('',#1249,1.);
#1249 = DIRECTION('',(1.,0.,0.));
#1250 = ORIENTED_EDGE('',*,*,#1161,.T.);
#1251 = ORIENTED_EDGE('',*,*,#1252,.T.);
#1252 = EDGE_CURVE('',#1162,#1202,#1253,.T.);
#1253 = LINE('',#1254,#1255);
#1254 = CARTESIAN_POINT('',(6.1849E+03,6.1722E+03,2.5019E+03));
#1255 = VECTOR('',#1256,1.);
#1256 = DIRECTION('',(1.,0.,0.));
#1257 = ORIENTED_EDGE('',*,*,#1201,.F.);
#1258 = PLANE('',#1259);
#1259 = AXIS2_PLACEMENT_3D('',#1260,#1261,#1262);
#1260 = CARTESIAN_POINT('',(6.1849E+03,6.1722E+03,0.));
#1261 = DIRECTION('',(0.,1.,0.));
#1262 = DIRECTION('',(0.,0.,1.));
#1263 = ADVANCED_FACE('',(#1264),#1270,.F.);
#1264 = FACE_BOUND('',#1265,.F.);
#1265 = EDGE_LOOP('',(#1266,#1267,#1268,#1269));
#1266 = ORIENTED_EDGE('',*,*,#1153,.F.);
#1267 = ORIENTED_EDGE('',*,*,#1223,.T.);
#1268 = ORIENTED_EDGE('',*,*,#1193,.T.);
#1269 = ORIENTED_EDGE('',*,*,#1245,.F.);
#1270 = PLANE('',#1271);
#1271 = AXIS2_PLACEMENT_3D('',#1272,#1273,#1274);
#1272 = CARTESIAN_POINT('',(6.1849E+03,152.4,0.));
#1273 = DIRECTION('',(0.,0.,1.));
#1274 = DIRECTION('',(1.,0.,0.));
#1275 = ADVANCED_FACE('',(#1276),#1282,.T.);
#1276 = FACE_BOUND('',#1277,.T.);
#1277 = EDGE_LOOP('',(#1278,#1279,#1280,#1281));
#1278 = ORIENTED_EDGE('',*,*,#1169,.F.);
#1279 = ORIENTED_EDGE('',*,*,#1230,.T.);
#1280 = ORIENTED_EDGE('',*,*,#1209,.T.);
#1281 = ORIENTED_EDGE('',*,*,#1252,.F.);
#1282 = PLANE('',#1283);
#1283 = AXIS2_PLACEMENT_3D('',#1284,#1285,#1286);
#1284 = CARTESIAN_POINT('',(6.1849E+03,152.4,2.5019E+03));
#1285 = DIRECTION('',(0.,0.,1.));
#1286 = DIRECTION('',(1.,0.,0.));
#1287 = MANIFOLD_SOLID_BREP('',#1288);
#1288 = CLOSED_SHELL('',(#1289,#1329,#1426,#1450,#1540,#1557,#1574,#1591
    ,#1608,#1625,#1637,#1659,#1676,#1693));
#1289 = ADVANCED_FACE('',(#1290),#1324,.F.);
#1290 = FACE_BOUND('',#1291,.F.);
#1291 = EDGE_LOOP('',(#1292,#1302,#1310,#1318));
#1292 = ORIENTED_EDGE('',*,*,#1293,.F.);
#1293 = EDGE_CURVE('',#1294,#1296,#1298,.T.);
#1294 = VERTEX_POINT('',#1295);
#1295 = CARTESIAN_POINT('',(-12.7,-12.7,0.));
#1296 = VERTEX_POINT('',#1297);
#1297 = CARTESIAN_POINT('',(-12.7,-12.7,2.5019E+03));
#1298 = LINE('',#1299,#1300);
#1299 = CARTESIAN_POINT('',(-12.7,-12.7,0.));
#1300 = VECTOR('',#1301,1.);
#1301 = DIRECTION('',(0.,0.,1.));
#1302 = ORIENTED_EDGE('',*,*,#1303,.T.);
#1303 = EDGE_CURVE('',#1294,#1304,#1306,.T.);
#1304 = VERTEX_POINT('',#1305);
#1305 = CARTESIAN_POINT('',(-12.7,0.,0.));
#1306 = LINE('',#1307,#1308);
#1307 = CARTESIAN_POINT('',(-12.7,-12.7,0.));
#1308 = VECTOR('',#1309,1.);
#1309 = DIRECTION('',(0.,1.,0.));
#1310 = ORIENTED_EDGE('',*,*,#1311,.T.);
#1311 = EDGE_CURVE('',#1304,#1312,#1314,.T.);
#1312 = VERTEX_POINT('',#1313);
#1313 = CARTESIAN_POINT('',(-12.7,0.,2.5019E+03));
#1314 = LINE('',#1315,#1316);
#1315 = CARTESIAN_POINT('',(-12.7,0.,0.));
#1316 = VECTOR('',#1317,1.);
#1317 = DIRECTION('',(0.,0.,1.));
#1318 = ORIENTED_EDGE('',*,*,#1319,.F.);
#1319 = EDGE_CURVE('',#1296,#1312,#1320,.T.);
#1320 = LINE('',#1321,#1322);
#1321 = CARTESIAN_POINT('',(-12.7,-12.7,2.5019E+03));
#1322 = VECTOR('',#1323,1.);
#1323 = DIRECTION('',(0.,1.,0.));
#1324 = PLANE('',#1325);
#1325 = AXIS2_PLACEMENT_3D('',#1326,#1327,#1328);
#1326 = CARTESIAN_POINT('',(-12.7,-12.7,0.));
#1327 = DIRECTION('',(1.,0.,0.));
#1328 = DIRECTION('',(0.,0.,1.));
#1329 = ADVANCED_FACE('',(#1330,#1387),#1421,.F.);
#1330 = FACE_BOUND('',#1331,.F.);
#1331 = EDGE_LOOP('',(#1332,#1340,#1341,#1349,#1357,#1365,#1373,#1381));
#1332 = ORIENTED_EDGE('',*,*,#1333,.F.);
#1333 = EDGE_CURVE('',#1294,#1334,#1336,.T.);
#1334 = VERTEX_POINT('',#1335);
#1335 = CARTESIAN_POINT('',(2.8321E+03,-12.7,0.));
#1336 = LINE('',#1337,#1338);
#1337 = CARTESIAN_POINT('',(-12.7,-12.7,0.));
#1338 = VECTOR('',#1339,1.);
#1339 = DIRECTION('',(1.,0.,0.));
#1340 = ORIENTED_EDGE('',*,*,#1293,.T.);
#1341 = ORIENTED_EDGE('',*,*,#1342,.T.);
#1342 = EDGE_CURVE('',#1296,#1343,#1345,.T.);
#1343 = VERTEX_POINT('',#1344);
#1344 = CARTESIAN_POINT('',(6.35E+03,-12.7,2.5019E+03));
#1345 = LINE('',#1346,#1347);
#1346 = CARTESIAN_POINT('',(-12.7,-12.7,2.5019E+03));
#1347 = VECTOR('',#1348,1.);
#1348 = DIRECTION('',(1.,0.,0.));
#1349 = ORIENTED_EDGE('',*,*,#1350,.F.);
#1350 = EDGE_CURVE('',#1351,#1343,#1353,.T.);
#1351 = VERTEX_POINT('',#1352);
#1352 = CARTESIAN_POINT('',(6.35E+03,-12.7,0.));
#1353 = LINE('',#1354,#1355);
#1354 = CARTESIAN_POINT('',(6.35E+03,-12.7,0.));
#1355 = VECTOR('',#1356,1.);
#1356 = DIRECTION('',(0.,0.,1.));
#1357 = ORIENTED_EDGE('',*,*,#1358,.F.);
#1358 = EDGE_CURVE('',#1359,#1351,#1361,.T.);
#1359 = VERTEX_POINT('',#1360);
#1360 = CARTESIAN_POINT('',(3.6449E+03,-12.7,0.));
#1361 = LINE('',#1362,#1363);
#1362 = CARTESIAN_POINT('',(-12.7,-12.7,0.));
#1363 = VECTOR('',#1364,1.);
#1364 = DIRECTION('',(1.,0.,0.));
#1365 = ORIENTED_EDGE('',*,*,#1366,.F.);
#1366 = EDGE_CURVE('',#1367,#1359,#1369,.T.);
#1367 = VERTEX_POINT('',#1368);
#1368 = CARTESIAN_POINT('',(3.6449E+03,-12.7,2.032E+03));
#1369 = LINE('',#1370,#1371);
#1370 = CARTESIAN_POINT('',(3.6449E+03,-12.7,0.));
#1371 = VECTOR('',#1372,1.);
#1372 = DIRECTION('',(0.,0.,-1.));
#1373 = ORIENTED_EDGE('',*,*,#1374,.F.);
#1374 = EDGE_CURVE('',#1375,#1367,#1377,.T.);
#1375 = VERTEX_POINT('',#1376);
#1376 = CARTESIAN_POINT('',(2.8321E+03,-12.7,2.032E+03));
#1377 = LINE('',#1378,#1379);
#1378 = CARTESIAN_POINT('',(1.4097E+03,-12.7,2.032E+03));
#1379 = VECTOR('',#1380,1.);
#1380 = DIRECTION('',(1.,0.,0.));
#1381 = ORIENTED_EDGE('',*,*,#1382,.T.);
#1382 = EDGE_CURVE('',#1375,#1334,#1383,.T.);
#1383 = LINE('',#1384,#1385);
#1384 = CARTESIAN_POINT('',(2.8321E+03,-12.7,0.));
#1385 = VECTOR('',#1386,1.);
#1386 = DIRECTION('',(0.,0.,-1.));
#1387 = FACE_BOUND('',#1388,.F.);
#1388 = EDGE_LOOP('',(#1389,#1399,#1407,#1415));
#1389 = ORIENTED_EDGE('',*,*,#1390,.F.);
#1390 = EDGE_CURVE('',#1391,#1393,#1395,.T.);
#1391 = VERTEX_POINT('',#1392);
#1392 = CARTESIAN_POINT('',(1.0668E+03,-12.7,1.8288E+03));
#1393 = VERTEX_POINT('',#1394);
#1394 = CARTESIAN_POINT('',(1.778E+03,-12.7,1.8288E+03));
#1395 = LINE('',#1396,#1397);
#1396 = CARTESIAN_POINT('',(527.05,-12.7,1.8288E+03));
#1397 = VECTOR('',#1398,1.);
#1398 = DIRECTION('',(1.,0.,0.));
#1399 = ORIENTED_EDGE('',*,*,#1400,.T.);
#1400 = EDGE_CURVE('',#1391,#1401,#1403,.T.);
#1401 = VERTEX_POINT('',#1402);
#1402 = CARTESIAN_POINT('',(1.0668E+03,-12.7,1.2192E+03));
#1403 = LINE('',#1404,#1405);
#1404 = CARTESIAN_POINT('',(1.0668E+03,-12.7,609.6));
#1405 = VECTOR('',#1406,1.);
#1406 = DIRECTION('',(0.,0.,-1.));
#1407 = ORIENTED_EDGE('',*,*,#1408,.T.);
#1408 = EDGE_CURVE('',#1401,#1409,#1411,.T.);
#1409 = VERTEX_POINT('',#1410);
#1410 = CARTESIAN_POINT('',(1.778E+03,-12.7,1.2192E+03));
#1411 = LINE('',#1412,#1413);
#1412 = CARTESIAN_POINT('',(527.05,-12.7,1.2192E+03));
#1413 = VECTOR('',#1414,1.);
#1414 = DIRECTION('',(1.,0.,0.));
#1415 = ORIENTED_EDGE('',*,*,#1416,.F.);
#1416 = EDGE_CURVE('',#1393,#1409,#1417,.T.);
#1417 = LINE('',#1418,#1419);
#1418 = CARTESIAN_POINT('',(1.778E+03,-12.7,609.6));
#1419 = VECTOR('',#1420,1.);
#1420 = DIRECTION('',(0.,0.,-1.));
#1421 = PLANE('',#1422);
#1422 = AXIS2_PLACEMENT_3D('',#1423,#1424,#1425);
#1423 = CARTESIAN_POINT('',(-12.7,-12.7,0.));
#1424 = DIRECTION('',(0.,1.,0.));
#1425 = DIRECTION('',(0.,0.,1.));
#1426 = ADVANCED_FACE('',(#1427),#1445,.T.);
#1427 = FACE_BOUND('',#1428,.T.);
#1428 = EDGE_LOOP('',(#1429,#1430,#1431,#1439));
#1429 = ORIENTED_EDGE('',*,*,#1319,.F.);
#1430 = ORIENTED_EDGE('',*,*,#1342,.T.);
#1431 = ORIENTED_EDGE('',*,*,#1432,.T.);
#1432 = EDGE_CURVE('',#1343,#1433,#1435,.T.);
#1433 = VERTEX_POINT('',#1434);
#1434 = CARTESIAN_POINT('',(6.35E+03,0.,2.5019E+03));
#1435 = LINE('',#1436,#1437);
#1436 = CARTESIAN_POINT('',(6.35E+03,-12.7,2.5019E+03));
#1437 = VECTOR('',#1438,1.);
#1438 = DIRECTION('',(0.,1.,0.));
#1439 = ORIENTED_EDGE('',*,*,#1440,.F.);
#1440 = EDGE_CURVE('',#1312,#1433,#1441,.T.);
#1441 = LINE('',#1442,#1443);
#1442 = CARTESIAN_POINT('',(-12.7,0.,2.5019E+03));
#1443 = VECTOR('',#1444,1.);
#1444 = DIRECTION('',(1.,0.,0.));
#1445 = PLANE('',#1446);
#1446 = AXIS2_PLACEMENT_3D('',#1447,#1448,#1449);
#1447 = CARTESIAN_POINT('',(-12.7,-12.7,2.5019E+03));
#1448 = DIRECTION('',(0.,0.,1.));
#1449 = DIRECTION('',(1.,0.,0.));
#1450 = ADVANCED_FACE('',(#1451,#1501),#1535,.T.);
#1451 = FACE_BOUND('',#1452,.T.);
#1452 = EDGE_LOOP('',(#1453,#1461,#1462,#1463,#1471,#1479,#1487,#1495));
#1453 = ORIENTED_EDGE('',*,*,#1454,.F.);
#1454 = EDGE_CURVE('',#1304,#1455,#1457,.T.);
#1455 = VERTEX_POINT('',#1456);
#1456 = CARTESIAN_POINT('',(2.8321E+03,0.,0.));
#1457 = LINE('',#1458,#1459);
#1458 = CARTESIAN_POINT('',(-12.7,0.,0.));
#1459 = VECTOR('',#1460,1.);
#1460 = DIRECTION('',(1.,0.,0.));
#1461 = ORIENTED_EDGE('',*,*,#1311,.T.);
#1462 = ORIENTED_EDGE('',*,*,#1440,.T.);
#1463 = ORIENTED_EDGE('',*,*,#1464,.F.);
#1464 = EDGE_CURVE('',#1465,#1433,#1467,.T.);
#1465 = VERTEX_POINT('',#1466);
#1466 = CARTESIAN_POINT('',(6.35E+03,0.,0.));
#1467 = LINE('',#1468,#1469);
#1468 = CARTESIAN_POINT('',(6.35E+03,0.,0.));
#1469 = VECTOR('',#1470,1.);
#1470 = DIRECTION('',(0.,0.,1.));
#1471 = ORIENTED_EDGE('',*,*,#1472,.F.);
#1472 = EDGE_CURVE('',#1473,#1465,#1475,.T.);
#1473 = VERTEX_POINT('',#1474);
#1474 = CARTESIAN_POINT('',(3.6449E+03,0.,0.));
#1475 = LINE('',#1476,#1477);
#1476 = CARTESIAN_POINT('',(-12.7,0.,0.));
#1477 = VECTOR('',#1478,1.);
#1478 = DIRECTION('',(1.,0.,0.));
#1479 = ORIENTED_EDGE('',*,*,#1480,.F.);
#1480 = EDGE_CURVE('',#1481,#1473,#1483,.T.);
#1481 = VERTEX_POINT('',#1482);
#1482 = CARTESIAN_POINT('',(3.6449E+03,0.,2.032E+03));
#1483 = LINE('',#1484,#1485);
#1484 = CARTESIAN_POINT('',(3.6449E+03,0.,0.));
#1485 = VECTOR('',#1486,1.);
#1486 = DIRECTION('',(0.,0.,-1.));
#1487 = ORIENTED_EDGE('',*,*,#1488,.F.);
#1488 = EDGE_CURVE('',#1489,#1481,#1491,.T.);
#1489 = VERTEX_POINT('',#1490);
#1490 = CARTESIAN_POINT('',(2.8321E+03,0.,2.032E+03));
#1491 = LINE('',#1492,#1493);
#1492 = CARTESIAN_POINT('',(1.4097E+03,0.,2.032E+03));
#1493 = VECTOR('',#1494,1.);
#1494 = DIRECTION('',(1.,0.,0.));
#1495 = ORIENTED_EDGE('',*,*,#1496,.T.);
#1496 = EDGE_CURVE('',#1489,#1455,#1497,.T.);
#1497 = LINE('',#1498,#1499);
#1498 = CARTESIAN_POINT('',(2.8321E+03,0.,0.));
#1499 = VECTOR('',#1500,1.);
#1500 = DIRECTION('',(0.,0.,-1.));
#1501 = FACE_BOUND('',#1502,.T.);
#1502 = EDGE_LOOP('',(#1503,#1513,#1521,#1529));
#1503 = ORIENTED_EDGE('',*,*,#1504,.F.);
#1504 = EDGE_CURVE('',#1505,#1507,#1509,.T.);
#1505 = VERTEX_POINT('',#1506);
#1506 = CARTESIAN_POINT('',(1.0668E+03,0.,1.8288E+03));
#1507 = VERTEX_POINT('',#1508);
#1508 = CARTESIAN_POINT('',(1.778E+03,0.,1.8288E+03));
#1509 = LINE('',#1510,#1511);
#1510 = CARTESIAN_POINT('',(527.05,0.,1.8288E+03));
#1511 = VECTOR('',#1512,1.);
#1512 = DIRECTION('',(1.,0.,0.));
#1513 = ORIENTED_EDGE('',*,*,#1514,.T.);
#1514 = EDGE_CURVE('',#1505,#1515,#1517,.T.);
#1515 = VERTEX_POINT('',#1516);
#1516 = CARTESIAN_POINT('',(1.0668E+03,0.,1.2192E+03));
#1517 = LINE('',#1518,#1519);
#1518 = CARTESIAN_POINT('',(1.0668E+03,0.,609.6));
#1519 = VECTOR('',#1520,1.);
#1520 = DIRECTION('',(0.,0.,-1.));
#1521 = ORIENTED_EDGE('',*,*,#1522,.T.);
#1522 = EDGE_CURVE('',#1515,#1523,#1525,.T.);
#1523 = VERTEX_POINT('',#1524);
#1524 = CARTESIAN_POINT('',(1.778E+03,0.,1.2192E+03));
#1525 = LINE('',#1526,#1527);
#1526 = CARTESIAN_POINT('',(527.05,0.,1.2192E+03));
#1527 = VECTOR('',#1528,1.);
#1528 = DIRECTION('',(1.,0.,0.));
#1529 = ORIENTED_EDGE('',*,*,#1530,.F.);
#1530 = EDGE_CURVE('',#1507,#1523,#1531,.T.);
#1531 = LINE('',#1532,#1533);
#1532 = CARTESIAN_POINT('',(1.778E+03,0.,609.6));
#1533 = VECTOR('',#1534,1.);
#1534 = DIRECTION('',(0.,0.,-1.));
#1535 = PLANE('',#1536);
#1536 = AXIS2_PLACEMENT_3D('',#1537,#1538,#1539);
#1537 = CARTESIAN_POINT('',(-12.7,0.,0.));
#1538 = DIRECTION('',(0.,1.,0.));
#1539 = DIRECTION('',(0.,0.,1.));
#1540 = ADVANCED_FACE('',(#1541),#1552,.F.);
#1541 = FACE_BOUND('',#1542,.F.);
#1542 = EDGE_LOOP('',(#1543,#1544,#1545,#1546));
#1543 = ORIENTED_EDGE('',*,*,#1454,.F.);
#1544 = ORIENTED_EDGE('',*,*,#1303,.F.);
#1545 = ORIENTED_EDGE('',*,*,#1333,.T.);
#1546 = ORIENTED_EDGE('',*,*,#1547,.T.);
#1547 = EDGE_CURVE('',#1334,#1455,#1548,.T.);
#1548 = LINE('',#1549,#1550);
#1549 = CARTESIAN_POINT('',(2.8321E+03,-13.7,0.));
#1550 = VECTOR('',#1551,1.);
#1551 = DIRECTION('',(0.,1.,0.));
#1552 = PLANE('',#1553);
#1553 = AXIS2_PLACEMENT_3D('',#1554,#1555,#1556);
#1554 = CARTESIAN_POINT('',(-12.7,-12.7,0.));
#1555 = DIRECTION('',(0.,0.,1.));
#1556 = DIRECTION('',(1.,0.,0.));
#1557 = ADVANCED_FACE('',(#1558),#1569,.T.);
#1558 = FACE_BOUND('',#1559,.T.);
#1559 = EDGE_LOOP('',(#1560,#1566,#1567,#1568));
#1560 = ORIENTED_EDGE('',*,*,#1561,.F.);
#1561 = EDGE_CURVE('',#1375,#1489,#1562,.T.);
#1562 = LINE('',#1563,#1564);
#1563 = CARTESIAN_POINT('',(2.8321E+03,-13.7,2.032E+03));
#1564 = VECTOR('',#1565,1.);
#1565 = DIRECTION('',(0.,1.,0.));
#1566 = ORIENTED_EDGE('',*,*,#1382,.T.);
#1567 = ORIENTED_EDGE('',*,*,#1547,.T.);
#1568 = ORIENTED_EDGE('',*,*,#1496,.F.);
#1569 = PLANE('',#1570);
#1570 = AXIS2_PLACEMENT_3D('',#1571,#1572,#1573);
#1571 = CARTESIAN_POINT('',(2.8321E+03,-13.7,0.));
#1572 = DIRECTION('',(1.,0.,0.));
#1573 = DIRECTION('',(0.,0.,1.));
#1574 = ADVANCED_FACE('',(#1575),#1586,.F.);
#1575 = FACE_BOUND('',#1576,.F.);
#1576 = EDGE_LOOP('',(#1577,#1578,#1579,#1585));
#1577 = ORIENTED_EDGE('',*,*,#1561,.F.);
#1578 = ORIENTED_EDGE('',*,*,#1374,.T.);
#1579 = ORIENTED_EDGE('',*,*,#1580,.T.);
#1580 = EDGE_CURVE('',#1367,#1481,#1581,.T.);
#1581 = LINE('',#1582,#1583);
#1582 = CARTESIAN_POINT('',(3.6449E+03,-13.7,2.032E+03));
#1583 = VECTOR('',#1584,1.);
#1584 = DIRECTION('',(0.,1.,0.));
#1585 = ORIENTED_EDGE('',*,*,#1488,.F.);
#1586 = PLANE('',#1587);
#1587 = AXIS2_PLACEMENT_3D('',#1588,#1589,#1590);
#1588 = CARTESIAN_POINT('',(2.8321E+03,-13.7,2.032E+03));
#1589 = DIRECTION('',(0.,0.,1.));
#1590 = DIRECTION('',(1.,0.,0.));
#1591 = ADVANCED_FACE('',(#1592),#1603,.T.);
#1592 = FACE_BOUND('',#1593,.T.);
#1593 = EDGE_LOOP('',(#1594,#1595,#1601,#1602));
#1594 = ORIENTED_EDGE('',*,*,#1350,.F.);
#1595 = ORIENTED_EDGE('',*,*,#1596,.T.);
#1596 = EDGE_CURVE('',#1351,#1465,#1597,.T.);
#1597 = LINE('',#1598,#1599);
#1598 = CARTESIAN_POINT('',(6.35E+03,-12.7,0.));
#1599 = VECTOR('',#1600,1.);
#1600 = DIRECTION('',(0.,1.,0.));
#1601 = ORIENTED_EDGE('',*,*,#1464,.T.);
#1602 = ORIENTED_EDGE('',*,*,#1432,.F.);
#1603 = PLANE('',#1604);
#1604 = AXIS2_PLACEMENT_3D('',#1605,#1606,#1607);
#1605 = CARTESIAN_POINT('',(6.35E+03,-12.7,0.));
#1606 = DIRECTION('',(1.,0.,0.));
#1607 = DIRECTION('',(0.,0.,1.));
#1608 = ADVANCED_FACE('',(#1609),#1620,.F.);
#1609 = FACE_BOUND('',#1610,.F.);
#1610 = EDGE_LOOP('',(#1611,#1612,#1613,#1619));
#1611 = ORIENTED_EDGE('',*,*,#1580,.F.);
#1612 = ORIENTED_EDGE('',*,*,#1366,.T.);
#1613 = ORIENTED_EDGE('',*,*,#1614,.T.);
#1614 = EDGE_CURVE('',#1359,#1473,#1615,.T.);
#1615 = LINE('',#1616,#1617);
#1616 = CARTESIAN_POINT('',(3.6449E+03,-13.7,0.));
#1617 = VECTOR('',#1618,1.);
#1618 = DIRECTION('',(0.,1.,0.));
#1619 = ORIENTED_EDGE('',*,*,#1480,.F.);
#1620 = PLANE('',#1621);
#1621 = AXIS2_PLACEMENT_3D('',#1622,#1623,#1624);
#1622 = CARTESIAN_POINT('',(3.6449E+03,-13.7,0.));
#1623 = DIRECTION('',(1.,0.,0.));
#1624 = DIRECTION('',(0.,0.,1.));
#1625 = ADVANCED_FACE('',(#1626),#1632,.F.);
#1626 = FACE_BOUND('',#1627,.F.);
#1627 = EDGE_LOOP('',(#1628,#1629,#1630,#1631));
#1628 = ORIENTED_EDGE('',*,*,#1472,.F.);
#1629 = ORIENTED_EDGE('',*,*,#1614,.F.);
#1630 = ORIENTED_EDGE('',*,*,#1358,.T.);
#1631 = ORIENTED_EDGE('',*,*,#1596,.T.);
#1632 = PLANE('',#1633);
#1633 = AXIS2_PLACEMENT_3D('',#1634,#1635,#1636);
#1634 = CARTESIAN_POINT('',(-12.7,-12.7,0.));
#1635 = DIRECTION('',(0.,0.,1.));
#1636 = DIRECTION('',(1.,0.,0.));
#1637 = ADVANCED_FACE('',(#1638),#1654,.F.);
#1638 = FACE_BOUND('',#1639,.F.);
#1639 = EDGE_LOOP('',(#1640,#1646,#1647,#1653));
#1640 = ORIENTED_EDGE('',*,*,#1641,.F.);
#1641 = EDGE_CURVE('',#1391,#1505,#1642,.T.);
#1642 = LINE('',#1643,#1644);
#1643 = CARTESIAN_POINT('',(1.0668E+03,-13.7,1.8288E+03));
#1644 = VECTOR('',#1645,1.);
#1645 = DIRECTION('',(0.,1.,0.));
#1646 = ORIENTED_EDGE('',*,*,#1390,.T.);
#1647 = ORIENTED_EDGE('',*,*,#1648,.T.);
#1648 = EDGE_CURVE('',#1393,#1507,#1649,.T.);
#1649 = LINE('',#1650,#1651);
#1650 = CARTESIAN_POINT('',(1.778E+03,-13.7,1.8288E+03));
#1651 = VECTOR('',#1652,1.);
#1652 = DIRECTION('',(0.,1.,0.));
#1653 = ORIENTED_EDGE('',*,*,#1504,.F.);
#1654 = PLANE('',#1655);
#1655 = AXIS2_PLACEMENT_3D('',#1656,#1657,#1658);
#1656 = CARTESIAN_POINT('',(1.0668E+03,-13.7,1.8288E+03));
#1657 = DIRECTION('',(0.,0.,1.));
#1658 = DIRECTION('',(1.,0.,0.));
#1659 = ADVANCED_FACE('',(#1660),#1671,.F.);
#1660 = FACE_BOUND('',#1661,.F.);
#1661 = EDGE_LOOP('',(#1662,#1663,#1664,#1670));
#1662 = ORIENTED_EDGE('',*,*,#1648,.F.);
#1663 = ORIENTED_EDGE('',*,*,#1416,.T.);
#1664 = ORIENTED_EDGE('',*,*,#1665,.T.);
#1665 = EDGE_CURVE('',#1409,#1523,#1666,.T.);
#1666 = LINE('',#1667,#1668);
#1667 = CARTESIAN_POINT('',(1.778E+03,-13.7,1.2192E+03));
#1668 = VECTOR('',#1669,1.);
#1669 = DIRECTION('',(0.,1.,0.));
#1670 = ORIENTED_EDGE('',*,*,#1530,.F.);
#1671 = PLANE('',#1672);
#1672 = AXIS2_PLACEMENT_3D('',#1673,#1674,#1675);
#1673 = CARTESIAN_POINT('',(1.778E+03,-13.7,1.2192E+03));
#1674 = DIRECTION('',(1.,0.,0.));
#1675 = DIRECTION('',(0.,0.,1.));
#1676 = ADVANCED_FACE('',(#1677),#1688,.T.);
#1677 = FACE_BOUND('',#1678,.T.);
#1678 = EDGE_LOOP('',(#1679,#1685,#1686,#1687));
#1679 = ORIENTED_EDGE('',*,*,#1680,.F.);
#1680 = EDGE_CURVE('',#1401,#1515,#1681,.T.);
#1681 = LINE('',#1682,#1683);
#1682 = CARTESIAN_POINT('',(1.0668E+03,-13.7,1.2192E+03));
#1683 = VECTOR('',#1684,1.);
#1684 = DIRECTION('',(0.,1.,0.));
#1685 = ORIENTED_EDGE('',*,*,#1408,.T.);
#1686 = ORIENTED_EDGE('',*,*,#1665,.T.);
#1687 = ORIENTED_EDGE('',*,*,#1522,.F.);
#1688 = PLANE('',#1689);
#1689 = AXIS2_PLACEMENT_3D('',#1690,#1691,#1692);
#1690 = CARTESIAN_POINT('',(1.0668E+03,-13.7,1.2192E+03));
#1691 = DIRECTION('',(0.,0.,1.));
#1692 = DIRECTION('',(1.,0.,0.));
#1693 = ADVANCED_FACE('',(#1694),#1700,.T.);
#1694 = FACE_BOUND('',#1695,.T.);
#1695 = EDGE_LOOP('',(#1696,#1697,#1698,#1699));
#1696 = ORIENTED_EDGE('',*,*,#1641,.F.);
#1697 = ORIENTED_EDGE('',*,*,#1400,.T.);
#1698 = ORIENTED_EDGE('',*,*,#1680,.T.);
#1699 = ORIENTED_EDGE('',*,*,#1514,.F.);
#1700 = PLANE('',#1701);
#1701 = AXIS2_PLACEMENT_3D('',#1702,#1703,#1704);
#1702 = CARTESIAN_POINT('',(1.0668E+03,-13.7,1.2192E+03));
#1703 = DIRECTION('',(1.,0.,0.));
#1704 = DIRECTION('',(0.,0.,1.));
#1705 = MANIFOLD_SOLID_BREP('',#1706);
#1706 = CLOSED_SHELL('',(#1707,#1747,#1810,#1834,#1890,#1907,#1924,#1941
    ,#1958,#1975));
#1707 = ADVANCED_FACE('',(#1708),#1742,.F.);
#1708 = FACE_BOUND('',#1709,.F.);
#1709 = EDGE_LOOP('',(#1710,#1720,#1728,#1736));
#1710 = ORIENTED_EDGE('',*,*,#1711,.F.);
#1711 = EDGE_CURVE('',#1712,#1714,#1716,.T.);
#1712 = VERTEX_POINT('',#1713);
#1713 = CARTESIAN_POINT('',(-12.7,6.3246E+03,0.));
#1714 = VERTEX_POINT('',#1715);
#1715 = CARTESIAN_POINT('',(-12.7,6.3246E+03,2.5019E+03));
#1716 = LINE('',#1717,#1718);
#1717 = CARTESIAN_POINT('',(-12.7,6.3246E+03,0.));
#1718 = VECTOR('',#1719,1.);
#1719 = DIRECTION('',(0.,0.,1.));
#1720 = ORIENTED_EDGE('',*,*,#1721,.T.);
#1721 = EDGE_CURVE('',#1712,#1722,#1724,.T.);
#1722 = VERTEX_POINT('',#1723);
#1723 = CARTESIAN_POINT('',(-12.7,6.3373E+03,0.));
#1724 = LINE('',#1725,#1726);
#1725 = CARTESIAN_POINT('',(-12.7,6.3246E+03,0.));
#1726 = VECTOR('',#1727,1.);
#1727 = DIRECTION('',(0.,1.,0.));
#1728 = ORIENTED_EDGE('',*,*,#1729,.T.);
#1729 = EDGE_CURVE('',#1722,#1730,#1732,.T.);
#1730 = VERTEX_POINT('',#1731);
#1731 = CARTESIAN_POINT('',(-12.7,6.3373E+03,2.5019E+03));
#1732 = LINE('',#1733,#1734);
#1733 = CARTESIAN_POINT('',(-12.7,6.3373E+03,0.));
#1734 = VECTOR('',#1735,1.);
#1735 = DIRECTION('',(0.,0.,1.));
#1736 = ORIENTED_EDGE('',*,*,#1737,.F.);
#1737 = EDGE_CURVE('',#1714,#1730,#1738,.T.);
#1738 = LINE('',#1739,#1740);
#1739 = CARTESIAN_POINT('',(-12.7,6.3246E+03,2.5019E+03));
#1740 = VECTOR('',#1741,1.);
#1741 = DIRECTION('',(0.,1.,0.));
#1742 = PLANE('',#1743);
#1743 = AXIS2_PLACEMENT_3D('',#1744,#1745,#1746);
#1744 = CARTESIAN_POINT('',(-12.7,6.3246E+03,0.));
#1745 = DIRECTION('',(1.,0.,0.));
#1746 = DIRECTION('',(0.,0.,1.));
#1747 = ADVANCED_FACE('',(#1748),#1805,.F.);
#1748 = FACE_BOUND('',#1749,.F.);
#1749 = EDGE_LOOP('',(#1750,#1758,#1759,#1767,#1775,#1783,#1791,#1799));
#1750 = ORIENTED_EDGE('',*,*,#1751,.F.);
#1751 = EDGE_CURVE('',#1712,#1752,#1754,.T.);
#1752 = VERTEX_POINT('',#1753);
#1753 = CARTESIAN_POINT('',(1.42875E+03,6.3246E+03,0.));
#1754 = LINE('',#1755,#1756);
#1755 = CARTESIAN_POINT('',(-12.7,6.3246E+03,0.));
#1756 = VECTOR('',#1757,1.);
#1757 = DIRECTION('',(1.,0.,0.));
#1758 = ORIENTED_EDGE('',*,*,#1711,.T.);
#1759 = ORIENTED_EDGE('',*,*,#1760,.T.);
#1760 = EDGE_CURVE('',#1714,#1761,#1763,.T.);
#1761 = VERTEX_POINT('',#1762);
#1762 = CARTESIAN_POINT('',(6.35E+03,6.3246E+03,2.5019E+03));
#1763 = LINE('',#1764,#1765);
#1764 = CARTESIAN_POINT('',(-12.7,6.3246E+03,2.5019E+03));
#1765 = VECTOR('',#1766,1.);
#1766 = DIRECTION('',(1.,0.,0.));
#1767 = ORIENTED_EDGE('',*,*,#1768,.F.);
#1768 = EDGE_CURVE('',#1769,#1761,#1771,.T.);
#1769 = VERTEX_POINT('',#1770);
#1770 = CARTESIAN_POINT('',(6.35E+03,6.3246E+03,0.));
#1771 = LINE('',#1772,#1773);
#1772 = CARTESIAN_POINT('',(6.35E+03,6.3246E+03,0.));
#1773 = VECTOR('',#1774,1.);
#1774 = DIRECTION('',(0.,0.,1.));
#1775 = ORIENTED_EDGE('',*,*,#1776,.F.);
#1776 = EDGE_CURVE('',#1777,#1769,#1779,.T.);
#1777 = VERTEX_POINT('',#1778);
#1778 = CARTESIAN_POINT('',(5.61975E+03,6.3246E+03,0.));
#1779 = LINE('',#1780,#1781);
#1780 = CARTESIAN_POINT('',(-12.7,6.3246E+03,0.));
#1781 = VECTOR('',#1782,1.);
#1782 = DIRECTION('',(1.,0.,0.));
#1783 = ORIENTED_EDGE('',*,*,#1784,.F.);
#1784 = EDGE_CURVE('',#1785,#1777,#1787,.T.);
#1785 = VERTEX_POINT('',#1786);
#1786 = CARTESIAN_POINT('',(5.61975E+03,6.3246E+03,2.1844E+03));
#1787 = LINE('',#1788,#1789);
#1788 = CARTESIAN_POINT('',(5.61975E+03,6.3246E+03,0.));
#1789 = VECTOR('',#1790,1.);
#1790 = DIRECTION('',(0.,0.,-1.));
#1791 = ORIENTED_EDGE('',*,*,#1792,.F.);
#1792 = EDGE_CURVE('',#1793,#1785,#1795,.T.);
#1793 = VERTEX_POINT('',#1794);
#1794 = CARTESIAN_POINT('',(1.42875E+03,6.3246E+03,2.1844E+03));
#1795 = LINE('',#1796,#1797);
#1796 = CARTESIAN_POINT('',(708.025,6.3246E+03,2.1844E+03));
#1797 = VECTOR('',#1798,1.);
#1798 = DIRECTION('',(1.,0.,0.));
#1799 = ORIENTED_EDGE('',*,*,#1800,.T.);
#1800 = EDGE_CURVE('',#1793,#1752,#1801,.T.);
#1801 = LINE('',#1802,#1803);
#1802 = CARTESIAN_POINT('',(1.42875E+03,6.3246E+03,0.));
#1803 = VECTOR('',#1804,1.);
#1804 = DIRECTION('',(0.,0.,-1.));
#1805 = PLANE('',#1806);
#1806 = AXIS2_PLACEMENT_3D('',#1807,#1808,#1809);
#1807 = CARTESIAN_POINT('',(-12.7,6.3246E+03,0.));
#1808 = DIRECTION('',(0.,1.,0.));
#1809 = DIRECTION('',(0.,0.,1.));
#1810 = ADVANCED_FACE('',(#1811),#1829,.T.);
#1811 = FACE_BOUND('',#1812,.T.);
#1812 = EDGE_LOOP('',(#1813,#1814,#1815,#1823));
#1813 = ORIENTED_EDGE('',*,*,#1737,.F.);
#1814 = ORIENTED_EDGE('',*,*,#1760,.T.);
#1815 = ORIENTED_EDGE('',*,*,#1816,.T.);
#1816 = EDGE_CURVE('',#1761,#1817,#1819,.T.);
#1817 = VERTEX_POINT('',#1818);
#1818 = CARTESIAN_POINT('',(6.35E+03,6.3373E+03,2.5019E+03));
#1819 = LINE('',#1820,#1821);
#1820 = CARTESIAN_POINT('',(6.35E+03,6.3246E+03,2.5019E+03));
#1821 = VECTOR('',#1822,1.);
#1822 = DIRECTION('',(0.,1.,0.));
#1823 = ORIENTED_EDGE('',*,*,#1824,.F.);
#1824 = EDGE_CURVE('',#1730,#1817,#1825,.T.);
#1825 = LINE('',#1826,#1827);
#1826 = CARTESIAN_POINT('',(-12.7,6.3373E+03,2.5019E+03));
#1827 = VECTOR('',#1828,1.);
#1828 = DIRECTION('',(1.,0.,0.));
#1829 = PLANE('',#1830);
#1830 = AXIS2_PLACEMENT_3D('',#1831,#1832,#1833);
#1831 = CARTESIAN_POINT('',(-12.7,6.3246E+03,2.5019E+03));
#1832 = DIRECTION('',(0.,0.,1.));
#1833 = DIRECTION('',(1.,0.,0.));
#1834 = ADVANCED_FACE('',(#1835),#1885,.T.);
#1835 = FACE_BOUND('',#1836,.T.);
#1836 = EDGE_LOOP('',(#1837,#1845,#1846,#1847,#1855,#1863,#1871,#1879));
#1837 = ORIENTED_EDGE('',*,*,#1838,.F.);
#1838 = EDGE_CURVE('',#1722,#1839,#1841,.T.);
#1839 = VERTEX_POINT('',#1840);
#1840 = CARTESIAN_POINT('',(1.42875E+03,6.3373E+03,0.));
#1841 = LINE('',#1842,#1843);
#1842 = CARTESIAN_POINT('',(-12.7,6.3373E+03,0.));
#1843 = VECTOR('',#1844,1.);
#1844 = DIRECTION('',(1.,0.,0.));
#1845 = ORIENTED_EDGE('',*,*,#1729,.T.);
#1846 = ORIENTED_EDGE('',*,*,#1824,.T.);
#1847 = ORIENTED_EDGE('',*,*,#1848,.F.);
#1848 = EDGE_CURVE('',#1849,#1817,#1851,.T.);
#1849 = VERTEX_POINT('',#1850);
#1850 = CARTESIAN_POINT('',(6.35E+03,6.3373E+03,0.));
#1851 = LINE('',#1852,#1853);
#1852 = CARTESIAN_POINT('',(6.35E+03,6.3373E+03,0.));
#1853 = VECTOR('',#1854,1.);
#1854 = DIRECTION('',(0.,0.,1.));
#1855 = ORIENTED_EDGE('',*,*,#1856,.F.);
#1856 = EDGE_CURVE('',#1857,#1849,#1859,.T.);
#1857 = VERTEX_POINT('',#1858);
#1858 = CARTESIAN_POINT('',(5.61975E+03,6.3373E+03,0.));
#1859 = LINE('',#1860,#1861);
#1860 = CARTESIAN_POINT('',(-12.7,6.3373E+03,0.));
#1861 = VECTOR('',#1862,1.);
#1862 = DIRECTION('',(1.,0.,0.));
#1863 = ORIENTED_EDGE('',*,*,#1864,.F.);
#1864 = EDGE_CURVE('',#1865,#1857,#1867,.T.);
#1865 = VERTEX_POINT('',#1866);
#1866 = CARTESIAN_POINT('',(5.61975E+03,6.3373E+03,2.1844E+03));
#1867 = LINE('',#1868,#1869);
#1868 = CARTESIAN_POINT('',(5.61975E+03,6.3373E+03,0.));
#1869 = VECTOR('',#1870,1.);
#1870 = DIRECTION('',(0.,0.,-1.));
#1871 = ORIENTED_EDGE('',*,*,#1872,.F.);
#1872 = EDGE_CURVE('',#1873,#1865,#1875,.T.);
#1873 = VERTEX_POINT('',#1874);
#1874 = CARTESIAN_POINT('',(1.42875E+03,6.3373E+03,2.1844E+03));
#1875 = LINE('',#1876,#1877);
#1876 = CARTESIAN_POINT('',(708.025,6.3373E+03,2.1844E+03));
#1877 = VECTOR('',#1878,1.);
#1878 = DIRECTION('',(1.,0.,0.));
#1879 = ORIENTED_EDGE('',*,*,#1880,.T.);
#1880 = EDGE_CURVE('',#1873,#1839,#1881,.T.);
#1881 = LINE('',#1882,#1883);
#1882 = CARTESIAN_POINT('',(1.42875E+03,6.3373E+03,0.));
#1883 = VECTOR('',#1884,1.);
#1884 = DIRECTION('',(0.,0.,-1.));
#1885 = PLANE('',#1886);
#1886 = AXIS2_PLACEMENT_3D('',#1887,#1888,#1889);
#1887 = CARTESIAN_POINT('',(-12.7,6.3373E+03,0.));
#1888 = DIRECTION('',(0.,1.,0.));
#1889 = DIRECTION('',(0.,0.,1.));
#1890 = ADVANCED_FACE('',(#1891),#1902,.F.);
#1891 = FACE_BOUND('',#1892,.F.);
#1892 = EDGE_LOOP('',(#1893,#1894,#1895,#1896));
#1893 = ORIENTED_EDGE('',*,*,#1838,.F.);
#1894 = ORIENTED_EDGE('',*,*,#1721,.F.);
#1895 = ORIENTED_EDGE('',*,*,#1751,.T.);
#1896 = ORIENTED_EDGE('',*,*,#1897,.T.);
#1897 = EDGE_CURVE('',#1752,#1839,#1898,.T.);
#1898 = LINE('',#1899,#1900);
#1899 = CARTESIAN_POINT('',(1.42875E+03,6.1712E+03,0.));
#1900 = VECTOR('',#1901,1.);
#1901 = DIRECTION('',(0.,1.,0.));
#1902 = PLANE('',#1903);
#1903 = AXIS2_PLACEMENT_3D('',#1904,#1905,#1906);
#1904 = CARTESIAN_POINT('',(-12.7,6.3246E+03,0.));
#1905 = DIRECTION('',(0.,0.,1.));
#1906 = DIRECTION('',(1.,0.,0.));
#1907 = ADVANCED_FACE('',(#1908),#1919,.T.);
#1908 = FACE_BOUND('',#1909,.T.);
#1909 = EDGE_LOOP('',(#1910,#1916,#1917,#1918));
#1910 = ORIENTED_EDGE('',*,*,#1911,.F.);
#1911 = EDGE_CURVE('',#1793,#1873,#1912,.T.);
#1912 = LINE('',#1913,#1914);
#1913 = CARTESIAN_POINT('',(1.42875E+03,6.1712E+03,2.1844E+03));
#1914 = VECTOR('',#1915,1.);
#1915 = DIRECTION('',(0.,1.,0.));
#1916 = ORIENTED_EDGE('',*,*,#1800,.T.);
#1917 = ORIENTED_EDGE('',*,*,#1897,.T.);
#1918 = ORIENTED_EDGE('',*,*,#1880,.F.);
#1919 = PLANE('',#1920);
#1920 = AXIS2_PLACEMENT_3D('',#1921,#1922,#1923);
#1921 = CARTESIAN_POINT('',(1.42875E+03,6.1712E+03,0.));
#1922 = DIRECTION('',(1.,0.,0.));
#1923 = DIRECTION('',(0.,0.,1.));
#1924 = ADVANCED_FACE('',(#1925),#1936,.F.);
#1925 = FACE_BOUND('',#1926,.F.);
#1926 = EDGE_LOOP('',(#1927,#1928,#1929,#1935));
#1927 = ORIENTED_EDGE('',*,*,#1911,.F.);
#1928 = ORIENTED_EDGE('',*,*,#1792,.T.);
#1929 = ORIENTED_EDGE('',*,*,#1930,.T.);
#1930 = EDGE_CURVE('',#1785,#1865,#1931,.T.);
#1931 = LINE('',#1932,#1933);
#1932 = CARTESIAN_POINT('',(5.61975E+03,6.1712E+03,2.1844E+03));
#1933 = VECTOR('',#1934,1.);
#1934 = DIRECTION('',(0.,1.,0.));
#1935 = ORIENTED_EDGE('',*,*,#1872,.F.);
#1936 = PLANE('',#1937);
#1937 = AXIS2_PLACEMENT_3D('',#1938,#1939,#1940);
#1938 = CARTESIAN_POINT('',(1.42875E+03,6.1712E+03,2.1844E+03));
#1939 = DIRECTION('',(0.,0.,1.));
#1940 = DIRECTION('',(1.,0.,0.));
#1941 = ADVANCED_FACE('',(#1942),#1953,.F.);
#1942 = FACE_BOUND('',#1943,.F.);
#1943 = EDGE_LOOP('',(#1944,#1945,#1946,#1952));
#1944 = ORIENTED_EDGE('',*,*,#1930,.F.);
#1945 = ORIENTED_EDGE('',*,*,#1784,.T.);
#1946 = ORIENTED_EDGE('',*,*,#1947,.T.);
#1947 = EDGE_CURVE('',#1777,#1857,#1948,.T.);
#1948 = LINE('',#1949,#1950);
#1949 = CARTESIAN_POINT('',(5.61975E+03,6.1712E+03,0.));
#1950 = VECTOR('',#1951,1.);
#1951 = DIRECTION('',(0.,1.,0.));
#1952 = ORIENTED_EDGE('',*,*,#1864,.F.);
#1953 = PLANE('',#1954);
#1954 = AXIS2_PLACEMENT_3D('',#1955,#1956,#1957);
#1955 = CARTESIAN_POINT('',(5.61975E+03,6.1712E+03,0.));
#1956 = DIRECTION('',(1.,0.,0.));
#1957 = DIRECTION('',(0.,0.,1.));
#1958 = ADVANCED_FACE('',(#1959),#1970,.F.);
#1959 = FACE_BOUND('',#1960,.F.);
#1960 = EDGE_LOOP('',(#1961,#1962,#1963,#1964));
#1961 = ORIENTED_EDGE('',*,*,#1856,.F.);
#1962 = ORIENTED_EDGE('',*,*,#1947,.F.);
#1963 = ORIENTED_EDGE('',*,*,#1776,.T.);
#1964 = ORIENTED_EDGE('',*,*,#1965,.T.);
#1965 = EDGE_CURVE('',#1769,#1849,#1966,.T.);
#1966 = LINE('',#1967,#1968);
#1967 = CARTESIAN_POINT('',(6.35E+03,6.3246E+03,0.));
#1968 = VECTOR('',#1969,1.);
#1969 = DIRECTION('',(0.,1.,0.));
#1970 = PLANE('',#1971);
#1971 = AXIS2_PLACEMENT_3D('',#1972,#1973,#1974);
#1972 = CARTESIAN_POINT('',(-12.7,6.3246E+03,0.));
#1973 = DIRECTION('',(0.,0.,1.));
#1974 = DIRECTION('',(1.,0.,0.));
#1975 = ADVANCED_FACE('',(#1976),#1982,.T.);
#1976 = FACE_BOUND('',#1977,.T.);
#1977 = EDGE_LOOP('',(#1978,#1979,#1980,#1981));
#1978 = ORIENTED_EDGE('',*,*,#1768,.F.);
#1979 = ORIENTED_EDGE('',*,*,#1965,.T.);
#1980 = ORIENTED_EDGE('',*,*,#1848,.T.);
#1981 = ORIENTED_EDGE('',*,*,#1816,.F.);
#1982 = PLANE('',#1983);
#1983 = AXIS2_PLACEMENT_3D('',#1984,#1985,#1986);
#1984 = CARTESIAN_POINT('',(6.35E+03,6.3246E+03,0.));
#1985 = DIRECTION('',(1.,0.,0.));
#1986 = DIRECTION('',(0.,0.,1.));
#1987 = MANIFOLD_SOLID_BREP('',#1988);
#1988 = CLOSED_SHELL('',(#1989,#2097,#2128,#2152,#2176,#2193,#2224,#2248
    ,#2272,#2289,#2320,#2344,#2368,#2385));
#1989 = ADVANCED_FACE('',(#1990,#2024,#2058),#2092,.F.);
#1990 = FACE_BOUND('',#1991,.F.);
#1991 = EDGE_LOOP('',(#1992,#2002,#2010,#2018));
#1992 = ORIENTED_EDGE('',*,*,#1993,.F.);
#1993 = EDGE_CURVE('',#1994,#1996,#1998,.T.);
#1994 = VERTEX_POINT('',#1995);
#1995 = CARTESIAN_POINT('',(-12.7,0.,0.));
#1996 = VERTEX_POINT('',#1997);
#1997 = CARTESIAN_POINT('',(-12.7,0.,2.5019E+03));
#1998 = LINE('',#1999,#2000);
#1999 = CARTESIAN_POINT('',(-12.7,0.,0.));
#2000 = VECTOR('',#2001,1.);
#2001 = DIRECTION('',(0.,0.,1.));
#2002 = ORIENTED_EDGE('',*,*,#2003,.T.);
#2003 = EDGE_CURVE('',#1994,#2004,#2006,.T.);
#2004 = VERTEX_POINT('',#2005);
#2005 = CARTESIAN_POINT('',(-12.7,6.3246E+03,0.));
#2006 = LINE('',#2007,#2008);
#2007 = CARTESIAN_POINT('',(-12.7,0.,0.));
#2008 = VECTOR('',#2009,1.);
#2009 = DIRECTION('',(0.,1.,0.));
#2010 = ORIENTED_EDGE('',*,*,#2011,.T.);
#2011 = EDGE_CURVE('',#2004,#2012,#2014,.T.);
#2012 = VERTEX_POINT('',#2013);
#2013 = CARTESIAN_POINT('',(-12.7,6.3246E+03,2.5019E+03));
#2014 = LINE('',#2015,#2016);
#2015 = CARTESIAN_POINT('',(-12.7,6.3246E+03,0.));
#2016 = VECTOR('',#2017,1.);
#2017 = DIRECTION('',(0.,0.,1.));
#2018 = ORIENTED_EDGE('',*,*,#2019,.F.);
#2019 = EDGE_CURVE('',#1996,#2012,#2020,.T.);
#2020 = LINE('',#2021,#2022);
#2021 = CARTESIAN_POINT('',(-12.7,0.,2.5019E+03));
#2022 = VECTOR('',#2023,1.);
#2023 = DIRECTION('',(0.,1.,0.));
#2024 = FACE_BOUND('',#2025,.F.);
#2025 = EDGE_LOOP('',(#2026,#2036,#2044,#2052));
#2026 = ORIENTED_EDGE('',*,*,#2027,.T.);
#2027 = EDGE_CURVE('',#2028,#2030,#2032,.T.);
#2028 = VERTEX_POINT('',#2029);
#2029 = CARTESIAN_POINT('',(-12.7,4.6228E+03,1.2192E+03));
#2030 = VERTEX_POINT('',#2031);
#2031 = CARTESIAN_POINT('',(-12.7,3.89255E+03,1.2192E+03));
#2032 = LINE('',#2033,#2034);
#2033 = CARTESIAN_POINT('',(-12.7,1.946275E+03,1.2192E+03));
#2034 = VECTOR('',#2035,1.);
#2035 = DIRECTION('',(0.,-1.,0.));
#2036 = ORIENTED_EDGE('',*,*,#2037,.T.);
#2037 = EDGE_CURVE('',#2030,#2038,#2040,.T.);
#2038 = VERTEX_POINT('',#2039);
#2039 = CARTESIAN_POINT('',(-12.7,3.89255E+03,1.8288E+03));
#2040 = LINE('',#2041,#2042);
#2041 = CARTESIAN_POINT('',(-12.7,3.89255E+03,609.6));
#2042 = VECTOR('',#2043,1.);
#2043 = DIRECTION('',(0.,0.,1.));
#2044 = ORIENTED_EDGE('',*,*,#2045,.F.);
#2045 = EDGE_CURVE('',#2046,#2038,#2048,.T.);
#2046 = VERTEX_POINT('',#2047);
#2047 = CARTESIAN_POINT('',(-12.7,4.6228E+03,1.8288E+03));
#2048 = LINE('',#2049,#2050);
#2049 = CARTESIAN_POINT('',(-12.7,1.946275E+03,1.8288E+03));
#2050 = VECTOR('',#2051,1.);
#2051 = DIRECTION('',(0.,-1.,0.));
#2052 = ORIENTED_EDGE('',*,*,#2053,.F.);
#2053 = EDGE_CURVE('',#2028,#2046,#2054,.T.);
#2054 = LINE('',#2055,#2056);
#2055 = CARTESIAN_POINT('',(-12.7,4.6228E+03,609.6));
#2056 = VECTOR('',#2057,1.);
#2057 = DIRECTION('',(0.,0.,1.));
#2058 = FACE_BOUND('',#2059,.F.);
#2059 = EDGE_LOOP('',(#2060,#2070,#2078,#2086));
#2060 = ORIENTED_EDGE('',*,*,#2061,.T.);
#2061 = EDGE_CURVE('',#2062,#2064,#2066,.T.);
#2062 = VERTEX_POINT('',#2063);
#2063 = CARTESIAN_POINT('',(-12.7,2.5781E+03,1.2192E+03));
#2064 = VERTEX_POINT('',#2065);
#2065 = CARTESIAN_POINT('',(-12.7,1.8542E+03,1.2192E+03));
#2066 = LINE('',#2067,#2068);
#2067 = CARTESIAN_POINT('',(-12.7,927.1,1.2192E+03));
#2068 = VECTOR('',#2069,1.);
#2069 = DIRECTION('',(0.,-1.,0.));
#2070 = ORIENTED_EDGE('',*,*,#2071,.T.);
#2071 = EDGE_CURVE('',#2064,#2072,#2074,.T.);
#2072 = VERTEX_POINT('',#2073);
#2073 = CARTESIAN_POINT('',(-12.7,1.8542E+03,1.8288E+03));
#2074 = LINE('',#2075,#2076);
#2075 = CARTESIAN_POINT('',(-12.7,1.8542E+03,609.6));
#2076 = VECTOR('',#2077,1.);
#2077 = DIRECTION('',(0.,0.,1.));
#2078 = ORIENTED_EDGE('',*,*,#2079,.F.);
#2079 = EDGE_CURVE('',#2080,#2072,#2082,.T.);
#2080 = VERTEX_POINT('',#2081);
#2081 = CARTESIAN_POINT('',(-12.7,2.5781E+03,1.8288E+03));
#2082 = LINE('',#2083,#2084);
#2083 = CARTESIAN_POINT('',(-12.7,927.1,1.8288E+03));
#2084 = VECTOR('',#2085,1.);
#2085 = DIRECTION('',(0.,-1.,0.));
#2086 = ORIENTED_EDGE('',*,*,#2087,.F.);
#2087 = EDGE_CURVE('',#2062,#2080,#2088,.T.);
#2088 = LINE('',#2089,#2090);
#2089 = CARTESIAN_POINT('',(-12.7,2.5781E+03,609.6));
#2090 = VECTOR('',#2091,1.);
#2091 = DIRECTION('',(0.,0.,1.));
#2092 = PLANE('',#2093);
#2093 = AXIS2_PLACEMENT_3D('',#2094,#2095,#2096);
#2094 = CARTESIAN_POINT('',(-12.7,0.,0.));
#2095 = DIRECTION('',(1.,0.,0.));
#2096 = DIRECTION('',(0.,0.,1.));
#2097 = ADVANCED_FACE('',(#2098),#2123,.F.);
#2098 = FACE_BOUND('',#2099,.F.);
#2099 = EDGE_LOOP('',(#2100,#2108,#2109,#2117));
#2100 = ORIENTED_EDGE('',*,*,#2101,.F.);
#2101 = EDGE_CURVE('',#1994,#2102,#2104,.T.);
#2102 = VERTEX_POINT('',#2103);
#2103 = CARTESIAN_POINT('',(0.,0.,0.));
#2104 = LINE('',#2105,#2106);
#2105 = CARTESIAN_POINT('',(-12.7,0.,0.));
#2106 = VECTOR('',#2107,1.);
#2107 = DIRECTION('',(1.,0.,0.));
#2108 = ORIENTED_EDGE('',*,*,#1993,.T.);
#2109 = ORIENTED_EDGE('',*,*,#2110,.T.);
#2110 = EDGE_CURVE('',#1996,#2111,#2113,.T.);
#2111 = VERTEX_POINT('',#2112);
#2112 = CARTESIAN_POINT('',(0.,0.,2.5019E+03));
#2113 = LINE('',#2114,#2115);
#2114 = CARTESIAN_POINT('',(-12.7,0.,2.5019E+03));
#2115 = VECTOR('',#2116,1.);
#2116 = DIRECTION('',(1.,0.,0.));
#2117 = ORIENTED_EDGE('',*,*,#2118,.F.);
#2118 = EDGE_CURVE('',#2102,#2111,#2119,.T.);
#2119 = LINE('',#2120,#2121);
#2120 = CARTESIAN_POINT('',(0.,0.,0.));
#2121 = VECTOR('',#2122,1.);
#2122 = DIRECTION('',(0.,0.,1.));
#2123 = PLANE('',#2124);
#2124 = AXIS2_PLACEMENT_3D('',#2125,#2126,#2127);
#2125 = CARTESIAN_POINT('',(-12.7,0.,0.));
#2126 = DIRECTION('',(0.,1.,0.));
#2127 = DIRECTION('',(0.,0.,1.));
#2128 = ADVANCED_FACE('',(#2129),#2147,.T.);
#2129 = FACE_BOUND('',#2130,.T.);
#2130 = EDGE_LOOP('',(#2131,#2132,#2133,#2141));
#2131 = ORIENTED_EDGE('',*,*,#2019,.F.);
#2132 = ORIENTED_EDGE('',*,*,#2110,.T.);
#2133 = ORIENTED_EDGE('',*,*,#2134,.T.);
#2134 = EDGE_CURVE('',#2111,#2135,#2137,.T.);
#2135 = VERTEX_POINT('',#2136);
#2136 = CARTESIAN_POINT('',(0.,6.3246E+03,2.5019E+03));
#2137 = LINE('',#2138,#2139);
#2138 = CARTESIAN_POINT('',(0.,0.,2.5019E+03));
#2139 = VECTOR('',#2140,1.);
#2140 = DIRECTION('',(0.,1.,0.));
#2141 = ORIENTED_EDGE('',*,*,#2142,.F.);
#2142 = EDGE_CURVE('',#2012,#2135,#2143,.T.);
#2143 = LINE('',#2144,#2145);
#2144 = CARTESIAN_POINT('',(-12.7,6.3246E+03,2.5019E+03));
#2145 = VECTOR('',#2146,1.);
#2146 = DIRECTION('',(1.,0.,0.));
#2147 = PLANE('',#2148);
#2148 = AXIS2_PLACEMENT_3D('',#2149,#2150,#2151);
#2149 = CARTESIAN_POINT('',(-12.7,0.,2.5019E+03));
#2150 = DIRECTION('',(0.,0.,1.));
#2151 = DIRECTION('',(1.,0.,0.));
#2152 = ADVANCED_FACE('',(#2153),#2171,.F.);
#2153 = FACE_BOUND('',#2154,.F.);
#2154 = EDGE_LOOP('',(#2155,#2156,#2157,#2165));
#2155 = ORIENTED_EDGE('',*,*,#2003,.F.);
#2156 = ORIENTED_EDGE('',*,*,#2101,.T.);
#2157 = ORIENTED_EDGE('',*,*,#2158,.T.);
#2158 = EDGE_CURVE('',#2102,#2159,#2161,.T.);
#2159 = VERTEX_POINT('',#2160);
#2160 = CARTESIAN_POINT('',(0.,6.3246E+03,0.));
#2161 = LINE('',#2162,#2163);
#2162 = CARTESIAN_POINT('',(0.,0.,0.));
#2163 = VECTOR('',#2164,1.);
#2164 = DIRECTION('',(0.,1.,0.));
#2165 = ORIENTED_EDGE('',*,*,#2166,.F.);
#2166 = EDGE_CURVE('',#2004,#2159,#2167,.T.);
#2167 = LINE('',#2168,#2169);
#2168 = CARTESIAN_POINT('',(-12.7,6.3246E+03,0.));
#2169 = VECTOR('',#2170,1.);
#2170 = DIRECTION('',(1.,0.,0.));
#2171 = PLANE('',#2172);
#2172 = AXIS2_PLACEMENT_3D('',#2173,#2174,#2175);
#2173 = CARTESIAN_POINT('',(-12.7,0.,0.));
#2174 = DIRECTION('',(0.,0.,1.));
#2175 = DIRECTION('',(1.,0.,0.));
#2176 = ADVANCED_FACE('',(#2177),#2188,.T.);
#2177 = FACE_BOUND('',#2178,.T.);
#2178 = EDGE_LOOP('',(#2179,#2180,#2181,#2182));
#2179 = ORIENTED_EDGE('',*,*,#2166,.F.);
#2180 = ORIENTED_EDGE('',*,*,#2011,.T.);
#2181 = ORIENTED_EDGE('',*,*,#2142,.T.);
#2182 = ORIENTED_EDGE('',*,*,#2183,.F.);
#2183 = EDGE_CURVE('',#2159,#2135,#2184,.T.);
#2184 = LINE('',#2185,#2186);
#2185 = CARTESIAN_POINT('',(0.,6.3246E+03,0.));
#2186 = VECTOR('',#2187,1.);
#2187 = DIRECTION('',(0.,0.,1.));
#2188 = PLANE('',#2189);
#2189 = AXIS2_PLACEMENT_3D('',#2190,#2191,#2192);
#2190 = CARTESIAN_POINT('',(-12.7,6.3246E+03,0.));
#2191 = DIRECTION('',(0.,1.,0.));
#2192 = DIRECTION('',(0.,0.,1.));
#2193 = ADVANCED_FACE('',(#2194),#2219,.T.);
#2194 = FACE_BOUND('',#2195,.T.);
#2195 = EDGE_LOOP('',(#2196,#2204,#2205,#2213));
#2196 = ORIENTED_EDGE('',*,*,#2197,.F.);
#2197 = EDGE_CURVE('',#2028,#2198,#2200,.T.);
#2198 = VERTEX_POINT('',#2199);
#2199 = CARTESIAN_POINT('',(0.,4.6228E+03,1.2192E+03));
#2200 = LINE('',#2201,#2202);
#2201 = CARTESIAN_POINT('',(-13.7,4.6228E+03,1.2192E+03));
#2202 = VECTOR('',#2203,1.);
#2203 = DIRECTION('',(1.,0.,0.));
#2204 = ORIENTED_EDGE('',*,*,#2027,.T.);
#2205 = ORIENTED_EDGE('',*,*,#2206,.T.);
#2206 = EDGE_CURVE('',#2030,#2207,#2209,.T.);
#2207 = VERTEX_POINT('',#2208);
#2208 = CARTESIAN_POINT('',(0.,3.89255E+03,1.2192E+03));
#2209 = LINE('',#2210,#2211);
#2210 = CARTESIAN_POINT('',(-13.7,3.89255E+03,1.2192E+03));
#2211 = VECTOR('',#2212,1.);
#2212 = DIRECTION('',(1.,0.,0.));
#2213 = ORIENTED_EDGE('',*,*,#2214,.F.);
#2214 = EDGE_CURVE('',#2198,#2207,#2215,.T.);
#2215 = LINE('',#2216,#2217);
#2216 = CARTESIAN_POINT('',(0.,1.946275E+03,1.2192E+03));
#2217 = VECTOR('',#2218,1.);
#2218 = DIRECTION('',(0.,-1.,0.));
#2219 = PLANE('',#2220);
#2220 = AXIS2_PLACEMENT_3D('',#2221,#2222,#2223);
#2221 = CARTESIAN_POINT('',(-13.7,3.89255E+03,1.2192E+03));
#2222 = DIRECTION('',(0.,0.,1.));
#2223 = DIRECTION('',(1.,0.,0.));
#2224 = ADVANCED_FACE('',(#2225),#2243,.F.);
#2225 = FACE_BOUND('',#2226,.F.);
#2226 = EDGE_LOOP('',(#2227,#2228,#2229,#2237));
#2227 = ORIENTED_EDGE('',*,*,#2197,.F.);
#2228 = ORIENTED_EDGE('',*,*,#2053,.T.);
#2229 = ORIENTED_EDGE('',*,*,#2230,.T.);
#2230 = EDGE_CURVE('',#2046,#2231,#2233,.T.);
#2231 = VERTEX_POINT('',#2232);
#2232 = CARTESIAN_POINT('',(0.,4.6228E+03,1.8288E+03));
#2233 = LINE('',#2234,#2235);
#2234 = CARTESIAN_POINT('',(-13.7,4.6228E+03,1.8288E+03));
#2235 = VECTOR('',#2236,1.);
#2236 = DIRECTION('',(1.,0.,0.));
#2237 = ORIENTED_EDGE('',*,*,#2238,.F.);
#2238 = EDGE_CURVE('',#2198,#2231,#2239,.T.);
#2239 = LINE('',#2240,#2241);
#2240 = CARTESIAN_POINT('',(0.,4.6228E+03,609.6));
#2241 = VECTOR('',#2242,1.);
#2242 = DIRECTION('',(0.,0.,1.));
#2243 = PLANE('',#2244);
#2244 = AXIS2_PLACEMENT_3D('',#2245,#2246,#2247);
#2245 = CARTESIAN_POINT('',(-13.7,4.6228E+03,1.2192E+03));
#2246 = DIRECTION('',(0.,1.,0.));
#2247 = DIRECTION('',(0.,0.,1.));
#2248 = ADVANCED_FACE('',(#2249),#2267,.F.);
#2249 = FACE_BOUND('',#2250,.F.);
#2250 = EDGE_LOOP('',(#2251,#2252,#2253,#2261));
#2251 = ORIENTED_EDGE('',*,*,#2230,.F.);
#2252 = ORIENTED_EDGE('',*,*,#2045,.T.);
#2253 = ORIENTED_EDGE('',*,*,#2254,.T.);
#2254 = EDGE_CURVE('',#2038,#2255,#2257,.T.);
#2255 = VERTEX_POINT('',#2256);
#2256 = CARTESIAN_POINT('',(0.,3.89255E+03,1.8288E+03));
#2257 = LINE('',#2258,#2259);
#2258 = CARTESIAN_POINT('',(-13.7,3.89255E+03,1.8288E+03));
#2259 = VECTOR('',#2260,1.);
#2260 = DIRECTION('',(1.,0.,0.));
#2261 = ORIENTED_EDGE('',*,*,#2262,.F.);
#2262 = EDGE_CURVE('',#2231,#2255,#2263,.T.);
#2263 = LINE('',#2264,#2265);
#2264 = CARTESIAN_POINT('',(0.,1.946275E+03,1.8288E+03));
#2265 = VECTOR('',#2266,1.);
#2266 = DIRECTION('',(0.,-1.,0.));
#2267 = PLANE('',#2268);
#2268 = AXIS2_PLACEMENT_3D('',#2269,#2270,#2271);
#2269 = CARTESIAN_POINT('',(-13.7,3.89255E+03,1.8288E+03));
#2270 = DIRECTION('',(0.,0.,1.));
#2271 = DIRECTION('',(1.,0.,0.));
#2272 = ADVANCED_FACE('',(#2273),#2284,.T.);
#2273 = FACE_BOUND('',#2274,.T.);
#2274 = EDGE_LOOP('',(#2275,#2276,#2277,#2278));
#2275 = ORIENTED_EDGE('',*,*,#2206,.F.);
#2276 = ORIENTED_EDGE('',*,*,#2037,.T.);
#2277 = ORIENTED_EDGE('',*,*,#2254,.T.);
#2278 = ORIENTED_EDGE('',*,*,#2279,.F.);
#2279 = EDGE_CURVE('',#2207,#2255,#2280,.T.);
#2280 = LINE('',#2281,#2282);
#2281 = CARTESIAN_POINT('',(0.,3.89255E+03,609.6));
#2282 = VECTOR('',#2283,1.);
#2283 = DIRECTION('',(0.,0.,1.));
#2284 = PLANE('',#2285);
#2285 = AXIS2_PLACEMENT_3D('',#2286,#2287,#2288);
#2286 = CARTESIAN_POINT('',(-13.7,3.89255E+03,1.2192E+03));
#2287 = DIRECTION('',(0.,1.,0.));
#2288 = DIRECTION('',(0.,0.,1.));
#2289 = ADVANCED_FACE('',(#2290),#2315,.T.);
#2290 = FACE_BOUND('',#2291,.T.);
#2291 = EDGE_LOOP('',(#2292,#2300,#2301,#2309));
#2292 = ORIENTED_EDGE('',*,*,#2293,.F.);
#2293 = EDGE_CURVE('',#2062,#2294,#2296,.T.);
#2294 = VERTEX_POINT('',#2295);
#2295 = CARTESIAN_POINT('',(0.,2.5781E+03,1.2192E+03));
#2296 = LINE('',#2297,#2298);
#2297 = CARTESIAN_POINT('',(-13.7,2.5781E+03,1.2192E+03));
#2298 = VECTOR('',#2299,1.);
#2299 = DIRECTION('',(1.,0.,0.));
#2300 = ORIENTED_EDGE('',*,*,#2061,.T.);
#2301 = ORIENTED_EDGE('',*,*,#2302,.T.);
#2302 = EDGE_CURVE('',#2064,#2303,#2305,.T.);
#2303 = VERTEX_POINT('',#2304);
#2304 = CARTESIAN_POINT('',(0.,1.8542E+03,1.2192E+03));
#2305 = LINE('',#2306,#2307);
#2306 = CARTESIAN_POINT('',(-13.7,1.8542E+03,1.2192E+03));
#2307 = VECTOR('',#2308,1.);
#2308 = DIRECTION('',(1.,0.,0.));
#2309 = ORIENTED_EDGE('',*,*,#2310,.F.);
#2310 = EDGE_CURVE('',#2294,#2303,#2311,.T.);
#2311 = LINE('',#2312,#2313);
#2312 = CARTESIAN_POINT('',(0.,927.1,1.2192E+03));
#2313 = VECTOR('',#2314,1.);
#2314 = DIRECTION('',(0.,-1.,0.));
#2315 = PLANE('',#2316);
#2316 = AXIS2_PLACEMENT_3D('',#2317,#2318,#2319);
#2317 = CARTESIAN_POINT('',(-13.7,1.8542E+03,1.2192E+03));
#2318 = DIRECTION('',(0.,0.,1.));
#2319 = DIRECTION('',(1.,0.,0.));
#2320 = ADVANCED_FACE('',(#2321),#2339,.F.);
#2321 = FACE_BOUND('',#2322,.F.);
#2322 = EDGE_LOOP('',(#2323,#2324,#2325,#2333));
#2323 = ORIENTED_EDGE('',*,*,#2293,.F.);
#2324 = ORIENTED_EDGE('',*,*,#2087,.T.);
#2325 = ORIENTED_EDGE('',*,*,#2326,.T.);
#2326 = EDGE_CURVE('',#2080,#2327,#2329,.T.);
#2327 = VERTEX_POINT('',#2328);
#2328 = CARTESIAN_POINT('',(0.,2.5781E+03,1.8288E+03));
#2329 = LINE('',#2330,#2331);
#2330 = CARTESIAN_POINT('',(-13.7,2.5781E+03,1.8288E+03));
#2331 = VECTOR('',#2332,1.);
#2332 = DIRECTION('',(1.,0.,0.));
#2333 = ORIENTED_EDGE('',*,*,#2334,.F.);
#2334 = EDGE_CURVE('',#2294,#2327,#2335,.T.);
#2335 = LINE('',#2336,#2337);
#2336 = CARTESIAN_POINT('',(0.,2.5781E+03,609.6));
#2337 = VECTOR('',#2338,1.);
#2338 = DIRECTION('',(0.,0.,1.));
#2339 = PLANE('',#2340);
#2340 = AXIS2_PLACEMENT_3D('',#2341,#2342,#2343);
#2341 = CARTESIAN_POINT('',(-13.7,2.5781E+03,1.2192E+03));
#2342 = DIRECTION('',(0.,1.,0.));
#2343 = DIRECTION('',(0.,0.,1.));
#2344 = ADVANCED_FACE('',(#2345),#2363,.T.);
#2345 = FACE_BOUND('',#2346,.T.);
#2346 = EDGE_LOOP('',(#2347,#2348,#2349,#2357));
#2347 = ORIENTED_EDGE('',*,*,#2302,.F.);
#2348 = ORIENTED_EDGE('',*,*,#2071,.T.);
#2349 = ORIENTED_EDGE('',*,*,#2350,.T.);
#2350 = EDGE_CURVE('',#2072,#2351,#2353,.T.);
#2351 = VERTEX_POINT('',#2352);
#2352 = CARTESIAN_POINT('',(0.,1.8542E+03,1.8288E+03));
#2353 = LINE('',#2354,#2355);
#2354 = CARTESIAN_POINT('',(-13.7,1.8542E+03,1.8288E+03));
#2355 = VECTOR('',#2356,1.);
#2356 = DIRECTION('',(1.,0.,0.));
#2357 = ORIENTED_EDGE('',*,*,#2358,.F.);
#2358 = EDGE_CURVE('',#2303,#2351,#2359,.T.);
#2359 = LINE('',#2360,#2361);
#2360 = CARTESIAN_POINT('',(0.,1.8542E+03,609.6));
#2361 = VECTOR('',#2362,1.);
#2362 = DIRECTION('',(0.,0.,1.));
#2363 = PLANE('',#2364);
#2364 = AXIS2_PLACEMENT_3D('',#2365,#2366,#2367);
#2365 = CARTESIAN_POINT('',(-13.7,1.8542E+03,1.2192E+03));
#2366 = DIRECTION('',(0.,1.,0.));
#2367 = DIRECTION('',(0.,0.,1.));
#2368 = ADVANCED_FACE('',(#2369),#2380,.F.);
#2369 = FACE_BOUND('',#2370,.F.);
#2370 = EDGE_LOOP('',(#2371,#2372,#2373,#2374));
#2371 = ORIENTED_EDGE('',*,*,#2326,.F.);
#2372 = ORIENTED_EDGE('',*,*,#2079,.T.);
#2373 = ORIENTED_EDGE('',*,*,#2350,.T.);
#2374 = ORIENTED_EDGE('',*,*,#2375,.F.);
#2375 = EDGE_CURVE('',#2327,#2351,#2376,.T.);
#2376 = LINE('',#2377,#2378);
#2377 = CARTESIAN_POINT('',(0.,927.1,1.8288E+03));
#2378 = VECTOR('',#2379,1.);
#2379 = DIRECTION('',(0.,-1.,0.));
#2380 = PLANE('',#2381);
#2381 = AXIS2_PLACEMENT_3D('',#2382,#2383,#2384);
#2382 = CARTESIAN_POINT('',(-13.7,1.8542E+03,1.8288E+03));
#2383 = DIRECTION('',(0.,0.,1.));
#2384 = DIRECTION('',(1.,0.,0.));
#2385 = ADVANCED_FACE('',(#2386,#2392,#2398),#2404,.T.);
#2386 = FACE_BOUND('',#2387,.T.);
#2387 = EDGE_LOOP('',(#2388,#2389,#2390,#2391));
#2388 = ORIENTED_EDGE('',*,*,#2118,.F.);
#2389 = ORIENTED_EDGE('',*,*,#2158,.T.);
#2390 = ORIENTED_EDGE('',*,*,#2183,.T.);
#2391 = ORIENTED_EDGE('',*,*,#2134,.F.);
#2392 = FACE_BOUND('',#2393,.T.);
#2393 = EDGE_LOOP('',(#2394,#2395,#2396,#2397));
#2394 = ORIENTED_EDGE('',*,*,#2214,.T.);
#2395 = ORIENTED_EDGE('',*,*,#2279,.T.);
#2396 = ORIENTED_EDGE('',*,*,#2262,.F.);
#2397 = ORIENTED_EDGE('',*,*,#2238,.F.);
#2398 = FACE_BOUND('',#2399,.T.);
#2399 = EDGE_LOOP('',(#2400,#2401,#2402,#2403));
#2400 = ORIENTED_EDGE('',*,*,#2310,.T.);
#2401 = ORIENTED_EDGE('',*,*,#2358,.T.);
#2402 = ORIENTED_EDGE('',*,*,#2375,.F.);
#2403 = ORIENTED_EDGE('',*,*,#2334,.F.);
#2404 = PLANE('',#2405);
#2405 = AXIS2_PLACEMENT_3D('',#2406,#2407,#2408);
#2406 = CARTESIAN_POINT('',(0.,0.,0.));
#2407 = DIRECTION('',(1.,0.,0.));
#2408 = DIRECTION('',(0.,0.,1.));
#2409 = MANIFOLD_SOLID_BREP('',#2410);
#2410 = CLOSED_SHELL('',(#2411,#2451,#2491,#2513,#2535,#2547));
#2411 = ADVANCED_FACE('',(#2412),#2446,.F.);
#2412 = FACE_BOUND('',#2413,.F.);
#2413 = EDGE_LOOP('',(#2414,#2424,#2432,#2440));
#2414 = ORIENTED_EDGE('',*,*,#2415,.F.);
#2415 = EDGE_CURVE('',#2416,#2418,#2420,.T.);
#2416 = VERTEX_POINT('',#2417);
#2417 = CARTESIAN_POINT('',(6.3373E+03,0.,0.));
#2418 = VERTEX_POINT('',#2419);
#2419 = CARTESIAN_POINT('',(6.3373E+03,0.,2.5019E+03));
#2420 = LINE('',#2421,#2422);
#2421 = CARTESIAN_POINT('',(6.3373E+03,0.,0.));
#2422 = VECTOR('',#2423,1.);
#2423 = DIRECTION('',(0.,0.,1.));
#2424 = ORIENTED_EDGE('',*,*,#2425,.T.);
#2425 = EDGE_CURVE('',#2416,#2426,#2428,.T.);
#2426 = VERTEX_POINT('',#2427);
#2427 = CARTESIAN_POINT('',(6.3373E+03,6.3246E+03,0.));
#2428 = LINE('',#2429,#2430);
#2429 = CARTESIAN_POINT('',(6.3373E+03,0.,0.));
#2430 = VECTOR('',#2431,1.);
#2431 = DIRECTION('',(0.,1.,0.));
#2432 = ORIENTED_EDGE('',*,*,#2433,.T.);
#2433 = EDGE_CURVE('',#2426,#2434,#2436,.T.);
#2434 = VERTEX_POINT('',#2435);
#2435 = CARTESIAN_POINT('',(6.3373E+03,6.3246E+03,2.5019E+03));
#2436 = LINE('',#2437,#2438);
#2437 = CARTESIAN_POINT('',(6.3373E+03,6.3246E+03,0.));
#2438 = VECTOR('',#2439,1.);
#2439 = DIRECTION('',(0.,0.,1.));
#2440 = ORIENTED_EDGE('',*,*,#2441,.F.);
#2441 = EDGE_CURVE('',#2418,#2434,#2442,.T.);
#2442 = LINE('',#2443,#2444);
#2443 = CARTESIAN_POINT('',(6.3373E+03,0.,2.5019E+03));
#2444 = VECTOR('',#2445,1.);
#2445 = DIRECTION('',(0.,1.,0.));
#2446 = PLANE('',#2447);
#2447 = AXIS2_PLACEMENT_3D('',#2448,#2449,#2450);
#2448 = CARTESIAN_POINT('',(6.3373E+03,0.,0.));
#2449 = DIRECTION('',(1.,0.,0.));
#2450 = DIRECTION('',(0.,0.,1.));
#2451 = ADVANCED_FACE('',(#2452),#2486,.T.);
#2452 = FACE_BOUND('',#2453,.T.);
#2453 = EDGE_LOOP('',(#2454,#2464,#2472,#2480));
#2454 = ORIENTED_EDGE('',*,*,#2455,.F.);
#2455 = EDGE_CURVE('',#2456,#2458,#2460,.T.);
#2456 = VERTEX_POINT('',#2457);
#2457 = CARTESIAN_POINT('',(6.35E+03,0.,0.));
#2458 = VERTEX_POINT('',#2459);
#2459 = CARTESIAN_POINT('',(6.35E+03,0.,2.5019E+03));
#2460 = LINE('',#2461,#2462);
#2461 = CARTESIAN_POINT('',(6.35E+03,0.,0.));
#2462 = VECTOR('',#2463,1.);
#2463 = DIRECTION('',(0.,0.,1.));
#2464 = ORIENTED_EDGE('',*,*,#2465,.T.);
#2465 = EDGE_CURVE('',#2456,#2466,#2468,.T.);
#2466 = VERTEX_POINT('',#2467);
#2467 = CARTESIAN_POINT('',(6.35E+03,6.3246E+03,0.));
#2468 = LINE('',#2469,#2470);
#2469 = CARTESIAN_POINT('',(6.35E+03,0.,0.));
#2470 = VECTOR('',#2471,1.);
#2471 = DIRECTION('',(0.,1.,0.));
#2472 = ORIENTED_EDGE('',*,*,#2473,.T.);
#2473 = EDGE_CURVE('',#2466,#2474,#2476,.T.);
#2474 = VERTEX_POINT('',#2475);
#2475 = CARTESIAN_POINT('',(6.35E+03,6.3246E+03,2.5019E+03));
#2476 = LINE('',#2477,#2478);
#2477 = CARTESIAN_POINT('',(6.35E+03,6.3246E+03,0.));
#2478 = VECTOR('',#2479,1.);
#2479 = DIRECTION('',(0.,0.,1.));
#2480 = ORIENTED_EDGE('',*,*,#2481,.F.);
#2481 = EDGE_CURVE('',#2458,#2474,#2482,.T.);
#2482 = LINE('',#2483,#2484);
#2483 = CARTESIAN_POINT('',(6.35E+03,0.,2.5019E+03));
#2484 = VECTOR('',#2485,1.);
#2485 = DIRECTION('',(0.,1.,0.));
#2486 = PLANE('',#2487);
#2487 = AXIS2_PLACEMENT_3D('',#2488,#2489,#2490);
#2488 = CARTESIAN_POINT('',(6.35E+03,0.,0.));
#2489 = DIRECTION('',(1.,0.,0.));
#2490 = DIRECTION('',(0.,0.,1.));
#2491 = ADVANCED_FACE('',(#2492),#2508,.F.);
#2492 = FACE_BOUND('',#2493,.F.);
#2493 = EDGE_LOOP('',(#2494,#2500,#2501,#2507));
#2494 = ORIENTED_EDGE('',*,*,#2495,.F.);
#2495 = EDGE_CURVE('',#2416,#2456,#2496,.T.);
#2496 = LINE('',#2497,#2498);
#2497 = CARTESIAN_POINT('',(6.3373E+03,0.,0.));
#2498 = VECTOR('',#2499,1.);
#2499 = DIRECTION('',(1.,0.,0.));
#2500 = ORIENTED_EDGE('',*,*,#2415,.T.);
#2501 = ORIENTED_EDGE('',*,*,#2502,.T.);
#2502 = EDGE_CURVE('',#2418,#2458,#2503,.T.);
#2503 = LINE('',#2504,#2505);
#2504 = CARTESIAN_POINT('',(6.3373E+03,0.,2.5019E+03));
#2505 = VECTOR('',#2506,1.);
#2506 = DIRECTION('',(1.,0.,0.));
#2507 = ORIENTED_EDGE('',*,*,#2455,.F.);
#2508 = PLANE('',#2509);
#2509 = AXIS2_PLACEMENT_3D('',#2510,#2511,#2512);
#2510 = CARTESIAN_POINT('',(6.3373E+03,0.,0.));
#2511 = DIRECTION('',(0.,1.,0.));
#2512 = DIRECTION('',(0.,0.,1.));
#2513 = ADVANCED_FACE('',(#2514),#2530,.T.);
#2514 = FACE_BOUND('',#2515,.T.);
#2515 = EDGE_LOOP('',(#2516,#2522,#2523,#2529));
#2516 = ORIENTED_EDGE('',*,*,#2517,.F.);
#2517 = EDGE_CURVE('',#2426,#2466,#2518,.T.);
#2518 = LINE('',#2519,#2520);
#2519 = CARTESIAN_POINT('',(6.3373E+03,6.3246E+03,0.));
#2520 = VECTOR('',#2521,1.);
#2521 = DIRECTION('',(1.,0.,0.));
#2522 = ORIENTED_EDGE('',*,*,#2433,.T.);
#2523 = ORIENTED_EDGE('',*,*,#2524,.T.);
#2524 = EDGE_CURVE('',#2434,#2474,#2525,.T.);
#2525 = LINE('',#2526,#2527);
#2526 = CARTESIAN_POINT('',(6.3373E+03,6.3246E+03,2.5019E+03));
#2527 = VECTOR('',#2528,1.);
#2528 = DIRECTION('',(1.,0.,0.));
#2529 = ORIENTED_EDGE('',*,*,#2473,.F.);
#2530 = PLANE('',#2531);
#2531 = AXIS2_PLACEMENT_3D('',#2532,#2533,#2534);
#2532 = CARTESIAN_POINT('',(6.3373E+03,6.3246E+03,0.));
#2533 = DIRECTION('',(0.,1.,0.));
#2534 = DIRECTION('',(0.,0.,1.));
#2535 = ADVANCED_FACE('',(#2536),#2542,.F.);
#2536 = FACE_BOUND('',#2537,.F.);
#2537 = EDGE_LOOP('',(#2538,#2539,#2540,#2541));
#2538 = ORIENTED_EDGE('',*,*,#2425,.F.);
#2539 = ORIENTED_EDGE('',*,*,#2495,.T.);
#2540 = ORIENTED_EDGE('',*,*,#2465,.T.);
#2541 = ORIENTED_EDGE('',*,*,#2517,.F.);
#2542 = PLANE('',#2543);
#2543 = AXIS2_PLACEMENT_3D('',#2544,#2545,#2546);
#2544 = CARTESIAN_POINT('',(6.3373E+03,0.,0.));
#2545 = DIRECTION('',(0.,0.,1.));
#2546 = DIRECTION('',(1.,0.,0.));
#2547 = ADVANCED_FACE('',(#2548),#2554,.T.);
#2548 = FACE_BOUND('',#2549,.T.);
#2549 = EDGE_LOOP('',(#2550,#2551,#2552,#2553));
#2550 = ORIENTED_EDGE('',*,*,#2441,.F.);
#2551 = ORIENTED_EDGE('',*,*,#2502,.T.);
#2552 = ORIENTED_EDGE('',*,*,#2481,.T.);
#2553 = ORIENTED_EDGE('',*,*,#2524,.F.);
#2554 = PLANE('',#2555);
#2555 = AXIS2_PLACEMENT_3D('',#2556,#2557,#2558);
#2556 = CARTESIAN_POINT('',(6.3373E+03,0.,2.5019E+03));
#2557 = DIRECTION('',(0.,0.,1.));
#2558 = DIRECTION('',(1.,0.,0.));
#2559 = ( GEOMETRIC_REPRESENTATION_CONTEXT(3) 
GLOBAL_UNCERTAINTY_ASSIGNED_CONTEXT((#2563)) 
GLOBAL_UNIT_ASSIGNED_CONTEXT((#2560,#2561,#2562)) REPRESENTATION_CONTEXT
('Context #1','3D Context with UNIT and UNCERTAINTY') );
#2560 = ( LENGTH_UNIT() NAMED_UNIT(*) SI_UNIT(.MILLI.,.METRE.) );
#2561 = ( NAMED_UNIT(*) PLANE_ANGLE_UNIT() SI_UNIT($,.RADIAN.) );
#2562 = ( NAMED_UNIT(*) SI_UNIT($,.STERADIAN.) SOLID_ANGLE_UNIT() );
#2563 = UNCERTAINTY_MEASURE_WITH_UNIT(LENGTH_MEASURE(2.E-03),#2560,
  'distance_accuracy_value','confusion accuracy');
#2564 = PRODUCT_RELATED_PRODUCT_CATEGORY('part',$,(#7));
ENDSEC;
END-ISO-10303-21;
