ISO-10303-21;
HEADER;
FILE_DESCRIPTION(('FreeCAD Model'),'2;1');
FILE_NAME('Open CASCADE Shape Model','2026-09-09T23:48:56',('FreeCAD'),(
    'FreeCAD'),'Open CASCADE STEP processor 7.8','FreeCAD','Unknown');
FILE_SCHEMA(('AUTOMOTIVE_DESIGN { 1 0 10303 214 1 1 1 1 }'));
ENDSEC;
DATA;
#1 = APPLICATION_PROTOCOL_DEFINITION('international standard',
  'automotive_design',2000,#2);
#2 = APPLICATION_CONTEXT(
  'core data for automotive mechanical design processes');
#3 = SHAPE_DEFINITION_REPRESENTATION(#4,#10);
#4 = PRODUCT_DEFINITION_SHAPE('','',#5);
#5 = PRODUCT_DEFINITION('design','',#6,#9);
#6 = PRODUCT_DEFINITION_FORMATION('','',#7);
#7 = PRODUCT('Open CASCADE STEP translator 7.8 1',
  'Open CASCADE STEP translator 7.8 1','',(#8));
#8 = PRODUCT_CONTEXT('',#2,'mechanical');
#9 = PRODUCT_DEFINITION_CONTEXT('part definition',#2,'design');
#10 = SHAPE_REPRESENTATION('',(#11,#15,#433,#715,#1137,#1287,#1705,#1987
    ,#2409,#2559,#2709,#2859,#3009,#3159,#3309,#3459,#3609,#3759,#3909,
    #4125,#4341,#4557,#4773,#4956,#5139,#5322,#5505,#5688,#5871,#6054,
    #6237,#6420,#6603,#6786,#6969,#7152,#7335,#7518,#7701,#7884,#8067,
    #8250,#8433,#8616,#8799,#8982,#9165,#9348,#9531,#9714,#9897,#10080,
    #10263,#10446,#10629,#10812,#10995,#11178,#11361,#11544,#11727,
    #11910,#12093,#12243,#12393,#12543,#12693,#12843,#12993,#13143,
    #13293,#13443,#13593,#13743,#13893,#14043,#14193,#14343,#14493,
    #14643,#14793,#14943,#15093,#15243,#15393,#15543,#15693,#15843,
    #15993,#16143,#16293,#16443,#16593,#16743,#16893,#17043,#17193,
    #17343,#17493,#17643,#17793,#17943,#18093,#18243,#18393,#18543,
    #18693,#18843),#18993);
#11 = AXIS2_PLACEMENT_3D('',#12,#13,#14);
#12 = CARTESIAN_POINT('',(0.,0.,0.));
#13 = DIRECTION('',(0.,0.,1.));
#14 = DIRECTION('',(1.,0.,-0.));
#15 = MANIFOLD_SOLID_BREP('',#16);
#16 = CLOSED_SHELL('',(#17,#57,#154,#178,#268,#285,#302,#319,#336,#353,
    #365,#387,#404,#421));
#17 = ADVANCED_FACE('',(#18),#52,.F.);
#18 = FACE_BOUND('',#19,.F.);
#19 = EDGE_LOOP('',(#20,#30,#38,#46));
#20 = ORIENTED_EDGE('',*,*,#21,.F.);
#21 = EDGE_CURVE('',#22,#24,#26,.T.);
#22 = VERTEX_POINT('',#23);
#23 = CARTESIAN_POINT('',(0.,0.,0.));
#24 = VERTEX_POINT('',#25);
#25 = CARTESIAN_POINT('',(0.,0.,2.5019E+03));
#26 = LINE('',#27,#28);
#27 = CARTESIAN_POINT('',(0.,0.,0.));
#28 = VECTOR('',#29,1.);
#29 = DIRECTION('',(0.,0.,1.));
#30 = ORIENTED_EDGE('',*,*,#31,.T.);
#31 = EDGE_CURVE('',#22,#32,#34,.T.);
#32 = VERTEX_POINT('',#33);
#33 = CARTESIAN_POINT('',(0.,152.4,0.));
#34 = LINE('',#35,#36);
#35 = CARTESIAN_POINT('',(0.,0.,0.));
#36 = VECTOR('',#37,1.);
#37 = DIRECTION('',(0.,1.,0.));
#38 = ORIENTED_EDGE('',*,*,#39,.T.);
#39 = EDGE_CURVE('',#32,#40,#42,.T.);
#40 = VERTEX_POINT('',#41);
#41 = CARTESIAN_POINT('',(0.,152.4,2.5019E+03));
#42 = LINE('',#43,#44);
#43 = CARTESIAN_POINT('',(0.,152.4,0.));
#44 = VECTOR('',#45,1.);
#45 = DIRECTION('',(0.,0.,1.));
#46 = ORIENTED_EDGE('',*,*,#47,.F.);
#47 = EDGE_CURVE('',#24,#40,#48,.T.);
#48 = LINE('',#49,#50);
#49 = CARTESIAN_POINT('',(0.,0.,2.5019E+03));
#50 = VECTOR('',#51,1.);
#51 = DIRECTION('',(0.,1.,0.));
#52 = PLANE('',#53);
#53 = AXIS2_PLACEMENT_3D('',#54,#55,#56);
#54 = CARTESIAN_POINT('',(0.,0.,0.));
#55 = DIRECTION('',(1.,0.,0.));
#56 = DIRECTION('',(0.,0.,1.));
#57 = ADVANCED_FACE('',(#58,#115),#149,.F.);
#58 = FACE_BOUND('',#59,.F.);
#59 = EDGE_LOOP('',(#60,#68,#69,#77,#85,#93,#101,#109));
#60 = ORIENTED_EDGE('',*,*,#61,.F.);
#61 = EDGE_CURVE('',#22,#62,#64,.T.);
#62 = VERTEX_POINT('',#63);
#63 = CARTESIAN_POINT('',(2.8321E+03,0.,0.));
#64 = LINE('',#65,#66);
#65 = CARTESIAN_POINT('',(0.,0.,0.));
#66 = VECTOR('',#67,1.);
#67 = DIRECTION('',(1.,0.,0.));
#68 = ORIENTED_EDGE('',*,*,#21,.T.);
#69 = ORIENTED_EDGE('',*,*,#70,.T.);
#70 = EDGE_CURVE('',#24,#71,#73,.T.);
#71 = VERTEX_POINT('',#72);
#72 = CARTESIAN_POINT('',(6.3373E+03,0.,2.5019E+03));
#73 = LINE('',#74,#75);
#74 = CARTESIAN_POINT('',(0.,0.,2.5019E+03));
#75 = VECTOR('',#76,1.);
#76 = DIRECTION('',(1.,0.,0.));
#77 = ORIENTED_EDGE('',*,*,#78,.F.);
#78 = EDGE_CURVE('',#79,#71,#81,.T.);
#79 = VERTEX_POINT('',#80);
#80 = CARTESIAN_POINT('',(6.3373E+03,0.,0.));
#81 = LINE('',#82,#83);
#82 = CARTESIAN_POINT('',(6.3373E+03,0.,0.));
#83 = VECTOR('',#84,1.);
#84 = DIRECTION('',(0.,0.,1.));
#85 = ORIENTED_EDGE('',*,*,#86,.F.);
#86 = EDGE_CURVE('',#87,#79,#89,.T.);
#87 = VERTEX_POINT('',#88);
#88 = CARTESIAN_POINT('',(3.6449E+03,0.,0.));
#89 = LINE('',#90,#91);
#90 = CARTESIAN_POINT('',(0.,0.,0.));
#91 = VECTOR('',#92,1.);
#92 = DIRECTION('',(1.,0.,0.));
#93 = ORIENTED_EDGE('',*,*,#94,.F.);
#94 = EDGE_CURVE('',#95,#87,#97,.T.);
#95 = VERTEX_POINT('',#96);
#96 = CARTESIAN_POINT('',(3.6449E+03,0.,2.032E+03));
#97 = LINE('',#98,#99);
#98 = CARTESIAN_POINT('',(3.6449E+03,0.,0.));
#99 = VECTOR('',#100,1.);
#100 = DIRECTION('',(0.,0.,-1.));
#101 = ORIENTED_EDGE('',*,*,#102,.F.);
#102 = EDGE_CURVE('',#103,#95,#105,.T.);
#103 = VERTEX_POINT('',#104);
#104 = CARTESIAN_POINT('',(2.8321E+03,0.,2.032E+03));
#105 = LINE('',#106,#107);
#106 = CARTESIAN_POINT('',(1.41605E+03,0.,2.032E+03));
#107 = VECTOR('',#108,1.);
#108 = DIRECTION('',(1.,0.,0.));
#109 = ORIENTED_EDGE('',*,*,#110,.T.);
#110 = EDGE_CURVE('',#103,#62,#111,.T.);
#111 = LINE('',#112,#113);
#112 = CARTESIAN_POINT('',(2.8321E+03,0.,0.));
#113 = VECTOR('',#114,1.);
#114 = DIRECTION('',(0.,0.,-1.));
#115 = FACE_BOUND('',#116,.F.);
#116 = EDGE_LOOP('',(#117,#127,#135,#143));
#117 = ORIENTED_EDGE('',*,*,#118,.F.);
#118 = EDGE_CURVE('',#119,#121,#123,.T.);
#119 = VERTEX_POINT('',#120);
#120 = CARTESIAN_POINT('',(1.0668E+03,0.,1.8288E+03));
#121 = VERTEX_POINT('',#122);
#122 = CARTESIAN_POINT('',(1.778E+03,0.,1.8288E+03));
#123 = LINE('',#124,#125);
#124 = CARTESIAN_POINT('',(533.4,0.,1.8288E+03));
#125 = VECTOR('',#126,1.);
#126 = DIRECTION('',(1.,0.,0.));
#127 = ORIENTED_EDGE('',*,*,#128,.T.);
#128 = EDGE_CURVE('',#119,#129,#131,.T.);
#129 = VERTEX_POINT('',#130);
#130 = CARTESIAN_POINT('',(1.0668E+03,0.,1.2192E+03));
#131 = LINE('',#132,#133);
#132 = CARTESIAN_POINT('',(1.0668E+03,0.,609.6));
#133 = VECTOR('',#134,1.);
#134 = DIRECTION('',(0.,0.,-1.));
#135 = ORIENTED_EDGE('',*,*,#136,.T.);
#136 = EDGE_CURVE('',#129,#137,#139,.T.);
#137 = VERTEX_POINT('',#138);
#138 = CARTESIAN_POINT('',(1.778E+03,0.,1.2192E+03));
#139 = LINE('',#140,#141);
#140 = CARTESIAN_POINT('',(533.4,0.,1.2192E+03));
#141 = VECTOR('',#142,1.);
#142 = DIRECTION('',(1.,0.,0.));
#143 = ORIENTED_EDGE('',*,*,#144,.F.);
#144 = EDGE_CURVE('',#121,#137,#145,.T.);
#145 = LINE('',#146,#147);
#146 = CARTESIAN_POINT('',(1.778E+03,0.,609.6));
#147 = VECTOR('',#148,1.);
#148 = DIRECTION('',(0.,0.,-1.));
#149 = PLANE('',#150);
#150 = AXIS2_PLACEMENT_3D('',#151,#152,#153);
#151 = CARTESIAN_POINT('',(0.,0.,0.));
#152 = DIRECTION('',(0.,1.,0.));
#153 = DIRECTION('',(0.,0.,1.));
#154 = ADVANCED_FACE('',(#155),#173,.T.);
#155 = FACE_BOUND('',#156,.T.);
#156 = EDGE_LOOP('',(#157,#158,#159,#167));
#157 = ORIENTED_EDGE('',*,*,#47,.F.);
#158 = ORIENTED_EDGE('',*,*,#70,.T.);
#159 = ORIENTED_EDGE('',*,*,#160,.T.);
#160 = EDGE_CURVE('',#71,#161,#163,.T.);
#161 = VERTEX_POINT('',#162);
#162 = CARTESIAN_POINT('',(6.3373E+03,152.4,2.5019E+03));
#163 = LINE('',#164,#165);
#164 = CARTESIAN_POINT('',(6.3373E+03,0.,2.5019E+03));
#165 = VECTOR('',#166,1.);
#166 = DIRECTION('',(0.,1.,0.));
#167 = ORIENTED_EDGE('',*,*,#168,.F.);
#168 = EDGE_CURVE('',#40,#161,#169,.T.);
#169 = LINE('',#170,#171);
#170 = CARTESIAN_POINT('',(0.,152.4,2.5019E+03));
#171 = VECTOR('',#172,1.);
#172 = DIRECTION('',(1.,0.,0.));
#173 = PLANE('',#174);
#174 = AXIS2_PLACEMENT_3D('',#175,#176,#177);
#175 = CARTESIAN_POINT('',(0.,0.,2.5019E+03));
#176 = DIRECTION('',(0.,0.,1.));
#177 = DIRECTION('',(1.,0.,0.));
#178 = ADVANCED_FACE('',(#179,#229),#263,.T.);
#179 = FACE_BOUND('',#180,.T.);
#180 = EDGE_LOOP('',(#181,#189,#190,#191,#199,#207,#215,#223));
#181 = ORIENTED_EDGE('',*,*,#182,.F.);
#182 = EDGE_CURVE('',#32,#183,#185,.T.);
#183 = VERTEX_POINT('',#184);
#184 = CARTESIAN_POINT('',(2.8321E+03,152.4,0.));
#185 = LINE('',#186,#187);
#186 = CARTESIAN_POINT('',(0.,152.4,0.));
#187 = VECTOR('',#188,1.);
#188 = DIRECTION('',(1.,0.,0.));
#189 = ORIENTED_EDGE('',*,*,#39,.T.);
#190 = ORIENTED_EDGE('',*,*,#168,.T.);
#191 = ORIENTED_EDGE('',*,*,#192,.F.);
#192 = EDGE_CURVE('',#193,#161,#195,.T.);
#193 = VERTEX_POINT('',#194);
#194 = CARTESIAN_POINT('',(6.3373E+03,152.4,0.));
#195 = LINE('',#196,#197);
#196 = CARTESIAN_POINT('',(6.3373E+03,152.4,0.));
#197 = VECTOR('',#198,1.);
#198 = DIRECTION('',(0.,0.,1.));
#199 = ORIENTED_EDGE('',*,*,#200,.F.);
#200 = EDGE_CURVE('',#201,#193,#203,.T.);
#201 = VERTEX_POINT('',#202);
#202 = CARTESIAN_POINT('',(3.6449E+03,152.4,0.));
#203 = LINE('',#204,#205);
#204 = CARTESIAN_POINT('',(0.,152.4,0.));
#205 = VECTOR('',#206,1.);
#206 = DIRECTION('',(1.,0.,0.));
#207 = ORIENTED_EDGE('',*,*,#208,.F.);
#208 = EDGE_CURVE('',#209,#201,#211,.T.);
#209 = VERTEX_POINT('',#210);
#210 = CARTESIAN_POINT('',(3.6449E+03,152.4,2.032E+03));
#211 = LINE('',#212,#213);
#212 = CARTESIAN_POINT('',(3.6449E+03,152.4,0.));
#213 = VECTOR('',#214,1.);
#214 = DIRECTION('',(0.,0.,-1.));
#215 = ORIENTED_EDGE('',*,*,#216,.F.);
#216 = EDGE_CURVE('',#217,#209,#219,.T.);
#217 = VERTEX_POINT('',#218);
#218 = CARTESIAN_POINT('',(2.8321E+03,152.4,2.032E+03));
#219 = LINE('',#220,#221);
#220 = CARTESIAN_POINT('',(1.41605E+03,152.4,2.032E+03));
#221 = VECTOR('',#222,1.);
#222 = DIRECTION('',(1.,0.,0.));
#223 = ORIENTED_EDGE('',*,*,#224,.T.);
#224 = EDGE_CURVE('',#217,#183,#225,.T.);
#225 = LINE('',#226,#227);
#226 = CARTESIAN_POINT('',(2.8321E+03,152.4,0.));
#227 = VECTOR('',#228,1.);
#228 = DIRECTION('',(0.,0.,-1.));
#229 = FACE_BOUND('',#230,.T.);
#230 = EDGE_LOOP('',(#231,#241,#249,#257));
#231 = ORIENTED_EDGE('',*,*,#232,.F.);
#232 = EDGE_CURVE('',#233,#235,#237,.T.);
#233 = VERTEX_POINT('',#234);
#234 = CARTESIAN_POINT('',(1.0668E+03,152.4,1.8288E+03));
#235 = VERTEX_POINT('',#236);
#236 = CARTESIAN_POINT('',(1.778E+03,152.4,1.8288E+03));
#237 = LINE('',#238,#239);
#238 = CARTESIAN_POINT('',(533.4,152.4,1.8288E+03));
#239 = VECTOR('',#240,1.);
#240 = DIRECTION('',(1.,0.,0.));
#241 = ORIENTED_EDGE('',*,*,#242,.T.);
#242 = EDGE_CURVE('',#233,#243,#245,.T.);
#243 = VERTEX_POINT('',#244);
#244 = CARTESIAN_POINT('',(1.0668E+03,152.4,1.2192E+03));
#245 = LINE('',#246,#247);
#246 = CARTESIAN_POINT('',(1.0668E+03,152.4,609.6));
#247 = VECTOR('',#248,1.);
#248 = DIRECTION('',(0.,0.,-1.));
#249 = ORIENTED_EDGE('',*,*,#250,.T.);
#250 = EDGE_CURVE('',#243,#251,#253,.T.);
#251 = VERTEX_POINT('',#252);
#252 = CARTESIAN_POINT('',(1.778E+03,152.4,1.2192E+03));
#253 = LINE('',#254,#255);
#254 = CARTESIAN_POINT('',(533.4,152.4,1.2192E+03));
#255 = VECTOR('',#256,1.);
#256 = DIRECTION('',(1.,0.,0.));
#257 = ORIENTED_EDGE('',*,*,#258,.F.);
#258 = EDGE_CURVE('',#235,#251,#259,.T.);
#259 = LINE('',#260,#261);
#260 = CARTESIAN_POINT('',(1.778E+03,152.4,609.6));
#261 = VECTOR('',#262,1.);
#262 = DIRECTION('',(0.,0.,-1.));
#263 = PLANE('',#264);
#264 = AXIS2_PLACEMENT_3D('',#265,#266,#267);
#265 = CARTESIAN_POINT('',(0.,152.4,0.));
#266 = DIRECTION('',(0.,1.,0.));
#267 = DIRECTION('',(0.,0.,1.));
#268 = ADVANCED_FACE('',(#269),#280,.F.);
#269 = FACE_BOUND('',#270,.F.);
#270 = EDGE_LOOP('',(#271,#272,#273,#274));
#271 = ORIENTED_EDGE('',*,*,#182,.F.);
#272 = ORIENTED_EDGE('',*,*,#31,.F.);
#273 = ORIENTED_EDGE('',*,*,#61,.T.);
#274 = ORIENTED_EDGE('',*,*,#275,.T.);
#275 = EDGE_CURVE('',#62,#183,#276,.T.);
#276 = LINE('',#277,#278);
#277 = CARTESIAN_POINT('',(2.8321E+03,-13.7,0.));
#278 = VECTOR('',#279,1.);
#279 = DIRECTION('',(0.,1.,0.));
#280 = PLANE('',#281);
#281 = AXIS2_PLACEMENT_3D('',#282,#283,#284);
#282 = CARTESIAN_POINT('',(0.,0.,0.));
#283 = DIRECTION('',(0.,0.,1.));
#284 = DIRECTION('',(1.,0.,0.));
#285 = ADVANCED_FACE('',(#286),#297,.T.);
#286 = FACE_BOUND('',#287,.T.);
#287 = EDGE_LOOP('',(#288,#294,#295,#296));
#288 = ORIENTED_EDGE('',*,*,#289,.F.);
#289 = EDGE_CURVE('',#103,#217,#290,.T.);
#290 = LINE('',#291,#292);
#291 = CARTESIAN_POINT('',(2.8321E+03,-13.7,2.032E+03));
#292 = VECTOR('',#293,1.);
#293 = DIRECTION('',(0.,1.,0.));
#294 = ORIENTED_EDGE('',*,*,#110,.T.);
#295 = ORIENTED_EDGE('',*,*,#275,.T.);
#296 = ORIENTED_EDGE('',*,*,#224,.F.);
#297 = PLANE('',#298);
#298 = AXIS2_PLACEMENT_3D('',#299,#300,#301);
#299 = CARTESIAN_POINT('',(2.8321E+03,-13.7,0.));
#300 = DIRECTION('',(1.,0.,0.));
#301 = DIRECTION('',(0.,0.,1.));
#302 = ADVANCED_FACE('',(#303),#314,.F.);
#303 = FACE_BOUND('',#304,.F.);
#304 = EDGE_LOOP('',(#305,#306,#307,#313));
#305 = ORIENTED_EDGE('',*,*,#289,.F.);
#306 = ORIENTED_EDGE('',*,*,#102,.T.);
#307 = ORIENTED_EDGE('',*,*,#308,.T.);
#308 = EDGE_CURVE('',#95,#209,#309,.T.);
#309 = LINE('',#310,#311);
#310 = CARTESIAN_POINT('',(3.6449E+03,-13.7,2.032E+03));
#311 = VECTOR('',#312,1.);
#312 = DIRECTION('',(0.,1.,0.));
#313 = ORIENTED_EDGE('',*,*,#216,.F.);
#314 = PLANE('',#315);
#315 = AXIS2_PLACEMENT_3D('',#316,#317,#318);
#316 = CARTESIAN_POINT('',(2.8321E+03,-13.7,2.032E+03));
#317 = DIRECTION('',(0.,0.,1.));
#318 = DIRECTION('',(1.,0.,0.));
#319 = ADVANCED_FACE('',(#320),#331,.T.);
#320 = FACE_BOUND('',#321,.T.);
#321 = EDGE_LOOP('',(#322,#323,#329,#330));
#322 = ORIENTED_EDGE('',*,*,#78,.F.);
#323 = ORIENTED_EDGE('',*,*,#324,.T.);
#324 = EDGE_CURVE('',#79,#193,#325,.T.);
#325 = LINE('',#326,#327);
#326 = CARTESIAN_POINT('',(6.3373E+03,0.,0.));
#327 = VECTOR('',#328,1.);
#328 = DIRECTION('',(0.,1.,0.));
#329 = ORIENTED_EDGE('',*,*,#192,.T.);
#330 = ORIENTED_EDGE('',*,*,#160,.F.);
#331 = PLANE('',#332);
#332 = AXIS2_PLACEMENT_3D('',#333,#334,#335);
#333 = CARTESIAN_POINT('',(6.3373E+03,0.,0.));
#334 = DIRECTION('',(1.,0.,0.));
#335 = DIRECTION('',(0.,0.,1.));
#336 = ADVANCED_FACE('',(#337),#348,.F.);
#337 = FACE_BOUND('',#338,.F.);
#338 = EDGE_LOOP('',(#339,#340,#341,#347));
#339 = ORIENTED_EDGE('',*,*,#308,.F.);
#340 = ORIENTED_EDGE('',*,*,#94,.T.);
#341 = ORIENTED_EDGE('',*,*,#342,.T.);
#342 = EDGE_CURVE('',#87,#201,#343,.T.);
#343 = LINE('',#344,#345);
#344 = CARTESIAN_POINT('',(3.6449E+03,-13.7,0.));
#345 = VECTOR('',#346,1.);
#346 = DIRECTION('',(0.,1.,0.));
#347 = ORIENTED_EDGE('',*,*,#208,.F.);
#348 = PLANE('',#349);
#349 = AXIS2_PLACEMENT_3D('',#350,#351,#352);
#350 = CARTESIAN_POINT('',(3.6449E+03,-13.7,0.));
#351 = DIRECTION('',(1.,0.,0.));
#352 = DIRECTION('',(0.,0.,1.));
#353 = ADVANCED_FACE('',(#354),#360,.F.);
#354 = FACE_BOUND('',#355,.F.);
#355 = EDGE_LOOP('',(#356,#357,#358,#359));
#356 = ORIENTED_EDGE('',*,*,#200,.F.);
#357 = ORIENTED_EDGE('',*,*,#342,.F.);
#358 = ORIENTED_EDGE('',*,*,#86,.T.);
#359 = ORIENTED_EDGE('',*,*,#324,.T.);
#360 = PLANE('',#361);
#361 = AXIS2_PLACEMENT_3D('',#362,#363,#364);
#362 = CARTESIAN_POINT('',(0.,0.,0.));
#363 = DIRECTION('',(0.,0.,1.));
#364 = DIRECTION('',(1.,0.,0.));
#365 = ADVANCED_FACE('',(#366),#382,.F.);
#366 = FACE_BOUND('',#367,.F.);
#367 = EDGE_LOOP('',(#368,#374,#375,#381));
#368 = ORIENTED_EDGE('',*,*,#369,.F.);
#369 = EDGE_CURVE('',#119,#233,#370,.T.);
#370 = LINE('',#371,#372);
#371 = CARTESIAN_POINT('',(1.0668E+03,-13.7,1.8288E+03));
#372 = VECTOR('',#373,1.);
#373 = DIRECTION('',(0.,1.,0.));
#374 = ORIENTED_EDGE('',*,*,#118,.T.);
#375 = ORIENTED_EDGE('',*,*,#376,.T.);
#376 = EDGE_CURVE('',#121,#235,#377,.T.);
#377 = LINE('',#378,#379);
#378 = CARTESIAN_POINT('',(1.778E+03,-13.7,1.8288E+03));
#379 = VECTOR('',#380,1.);
#380 = DIRECTION('',(0.,1.,0.));
#381 = ORIENTED_EDGE('',*,*,#232,.F.);
#382 = PLANE('',#383);
#383 = AXIS2_PLACEMENT_3D('',#384,#385,#386);
#384 = CARTESIAN_POINT('',(1.0668E+03,-13.7,1.8288E+03));
#385 = DIRECTION('',(0.,0.,1.));
#386 = DIRECTION('',(1.,0.,0.));
#387 = ADVANCED_FACE('',(#388),#399,.F.);
#388 = FACE_BOUND('',#389,.F.);
#389 = EDGE_LOOP('',(#390,#391,#392,#398));
#390 = ORIENTED_EDGE('',*,*,#376,.F.);
#391 = ORIENTED_EDGE('',*,*,#144,.T.);
#392 = ORIENTED_EDGE('',*,*,#393,.T.);
#393 = EDGE_CURVE('',#137,#251,#394,.T.);
#394 = LINE('',#395,#396);
#395 = CARTESIAN_POINT('',(1.778E+03,-13.7,1.2192E+03));
#396 = VECTOR('',#397,1.);
#397 = DIRECTION('',(0.,1.,0.));
#398 = ORIENTED_EDGE('',*,*,#258,.F.);
#399 = PLANE('',#400);
#400 = AXIS2_PLACEMENT_3D('',#401,#402,#403);
#401 = CARTESIAN_POINT('',(1.778E+03,-13.7,1.2192E+03));
#402 = DIRECTION('',(1.,0.,0.));
#403 = DIRECTION('',(0.,0.,1.));
#404 = ADVANCED_FACE('',(#405),#416,.T.);
#405 = FACE_BOUND('',#406,.T.);
#406 = EDGE_LOOP('',(#407,#413,#414,#415));
#407 = ORIENTED_EDGE('',*,*,#408,.F.);
#408 = EDGE_CURVE('',#129,#243,#409,.T.);
#409 = LINE('',#410,#411);
#410 = CARTESIAN_POINT('',(1.0668E+03,-13.7,1.2192E+03));
#411 = VECTOR('',#412,1.);
#412 = DIRECTION('',(0.,1.,0.));
#413 = ORIENTED_EDGE('',*,*,#136,.T.);
#414 = ORIENTED_EDGE('',*,*,#393,.T.);
#415 = ORIENTED_EDGE('',*,*,#250,.F.);
#416 = PLANE('',#417);
#417 = AXIS2_PLACEMENT_3D('',#418,#419,#420);
#418 = CARTESIAN_POINT('',(1.0668E+03,-13.7,1.2192E+03));
#419 = DIRECTION('',(0.,0.,1.));
#420 = DIRECTION('',(1.,0.,0.));
#421 = ADVANCED_FACE('',(#422),#428,.T.);
#422 = FACE_BOUND('',#423,.T.);
#423 = EDGE_LOOP('',(#424,#425,#426,#427));
#424 = ORIENTED_EDGE('',*,*,#369,.F.);
#425 = ORIENTED_EDGE('',*,*,#128,.T.);
#426 = ORIENTED_EDGE('',*,*,#408,.T.);
#427 = ORIENTED_EDGE('',*,*,#242,.F.);
#428 = PLANE('',#429);
#429 = AXIS2_PLACEMENT_3D('',#430,#431,#432);
#430 = CARTESIAN_POINT('',(1.0668E+03,-13.7,1.2192E+03));
#431 = DIRECTION('',(1.,0.,0.));
#432 = DIRECTION('',(0.,0.,1.));
#433 = MANIFOLD_SOLID_BREP('',#434);
#434 = CLOSED_SHELL('',(#435,#475,#538,#562,#618,#635,#652,#669,#686,
    #703));
#435 = ADVANCED_FACE('',(#436),#470,.F.);
#436 = FACE_BOUND('',#437,.F.);
#437 = EDGE_LOOP('',(#438,#448,#456,#464));
#438 = ORIENTED_EDGE('',*,*,#439,.F.);
#439 = EDGE_CURVE('',#440,#442,#444,.T.);
#440 = VERTEX_POINT('',#441);
#441 = CARTESIAN_POINT('',(0.,6.1722E+03,0.));
#442 = VERTEX_POINT('',#443);
#443 = CARTESIAN_POINT('',(0.,6.1722E+03,2.5019E+03));
#444 = LINE('',#445,#446);
#445 = CARTESIAN_POINT('',(0.,6.1722E+03,0.));
#446 = VECTOR('',#447,1.);
#447 = DIRECTION('',(0.,0.,1.));
#448 = ORIENTED_EDGE('',*,*,#449,.T.);
#449 = EDGE_CURVE('',#440,#450,#452,.T.);
#450 = VERTEX_POINT('',#451);
#451 = CARTESIAN_POINT('',(0.,6.3246E+03,0.));
#452 = LINE('',#453,#454);
#453 = CARTESIAN_POINT('',(0.,6.1722E+03,0.));
#454 = VECTOR('',#455,1.);
#455 = DIRECTION('',(0.,1.,0.));
#456 = ORIENTED_EDGE('',*,*,#457,.T.);
#457 = EDGE_CURVE('',#450,#458,#460,.T.);
#458 = VERTEX_POINT('',#459);
#459 = CARTESIAN_POINT('',(0.,6.3246E+03,2.5019E+03));
#460 = LINE('',#461,#462);
#461 = CARTESIAN_POINT('',(0.,6.3246E+03,0.));
#462 = VECTOR('',#463,1.);
#463 = DIRECTION('',(0.,0.,1.));
#464 = ORIENTED_EDGE('',*,*,#465,.F.);
#465 = EDGE_CURVE('',#442,#458,#466,.T.);
#466 = LINE('',#467,#468);
#467 = CARTESIAN_POINT('',(0.,6.1722E+03,2.5019E+03));
#468 = VECTOR('',#469,1.);
#469 = DIRECTION('',(0.,1.,0.));
#470 = PLANE('',#471);
#471 = AXIS2_PLACEMENT_3D('',#472,#473,#474);
#472 = CARTESIAN_POINT('',(0.,6.1722E+03,0.));
#473 = DIRECTION('',(1.,0.,0.));
#474 = DIRECTION('',(0.,0.,1.));
#475 = ADVANCED_FACE('',(#476),#533,.F.);
#476 = FACE_BOUND('',#477,.F.);
#477 = EDGE_LOOP('',(#478,#486,#487,#495,#503,#511,#519,#527));
#478 = ORIENTED_EDGE('',*,*,#479,.F.);
#479 = EDGE_CURVE('',#440,#480,#482,.T.);
#480 = VERTEX_POINT('',#481);
#481 = CARTESIAN_POINT('',(1.42875E+03,6.1722E+03,0.));
#482 = LINE('',#483,#484);
#483 = CARTESIAN_POINT('',(0.,6.1722E+03,0.));
#484 = VECTOR('',#485,1.);
#485 = DIRECTION('',(1.,0.,0.));
#486 = ORIENTED_EDGE('',*,*,#439,.T.);
#487 = ORIENTED_EDGE('',*,*,#488,.T.);
#488 = EDGE_CURVE('',#442,#489,#491,.T.);
#489 = VERTEX_POINT('',#490);
#490 = CARTESIAN_POINT('',(6.3373E+03,6.1722E+03,2.5019E+03));
#491 = LINE('',#492,#493);
#492 = CARTESIAN_POINT('',(0.,6.1722E+03,2.5019E+03));
#493 = VECTOR('',#494,1.);
#494 = DIRECTION('',(1.,0.,0.));
#495 = ORIENTED_EDGE('',*,*,#496,.F.);
#496 = EDGE_CURVE('',#497,#489,#499,.T.);
#497 = VERTEX_POINT('',#498);
#498 = CARTESIAN_POINT('',(6.3373E+03,6.1722E+03,0.));
#499 = LINE('',#500,#501);
#500 = CARTESIAN_POINT('',(6.3373E+03,6.1722E+03,0.));
#501 = VECTOR('',#502,1.);
#502 = DIRECTION('',(0.,0.,1.));
#503 = ORIENTED_EDGE('',*,*,#504,.F.);
#504 = EDGE_CURVE('',#505,#497,#507,.T.);
#505 = VERTEX_POINT('',#506);
#506 = CARTESIAN_POINT('',(5.61975E+03,6.1722E+03,0.));
#507 = LINE('',#508,#509);
#508 = CARTESIAN_POINT('',(0.,6.1722E+03,0.));
#509 = VECTOR('',#510,1.);
#510 = DIRECTION('',(1.,0.,0.));
#511 = ORIENTED_EDGE('',*,*,#512,.F.);
#512 = EDGE_CURVE('',#513,#505,#515,.T.);
#513 = VERTEX_POINT('',#514);
#514 = CARTESIAN_POINT('',(5.61975E+03,6.1722E+03,2.1844E+03));
#515 = LINE('',#516,#517);
#516 = CARTESIAN_POINT('',(5.61975E+03,6.1722E+03,0.));
#517 = VECTOR('',#518,1.);
#518 = DIRECTION('',(0.,0.,-1.));
#519 = ORIENTED_EDGE('',*,*,#520,.F.);
#520 = EDGE_CURVE('',#521,#513,#523,.T.);
#521 = VERTEX_POINT('',#522);
#522 = CARTESIAN_POINT('',(1.42875E+03,6.1722E+03,2.1844E+03));
#523 = LINE('',#524,#525);
#524 = CARTESIAN_POINT('',(714.375,6.1722E+03,2.1844E+03));
#525 = VECTOR('',#526,1.);
#526 = DIRECTION('',(1.,0.,0.));
#527 = ORIENTED_EDGE('',*,*,#528,.T.);
#528 = EDGE_CURVE('',#521,#480,#529,.T.);
#529 = LINE('',#530,#531);
#530 = CARTESIAN_POINT('',(1.42875E+03,6.1722E+03,0.));
#531 = VECTOR('',#532,1.);
#532 = DIRECTION('',(0.,0.,-1.));
#533 = PLANE('',#534);
#534 = AXIS2_PLACEMENT_3D('',#535,#536,#537);
#535 = CARTESIAN_POINT('',(0.,6.1722E+03,0.));
#536 = DIRECTION('',(0.,1.,0.));
#537 = DIRECTION('',(0.,0.,1.));
#538 = ADVANCED_FACE('',(#539),#557,.T.);
#539 = FACE_BOUND('',#540,.T.);
#540 = EDGE_LOOP('',(#541,#542,#543,#551));
#541 = ORIENTED_EDGE('',*,*,#465,.F.);
#542 = ORIENTED_EDGE('',*,*,#488,.T.);
#543 = ORIENTED_EDGE('',*,*,#544,.T.);
#544 = EDGE_CURVE('',#489,#545,#547,.T.);
#545 = VERTEX_POINT('',#546);
#546 = CARTESIAN_POINT('',(6.3373E+03,6.3246E+03,2.5019E+03));
#547 = LINE('',#548,#549);
#548 = CARTESIAN_POINT('',(6.3373E+03,6.1722E+03,2.5019E+03));
#549 = VECTOR('',#550,1.);
#550 = DIRECTION('',(0.,1.,0.));
#551 = ORIENTED_EDGE('',*,*,#552,.F.);
#552 = EDGE_CURVE('',#458,#545,#553,.T.);
#553 = LINE('',#554,#555);
#554 = CARTESIAN_POINT('',(0.,6.3246E+03,2.5019E+03));
#555 = VECTOR('',#556,1.);
#556 = DIRECTION('',(1.,0.,0.));
#557 = PLANE('',#558);
#558 = AXIS2_PLACEMENT_3D('',#559,#560,#561);
#559 = CARTESIAN_POINT('',(0.,6.1722E+03,2.5019E+03));
#560 = DIRECTION('',(0.,0.,1.));
#561 = DIRECTION('',(1.,0.,0.));
#562 = ADVANCED_FACE('',(#563),#613,.T.);
#563 = FACE_BOUND('',#564,.T.);
#564 = EDGE_LOOP('',(#565,#573,#574,#575,#583,#591,#599,#607));
#565 = ORIENTED_EDGE('',*,*,#566,.F.);
#566 = EDGE_CURVE('',#450,#567,#569,.T.);
#567 = VERTEX_POINT('',#568);
#568 = CARTESIAN_POINT('',(1.42875E+03,6.3246E+03,0.));
#569 = LINE('',#570,#571);
#570 = CARTESIAN_POINT('',(0.,6.3246E+03,0.));
#571 = VECTOR('',#572,1.);
#572 = DIRECTION('',(1.,0.,0.));
#573 = ORIENTED_EDGE('',*,*,#457,.T.);
#574 = ORIENTED_EDGE('',*,*,#552,.T.);
#575 = ORIENTED_EDGE('',*,*,#576,.F.);
#576 = EDGE_CURVE('',#577,#545,#579,.T.);
#577 = VERTEX_POINT('',#578);
#578 = CARTESIAN_POINT('',(6.3373E+03,6.3246E+03,0.));
#579 = LINE('',#580,#581);
#580 = CARTESIAN_POINT('',(6.3373E+03,6.3246E+03,0.));
#581 = VECTOR('',#582,1.);
#582 = DIRECTION('',(0.,0.,1.));
#583 = ORIENTED_EDGE('',*,*,#584,.F.);
#584 = EDGE_CURVE('',#585,#577,#587,.T.);
#585 = VERTEX_POINT('',#586);
#586 = CARTESIAN_POINT('',(5.61975E+03,6.3246E+03,0.));
#587 = LINE('',#588,#589);
#588 = CARTESIAN_POINT('',(0.,6.3246E+03,0.));
#589 = VECTOR('',#590,1.);
#590 = DIRECTION('',(1.,0.,0.));
#591 = ORIENTED_EDGE('',*,*,#592,.F.);
#592 = EDGE_CURVE('',#593,#585,#595,.T.);
#593 = VERTEX_POINT('',#594);
#594 = CARTESIAN_POINT('',(5.61975E+03,6.3246E+03,2.1844E+03));
#595 = LINE('',#596,#597);
#596 = CARTESIAN_POINT('',(5.61975E+03,6.3246E+03,0.));
#597 = VECTOR('',#598,1.);
#598 = DIRECTION('',(0.,0.,-1.));
#599 = ORIENTED_EDGE('',*,*,#600,.F.);
#600 = EDGE_CURVE('',#601,#593,#603,.T.);
#601 = VERTEX_POINT('',#602);
#602 = CARTESIAN_POINT('',(1.42875E+03,6.3246E+03,2.1844E+03));
#603 = LINE('',#604,#605);
#604 = CARTESIAN_POINT('',(714.375,6.3246E+03,2.1844E+03));
#605 = VECTOR('',#606,1.);
#606 = DIRECTION('',(1.,0.,0.));
#607 = ORIENTED_EDGE('',*,*,#608,.T.);
#608 = EDGE_CURVE('',#601,#567,#609,.T.);
#609 = LINE('',#610,#611);
#610 = CARTESIAN_POINT('',(1.42875E+03,6.3246E+03,0.));
#611 = VECTOR('',#612,1.);
#612 = DIRECTION('',(0.,0.,-1.));
#613 = PLANE('',#614);
#614 = AXIS2_PLACEMENT_3D('',#615,#616,#617);
#615 = CARTESIAN_POINT('',(0.,6.3246E+03,0.));
#616 = DIRECTION('',(0.,1.,0.));
#617 = DIRECTION('',(0.,0.,1.));
#618 = ADVANCED_FACE('',(#619),#630,.F.);
#619 = FACE_BOUND('',#620,.F.);
#620 = EDGE_LOOP('',(#621,#622,#623,#624));
#621 = ORIENTED_EDGE('',*,*,#566,.F.);
#622 = ORIENTED_EDGE('',*,*,#449,.F.);
#623 = ORIENTED_EDGE('',*,*,#479,.T.);
#624 = ORIENTED_EDGE('',*,*,#625,.T.);
#625 = EDGE_CURVE('',#480,#567,#626,.T.);
#626 = LINE('',#627,#628);
#627 = CARTESIAN_POINT('',(1.42875E+03,6.1712E+03,0.));
#628 = VECTOR('',#629,1.);
#629 = DIRECTION('',(0.,1.,0.));
#630 = PLANE('',#631);
#631 = AXIS2_PLACEMENT_3D('',#632,#633,#634);
#632 = CARTESIAN_POINT('',(0.,6.1722E+03,0.));
#633 = DIRECTION('',(0.,0.,1.));
#634 = DIRECTION('',(1.,0.,0.));
#635 = ADVANCED_FACE('',(#636),#647,.T.);
#636 = FACE_BOUND('',#637,.T.);
#637 = EDGE_LOOP('',(#638,#644,#645,#646));
#638 = ORIENTED_EDGE('',*,*,#639,.F.);
#639 = EDGE_CURVE('',#521,#601,#640,.T.);
#640 = LINE('',#641,#642);
#641 = CARTESIAN_POINT('',(1.42875E+03,6.1712E+03,2.1844E+03));
#642 = VECTOR('',#643,1.);
#643 = DIRECTION('',(0.,1.,0.));
#644 = ORIENTED_EDGE('',*,*,#528,.T.);
#645 = ORIENTED_EDGE('',*,*,#625,.T.);
#646 = ORIENTED_EDGE('',*,*,#608,.F.);
#647 = PLANE('',#648);
#648 = AXIS2_PLACEMENT_3D('',#649,#650,#651);
#649 = CARTESIAN_POINT('',(1.42875E+03,6.1712E+03,0.));
#650 = DIRECTION('',(1.,0.,0.));
#651 = DIRECTION('',(0.,0.,1.));
#652 = ADVANCED_FACE('',(#653),#664,.F.);
#653 = FACE_BOUND('',#654,.F.);
#654 = EDGE_LOOP('',(#655,#656,#657,#663));
#655 = ORIENTED_EDGE('',*,*,#639,.F.);
#656 = ORIENTED_EDGE('',*,*,#520,.T.);
#657 = ORIENTED_EDGE('',*,*,#658,.T.);
#658 = EDGE_CURVE('',#513,#593,#659,.T.);
#659 = LINE('',#660,#661);
#660 = CARTESIAN_POINT('',(5.61975E+03,6.1712E+03,2.1844E+03));
#661 = VECTOR('',#662,1.);
#662 = DIRECTION('',(0.,1.,0.));
#663 = ORIENTED_EDGE('',*,*,#600,.F.);
#664 = PLANE('',#665);
#665 = AXIS2_PLACEMENT_3D('',#666,#667,#668);
#666 = CARTESIAN_POINT('',(1.42875E+03,6.1712E+03,2.1844E+03));
#667 = DIRECTION('',(0.,0.,1.));
#668 = DIRECTION('',(1.,0.,0.));
#669 = ADVANCED_FACE('',(#670),#681,.F.);
#670 = FACE_BOUND('',#671,.F.);
#671 = EDGE_LOOP('',(#672,#673,#674,#680));
#672 = ORIENTED_EDGE('',*,*,#658,.F.);
#673 = ORIENTED_EDGE('',*,*,#512,.T.);
#674 = ORIENTED_EDGE('',*,*,#675,.T.);
#675 = EDGE_CURVE('',#505,#585,#676,.T.);
#676 = LINE('',#677,#678);
#677 = CARTESIAN_POINT('',(5.61975E+03,6.1712E+03,0.));
#678 = VECTOR('',#679,1.);
#679 = DIRECTION('',(0.,1.,0.));
#680 = ORIENTED_EDGE('',*,*,#592,.F.);
#681 = PLANE('',#682);
#682 = AXIS2_PLACEMENT_3D('',#683,#684,#685);
#683 = CARTESIAN_POINT('',(5.61975E+03,6.1712E+03,0.));
#684 = DIRECTION('',(1.,0.,0.));
#685 = DIRECTION('',(0.,0.,1.));
#686 = ADVANCED_FACE('',(#687),#698,.F.);
#687 = FACE_BOUND('',#688,.F.);
#688 = EDGE_LOOP('',(#689,#690,#691,#692));
#689 = ORIENTED_EDGE('',*,*,#584,.F.);
#690 = ORIENTED_EDGE('',*,*,#675,.F.);
#691 = ORIENTED_EDGE('',*,*,#504,.T.);
#692 = ORIENTED_EDGE('',*,*,#693,.T.);
#693 = EDGE_CURVE('',#497,#577,#694,.T.);
#694 = LINE('',#695,#696);
#695 = CARTESIAN_POINT('',(6.3373E+03,6.1722E+03,0.));
#696 = VECTOR('',#697,1.);
#697 = DIRECTION('',(0.,1.,0.));
#698 = PLANE('',#699);
#699 = AXIS2_PLACEMENT_3D('',#700,#701,#702);
#700 = CARTESIAN_POINT('',(0.,6.1722E+03,0.));
#701 = DIRECTION('',(0.,0.,1.));
#702 = DIRECTION('',(1.,0.,0.));
#703 = ADVANCED_FACE('',(#704),#710,.T.);
#704 = FACE_BOUND('',#705,.T.);
#705 = EDGE_LOOP('',(#706,#707,#708,#709));
#706 = ORIENTED_EDGE('',*,*,#496,.F.);
#707 = ORIENTED_EDGE('',*,*,#693,.T.);
#708 = ORIENTED_EDGE('',*,*,#576,.T.);
#709 = ORIENTED_EDGE('',*,*,#544,.F.);
#710 = PLANE('',#711);
#711 = AXIS2_PLACEMENT_3D('',#712,#713,#714);
#712 = CARTESIAN_POINT('',(6.3373E+03,6.1722E+03,0.));
#713 = DIRECTION('',(1.,0.,0.));
#714 = DIRECTION('',(0.,0.,1.));
#715 = MANIFOLD_SOLID_BREP('',#716);
#716 = CLOSED_SHELL('',(#717,#825,#856,#880,#904,#921,#952,#976,#1000,
    #1017,#1048,#1072,#1096,#1113));
#717 = ADVANCED_FACE('',(#718,#752,#786),#820,.F.);
#718 = FACE_BOUND('',#719,.F.);
#719 = EDGE_LOOP('',(#720,#730,#738,#746));
#720 = ORIENTED_EDGE('',*,*,#721,.F.);
#721 = EDGE_CURVE('',#722,#724,#726,.T.);
#722 = VERTEX_POINT('',#723);
#723 = CARTESIAN_POINT('',(0.,152.4,0.));
#724 = VERTEX_POINT('',#725);
#725 = CARTESIAN_POINT('',(0.,152.4,2.5019E+03));
#726 = LINE('',#727,#728);
#727 = CARTESIAN_POINT('',(0.,152.4,0.));
#728 = VECTOR('',#729,1.);
#729 = DIRECTION('',(0.,0.,1.));
#730 = ORIENTED_EDGE('',*,*,#731,.T.);
#731 = EDGE_CURVE('',#722,#732,#734,.T.);
#732 = VERTEX_POINT('',#733);
#733 = CARTESIAN_POINT('',(0.,6.1722E+03,0.));
#734 = LINE('',#735,#736);
#735 = CARTESIAN_POINT('',(0.,152.4,0.));
#736 = VECTOR('',#737,1.);
#737 = DIRECTION('',(0.,1.,0.));
#738 = ORIENTED_EDGE('',*,*,#739,.T.);
#739 = EDGE_CURVE('',#732,#740,#742,.T.);
#740 = VERTEX_POINT('',#741);
#741 = CARTESIAN_POINT('',(0.,6.1722E+03,2.5019E+03));
#742 = LINE('',#743,#744);
#743 = CARTESIAN_POINT('',(0.,6.1722E+03,0.));
#744 = VECTOR('',#745,1.);
#745 = DIRECTION('',(0.,0.,1.));
#746 = ORIENTED_EDGE('',*,*,#747,.F.);
#747 = EDGE_CURVE('',#724,#740,#748,.T.);
#748 = LINE('',#749,#750);
#749 = CARTESIAN_POINT('',(0.,152.4,2.5019E+03));
#750 = VECTOR('',#751,1.);
#751 = DIRECTION('',(0.,1.,0.));
#752 = FACE_BOUND('',#753,.F.);
#753 = EDGE_LOOP('',(#754,#764,#772,#780));
#754 = ORIENTED_EDGE('',*,*,#755,.T.);
#755 = EDGE_CURVE('',#756,#758,#760,.T.);
#756 = VERTEX_POINT('',#757);
#757 = CARTESIAN_POINT('',(0.,4.6228E+03,1.2192E+03));
#758 = VERTEX_POINT('',#759);
#759 = CARTESIAN_POINT('',(0.,3.89255E+03,1.2192E+03));
#760 = LINE('',#761,#762);
#761 = CARTESIAN_POINT('',(0.,2.022475E+03,1.2192E+03));
#762 = VECTOR('',#763,1.);
#763 = DIRECTION('',(0.,-1.,0.));
#764 = ORIENTED_EDGE('',*,*,#765,.T.);
#765 = EDGE_CURVE('',#758,#766,#768,.T.);
#766 = VERTEX_POINT('',#767);
#767 = CARTESIAN_POINT('',(0.,3.89255E+03,1.8288E+03));
#768 = LINE('',#769,#770);
#769 = CARTESIAN_POINT('',(0.,3.89255E+03,609.6));
#770 = VECTOR('',#771,1.);
#771 = DIRECTION('',(0.,0.,1.));
#772 = ORIENTED_EDGE('',*,*,#773,.F.);
#773 = EDGE_CURVE('',#774,#766,#776,.T.);
#774 = VERTEX_POINT('',#775);
#775 = CARTESIAN_POINT('',(0.,4.6228E+03,1.8288E+03));
#776 = LINE('',#777,#778);
#777 = CARTESIAN_POINT('',(0.,2.022475E+03,1.8288E+03));
#778 = VECTOR('',#779,1.);
#779 = DIRECTION('',(0.,-1.,0.));
#780 = ORIENTED_EDGE('',*,*,#781,.F.);
#781 = EDGE_CURVE('',#756,#774,#782,.T.);
#782 = LINE('',#783,#784);
#783 = CARTESIAN_POINT('',(0.,4.6228E+03,609.6));
#784 = VECTOR('',#785,1.);
#785 = DIRECTION('',(0.,0.,1.));
#786 = FACE_BOUND('',#787,.F.);
#787 = EDGE_LOOP('',(#788,#798,#806,#814));
#788 = ORIENTED_EDGE('',*,*,#789,.T.);
#789 = EDGE_CURVE('',#790,#792,#794,.T.);
#790 = VERTEX_POINT('',#791);
#791 = CARTESIAN_POINT('',(0.,2.5781E+03,1.2192E+03));
#792 = VERTEX_POINT('',#793);
#793 = CARTESIAN_POINT('',(0.,1.8542E+03,1.2192E+03));
#794 = LINE('',#795,#796);
#795 = CARTESIAN_POINT('',(0.,1.0033E+03,1.2192E+03));
#796 = VECTOR('',#797,1.);
#797 = DIRECTION('',(0.,-1.,0.));
#798 = ORIENTED_EDGE('',*,*,#799,.T.);
#799 = EDGE_CURVE('',#792,#800,#802,.T.);
#800 = VERTEX_POINT('',#801);
#801 = CARTESIAN_POINT('',(0.,1.8542E+03,1.8288E+03));
#802 = LINE('',#803,#804);
#803 = CARTESIAN_POINT('',(0.,1.8542E+03,609.6));
#804 = VECTOR('',#805,1.);
#805 = DIRECTION('',(0.,0.,1.));
#806 = ORIENTED_EDGE('',*,*,#807,.F.);
#807 = EDGE_CURVE('',#808,#800,#810,.T.);
#808 = VERTEX_POINT('',#809);
#809 = CARTESIAN_POINT('',(0.,2.5781E+03,1.8288E+03));
#810 = LINE('',#811,#812);
#811 = CARTESIAN_POINT('',(0.,1.0033E+03,1.8288E+03));
#812 = VECTOR('',#813,1.);
#813 = DIRECTION('',(0.,-1.,0.));
#814 = ORIENTED_EDGE('',*,*,#815,.F.);
#815 = EDGE_CURVE('',#790,#808,#816,.T.);
#816 = LINE('',#817,#818);
#817 = CARTESIAN_POINT('',(0.,2.5781E+03,609.6));
#818 = VECTOR('',#819,1.);
#819 = DIRECTION('',(0.,0.,1.));
#820 = PLANE('',#821);
#821 = AXIS2_PLACEMENT_3D('',#822,#823,#824);
#822 = CARTESIAN_POINT('',(0.,152.4,0.));
#823 = DIRECTION('',(1.,0.,0.));
#824 = DIRECTION('',(0.,0.,1.));
#825 = ADVANCED_FACE('',(#826),#851,.F.);
#826 = FACE_BOUND('',#827,.F.);
#827 = EDGE_LOOP('',(#828,#836,#837,#845));
#828 = ORIENTED_EDGE('',*,*,#829,.F.);
#829 = EDGE_CURVE('',#722,#830,#832,.T.);
#830 = VERTEX_POINT('',#831);
#831 = CARTESIAN_POINT('',(152.4,152.4,0.));
#832 = LINE('',#833,#834);
#833 = CARTESIAN_POINT('',(0.,152.4,0.));
#834 = VECTOR('',#835,1.);
#835 = DIRECTION('',(1.,0.,0.));
#836 = ORIENTED_EDGE('',*,*,#721,.T.);
#837 = ORIENTED_EDGE('',*,*,#838,.T.);
#838 = EDGE_CURVE('',#724,#839,#841,.T.);
#839 = VERTEX_POINT('',#840);
#840 = CARTESIAN_POINT('',(152.4,152.4,2.5019E+03));
#841 = LINE('',#842,#843);
#842 = CARTESIAN_POINT('',(0.,152.4,2.5019E+03));
#843 = VECTOR('',#844,1.);
#844 = DIRECTION('',(1.,0.,0.));
#845 = ORIENTED_EDGE('',*,*,#846,.F.);
#846 = EDGE_CURVE('',#830,#839,#847,.T.);
#847 = LINE('',#848,#849);
#848 = CARTESIAN_POINT('',(152.4,152.4,0.));
#849 = VECTOR('',#850,1.);
#850 = DIRECTION('',(0.,0.,1.));
#851 = PLANE('',#852);
#852 = AXIS2_PLACEMENT_3D('',#853,#854,#855);
#853 = CARTESIAN_POINT('',(0.,152.4,0.));
#854 = DIRECTION('',(0.,1.,0.));
#855 = DIRECTION('',(0.,0.,1.));
#856 = ADVANCED_FACE('',(#857),#875,.T.);
#857 = FACE_BOUND('',#858,.T.);
#858 = EDGE_LOOP('',(#859,#860,#861,#869));
#859 = ORIENTED_EDGE('',*,*,#747,.F.);
#860 = ORIENTED_EDGE('',*,*,#838,.T.);
#861 = ORIENTED_EDGE('',*,*,#862,.T.);
#862 = EDGE_CURVE('',#839,#863,#865,.T.);
#863 = VERTEX_POINT('',#864);
#864 = CARTESIAN_POINT('',(152.4,6.1722E+03,2.5019E+03));
#865 = LINE('',#866,#867);
#866 = CARTESIAN_POINT('',(152.4,152.4,2.5019E+03));
#867 = VECTOR('',#868,1.);
#868 = DIRECTION('',(0.,1.,0.));
#869 = ORIENTED_EDGE('',*,*,#870,.F.);
#870 = EDGE_CURVE('',#740,#863,#871,.T.);
#871 = LINE('',#872,#873);
#872 = CARTESIAN_POINT('',(0.,6.1722E+03,2.5019E+03));
#873 = VECTOR('',#874,1.);
#874 = DIRECTION('',(1.,0.,0.));
#875 = PLANE('',#876);
#876 = AXIS2_PLACEMENT_3D('',#877,#878,#879);
#877 = CARTESIAN_POINT('',(0.,152.4,2.5019E+03));
#878 = DIRECTION('',(0.,0.,1.));
#879 = DIRECTION('',(1.,0.,0.));
#880 = ADVANCED_FACE('',(#881),#899,.F.);
#881 = FACE_BOUND('',#882,.F.);
#882 = EDGE_LOOP('',(#883,#884,#885,#893));
#883 = ORIENTED_EDGE('',*,*,#731,.F.);
#884 = ORIENTED_EDGE('',*,*,#829,.T.);
#885 = ORIENTED_EDGE('',*,*,#886,.T.);
#886 = EDGE_CURVE('',#830,#887,#889,.T.);
#887 = VERTEX_POINT('',#888);
#888 = CARTESIAN_POINT('',(152.4,6.1722E+03,0.));
#889 = LINE('',#890,#891);
#890 = CARTESIAN_POINT('',(152.4,152.4,0.));
#891 = VECTOR('',#892,1.);
#892 = DIRECTION('',(0.,1.,0.));
#893 = ORIENTED_EDGE('',*,*,#894,.F.);
#894 = EDGE_CURVE('',#732,#887,#895,.T.);
#895 = LINE('',#896,#897);
#896 = CARTESIAN_POINT('',(0.,6.1722E+03,0.));
#897 = VECTOR('',#898,1.);
#898 = DIRECTION('',(1.,0.,0.));
#899 = PLANE('',#900);
#900 = AXIS2_PLACEMENT_3D('',#901,#902,#903);
#901 = CARTESIAN_POINT('',(0.,152.4,0.));
#902 = DIRECTION('',(0.,0.,1.));
#903 = DIRECTION('',(1.,0.,0.));
#904 = ADVANCED_FACE('',(#905),#916,.T.);
#905 = FACE_BOUND('',#906,.T.);
#906 = EDGE_LOOP('',(#907,#908,#909,#910));
#907 = ORIENTED_EDGE('',*,*,#894,.F.);
#908 = ORIENTED_EDGE('',*,*,#739,.T.);
#909 = ORIENTED_EDGE('',*,*,#870,.T.);
#910 = ORIENTED_EDGE('',*,*,#911,.F.);
#911 = EDGE_CURVE('',#887,#863,#912,.T.);
#912 = LINE('',#913,#914);
#913 = CARTESIAN_POINT('',(152.4,6.1722E+03,0.));
#914 = VECTOR('',#915,1.);
#915 = DIRECTION('',(0.,0.,1.));
#916 = PLANE('',#917);
#917 = AXIS2_PLACEMENT_3D('',#918,#919,#920);
#918 = CARTESIAN_POINT('',(0.,6.1722E+03,0.));
#919 = DIRECTION('',(0.,1.,0.));
#920 = DIRECTION('',(0.,0.,1.));
#921 = ADVANCED_FACE('',(#922),#947,.T.);
#922 = FACE_BOUND('',#923,.T.);
#923 = EDGE_LOOP('',(#924,#932,#933,#941));
#924 = ORIENTED_EDGE('',*,*,#925,.F.);
#925 = EDGE_CURVE('',#756,#926,#928,.T.);
#926 = VERTEX_POINT('',#927);
#927 = CARTESIAN_POINT('',(152.4,4.6228E+03,1.2192E+03));
#928 = LINE('',#929,#930);
#929 = CARTESIAN_POINT('',(-13.7,4.6228E+03,1.2192E+03));
#930 = VECTOR('',#931,1.);
#931 = DIRECTION('',(1.,0.,0.));
#932 = ORIENTED_EDGE('',*,*,#755,.T.);
#933 = ORIENTED_EDGE('',*,*,#934,.T.);
#934 = EDGE_CURVE('',#758,#935,#937,.T.);
#935 = VERTEX_POINT('',#936);
#936 = CARTESIAN_POINT('',(152.4,3.89255E+03,1.2192E+03));
#937 = LINE('',#938,#939);
#938 = CARTESIAN_POINT('',(-13.7,3.89255E+03,1.2192E+03));
#939 = VECTOR('',#940,1.);
#940 = DIRECTION('',(1.,0.,0.));
#941 = ORIENTED_EDGE('',*,*,#942,.F.);
#942 = EDGE_CURVE('',#926,#935,#943,.T.);
#943 = LINE('',#944,#945);
#944 = CARTESIAN_POINT('',(152.4,2.022475E+03,1.2192E+03));
#945 = VECTOR('',#946,1.);
#946 = DIRECTION('',(0.,-1.,0.));
#947 = PLANE('',#948);
#948 = AXIS2_PLACEMENT_3D('',#949,#950,#951);
#949 = CARTESIAN_POINT('',(-13.7,3.89255E+03,1.2192E+03));
#950 = DIRECTION('',(0.,0.,1.));
#951 = DIRECTION('',(1.,0.,0.));
#952 = ADVANCED_FACE('',(#953),#971,.F.);
#953 = FACE_BOUND('',#954,.F.);
#954 = EDGE_LOOP('',(#955,#956,#957,#965));
#955 = ORIENTED_EDGE('',*,*,#925,.F.);
#956 = ORIENTED_EDGE('',*,*,#781,.T.);
#957 = ORIENTED_EDGE('',*,*,#958,.T.);
#958 = EDGE_CURVE('',#774,#959,#961,.T.);
#959 = VERTEX_POINT('',#960);
#960 = CARTESIAN_POINT('',(152.4,4.6228E+03,1.8288E+03));
#961 = LINE('',#962,#963);
#962 = CARTESIAN_POINT('',(-13.7,4.6228E+03,1.8288E+03));
#963 = VECTOR('',#964,1.);
#964 = DIRECTION('',(1.,0.,0.));
#965 = ORIENTED_EDGE('',*,*,#966,.F.);
#966 = EDGE_CURVE('',#926,#959,#967,.T.);
#967 = LINE('',#968,#969);
#968 = CARTESIAN_POINT('',(152.4,4.6228E+03,609.6));
#969 = VECTOR('',#970,1.);
#970 = DIRECTION('',(0.,0.,1.));
#971 = PLANE('',#972);
#972 = AXIS2_PLACEMENT_3D('',#973,#974,#975);
#973 = CARTESIAN_POINT('',(-13.7,4.6228E+03,1.2192E+03));
#974 = DIRECTION('',(0.,1.,0.));
#975 = DIRECTION('',(0.,0.,1.));
#976 = ADVANCED_FACE('',(#977),#995,.F.);
#977 = FACE_BOUND('',#978,.F.);
#978 = EDGE_LOOP('',(#979,#980,#981,#989));
#979 = ORIENTED_EDGE('',*,*,#958,.F.);
#980 = ORIENTED_EDGE('',*,*,#773,.T.);
#981 = ORIENTED_EDGE('',*,*,#982,.T.);
#982 = EDGE_CURVE('',#766,#983,#985,.T.);
#983 = VERTEX_POINT('',#984);
#984 = CARTESIAN_POINT('',(152.4,3.89255E+03,1.8288E+03));
#985 = LINE('',#986,#987);
#986 = CARTESIAN_POINT('',(-13.7,3.89255E+03,1.8288E+03));
#987 = VECTOR('',#988,1.);
#988 = DIRECTION('',(1.,0.,0.));
#989 = ORIENTED_EDGE('',*,*,#990,.F.);
#990 = EDGE_CURVE('',#959,#983,#991,.T.);
#991 = LINE('',#992,#993);
#992 = CARTESIAN_POINT('',(152.4,2.022475E+03,1.8288E+03));
#993 = VECTOR('',#994,1.);
#994 = DIRECTION('',(0.,-1.,0.));
#995 = PLANE('',#996);
#996 = AXIS2_PLACEMENT_3D('',#997,#998,#999);
#997 = CARTESIAN_POINT('',(-13.7,3.89255E+03,1.8288E+03));
#998 = DIRECTION('',(0.,0.,1.));
#999 = DIRECTION('',(1.,0.,0.));
#1000 = ADVANCED_FACE('',(#1001),#1012,.T.);
#1001 = FACE_BOUND('',#1002,.T.);
#1002 = EDGE_LOOP('',(#1003,#1004,#1005,#1006));
#1003 = ORIENTED_EDGE('',*,*,#934,.F.);
#1004 = ORIENTED_EDGE('',*,*,#765,.T.);
#1005 = ORIENTED_EDGE('',*,*,#982,.T.);
#1006 = ORIENTED_EDGE('',*,*,#1007,.F.);
#1007 = EDGE_CURVE('',#935,#983,#1008,.T.);
#1008 = LINE('',#1009,#1010);
#1009 = CARTESIAN_POINT('',(152.4,3.89255E+03,609.6));
#1010 = VECTOR('',#1011,1.);
#1011 = DIRECTION('',(0.,0.,1.));
#1012 = PLANE('',#1013);
#1013 = AXIS2_PLACEMENT_3D('',#1014,#1015,#1016);
#1014 = CARTESIAN_POINT('',(-13.7,3.89255E+03,1.2192E+03));
#1015 = DIRECTION('',(0.,1.,0.));
#1016 = DIRECTION('',(0.,0.,1.));
#1017 = ADVANCED_FACE('',(#1018),#1043,.T.);
#1018 = FACE_BOUND('',#1019,.T.);
#1019 = EDGE_LOOP('',(#1020,#1028,#1029,#1037));
#1020 = ORIENTED_EDGE('',*,*,#1021,.F.);
#1021 = EDGE_CURVE('',#790,#1022,#1024,.T.);
#1022 = VERTEX_POINT('',#1023);
#1023 = CARTESIAN_POINT('',(152.4,2.5781E+03,1.2192E+03));
#1024 = LINE('',#1025,#1026);
#1025 = CARTESIAN_POINT('',(-13.7,2.5781E+03,1.2192E+03));
#1026 = VECTOR('',#1027,1.);
#1027 = DIRECTION('',(1.,0.,0.));
#1028 = ORIENTED_EDGE('',*,*,#789,.T.);
#1029 = ORIENTED_EDGE('',*,*,#1030,.T.);
#1030 = EDGE_CURVE('',#792,#1031,#1033,.T.);
#1031 = VERTEX_POINT('',#1032);
#1032 = CARTESIAN_POINT('',(152.4,1.8542E+03,1.2192E+03));
#1033 = LINE('',#1034,#1035);
#1034 = CARTESIAN_POINT('',(-13.7,1.8542E+03,1.2192E+03));
#1035 = VECTOR('',#1036,1.);
#1036 = DIRECTION('',(1.,0.,0.));
#1037 = ORIENTED_EDGE('',*,*,#1038,.F.);
#1038 = EDGE_CURVE('',#1022,#1031,#1039,.T.);
#1039 = LINE('',#1040,#1041);
#1040 = CARTESIAN_POINT('',(152.4,1.0033E+03,1.2192E+03));
#1041 = VECTOR('',#1042,1.);
#1042 = DIRECTION('',(0.,-1.,0.));
#1043 = PLANE('',#1044);
#1044 = AXIS2_PLACEMENT_3D('',#1045,#1046,#1047);
#1045 = CARTESIAN_POINT('',(-13.7,1.8542E+03,1.2192E+03));
#1046 = DIRECTION('',(0.,0.,1.));
#1047 = DIRECTION('',(1.,0.,0.));
#1048 = ADVANCED_FACE('',(#1049),#1067,.F.);
#1049 = FACE_BOUND('',#1050,.F.);
#1050 = EDGE_LOOP('',(#1051,#1052,#1053,#1061));
#1051 = ORIENTED_EDGE('',*,*,#1021,.F.);
#1052 = ORIENTED_EDGE('',*,*,#815,.T.);
#1053 = ORIENTED_EDGE('',*,*,#1054,.T.);
#1054 = EDGE_CURVE('',#808,#1055,#1057,.T.);
#1055 = VERTEX_POINT('',#1056);
#1056 = CARTESIAN_POINT('',(152.4,2.5781E+03,1.8288E+03));
#1057 = LINE('',#1058,#1059);
#1058 = CARTESIAN_POINT('',(-13.7,2.5781E+03,1.8288E+03));
#1059 = VECTOR('',#1060,1.);
#1060 = DIRECTION('',(1.,0.,0.));
#1061 = ORIENTED_EDGE('',*,*,#1062,.F.);
#1062 = EDGE_CURVE('',#1022,#1055,#1063,.T.);
#1063 = LINE('',#1064,#1065);
#1064 = CARTESIAN_POINT('',(152.4,2.5781E+03,609.6));
#1065 = VECTOR('',#1066,1.);
#1066 = DIRECTION('',(0.,0.,1.));
#1067 = PLANE('',#1068);
#1068 = AXIS2_PLACEMENT_3D('',#1069,#1070,#1071);
#1069 = CARTESIAN_POINT('',(-13.7,2.5781E+03,1.2192E+03));
#1070 = DIRECTION('',(0.,1.,0.));
#1071 = DIRECTION('',(0.,0.,1.));
#1072 = ADVANCED_FACE('',(#1073),#1091,.T.);
#1073 = FACE_BOUND('',#1074,.T.);
#1074 = EDGE_LOOP('',(#1075,#1076,#1077,#1085));
#1075 = ORIENTED_EDGE('',*,*,#1030,.F.);
#1076 = ORIENTED_EDGE('',*,*,#799,.T.);
#1077 = ORIENTED_EDGE('',*,*,#1078,.T.);
#1078 = EDGE_CURVE('',#800,#1079,#1081,.T.);
#1079 = VERTEX_POINT('',#1080);
#1080 = CARTESIAN_POINT('',(152.4,1.8542E+03,1.8288E+03));
#1081 = LINE('',#1082,#1083);
#1082 = CARTESIAN_POINT('',(-13.7,1.8542E+03,1.8288E+03));
#1083 = VECTOR('',#1084,1.);
#1084 = DIRECTION('',(1.,0.,0.));
#1085 = ORIENTED_EDGE('',*,*,#1086,.F.);
#1086 = EDGE_CURVE('',#1031,#1079,#1087,.T.);
#1087 = LINE('',#1088,#1089);
#1088 = CARTESIAN_POINT('',(152.4,1.8542E+03,609.6));
#1089 = VECTOR('',#1090,1.);
#1090 = DIRECTION('',(0.,0.,1.));
#1091 = PLANE('',#1092);
#1092 = AXIS2_PLACEMENT_3D('',#1093,#1094,#1095);
#1093 = CARTESIAN_POINT('',(-13.7,1.8542E+03,1.2192E+03));
#1094 = DIRECTION('',(0.,1.,0.));
#1095 = DIRECTION('',(0.,0.,1.));
#1096 = ADVANCED_FACE('',(#1097),#1108,.F.);
#1097 = FACE_BOUND('',#1098,.F.);
#1098 = EDGE_LOOP('',(#1099,#1100,#1101,#1102));
#1099 = ORIENTED_EDGE('',*,*,#1054,.F.);
#1100 = ORIENTED_EDGE('',*,*,#807,.T.);
#1101 = ORIENTED_EDGE('',*,*,#1078,.T.);
#1102 = ORIENTED_EDGE('',*,*,#1103,.F.);
#1103 = EDGE_CURVE('',#1055,#1079,#1104,.T.);
#1104 = LINE('',#1105,#1106);
#1105 = CARTESIAN_POINT('',(152.4,1.0033E+03,1.8288E+03));
#1106 = VECTOR('',#1107,1.);
#1107 = DIRECTION('',(0.,-1.,0.));
#1108 = PLANE('',#1109);
#1109 = AXIS2_PLACEMENT_3D('',#1110,#1111,#1112);
#1110 = CARTESIAN_POINT('',(-13.7,1.8542E+03,1.8288E+03));
#1111 = DIRECTION('',(0.,0.,1.));
#1112 = DIRECTION('',(1.,0.,0.));
#1113 = ADVANCED_FACE('',(#1114,#1120,#1126),#1132,.T.);
#1114 = FACE_BOUND('',#1115,.T.);
#1115 = EDGE_LOOP('',(#1116,#1117,#1118,#1119));
#1116 = ORIENTED_EDGE('',*,*,#846,.F.);
#1117 = ORIENTED_EDGE('',*,*,#886,.T.);
#1118 = ORIENTED_EDGE('',*,*,#911,.T.);
#1119 = ORIENTED_EDGE('',*,*,#862,.F.);
#1120 = FACE_BOUND('',#1121,.T.);
#1121 = EDGE_LOOP('',(#1122,#1123,#1124,#1125));
#1122 = ORIENTED_EDGE('',*,*,#942,.T.);
#1123 = ORIENTED_EDGE('',*,*,#1007,.T.);
#1124 = ORIENTED_EDGE('',*,*,#990,.F.);
#1125 = ORIENTED_EDGE('',*,*,#966,.F.);
#1126 = FACE_BOUND('',#1127,.T.);
#1127 = EDGE_LOOP('',(#1128,#1129,#1130,#1131));
#1128 = ORIENTED_EDGE('',*,*,#1038,.T.);
#1129 = ORIENTED_EDGE('',*,*,#1086,.T.);
#1130 = ORIENTED_EDGE('',*,*,#1103,.F.);
#1131 = ORIENTED_EDGE('',*,*,#1062,.F.);
#1132 = PLANE('',#1133);
#1133 = AXIS2_PLACEMENT_3D('',#1134,#1135,#1136);
#1134 = CARTESIAN_POINT('',(152.4,152.4,0.));
#1135 = DIRECTION('',(1.,0.,0.));
#1136 = DIRECTION('',(0.,0.,1.));
#1137 = MANIFOLD_SOLID_BREP('',#1138);
#1138 = CLOSED_SHELL('',(#1139,#1179,#1219,#1241,#1263,#1275));
#1139 = ADVANCED_FACE('',(#1140),#1174,.F.);
#1140 = FACE_BOUND('',#1141,.F.);
#1141 = EDGE_LOOP('',(#1142,#1152,#1160,#1168));
#1142 = ORIENTED_EDGE('',*,*,#1143,.F.);
#1143 = EDGE_CURVE('',#1144,#1146,#1148,.T.);
#1144 = VERTEX_POINT('',#1145);
#1145 = CARTESIAN_POINT('',(6.1849E+03,152.4,0.));
#1146 = VERTEX_POINT('',#1147);
#1147 = CARTESIAN_POINT('',(6.1849E+03,152.4,2.5019E+03));
#1148 = LINE('',#1149,#1150);
#1149 = CARTESIAN_POINT('',(6.1849E+03,152.4,0.));
#1150 = VECTOR('',#1151,1.);
#1151 = DIRECTION('',(0.,0.,1.));
#1152 = ORIENTED_EDGE('',*,*,#1153,.T.);
#1153 = EDGE_CURVE('',#1144,#1154,#1156,.T.);
#1154 = VERTEX_POINT('',#1155);
#1155 = CARTESIAN_POINT('',(6.1849E+03,6.1722E+03,0.));
#1156 = LINE('',#1157,#1158);
#1157 = CARTESIAN_POINT('',(6.1849E+03,152.4,0.));
#1158 = VECTOR('',#1159,1.);
#1159 = DIRECTION('',(0.,1.,0.));
#1160 = ORIENTED_EDGE('',*,*,#1161,.T.);
#1161 = EDGE_CURVE('',#1154,#1162,#1164,.T.);
#1162 = VERTEX_POINT('',#1163);
#1163 = CARTESIAN_POINT('',(6.1849E+03,6.1722E+03,2.5019E+03));
#1164 = LINE('',#1165,#1166);
#1165 = CARTESIAN_POINT('',(6.1849E+03,6.1722E+03,0.));
#1166 = VECTOR('',#1167,1.);
#1167 = DIRECTION('',(0.,0.,1.));
#1168 = ORIENTED_EDGE('',*,*,#1169,.F.);
#1169 = EDGE_CURVE('',#1146,#1162,#1170,.T.);
#1170 = LINE('',#1171,#1172);
#1171 = CARTESIAN_POINT('',(6.1849E+03,152.4,2.5019E+03));
#1172 = VECTOR('',#1173,1.);
#1173 = DIRECTION('',(0.,1.,0.));
#1174 = PLANE('',#1175);
#1175 = AXIS2_PLACEMENT_3D('',#1176,#1177,#1178);
#1176 = CARTESIAN_POINT('',(6.1849E+03,152.4,0.));
#1177 = DIRECTION('',(1.,0.,0.));
#1178 = DIRECTION('',(0.,0.,1.));
#1179 = ADVANCED_FACE('',(#1180),#1214,.T.);
#1180 = FACE_BOUND('',#1181,.T.);
#1181 = EDGE_LOOP('',(#1182,#1192,#1200,#1208));
#1182 = ORIENTED_EDGE('',*,*,#1183,.F.);
#1183 = EDGE_CURVE('',#1184,#1186,#1188,.T.);
#1184 = VERTEX_POINT('',#1185);
#1185 = CARTESIAN_POINT('',(6.3373E+03,152.4,0.));
#1186 = VERTEX_POINT('',#1187);
#1187 = CARTESIAN_POINT('',(6.3373E+03,152.4,2.5019E+03));
#1188 = LINE('',#1189,#1190);
#1189 = CARTESIAN_POINT('',(6.3373E+03,152.4,0.));
#1190 = VECTOR('',#1191,1.);
#1191 = DIRECTION('',(0.,0.,1.));
#1192 = ORIENTED_EDGE('',*,*,#1193,.T.);
#1193 = EDGE_CURVE('',#1184,#1194,#1196,.T.);
#1194 = VERTEX_POINT('',#1195);
#1195 = CARTESIAN_POINT('',(6.3373E+03,6.1722E+03,0.));
#1196 = LINE('',#1197,#1198);
#1197 = CARTESIAN_POINT('',(6.3373E+03,152.4,0.));
#1198 = VECTOR('',#1199,1.);
#1199 = DIRECTION('',(0.,1.,0.));
#1200 = ORIENTED_EDGE('',*,*,#1201,.T.);
#1201 = EDGE_CURVE('',#1194,#1202,#1204,.T.);
#1202 = VERTEX_POINT('',#1203);
#1203 = CARTESIAN_POINT('',(6.3373E+03,6.1722E+03,2.5019E+03));
#1204 = LINE('',#1205,#1206);
#1205 = CARTESIAN_POINT('',(6.3373E+03,6.1722E+03,0.));
#1206 = VECTOR('',#1207,1.);
#1207 = DIRECTION('',(0.,0.,1.));
#1208 = ORIENTED_EDGE('',*,*,#1209,.F.);
#1209 = EDGE_CURVE('',#1186,#1202,#1210,.T.);
#1210 = LINE('',#1211,#1212);
#1211 = CARTESIAN_POINT('',(6.3373E+03,152.4,2.5019E+03));
#1212 = VECTOR('',#1213,1.);
#1213 = DIRECTION('',(0.,1.,0.));
#1214 = PLANE('',#1215);
#1215 = AXIS2_PLACEMENT_3D('',#1216,#1217,#1218);
#1216 = CARTESIAN_POINT('',(6.3373E+03,152.4,0.));
#1217 = DIRECTION('',(1.,0.,0.));
#1218 = DIRECTION('',(0.,0.,1.));
#1219 = ADVANCED_FACE('',(#1220),#1236,.F.);
#1220 = FACE_BOUND('',#1221,.F.);
#1221 = EDGE_LOOP('',(#1222,#1228,#1229,#1235));
#1222 = ORIENTED_EDGE('',*,*,#1223,.F.);
#1223 = EDGE_CURVE('',#1144,#1184,#1224,.T.);
#1224 = LINE('',#1225,#1226);
#1225 = CARTESIAN_POINT('',(6.1849E+03,152.4,0.));
#1226 = VECTOR('',#1227,1.);
#1227 = DIRECTION('',(1.,0.,0.));
#1228 = ORIENTED_EDGE('',*,*,#1143,.T.);
#1229 = ORIENTED_EDGE('',*,*,#1230,.T.);
#1230 = EDGE_CURVE('',#1146,#1186,#1231,.T.);
#1231 = LINE('',#1232,#1233);
#1232 = CARTESIAN_POINT('',(6.1849E+03,152.4,2.5019E+03));
#1233 = VECTOR('',#1234,1.);
#1234 = DIRECTION('',(1.,0.,0.));
#1235 = ORIENTED_EDGE('',*,*,#1183,.F.);
#1236 = PLANE('',#1237);
#1237 = AXIS2_PLACEMENT_3D('',#1238,#1239,#1240);
#1238 = CARTESIAN_POINT('',(6.1849E+03,152.4,0.));
#1239 = DIRECTION('',(0.,1.,0.));
#1240 = DIRECTION('',(0.,0.,1.));
#1241 = ADVANCED_FACE('',(#1242),#1258,.T.);
#1242 = FACE_BOUND('',#1243,.T.);
#1243 = EDGE_LOOP('',(#1244,#1250,#1251,#1257));
#1244 = ORIENTED_EDGE('',*,*,#1245,.F.);
#1245 = EDGE_CURVE('',#1154,#1194,#1246,.T.);
#1246 = LINE('',#1247,#1248);
#1247 = CARTESIAN_POINT('',(6.1849E+03,6.1722E+03,0.));
#1248 = VECTOR('',#1249,1.);
#1249 = DIRECTION('',(1.,0.,0.));
#1250 = ORIENTED_EDGE('',*,*,#1161,.T.);
#1251 = ORIENTED_EDGE('',*,*,#1252,.T.);
#1252 = EDGE_CURVE('',#1162,#1202,#1253,.T.);
#1253 = LINE('',#1254,#1255);
#1254 = CARTESIAN_POINT('',(6.1849E+03,6.1722E+03,2.5019E+03));
#1255 = VECTOR('',#1256,1.);
#1256 = DIRECTION('',(1.,0.,0.));
#1257 = ORIENTED_EDGE('',*,*,#1201,.F.);
#1258 = PLANE('',#1259);
#1259 = AXIS2_PLACEMENT_3D('',#1260,#1261,#1262);
#1260 = CARTESIAN_POINT('',(6.1849E+03,6.1722E+03,0.));
#1261 = DIRECTION('',(0.,1.,0.));
#1262 = DIRECTION('',(0.,0.,1.));
#1263 = ADVANCED_FACE('',(#1264),#1270,.F.);
#1264 = FACE_BOUND('',#1265,.F.);
#1265 = EDGE_LOOP('',(#1266,#1267,#1268,#1269));
#1266 = ORIENTED_EDGE('',*,*,#1153,.F.);
#1267 = ORIENTED_EDGE('',*,*,#1223,.T.);
#1268 = ORIENTED_EDGE('',*,*,#1193,.T.);
#1269 = ORIENTED_EDGE('',*,*,#1245,.F.);
#1270 = PLANE('',#1271);
#1271 = AXIS2_PLACEMENT_3D('',#1272,#1273,#1274);
#1272 = CARTESIAN_POINT('',(6.1849E+03,152.4,0.));
#1273 = DIRECTION('',(0.,0.,1.));
#1274 = DIRECTION('',(1.,0.,0.));
#1275 = ADVANCED_FACE('',(#1276),#1282,.T.);
#1276 = FACE_BOUND('',#1277,.T.);
#1277 = EDGE_LOOP('',(#1278,#1279,#1280,#1281));
#1278 = ORIENTED_EDGE('',*,*,#1169,.F.);
#1279 = ORIENTED_EDGE('',*,*,#1230,.T.);
#1280 = ORIENTED_EDGE('',*,*,#1209,.T.);
#1281 = ORIENTED_EDGE('',*,*,#1252,.F.);
#1282 = PLANE('',#1283);
#1283 = AXIS2_PLACEMENT_3D('',#1284,#1285,#1286);
#1284 = CARTESIAN_POINT('',(6.1849E+03,152.4,2.5019E+03));
#1285 = DIRECTION('',(0.,0.,1.));
#1286 = DIRECTION('',(1.,0.,0.));
#1287 = MANIFOLD_SOLID_BREP('',#1288);
#1288 = CLOSED_SHELL('',(#1289,#1329,#1426,#1450,#1540,#1557,#1574,#1591
    ,#1608,#1625,#1637,#1659,#1676,#1693));
#1289 = ADVANCED_FACE('',(#1290),#1324,.F.);
#1290 = FACE_BOUND('',#1291,.F.);
#1291 = EDGE_LOOP('',(#1292,#1302,#1310,#1318));
#1292 = ORIENTED_EDGE('',*,*,#1293,.F.);
#1293 = EDGE_CURVE('',#1294,#1296,#1298,.T.);
#1294 = VERTEX_POINT('',#1295);
#1295 = CARTESIAN_POINT('',(-12.7,-12.7,0.));
#1296 = VERTEX_POINT('',#1297);
#1297 = CARTESIAN_POINT('',(-12.7,-12.7,2.5019E+03));
#1298 = LINE('',#1299,#1300);
#1299 = CARTESIAN_POINT('',(-12.7,-12.7,0.));
#1300 = VECTOR('',#1301,1.);
#1301 = DIRECTION('',(0.,0.,1.));
#1302 = ORIENTED_EDGE('',*,*,#1303,.T.);
#1303 = EDGE_CURVE('',#1294,#1304,#1306,.T.);
#1304 = VERTEX_POINT('',#1305);
#1305 = CARTESIAN_POINT('',(-12.7,0.,0.));
#1306 = LINE('',#1307,#1308);
#1307 = CARTESIAN_POINT('',(-12.7,-12.7,0.));
#1308 = VECTOR('',#1309,1.);
#1309 = DIRECTION('',(0.,1.,0.));
#1310 = ORIENTED_EDGE('',*,*,#1311,.T.);
#1311 = EDGE_CURVE('',#1304,#1312,#1314,.T.);
#1312 = VERTEX_POINT('',#1313);
#1313 = CARTESIAN_POINT('',(-12.7,0.,2.5019E+03));
#1314 = LINE('',#1315,#1316);
#1315 = CARTESIAN_POINT('',(-12.7,0.,0.));
#1316 = VECTOR('',#1317,1.);
#1317 = DIRECTION('',(0.,0.,1.));
#1318 = ORIENTED_EDGE('',*,*,#1319,.F.);
#1319 = EDGE_CURVE('',#1296,#1312,#1320,.T.);
#1320 = LINE('',#1321,#1322);
#1321 = CARTESIAN_POINT('',(-12.7,-12.7,2.5019E+03));
#1322 = VECTOR('',#1323,1.);
#1323 = DIRECTION('',(0.,1.,0.));
#1324 = PLANE('',#1325);
#1325 = AXIS2_PLACEMENT_3D('',#1326,#1327,#1328);
#1326 = CARTESIAN_POINT('',(-12.7,-12.7,0.));
#1327 = DIRECTION('',(1.,0.,0.));
#1328 = DIRECTION('',(0.,0.,1.));
#1329 = ADVANCED_FACE('',(#1330,#1387),#1421,.F.);
#1330 = FACE_BOUND('',#1331,.F.);
#1331 = EDGE_LOOP('',(#1332,#1340,#1341,#1349,#1357,#1365,#1373,#1381));
#1332 = ORIENTED_EDGE('',*,*,#1333,.F.);
#1333 = EDGE_CURVE('',#1294,#1334,#1336,.T.);
#1334 = VERTEX_POINT('',#1335);
#1335 = CARTESIAN_POINT('',(2.8321E+03,-12.7,0.));
#1336 = LINE('',#1337,#1338);
#1337 = CARTESIAN_POINT('',(-12.7,-12.7,0.));
#1338 = VECTOR('',#1339,1.);
#1339 = DIRECTION('',(1.,0.,0.));
#1340 = ORIENTED_EDGE('',*,*,#1293,.T.);
#1341 = ORIENTED_EDGE('',*,*,#1342,.T.);
#1342 = EDGE_CURVE('',#1296,#1343,#1345,.T.);
#1343 = VERTEX_POINT('',#1344);
#1344 = CARTESIAN_POINT('',(6.35E+03,-12.7,2.5019E+03));
#1345 = LINE('',#1346,#1347);
#1346 = CARTESIAN_POINT('',(-12.7,-12.7,2.5019E+03));
#1347 = VECTOR('',#1348,1.);
#1348 = DIRECTION('',(1.,0.,0.));
#1349 = ORIENTED_EDGE('',*,*,#1350,.F.);
#1350 = EDGE_CURVE('',#1351,#1343,#1353,.T.);
#1351 = VERTEX_POINT('',#1352);
#1352 = CARTESIAN_POINT('',(6.35E+03,-12.7,0.));
#1353 = LINE('',#1354,#1355);
#1354 = CARTESIAN_POINT('',(6.35E+03,-12.7,0.));
#1355 = VECTOR('',#1356,1.);
#1356 = DIRECTION('',(0.,0.,1.));
#1357 = ORIENTED_EDGE('',*,*,#1358,.F.);
#1358 = EDGE_CURVE('',#1359,#1351,#1361,.T.);
#1359 = VERTEX_POINT('',#1360);
#1360 = CARTESIAN_POINT('',(3.6449E+03,-12.7,0.));
#1361 = LINE('',#1362,#1363);
#1362 = CARTESIAN_POINT('',(-12.7,-12.7,0.));
#1363 = VECTOR('',#1364,1.);
#1364 = DIRECTION('',(1.,0.,0.));
#1365 = ORIENTED_EDGE('',*,*,#1366,.F.);
#1366 = EDGE_CURVE('',#1367,#1359,#1369,.T.);
#1367 = VERTEX_POINT('',#1368);
#1368 = CARTESIAN_POINT('',(3.6449E+03,-12.7,2.032E+03));
#1369 = LINE('',#1370,#1371);
#1370 = CARTESIAN_POINT('',(3.6449E+03,-12.7,0.));
#1371 = VECTOR('',#1372,1.);
#1372 = DIRECTION('',(0.,0.,-1.));
#1373 = ORIENTED_EDGE('',*,*,#1374,.F.);
#1374 = EDGE_CURVE('',#1375,#1367,#1377,.T.);
#1375 = VERTEX_POINT('',#1376);
#1376 = CARTESIAN_POINT('',(2.8321E+03,-12.7,2.032E+03));
#1377 = LINE('',#1378,#1379);
#1378 = CARTESIAN_POINT('',(1.4097E+03,-12.7,2.032E+03));
#1379 = VECTOR('',#1380,1.);
#1380 = DIRECTION('',(1.,0.,0.));
#1381 = ORIENTED_EDGE('',*,*,#1382,.T.);
#1382 = EDGE_CURVE('',#1375,#1334,#1383,.T.);
#1383 = LINE('',#1384,#1385);
#1384 = CARTESIAN_POINT('',(2.8321E+03,-12.7,0.));
#1385 = VECTOR('',#1386,1.);
#1386 = DIRECTION('',(0.,0.,-1.));
#1387 = FACE_BOUND('',#1388,.F.);
#1388 = EDGE_LOOP('',(#1389,#1399,#1407,#1415));
#1389 = ORIENTED_EDGE('',*,*,#1390,.F.);
#1390 = EDGE_CURVE('',#1391,#1393,#1395,.T.);
#1391 = VERTEX_POINT('',#1392);
#1392 = CARTESIAN_POINT('',(1.0668E+03,-12.7,1.8288E+03));
#1393 = VERTEX_POINT('',#1394);
#1394 = CARTESIAN_POINT('',(1.778E+03,-12.7,1.8288E+03));
#1395 = LINE('',#1396,#1397);
#1396 = CARTESIAN_POINT('',(527.05,-12.7,1.8288E+03));
#1397 = VECTOR('',#1398,1.);
#1398 = DIRECTION('',(1.,0.,0.));
#1399 = ORIENTED_EDGE('',*,*,#1400,.T.);
#1400 = EDGE_CURVE('',#1391,#1401,#1403,.T.);
#1401 = VERTEX_POINT('',#1402);
#1402 = CARTESIAN_POINT('',(1.0668E+03,-12.7,1.2192E+03));
#1403 = LINE('',#1404,#1405);
#1404 = CARTESIAN_POINT('',(1.0668E+03,-12.7,609.6));
#1405 = VECTOR('',#1406,1.);
#1406 = DIRECTION('',(0.,0.,-1.));
#1407 = ORIENTED_EDGE('',*,*,#1408,.T.);
#1408 = EDGE_CURVE('',#1401,#1409,#1411,.T.);
#1409 = VERTEX_POINT('',#1410);
#1410 = CARTESIAN_POINT('',(1.778E+03,-12.7,1.2192E+03));
#1411 = LINE('',#1412,#1413);
#1412 = CARTESIAN_POINT('',(527.05,-12.7,1.2192E+03));
#1413 = VECTOR('',#1414,1.);
#1414 = DIRECTION('',(1.,0.,0.));
#1415 = ORIENTED_EDGE('',*,*,#1416,.F.);
#1416 = EDGE_CURVE('',#1393,#1409,#1417,.T.);
#1417 = LINE('',#1418,#1419);
#1418 = CARTESIAN_POINT('',(1.778E+03,-12.7,609.6));
#1419 = VECTOR('',#1420,1.);
#1420 = DIRECTION('',(0.,0.,-1.));
#1421 = PLANE('',#1422);
#1422 = AXIS2_PLACEMENT_3D('',#1423,#1424,#1425);
#1423 = CARTESIAN_POINT('',(-12.7,-12.7,0.));
#1424 = DIRECTION('',(0.,1.,0.));
#1425 = DIRECTION('',(0.,0.,1.));
#1426 = ADVANCED_FACE('',(#1427),#1445,.T.);
#1427 = FACE_BOUND('',#1428,.T.);
#1428 = EDGE_LOOP('',(#1429,#1430,#1431,#1439));
#1429 = ORIENTED_EDGE('',*,*,#1319,.F.);
#1430 = ORIENTED_EDGE('',*,*,#1342,.T.);
#1431 = ORIENTED_EDGE('',*,*,#1432,.T.);
#1432 = EDGE_CURVE('',#1343,#1433,#1435,.T.);
#1433 = VERTEX_POINT('',#1434);
#1434 = CARTESIAN_POINT('',(6.35E+03,0.,2.5019E+03));
#1435 = LINE('',#1436,#1437);
#1436 = CARTESIAN_POINT('',(6.35E+03,-12.7,2.5019E+03));
#1437 = VECTOR('',#1438,1.);
#1438 = DIRECTION('',(0.,1.,0.));
#1439 = ORIENTED_EDGE('',*,*,#1440,.F.);
#1440 = EDGE_CURVE('',#1312,#1433,#1441,.T.);
#1441 = LINE('',#1442,#1443);
#1442 = CARTESIAN_POINT('',(-12.7,0.,2.5019E+03));
#1443 = VECTOR('',#1444,1.);
#1444 = DIRECTION('',(1.,0.,0.));
#1445 = PLANE('',#1446);
#1446 = AXIS2_PLACEMENT_3D('',#1447,#1448,#1449);
#1447 = CARTESIAN_POINT('',(-12.7,-12.7,2.5019E+03));
#1448 = DIRECTION('',(0.,0.,1.));
#1449 = DIRECTION('',(1.,0.,0.));
#1450 = ADVANCED_FACE('',(#1451,#1501),#1535,.T.);
#1451 = FACE_BOUND('',#1452,.T.);
#1452 = EDGE_LOOP('',(#1453,#1461,#1462,#1463,#1471,#1479,#1487,#1495));
#1453 = ORIENTED_EDGE('',*,*,#1454,.F.);
#1454 = EDGE_CURVE('',#1304,#1455,#1457,.T.);
#1455 = VERTEX_POINT('',#1456);
#1456 = CARTESIAN_POINT('',(2.8321E+03,0.,0.));
#1457 = LINE('',#1458,#1459);
#1458 = CARTESIAN_POINT('',(-12.7,0.,0.));
#1459 = VECTOR('',#1460,1.);
#1460 = DIRECTION('',(1.,0.,0.));
#1461 = ORIENTED_EDGE('',*,*,#1311,.T.);
#1462 = ORIENTED_EDGE('',*,*,#1440,.T.);
#1463 = ORIENTED_EDGE('',*,*,#1464,.F.);
#1464 = EDGE_CURVE('',#1465,#1433,#1467,.T.);
#1465 = VERTEX_POINT('',#1466);
#1466 = CARTESIAN_POINT('',(6.35E+03,0.,0.));
#1467 = LINE('',#1468,#1469);
#1468 = CARTESIAN_POINT('',(6.35E+03,0.,0.));
#1469 = VECTOR('',#1470,1.);
#1470 = DIRECTION('',(0.,0.,1.));
#1471 = ORIENTED_EDGE('',*,*,#1472,.F.);
#1472 = EDGE_CURVE('',#1473,#1465,#1475,.T.);
#1473 = VERTEX_POINT('',#1474);
#1474 = CARTESIAN_POINT('',(3.6449E+03,0.,0.));
#1475 = LINE('',#1476,#1477);
#1476 = CARTESIAN_POINT('',(-12.7,0.,0.));
#1477 = VECTOR('',#1478,1.);
#1478 = DIRECTION('',(1.,0.,0.));
#1479 = ORIENTED_EDGE('',*,*,#1480,.F.);
#1480 = EDGE_CURVE('',#1481,#1473,#1483,.T.);
#1481 = VERTEX_POINT('',#1482);
#1482 = CARTESIAN_POINT('',(3.6449E+03,0.,2.032E+03));
#1483 = LINE('',#1484,#1485);
#1484 = CARTESIAN_POINT('',(3.6449E+03,0.,0.));
#1485 = VECTOR('',#1486,1.);
#1486 = DIRECTION('',(0.,0.,-1.));
#1487 = ORIENTED_EDGE('',*,*,#1488,.F.);
#1488 = EDGE_CURVE('',#1489,#1481,#1491,.T.);
#1489 = VERTEX_POINT('',#1490);
#1490 = CARTESIAN_POINT('',(2.8321E+03,0.,2.032E+03));
#1491 = LINE('',#1492,#1493);
#1492 = CARTESIAN_POINT('',(1.4097E+03,0.,2.032E+03));
#1493 = VECTOR('',#1494,1.);
#1494 = DIRECTION('',(1.,0.,0.));
#1495 = ORIENTED_EDGE('',*,*,#1496,.T.);
#1496 = EDGE_CURVE('',#1489,#1455,#1497,.T.);
#1497 = LINE('',#1498,#1499);
#1498 = CARTESIAN_POINT('',(2.8321E+03,0.,0.));
#1499 = VECTOR('',#1500,1.);
#1500 = DIRECTION('',(0.,0.,-1.));
#1501 = FACE_BOUND('',#1502,.T.);
#1502 = EDGE_LOOP('',(#1503,#1513,#1521,#1529));
#1503 = ORIENTED_EDGE('',*,*,#1504,.F.);
#1504 = EDGE_CURVE('',#1505,#1507,#1509,.T.);
#1505 = VERTEX_POINT('',#1506);
#1506 = CARTESIAN_POINT('',(1.0668E+03,0.,1.8288E+03));
#1507 = VERTEX_POINT('',#1508);
#1508 = CARTESIAN_POINT('',(1.778E+03,0.,1.8288E+03));
#1509 = LINE('',#1510,#1511);
#1510 = CARTESIAN_POINT('',(527.05,0.,1.8288E+03));
#1511 = VECTOR('',#1512,1.);
#1512 = DIRECTION('',(1.,0.,0.));
#1513 = ORIENTED_EDGE('',*,*,#1514,.T.);
#1514 = EDGE_CURVE('',#1505,#1515,#1517,.T.);
#1515 = VERTEX_POINT('',#1516);
#1516 = CARTESIAN_POINT('',(1.0668E+03,0.,1.2192E+03));
#1517 = LINE('',#1518,#1519);
#1518 = CARTESIAN_POINT('',(1.0668E+03,0.,609.6));
#1519 = VECTOR('',#1520,1.);
#1520 = DIRECTION('',(0.,0.,-1.));
#1521 = ORIENTED_EDGE('',*,*,#1522,.T.);
#1522 = EDGE_CURVE('',#1515,#1523,#1525,.T.);
#1523 = VERTEX_POINT('',#1524);
#1524 = CARTESIAN_POINT('',(1.778E+03,0.,1.2192E+03));
#1525 = LINE('',#1526,#1527);
#1526 = CARTESIAN_POINT('',(527.05,0.,1.2192E+03));
#1527 = VECTOR('',#1528,1.);
#1528 = DIRECTION('',(1.,0.,0.));
#1529 = ORIENTED_EDGE('',*,*,#1530,.F.);
#1530 = EDGE_CURVE('',#1507,#1523,#1531,.T.);
#1531 = LINE('',#1532,#1533);
#1532 = CARTESIAN_POINT('',(1.778E+03,0.,609.6));
#1533 = VECTOR('',#1534,1.);
#1534 = DIRECTION('',(0.,0.,-1.));
#1535 = PLANE('',#1536);
#1536 = AXIS2_PLACEMENT_3D('',#1537,#1538,#1539);
#1537 = CARTESIAN_POINT('',(-12.7,0.,0.));
#1538 = DIRECTION('',(0.,1.,0.));
#1539 = DIRECTION('',(0.,0.,1.));
#1540 = ADVANCED_FACE('',(#1541),#1552,.F.);
#1541 = FACE_BOUND('',#1542,.F.);
#1542 = EDGE_LOOP('',(#1543,#1544,#1545,#1546));
#1543 = ORIENTED_EDGE('',*,*,#1454,.F.);
#1544 = ORIENTED_EDGE('',*,*,#1303,.F.);
#1545 = ORIENTED_EDGE('',*,*,#1333,.T.);
#1546 = ORIENTED_EDGE('',*,*,#1547,.T.);
#1547 = EDGE_CURVE('',#1334,#1455,#1548,.T.);
#1548 = LINE('',#1549,#1550);
#1549 = CARTESIAN_POINT('',(2.8321E+03,-13.7,0.));
#1550 = VECTOR('',#1551,1.);
#1551 = DIRECTION('',(0.,1.,0.));
#1552 = PLANE('',#1553);
#1553 = AXIS2_PLACEMENT_3D('',#1554,#1555,#1556);
#1554 = CARTESIAN_POINT('',(-12.7,-12.7,0.));
#1555 = DIRECTION('',(0.,0.,1.));
#1556 = DIRECTION('',(1.,0.,0.));
#1557 = ADVANCED_FACE('',(#1558),#1569,.T.);
#1558 = FACE_BOUND('',#1559,.T.);
#1559 = EDGE_LOOP('',(#1560,#1566,#1567,#1568));
#1560 = ORIENTED_EDGE('',*,*,#1561,.F.);
#1561 = EDGE_CURVE('',#1375,#1489,#1562,.T.);
#1562 = LINE('',#1563,#1564);
#1563 = CARTESIAN_POINT('',(2.8321E+03,-13.7,2.032E+03));
#1564 = VECTOR('',#1565,1.);
#1565 = DIRECTION('',(0.,1.,0.));
#1566 = ORIENTED_EDGE('',*,*,#1382,.T.);
#1567 = ORIENTED_EDGE('',*,*,#1547,.T.);
#1568 = ORIENTED_EDGE('',*,*,#1496,.F.);
#1569 = PLANE('',#1570);
#1570 = AXIS2_PLACEMENT_3D('',#1571,#1572,#1573);
#1571 = CARTESIAN_POINT('',(2.8321E+03,-13.7,0.));
#1572 = DIRECTION('',(1.,0.,0.));
#1573 = DIRECTION('',(0.,0.,1.));
#1574 = ADVANCED_FACE('',(#1575),#1586,.F.);
#1575 = FACE_BOUND('',#1576,.F.);
#1576 = EDGE_LOOP('',(#1577,#1578,#1579,#1585));
#1577 = ORIENTED_EDGE('',*,*,#1561,.F.);
#1578 = ORIENTED_EDGE('',*,*,#1374,.T.);
#1579 = ORIENTED_EDGE('',*,*,#1580,.T.);
#1580 = EDGE_CURVE('',#1367,#1481,#1581,.T.);
#1581 = LINE('',#1582,#1583);
#1582 = CARTESIAN_POINT('',(3.6449E+03,-13.7,2.032E+03));
#1583 = VECTOR('',#1584,1.);
#1584 = DIRECTION('',(0.,1.,0.));
#1585 = ORIENTED_EDGE('',*,*,#1488,.F.);
#1586 = PLANE('',#1587);
#1587 = AXIS2_PLACEMENT_3D('',#1588,#1589,#1590);
#1588 = CARTESIAN_POINT('',(2.8321E+03,-13.7,2.032E+03));
#1589 = DIRECTION('',(0.,0.,1.));
#1590 = DIRECTION('',(1.,0.,0.));
#1591 = ADVANCED_FACE('',(#1592),#1603,.T.);
#1592 = FACE_BOUND('',#1593,.T.);
#1593 = EDGE_LOOP('',(#1594,#1595,#1601,#1602));
#1594 = ORIENTED_EDGE('',*,*,#1350,.F.);
#1595 = ORIENTED_EDGE('',*,*,#1596,.T.);
#1596 = EDGE_CURVE('',#1351,#1465,#1597,.T.);
#1597 = LINE('',#1598,#1599);
#1598 = CARTESIAN_POINT('',(6.35E+03,-12.7,0.));
#1599 = VECTOR('',#1600,1.);
#1600 = DIRECTION('',(0.,1.,0.));
#1601 = ORIENTED_EDGE('',*,*,#1464,.T.);
#1602 = ORIENTED_EDGE('',*,*,#1432,.F.);
#1603 = PLANE('',#1604);
#1604 = AXIS2_PLACEMENT_3D('',#1605,#1606,#1607);
#1605 = CARTESIAN_POINT('',(6.35E+03,-12.7,0.));
#1606 = DIRECTION('',(1.,0.,0.));
#1607 = DIRECTION('',(0.,0.,1.));
#1608 = ADVANCED_FACE('',(#1609),#1620,.F.);
#1609 = FACE_BOUND('',#1610,.F.);
#1610 = EDGE_LOOP('',(#1611,#1612,#1613,#1619));
#1611 = ORIENTED_EDGE('',*,*,#1580,.F.);
#1612 = ORIENTED_EDGE('',*,*,#1366,.T.);
#1613 = ORIENTED_EDGE('',*,*,#1614,.T.);
#1614 = EDGE_CURVE('',#1359,#1473,#1615,.T.);
#1615 = LINE('',#1616,#1617);
#1616 = CARTESIAN_POINT('',(3.6449E+03,-13.7,0.));
#1617 = VECTOR('',#1618,1.);
#1618 = DIRECTION('',(0.,1.,0.));
#1619 = ORIENTED_EDGE('',*,*,#1480,.F.);
#1620 = PLANE('',#1621);
#1621 = AXIS2_PLACEMENT_3D('',#1622,#1623,#1624);
#1622 = CARTESIAN_POINT('',(3.6449E+03,-13.7,0.));
#1623 = DIRECTION('',(1.,0.,0.));
#1624 = DIRECTION('',(0.,0.,1.));
#1625 = ADVANCED_FACE('',(#1626),#1632,.F.);
#1626 = FACE_BOUND('',#1627,.F.);
#1627 = EDGE_LOOP('',(#1628,#1629,#1630,#1631));
#1628 = ORIENTED_EDGE('',*,*,#1472,.F.);
#1629 = ORIENTED_EDGE('',*,*,#1614,.F.);
#1630 = ORIENTED_EDGE('',*,*,#1358,.T.);
#1631 = ORIENTED_EDGE('',*,*,#1596,.T.);
#1632 = PLANE('',#1633);
#1633 = AXIS2_PLACEMENT_3D('',#1634,#1635,#1636);
#1634 = CARTESIAN_POINT('',(-12.7,-12.7,0.));
#1635 = DIRECTION('',(0.,0.,1.));
#1636 = DIRECTION('',(1.,0.,0.));
#1637 = ADVANCED_FACE('',(#1638),#1654,.F.);
#1638 = FACE_BOUND('',#1639,.F.);
#1639 = EDGE_LOOP('',(#1640,#1646,#1647,#1653));
#1640 = ORIENTED_EDGE('',*,*,#1641,.F.);
#1641 = EDGE_CURVE('',#1391,#1505,#1642,.T.);
#1642 = LINE('',#1643,#1644);
#1643 = CARTESIAN_POINT('',(1.0668E+03,-13.7,1.8288E+03));
#1644 = VECTOR('',#1645,1.);
#1645 = DIRECTION('',(0.,1.,0.));
#1646 = ORIENTED_EDGE('',*,*,#1390,.T.);
#1647 = ORIENTED_EDGE('',*,*,#1648,.T.);
#1648 = EDGE_CURVE('',#1393,#1507,#1649,.T.);
#1649 = LINE('',#1650,#1651);
#1650 = CARTESIAN_POINT('',(1.778E+03,-13.7,1.8288E+03));
#1651 = VECTOR('',#1652,1.);
#1652 = DIRECTION('',(0.,1.,0.));
#1653 = ORIENTED_EDGE('',*,*,#1504,.F.);
#1654 = PLANE('',#1655);
#1655 = AXIS2_PLACEMENT_3D('',#1656,#1657,#1658);
#1656 = CARTESIAN_POINT('',(1.0668E+03,-13.7,1.8288E+03));
#1657 = DIRECTION('',(0.,0.,1.));
#1658 = DIRECTION('',(1.,0.,0.));
#1659 = ADVANCED_FACE('',(#1660),#1671,.F.);
#1660 = FACE_BOUND('',#1661,.F.);
#1661 = EDGE_LOOP('',(#1662,#1663,#1664,#1670));
#1662 = ORIENTED_EDGE('',*,*,#1648,.F.);
#1663 = ORIENTED_EDGE('',*,*,#1416,.T.);
#1664 = ORIENTED_EDGE('',*,*,#1665,.T.);
#1665 = EDGE_CURVE('',#1409,#1523,#1666,.T.);
#1666 = LINE('',#1667,#1668);
#1667 = CARTESIAN_POINT('',(1.778E+03,-13.7,1.2192E+03));
#1668 = VECTOR('',#1669,1.);
#1669 = DIRECTION('',(0.,1.,0.));
#1670 = ORIENTED_EDGE('',*,*,#1530,.F.);
#1671 = PLANE('',#1672);
#1672 = AXIS2_PLACEMENT_3D('',#1673,#1674,#1675);
#1673 = CARTESIAN_POINT('',(1.778E+03,-13.7,1.2192E+03));
#1674 = DIRECTION('',(1.,0.,0.));
#1675 = DIRECTION('',(0.,0.,1.));
#1676 = ADVANCED_FACE('',(#1677),#1688,.T.);
#1677 = FACE_BOUND('',#1678,.T.);
#1678 = EDGE_LOOP('',(#1679,#1685,#1686,#1687));
#1679 = ORIENTED_EDGE('',*,*,#1680,.F.);
#1680 = EDGE_CURVE('',#1401,#1515,#1681,.T.);
#1681 = LINE('',#1682,#1683);
#1682 = CARTESIAN_POINT('',(1.0668E+03,-13.7,1.2192E+03));
#1683 = VECTOR('',#1684,1.);
#1684 = DIRECTION('',(0.,1.,0.));
#1685 = ORIENTED_EDGE('',*,*,#1408,.T.);
#1686 = ORIENTED_EDGE('',*,*,#1665,.T.);
#1687 = ORIENTED_EDGE('',*,*,#1522,.F.);
#1688 = PLANE('',#1689);
#1689 = AXIS2_PLACEMENT_3D('',#1690,#1691,#1692);
#1690 = CARTESIAN_POINT('',(1.0668E+03,-13.7,1.2192E+03));
#1691 = DIRECTION('',(0.,0.,1.));
#1692 = DIRECTION('',(1.,0.,0.));
#1693 = ADVANCED_FACE('',(#1694),#1700,.T.);
#1694 = FACE_BOUND('',#1695,.T.);
#1695 = EDGE_LOOP('',(#1696,#1697,#1698,#1699));
#1696 = ORIENTED_EDGE('',*,*,#1641,.F.);
#1697 = ORIENTED_EDGE('',*,*,#1400,.T.);
#1698 = ORIENTED_EDGE('',*,*,#1680,.T.);
#1699 = ORIENTED_EDGE('',*,*,#1514,.F.);
#1700 = PLANE('',#1701);
#1701 = AXIS2_PLACEMENT_3D('',#1702,#1703,#1704);
#1702 = CARTESIAN_POINT('',(1.0668E+03,-13.7,1.2192E+03));
#1703 = DIRECTION('',(1.,0.,0.));
#1704 = DIRECTION('',(0.,0.,1.));
#1705 = MANIFOLD_SOLID_BREP('',#1706);
#1706 = CLOSED_SHELL('',(#1707,#1747,#1810,#1834,#1890,#1907,#1924,#1941
    ,#1958,#1975));
#1707 = ADVANCED_FACE('',(#1708),#1742,.F.);
#1708 = FACE_BOUND('',#1709,.F.);
#1709 = EDGE_LOOP('',(#1710,#1720,#1728,#1736));
#1710 = ORIENTED_EDGE('',*,*,#1711,.F.);
#1711 = EDGE_CURVE('',#1712,#1714,#1716,.T.);
#1712 = VERTEX_POINT('',#1713);
#1713 = CARTESIAN_POINT('',(-12.7,6.3246E+03,0.));
#1714 = VERTEX_POINT('',#1715);
#1715 = CARTESIAN_POINT('',(-12.7,6.3246E+03,2.5019E+03));
#1716 = LINE('',#1717,#1718);
#1717 = CARTESIAN_POINT('',(-12.7,6.3246E+03,0.));
#1718 = VECTOR('',#1719,1.);
#1719 = DIRECTION('',(0.,0.,1.));
#1720 = ORIENTED_EDGE('',*,*,#1721,.T.);
#1721 = EDGE_CURVE('',#1712,#1722,#1724,.T.);
#1722 = VERTEX_POINT('',#1723);
#1723 = CARTESIAN_POINT('',(-12.7,6.3373E+03,0.));
#1724 = LINE('',#1725,#1726);
#1725 = CARTESIAN_POINT('',(-12.7,6.3246E+03,0.));
#1726 = VECTOR('',#1727,1.);
#1727 = DIRECTION('',(0.,1.,0.));
#1728 = ORIENTED_EDGE('',*,*,#1729,.T.);
#1729 = EDGE_CURVE('',#1722,#1730,#1732,.T.);
#1730 = VERTEX_POINT('',#1731);
#1731 = CARTESIAN_POINT('',(-12.7,6.3373E+03,2.5019E+03));
#1732 = LINE('',#1733,#1734);
#1733 = CARTESIAN_POINT('',(-12.7,6.3373E+03,0.));
#1734 = VECTOR('',#1735,1.);
#1735 = DIRECTION('',(0.,0.,1.));
#1736 = ORIENTED_EDGE('',*,*,#1737,.F.);
#1737 = EDGE_CURVE('',#1714,#1730,#1738,.T.);
#1738 = LINE('',#1739,#1740);
#1739 = CARTESIAN_POINT('',(-12.7,6.3246E+03,2.5019E+03));
#1740 = VECTOR('',#1741,1.);
#1741 = DIRECTION('',(0.,1.,0.));
#1742 = PLANE('',#1743);
#1743 = AXIS2_PLACEMENT_3D('',#1744,#1745,#1746);
#1744 = CARTESIAN_POINT('',(-12.7,6.3246E+03,0.));
#1745 = DIRECTION('',(1.,0.,0.));
#1746 = DIRECTION('',(0.,0.,1.));
#1747 = ADVANCED_FACE('',(#1748),#1805,.F.);
#1748 = FACE_BOUND('',#1749,.F.);
#1749 = EDGE_LOOP('',(#1750,#1758,#1759,#1767,#1775,#1783,#1791,#1799));
#1750 = ORIENTED_EDGE('',*,*,#1751,.F.);
#1751 = EDGE_CURVE('',#1712,#1752,#1754,.T.);
#1752 = VERTEX_POINT('',#1753);
#1753 = CARTESIAN_POINT('',(1.42875E+03,6.3246E+03,0.));
#1754 = LINE('',#1755,#1756);
#1755 = CARTESIAN_POINT('',(-12.7,6.3246E+03,0.));
#1756 = VECTOR('',#1757,1.);
#1757 = DIRECTION('',(1.,0.,0.));
#1758 = ORIENTED_EDGE('',*,*,#1711,.T.);
#1759 = ORIENTED_EDGE('',*,*,#1760,.T.);
#1760 = EDGE_CURVE('',#1714,#1761,#1763,.T.);
#1761 = VERTEX_POINT('',#1762);
#1762 = CARTESIAN_POINT('',(6.35E+03,6.3246E+03,2.5019E+03));
#1763 = LINE('',#1764,#1765);
#1764 = CARTESIAN_POINT('',(-12.7,6.3246E+03,2.5019E+03));
#1765 = VECTOR('',#1766,1.);
#1766 = DIRECTION('',(1.,0.,0.));
#1767 = ORIENTED_EDGE('',*,*,#1768,.F.);
#1768 = EDGE_CURVE('',#1769,#1761,#1771,.T.);
#1769 = VERTEX_POINT('',#1770);
#1770 = CARTESIAN_POINT('',(6.35E+03,6.3246E+03,0.));
#1771 = LINE('',#1772,#1773);
#1772 = CARTESIAN_POINT('',(6.35E+03,6.3246E+03,0.));
#1773 = VECTOR('',#1774,1.);
#1774 = DIRECTION('',(0.,0.,1.));
#1775 = ORIENTED_EDGE('',*,*,#1776,.F.);
#1776 = EDGE_CURVE('',#1777,#1769,#1779,.T.);
#1777 = VERTEX_POINT('',#1778);
#1778 = CARTESIAN_POINT('',(5.61975E+03,6.3246E+03,0.));
#1779 = LINE('',#1780,#1781);
#1780 = CARTESIAN_POINT('',(-12.7,6.3246E+03,0.));
#1781 = VECTOR('',#1782,1.);
#1782 = DIRECTION('',(1.,0.,0.));
#1783 = ORIENTED_EDGE('',*,*,#1784,.F.);
#1784 = EDGE_CURVE('',#1785,#1777,#1787,.T.);
#1785 = VERTEX_POINT('',#1786);
#1786 = CARTESIAN_POINT('',(5.61975E+03,6.3246E+03,2.1844E+03));
#1787 = LINE('',#1788,#1789);
#1788 = CARTESIAN_POINT('',(5.61975E+03,6.3246E+03,0.));
#1789 = VECTOR('',#1790,1.);
#1790 = DIRECTION('',(0.,0.,-1.));
#1791 = ORIENTED_EDGE('',*,*,#1792,.F.);
#1792 = EDGE_CURVE('',#1793,#1785,#1795,.T.);
#1793 = VERTEX_POINT('',#1794);
#1794 = CARTESIAN_POINT('',(1.42875E+03,6.3246E+03,2.1844E+03));
#1795 = LINE('',#1796,#1797);
#1796 = CARTESIAN_POINT('',(708.025,6.3246E+03,2.1844E+03));
#1797 = VECTOR('',#1798,1.);
#1798 = DIRECTION('',(1.,0.,0.));
#1799 = ORIENTED_EDGE('',*,*,#1800,.T.);
#1800 = EDGE_CURVE('',#1793,#1752,#1801,.T.);
#1801 = LINE('',#1802,#1803);
#1802 = CARTESIAN_POINT('',(1.42875E+03,6.3246E+03,0.));
#1803 = VECTOR('',#1804,1.);
#1804 = DIRECTION('',(0.,0.,-1.));
#1805 = PLANE('',#1806);
#1806 = AXIS2_PLACEMENT_3D('',#1807,#1808,#1809);
#1807 = CARTESIAN_POINT('',(-12.7,6.3246E+03,0.));
#1808 = DIRECTION('',(0.,1.,0.));
#1809 = DIRECTION('',(0.,0.,1.));
#1810 = ADVANCED_FACE('',(#1811),#1829,.T.);
#1811 = FACE_BOUND('',#1812,.T.);
#1812 = EDGE_LOOP('',(#1813,#1814,#1815,#1823));
#1813 = ORIENTED_EDGE('',*,*,#1737,.F.);
#1814 = ORIENTED_EDGE('',*,*,#1760,.T.);
#1815 = ORIENTED_EDGE('',*,*,#1816,.T.);
#1816 = EDGE_CURVE('',#1761,#1817,#1819,.T.);
#1817 = VERTEX_POINT('',#1818);
#1818 = CARTESIAN_POINT('',(6.35E+03,6.3373E+03,2.5019E+03));
#1819 = LINE('',#1820,#1821);
#1820 = CARTESIAN_POINT('',(6.35E+03,6.3246E+03,2.5019E+03));
#1821 = VECTOR('',#1822,1.);
#1822 = DIRECTION('',(0.,1.,0.));
#1823 = ORIENTED_EDGE('',*,*,#1824,.F.);
#1824 = EDGE_CURVE('',#1730,#1817,#1825,.T.);
#1825 = LINE('',#1826,#1827);
#1826 = CARTESIAN_POINT('',(-12.7,6.3373E+03,2.5019E+03));
#1827 = VECTOR('',#1828,1.);
#1828 = DIRECTION('',(1.,0.,0.));
#1829 = PLANE('',#1830);
#1830 = AXIS2_PLACEMENT_3D('',#1831,#1832,#1833);
#1831 = CARTESIAN_POINT('',(-12.7,6.3246E+03,2.5019E+03));
#1832 = DIRECTION('',(0.,0.,1.));
#1833 = DIRECTION('',(1.,0.,0.));
#1834 = ADVANCED_FACE('',(#1835),#1885,.T.);
#1835 = FACE_BOUND('',#1836,.T.);
#1836 = EDGE_LOOP('',(#1837,#1845,#1846,#1847,#1855,#1863,#1871,#1879));
#1837 = ORIENTED_EDGE('',*,*,#1838,.F.);
#1838 = EDGE_CURVE('',#1722,#1839,#1841,.T.);
#1839 = VERTEX_POINT('',#1840);
#1840 = CARTESIAN_POINT('',(1.42875E+03,6.3373E+03,0.));
#1841 = LINE('',#1842,#1843);
#1842 = CARTESIAN_POINT('',(-12.7,6.3373E+03,0.));
#1843 = VECTOR('',#1844,1.);
#1844 = DIRECTION('',(1.,0.,0.));
#1845 = ORIENTED_EDGE('',*,*,#1729,.T.);
#1846 = ORIENTED_EDGE('',*,*,#1824,.T.);
#1847 = ORIENTED_EDGE('',*,*,#1848,.F.);
#1848 = EDGE_CURVE('',#1849,#1817,#1851,.T.);
#1849 = VERTEX_POINT('',#1850);
#1850 = CARTESIAN_POINT('',(6.35E+03,6.3373E+03,0.));
#1851 = LINE('',#1852,#1853);
#1852 = CARTESIAN_POINT('',(6.35E+03,6.3373E+03,0.));
#1853 = VECTOR('',#1854,1.);
#1854 = DIRECTION('',(0.,0.,1.));
#1855 = ORIENTED_EDGE('',*,*,#1856,.F.);
#1856 = EDGE_CURVE('',#1857,#1849,#1859,.T.);
#1857 = VERTEX_POINT('',#1858);
#1858 = CARTESIAN_POINT('',(5.61975E+03,6.3373E+03,0.));
#1859 = LINE('',#1860,#1861);
#1860 = CARTESIAN_POINT('',(-12.7,6.3373E+03,0.));
#1861 = VECTOR('',#1862,1.);
#1862 = DIRECTION('',(1.,0.,0.));
#1863 = ORIENTED_EDGE('',*,*,#1864,.F.);
#1864 = EDGE_CURVE('',#1865,#1857,#1867,.T.);
#1865 = VERTEX_POINT('',#1866);
#1866 = CARTESIAN_POINT('',(5.61975E+03,6.3373E+03,2.1844E+03));
#1867 = LINE('',#1868,#1869);
#1868 = CARTESIAN_POINT('',(5.61975E+03,6.3373E+03,0.));
#1869 = VECTOR('',#1870,1.);
#1870 = DIRECTION('',(0.,0.,-1.));
#1871 = ORIENTED_EDGE('',*,*,#1872,.F.);
#1872 = EDGE_CURVE('',#1873,#1865,#1875,.T.);
#1873 = VERTEX_POINT('',#1874);
#1874 = CARTESIAN_POINT('',(1.42875E+03,6.3373E+03,2.1844E+03));
#1875 = LINE('',#1876,#1877);
#1876 = CARTESIAN_POINT('',(708.025,6.3373E+03,2.1844E+03));
#1877 = VECTOR('',#1878,1.);
#1878 = DIRECTION('',(1.,0.,0.));
#1879 = ORIENTED_EDGE('',*,*,#1880,.T.);
#1880 = EDGE_CURVE('',#1873,#1839,#1881,.T.);
#1881 = LINE('',#1882,#1883);
#1882 = CARTESIAN_POINT('',(1.42875E+03,6.3373E+03,0.));
#1883 = VECTOR('',#1884,1.);
#1884 = DIRECTION('',(0.,0.,-1.));
#1885 = PLANE('',#1886);
#1886 = AXIS2_PLACEMENT_3D('',#1887,#1888,#1889);
#1887 = CARTESIAN_POINT('',(-12.7,6.3373E+03,0.));
#1888 = DIRECTION('',(0.,1.,0.));
#1889 = DIRECTION('',(0.,0.,1.));
#1890 = ADVANCED_FACE('',(#1891),#1902,.F.);
#1891 = FACE_BOUND('',#1892,.F.);
#1892 = EDGE_LOOP('',(#1893,#1894,#1895,#1896));
#1893 = ORIENTED_EDGE('',*,*,#1838,.F.);
#1894 = ORIENTED_EDGE('',*,*,#1721,.F.);
#1895 = ORIENTED_EDGE('',*,*,#1751,.T.);
#1896 = ORIENTED_EDGE('',*,*,#1897,.T.);
#1897 = EDGE_CURVE('',#1752,#1839,#1898,.T.);
#1898 = LINE('',#1899,#1900);
#1899 = CARTESIAN_POINT('',(1.42875E+03,6.1712E+03,0.));
#1900 = VECTOR('',#1901,1.);
#1901 = DIRECTION('',(0.,1.,0.));
#1902 = PLANE('',#1903);
#1903 = AXIS2_PLACEMENT_3D('',#1904,#1905,#1906);
#1904 = CARTESIAN_POINT('',(-12.7,6.3246E+03,0.));
#1905 = DIRECTION('',(0.,0.,1.));
#1906 = DIRECTION('',(1.,0.,0.));
#1907 = ADVANCED_FACE('',(#1908),#1919,.T.);
#1908 = FACE_BOUND('',#1909,.T.);
#1909 = EDGE_LOOP('',(#1910,#1916,#1917,#1918));
#1910 = ORIENTED_EDGE('',*,*,#1911,.F.);
#1911 = EDGE_CURVE('',#1793,#1873,#1912,.T.);
#1912 = LINE('',#1913,#1914);
#1913 = CARTESIAN_POINT('',(1.42875E+03,6.1712E+03,2.1844E+03));
#1914 = VECTOR('',#1915,1.);
#1915 = DIRECTION('',(0.,1.,0.));
#1916 = ORIENTED_EDGE('',*,*,#1800,.T.);
#1917 = ORIENTED_EDGE('',*,*,#1897,.T.);
#1918 = ORIENTED_EDGE('',*,*,#1880,.F.);
#1919 = PLANE('',#1920);
#1920 = AXIS2_PLACEMENT_3D('',#1921,#1922,#1923);
#1921 = CARTESIAN_POINT('',(1.42875E+03,6.1712E+03,0.));
#1922 = DIRECTION('',(1.,0.,0.));
#1923 = DIRECTION('',(0.,0.,1.));
#1924 = ADVANCED_FACE('',(#1925),#1936,.F.);
#1925 = FACE_BOUND('',#1926,.F.);
#1926 = EDGE_LOOP('',(#1927,#1928,#1929,#1935));
#1927 = ORIENTED_EDGE('',*,*,#1911,.F.);
#1928 = ORIENTED_EDGE('',*,*,#1792,.T.);
#1929 = ORIENTED_EDGE('',*,*,#1930,.T.);
#1930 = EDGE_CURVE('',#1785,#1865,#1931,.T.);
#1931 = LINE('',#1932,#1933);
#1932 = CARTESIAN_POINT('',(5.61975E+03,6.1712E+03,2.1844E+03));
#1933 = VECTOR('',#1934,1.);
#1934 = DIRECTION('',(0.,1.,0.));
#1935 = ORIENTED_EDGE('',*,*,#1872,.F.);
#1936 = PLANE('',#1937);
#1937 = AXIS2_PLACEMENT_3D('',#1938,#1939,#1940);
#1938 = CARTESIAN_POINT('',(1.42875E+03,6.1712E+03,2.1844E+03));
#1939 = DIRECTION('',(0.,0.,1.));
#1940 = DIRECTION('',(1.,0.,0.));
#1941 = ADVANCED_FACE('',(#1942),#1953,.F.);
#1942 = FACE_BOUND('',#1943,.F.);
#1943 = EDGE_LOOP('',(#1944,#1945,#1946,#1952));
#1944 = ORIENTED_EDGE('',*,*,#1930,.F.);
#1945 = ORIENTED_EDGE('',*,*,#1784,.T.);
#1946 = ORIENTED_EDGE('',*,*,#1947,.T.);
#1947 = EDGE_CURVE('',#1777,#1857,#1948,.T.);
#1948 = LINE('',#1949,#1950);
#1949 = CARTESIAN_POINT('',(5.61975E+03,6.1712E+03,0.));
#1950 = VECTOR('',#1951,1.);
#1951 = DIRECTION('',(0.,1.,0.));
#1952 = ORIENTED_EDGE('',*,*,#1864,.F.);
#1953 = PLANE('',#1954);
#1954 = AXIS2_PLACEMENT_3D('',#1955,#1956,#1957);
#1955 = CARTESIAN_POINT('',(5.61975E+03,6.1712E+03,0.));
#1956 = DIRECTION('',(1.,0.,0.));
#1957 = DIRECTION('',(0.,0.,1.));
#1958 = ADVANCED_FACE('',(#1959),#1970,.F.);
#1959 = FACE_BOUND('',#1960,.F.);
#1960 = EDGE_LOOP('',(#1961,#1962,#1963,#1964));
#1961 = ORIENTED_EDGE('',*,*,#1856,.F.);
#1962 = ORIENTED_EDGE('',*,*,#1947,.F.);
#1963 = ORIENTED_EDGE('',*,*,#1776,.T.);
#1964 = ORIENTED_EDGE('',*,*,#1965,.T.);
#1965 = EDGE_CURVE('',#1769,#1849,#1966,.T.);
#1966 = LINE('',#1967,#1968);
#1967 = CARTESIAN_POINT('',(6.35E+03,6.3246E+03,0.));
#1968 = VECTOR('',#1969,1.);
#1969 = DIRECTION('',(0.,1.,0.));
#1970 = PLANE('',#1971);
#1971 = AXIS2_PLACEMENT_3D('',#1972,#1973,#1974);
#1972 = CARTESIAN_POINT('',(-12.7,6.3246E+03,0.));
#1973 = DIRECTION('',(0.,0.,1.));
#1974 = DIRECTION('',(1.,0.,0.));
#1975 = ADVANCED_FACE('',(#1976),#1982,.T.);
#1976 = FACE_BOUND('',#1977,.T.);
#1977 = EDGE_LOOP('',(#1978,#1979,#1980,#1981));
#1978 = ORIENTED_EDGE('',*,*,#1768,.F.);
#1979 = ORIENTED_EDGE('',*,*,#1965,.T.);
#1980 = ORIENTED_EDGE('',*,*,#1848,.T.);
#1981 = ORIENTED_EDGE('',*,*,#1816,.F.);
#1982 = PLANE('',#1983);
#1983 = AXIS2_PLACEMENT_3D('',#1984,#1985,#1986);
#1984 = CARTESIAN_POINT('',(6.35E+03,6.3246E+03,0.));
#1985 = DIRECTION('',(1.,0.,0.));
#1986 = DIRECTION('',(0.,0.,1.));
#1987 = MANIFOLD_SOLID_BREP('',#1988);
#1988 = CLOSED_SHELL('',(#1989,#2097,#2128,#2152,#2176,#2193,#2224,#2248
    ,#2272,#2289,#2320,#2344,#2368,#2385));
#1989 = ADVANCED_FACE('',(#1990,#2024,#2058),#2092,.F.);
#1990 = FACE_BOUND('',#1991,.F.);
#1991 = EDGE_LOOP('',(#1992,#2002,#2010,#2018));
#1992 = ORIENTED_EDGE('',*,*,#1993,.F.);
#1993 = EDGE_CURVE('',#1994,#1996,#1998,.T.);
#1994 = VERTEX_POINT('',#1995);
#1995 = CARTESIAN_POINT('',(-12.7,0.,0.));
#1996 = VERTEX_POINT('',#1997);
#1997 = CARTESIAN_POINT('',(-12.7,0.,2.5019E+03));
#1998 = LINE('',#1999,#2000);
#1999 = CARTESIAN_POINT('',(-12.7,0.,0.));
#2000 = VECTOR('',#2001,1.);
#2001 = DIRECTION('',(0.,0.,1.));
#2002 = ORIENTED_EDGE('',*,*,#2003,.T.);
#2003 = EDGE_CURVE('',#1994,#2004,#2006,.T.);
#2004 = VERTEX_POINT('',#2005);
#2005 = CARTESIAN_POINT('',(-12.7,6.3246E+03,0.));
#2006 = LINE('',#2007,#2008);
#2007 = CARTESIAN_POINT('',(-12.7,0.,0.));
#2008 = VECTOR('',#2009,1.);
#2009 = DIRECTION('',(0.,1.,0.));
#2010 = ORIENTED_EDGE('',*,*,#2011,.T.);
#2011 = EDGE_CURVE('',#2004,#2012,#2014,.T.);
#2012 = VERTEX_POINT('',#2013);
#2013 = CARTESIAN_POINT('',(-12.7,6.3246E+03,2.5019E+03));
#2014 = LINE('',#2015,#2016);
#2015 = CARTESIAN_POINT('',(-12.7,6.3246E+03,0.));
#2016 = VECTOR('',#2017,1.);
#2017 = DIRECTION('',(0.,0.,1.));
#2018 = ORIENTED_EDGE('',*,*,#2019,.F.);
#2019 = EDGE_CURVE('',#1996,#2012,#2020,.T.);
#2020 = LINE('',#2021,#2022);
#2021 = CARTESIAN_POINT('',(-12.7,0.,2.5019E+03));
#2022 = VECTOR('',#2023,1.);
#2023 = DIRECTION('',(0.,1.,0.));
#2024 = FACE_BOUND('',#2025,.F.);
#2025 = EDGE_LOOP('',(#2026,#2036,#2044,#2052));
#2026 = ORIENTED_EDGE('',*,*,#2027,.T.);
#2027 = EDGE_CURVE('',#2028,#2030,#2032,.T.);
#2028 = VERTEX_POINT('',#2029);
#2029 = CARTESIAN_POINT('',(-12.7,4.6228E+03,1.2192E+03));
#2030 = VERTEX_POINT('',#2031);
#2031 = CARTESIAN_POINT('',(-12.7,3.89255E+03,1.2192E+03));
#2032 = LINE('',#2033,#2034);
#2033 = CARTESIAN_POINT('',(-12.7,1.946275E+03,1.2192E+03));
#2034 = VECTOR('',#2035,1.);
#2035 = DIRECTION('',(0.,-1.,0.));
#2036 = ORIENTED_EDGE('',*,*,#2037,.T.);
#2037 = EDGE_CURVE('',#2030,#2038,#2040,.T.);
#2038 = VERTEX_POINT('',#2039);
#2039 = CARTESIAN_POINT('',(-12.7,3.89255E+03,1.8288E+03));
#2040 = LINE('',#2041,#2042);
#2041 = CARTESIAN_POINT('',(-12.7,3.89255E+03,609.6));
#2042 = VECTOR('',#2043,1.);
#2043 = DIRECTION('',(0.,0.,1.));
#2044 = ORIENTED_EDGE('',*,*,#2045,.F.);
#2045 = EDGE_CURVE('',#2046,#2038,#2048,.T.);
#2046 = VERTEX_POINT('',#2047);
#2047 = CARTESIAN_POINT('',(-12.7,4.6228E+03,1.8288E+03));
#2048 = LINE('',#2049,#2050);
#2049 = CARTESIAN_POINT('',(-12.7,1.946275E+03,1.8288E+03));
#2050 = VECTOR('',#2051,1.);
#2051 = DIRECTION('',(0.,-1.,0.));
#2052 = ORIENTED_EDGE('',*,*,#2053,.F.);
#2053 = EDGE_CURVE('',#2028,#2046,#2054,.T.);
#2054 = LINE('',#2055,#2056);
#2055 = CARTESIAN_POINT('',(-12.7,4.6228E+03,609.6));
#2056 = VECTOR('',#2057,1.);
#2057 = DIRECTION('',(0.,0.,1.));
#2058 = FACE_BOUND('',#2059,.F.);
#2059 = EDGE_LOOP('',(#2060,#2070,#2078,#2086));
#2060 = ORIENTED_EDGE('',*,*,#2061,.T.);
#2061 = EDGE_CURVE('',#2062,#2064,#2066,.T.);
#2062 = VERTEX_POINT('',#2063);
#2063 = CARTESIAN_POINT('',(-12.7,2.5781E+03,1.2192E+03));
#2064 = VERTEX_POINT('',#2065);
#2065 = CARTESIAN_POINT('',(-12.7,1.8542E+03,1.2192E+03));
#2066 = LINE('',#2067,#2068);
#2067 = CARTESIAN_POINT('',(-12.7,927.1,1.2192E+03));
#2068 = VECTOR('',#2069,1.);
#2069 = DIRECTION('',(0.,-1.,0.));
#2070 = ORIENTED_EDGE('',*,*,#2071,.T.);
#2071 = EDGE_CURVE('',#2064,#2072,#2074,.T.);
#2072 = VERTEX_POINT('',#2073);
#2073 = CARTESIAN_POINT('',(-12.7,1.8542E+03,1.8288E+03));
#2074 = LINE('',#2075,#2076);
#2075 = CARTESIAN_POINT('',(-12.7,1.8542E+03,609.6));
#2076 = VECTOR('',#2077,1.);
#2077 = DIRECTION('',(0.,0.,1.));
#2078 = ORIENTED_EDGE('',*,*,#2079,.F.);
#2079 = EDGE_CURVE('',#2080,#2072,#2082,.T.);
#2080 = VERTEX_POINT('',#2081);
#2081 = CARTESIAN_POINT('',(-12.7,2.5781E+03,1.8288E+03));
#2082 = LINE('',#2083,#2084);
#2083 = CARTESIAN_POINT('',(-12.7,927.1,1.8288E+03));
#2084 = VECTOR('',#2085,1.);
#2085 = DIRECTION('',(0.,-1.,0.));
#2086 = ORIENTED_EDGE('',*,*,#2087,.F.);
#2087 = EDGE_CURVE('',#2062,#2080,#2088,.T.);
#2088 = LINE('',#2089,#2090);
#2089 = CARTESIAN_POINT('',(-12.7,2.5781E+03,609.6));
#2090 = VECTOR('',#2091,1.);
#2091 = DIRECTION('',(0.,0.,1.));
#2092 = PLANE('',#2093);
#2093 = AXIS2_PLACEMENT_3D('',#2094,#2095,#2096);
#2094 = CARTESIAN_POINT('',(-12.7,0.,0.));
#2095 = DIRECTION('',(1.,0.,0.));
#2096 = DIRECTION('',(0.,0.,1.));
#2097 = ADVANCED_FACE('',(#2098),#2123,.F.);
#2098 = FACE_BOUND('',#2099,.F.);
#2099 = EDGE_LOOP('',(#2100,#2108,#2109,#2117));
#2100 = ORIENTED_EDGE('',*,*,#2101,.F.);
#2101 = EDGE_CURVE('',#1994,#2102,#2104,.T.);
#2102 = VERTEX_POINT('',#2103);
#2103 = CARTESIAN_POINT('',(0.,0.,0.));
#2104 = LINE('',#2105,#2106);
#2105 = CARTESIAN_POINT('',(-12.7,0.,0.));
#2106 = VECTOR('',#2107,1.);
#2107 = DIRECTION('',(1.,0.,0.));
#2108 = ORIENTED_EDGE('',*,*,#1993,.T.);
#2109 = ORIENTED_EDGE('',*,*,#2110,.T.);
#2110 = EDGE_CURVE('',#1996,#2111,#2113,.T.);
#2111 = VERTEX_POINT('',#2112);
#2112 = CARTESIAN_POINT('',(0.,0.,2.5019E+03));
#2113 = LINE('',#2114,#2115);
#2114 = CARTESIAN_POINT('',(-12.7,0.,2.5019E+03));
#2115 = VECTOR('',#2116,1.);
#2116 = DIRECTION('',(1.,0.,0.));
#2117 = ORIENTED_EDGE('',*,*,#2118,.F.);
#2118 = EDGE_CURVE('',#2102,#2111,#2119,.T.);
#2119 = LINE('',#2120,#2121);
#2120 = CARTESIAN_POINT('',(0.,0.,0.));
#2121 = VECTOR('',#2122,1.);
#2122 = DIRECTION('',(0.,0.,1.));
#2123 = PLANE('',#2124);
#2124 = AXIS2_PLACEMENT_3D('',#2125,#2126,#2127);
#2125 = CARTESIAN_POINT('',(-12.7,0.,0.));
#2126 = DIRECTION('',(0.,1.,0.));
#2127 = DIRECTION('',(0.,0.,1.));
#2128 = ADVANCED_FACE('',(#2129),#2147,.T.);
#2129 = FACE_BOUND('',#2130,.T.);
#2130 = EDGE_LOOP('',(#2131,#2132,#2133,#2141));
#2131 = ORIENTED_EDGE('',*,*,#2019,.F.);
#2132 = ORIENTED_EDGE('',*,*,#2110,.T.);
#2133 = ORIENTED_EDGE('',*,*,#2134,.T.);
#2134 = EDGE_CURVE('',#2111,#2135,#2137,.T.);
#2135 = VERTEX_POINT('',#2136);
#2136 = CARTESIAN_POINT('',(0.,6.3246E+03,2.5019E+03));
#2137 = LINE('',#2138,#2139);
#2138 = CARTESIAN_POINT('',(0.,0.,2.5019E+03));
#2139 = VECTOR('',#2140,1.);
#2140 = DIRECTION('',(0.,1.,0.));
#2141 = ORIENTED_EDGE('',*,*,#2142,.F.);
#2142 = EDGE_CURVE('',#2012,#2135,#2143,.T.);
#2143 = LINE('',#2144,#2145);
#2144 = CARTESIAN_POINT('',(-12.7,6.3246E+03,2.5019E+03));
#2145 = VECTOR('',#2146,1.);
#2146 = DIRECTION('',(1.,0.,0.));
#2147 = PLANE('',#2148);
#2148 = AXIS2_PLACEMENT_3D('',#2149,#2150,#2151);
#2149 = CARTESIAN_POINT('',(-12.7,0.,2.5019E+03));
#2150 = DIRECTION('',(0.,0.,1.));
#2151 = DIRECTION('',(1.,0.,0.));
#2152 = ADVANCED_FACE('',(#2153),#2171,.F.);
#2153 = FACE_BOUND('',#2154,.F.);
#2154 = EDGE_LOOP('',(#2155,#2156,#2157,#2165));
#2155 = ORIENTED_EDGE('',*,*,#2003,.F.);
#2156 = ORIENTED_EDGE('',*,*,#2101,.T.);
#2157 = ORIENTED_EDGE('',*,*,#2158,.T.);
#2158 = EDGE_CURVE('',#2102,#2159,#2161,.T.);
#2159 = VERTEX_POINT('',#2160);
#2160 = CARTESIAN_POINT('',(0.,6.3246E+03,0.));
#2161 = LINE('',#2162,#2163);
#2162 = CARTESIAN_POINT('',(0.,0.,0.));
#2163 = VECTOR('',#2164,1.);
#2164 = DIRECTION('',(0.,1.,0.));
#2165 = ORIENTED_EDGE('',*,*,#2166,.F.);
#2166 = EDGE_CURVE('',#2004,#2159,#2167,.T.);
#2167 = LINE('',#2168,#2169);
#2168 = CARTESIAN_POINT('',(-12.7,6.3246E+03,0.));
#2169 = VECTOR('',#2170,1.);
#2170 = DIRECTION('',(1.,0.,0.));
#2171 = PLANE('',#2172);
#2172 = AXIS2_PLACEMENT_3D('',#2173,#2174,#2175);
#2173 = CARTESIAN_POINT('',(-12.7,0.,0.));
#2174 = DIRECTION('',(0.,0.,1.));
#2175 = DIRECTION('',(1.,0.,0.));
#2176 = ADVANCED_FACE('',(#2177),#2188,.T.);
#2177 = FACE_BOUND('',#2178,.T.);
#2178 = EDGE_LOOP('',(#2179,#2180,#2181,#2182));
#2179 = ORIENTED_EDGE('',*,*,#2166,.F.);
#2180 = ORIENTED_EDGE('',*,*,#2011,.T.);
#2181 = ORIENTED_EDGE('',*,*,#2142,.T.);
#2182 = ORIENTED_EDGE('',*,*,#2183,.F.);
#2183 = EDGE_CURVE('',#2159,#2135,#2184,.T.);
#2184 = LINE('',#2185,#2186);
#2185 = CARTESIAN_POINT('',(0.,6.3246E+03,0.));
#2186 = VECTOR('',#2187,1.);
#2187 = DIRECTION('',(0.,0.,1.));
#2188 = PLANE('',#2189);
#2189 = AXIS2_PLACEMENT_3D('',#2190,#2191,#2192);
#2190 = CARTESIAN_POINT('',(-12.7,6.3246E+03,0.));
#2191 = DIRECTION('',(0.,1.,0.));
#2192 = DIRECTION('',(0.,0.,1.));
#2193 = ADVANCED_FACE('',(#2194),#2219,.T.);
#2194 = FACE_BOUND('',#2195,.T.);
#2195 = EDGE_LOOP('',(#2196,#2204,#2205,#2213));
#2196 = ORIENTED_EDGE('',*,*,#2197,.F.);
#2197 = EDGE_CURVE('',#2028,#2198,#2200,.T.);
#2198 = VERTEX_POINT('',#2199);
#2199 = CARTESIAN_POINT('',(0.,4.6228E+03,1.2192E+03));
#2200 = LINE('',#2201,#2202);
#2201 = CARTESIAN_POINT('',(-13.7,4.6228E+03,1.2192E+03));
#2202 = VECTOR('',#2203,1.);
#2203 = DIRECTION('',(1.,0.,0.));
#2204 = ORIENTED_EDGE('',*,*,#2027,.T.);
#2205 = ORIENTED_EDGE('',*,*,#2206,.T.);
#2206 = EDGE_CURVE('',#2030,#2207,#2209,.T.);
#2207 = VERTEX_POINT('',#2208);
#2208 = CARTESIAN_POINT('',(0.,3.89255E+03,1.2192E+03));
#2209 = LINE('',#2210,#2211);
#2210 = CARTESIAN_POINT('',(-13.7,3.89255E+03,1.2192E+03));
#2211 = VECTOR('',#2212,1.);
#2212 = DIRECTION('',(1.,0.,0.));
#2213 = ORIENTED_EDGE('',*,*,#2214,.F.);
#2214 = EDGE_CURVE('',#2198,#2207,#2215,.T.);
#2215 = LINE('',#2216,#2217);
#2216 = CARTESIAN_POINT('',(0.,1.946275E+03,1.2192E+03));
#2217 = VECTOR('',#2218,1.);
#2218 = DIRECTION('',(0.,-1.,0.));
#2219 = PLANE('',#2220);
#2220 = AXIS2_PLACEMENT_3D('',#2221,#2222,#2223);
#2221 = CARTESIAN_POINT('',(-13.7,3.89255E+03,1.2192E+03));
#2222 = DIRECTION('',(0.,0.,1.));
#2223 = DIRECTION('',(1.,0.,0.));
#2224 = ADVANCED_FACE('',(#2225),#2243,.F.);
#2225 = FACE_BOUND('',#2226,.F.);
#2226 = EDGE_LOOP('',(#2227,#2228,#2229,#2237));
#2227 = ORIENTED_EDGE('',*,*,#2197,.F.);
#2228 = ORIENTED_EDGE('',*,*,#2053,.T.);
#2229 = ORIENTED_EDGE('',*,*,#2230,.T.);
#2230 = EDGE_CURVE('',#2046,#2231,#2233,.T.);
#2231 = VERTEX_POINT('',#2232);
#2232 = CARTESIAN_POINT('',(0.,4.6228E+03,1.8288E+03));
#2233 = LINE('',#2234,#2235);
#2234 = CARTESIAN_POINT('',(-13.7,4.6228E+03,1.8288E+03));
#2235 = VECTOR('',#2236,1.);
#2236 = DIRECTION('',(1.,0.,0.));
#2237 = ORIENTED_EDGE('',*,*,#2238,.F.);
#2238 = EDGE_CURVE('',#2198,#2231,#2239,.T.);
#2239 = LINE('',#2240,#2241);
#2240 = CARTESIAN_POINT('',(0.,4.6228E+03,609.6));
#2241 = VECTOR('',#2242,1.);
#2242 = DIRECTION('',(0.,0.,1.));
#2243 = PLANE('',#2244);
#2244 = AXIS2_PLACEMENT_3D('',#2245,#2246,#2247);
#2245 = CARTESIAN_POINT('',(-13.7,4.6228E+03,1.2192E+03));
#2246 = DIRECTION('',(0.,1.,0.));
#2247 = DIRECTION('',(0.,0.,1.));
#2248 = ADVANCED_FACE('',(#2249),#2267,.F.);
#2249 = FACE_BOUND('',#2250,.F.);
#2250 = EDGE_LOOP('',(#2251,#2252,#2253,#2261));
#2251 = ORIENTED_EDGE('',*,*,#2230,.F.);
#2252 = ORIENTED_EDGE('',*,*,#2045,.T.);
#2253 = ORIENTED_EDGE('',*,*,#2254,.T.);
#2254 = EDGE_CURVE('',#2038,#2255,#2257,.T.);
#2255 = VERTEX_POINT('',#2256);
#2256 = CARTESIAN_POINT('',(0.,3.89255E+03,1.8288E+03));
#2257 = LINE('',#2258,#2259);
#2258 = CARTESIAN_POINT('',(-13.7,3.89255E+03,1.8288E+03));
#2259 = VECTOR('',#2260,1.);
#2260 = DIRECTION('',(1.,0.,0.));
#2261 = ORIENTED_EDGE('',*,*,#2262,.F.);
#2262 = EDGE_CURVE('',#2231,#2255,#2263,.T.);
#2263 = LINE('',#2264,#2265);
#2264 = CARTESIAN_POINT('',(0.,1.946275E+03,1.8288E+03));
#2265 = VECTOR('',#2266,1.);
#2266 = DIRECTION('',(0.,-1.,0.));
#2267 = PLANE('',#2268);
#2268 = AXIS2_PLACEMENT_3D('',#2269,#2270,#2271);
#2269 = CARTESIAN_POINT('',(-13.7,3.89255E+03,1.8288E+03));
#2270 = DIRECTION('',(0.,0.,1.));
#2271 = DIRECTION('',(1.,0.,0.));
#2272 = ADVANCED_FACE('',(#2273),#2284,.T.);
#2273 = FACE_BOUND('',#2274,.T.);
#2274 = EDGE_LOOP('',(#2275,#2276,#2277,#2278));
#2275 = ORIENTED_EDGE('',*,*,#2206,.F.);
#2276 = ORIENTED_EDGE('',*,*,#2037,.T.);
#2277 = ORIENTED_EDGE('',*,*,#2254,.T.);
#2278 = ORIENTED_EDGE('',*,*,#2279,.F.);
#2279 = EDGE_CURVE('',#2207,#2255,#2280,.T.);
#2280 = LINE('',#2281,#2282);
#2281 = CARTESIAN_POINT('',(0.,3.89255E+03,609.6));
#2282 = VECTOR('',#2283,1.);
#2283 = DIRECTION('',(0.,0.,1.));
#2284 = PLANE('',#2285);
#2285 = AXIS2_PLACEMENT_3D('',#2286,#2287,#2288);
#2286 = CARTESIAN_POINT('',(-13.7,3.89255E+03,1.2192E+03));
#2287 = DIRECTION('',(0.,1.,0.));
#2288 = DIRECTION('',(0.,0.,1.));
#2289 = ADVANCED_FACE('',(#2290),#2315,.T.);
#2290 = FACE_BOUND('',#2291,.T.);
#2291 = EDGE_LOOP('',(#2292,#2300,#2301,#2309));
#2292 = ORIENTED_EDGE('',*,*,#2293,.F.);
#2293 = EDGE_CURVE('',#2062,#2294,#2296,.T.);
#2294 = VERTEX_POINT('',#2295);
#2295 = CARTESIAN_POINT('',(0.,2.5781E+03,1.2192E+03));
#2296 = LINE('',#2297,#2298);
#2297 = CARTESIAN_POINT('',(-13.7,2.5781E+03,1.2192E+03));
#2298 = VECTOR('',#2299,1.);
#2299 = DIRECTION('',(1.,0.,0.));
#2300 = ORIENTED_EDGE('',*,*,#2061,.T.);
#2301 = ORIENTED_EDGE('',*,*,#2302,.T.);
#2302 = EDGE_CURVE('',#2064,#2303,#2305,.T.);
#2303 = VERTEX_POINT('',#2304);
#2304 = CARTESIAN_POINT('',(0.,1.8542E+03,1.2192E+03));
#2305 = LINE('',#2306,#2307);
#2306 = CARTESIAN_POINT('',(-13.7,1.8542E+03,1.2192E+03));
#2307 = VECTOR('',#2308,1.);
#2308 = DIRECTION('',(1.,0.,0.));
#2309 = ORIENTED_EDGE('',*,*,#2310,.F.);
#2310 = EDGE_CURVE('',#2294,#2303,#2311,.T.);
#2311 = LINE('',#2312,#2313);
#2312 = CARTESIAN_POINT('',(0.,927.1,1.2192E+03));
#2313 = VECTOR('',#2314,1.);
#2314 = DIRECTION('',(0.,-1.,0.));
#2315 = PLANE('',#2316);
#2316 = AXIS2_PLACEMENT_3D('',#2317,#2318,#2319);
#2317 = CARTESIAN_POINT('',(-13.7,1.8542E+03,1.2192E+03));
#2318 = DIRECTION('',(0.,0.,1.));
#2319 = DIRECTION('',(1.,0.,0.));
#2320 = ADVANCED_FACE('',(#2321),#2339,.F.);
#2321 = FACE_BOUND('',#2322,.F.);
#2322 = EDGE_LOOP('',(#2323,#2324,#2325,#2333));
#2323 = ORIENTED_EDGE('',*,*,#2293,.F.);
#2324 = ORIENTED_EDGE('',*,*,#2087,.T.);
#2325 = ORIENTED_EDGE('',*,*,#2326,.T.);
#2326 = EDGE_CURVE('',#2080,#2327,#2329,.T.);
#2327 = VERTEX_POINT('',#2328);
#2328 = CARTESIAN_POINT('',(0.,2.5781E+03,1.8288E+03));
#2329 = LINE('',#2330,#2331);
#2330 = CARTESIAN_POINT('',(-13.7,2.5781E+03,1.8288E+03));
#2331 = VECTOR('',#2332,1.);
#2332 = DIRECTION('',(1.,0.,0.));
#2333 = ORIENTED_EDGE('',*,*,#2334,.F.);
#2334 = EDGE_CURVE('',#2294,#2327,#2335,.T.);
#2335 = LINE('',#2336,#2337);
#2336 = CARTESIAN_POINT('',(0.,2.5781E+03,609.6));
#2337 = VECTOR('',#2338,1.);
#2338 = DIRECTION('',(0.,0.,1.));
#2339 = PLANE('',#2340);
#2340 = AXIS2_PLACEMENT_3D('',#2341,#2342,#2343);
#2341 = CARTESIAN_POINT('',(-13.7,2.5781E+03,1.2192E+03));
#2342 = DIRECTION('',(0.,1.,0.));
#2343 = DIRECTION('',(0.,0.,1.));
#2344 = ADVANCED_FACE('',(#2345),#2363,.T.);
#2345 = FACE_BOUND('',#2346,.T.);
#2346 = EDGE_LOOP('',(#2347,#2348,#2349,#2357));
#2347 = ORIENTED_EDGE('',*,*,#2302,.F.);
#2348 = ORIENTED_EDGE('',*,*,#2071,.T.);
#2349 = ORIENTED_EDGE('',*,*,#2350,.T.);
#2350 = EDGE_CURVE('',#2072,#2351,#2353,.T.);
#2351 = VERTEX_POINT('',#2352);
#2352 = CARTESIAN_POINT('',(0.,1.8542E+03,1.8288E+03));
#2353 = LINE('',#2354,#2355);
#2354 = CARTESIAN_POINT('',(-13.7,1.8542E+03,1.8288E+03));
#2355 = VECTOR('',#2356,1.);
#2356 = DIRECTION('',(1.,0.,0.));
#2357 = ORIENTED_EDGE('',*,*,#2358,.F.);
#2358 = EDGE_CURVE('',#2303,#2351,#2359,.T.);
#2359 = LINE('',#2360,#2361);
#2360 = CARTESIAN_POINT('',(0.,1.8542E+03,609.6));
#2361 = VECTOR('',#2362,1.);
#2362 = DIRECTION('',(0.,0.,1.));
#2363 = PLANE('',#2364);
#2364 = AXIS2_PLACEMENT_3D('',#2365,#2366,#2367);
#2365 = CARTESIAN_POINT('',(-13.7,1.8542E+03,1.2192E+03));
#2366 = DIRECTION('',(0.,1.,0.));
#2367 = DIRECTION('',(0.,0.,1.));
#2368 = ADVANCED_FACE('',(#2369),#2380,.F.);
#2369 = FACE_BOUND('',#2370,.F.);
#2370 = EDGE_LOOP('',(#2371,#2372,#2373,#2374));
#2371 = ORIENTED_EDGE('',*,*,#2326,.F.);
#2372 = ORIENTED_EDGE('',*,*,#2079,.T.);
#2373 = ORIENTED_EDGE('',*,*,#2350,.T.);
#2374 = ORIENTED_EDGE('',*,*,#2375,.F.);
#2375 = EDGE_CURVE('',#2327,#2351,#2376,.T.);
#2376 = LINE('',#2377,#2378);
#2377 = CARTESIAN_POINT('',(0.,927.1,1.8288E+03));
#2378 = VECTOR('',#2379,1.);
#2379 = DIRECTION('',(0.,-1.,0.));
#2380 = PLANE('',#2381);
#2381 = AXIS2_PLACEMENT_3D('',#2382,#2383,#2384);
#2382 = CARTESIAN_POINT('',(-13.7,1.8542E+03,1.8288E+03));
#2383 = DIRECTION('',(0.,0.,1.));
#2384 = DIRECTION('',(1.,0.,0.));
#2385 = ADVANCED_FACE('',(#2386,#2392,#2398),#2404,.T.);
#2386 = FACE_BOUND('',#2387,.T.);
#2387 = EDGE_LOOP('',(#2388,#2389,#2390,#2391));
#2388 = ORIENTED_EDGE('',*,*,#2118,.F.);
#2389 = ORIENTED_EDGE('',*,*,#2158,.T.);
#2390 = ORIENTED_EDGE('',*,*,#2183,.T.);
#2391 = ORIENTED_EDGE('',*,*,#2134,.F.);
#2392 = FACE_BOUND('',#2393,.T.);
#2393 = EDGE_LOOP('',(#2394,#2395,#2396,#2397));
#2394 = ORIENTED_EDGE('',*,*,#2214,.T.);
#2395 = ORIENTED_EDGE('',*,*,#2279,.T.);
#2396 = ORIENTED_EDGE('',*,*,#2262,.F.);
#2397 = ORIENTED_EDGE('',*,*,#2238,.F.);
#2398 = FACE_BOUND('',#2399,.T.);
#2399 = EDGE_LOOP('',(#2400,#2401,#2402,#2403));
#2400 = ORIENTED_EDGE('',*,*,#2310,.T.);
#2401 = ORIENTED_EDGE('',*,*,#2358,.T.);
#2402 = ORIENTED_EDGE('',*,*,#2375,.F.);
#2403 = ORIENTED_EDGE('',*,*,#2334,.F.);
#2404 = PLANE('',#2405);
#2405 = AXIS2_PLACEMENT_3D('',#2406,#2407,#2408);
#2406 = CARTESIAN_POINT('',(0.,0.,0.));
#2407 = DIRECTION('',(1.,0.,0.));
#2408 = DIRECTION('',(0.,0.,1.));
#2409 = MANIFOLD_SOLID_BREP('',#2410);
#2410 = CLOSED_SHELL('',(#2411,#2451,#2491,#2513,#2535,#2547));
#2411 = ADVANCED_FACE('',(#2412),#2446,.F.);
#2412 = FACE_BOUND('',#2413,.F.);
#2413 = EDGE_LOOP('',(#2414,#2424,#2432,#2440));
#2414 = ORIENTED_EDGE('',*,*,#2415,.F.);
#2415 = EDGE_CURVE('',#2416,#2418,#2420,.T.);
#2416 = VERTEX_POINT('',#2417);
#2417 = CARTESIAN_POINT('',(6.3373E+03,0.,0.));
#2418 = VERTEX_POINT('',#2419);
#2419 = CARTESIAN_POINT('',(6.3373E+03,0.,2.5019E+03));
#2420 = LINE('',#2421,#2422);
#2421 = CARTESIAN_POINT('',(6.3373E+03,0.,0.));
#2422 = VECTOR('',#2423,1.);
#2423 = DIRECTION('',(0.,0.,1.));
#2424 = ORIENTED_EDGE('',*,*,#2425,.T.);
#2425 = EDGE_CURVE('',#2416,#2426,#2428,.T.);
#2426 = VERTEX_POINT('',#2427);
#2427 = CARTESIAN_POINT('',(6.3373E+03,6.3246E+03,0.));
#2428 = LINE('',#2429,#2430);
#2429 = CARTESIAN_POINT('',(6.3373E+03,0.,0.));
#2430 = VECTOR('',#2431,1.);
#2431 = DIRECTION('',(0.,1.,0.));
#2432 = ORIENTED_EDGE('',*,*,#2433,.T.);
#2433 = EDGE_CURVE('',#2426,#2434,#2436,.T.);
#2434 = VERTEX_POINT('',#2435);
#2435 = CARTESIAN_POINT('',(6.3373E+03,6.3246E+03,2.5019E+03));
#2436 = LINE('',#2437,#2438);
#2437 = CARTESIAN_POINT('',(6.3373E+03,6.3246E+03,0.));
#2438 = VECTOR('',#2439,1.);
#2439 = DIRECTION('',(0.,0.,1.));
#2440 = ORIENTED_EDGE('',*,*,#2441,.F.);
#2441 = EDGE_CURVE('',#2418,#2434,#2442,.T.);
#2442 = LINE('',#2443,#2444);
#2443 = CARTESIAN_POINT('',(6.3373E+03,0.,2.5019E+03));
#2444 = VECTOR('',#2445,1.);
#2445 = DIRECTION('',(0.,1.,0.));
#2446 = PLANE('',#2447);
#2447 = AXIS2_PLACEMENT_3D('',#2448,#2449,#2450);
#2448 = CARTESIAN_POINT('',(6.3373E+03,0.,0.));
#2449 = DIRECTION('',(1.,0.,0.));
#2450 = DIRECTION('',(0.,0.,1.));
#2451 = ADVANCED_FACE('',(#2452),#2486,.T.);
#2452 = FACE_BOUND('',#2453,.T.);
#2453 = EDGE_LOOP('',(#2454,#2464,#2472,#2480));
#2454 = ORIENTED_EDGE('',*,*,#2455,.F.);
#2455 = EDGE_CURVE('',#2456,#2458,#2460,.T.);
#2456 = VERTEX_POINT('',#2457);
#2457 = CARTESIAN_POINT('',(6.35E+03,0.,0.));
#2458 = VERTEX_POINT('',#2459);
#2459 = CARTESIAN_POINT('',(6.35E+03,0.,2.5019E+03));
#2460 = LINE('',#2461,#2462);
#2461 = CARTESIAN_POINT('',(6.35E+03,0.,0.));
#2462 = VECTOR('',#2463,1.);
#2463 = DIRECTION('',(0.,0.,1.));
#2464 = ORIENTED_EDGE('',*,*,#2465,.T.);
#2465 = EDGE_CURVE('',#2456,#2466,#2468,.T.);
#2466 = VERTEX_POINT('',#2467);
#2467 = CARTESIAN_POINT('',(6.35E+03,6.3246E+03,0.));
#2468 = LINE('',#2469,#2470);
#2469 = CARTESIAN_POINT('',(6.35E+03,0.,0.));
#2470 = VECTOR('',#2471,1.);
#2471 = DIRECTION('',(0.,1.,0.));
#2472 = ORIENTED_EDGE('',*,*,#2473,.T.);
#2473 = EDGE_CURVE('',#2466,#2474,#2476,.T.);
#2474 = VERTEX_POINT('',#2475);
#2475 = CARTESIAN_POINT('',(6.35E+03,6.3246E+03,2.5019E+03));
#2476 = LINE('',#2477,#2478);
#2477 = CARTESIAN_POINT('',(6.35E+03,6.3246E+03,0.));
#2478 = VECTOR('',#2479,1.);
#2479 = DIRECTION('',(0.,0.,1.));
#2480 = ORIENTED_EDGE('',*,*,#2481,.F.);
#2481 = EDGE_CURVE('',#2458,#2474,#2482,.T.);
#2482 = LINE('',#2483,#2484);
#2483 = CARTESIAN_POINT('',(6.35E+03,0.,2.5019E+03));
#2484 = VECTOR('',#2485,1.);
#2485 = DIRECTION('',(0.,1.,0.));
#2486 = PLANE('',#2487);
#2487 = AXIS2_PLACEMENT_3D('',#2488,#2489,#2490);
#2488 = CARTESIAN_POINT('',(6.35E+03,0.,0.));
#2489 = DIRECTION('',(1.,0.,0.));
#2490 = DIRECTION('',(0.,0.,1.));
#2491 = ADVANCED_FACE('',(#2492),#2508,.F.);
#2492 = FACE_BOUND('',#2493,.F.);
#2493 = EDGE_LOOP('',(#2494,#2500,#2501,#2507));
#2494 = ORIENTED_EDGE('',*,*,#2495,.F.);
#2495 = EDGE_CURVE('',#2416,#2456,#2496,.T.);
#2496 = LINE('',#2497,#2498);
#2497 = CARTESIAN_POINT('',(6.3373E+03,0.,0.));
#2498 = VECTOR('',#2499,1.);
#2499 = DIRECTION('',(1.,0.,0.));
#2500 = ORIENTED_EDGE('',*,*,#2415,.T.);
#2501 = ORIENTED_EDGE('',*,*,#2502,.T.);
#2502 = EDGE_CURVE('',#2418,#2458,#2503,.T.);
#2503 = LINE('',#2504,#2505);
#2504 = CARTESIAN_POINT('',(6.3373E+03,0.,2.5019E+03));
#2505 = VECTOR('',#2506,1.);
#2506 = DIRECTION('',(1.,0.,0.));
#2507 = ORIENTED_EDGE('',*,*,#2455,.F.);
#2508 = PLANE('',#2509);
#2509 = AXIS2_PLACEMENT_3D('',#2510,#2511,#2512);
#2510 = CARTESIAN_POINT('',(6.3373E+03,0.,0.));
#2511 = DIRECTION('',(0.,1.,0.));
#2512 = DIRECTION('',(0.,0.,1.));
#2513 = ADVANCED_FACE('',(#2514),#2530,.T.);
#2514 = FACE_BOUND('',#2515,.T.);
#2515 = EDGE_LOOP('',(#2516,#2522,#2523,#2529));
#2516 = ORIENTED_EDGE('',*,*,#2517,.F.);
#2517 = EDGE_CURVE('',#2426,#2466,#2518,.T.);
#2518 = LINE('',#2519,#2520);
#2519 = CARTESIAN_POINT('',(6.3373E+03,6.3246E+03,0.));
#2520 = VECTOR('',#2521,1.);
#2521 = DIRECTION('',(1.,0.,0.));
#2522 = ORIENTED_EDGE('',*,*,#2433,.T.);
#2523 = ORIENTED_EDGE('',*,*,#2524,.T.);
#2524 = EDGE_CURVE('',#2434,#2474,#2525,.T.);
#2525 = LINE('',#2526,#2527);
#2526 = CARTESIAN_POINT('',(6.3373E+03,6.3246E+03,2.5019E+03));
#2527 = VECTOR('',#2528,1.);
#2528 = DIRECTION('',(1.,0.,0.));
#2529 = ORIENTED_EDGE('',*,*,#2473,.F.);
#2530 = PLANE('',#2531);
#2531 = AXIS2_PLACEMENT_3D('',#2532,#2533,#2534);
#2532 = CARTESIAN_POINT('',(6.3373E+03,6.3246E+03,0.));
#2533 = DIRECTION('',(0.,1.,0.));
#2534 = DIRECTION('',(0.,0.,1.));
#2535 = ADVANCED_FACE('',(#2536),#2542,.F.);
#2536 = FACE_BOUND('',#2537,.F.);
#2537 = EDGE_LOOP('',(#2538,#2539,#2540,#2541));
#2538 = ORIENTED_EDGE('',*,*,#2425,.F.);
#2539 = ORIENTED_EDGE('',*,*,#2495,.T.);
#2540 = ORIENTED_EDGE('',*,*,#2465,.T.);
#2541 = ORIENTED_EDGE('',*,*,#2517,.F.);
#2542 = PLANE('',#2543);
#2543 = AXIS2_PLACEMENT_3D('',#2544,#2545,#2546);
#2544 = CARTESIAN_POINT('',(6.3373E+03,0.,0.));
#2545 = DIRECTION('',(0.,0.,1.));
#2546 = DIRECTION('',(1.,0.,0.));
#2547 = ADVANCED_FACE('',(#2548),#2554,.T.);
#2548 = FACE_BOUND('',#2549,.T.);
#2549 = EDGE_LOOP('',(#2550,#2551,#2552,#2553));
#2550 = ORIENTED_EDGE('',*,*,#2441,.F.);
#2551 = ORIENTED_EDGE('',*,*,#2502,.T.);
#2552 = ORIENTED_EDGE('',*,*,#2481,.T.);
#2553 = ORIENTED_EDGE('',*,*,#2524,.F.);
#2554 = PLANE('',#2555);
#2555 = AXIS2_PLACEMENT_3D('',#2556,#2557,#2558);
#2556 = CARTESIAN_POINT('',(6.3373E+03,0.,2.5019E+03));
#2557 = DIRECTION('',(0.,0.,1.));
#2558 = DIRECTION('',(1.,0.,0.));
#2559 = MANIFOLD_SOLID_BREP('',#2560);
#2560 = CLOSED_SHELL('',(#2561,#2601,#2641,#2663,#2685,#2697));
#2561 = ADVANCED_FACE('',(#2562),#2596,.F.);
#2562 = FACE_BOUND('',#2563,.F.);
#2563 = EDGE_LOOP('',(#2564,#2574,#2582,#2590));
#2564 = ORIENTED_EDGE('',*,*,#2565,.F.);
#2565 = EDGE_CURVE('',#2566,#2568,#2570,.T.);
#2566 = VERTEX_POINT('',#2567);
#2567 = CARTESIAN_POINT('',(-101.6,-101.6,2.48285E+03));
#2568 = VERTEX_POINT('',#2569);
#2569 = CARTESIAN_POINT('',(-101.6,-101.6,2.5019E+03));
#2570 = LINE('',#2571,#2572);
#2571 = CARTESIAN_POINT('',(-101.6,-101.6,2.48285E+03));
#2572 = VECTOR('',#2573,1.);
#2573 = DIRECTION('',(0.,0.,1.));
#2574 = ORIENTED_EDGE('',*,*,#2575,.T.);
#2575 = EDGE_CURVE('',#2566,#2576,#2578,.T.);
#2576 = VERTEX_POINT('',#2577);
#2577 = CARTESIAN_POINT('',(-101.6,-12.7,2.48285E+03));
#2578 = LINE('',#2579,#2580);
#2579 = CARTESIAN_POINT('',(-101.6,-101.6,2.48285E+03));
#2580 = VECTOR('',#2581,1.);
#2581 = DIRECTION('',(0.,1.,0.));
#2582 = ORIENTED_EDGE('',*,*,#2583,.T.);
#2583 = EDGE_CURVE('',#2576,#2584,#2586,.T.);
#2584 = VERTEX_POINT('',#2585);
#2585 = CARTESIAN_POINT('',(-101.6,-12.7,2.5019E+03));
#2586 = LINE('',#2587,#2588);
#2587 = CARTESIAN_POINT('',(-101.6,-12.7,2.48285E+03));
#2588 = VECTOR('',#2589,1.);
#2589 = DIRECTION('',(0.,0.,1.));
#2590 = ORIENTED_EDGE('',*,*,#2591,.F.);
#2591 = EDGE_CURVE('',#2568,#2584,#2592,.T.);
#2592 = LINE('',#2593,#2594);
#2593 = CARTESIAN_POINT('',(-101.6,-101.6,2.5019E+03));
#2594 = VECTOR('',#2595,1.);
#2595 = DIRECTION('',(0.,1.,0.));
#2596 = PLANE('',#2597);
#2597 = AXIS2_PLACEMENT_3D('',#2598,#2599,#2600);
#2598 = CARTESIAN_POINT('',(-101.6,-101.6,2.48285E+03));
#2599 = DIRECTION('',(1.,0.,0.));
#2600 = DIRECTION('',(0.,0.,1.));
#2601 = ADVANCED_FACE('',(#2602),#2636,.T.);
#2602 = FACE_BOUND('',#2603,.T.);
#2603 = EDGE_LOOP('',(#2604,#2614,#2622,#2630));
#2604 = ORIENTED_EDGE('',*,*,#2605,.F.);
#2605 = EDGE_CURVE('',#2606,#2608,#2610,.T.);
#2606 = VERTEX_POINT('',#2607);
#2607 = CARTESIAN_POINT('',(6.4389E+03,-101.6,2.48285E+03));
#2608 = VERTEX_POINT('',#2609);
#2609 = CARTESIAN_POINT('',(6.4389E+03,-101.6,2.5019E+03));
#2610 = LINE('',#2611,#2612);
#2611 = CARTESIAN_POINT('',(6.4389E+03,-101.6,2.48285E+03));
#2612 = VECTOR('',#2613,1.);
#2613 = DIRECTION('',(0.,0.,1.));
#2614 = ORIENTED_EDGE('',*,*,#2615,.T.);
#2615 = EDGE_CURVE('',#2606,#2616,#2618,.T.);
#2616 = VERTEX_POINT('',#2617);
#2617 = CARTESIAN_POINT('',(6.4389E+03,-12.7,2.48285E+03));
#2618 = LINE('',#2619,#2620);
#2619 = CARTESIAN_POINT('',(6.4389E+03,-101.6,2.48285E+03));
#2620 = VECTOR('',#2621,1.);
#2621 = DIRECTION('',(0.,1.,0.));
#2622 = ORIENTED_EDGE('',*,*,#2623,.T.);
#2623 = EDGE_CURVE('',#2616,#2624,#2626,.T.);
#2624 = VERTEX_POINT('',#2625);
#2625 = CARTESIAN_POINT('',(6.4389E+03,-12.7,2.5019E+03));
#2626 = LINE('',#2627,#2628);
#2627 = CARTESIAN_POINT('',(6.4389E+03,-12.7,2.48285E+03));
#2628 = VECTOR('',#2629,1.);
#2629 = DIRECTION('',(0.,0.,1.));
#2630 = ORIENTED_EDGE('',*,*,#2631,.F.);
#2631 = EDGE_CURVE('',#2608,#2624,#2632,.T.);
#2632 = LINE('',#2633,#2634);
#2633 = CARTESIAN_POINT('',(6.4389E+03,-101.6,2.5019E+03));
#2634 = VECTOR('',#2635,1.);
#2635 = DIRECTION('',(0.,1.,0.));
#2636 = PLANE('',#2637);
#2637 = AXIS2_PLACEMENT_3D('',#2638,#2639,#2640);
#2638 = CARTESIAN_POINT('',(6.4389E+03,-101.6,2.48285E+03));
#2639 = DIRECTION('',(1.,0.,0.));
#2640 = DIRECTION('',(0.,0.,1.));
#2641 = ADVANCED_FACE('',(#2642),#2658,.F.);
#2642 = FACE_BOUND('',#2643,.F.);
#2643 = EDGE_LOOP('',(#2644,#2650,#2651,#2657));
#2644 = ORIENTED_EDGE('',*,*,#2645,.F.);
#2645 = EDGE_CURVE('',#2566,#2606,#2646,.T.);
#2646 = LINE('',#2647,#2648);
#2647 = CARTESIAN_POINT('',(-101.6,-101.6,2.48285E+03));
#2648 = VECTOR('',#2649,1.);
#2649 = DIRECTION('',(1.,0.,0.));
#2650 = ORIENTED_EDGE('',*,*,#2565,.T.);
#2651 = ORIENTED_EDGE('',*,*,#2652,.T.);
#2652 = EDGE_CURVE('',#2568,#2608,#2653,.T.);
#2653 = LINE('',#2654,#2655);
#2654 = CARTESIAN_POINT('',(-101.6,-101.6,2.5019E+03));
#2655 = VECTOR('',#2656,1.);
#2656 = DIRECTION('',(1.,0.,0.));
#2657 = ORIENTED_EDGE('',*,*,#2605,.F.);
#2658 = PLANE('',#2659);
#2659 = AXIS2_PLACEMENT_3D('',#2660,#2661,#2662);
#2660 = CARTESIAN_POINT('',(-101.6,-101.6,2.48285E+03));
#2661 = DIRECTION('',(0.,1.,0.));
#2662 = DIRECTION('',(0.,0.,1.));
#2663 = ADVANCED_FACE('',(#2664),#2680,.T.);
#2664 = FACE_BOUND('',#2665,.T.);
#2665 = EDGE_LOOP('',(#2666,#2672,#2673,#2679));
#2666 = ORIENTED_EDGE('',*,*,#2667,.F.);
#2667 = EDGE_CURVE('',#2576,#2616,#2668,.T.);
#2668 = LINE('',#2669,#2670);
#2669 = CARTESIAN_POINT('',(-101.6,-12.7,2.48285E+03));
#2670 = VECTOR('',#2671,1.);
#2671 = DIRECTION('',(1.,0.,0.));
#2672 = ORIENTED_EDGE('',*,*,#2583,.T.);
#2673 = ORIENTED_EDGE('',*,*,#2674,.T.);
#2674 = EDGE_CURVE('',#2584,#2624,#2675,.T.);
#2675 = LINE('',#2676,#2677);
#2676 = CARTESIAN_POINT('',(-101.6,-12.7,2.5019E+03));
#2677 = VECTOR('',#2678,1.);
#2678 = DIRECTION('',(1.,0.,0.));
#2679 = ORIENTED_EDGE('',*,*,#2623,.F.);
#2680 = PLANE('',#2681);
#2681 = AXIS2_PLACEMENT_3D('',#2682,#2683,#2684);
#2682 = CARTESIAN_POINT('',(-101.6,-12.7,2.48285E+03));
#2683 = DIRECTION('',(0.,1.,0.));
#2684 = DIRECTION('',(0.,0.,1.));
#2685 = ADVANCED_FACE('',(#2686),#2692,.F.);
#2686 = FACE_BOUND('',#2687,.F.);
#2687 = EDGE_LOOP('',(#2688,#2689,#2690,#2691));
#2688 = ORIENTED_EDGE('',*,*,#2575,.F.);
#2689 = ORIENTED_EDGE('',*,*,#2645,.T.);
#2690 = ORIENTED_EDGE('',*,*,#2615,.T.);
#2691 = ORIENTED_EDGE('',*,*,#2667,.F.);
#2692 = PLANE('',#2693);
#2693 = AXIS2_PLACEMENT_3D('',#2694,#2695,#2696);
#2694 = CARTESIAN_POINT('',(-101.6,-101.6,2.48285E+03));
#2695 = DIRECTION('',(0.,0.,1.));
#2696 = DIRECTION('',(1.,0.,0.));
#2697 = ADVANCED_FACE('',(#2698),#2704,.T.);
#2698 = FACE_BOUND('',#2699,.T.);
#2699 = EDGE_LOOP('',(#2700,#2701,#2702,#2703));
#2700 = ORIENTED_EDGE('',*,*,#2591,.F.);
#2701 = ORIENTED_EDGE('',*,*,#2652,.T.);
#2702 = ORIENTED_EDGE('',*,*,#2631,.T.);
#2703 = ORIENTED_EDGE('',*,*,#2674,.F.);
#2704 = PLANE('',#2705);
#2705 = AXIS2_PLACEMENT_3D('',#2706,#2707,#2708);
#2706 = CARTESIAN_POINT('',(-101.6,-101.6,2.5019E+03));
#2707 = DIRECTION('',(0.,0.,1.));
#2708 = DIRECTION('',(1.,0.,0.));
#2709 = MANIFOLD_SOLID_BREP('',#2710);
#2710 = CLOSED_SHELL('',(#2711,#2751,#2791,#2813,#2835,#2847));
#2711 = ADVANCED_FACE('',(#2712),#2746,.F.);
#2712 = FACE_BOUND('',#2713,.F.);
#2713 = EDGE_LOOP('',(#2714,#2724,#2732,#2740));
#2714 = ORIENTED_EDGE('',*,*,#2715,.F.);
#2715 = EDGE_CURVE('',#2716,#2718,#2720,.T.);
#2716 = VERTEX_POINT('',#2717);
#2717 = CARTESIAN_POINT('',(-101.6,6.3373E+03,2.48285E+03));
#2718 = VERTEX_POINT('',#2719);
#2719 = CARTESIAN_POINT('',(-101.6,6.3373E+03,2.5019E+03));
#2720 = LINE('',#2721,#2722);
#2721 = CARTESIAN_POINT('',(-101.6,6.3373E+03,2.48285E+03));
#2722 = VECTOR('',#2723,1.);
#2723 = DIRECTION('',(0.,0.,1.));
#2724 = ORIENTED_EDGE('',*,*,#2725,.T.);
#2725 = EDGE_CURVE('',#2716,#2726,#2728,.T.);
#2726 = VERTEX_POINT('',#2727);
#2727 = CARTESIAN_POINT('',(-101.6,6.4262E+03,2.48285E+03));
#2728 = LINE('',#2729,#2730);
#2729 = CARTESIAN_POINT('',(-101.6,6.3373E+03,2.48285E+03));
#2730 = VECTOR('',#2731,1.);
#2731 = DIRECTION('',(0.,1.,0.));
#2732 = ORIENTED_EDGE('',*,*,#2733,.T.);
#2733 = EDGE_CURVE('',#2726,#2734,#2736,.T.);
#2734 = VERTEX_POINT('',#2735);
#2735 = CARTESIAN_POINT('',(-101.6,6.4262E+03,2.5019E+03));
#2736 = LINE('',#2737,#2738);
#2737 = CARTESIAN_POINT('',(-101.6,6.4262E+03,2.48285E+03));
#2738 = VECTOR('',#2739,1.);
#2739 = DIRECTION('',(0.,0.,1.));
#2740 = ORIENTED_EDGE('',*,*,#2741,.F.);
#2741 = EDGE_CURVE('',#2718,#2734,#2742,.T.);
#2742 = LINE('',#2743,#2744);
#2743 = CARTESIAN_POINT('',(-101.6,6.3373E+03,2.5019E+03));
#2744 = VECTOR('',#2745,1.);
#2745 = DIRECTION('',(0.,1.,0.));
#2746 = PLANE('',#2747);
#2747 = AXIS2_PLACEMENT_3D('',#2748,#2749,#2750);
#2748 = CARTESIAN_POINT('',(-101.6,6.3373E+03,2.48285E+03));
#2749 = DIRECTION('',(1.,0.,0.));
#2750 = DIRECTION('',(0.,0.,1.));
#2751 = ADVANCED_FACE('',(#2752),#2786,.T.);
#2752 = FACE_BOUND('',#2753,.T.);
#2753 = EDGE_LOOP('',(#2754,#2764,#2772,#2780));
#2754 = ORIENTED_EDGE('',*,*,#2755,.F.);
#2755 = EDGE_CURVE('',#2756,#2758,#2760,.T.);
#2756 = VERTEX_POINT('',#2757);
#2757 = CARTESIAN_POINT('',(6.4389E+03,6.3373E+03,2.48285E+03));
#2758 = VERTEX_POINT('',#2759);
#2759 = CARTESIAN_POINT('',(6.4389E+03,6.3373E+03,2.5019E+03));
#2760 = LINE('',#2761,#2762);
#2761 = CARTESIAN_POINT('',(6.4389E+03,6.3373E+03,2.48285E+03));
#2762 = VECTOR('',#2763,1.);
#2763 = DIRECTION('',(0.,0.,1.));
#2764 = ORIENTED_EDGE('',*,*,#2765,.T.);
#2765 = EDGE_CURVE('',#2756,#2766,#2768,.T.);
#2766 = VERTEX_POINT('',#2767);
#2767 = CARTESIAN_POINT('',(6.4389E+03,6.4262E+03,2.48285E+03));
#2768 = LINE('',#2769,#2770);
#2769 = CARTESIAN_POINT('',(6.4389E+03,6.3373E+03,2.48285E+03));
#2770 = VECTOR('',#2771,1.);
#2771 = DIRECTION('',(0.,1.,0.));
#2772 = ORIENTED_EDGE('',*,*,#2773,.T.);
#2773 = EDGE_CURVE('',#2766,#2774,#2776,.T.);
#2774 = VERTEX_POINT('',#2775);
#2775 = CARTESIAN_POINT('',(6.4389E+03,6.4262E+03,2.5019E+03));
#2776 = LINE('',#2777,#2778);
#2777 = CARTESIAN_POINT('',(6.4389E+03,6.4262E+03,2.48285E+03));
#2778 = VECTOR('',#2779,1.);
#2779 = DIRECTION('',(0.,0.,1.));
#2780 = ORIENTED_EDGE('',*,*,#2781,.F.);
#2781 = EDGE_CURVE('',#2758,#2774,#2782,.T.);
#2782 = LINE('',#2783,#2784);
#2783 = CARTESIAN_POINT('',(6.4389E+03,6.3373E+03,2.5019E+03));
#2784 = VECTOR('',#2785,1.);
#2785 = DIRECTION('',(0.,1.,0.));
#2786 = PLANE('',#2787);
#2787 = AXIS2_PLACEMENT_3D('',#2788,#2789,#2790);
#2788 = CARTESIAN_POINT('',(6.4389E+03,6.3373E+03,2.48285E+03));
#2789 = DIRECTION('',(1.,0.,0.));
#2790 = DIRECTION('',(0.,0.,1.));
#2791 = ADVANCED_FACE('',(#2792),#2808,.F.);
#2792 = FACE_BOUND('',#2793,.F.);
#2793 = EDGE_LOOP('',(#2794,#2800,#2801,#2807));
#2794 = ORIENTED_EDGE('',*,*,#2795,.F.);
#2795 = EDGE_CURVE('',#2716,#2756,#2796,.T.);
#2796 = LINE('',#2797,#2798);
#2797 = CARTESIAN_POINT('',(-101.6,6.3373E+03,2.48285E+03));
#2798 = VECTOR('',#2799,1.);
#2799 = DIRECTION('',(1.,0.,0.));
#2800 = ORIENTED_EDGE('',*,*,#2715,.T.);
#2801 = ORIENTED_EDGE('',*,*,#2802,.T.);
#2802 = EDGE_CURVE('',#2718,#2758,#2803,.T.);
#2803 = LINE('',#2804,#2805);
#2804 = CARTESIAN_POINT('',(-101.6,6.3373E+03,2.5019E+03));
#2805 = VECTOR('',#2806,1.);
#2806 = DIRECTION('',(1.,0.,0.));
#2807 = ORIENTED_EDGE('',*,*,#2755,.F.);
#2808 = PLANE('',#2809);
#2809 = AXIS2_PLACEMENT_3D('',#2810,#2811,#2812);
#2810 = CARTESIAN_POINT('',(-101.6,6.3373E+03,2.48285E+03));
#2811 = DIRECTION('',(0.,1.,0.));
#2812 = DIRECTION('',(0.,0.,1.));
#2813 = ADVANCED_FACE('',(#2814),#2830,.T.);
#2814 = FACE_BOUND('',#2815,.T.);
#2815 = EDGE_LOOP('',(#2816,#2822,#2823,#2829));
#2816 = ORIENTED_EDGE('',*,*,#2817,.F.);
#2817 = EDGE_CURVE('',#2726,#2766,#2818,.T.);
#2818 = LINE('',#2819,#2820);
#2819 = CARTESIAN_POINT('',(-101.6,6.4262E+03,2.48285E+03));
#2820 = VECTOR('',#2821,1.);
#2821 = DIRECTION('',(1.,0.,0.));
#2822 = ORIENTED_EDGE('',*,*,#2733,.T.);
#2823 = ORIENTED_EDGE('',*,*,#2824,.T.);
#2824 = EDGE_CURVE('',#2734,#2774,#2825,.T.);
#2825 = LINE('',#2826,#2827);
#2826 = CARTESIAN_POINT('',(-101.6,6.4262E+03,2.5019E+03));
#2827 = VECTOR('',#2828,1.);
#2828 = DIRECTION('',(1.,0.,0.));
#2829 = ORIENTED_EDGE('',*,*,#2773,.F.);
#2830 = PLANE('',#2831);
#2831 = AXIS2_PLACEMENT_3D('',#2832,#2833,#2834);
#2832 = CARTESIAN_POINT('',(-101.6,6.4262E+03,2.48285E+03));
#2833 = DIRECTION('',(0.,1.,0.));
#2834 = DIRECTION('',(0.,0.,1.));
#2835 = ADVANCED_FACE('',(#2836),#2842,.F.);
#2836 = FACE_BOUND('',#2837,.F.);
#2837 = EDGE_LOOP('',(#2838,#2839,#2840,#2841));
#2838 = ORIENTED_EDGE('',*,*,#2725,.F.);
#2839 = ORIENTED_EDGE('',*,*,#2795,.T.);
#2840 = ORIENTED_EDGE('',*,*,#2765,.T.);
#2841 = ORIENTED_EDGE('',*,*,#2817,.F.);
#2842 = PLANE('',#2843);
#2843 = AXIS2_PLACEMENT_3D('',#2844,#2845,#2846);
#2844 = CARTESIAN_POINT('',(-101.6,6.3373E+03,2.48285E+03));
#2845 = DIRECTION('',(0.,0.,1.));
#2846 = DIRECTION('',(1.,0.,0.));
#2847 = ADVANCED_FACE('',(#2848),#2854,.T.);
#2848 = FACE_BOUND('',#2849,.T.);
#2849 = EDGE_LOOP('',(#2850,#2851,#2852,#2853));
#2850 = ORIENTED_EDGE('',*,*,#2741,.F.);
#2851 = ORIENTED_EDGE('',*,*,#2802,.T.);
#2852 = ORIENTED_EDGE('',*,*,#2781,.T.);
#2853 = ORIENTED_EDGE('',*,*,#2824,.F.);
#2854 = PLANE('',#2855);
#2855 = AXIS2_PLACEMENT_3D('',#2856,#2857,#2858);
#2856 = CARTESIAN_POINT('',(-101.6,6.3373E+03,2.5019E+03));
#2857 = DIRECTION('',(0.,0.,1.));
#2858 = DIRECTION('',(1.,0.,0.));
#2859 = MANIFOLD_SOLID_BREP('',#2860);
#2860 = CLOSED_SHELL('',(#2861,#2901,#2941,#2963,#2985,#2997));
#2861 = ADVANCED_FACE('',(#2862),#2896,.F.);
#2862 = FACE_BOUND('',#2863,.F.);
#2863 = EDGE_LOOP('',(#2864,#2874,#2882,#2890));
#2864 = ORIENTED_EDGE('',*,*,#2865,.F.);
#2865 = EDGE_CURVE('',#2866,#2868,#2870,.T.);
#2866 = VERTEX_POINT('',#2867);
#2867 = CARTESIAN_POINT('',(-101.6,-12.7,2.48285E+03));
#2868 = VERTEX_POINT('',#2869);
#2869 = CARTESIAN_POINT('',(-101.6,-12.7,2.5019E+03));
#2870 = LINE('',#2871,#2872);
#2871 = CARTESIAN_POINT('',(-101.6,-12.7,2.48285E+03));
#2872 = VECTOR('',#2873,1.);
#2873 = DIRECTION('',(0.,0.,1.));
#2874 = ORIENTED_EDGE('',*,*,#2875,.T.);
#2875 = EDGE_CURVE('',#2866,#2876,#2878,.T.);
#2876 = VERTEX_POINT('',#2877);
#2877 = CARTESIAN_POINT('',(-101.6,6.3373E+03,2.48285E+03));
#2878 = LINE('',#2879,#2880);
#2879 = CARTESIAN_POINT('',(-101.6,-12.7,2.48285E+03));
#2880 = VECTOR('',#2881,1.);
#2881 = DIRECTION('',(0.,1.,0.));
#2882 = ORIENTED_EDGE('',*,*,#2883,.T.);
#2883 = EDGE_CURVE('',#2876,#2884,#2886,.T.);
#2884 = VERTEX_POINT('',#2885);
#2885 = CARTESIAN_POINT('',(-101.6,6.3373E+03,2.5019E+03));
#2886 = LINE('',#2887,#2888);
#2887 = CARTESIAN_POINT('',(-101.6,6.3373E+03,2.48285E+03));
#2888 = VECTOR('',#2889,1.);
#2889 = DIRECTION('',(0.,0.,1.));
#2890 = ORIENTED_EDGE('',*,*,#2891,.F.);
#2891 = EDGE_CURVE('',#2868,#2884,#2892,.T.);
#2892 = LINE('',#2893,#2894);
#2893 = CARTESIAN_POINT('',(-101.6,-12.7,2.5019E+03));
#2894 = VECTOR('',#2895,1.);
#2895 = DIRECTION('',(0.,1.,0.));
#2896 = PLANE('',#2897);
#2897 = AXIS2_PLACEMENT_3D('',#2898,#2899,#2900);
#2898 = CARTESIAN_POINT('',(-101.6,-12.7,2.48285E+03));
#2899 = DIRECTION('',(1.,0.,0.));
#2900 = DIRECTION('',(0.,0.,1.));
#2901 = ADVANCED_FACE('',(#2902),#2936,.T.);
#2902 = FACE_BOUND('',#2903,.T.);
#2903 = EDGE_LOOP('',(#2904,#2914,#2922,#2930));
#2904 = ORIENTED_EDGE('',*,*,#2905,.F.);
#2905 = EDGE_CURVE('',#2906,#2908,#2910,.T.);
#2906 = VERTEX_POINT('',#2907);
#2907 = CARTESIAN_POINT('',(-12.7,-12.7,2.48285E+03));
#2908 = VERTEX_POINT('',#2909);
#2909 = CARTESIAN_POINT('',(-12.7,-12.7,2.5019E+03));
#2910 = LINE('',#2911,#2912);
#2911 = CARTESIAN_POINT('',(-12.7,-12.7,2.48285E+03));
#2912 = VECTOR('',#2913,1.);
#2913 = DIRECTION('',(0.,0.,1.));
#2914 = ORIENTED_EDGE('',*,*,#2915,.T.);
#2915 = EDGE_CURVE('',#2906,#2916,#2918,.T.);
#2916 = VERTEX_POINT('',#2917);
#2917 = CARTESIAN_POINT('',(-12.7,6.3373E+03,2.48285E+03));
#2918 = LINE('',#2919,#2920);
#2919 = CARTESIAN_POINT('',(-12.7,-12.7,2.48285E+03));
#2920 = VECTOR('',#2921,1.);
#2921 = DIRECTION('',(0.,1.,0.));
#2922 = ORIENTED_EDGE('',*,*,#2923,.T.);
#2923 = EDGE_CURVE('',#2916,#2924,#2926,.T.);
#2924 = VERTEX_POINT('',#2925);
#2925 = CARTESIAN_POINT('',(-12.7,6.3373E+03,2.5019E+03));
#2926 = LINE('',#2927,#2928);
#2927 = CARTESIAN_POINT('',(-12.7,6.3373E+03,2.48285E+03));
#2928 = VECTOR('',#2929,1.);
#2929 = DIRECTION('',(0.,0.,1.));
#2930 = ORIENTED_EDGE('',*,*,#2931,.F.);
#2931 = EDGE_CURVE('',#2908,#2924,#2932,.T.);
#2932 = LINE('',#2933,#2934);
#2933 = CARTESIAN_POINT('',(-12.7,-12.7,2.5019E+03));
#2934 = VECTOR('',#2935,1.);
#2935 = DIRECTION('',(0.,1.,0.));
#2936 = PLANE('',#2937);
#2937 = AXIS2_PLACEMENT_3D('',#2938,#2939,#2940);
#2938 = CARTESIAN_POINT('',(-12.7,-12.7,2.48285E+03));
#2939 = DIRECTION('',(1.,0.,0.));
#2940 = DIRECTION('',(0.,0.,1.));
#2941 = ADVANCED_FACE('',(#2942),#2958,.F.);
#2942 = FACE_BOUND('',#2943,.F.);
#2943 = EDGE_LOOP('',(#2944,#2950,#2951,#2957));
#2944 = ORIENTED_EDGE('',*,*,#2945,.F.);
#2945 = EDGE_CURVE('',#2866,#2906,#2946,.T.);
#2946 = LINE('',#2947,#2948);
#2947 = CARTESIAN_POINT('',(-101.6,-12.7,2.48285E+03));
#2948 = VECTOR('',#2949,1.);
#2949 = DIRECTION('',(1.,0.,0.));
#2950 = ORIENTED_EDGE('',*,*,#2865,.T.);
#2951 = ORIENTED_EDGE('',*,*,#2952,.T.);
#2952 = EDGE_CURVE('',#2868,#2908,#2953,.T.);
#2953 = LINE('',#2954,#2955);
#2954 = CARTESIAN_POINT('',(-101.6,-12.7,2.5019E+03));
#2955 = VECTOR('',#2956,1.);
#2956 = DIRECTION('',(1.,0.,0.));
#2957 = ORIENTED_EDGE('',*,*,#2905,.F.);
#2958 = PLANE('',#2959);
#2959 = AXIS2_PLACEMENT_3D('',#2960,#2961,#2962);
#2960 = CARTESIAN_POINT('',(-101.6,-12.7,2.48285E+03));
#2961 = DIRECTION('',(0.,1.,0.));
#2962 = DIRECTION('',(0.,0.,1.));
#2963 = ADVANCED_FACE('',(#2964),#2980,.T.);
#2964 = FACE_BOUND('',#2965,.T.);
#2965 = EDGE_LOOP('',(#2966,#2972,#2973,#2979));
#2966 = ORIENTED_EDGE('',*,*,#2967,.F.);
#2967 = EDGE_CURVE('',#2876,#2916,#2968,.T.);
#2968 = LINE('',#2969,#2970);
#2969 = CARTESIAN_POINT('',(-101.6,6.3373E+03,2.48285E+03));
#2970 = VECTOR('',#2971,1.);
#2971 = DIRECTION('',(1.,0.,0.));
#2972 = ORIENTED_EDGE('',*,*,#2883,.T.);
#2973 = ORIENTED_EDGE('',*,*,#2974,.T.);
#2974 = EDGE_CURVE('',#2884,#2924,#2975,.T.);
#2975 = LINE('',#2976,#2977);
#2976 = CARTESIAN_POINT('',(-101.6,6.3373E+03,2.5019E+03));
#2977 = VECTOR('',#2978,1.);
#2978 = DIRECTION('',(1.,0.,0.));
#2979 = ORIENTED_EDGE('',*,*,#2923,.F.);
#2980 = PLANE('',#2981);
#2981 = AXIS2_PLACEMENT_3D('',#2982,#2983,#2984);
#2982 = CARTESIAN_POINT('',(-101.6,6.3373E+03,2.48285E+03));
#2983 = DIRECTION('',(0.,1.,0.));
#2984 = DIRECTION('',(0.,0.,1.));
#2985 = ADVANCED_FACE('',(#2986),#2992,.F.);
#2986 = FACE_BOUND('',#2987,.F.);
#2987 = EDGE_LOOP('',(#2988,#2989,#2990,#2991));
#2988 = ORIENTED_EDGE('',*,*,#2875,.F.);
#2989 = ORIENTED_EDGE('',*,*,#2945,.T.);
#2990 = ORIENTED_EDGE('',*,*,#2915,.T.);
#2991 = ORIENTED_EDGE('',*,*,#2967,.F.);
#2992 = PLANE('',#2993);
#2993 = AXIS2_PLACEMENT_3D('',#2994,#2995,#2996);
#2994 = CARTESIAN_POINT('',(-101.6,-12.7,2.48285E+03));
#2995 = DIRECTION('',(0.,0.,1.));
#2996 = DIRECTION('',(1.,0.,0.));
#2997 = ADVANCED_FACE('',(#2998),#3004,.T.);
#2998 = FACE_BOUND('',#2999,.T.);
#2999 = EDGE_LOOP('',(#3000,#3001,#3002,#3003));
#3000 = ORIENTED_EDGE('',*,*,#2891,.F.);
#3001 = ORIENTED_EDGE('',*,*,#2952,.T.);
#3002 = ORIENTED_EDGE('',*,*,#2931,.T.);
#3003 = ORIENTED_EDGE('',*,*,#2974,.F.);
#3004 = PLANE('',#3005);
#3005 = AXIS2_PLACEMENT_3D('',#3006,#3007,#3008);
#3006 = CARTESIAN_POINT('',(-101.6,-12.7,2.5019E+03));
#3007 = DIRECTION('',(0.,0.,1.));
#3008 = DIRECTION('',(1.,0.,0.));
#3009 = MANIFOLD_SOLID_BREP('',#3010);
#3010 = CLOSED_SHELL('',(#3011,#3051,#3091,#3113,#3135,#3147));
#3011 = ADVANCED_FACE('',(#3012),#3046,.F.);
#3012 = FACE_BOUND('',#3013,.F.);
#3013 = EDGE_LOOP('',(#3014,#3024,#3032,#3040));
#3014 = ORIENTED_EDGE('',*,*,#3015,.F.);
#3015 = EDGE_CURVE('',#3016,#3018,#3020,.T.);
#3016 = VERTEX_POINT('',#3017);
#3017 = CARTESIAN_POINT('',(6.35E+03,-12.7,2.48285E+03));
#3018 = VERTEX_POINT('',#3019);
#3019 = CARTESIAN_POINT('',(6.35E+03,-12.7,2.5019E+03));
#3020 = LINE('',#3021,#3022);
#3021 = CARTESIAN_POINT('',(6.35E+03,-12.7,2.48285E+03));
#3022 = VECTOR('',#3023,1.);
#3023 = DIRECTION('',(0.,0.,1.));
#3024 = ORIENTED_EDGE('',*,*,#3025,.T.);
#3025 = EDGE_CURVE('',#3016,#3026,#3028,.T.);
#3026 = VERTEX_POINT('',#3027);
#3027 = CARTESIAN_POINT('',(6.35E+03,6.3373E+03,2.48285E+03));
#3028 = LINE('',#3029,#3030);
#3029 = CARTESIAN_POINT('',(6.35E+03,-12.7,2.48285E+03));
#3030 = VECTOR('',#3031,1.);
#3031 = DIRECTION('',(0.,1.,0.));
#3032 = ORIENTED_EDGE('',*,*,#3033,.T.);
#3033 = EDGE_CURVE('',#3026,#3034,#3036,.T.);
#3034 = VERTEX_POINT('',#3035);
#3035 = CARTESIAN_POINT('',(6.35E+03,6.3373E+03,2.5019E+03));
#3036 = LINE('',#3037,#3038);
#3037 = CARTESIAN_POINT('',(6.35E+03,6.3373E+03,2.48285E+03));
#3038 = VECTOR('',#3039,1.);
#3039 = DIRECTION('',(0.,0.,1.));
#3040 = ORIENTED_EDGE('',*,*,#3041,.F.);
#3041 = EDGE_CURVE('',#3018,#3034,#3042,.T.);
#3042 = LINE('',#3043,#3044);
#3043 = CARTESIAN_POINT('',(6.35E+03,-12.7,2.5019E+03));
#3044 = VECTOR('',#3045,1.);
#3045 = DIRECTION('',(0.,1.,0.));
#3046 = PLANE('',#3047);
#3047 = AXIS2_PLACEMENT_3D('',#3048,#3049,#3050);
#3048 = CARTESIAN_POINT('',(6.35E+03,-12.7,2.48285E+03));
#3049 = DIRECTION('',(1.,0.,0.));
#3050 = DIRECTION('',(0.,0.,1.));
#3051 = ADVANCED_FACE('',(#3052),#3086,.T.);
#3052 = FACE_BOUND('',#3053,.T.);
#3053 = EDGE_LOOP('',(#3054,#3064,#3072,#3080));
#3054 = ORIENTED_EDGE('',*,*,#3055,.F.);
#3055 = EDGE_CURVE('',#3056,#3058,#3060,.T.);
#3056 = VERTEX_POINT('',#3057);
#3057 = CARTESIAN_POINT('',(6.4389E+03,-12.7,2.48285E+03));
#3058 = VERTEX_POINT('',#3059);
#3059 = CARTESIAN_POINT('',(6.4389E+03,-12.7,2.5019E+03));
#3060 = LINE('',#3061,#3062);
#3061 = CARTESIAN_POINT('',(6.4389E+03,-12.7,2.48285E+03));
#3062 = VECTOR('',#3063,1.);
#3063 = DIRECTION('',(0.,0.,1.));
#3064 = ORIENTED_EDGE('',*,*,#3065,.T.);
#3065 = EDGE_CURVE('',#3056,#3066,#3068,.T.);
#3066 = VERTEX_POINT('',#3067);
#3067 = CARTESIAN_POINT('',(6.4389E+03,6.3373E+03,2.48285E+03));
#3068 = LINE('',#3069,#3070);
#3069 = CARTESIAN_POINT('',(6.4389E+03,-12.7,2.48285E+03));
#3070 = VECTOR('',#3071,1.);
#3071 = DIRECTION('',(0.,1.,0.));
#3072 = ORIENTED_EDGE('',*,*,#3073,.T.);
#3073 = EDGE_CURVE('',#3066,#3074,#3076,.T.);
#3074 = VERTEX_POINT('',#3075);
#3075 = CARTESIAN_POINT('',(6.4389E+03,6.3373E+03,2.5019E+03));
#3076 = LINE('',#3077,#3078);
#3077 = CARTESIAN_POINT('',(6.4389E+03,6.3373E+03,2.48285E+03));
#3078 = VECTOR('',#3079,1.);
#3079 = DIRECTION('',(0.,0.,1.));
#3080 = ORIENTED_EDGE('',*,*,#3081,.F.);
#3081 = EDGE_CURVE('',#3058,#3074,#3082,.T.);
#3082 = LINE('',#3083,#3084);
#3083 = CARTESIAN_POINT('',(6.4389E+03,-12.7,2.5019E+03));
#3084 = VECTOR('',#3085,1.);
#3085 = DIRECTION('',(0.,1.,0.));
#3086 = PLANE('',#3087);
#3087 = AXIS2_PLACEMENT_3D('',#3088,#3089,#3090);
#3088 = CARTESIAN_POINT('',(6.4389E+03,-12.7,2.48285E+03));
#3089 = DIRECTION('',(1.,0.,0.));
#3090 = DIRECTION('',(0.,0.,1.));
#3091 = ADVANCED_FACE('',(#3092),#3108,.F.);
#3092 = FACE_BOUND('',#3093,.F.);
#3093 = EDGE_LOOP('',(#3094,#3100,#3101,#3107));
#3094 = ORIENTED_EDGE('',*,*,#3095,.F.);
#3095 = EDGE_CURVE('',#3016,#3056,#3096,.T.);
#3096 = LINE('',#3097,#3098);
#3097 = CARTESIAN_POINT('',(6.35E+03,-12.7,2.48285E+03));
#3098 = VECTOR('',#3099,1.);
#3099 = DIRECTION('',(1.,0.,0.));
#3100 = ORIENTED_EDGE('',*,*,#3015,.T.);
#3101 = ORIENTED_EDGE('',*,*,#3102,.T.);
#3102 = EDGE_CURVE('',#3018,#3058,#3103,.T.);
#3103 = LINE('',#3104,#3105);
#3104 = CARTESIAN_POINT('',(6.35E+03,-12.7,2.5019E+03));
#3105 = VECTOR('',#3106,1.);
#3106 = DIRECTION('',(1.,0.,0.));
#3107 = ORIENTED_EDGE('',*,*,#3055,.F.);
#3108 = PLANE('',#3109);
#3109 = AXIS2_PLACEMENT_3D('',#3110,#3111,#3112);
#3110 = CARTESIAN_POINT('',(6.35E+03,-12.7,2.48285E+03));
#3111 = DIRECTION('',(0.,1.,0.));
#3112 = DIRECTION('',(0.,0.,1.));
#3113 = ADVANCED_FACE('',(#3114),#3130,.T.);
#3114 = FACE_BOUND('',#3115,.T.);
#3115 = EDGE_LOOP('',(#3116,#3122,#3123,#3129));
#3116 = ORIENTED_EDGE('',*,*,#3117,.F.);
#3117 = EDGE_CURVE('',#3026,#3066,#3118,.T.);
#3118 = LINE('',#3119,#3120);
#3119 = CARTESIAN_POINT('',(6.35E+03,6.3373E+03,2.48285E+03));
#3120 = VECTOR('',#3121,1.);
#3121 = DIRECTION('',(1.,0.,0.));
#3122 = ORIENTED_EDGE('',*,*,#3033,.T.);
#3123 = ORIENTED_EDGE('',*,*,#3124,.T.);
#3124 = EDGE_CURVE('',#3034,#3074,#3125,.T.);
#3125 = LINE('',#3126,#3127);
#3126 = CARTESIAN_POINT('',(6.35E+03,6.3373E+03,2.5019E+03));
#3127 = VECTOR('',#3128,1.);
#3128 = DIRECTION('',(1.,0.,0.));
#3129 = ORIENTED_EDGE('',*,*,#3073,.F.);
#3130 = PLANE('',#3131);
#3131 = AXIS2_PLACEMENT_3D('',#3132,#3133,#3134);
#3132 = CARTESIAN_POINT('',(6.35E+03,6.3373E+03,2.48285E+03));
#3133 = DIRECTION('',(0.,1.,0.));
#3134 = DIRECTION('',(0.,0.,1.));
#3135 = ADVANCED_FACE('',(#3136),#3142,.F.);
#3136 = FACE_BOUND('',#3137,.F.);
#3137 = EDGE_LOOP('',(#3138,#3139,#3140,#3141));
#3138 = ORIENTED_EDGE('',*,*,#3025,.F.);
#3139 = ORIENTED_EDGE('',*,*,#3095,.T.);
#3140 = ORIENTED_EDGE('',*,*,#3065,.T.);
#3141 = ORIENTED_EDGE('',*,*,#3117,.F.);
#3142 = PLANE('',#3143);
#3143 = AXIS2_PLACEMENT_3D('',#3144,#3145,#3146);
#3144 = CARTESIAN_POINT('',(6.35E+03,-12.7,2.48285E+03));
#3145 = DIRECTION('',(0.,0.,1.));
#3146 = DIRECTION('',(1.,0.,0.));
#3147 = ADVANCED_FACE('',(#3148),#3154,.T.);
#3148 = FACE_BOUND('',#3149,.T.);
#3149 = EDGE_LOOP('',(#3150,#3151,#3152,#3153));
#3150 = ORIENTED_EDGE('',*,*,#3041,.F.);
#3151 = ORIENTED_EDGE('',*,*,#3102,.T.);
#3152 = ORIENTED_EDGE('',*,*,#3081,.T.);
#3153 = ORIENTED_EDGE('',*,*,#3124,.F.);
#3154 = PLANE('',#3155);
#3155 = AXIS2_PLACEMENT_3D('',#3156,#3157,#3158);
#3156 = CARTESIAN_POINT('',(6.35E+03,-12.7,2.5019E+03));
#3157 = DIRECTION('',(0.,0.,1.));
#3158 = DIRECTION('',(1.,0.,0.));
#3159 = MANIFOLD_SOLID_BREP('',#3160);
#3160 = CLOSED_SHELL('',(#3161,#3201,#3241,#3263,#3285,#3297));
#3161 = ADVANCED_FACE('',(#3162),#3196,.F.);
#3162 = FACE_BOUND('',#3163,.F.);
#3163 = EDGE_LOOP('',(#3164,#3174,#3182,#3190));
#3164 = ORIENTED_EDGE('',*,*,#3165,.F.);
#3165 = EDGE_CURVE('',#3166,#3168,#3170,.T.);
#3166 = VERTEX_POINT('',#3167);
#3167 = CARTESIAN_POINT('',(-120.65,-120.65,2.48285E+03));
#3168 = VERTEX_POINT('',#3169);
#3169 = CARTESIAN_POINT('',(-120.65,-120.65,2.57175E+03));
#3170 = LINE('',#3171,#3172);
#3171 = CARTESIAN_POINT('',(-120.65,-120.65,2.48285E+03));
#3172 = VECTOR('',#3173,1.);
#3173 = DIRECTION('',(0.,0.,1.));
#3174 = ORIENTED_EDGE('',*,*,#3175,.T.);
#3175 = EDGE_CURVE('',#3166,#3176,#3178,.T.);
#3176 = VERTEX_POINT('',#3177);
#3177 = CARTESIAN_POINT('',(-120.65,-101.6,2.48285E+03));
#3178 = LINE('',#3179,#3180);
#3179 = CARTESIAN_POINT('',(-120.65,-120.65,2.48285E+03));
#3180 = VECTOR('',#3181,1.);
#3181 = DIRECTION('',(0.,1.,0.));
#3182 = ORIENTED_EDGE('',*,*,#3183,.T.);
#3183 = EDGE_CURVE('',#3176,#3184,#3186,.T.);
#3184 = VERTEX_POINT('',#3185);
#3185 = CARTESIAN_POINT('',(-120.65,-101.6,2.57175E+03));
#3186 = LINE('',#3187,#3188);
#3187 = CARTESIAN_POINT('',(-120.65,-101.6,2.48285E+03));
#3188 = VECTOR('',#3189,1.);
#3189 = DIRECTION('',(0.,0.,1.));
#3190 = ORIENTED_EDGE('',*,*,#3191,.F.);
#3191 = EDGE_CURVE('',#3168,#3184,#3192,.T.);
#3192 = LINE('',#3193,#3194);
#3193 = CARTESIAN_POINT('',(-120.65,-120.65,2.57175E+03));
#3194 = VECTOR('',#3195,1.);
#3195 = DIRECTION('',(0.,1.,0.));
#3196 = PLANE('',#3197);
#3197 = AXIS2_PLACEMENT_3D('',#3198,#3199,#3200);
#3198 = CARTESIAN_POINT('',(-120.65,-120.65,2.48285E+03));
#3199 = DIRECTION('',(1.,0.,0.));
#3200 = DIRECTION('',(0.,0.,1.));
#3201 = ADVANCED_FACE('',(#3202),#3236,.T.);
#3202 = FACE_BOUND('',#3203,.T.);
#3203 = EDGE_LOOP('',(#3204,#3214,#3222,#3230));
#3204 = ORIENTED_EDGE('',*,*,#3205,.F.);
#3205 = EDGE_CURVE('',#3206,#3208,#3210,.T.);
#3206 = VERTEX_POINT('',#3207);
#3207 = CARTESIAN_POINT('',(6.45795E+03,-120.65,2.48285E+03));
#3208 = VERTEX_POINT('',#3209);
#3209 = CARTESIAN_POINT('',(6.45795E+03,-120.65,2.57175E+03));
#3210 = LINE('',#3211,#3212);
#3211 = CARTESIAN_POINT('',(6.45795E+03,-120.65,2.48285E+03));
#3212 = VECTOR('',#3213,1.);
#3213 = DIRECTION('',(0.,0.,1.));
#3214 = ORIENTED_EDGE('',*,*,#3215,.T.);
#3215 = EDGE_CURVE('',#3206,#3216,#3218,.T.);
#3216 = VERTEX_POINT('',#3217);
#3217 = CARTESIAN_POINT('',(6.45795E+03,-101.6,2.48285E+03));
#3218 = LINE('',#3219,#3220);
#3219 = CARTESIAN_POINT('',(6.45795E+03,-120.65,2.48285E+03));
#3220 = VECTOR('',#3221,1.);
#3221 = DIRECTION('',(0.,1.,0.));
#3222 = ORIENTED_EDGE('',*,*,#3223,.T.);
#3223 = EDGE_CURVE('',#3216,#3224,#3226,.T.);
#3224 = VERTEX_POINT('',#3225);
#3225 = CARTESIAN_POINT('',(6.45795E+03,-101.6,2.57175E+03));
#3226 = LINE('',#3227,#3228);
#3227 = CARTESIAN_POINT('',(6.45795E+03,-101.6,2.48285E+03));
#3228 = VECTOR('',#3229,1.);
#3229 = DIRECTION('',(0.,0.,1.));
#3230 = ORIENTED_EDGE('',*,*,#3231,.F.);
#3231 = EDGE_CURVE('',#3208,#3224,#3232,.T.);
#3232 = LINE('',#3233,#3234);
#3233 = CARTESIAN_POINT('',(6.45795E+03,-120.65,2.57175E+03));
#3234 = VECTOR('',#3235,1.);
#3235 = DIRECTION('',(0.,1.,0.));
#3236 = PLANE('',#3237);
#3237 = AXIS2_PLACEMENT_3D('',#3238,#3239,#3240);
#3238 = CARTESIAN_POINT('',(6.45795E+03,-120.65,2.48285E+03));
#3239 = DIRECTION('',(1.,0.,0.));
#3240 = DIRECTION('',(0.,0.,1.));
#3241 = ADVANCED_FACE('',(#3242),#3258,.F.);
#3242 = FACE_BOUND('',#3243,.F.);
#3243 = EDGE_LOOP('',(#3244,#3250,#3251,#3257));
#3244 = ORIENTED_EDGE('',*,*,#3245,.F.);
#3245 = EDGE_CURVE('',#3166,#3206,#3246,.T.);
#3246 = LINE('',#3247,#3248);
#3247 = CARTESIAN_POINT('',(-120.65,-120.65,2.48285E+03));
#3248 = VECTOR('',#3249,1.);
#3249 = DIRECTION('',(1.,0.,0.));
#3250 = ORIENTED_EDGE('',*,*,#3165,.T.);
#3251 = ORIENTED_EDGE('',*,*,#3252,.T.);
#3252 = EDGE_CURVE('',#3168,#3208,#3253,.T.);
#3253 = LINE('',#3254,#3255);
#3254 = CARTESIAN_POINT('',(-120.65,-120.65,2.57175E+03));
#3255 = VECTOR('',#3256,1.);
#3256 = DIRECTION('',(1.,0.,0.));
#3257 = ORIENTED_EDGE('',*,*,#3205,.F.);
#3258 = PLANE('',#3259);
#3259 = AXIS2_PLACEMENT_3D('',#3260,#3261,#3262);
#3260 = CARTESIAN_POINT('',(-120.65,-120.65,2.48285E+03));
#3261 = DIRECTION('',(0.,1.,0.));
#3262 = DIRECTION('',(0.,0.,1.));
#3263 = ADVANCED_FACE('',(#3264),#3280,.T.);
#3264 = FACE_BOUND('',#3265,.T.);
#3265 = EDGE_LOOP('',(#3266,#3272,#3273,#3279));
#3266 = ORIENTED_EDGE('',*,*,#3267,.F.);
#3267 = EDGE_CURVE('',#3176,#3216,#3268,.T.);
#3268 = LINE('',#3269,#3270);
#3269 = CARTESIAN_POINT('',(-120.65,-101.6,2.48285E+03));
#3270 = VECTOR('',#3271,1.);
#3271 = DIRECTION('',(1.,0.,0.));
#3272 = ORIENTED_EDGE('',*,*,#3183,.T.);
#3273 = ORIENTED_EDGE('',*,*,#3274,.T.);
#3274 = EDGE_CURVE('',#3184,#3224,#3275,.T.);
#3275 = LINE('',#3276,#3277);
#3276 = CARTESIAN_POINT('',(-120.65,-101.6,2.57175E+03));
#3277 = VECTOR('',#3278,1.);
#3278 = DIRECTION('',(1.,0.,0.));
#3279 = ORIENTED_EDGE('',*,*,#3223,.F.);
#3280 = PLANE('',#3281);
#3281 = AXIS2_PLACEMENT_3D('',#3282,#3283,#3284);
#3282 = CARTESIAN_POINT('',(-120.65,-101.6,2.48285E+03));
#3283 = DIRECTION('',(0.,1.,0.));
#3284 = DIRECTION('',(0.,0.,1.));
#3285 = ADVANCED_FACE('',(#3286),#3292,.F.);
#3286 = FACE_BOUND('',#3287,.F.);
#3287 = EDGE_LOOP('',(#3288,#3289,#3290,#3291));
#3288 = ORIENTED_EDGE('',*,*,#3175,.F.);
#3289 = ORIENTED_EDGE('',*,*,#3245,.T.);
#3290 = ORIENTED_EDGE('',*,*,#3215,.T.);
#3291 = ORIENTED_EDGE('',*,*,#3267,.F.);
#3292 = PLANE('',#3293);
#3293 = AXIS2_PLACEMENT_3D('',#3294,#3295,#3296);
#3294 = CARTESIAN_POINT('',(-120.65,-120.65,2.48285E+03));
#3295 = DIRECTION('',(0.,0.,1.));
#3296 = DIRECTION('',(1.,0.,0.));
#3297 = ADVANCED_FACE('',(#3298),#3304,.T.);
#3298 = FACE_BOUND('',#3299,.T.);
#3299 = EDGE_LOOP('',(#3300,#3301,#3302,#3303));
#3300 = ORIENTED_EDGE('',*,*,#3191,.F.);
#3301 = ORIENTED_EDGE('',*,*,#3252,.T.);
#3302 = ORIENTED_EDGE('',*,*,#3231,.T.);
#3303 = ORIENTED_EDGE('',*,*,#3274,.F.);
#3304 = PLANE('',#3305);
#3305 = AXIS2_PLACEMENT_3D('',#3306,#3307,#3308);
#3306 = CARTESIAN_POINT('',(-120.65,-120.65,2.57175E+03));
#3307 = DIRECTION('',(0.,0.,1.));
#3308 = DIRECTION('',(1.,0.,0.));
#3309 = MANIFOLD_SOLID_BREP('',#3310);
#3310 = CLOSED_SHELL('',(#3311,#3351,#3391,#3413,#3435,#3447));
#3311 = ADVANCED_FACE('',(#3312),#3346,.F.);
#3312 = FACE_BOUND('',#3313,.F.);
#3313 = EDGE_LOOP('',(#3314,#3324,#3332,#3340));
#3314 = ORIENTED_EDGE('',*,*,#3315,.F.);
#3315 = EDGE_CURVE('',#3316,#3318,#3320,.T.);
#3316 = VERTEX_POINT('',#3317);
#3317 = CARTESIAN_POINT('',(-120.65,6.4262E+03,2.48285E+03));
#3318 = VERTEX_POINT('',#3319);
#3319 = CARTESIAN_POINT('',(-120.65,6.4262E+03,2.57175E+03));
#3320 = LINE('',#3321,#3322);
#3321 = CARTESIAN_POINT('',(-120.65,6.4262E+03,2.48285E+03));
#3322 = VECTOR('',#3323,1.);
#3323 = DIRECTION('',(0.,0.,1.));
#3324 = ORIENTED_EDGE('',*,*,#3325,.T.);
#3325 = EDGE_CURVE('',#3316,#3326,#3328,.T.);
#3326 = VERTEX_POINT('',#3327);
#3327 = CARTESIAN_POINT('',(-120.65,6.44525E+03,2.48285E+03));
#3328 = LINE('',#3329,#3330);
#3329 = CARTESIAN_POINT('',(-120.65,6.4262E+03,2.48285E+03));
#3330 = VECTOR('',#3331,1.);
#3331 = DIRECTION('',(0.,1.,0.));
#3332 = ORIENTED_EDGE('',*,*,#3333,.T.);
#3333 = EDGE_CURVE('',#3326,#3334,#3336,.T.);
#3334 = VERTEX_POINT('',#3335);
#3335 = CARTESIAN_POINT('',(-120.65,6.44525E+03,2.57175E+03));
#3336 = LINE('',#3337,#3338);
#3337 = CARTESIAN_POINT('',(-120.65,6.44525E+03,2.48285E+03));
#3338 = VECTOR('',#3339,1.);
#3339 = DIRECTION('',(0.,0.,1.));
#3340 = ORIENTED_EDGE('',*,*,#3341,.F.);
#3341 = EDGE_CURVE('',#3318,#3334,#3342,.T.);
#3342 = LINE('',#3343,#3344);
#3343 = CARTESIAN_POINT('',(-120.65,6.4262E+03,2.57175E+03));
#3344 = VECTOR('',#3345,1.);
#3345 = DIRECTION('',(0.,1.,0.));
#3346 = PLANE('',#3347);
#3347 = AXIS2_PLACEMENT_3D('',#3348,#3349,#3350);
#3348 = CARTESIAN_POINT('',(-120.65,6.4262E+03,2.48285E+03));
#3349 = DIRECTION('',(1.,0.,0.));
#3350 = DIRECTION('',(0.,0.,1.));
#3351 = ADVANCED_FACE('',(#3352),#3386,.T.);
#3352 = FACE_BOUND('',#3353,.T.);
#3353 = EDGE_LOOP('',(#3354,#3364,#3372,#3380));
#3354 = ORIENTED_EDGE('',*,*,#3355,.F.);
#3355 = EDGE_CURVE('',#3356,#3358,#3360,.T.);
#3356 = VERTEX_POINT('',#3357);
#3357 = CARTESIAN_POINT('',(6.45795E+03,6.4262E+03,2.48285E+03));
#3358 = VERTEX_POINT('',#3359);
#3359 = CARTESIAN_POINT('',(6.45795E+03,6.4262E+03,2.57175E+03));
#3360 = LINE('',#3361,#3362);
#3361 = CARTESIAN_POINT('',(6.45795E+03,6.4262E+03,2.48285E+03));
#3362 = VECTOR('',#3363,1.);
#3363 = DIRECTION('',(0.,0.,1.));
#3364 = ORIENTED_EDGE('',*,*,#3365,.T.);
#3365 = EDGE_CURVE('',#3356,#3366,#3368,.T.);
#3366 = VERTEX_POINT('',#3367);
#3367 = CARTESIAN_POINT('',(6.45795E+03,6.44525E+03,2.48285E+03));
#3368 = LINE('',#3369,#3370);
#3369 = CARTESIAN_POINT('',(6.45795E+03,6.4262E+03,2.48285E+03));
#3370 = VECTOR('',#3371,1.);
#3371 = DIRECTION('',(0.,1.,0.));
#3372 = ORIENTED_EDGE('',*,*,#3373,.T.);
#3373 = EDGE_CURVE('',#3366,#3374,#3376,.T.);
#3374 = VERTEX_POINT('',#3375);
#3375 = CARTESIAN_POINT('',(6.45795E+03,6.44525E+03,2.57175E+03));
#3376 = LINE('',#3377,#3378);
#3377 = CARTESIAN_POINT('',(6.45795E+03,6.44525E+03,2.48285E+03));
#3378 = VECTOR('',#3379,1.);
#3379 = DIRECTION('',(0.,0.,1.));
#3380 = ORIENTED_EDGE('',*,*,#3381,.F.);
#3381 = EDGE_CURVE('',#3358,#3374,#3382,.T.);
#3382 = LINE('',#3383,#3384);
#3383 = CARTESIAN_POINT('',(6.45795E+03,6.4262E+03,2.57175E+03));
#3384 = VECTOR('',#3385,1.);
#3385 = DIRECTION('',(0.,1.,0.));
#3386 = PLANE('',#3387);
#3387 = AXIS2_PLACEMENT_3D('',#3388,#3389,#3390);
#3388 = CARTESIAN_POINT('',(6.45795E+03,6.4262E+03,2.48285E+03));
#3389 = DIRECTION('',(1.,0.,0.));
#3390 = DIRECTION('',(0.,0.,1.));
#3391 = ADVANCED_FACE('',(#3392),#3408,.F.);
#3392 = FACE_BOUND('',#3393,.F.);
#3393 = EDGE_LOOP('',(#3394,#3400,#3401,#3407));
#3394 = ORIENTED_EDGE('',*,*,#3395,.F.);
#3395 = EDGE_CURVE('',#3316,#3356,#3396,.T.);
#3396 = LINE('',#3397,#3398);
#3397 = CARTESIAN_POINT('',(-120.65,6.4262E+03,2.48285E+03));
#3398 = VECTOR('',#3399,1.);
#3399 = DIRECTION('',(1.,0.,0.));
#3400 = ORIENTED_EDGE('',*,*,#3315,.T.);
#3401 = ORIENTED_EDGE('',*,*,#3402,.T.);
#3402 = EDGE_CURVE('',#3318,#3358,#3403,.T.);
#3403 = LINE('',#3404,#3405);
#3404 = CARTESIAN_POINT('',(-120.65,6.4262E+03,2.57175E+03));
#3405 = VECTOR('',#3406,1.);
#3406 = DIRECTION('',(1.,0.,0.));
#3407 = ORIENTED_EDGE('',*,*,#3355,.F.);
#3408 = PLANE('',#3409);
#3409 = AXIS2_PLACEMENT_3D('',#3410,#3411,#3412);
#3410 = CARTESIAN_POINT('',(-120.65,6.4262E+03,2.48285E+03));
#3411 = DIRECTION('',(0.,1.,0.));
#3412 = DIRECTION('',(0.,0.,1.));
#3413 = ADVANCED_FACE('',(#3414),#3430,.T.);
#3414 = FACE_BOUND('',#3415,.T.);
#3415 = EDGE_LOOP('',(#3416,#3422,#3423,#3429));
#3416 = ORIENTED_EDGE('',*,*,#3417,.F.);
#3417 = EDGE_CURVE('',#3326,#3366,#3418,.T.);
#3418 = LINE('',#3419,#3420);
#3419 = CARTESIAN_POINT('',(-120.65,6.44525E+03,2.48285E+03));
#3420 = VECTOR('',#3421,1.);
#3421 = DIRECTION('',(1.,0.,0.));
#3422 = ORIENTED_EDGE('',*,*,#3333,.T.);
#3423 = ORIENTED_EDGE('',*,*,#3424,.T.);
#3424 = EDGE_CURVE('',#3334,#3374,#3425,.T.);
#3425 = LINE('',#3426,#3427);
#3426 = CARTESIAN_POINT('',(-120.65,6.44525E+03,2.57175E+03));
#3427 = VECTOR('',#3428,1.);
#3428 = DIRECTION('',(1.,0.,0.));
#3429 = ORIENTED_EDGE('',*,*,#3373,.F.);
#3430 = PLANE('',#3431);
#3431 = AXIS2_PLACEMENT_3D('',#3432,#3433,#3434);
#3432 = CARTESIAN_POINT('',(-120.65,6.44525E+03,2.48285E+03));
#3433 = DIRECTION('',(0.,1.,0.));
#3434 = DIRECTION('',(0.,0.,1.));
#3435 = ADVANCED_FACE('',(#3436),#3442,.F.);
#3436 = FACE_BOUND('',#3437,.F.);
#3437 = EDGE_LOOP('',(#3438,#3439,#3440,#3441));
#3438 = ORIENTED_EDGE('',*,*,#3325,.F.);
#3439 = ORIENTED_EDGE('',*,*,#3395,.T.);
#3440 = ORIENTED_EDGE('',*,*,#3365,.T.);
#3441 = ORIENTED_EDGE('',*,*,#3417,.F.);
#3442 = PLANE('',#3443);
#3443 = AXIS2_PLACEMENT_3D('',#3444,#3445,#3446);
#3444 = CARTESIAN_POINT('',(-120.65,6.4262E+03,2.48285E+03));
#3445 = DIRECTION('',(0.,0.,1.));
#3446 = DIRECTION('',(1.,0.,0.));
#3447 = ADVANCED_FACE('',(#3448),#3454,.T.);
#3448 = FACE_BOUND('',#3449,.T.);
#3449 = EDGE_LOOP('',(#3450,#3451,#3452,#3453));
#3450 = ORIENTED_EDGE('',*,*,#3341,.F.);
#3451 = ORIENTED_EDGE('',*,*,#3402,.T.);
#3452 = ORIENTED_EDGE('',*,*,#3381,.T.);
#3453 = ORIENTED_EDGE('',*,*,#3424,.F.);
#3454 = PLANE('',#3455);
#3455 = AXIS2_PLACEMENT_3D('',#3456,#3457,#3458);
#3456 = CARTESIAN_POINT('',(-120.65,6.4262E+03,2.57175E+03));
#3457 = DIRECTION('',(0.,0.,1.));
#3458 = DIRECTION('',(1.,0.,0.));
#3459 = MANIFOLD_SOLID_BREP('',#3460);
#3460 = CLOSED_SHELL('',(#3461,#3501,#3541,#3563,#3585,#3597));
#3461 = ADVANCED_FACE('',(#3462),#3496,.F.);
#3462 = FACE_BOUND('',#3463,.F.);
#3463 = EDGE_LOOP('',(#3464,#3474,#3482,#3490));
#3464 = ORIENTED_EDGE('',*,*,#3465,.F.);
#3465 = EDGE_CURVE('',#3466,#3468,#3470,.T.);
#3466 = VERTEX_POINT('',#3467);
#3467 = CARTESIAN_POINT('',(-120.65,-101.6,2.48285E+03));
#3468 = VERTEX_POINT('',#3469);
#3469 = CARTESIAN_POINT('',(-120.65,-101.6,2.57175E+03));
#3470 = LINE('',#3471,#3472);
#3471 = CARTESIAN_POINT('',(-120.65,-101.6,2.48285E+03));
#3472 = VECTOR('',#3473,1.);
#3473 = DIRECTION('',(0.,0.,1.));
#3474 = ORIENTED_EDGE('',*,*,#3475,.T.);
#3475 = EDGE_CURVE('',#3466,#3476,#3478,.T.);
#3476 = VERTEX_POINT('',#3477);
#3477 = CARTESIAN_POINT('',(-120.65,6.4262E+03,2.48285E+03));
#3478 = LINE('',#3479,#3480);
#3479 = CARTESIAN_POINT('',(-120.65,-101.6,2.48285E+03));
#3480 = VECTOR('',#3481,1.);
#3481 = DIRECTION('',(0.,1.,0.));
#3482 = ORIENTED_EDGE('',*,*,#3483,.T.);
#3483 = EDGE_CURVE('',#3476,#3484,#3486,.T.);
#3484 = VERTEX_POINT('',#3485);
#3485 = CARTESIAN_POINT('',(-120.65,6.4262E+03,2.57175E+03));
#3486 = LINE('',#3487,#3488);
#3487 = CARTESIAN_POINT('',(-120.65,6.4262E+03,2.48285E+03));
#3488 = VECTOR('',#3489,1.);
#3489 = DIRECTION('',(0.,0.,1.));
#3490 = ORIENTED_EDGE('',*,*,#3491,.F.);
#3491 = EDGE_CURVE('',#3468,#3484,#3492,.T.);
#3492 = LINE('',#3493,#3494);
#3493 = CARTESIAN_POINT('',(-120.65,-101.6,2.57175E+03));
#3494 = VECTOR('',#3495,1.);
#3495 = DIRECTION('',(0.,1.,0.));
#3496 = PLANE('',#3497);
#3497 = AXIS2_PLACEMENT_3D('',#3498,#3499,#3500);
#3498 = CARTESIAN_POINT('',(-120.65,-101.6,2.48285E+03));
#3499 = DIRECTION('',(1.,0.,0.));
#3500 = DIRECTION('',(0.,0.,1.));
#3501 = ADVANCED_FACE('',(#3502),#3536,.T.);
#3502 = FACE_BOUND('',#3503,.T.);
#3503 = EDGE_LOOP('',(#3504,#3514,#3522,#3530));
#3504 = ORIENTED_EDGE('',*,*,#3505,.F.);
#3505 = EDGE_CURVE('',#3506,#3508,#3510,.T.);
#3506 = VERTEX_POINT('',#3507);
#3507 = CARTESIAN_POINT('',(-101.6,-101.6,2.48285E+03));
#3508 = VERTEX_POINT('',#3509);
#3509 = CARTESIAN_POINT('',(-101.6,-101.6,2.57175E+03));
#3510 = LINE('',#3511,#3512);
#3511 = CARTESIAN_POINT('',(-101.6,-101.6,2.48285E+03));
#3512 = VECTOR('',#3513,1.);
#3513 = DIRECTION('',(0.,0.,1.));
#3514 = ORIENTED_EDGE('',*,*,#3515,.T.);
#3515 = EDGE_CURVE('',#3506,#3516,#3518,.T.);
#3516 = VERTEX_POINT('',#3517);
#3517 = CARTESIAN_POINT('',(-101.6,6.4262E+03,2.48285E+03));
#3518 = LINE('',#3519,#3520);
#3519 = CARTESIAN_POINT('',(-101.6,-101.6,2.48285E+03));
#3520 = VECTOR('',#3521,1.);
#3521 = DIRECTION('',(0.,1.,0.));
#3522 = ORIENTED_EDGE('',*,*,#3523,.T.);
#3523 = EDGE_CURVE('',#3516,#3524,#3526,.T.);
#3524 = VERTEX_POINT('',#3525);
#3525 = CARTESIAN_POINT('',(-101.6,6.4262E+03,2.57175E+03));
#3526 = LINE('',#3527,#3528);
#3527 = CARTESIAN_POINT('',(-101.6,6.4262E+03,2.48285E+03));
#3528 = VECTOR('',#3529,1.);
#3529 = DIRECTION('',(0.,0.,1.));
#3530 = ORIENTED_EDGE('',*,*,#3531,.F.);
#3531 = EDGE_CURVE('',#3508,#3524,#3532,.T.);
#3532 = LINE('',#3533,#3534);
#3533 = CARTESIAN_POINT('',(-101.6,-101.6,2.57175E+03));
#3534 = VECTOR('',#3535,1.);
#3535 = DIRECTION('',(0.,1.,0.));
#3536 = PLANE('',#3537);
#3537 = AXIS2_PLACEMENT_3D('',#3538,#3539,#3540);
#3538 = CARTESIAN_POINT('',(-101.6,-101.6,2.48285E+03));
#3539 = DIRECTION('',(1.,0.,0.));
#3540 = DIRECTION('',(0.,0.,1.));
#3541 = ADVANCED_FACE('',(#3542),#3558,.F.);
#3542 = FACE_BOUND('',#3543,.F.);
#3543 = EDGE_LOOP('',(#3544,#3550,#3551,#3557));
#3544 = ORIENTED_EDGE('',*,*,#3545,.F.);
#3545 = EDGE_CURVE('',#3466,#3506,#3546,.T.);
#3546 = LINE('',#3547,#3548);
#3547 = CARTESIAN_POINT('',(-120.65,-101.6,2.48285E+03));
#3548 = VECTOR('',#3549,1.);
#3549 = DIRECTION('',(1.,0.,0.));
#3550 = ORIENTED_EDGE('',*,*,#3465,.T.);
#3551 = ORIENTED_EDGE('',*,*,#3552,.T.);
#3552 = EDGE_CURVE('',#3468,#3508,#3553,.T.);
#3553 = LINE('',#3554,#3555);
#3554 = CARTESIAN_POINT('',(-120.65,-101.6,2.57175E+03));
#3555 = VECTOR('',#3556,1.);
#3556 = DIRECTION('',(1.,0.,0.));
#3557 = ORIENTED_EDGE('',*,*,#3505,.F.);
#3558 = PLANE('',#3559);
#3559 = AXIS2_PLACEMENT_3D('',#3560,#3561,#3562);
#3560 = CARTESIAN_POINT('',(-120.65,-101.6,2.48285E+03));
#3561 = DIRECTION('',(0.,1.,0.));
#3562 = DIRECTION('',(0.,0.,1.));
#3563 = ADVANCED_FACE('',(#3564),#3580,.T.);
#3564 = FACE_BOUND('',#3565,.T.);
#3565 = EDGE_LOOP('',(#3566,#3572,#3573,#3579));
#3566 = ORIENTED_EDGE('',*,*,#3567,.F.);
#3567 = EDGE_CURVE('',#3476,#3516,#3568,.T.);
#3568 = LINE('',#3569,#3570);
#3569 = CARTESIAN_POINT('',(-120.65,6.4262E+03,2.48285E+03));
#3570 = VECTOR('',#3571,1.);
#3571 = DIRECTION('',(1.,0.,0.));
#3572 = ORIENTED_EDGE('',*,*,#3483,.T.);
#3573 = ORIENTED_EDGE('',*,*,#3574,.T.);
#3574 = EDGE_CURVE('',#3484,#3524,#3575,.T.);
#3575 = LINE('',#3576,#3577);
#3576 = CARTESIAN_POINT('',(-120.65,6.4262E+03,2.57175E+03));
#3577 = VECTOR('',#3578,1.);
#3578 = DIRECTION('',(1.,0.,0.));
#3579 = ORIENTED_EDGE('',*,*,#3523,.F.);
#3580 = PLANE('',#3581);
#3581 = AXIS2_PLACEMENT_3D('',#3582,#3583,#3584);
#3582 = CARTESIAN_POINT('',(-120.65,6.4262E+03,2.48285E+03));
#3583 = DIRECTION('',(0.,1.,0.));
#3584 = DIRECTION('',(0.,0.,1.));
#3585 = ADVANCED_FACE('',(#3586),#3592,.F.);
#3586 = FACE_BOUND('',#3587,.F.);
#3587 = EDGE_LOOP('',(#3588,#3589,#3590,#3591));
#3588 = ORIENTED_EDGE('',*,*,#3475,.F.);
#3589 = ORIENTED_EDGE('',*,*,#3545,.T.);
#3590 = ORIENTED_EDGE('',*,*,#3515,.T.);
#3591 = ORIENTED_EDGE('',*,*,#3567,.F.);
#3592 = PLANE('',#3593);
#3593 = AXIS2_PLACEMENT_3D('',#3594,#3595,#3596);
#3594 = CARTESIAN_POINT('',(-120.65,-101.6,2.48285E+03));
#3595 = DIRECTION('',(0.,0.,1.));
#3596 = DIRECTION('',(1.,0.,0.));
#3597 = ADVANCED_FACE('',(#3598),#3604,.T.);
#3598 = FACE_BOUND('',#3599,.T.);
#3599 = EDGE_LOOP('',(#3600,#3601,#3602,#3603));
#3600 = ORIENTED_EDGE('',*,*,#3491,.F.);
#3601 = ORIENTED_EDGE('',*,*,#3552,.T.);
#3602 = ORIENTED_EDGE('',*,*,#3531,.T.);
#3603 = ORIENTED_EDGE('',*,*,#3574,.F.);
#3604 = PLANE('',#3605);
#3605 = AXIS2_PLACEMENT_3D('',#3606,#3607,#3608);
#3606 = CARTESIAN_POINT('',(-120.65,-101.6,2.57175E+03));
#3607 = DIRECTION('',(0.,0.,1.));
#3608 = DIRECTION('',(1.,0.,0.));
#3609 = MANIFOLD_SOLID_BREP('',#3610);
#3610 = CLOSED_SHELL('',(#3611,#3651,#3691,#3713,#3735,#3747));
#3611 = ADVANCED_FACE('',(#3612),#3646,.F.);
#3612 = FACE_BOUND('',#3613,.F.);
#3613 = EDGE_LOOP('',(#3614,#3624,#3632,#3640));
#3614 = ORIENTED_EDGE('',*,*,#3615,.F.);
#3615 = EDGE_CURVE('',#3616,#3618,#3620,.T.);
#3616 = VERTEX_POINT('',#3617);
#3617 = CARTESIAN_POINT('',(6.4389E+03,-101.6,2.48285E+03));
#3618 = VERTEX_POINT('',#3619);
#3619 = CARTESIAN_POINT('',(6.4389E+03,-101.6,2.57175E+03));
#3620 = LINE('',#3621,#3622);
#3621 = CARTESIAN_POINT('',(6.4389E+03,-101.6,2.48285E+03));
#3622 = VECTOR('',#3623,1.);
#3623 = DIRECTION('',(0.,0.,1.));
#3624 = ORIENTED_EDGE('',*,*,#3625,.T.);
#3625 = EDGE_CURVE('',#3616,#3626,#3628,.T.);
#3626 = VERTEX_POINT('',#3627);
#3627 = CARTESIAN_POINT('',(6.4389E+03,6.4262E+03,2.48285E+03));
#3628 = LINE('',#3629,#3630);
#3629 = CARTESIAN_POINT('',(6.4389E+03,-101.6,2.48285E+03));
#3630 = VECTOR('',#3631,1.);
#3631 = DIRECTION('',(0.,1.,0.));
#3632 = ORIENTED_EDGE('',*,*,#3633,.T.);
#3633 = EDGE_CURVE('',#3626,#3634,#3636,.T.);
#3634 = VERTEX_POINT('',#3635);
#3635 = CARTESIAN_POINT('',(6.4389E+03,6.4262E+03,2.57175E+03));
#3636 = LINE('',#3637,#3638);
#3637 = CARTESIAN_POINT('',(6.4389E+03,6.4262E+03,2.48285E+03));
#3638 = VECTOR('',#3639,1.);
#3639 = DIRECTION('',(0.,0.,1.));
#3640 = ORIENTED_EDGE('',*,*,#3641,.F.);
#3641 = EDGE_CURVE('',#3618,#3634,#3642,.T.);
#3642 = LINE('',#3643,#3644);
#3643 = CARTESIAN_POINT('',(6.4389E+03,-101.6,2.57175E+03));
#3644 = VECTOR('',#3645,1.);
#3645 = DIRECTION('',(0.,1.,0.));
#3646 = PLANE('',#3647);
#3647 = AXIS2_PLACEMENT_3D('',#3648,#3649,#3650);
#3648 = CARTESIAN_POINT('',(6.4389E+03,-101.6,2.48285E+03));
#3649 = DIRECTION('',(1.,0.,0.));
#3650 = DIRECTION('',(0.,0.,1.));
#3651 = ADVANCED_FACE('',(#3652),#3686,.T.);
#3652 = FACE_BOUND('',#3653,.T.);
#3653 = EDGE_LOOP('',(#3654,#3664,#3672,#3680));
#3654 = ORIENTED_EDGE('',*,*,#3655,.F.);
#3655 = EDGE_CURVE('',#3656,#3658,#3660,.T.);
#3656 = VERTEX_POINT('',#3657);
#3657 = CARTESIAN_POINT('',(6.45795E+03,-101.6,2.48285E+03));
#3658 = VERTEX_POINT('',#3659);
#3659 = CARTESIAN_POINT('',(6.45795E+03,-101.6,2.57175E+03));
#3660 = LINE('',#3661,#3662);
#3661 = CARTESIAN_POINT('',(6.45795E+03,-101.6,2.48285E+03));
#3662 = VECTOR('',#3663,1.);
#3663 = DIRECTION('',(0.,0.,1.));
#3664 = ORIENTED_EDGE('',*,*,#3665,.T.);
#3665 = EDGE_CURVE('',#3656,#3666,#3668,.T.);
#3666 = VERTEX_POINT('',#3667);
#3667 = CARTESIAN_POINT('',(6.45795E+03,6.4262E+03,2.48285E+03));
#3668 = LINE('',#3669,#3670);
#3669 = CARTESIAN_POINT('',(6.45795E+03,-101.6,2.48285E+03));
#3670 = VECTOR('',#3671,1.);
#3671 = DIRECTION('',(0.,1.,0.));
#3672 = ORIENTED_EDGE('',*,*,#3673,.T.);
#3673 = EDGE_CURVE('',#3666,#3674,#3676,.T.);
#3674 = VERTEX_POINT('',#3675);
#3675 = CARTESIAN_POINT('',(6.45795E+03,6.4262E+03,2.57175E+03));
#3676 = LINE('',#3677,#3678);
#3677 = CARTESIAN_POINT('',(6.45795E+03,6.4262E+03,2.48285E+03));
#3678 = VECTOR('',#3679,1.);
#3679 = DIRECTION('',(0.,0.,1.));
#3680 = ORIENTED_EDGE('',*,*,#3681,.F.);
#3681 = EDGE_CURVE('',#3658,#3674,#3682,.T.);
#3682 = LINE('',#3683,#3684);
#3683 = CARTESIAN_POINT('',(6.45795E+03,-101.6,2.57175E+03));
#3684 = VECTOR('',#3685,1.);
#3685 = DIRECTION('',(0.,1.,0.));
#3686 = PLANE('',#3687);
#3687 = AXIS2_PLACEMENT_3D('',#3688,#3689,#3690);
#3688 = CARTESIAN_POINT('',(6.45795E+03,-101.6,2.48285E+03));
#3689 = DIRECTION('',(1.,0.,0.));
#3690 = DIRECTION('',(0.,0.,1.));
#3691 = ADVANCED_FACE('',(#3692),#3708,.F.);
#3692 = FACE_BOUND('',#3693,.F.);
#3693 = EDGE_LOOP('',(#3694,#3700,#3701,#3707));
#3694 = ORIENTED_EDGE('',*,*,#3695,.F.);
#3695 = EDGE_CURVE('',#3616,#3656,#3696,.T.);
#3696 = LINE('',#3697,#3698);
#3697 = CARTESIAN_POINT('',(6.4389E+03,-101.6,2.48285E+03));
#3698 = VECTOR('',#3699,1.);
#3699 = DIRECTION('',(1.,0.,0.));
#3700 = ORIENTED_EDGE('',*,*,#3615,.T.);
#3701 = ORIENTED_EDGE('',*,*,#3702,.T.);
#3702 = EDGE_CURVE('',#3618,#3658,#3703,.T.);
#3703 = LINE('',#3704,#3705);
#3704 = CARTESIAN_POINT('',(6.4389E+03,-101.6,2.57175E+03));
#3705 = VECTOR('',#3706,1.);
#3706 = DIRECTION('',(1.,0.,0.));
#3707 = ORIENTED_EDGE('',*,*,#3655,.F.);
#3708 = PLANE('',#3709);
#3709 = AXIS2_PLACEMENT_3D('',#3710,#3711,#3712);
#3710 = CARTESIAN_POINT('',(6.4389E+03,-101.6,2.48285E+03));
#3711 = DIRECTION('',(0.,1.,0.));
#3712 = DIRECTION('',(0.,0.,1.));
#3713 = ADVANCED_FACE('',(#3714),#3730,.T.);
#3714 = FACE_BOUND('',#3715,.T.);
#3715 = EDGE_LOOP('',(#3716,#3722,#3723,#3729));
#3716 = ORIENTED_EDGE('',*,*,#3717,.F.);
#3717 = EDGE_CURVE('',#3626,#3666,#3718,.T.);
#3718 = LINE('',#3719,#3720);
#3719 = CARTESIAN_POINT('',(6.4389E+03,6.4262E+03,2.48285E+03));
#3720 = VECTOR('',#3721,1.);
#3721 = DIRECTION('',(1.,0.,0.));
#3722 = ORIENTED_EDGE('',*,*,#3633,.T.);
#3723 = ORIENTED_EDGE('',*,*,#3724,.T.);
#3724 = EDGE_CURVE('',#3634,#3674,#3725,.T.);
#3725 = LINE('',#3726,#3727);
#3726 = CARTESIAN_POINT('',(6.4389E+03,6.4262E+03,2.57175E+03));
#3727 = VECTOR('',#3728,1.);
#3728 = DIRECTION('',(1.,0.,0.));
#3729 = ORIENTED_EDGE('',*,*,#3673,.F.);
#3730 = PLANE('',#3731);
#3731 = AXIS2_PLACEMENT_3D('',#3732,#3733,#3734);
#3732 = CARTESIAN_POINT('',(6.4389E+03,6.4262E+03,2.48285E+03));
#3733 = DIRECTION('',(0.,1.,0.));
#3734 = DIRECTION('',(0.,0.,1.));
#3735 = ADVANCED_FACE('',(#3736),#3742,.F.);
#3736 = FACE_BOUND('',#3737,.F.);
#3737 = EDGE_LOOP('',(#3738,#3739,#3740,#3741));
#3738 = ORIENTED_EDGE('',*,*,#3625,.F.);
#3739 = ORIENTED_EDGE('',*,*,#3695,.T.);
#3740 = ORIENTED_EDGE('',*,*,#3665,.T.);
#3741 = ORIENTED_EDGE('',*,*,#3717,.F.);
#3742 = PLANE('',#3743);
#3743 = AXIS2_PLACEMENT_3D('',#3744,#3745,#3746);
#3744 = CARTESIAN_POINT('',(6.4389E+03,-101.6,2.48285E+03));
#3745 = DIRECTION('',(0.,0.,1.));
#3746 = DIRECTION('',(1.,0.,0.));
#3747 = ADVANCED_FACE('',(#3748),#3754,.T.);
#3748 = FACE_BOUND('',#3749,.T.);
#3749 = EDGE_LOOP('',(#3750,#3751,#3752,#3753));
#3750 = ORIENTED_EDGE('',*,*,#3641,.F.);
#3751 = ORIENTED_EDGE('',*,*,#3702,.T.);
#3752 = ORIENTED_EDGE('',*,*,#3681,.T.);
#3753 = ORIENTED_EDGE('',*,*,#3724,.F.);
#3754 = PLANE('',#3755);
#3755 = AXIS2_PLACEMENT_3D('',#3756,#3757,#3758);
#3756 = CARTESIAN_POINT('',(6.4389E+03,-101.6,2.57175E+03));
#3757 = DIRECTION('',(0.,0.,1.));
#3758 = DIRECTION('',(1.,0.,0.));
#3759 = MANIFOLD_SOLID_BREP('',#3760);
#3760 = CLOSED_SHELL('',(#3761,#3801,#3832,#3856,#3880,#3897));
#3761 = ADVANCED_FACE('',(#3762),#3796,.F.);
#3762 = FACE_BOUND('',#3763,.F.);
#3763 = EDGE_LOOP('',(#3764,#3774,#3782,#3790));
#3764 = ORIENTED_EDGE('',*,*,#3765,.F.);
#3765 = EDGE_CURVE('',#3766,#3768,#3770,.T.);
#3766 = VERTEX_POINT('',#3767);
#3767 = CARTESIAN_POINT('',(3.1877E+03,2.9337E+03,3.8862E+03));
#3768 = VERTEX_POINT('',#3769);
#3769 = CARTESIAN_POINT('',(3.1877E+03,3.3909E+03,3.8862E+03));
#3770 = LINE('',#3771,#3772);
#3771 = CARTESIAN_POINT('',(3.1877E+03,2.794E+03,3.8862E+03));
#3772 = VECTOR('',#3773,1.);
#3773 = DIRECTION('',(2.22044604925E-16,1.,0.));
#3774 = ORIENTED_EDGE('',*,*,#3775,.F.);
#3775 = EDGE_CURVE('',#3776,#3766,#3778,.T.);
#3776 = VERTEX_POINT('',#3777);
#3777 = CARTESIAN_POINT('',(3.1877E+03,2.9337E+03,4.0259E+03));
#3778 = LINE('',#3779,#3780);
#3779 = CARTESIAN_POINT('',(3.1877E+03,2.9337E+03,3.8857E+03));
#3780 = VECTOR('',#3781,1.);
#3781 = DIRECTION('',(0.,0.,-1.));
#3782 = ORIENTED_EDGE('',*,*,#3783,.T.);
#3783 = EDGE_CURVE('',#3776,#3784,#3786,.T.);
#3784 = VERTEX_POINT('',#3785);
#3785 = CARTESIAN_POINT('',(3.1877E+03,3.3909E+03,4.0259E+03));
#3786 = LINE('',#3787,#3788);
#3787 = CARTESIAN_POINT('',(3.1877E+03,2.794E+03,4.0259E+03));
#3788 = VECTOR('',#3789,1.);
#3789 = DIRECTION('',(2.22044604925E-16,1.,0.));
#3790 = ORIENTED_EDGE('',*,*,#3791,.T.);
#3791 = EDGE_CURVE('',#3784,#3768,#3792,.T.);
#3792 = LINE('',#3793,#3794);
#3793 = CARTESIAN_POINT('',(3.1877E+03,3.3909E+03,3.8857E+03));
#3794 = VECTOR('',#3795,1.);
#3795 = DIRECTION('',(0.,0.,-1.));
#3796 = PLANE('',#3797);
#3797 = AXIS2_PLACEMENT_3D('',#3798,#3799,#3800);
#3798 = CARTESIAN_POINT('',(3.1877E+03,2.794E+03,3.8862E+03));
#3799 = DIRECTION('',(-1.,2.22044604925E-16,0.));
#3800 = DIRECTION('',(0.,0.,1.));
#3801 = ADVANCED_FACE('',(#3802),#3827,.F.);
#3802 = FACE_BOUND('',#3803,.F.);
#3803 = EDGE_LOOP('',(#3804,#3814,#3820,#3821));
#3804 = ORIENTED_EDGE('',*,*,#3805,.F.);
#3805 = EDGE_CURVE('',#3806,#3808,#3810,.T.);
#3806 = VERTEX_POINT('',#3807);
#3807 = CARTESIAN_POINT('',(3.1496E+03,2.9337E+03,3.8862E+03));
#3808 = VERTEX_POINT('',#3809);
#3809 = CARTESIAN_POINT('',(3.1496E+03,3.3909E+03,3.8862E+03));
#3810 = LINE('',#3811,#3812);
#3811 = CARTESIAN_POINT('',(3.1496E+03,2.794E+03,3.8862E+03));
#3812 = VECTOR('',#3813,1.);
#3813 = DIRECTION('',(2.22044604925E-16,1.,0.));
#3814 = ORIENTED_EDGE('',*,*,#3815,.F.);
#3815 = EDGE_CURVE('',#3766,#3806,#3816,.T.);
#3816 = LINE('',#3817,#3818);
#3817 = CARTESIAN_POINT('',(3.1882E+03,2.9337E+03,3.8862E+03));
#3818 = VECTOR('',#3819,1.);
#3819 = DIRECTION('',(-1.,2.22044604925E-16,0.));
#3820 = ORIENTED_EDGE('',*,*,#3765,.T.);
#3821 = ORIENTED_EDGE('',*,*,#3822,.T.);
#3822 = EDGE_CURVE('',#3768,#3808,#3823,.T.);
#3823 = LINE('',#3824,#3825);
#3824 = CARTESIAN_POINT('',(3.1882E+03,3.3909E+03,3.8862E+03));
#3825 = VECTOR('',#3826,1.);
#3826 = DIRECTION('',(-1.,2.22044604925E-16,0.));
#3827 = PLANE('',#3828);
#3828 = AXIS2_PLACEMENT_3D('',#3829,#3830,#3831);
#3829 = CARTESIAN_POINT('',(3.1877E+03,2.794E+03,3.8862E+03));
#3830 = DIRECTION('',(0.,0.,1.));
#3831 = DIRECTION('',(2.22044604925E-16,1.,0.));
#3832 = ADVANCED_FACE('',(#3833),#3851,.T.);
#3833 = FACE_BOUND('',#3834,.T.);
#3834 = EDGE_LOOP('',(#3835,#3843,#3844,#3845));
#3835 = ORIENTED_EDGE('',*,*,#3836,.F.);
#3836 = EDGE_CURVE('',#3784,#3837,#3839,.T.);
#3837 = VERTEX_POINT('',#3838);
#3838 = CARTESIAN_POINT('',(3.1496E+03,3.3909E+03,4.0259E+03));
#3839 = LINE('',#3840,#3841);
#3840 = CARTESIAN_POINT('',(3.1882E+03,3.3909E+03,4.0259E+03));
#3841 = VECTOR('',#3842,1.);
#3842 = DIRECTION('',(-1.,2.22044604925E-16,0.));
#3843 = ORIENTED_EDGE('',*,*,#3791,.T.);
#3844 = ORIENTED_EDGE('',*,*,#3822,.T.);
#3845 = ORIENTED_EDGE('',*,*,#3846,.F.);
#3846 = EDGE_CURVE('',#3837,#3808,#3847,.T.);
#3847 = LINE('',#3848,#3849);
#3848 = CARTESIAN_POINT('',(3.1496E+03,3.3909E+03,3.8857E+03));
#3849 = VECTOR('',#3850,1.);
#3850 = DIRECTION('',(0.,0.,-1.));
#3851 = PLANE('',#3852);
#3852 = AXIS2_PLACEMENT_3D('',#3853,#3854,#3855);
#3853 = CARTESIAN_POINT('',(3.1887E+03,3.3909E+03,3.8852E+03));
#3854 = DIRECTION('',(2.22044604925E-16,1.,0.));
#3855 = DIRECTION('',(0.,0.,1.));
#3856 = ADVANCED_FACE('',(#3857),#3875,.T.);
#3857 = FACE_BOUND('',#3858,.T.);
#3858 = EDGE_LOOP('',(#3859,#3867,#3873,#3874));
#3859 = ORIENTED_EDGE('',*,*,#3860,.F.);
#3860 = EDGE_CURVE('',#3861,#3837,#3863,.T.);
#3861 = VERTEX_POINT('',#3862);
#3862 = CARTESIAN_POINT('',(3.1496E+03,2.9337E+03,4.0259E+03));
#3863 = LINE('',#3864,#3865);
#3864 = CARTESIAN_POINT('',(3.1496E+03,2.794E+03,4.0259E+03));
#3865 = VECTOR('',#3866,1.);
#3866 = DIRECTION('',(2.22044604925E-16,1.,0.));
#3867 = ORIENTED_EDGE('',*,*,#3868,.F.);
#3868 = EDGE_CURVE('',#3776,#3861,#3869,.T.);
#3869 = LINE('',#3870,#3871);
#3870 = CARTESIAN_POINT('',(3.1882E+03,2.9337E+03,4.0259E+03));
#3871 = VECTOR('',#3872,1.);
#3872 = DIRECTION('',(-1.,2.22044604925E-16,0.));
#3873 = ORIENTED_EDGE('',*,*,#3783,.T.);
#3874 = ORIENTED_EDGE('',*,*,#3836,.T.);
#3875 = PLANE('',#3876);
#3876 = AXIS2_PLACEMENT_3D('',#3877,#3878,#3879);
#3877 = CARTESIAN_POINT('',(3.1877E+03,2.794E+03,4.0259E+03));
#3878 = DIRECTION('',(0.,0.,1.));
#3879 = DIRECTION('',(2.22044604925E-16,1.,0.));
#3880 = ADVANCED_FACE('',(#3881),#3892,.F.);
#3881 = FACE_BOUND('',#3882,.F.);
#3882 = EDGE_LOOP('',(#3883,#3884,#3885,#3886));
#3883 = ORIENTED_EDGE('',*,*,#3868,.F.);
#3884 = ORIENTED_EDGE('',*,*,#3775,.T.);
#3885 = ORIENTED_EDGE('',*,*,#3815,.T.);
#3886 = ORIENTED_EDGE('',*,*,#3887,.F.);
#3887 = EDGE_CURVE('',#3861,#3806,#3888,.T.);
#3888 = LINE('',#3889,#3890);
#3889 = CARTESIAN_POINT('',(3.1496E+03,2.9337E+03,3.8857E+03));
#3890 = VECTOR('',#3891,1.);
#3891 = DIRECTION('',(0.,0.,-1.));
#3892 = PLANE('',#3893);
#3893 = AXIS2_PLACEMENT_3D('',#3894,#3895,#3896);
#3894 = CARTESIAN_POINT('',(3.1887E+03,2.9337E+03,3.8852E+03));
#3895 = DIRECTION('',(2.22044604925E-16,1.,0.));
#3896 = DIRECTION('',(0.,0.,1.));
#3897 = ADVANCED_FACE('',(#3898),#3904,.T.);
#3898 = FACE_BOUND('',#3899,.T.);
#3899 = EDGE_LOOP('',(#3900,#3901,#3902,#3903));
#3900 = ORIENTED_EDGE('',*,*,#3805,.F.);
#3901 = ORIENTED_EDGE('',*,*,#3887,.F.);
#3902 = ORIENTED_EDGE('',*,*,#3860,.T.);
#3903 = ORIENTED_EDGE('',*,*,#3846,.T.);
#3904 = PLANE('',#3905);
#3905 = AXIS2_PLACEMENT_3D('',#3906,#3907,#3908);
#3906 = CARTESIAN_POINT('',(3.1496E+03,2.794E+03,3.8862E+03));
#3907 = DIRECTION('',(-1.,2.22044604925E-16,0.));
#3908 = DIRECTION('',(0.,0.,1.));
#3909 = MANIFOLD_SOLID_BREP('',#3910);
#3910 = CLOSED_SHELL('',(#3911,#3959,#3990,#4014,#4046,#4070,#4095,#4112
    ));
#3911 = ADVANCED_FACE('',(#3912),#3954,.F.);
#3912 = FACE_BOUND('',#3913,.F.);
#3913 = EDGE_LOOP('',(#3914,#3924,#3932,#3940,#3948));
#3914 = ORIENTED_EDGE('',*,*,#3915,.F.);
#3915 = EDGE_CURVE('',#3916,#3918,#3920,.T.);
#3916 = VERTEX_POINT('',#3917);
#3917 = CARTESIAN_POINT('',(66.482216637518,27.11921980805,2.5019E+03));
#3918 = VERTEX_POINT('',#3919);
#3919 = CARTESIAN_POINT('',(3.181612593443E+03,2.919740283985E+03,
    3.879052232217E+03));
#3920 = LINE('',#3921,#3922);
#3921 = CARTESIAN_POINT('',(-173.5261308206,-195.7456742602,
    2.395795923614E+03));
#3922 = VECTOR('',#3923,1.);
#3923 = DIRECTION('',(0.697125004525,0.647330361345,0.308188467252));
#3924 = ORIENTED_EDGE('',*,*,#3925,.F.);
#3925 = EDGE_CURVE('',#3926,#3916,#3928,.T.);
#3926 = VERTEX_POINT('',#3927);
#3927 = CARTESIAN_POINT('',(-72.1384816173,-101.6,2.5019E+03));
#3928 = LINE('',#3929,#3930);
#3929 = CARTESIAN_POINT('',(-285.2823851272,-299.5193389734,2.5019E+03)
  );
#3930 = VECTOR('',#3931,1.);
#3931 = DIRECTION('',(0.732793491626,0.680451099367,0.));
#3932 = ORIENTED_EDGE('',*,*,#3933,.F.);
#3933 = EDGE_CURVE('',#3934,#3926,#3936,.T.);
#3934 = VERTEX_POINT('',#3935);
#3935 = CARTESIAN_POINT('',(-72.1384816173,-101.6,2.587465644423E+03));
#3936 = LINE('',#3937,#3938);
#3937 = CARTESIAN_POINT('',(-72.1384816173,-101.6,2.169447961807E+03));
#3938 = VECTOR('',#3939,1.);
#3939 = DIRECTION('',(0.,0.,-1.));
#3940 = ORIENTED_EDGE('',*,*,#3941,.T.);
#3941 = EDGE_CURVE('',#3934,#3942,#3944,.T.);
#3942 = VERTEX_POINT('',#3943);
#3943 = CARTESIAN_POINT('',(3.181612593443E+03,2.919740283985E+03,
    4.0259E+03));
#3944 = LINE('',#3945,#3946);
#3945 = CARTESIAN_POINT('',(-205.0757696892,-225.0417674953,
    2.528696071125E+03));
#3946 = VECTOR('',#3947,1.);
#3947 = DIRECTION('',(0.697125004525,0.647330361345,0.308188467252));
#3948 = ORIENTED_EDGE('',*,*,#3949,.T.);
#3949 = EDGE_CURVE('',#3942,#3918,#3950,.T.);
#3950 = LINE('',#3951,#3952);
#3951 = CARTESIAN_POINT('',(3.181612593443E+03,2.919740283985E+03,
    2.413422961807E+03));
#3952 = VECTOR('',#3953,1.);
#3953 = DIRECTION('',(0.,0.,-1.));
#3954 = PLANE('',#3955);
#3955 = AXIS2_PLACEMENT_3D('',#3956,#3957,#3958);
#3956 = CARTESIAN_POINT('',(-173.5261308206,-195.7456742602,
    2.395795923614E+03));
#3957 = DIRECTION('',(-0.680451099367,0.732793491626,0.));
#3958 = DIRECTION('',(-0.225838502996,-0.209707181354,0.951325322197));
#3959 = ADVANCED_FACE('',(#3960),#3985,.F.);
#3960 = FACE_BOUND('',#3961,.F.);
#3961 = EDGE_LOOP('',(#3962,#3972,#3978,#3979));
#3962 = ORIENTED_EDGE('',*,*,#3963,.F.);
#3963 = EDGE_CURVE('',#3964,#3966,#3968,.T.);
#3964 = VERTEX_POINT('',#3965);
#3965 = CARTESIAN_POINT('',(40.557029751625,55.038651839012,2.5019E+03)
  );
#3966 = VERTEX_POINT('',#3967);
#3967 = CARTESIAN_POINT('',(3.155687406557E+03,2.947659716015E+03,
    3.879052232217E+03));
#3968 = LINE('',#3969,#3970);
#3969 = CARTESIAN_POINT('',(-199.4513177065,-167.8262422292,
    2.395795923614E+03));
#3970 = VECTOR('',#3971,1.);
#3971 = DIRECTION('',(0.697125004525,0.647330361345,0.308188467252));
#3972 = ORIENTED_EDGE('',*,*,#3973,.F.);
#3973 = EDGE_CURVE('',#3916,#3964,#3974,.T.);
#3974 = LINE('',#3975,#3976);
#3975 = CARTESIAN_POINT('',(161.54123521912,-75.25203097214,2.5019E+03)
  );
#3976 = VECTOR('',#3977,1.);
#3977 = DIRECTION('',(-0.680451099367,0.732793491626,0.));
#3978 = ORIENTED_EDGE('',*,*,#3915,.T.);
#3979 = ORIENTED_EDGE('',*,*,#3980,.T.);
#3980 = EDGE_CURVE('',#3918,#3966,#3981,.T.);
#3981 = LINE('',#3982,#3983);
#3982 = CARTESIAN_POINT('',(3.181952818993E+03,2.919373887239E+03,
    3.879052232217E+03));
#3983 = VECTOR('',#3984,1.);
#3984 = DIRECTION('',(-0.680451099367,0.732793491626,0.));
#3985 = PLANE('',#3986);
#3986 = AXIS2_PLACEMENT_3D('',#3987,#3988,#3989);
#3987 = CARTESIAN_POINT('',(-173.5261308206,-195.7456742602,
    2.395795923614E+03));
#3988 = DIRECTION('',(-0.225838502996,-0.209707181354,0.951325322197));
#3989 = DIRECTION('',(0.697125004525,0.647330361345,0.308188467252));
#3990 = ADVANCED_FACE('',(#3991),#4009,.T.);
#3991 = FACE_BOUND('',#3992,.T.);
#3992 = EDGE_LOOP('',(#3993,#4001,#4002,#4003));
#3993 = ORIENTED_EDGE('',*,*,#3994,.F.);
#3994 = EDGE_CURVE('',#3942,#3995,#3997,.T.);
#3995 = VERTEX_POINT('',#3996);
#3996 = CARTESIAN_POINT('',(3.155687406557E+03,2.947659716015E+03,
    4.0259E+03));
#3997 = LINE('',#3998,#3999);
#3998 = CARTESIAN_POINT('',(3.181952818993E+03,2.919373887239E+03,
    4.0259E+03));
#3999 = VECTOR('',#4000,1.);
#4000 = DIRECTION('',(-0.680451099367,0.732793491626,0.));
#4001 = ORIENTED_EDGE('',*,*,#3949,.T.);
#4002 = ORIENTED_EDGE('',*,*,#3980,.T.);
#4003 = ORIENTED_EDGE('',*,*,#4004,.F.);
#4004 = EDGE_CURVE('',#3995,#3966,#4005,.T.);
#4005 = LINE('',#4006,#4007);
#4006 = CARTESIAN_POINT('',(3.155687406557E+03,2.947659716015E+03,
    2.413422961807E+03));
#4007 = VECTOR('',#4008,1.);
#4008 = DIRECTION('',(0.,0.,-1.));
#4009 = PLANE('',#4010);
#4010 = AXIS2_PLACEMENT_3D('',#4011,#4012,#4013);
#4011 = CARTESIAN_POINT('',(3.182293044542E+03,2.919007490493E+03,
    2.43105E+03));
#4012 = DIRECTION('',(0.732793491626,0.680451099367,0.));
#4013 = DIRECTION('',(0.,0.,1.));
#4014 = ADVANCED_FACE('',(#4015),#4041,.T.);
#4015 = FACE_BOUND('',#4016,.T.);
#4016 = EDGE_LOOP('',(#4017,#4025,#4033,#4039,#4040));
#4017 = ORIENTED_EDGE('',*,*,#4018,.F.);
#4018 = EDGE_CURVE('',#4019,#3995,#4021,.T.);
#4019 = VERTEX_POINT('',#4020);
#4020 = CARTESIAN_POINT('',(-101.6,-76.96430435892,2.585902285518E+03));
#4021 = LINE('',#4022,#4023);
#4022 = CARTESIAN_POINT('',(-231.0009565751,-197.1223354643,
    2.528696071125E+03));
#4023 = VECTOR('',#4024,1.);
#4024 = DIRECTION('',(0.697125004525,0.647330361345,0.308188467252));
#4025 = ORIENTED_EDGE('',*,*,#4026,.F.);
#4026 = EDGE_CURVE('',#4027,#4019,#4029,.T.);
#4027 = VERTEX_POINT('',#4028);
#4028 = CARTESIAN_POINT('',(-101.6,-101.6,2.580471669752E+03));
#4029 = LINE('',#4030,#4031);
#4030 = CARTESIAN_POINT('',(-101.6,-375.2073755524,2.520158514845E+03));
#4031 = VECTOR('',#4032,1.);
#4032 = DIRECTION('',(1.110223024625E-16,0.976554855812,0.215268700907)
  );
#4033 = ORIENTED_EDGE('',*,*,#4034,.F.);
#4034 = EDGE_CURVE('',#3934,#4027,#4035,.T.);
#4035 = LINE('',#4036,#4037);
#4036 = CARTESIAN_POINT('',(-369.2773036542,-101.6,2.516926802257E+03));
#4037 = VECTOR('',#4038,1.);
#4038 = DIRECTION('',(-0.972959828882,1.110223024625E-16,-0.230974395512
    ));
#4039 = ORIENTED_EDGE('',*,*,#3941,.T.);
#4040 = ORIENTED_EDGE('',*,*,#3994,.T.);
#4041 = PLANE('',#4042);
#4042 = AXIS2_PLACEMENT_3D('',#4043,#4044,#4045);
#4043 = CARTESIAN_POINT('',(-205.0757696892,-225.0417674953,
    2.528696071125E+03));
#4044 = DIRECTION('',(-0.225838502996,-0.209707181354,0.951325322197));
#4045 = DIRECTION('',(0.697125004525,0.647330361345,0.308188467252));
#4046 = ADVANCED_FACE('',(#4047),#4065,.F.);
#4047 = FACE_BOUND('',#4048,.F.);
#4048 = EDGE_LOOP('',(#4049,#4050,#4051,#4059));
#4049 = ORIENTED_EDGE('',*,*,#4034,.F.);
#4050 = ORIENTED_EDGE('',*,*,#3933,.T.);
#4051 = ORIENTED_EDGE('',*,*,#4052,.F.);
#4052 = EDGE_CURVE('',#4053,#3926,#4055,.T.);
#4053 = VERTEX_POINT('',#4054);
#4054 = CARTESIAN_POINT('',(-101.6,-101.6,2.5019E+03));
#4055 = LINE('',#4056,#4057);
#4056 = CARTESIAN_POINT('',(-224.3925314017,-101.6,2.5019E+03));
#4057 = VECTOR('',#4058,1.);
#4058 = DIRECTION('',(1.,-1.110223024625E-16,0.));
#4059 = ORIENTED_EDGE('',*,*,#4060,.F.);
#4060 = EDGE_CURVE('',#4027,#4053,#4061,.T.);
#4061 = LINE('',#4062,#4063);
#4062 = CARTESIAN_POINT('',(-101.6,-101.6,1.9431E+03));
#4063 = VECTOR('',#4064,1.);
#4064 = DIRECTION('',(0.,0.,-1.));
#4065 = PLANE('',#4066);
#4066 = AXIS2_PLACEMENT_3D('',#4067,#4068,#4069);
#4067 = CARTESIAN_POINT('',(-400.05,-101.6,1.9431E+03));
#4068 = DIRECTION('',(1.110223024625E-16,1.,0.));
#4069 = DIRECTION('',(0.,0.,1.));
#4070 = ADVANCED_FACE('',(#4071),#4090,.T.);
#4071 = FACE_BOUND('',#4072,.T.);
#4072 = EDGE_LOOP('',(#4073,#4074,#4082,#4088,#4089));
#4073 = ORIENTED_EDGE('',*,*,#3963,.F.);
#4074 = ORIENTED_EDGE('',*,*,#4075,.F.);
#4075 = EDGE_CURVE('',#4076,#3964,#4078,.T.);
#4076 = VERTEX_POINT('',#4077);
#4077 = CARTESIAN_POINT('',(-101.6,-76.96430435892,2.5019E+03));
#4078 = LINE('',#4079,#4080);
#4079 = CARTESIAN_POINT('',(-268.9032063549,-232.3172816885,2.5019E+03)
  );
#4080 = VECTOR('',#4081,1.);
#4081 = DIRECTION('',(0.732793491626,0.680451099367,0.));
#4082 = ORIENTED_EDGE('',*,*,#4083,.F.);
#4083 = EDGE_CURVE('',#4019,#4076,#4084,.T.);
#4084 = LINE('',#4085,#4086);
#4085 = CARTESIAN_POINT('',(-101.6,-76.96430435892,2.169447961807E+03));
#4086 = VECTOR('',#4087,1.);
#4087 = DIRECTION('',(0.,0.,-1.));
#4088 = ORIENTED_EDGE('',*,*,#4018,.T.);
#4089 = ORIENTED_EDGE('',*,*,#4004,.T.);
#4090 = PLANE('',#4091);
#4091 = AXIS2_PLACEMENT_3D('',#4092,#4093,#4094);
#4092 = CARTESIAN_POINT('',(-199.4513177065,-167.8262422292,
    2.395795923614E+03));
#4093 = DIRECTION('',(-0.680451099367,0.732793491626,0.));
#4094 = DIRECTION('',(-0.225838502996,-0.209707181354,0.951325322197));
#4095 = ADVANCED_FACE('',(#4096),#4107,.F.);
#4096 = FACE_BOUND('',#4097,.F.);
#4097 = EDGE_LOOP('',(#4098,#4099,#4100,#4106));
#4098 = ORIENTED_EDGE('',*,*,#4026,.F.);
#4099 = ORIENTED_EDGE('',*,*,#4060,.T.);
#4100 = ORIENTED_EDGE('',*,*,#4101,.F.);
#4101 = EDGE_CURVE('',#4076,#4053,#4102,.T.);
#4102 = LINE('',#4103,#4104);
#4103 = CARTESIAN_POINT('',(-101.6,-227.4111605202,2.5019E+03));
#4104 = VECTOR('',#4105,1.);
#4105 = DIRECTION('',(-1.110223024625E-16,-1.,0.));
#4106 = ORIENTED_EDGE('',*,*,#4083,.F.);
#4107 = PLANE('',#4108);
#4108 = AXIS2_PLACEMENT_3D('',#4109,#4110,#4111);
#4109 = CARTESIAN_POINT('',(-101.6,-400.05,1.9431E+03));
#4110 = DIRECTION('',(1.,-1.110223024625E-16,0.));
#4111 = DIRECTION('',(0.,0.,1.));
#4112 = ADVANCED_FACE('',(#4113),#4120,.T.);
#4113 = FACE_BOUND('',#4114,.T.);
#4114 = EDGE_LOOP('',(#4115,#4116,#4117,#4118,#4119));
#4115 = ORIENTED_EDGE('',*,*,#3925,.F.);
#4116 = ORIENTED_EDGE('',*,*,#4052,.F.);
#4117 = ORIENTED_EDGE('',*,*,#4101,.F.);
#4118 = ORIENTED_EDGE('',*,*,#4075,.T.);
#4119 = ORIENTED_EDGE('',*,*,#3973,.F.);
#4120 = PLANE('',#4121);
#4121 = AXIS2_PLACEMENT_3D('',#4122,#4123,#4124);
#4122 = CARTESIAN_POINT('',(-19.94106175175,-26.92517313004,2.5019E+03)
  );
#4123 = DIRECTION('',(0.,-0.,-1.));
#4124 = DIRECTION('',(-0.732793491626,-0.680451099367,0.));
#4125 = MANIFOLD_SOLID_BREP('',#4126);
#4126 = CLOSED_SHELL('',(#4127,#4175,#4206,#4230,#4262,#4286,#4311,#4328
    ));
#4127 = ADVANCED_FACE('',(#4128),#4170,.F.);
#4128 = FACE_BOUND('',#4129,.F.);
#4129 = EDGE_LOOP('',(#4130,#4140,#4148,#4156,#4164));
#4130 = ORIENTED_EDGE('',*,*,#4131,.F.);
#4131 = EDGE_CURVE('',#4132,#4134,#4136,.T.);
#4132 = VERTEX_POINT('',#4133);
#4133 = CARTESIAN_POINT('',(6.296742970248E+03,55.038651839012,
    2.5019E+03));
#4134 = VERTEX_POINT('',#4135);
#4135 = CARTESIAN_POINT('',(3.181612593443E+03,2.947659716015E+03,
    3.879052232217E+03));
#4136 = LINE('',#4137,#4138);
#4137 = CARTESIAN_POINT('',(6.536751317707E+03,-167.8262422292,
    2.395795923614E+03));
#4138 = VECTOR('',#4139,1.);
#4139 = DIRECTION('',(-0.697125004525,0.647330361345,0.308188467252));
#4140 = ORIENTED_EDGE('',*,*,#4141,.F.);
#4141 = EDGE_CURVE('',#4142,#4132,#4144,.T.);
#4142 = VERTEX_POINT('',#4143);
#4143 = CARTESIAN_POINT('',(6.4389E+03,-76.96430435892,2.5019E+03));
#4144 = LINE('',#4145,#4146);
#4145 = CARTESIAN_POINT('',(4.732164558314E+03,1.50786146292E+03,
    2.5019E+03));
#4146 = VECTOR('',#4147,1.);
#4147 = DIRECTION('',(-0.732793491626,0.680451099367,0.));
#4148 = ORIENTED_EDGE('',*,*,#4149,.T.);
#4149 = EDGE_CURVE('',#4142,#4150,#4152,.T.);
#4150 = VERTEX_POINT('',#4151);
#4151 = CARTESIAN_POINT('',(6.4389E+03,-76.96430435892,
    2.585902285518E+03));
#4152 = LINE('',#4153,#4154);
#4153 = CARTESIAN_POINT('',(6.4389E+03,-76.96430435892,
    2.169447961807E+03));
#4154 = VECTOR('',#4155,1.);
#4155 = DIRECTION('',(0.,0.,1.));
#4156 = ORIENTED_EDGE('',*,*,#4157,.T.);
#4157 = EDGE_CURVE('',#4150,#4158,#4160,.T.);
#4158 = VERTEX_POINT('',#4159);
#4159 = CARTESIAN_POINT('',(3.181612593443E+03,2.947659716015E+03,
    4.0259E+03));
#4160 = LINE('',#4161,#4162);
#4161 = CARTESIAN_POINT('',(6.568300956575E+03,-197.1223354643,
    2.528696071125E+03));
#4162 = VECTOR('',#4163,1.);
#4163 = DIRECTION('',(-0.697125004525,0.647330361345,0.308188467252));
#4164 = ORIENTED_EDGE('',*,*,#4165,.T.);
#4165 = EDGE_CURVE('',#4158,#4134,#4166,.T.);
#4166 = LINE('',#4167,#4168);
#4167 = CARTESIAN_POINT('',(3.181612593443E+03,2.947659716015E+03,
    2.413422961807E+03));
#4168 = VECTOR('',#4169,1.);
#4169 = DIRECTION('',(-0.,0.,-1.));
#4170 = PLANE('',#4171);
#4171 = AXIS2_PLACEMENT_3D('',#4172,#4173,#4174);
#4172 = CARTESIAN_POINT('',(6.536751317707E+03,-167.8262422292,
    2.395795923614E+03));
#4173 = DIRECTION('',(-0.680451099367,-0.732793491626,0.));
#4174 = DIRECTION('',(0.225838502996,-0.209707181354,0.951325322197));
#4175 = ADVANCED_FACE('',(#4176),#4201,.F.);
#4176 = FACE_BOUND('',#4177,.F.);
#4177 = EDGE_LOOP('',(#4178,#4188,#4194,#4195));
#4178 = ORIENTED_EDGE('',*,*,#4179,.F.);
#4179 = EDGE_CURVE('',#4180,#4182,#4184,.T.);
#4180 = VERTEX_POINT('',#4181);
#4181 = CARTESIAN_POINT('',(6.270817783362E+03,27.119219808049,
    2.5019E+03));
#4182 = VERTEX_POINT('',#4183);
#4183 = CARTESIAN_POINT('',(3.155687406557E+03,2.919740283985E+03,
    3.879052232217E+03));
#4184 = LINE('',#4185,#4186);
#4185 = CARTESIAN_POINT('',(6.510826130821E+03,-195.7456742602,
    2.395795923614E+03));
#4186 = VECTOR('',#4187,1.);
#4187 = DIRECTION('',(-0.697125004525,0.647330361345,0.308188467252));
#4188 = ORIENTED_EDGE('',*,*,#4189,.F.);
#4189 = EDGE_CURVE('',#4132,#4180,#4190,.T.);
#4190 = LINE('',#4191,#4192);
#4191 = CARTESIAN_POINT('',(6.39180198883E+03,157.4099026192,2.5019E+03)
  );
#4192 = VECTOR('',#4193,1.);
#4193 = DIRECTION('',(-0.680451099367,-0.732793491626,0.));
#4194 = ORIENTED_EDGE('',*,*,#4131,.T.);
#4195 = ORIENTED_EDGE('',*,*,#4196,.T.);
#4196 = EDGE_CURVE('',#4134,#4182,#4197,.T.);
#4197 = LINE('',#4198,#4199);
#4198 = CARTESIAN_POINT('',(3.181952818993E+03,2.948026112761E+03,
    3.879052232217E+03));
#4199 = VECTOR('',#4200,1.);
#4200 = DIRECTION('',(-0.680451099367,-0.732793491626,0.));
#4201 = PLANE('',#4202);
#4202 = AXIS2_PLACEMENT_3D('',#4203,#4204,#4205);
#4203 = CARTESIAN_POINT('',(6.536751317707E+03,-167.8262422292,
    2.395795923614E+03));
#4204 = DIRECTION('',(0.225838502996,-0.209707181354,0.951325322197));
#4205 = DIRECTION('',(-0.697125004525,0.647330361345,0.308188467252));
#4206 = ADVANCED_FACE('',(#4207),#4225,.T.);
#4207 = FACE_BOUND('',#4208,.T.);
#4208 = EDGE_LOOP('',(#4209,#4217,#4218,#4219));
#4209 = ORIENTED_EDGE('',*,*,#4210,.F.);
#4210 = EDGE_CURVE('',#4158,#4211,#4213,.T.);
#4211 = VERTEX_POINT('',#4212);
#4212 = CARTESIAN_POINT('',(3.155687406557E+03,2.919740283985E+03,
    4.0259E+03));
#4213 = LINE('',#4214,#4215);
#4214 = CARTESIAN_POINT('',(3.181952818993E+03,2.948026112761E+03,
    4.0259E+03));
#4215 = VECTOR('',#4216,1.);
#4216 = DIRECTION('',(-0.680451099367,-0.732793491626,0.));
#4217 = ORIENTED_EDGE('',*,*,#4165,.T.);
#4218 = ORIENTED_EDGE('',*,*,#4196,.T.);
#4219 = ORIENTED_EDGE('',*,*,#4220,.F.);
#4220 = EDGE_CURVE('',#4211,#4182,#4221,.T.);
#4221 = LINE('',#4222,#4223);
#4222 = CARTESIAN_POINT('',(3.155687406557E+03,2.919740283985E+03,
    2.413422961807E+03));
#4223 = VECTOR('',#4224,1.);
#4224 = DIRECTION('',(-0.,0.,-1.));
#4225 = PLANE('',#4226);
#4226 = AXIS2_PLACEMENT_3D('',#4227,#4228,#4229);
#4227 = CARTESIAN_POINT('',(3.182293044542E+03,2.948392509507E+03,
    2.43105E+03));
#4228 = DIRECTION('',(-0.732793491626,0.680451099367,0.));
#4229 = DIRECTION('',(0.,0.,1.));
#4230 = ADVANCED_FACE('',(#4231),#4257,.T.);
#4231 = FACE_BOUND('',#4232,.T.);
#4232 = EDGE_LOOP('',(#4233,#4241,#4249,#4255,#4256));
#4233 = ORIENTED_EDGE('',*,*,#4234,.F.);
#4234 = EDGE_CURVE('',#4235,#4211,#4237,.T.);
#4235 = VERTEX_POINT('',#4236);
#4236 = CARTESIAN_POINT('',(6.409438481617E+03,-101.6,2.587465644423E+03
    ));
#4237 = LINE('',#4238,#4239);
#4238 = CARTESIAN_POINT('',(6.542375769689E+03,-225.0417674953,
    2.528696071125E+03));
#4239 = VECTOR('',#4240,1.);
#4240 = DIRECTION('',(-0.697125004525,0.647330361345,0.308188467252));
#4241 = ORIENTED_EDGE('',*,*,#4242,.F.);
#4242 = EDGE_CURVE('',#4243,#4235,#4245,.T.);
#4243 = VERTEX_POINT('',#4244);
#4244 = CARTESIAN_POINT('',(6.4389E+03,-101.6,2.580471669752E+03));
#4245 = LINE('',#4246,#4247);
#4246 = CARTESIAN_POINT('',(3.34053554139E+03,-101.6,3.316003432381E+03)
  );
#4247 = VECTOR('',#4248,1.);
#4248 = DIRECTION('',(-0.972959828882,1.110223024625E-16,0.230974395512)
  );
#4249 = ORIENTED_EDGE('',*,*,#4250,.T.);
#4250 = EDGE_CURVE('',#4243,#4150,#4251,.T.);
#4251 = LINE('',#4252,#4253);
#4252 = CARTESIAN_POINT('',(6.4389E+03,-361.8945613426,2.52309315001E+03
    ));
#4253 = VECTOR('',#4254,1.);
#4254 = DIRECTION('',(1.665334536938E-16,0.976554855812,0.215268700907)
  );
#4255 = ORIENTED_EDGE('',*,*,#4157,.T.);
#4256 = ORIENTED_EDGE('',*,*,#4210,.T.);
#4257 = PLANE('',#4258);
#4258 = AXIS2_PLACEMENT_3D('',#4259,#4260,#4261);
#4259 = CARTESIAN_POINT('',(6.568300956575E+03,-197.1223354643,
    2.528696071125E+03));
#4260 = DIRECTION('',(0.225838502996,-0.209707181354,0.951325322197));
#4261 = DIRECTION('',(-0.697125004525,0.647330361345,0.308188467252));
#4262 = ADVANCED_FACE('',(#4263),#4281,.T.);
#4263 = FACE_BOUND('',#4264,.T.);
#4264 = EDGE_LOOP('',(#4265,#4273,#4274,#4275));
#4265 = ORIENTED_EDGE('',*,*,#4266,.F.);
#4266 = EDGE_CURVE('',#4142,#4267,#4269,.T.);
#4267 = VERTEX_POINT('',#4268);
#4268 = CARTESIAN_POINT('',(6.4389E+03,-101.6,2.5019E+03));
#4269 = LINE('',#4270,#4271);
#4270 = CARTESIAN_POINT('',(6.4389E+03,-227.4111605202,2.5019E+03));
#4271 = VECTOR('',#4272,1.);
#4272 = DIRECTION('',(-1.665334536938E-16,-1.,0.));
#4273 = ORIENTED_EDGE('',*,*,#4149,.T.);
#4274 = ORIENTED_EDGE('',*,*,#4250,.F.);
#4275 = ORIENTED_EDGE('',*,*,#4276,.T.);
#4276 = EDGE_CURVE('',#4243,#4267,#4277,.T.);
#4277 = LINE('',#4278,#4279);
#4278 = CARTESIAN_POINT('',(6.4389E+03,-101.6,1.9431E+03));
#4279 = VECTOR('',#4280,1.);
#4280 = DIRECTION('',(0.,0.,-1.));
#4281 = PLANE('',#4282);
#4282 = AXIS2_PLACEMENT_3D('',#4283,#4284,#4285);
#4283 = CARTESIAN_POINT('',(6.4389E+03,-400.05,1.9431E+03));
#4284 = DIRECTION('',(1.,2.22044604925E-16,0.));
#4285 = DIRECTION('',(0.,0.,1.));
#4286 = ADVANCED_FACE('',(#4287),#4306,.T.);
#4287 = FACE_BOUND('',#4288,.T.);
#4288 = EDGE_LOOP('',(#4289,#4290,#4298,#4304,#4305));
#4289 = ORIENTED_EDGE('',*,*,#4179,.F.);
#4290 = ORIENTED_EDGE('',*,*,#4291,.F.);
#4291 = EDGE_CURVE('',#4292,#4180,#4294,.T.);
#4292 = VERTEX_POINT('',#4293);
#4293 = CARTESIAN_POINT('',(6.409438481617E+03,-101.6,2.5019E+03));
#4294 = LINE('',#4295,#4296);
#4295 = CARTESIAN_POINT('',(6.580278019469E+03,-260.2367137194,
    2.5019E+03));
#4296 = VECTOR('',#4297,1.);
#4297 = DIRECTION('',(-0.732793491626,0.680451099367,0.));
#4298 = ORIENTED_EDGE('',*,*,#4299,.F.);
#4299 = EDGE_CURVE('',#4235,#4292,#4300,.T.);
#4300 = LINE('',#4301,#4302);
#4301 = CARTESIAN_POINT('',(6.409438481617E+03,-101.6,2.169447961807E+03
    ));
#4302 = VECTOR('',#4303,1.);
#4303 = DIRECTION('',(-0.,0.,-1.));
#4304 = ORIENTED_EDGE('',*,*,#4234,.T.);
#4305 = ORIENTED_EDGE('',*,*,#4220,.T.);
#4306 = PLANE('',#4307);
#4307 = AXIS2_PLACEMENT_3D('',#4308,#4309,#4310);
#4308 = CARTESIAN_POINT('',(6.510826130821E+03,-195.7456742602,
    2.395795923614E+03));
#4309 = DIRECTION('',(-0.680451099367,-0.732793491626,0.));
#4310 = DIRECTION('',(0.225838502996,-0.209707181354,0.951325322197));
#4311 = ADVANCED_FACE('',(#4312),#4323,.F.);
#4312 = FACE_BOUND('',#4313,.F.);
#4313 = EDGE_LOOP('',(#4314,#4315,#4316,#4322));
#4314 = ORIENTED_EDGE('',*,*,#4242,.F.);
#4315 = ORIENTED_EDGE('',*,*,#4276,.T.);
#4316 = ORIENTED_EDGE('',*,*,#4317,.F.);
#4317 = EDGE_CURVE('',#4292,#4267,#4318,.T.);
#4318 = LINE('',#4319,#4320);
#4319 = CARTESIAN_POINT('',(2.992992531402E+03,-101.6,2.5019E+03));
#4320 = VECTOR('',#4321,1.);
#4321 = DIRECTION('',(1.,-1.665334536938E-16,0.));
#4322 = ORIENTED_EDGE('',*,*,#4299,.F.);
#4323 = PLANE('',#4324);
#4324 = AXIS2_PLACEMENT_3D('',#4325,#4326,#4327);
#4325 = CARTESIAN_POINT('',(-400.05,-101.6,1.9431E+03));
#4326 = DIRECTION('',(-2.22044604925E-16,1.,0.));
#4327 = DIRECTION('',(0.,0.,1.));
#4328 = ADVANCED_FACE('',(#4329),#4336,.T.);
#4329 = FACE_BOUND('',#4330,.T.);
#4330 = EDGE_LOOP('',(#4331,#4332,#4333,#4334,#4335));
#4331 = ORIENTED_EDGE('',*,*,#4141,.F.);
#4332 = ORIENTED_EDGE('',*,*,#4266,.T.);
#4333 = ORIENTED_EDGE('',*,*,#4317,.F.);
#4334 = ORIENTED_EDGE('',*,*,#4291,.T.);
#4335 = ORIENTED_EDGE('',*,*,#4189,.F.);
#4336 = PLANE('',#4337);
#4337 = AXIS2_PLACEMENT_3D('',#4338,#4339,#4340);
#4338 = CARTESIAN_POINT('',(6.357241061752E+03,-26.92517313004,
    2.5019E+03));
#4339 = DIRECTION('',(0.,0.,-1.));
#4340 = DIRECTION('',(0.732793491626,-0.680451099367,0.));
#4341 = MANIFOLD_SOLID_BREP('',#4342);
#4342 = CLOSED_SHELL('',(#4343,#4391,#4422,#4446,#4478,#4502,#4527,#4544
    ));
#4343 = ADVANCED_FACE('',(#4344),#4386,.F.);
#4344 = FACE_BOUND('',#4345,.F.);
#4345 = EDGE_LOOP('',(#4346,#4356,#4364,#4372,#4380));
#4346 = ORIENTED_EDGE('',*,*,#4347,.F.);
#4347 = EDGE_CURVE('',#4348,#4350,#4352,.T.);
#4348 = VERTEX_POINT('',#4349);
#4349 = CARTESIAN_POINT('',(40.557029751625,6.269561348161E+03,
    2.5019E+03));
#4350 = VERTEX_POINT('',#4351);
#4351 = CARTESIAN_POINT('',(3.155687406557E+03,3.376940283985E+03,
    3.879052232217E+03));
#4352 = LINE('',#4353,#4354);
#4353 = CARTESIAN_POINT('',(-199.4513177065,6.492426242229E+03,
    2.395795923614E+03));
#4354 = VECTOR('',#4355,1.);
#4355 = DIRECTION('',(0.697125004525,-0.647330361345,0.308188467252));
#4356 = ORIENTED_EDGE('',*,*,#4357,.F.);
#4357 = EDGE_CURVE('',#4358,#4348,#4360,.T.);
#4358 = VERTEX_POINT('',#4359);
#4359 = CARTESIAN_POINT('',(-101.5999999999,6.401564304359E+03,
    2.5019E+03));
#4360 = LINE('',#4361,#4362);
#4361 = CARTESIAN_POINT('',(-211.4690788624,6.503585591874E+03,
    2.5019E+03));
#4362 = VECTOR('',#4363,1.);
#4363 = DIRECTION('',(0.732793491626,-0.680451099367,0.));
#4364 = ORIENTED_EDGE('',*,*,#4365,.F.);
#4365 = EDGE_CURVE('',#4366,#4358,#4368,.T.);
#4366 = VERTEX_POINT('',#4367);
#4367 = CARTESIAN_POINT('',(-101.5999999999,6.401564304359E+03,
    2.585902285518E+03));
#4368 = LINE('',#4369,#4370);
#4369 = CARTESIAN_POINT('',(-101.5999999999,6.401564304359E+03,
    2.169447961807E+03));
#4370 = VECTOR('',#4371,1.);
#4371 = DIRECTION('',(0.,0.,-1.));
#4372 = ORIENTED_EDGE('',*,*,#4373,.T.);
#4373 = EDGE_CURVE('',#4366,#4374,#4376,.T.);
#4374 = VERTEX_POINT('',#4375);
#4375 = CARTESIAN_POINT('',(3.155687406557E+03,3.376940283985E+03,
    4.0259E+03));
#4376 = LINE('',#4377,#4378);
#4377 = CARTESIAN_POINT('',(-231.0009565751,6.521722335464E+03,
    2.528696071125E+03));
#4378 = VECTOR('',#4379,1.);
#4379 = DIRECTION('',(0.697125004525,-0.647330361345,0.308188467252));
#4380 = ORIENTED_EDGE('',*,*,#4381,.T.);
#4381 = EDGE_CURVE('',#4374,#4350,#4382,.T.);
#4382 = LINE('',#4383,#4384);
#4383 = CARTESIAN_POINT('',(3.155687406557E+03,3.376940283985E+03,
    2.413422961807E+03));
#4384 = VECTOR('',#4385,1.);
#4385 = DIRECTION('',(0.,0.,-1.));
#4386 = PLANE('',#4387);
#4387 = AXIS2_PLACEMENT_3D('',#4388,#4389,#4390);
#4388 = CARTESIAN_POINT('',(-199.4513177065,6.492426242229E+03,
    2.395795923614E+03));
#4389 = DIRECTION('',(0.680451099367,0.732793491626,0.));
#4390 = DIRECTION('',(-0.225838502996,0.209707181354,0.951325322197));
#4391 = ADVANCED_FACE('',(#4392),#4417,.F.);
#4392 = FACE_BOUND('',#4393,.F.);
#4393 = EDGE_LOOP('',(#4394,#4404,#4410,#4411));
#4394 = ORIENTED_EDGE('',*,*,#4395,.F.);
#4395 = EDGE_CURVE('',#4396,#4398,#4400,.T.);
#4396 = VERTEX_POINT('',#4397);
#4397 = CARTESIAN_POINT('',(66.482216637518,6.297480780192E+03,
    2.5019E+03));
#4398 = VERTEX_POINT('',#4399);
#4399 = CARTESIAN_POINT('',(3.181612593443E+03,3.404859716015E+03,
    3.879052232217E+03));
#4400 = LINE('',#4401,#4402);
#4401 = CARTESIAN_POINT('',(-173.5261308206,6.52034567426E+03,
    2.395795923614E+03));
#4402 = VECTOR('',#4403,1.);
#4403 = DIRECTION('',(0.697125004525,-0.647330361345,0.308188467252));
#4404 = ORIENTED_EDGE('',*,*,#4405,.F.);
#4405 = EDGE_CURVE('',#4348,#4396,#4406,.T.);
#4406 = LINE('',#4407,#4408);
#4407 = CARTESIAN_POINT('',(-54.50198882998,6.167190097381E+03,
    2.5019E+03));
#4408 = VECTOR('',#4409,1.);
#4409 = DIRECTION('',(0.680451099367,0.732793491626,0.));
#4410 = ORIENTED_EDGE('',*,*,#4347,.T.);
#4411 = ORIENTED_EDGE('',*,*,#4412,.T.);
#4412 = EDGE_CURVE('',#4350,#4398,#4413,.T.);
#4413 = LINE('',#4414,#4415);
#4414 = CARTESIAN_POINT('',(3.155347181007E+03,3.376573887239E+03,
    3.879052232217E+03));
#4415 = VECTOR('',#4416,1.);
#4416 = DIRECTION('',(0.680451099367,0.732793491626,0.));
#4417 = PLANE('',#4418);
#4418 = AXIS2_PLACEMENT_3D('',#4419,#4420,#4421);
#4419 = CARTESIAN_POINT('',(-199.4513177065,6.492426242229E+03,
    2.395795923614E+03));
#4420 = DIRECTION('',(-0.225838502996,0.209707181354,0.951325322197));
#4421 = DIRECTION('',(0.697125004525,-0.647330361345,0.308188467252));
#4422 = ADVANCED_FACE('',(#4423),#4441,.T.);
#4423 = FACE_BOUND('',#4424,.T.);
#4424 = EDGE_LOOP('',(#4425,#4433,#4434,#4435));
#4425 = ORIENTED_EDGE('',*,*,#4426,.F.);
#4426 = EDGE_CURVE('',#4374,#4427,#4429,.T.);
#4427 = VERTEX_POINT('',#4428);
#4428 = CARTESIAN_POINT('',(3.181612593443E+03,3.404859716015E+03,
    4.0259E+03));
#4429 = LINE('',#4430,#4431);
#4430 = CARTESIAN_POINT('',(3.155347181007E+03,3.376573887239E+03,
    4.0259E+03));
#4431 = VECTOR('',#4432,1.);
#4432 = DIRECTION('',(0.680451099367,0.732793491626,0.));
#4433 = ORIENTED_EDGE('',*,*,#4381,.T.);
#4434 = ORIENTED_EDGE('',*,*,#4412,.T.);
#4435 = ORIENTED_EDGE('',*,*,#4436,.F.);
#4436 = EDGE_CURVE('',#4427,#4398,#4437,.T.);
#4437 = LINE('',#4438,#4439);
#4438 = CARTESIAN_POINT('',(3.181612593443E+03,3.404859716015E+03,
    2.413422961807E+03));
#4439 = VECTOR('',#4440,1.);
#4440 = DIRECTION('',(0.,0.,-1.));
#4441 = PLANE('',#4442);
#4442 = AXIS2_PLACEMENT_3D('',#4443,#4444,#4445);
#4443 = CARTESIAN_POINT('',(3.155006955458E+03,3.376207490493E+03,
    2.43105E+03));
#4444 = DIRECTION('',(0.732793491626,-0.680451099367,0.));
#4445 = DIRECTION('',(0.,0.,1.));
#4446 = ADVANCED_FACE('',(#4447),#4473,.T.);
#4447 = FACE_BOUND('',#4448,.T.);
#4448 = EDGE_LOOP('',(#4449,#4457,#4465,#4471,#4472));
#4449 = ORIENTED_EDGE('',*,*,#4450,.F.);
#4450 = EDGE_CURVE('',#4451,#4427,#4453,.T.);
#4451 = VERTEX_POINT('',#4452);
#4452 = CARTESIAN_POINT('',(-72.1384816173,6.4262E+03,2.587465644423E+03
    ));
#4453 = LINE('',#4454,#4455);
#4454 = CARTESIAN_POINT('',(-205.0757696892,6.549641767495E+03,
    2.528696071125E+03));
#4455 = VECTOR('',#4456,1.);
#4456 = DIRECTION('',(0.697125004525,-0.647330361345,0.308188467252));
#4457 = ORIENTED_EDGE('',*,*,#4458,.T.);
#4458 = EDGE_CURVE('',#4451,#4459,#4461,.T.);
#4459 = VERTEX_POINT('',#4460);
#4460 = CARTESIAN_POINT('',(-101.5999999999,6.4262E+03,
    2.580471669752E+03));
#4461 = LINE('',#4462,#4463);
#4462 = CARTESIAN_POINT('',(-381.548353478,6.4262E+03,2.51401373408E+03)
  );
#4463 = VECTOR('',#4464,1.);
#4464 = DIRECTION('',(-0.972959828882,2.775557561563E-16,-0.230974395512
    ));
#4465 = ORIENTED_EDGE('',*,*,#4466,.F.);
#4466 = EDGE_CURVE('',#4366,#4459,#4467,.T.);
#4467 = LINE('',#4468,#4469);
#4468 = CARTESIAN_POINT('',(-101.6,3.289226046166E+03,3.271976405817E+03
    ));
#4469 = VECTOR('',#4470,1.);
#4470 = DIRECTION('',(3.330669073875E-16,0.976554855812,-0.215268700907)
  );
#4471 = ORIENTED_EDGE('',*,*,#4373,.T.);
#4472 = ORIENTED_EDGE('',*,*,#4426,.T.);
#4473 = PLANE('',#4474);
#4474 = AXIS2_PLACEMENT_3D('',#4475,#4476,#4477);
#4475 = CARTESIAN_POINT('',(-231.0009565751,6.521722335464E+03,
    2.528696071125E+03));
#4476 = DIRECTION('',(-0.225838502996,0.209707181354,0.951325322197));
#4477 = DIRECTION('',(0.697125004525,-0.647330361345,0.308188467252));
#4478 = ADVANCED_FACE('',(#4479),#4497,.F.);
#4479 = FACE_BOUND('',#4480,.F.);
#4480 = EDGE_LOOP('',(#4481,#4482,#4483,#4491));
#4481 = ORIENTED_EDGE('',*,*,#4466,.F.);
#4482 = ORIENTED_EDGE('',*,*,#4365,.T.);
#4483 = ORIENTED_EDGE('',*,*,#4484,.F.);
#4484 = EDGE_CURVE('',#4485,#4358,#4487,.T.);
#4485 = VERTEX_POINT('',#4486);
#4486 = CARTESIAN_POINT('',(-101.5999999999,6.4262E+03,2.5019E+03));
#4487 = LINE('',#4488,#4489);
#4488 = CARTESIAN_POINT('',(-101.6,2.98966116052E+03,2.5019E+03));
#4489 = VECTOR('',#4490,1.);
#4490 = DIRECTION('',(-3.330669073875E-16,-1.,0.));
#4491 = ORIENTED_EDGE('',*,*,#4492,.F.);
#4492 = EDGE_CURVE('',#4459,#4485,#4493,.T.);
#4493 = LINE('',#4494,#4495);
#4494 = CARTESIAN_POINT('',(-101.5999999999,6.4262E+03,1.9431E+03));
#4495 = VECTOR('',#4496,1.);
#4496 = DIRECTION('',(0.,0.,-1.));
#4497 = PLANE('',#4498);
#4498 = AXIS2_PLACEMENT_3D('',#4499,#4500,#4501);
#4499 = CARTESIAN_POINT('',(-101.6,-400.05,1.9431E+03));
#4500 = DIRECTION('',(1.,0.,0.));
#4501 = DIRECTION('',(0.,0.,1.));
#4502 = ADVANCED_FACE('',(#4503),#4522,.T.);
#4503 = FACE_BOUND('',#4504,.T.);
#4504 = EDGE_LOOP('',(#4505,#4506,#4514,#4520,#4521));
#4505 = ORIENTED_EDGE('',*,*,#4395,.F.);
#4506 = ORIENTED_EDGE('',*,*,#4507,.F.);
#4507 = EDGE_CURVE('',#4508,#4396,#4510,.T.);
#4508 = VERTEX_POINT('',#4509);
#4509 = CARTESIAN_POINT('',(-72.1384816173,6.4262E+03,2.5019E+03));
#4510 = LINE('',#4511,#4512);
#4511 = CARTESIAN_POINT('',(-242.978019469,6.584836713719E+03,2.5019E+03
    ));
#4512 = VECTOR('',#4513,1.);
#4513 = DIRECTION('',(0.732793491626,-0.680451099367,0.));
#4514 = ORIENTED_EDGE('',*,*,#4515,.T.);
#4515 = EDGE_CURVE('',#4508,#4451,#4516,.T.);
#4516 = LINE('',#4517,#4518);
#4517 = CARTESIAN_POINT('',(-72.1384816173,6.4262E+03,2.169447961807E+03
    ));
#4518 = VECTOR('',#4519,1.);
#4519 = DIRECTION('',(0.,0.,1.));
#4520 = ORIENTED_EDGE('',*,*,#4450,.T.);
#4521 = ORIENTED_EDGE('',*,*,#4436,.T.);
#4522 = PLANE('',#4523);
#4523 = AXIS2_PLACEMENT_3D('',#4524,#4525,#4526);
#4524 = CARTESIAN_POINT('',(-173.5261308206,6.52034567426E+03,
    2.395795923614E+03));
#4525 = DIRECTION('',(0.680451099367,0.732793491626,0.));
#4526 = DIRECTION('',(-0.225838502996,0.209707181354,0.951325322197));
#4527 = ADVANCED_FACE('',(#4528),#4539,.T.);
#4528 = FACE_BOUND('',#4529,.T.);
#4529 = EDGE_LOOP('',(#4530,#4536,#4537,#4538));
#4530 = ORIENTED_EDGE('',*,*,#4531,.F.);
#4531 = EDGE_CURVE('',#4485,#4508,#4532,.T.);
#4532 = LINE('',#4533,#4534);
#4533 = CARTESIAN_POINT('',(-224.3925314017,6.4262E+03,2.5019E+03));
#4534 = VECTOR('',#4535,1.);
#4535 = DIRECTION('',(1.,-3.330669073875E-16,0.));
#4536 = ORIENTED_EDGE('',*,*,#4492,.F.);
#4537 = ORIENTED_EDGE('',*,*,#4458,.F.);
#4538 = ORIENTED_EDGE('',*,*,#4515,.F.);
#4539 = PLANE('',#4540);
#4540 = AXIS2_PLACEMENT_3D('',#4541,#4542,#4543);
#4541 = CARTESIAN_POINT('',(-400.05,6.4262E+03,1.9431E+03));
#4542 = DIRECTION('',(0.,1.,0.));
#4543 = DIRECTION('',(0.,0.,1.));
#4544 = ADVANCED_FACE('',(#4545),#4552,.T.);
#4545 = FACE_BOUND('',#4546,.T.);
#4546 = EDGE_LOOP('',(#4547,#4548,#4549,#4550,#4551));
#4547 = ORIENTED_EDGE('',*,*,#4484,.F.);
#4548 = ORIENTED_EDGE('',*,*,#4531,.T.);
#4549 = ORIENTED_EDGE('',*,*,#4507,.T.);
#4550 = ORIENTED_EDGE('',*,*,#4405,.F.);
#4551 = ORIENTED_EDGE('',*,*,#4357,.F.);
#4552 = PLANE('',#4553);
#4553 = AXIS2_PLACEMENT_3D('',#4554,#4555,#4556);
#4554 = CARTESIAN_POINT('',(-19.94106175175,6.35152517313E+03,2.5019E+03
    ));
#4555 = DIRECTION('',(-0.,0.,-1.));
#4556 = DIRECTION('',(-0.732793491626,0.680451099367,0.));
#4557 = MANIFOLD_SOLID_BREP('',#4558);
#4558 = CLOSED_SHELL('',(#4559,#4607,#4638,#4662,#4694,#4718,#4743,#4760
    ));
#4559 = ADVANCED_FACE('',(#4560),#4602,.F.);
#4560 = FACE_BOUND('',#4561,.F.);
#4561 = EDGE_LOOP('',(#4562,#4572,#4580,#4588,#4596));
#4562 = ORIENTED_EDGE('',*,*,#4563,.F.);
#4563 = EDGE_CURVE('',#4564,#4566,#4568,.T.);
#4564 = VERTEX_POINT('',#4565);
#4565 = CARTESIAN_POINT('',(6.270817783362E+03,6.297480780192E+03,
    2.5019E+03));
#4566 = VERTEX_POINT('',#4567);
#4567 = CARTESIAN_POINT('',(3.155687406557E+03,3.404859716015E+03,
    3.879052232217E+03));
#4568 = LINE('',#4569,#4570);
#4569 = CARTESIAN_POINT('',(6.510826130821E+03,6.52034567426E+03,
    2.395795923614E+03));
#4570 = VECTOR('',#4571,1.);
#4571 = DIRECTION('',(-0.697125004525,-0.647330361345,0.308188467252));
#4572 = ORIENTED_EDGE('',*,*,#4573,.F.);
#4573 = EDGE_CURVE('',#4574,#4564,#4576,.T.);
#4574 = VERTEX_POINT('',#4575);
#4575 = CARTESIAN_POINT('',(6.409438481617E+03,6.4262E+03,2.5019E+03));
#4576 = LINE('',#4577,#4578);
#4577 = CARTESIAN_POINT('',(4.606500878278E+03,4.752043654042E+03,
    2.5019E+03));
#4578 = VECTOR('',#4579,1.);
#4579 = DIRECTION('',(-0.732793491626,-0.680451099367,0.));
#4580 = ORIENTED_EDGE('',*,*,#4581,.T.);
#4581 = EDGE_CURVE('',#4574,#4582,#4584,.T.);
#4582 = VERTEX_POINT('',#4583);
#4583 = CARTESIAN_POINT('',(6.409438481617E+03,6.4262E+03,
    2.587465644423E+03));
#4584 = LINE('',#4585,#4586);
#4585 = CARTESIAN_POINT('',(6.409438481617E+03,6.4262E+03,
    2.169447961807E+03));
#4586 = VECTOR('',#4587,1.);
#4587 = DIRECTION('',(0.,0.,1.));
#4588 = ORIENTED_EDGE('',*,*,#4589,.T.);
#4589 = EDGE_CURVE('',#4582,#4590,#4592,.T.);
#4590 = VERTEX_POINT('',#4591);
#4591 = CARTESIAN_POINT('',(3.155687406557E+03,3.404859716015E+03,
    4.0259E+03));
#4592 = LINE('',#4593,#4594);
#4593 = CARTESIAN_POINT('',(6.542375769689E+03,6.549641767495E+03,
    2.528696071125E+03));
#4594 = VECTOR('',#4595,1.);
#4595 = DIRECTION('',(-0.697125004525,-0.647330361345,0.308188467252));
#4596 = ORIENTED_EDGE('',*,*,#4597,.T.);
#4597 = EDGE_CURVE('',#4590,#4566,#4598,.T.);
#4598 = LINE('',#4599,#4600);
#4599 = CARTESIAN_POINT('',(3.155687406557E+03,3.404859716015E+03,
    2.413422961807E+03));
#4600 = VECTOR('',#4601,1.);
#4601 = DIRECTION('',(0.,-0.,-1.));
#4602 = PLANE('',#4603);
#4603 = AXIS2_PLACEMENT_3D('',#4604,#4605,#4606);
#4604 = CARTESIAN_POINT('',(6.510826130821E+03,6.52034567426E+03,
    2.395795923614E+03));
#4605 = DIRECTION('',(0.680451099367,-0.732793491626,0.));
#4606 = DIRECTION('',(0.225838502996,0.209707181354,0.951325322197));
#4607 = ADVANCED_FACE('',(#4608),#4633,.F.);
#4608 = FACE_BOUND('',#4609,.F.);
#4609 = EDGE_LOOP('',(#4610,#4620,#4626,#4627));
#4610 = ORIENTED_EDGE('',*,*,#4611,.F.);
#4611 = EDGE_CURVE('',#4612,#4614,#4616,.T.);
#4612 = VERTEX_POINT('',#4613);
#4613 = CARTESIAN_POINT('',(6.296742970248E+03,6.269561348161E+03,
    2.5019E+03));
#4614 = VERTEX_POINT('',#4615);
#4615 = CARTESIAN_POINT('',(3.181612593443E+03,3.376940283985E+03,
    3.879052232217E+03));
#4616 = LINE('',#4617,#4618);
#4617 = CARTESIAN_POINT('',(6.536751317707E+03,6.492426242229E+03,
    2.395795923614E+03));
#4618 = VECTOR('',#4619,1.);
#4619 = DIRECTION('',(-0.697125004525,-0.647330361345,0.308188467252));
#4620 = ORIENTED_EDGE('',*,*,#4621,.F.);
#4621 = EDGE_CURVE('',#4564,#4612,#4622,.T.);
#4622 = LINE('',#4623,#4624);
#4623 = CARTESIAN_POINT('',(6.175758764781E+03,6.399852030972E+03,
    2.5019E+03));
#4624 = VECTOR('',#4625,1.);
#4625 = DIRECTION('',(0.680451099367,-0.732793491626,0.));
#4626 = ORIENTED_EDGE('',*,*,#4563,.T.);
#4627 = ORIENTED_EDGE('',*,*,#4628,.T.);
#4628 = EDGE_CURVE('',#4566,#4614,#4629,.T.);
#4629 = LINE('',#4630,#4631);
#4630 = CARTESIAN_POINT('',(3.155347181007E+03,3.405226112761E+03,
    3.879052232217E+03));
#4631 = VECTOR('',#4632,1.);
#4632 = DIRECTION('',(0.680451099367,-0.732793491626,0.));
#4633 = PLANE('',#4634);
#4634 = AXIS2_PLACEMENT_3D('',#4635,#4636,#4637);
#4635 = CARTESIAN_POINT('',(6.510826130821E+03,6.52034567426E+03,
    2.395795923614E+03));
#4636 = DIRECTION('',(0.225838502996,0.209707181354,0.951325322197));
#4637 = DIRECTION('',(-0.697125004525,-0.647330361345,0.308188467252));
#4638 = ADVANCED_FACE('',(#4639),#4657,.T.);
#4639 = FACE_BOUND('',#4640,.T.);
#4640 = EDGE_LOOP('',(#4641,#4649,#4650,#4651));
#4641 = ORIENTED_EDGE('',*,*,#4642,.F.);
#4642 = EDGE_CURVE('',#4590,#4643,#4645,.T.);
#4643 = VERTEX_POINT('',#4644);
#4644 = CARTESIAN_POINT('',(3.181612593443E+03,3.376940283985E+03,
    4.0259E+03));
#4645 = LINE('',#4646,#4647);
#4646 = CARTESIAN_POINT('',(3.155347181007E+03,3.405226112761E+03,
    4.0259E+03));
#4647 = VECTOR('',#4648,1.);
#4648 = DIRECTION('',(0.680451099367,-0.732793491626,0.));
#4649 = ORIENTED_EDGE('',*,*,#4597,.T.);
#4650 = ORIENTED_EDGE('',*,*,#4628,.T.);
#4651 = ORIENTED_EDGE('',*,*,#4652,.F.);
#4652 = EDGE_CURVE('',#4643,#4614,#4653,.T.);
#4653 = LINE('',#4654,#4655);
#4654 = CARTESIAN_POINT('',(3.181612593443E+03,3.376940283985E+03,
    2.413422961807E+03));
#4655 = VECTOR('',#4656,1.);
#4656 = DIRECTION('',(0.,-0.,-1.));
#4657 = PLANE('',#4658);
#4658 = AXIS2_PLACEMENT_3D('',#4659,#4660,#4661);
#4659 = CARTESIAN_POINT('',(3.155006955458E+03,3.405592509507E+03,
    2.43105E+03));
#4660 = DIRECTION('',(-0.732793491626,-0.680451099367,0.));
#4661 = DIRECTION('',(0.,0.,1.));
#4662 = ADVANCED_FACE('',(#4663),#4689,.T.);
#4663 = FACE_BOUND('',#4664,.T.);
#4664 = EDGE_LOOP('',(#4665,#4673,#4681,#4687,#4688));
#4665 = ORIENTED_EDGE('',*,*,#4666,.F.);
#4666 = EDGE_CURVE('',#4667,#4643,#4669,.T.);
#4667 = VERTEX_POINT('',#4668);
#4668 = CARTESIAN_POINT('',(6.4389E+03,6.401564304359E+03,
    2.585902285518E+03));
#4669 = LINE('',#4670,#4671);
#4670 = CARTESIAN_POINT('',(6.568300956575E+03,6.521722335464E+03,
    2.528696071125E+03));
#4671 = VECTOR('',#4672,1.);
#4672 = DIRECTION('',(-0.697125004525,-0.647330361345,0.308188467252));
#4673 = ORIENTED_EDGE('',*,*,#4674,.T.);
#4674 = EDGE_CURVE('',#4667,#4675,#4677,.T.);
#4675 = VERTEX_POINT('',#4676);
#4676 = CARTESIAN_POINT('',(6.4389E+03,6.4262E+03,2.580471669752E+03));
#4677 = LINE('',#4678,#4679);
#4678 = CARTESIAN_POINT('',(6.4389E+03,3.302538860376E+03,
    3.269041770652E+03));
#4679 = VECTOR('',#4680,1.);
#4680 = DIRECTION('',(1.110223024625E-16,0.976554855812,-0.215268700907)
  );
#4681 = ORIENTED_EDGE('',*,*,#4682,.T.);
#4682 = EDGE_CURVE('',#4675,#4582,#4683,.T.);
#4683 = LINE('',#4684,#4685);
#4684 = CARTESIAN_POINT('',(3.328264491566E+03,6.4262E+03,
    3.318916500558E+03));
#4685 = VECTOR('',#4686,1.);
#4686 = DIRECTION('',(-0.972959828882,2.22044604925E-16,0.230974395512)
  );
#4687 = ORIENTED_EDGE('',*,*,#4589,.T.);
#4688 = ORIENTED_EDGE('',*,*,#4642,.T.);
#4689 = PLANE('',#4690);
#4690 = AXIS2_PLACEMENT_3D('',#4691,#4692,#4693);
#4691 = CARTESIAN_POINT('',(6.542375769689E+03,6.549641767495E+03,
    2.528696071125E+03));
#4692 = DIRECTION('',(0.225838502996,0.209707181354,0.951325322197));
#4693 = DIRECTION('',(-0.697125004525,-0.647330361345,0.308188467252));
#4694 = ADVANCED_FACE('',(#4695),#4713,.T.);
#4695 = FACE_BOUND('',#4696,.T.);
#4696 = EDGE_LOOP('',(#4697,#4705,#4706,#4707));
#4697 = ORIENTED_EDGE('',*,*,#4698,.F.);
#4698 = EDGE_CURVE('',#4574,#4699,#4701,.T.);
#4699 = VERTEX_POINT('',#4700);
#4700 = CARTESIAN_POINT('',(6.4389E+03,6.4262E+03,2.5019E+03));
#4701 = LINE('',#4702,#4703);
#4702 = CARTESIAN_POINT('',(2.992992531402E+03,6.4262E+03,2.5019E+03));
#4703 = VECTOR('',#4704,1.);
#4704 = DIRECTION('',(1.,-1.665334536938E-16,0.));
#4705 = ORIENTED_EDGE('',*,*,#4581,.T.);
#4706 = ORIENTED_EDGE('',*,*,#4682,.F.);
#4707 = ORIENTED_EDGE('',*,*,#4708,.T.);
#4708 = EDGE_CURVE('',#4675,#4699,#4709,.T.);
#4709 = LINE('',#4710,#4711);
#4710 = CARTESIAN_POINT('',(6.4389E+03,6.4262E+03,1.9431E+03));
#4711 = VECTOR('',#4712,1.);
#4712 = DIRECTION('',(0.,0.,-1.));
#4713 = PLANE('',#4714);
#4714 = AXIS2_PLACEMENT_3D('',#4715,#4716,#4717);
#4715 = CARTESIAN_POINT('',(-400.05,6.4262E+03,1.9431E+03));
#4716 = DIRECTION('',(3.885780586188E-16,1.,0.));
#4717 = DIRECTION('',(0.,0.,1.));
#4718 = ADVANCED_FACE('',(#4719),#4738,.T.);
#4719 = FACE_BOUND('',#4720,.T.);
#4720 = EDGE_LOOP('',(#4721,#4722,#4730,#4736,#4737));
#4721 = ORIENTED_EDGE('',*,*,#4611,.F.);
#4722 = ORIENTED_EDGE('',*,*,#4723,.F.);
#4723 = EDGE_CURVE('',#4724,#4612,#4726,.T.);
#4724 = VERTEX_POINT('',#4725);
#4725 = CARTESIAN_POINT('',(6.4389E+03,6.401564304359E+03,2.5019E+03));
#4726 = LINE('',#4727,#4728);
#4727 = CARTESIAN_POINT('',(6.606203206355E+03,6.556917281689E+03,
    2.5019E+03));
#4728 = VECTOR('',#4729,1.);
#4729 = DIRECTION('',(-0.732793491626,-0.680451099367,0.));
#4730 = ORIENTED_EDGE('',*,*,#4731,.T.);
#4731 = EDGE_CURVE('',#4724,#4667,#4732,.T.);
#4732 = LINE('',#4733,#4734);
#4733 = CARTESIAN_POINT('',(6.4389E+03,6.401564304359E+03,
    2.169447961807E+03));
#4734 = VECTOR('',#4735,1.);
#4735 = DIRECTION('',(0.,0.,1.));
#4736 = ORIENTED_EDGE('',*,*,#4666,.T.);
#4737 = ORIENTED_EDGE('',*,*,#4652,.T.);
#4738 = PLANE('',#4739);
#4739 = AXIS2_PLACEMENT_3D('',#4740,#4741,#4742);
#4740 = CARTESIAN_POINT('',(6.536751317707E+03,6.492426242229E+03,
    2.395795923614E+03));
#4741 = DIRECTION('',(0.680451099367,-0.732793491626,0.));
#4742 = DIRECTION('',(0.225838502996,0.209707181354,0.951325322197));
#4743 = ADVANCED_FACE('',(#4744),#4755,.T.);
#4744 = FACE_BOUND('',#4745,.T.);
#4745 = EDGE_LOOP('',(#4746,#4747,#4748,#4754));
#4746 = ORIENTED_EDGE('',*,*,#4674,.F.);
#4747 = ORIENTED_EDGE('',*,*,#4731,.F.);
#4748 = ORIENTED_EDGE('',*,*,#4749,.F.);
#4749 = EDGE_CURVE('',#4699,#4724,#4750,.T.);
#4750 = LINE('',#4751,#4752);
#4751 = CARTESIAN_POINT('',(6.4389E+03,2.98966116052E+03,2.5019E+03));
#4752 = VECTOR('',#4753,1.);
#4753 = DIRECTION('',(-1.665334536938E-16,-1.,0.));
#4754 = ORIENTED_EDGE('',*,*,#4708,.F.);
#4755 = PLANE('',#4756);
#4756 = AXIS2_PLACEMENT_3D('',#4757,#4758,#4759);
#4757 = CARTESIAN_POINT('',(6.4389E+03,-400.05,1.9431E+03));
#4758 = DIRECTION('',(1.,-3.885780586188E-16,0.));
#4759 = DIRECTION('',(0.,0.,1.));
#4760 = ADVANCED_FACE('',(#4761),#4768,.T.);
#4761 = FACE_BOUND('',#4762,.T.);
#4762 = EDGE_LOOP('',(#4763,#4764,#4765,#4766,#4767));
#4763 = ORIENTED_EDGE('',*,*,#4573,.F.);
#4764 = ORIENTED_EDGE('',*,*,#4698,.T.);
#4765 = ORIENTED_EDGE('',*,*,#4749,.T.);
#4766 = ORIENTED_EDGE('',*,*,#4723,.T.);
#4767 = ORIENTED_EDGE('',*,*,#4621,.F.);
#4768 = PLANE('',#4769);
#4769 = AXIS2_PLACEMENT_3D('',#4770,#4771,#4772);
#4770 = CARTESIAN_POINT('',(6.357241061752E+03,6.35152517313E+03,
    2.5019E+03));
#4771 = DIRECTION('',(0.,0.,-1.));
#4772 = DIRECTION('',(0.732793491626,0.680451099367,0.));
#4773 = MANIFOLD_SOLID_BREP('',#4774);
#4774 = CLOSED_SHELL('',(#4775,#4823,#4854,#4878,#4902,#4926,#4944));
#4775 = ADVANCED_FACE('',(#4776),#4818,.F.);
#4776 = FACE_BOUND('',#4777,.F.);
#4777 = EDGE_LOOP('',(#4778,#4788,#4796,#4804,#4812));
#4778 = ORIENTED_EDGE('',*,*,#4779,.F.);
#4779 = EDGE_CURVE('',#4780,#4782,#4784,.T.);
#4780 = VERTEX_POINT('',#4781);
#4781 = CARTESIAN_POINT('',(425.45,57.623488897394,2.5019E+03));
#4782 = VERTEX_POINT('',#4783);
#4783 = CARTESIAN_POINT('',(425.45,368.75357142857,2.650026380249E+03));
#4784 = LINE('',#4785,#4786);
#4785 = CARTESIAN_POINT('',(425.45,-186.7329194201,2.385563996872E+03));
#4786 = VECTOR('',#4787,1.);
#4787 = DIRECTION('',(2.004830108882E-16,0.90289521313,0.429860714775));
#4788 = ORIENTED_EDGE('',*,*,#4789,.F.);
#4789 = EDGE_CURVE('',#4790,#4780,#4792,.T.);
#4790 = VERTEX_POINT('',#4791);
#4791 = CARTESIAN_POINT('',(425.45,-101.6,2.5019E+03));
#4792 = LINE('',#4793,#4794);
#4793 = CARTESIAN_POINT('',(425.45,-293.39145971,2.5019E+03));
#4794 = VECTOR('',#4795,1.);
#4795 = DIRECTION('',(2.22044604925E-16,1.,0.));
#4796 = ORIENTED_EDGE('',*,*,#4797,.F.);
#4797 = EDGE_CURVE('',#4798,#4790,#4800,.T.);
#4798 = VERTEX_POINT('',#4799);
#4799 = CARTESIAN_POINT('',(425.45,-101.6,2.58081954262E+03));
#4800 = LINE('',#4801,#4802);
#4801 = CARTESIAN_POINT('',(425.45,-101.6,2.164331998436E+03));
#4802 = VECTOR('',#4803,1.);
#4803 = DIRECTION('',(0.,0.,-1.));
#4804 = ORIENTED_EDGE('',*,*,#4805,.T.);
#4805 = EDGE_CURVE('',#4798,#4806,#4808,.T.);
#4806 = VERTEX_POINT('',#4807);
#4807 = CARTESIAN_POINT('',(425.45,368.75357142857,2.804750868726E+03));
#4808 = LINE('',#4809,#4810);
#4809 = CARTESIAN_POINT('',(425.45,-246.7844612742,2.511698458146E+03));
#4810 = VECTOR('',#4811,1.);
#4811 = DIRECTION('',(2.004830108882E-16,0.90289521313,0.429860714775));
#4812 = ORIENTED_EDGE('',*,*,#4813,.T.);
#4813 = EDGE_CURVE('',#4806,#4782,#4814,.T.);
#4814 = LINE('',#4815,#4816);
#4815 = CARTESIAN_POINT('',(425.45,368.75357142857,2.408306998436E+03));
#4816 = VECTOR('',#4817,1.);
#4817 = DIRECTION('',(0.,0.,-1.));
#4818 = PLANE('',#4819);
#4819 = AXIS2_PLACEMENT_3D('',#4820,#4821,#4822);
#4820 = CARTESIAN_POINT('',(425.45,-186.7329194201,2.385563996872E+03));
#4821 = DIRECTION('',(-1.,2.22044604925E-16,0.));
#4822 = DIRECTION('',(-9.544825258501E-17,-0.429860714775,0.90289521313)
  );
#4823 = ADVANCED_FACE('',(#4824),#4849,.F.);
#4824 = FACE_BOUND('',#4825,.F.);
#4825 = EDGE_LOOP('',(#4826,#4836,#4842,#4843));
#4826 = ORIENTED_EDGE('',*,*,#4827,.F.);
#4827 = EDGE_CURVE('',#4828,#4830,#4832,.T.);
#4828 = VERTEX_POINT('',#4829);
#4829 = CARTESIAN_POINT('',(387.35,57.623488897394,2.5019E+03));
#4830 = VERTEX_POINT('',#4831);
#4831 = CARTESIAN_POINT('',(387.35,368.75357142857,2.650026380249E+03));
#4832 = LINE('',#4833,#4834);
#4833 = CARTESIAN_POINT('',(387.35,-186.7329194201,2.385563996872E+03));
#4834 = VECTOR('',#4835,1.);
#4835 = DIRECTION('',(2.004830108882E-16,0.90289521313,0.429860714775));
#4836 = ORIENTED_EDGE('',*,*,#4837,.F.);
#4837 = EDGE_CURVE('',#4780,#4828,#4838,.T.);
#4838 = LINE('',#4839,#4840);
#4839 = CARTESIAN_POINT('',(565.15,57.623488897394,2.5019E+03));
#4840 = VECTOR('',#4841,1.);
#4841 = DIRECTION('',(-1.,2.22044604925E-16,0.));
#4842 = ORIENTED_EDGE('',*,*,#4779,.T.);
#4843 = ORIENTED_EDGE('',*,*,#4844,.T.);
#4844 = EDGE_CURVE('',#4782,#4830,#4845,.T.);
#4845 = LINE('',#4846,#4847);
#4846 = CARTESIAN_POINT('',(425.95,368.75357142857,2.650026380249E+03));
#4847 = VECTOR('',#4848,1.);
#4848 = DIRECTION('',(-1.,2.22044604925E-16,0.));
#4849 = PLANE('',#4850);
#4850 = AXIS2_PLACEMENT_3D('',#4851,#4852,#4853);
#4851 = CARTESIAN_POINT('',(425.45,-186.7329194201,2.385563996872E+03));
#4852 = DIRECTION('',(-9.544825258501E-17,-0.429860714775,0.90289521313)
  );
#4853 = DIRECTION('',(2.004830108882E-16,0.90289521313,0.429860714775));
#4854 = ADVANCED_FACE('',(#4855),#4873,.T.);
#4855 = FACE_BOUND('',#4856,.T.);
#4856 = EDGE_LOOP('',(#4857,#4865,#4866,#4867));
#4857 = ORIENTED_EDGE('',*,*,#4858,.F.);
#4858 = EDGE_CURVE('',#4806,#4859,#4861,.T.);
#4859 = VERTEX_POINT('',#4860);
#4860 = CARTESIAN_POINT('',(387.35,368.75357142857,2.804750868726E+03));
#4861 = LINE('',#4862,#4863);
#4862 = CARTESIAN_POINT('',(425.95,368.75357142857,2.804750868726E+03));
#4863 = VECTOR('',#4864,1.);
#4864 = DIRECTION('',(-1.,2.22044604925E-16,0.));
#4865 = ORIENTED_EDGE('',*,*,#4813,.T.);
#4866 = ORIENTED_EDGE('',*,*,#4844,.T.);
#4867 = ORIENTED_EDGE('',*,*,#4868,.F.);
#4868 = EDGE_CURVE('',#4859,#4830,#4869,.T.);
#4869 = LINE('',#4870,#4871);
#4870 = CARTESIAN_POINT('',(387.35,368.75357142857,2.408306998436E+03));
#4871 = VECTOR('',#4872,1.);
#4872 = DIRECTION('',(0.,0.,-1.));
#4873 = PLANE('',#4874);
#4874 = AXIS2_PLACEMENT_3D('',#4875,#4876,#4877);
#4875 = CARTESIAN_POINT('',(426.45,368.75357142857,2.43105E+03));
#4876 = DIRECTION('',(2.22044604925E-16,1.,0.));
#4877 = DIRECTION('',(0.,0.,1.));
#4878 = ADVANCED_FACE('',(#4879),#4897,.T.);
#4879 = FACE_BOUND('',#4880,.T.);
#4880 = EDGE_LOOP('',(#4881,#4889,#4895,#4896));
#4881 = ORIENTED_EDGE('',*,*,#4882,.F.);
#4882 = EDGE_CURVE('',#4883,#4859,#4885,.T.);
#4883 = VERTEX_POINT('',#4884);
#4884 = CARTESIAN_POINT('',(387.35,-101.6,2.58081954262E+03));
#4885 = LINE('',#4886,#4887);
#4886 = CARTESIAN_POINT('',(387.35,-246.7844612742,2.511698458146E+03));
#4887 = VECTOR('',#4888,1.);
#4888 = DIRECTION('',(2.004830108882E-16,0.90289521313,0.429860714775));
#4889 = ORIENTED_EDGE('',*,*,#4890,.F.);
#4890 = EDGE_CURVE('',#4798,#4883,#4891,.T.);
#4891 = LINE('',#4892,#4893);
#4892 = CARTESIAN_POINT('',(12.7,-101.6,2.58081954262E+03));
#4893 = VECTOR('',#4894,1.);
#4894 = DIRECTION('',(-1.,4.42044604925E-16,1.1E-16));
#4895 = ORIENTED_EDGE('',*,*,#4805,.T.);
#4896 = ORIENTED_EDGE('',*,*,#4858,.T.);
#4897 = PLANE('',#4898);
#4898 = AXIS2_PLACEMENT_3D('',#4899,#4900,#4901);
#4899 = CARTESIAN_POINT('',(425.45,-246.7844612742,2.511698458146E+03));
#4900 = DIRECTION('',(-9.544825258501E-17,-0.429860714775,0.90289521313)
  );
#4901 = DIRECTION('',(2.004830108882E-16,0.90289521313,0.429860714775));
#4902 = ADVANCED_FACE('',(#4903),#4921,.F.);
#4903 = FACE_BOUND('',#4904,.F.);
#4904 = EDGE_LOOP('',(#4905,#4906,#4907,#4915));
#4905 = ORIENTED_EDGE('',*,*,#4890,.F.);
#4906 = ORIENTED_EDGE('',*,*,#4797,.T.);
#4907 = ORIENTED_EDGE('',*,*,#4908,.T.);
#4908 = EDGE_CURVE('',#4790,#4909,#4911,.T.);
#4909 = VERTEX_POINT('',#4910);
#4910 = CARTESIAN_POINT('',(387.35,-101.6,2.5019E+03));
#4911 = LINE('',#4912,#4913);
#4912 = CARTESIAN_POINT('',(-400.05,-101.6,2.5019E+03));
#4913 = VECTOR('',#4914,1.);
#4914 = DIRECTION('',(-1.,4.42044604925E-16,0.));
#4915 = ORIENTED_EDGE('',*,*,#4916,.F.);
#4916 = EDGE_CURVE('',#4883,#4909,#4917,.T.);
#4917 = LINE('',#4918,#4919);
#4918 = CARTESIAN_POINT('',(387.35,-101.6,2.164331998436E+03));
#4919 = VECTOR('',#4920,1.);
#4920 = DIRECTION('',(0.,0.,-1.));
#4921 = PLANE('',#4922);
#4922 = AXIS2_PLACEMENT_3D('',#4923,#4924,#4925);
#4923 = CARTESIAN_POINT('',(-400.05,-101.6,1.9431E+03));
#4924 = DIRECTION('',(2.22044604925E-16,1.,0.));
#4925 = DIRECTION('',(0.,0.,1.));
#4926 = ADVANCED_FACE('',(#4927),#4939,.T.);
#4927 = FACE_BOUND('',#4928,.T.);
#4928 = EDGE_LOOP('',(#4929,#4930,#4936,#4937,#4938));
#4929 = ORIENTED_EDGE('',*,*,#4827,.F.);
#4930 = ORIENTED_EDGE('',*,*,#4931,.F.);
#4931 = EDGE_CURVE('',#4909,#4828,#4932,.T.);
#4932 = LINE('',#4933,#4934);
#4933 = CARTESIAN_POINT('',(387.35,-293.39145971,2.5019E+03));
#4934 = VECTOR('',#4935,1.);
#4935 = DIRECTION('',(2.22044604925E-16,1.,0.));
#4936 = ORIENTED_EDGE('',*,*,#4916,.F.);
#4937 = ORIENTED_EDGE('',*,*,#4882,.T.);
#4938 = ORIENTED_EDGE('',*,*,#4868,.T.);
#4939 = PLANE('',#4940);
#4940 = AXIS2_PLACEMENT_3D('',#4941,#4942,#4943);
#4941 = CARTESIAN_POINT('',(387.35,-186.7329194201,2.385563996872E+03));
#4942 = DIRECTION('',(-1.,2.22044604925E-16,0.));
#4943 = DIRECTION('',(-9.544825258501E-17,-0.429860714775,0.90289521313)
  );
#4944 = ADVANCED_FACE('',(#4945),#4951,.T.);
#4945 = FACE_BOUND('',#4946,.T.);
#4946 = EDGE_LOOP('',(#4947,#4948,#4949,#4950));
#4947 = ORIENTED_EDGE('',*,*,#4789,.F.);
#4948 = ORIENTED_EDGE('',*,*,#4908,.T.);
#4949 = ORIENTED_EDGE('',*,*,#4931,.T.);
#4950 = ORIENTED_EDGE('',*,*,#4837,.F.);
#4951 = PLANE('',#4952);
#4952 = AXIS2_PLACEMENT_3D('',#4953,#4954,#4955);
#4953 = CARTESIAN_POINT('',(406.4,-21.9882555513,2.5019E+03));
#4954 = DIRECTION('',(0.,-0.,-1.));
#4955 = DIRECTION('',(-2.22044604925E-16,-1.,0.));
#4956 = MANIFOLD_SOLID_BREP('',#4957);
#4957 = CLOSED_SHELL('',(#4958,#5006,#5037,#5061,#5085,#5109,#5127));
#4958 = ADVANCED_FACE('',(#4959),#5001,.F.);
#4959 = FACE_BOUND('',#4960,.F.);
#4960 = EDGE_LOOP('',(#4961,#4971,#4979,#4987,#4995));
#4961 = ORIENTED_EDGE('',*,*,#4962,.F.);
#4962 = EDGE_CURVE('',#4963,#4965,#4967,.T.);
#4963 = VERTEX_POINT('',#4964);
#4964 = CARTESIAN_POINT('',(1.03505E+03,57.623488897393,2.5019E+03));
#4965 = VERTEX_POINT('',#4966);
#4966 = CARTESIAN_POINT('',(1.03505E+03,934.81071428571,
    2.919521360944E+03));
#4967 = LINE('',#4968,#4969);
#4968 = CARTESIAN_POINT('',(1.03505E+03,-186.7329194201,
    2.385563996872E+03));
#4969 = VECTOR('',#4970,1.);
#4970 = DIRECTION('',(2.004830108882E-16,0.90289521313,0.429860714775));
#4971 = ORIENTED_EDGE('',*,*,#4972,.F.);
#4972 = EDGE_CURVE('',#4973,#4963,#4975,.T.);
#4973 = VERTEX_POINT('',#4974);
#4974 = CARTESIAN_POINT('',(1.03505E+03,-101.6,2.5019E+03));
#4975 = LINE('',#4976,#4977);
#4976 = CARTESIAN_POINT('',(1.03505E+03,-293.39145971,2.5019E+03));
#4977 = VECTOR('',#4978,1.);
#4978 = DIRECTION('',(2.22044604925E-16,1.,0.));
#4979 = ORIENTED_EDGE('',*,*,#4980,.F.);
#4980 = EDGE_CURVE('',#4981,#4973,#4983,.T.);
#4981 = VERTEX_POINT('',#4982);
#4982 = CARTESIAN_POINT('',(1.03505E+03,-101.6,2.58081954262E+03));
#4983 = LINE('',#4984,#4985);
#4984 = CARTESIAN_POINT('',(1.03505E+03,-101.6,2.164331998436E+03));
#4985 = VECTOR('',#4986,1.);
#4986 = DIRECTION('',(0.,0.,-1.));
#4987 = ORIENTED_EDGE('',*,*,#4988,.T.);
#4988 = EDGE_CURVE('',#4981,#4989,#4991,.T.);
#4989 = VERTEX_POINT('',#4990);
#4990 = CARTESIAN_POINT('',(1.03505E+03,934.81071428571,
    3.074245849421E+03));
#4991 = LINE('',#4992,#4993);
#4992 = CARTESIAN_POINT('',(1.03505E+03,-246.7844612742,
    2.511698458146E+03));
#4993 = VECTOR('',#4994,1.);
#4994 = DIRECTION('',(2.004830108882E-16,0.90289521313,0.429860714775));
#4995 = ORIENTED_EDGE('',*,*,#4996,.T.);
#4996 = EDGE_CURVE('',#4989,#4965,#4997,.T.);
#4997 = LINE('',#4998,#4999);
#4998 = CARTESIAN_POINT('',(1.03505E+03,934.81071428571,
    2.408306998436E+03));
#4999 = VECTOR('',#5000,1.);
#5000 = DIRECTION('',(0.,0.,-1.));
#5001 = PLANE('',#5002);
#5002 = AXIS2_PLACEMENT_3D('',#5003,#5004,#5005);
#5003 = CARTESIAN_POINT('',(1.03505E+03,-186.7329194201,
    2.385563996872E+03));
#5004 = DIRECTION('',(-1.,2.22044604925E-16,0.));
#5005 = DIRECTION('',(-9.544825258501E-17,-0.429860714775,0.90289521313)
  );
#5006 = ADVANCED_FACE('',(#5007),#5032,.F.);
#5007 = FACE_BOUND('',#5008,.F.);
#5008 = EDGE_LOOP('',(#5009,#5019,#5025,#5026));
#5009 = ORIENTED_EDGE('',*,*,#5010,.F.);
#5010 = EDGE_CURVE('',#5011,#5013,#5015,.T.);
#5011 = VERTEX_POINT('',#5012);
#5012 = CARTESIAN_POINT('',(996.95,57.623488897393,2.5019E+03));
#5013 = VERTEX_POINT('',#5014);
#5014 = CARTESIAN_POINT('',(996.95,934.81071428571,2.919521360944E+03));
#5015 = LINE('',#5016,#5017);
#5016 = CARTESIAN_POINT('',(996.95,-186.7329194201,2.385563996872E+03));
#5017 = VECTOR('',#5018,1.);
#5018 = DIRECTION('',(2.004830108882E-16,0.90289521313,0.429860714775));
#5019 = ORIENTED_EDGE('',*,*,#5020,.F.);
#5020 = EDGE_CURVE('',#4963,#5011,#5021,.T.);
#5021 = LINE('',#5022,#5023);
#5022 = CARTESIAN_POINT('',(1.17475E+03,57.623488897393,2.5019E+03));
#5023 = VECTOR('',#5024,1.);
#5024 = DIRECTION('',(-1.,2.22044604925E-16,0.));
#5025 = ORIENTED_EDGE('',*,*,#4962,.T.);
#5026 = ORIENTED_EDGE('',*,*,#5027,.T.);
#5027 = EDGE_CURVE('',#4965,#5013,#5028,.T.);
#5028 = LINE('',#5029,#5030);
#5029 = CARTESIAN_POINT('',(1.03555E+03,934.81071428571,
    2.919521360944E+03));
#5030 = VECTOR('',#5031,1.);
#5031 = DIRECTION('',(-1.,2.22044604925E-16,0.));
#5032 = PLANE('',#5033);
#5033 = AXIS2_PLACEMENT_3D('',#5034,#5035,#5036);
#5034 = CARTESIAN_POINT('',(1.03505E+03,-186.7329194201,
    2.385563996872E+03));
#5035 = DIRECTION('',(-9.544825258501E-17,-0.429860714775,0.90289521313)
  );
#5036 = DIRECTION('',(2.004830108882E-16,0.90289521313,0.429860714775));
#5037 = ADVANCED_FACE('',(#5038),#5056,.T.);
#5038 = FACE_BOUND('',#5039,.T.);
#5039 = EDGE_LOOP('',(#5040,#5048,#5049,#5050));
#5040 = ORIENTED_EDGE('',*,*,#5041,.F.);
#5041 = EDGE_CURVE('',#4989,#5042,#5044,.T.);
#5042 = VERTEX_POINT('',#5043);
#5043 = CARTESIAN_POINT('',(996.95,934.81071428571,3.074245849421E+03));
#5044 = LINE('',#5045,#5046);
#5045 = CARTESIAN_POINT('',(1.03555E+03,934.81071428571,
    3.074245849421E+03));
#5046 = VECTOR('',#5047,1.);
#5047 = DIRECTION('',(-1.,2.22044604925E-16,0.));
#5048 = ORIENTED_EDGE('',*,*,#4996,.T.);
#5049 = ORIENTED_EDGE('',*,*,#5027,.T.);
#5050 = ORIENTED_EDGE('',*,*,#5051,.F.);
#5051 = EDGE_CURVE('',#5042,#5013,#5052,.T.);
#5052 = LINE('',#5053,#5054);
#5053 = CARTESIAN_POINT('',(996.95,934.81071428571,2.408306998436E+03));
#5054 = VECTOR('',#5055,1.);
#5055 = DIRECTION('',(0.,0.,-1.));
#5056 = PLANE('',#5057);
#5057 = AXIS2_PLACEMENT_3D('',#5058,#5059,#5060);
#5058 = CARTESIAN_POINT('',(1.03605E+03,934.81071428571,2.43105E+03));
#5059 = DIRECTION('',(2.22044604925E-16,1.,0.));
#5060 = DIRECTION('',(0.,0.,1.));
#5061 = ADVANCED_FACE('',(#5062),#5080,.T.);
#5062 = FACE_BOUND('',#5063,.T.);
#5063 = EDGE_LOOP('',(#5064,#5072,#5078,#5079));
#5064 = ORIENTED_EDGE('',*,*,#5065,.F.);
#5065 = EDGE_CURVE('',#5066,#5042,#5068,.T.);
#5066 = VERTEX_POINT('',#5067);
#5067 = CARTESIAN_POINT('',(996.95,-101.6,2.58081954262E+03));
#5068 = LINE('',#5069,#5070);
#5069 = CARTESIAN_POINT('',(996.95,-246.7844612742,2.511698458146E+03));
#5070 = VECTOR('',#5071,1.);
#5071 = DIRECTION('',(2.004830108882E-16,0.90289521313,0.429860714775));
#5072 = ORIENTED_EDGE('',*,*,#5073,.F.);
#5073 = EDGE_CURVE('',#4981,#5066,#5074,.T.);
#5074 = LINE('',#5075,#5076);
#5075 = CARTESIAN_POINT('',(317.5,-101.6,2.58081954262E+03));
#5076 = VECTOR('',#5077,1.);
#5077 = DIRECTION('',(-1.,4.42044604925E-16,1.1E-16));
#5078 = ORIENTED_EDGE('',*,*,#4988,.T.);
#5079 = ORIENTED_EDGE('',*,*,#5041,.T.);
#5080 = PLANE('',#5081);
#5081 = AXIS2_PLACEMENT_3D('',#5082,#5083,#5084);
#5082 = CARTESIAN_POINT('',(1.03505E+03,-246.7844612742,
    2.511698458146E+03));
#5083 = DIRECTION('',(-9.544825258501E-17,-0.429860714775,0.90289521313)
  );
#5084 = DIRECTION('',(2.004830108882E-16,0.90289521313,0.429860714775));
#5085 = ADVANCED_FACE('',(#5086),#5104,.F.);
#5086 = FACE_BOUND('',#5087,.F.);
#5087 = EDGE_LOOP('',(#5088,#5089,#5090,#5098));
#5088 = ORIENTED_EDGE('',*,*,#5073,.F.);
#5089 = ORIENTED_EDGE('',*,*,#4980,.T.);
#5090 = ORIENTED_EDGE('',*,*,#5091,.T.);
#5091 = EDGE_CURVE('',#4973,#5092,#5094,.T.);
#5092 = VERTEX_POINT('',#5093);
#5093 = CARTESIAN_POINT('',(996.95,-101.6,2.5019E+03));
#5094 = LINE('',#5095,#5096);
#5095 = CARTESIAN_POINT('',(-400.05,-101.6,2.5019E+03));
#5096 = VECTOR('',#5097,1.);
#5097 = DIRECTION('',(-1.,4.42044604925E-16,0.));
#5098 = ORIENTED_EDGE('',*,*,#5099,.F.);
#5099 = EDGE_CURVE('',#5066,#5092,#5100,.T.);
#5100 = LINE('',#5101,#5102);
#5101 = CARTESIAN_POINT('',(996.95,-101.6,2.164331998436E+03));
#5102 = VECTOR('',#5103,1.);
#5103 = DIRECTION('',(0.,0.,-1.));
#5104 = PLANE('',#5105);
#5105 = AXIS2_PLACEMENT_3D('',#5106,#5107,#5108);
#5106 = CARTESIAN_POINT('',(-400.05,-101.6,1.9431E+03));
#5107 = DIRECTION('',(2.22044604925E-16,1.,0.));
#5108 = DIRECTION('',(0.,0.,1.));
#5109 = ADVANCED_FACE('',(#5110),#5122,.T.);
#5110 = FACE_BOUND('',#5111,.T.);
#5111 = EDGE_LOOP('',(#5112,#5113,#5119,#5120,#5121));
#5112 = ORIENTED_EDGE('',*,*,#5010,.F.);
#5113 = ORIENTED_EDGE('',*,*,#5114,.F.);
#5114 = EDGE_CURVE('',#5092,#5011,#5115,.T.);
#5115 = LINE('',#5116,#5117);
#5116 = CARTESIAN_POINT('',(996.95,-293.39145971,2.5019E+03));
#5117 = VECTOR('',#5118,1.);
#5118 = DIRECTION('',(2.22044604925E-16,1.,0.));
#5119 = ORIENTED_EDGE('',*,*,#5099,.F.);
#5120 = ORIENTED_EDGE('',*,*,#5065,.T.);
#5121 = ORIENTED_EDGE('',*,*,#5051,.T.);
#5122 = PLANE('',#5123);
#5123 = AXIS2_PLACEMENT_3D('',#5124,#5125,#5126);
#5124 = CARTESIAN_POINT('',(996.95,-186.7329194201,2.385563996872E+03));
#5125 = DIRECTION('',(-1.,2.22044604925E-16,0.));
#5126 = DIRECTION('',(-9.544825258501E-17,-0.429860714775,0.90289521313)
  );
#5127 = ADVANCED_FACE('',(#5128),#5134,.T.);
#5128 = FACE_BOUND('',#5129,.T.);
#5129 = EDGE_LOOP('',(#5130,#5131,#5132,#5133));
#5130 = ORIENTED_EDGE('',*,*,#4972,.F.);
#5131 = ORIENTED_EDGE('',*,*,#5091,.T.);
#5132 = ORIENTED_EDGE('',*,*,#5114,.T.);
#5133 = ORIENTED_EDGE('',*,*,#5020,.F.);
#5134 = PLANE('',#5135);
#5135 = AXIS2_PLACEMENT_3D('',#5136,#5137,#5138);
#5136 = CARTESIAN_POINT('',(1.016E+03,-21.9882555513,2.5019E+03));
#5137 = DIRECTION('',(0.,-0.,-1.));
#5138 = DIRECTION('',(-2.22044604925E-16,-1.,0.));
#5139 = MANIFOLD_SOLID_BREP('',#5140);
#5140 = CLOSED_SHELL('',(#5141,#5189,#5220,#5244,#5268,#5292,#5310));
#5141 = ADVANCED_FACE('',(#5142),#5184,.F.);
#5142 = FACE_BOUND('',#5143,.F.);
#5143 = EDGE_LOOP('',(#5144,#5154,#5162,#5170,#5178));
#5144 = ORIENTED_EDGE('',*,*,#5145,.F.);
#5145 = EDGE_CURVE('',#5146,#5148,#5150,.T.);
#5146 = VERTEX_POINT('',#5147);
#5147 = CARTESIAN_POINT('',(1.64465E+03,57.623488897394,2.5019E+03));
#5148 = VERTEX_POINT('',#5149);
#5149 = CARTESIAN_POINT('',(1.64465E+03,1.500867857143E+03,
    3.189016341639E+03));
#5150 = LINE('',#5151,#5152);
#5151 = CARTESIAN_POINT('',(1.64465E+03,-186.7329194201,
    2.385563996872E+03));
#5152 = VECTOR('',#5153,1.);
#5153 = DIRECTION('',(2.004830108882E-16,0.90289521313,0.429860714775));
#5154 = ORIENTED_EDGE('',*,*,#5155,.F.);
#5155 = EDGE_CURVE('',#5156,#5146,#5158,.T.);
#5156 = VERTEX_POINT('',#5157);
#5157 = CARTESIAN_POINT('',(1.64465E+03,-101.6,2.5019E+03));
#5158 = LINE('',#5159,#5160);
#5159 = CARTESIAN_POINT('',(1.64465E+03,-293.39145971,2.5019E+03));
#5160 = VECTOR('',#5161,1.);
#5161 = DIRECTION('',(2.22044604925E-16,1.,0.));
#5162 = ORIENTED_EDGE('',*,*,#5163,.F.);
#5163 = EDGE_CURVE('',#5164,#5156,#5166,.T.);
#5164 = VERTEX_POINT('',#5165);
#5165 = CARTESIAN_POINT('',(1.64465E+03,-101.6,2.58081954262E+03));
#5166 = LINE('',#5167,#5168);
#5167 = CARTESIAN_POINT('',(1.64465E+03,-101.6,2.164331998436E+03));
#5168 = VECTOR('',#5169,1.);
#5169 = DIRECTION('',(0.,0.,-1.));
#5170 = ORIENTED_EDGE('',*,*,#5171,.T.);
#5171 = EDGE_CURVE('',#5164,#5172,#5174,.T.);
#5172 = VERTEX_POINT('',#5173);
#5173 = CARTESIAN_POINT('',(1.64465E+03,1.500867857143E+03,
    3.343740830116E+03));
#5174 = LINE('',#5175,#5176);
#5175 = CARTESIAN_POINT('',(1.64465E+03,-246.7844612742,
    2.511698458146E+03));
#5176 = VECTOR('',#5177,1.);
#5177 = DIRECTION('',(2.004830108882E-16,0.90289521313,0.429860714775));
#5178 = ORIENTED_EDGE('',*,*,#5179,.T.);
#5179 = EDGE_CURVE('',#5172,#5148,#5180,.T.);
#5180 = LINE('',#5181,#5182);
#5181 = CARTESIAN_POINT('',(1.64465E+03,1.500867857143E+03,
    2.408306998436E+03));
#5182 = VECTOR('',#5183,1.);
#5183 = DIRECTION('',(0.,0.,-1.));
#5184 = PLANE('',#5185);
#5185 = AXIS2_PLACEMENT_3D('',#5186,#5187,#5188);
#5186 = CARTESIAN_POINT('',(1.64465E+03,-186.7329194201,
    2.385563996872E+03));
#5187 = DIRECTION('',(-1.,2.22044604925E-16,0.));
#5188 = DIRECTION('',(-9.544825258501E-17,-0.429860714775,0.90289521313)
  );
#5189 = ADVANCED_FACE('',(#5190),#5215,.F.);
#5190 = FACE_BOUND('',#5191,.F.);
#5191 = EDGE_LOOP('',(#5192,#5202,#5208,#5209));
#5192 = ORIENTED_EDGE('',*,*,#5193,.F.);
#5193 = EDGE_CURVE('',#5194,#5196,#5198,.T.);
#5194 = VERTEX_POINT('',#5195);
#5195 = CARTESIAN_POINT('',(1.60655E+03,57.623488897394,2.5019E+03));
#5196 = VERTEX_POINT('',#5197);
#5197 = CARTESIAN_POINT('',(1.60655E+03,1.500867857143E+03,
    3.189016341639E+03));
#5198 = LINE('',#5199,#5200);
#5199 = CARTESIAN_POINT('',(1.60655E+03,-186.7329194201,
    2.385563996872E+03));
#5200 = VECTOR('',#5201,1.);
#5201 = DIRECTION('',(2.004830108882E-16,0.90289521313,0.429860714775));
#5202 = ORIENTED_EDGE('',*,*,#5203,.F.);
#5203 = EDGE_CURVE('',#5146,#5194,#5204,.T.);
#5204 = LINE('',#5205,#5206);
#5205 = CARTESIAN_POINT('',(1.78435E+03,57.623488897394,2.5019E+03));
#5206 = VECTOR('',#5207,1.);
#5207 = DIRECTION('',(-1.,2.22044604925E-16,0.));
#5208 = ORIENTED_EDGE('',*,*,#5145,.T.);
#5209 = ORIENTED_EDGE('',*,*,#5210,.T.);
#5210 = EDGE_CURVE('',#5148,#5196,#5211,.T.);
#5211 = LINE('',#5212,#5213);
#5212 = CARTESIAN_POINT('',(1.64515E+03,1.500867857143E+03,
    3.189016341639E+03));
#5213 = VECTOR('',#5214,1.);
#5214 = DIRECTION('',(-1.,2.22044604925E-16,0.));
#5215 = PLANE('',#5216);
#5216 = AXIS2_PLACEMENT_3D('',#5217,#5218,#5219);
#5217 = CARTESIAN_POINT('',(1.64465E+03,-186.7329194201,
    2.385563996872E+03));
#5218 = DIRECTION('',(-9.544825258501E-17,-0.429860714775,0.90289521313)
  );
#5219 = DIRECTION('',(2.004830108882E-16,0.90289521313,0.429860714775));
#5220 = ADVANCED_FACE('',(#5221),#5239,.T.);
#5221 = FACE_BOUND('',#5222,.T.);
#5222 = EDGE_LOOP('',(#5223,#5231,#5232,#5233));
#5223 = ORIENTED_EDGE('',*,*,#5224,.F.);
#5224 = EDGE_CURVE('',#5172,#5225,#5227,.T.);
#5225 = VERTEX_POINT('',#5226);
#5226 = CARTESIAN_POINT('',(1.60655E+03,1.500867857143E+03,
    3.343740830116E+03));
#5227 = LINE('',#5228,#5229);
#5228 = CARTESIAN_POINT('',(1.64515E+03,1.500867857143E+03,
    3.343740830116E+03));
#5229 = VECTOR('',#5230,1.);
#5230 = DIRECTION('',(-1.,2.22044604925E-16,0.));
#5231 = ORIENTED_EDGE('',*,*,#5179,.T.);
#5232 = ORIENTED_EDGE('',*,*,#5210,.T.);
#5233 = ORIENTED_EDGE('',*,*,#5234,.F.);
#5234 = EDGE_CURVE('',#5225,#5196,#5235,.T.);
#5235 = LINE('',#5236,#5237);
#5236 = CARTESIAN_POINT('',(1.60655E+03,1.500867857143E+03,
    2.408306998436E+03));
#5237 = VECTOR('',#5238,1.);
#5238 = DIRECTION('',(0.,0.,-1.));
#5239 = PLANE('',#5240);
#5240 = AXIS2_PLACEMENT_3D('',#5241,#5242,#5243);
#5241 = CARTESIAN_POINT('',(1.64565E+03,1.500867857143E+03,2.43105E+03)
  );
#5242 = DIRECTION('',(2.22044604925E-16,1.,0.));
#5243 = DIRECTION('',(0.,0.,1.));
#5244 = ADVANCED_FACE('',(#5245),#5263,.T.);
#5245 = FACE_BOUND('',#5246,.T.);
#5246 = EDGE_LOOP('',(#5247,#5255,#5261,#5262));
#5247 = ORIENTED_EDGE('',*,*,#5248,.F.);
#5248 = EDGE_CURVE('',#5249,#5225,#5251,.T.);
#5249 = VERTEX_POINT('',#5250);
#5250 = CARTESIAN_POINT('',(1.60655E+03,-101.6,2.58081954262E+03));
#5251 = LINE('',#5252,#5253);
#5252 = CARTESIAN_POINT('',(1.60655E+03,-246.7844612742,
    2.511698458146E+03));
#5253 = VECTOR('',#5254,1.);
#5254 = DIRECTION('',(2.004830108882E-16,0.90289521313,0.429860714775));
#5255 = ORIENTED_EDGE('',*,*,#5256,.F.);
#5256 = EDGE_CURVE('',#5164,#5249,#5257,.T.);
#5257 = LINE('',#5258,#5259);
#5258 = CARTESIAN_POINT('',(622.3,-101.6,2.58081954262E+03));
#5259 = VECTOR('',#5260,1.);
#5260 = DIRECTION('',(-1.,4.42044604925E-16,1.1E-16));
#5261 = ORIENTED_EDGE('',*,*,#5171,.T.);
#5262 = ORIENTED_EDGE('',*,*,#5224,.T.);
#5263 = PLANE('',#5264);
#5264 = AXIS2_PLACEMENT_3D('',#5265,#5266,#5267);
#5265 = CARTESIAN_POINT('',(1.64465E+03,-246.7844612742,
    2.511698458146E+03));
#5266 = DIRECTION('',(-9.544825258501E-17,-0.429860714775,0.90289521313)
  );
#5267 = DIRECTION('',(2.004830108882E-16,0.90289521313,0.429860714775));
#5268 = ADVANCED_FACE('',(#5269),#5287,.F.);
#5269 = FACE_BOUND('',#5270,.F.);
#5270 = EDGE_LOOP('',(#5271,#5272,#5273,#5281));
#5271 = ORIENTED_EDGE('',*,*,#5256,.F.);
#5272 = ORIENTED_EDGE('',*,*,#5163,.T.);
#5273 = ORIENTED_EDGE('',*,*,#5274,.T.);
#5274 = EDGE_CURVE('',#5156,#5275,#5277,.T.);
#5275 = VERTEX_POINT('',#5276);
#5276 = CARTESIAN_POINT('',(1.60655E+03,-101.6,2.5019E+03));
#5277 = LINE('',#5278,#5279);
#5278 = CARTESIAN_POINT('',(-400.05,-101.6,2.5019E+03));
#5279 = VECTOR('',#5280,1.);
#5280 = DIRECTION('',(-1.,4.42044604925E-16,0.));
#5281 = ORIENTED_EDGE('',*,*,#5282,.F.);
#5282 = EDGE_CURVE('',#5249,#5275,#5283,.T.);
#5283 = LINE('',#5284,#5285);
#5284 = CARTESIAN_POINT('',(1.60655E+03,-101.6,2.164331998436E+03));
#5285 = VECTOR('',#5286,1.);
#5286 = DIRECTION('',(0.,0.,-1.));
#5287 = PLANE('',#5288);
#5288 = AXIS2_PLACEMENT_3D('',#5289,#5290,#5291);
#5289 = CARTESIAN_POINT('',(-400.05,-101.6,1.9431E+03));
#5290 = DIRECTION('',(2.22044604925E-16,1.,0.));
#5291 = DIRECTION('',(0.,0.,1.));
#5292 = ADVANCED_FACE('',(#5293),#5305,.T.);
#5293 = FACE_BOUND('',#5294,.T.);
#5294 = EDGE_LOOP('',(#5295,#5296,#5302,#5303,#5304));
#5295 = ORIENTED_EDGE('',*,*,#5193,.F.);
#5296 = ORIENTED_EDGE('',*,*,#5297,.F.);
#5297 = EDGE_CURVE('',#5275,#5194,#5298,.T.);
#5298 = LINE('',#5299,#5300);
#5299 = CARTESIAN_POINT('',(1.60655E+03,-293.39145971,2.5019E+03));
#5300 = VECTOR('',#5301,1.);
#5301 = DIRECTION('',(2.22044604925E-16,1.,0.));
#5302 = ORIENTED_EDGE('',*,*,#5282,.F.);
#5303 = ORIENTED_EDGE('',*,*,#5248,.T.);
#5304 = ORIENTED_EDGE('',*,*,#5234,.T.);
#5305 = PLANE('',#5306);
#5306 = AXIS2_PLACEMENT_3D('',#5307,#5308,#5309);
#5307 = CARTESIAN_POINT('',(1.60655E+03,-186.7329194201,
    2.385563996872E+03));
#5308 = DIRECTION('',(-1.,2.22044604925E-16,0.));
#5309 = DIRECTION('',(-9.544825258501E-17,-0.429860714775,0.90289521313)
  );
#5310 = ADVANCED_FACE('',(#5311),#5317,.T.);
#5311 = FACE_BOUND('',#5312,.T.);
#5312 = EDGE_LOOP('',(#5313,#5314,#5315,#5316));
#5313 = ORIENTED_EDGE('',*,*,#5155,.F.);
#5314 = ORIENTED_EDGE('',*,*,#5274,.T.);
#5315 = ORIENTED_EDGE('',*,*,#5297,.T.);
#5316 = ORIENTED_EDGE('',*,*,#5203,.F.);
#5317 = PLANE('',#5318);
#5318 = AXIS2_PLACEMENT_3D('',#5319,#5320,#5321);
#5319 = CARTESIAN_POINT('',(1.6256E+03,-21.9882555513,2.5019E+03));
#5320 = DIRECTION('',(0.,-0.,-1.));
#5321 = DIRECTION('',(-2.22044604925E-16,-1.,0.));
#5322 = MANIFOLD_SOLID_BREP('',#5323);
#5323 = CLOSED_SHELL('',(#5324,#5372,#5403,#5427,#5451,#5475,#5493));
#5324 = ADVANCED_FACE('',(#5325),#5367,.F.);
#5325 = FACE_BOUND('',#5326,.F.);
#5326 = EDGE_LOOP('',(#5327,#5337,#5345,#5353,#5361));
#5327 = ORIENTED_EDGE('',*,*,#5328,.F.);
#5328 = EDGE_CURVE('',#5329,#5331,#5333,.T.);
#5329 = VERTEX_POINT('',#5330);
#5330 = CARTESIAN_POINT('',(2.25425E+03,57.623488897394,2.5019E+03));
#5331 = VERTEX_POINT('',#5332);
#5332 = CARTESIAN_POINT('',(2.25425E+03,2.066925E+03,3.458511322334E+03)
  );
#5333 = LINE('',#5334,#5335);
#5334 = CARTESIAN_POINT('',(2.25425E+03,-186.7329194201,
    2.385563996872E+03));
#5335 = VECTOR('',#5336,1.);
#5336 = DIRECTION('',(2.004830108882E-16,0.90289521313,0.429860714775));
#5337 = ORIENTED_EDGE('',*,*,#5338,.F.);
#5338 = EDGE_CURVE('',#5339,#5329,#5341,.T.);
#5339 = VERTEX_POINT('',#5340);
#5340 = CARTESIAN_POINT('',(2.25425E+03,-101.6,2.5019E+03));
#5341 = LINE('',#5342,#5343);
#5342 = CARTESIAN_POINT('',(2.25425E+03,-293.39145971,2.5019E+03));
#5343 = VECTOR('',#5344,1.);
#5344 = DIRECTION('',(2.22044604925E-16,1.,0.));
#5345 = ORIENTED_EDGE('',*,*,#5346,.F.);
#5346 = EDGE_CURVE('',#5347,#5339,#5349,.T.);
#5347 = VERTEX_POINT('',#5348);
#5348 = CARTESIAN_POINT('',(2.25425E+03,-101.6,2.58081954262E+03));
#5349 = LINE('',#5350,#5351);
#5350 = CARTESIAN_POINT('',(2.25425E+03,-101.6,2.164331998436E+03));
#5351 = VECTOR('',#5352,1.);
#5352 = DIRECTION('',(0.,0.,-1.));
#5353 = ORIENTED_EDGE('',*,*,#5354,.T.);
#5354 = EDGE_CURVE('',#5347,#5355,#5357,.T.);
#5355 = VERTEX_POINT('',#5356);
#5356 = CARTESIAN_POINT('',(2.25425E+03,2.066925E+03,3.613235810811E+03)
  );
#5357 = LINE('',#5358,#5359);
#5358 = CARTESIAN_POINT('',(2.25425E+03,-246.7844612742,
    2.511698458146E+03));
#5359 = VECTOR('',#5360,1.);
#5360 = DIRECTION('',(2.004830108882E-16,0.90289521313,0.429860714775));
#5361 = ORIENTED_EDGE('',*,*,#5362,.T.);
#5362 = EDGE_CURVE('',#5355,#5331,#5363,.T.);
#5363 = LINE('',#5364,#5365);
#5364 = CARTESIAN_POINT('',(2.25425E+03,2.066925E+03,2.408306998436E+03)
  );
#5365 = VECTOR('',#5366,1.);
#5366 = DIRECTION('',(0.,0.,-1.));
#5367 = PLANE('',#5368);
#5368 = AXIS2_PLACEMENT_3D('',#5369,#5370,#5371);
#5369 = CARTESIAN_POINT('',(2.25425E+03,-186.7329194201,
    2.385563996872E+03));
#5370 = DIRECTION('',(-1.,2.22044604925E-16,0.));
#5371 = DIRECTION('',(-9.544825258501E-17,-0.429860714775,0.90289521313)
  );
#5372 = ADVANCED_FACE('',(#5373),#5398,.F.);
#5373 = FACE_BOUND('',#5374,.F.);
#5374 = EDGE_LOOP('',(#5375,#5385,#5391,#5392));
#5375 = ORIENTED_EDGE('',*,*,#5376,.F.);
#5376 = EDGE_CURVE('',#5377,#5379,#5381,.T.);
#5377 = VERTEX_POINT('',#5378);
#5378 = CARTESIAN_POINT('',(2.21615E+03,57.623488897394,2.5019E+03));
#5379 = VERTEX_POINT('',#5380);
#5380 = CARTESIAN_POINT('',(2.21615E+03,2.066925E+03,3.458511322334E+03)
  );
#5381 = LINE('',#5382,#5383);
#5382 = CARTESIAN_POINT('',(2.21615E+03,-186.7329194201,
    2.385563996872E+03));
#5383 = VECTOR('',#5384,1.);
#5384 = DIRECTION('',(2.004830108882E-16,0.90289521313,0.429860714775));
#5385 = ORIENTED_EDGE('',*,*,#5386,.F.);
#5386 = EDGE_CURVE('',#5329,#5377,#5387,.T.);
#5387 = LINE('',#5388,#5389);
#5388 = CARTESIAN_POINT('',(2.39395E+03,57.623488897394,2.5019E+03));
#5389 = VECTOR('',#5390,1.);
#5390 = DIRECTION('',(-1.,2.22044604925E-16,0.));
#5391 = ORIENTED_EDGE('',*,*,#5328,.T.);
#5392 = ORIENTED_EDGE('',*,*,#5393,.T.);
#5393 = EDGE_CURVE('',#5331,#5379,#5394,.T.);
#5394 = LINE('',#5395,#5396);
#5395 = CARTESIAN_POINT('',(2.25475E+03,2.066925E+03,3.458511322334E+03)
  );
#5396 = VECTOR('',#5397,1.);
#5397 = DIRECTION('',(-1.,2.22044604925E-16,0.));
#5398 = PLANE('',#5399);
#5399 = AXIS2_PLACEMENT_3D('',#5400,#5401,#5402);
#5400 = CARTESIAN_POINT('',(2.25425E+03,-186.7329194201,
    2.385563996872E+03));
#5401 = DIRECTION('',(-9.544825258501E-17,-0.429860714775,0.90289521313)
  );
#5402 = DIRECTION('',(2.004830108882E-16,0.90289521313,0.429860714775));
#5403 = ADVANCED_FACE('',(#5404),#5422,.T.);
#5404 = FACE_BOUND('',#5405,.T.);
#5405 = EDGE_LOOP('',(#5406,#5414,#5415,#5416));
#5406 = ORIENTED_EDGE('',*,*,#5407,.F.);
#5407 = EDGE_CURVE('',#5355,#5408,#5410,.T.);
#5408 = VERTEX_POINT('',#5409);
#5409 = CARTESIAN_POINT('',(2.21615E+03,2.066925E+03,3.613235810811E+03)
  );
#5410 = LINE('',#5411,#5412);
#5411 = CARTESIAN_POINT('',(2.25475E+03,2.066925E+03,3.613235810811E+03)
  );
#5412 = VECTOR('',#5413,1.);
#5413 = DIRECTION('',(-1.,2.22044604925E-16,0.));
#5414 = ORIENTED_EDGE('',*,*,#5362,.T.);
#5415 = ORIENTED_EDGE('',*,*,#5393,.T.);
#5416 = ORIENTED_EDGE('',*,*,#5417,.F.);
#5417 = EDGE_CURVE('',#5408,#5379,#5418,.T.);
#5418 = LINE('',#5419,#5420);
#5419 = CARTESIAN_POINT('',(2.21615E+03,2.066925E+03,2.408306998436E+03)
  );
#5420 = VECTOR('',#5421,1.);
#5421 = DIRECTION('',(0.,0.,-1.));
#5422 = PLANE('',#5423);
#5423 = AXIS2_PLACEMENT_3D('',#5424,#5425,#5426);
#5424 = CARTESIAN_POINT('',(2.25525E+03,2.066925E+03,2.43105E+03));
#5425 = DIRECTION('',(2.22044604925E-16,1.,0.));
#5426 = DIRECTION('',(0.,0.,1.));
#5427 = ADVANCED_FACE('',(#5428),#5446,.T.);
#5428 = FACE_BOUND('',#5429,.T.);
#5429 = EDGE_LOOP('',(#5430,#5438,#5444,#5445));
#5430 = ORIENTED_EDGE('',*,*,#5431,.F.);
#5431 = EDGE_CURVE('',#5432,#5408,#5434,.T.);
#5432 = VERTEX_POINT('',#5433);
#5433 = CARTESIAN_POINT('',(2.21615E+03,-101.6,2.58081954262E+03));
#5434 = LINE('',#5435,#5436);
#5435 = CARTESIAN_POINT('',(2.21615E+03,-246.7844612742,
    2.511698458146E+03));
#5436 = VECTOR('',#5437,1.);
#5437 = DIRECTION('',(2.004830108882E-16,0.90289521313,0.429860714775));
#5438 = ORIENTED_EDGE('',*,*,#5439,.F.);
#5439 = EDGE_CURVE('',#5347,#5432,#5440,.T.);
#5440 = LINE('',#5441,#5442);
#5441 = CARTESIAN_POINT('',(927.1,-101.6,2.58081954262E+03));
#5442 = VECTOR('',#5443,1.);
#5443 = DIRECTION('',(-1.,4.42044604925E-16,1.1E-16));
#5444 = ORIENTED_EDGE('',*,*,#5354,.T.);
#5445 = ORIENTED_EDGE('',*,*,#5407,.T.);
#5446 = PLANE('',#5447);
#5447 = AXIS2_PLACEMENT_3D('',#5448,#5449,#5450);
#5448 = CARTESIAN_POINT('',(2.25425E+03,-246.7844612742,
    2.511698458146E+03));
#5449 = DIRECTION('',(-9.544825258501E-17,-0.429860714775,0.90289521313)
  );
#5450 = DIRECTION('',(2.004830108882E-16,0.90289521313,0.429860714775));
#5451 = ADVANCED_FACE('',(#5452),#5470,.F.);
#5452 = FACE_BOUND('',#5453,.F.);
#5453 = EDGE_LOOP('',(#5454,#5455,#5456,#5464));
#5454 = ORIENTED_EDGE('',*,*,#5439,.F.);
#5455 = ORIENTED_EDGE('',*,*,#5346,.T.);
#5456 = ORIENTED_EDGE('',*,*,#5457,.T.);
#5457 = EDGE_CURVE('',#5339,#5458,#5460,.T.);
#5458 = VERTEX_POINT('',#5459);
#5459 = CARTESIAN_POINT('',(2.21615E+03,-101.6,2.5019E+03));
#5460 = LINE('',#5461,#5462);
#5461 = CARTESIAN_POINT('',(-400.05,-101.6,2.5019E+03));
#5462 = VECTOR('',#5463,1.);
#5463 = DIRECTION('',(-1.,4.42044604925E-16,0.));
#5464 = ORIENTED_EDGE('',*,*,#5465,.F.);
#5465 = EDGE_CURVE('',#5432,#5458,#5466,.T.);
#5466 = LINE('',#5467,#5468);
#5467 = CARTESIAN_POINT('',(2.21615E+03,-101.6,2.164331998436E+03));
#5468 = VECTOR('',#5469,1.);
#5469 = DIRECTION('',(0.,0.,-1.));
#5470 = PLANE('',#5471);
#5471 = AXIS2_PLACEMENT_3D('',#5472,#5473,#5474);
#5472 = CARTESIAN_POINT('',(-400.05,-101.6,1.9431E+03));
#5473 = DIRECTION('',(2.22044604925E-16,1.,0.));
#5474 = DIRECTION('',(0.,0.,1.));
#5475 = ADVANCED_FACE('',(#5476),#5488,.T.);
#5476 = FACE_BOUND('',#5477,.T.);
#5477 = EDGE_LOOP('',(#5478,#5479,#5485,#5486,#5487));
#5478 = ORIENTED_EDGE('',*,*,#5376,.F.);
#5479 = ORIENTED_EDGE('',*,*,#5480,.F.);
#5480 = EDGE_CURVE('',#5458,#5377,#5481,.T.);
#5481 = LINE('',#5482,#5483);
#5482 = CARTESIAN_POINT('',(2.21615E+03,-293.39145971,2.5019E+03));
#5483 = VECTOR('',#5484,1.);
#5484 = DIRECTION('',(2.22044604925E-16,1.,0.));
#5485 = ORIENTED_EDGE('',*,*,#5465,.F.);
#5486 = ORIENTED_EDGE('',*,*,#5431,.T.);
#5487 = ORIENTED_EDGE('',*,*,#5417,.T.);
#5488 = PLANE('',#5489);
#5489 = AXIS2_PLACEMENT_3D('',#5490,#5491,#5492);
#5490 = CARTESIAN_POINT('',(2.21615E+03,-186.7329194201,
    2.385563996872E+03));
#5491 = DIRECTION('',(-1.,2.22044604925E-16,0.));
#5492 = DIRECTION('',(-9.544825258501E-17,-0.429860714775,0.90289521313)
  );
#5493 = ADVANCED_FACE('',(#5494),#5500,.T.);
#5494 = FACE_BOUND('',#5495,.T.);
#5495 = EDGE_LOOP('',(#5496,#5497,#5498,#5499));
#5496 = ORIENTED_EDGE('',*,*,#5338,.F.);
#5497 = ORIENTED_EDGE('',*,*,#5457,.T.);
#5498 = ORIENTED_EDGE('',*,*,#5480,.T.);
#5499 = ORIENTED_EDGE('',*,*,#5386,.F.);
#5500 = PLANE('',#5501);
#5501 = AXIS2_PLACEMENT_3D('',#5502,#5503,#5504);
#5502 = CARTESIAN_POINT('',(2.2352E+03,-21.9882555513,2.5019E+03));
#5503 = DIRECTION('',(0.,-0.,-1.));
#5504 = DIRECTION('',(-2.22044604925E-16,-1.,0.));
#5505 = MANIFOLD_SOLID_BREP('',#5506);
#5506 = CLOSED_SHELL('',(#5507,#5555,#5586,#5610,#5634,#5658,#5676));
#5507 = ADVANCED_FACE('',(#5508),#5550,.F.);
#5508 = FACE_BOUND('',#5509,.F.);
#5509 = EDGE_LOOP('',(#5510,#5520,#5528,#5536,#5544));
#5510 = ORIENTED_EDGE('',*,*,#5511,.F.);
#5511 = EDGE_CURVE('',#5512,#5514,#5516,.T.);
#5512 = VERTEX_POINT('',#5513);
#5513 = CARTESIAN_POINT('',(2.86385E+03,57.623488897394,2.5019E+03));
#5514 = VERTEX_POINT('',#5515);
#5515 = CARTESIAN_POINT('',(2.86385E+03,2.632982142857E+03,
    3.728006303029E+03));
#5516 = LINE('',#5517,#5518);
#5517 = CARTESIAN_POINT('',(2.86385E+03,-186.7329194201,
    2.385563996872E+03));
#5518 = VECTOR('',#5519,1.);
#5519 = DIRECTION('',(2.004830108882E-16,0.90289521313,0.429860714775));
#5520 = ORIENTED_EDGE('',*,*,#5521,.F.);
#5521 = EDGE_CURVE('',#5522,#5512,#5524,.T.);
#5522 = VERTEX_POINT('',#5523);
#5523 = CARTESIAN_POINT('',(2.86385E+03,-101.6,2.5019E+03));
#5524 = LINE('',#5525,#5526);
#5525 = CARTESIAN_POINT('',(2.86385E+03,-293.39145971,2.5019E+03));
#5526 = VECTOR('',#5527,1.);
#5527 = DIRECTION('',(2.22044604925E-16,1.,0.));
#5528 = ORIENTED_EDGE('',*,*,#5529,.F.);
#5529 = EDGE_CURVE('',#5530,#5522,#5532,.T.);
#5530 = VERTEX_POINT('',#5531);
#5531 = CARTESIAN_POINT('',(2.86385E+03,-101.6,2.58081954262E+03));
#5532 = LINE('',#5533,#5534);
#5533 = CARTESIAN_POINT('',(2.86385E+03,-101.6,2.164331998436E+03));
#5534 = VECTOR('',#5535,1.);
#5535 = DIRECTION('',(0.,0.,-1.));
#5536 = ORIENTED_EDGE('',*,*,#5537,.T.);
#5537 = EDGE_CURVE('',#5530,#5538,#5540,.T.);
#5538 = VERTEX_POINT('',#5539);
#5539 = CARTESIAN_POINT('',(2.86385E+03,2.632982142857E+03,
    3.882730791506E+03));
#5540 = LINE('',#5541,#5542);
#5541 = CARTESIAN_POINT('',(2.86385E+03,-246.7844612742,
    2.511698458146E+03));
#5542 = VECTOR('',#5543,1.);
#5543 = DIRECTION('',(2.004830108882E-16,0.90289521313,0.429860714775));
#5544 = ORIENTED_EDGE('',*,*,#5545,.T.);
#5545 = EDGE_CURVE('',#5538,#5514,#5546,.T.);
#5546 = LINE('',#5547,#5548);
#5547 = CARTESIAN_POINT('',(2.86385E+03,2.632982142857E+03,
    2.408306998436E+03));
#5548 = VECTOR('',#5549,1.);
#5549 = DIRECTION('',(0.,0.,-1.));
#5550 = PLANE('',#5551);
#5551 = AXIS2_PLACEMENT_3D('',#5552,#5553,#5554);
#5552 = CARTESIAN_POINT('',(2.86385E+03,-186.7329194201,
    2.385563996872E+03));
#5553 = DIRECTION('',(-1.,2.22044604925E-16,0.));
#5554 = DIRECTION('',(-9.544825258501E-17,-0.429860714775,0.90289521313)
  );
#5555 = ADVANCED_FACE('',(#5556),#5581,.F.);
#5556 = FACE_BOUND('',#5557,.F.);
#5557 = EDGE_LOOP('',(#5558,#5568,#5574,#5575));
#5558 = ORIENTED_EDGE('',*,*,#5559,.F.);
#5559 = EDGE_CURVE('',#5560,#5562,#5564,.T.);
#5560 = VERTEX_POINT('',#5561);
#5561 = CARTESIAN_POINT('',(2.82575E+03,57.623488897394,2.5019E+03));
#5562 = VERTEX_POINT('',#5563);
#5563 = CARTESIAN_POINT('',(2.82575E+03,2.632982142857E+03,
    3.728006303029E+03));
#5564 = LINE('',#5565,#5566);
#5565 = CARTESIAN_POINT('',(2.82575E+03,-186.7329194201,
    2.385563996872E+03));
#5566 = VECTOR('',#5567,1.);
#5567 = DIRECTION('',(2.004830108882E-16,0.90289521313,0.429860714775));
#5568 = ORIENTED_EDGE('',*,*,#5569,.F.);
#5569 = EDGE_CURVE('',#5512,#5560,#5570,.T.);
#5570 = LINE('',#5571,#5572);
#5571 = CARTESIAN_POINT('',(3.00355E+03,57.623488897394,2.5019E+03));
#5572 = VECTOR('',#5573,1.);
#5573 = DIRECTION('',(-1.,2.22044604925E-16,0.));
#5574 = ORIENTED_EDGE('',*,*,#5511,.T.);
#5575 = ORIENTED_EDGE('',*,*,#5576,.T.);
#5576 = EDGE_CURVE('',#5514,#5562,#5577,.T.);
#5577 = LINE('',#5578,#5579);
#5578 = CARTESIAN_POINT('',(2.86435E+03,2.632982142857E+03,
    3.728006303029E+03));
#5579 = VECTOR('',#5580,1.);
#5580 = DIRECTION('',(-1.,2.22044604925E-16,0.));
#5581 = PLANE('',#5582);
#5582 = AXIS2_PLACEMENT_3D('',#5583,#5584,#5585);
#5583 = CARTESIAN_POINT('',(2.86385E+03,-186.7329194201,
    2.385563996872E+03));
#5584 = DIRECTION('',(-9.544825258501E-17,-0.429860714775,0.90289521313)
  );
#5585 = DIRECTION('',(2.004830108882E-16,0.90289521313,0.429860714775));
#5586 = ADVANCED_FACE('',(#5587),#5605,.T.);
#5587 = FACE_BOUND('',#5588,.T.);
#5588 = EDGE_LOOP('',(#5589,#5597,#5598,#5599));
#5589 = ORIENTED_EDGE('',*,*,#5590,.F.);
#5590 = EDGE_CURVE('',#5538,#5591,#5593,.T.);
#5591 = VERTEX_POINT('',#5592);
#5592 = CARTESIAN_POINT('',(2.82575E+03,2.632982142857E+03,
    3.882730791506E+03));
#5593 = LINE('',#5594,#5595);
#5594 = CARTESIAN_POINT('',(2.86435E+03,2.632982142857E+03,
    3.882730791506E+03));
#5595 = VECTOR('',#5596,1.);
#5596 = DIRECTION('',(-1.,2.22044604925E-16,0.));
#5597 = ORIENTED_EDGE('',*,*,#5545,.T.);
#5598 = ORIENTED_EDGE('',*,*,#5576,.T.);
#5599 = ORIENTED_EDGE('',*,*,#5600,.F.);
#5600 = EDGE_CURVE('',#5591,#5562,#5601,.T.);
#5601 = LINE('',#5602,#5603);
#5602 = CARTESIAN_POINT('',(2.82575E+03,2.632982142857E+03,
    2.408306998436E+03));
#5603 = VECTOR('',#5604,1.);
#5604 = DIRECTION('',(0.,0.,-1.));
#5605 = PLANE('',#5606);
#5606 = AXIS2_PLACEMENT_3D('',#5607,#5608,#5609);
#5607 = CARTESIAN_POINT('',(2.86485E+03,2.632982142857E+03,2.43105E+03)
  );
#5608 = DIRECTION('',(2.22044604925E-16,1.,0.));
#5609 = DIRECTION('',(0.,0.,1.));
#5610 = ADVANCED_FACE('',(#5611),#5629,.T.);
#5611 = FACE_BOUND('',#5612,.T.);
#5612 = EDGE_LOOP('',(#5613,#5621,#5627,#5628));
#5613 = ORIENTED_EDGE('',*,*,#5614,.F.);
#5614 = EDGE_CURVE('',#5615,#5591,#5617,.T.);
#5615 = VERTEX_POINT('',#5616);
#5616 = CARTESIAN_POINT('',(2.82575E+03,-101.6,2.58081954262E+03));
#5617 = LINE('',#5618,#5619);
#5618 = CARTESIAN_POINT('',(2.82575E+03,-246.7844612742,
    2.511698458146E+03));
#5619 = VECTOR('',#5620,1.);
#5620 = DIRECTION('',(2.004830108882E-16,0.90289521313,0.429860714775));
#5621 = ORIENTED_EDGE('',*,*,#5622,.F.);
#5622 = EDGE_CURVE('',#5530,#5615,#5623,.T.);
#5623 = LINE('',#5624,#5625);
#5624 = CARTESIAN_POINT('',(1.2319E+03,-101.6,2.58081954262E+03));
#5625 = VECTOR('',#5626,1.);
#5626 = DIRECTION('',(-1.,4.42044604925E-16,1.1E-16));
#5627 = ORIENTED_EDGE('',*,*,#5537,.T.);
#5628 = ORIENTED_EDGE('',*,*,#5590,.T.);
#5629 = PLANE('',#5630);
#5630 = AXIS2_PLACEMENT_3D('',#5631,#5632,#5633);
#5631 = CARTESIAN_POINT('',(2.86385E+03,-246.7844612742,
    2.511698458146E+03));
#5632 = DIRECTION('',(-9.544825258501E-17,-0.429860714775,0.90289521313)
  );
#5633 = DIRECTION('',(2.004830108882E-16,0.90289521313,0.429860714775));
#5634 = ADVANCED_FACE('',(#5635),#5653,.F.);
#5635 = FACE_BOUND('',#5636,.F.);
#5636 = EDGE_LOOP('',(#5637,#5638,#5639,#5647));
#5637 = ORIENTED_EDGE('',*,*,#5622,.F.);
#5638 = ORIENTED_EDGE('',*,*,#5529,.T.);
#5639 = ORIENTED_EDGE('',*,*,#5640,.T.);
#5640 = EDGE_CURVE('',#5522,#5641,#5643,.T.);
#5641 = VERTEX_POINT('',#5642);
#5642 = CARTESIAN_POINT('',(2.82575E+03,-101.6,2.5019E+03));
#5643 = LINE('',#5644,#5645);
#5644 = CARTESIAN_POINT('',(-400.05,-101.5999999999,2.5019E+03));
#5645 = VECTOR('',#5646,1.);
#5646 = DIRECTION('',(-1.,4.42044604925E-16,0.));
#5647 = ORIENTED_EDGE('',*,*,#5648,.F.);
#5648 = EDGE_CURVE('',#5615,#5641,#5649,.T.);
#5649 = LINE('',#5650,#5651);
#5650 = CARTESIAN_POINT('',(2.82575E+03,-101.6,2.164331998436E+03));
#5651 = VECTOR('',#5652,1.);
#5652 = DIRECTION('',(0.,0.,-1.));
#5653 = PLANE('',#5654);
#5654 = AXIS2_PLACEMENT_3D('',#5655,#5656,#5657);
#5655 = CARTESIAN_POINT('',(-400.05,-101.5999999999,1.9431E+03));
#5656 = DIRECTION('',(2.22044604925E-16,1.,0.));
#5657 = DIRECTION('',(0.,0.,1.));
#5658 = ADVANCED_FACE('',(#5659),#5671,.T.);
#5659 = FACE_BOUND('',#5660,.T.);
#5660 = EDGE_LOOP('',(#5661,#5662,#5668,#5669,#5670));
#5661 = ORIENTED_EDGE('',*,*,#5559,.F.);
#5662 = ORIENTED_EDGE('',*,*,#5663,.F.);
#5663 = EDGE_CURVE('',#5641,#5560,#5664,.T.);
#5664 = LINE('',#5665,#5666);
#5665 = CARTESIAN_POINT('',(2.82575E+03,-293.39145971,2.5019E+03));
#5666 = VECTOR('',#5667,1.);
#5667 = DIRECTION('',(2.22044604925E-16,1.,0.));
#5668 = ORIENTED_EDGE('',*,*,#5648,.F.);
#5669 = ORIENTED_EDGE('',*,*,#5614,.T.);
#5670 = ORIENTED_EDGE('',*,*,#5600,.T.);
#5671 = PLANE('',#5672);
#5672 = AXIS2_PLACEMENT_3D('',#5673,#5674,#5675);
#5673 = CARTESIAN_POINT('',(2.82575E+03,-186.7329194201,
    2.385563996872E+03));
#5674 = DIRECTION('',(-1.,2.22044604925E-16,0.));
#5675 = DIRECTION('',(-9.544825258501E-17,-0.429860714775,0.90289521313)
  );
#5676 = ADVANCED_FACE('',(#5677),#5683,.T.);
#5677 = FACE_BOUND('',#5678,.T.);
#5678 = EDGE_LOOP('',(#5679,#5680,#5681,#5682));
#5679 = ORIENTED_EDGE('',*,*,#5521,.F.);
#5680 = ORIENTED_EDGE('',*,*,#5640,.T.);
#5681 = ORIENTED_EDGE('',*,*,#5663,.T.);
#5682 = ORIENTED_EDGE('',*,*,#5569,.F.);
#5683 = PLANE('',#5684);
#5684 = AXIS2_PLACEMENT_3D('',#5685,#5686,#5687);
#5685 = CARTESIAN_POINT('',(2.8448E+03,-21.9882555513,2.5019E+03));
#5686 = DIRECTION('',(0.,-0.,-1.));
#5687 = DIRECTION('',(-2.22044604925E-16,-1.,0.));
#5688 = MANIFOLD_SOLID_BREP('',#5689);
#5689 = CLOSED_SHELL('',(#5690,#5738,#5769,#5793,#5817,#5841,#5859));
#5690 = ADVANCED_FACE('',(#5691),#5733,.F.);
#5691 = FACE_BOUND('',#5692,.F.);
#5692 = EDGE_LOOP('',(#5693,#5703,#5711,#5719,#5727));
#5693 = ORIENTED_EDGE('',*,*,#5694,.F.);
#5694 = EDGE_CURVE('',#5695,#5697,#5699,.T.);
#5695 = VERTEX_POINT('',#5696);
#5696 = CARTESIAN_POINT('',(5.94995E+03,57.623488897394,2.5019E+03));
#5697 = VERTEX_POINT('',#5698);
#5698 = CARTESIAN_POINT('',(5.94995E+03,368.75357142857,
    2.650026380249E+03));
#5699 = LINE('',#5700,#5701);
#5700 = CARTESIAN_POINT('',(5.94995E+03,-186.7329194201,
    2.385563996872E+03));
#5701 = VECTOR('',#5702,1.);
#5702 = DIRECTION('',(2.004830108882E-16,0.90289521313,0.429860714775));
#5703 = ORIENTED_EDGE('',*,*,#5704,.F.);
#5704 = EDGE_CURVE('',#5705,#5695,#5707,.T.);
#5705 = VERTEX_POINT('',#5706);
#5706 = CARTESIAN_POINT('',(5.94995E+03,-101.6,2.5019E+03));
#5707 = LINE('',#5708,#5709);
#5708 = CARTESIAN_POINT('',(5.94995E+03,-293.39145971,2.5019E+03));
#5709 = VECTOR('',#5710,1.);
#5710 = DIRECTION('',(2.22044604925E-16,1.,0.));
#5711 = ORIENTED_EDGE('',*,*,#5712,.F.);
#5712 = EDGE_CURVE('',#5713,#5705,#5715,.T.);
#5713 = VERTEX_POINT('',#5714);
#5714 = CARTESIAN_POINT('',(5.94995E+03,-101.6,2.58081954262E+03));
#5715 = LINE('',#5716,#5717);
#5716 = CARTESIAN_POINT('',(5.94995E+03,-101.6,2.164331998436E+03));
#5717 = VECTOR('',#5718,1.);
#5718 = DIRECTION('',(0.,0.,-1.));
#5719 = ORIENTED_EDGE('',*,*,#5720,.T.);
#5720 = EDGE_CURVE('',#5713,#5721,#5723,.T.);
#5721 = VERTEX_POINT('',#5722);
#5722 = CARTESIAN_POINT('',(5.94995E+03,368.75357142857,
    2.804750868726E+03));
#5723 = LINE('',#5724,#5725);
#5724 = CARTESIAN_POINT('',(5.94995E+03,-246.7844612742,
    2.511698458146E+03));
#5725 = VECTOR('',#5726,1.);
#5726 = DIRECTION('',(2.004830108882E-16,0.90289521313,0.429860714775));
#5727 = ORIENTED_EDGE('',*,*,#5728,.T.);
#5728 = EDGE_CURVE('',#5721,#5697,#5729,.T.);
#5729 = LINE('',#5730,#5731);
#5730 = CARTESIAN_POINT('',(5.94995E+03,368.75357142857,
    2.408306998436E+03));
#5731 = VECTOR('',#5732,1.);
#5732 = DIRECTION('',(0.,0.,-1.));
#5733 = PLANE('',#5734);
#5734 = AXIS2_PLACEMENT_3D('',#5735,#5736,#5737);
#5735 = CARTESIAN_POINT('',(5.94995E+03,-186.7329194201,
    2.385563996872E+03));
#5736 = DIRECTION('',(-1.,2.22044604925E-16,0.));
#5737 = DIRECTION('',(-9.544825258501E-17,-0.429860714775,0.90289521313)
  );
#5738 = ADVANCED_FACE('',(#5739),#5764,.F.);
#5739 = FACE_BOUND('',#5740,.F.);
#5740 = EDGE_LOOP('',(#5741,#5751,#5757,#5758));
#5741 = ORIENTED_EDGE('',*,*,#5742,.F.);
#5742 = EDGE_CURVE('',#5743,#5745,#5747,.T.);
#5743 = VERTEX_POINT('',#5744);
#5744 = CARTESIAN_POINT('',(5.91185E+03,57.623488897394,2.5019E+03));
#5745 = VERTEX_POINT('',#5746);
#5746 = CARTESIAN_POINT('',(5.91185E+03,368.75357142857,
    2.650026380249E+03));
#5747 = LINE('',#5748,#5749);
#5748 = CARTESIAN_POINT('',(5.91185E+03,-186.7329194201,
    2.385563996872E+03));
#5749 = VECTOR('',#5750,1.);
#5750 = DIRECTION('',(2.004830108882E-16,0.90289521313,0.429860714775));
#5751 = ORIENTED_EDGE('',*,*,#5752,.F.);
#5752 = EDGE_CURVE('',#5695,#5743,#5753,.T.);
#5753 = LINE('',#5754,#5755);
#5754 = CARTESIAN_POINT('',(6.08965E+03,57.623488897394,2.5019E+03));
#5755 = VECTOR('',#5756,1.);
#5756 = DIRECTION('',(-1.,2.22044604925E-16,0.));
#5757 = ORIENTED_EDGE('',*,*,#5694,.T.);
#5758 = ORIENTED_EDGE('',*,*,#5759,.T.);
#5759 = EDGE_CURVE('',#5697,#5745,#5760,.T.);
#5760 = LINE('',#5761,#5762);
#5761 = CARTESIAN_POINT('',(5.95045E+03,368.75357142857,
    2.650026380249E+03));
#5762 = VECTOR('',#5763,1.);
#5763 = DIRECTION('',(-1.,2.22044604925E-16,0.));
#5764 = PLANE('',#5765);
#5765 = AXIS2_PLACEMENT_3D('',#5766,#5767,#5768);
#5766 = CARTESIAN_POINT('',(5.94995E+03,-186.7329194201,
    2.385563996872E+03));
#5767 = DIRECTION('',(-9.544825258501E-17,-0.429860714775,0.90289521313)
  );
#5768 = DIRECTION('',(2.004830108882E-16,0.90289521313,0.429860714775));
#5769 = ADVANCED_FACE('',(#5770),#5788,.T.);
#5770 = FACE_BOUND('',#5771,.T.);
#5771 = EDGE_LOOP('',(#5772,#5780,#5781,#5782));
#5772 = ORIENTED_EDGE('',*,*,#5773,.F.);
#5773 = EDGE_CURVE('',#5721,#5774,#5776,.T.);
#5774 = VERTEX_POINT('',#5775);
#5775 = CARTESIAN_POINT('',(5.91185E+03,368.75357142857,
    2.804750868726E+03));
#5776 = LINE('',#5777,#5778);
#5777 = CARTESIAN_POINT('',(5.95045E+03,368.75357142857,
    2.804750868726E+03));
#5778 = VECTOR('',#5779,1.);
#5779 = DIRECTION('',(-1.,2.22044604925E-16,0.));
#5780 = ORIENTED_EDGE('',*,*,#5728,.T.);
#5781 = ORIENTED_EDGE('',*,*,#5759,.T.);
#5782 = ORIENTED_EDGE('',*,*,#5783,.F.);
#5783 = EDGE_CURVE('',#5774,#5745,#5784,.T.);
#5784 = LINE('',#5785,#5786);
#5785 = CARTESIAN_POINT('',(5.91185E+03,368.75357142857,
    2.408306998436E+03));
#5786 = VECTOR('',#5787,1.);
#5787 = DIRECTION('',(0.,0.,-1.));
#5788 = PLANE('',#5789);
#5789 = AXIS2_PLACEMENT_3D('',#5790,#5791,#5792);
#5790 = CARTESIAN_POINT('',(5.95095E+03,368.75357142857,2.43105E+03));
#5791 = DIRECTION('',(2.22044604925E-16,1.,0.));
#5792 = DIRECTION('',(0.,0.,1.));
#5793 = ADVANCED_FACE('',(#5794),#5812,.T.);
#5794 = FACE_BOUND('',#5795,.T.);
#5795 = EDGE_LOOP('',(#5796,#5804,#5810,#5811));
#5796 = ORIENTED_EDGE('',*,*,#5797,.F.);
#5797 = EDGE_CURVE('',#5798,#5774,#5800,.T.);
#5798 = VERTEX_POINT('',#5799);
#5799 = CARTESIAN_POINT('',(5.91185E+03,-101.6,2.58081954262E+03));
#5800 = LINE('',#5801,#5802);
#5801 = CARTESIAN_POINT('',(5.91185E+03,-246.7844612742,
    2.511698458146E+03));
#5802 = VECTOR('',#5803,1.);
#5803 = DIRECTION('',(2.004830108882E-16,0.90289521313,0.429860714775));
#5804 = ORIENTED_EDGE('',*,*,#5805,.F.);
#5805 = EDGE_CURVE('',#5713,#5798,#5806,.T.);
#5806 = LINE('',#5807,#5808);
#5807 = CARTESIAN_POINT('',(2.77495E+03,-101.6,2.58081954262E+03));
#5808 = VECTOR('',#5809,1.);
#5809 = DIRECTION('',(-1.,4.42044604925E-16,1.1E-16));
#5810 = ORIENTED_EDGE('',*,*,#5720,.T.);
#5811 = ORIENTED_EDGE('',*,*,#5773,.T.);
#5812 = PLANE('',#5813);
#5813 = AXIS2_PLACEMENT_3D('',#5814,#5815,#5816);
#5814 = CARTESIAN_POINT('',(5.94995E+03,-246.7844612742,
    2.511698458146E+03));
#5815 = DIRECTION('',(-9.544825258501E-17,-0.429860714775,0.90289521313)
  );
#5816 = DIRECTION('',(2.004830108882E-16,0.90289521313,0.429860714775));
#5817 = ADVANCED_FACE('',(#5818),#5836,.F.);
#5818 = FACE_BOUND('',#5819,.F.);
#5819 = EDGE_LOOP('',(#5820,#5821,#5822,#5830));
#5820 = ORIENTED_EDGE('',*,*,#5805,.F.);
#5821 = ORIENTED_EDGE('',*,*,#5712,.T.);
#5822 = ORIENTED_EDGE('',*,*,#5823,.T.);
#5823 = EDGE_CURVE('',#5705,#5824,#5826,.T.);
#5824 = VERTEX_POINT('',#5825);
#5825 = CARTESIAN_POINT('',(5.91185E+03,-101.6,2.5019E+03));
#5826 = LINE('',#5827,#5828);
#5827 = CARTESIAN_POINT('',(-400.05,-101.5999999999,2.5019E+03));
#5828 = VECTOR('',#5829,1.);
#5829 = DIRECTION('',(-1.,4.42044604925E-16,0.));
#5830 = ORIENTED_EDGE('',*,*,#5831,.F.);
#5831 = EDGE_CURVE('',#5798,#5824,#5832,.T.);
#5832 = LINE('',#5833,#5834);
#5833 = CARTESIAN_POINT('',(5.91185E+03,-101.6,2.164331998436E+03));
#5834 = VECTOR('',#5835,1.);
#5835 = DIRECTION('',(0.,0.,-1.));
#5836 = PLANE('',#5837);
#5837 = AXIS2_PLACEMENT_3D('',#5838,#5839,#5840);
#5838 = CARTESIAN_POINT('',(-400.05,-101.5999999999,1.9431E+03));
#5839 = DIRECTION('',(2.22044604925E-16,1.,0.));
#5840 = DIRECTION('',(0.,0.,1.));
#5841 = ADVANCED_FACE('',(#5842),#5854,.T.);
#5842 = FACE_BOUND('',#5843,.T.);
#5843 = EDGE_LOOP('',(#5844,#5845,#5851,#5852,#5853));
#5844 = ORIENTED_EDGE('',*,*,#5742,.F.);
#5845 = ORIENTED_EDGE('',*,*,#5846,.F.);
#5846 = EDGE_CURVE('',#5824,#5743,#5847,.T.);
#5847 = LINE('',#5848,#5849);
#5848 = CARTESIAN_POINT('',(5.91185E+03,-293.39145971,2.5019E+03));
#5849 = VECTOR('',#5850,1.);
#5850 = DIRECTION('',(2.22044604925E-16,1.,0.));
#5851 = ORIENTED_EDGE('',*,*,#5831,.F.);
#5852 = ORIENTED_EDGE('',*,*,#5797,.T.);
#5853 = ORIENTED_EDGE('',*,*,#5783,.T.);
#5854 = PLANE('',#5855);
#5855 = AXIS2_PLACEMENT_3D('',#5856,#5857,#5858);
#5856 = CARTESIAN_POINT('',(5.91185E+03,-186.7329194201,
    2.385563996872E+03));
#5857 = DIRECTION('',(-1.,2.22044604925E-16,0.));
#5858 = DIRECTION('',(-9.544825258501E-17,-0.429860714775,0.90289521313)
  );
#5859 = ADVANCED_FACE('',(#5860),#5866,.T.);
#5860 = FACE_BOUND('',#5861,.T.);
#5861 = EDGE_LOOP('',(#5862,#5863,#5864,#5865));
#5862 = ORIENTED_EDGE('',*,*,#5704,.F.);
#5863 = ORIENTED_EDGE('',*,*,#5823,.T.);
#5864 = ORIENTED_EDGE('',*,*,#5846,.T.);
#5865 = ORIENTED_EDGE('',*,*,#5752,.F.);
#5866 = PLANE('',#5867);
#5867 = AXIS2_PLACEMENT_3D('',#5868,#5869,#5870);
#5868 = CARTESIAN_POINT('',(5.9309E+03,-21.9882555513,2.5019E+03));
#5869 = DIRECTION('',(0.,-0.,-1.));
#5870 = DIRECTION('',(-2.22044604925E-16,-1.,0.));
#5871 = MANIFOLD_SOLID_BREP('',#5872);
#5872 = CLOSED_SHELL('',(#5873,#5921,#5952,#5976,#6000,#6024,#6042));
#5873 = ADVANCED_FACE('',(#5874),#5916,.F.);
#5874 = FACE_BOUND('',#5875,.F.);
#5875 = EDGE_LOOP('',(#5876,#5886,#5894,#5902,#5910));
#5876 = ORIENTED_EDGE('',*,*,#5877,.F.);
#5877 = EDGE_CURVE('',#5878,#5880,#5882,.T.);
#5878 = VERTEX_POINT('',#5879);
#5879 = CARTESIAN_POINT('',(5.34035E+03,57.623488897393,2.5019E+03));
#5880 = VERTEX_POINT('',#5881);
#5881 = CARTESIAN_POINT('',(5.34035E+03,934.81071428571,
    2.919521360944E+03));
#5882 = LINE('',#5883,#5884);
#5883 = CARTESIAN_POINT('',(5.34035E+03,-186.7329194201,
    2.385563996872E+03));
#5884 = VECTOR('',#5885,1.);
#5885 = DIRECTION('',(2.004830108882E-16,0.90289521313,0.429860714775));
#5886 = ORIENTED_EDGE('',*,*,#5887,.F.);
#5887 = EDGE_CURVE('',#5888,#5878,#5890,.T.);
#5888 = VERTEX_POINT('',#5889);
#5889 = CARTESIAN_POINT('',(5.34035E+03,-101.6,2.5019E+03));
#5890 = LINE('',#5891,#5892);
#5891 = CARTESIAN_POINT('',(5.34035E+03,-293.39145971,2.5019E+03));
#5892 = VECTOR('',#5893,1.);
#5893 = DIRECTION('',(2.22044604925E-16,1.,0.));
#5894 = ORIENTED_EDGE('',*,*,#5895,.F.);
#5895 = EDGE_CURVE('',#5896,#5888,#5898,.T.);
#5896 = VERTEX_POINT('',#5897);
#5897 = CARTESIAN_POINT('',(5.34035E+03,-101.6,2.58081954262E+03));
#5898 = LINE('',#5899,#5900);
#5899 = CARTESIAN_POINT('',(5.34035E+03,-101.6,2.164331998436E+03));
#5900 = VECTOR('',#5901,1.);
#5901 = DIRECTION('',(0.,0.,-1.));
#5902 = ORIENTED_EDGE('',*,*,#5903,.T.);
#5903 = EDGE_CURVE('',#5896,#5904,#5906,.T.);
#5904 = VERTEX_POINT('',#5905);
#5905 = CARTESIAN_POINT('',(5.34035E+03,934.81071428571,
    3.074245849421E+03));
#5906 = LINE('',#5907,#5908);
#5907 = CARTESIAN_POINT('',(5.34035E+03,-246.7844612742,
    2.511698458146E+03));
#5908 = VECTOR('',#5909,1.);
#5909 = DIRECTION('',(2.004830108882E-16,0.90289521313,0.429860714775));
#5910 = ORIENTED_EDGE('',*,*,#5911,.T.);
#5911 = EDGE_CURVE('',#5904,#5880,#5912,.T.);
#5912 = LINE('',#5913,#5914);
#5913 = CARTESIAN_POINT('',(5.34035E+03,934.81071428571,
    2.408306998436E+03));
#5914 = VECTOR('',#5915,1.);
#5915 = DIRECTION('',(0.,0.,-1.));
#5916 = PLANE('',#5917);
#5917 = AXIS2_PLACEMENT_3D('',#5918,#5919,#5920);
#5918 = CARTESIAN_POINT('',(5.34035E+03,-186.7329194201,
    2.385563996872E+03));
#5919 = DIRECTION('',(-1.,2.22044604925E-16,0.));
#5920 = DIRECTION('',(-9.544825258501E-17,-0.429860714775,0.90289521313)
  );
#5921 = ADVANCED_FACE('',(#5922),#5947,.F.);
#5922 = FACE_BOUND('',#5923,.F.);
#5923 = EDGE_LOOP('',(#5924,#5934,#5940,#5941));
#5924 = ORIENTED_EDGE('',*,*,#5925,.F.);
#5925 = EDGE_CURVE('',#5926,#5928,#5930,.T.);
#5926 = VERTEX_POINT('',#5927);
#5927 = CARTESIAN_POINT('',(5.30225E+03,57.623488897393,2.5019E+03));
#5928 = VERTEX_POINT('',#5929);
#5929 = CARTESIAN_POINT('',(5.30225E+03,934.81071428571,
    2.919521360944E+03));
#5930 = LINE('',#5931,#5932);
#5931 = CARTESIAN_POINT('',(5.30225E+03,-186.7329194201,
    2.385563996872E+03));
#5932 = VECTOR('',#5933,1.);
#5933 = DIRECTION('',(2.004830108882E-16,0.90289521313,0.429860714775));
#5934 = ORIENTED_EDGE('',*,*,#5935,.F.);
#5935 = EDGE_CURVE('',#5878,#5926,#5936,.T.);
#5936 = LINE('',#5937,#5938);
#5937 = CARTESIAN_POINT('',(5.48005E+03,57.623488897393,2.5019E+03));
#5938 = VECTOR('',#5939,1.);
#5939 = DIRECTION('',(-1.,2.22044604925E-16,0.));
#5940 = ORIENTED_EDGE('',*,*,#5877,.T.);
#5941 = ORIENTED_EDGE('',*,*,#5942,.T.);
#5942 = EDGE_CURVE('',#5880,#5928,#5943,.T.);
#5943 = LINE('',#5944,#5945);
#5944 = CARTESIAN_POINT('',(5.34085E+03,934.81071428571,
    2.919521360944E+03));
#5945 = VECTOR('',#5946,1.);
#5946 = DIRECTION('',(-1.,2.22044604925E-16,0.));
#5947 = PLANE('',#5948);
#5948 = AXIS2_PLACEMENT_3D('',#5949,#5950,#5951);
#5949 = CARTESIAN_POINT('',(5.34035E+03,-186.7329194201,
    2.385563996872E+03));
#5950 = DIRECTION('',(-9.544825258501E-17,-0.429860714775,0.90289521313)
  );
#5951 = DIRECTION('',(2.004830108882E-16,0.90289521313,0.429860714775));
#5952 = ADVANCED_FACE('',(#5953),#5971,.T.);
#5953 = FACE_BOUND('',#5954,.T.);
#5954 = EDGE_LOOP('',(#5955,#5963,#5964,#5965));
#5955 = ORIENTED_EDGE('',*,*,#5956,.F.);
#5956 = EDGE_CURVE('',#5904,#5957,#5959,.T.);
#5957 = VERTEX_POINT('',#5958);
#5958 = CARTESIAN_POINT('',(5.30225E+03,934.81071428571,
    3.074245849421E+03));
#5959 = LINE('',#5960,#5961);
#5960 = CARTESIAN_POINT('',(5.34085E+03,934.81071428571,
    3.074245849421E+03));
#5961 = VECTOR('',#5962,1.);
#5962 = DIRECTION('',(-1.,2.22044604925E-16,0.));
#5963 = ORIENTED_EDGE('',*,*,#5911,.T.);
#5964 = ORIENTED_EDGE('',*,*,#5942,.T.);
#5965 = ORIENTED_EDGE('',*,*,#5966,.F.);
#5966 = EDGE_CURVE('',#5957,#5928,#5967,.T.);
#5967 = LINE('',#5968,#5969);
#5968 = CARTESIAN_POINT('',(5.30225E+03,934.81071428571,
    2.408306998436E+03));
#5969 = VECTOR('',#5970,1.);
#5970 = DIRECTION('',(0.,0.,-1.));
#5971 = PLANE('',#5972);
#5972 = AXIS2_PLACEMENT_3D('',#5973,#5974,#5975);
#5973 = CARTESIAN_POINT('',(5.34135E+03,934.81071428571,2.43105E+03));
#5974 = DIRECTION('',(2.22044604925E-16,1.,0.));
#5975 = DIRECTION('',(0.,0.,1.));
#5976 = ADVANCED_FACE('',(#5977),#5995,.T.);
#5977 = FACE_BOUND('',#5978,.T.);
#5978 = EDGE_LOOP('',(#5979,#5987,#5993,#5994));
#5979 = ORIENTED_EDGE('',*,*,#5980,.F.);
#5980 = EDGE_CURVE('',#5981,#5957,#5983,.T.);
#5981 = VERTEX_POINT('',#5982);
#5982 = CARTESIAN_POINT('',(5.30225E+03,-101.6,2.58081954262E+03));
#5983 = LINE('',#5984,#5985);
#5984 = CARTESIAN_POINT('',(5.30225E+03,-246.7844612742,
    2.511698458146E+03));
#5985 = VECTOR('',#5986,1.);
#5986 = DIRECTION('',(2.004830108882E-16,0.90289521313,0.429860714775));
#5987 = ORIENTED_EDGE('',*,*,#5988,.F.);
#5988 = EDGE_CURVE('',#5896,#5981,#5989,.T.);
#5989 = LINE('',#5990,#5991);
#5990 = CARTESIAN_POINT('',(2.47015E+03,-101.6,2.58081954262E+03));
#5991 = VECTOR('',#5992,1.);
#5992 = DIRECTION('',(-1.,4.42044604925E-16,1.1E-16));
#5993 = ORIENTED_EDGE('',*,*,#5903,.T.);
#5994 = ORIENTED_EDGE('',*,*,#5956,.T.);
#5995 = PLANE('',#5996);
#5996 = AXIS2_PLACEMENT_3D('',#5997,#5998,#5999);
#5997 = CARTESIAN_POINT('',(5.34035E+03,-246.7844612742,
    2.511698458146E+03));
#5998 = DIRECTION('',(-9.544825258501E-17,-0.429860714775,0.90289521313)
  );
#5999 = DIRECTION('',(2.004830108882E-16,0.90289521313,0.429860714775));
#6000 = ADVANCED_FACE('',(#6001),#6019,.F.);
#6001 = FACE_BOUND('',#6002,.F.);
#6002 = EDGE_LOOP('',(#6003,#6004,#6005,#6013));
#6003 = ORIENTED_EDGE('',*,*,#5988,.F.);
#6004 = ORIENTED_EDGE('',*,*,#5895,.T.);
#6005 = ORIENTED_EDGE('',*,*,#6006,.T.);
#6006 = EDGE_CURVE('',#5888,#6007,#6009,.T.);
#6007 = VERTEX_POINT('',#6008);
#6008 = CARTESIAN_POINT('',(5.30225E+03,-101.6,2.5019E+03));
#6009 = LINE('',#6010,#6011);
#6010 = CARTESIAN_POINT('',(-400.05,-101.5999999999,2.5019E+03));
#6011 = VECTOR('',#6012,1.);
#6012 = DIRECTION('',(-1.,4.42044604925E-16,0.));
#6013 = ORIENTED_EDGE('',*,*,#6014,.F.);
#6014 = EDGE_CURVE('',#5981,#6007,#6015,.T.);
#6015 = LINE('',#6016,#6017);
#6016 = CARTESIAN_POINT('',(5.30225E+03,-101.6,2.164331998436E+03));
#6017 = VECTOR('',#6018,1.);
#6018 = DIRECTION('',(0.,0.,-1.));
#6019 = PLANE('',#6020);
#6020 = AXIS2_PLACEMENT_3D('',#6021,#6022,#6023);
#6021 = CARTESIAN_POINT('',(-400.05,-101.5999999999,1.9431E+03));
#6022 = DIRECTION('',(2.22044604925E-16,1.,0.));
#6023 = DIRECTION('',(0.,0.,1.));
#6024 = ADVANCED_FACE('',(#6025),#6037,.T.);
#6025 = FACE_BOUND('',#6026,.T.);
#6026 = EDGE_LOOP('',(#6027,#6028,#6034,#6035,#6036));
#6027 = ORIENTED_EDGE('',*,*,#5925,.F.);
#6028 = ORIENTED_EDGE('',*,*,#6029,.F.);
#6029 = EDGE_CURVE('',#6007,#5926,#6030,.T.);
#6030 = LINE('',#6031,#6032);
#6031 = CARTESIAN_POINT('',(5.30225E+03,-293.39145971,2.5019E+03));
#6032 = VECTOR('',#6033,1.);
#6033 = DIRECTION('',(2.22044604925E-16,1.,0.));
#6034 = ORIENTED_EDGE('',*,*,#6014,.F.);
#6035 = ORIENTED_EDGE('',*,*,#5980,.T.);
#6036 = ORIENTED_EDGE('',*,*,#5966,.T.);
#6037 = PLANE('',#6038);
#6038 = AXIS2_PLACEMENT_3D('',#6039,#6040,#6041);
#6039 = CARTESIAN_POINT('',(5.30225E+03,-186.7329194201,
    2.385563996872E+03));
#6040 = DIRECTION('',(-1.,2.22044604925E-16,0.));
#6041 = DIRECTION('',(-9.544825258501E-17,-0.429860714775,0.90289521313)
  );
#6042 = ADVANCED_FACE('',(#6043),#6049,.T.);
#6043 = FACE_BOUND('',#6044,.T.);
#6044 = EDGE_LOOP('',(#6045,#6046,#6047,#6048));
#6045 = ORIENTED_EDGE('',*,*,#5887,.F.);
#6046 = ORIENTED_EDGE('',*,*,#6006,.T.);
#6047 = ORIENTED_EDGE('',*,*,#6029,.T.);
#6048 = ORIENTED_EDGE('',*,*,#5935,.F.);
#6049 = PLANE('',#6050);
#6050 = AXIS2_PLACEMENT_3D('',#6051,#6052,#6053);
#6051 = CARTESIAN_POINT('',(5.3213E+03,-21.9882555513,2.5019E+03));
#6052 = DIRECTION('',(0.,-0.,-1.));
#6053 = DIRECTION('',(-2.22044604925E-16,-1.,0.));
#6054 = MANIFOLD_SOLID_BREP('',#6055);
#6055 = CLOSED_SHELL('',(#6056,#6104,#6135,#6159,#6183,#6207,#6225));
#6056 = ADVANCED_FACE('',(#6057),#6099,.F.);
#6057 = FACE_BOUND('',#6058,.F.);
#6058 = EDGE_LOOP('',(#6059,#6069,#6077,#6085,#6093));
#6059 = ORIENTED_EDGE('',*,*,#6060,.F.);
#6060 = EDGE_CURVE('',#6061,#6063,#6065,.T.);
#6061 = VERTEX_POINT('',#6062);
#6062 = CARTESIAN_POINT('',(4.73075E+03,57.623488897394,2.5019E+03));
#6063 = VERTEX_POINT('',#6064);
#6064 = CARTESIAN_POINT('',(4.73075E+03,1.500867857143E+03,
    3.189016341639E+03));
#6065 = LINE('',#6066,#6067);
#6066 = CARTESIAN_POINT('',(4.73075E+03,-186.7329194201,
    2.385563996872E+03));
#6067 = VECTOR('',#6068,1.);
#6068 = DIRECTION('',(2.004830108882E-16,0.90289521313,0.429860714775));
#6069 = ORIENTED_EDGE('',*,*,#6070,.F.);
#6070 = EDGE_CURVE('',#6071,#6061,#6073,.T.);
#6071 = VERTEX_POINT('',#6072);
#6072 = CARTESIAN_POINT('',(4.73075E+03,-101.6,2.5019E+03));
#6073 = LINE('',#6074,#6075);
#6074 = CARTESIAN_POINT('',(4.73075E+03,-293.39145971,2.5019E+03));
#6075 = VECTOR('',#6076,1.);
#6076 = DIRECTION('',(2.22044604925E-16,1.,0.));
#6077 = ORIENTED_EDGE('',*,*,#6078,.F.);
#6078 = EDGE_CURVE('',#6079,#6071,#6081,.T.);
#6079 = VERTEX_POINT('',#6080);
#6080 = CARTESIAN_POINT('',(4.73075E+03,-101.6,2.58081954262E+03));
#6081 = LINE('',#6082,#6083);
#6082 = CARTESIAN_POINT('',(4.73075E+03,-101.6,2.164331998436E+03));
#6083 = VECTOR('',#6084,1.);
#6084 = DIRECTION('',(0.,0.,-1.));
#6085 = ORIENTED_EDGE('',*,*,#6086,.T.);
#6086 = EDGE_CURVE('',#6079,#6087,#6089,.T.);
#6087 = VERTEX_POINT('',#6088);
#6088 = CARTESIAN_POINT('',(4.73075E+03,1.500867857143E+03,
    3.343740830116E+03));
#6089 = LINE('',#6090,#6091);
#6090 = CARTESIAN_POINT('',(4.73075E+03,-246.7844612742,
    2.511698458146E+03));
#6091 = VECTOR('',#6092,1.);
#6092 = DIRECTION('',(2.004830108882E-16,0.90289521313,0.429860714775));
#6093 = ORIENTED_EDGE('',*,*,#6094,.T.);
#6094 = EDGE_CURVE('',#6087,#6063,#6095,.T.);
#6095 = LINE('',#6096,#6097);
#6096 = CARTESIAN_POINT('',(4.73075E+03,1.500867857143E+03,
    2.408306998436E+03));
#6097 = VECTOR('',#6098,1.);
#6098 = DIRECTION('',(0.,0.,-1.));
#6099 = PLANE('',#6100);
#6100 = AXIS2_PLACEMENT_3D('',#6101,#6102,#6103);
#6101 = CARTESIAN_POINT('',(4.73075E+03,-186.7329194201,
    2.385563996872E+03));
#6102 = DIRECTION('',(-1.,2.22044604925E-16,0.));
#6103 = DIRECTION('',(-9.544825258501E-17,-0.429860714775,0.90289521313)
  );
#6104 = ADVANCED_FACE('',(#6105),#6130,.F.);
#6105 = FACE_BOUND('',#6106,.F.);
#6106 = EDGE_LOOP('',(#6107,#6117,#6123,#6124));
#6107 = ORIENTED_EDGE('',*,*,#6108,.F.);
#6108 = EDGE_CURVE('',#6109,#6111,#6113,.T.);
#6109 = VERTEX_POINT('',#6110);
#6110 = CARTESIAN_POINT('',(4.69265E+03,57.623488897394,2.5019E+03));
#6111 = VERTEX_POINT('',#6112);
#6112 = CARTESIAN_POINT('',(4.69265E+03,1.500867857143E+03,
    3.189016341639E+03));
#6113 = LINE('',#6114,#6115);
#6114 = CARTESIAN_POINT('',(4.69265E+03,-186.7329194201,
    2.385563996872E+03));
#6115 = VECTOR('',#6116,1.);
#6116 = DIRECTION('',(2.004830108882E-16,0.90289521313,0.429860714775));
#6117 = ORIENTED_EDGE('',*,*,#6118,.F.);
#6118 = EDGE_CURVE('',#6061,#6109,#6119,.T.);
#6119 = LINE('',#6120,#6121);
#6120 = CARTESIAN_POINT('',(4.87045E+03,57.623488897394,2.5019E+03));
#6121 = VECTOR('',#6122,1.);
#6122 = DIRECTION('',(-1.,2.22044604925E-16,0.));
#6123 = ORIENTED_EDGE('',*,*,#6060,.T.);
#6124 = ORIENTED_EDGE('',*,*,#6125,.T.);
#6125 = EDGE_CURVE('',#6063,#6111,#6126,.T.);
#6126 = LINE('',#6127,#6128);
#6127 = CARTESIAN_POINT('',(4.73125E+03,1.500867857143E+03,
    3.189016341639E+03));
#6128 = VECTOR('',#6129,1.);
#6129 = DIRECTION('',(-1.,2.22044604925E-16,0.));
#6130 = PLANE('',#6131);
#6131 = AXIS2_PLACEMENT_3D('',#6132,#6133,#6134);
#6132 = CARTESIAN_POINT('',(4.73075E+03,-186.7329194201,
    2.385563996872E+03));
#6133 = DIRECTION('',(-9.544825258501E-17,-0.429860714775,0.90289521313)
  );
#6134 = DIRECTION('',(2.004830108882E-16,0.90289521313,0.429860714775));
#6135 = ADVANCED_FACE('',(#6136),#6154,.T.);
#6136 = FACE_BOUND('',#6137,.T.);
#6137 = EDGE_LOOP('',(#6138,#6146,#6147,#6148));
#6138 = ORIENTED_EDGE('',*,*,#6139,.F.);
#6139 = EDGE_CURVE('',#6087,#6140,#6142,.T.);
#6140 = VERTEX_POINT('',#6141);
#6141 = CARTESIAN_POINT('',(4.69265E+03,1.500867857143E+03,
    3.343740830116E+03));
#6142 = LINE('',#6143,#6144);
#6143 = CARTESIAN_POINT('',(4.73125E+03,1.500867857143E+03,
    3.343740830116E+03));
#6144 = VECTOR('',#6145,1.);
#6145 = DIRECTION('',(-1.,2.22044604925E-16,0.));
#6146 = ORIENTED_EDGE('',*,*,#6094,.T.);
#6147 = ORIENTED_EDGE('',*,*,#6125,.T.);
#6148 = ORIENTED_EDGE('',*,*,#6149,.F.);
#6149 = EDGE_CURVE('',#6140,#6111,#6150,.T.);
#6150 = LINE('',#6151,#6152);
#6151 = CARTESIAN_POINT('',(4.69265E+03,1.500867857143E+03,
    2.408306998436E+03));
#6152 = VECTOR('',#6153,1.);
#6153 = DIRECTION('',(0.,0.,-1.));
#6154 = PLANE('',#6155);
#6155 = AXIS2_PLACEMENT_3D('',#6156,#6157,#6158);
#6156 = CARTESIAN_POINT('',(4.73175E+03,1.500867857143E+03,2.43105E+03)
  );
#6157 = DIRECTION('',(2.22044604925E-16,1.,0.));
#6158 = DIRECTION('',(0.,0.,1.));
#6159 = ADVANCED_FACE('',(#6160),#6178,.T.);
#6160 = FACE_BOUND('',#6161,.T.);
#6161 = EDGE_LOOP('',(#6162,#6170,#6176,#6177));
#6162 = ORIENTED_EDGE('',*,*,#6163,.F.);
#6163 = EDGE_CURVE('',#6164,#6140,#6166,.T.);
#6164 = VERTEX_POINT('',#6165);
#6165 = CARTESIAN_POINT('',(4.69265E+03,-101.6,2.58081954262E+03));
#6166 = LINE('',#6167,#6168);
#6167 = CARTESIAN_POINT('',(4.69265E+03,-246.7844612742,
    2.511698458146E+03));
#6168 = VECTOR('',#6169,1.);
#6169 = DIRECTION('',(2.004830108882E-16,0.90289521313,0.429860714775));
#6170 = ORIENTED_EDGE('',*,*,#6171,.F.);
#6171 = EDGE_CURVE('',#6079,#6164,#6172,.T.);
#6172 = LINE('',#6173,#6174);
#6173 = CARTESIAN_POINT('',(2.16535E+03,-101.6,2.58081954262E+03));
#6174 = VECTOR('',#6175,1.);
#6175 = DIRECTION('',(-1.,4.42044604925E-16,1.1E-16));
#6176 = ORIENTED_EDGE('',*,*,#6086,.T.);
#6177 = ORIENTED_EDGE('',*,*,#6139,.T.);
#6178 = PLANE('',#6179);
#6179 = AXIS2_PLACEMENT_3D('',#6180,#6181,#6182);
#6180 = CARTESIAN_POINT('',(4.73075E+03,-246.7844612742,
    2.511698458146E+03));
#6181 = DIRECTION('',(-9.544825258501E-17,-0.429860714775,0.90289521313)
  );
#6182 = DIRECTION('',(2.004830108882E-16,0.90289521313,0.429860714775));
#6183 = ADVANCED_FACE('',(#6184),#6202,.F.);
#6184 = FACE_BOUND('',#6185,.F.);
#6185 = EDGE_LOOP('',(#6186,#6187,#6188,#6196));
#6186 = ORIENTED_EDGE('',*,*,#6171,.F.);
#6187 = ORIENTED_EDGE('',*,*,#6078,.T.);
#6188 = ORIENTED_EDGE('',*,*,#6189,.T.);
#6189 = EDGE_CURVE('',#6071,#6190,#6192,.T.);
#6190 = VERTEX_POINT('',#6191);
#6191 = CARTESIAN_POINT('',(4.69265E+03,-101.6,2.5019E+03));
#6192 = LINE('',#6193,#6194);
#6193 = CARTESIAN_POINT('',(-400.05,-101.5999999999,2.5019E+03));
#6194 = VECTOR('',#6195,1.);
#6195 = DIRECTION('',(-1.,4.42044604925E-16,0.));
#6196 = ORIENTED_EDGE('',*,*,#6197,.F.);
#6197 = EDGE_CURVE('',#6164,#6190,#6198,.T.);
#6198 = LINE('',#6199,#6200);
#6199 = CARTESIAN_POINT('',(4.69265E+03,-101.6,2.164331998436E+03));
#6200 = VECTOR('',#6201,1.);
#6201 = DIRECTION('',(0.,0.,-1.));
#6202 = PLANE('',#6203);
#6203 = AXIS2_PLACEMENT_3D('',#6204,#6205,#6206);
#6204 = CARTESIAN_POINT('',(-400.05,-101.5999999999,1.9431E+03));
#6205 = DIRECTION('',(2.22044604925E-16,1.,0.));
#6206 = DIRECTION('',(0.,0.,1.));
#6207 = ADVANCED_FACE('',(#6208),#6220,.T.);
#6208 = FACE_BOUND('',#6209,.T.);
#6209 = EDGE_LOOP('',(#6210,#6211,#6217,#6218,#6219));
#6210 = ORIENTED_EDGE('',*,*,#6108,.F.);
#6211 = ORIENTED_EDGE('',*,*,#6212,.F.);
#6212 = EDGE_CURVE('',#6190,#6109,#6213,.T.);
#6213 = LINE('',#6214,#6215);
#6214 = CARTESIAN_POINT('',(4.69265E+03,-293.39145971,2.5019E+03));
#6215 = VECTOR('',#6216,1.);
#6216 = DIRECTION('',(2.22044604925E-16,1.,0.));
#6217 = ORIENTED_EDGE('',*,*,#6197,.F.);
#6218 = ORIENTED_EDGE('',*,*,#6163,.T.);
#6219 = ORIENTED_EDGE('',*,*,#6149,.T.);
#6220 = PLANE('',#6221);
#6221 = AXIS2_PLACEMENT_3D('',#6222,#6223,#6224);
#6222 = CARTESIAN_POINT('',(4.69265E+03,-186.7329194201,
    2.385563996872E+03));
#6223 = DIRECTION('',(-1.,2.22044604925E-16,0.));
#6224 = DIRECTION('',(-9.544825258501E-17,-0.429860714775,0.90289521313)
  );
#6225 = ADVANCED_FACE('',(#6226),#6232,.T.);
#6226 = FACE_BOUND('',#6227,.T.);
#6227 = EDGE_LOOP('',(#6228,#6229,#6230,#6231));
#6228 = ORIENTED_EDGE('',*,*,#6070,.F.);
#6229 = ORIENTED_EDGE('',*,*,#6189,.T.);
#6230 = ORIENTED_EDGE('',*,*,#6212,.T.);
#6231 = ORIENTED_EDGE('',*,*,#6118,.F.);
#6232 = PLANE('',#6233);
#6233 = AXIS2_PLACEMENT_3D('',#6234,#6235,#6236);
#6234 = CARTESIAN_POINT('',(4.7117E+03,-21.9882555513,2.5019E+03));
#6235 = DIRECTION('',(0.,-0.,-1.));
#6236 = DIRECTION('',(-2.22044604925E-16,-1.,0.));
#6237 = MANIFOLD_SOLID_BREP('',#6238);
#6238 = CLOSED_SHELL('',(#6239,#6287,#6318,#6342,#6366,#6390,#6408));
#6239 = ADVANCED_FACE('',(#6240),#6282,.F.);
#6240 = FACE_BOUND('',#6241,.F.);
#6241 = EDGE_LOOP('',(#6242,#6252,#6260,#6268,#6276));
#6242 = ORIENTED_EDGE('',*,*,#6243,.F.);
#6243 = EDGE_CURVE('',#6244,#6246,#6248,.T.);
#6244 = VERTEX_POINT('',#6245);
#6245 = CARTESIAN_POINT('',(4.12115E+03,57.623488897394,2.5019E+03));
#6246 = VERTEX_POINT('',#6247);
#6247 = CARTESIAN_POINT('',(4.12115E+03,2.066925E+03,3.458511322334E+03)
  );
#6248 = LINE('',#6249,#6250);
#6249 = CARTESIAN_POINT('',(4.12115E+03,-186.7329194201,
    2.385563996872E+03));
#6250 = VECTOR('',#6251,1.);
#6251 = DIRECTION('',(2.004830108882E-16,0.90289521313,0.429860714775));
#6252 = ORIENTED_EDGE('',*,*,#6253,.F.);
#6253 = EDGE_CURVE('',#6254,#6244,#6256,.T.);
#6254 = VERTEX_POINT('',#6255);
#6255 = CARTESIAN_POINT('',(4.12115E+03,-101.6,2.5019E+03));
#6256 = LINE('',#6257,#6258);
#6257 = CARTESIAN_POINT('',(4.12115E+03,-293.39145971,2.5019E+03));
#6258 = VECTOR('',#6259,1.);
#6259 = DIRECTION('',(2.22044604925E-16,1.,0.));
#6260 = ORIENTED_EDGE('',*,*,#6261,.F.);
#6261 = EDGE_CURVE('',#6262,#6254,#6264,.T.);
#6262 = VERTEX_POINT('',#6263);
#6263 = CARTESIAN_POINT('',(4.12115E+03,-101.6,2.58081954262E+03));
#6264 = LINE('',#6265,#6266);
#6265 = CARTESIAN_POINT('',(4.12115E+03,-101.6,2.164331998436E+03));
#6266 = VECTOR('',#6267,1.);
#6267 = DIRECTION('',(0.,0.,-1.));
#6268 = ORIENTED_EDGE('',*,*,#6269,.T.);
#6269 = EDGE_CURVE('',#6262,#6270,#6272,.T.);
#6270 = VERTEX_POINT('',#6271);
#6271 = CARTESIAN_POINT('',(4.12115E+03,2.066925E+03,3.613235810811E+03)
  );
#6272 = LINE('',#6273,#6274);
#6273 = CARTESIAN_POINT('',(4.12115E+03,-246.7844612742,
    2.511698458146E+03));
#6274 = VECTOR('',#6275,1.);
#6275 = DIRECTION('',(2.004830108882E-16,0.90289521313,0.429860714775));
#6276 = ORIENTED_EDGE('',*,*,#6277,.T.);
#6277 = EDGE_CURVE('',#6270,#6246,#6278,.T.);
#6278 = LINE('',#6279,#6280);
#6279 = CARTESIAN_POINT('',(4.12115E+03,2.066925E+03,2.408306998436E+03)
  );
#6280 = VECTOR('',#6281,1.);
#6281 = DIRECTION('',(0.,0.,-1.));
#6282 = PLANE('',#6283);
#6283 = AXIS2_PLACEMENT_3D('',#6284,#6285,#6286);
#6284 = CARTESIAN_POINT('',(4.12115E+03,-186.7329194201,
    2.385563996872E+03));
#6285 = DIRECTION('',(-1.,2.22044604925E-16,0.));
#6286 = DIRECTION('',(-9.544825258501E-17,-0.429860714775,0.90289521313)
  );
#6287 = ADVANCED_FACE('',(#6288),#6313,.F.);
#6288 = FACE_BOUND('',#6289,.F.);
#6289 = EDGE_LOOP('',(#6290,#6300,#6306,#6307));
#6290 = ORIENTED_EDGE('',*,*,#6291,.F.);
#6291 = EDGE_CURVE('',#6292,#6294,#6296,.T.);
#6292 = VERTEX_POINT('',#6293);
#6293 = CARTESIAN_POINT('',(4.08305E+03,57.623488897394,2.5019E+03));
#6294 = VERTEX_POINT('',#6295);
#6295 = CARTESIAN_POINT('',(4.08305E+03,2.066925E+03,3.458511322334E+03)
  );
#6296 = LINE('',#6297,#6298);
#6297 = CARTESIAN_POINT('',(4.08305E+03,-186.7329194201,
    2.385563996872E+03));
#6298 = VECTOR('',#6299,1.);
#6299 = DIRECTION('',(2.004830108882E-16,0.90289521313,0.429860714775));
#6300 = ORIENTED_EDGE('',*,*,#6301,.F.);
#6301 = EDGE_CURVE('',#6244,#6292,#6302,.T.);
#6302 = LINE('',#6303,#6304);
#6303 = CARTESIAN_POINT('',(4.26085E+03,57.623488897394,2.5019E+03));
#6304 = VECTOR('',#6305,1.);
#6305 = DIRECTION('',(-1.,2.22044604925E-16,0.));
#6306 = ORIENTED_EDGE('',*,*,#6243,.T.);
#6307 = ORIENTED_EDGE('',*,*,#6308,.T.);
#6308 = EDGE_CURVE('',#6246,#6294,#6309,.T.);
#6309 = LINE('',#6310,#6311);
#6310 = CARTESIAN_POINT('',(4.12165E+03,2.066925E+03,3.458511322334E+03)
  );
#6311 = VECTOR('',#6312,1.);
#6312 = DIRECTION('',(-1.,2.22044604925E-16,0.));
#6313 = PLANE('',#6314);
#6314 = AXIS2_PLACEMENT_3D('',#6315,#6316,#6317);
#6315 = CARTESIAN_POINT('',(4.12115E+03,-186.7329194201,
    2.385563996872E+03));
#6316 = DIRECTION('',(-9.544825258501E-17,-0.429860714775,0.90289521313)
  );
#6317 = DIRECTION('',(2.004830108882E-16,0.90289521313,0.429860714775));
#6318 = ADVANCED_FACE('',(#6319),#6337,.T.);
#6319 = FACE_BOUND('',#6320,.T.);
#6320 = EDGE_LOOP('',(#6321,#6329,#6330,#6331));
#6321 = ORIENTED_EDGE('',*,*,#6322,.F.);
#6322 = EDGE_CURVE('',#6270,#6323,#6325,.T.);
#6323 = VERTEX_POINT('',#6324);
#6324 = CARTESIAN_POINT('',(4.08305E+03,2.066925E+03,3.613235810811E+03)
  );
#6325 = LINE('',#6326,#6327);
#6326 = CARTESIAN_POINT('',(4.12165E+03,2.066925E+03,3.613235810811E+03)
  );
#6327 = VECTOR('',#6328,1.);
#6328 = DIRECTION('',(-1.,2.22044604925E-16,0.));
#6329 = ORIENTED_EDGE('',*,*,#6277,.T.);
#6330 = ORIENTED_EDGE('',*,*,#6308,.T.);
#6331 = ORIENTED_EDGE('',*,*,#6332,.F.);
#6332 = EDGE_CURVE('',#6323,#6294,#6333,.T.);
#6333 = LINE('',#6334,#6335);
#6334 = CARTESIAN_POINT('',(4.08305E+03,2.066925E+03,2.408306998436E+03)
  );
#6335 = VECTOR('',#6336,1.);
#6336 = DIRECTION('',(0.,0.,-1.));
#6337 = PLANE('',#6338);
#6338 = AXIS2_PLACEMENT_3D('',#6339,#6340,#6341);
#6339 = CARTESIAN_POINT('',(4.12215E+03,2.066925E+03,2.43105E+03));
#6340 = DIRECTION('',(2.22044604925E-16,1.,0.));
#6341 = DIRECTION('',(0.,0.,1.));
#6342 = ADVANCED_FACE('',(#6343),#6361,.T.);
#6343 = FACE_BOUND('',#6344,.T.);
#6344 = EDGE_LOOP('',(#6345,#6353,#6359,#6360));
#6345 = ORIENTED_EDGE('',*,*,#6346,.F.);
#6346 = EDGE_CURVE('',#6347,#6323,#6349,.T.);
#6347 = VERTEX_POINT('',#6348);
#6348 = CARTESIAN_POINT('',(4.08305E+03,-101.6,2.58081954262E+03));
#6349 = LINE('',#6350,#6351);
#6350 = CARTESIAN_POINT('',(4.08305E+03,-246.7844612742,
    2.511698458146E+03));
#6351 = VECTOR('',#6352,1.);
#6352 = DIRECTION('',(2.004830108882E-16,0.90289521313,0.429860714775));
#6353 = ORIENTED_EDGE('',*,*,#6354,.F.);
#6354 = EDGE_CURVE('',#6262,#6347,#6355,.T.);
#6355 = LINE('',#6356,#6357);
#6356 = CARTESIAN_POINT('',(1.86055E+03,-101.6,2.58081954262E+03));
#6357 = VECTOR('',#6358,1.);
#6358 = DIRECTION('',(-1.,4.42044604925E-16,1.1E-16));
#6359 = ORIENTED_EDGE('',*,*,#6269,.T.);
#6360 = ORIENTED_EDGE('',*,*,#6322,.T.);
#6361 = PLANE('',#6362);
#6362 = AXIS2_PLACEMENT_3D('',#6363,#6364,#6365);
#6363 = CARTESIAN_POINT('',(4.12115E+03,-246.7844612742,
    2.511698458146E+03));
#6364 = DIRECTION('',(-9.544825258501E-17,-0.429860714775,0.90289521313)
  );
#6365 = DIRECTION('',(2.004830108882E-16,0.90289521313,0.429860714775));
#6366 = ADVANCED_FACE('',(#6367),#6385,.F.);
#6367 = FACE_BOUND('',#6368,.F.);
#6368 = EDGE_LOOP('',(#6369,#6370,#6371,#6379));
#6369 = ORIENTED_EDGE('',*,*,#6354,.F.);
#6370 = ORIENTED_EDGE('',*,*,#6261,.T.);
#6371 = ORIENTED_EDGE('',*,*,#6372,.T.);
#6372 = EDGE_CURVE('',#6254,#6373,#6375,.T.);
#6373 = VERTEX_POINT('',#6374);
#6374 = CARTESIAN_POINT('',(4.08305E+03,-101.6,2.5019E+03));
#6375 = LINE('',#6376,#6377);
#6376 = CARTESIAN_POINT('',(-400.05,-101.5999999999,2.5019E+03));
#6377 = VECTOR('',#6378,1.);
#6378 = DIRECTION('',(-1.,4.42044604925E-16,0.));
#6379 = ORIENTED_EDGE('',*,*,#6380,.F.);
#6380 = EDGE_CURVE('',#6347,#6373,#6381,.T.);
#6381 = LINE('',#6382,#6383);
#6382 = CARTESIAN_POINT('',(4.08305E+03,-101.6,2.164331998436E+03));
#6383 = VECTOR('',#6384,1.);
#6384 = DIRECTION('',(0.,0.,-1.));
#6385 = PLANE('',#6386);
#6386 = AXIS2_PLACEMENT_3D('',#6387,#6388,#6389);
#6387 = CARTESIAN_POINT('',(-400.05,-101.5999999999,1.9431E+03));
#6388 = DIRECTION('',(2.22044604925E-16,1.,0.));
#6389 = DIRECTION('',(0.,0.,1.));
#6390 = ADVANCED_FACE('',(#6391),#6403,.T.);
#6391 = FACE_BOUND('',#6392,.T.);
#6392 = EDGE_LOOP('',(#6393,#6394,#6400,#6401,#6402));
#6393 = ORIENTED_EDGE('',*,*,#6291,.F.);
#6394 = ORIENTED_EDGE('',*,*,#6395,.F.);
#6395 = EDGE_CURVE('',#6373,#6292,#6396,.T.);
#6396 = LINE('',#6397,#6398);
#6397 = CARTESIAN_POINT('',(4.08305E+03,-293.39145971,2.5019E+03));
#6398 = VECTOR('',#6399,1.);
#6399 = DIRECTION('',(2.22044604925E-16,1.,0.));
#6400 = ORIENTED_EDGE('',*,*,#6380,.F.);
#6401 = ORIENTED_EDGE('',*,*,#6346,.T.);
#6402 = ORIENTED_EDGE('',*,*,#6332,.T.);
#6403 = PLANE('',#6404);
#6404 = AXIS2_PLACEMENT_3D('',#6405,#6406,#6407);
#6405 = CARTESIAN_POINT('',(4.08305E+03,-186.7329194201,
    2.385563996872E+03));
#6406 = DIRECTION('',(-1.,2.22044604925E-16,0.));
#6407 = DIRECTION('',(-9.544825258501E-17,-0.429860714775,0.90289521313)
  );
#6408 = ADVANCED_FACE('',(#6409),#6415,.T.);
#6409 = FACE_BOUND('',#6410,.T.);
#6410 = EDGE_LOOP('',(#6411,#6412,#6413,#6414));
#6411 = ORIENTED_EDGE('',*,*,#6253,.F.);
#6412 = ORIENTED_EDGE('',*,*,#6372,.T.);
#6413 = ORIENTED_EDGE('',*,*,#6395,.T.);
#6414 = ORIENTED_EDGE('',*,*,#6301,.F.);
#6415 = PLANE('',#6416);
#6416 = AXIS2_PLACEMENT_3D('',#6417,#6418,#6419);
#6417 = CARTESIAN_POINT('',(4.1021E+03,-21.9882555513,2.5019E+03));
#6418 = DIRECTION('',(0.,-0.,-1.));
#6419 = DIRECTION('',(-2.22044604925E-16,-1.,0.));
#6420 = MANIFOLD_SOLID_BREP('',#6421);
#6421 = CLOSED_SHELL('',(#6422,#6470,#6501,#6525,#6549,#6573,#6591));
#6422 = ADVANCED_FACE('',(#6423),#6465,.F.);
#6423 = FACE_BOUND('',#6424,.F.);
#6424 = EDGE_LOOP('',(#6425,#6435,#6443,#6451,#6459));
#6425 = ORIENTED_EDGE('',*,*,#6426,.F.);
#6426 = EDGE_CURVE('',#6427,#6429,#6431,.T.);
#6427 = VERTEX_POINT('',#6428);
#6428 = CARTESIAN_POINT('',(3.51155E+03,57.623488897394,2.5019E+03));
#6429 = VERTEX_POINT('',#6430);
#6430 = CARTESIAN_POINT('',(3.51155E+03,2.632982142857E+03,
    3.728006303029E+03));
#6431 = LINE('',#6432,#6433);
#6432 = CARTESIAN_POINT('',(3.51155E+03,-186.7329194201,
    2.385563996872E+03));
#6433 = VECTOR('',#6434,1.);
#6434 = DIRECTION('',(2.004830108882E-16,0.90289521313,0.429860714775));
#6435 = ORIENTED_EDGE('',*,*,#6436,.F.);
#6436 = EDGE_CURVE('',#6437,#6427,#6439,.T.);
#6437 = VERTEX_POINT('',#6438);
#6438 = CARTESIAN_POINT('',(3.51155E+03,-101.6,2.5019E+03));
#6439 = LINE('',#6440,#6441);
#6440 = CARTESIAN_POINT('',(3.51155E+03,-293.39145971,2.5019E+03));
#6441 = VECTOR('',#6442,1.);
#6442 = DIRECTION('',(2.22044604925E-16,1.,0.));
#6443 = ORIENTED_EDGE('',*,*,#6444,.F.);
#6444 = EDGE_CURVE('',#6445,#6437,#6447,.T.);
#6445 = VERTEX_POINT('',#6446);
#6446 = CARTESIAN_POINT('',(3.51155E+03,-101.6,2.58081954262E+03));
#6447 = LINE('',#6448,#6449);
#6448 = CARTESIAN_POINT('',(3.51155E+03,-101.6,2.164331998436E+03));
#6449 = VECTOR('',#6450,1.);
#6450 = DIRECTION('',(0.,0.,-1.));
#6451 = ORIENTED_EDGE('',*,*,#6452,.T.);
#6452 = EDGE_CURVE('',#6445,#6453,#6455,.T.);
#6453 = VERTEX_POINT('',#6454);
#6454 = CARTESIAN_POINT('',(3.51155E+03,2.632982142857E+03,
    3.882730791506E+03));
#6455 = LINE('',#6456,#6457);
#6456 = CARTESIAN_POINT('',(3.51155E+03,-246.7844612742,
    2.511698458146E+03));
#6457 = VECTOR('',#6458,1.);
#6458 = DIRECTION('',(2.004830108882E-16,0.90289521313,0.429860714775));
#6459 = ORIENTED_EDGE('',*,*,#6460,.T.);
#6460 = EDGE_CURVE('',#6453,#6429,#6461,.T.);
#6461 = LINE('',#6462,#6463);
#6462 = CARTESIAN_POINT('',(3.51155E+03,2.632982142857E+03,
    2.408306998436E+03));
#6463 = VECTOR('',#6464,1.);
#6464 = DIRECTION('',(0.,0.,-1.));
#6465 = PLANE('',#6466);
#6466 = AXIS2_PLACEMENT_3D('',#6467,#6468,#6469);
#6467 = CARTESIAN_POINT('',(3.51155E+03,-186.7329194201,
    2.385563996872E+03));
#6468 = DIRECTION('',(-1.,2.22044604925E-16,0.));
#6469 = DIRECTION('',(-9.544825258501E-17,-0.429860714775,0.90289521313)
  );
#6470 = ADVANCED_FACE('',(#6471),#6496,.F.);
#6471 = FACE_BOUND('',#6472,.F.);
#6472 = EDGE_LOOP('',(#6473,#6483,#6489,#6490));
#6473 = ORIENTED_EDGE('',*,*,#6474,.F.);
#6474 = EDGE_CURVE('',#6475,#6477,#6479,.T.);
#6475 = VERTEX_POINT('',#6476);
#6476 = CARTESIAN_POINT('',(3.47345E+03,57.623488897394,2.5019E+03));
#6477 = VERTEX_POINT('',#6478);
#6478 = CARTESIAN_POINT('',(3.47345E+03,2.632982142857E+03,
    3.728006303029E+03));
#6479 = LINE('',#6480,#6481);
#6480 = CARTESIAN_POINT('',(3.47345E+03,-186.7329194201,
    2.385563996872E+03));
#6481 = VECTOR('',#6482,1.);
#6482 = DIRECTION('',(2.004830108882E-16,0.90289521313,0.429860714775));
#6483 = ORIENTED_EDGE('',*,*,#6484,.F.);
#6484 = EDGE_CURVE('',#6427,#6475,#6485,.T.);
#6485 = LINE('',#6486,#6487);
#6486 = CARTESIAN_POINT('',(3.65125E+03,57.623488897394,2.5019E+03));
#6487 = VECTOR('',#6488,1.);
#6488 = DIRECTION('',(-1.,2.22044604925E-16,0.));
#6489 = ORIENTED_EDGE('',*,*,#6426,.T.);
#6490 = ORIENTED_EDGE('',*,*,#6491,.T.);
#6491 = EDGE_CURVE('',#6429,#6477,#6492,.T.);
#6492 = LINE('',#6493,#6494);
#6493 = CARTESIAN_POINT('',(3.51205E+03,2.632982142857E+03,
    3.728006303029E+03));
#6494 = VECTOR('',#6495,1.);
#6495 = DIRECTION('',(-1.,2.22044604925E-16,0.));
#6496 = PLANE('',#6497);
#6497 = AXIS2_PLACEMENT_3D('',#6498,#6499,#6500);
#6498 = CARTESIAN_POINT('',(3.51155E+03,-186.7329194201,
    2.385563996872E+03));
#6499 = DIRECTION('',(-9.544825258501E-17,-0.429860714775,0.90289521313)
  );
#6500 = DIRECTION('',(2.004830108882E-16,0.90289521313,0.429860714775));
#6501 = ADVANCED_FACE('',(#6502),#6520,.T.);
#6502 = FACE_BOUND('',#6503,.T.);
#6503 = EDGE_LOOP('',(#6504,#6512,#6513,#6514));
#6504 = ORIENTED_EDGE('',*,*,#6505,.F.);
#6505 = EDGE_CURVE('',#6453,#6506,#6508,.T.);
#6506 = VERTEX_POINT('',#6507);
#6507 = CARTESIAN_POINT('',(3.47345E+03,2.632982142857E+03,
    3.882730791506E+03));
#6508 = LINE('',#6509,#6510);
#6509 = CARTESIAN_POINT('',(3.51205E+03,2.632982142857E+03,
    3.882730791506E+03));
#6510 = VECTOR('',#6511,1.);
#6511 = DIRECTION('',(-1.,2.22044604925E-16,0.));
#6512 = ORIENTED_EDGE('',*,*,#6460,.T.);
#6513 = ORIENTED_EDGE('',*,*,#6491,.T.);
#6514 = ORIENTED_EDGE('',*,*,#6515,.F.);
#6515 = EDGE_CURVE('',#6506,#6477,#6516,.T.);
#6516 = LINE('',#6517,#6518);
#6517 = CARTESIAN_POINT('',(3.47345E+03,2.632982142857E+03,
    2.408306998436E+03));
#6518 = VECTOR('',#6519,1.);
#6519 = DIRECTION('',(0.,0.,-1.));
#6520 = PLANE('',#6521);
#6521 = AXIS2_PLACEMENT_3D('',#6522,#6523,#6524);
#6522 = CARTESIAN_POINT('',(3.51255E+03,2.632982142857E+03,2.43105E+03)
  );
#6523 = DIRECTION('',(2.22044604925E-16,1.,0.));
#6524 = DIRECTION('',(0.,0.,1.));
#6525 = ADVANCED_FACE('',(#6526),#6544,.T.);
#6526 = FACE_BOUND('',#6527,.T.);
#6527 = EDGE_LOOP('',(#6528,#6536,#6542,#6543));
#6528 = ORIENTED_EDGE('',*,*,#6529,.F.);
#6529 = EDGE_CURVE('',#6530,#6506,#6532,.T.);
#6530 = VERTEX_POINT('',#6531);
#6531 = CARTESIAN_POINT('',(3.47345E+03,-101.6,2.58081954262E+03));
#6532 = LINE('',#6533,#6534);
#6533 = CARTESIAN_POINT('',(3.47345E+03,-246.7844612742,
    2.511698458146E+03));
#6534 = VECTOR('',#6535,1.);
#6535 = DIRECTION('',(2.004830108882E-16,0.90289521313,0.429860714775));
#6536 = ORIENTED_EDGE('',*,*,#6537,.F.);
#6537 = EDGE_CURVE('',#6445,#6530,#6538,.T.);
#6538 = LINE('',#6539,#6540);
#6539 = CARTESIAN_POINT('',(1.55575E+03,-101.6,2.58081954262E+03));
#6540 = VECTOR('',#6541,1.);
#6541 = DIRECTION('',(-1.,4.42044604925E-16,1.1E-16));
#6542 = ORIENTED_EDGE('',*,*,#6452,.T.);
#6543 = ORIENTED_EDGE('',*,*,#6505,.T.);
#6544 = PLANE('',#6545);
#6545 = AXIS2_PLACEMENT_3D('',#6546,#6547,#6548);
#6546 = CARTESIAN_POINT('',(3.51155E+03,-246.7844612742,
    2.511698458146E+03));
#6547 = DIRECTION('',(-9.544825258501E-17,-0.429860714775,0.90289521313)
  );
#6548 = DIRECTION('',(2.004830108882E-16,0.90289521313,0.429860714775));
#6549 = ADVANCED_FACE('',(#6550),#6568,.F.);
#6550 = FACE_BOUND('',#6551,.F.);
#6551 = EDGE_LOOP('',(#6552,#6553,#6554,#6562));
#6552 = ORIENTED_EDGE('',*,*,#6537,.F.);
#6553 = ORIENTED_EDGE('',*,*,#6444,.T.);
#6554 = ORIENTED_EDGE('',*,*,#6555,.T.);
#6555 = EDGE_CURVE('',#6437,#6556,#6558,.T.);
#6556 = VERTEX_POINT('',#6557);
#6557 = CARTESIAN_POINT('',(3.47345E+03,-101.6,2.5019E+03));
#6558 = LINE('',#6559,#6560);
#6559 = CARTESIAN_POINT('',(-400.05,-101.5999999999,2.5019E+03));
#6560 = VECTOR('',#6561,1.);
#6561 = DIRECTION('',(-1.,4.42044604925E-16,0.));
#6562 = ORIENTED_EDGE('',*,*,#6563,.F.);
#6563 = EDGE_CURVE('',#6530,#6556,#6564,.T.);
#6564 = LINE('',#6565,#6566);
#6565 = CARTESIAN_POINT('',(3.47345E+03,-101.6,2.164331998436E+03));
#6566 = VECTOR('',#6567,1.);
#6567 = DIRECTION('',(0.,0.,-1.));
#6568 = PLANE('',#6569);
#6569 = AXIS2_PLACEMENT_3D('',#6570,#6571,#6572);
#6570 = CARTESIAN_POINT('',(-400.05,-101.5999999999,1.9431E+03));
#6571 = DIRECTION('',(2.22044604925E-16,1.,0.));
#6572 = DIRECTION('',(0.,0.,1.));
#6573 = ADVANCED_FACE('',(#6574),#6586,.T.);
#6574 = FACE_BOUND('',#6575,.T.);
#6575 = EDGE_LOOP('',(#6576,#6577,#6583,#6584,#6585));
#6576 = ORIENTED_EDGE('',*,*,#6474,.F.);
#6577 = ORIENTED_EDGE('',*,*,#6578,.F.);
#6578 = EDGE_CURVE('',#6556,#6475,#6579,.T.);
#6579 = LINE('',#6580,#6581);
#6580 = CARTESIAN_POINT('',(3.47345E+03,-293.39145971,2.5019E+03));
#6581 = VECTOR('',#6582,1.);
#6582 = DIRECTION('',(2.22044604925E-16,1.,0.));
#6583 = ORIENTED_EDGE('',*,*,#6563,.F.);
#6584 = ORIENTED_EDGE('',*,*,#6529,.T.);
#6585 = ORIENTED_EDGE('',*,*,#6515,.T.);
#6586 = PLANE('',#6587);
#6587 = AXIS2_PLACEMENT_3D('',#6588,#6589,#6590);
#6588 = CARTESIAN_POINT('',(3.47345E+03,-186.7329194201,
    2.385563996872E+03));
#6589 = DIRECTION('',(-1.,2.22044604925E-16,0.));
#6590 = DIRECTION('',(-9.544825258501E-17,-0.429860714775,0.90289521313)
  );
#6591 = ADVANCED_FACE('',(#6592),#6598,.T.);
#6592 = FACE_BOUND('',#6593,.T.);
#6593 = EDGE_LOOP('',(#6594,#6595,#6596,#6597));
#6594 = ORIENTED_EDGE('',*,*,#6436,.F.);
#6595 = ORIENTED_EDGE('',*,*,#6555,.T.);
#6596 = ORIENTED_EDGE('',*,*,#6578,.T.);
#6597 = ORIENTED_EDGE('',*,*,#6484,.F.);
#6598 = PLANE('',#6599);
#6599 = AXIS2_PLACEMENT_3D('',#6600,#6601,#6602);
#6600 = CARTESIAN_POINT('',(3.4925E+03,-21.9882555513,2.5019E+03));
#6601 = DIRECTION('',(0.,-0.,-1.));
#6602 = DIRECTION('',(-2.22044604925E-16,-1.,0.));
#6603 = MANIFOLD_SOLID_BREP('',#6604);
#6604 = CLOSED_SHELL('',(#6605,#6653,#6684,#6708,#6732,#6756,#6774));
#6605 = ADVANCED_FACE('',(#6606),#6648,.F.);
#6606 = FACE_BOUND('',#6607,.F.);
#6607 = EDGE_LOOP('',(#6608,#6618,#6626,#6634,#6642));
#6608 = ORIENTED_EDGE('',*,*,#6609,.F.);
#6609 = EDGE_CURVE('',#6610,#6612,#6614,.T.);
#6610 = VERTEX_POINT('',#6611);
#6611 = CARTESIAN_POINT('',(387.35,6.266976511103E+03,2.5019E+03));
#6612 = VERTEX_POINT('',#6613);
#6613 = CARTESIAN_POINT('',(387.35,5.955846428571E+03,2.650026380249E+03
    ));
#6614 = LINE('',#6615,#6616);
#6615 = CARTESIAN_POINT('',(387.35,6.51133291942E+03,2.385563996872E+03)
  );
#6616 = VECTOR('',#6617,1.);
#6617 = DIRECTION('',(-2.004830108882E-16,-0.90289521313,0.429860714775)
  );
#6618 = ORIENTED_EDGE('',*,*,#6619,.F.);
#6619 = EDGE_CURVE('',#6620,#6610,#6622,.T.);
#6620 = VERTEX_POINT('',#6621);
#6621 = CARTESIAN_POINT('',(387.35,6.4262E+03,2.5019E+03));
#6622 = LINE('',#6623,#6624);
#6623 = CARTESIAN_POINT('',(387.35,6.41796645971E+03,2.5019E+03));
#6624 = VECTOR('',#6625,1.);
#6625 = DIRECTION('',(-2.22044604925E-16,-1.,0.));
#6626 = ORIENTED_EDGE('',*,*,#6627,.T.);
#6627 = EDGE_CURVE('',#6620,#6628,#6630,.T.);
#6628 = VERTEX_POINT('',#6629);
#6629 = CARTESIAN_POINT('',(387.35,6.4262E+03,2.58081954262E+03));
#6630 = LINE('',#6631,#6632);
#6631 = CARTESIAN_POINT('',(387.35,6.4262E+03,2.164331998436E+03));
#6632 = VECTOR('',#6633,1.);
#6633 = DIRECTION('',(0.,0.,1.));
#6634 = ORIENTED_EDGE('',*,*,#6635,.T.);
#6635 = EDGE_CURVE('',#6628,#6636,#6638,.T.);
#6636 = VERTEX_POINT('',#6637);
#6637 = CARTESIAN_POINT('',(387.35,5.955846428571E+03,2.804750868726E+03
    ));
#6638 = LINE('',#6639,#6640);
#6639 = CARTESIAN_POINT('',(387.35,6.571384461274E+03,2.511698458146E+03
    ));
#6640 = VECTOR('',#6641,1.);
#6641 = DIRECTION('',(-2.004830108882E-16,-0.90289521313,0.429860714775)
  );
#6642 = ORIENTED_EDGE('',*,*,#6643,.T.);
#6643 = EDGE_CURVE('',#6636,#6612,#6644,.T.);
#6644 = LINE('',#6645,#6646);
#6645 = CARTESIAN_POINT('',(387.35,5.955846428571E+03,2.408306998436E+03
    ));
#6646 = VECTOR('',#6647,1.);
#6647 = DIRECTION('',(0.,-0.,-1.));
#6648 = PLANE('',#6649);
#6649 = AXIS2_PLACEMENT_3D('',#6650,#6651,#6652);
#6650 = CARTESIAN_POINT('',(387.35,6.51133291942E+03,2.385563996872E+03)
  );
#6651 = DIRECTION('',(1.,-2.22044604925E-16,0.));
#6652 = DIRECTION('',(9.544825258501E-17,0.429860714775,0.90289521313));
#6653 = ADVANCED_FACE('',(#6654),#6679,.F.);
#6654 = FACE_BOUND('',#6655,.F.);
#6655 = EDGE_LOOP('',(#6656,#6666,#6672,#6673));
#6656 = ORIENTED_EDGE('',*,*,#6657,.F.);
#6657 = EDGE_CURVE('',#6658,#6660,#6662,.T.);
#6658 = VERTEX_POINT('',#6659);
#6659 = CARTESIAN_POINT('',(425.45,6.266976511103E+03,2.5019E+03));
#6660 = VERTEX_POINT('',#6661);
#6661 = CARTESIAN_POINT('',(425.45,5.955846428571E+03,2.650026380249E+03
    ));
#6662 = LINE('',#6663,#6664);
#6663 = CARTESIAN_POINT('',(425.45,6.51133291942E+03,2.385563996872E+03)
  );
#6664 = VECTOR('',#6665,1.);
#6665 = DIRECTION('',(-2.004830108882E-16,-0.90289521313,0.429860714775)
  );
#6666 = ORIENTED_EDGE('',*,*,#6667,.F.);
#6667 = EDGE_CURVE('',#6610,#6658,#6668,.T.);
#6668 = LINE('',#6669,#6670);
#6669 = CARTESIAN_POINT('',(247.65,6.266976511103E+03,2.5019E+03));
#6670 = VECTOR('',#6671,1.);
#6671 = DIRECTION('',(1.,-2.22044604925E-16,0.));
#6672 = ORIENTED_EDGE('',*,*,#6609,.T.);
#6673 = ORIENTED_EDGE('',*,*,#6674,.T.);
#6674 = EDGE_CURVE('',#6612,#6660,#6675,.T.);
#6675 = LINE('',#6676,#6677);
#6676 = CARTESIAN_POINT('',(386.85,5.955846428571E+03,2.650026380249E+03
    ));
#6677 = VECTOR('',#6678,1.);
#6678 = DIRECTION('',(1.,-2.22044604925E-16,0.));
#6679 = PLANE('',#6680);
#6680 = AXIS2_PLACEMENT_3D('',#6681,#6682,#6683);
#6681 = CARTESIAN_POINT('',(387.35,6.51133291942E+03,2.385563996872E+03)
  );
#6682 = DIRECTION('',(9.544825258501E-17,0.429860714775,0.90289521313));
#6683 = DIRECTION('',(-2.004830108882E-16,-0.90289521313,0.429860714775)
  );
#6684 = ADVANCED_FACE('',(#6685),#6703,.T.);
#6685 = FACE_BOUND('',#6686,.T.);
#6686 = EDGE_LOOP('',(#6687,#6695,#6696,#6697));
#6687 = ORIENTED_EDGE('',*,*,#6688,.F.);
#6688 = EDGE_CURVE('',#6636,#6689,#6691,.T.);
#6689 = VERTEX_POINT('',#6690);
#6690 = CARTESIAN_POINT('',(425.45,5.955846428571E+03,2.804750868726E+03
    ));
#6691 = LINE('',#6692,#6693);
#6692 = CARTESIAN_POINT('',(386.85,5.955846428571E+03,2.804750868726E+03
    ));
#6693 = VECTOR('',#6694,1.);
#6694 = DIRECTION('',(1.,-2.22044604925E-16,0.));
#6695 = ORIENTED_EDGE('',*,*,#6643,.T.);
#6696 = ORIENTED_EDGE('',*,*,#6674,.T.);
#6697 = ORIENTED_EDGE('',*,*,#6698,.F.);
#6698 = EDGE_CURVE('',#6689,#6660,#6699,.T.);
#6699 = LINE('',#6700,#6701);
#6700 = CARTESIAN_POINT('',(425.45,5.955846428571E+03,2.408306998436E+03
    ));
#6701 = VECTOR('',#6702,1.);
#6702 = DIRECTION('',(0.,-0.,-1.));
#6703 = PLANE('',#6704);
#6704 = AXIS2_PLACEMENT_3D('',#6705,#6706,#6707);
#6705 = CARTESIAN_POINT('',(386.35,5.955846428571E+03,2.43105E+03));
#6706 = DIRECTION('',(-2.22044604925E-16,-1.,0.));
#6707 = DIRECTION('',(0.,0.,1.));
#6708 = ADVANCED_FACE('',(#6709),#6727,.T.);
#6709 = FACE_BOUND('',#6710,.T.);
#6710 = EDGE_LOOP('',(#6711,#6719,#6725,#6726));
#6711 = ORIENTED_EDGE('',*,*,#6712,.F.);
#6712 = EDGE_CURVE('',#6713,#6689,#6715,.T.);
#6713 = VERTEX_POINT('',#6714);
#6714 = CARTESIAN_POINT('',(425.45,6.4262E+03,2.58081954262E+03));
#6715 = LINE('',#6716,#6717);
#6716 = CARTESIAN_POINT('',(425.45,6.571384461274E+03,2.511698458146E+03
    ));
#6717 = VECTOR('',#6718,1.);
#6718 = DIRECTION('',(-2.004830108882E-16,-0.90289521313,0.429860714775)
  );
#6719 = ORIENTED_EDGE('',*,*,#6720,.T.);
#6720 = EDGE_CURVE('',#6713,#6628,#6721,.T.);
#6721 = LINE('',#6722,#6723);
#6722 = CARTESIAN_POINT('',(-6.35,6.4262E+03,2.58081954262E+03));
#6723 = VECTOR('',#6724,1.);
#6724 = DIRECTION('',(-1.,4.42044604925E-16,-1.1E-16));
#6725 = ORIENTED_EDGE('',*,*,#6635,.T.);
#6726 = ORIENTED_EDGE('',*,*,#6688,.T.);
#6727 = PLANE('',#6728);
#6728 = AXIS2_PLACEMENT_3D('',#6729,#6730,#6731);
#6729 = CARTESIAN_POINT('',(387.35,6.571384461274E+03,2.511698458146E+03
    ));
#6730 = DIRECTION('',(9.544825258501E-17,0.429860714775,0.90289521313));
#6731 = DIRECTION('',(-2.004830108882E-16,-0.90289521313,0.429860714775)
  );
#6732 = ADVANCED_FACE('',(#6733),#6751,.T.);
#6733 = FACE_BOUND('',#6734,.T.);
#6734 = EDGE_LOOP('',(#6735,#6743,#6744,#6745));
#6735 = ORIENTED_EDGE('',*,*,#6736,.T.);
#6736 = EDGE_CURVE('',#6737,#6620,#6739,.T.);
#6737 = VERTEX_POINT('',#6738);
#6738 = CARTESIAN_POINT('',(425.45,6.4262E+03,2.5019E+03));
#6739 = LINE('',#6740,#6741);
#6740 = CARTESIAN_POINT('',(-400.05,6.4262E+03,2.5019E+03));
#6741 = VECTOR('',#6742,1.);
#6742 = DIRECTION('',(-1.,4.42044604925E-16,0.));
#6743 = ORIENTED_EDGE('',*,*,#6627,.T.);
#6744 = ORIENTED_EDGE('',*,*,#6720,.F.);
#6745 = ORIENTED_EDGE('',*,*,#6746,.F.);
#6746 = EDGE_CURVE('',#6737,#6713,#6747,.T.);
#6747 = LINE('',#6748,#6749);
#6748 = CARTESIAN_POINT('',(425.45,6.4262E+03,2.164331998436E+03));
#6749 = VECTOR('',#6750,1.);
#6750 = DIRECTION('',(0.,0.,1.));
#6751 = PLANE('',#6752);
#6752 = AXIS2_PLACEMENT_3D('',#6753,#6754,#6755);
#6753 = CARTESIAN_POINT('',(-400.05,6.4262E+03,1.9431E+03));
#6754 = DIRECTION('',(2.22044604925E-16,1.,0.));
#6755 = DIRECTION('',(0.,0.,1.));
#6756 = ADVANCED_FACE('',(#6757),#6769,.T.);
#6757 = FACE_BOUND('',#6758,.T.);
#6758 = EDGE_LOOP('',(#6759,#6760,#6766,#6767,#6768));
#6759 = ORIENTED_EDGE('',*,*,#6657,.F.);
#6760 = ORIENTED_EDGE('',*,*,#6761,.F.);
#6761 = EDGE_CURVE('',#6737,#6658,#6762,.T.);
#6762 = LINE('',#6763,#6764);
#6763 = CARTESIAN_POINT('',(425.45,6.61799145971E+03,2.5019E+03));
#6764 = VECTOR('',#6765,1.);
#6765 = DIRECTION('',(-2.22044604925E-16,-1.,0.));
#6766 = ORIENTED_EDGE('',*,*,#6746,.T.);
#6767 = ORIENTED_EDGE('',*,*,#6712,.T.);
#6768 = ORIENTED_EDGE('',*,*,#6698,.T.);
#6769 = PLANE('',#6770);
#6770 = AXIS2_PLACEMENT_3D('',#6771,#6772,#6773);
#6771 = CARTESIAN_POINT('',(425.45,6.51133291942E+03,2.385563996872E+03)
  );
#6772 = DIRECTION('',(1.,-2.22044604925E-16,0.));
#6773 = DIRECTION('',(9.544825258501E-17,0.429860714775,0.90289521313));
#6774 = ADVANCED_FACE('',(#6775),#6781,.T.);
#6775 = FACE_BOUND('',#6776,.T.);
#6776 = EDGE_LOOP('',(#6777,#6778,#6779,#6780));
#6777 = ORIENTED_EDGE('',*,*,#6736,.F.);
#6778 = ORIENTED_EDGE('',*,*,#6761,.T.);
#6779 = ORIENTED_EDGE('',*,*,#6667,.F.);
#6780 = ORIENTED_EDGE('',*,*,#6619,.F.);
#6781 = PLANE('',#6782);
#6782 = AXIS2_PLACEMENT_3D('',#6783,#6784,#6785);
#6783 = CARTESIAN_POINT('',(406.4,6.346588255551E+03,2.5019E+03));
#6784 = DIRECTION('',(0.,0.,-1.));
#6785 = DIRECTION('',(2.22044604925E-16,1.,0.));
#6786 = MANIFOLD_SOLID_BREP('',#6787);
#6787 = CLOSED_SHELL('',(#6788,#6836,#6867,#6891,#6915,#6939,#6957));
#6788 = ADVANCED_FACE('',(#6789),#6831,.F.);
#6789 = FACE_BOUND('',#6790,.F.);
#6790 = EDGE_LOOP('',(#6791,#6801,#6809,#6817,#6825));
#6791 = ORIENTED_EDGE('',*,*,#6792,.F.);
#6792 = EDGE_CURVE('',#6793,#6795,#6797,.T.);
#6793 = VERTEX_POINT('',#6794);
#6794 = CARTESIAN_POINT('',(996.95,6.266976511103E+03,2.5019E+03));
#6795 = VERTEX_POINT('',#6796);
#6796 = CARTESIAN_POINT('',(996.95,5.389789285714E+03,2.919521360944E+03
    ));
#6797 = LINE('',#6798,#6799);
#6798 = CARTESIAN_POINT('',(996.95,6.51133291942E+03,2.385563996872E+03)
  );
#6799 = VECTOR('',#6800,1.);
#6800 = DIRECTION('',(-2.004830108882E-16,-0.90289521313,0.429860714775)
  );
#6801 = ORIENTED_EDGE('',*,*,#6802,.F.);
#6802 = EDGE_CURVE('',#6803,#6793,#6805,.T.);
#6803 = VERTEX_POINT('',#6804);
#6804 = CARTESIAN_POINT('',(996.95,6.4262E+03,2.5019E+03));
#6805 = LINE('',#6806,#6807);
#6806 = CARTESIAN_POINT('',(996.95,6.41796645971E+03,2.5019E+03));
#6807 = VECTOR('',#6808,1.);
#6808 = DIRECTION('',(-2.22044604925E-16,-1.,0.));
#6809 = ORIENTED_EDGE('',*,*,#6810,.T.);
#6810 = EDGE_CURVE('',#6803,#6811,#6813,.T.);
#6811 = VERTEX_POINT('',#6812);
#6812 = CARTESIAN_POINT('',(996.95,6.4262E+03,2.58081954262E+03));
#6813 = LINE('',#6814,#6815);
#6814 = CARTESIAN_POINT('',(996.95,6.4262E+03,2.164331998436E+03));
#6815 = VECTOR('',#6816,1.);
#6816 = DIRECTION('',(0.,0.,1.));
#6817 = ORIENTED_EDGE('',*,*,#6818,.T.);
#6818 = EDGE_CURVE('',#6811,#6819,#6821,.T.);
#6819 = VERTEX_POINT('',#6820);
#6820 = CARTESIAN_POINT('',(996.95,5.389789285714E+03,3.074245849421E+03
    ));
#6821 = LINE('',#6822,#6823);
#6822 = CARTESIAN_POINT('',(996.95,6.571384461274E+03,2.511698458146E+03
    ));
#6823 = VECTOR('',#6824,1.);
#6824 = DIRECTION('',(-2.004830108882E-16,-0.90289521313,0.429860714775)
  );
#6825 = ORIENTED_EDGE('',*,*,#6826,.T.);
#6826 = EDGE_CURVE('',#6819,#6795,#6827,.T.);
#6827 = LINE('',#6828,#6829);
#6828 = CARTESIAN_POINT('',(996.95,5.389789285714E+03,2.408306998436E+03
    ));
#6829 = VECTOR('',#6830,1.);
#6830 = DIRECTION('',(0.,-0.,-1.));
#6831 = PLANE('',#6832);
#6832 = AXIS2_PLACEMENT_3D('',#6833,#6834,#6835);
#6833 = CARTESIAN_POINT('',(996.95,6.51133291942E+03,2.385563996872E+03)
  );
#6834 = DIRECTION('',(1.,-2.22044604925E-16,0.));
#6835 = DIRECTION('',(9.544825258501E-17,0.429860714775,0.90289521313));
#6836 = ADVANCED_FACE('',(#6837),#6862,.F.);
#6837 = FACE_BOUND('',#6838,.F.);
#6838 = EDGE_LOOP('',(#6839,#6849,#6855,#6856));
#6839 = ORIENTED_EDGE('',*,*,#6840,.F.);
#6840 = EDGE_CURVE('',#6841,#6843,#6845,.T.);
#6841 = VERTEX_POINT('',#6842);
#6842 = CARTESIAN_POINT('',(1.03505E+03,6.266976511103E+03,2.5019E+03));
#6843 = VERTEX_POINT('',#6844);
#6844 = CARTESIAN_POINT('',(1.03505E+03,5.389789285714E+03,
    2.919521360944E+03));
#6845 = LINE('',#6846,#6847);
#6846 = CARTESIAN_POINT('',(1.03505E+03,6.51133291942E+03,
    2.385563996872E+03));
#6847 = VECTOR('',#6848,1.);
#6848 = DIRECTION('',(-2.004830108882E-16,-0.90289521313,0.429860714775)
  );
#6849 = ORIENTED_EDGE('',*,*,#6850,.F.);
#6850 = EDGE_CURVE('',#6793,#6841,#6851,.T.);
#6851 = LINE('',#6852,#6853);
#6852 = CARTESIAN_POINT('',(857.25,6.266976511103E+03,2.5019E+03));
#6853 = VECTOR('',#6854,1.);
#6854 = DIRECTION('',(1.,-2.22044604925E-16,0.));
#6855 = ORIENTED_EDGE('',*,*,#6792,.T.);
#6856 = ORIENTED_EDGE('',*,*,#6857,.T.);
#6857 = EDGE_CURVE('',#6795,#6843,#6858,.T.);
#6858 = LINE('',#6859,#6860);
#6859 = CARTESIAN_POINT('',(996.45,5.389789285714E+03,2.919521360944E+03
    ));
#6860 = VECTOR('',#6861,1.);
#6861 = DIRECTION('',(1.,-2.22044604925E-16,0.));
#6862 = PLANE('',#6863);
#6863 = AXIS2_PLACEMENT_3D('',#6864,#6865,#6866);
#6864 = CARTESIAN_POINT('',(996.95,6.51133291942E+03,2.385563996872E+03)
  );
#6865 = DIRECTION('',(9.544825258501E-17,0.429860714775,0.90289521313));
#6866 = DIRECTION('',(-2.004830108882E-16,-0.90289521313,0.429860714775)
  );
#6867 = ADVANCED_FACE('',(#6868),#6886,.T.);
#6868 = FACE_BOUND('',#6869,.T.);
#6869 = EDGE_LOOP('',(#6870,#6878,#6879,#6880));
#6870 = ORIENTED_EDGE('',*,*,#6871,.F.);
#6871 = EDGE_CURVE('',#6819,#6872,#6874,.T.);
#6872 = VERTEX_POINT('',#6873);
#6873 = CARTESIAN_POINT('',(1.03505E+03,5.389789285714E+03,
    3.074245849421E+03));
#6874 = LINE('',#6875,#6876);
#6875 = CARTESIAN_POINT('',(996.45,5.389789285714E+03,3.074245849421E+03
    ));
#6876 = VECTOR('',#6877,1.);
#6877 = DIRECTION('',(1.,-2.22044604925E-16,0.));
#6878 = ORIENTED_EDGE('',*,*,#6826,.T.);
#6879 = ORIENTED_EDGE('',*,*,#6857,.T.);
#6880 = ORIENTED_EDGE('',*,*,#6881,.F.);
#6881 = EDGE_CURVE('',#6872,#6843,#6882,.T.);
#6882 = LINE('',#6883,#6884);
#6883 = CARTESIAN_POINT('',(1.03505E+03,5.389789285714E+03,
    2.408306998436E+03));
#6884 = VECTOR('',#6885,1.);
#6885 = DIRECTION('',(0.,-0.,-1.));
#6886 = PLANE('',#6887);
#6887 = AXIS2_PLACEMENT_3D('',#6888,#6889,#6890);
#6888 = CARTESIAN_POINT('',(995.95,5.389789285714E+03,2.43105E+03));
#6889 = DIRECTION('',(-2.22044604925E-16,-1.,0.));
#6890 = DIRECTION('',(0.,0.,1.));
#6891 = ADVANCED_FACE('',(#6892),#6910,.T.);
#6892 = FACE_BOUND('',#6893,.T.);
#6893 = EDGE_LOOP('',(#6894,#6902,#6908,#6909));
#6894 = ORIENTED_EDGE('',*,*,#6895,.F.);
#6895 = EDGE_CURVE('',#6896,#6872,#6898,.T.);
#6896 = VERTEX_POINT('',#6897);
#6897 = CARTESIAN_POINT('',(1.03505E+03,6.4262E+03,2.58081954262E+03));
#6898 = LINE('',#6899,#6900);
#6899 = CARTESIAN_POINT('',(1.03505E+03,6.571384461274E+03,
    2.511698458146E+03));
#6900 = VECTOR('',#6901,1.);
#6901 = DIRECTION('',(-2.004830108882E-16,-0.90289521313,0.429860714775)
  );
#6902 = ORIENTED_EDGE('',*,*,#6903,.T.);
#6903 = EDGE_CURVE('',#6896,#6811,#6904,.T.);
#6904 = LINE('',#6905,#6906);
#6905 = CARTESIAN_POINT('',(298.45,6.4262E+03,2.58081954262E+03));
#6906 = VECTOR('',#6907,1.);
#6907 = DIRECTION('',(-1.,4.42044604925E-16,-1.1E-16));
#6908 = ORIENTED_EDGE('',*,*,#6818,.T.);
#6909 = ORIENTED_EDGE('',*,*,#6871,.T.);
#6910 = PLANE('',#6911);
#6911 = AXIS2_PLACEMENT_3D('',#6912,#6913,#6914);
#6912 = CARTESIAN_POINT('',(996.95,6.571384461274E+03,2.511698458146E+03
    ));
#6913 = DIRECTION('',(9.544825258501E-17,0.429860714775,0.90289521313));
#6914 = DIRECTION('',(-2.004830108882E-16,-0.90289521313,0.429860714775)
  );
#6915 = ADVANCED_FACE('',(#6916),#6934,.T.);
#6916 = FACE_BOUND('',#6917,.T.);
#6917 = EDGE_LOOP('',(#6918,#6926,#6927,#6928));
#6918 = ORIENTED_EDGE('',*,*,#6919,.T.);
#6919 = EDGE_CURVE('',#6920,#6803,#6922,.T.);
#6920 = VERTEX_POINT('',#6921);
#6921 = CARTESIAN_POINT('',(1.03505E+03,6.4262E+03,2.5019E+03));
#6922 = LINE('',#6923,#6924);
#6923 = CARTESIAN_POINT('',(-400.05,6.4262E+03,2.5019E+03));
#6924 = VECTOR('',#6925,1.);
#6925 = DIRECTION('',(-1.,4.42044604925E-16,0.));
#6926 = ORIENTED_EDGE('',*,*,#6810,.T.);
#6927 = ORIENTED_EDGE('',*,*,#6903,.F.);
#6928 = ORIENTED_EDGE('',*,*,#6929,.F.);
#6929 = EDGE_CURVE('',#6920,#6896,#6930,.T.);
#6930 = LINE('',#6931,#6932);
#6931 = CARTESIAN_POINT('',(1.03505E+03,6.4262E+03,2.164331998436E+03));
#6932 = VECTOR('',#6933,1.);
#6933 = DIRECTION('',(0.,0.,1.));
#6934 = PLANE('',#6935);
#6935 = AXIS2_PLACEMENT_3D('',#6936,#6937,#6938);
#6936 = CARTESIAN_POINT('',(-400.05,6.4262E+03,1.9431E+03));
#6937 = DIRECTION('',(2.22044604925E-16,1.,0.));
#6938 = DIRECTION('',(0.,0.,1.));
#6939 = ADVANCED_FACE('',(#6940),#6952,.T.);
#6940 = FACE_BOUND('',#6941,.T.);
#6941 = EDGE_LOOP('',(#6942,#6943,#6949,#6950,#6951));
#6942 = ORIENTED_EDGE('',*,*,#6840,.F.);
#6943 = ORIENTED_EDGE('',*,*,#6944,.F.);
#6944 = EDGE_CURVE('',#6920,#6841,#6945,.T.);
#6945 = LINE('',#6946,#6947);
#6946 = CARTESIAN_POINT('',(1.03505E+03,6.61799145971E+03,2.5019E+03));
#6947 = VECTOR('',#6948,1.);
#6948 = DIRECTION('',(-2.22044604925E-16,-1.,0.));
#6949 = ORIENTED_EDGE('',*,*,#6929,.T.);
#6950 = ORIENTED_EDGE('',*,*,#6895,.T.);
#6951 = ORIENTED_EDGE('',*,*,#6881,.T.);
#6952 = PLANE('',#6953);
#6953 = AXIS2_PLACEMENT_3D('',#6954,#6955,#6956);
#6954 = CARTESIAN_POINT('',(1.03505E+03,6.51133291942E+03,
    2.385563996872E+03));
#6955 = DIRECTION('',(1.,-2.22044604925E-16,0.));
#6956 = DIRECTION('',(9.544825258501E-17,0.429860714775,0.90289521313));
#6957 = ADVANCED_FACE('',(#6958),#6964,.T.);
#6958 = FACE_BOUND('',#6959,.T.);
#6959 = EDGE_LOOP('',(#6960,#6961,#6962,#6963));
#6960 = ORIENTED_EDGE('',*,*,#6919,.F.);
#6961 = ORIENTED_EDGE('',*,*,#6944,.T.);
#6962 = ORIENTED_EDGE('',*,*,#6850,.F.);
#6963 = ORIENTED_EDGE('',*,*,#6802,.F.);
#6964 = PLANE('',#6965);
#6965 = AXIS2_PLACEMENT_3D('',#6966,#6967,#6968);
#6966 = CARTESIAN_POINT('',(1.016E+03,6.346588255551E+03,2.5019E+03));
#6967 = DIRECTION('',(0.,0.,-1.));
#6968 = DIRECTION('',(2.22044604925E-16,1.,0.));
#6969 = MANIFOLD_SOLID_BREP('',#6970);
#6970 = CLOSED_SHELL('',(#6971,#7019,#7050,#7074,#7098,#7122,#7140));
#6971 = ADVANCED_FACE('',(#6972),#7014,.F.);
#6972 = FACE_BOUND('',#6973,.F.);
#6973 = EDGE_LOOP('',(#6974,#6984,#6992,#7000,#7008));
#6974 = ORIENTED_EDGE('',*,*,#6975,.F.);
#6975 = EDGE_CURVE('',#6976,#6978,#6980,.T.);
#6976 = VERTEX_POINT('',#6977);
#6977 = CARTESIAN_POINT('',(1.60655E+03,6.266976511103E+03,2.5019E+03));
#6978 = VERTEX_POINT('',#6979);
#6979 = CARTESIAN_POINT('',(1.60655E+03,4.823732142857E+03,
    3.189016341639E+03));
#6980 = LINE('',#6981,#6982);
#6981 = CARTESIAN_POINT('',(1.60655E+03,6.51133291942E+03,
    2.385563996872E+03));
#6982 = VECTOR('',#6983,1.);
#6983 = DIRECTION('',(-2.004830108882E-16,-0.90289521313,0.429860714775)
  );
#6984 = ORIENTED_EDGE('',*,*,#6985,.F.);
#6985 = EDGE_CURVE('',#6986,#6976,#6988,.T.);
#6986 = VERTEX_POINT('',#6987);
#6987 = CARTESIAN_POINT('',(1.60655E+03,6.4262E+03,2.5019E+03));
#6988 = LINE('',#6989,#6990);
#6989 = CARTESIAN_POINT('',(1.60655E+03,6.41796645971E+03,2.5019E+03));
#6990 = VECTOR('',#6991,1.);
#6991 = DIRECTION('',(-2.22044604925E-16,-1.,0.));
#6992 = ORIENTED_EDGE('',*,*,#6993,.T.);
#6993 = EDGE_CURVE('',#6986,#6994,#6996,.T.);
#6994 = VERTEX_POINT('',#6995);
#6995 = CARTESIAN_POINT('',(1.60655E+03,6.4262E+03,2.58081954262E+03));
#6996 = LINE('',#6997,#6998);
#6997 = CARTESIAN_POINT('',(1.60655E+03,6.4262E+03,2.164331998436E+03));
#6998 = VECTOR('',#6999,1.);
#6999 = DIRECTION('',(0.,0.,1.));
#7000 = ORIENTED_EDGE('',*,*,#7001,.T.);
#7001 = EDGE_CURVE('',#6994,#7002,#7004,.T.);
#7002 = VERTEX_POINT('',#7003);
#7003 = CARTESIAN_POINT('',(1.60655E+03,4.823732142857E+03,
    3.343740830116E+03));
#7004 = LINE('',#7005,#7006);
#7005 = CARTESIAN_POINT('',(1.60655E+03,6.571384461274E+03,
    2.511698458146E+03));
#7006 = VECTOR('',#7007,1.);
#7007 = DIRECTION('',(-2.004830108882E-16,-0.90289521313,0.429860714775)
  );
#7008 = ORIENTED_EDGE('',*,*,#7009,.T.);
#7009 = EDGE_CURVE('',#7002,#6978,#7010,.T.);
#7010 = LINE('',#7011,#7012);
#7011 = CARTESIAN_POINT('',(1.60655E+03,4.823732142857E+03,
    2.408306998436E+03));
#7012 = VECTOR('',#7013,1.);
#7013 = DIRECTION('',(0.,-0.,-1.));
#7014 = PLANE('',#7015);
#7015 = AXIS2_PLACEMENT_3D('',#7016,#7017,#7018);
#7016 = CARTESIAN_POINT('',(1.60655E+03,6.51133291942E+03,
    2.385563996872E+03));
#7017 = DIRECTION('',(1.,-2.22044604925E-16,0.));
#7018 = DIRECTION('',(9.544825258501E-17,0.429860714775,0.90289521313));
#7019 = ADVANCED_FACE('',(#7020),#7045,.F.);
#7020 = FACE_BOUND('',#7021,.F.);
#7021 = EDGE_LOOP('',(#7022,#7032,#7038,#7039));
#7022 = ORIENTED_EDGE('',*,*,#7023,.F.);
#7023 = EDGE_CURVE('',#7024,#7026,#7028,.T.);
#7024 = VERTEX_POINT('',#7025);
#7025 = CARTESIAN_POINT('',(1.64465E+03,6.266976511103E+03,2.5019E+03));
#7026 = VERTEX_POINT('',#7027);
#7027 = CARTESIAN_POINT('',(1.64465E+03,4.823732142857E+03,
    3.189016341639E+03));
#7028 = LINE('',#7029,#7030);
#7029 = CARTESIAN_POINT('',(1.64465E+03,6.51133291942E+03,
    2.385563996872E+03));
#7030 = VECTOR('',#7031,1.);
#7031 = DIRECTION('',(-2.004830108882E-16,-0.90289521313,0.429860714775)
  );
#7032 = ORIENTED_EDGE('',*,*,#7033,.F.);
#7033 = EDGE_CURVE('',#6976,#7024,#7034,.T.);
#7034 = LINE('',#7035,#7036);
#7035 = CARTESIAN_POINT('',(1.46685E+03,6.266976511103E+03,2.5019E+03));
#7036 = VECTOR('',#7037,1.);
#7037 = DIRECTION('',(1.,-2.22044604925E-16,0.));
#7038 = ORIENTED_EDGE('',*,*,#6975,.T.);
#7039 = ORIENTED_EDGE('',*,*,#7040,.T.);
#7040 = EDGE_CURVE('',#6978,#7026,#7041,.T.);
#7041 = LINE('',#7042,#7043);
#7042 = CARTESIAN_POINT('',(1.60605E+03,4.823732142857E+03,
    3.189016341639E+03));
#7043 = VECTOR('',#7044,1.);
#7044 = DIRECTION('',(1.,-2.22044604925E-16,0.));
#7045 = PLANE('',#7046);
#7046 = AXIS2_PLACEMENT_3D('',#7047,#7048,#7049);
#7047 = CARTESIAN_POINT('',(1.60655E+03,6.51133291942E+03,
    2.385563996872E+03));
#7048 = DIRECTION('',(9.544825258501E-17,0.429860714775,0.90289521313));
#7049 = DIRECTION('',(-2.004830108882E-16,-0.90289521313,0.429860714775)
  );
#7050 = ADVANCED_FACE('',(#7051),#7069,.T.);
#7051 = FACE_BOUND('',#7052,.T.);
#7052 = EDGE_LOOP('',(#7053,#7061,#7062,#7063));
#7053 = ORIENTED_EDGE('',*,*,#7054,.F.);
#7054 = EDGE_CURVE('',#7002,#7055,#7057,.T.);
#7055 = VERTEX_POINT('',#7056);
#7056 = CARTESIAN_POINT('',(1.64465E+03,4.823732142857E+03,
    3.343740830116E+03));
#7057 = LINE('',#7058,#7059);
#7058 = CARTESIAN_POINT('',(1.60605E+03,4.823732142857E+03,
    3.343740830116E+03));
#7059 = VECTOR('',#7060,1.);
#7060 = DIRECTION('',(1.,-2.22044604925E-16,0.));
#7061 = ORIENTED_EDGE('',*,*,#7009,.T.);
#7062 = ORIENTED_EDGE('',*,*,#7040,.T.);
#7063 = ORIENTED_EDGE('',*,*,#7064,.F.);
#7064 = EDGE_CURVE('',#7055,#7026,#7065,.T.);
#7065 = LINE('',#7066,#7067);
#7066 = CARTESIAN_POINT('',(1.64465E+03,4.823732142857E+03,
    2.408306998436E+03));
#7067 = VECTOR('',#7068,1.);
#7068 = DIRECTION('',(0.,-0.,-1.));
#7069 = PLANE('',#7070);
#7070 = AXIS2_PLACEMENT_3D('',#7071,#7072,#7073);
#7071 = CARTESIAN_POINT('',(1.60555E+03,4.823732142857E+03,2.43105E+03)
  );
#7072 = DIRECTION('',(-2.22044604925E-16,-1.,0.));
#7073 = DIRECTION('',(0.,0.,1.));
#7074 = ADVANCED_FACE('',(#7075),#7093,.T.);
#7075 = FACE_BOUND('',#7076,.T.);
#7076 = EDGE_LOOP('',(#7077,#7085,#7091,#7092));
#7077 = ORIENTED_EDGE('',*,*,#7078,.F.);
#7078 = EDGE_CURVE('',#7079,#7055,#7081,.T.);
#7079 = VERTEX_POINT('',#7080);
#7080 = CARTESIAN_POINT('',(1.64465E+03,6.4262E+03,2.58081954262E+03));
#7081 = LINE('',#7082,#7083);
#7082 = CARTESIAN_POINT('',(1.64465E+03,6.571384461274E+03,
    2.511698458146E+03));
#7083 = VECTOR('',#7084,1.);
#7084 = DIRECTION('',(-2.004830108882E-16,-0.90289521313,0.429860714775)
  );
#7085 = ORIENTED_EDGE('',*,*,#7086,.T.);
#7086 = EDGE_CURVE('',#7079,#6994,#7087,.T.);
#7087 = LINE('',#7088,#7089);
#7088 = CARTESIAN_POINT('',(603.25,6.4262E+03,2.58081954262E+03));
#7089 = VECTOR('',#7090,1.);
#7090 = DIRECTION('',(-1.,4.42044604925E-16,-1.1E-16));
#7091 = ORIENTED_EDGE('',*,*,#7001,.T.);
#7092 = ORIENTED_EDGE('',*,*,#7054,.T.);
#7093 = PLANE('',#7094);
#7094 = AXIS2_PLACEMENT_3D('',#7095,#7096,#7097);
#7095 = CARTESIAN_POINT('',(1.60655E+03,6.571384461274E+03,
    2.511698458146E+03));
#7096 = DIRECTION('',(9.544825258501E-17,0.429860714775,0.90289521313));
#7097 = DIRECTION('',(-2.004830108882E-16,-0.90289521313,0.429860714775)
  );
#7098 = ADVANCED_FACE('',(#7099),#7117,.T.);
#7099 = FACE_BOUND('',#7100,.T.);
#7100 = EDGE_LOOP('',(#7101,#7109,#7110,#7111));
#7101 = ORIENTED_EDGE('',*,*,#7102,.T.);
#7102 = EDGE_CURVE('',#7103,#6986,#7105,.T.);
#7103 = VERTEX_POINT('',#7104);
#7104 = CARTESIAN_POINT('',(1.64465E+03,6.4262E+03,2.5019E+03));
#7105 = LINE('',#7106,#7107);
#7106 = CARTESIAN_POINT('',(-400.05,6.4262E+03,2.5019E+03));
#7107 = VECTOR('',#7108,1.);
#7108 = DIRECTION('',(-1.,4.42044604925E-16,0.));
#7109 = ORIENTED_EDGE('',*,*,#6993,.T.);
#7110 = ORIENTED_EDGE('',*,*,#7086,.F.);
#7111 = ORIENTED_EDGE('',*,*,#7112,.F.);
#7112 = EDGE_CURVE('',#7103,#7079,#7113,.T.);
#7113 = LINE('',#7114,#7115);
#7114 = CARTESIAN_POINT('',(1.64465E+03,6.4262E+03,2.164331998436E+03));
#7115 = VECTOR('',#7116,1.);
#7116 = DIRECTION('',(0.,0.,1.));
#7117 = PLANE('',#7118);
#7118 = AXIS2_PLACEMENT_3D('',#7119,#7120,#7121);
#7119 = CARTESIAN_POINT('',(-400.05,6.4262E+03,1.9431E+03));
#7120 = DIRECTION('',(2.22044604925E-16,1.,0.));
#7121 = DIRECTION('',(0.,0.,1.));
#7122 = ADVANCED_FACE('',(#7123),#7135,.T.);
#7123 = FACE_BOUND('',#7124,.T.);
#7124 = EDGE_LOOP('',(#7125,#7126,#7132,#7133,#7134));
#7125 = ORIENTED_EDGE('',*,*,#7023,.F.);
#7126 = ORIENTED_EDGE('',*,*,#7127,.F.);
#7127 = EDGE_CURVE('',#7103,#7024,#7128,.T.);
#7128 = LINE('',#7129,#7130);
#7129 = CARTESIAN_POINT('',(1.64465E+03,6.61799145971E+03,2.5019E+03));
#7130 = VECTOR('',#7131,1.);
#7131 = DIRECTION('',(-2.22044604925E-16,-1.,0.));
#7132 = ORIENTED_EDGE('',*,*,#7112,.T.);
#7133 = ORIENTED_EDGE('',*,*,#7078,.T.);
#7134 = ORIENTED_EDGE('',*,*,#7064,.T.);
#7135 = PLANE('',#7136);
#7136 = AXIS2_PLACEMENT_3D('',#7137,#7138,#7139);
#7137 = CARTESIAN_POINT('',(1.64465E+03,6.51133291942E+03,
    2.385563996872E+03));
#7138 = DIRECTION('',(1.,-2.22044604925E-16,0.));
#7139 = DIRECTION('',(9.544825258501E-17,0.429860714775,0.90289521313));
#7140 = ADVANCED_FACE('',(#7141),#7147,.T.);
#7141 = FACE_BOUND('',#7142,.T.);
#7142 = EDGE_LOOP('',(#7143,#7144,#7145,#7146));
#7143 = ORIENTED_EDGE('',*,*,#7102,.F.);
#7144 = ORIENTED_EDGE('',*,*,#7127,.T.);
#7145 = ORIENTED_EDGE('',*,*,#7033,.F.);
#7146 = ORIENTED_EDGE('',*,*,#6985,.F.);
#7147 = PLANE('',#7148);
#7148 = AXIS2_PLACEMENT_3D('',#7149,#7150,#7151);
#7149 = CARTESIAN_POINT('',(1.6256E+03,6.346588255551E+03,2.5019E+03));
#7150 = DIRECTION('',(0.,0.,-1.));
#7151 = DIRECTION('',(2.22044604925E-16,1.,0.));
#7152 = MANIFOLD_SOLID_BREP('',#7153);
#7153 = CLOSED_SHELL('',(#7154,#7202,#7233,#7257,#7281,#7305,#7323));
#7154 = ADVANCED_FACE('',(#7155),#7197,.F.);
#7155 = FACE_BOUND('',#7156,.F.);
#7156 = EDGE_LOOP('',(#7157,#7167,#7175,#7183,#7191));
#7157 = ORIENTED_EDGE('',*,*,#7158,.F.);
#7158 = EDGE_CURVE('',#7159,#7161,#7163,.T.);
#7159 = VERTEX_POINT('',#7160);
#7160 = CARTESIAN_POINT('',(2.21615E+03,6.266976511103E+03,2.5019E+03));
#7161 = VERTEX_POINT('',#7162);
#7162 = CARTESIAN_POINT('',(2.21615E+03,4.257675E+03,3.458511322334E+03)
  );
#7163 = LINE('',#7164,#7165);
#7164 = CARTESIAN_POINT('',(2.21615E+03,6.51133291942E+03,
    2.385563996872E+03));
#7165 = VECTOR('',#7166,1.);
#7166 = DIRECTION('',(-2.004830108882E-16,-0.90289521313,0.429860714775)
  );
#7167 = ORIENTED_EDGE('',*,*,#7168,.F.);
#7168 = EDGE_CURVE('',#7169,#7159,#7171,.T.);
#7169 = VERTEX_POINT('',#7170);
#7170 = CARTESIAN_POINT('',(2.21615E+03,6.4262E+03,2.5019E+03));
#7171 = LINE('',#7172,#7173);
#7172 = CARTESIAN_POINT('',(2.21615E+03,6.41796645971E+03,2.5019E+03));
#7173 = VECTOR('',#7174,1.);
#7174 = DIRECTION('',(-2.22044604925E-16,-1.,0.));
#7175 = ORIENTED_EDGE('',*,*,#7176,.T.);
#7176 = EDGE_CURVE('',#7169,#7177,#7179,.T.);
#7177 = VERTEX_POINT('',#7178);
#7178 = CARTESIAN_POINT('',(2.21615E+03,6.4262E+03,2.58081954262E+03));
#7179 = LINE('',#7180,#7181);
#7180 = CARTESIAN_POINT('',(2.21615E+03,6.4262E+03,2.164331998436E+03));
#7181 = VECTOR('',#7182,1.);
#7182 = DIRECTION('',(0.,0.,1.));
#7183 = ORIENTED_EDGE('',*,*,#7184,.T.);
#7184 = EDGE_CURVE('',#7177,#7185,#7187,.T.);
#7185 = VERTEX_POINT('',#7186);
#7186 = CARTESIAN_POINT('',(2.21615E+03,4.257675E+03,3.613235810811E+03)
  );
#7187 = LINE('',#7188,#7189);
#7188 = CARTESIAN_POINT('',(2.21615E+03,6.571384461274E+03,
    2.511698458146E+03));
#7189 = VECTOR('',#7190,1.);
#7190 = DIRECTION('',(-2.004830108882E-16,-0.90289521313,0.429860714775)
  );
#7191 = ORIENTED_EDGE('',*,*,#7192,.T.);
#7192 = EDGE_CURVE('',#7185,#7161,#7193,.T.);
#7193 = LINE('',#7194,#7195);
#7194 = CARTESIAN_POINT('',(2.21615E+03,4.257675E+03,2.408306998436E+03)
  );
#7195 = VECTOR('',#7196,1.);
#7196 = DIRECTION('',(0.,-0.,-1.));
#7197 = PLANE('',#7198);
#7198 = AXIS2_PLACEMENT_3D('',#7199,#7200,#7201);
#7199 = CARTESIAN_POINT('',(2.21615E+03,6.51133291942E+03,
    2.385563996872E+03));
#7200 = DIRECTION('',(1.,-2.22044604925E-16,0.));
#7201 = DIRECTION('',(9.544825258501E-17,0.429860714775,0.90289521313));
#7202 = ADVANCED_FACE('',(#7203),#7228,.F.);
#7203 = FACE_BOUND('',#7204,.F.);
#7204 = EDGE_LOOP('',(#7205,#7215,#7221,#7222));
#7205 = ORIENTED_EDGE('',*,*,#7206,.F.);
#7206 = EDGE_CURVE('',#7207,#7209,#7211,.T.);
#7207 = VERTEX_POINT('',#7208);
#7208 = CARTESIAN_POINT('',(2.25425E+03,6.266976511103E+03,2.5019E+03));
#7209 = VERTEX_POINT('',#7210);
#7210 = CARTESIAN_POINT('',(2.25425E+03,4.257675E+03,3.458511322334E+03)
  );
#7211 = LINE('',#7212,#7213);
#7212 = CARTESIAN_POINT('',(2.25425E+03,6.51133291942E+03,
    2.385563996872E+03));
#7213 = VECTOR('',#7214,1.);
#7214 = DIRECTION('',(-2.004830108882E-16,-0.90289521313,0.429860714775)
  );
#7215 = ORIENTED_EDGE('',*,*,#7216,.F.);
#7216 = EDGE_CURVE('',#7159,#7207,#7217,.T.);
#7217 = LINE('',#7218,#7219);
#7218 = CARTESIAN_POINT('',(2.07645E+03,6.266976511103E+03,2.5019E+03));
#7219 = VECTOR('',#7220,1.);
#7220 = DIRECTION('',(1.,-2.22044604925E-16,0.));
#7221 = ORIENTED_EDGE('',*,*,#7158,.T.);
#7222 = ORIENTED_EDGE('',*,*,#7223,.T.);
#7223 = EDGE_CURVE('',#7161,#7209,#7224,.T.);
#7224 = LINE('',#7225,#7226);
#7225 = CARTESIAN_POINT('',(2.21565E+03,4.257675E+03,3.458511322334E+03)
  );
#7226 = VECTOR('',#7227,1.);
#7227 = DIRECTION('',(1.,-2.22044604925E-16,0.));
#7228 = PLANE('',#7229);
#7229 = AXIS2_PLACEMENT_3D('',#7230,#7231,#7232);
#7230 = CARTESIAN_POINT('',(2.21615E+03,6.51133291942E+03,
    2.385563996872E+03));
#7231 = DIRECTION('',(9.544825258501E-17,0.429860714775,0.90289521313));
#7232 = DIRECTION('',(-2.004830108882E-16,-0.90289521313,0.429860714775)
  );
#7233 = ADVANCED_FACE('',(#7234),#7252,.T.);
#7234 = FACE_BOUND('',#7235,.T.);
#7235 = EDGE_LOOP('',(#7236,#7244,#7245,#7246));
#7236 = ORIENTED_EDGE('',*,*,#7237,.F.);
#7237 = EDGE_CURVE('',#7185,#7238,#7240,.T.);
#7238 = VERTEX_POINT('',#7239);
#7239 = CARTESIAN_POINT('',(2.25425E+03,4.257675E+03,3.613235810811E+03)
  );
#7240 = LINE('',#7241,#7242);
#7241 = CARTESIAN_POINT('',(2.21565E+03,4.257675E+03,3.613235810811E+03)
  );
#7242 = VECTOR('',#7243,1.);
#7243 = DIRECTION('',(1.,-2.22044604925E-16,0.));
#7244 = ORIENTED_EDGE('',*,*,#7192,.T.);
#7245 = ORIENTED_EDGE('',*,*,#7223,.T.);
#7246 = ORIENTED_EDGE('',*,*,#7247,.F.);
#7247 = EDGE_CURVE('',#7238,#7209,#7248,.T.);
#7248 = LINE('',#7249,#7250);
#7249 = CARTESIAN_POINT('',(2.25425E+03,4.257675E+03,2.408306998436E+03)
  );
#7250 = VECTOR('',#7251,1.);
#7251 = DIRECTION('',(0.,-0.,-1.));
#7252 = PLANE('',#7253);
#7253 = AXIS2_PLACEMENT_3D('',#7254,#7255,#7256);
#7254 = CARTESIAN_POINT('',(2.21515E+03,4.257675E+03,2.43105E+03));
#7255 = DIRECTION('',(-2.22044604925E-16,-1.,0.));
#7256 = DIRECTION('',(0.,0.,1.));
#7257 = ADVANCED_FACE('',(#7258),#7276,.T.);
#7258 = FACE_BOUND('',#7259,.T.);
#7259 = EDGE_LOOP('',(#7260,#7268,#7274,#7275));
#7260 = ORIENTED_EDGE('',*,*,#7261,.F.);
#7261 = EDGE_CURVE('',#7262,#7238,#7264,.T.);
#7262 = VERTEX_POINT('',#7263);
#7263 = CARTESIAN_POINT('',(2.25425E+03,6.4262E+03,2.58081954262E+03));
#7264 = LINE('',#7265,#7266);
#7265 = CARTESIAN_POINT('',(2.25425E+03,6.571384461274E+03,
    2.511698458146E+03));
#7266 = VECTOR('',#7267,1.);
#7267 = DIRECTION('',(-2.004830108882E-16,-0.90289521313,0.429860714775)
  );
#7268 = ORIENTED_EDGE('',*,*,#7269,.T.);
#7269 = EDGE_CURVE('',#7262,#7177,#7270,.T.);
#7270 = LINE('',#7271,#7272);
#7271 = CARTESIAN_POINT('',(908.05,6.4262E+03,2.58081954262E+03));
#7272 = VECTOR('',#7273,1.);
#7273 = DIRECTION('',(-1.,4.42044604925E-16,-1.1E-16));
#7274 = ORIENTED_EDGE('',*,*,#7184,.T.);
#7275 = ORIENTED_EDGE('',*,*,#7237,.T.);
#7276 = PLANE('',#7277);
#7277 = AXIS2_PLACEMENT_3D('',#7278,#7279,#7280);
#7278 = CARTESIAN_POINT('',(2.21615E+03,6.571384461274E+03,
    2.511698458146E+03));
#7279 = DIRECTION('',(9.544825258501E-17,0.429860714775,0.90289521313));
#7280 = DIRECTION('',(-2.004830108882E-16,-0.90289521313,0.429860714775)
  );
#7281 = ADVANCED_FACE('',(#7282),#7300,.T.);
#7282 = FACE_BOUND('',#7283,.T.);
#7283 = EDGE_LOOP('',(#7284,#7292,#7293,#7294));
#7284 = ORIENTED_EDGE('',*,*,#7285,.T.);
#7285 = EDGE_CURVE('',#7286,#7169,#7288,.T.);
#7286 = VERTEX_POINT('',#7287);
#7287 = CARTESIAN_POINT('',(2.25425E+03,6.4262E+03,2.5019E+03));
#7288 = LINE('',#7289,#7290);
#7289 = CARTESIAN_POINT('',(-400.05,6.4262E+03,2.5019E+03));
#7290 = VECTOR('',#7291,1.);
#7291 = DIRECTION('',(-1.,4.42044604925E-16,0.));
#7292 = ORIENTED_EDGE('',*,*,#7176,.T.);
#7293 = ORIENTED_EDGE('',*,*,#7269,.F.);
#7294 = ORIENTED_EDGE('',*,*,#7295,.F.);
#7295 = EDGE_CURVE('',#7286,#7262,#7296,.T.);
#7296 = LINE('',#7297,#7298);
#7297 = CARTESIAN_POINT('',(2.25425E+03,6.4262E+03,2.164331998436E+03));
#7298 = VECTOR('',#7299,1.);
#7299 = DIRECTION('',(0.,0.,1.));
#7300 = PLANE('',#7301);
#7301 = AXIS2_PLACEMENT_3D('',#7302,#7303,#7304);
#7302 = CARTESIAN_POINT('',(-400.05,6.4262E+03,1.9431E+03));
#7303 = DIRECTION('',(2.22044604925E-16,1.,0.));
#7304 = DIRECTION('',(0.,0.,1.));
#7305 = ADVANCED_FACE('',(#7306),#7318,.T.);
#7306 = FACE_BOUND('',#7307,.T.);
#7307 = EDGE_LOOP('',(#7308,#7309,#7315,#7316,#7317));
#7308 = ORIENTED_EDGE('',*,*,#7206,.F.);
#7309 = ORIENTED_EDGE('',*,*,#7310,.F.);
#7310 = EDGE_CURVE('',#7286,#7207,#7311,.T.);
#7311 = LINE('',#7312,#7313);
#7312 = CARTESIAN_POINT('',(2.25425E+03,6.61799145971E+03,2.5019E+03));
#7313 = VECTOR('',#7314,1.);
#7314 = DIRECTION('',(-2.22044604925E-16,-1.,0.));
#7315 = ORIENTED_EDGE('',*,*,#7295,.T.);
#7316 = ORIENTED_EDGE('',*,*,#7261,.T.);
#7317 = ORIENTED_EDGE('',*,*,#7247,.T.);
#7318 = PLANE('',#7319);
#7319 = AXIS2_PLACEMENT_3D('',#7320,#7321,#7322);
#7320 = CARTESIAN_POINT('',(2.25425E+03,6.51133291942E+03,
    2.385563996872E+03));
#7321 = DIRECTION('',(1.,-2.22044604925E-16,0.));
#7322 = DIRECTION('',(9.544825258501E-17,0.429860714775,0.90289521313));
#7323 = ADVANCED_FACE('',(#7324),#7330,.T.);
#7324 = FACE_BOUND('',#7325,.T.);
#7325 = EDGE_LOOP('',(#7326,#7327,#7328,#7329));
#7326 = ORIENTED_EDGE('',*,*,#7285,.F.);
#7327 = ORIENTED_EDGE('',*,*,#7310,.T.);
#7328 = ORIENTED_EDGE('',*,*,#7216,.F.);
#7329 = ORIENTED_EDGE('',*,*,#7168,.F.);
#7330 = PLANE('',#7331);
#7331 = AXIS2_PLACEMENT_3D('',#7332,#7333,#7334);
#7332 = CARTESIAN_POINT('',(2.2352E+03,6.346588255551E+03,2.5019E+03));
#7333 = DIRECTION('',(0.,0.,-1.));
#7334 = DIRECTION('',(2.22044604925E-16,1.,0.));
#7335 = MANIFOLD_SOLID_BREP('',#7336);
#7336 = CLOSED_SHELL('',(#7337,#7385,#7416,#7440,#7464,#7488,#7506));
#7337 = ADVANCED_FACE('',(#7338),#7380,.F.);
#7338 = FACE_BOUND('',#7339,.F.);
#7339 = EDGE_LOOP('',(#7340,#7350,#7358,#7366,#7374));
#7340 = ORIENTED_EDGE('',*,*,#7341,.F.);
#7341 = EDGE_CURVE('',#7342,#7344,#7346,.T.);
#7342 = VERTEX_POINT('',#7343);
#7343 = CARTESIAN_POINT('',(2.82575E+03,6.266976511103E+03,2.5019E+03));
#7344 = VERTEX_POINT('',#7345);
#7345 = CARTESIAN_POINT('',(2.82575E+03,3.691617857143E+03,
    3.728006303029E+03));
#7346 = LINE('',#7347,#7348);
#7347 = CARTESIAN_POINT('',(2.82575E+03,6.51133291942E+03,
    2.385563996872E+03));
#7348 = VECTOR('',#7349,1.);
#7349 = DIRECTION('',(-2.004830108882E-16,-0.90289521313,0.429860714775)
  );
#7350 = ORIENTED_EDGE('',*,*,#7351,.F.);
#7351 = EDGE_CURVE('',#7352,#7342,#7354,.T.);
#7352 = VERTEX_POINT('',#7353);
#7353 = CARTESIAN_POINT('',(2.82575E+03,6.4262E+03,2.5019E+03));
#7354 = LINE('',#7355,#7356);
#7355 = CARTESIAN_POINT('',(2.82575E+03,6.41796645971E+03,2.5019E+03));
#7356 = VECTOR('',#7357,1.);
#7357 = DIRECTION('',(-2.22044604925E-16,-1.,0.));
#7358 = ORIENTED_EDGE('',*,*,#7359,.T.);
#7359 = EDGE_CURVE('',#7352,#7360,#7362,.T.);
#7360 = VERTEX_POINT('',#7361);
#7361 = CARTESIAN_POINT('',(2.82575E+03,6.4262E+03,2.58081954262E+03));
#7362 = LINE('',#7363,#7364);
#7363 = CARTESIAN_POINT('',(2.82575E+03,6.4262E+03,2.164331998436E+03));
#7364 = VECTOR('',#7365,1.);
#7365 = DIRECTION('',(0.,0.,1.));
#7366 = ORIENTED_EDGE('',*,*,#7367,.T.);
#7367 = EDGE_CURVE('',#7360,#7368,#7370,.T.);
#7368 = VERTEX_POINT('',#7369);
#7369 = CARTESIAN_POINT('',(2.82575E+03,3.691617857143E+03,
    3.882730791506E+03));
#7370 = LINE('',#7371,#7372);
#7371 = CARTESIAN_POINT('',(2.82575E+03,6.571384461274E+03,
    2.511698458146E+03));
#7372 = VECTOR('',#7373,1.);
#7373 = DIRECTION('',(-2.004830108882E-16,-0.90289521313,0.429860714775)
  );
#7374 = ORIENTED_EDGE('',*,*,#7375,.T.);
#7375 = EDGE_CURVE('',#7368,#7344,#7376,.T.);
#7376 = LINE('',#7377,#7378);
#7377 = CARTESIAN_POINT('',(2.82575E+03,3.691617857143E+03,
    2.408306998436E+03));
#7378 = VECTOR('',#7379,1.);
#7379 = DIRECTION('',(0.,-0.,-1.));
#7380 = PLANE('',#7381);
#7381 = AXIS2_PLACEMENT_3D('',#7382,#7383,#7384);
#7382 = CARTESIAN_POINT('',(2.82575E+03,6.51133291942E+03,
    2.385563996872E+03));
#7383 = DIRECTION('',(1.,-2.22044604925E-16,0.));
#7384 = DIRECTION('',(9.544825258501E-17,0.429860714775,0.90289521313));
#7385 = ADVANCED_FACE('',(#7386),#7411,.F.);
#7386 = FACE_BOUND('',#7387,.F.);
#7387 = EDGE_LOOP('',(#7388,#7398,#7404,#7405));
#7388 = ORIENTED_EDGE('',*,*,#7389,.F.);
#7389 = EDGE_CURVE('',#7390,#7392,#7394,.T.);
#7390 = VERTEX_POINT('',#7391);
#7391 = CARTESIAN_POINT('',(2.86385E+03,6.266976511103E+03,2.5019E+03));
#7392 = VERTEX_POINT('',#7393);
#7393 = CARTESIAN_POINT('',(2.86385E+03,3.691617857143E+03,
    3.728006303029E+03));
#7394 = LINE('',#7395,#7396);
#7395 = CARTESIAN_POINT('',(2.86385E+03,6.51133291942E+03,
    2.385563996872E+03));
#7396 = VECTOR('',#7397,1.);
#7397 = DIRECTION('',(-2.004830108882E-16,-0.90289521313,0.429860714775)
  );
#7398 = ORIENTED_EDGE('',*,*,#7399,.F.);
#7399 = EDGE_CURVE('',#7342,#7390,#7400,.T.);
#7400 = LINE('',#7401,#7402);
#7401 = CARTESIAN_POINT('',(2.68605E+03,6.266976511103E+03,2.5019E+03));
#7402 = VECTOR('',#7403,1.);
#7403 = DIRECTION('',(1.,-2.22044604925E-16,0.));
#7404 = ORIENTED_EDGE('',*,*,#7341,.T.);
#7405 = ORIENTED_EDGE('',*,*,#7406,.T.);
#7406 = EDGE_CURVE('',#7344,#7392,#7407,.T.);
#7407 = LINE('',#7408,#7409);
#7408 = CARTESIAN_POINT('',(2.82525E+03,3.691617857143E+03,
    3.728006303029E+03));
#7409 = VECTOR('',#7410,1.);
#7410 = DIRECTION('',(1.,-2.22044604925E-16,0.));
#7411 = PLANE('',#7412);
#7412 = AXIS2_PLACEMENT_3D('',#7413,#7414,#7415);
#7413 = CARTESIAN_POINT('',(2.82575E+03,6.51133291942E+03,
    2.385563996872E+03));
#7414 = DIRECTION('',(9.544825258501E-17,0.429860714775,0.90289521313));
#7415 = DIRECTION('',(-2.004830108882E-16,-0.90289521313,0.429860714775)
  );
#7416 = ADVANCED_FACE('',(#7417),#7435,.T.);
#7417 = FACE_BOUND('',#7418,.T.);
#7418 = EDGE_LOOP('',(#7419,#7427,#7428,#7429));
#7419 = ORIENTED_EDGE('',*,*,#7420,.F.);
#7420 = EDGE_CURVE('',#7368,#7421,#7423,.T.);
#7421 = VERTEX_POINT('',#7422);
#7422 = CARTESIAN_POINT('',(2.86385E+03,3.691617857143E+03,
    3.882730791506E+03));
#7423 = LINE('',#7424,#7425);
#7424 = CARTESIAN_POINT('',(2.82525E+03,3.691617857143E+03,
    3.882730791506E+03));
#7425 = VECTOR('',#7426,1.);
#7426 = DIRECTION('',(1.,-2.22044604925E-16,0.));
#7427 = ORIENTED_EDGE('',*,*,#7375,.T.);
#7428 = ORIENTED_EDGE('',*,*,#7406,.T.);
#7429 = ORIENTED_EDGE('',*,*,#7430,.F.);
#7430 = EDGE_CURVE('',#7421,#7392,#7431,.T.);
#7431 = LINE('',#7432,#7433);
#7432 = CARTESIAN_POINT('',(2.86385E+03,3.691617857143E+03,
    2.408306998436E+03));
#7433 = VECTOR('',#7434,1.);
#7434 = DIRECTION('',(0.,-0.,-1.));
#7435 = PLANE('',#7436);
#7436 = AXIS2_PLACEMENT_3D('',#7437,#7438,#7439);
#7437 = CARTESIAN_POINT('',(2.82475E+03,3.691617857143E+03,2.43105E+03)
  );
#7438 = DIRECTION('',(-2.22044604925E-16,-1.,0.));
#7439 = DIRECTION('',(0.,0.,1.));
#7440 = ADVANCED_FACE('',(#7441),#7459,.T.);
#7441 = FACE_BOUND('',#7442,.T.);
#7442 = EDGE_LOOP('',(#7443,#7451,#7457,#7458));
#7443 = ORIENTED_EDGE('',*,*,#7444,.F.);
#7444 = EDGE_CURVE('',#7445,#7421,#7447,.T.);
#7445 = VERTEX_POINT('',#7446);
#7446 = CARTESIAN_POINT('',(2.86385E+03,6.4262E+03,2.58081954262E+03));
#7447 = LINE('',#7448,#7449);
#7448 = CARTESIAN_POINT('',(2.86385E+03,6.571384461274E+03,
    2.511698458146E+03));
#7449 = VECTOR('',#7450,1.);
#7450 = DIRECTION('',(-2.004830108882E-16,-0.90289521313,0.429860714775)
  );
#7451 = ORIENTED_EDGE('',*,*,#7452,.T.);
#7452 = EDGE_CURVE('',#7445,#7360,#7453,.T.);
#7453 = LINE('',#7454,#7455);
#7454 = CARTESIAN_POINT('',(1.21285E+03,6.4262E+03,2.58081954262E+03));
#7455 = VECTOR('',#7456,1.);
#7456 = DIRECTION('',(-1.,4.42044604925E-16,-1.1E-16));
#7457 = ORIENTED_EDGE('',*,*,#7367,.T.);
#7458 = ORIENTED_EDGE('',*,*,#7420,.T.);
#7459 = PLANE('',#7460);
#7460 = AXIS2_PLACEMENT_3D('',#7461,#7462,#7463);
#7461 = CARTESIAN_POINT('',(2.82575E+03,6.571384461274E+03,
    2.511698458146E+03));
#7462 = DIRECTION('',(9.544825258501E-17,0.429860714775,0.90289521313));
#7463 = DIRECTION('',(-2.004830108882E-16,-0.90289521313,0.429860714775)
  );
#7464 = ADVANCED_FACE('',(#7465),#7483,.T.);
#7465 = FACE_BOUND('',#7466,.T.);
#7466 = EDGE_LOOP('',(#7467,#7475,#7476,#7477));
#7467 = ORIENTED_EDGE('',*,*,#7468,.T.);
#7468 = EDGE_CURVE('',#7469,#7352,#7471,.T.);
#7469 = VERTEX_POINT('',#7470);
#7470 = CARTESIAN_POINT('',(2.86385E+03,6.4262E+03,2.5019E+03));
#7471 = LINE('',#7472,#7473);
#7472 = CARTESIAN_POINT('',(-400.05,6.4262E+03,2.5019E+03));
#7473 = VECTOR('',#7474,1.);
#7474 = DIRECTION('',(-1.,4.42044604925E-16,0.));
#7475 = ORIENTED_EDGE('',*,*,#7359,.T.);
#7476 = ORIENTED_EDGE('',*,*,#7452,.F.);
#7477 = ORIENTED_EDGE('',*,*,#7478,.F.);
#7478 = EDGE_CURVE('',#7469,#7445,#7479,.T.);
#7479 = LINE('',#7480,#7481);
#7480 = CARTESIAN_POINT('',(2.86385E+03,6.4262E+03,2.164331998436E+03));
#7481 = VECTOR('',#7482,1.);
#7482 = DIRECTION('',(0.,0.,1.));
#7483 = PLANE('',#7484);
#7484 = AXIS2_PLACEMENT_3D('',#7485,#7486,#7487);
#7485 = CARTESIAN_POINT('',(-400.05,6.4262E+03,1.9431E+03));
#7486 = DIRECTION('',(2.22044604925E-16,1.,0.));
#7487 = DIRECTION('',(0.,0.,1.));
#7488 = ADVANCED_FACE('',(#7489),#7501,.T.);
#7489 = FACE_BOUND('',#7490,.T.);
#7490 = EDGE_LOOP('',(#7491,#7492,#7498,#7499,#7500));
#7491 = ORIENTED_EDGE('',*,*,#7389,.F.);
#7492 = ORIENTED_EDGE('',*,*,#7493,.F.);
#7493 = EDGE_CURVE('',#7469,#7390,#7494,.T.);
#7494 = LINE('',#7495,#7496);
#7495 = CARTESIAN_POINT('',(2.86385E+03,6.61799145971E+03,2.5019E+03));
#7496 = VECTOR('',#7497,1.);
#7497 = DIRECTION('',(-2.22044604925E-16,-1.,0.));
#7498 = ORIENTED_EDGE('',*,*,#7478,.T.);
#7499 = ORIENTED_EDGE('',*,*,#7444,.T.);
#7500 = ORIENTED_EDGE('',*,*,#7430,.T.);
#7501 = PLANE('',#7502);
#7502 = AXIS2_PLACEMENT_3D('',#7503,#7504,#7505);
#7503 = CARTESIAN_POINT('',(2.86385E+03,6.51133291942E+03,
    2.385563996872E+03));
#7504 = DIRECTION('',(1.,-2.22044604925E-16,0.));
#7505 = DIRECTION('',(9.544825258501E-17,0.429860714775,0.90289521313));
#7506 = ADVANCED_FACE('',(#7507),#7513,.T.);
#7507 = FACE_BOUND('',#7508,.T.);
#7508 = EDGE_LOOP('',(#7509,#7510,#7511,#7512));
#7509 = ORIENTED_EDGE('',*,*,#7468,.F.);
#7510 = ORIENTED_EDGE('',*,*,#7493,.T.);
#7511 = ORIENTED_EDGE('',*,*,#7399,.F.);
#7512 = ORIENTED_EDGE('',*,*,#7351,.F.);
#7513 = PLANE('',#7514);
#7514 = AXIS2_PLACEMENT_3D('',#7515,#7516,#7517);
#7515 = CARTESIAN_POINT('',(2.8448E+03,6.346588255551E+03,2.5019E+03));
#7516 = DIRECTION('',(0.,0.,-1.));
#7517 = DIRECTION('',(2.22044604925E-16,1.,0.));
#7518 = MANIFOLD_SOLID_BREP('',#7519);
#7519 = CLOSED_SHELL('',(#7520,#7568,#7599,#7623,#7647,#7671,#7689));
#7520 = ADVANCED_FACE('',(#7521),#7563,.F.);
#7521 = FACE_BOUND('',#7522,.F.);
#7522 = EDGE_LOOP('',(#7523,#7533,#7541,#7549,#7557));
#7523 = ORIENTED_EDGE('',*,*,#7524,.F.);
#7524 = EDGE_CURVE('',#7525,#7527,#7529,.T.);
#7525 = VERTEX_POINT('',#7526);
#7526 = CARTESIAN_POINT('',(5.91185E+03,6.266976511103E+03,2.5019E+03));
#7527 = VERTEX_POINT('',#7528);
#7528 = CARTESIAN_POINT('',(5.91185E+03,5.955846428571E+03,
    2.650026380249E+03));
#7529 = LINE('',#7530,#7531);
#7530 = CARTESIAN_POINT('',(5.91185E+03,6.51133291942E+03,
    2.385563996872E+03));
#7531 = VECTOR('',#7532,1.);
#7532 = DIRECTION('',(-2.004830108882E-16,-0.90289521313,0.429860714775)
  );
#7533 = ORIENTED_EDGE('',*,*,#7534,.F.);
#7534 = EDGE_CURVE('',#7535,#7525,#7537,.T.);
#7535 = VERTEX_POINT('',#7536);
#7536 = CARTESIAN_POINT('',(5.91185E+03,6.4262E+03,2.5019E+03));
#7537 = LINE('',#7538,#7539);
#7538 = CARTESIAN_POINT('',(5.91185E+03,6.41796645971E+03,2.5019E+03));
#7539 = VECTOR('',#7540,1.);
#7540 = DIRECTION('',(-2.22044604925E-16,-1.,0.));
#7541 = ORIENTED_EDGE('',*,*,#7542,.T.);
#7542 = EDGE_CURVE('',#7535,#7543,#7545,.T.);
#7543 = VERTEX_POINT('',#7544);
#7544 = CARTESIAN_POINT('',(5.91185E+03,6.4262E+03,2.58081954262E+03));
#7545 = LINE('',#7546,#7547);
#7546 = CARTESIAN_POINT('',(5.91185E+03,6.4262E+03,2.164331998436E+03));
#7547 = VECTOR('',#7548,1.);
#7548 = DIRECTION('',(0.,0.,1.));
#7549 = ORIENTED_EDGE('',*,*,#7550,.T.);
#7550 = EDGE_CURVE('',#7543,#7551,#7553,.T.);
#7551 = VERTEX_POINT('',#7552);
#7552 = CARTESIAN_POINT('',(5.91185E+03,5.955846428571E+03,
    2.804750868726E+03));
#7553 = LINE('',#7554,#7555);
#7554 = CARTESIAN_POINT('',(5.91185E+03,6.571384461274E+03,
    2.511698458146E+03));
#7555 = VECTOR('',#7556,1.);
#7556 = DIRECTION('',(-2.004830108882E-16,-0.90289521313,0.429860714775)
  );
#7557 = ORIENTED_EDGE('',*,*,#7558,.T.);
#7558 = EDGE_CURVE('',#7551,#7527,#7559,.T.);
#7559 = LINE('',#7560,#7561);
#7560 = CARTESIAN_POINT('',(5.91185E+03,5.955846428571E+03,
    2.408306998436E+03));
#7561 = VECTOR('',#7562,1.);
#7562 = DIRECTION('',(0.,-0.,-1.));
#7563 = PLANE('',#7564);
#7564 = AXIS2_PLACEMENT_3D('',#7565,#7566,#7567);
#7565 = CARTESIAN_POINT('',(5.91185E+03,6.51133291942E+03,
    2.385563996872E+03));
#7566 = DIRECTION('',(1.,-2.22044604925E-16,0.));
#7567 = DIRECTION('',(9.544825258501E-17,0.429860714775,0.90289521313));
#7568 = ADVANCED_FACE('',(#7569),#7594,.F.);
#7569 = FACE_BOUND('',#7570,.F.);
#7570 = EDGE_LOOP('',(#7571,#7581,#7587,#7588));
#7571 = ORIENTED_EDGE('',*,*,#7572,.F.);
#7572 = EDGE_CURVE('',#7573,#7575,#7577,.T.);
#7573 = VERTEX_POINT('',#7574);
#7574 = CARTESIAN_POINT('',(5.94995E+03,6.266976511103E+03,2.5019E+03));
#7575 = VERTEX_POINT('',#7576);
#7576 = CARTESIAN_POINT('',(5.94995E+03,5.955846428571E+03,
    2.650026380249E+03));
#7577 = LINE('',#7578,#7579);
#7578 = CARTESIAN_POINT('',(5.94995E+03,6.51133291942E+03,
    2.385563996872E+03));
#7579 = VECTOR('',#7580,1.);
#7580 = DIRECTION('',(-2.004830108882E-16,-0.90289521313,0.429860714775)
  );
#7581 = ORIENTED_EDGE('',*,*,#7582,.F.);
#7582 = EDGE_CURVE('',#7525,#7573,#7583,.T.);
#7583 = LINE('',#7584,#7585);
#7584 = CARTESIAN_POINT('',(5.77215E+03,6.266976511103E+03,2.5019E+03));
#7585 = VECTOR('',#7586,1.);
#7586 = DIRECTION('',(1.,-2.22044604925E-16,0.));
#7587 = ORIENTED_EDGE('',*,*,#7524,.T.);
#7588 = ORIENTED_EDGE('',*,*,#7589,.T.);
#7589 = EDGE_CURVE('',#7527,#7575,#7590,.T.);
#7590 = LINE('',#7591,#7592);
#7591 = CARTESIAN_POINT('',(5.91135E+03,5.955846428571E+03,
    2.650026380249E+03));
#7592 = VECTOR('',#7593,1.);
#7593 = DIRECTION('',(1.,-2.22044604925E-16,0.));
#7594 = PLANE('',#7595);
#7595 = AXIS2_PLACEMENT_3D('',#7596,#7597,#7598);
#7596 = CARTESIAN_POINT('',(5.91185E+03,6.51133291942E+03,
    2.385563996872E+03));
#7597 = DIRECTION('',(9.544825258501E-17,0.429860714775,0.90289521313));
#7598 = DIRECTION('',(-2.004830108882E-16,-0.90289521313,0.429860714775)
  );
#7599 = ADVANCED_FACE('',(#7600),#7618,.T.);
#7600 = FACE_BOUND('',#7601,.T.);
#7601 = EDGE_LOOP('',(#7602,#7610,#7611,#7612));
#7602 = ORIENTED_EDGE('',*,*,#7603,.F.);
#7603 = EDGE_CURVE('',#7551,#7604,#7606,.T.);
#7604 = VERTEX_POINT('',#7605);
#7605 = CARTESIAN_POINT('',(5.94995E+03,5.955846428571E+03,
    2.804750868726E+03));
#7606 = LINE('',#7607,#7608);
#7607 = CARTESIAN_POINT('',(5.91135E+03,5.955846428571E+03,
    2.804750868726E+03));
#7608 = VECTOR('',#7609,1.);
#7609 = DIRECTION('',(1.,-2.22044604925E-16,0.));
#7610 = ORIENTED_EDGE('',*,*,#7558,.T.);
#7611 = ORIENTED_EDGE('',*,*,#7589,.T.);
#7612 = ORIENTED_EDGE('',*,*,#7613,.F.);
#7613 = EDGE_CURVE('',#7604,#7575,#7614,.T.);
#7614 = LINE('',#7615,#7616);
#7615 = CARTESIAN_POINT('',(5.94995E+03,5.955846428571E+03,
    2.408306998436E+03));
#7616 = VECTOR('',#7617,1.);
#7617 = DIRECTION('',(0.,-0.,-1.));
#7618 = PLANE('',#7619);
#7619 = AXIS2_PLACEMENT_3D('',#7620,#7621,#7622);
#7620 = CARTESIAN_POINT('',(5.91085E+03,5.955846428571E+03,2.43105E+03)
  );
#7621 = DIRECTION('',(-2.22044604925E-16,-1.,0.));
#7622 = DIRECTION('',(0.,0.,1.));
#7623 = ADVANCED_FACE('',(#7624),#7642,.T.);
#7624 = FACE_BOUND('',#7625,.T.);
#7625 = EDGE_LOOP('',(#7626,#7634,#7640,#7641));
#7626 = ORIENTED_EDGE('',*,*,#7627,.F.);
#7627 = EDGE_CURVE('',#7628,#7604,#7630,.T.);
#7628 = VERTEX_POINT('',#7629);
#7629 = CARTESIAN_POINT('',(5.94995E+03,6.4262E+03,2.58081954262E+03));
#7630 = LINE('',#7631,#7632);
#7631 = CARTESIAN_POINT('',(5.94995E+03,6.571384461274E+03,
    2.511698458146E+03));
#7632 = VECTOR('',#7633,1.);
#7633 = DIRECTION('',(-2.004830108882E-16,-0.90289521313,0.429860714775)
  );
#7634 = ORIENTED_EDGE('',*,*,#7635,.T.);
#7635 = EDGE_CURVE('',#7628,#7543,#7636,.T.);
#7636 = LINE('',#7637,#7638);
#7637 = CARTESIAN_POINT('',(2.7559E+03,6.4262E+03,2.58081954262E+03));
#7638 = VECTOR('',#7639,1.);
#7639 = DIRECTION('',(-1.,4.42044604925E-16,-1.1E-16));
#7640 = ORIENTED_EDGE('',*,*,#7550,.T.);
#7641 = ORIENTED_EDGE('',*,*,#7603,.T.);
#7642 = PLANE('',#7643);
#7643 = AXIS2_PLACEMENT_3D('',#7644,#7645,#7646);
#7644 = CARTESIAN_POINT('',(5.91185E+03,6.571384461274E+03,
    2.511698458146E+03));
#7645 = DIRECTION('',(9.544825258501E-17,0.429860714775,0.90289521313));
#7646 = DIRECTION('',(-2.004830108882E-16,-0.90289521313,0.429860714775)
  );
#7647 = ADVANCED_FACE('',(#7648),#7666,.T.);
#7648 = FACE_BOUND('',#7649,.T.);
#7649 = EDGE_LOOP('',(#7650,#7658,#7659,#7660));
#7650 = ORIENTED_EDGE('',*,*,#7651,.T.);
#7651 = EDGE_CURVE('',#7652,#7535,#7654,.T.);
#7652 = VERTEX_POINT('',#7653);
#7653 = CARTESIAN_POINT('',(5.94995E+03,6.4262E+03,2.5019E+03));
#7654 = LINE('',#7655,#7656);
#7655 = CARTESIAN_POINT('',(-400.05,6.4262E+03,2.5019E+03));
#7656 = VECTOR('',#7657,1.);
#7657 = DIRECTION('',(-1.,4.42044604925E-16,0.));
#7658 = ORIENTED_EDGE('',*,*,#7542,.T.);
#7659 = ORIENTED_EDGE('',*,*,#7635,.F.);
#7660 = ORIENTED_EDGE('',*,*,#7661,.F.);
#7661 = EDGE_CURVE('',#7652,#7628,#7662,.T.);
#7662 = LINE('',#7663,#7664);
#7663 = CARTESIAN_POINT('',(5.94995E+03,6.4262E+03,2.164331998436E+03));
#7664 = VECTOR('',#7665,1.);
#7665 = DIRECTION('',(0.,0.,1.));
#7666 = PLANE('',#7667);
#7667 = AXIS2_PLACEMENT_3D('',#7668,#7669,#7670);
#7668 = CARTESIAN_POINT('',(-400.05,6.4262E+03,1.9431E+03));
#7669 = DIRECTION('',(2.22044604925E-16,1.,0.));
#7670 = DIRECTION('',(0.,0.,1.));
#7671 = ADVANCED_FACE('',(#7672),#7684,.T.);
#7672 = FACE_BOUND('',#7673,.T.);
#7673 = EDGE_LOOP('',(#7674,#7675,#7681,#7682,#7683));
#7674 = ORIENTED_EDGE('',*,*,#7572,.F.);
#7675 = ORIENTED_EDGE('',*,*,#7676,.F.);
#7676 = EDGE_CURVE('',#7652,#7573,#7677,.T.);
#7677 = LINE('',#7678,#7679);
#7678 = CARTESIAN_POINT('',(5.94995E+03,6.61799145971E+03,2.5019E+03));
#7679 = VECTOR('',#7680,1.);
#7680 = DIRECTION('',(-2.22044604925E-16,-1.,0.));
#7681 = ORIENTED_EDGE('',*,*,#7661,.T.);
#7682 = ORIENTED_EDGE('',*,*,#7627,.T.);
#7683 = ORIENTED_EDGE('',*,*,#7613,.T.);
#7684 = PLANE('',#7685);
#7685 = AXIS2_PLACEMENT_3D('',#7686,#7687,#7688);
#7686 = CARTESIAN_POINT('',(5.94995E+03,6.51133291942E+03,
    2.385563996872E+03));
#7687 = DIRECTION('',(1.,-2.22044604925E-16,0.));
#7688 = DIRECTION('',(9.544825258501E-17,0.429860714775,0.90289521313));
#7689 = ADVANCED_FACE('',(#7690),#7696,.T.);
#7690 = FACE_BOUND('',#7691,.T.);
#7691 = EDGE_LOOP('',(#7692,#7693,#7694,#7695));
#7692 = ORIENTED_EDGE('',*,*,#7651,.F.);
#7693 = ORIENTED_EDGE('',*,*,#7676,.T.);
#7694 = ORIENTED_EDGE('',*,*,#7582,.F.);
#7695 = ORIENTED_EDGE('',*,*,#7534,.F.);
#7696 = PLANE('',#7697);
#7697 = AXIS2_PLACEMENT_3D('',#7698,#7699,#7700);
#7698 = CARTESIAN_POINT('',(5.9309E+03,6.346588255551E+03,2.5019E+03));
#7699 = DIRECTION('',(0.,0.,-1.));
#7700 = DIRECTION('',(2.22044604925E-16,1.,0.));
#7701 = MANIFOLD_SOLID_BREP('',#7702);
#7702 = CLOSED_SHELL('',(#7703,#7751,#7782,#7806,#7830,#7854,#7872));
#7703 = ADVANCED_FACE('',(#7704),#7746,.F.);
#7704 = FACE_BOUND('',#7705,.F.);
#7705 = EDGE_LOOP('',(#7706,#7716,#7724,#7732,#7740));
#7706 = ORIENTED_EDGE('',*,*,#7707,.F.);
#7707 = EDGE_CURVE('',#7708,#7710,#7712,.T.);
#7708 = VERTEX_POINT('',#7709);
#7709 = CARTESIAN_POINT('',(5.30225E+03,6.266976511103E+03,2.5019E+03));
#7710 = VERTEX_POINT('',#7711);
#7711 = CARTESIAN_POINT('',(5.30225E+03,5.389789285714E+03,
    2.919521360944E+03));
#7712 = LINE('',#7713,#7714);
#7713 = CARTESIAN_POINT('',(5.30225E+03,6.51133291942E+03,
    2.385563996872E+03));
#7714 = VECTOR('',#7715,1.);
#7715 = DIRECTION('',(-2.004830108882E-16,-0.90289521313,0.429860714775)
  );
#7716 = ORIENTED_EDGE('',*,*,#7717,.F.);
#7717 = EDGE_CURVE('',#7718,#7708,#7720,.T.);
#7718 = VERTEX_POINT('',#7719);
#7719 = CARTESIAN_POINT('',(5.30225E+03,6.4262E+03,2.5019E+03));
#7720 = LINE('',#7721,#7722);
#7721 = CARTESIAN_POINT('',(5.30225E+03,6.41796645971E+03,2.5019E+03));
#7722 = VECTOR('',#7723,1.);
#7723 = DIRECTION('',(-2.22044604925E-16,-1.,0.));
#7724 = ORIENTED_EDGE('',*,*,#7725,.T.);
#7725 = EDGE_CURVE('',#7718,#7726,#7728,.T.);
#7726 = VERTEX_POINT('',#7727);
#7727 = CARTESIAN_POINT('',(5.30225E+03,6.4262E+03,2.58081954262E+03));
#7728 = LINE('',#7729,#7730);
#7729 = CARTESIAN_POINT('',(5.30225E+03,6.4262E+03,2.164331998436E+03));
#7730 = VECTOR('',#7731,1.);
#7731 = DIRECTION('',(0.,0.,1.));
#7732 = ORIENTED_EDGE('',*,*,#7733,.T.);
#7733 = EDGE_CURVE('',#7726,#7734,#7736,.T.);
#7734 = VERTEX_POINT('',#7735);
#7735 = CARTESIAN_POINT('',(5.30225E+03,5.389789285714E+03,
    3.074245849421E+03));
#7736 = LINE('',#7737,#7738);
#7737 = CARTESIAN_POINT('',(5.30225E+03,6.571384461274E+03,
    2.511698458146E+03));
#7738 = VECTOR('',#7739,1.);
#7739 = DIRECTION('',(-2.004830108882E-16,-0.90289521313,0.429860714775)
  );
#7740 = ORIENTED_EDGE('',*,*,#7741,.T.);
#7741 = EDGE_CURVE('',#7734,#7710,#7742,.T.);
#7742 = LINE('',#7743,#7744);
#7743 = CARTESIAN_POINT('',(5.30225E+03,5.389789285714E+03,
    2.408306998436E+03));
#7744 = VECTOR('',#7745,1.);
#7745 = DIRECTION('',(0.,-0.,-1.));
#7746 = PLANE('',#7747);
#7747 = AXIS2_PLACEMENT_3D('',#7748,#7749,#7750);
#7748 = CARTESIAN_POINT('',(5.30225E+03,6.51133291942E+03,
    2.385563996872E+03));
#7749 = DIRECTION('',(1.,-2.22044604925E-16,0.));
#7750 = DIRECTION('',(9.544825258501E-17,0.429860714775,0.90289521313));
#7751 = ADVANCED_FACE('',(#7752),#7777,.F.);
#7752 = FACE_BOUND('',#7753,.F.);
#7753 = EDGE_LOOP('',(#7754,#7764,#7770,#7771));
#7754 = ORIENTED_EDGE('',*,*,#7755,.F.);
#7755 = EDGE_CURVE('',#7756,#7758,#7760,.T.);
#7756 = VERTEX_POINT('',#7757);
#7757 = CARTESIAN_POINT('',(5.34035E+03,6.266976511103E+03,2.5019E+03));
#7758 = VERTEX_POINT('',#7759);
#7759 = CARTESIAN_POINT('',(5.34035E+03,5.389789285714E+03,
    2.919521360944E+03));
#7760 = LINE('',#7761,#7762);
#7761 = CARTESIAN_POINT('',(5.34035E+03,6.51133291942E+03,
    2.385563996872E+03));
#7762 = VECTOR('',#7763,1.);
#7763 = DIRECTION('',(-2.004830108882E-16,-0.90289521313,0.429860714775)
  );
#7764 = ORIENTED_EDGE('',*,*,#7765,.F.);
#7765 = EDGE_CURVE('',#7708,#7756,#7766,.T.);
#7766 = LINE('',#7767,#7768);
#7767 = CARTESIAN_POINT('',(5.16255E+03,6.266976511103E+03,2.5019E+03));
#7768 = VECTOR('',#7769,1.);
#7769 = DIRECTION('',(1.,-2.22044604925E-16,0.));
#7770 = ORIENTED_EDGE('',*,*,#7707,.T.);
#7771 = ORIENTED_EDGE('',*,*,#7772,.T.);
#7772 = EDGE_CURVE('',#7710,#7758,#7773,.T.);
#7773 = LINE('',#7774,#7775);
#7774 = CARTESIAN_POINT('',(5.30175E+03,5.389789285714E+03,
    2.919521360944E+03));
#7775 = VECTOR('',#7776,1.);
#7776 = DIRECTION('',(1.,-2.22044604925E-16,0.));
#7777 = PLANE('',#7778);
#7778 = AXIS2_PLACEMENT_3D('',#7779,#7780,#7781);
#7779 = CARTESIAN_POINT('',(5.30225E+03,6.51133291942E+03,
    2.385563996872E+03));
#7780 = DIRECTION('',(9.544825258501E-17,0.429860714775,0.90289521313));
#7781 = DIRECTION('',(-2.004830108882E-16,-0.90289521313,0.429860714775)
  );
#7782 = ADVANCED_FACE('',(#7783),#7801,.T.);
#7783 = FACE_BOUND('',#7784,.T.);
#7784 = EDGE_LOOP('',(#7785,#7793,#7794,#7795));
#7785 = ORIENTED_EDGE('',*,*,#7786,.F.);
#7786 = EDGE_CURVE('',#7734,#7787,#7789,.T.);
#7787 = VERTEX_POINT('',#7788);
#7788 = CARTESIAN_POINT('',(5.34035E+03,5.389789285714E+03,
    3.074245849421E+03));
#7789 = LINE('',#7790,#7791);
#7790 = CARTESIAN_POINT('',(5.30175E+03,5.389789285714E+03,
    3.074245849421E+03));
#7791 = VECTOR('',#7792,1.);
#7792 = DIRECTION('',(1.,-2.22044604925E-16,0.));
#7793 = ORIENTED_EDGE('',*,*,#7741,.T.);
#7794 = ORIENTED_EDGE('',*,*,#7772,.T.);
#7795 = ORIENTED_EDGE('',*,*,#7796,.F.);
#7796 = EDGE_CURVE('',#7787,#7758,#7797,.T.);
#7797 = LINE('',#7798,#7799);
#7798 = CARTESIAN_POINT('',(5.34035E+03,5.389789285714E+03,
    2.408306998436E+03));
#7799 = VECTOR('',#7800,1.);
#7800 = DIRECTION('',(0.,-0.,-1.));
#7801 = PLANE('',#7802);
#7802 = AXIS2_PLACEMENT_3D('',#7803,#7804,#7805);
#7803 = CARTESIAN_POINT('',(5.30125E+03,5.389789285714E+03,2.43105E+03)
  );
#7804 = DIRECTION('',(-2.22044604925E-16,-1.,0.));
#7805 = DIRECTION('',(0.,0.,1.));
#7806 = ADVANCED_FACE('',(#7807),#7825,.T.);
#7807 = FACE_BOUND('',#7808,.T.);
#7808 = EDGE_LOOP('',(#7809,#7817,#7823,#7824));
#7809 = ORIENTED_EDGE('',*,*,#7810,.F.);
#7810 = EDGE_CURVE('',#7811,#7787,#7813,.T.);
#7811 = VERTEX_POINT('',#7812);
#7812 = CARTESIAN_POINT('',(5.34035E+03,6.4262E+03,2.58081954262E+03));
#7813 = LINE('',#7814,#7815);
#7814 = CARTESIAN_POINT('',(5.34035E+03,6.571384461274E+03,
    2.511698458146E+03));
#7815 = VECTOR('',#7816,1.);
#7816 = DIRECTION('',(-2.004830108882E-16,-0.90289521313,0.429860714775)
  );
#7817 = ORIENTED_EDGE('',*,*,#7818,.T.);
#7818 = EDGE_CURVE('',#7811,#7726,#7819,.T.);
#7819 = LINE('',#7820,#7821);
#7820 = CARTESIAN_POINT('',(2.4511E+03,6.4262E+03,2.58081954262E+03));
#7821 = VECTOR('',#7822,1.);
#7822 = DIRECTION('',(-1.,4.42044604925E-16,-1.1E-16));
#7823 = ORIENTED_EDGE('',*,*,#7733,.T.);
#7824 = ORIENTED_EDGE('',*,*,#7786,.T.);
#7825 = PLANE('',#7826);
#7826 = AXIS2_PLACEMENT_3D('',#7827,#7828,#7829);
#7827 = CARTESIAN_POINT('',(5.30225E+03,6.571384461274E+03,
    2.511698458146E+03));
#7828 = DIRECTION('',(9.544825258501E-17,0.429860714775,0.90289521313));
#7829 = DIRECTION('',(-2.004830108882E-16,-0.90289521313,0.429860714775)
  );
#7830 = ADVANCED_FACE('',(#7831),#7849,.T.);
#7831 = FACE_BOUND('',#7832,.T.);
#7832 = EDGE_LOOP('',(#7833,#7841,#7842,#7843));
#7833 = ORIENTED_EDGE('',*,*,#7834,.T.);
#7834 = EDGE_CURVE('',#7835,#7718,#7837,.T.);
#7835 = VERTEX_POINT('',#7836);
#7836 = CARTESIAN_POINT('',(5.34035E+03,6.4262E+03,2.5019E+03));
#7837 = LINE('',#7838,#7839);
#7838 = CARTESIAN_POINT('',(-400.05,6.4262E+03,2.5019E+03));
#7839 = VECTOR('',#7840,1.);
#7840 = DIRECTION('',(-1.,4.42044604925E-16,0.));
#7841 = ORIENTED_EDGE('',*,*,#7725,.T.);
#7842 = ORIENTED_EDGE('',*,*,#7818,.F.);
#7843 = ORIENTED_EDGE('',*,*,#7844,.F.);
#7844 = EDGE_CURVE('',#7835,#7811,#7845,.T.);
#7845 = LINE('',#7846,#7847);
#7846 = CARTESIAN_POINT('',(5.34035E+03,6.4262E+03,2.164331998436E+03));
#7847 = VECTOR('',#7848,1.);
#7848 = DIRECTION('',(0.,0.,1.));
#7849 = PLANE('',#7850);
#7850 = AXIS2_PLACEMENT_3D('',#7851,#7852,#7853);
#7851 = CARTESIAN_POINT('',(-400.05,6.4262E+03,1.9431E+03));
#7852 = DIRECTION('',(2.22044604925E-16,1.,0.));
#7853 = DIRECTION('',(0.,0.,1.));
#7854 = ADVANCED_FACE('',(#7855),#7867,.T.);
#7855 = FACE_BOUND('',#7856,.T.);
#7856 = EDGE_LOOP('',(#7857,#7858,#7864,#7865,#7866));
#7857 = ORIENTED_EDGE('',*,*,#7755,.F.);
#7858 = ORIENTED_EDGE('',*,*,#7859,.F.);
#7859 = EDGE_CURVE('',#7835,#7756,#7860,.T.);
#7860 = LINE('',#7861,#7862);
#7861 = CARTESIAN_POINT('',(5.34035E+03,6.61799145971E+03,2.5019E+03));
#7862 = VECTOR('',#7863,1.);
#7863 = DIRECTION('',(-2.22044604925E-16,-1.,0.));
#7864 = ORIENTED_EDGE('',*,*,#7844,.T.);
#7865 = ORIENTED_EDGE('',*,*,#7810,.T.);
#7866 = ORIENTED_EDGE('',*,*,#7796,.T.);
#7867 = PLANE('',#7868);
#7868 = AXIS2_PLACEMENT_3D('',#7869,#7870,#7871);
#7869 = CARTESIAN_POINT('',(5.34035E+03,6.51133291942E+03,
    2.385563996872E+03));
#7870 = DIRECTION('',(1.,-2.22044604925E-16,0.));
#7871 = DIRECTION('',(9.544825258501E-17,0.429860714775,0.90289521313));
#7872 = ADVANCED_FACE('',(#7873),#7879,.T.);
#7873 = FACE_BOUND('',#7874,.T.);
#7874 = EDGE_LOOP('',(#7875,#7876,#7877,#7878));
#7875 = ORIENTED_EDGE('',*,*,#7834,.F.);
#7876 = ORIENTED_EDGE('',*,*,#7859,.T.);
#7877 = ORIENTED_EDGE('',*,*,#7765,.F.);
#7878 = ORIENTED_EDGE('',*,*,#7717,.F.);
#7879 = PLANE('',#7880);
#7880 = AXIS2_PLACEMENT_3D('',#7881,#7882,#7883);
#7881 = CARTESIAN_POINT('',(5.3213E+03,6.346588255551E+03,2.5019E+03));
#7882 = DIRECTION('',(0.,0.,-1.));
#7883 = DIRECTION('',(2.22044604925E-16,1.,0.));
#7884 = MANIFOLD_SOLID_BREP('',#7885);
#7885 = CLOSED_SHELL('',(#7886,#7934,#7965,#7989,#8013,#8037,#8055));
#7886 = ADVANCED_FACE('',(#7887),#7929,.F.);
#7887 = FACE_BOUND('',#7888,.F.);
#7888 = EDGE_LOOP('',(#7889,#7899,#7907,#7915,#7923));
#7889 = ORIENTED_EDGE('',*,*,#7890,.F.);
#7890 = EDGE_CURVE('',#7891,#7893,#7895,.T.);
#7891 = VERTEX_POINT('',#7892);
#7892 = CARTESIAN_POINT('',(4.69265E+03,6.266976511103E+03,2.5019E+03));
#7893 = VERTEX_POINT('',#7894);
#7894 = CARTESIAN_POINT('',(4.69265E+03,4.823732142857E+03,
    3.189016341639E+03));
#7895 = LINE('',#7896,#7897);
#7896 = CARTESIAN_POINT('',(4.69265E+03,6.51133291942E+03,
    2.385563996872E+03));
#7897 = VECTOR('',#7898,1.);
#7898 = DIRECTION('',(-2.004830108882E-16,-0.90289521313,0.429860714775)
  );
#7899 = ORIENTED_EDGE('',*,*,#7900,.F.);
#7900 = EDGE_CURVE('',#7901,#7891,#7903,.T.);
#7901 = VERTEX_POINT('',#7902);
#7902 = CARTESIAN_POINT('',(4.69265E+03,6.4262E+03,2.5019E+03));
#7903 = LINE('',#7904,#7905);
#7904 = CARTESIAN_POINT('',(4.69265E+03,6.41796645971E+03,2.5019E+03));
#7905 = VECTOR('',#7906,1.);
#7906 = DIRECTION('',(-2.22044604925E-16,-1.,0.));
#7907 = ORIENTED_EDGE('',*,*,#7908,.T.);
#7908 = EDGE_CURVE('',#7901,#7909,#7911,.T.);
#7909 = VERTEX_POINT('',#7910);
#7910 = CARTESIAN_POINT('',(4.69265E+03,6.4262E+03,2.58081954262E+03));
#7911 = LINE('',#7912,#7913);
#7912 = CARTESIAN_POINT('',(4.69265E+03,6.4262E+03,2.164331998436E+03));
#7913 = VECTOR('',#7914,1.);
#7914 = DIRECTION('',(0.,0.,1.));
#7915 = ORIENTED_EDGE('',*,*,#7916,.T.);
#7916 = EDGE_CURVE('',#7909,#7917,#7919,.T.);
#7917 = VERTEX_POINT('',#7918);
#7918 = CARTESIAN_POINT('',(4.69265E+03,4.823732142857E+03,
    3.343740830116E+03));
#7919 = LINE('',#7920,#7921);
#7920 = CARTESIAN_POINT('',(4.69265E+03,6.571384461274E+03,
    2.511698458146E+03));
#7921 = VECTOR('',#7922,1.);
#7922 = DIRECTION('',(-2.004830108882E-16,-0.90289521313,0.429860714775)
  );
#7923 = ORIENTED_EDGE('',*,*,#7924,.T.);
#7924 = EDGE_CURVE('',#7917,#7893,#7925,.T.);
#7925 = LINE('',#7926,#7927);
#7926 = CARTESIAN_POINT('',(4.69265E+03,4.823732142857E+03,
    2.408306998436E+03));
#7927 = VECTOR('',#7928,1.);
#7928 = DIRECTION('',(0.,-0.,-1.));
#7929 = PLANE('',#7930);
#7930 = AXIS2_PLACEMENT_3D('',#7931,#7932,#7933);
#7931 = CARTESIAN_POINT('',(4.69265E+03,6.51133291942E+03,
    2.385563996872E+03));
#7932 = DIRECTION('',(1.,-2.22044604925E-16,0.));
#7933 = DIRECTION('',(9.544825258501E-17,0.429860714775,0.90289521313));
#7934 = ADVANCED_FACE('',(#7935),#7960,.F.);
#7935 = FACE_BOUND('',#7936,.F.);
#7936 = EDGE_LOOP('',(#7937,#7947,#7953,#7954));
#7937 = ORIENTED_EDGE('',*,*,#7938,.F.);
#7938 = EDGE_CURVE('',#7939,#7941,#7943,.T.);
#7939 = VERTEX_POINT('',#7940);
#7940 = CARTESIAN_POINT('',(4.73075E+03,6.266976511103E+03,2.5019E+03));
#7941 = VERTEX_POINT('',#7942);
#7942 = CARTESIAN_POINT('',(4.73075E+03,4.823732142857E+03,
    3.189016341639E+03));
#7943 = LINE('',#7944,#7945);
#7944 = CARTESIAN_POINT('',(4.73075E+03,6.51133291942E+03,
    2.385563996872E+03));
#7945 = VECTOR('',#7946,1.);
#7946 = DIRECTION('',(-2.004830108882E-16,-0.90289521313,0.429860714775)
  );
#7947 = ORIENTED_EDGE('',*,*,#7948,.F.);
#7948 = EDGE_CURVE('',#7891,#7939,#7949,.T.);
#7949 = LINE('',#7950,#7951);
#7950 = CARTESIAN_POINT('',(4.55295E+03,6.266976511103E+03,2.5019E+03));
#7951 = VECTOR('',#7952,1.);
#7952 = DIRECTION('',(1.,-2.22044604925E-16,0.));
#7953 = ORIENTED_EDGE('',*,*,#7890,.T.);
#7954 = ORIENTED_EDGE('',*,*,#7955,.T.);
#7955 = EDGE_CURVE('',#7893,#7941,#7956,.T.);
#7956 = LINE('',#7957,#7958);
#7957 = CARTESIAN_POINT('',(4.69215E+03,4.823732142857E+03,
    3.189016341639E+03));
#7958 = VECTOR('',#7959,1.);
#7959 = DIRECTION('',(1.,-2.22044604925E-16,0.));
#7960 = PLANE('',#7961);
#7961 = AXIS2_PLACEMENT_3D('',#7962,#7963,#7964);
#7962 = CARTESIAN_POINT('',(4.69265E+03,6.51133291942E+03,
    2.385563996872E+03));
#7963 = DIRECTION('',(9.544825258501E-17,0.429860714775,0.90289521313));
#7964 = DIRECTION('',(-2.004830108882E-16,-0.90289521313,0.429860714775)
  );
#7965 = ADVANCED_FACE('',(#7966),#7984,.T.);
#7966 = FACE_BOUND('',#7967,.T.);
#7967 = EDGE_LOOP('',(#7968,#7976,#7977,#7978));
#7968 = ORIENTED_EDGE('',*,*,#7969,.F.);
#7969 = EDGE_CURVE('',#7917,#7970,#7972,.T.);
#7970 = VERTEX_POINT('',#7971);
#7971 = CARTESIAN_POINT('',(4.73075E+03,4.823732142857E+03,
    3.343740830116E+03));
#7972 = LINE('',#7973,#7974);
#7973 = CARTESIAN_POINT('',(4.69215E+03,4.823732142857E+03,
    3.343740830116E+03));
#7974 = VECTOR('',#7975,1.);
#7975 = DIRECTION('',(1.,-2.22044604925E-16,0.));
#7976 = ORIENTED_EDGE('',*,*,#7924,.T.);
#7977 = ORIENTED_EDGE('',*,*,#7955,.T.);
#7978 = ORIENTED_EDGE('',*,*,#7979,.F.);
#7979 = EDGE_CURVE('',#7970,#7941,#7980,.T.);
#7980 = LINE('',#7981,#7982);
#7981 = CARTESIAN_POINT('',(4.73075E+03,4.823732142857E+03,
    2.408306998436E+03));
#7982 = VECTOR('',#7983,1.);
#7983 = DIRECTION('',(0.,-0.,-1.));
#7984 = PLANE('',#7985);
#7985 = AXIS2_PLACEMENT_3D('',#7986,#7987,#7988);
#7986 = CARTESIAN_POINT('',(4.69165E+03,4.823732142857E+03,2.43105E+03)
  );
#7987 = DIRECTION('',(-2.22044604925E-16,-1.,0.));
#7988 = DIRECTION('',(0.,0.,1.));
#7989 = ADVANCED_FACE('',(#7990),#8008,.T.);
#7990 = FACE_BOUND('',#7991,.T.);
#7991 = EDGE_LOOP('',(#7992,#8000,#8006,#8007));
#7992 = ORIENTED_EDGE('',*,*,#7993,.F.);
#7993 = EDGE_CURVE('',#7994,#7970,#7996,.T.);
#7994 = VERTEX_POINT('',#7995);
#7995 = CARTESIAN_POINT('',(4.73075E+03,6.4262E+03,2.58081954262E+03));
#7996 = LINE('',#7997,#7998);
#7997 = CARTESIAN_POINT('',(4.73075E+03,6.571384461274E+03,
    2.511698458146E+03));
#7998 = VECTOR('',#7999,1.);
#7999 = DIRECTION('',(-2.004830108882E-16,-0.90289521313,0.429860714775)
  );
#8000 = ORIENTED_EDGE('',*,*,#8001,.T.);
#8001 = EDGE_CURVE('',#7994,#7909,#8002,.T.);
#8002 = LINE('',#8003,#8004);
#8003 = CARTESIAN_POINT('',(2.1463E+03,6.4262E+03,2.58081954262E+03));
#8004 = VECTOR('',#8005,1.);
#8005 = DIRECTION('',(-1.,4.42044604925E-16,-1.1E-16));
#8006 = ORIENTED_EDGE('',*,*,#7916,.T.);
#8007 = ORIENTED_EDGE('',*,*,#7969,.T.);
#8008 = PLANE('',#8009);
#8009 = AXIS2_PLACEMENT_3D('',#8010,#8011,#8012);
#8010 = CARTESIAN_POINT('',(4.69265E+03,6.571384461274E+03,
    2.511698458146E+03));
#8011 = DIRECTION('',(9.544825258501E-17,0.429860714775,0.90289521313));
#8012 = DIRECTION('',(-2.004830108882E-16,-0.90289521313,0.429860714775)
  );
#8013 = ADVANCED_FACE('',(#8014),#8032,.T.);
#8014 = FACE_BOUND('',#8015,.T.);
#8015 = EDGE_LOOP('',(#8016,#8024,#8025,#8026));
#8016 = ORIENTED_EDGE('',*,*,#8017,.T.);
#8017 = EDGE_CURVE('',#8018,#7901,#8020,.T.);
#8018 = VERTEX_POINT('',#8019);
#8019 = CARTESIAN_POINT('',(4.73075E+03,6.4262E+03,2.5019E+03));
#8020 = LINE('',#8021,#8022);
#8021 = CARTESIAN_POINT('',(-400.05,6.4262E+03,2.5019E+03));
#8022 = VECTOR('',#8023,1.);
#8023 = DIRECTION('',(-1.,4.42044604925E-16,0.));
#8024 = ORIENTED_EDGE('',*,*,#7908,.T.);
#8025 = ORIENTED_EDGE('',*,*,#8001,.F.);
#8026 = ORIENTED_EDGE('',*,*,#8027,.F.);
#8027 = EDGE_CURVE('',#8018,#7994,#8028,.T.);
#8028 = LINE('',#8029,#8030);
#8029 = CARTESIAN_POINT('',(4.73075E+03,6.4262E+03,2.164331998436E+03));
#8030 = VECTOR('',#8031,1.);
#8031 = DIRECTION('',(0.,0.,1.));
#8032 = PLANE('',#8033);
#8033 = AXIS2_PLACEMENT_3D('',#8034,#8035,#8036);
#8034 = CARTESIAN_POINT('',(-400.05,6.4262E+03,1.9431E+03));
#8035 = DIRECTION('',(2.22044604925E-16,1.,0.));
#8036 = DIRECTION('',(0.,0.,1.));
#8037 = ADVANCED_FACE('',(#8038),#8050,.T.);
#8038 = FACE_BOUND('',#8039,.T.);
#8039 = EDGE_LOOP('',(#8040,#8041,#8047,#8048,#8049));
#8040 = ORIENTED_EDGE('',*,*,#7938,.F.);
#8041 = ORIENTED_EDGE('',*,*,#8042,.F.);
#8042 = EDGE_CURVE('',#8018,#7939,#8043,.T.);
#8043 = LINE('',#8044,#8045);
#8044 = CARTESIAN_POINT('',(4.73075E+03,6.61799145971E+03,2.5019E+03));
#8045 = VECTOR('',#8046,1.);
#8046 = DIRECTION('',(-2.22044604925E-16,-1.,0.));
#8047 = ORIENTED_EDGE('',*,*,#8027,.T.);
#8048 = ORIENTED_EDGE('',*,*,#7993,.T.);
#8049 = ORIENTED_EDGE('',*,*,#7979,.T.);
#8050 = PLANE('',#8051);
#8051 = AXIS2_PLACEMENT_3D('',#8052,#8053,#8054);
#8052 = CARTESIAN_POINT('',(4.73075E+03,6.51133291942E+03,
    2.385563996872E+03));
#8053 = DIRECTION('',(1.,-2.22044604925E-16,0.));
#8054 = DIRECTION('',(9.544825258501E-17,0.429860714775,0.90289521313));
#8055 = ADVANCED_FACE('',(#8056),#8062,.T.);
#8056 = FACE_BOUND('',#8057,.T.);
#8057 = EDGE_LOOP('',(#8058,#8059,#8060,#8061));
#8058 = ORIENTED_EDGE('',*,*,#8017,.F.);
#8059 = ORIENTED_EDGE('',*,*,#8042,.T.);
#8060 = ORIENTED_EDGE('',*,*,#7948,.F.);
#8061 = ORIENTED_EDGE('',*,*,#7900,.F.);
#8062 = PLANE('',#8063);
#8063 = AXIS2_PLACEMENT_3D('',#8064,#8065,#8066);
#8064 = CARTESIAN_POINT('',(4.7117E+03,6.346588255551E+03,2.5019E+03));
#8065 = DIRECTION('',(0.,0.,-1.));
#8066 = DIRECTION('',(2.22044604925E-16,1.,0.));
#8067 = MANIFOLD_SOLID_BREP('',#8068);
#8068 = CLOSED_SHELL('',(#8069,#8117,#8148,#8172,#8196,#8220,#8238));
#8069 = ADVANCED_FACE('',(#8070),#8112,.F.);
#8070 = FACE_BOUND('',#8071,.F.);
#8071 = EDGE_LOOP('',(#8072,#8082,#8090,#8098,#8106));
#8072 = ORIENTED_EDGE('',*,*,#8073,.F.);
#8073 = EDGE_CURVE('',#8074,#8076,#8078,.T.);
#8074 = VERTEX_POINT('',#8075);
#8075 = CARTESIAN_POINT('',(4.08305E+03,6.266976511103E+03,2.5019E+03));
#8076 = VERTEX_POINT('',#8077);
#8077 = CARTESIAN_POINT('',(4.08305E+03,4.257675E+03,3.458511322334E+03)
  );
#8078 = LINE('',#8079,#8080);
#8079 = CARTESIAN_POINT('',(4.08305E+03,6.51133291942E+03,
    2.385563996872E+03));
#8080 = VECTOR('',#8081,1.);
#8081 = DIRECTION('',(-2.004830108882E-16,-0.90289521313,0.429860714775)
  );
#8082 = ORIENTED_EDGE('',*,*,#8083,.F.);
#8083 = EDGE_CURVE('',#8084,#8074,#8086,.T.);
#8084 = VERTEX_POINT('',#8085);
#8085 = CARTESIAN_POINT('',(4.08305E+03,6.4262E+03,2.5019E+03));
#8086 = LINE('',#8087,#8088);
#8087 = CARTESIAN_POINT('',(4.08305E+03,6.41796645971E+03,2.5019E+03));
#8088 = VECTOR('',#8089,1.);
#8089 = DIRECTION('',(-2.22044604925E-16,-1.,0.));
#8090 = ORIENTED_EDGE('',*,*,#8091,.T.);
#8091 = EDGE_CURVE('',#8084,#8092,#8094,.T.);
#8092 = VERTEX_POINT('',#8093);
#8093 = CARTESIAN_POINT('',(4.08305E+03,6.4262E+03,2.58081954262E+03));
#8094 = LINE('',#8095,#8096);
#8095 = CARTESIAN_POINT('',(4.08305E+03,6.4262E+03,2.164331998436E+03));
#8096 = VECTOR('',#8097,1.);
#8097 = DIRECTION('',(0.,0.,1.));
#8098 = ORIENTED_EDGE('',*,*,#8099,.T.);
#8099 = EDGE_CURVE('',#8092,#8100,#8102,.T.);
#8100 = VERTEX_POINT('',#8101);
#8101 = CARTESIAN_POINT('',(4.08305E+03,4.257675E+03,3.613235810811E+03)
  );
#8102 = LINE('',#8103,#8104);
#8103 = CARTESIAN_POINT('',(4.08305E+03,6.571384461274E+03,
    2.511698458146E+03));
#8104 = VECTOR('',#8105,1.);
#8105 = DIRECTION('',(-2.004830108882E-16,-0.90289521313,0.429860714775)
  );
#8106 = ORIENTED_EDGE('',*,*,#8107,.T.);
#8107 = EDGE_CURVE('',#8100,#8076,#8108,.T.);
#8108 = LINE('',#8109,#8110);
#8109 = CARTESIAN_POINT('',(4.08305E+03,4.257675E+03,2.408306998436E+03)
  );
#8110 = VECTOR('',#8111,1.);
#8111 = DIRECTION('',(0.,-0.,-1.));
#8112 = PLANE('',#8113);
#8113 = AXIS2_PLACEMENT_3D('',#8114,#8115,#8116);
#8114 = CARTESIAN_POINT('',(4.08305E+03,6.51133291942E+03,
    2.385563996872E+03));
#8115 = DIRECTION('',(1.,-2.22044604925E-16,0.));
#8116 = DIRECTION('',(9.544825258501E-17,0.429860714775,0.90289521313));
#8117 = ADVANCED_FACE('',(#8118),#8143,.F.);
#8118 = FACE_BOUND('',#8119,.F.);
#8119 = EDGE_LOOP('',(#8120,#8130,#8136,#8137));
#8120 = ORIENTED_EDGE('',*,*,#8121,.F.);
#8121 = EDGE_CURVE('',#8122,#8124,#8126,.T.);
#8122 = VERTEX_POINT('',#8123);
#8123 = CARTESIAN_POINT('',(4.12115E+03,6.266976511103E+03,2.5019E+03));
#8124 = VERTEX_POINT('',#8125);
#8125 = CARTESIAN_POINT('',(4.12115E+03,4.257675E+03,3.458511322334E+03)
  );
#8126 = LINE('',#8127,#8128);
#8127 = CARTESIAN_POINT('',(4.12115E+03,6.51133291942E+03,
    2.385563996872E+03));
#8128 = VECTOR('',#8129,1.);
#8129 = DIRECTION('',(-2.004830108882E-16,-0.90289521313,0.429860714775)
  );
#8130 = ORIENTED_EDGE('',*,*,#8131,.F.);
#8131 = EDGE_CURVE('',#8074,#8122,#8132,.T.);
#8132 = LINE('',#8133,#8134);
#8133 = CARTESIAN_POINT('',(3.94335E+03,6.266976511103E+03,2.5019E+03));
#8134 = VECTOR('',#8135,1.);
#8135 = DIRECTION('',(1.,-2.22044604925E-16,0.));
#8136 = ORIENTED_EDGE('',*,*,#8073,.T.);
#8137 = ORIENTED_EDGE('',*,*,#8138,.T.);
#8138 = EDGE_CURVE('',#8076,#8124,#8139,.T.);
#8139 = LINE('',#8140,#8141);
#8140 = CARTESIAN_POINT('',(4.08255E+03,4.257675E+03,3.458511322334E+03)
  );
#8141 = VECTOR('',#8142,1.);
#8142 = DIRECTION('',(1.,-2.22044604925E-16,0.));
#8143 = PLANE('',#8144);
#8144 = AXIS2_PLACEMENT_3D('',#8145,#8146,#8147);
#8145 = CARTESIAN_POINT('',(4.08305E+03,6.51133291942E+03,
    2.385563996872E+03));
#8146 = DIRECTION('',(9.544825258501E-17,0.429860714775,0.90289521313));
#8147 = DIRECTION('',(-2.004830108882E-16,-0.90289521313,0.429860714775)
  );
#8148 = ADVANCED_FACE('',(#8149),#8167,.T.);
#8149 = FACE_BOUND('',#8150,.T.);
#8150 = EDGE_LOOP('',(#8151,#8159,#8160,#8161));
#8151 = ORIENTED_EDGE('',*,*,#8152,.F.);
#8152 = EDGE_CURVE('',#8100,#8153,#8155,.T.);
#8153 = VERTEX_POINT('',#8154);
#8154 = CARTESIAN_POINT('',(4.12115E+03,4.257675E+03,3.613235810811E+03)
  );
#8155 = LINE('',#8156,#8157);
#8156 = CARTESIAN_POINT('',(4.08255E+03,4.257675E+03,3.613235810811E+03)
  );
#8157 = VECTOR('',#8158,1.);
#8158 = DIRECTION('',(1.,-2.22044604925E-16,0.));
#8159 = ORIENTED_EDGE('',*,*,#8107,.T.);
#8160 = ORIENTED_EDGE('',*,*,#8138,.T.);
#8161 = ORIENTED_EDGE('',*,*,#8162,.F.);
#8162 = EDGE_CURVE('',#8153,#8124,#8163,.T.);
#8163 = LINE('',#8164,#8165);
#8164 = CARTESIAN_POINT('',(4.12115E+03,4.257675E+03,2.408306998436E+03)
  );
#8165 = VECTOR('',#8166,1.);
#8166 = DIRECTION('',(0.,-0.,-1.));
#8167 = PLANE('',#8168);
#8168 = AXIS2_PLACEMENT_3D('',#8169,#8170,#8171);
#8169 = CARTESIAN_POINT('',(4.08205E+03,4.257675E+03,2.43105E+03));
#8170 = DIRECTION('',(-2.22044604925E-16,-1.,0.));
#8171 = DIRECTION('',(0.,0.,1.));
#8172 = ADVANCED_FACE('',(#8173),#8191,.T.);
#8173 = FACE_BOUND('',#8174,.T.);
#8174 = EDGE_LOOP('',(#8175,#8183,#8189,#8190));
#8175 = ORIENTED_EDGE('',*,*,#8176,.F.);
#8176 = EDGE_CURVE('',#8177,#8153,#8179,.T.);
#8177 = VERTEX_POINT('',#8178);
#8178 = CARTESIAN_POINT('',(4.12115E+03,6.4262E+03,2.58081954262E+03));
#8179 = LINE('',#8180,#8181);
#8180 = CARTESIAN_POINT('',(4.12115E+03,6.571384461274E+03,
    2.511698458146E+03));
#8181 = VECTOR('',#8182,1.);
#8182 = DIRECTION('',(-2.004830108882E-16,-0.90289521313,0.429860714775)
  );
#8183 = ORIENTED_EDGE('',*,*,#8184,.T.);
#8184 = EDGE_CURVE('',#8177,#8092,#8185,.T.);
#8185 = LINE('',#8186,#8187);
#8186 = CARTESIAN_POINT('',(1.8415E+03,6.4262E+03,2.58081954262E+03));
#8187 = VECTOR('',#8188,1.);
#8188 = DIRECTION('',(-1.,4.42044604925E-16,-1.1E-16));
#8189 = ORIENTED_EDGE('',*,*,#8099,.T.);
#8190 = ORIENTED_EDGE('',*,*,#8152,.T.);
#8191 = PLANE('',#8192);
#8192 = AXIS2_PLACEMENT_3D('',#8193,#8194,#8195);
#8193 = CARTESIAN_POINT('',(4.08305E+03,6.571384461274E+03,
    2.511698458146E+03));
#8194 = DIRECTION('',(9.544825258501E-17,0.429860714775,0.90289521313));
#8195 = DIRECTION('',(-2.004830108882E-16,-0.90289521313,0.429860714775)
  );
#8196 = ADVANCED_FACE('',(#8197),#8215,.T.);
#8197 = FACE_BOUND('',#8198,.T.);
#8198 = EDGE_LOOP('',(#8199,#8207,#8208,#8209));
#8199 = ORIENTED_EDGE('',*,*,#8200,.T.);
#8200 = EDGE_CURVE('',#8201,#8084,#8203,.T.);
#8201 = VERTEX_POINT('',#8202);
#8202 = CARTESIAN_POINT('',(4.12115E+03,6.4262E+03,2.5019E+03));
#8203 = LINE('',#8204,#8205);
#8204 = CARTESIAN_POINT('',(-400.05,6.4262E+03,2.5019E+03));
#8205 = VECTOR('',#8206,1.);
#8206 = DIRECTION('',(-1.,4.42044604925E-16,0.));
#8207 = ORIENTED_EDGE('',*,*,#8091,.T.);
#8208 = ORIENTED_EDGE('',*,*,#8184,.F.);
#8209 = ORIENTED_EDGE('',*,*,#8210,.F.);
#8210 = EDGE_CURVE('',#8201,#8177,#8211,.T.);
#8211 = LINE('',#8212,#8213);
#8212 = CARTESIAN_POINT('',(4.12115E+03,6.4262E+03,2.164331998436E+03));
#8213 = VECTOR('',#8214,1.);
#8214 = DIRECTION('',(0.,0.,1.));
#8215 = PLANE('',#8216);
#8216 = AXIS2_PLACEMENT_3D('',#8217,#8218,#8219);
#8217 = CARTESIAN_POINT('',(-400.05,6.4262E+03,1.9431E+03));
#8218 = DIRECTION('',(2.22044604925E-16,1.,0.));
#8219 = DIRECTION('',(0.,0.,1.));
#8220 = ADVANCED_FACE('',(#8221),#8233,.T.);
#8221 = FACE_BOUND('',#8222,.T.);
#8222 = EDGE_LOOP('',(#8223,#8224,#8230,#8231,#8232));
#8223 = ORIENTED_EDGE('',*,*,#8121,.F.);
#8224 = ORIENTED_EDGE('',*,*,#8225,.F.);
#8225 = EDGE_CURVE('',#8201,#8122,#8226,.T.);
#8226 = LINE('',#8227,#8228);
#8227 = CARTESIAN_POINT('',(4.12115E+03,6.61799145971E+03,2.5019E+03));
#8228 = VECTOR('',#8229,1.);
#8229 = DIRECTION('',(-2.22044604925E-16,-1.,0.));
#8230 = ORIENTED_EDGE('',*,*,#8210,.T.);
#8231 = ORIENTED_EDGE('',*,*,#8176,.T.);
#8232 = ORIENTED_EDGE('',*,*,#8162,.T.);
#8233 = PLANE('',#8234);
#8234 = AXIS2_PLACEMENT_3D('',#8235,#8236,#8237);
#8235 = CARTESIAN_POINT('',(4.12115E+03,6.51133291942E+03,
    2.385563996872E+03));
#8236 = DIRECTION('',(1.,-2.22044604925E-16,0.));
#8237 = DIRECTION('',(9.544825258501E-17,0.429860714775,0.90289521313));
#8238 = ADVANCED_FACE('',(#8239),#8245,.T.);
#8239 = FACE_BOUND('',#8240,.T.);
#8240 = EDGE_LOOP('',(#8241,#8242,#8243,#8244));
#8241 = ORIENTED_EDGE('',*,*,#8200,.F.);
#8242 = ORIENTED_EDGE('',*,*,#8225,.T.);
#8243 = ORIENTED_EDGE('',*,*,#8131,.F.);
#8244 = ORIENTED_EDGE('',*,*,#8083,.F.);
#8245 = PLANE('',#8246);
#8246 = AXIS2_PLACEMENT_3D('',#8247,#8248,#8249);
#8247 = CARTESIAN_POINT('',(4.1021E+03,6.346588255551E+03,2.5019E+03));
#8248 = DIRECTION('',(0.,0.,-1.));
#8249 = DIRECTION('',(2.22044604925E-16,1.,0.));
#8250 = MANIFOLD_SOLID_BREP('',#8251);
#8251 = CLOSED_SHELL('',(#8252,#8300,#8331,#8355,#8379,#8403,#8421));
#8252 = ADVANCED_FACE('',(#8253),#8295,.F.);
#8253 = FACE_BOUND('',#8254,.F.);
#8254 = EDGE_LOOP('',(#8255,#8265,#8273,#8281,#8289));
#8255 = ORIENTED_EDGE('',*,*,#8256,.F.);
#8256 = EDGE_CURVE('',#8257,#8259,#8261,.T.);
#8257 = VERTEX_POINT('',#8258);
#8258 = CARTESIAN_POINT('',(3.47345E+03,6.266976511103E+03,2.5019E+03));
#8259 = VERTEX_POINT('',#8260);
#8260 = CARTESIAN_POINT('',(3.47345E+03,3.691617857143E+03,
    3.728006303029E+03));
#8261 = LINE('',#8262,#8263);
#8262 = CARTESIAN_POINT('',(3.47345E+03,6.51133291942E+03,
    2.385563996872E+03));
#8263 = VECTOR('',#8264,1.);
#8264 = DIRECTION('',(-2.004830108882E-16,-0.90289521313,0.429860714775)
  );
#8265 = ORIENTED_EDGE('',*,*,#8266,.F.);
#8266 = EDGE_CURVE('',#8267,#8257,#8269,.T.);
#8267 = VERTEX_POINT('',#8268);
#8268 = CARTESIAN_POINT('',(3.47345E+03,6.4262E+03,2.5019E+03));
#8269 = LINE('',#8270,#8271);
#8270 = CARTESIAN_POINT('',(3.47345E+03,6.41796645971E+03,2.5019E+03));
#8271 = VECTOR('',#8272,1.);
#8272 = DIRECTION('',(-2.22044604925E-16,-1.,0.));
#8273 = ORIENTED_EDGE('',*,*,#8274,.T.);
#8274 = EDGE_CURVE('',#8267,#8275,#8277,.T.);
#8275 = VERTEX_POINT('',#8276);
#8276 = CARTESIAN_POINT('',(3.47345E+03,6.4262E+03,2.58081954262E+03));
#8277 = LINE('',#8278,#8279);
#8278 = CARTESIAN_POINT('',(3.47345E+03,6.4262E+03,2.164331998436E+03));
#8279 = VECTOR('',#8280,1.);
#8280 = DIRECTION('',(0.,0.,1.));
#8281 = ORIENTED_EDGE('',*,*,#8282,.T.);
#8282 = EDGE_CURVE('',#8275,#8283,#8285,.T.);
#8283 = VERTEX_POINT('',#8284);
#8284 = CARTESIAN_POINT('',(3.47345E+03,3.691617857143E+03,
    3.882730791506E+03));
#8285 = LINE('',#8286,#8287);
#8286 = CARTESIAN_POINT('',(3.47345E+03,6.571384461274E+03,
    2.511698458146E+03));
#8287 = VECTOR('',#8288,1.);
#8288 = DIRECTION('',(-2.004830108882E-16,-0.90289521313,0.429860714775)
  );
#8289 = ORIENTED_EDGE('',*,*,#8290,.T.);
#8290 = EDGE_CURVE('',#8283,#8259,#8291,.T.);
#8291 = LINE('',#8292,#8293);
#8292 = CARTESIAN_POINT('',(3.47345E+03,3.691617857143E+03,
    2.408306998436E+03));
#8293 = VECTOR('',#8294,1.);
#8294 = DIRECTION('',(0.,-0.,-1.));
#8295 = PLANE('',#8296);
#8296 = AXIS2_PLACEMENT_3D('',#8297,#8298,#8299);
#8297 = CARTESIAN_POINT('',(3.47345E+03,6.51133291942E+03,
    2.385563996872E+03));
#8298 = DIRECTION('',(1.,-2.22044604925E-16,0.));
#8299 = DIRECTION('',(9.544825258501E-17,0.429860714775,0.90289521313));
#8300 = ADVANCED_FACE('',(#8301),#8326,.F.);
#8301 = FACE_BOUND('',#8302,.F.);
#8302 = EDGE_LOOP('',(#8303,#8313,#8319,#8320));
#8303 = ORIENTED_EDGE('',*,*,#8304,.F.);
#8304 = EDGE_CURVE('',#8305,#8307,#8309,.T.);
#8305 = VERTEX_POINT('',#8306);
#8306 = CARTESIAN_POINT('',(3.51155E+03,6.266976511103E+03,2.5019E+03));
#8307 = VERTEX_POINT('',#8308);
#8308 = CARTESIAN_POINT('',(3.51155E+03,3.691617857143E+03,
    3.728006303029E+03));
#8309 = LINE('',#8310,#8311);
#8310 = CARTESIAN_POINT('',(3.51155E+03,6.51133291942E+03,
    2.385563996872E+03));
#8311 = VECTOR('',#8312,1.);
#8312 = DIRECTION('',(-2.004830108882E-16,-0.90289521313,0.429860714775)
  );
#8313 = ORIENTED_EDGE('',*,*,#8314,.F.);
#8314 = EDGE_CURVE('',#8257,#8305,#8315,.T.);
#8315 = LINE('',#8316,#8317);
#8316 = CARTESIAN_POINT('',(3.33375E+03,6.266976511103E+03,2.5019E+03));
#8317 = VECTOR('',#8318,1.);
#8318 = DIRECTION('',(1.,-2.22044604925E-16,0.));
#8319 = ORIENTED_EDGE('',*,*,#8256,.T.);
#8320 = ORIENTED_EDGE('',*,*,#8321,.T.);
#8321 = EDGE_CURVE('',#8259,#8307,#8322,.T.);
#8322 = LINE('',#8323,#8324);
#8323 = CARTESIAN_POINT('',(3.47295E+03,3.691617857143E+03,
    3.728006303029E+03));
#8324 = VECTOR('',#8325,1.);
#8325 = DIRECTION('',(1.,-2.22044604925E-16,0.));
#8326 = PLANE('',#8327);
#8327 = AXIS2_PLACEMENT_3D('',#8328,#8329,#8330);
#8328 = CARTESIAN_POINT('',(3.47345E+03,6.51133291942E+03,
    2.385563996872E+03));
#8329 = DIRECTION('',(9.544825258501E-17,0.429860714775,0.90289521313));
#8330 = DIRECTION('',(-2.004830108882E-16,-0.90289521313,0.429860714775)
  );
#8331 = ADVANCED_FACE('',(#8332),#8350,.T.);
#8332 = FACE_BOUND('',#8333,.T.);
#8333 = EDGE_LOOP('',(#8334,#8342,#8343,#8344));
#8334 = ORIENTED_EDGE('',*,*,#8335,.F.);
#8335 = EDGE_CURVE('',#8283,#8336,#8338,.T.);
#8336 = VERTEX_POINT('',#8337);
#8337 = CARTESIAN_POINT('',(3.51155E+03,3.691617857143E+03,
    3.882730791506E+03));
#8338 = LINE('',#8339,#8340);
#8339 = CARTESIAN_POINT('',(3.47295E+03,3.691617857143E+03,
    3.882730791506E+03));
#8340 = VECTOR('',#8341,1.);
#8341 = DIRECTION('',(1.,-2.22044604925E-16,0.));
#8342 = ORIENTED_EDGE('',*,*,#8290,.T.);
#8343 = ORIENTED_EDGE('',*,*,#8321,.T.);
#8344 = ORIENTED_EDGE('',*,*,#8345,.F.);
#8345 = EDGE_CURVE('',#8336,#8307,#8346,.T.);
#8346 = LINE('',#8347,#8348);
#8347 = CARTESIAN_POINT('',(3.51155E+03,3.691617857143E+03,
    2.408306998436E+03));
#8348 = VECTOR('',#8349,1.);
#8349 = DIRECTION('',(0.,-0.,-1.));
#8350 = PLANE('',#8351);
#8351 = AXIS2_PLACEMENT_3D('',#8352,#8353,#8354);
#8352 = CARTESIAN_POINT('',(3.47245E+03,3.691617857143E+03,2.43105E+03)
  );
#8353 = DIRECTION('',(-2.22044604925E-16,-1.,0.));
#8354 = DIRECTION('',(0.,0.,1.));
#8355 = ADVANCED_FACE('',(#8356),#8374,.T.);
#8356 = FACE_BOUND('',#8357,.T.);
#8357 = EDGE_LOOP('',(#8358,#8366,#8372,#8373));
#8358 = ORIENTED_EDGE('',*,*,#8359,.F.);
#8359 = EDGE_CURVE('',#8360,#8336,#8362,.T.);
#8360 = VERTEX_POINT('',#8361);
#8361 = CARTESIAN_POINT('',(3.51155E+03,6.4262E+03,2.58081954262E+03));
#8362 = LINE('',#8363,#8364);
#8363 = CARTESIAN_POINT('',(3.51155E+03,6.571384461274E+03,
    2.511698458146E+03));
#8364 = VECTOR('',#8365,1.);
#8365 = DIRECTION('',(-2.004830108882E-16,-0.90289521313,0.429860714775)
  );
#8366 = ORIENTED_EDGE('',*,*,#8367,.T.);
#8367 = EDGE_CURVE('',#8360,#8275,#8368,.T.);
#8368 = LINE('',#8369,#8370);
#8369 = CARTESIAN_POINT('',(1.5367E+03,6.4262E+03,2.58081954262E+03));
#8370 = VECTOR('',#8371,1.);
#8371 = DIRECTION('',(-1.,4.42044604925E-16,-1.1E-16));
#8372 = ORIENTED_EDGE('',*,*,#8282,.T.);
#8373 = ORIENTED_EDGE('',*,*,#8335,.T.);
#8374 = PLANE('',#8375);
#8375 = AXIS2_PLACEMENT_3D('',#8376,#8377,#8378);
#8376 = CARTESIAN_POINT('',(3.47345E+03,6.571384461274E+03,
    2.511698458146E+03));
#8377 = DIRECTION('',(9.544825258501E-17,0.429860714775,0.90289521313));
#8378 = DIRECTION('',(-2.004830108882E-16,-0.90289521313,0.429860714775)
  );
#8379 = ADVANCED_FACE('',(#8380),#8398,.T.);
#8380 = FACE_BOUND('',#8381,.T.);
#8381 = EDGE_LOOP('',(#8382,#8390,#8391,#8392));
#8382 = ORIENTED_EDGE('',*,*,#8383,.T.);
#8383 = EDGE_CURVE('',#8384,#8267,#8386,.T.);
#8384 = VERTEX_POINT('',#8385);
#8385 = CARTESIAN_POINT('',(3.51155E+03,6.4262E+03,2.5019E+03));
#8386 = LINE('',#8387,#8388);
#8387 = CARTESIAN_POINT('',(-400.05,6.4262E+03,2.5019E+03));
#8388 = VECTOR('',#8389,1.);
#8389 = DIRECTION('',(-1.,4.42044604925E-16,0.));
#8390 = ORIENTED_EDGE('',*,*,#8274,.T.);
#8391 = ORIENTED_EDGE('',*,*,#8367,.F.);
#8392 = ORIENTED_EDGE('',*,*,#8393,.F.);
#8393 = EDGE_CURVE('',#8384,#8360,#8394,.T.);
#8394 = LINE('',#8395,#8396);
#8395 = CARTESIAN_POINT('',(3.51155E+03,6.4262E+03,2.164331998436E+03));
#8396 = VECTOR('',#8397,1.);
#8397 = DIRECTION('',(0.,0.,1.));
#8398 = PLANE('',#8399);
#8399 = AXIS2_PLACEMENT_3D('',#8400,#8401,#8402);
#8400 = CARTESIAN_POINT('',(-400.05,6.4262E+03,1.9431E+03));
#8401 = DIRECTION('',(2.22044604925E-16,1.,0.));
#8402 = DIRECTION('',(0.,0.,1.));
#8403 = ADVANCED_FACE('',(#8404),#8416,.T.);
#8404 = FACE_BOUND('',#8405,.T.);
#8405 = EDGE_LOOP('',(#8406,#8407,#8413,#8414,#8415));
#8406 = ORIENTED_EDGE('',*,*,#8304,.F.);
#8407 = ORIENTED_EDGE('',*,*,#8408,.F.);
#8408 = EDGE_CURVE('',#8384,#8305,#8409,.T.);
#8409 = LINE('',#8410,#8411);
#8410 = CARTESIAN_POINT('',(3.51155E+03,6.61799145971E+03,2.5019E+03));
#8411 = VECTOR('',#8412,1.);
#8412 = DIRECTION('',(-2.22044604925E-16,-1.,0.));
#8413 = ORIENTED_EDGE('',*,*,#8393,.T.);
#8414 = ORIENTED_EDGE('',*,*,#8359,.T.);
#8415 = ORIENTED_EDGE('',*,*,#8345,.T.);
#8416 = PLANE('',#8417);
#8417 = AXIS2_PLACEMENT_3D('',#8418,#8419,#8420);
#8418 = CARTESIAN_POINT('',(3.51155E+03,6.51133291942E+03,
    2.385563996872E+03));
#8419 = DIRECTION('',(1.,-2.22044604925E-16,0.));
#8420 = DIRECTION('',(9.544825258501E-17,0.429860714775,0.90289521313));
#8421 = ADVANCED_FACE('',(#8422),#8428,.T.);
#8422 = FACE_BOUND('',#8423,.T.);
#8423 = EDGE_LOOP('',(#8424,#8425,#8426,#8427));
#8424 = ORIENTED_EDGE('',*,*,#8383,.F.);
#8425 = ORIENTED_EDGE('',*,*,#8408,.T.);
#8426 = ORIENTED_EDGE('',*,*,#8314,.F.);
#8427 = ORIENTED_EDGE('',*,*,#8266,.F.);
#8428 = PLANE('',#8429);
#8429 = AXIS2_PLACEMENT_3D('',#8430,#8431,#8432);
#8430 = CARTESIAN_POINT('',(3.4925E+03,6.346588255551E+03,2.5019E+03));
#8431 = DIRECTION('',(0.,0.,-1.));
#8432 = DIRECTION('',(2.22044604925E-16,1.,0.));
#8433 = MANIFOLD_SOLID_BREP('',#8434);
#8434 = CLOSED_SHELL('',(#8435,#8483,#8514,#8538,#8562,#8586,#8604));
#8435 = ADVANCED_FACE('',(#8436),#8478,.F.);
#8436 = FACE_BOUND('',#8437,.F.);
#8437 = EDGE_LOOP('',(#8438,#8448,#8456,#8464,#8472));
#8438 = ORIENTED_EDGE('',*,*,#8439,.F.);
#8439 = EDGE_CURVE('',#8440,#8442,#8444,.T.);
#8440 = VERTEX_POINT('',#8441);
#8441 = CARTESIAN_POINT('',(66.853749111855,387.35,2.5019E+03));
#8442 = VERTEX_POINT('',#8443);
#8443 = CARTESIAN_POINT('',(446.9423076923,387.35,2.669931428407E+03));
#8444 = LINE('',#8445,#8446);
#8445 = CARTESIAN_POINT('',(-191.9354280235,387.35,2.387493201614E+03));
#8446 = VECTOR('',#8447,1.);
#8447 = DIRECTION('',(0.914610688653,0.,0.404335613323));
#8448 = ORIENTED_EDGE('',*,*,#8449,.F.);
#8449 = EDGE_CURVE('',#8450,#8440,#8452,.T.);
#8450 = VERTEX_POINT('',#8451);
#8451 = CARTESIAN_POINT('',(-101.6,387.35,2.5019E+03));
#8452 = LINE('',#8453,#8454);
#8453 = CARTESIAN_POINT('',(-295.9927140117,387.35,2.5019E+03));
#8454 = VECTOR('',#8455,1.);
#8455 = DIRECTION('',(1.,0.,0.));
#8456 = ORIENTED_EDGE('',*,*,#8457,.F.);
#8457 = EDGE_CURVE('',#8458,#8450,#8460,.T.);
#8458 = VERTEX_POINT('',#8459);
#8459 = CARTESIAN_POINT('',(-101.6,387.35,2.580171718147E+03));
#8460 = LINE('',#8461,#8462);
#8461 = CARTESIAN_POINT('',(-101.6,387.35,2.165296600807E+03));
#8462 = VECTOR('',#8463,1.);
#8463 = DIRECTION('',(0.,0.,-1.));
#8464 = ORIENTED_EDGE('',*,*,#8465,.T.);
#8465 = EDGE_CURVE('',#8458,#8466,#8468,.T.);
#8466 = VERTEX_POINT('',#8467);
#8467 = CARTESIAN_POINT('',(446.9423076923,387.35,2.822674012474E+03));
#8468 = LINE('',#8469,#8470);
#8469 = CARTESIAN_POINT('',(-248.4211132048,387.35,2.515264314819E+03));
#8470 = VECTOR('',#8471,1.);
#8471 = DIRECTION('',(0.914610688653,0.,0.404335613323));
#8472 = ORIENTED_EDGE('',*,*,#8473,.T.);
#8473 = EDGE_CURVE('',#8466,#8442,#8474,.T.);
#8474 = LINE('',#8475,#8476);
#8475 = CARTESIAN_POINT('',(446.9423076923,387.35,2.409271600807E+03));
#8476 = VECTOR('',#8477,1.);
#8477 = DIRECTION('',(0.,0.,-1.));
#8478 = PLANE('',#8479);
#8479 = AXIS2_PLACEMENT_3D('',#8480,#8481,#8482);
#8480 = CARTESIAN_POINT('',(-191.9354280235,387.35,2.387493201614E+03));
#8481 = DIRECTION('',(0.,1.,0.));
#8482 = DIRECTION('',(-0.404335613323,0.,0.914610688653));
#8483 = ADVANCED_FACE('',(#8484),#8509,.F.);
#8484 = FACE_BOUND('',#8485,.F.);
#8485 = EDGE_LOOP('',(#8486,#8496,#8502,#8503));
#8486 = ORIENTED_EDGE('',*,*,#8487,.F.);
#8487 = EDGE_CURVE('',#8488,#8490,#8492,.T.);
#8488 = VERTEX_POINT('',#8489);
#8489 = CARTESIAN_POINT('',(66.853749111855,425.45,2.5019E+03));
#8490 = VERTEX_POINT('',#8491);
#8491 = CARTESIAN_POINT('',(446.9423076923,425.45,2.669931428407E+03));
#8492 = LINE('',#8493,#8494);
#8493 = CARTESIAN_POINT('',(-191.9354280235,425.45,2.387493201614E+03));
#8494 = VECTOR('',#8495,1.);
#8495 = DIRECTION('',(0.914610688653,0.,0.404335613323));
#8496 = ORIENTED_EDGE('',*,*,#8497,.F.);
#8497 = EDGE_CURVE('',#8440,#8488,#8498,.T.);
#8498 = LINE('',#8499,#8500);
#8499 = CARTESIAN_POINT('',(66.853749111855,247.65,2.5019E+03));
#8500 = VECTOR('',#8501,1.);
#8501 = DIRECTION('',(0.,1.,0.));
#8502 = ORIENTED_EDGE('',*,*,#8439,.T.);
#8503 = ORIENTED_EDGE('',*,*,#8504,.T.);
#8504 = EDGE_CURVE('',#8442,#8490,#8505,.T.);
#8505 = LINE('',#8506,#8507);
#8506 = CARTESIAN_POINT('',(446.9423076923,386.85,2.669931428407E+03));
#8507 = VECTOR('',#8508,1.);
#8508 = DIRECTION('',(0.,1.,0.));
#8509 = PLANE('',#8510);
#8510 = AXIS2_PLACEMENT_3D('',#8511,#8512,#8513);
#8511 = CARTESIAN_POINT('',(-191.9354280235,387.35,2.387493201614E+03));
#8512 = DIRECTION('',(-0.404335613323,0.,0.914610688653));
#8513 = DIRECTION('',(0.914610688653,0.,0.404335613323));
#8514 = ADVANCED_FACE('',(#8515),#8533,.T.);
#8515 = FACE_BOUND('',#8516,.T.);
#8516 = EDGE_LOOP('',(#8517,#8525,#8526,#8527));
#8517 = ORIENTED_EDGE('',*,*,#8518,.F.);
#8518 = EDGE_CURVE('',#8466,#8519,#8521,.T.);
#8519 = VERTEX_POINT('',#8520);
#8520 = CARTESIAN_POINT('',(446.9423076923,425.45,2.822674012474E+03));
#8521 = LINE('',#8522,#8523);
#8522 = CARTESIAN_POINT('',(446.9423076923,386.85,2.822674012474E+03));
#8523 = VECTOR('',#8524,1.);
#8524 = DIRECTION('',(0.,1.,0.));
#8525 = ORIENTED_EDGE('',*,*,#8473,.T.);
#8526 = ORIENTED_EDGE('',*,*,#8504,.T.);
#8527 = ORIENTED_EDGE('',*,*,#8528,.F.);
#8528 = EDGE_CURVE('',#8519,#8490,#8529,.T.);
#8529 = LINE('',#8530,#8531);
#8530 = CARTESIAN_POINT('',(446.9423076923,425.45,2.409271600807E+03));
#8531 = VECTOR('',#8532,1.);
#8532 = DIRECTION('',(0.,0.,-1.));
#8533 = PLANE('',#8534);
#8534 = AXIS2_PLACEMENT_3D('',#8535,#8536,#8537);
#8535 = CARTESIAN_POINT('',(446.9423076923,386.35,2.43105E+03));
#8536 = DIRECTION('',(1.,0.,0.));
#8537 = DIRECTION('',(0.,0.,1.));
#8538 = ADVANCED_FACE('',(#8539),#8557,.T.);
#8539 = FACE_BOUND('',#8540,.T.);
#8540 = EDGE_LOOP('',(#8541,#8549,#8555,#8556));
#8541 = ORIENTED_EDGE('',*,*,#8542,.F.);
#8542 = EDGE_CURVE('',#8543,#8519,#8545,.T.);
#8543 = VERTEX_POINT('',#8544);
#8544 = CARTESIAN_POINT('',(-101.6,425.45,2.580171718147E+03));
#8545 = LINE('',#8546,#8547);
#8546 = CARTESIAN_POINT('',(-248.4211132048,425.45,2.515264314819E+03));
#8547 = VECTOR('',#8548,1.);
#8548 = DIRECTION('',(0.914610688653,0.,0.404335613323));
#8549 = ORIENTED_EDGE('',*,*,#8550,.F.);
#8550 = EDGE_CURVE('',#8458,#8543,#8551,.T.);
#8551 = LINE('',#8552,#8553);
#8552 = CARTESIAN_POINT('',(-101.6,-6.35,2.580171718147E+03));
#8553 = VECTOR('',#8554,1.);
#8554 = DIRECTION('',(0.,1.,0.));
#8555 = ORIENTED_EDGE('',*,*,#8465,.T.);
#8556 = ORIENTED_EDGE('',*,*,#8518,.T.);
#8557 = PLANE('',#8558);
#8558 = AXIS2_PLACEMENT_3D('',#8559,#8560,#8561);
#8559 = CARTESIAN_POINT('',(-248.4211132048,387.35,2.515264314819E+03));
#8560 = DIRECTION('',(-0.404335613323,0.,0.914610688653));
#8561 = DIRECTION('',(0.914610688653,0.,0.404335613323));
#8562 = ADVANCED_FACE('',(#8563),#8581,.F.);
#8563 = FACE_BOUND('',#8564,.F.);
#8564 = EDGE_LOOP('',(#8565,#8566,#8567,#8575));
#8565 = ORIENTED_EDGE('',*,*,#8550,.F.);
#8566 = ORIENTED_EDGE('',*,*,#8457,.T.);
#8567 = ORIENTED_EDGE('',*,*,#8568,.T.);
#8568 = EDGE_CURVE('',#8450,#8569,#8571,.T.);
#8569 = VERTEX_POINT('',#8570);
#8570 = CARTESIAN_POINT('',(-101.6,425.45,2.5019E+03));
#8571 = LINE('',#8572,#8573);
#8572 = CARTESIAN_POINT('',(-101.6,-400.05,2.5019E+03));
#8573 = VECTOR('',#8574,1.);
#8574 = DIRECTION('',(0.,1.,0.));
#8575 = ORIENTED_EDGE('',*,*,#8576,.F.);
#8576 = EDGE_CURVE('',#8543,#8569,#8577,.T.);
#8577 = LINE('',#8578,#8579);
#8578 = CARTESIAN_POINT('',(-101.6,425.45,2.165296600807E+03));
#8579 = VECTOR('',#8580,1.);
#8580 = DIRECTION('',(0.,0.,-1.));
#8581 = PLANE('',#8582);
#8582 = AXIS2_PLACEMENT_3D('',#8583,#8584,#8585);
#8583 = CARTESIAN_POINT('',(-101.6,-400.05,1.9431E+03));
#8584 = DIRECTION('',(1.,0.,0.));
#8585 = DIRECTION('',(0.,0.,1.));
#8586 = ADVANCED_FACE('',(#8587),#8599,.T.);
#8587 = FACE_BOUND('',#8588,.T.);
#8588 = EDGE_LOOP('',(#8589,#8590,#8596,#8597,#8598));
#8589 = ORIENTED_EDGE('',*,*,#8487,.F.);
#8590 = ORIENTED_EDGE('',*,*,#8591,.F.);
#8591 = EDGE_CURVE('',#8569,#8488,#8592,.T.);
#8592 = LINE('',#8593,#8594);
#8593 = CARTESIAN_POINT('',(-295.9927140117,425.45,2.5019E+03));
#8594 = VECTOR('',#8595,1.);
#8595 = DIRECTION('',(1.,0.,0.));
#8596 = ORIENTED_EDGE('',*,*,#8576,.F.);
#8597 = ORIENTED_EDGE('',*,*,#8542,.T.);
#8598 = ORIENTED_EDGE('',*,*,#8528,.T.);
#8599 = PLANE('',#8600);
#8600 = AXIS2_PLACEMENT_3D('',#8601,#8602,#8603);
#8601 = CARTESIAN_POINT('',(-191.9354280235,425.45,2.387493201614E+03));
#8602 = DIRECTION('',(0.,1.,0.));
#8603 = DIRECTION('',(-0.404335613323,0.,0.914610688653));
#8604 = ADVANCED_FACE('',(#8605),#8611,.T.);
#8605 = FACE_BOUND('',#8606,.T.);
#8606 = EDGE_LOOP('',(#8607,#8608,#8609,#8610));
#8607 = ORIENTED_EDGE('',*,*,#8449,.F.);
#8608 = ORIENTED_EDGE('',*,*,#8568,.T.);
#8609 = ORIENTED_EDGE('',*,*,#8591,.T.);
#8610 = ORIENTED_EDGE('',*,*,#8497,.F.);
#8611 = PLANE('',#8612);
#8612 = AXIS2_PLACEMENT_3D('',#8613,#8614,#8615);
#8613 = CARTESIAN_POINT('',(-17.37312544407,406.4,2.5019E+03));
#8614 = DIRECTION('',(-0.,-0.,-1.));
#8615 = DIRECTION('',(-1.,0.,0.));
#8616 = MANIFOLD_SOLID_BREP('',#8617);
#8617 = CLOSED_SHELL('',(#8618,#8666,#8697,#8721,#8745,#8769,#8787));
#8618 = ADVANCED_FACE('',(#8619),#8661,.F.);
#8619 = FACE_BOUND('',#8620,.F.);
#8620 = EDGE_LOOP('',(#8621,#8631,#8639,#8647,#8655));
#8621 = ORIENTED_EDGE('',*,*,#8622,.F.);
#8622 = EDGE_CURVE('',#8623,#8625,#8627,.T.);
#8623 = VERTEX_POINT('',#8624);
#8624 = CARTESIAN_POINT('',(66.853749111855,996.95,2.5019E+03));
#8625 = VERTEX_POINT('',#8626);
#8626 = CARTESIAN_POINT('',(1.103434615385E+03,996.95,2.960156792233E+03
    ));
#8627 = LINE('',#8628,#8629);
#8628 = CARTESIAN_POINT('',(-191.9354280235,996.95,2.387493201614E+03));
#8629 = VECTOR('',#8630,1.);
#8630 = DIRECTION('',(0.914610688653,0.,0.404335613323));
#8631 = ORIENTED_EDGE('',*,*,#8632,.F.);
#8632 = EDGE_CURVE('',#8633,#8623,#8635,.T.);
#8633 = VERTEX_POINT('',#8634);
#8634 = CARTESIAN_POINT('',(-101.6,996.95,2.5019E+03));
#8635 = LINE('',#8636,#8637);
#8636 = CARTESIAN_POINT('',(-295.9927140117,996.95,2.5019E+03));
#8637 = VECTOR('',#8638,1.);
#8638 = DIRECTION('',(1.,0.,0.));
#8639 = ORIENTED_EDGE('',*,*,#8640,.F.);
#8640 = EDGE_CURVE('',#8641,#8633,#8643,.T.);
#8641 = VERTEX_POINT('',#8642);
#8642 = CARTESIAN_POINT('',(-101.6,996.95,2.580171718147E+03));
#8643 = LINE('',#8644,#8645);
#8644 = CARTESIAN_POINT('',(-101.6,996.95,2.165296600807E+03));
#8645 = VECTOR('',#8646,1.);
#8646 = DIRECTION('',(0.,0.,-1.));
#8647 = ORIENTED_EDGE('',*,*,#8648,.T.);
#8648 = EDGE_CURVE('',#8641,#8649,#8651,.T.);
#8649 = VERTEX_POINT('',#8650);
#8650 = CARTESIAN_POINT('',(1.103434615385E+03,996.95,3.112899376299E+03
    ));
#8651 = LINE('',#8652,#8653);
#8652 = CARTESIAN_POINT('',(-248.4211132048,996.95,2.515264314819E+03));
#8653 = VECTOR('',#8654,1.);
#8654 = DIRECTION('',(0.914610688653,0.,0.404335613323));
#8655 = ORIENTED_EDGE('',*,*,#8656,.T.);
#8656 = EDGE_CURVE('',#8649,#8625,#8657,.T.);
#8657 = LINE('',#8658,#8659);
#8658 = CARTESIAN_POINT('',(1.103434615385E+03,996.95,2.409271600807E+03
    ));
#8659 = VECTOR('',#8660,1.);
#8660 = DIRECTION('',(0.,0.,-1.));
#8661 = PLANE('',#8662);
#8662 = AXIS2_PLACEMENT_3D('',#8663,#8664,#8665);
#8663 = CARTESIAN_POINT('',(-191.9354280235,996.95,2.387493201614E+03));
#8664 = DIRECTION('',(0.,1.,0.));
#8665 = DIRECTION('',(-0.404335613323,0.,0.914610688653));
#8666 = ADVANCED_FACE('',(#8667),#8692,.F.);
#8667 = FACE_BOUND('',#8668,.F.);
#8668 = EDGE_LOOP('',(#8669,#8679,#8685,#8686));
#8669 = ORIENTED_EDGE('',*,*,#8670,.F.);
#8670 = EDGE_CURVE('',#8671,#8673,#8675,.T.);
#8671 = VERTEX_POINT('',#8672);
#8672 = CARTESIAN_POINT('',(66.853749111855,1.03505E+03,2.5019E+03));
#8673 = VERTEX_POINT('',#8674);
#8674 = CARTESIAN_POINT('',(1.103434615385E+03,1.03505E+03,
    2.960156792233E+03));
#8675 = LINE('',#8676,#8677);
#8676 = CARTESIAN_POINT('',(-191.9354280235,1.03505E+03,
    2.387493201614E+03));
#8677 = VECTOR('',#8678,1.);
#8678 = DIRECTION('',(0.914610688653,0.,0.404335613323));
#8679 = ORIENTED_EDGE('',*,*,#8680,.F.);
#8680 = EDGE_CURVE('',#8623,#8671,#8681,.T.);
#8681 = LINE('',#8682,#8683);
#8682 = CARTESIAN_POINT('',(66.853749111855,857.25,2.5019E+03));
#8683 = VECTOR('',#8684,1.);
#8684 = DIRECTION('',(0.,1.,0.));
#8685 = ORIENTED_EDGE('',*,*,#8622,.T.);
#8686 = ORIENTED_EDGE('',*,*,#8687,.T.);
#8687 = EDGE_CURVE('',#8625,#8673,#8688,.T.);
#8688 = LINE('',#8689,#8690);
#8689 = CARTESIAN_POINT('',(1.103434615385E+03,996.45,2.960156792233E+03
    ));
#8690 = VECTOR('',#8691,1.);
#8691 = DIRECTION('',(0.,1.,0.));
#8692 = PLANE('',#8693);
#8693 = AXIS2_PLACEMENT_3D('',#8694,#8695,#8696);
#8694 = CARTESIAN_POINT('',(-191.9354280235,996.95,2.387493201614E+03));
#8695 = DIRECTION('',(-0.404335613323,0.,0.914610688653));
#8696 = DIRECTION('',(0.914610688653,0.,0.404335613323));
#8697 = ADVANCED_FACE('',(#8698),#8716,.T.);
#8698 = FACE_BOUND('',#8699,.T.);
#8699 = EDGE_LOOP('',(#8700,#8708,#8709,#8710));
#8700 = ORIENTED_EDGE('',*,*,#8701,.F.);
#8701 = EDGE_CURVE('',#8649,#8702,#8704,.T.);
#8702 = VERTEX_POINT('',#8703);
#8703 = CARTESIAN_POINT('',(1.103434615385E+03,1.03505E+03,
    3.112899376299E+03));
#8704 = LINE('',#8705,#8706);
#8705 = CARTESIAN_POINT('',(1.103434615385E+03,996.45,3.112899376299E+03
    ));
#8706 = VECTOR('',#8707,1.);
#8707 = DIRECTION('',(0.,1.,0.));
#8708 = ORIENTED_EDGE('',*,*,#8656,.T.);
#8709 = ORIENTED_EDGE('',*,*,#8687,.T.);
#8710 = ORIENTED_EDGE('',*,*,#8711,.F.);
#8711 = EDGE_CURVE('',#8702,#8673,#8712,.T.);
#8712 = LINE('',#8713,#8714);
#8713 = CARTESIAN_POINT('',(1.103434615385E+03,1.03505E+03,
    2.409271600807E+03));
#8714 = VECTOR('',#8715,1.);
#8715 = DIRECTION('',(0.,0.,-1.));
#8716 = PLANE('',#8717);
#8717 = AXIS2_PLACEMENT_3D('',#8718,#8719,#8720);
#8718 = CARTESIAN_POINT('',(1.103434615385E+03,995.95,2.43105E+03));
#8719 = DIRECTION('',(1.,0.,0.));
#8720 = DIRECTION('',(0.,0.,1.));
#8721 = ADVANCED_FACE('',(#8722),#8740,.T.);
#8722 = FACE_BOUND('',#8723,.T.);
#8723 = EDGE_LOOP('',(#8724,#8732,#8738,#8739));
#8724 = ORIENTED_EDGE('',*,*,#8725,.F.);
#8725 = EDGE_CURVE('',#8726,#8702,#8728,.T.);
#8726 = VERTEX_POINT('',#8727);
#8727 = CARTESIAN_POINT('',(-101.6,1.03505E+03,2.580171718147E+03));
#8728 = LINE('',#8729,#8730);
#8729 = CARTESIAN_POINT('',(-248.4211132048,1.03505E+03,
    2.515264314819E+03));
#8730 = VECTOR('',#8731,1.);
#8731 = DIRECTION('',(0.914610688653,0.,0.404335613323));
#8732 = ORIENTED_EDGE('',*,*,#8733,.F.);
#8733 = EDGE_CURVE('',#8641,#8726,#8734,.T.);
#8734 = LINE('',#8735,#8736);
#8735 = CARTESIAN_POINT('',(-101.6,298.45,2.580171718147E+03));
#8736 = VECTOR('',#8737,1.);
#8737 = DIRECTION('',(0.,1.,0.));
#8738 = ORIENTED_EDGE('',*,*,#8648,.T.);
#8739 = ORIENTED_EDGE('',*,*,#8701,.T.);
#8740 = PLANE('',#8741);
#8741 = AXIS2_PLACEMENT_3D('',#8742,#8743,#8744);
#8742 = CARTESIAN_POINT('',(-248.4211132048,996.95,2.515264314819E+03));
#8743 = DIRECTION('',(-0.404335613323,0.,0.914610688653));
#8744 = DIRECTION('',(0.914610688653,0.,0.404335613323));
#8745 = ADVANCED_FACE('',(#8746),#8764,.F.);
#8746 = FACE_BOUND('',#8747,.F.);
#8747 = EDGE_LOOP('',(#8748,#8749,#8750,#8758));
#8748 = ORIENTED_EDGE('',*,*,#8733,.F.);
#8749 = ORIENTED_EDGE('',*,*,#8640,.T.);
#8750 = ORIENTED_EDGE('',*,*,#8751,.T.);
#8751 = EDGE_CURVE('',#8633,#8752,#8754,.T.);
#8752 = VERTEX_POINT('',#8753);
#8753 = CARTESIAN_POINT('',(-101.6,1.03505E+03,2.5019E+03));
#8754 = LINE('',#8755,#8756);
#8755 = CARTESIAN_POINT('',(-101.6,-400.05,2.5019E+03));
#8756 = VECTOR('',#8757,1.);
#8757 = DIRECTION('',(0.,1.,0.));
#8758 = ORIENTED_EDGE('',*,*,#8759,.F.);
#8759 = EDGE_CURVE('',#8726,#8752,#8760,.T.);
#8760 = LINE('',#8761,#8762);
#8761 = CARTESIAN_POINT('',(-101.6,1.03505E+03,2.165296600807E+03));
#8762 = VECTOR('',#8763,1.);
#8763 = DIRECTION('',(0.,0.,-1.));
#8764 = PLANE('',#8765);
#8765 = AXIS2_PLACEMENT_3D('',#8766,#8767,#8768);
#8766 = CARTESIAN_POINT('',(-101.6,-400.05,1.9431E+03));
#8767 = DIRECTION('',(1.,0.,0.));
#8768 = DIRECTION('',(0.,0.,1.));
#8769 = ADVANCED_FACE('',(#8770),#8782,.T.);
#8770 = FACE_BOUND('',#8771,.T.);
#8771 = EDGE_LOOP('',(#8772,#8773,#8779,#8780,#8781));
#8772 = ORIENTED_EDGE('',*,*,#8670,.F.);
#8773 = ORIENTED_EDGE('',*,*,#8774,.F.);
#8774 = EDGE_CURVE('',#8752,#8671,#8775,.T.);
#8775 = LINE('',#8776,#8777);
#8776 = CARTESIAN_POINT('',(-295.9927140117,1.03505E+03,2.5019E+03));
#8777 = VECTOR('',#8778,1.);
#8778 = DIRECTION('',(1.,0.,0.));
#8779 = ORIENTED_EDGE('',*,*,#8759,.F.);
#8780 = ORIENTED_EDGE('',*,*,#8725,.T.);
#8781 = ORIENTED_EDGE('',*,*,#8711,.T.);
#8782 = PLANE('',#8783);
#8783 = AXIS2_PLACEMENT_3D('',#8784,#8785,#8786);
#8784 = CARTESIAN_POINT('',(-191.9354280235,1.03505E+03,
    2.387493201614E+03));
#8785 = DIRECTION('',(0.,1.,0.));
#8786 = DIRECTION('',(-0.404335613323,0.,0.914610688653));
#8787 = ADVANCED_FACE('',(#8788),#8794,.T.);
#8788 = FACE_BOUND('',#8789,.T.);
#8789 = EDGE_LOOP('',(#8790,#8791,#8792,#8793));
#8790 = ORIENTED_EDGE('',*,*,#8632,.F.);
#8791 = ORIENTED_EDGE('',*,*,#8751,.T.);
#8792 = ORIENTED_EDGE('',*,*,#8774,.T.);
#8793 = ORIENTED_EDGE('',*,*,#8680,.F.);
#8794 = PLANE('',#8795);
#8795 = AXIS2_PLACEMENT_3D('',#8796,#8797,#8798);
#8796 = CARTESIAN_POINT('',(-17.37312544407,1.016E+03,2.5019E+03));
#8797 = DIRECTION('',(-0.,-0.,-1.));
#8798 = DIRECTION('',(-1.,0.,0.));
#8799 = MANIFOLD_SOLID_BREP('',#8800);
#8800 = CLOSED_SHELL('',(#8801,#8849,#8880,#8904,#8928,#8952,#8970));
#8801 = ADVANCED_FACE('',(#8802),#8844,.F.);
#8802 = FACE_BOUND('',#8803,.F.);
#8803 = EDGE_LOOP('',(#8804,#8814,#8822,#8830,#8838));
#8804 = ORIENTED_EDGE('',*,*,#8805,.F.);
#8805 = EDGE_CURVE('',#8806,#8808,#8810,.T.);
#8806 = VERTEX_POINT('',#8807);
#8807 = CARTESIAN_POINT('',(66.853749111855,1.60655E+03,2.5019E+03));
#8808 = VERTEX_POINT('',#8809);
#8809 = CARTESIAN_POINT('',(1.759926923077E+03,1.60655E+03,
    3.250382156058E+03));
#8810 = LINE('',#8811,#8812);
#8811 = CARTESIAN_POINT('',(-191.9354280235,1.60655E+03,
    2.387493201614E+03));
#8812 = VECTOR('',#8813,1.);
#8813 = DIRECTION('',(0.914610688653,0.,0.404335613323));
#8814 = ORIENTED_EDGE('',*,*,#8815,.F.);
#8815 = EDGE_CURVE('',#8816,#8806,#8818,.T.);
#8816 = VERTEX_POINT('',#8817);
#8817 = CARTESIAN_POINT('',(-101.6,1.60655E+03,2.5019E+03));
#8818 = LINE('',#8819,#8820);
#8819 = CARTESIAN_POINT('',(-295.9927140117,1.60655E+03,2.5019E+03));
#8820 = VECTOR('',#8821,1.);
#8821 = DIRECTION('',(1.,0.,0.));
#8822 = ORIENTED_EDGE('',*,*,#8823,.F.);
#8823 = EDGE_CURVE('',#8824,#8816,#8826,.T.);
#8824 = VERTEX_POINT('',#8825);
#8825 = CARTESIAN_POINT('',(-101.6,1.60655E+03,2.580171718147E+03));
#8826 = LINE('',#8827,#8828);
#8827 = CARTESIAN_POINT('',(-101.6,1.60655E+03,2.165296600807E+03));
#8828 = VECTOR('',#8829,1.);
#8829 = DIRECTION('',(0.,0.,-1.));
#8830 = ORIENTED_EDGE('',*,*,#8831,.T.);
#8831 = EDGE_CURVE('',#8824,#8832,#8834,.T.);
#8832 = VERTEX_POINT('',#8833);
#8833 = CARTESIAN_POINT('',(1.759926923077E+03,1.60655E+03,
    3.403124740125E+03));
#8834 = LINE('',#8835,#8836);
#8835 = CARTESIAN_POINT('',(-248.4211132048,1.60655E+03,
    2.515264314819E+03));
#8836 = VECTOR('',#8837,1.);
#8837 = DIRECTION('',(0.914610688653,0.,0.404335613323));
#8838 = ORIENTED_EDGE('',*,*,#8839,.T.);
#8839 = EDGE_CURVE('',#8832,#8808,#8840,.T.);
#8840 = LINE('',#8841,#8842);
#8841 = CARTESIAN_POINT('',(1.759926923077E+03,1.60655E+03,
    2.409271600807E+03));
#8842 = VECTOR('',#8843,1.);
#8843 = DIRECTION('',(0.,0.,-1.));
#8844 = PLANE('',#8845);
#8845 = AXIS2_PLACEMENT_3D('',#8846,#8847,#8848);
#8846 = CARTESIAN_POINT('',(-191.9354280235,1.60655E+03,
    2.387493201614E+03));
#8847 = DIRECTION('',(0.,1.,0.));
#8848 = DIRECTION('',(-0.404335613323,0.,0.914610688653));
#8849 = ADVANCED_FACE('',(#8850),#8875,.F.);
#8850 = FACE_BOUND('',#8851,.F.);
#8851 = EDGE_LOOP('',(#8852,#8862,#8868,#8869));
#8852 = ORIENTED_EDGE('',*,*,#8853,.F.);
#8853 = EDGE_CURVE('',#8854,#8856,#8858,.T.);
#8854 = VERTEX_POINT('',#8855);
#8855 = CARTESIAN_POINT('',(66.853749111855,1.64465E+03,2.5019E+03));
#8856 = VERTEX_POINT('',#8857);
#8857 = CARTESIAN_POINT('',(1.759926923077E+03,1.64465E+03,
    3.250382156058E+03));
#8858 = LINE('',#8859,#8860);
#8859 = CARTESIAN_POINT('',(-191.9354280235,1.64465E+03,
    2.387493201614E+03));
#8860 = VECTOR('',#8861,1.);
#8861 = DIRECTION('',(0.914610688653,0.,0.404335613323));
#8862 = ORIENTED_EDGE('',*,*,#8863,.F.);
#8863 = EDGE_CURVE('',#8806,#8854,#8864,.T.);
#8864 = LINE('',#8865,#8866);
#8865 = CARTESIAN_POINT('',(66.853749111855,1.46685E+03,2.5019E+03));
#8866 = VECTOR('',#8867,1.);
#8867 = DIRECTION('',(0.,1.,0.));
#8868 = ORIENTED_EDGE('',*,*,#8805,.T.);
#8869 = ORIENTED_EDGE('',*,*,#8870,.T.);
#8870 = EDGE_CURVE('',#8808,#8856,#8871,.T.);
#8871 = LINE('',#8872,#8873);
#8872 = CARTESIAN_POINT('',(1.759926923077E+03,1.60605E+03,
    3.250382156058E+03));
#8873 = VECTOR('',#8874,1.);
#8874 = DIRECTION('',(0.,1.,0.));
#8875 = PLANE('',#8876);
#8876 = AXIS2_PLACEMENT_3D('',#8877,#8878,#8879);
#8877 = CARTESIAN_POINT('',(-191.9354280235,1.60655E+03,
    2.387493201614E+03));
#8878 = DIRECTION('',(-0.404335613323,0.,0.914610688653));
#8879 = DIRECTION('',(0.914610688653,0.,0.404335613323));
#8880 = ADVANCED_FACE('',(#8881),#8899,.T.);
#8881 = FACE_BOUND('',#8882,.T.);
#8882 = EDGE_LOOP('',(#8883,#8891,#8892,#8893));
#8883 = ORIENTED_EDGE('',*,*,#8884,.F.);
#8884 = EDGE_CURVE('',#8832,#8885,#8887,.T.);
#8885 = VERTEX_POINT('',#8886);
#8886 = CARTESIAN_POINT('',(1.759926923077E+03,1.64465E+03,
    3.403124740125E+03));
#8887 = LINE('',#8888,#8889);
#8888 = CARTESIAN_POINT('',(1.759926923077E+03,1.60605E+03,
    3.403124740125E+03));
#8889 = VECTOR('',#8890,1.);
#8890 = DIRECTION('',(0.,1.,0.));
#8891 = ORIENTED_EDGE('',*,*,#8839,.T.);
#8892 = ORIENTED_EDGE('',*,*,#8870,.T.);
#8893 = ORIENTED_EDGE('',*,*,#8894,.F.);
#8894 = EDGE_CURVE('',#8885,#8856,#8895,.T.);
#8895 = LINE('',#8896,#8897);
#8896 = CARTESIAN_POINT('',(1.759926923077E+03,1.64465E+03,
    2.409271600807E+03));
#8897 = VECTOR('',#8898,1.);
#8898 = DIRECTION('',(0.,0.,-1.));
#8899 = PLANE('',#8900);
#8900 = AXIS2_PLACEMENT_3D('',#8901,#8902,#8903);
#8901 = CARTESIAN_POINT('',(1.759926923077E+03,1.60555E+03,2.43105E+03)
  );
#8902 = DIRECTION('',(1.,0.,0.));
#8903 = DIRECTION('',(0.,0.,1.));
#8904 = ADVANCED_FACE('',(#8905),#8923,.T.);
#8905 = FACE_BOUND('',#8906,.T.);
#8906 = EDGE_LOOP('',(#8907,#8915,#8921,#8922));
#8907 = ORIENTED_EDGE('',*,*,#8908,.F.);
#8908 = EDGE_CURVE('',#8909,#8885,#8911,.T.);
#8909 = VERTEX_POINT('',#8910);
#8910 = CARTESIAN_POINT('',(-101.6,1.64465E+03,2.580171718147E+03));
#8911 = LINE('',#8912,#8913);
#8912 = CARTESIAN_POINT('',(-248.4211132048,1.64465E+03,
    2.515264314819E+03));
#8913 = VECTOR('',#8914,1.);
#8914 = DIRECTION('',(0.914610688653,0.,0.404335613323));
#8915 = ORIENTED_EDGE('',*,*,#8916,.F.);
#8916 = EDGE_CURVE('',#8824,#8909,#8917,.T.);
#8917 = LINE('',#8918,#8919);
#8918 = CARTESIAN_POINT('',(-101.6,603.25,2.580171718147E+03));
#8919 = VECTOR('',#8920,1.);
#8920 = DIRECTION('',(0.,1.,0.));
#8921 = ORIENTED_EDGE('',*,*,#8831,.T.);
#8922 = ORIENTED_EDGE('',*,*,#8884,.T.);
#8923 = PLANE('',#8924);
#8924 = AXIS2_PLACEMENT_3D('',#8925,#8926,#8927);
#8925 = CARTESIAN_POINT('',(-248.4211132048,1.60655E+03,
    2.515264314819E+03));
#8926 = DIRECTION('',(-0.404335613323,0.,0.914610688653));
#8927 = DIRECTION('',(0.914610688653,0.,0.404335613323));
#8928 = ADVANCED_FACE('',(#8929),#8947,.F.);
#8929 = FACE_BOUND('',#8930,.F.);
#8930 = EDGE_LOOP('',(#8931,#8932,#8933,#8941));
#8931 = ORIENTED_EDGE('',*,*,#8916,.F.);
#8932 = ORIENTED_EDGE('',*,*,#8823,.T.);
#8933 = ORIENTED_EDGE('',*,*,#8934,.T.);
#8934 = EDGE_CURVE('',#8816,#8935,#8937,.T.);
#8935 = VERTEX_POINT('',#8936);
#8936 = CARTESIAN_POINT('',(-101.6,1.64465E+03,2.5019E+03));
#8937 = LINE('',#8938,#8939);
#8938 = CARTESIAN_POINT('',(-101.6,-400.05,2.5019E+03));
#8939 = VECTOR('',#8940,1.);
#8940 = DIRECTION('',(0.,1.,0.));
#8941 = ORIENTED_EDGE('',*,*,#8942,.F.);
#8942 = EDGE_CURVE('',#8909,#8935,#8943,.T.);
#8943 = LINE('',#8944,#8945);
#8944 = CARTESIAN_POINT('',(-101.6,1.64465E+03,2.165296600807E+03));
#8945 = VECTOR('',#8946,1.);
#8946 = DIRECTION('',(0.,0.,-1.));
#8947 = PLANE('',#8948);
#8948 = AXIS2_PLACEMENT_3D('',#8949,#8950,#8951);
#8949 = CARTESIAN_POINT('',(-101.6,-400.05,1.9431E+03));
#8950 = DIRECTION('',(1.,0.,0.));
#8951 = DIRECTION('',(0.,0.,1.));
#8952 = ADVANCED_FACE('',(#8953),#8965,.T.);
#8953 = FACE_BOUND('',#8954,.T.);
#8954 = EDGE_LOOP('',(#8955,#8956,#8962,#8963,#8964));
#8955 = ORIENTED_EDGE('',*,*,#8853,.F.);
#8956 = ORIENTED_EDGE('',*,*,#8957,.F.);
#8957 = EDGE_CURVE('',#8935,#8854,#8958,.T.);
#8958 = LINE('',#8959,#8960);
#8959 = CARTESIAN_POINT('',(-295.9927140117,1.64465E+03,2.5019E+03));
#8960 = VECTOR('',#8961,1.);
#8961 = DIRECTION('',(1.,0.,0.));
#8962 = ORIENTED_EDGE('',*,*,#8942,.F.);
#8963 = ORIENTED_EDGE('',*,*,#8908,.T.);
#8964 = ORIENTED_EDGE('',*,*,#8894,.T.);
#8965 = PLANE('',#8966);
#8966 = AXIS2_PLACEMENT_3D('',#8967,#8968,#8969);
#8967 = CARTESIAN_POINT('',(-191.9354280235,1.64465E+03,
    2.387493201614E+03));
#8968 = DIRECTION('',(0.,1.,0.));
#8969 = DIRECTION('',(-0.404335613323,0.,0.914610688653));
#8970 = ADVANCED_FACE('',(#8971),#8977,.T.);
#8971 = FACE_BOUND('',#8972,.T.);
#8972 = EDGE_LOOP('',(#8973,#8974,#8975,#8976));
#8973 = ORIENTED_EDGE('',*,*,#8815,.F.);
#8974 = ORIENTED_EDGE('',*,*,#8934,.T.);
#8975 = ORIENTED_EDGE('',*,*,#8957,.T.);
#8976 = ORIENTED_EDGE('',*,*,#8863,.F.);
#8977 = PLANE('',#8978);
#8978 = AXIS2_PLACEMENT_3D('',#8979,#8980,#8981);
#8979 = CARTESIAN_POINT('',(-17.37312544407,1.6256E+03,2.5019E+03));
#8980 = DIRECTION('',(-0.,-0.,-1.));
#8981 = DIRECTION('',(-1.,0.,0.));
#8982 = MANIFOLD_SOLID_BREP('',#8983);
#8983 = CLOSED_SHELL('',(#8984,#9032,#9063,#9087,#9111,#9135,#9153));
#8984 = ADVANCED_FACE('',(#8985),#9027,.F.);
#8985 = FACE_BOUND('',#8986,.F.);
#8986 = EDGE_LOOP('',(#8987,#8997,#9005,#9013,#9021));
#8987 = ORIENTED_EDGE('',*,*,#8988,.F.);
#8988 = EDGE_CURVE('',#8989,#8991,#8993,.T.);
#8989 = VERTEX_POINT('',#8990);
#8990 = CARTESIAN_POINT('',(66.853749111855,2.21615E+03,2.5019E+03));
#8991 = VERTEX_POINT('',#8992);
#8992 = CARTESIAN_POINT('',(2.416419230769E+03,2.21615E+03,
    3.540607519883E+03));
#8993 = LINE('',#8994,#8995);
#8994 = CARTESIAN_POINT('',(-191.9354280235,2.21615E+03,
    2.387493201614E+03));
#8995 = VECTOR('',#8996,1.);
#8996 = DIRECTION('',(0.914610688653,0.,0.404335613323));
#8997 = ORIENTED_EDGE('',*,*,#8998,.F.);
#8998 = EDGE_CURVE('',#8999,#8989,#9001,.T.);
#8999 = VERTEX_POINT('',#9000);
#9000 = CARTESIAN_POINT('',(-101.6,2.21615E+03,2.5019E+03));
#9001 = LINE('',#9002,#9003);
#9002 = CARTESIAN_POINT('',(-295.9927140117,2.21615E+03,2.5019E+03));
#9003 = VECTOR('',#9004,1.);
#9004 = DIRECTION('',(1.,0.,0.));
#9005 = ORIENTED_EDGE('',*,*,#9006,.F.);
#9006 = EDGE_CURVE('',#9007,#8999,#9009,.T.);
#9007 = VERTEX_POINT('',#9008);
#9008 = CARTESIAN_POINT('',(-101.6,2.21615E+03,2.580171718147E+03));
#9009 = LINE('',#9010,#9011);
#9010 = CARTESIAN_POINT('',(-101.6,2.21615E+03,2.165296600807E+03));
#9011 = VECTOR('',#9012,1.);
#9012 = DIRECTION('',(0.,0.,-1.));
#9013 = ORIENTED_EDGE('',*,*,#9014,.T.);
#9014 = EDGE_CURVE('',#9007,#9015,#9017,.T.);
#9015 = VERTEX_POINT('',#9016);
#9016 = CARTESIAN_POINT('',(2.416419230769E+03,2.21615E+03,
    3.69335010395E+03));
#9017 = LINE('',#9018,#9019);
#9018 = CARTESIAN_POINT('',(-248.4211132048,2.21615E+03,
    2.515264314819E+03));
#9019 = VECTOR('',#9020,1.);
#9020 = DIRECTION('',(0.914610688653,0.,0.404335613323));
#9021 = ORIENTED_EDGE('',*,*,#9022,.T.);
#9022 = EDGE_CURVE('',#9015,#8991,#9023,.T.);
#9023 = LINE('',#9024,#9025);
#9024 = CARTESIAN_POINT('',(2.416419230769E+03,2.21615E+03,
    2.409271600807E+03));
#9025 = VECTOR('',#9026,1.);
#9026 = DIRECTION('',(0.,0.,-1.));
#9027 = PLANE('',#9028);
#9028 = AXIS2_PLACEMENT_3D('',#9029,#9030,#9031);
#9029 = CARTESIAN_POINT('',(-191.9354280235,2.21615E+03,
    2.387493201614E+03));
#9030 = DIRECTION('',(0.,1.,0.));
#9031 = DIRECTION('',(-0.404335613323,0.,0.914610688653));
#9032 = ADVANCED_FACE('',(#9033),#9058,.F.);
#9033 = FACE_BOUND('',#9034,.F.);
#9034 = EDGE_LOOP('',(#9035,#9045,#9051,#9052));
#9035 = ORIENTED_EDGE('',*,*,#9036,.F.);
#9036 = EDGE_CURVE('',#9037,#9039,#9041,.T.);
#9037 = VERTEX_POINT('',#9038);
#9038 = CARTESIAN_POINT('',(66.853749111855,2.25425E+03,2.5019E+03));
#9039 = VERTEX_POINT('',#9040);
#9040 = CARTESIAN_POINT('',(2.416419230769E+03,2.25425E+03,
    3.540607519883E+03));
#9041 = LINE('',#9042,#9043);
#9042 = CARTESIAN_POINT('',(-191.9354280235,2.25425E+03,
    2.387493201614E+03));
#9043 = VECTOR('',#9044,1.);
#9044 = DIRECTION('',(0.914610688653,0.,0.404335613323));
#9045 = ORIENTED_EDGE('',*,*,#9046,.F.);
#9046 = EDGE_CURVE('',#8989,#9037,#9047,.T.);
#9047 = LINE('',#9048,#9049);
#9048 = CARTESIAN_POINT('',(66.853749111855,2.07645E+03,2.5019E+03));
#9049 = VECTOR('',#9050,1.);
#9050 = DIRECTION('',(0.,1.,0.));
#9051 = ORIENTED_EDGE('',*,*,#8988,.T.);
#9052 = ORIENTED_EDGE('',*,*,#9053,.T.);
#9053 = EDGE_CURVE('',#8991,#9039,#9054,.T.);
#9054 = LINE('',#9055,#9056);
#9055 = CARTESIAN_POINT('',(2.416419230769E+03,2.21565E+03,
    3.540607519883E+03));
#9056 = VECTOR('',#9057,1.);
#9057 = DIRECTION('',(0.,1.,0.));
#9058 = PLANE('',#9059);
#9059 = AXIS2_PLACEMENT_3D('',#9060,#9061,#9062);
#9060 = CARTESIAN_POINT('',(-191.9354280235,2.21615E+03,
    2.387493201614E+03));
#9061 = DIRECTION('',(-0.404335613323,0.,0.914610688653));
#9062 = DIRECTION('',(0.914610688653,0.,0.404335613323));
#9063 = ADVANCED_FACE('',(#9064),#9082,.T.);
#9064 = FACE_BOUND('',#9065,.T.);
#9065 = EDGE_LOOP('',(#9066,#9074,#9075,#9076));
#9066 = ORIENTED_EDGE('',*,*,#9067,.F.);
#9067 = EDGE_CURVE('',#9015,#9068,#9070,.T.);
#9068 = VERTEX_POINT('',#9069);
#9069 = CARTESIAN_POINT('',(2.416419230769E+03,2.25425E+03,
    3.69335010395E+03));
#9070 = LINE('',#9071,#9072);
#9071 = CARTESIAN_POINT('',(2.416419230769E+03,2.21565E+03,
    3.69335010395E+03));
#9072 = VECTOR('',#9073,1.);
#9073 = DIRECTION('',(0.,1.,0.));
#9074 = ORIENTED_EDGE('',*,*,#9022,.T.);
#9075 = ORIENTED_EDGE('',*,*,#9053,.T.);
#9076 = ORIENTED_EDGE('',*,*,#9077,.F.);
#9077 = EDGE_CURVE('',#9068,#9039,#9078,.T.);
#9078 = LINE('',#9079,#9080);
#9079 = CARTESIAN_POINT('',(2.416419230769E+03,2.25425E+03,
    2.409271600807E+03));
#9080 = VECTOR('',#9081,1.);
#9081 = DIRECTION('',(0.,0.,-1.));
#9082 = PLANE('',#9083);
#9083 = AXIS2_PLACEMENT_3D('',#9084,#9085,#9086);
#9084 = CARTESIAN_POINT('',(2.416419230769E+03,2.21515E+03,2.43105E+03)
  );
#9085 = DIRECTION('',(1.,0.,0.));
#9086 = DIRECTION('',(0.,0.,1.));
#9087 = ADVANCED_FACE('',(#9088),#9106,.T.);
#9088 = FACE_BOUND('',#9089,.T.);
#9089 = EDGE_LOOP('',(#9090,#9098,#9104,#9105));
#9090 = ORIENTED_EDGE('',*,*,#9091,.F.);
#9091 = EDGE_CURVE('',#9092,#9068,#9094,.T.);
#9092 = VERTEX_POINT('',#9093);
#9093 = CARTESIAN_POINT('',(-101.6,2.25425E+03,2.580171718147E+03));
#9094 = LINE('',#9095,#9096);
#9095 = CARTESIAN_POINT('',(-248.4211132048,2.25425E+03,
    2.515264314819E+03));
#9096 = VECTOR('',#9097,1.);
#9097 = DIRECTION('',(0.914610688653,0.,0.404335613323));
#9098 = ORIENTED_EDGE('',*,*,#9099,.F.);
#9099 = EDGE_CURVE('',#9007,#9092,#9100,.T.);
#9100 = LINE('',#9101,#9102);
#9101 = CARTESIAN_POINT('',(-101.6,908.05,2.580171718147E+03));
#9102 = VECTOR('',#9103,1.);
#9103 = DIRECTION('',(0.,1.,0.));
#9104 = ORIENTED_EDGE('',*,*,#9014,.T.);
#9105 = ORIENTED_EDGE('',*,*,#9067,.T.);
#9106 = PLANE('',#9107);
#9107 = AXIS2_PLACEMENT_3D('',#9108,#9109,#9110);
#9108 = CARTESIAN_POINT('',(-248.4211132048,2.21615E+03,
    2.515264314819E+03));
#9109 = DIRECTION('',(-0.404335613323,0.,0.914610688653));
#9110 = DIRECTION('',(0.914610688653,0.,0.404335613323));
#9111 = ADVANCED_FACE('',(#9112),#9130,.F.);
#9112 = FACE_BOUND('',#9113,.F.);
#9113 = EDGE_LOOP('',(#9114,#9115,#9116,#9124));
#9114 = ORIENTED_EDGE('',*,*,#9099,.F.);
#9115 = ORIENTED_EDGE('',*,*,#9006,.T.);
#9116 = ORIENTED_EDGE('',*,*,#9117,.T.);
#9117 = EDGE_CURVE('',#8999,#9118,#9120,.T.);
#9118 = VERTEX_POINT('',#9119);
#9119 = CARTESIAN_POINT('',(-101.6,2.25425E+03,2.5019E+03));
#9120 = LINE('',#9121,#9122);
#9121 = CARTESIAN_POINT('',(-101.6,-400.05,2.5019E+03));
#9122 = VECTOR('',#9123,1.);
#9123 = DIRECTION('',(0.,1.,0.));
#9124 = ORIENTED_EDGE('',*,*,#9125,.F.);
#9125 = EDGE_CURVE('',#9092,#9118,#9126,.T.);
#9126 = LINE('',#9127,#9128);
#9127 = CARTESIAN_POINT('',(-101.6,2.25425E+03,2.165296600807E+03));
#9128 = VECTOR('',#9129,1.);
#9129 = DIRECTION('',(0.,0.,-1.));
#9130 = PLANE('',#9131);
#9131 = AXIS2_PLACEMENT_3D('',#9132,#9133,#9134);
#9132 = CARTESIAN_POINT('',(-101.6,-400.05,1.9431E+03));
#9133 = DIRECTION('',(1.,0.,0.));
#9134 = DIRECTION('',(0.,0.,1.));
#9135 = ADVANCED_FACE('',(#9136),#9148,.T.);
#9136 = FACE_BOUND('',#9137,.T.);
#9137 = EDGE_LOOP('',(#9138,#9139,#9145,#9146,#9147));
#9138 = ORIENTED_EDGE('',*,*,#9036,.F.);
#9139 = ORIENTED_EDGE('',*,*,#9140,.F.);
#9140 = EDGE_CURVE('',#9118,#9037,#9141,.T.);
#9141 = LINE('',#9142,#9143);
#9142 = CARTESIAN_POINT('',(-295.9927140117,2.25425E+03,2.5019E+03));
#9143 = VECTOR('',#9144,1.);
#9144 = DIRECTION('',(1.,0.,0.));
#9145 = ORIENTED_EDGE('',*,*,#9125,.F.);
#9146 = ORIENTED_EDGE('',*,*,#9091,.T.);
#9147 = ORIENTED_EDGE('',*,*,#9077,.T.);
#9148 = PLANE('',#9149);
#9149 = AXIS2_PLACEMENT_3D('',#9150,#9151,#9152);
#9150 = CARTESIAN_POINT('',(-191.9354280235,2.25425E+03,
    2.387493201614E+03));
#9151 = DIRECTION('',(0.,1.,0.));
#9152 = DIRECTION('',(-0.404335613323,0.,0.914610688653));
#9153 = ADVANCED_FACE('',(#9154),#9160,.T.);
#9154 = FACE_BOUND('',#9155,.T.);
#9155 = EDGE_LOOP('',(#9156,#9157,#9158,#9159));
#9156 = ORIENTED_EDGE('',*,*,#8998,.F.);
#9157 = ORIENTED_EDGE('',*,*,#9117,.T.);
#9158 = ORIENTED_EDGE('',*,*,#9140,.T.);
#9159 = ORIENTED_EDGE('',*,*,#9046,.F.);
#9160 = PLANE('',#9161);
#9161 = AXIS2_PLACEMENT_3D('',#9162,#9163,#9164);
#9162 = CARTESIAN_POINT('',(-17.37312544407,2.2352E+03,2.5019E+03));
#9163 = DIRECTION('',(-0.,-0.,-1.));
#9164 = DIRECTION('',(-1.,0.,0.));
#9165 = MANIFOLD_SOLID_BREP('',#9166);
#9166 = CLOSED_SHELL('',(#9167,#9215,#9246,#9270,#9294,#9318,#9336));
#9167 = ADVANCED_FACE('',(#9168),#9210,.F.);
#9168 = FACE_BOUND('',#9169,.F.);
#9169 = EDGE_LOOP('',(#9170,#9180,#9188,#9196,#9204));
#9170 = ORIENTED_EDGE('',*,*,#9171,.F.);
#9171 = EDGE_CURVE('',#9172,#9174,#9176,.T.);
#9172 = VERTEX_POINT('',#9173);
#9173 = CARTESIAN_POINT('',(66.853749111855,2.82575E+03,2.5019E+03));
#9174 = VERTEX_POINT('',#9175);
#9175 = CARTESIAN_POINT('',(3.072911538462E+03,2.82575E+03,
    3.830832883709E+03));
#9176 = LINE('',#9177,#9178);
#9177 = CARTESIAN_POINT('',(-191.9354280235,2.82575E+03,
    2.387493201614E+03));
#9178 = VECTOR('',#9179,1.);
#9179 = DIRECTION('',(0.914610688653,0.,0.404335613323));
#9180 = ORIENTED_EDGE('',*,*,#9181,.F.);
#9181 = EDGE_CURVE('',#9182,#9172,#9184,.T.);
#9182 = VERTEX_POINT('',#9183);
#9183 = CARTESIAN_POINT('',(-101.6,2.82575E+03,2.5019E+03));
#9184 = LINE('',#9185,#9186);
#9185 = CARTESIAN_POINT('',(-295.9927140117,2.82575E+03,2.5019E+03));
#9186 = VECTOR('',#9187,1.);
#9187 = DIRECTION('',(1.,0.,0.));
#9188 = ORIENTED_EDGE('',*,*,#9189,.F.);
#9189 = EDGE_CURVE('',#9190,#9182,#9192,.T.);
#9190 = VERTEX_POINT('',#9191);
#9191 = CARTESIAN_POINT('',(-101.6,2.82575E+03,2.580171718147E+03));
#9192 = LINE('',#9193,#9194);
#9193 = CARTESIAN_POINT('',(-101.6,2.82575E+03,2.165296600807E+03));
#9194 = VECTOR('',#9195,1.);
#9195 = DIRECTION('',(0.,0.,-1.));
#9196 = ORIENTED_EDGE('',*,*,#9197,.T.);
#9197 = EDGE_CURVE('',#9190,#9198,#9200,.T.);
#9198 = VERTEX_POINT('',#9199);
#9199 = CARTESIAN_POINT('',(3.072911538462E+03,2.82575E+03,
    3.983575467775E+03));
#9200 = LINE('',#9201,#9202);
#9201 = CARTESIAN_POINT('',(-248.4211132048,2.82575E+03,
    2.515264314819E+03));
#9202 = VECTOR('',#9203,1.);
#9203 = DIRECTION('',(0.914610688653,0.,0.404335613323));
#9204 = ORIENTED_EDGE('',*,*,#9205,.T.);
#9205 = EDGE_CURVE('',#9198,#9174,#9206,.T.);
#9206 = LINE('',#9207,#9208);
#9207 = CARTESIAN_POINT('',(3.072911538462E+03,2.82575E+03,
    2.409271600807E+03));
#9208 = VECTOR('',#9209,1.);
#9209 = DIRECTION('',(0.,0.,-1.));
#9210 = PLANE('',#9211);
#9211 = AXIS2_PLACEMENT_3D('',#9212,#9213,#9214);
#9212 = CARTESIAN_POINT('',(-191.9354280235,2.82575E+03,
    2.387493201614E+03));
#9213 = DIRECTION('',(0.,1.,0.));
#9214 = DIRECTION('',(-0.404335613323,0.,0.914610688653));
#9215 = ADVANCED_FACE('',(#9216),#9241,.F.);
#9216 = FACE_BOUND('',#9217,.F.);
#9217 = EDGE_LOOP('',(#9218,#9228,#9234,#9235));
#9218 = ORIENTED_EDGE('',*,*,#9219,.F.);
#9219 = EDGE_CURVE('',#9220,#9222,#9224,.T.);
#9220 = VERTEX_POINT('',#9221);
#9221 = CARTESIAN_POINT('',(66.853749111855,2.86385E+03,2.5019E+03));
#9222 = VERTEX_POINT('',#9223);
#9223 = CARTESIAN_POINT('',(3.072911538462E+03,2.86385E+03,
    3.830832883709E+03));
#9224 = LINE('',#9225,#9226);
#9225 = CARTESIAN_POINT('',(-191.9354280235,2.86385E+03,
    2.387493201614E+03));
#9226 = VECTOR('',#9227,1.);
#9227 = DIRECTION('',(0.914610688653,0.,0.404335613323));
#9228 = ORIENTED_EDGE('',*,*,#9229,.F.);
#9229 = EDGE_CURVE('',#9172,#9220,#9230,.T.);
#9230 = LINE('',#9231,#9232);
#9231 = CARTESIAN_POINT('',(66.853749111855,2.68605E+03,2.5019E+03));
#9232 = VECTOR('',#9233,1.);
#9233 = DIRECTION('',(0.,1.,0.));
#9234 = ORIENTED_EDGE('',*,*,#9171,.T.);
#9235 = ORIENTED_EDGE('',*,*,#9236,.T.);
#9236 = EDGE_CURVE('',#9174,#9222,#9237,.T.);
#9237 = LINE('',#9238,#9239);
#9238 = CARTESIAN_POINT('',(3.072911538462E+03,2.82525E+03,
    3.830832883709E+03));
#9239 = VECTOR('',#9240,1.);
#9240 = DIRECTION('',(0.,1.,0.));
#9241 = PLANE('',#9242);
#9242 = AXIS2_PLACEMENT_3D('',#9243,#9244,#9245);
#9243 = CARTESIAN_POINT('',(-191.9354280235,2.82575E+03,
    2.387493201614E+03));
#9244 = DIRECTION('',(-0.404335613323,0.,0.914610688653));
#9245 = DIRECTION('',(0.914610688653,0.,0.404335613323));
#9246 = ADVANCED_FACE('',(#9247),#9265,.T.);
#9247 = FACE_BOUND('',#9248,.T.);
#9248 = EDGE_LOOP('',(#9249,#9257,#9258,#9259));
#9249 = ORIENTED_EDGE('',*,*,#9250,.F.);
#9250 = EDGE_CURVE('',#9198,#9251,#9253,.T.);
#9251 = VERTEX_POINT('',#9252);
#9252 = CARTESIAN_POINT('',(3.072911538462E+03,2.86385E+03,
    3.983575467775E+03));
#9253 = LINE('',#9254,#9255);
#9254 = CARTESIAN_POINT('',(3.072911538462E+03,2.82525E+03,
    3.983575467775E+03));
#9255 = VECTOR('',#9256,1.);
#9256 = DIRECTION('',(0.,1.,0.));
#9257 = ORIENTED_EDGE('',*,*,#9205,.T.);
#9258 = ORIENTED_EDGE('',*,*,#9236,.T.);
#9259 = ORIENTED_EDGE('',*,*,#9260,.F.);
#9260 = EDGE_CURVE('',#9251,#9222,#9261,.T.);
#9261 = LINE('',#9262,#9263);
#9262 = CARTESIAN_POINT('',(3.072911538462E+03,2.86385E+03,
    2.409271600807E+03));
#9263 = VECTOR('',#9264,1.);
#9264 = DIRECTION('',(0.,0.,-1.));
#9265 = PLANE('',#9266);
#9266 = AXIS2_PLACEMENT_3D('',#9267,#9268,#9269);
#9267 = CARTESIAN_POINT('',(3.072911538462E+03,2.82475E+03,2.43105E+03)
  );
#9268 = DIRECTION('',(1.,0.,0.));
#9269 = DIRECTION('',(0.,0.,1.));
#9270 = ADVANCED_FACE('',(#9271),#9289,.T.);
#9271 = FACE_BOUND('',#9272,.T.);
#9272 = EDGE_LOOP('',(#9273,#9281,#9287,#9288));
#9273 = ORIENTED_EDGE('',*,*,#9274,.F.);
#9274 = EDGE_CURVE('',#9275,#9251,#9277,.T.);
#9275 = VERTEX_POINT('',#9276);
#9276 = CARTESIAN_POINT('',(-101.6,2.86385E+03,2.580171718147E+03));
#9277 = LINE('',#9278,#9279);
#9278 = CARTESIAN_POINT('',(-248.4211132048,2.86385E+03,
    2.515264314819E+03));
#9279 = VECTOR('',#9280,1.);
#9280 = DIRECTION('',(0.914610688653,0.,0.404335613323));
#9281 = ORIENTED_EDGE('',*,*,#9282,.F.);
#9282 = EDGE_CURVE('',#9190,#9275,#9283,.T.);
#9283 = LINE('',#9284,#9285);
#9284 = CARTESIAN_POINT('',(-101.6,1.21285E+03,2.580171718147E+03));
#9285 = VECTOR('',#9286,1.);
#9286 = DIRECTION('',(0.,1.,0.));
#9287 = ORIENTED_EDGE('',*,*,#9197,.T.);
#9288 = ORIENTED_EDGE('',*,*,#9250,.T.);
#9289 = PLANE('',#9290);
#9290 = AXIS2_PLACEMENT_3D('',#9291,#9292,#9293);
#9291 = CARTESIAN_POINT('',(-248.4211132048,2.82575E+03,
    2.515264314819E+03));
#9292 = DIRECTION('',(-0.404335613323,0.,0.914610688653));
#9293 = DIRECTION('',(0.914610688653,0.,0.404335613323));
#9294 = ADVANCED_FACE('',(#9295),#9313,.F.);
#9295 = FACE_BOUND('',#9296,.F.);
#9296 = EDGE_LOOP('',(#9297,#9298,#9299,#9307));
#9297 = ORIENTED_EDGE('',*,*,#9282,.F.);
#9298 = ORIENTED_EDGE('',*,*,#9189,.T.);
#9299 = ORIENTED_EDGE('',*,*,#9300,.T.);
#9300 = EDGE_CURVE('',#9182,#9301,#9303,.T.);
#9301 = VERTEX_POINT('',#9302);
#9302 = CARTESIAN_POINT('',(-101.6,2.86385E+03,2.5019E+03));
#9303 = LINE('',#9304,#9305);
#9304 = CARTESIAN_POINT('',(-101.6,-400.05,2.5019E+03));
#9305 = VECTOR('',#9306,1.);
#9306 = DIRECTION('',(0.,1.,0.));
#9307 = ORIENTED_EDGE('',*,*,#9308,.F.);
#9308 = EDGE_CURVE('',#9275,#9301,#9309,.T.);
#9309 = LINE('',#9310,#9311);
#9310 = CARTESIAN_POINT('',(-101.6,2.86385E+03,2.165296600807E+03));
#9311 = VECTOR('',#9312,1.);
#9312 = DIRECTION('',(0.,0.,-1.));
#9313 = PLANE('',#9314);
#9314 = AXIS2_PLACEMENT_3D('',#9315,#9316,#9317);
#9315 = CARTESIAN_POINT('',(-101.6,-400.05,1.9431E+03));
#9316 = DIRECTION('',(1.,0.,0.));
#9317 = DIRECTION('',(0.,0.,1.));
#9318 = ADVANCED_FACE('',(#9319),#9331,.T.);
#9319 = FACE_BOUND('',#9320,.T.);
#9320 = EDGE_LOOP('',(#9321,#9322,#9328,#9329,#9330));
#9321 = ORIENTED_EDGE('',*,*,#9219,.F.);
#9322 = ORIENTED_EDGE('',*,*,#9323,.F.);
#9323 = EDGE_CURVE('',#9301,#9220,#9324,.T.);
#9324 = LINE('',#9325,#9326);
#9325 = CARTESIAN_POINT('',(-295.9927140117,2.86385E+03,2.5019E+03));
#9326 = VECTOR('',#9327,1.);
#9327 = DIRECTION('',(1.,0.,0.));
#9328 = ORIENTED_EDGE('',*,*,#9308,.F.);
#9329 = ORIENTED_EDGE('',*,*,#9274,.T.);
#9330 = ORIENTED_EDGE('',*,*,#9260,.T.);
#9331 = PLANE('',#9332);
#9332 = AXIS2_PLACEMENT_3D('',#9333,#9334,#9335);
#9333 = CARTESIAN_POINT('',(-191.9354280235,2.86385E+03,
    2.387493201614E+03));
#9334 = DIRECTION('',(0.,1.,0.));
#9335 = DIRECTION('',(-0.404335613323,0.,0.914610688653));
#9336 = ADVANCED_FACE('',(#9337),#9343,.T.);
#9337 = FACE_BOUND('',#9338,.T.);
#9338 = EDGE_LOOP('',(#9339,#9340,#9341,#9342));
#9339 = ORIENTED_EDGE('',*,*,#9181,.F.);
#9340 = ORIENTED_EDGE('',*,*,#9300,.T.);
#9341 = ORIENTED_EDGE('',*,*,#9323,.T.);
#9342 = ORIENTED_EDGE('',*,*,#9229,.F.);
#9343 = PLANE('',#9344);
#9344 = AXIS2_PLACEMENT_3D('',#9345,#9346,#9347);
#9345 = CARTESIAN_POINT('',(-17.37312544407,2.8448E+03,2.5019E+03));
#9346 = DIRECTION('',(-0.,-0.,-1.));
#9347 = DIRECTION('',(-1.,0.,0.));
#9348 = MANIFOLD_SOLID_BREP('',#9349);
#9349 = CLOSED_SHELL('',(#9350,#9398,#9429,#9453,#9477,#9501,#9519));
#9350 = ADVANCED_FACE('',(#9351),#9393,.F.);
#9351 = FACE_BOUND('',#9352,.F.);
#9352 = EDGE_LOOP('',(#9353,#9363,#9371,#9379,#9387));
#9353 = ORIENTED_EDGE('',*,*,#9354,.F.);
#9354 = EDGE_CURVE('',#9355,#9357,#9359,.T.);
#9355 = VERTEX_POINT('',#9356);
#9356 = CARTESIAN_POINT('',(66.853749111855,5.89915E+03,2.5019E+03));
#9357 = VERTEX_POINT('',#9358);
#9358 = CARTESIAN_POINT('',(446.9423076923,5.89915E+03,
    2.669931428407E+03));
#9359 = LINE('',#9360,#9361);
#9360 = CARTESIAN_POINT('',(-191.9354280235,5.89915E+03,
    2.387493201614E+03));
#9361 = VECTOR('',#9362,1.);
#9362 = DIRECTION('',(0.914610688653,0.,0.404335613323));
#9363 = ORIENTED_EDGE('',*,*,#9364,.F.);
#9364 = EDGE_CURVE('',#9365,#9355,#9367,.T.);
#9365 = VERTEX_POINT('',#9366);
#9366 = CARTESIAN_POINT('',(-101.6,5.89915E+03,2.5019E+03));
#9367 = LINE('',#9368,#9369);
#9368 = CARTESIAN_POINT('',(-295.9927140117,5.89915E+03,2.5019E+03));
#9369 = VECTOR('',#9370,1.);
#9370 = DIRECTION('',(1.,0.,0.));
#9371 = ORIENTED_EDGE('',*,*,#9372,.F.);
#9372 = EDGE_CURVE('',#9373,#9365,#9375,.T.);
#9373 = VERTEX_POINT('',#9374);
#9374 = CARTESIAN_POINT('',(-101.6,5.89915E+03,2.580171718147E+03));
#9375 = LINE('',#9376,#9377);
#9376 = CARTESIAN_POINT('',(-101.6,5.89915E+03,2.165296600807E+03));
#9377 = VECTOR('',#9378,1.);
#9378 = DIRECTION('',(0.,0.,-1.));
#9379 = ORIENTED_EDGE('',*,*,#9380,.T.);
#9380 = EDGE_CURVE('',#9373,#9381,#9383,.T.);
#9381 = VERTEX_POINT('',#9382);
#9382 = CARTESIAN_POINT('',(446.9423076923,5.89915E+03,
    2.822674012474E+03));
#9383 = LINE('',#9384,#9385);
#9384 = CARTESIAN_POINT('',(-248.4211132048,5.89915E+03,
    2.515264314819E+03));
#9385 = VECTOR('',#9386,1.);
#9386 = DIRECTION('',(0.914610688653,0.,0.404335613323));
#9387 = ORIENTED_EDGE('',*,*,#9388,.T.);
#9388 = EDGE_CURVE('',#9381,#9357,#9389,.T.);
#9389 = LINE('',#9390,#9391);
#9390 = CARTESIAN_POINT('',(446.9423076923,5.89915E+03,
    2.409271600807E+03));
#9391 = VECTOR('',#9392,1.);
#9392 = DIRECTION('',(0.,0.,-1.));
#9393 = PLANE('',#9394);
#9394 = AXIS2_PLACEMENT_3D('',#9395,#9396,#9397);
#9395 = CARTESIAN_POINT('',(-191.9354280235,5.89915E+03,
    2.387493201614E+03));
#9396 = DIRECTION('',(0.,1.,0.));
#9397 = DIRECTION('',(-0.404335613323,0.,0.914610688653));
#9398 = ADVANCED_FACE('',(#9399),#9424,.F.);
#9399 = FACE_BOUND('',#9400,.F.);
#9400 = EDGE_LOOP('',(#9401,#9411,#9417,#9418));
#9401 = ORIENTED_EDGE('',*,*,#9402,.F.);
#9402 = EDGE_CURVE('',#9403,#9405,#9407,.T.);
#9403 = VERTEX_POINT('',#9404);
#9404 = CARTESIAN_POINT('',(66.853749111855,5.93725E+03,2.5019E+03));
#9405 = VERTEX_POINT('',#9406);
#9406 = CARTESIAN_POINT('',(446.9423076923,5.93725E+03,
    2.669931428407E+03));
#9407 = LINE('',#9408,#9409);
#9408 = CARTESIAN_POINT('',(-191.9354280235,5.93725E+03,
    2.387493201614E+03));
#9409 = VECTOR('',#9410,1.);
#9410 = DIRECTION('',(0.914610688653,0.,0.404335613323));
#9411 = ORIENTED_EDGE('',*,*,#9412,.F.);
#9412 = EDGE_CURVE('',#9355,#9403,#9413,.T.);
#9413 = LINE('',#9414,#9415);
#9414 = CARTESIAN_POINT('',(66.853749111855,5.75945E+03,2.5019E+03));
#9415 = VECTOR('',#9416,1.);
#9416 = DIRECTION('',(0.,1.,0.));
#9417 = ORIENTED_EDGE('',*,*,#9354,.T.);
#9418 = ORIENTED_EDGE('',*,*,#9419,.T.);
#9419 = EDGE_CURVE('',#9357,#9405,#9420,.T.);
#9420 = LINE('',#9421,#9422);
#9421 = CARTESIAN_POINT('',(446.9423076923,5.89865E+03,
    2.669931428407E+03));
#9422 = VECTOR('',#9423,1.);
#9423 = DIRECTION('',(0.,1.,0.));
#9424 = PLANE('',#9425);
#9425 = AXIS2_PLACEMENT_3D('',#9426,#9427,#9428);
#9426 = CARTESIAN_POINT('',(-191.9354280235,5.89915E+03,
    2.387493201614E+03));
#9427 = DIRECTION('',(-0.404335613323,0.,0.914610688653));
#9428 = DIRECTION('',(0.914610688653,0.,0.404335613323));
#9429 = ADVANCED_FACE('',(#9430),#9448,.T.);
#9430 = FACE_BOUND('',#9431,.T.);
#9431 = EDGE_LOOP('',(#9432,#9440,#9441,#9442));
#9432 = ORIENTED_EDGE('',*,*,#9433,.F.);
#9433 = EDGE_CURVE('',#9381,#9434,#9436,.T.);
#9434 = VERTEX_POINT('',#9435);
#9435 = CARTESIAN_POINT('',(446.9423076923,5.93725E+03,
    2.822674012474E+03));
#9436 = LINE('',#9437,#9438);
#9437 = CARTESIAN_POINT('',(446.9423076923,5.89865E+03,
    2.822674012474E+03));
#9438 = VECTOR('',#9439,1.);
#9439 = DIRECTION('',(0.,1.,0.));
#9440 = ORIENTED_EDGE('',*,*,#9388,.T.);
#9441 = ORIENTED_EDGE('',*,*,#9419,.T.);
#9442 = ORIENTED_EDGE('',*,*,#9443,.F.);
#9443 = EDGE_CURVE('',#9434,#9405,#9444,.T.);
#9444 = LINE('',#9445,#9446);
#9445 = CARTESIAN_POINT('',(446.9423076923,5.93725E+03,
    2.409271600807E+03));
#9446 = VECTOR('',#9447,1.);
#9447 = DIRECTION('',(0.,0.,-1.));
#9448 = PLANE('',#9449);
#9449 = AXIS2_PLACEMENT_3D('',#9450,#9451,#9452);
#9450 = CARTESIAN_POINT('',(446.9423076923,5.89815E+03,2.43105E+03));
#9451 = DIRECTION('',(1.,0.,0.));
#9452 = DIRECTION('',(0.,0.,1.));
#9453 = ADVANCED_FACE('',(#9454),#9472,.T.);
#9454 = FACE_BOUND('',#9455,.T.);
#9455 = EDGE_LOOP('',(#9456,#9464,#9470,#9471));
#9456 = ORIENTED_EDGE('',*,*,#9457,.F.);
#9457 = EDGE_CURVE('',#9458,#9434,#9460,.T.);
#9458 = VERTEX_POINT('',#9459);
#9459 = CARTESIAN_POINT('',(-101.6,5.93725E+03,2.580171718147E+03));
#9460 = LINE('',#9461,#9462);
#9461 = CARTESIAN_POINT('',(-248.4211132048,5.93725E+03,
    2.515264314819E+03));
#9462 = VECTOR('',#9463,1.);
#9463 = DIRECTION('',(0.914610688653,0.,0.404335613323));
#9464 = ORIENTED_EDGE('',*,*,#9465,.F.);
#9465 = EDGE_CURVE('',#9373,#9458,#9466,.T.);
#9466 = LINE('',#9467,#9468);
#9467 = CARTESIAN_POINT('',(-101.6,2.74955E+03,2.580171718147E+03));
#9468 = VECTOR('',#9469,1.);
#9469 = DIRECTION('',(0.,1.,0.));
#9470 = ORIENTED_EDGE('',*,*,#9380,.T.);
#9471 = ORIENTED_EDGE('',*,*,#9433,.T.);
#9472 = PLANE('',#9473);
#9473 = AXIS2_PLACEMENT_3D('',#9474,#9475,#9476);
#9474 = CARTESIAN_POINT('',(-248.4211132048,5.89915E+03,
    2.515264314819E+03));
#9475 = DIRECTION('',(-0.404335613323,0.,0.914610688653));
#9476 = DIRECTION('',(0.914610688653,0.,0.404335613323));
#9477 = ADVANCED_FACE('',(#9478),#9496,.F.);
#9478 = FACE_BOUND('',#9479,.F.);
#9479 = EDGE_LOOP('',(#9480,#9481,#9482,#9490));
#9480 = ORIENTED_EDGE('',*,*,#9465,.F.);
#9481 = ORIENTED_EDGE('',*,*,#9372,.T.);
#9482 = ORIENTED_EDGE('',*,*,#9483,.T.);
#9483 = EDGE_CURVE('',#9365,#9484,#9486,.T.);
#9484 = VERTEX_POINT('',#9485);
#9485 = CARTESIAN_POINT('',(-101.6,5.93725E+03,2.5019E+03));
#9486 = LINE('',#9487,#9488);
#9487 = CARTESIAN_POINT('',(-101.6,-400.05,2.5019E+03));
#9488 = VECTOR('',#9489,1.);
#9489 = DIRECTION('',(0.,1.,0.));
#9490 = ORIENTED_EDGE('',*,*,#9491,.F.);
#9491 = EDGE_CURVE('',#9458,#9484,#9492,.T.);
#9492 = LINE('',#9493,#9494);
#9493 = CARTESIAN_POINT('',(-101.6,5.93725E+03,2.165296600807E+03));
#9494 = VECTOR('',#9495,1.);
#9495 = DIRECTION('',(0.,0.,-1.));
#9496 = PLANE('',#9497);
#9497 = AXIS2_PLACEMENT_3D('',#9498,#9499,#9500);
#9498 = CARTESIAN_POINT('',(-101.6,-400.05,1.9431E+03));
#9499 = DIRECTION('',(1.,0.,0.));
#9500 = DIRECTION('',(0.,0.,1.));
#9501 = ADVANCED_FACE('',(#9502),#9514,.T.);
#9502 = FACE_BOUND('',#9503,.T.);
#9503 = EDGE_LOOP('',(#9504,#9505,#9511,#9512,#9513));
#9504 = ORIENTED_EDGE('',*,*,#9402,.F.);
#9505 = ORIENTED_EDGE('',*,*,#9506,.F.);
#9506 = EDGE_CURVE('',#9484,#9403,#9507,.T.);
#9507 = LINE('',#9508,#9509);
#9508 = CARTESIAN_POINT('',(-295.9927140117,5.93725E+03,2.5019E+03));
#9509 = VECTOR('',#9510,1.);
#9510 = DIRECTION('',(1.,0.,0.));
#9511 = ORIENTED_EDGE('',*,*,#9491,.F.);
#9512 = ORIENTED_EDGE('',*,*,#9457,.T.);
#9513 = ORIENTED_EDGE('',*,*,#9443,.T.);
#9514 = PLANE('',#9515);
#9515 = AXIS2_PLACEMENT_3D('',#9516,#9517,#9518);
#9516 = CARTESIAN_POINT('',(-191.9354280235,5.93725E+03,
    2.387493201614E+03));
#9517 = DIRECTION('',(0.,1.,0.));
#9518 = DIRECTION('',(-0.404335613323,0.,0.914610688653));
#9519 = ADVANCED_FACE('',(#9520),#9526,.T.);
#9520 = FACE_BOUND('',#9521,.T.);
#9521 = EDGE_LOOP('',(#9522,#9523,#9524,#9525));
#9522 = ORIENTED_EDGE('',*,*,#9364,.F.);
#9523 = ORIENTED_EDGE('',*,*,#9483,.T.);
#9524 = ORIENTED_EDGE('',*,*,#9506,.T.);
#9525 = ORIENTED_EDGE('',*,*,#9412,.F.);
#9526 = PLANE('',#9527);
#9527 = AXIS2_PLACEMENT_3D('',#9528,#9529,#9530);
#9528 = CARTESIAN_POINT('',(-17.37312544407,5.9182E+03,2.5019E+03));
#9529 = DIRECTION('',(-0.,-0.,-1.));
#9530 = DIRECTION('',(-1.,0.,0.));
#9531 = MANIFOLD_SOLID_BREP('',#9532);
#9532 = CLOSED_SHELL('',(#9533,#9581,#9612,#9636,#9660,#9684,#9702));
#9533 = ADVANCED_FACE('',(#9534),#9576,.F.);
#9534 = FACE_BOUND('',#9535,.F.);
#9535 = EDGE_LOOP('',(#9536,#9546,#9554,#9562,#9570));
#9536 = ORIENTED_EDGE('',*,*,#9537,.F.);
#9537 = EDGE_CURVE('',#9538,#9540,#9542,.T.);
#9538 = VERTEX_POINT('',#9539);
#9539 = CARTESIAN_POINT('',(66.853749111855,5.28955E+03,2.5019E+03));
#9540 = VERTEX_POINT('',#9541);
#9541 = CARTESIAN_POINT('',(1.103434615385E+03,5.28955E+03,
    2.960156792233E+03));
#9542 = LINE('',#9543,#9544);
#9543 = CARTESIAN_POINT('',(-191.9354280235,5.28955E+03,
    2.387493201614E+03));
#9544 = VECTOR('',#9545,1.);
#9545 = DIRECTION('',(0.914610688653,0.,0.404335613323));
#9546 = ORIENTED_EDGE('',*,*,#9547,.F.);
#9547 = EDGE_CURVE('',#9548,#9538,#9550,.T.);
#9548 = VERTEX_POINT('',#9549);
#9549 = CARTESIAN_POINT('',(-101.6,5.28955E+03,2.5019E+03));
#9550 = LINE('',#9551,#9552);
#9551 = CARTESIAN_POINT('',(-295.9927140117,5.28955E+03,2.5019E+03));
#9552 = VECTOR('',#9553,1.);
#9553 = DIRECTION('',(1.,0.,0.));
#9554 = ORIENTED_EDGE('',*,*,#9555,.F.);
#9555 = EDGE_CURVE('',#9556,#9548,#9558,.T.);
#9556 = VERTEX_POINT('',#9557);
#9557 = CARTESIAN_POINT('',(-101.6,5.28955E+03,2.580171718147E+03));
#9558 = LINE('',#9559,#9560);
#9559 = CARTESIAN_POINT('',(-101.6,5.28955E+03,2.165296600807E+03));
#9560 = VECTOR('',#9561,1.);
#9561 = DIRECTION('',(0.,0.,-1.));
#9562 = ORIENTED_EDGE('',*,*,#9563,.T.);
#9563 = EDGE_CURVE('',#9556,#9564,#9566,.T.);
#9564 = VERTEX_POINT('',#9565);
#9565 = CARTESIAN_POINT('',(1.103434615385E+03,5.28955E+03,
    3.112899376299E+03));
#9566 = LINE('',#9567,#9568);
#9567 = CARTESIAN_POINT('',(-248.4211132048,5.28955E+03,
    2.515264314819E+03));
#9568 = VECTOR('',#9569,1.);
#9569 = DIRECTION('',(0.914610688653,0.,0.404335613323));
#9570 = ORIENTED_EDGE('',*,*,#9571,.T.);
#9571 = EDGE_CURVE('',#9564,#9540,#9572,.T.);
#9572 = LINE('',#9573,#9574);
#9573 = CARTESIAN_POINT('',(1.103434615385E+03,5.28955E+03,
    2.409271600807E+03));
#9574 = VECTOR('',#9575,1.);
#9575 = DIRECTION('',(0.,0.,-1.));
#9576 = PLANE('',#9577);
#9577 = AXIS2_PLACEMENT_3D('',#9578,#9579,#9580);
#9578 = CARTESIAN_POINT('',(-191.9354280235,5.28955E+03,
    2.387493201614E+03));
#9579 = DIRECTION('',(0.,1.,0.));
#9580 = DIRECTION('',(-0.404335613323,0.,0.914610688653));
#9581 = ADVANCED_FACE('',(#9582),#9607,.F.);
#9582 = FACE_BOUND('',#9583,.F.);
#9583 = EDGE_LOOP('',(#9584,#9594,#9600,#9601));
#9584 = ORIENTED_EDGE('',*,*,#9585,.F.);
#9585 = EDGE_CURVE('',#9586,#9588,#9590,.T.);
#9586 = VERTEX_POINT('',#9587);
#9587 = CARTESIAN_POINT('',(66.853749111855,5.32765E+03,2.5019E+03));
#9588 = VERTEX_POINT('',#9589);
#9589 = CARTESIAN_POINT('',(1.103434615385E+03,5.32765E+03,
    2.960156792233E+03));
#9590 = LINE('',#9591,#9592);
#9591 = CARTESIAN_POINT('',(-191.9354280235,5.32765E+03,
    2.387493201614E+03));
#9592 = VECTOR('',#9593,1.);
#9593 = DIRECTION('',(0.914610688653,0.,0.404335613323));
#9594 = ORIENTED_EDGE('',*,*,#9595,.F.);
#9595 = EDGE_CURVE('',#9538,#9586,#9596,.T.);
#9596 = LINE('',#9597,#9598);
#9597 = CARTESIAN_POINT('',(66.853749111855,5.14985E+03,2.5019E+03));
#9598 = VECTOR('',#9599,1.);
#9599 = DIRECTION('',(0.,1.,0.));
#9600 = ORIENTED_EDGE('',*,*,#9537,.T.);
#9601 = ORIENTED_EDGE('',*,*,#9602,.T.);
#9602 = EDGE_CURVE('',#9540,#9588,#9603,.T.);
#9603 = LINE('',#9604,#9605);
#9604 = CARTESIAN_POINT('',(1.103434615385E+03,5.28905E+03,
    2.960156792233E+03));
#9605 = VECTOR('',#9606,1.);
#9606 = DIRECTION('',(0.,1.,0.));
#9607 = PLANE('',#9608);
#9608 = AXIS2_PLACEMENT_3D('',#9609,#9610,#9611);
#9609 = CARTESIAN_POINT('',(-191.9354280235,5.28955E+03,
    2.387493201614E+03));
#9610 = DIRECTION('',(-0.404335613323,0.,0.914610688653));
#9611 = DIRECTION('',(0.914610688653,0.,0.404335613323));
#9612 = ADVANCED_FACE('',(#9613),#9631,.T.);
#9613 = FACE_BOUND('',#9614,.T.);
#9614 = EDGE_LOOP('',(#9615,#9623,#9624,#9625));
#9615 = ORIENTED_EDGE('',*,*,#9616,.F.);
#9616 = EDGE_CURVE('',#9564,#9617,#9619,.T.);
#9617 = VERTEX_POINT('',#9618);
#9618 = CARTESIAN_POINT('',(1.103434615385E+03,5.32765E+03,
    3.112899376299E+03));
#9619 = LINE('',#9620,#9621);
#9620 = CARTESIAN_POINT('',(1.103434615385E+03,5.28905E+03,
    3.112899376299E+03));
#9621 = VECTOR('',#9622,1.);
#9622 = DIRECTION('',(0.,1.,0.));
#9623 = ORIENTED_EDGE('',*,*,#9571,.T.);
#9624 = ORIENTED_EDGE('',*,*,#9602,.T.);
#9625 = ORIENTED_EDGE('',*,*,#9626,.F.);
#9626 = EDGE_CURVE('',#9617,#9588,#9627,.T.);
#9627 = LINE('',#9628,#9629);
#9628 = CARTESIAN_POINT('',(1.103434615385E+03,5.32765E+03,
    2.409271600807E+03));
#9629 = VECTOR('',#9630,1.);
#9630 = DIRECTION('',(0.,0.,-1.));
#9631 = PLANE('',#9632);
#9632 = AXIS2_PLACEMENT_3D('',#9633,#9634,#9635);
#9633 = CARTESIAN_POINT('',(1.103434615385E+03,5.28855E+03,2.43105E+03)
  );
#9634 = DIRECTION('',(1.,0.,0.));
#9635 = DIRECTION('',(0.,0.,1.));
#9636 = ADVANCED_FACE('',(#9637),#9655,.T.);
#9637 = FACE_BOUND('',#9638,.T.);
#9638 = EDGE_LOOP('',(#9639,#9647,#9653,#9654));
#9639 = ORIENTED_EDGE('',*,*,#9640,.F.);
#9640 = EDGE_CURVE('',#9641,#9617,#9643,.T.);
#9641 = VERTEX_POINT('',#9642);
#9642 = CARTESIAN_POINT('',(-101.6,5.32765E+03,2.580171718147E+03));
#9643 = LINE('',#9644,#9645);
#9644 = CARTESIAN_POINT('',(-248.4211132048,5.32765E+03,
    2.515264314819E+03));
#9645 = VECTOR('',#9646,1.);
#9646 = DIRECTION('',(0.914610688653,0.,0.404335613323));
#9647 = ORIENTED_EDGE('',*,*,#9648,.F.);
#9648 = EDGE_CURVE('',#9556,#9641,#9649,.T.);
#9649 = LINE('',#9650,#9651);
#9650 = CARTESIAN_POINT('',(-101.6,2.44475E+03,2.580171718147E+03));
#9651 = VECTOR('',#9652,1.);
#9652 = DIRECTION('',(0.,1.,0.));
#9653 = ORIENTED_EDGE('',*,*,#9563,.T.);
#9654 = ORIENTED_EDGE('',*,*,#9616,.T.);
#9655 = PLANE('',#9656);
#9656 = AXIS2_PLACEMENT_3D('',#9657,#9658,#9659);
#9657 = CARTESIAN_POINT('',(-248.4211132048,5.28955E+03,
    2.515264314819E+03));
#9658 = DIRECTION('',(-0.404335613323,0.,0.914610688653));
#9659 = DIRECTION('',(0.914610688653,0.,0.404335613323));
#9660 = ADVANCED_FACE('',(#9661),#9679,.F.);
#9661 = FACE_BOUND('',#9662,.F.);
#9662 = EDGE_LOOP('',(#9663,#9664,#9665,#9673));
#9663 = ORIENTED_EDGE('',*,*,#9648,.F.);
#9664 = ORIENTED_EDGE('',*,*,#9555,.T.);
#9665 = ORIENTED_EDGE('',*,*,#9666,.T.);
#9666 = EDGE_CURVE('',#9548,#9667,#9669,.T.);
#9667 = VERTEX_POINT('',#9668);
#9668 = CARTESIAN_POINT('',(-101.6,5.32765E+03,2.5019E+03));
#9669 = LINE('',#9670,#9671);
#9670 = CARTESIAN_POINT('',(-101.6,-400.05,2.5019E+03));
#9671 = VECTOR('',#9672,1.);
#9672 = DIRECTION('',(0.,1.,0.));
#9673 = ORIENTED_EDGE('',*,*,#9674,.F.);
#9674 = EDGE_CURVE('',#9641,#9667,#9675,.T.);
#9675 = LINE('',#9676,#9677);
#9676 = CARTESIAN_POINT('',(-101.6,5.32765E+03,2.165296600807E+03));
#9677 = VECTOR('',#9678,1.);
#9678 = DIRECTION('',(0.,0.,-1.));
#9679 = PLANE('',#9680);
#9680 = AXIS2_PLACEMENT_3D('',#9681,#9682,#9683);
#9681 = CARTESIAN_POINT('',(-101.6,-400.05,1.9431E+03));
#9682 = DIRECTION('',(1.,0.,0.));
#9683 = DIRECTION('',(0.,0.,1.));
#9684 = ADVANCED_FACE('',(#9685),#9697,.T.);
#9685 = FACE_BOUND('',#9686,.T.);
#9686 = EDGE_LOOP('',(#9687,#9688,#9694,#9695,#9696));
#9687 = ORIENTED_EDGE('',*,*,#9585,.F.);
#9688 = ORIENTED_EDGE('',*,*,#9689,.F.);
#9689 = EDGE_CURVE('',#9667,#9586,#9690,.T.);
#9690 = LINE('',#9691,#9692);
#9691 = CARTESIAN_POINT('',(-295.9927140117,5.32765E+03,2.5019E+03));
#9692 = VECTOR('',#9693,1.);
#9693 = DIRECTION('',(1.,0.,0.));
#9694 = ORIENTED_EDGE('',*,*,#9674,.F.);
#9695 = ORIENTED_EDGE('',*,*,#9640,.T.);
#9696 = ORIENTED_EDGE('',*,*,#9626,.T.);
#9697 = PLANE('',#9698);
#9698 = AXIS2_PLACEMENT_3D('',#9699,#9700,#9701);
#9699 = CARTESIAN_POINT('',(-191.9354280235,5.32765E+03,
    2.387493201614E+03));
#9700 = DIRECTION('',(0.,1.,0.));
#9701 = DIRECTION('',(-0.404335613323,0.,0.914610688653));
#9702 = ADVANCED_FACE('',(#9703),#9709,.T.);
#9703 = FACE_BOUND('',#9704,.T.);
#9704 = EDGE_LOOP('',(#9705,#9706,#9707,#9708));
#9705 = ORIENTED_EDGE('',*,*,#9547,.F.);
#9706 = ORIENTED_EDGE('',*,*,#9666,.T.);
#9707 = ORIENTED_EDGE('',*,*,#9689,.T.);
#9708 = ORIENTED_EDGE('',*,*,#9595,.F.);
#9709 = PLANE('',#9710);
#9710 = AXIS2_PLACEMENT_3D('',#9711,#9712,#9713);
#9711 = CARTESIAN_POINT('',(-17.37312544407,5.3086E+03,2.5019E+03));
#9712 = DIRECTION('',(-0.,-0.,-1.));
#9713 = DIRECTION('',(-1.,0.,0.));
#9714 = MANIFOLD_SOLID_BREP('',#9715);
#9715 = CLOSED_SHELL('',(#9716,#9764,#9795,#9819,#9843,#9867,#9885));
#9716 = ADVANCED_FACE('',(#9717),#9759,.F.);
#9717 = FACE_BOUND('',#9718,.F.);
#9718 = EDGE_LOOP('',(#9719,#9729,#9737,#9745,#9753));
#9719 = ORIENTED_EDGE('',*,*,#9720,.F.);
#9720 = EDGE_CURVE('',#9721,#9723,#9725,.T.);
#9721 = VERTEX_POINT('',#9722);
#9722 = CARTESIAN_POINT('',(66.853749111855,4.67995E+03,2.5019E+03));
#9723 = VERTEX_POINT('',#9724);
#9724 = CARTESIAN_POINT('',(1.759926923077E+03,4.67995E+03,
    3.250382156058E+03));
#9725 = LINE('',#9726,#9727);
#9726 = CARTESIAN_POINT('',(-191.9354280235,4.67995E+03,
    2.387493201614E+03));
#9727 = VECTOR('',#9728,1.);
#9728 = DIRECTION('',(0.914610688653,0.,0.404335613323));
#9729 = ORIENTED_EDGE('',*,*,#9730,.F.);
#9730 = EDGE_CURVE('',#9731,#9721,#9733,.T.);
#9731 = VERTEX_POINT('',#9732);
#9732 = CARTESIAN_POINT('',(-101.6,4.67995E+03,2.5019E+03));
#9733 = LINE('',#9734,#9735);
#9734 = CARTESIAN_POINT('',(-295.9927140117,4.67995E+03,2.5019E+03));
#9735 = VECTOR('',#9736,1.);
#9736 = DIRECTION('',(1.,0.,0.));
#9737 = ORIENTED_EDGE('',*,*,#9738,.F.);
#9738 = EDGE_CURVE('',#9739,#9731,#9741,.T.);
#9739 = VERTEX_POINT('',#9740);
#9740 = CARTESIAN_POINT('',(-101.6,4.67995E+03,2.580171718147E+03));
#9741 = LINE('',#9742,#9743);
#9742 = CARTESIAN_POINT('',(-101.6,4.67995E+03,2.165296600807E+03));
#9743 = VECTOR('',#9744,1.);
#9744 = DIRECTION('',(0.,0.,-1.));
#9745 = ORIENTED_EDGE('',*,*,#9746,.T.);
#9746 = EDGE_CURVE('',#9739,#9747,#9749,.T.);
#9747 = VERTEX_POINT('',#9748);
#9748 = CARTESIAN_POINT('',(1.759926923077E+03,4.67995E+03,
    3.403124740125E+03));
#9749 = LINE('',#9750,#9751);
#9750 = CARTESIAN_POINT('',(-248.4211132048,4.67995E+03,
    2.515264314819E+03));
#9751 = VECTOR('',#9752,1.);
#9752 = DIRECTION('',(0.914610688653,0.,0.404335613323));
#9753 = ORIENTED_EDGE('',*,*,#9754,.T.);
#9754 = EDGE_CURVE('',#9747,#9723,#9755,.T.);
#9755 = LINE('',#9756,#9757);
#9756 = CARTESIAN_POINT('',(1.759926923077E+03,4.67995E+03,
    2.409271600807E+03));
#9757 = VECTOR('',#9758,1.);
#9758 = DIRECTION('',(0.,0.,-1.));
#9759 = PLANE('',#9760);
#9760 = AXIS2_PLACEMENT_3D('',#9761,#9762,#9763);
#9761 = CARTESIAN_POINT('',(-191.9354280235,4.67995E+03,
    2.387493201614E+03));
#9762 = DIRECTION('',(0.,1.,0.));
#9763 = DIRECTION('',(-0.404335613323,0.,0.914610688653));
#9764 = ADVANCED_FACE('',(#9765),#9790,.F.);
#9765 = FACE_BOUND('',#9766,.F.);
#9766 = EDGE_LOOP('',(#9767,#9777,#9783,#9784));
#9767 = ORIENTED_EDGE('',*,*,#9768,.F.);
#9768 = EDGE_CURVE('',#9769,#9771,#9773,.T.);
#9769 = VERTEX_POINT('',#9770);
#9770 = CARTESIAN_POINT('',(66.853749111855,4.71805E+03,2.5019E+03));
#9771 = VERTEX_POINT('',#9772);
#9772 = CARTESIAN_POINT('',(1.759926923077E+03,4.71805E+03,
    3.250382156058E+03));
#9773 = LINE('',#9774,#9775);
#9774 = CARTESIAN_POINT('',(-191.9354280235,4.71805E+03,
    2.387493201614E+03));
#9775 = VECTOR('',#9776,1.);
#9776 = DIRECTION('',(0.914610688653,0.,0.404335613323));
#9777 = ORIENTED_EDGE('',*,*,#9778,.F.);
#9778 = EDGE_CURVE('',#9721,#9769,#9779,.T.);
#9779 = LINE('',#9780,#9781);
#9780 = CARTESIAN_POINT('',(66.853749111855,4.54025E+03,2.5019E+03));
#9781 = VECTOR('',#9782,1.);
#9782 = DIRECTION('',(0.,1.,0.));
#9783 = ORIENTED_EDGE('',*,*,#9720,.T.);
#9784 = ORIENTED_EDGE('',*,*,#9785,.T.);
#9785 = EDGE_CURVE('',#9723,#9771,#9786,.T.);
#9786 = LINE('',#9787,#9788);
#9787 = CARTESIAN_POINT('',(1.759926923077E+03,4.67945E+03,
    3.250382156058E+03));
#9788 = VECTOR('',#9789,1.);
#9789 = DIRECTION('',(0.,1.,0.));
#9790 = PLANE('',#9791);
#9791 = AXIS2_PLACEMENT_3D('',#9792,#9793,#9794);
#9792 = CARTESIAN_POINT('',(-191.9354280235,4.67995E+03,
    2.387493201614E+03));
#9793 = DIRECTION('',(-0.404335613323,0.,0.914610688653));
#9794 = DIRECTION('',(0.914610688653,0.,0.404335613323));
#9795 = ADVANCED_FACE('',(#9796),#9814,.T.);
#9796 = FACE_BOUND('',#9797,.T.);
#9797 = EDGE_LOOP('',(#9798,#9806,#9807,#9808));
#9798 = ORIENTED_EDGE('',*,*,#9799,.F.);
#9799 = EDGE_CURVE('',#9747,#9800,#9802,.T.);
#9800 = VERTEX_POINT('',#9801);
#9801 = CARTESIAN_POINT('',(1.759926923077E+03,4.71805E+03,
    3.403124740125E+03));
#9802 = LINE('',#9803,#9804);
#9803 = CARTESIAN_POINT('',(1.759926923077E+03,4.67945E+03,
    3.403124740125E+03));
#9804 = VECTOR('',#9805,1.);
#9805 = DIRECTION('',(0.,1.,0.));
#9806 = ORIENTED_EDGE('',*,*,#9754,.T.);
#9807 = ORIENTED_EDGE('',*,*,#9785,.T.);
#9808 = ORIENTED_EDGE('',*,*,#9809,.F.);
#9809 = EDGE_CURVE('',#9800,#9771,#9810,.T.);
#9810 = LINE('',#9811,#9812);
#9811 = CARTESIAN_POINT('',(1.759926923077E+03,4.71805E+03,
    2.409271600807E+03));
#9812 = VECTOR('',#9813,1.);
#9813 = DIRECTION('',(0.,0.,-1.));
#9814 = PLANE('',#9815);
#9815 = AXIS2_PLACEMENT_3D('',#9816,#9817,#9818);
#9816 = CARTESIAN_POINT('',(1.759926923077E+03,4.67895E+03,2.43105E+03)
  );
#9817 = DIRECTION('',(1.,0.,0.));
#9818 = DIRECTION('',(0.,0.,1.));
#9819 = ADVANCED_FACE('',(#9820),#9838,.T.);
#9820 = FACE_BOUND('',#9821,.T.);
#9821 = EDGE_LOOP('',(#9822,#9830,#9836,#9837));
#9822 = ORIENTED_EDGE('',*,*,#9823,.F.);
#9823 = EDGE_CURVE('',#9824,#9800,#9826,.T.);
#9824 = VERTEX_POINT('',#9825);
#9825 = CARTESIAN_POINT('',(-101.6,4.71805E+03,2.580171718147E+03));
#9826 = LINE('',#9827,#9828);
#9827 = CARTESIAN_POINT('',(-248.4211132048,4.71805E+03,
    2.515264314819E+03));
#9828 = VECTOR('',#9829,1.);
#9829 = DIRECTION('',(0.914610688653,0.,0.404335613323));
#9830 = ORIENTED_EDGE('',*,*,#9831,.F.);
#9831 = EDGE_CURVE('',#9739,#9824,#9832,.T.);
#9832 = LINE('',#9833,#9834);
#9833 = CARTESIAN_POINT('',(-101.6,2.13995E+03,2.580171718147E+03));
#9834 = VECTOR('',#9835,1.);
#9835 = DIRECTION('',(0.,1.,0.));
#9836 = ORIENTED_EDGE('',*,*,#9746,.T.);
#9837 = ORIENTED_EDGE('',*,*,#9799,.T.);
#9838 = PLANE('',#9839);
#9839 = AXIS2_PLACEMENT_3D('',#9840,#9841,#9842);
#9840 = CARTESIAN_POINT('',(-248.4211132048,4.67995E+03,
    2.515264314819E+03));
#9841 = DIRECTION('',(-0.404335613323,0.,0.914610688653));
#9842 = DIRECTION('',(0.914610688653,0.,0.404335613323));
#9843 = ADVANCED_FACE('',(#9844),#9862,.F.);
#9844 = FACE_BOUND('',#9845,.F.);
#9845 = EDGE_LOOP('',(#9846,#9847,#9848,#9856));
#9846 = ORIENTED_EDGE('',*,*,#9831,.F.);
#9847 = ORIENTED_EDGE('',*,*,#9738,.T.);
#9848 = ORIENTED_EDGE('',*,*,#9849,.T.);
#9849 = EDGE_CURVE('',#9731,#9850,#9852,.T.);
#9850 = VERTEX_POINT('',#9851);
#9851 = CARTESIAN_POINT('',(-101.6,4.71805E+03,2.5019E+03));
#9852 = LINE('',#9853,#9854);
#9853 = CARTESIAN_POINT('',(-101.6,-400.05,2.5019E+03));
#9854 = VECTOR('',#9855,1.);
#9855 = DIRECTION('',(0.,1.,0.));
#9856 = ORIENTED_EDGE('',*,*,#9857,.F.);
#9857 = EDGE_CURVE('',#9824,#9850,#9858,.T.);
#9858 = LINE('',#9859,#9860);
#9859 = CARTESIAN_POINT('',(-101.6,4.71805E+03,2.165296600807E+03));
#9860 = VECTOR('',#9861,1.);
#9861 = DIRECTION('',(0.,0.,-1.));
#9862 = PLANE('',#9863);
#9863 = AXIS2_PLACEMENT_3D('',#9864,#9865,#9866);
#9864 = CARTESIAN_POINT('',(-101.6,-400.05,1.9431E+03));
#9865 = DIRECTION('',(1.,0.,0.));
#9866 = DIRECTION('',(0.,0.,1.));
#9867 = ADVANCED_FACE('',(#9868),#9880,.T.);
#9868 = FACE_BOUND('',#9869,.T.);
#9869 = EDGE_LOOP('',(#9870,#9871,#9877,#9878,#9879));
#9870 = ORIENTED_EDGE('',*,*,#9768,.F.);
#9871 = ORIENTED_EDGE('',*,*,#9872,.F.);
#9872 = EDGE_CURVE('',#9850,#9769,#9873,.T.);
#9873 = LINE('',#9874,#9875);
#9874 = CARTESIAN_POINT('',(-295.9927140117,4.71805E+03,2.5019E+03));
#9875 = VECTOR('',#9876,1.);
#9876 = DIRECTION('',(1.,0.,0.));
#9877 = ORIENTED_EDGE('',*,*,#9857,.F.);
#9878 = ORIENTED_EDGE('',*,*,#9823,.T.);
#9879 = ORIENTED_EDGE('',*,*,#9809,.T.);
#9880 = PLANE('',#9881);
#9881 = AXIS2_PLACEMENT_3D('',#9882,#9883,#9884);
#9882 = CARTESIAN_POINT('',(-191.9354280235,4.71805E+03,
    2.387493201614E+03));
#9883 = DIRECTION('',(0.,1.,0.));
#9884 = DIRECTION('',(-0.404335613323,0.,0.914610688653));
#9885 = ADVANCED_FACE('',(#9886),#9892,.T.);
#9886 = FACE_BOUND('',#9887,.T.);
#9887 = EDGE_LOOP('',(#9888,#9889,#9890,#9891));
#9888 = ORIENTED_EDGE('',*,*,#9730,.F.);
#9889 = ORIENTED_EDGE('',*,*,#9849,.T.);
#9890 = ORIENTED_EDGE('',*,*,#9872,.T.);
#9891 = ORIENTED_EDGE('',*,*,#9778,.F.);
#9892 = PLANE('',#9893);
#9893 = AXIS2_PLACEMENT_3D('',#9894,#9895,#9896);
#9894 = CARTESIAN_POINT('',(-17.37312544407,4.699E+03,2.5019E+03));
#9895 = DIRECTION('',(-0.,-0.,-1.));
#9896 = DIRECTION('',(-1.,0.,0.));
#9897 = MANIFOLD_SOLID_BREP('',#9898);
#9898 = CLOSED_SHELL('',(#9899,#9947,#9978,#10002,#10026,#10050,#10068)
  );
#9899 = ADVANCED_FACE('',(#9900),#9942,.F.);
#9900 = FACE_BOUND('',#9901,.F.);
#9901 = EDGE_LOOP('',(#9902,#9912,#9920,#9928,#9936));
#9902 = ORIENTED_EDGE('',*,*,#9903,.F.);
#9903 = EDGE_CURVE('',#9904,#9906,#9908,.T.);
#9904 = VERTEX_POINT('',#9905);
#9905 = CARTESIAN_POINT('',(66.853749111855,4.07035E+03,2.5019E+03));
#9906 = VERTEX_POINT('',#9907);
#9907 = CARTESIAN_POINT('',(2.416419230769E+03,4.07035E+03,
    3.540607519883E+03));
#9908 = LINE('',#9909,#9910);
#9909 = CARTESIAN_POINT('',(-191.9354280235,4.07035E+03,
    2.387493201614E+03));
#9910 = VECTOR('',#9911,1.);
#9911 = DIRECTION('',(0.914610688653,0.,0.404335613323));
#9912 = ORIENTED_EDGE('',*,*,#9913,.F.);
#9913 = EDGE_CURVE('',#9914,#9904,#9916,.T.);
#9914 = VERTEX_POINT('',#9915);
#9915 = CARTESIAN_POINT('',(-101.6,4.07035E+03,2.5019E+03));
#9916 = LINE('',#9917,#9918);
#9917 = CARTESIAN_POINT('',(-295.9927140117,4.07035E+03,2.5019E+03));
#9918 = VECTOR('',#9919,1.);
#9919 = DIRECTION('',(1.,0.,0.));
#9920 = ORIENTED_EDGE('',*,*,#9921,.F.);
#9921 = EDGE_CURVE('',#9922,#9914,#9924,.T.);
#9922 = VERTEX_POINT('',#9923);
#9923 = CARTESIAN_POINT('',(-101.6,4.07035E+03,2.580171718147E+03));
#9924 = LINE('',#9925,#9926);
#9925 = CARTESIAN_POINT('',(-101.6,4.07035E+03,2.165296600807E+03));
#9926 = VECTOR('',#9927,1.);
#9927 = DIRECTION('',(0.,0.,-1.));
#9928 = ORIENTED_EDGE('',*,*,#9929,.T.);
#9929 = EDGE_CURVE('',#9922,#9930,#9932,.T.);
#9930 = VERTEX_POINT('',#9931);
#9931 = CARTESIAN_POINT('',(2.416419230769E+03,4.07035E+03,
    3.69335010395E+03));
#9932 = LINE('',#9933,#9934);
#9933 = CARTESIAN_POINT('',(-248.4211132048,4.07035E+03,
    2.515264314819E+03));
#9934 = VECTOR('',#9935,1.);
#9935 = DIRECTION('',(0.914610688653,0.,0.404335613323));
#9936 = ORIENTED_EDGE('',*,*,#9937,.T.);
#9937 = EDGE_CURVE('',#9930,#9906,#9938,.T.);
#9938 = LINE('',#9939,#9940);
#9939 = CARTESIAN_POINT('',(2.416419230769E+03,4.07035E+03,
    2.409271600807E+03));
#9940 = VECTOR('',#9941,1.);
#9941 = DIRECTION('',(0.,0.,-1.));
#9942 = PLANE('',#9943);
#9943 = AXIS2_PLACEMENT_3D('',#9944,#9945,#9946);
#9944 = CARTESIAN_POINT('',(-191.9354280235,4.07035E+03,
    2.387493201614E+03));
#9945 = DIRECTION('',(0.,1.,0.));
#9946 = DIRECTION('',(-0.404335613323,0.,0.914610688653));
#9947 = ADVANCED_FACE('',(#9948),#9973,.F.);
#9948 = FACE_BOUND('',#9949,.F.);
#9949 = EDGE_LOOP('',(#9950,#9960,#9966,#9967));
#9950 = ORIENTED_EDGE('',*,*,#9951,.F.);
#9951 = EDGE_CURVE('',#9952,#9954,#9956,.T.);
#9952 = VERTEX_POINT('',#9953);
#9953 = CARTESIAN_POINT('',(66.853749111855,4.10845E+03,2.5019E+03));
#9954 = VERTEX_POINT('',#9955);
#9955 = CARTESIAN_POINT('',(2.416419230769E+03,4.10845E+03,
    3.540607519883E+03));
#9956 = LINE('',#9957,#9958);
#9957 = CARTESIAN_POINT('',(-191.9354280235,4.10845E+03,
    2.387493201614E+03));
#9958 = VECTOR('',#9959,1.);
#9959 = DIRECTION('',(0.914610688653,0.,0.404335613323));
#9960 = ORIENTED_EDGE('',*,*,#9961,.F.);
#9961 = EDGE_CURVE('',#9904,#9952,#9962,.T.);
#9962 = LINE('',#9963,#9964);
#9963 = CARTESIAN_POINT('',(66.853749111855,3.93065E+03,2.5019E+03));
#9964 = VECTOR('',#9965,1.);
#9965 = DIRECTION('',(0.,1.,0.));
#9966 = ORIENTED_EDGE('',*,*,#9903,.T.);
#9967 = ORIENTED_EDGE('',*,*,#9968,.T.);
#9968 = EDGE_CURVE('',#9906,#9954,#9969,.T.);
#9969 = LINE('',#9970,#9971);
#9970 = CARTESIAN_POINT('',(2.416419230769E+03,4.06985E+03,
    3.540607519883E+03));
#9971 = VECTOR('',#9972,1.);
#9972 = DIRECTION('',(0.,1.,0.));
#9973 = PLANE('',#9974);
#9974 = AXIS2_PLACEMENT_3D('',#9975,#9976,#9977);
#9975 = CARTESIAN_POINT('',(-191.9354280235,4.07035E+03,
    2.387493201614E+03));
#9976 = DIRECTION('',(-0.404335613323,0.,0.914610688653));
#9977 = DIRECTION('',(0.914610688653,0.,0.404335613323));
#9978 = ADVANCED_FACE('',(#9979),#9997,.T.);
#9979 = FACE_BOUND('',#9980,.T.);
#9980 = EDGE_LOOP('',(#9981,#9989,#9990,#9991));
#9981 = ORIENTED_EDGE('',*,*,#9982,.F.);
#9982 = EDGE_CURVE('',#9930,#9983,#9985,.T.);
#9983 = VERTEX_POINT('',#9984);
#9984 = CARTESIAN_POINT('',(2.416419230769E+03,4.10845E+03,
    3.69335010395E+03));
#9985 = LINE('',#9986,#9987);
#9986 = CARTESIAN_POINT('',(2.416419230769E+03,4.06985E+03,
    3.69335010395E+03));
#9987 = VECTOR('',#9988,1.);
#9988 = DIRECTION('',(0.,1.,0.));
#9989 = ORIENTED_EDGE('',*,*,#9937,.T.);
#9990 = ORIENTED_EDGE('',*,*,#9968,.T.);
#9991 = ORIENTED_EDGE('',*,*,#9992,.F.);
#9992 = EDGE_CURVE('',#9983,#9954,#9993,.T.);
#9993 = LINE('',#9994,#9995);
#9994 = CARTESIAN_POINT('',(2.416419230769E+03,4.10845E+03,
    2.409271600807E+03));
#9995 = VECTOR('',#9996,1.);
#9996 = DIRECTION('',(0.,0.,-1.));
#9997 = PLANE('',#9998);
#9998 = AXIS2_PLACEMENT_3D('',#9999,#10000,#10001);
#9999 = CARTESIAN_POINT('',(2.416419230769E+03,4.06935E+03,2.43105E+03)
  );
#10000 = DIRECTION('',(1.,0.,0.));
#10001 = DIRECTION('',(0.,0.,1.));
#10002 = ADVANCED_FACE('',(#10003),#10021,.T.);
#10003 = FACE_BOUND('',#10004,.T.);
#10004 = EDGE_LOOP('',(#10005,#10013,#10019,#10020));
#10005 = ORIENTED_EDGE('',*,*,#10006,.F.);
#10006 = EDGE_CURVE('',#10007,#9983,#10009,.T.);
#10007 = VERTEX_POINT('',#10008);
#10008 = CARTESIAN_POINT('',(-101.6,4.10845E+03,2.580171718147E+03));
#10009 = LINE('',#10010,#10011);
#10010 = CARTESIAN_POINT('',(-248.4211132048,4.10845E+03,
    2.515264314819E+03));
#10011 = VECTOR('',#10012,1.);
#10012 = DIRECTION('',(0.914610688653,0.,0.404335613323));
#10013 = ORIENTED_EDGE('',*,*,#10014,.F.);
#10014 = EDGE_CURVE('',#9922,#10007,#10015,.T.);
#10015 = LINE('',#10016,#10017);
#10016 = CARTESIAN_POINT('',(-101.6,1.83515E+03,2.580171718147E+03));
#10017 = VECTOR('',#10018,1.);
#10018 = DIRECTION('',(0.,1.,0.));
#10019 = ORIENTED_EDGE('',*,*,#9929,.T.);
#10020 = ORIENTED_EDGE('',*,*,#9982,.T.);
#10021 = PLANE('',#10022);
#10022 = AXIS2_PLACEMENT_3D('',#10023,#10024,#10025);
#10023 = CARTESIAN_POINT('',(-248.4211132048,4.07035E+03,
    2.515264314819E+03));
#10024 = DIRECTION('',(-0.404335613323,0.,0.914610688653));
#10025 = DIRECTION('',(0.914610688653,0.,0.404335613323));
#10026 = ADVANCED_FACE('',(#10027),#10045,.F.);
#10027 = FACE_BOUND('',#10028,.F.);
#10028 = EDGE_LOOP('',(#10029,#10030,#10031,#10039));
#10029 = ORIENTED_EDGE('',*,*,#10014,.F.);
#10030 = ORIENTED_EDGE('',*,*,#9921,.T.);
#10031 = ORIENTED_EDGE('',*,*,#10032,.T.);
#10032 = EDGE_CURVE('',#9914,#10033,#10035,.T.);
#10033 = VERTEX_POINT('',#10034);
#10034 = CARTESIAN_POINT('',(-101.6,4.10845E+03,2.5019E+03));
#10035 = LINE('',#10036,#10037);
#10036 = CARTESIAN_POINT('',(-101.6,-400.05,2.5019E+03));
#10037 = VECTOR('',#10038,1.);
#10038 = DIRECTION('',(0.,1.,0.));
#10039 = ORIENTED_EDGE('',*,*,#10040,.F.);
#10040 = EDGE_CURVE('',#10007,#10033,#10041,.T.);
#10041 = LINE('',#10042,#10043);
#10042 = CARTESIAN_POINT('',(-101.6,4.10845E+03,2.165296600807E+03));
#10043 = VECTOR('',#10044,1.);
#10044 = DIRECTION('',(0.,0.,-1.));
#10045 = PLANE('',#10046);
#10046 = AXIS2_PLACEMENT_3D('',#10047,#10048,#10049);
#10047 = CARTESIAN_POINT('',(-101.6,-400.05,1.9431E+03));
#10048 = DIRECTION('',(1.,0.,0.));
#10049 = DIRECTION('',(0.,0.,1.));
#10050 = ADVANCED_FACE('',(#10051),#10063,.T.);
#10051 = FACE_BOUND('',#10052,.T.);
#10052 = EDGE_LOOP('',(#10053,#10054,#10060,#10061,#10062));
#10053 = ORIENTED_EDGE('',*,*,#9951,.F.);
#10054 = ORIENTED_EDGE('',*,*,#10055,.F.);
#10055 = EDGE_CURVE('',#10033,#9952,#10056,.T.);
#10056 = LINE('',#10057,#10058);
#10057 = CARTESIAN_POINT('',(-295.9927140117,4.10845E+03,2.5019E+03));
#10058 = VECTOR('',#10059,1.);
#10059 = DIRECTION('',(1.,0.,0.));
#10060 = ORIENTED_EDGE('',*,*,#10040,.F.);
#10061 = ORIENTED_EDGE('',*,*,#10006,.T.);
#10062 = ORIENTED_EDGE('',*,*,#9992,.T.);
#10063 = PLANE('',#10064);
#10064 = AXIS2_PLACEMENT_3D('',#10065,#10066,#10067);
#10065 = CARTESIAN_POINT('',(-191.9354280235,4.10845E+03,
    2.387493201614E+03));
#10066 = DIRECTION('',(0.,1.,0.));
#10067 = DIRECTION('',(-0.404335613323,0.,0.914610688653));
#10068 = ADVANCED_FACE('',(#10069),#10075,.T.);
#10069 = FACE_BOUND('',#10070,.T.);
#10070 = EDGE_LOOP('',(#10071,#10072,#10073,#10074));
#10071 = ORIENTED_EDGE('',*,*,#9913,.F.);
#10072 = ORIENTED_EDGE('',*,*,#10032,.T.);
#10073 = ORIENTED_EDGE('',*,*,#10055,.T.);
#10074 = ORIENTED_EDGE('',*,*,#9961,.F.);
#10075 = PLANE('',#10076);
#10076 = AXIS2_PLACEMENT_3D('',#10077,#10078,#10079);
#10077 = CARTESIAN_POINT('',(-17.37312544407,4.0894E+03,2.5019E+03));
#10078 = DIRECTION('',(-0.,-0.,-1.));
#10079 = DIRECTION('',(-1.,0.,0.));
#10080 = MANIFOLD_SOLID_BREP('',#10081);
#10081 = CLOSED_SHELL('',(#10082,#10130,#10161,#10185,#10209,#10233,
    #10251));
#10082 = ADVANCED_FACE('',(#10083),#10125,.F.);
#10083 = FACE_BOUND('',#10084,.F.);
#10084 = EDGE_LOOP('',(#10085,#10095,#10103,#10111,#10119));
#10085 = ORIENTED_EDGE('',*,*,#10086,.F.);
#10086 = EDGE_CURVE('',#10087,#10089,#10091,.T.);
#10087 = VERTEX_POINT('',#10088);
#10088 = CARTESIAN_POINT('',(66.853749111855,3.46075E+03,2.5019E+03));
#10089 = VERTEX_POINT('',#10090);
#10090 = CARTESIAN_POINT('',(3.072911538462E+03,3.46075E+03,
    3.830832883709E+03));
#10091 = LINE('',#10092,#10093);
#10092 = CARTESIAN_POINT('',(-191.9354280235,3.46075E+03,
    2.387493201614E+03));
#10093 = VECTOR('',#10094,1.);
#10094 = DIRECTION('',(0.914610688653,0.,0.404335613323));
#10095 = ORIENTED_EDGE('',*,*,#10096,.F.);
#10096 = EDGE_CURVE('',#10097,#10087,#10099,.T.);
#10097 = VERTEX_POINT('',#10098);
#10098 = CARTESIAN_POINT('',(-101.6,3.46075E+03,2.5019E+03));
#10099 = LINE('',#10100,#10101);
#10100 = CARTESIAN_POINT('',(-295.9927140117,3.46075E+03,2.5019E+03));
#10101 = VECTOR('',#10102,1.);
#10102 = DIRECTION('',(1.,0.,0.));
#10103 = ORIENTED_EDGE('',*,*,#10104,.F.);
#10104 = EDGE_CURVE('',#10105,#10097,#10107,.T.);
#10105 = VERTEX_POINT('',#10106);
#10106 = CARTESIAN_POINT('',(-101.6,3.46075E+03,2.580171718147E+03));
#10107 = LINE('',#10108,#10109);
#10108 = CARTESIAN_POINT('',(-101.6,3.46075E+03,2.165296600807E+03));
#10109 = VECTOR('',#10110,1.);
#10110 = DIRECTION('',(0.,0.,-1.));
#10111 = ORIENTED_EDGE('',*,*,#10112,.T.);
#10112 = EDGE_CURVE('',#10105,#10113,#10115,.T.);
#10113 = VERTEX_POINT('',#10114);
#10114 = CARTESIAN_POINT('',(3.072911538462E+03,3.46075E+03,
    3.983575467775E+03));
#10115 = LINE('',#10116,#10117);
#10116 = CARTESIAN_POINT('',(-248.4211132048,3.46075E+03,
    2.515264314819E+03));
#10117 = VECTOR('',#10118,1.);
#10118 = DIRECTION('',(0.914610688653,0.,0.404335613323));
#10119 = ORIENTED_EDGE('',*,*,#10120,.T.);
#10120 = EDGE_CURVE('',#10113,#10089,#10121,.T.);
#10121 = LINE('',#10122,#10123);
#10122 = CARTESIAN_POINT('',(3.072911538462E+03,3.46075E+03,
    2.409271600807E+03));
#10123 = VECTOR('',#10124,1.);
#10124 = DIRECTION('',(0.,0.,-1.));
#10125 = PLANE('',#10126);
#10126 = AXIS2_PLACEMENT_3D('',#10127,#10128,#10129);
#10127 = CARTESIAN_POINT('',(-191.9354280235,3.46075E+03,
    2.387493201614E+03));
#10128 = DIRECTION('',(0.,1.,0.));
#10129 = DIRECTION('',(-0.404335613323,0.,0.914610688653));
#10130 = ADVANCED_FACE('',(#10131),#10156,.F.);
#10131 = FACE_BOUND('',#10132,.F.);
#10132 = EDGE_LOOP('',(#10133,#10143,#10149,#10150));
#10133 = ORIENTED_EDGE('',*,*,#10134,.F.);
#10134 = EDGE_CURVE('',#10135,#10137,#10139,.T.);
#10135 = VERTEX_POINT('',#10136);
#10136 = CARTESIAN_POINT('',(66.853749111855,3.49885E+03,2.5019E+03));
#10137 = VERTEX_POINT('',#10138);
#10138 = CARTESIAN_POINT('',(3.072911538462E+03,3.49885E+03,
    3.830832883709E+03));
#10139 = LINE('',#10140,#10141);
#10140 = CARTESIAN_POINT('',(-191.9354280235,3.49885E+03,
    2.387493201614E+03));
#10141 = VECTOR('',#10142,1.);
#10142 = DIRECTION('',(0.914610688653,0.,0.404335613323));
#10143 = ORIENTED_EDGE('',*,*,#10144,.F.);
#10144 = EDGE_CURVE('',#10087,#10135,#10145,.T.);
#10145 = LINE('',#10146,#10147);
#10146 = CARTESIAN_POINT('',(66.853749111855,3.32105E+03,2.5019E+03));
#10147 = VECTOR('',#10148,1.);
#10148 = DIRECTION('',(0.,1.,0.));
#10149 = ORIENTED_EDGE('',*,*,#10086,.T.);
#10150 = ORIENTED_EDGE('',*,*,#10151,.T.);
#10151 = EDGE_CURVE('',#10089,#10137,#10152,.T.);
#10152 = LINE('',#10153,#10154);
#10153 = CARTESIAN_POINT('',(3.072911538462E+03,3.46025E+03,
    3.830832883709E+03));
#10154 = VECTOR('',#10155,1.);
#10155 = DIRECTION('',(0.,1.,0.));
#10156 = PLANE('',#10157);
#10157 = AXIS2_PLACEMENT_3D('',#10158,#10159,#10160);
#10158 = CARTESIAN_POINT('',(-191.9354280235,3.46075E+03,
    2.387493201614E+03));
#10159 = DIRECTION('',(-0.404335613323,0.,0.914610688653));
#10160 = DIRECTION('',(0.914610688653,0.,0.404335613323));
#10161 = ADVANCED_FACE('',(#10162),#10180,.T.);
#10162 = FACE_BOUND('',#10163,.T.);
#10163 = EDGE_LOOP('',(#10164,#10172,#10173,#10174));
#10164 = ORIENTED_EDGE('',*,*,#10165,.F.);
#10165 = EDGE_CURVE('',#10113,#10166,#10168,.T.);
#10166 = VERTEX_POINT('',#10167);
#10167 = CARTESIAN_POINT('',(3.072911538462E+03,3.49885E+03,
    3.983575467775E+03));
#10168 = LINE('',#10169,#10170);
#10169 = CARTESIAN_POINT('',(3.072911538462E+03,3.46025E+03,
    3.983575467775E+03));
#10170 = VECTOR('',#10171,1.);
#10171 = DIRECTION('',(0.,1.,0.));
#10172 = ORIENTED_EDGE('',*,*,#10120,.T.);
#10173 = ORIENTED_EDGE('',*,*,#10151,.T.);
#10174 = ORIENTED_EDGE('',*,*,#10175,.F.);
#10175 = EDGE_CURVE('',#10166,#10137,#10176,.T.);
#10176 = LINE('',#10177,#10178);
#10177 = CARTESIAN_POINT('',(3.072911538462E+03,3.49885E+03,
    2.409271600807E+03));
#10178 = VECTOR('',#10179,1.);
#10179 = DIRECTION('',(0.,0.,-1.));
#10180 = PLANE('',#10181);
#10181 = AXIS2_PLACEMENT_3D('',#10182,#10183,#10184);
#10182 = CARTESIAN_POINT('',(3.072911538462E+03,3.45975E+03,2.43105E+03)
  );
#10183 = DIRECTION('',(1.,0.,0.));
#10184 = DIRECTION('',(0.,0.,1.));
#10185 = ADVANCED_FACE('',(#10186),#10204,.T.);
#10186 = FACE_BOUND('',#10187,.T.);
#10187 = EDGE_LOOP('',(#10188,#10196,#10202,#10203));
#10188 = ORIENTED_EDGE('',*,*,#10189,.F.);
#10189 = EDGE_CURVE('',#10190,#10166,#10192,.T.);
#10190 = VERTEX_POINT('',#10191);
#10191 = CARTESIAN_POINT('',(-101.6,3.49885E+03,2.580171718147E+03));
#10192 = LINE('',#10193,#10194);
#10193 = CARTESIAN_POINT('',(-248.4211132048,3.49885E+03,
    2.515264314819E+03));
#10194 = VECTOR('',#10195,1.);
#10195 = DIRECTION('',(0.914610688653,0.,0.404335613323));
#10196 = ORIENTED_EDGE('',*,*,#10197,.F.);
#10197 = EDGE_CURVE('',#10105,#10190,#10198,.T.);
#10198 = LINE('',#10199,#10200);
#10199 = CARTESIAN_POINT('',(-101.6,1.53035E+03,2.580171718147E+03));
#10200 = VECTOR('',#10201,1.);
#10201 = DIRECTION('',(0.,1.,0.));
#10202 = ORIENTED_EDGE('',*,*,#10112,.T.);
#10203 = ORIENTED_EDGE('',*,*,#10165,.T.);
#10204 = PLANE('',#10205);
#10205 = AXIS2_PLACEMENT_3D('',#10206,#10207,#10208);
#10206 = CARTESIAN_POINT('',(-248.4211132048,3.46075E+03,
    2.515264314819E+03));
#10207 = DIRECTION('',(-0.404335613323,0.,0.914610688653));
#10208 = DIRECTION('',(0.914610688653,0.,0.404335613323));
#10209 = ADVANCED_FACE('',(#10210),#10228,.F.);
#10210 = FACE_BOUND('',#10211,.F.);
#10211 = EDGE_LOOP('',(#10212,#10213,#10214,#10222));
#10212 = ORIENTED_EDGE('',*,*,#10197,.F.);
#10213 = ORIENTED_EDGE('',*,*,#10104,.T.);
#10214 = ORIENTED_EDGE('',*,*,#10215,.T.);
#10215 = EDGE_CURVE('',#10097,#10216,#10218,.T.);
#10216 = VERTEX_POINT('',#10217);
#10217 = CARTESIAN_POINT('',(-101.6,3.49885E+03,2.5019E+03));
#10218 = LINE('',#10219,#10220);
#10219 = CARTESIAN_POINT('',(-101.6,-400.05,2.5019E+03));
#10220 = VECTOR('',#10221,1.);
#10221 = DIRECTION('',(0.,1.,0.));
#10222 = ORIENTED_EDGE('',*,*,#10223,.F.);
#10223 = EDGE_CURVE('',#10190,#10216,#10224,.T.);
#10224 = LINE('',#10225,#10226);
#10225 = CARTESIAN_POINT('',(-101.6,3.49885E+03,2.165296600807E+03));
#10226 = VECTOR('',#10227,1.);
#10227 = DIRECTION('',(0.,0.,-1.));
#10228 = PLANE('',#10229);
#10229 = AXIS2_PLACEMENT_3D('',#10230,#10231,#10232);
#10230 = CARTESIAN_POINT('',(-101.6,-400.05,1.9431E+03));
#10231 = DIRECTION('',(1.,0.,0.));
#10232 = DIRECTION('',(0.,0.,1.));
#10233 = ADVANCED_FACE('',(#10234),#10246,.T.);
#10234 = FACE_BOUND('',#10235,.T.);
#10235 = EDGE_LOOP('',(#10236,#10237,#10243,#10244,#10245));
#10236 = ORIENTED_EDGE('',*,*,#10134,.F.);
#10237 = ORIENTED_EDGE('',*,*,#10238,.F.);
#10238 = EDGE_CURVE('',#10216,#10135,#10239,.T.);
#10239 = LINE('',#10240,#10241);
#10240 = CARTESIAN_POINT('',(-295.9927140117,3.49885E+03,2.5019E+03));
#10241 = VECTOR('',#10242,1.);
#10242 = DIRECTION('',(1.,0.,0.));
#10243 = ORIENTED_EDGE('',*,*,#10223,.F.);
#10244 = ORIENTED_EDGE('',*,*,#10189,.T.);
#10245 = ORIENTED_EDGE('',*,*,#10175,.T.);
#10246 = PLANE('',#10247);
#10247 = AXIS2_PLACEMENT_3D('',#10248,#10249,#10250);
#10248 = CARTESIAN_POINT('',(-191.9354280235,3.49885E+03,
    2.387493201614E+03));
#10249 = DIRECTION('',(0.,1.,0.));
#10250 = DIRECTION('',(-0.404335613323,0.,0.914610688653));
#10251 = ADVANCED_FACE('',(#10252),#10258,.T.);
#10252 = FACE_BOUND('',#10253,.T.);
#10253 = EDGE_LOOP('',(#10254,#10255,#10256,#10257));
#10254 = ORIENTED_EDGE('',*,*,#10096,.F.);
#10255 = ORIENTED_EDGE('',*,*,#10215,.T.);
#10256 = ORIENTED_EDGE('',*,*,#10238,.T.);
#10257 = ORIENTED_EDGE('',*,*,#10144,.F.);
#10258 = PLANE('',#10259);
#10259 = AXIS2_PLACEMENT_3D('',#10260,#10261,#10262);
#10260 = CARTESIAN_POINT('',(-17.37312544407,3.4798E+03,2.5019E+03));
#10261 = DIRECTION('',(-0.,-0.,-1.));
#10262 = DIRECTION('',(-1.,0.,0.));
#10263 = MANIFOLD_SOLID_BREP('',#10264);
#10264 = CLOSED_SHELL('',(#10265,#10313,#10344,#10368,#10392,#10416,
    #10434));
#10265 = ADVANCED_FACE('',(#10266),#10308,.F.);
#10266 = FACE_BOUND('',#10267,.F.);
#10267 = EDGE_LOOP('',(#10268,#10278,#10286,#10294,#10302));
#10268 = ORIENTED_EDGE('',*,*,#10269,.F.);
#10269 = EDGE_CURVE('',#10270,#10272,#10274,.T.);
#10270 = VERTEX_POINT('',#10271);
#10271 = CARTESIAN_POINT('',(6.270446250888E+03,425.45,2.5019E+03));
#10272 = VERTEX_POINT('',#10273);
#10273 = CARTESIAN_POINT('',(5.890357692308E+03,425.45,
    2.669931428407E+03));
#10274 = LINE('',#10275,#10276);
#10275 = CARTESIAN_POINT('',(6.529235428024E+03,425.45,
    2.387493201614E+03));
#10276 = VECTOR('',#10277,1.);
#10277 = DIRECTION('',(-0.914610688653,1.120075052325E-16,0.404335613323
    ));
#10278 = ORIENTED_EDGE('',*,*,#10279,.F.);
#10279 = EDGE_CURVE('',#10280,#10270,#10282,.T.);
#10280 = VERTEX_POINT('',#10281);
#10281 = CARTESIAN_POINT('',(6.4389E+03,425.45,2.5019E+03));
#10282 = LINE('',#10283,#10284);
#10283 = CARTESIAN_POINT('',(6.433267714012E+03,425.45,2.5019E+03));
#10284 = VECTOR('',#10285,1.);
#10285 = DIRECTION('',(-1.,1.224646799147E-16,0.));
#10286 = ORIENTED_EDGE('',*,*,#10287,.T.);
#10287 = EDGE_CURVE('',#10280,#10288,#10290,.T.);
#10288 = VERTEX_POINT('',#10289);
#10289 = CARTESIAN_POINT('',(6.4389E+03,425.45,2.580171718147E+03));
#10290 = LINE('',#10291,#10292);
#10291 = CARTESIAN_POINT('',(6.4389E+03,425.45,2.165296600807E+03));
#10292 = VECTOR('',#10293,1.);
#10293 = DIRECTION('',(0.,0.,1.));
#10294 = ORIENTED_EDGE('',*,*,#10295,.T.);
#10295 = EDGE_CURVE('',#10288,#10296,#10298,.T.);
#10296 = VERTEX_POINT('',#10297);
#10297 = CARTESIAN_POINT('',(5.890357692308E+03,425.45,
    2.822674012474E+03));
#10298 = LINE('',#10299,#10300);
#10299 = CARTESIAN_POINT('',(6.585721113205E+03,425.45,
    2.515264314819E+03));
#10300 = VECTOR('',#10301,1.);
#10301 = DIRECTION('',(-0.914610688653,1.120075052325E-16,0.404335613323
    ));
#10302 = ORIENTED_EDGE('',*,*,#10303,.T.);
#10303 = EDGE_CURVE('',#10296,#10272,#10304,.T.);
#10304 = LINE('',#10305,#10306);
#10305 = CARTESIAN_POINT('',(5.890357692308E+03,425.45,
    2.409271600807E+03));
#10306 = VECTOR('',#10307,1.);
#10307 = DIRECTION('',(-0.,0.,-1.));
#10308 = PLANE('',#10309);
#10309 = AXIS2_PLACEMENT_3D('',#10310,#10311,#10312);
#10310 = CARTESIAN_POINT('',(6.529235428024E+03,425.45,
    2.387493201614E+03));
#10311 = DIRECTION('',(-1.224646799147E-16,-1.,0.));
#10312 = DIRECTION('',(0.404335613323,-4.951683146378E-17,0.914610688653
    ));
#10313 = ADVANCED_FACE('',(#10314),#10339,.F.);
#10314 = FACE_BOUND('',#10315,.F.);
#10315 = EDGE_LOOP('',(#10316,#10326,#10332,#10333));
#10316 = ORIENTED_EDGE('',*,*,#10317,.F.);
#10317 = EDGE_CURVE('',#10318,#10320,#10322,.T.);
#10318 = VERTEX_POINT('',#10319);
#10319 = CARTESIAN_POINT('',(6.270446250888E+03,387.35,2.5019E+03));
#10320 = VERTEX_POINT('',#10321);
#10321 = CARTESIAN_POINT('',(5.890357692308E+03,387.35,
    2.669931428407E+03));
#10322 = LINE('',#10323,#10324);
#10323 = CARTESIAN_POINT('',(6.529235428024E+03,387.35,
    2.387493201614E+03));
#10324 = VECTOR('',#10325,1.);
#10325 = DIRECTION('',(-0.914610688653,1.120075052325E-16,0.404335613323
    ));
#10326 = ORIENTED_EDGE('',*,*,#10327,.F.);
#10327 = EDGE_CURVE('',#10270,#10318,#10328,.T.);
#10328 = LINE('',#10329,#10330);
#10329 = CARTESIAN_POINT('',(6.270446250888E+03,565.15,2.5019E+03));
#10330 = VECTOR('',#10331,1.);
#10331 = DIRECTION('',(-1.224646799147E-16,-1.,0.));
#10332 = ORIENTED_EDGE('',*,*,#10269,.T.);
#10333 = ORIENTED_EDGE('',*,*,#10334,.T.);
#10334 = EDGE_CURVE('',#10272,#10320,#10335,.T.);
#10335 = LINE('',#10336,#10337);
#10336 = CARTESIAN_POINT('',(5.890357692308E+03,425.95,
    2.669931428407E+03));
#10337 = VECTOR('',#10338,1.);
#10338 = DIRECTION('',(-1.224646799147E-16,-1.,0.));
#10339 = PLANE('',#10340);
#10340 = AXIS2_PLACEMENT_3D('',#10341,#10342,#10343);
#10341 = CARTESIAN_POINT('',(6.529235428024E+03,425.45,
    2.387493201614E+03));
#10342 = DIRECTION('',(0.404335613323,-4.951683146378E-17,0.914610688653
    ));
#10343 = DIRECTION('',(-0.914610688653,1.120075052325E-16,0.404335613323
    ));
#10344 = ADVANCED_FACE('',(#10345),#10363,.T.);
#10345 = FACE_BOUND('',#10346,.T.);
#10346 = EDGE_LOOP('',(#10347,#10355,#10356,#10357));
#10347 = ORIENTED_EDGE('',*,*,#10348,.F.);
#10348 = EDGE_CURVE('',#10296,#10349,#10351,.T.);
#10349 = VERTEX_POINT('',#10350);
#10350 = CARTESIAN_POINT('',(5.890357692308E+03,387.35,
    2.822674012474E+03));
#10351 = LINE('',#10352,#10353);
#10352 = CARTESIAN_POINT('',(5.890357692308E+03,425.95,
    2.822674012474E+03));
#10353 = VECTOR('',#10354,1.);
#10354 = DIRECTION('',(-1.224646799147E-16,-1.,0.));
#10355 = ORIENTED_EDGE('',*,*,#10303,.T.);
#10356 = ORIENTED_EDGE('',*,*,#10334,.T.);
#10357 = ORIENTED_EDGE('',*,*,#10358,.F.);
#10358 = EDGE_CURVE('',#10349,#10320,#10359,.T.);
#10359 = LINE('',#10360,#10361);
#10360 = CARTESIAN_POINT('',(5.890357692308E+03,387.35,
    2.409271600807E+03));
#10361 = VECTOR('',#10362,1.);
#10362 = DIRECTION('',(-0.,0.,-1.));
#10363 = PLANE('',#10364);
#10364 = AXIS2_PLACEMENT_3D('',#10365,#10366,#10367);
#10365 = CARTESIAN_POINT('',(5.890357692308E+03,426.45,2.43105E+03));
#10366 = DIRECTION('',(-1.,1.224646799147E-16,0.));
#10367 = DIRECTION('',(0.,0.,1.));
#10368 = ADVANCED_FACE('',(#10369),#10387,.T.);
#10369 = FACE_BOUND('',#10370,.T.);
#10370 = EDGE_LOOP('',(#10371,#10379,#10385,#10386));
#10371 = ORIENTED_EDGE('',*,*,#10372,.F.);
#10372 = EDGE_CURVE('',#10373,#10349,#10375,.T.);
#10373 = VERTEX_POINT('',#10374);
#10374 = CARTESIAN_POINT('',(6.4389E+03,387.35,2.580171718147E+03));
#10375 = LINE('',#10376,#10377);
#10376 = CARTESIAN_POINT('',(6.585721113205E+03,387.35,
    2.515264314819E+03));
#10377 = VECTOR('',#10378,1.);
#10378 = DIRECTION('',(-0.914610688653,1.120075052325E-16,0.404335613323
    ));
#10379 = ORIENTED_EDGE('',*,*,#10380,.T.);
#10380 = EDGE_CURVE('',#10373,#10288,#10381,.T.);
#10381 = LINE('',#10382,#10383);
#10382 = CARTESIAN_POINT('',(6.4389E+03,12.7,2.580171718147E+03));
#10383 = VECTOR('',#10384,1.);
#10384 = DIRECTION('',(2.424646799147E-16,1.,-5.E-17));
#10385 = ORIENTED_EDGE('',*,*,#10295,.T.);
#10386 = ORIENTED_EDGE('',*,*,#10348,.T.);
#10387 = PLANE('',#10388);
#10388 = AXIS2_PLACEMENT_3D('',#10389,#10390,#10391);
#10389 = CARTESIAN_POINT('',(6.585721113205E+03,425.45,
    2.515264314819E+03));
#10390 = DIRECTION('',(0.404335613323,-4.951683146378E-17,0.914610688653
    ));
#10391 = DIRECTION('',(-0.914610688653,1.120075052325E-16,0.404335613323
    ));
#10392 = ADVANCED_FACE('',(#10393),#10411,.T.);
#10393 = FACE_BOUND('',#10394,.T.);
#10394 = EDGE_LOOP('',(#10395,#10403,#10404,#10405));
#10395 = ORIENTED_EDGE('',*,*,#10396,.T.);
#10396 = EDGE_CURVE('',#10397,#10280,#10399,.T.);
#10397 = VERTEX_POINT('',#10398);
#10398 = CARTESIAN_POINT('',(6.4389E+03,387.35,2.5019E+03));
#10399 = LINE('',#10400,#10401);
#10400 = CARTESIAN_POINT('',(6.4389E+03,-400.05,2.5019E+03));
#10401 = VECTOR('',#10402,1.);
#10402 = DIRECTION('',(2.424646799147E-16,1.,0.));
#10403 = ORIENTED_EDGE('',*,*,#10287,.T.);
#10404 = ORIENTED_EDGE('',*,*,#10380,.F.);
#10405 = ORIENTED_EDGE('',*,*,#10406,.F.);
#10406 = EDGE_CURVE('',#10397,#10373,#10407,.T.);
#10407 = LINE('',#10408,#10409);
#10408 = CARTESIAN_POINT('',(6.4389E+03,387.35,2.165296600807E+03));
#10409 = VECTOR('',#10410,1.);
#10410 = DIRECTION('',(0.,0.,1.));
#10411 = PLANE('',#10412);
#10412 = AXIS2_PLACEMENT_3D('',#10413,#10414,#10415);
#10413 = CARTESIAN_POINT('',(6.4389E+03,-400.05,1.9431E+03));
#10414 = DIRECTION('',(1.,-1.224646799147E-16,0.));
#10415 = DIRECTION('',(0.,0.,1.));
#10416 = ADVANCED_FACE('',(#10417),#10429,.T.);
#10417 = FACE_BOUND('',#10418,.T.);
#10418 = EDGE_LOOP('',(#10419,#10420,#10426,#10427,#10428));
#10419 = ORIENTED_EDGE('',*,*,#10317,.F.);
#10420 = ORIENTED_EDGE('',*,*,#10421,.F.);
#10421 = EDGE_CURVE('',#10397,#10318,#10422,.T.);
#10422 = LINE('',#10423,#10424);
#10423 = CARTESIAN_POINT('',(6.633292714012E+03,387.35,2.5019E+03));
#10424 = VECTOR('',#10425,1.);
#10425 = DIRECTION('',(-1.,1.224646799147E-16,0.));
#10426 = ORIENTED_EDGE('',*,*,#10406,.T.);
#10427 = ORIENTED_EDGE('',*,*,#10372,.T.);
#10428 = ORIENTED_EDGE('',*,*,#10358,.T.);
#10429 = PLANE('',#10430);
#10430 = AXIS2_PLACEMENT_3D('',#10431,#10432,#10433);
#10431 = CARTESIAN_POINT('',(6.529235428024E+03,387.35,
    2.387493201614E+03));
#10432 = DIRECTION('',(-1.224646799147E-16,-1.,0.));
#10433 = DIRECTION('',(0.404335613323,-4.951683146378E-17,0.914610688653
    ));
#10434 = ADVANCED_FACE('',(#10435),#10441,.T.);
#10435 = FACE_BOUND('',#10436,.T.);
#10436 = EDGE_LOOP('',(#10437,#10438,#10439,#10440));
#10437 = ORIENTED_EDGE('',*,*,#10279,.F.);
#10438 = ORIENTED_EDGE('',*,*,#10396,.F.);
#10439 = ORIENTED_EDGE('',*,*,#10421,.T.);
#10440 = ORIENTED_EDGE('',*,*,#10327,.F.);
#10441 = PLANE('',#10442);
#10442 = AXIS2_PLACEMENT_3D('',#10443,#10444,#10445);
#10443 = CARTESIAN_POINT('',(6.354673125444E+03,406.4,2.5019E+03));
#10444 = DIRECTION('',(0.,0.,-1.));
#10445 = DIRECTION('',(1.,-1.224646799147E-16,0.));
#10446 = MANIFOLD_SOLID_BREP('',#10447);
#10447 = CLOSED_SHELL('',(#10448,#10496,#10527,#10551,#10575,#10599,
    #10617));
#10448 = ADVANCED_FACE('',(#10449),#10491,.F.);
#10449 = FACE_BOUND('',#10450,.F.);
#10450 = EDGE_LOOP('',(#10451,#10461,#10469,#10477,#10485));
#10451 = ORIENTED_EDGE('',*,*,#10452,.F.);
#10452 = EDGE_CURVE('',#10453,#10455,#10457,.T.);
#10453 = VERTEX_POINT('',#10454);
#10454 = CARTESIAN_POINT('',(6.270446250888E+03,1.03505E+03,2.5019E+03)
  );
#10455 = VERTEX_POINT('',#10456);
#10456 = CARTESIAN_POINT('',(5.233865384615E+03,1.03505E+03,
    2.960156792233E+03));
#10457 = LINE('',#10458,#10459);
#10458 = CARTESIAN_POINT('',(6.529235428024E+03,1.03505E+03,
    2.387493201614E+03));
#10459 = VECTOR('',#10460,1.);
#10460 = DIRECTION('',(-0.914610688653,1.120075052325E-16,0.404335613323
    ));
#10461 = ORIENTED_EDGE('',*,*,#10462,.F.);
#10462 = EDGE_CURVE('',#10463,#10453,#10465,.T.);
#10463 = VERTEX_POINT('',#10464);
#10464 = CARTESIAN_POINT('',(6.4389E+03,1.03505E+03,2.5019E+03));
#10465 = LINE('',#10466,#10467);
#10466 = CARTESIAN_POINT('',(6.433267714012E+03,1.03505E+03,2.5019E+03)
  );
#10467 = VECTOR('',#10468,1.);
#10468 = DIRECTION('',(-1.,1.224646799147E-16,0.));
#10469 = ORIENTED_EDGE('',*,*,#10470,.T.);
#10470 = EDGE_CURVE('',#10463,#10471,#10473,.T.);
#10471 = VERTEX_POINT('',#10472);
#10472 = CARTESIAN_POINT('',(6.4389E+03,1.03505E+03,2.580171718147E+03)
  );
#10473 = LINE('',#10474,#10475);
#10474 = CARTESIAN_POINT('',(6.4389E+03,1.03505E+03,2.165296600807E+03)
  );
#10475 = VECTOR('',#10476,1.);
#10476 = DIRECTION('',(0.,0.,1.));
#10477 = ORIENTED_EDGE('',*,*,#10478,.T.);
#10478 = EDGE_CURVE('',#10471,#10479,#10481,.T.);
#10479 = VERTEX_POINT('',#10480);
#10480 = CARTESIAN_POINT('',(5.233865384615E+03,1.03505E+03,
    3.112899376299E+03));
#10481 = LINE('',#10482,#10483);
#10482 = CARTESIAN_POINT('',(6.585721113205E+03,1.03505E+03,
    2.515264314819E+03));
#10483 = VECTOR('',#10484,1.);
#10484 = DIRECTION('',(-0.914610688653,1.120075052325E-16,0.404335613323
    ));
#10485 = ORIENTED_EDGE('',*,*,#10486,.T.);
#10486 = EDGE_CURVE('',#10479,#10455,#10487,.T.);
#10487 = LINE('',#10488,#10489);
#10488 = CARTESIAN_POINT('',(5.233865384615E+03,1.03505E+03,
    2.409271600807E+03));
#10489 = VECTOR('',#10490,1.);
#10490 = DIRECTION('',(-0.,0.,-1.));
#10491 = PLANE('',#10492);
#10492 = AXIS2_PLACEMENT_3D('',#10493,#10494,#10495);
#10493 = CARTESIAN_POINT('',(6.529235428024E+03,1.03505E+03,
    2.387493201614E+03));
#10494 = DIRECTION('',(-1.224646799147E-16,-1.,0.));
#10495 = DIRECTION('',(0.404335613323,-4.951683146378E-17,0.914610688653
    ));
#10496 = ADVANCED_FACE('',(#10497),#10522,.F.);
#10497 = FACE_BOUND('',#10498,.F.);
#10498 = EDGE_LOOP('',(#10499,#10509,#10515,#10516));
#10499 = ORIENTED_EDGE('',*,*,#10500,.F.);
#10500 = EDGE_CURVE('',#10501,#10503,#10505,.T.);
#10501 = VERTEX_POINT('',#10502);
#10502 = CARTESIAN_POINT('',(6.270446250888E+03,996.95,2.5019E+03));
#10503 = VERTEX_POINT('',#10504);
#10504 = CARTESIAN_POINT('',(5.233865384615E+03,996.95,
    2.960156792233E+03));
#10505 = LINE('',#10506,#10507);
#10506 = CARTESIAN_POINT('',(6.529235428024E+03,996.95,
    2.387493201614E+03));
#10507 = VECTOR('',#10508,1.);
#10508 = DIRECTION('',(-0.914610688653,1.120075052325E-16,0.404335613323
    ));
#10509 = ORIENTED_EDGE('',*,*,#10510,.F.);
#10510 = EDGE_CURVE('',#10453,#10501,#10511,.T.);
#10511 = LINE('',#10512,#10513);
#10512 = CARTESIAN_POINT('',(6.270446250888E+03,1.17475E+03,2.5019E+03)
  );
#10513 = VECTOR('',#10514,1.);
#10514 = DIRECTION('',(-1.224646799147E-16,-1.,0.));
#10515 = ORIENTED_EDGE('',*,*,#10452,.T.);
#10516 = ORIENTED_EDGE('',*,*,#10517,.T.);
#10517 = EDGE_CURVE('',#10455,#10503,#10518,.T.);
#10518 = LINE('',#10519,#10520);
#10519 = CARTESIAN_POINT('',(5.233865384615E+03,1.03555E+03,
    2.960156792233E+03));
#10520 = VECTOR('',#10521,1.);
#10521 = DIRECTION('',(-1.224646799147E-16,-1.,0.));
#10522 = PLANE('',#10523);
#10523 = AXIS2_PLACEMENT_3D('',#10524,#10525,#10526);
#10524 = CARTESIAN_POINT('',(6.529235428024E+03,1.03505E+03,
    2.387493201614E+03));
#10525 = DIRECTION('',(0.404335613323,-4.951683146378E-17,0.914610688653
    ));
#10526 = DIRECTION('',(-0.914610688653,1.120075052325E-16,0.404335613323
    ));
#10527 = ADVANCED_FACE('',(#10528),#10546,.T.);
#10528 = FACE_BOUND('',#10529,.T.);
#10529 = EDGE_LOOP('',(#10530,#10538,#10539,#10540));
#10530 = ORIENTED_EDGE('',*,*,#10531,.F.);
#10531 = EDGE_CURVE('',#10479,#10532,#10534,.T.);
#10532 = VERTEX_POINT('',#10533);
#10533 = CARTESIAN_POINT('',(5.233865384615E+03,996.95,
    3.112899376299E+03));
#10534 = LINE('',#10535,#10536);
#10535 = CARTESIAN_POINT('',(5.233865384615E+03,1.03555E+03,
    3.112899376299E+03));
#10536 = VECTOR('',#10537,1.);
#10537 = DIRECTION('',(-1.224646799147E-16,-1.,0.));
#10538 = ORIENTED_EDGE('',*,*,#10486,.T.);
#10539 = ORIENTED_EDGE('',*,*,#10517,.T.);
#10540 = ORIENTED_EDGE('',*,*,#10541,.F.);
#10541 = EDGE_CURVE('',#10532,#10503,#10542,.T.);
#10542 = LINE('',#10543,#10544);
#10543 = CARTESIAN_POINT('',(5.233865384615E+03,996.95,
    2.409271600807E+03));
#10544 = VECTOR('',#10545,1.);
#10545 = DIRECTION('',(-0.,0.,-1.));
#10546 = PLANE('',#10547);
#10547 = AXIS2_PLACEMENT_3D('',#10548,#10549,#10550);
#10548 = CARTESIAN_POINT('',(5.233865384615E+03,1.03605E+03,2.43105E+03)
  );
#10549 = DIRECTION('',(-1.,1.224646799147E-16,0.));
#10550 = DIRECTION('',(0.,0.,1.));
#10551 = ADVANCED_FACE('',(#10552),#10570,.T.);
#10552 = FACE_BOUND('',#10553,.T.);
#10553 = EDGE_LOOP('',(#10554,#10562,#10568,#10569));
#10554 = ORIENTED_EDGE('',*,*,#10555,.F.);
#10555 = EDGE_CURVE('',#10556,#10532,#10558,.T.);
#10556 = VERTEX_POINT('',#10557);
#10557 = CARTESIAN_POINT('',(6.4389E+03,996.95,2.580171718147E+03));
#10558 = LINE('',#10559,#10560);
#10559 = CARTESIAN_POINT('',(6.585721113205E+03,996.95,
    2.515264314819E+03));
#10560 = VECTOR('',#10561,1.);
#10561 = DIRECTION('',(-0.914610688653,1.120075052325E-16,0.404335613323
    ));
#10562 = ORIENTED_EDGE('',*,*,#10563,.T.);
#10563 = EDGE_CURVE('',#10556,#10471,#10564,.T.);
#10564 = LINE('',#10565,#10566);
#10565 = CARTESIAN_POINT('',(6.4389E+03,317.5,2.580171718147E+03));
#10566 = VECTOR('',#10567,1.);
#10567 = DIRECTION('',(2.424646799147E-16,1.,-5.E-17));
#10568 = ORIENTED_EDGE('',*,*,#10478,.T.);
#10569 = ORIENTED_EDGE('',*,*,#10531,.T.);
#10570 = PLANE('',#10571);
#10571 = AXIS2_PLACEMENT_3D('',#10572,#10573,#10574);
#10572 = CARTESIAN_POINT('',(6.585721113205E+03,1.03505E+03,
    2.515264314819E+03));
#10573 = DIRECTION('',(0.404335613323,-4.951683146378E-17,0.914610688653
    ));
#10574 = DIRECTION('',(-0.914610688653,1.120075052325E-16,0.404335613323
    ));
#10575 = ADVANCED_FACE('',(#10576),#10594,.T.);
#10576 = FACE_BOUND('',#10577,.T.);
#10577 = EDGE_LOOP('',(#10578,#10586,#10587,#10588));
#10578 = ORIENTED_EDGE('',*,*,#10579,.T.);
#10579 = EDGE_CURVE('',#10580,#10463,#10582,.T.);
#10580 = VERTEX_POINT('',#10581);
#10581 = CARTESIAN_POINT('',(6.4389E+03,996.95,2.5019E+03));
#10582 = LINE('',#10583,#10584);
#10583 = CARTESIAN_POINT('',(6.4389E+03,-400.05,2.5019E+03));
#10584 = VECTOR('',#10585,1.);
#10585 = DIRECTION('',(2.424646799147E-16,1.,0.));
#10586 = ORIENTED_EDGE('',*,*,#10470,.T.);
#10587 = ORIENTED_EDGE('',*,*,#10563,.F.);
#10588 = ORIENTED_EDGE('',*,*,#10589,.F.);
#10589 = EDGE_CURVE('',#10580,#10556,#10590,.T.);
#10590 = LINE('',#10591,#10592);
#10591 = CARTESIAN_POINT('',(6.4389E+03,996.95,2.165296600807E+03));
#10592 = VECTOR('',#10593,1.);
#10593 = DIRECTION('',(0.,0.,1.));
#10594 = PLANE('',#10595);
#10595 = AXIS2_PLACEMENT_3D('',#10596,#10597,#10598);
#10596 = CARTESIAN_POINT('',(6.4389E+03,-400.05,1.9431E+03));
#10597 = DIRECTION('',(1.,-1.224646799147E-16,0.));
#10598 = DIRECTION('',(0.,0.,1.));
#10599 = ADVANCED_FACE('',(#10600),#10612,.T.);
#10600 = FACE_BOUND('',#10601,.T.);
#10601 = EDGE_LOOP('',(#10602,#10603,#10609,#10610,#10611));
#10602 = ORIENTED_EDGE('',*,*,#10500,.F.);
#10603 = ORIENTED_EDGE('',*,*,#10604,.F.);
#10604 = EDGE_CURVE('',#10580,#10501,#10605,.T.);
#10605 = LINE('',#10606,#10607);
#10606 = CARTESIAN_POINT('',(6.633292714012E+03,996.95,2.5019E+03));
#10607 = VECTOR('',#10608,1.);
#10608 = DIRECTION('',(-1.,1.224646799147E-16,0.));
#10609 = ORIENTED_EDGE('',*,*,#10589,.T.);
#10610 = ORIENTED_EDGE('',*,*,#10555,.T.);
#10611 = ORIENTED_EDGE('',*,*,#10541,.T.);
#10612 = PLANE('',#10613);
#10613 = AXIS2_PLACEMENT_3D('',#10614,#10615,#10616);
#10614 = CARTESIAN_POINT('',(6.529235428024E+03,996.95,
    2.387493201614E+03));
#10615 = DIRECTION('',(-1.224646799147E-16,-1.,0.));
#10616 = DIRECTION('',(0.404335613323,-4.951683146378E-17,0.914610688653
    ));
#10617 = ADVANCED_FACE('',(#10618),#10624,.T.);
#10618 = FACE_BOUND('',#10619,.T.);
#10619 = EDGE_LOOP('',(#10620,#10621,#10622,#10623));
#10620 = ORIENTED_EDGE('',*,*,#10462,.F.);
#10621 = ORIENTED_EDGE('',*,*,#10579,.F.);
#10622 = ORIENTED_EDGE('',*,*,#10604,.T.);
#10623 = ORIENTED_EDGE('',*,*,#10510,.F.);
#10624 = PLANE('',#10625);
#10625 = AXIS2_PLACEMENT_3D('',#10626,#10627,#10628);
#10626 = CARTESIAN_POINT('',(6.354673125444E+03,1.016E+03,2.5019E+03));
#10627 = DIRECTION('',(0.,0.,-1.));
#10628 = DIRECTION('',(1.,-1.224646799147E-16,0.));
#10629 = MANIFOLD_SOLID_BREP('',#10630);
#10630 = CLOSED_SHELL('',(#10631,#10679,#10710,#10734,#10758,#10782,
    #10800));
#10631 = ADVANCED_FACE('',(#10632),#10674,.F.);
#10632 = FACE_BOUND('',#10633,.F.);
#10633 = EDGE_LOOP('',(#10634,#10644,#10652,#10660,#10668));
#10634 = ORIENTED_EDGE('',*,*,#10635,.F.);
#10635 = EDGE_CURVE('',#10636,#10638,#10640,.T.);
#10636 = VERTEX_POINT('',#10637);
#10637 = CARTESIAN_POINT('',(6.270446250888E+03,1.64465E+03,2.5019E+03)
  );
#10638 = VERTEX_POINT('',#10639);
#10639 = CARTESIAN_POINT('',(4.577373076923E+03,1.64465E+03,
    3.250382156058E+03));
#10640 = LINE('',#10641,#10642);
#10641 = CARTESIAN_POINT('',(6.529235428024E+03,1.64465E+03,
    2.387493201614E+03));
#10642 = VECTOR('',#10643,1.);
#10643 = DIRECTION('',(-0.914610688653,1.120075052325E-16,0.404335613323
    ));
#10644 = ORIENTED_EDGE('',*,*,#10645,.F.);
#10645 = EDGE_CURVE('',#10646,#10636,#10648,.T.);
#10646 = VERTEX_POINT('',#10647);
#10647 = CARTESIAN_POINT('',(6.4389E+03,1.64465E+03,2.5019E+03));
#10648 = LINE('',#10649,#10650);
#10649 = CARTESIAN_POINT('',(6.433267714012E+03,1.64465E+03,2.5019E+03)
  );
#10650 = VECTOR('',#10651,1.);
#10651 = DIRECTION('',(-1.,1.224646799147E-16,0.));
#10652 = ORIENTED_EDGE('',*,*,#10653,.T.);
#10653 = EDGE_CURVE('',#10646,#10654,#10656,.T.);
#10654 = VERTEX_POINT('',#10655);
#10655 = CARTESIAN_POINT('',(6.4389E+03,1.64465E+03,2.580171718147E+03)
  );
#10656 = LINE('',#10657,#10658);
#10657 = CARTESIAN_POINT('',(6.4389E+03,1.64465E+03,2.165296600807E+03)
  );
#10658 = VECTOR('',#10659,1.);
#10659 = DIRECTION('',(0.,0.,1.));
#10660 = ORIENTED_EDGE('',*,*,#10661,.T.);
#10661 = EDGE_CURVE('',#10654,#10662,#10664,.T.);
#10662 = VERTEX_POINT('',#10663);
#10663 = CARTESIAN_POINT('',(4.577373076923E+03,1.64465E+03,
    3.403124740125E+03));
#10664 = LINE('',#10665,#10666);
#10665 = CARTESIAN_POINT('',(6.585721113205E+03,1.64465E+03,
    2.515264314819E+03));
#10666 = VECTOR('',#10667,1.);
#10667 = DIRECTION('',(-0.914610688653,1.120075052325E-16,0.404335613323
    ));
#10668 = ORIENTED_EDGE('',*,*,#10669,.T.);
#10669 = EDGE_CURVE('',#10662,#10638,#10670,.T.);
#10670 = LINE('',#10671,#10672);
#10671 = CARTESIAN_POINT('',(4.577373076923E+03,1.64465E+03,
    2.409271600807E+03));
#10672 = VECTOR('',#10673,1.);
#10673 = DIRECTION('',(-0.,0.,-1.));
#10674 = PLANE('',#10675);
#10675 = AXIS2_PLACEMENT_3D('',#10676,#10677,#10678);
#10676 = CARTESIAN_POINT('',(6.529235428024E+03,1.64465E+03,
    2.387493201614E+03));
#10677 = DIRECTION('',(-1.224646799147E-16,-1.,0.));
#10678 = DIRECTION('',(0.404335613323,-4.951683146378E-17,0.914610688653
    ));
#10679 = ADVANCED_FACE('',(#10680),#10705,.F.);
#10680 = FACE_BOUND('',#10681,.F.);
#10681 = EDGE_LOOP('',(#10682,#10692,#10698,#10699));
#10682 = ORIENTED_EDGE('',*,*,#10683,.F.);
#10683 = EDGE_CURVE('',#10684,#10686,#10688,.T.);
#10684 = VERTEX_POINT('',#10685);
#10685 = CARTESIAN_POINT('',(6.270446250888E+03,1.60655E+03,2.5019E+03)
  );
#10686 = VERTEX_POINT('',#10687);
#10687 = CARTESIAN_POINT('',(4.577373076923E+03,1.60655E+03,
    3.250382156058E+03));
#10688 = LINE('',#10689,#10690);
#10689 = CARTESIAN_POINT('',(6.529235428024E+03,1.60655E+03,
    2.387493201614E+03));
#10690 = VECTOR('',#10691,1.);
#10691 = DIRECTION('',(-0.914610688653,1.120075052325E-16,0.404335613323
    ));
#10692 = ORIENTED_EDGE('',*,*,#10693,.F.);
#10693 = EDGE_CURVE('',#10636,#10684,#10694,.T.);
#10694 = LINE('',#10695,#10696);
#10695 = CARTESIAN_POINT('',(6.270446250888E+03,1.78435E+03,2.5019E+03)
  );
#10696 = VECTOR('',#10697,1.);
#10697 = DIRECTION('',(-1.224646799147E-16,-1.,0.));
#10698 = ORIENTED_EDGE('',*,*,#10635,.T.);
#10699 = ORIENTED_EDGE('',*,*,#10700,.T.);
#10700 = EDGE_CURVE('',#10638,#10686,#10701,.T.);
#10701 = LINE('',#10702,#10703);
#10702 = CARTESIAN_POINT('',(4.577373076923E+03,1.64515E+03,
    3.250382156058E+03));
#10703 = VECTOR('',#10704,1.);
#10704 = DIRECTION('',(-1.224646799147E-16,-1.,0.));
#10705 = PLANE('',#10706);
#10706 = AXIS2_PLACEMENT_3D('',#10707,#10708,#10709);
#10707 = CARTESIAN_POINT('',(6.529235428024E+03,1.64465E+03,
    2.387493201614E+03));
#10708 = DIRECTION('',(0.404335613323,-4.951683146378E-17,0.914610688653
    ));
#10709 = DIRECTION('',(-0.914610688653,1.120075052325E-16,0.404335613323
    ));
#10710 = ADVANCED_FACE('',(#10711),#10729,.T.);
#10711 = FACE_BOUND('',#10712,.T.);
#10712 = EDGE_LOOP('',(#10713,#10721,#10722,#10723));
#10713 = ORIENTED_EDGE('',*,*,#10714,.F.);
#10714 = EDGE_CURVE('',#10662,#10715,#10717,.T.);
#10715 = VERTEX_POINT('',#10716);
#10716 = CARTESIAN_POINT('',(4.577373076923E+03,1.60655E+03,
    3.403124740125E+03));
#10717 = LINE('',#10718,#10719);
#10718 = CARTESIAN_POINT('',(4.577373076923E+03,1.64515E+03,
    3.403124740125E+03));
#10719 = VECTOR('',#10720,1.);
#10720 = DIRECTION('',(-1.224646799147E-16,-1.,0.));
#10721 = ORIENTED_EDGE('',*,*,#10669,.T.);
#10722 = ORIENTED_EDGE('',*,*,#10700,.T.);
#10723 = ORIENTED_EDGE('',*,*,#10724,.F.);
#10724 = EDGE_CURVE('',#10715,#10686,#10725,.T.);
#10725 = LINE('',#10726,#10727);
#10726 = CARTESIAN_POINT('',(4.577373076923E+03,1.60655E+03,
    2.409271600807E+03));
#10727 = VECTOR('',#10728,1.);
#10728 = DIRECTION('',(-0.,0.,-1.));
#10729 = PLANE('',#10730);
#10730 = AXIS2_PLACEMENT_3D('',#10731,#10732,#10733);
#10731 = CARTESIAN_POINT('',(4.577373076923E+03,1.64565E+03,2.43105E+03)
  );
#10732 = DIRECTION('',(-1.,1.224646799147E-16,0.));
#10733 = DIRECTION('',(0.,0.,1.));
#10734 = ADVANCED_FACE('',(#10735),#10753,.T.);
#10735 = FACE_BOUND('',#10736,.T.);
#10736 = EDGE_LOOP('',(#10737,#10745,#10751,#10752));
#10737 = ORIENTED_EDGE('',*,*,#10738,.F.);
#10738 = EDGE_CURVE('',#10739,#10715,#10741,.T.);
#10739 = VERTEX_POINT('',#10740);
#10740 = CARTESIAN_POINT('',(6.4389E+03,1.60655E+03,2.580171718147E+03)
  );
#10741 = LINE('',#10742,#10743);
#10742 = CARTESIAN_POINT('',(6.585721113205E+03,1.60655E+03,
    2.515264314819E+03));
#10743 = VECTOR('',#10744,1.);
#10744 = DIRECTION('',(-0.914610688653,1.120075052325E-16,0.404335613323
    ));
#10745 = ORIENTED_EDGE('',*,*,#10746,.T.);
#10746 = EDGE_CURVE('',#10739,#10654,#10747,.T.);
#10747 = LINE('',#10748,#10749);
#10748 = CARTESIAN_POINT('',(6.4389E+03,622.3,2.580171718147E+03));
#10749 = VECTOR('',#10750,1.);
#10750 = DIRECTION('',(2.424646799147E-16,1.,-5.E-17));
#10751 = ORIENTED_EDGE('',*,*,#10661,.T.);
#10752 = ORIENTED_EDGE('',*,*,#10714,.T.);
#10753 = PLANE('',#10754);
#10754 = AXIS2_PLACEMENT_3D('',#10755,#10756,#10757);
#10755 = CARTESIAN_POINT('',(6.585721113205E+03,1.64465E+03,
    2.515264314819E+03));
#10756 = DIRECTION('',(0.404335613323,-4.951683146378E-17,0.914610688653
    ));
#10757 = DIRECTION('',(-0.914610688653,1.120075052325E-16,0.404335613323
    ));
#10758 = ADVANCED_FACE('',(#10759),#10777,.T.);
#10759 = FACE_BOUND('',#10760,.T.);
#10760 = EDGE_LOOP('',(#10761,#10769,#10770,#10771));
#10761 = ORIENTED_EDGE('',*,*,#10762,.T.);
#10762 = EDGE_CURVE('',#10763,#10646,#10765,.T.);
#10763 = VERTEX_POINT('',#10764);
#10764 = CARTESIAN_POINT('',(6.4389E+03,1.60655E+03,2.5019E+03));
#10765 = LINE('',#10766,#10767);
#10766 = CARTESIAN_POINT('',(6.4389E+03,-400.05,2.5019E+03));
#10767 = VECTOR('',#10768,1.);
#10768 = DIRECTION('',(2.424646799147E-16,1.,0.));
#10769 = ORIENTED_EDGE('',*,*,#10653,.T.);
#10770 = ORIENTED_EDGE('',*,*,#10746,.F.);
#10771 = ORIENTED_EDGE('',*,*,#10772,.F.);
#10772 = EDGE_CURVE('',#10763,#10739,#10773,.T.);
#10773 = LINE('',#10774,#10775);
#10774 = CARTESIAN_POINT('',(6.4389E+03,1.60655E+03,2.165296600807E+03)
  );
#10775 = VECTOR('',#10776,1.);
#10776 = DIRECTION('',(0.,0.,1.));
#10777 = PLANE('',#10778);
#10778 = AXIS2_PLACEMENT_3D('',#10779,#10780,#10781);
#10779 = CARTESIAN_POINT('',(6.4389E+03,-400.05,1.9431E+03));
#10780 = DIRECTION('',(1.,-1.224646799147E-16,0.));
#10781 = DIRECTION('',(0.,0.,1.));
#10782 = ADVANCED_FACE('',(#10783),#10795,.T.);
#10783 = FACE_BOUND('',#10784,.T.);
#10784 = EDGE_LOOP('',(#10785,#10786,#10792,#10793,#10794));
#10785 = ORIENTED_EDGE('',*,*,#10683,.F.);
#10786 = ORIENTED_EDGE('',*,*,#10787,.F.);
#10787 = EDGE_CURVE('',#10763,#10684,#10788,.T.);
#10788 = LINE('',#10789,#10790);
#10789 = CARTESIAN_POINT('',(6.633292714012E+03,1.60655E+03,2.5019E+03)
  );
#10790 = VECTOR('',#10791,1.);
#10791 = DIRECTION('',(-1.,1.224646799147E-16,0.));
#10792 = ORIENTED_EDGE('',*,*,#10772,.T.);
#10793 = ORIENTED_EDGE('',*,*,#10738,.T.);
#10794 = ORIENTED_EDGE('',*,*,#10724,.T.);
#10795 = PLANE('',#10796);
#10796 = AXIS2_PLACEMENT_3D('',#10797,#10798,#10799);
#10797 = CARTESIAN_POINT('',(6.529235428024E+03,1.60655E+03,
    2.387493201614E+03));
#10798 = DIRECTION('',(-1.224646799147E-16,-1.,0.));
#10799 = DIRECTION('',(0.404335613323,-4.951683146378E-17,0.914610688653
    ));
#10800 = ADVANCED_FACE('',(#10801),#10807,.T.);
#10801 = FACE_BOUND('',#10802,.T.);
#10802 = EDGE_LOOP('',(#10803,#10804,#10805,#10806));
#10803 = ORIENTED_EDGE('',*,*,#10645,.F.);
#10804 = ORIENTED_EDGE('',*,*,#10762,.F.);
#10805 = ORIENTED_EDGE('',*,*,#10787,.T.);
#10806 = ORIENTED_EDGE('',*,*,#10693,.F.);
#10807 = PLANE('',#10808);
#10808 = AXIS2_PLACEMENT_3D('',#10809,#10810,#10811);
#10809 = CARTESIAN_POINT('',(6.354673125444E+03,1.6256E+03,2.5019E+03));
#10810 = DIRECTION('',(0.,0.,-1.));
#10811 = DIRECTION('',(1.,-1.224646799147E-16,0.));
#10812 = MANIFOLD_SOLID_BREP('',#10813);
#10813 = CLOSED_SHELL('',(#10814,#10862,#10893,#10917,#10941,#10965,
    #10983));
#10814 = ADVANCED_FACE('',(#10815),#10857,.F.);
#10815 = FACE_BOUND('',#10816,.F.);
#10816 = EDGE_LOOP('',(#10817,#10827,#10835,#10843,#10851));
#10817 = ORIENTED_EDGE('',*,*,#10818,.F.);
#10818 = EDGE_CURVE('',#10819,#10821,#10823,.T.);
#10819 = VERTEX_POINT('',#10820);
#10820 = CARTESIAN_POINT('',(6.270446250888E+03,2.25425E+03,2.5019E+03)
  );
#10821 = VERTEX_POINT('',#10822);
#10822 = CARTESIAN_POINT('',(3.920880769231E+03,2.25425E+03,
    3.540607519883E+03));
#10823 = LINE('',#10824,#10825);
#10824 = CARTESIAN_POINT('',(6.529235428024E+03,2.25425E+03,
    2.387493201614E+03));
#10825 = VECTOR('',#10826,1.);
#10826 = DIRECTION('',(-0.914610688653,1.120075052325E-16,0.404335613323
    ));
#10827 = ORIENTED_EDGE('',*,*,#10828,.F.);
#10828 = EDGE_CURVE('',#10829,#10819,#10831,.T.);
#10829 = VERTEX_POINT('',#10830);
#10830 = CARTESIAN_POINT('',(6.4389E+03,2.25425E+03,2.5019E+03));
#10831 = LINE('',#10832,#10833);
#10832 = CARTESIAN_POINT('',(6.433267714012E+03,2.25425E+03,2.5019E+03)
  );
#10833 = VECTOR('',#10834,1.);
#10834 = DIRECTION('',(-1.,1.224646799147E-16,0.));
#10835 = ORIENTED_EDGE('',*,*,#10836,.T.);
#10836 = EDGE_CURVE('',#10829,#10837,#10839,.T.);
#10837 = VERTEX_POINT('',#10838);
#10838 = CARTESIAN_POINT('',(6.4389E+03,2.25425E+03,2.580171718147E+03)
  );
#10839 = LINE('',#10840,#10841);
#10840 = CARTESIAN_POINT('',(6.4389E+03,2.25425E+03,2.165296600807E+03)
  );
#10841 = VECTOR('',#10842,1.);
#10842 = DIRECTION('',(0.,0.,1.));
#10843 = ORIENTED_EDGE('',*,*,#10844,.T.);
#10844 = EDGE_CURVE('',#10837,#10845,#10847,.T.);
#10845 = VERTEX_POINT('',#10846);
#10846 = CARTESIAN_POINT('',(3.920880769231E+03,2.25425E+03,
    3.69335010395E+03));
#10847 = LINE('',#10848,#10849);
#10848 = CARTESIAN_POINT('',(6.585721113205E+03,2.25425E+03,
    2.515264314819E+03));
#10849 = VECTOR('',#10850,1.);
#10850 = DIRECTION('',(-0.914610688653,1.120075052325E-16,0.404335613323
    ));
#10851 = ORIENTED_EDGE('',*,*,#10852,.T.);
#10852 = EDGE_CURVE('',#10845,#10821,#10853,.T.);
#10853 = LINE('',#10854,#10855);
#10854 = CARTESIAN_POINT('',(3.920880769231E+03,2.25425E+03,
    2.409271600807E+03));
#10855 = VECTOR('',#10856,1.);
#10856 = DIRECTION('',(-0.,0.,-1.));
#10857 = PLANE('',#10858);
#10858 = AXIS2_PLACEMENT_3D('',#10859,#10860,#10861);
#10859 = CARTESIAN_POINT('',(6.529235428024E+03,2.25425E+03,
    2.387493201614E+03));
#10860 = DIRECTION('',(-1.224646799147E-16,-1.,0.));
#10861 = DIRECTION('',(0.404335613323,-4.951683146378E-17,0.914610688653
    ));
#10862 = ADVANCED_FACE('',(#10863),#10888,.F.);
#10863 = FACE_BOUND('',#10864,.F.);
#10864 = EDGE_LOOP('',(#10865,#10875,#10881,#10882));
#10865 = ORIENTED_EDGE('',*,*,#10866,.F.);
#10866 = EDGE_CURVE('',#10867,#10869,#10871,.T.);
#10867 = VERTEX_POINT('',#10868);
#10868 = CARTESIAN_POINT('',(6.270446250888E+03,2.21615E+03,2.5019E+03)
  );
#10869 = VERTEX_POINT('',#10870);
#10870 = CARTESIAN_POINT('',(3.920880769231E+03,2.21615E+03,
    3.540607519883E+03));
#10871 = LINE('',#10872,#10873);
#10872 = CARTESIAN_POINT('',(6.529235428024E+03,2.21615E+03,
    2.387493201614E+03));
#10873 = VECTOR('',#10874,1.);
#10874 = DIRECTION('',(-0.914610688653,1.120075052325E-16,0.404335613323
    ));
#10875 = ORIENTED_EDGE('',*,*,#10876,.F.);
#10876 = EDGE_CURVE('',#10819,#10867,#10877,.T.);
#10877 = LINE('',#10878,#10879);
#10878 = CARTESIAN_POINT('',(6.270446250888E+03,2.39395E+03,2.5019E+03)
  );
#10879 = VECTOR('',#10880,1.);
#10880 = DIRECTION('',(-1.224646799147E-16,-1.,0.));
#10881 = ORIENTED_EDGE('',*,*,#10818,.T.);
#10882 = ORIENTED_EDGE('',*,*,#10883,.T.);
#10883 = EDGE_CURVE('',#10821,#10869,#10884,.T.);
#10884 = LINE('',#10885,#10886);
#10885 = CARTESIAN_POINT('',(3.920880769231E+03,2.25475E+03,
    3.540607519883E+03));
#10886 = VECTOR('',#10887,1.);
#10887 = DIRECTION('',(-1.224646799147E-16,-1.,0.));
#10888 = PLANE('',#10889);
#10889 = AXIS2_PLACEMENT_3D('',#10890,#10891,#10892);
#10890 = CARTESIAN_POINT('',(6.529235428024E+03,2.25425E+03,
    2.387493201614E+03));
#10891 = DIRECTION('',(0.404335613323,-4.951683146378E-17,0.914610688653
    ));
#10892 = DIRECTION('',(-0.914610688653,1.120075052325E-16,0.404335613323
    ));
#10893 = ADVANCED_FACE('',(#10894),#10912,.T.);
#10894 = FACE_BOUND('',#10895,.T.);
#10895 = EDGE_LOOP('',(#10896,#10904,#10905,#10906));
#10896 = ORIENTED_EDGE('',*,*,#10897,.F.);
#10897 = EDGE_CURVE('',#10845,#10898,#10900,.T.);
#10898 = VERTEX_POINT('',#10899);
#10899 = CARTESIAN_POINT('',(3.920880769231E+03,2.21615E+03,
    3.69335010395E+03));
#10900 = LINE('',#10901,#10902);
#10901 = CARTESIAN_POINT('',(3.920880769231E+03,2.25475E+03,
    3.69335010395E+03));
#10902 = VECTOR('',#10903,1.);
#10903 = DIRECTION('',(-1.224646799147E-16,-1.,0.));
#10904 = ORIENTED_EDGE('',*,*,#10852,.T.);
#10905 = ORIENTED_EDGE('',*,*,#10883,.T.);
#10906 = ORIENTED_EDGE('',*,*,#10907,.F.);
#10907 = EDGE_CURVE('',#10898,#10869,#10908,.T.);
#10908 = LINE('',#10909,#10910);
#10909 = CARTESIAN_POINT('',(3.920880769231E+03,2.21615E+03,
    2.409271600807E+03));
#10910 = VECTOR('',#10911,1.);
#10911 = DIRECTION('',(-0.,0.,-1.));
#10912 = PLANE('',#10913);
#10913 = AXIS2_PLACEMENT_3D('',#10914,#10915,#10916);
#10914 = CARTESIAN_POINT('',(3.920880769231E+03,2.25525E+03,2.43105E+03)
  );
#10915 = DIRECTION('',(-1.,1.224646799147E-16,0.));
#10916 = DIRECTION('',(0.,0.,1.));
#10917 = ADVANCED_FACE('',(#10918),#10936,.T.);
#10918 = FACE_BOUND('',#10919,.T.);
#10919 = EDGE_LOOP('',(#10920,#10928,#10934,#10935));
#10920 = ORIENTED_EDGE('',*,*,#10921,.F.);
#10921 = EDGE_CURVE('',#10922,#10898,#10924,.T.);
#10922 = VERTEX_POINT('',#10923);
#10923 = CARTESIAN_POINT('',(6.4389E+03,2.21615E+03,2.580171718147E+03)
  );
#10924 = LINE('',#10925,#10926);
#10925 = CARTESIAN_POINT('',(6.585721113205E+03,2.21615E+03,
    2.515264314819E+03));
#10926 = VECTOR('',#10927,1.);
#10927 = DIRECTION('',(-0.914610688653,1.120075052325E-16,0.404335613323
    ));
#10928 = ORIENTED_EDGE('',*,*,#10929,.T.);
#10929 = EDGE_CURVE('',#10922,#10837,#10930,.T.);
#10930 = LINE('',#10931,#10932);
#10931 = CARTESIAN_POINT('',(6.4389E+03,927.1,2.580171718147E+03));
#10932 = VECTOR('',#10933,1.);
#10933 = DIRECTION('',(2.424646799147E-16,1.,-5.E-17));
#10934 = ORIENTED_EDGE('',*,*,#10844,.T.);
#10935 = ORIENTED_EDGE('',*,*,#10897,.T.);
#10936 = PLANE('',#10937);
#10937 = AXIS2_PLACEMENT_3D('',#10938,#10939,#10940);
#10938 = CARTESIAN_POINT('',(6.585721113205E+03,2.25425E+03,
    2.515264314819E+03));
#10939 = DIRECTION('',(0.404335613323,-4.951683146378E-17,0.914610688653
    ));
#10940 = DIRECTION('',(-0.914610688653,1.120075052325E-16,0.404335613323
    ));
#10941 = ADVANCED_FACE('',(#10942),#10960,.T.);
#10942 = FACE_BOUND('',#10943,.T.);
#10943 = EDGE_LOOP('',(#10944,#10952,#10953,#10954));
#10944 = ORIENTED_EDGE('',*,*,#10945,.T.);
#10945 = EDGE_CURVE('',#10946,#10829,#10948,.T.);
#10946 = VERTEX_POINT('',#10947);
#10947 = CARTESIAN_POINT('',(6.4389E+03,2.21615E+03,2.5019E+03));
#10948 = LINE('',#10949,#10950);
#10949 = CARTESIAN_POINT('',(6.4389E+03,-400.05,2.5019E+03));
#10950 = VECTOR('',#10951,1.);
#10951 = DIRECTION('',(2.424646799147E-16,1.,0.));
#10952 = ORIENTED_EDGE('',*,*,#10836,.T.);
#10953 = ORIENTED_EDGE('',*,*,#10929,.F.);
#10954 = ORIENTED_EDGE('',*,*,#10955,.F.);
#10955 = EDGE_CURVE('',#10946,#10922,#10956,.T.);
#10956 = LINE('',#10957,#10958);
#10957 = CARTESIAN_POINT('',(6.4389E+03,2.21615E+03,2.165296600807E+03)
  );
#10958 = VECTOR('',#10959,1.);
#10959 = DIRECTION('',(0.,0.,1.));
#10960 = PLANE('',#10961);
#10961 = AXIS2_PLACEMENT_3D('',#10962,#10963,#10964);
#10962 = CARTESIAN_POINT('',(6.4389E+03,-400.05,1.9431E+03));
#10963 = DIRECTION('',(1.,-1.224646799147E-16,0.));
#10964 = DIRECTION('',(0.,0.,1.));
#10965 = ADVANCED_FACE('',(#10966),#10978,.T.);
#10966 = FACE_BOUND('',#10967,.T.);
#10967 = EDGE_LOOP('',(#10968,#10969,#10975,#10976,#10977));
#10968 = ORIENTED_EDGE('',*,*,#10866,.F.);
#10969 = ORIENTED_EDGE('',*,*,#10970,.F.);
#10970 = EDGE_CURVE('',#10946,#10867,#10971,.T.);
#10971 = LINE('',#10972,#10973);
#10972 = CARTESIAN_POINT('',(6.633292714012E+03,2.21615E+03,2.5019E+03)
  );
#10973 = VECTOR('',#10974,1.);
#10974 = DIRECTION('',(-1.,1.224646799147E-16,0.));
#10975 = ORIENTED_EDGE('',*,*,#10955,.T.);
#10976 = ORIENTED_EDGE('',*,*,#10921,.T.);
#10977 = ORIENTED_EDGE('',*,*,#10907,.T.);
#10978 = PLANE('',#10979);
#10979 = AXIS2_PLACEMENT_3D('',#10980,#10981,#10982);
#10980 = CARTESIAN_POINT('',(6.529235428024E+03,2.21615E+03,
    2.387493201614E+03));
#10981 = DIRECTION('',(-1.224646799147E-16,-1.,0.));
#10982 = DIRECTION('',(0.404335613323,-4.951683146378E-17,0.914610688653
    ));
#10983 = ADVANCED_FACE('',(#10984),#10990,.T.);
#10984 = FACE_BOUND('',#10985,.T.);
#10985 = EDGE_LOOP('',(#10986,#10987,#10988,#10989));
#10986 = ORIENTED_EDGE('',*,*,#10828,.F.);
#10987 = ORIENTED_EDGE('',*,*,#10945,.F.);
#10988 = ORIENTED_EDGE('',*,*,#10970,.T.);
#10989 = ORIENTED_EDGE('',*,*,#10876,.F.);
#10990 = PLANE('',#10991);
#10991 = AXIS2_PLACEMENT_3D('',#10992,#10993,#10994);
#10992 = CARTESIAN_POINT('',(6.354673125444E+03,2.2352E+03,2.5019E+03));
#10993 = DIRECTION('',(0.,0.,-1.));
#10994 = DIRECTION('',(1.,-1.224646799147E-16,0.));
#10995 = MANIFOLD_SOLID_BREP('',#10996);
#10996 = CLOSED_SHELL('',(#10997,#11045,#11076,#11100,#11124,#11148,
    #11166));
#10997 = ADVANCED_FACE('',(#10998),#11040,.F.);
#10998 = FACE_BOUND('',#10999,.F.);
#10999 = EDGE_LOOP('',(#11000,#11010,#11018,#11026,#11034));
#11000 = ORIENTED_EDGE('',*,*,#11001,.F.);
#11001 = EDGE_CURVE('',#11002,#11004,#11006,.T.);
#11002 = VERTEX_POINT('',#11003);
#11003 = CARTESIAN_POINT('',(6.270446250888E+03,2.86385E+03,2.5019E+03)
  );
#11004 = VERTEX_POINT('',#11005);
#11005 = CARTESIAN_POINT('',(3.264388461538E+03,2.86385E+03,
    3.830832883709E+03));
#11006 = LINE('',#11007,#11008);
#11007 = CARTESIAN_POINT('',(6.529235428024E+03,2.86385E+03,
    2.387493201614E+03));
#11008 = VECTOR('',#11009,1.);
#11009 = DIRECTION('',(-0.914610688653,1.120075052325E-16,0.404335613323
    ));
#11010 = ORIENTED_EDGE('',*,*,#11011,.F.);
#11011 = EDGE_CURVE('',#11012,#11002,#11014,.T.);
#11012 = VERTEX_POINT('',#11013);
#11013 = CARTESIAN_POINT('',(6.4389E+03,2.86385E+03,2.5019E+03));
#11014 = LINE('',#11015,#11016);
#11015 = CARTESIAN_POINT('',(6.433267714012E+03,2.86385E+03,2.5019E+03)
  );
#11016 = VECTOR('',#11017,1.);
#11017 = DIRECTION('',(-1.,1.224646799147E-16,0.));
#11018 = ORIENTED_EDGE('',*,*,#11019,.T.);
#11019 = EDGE_CURVE('',#11012,#11020,#11022,.T.);
#11020 = VERTEX_POINT('',#11021);
#11021 = CARTESIAN_POINT('',(6.4389E+03,2.86385E+03,2.580171718147E+03)
  );
#11022 = LINE('',#11023,#11024);
#11023 = CARTESIAN_POINT('',(6.4389E+03,2.86385E+03,2.165296600807E+03)
  );
#11024 = VECTOR('',#11025,1.);
#11025 = DIRECTION('',(0.,0.,1.));
#11026 = ORIENTED_EDGE('',*,*,#11027,.T.);
#11027 = EDGE_CURVE('',#11020,#11028,#11030,.T.);
#11028 = VERTEX_POINT('',#11029);
#11029 = CARTESIAN_POINT('',(3.264388461538E+03,2.86385E+03,
    3.983575467775E+03));
#11030 = LINE('',#11031,#11032);
#11031 = CARTESIAN_POINT('',(6.585721113205E+03,2.86385E+03,
    2.515264314819E+03));
#11032 = VECTOR('',#11033,1.);
#11033 = DIRECTION('',(-0.914610688653,1.120075052325E-16,0.404335613323
    ));
#11034 = ORIENTED_EDGE('',*,*,#11035,.T.);
#11035 = EDGE_CURVE('',#11028,#11004,#11036,.T.);
#11036 = LINE('',#11037,#11038);
#11037 = CARTESIAN_POINT('',(3.264388461538E+03,2.86385E+03,
    2.409271600807E+03));
#11038 = VECTOR('',#11039,1.);
#11039 = DIRECTION('',(-0.,0.,-1.));
#11040 = PLANE('',#11041);
#11041 = AXIS2_PLACEMENT_3D('',#11042,#11043,#11044);
#11042 = CARTESIAN_POINT('',(6.529235428024E+03,2.86385E+03,
    2.387493201614E+03));
#11043 = DIRECTION('',(-1.224646799147E-16,-1.,0.));
#11044 = DIRECTION('',(0.404335613323,-4.951683146378E-17,0.914610688653
    ));
#11045 = ADVANCED_FACE('',(#11046),#11071,.F.);
#11046 = FACE_BOUND('',#11047,.F.);
#11047 = EDGE_LOOP('',(#11048,#11058,#11064,#11065));
#11048 = ORIENTED_EDGE('',*,*,#11049,.F.);
#11049 = EDGE_CURVE('',#11050,#11052,#11054,.T.);
#11050 = VERTEX_POINT('',#11051);
#11051 = CARTESIAN_POINT('',(6.270446250888E+03,2.82575E+03,2.5019E+03)
  );
#11052 = VERTEX_POINT('',#11053);
#11053 = CARTESIAN_POINT('',(3.264388461538E+03,2.82575E+03,
    3.830832883709E+03));
#11054 = LINE('',#11055,#11056);
#11055 = CARTESIAN_POINT('',(6.529235428024E+03,2.82575E+03,
    2.387493201614E+03));
#11056 = VECTOR('',#11057,1.);
#11057 = DIRECTION('',(-0.914610688653,1.120075052325E-16,0.404335613323
    ));
#11058 = ORIENTED_EDGE('',*,*,#11059,.F.);
#11059 = EDGE_CURVE('',#11002,#11050,#11060,.T.);
#11060 = LINE('',#11061,#11062);
#11061 = CARTESIAN_POINT('',(6.270446250888E+03,3.00355E+03,2.5019E+03)
  );
#11062 = VECTOR('',#11063,1.);
#11063 = DIRECTION('',(-1.224646799147E-16,-1.,0.));
#11064 = ORIENTED_EDGE('',*,*,#11001,.T.);
#11065 = ORIENTED_EDGE('',*,*,#11066,.T.);
#11066 = EDGE_CURVE('',#11004,#11052,#11067,.T.);
#11067 = LINE('',#11068,#11069);
#11068 = CARTESIAN_POINT('',(3.264388461538E+03,2.86435E+03,
    3.830832883709E+03));
#11069 = VECTOR('',#11070,1.);
#11070 = DIRECTION('',(-1.224646799147E-16,-1.,0.));
#11071 = PLANE('',#11072);
#11072 = AXIS2_PLACEMENT_3D('',#11073,#11074,#11075);
#11073 = CARTESIAN_POINT('',(6.529235428024E+03,2.86385E+03,
    2.387493201614E+03));
#11074 = DIRECTION('',(0.404335613323,-4.951683146378E-17,0.914610688653
    ));
#11075 = DIRECTION('',(-0.914610688653,1.120075052325E-16,0.404335613323
    ));
#11076 = ADVANCED_FACE('',(#11077),#11095,.T.);
#11077 = FACE_BOUND('',#11078,.T.);
#11078 = EDGE_LOOP('',(#11079,#11087,#11088,#11089));
#11079 = ORIENTED_EDGE('',*,*,#11080,.F.);
#11080 = EDGE_CURVE('',#11028,#11081,#11083,.T.);
#11081 = VERTEX_POINT('',#11082);
#11082 = CARTESIAN_POINT('',(3.264388461538E+03,2.82575E+03,
    3.983575467775E+03));
#11083 = LINE('',#11084,#11085);
#11084 = CARTESIAN_POINT('',(3.264388461538E+03,2.86435E+03,
    3.983575467775E+03));
#11085 = VECTOR('',#11086,1.);
#11086 = DIRECTION('',(-1.224646799147E-16,-1.,0.));
#11087 = ORIENTED_EDGE('',*,*,#11035,.T.);
#11088 = ORIENTED_EDGE('',*,*,#11066,.T.);
#11089 = ORIENTED_EDGE('',*,*,#11090,.F.);
#11090 = EDGE_CURVE('',#11081,#11052,#11091,.T.);
#11091 = LINE('',#11092,#11093);
#11092 = CARTESIAN_POINT('',(3.264388461538E+03,2.82575E+03,
    2.409271600807E+03));
#11093 = VECTOR('',#11094,1.);
#11094 = DIRECTION('',(-0.,0.,-1.));
#11095 = PLANE('',#11096);
#11096 = AXIS2_PLACEMENT_3D('',#11097,#11098,#11099);
#11097 = CARTESIAN_POINT('',(3.264388461538E+03,2.86485E+03,2.43105E+03)
  );
#11098 = DIRECTION('',(-1.,1.224646799147E-16,0.));
#11099 = DIRECTION('',(0.,0.,1.));
#11100 = ADVANCED_FACE('',(#11101),#11119,.T.);
#11101 = FACE_BOUND('',#11102,.T.);
#11102 = EDGE_LOOP('',(#11103,#11111,#11117,#11118));
#11103 = ORIENTED_EDGE('',*,*,#11104,.F.);
#11104 = EDGE_CURVE('',#11105,#11081,#11107,.T.);
#11105 = VERTEX_POINT('',#11106);
#11106 = CARTESIAN_POINT('',(6.4389E+03,2.82575E+03,2.580171718147E+03)
  );
#11107 = LINE('',#11108,#11109);
#11108 = CARTESIAN_POINT('',(6.585721113205E+03,2.82575E+03,
    2.515264314819E+03));
#11109 = VECTOR('',#11110,1.);
#11110 = DIRECTION('',(-0.914610688653,1.120075052325E-16,0.404335613323
    ));
#11111 = ORIENTED_EDGE('',*,*,#11112,.T.);
#11112 = EDGE_CURVE('',#11105,#11020,#11113,.T.);
#11113 = LINE('',#11114,#11115);
#11114 = CARTESIAN_POINT('',(6.4389E+03,1.2319E+03,2.580171718147E+03));
#11115 = VECTOR('',#11116,1.);
#11116 = DIRECTION('',(2.424646799147E-16,1.,-5.E-17));
#11117 = ORIENTED_EDGE('',*,*,#11027,.T.);
#11118 = ORIENTED_EDGE('',*,*,#11080,.T.);
#11119 = PLANE('',#11120);
#11120 = AXIS2_PLACEMENT_3D('',#11121,#11122,#11123);
#11121 = CARTESIAN_POINT('',(6.585721113205E+03,2.86385E+03,
    2.515264314819E+03));
#11122 = DIRECTION('',(0.404335613323,-4.951683146378E-17,0.914610688653
    ));
#11123 = DIRECTION('',(-0.914610688653,1.120075052325E-16,0.404335613323
    ));
#11124 = ADVANCED_FACE('',(#11125),#11143,.T.);
#11125 = FACE_BOUND('',#11126,.T.);
#11126 = EDGE_LOOP('',(#11127,#11135,#11136,#11137));
#11127 = ORIENTED_EDGE('',*,*,#11128,.T.);
#11128 = EDGE_CURVE('',#11129,#11012,#11131,.T.);
#11129 = VERTEX_POINT('',#11130);
#11130 = CARTESIAN_POINT('',(6.4389E+03,2.82575E+03,2.5019E+03));
#11131 = LINE('',#11132,#11133);
#11132 = CARTESIAN_POINT('',(6.4389E+03,-400.05,2.5019E+03));
#11133 = VECTOR('',#11134,1.);
#11134 = DIRECTION('',(2.424646799147E-16,1.,0.));
#11135 = ORIENTED_EDGE('',*,*,#11019,.T.);
#11136 = ORIENTED_EDGE('',*,*,#11112,.F.);
#11137 = ORIENTED_EDGE('',*,*,#11138,.F.);
#11138 = EDGE_CURVE('',#11129,#11105,#11139,.T.);
#11139 = LINE('',#11140,#11141);
#11140 = CARTESIAN_POINT('',(6.4389E+03,2.82575E+03,2.165296600807E+03)
  );
#11141 = VECTOR('',#11142,1.);
#11142 = DIRECTION('',(0.,0.,1.));
#11143 = PLANE('',#11144);
#11144 = AXIS2_PLACEMENT_3D('',#11145,#11146,#11147);
#11145 = CARTESIAN_POINT('',(6.4389E+03,-400.05,1.9431E+03));
#11146 = DIRECTION('',(1.,-1.224646799147E-16,0.));
#11147 = DIRECTION('',(0.,0.,1.));
#11148 = ADVANCED_FACE('',(#11149),#11161,.T.);
#11149 = FACE_BOUND('',#11150,.T.);
#11150 = EDGE_LOOP('',(#11151,#11152,#11158,#11159,#11160));
#11151 = ORIENTED_EDGE('',*,*,#11049,.F.);
#11152 = ORIENTED_EDGE('',*,*,#11153,.F.);
#11153 = EDGE_CURVE('',#11129,#11050,#11154,.T.);
#11154 = LINE('',#11155,#11156);
#11155 = CARTESIAN_POINT('',(6.633292714012E+03,2.82575E+03,2.5019E+03)
  );
#11156 = VECTOR('',#11157,1.);
#11157 = DIRECTION('',(-1.,1.224646799147E-16,0.));
#11158 = ORIENTED_EDGE('',*,*,#11138,.T.);
#11159 = ORIENTED_EDGE('',*,*,#11104,.T.);
#11160 = ORIENTED_EDGE('',*,*,#11090,.T.);
#11161 = PLANE('',#11162);
#11162 = AXIS2_PLACEMENT_3D('',#11163,#11164,#11165);
#11163 = CARTESIAN_POINT('',(6.529235428024E+03,2.82575E+03,
    2.387493201614E+03));
#11164 = DIRECTION('',(-1.224646799147E-16,-1.,0.));
#11165 = DIRECTION('',(0.404335613323,-4.951683146378E-17,0.914610688653
    ));
#11166 = ADVANCED_FACE('',(#11167),#11173,.T.);
#11167 = FACE_BOUND('',#11168,.T.);
#11168 = EDGE_LOOP('',(#11169,#11170,#11171,#11172));
#11169 = ORIENTED_EDGE('',*,*,#11011,.F.);
#11170 = ORIENTED_EDGE('',*,*,#11128,.F.);
#11171 = ORIENTED_EDGE('',*,*,#11153,.T.);
#11172 = ORIENTED_EDGE('',*,*,#11059,.F.);
#11173 = PLANE('',#11174);
#11174 = AXIS2_PLACEMENT_3D('',#11175,#11176,#11177);
#11175 = CARTESIAN_POINT('',(6.354673125444E+03,2.8448E+03,2.5019E+03));
#11176 = DIRECTION('',(0.,0.,-1.));
#11177 = DIRECTION('',(1.,-1.224646799147E-16,0.));
#11178 = MANIFOLD_SOLID_BREP('',#11179);
#11179 = CLOSED_SHELL('',(#11180,#11228,#11259,#11283,#11307,#11331,
    #11349));
#11180 = ADVANCED_FACE('',(#11181),#11223,.F.);
#11181 = FACE_BOUND('',#11182,.F.);
#11182 = EDGE_LOOP('',(#11183,#11193,#11201,#11209,#11217));
#11183 = ORIENTED_EDGE('',*,*,#11184,.F.);
#11184 = EDGE_CURVE('',#11185,#11187,#11189,.T.);
#11185 = VERTEX_POINT('',#11186);
#11186 = CARTESIAN_POINT('',(6.270446250888E+03,5.93725E+03,2.5019E+03)
  );
#11187 = VERTEX_POINT('',#11188);
#11188 = CARTESIAN_POINT('',(5.890357692308E+03,5.93725E+03,
    2.669931428407E+03));
#11189 = LINE('',#11190,#11191);
#11190 = CARTESIAN_POINT('',(6.529235428024E+03,5.93725E+03,
    2.387493201614E+03));
#11191 = VECTOR('',#11192,1.);
#11192 = DIRECTION('',(-0.914610688653,1.120075052325E-16,0.404335613323
    ));
#11193 = ORIENTED_EDGE('',*,*,#11194,.F.);
#11194 = EDGE_CURVE('',#11195,#11185,#11197,.T.);
#11195 = VERTEX_POINT('',#11196);
#11196 = CARTESIAN_POINT('',(6.4389E+03,5.93725E+03,2.5019E+03));
#11197 = LINE('',#11198,#11199);
#11198 = CARTESIAN_POINT('',(6.433267714012E+03,5.93725E+03,2.5019E+03)
  );
#11199 = VECTOR('',#11200,1.);
#11200 = DIRECTION('',(-1.,1.224646799147E-16,0.));
#11201 = ORIENTED_EDGE('',*,*,#11202,.T.);
#11202 = EDGE_CURVE('',#11195,#11203,#11205,.T.);
#11203 = VERTEX_POINT('',#11204);
#11204 = CARTESIAN_POINT('',(6.4389E+03,5.93725E+03,2.580171718147E+03)
  );
#11205 = LINE('',#11206,#11207);
#11206 = CARTESIAN_POINT('',(6.4389E+03,5.93725E+03,2.165296600807E+03)
  );
#11207 = VECTOR('',#11208,1.);
#11208 = DIRECTION('',(0.,0.,1.));
#11209 = ORIENTED_EDGE('',*,*,#11210,.T.);
#11210 = EDGE_CURVE('',#11203,#11211,#11213,.T.);
#11211 = VERTEX_POINT('',#11212);
#11212 = CARTESIAN_POINT('',(5.890357692308E+03,5.93725E+03,
    2.822674012474E+03));
#11213 = LINE('',#11214,#11215);
#11214 = CARTESIAN_POINT('',(6.585721113205E+03,5.93725E+03,
    2.515264314819E+03));
#11215 = VECTOR('',#11216,1.);
#11216 = DIRECTION('',(-0.914610688653,1.120075052325E-16,0.404335613323
    ));
#11217 = ORIENTED_EDGE('',*,*,#11218,.T.);
#11218 = EDGE_CURVE('',#11211,#11187,#11219,.T.);
#11219 = LINE('',#11220,#11221);
#11220 = CARTESIAN_POINT('',(5.890357692308E+03,5.93725E+03,
    2.409271600807E+03));
#11221 = VECTOR('',#11222,1.);
#11222 = DIRECTION('',(-0.,0.,-1.));
#11223 = PLANE('',#11224);
#11224 = AXIS2_PLACEMENT_3D('',#11225,#11226,#11227);
#11225 = CARTESIAN_POINT('',(6.529235428024E+03,5.93725E+03,
    2.387493201614E+03));
#11226 = DIRECTION('',(-1.224646799147E-16,-1.,0.));
#11227 = DIRECTION('',(0.404335613323,-4.951683146378E-17,0.914610688653
    ));
#11228 = ADVANCED_FACE('',(#11229),#11254,.F.);
#11229 = FACE_BOUND('',#11230,.F.);
#11230 = EDGE_LOOP('',(#11231,#11241,#11247,#11248));
#11231 = ORIENTED_EDGE('',*,*,#11232,.F.);
#11232 = EDGE_CURVE('',#11233,#11235,#11237,.T.);
#11233 = VERTEX_POINT('',#11234);
#11234 = CARTESIAN_POINT('',(6.270446250888E+03,5.89915E+03,2.5019E+03)
  );
#11235 = VERTEX_POINT('',#11236);
#11236 = CARTESIAN_POINT('',(5.890357692308E+03,5.89915E+03,
    2.669931428407E+03));
#11237 = LINE('',#11238,#11239);
#11238 = CARTESIAN_POINT('',(6.529235428024E+03,5.89915E+03,
    2.387493201614E+03));
#11239 = VECTOR('',#11240,1.);
#11240 = DIRECTION('',(-0.914610688653,1.120075052325E-16,0.404335613323
    ));
#11241 = ORIENTED_EDGE('',*,*,#11242,.F.);
#11242 = EDGE_CURVE('',#11185,#11233,#11243,.T.);
#11243 = LINE('',#11244,#11245);
#11244 = CARTESIAN_POINT('',(6.270446250888E+03,6.07695E+03,2.5019E+03)
  );
#11245 = VECTOR('',#11246,1.);
#11246 = DIRECTION('',(-1.224646799147E-16,-1.,0.));
#11247 = ORIENTED_EDGE('',*,*,#11184,.T.);
#11248 = ORIENTED_EDGE('',*,*,#11249,.T.);
#11249 = EDGE_CURVE('',#11187,#11235,#11250,.T.);
#11250 = LINE('',#11251,#11252);
#11251 = CARTESIAN_POINT('',(5.890357692308E+03,5.93775E+03,
    2.669931428407E+03));
#11252 = VECTOR('',#11253,1.);
#11253 = DIRECTION('',(-1.224646799147E-16,-1.,0.));
#11254 = PLANE('',#11255);
#11255 = AXIS2_PLACEMENT_3D('',#11256,#11257,#11258);
#11256 = CARTESIAN_POINT('',(6.529235428024E+03,5.93725E+03,
    2.387493201614E+03));
#11257 = DIRECTION('',(0.404335613323,-4.951683146378E-17,0.914610688653
    ));
#11258 = DIRECTION('',(-0.914610688653,1.120075052325E-16,0.404335613323
    ));
#11259 = ADVANCED_FACE('',(#11260),#11278,.T.);
#11260 = FACE_BOUND('',#11261,.T.);
#11261 = EDGE_LOOP('',(#11262,#11270,#11271,#11272));
#11262 = ORIENTED_EDGE('',*,*,#11263,.F.);
#11263 = EDGE_CURVE('',#11211,#11264,#11266,.T.);
#11264 = VERTEX_POINT('',#11265);
#11265 = CARTESIAN_POINT('',(5.890357692308E+03,5.89915E+03,
    2.822674012474E+03));
#11266 = LINE('',#11267,#11268);
#11267 = CARTESIAN_POINT('',(5.890357692308E+03,5.93775E+03,
    2.822674012474E+03));
#11268 = VECTOR('',#11269,1.);
#11269 = DIRECTION('',(-1.224646799147E-16,-1.,0.));
#11270 = ORIENTED_EDGE('',*,*,#11218,.T.);
#11271 = ORIENTED_EDGE('',*,*,#11249,.T.);
#11272 = ORIENTED_EDGE('',*,*,#11273,.F.);
#11273 = EDGE_CURVE('',#11264,#11235,#11274,.T.);
#11274 = LINE('',#11275,#11276);
#11275 = CARTESIAN_POINT('',(5.890357692308E+03,5.89915E+03,
    2.409271600807E+03));
#11276 = VECTOR('',#11277,1.);
#11277 = DIRECTION('',(-0.,0.,-1.));
#11278 = PLANE('',#11279);
#11279 = AXIS2_PLACEMENT_3D('',#11280,#11281,#11282);
#11280 = CARTESIAN_POINT('',(5.890357692308E+03,5.93825E+03,2.43105E+03)
  );
#11281 = DIRECTION('',(-1.,1.224646799147E-16,0.));
#11282 = DIRECTION('',(0.,0.,1.));
#11283 = ADVANCED_FACE('',(#11284),#11302,.T.);
#11284 = FACE_BOUND('',#11285,.T.);
#11285 = EDGE_LOOP('',(#11286,#11294,#11300,#11301));
#11286 = ORIENTED_EDGE('',*,*,#11287,.F.);
#11287 = EDGE_CURVE('',#11288,#11264,#11290,.T.);
#11288 = VERTEX_POINT('',#11289);
#11289 = CARTESIAN_POINT('',(6.4389E+03,5.89915E+03,2.580171718147E+03)
  );
#11290 = LINE('',#11291,#11292);
#11291 = CARTESIAN_POINT('',(6.585721113205E+03,5.89915E+03,
    2.515264314819E+03));
#11292 = VECTOR('',#11293,1.);
#11293 = DIRECTION('',(-0.914610688653,1.120075052325E-16,0.404335613323
    ));
#11294 = ORIENTED_EDGE('',*,*,#11295,.T.);
#11295 = EDGE_CURVE('',#11288,#11203,#11296,.T.);
#11296 = LINE('',#11297,#11298);
#11297 = CARTESIAN_POINT('',(6.4389E+03,2.7686E+03,2.580171718147E+03));
#11298 = VECTOR('',#11299,1.);
#11299 = DIRECTION('',(2.424646799147E-16,1.,-5.E-17));
#11300 = ORIENTED_EDGE('',*,*,#11210,.T.);
#11301 = ORIENTED_EDGE('',*,*,#11263,.T.);
#11302 = PLANE('',#11303);
#11303 = AXIS2_PLACEMENT_3D('',#11304,#11305,#11306);
#11304 = CARTESIAN_POINT('',(6.585721113205E+03,5.93725E+03,
    2.515264314819E+03));
#11305 = DIRECTION('',(0.404335613323,-4.951683146378E-17,0.914610688653
    ));
#11306 = DIRECTION('',(-0.914610688653,1.120075052325E-16,0.404335613323
    ));
#11307 = ADVANCED_FACE('',(#11308),#11326,.T.);
#11308 = FACE_BOUND('',#11309,.T.);
#11309 = EDGE_LOOP('',(#11310,#11318,#11319,#11320));
#11310 = ORIENTED_EDGE('',*,*,#11311,.T.);
#11311 = EDGE_CURVE('',#11312,#11195,#11314,.T.);
#11312 = VERTEX_POINT('',#11313);
#11313 = CARTESIAN_POINT('',(6.4389E+03,5.89915E+03,2.5019E+03));
#11314 = LINE('',#11315,#11316);
#11315 = CARTESIAN_POINT('',(6.4389E+03,-400.05,2.5019E+03));
#11316 = VECTOR('',#11317,1.);
#11317 = DIRECTION('',(2.424646799147E-16,1.,0.));
#11318 = ORIENTED_EDGE('',*,*,#11202,.T.);
#11319 = ORIENTED_EDGE('',*,*,#11295,.F.);
#11320 = ORIENTED_EDGE('',*,*,#11321,.F.);
#11321 = EDGE_CURVE('',#11312,#11288,#11322,.T.);
#11322 = LINE('',#11323,#11324);
#11323 = CARTESIAN_POINT('',(6.4389E+03,5.89915E+03,2.165296600807E+03)
  );
#11324 = VECTOR('',#11325,1.);
#11325 = DIRECTION('',(0.,0.,1.));
#11326 = PLANE('',#11327);
#11327 = AXIS2_PLACEMENT_3D('',#11328,#11329,#11330);
#11328 = CARTESIAN_POINT('',(6.4389E+03,-400.05,1.9431E+03));
#11329 = DIRECTION('',(1.,-1.224646799147E-16,0.));
#11330 = DIRECTION('',(0.,0.,1.));
#11331 = ADVANCED_FACE('',(#11332),#11344,.T.);
#11332 = FACE_BOUND('',#11333,.T.);
#11333 = EDGE_LOOP('',(#11334,#11335,#11341,#11342,#11343));
#11334 = ORIENTED_EDGE('',*,*,#11232,.F.);
#11335 = ORIENTED_EDGE('',*,*,#11336,.F.);
#11336 = EDGE_CURVE('',#11312,#11233,#11337,.T.);
#11337 = LINE('',#11338,#11339);
#11338 = CARTESIAN_POINT('',(6.633292714012E+03,5.89915E+03,2.5019E+03)
  );
#11339 = VECTOR('',#11340,1.);
#11340 = DIRECTION('',(-1.,1.224646799147E-16,0.));
#11341 = ORIENTED_EDGE('',*,*,#11321,.T.);
#11342 = ORIENTED_EDGE('',*,*,#11287,.T.);
#11343 = ORIENTED_EDGE('',*,*,#11273,.T.);
#11344 = PLANE('',#11345);
#11345 = AXIS2_PLACEMENT_3D('',#11346,#11347,#11348);
#11346 = CARTESIAN_POINT('',(6.529235428024E+03,5.89915E+03,
    2.387493201614E+03));
#11347 = DIRECTION('',(-1.224646799147E-16,-1.,0.));
#11348 = DIRECTION('',(0.404335613323,-4.951683146378E-17,0.914610688653
    ));
#11349 = ADVANCED_FACE('',(#11350),#11356,.T.);
#11350 = FACE_BOUND('',#11351,.T.);
#11351 = EDGE_LOOP('',(#11352,#11353,#11354,#11355));
#11352 = ORIENTED_EDGE('',*,*,#11194,.F.);
#11353 = ORIENTED_EDGE('',*,*,#11311,.F.);
#11354 = ORIENTED_EDGE('',*,*,#11336,.T.);
#11355 = ORIENTED_EDGE('',*,*,#11242,.F.);
#11356 = PLANE('',#11357);
#11357 = AXIS2_PLACEMENT_3D('',#11358,#11359,#11360);
#11358 = CARTESIAN_POINT('',(6.354673125444E+03,5.9182E+03,2.5019E+03));
#11359 = DIRECTION('',(0.,0.,-1.));
#11360 = DIRECTION('',(1.,-1.224646799147E-16,0.));
#11361 = MANIFOLD_SOLID_BREP('',#11362);
#11362 = CLOSED_SHELL('',(#11363,#11411,#11442,#11466,#11490,#11514,
    #11532));
#11363 = ADVANCED_FACE('',(#11364),#11406,.F.);
#11364 = FACE_BOUND('',#11365,.F.);
#11365 = EDGE_LOOP('',(#11366,#11376,#11384,#11392,#11400));
#11366 = ORIENTED_EDGE('',*,*,#11367,.F.);
#11367 = EDGE_CURVE('',#11368,#11370,#11372,.T.);
#11368 = VERTEX_POINT('',#11369);
#11369 = CARTESIAN_POINT('',(6.270446250888E+03,5.32765E+03,2.5019E+03)
  );
#11370 = VERTEX_POINT('',#11371);
#11371 = CARTESIAN_POINT('',(5.233865384615E+03,5.32765E+03,
    2.960156792233E+03));
#11372 = LINE('',#11373,#11374);
#11373 = CARTESIAN_POINT('',(6.529235428024E+03,5.32765E+03,
    2.387493201614E+03));
#11374 = VECTOR('',#11375,1.);
#11375 = DIRECTION('',(-0.914610688653,1.120075052325E-16,0.404335613323
    ));
#11376 = ORIENTED_EDGE('',*,*,#11377,.F.);
#11377 = EDGE_CURVE('',#11378,#11368,#11380,.T.);
#11378 = VERTEX_POINT('',#11379);
#11379 = CARTESIAN_POINT('',(6.4389E+03,5.32765E+03,2.5019E+03));
#11380 = LINE('',#11381,#11382);
#11381 = CARTESIAN_POINT('',(6.433267714012E+03,5.32765E+03,2.5019E+03)
  );
#11382 = VECTOR('',#11383,1.);
#11383 = DIRECTION('',(-1.,1.224646799147E-16,0.));
#11384 = ORIENTED_EDGE('',*,*,#11385,.T.);
#11385 = EDGE_CURVE('',#11378,#11386,#11388,.T.);
#11386 = VERTEX_POINT('',#11387);
#11387 = CARTESIAN_POINT('',(6.4389E+03,5.32765E+03,2.580171718147E+03)
  );
#11388 = LINE('',#11389,#11390);
#11389 = CARTESIAN_POINT('',(6.4389E+03,5.32765E+03,2.165296600807E+03)
  );
#11390 = VECTOR('',#11391,1.);
#11391 = DIRECTION('',(0.,0.,1.));
#11392 = ORIENTED_EDGE('',*,*,#11393,.T.);
#11393 = EDGE_CURVE('',#11386,#11394,#11396,.T.);
#11394 = VERTEX_POINT('',#11395);
#11395 = CARTESIAN_POINT('',(5.233865384615E+03,5.32765E+03,
    3.112899376299E+03));
#11396 = LINE('',#11397,#11398);
#11397 = CARTESIAN_POINT('',(6.585721113205E+03,5.32765E+03,
    2.515264314819E+03));
#11398 = VECTOR('',#11399,1.);
#11399 = DIRECTION('',(-0.914610688653,1.120075052325E-16,0.404335613323
    ));
#11400 = ORIENTED_EDGE('',*,*,#11401,.T.);
#11401 = EDGE_CURVE('',#11394,#11370,#11402,.T.);
#11402 = LINE('',#11403,#11404);
#11403 = CARTESIAN_POINT('',(5.233865384615E+03,5.32765E+03,
    2.409271600807E+03));
#11404 = VECTOR('',#11405,1.);
#11405 = DIRECTION('',(-0.,0.,-1.));
#11406 = PLANE('',#11407);
#11407 = AXIS2_PLACEMENT_3D('',#11408,#11409,#11410);
#11408 = CARTESIAN_POINT('',(6.529235428024E+03,5.32765E+03,
    2.387493201614E+03));
#11409 = DIRECTION('',(-1.224646799147E-16,-1.,0.));
#11410 = DIRECTION('',(0.404335613323,-4.951683146378E-17,0.914610688653
    ));
#11411 = ADVANCED_FACE('',(#11412),#11437,.F.);
#11412 = FACE_BOUND('',#11413,.F.);
#11413 = EDGE_LOOP('',(#11414,#11424,#11430,#11431));
#11414 = ORIENTED_EDGE('',*,*,#11415,.F.);
#11415 = EDGE_CURVE('',#11416,#11418,#11420,.T.);
#11416 = VERTEX_POINT('',#11417);
#11417 = CARTESIAN_POINT('',(6.270446250888E+03,5.28955E+03,2.5019E+03)
  );
#11418 = VERTEX_POINT('',#11419);
#11419 = CARTESIAN_POINT('',(5.233865384615E+03,5.28955E+03,
    2.960156792233E+03));
#11420 = LINE('',#11421,#11422);
#11421 = CARTESIAN_POINT('',(6.529235428024E+03,5.28955E+03,
    2.387493201614E+03));
#11422 = VECTOR('',#11423,1.);
#11423 = DIRECTION('',(-0.914610688653,1.120075052325E-16,0.404335613323
    ));
#11424 = ORIENTED_EDGE('',*,*,#11425,.F.);
#11425 = EDGE_CURVE('',#11368,#11416,#11426,.T.);
#11426 = LINE('',#11427,#11428);
#11427 = CARTESIAN_POINT('',(6.270446250888E+03,5.46735E+03,2.5019E+03)
  );
#11428 = VECTOR('',#11429,1.);
#11429 = DIRECTION('',(-1.224646799147E-16,-1.,0.));
#11430 = ORIENTED_EDGE('',*,*,#11367,.T.);
#11431 = ORIENTED_EDGE('',*,*,#11432,.T.);
#11432 = EDGE_CURVE('',#11370,#11418,#11433,.T.);
#11433 = LINE('',#11434,#11435);
#11434 = CARTESIAN_POINT('',(5.233865384615E+03,5.32815E+03,
    2.960156792233E+03));
#11435 = VECTOR('',#11436,1.);
#11436 = DIRECTION('',(-1.224646799147E-16,-1.,0.));
#11437 = PLANE('',#11438);
#11438 = AXIS2_PLACEMENT_3D('',#11439,#11440,#11441);
#11439 = CARTESIAN_POINT('',(6.529235428024E+03,5.32765E+03,
    2.387493201614E+03));
#11440 = DIRECTION('',(0.404335613323,-4.951683146378E-17,0.914610688653
    ));
#11441 = DIRECTION('',(-0.914610688653,1.120075052325E-16,0.404335613323
    ));
#11442 = ADVANCED_FACE('',(#11443),#11461,.T.);
#11443 = FACE_BOUND('',#11444,.T.);
#11444 = EDGE_LOOP('',(#11445,#11453,#11454,#11455));
#11445 = ORIENTED_EDGE('',*,*,#11446,.F.);
#11446 = EDGE_CURVE('',#11394,#11447,#11449,.T.);
#11447 = VERTEX_POINT('',#11448);
#11448 = CARTESIAN_POINT('',(5.233865384615E+03,5.28955E+03,
    3.112899376299E+03));
#11449 = LINE('',#11450,#11451);
#11450 = CARTESIAN_POINT('',(5.233865384615E+03,5.32815E+03,
    3.112899376299E+03));
#11451 = VECTOR('',#11452,1.);
#11452 = DIRECTION('',(-1.224646799147E-16,-1.,0.));
#11453 = ORIENTED_EDGE('',*,*,#11401,.T.);
#11454 = ORIENTED_EDGE('',*,*,#11432,.T.);
#11455 = ORIENTED_EDGE('',*,*,#11456,.F.);
#11456 = EDGE_CURVE('',#11447,#11418,#11457,.T.);
#11457 = LINE('',#11458,#11459);
#11458 = CARTESIAN_POINT('',(5.233865384615E+03,5.28955E+03,
    2.409271600807E+03));
#11459 = VECTOR('',#11460,1.);
#11460 = DIRECTION('',(-0.,0.,-1.));
#11461 = PLANE('',#11462);
#11462 = AXIS2_PLACEMENT_3D('',#11463,#11464,#11465);
#11463 = CARTESIAN_POINT('',(5.233865384615E+03,5.32865E+03,2.43105E+03)
  );
#11464 = DIRECTION('',(-1.,1.224646799147E-16,0.));
#11465 = DIRECTION('',(0.,0.,1.));
#11466 = ADVANCED_FACE('',(#11467),#11485,.T.);
#11467 = FACE_BOUND('',#11468,.T.);
#11468 = EDGE_LOOP('',(#11469,#11477,#11483,#11484));
#11469 = ORIENTED_EDGE('',*,*,#11470,.F.);
#11470 = EDGE_CURVE('',#11471,#11447,#11473,.T.);
#11471 = VERTEX_POINT('',#11472);
#11472 = CARTESIAN_POINT('',(6.4389E+03,5.28955E+03,2.580171718147E+03)
  );
#11473 = LINE('',#11474,#11475);
#11474 = CARTESIAN_POINT('',(6.585721113205E+03,5.28955E+03,
    2.515264314819E+03));
#11475 = VECTOR('',#11476,1.);
#11476 = DIRECTION('',(-0.914610688653,1.120075052325E-16,0.404335613323
    ));
#11477 = ORIENTED_EDGE('',*,*,#11478,.T.);
#11478 = EDGE_CURVE('',#11471,#11386,#11479,.T.);
#11479 = LINE('',#11480,#11481);
#11480 = CARTESIAN_POINT('',(6.4389E+03,2.4638E+03,2.580171718147E+03));
#11481 = VECTOR('',#11482,1.);
#11482 = DIRECTION('',(2.424646799147E-16,1.,-5.E-17));
#11483 = ORIENTED_EDGE('',*,*,#11393,.T.);
#11484 = ORIENTED_EDGE('',*,*,#11446,.T.);
#11485 = PLANE('',#11486);
#11486 = AXIS2_PLACEMENT_3D('',#11487,#11488,#11489);
#11487 = CARTESIAN_POINT('',(6.585721113205E+03,5.32765E+03,
    2.515264314819E+03));
#11488 = DIRECTION('',(0.404335613323,-4.951683146378E-17,0.914610688653
    ));
#11489 = DIRECTION('',(-0.914610688653,1.120075052325E-16,0.404335613323
    ));
#11490 = ADVANCED_FACE('',(#11491),#11509,.T.);
#11491 = FACE_BOUND('',#11492,.T.);
#11492 = EDGE_LOOP('',(#11493,#11501,#11502,#11503));
#11493 = ORIENTED_EDGE('',*,*,#11494,.T.);
#11494 = EDGE_CURVE('',#11495,#11378,#11497,.T.);
#11495 = VERTEX_POINT('',#11496);
#11496 = CARTESIAN_POINT('',(6.4389E+03,5.28955E+03,2.5019E+03));
#11497 = LINE('',#11498,#11499);
#11498 = CARTESIAN_POINT('',(6.4389E+03,-400.05,2.5019E+03));
#11499 = VECTOR('',#11500,1.);
#11500 = DIRECTION('',(2.424646799147E-16,1.,0.));
#11501 = ORIENTED_EDGE('',*,*,#11385,.T.);
#11502 = ORIENTED_EDGE('',*,*,#11478,.F.);
#11503 = ORIENTED_EDGE('',*,*,#11504,.F.);
#11504 = EDGE_CURVE('',#11495,#11471,#11505,.T.);
#11505 = LINE('',#11506,#11507);
#11506 = CARTESIAN_POINT('',(6.4389E+03,5.28955E+03,2.165296600807E+03)
  );
#11507 = VECTOR('',#11508,1.);
#11508 = DIRECTION('',(0.,0.,1.));
#11509 = PLANE('',#11510);
#11510 = AXIS2_PLACEMENT_3D('',#11511,#11512,#11513);
#11511 = CARTESIAN_POINT('',(6.4389E+03,-400.05,1.9431E+03));
#11512 = DIRECTION('',(1.,-1.224646799147E-16,0.));
#11513 = DIRECTION('',(0.,0.,1.));
#11514 = ADVANCED_FACE('',(#11515),#11527,.T.);
#11515 = FACE_BOUND('',#11516,.T.);
#11516 = EDGE_LOOP('',(#11517,#11518,#11524,#11525,#11526));
#11517 = ORIENTED_EDGE('',*,*,#11415,.F.);
#11518 = ORIENTED_EDGE('',*,*,#11519,.F.);
#11519 = EDGE_CURVE('',#11495,#11416,#11520,.T.);
#11520 = LINE('',#11521,#11522);
#11521 = CARTESIAN_POINT('',(6.633292714012E+03,5.28955E+03,2.5019E+03)
  );
#11522 = VECTOR('',#11523,1.);
#11523 = DIRECTION('',(-1.,1.224646799147E-16,0.));
#11524 = ORIENTED_EDGE('',*,*,#11504,.T.);
#11525 = ORIENTED_EDGE('',*,*,#11470,.T.);
#11526 = ORIENTED_EDGE('',*,*,#11456,.T.);
#11527 = PLANE('',#11528);
#11528 = AXIS2_PLACEMENT_3D('',#11529,#11530,#11531);
#11529 = CARTESIAN_POINT('',(6.529235428024E+03,5.28955E+03,
    2.387493201614E+03));
#11530 = DIRECTION('',(-1.224646799147E-16,-1.,0.));
#11531 = DIRECTION('',(0.404335613323,-4.951683146378E-17,0.914610688653
    ));
#11532 = ADVANCED_FACE('',(#11533),#11539,.T.);
#11533 = FACE_BOUND('',#11534,.T.);
#11534 = EDGE_LOOP('',(#11535,#11536,#11537,#11538));
#11535 = ORIENTED_EDGE('',*,*,#11377,.F.);
#11536 = ORIENTED_EDGE('',*,*,#11494,.F.);
#11537 = ORIENTED_EDGE('',*,*,#11519,.T.);
#11538 = ORIENTED_EDGE('',*,*,#11425,.F.);
#11539 = PLANE('',#11540);
#11540 = AXIS2_PLACEMENT_3D('',#11541,#11542,#11543);
#11541 = CARTESIAN_POINT('',(6.354673125444E+03,5.3086E+03,2.5019E+03));
#11542 = DIRECTION('',(0.,0.,-1.));
#11543 = DIRECTION('',(1.,-1.224646799147E-16,0.));
#11544 = MANIFOLD_SOLID_BREP('',#11545);
#11545 = CLOSED_SHELL('',(#11546,#11594,#11625,#11649,#11673,#11697,
    #11715));
#11546 = ADVANCED_FACE('',(#11547),#11589,.F.);
#11547 = FACE_BOUND('',#11548,.F.);
#11548 = EDGE_LOOP('',(#11549,#11559,#11567,#11575,#11583));
#11549 = ORIENTED_EDGE('',*,*,#11550,.F.);
#11550 = EDGE_CURVE('',#11551,#11553,#11555,.T.);
#11551 = VERTEX_POINT('',#11552);
#11552 = CARTESIAN_POINT('',(6.270446250888E+03,4.71805E+03,2.5019E+03)
  );
#11553 = VERTEX_POINT('',#11554);
#11554 = CARTESIAN_POINT('',(4.577373076923E+03,4.71805E+03,
    3.250382156058E+03));
#11555 = LINE('',#11556,#11557);
#11556 = CARTESIAN_POINT('',(6.529235428024E+03,4.71805E+03,
    2.387493201614E+03));
#11557 = VECTOR('',#11558,1.);
#11558 = DIRECTION('',(-0.914610688653,1.120075052325E-16,0.404335613323
    ));
#11559 = ORIENTED_EDGE('',*,*,#11560,.F.);
#11560 = EDGE_CURVE('',#11561,#11551,#11563,.T.);
#11561 = VERTEX_POINT('',#11562);
#11562 = CARTESIAN_POINT('',(6.4389E+03,4.71805E+03,2.5019E+03));
#11563 = LINE('',#11564,#11565);
#11564 = CARTESIAN_POINT('',(6.433267714012E+03,4.71805E+03,2.5019E+03)
  );
#11565 = VECTOR('',#11566,1.);
#11566 = DIRECTION('',(-1.,1.224646799147E-16,0.));
#11567 = ORIENTED_EDGE('',*,*,#11568,.T.);
#11568 = EDGE_CURVE('',#11561,#11569,#11571,.T.);
#11569 = VERTEX_POINT('',#11570);
#11570 = CARTESIAN_POINT('',(6.4389E+03,4.71805E+03,2.580171718147E+03)
  );
#11571 = LINE('',#11572,#11573);
#11572 = CARTESIAN_POINT('',(6.4389E+03,4.71805E+03,2.165296600807E+03)
  );
#11573 = VECTOR('',#11574,1.);
#11574 = DIRECTION('',(0.,0.,1.));
#11575 = ORIENTED_EDGE('',*,*,#11576,.T.);
#11576 = EDGE_CURVE('',#11569,#11577,#11579,.T.);
#11577 = VERTEX_POINT('',#11578);
#11578 = CARTESIAN_POINT('',(4.577373076923E+03,4.71805E+03,
    3.403124740125E+03));
#11579 = LINE('',#11580,#11581);
#11580 = CARTESIAN_POINT('',(6.585721113205E+03,4.71805E+03,
    2.515264314819E+03));
#11581 = VECTOR('',#11582,1.);
#11582 = DIRECTION('',(-0.914610688653,1.120075052325E-16,0.404335613323
    ));
#11583 = ORIENTED_EDGE('',*,*,#11584,.T.);
#11584 = EDGE_CURVE('',#11577,#11553,#11585,.T.);
#11585 = LINE('',#11586,#11587);
#11586 = CARTESIAN_POINT('',(4.577373076923E+03,4.71805E+03,
    2.409271600807E+03));
#11587 = VECTOR('',#11588,1.);
#11588 = DIRECTION('',(-0.,0.,-1.));
#11589 = PLANE('',#11590);
#11590 = AXIS2_PLACEMENT_3D('',#11591,#11592,#11593);
#11591 = CARTESIAN_POINT('',(6.529235428024E+03,4.71805E+03,
    2.387493201614E+03));
#11592 = DIRECTION('',(-1.224646799147E-16,-1.,0.));
#11593 = DIRECTION('',(0.404335613323,-4.951683146378E-17,0.914610688653
    ));
#11594 = ADVANCED_FACE('',(#11595),#11620,.F.);
#11595 = FACE_BOUND('',#11596,.F.);
#11596 = EDGE_LOOP('',(#11597,#11607,#11613,#11614));
#11597 = ORIENTED_EDGE('',*,*,#11598,.F.);
#11598 = EDGE_CURVE('',#11599,#11601,#11603,.T.);
#11599 = VERTEX_POINT('',#11600);
#11600 = CARTESIAN_POINT('',(6.270446250888E+03,4.67995E+03,2.5019E+03)
  );
#11601 = VERTEX_POINT('',#11602);
#11602 = CARTESIAN_POINT('',(4.577373076923E+03,4.67995E+03,
    3.250382156058E+03));
#11603 = LINE('',#11604,#11605);
#11604 = CARTESIAN_POINT('',(6.529235428024E+03,4.67995E+03,
    2.387493201614E+03));
#11605 = VECTOR('',#11606,1.);
#11606 = DIRECTION('',(-0.914610688653,1.120075052325E-16,0.404335613323
    ));
#11607 = ORIENTED_EDGE('',*,*,#11608,.F.);
#11608 = EDGE_CURVE('',#11551,#11599,#11609,.T.);
#11609 = LINE('',#11610,#11611);
#11610 = CARTESIAN_POINT('',(6.270446250888E+03,4.85775E+03,2.5019E+03)
  );
#11611 = VECTOR('',#11612,1.);
#11612 = DIRECTION('',(-1.224646799147E-16,-1.,0.));
#11613 = ORIENTED_EDGE('',*,*,#11550,.T.);
#11614 = ORIENTED_EDGE('',*,*,#11615,.T.);
#11615 = EDGE_CURVE('',#11553,#11601,#11616,.T.);
#11616 = LINE('',#11617,#11618);
#11617 = CARTESIAN_POINT('',(4.577373076923E+03,4.71855E+03,
    3.250382156058E+03));
#11618 = VECTOR('',#11619,1.);
#11619 = DIRECTION('',(-1.224646799147E-16,-1.,0.));
#11620 = PLANE('',#11621);
#11621 = AXIS2_PLACEMENT_3D('',#11622,#11623,#11624);
#11622 = CARTESIAN_POINT('',(6.529235428024E+03,4.71805E+03,
    2.387493201614E+03));
#11623 = DIRECTION('',(0.404335613323,-4.951683146378E-17,0.914610688653
    ));
#11624 = DIRECTION('',(-0.914610688653,1.120075052325E-16,0.404335613323
    ));
#11625 = ADVANCED_FACE('',(#11626),#11644,.T.);
#11626 = FACE_BOUND('',#11627,.T.);
#11627 = EDGE_LOOP('',(#11628,#11636,#11637,#11638));
#11628 = ORIENTED_EDGE('',*,*,#11629,.F.);
#11629 = EDGE_CURVE('',#11577,#11630,#11632,.T.);
#11630 = VERTEX_POINT('',#11631);
#11631 = CARTESIAN_POINT('',(4.577373076923E+03,4.67995E+03,
    3.403124740125E+03));
#11632 = LINE('',#11633,#11634);
#11633 = CARTESIAN_POINT('',(4.577373076923E+03,4.71855E+03,
    3.403124740125E+03));
#11634 = VECTOR('',#11635,1.);
#11635 = DIRECTION('',(-1.224646799147E-16,-1.,0.));
#11636 = ORIENTED_EDGE('',*,*,#11584,.T.);
#11637 = ORIENTED_EDGE('',*,*,#11615,.T.);
#11638 = ORIENTED_EDGE('',*,*,#11639,.F.);
#11639 = EDGE_CURVE('',#11630,#11601,#11640,.T.);
#11640 = LINE('',#11641,#11642);
#11641 = CARTESIAN_POINT('',(4.577373076923E+03,4.67995E+03,
    2.409271600807E+03));
#11642 = VECTOR('',#11643,1.);
#11643 = DIRECTION('',(-0.,0.,-1.));
#11644 = PLANE('',#11645);
#11645 = AXIS2_PLACEMENT_3D('',#11646,#11647,#11648);
#11646 = CARTESIAN_POINT('',(4.577373076923E+03,4.71905E+03,2.43105E+03)
  );
#11647 = DIRECTION('',(-1.,1.224646799147E-16,0.));
#11648 = DIRECTION('',(0.,0.,1.));
#11649 = ADVANCED_FACE('',(#11650),#11668,.T.);
#11650 = FACE_BOUND('',#11651,.T.);
#11651 = EDGE_LOOP('',(#11652,#11660,#11666,#11667));
#11652 = ORIENTED_EDGE('',*,*,#11653,.F.);
#11653 = EDGE_CURVE('',#11654,#11630,#11656,.T.);
#11654 = VERTEX_POINT('',#11655);
#11655 = CARTESIAN_POINT('',(6.4389E+03,4.67995E+03,2.580171718147E+03)
  );
#11656 = LINE('',#11657,#11658);
#11657 = CARTESIAN_POINT('',(6.585721113205E+03,4.67995E+03,
    2.515264314819E+03));
#11658 = VECTOR('',#11659,1.);
#11659 = DIRECTION('',(-0.914610688653,1.120075052325E-16,0.404335613323
    ));
#11660 = ORIENTED_EDGE('',*,*,#11661,.T.);
#11661 = EDGE_CURVE('',#11654,#11569,#11662,.T.);
#11662 = LINE('',#11663,#11664);
#11663 = CARTESIAN_POINT('',(6.4389E+03,2.159E+03,2.580171718147E+03));
#11664 = VECTOR('',#11665,1.);
#11665 = DIRECTION('',(2.424646799147E-16,1.,-5.E-17));
#11666 = ORIENTED_EDGE('',*,*,#11576,.T.);
#11667 = ORIENTED_EDGE('',*,*,#11629,.T.);
#11668 = PLANE('',#11669);
#11669 = AXIS2_PLACEMENT_3D('',#11670,#11671,#11672);
#11670 = CARTESIAN_POINT('',(6.585721113205E+03,4.71805E+03,
    2.515264314819E+03));
#11671 = DIRECTION('',(0.404335613323,-4.951683146378E-17,0.914610688653
    ));
#11672 = DIRECTION('',(-0.914610688653,1.120075052325E-16,0.404335613323
    ));
#11673 = ADVANCED_FACE('',(#11674),#11692,.T.);
#11674 = FACE_BOUND('',#11675,.T.);
#11675 = EDGE_LOOP('',(#11676,#11684,#11685,#11686));
#11676 = ORIENTED_EDGE('',*,*,#11677,.T.);
#11677 = EDGE_CURVE('',#11678,#11561,#11680,.T.);
#11678 = VERTEX_POINT('',#11679);
#11679 = CARTESIAN_POINT('',(6.4389E+03,4.67995E+03,2.5019E+03));
#11680 = LINE('',#11681,#11682);
#11681 = CARTESIAN_POINT('',(6.4389E+03,-400.05,2.5019E+03));
#11682 = VECTOR('',#11683,1.);
#11683 = DIRECTION('',(2.424646799147E-16,1.,0.));
#11684 = ORIENTED_EDGE('',*,*,#11568,.T.);
#11685 = ORIENTED_EDGE('',*,*,#11661,.F.);
#11686 = ORIENTED_EDGE('',*,*,#11687,.F.);
#11687 = EDGE_CURVE('',#11678,#11654,#11688,.T.);
#11688 = LINE('',#11689,#11690);
#11689 = CARTESIAN_POINT('',(6.4389E+03,4.67995E+03,2.165296600807E+03)
  );
#11690 = VECTOR('',#11691,1.);
#11691 = DIRECTION('',(0.,0.,1.));
#11692 = PLANE('',#11693);
#11693 = AXIS2_PLACEMENT_3D('',#11694,#11695,#11696);
#11694 = CARTESIAN_POINT('',(6.4389E+03,-400.05,1.9431E+03));
#11695 = DIRECTION('',(1.,-1.224646799147E-16,0.));
#11696 = DIRECTION('',(0.,0.,1.));
#11697 = ADVANCED_FACE('',(#11698),#11710,.T.);
#11698 = FACE_BOUND('',#11699,.T.);
#11699 = EDGE_LOOP('',(#11700,#11701,#11707,#11708,#11709));
#11700 = ORIENTED_EDGE('',*,*,#11598,.F.);
#11701 = ORIENTED_EDGE('',*,*,#11702,.F.);
#11702 = EDGE_CURVE('',#11678,#11599,#11703,.T.);
#11703 = LINE('',#11704,#11705);
#11704 = CARTESIAN_POINT('',(6.633292714012E+03,4.67995E+03,2.5019E+03)
  );
#11705 = VECTOR('',#11706,1.);
#11706 = DIRECTION('',(-1.,1.224646799147E-16,0.));
#11707 = ORIENTED_EDGE('',*,*,#11687,.T.);
#11708 = ORIENTED_EDGE('',*,*,#11653,.T.);
#11709 = ORIENTED_EDGE('',*,*,#11639,.T.);
#11710 = PLANE('',#11711);
#11711 = AXIS2_PLACEMENT_3D('',#11712,#11713,#11714);
#11712 = CARTESIAN_POINT('',(6.529235428024E+03,4.67995E+03,
    2.387493201614E+03));
#11713 = DIRECTION('',(-1.224646799147E-16,-1.,0.));
#11714 = DIRECTION('',(0.404335613323,-4.951683146378E-17,0.914610688653
    ));
#11715 = ADVANCED_FACE('',(#11716),#11722,.T.);
#11716 = FACE_BOUND('',#11717,.T.);
#11717 = EDGE_LOOP('',(#11718,#11719,#11720,#11721));
#11718 = ORIENTED_EDGE('',*,*,#11560,.F.);
#11719 = ORIENTED_EDGE('',*,*,#11677,.F.);
#11720 = ORIENTED_EDGE('',*,*,#11702,.T.);
#11721 = ORIENTED_EDGE('',*,*,#11608,.F.);
#11722 = PLANE('',#11723);
#11723 = AXIS2_PLACEMENT_3D('',#11724,#11725,#11726);
#11724 = CARTESIAN_POINT('',(6.354673125444E+03,4.699E+03,2.5019E+03));
#11725 = DIRECTION('',(0.,0.,-1.));
#11726 = DIRECTION('',(1.,-1.224646799147E-16,0.));
#11727 = MANIFOLD_SOLID_BREP('',#11728);
#11728 = CLOSED_SHELL('',(#11729,#11777,#11808,#11832,#11856,#11880,
    #11898));
#11729 = ADVANCED_FACE('',(#11730),#11772,.F.);
#11730 = FACE_BOUND('',#11731,.F.);
#11731 = EDGE_LOOP('',(#11732,#11742,#11750,#11758,#11766));
#11732 = ORIENTED_EDGE('',*,*,#11733,.F.);
#11733 = EDGE_CURVE('',#11734,#11736,#11738,.T.);
#11734 = VERTEX_POINT('',#11735);
#11735 = CARTESIAN_POINT('',(6.270446250888E+03,4.10845E+03,2.5019E+03)
  );
#11736 = VERTEX_POINT('',#11737);
#11737 = CARTESIAN_POINT('',(3.920880769231E+03,4.10845E+03,
    3.540607519883E+03));
#11738 = LINE('',#11739,#11740);
#11739 = CARTESIAN_POINT('',(6.529235428024E+03,4.10845E+03,
    2.387493201614E+03));
#11740 = VECTOR('',#11741,1.);
#11741 = DIRECTION('',(-0.914610688653,1.120075052325E-16,0.404335613323
    ));
#11742 = ORIENTED_EDGE('',*,*,#11743,.F.);
#11743 = EDGE_CURVE('',#11744,#11734,#11746,.T.);
#11744 = VERTEX_POINT('',#11745);
#11745 = CARTESIAN_POINT('',(6.4389E+03,4.10845E+03,2.5019E+03));
#11746 = LINE('',#11747,#11748);
#11747 = CARTESIAN_POINT('',(6.433267714012E+03,4.10845E+03,2.5019E+03)
  );
#11748 = VECTOR('',#11749,1.);
#11749 = DIRECTION('',(-1.,1.224646799147E-16,0.));
#11750 = ORIENTED_EDGE('',*,*,#11751,.T.);
#11751 = EDGE_CURVE('',#11744,#11752,#11754,.T.);
#11752 = VERTEX_POINT('',#11753);
#11753 = CARTESIAN_POINT('',(6.4389E+03,4.10845E+03,2.580171718147E+03)
  );
#11754 = LINE('',#11755,#11756);
#11755 = CARTESIAN_POINT('',(6.4389E+03,4.10845E+03,2.165296600807E+03)
  );
#11756 = VECTOR('',#11757,1.);
#11757 = DIRECTION('',(0.,0.,1.));
#11758 = ORIENTED_EDGE('',*,*,#11759,.T.);
#11759 = EDGE_CURVE('',#11752,#11760,#11762,.T.);
#11760 = VERTEX_POINT('',#11761);
#11761 = CARTESIAN_POINT('',(3.920880769231E+03,4.10845E+03,
    3.69335010395E+03));
#11762 = LINE('',#11763,#11764);
#11763 = CARTESIAN_POINT('',(6.585721113205E+03,4.10845E+03,
    2.515264314819E+03));
#11764 = VECTOR('',#11765,1.);
#11765 = DIRECTION('',(-0.914610688653,1.120075052325E-16,0.404335613323
    ));
#11766 = ORIENTED_EDGE('',*,*,#11767,.T.);
#11767 = EDGE_CURVE('',#11760,#11736,#11768,.T.);
#11768 = LINE('',#11769,#11770);
#11769 = CARTESIAN_POINT('',(3.920880769231E+03,4.10845E+03,
    2.409271600807E+03));
#11770 = VECTOR('',#11771,1.);
#11771 = DIRECTION('',(-0.,0.,-1.));
#11772 = PLANE('',#11773);
#11773 = AXIS2_PLACEMENT_3D('',#11774,#11775,#11776);
#11774 = CARTESIAN_POINT('',(6.529235428024E+03,4.10845E+03,
    2.387493201614E+03));
#11775 = DIRECTION('',(-1.224646799147E-16,-1.,0.));
#11776 = DIRECTION('',(0.404335613323,-4.951683146378E-17,0.914610688653
    ));
#11777 = ADVANCED_FACE('',(#11778),#11803,.F.);
#11778 = FACE_BOUND('',#11779,.F.);
#11779 = EDGE_LOOP('',(#11780,#11790,#11796,#11797));
#11780 = ORIENTED_EDGE('',*,*,#11781,.F.);
#11781 = EDGE_CURVE('',#11782,#11784,#11786,.T.);
#11782 = VERTEX_POINT('',#11783);
#11783 = CARTESIAN_POINT('',(6.270446250888E+03,4.07035E+03,2.5019E+03)
  );
#11784 = VERTEX_POINT('',#11785);
#11785 = CARTESIAN_POINT('',(3.920880769231E+03,4.07035E+03,
    3.540607519883E+03));
#11786 = LINE('',#11787,#11788);
#11787 = CARTESIAN_POINT('',(6.529235428024E+03,4.07035E+03,
    2.387493201614E+03));
#11788 = VECTOR('',#11789,1.);
#11789 = DIRECTION('',(-0.914610688653,1.120075052325E-16,0.404335613323
    ));
#11790 = ORIENTED_EDGE('',*,*,#11791,.F.);
#11791 = EDGE_CURVE('',#11734,#11782,#11792,.T.);
#11792 = LINE('',#11793,#11794);
#11793 = CARTESIAN_POINT('',(6.270446250888E+03,4.24815E+03,2.5019E+03)
  );
#11794 = VECTOR('',#11795,1.);
#11795 = DIRECTION('',(-1.224646799147E-16,-1.,0.));
#11796 = ORIENTED_EDGE('',*,*,#11733,.T.);
#11797 = ORIENTED_EDGE('',*,*,#11798,.T.);
#11798 = EDGE_CURVE('',#11736,#11784,#11799,.T.);
#11799 = LINE('',#11800,#11801);
#11800 = CARTESIAN_POINT('',(3.920880769231E+03,4.10895E+03,
    3.540607519883E+03));
#11801 = VECTOR('',#11802,1.);
#11802 = DIRECTION('',(-1.224646799147E-16,-1.,0.));
#11803 = PLANE('',#11804);
#11804 = AXIS2_PLACEMENT_3D('',#11805,#11806,#11807);
#11805 = CARTESIAN_POINT('',(6.529235428024E+03,4.10845E+03,
    2.387493201614E+03));
#11806 = DIRECTION('',(0.404335613323,-4.951683146378E-17,0.914610688653
    ));
#11807 = DIRECTION('',(-0.914610688653,1.120075052325E-16,0.404335613323
    ));
#11808 = ADVANCED_FACE('',(#11809),#11827,.T.);
#11809 = FACE_BOUND('',#11810,.T.);
#11810 = EDGE_LOOP('',(#11811,#11819,#11820,#11821));
#11811 = ORIENTED_EDGE('',*,*,#11812,.F.);
#11812 = EDGE_CURVE('',#11760,#11813,#11815,.T.);
#11813 = VERTEX_POINT('',#11814);
#11814 = CARTESIAN_POINT('',(3.920880769231E+03,4.07035E+03,
    3.69335010395E+03));
#11815 = LINE('',#11816,#11817);
#11816 = CARTESIAN_POINT('',(3.920880769231E+03,4.10895E+03,
    3.69335010395E+03));
#11817 = VECTOR('',#11818,1.);
#11818 = DIRECTION('',(-1.224646799147E-16,-1.,0.));
#11819 = ORIENTED_EDGE('',*,*,#11767,.T.);
#11820 = ORIENTED_EDGE('',*,*,#11798,.T.);
#11821 = ORIENTED_EDGE('',*,*,#11822,.F.);
#11822 = EDGE_CURVE('',#11813,#11784,#11823,.T.);
#11823 = LINE('',#11824,#11825);
#11824 = CARTESIAN_POINT('',(3.920880769231E+03,4.07035E+03,
    2.409271600807E+03));
#11825 = VECTOR('',#11826,1.);
#11826 = DIRECTION('',(-0.,0.,-1.));
#11827 = PLANE('',#11828);
#11828 = AXIS2_PLACEMENT_3D('',#11829,#11830,#11831);
#11829 = CARTESIAN_POINT('',(3.920880769231E+03,4.10945E+03,2.43105E+03)
  );
#11830 = DIRECTION('',(-1.,1.224646799147E-16,0.));
#11831 = DIRECTION('',(0.,0.,1.));
#11832 = ADVANCED_FACE('',(#11833),#11851,.T.);
#11833 = FACE_BOUND('',#11834,.T.);
#11834 = EDGE_LOOP('',(#11835,#11843,#11849,#11850));
#11835 = ORIENTED_EDGE('',*,*,#11836,.F.);
#11836 = EDGE_CURVE('',#11837,#11813,#11839,.T.);
#11837 = VERTEX_POINT('',#11838);
#11838 = CARTESIAN_POINT('',(6.4389E+03,4.07035E+03,2.580171718147E+03)
  );
#11839 = LINE('',#11840,#11841);
#11840 = CARTESIAN_POINT('',(6.585721113205E+03,4.07035E+03,
    2.515264314819E+03));
#11841 = VECTOR('',#11842,1.);
#11842 = DIRECTION('',(-0.914610688653,1.120075052325E-16,0.404335613323
    ));
#11843 = ORIENTED_EDGE('',*,*,#11844,.T.);
#11844 = EDGE_CURVE('',#11837,#11752,#11845,.T.);
#11845 = LINE('',#11846,#11847);
#11846 = CARTESIAN_POINT('',(6.4389E+03,1.8542E+03,2.580171718147E+03));
#11847 = VECTOR('',#11848,1.);
#11848 = DIRECTION('',(2.424646799147E-16,1.,-5.E-17));
#11849 = ORIENTED_EDGE('',*,*,#11759,.T.);
#11850 = ORIENTED_EDGE('',*,*,#11812,.T.);
#11851 = PLANE('',#11852);
#11852 = AXIS2_PLACEMENT_3D('',#11853,#11854,#11855);
#11853 = CARTESIAN_POINT('',(6.585721113205E+03,4.10845E+03,
    2.515264314819E+03));
#11854 = DIRECTION('',(0.404335613323,-4.951683146378E-17,0.914610688653
    ));
#11855 = DIRECTION('',(-0.914610688653,1.120075052325E-16,0.404335613323
    ));
#11856 = ADVANCED_FACE('',(#11857),#11875,.T.);
#11857 = FACE_BOUND('',#11858,.T.);
#11858 = EDGE_LOOP('',(#11859,#11867,#11868,#11869));
#11859 = ORIENTED_EDGE('',*,*,#11860,.T.);
#11860 = EDGE_CURVE('',#11861,#11744,#11863,.T.);
#11861 = VERTEX_POINT('',#11862);
#11862 = CARTESIAN_POINT('',(6.4389E+03,4.07035E+03,2.5019E+03));
#11863 = LINE('',#11864,#11865);
#11864 = CARTESIAN_POINT('',(6.4389E+03,-400.05,2.5019E+03));
#11865 = VECTOR('',#11866,1.);
#11866 = DIRECTION('',(2.424646799147E-16,1.,0.));
#11867 = ORIENTED_EDGE('',*,*,#11751,.T.);
#11868 = ORIENTED_EDGE('',*,*,#11844,.F.);
#11869 = ORIENTED_EDGE('',*,*,#11870,.F.);
#11870 = EDGE_CURVE('',#11861,#11837,#11871,.T.);
#11871 = LINE('',#11872,#11873);
#11872 = CARTESIAN_POINT('',(6.4389E+03,4.07035E+03,2.165296600807E+03)
  );
#11873 = VECTOR('',#11874,1.);
#11874 = DIRECTION('',(0.,0.,1.));
#11875 = PLANE('',#11876);
#11876 = AXIS2_PLACEMENT_3D('',#11877,#11878,#11879);
#11877 = CARTESIAN_POINT('',(6.4389E+03,-400.05,1.9431E+03));
#11878 = DIRECTION('',(1.,-1.224646799147E-16,0.));
#11879 = DIRECTION('',(0.,0.,1.));
#11880 = ADVANCED_FACE('',(#11881),#11893,.T.);
#11881 = FACE_BOUND('',#11882,.T.);
#11882 = EDGE_LOOP('',(#11883,#11884,#11890,#11891,#11892));
#11883 = ORIENTED_EDGE('',*,*,#11781,.F.);
#11884 = ORIENTED_EDGE('',*,*,#11885,.F.);
#11885 = EDGE_CURVE('',#11861,#11782,#11886,.T.);
#11886 = LINE('',#11887,#11888);
#11887 = CARTESIAN_POINT('',(6.633292714012E+03,4.07035E+03,2.5019E+03)
  );
#11888 = VECTOR('',#11889,1.);
#11889 = DIRECTION('',(-1.,1.224646799147E-16,0.));
#11890 = ORIENTED_EDGE('',*,*,#11870,.T.);
#11891 = ORIENTED_EDGE('',*,*,#11836,.T.);
#11892 = ORIENTED_EDGE('',*,*,#11822,.T.);
#11893 = PLANE('',#11894);
#11894 = AXIS2_PLACEMENT_3D('',#11895,#11896,#11897);
#11895 = CARTESIAN_POINT('',(6.529235428024E+03,4.07035E+03,
    2.387493201614E+03));
#11896 = DIRECTION('',(-1.224646799147E-16,-1.,0.));
#11897 = DIRECTION('',(0.404335613323,-4.951683146378E-17,0.914610688653
    ));
#11898 = ADVANCED_FACE('',(#11899),#11905,.T.);
#11899 = FACE_BOUND('',#11900,.T.);
#11900 = EDGE_LOOP('',(#11901,#11902,#11903,#11904));
#11901 = ORIENTED_EDGE('',*,*,#11743,.F.);
#11902 = ORIENTED_EDGE('',*,*,#11860,.F.);
#11903 = ORIENTED_EDGE('',*,*,#11885,.T.);
#11904 = ORIENTED_EDGE('',*,*,#11791,.F.);
#11905 = PLANE('',#11906);
#11906 = AXIS2_PLACEMENT_3D('',#11907,#11908,#11909);
#11907 = CARTESIAN_POINT('',(6.354673125444E+03,4.0894E+03,2.5019E+03));
#11908 = DIRECTION('',(0.,0.,-1.));
#11909 = DIRECTION('',(1.,-1.224646799147E-16,0.));
#11910 = MANIFOLD_SOLID_BREP('',#11911);
#11911 = CLOSED_SHELL('',(#11912,#11960,#11991,#12015,#12039,#12063,
    #12081));
#11912 = ADVANCED_FACE('',(#11913),#11955,.F.);
#11913 = FACE_BOUND('',#11914,.F.);
#11914 = EDGE_LOOP('',(#11915,#11925,#11933,#11941,#11949));
#11915 = ORIENTED_EDGE('',*,*,#11916,.F.);
#11916 = EDGE_CURVE('',#11917,#11919,#11921,.T.);
#11917 = VERTEX_POINT('',#11918);
#11918 = CARTESIAN_POINT('',(6.270446250888E+03,3.49885E+03,2.5019E+03)
  );
#11919 = VERTEX_POINT('',#11920);
#11920 = CARTESIAN_POINT('',(3.264388461538E+03,3.49885E+03,
    3.830832883709E+03));
#11921 = LINE('',#11922,#11923);
#11922 = CARTESIAN_POINT('',(6.529235428024E+03,3.49885E+03,
    2.387493201614E+03));
#11923 = VECTOR('',#11924,1.);
#11924 = DIRECTION('',(-0.914610688653,1.120075052325E-16,0.404335613323
    ));
#11925 = ORIENTED_EDGE('',*,*,#11926,.F.);
#11926 = EDGE_CURVE('',#11927,#11917,#11929,.T.);
#11927 = VERTEX_POINT('',#11928);
#11928 = CARTESIAN_POINT('',(6.4389E+03,3.49885E+03,2.5019E+03));
#11929 = LINE('',#11930,#11931);
#11930 = CARTESIAN_POINT('',(6.433267714012E+03,3.49885E+03,2.5019E+03)
  );
#11931 = VECTOR('',#11932,1.);
#11932 = DIRECTION('',(-1.,1.224646799147E-16,0.));
#11933 = ORIENTED_EDGE('',*,*,#11934,.T.);
#11934 = EDGE_CURVE('',#11927,#11935,#11937,.T.);
#11935 = VERTEX_POINT('',#11936);
#11936 = CARTESIAN_POINT('',(6.4389E+03,3.49885E+03,2.580171718147E+03)
  );
#11937 = LINE('',#11938,#11939);
#11938 = CARTESIAN_POINT('',(6.4389E+03,3.49885E+03,2.165296600807E+03)
  );
#11939 = VECTOR('',#11940,1.);
#11940 = DIRECTION('',(0.,0.,1.));
#11941 = ORIENTED_EDGE('',*,*,#11942,.T.);
#11942 = EDGE_CURVE('',#11935,#11943,#11945,.T.);
#11943 = VERTEX_POINT('',#11944);
#11944 = CARTESIAN_POINT('',(3.264388461538E+03,3.49885E+03,
    3.983575467775E+03));
#11945 = LINE('',#11946,#11947);
#11946 = CARTESIAN_POINT('',(6.585721113205E+03,3.49885E+03,
    2.515264314819E+03));
#11947 = VECTOR('',#11948,1.);
#11948 = DIRECTION('',(-0.914610688653,1.120075052325E-16,0.404335613323
    ));
#11949 = ORIENTED_EDGE('',*,*,#11950,.T.);
#11950 = EDGE_CURVE('',#11943,#11919,#11951,.T.);
#11951 = LINE('',#11952,#11953);
#11952 = CARTESIAN_POINT('',(3.264388461538E+03,3.49885E+03,
    2.409271600807E+03));
#11953 = VECTOR('',#11954,1.);
#11954 = DIRECTION('',(-0.,0.,-1.));
#11955 = PLANE('',#11956);
#11956 = AXIS2_PLACEMENT_3D('',#11957,#11958,#11959);
#11957 = CARTESIAN_POINT('',(6.529235428024E+03,3.49885E+03,
    2.387493201614E+03));
#11958 = DIRECTION('',(-1.224646799147E-16,-1.,0.));
#11959 = DIRECTION('',(0.404335613323,-4.951683146378E-17,0.914610688653
    ));
#11960 = ADVANCED_FACE('',(#11961),#11986,.F.);
#11961 = FACE_BOUND('',#11962,.F.);
#11962 = EDGE_LOOP('',(#11963,#11973,#11979,#11980));
#11963 = ORIENTED_EDGE('',*,*,#11964,.F.);
#11964 = EDGE_CURVE('',#11965,#11967,#11969,.T.);
#11965 = VERTEX_POINT('',#11966);
#11966 = CARTESIAN_POINT('',(6.270446250888E+03,3.46075E+03,2.5019E+03)
  );
#11967 = VERTEX_POINT('',#11968);
#11968 = CARTESIAN_POINT('',(3.264388461538E+03,3.46075E+03,
    3.830832883709E+03));
#11969 = LINE('',#11970,#11971);
#11970 = CARTESIAN_POINT('',(6.529235428024E+03,3.46075E+03,
    2.387493201614E+03));
#11971 = VECTOR('',#11972,1.);
#11972 = DIRECTION('',(-0.914610688653,1.120075052325E-16,0.404335613323
    ));
#11973 = ORIENTED_EDGE('',*,*,#11974,.F.);
#11974 = EDGE_CURVE('',#11917,#11965,#11975,.T.);
#11975 = LINE('',#11976,#11977);
#11976 = CARTESIAN_POINT('',(6.270446250888E+03,3.63855E+03,2.5019E+03)
  );
#11977 = VECTOR('',#11978,1.);
#11978 = DIRECTION('',(-1.224646799147E-16,-1.,0.));
#11979 = ORIENTED_EDGE('',*,*,#11916,.T.);
#11980 = ORIENTED_EDGE('',*,*,#11981,.T.);
#11981 = EDGE_CURVE('',#11919,#11967,#11982,.T.);
#11982 = LINE('',#11983,#11984);
#11983 = CARTESIAN_POINT('',(3.264388461538E+03,3.49935E+03,
    3.830832883709E+03));
#11984 = VECTOR('',#11985,1.);
#11985 = DIRECTION('',(-1.224646799147E-16,-1.,0.));
#11986 = PLANE('',#11987);
#11987 = AXIS2_PLACEMENT_3D('',#11988,#11989,#11990);
#11988 = CARTESIAN_POINT('',(6.529235428024E+03,3.49885E+03,
    2.387493201614E+03));
#11989 = DIRECTION('',(0.404335613323,-4.951683146378E-17,0.914610688653
    ));
#11990 = DIRECTION('',(-0.914610688653,1.120075052325E-16,0.404335613323
    ));
#11991 = ADVANCED_FACE('',(#11992),#12010,.T.);
#11992 = FACE_BOUND('',#11993,.T.);
#11993 = EDGE_LOOP('',(#11994,#12002,#12003,#12004));
#11994 = ORIENTED_EDGE('',*,*,#11995,.F.);
#11995 = EDGE_CURVE('',#11943,#11996,#11998,.T.);
#11996 = VERTEX_POINT('',#11997);
#11997 = CARTESIAN_POINT('',(3.264388461538E+03,3.46075E+03,
    3.983575467775E+03));
#11998 = LINE('',#11999,#12000);
#11999 = CARTESIAN_POINT('',(3.264388461538E+03,3.49935E+03,
    3.983575467775E+03));
#12000 = VECTOR('',#12001,1.);
#12001 = DIRECTION('',(-1.224646799147E-16,-1.,0.));
#12002 = ORIENTED_EDGE('',*,*,#11950,.T.);
#12003 = ORIENTED_EDGE('',*,*,#11981,.T.);
#12004 = ORIENTED_EDGE('',*,*,#12005,.F.);
#12005 = EDGE_CURVE('',#11996,#11967,#12006,.T.);
#12006 = LINE('',#12007,#12008);
#12007 = CARTESIAN_POINT('',(3.264388461538E+03,3.46075E+03,
    2.409271600807E+03));
#12008 = VECTOR('',#12009,1.);
#12009 = DIRECTION('',(-0.,0.,-1.));
#12010 = PLANE('',#12011);
#12011 = AXIS2_PLACEMENT_3D('',#12012,#12013,#12014);
#12012 = CARTESIAN_POINT('',(3.264388461538E+03,3.49985E+03,2.43105E+03)
  );
#12013 = DIRECTION('',(-1.,1.224646799147E-16,0.));
#12014 = DIRECTION('',(0.,0.,1.));
#12015 = ADVANCED_FACE('',(#12016),#12034,.T.);
#12016 = FACE_BOUND('',#12017,.T.);
#12017 = EDGE_LOOP('',(#12018,#12026,#12032,#12033));
#12018 = ORIENTED_EDGE('',*,*,#12019,.F.);
#12019 = EDGE_CURVE('',#12020,#11996,#12022,.T.);
#12020 = VERTEX_POINT('',#12021);
#12021 = CARTESIAN_POINT('',(6.4389E+03,3.46075E+03,2.580171718147E+03)
  );
#12022 = LINE('',#12023,#12024);
#12023 = CARTESIAN_POINT('',(6.585721113205E+03,3.46075E+03,
    2.515264314819E+03));
#12024 = VECTOR('',#12025,1.);
#12025 = DIRECTION('',(-0.914610688653,1.120075052325E-16,0.404335613323
    ));
#12026 = ORIENTED_EDGE('',*,*,#12027,.T.);
#12027 = EDGE_CURVE('',#12020,#11935,#12028,.T.);
#12028 = LINE('',#12029,#12030);
#12029 = CARTESIAN_POINT('',(6.4389E+03,1.5494E+03,2.580171718147E+03));
#12030 = VECTOR('',#12031,1.);
#12031 = DIRECTION('',(2.424646799147E-16,1.,-5.E-17));
#12032 = ORIENTED_EDGE('',*,*,#11942,.T.);
#12033 = ORIENTED_EDGE('',*,*,#11995,.T.);
#12034 = PLANE('',#12035);
#12035 = AXIS2_PLACEMENT_3D('',#12036,#12037,#12038);
#12036 = CARTESIAN_POINT('',(6.585721113205E+03,3.49885E+03,
    2.515264314819E+03));
#12037 = DIRECTION('',(0.404335613323,-4.951683146378E-17,0.914610688653
    ));
#12038 = DIRECTION('',(-0.914610688653,1.120075052325E-16,0.404335613323
    ));
#12039 = ADVANCED_FACE('',(#12040),#12058,.T.);
#12040 = FACE_BOUND('',#12041,.T.);
#12041 = EDGE_LOOP('',(#12042,#12050,#12051,#12052));
#12042 = ORIENTED_EDGE('',*,*,#12043,.T.);
#12043 = EDGE_CURVE('',#12044,#11927,#12046,.T.);
#12044 = VERTEX_POINT('',#12045);
#12045 = CARTESIAN_POINT('',(6.4389E+03,3.46075E+03,2.5019E+03));
#12046 = LINE('',#12047,#12048);
#12047 = CARTESIAN_POINT('',(6.4389E+03,-400.05,2.5019E+03));
#12048 = VECTOR('',#12049,1.);
#12049 = DIRECTION('',(2.424646799147E-16,1.,0.));
#12050 = ORIENTED_EDGE('',*,*,#11934,.T.);
#12051 = ORIENTED_EDGE('',*,*,#12027,.F.);
#12052 = ORIENTED_EDGE('',*,*,#12053,.F.);
#12053 = EDGE_CURVE('',#12044,#12020,#12054,.T.);
#12054 = LINE('',#12055,#12056);
#12055 = CARTESIAN_POINT('',(6.4389E+03,3.46075E+03,2.165296600807E+03)
  );
#12056 = VECTOR('',#12057,1.);
#12057 = DIRECTION('',(0.,0.,1.));
#12058 = PLANE('',#12059);
#12059 = AXIS2_PLACEMENT_3D('',#12060,#12061,#12062);
#12060 = CARTESIAN_POINT('',(6.4389E+03,-400.05,1.9431E+03));
#12061 = DIRECTION('',(1.,-1.224646799147E-16,0.));
#12062 = DIRECTION('',(0.,0.,1.));
#12063 = ADVANCED_FACE('',(#12064),#12076,.T.);
#12064 = FACE_BOUND('',#12065,.T.);
#12065 = EDGE_LOOP('',(#12066,#12067,#12073,#12074,#12075));
#12066 = ORIENTED_EDGE('',*,*,#11964,.F.);
#12067 = ORIENTED_EDGE('',*,*,#12068,.F.);
#12068 = EDGE_CURVE('',#12044,#11965,#12069,.T.);
#12069 = LINE('',#12070,#12071);
#12070 = CARTESIAN_POINT('',(6.633292714012E+03,3.46075E+03,2.5019E+03)
  );
#12071 = VECTOR('',#12072,1.);
#12072 = DIRECTION('',(-1.,1.224646799147E-16,0.));
#12073 = ORIENTED_EDGE('',*,*,#12053,.T.);
#12074 = ORIENTED_EDGE('',*,*,#12019,.T.);
#12075 = ORIENTED_EDGE('',*,*,#12005,.T.);
#12076 = PLANE('',#12077);
#12077 = AXIS2_PLACEMENT_3D('',#12078,#12079,#12080);
#12078 = CARTESIAN_POINT('',(6.529235428024E+03,3.46075E+03,
    2.387493201614E+03));
#12079 = DIRECTION('',(-1.224646799147E-16,-1.,0.));
#12080 = DIRECTION('',(0.404335613323,-4.951683146378E-17,0.914610688653
    ));
#12081 = ADVANCED_FACE('',(#12082),#12088,.T.);
#12082 = FACE_BOUND('',#12083,.T.);
#12083 = EDGE_LOOP('',(#12084,#12085,#12086,#12087));
#12084 = ORIENTED_EDGE('',*,*,#11926,.F.);
#12085 = ORIENTED_EDGE('',*,*,#12043,.F.);
#12086 = ORIENTED_EDGE('',*,*,#12068,.T.);
#12087 = ORIENTED_EDGE('',*,*,#11974,.F.);
#12088 = PLANE('',#12089);
#12089 = AXIS2_PLACEMENT_3D('',#12090,#12091,#12092);
#12090 = CARTESIAN_POINT('',(6.354673125444E+03,3.4798E+03,2.5019E+03));
#12091 = DIRECTION('',(0.,0.,-1.));
#12092 = DIRECTION('',(1.,-1.224646799147E-16,0.));
#12093 = MANIFOLD_SOLID_BREP('',#12094);
#12094 = CLOSED_SHELL('',(#12095,#12135,#12175,#12197,#12219,#12231));
#12095 = ADVANCED_FACE('',(#12096),#12130,.F.);
#12096 = FACE_BOUND('',#12097,.F.);
#12097 = EDGE_LOOP('',(#12098,#12108,#12116,#12124));
#12098 = ORIENTED_EDGE('',*,*,#12099,.F.);
#12099 = EDGE_CURVE('',#12100,#12102,#12104,.T.);
#12100 = VERTEX_POINT('',#12101);
#12101 = CARTESIAN_POINT('',(76.2,152.4,2.5019E+03));
#12102 = VERTEX_POINT('',#12103);
#12103 = CARTESIAN_POINT('',(76.2,152.4,2.6416E+03));
#12104 = LINE('',#12105,#12106);
#12105 = CARTESIAN_POINT('',(76.2,152.4,2.5019E+03));
#12106 = VECTOR('',#12107,1.);
#12107 = DIRECTION('',(0.,0.,1.));
#12108 = ORIENTED_EDGE('',*,*,#12109,.T.);
#12109 = EDGE_CURVE('',#12100,#12110,#12112,.T.);
#12110 = VERTEX_POINT('',#12111);
#12111 = CARTESIAN_POINT('',(76.2,190.5,2.5019E+03));
#12112 = LINE('',#12113,#12114);
#12113 = CARTESIAN_POINT('',(76.2,152.4,2.5019E+03));
#12114 = VECTOR('',#12115,1.);
#12115 = DIRECTION('',(0.,1.,0.));
#12116 = ORIENTED_EDGE('',*,*,#12117,.T.);
#12117 = EDGE_CURVE('',#12110,#12118,#12120,.T.);
#12118 = VERTEX_POINT('',#12119);
#12119 = CARTESIAN_POINT('',(76.2,190.5,2.6416E+03));
#12120 = LINE('',#12121,#12122);
#12121 = CARTESIAN_POINT('',(76.2,190.5,2.5019E+03));
#12122 = VECTOR('',#12123,1.);
#12123 = DIRECTION('',(0.,0.,1.));
#12124 = ORIENTED_EDGE('',*,*,#12125,.F.);
#12125 = EDGE_CURVE('',#12102,#12118,#12126,.T.);
#12126 = LINE('',#12127,#12128);
#12127 = CARTESIAN_POINT('',(76.2,152.4,2.6416E+03));
#12128 = VECTOR('',#12129,1.);
#12129 = DIRECTION('',(0.,1.,0.));
#12130 = PLANE('',#12131);
#12131 = AXIS2_PLACEMENT_3D('',#12132,#12133,#12134);
#12132 = CARTESIAN_POINT('',(76.2,152.4,2.5019E+03));
#12133 = DIRECTION('',(1.,0.,0.));
#12134 = DIRECTION('',(0.,0.,1.));
#12135 = ADVANCED_FACE('',(#12136),#12170,.T.);
#12136 = FACE_BOUND('',#12137,.T.);
#12137 = EDGE_LOOP('',(#12138,#12148,#12156,#12164));
#12138 = ORIENTED_EDGE('',*,*,#12139,.F.);
#12139 = EDGE_CURVE('',#12140,#12142,#12144,.T.);
#12140 = VERTEX_POINT('',#12141);
#12141 = CARTESIAN_POINT('',(6.2611E+03,152.4,2.5019E+03));
#12142 = VERTEX_POINT('',#12143);
#12143 = CARTESIAN_POINT('',(6.2611E+03,152.4,2.6416E+03));
#12144 = LINE('',#12145,#12146);
#12145 = CARTESIAN_POINT('',(6.2611E+03,152.4,2.5019E+03));
#12146 = VECTOR('',#12147,1.);
#12147 = DIRECTION('',(0.,0.,1.));
#12148 = ORIENTED_EDGE('',*,*,#12149,.T.);
#12149 = EDGE_CURVE('',#12140,#12150,#12152,.T.);
#12150 = VERTEX_POINT('',#12151);
#12151 = CARTESIAN_POINT('',(6.2611E+03,190.5,2.5019E+03));
#12152 = LINE('',#12153,#12154);
#12153 = CARTESIAN_POINT('',(6.2611E+03,152.4,2.5019E+03));
#12154 = VECTOR('',#12155,1.);
#12155 = DIRECTION('',(0.,1.,0.));
#12156 = ORIENTED_EDGE('',*,*,#12157,.T.);
#12157 = EDGE_CURVE('',#12150,#12158,#12160,.T.);
#12158 = VERTEX_POINT('',#12159);
#12159 = CARTESIAN_POINT('',(6.2611E+03,190.5,2.6416E+03));
#12160 = LINE('',#12161,#12162);
#12161 = CARTESIAN_POINT('',(6.2611E+03,190.5,2.5019E+03));
#12162 = VECTOR('',#12163,1.);
#12163 = DIRECTION('',(0.,0.,1.));
#12164 = ORIENTED_EDGE('',*,*,#12165,.F.);
#12165 = EDGE_CURVE('',#12142,#12158,#12166,.T.);
#12166 = LINE('',#12167,#12168);
#12167 = CARTESIAN_POINT('',(6.2611E+03,152.4,2.6416E+03));
#12168 = VECTOR('',#12169,1.);
#12169 = DIRECTION('',(0.,1.,0.));
#12170 = PLANE('',#12171);
#12171 = AXIS2_PLACEMENT_3D('',#12172,#12173,#12174);
#12172 = CARTESIAN_POINT('',(6.2611E+03,152.4,2.5019E+03));
#12173 = DIRECTION('',(1.,0.,0.));
#12174 = DIRECTION('',(0.,0.,1.));
#12175 = ADVANCED_FACE('',(#12176),#12192,.F.);
#12176 = FACE_BOUND('',#12177,.F.);
#12177 = EDGE_LOOP('',(#12178,#12184,#12185,#12191));
#12178 = ORIENTED_EDGE('',*,*,#12179,.F.);
#12179 = EDGE_CURVE('',#12100,#12140,#12180,.T.);
#12180 = LINE('',#12181,#12182);
#12181 = CARTESIAN_POINT('',(76.2,152.4,2.5019E+03));
#12182 = VECTOR('',#12183,1.);
#12183 = DIRECTION('',(1.,0.,0.));
#12184 = ORIENTED_EDGE('',*,*,#12099,.T.);
#12185 = ORIENTED_EDGE('',*,*,#12186,.T.);
#12186 = EDGE_CURVE('',#12102,#12142,#12187,.T.);
#12187 = LINE('',#12188,#12189);
#12188 = CARTESIAN_POINT('',(76.2,152.4,2.6416E+03));
#12189 = VECTOR('',#12190,1.);
#12190 = DIRECTION('',(1.,0.,0.));
#12191 = ORIENTED_EDGE('',*,*,#12139,.F.);
#12192 = PLANE('',#12193);
#12193 = AXIS2_PLACEMENT_3D('',#12194,#12195,#12196);
#12194 = CARTESIAN_POINT('',(76.2,152.4,2.5019E+03));
#12195 = DIRECTION('',(0.,1.,0.));
#12196 = DIRECTION('',(0.,0.,1.));
#12197 = ADVANCED_FACE('',(#12198),#12214,.T.);
#12198 = FACE_BOUND('',#12199,.T.);
#12199 = EDGE_LOOP('',(#12200,#12206,#12207,#12213));
#12200 = ORIENTED_EDGE('',*,*,#12201,.F.);
#12201 = EDGE_CURVE('',#12110,#12150,#12202,.T.);
#12202 = LINE('',#12203,#12204);
#12203 = CARTESIAN_POINT('',(76.2,190.5,2.5019E+03));
#12204 = VECTOR('',#12205,1.);
#12205 = DIRECTION('',(1.,0.,0.));
#12206 = ORIENTED_EDGE('',*,*,#12117,.T.);
#12207 = ORIENTED_EDGE('',*,*,#12208,.T.);
#12208 = EDGE_CURVE('',#12118,#12158,#12209,.T.);
#12209 = LINE('',#12210,#12211);
#12210 = CARTESIAN_POINT('',(76.2,190.5,2.6416E+03));
#12211 = VECTOR('',#12212,1.);
#12212 = DIRECTION('',(1.,0.,0.));
#12213 = ORIENTED_EDGE('',*,*,#12157,.F.);
#12214 = PLANE('',#12215);
#12215 = AXIS2_PLACEMENT_3D('',#12216,#12217,#12218);
#12216 = CARTESIAN_POINT('',(76.2,190.5,2.5019E+03));
#12217 = DIRECTION('',(0.,1.,0.));
#12218 = DIRECTION('',(0.,0.,1.));
#12219 = ADVANCED_FACE('',(#12220),#12226,.F.);
#12220 = FACE_BOUND('',#12221,.F.);
#12221 = EDGE_LOOP('',(#12222,#12223,#12224,#12225));
#12222 = ORIENTED_EDGE('',*,*,#12109,.F.);
#12223 = ORIENTED_EDGE('',*,*,#12179,.T.);
#12224 = ORIENTED_EDGE('',*,*,#12149,.T.);
#12225 = ORIENTED_EDGE('',*,*,#12201,.F.);
#12226 = PLANE('',#12227);
#12227 = AXIS2_PLACEMENT_3D('',#12228,#12229,#12230);
#12228 = CARTESIAN_POINT('',(76.2,152.4,2.5019E+03));
#12229 = DIRECTION('',(0.,0.,1.));
#12230 = DIRECTION('',(1.,0.,0.));
#12231 = ADVANCED_FACE('',(#12232),#12238,.T.);
#12232 = FACE_BOUND('',#12233,.T.);
#12233 = EDGE_LOOP('',(#12234,#12235,#12236,#12237));
#12234 = ORIENTED_EDGE('',*,*,#12125,.F.);
#12235 = ORIENTED_EDGE('',*,*,#12186,.T.);
#12236 = ORIENTED_EDGE('',*,*,#12165,.T.);
#12237 = ORIENTED_EDGE('',*,*,#12208,.F.);
#12238 = PLANE('',#12239);
#12239 = AXIS2_PLACEMENT_3D('',#12240,#12241,#12242);
#12240 = CARTESIAN_POINT('',(76.2,152.4,2.6416E+03));
#12241 = DIRECTION('',(0.,0.,1.));
#12242 = DIRECTION('',(1.,0.,0.));
#12243 = MANIFOLD_SOLID_BREP('',#12244);
#12244 = CLOSED_SHELL('',(#12245,#12285,#12325,#12347,#12369,#12381));
#12245 = ADVANCED_FACE('',(#12246),#12280,.F.);
#12246 = FACE_BOUND('',#12247,.F.);
#12247 = EDGE_LOOP('',(#12248,#12258,#12266,#12274));
#12248 = ORIENTED_EDGE('',*,*,#12249,.F.);
#12249 = EDGE_CURVE('',#12250,#12252,#12254,.T.);
#12250 = VERTEX_POINT('',#12251);
#12251 = CARTESIAN_POINT('',(76.2,190.5,2.5019E+03));
#12252 = VERTEX_POINT('',#12253);
#12253 = CARTESIAN_POINT('',(76.2,190.5,2.6416E+03));
#12254 = LINE('',#12255,#12256);
#12255 = CARTESIAN_POINT('',(76.2,190.5,2.5019E+03));
#12256 = VECTOR('',#12257,1.);
#12257 = DIRECTION('',(0.,0.,1.));
#12258 = ORIENTED_EDGE('',*,*,#12259,.T.);
#12259 = EDGE_CURVE('',#12250,#12260,#12262,.T.);
#12260 = VERTEX_POINT('',#12261);
#12261 = CARTESIAN_POINT('',(76.2,228.6,2.5019E+03));
#12262 = LINE('',#12263,#12264);
#12263 = CARTESIAN_POINT('',(76.2,190.5,2.5019E+03));
#12264 = VECTOR('',#12265,1.);
#12265 = DIRECTION('',(0.,1.,0.));
#12266 = ORIENTED_EDGE('',*,*,#12267,.T.);
#12267 = EDGE_CURVE('',#12260,#12268,#12270,.T.);
#12268 = VERTEX_POINT('',#12269);
#12269 = CARTESIAN_POINT('',(76.2,228.6,2.6416E+03));
#12270 = LINE('',#12271,#12272);
#12271 = CARTESIAN_POINT('',(76.2,228.6,2.5019E+03));
#12272 = VECTOR('',#12273,1.);
#12273 = DIRECTION('',(0.,0.,1.));
#12274 = ORIENTED_EDGE('',*,*,#12275,.F.);
#12275 = EDGE_CURVE('',#12252,#12268,#12276,.T.);
#12276 = LINE('',#12277,#12278);
#12277 = CARTESIAN_POINT('',(76.2,190.5,2.6416E+03));
#12278 = VECTOR('',#12279,1.);
#12279 = DIRECTION('',(0.,1.,0.));
#12280 = PLANE('',#12281);
#12281 = AXIS2_PLACEMENT_3D('',#12282,#12283,#12284);
#12282 = CARTESIAN_POINT('',(76.2,190.5,2.5019E+03));
#12283 = DIRECTION('',(1.,0.,0.));
#12284 = DIRECTION('',(0.,0.,1.));
#12285 = ADVANCED_FACE('',(#12286),#12320,.T.);
#12286 = FACE_BOUND('',#12287,.T.);
#12287 = EDGE_LOOP('',(#12288,#12298,#12306,#12314));
#12288 = ORIENTED_EDGE('',*,*,#12289,.F.);
#12289 = EDGE_CURVE('',#12290,#12292,#12294,.T.);
#12290 = VERTEX_POINT('',#12291);
#12291 = CARTESIAN_POINT('',(6.2611E+03,190.5,2.5019E+03));
#12292 = VERTEX_POINT('',#12293);
#12293 = CARTESIAN_POINT('',(6.2611E+03,190.5,2.6416E+03));
#12294 = LINE('',#12295,#12296);
#12295 = CARTESIAN_POINT('',(6.2611E+03,190.5,2.5019E+03));
#12296 = VECTOR('',#12297,1.);
#12297 = DIRECTION('',(0.,0.,1.));
#12298 = ORIENTED_EDGE('',*,*,#12299,.T.);
#12299 = EDGE_CURVE('',#12290,#12300,#12302,.T.);
#12300 = VERTEX_POINT('',#12301);
#12301 = CARTESIAN_POINT('',(6.2611E+03,228.6,2.5019E+03));
#12302 = LINE('',#12303,#12304);
#12303 = CARTESIAN_POINT('',(6.2611E+03,190.5,2.5019E+03));
#12304 = VECTOR('',#12305,1.);
#12305 = DIRECTION('',(0.,1.,0.));
#12306 = ORIENTED_EDGE('',*,*,#12307,.T.);
#12307 = EDGE_CURVE('',#12300,#12308,#12310,.T.);
#12308 = VERTEX_POINT('',#12309);
#12309 = CARTESIAN_POINT('',(6.2611E+03,228.6,2.6416E+03));
#12310 = LINE('',#12311,#12312);
#12311 = CARTESIAN_POINT('',(6.2611E+03,228.6,2.5019E+03));
#12312 = VECTOR('',#12313,1.);
#12313 = DIRECTION('',(0.,0.,1.));
#12314 = ORIENTED_EDGE('',*,*,#12315,.F.);
#12315 = EDGE_CURVE('',#12292,#12308,#12316,.T.);
#12316 = LINE('',#12317,#12318);
#12317 = CARTESIAN_POINT('',(6.2611E+03,190.5,2.6416E+03));
#12318 = VECTOR('',#12319,1.);
#12319 = DIRECTION('',(0.,1.,0.));
#12320 = PLANE('',#12321);
#12321 = AXIS2_PLACEMENT_3D('',#12322,#12323,#12324);
#12322 = CARTESIAN_POINT('',(6.2611E+03,190.5,2.5019E+03));
#12323 = DIRECTION('',(1.,0.,0.));
#12324 = DIRECTION('',(0.,0.,1.));
#12325 = ADVANCED_FACE('',(#12326),#12342,.F.);
#12326 = FACE_BOUND('',#12327,.F.);
#12327 = EDGE_LOOP('',(#12328,#12334,#12335,#12341));
#12328 = ORIENTED_EDGE('',*,*,#12329,.F.);
#12329 = EDGE_CURVE('',#12250,#12290,#12330,.T.);
#12330 = LINE('',#12331,#12332);
#12331 = CARTESIAN_POINT('',(76.2,190.5,2.5019E+03));
#12332 = VECTOR('',#12333,1.);
#12333 = DIRECTION('',(1.,0.,0.));
#12334 = ORIENTED_EDGE('',*,*,#12249,.T.);
#12335 = ORIENTED_EDGE('',*,*,#12336,.T.);
#12336 = EDGE_CURVE('',#12252,#12292,#12337,.T.);
#12337 = LINE('',#12338,#12339);
#12338 = CARTESIAN_POINT('',(76.2,190.5,2.6416E+03));
#12339 = VECTOR('',#12340,1.);
#12340 = DIRECTION('',(1.,0.,0.));
#12341 = ORIENTED_EDGE('',*,*,#12289,.F.);
#12342 = PLANE('',#12343);
#12343 = AXIS2_PLACEMENT_3D('',#12344,#12345,#12346);
#12344 = CARTESIAN_POINT('',(76.2,190.5,2.5019E+03));
#12345 = DIRECTION('',(0.,1.,0.));
#12346 = DIRECTION('',(0.,0.,1.));
#12347 = ADVANCED_FACE('',(#12348),#12364,.T.);
#12348 = FACE_BOUND('',#12349,.T.);
#12349 = EDGE_LOOP('',(#12350,#12356,#12357,#12363));
#12350 = ORIENTED_EDGE('',*,*,#12351,.F.);
#12351 = EDGE_CURVE('',#12260,#12300,#12352,.T.);
#12352 = LINE('',#12353,#12354);
#12353 = CARTESIAN_POINT('',(76.2,228.6,2.5019E+03));
#12354 = VECTOR('',#12355,1.);
#12355 = DIRECTION('',(1.,0.,0.));
#12356 = ORIENTED_EDGE('',*,*,#12267,.T.);
#12357 = ORIENTED_EDGE('',*,*,#12358,.T.);
#12358 = EDGE_CURVE('',#12268,#12308,#12359,.T.);
#12359 = LINE('',#12360,#12361);
#12360 = CARTESIAN_POINT('',(76.2,228.6,2.6416E+03));
#12361 = VECTOR('',#12362,1.);
#12362 = DIRECTION('',(1.,0.,0.));
#12363 = ORIENTED_EDGE('',*,*,#12307,.F.);
#12364 = PLANE('',#12365);
#12365 = AXIS2_PLACEMENT_3D('',#12366,#12367,#12368);
#12366 = CARTESIAN_POINT('',(76.2,228.6,2.5019E+03));
#12367 = DIRECTION('',(0.,1.,0.));
#12368 = DIRECTION('',(0.,0.,1.));
#12369 = ADVANCED_FACE('',(#12370),#12376,.F.);
#12370 = FACE_BOUND('',#12371,.F.);
#12371 = EDGE_LOOP('',(#12372,#12373,#12374,#12375));
#12372 = ORIENTED_EDGE('',*,*,#12259,.F.);
#12373 = ORIENTED_EDGE('',*,*,#12329,.T.);
#12374 = ORIENTED_EDGE('',*,*,#12299,.T.);
#12375 = ORIENTED_EDGE('',*,*,#12351,.F.);
#12376 = PLANE('',#12377);
#12377 = AXIS2_PLACEMENT_3D('',#12378,#12379,#12380);
#12378 = CARTESIAN_POINT('',(76.2,190.5,2.5019E+03));
#12379 = DIRECTION('',(0.,0.,1.));
#12380 = DIRECTION('',(1.,0.,0.));
#12381 = ADVANCED_FACE('',(#12382),#12388,.T.);
#12382 = FACE_BOUND('',#12383,.T.);
#12383 = EDGE_LOOP('',(#12384,#12385,#12386,#12387));
#12384 = ORIENTED_EDGE('',*,*,#12275,.F.);
#12385 = ORIENTED_EDGE('',*,*,#12336,.T.);
#12386 = ORIENTED_EDGE('',*,*,#12315,.T.);
#12387 = ORIENTED_EDGE('',*,*,#12358,.F.);
#12388 = PLANE('',#12389);
#12389 = AXIS2_PLACEMENT_3D('',#12390,#12391,#12392);
#12390 = CARTESIAN_POINT('',(76.2,190.5,2.6416E+03));
#12391 = DIRECTION('',(0.,0.,1.));
#12392 = DIRECTION('',(1.,0.,0.));
#12393 = MANIFOLD_SOLID_BREP('',#12394);
#12394 = CLOSED_SHELL('',(#12395,#12435,#12475,#12497,#12519,#12531));
#12395 = ADVANCED_FACE('',(#12396),#12430,.F.);
#12396 = FACE_BOUND('',#12397,.F.);
#12397 = EDGE_LOOP('',(#12398,#12408,#12416,#12424));
#12398 = ORIENTED_EDGE('',*,*,#12399,.F.);
#12399 = EDGE_CURVE('',#12400,#12402,#12404,.T.);
#12400 = VERTEX_POINT('',#12401);
#12401 = CARTESIAN_POINT('',(76.2,228.6,2.5019E+03));
#12402 = VERTEX_POINT('',#12403);
#12403 = CARTESIAN_POINT('',(76.2,228.6,2.6416E+03));
#12404 = LINE('',#12405,#12406);
#12405 = CARTESIAN_POINT('',(76.2,228.6,2.5019E+03));
#12406 = VECTOR('',#12407,1.);
#12407 = DIRECTION('',(0.,0.,1.));
#12408 = ORIENTED_EDGE('',*,*,#12409,.T.);
#12409 = EDGE_CURVE('',#12400,#12410,#12412,.T.);
#12410 = VERTEX_POINT('',#12411);
#12411 = CARTESIAN_POINT('',(76.2,266.7,2.5019E+03));
#12412 = LINE('',#12413,#12414);
#12413 = CARTESIAN_POINT('',(76.2,228.6,2.5019E+03));
#12414 = VECTOR('',#12415,1.);
#12415 = DIRECTION('',(0.,1.,0.));
#12416 = ORIENTED_EDGE('',*,*,#12417,.T.);
#12417 = EDGE_CURVE('',#12410,#12418,#12420,.T.);
#12418 = VERTEX_POINT('',#12419);
#12419 = CARTESIAN_POINT('',(76.2,266.7,2.6416E+03));
#12420 = LINE('',#12421,#12422);
#12421 = CARTESIAN_POINT('',(76.2,266.7,2.5019E+03));
#12422 = VECTOR('',#12423,1.);
#12423 = DIRECTION('',(0.,0.,1.));
#12424 = ORIENTED_EDGE('',*,*,#12425,.F.);
#12425 = EDGE_CURVE('',#12402,#12418,#12426,.T.);
#12426 = LINE('',#12427,#12428);
#12427 = CARTESIAN_POINT('',(76.2,228.6,2.6416E+03));
#12428 = VECTOR('',#12429,1.);
#12429 = DIRECTION('',(0.,1.,0.));
#12430 = PLANE('',#12431);
#12431 = AXIS2_PLACEMENT_3D('',#12432,#12433,#12434);
#12432 = CARTESIAN_POINT('',(76.2,228.6,2.5019E+03));
#12433 = DIRECTION('',(1.,0.,0.));
#12434 = DIRECTION('',(0.,0.,1.));
#12435 = ADVANCED_FACE('',(#12436),#12470,.T.);
#12436 = FACE_BOUND('',#12437,.T.);
#12437 = EDGE_LOOP('',(#12438,#12448,#12456,#12464));
#12438 = ORIENTED_EDGE('',*,*,#12439,.F.);
#12439 = EDGE_CURVE('',#12440,#12442,#12444,.T.);
#12440 = VERTEX_POINT('',#12441);
#12441 = CARTESIAN_POINT('',(6.2611E+03,228.6,2.5019E+03));
#12442 = VERTEX_POINT('',#12443);
#12443 = CARTESIAN_POINT('',(6.2611E+03,228.6,2.6416E+03));
#12444 = LINE('',#12445,#12446);
#12445 = CARTESIAN_POINT('',(6.2611E+03,228.6,2.5019E+03));
#12446 = VECTOR('',#12447,1.);
#12447 = DIRECTION('',(0.,0.,1.));
#12448 = ORIENTED_EDGE('',*,*,#12449,.T.);
#12449 = EDGE_CURVE('',#12440,#12450,#12452,.T.);
#12450 = VERTEX_POINT('',#12451);
#12451 = CARTESIAN_POINT('',(6.2611E+03,266.7,2.5019E+03));
#12452 = LINE('',#12453,#12454);
#12453 = CARTESIAN_POINT('',(6.2611E+03,228.6,2.5019E+03));
#12454 = VECTOR('',#12455,1.);
#12455 = DIRECTION('',(0.,1.,0.));
#12456 = ORIENTED_EDGE('',*,*,#12457,.T.);
#12457 = EDGE_CURVE('',#12450,#12458,#12460,.T.);
#12458 = VERTEX_POINT('',#12459);
#12459 = CARTESIAN_POINT('',(6.2611E+03,266.7,2.6416E+03));
#12460 = LINE('',#12461,#12462);
#12461 = CARTESIAN_POINT('',(6.2611E+03,266.7,2.5019E+03));
#12462 = VECTOR('',#12463,1.);
#12463 = DIRECTION('',(0.,0.,1.));
#12464 = ORIENTED_EDGE('',*,*,#12465,.F.);
#12465 = EDGE_CURVE('',#12442,#12458,#12466,.T.);
#12466 = LINE('',#12467,#12468);
#12467 = CARTESIAN_POINT('',(6.2611E+03,228.6,2.6416E+03));
#12468 = VECTOR('',#12469,1.);
#12469 = DIRECTION('',(0.,1.,0.));
#12470 = PLANE('',#12471);
#12471 = AXIS2_PLACEMENT_3D('',#12472,#12473,#12474);
#12472 = CARTESIAN_POINT('',(6.2611E+03,228.6,2.5019E+03));
#12473 = DIRECTION('',(1.,0.,0.));
#12474 = DIRECTION('',(0.,0.,1.));
#12475 = ADVANCED_FACE('',(#12476),#12492,.F.);
#12476 = FACE_BOUND('',#12477,.F.);
#12477 = EDGE_LOOP('',(#12478,#12484,#12485,#12491));
#12478 = ORIENTED_EDGE('',*,*,#12479,.F.);
#12479 = EDGE_CURVE('',#12400,#12440,#12480,.T.);
#12480 = LINE('',#12481,#12482);
#12481 = CARTESIAN_POINT('',(76.2,228.6,2.5019E+03));
#12482 = VECTOR('',#12483,1.);
#12483 = DIRECTION('',(1.,0.,0.));
#12484 = ORIENTED_EDGE('',*,*,#12399,.T.);
#12485 = ORIENTED_EDGE('',*,*,#12486,.T.);
#12486 = EDGE_CURVE('',#12402,#12442,#12487,.T.);
#12487 = LINE('',#12488,#12489);
#12488 = CARTESIAN_POINT('',(76.2,228.6,2.6416E+03));
#12489 = VECTOR('',#12490,1.);
#12490 = DIRECTION('',(1.,0.,0.));
#12491 = ORIENTED_EDGE('',*,*,#12439,.F.);
#12492 = PLANE('',#12493);
#12493 = AXIS2_PLACEMENT_3D('',#12494,#12495,#12496);
#12494 = CARTESIAN_POINT('',(76.2,228.6,2.5019E+03));
#12495 = DIRECTION('',(0.,1.,0.));
#12496 = DIRECTION('',(0.,0.,1.));
#12497 = ADVANCED_FACE('',(#12498),#12514,.T.);
#12498 = FACE_BOUND('',#12499,.T.);
#12499 = EDGE_LOOP('',(#12500,#12506,#12507,#12513));
#12500 = ORIENTED_EDGE('',*,*,#12501,.F.);
#12501 = EDGE_CURVE('',#12410,#12450,#12502,.T.);
#12502 = LINE('',#12503,#12504);
#12503 = CARTESIAN_POINT('',(76.2,266.7,2.5019E+03));
#12504 = VECTOR('',#12505,1.);
#12505 = DIRECTION('',(1.,0.,0.));
#12506 = ORIENTED_EDGE('',*,*,#12417,.T.);
#12507 = ORIENTED_EDGE('',*,*,#12508,.T.);
#12508 = EDGE_CURVE('',#12418,#12458,#12509,.T.);
#12509 = LINE('',#12510,#12511);
#12510 = CARTESIAN_POINT('',(76.2,266.7,2.6416E+03));
#12511 = VECTOR('',#12512,1.);
#12512 = DIRECTION('',(1.,0.,0.));
#12513 = ORIENTED_EDGE('',*,*,#12457,.F.);
#12514 = PLANE('',#12515);
#12515 = AXIS2_PLACEMENT_3D('',#12516,#12517,#12518);
#12516 = CARTESIAN_POINT('',(76.2,266.7,2.5019E+03));
#12517 = DIRECTION('',(0.,1.,0.));
#12518 = DIRECTION('',(0.,0.,1.));
#12519 = ADVANCED_FACE('',(#12520),#12526,.F.);
#12520 = FACE_BOUND('',#12521,.F.);
#12521 = EDGE_LOOP('',(#12522,#12523,#12524,#12525));
#12522 = ORIENTED_EDGE('',*,*,#12409,.F.);
#12523 = ORIENTED_EDGE('',*,*,#12479,.T.);
#12524 = ORIENTED_EDGE('',*,*,#12449,.T.);
#12525 = ORIENTED_EDGE('',*,*,#12501,.F.);
#12526 = PLANE('',#12527);
#12527 = AXIS2_PLACEMENT_3D('',#12528,#12529,#12530);
#12528 = CARTESIAN_POINT('',(76.2,228.6,2.5019E+03));
#12529 = DIRECTION('',(0.,0.,1.));
#12530 = DIRECTION('',(1.,0.,0.));
#12531 = ADVANCED_FACE('',(#12532),#12538,.T.);
#12532 = FACE_BOUND('',#12533,.T.);
#12533 = EDGE_LOOP('',(#12534,#12535,#12536,#12537));
#12534 = ORIENTED_EDGE('',*,*,#12425,.F.);
#12535 = ORIENTED_EDGE('',*,*,#12486,.T.);
#12536 = ORIENTED_EDGE('',*,*,#12465,.T.);
#12537 = ORIENTED_EDGE('',*,*,#12508,.F.);
#12538 = PLANE('',#12539);
#12539 = AXIS2_PLACEMENT_3D('',#12540,#12541,#12542);
#12540 = CARTESIAN_POINT('',(76.2,228.6,2.6416E+03));
#12541 = DIRECTION('',(0.,0.,1.));
#12542 = DIRECTION('',(1.,0.,0.));
#12543 = MANIFOLD_SOLID_BREP('',#12544);
#12544 = CLOSED_SHELL('',(#12545,#12585,#12625,#12647,#12669,#12681));
#12545 = ADVANCED_FACE('',(#12546),#12580,.F.);
#12546 = FACE_BOUND('',#12547,.F.);
#12547 = EDGE_LOOP('',(#12548,#12558,#12566,#12574));
#12548 = ORIENTED_EDGE('',*,*,#12549,.F.);
#12549 = EDGE_CURVE('',#12550,#12552,#12554,.T.);
#12550 = VERTEX_POINT('',#12551);
#12551 = CARTESIAN_POINT('',(76.2,1.2319E+03,2.5019E+03));
#12552 = VERTEX_POINT('',#12553);
#12553 = CARTESIAN_POINT('',(76.2,1.2319E+03,2.6416E+03));
#12554 = LINE('',#12555,#12556);
#12555 = CARTESIAN_POINT('',(76.2,1.2319E+03,2.5019E+03));
#12556 = VECTOR('',#12557,1.);
#12557 = DIRECTION('',(0.,0.,1.));
#12558 = ORIENTED_EDGE('',*,*,#12559,.T.);
#12559 = EDGE_CURVE('',#12550,#12560,#12562,.T.);
#12560 = VERTEX_POINT('',#12561);
#12561 = CARTESIAN_POINT('',(76.2,1.27E+03,2.5019E+03));
#12562 = LINE('',#12563,#12564);
#12563 = CARTESIAN_POINT('',(76.2,1.2319E+03,2.5019E+03));
#12564 = VECTOR('',#12565,1.);
#12565 = DIRECTION('',(0.,1.,0.));
#12566 = ORIENTED_EDGE('',*,*,#12567,.T.);
#12567 = EDGE_CURVE('',#12560,#12568,#12570,.T.);
#12568 = VERTEX_POINT('',#12569);
#12569 = CARTESIAN_POINT('',(76.2,1.27E+03,2.6416E+03));
#12570 = LINE('',#12571,#12572);
#12571 = CARTESIAN_POINT('',(76.2,1.27E+03,2.5019E+03));
#12572 = VECTOR('',#12573,1.);
#12573 = DIRECTION('',(0.,0.,1.));
#12574 = ORIENTED_EDGE('',*,*,#12575,.F.);
#12575 = EDGE_CURVE('',#12552,#12568,#12576,.T.);
#12576 = LINE('',#12577,#12578);
#12577 = CARTESIAN_POINT('',(76.2,1.2319E+03,2.6416E+03));
#12578 = VECTOR('',#12579,1.);
#12579 = DIRECTION('',(0.,1.,0.));
#12580 = PLANE('',#12581);
#12581 = AXIS2_PLACEMENT_3D('',#12582,#12583,#12584);
#12582 = CARTESIAN_POINT('',(76.2,1.2319E+03,2.5019E+03));
#12583 = DIRECTION('',(1.,0.,0.));
#12584 = DIRECTION('',(0.,0.,1.));
#12585 = ADVANCED_FACE('',(#12586),#12620,.T.);
#12586 = FACE_BOUND('',#12587,.T.);
#12587 = EDGE_LOOP('',(#12588,#12598,#12606,#12614));
#12588 = ORIENTED_EDGE('',*,*,#12589,.F.);
#12589 = EDGE_CURVE('',#12590,#12592,#12594,.T.);
#12590 = VERTEX_POINT('',#12591);
#12591 = CARTESIAN_POINT('',(6.2611E+03,1.2319E+03,2.5019E+03));
#12592 = VERTEX_POINT('',#12593);
#12593 = CARTESIAN_POINT('',(6.2611E+03,1.2319E+03,2.6416E+03));
#12594 = LINE('',#12595,#12596);
#12595 = CARTESIAN_POINT('',(6.2611E+03,1.2319E+03,2.5019E+03));
#12596 = VECTOR('',#12597,1.);
#12597 = DIRECTION('',(0.,0.,1.));
#12598 = ORIENTED_EDGE('',*,*,#12599,.T.);
#12599 = EDGE_CURVE('',#12590,#12600,#12602,.T.);
#12600 = VERTEX_POINT('',#12601);
#12601 = CARTESIAN_POINT('',(6.2611E+03,1.27E+03,2.5019E+03));
#12602 = LINE('',#12603,#12604);
#12603 = CARTESIAN_POINT('',(6.2611E+03,1.2319E+03,2.5019E+03));
#12604 = VECTOR('',#12605,1.);
#12605 = DIRECTION('',(0.,1.,0.));
#12606 = ORIENTED_EDGE('',*,*,#12607,.T.);
#12607 = EDGE_CURVE('',#12600,#12608,#12610,.T.);
#12608 = VERTEX_POINT('',#12609);
#12609 = CARTESIAN_POINT('',(6.2611E+03,1.27E+03,2.6416E+03));
#12610 = LINE('',#12611,#12612);
#12611 = CARTESIAN_POINT('',(6.2611E+03,1.27E+03,2.5019E+03));
#12612 = VECTOR('',#12613,1.);
#12613 = DIRECTION('',(0.,0.,1.));
#12614 = ORIENTED_EDGE('',*,*,#12615,.F.);
#12615 = EDGE_CURVE('',#12592,#12608,#12616,.T.);
#12616 = LINE('',#12617,#12618);
#12617 = CARTESIAN_POINT('',(6.2611E+03,1.2319E+03,2.6416E+03));
#12618 = VECTOR('',#12619,1.);
#12619 = DIRECTION('',(0.,1.,0.));
#12620 = PLANE('',#12621);
#12621 = AXIS2_PLACEMENT_3D('',#12622,#12623,#12624);
#12622 = CARTESIAN_POINT('',(6.2611E+03,1.2319E+03,2.5019E+03));
#12623 = DIRECTION('',(1.,0.,0.));
#12624 = DIRECTION('',(0.,0.,1.));
#12625 = ADVANCED_FACE('',(#12626),#12642,.F.);
#12626 = FACE_BOUND('',#12627,.F.);
#12627 = EDGE_LOOP('',(#12628,#12634,#12635,#12641));
#12628 = ORIENTED_EDGE('',*,*,#12629,.F.);
#12629 = EDGE_CURVE('',#12550,#12590,#12630,.T.);
#12630 = LINE('',#12631,#12632);
#12631 = CARTESIAN_POINT('',(76.2,1.2319E+03,2.5019E+03));
#12632 = VECTOR('',#12633,1.);
#12633 = DIRECTION('',(1.,0.,0.));
#12634 = ORIENTED_EDGE('',*,*,#12549,.T.);
#12635 = ORIENTED_EDGE('',*,*,#12636,.T.);
#12636 = EDGE_CURVE('',#12552,#12592,#12637,.T.);
#12637 = LINE('',#12638,#12639);
#12638 = CARTESIAN_POINT('',(76.2,1.2319E+03,2.6416E+03));
#12639 = VECTOR('',#12640,1.);
#12640 = DIRECTION('',(1.,0.,0.));
#12641 = ORIENTED_EDGE('',*,*,#12589,.F.);
#12642 = PLANE('',#12643);
#12643 = AXIS2_PLACEMENT_3D('',#12644,#12645,#12646);
#12644 = CARTESIAN_POINT('',(76.2,1.2319E+03,2.5019E+03));
#12645 = DIRECTION('',(0.,1.,0.));
#12646 = DIRECTION('',(0.,0.,1.));
#12647 = ADVANCED_FACE('',(#12648),#12664,.T.);
#12648 = FACE_BOUND('',#12649,.T.);
#12649 = EDGE_LOOP('',(#12650,#12656,#12657,#12663));
#12650 = ORIENTED_EDGE('',*,*,#12651,.F.);
#12651 = EDGE_CURVE('',#12560,#12600,#12652,.T.);
#12652 = LINE('',#12653,#12654);
#12653 = CARTESIAN_POINT('',(76.2,1.27E+03,2.5019E+03));
#12654 = VECTOR('',#12655,1.);
#12655 = DIRECTION('',(1.,0.,0.));
#12656 = ORIENTED_EDGE('',*,*,#12567,.T.);
#12657 = ORIENTED_EDGE('',*,*,#12658,.T.);
#12658 = EDGE_CURVE('',#12568,#12608,#12659,.T.);
#12659 = LINE('',#12660,#12661);
#12660 = CARTESIAN_POINT('',(76.2,1.27E+03,2.6416E+03));
#12661 = VECTOR('',#12662,1.);
#12662 = DIRECTION('',(1.,0.,0.));
#12663 = ORIENTED_EDGE('',*,*,#12607,.F.);
#12664 = PLANE('',#12665);
#12665 = AXIS2_PLACEMENT_3D('',#12666,#12667,#12668);
#12666 = CARTESIAN_POINT('',(76.2,1.27E+03,2.5019E+03));
#12667 = DIRECTION('',(0.,1.,0.));
#12668 = DIRECTION('',(0.,0.,1.));
#12669 = ADVANCED_FACE('',(#12670),#12676,.F.);
#12670 = FACE_BOUND('',#12671,.F.);
#12671 = EDGE_LOOP('',(#12672,#12673,#12674,#12675));
#12672 = ORIENTED_EDGE('',*,*,#12559,.F.);
#12673 = ORIENTED_EDGE('',*,*,#12629,.T.);
#12674 = ORIENTED_EDGE('',*,*,#12599,.T.);
#12675 = ORIENTED_EDGE('',*,*,#12651,.F.);
#12676 = PLANE('',#12677);
#12677 = AXIS2_PLACEMENT_3D('',#12678,#12679,#12680);
#12678 = CARTESIAN_POINT('',(76.2,1.2319E+03,2.5019E+03));
#12679 = DIRECTION('',(0.,0.,1.));
#12680 = DIRECTION('',(1.,0.,0.));
#12681 = ADVANCED_FACE('',(#12682),#12688,.T.);
#12682 = FACE_BOUND('',#12683,.T.);
#12683 = EDGE_LOOP('',(#12684,#12685,#12686,#12687));
#12684 = ORIENTED_EDGE('',*,*,#12575,.F.);
#12685 = ORIENTED_EDGE('',*,*,#12636,.T.);
#12686 = ORIENTED_EDGE('',*,*,#12615,.T.);
#12687 = ORIENTED_EDGE('',*,*,#12658,.F.);
#12688 = PLANE('',#12689);
#12689 = AXIS2_PLACEMENT_3D('',#12690,#12691,#12692);
#12690 = CARTESIAN_POINT('',(76.2,1.2319E+03,2.6416E+03));
#12691 = DIRECTION('',(0.,0.,1.));
#12692 = DIRECTION('',(1.,0.,0.));
#12693 = MANIFOLD_SOLID_BREP('',#12694);
#12694 = CLOSED_SHELL('',(#12695,#12735,#12775,#12797,#12819,#12831));
#12695 = ADVANCED_FACE('',(#12696),#12730,.F.);
#12696 = FACE_BOUND('',#12697,.F.);
#12697 = EDGE_LOOP('',(#12698,#12708,#12716,#12724));
#12698 = ORIENTED_EDGE('',*,*,#12699,.F.);
#12699 = EDGE_CURVE('',#12700,#12702,#12704,.T.);
#12700 = VERTEX_POINT('',#12701);
#12701 = CARTESIAN_POINT('',(76.2,1.27E+03,2.5019E+03));
#12702 = VERTEX_POINT('',#12703);
#12703 = CARTESIAN_POINT('',(76.2,1.27E+03,2.6416E+03));
#12704 = LINE('',#12705,#12706);
#12705 = CARTESIAN_POINT('',(76.2,1.27E+03,2.5019E+03));
#12706 = VECTOR('',#12707,1.);
#12707 = DIRECTION('',(0.,0.,1.));
#12708 = ORIENTED_EDGE('',*,*,#12709,.T.);
#12709 = EDGE_CURVE('',#12700,#12710,#12712,.T.);
#12710 = VERTEX_POINT('',#12711);
#12711 = CARTESIAN_POINT('',(76.2,1.3081E+03,2.5019E+03));
#12712 = LINE('',#12713,#12714);
#12713 = CARTESIAN_POINT('',(76.2,1.27E+03,2.5019E+03));
#12714 = VECTOR('',#12715,1.);
#12715 = DIRECTION('',(0.,1.,0.));
#12716 = ORIENTED_EDGE('',*,*,#12717,.T.);
#12717 = EDGE_CURVE('',#12710,#12718,#12720,.T.);
#12718 = VERTEX_POINT('',#12719);
#12719 = CARTESIAN_POINT('',(76.2,1.3081E+03,2.6416E+03));
#12720 = LINE('',#12721,#12722);
#12721 = CARTESIAN_POINT('',(76.2,1.3081E+03,2.5019E+03));
#12722 = VECTOR('',#12723,1.);
#12723 = DIRECTION('',(0.,0.,1.));
#12724 = ORIENTED_EDGE('',*,*,#12725,.F.);
#12725 = EDGE_CURVE('',#12702,#12718,#12726,.T.);
#12726 = LINE('',#12727,#12728);
#12727 = CARTESIAN_POINT('',(76.2,1.27E+03,2.6416E+03));
#12728 = VECTOR('',#12729,1.);
#12729 = DIRECTION('',(0.,1.,0.));
#12730 = PLANE('',#12731);
#12731 = AXIS2_PLACEMENT_3D('',#12732,#12733,#12734);
#12732 = CARTESIAN_POINT('',(76.2,1.27E+03,2.5019E+03));
#12733 = DIRECTION('',(1.,0.,0.));
#12734 = DIRECTION('',(0.,0.,1.));
#12735 = ADVANCED_FACE('',(#12736),#12770,.T.);
#12736 = FACE_BOUND('',#12737,.T.);
#12737 = EDGE_LOOP('',(#12738,#12748,#12756,#12764));
#12738 = ORIENTED_EDGE('',*,*,#12739,.F.);
#12739 = EDGE_CURVE('',#12740,#12742,#12744,.T.);
#12740 = VERTEX_POINT('',#12741);
#12741 = CARTESIAN_POINT('',(6.2611E+03,1.27E+03,2.5019E+03));
#12742 = VERTEX_POINT('',#12743);
#12743 = CARTESIAN_POINT('',(6.2611E+03,1.27E+03,2.6416E+03));
#12744 = LINE('',#12745,#12746);
#12745 = CARTESIAN_POINT('',(6.2611E+03,1.27E+03,2.5019E+03));
#12746 = VECTOR('',#12747,1.);
#12747 = DIRECTION('',(0.,0.,1.));
#12748 = ORIENTED_EDGE('',*,*,#12749,.T.);
#12749 = EDGE_CURVE('',#12740,#12750,#12752,.T.);
#12750 = VERTEX_POINT('',#12751);
#12751 = CARTESIAN_POINT('',(6.2611E+03,1.3081E+03,2.5019E+03));
#12752 = LINE('',#12753,#12754);
#12753 = CARTESIAN_POINT('',(6.2611E+03,1.27E+03,2.5019E+03));
#12754 = VECTOR('',#12755,1.);
#12755 = DIRECTION('',(0.,1.,0.));
#12756 = ORIENTED_EDGE('',*,*,#12757,.T.);
#12757 = EDGE_CURVE('',#12750,#12758,#12760,.T.);
#12758 = VERTEX_POINT('',#12759);
#12759 = CARTESIAN_POINT('',(6.2611E+03,1.3081E+03,2.6416E+03));
#12760 = LINE('',#12761,#12762);
#12761 = CARTESIAN_POINT('',(6.2611E+03,1.3081E+03,2.5019E+03));
#12762 = VECTOR('',#12763,1.);
#12763 = DIRECTION('',(0.,0.,1.));
#12764 = ORIENTED_EDGE('',*,*,#12765,.F.);
#12765 = EDGE_CURVE('',#12742,#12758,#12766,.T.);
#12766 = LINE('',#12767,#12768);
#12767 = CARTESIAN_POINT('',(6.2611E+03,1.27E+03,2.6416E+03));
#12768 = VECTOR('',#12769,1.);
#12769 = DIRECTION('',(0.,1.,0.));
#12770 = PLANE('',#12771);
#12771 = AXIS2_PLACEMENT_3D('',#12772,#12773,#12774);
#12772 = CARTESIAN_POINT('',(6.2611E+03,1.27E+03,2.5019E+03));
#12773 = DIRECTION('',(1.,0.,0.));
#12774 = DIRECTION('',(0.,0.,1.));
#12775 = ADVANCED_FACE('',(#12776),#12792,.F.);
#12776 = FACE_BOUND('',#12777,.F.);
#12777 = EDGE_LOOP('',(#12778,#12784,#12785,#12791));
#12778 = ORIENTED_EDGE('',*,*,#12779,.F.);
#12779 = EDGE_CURVE('',#12700,#12740,#12780,.T.);
#12780 = LINE('',#12781,#12782);
#12781 = CARTESIAN_POINT('',(76.2,1.27E+03,2.5019E+03));
#12782 = VECTOR('',#12783,1.);
#12783 = DIRECTION('',(1.,0.,0.));
#12784 = ORIENTED_EDGE('',*,*,#12699,.T.);
#12785 = ORIENTED_EDGE('',*,*,#12786,.T.);
#12786 = EDGE_CURVE('',#12702,#12742,#12787,.T.);
#12787 = LINE('',#12788,#12789);
#12788 = CARTESIAN_POINT('',(76.2,1.27E+03,2.6416E+03));
#12789 = VECTOR('',#12790,1.);
#12790 = DIRECTION('',(1.,0.,0.));
#12791 = ORIENTED_EDGE('',*,*,#12739,.F.);
#12792 = PLANE('',#12793);
#12793 = AXIS2_PLACEMENT_3D('',#12794,#12795,#12796);
#12794 = CARTESIAN_POINT('',(76.2,1.27E+03,2.5019E+03));
#12795 = DIRECTION('',(0.,1.,0.));
#12796 = DIRECTION('',(0.,0.,1.));
#12797 = ADVANCED_FACE('',(#12798),#12814,.T.);
#12798 = FACE_BOUND('',#12799,.T.);
#12799 = EDGE_LOOP('',(#12800,#12806,#12807,#12813));
#12800 = ORIENTED_EDGE('',*,*,#12801,.F.);
#12801 = EDGE_CURVE('',#12710,#12750,#12802,.T.);
#12802 = LINE('',#12803,#12804);
#12803 = CARTESIAN_POINT('',(76.2,1.3081E+03,2.5019E+03));
#12804 = VECTOR('',#12805,1.);
#12805 = DIRECTION('',(1.,0.,0.));
#12806 = ORIENTED_EDGE('',*,*,#12717,.T.);
#12807 = ORIENTED_EDGE('',*,*,#12808,.T.);
#12808 = EDGE_CURVE('',#12718,#12758,#12809,.T.);
#12809 = LINE('',#12810,#12811);
#12810 = CARTESIAN_POINT('',(76.2,1.3081E+03,2.6416E+03));
#12811 = VECTOR('',#12812,1.);
#12812 = DIRECTION('',(1.,0.,0.));
#12813 = ORIENTED_EDGE('',*,*,#12757,.F.);
#12814 = PLANE('',#12815);
#12815 = AXIS2_PLACEMENT_3D('',#12816,#12817,#12818);
#12816 = CARTESIAN_POINT('',(76.2,1.3081E+03,2.5019E+03));
#12817 = DIRECTION('',(0.,1.,0.));
#12818 = DIRECTION('',(0.,0.,1.));
#12819 = ADVANCED_FACE('',(#12820),#12826,.F.);
#12820 = FACE_BOUND('',#12821,.F.);
#12821 = EDGE_LOOP('',(#12822,#12823,#12824,#12825));
#12822 = ORIENTED_EDGE('',*,*,#12709,.F.);
#12823 = ORIENTED_EDGE('',*,*,#12779,.T.);
#12824 = ORIENTED_EDGE('',*,*,#12749,.T.);
#12825 = ORIENTED_EDGE('',*,*,#12801,.F.);
#12826 = PLANE('',#12827);
#12827 = AXIS2_PLACEMENT_3D('',#12828,#12829,#12830);
#12828 = CARTESIAN_POINT('',(76.2,1.27E+03,2.5019E+03));
#12829 = DIRECTION('',(0.,0.,1.));
#12830 = DIRECTION('',(1.,0.,0.));
#12831 = ADVANCED_FACE('',(#12832),#12838,.T.);
#12832 = FACE_BOUND('',#12833,.T.);
#12833 = EDGE_LOOP('',(#12834,#12835,#12836,#12837));
#12834 = ORIENTED_EDGE('',*,*,#12725,.F.);
#12835 = ORIENTED_EDGE('',*,*,#12786,.T.);
#12836 = ORIENTED_EDGE('',*,*,#12765,.T.);
#12837 = ORIENTED_EDGE('',*,*,#12808,.F.);
#12838 = PLANE('',#12839);
#12839 = AXIS2_PLACEMENT_3D('',#12840,#12841,#12842);
#12840 = CARTESIAN_POINT('',(76.2,1.27E+03,2.6416E+03));
#12841 = DIRECTION('',(0.,0.,1.));
#12842 = DIRECTION('',(1.,0.,0.));
#12843 = MANIFOLD_SOLID_BREP('',#12844);
#12844 = CLOSED_SHELL('',(#12845,#12885,#12925,#12947,#12969,#12981));
#12845 = ADVANCED_FACE('',(#12846),#12880,.F.);
#12846 = FACE_BOUND('',#12847,.F.);
#12847 = EDGE_LOOP('',(#12848,#12858,#12866,#12874));
#12848 = ORIENTED_EDGE('',*,*,#12849,.F.);
#12849 = EDGE_CURVE('',#12850,#12852,#12854,.T.);
#12850 = VERTEX_POINT('',#12851);
#12851 = CARTESIAN_POINT('',(76.2,1.3081E+03,2.5019E+03));
#12852 = VERTEX_POINT('',#12853);
#12853 = CARTESIAN_POINT('',(76.2,1.3081E+03,2.6416E+03));
#12854 = LINE('',#12855,#12856);
#12855 = CARTESIAN_POINT('',(76.2,1.3081E+03,2.5019E+03));
#12856 = VECTOR('',#12857,1.);
#12857 = DIRECTION('',(0.,0.,1.));
#12858 = ORIENTED_EDGE('',*,*,#12859,.T.);
#12859 = EDGE_CURVE('',#12850,#12860,#12862,.T.);
#12860 = VERTEX_POINT('',#12861);
#12861 = CARTESIAN_POINT('',(76.2,1.3462E+03,2.5019E+03));
#12862 = LINE('',#12863,#12864);
#12863 = CARTESIAN_POINT('',(76.2,1.3081E+03,2.5019E+03));
#12864 = VECTOR('',#12865,1.);
#12865 = DIRECTION('',(0.,1.,0.));
#12866 = ORIENTED_EDGE('',*,*,#12867,.T.);
#12867 = EDGE_CURVE('',#12860,#12868,#12870,.T.);
#12868 = VERTEX_POINT('',#12869);
#12869 = CARTESIAN_POINT('',(76.2,1.3462E+03,2.6416E+03));
#12870 = LINE('',#12871,#12872);
#12871 = CARTESIAN_POINT('',(76.2,1.3462E+03,2.5019E+03));
#12872 = VECTOR('',#12873,1.);
#12873 = DIRECTION('',(0.,0.,1.));
#12874 = ORIENTED_EDGE('',*,*,#12875,.F.);
#12875 = EDGE_CURVE('',#12852,#12868,#12876,.T.);
#12876 = LINE('',#12877,#12878);
#12877 = CARTESIAN_POINT('',(76.2,1.3081E+03,2.6416E+03));
#12878 = VECTOR('',#12879,1.);
#12879 = DIRECTION('',(0.,1.,0.));
#12880 = PLANE('',#12881);
#12881 = AXIS2_PLACEMENT_3D('',#12882,#12883,#12884);
#12882 = CARTESIAN_POINT('',(76.2,1.3081E+03,2.5019E+03));
#12883 = DIRECTION('',(1.,0.,0.));
#12884 = DIRECTION('',(0.,0.,1.));
#12885 = ADVANCED_FACE('',(#12886),#12920,.T.);
#12886 = FACE_BOUND('',#12887,.T.);
#12887 = EDGE_LOOP('',(#12888,#12898,#12906,#12914));
#12888 = ORIENTED_EDGE('',*,*,#12889,.F.);
#12889 = EDGE_CURVE('',#12890,#12892,#12894,.T.);
#12890 = VERTEX_POINT('',#12891);
#12891 = CARTESIAN_POINT('',(6.2611E+03,1.3081E+03,2.5019E+03));
#12892 = VERTEX_POINT('',#12893);
#12893 = CARTESIAN_POINT('',(6.2611E+03,1.3081E+03,2.6416E+03));
#12894 = LINE('',#12895,#12896);
#12895 = CARTESIAN_POINT('',(6.2611E+03,1.3081E+03,2.5019E+03));
#12896 = VECTOR('',#12897,1.);
#12897 = DIRECTION('',(0.,0.,1.));
#12898 = ORIENTED_EDGE('',*,*,#12899,.T.);
#12899 = EDGE_CURVE('',#12890,#12900,#12902,.T.);
#12900 = VERTEX_POINT('',#12901);
#12901 = CARTESIAN_POINT('',(6.2611E+03,1.3462E+03,2.5019E+03));
#12902 = LINE('',#12903,#12904);
#12903 = CARTESIAN_POINT('',(6.2611E+03,1.3081E+03,2.5019E+03));
#12904 = VECTOR('',#12905,1.);
#12905 = DIRECTION('',(0.,1.,0.));
#12906 = ORIENTED_EDGE('',*,*,#12907,.T.);
#12907 = EDGE_CURVE('',#12900,#12908,#12910,.T.);
#12908 = VERTEX_POINT('',#12909);
#12909 = CARTESIAN_POINT('',(6.2611E+03,1.3462E+03,2.6416E+03));
#12910 = LINE('',#12911,#12912);
#12911 = CARTESIAN_POINT('',(6.2611E+03,1.3462E+03,2.5019E+03));
#12912 = VECTOR('',#12913,1.);
#12913 = DIRECTION('',(0.,0.,1.));
#12914 = ORIENTED_EDGE('',*,*,#12915,.F.);
#12915 = EDGE_CURVE('',#12892,#12908,#12916,.T.);
#12916 = LINE('',#12917,#12918);
#12917 = CARTESIAN_POINT('',(6.2611E+03,1.3081E+03,2.6416E+03));
#12918 = VECTOR('',#12919,1.);
#12919 = DIRECTION('',(0.,1.,0.));
#12920 = PLANE('',#12921);
#12921 = AXIS2_PLACEMENT_3D('',#12922,#12923,#12924);
#12922 = CARTESIAN_POINT('',(6.2611E+03,1.3081E+03,2.5019E+03));
#12923 = DIRECTION('',(1.,0.,0.));
#12924 = DIRECTION('',(0.,0.,1.));
#12925 = ADVANCED_FACE('',(#12926),#12942,.F.);
#12926 = FACE_BOUND('',#12927,.F.);
#12927 = EDGE_LOOP('',(#12928,#12934,#12935,#12941));
#12928 = ORIENTED_EDGE('',*,*,#12929,.F.);
#12929 = EDGE_CURVE('',#12850,#12890,#12930,.T.);
#12930 = LINE('',#12931,#12932);
#12931 = CARTESIAN_POINT('',(76.2,1.3081E+03,2.5019E+03));
#12932 = VECTOR('',#12933,1.);
#12933 = DIRECTION('',(1.,0.,0.));
#12934 = ORIENTED_EDGE('',*,*,#12849,.T.);
#12935 = ORIENTED_EDGE('',*,*,#12936,.T.);
#12936 = EDGE_CURVE('',#12852,#12892,#12937,.T.);
#12937 = LINE('',#12938,#12939);
#12938 = CARTESIAN_POINT('',(76.2,1.3081E+03,2.6416E+03));
#12939 = VECTOR('',#12940,1.);
#12940 = DIRECTION('',(1.,0.,0.));
#12941 = ORIENTED_EDGE('',*,*,#12889,.F.);
#12942 = PLANE('',#12943);
#12943 = AXIS2_PLACEMENT_3D('',#12944,#12945,#12946);
#12944 = CARTESIAN_POINT('',(76.2,1.3081E+03,2.5019E+03));
#12945 = DIRECTION('',(0.,1.,0.));
#12946 = DIRECTION('',(0.,0.,1.));
#12947 = ADVANCED_FACE('',(#12948),#12964,.T.);
#12948 = FACE_BOUND('',#12949,.T.);
#12949 = EDGE_LOOP('',(#12950,#12956,#12957,#12963));
#12950 = ORIENTED_EDGE('',*,*,#12951,.F.);
#12951 = EDGE_CURVE('',#12860,#12900,#12952,.T.);
#12952 = LINE('',#12953,#12954);
#12953 = CARTESIAN_POINT('',(76.2,1.3462E+03,2.5019E+03));
#12954 = VECTOR('',#12955,1.);
#12955 = DIRECTION('',(1.,0.,0.));
#12956 = ORIENTED_EDGE('',*,*,#12867,.T.);
#12957 = ORIENTED_EDGE('',*,*,#12958,.T.);
#12958 = EDGE_CURVE('',#12868,#12908,#12959,.T.);
#12959 = LINE('',#12960,#12961);
#12960 = CARTESIAN_POINT('',(76.2,1.3462E+03,2.6416E+03));
#12961 = VECTOR('',#12962,1.);
#12962 = DIRECTION('',(1.,0.,0.));
#12963 = ORIENTED_EDGE('',*,*,#12907,.F.);
#12964 = PLANE('',#12965);
#12965 = AXIS2_PLACEMENT_3D('',#12966,#12967,#12968);
#12966 = CARTESIAN_POINT('',(76.2,1.3462E+03,2.5019E+03));
#12967 = DIRECTION('',(0.,1.,0.));
#12968 = DIRECTION('',(0.,0.,1.));
#12969 = ADVANCED_FACE('',(#12970),#12976,.F.);
#12970 = FACE_BOUND('',#12971,.F.);
#12971 = EDGE_LOOP('',(#12972,#12973,#12974,#12975));
#12972 = ORIENTED_EDGE('',*,*,#12859,.F.);
#12973 = ORIENTED_EDGE('',*,*,#12929,.T.);
#12974 = ORIENTED_EDGE('',*,*,#12899,.T.);
#12975 = ORIENTED_EDGE('',*,*,#12951,.F.);
#12976 = PLANE('',#12977);
#12977 = AXIS2_PLACEMENT_3D('',#12978,#12979,#12980);
#12978 = CARTESIAN_POINT('',(76.2,1.3081E+03,2.5019E+03));
#12979 = DIRECTION('',(0.,0.,1.));
#12980 = DIRECTION('',(1.,0.,0.));
#12981 = ADVANCED_FACE('',(#12982),#12988,.T.);
#12982 = FACE_BOUND('',#12983,.T.);
#12983 = EDGE_LOOP('',(#12984,#12985,#12986,#12987));
#12984 = ORIENTED_EDGE('',*,*,#12875,.F.);
#12985 = ORIENTED_EDGE('',*,*,#12936,.T.);
#12986 = ORIENTED_EDGE('',*,*,#12915,.T.);
#12987 = ORIENTED_EDGE('',*,*,#12958,.F.);
#12988 = PLANE('',#12989);
#12989 = AXIS2_PLACEMENT_3D('',#12990,#12991,#12992);
#12990 = CARTESIAN_POINT('',(76.2,1.3081E+03,2.6416E+03));
#12991 = DIRECTION('',(0.,0.,1.));
#12992 = DIRECTION('',(1.,0.,0.));
#12993 = MANIFOLD_SOLID_BREP('',#12994);
#12994 = CLOSED_SHELL('',(#12995,#13035,#13075,#13097,#13119,#13131));
#12995 = ADVANCED_FACE('',(#12996),#13030,.F.);
#12996 = FACE_BOUND('',#12997,.F.);
#12997 = EDGE_LOOP('',(#12998,#13008,#13016,#13024));
#12998 = ORIENTED_EDGE('',*,*,#12999,.F.);
#12999 = EDGE_CURVE('',#13000,#13002,#13004,.T.);
#13000 = VERTEX_POINT('',#13001);
#13001 = CARTESIAN_POINT('',(1.905E+03,266.7,2.5019E+03));
#13002 = VERTEX_POINT('',#13003);
#13003 = CARTESIAN_POINT('',(1.905E+03,266.7,2.6416E+03));
#13004 = LINE('',#13005,#13006);
#13005 = CARTESIAN_POINT('',(1.905E+03,266.7,2.5019E+03));
#13006 = VECTOR('',#13007,1.);
#13007 = DIRECTION('',(0.,0.,1.));
#13008 = ORIENTED_EDGE('',*,*,#13009,.T.);
#13009 = EDGE_CURVE('',#13000,#13010,#13012,.T.);
#13010 = VERTEX_POINT('',#13011);
#13011 = CARTESIAN_POINT('',(1.905E+03,1.2319E+03,2.5019E+03));
#13012 = LINE('',#13013,#13014);
#13013 = CARTESIAN_POINT('',(1.905E+03,266.7,2.5019E+03));
#13014 = VECTOR('',#13015,1.);
#13015 = DIRECTION('',(0.,1.,0.));
#13016 = ORIENTED_EDGE('',*,*,#13017,.T.);
#13017 = EDGE_CURVE('',#13010,#13018,#13020,.T.);
#13018 = VERTEX_POINT('',#13019);
#13019 = CARTESIAN_POINT('',(1.905E+03,1.2319E+03,2.6416E+03));
#13020 = LINE('',#13021,#13022);
#13021 = CARTESIAN_POINT('',(1.905E+03,1.2319E+03,2.5019E+03));
#13022 = VECTOR('',#13023,1.);
#13023 = DIRECTION('',(0.,0.,1.));
#13024 = ORIENTED_EDGE('',*,*,#13025,.F.);
#13025 = EDGE_CURVE('',#13002,#13018,#13026,.T.);
#13026 = LINE('',#13027,#13028);
#13027 = CARTESIAN_POINT('',(1.905E+03,266.7,2.6416E+03));
#13028 = VECTOR('',#13029,1.);
#13029 = DIRECTION('',(0.,1.,0.));
#13030 = PLANE('',#13031);
#13031 = AXIS2_PLACEMENT_3D('',#13032,#13033,#13034);
#13032 = CARTESIAN_POINT('',(1.905E+03,266.7,2.5019E+03));
#13033 = DIRECTION('',(1.,0.,0.));
#13034 = DIRECTION('',(0.,0.,1.));
#13035 = ADVANCED_FACE('',(#13036),#13070,.T.);
#13036 = FACE_BOUND('',#13037,.T.);
#13037 = EDGE_LOOP('',(#13038,#13048,#13056,#13064));
#13038 = ORIENTED_EDGE('',*,*,#13039,.F.);
#13039 = EDGE_CURVE('',#13040,#13042,#13044,.T.);
#13040 = VERTEX_POINT('',#13041);
#13041 = CARTESIAN_POINT('',(1.9431E+03,266.7,2.5019E+03));
#13042 = VERTEX_POINT('',#13043);
#13043 = CARTESIAN_POINT('',(1.9431E+03,266.7,2.6416E+03));
#13044 = LINE('',#13045,#13046);
#13045 = CARTESIAN_POINT('',(1.9431E+03,266.7,2.5019E+03));
#13046 = VECTOR('',#13047,1.);
#13047 = DIRECTION('',(0.,0.,1.));
#13048 = ORIENTED_EDGE('',*,*,#13049,.T.);
#13049 = EDGE_CURVE('',#13040,#13050,#13052,.T.);
#13050 = VERTEX_POINT('',#13051);
#13051 = CARTESIAN_POINT('',(1.9431E+03,1.2319E+03,2.5019E+03));
#13052 = LINE('',#13053,#13054);
#13053 = CARTESIAN_POINT('',(1.9431E+03,266.7,2.5019E+03));
#13054 = VECTOR('',#13055,1.);
#13055 = DIRECTION('',(0.,1.,0.));
#13056 = ORIENTED_EDGE('',*,*,#13057,.T.);
#13057 = EDGE_CURVE('',#13050,#13058,#13060,.T.);
#13058 = VERTEX_POINT('',#13059);
#13059 = CARTESIAN_POINT('',(1.9431E+03,1.2319E+03,2.6416E+03));
#13060 = LINE('',#13061,#13062);
#13061 = CARTESIAN_POINT('',(1.9431E+03,1.2319E+03,2.5019E+03));
#13062 = VECTOR('',#13063,1.);
#13063 = DIRECTION('',(0.,0.,1.));
#13064 = ORIENTED_EDGE('',*,*,#13065,.F.);
#13065 = EDGE_CURVE('',#13042,#13058,#13066,.T.);
#13066 = LINE('',#13067,#13068);
#13067 = CARTESIAN_POINT('',(1.9431E+03,266.7,2.6416E+03));
#13068 = VECTOR('',#13069,1.);
#13069 = DIRECTION('',(0.,1.,0.));
#13070 = PLANE('',#13071);
#13071 = AXIS2_PLACEMENT_3D('',#13072,#13073,#13074);
#13072 = CARTESIAN_POINT('',(1.9431E+03,266.7,2.5019E+03));
#13073 = DIRECTION('',(1.,0.,0.));
#13074 = DIRECTION('',(0.,0.,1.));
#13075 = ADVANCED_FACE('',(#13076),#13092,.F.);
#13076 = FACE_BOUND('',#13077,.F.);
#13077 = EDGE_LOOP('',(#13078,#13084,#13085,#13091));
#13078 = ORIENTED_EDGE('',*,*,#13079,.F.);
#13079 = EDGE_CURVE('',#13000,#13040,#13080,.T.);
#13080 = LINE('',#13081,#13082);
#13081 = CARTESIAN_POINT('',(1.905E+03,266.7,2.5019E+03));
#13082 = VECTOR('',#13083,1.);
#13083 = DIRECTION('',(1.,0.,0.));
#13084 = ORIENTED_EDGE('',*,*,#12999,.T.);
#13085 = ORIENTED_EDGE('',*,*,#13086,.T.);
#13086 = EDGE_CURVE('',#13002,#13042,#13087,.T.);
#13087 = LINE('',#13088,#13089);
#13088 = CARTESIAN_POINT('',(1.905E+03,266.7,2.6416E+03));
#13089 = VECTOR('',#13090,1.);
#13090 = DIRECTION('',(1.,0.,0.));
#13091 = ORIENTED_EDGE('',*,*,#13039,.F.);
#13092 = PLANE('',#13093);
#13093 = AXIS2_PLACEMENT_3D('',#13094,#13095,#13096);
#13094 = CARTESIAN_POINT('',(1.905E+03,266.7,2.5019E+03));
#13095 = DIRECTION('',(0.,1.,0.));
#13096 = DIRECTION('',(0.,0.,1.));
#13097 = ADVANCED_FACE('',(#13098),#13114,.T.);
#13098 = FACE_BOUND('',#13099,.T.);
#13099 = EDGE_LOOP('',(#13100,#13106,#13107,#13113));
#13100 = ORIENTED_EDGE('',*,*,#13101,.F.);
#13101 = EDGE_CURVE('',#13010,#13050,#13102,.T.);
#13102 = LINE('',#13103,#13104);
#13103 = CARTESIAN_POINT('',(1.905E+03,1.2319E+03,2.5019E+03));
#13104 = VECTOR('',#13105,1.);
#13105 = DIRECTION('',(1.,0.,0.));
#13106 = ORIENTED_EDGE('',*,*,#13017,.T.);
#13107 = ORIENTED_EDGE('',*,*,#13108,.T.);
#13108 = EDGE_CURVE('',#13018,#13058,#13109,.T.);
#13109 = LINE('',#13110,#13111);
#13110 = CARTESIAN_POINT('',(1.905E+03,1.2319E+03,2.6416E+03));
#13111 = VECTOR('',#13112,1.);
#13112 = DIRECTION('',(1.,0.,0.));
#13113 = ORIENTED_EDGE('',*,*,#13057,.F.);
#13114 = PLANE('',#13115);
#13115 = AXIS2_PLACEMENT_3D('',#13116,#13117,#13118);
#13116 = CARTESIAN_POINT('',(1.905E+03,1.2319E+03,2.5019E+03));
#13117 = DIRECTION('',(0.,1.,0.));
#13118 = DIRECTION('',(0.,0.,1.));
#13119 = ADVANCED_FACE('',(#13120),#13126,.F.);
#13120 = FACE_BOUND('',#13121,.F.);
#13121 = EDGE_LOOP('',(#13122,#13123,#13124,#13125));
#13122 = ORIENTED_EDGE('',*,*,#13009,.F.);
#13123 = ORIENTED_EDGE('',*,*,#13079,.T.);
#13124 = ORIENTED_EDGE('',*,*,#13049,.T.);
#13125 = ORIENTED_EDGE('',*,*,#13101,.F.);
#13126 = PLANE('',#13127);
#13127 = AXIS2_PLACEMENT_3D('',#13128,#13129,#13130);
#13128 = CARTESIAN_POINT('',(1.905E+03,266.7,2.5019E+03));
#13129 = DIRECTION('',(0.,0.,1.));
#13130 = DIRECTION('',(1.,0.,0.));
#13131 = ADVANCED_FACE('',(#13132),#13138,.T.);
#13132 = FACE_BOUND('',#13133,.T.);
#13133 = EDGE_LOOP('',(#13134,#13135,#13136,#13137));
#13134 = ORIENTED_EDGE('',*,*,#13025,.F.);
#13135 = ORIENTED_EDGE('',*,*,#13086,.T.);
#13136 = ORIENTED_EDGE('',*,*,#13065,.T.);
#13137 = ORIENTED_EDGE('',*,*,#13108,.F.);
#13138 = PLANE('',#13139);
#13139 = AXIS2_PLACEMENT_3D('',#13140,#13141,#13142);
#13140 = CARTESIAN_POINT('',(1.905E+03,266.7,2.6416E+03));
#13141 = DIRECTION('',(0.,0.,1.));
#13142 = DIRECTION('',(1.,0.,0.));
#13143 = MANIFOLD_SOLID_BREP('',#13144);
#13144 = CLOSED_SHELL('',(#13145,#13185,#13225,#13247,#13269,#13281));
#13145 = ADVANCED_FACE('',(#13146),#13180,.F.);
#13146 = FACE_BOUND('',#13147,.F.);
#13147 = EDGE_LOOP('',(#13148,#13158,#13166,#13174));
#13148 = ORIENTED_EDGE('',*,*,#13149,.F.);
#13149 = EDGE_CURVE('',#13150,#13152,#13154,.T.);
#13150 = VERTEX_POINT('',#13151);
#13151 = CARTESIAN_POINT('',(2.5146E+03,266.7,2.5019E+03));
#13152 = VERTEX_POINT('',#13153);
#13153 = CARTESIAN_POINT('',(2.5146E+03,266.7,2.6416E+03));
#13154 = LINE('',#13155,#13156);
#13155 = CARTESIAN_POINT('',(2.5146E+03,266.7,2.5019E+03));
#13156 = VECTOR('',#13157,1.);
#13157 = DIRECTION('',(0.,0.,1.));
#13158 = ORIENTED_EDGE('',*,*,#13159,.T.);
#13159 = EDGE_CURVE('',#13150,#13160,#13162,.T.);
#13160 = VERTEX_POINT('',#13161);
#13161 = CARTESIAN_POINT('',(2.5146E+03,1.2319E+03,2.5019E+03));
#13162 = LINE('',#13163,#13164);
#13163 = CARTESIAN_POINT('',(2.5146E+03,266.7,2.5019E+03));
#13164 = VECTOR('',#13165,1.);
#13165 = DIRECTION('',(0.,1.,0.));
#13166 = ORIENTED_EDGE('',*,*,#13167,.T.);
#13167 = EDGE_CURVE('',#13160,#13168,#13170,.T.);
#13168 = VERTEX_POINT('',#13169);
#13169 = CARTESIAN_POINT('',(2.5146E+03,1.2319E+03,2.6416E+03));
#13170 = LINE('',#13171,#13172);
#13171 = CARTESIAN_POINT('',(2.5146E+03,1.2319E+03,2.5019E+03));
#13172 = VECTOR('',#13173,1.);
#13173 = DIRECTION('',(0.,0.,1.));
#13174 = ORIENTED_EDGE('',*,*,#13175,.F.);
#13175 = EDGE_CURVE('',#13152,#13168,#13176,.T.);
#13176 = LINE('',#13177,#13178);
#13177 = CARTESIAN_POINT('',(2.5146E+03,266.7,2.6416E+03));
#13178 = VECTOR('',#13179,1.);
#13179 = DIRECTION('',(0.,1.,0.));
#13180 = PLANE('',#13181);
#13181 = AXIS2_PLACEMENT_3D('',#13182,#13183,#13184);
#13182 = CARTESIAN_POINT('',(2.5146E+03,266.7,2.5019E+03));
#13183 = DIRECTION('',(1.,0.,0.));
#13184 = DIRECTION('',(0.,0.,1.));
#13185 = ADVANCED_FACE('',(#13186),#13220,.T.);
#13186 = FACE_BOUND('',#13187,.T.);
#13187 = EDGE_LOOP('',(#13188,#13198,#13206,#13214));
#13188 = ORIENTED_EDGE('',*,*,#13189,.F.);
#13189 = EDGE_CURVE('',#13190,#13192,#13194,.T.);
#13190 = VERTEX_POINT('',#13191);
#13191 = CARTESIAN_POINT('',(2.5527E+03,266.7,2.5019E+03));
#13192 = VERTEX_POINT('',#13193);
#13193 = CARTESIAN_POINT('',(2.5527E+03,266.7,2.6416E+03));
#13194 = LINE('',#13195,#13196);
#13195 = CARTESIAN_POINT('',(2.5527E+03,266.7,2.5019E+03));
#13196 = VECTOR('',#13197,1.);
#13197 = DIRECTION('',(0.,0.,1.));
#13198 = ORIENTED_EDGE('',*,*,#13199,.T.);
#13199 = EDGE_CURVE('',#13190,#13200,#13202,.T.);
#13200 = VERTEX_POINT('',#13201);
#13201 = CARTESIAN_POINT('',(2.5527E+03,1.2319E+03,2.5019E+03));
#13202 = LINE('',#13203,#13204);
#13203 = CARTESIAN_POINT('',(2.5527E+03,266.7,2.5019E+03));
#13204 = VECTOR('',#13205,1.);
#13205 = DIRECTION('',(0.,1.,0.));
#13206 = ORIENTED_EDGE('',*,*,#13207,.T.);
#13207 = EDGE_CURVE('',#13200,#13208,#13210,.T.);
#13208 = VERTEX_POINT('',#13209);
#13209 = CARTESIAN_POINT('',(2.5527E+03,1.2319E+03,2.6416E+03));
#13210 = LINE('',#13211,#13212);
#13211 = CARTESIAN_POINT('',(2.5527E+03,1.2319E+03,2.5019E+03));
#13212 = VECTOR('',#13213,1.);
#13213 = DIRECTION('',(0.,0.,1.));
#13214 = ORIENTED_EDGE('',*,*,#13215,.F.);
#13215 = EDGE_CURVE('',#13192,#13208,#13216,.T.);
#13216 = LINE('',#13217,#13218);
#13217 = CARTESIAN_POINT('',(2.5527E+03,266.7,2.6416E+03));
#13218 = VECTOR('',#13219,1.);
#13219 = DIRECTION('',(0.,1.,0.));
#13220 = PLANE('',#13221);
#13221 = AXIS2_PLACEMENT_3D('',#13222,#13223,#13224);
#13222 = CARTESIAN_POINT('',(2.5527E+03,266.7,2.5019E+03));
#13223 = DIRECTION('',(1.,0.,0.));
#13224 = DIRECTION('',(0.,0.,1.));
#13225 = ADVANCED_FACE('',(#13226),#13242,.F.);
#13226 = FACE_BOUND('',#13227,.F.);
#13227 = EDGE_LOOP('',(#13228,#13234,#13235,#13241));
#13228 = ORIENTED_EDGE('',*,*,#13229,.F.);
#13229 = EDGE_CURVE('',#13150,#13190,#13230,.T.);
#13230 = LINE('',#13231,#13232);
#13231 = CARTESIAN_POINT('',(2.5146E+03,266.7,2.5019E+03));
#13232 = VECTOR('',#13233,1.);
#13233 = DIRECTION('',(1.,0.,0.));
#13234 = ORIENTED_EDGE('',*,*,#13149,.T.);
#13235 = ORIENTED_EDGE('',*,*,#13236,.T.);
#13236 = EDGE_CURVE('',#13152,#13192,#13237,.T.);
#13237 = LINE('',#13238,#13239);
#13238 = CARTESIAN_POINT('',(2.5146E+03,266.7,2.6416E+03));
#13239 = VECTOR('',#13240,1.);
#13240 = DIRECTION('',(1.,0.,0.));
#13241 = ORIENTED_EDGE('',*,*,#13189,.F.);
#13242 = PLANE('',#13243);
#13243 = AXIS2_PLACEMENT_3D('',#13244,#13245,#13246);
#13244 = CARTESIAN_POINT('',(2.5146E+03,266.7,2.5019E+03));
#13245 = DIRECTION('',(0.,1.,0.));
#13246 = DIRECTION('',(0.,0.,1.));
#13247 = ADVANCED_FACE('',(#13248),#13264,.T.);
#13248 = FACE_BOUND('',#13249,.T.);
#13249 = EDGE_LOOP('',(#13250,#13256,#13257,#13263));
#13250 = ORIENTED_EDGE('',*,*,#13251,.F.);
#13251 = EDGE_CURVE('',#13160,#13200,#13252,.T.);
#13252 = LINE('',#13253,#13254);
#13253 = CARTESIAN_POINT('',(2.5146E+03,1.2319E+03,2.5019E+03));
#13254 = VECTOR('',#13255,1.);
#13255 = DIRECTION('',(1.,0.,0.));
#13256 = ORIENTED_EDGE('',*,*,#13167,.T.);
#13257 = ORIENTED_EDGE('',*,*,#13258,.T.);
#13258 = EDGE_CURVE('',#13168,#13208,#13259,.T.);
#13259 = LINE('',#13260,#13261);
#13260 = CARTESIAN_POINT('',(2.5146E+03,1.2319E+03,2.6416E+03));
#13261 = VECTOR('',#13262,1.);
#13262 = DIRECTION('',(1.,0.,0.));
#13263 = ORIENTED_EDGE('',*,*,#13207,.F.);
#13264 = PLANE('',#13265);
#13265 = AXIS2_PLACEMENT_3D('',#13266,#13267,#13268);
#13266 = CARTESIAN_POINT('',(2.5146E+03,1.2319E+03,2.5019E+03));
#13267 = DIRECTION('',(0.,1.,0.));
#13268 = DIRECTION('',(0.,0.,1.));
#13269 = ADVANCED_FACE('',(#13270),#13276,.F.);
#13270 = FACE_BOUND('',#13271,.F.);
#13271 = EDGE_LOOP('',(#13272,#13273,#13274,#13275));
#13272 = ORIENTED_EDGE('',*,*,#13159,.F.);
#13273 = ORIENTED_EDGE('',*,*,#13229,.T.);
#13274 = ORIENTED_EDGE('',*,*,#13199,.T.);
#13275 = ORIENTED_EDGE('',*,*,#13251,.F.);
#13276 = PLANE('',#13277);
#13277 = AXIS2_PLACEMENT_3D('',#13278,#13279,#13280);
#13278 = CARTESIAN_POINT('',(2.5146E+03,266.7,2.5019E+03));
#13279 = DIRECTION('',(0.,0.,1.));
#13280 = DIRECTION('',(1.,0.,0.));
#13281 = ADVANCED_FACE('',(#13282),#13288,.T.);
#13282 = FACE_BOUND('',#13283,.T.);
#13283 = EDGE_LOOP('',(#13284,#13285,#13286,#13287));
#13284 = ORIENTED_EDGE('',*,*,#13175,.F.);
#13285 = ORIENTED_EDGE('',*,*,#13236,.T.);
#13286 = ORIENTED_EDGE('',*,*,#13215,.T.);
#13287 = ORIENTED_EDGE('',*,*,#13258,.F.);
#13288 = PLANE('',#13289);
#13289 = AXIS2_PLACEMENT_3D('',#13290,#13291,#13292);
#13290 = CARTESIAN_POINT('',(2.5146E+03,266.7,2.6416E+03));
#13291 = DIRECTION('',(0.,0.,1.));
#13292 = DIRECTION('',(1.,0.,0.));
#13293 = MANIFOLD_SOLID_BREP('',#13294);
#13294 = CLOSED_SHELL('',(#13295,#13335,#13375,#13397,#13419,#13431));
#13295 = ADVANCED_FACE('',(#13296),#13330,.F.);
#13296 = FACE_BOUND('',#13297,.F.);
#13297 = EDGE_LOOP('',(#13298,#13308,#13316,#13324));
#13298 = ORIENTED_EDGE('',*,*,#13299,.F.);
#13299 = EDGE_CURVE('',#13300,#13302,#13304,.T.);
#13300 = VERTEX_POINT('',#13301);
#13301 = CARTESIAN_POINT('',(3.1242E+03,266.7,2.5019E+03));
#13302 = VERTEX_POINT('',#13303);
#13303 = CARTESIAN_POINT('',(3.1242E+03,266.7,2.6416E+03));
#13304 = LINE('',#13305,#13306);
#13305 = CARTESIAN_POINT('',(3.1242E+03,266.7,2.5019E+03));
#13306 = VECTOR('',#13307,1.);
#13307 = DIRECTION('',(0.,0.,1.));
#13308 = ORIENTED_EDGE('',*,*,#13309,.T.);
#13309 = EDGE_CURVE('',#13300,#13310,#13312,.T.);
#13310 = VERTEX_POINT('',#13311);
#13311 = CARTESIAN_POINT('',(3.1242E+03,1.2319E+03,2.5019E+03));
#13312 = LINE('',#13313,#13314);
#13313 = CARTESIAN_POINT('',(3.1242E+03,266.7,2.5019E+03));
#13314 = VECTOR('',#13315,1.);
#13315 = DIRECTION('',(0.,1.,0.));
#13316 = ORIENTED_EDGE('',*,*,#13317,.T.);
#13317 = EDGE_CURVE('',#13310,#13318,#13320,.T.);
#13318 = VERTEX_POINT('',#13319);
#13319 = CARTESIAN_POINT('',(3.1242E+03,1.2319E+03,2.6416E+03));
#13320 = LINE('',#13321,#13322);
#13321 = CARTESIAN_POINT('',(3.1242E+03,1.2319E+03,2.5019E+03));
#13322 = VECTOR('',#13323,1.);
#13323 = DIRECTION('',(0.,0.,1.));
#13324 = ORIENTED_EDGE('',*,*,#13325,.F.);
#13325 = EDGE_CURVE('',#13302,#13318,#13326,.T.);
#13326 = LINE('',#13327,#13328);
#13327 = CARTESIAN_POINT('',(3.1242E+03,266.7,2.6416E+03));
#13328 = VECTOR('',#13329,1.);
#13329 = DIRECTION('',(0.,1.,0.));
#13330 = PLANE('',#13331);
#13331 = AXIS2_PLACEMENT_3D('',#13332,#13333,#13334);
#13332 = CARTESIAN_POINT('',(3.1242E+03,266.7,2.5019E+03));
#13333 = DIRECTION('',(1.,0.,0.));
#13334 = DIRECTION('',(0.,0.,1.));
#13335 = ADVANCED_FACE('',(#13336),#13370,.T.);
#13336 = FACE_BOUND('',#13337,.T.);
#13337 = EDGE_LOOP('',(#13338,#13348,#13356,#13364));
#13338 = ORIENTED_EDGE('',*,*,#13339,.F.);
#13339 = EDGE_CURVE('',#13340,#13342,#13344,.T.);
#13340 = VERTEX_POINT('',#13341);
#13341 = CARTESIAN_POINT('',(3.1623E+03,266.7,2.5019E+03));
#13342 = VERTEX_POINT('',#13343);
#13343 = CARTESIAN_POINT('',(3.1623E+03,266.7,2.6416E+03));
#13344 = LINE('',#13345,#13346);
#13345 = CARTESIAN_POINT('',(3.1623E+03,266.7,2.5019E+03));
#13346 = VECTOR('',#13347,1.);
#13347 = DIRECTION('',(0.,0.,1.));
#13348 = ORIENTED_EDGE('',*,*,#13349,.T.);
#13349 = EDGE_CURVE('',#13340,#13350,#13352,.T.);
#13350 = VERTEX_POINT('',#13351);
#13351 = CARTESIAN_POINT('',(3.1623E+03,1.2319E+03,2.5019E+03));
#13352 = LINE('',#13353,#13354);
#13353 = CARTESIAN_POINT('',(3.1623E+03,266.7,2.5019E+03));
#13354 = VECTOR('',#13355,1.);
#13355 = DIRECTION('',(0.,1.,0.));
#13356 = ORIENTED_EDGE('',*,*,#13357,.T.);
#13357 = EDGE_CURVE('',#13350,#13358,#13360,.T.);
#13358 = VERTEX_POINT('',#13359);
#13359 = CARTESIAN_POINT('',(3.1623E+03,1.2319E+03,2.6416E+03));
#13360 = LINE('',#13361,#13362);
#13361 = CARTESIAN_POINT('',(3.1623E+03,1.2319E+03,2.5019E+03));
#13362 = VECTOR('',#13363,1.);
#13363 = DIRECTION('',(0.,0.,1.));
#13364 = ORIENTED_EDGE('',*,*,#13365,.F.);
#13365 = EDGE_CURVE('',#13342,#13358,#13366,.T.);
#13366 = LINE('',#13367,#13368);
#13367 = CARTESIAN_POINT('',(3.1623E+03,266.7,2.6416E+03));
#13368 = VECTOR('',#13369,1.);
#13369 = DIRECTION('',(0.,1.,0.));
#13370 = PLANE('',#13371);
#13371 = AXIS2_PLACEMENT_3D('',#13372,#13373,#13374);
#13372 = CARTESIAN_POINT('',(3.1623E+03,266.7,2.5019E+03));
#13373 = DIRECTION('',(1.,0.,0.));
#13374 = DIRECTION('',(0.,0.,1.));
#13375 = ADVANCED_FACE('',(#13376),#13392,.F.);
#13376 = FACE_BOUND('',#13377,.F.);
#13377 = EDGE_LOOP('',(#13378,#13384,#13385,#13391));
#13378 = ORIENTED_EDGE('',*,*,#13379,.F.);
#13379 = EDGE_CURVE('',#13300,#13340,#13380,.T.);
#13380 = LINE('',#13381,#13382);
#13381 = CARTESIAN_POINT('',(3.1242E+03,266.7,2.5019E+03));
#13382 = VECTOR('',#13383,1.);
#13383 = DIRECTION('',(1.,0.,0.));
#13384 = ORIENTED_EDGE('',*,*,#13299,.T.);
#13385 = ORIENTED_EDGE('',*,*,#13386,.T.);
#13386 = EDGE_CURVE('',#13302,#13342,#13387,.T.);
#13387 = LINE('',#13388,#13389);
#13388 = CARTESIAN_POINT('',(3.1242E+03,266.7,2.6416E+03));
#13389 = VECTOR('',#13390,1.);
#13390 = DIRECTION('',(1.,0.,0.));
#13391 = ORIENTED_EDGE('',*,*,#13339,.F.);
#13392 = PLANE('',#13393);
#13393 = AXIS2_PLACEMENT_3D('',#13394,#13395,#13396);
#13394 = CARTESIAN_POINT('',(3.1242E+03,266.7,2.5019E+03));
#13395 = DIRECTION('',(0.,1.,0.));
#13396 = DIRECTION('',(0.,0.,1.));
#13397 = ADVANCED_FACE('',(#13398),#13414,.T.);
#13398 = FACE_BOUND('',#13399,.T.);
#13399 = EDGE_LOOP('',(#13400,#13406,#13407,#13413));
#13400 = ORIENTED_EDGE('',*,*,#13401,.F.);
#13401 = EDGE_CURVE('',#13310,#13350,#13402,.T.);
#13402 = LINE('',#13403,#13404);
#13403 = CARTESIAN_POINT('',(3.1242E+03,1.2319E+03,2.5019E+03));
#13404 = VECTOR('',#13405,1.);
#13405 = DIRECTION('',(1.,0.,0.));
#13406 = ORIENTED_EDGE('',*,*,#13317,.T.);
#13407 = ORIENTED_EDGE('',*,*,#13408,.T.);
#13408 = EDGE_CURVE('',#13318,#13358,#13409,.T.);
#13409 = LINE('',#13410,#13411);
#13410 = CARTESIAN_POINT('',(3.1242E+03,1.2319E+03,2.6416E+03));
#13411 = VECTOR('',#13412,1.);
#13412 = DIRECTION('',(1.,0.,0.));
#13413 = ORIENTED_EDGE('',*,*,#13357,.F.);
#13414 = PLANE('',#13415);
#13415 = AXIS2_PLACEMENT_3D('',#13416,#13417,#13418);
#13416 = CARTESIAN_POINT('',(3.1242E+03,1.2319E+03,2.5019E+03));
#13417 = DIRECTION('',(0.,1.,0.));
#13418 = DIRECTION('',(0.,0.,1.));
#13419 = ADVANCED_FACE('',(#13420),#13426,.F.);
#13420 = FACE_BOUND('',#13421,.F.);
#13421 = EDGE_LOOP('',(#13422,#13423,#13424,#13425));
#13422 = ORIENTED_EDGE('',*,*,#13309,.F.);
#13423 = ORIENTED_EDGE('',*,*,#13379,.T.);
#13424 = ORIENTED_EDGE('',*,*,#13349,.T.);
#13425 = ORIENTED_EDGE('',*,*,#13401,.F.);
#13426 = PLANE('',#13427);
#13427 = AXIS2_PLACEMENT_3D('',#13428,#13429,#13430);
#13428 = CARTESIAN_POINT('',(3.1242E+03,266.7,2.5019E+03));
#13429 = DIRECTION('',(0.,0.,1.));
#13430 = DIRECTION('',(1.,0.,0.));
#13431 = ADVANCED_FACE('',(#13432),#13438,.T.);
#13432 = FACE_BOUND('',#13433,.T.);
#13433 = EDGE_LOOP('',(#13434,#13435,#13436,#13437));
#13434 = ORIENTED_EDGE('',*,*,#13325,.F.);
#13435 = ORIENTED_EDGE('',*,*,#13386,.T.);
#13436 = ORIENTED_EDGE('',*,*,#13365,.T.);
#13437 = ORIENTED_EDGE('',*,*,#13408,.F.);
#13438 = PLANE('',#13439);
#13439 = AXIS2_PLACEMENT_3D('',#13440,#13441,#13442);
#13440 = CARTESIAN_POINT('',(3.1242E+03,266.7,2.6416E+03));
#13441 = DIRECTION('',(0.,0.,1.));
#13442 = DIRECTION('',(1.,0.,0.));
#13443 = MANIFOLD_SOLID_BREP('',#13444);
#13444 = CLOSED_SHELL('',(#13445,#13485,#13525,#13547,#13569,#13581));
#13445 = ADVANCED_FACE('',(#13446),#13480,.F.);
#13446 = FACE_BOUND('',#13447,.F.);
#13447 = EDGE_LOOP('',(#13448,#13458,#13466,#13474));
#13448 = ORIENTED_EDGE('',*,*,#13449,.F.);
#13449 = EDGE_CURVE('',#13450,#13452,#13454,.T.);
#13450 = VERTEX_POINT('',#13451);
#13451 = CARTESIAN_POINT('',(3.7338E+03,266.7,2.5019E+03));
#13452 = VERTEX_POINT('',#13453);
#13453 = CARTESIAN_POINT('',(3.7338E+03,266.7,2.6416E+03));
#13454 = LINE('',#13455,#13456);
#13455 = CARTESIAN_POINT('',(3.7338E+03,266.7,2.5019E+03));
#13456 = VECTOR('',#13457,1.);
#13457 = DIRECTION('',(0.,0.,1.));
#13458 = ORIENTED_EDGE('',*,*,#13459,.T.);
#13459 = EDGE_CURVE('',#13450,#13460,#13462,.T.);
#13460 = VERTEX_POINT('',#13461);
#13461 = CARTESIAN_POINT('',(3.7338E+03,1.2319E+03,2.5019E+03));
#13462 = LINE('',#13463,#13464);
#13463 = CARTESIAN_POINT('',(3.7338E+03,266.7,2.5019E+03));
#13464 = VECTOR('',#13465,1.);
#13465 = DIRECTION('',(0.,1.,0.));
#13466 = ORIENTED_EDGE('',*,*,#13467,.T.);
#13467 = EDGE_CURVE('',#13460,#13468,#13470,.T.);
#13468 = VERTEX_POINT('',#13469);
#13469 = CARTESIAN_POINT('',(3.7338E+03,1.2319E+03,2.6416E+03));
#13470 = LINE('',#13471,#13472);
#13471 = CARTESIAN_POINT('',(3.7338E+03,1.2319E+03,2.5019E+03));
#13472 = VECTOR('',#13473,1.);
#13473 = DIRECTION('',(0.,0.,1.));
#13474 = ORIENTED_EDGE('',*,*,#13475,.F.);
#13475 = EDGE_CURVE('',#13452,#13468,#13476,.T.);
#13476 = LINE('',#13477,#13478);
#13477 = CARTESIAN_POINT('',(3.7338E+03,266.7,2.6416E+03));
#13478 = VECTOR('',#13479,1.);
#13479 = DIRECTION('',(0.,1.,0.));
#13480 = PLANE('',#13481);
#13481 = AXIS2_PLACEMENT_3D('',#13482,#13483,#13484);
#13482 = CARTESIAN_POINT('',(3.7338E+03,266.7,2.5019E+03));
#13483 = DIRECTION('',(1.,0.,0.));
#13484 = DIRECTION('',(0.,0.,1.));
#13485 = ADVANCED_FACE('',(#13486),#13520,.T.);
#13486 = FACE_BOUND('',#13487,.T.);
#13487 = EDGE_LOOP('',(#13488,#13498,#13506,#13514));
#13488 = ORIENTED_EDGE('',*,*,#13489,.F.);
#13489 = EDGE_CURVE('',#13490,#13492,#13494,.T.);
#13490 = VERTEX_POINT('',#13491);
#13491 = CARTESIAN_POINT('',(3.7719E+03,266.7,2.5019E+03));
#13492 = VERTEX_POINT('',#13493);
#13493 = CARTESIAN_POINT('',(3.7719E+03,266.7,2.6416E+03));
#13494 = LINE('',#13495,#13496);
#13495 = CARTESIAN_POINT('',(3.7719E+03,266.7,2.5019E+03));
#13496 = VECTOR('',#13497,1.);
#13497 = DIRECTION('',(0.,0.,1.));
#13498 = ORIENTED_EDGE('',*,*,#13499,.T.);
#13499 = EDGE_CURVE('',#13490,#13500,#13502,.T.);
#13500 = VERTEX_POINT('',#13501);
#13501 = CARTESIAN_POINT('',(3.7719E+03,1.2319E+03,2.5019E+03));
#13502 = LINE('',#13503,#13504);
#13503 = CARTESIAN_POINT('',(3.7719E+03,266.7,2.5019E+03));
#13504 = VECTOR('',#13505,1.);
#13505 = DIRECTION('',(0.,1.,0.));
#13506 = ORIENTED_EDGE('',*,*,#13507,.T.);
#13507 = EDGE_CURVE('',#13500,#13508,#13510,.T.);
#13508 = VERTEX_POINT('',#13509);
#13509 = CARTESIAN_POINT('',(3.7719E+03,1.2319E+03,2.6416E+03));
#13510 = LINE('',#13511,#13512);
#13511 = CARTESIAN_POINT('',(3.7719E+03,1.2319E+03,2.5019E+03));
#13512 = VECTOR('',#13513,1.);
#13513 = DIRECTION('',(0.,0.,1.));
#13514 = ORIENTED_EDGE('',*,*,#13515,.F.);
#13515 = EDGE_CURVE('',#13492,#13508,#13516,.T.);
#13516 = LINE('',#13517,#13518);
#13517 = CARTESIAN_POINT('',(3.7719E+03,266.7,2.6416E+03));
#13518 = VECTOR('',#13519,1.);
#13519 = DIRECTION('',(0.,1.,0.));
#13520 = PLANE('',#13521);
#13521 = AXIS2_PLACEMENT_3D('',#13522,#13523,#13524);
#13522 = CARTESIAN_POINT('',(3.7719E+03,266.7,2.5019E+03));
#13523 = DIRECTION('',(1.,0.,0.));
#13524 = DIRECTION('',(0.,0.,1.));
#13525 = ADVANCED_FACE('',(#13526),#13542,.F.);
#13526 = FACE_BOUND('',#13527,.F.);
#13527 = EDGE_LOOP('',(#13528,#13534,#13535,#13541));
#13528 = ORIENTED_EDGE('',*,*,#13529,.F.);
#13529 = EDGE_CURVE('',#13450,#13490,#13530,.T.);
#13530 = LINE('',#13531,#13532);
#13531 = CARTESIAN_POINT('',(3.7338E+03,266.7,2.5019E+03));
#13532 = VECTOR('',#13533,1.);
#13533 = DIRECTION('',(1.,0.,0.));
#13534 = ORIENTED_EDGE('',*,*,#13449,.T.);
#13535 = ORIENTED_EDGE('',*,*,#13536,.T.);
#13536 = EDGE_CURVE('',#13452,#13492,#13537,.T.);
#13537 = LINE('',#13538,#13539);
#13538 = CARTESIAN_POINT('',(3.7338E+03,266.7,2.6416E+03));
#13539 = VECTOR('',#13540,1.);
#13540 = DIRECTION('',(1.,0.,0.));
#13541 = ORIENTED_EDGE('',*,*,#13489,.F.);
#13542 = PLANE('',#13543);
#13543 = AXIS2_PLACEMENT_3D('',#13544,#13545,#13546);
#13544 = CARTESIAN_POINT('',(3.7338E+03,266.7,2.5019E+03));
#13545 = DIRECTION('',(0.,1.,0.));
#13546 = DIRECTION('',(0.,0.,1.));
#13547 = ADVANCED_FACE('',(#13548),#13564,.T.);
#13548 = FACE_BOUND('',#13549,.T.);
#13549 = EDGE_LOOP('',(#13550,#13556,#13557,#13563));
#13550 = ORIENTED_EDGE('',*,*,#13551,.F.);
#13551 = EDGE_CURVE('',#13460,#13500,#13552,.T.);
#13552 = LINE('',#13553,#13554);
#13553 = CARTESIAN_POINT('',(3.7338E+03,1.2319E+03,2.5019E+03));
#13554 = VECTOR('',#13555,1.);
#13555 = DIRECTION('',(1.,0.,0.));
#13556 = ORIENTED_EDGE('',*,*,#13467,.T.);
#13557 = ORIENTED_EDGE('',*,*,#13558,.T.);
#13558 = EDGE_CURVE('',#13468,#13508,#13559,.T.);
#13559 = LINE('',#13560,#13561);
#13560 = CARTESIAN_POINT('',(3.7338E+03,1.2319E+03,2.6416E+03));
#13561 = VECTOR('',#13562,1.);
#13562 = DIRECTION('',(1.,0.,0.));
#13563 = ORIENTED_EDGE('',*,*,#13507,.F.);
#13564 = PLANE('',#13565);
#13565 = AXIS2_PLACEMENT_3D('',#13566,#13567,#13568);
#13566 = CARTESIAN_POINT('',(3.7338E+03,1.2319E+03,2.5019E+03));
#13567 = DIRECTION('',(0.,1.,0.));
#13568 = DIRECTION('',(0.,0.,1.));
#13569 = ADVANCED_FACE('',(#13570),#13576,.F.);
#13570 = FACE_BOUND('',#13571,.F.);
#13571 = EDGE_LOOP('',(#13572,#13573,#13574,#13575));
#13572 = ORIENTED_EDGE('',*,*,#13459,.F.);
#13573 = ORIENTED_EDGE('',*,*,#13529,.T.);
#13574 = ORIENTED_EDGE('',*,*,#13499,.T.);
#13575 = ORIENTED_EDGE('',*,*,#13551,.F.);
#13576 = PLANE('',#13577);
#13577 = AXIS2_PLACEMENT_3D('',#13578,#13579,#13580);
#13578 = CARTESIAN_POINT('',(3.7338E+03,266.7,2.5019E+03));
#13579 = DIRECTION('',(0.,0.,1.));
#13580 = DIRECTION('',(1.,0.,0.));
#13581 = ADVANCED_FACE('',(#13582),#13588,.T.);
#13582 = FACE_BOUND('',#13583,.T.);
#13583 = EDGE_LOOP('',(#13584,#13585,#13586,#13587));
#13584 = ORIENTED_EDGE('',*,*,#13475,.F.);
#13585 = ORIENTED_EDGE('',*,*,#13536,.T.);
#13586 = ORIENTED_EDGE('',*,*,#13515,.T.);
#13587 = ORIENTED_EDGE('',*,*,#13558,.F.);
#13588 = PLANE('',#13589);
#13589 = AXIS2_PLACEMENT_3D('',#13590,#13591,#13592);
#13590 = CARTESIAN_POINT('',(3.7338E+03,266.7,2.6416E+03));
#13591 = DIRECTION('',(0.,0.,1.));
#13592 = DIRECTION('',(1.,0.,0.));
#13593 = MANIFOLD_SOLID_BREP('',#13594);
#13594 = CLOSED_SHELL('',(#13595,#13635,#13675,#13697,#13719,#13731));
#13595 = ADVANCED_FACE('',(#13596),#13630,.F.);
#13596 = FACE_BOUND('',#13597,.F.);
#13597 = EDGE_LOOP('',(#13598,#13608,#13616,#13624));
#13598 = ORIENTED_EDGE('',*,*,#13599,.F.);
#13599 = EDGE_CURVE('',#13600,#13602,#13604,.T.);
#13600 = VERTEX_POINT('',#13601);
#13601 = CARTESIAN_POINT('',(4.3053E+03,266.7,2.5019E+03));
#13602 = VERTEX_POINT('',#13603);
#13603 = CARTESIAN_POINT('',(4.3053E+03,266.7,2.6416E+03));
#13604 = LINE('',#13605,#13606);
#13605 = CARTESIAN_POINT('',(4.3053E+03,266.7,2.5019E+03));
#13606 = VECTOR('',#13607,1.);
#13607 = DIRECTION('',(0.,0.,1.));
#13608 = ORIENTED_EDGE('',*,*,#13609,.T.);
#13609 = EDGE_CURVE('',#13600,#13610,#13612,.T.);
#13610 = VERTEX_POINT('',#13611);
#13611 = CARTESIAN_POINT('',(4.3053E+03,1.2319E+03,2.5019E+03));
#13612 = LINE('',#13613,#13614);
#13613 = CARTESIAN_POINT('',(4.3053E+03,266.7,2.5019E+03));
#13614 = VECTOR('',#13615,1.);
#13615 = DIRECTION('',(0.,1.,0.));
#13616 = ORIENTED_EDGE('',*,*,#13617,.T.);
#13617 = EDGE_CURVE('',#13610,#13618,#13620,.T.);
#13618 = VERTEX_POINT('',#13619);
#13619 = CARTESIAN_POINT('',(4.3053E+03,1.2319E+03,2.6416E+03));
#13620 = LINE('',#13621,#13622);
#13621 = CARTESIAN_POINT('',(4.3053E+03,1.2319E+03,2.5019E+03));
#13622 = VECTOR('',#13623,1.);
#13623 = DIRECTION('',(0.,0.,1.));
#13624 = ORIENTED_EDGE('',*,*,#13625,.F.);
#13625 = EDGE_CURVE('',#13602,#13618,#13626,.T.);
#13626 = LINE('',#13627,#13628);
#13627 = CARTESIAN_POINT('',(4.3053E+03,266.7,2.6416E+03));
#13628 = VECTOR('',#13629,1.);
#13629 = DIRECTION('',(0.,1.,0.));
#13630 = PLANE('',#13631);
#13631 = AXIS2_PLACEMENT_3D('',#13632,#13633,#13634);
#13632 = CARTESIAN_POINT('',(4.3053E+03,266.7,2.5019E+03));
#13633 = DIRECTION('',(1.,0.,0.));
#13634 = DIRECTION('',(0.,0.,1.));
#13635 = ADVANCED_FACE('',(#13636),#13670,.T.);
#13636 = FACE_BOUND('',#13637,.T.);
#13637 = EDGE_LOOP('',(#13638,#13648,#13656,#13664));
#13638 = ORIENTED_EDGE('',*,*,#13639,.F.);
#13639 = EDGE_CURVE('',#13640,#13642,#13644,.T.);
#13640 = VERTEX_POINT('',#13641);
#13641 = CARTESIAN_POINT('',(4.3434E+03,266.7,2.5019E+03));
#13642 = VERTEX_POINT('',#13643);
#13643 = CARTESIAN_POINT('',(4.3434E+03,266.7,2.6416E+03));
#13644 = LINE('',#13645,#13646);
#13645 = CARTESIAN_POINT('',(4.3434E+03,266.7,2.5019E+03));
#13646 = VECTOR('',#13647,1.);
#13647 = DIRECTION('',(0.,0.,1.));
#13648 = ORIENTED_EDGE('',*,*,#13649,.T.);
#13649 = EDGE_CURVE('',#13640,#13650,#13652,.T.);
#13650 = VERTEX_POINT('',#13651);
#13651 = CARTESIAN_POINT('',(4.3434E+03,1.2319E+03,2.5019E+03));
#13652 = LINE('',#13653,#13654);
#13653 = CARTESIAN_POINT('',(4.3434E+03,266.7,2.5019E+03));
#13654 = VECTOR('',#13655,1.);
#13655 = DIRECTION('',(0.,1.,0.));
#13656 = ORIENTED_EDGE('',*,*,#13657,.T.);
#13657 = EDGE_CURVE('',#13650,#13658,#13660,.T.);
#13658 = VERTEX_POINT('',#13659);
#13659 = CARTESIAN_POINT('',(4.3434E+03,1.2319E+03,2.6416E+03));
#13660 = LINE('',#13661,#13662);
#13661 = CARTESIAN_POINT('',(4.3434E+03,1.2319E+03,2.5019E+03));
#13662 = VECTOR('',#13663,1.);
#13663 = DIRECTION('',(0.,0.,1.));
#13664 = ORIENTED_EDGE('',*,*,#13665,.F.);
#13665 = EDGE_CURVE('',#13642,#13658,#13666,.T.);
#13666 = LINE('',#13667,#13668);
#13667 = CARTESIAN_POINT('',(4.3434E+03,266.7,2.6416E+03));
#13668 = VECTOR('',#13669,1.);
#13669 = DIRECTION('',(0.,1.,0.));
#13670 = PLANE('',#13671);
#13671 = AXIS2_PLACEMENT_3D('',#13672,#13673,#13674);
#13672 = CARTESIAN_POINT('',(4.3434E+03,266.7,2.5019E+03));
#13673 = DIRECTION('',(1.,0.,0.));
#13674 = DIRECTION('',(0.,0.,1.));
#13675 = ADVANCED_FACE('',(#13676),#13692,.F.);
#13676 = FACE_BOUND('',#13677,.F.);
#13677 = EDGE_LOOP('',(#13678,#13684,#13685,#13691));
#13678 = ORIENTED_EDGE('',*,*,#13679,.F.);
#13679 = EDGE_CURVE('',#13600,#13640,#13680,.T.);
#13680 = LINE('',#13681,#13682);
#13681 = CARTESIAN_POINT('',(4.3053E+03,266.7,2.5019E+03));
#13682 = VECTOR('',#13683,1.);
#13683 = DIRECTION('',(1.,0.,0.));
#13684 = ORIENTED_EDGE('',*,*,#13599,.T.);
#13685 = ORIENTED_EDGE('',*,*,#13686,.T.);
#13686 = EDGE_CURVE('',#13602,#13642,#13687,.T.);
#13687 = LINE('',#13688,#13689);
#13688 = CARTESIAN_POINT('',(4.3053E+03,266.7,2.6416E+03));
#13689 = VECTOR('',#13690,1.);
#13690 = DIRECTION('',(1.,0.,0.));
#13691 = ORIENTED_EDGE('',*,*,#13639,.F.);
#13692 = PLANE('',#13693);
#13693 = AXIS2_PLACEMENT_3D('',#13694,#13695,#13696);
#13694 = CARTESIAN_POINT('',(4.3053E+03,266.7,2.5019E+03));
#13695 = DIRECTION('',(0.,1.,0.));
#13696 = DIRECTION('',(0.,0.,1.));
#13697 = ADVANCED_FACE('',(#13698),#13714,.T.);
#13698 = FACE_BOUND('',#13699,.T.);
#13699 = EDGE_LOOP('',(#13700,#13706,#13707,#13713));
#13700 = ORIENTED_EDGE('',*,*,#13701,.F.);
#13701 = EDGE_CURVE('',#13610,#13650,#13702,.T.);
#13702 = LINE('',#13703,#13704);
#13703 = CARTESIAN_POINT('',(4.3053E+03,1.2319E+03,2.5019E+03));
#13704 = VECTOR('',#13705,1.);
#13705 = DIRECTION('',(1.,0.,0.));
#13706 = ORIENTED_EDGE('',*,*,#13617,.T.);
#13707 = ORIENTED_EDGE('',*,*,#13708,.T.);
#13708 = EDGE_CURVE('',#13618,#13658,#13709,.T.);
#13709 = LINE('',#13710,#13711);
#13710 = CARTESIAN_POINT('',(4.3053E+03,1.2319E+03,2.6416E+03));
#13711 = VECTOR('',#13712,1.);
#13712 = DIRECTION('',(1.,0.,0.));
#13713 = ORIENTED_EDGE('',*,*,#13657,.F.);
#13714 = PLANE('',#13715);
#13715 = AXIS2_PLACEMENT_3D('',#13716,#13717,#13718);
#13716 = CARTESIAN_POINT('',(4.3053E+03,1.2319E+03,2.5019E+03));
#13717 = DIRECTION('',(0.,1.,0.));
#13718 = DIRECTION('',(0.,0.,1.));
#13719 = ADVANCED_FACE('',(#13720),#13726,.F.);
#13720 = FACE_BOUND('',#13721,.F.);
#13721 = EDGE_LOOP('',(#13722,#13723,#13724,#13725));
#13722 = ORIENTED_EDGE('',*,*,#13609,.F.);
#13723 = ORIENTED_EDGE('',*,*,#13679,.T.);
#13724 = ORIENTED_EDGE('',*,*,#13649,.T.);
#13725 = ORIENTED_EDGE('',*,*,#13701,.F.);
#13726 = PLANE('',#13727);
#13727 = AXIS2_PLACEMENT_3D('',#13728,#13729,#13730);
#13728 = CARTESIAN_POINT('',(4.3053E+03,266.7,2.5019E+03));
#13729 = DIRECTION('',(0.,0.,1.));
#13730 = DIRECTION('',(1.,0.,0.));
#13731 = ADVANCED_FACE('',(#13732),#13738,.T.);
#13732 = FACE_BOUND('',#13733,.T.);
#13733 = EDGE_LOOP('',(#13734,#13735,#13736,#13737));
#13734 = ORIENTED_EDGE('',*,*,#13625,.F.);
#13735 = ORIENTED_EDGE('',*,*,#13686,.T.);
#13736 = ORIENTED_EDGE('',*,*,#13665,.T.);
#13737 = ORIENTED_EDGE('',*,*,#13708,.F.);
#13738 = PLANE('',#13739);
#13739 = AXIS2_PLACEMENT_3D('',#13740,#13741,#13742);
#13740 = CARTESIAN_POINT('',(4.3053E+03,266.7,2.6416E+03));
#13741 = DIRECTION('',(0.,0.,1.));
#13742 = DIRECTION('',(1.,0.,0.));
#13743 = MANIFOLD_SOLID_BREP('',#13744);
#13744 = CLOSED_SHELL('',(#13745,#13785,#13825,#13847,#13869,#13881));
#13745 = ADVANCED_FACE('',(#13746),#13780,.F.);
#13746 = FACE_BOUND('',#13747,.F.);
#13747 = EDGE_LOOP('',(#13748,#13758,#13766,#13774));
#13748 = ORIENTED_EDGE('',*,*,#13749,.F.);
#13749 = EDGE_CURVE('',#13750,#13752,#13754,.T.);
#13750 = VERTEX_POINT('',#13751);
#13751 = CARTESIAN_POINT('',(1.905E+03,152.4,2.6416E+03));
#13752 = VERTEX_POINT('',#13753);
#13753 = CARTESIAN_POINT('',(1.905E+03,152.4,2.66065E+03));
#13754 = LINE('',#13755,#13756);
#13755 = CARTESIAN_POINT('',(1.905E+03,152.4,2.6416E+03));
#13756 = VECTOR('',#13757,1.);
#13757 = DIRECTION('',(0.,0.,1.));
#13758 = ORIENTED_EDGE('',*,*,#13759,.T.);
#13759 = EDGE_CURVE('',#13750,#13760,#13762,.T.);
#13760 = VERTEX_POINT('',#13761);
#13761 = CARTESIAN_POINT('',(1.905E+03,1.3462E+03,2.6416E+03));
#13762 = LINE('',#13763,#13764);
#13763 = CARTESIAN_POINT('',(1.905E+03,152.4,2.6416E+03));
#13764 = VECTOR('',#13765,1.);
#13765 = DIRECTION('',(0.,1.,0.));
#13766 = ORIENTED_EDGE('',*,*,#13767,.T.);
#13767 = EDGE_CURVE('',#13760,#13768,#13770,.T.);
#13768 = VERTEX_POINT('',#13769);
#13769 = CARTESIAN_POINT('',(1.905E+03,1.3462E+03,2.66065E+03));
#13770 = LINE('',#13771,#13772);
#13771 = CARTESIAN_POINT('',(1.905E+03,1.3462E+03,2.6416E+03));
#13772 = VECTOR('',#13773,1.);
#13773 = DIRECTION('',(0.,0.,1.));
#13774 = ORIENTED_EDGE('',*,*,#13775,.F.);
#13775 = EDGE_CURVE('',#13752,#13768,#13776,.T.);
#13776 = LINE('',#13777,#13778);
#13777 = CARTESIAN_POINT('',(1.905E+03,152.4,2.66065E+03));
#13778 = VECTOR('',#13779,1.);
#13779 = DIRECTION('',(0.,1.,0.));
#13780 = PLANE('',#13781);
#13781 = AXIS2_PLACEMENT_3D('',#13782,#13783,#13784);
#13782 = CARTESIAN_POINT('',(1.905E+03,152.4,2.6416E+03));
#13783 = DIRECTION('',(1.,0.,0.));
#13784 = DIRECTION('',(0.,0.,1.));
#13785 = ADVANCED_FACE('',(#13786),#13820,.T.);
#13786 = FACE_BOUND('',#13787,.T.);
#13787 = EDGE_LOOP('',(#13788,#13798,#13806,#13814));
#13788 = ORIENTED_EDGE('',*,*,#13789,.F.);
#13789 = EDGE_CURVE('',#13790,#13792,#13794,.T.);
#13790 = VERTEX_POINT('',#13791);
#13791 = CARTESIAN_POINT('',(4.3434E+03,152.4,2.6416E+03));
#13792 = VERTEX_POINT('',#13793);
#13793 = CARTESIAN_POINT('',(4.3434E+03,152.4,2.66065E+03));
#13794 = LINE('',#13795,#13796);
#13795 = CARTESIAN_POINT('',(4.3434E+03,152.4,2.6416E+03));
#13796 = VECTOR('',#13797,1.);
#13797 = DIRECTION('',(0.,0.,1.));
#13798 = ORIENTED_EDGE('',*,*,#13799,.T.);
#13799 = EDGE_CURVE('',#13790,#13800,#13802,.T.);
#13800 = VERTEX_POINT('',#13801);
#13801 = CARTESIAN_POINT('',(4.3434E+03,1.3462E+03,2.6416E+03));
#13802 = LINE('',#13803,#13804);
#13803 = CARTESIAN_POINT('',(4.3434E+03,152.4,2.6416E+03));
#13804 = VECTOR('',#13805,1.);
#13805 = DIRECTION('',(0.,1.,0.));
#13806 = ORIENTED_EDGE('',*,*,#13807,.T.);
#13807 = EDGE_CURVE('',#13800,#13808,#13810,.T.);
#13808 = VERTEX_POINT('',#13809);
#13809 = CARTESIAN_POINT('',(4.3434E+03,1.3462E+03,2.66065E+03));
#13810 = LINE('',#13811,#13812);
#13811 = CARTESIAN_POINT('',(4.3434E+03,1.3462E+03,2.6416E+03));
#13812 = VECTOR('',#13813,1.);
#13813 = DIRECTION('',(0.,0.,1.));
#13814 = ORIENTED_EDGE('',*,*,#13815,.F.);
#13815 = EDGE_CURVE('',#13792,#13808,#13816,.T.);
#13816 = LINE('',#13817,#13818);
#13817 = CARTESIAN_POINT('',(4.3434E+03,152.4,2.66065E+03));
#13818 = VECTOR('',#13819,1.);
#13819 = DIRECTION('',(0.,1.,0.));
#13820 = PLANE('',#13821);
#13821 = AXIS2_PLACEMENT_3D('',#13822,#13823,#13824);
#13822 = CARTESIAN_POINT('',(4.3434E+03,152.4,2.6416E+03));
#13823 = DIRECTION('',(1.,0.,0.));
#13824 = DIRECTION('',(0.,0.,1.));
#13825 = ADVANCED_FACE('',(#13826),#13842,.F.);
#13826 = FACE_BOUND('',#13827,.F.);
#13827 = EDGE_LOOP('',(#13828,#13834,#13835,#13841));
#13828 = ORIENTED_EDGE('',*,*,#13829,.F.);
#13829 = EDGE_CURVE('',#13750,#13790,#13830,.T.);
#13830 = LINE('',#13831,#13832);
#13831 = CARTESIAN_POINT('',(1.905E+03,152.4,2.6416E+03));
#13832 = VECTOR('',#13833,1.);
#13833 = DIRECTION('',(1.,0.,0.));
#13834 = ORIENTED_EDGE('',*,*,#13749,.T.);
#13835 = ORIENTED_EDGE('',*,*,#13836,.T.);
#13836 = EDGE_CURVE('',#13752,#13792,#13837,.T.);
#13837 = LINE('',#13838,#13839);
#13838 = CARTESIAN_POINT('',(1.905E+03,152.4,2.66065E+03));
#13839 = VECTOR('',#13840,1.);
#13840 = DIRECTION('',(1.,0.,0.));
#13841 = ORIENTED_EDGE('',*,*,#13789,.F.);
#13842 = PLANE('',#13843);
#13843 = AXIS2_PLACEMENT_3D('',#13844,#13845,#13846);
#13844 = CARTESIAN_POINT('',(1.905E+03,152.4,2.6416E+03));
#13845 = DIRECTION('',(0.,1.,0.));
#13846 = DIRECTION('',(0.,0.,1.));
#13847 = ADVANCED_FACE('',(#13848),#13864,.T.);
#13848 = FACE_BOUND('',#13849,.T.);
#13849 = EDGE_LOOP('',(#13850,#13856,#13857,#13863));
#13850 = ORIENTED_EDGE('',*,*,#13851,.F.);
#13851 = EDGE_CURVE('',#13760,#13800,#13852,.T.);
#13852 = LINE('',#13853,#13854);
#13853 = CARTESIAN_POINT('',(1.905E+03,1.3462E+03,2.6416E+03));
#13854 = VECTOR('',#13855,1.);
#13855 = DIRECTION('',(1.,0.,0.));
#13856 = ORIENTED_EDGE('',*,*,#13767,.T.);
#13857 = ORIENTED_EDGE('',*,*,#13858,.T.);
#13858 = EDGE_CURVE('',#13768,#13808,#13859,.T.);
#13859 = LINE('',#13860,#13861);
#13860 = CARTESIAN_POINT('',(1.905E+03,1.3462E+03,2.66065E+03));
#13861 = VECTOR('',#13862,1.);
#13862 = DIRECTION('',(1.,0.,0.));
#13863 = ORIENTED_EDGE('',*,*,#13807,.F.);
#13864 = PLANE('',#13865);
#13865 = AXIS2_PLACEMENT_3D('',#13866,#13867,#13868);
#13866 = CARTESIAN_POINT('',(1.905E+03,1.3462E+03,2.6416E+03));
#13867 = DIRECTION('',(0.,1.,0.));
#13868 = DIRECTION('',(0.,0.,1.));
#13869 = ADVANCED_FACE('',(#13870),#13876,.F.);
#13870 = FACE_BOUND('',#13871,.F.);
#13871 = EDGE_LOOP('',(#13872,#13873,#13874,#13875));
#13872 = ORIENTED_EDGE('',*,*,#13759,.F.);
#13873 = ORIENTED_EDGE('',*,*,#13829,.T.);
#13874 = ORIENTED_EDGE('',*,*,#13799,.T.);
#13875 = ORIENTED_EDGE('',*,*,#13851,.F.);
#13876 = PLANE('',#13877);
#13877 = AXIS2_PLACEMENT_3D('',#13878,#13879,#13880);
#13878 = CARTESIAN_POINT('',(1.905E+03,152.4,2.6416E+03));
#13879 = DIRECTION('',(0.,0.,1.));
#13880 = DIRECTION('',(1.,0.,0.));
#13881 = ADVANCED_FACE('',(#13882),#13888,.T.);
#13882 = FACE_BOUND('',#13883,.T.);
#13883 = EDGE_LOOP('',(#13884,#13885,#13886,#13887));
#13884 = ORIENTED_EDGE('',*,*,#13775,.F.);
#13885 = ORIENTED_EDGE('',*,*,#13836,.T.);
#13886 = ORIENTED_EDGE('',*,*,#13815,.T.);
#13887 = ORIENTED_EDGE('',*,*,#13858,.F.);
#13888 = PLANE('',#13889);
#13889 = AXIS2_PLACEMENT_3D('',#13890,#13891,#13892);
#13890 = CARTESIAN_POINT('',(1.905E+03,152.4,2.66065E+03));
#13891 = DIRECTION('',(0.,0.,1.));
#13892 = DIRECTION('',(1.,0.,0.));
#13893 = MANIFOLD_SOLID_BREP('',#13894);
#13894 = CLOSED_SHELL('',(#13895,#13935,#13975,#13997,#14019,#14031));
#13895 = ADVANCED_FACE('',(#13896),#13930,.F.);
#13896 = FACE_BOUND('',#13897,.F.);
#13897 = EDGE_LOOP('',(#13898,#13908,#13916,#13924));
#13898 = ORIENTED_EDGE('',*,*,#13899,.F.);
#13899 = EDGE_CURVE('',#13900,#13902,#13904,.T.);
#13900 = VERTEX_POINT('',#13901);
#13901 = CARTESIAN_POINT('',(76.2,1.92405E+03,2.5019E+03));
#13902 = VERTEX_POINT('',#13903);
#13903 = CARTESIAN_POINT('',(76.2,1.92405E+03,2.6416E+03));
#13904 = LINE('',#13905,#13906);
#13905 = CARTESIAN_POINT('',(76.2,1.92405E+03,2.5019E+03));
#13906 = VECTOR('',#13907,1.);
#13907 = DIRECTION('',(0.,0.,1.));
#13908 = ORIENTED_EDGE('',*,*,#13909,.T.);
#13909 = EDGE_CURVE('',#13900,#13910,#13912,.T.);
#13910 = VERTEX_POINT('',#13911);
#13911 = CARTESIAN_POINT('',(76.2,1.96215E+03,2.5019E+03));
#13912 = LINE('',#13913,#13914);
#13913 = CARTESIAN_POINT('',(76.2,1.92405E+03,2.5019E+03));
#13914 = VECTOR('',#13915,1.);
#13915 = DIRECTION('',(0.,1.,0.));
#13916 = ORIENTED_EDGE('',*,*,#13917,.T.);
#13917 = EDGE_CURVE('',#13910,#13918,#13920,.T.);
#13918 = VERTEX_POINT('',#13919);
#13919 = CARTESIAN_POINT('',(76.2,1.96215E+03,2.6416E+03));
#13920 = LINE('',#13921,#13922);
#13921 = CARTESIAN_POINT('',(76.2,1.96215E+03,2.5019E+03));
#13922 = VECTOR('',#13923,1.);
#13923 = DIRECTION('',(0.,0.,1.));
#13924 = ORIENTED_EDGE('',*,*,#13925,.F.);
#13925 = EDGE_CURVE('',#13902,#13918,#13926,.T.);
#13926 = LINE('',#13927,#13928);
#13927 = CARTESIAN_POINT('',(76.2,1.92405E+03,2.6416E+03));
#13928 = VECTOR('',#13929,1.);
#13929 = DIRECTION('',(0.,1.,0.));
#13930 = PLANE('',#13931);
#13931 = AXIS2_PLACEMENT_3D('',#13932,#13933,#13934);
#13932 = CARTESIAN_POINT('',(76.2,1.92405E+03,2.5019E+03));
#13933 = DIRECTION('',(1.,0.,0.));
#13934 = DIRECTION('',(0.,0.,1.));
#13935 = ADVANCED_FACE('',(#13936),#13970,.T.);
#13936 = FACE_BOUND('',#13937,.T.);
#13937 = EDGE_LOOP('',(#13938,#13948,#13956,#13964));
#13938 = ORIENTED_EDGE('',*,*,#13939,.F.);
#13939 = EDGE_CURVE('',#13940,#13942,#13944,.T.);
#13940 = VERTEX_POINT('',#13941);
#13941 = CARTESIAN_POINT('',(6.2611E+03,1.92405E+03,2.5019E+03));
#13942 = VERTEX_POINT('',#13943);
#13943 = CARTESIAN_POINT('',(6.2611E+03,1.92405E+03,2.6416E+03));
#13944 = LINE('',#13945,#13946);
#13945 = CARTESIAN_POINT('',(6.2611E+03,1.92405E+03,2.5019E+03));
#13946 = VECTOR('',#13947,1.);
#13947 = DIRECTION('',(0.,0.,1.));
#13948 = ORIENTED_EDGE('',*,*,#13949,.T.);
#13949 = EDGE_CURVE('',#13940,#13950,#13952,.T.);
#13950 = VERTEX_POINT('',#13951);
#13951 = CARTESIAN_POINT('',(6.2611E+03,1.96215E+03,2.5019E+03));
#13952 = LINE('',#13953,#13954);
#13953 = CARTESIAN_POINT('',(6.2611E+03,1.92405E+03,2.5019E+03));
#13954 = VECTOR('',#13955,1.);
#13955 = DIRECTION('',(0.,1.,0.));
#13956 = ORIENTED_EDGE('',*,*,#13957,.T.);
#13957 = EDGE_CURVE('',#13950,#13958,#13960,.T.);
#13958 = VERTEX_POINT('',#13959);
#13959 = CARTESIAN_POINT('',(6.2611E+03,1.96215E+03,2.6416E+03));
#13960 = LINE('',#13961,#13962);
#13961 = CARTESIAN_POINT('',(6.2611E+03,1.96215E+03,2.5019E+03));
#13962 = VECTOR('',#13963,1.);
#13963 = DIRECTION('',(0.,0.,1.));
#13964 = ORIENTED_EDGE('',*,*,#13965,.F.);
#13965 = EDGE_CURVE('',#13942,#13958,#13966,.T.);
#13966 = LINE('',#13967,#13968);
#13967 = CARTESIAN_POINT('',(6.2611E+03,1.92405E+03,2.6416E+03));
#13968 = VECTOR('',#13969,1.);
#13969 = DIRECTION('',(0.,1.,0.));
#13970 = PLANE('',#13971);
#13971 = AXIS2_PLACEMENT_3D('',#13972,#13973,#13974);
#13972 = CARTESIAN_POINT('',(6.2611E+03,1.92405E+03,2.5019E+03));
#13973 = DIRECTION('',(1.,0.,0.));
#13974 = DIRECTION('',(0.,0.,1.));
#13975 = ADVANCED_FACE('',(#13976),#13992,.F.);
#13976 = FACE_BOUND('',#13977,.F.);
#13977 = EDGE_LOOP('',(#13978,#13984,#13985,#13991));
#13978 = ORIENTED_EDGE('',*,*,#13979,.F.);
#13979 = EDGE_CURVE('',#13900,#13940,#13980,.T.);
#13980 = LINE('',#13981,#13982);
#13981 = CARTESIAN_POINT('',(76.2,1.92405E+03,2.5019E+03));
#13982 = VECTOR('',#13983,1.);
#13983 = DIRECTION('',(1.,0.,0.));
#13984 = ORIENTED_EDGE('',*,*,#13899,.T.);
#13985 = ORIENTED_EDGE('',*,*,#13986,.T.);
#13986 = EDGE_CURVE('',#13902,#13942,#13987,.T.);
#13987 = LINE('',#13988,#13989);
#13988 = CARTESIAN_POINT('',(76.2,1.92405E+03,2.6416E+03));
#13989 = VECTOR('',#13990,1.);
#13990 = DIRECTION('',(1.,0.,0.));
#13991 = ORIENTED_EDGE('',*,*,#13939,.F.);
#13992 = PLANE('',#13993);
#13993 = AXIS2_PLACEMENT_3D('',#13994,#13995,#13996);
#13994 = CARTESIAN_POINT('',(76.2,1.92405E+03,2.5019E+03));
#13995 = DIRECTION('',(0.,1.,0.));
#13996 = DIRECTION('',(0.,0.,1.));
#13997 = ADVANCED_FACE('',(#13998),#14014,.T.);
#13998 = FACE_BOUND('',#13999,.T.);
#13999 = EDGE_LOOP('',(#14000,#14006,#14007,#14013));
#14000 = ORIENTED_EDGE('',*,*,#14001,.F.);
#14001 = EDGE_CURVE('',#13910,#13950,#14002,.T.);
#14002 = LINE('',#14003,#14004);
#14003 = CARTESIAN_POINT('',(76.2,1.96215E+03,2.5019E+03));
#14004 = VECTOR('',#14005,1.);
#14005 = DIRECTION('',(1.,0.,0.));
#14006 = ORIENTED_EDGE('',*,*,#13917,.T.);
#14007 = ORIENTED_EDGE('',*,*,#14008,.T.);
#14008 = EDGE_CURVE('',#13918,#13958,#14009,.T.);
#14009 = LINE('',#14010,#14011);
#14010 = CARTESIAN_POINT('',(76.2,1.96215E+03,2.6416E+03));
#14011 = VECTOR('',#14012,1.);
#14012 = DIRECTION('',(1.,0.,0.));
#14013 = ORIENTED_EDGE('',*,*,#13957,.F.);
#14014 = PLANE('',#14015);
#14015 = AXIS2_PLACEMENT_3D('',#14016,#14017,#14018);
#14016 = CARTESIAN_POINT('',(76.2,1.96215E+03,2.5019E+03));
#14017 = DIRECTION('',(0.,1.,0.));
#14018 = DIRECTION('',(0.,0.,1.));
#14019 = ADVANCED_FACE('',(#14020),#14026,.F.);
#14020 = FACE_BOUND('',#14021,.F.);
#14021 = EDGE_LOOP('',(#14022,#14023,#14024,#14025));
#14022 = ORIENTED_EDGE('',*,*,#13909,.F.);
#14023 = ORIENTED_EDGE('',*,*,#13979,.T.);
#14024 = ORIENTED_EDGE('',*,*,#13949,.T.);
#14025 = ORIENTED_EDGE('',*,*,#14001,.F.);
#14026 = PLANE('',#14027);
#14027 = AXIS2_PLACEMENT_3D('',#14028,#14029,#14030);
#14028 = CARTESIAN_POINT('',(76.2,1.92405E+03,2.5019E+03));
#14029 = DIRECTION('',(0.,0.,1.));
#14030 = DIRECTION('',(1.,0.,0.));
#14031 = ADVANCED_FACE('',(#14032),#14038,.T.);
#14032 = FACE_BOUND('',#14033,.T.);
#14033 = EDGE_LOOP('',(#14034,#14035,#14036,#14037));
#14034 = ORIENTED_EDGE('',*,*,#13925,.F.);
#14035 = ORIENTED_EDGE('',*,*,#13986,.T.);
#14036 = ORIENTED_EDGE('',*,*,#13965,.T.);
#14037 = ORIENTED_EDGE('',*,*,#14008,.F.);
#14038 = PLANE('',#14039);
#14039 = AXIS2_PLACEMENT_3D('',#14040,#14041,#14042);
#14040 = CARTESIAN_POINT('',(76.2,1.92405E+03,2.6416E+03));
#14041 = DIRECTION('',(0.,0.,1.));
#14042 = DIRECTION('',(1.,0.,0.));
#14043 = MANIFOLD_SOLID_BREP('',#14044);
#14044 = CLOSED_SHELL('',(#14045,#14085,#14125,#14147,#14169,#14181));
#14045 = ADVANCED_FACE('',(#14046),#14080,.F.);
#14046 = FACE_BOUND('',#14047,.F.);
#14047 = EDGE_LOOP('',(#14048,#14058,#14066,#14074));
#14048 = ORIENTED_EDGE('',*,*,#14049,.F.);
#14049 = EDGE_CURVE('',#14050,#14052,#14054,.T.);
#14050 = VERTEX_POINT('',#14051);
#14051 = CARTESIAN_POINT('',(76.2,1.96215E+03,2.5019E+03));
#14052 = VERTEX_POINT('',#14053);
#14053 = CARTESIAN_POINT('',(76.2,1.96215E+03,2.6416E+03));
#14054 = LINE('',#14055,#14056);
#14055 = CARTESIAN_POINT('',(76.2,1.96215E+03,2.5019E+03));
#14056 = VECTOR('',#14057,1.);
#14057 = DIRECTION('',(0.,0.,1.));
#14058 = ORIENTED_EDGE('',*,*,#14059,.T.);
#14059 = EDGE_CURVE('',#14050,#14060,#14062,.T.);
#14060 = VERTEX_POINT('',#14061);
#14061 = CARTESIAN_POINT('',(76.2,2.00025E+03,2.5019E+03));
#14062 = LINE('',#14063,#14064);
#14063 = CARTESIAN_POINT('',(76.2,1.96215E+03,2.5019E+03));
#14064 = VECTOR('',#14065,1.);
#14065 = DIRECTION('',(0.,1.,0.));
#14066 = ORIENTED_EDGE('',*,*,#14067,.T.);
#14067 = EDGE_CURVE('',#14060,#14068,#14070,.T.);
#14068 = VERTEX_POINT('',#14069);
#14069 = CARTESIAN_POINT('',(76.2,2.00025E+03,2.6416E+03));
#14070 = LINE('',#14071,#14072);
#14071 = CARTESIAN_POINT('',(76.2,2.00025E+03,2.5019E+03));
#14072 = VECTOR('',#14073,1.);
#14073 = DIRECTION('',(0.,0.,1.));
#14074 = ORIENTED_EDGE('',*,*,#14075,.F.);
#14075 = EDGE_CURVE('',#14052,#14068,#14076,.T.);
#14076 = LINE('',#14077,#14078);
#14077 = CARTESIAN_POINT('',(76.2,1.96215E+03,2.6416E+03));
#14078 = VECTOR('',#14079,1.);
#14079 = DIRECTION('',(0.,1.,0.));
#14080 = PLANE('',#14081);
#14081 = AXIS2_PLACEMENT_3D('',#14082,#14083,#14084);
#14082 = CARTESIAN_POINT('',(76.2,1.96215E+03,2.5019E+03));
#14083 = DIRECTION('',(1.,0.,0.));
#14084 = DIRECTION('',(0.,0.,1.));
#14085 = ADVANCED_FACE('',(#14086),#14120,.T.);
#14086 = FACE_BOUND('',#14087,.T.);
#14087 = EDGE_LOOP('',(#14088,#14098,#14106,#14114));
#14088 = ORIENTED_EDGE('',*,*,#14089,.F.);
#14089 = EDGE_CURVE('',#14090,#14092,#14094,.T.);
#14090 = VERTEX_POINT('',#14091);
#14091 = CARTESIAN_POINT('',(6.2611E+03,1.96215E+03,2.5019E+03));
#14092 = VERTEX_POINT('',#14093);
#14093 = CARTESIAN_POINT('',(6.2611E+03,1.96215E+03,2.6416E+03));
#14094 = LINE('',#14095,#14096);
#14095 = CARTESIAN_POINT('',(6.2611E+03,1.96215E+03,2.5019E+03));
#14096 = VECTOR('',#14097,1.);
#14097 = DIRECTION('',(0.,0.,1.));
#14098 = ORIENTED_EDGE('',*,*,#14099,.T.);
#14099 = EDGE_CURVE('',#14090,#14100,#14102,.T.);
#14100 = VERTEX_POINT('',#14101);
#14101 = CARTESIAN_POINT('',(6.2611E+03,2.00025E+03,2.5019E+03));
#14102 = LINE('',#14103,#14104);
#14103 = CARTESIAN_POINT('',(6.2611E+03,1.96215E+03,2.5019E+03));
#14104 = VECTOR('',#14105,1.);
#14105 = DIRECTION('',(0.,1.,0.));
#14106 = ORIENTED_EDGE('',*,*,#14107,.T.);
#14107 = EDGE_CURVE('',#14100,#14108,#14110,.T.);
#14108 = VERTEX_POINT('',#14109);
#14109 = CARTESIAN_POINT('',(6.2611E+03,2.00025E+03,2.6416E+03));
#14110 = LINE('',#14111,#14112);
#14111 = CARTESIAN_POINT('',(6.2611E+03,2.00025E+03,2.5019E+03));
#14112 = VECTOR('',#14113,1.);
#14113 = DIRECTION('',(0.,0.,1.));
#14114 = ORIENTED_EDGE('',*,*,#14115,.F.);
#14115 = EDGE_CURVE('',#14092,#14108,#14116,.T.);
#14116 = LINE('',#14117,#14118);
#14117 = CARTESIAN_POINT('',(6.2611E+03,1.96215E+03,2.6416E+03));
#14118 = VECTOR('',#14119,1.);
#14119 = DIRECTION('',(0.,1.,0.));
#14120 = PLANE('',#14121);
#14121 = AXIS2_PLACEMENT_3D('',#14122,#14123,#14124);
#14122 = CARTESIAN_POINT('',(6.2611E+03,1.96215E+03,2.5019E+03));
#14123 = DIRECTION('',(1.,0.,0.));
#14124 = DIRECTION('',(0.,0.,1.));
#14125 = ADVANCED_FACE('',(#14126),#14142,.F.);
#14126 = FACE_BOUND('',#14127,.F.);
#14127 = EDGE_LOOP('',(#14128,#14134,#14135,#14141));
#14128 = ORIENTED_EDGE('',*,*,#14129,.F.);
#14129 = EDGE_CURVE('',#14050,#14090,#14130,.T.);
#14130 = LINE('',#14131,#14132);
#14131 = CARTESIAN_POINT('',(76.2,1.96215E+03,2.5019E+03));
#14132 = VECTOR('',#14133,1.);
#14133 = DIRECTION('',(1.,0.,0.));
#14134 = ORIENTED_EDGE('',*,*,#14049,.T.);
#14135 = ORIENTED_EDGE('',*,*,#14136,.T.);
#14136 = EDGE_CURVE('',#14052,#14092,#14137,.T.);
#14137 = LINE('',#14138,#14139);
#14138 = CARTESIAN_POINT('',(76.2,1.96215E+03,2.6416E+03));
#14139 = VECTOR('',#14140,1.);
#14140 = DIRECTION('',(1.,0.,0.));
#14141 = ORIENTED_EDGE('',*,*,#14089,.F.);
#14142 = PLANE('',#14143);
#14143 = AXIS2_PLACEMENT_3D('',#14144,#14145,#14146);
#14144 = CARTESIAN_POINT('',(76.2,1.96215E+03,2.5019E+03));
#14145 = DIRECTION('',(0.,1.,0.));
#14146 = DIRECTION('',(0.,0.,1.));
#14147 = ADVANCED_FACE('',(#14148),#14164,.T.);
#14148 = FACE_BOUND('',#14149,.T.);
#14149 = EDGE_LOOP('',(#14150,#14156,#14157,#14163));
#14150 = ORIENTED_EDGE('',*,*,#14151,.F.);
#14151 = EDGE_CURVE('',#14060,#14100,#14152,.T.);
#14152 = LINE('',#14153,#14154);
#14153 = CARTESIAN_POINT('',(76.2,2.00025E+03,2.5019E+03));
#14154 = VECTOR('',#14155,1.);
#14155 = DIRECTION('',(1.,0.,0.));
#14156 = ORIENTED_EDGE('',*,*,#14067,.T.);
#14157 = ORIENTED_EDGE('',*,*,#14158,.T.);
#14158 = EDGE_CURVE('',#14068,#14108,#14159,.T.);
#14159 = LINE('',#14160,#14161);
#14160 = CARTESIAN_POINT('',(76.2,2.00025E+03,2.6416E+03));
#14161 = VECTOR('',#14162,1.);
#14162 = DIRECTION('',(1.,0.,0.));
#14163 = ORIENTED_EDGE('',*,*,#14107,.F.);
#14164 = PLANE('',#14165);
#14165 = AXIS2_PLACEMENT_3D('',#14166,#14167,#14168);
#14166 = CARTESIAN_POINT('',(76.2,2.00025E+03,2.5019E+03));
#14167 = DIRECTION('',(0.,1.,0.));
#14168 = DIRECTION('',(0.,0.,1.));
#14169 = ADVANCED_FACE('',(#14170),#14176,.F.);
#14170 = FACE_BOUND('',#14171,.F.);
#14171 = EDGE_LOOP('',(#14172,#14173,#14174,#14175));
#14172 = ORIENTED_EDGE('',*,*,#14059,.F.);
#14173 = ORIENTED_EDGE('',*,*,#14129,.T.);
#14174 = ORIENTED_EDGE('',*,*,#14099,.T.);
#14175 = ORIENTED_EDGE('',*,*,#14151,.F.);
#14176 = PLANE('',#14177);
#14177 = AXIS2_PLACEMENT_3D('',#14178,#14179,#14180);
#14178 = CARTESIAN_POINT('',(76.2,1.96215E+03,2.5019E+03));
#14179 = DIRECTION('',(0.,0.,1.));
#14180 = DIRECTION('',(1.,0.,0.));
#14181 = ADVANCED_FACE('',(#14182),#14188,.T.);
#14182 = FACE_BOUND('',#14183,.T.);
#14183 = EDGE_LOOP('',(#14184,#14185,#14186,#14187));
#14184 = ORIENTED_EDGE('',*,*,#14075,.F.);
#14185 = ORIENTED_EDGE('',*,*,#14136,.T.);
#14186 = ORIENTED_EDGE('',*,*,#14115,.T.);
#14187 = ORIENTED_EDGE('',*,*,#14158,.F.);
#14188 = PLANE('',#14189);
#14189 = AXIS2_PLACEMENT_3D('',#14190,#14191,#14192);
#14190 = CARTESIAN_POINT('',(76.2,1.96215E+03,2.6416E+03));
#14191 = DIRECTION('',(0.,0.,1.));
#14192 = DIRECTION('',(1.,0.,0.));
#14193 = MANIFOLD_SOLID_BREP('',#14194);
#14194 = CLOSED_SHELL('',(#14195,#14235,#14275,#14297,#14319,#14331));
#14195 = ADVANCED_FACE('',(#14196),#14230,.F.);
#14196 = FACE_BOUND('',#14197,.F.);
#14197 = EDGE_LOOP('',(#14198,#14208,#14216,#14224));
#14198 = ORIENTED_EDGE('',*,*,#14199,.F.);
#14199 = EDGE_CURVE('',#14200,#14202,#14204,.T.);
#14200 = VERTEX_POINT('',#14201);
#14201 = CARTESIAN_POINT('',(76.2,2.00025E+03,2.5019E+03));
#14202 = VERTEX_POINT('',#14203);
#14203 = CARTESIAN_POINT('',(76.2,2.00025E+03,2.6416E+03));
#14204 = LINE('',#14205,#14206);
#14205 = CARTESIAN_POINT('',(76.2,2.00025E+03,2.5019E+03));
#14206 = VECTOR('',#14207,1.);
#14207 = DIRECTION('',(0.,0.,1.));
#14208 = ORIENTED_EDGE('',*,*,#14209,.T.);
#14209 = EDGE_CURVE('',#14200,#14210,#14212,.T.);
#14210 = VERTEX_POINT('',#14211);
#14211 = CARTESIAN_POINT('',(76.2,2.03835E+03,2.5019E+03));
#14212 = LINE('',#14213,#14214);
#14213 = CARTESIAN_POINT('',(76.2,2.00025E+03,2.5019E+03));
#14214 = VECTOR('',#14215,1.);
#14215 = DIRECTION('',(0.,1.,0.));
#14216 = ORIENTED_EDGE('',*,*,#14217,.T.);
#14217 = EDGE_CURVE('',#14210,#14218,#14220,.T.);
#14218 = VERTEX_POINT('',#14219);
#14219 = CARTESIAN_POINT('',(76.2,2.03835E+03,2.6416E+03));
#14220 = LINE('',#14221,#14222);
#14221 = CARTESIAN_POINT('',(76.2,2.03835E+03,2.5019E+03));
#14222 = VECTOR('',#14223,1.);
#14223 = DIRECTION('',(0.,0.,1.));
#14224 = ORIENTED_EDGE('',*,*,#14225,.F.);
#14225 = EDGE_CURVE('',#14202,#14218,#14226,.T.);
#14226 = LINE('',#14227,#14228);
#14227 = CARTESIAN_POINT('',(76.2,2.00025E+03,2.6416E+03));
#14228 = VECTOR('',#14229,1.);
#14229 = DIRECTION('',(0.,1.,0.));
#14230 = PLANE('',#14231);
#14231 = AXIS2_PLACEMENT_3D('',#14232,#14233,#14234);
#14232 = CARTESIAN_POINT('',(76.2,2.00025E+03,2.5019E+03));
#14233 = DIRECTION('',(1.,0.,0.));
#14234 = DIRECTION('',(0.,0.,1.));
#14235 = ADVANCED_FACE('',(#14236),#14270,.T.);
#14236 = FACE_BOUND('',#14237,.T.);
#14237 = EDGE_LOOP('',(#14238,#14248,#14256,#14264));
#14238 = ORIENTED_EDGE('',*,*,#14239,.F.);
#14239 = EDGE_CURVE('',#14240,#14242,#14244,.T.);
#14240 = VERTEX_POINT('',#14241);
#14241 = CARTESIAN_POINT('',(6.2611E+03,2.00025E+03,2.5019E+03));
#14242 = VERTEX_POINT('',#14243);
#14243 = CARTESIAN_POINT('',(6.2611E+03,2.00025E+03,2.6416E+03));
#14244 = LINE('',#14245,#14246);
#14245 = CARTESIAN_POINT('',(6.2611E+03,2.00025E+03,2.5019E+03));
#14246 = VECTOR('',#14247,1.);
#14247 = DIRECTION('',(0.,0.,1.));
#14248 = ORIENTED_EDGE('',*,*,#14249,.T.);
#14249 = EDGE_CURVE('',#14240,#14250,#14252,.T.);
#14250 = VERTEX_POINT('',#14251);
#14251 = CARTESIAN_POINT('',(6.2611E+03,2.03835E+03,2.5019E+03));
#14252 = LINE('',#14253,#14254);
#14253 = CARTESIAN_POINT('',(6.2611E+03,2.00025E+03,2.5019E+03));
#14254 = VECTOR('',#14255,1.);
#14255 = DIRECTION('',(0.,1.,0.));
#14256 = ORIENTED_EDGE('',*,*,#14257,.T.);
#14257 = EDGE_CURVE('',#14250,#14258,#14260,.T.);
#14258 = VERTEX_POINT('',#14259);
#14259 = CARTESIAN_POINT('',(6.2611E+03,2.03835E+03,2.6416E+03));
#14260 = LINE('',#14261,#14262);
#14261 = CARTESIAN_POINT('',(6.2611E+03,2.03835E+03,2.5019E+03));
#14262 = VECTOR('',#14263,1.);
#14263 = DIRECTION('',(0.,0.,1.));
#14264 = ORIENTED_EDGE('',*,*,#14265,.F.);
#14265 = EDGE_CURVE('',#14242,#14258,#14266,.T.);
#14266 = LINE('',#14267,#14268);
#14267 = CARTESIAN_POINT('',(6.2611E+03,2.00025E+03,2.6416E+03));
#14268 = VECTOR('',#14269,1.);
#14269 = DIRECTION('',(0.,1.,0.));
#14270 = PLANE('',#14271);
#14271 = AXIS2_PLACEMENT_3D('',#14272,#14273,#14274);
#14272 = CARTESIAN_POINT('',(6.2611E+03,2.00025E+03,2.5019E+03));
#14273 = DIRECTION('',(1.,0.,0.));
#14274 = DIRECTION('',(0.,0.,1.));
#14275 = ADVANCED_FACE('',(#14276),#14292,.F.);
#14276 = FACE_BOUND('',#14277,.F.);
#14277 = EDGE_LOOP('',(#14278,#14284,#14285,#14291));
#14278 = ORIENTED_EDGE('',*,*,#14279,.F.);
#14279 = EDGE_CURVE('',#14200,#14240,#14280,.T.);
#14280 = LINE('',#14281,#14282);
#14281 = CARTESIAN_POINT('',(76.2,2.00025E+03,2.5019E+03));
#14282 = VECTOR('',#14283,1.);
#14283 = DIRECTION('',(1.,0.,0.));
#14284 = ORIENTED_EDGE('',*,*,#14199,.T.);
#14285 = ORIENTED_EDGE('',*,*,#14286,.T.);
#14286 = EDGE_CURVE('',#14202,#14242,#14287,.T.);
#14287 = LINE('',#14288,#14289);
#14288 = CARTESIAN_POINT('',(76.2,2.00025E+03,2.6416E+03));
#14289 = VECTOR('',#14290,1.);
#14290 = DIRECTION('',(1.,0.,0.));
#14291 = ORIENTED_EDGE('',*,*,#14239,.F.);
#14292 = PLANE('',#14293);
#14293 = AXIS2_PLACEMENT_3D('',#14294,#14295,#14296);
#14294 = CARTESIAN_POINT('',(76.2,2.00025E+03,2.5019E+03));
#14295 = DIRECTION('',(0.,1.,0.));
#14296 = DIRECTION('',(0.,0.,1.));
#14297 = ADVANCED_FACE('',(#14298),#14314,.T.);
#14298 = FACE_BOUND('',#14299,.T.);
#14299 = EDGE_LOOP('',(#14300,#14306,#14307,#14313));
#14300 = ORIENTED_EDGE('',*,*,#14301,.F.);
#14301 = EDGE_CURVE('',#14210,#14250,#14302,.T.);
#14302 = LINE('',#14303,#14304);
#14303 = CARTESIAN_POINT('',(76.2,2.03835E+03,2.5019E+03));
#14304 = VECTOR('',#14305,1.);
#14305 = DIRECTION('',(1.,0.,0.));
#14306 = ORIENTED_EDGE('',*,*,#14217,.T.);
#14307 = ORIENTED_EDGE('',*,*,#14308,.T.);
#14308 = EDGE_CURVE('',#14218,#14258,#14309,.T.);
#14309 = LINE('',#14310,#14311);
#14310 = CARTESIAN_POINT('',(76.2,2.03835E+03,2.6416E+03));
#14311 = VECTOR('',#14312,1.);
#14312 = DIRECTION('',(1.,0.,0.));
#14313 = ORIENTED_EDGE('',*,*,#14257,.F.);
#14314 = PLANE('',#14315);
#14315 = AXIS2_PLACEMENT_3D('',#14316,#14317,#14318);
#14316 = CARTESIAN_POINT('',(76.2,2.03835E+03,2.5019E+03));
#14317 = DIRECTION('',(0.,1.,0.));
#14318 = DIRECTION('',(0.,0.,1.));
#14319 = ADVANCED_FACE('',(#14320),#14326,.F.);
#14320 = FACE_BOUND('',#14321,.F.);
#14321 = EDGE_LOOP('',(#14322,#14323,#14324,#14325));
#14322 = ORIENTED_EDGE('',*,*,#14209,.F.);
#14323 = ORIENTED_EDGE('',*,*,#14279,.T.);
#14324 = ORIENTED_EDGE('',*,*,#14249,.T.);
#14325 = ORIENTED_EDGE('',*,*,#14301,.F.);
#14326 = PLANE('',#14327);
#14327 = AXIS2_PLACEMENT_3D('',#14328,#14329,#14330);
#14328 = CARTESIAN_POINT('',(76.2,2.00025E+03,2.5019E+03));
#14329 = DIRECTION('',(0.,0.,1.));
#14330 = DIRECTION('',(1.,0.,0.));
#14331 = ADVANCED_FACE('',(#14332),#14338,.T.);
#14332 = FACE_BOUND('',#14333,.T.);
#14333 = EDGE_LOOP('',(#14334,#14335,#14336,#14337));
#14334 = ORIENTED_EDGE('',*,*,#14225,.F.);
#14335 = ORIENTED_EDGE('',*,*,#14286,.T.);
#14336 = ORIENTED_EDGE('',*,*,#14265,.T.);
#14337 = ORIENTED_EDGE('',*,*,#14308,.F.);
#14338 = PLANE('',#14339);
#14339 = AXIS2_PLACEMENT_3D('',#14340,#14341,#14342);
#14340 = CARTESIAN_POINT('',(76.2,2.00025E+03,2.6416E+03));
#14341 = DIRECTION('',(0.,0.,1.));
#14342 = DIRECTION('',(1.,0.,0.));
#14343 = MANIFOLD_SOLID_BREP('',#14344);
#14344 = CLOSED_SHELL('',(#14345,#14385,#14425,#14447,#14469,#14481));
#14345 = ADVANCED_FACE('',(#14346),#14380,.F.);
#14346 = FACE_BOUND('',#14347,.F.);
#14347 = EDGE_LOOP('',(#14348,#14358,#14366,#14374));
#14348 = ORIENTED_EDGE('',*,*,#14349,.F.);
#14349 = EDGE_CURVE('',#14350,#14352,#14354,.T.);
#14350 = VERTEX_POINT('',#14351);
#14351 = CARTESIAN_POINT('',(76.2,2.53365E+03,2.5019E+03));
#14352 = VERTEX_POINT('',#14353);
#14353 = CARTESIAN_POINT('',(76.2,2.53365E+03,2.6416E+03));
#14354 = LINE('',#14355,#14356);
#14355 = CARTESIAN_POINT('',(76.2,2.53365E+03,2.5019E+03));
#14356 = VECTOR('',#14357,1.);
#14357 = DIRECTION('',(0.,0.,1.));
#14358 = ORIENTED_EDGE('',*,*,#14359,.T.);
#14359 = EDGE_CURVE('',#14350,#14360,#14362,.T.);
#14360 = VERTEX_POINT('',#14361);
#14361 = CARTESIAN_POINT('',(76.2,2.57175E+03,2.5019E+03));
#14362 = LINE('',#14363,#14364);
#14363 = CARTESIAN_POINT('',(76.2,2.53365E+03,2.5019E+03));
#14364 = VECTOR('',#14365,1.);
#14365 = DIRECTION('',(0.,1.,0.));
#14366 = ORIENTED_EDGE('',*,*,#14367,.T.);
#14367 = EDGE_CURVE('',#14360,#14368,#14370,.T.);
#14368 = VERTEX_POINT('',#14369);
#14369 = CARTESIAN_POINT('',(76.2,2.57175E+03,2.6416E+03));
#14370 = LINE('',#14371,#14372);
#14371 = CARTESIAN_POINT('',(76.2,2.57175E+03,2.5019E+03));
#14372 = VECTOR('',#14373,1.);
#14373 = DIRECTION('',(0.,0.,1.));
#14374 = ORIENTED_EDGE('',*,*,#14375,.F.);
#14375 = EDGE_CURVE('',#14352,#14368,#14376,.T.);
#14376 = LINE('',#14377,#14378);
#14377 = CARTESIAN_POINT('',(76.2,2.53365E+03,2.6416E+03));
#14378 = VECTOR('',#14379,1.);
#14379 = DIRECTION('',(0.,1.,0.));
#14380 = PLANE('',#14381);
#14381 = AXIS2_PLACEMENT_3D('',#14382,#14383,#14384);
#14382 = CARTESIAN_POINT('',(76.2,2.53365E+03,2.5019E+03));
#14383 = DIRECTION('',(1.,0.,0.));
#14384 = DIRECTION('',(0.,0.,1.));
#14385 = ADVANCED_FACE('',(#14386),#14420,.T.);
#14386 = FACE_BOUND('',#14387,.T.);
#14387 = EDGE_LOOP('',(#14388,#14398,#14406,#14414));
#14388 = ORIENTED_EDGE('',*,*,#14389,.F.);
#14389 = EDGE_CURVE('',#14390,#14392,#14394,.T.);
#14390 = VERTEX_POINT('',#14391);
#14391 = CARTESIAN_POINT('',(6.2611E+03,2.53365E+03,2.5019E+03));
#14392 = VERTEX_POINT('',#14393);
#14393 = CARTESIAN_POINT('',(6.2611E+03,2.53365E+03,2.6416E+03));
#14394 = LINE('',#14395,#14396);
#14395 = CARTESIAN_POINT('',(6.2611E+03,2.53365E+03,2.5019E+03));
#14396 = VECTOR('',#14397,1.);
#14397 = DIRECTION('',(0.,0.,1.));
#14398 = ORIENTED_EDGE('',*,*,#14399,.T.);
#14399 = EDGE_CURVE('',#14390,#14400,#14402,.T.);
#14400 = VERTEX_POINT('',#14401);
#14401 = CARTESIAN_POINT('',(6.2611E+03,2.57175E+03,2.5019E+03));
#14402 = LINE('',#14403,#14404);
#14403 = CARTESIAN_POINT('',(6.2611E+03,2.53365E+03,2.5019E+03));
#14404 = VECTOR('',#14405,1.);
#14405 = DIRECTION('',(0.,1.,0.));
#14406 = ORIENTED_EDGE('',*,*,#14407,.T.);
#14407 = EDGE_CURVE('',#14400,#14408,#14410,.T.);
#14408 = VERTEX_POINT('',#14409);
#14409 = CARTESIAN_POINT('',(6.2611E+03,2.57175E+03,2.6416E+03));
#14410 = LINE('',#14411,#14412);
#14411 = CARTESIAN_POINT('',(6.2611E+03,2.57175E+03,2.5019E+03));
#14412 = VECTOR('',#14413,1.);
#14413 = DIRECTION('',(0.,0.,1.));
#14414 = ORIENTED_EDGE('',*,*,#14415,.F.);
#14415 = EDGE_CURVE('',#14392,#14408,#14416,.T.);
#14416 = LINE('',#14417,#14418);
#14417 = CARTESIAN_POINT('',(6.2611E+03,2.53365E+03,2.6416E+03));
#14418 = VECTOR('',#14419,1.);
#14419 = DIRECTION('',(0.,1.,0.));
#14420 = PLANE('',#14421);
#14421 = AXIS2_PLACEMENT_3D('',#14422,#14423,#14424);
#14422 = CARTESIAN_POINT('',(6.2611E+03,2.53365E+03,2.5019E+03));
#14423 = DIRECTION('',(1.,0.,0.));
#14424 = DIRECTION('',(0.,0.,1.));
#14425 = ADVANCED_FACE('',(#14426),#14442,.F.);
#14426 = FACE_BOUND('',#14427,.F.);
#14427 = EDGE_LOOP('',(#14428,#14434,#14435,#14441));
#14428 = ORIENTED_EDGE('',*,*,#14429,.F.);
#14429 = EDGE_CURVE('',#14350,#14390,#14430,.T.);
#14430 = LINE('',#14431,#14432);
#14431 = CARTESIAN_POINT('',(76.2,2.53365E+03,2.5019E+03));
#14432 = VECTOR('',#14433,1.);
#14433 = DIRECTION('',(1.,0.,0.));
#14434 = ORIENTED_EDGE('',*,*,#14349,.T.);
#14435 = ORIENTED_EDGE('',*,*,#14436,.T.);
#14436 = EDGE_CURVE('',#14352,#14392,#14437,.T.);
#14437 = LINE('',#14438,#14439);
#14438 = CARTESIAN_POINT('',(76.2,2.53365E+03,2.6416E+03));
#14439 = VECTOR('',#14440,1.);
#14440 = DIRECTION('',(1.,0.,0.));
#14441 = ORIENTED_EDGE('',*,*,#14389,.F.);
#14442 = PLANE('',#14443);
#14443 = AXIS2_PLACEMENT_3D('',#14444,#14445,#14446);
#14444 = CARTESIAN_POINT('',(76.2,2.53365E+03,2.5019E+03));
#14445 = DIRECTION('',(0.,1.,0.));
#14446 = DIRECTION('',(0.,0.,1.));
#14447 = ADVANCED_FACE('',(#14448),#14464,.T.);
#14448 = FACE_BOUND('',#14449,.T.);
#14449 = EDGE_LOOP('',(#14450,#14456,#14457,#14463));
#14450 = ORIENTED_EDGE('',*,*,#14451,.F.);
#14451 = EDGE_CURVE('',#14360,#14400,#14452,.T.);
#14452 = LINE('',#14453,#14454);
#14453 = CARTESIAN_POINT('',(76.2,2.57175E+03,2.5019E+03));
#14454 = VECTOR('',#14455,1.);
#14455 = DIRECTION('',(1.,0.,0.));
#14456 = ORIENTED_EDGE('',*,*,#14367,.T.);
#14457 = ORIENTED_EDGE('',*,*,#14458,.T.);
#14458 = EDGE_CURVE('',#14368,#14408,#14459,.T.);
#14459 = LINE('',#14460,#14461);
#14460 = CARTESIAN_POINT('',(76.2,2.57175E+03,2.6416E+03));
#14461 = VECTOR('',#14462,1.);
#14462 = DIRECTION('',(1.,0.,0.));
#14463 = ORIENTED_EDGE('',*,*,#14407,.F.);
#14464 = PLANE('',#14465);
#14465 = AXIS2_PLACEMENT_3D('',#14466,#14467,#14468);
#14466 = CARTESIAN_POINT('',(76.2,2.57175E+03,2.5019E+03));
#14467 = DIRECTION('',(0.,1.,0.));
#14468 = DIRECTION('',(0.,0.,1.));
#14469 = ADVANCED_FACE('',(#14470),#14476,.F.);
#14470 = FACE_BOUND('',#14471,.F.);
#14471 = EDGE_LOOP('',(#14472,#14473,#14474,#14475));
#14472 = ORIENTED_EDGE('',*,*,#14359,.F.);
#14473 = ORIENTED_EDGE('',*,*,#14429,.T.);
#14474 = ORIENTED_EDGE('',*,*,#14399,.T.);
#14475 = ORIENTED_EDGE('',*,*,#14451,.F.);
#14476 = PLANE('',#14477);
#14477 = AXIS2_PLACEMENT_3D('',#14478,#14479,#14480);
#14478 = CARTESIAN_POINT('',(76.2,2.53365E+03,2.5019E+03));
#14479 = DIRECTION('',(0.,0.,1.));
#14480 = DIRECTION('',(1.,0.,0.));
#14481 = ADVANCED_FACE('',(#14482),#14488,.T.);
#14482 = FACE_BOUND('',#14483,.T.);
#14483 = EDGE_LOOP('',(#14484,#14485,#14486,#14487));
#14484 = ORIENTED_EDGE('',*,*,#14375,.F.);
#14485 = ORIENTED_EDGE('',*,*,#14436,.T.);
#14486 = ORIENTED_EDGE('',*,*,#14415,.T.);
#14487 = ORIENTED_EDGE('',*,*,#14458,.F.);
#14488 = PLANE('',#14489);
#14489 = AXIS2_PLACEMENT_3D('',#14490,#14491,#14492);
#14490 = CARTESIAN_POINT('',(76.2,2.53365E+03,2.6416E+03));
#14491 = DIRECTION('',(0.,0.,1.));
#14492 = DIRECTION('',(1.,0.,0.));
#14493 = MANIFOLD_SOLID_BREP('',#14494);
#14494 = CLOSED_SHELL('',(#14495,#14535,#14575,#14597,#14619,#14631));
#14495 = ADVANCED_FACE('',(#14496),#14530,.F.);
#14496 = FACE_BOUND('',#14497,.F.);
#14497 = EDGE_LOOP('',(#14498,#14508,#14516,#14524));
#14498 = ORIENTED_EDGE('',*,*,#14499,.F.);
#14499 = EDGE_CURVE('',#14500,#14502,#14504,.T.);
#14500 = VERTEX_POINT('',#14501);
#14501 = CARTESIAN_POINT('',(76.2,2.57175E+03,2.5019E+03));
#14502 = VERTEX_POINT('',#14503);
#14503 = CARTESIAN_POINT('',(76.2,2.57175E+03,2.6416E+03));
#14504 = LINE('',#14505,#14506);
#14505 = CARTESIAN_POINT('',(76.2,2.57175E+03,2.5019E+03));
#14506 = VECTOR('',#14507,1.);
#14507 = DIRECTION('',(0.,0.,1.));
#14508 = ORIENTED_EDGE('',*,*,#14509,.T.);
#14509 = EDGE_CURVE('',#14500,#14510,#14512,.T.);
#14510 = VERTEX_POINT('',#14511);
#14511 = CARTESIAN_POINT('',(76.2,2.60985E+03,2.5019E+03));
#14512 = LINE('',#14513,#14514);
#14513 = CARTESIAN_POINT('',(76.2,2.57175E+03,2.5019E+03));
#14514 = VECTOR('',#14515,1.);
#14515 = DIRECTION('',(0.,1.,0.));
#14516 = ORIENTED_EDGE('',*,*,#14517,.T.);
#14517 = EDGE_CURVE('',#14510,#14518,#14520,.T.);
#14518 = VERTEX_POINT('',#14519);
#14519 = CARTESIAN_POINT('',(76.2,2.60985E+03,2.6416E+03));
#14520 = LINE('',#14521,#14522);
#14521 = CARTESIAN_POINT('',(76.2,2.60985E+03,2.5019E+03));
#14522 = VECTOR('',#14523,1.);
#14523 = DIRECTION('',(0.,0.,1.));
#14524 = ORIENTED_EDGE('',*,*,#14525,.F.);
#14525 = EDGE_CURVE('',#14502,#14518,#14526,.T.);
#14526 = LINE('',#14527,#14528);
#14527 = CARTESIAN_POINT('',(76.2,2.57175E+03,2.6416E+03));
#14528 = VECTOR('',#14529,1.);
#14529 = DIRECTION('',(0.,1.,0.));
#14530 = PLANE('',#14531);
#14531 = AXIS2_PLACEMENT_3D('',#14532,#14533,#14534);
#14532 = CARTESIAN_POINT('',(76.2,2.57175E+03,2.5019E+03));
#14533 = DIRECTION('',(1.,0.,0.));
#14534 = DIRECTION('',(0.,0.,1.));
#14535 = ADVANCED_FACE('',(#14536),#14570,.T.);
#14536 = FACE_BOUND('',#14537,.T.);
#14537 = EDGE_LOOP('',(#14538,#14548,#14556,#14564));
#14538 = ORIENTED_EDGE('',*,*,#14539,.F.);
#14539 = EDGE_CURVE('',#14540,#14542,#14544,.T.);
#14540 = VERTEX_POINT('',#14541);
#14541 = CARTESIAN_POINT('',(6.2611E+03,2.57175E+03,2.5019E+03));
#14542 = VERTEX_POINT('',#14543);
#14543 = CARTESIAN_POINT('',(6.2611E+03,2.57175E+03,2.6416E+03));
#14544 = LINE('',#14545,#14546);
#14545 = CARTESIAN_POINT('',(6.2611E+03,2.57175E+03,2.5019E+03));
#14546 = VECTOR('',#14547,1.);
#14547 = DIRECTION('',(0.,0.,1.));
#14548 = ORIENTED_EDGE('',*,*,#14549,.T.);
#14549 = EDGE_CURVE('',#14540,#14550,#14552,.T.);
#14550 = VERTEX_POINT('',#14551);
#14551 = CARTESIAN_POINT('',(6.2611E+03,2.60985E+03,2.5019E+03));
#14552 = LINE('',#14553,#14554);
#14553 = CARTESIAN_POINT('',(6.2611E+03,2.57175E+03,2.5019E+03));
#14554 = VECTOR('',#14555,1.);
#14555 = DIRECTION('',(0.,1.,0.));
#14556 = ORIENTED_EDGE('',*,*,#14557,.T.);
#14557 = EDGE_CURVE('',#14550,#14558,#14560,.T.);
#14558 = VERTEX_POINT('',#14559);
#14559 = CARTESIAN_POINT('',(6.2611E+03,2.60985E+03,2.6416E+03));
#14560 = LINE('',#14561,#14562);
#14561 = CARTESIAN_POINT('',(6.2611E+03,2.60985E+03,2.5019E+03));
#14562 = VECTOR('',#14563,1.);
#14563 = DIRECTION('',(0.,0.,1.));
#14564 = ORIENTED_EDGE('',*,*,#14565,.F.);
#14565 = EDGE_CURVE('',#14542,#14558,#14566,.T.);
#14566 = LINE('',#14567,#14568);
#14567 = CARTESIAN_POINT('',(6.2611E+03,2.57175E+03,2.6416E+03));
#14568 = VECTOR('',#14569,1.);
#14569 = DIRECTION('',(0.,1.,0.));
#14570 = PLANE('',#14571);
#14571 = AXIS2_PLACEMENT_3D('',#14572,#14573,#14574);
#14572 = CARTESIAN_POINT('',(6.2611E+03,2.57175E+03,2.5019E+03));
#14573 = DIRECTION('',(1.,0.,0.));
#14574 = DIRECTION('',(0.,0.,1.));
#14575 = ADVANCED_FACE('',(#14576),#14592,.F.);
#14576 = FACE_BOUND('',#14577,.F.);
#14577 = EDGE_LOOP('',(#14578,#14584,#14585,#14591));
#14578 = ORIENTED_EDGE('',*,*,#14579,.F.);
#14579 = EDGE_CURVE('',#14500,#14540,#14580,.T.);
#14580 = LINE('',#14581,#14582);
#14581 = CARTESIAN_POINT('',(76.2,2.57175E+03,2.5019E+03));
#14582 = VECTOR('',#14583,1.);
#14583 = DIRECTION('',(1.,0.,0.));
#14584 = ORIENTED_EDGE('',*,*,#14499,.T.);
#14585 = ORIENTED_EDGE('',*,*,#14586,.T.);
#14586 = EDGE_CURVE('',#14502,#14542,#14587,.T.);
#14587 = LINE('',#14588,#14589);
#14588 = CARTESIAN_POINT('',(76.2,2.57175E+03,2.6416E+03));
#14589 = VECTOR('',#14590,1.);
#14590 = DIRECTION('',(1.,0.,0.));
#14591 = ORIENTED_EDGE('',*,*,#14539,.F.);
#14592 = PLANE('',#14593);
#14593 = AXIS2_PLACEMENT_3D('',#14594,#14595,#14596);
#14594 = CARTESIAN_POINT('',(76.2,2.57175E+03,2.5019E+03));
#14595 = DIRECTION('',(0.,1.,0.));
#14596 = DIRECTION('',(0.,0.,1.));
#14597 = ADVANCED_FACE('',(#14598),#14614,.T.);
#14598 = FACE_BOUND('',#14599,.T.);
#14599 = EDGE_LOOP('',(#14600,#14606,#14607,#14613));
#14600 = ORIENTED_EDGE('',*,*,#14601,.F.);
#14601 = EDGE_CURVE('',#14510,#14550,#14602,.T.);
#14602 = LINE('',#14603,#14604);
#14603 = CARTESIAN_POINT('',(76.2,2.60985E+03,2.5019E+03));
#14604 = VECTOR('',#14605,1.);
#14605 = DIRECTION('',(1.,0.,0.));
#14606 = ORIENTED_EDGE('',*,*,#14517,.T.);
#14607 = ORIENTED_EDGE('',*,*,#14608,.T.);
#14608 = EDGE_CURVE('',#14518,#14558,#14609,.T.);
#14609 = LINE('',#14610,#14611);
#14610 = CARTESIAN_POINT('',(76.2,2.60985E+03,2.6416E+03));
#14611 = VECTOR('',#14612,1.);
#14612 = DIRECTION('',(1.,0.,0.));
#14613 = ORIENTED_EDGE('',*,*,#14557,.F.);
#14614 = PLANE('',#14615);
#14615 = AXIS2_PLACEMENT_3D('',#14616,#14617,#14618);
#14616 = CARTESIAN_POINT('',(76.2,2.60985E+03,2.5019E+03));
#14617 = DIRECTION('',(0.,1.,0.));
#14618 = DIRECTION('',(0.,0.,1.));
#14619 = ADVANCED_FACE('',(#14620),#14626,.F.);
#14620 = FACE_BOUND('',#14621,.F.);
#14621 = EDGE_LOOP('',(#14622,#14623,#14624,#14625));
#14622 = ORIENTED_EDGE('',*,*,#14509,.F.);
#14623 = ORIENTED_EDGE('',*,*,#14579,.T.);
#14624 = ORIENTED_EDGE('',*,*,#14549,.T.);
#14625 = ORIENTED_EDGE('',*,*,#14601,.F.);
#14626 = PLANE('',#14627);
#14627 = AXIS2_PLACEMENT_3D('',#14628,#14629,#14630);
#14628 = CARTESIAN_POINT('',(76.2,2.57175E+03,2.5019E+03));
#14629 = DIRECTION('',(0.,0.,1.));
#14630 = DIRECTION('',(1.,0.,0.));
#14631 = ADVANCED_FACE('',(#14632),#14638,.T.);
#14632 = FACE_BOUND('',#14633,.T.);
#14633 = EDGE_LOOP('',(#14634,#14635,#14636,#14637));
#14634 = ORIENTED_EDGE('',*,*,#14525,.F.);
#14635 = ORIENTED_EDGE('',*,*,#14586,.T.);
#14636 = ORIENTED_EDGE('',*,*,#14565,.T.);
#14637 = ORIENTED_EDGE('',*,*,#14608,.F.);
#14638 = PLANE('',#14639);
#14639 = AXIS2_PLACEMENT_3D('',#14640,#14641,#14642);
#14640 = CARTESIAN_POINT('',(76.2,2.57175E+03,2.6416E+03));
#14641 = DIRECTION('',(0.,0.,1.));
#14642 = DIRECTION('',(1.,0.,0.));
#14643 = MANIFOLD_SOLID_BREP('',#14644);
#14644 = CLOSED_SHELL('',(#14645,#14685,#14725,#14747,#14769,#14781));
#14645 = ADVANCED_FACE('',(#14646),#14680,.F.);
#14646 = FACE_BOUND('',#14647,.F.);
#14647 = EDGE_LOOP('',(#14648,#14658,#14666,#14674));
#14648 = ORIENTED_EDGE('',*,*,#14649,.F.);
#14649 = EDGE_CURVE('',#14650,#14652,#14654,.T.);
#14650 = VERTEX_POINT('',#14651);
#14651 = CARTESIAN_POINT('',(76.2,2.60985E+03,2.5019E+03));
#14652 = VERTEX_POINT('',#14653);
#14653 = CARTESIAN_POINT('',(76.2,2.60985E+03,2.6416E+03));
#14654 = LINE('',#14655,#14656);
#14655 = CARTESIAN_POINT('',(76.2,2.60985E+03,2.5019E+03));
#14656 = VECTOR('',#14657,1.);
#14657 = DIRECTION('',(0.,0.,1.));
#14658 = ORIENTED_EDGE('',*,*,#14659,.T.);
#14659 = EDGE_CURVE('',#14650,#14660,#14662,.T.);
#14660 = VERTEX_POINT('',#14661);
#14661 = CARTESIAN_POINT('',(76.2,2.64795E+03,2.5019E+03));
#14662 = LINE('',#14663,#14664);
#14663 = CARTESIAN_POINT('',(76.2,2.60985E+03,2.5019E+03));
#14664 = VECTOR('',#14665,1.);
#14665 = DIRECTION('',(0.,1.,0.));
#14666 = ORIENTED_EDGE('',*,*,#14667,.T.);
#14667 = EDGE_CURVE('',#14660,#14668,#14670,.T.);
#14668 = VERTEX_POINT('',#14669);
#14669 = CARTESIAN_POINT('',(76.2,2.64795E+03,2.6416E+03));
#14670 = LINE('',#14671,#14672);
#14671 = CARTESIAN_POINT('',(76.2,2.64795E+03,2.5019E+03));
#14672 = VECTOR('',#14673,1.);
#14673 = DIRECTION('',(0.,0.,1.));
#14674 = ORIENTED_EDGE('',*,*,#14675,.F.);
#14675 = EDGE_CURVE('',#14652,#14668,#14676,.T.);
#14676 = LINE('',#14677,#14678);
#14677 = CARTESIAN_POINT('',(76.2,2.60985E+03,2.6416E+03));
#14678 = VECTOR('',#14679,1.);
#14679 = DIRECTION('',(0.,1.,0.));
#14680 = PLANE('',#14681);
#14681 = AXIS2_PLACEMENT_3D('',#14682,#14683,#14684);
#14682 = CARTESIAN_POINT('',(76.2,2.60985E+03,2.5019E+03));
#14683 = DIRECTION('',(1.,0.,0.));
#14684 = DIRECTION('',(0.,0.,1.));
#14685 = ADVANCED_FACE('',(#14686),#14720,.T.);
#14686 = FACE_BOUND('',#14687,.T.);
#14687 = EDGE_LOOP('',(#14688,#14698,#14706,#14714));
#14688 = ORIENTED_EDGE('',*,*,#14689,.F.);
#14689 = EDGE_CURVE('',#14690,#14692,#14694,.T.);
#14690 = VERTEX_POINT('',#14691);
#14691 = CARTESIAN_POINT('',(6.2611E+03,2.60985E+03,2.5019E+03));
#14692 = VERTEX_POINT('',#14693);
#14693 = CARTESIAN_POINT('',(6.2611E+03,2.60985E+03,2.6416E+03));
#14694 = LINE('',#14695,#14696);
#14695 = CARTESIAN_POINT('',(6.2611E+03,2.60985E+03,2.5019E+03));
#14696 = VECTOR('',#14697,1.);
#14697 = DIRECTION('',(0.,0.,1.));
#14698 = ORIENTED_EDGE('',*,*,#14699,.T.);
#14699 = EDGE_CURVE('',#14690,#14700,#14702,.T.);
#14700 = VERTEX_POINT('',#14701);
#14701 = CARTESIAN_POINT('',(6.2611E+03,2.64795E+03,2.5019E+03));
#14702 = LINE('',#14703,#14704);
#14703 = CARTESIAN_POINT('',(6.2611E+03,2.60985E+03,2.5019E+03));
#14704 = VECTOR('',#14705,1.);
#14705 = DIRECTION('',(0.,1.,0.));
#14706 = ORIENTED_EDGE('',*,*,#14707,.T.);
#14707 = EDGE_CURVE('',#14700,#14708,#14710,.T.);
#14708 = VERTEX_POINT('',#14709);
#14709 = CARTESIAN_POINT('',(6.2611E+03,2.64795E+03,2.6416E+03));
#14710 = LINE('',#14711,#14712);
#14711 = CARTESIAN_POINT('',(6.2611E+03,2.64795E+03,2.5019E+03));
#14712 = VECTOR('',#14713,1.);
#14713 = DIRECTION('',(0.,0.,1.));
#14714 = ORIENTED_EDGE('',*,*,#14715,.F.);
#14715 = EDGE_CURVE('',#14692,#14708,#14716,.T.);
#14716 = LINE('',#14717,#14718);
#14717 = CARTESIAN_POINT('',(6.2611E+03,2.60985E+03,2.6416E+03));
#14718 = VECTOR('',#14719,1.);
#14719 = DIRECTION('',(0.,1.,0.));
#14720 = PLANE('',#14721);
#14721 = AXIS2_PLACEMENT_3D('',#14722,#14723,#14724);
#14722 = CARTESIAN_POINT('',(6.2611E+03,2.60985E+03,2.5019E+03));
#14723 = DIRECTION('',(1.,0.,0.));
#14724 = DIRECTION('',(0.,0.,1.));
#14725 = ADVANCED_FACE('',(#14726),#14742,.F.);
#14726 = FACE_BOUND('',#14727,.F.);
#14727 = EDGE_LOOP('',(#14728,#14734,#14735,#14741));
#14728 = ORIENTED_EDGE('',*,*,#14729,.F.);
#14729 = EDGE_CURVE('',#14650,#14690,#14730,.T.);
#14730 = LINE('',#14731,#14732);
#14731 = CARTESIAN_POINT('',(76.2,2.60985E+03,2.5019E+03));
#14732 = VECTOR('',#14733,1.);
#14733 = DIRECTION('',(1.,0.,0.));
#14734 = ORIENTED_EDGE('',*,*,#14649,.T.);
#14735 = ORIENTED_EDGE('',*,*,#14736,.T.);
#14736 = EDGE_CURVE('',#14652,#14692,#14737,.T.);
#14737 = LINE('',#14738,#14739);
#14738 = CARTESIAN_POINT('',(76.2,2.60985E+03,2.6416E+03));
#14739 = VECTOR('',#14740,1.);
#14740 = DIRECTION('',(1.,0.,0.));
#14741 = ORIENTED_EDGE('',*,*,#14689,.F.);
#14742 = PLANE('',#14743);
#14743 = AXIS2_PLACEMENT_3D('',#14744,#14745,#14746);
#14744 = CARTESIAN_POINT('',(76.2,2.60985E+03,2.5019E+03));
#14745 = DIRECTION('',(0.,1.,0.));
#14746 = DIRECTION('',(0.,0.,1.));
#14747 = ADVANCED_FACE('',(#14748),#14764,.T.);
#14748 = FACE_BOUND('',#14749,.T.);
#14749 = EDGE_LOOP('',(#14750,#14756,#14757,#14763));
#14750 = ORIENTED_EDGE('',*,*,#14751,.F.);
#14751 = EDGE_CURVE('',#14660,#14700,#14752,.T.);
#14752 = LINE('',#14753,#14754);
#14753 = CARTESIAN_POINT('',(76.2,2.64795E+03,2.5019E+03));
#14754 = VECTOR('',#14755,1.);
#14755 = DIRECTION('',(1.,0.,0.));
#14756 = ORIENTED_EDGE('',*,*,#14667,.T.);
#14757 = ORIENTED_EDGE('',*,*,#14758,.T.);
#14758 = EDGE_CURVE('',#14668,#14708,#14759,.T.);
#14759 = LINE('',#14760,#14761);
#14760 = CARTESIAN_POINT('',(76.2,2.64795E+03,2.6416E+03));
#14761 = VECTOR('',#14762,1.);
#14762 = DIRECTION('',(1.,0.,0.));
#14763 = ORIENTED_EDGE('',*,*,#14707,.F.);
#14764 = PLANE('',#14765);
#14765 = AXIS2_PLACEMENT_3D('',#14766,#14767,#14768);
#14766 = CARTESIAN_POINT('',(76.2,2.64795E+03,2.5019E+03));
#14767 = DIRECTION('',(0.,1.,0.));
#14768 = DIRECTION('',(0.,0.,1.));
#14769 = ADVANCED_FACE('',(#14770),#14776,.F.);
#14770 = FACE_BOUND('',#14771,.F.);
#14771 = EDGE_LOOP('',(#14772,#14773,#14774,#14775));
#14772 = ORIENTED_EDGE('',*,*,#14659,.F.);
#14773 = ORIENTED_EDGE('',*,*,#14729,.T.);
#14774 = ORIENTED_EDGE('',*,*,#14699,.T.);
#14775 = ORIENTED_EDGE('',*,*,#14751,.F.);
#14776 = PLANE('',#14777);
#14777 = AXIS2_PLACEMENT_3D('',#14778,#14779,#14780);
#14778 = CARTESIAN_POINT('',(76.2,2.60985E+03,2.5019E+03));
#14779 = DIRECTION('',(0.,0.,1.));
#14780 = DIRECTION('',(1.,0.,0.));
#14781 = ADVANCED_FACE('',(#14782),#14788,.T.);
#14782 = FACE_BOUND('',#14783,.T.);
#14783 = EDGE_LOOP('',(#14784,#14785,#14786,#14787));
#14784 = ORIENTED_EDGE('',*,*,#14675,.F.);
#14785 = ORIENTED_EDGE('',*,*,#14736,.T.);
#14786 = ORIENTED_EDGE('',*,*,#14715,.T.);
#14787 = ORIENTED_EDGE('',*,*,#14758,.F.);
#14788 = PLANE('',#14789);
#14789 = AXIS2_PLACEMENT_3D('',#14790,#14791,#14792);
#14790 = CARTESIAN_POINT('',(76.2,2.60985E+03,2.6416E+03));
#14791 = DIRECTION('',(0.,0.,1.));
#14792 = DIRECTION('',(1.,0.,0.));
#14793 = MANIFOLD_SOLID_BREP('',#14794);
#14794 = CLOSED_SHELL('',(#14795,#14835,#14875,#14897,#14919,#14931));
#14795 = ADVANCED_FACE('',(#14796),#14830,.F.);
#14796 = FACE_BOUND('',#14797,.F.);
#14797 = EDGE_LOOP('',(#14798,#14808,#14816,#14824));
#14798 = ORIENTED_EDGE('',*,*,#14799,.F.);
#14799 = EDGE_CURVE('',#14800,#14802,#14804,.T.);
#14800 = VERTEX_POINT('',#14801);
#14801 = CARTESIAN_POINT('',(76.2,3.14325E+03,2.5019E+03));
#14802 = VERTEX_POINT('',#14803);
#14803 = CARTESIAN_POINT('',(76.2,3.14325E+03,2.6416E+03));
#14804 = LINE('',#14805,#14806);
#14805 = CARTESIAN_POINT('',(76.2,3.14325E+03,2.5019E+03));
#14806 = VECTOR('',#14807,1.);
#14807 = DIRECTION('',(0.,0.,1.));
#14808 = ORIENTED_EDGE('',*,*,#14809,.T.);
#14809 = EDGE_CURVE('',#14800,#14810,#14812,.T.);
#14810 = VERTEX_POINT('',#14811);
#14811 = CARTESIAN_POINT('',(76.2,3.18135E+03,2.5019E+03));
#14812 = LINE('',#14813,#14814);
#14813 = CARTESIAN_POINT('',(76.2,3.14325E+03,2.5019E+03));
#14814 = VECTOR('',#14815,1.);
#14815 = DIRECTION('',(0.,1.,0.));
#14816 = ORIENTED_EDGE('',*,*,#14817,.T.);
#14817 = EDGE_CURVE('',#14810,#14818,#14820,.T.);
#14818 = VERTEX_POINT('',#14819);
#14819 = CARTESIAN_POINT('',(76.2,3.18135E+03,2.6416E+03));
#14820 = LINE('',#14821,#14822);
#14821 = CARTESIAN_POINT('',(76.2,3.18135E+03,2.5019E+03));
#14822 = VECTOR('',#14823,1.);
#14823 = DIRECTION('',(0.,0.,1.));
#14824 = ORIENTED_EDGE('',*,*,#14825,.F.);
#14825 = EDGE_CURVE('',#14802,#14818,#14826,.T.);
#14826 = LINE('',#14827,#14828);
#14827 = CARTESIAN_POINT('',(76.2,3.14325E+03,2.6416E+03));
#14828 = VECTOR('',#14829,1.);
#14829 = DIRECTION('',(0.,1.,0.));
#14830 = PLANE('',#14831);
#14831 = AXIS2_PLACEMENT_3D('',#14832,#14833,#14834);
#14832 = CARTESIAN_POINT('',(76.2,3.14325E+03,2.5019E+03));
#14833 = DIRECTION('',(1.,0.,0.));
#14834 = DIRECTION('',(0.,0.,1.));
#14835 = ADVANCED_FACE('',(#14836),#14870,.T.);
#14836 = FACE_BOUND('',#14837,.T.);
#14837 = EDGE_LOOP('',(#14838,#14848,#14856,#14864));
#14838 = ORIENTED_EDGE('',*,*,#14839,.F.);
#14839 = EDGE_CURVE('',#14840,#14842,#14844,.T.);
#14840 = VERTEX_POINT('',#14841);
#14841 = CARTESIAN_POINT('',(6.2611E+03,3.14325E+03,2.5019E+03));
#14842 = VERTEX_POINT('',#14843);
#14843 = CARTESIAN_POINT('',(6.2611E+03,3.14325E+03,2.6416E+03));
#14844 = LINE('',#14845,#14846);
#14845 = CARTESIAN_POINT('',(6.2611E+03,3.14325E+03,2.5019E+03));
#14846 = VECTOR('',#14847,1.);
#14847 = DIRECTION('',(0.,0.,1.));
#14848 = ORIENTED_EDGE('',*,*,#14849,.T.);
#14849 = EDGE_CURVE('',#14840,#14850,#14852,.T.);
#14850 = VERTEX_POINT('',#14851);
#14851 = CARTESIAN_POINT('',(6.2611E+03,3.18135E+03,2.5019E+03));
#14852 = LINE('',#14853,#14854);
#14853 = CARTESIAN_POINT('',(6.2611E+03,3.14325E+03,2.5019E+03));
#14854 = VECTOR('',#14855,1.);
#14855 = DIRECTION('',(0.,1.,0.));
#14856 = ORIENTED_EDGE('',*,*,#14857,.T.);
#14857 = EDGE_CURVE('',#14850,#14858,#14860,.T.);
#14858 = VERTEX_POINT('',#14859);
#14859 = CARTESIAN_POINT('',(6.2611E+03,3.18135E+03,2.6416E+03));
#14860 = LINE('',#14861,#14862);
#14861 = CARTESIAN_POINT('',(6.2611E+03,3.18135E+03,2.5019E+03));
#14862 = VECTOR('',#14863,1.);
#14863 = DIRECTION('',(0.,0.,1.));
#14864 = ORIENTED_EDGE('',*,*,#14865,.F.);
#14865 = EDGE_CURVE('',#14842,#14858,#14866,.T.);
#14866 = LINE('',#14867,#14868);
#14867 = CARTESIAN_POINT('',(6.2611E+03,3.14325E+03,2.6416E+03));
#14868 = VECTOR('',#14869,1.);
#14869 = DIRECTION('',(0.,1.,0.));
#14870 = PLANE('',#14871);
#14871 = AXIS2_PLACEMENT_3D('',#14872,#14873,#14874);
#14872 = CARTESIAN_POINT('',(6.2611E+03,3.14325E+03,2.5019E+03));
#14873 = DIRECTION('',(1.,0.,0.));
#14874 = DIRECTION('',(0.,0.,1.));
#14875 = ADVANCED_FACE('',(#14876),#14892,.F.);
#14876 = FACE_BOUND('',#14877,.F.);
#14877 = EDGE_LOOP('',(#14878,#14884,#14885,#14891));
#14878 = ORIENTED_EDGE('',*,*,#14879,.F.);
#14879 = EDGE_CURVE('',#14800,#14840,#14880,.T.);
#14880 = LINE('',#14881,#14882);
#14881 = CARTESIAN_POINT('',(76.2,3.14325E+03,2.5019E+03));
#14882 = VECTOR('',#14883,1.);
#14883 = DIRECTION('',(1.,0.,0.));
#14884 = ORIENTED_EDGE('',*,*,#14799,.T.);
#14885 = ORIENTED_EDGE('',*,*,#14886,.T.);
#14886 = EDGE_CURVE('',#14802,#14842,#14887,.T.);
#14887 = LINE('',#14888,#14889);
#14888 = CARTESIAN_POINT('',(76.2,3.14325E+03,2.6416E+03));
#14889 = VECTOR('',#14890,1.);
#14890 = DIRECTION('',(1.,0.,0.));
#14891 = ORIENTED_EDGE('',*,*,#14839,.F.);
#14892 = PLANE('',#14893);
#14893 = AXIS2_PLACEMENT_3D('',#14894,#14895,#14896);
#14894 = CARTESIAN_POINT('',(76.2,3.14325E+03,2.5019E+03));
#14895 = DIRECTION('',(0.,1.,0.));
#14896 = DIRECTION('',(0.,0.,1.));
#14897 = ADVANCED_FACE('',(#14898),#14914,.T.);
#14898 = FACE_BOUND('',#14899,.T.);
#14899 = EDGE_LOOP('',(#14900,#14906,#14907,#14913));
#14900 = ORIENTED_EDGE('',*,*,#14901,.F.);
#14901 = EDGE_CURVE('',#14810,#14850,#14902,.T.);
#14902 = LINE('',#14903,#14904);
#14903 = CARTESIAN_POINT('',(76.2,3.18135E+03,2.5019E+03));
#14904 = VECTOR('',#14905,1.);
#14905 = DIRECTION('',(1.,0.,0.));
#14906 = ORIENTED_EDGE('',*,*,#14817,.T.);
#14907 = ORIENTED_EDGE('',*,*,#14908,.T.);
#14908 = EDGE_CURVE('',#14818,#14858,#14909,.T.);
#14909 = LINE('',#14910,#14911);
#14910 = CARTESIAN_POINT('',(76.2,3.18135E+03,2.6416E+03));
#14911 = VECTOR('',#14912,1.);
#14912 = DIRECTION('',(1.,0.,0.));
#14913 = ORIENTED_EDGE('',*,*,#14857,.F.);
#14914 = PLANE('',#14915);
#14915 = AXIS2_PLACEMENT_3D('',#14916,#14917,#14918);
#14916 = CARTESIAN_POINT('',(76.2,3.18135E+03,2.5019E+03));
#14917 = DIRECTION('',(0.,1.,0.));
#14918 = DIRECTION('',(0.,0.,1.));
#14919 = ADVANCED_FACE('',(#14920),#14926,.F.);
#14920 = FACE_BOUND('',#14921,.F.);
#14921 = EDGE_LOOP('',(#14922,#14923,#14924,#14925));
#14922 = ORIENTED_EDGE('',*,*,#14809,.F.);
#14923 = ORIENTED_EDGE('',*,*,#14879,.T.);
#14924 = ORIENTED_EDGE('',*,*,#14849,.T.);
#14925 = ORIENTED_EDGE('',*,*,#14901,.F.);
#14926 = PLANE('',#14927);
#14927 = AXIS2_PLACEMENT_3D('',#14928,#14929,#14930);
#14928 = CARTESIAN_POINT('',(76.2,3.14325E+03,2.5019E+03));
#14929 = DIRECTION('',(0.,0.,1.));
#14930 = DIRECTION('',(1.,0.,0.));
#14931 = ADVANCED_FACE('',(#14932),#14938,.T.);
#14932 = FACE_BOUND('',#14933,.T.);
#14933 = EDGE_LOOP('',(#14934,#14935,#14936,#14937));
#14934 = ORIENTED_EDGE('',*,*,#14825,.F.);
#14935 = ORIENTED_EDGE('',*,*,#14886,.T.);
#14936 = ORIENTED_EDGE('',*,*,#14865,.T.);
#14937 = ORIENTED_EDGE('',*,*,#14908,.F.);
#14938 = PLANE('',#14939);
#14939 = AXIS2_PLACEMENT_3D('',#14940,#14941,#14942);
#14940 = CARTESIAN_POINT('',(76.2,3.14325E+03,2.6416E+03));
#14941 = DIRECTION('',(0.,0.,1.));
#14942 = DIRECTION('',(1.,0.,0.));
#14943 = MANIFOLD_SOLID_BREP('',#14944);
#14944 = CLOSED_SHELL('',(#14945,#14985,#15025,#15047,#15069,#15081));
#14945 = ADVANCED_FACE('',(#14946),#14980,.F.);
#14946 = FACE_BOUND('',#14947,.F.);
#14947 = EDGE_LOOP('',(#14948,#14958,#14966,#14974));
#14948 = ORIENTED_EDGE('',*,*,#14949,.F.);
#14949 = EDGE_CURVE('',#14950,#14952,#14954,.T.);
#14950 = VERTEX_POINT('',#14951);
#14951 = CARTESIAN_POINT('',(76.2,3.18135E+03,2.5019E+03));
#14952 = VERTEX_POINT('',#14953);
#14953 = CARTESIAN_POINT('',(76.2,3.18135E+03,2.6416E+03));
#14954 = LINE('',#14955,#14956);
#14955 = CARTESIAN_POINT('',(76.2,3.18135E+03,2.5019E+03));
#14956 = VECTOR('',#14957,1.);
#14957 = DIRECTION('',(0.,0.,1.));
#14958 = ORIENTED_EDGE('',*,*,#14959,.T.);
#14959 = EDGE_CURVE('',#14950,#14960,#14962,.T.);
#14960 = VERTEX_POINT('',#14961);
#14961 = CARTESIAN_POINT('',(76.2,3.21945E+03,2.5019E+03));
#14962 = LINE('',#14963,#14964);
#14963 = CARTESIAN_POINT('',(76.2,3.18135E+03,2.5019E+03));
#14964 = VECTOR('',#14965,1.);
#14965 = DIRECTION('',(0.,1.,0.));
#14966 = ORIENTED_EDGE('',*,*,#14967,.T.);
#14967 = EDGE_CURVE('',#14960,#14968,#14970,.T.);
#14968 = VERTEX_POINT('',#14969);
#14969 = CARTESIAN_POINT('',(76.2,3.21945E+03,2.6416E+03));
#14970 = LINE('',#14971,#14972);
#14971 = CARTESIAN_POINT('',(76.2,3.21945E+03,2.5019E+03));
#14972 = VECTOR('',#14973,1.);
#14973 = DIRECTION('',(0.,0.,1.));
#14974 = ORIENTED_EDGE('',*,*,#14975,.F.);
#14975 = EDGE_CURVE('',#14952,#14968,#14976,.T.);
#14976 = LINE('',#14977,#14978);
#14977 = CARTESIAN_POINT('',(76.2,3.18135E+03,2.6416E+03));
#14978 = VECTOR('',#14979,1.);
#14979 = DIRECTION('',(0.,1.,0.));
#14980 = PLANE('',#14981);
#14981 = AXIS2_PLACEMENT_3D('',#14982,#14983,#14984);
#14982 = CARTESIAN_POINT('',(76.2,3.18135E+03,2.5019E+03));
#14983 = DIRECTION('',(1.,0.,0.));
#14984 = DIRECTION('',(0.,0.,1.));
#14985 = ADVANCED_FACE('',(#14986),#15020,.T.);
#14986 = FACE_BOUND('',#14987,.T.);
#14987 = EDGE_LOOP('',(#14988,#14998,#15006,#15014));
#14988 = ORIENTED_EDGE('',*,*,#14989,.F.);
#14989 = EDGE_CURVE('',#14990,#14992,#14994,.T.);
#14990 = VERTEX_POINT('',#14991);
#14991 = CARTESIAN_POINT('',(6.2611E+03,3.18135E+03,2.5019E+03));
#14992 = VERTEX_POINT('',#14993);
#14993 = CARTESIAN_POINT('',(6.2611E+03,3.18135E+03,2.6416E+03));
#14994 = LINE('',#14995,#14996);
#14995 = CARTESIAN_POINT('',(6.2611E+03,3.18135E+03,2.5019E+03));
#14996 = VECTOR('',#14997,1.);
#14997 = DIRECTION('',(0.,0.,1.));
#14998 = ORIENTED_EDGE('',*,*,#14999,.T.);
#14999 = EDGE_CURVE('',#14990,#15000,#15002,.T.);
#15000 = VERTEX_POINT('',#15001);
#15001 = CARTESIAN_POINT('',(6.2611E+03,3.21945E+03,2.5019E+03));
#15002 = LINE('',#15003,#15004);
#15003 = CARTESIAN_POINT('',(6.2611E+03,3.18135E+03,2.5019E+03));
#15004 = VECTOR('',#15005,1.);
#15005 = DIRECTION('',(0.,1.,0.));
#15006 = ORIENTED_EDGE('',*,*,#15007,.T.);
#15007 = EDGE_CURVE('',#15000,#15008,#15010,.T.);
#15008 = VERTEX_POINT('',#15009);
#15009 = CARTESIAN_POINT('',(6.2611E+03,3.21945E+03,2.6416E+03));
#15010 = LINE('',#15011,#15012);
#15011 = CARTESIAN_POINT('',(6.2611E+03,3.21945E+03,2.5019E+03));
#15012 = VECTOR('',#15013,1.);
#15013 = DIRECTION('',(0.,0.,1.));
#15014 = ORIENTED_EDGE('',*,*,#15015,.F.);
#15015 = EDGE_CURVE('',#14992,#15008,#15016,.T.);
#15016 = LINE('',#15017,#15018);
#15017 = CARTESIAN_POINT('',(6.2611E+03,3.18135E+03,2.6416E+03));
#15018 = VECTOR('',#15019,1.);
#15019 = DIRECTION('',(0.,1.,0.));
#15020 = PLANE('',#15021);
#15021 = AXIS2_PLACEMENT_3D('',#15022,#15023,#15024);
#15022 = CARTESIAN_POINT('',(6.2611E+03,3.18135E+03,2.5019E+03));
#15023 = DIRECTION('',(1.,0.,0.));
#15024 = DIRECTION('',(0.,0.,1.));
#15025 = ADVANCED_FACE('',(#15026),#15042,.F.);
#15026 = FACE_BOUND('',#15027,.F.);
#15027 = EDGE_LOOP('',(#15028,#15034,#15035,#15041));
#15028 = ORIENTED_EDGE('',*,*,#15029,.F.);
#15029 = EDGE_CURVE('',#14950,#14990,#15030,.T.);
#15030 = LINE('',#15031,#15032);
#15031 = CARTESIAN_POINT('',(76.2,3.18135E+03,2.5019E+03));
#15032 = VECTOR('',#15033,1.);
#15033 = DIRECTION('',(1.,0.,0.));
#15034 = ORIENTED_EDGE('',*,*,#14949,.T.);
#15035 = ORIENTED_EDGE('',*,*,#15036,.T.);
#15036 = EDGE_CURVE('',#14952,#14992,#15037,.T.);
#15037 = LINE('',#15038,#15039);
#15038 = CARTESIAN_POINT('',(76.2,3.18135E+03,2.6416E+03));
#15039 = VECTOR('',#15040,1.);
#15040 = DIRECTION('',(1.,0.,0.));
#15041 = ORIENTED_EDGE('',*,*,#14989,.F.);
#15042 = PLANE('',#15043);
#15043 = AXIS2_PLACEMENT_3D('',#15044,#15045,#15046);
#15044 = CARTESIAN_POINT('',(76.2,3.18135E+03,2.5019E+03));
#15045 = DIRECTION('',(0.,1.,0.));
#15046 = DIRECTION('',(0.,0.,1.));
#15047 = ADVANCED_FACE('',(#15048),#15064,.T.);
#15048 = FACE_BOUND('',#15049,.T.);
#15049 = EDGE_LOOP('',(#15050,#15056,#15057,#15063));
#15050 = ORIENTED_EDGE('',*,*,#15051,.F.);
#15051 = EDGE_CURVE('',#14960,#15000,#15052,.T.);
#15052 = LINE('',#15053,#15054);
#15053 = CARTESIAN_POINT('',(76.2,3.21945E+03,2.5019E+03));
#15054 = VECTOR('',#15055,1.);
#15055 = DIRECTION('',(1.,0.,0.));
#15056 = ORIENTED_EDGE('',*,*,#14967,.T.);
#15057 = ORIENTED_EDGE('',*,*,#15058,.T.);
#15058 = EDGE_CURVE('',#14968,#15008,#15059,.T.);
#15059 = LINE('',#15060,#15061);
#15060 = CARTESIAN_POINT('',(76.2,3.21945E+03,2.6416E+03));
#15061 = VECTOR('',#15062,1.);
#15062 = DIRECTION('',(1.,0.,0.));
#15063 = ORIENTED_EDGE('',*,*,#15007,.F.);
#15064 = PLANE('',#15065);
#15065 = AXIS2_PLACEMENT_3D('',#15066,#15067,#15068);
#15066 = CARTESIAN_POINT('',(76.2,3.21945E+03,2.5019E+03));
#15067 = DIRECTION('',(0.,1.,0.));
#15068 = DIRECTION('',(0.,0.,1.));
#15069 = ADVANCED_FACE('',(#15070),#15076,.F.);
#15070 = FACE_BOUND('',#15071,.F.);
#15071 = EDGE_LOOP('',(#15072,#15073,#15074,#15075));
#15072 = ORIENTED_EDGE('',*,*,#14959,.F.);
#15073 = ORIENTED_EDGE('',*,*,#15029,.T.);
#15074 = ORIENTED_EDGE('',*,*,#14999,.T.);
#15075 = ORIENTED_EDGE('',*,*,#15051,.F.);
#15076 = PLANE('',#15077);
#15077 = AXIS2_PLACEMENT_3D('',#15078,#15079,#15080);
#15078 = CARTESIAN_POINT('',(76.2,3.18135E+03,2.5019E+03));
#15079 = DIRECTION('',(0.,0.,1.));
#15080 = DIRECTION('',(1.,0.,0.));
#15081 = ADVANCED_FACE('',(#15082),#15088,.T.);
#15082 = FACE_BOUND('',#15083,.T.);
#15083 = EDGE_LOOP('',(#15084,#15085,#15086,#15087));
#15084 = ORIENTED_EDGE('',*,*,#14975,.F.);
#15085 = ORIENTED_EDGE('',*,*,#15036,.T.);
#15086 = ORIENTED_EDGE('',*,*,#15015,.T.);
#15087 = ORIENTED_EDGE('',*,*,#15058,.F.);
#15088 = PLANE('',#15089);
#15089 = AXIS2_PLACEMENT_3D('',#15090,#15091,#15092);
#15090 = CARTESIAN_POINT('',(76.2,3.18135E+03,2.6416E+03));
#15091 = DIRECTION('',(0.,0.,1.));
#15092 = DIRECTION('',(1.,0.,0.));
#15093 = MANIFOLD_SOLID_BREP('',#15094);
#15094 = CLOSED_SHELL('',(#15095,#15135,#15175,#15197,#15219,#15231));
#15095 = ADVANCED_FACE('',(#15096),#15130,.F.);
#15096 = FACE_BOUND('',#15097,.F.);
#15097 = EDGE_LOOP('',(#15098,#15108,#15116,#15124));
#15098 = ORIENTED_EDGE('',*,*,#15099,.F.);
#15099 = EDGE_CURVE('',#15100,#15102,#15104,.T.);
#15100 = VERTEX_POINT('',#15101);
#15101 = CARTESIAN_POINT('',(76.2,3.21945E+03,2.5019E+03));
#15102 = VERTEX_POINT('',#15103);
#15103 = CARTESIAN_POINT('',(76.2,3.21945E+03,2.6416E+03));
#15104 = LINE('',#15105,#15106);
#15105 = CARTESIAN_POINT('',(76.2,3.21945E+03,2.5019E+03));
#15106 = VECTOR('',#15107,1.);
#15107 = DIRECTION('',(0.,0.,1.));
#15108 = ORIENTED_EDGE('',*,*,#15109,.T.);
#15109 = EDGE_CURVE('',#15100,#15110,#15112,.T.);
#15110 = VERTEX_POINT('',#15111);
#15111 = CARTESIAN_POINT('',(76.2,3.25755E+03,2.5019E+03));
#15112 = LINE('',#15113,#15114);
#15113 = CARTESIAN_POINT('',(76.2,3.21945E+03,2.5019E+03));
#15114 = VECTOR('',#15115,1.);
#15115 = DIRECTION('',(0.,1.,0.));
#15116 = ORIENTED_EDGE('',*,*,#15117,.T.);
#15117 = EDGE_CURVE('',#15110,#15118,#15120,.T.);
#15118 = VERTEX_POINT('',#15119);
#15119 = CARTESIAN_POINT('',(76.2,3.25755E+03,2.6416E+03));
#15120 = LINE('',#15121,#15122);
#15121 = CARTESIAN_POINT('',(76.2,3.25755E+03,2.5019E+03));
#15122 = VECTOR('',#15123,1.);
#15123 = DIRECTION('',(0.,0.,1.));
#15124 = ORIENTED_EDGE('',*,*,#15125,.F.);
#15125 = EDGE_CURVE('',#15102,#15118,#15126,.T.);
#15126 = LINE('',#15127,#15128);
#15127 = CARTESIAN_POINT('',(76.2,3.21945E+03,2.6416E+03));
#15128 = VECTOR('',#15129,1.);
#15129 = DIRECTION('',(0.,1.,0.));
#15130 = PLANE('',#15131);
#15131 = AXIS2_PLACEMENT_3D('',#15132,#15133,#15134);
#15132 = CARTESIAN_POINT('',(76.2,3.21945E+03,2.5019E+03));
#15133 = DIRECTION('',(1.,0.,0.));
#15134 = DIRECTION('',(0.,0.,1.));
#15135 = ADVANCED_FACE('',(#15136),#15170,.T.);
#15136 = FACE_BOUND('',#15137,.T.);
#15137 = EDGE_LOOP('',(#15138,#15148,#15156,#15164));
#15138 = ORIENTED_EDGE('',*,*,#15139,.F.);
#15139 = EDGE_CURVE('',#15140,#15142,#15144,.T.);
#15140 = VERTEX_POINT('',#15141);
#15141 = CARTESIAN_POINT('',(6.2611E+03,3.21945E+03,2.5019E+03));
#15142 = VERTEX_POINT('',#15143);
#15143 = CARTESIAN_POINT('',(6.2611E+03,3.21945E+03,2.6416E+03));
#15144 = LINE('',#15145,#15146);
#15145 = CARTESIAN_POINT('',(6.2611E+03,3.21945E+03,2.5019E+03));
#15146 = VECTOR('',#15147,1.);
#15147 = DIRECTION('',(0.,0.,1.));
#15148 = ORIENTED_EDGE('',*,*,#15149,.T.);
#15149 = EDGE_CURVE('',#15140,#15150,#15152,.T.);
#15150 = VERTEX_POINT('',#15151);
#15151 = CARTESIAN_POINT('',(6.2611E+03,3.25755E+03,2.5019E+03));
#15152 = LINE('',#15153,#15154);
#15153 = CARTESIAN_POINT('',(6.2611E+03,3.21945E+03,2.5019E+03));
#15154 = VECTOR('',#15155,1.);
#15155 = DIRECTION('',(0.,1.,0.));
#15156 = ORIENTED_EDGE('',*,*,#15157,.T.);
#15157 = EDGE_CURVE('',#15150,#15158,#15160,.T.);
#15158 = VERTEX_POINT('',#15159);
#15159 = CARTESIAN_POINT('',(6.2611E+03,3.25755E+03,2.6416E+03));
#15160 = LINE('',#15161,#15162);
#15161 = CARTESIAN_POINT('',(6.2611E+03,3.25755E+03,2.5019E+03));
#15162 = VECTOR('',#15163,1.);
#15163 = DIRECTION('',(0.,0.,1.));
#15164 = ORIENTED_EDGE('',*,*,#15165,.F.);
#15165 = EDGE_CURVE('',#15142,#15158,#15166,.T.);
#15166 = LINE('',#15167,#15168);
#15167 = CARTESIAN_POINT('',(6.2611E+03,3.21945E+03,2.6416E+03));
#15168 = VECTOR('',#15169,1.);
#15169 = DIRECTION('',(0.,1.,0.));
#15170 = PLANE('',#15171);
#15171 = AXIS2_PLACEMENT_3D('',#15172,#15173,#15174);
#15172 = CARTESIAN_POINT('',(6.2611E+03,3.21945E+03,2.5019E+03));
#15173 = DIRECTION('',(1.,0.,0.));
#15174 = DIRECTION('',(0.,0.,1.));
#15175 = ADVANCED_FACE('',(#15176),#15192,.F.);
#15176 = FACE_BOUND('',#15177,.F.);
#15177 = EDGE_LOOP('',(#15178,#15184,#15185,#15191));
#15178 = ORIENTED_EDGE('',*,*,#15179,.F.);
#15179 = EDGE_CURVE('',#15100,#15140,#15180,.T.);
#15180 = LINE('',#15181,#15182);
#15181 = CARTESIAN_POINT('',(76.2,3.21945E+03,2.5019E+03));
#15182 = VECTOR('',#15183,1.);
#15183 = DIRECTION('',(1.,0.,0.));
#15184 = ORIENTED_EDGE('',*,*,#15099,.T.);
#15185 = ORIENTED_EDGE('',*,*,#15186,.T.);
#15186 = EDGE_CURVE('',#15102,#15142,#15187,.T.);
#15187 = LINE('',#15188,#15189);
#15188 = CARTESIAN_POINT('',(76.2,3.21945E+03,2.6416E+03));
#15189 = VECTOR('',#15190,1.);
#15190 = DIRECTION('',(1.,0.,0.));
#15191 = ORIENTED_EDGE('',*,*,#15139,.F.);
#15192 = PLANE('',#15193);
#15193 = AXIS2_PLACEMENT_3D('',#15194,#15195,#15196);
#15194 = CARTESIAN_POINT('',(76.2,3.21945E+03,2.5019E+03));
#15195 = DIRECTION('',(0.,1.,0.));
#15196 = DIRECTION('',(0.,0.,1.));
#15197 = ADVANCED_FACE('',(#15198),#15214,.T.);
#15198 = FACE_BOUND('',#15199,.T.);
#15199 = EDGE_LOOP('',(#15200,#15206,#15207,#15213));
#15200 = ORIENTED_EDGE('',*,*,#15201,.F.);
#15201 = EDGE_CURVE('',#15110,#15150,#15202,.T.);
#15202 = LINE('',#15203,#15204);
#15203 = CARTESIAN_POINT('',(76.2,3.25755E+03,2.5019E+03));
#15204 = VECTOR('',#15205,1.);
#15205 = DIRECTION('',(1.,0.,0.));
#15206 = ORIENTED_EDGE('',*,*,#15117,.T.);
#15207 = ORIENTED_EDGE('',*,*,#15208,.T.);
#15208 = EDGE_CURVE('',#15118,#15158,#15209,.T.);
#15209 = LINE('',#15210,#15211);
#15210 = CARTESIAN_POINT('',(76.2,3.25755E+03,2.6416E+03));
#15211 = VECTOR('',#15212,1.);
#15212 = DIRECTION('',(1.,0.,0.));
#15213 = ORIENTED_EDGE('',*,*,#15157,.F.);
#15214 = PLANE('',#15215);
#15215 = AXIS2_PLACEMENT_3D('',#15216,#15217,#15218);
#15216 = CARTESIAN_POINT('',(76.2,3.25755E+03,2.5019E+03));
#15217 = DIRECTION('',(0.,1.,0.));
#15218 = DIRECTION('',(0.,0.,1.));
#15219 = ADVANCED_FACE('',(#15220),#15226,.F.);
#15220 = FACE_BOUND('',#15221,.F.);
#15221 = EDGE_LOOP('',(#15222,#15223,#15224,#15225));
#15222 = ORIENTED_EDGE('',*,*,#15109,.F.);
#15223 = ORIENTED_EDGE('',*,*,#15179,.T.);
#15224 = ORIENTED_EDGE('',*,*,#15149,.T.);
#15225 = ORIENTED_EDGE('',*,*,#15201,.F.);
#15226 = PLANE('',#15227);
#15227 = AXIS2_PLACEMENT_3D('',#15228,#15229,#15230);
#15228 = CARTESIAN_POINT('',(76.2,3.21945E+03,2.5019E+03));
#15229 = DIRECTION('',(0.,0.,1.));
#15230 = DIRECTION('',(1.,0.,0.));
#15231 = ADVANCED_FACE('',(#15232),#15238,.T.);
#15232 = FACE_BOUND('',#15233,.T.);
#15233 = EDGE_LOOP('',(#15234,#15235,#15236,#15237));
#15234 = ORIENTED_EDGE('',*,*,#15125,.F.);
#15235 = ORIENTED_EDGE('',*,*,#15186,.T.);
#15236 = ORIENTED_EDGE('',*,*,#15165,.T.);
#15237 = ORIENTED_EDGE('',*,*,#15208,.F.);
#15238 = PLANE('',#15239);
#15239 = AXIS2_PLACEMENT_3D('',#15240,#15241,#15242);
#15240 = CARTESIAN_POINT('',(76.2,3.21945E+03,2.6416E+03));
#15241 = DIRECTION('',(0.,0.,1.));
#15242 = DIRECTION('',(1.,0.,0.));
#15243 = MANIFOLD_SOLID_BREP('',#15244);
#15244 = CLOSED_SHELL('',(#15245,#15285,#15325,#15347,#15369,#15381));
#15245 = ADVANCED_FACE('',(#15246),#15280,.F.);
#15246 = FACE_BOUND('',#15247,.F.);
#15247 = EDGE_LOOP('',(#15248,#15258,#15266,#15274));
#15248 = ORIENTED_EDGE('',*,*,#15249,.F.);
#15249 = EDGE_CURVE('',#15250,#15252,#15254,.T.);
#15250 = VERTEX_POINT('',#15251);
#15251 = CARTESIAN_POINT('',(76.2,3.77825E+03,2.5019E+03));
#15252 = VERTEX_POINT('',#15253);
#15253 = CARTESIAN_POINT('',(76.2,3.77825E+03,2.6416E+03));
#15254 = LINE('',#15255,#15256);
#15255 = CARTESIAN_POINT('',(76.2,3.77825E+03,2.5019E+03));
#15256 = VECTOR('',#15257,1.);
#15257 = DIRECTION('',(0.,0.,1.));
#15258 = ORIENTED_EDGE('',*,*,#15259,.T.);
#15259 = EDGE_CURVE('',#15250,#15260,#15262,.T.);
#15260 = VERTEX_POINT('',#15261);
#15261 = CARTESIAN_POINT('',(76.2,3.81635E+03,2.5019E+03));
#15262 = LINE('',#15263,#15264);
#15263 = CARTESIAN_POINT('',(76.2,3.77825E+03,2.5019E+03));
#15264 = VECTOR('',#15265,1.);
#15265 = DIRECTION('',(0.,1.,0.));
#15266 = ORIENTED_EDGE('',*,*,#15267,.T.);
#15267 = EDGE_CURVE('',#15260,#15268,#15270,.T.);
#15268 = VERTEX_POINT('',#15269);
#15269 = CARTESIAN_POINT('',(76.2,3.81635E+03,2.6416E+03));
#15270 = LINE('',#15271,#15272);
#15271 = CARTESIAN_POINT('',(76.2,3.81635E+03,2.5019E+03));
#15272 = VECTOR('',#15273,1.);
#15273 = DIRECTION('',(0.,0.,1.));
#15274 = ORIENTED_EDGE('',*,*,#15275,.F.);
#15275 = EDGE_CURVE('',#15252,#15268,#15276,.T.);
#15276 = LINE('',#15277,#15278);
#15277 = CARTESIAN_POINT('',(76.2,3.77825E+03,2.6416E+03));
#15278 = VECTOR('',#15279,1.);
#15279 = DIRECTION('',(0.,1.,0.));
#15280 = PLANE('',#15281);
#15281 = AXIS2_PLACEMENT_3D('',#15282,#15283,#15284);
#15282 = CARTESIAN_POINT('',(76.2,3.77825E+03,2.5019E+03));
#15283 = DIRECTION('',(1.,0.,0.));
#15284 = DIRECTION('',(0.,0.,1.));
#15285 = ADVANCED_FACE('',(#15286),#15320,.T.);
#15286 = FACE_BOUND('',#15287,.T.);
#15287 = EDGE_LOOP('',(#15288,#15298,#15306,#15314));
#15288 = ORIENTED_EDGE('',*,*,#15289,.F.);
#15289 = EDGE_CURVE('',#15290,#15292,#15294,.T.);
#15290 = VERTEX_POINT('',#15291);
#15291 = CARTESIAN_POINT('',(6.2611E+03,3.77825E+03,2.5019E+03));
#15292 = VERTEX_POINT('',#15293);
#15293 = CARTESIAN_POINT('',(6.2611E+03,3.77825E+03,2.6416E+03));
#15294 = LINE('',#15295,#15296);
#15295 = CARTESIAN_POINT('',(6.2611E+03,3.77825E+03,2.5019E+03));
#15296 = VECTOR('',#15297,1.);
#15297 = DIRECTION('',(0.,0.,1.));
#15298 = ORIENTED_EDGE('',*,*,#15299,.T.);
#15299 = EDGE_CURVE('',#15290,#15300,#15302,.T.);
#15300 = VERTEX_POINT('',#15301);
#15301 = CARTESIAN_POINT('',(6.2611E+03,3.81635E+03,2.5019E+03));
#15302 = LINE('',#15303,#15304);
#15303 = CARTESIAN_POINT('',(6.2611E+03,3.77825E+03,2.5019E+03));
#15304 = VECTOR('',#15305,1.);
#15305 = DIRECTION('',(0.,1.,0.));
#15306 = ORIENTED_EDGE('',*,*,#15307,.T.);
#15307 = EDGE_CURVE('',#15300,#15308,#15310,.T.);
#15308 = VERTEX_POINT('',#15309);
#15309 = CARTESIAN_POINT('',(6.2611E+03,3.81635E+03,2.6416E+03));
#15310 = LINE('',#15311,#15312);
#15311 = CARTESIAN_POINT('',(6.2611E+03,3.81635E+03,2.5019E+03));
#15312 = VECTOR('',#15313,1.);
#15313 = DIRECTION('',(0.,0.,1.));
#15314 = ORIENTED_EDGE('',*,*,#15315,.F.);
#15315 = EDGE_CURVE('',#15292,#15308,#15316,.T.);
#15316 = LINE('',#15317,#15318);
#15317 = CARTESIAN_POINT('',(6.2611E+03,3.77825E+03,2.6416E+03));
#15318 = VECTOR('',#15319,1.);
#15319 = DIRECTION('',(0.,1.,0.));
#15320 = PLANE('',#15321);
#15321 = AXIS2_PLACEMENT_3D('',#15322,#15323,#15324);
#15322 = CARTESIAN_POINT('',(6.2611E+03,3.77825E+03,2.5019E+03));
#15323 = DIRECTION('',(1.,0.,0.));
#15324 = DIRECTION('',(0.,0.,1.));
#15325 = ADVANCED_FACE('',(#15326),#15342,.F.);
#15326 = FACE_BOUND('',#15327,.F.);
#15327 = EDGE_LOOP('',(#15328,#15334,#15335,#15341));
#15328 = ORIENTED_EDGE('',*,*,#15329,.F.);
#15329 = EDGE_CURVE('',#15250,#15290,#15330,.T.);
#15330 = LINE('',#15331,#15332);
#15331 = CARTESIAN_POINT('',(76.2,3.77825E+03,2.5019E+03));
#15332 = VECTOR('',#15333,1.);
#15333 = DIRECTION('',(1.,0.,0.));
#15334 = ORIENTED_EDGE('',*,*,#15249,.T.);
#15335 = ORIENTED_EDGE('',*,*,#15336,.T.);
#15336 = EDGE_CURVE('',#15252,#15292,#15337,.T.);
#15337 = LINE('',#15338,#15339);
#15338 = CARTESIAN_POINT('',(76.2,3.77825E+03,2.6416E+03));
#15339 = VECTOR('',#15340,1.);
#15340 = DIRECTION('',(1.,0.,0.));
#15341 = ORIENTED_EDGE('',*,*,#15289,.F.);
#15342 = PLANE('',#15343);
#15343 = AXIS2_PLACEMENT_3D('',#15344,#15345,#15346);
#15344 = CARTESIAN_POINT('',(76.2,3.77825E+03,2.5019E+03));
#15345 = DIRECTION('',(0.,1.,0.));
#15346 = DIRECTION('',(0.,0.,1.));
#15347 = ADVANCED_FACE('',(#15348),#15364,.T.);
#15348 = FACE_BOUND('',#15349,.T.);
#15349 = EDGE_LOOP('',(#15350,#15356,#15357,#15363));
#15350 = ORIENTED_EDGE('',*,*,#15351,.F.);
#15351 = EDGE_CURVE('',#15260,#15300,#15352,.T.);
#15352 = LINE('',#15353,#15354);
#15353 = CARTESIAN_POINT('',(76.2,3.81635E+03,2.5019E+03));
#15354 = VECTOR('',#15355,1.);
#15355 = DIRECTION('',(1.,0.,0.));
#15356 = ORIENTED_EDGE('',*,*,#15267,.T.);
#15357 = ORIENTED_EDGE('',*,*,#15358,.T.);
#15358 = EDGE_CURVE('',#15268,#15308,#15359,.T.);
#15359 = LINE('',#15360,#15361);
#15360 = CARTESIAN_POINT('',(76.2,3.81635E+03,2.6416E+03));
#15361 = VECTOR('',#15362,1.);
#15362 = DIRECTION('',(1.,0.,0.));
#15363 = ORIENTED_EDGE('',*,*,#15307,.F.);
#15364 = PLANE('',#15365);
#15365 = AXIS2_PLACEMENT_3D('',#15366,#15367,#15368);
#15366 = CARTESIAN_POINT('',(76.2,3.81635E+03,2.5019E+03));
#15367 = DIRECTION('',(0.,1.,0.));
#15368 = DIRECTION('',(0.,0.,1.));
#15369 = ADVANCED_FACE('',(#15370),#15376,.F.);
#15370 = FACE_BOUND('',#15371,.F.);
#15371 = EDGE_LOOP('',(#15372,#15373,#15374,#15375));
#15372 = ORIENTED_EDGE('',*,*,#15259,.F.);
#15373 = ORIENTED_EDGE('',*,*,#15329,.T.);
#15374 = ORIENTED_EDGE('',*,*,#15299,.T.);
#15375 = ORIENTED_EDGE('',*,*,#15351,.F.);
#15376 = PLANE('',#15377);
#15377 = AXIS2_PLACEMENT_3D('',#15378,#15379,#15380);
#15378 = CARTESIAN_POINT('',(76.2,3.77825E+03,2.5019E+03));
#15379 = DIRECTION('',(0.,0.,1.));
#15380 = DIRECTION('',(1.,0.,0.));
#15381 = ADVANCED_FACE('',(#15382),#15388,.T.);
#15382 = FACE_BOUND('',#15383,.T.);
#15383 = EDGE_LOOP('',(#15384,#15385,#15386,#15387));
#15384 = ORIENTED_EDGE('',*,*,#15275,.F.);
#15385 = ORIENTED_EDGE('',*,*,#15336,.T.);
#15386 = ORIENTED_EDGE('',*,*,#15315,.T.);
#15387 = ORIENTED_EDGE('',*,*,#15358,.F.);
#15388 = PLANE('',#15389);
#15389 = AXIS2_PLACEMENT_3D('',#15390,#15391,#15392);
#15390 = CARTESIAN_POINT('',(76.2,3.77825E+03,2.6416E+03));
#15391 = DIRECTION('',(0.,0.,1.));
#15392 = DIRECTION('',(1.,0.,0.));
#15393 = MANIFOLD_SOLID_BREP('',#15394);
#15394 = CLOSED_SHELL('',(#15395,#15435,#15475,#15497,#15519,#15531));
#15395 = ADVANCED_FACE('',(#15396),#15430,.F.);
#15396 = FACE_BOUND('',#15397,.F.);
#15397 = EDGE_LOOP('',(#15398,#15408,#15416,#15424));
#15398 = ORIENTED_EDGE('',*,*,#15399,.F.);
#15399 = EDGE_CURVE('',#15400,#15402,#15404,.T.);
#15400 = VERTEX_POINT('',#15401);
#15401 = CARTESIAN_POINT('',(76.2,3.81635E+03,2.5019E+03));
#15402 = VERTEX_POINT('',#15403);
#15403 = CARTESIAN_POINT('',(76.2,3.81635E+03,2.6416E+03));
#15404 = LINE('',#15405,#15406);
#15405 = CARTESIAN_POINT('',(76.2,3.81635E+03,2.5019E+03));
#15406 = VECTOR('',#15407,1.);
#15407 = DIRECTION('',(0.,0.,1.));
#15408 = ORIENTED_EDGE('',*,*,#15409,.T.);
#15409 = EDGE_CURVE('',#15400,#15410,#15412,.T.);
#15410 = VERTEX_POINT('',#15411);
#15411 = CARTESIAN_POINT('',(76.2,3.85445E+03,2.5019E+03));
#15412 = LINE('',#15413,#15414);
#15413 = CARTESIAN_POINT('',(76.2,3.81635E+03,2.5019E+03));
#15414 = VECTOR('',#15415,1.);
#15415 = DIRECTION('',(0.,1.,0.));
#15416 = ORIENTED_EDGE('',*,*,#15417,.T.);
#15417 = EDGE_CURVE('',#15410,#15418,#15420,.T.);
#15418 = VERTEX_POINT('',#15419);
#15419 = CARTESIAN_POINT('',(76.2,3.85445E+03,2.6416E+03));
#15420 = LINE('',#15421,#15422);
#15421 = CARTESIAN_POINT('',(76.2,3.85445E+03,2.5019E+03));
#15422 = VECTOR('',#15423,1.);
#15423 = DIRECTION('',(0.,0.,1.));
#15424 = ORIENTED_EDGE('',*,*,#15425,.F.);
#15425 = EDGE_CURVE('',#15402,#15418,#15426,.T.);
#15426 = LINE('',#15427,#15428);
#15427 = CARTESIAN_POINT('',(76.2,3.81635E+03,2.6416E+03));
#15428 = VECTOR('',#15429,1.);
#15429 = DIRECTION('',(0.,1.,0.));
#15430 = PLANE('',#15431);
#15431 = AXIS2_PLACEMENT_3D('',#15432,#15433,#15434);
#15432 = CARTESIAN_POINT('',(76.2,3.81635E+03,2.5019E+03));
#15433 = DIRECTION('',(1.,0.,0.));
#15434 = DIRECTION('',(0.,0.,1.));
#15435 = ADVANCED_FACE('',(#15436),#15470,.T.);
#15436 = FACE_BOUND('',#15437,.T.);
#15437 = EDGE_LOOP('',(#15438,#15448,#15456,#15464));
#15438 = ORIENTED_EDGE('',*,*,#15439,.F.);
#15439 = EDGE_CURVE('',#15440,#15442,#15444,.T.);
#15440 = VERTEX_POINT('',#15441);
#15441 = CARTESIAN_POINT('',(6.2611E+03,3.81635E+03,2.5019E+03));
#15442 = VERTEX_POINT('',#15443);
#15443 = CARTESIAN_POINT('',(6.2611E+03,3.81635E+03,2.6416E+03));
#15444 = LINE('',#15445,#15446);
#15445 = CARTESIAN_POINT('',(6.2611E+03,3.81635E+03,2.5019E+03));
#15446 = VECTOR('',#15447,1.);
#15447 = DIRECTION('',(0.,0.,1.));
#15448 = ORIENTED_EDGE('',*,*,#15449,.T.);
#15449 = EDGE_CURVE('',#15440,#15450,#15452,.T.);
#15450 = VERTEX_POINT('',#15451);
#15451 = CARTESIAN_POINT('',(6.2611E+03,3.85445E+03,2.5019E+03));
#15452 = LINE('',#15453,#15454);
#15453 = CARTESIAN_POINT('',(6.2611E+03,3.81635E+03,2.5019E+03));
#15454 = VECTOR('',#15455,1.);
#15455 = DIRECTION('',(0.,1.,0.));
#15456 = ORIENTED_EDGE('',*,*,#15457,.T.);
#15457 = EDGE_CURVE('',#15450,#15458,#15460,.T.);
#15458 = VERTEX_POINT('',#15459);
#15459 = CARTESIAN_POINT('',(6.2611E+03,3.85445E+03,2.6416E+03));
#15460 = LINE('',#15461,#15462);
#15461 = CARTESIAN_POINT('',(6.2611E+03,3.85445E+03,2.5019E+03));
#15462 = VECTOR('',#15463,1.);
#15463 = DIRECTION('',(0.,0.,1.));
#15464 = ORIENTED_EDGE('',*,*,#15465,.F.);
#15465 = EDGE_CURVE('',#15442,#15458,#15466,.T.);
#15466 = LINE('',#15467,#15468);
#15467 = CARTESIAN_POINT('',(6.2611E+03,3.81635E+03,2.6416E+03));
#15468 = VECTOR('',#15469,1.);
#15469 = DIRECTION('',(0.,1.,0.));
#15470 = PLANE('',#15471);
#15471 = AXIS2_PLACEMENT_3D('',#15472,#15473,#15474);
#15472 = CARTESIAN_POINT('',(6.2611E+03,3.81635E+03,2.5019E+03));
#15473 = DIRECTION('',(1.,0.,0.));
#15474 = DIRECTION('',(0.,0.,1.));
#15475 = ADVANCED_FACE('',(#15476),#15492,.F.);
#15476 = FACE_BOUND('',#15477,.F.);
#15477 = EDGE_LOOP('',(#15478,#15484,#15485,#15491));
#15478 = ORIENTED_EDGE('',*,*,#15479,.F.);
#15479 = EDGE_CURVE('',#15400,#15440,#15480,.T.);
#15480 = LINE('',#15481,#15482);
#15481 = CARTESIAN_POINT('',(76.2,3.81635E+03,2.5019E+03));
#15482 = VECTOR('',#15483,1.);
#15483 = DIRECTION('',(1.,0.,0.));
#15484 = ORIENTED_EDGE('',*,*,#15399,.T.);
#15485 = ORIENTED_EDGE('',*,*,#15486,.T.);
#15486 = EDGE_CURVE('',#15402,#15442,#15487,.T.);
#15487 = LINE('',#15488,#15489);
#15488 = CARTESIAN_POINT('',(76.2,3.81635E+03,2.6416E+03));
#15489 = VECTOR('',#15490,1.);
#15490 = DIRECTION('',(1.,0.,0.));
#15491 = ORIENTED_EDGE('',*,*,#15439,.F.);
#15492 = PLANE('',#15493);
#15493 = AXIS2_PLACEMENT_3D('',#15494,#15495,#15496);
#15494 = CARTESIAN_POINT('',(76.2,3.81635E+03,2.5019E+03));
#15495 = DIRECTION('',(0.,1.,0.));
#15496 = DIRECTION('',(0.,0.,1.));
#15497 = ADVANCED_FACE('',(#15498),#15514,.T.);
#15498 = FACE_BOUND('',#15499,.T.);
#15499 = EDGE_LOOP('',(#15500,#15506,#15507,#15513));
#15500 = ORIENTED_EDGE('',*,*,#15501,.F.);
#15501 = EDGE_CURVE('',#15410,#15450,#15502,.T.);
#15502 = LINE('',#15503,#15504);
#15503 = CARTESIAN_POINT('',(76.2,3.85445E+03,2.5019E+03));
#15504 = VECTOR('',#15505,1.);
#15505 = DIRECTION('',(1.,0.,0.));
#15506 = ORIENTED_EDGE('',*,*,#15417,.T.);
#15507 = ORIENTED_EDGE('',*,*,#15508,.T.);
#15508 = EDGE_CURVE('',#15418,#15458,#15509,.T.);
#15509 = LINE('',#15510,#15511);
#15510 = CARTESIAN_POINT('',(76.2,3.85445E+03,2.6416E+03));
#15511 = VECTOR('',#15512,1.);
#15512 = DIRECTION('',(1.,0.,0.));
#15513 = ORIENTED_EDGE('',*,*,#15457,.F.);
#15514 = PLANE('',#15515);
#15515 = AXIS2_PLACEMENT_3D('',#15516,#15517,#15518);
#15516 = CARTESIAN_POINT('',(76.2,3.85445E+03,2.5019E+03));
#15517 = DIRECTION('',(0.,1.,0.));
#15518 = DIRECTION('',(0.,0.,1.));
#15519 = ADVANCED_FACE('',(#15520),#15526,.F.);
#15520 = FACE_BOUND('',#15521,.F.);
#15521 = EDGE_LOOP('',(#15522,#15523,#15524,#15525));
#15522 = ORIENTED_EDGE('',*,*,#15409,.F.);
#15523 = ORIENTED_EDGE('',*,*,#15479,.T.);
#15524 = ORIENTED_EDGE('',*,*,#15449,.T.);
#15525 = ORIENTED_EDGE('',*,*,#15501,.F.);
#15526 = PLANE('',#15527);
#15527 = AXIS2_PLACEMENT_3D('',#15528,#15529,#15530);
#15528 = CARTESIAN_POINT('',(76.2,3.81635E+03,2.5019E+03));
#15529 = DIRECTION('',(0.,0.,1.));
#15530 = DIRECTION('',(1.,0.,0.));
#15531 = ADVANCED_FACE('',(#15532),#15538,.T.);
#15532 = FACE_BOUND('',#15533,.T.);
#15533 = EDGE_LOOP('',(#15534,#15535,#15536,#15537));
#15534 = ORIENTED_EDGE('',*,*,#15425,.F.);
#15535 = ORIENTED_EDGE('',*,*,#15486,.T.);
#15536 = ORIENTED_EDGE('',*,*,#15465,.T.);
#15537 = ORIENTED_EDGE('',*,*,#15508,.F.);
#15538 = PLANE('',#15539);
#15539 = AXIS2_PLACEMENT_3D('',#15540,#15541,#15542);
#15540 = CARTESIAN_POINT('',(76.2,3.81635E+03,2.6416E+03));
#15541 = DIRECTION('',(0.,0.,1.));
#15542 = DIRECTION('',(1.,0.,0.));
#15543 = MANIFOLD_SOLID_BREP('',#15544);
#15544 = CLOSED_SHELL('',(#15545,#15585,#15625,#15647,#15669,#15681));
#15545 = ADVANCED_FACE('',(#15546),#15580,.F.);
#15546 = FACE_BOUND('',#15547,.F.);
#15547 = EDGE_LOOP('',(#15548,#15558,#15566,#15574));
#15548 = ORIENTED_EDGE('',*,*,#15549,.F.);
#15549 = EDGE_CURVE('',#15550,#15552,#15554,.T.);
#15550 = VERTEX_POINT('',#15551);
#15551 = CARTESIAN_POINT('',(76.2,3.85445E+03,2.5019E+03));
#15552 = VERTEX_POINT('',#15553);
#15553 = CARTESIAN_POINT('',(76.2,3.85445E+03,2.6416E+03));
#15554 = LINE('',#15555,#15556);
#15555 = CARTESIAN_POINT('',(76.2,3.85445E+03,2.5019E+03));
#15556 = VECTOR('',#15557,1.);
#15557 = DIRECTION('',(0.,0.,1.));
#15558 = ORIENTED_EDGE('',*,*,#15559,.T.);
#15559 = EDGE_CURVE('',#15550,#15560,#15562,.T.);
#15560 = VERTEX_POINT('',#15561);
#15561 = CARTESIAN_POINT('',(76.2,3.89255E+03,2.5019E+03));
#15562 = LINE('',#15563,#15564);
#15563 = CARTESIAN_POINT('',(76.2,3.85445E+03,2.5019E+03));
#15564 = VECTOR('',#15565,1.);
#15565 = DIRECTION('',(0.,1.,0.));
#15566 = ORIENTED_EDGE('',*,*,#15567,.T.);
#15567 = EDGE_CURVE('',#15560,#15568,#15570,.T.);
#15568 = VERTEX_POINT('',#15569);
#15569 = CARTESIAN_POINT('',(76.2,3.89255E+03,2.6416E+03));
#15570 = LINE('',#15571,#15572);
#15571 = CARTESIAN_POINT('',(76.2,3.89255E+03,2.5019E+03));
#15572 = VECTOR('',#15573,1.);
#15573 = DIRECTION('',(0.,0.,1.));
#15574 = ORIENTED_EDGE('',*,*,#15575,.F.);
#15575 = EDGE_CURVE('',#15552,#15568,#15576,.T.);
#15576 = LINE('',#15577,#15578);
#15577 = CARTESIAN_POINT('',(76.2,3.85445E+03,2.6416E+03));
#15578 = VECTOR('',#15579,1.);
#15579 = DIRECTION('',(0.,1.,0.));
#15580 = PLANE('',#15581);
#15581 = AXIS2_PLACEMENT_3D('',#15582,#15583,#15584);
#15582 = CARTESIAN_POINT('',(76.2,3.85445E+03,2.5019E+03));
#15583 = DIRECTION('',(1.,0.,0.));
#15584 = DIRECTION('',(0.,0.,1.));
#15585 = ADVANCED_FACE('',(#15586),#15620,.T.);
#15586 = FACE_BOUND('',#15587,.T.);
#15587 = EDGE_LOOP('',(#15588,#15598,#15606,#15614));
#15588 = ORIENTED_EDGE('',*,*,#15589,.F.);
#15589 = EDGE_CURVE('',#15590,#15592,#15594,.T.);
#15590 = VERTEX_POINT('',#15591);
#15591 = CARTESIAN_POINT('',(6.2611E+03,3.85445E+03,2.5019E+03));
#15592 = VERTEX_POINT('',#15593);
#15593 = CARTESIAN_POINT('',(6.2611E+03,3.85445E+03,2.6416E+03));
#15594 = LINE('',#15595,#15596);
#15595 = CARTESIAN_POINT('',(6.2611E+03,3.85445E+03,2.5019E+03));
#15596 = VECTOR('',#15597,1.);
#15597 = DIRECTION('',(0.,0.,1.));
#15598 = ORIENTED_EDGE('',*,*,#15599,.T.);
#15599 = EDGE_CURVE('',#15590,#15600,#15602,.T.);
#15600 = VERTEX_POINT('',#15601);
#15601 = CARTESIAN_POINT('',(6.2611E+03,3.89255E+03,2.5019E+03));
#15602 = LINE('',#15603,#15604);
#15603 = CARTESIAN_POINT('',(6.2611E+03,3.85445E+03,2.5019E+03));
#15604 = VECTOR('',#15605,1.);
#15605 = DIRECTION('',(0.,1.,0.));
#15606 = ORIENTED_EDGE('',*,*,#15607,.T.);
#15607 = EDGE_CURVE('',#15600,#15608,#15610,.T.);
#15608 = VERTEX_POINT('',#15609);
#15609 = CARTESIAN_POINT('',(6.2611E+03,3.89255E+03,2.6416E+03));
#15610 = LINE('',#15611,#15612);
#15611 = CARTESIAN_POINT('',(6.2611E+03,3.89255E+03,2.5019E+03));
#15612 = VECTOR('',#15613,1.);
#15613 = DIRECTION('',(0.,0.,1.));
#15614 = ORIENTED_EDGE('',*,*,#15615,.F.);
#15615 = EDGE_CURVE('',#15592,#15608,#15616,.T.);
#15616 = LINE('',#15617,#15618);
#15617 = CARTESIAN_POINT('',(6.2611E+03,3.85445E+03,2.6416E+03));
#15618 = VECTOR('',#15619,1.);
#15619 = DIRECTION('',(0.,1.,0.));
#15620 = PLANE('',#15621);
#15621 = AXIS2_PLACEMENT_3D('',#15622,#15623,#15624);
#15622 = CARTESIAN_POINT('',(6.2611E+03,3.85445E+03,2.5019E+03));
#15623 = DIRECTION('',(1.,0.,0.));
#15624 = DIRECTION('',(0.,0.,1.));
#15625 = ADVANCED_FACE('',(#15626),#15642,.F.);
#15626 = FACE_BOUND('',#15627,.F.);
#15627 = EDGE_LOOP('',(#15628,#15634,#15635,#15641));
#15628 = ORIENTED_EDGE('',*,*,#15629,.F.);
#15629 = EDGE_CURVE('',#15550,#15590,#15630,.T.);
#15630 = LINE('',#15631,#15632);
#15631 = CARTESIAN_POINT('',(76.2,3.85445E+03,2.5019E+03));
#15632 = VECTOR('',#15633,1.);
#15633 = DIRECTION('',(1.,0.,0.));
#15634 = ORIENTED_EDGE('',*,*,#15549,.T.);
#15635 = ORIENTED_EDGE('',*,*,#15636,.T.);
#15636 = EDGE_CURVE('',#15552,#15592,#15637,.T.);
#15637 = LINE('',#15638,#15639);
#15638 = CARTESIAN_POINT('',(76.2,3.85445E+03,2.6416E+03));
#15639 = VECTOR('',#15640,1.);
#15640 = DIRECTION('',(1.,0.,0.));
#15641 = ORIENTED_EDGE('',*,*,#15589,.F.);
#15642 = PLANE('',#15643);
#15643 = AXIS2_PLACEMENT_3D('',#15644,#15645,#15646);
#15644 = CARTESIAN_POINT('',(76.2,3.85445E+03,2.5019E+03));
#15645 = DIRECTION('',(0.,1.,0.));
#15646 = DIRECTION('',(0.,0.,1.));
#15647 = ADVANCED_FACE('',(#15648),#15664,.T.);
#15648 = FACE_BOUND('',#15649,.T.);
#15649 = EDGE_LOOP('',(#15650,#15656,#15657,#15663));
#15650 = ORIENTED_EDGE('',*,*,#15651,.F.);
#15651 = EDGE_CURVE('',#15560,#15600,#15652,.T.);
#15652 = LINE('',#15653,#15654);
#15653 = CARTESIAN_POINT('',(76.2,3.89255E+03,2.5019E+03));
#15654 = VECTOR('',#15655,1.);
#15655 = DIRECTION('',(1.,0.,0.));
#15656 = ORIENTED_EDGE('',*,*,#15567,.T.);
#15657 = ORIENTED_EDGE('',*,*,#15658,.T.);
#15658 = EDGE_CURVE('',#15568,#15608,#15659,.T.);
#15659 = LINE('',#15660,#15661);
#15660 = CARTESIAN_POINT('',(76.2,3.89255E+03,2.6416E+03));
#15661 = VECTOR('',#15662,1.);
#15662 = DIRECTION('',(1.,0.,0.));
#15663 = ORIENTED_EDGE('',*,*,#15607,.F.);
#15664 = PLANE('',#15665);
#15665 = AXIS2_PLACEMENT_3D('',#15666,#15667,#15668);
#15666 = CARTESIAN_POINT('',(76.2,3.89255E+03,2.5019E+03));
#15667 = DIRECTION('',(0.,1.,0.));
#15668 = DIRECTION('',(0.,0.,1.));
#15669 = ADVANCED_FACE('',(#15670),#15676,.F.);
#15670 = FACE_BOUND('',#15671,.F.);
#15671 = EDGE_LOOP('',(#15672,#15673,#15674,#15675));
#15672 = ORIENTED_EDGE('',*,*,#15559,.F.);
#15673 = ORIENTED_EDGE('',*,*,#15629,.T.);
#15674 = ORIENTED_EDGE('',*,*,#15599,.T.);
#15675 = ORIENTED_EDGE('',*,*,#15651,.F.);
#15676 = PLANE('',#15677);
#15677 = AXIS2_PLACEMENT_3D('',#15678,#15679,#15680);
#15678 = CARTESIAN_POINT('',(76.2,3.85445E+03,2.5019E+03));
#15679 = DIRECTION('',(0.,0.,1.));
#15680 = DIRECTION('',(1.,0.,0.));
#15681 = ADVANCED_FACE('',(#15682),#15688,.T.);
#15682 = FACE_BOUND('',#15683,.T.);
#15683 = EDGE_LOOP('',(#15684,#15685,#15686,#15687));
#15684 = ORIENTED_EDGE('',*,*,#15575,.F.);
#15685 = ORIENTED_EDGE('',*,*,#15636,.T.);
#15686 = ORIENTED_EDGE('',*,*,#15615,.T.);
#15687 = ORIENTED_EDGE('',*,*,#15658,.F.);
#15688 = PLANE('',#15689);
#15689 = AXIS2_PLACEMENT_3D('',#15690,#15691,#15692);
#15690 = CARTESIAN_POINT('',(76.2,3.85445E+03,2.6416E+03));
#15691 = DIRECTION('',(0.,0.,1.));
#15692 = DIRECTION('',(1.,0.,0.));
#15693 = MANIFOLD_SOLID_BREP('',#15694);
#15694 = CLOSED_SHELL('',(#15695,#15735,#15775,#15797,#15819,#15831));
#15695 = ADVANCED_FACE('',(#15696),#15730,.F.);
#15696 = FACE_BOUND('',#15697,.F.);
#15697 = EDGE_LOOP('',(#15698,#15708,#15716,#15724));
#15698 = ORIENTED_EDGE('',*,*,#15699,.F.);
#15699 = EDGE_CURVE('',#15700,#15702,#15704,.T.);
#15700 = VERTEX_POINT('',#15701);
#15701 = CARTESIAN_POINT('',(76.2,4.38785E+03,2.5019E+03));
#15702 = VERTEX_POINT('',#15703);
#15703 = CARTESIAN_POINT('',(76.2,4.38785E+03,2.6416E+03));
#15704 = LINE('',#15705,#15706);
#15705 = CARTESIAN_POINT('',(76.2,4.38785E+03,2.5019E+03));
#15706 = VECTOR('',#15707,1.);
#15707 = DIRECTION('',(0.,0.,1.));
#15708 = ORIENTED_EDGE('',*,*,#15709,.T.);
#15709 = EDGE_CURVE('',#15700,#15710,#15712,.T.);
#15710 = VERTEX_POINT('',#15711);
#15711 = CARTESIAN_POINT('',(76.2,4.42595E+03,2.5019E+03));
#15712 = LINE('',#15713,#15714);
#15713 = CARTESIAN_POINT('',(76.2,4.38785E+03,2.5019E+03));
#15714 = VECTOR('',#15715,1.);
#15715 = DIRECTION('',(0.,1.,0.));
#15716 = ORIENTED_EDGE('',*,*,#15717,.T.);
#15717 = EDGE_CURVE('',#15710,#15718,#15720,.T.);
#15718 = VERTEX_POINT('',#15719);
#15719 = CARTESIAN_POINT('',(76.2,4.42595E+03,2.6416E+03));
#15720 = LINE('',#15721,#15722);
#15721 = CARTESIAN_POINT('',(76.2,4.42595E+03,2.5019E+03));
#15722 = VECTOR('',#15723,1.);
#15723 = DIRECTION('',(0.,0.,1.));
#15724 = ORIENTED_EDGE('',*,*,#15725,.F.);
#15725 = EDGE_CURVE('',#15702,#15718,#15726,.T.);
#15726 = LINE('',#15727,#15728);
#15727 = CARTESIAN_POINT('',(76.2,4.38785E+03,2.6416E+03));
#15728 = VECTOR('',#15729,1.);
#15729 = DIRECTION('',(0.,1.,0.));
#15730 = PLANE('',#15731);
#15731 = AXIS2_PLACEMENT_3D('',#15732,#15733,#15734);
#15732 = CARTESIAN_POINT('',(76.2,4.38785E+03,2.5019E+03));
#15733 = DIRECTION('',(1.,0.,0.));
#15734 = DIRECTION('',(0.,0.,1.));
#15735 = ADVANCED_FACE('',(#15736),#15770,.T.);
#15736 = FACE_BOUND('',#15737,.T.);
#15737 = EDGE_LOOP('',(#15738,#15748,#15756,#15764));
#15738 = ORIENTED_EDGE('',*,*,#15739,.F.);
#15739 = EDGE_CURVE('',#15740,#15742,#15744,.T.);
#15740 = VERTEX_POINT('',#15741);
#15741 = CARTESIAN_POINT('',(6.2611E+03,4.38785E+03,2.5019E+03));
#15742 = VERTEX_POINT('',#15743);
#15743 = CARTESIAN_POINT('',(6.2611E+03,4.38785E+03,2.6416E+03));
#15744 = LINE('',#15745,#15746);
#15745 = CARTESIAN_POINT('',(6.2611E+03,4.38785E+03,2.5019E+03));
#15746 = VECTOR('',#15747,1.);
#15747 = DIRECTION('',(0.,0.,1.));
#15748 = ORIENTED_EDGE('',*,*,#15749,.T.);
#15749 = EDGE_CURVE('',#15740,#15750,#15752,.T.);
#15750 = VERTEX_POINT('',#15751);
#15751 = CARTESIAN_POINT('',(6.2611E+03,4.42595E+03,2.5019E+03));
#15752 = LINE('',#15753,#15754);
#15753 = CARTESIAN_POINT('',(6.2611E+03,4.38785E+03,2.5019E+03));
#15754 = VECTOR('',#15755,1.);
#15755 = DIRECTION('',(0.,1.,0.));
#15756 = ORIENTED_EDGE('',*,*,#15757,.T.);
#15757 = EDGE_CURVE('',#15750,#15758,#15760,.T.);
#15758 = VERTEX_POINT('',#15759);
#15759 = CARTESIAN_POINT('',(6.2611E+03,4.42595E+03,2.6416E+03));
#15760 = LINE('',#15761,#15762);
#15761 = CARTESIAN_POINT('',(6.2611E+03,4.42595E+03,2.5019E+03));
#15762 = VECTOR('',#15763,1.);
#15763 = DIRECTION('',(0.,0.,1.));
#15764 = ORIENTED_EDGE('',*,*,#15765,.F.);
#15765 = EDGE_CURVE('',#15742,#15758,#15766,.T.);
#15766 = LINE('',#15767,#15768);
#15767 = CARTESIAN_POINT('',(6.2611E+03,4.38785E+03,2.6416E+03));
#15768 = VECTOR('',#15769,1.);
#15769 = DIRECTION('',(0.,1.,0.));
#15770 = PLANE('',#15771);
#15771 = AXIS2_PLACEMENT_3D('',#15772,#15773,#15774);
#15772 = CARTESIAN_POINT('',(6.2611E+03,4.38785E+03,2.5019E+03));
#15773 = DIRECTION('',(1.,0.,0.));
#15774 = DIRECTION('',(0.,0.,1.));
#15775 = ADVANCED_FACE('',(#15776),#15792,.F.);
#15776 = FACE_BOUND('',#15777,.F.);
#15777 = EDGE_LOOP('',(#15778,#15784,#15785,#15791));
#15778 = ORIENTED_EDGE('',*,*,#15779,.F.);
#15779 = EDGE_CURVE('',#15700,#15740,#15780,.T.);
#15780 = LINE('',#15781,#15782);
#15781 = CARTESIAN_POINT('',(76.2,4.38785E+03,2.5019E+03));
#15782 = VECTOR('',#15783,1.);
#15783 = DIRECTION('',(1.,0.,0.));
#15784 = ORIENTED_EDGE('',*,*,#15699,.T.);
#15785 = ORIENTED_EDGE('',*,*,#15786,.T.);
#15786 = EDGE_CURVE('',#15702,#15742,#15787,.T.);
#15787 = LINE('',#15788,#15789);
#15788 = CARTESIAN_POINT('',(76.2,4.38785E+03,2.6416E+03));
#15789 = VECTOR('',#15790,1.);
#15790 = DIRECTION('',(1.,0.,0.));
#15791 = ORIENTED_EDGE('',*,*,#15739,.F.);
#15792 = PLANE('',#15793);
#15793 = AXIS2_PLACEMENT_3D('',#15794,#15795,#15796);
#15794 = CARTESIAN_POINT('',(76.2,4.38785E+03,2.5019E+03));
#15795 = DIRECTION('',(0.,1.,0.));
#15796 = DIRECTION('',(0.,0.,1.));
#15797 = ADVANCED_FACE('',(#15798),#15814,.T.);
#15798 = FACE_BOUND('',#15799,.T.);
#15799 = EDGE_LOOP('',(#15800,#15806,#15807,#15813));
#15800 = ORIENTED_EDGE('',*,*,#15801,.F.);
#15801 = EDGE_CURVE('',#15710,#15750,#15802,.T.);
#15802 = LINE('',#15803,#15804);
#15803 = CARTESIAN_POINT('',(76.2,4.42595E+03,2.5019E+03));
#15804 = VECTOR('',#15805,1.);
#15805 = DIRECTION('',(1.,0.,0.));
#15806 = ORIENTED_EDGE('',*,*,#15717,.T.);
#15807 = ORIENTED_EDGE('',*,*,#15808,.T.);
#15808 = EDGE_CURVE('',#15718,#15758,#15809,.T.);
#15809 = LINE('',#15810,#15811);
#15810 = CARTESIAN_POINT('',(76.2,4.42595E+03,2.6416E+03));
#15811 = VECTOR('',#15812,1.);
#15812 = DIRECTION('',(1.,0.,0.));
#15813 = ORIENTED_EDGE('',*,*,#15757,.F.);
#15814 = PLANE('',#15815);
#15815 = AXIS2_PLACEMENT_3D('',#15816,#15817,#15818);
#15816 = CARTESIAN_POINT('',(76.2,4.42595E+03,2.5019E+03));
#15817 = DIRECTION('',(0.,1.,0.));
#15818 = DIRECTION('',(0.,0.,1.));
#15819 = ADVANCED_FACE('',(#15820),#15826,.F.);
#15820 = FACE_BOUND('',#15821,.F.);
#15821 = EDGE_LOOP('',(#15822,#15823,#15824,#15825));
#15822 = ORIENTED_EDGE('',*,*,#15709,.F.);
#15823 = ORIENTED_EDGE('',*,*,#15779,.T.);
#15824 = ORIENTED_EDGE('',*,*,#15749,.T.);
#15825 = ORIENTED_EDGE('',*,*,#15801,.F.);
#15826 = PLANE('',#15827);
#15827 = AXIS2_PLACEMENT_3D('',#15828,#15829,#15830);
#15828 = CARTESIAN_POINT('',(76.2,4.38785E+03,2.5019E+03));
#15829 = DIRECTION('',(0.,0.,1.));
#15830 = DIRECTION('',(1.,0.,0.));
#15831 = ADVANCED_FACE('',(#15832),#15838,.T.);
#15832 = FACE_BOUND('',#15833,.T.);
#15833 = EDGE_LOOP('',(#15834,#15835,#15836,#15837));
#15834 = ORIENTED_EDGE('',*,*,#15725,.F.);
#15835 = ORIENTED_EDGE('',*,*,#15786,.T.);
#15836 = ORIENTED_EDGE('',*,*,#15765,.T.);
#15837 = ORIENTED_EDGE('',*,*,#15808,.F.);
#15838 = PLANE('',#15839);
#15839 = AXIS2_PLACEMENT_3D('',#15840,#15841,#15842);
#15840 = CARTESIAN_POINT('',(76.2,4.38785E+03,2.6416E+03));
#15841 = DIRECTION('',(0.,0.,1.));
#15842 = DIRECTION('',(1.,0.,0.));
#15843 = MANIFOLD_SOLID_BREP('',#15844);
#15844 = CLOSED_SHELL('',(#15845,#15885,#15925,#15947,#15969,#15981));
#15845 = ADVANCED_FACE('',(#15846),#15880,.F.);
#15846 = FACE_BOUND('',#15847,.F.);
#15847 = EDGE_LOOP('',(#15848,#15858,#15866,#15874));
#15848 = ORIENTED_EDGE('',*,*,#15849,.F.);
#15849 = EDGE_CURVE('',#15850,#15852,#15854,.T.);
#15850 = VERTEX_POINT('',#15851);
#15851 = CARTESIAN_POINT('',(76.2,4.42595E+03,2.5019E+03));
#15852 = VERTEX_POINT('',#15853);
#15853 = CARTESIAN_POINT('',(76.2,4.42595E+03,2.6416E+03));
#15854 = LINE('',#15855,#15856);
#15855 = CARTESIAN_POINT('',(76.2,4.42595E+03,2.5019E+03));
#15856 = VECTOR('',#15857,1.);
#15857 = DIRECTION('',(0.,0.,1.));
#15858 = ORIENTED_EDGE('',*,*,#15859,.T.);
#15859 = EDGE_CURVE('',#15850,#15860,#15862,.T.);
#15860 = VERTEX_POINT('',#15861);
#15861 = CARTESIAN_POINT('',(76.2,4.46405E+03,2.5019E+03));
#15862 = LINE('',#15863,#15864);
#15863 = CARTESIAN_POINT('',(76.2,4.42595E+03,2.5019E+03));
#15864 = VECTOR('',#15865,1.);
#15865 = DIRECTION('',(0.,1.,0.));
#15866 = ORIENTED_EDGE('',*,*,#15867,.T.);
#15867 = EDGE_CURVE('',#15860,#15868,#15870,.T.);
#15868 = VERTEX_POINT('',#15869);
#15869 = CARTESIAN_POINT('',(76.2,4.46405E+03,2.6416E+03));
#15870 = LINE('',#15871,#15872);
#15871 = CARTESIAN_POINT('',(76.2,4.46405E+03,2.5019E+03));
#15872 = VECTOR('',#15873,1.);
#15873 = DIRECTION('',(0.,0.,1.));
#15874 = ORIENTED_EDGE('',*,*,#15875,.F.);
#15875 = EDGE_CURVE('',#15852,#15868,#15876,.T.);
#15876 = LINE('',#15877,#15878);
#15877 = CARTESIAN_POINT('',(76.2,4.42595E+03,2.6416E+03));
#15878 = VECTOR('',#15879,1.);
#15879 = DIRECTION('',(0.,1.,0.));
#15880 = PLANE('',#15881);
#15881 = AXIS2_PLACEMENT_3D('',#15882,#15883,#15884);
#15882 = CARTESIAN_POINT('',(76.2,4.42595E+03,2.5019E+03));
#15883 = DIRECTION('',(1.,0.,0.));
#15884 = DIRECTION('',(0.,0.,1.));
#15885 = ADVANCED_FACE('',(#15886),#15920,.T.);
#15886 = FACE_BOUND('',#15887,.T.);
#15887 = EDGE_LOOP('',(#15888,#15898,#15906,#15914));
#15888 = ORIENTED_EDGE('',*,*,#15889,.F.);
#15889 = EDGE_CURVE('',#15890,#15892,#15894,.T.);
#15890 = VERTEX_POINT('',#15891);
#15891 = CARTESIAN_POINT('',(6.2611E+03,4.42595E+03,2.5019E+03));
#15892 = VERTEX_POINT('',#15893);
#15893 = CARTESIAN_POINT('',(6.2611E+03,4.42595E+03,2.6416E+03));
#15894 = LINE('',#15895,#15896);
#15895 = CARTESIAN_POINT('',(6.2611E+03,4.42595E+03,2.5019E+03));
#15896 = VECTOR('',#15897,1.);
#15897 = DIRECTION('',(0.,0.,1.));
#15898 = ORIENTED_EDGE('',*,*,#15899,.T.);
#15899 = EDGE_CURVE('',#15890,#15900,#15902,.T.);
#15900 = VERTEX_POINT('',#15901);
#15901 = CARTESIAN_POINT('',(6.2611E+03,4.46405E+03,2.5019E+03));
#15902 = LINE('',#15903,#15904);
#15903 = CARTESIAN_POINT('',(6.2611E+03,4.42595E+03,2.5019E+03));
#15904 = VECTOR('',#15905,1.);
#15905 = DIRECTION('',(0.,1.,0.));
#15906 = ORIENTED_EDGE('',*,*,#15907,.T.);
#15907 = EDGE_CURVE('',#15900,#15908,#15910,.T.);
#15908 = VERTEX_POINT('',#15909);
#15909 = CARTESIAN_POINT('',(6.2611E+03,4.46405E+03,2.6416E+03));
#15910 = LINE('',#15911,#15912);
#15911 = CARTESIAN_POINT('',(6.2611E+03,4.46405E+03,2.5019E+03));
#15912 = VECTOR('',#15913,1.);
#15913 = DIRECTION('',(0.,0.,1.));
#15914 = ORIENTED_EDGE('',*,*,#15915,.F.);
#15915 = EDGE_CURVE('',#15892,#15908,#15916,.T.);
#15916 = LINE('',#15917,#15918);
#15917 = CARTESIAN_POINT('',(6.2611E+03,4.42595E+03,2.6416E+03));
#15918 = VECTOR('',#15919,1.);
#15919 = DIRECTION('',(0.,1.,0.));
#15920 = PLANE('',#15921);
#15921 = AXIS2_PLACEMENT_3D('',#15922,#15923,#15924);
#15922 = CARTESIAN_POINT('',(6.2611E+03,4.42595E+03,2.5019E+03));
#15923 = DIRECTION('',(1.,0.,0.));
#15924 = DIRECTION('',(0.,0.,1.));
#15925 = ADVANCED_FACE('',(#15926),#15942,.F.);
#15926 = FACE_BOUND('',#15927,.F.);
#15927 = EDGE_LOOP('',(#15928,#15934,#15935,#15941));
#15928 = ORIENTED_EDGE('',*,*,#15929,.F.);
#15929 = EDGE_CURVE('',#15850,#15890,#15930,.T.);
#15930 = LINE('',#15931,#15932);
#15931 = CARTESIAN_POINT('',(76.2,4.42595E+03,2.5019E+03));
#15932 = VECTOR('',#15933,1.);
#15933 = DIRECTION('',(1.,0.,0.));
#15934 = ORIENTED_EDGE('',*,*,#15849,.T.);
#15935 = ORIENTED_EDGE('',*,*,#15936,.T.);
#15936 = EDGE_CURVE('',#15852,#15892,#15937,.T.);
#15937 = LINE('',#15938,#15939);
#15938 = CARTESIAN_POINT('',(76.2,4.42595E+03,2.6416E+03));
#15939 = VECTOR('',#15940,1.);
#15940 = DIRECTION('',(1.,0.,0.));
#15941 = ORIENTED_EDGE('',*,*,#15889,.F.);
#15942 = PLANE('',#15943);
#15943 = AXIS2_PLACEMENT_3D('',#15944,#15945,#15946);
#15944 = CARTESIAN_POINT('',(76.2,4.42595E+03,2.5019E+03));
#15945 = DIRECTION('',(0.,1.,0.));
#15946 = DIRECTION('',(0.,0.,1.));
#15947 = ADVANCED_FACE('',(#15948),#15964,.T.);
#15948 = FACE_BOUND('',#15949,.T.);
#15949 = EDGE_LOOP('',(#15950,#15956,#15957,#15963));
#15950 = ORIENTED_EDGE('',*,*,#15951,.F.);
#15951 = EDGE_CURVE('',#15860,#15900,#15952,.T.);
#15952 = LINE('',#15953,#15954);
#15953 = CARTESIAN_POINT('',(76.2,4.46405E+03,2.5019E+03));
#15954 = VECTOR('',#15955,1.);
#15955 = DIRECTION('',(1.,0.,0.));
#15956 = ORIENTED_EDGE('',*,*,#15867,.T.);
#15957 = ORIENTED_EDGE('',*,*,#15958,.T.);
#15958 = EDGE_CURVE('',#15868,#15908,#15959,.T.);
#15959 = LINE('',#15960,#15961);
#15960 = CARTESIAN_POINT('',(76.2,4.46405E+03,2.6416E+03));
#15961 = VECTOR('',#15962,1.);
#15962 = DIRECTION('',(1.,0.,0.));
#15963 = ORIENTED_EDGE('',*,*,#15907,.F.);
#15964 = PLANE('',#15965);
#15965 = AXIS2_PLACEMENT_3D('',#15966,#15967,#15968);
#15966 = CARTESIAN_POINT('',(76.2,4.46405E+03,2.5019E+03));
#15967 = DIRECTION('',(0.,1.,0.));
#15968 = DIRECTION('',(0.,0.,1.));
#15969 = ADVANCED_FACE('',(#15970),#15976,.F.);
#15970 = FACE_BOUND('',#15971,.F.);
#15971 = EDGE_LOOP('',(#15972,#15973,#15974,#15975));
#15972 = ORIENTED_EDGE('',*,*,#15859,.F.);
#15973 = ORIENTED_EDGE('',*,*,#15929,.T.);
#15974 = ORIENTED_EDGE('',*,*,#15899,.T.);
#15975 = ORIENTED_EDGE('',*,*,#15951,.F.);
#15976 = PLANE('',#15977);
#15977 = AXIS2_PLACEMENT_3D('',#15978,#15979,#15980);
#15978 = CARTESIAN_POINT('',(76.2,4.42595E+03,2.5019E+03));
#15979 = DIRECTION('',(0.,0.,1.));
#15980 = DIRECTION('',(1.,0.,0.));
#15981 = ADVANCED_FACE('',(#15982),#15988,.T.);
#15982 = FACE_BOUND('',#15983,.T.);
#15983 = EDGE_LOOP('',(#15984,#15985,#15986,#15987));
#15984 = ORIENTED_EDGE('',*,*,#15875,.F.);
#15985 = ORIENTED_EDGE('',*,*,#15936,.T.);
#15986 = ORIENTED_EDGE('',*,*,#15915,.T.);
#15987 = ORIENTED_EDGE('',*,*,#15958,.F.);
#15988 = PLANE('',#15989);
#15989 = AXIS2_PLACEMENT_3D('',#15990,#15991,#15992);
#15990 = CARTESIAN_POINT('',(76.2,4.42595E+03,2.6416E+03));
#15991 = DIRECTION('',(0.,0.,1.));
#15992 = DIRECTION('',(1.,0.,0.));
#15993 = MANIFOLD_SOLID_BREP('',#15994);
#15994 = CLOSED_SHELL('',(#15995,#16035,#16075,#16097,#16119,#16131));
#15995 = ADVANCED_FACE('',(#15996),#16030,.F.);
#15996 = FACE_BOUND('',#15997,.F.);
#15997 = EDGE_LOOP('',(#15998,#16008,#16016,#16024));
#15998 = ORIENTED_EDGE('',*,*,#15999,.F.);
#15999 = EDGE_CURVE('',#16000,#16002,#16004,.T.);
#16000 = VERTEX_POINT('',#16001);
#16001 = CARTESIAN_POINT('',(76.2,4.46405E+03,2.5019E+03));
#16002 = VERTEX_POINT('',#16003);
#16003 = CARTESIAN_POINT('',(76.2,4.46405E+03,2.6416E+03));
#16004 = LINE('',#16005,#16006);
#16005 = CARTESIAN_POINT('',(76.2,4.46405E+03,2.5019E+03));
#16006 = VECTOR('',#16007,1.);
#16007 = DIRECTION('',(0.,0.,1.));
#16008 = ORIENTED_EDGE('',*,*,#16009,.T.);
#16009 = EDGE_CURVE('',#16000,#16010,#16012,.T.);
#16010 = VERTEX_POINT('',#16011);
#16011 = CARTESIAN_POINT('',(76.2,4.50215E+03,2.5019E+03));
#16012 = LINE('',#16013,#16014);
#16013 = CARTESIAN_POINT('',(76.2,4.46405E+03,2.5019E+03));
#16014 = VECTOR('',#16015,1.);
#16015 = DIRECTION('',(0.,1.,0.));
#16016 = ORIENTED_EDGE('',*,*,#16017,.T.);
#16017 = EDGE_CURVE('',#16010,#16018,#16020,.T.);
#16018 = VERTEX_POINT('',#16019);
#16019 = CARTESIAN_POINT('',(76.2,4.50215E+03,2.6416E+03));
#16020 = LINE('',#16021,#16022);
#16021 = CARTESIAN_POINT('',(76.2,4.50215E+03,2.5019E+03));
#16022 = VECTOR('',#16023,1.);
#16023 = DIRECTION('',(0.,0.,1.));
#16024 = ORIENTED_EDGE('',*,*,#16025,.F.);
#16025 = EDGE_CURVE('',#16002,#16018,#16026,.T.);
#16026 = LINE('',#16027,#16028);
#16027 = CARTESIAN_POINT('',(76.2,4.46405E+03,2.6416E+03));
#16028 = VECTOR('',#16029,1.);
#16029 = DIRECTION('',(0.,1.,0.));
#16030 = PLANE('',#16031);
#16031 = AXIS2_PLACEMENT_3D('',#16032,#16033,#16034);
#16032 = CARTESIAN_POINT('',(76.2,4.46405E+03,2.5019E+03));
#16033 = DIRECTION('',(1.,0.,0.));
#16034 = DIRECTION('',(0.,0.,1.));
#16035 = ADVANCED_FACE('',(#16036),#16070,.T.);
#16036 = FACE_BOUND('',#16037,.T.);
#16037 = EDGE_LOOP('',(#16038,#16048,#16056,#16064));
#16038 = ORIENTED_EDGE('',*,*,#16039,.F.);
#16039 = EDGE_CURVE('',#16040,#16042,#16044,.T.);
#16040 = VERTEX_POINT('',#16041);
#16041 = CARTESIAN_POINT('',(6.2611E+03,4.46405E+03,2.5019E+03));
#16042 = VERTEX_POINT('',#16043);
#16043 = CARTESIAN_POINT('',(6.2611E+03,4.46405E+03,2.6416E+03));
#16044 = LINE('',#16045,#16046);
#16045 = CARTESIAN_POINT('',(6.2611E+03,4.46405E+03,2.5019E+03));
#16046 = VECTOR('',#16047,1.);
#16047 = DIRECTION('',(0.,0.,1.));
#16048 = ORIENTED_EDGE('',*,*,#16049,.T.);
#16049 = EDGE_CURVE('',#16040,#16050,#16052,.T.);
#16050 = VERTEX_POINT('',#16051);
#16051 = CARTESIAN_POINT('',(6.2611E+03,4.50215E+03,2.5019E+03));
#16052 = LINE('',#16053,#16054);
#16053 = CARTESIAN_POINT('',(6.2611E+03,4.46405E+03,2.5019E+03));
#16054 = VECTOR('',#16055,1.);
#16055 = DIRECTION('',(0.,1.,0.));
#16056 = ORIENTED_EDGE('',*,*,#16057,.T.);
#16057 = EDGE_CURVE('',#16050,#16058,#16060,.T.);
#16058 = VERTEX_POINT('',#16059);
#16059 = CARTESIAN_POINT('',(6.2611E+03,4.50215E+03,2.6416E+03));
#16060 = LINE('',#16061,#16062);
#16061 = CARTESIAN_POINT('',(6.2611E+03,4.50215E+03,2.5019E+03));
#16062 = VECTOR('',#16063,1.);
#16063 = DIRECTION('',(0.,0.,1.));
#16064 = ORIENTED_EDGE('',*,*,#16065,.F.);
#16065 = EDGE_CURVE('',#16042,#16058,#16066,.T.);
#16066 = LINE('',#16067,#16068);
#16067 = CARTESIAN_POINT('',(6.2611E+03,4.46405E+03,2.6416E+03));
#16068 = VECTOR('',#16069,1.);
#16069 = DIRECTION('',(0.,1.,0.));
#16070 = PLANE('',#16071);
#16071 = AXIS2_PLACEMENT_3D('',#16072,#16073,#16074);
#16072 = CARTESIAN_POINT('',(6.2611E+03,4.46405E+03,2.5019E+03));
#16073 = DIRECTION('',(1.,0.,0.));
#16074 = DIRECTION('',(0.,0.,1.));
#16075 = ADVANCED_FACE('',(#16076),#16092,.F.);
#16076 = FACE_BOUND('',#16077,.F.);
#16077 = EDGE_LOOP('',(#16078,#16084,#16085,#16091));
#16078 = ORIENTED_EDGE('',*,*,#16079,.F.);
#16079 = EDGE_CURVE('',#16000,#16040,#16080,.T.);
#16080 = LINE('',#16081,#16082);
#16081 = CARTESIAN_POINT('',(76.2,4.46405E+03,2.5019E+03));
#16082 = VECTOR('',#16083,1.);
#16083 = DIRECTION('',(1.,0.,0.));
#16084 = ORIENTED_EDGE('',*,*,#15999,.T.);
#16085 = ORIENTED_EDGE('',*,*,#16086,.T.);
#16086 = EDGE_CURVE('',#16002,#16042,#16087,.T.);
#16087 = LINE('',#16088,#16089);
#16088 = CARTESIAN_POINT('',(76.2,4.46405E+03,2.6416E+03));
#16089 = VECTOR('',#16090,1.);
#16090 = DIRECTION('',(1.,0.,0.));
#16091 = ORIENTED_EDGE('',*,*,#16039,.F.);
#16092 = PLANE('',#16093);
#16093 = AXIS2_PLACEMENT_3D('',#16094,#16095,#16096);
#16094 = CARTESIAN_POINT('',(76.2,4.46405E+03,2.5019E+03));
#16095 = DIRECTION('',(0.,1.,0.));
#16096 = DIRECTION('',(0.,0.,1.));
#16097 = ADVANCED_FACE('',(#16098),#16114,.T.);
#16098 = FACE_BOUND('',#16099,.T.);
#16099 = EDGE_LOOP('',(#16100,#16106,#16107,#16113));
#16100 = ORIENTED_EDGE('',*,*,#16101,.F.);
#16101 = EDGE_CURVE('',#16010,#16050,#16102,.T.);
#16102 = LINE('',#16103,#16104);
#16103 = CARTESIAN_POINT('',(76.2,4.50215E+03,2.5019E+03));
#16104 = VECTOR('',#16105,1.);
#16105 = DIRECTION('',(1.,0.,0.));
#16106 = ORIENTED_EDGE('',*,*,#16017,.T.);
#16107 = ORIENTED_EDGE('',*,*,#16108,.T.);
#16108 = EDGE_CURVE('',#16018,#16058,#16109,.T.);
#16109 = LINE('',#16110,#16111);
#16110 = CARTESIAN_POINT('',(76.2,4.50215E+03,2.6416E+03));
#16111 = VECTOR('',#16112,1.);
#16112 = DIRECTION('',(1.,0.,0.));
#16113 = ORIENTED_EDGE('',*,*,#16057,.F.);
#16114 = PLANE('',#16115);
#16115 = AXIS2_PLACEMENT_3D('',#16116,#16117,#16118);
#16116 = CARTESIAN_POINT('',(76.2,4.50215E+03,2.5019E+03));
#16117 = DIRECTION('',(0.,1.,0.));
#16118 = DIRECTION('',(0.,0.,1.));
#16119 = ADVANCED_FACE('',(#16120),#16126,.F.);
#16120 = FACE_BOUND('',#16121,.F.);
#16121 = EDGE_LOOP('',(#16122,#16123,#16124,#16125));
#16122 = ORIENTED_EDGE('',*,*,#16009,.F.);
#16123 = ORIENTED_EDGE('',*,*,#16079,.T.);
#16124 = ORIENTED_EDGE('',*,*,#16049,.T.);
#16125 = ORIENTED_EDGE('',*,*,#16101,.F.);
#16126 = PLANE('',#16127);
#16127 = AXIS2_PLACEMENT_3D('',#16128,#16129,#16130);
#16128 = CARTESIAN_POINT('',(76.2,4.46405E+03,2.5019E+03));
#16129 = DIRECTION('',(0.,0.,1.));
#16130 = DIRECTION('',(1.,0.,0.));
#16131 = ADVANCED_FACE('',(#16132),#16138,.T.);
#16132 = FACE_BOUND('',#16133,.T.);
#16133 = EDGE_LOOP('',(#16134,#16135,#16136,#16137));
#16134 = ORIENTED_EDGE('',*,*,#16025,.F.);
#16135 = ORIENTED_EDGE('',*,*,#16086,.T.);
#16136 = ORIENTED_EDGE('',*,*,#16065,.T.);
#16137 = ORIENTED_EDGE('',*,*,#16108,.F.);
#16138 = PLANE('',#16139);
#16139 = AXIS2_PLACEMENT_3D('',#16140,#16141,#16142);
#16140 = CARTESIAN_POINT('',(76.2,4.46405E+03,2.6416E+03));
#16141 = DIRECTION('',(0.,0.,1.));
#16142 = DIRECTION('',(1.,0.,0.));
#16143 = MANIFOLD_SOLID_BREP('',#16144);
#16144 = CLOSED_SHELL('',(#16145,#16185,#16225,#16247,#16269,#16281));
#16145 = ADVANCED_FACE('',(#16146),#16180,.F.);
#16146 = FACE_BOUND('',#16147,.F.);
#16147 = EDGE_LOOP('',(#16148,#16158,#16166,#16174));
#16148 = ORIENTED_EDGE('',*,*,#16149,.F.);
#16149 = EDGE_CURVE('',#16150,#16152,#16154,.T.);
#16150 = VERTEX_POINT('',#16151);
#16151 = CARTESIAN_POINT('',(1.3716E+03,1.92405E+03,2.6416E+03));
#16152 = VERTEX_POINT('',#16153);
#16153 = CARTESIAN_POINT('',(1.3716E+03,1.92405E+03,2.66065E+03));
#16154 = LINE('',#16155,#16156);
#16155 = CARTESIAN_POINT('',(1.3716E+03,1.92405E+03,2.6416E+03));
#16156 = VECTOR('',#16157,1.);
#16157 = DIRECTION('',(0.,0.,1.));
#16158 = ORIENTED_EDGE('',*,*,#16159,.T.);
#16159 = EDGE_CURVE('',#16150,#16160,#16162,.T.);
#16160 = VERTEX_POINT('',#16161);
#16161 = CARTESIAN_POINT('',(1.3716E+03,4.50215E+03,2.6416E+03));
#16162 = LINE('',#16163,#16164);
#16163 = CARTESIAN_POINT('',(1.3716E+03,1.92405E+03,2.6416E+03));
#16164 = VECTOR('',#16165,1.);
#16165 = DIRECTION('',(0.,1.,0.));
#16166 = ORIENTED_EDGE('',*,*,#16167,.T.);
#16167 = EDGE_CURVE('',#16160,#16168,#16170,.T.);
#16168 = VERTEX_POINT('',#16169);
#16169 = CARTESIAN_POINT('',(1.3716E+03,4.50215E+03,2.66065E+03));
#16170 = LINE('',#16171,#16172);
#16171 = CARTESIAN_POINT('',(1.3716E+03,4.50215E+03,2.6416E+03));
#16172 = VECTOR('',#16173,1.);
#16173 = DIRECTION('',(0.,0.,1.));
#16174 = ORIENTED_EDGE('',*,*,#16175,.F.);
#16175 = EDGE_CURVE('',#16152,#16168,#16176,.T.);
#16176 = LINE('',#16177,#16178);
#16177 = CARTESIAN_POINT('',(1.3716E+03,1.92405E+03,2.66065E+03));
#16178 = VECTOR('',#16179,1.);
#16179 = DIRECTION('',(0.,1.,0.));
#16180 = PLANE('',#16181);
#16181 = AXIS2_PLACEMENT_3D('',#16182,#16183,#16184);
#16182 = CARTESIAN_POINT('',(1.3716E+03,1.92405E+03,2.6416E+03));
#16183 = DIRECTION('',(1.,0.,0.));
#16184 = DIRECTION('',(0.,0.,1.));
#16185 = ADVANCED_FACE('',(#16186),#16220,.T.);
#16186 = FACE_BOUND('',#16187,.T.);
#16187 = EDGE_LOOP('',(#16188,#16198,#16206,#16214));
#16188 = ORIENTED_EDGE('',*,*,#16189,.F.);
#16189 = EDGE_CURVE('',#16190,#16192,#16194,.T.);
#16190 = VERTEX_POINT('',#16191);
#16191 = CARTESIAN_POINT('',(4.9657E+03,1.92405E+03,2.6416E+03));
#16192 = VERTEX_POINT('',#16193);
#16193 = CARTESIAN_POINT('',(4.9657E+03,1.92405E+03,2.66065E+03));
#16194 = LINE('',#16195,#16196);
#16195 = CARTESIAN_POINT('',(4.9657E+03,1.92405E+03,2.6416E+03));
#16196 = VECTOR('',#16197,1.);
#16197 = DIRECTION('',(0.,0.,1.));
#16198 = ORIENTED_EDGE('',*,*,#16199,.T.);
#16199 = EDGE_CURVE('',#16190,#16200,#16202,.T.);
#16200 = VERTEX_POINT('',#16201);
#16201 = CARTESIAN_POINT('',(4.9657E+03,4.50215E+03,2.6416E+03));
#16202 = LINE('',#16203,#16204);
#16203 = CARTESIAN_POINT('',(4.9657E+03,1.92405E+03,2.6416E+03));
#16204 = VECTOR('',#16205,1.);
#16205 = DIRECTION('',(0.,1.,0.));
#16206 = ORIENTED_EDGE('',*,*,#16207,.T.);
#16207 = EDGE_CURVE('',#16200,#16208,#16210,.T.);
#16208 = VERTEX_POINT('',#16209);
#16209 = CARTESIAN_POINT('',(4.9657E+03,4.50215E+03,2.66065E+03));
#16210 = LINE('',#16211,#16212);
#16211 = CARTESIAN_POINT('',(4.9657E+03,4.50215E+03,2.6416E+03));
#16212 = VECTOR('',#16213,1.);
#16213 = DIRECTION('',(0.,0.,1.));
#16214 = ORIENTED_EDGE('',*,*,#16215,.F.);
#16215 = EDGE_CURVE('',#16192,#16208,#16216,.T.);
#16216 = LINE('',#16217,#16218);
#16217 = CARTESIAN_POINT('',(4.9657E+03,1.92405E+03,2.66065E+03));
#16218 = VECTOR('',#16219,1.);
#16219 = DIRECTION('',(0.,1.,0.));
#16220 = PLANE('',#16221);
#16221 = AXIS2_PLACEMENT_3D('',#16222,#16223,#16224);
#16222 = CARTESIAN_POINT('',(4.9657E+03,1.92405E+03,2.6416E+03));
#16223 = DIRECTION('',(1.,0.,0.));
#16224 = DIRECTION('',(0.,0.,1.));
#16225 = ADVANCED_FACE('',(#16226),#16242,.F.);
#16226 = FACE_BOUND('',#16227,.F.);
#16227 = EDGE_LOOP('',(#16228,#16234,#16235,#16241));
#16228 = ORIENTED_EDGE('',*,*,#16229,.F.);
#16229 = EDGE_CURVE('',#16150,#16190,#16230,.T.);
#16230 = LINE('',#16231,#16232);
#16231 = CARTESIAN_POINT('',(1.3716E+03,1.92405E+03,2.6416E+03));
#16232 = VECTOR('',#16233,1.);
#16233 = DIRECTION('',(1.,0.,0.));
#16234 = ORIENTED_EDGE('',*,*,#16149,.T.);
#16235 = ORIENTED_EDGE('',*,*,#16236,.T.);
#16236 = EDGE_CURVE('',#16152,#16192,#16237,.T.);
#16237 = LINE('',#16238,#16239);
#16238 = CARTESIAN_POINT('',(1.3716E+03,1.92405E+03,2.66065E+03));
#16239 = VECTOR('',#16240,1.);
#16240 = DIRECTION('',(1.,0.,0.));
#16241 = ORIENTED_EDGE('',*,*,#16189,.F.);
#16242 = PLANE('',#16243);
#16243 = AXIS2_PLACEMENT_3D('',#16244,#16245,#16246);
#16244 = CARTESIAN_POINT('',(1.3716E+03,1.92405E+03,2.6416E+03));
#16245 = DIRECTION('',(0.,1.,0.));
#16246 = DIRECTION('',(0.,0.,1.));
#16247 = ADVANCED_FACE('',(#16248),#16264,.T.);
#16248 = FACE_BOUND('',#16249,.T.);
#16249 = EDGE_LOOP('',(#16250,#16256,#16257,#16263));
#16250 = ORIENTED_EDGE('',*,*,#16251,.F.);
#16251 = EDGE_CURVE('',#16160,#16200,#16252,.T.);
#16252 = LINE('',#16253,#16254);
#16253 = CARTESIAN_POINT('',(1.3716E+03,4.50215E+03,2.6416E+03));
#16254 = VECTOR('',#16255,1.);
#16255 = DIRECTION('',(1.,0.,0.));
#16256 = ORIENTED_EDGE('',*,*,#16167,.T.);
#16257 = ORIENTED_EDGE('',*,*,#16258,.T.);
#16258 = EDGE_CURVE('',#16168,#16208,#16259,.T.);
#16259 = LINE('',#16260,#16261);
#16260 = CARTESIAN_POINT('',(1.3716E+03,4.50215E+03,2.66065E+03));
#16261 = VECTOR('',#16262,1.);
#16262 = DIRECTION('',(1.,0.,0.));
#16263 = ORIENTED_EDGE('',*,*,#16207,.F.);
#16264 = PLANE('',#16265);
#16265 = AXIS2_PLACEMENT_3D('',#16266,#16267,#16268);
#16266 = CARTESIAN_POINT('',(1.3716E+03,4.50215E+03,2.6416E+03));
#16267 = DIRECTION('',(0.,1.,0.));
#16268 = DIRECTION('',(0.,0.,1.));
#16269 = ADVANCED_FACE('',(#16270),#16276,.F.);
#16270 = FACE_BOUND('',#16271,.F.);
#16271 = EDGE_LOOP('',(#16272,#16273,#16274,#16275));
#16272 = ORIENTED_EDGE('',*,*,#16159,.F.);
#16273 = ORIENTED_EDGE('',*,*,#16229,.T.);
#16274 = ORIENTED_EDGE('',*,*,#16199,.T.);
#16275 = ORIENTED_EDGE('',*,*,#16251,.F.);
#16276 = PLANE('',#16277);
#16277 = AXIS2_PLACEMENT_3D('',#16278,#16279,#16280);
#16278 = CARTESIAN_POINT('',(1.3716E+03,1.92405E+03,2.6416E+03));
#16279 = DIRECTION('',(0.,0.,1.));
#16280 = DIRECTION('',(1.,0.,0.));
#16281 = ADVANCED_FACE('',(#16282),#16288,.T.);
#16282 = FACE_BOUND('',#16283,.T.);
#16283 = EDGE_LOOP('',(#16284,#16285,#16286,#16287));
#16284 = ORIENTED_EDGE('',*,*,#16175,.F.);
#16285 = ORIENTED_EDGE('',*,*,#16236,.T.);
#16286 = ORIENTED_EDGE('',*,*,#16215,.T.);
#16287 = ORIENTED_EDGE('',*,*,#16258,.F.);
#16288 = PLANE('',#16289);
#16289 = AXIS2_PLACEMENT_3D('',#16290,#16291,#16292);
#16290 = CARTESIAN_POINT('',(1.3716E+03,1.92405E+03,2.66065E+03));
#16291 = DIRECTION('',(0.,0.,1.));
#16292 = DIRECTION('',(1.,0.,0.));
#16293 = MANIFOLD_SOLID_BREP('',#16294);
#16294 = CLOSED_SHELL('',(#16295,#16335,#16375,#16397,#16419,#16431));
#16295 = ADVANCED_FACE('',(#16296),#16330,.F.);
#16296 = FACE_BOUND('',#16297,.F.);
#16297 = EDGE_LOOP('',(#16298,#16308,#16316,#16324));
#16298 = ORIENTED_EDGE('',*,*,#16299,.F.);
#16299 = EDGE_CURVE('',#16300,#16302,#16304,.T.);
#16300 = VERTEX_POINT('',#16301);
#16301 = CARTESIAN_POINT('',(1.42875E+03,5.4356E+03,2.5019E+03));
#16302 = VERTEX_POINT('',#16303);
#16303 = CARTESIAN_POINT('',(1.42875E+03,5.4356E+03,2.6416E+03));
#16304 = LINE('',#16305,#16306);
#16305 = CARTESIAN_POINT('',(1.42875E+03,5.4356E+03,2.5019E+03));
#16306 = VECTOR('',#16307,1.);
#16307 = DIRECTION('',(0.,0.,1.));
#16308 = ORIENTED_EDGE('',*,*,#16309,.T.);
#16309 = EDGE_CURVE('',#16300,#16310,#16312,.T.);
#16310 = VERTEX_POINT('',#16311);
#16311 = CARTESIAN_POINT('',(1.42875E+03,5.4737E+03,2.5019E+03));
#16312 = LINE('',#16313,#16314);
#16313 = CARTESIAN_POINT('',(1.42875E+03,5.4356E+03,2.5019E+03));
#16314 = VECTOR('',#16315,1.);
#16315 = DIRECTION('',(0.,1.,0.));
#16316 = ORIENTED_EDGE('',*,*,#16317,.T.);
#16317 = EDGE_CURVE('',#16310,#16318,#16320,.T.);
#16318 = VERTEX_POINT('',#16319);
#16319 = CARTESIAN_POINT('',(1.42875E+03,5.4737E+03,2.6416E+03));
#16320 = LINE('',#16321,#16322);
#16321 = CARTESIAN_POINT('',(1.42875E+03,5.4737E+03,2.5019E+03));
#16322 = VECTOR('',#16323,1.);
#16323 = DIRECTION('',(0.,0.,1.));
#16324 = ORIENTED_EDGE('',*,*,#16325,.F.);
#16325 = EDGE_CURVE('',#16302,#16318,#16326,.T.);
#16326 = LINE('',#16327,#16328);
#16327 = CARTESIAN_POINT('',(1.42875E+03,5.4356E+03,2.6416E+03));
#16328 = VECTOR('',#16329,1.);
#16329 = DIRECTION('',(0.,1.,0.));
#16330 = PLANE('',#16331);
#16331 = AXIS2_PLACEMENT_3D('',#16332,#16333,#16334);
#16332 = CARTESIAN_POINT('',(1.42875E+03,5.4356E+03,2.5019E+03));
#16333 = DIRECTION('',(1.,0.,0.));
#16334 = DIRECTION('',(0.,0.,1.));
#16335 = ADVANCED_FACE('',(#16336),#16370,.T.);
#16336 = FACE_BOUND('',#16337,.T.);
#16337 = EDGE_LOOP('',(#16338,#16348,#16356,#16364));
#16338 = ORIENTED_EDGE('',*,*,#16339,.F.);
#16339 = EDGE_CURVE('',#16340,#16342,#16344,.T.);
#16340 = VERTEX_POINT('',#16341);
#16341 = CARTESIAN_POINT('',(4.98475E+03,5.4356E+03,2.5019E+03));
#16342 = VERTEX_POINT('',#16343);
#16343 = CARTESIAN_POINT('',(4.98475E+03,5.4356E+03,2.6416E+03));
#16344 = LINE('',#16345,#16346);
#16345 = CARTESIAN_POINT('',(4.98475E+03,5.4356E+03,2.5019E+03));
#16346 = VECTOR('',#16347,1.);
#16347 = DIRECTION('',(0.,0.,1.));
#16348 = ORIENTED_EDGE('',*,*,#16349,.T.);
#16349 = EDGE_CURVE('',#16340,#16350,#16352,.T.);
#16350 = VERTEX_POINT('',#16351);
#16351 = CARTESIAN_POINT('',(4.98475E+03,5.4737E+03,2.5019E+03));
#16352 = LINE('',#16353,#16354);
#16353 = CARTESIAN_POINT('',(4.98475E+03,5.4356E+03,2.5019E+03));
#16354 = VECTOR('',#16355,1.);
#16355 = DIRECTION('',(0.,1.,0.));
#16356 = ORIENTED_EDGE('',*,*,#16357,.T.);
#16357 = EDGE_CURVE('',#16350,#16358,#16360,.T.);
#16358 = VERTEX_POINT('',#16359);
#16359 = CARTESIAN_POINT('',(4.98475E+03,5.4737E+03,2.6416E+03));
#16360 = LINE('',#16361,#16362);
#16361 = CARTESIAN_POINT('',(4.98475E+03,5.4737E+03,2.5019E+03));
#16362 = VECTOR('',#16363,1.);
#16363 = DIRECTION('',(0.,0.,1.));
#16364 = ORIENTED_EDGE('',*,*,#16365,.F.);
#16365 = EDGE_CURVE('',#16342,#16358,#16366,.T.);
#16366 = LINE('',#16367,#16368);
#16367 = CARTESIAN_POINT('',(4.98475E+03,5.4356E+03,2.6416E+03));
#16368 = VECTOR('',#16369,1.);
#16369 = DIRECTION('',(0.,1.,0.));
#16370 = PLANE('',#16371);
#16371 = AXIS2_PLACEMENT_3D('',#16372,#16373,#16374);
#16372 = CARTESIAN_POINT('',(4.98475E+03,5.4356E+03,2.5019E+03));
#16373 = DIRECTION('',(1.,0.,0.));
#16374 = DIRECTION('',(0.,0.,1.));
#16375 = ADVANCED_FACE('',(#16376),#16392,.F.);
#16376 = FACE_BOUND('',#16377,.F.);
#16377 = EDGE_LOOP('',(#16378,#16384,#16385,#16391));
#16378 = ORIENTED_EDGE('',*,*,#16379,.F.);
#16379 = EDGE_CURVE('',#16300,#16340,#16380,.T.);
#16380 = LINE('',#16381,#16382);
#16381 = CARTESIAN_POINT('',(1.42875E+03,5.4356E+03,2.5019E+03));
#16382 = VECTOR('',#16383,1.);
#16383 = DIRECTION('',(1.,0.,0.));
#16384 = ORIENTED_EDGE('',*,*,#16299,.T.);
#16385 = ORIENTED_EDGE('',*,*,#16386,.T.);
#16386 = EDGE_CURVE('',#16302,#16342,#16387,.T.);
#16387 = LINE('',#16388,#16389);
#16388 = CARTESIAN_POINT('',(1.42875E+03,5.4356E+03,2.6416E+03));
#16389 = VECTOR('',#16390,1.);
#16390 = DIRECTION('',(1.,0.,0.));
#16391 = ORIENTED_EDGE('',*,*,#16339,.F.);
#16392 = PLANE('',#16393);
#16393 = AXIS2_PLACEMENT_3D('',#16394,#16395,#16396);
#16394 = CARTESIAN_POINT('',(1.42875E+03,5.4356E+03,2.5019E+03));
#16395 = DIRECTION('',(0.,1.,0.));
#16396 = DIRECTION('',(0.,0.,1.));
#16397 = ADVANCED_FACE('',(#16398),#16414,.T.);
#16398 = FACE_BOUND('',#16399,.T.);
#16399 = EDGE_LOOP('',(#16400,#16406,#16407,#16413));
#16400 = ORIENTED_EDGE('',*,*,#16401,.F.);
#16401 = EDGE_CURVE('',#16310,#16350,#16402,.T.);
#16402 = LINE('',#16403,#16404);
#16403 = CARTESIAN_POINT('',(1.42875E+03,5.4737E+03,2.5019E+03));
#16404 = VECTOR('',#16405,1.);
#16405 = DIRECTION('',(1.,0.,0.));
#16406 = ORIENTED_EDGE('',*,*,#16317,.T.);
#16407 = ORIENTED_EDGE('',*,*,#16408,.T.);
#16408 = EDGE_CURVE('',#16318,#16358,#16409,.T.);
#16409 = LINE('',#16410,#16411);
#16410 = CARTESIAN_POINT('',(1.42875E+03,5.4737E+03,2.6416E+03));
#16411 = VECTOR('',#16412,1.);
#16412 = DIRECTION('',(1.,0.,0.));
#16413 = ORIENTED_EDGE('',*,*,#16357,.F.);
#16414 = PLANE('',#16415);
#16415 = AXIS2_PLACEMENT_3D('',#16416,#16417,#16418);
#16416 = CARTESIAN_POINT('',(1.42875E+03,5.4737E+03,2.5019E+03));
#16417 = DIRECTION('',(0.,1.,0.));
#16418 = DIRECTION('',(0.,0.,1.));
#16419 = ADVANCED_FACE('',(#16420),#16426,.F.);
#16420 = FACE_BOUND('',#16421,.F.);
#16421 = EDGE_LOOP('',(#16422,#16423,#16424,#16425));
#16422 = ORIENTED_EDGE('',*,*,#16309,.F.);
#16423 = ORIENTED_EDGE('',*,*,#16379,.T.);
#16424 = ORIENTED_EDGE('',*,*,#16349,.T.);
#16425 = ORIENTED_EDGE('',*,*,#16401,.F.);
#16426 = PLANE('',#16427);
#16427 = AXIS2_PLACEMENT_3D('',#16428,#16429,#16430);
#16428 = CARTESIAN_POINT('',(1.42875E+03,5.4356E+03,2.5019E+03));
#16429 = DIRECTION('',(0.,0.,1.));
#16430 = DIRECTION('',(1.,0.,0.));
#16431 = ADVANCED_FACE('',(#16432),#16438,.T.);
#16432 = FACE_BOUND('',#16433,.T.);
#16433 = EDGE_LOOP('',(#16434,#16435,#16436,#16437));
#16434 = ORIENTED_EDGE('',*,*,#16325,.F.);
#16435 = ORIENTED_EDGE('',*,*,#16386,.T.);
#16436 = ORIENTED_EDGE('',*,*,#16365,.T.);
#16437 = ORIENTED_EDGE('',*,*,#16408,.F.);
#16438 = PLANE('',#16439);
#16439 = AXIS2_PLACEMENT_3D('',#16440,#16441,#16442);
#16440 = CARTESIAN_POINT('',(1.42875E+03,5.4356E+03,2.6416E+03));
#16441 = DIRECTION('',(0.,0.,1.));
#16442 = DIRECTION('',(1.,0.,0.));
#16443 = MANIFOLD_SOLID_BREP('',#16444);
#16444 = CLOSED_SHELL('',(#16445,#16485,#16525,#16547,#16569,#16581));
#16445 = ADVANCED_FACE('',(#16446),#16480,.F.);
#16446 = FACE_BOUND('',#16447,.F.);
#16447 = EDGE_LOOP('',(#16448,#16458,#16466,#16474));
#16448 = ORIENTED_EDGE('',*,*,#16449,.F.);
#16449 = EDGE_CURVE('',#16450,#16452,#16454,.T.);
#16450 = VERTEX_POINT('',#16451);
#16451 = CARTESIAN_POINT('',(1.42875E+03,6.1341E+03,2.5019E+03));
#16452 = VERTEX_POINT('',#16453);
#16453 = CARTESIAN_POINT('',(1.42875E+03,6.1341E+03,2.6416E+03));
#16454 = LINE('',#16455,#16456);
#16455 = CARTESIAN_POINT('',(1.42875E+03,6.1341E+03,2.5019E+03));
#16456 = VECTOR('',#16457,1.);
#16457 = DIRECTION('',(0.,0.,1.));
#16458 = ORIENTED_EDGE('',*,*,#16459,.T.);
#16459 = EDGE_CURVE('',#16450,#16460,#16462,.T.);
#16460 = VERTEX_POINT('',#16461);
#16461 = CARTESIAN_POINT('',(1.42875E+03,6.1722E+03,2.5019E+03));
#16462 = LINE('',#16463,#16464);
#16463 = CARTESIAN_POINT('',(1.42875E+03,6.1341E+03,2.5019E+03));
#16464 = VECTOR('',#16465,1.);
#16465 = DIRECTION('',(0.,1.,0.));
#16466 = ORIENTED_EDGE('',*,*,#16467,.T.);
#16467 = EDGE_CURVE('',#16460,#16468,#16470,.T.);
#16468 = VERTEX_POINT('',#16469);
#16469 = CARTESIAN_POINT('',(1.42875E+03,6.1722E+03,2.6416E+03));
#16470 = LINE('',#16471,#16472);
#16471 = CARTESIAN_POINT('',(1.42875E+03,6.1722E+03,2.5019E+03));
#16472 = VECTOR('',#16473,1.);
#16473 = DIRECTION('',(0.,0.,1.));
#16474 = ORIENTED_EDGE('',*,*,#16475,.F.);
#16475 = EDGE_CURVE('',#16452,#16468,#16476,.T.);
#16476 = LINE('',#16477,#16478);
#16477 = CARTESIAN_POINT('',(1.42875E+03,6.1341E+03,2.6416E+03));
#16478 = VECTOR('',#16479,1.);
#16479 = DIRECTION('',(0.,1.,0.));
#16480 = PLANE('',#16481);
#16481 = AXIS2_PLACEMENT_3D('',#16482,#16483,#16484);
#16482 = CARTESIAN_POINT('',(1.42875E+03,6.1341E+03,2.5019E+03));
#16483 = DIRECTION('',(1.,0.,0.));
#16484 = DIRECTION('',(0.,0.,1.));
#16485 = ADVANCED_FACE('',(#16486),#16520,.T.);
#16486 = FACE_BOUND('',#16487,.T.);
#16487 = EDGE_LOOP('',(#16488,#16498,#16506,#16514));
#16488 = ORIENTED_EDGE('',*,*,#16489,.F.);
#16489 = EDGE_CURVE('',#16490,#16492,#16494,.T.);
#16490 = VERTEX_POINT('',#16491);
#16491 = CARTESIAN_POINT('',(4.98475E+03,6.1341E+03,2.5019E+03));
#16492 = VERTEX_POINT('',#16493);
#16493 = CARTESIAN_POINT('',(4.98475E+03,6.1341E+03,2.6416E+03));
#16494 = LINE('',#16495,#16496);
#16495 = CARTESIAN_POINT('',(4.98475E+03,6.1341E+03,2.5019E+03));
#16496 = VECTOR('',#16497,1.);
#16497 = DIRECTION('',(0.,0.,1.));
#16498 = ORIENTED_EDGE('',*,*,#16499,.T.);
#16499 = EDGE_CURVE('',#16490,#16500,#16502,.T.);
#16500 = VERTEX_POINT('',#16501);
#16501 = CARTESIAN_POINT('',(4.98475E+03,6.1722E+03,2.5019E+03));
#16502 = LINE('',#16503,#16504);
#16503 = CARTESIAN_POINT('',(4.98475E+03,6.1341E+03,2.5019E+03));
#16504 = VECTOR('',#16505,1.);
#16505 = DIRECTION('',(0.,1.,0.));
#16506 = ORIENTED_EDGE('',*,*,#16507,.T.);
#16507 = EDGE_CURVE('',#16500,#16508,#16510,.T.);
#16508 = VERTEX_POINT('',#16509);
#16509 = CARTESIAN_POINT('',(4.98475E+03,6.1722E+03,2.6416E+03));
#16510 = LINE('',#16511,#16512);
#16511 = CARTESIAN_POINT('',(4.98475E+03,6.1722E+03,2.5019E+03));
#16512 = VECTOR('',#16513,1.);
#16513 = DIRECTION('',(0.,0.,1.));
#16514 = ORIENTED_EDGE('',*,*,#16515,.F.);
#16515 = EDGE_CURVE('',#16492,#16508,#16516,.T.);
#16516 = LINE('',#16517,#16518);
#16517 = CARTESIAN_POINT('',(4.98475E+03,6.1341E+03,2.6416E+03));
#16518 = VECTOR('',#16519,1.);
#16519 = DIRECTION('',(0.,1.,0.));
#16520 = PLANE('',#16521);
#16521 = AXIS2_PLACEMENT_3D('',#16522,#16523,#16524);
#16522 = CARTESIAN_POINT('',(4.98475E+03,6.1341E+03,2.5019E+03));
#16523 = DIRECTION('',(1.,0.,0.));
#16524 = DIRECTION('',(0.,0.,1.));
#16525 = ADVANCED_FACE('',(#16526),#16542,.F.);
#16526 = FACE_BOUND('',#16527,.F.);
#16527 = EDGE_LOOP('',(#16528,#16534,#16535,#16541));
#16528 = ORIENTED_EDGE('',*,*,#16529,.F.);
#16529 = EDGE_CURVE('',#16450,#16490,#16530,.T.);
#16530 = LINE('',#16531,#16532);
#16531 = CARTESIAN_POINT('',(1.42875E+03,6.1341E+03,2.5019E+03));
#16532 = VECTOR('',#16533,1.);
#16533 = DIRECTION('',(1.,0.,0.));
#16534 = ORIENTED_EDGE('',*,*,#16449,.T.);
#16535 = ORIENTED_EDGE('',*,*,#16536,.T.);
#16536 = EDGE_CURVE('',#16452,#16492,#16537,.T.);
#16537 = LINE('',#16538,#16539);
#16538 = CARTESIAN_POINT('',(1.42875E+03,6.1341E+03,2.6416E+03));
#16539 = VECTOR('',#16540,1.);
#16540 = DIRECTION('',(1.,0.,0.));
#16541 = ORIENTED_EDGE('',*,*,#16489,.F.);
#16542 = PLANE('',#16543);
#16543 = AXIS2_PLACEMENT_3D('',#16544,#16545,#16546);
#16544 = CARTESIAN_POINT('',(1.42875E+03,6.1341E+03,2.5019E+03));
#16545 = DIRECTION('',(0.,1.,0.));
#16546 = DIRECTION('',(0.,0.,1.));
#16547 = ADVANCED_FACE('',(#16548),#16564,.T.);
#16548 = FACE_BOUND('',#16549,.T.);
#16549 = EDGE_LOOP('',(#16550,#16556,#16557,#16563));
#16550 = ORIENTED_EDGE('',*,*,#16551,.F.);
#16551 = EDGE_CURVE('',#16460,#16500,#16552,.T.);
#16552 = LINE('',#16553,#16554);
#16553 = CARTESIAN_POINT('',(1.42875E+03,6.1722E+03,2.5019E+03));
#16554 = VECTOR('',#16555,1.);
#16555 = DIRECTION('',(1.,0.,0.));
#16556 = ORIENTED_EDGE('',*,*,#16467,.T.);
#16557 = ORIENTED_EDGE('',*,*,#16558,.T.);
#16558 = EDGE_CURVE('',#16468,#16508,#16559,.T.);
#16559 = LINE('',#16560,#16561);
#16560 = CARTESIAN_POINT('',(1.42875E+03,6.1722E+03,2.6416E+03));
#16561 = VECTOR('',#16562,1.);
#16562 = DIRECTION('',(1.,0.,0.));
#16563 = ORIENTED_EDGE('',*,*,#16507,.F.);
#16564 = PLANE('',#16565);
#16565 = AXIS2_PLACEMENT_3D('',#16566,#16567,#16568);
#16566 = CARTESIAN_POINT('',(1.42875E+03,6.1722E+03,2.5019E+03));
#16567 = DIRECTION('',(0.,1.,0.));
#16568 = DIRECTION('',(0.,0.,1.));
#16569 = ADVANCED_FACE('',(#16570),#16576,.F.);
#16570 = FACE_BOUND('',#16571,.F.);
#16571 = EDGE_LOOP('',(#16572,#16573,#16574,#16575));
#16572 = ORIENTED_EDGE('',*,*,#16459,.F.);
#16573 = ORIENTED_EDGE('',*,*,#16529,.T.);
#16574 = ORIENTED_EDGE('',*,*,#16499,.T.);
#16575 = ORIENTED_EDGE('',*,*,#16551,.F.);
#16576 = PLANE('',#16577);
#16577 = AXIS2_PLACEMENT_3D('',#16578,#16579,#16580);
#16578 = CARTESIAN_POINT('',(1.42875E+03,6.1341E+03,2.5019E+03));
#16579 = DIRECTION('',(0.,0.,1.));
#16580 = DIRECTION('',(1.,0.,0.));
#16581 = ADVANCED_FACE('',(#16582),#16588,.T.);
#16582 = FACE_BOUND('',#16583,.T.);
#16583 = EDGE_LOOP('',(#16584,#16585,#16586,#16587));
#16584 = ORIENTED_EDGE('',*,*,#16475,.F.);
#16585 = ORIENTED_EDGE('',*,*,#16536,.T.);
#16586 = ORIENTED_EDGE('',*,*,#16515,.T.);
#16587 = ORIENTED_EDGE('',*,*,#16558,.F.);
#16588 = PLANE('',#16589);
#16589 = AXIS2_PLACEMENT_3D('',#16590,#16591,#16592);
#16590 = CARTESIAN_POINT('',(1.42875E+03,6.1341E+03,2.6416E+03));
#16591 = DIRECTION('',(0.,0.,1.));
#16592 = DIRECTION('',(1.,0.,0.));
#16593 = MANIFOLD_SOLID_BREP('',#16594);
#16594 = CLOSED_SHELL('',(#16595,#16635,#16675,#16697,#16719,#16731));
#16595 = ADVANCED_FACE('',(#16596),#16630,.F.);
#16596 = FACE_BOUND('',#16597,.F.);
#16597 = EDGE_LOOP('',(#16598,#16608,#16616,#16624));
#16598 = ORIENTED_EDGE('',*,*,#16599,.F.);
#16599 = EDGE_CURVE('',#16600,#16602,#16604,.T.);
#16600 = VERTEX_POINT('',#16601);
#16601 = CARTESIAN_POINT('',(1.42875E+03,5.4737E+03,2.5019E+03));
#16602 = VERTEX_POINT('',#16603);
#16603 = CARTESIAN_POINT('',(1.42875E+03,5.4737E+03,2.6416E+03));
#16604 = LINE('',#16605,#16606);
#16605 = CARTESIAN_POINT('',(1.42875E+03,5.4737E+03,2.5019E+03));
#16606 = VECTOR('',#16607,1.);
#16607 = DIRECTION('',(0.,0.,1.));
#16608 = ORIENTED_EDGE('',*,*,#16609,.T.);
#16609 = EDGE_CURVE('',#16600,#16610,#16612,.T.);
#16610 = VERTEX_POINT('',#16611);
#16611 = CARTESIAN_POINT('',(1.42875E+03,6.1341E+03,2.5019E+03));
#16612 = LINE('',#16613,#16614);
#16613 = CARTESIAN_POINT('',(1.42875E+03,5.4737E+03,2.5019E+03));
#16614 = VECTOR('',#16615,1.);
#16615 = DIRECTION('',(0.,1.,0.));
#16616 = ORIENTED_EDGE('',*,*,#16617,.T.);
#16617 = EDGE_CURVE('',#16610,#16618,#16620,.T.);
#16618 = VERTEX_POINT('',#16619);
#16619 = CARTESIAN_POINT('',(1.42875E+03,6.1341E+03,2.6416E+03));
#16620 = LINE('',#16621,#16622);
#16621 = CARTESIAN_POINT('',(1.42875E+03,6.1341E+03,2.5019E+03));
#16622 = VECTOR('',#16623,1.);
#16623 = DIRECTION('',(0.,0.,1.));
#16624 = ORIENTED_EDGE('',*,*,#16625,.F.);
#16625 = EDGE_CURVE('',#16602,#16618,#16626,.T.);
#16626 = LINE('',#16627,#16628);
#16627 = CARTESIAN_POINT('',(1.42875E+03,5.4737E+03,2.6416E+03));
#16628 = VECTOR('',#16629,1.);
#16629 = DIRECTION('',(0.,1.,0.));
#16630 = PLANE('',#16631);
#16631 = AXIS2_PLACEMENT_3D('',#16632,#16633,#16634);
#16632 = CARTESIAN_POINT('',(1.42875E+03,5.4737E+03,2.5019E+03));
#16633 = DIRECTION('',(1.,0.,0.));
#16634 = DIRECTION('',(0.,0.,1.));
#16635 = ADVANCED_FACE('',(#16636),#16670,.T.);
#16636 = FACE_BOUND('',#16637,.T.);
#16637 = EDGE_LOOP('',(#16638,#16648,#16656,#16664));
#16638 = ORIENTED_EDGE('',*,*,#16639,.F.);
#16639 = EDGE_CURVE('',#16640,#16642,#16644,.T.);
#16640 = VERTEX_POINT('',#16641);
#16641 = CARTESIAN_POINT('',(1.46685E+03,5.4737E+03,2.5019E+03));
#16642 = VERTEX_POINT('',#16643);
#16643 = CARTESIAN_POINT('',(1.46685E+03,5.4737E+03,2.6416E+03));
#16644 = LINE('',#16645,#16646);
#16645 = CARTESIAN_POINT('',(1.46685E+03,5.4737E+03,2.5019E+03));
#16646 = VECTOR('',#16647,1.);
#16647 = DIRECTION('',(0.,0.,1.));
#16648 = ORIENTED_EDGE('',*,*,#16649,.T.);
#16649 = EDGE_CURVE('',#16640,#16650,#16652,.T.);
#16650 = VERTEX_POINT('',#16651);
#16651 = CARTESIAN_POINT('',(1.46685E+03,6.1341E+03,2.5019E+03));
#16652 = LINE('',#16653,#16654);
#16653 = CARTESIAN_POINT('',(1.46685E+03,5.4737E+03,2.5019E+03));
#16654 = VECTOR('',#16655,1.);
#16655 = DIRECTION('',(0.,1.,0.));
#16656 = ORIENTED_EDGE('',*,*,#16657,.T.);
#16657 = EDGE_CURVE('',#16650,#16658,#16660,.T.);
#16658 = VERTEX_POINT('',#16659);
#16659 = CARTESIAN_POINT('',(1.46685E+03,6.1341E+03,2.6416E+03));
#16660 = LINE('',#16661,#16662);
#16661 = CARTESIAN_POINT('',(1.46685E+03,6.1341E+03,2.5019E+03));
#16662 = VECTOR('',#16663,1.);
#16663 = DIRECTION('',(0.,0.,1.));
#16664 = ORIENTED_EDGE('',*,*,#16665,.F.);
#16665 = EDGE_CURVE('',#16642,#16658,#16666,.T.);
#16666 = LINE('',#16667,#16668);
#16667 = CARTESIAN_POINT('',(1.46685E+03,5.4737E+03,2.6416E+03));
#16668 = VECTOR('',#16669,1.);
#16669 = DIRECTION('',(0.,1.,0.));
#16670 = PLANE('',#16671);
#16671 = AXIS2_PLACEMENT_3D('',#16672,#16673,#16674);
#16672 = CARTESIAN_POINT('',(1.46685E+03,5.4737E+03,2.5019E+03));
#16673 = DIRECTION('',(1.,0.,0.));
#16674 = DIRECTION('',(0.,0.,1.));
#16675 = ADVANCED_FACE('',(#16676),#16692,.F.);
#16676 = FACE_BOUND('',#16677,.F.);
#16677 = EDGE_LOOP('',(#16678,#16684,#16685,#16691));
#16678 = ORIENTED_EDGE('',*,*,#16679,.F.);
#16679 = EDGE_CURVE('',#16600,#16640,#16680,.T.);
#16680 = LINE('',#16681,#16682);
#16681 = CARTESIAN_POINT('',(1.42875E+03,5.4737E+03,2.5019E+03));
#16682 = VECTOR('',#16683,1.);
#16683 = DIRECTION('',(1.,0.,0.));
#16684 = ORIENTED_EDGE('',*,*,#16599,.T.);
#16685 = ORIENTED_EDGE('',*,*,#16686,.T.);
#16686 = EDGE_CURVE('',#16602,#16642,#16687,.T.);
#16687 = LINE('',#16688,#16689);
#16688 = CARTESIAN_POINT('',(1.42875E+03,5.4737E+03,2.6416E+03));
#16689 = VECTOR('',#16690,1.);
#16690 = DIRECTION('',(1.,0.,0.));
#16691 = ORIENTED_EDGE('',*,*,#16639,.F.);
#16692 = PLANE('',#16693);
#16693 = AXIS2_PLACEMENT_3D('',#16694,#16695,#16696);
#16694 = CARTESIAN_POINT('',(1.42875E+03,5.4737E+03,2.5019E+03));
#16695 = DIRECTION('',(0.,1.,0.));
#16696 = DIRECTION('',(0.,0.,1.));
#16697 = ADVANCED_FACE('',(#16698),#16714,.T.);
#16698 = FACE_BOUND('',#16699,.T.);
#16699 = EDGE_LOOP('',(#16700,#16706,#16707,#16713));
#16700 = ORIENTED_EDGE('',*,*,#16701,.F.);
#16701 = EDGE_CURVE('',#16610,#16650,#16702,.T.);
#16702 = LINE('',#16703,#16704);
#16703 = CARTESIAN_POINT('',(1.42875E+03,6.1341E+03,2.5019E+03));
#16704 = VECTOR('',#16705,1.);
#16705 = DIRECTION('',(1.,0.,0.));
#16706 = ORIENTED_EDGE('',*,*,#16617,.T.);
#16707 = ORIENTED_EDGE('',*,*,#16708,.T.);
#16708 = EDGE_CURVE('',#16618,#16658,#16709,.T.);
#16709 = LINE('',#16710,#16711);
#16710 = CARTESIAN_POINT('',(1.42875E+03,6.1341E+03,2.6416E+03));
#16711 = VECTOR('',#16712,1.);
#16712 = DIRECTION('',(1.,0.,0.));
#16713 = ORIENTED_EDGE('',*,*,#16657,.F.);
#16714 = PLANE('',#16715);
#16715 = AXIS2_PLACEMENT_3D('',#16716,#16717,#16718);
#16716 = CARTESIAN_POINT('',(1.42875E+03,6.1341E+03,2.5019E+03));
#16717 = DIRECTION('',(0.,1.,0.));
#16718 = DIRECTION('',(0.,0.,1.));
#16719 = ADVANCED_FACE('',(#16720),#16726,.F.);
#16720 = FACE_BOUND('',#16721,.F.);
#16721 = EDGE_LOOP('',(#16722,#16723,#16724,#16725));
#16722 = ORIENTED_EDGE('',*,*,#16609,.F.);
#16723 = ORIENTED_EDGE('',*,*,#16679,.T.);
#16724 = ORIENTED_EDGE('',*,*,#16649,.T.);
#16725 = ORIENTED_EDGE('',*,*,#16701,.F.);
#16726 = PLANE('',#16727);
#16727 = AXIS2_PLACEMENT_3D('',#16728,#16729,#16730);
#16728 = CARTESIAN_POINT('',(1.42875E+03,5.4737E+03,2.5019E+03));
#16729 = DIRECTION('',(0.,0.,1.));
#16730 = DIRECTION('',(1.,0.,0.));
#16731 = ADVANCED_FACE('',(#16732),#16738,.T.);
#16732 = FACE_BOUND('',#16733,.T.);
#16733 = EDGE_LOOP('',(#16734,#16735,#16736,#16737));
#16734 = ORIENTED_EDGE('',*,*,#16625,.F.);
#16735 = ORIENTED_EDGE('',*,*,#16686,.T.);
#16736 = ORIENTED_EDGE('',*,*,#16665,.T.);
#16737 = ORIENTED_EDGE('',*,*,#16708,.F.);
#16738 = PLANE('',#16739);
#16739 = AXIS2_PLACEMENT_3D('',#16740,#16741,#16742);
#16740 = CARTESIAN_POINT('',(1.42875E+03,5.4737E+03,2.6416E+03));
#16741 = DIRECTION('',(0.,0.,1.));
#16742 = DIRECTION('',(1.,0.,0.));
#16743 = MANIFOLD_SOLID_BREP('',#16744);
#16744 = CLOSED_SHELL('',(#16745,#16785,#16825,#16847,#16869,#16881));
#16745 = ADVANCED_FACE('',(#16746),#16780,.F.);
#16746 = FACE_BOUND('',#16747,.F.);
#16747 = EDGE_LOOP('',(#16748,#16758,#16766,#16774));
#16748 = ORIENTED_EDGE('',*,*,#16749,.F.);
#16749 = EDGE_CURVE('',#16750,#16752,#16754,.T.);
#16750 = VERTEX_POINT('',#16751);
#16751 = CARTESIAN_POINT('',(2.03835E+03,5.4737E+03,2.5019E+03));
#16752 = VERTEX_POINT('',#16753);
#16753 = CARTESIAN_POINT('',(2.03835E+03,5.4737E+03,2.6416E+03));
#16754 = LINE('',#16755,#16756);
#16755 = CARTESIAN_POINT('',(2.03835E+03,5.4737E+03,2.5019E+03));
#16756 = VECTOR('',#16757,1.);
#16757 = DIRECTION('',(0.,0.,1.));
#16758 = ORIENTED_EDGE('',*,*,#16759,.T.);
#16759 = EDGE_CURVE('',#16750,#16760,#16762,.T.);
#16760 = VERTEX_POINT('',#16761);
#16761 = CARTESIAN_POINT('',(2.03835E+03,6.1341E+03,2.5019E+03));
#16762 = LINE('',#16763,#16764);
#16763 = CARTESIAN_POINT('',(2.03835E+03,5.4737E+03,2.5019E+03));
#16764 = VECTOR('',#16765,1.);
#16765 = DIRECTION('',(0.,1.,0.));
#16766 = ORIENTED_EDGE('',*,*,#16767,.T.);
#16767 = EDGE_CURVE('',#16760,#16768,#16770,.T.);
#16768 = VERTEX_POINT('',#16769);
#16769 = CARTESIAN_POINT('',(2.03835E+03,6.1341E+03,2.6416E+03));
#16770 = LINE('',#16771,#16772);
#16771 = CARTESIAN_POINT('',(2.03835E+03,6.1341E+03,2.5019E+03));
#16772 = VECTOR('',#16773,1.);
#16773 = DIRECTION('',(0.,0.,1.));
#16774 = ORIENTED_EDGE('',*,*,#16775,.F.);
#16775 = EDGE_CURVE('',#16752,#16768,#16776,.T.);
#16776 = LINE('',#16777,#16778);
#16777 = CARTESIAN_POINT('',(2.03835E+03,5.4737E+03,2.6416E+03));
#16778 = VECTOR('',#16779,1.);
#16779 = DIRECTION('',(0.,1.,0.));
#16780 = PLANE('',#16781);
#16781 = AXIS2_PLACEMENT_3D('',#16782,#16783,#16784);
#16782 = CARTESIAN_POINT('',(2.03835E+03,5.4737E+03,2.5019E+03));
#16783 = DIRECTION('',(1.,0.,0.));
#16784 = DIRECTION('',(0.,0.,1.));
#16785 = ADVANCED_FACE('',(#16786),#16820,.T.);
#16786 = FACE_BOUND('',#16787,.T.);
#16787 = EDGE_LOOP('',(#16788,#16798,#16806,#16814));
#16788 = ORIENTED_EDGE('',*,*,#16789,.F.);
#16789 = EDGE_CURVE('',#16790,#16792,#16794,.T.);
#16790 = VERTEX_POINT('',#16791);
#16791 = CARTESIAN_POINT('',(2.07645E+03,5.4737E+03,2.5019E+03));
#16792 = VERTEX_POINT('',#16793);
#16793 = CARTESIAN_POINT('',(2.07645E+03,5.4737E+03,2.6416E+03));
#16794 = LINE('',#16795,#16796);
#16795 = CARTESIAN_POINT('',(2.07645E+03,5.4737E+03,2.5019E+03));
#16796 = VECTOR('',#16797,1.);
#16797 = DIRECTION('',(0.,0.,1.));
#16798 = ORIENTED_EDGE('',*,*,#16799,.T.);
#16799 = EDGE_CURVE('',#16790,#16800,#16802,.T.);
#16800 = VERTEX_POINT('',#16801);
#16801 = CARTESIAN_POINT('',(2.07645E+03,6.1341E+03,2.5019E+03));
#16802 = LINE('',#16803,#16804);
#16803 = CARTESIAN_POINT('',(2.07645E+03,5.4737E+03,2.5019E+03));
#16804 = VECTOR('',#16805,1.);
#16805 = DIRECTION('',(0.,1.,0.));
#16806 = ORIENTED_EDGE('',*,*,#16807,.T.);
#16807 = EDGE_CURVE('',#16800,#16808,#16810,.T.);
#16808 = VERTEX_POINT('',#16809);
#16809 = CARTESIAN_POINT('',(2.07645E+03,6.1341E+03,2.6416E+03));
#16810 = LINE('',#16811,#16812);
#16811 = CARTESIAN_POINT('',(2.07645E+03,6.1341E+03,2.5019E+03));
#16812 = VECTOR('',#16813,1.);
#16813 = DIRECTION('',(0.,0.,1.));
#16814 = ORIENTED_EDGE('',*,*,#16815,.F.);
#16815 = EDGE_CURVE('',#16792,#16808,#16816,.T.);
#16816 = LINE('',#16817,#16818);
#16817 = CARTESIAN_POINT('',(2.07645E+03,5.4737E+03,2.6416E+03));
#16818 = VECTOR('',#16819,1.);
#16819 = DIRECTION('',(0.,1.,0.));
#16820 = PLANE('',#16821);
#16821 = AXIS2_PLACEMENT_3D('',#16822,#16823,#16824);
#16822 = CARTESIAN_POINT('',(2.07645E+03,5.4737E+03,2.5019E+03));
#16823 = DIRECTION('',(1.,0.,0.));
#16824 = DIRECTION('',(0.,0.,1.));
#16825 = ADVANCED_FACE('',(#16826),#16842,.F.);
#16826 = FACE_BOUND('',#16827,.F.);
#16827 = EDGE_LOOP('',(#16828,#16834,#16835,#16841));
#16828 = ORIENTED_EDGE('',*,*,#16829,.F.);
#16829 = EDGE_CURVE('',#16750,#16790,#16830,.T.);
#16830 = LINE('',#16831,#16832);
#16831 = CARTESIAN_POINT('',(2.03835E+03,5.4737E+03,2.5019E+03));
#16832 = VECTOR('',#16833,1.);
#16833 = DIRECTION('',(1.,0.,0.));
#16834 = ORIENTED_EDGE('',*,*,#16749,.T.);
#16835 = ORIENTED_EDGE('',*,*,#16836,.T.);
#16836 = EDGE_CURVE('',#16752,#16792,#16837,.T.);
#16837 = LINE('',#16838,#16839);
#16838 = CARTESIAN_POINT('',(2.03835E+03,5.4737E+03,2.6416E+03));
#16839 = VECTOR('',#16840,1.);
#16840 = DIRECTION('',(1.,0.,0.));
#16841 = ORIENTED_EDGE('',*,*,#16789,.F.);
#16842 = PLANE('',#16843);
#16843 = AXIS2_PLACEMENT_3D('',#16844,#16845,#16846);
#16844 = CARTESIAN_POINT('',(2.03835E+03,5.4737E+03,2.5019E+03));
#16845 = DIRECTION('',(0.,1.,0.));
#16846 = DIRECTION('',(0.,0.,1.));
#16847 = ADVANCED_FACE('',(#16848),#16864,.T.);
#16848 = FACE_BOUND('',#16849,.T.);
#16849 = EDGE_LOOP('',(#16850,#16856,#16857,#16863));
#16850 = ORIENTED_EDGE('',*,*,#16851,.F.);
#16851 = EDGE_CURVE('',#16760,#16800,#16852,.T.);
#16852 = LINE('',#16853,#16854);
#16853 = CARTESIAN_POINT('',(2.03835E+03,6.1341E+03,2.5019E+03));
#16854 = VECTOR('',#16855,1.);
#16855 = DIRECTION('',(1.,0.,0.));
#16856 = ORIENTED_EDGE('',*,*,#16767,.T.);
#16857 = ORIENTED_EDGE('',*,*,#16858,.T.);
#16858 = EDGE_CURVE('',#16768,#16808,#16859,.T.);
#16859 = LINE('',#16860,#16861);
#16860 = CARTESIAN_POINT('',(2.03835E+03,6.1341E+03,2.6416E+03));
#16861 = VECTOR('',#16862,1.);
#16862 = DIRECTION('',(1.,0.,0.));
#16863 = ORIENTED_EDGE('',*,*,#16807,.F.);
#16864 = PLANE('',#16865);
#16865 = AXIS2_PLACEMENT_3D('',#16866,#16867,#16868);
#16866 = CARTESIAN_POINT('',(2.03835E+03,6.1341E+03,2.5019E+03));
#16867 = DIRECTION('',(0.,1.,0.));
#16868 = DIRECTION('',(0.,0.,1.));
#16869 = ADVANCED_FACE('',(#16870),#16876,.F.);
#16870 = FACE_BOUND('',#16871,.F.);
#16871 = EDGE_LOOP('',(#16872,#16873,#16874,#16875));
#16872 = ORIENTED_EDGE('',*,*,#16759,.F.);
#16873 = ORIENTED_EDGE('',*,*,#16829,.T.);
#16874 = ORIENTED_EDGE('',*,*,#16799,.T.);
#16875 = ORIENTED_EDGE('',*,*,#16851,.F.);
#16876 = PLANE('',#16877);
#16877 = AXIS2_PLACEMENT_3D('',#16878,#16879,#16880);
#16878 = CARTESIAN_POINT('',(2.03835E+03,5.4737E+03,2.5019E+03));
#16879 = DIRECTION('',(0.,0.,1.));
#16880 = DIRECTION('',(1.,0.,0.));
#16881 = ADVANCED_FACE('',(#16882),#16888,.T.);
#16882 = FACE_BOUND('',#16883,.T.);
#16883 = EDGE_LOOP('',(#16884,#16885,#16886,#16887));
#16884 = ORIENTED_EDGE('',*,*,#16775,.F.);
#16885 = ORIENTED_EDGE('',*,*,#16836,.T.);
#16886 = ORIENTED_EDGE('',*,*,#16815,.T.);
#16887 = ORIENTED_EDGE('',*,*,#16858,.F.);
#16888 = PLANE('',#16889);
#16889 = AXIS2_PLACEMENT_3D('',#16890,#16891,#16892);
#16890 = CARTESIAN_POINT('',(2.03835E+03,5.4737E+03,2.6416E+03));
#16891 = DIRECTION('',(0.,0.,1.));
#16892 = DIRECTION('',(1.,0.,0.));
#16893 = MANIFOLD_SOLID_BREP('',#16894);
#16894 = CLOSED_SHELL('',(#16895,#16935,#16975,#16997,#17019,#17031));
#16895 = ADVANCED_FACE('',(#16896),#16930,.F.);
#16896 = FACE_BOUND('',#16897,.F.);
#16897 = EDGE_LOOP('',(#16898,#16908,#16916,#16924));
#16898 = ORIENTED_EDGE('',*,*,#16899,.F.);
#16899 = EDGE_CURVE('',#16900,#16902,#16904,.T.);
#16900 = VERTEX_POINT('',#16901);
#16901 = CARTESIAN_POINT('',(2.64795E+03,5.4737E+03,2.5019E+03));
#16902 = VERTEX_POINT('',#16903);
#16903 = CARTESIAN_POINT('',(2.64795E+03,5.4737E+03,2.6416E+03));
#16904 = LINE('',#16905,#16906);
#16905 = CARTESIAN_POINT('',(2.64795E+03,5.4737E+03,2.5019E+03));
#16906 = VECTOR('',#16907,1.);
#16907 = DIRECTION('',(0.,0.,1.));
#16908 = ORIENTED_EDGE('',*,*,#16909,.T.);
#16909 = EDGE_CURVE('',#16900,#16910,#16912,.T.);
#16910 = VERTEX_POINT('',#16911);
#16911 = CARTESIAN_POINT('',(2.64795E+03,6.1341E+03,2.5019E+03));
#16912 = LINE('',#16913,#16914);
#16913 = CARTESIAN_POINT('',(2.64795E+03,5.4737E+03,2.5019E+03));
#16914 = VECTOR('',#16915,1.);
#16915 = DIRECTION('',(0.,1.,0.));
#16916 = ORIENTED_EDGE('',*,*,#16917,.T.);
#16917 = EDGE_CURVE('',#16910,#16918,#16920,.T.);
#16918 = VERTEX_POINT('',#16919);
#16919 = CARTESIAN_POINT('',(2.64795E+03,6.1341E+03,2.6416E+03));
#16920 = LINE('',#16921,#16922);
#16921 = CARTESIAN_POINT('',(2.64795E+03,6.1341E+03,2.5019E+03));
#16922 = VECTOR('',#16923,1.);
#16923 = DIRECTION('',(0.,0.,1.));
#16924 = ORIENTED_EDGE('',*,*,#16925,.F.);
#16925 = EDGE_CURVE('',#16902,#16918,#16926,.T.);
#16926 = LINE('',#16927,#16928);
#16927 = CARTESIAN_POINT('',(2.64795E+03,5.4737E+03,2.6416E+03));
#16928 = VECTOR('',#16929,1.);
#16929 = DIRECTION('',(0.,1.,0.));
#16930 = PLANE('',#16931);
#16931 = AXIS2_PLACEMENT_3D('',#16932,#16933,#16934);
#16932 = CARTESIAN_POINT('',(2.64795E+03,5.4737E+03,2.5019E+03));
#16933 = DIRECTION('',(1.,0.,0.));
#16934 = DIRECTION('',(0.,0.,1.));
#16935 = ADVANCED_FACE('',(#16936),#16970,.T.);
#16936 = FACE_BOUND('',#16937,.T.);
#16937 = EDGE_LOOP('',(#16938,#16948,#16956,#16964));
#16938 = ORIENTED_EDGE('',*,*,#16939,.F.);
#16939 = EDGE_CURVE('',#16940,#16942,#16944,.T.);
#16940 = VERTEX_POINT('',#16941);
#16941 = CARTESIAN_POINT('',(2.68605E+03,5.4737E+03,2.5019E+03));
#16942 = VERTEX_POINT('',#16943);
#16943 = CARTESIAN_POINT('',(2.68605E+03,5.4737E+03,2.6416E+03));
#16944 = LINE('',#16945,#16946);
#16945 = CARTESIAN_POINT('',(2.68605E+03,5.4737E+03,2.5019E+03));
#16946 = VECTOR('',#16947,1.);
#16947 = DIRECTION('',(0.,0.,1.));
#16948 = ORIENTED_EDGE('',*,*,#16949,.T.);
#16949 = EDGE_CURVE('',#16940,#16950,#16952,.T.);
#16950 = VERTEX_POINT('',#16951);
#16951 = CARTESIAN_POINT('',(2.68605E+03,6.1341E+03,2.5019E+03));
#16952 = LINE('',#16953,#16954);
#16953 = CARTESIAN_POINT('',(2.68605E+03,5.4737E+03,2.5019E+03));
#16954 = VECTOR('',#16955,1.);
#16955 = DIRECTION('',(0.,1.,0.));
#16956 = ORIENTED_EDGE('',*,*,#16957,.T.);
#16957 = EDGE_CURVE('',#16950,#16958,#16960,.T.);
#16958 = VERTEX_POINT('',#16959);
#16959 = CARTESIAN_POINT('',(2.68605E+03,6.1341E+03,2.6416E+03));
#16960 = LINE('',#16961,#16962);
#16961 = CARTESIAN_POINT('',(2.68605E+03,6.1341E+03,2.5019E+03));
#16962 = VECTOR('',#16963,1.);
#16963 = DIRECTION('',(0.,0.,1.));
#16964 = ORIENTED_EDGE('',*,*,#16965,.F.);
#16965 = EDGE_CURVE('',#16942,#16958,#16966,.T.);
#16966 = LINE('',#16967,#16968);
#16967 = CARTESIAN_POINT('',(2.68605E+03,5.4737E+03,2.6416E+03));
#16968 = VECTOR('',#16969,1.);
#16969 = DIRECTION('',(0.,1.,0.));
#16970 = PLANE('',#16971);
#16971 = AXIS2_PLACEMENT_3D('',#16972,#16973,#16974);
#16972 = CARTESIAN_POINT('',(2.68605E+03,5.4737E+03,2.5019E+03));
#16973 = DIRECTION('',(1.,0.,0.));
#16974 = DIRECTION('',(0.,0.,1.));
#16975 = ADVANCED_FACE('',(#16976),#16992,.F.);
#16976 = FACE_BOUND('',#16977,.F.);
#16977 = EDGE_LOOP('',(#16978,#16984,#16985,#16991));
#16978 = ORIENTED_EDGE('',*,*,#16979,.F.);
#16979 = EDGE_CURVE('',#16900,#16940,#16980,.T.);
#16980 = LINE('',#16981,#16982);
#16981 = CARTESIAN_POINT('',(2.64795E+03,5.4737E+03,2.5019E+03));
#16982 = VECTOR('',#16983,1.);
#16983 = DIRECTION('',(1.,0.,0.));
#16984 = ORIENTED_EDGE('',*,*,#16899,.T.);
#16985 = ORIENTED_EDGE('',*,*,#16986,.T.);
#16986 = EDGE_CURVE('',#16902,#16942,#16987,.T.);
#16987 = LINE('',#16988,#16989);
#16988 = CARTESIAN_POINT('',(2.64795E+03,5.4737E+03,2.6416E+03));
#16989 = VECTOR('',#16990,1.);
#16990 = DIRECTION('',(1.,0.,0.));
#16991 = ORIENTED_EDGE('',*,*,#16939,.F.);
#16992 = PLANE('',#16993);
#16993 = AXIS2_PLACEMENT_3D('',#16994,#16995,#16996);
#16994 = CARTESIAN_POINT('',(2.64795E+03,5.4737E+03,2.5019E+03));
#16995 = DIRECTION('',(0.,1.,0.));
#16996 = DIRECTION('',(0.,0.,1.));
#16997 = ADVANCED_FACE('',(#16998),#17014,.T.);
#16998 = FACE_BOUND('',#16999,.T.);
#16999 = EDGE_LOOP('',(#17000,#17006,#17007,#17013));
#17000 = ORIENTED_EDGE('',*,*,#17001,.F.);
#17001 = EDGE_CURVE('',#16910,#16950,#17002,.T.);
#17002 = LINE('',#17003,#17004);
#17003 = CARTESIAN_POINT('',(2.64795E+03,6.1341E+03,2.5019E+03));
#17004 = VECTOR('',#17005,1.);
#17005 = DIRECTION('',(1.,0.,0.));
#17006 = ORIENTED_EDGE('',*,*,#16917,.T.);
#17007 = ORIENTED_EDGE('',*,*,#17008,.T.);
#17008 = EDGE_CURVE('',#16918,#16958,#17009,.T.);
#17009 = LINE('',#17010,#17011);
#17010 = CARTESIAN_POINT('',(2.64795E+03,6.1341E+03,2.6416E+03));
#17011 = VECTOR('',#17012,1.);
#17012 = DIRECTION('',(1.,0.,0.));
#17013 = ORIENTED_EDGE('',*,*,#16957,.F.);
#17014 = PLANE('',#17015);
#17015 = AXIS2_PLACEMENT_3D('',#17016,#17017,#17018);
#17016 = CARTESIAN_POINT('',(2.64795E+03,6.1341E+03,2.5019E+03));
#17017 = DIRECTION('',(0.,1.,0.));
#17018 = DIRECTION('',(0.,0.,1.));
#17019 = ADVANCED_FACE('',(#17020),#17026,.F.);
#17020 = FACE_BOUND('',#17021,.F.);
#17021 = EDGE_LOOP('',(#17022,#17023,#17024,#17025));
#17022 = ORIENTED_EDGE('',*,*,#16909,.F.);
#17023 = ORIENTED_EDGE('',*,*,#16979,.T.);
#17024 = ORIENTED_EDGE('',*,*,#16949,.T.);
#17025 = ORIENTED_EDGE('',*,*,#17001,.F.);
#17026 = PLANE('',#17027);
#17027 = AXIS2_PLACEMENT_3D('',#17028,#17029,#17030);
#17028 = CARTESIAN_POINT('',(2.64795E+03,5.4737E+03,2.5019E+03));
#17029 = DIRECTION('',(0.,0.,1.));
#17030 = DIRECTION('',(1.,0.,0.));
#17031 = ADVANCED_FACE('',(#17032),#17038,.T.);
#17032 = FACE_BOUND('',#17033,.T.);
#17033 = EDGE_LOOP('',(#17034,#17035,#17036,#17037));
#17034 = ORIENTED_EDGE('',*,*,#16925,.F.);
#17035 = ORIENTED_EDGE('',*,*,#16986,.T.);
#17036 = ORIENTED_EDGE('',*,*,#16965,.T.);
#17037 = ORIENTED_EDGE('',*,*,#17008,.F.);
#17038 = PLANE('',#17039);
#17039 = AXIS2_PLACEMENT_3D('',#17040,#17041,#17042);
#17040 = CARTESIAN_POINT('',(2.64795E+03,5.4737E+03,2.6416E+03));
#17041 = DIRECTION('',(0.,0.,1.));
#17042 = DIRECTION('',(1.,0.,0.));
#17043 = MANIFOLD_SOLID_BREP('',#17044);
#17044 = CLOSED_SHELL('',(#17045,#17085,#17125,#17147,#17169,#17181));
#17045 = ADVANCED_FACE('',(#17046),#17080,.F.);
#17046 = FACE_BOUND('',#17047,.F.);
#17047 = EDGE_LOOP('',(#17048,#17058,#17066,#17074));
#17048 = ORIENTED_EDGE('',*,*,#17049,.F.);
#17049 = EDGE_CURVE('',#17050,#17052,#17054,.T.);
#17050 = VERTEX_POINT('',#17051);
#17051 = CARTESIAN_POINT('',(3.25755E+03,5.4737E+03,2.5019E+03));
#17052 = VERTEX_POINT('',#17053);
#17053 = CARTESIAN_POINT('',(3.25755E+03,5.4737E+03,2.6416E+03));
#17054 = LINE('',#17055,#17056);
#17055 = CARTESIAN_POINT('',(3.25755E+03,5.4737E+03,2.5019E+03));
#17056 = VECTOR('',#17057,1.);
#17057 = DIRECTION('',(0.,0.,1.));
#17058 = ORIENTED_EDGE('',*,*,#17059,.T.);
#17059 = EDGE_CURVE('',#17050,#17060,#17062,.T.);
#17060 = VERTEX_POINT('',#17061);
#17061 = CARTESIAN_POINT('',(3.25755E+03,6.1341E+03,2.5019E+03));
#17062 = LINE('',#17063,#17064);
#17063 = CARTESIAN_POINT('',(3.25755E+03,5.4737E+03,2.5019E+03));
#17064 = VECTOR('',#17065,1.);
#17065 = DIRECTION('',(0.,1.,0.));
#17066 = ORIENTED_EDGE('',*,*,#17067,.T.);
#17067 = EDGE_CURVE('',#17060,#17068,#17070,.T.);
#17068 = VERTEX_POINT('',#17069);
#17069 = CARTESIAN_POINT('',(3.25755E+03,6.1341E+03,2.6416E+03));
#17070 = LINE('',#17071,#17072);
#17071 = CARTESIAN_POINT('',(3.25755E+03,6.1341E+03,2.5019E+03));
#17072 = VECTOR('',#17073,1.);
#17073 = DIRECTION('',(0.,0.,1.));
#17074 = ORIENTED_EDGE('',*,*,#17075,.F.);
#17075 = EDGE_CURVE('',#17052,#17068,#17076,.T.);
#17076 = LINE('',#17077,#17078);
#17077 = CARTESIAN_POINT('',(3.25755E+03,5.4737E+03,2.6416E+03));
#17078 = VECTOR('',#17079,1.);
#17079 = DIRECTION('',(0.,1.,0.));
#17080 = PLANE('',#17081);
#17081 = AXIS2_PLACEMENT_3D('',#17082,#17083,#17084);
#17082 = CARTESIAN_POINT('',(3.25755E+03,5.4737E+03,2.5019E+03));
#17083 = DIRECTION('',(1.,0.,0.));
#17084 = DIRECTION('',(0.,0.,1.));
#17085 = ADVANCED_FACE('',(#17086),#17120,.T.);
#17086 = FACE_BOUND('',#17087,.T.);
#17087 = EDGE_LOOP('',(#17088,#17098,#17106,#17114));
#17088 = ORIENTED_EDGE('',*,*,#17089,.F.);
#17089 = EDGE_CURVE('',#17090,#17092,#17094,.T.);
#17090 = VERTEX_POINT('',#17091);
#17091 = CARTESIAN_POINT('',(3.29565E+03,5.4737E+03,2.5019E+03));
#17092 = VERTEX_POINT('',#17093);
#17093 = CARTESIAN_POINT('',(3.29565E+03,5.4737E+03,2.6416E+03));
#17094 = LINE('',#17095,#17096);
#17095 = CARTESIAN_POINT('',(3.29565E+03,5.4737E+03,2.5019E+03));
#17096 = VECTOR('',#17097,1.);
#17097 = DIRECTION('',(0.,0.,1.));
#17098 = ORIENTED_EDGE('',*,*,#17099,.T.);
#17099 = EDGE_CURVE('',#17090,#17100,#17102,.T.);
#17100 = VERTEX_POINT('',#17101);
#17101 = CARTESIAN_POINT('',(3.29565E+03,6.1341E+03,2.5019E+03));
#17102 = LINE('',#17103,#17104);
#17103 = CARTESIAN_POINT('',(3.29565E+03,5.4737E+03,2.5019E+03));
#17104 = VECTOR('',#17105,1.);
#17105 = DIRECTION('',(0.,1.,0.));
#17106 = ORIENTED_EDGE('',*,*,#17107,.T.);
#17107 = EDGE_CURVE('',#17100,#17108,#17110,.T.);
#17108 = VERTEX_POINT('',#17109);
#17109 = CARTESIAN_POINT('',(3.29565E+03,6.1341E+03,2.6416E+03));
#17110 = LINE('',#17111,#17112);
#17111 = CARTESIAN_POINT('',(3.29565E+03,6.1341E+03,2.5019E+03));
#17112 = VECTOR('',#17113,1.);
#17113 = DIRECTION('',(0.,0.,1.));
#17114 = ORIENTED_EDGE('',*,*,#17115,.F.);
#17115 = EDGE_CURVE('',#17092,#17108,#17116,.T.);
#17116 = LINE('',#17117,#17118);
#17117 = CARTESIAN_POINT('',(3.29565E+03,5.4737E+03,2.6416E+03));
#17118 = VECTOR('',#17119,1.);
#17119 = DIRECTION('',(0.,1.,0.));
#17120 = PLANE('',#17121);
#17121 = AXIS2_PLACEMENT_3D('',#17122,#17123,#17124);
#17122 = CARTESIAN_POINT('',(3.29565E+03,5.4737E+03,2.5019E+03));
#17123 = DIRECTION('',(1.,0.,0.));
#17124 = DIRECTION('',(0.,0.,1.));
#17125 = ADVANCED_FACE('',(#17126),#17142,.F.);
#17126 = FACE_BOUND('',#17127,.F.);
#17127 = EDGE_LOOP('',(#17128,#17134,#17135,#17141));
#17128 = ORIENTED_EDGE('',*,*,#17129,.F.);
#17129 = EDGE_CURVE('',#17050,#17090,#17130,.T.);
#17130 = LINE('',#17131,#17132);
#17131 = CARTESIAN_POINT('',(3.25755E+03,5.4737E+03,2.5019E+03));
#17132 = VECTOR('',#17133,1.);
#17133 = DIRECTION('',(1.,0.,0.));
#17134 = ORIENTED_EDGE('',*,*,#17049,.T.);
#17135 = ORIENTED_EDGE('',*,*,#17136,.T.);
#17136 = EDGE_CURVE('',#17052,#17092,#17137,.T.);
#17137 = LINE('',#17138,#17139);
#17138 = CARTESIAN_POINT('',(3.25755E+03,5.4737E+03,2.6416E+03));
#17139 = VECTOR('',#17140,1.);
#17140 = DIRECTION('',(1.,0.,0.));
#17141 = ORIENTED_EDGE('',*,*,#17089,.F.);
#17142 = PLANE('',#17143);
#17143 = AXIS2_PLACEMENT_3D('',#17144,#17145,#17146);
#17144 = CARTESIAN_POINT('',(3.25755E+03,5.4737E+03,2.5019E+03));
#17145 = DIRECTION('',(0.,1.,0.));
#17146 = DIRECTION('',(0.,0.,1.));
#17147 = ADVANCED_FACE('',(#17148),#17164,.T.);
#17148 = FACE_BOUND('',#17149,.T.);
#17149 = EDGE_LOOP('',(#17150,#17156,#17157,#17163));
#17150 = ORIENTED_EDGE('',*,*,#17151,.F.);
#17151 = EDGE_CURVE('',#17060,#17100,#17152,.T.);
#17152 = LINE('',#17153,#17154);
#17153 = CARTESIAN_POINT('',(3.25755E+03,6.1341E+03,2.5019E+03));
#17154 = VECTOR('',#17155,1.);
#17155 = DIRECTION('',(1.,0.,0.));
#17156 = ORIENTED_EDGE('',*,*,#17067,.T.);
#17157 = ORIENTED_EDGE('',*,*,#17158,.T.);
#17158 = EDGE_CURVE('',#17068,#17108,#17159,.T.);
#17159 = LINE('',#17160,#17161);
#17160 = CARTESIAN_POINT('',(3.25755E+03,6.1341E+03,2.6416E+03));
#17161 = VECTOR('',#17162,1.);
#17162 = DIRECTION('',(1.,0.,0.));
#17163 = ORIENTED_EDGE('',*,*,#17107,.F.);
#17164 = PLANE('',#17165);
#17165 = AXIS2_PLACEMENT_3D('',#17166,#17167,#17168);
#17166 = CARTESIAN_POINT('',(3.25755E+03,6.1341E+03,2.5019E+03));
#17167 = DIRECTION('',(0.,1.,0.));
#17168 = DIRECTION('',(0.,0.,1.));
#17169 = ADVANCED_FACE('',(#17170),#17176,.F.);
#17170 = FACE_BOUND('',#17171,.F.);
#17171 = EDGE_LOOP('',(#17172,#17173,#17174,#17175));
#17172 = ORIENTED_EDGE('',*,*,#17059,.F.);
#17173 = ORIENTED_EDGE('',*,*,#17129,.T.);
#17174 = ORIENTED_EDGE('',*,*,#17099,.T.);
#17175 = ORIENTED_EDGE('',*,*,#17151,.F.);
#17176 = PLANE('',#17177);
#17177 = AXIS2_PLACEMENT_3D('',#17178,#17179,#17180);
#17178 = CARTESIAN_POINT('',(3.25755E+03,5.4737E+03,2.5019E+03));
#17179 = DIRECTION('',(0.,0.,1.));
#17180 = DIRECTION('',(1.,0.,0.));
#17181 = ADVANCED_FACE('',(#17182),#17188,.T.);
#17182 = FACE_BOUND('',#17183,.T.);
#17183 = EDGE_LOOP('',(#17184,#17185,#17186,#17187));
#17184 = ORIENTED_EDGE('',*,*,#17075,.F.);
#17185 = ORIENTED_EDGE('',*,*,#17136,.T.);
#17186 = ORIENTED_EDGE('',*,*,#17115,.T.);
#17187 = ORIENTED_EDGE('',*,*,#17158,.F.);
#17188 = PLANE('',#17189);
#17189 = AXIS2_PLACEMENT_3D('',#17190,#17191,#17192);
#17190 = CARTESIAN_POINT('',(3.25755E+03,5.4737E+03,2.6416E+03));
#17191 = DIRECTION('',(0.,0.,1.));
#17192 = DIRECTION('',(1.,0.,0.));
#17193 = MANIFOLD_SOLID_BREP('',#17194);
#17194 = CLOSED_SHELL('',(#17195,#17235,#17275,#17297,#17319,#17331));
#17195 = ADVANCED_FACE('',(#17196),#17230,.F.);
#17196 = FACE_BOUND('',#17197,.F.);
#17197 = EDGE_LOOP('',(#17198,#17208,#17216,#17224));
#17198 = ORIENTED_EDGE('',*,*,#17199,.F.);
#17199 = EDGE_CURVE('',#17200,#17202,#17204,.T.);
#17200 = VERTEX_POINT('',#17201);
#17201 = CARTESIAN_POINT('',(3.86715E+03,5.4737E+03,2.5019E+03));
#17202 = VERTEX_POINT('',#17203);
#17203 = CARTESIAN_POINT('',(3.86715E+03,5.4737E+03,2.6416E+03));
#17204 = LINE('',#17205,#17206);
#17205 = CARTESIAN_POINT('',(3.86715E+03,5.4737E+03,2.5019E+03));
#17206 = VECTOR('',#17207,1.);
#17207 = DIRECTION('',(0.,0.,1.));
#17208 = ORIENTED_EDGE('',*,*,#17209,.T.);
#17209 = EDGE_CURVE('',#17200,#17210,#17212,.T.);
#17210 = VERTEX_POINT('',#17211);
#17211 = CARTESIAN_POINT('',(3.86715E+03,6.1341E+03,2.5019E+03));
#17212 = LINE('',#17213,#17214);
#17213 = CARTESIAN_POINT('',(3.86715E+03,5.4737E+03,2.5019E+03));
#17214 = VECTOR('',#17215,1.);
#17215 = DIRECTION('',(0.,1.,0.));
#17216 = ORIENTED_EDGE('',*,*,#17217,.T.);
#17217 = EDGE_CURVE('',#17210,#17218,#17220,.T.);
#17218 = VERTEX_POINT('',#17219);
#17219 = CARTESIAN_POINT('',(3.86715E+03,6.1341E+03,2.6416E+03));
#17220 = LINE('',#17221,#17222);
#17221 = CARTESIAN_POINT('',(3.86715E+03,6.1341E+03,2.5019E+03));
#17222 = VECTOR('',#17223,1.);
#17223 = DIRECTION('',(0.,0.,1.));
#17224 = ORIENTED_EDGE('',*,*,#17225,.F.);
#17225 = EDGE_CURVE('',#17202,#17218,#17226,.T.);
#17226 = LINE('',#17227,#17228);
#17227 = CARTESIAN_POINT('',(3.86715E+03,5.4737E+03,2.6416E+03));
#17228 = VECTOR('',#17229,1.);
#17229 = DIRECTION('',(0.,1.,0.));
#17230 = PLANE('',#17231);
#17231 = AXIS2_PLACEMENT_3D('',#17232,#17233,#17234);
#17232 = CARTESIAN_POINT('',(3.86715E+03,5.4737E+03,2.5019E+03));
#17233 = DIRECTION('',(1.,0.,0.));
#17234 = DIRECTION('',(0.,0.,1.));
#17235 = ADVANCED_FACE('',(#17236),#17270,.T.);
#17236 = FACE_BOUND('',#17237,.T.);
#17237 = EDGE_LOOP('',(#17238,#17248,#17256,#17264));
#17238 = ORIENTED_EDGE('',*,*,#17239,.F.);
#17239 = EDGE_CURVE('',#17240,#17242,#17244,.T.);
#17240 = VERTEX_POINT('',#17241);
#17241 = CARTESIAN_POINT('',(3.90525E+03,5.4737E+03,2.5019E+03));
#17242 = VERTEX_POINT('',#17243);
#17243 = CARTESIAN_POINT('',(3.90525E+03,5.4737E+03,2.6416E+03));
#17244 = LINE('',#17245,#17246);
#17245 = CARTESIAN_POINT('',(3.90525E+03,5.4737E+03,2.5019E+03));
#17246 = VECTOR('',#17247,1.);
#17247 = DIRECTION('',(0.,0.,1.));
#17248 = ORIENTED_EDGE('',*,*,#17249,.T.);
#17249 = EDGE_CURVE('',#17240,#17250,#17252,.T.);
#17250 = VERTEX_POINT('',#17251);
#17251 = CARTESIAN_POINT('',(3.90525E+03,6.1341E+03,2.5019E+03));
#17252 = LINE('',#17253,#17254);
#17253 = CARTESIAN_POINT('',(3.90525E+03,5.4737E+03,2.5019E+03));
#17254 = VECTOR('',#17255,1.);
#17255 = DIRECTION('',(0.,1.,0.));
#17256 = ORIENTED_EDGE('',*,*,#17257,.T.);
#17257 = EDGE_CURVE('',#17250,#17258,#17260,.T.);
#17258 = VERTEX_POINT('',#17259);
#17259 = CARTESIAN_POINT('',(3.90525E+03,6.1341E+03,2.6416E+03));
#17260 = LINE('',#17261,#17262);
#17261 = CARTESIAN_POINT('',(3.90525E+03,6.1341E+03,2.5019E+03));
#17262 = VECTOR('',#17263,1.);
#17263 = DIRECTION('',(0.,0.,1.));
#17264 = ORIENTED_EDGE('',*,*,#17265,.F.);
#17265 = EDGE_CURVE('',#17242,#17258,#17266,.T.);
#17266 = LINE('',#17267,#17268);
#17267 = CARTESIAN_POINT('',(3.90525E+03,5.4737E+03,2.6416E+03));
#17268 = VECTOR('',#17269,1.);
#17269 = DIRECTION('',(0.,1.,0.));
#17270 = PLANE('',#17271);
#17271 = AXIS2_PLACEMENT_3D('',#17272,#17273,#17274);
#17272 = CARTESIAN_POINT('',(3.90525E+03,5.4737E+03,2.5019E+03));
#17273 = DIRECTION('',(1.,0.,0.));
#17274 = DIRECTION('',(0.,0.,1.));
#17275 = ADVANCED_FACE('',(#17276),#17292,.F.);
#17276 = FACE_BOUND('',#17277,.F.);
#17277 = EDGE_LOOP('',(#17278,#17284,#17285,#17291));
#17278 = ORIENTED_EDGE('',*,*,#17279,.F.);
#17279 = EDGE_CURVE('',#17200,#17240,#17280,.T.);
#17280 = LINE('',#17281,#17282);
#17281 = CARTESIAN_POINT('',(3.86715E+03,5.4737E+03,2.5019E+03));
#17282 = VECTOR('',#17283,1.);
#17283 = DIRECTION('',(1.,0.,0.));
#17284 = ORIENTED_EDGE('',*,*,#17199,.T.);
#17285 = ORIENTED_EDGE('',*,*,#17286,.T.);
#17286 = EDGE_CURVE('',#17202,#17242,#17287,.T.);
#17287 = LINE('',#17288,#17289);
#17288 = CARTESIAN_POINT('',(3.86715E+03,5.4737E+03,2.6416E+03));
#17289 = VECTOR('',#17290,1.);
#17290 = DIRECTION('',(1.,0.,0.));
#17291 = ORIENTED_EDGE('',*,*,#17239,.F.);
#17292 = PLANE('',#17293);
#17293 = AXIS2_PLACEMENT_3D('',#17294,#17295,#17296);
#17294 = CARTESIAN_POINT('',(3.86715E+03,5.4737E+03,2.5019E+03));
#17295 = DIRECTION('',(0.,1.,0.));
#17296 = DIRECTION('',(0.,0.,1.));
#17297 = ADVANCED_FACE('',(#17298),#17314,.T.);
#17298 = FACE_BOUND('',#17299,.T.);
#17299 = EDGE_LOOP('',(#17300,#17306,#17307,#17313));
#17300 = ORIENTED_EDGE('',*,*,#17301,.F.);
#17301 = EDGE_CURVE('',#17210,#17250,#17302,.T.);
#17302 = LINE('',#17303,#17304);
#17303 = CARTESIAN_POINT('',(3.86715E+03,6.1341E+03,2.5019E+03));
#17304 = VECTOR('',#17305,1.);
#17305 = DIRECTION('',(1.,0.,0.));
#17306 = ORIENTED_EDGE('',*,*,#17217,.T.);
#17307 = ORIENTED_EDGE('',*,*,#17308,.T.);
#17308 = EDGE_CURVE('',#17218,#17258,#17309,.T.);
#17309 = LINE('',#17310,#17311);
#17310 = CARTESIAN_POINT('',(3.86715E+03,6.1341E+03,2.6416E+03));
#17311 = VECTOR('',#17312,1.);
#17312 = DIRECTION('',(1.,0.,0.));
#17313 = ORIENTED_EDGE('',*,*,#17257,.F.);
#17314 = PLANE('',#17315);
#17315 = AXIS2_PLACEMENT_3D('',#17316,#17317,#17318);
#17316 = CARTESIAN_POINT('',(3.86715E+03,6.1341E+03,2.5019E+03));
#17317 = DIRECTION('',(0.,1.,0.));
#17318 = DIRECTION('',(0.,0.,1.));
#17319 = ADVANCED_FACE('',(#17320),#17326,.F.);
#17320 = FACE_BOUND('',#17321,.F.);
#17321 = EDGE_LOOP('',(#17322,#17323,#17324,#17325));
#17322 = ORIENTED_EDGE('',*,*,#17209,.F.);
#17323 = ORIENTED_EDGE('',*,*,#17279,.T.);
#17324 = ORIENTED_EDGE('',*,*,#17249,.T.);
#17325 = ORIENTED_EDGE('',*,*,#17301,.F.);
#17326 = PLANE('',#17327);
#17327 = AXIS2_PLACEMENT_3D('',#17328,#17329,#17330);
#17328 = CARTESIAN_POINT('',(3.86715E+03,5.4737E+03,2.5019E+03));
#17329 = DIRECTION('',(0.,0.,1.));
#17330 = DIRECTION('',(1.,0.,0.));
#17331 = ADVANCED_FACE('',(#17332),#17338,.T.);
#17332 = FACE_BOUND('',#17333,.T.);
#17333 = EDGE_LOOP('',(#17334,#17335,#17336,#17337));
#17334 = ORIENTED_EDGE('',*,*,#17225,.F.);
#17335 = ORIENTED_EDGE('',*,*,#17286,.T.);
#17336 = ORIENTED_EDGE('',*,*,#17265,.T.);
#17337 = ORIENTED_EDGE('',*,*,#17308,.F.);
#17338 = PLANE('',#17339);
#17339 = AXIS2_PLACEMENT_3D('',#17340,#17341,#17342);
#17340 = CARTESIAN_POINT('',(3.86715E+03,5.4737E+03,2.6416E+03));
#17341 = DIRECTION('',(0.,0.,1.));
#17342 = DIRECTION('',(1.,0.,0.));
#17343 = MANIFOLD_SOLID_BREP('',#17344);
#17344 = CLOSED_SHELL('',(#17345,#17385,#17425,#17447,#17469,#17481));
#17345 = ADVANCED_FACE('',(#17346),#17380,.F.);
#17346 = FACE_BOUND('',#17347,.F.);
#17347 = EDGE_LOOP('',(#17348,#17358,#17366,#17374));
#17348 = ORIENTED_EDGE('',*,*,#17349,.F.);
#17349 = EDGE_CURVE('',#17350,#17352,#17354,.T.);
#17350 = VERTEX_POINT('',#17351);
#17351 = CARTESIAN_POINT('',(4.47675E+03,5.4737E+03,2.5019E+03));
#17352 = VERTEX_POINT('',#17353);
#17353 = CARTESIAN_POINT('',(4.47675E+03,5.4737E+03,2.6416E+03));
#17354 = LINE('',#17355,#17356);
#17355 = CARTESIAN_POINT('',(4.47675E+03,5.4737E+03,2.5019E+03));
#17356 = VECTOR('',#17357,1.);
#17357 = DIRECTION('',(0.,0.,1.));
#17358 = ORIENTED_EDGE('',*,*,#17359,.T.);
#17359 = EDGE_CURVE('',#17350,#17360,#17362,.T.);
#17360 = VERTEX_POINT('',#17361);
#17361 = CARTESIAN_POINT('',(4.47675E+03,6.1341E+03,2.5019E+03));
#17362 = LINE('',#17363,#17364);
#17363 = CARTESIAN_POINT('',(4.47675E+03,5.4737E+03,2.5019E+03));
#17364 = VECTOR('',#17365,1.);
#17365 = DIRECTION('',(0.,1.,0.));
#17366 = ORIENTED_EDGE('',*,*,#17367,.T.);
#17367 = EDGE_CURVE('',#17360,#17368,#17370,.T.);
#17368 = VERTEX_POINT('',#17369);
#17369 = CARTESIAN_POINT('',(4.47675E+03,6.1341E+03,2.6416E+03));
#17370 = LINE('',#17371,#17372);
#17371 = CARTESIAN_POINT('',(4.47675E+03,6.1341E+03,2.5019E+03));
#17372 = VECTOR('',#17373,1.);
#17373 = DIRECTION('',(0.,0.,1.));
#17374 = ORIENTED_EDGE('',*,*,#17375,.F.);
#17375 = EDGE_CURVE('',#17352,#17368,#17376,.T.);
#17376 = LINE('',#17377,#17378);
#17377 = CARTESIAN_POINT('',(4.47675E+03,5.4737E+03,2.6416E+03));
#17378 = VECTOR('',#17379,1.);
#17379 = DIRECTION('',(0.,1.,0.));
#17380 = PLANE('',#17381);
#17381 = AXIS2_PLACEMENT_3D('',#17382,#17383,#17384);
#17382 = CARTESIAN_POINT('',(4.47675E+03,5.4737E+03,2.5019E+03));
#17383 = DIRECTION('',(1.,0.,0.));
#17384 = DIRECTION('',(0.,0.,1.));
#17385 = ADVANCED_FACE('',(#17386),#17420,.T.);
#17386 = FACE_BOUND('',#17387,.T.);
#17387 = EDGE_LOOP('',(#17388,#17398,#17406,#17414));
#17388 = ORIENTED_EDGE('',*,*,#17389,.F.);
#17389 = EDGE_CURVE('',#17390,#17392,#17394,.T.);
#17390 = VERTEX_POINT('',#17391);
#17391 = CARTESIAN_POINT('',(4.51485E+03,5.4737E+03,2.5019E+03));
#17392 = VERTEX_POINT('',#17393);
#17393 = CARTESIAN_POINT('',(4.51485E+03,5.4737E+03,2.6416E+03));
#17394 = LINE('',#17395,#17396);
#17395 = CARTESIAN_POINT('',(4.51485E+03,5.4737E+03,2.5019E+03));
#17396 = VECTOR('',#17397,1.);
#17397 = DIRECTION('',(0.,0.,1.));
#17398 = ORIENTED_EDGE('',*,*,#17399,.T.);
#17399 = EDGE_CURVE('',#17390,#17400,#17402,.T.);
#17400 = VERTEX_POINT('',#17401);
#17401 = CARTESIAN_POINT('',(4.51485E+03,6.1341E+03,2.5019E+03));
#17402 = LINE('',#17403,#17404);
#17403 = CARTESIAN_POINT('',(4.51485E+03,5.4737E+03,2.5019E+03));
#17404 = VECTOR('',#17405,1.);
#17405 = DIRECTION('',(0.,1.,0.));
#17406 = ORIENTED_EDGE('',*,*,#17407,.T.);
#17407 = EDGE_CURVE('',#17400,#17408,#17410,.T.);
#17408 = VERTEX_POINT('',#17409);
#17409 = CARTESIAN_POINT('',(4.51485E+03,6.1341E+03,2.6416E+03));
#17410 = LINE('',#17411,#17412);
#17411 = CARTESIAN_POINT('',(4.51485E+03,6.1341E+03,2.5019E+03));
#17412 = VECTOR('',#17413,1.);
#17413 = DIRECTION('',(0.,0.,1.));
#17414 = ORIENTED_EDGE('',*,*,#17415,.F.);
#17415 = EDGE_CURVE('',#17392,#17408,#17416,.T.);
#17416 = LINE('',#17417,#17418);
#17417 = CARTESIAN_POINT('',(4.51485E+03,5.4737E+03,2.6416E+03));
#17418 = VECTOR('',#17419,1.);
#17419 = DIRECTION('',(0.,1.,0.));
#17420 = PLANE('',#17421);
#17421 = AXIS2_PLACEMENT_3D('',#17422,#17423,#17424);
#17422 = CARTESIAN_POINT('',(4.51485E+03,5.4737E+03,2.5019E+03));
#17423 = DIRECTION('',(1.,0.,0.));
#17424 = DIRECTION('',(0.,0.,1.));
#17425 = ADVANCED_FACE('',(#17426),#17442,.F.);
#17426 = FACE_BOUND('',#17427,.F.);
#17427 = EDGE_LOOP('',(#17428,#17434,#17435,#17441));
#17428 = ORIENTED_EDGE('',*,*,#17429,.F.);
#17429 = EDGE_CURVE('',#17350,#17390,#17430,.T.);
#17430 = LINE('',#17431,#17432);
#17431 = CARTESIAN_POINT('',(4.47675E+03,5.4737E+03,2.5019E+03));
#17432 = VECTOR('',#17433,1.);
#17433 = DIRECTION('',(1.,0.,0.));
#17434 = ORIENTED_EDGE('',*,*,#17349,.T.);
#17435 = ORIENTED_EDGE('',*,*,#17436,.T.);
#17436 = EDGE_CURVE('',#17352,#17392,#17437,.T.);
#17437 = LINE('',#17438,#17439);
#17438 = CARTESIAN_POINT('',(4.47675E+03,5.4737E+03,2.6416E+03));
#17439 = VECTOR('',#17440,1.);
#17440 = DIRECTION('',(1.,0.,0.));
#17441 = ORIENTED_EDGE('',*,*,#17389,.F.);
#17442 = PLANE('',#17443);
#17443 = AXIS2_PLACEMENT_3D('',#17444,#17445,#17446);
#17444 = CARTESIAN_POINT('',(4.47675E+03,5.4737E+03,2.5019E+03));
#17445 = DIRECTION('',(0.,1.,0.));
#17446 = DIRECTION('',(0.,0.,1.));
#17447 = ADVANCED_FACE('',(#17448),#17464,.T.);
#17448 = FACE_BOUND('',#17449,.T.);
#17449 = EDGE_LOOP('',(#17450,#17456,#17457,#17463));
#17450 = ORIENTED_EDGE('',*,*,#17451,.F.);
#17451 = EDGE_CURVE('',#17360,#17400,#17452,.T.);
#17452 = LINE('',#17453,#17454);
#17453 = CARTESIAN_POINT('',(4.47675E+03,6.1341E+03,2.5019E+03));
#17454 = VECTOR('',#17455,1.);
#17455 = DIRECTION('',(1.,0.,0.));
#17456 = ORIENTED_EDGE('',*,*,#17367,.T.);
#17457 = ORIENTED_EDGE('',*,*,#17458,.T.);
#17458 = EDGE_CURVE('',#17368,#17408,#17459,.T.);
#17459 = LINE('',#17460,#17461);
#17460 = CARTESIAN_POINT('',(4.47675E+03,6.1341E+03,2.6416E+03));
#17461 = VECTOR('',#17462,1.);
#17462 = DIRECTION('',(1.,0.,0.));
#17463 = ORIENTED_EDGE('',*,*,#17407,.F.);
#17464 = PLANE('',#17465);
#17465 = AXIS2_PLACEMENT_3D('',#17466,#17467,#17468);
#17466 = CARTESIAN_POINT('',(4.47675E+03,6.1341E+03,2.5019E+03));
#17467 = DIRECTION('',(0.,1.,0.));
#17468 = DIRECTION('',(0.,0.,1.));
#17469 = ADVANCED_FACE('',(#17470),#17476,.F.);
#17470 = FACE_BOUND('',#17471,.F.);
#17471 = EDGE_LOOP('',(#17472,#17473,#17474,#17475));
#17472 = ORIENTED_EDGE('',*,*,#17359,.F.);
#17473 = ORIENTED_EDGE('',*,*,#17429,.T.);
#17474 = ORIENTED_EDGE('',*,*,#17399,.T.);
#17475 = ORIENTED_EDGE('',*,*,#17451,.F.);
#17476 = PLANE('',#17477);
#17477 = AXIS2_PLACEMENT_3D('',#17478,#17479,#17480);
#17478 = CARTESIAN_POINT('',(4.47675E+03,5.4737E+03,2.5019E+03));
#17479 = DIRECTION('',(0.,0.,1.));
#17480 = DIRECTION('',(1.,0.,0.));
#17481 = ADVANCED_FACE('',(#17482),#17488,.T.);
#17482 = FACE_BOUND('',#17483,.T.);
#17483 = EDGE_LOOP('',(#17484,#17485,#17486,#17487));
#17484 = ORIENTED_EDGE('',*,*,#17375,.F.);
#17485 = ORIENTED_EDGE('',*,*,#17436,.T.);
#17486 = ORIENTED_EDGE('',*,*,#17415,.T.);
#17487 = ORIENTED_EDGE('',*,*,#17458,.F.);
#17488 = PLANE('',#17489);
#17489 = AXIS2_PLACEMENT_3D('',#17490,#17491,#17492);
#17490 = CARTESIAN_POINT('',(4.47675E+03,5.4737E+03,2.6416E+03));
#17491 = DIRECTION('',(0.,0.,1.));
#17492 = DIRECTION('',(1.,0.,0.));
#17493 = MANIFOLD_SOLID_BREP('',#17494);
#17494 = CLOSED_SHELL('',(#17495,#17535,#17575,#17597,#17619,#17631));
#17495 = ADVANCED_FACE('',(#17496),#17530,.F.);
#17496 = FACE_BOUND('',#17497,.F.);
#17497 = EDGE_LOOP('',(#17498,#17508,#17516,#17524));
#17498 = ORIENTED_EDGE('',*,*,#17499,.F.);
#17499 = EDGE_CURVE('',#17500,#17502,#17504,.T.);
#17500 = VERTEX_POINT('',#17501);
#17501 = CARTESIAN_POINT('',(4.94665E+03,5.4737E+03,2.5019E+03));
#17502 = VERTEX_POINT('',#17503);
#17503 = CARTESIAN_POINT('',(4.94665E+03,5.4737E+03,2.6416E+03));
#17504 = LINE('',#17505,#17506);
#17505 = CARTESIAN_POINT('',(4.94665E+03,5.4737E+03,2.5019E+03));
#17506 = VECTOR('',#17507,1.);
#17507 = DIRECTION('',(0.,0.,1.));
#17508 = ORIENTED_EDGE('',*,*,#17509,.T.);
#17509 = EDGE_CURVE('',#17500,#17510,#17512,.T.);
#17510 = VERTEX_POINT('',#17511);
#17511 = CARTESIAN_POINT('',(4.94665E+03,6.1341E+03,2.5019E+03));
#17512 = LINE('',#17513,#17514);
#17513 = CARTESIAN_POINT('',(4.94665E+03,5.4737E+03,2.5019E+03));
#17514 = VECTOR('',#17515,1.);
#17515 = DIRECTION('',(0.,1.,0.));
#17516 = ORIENTED_EDGE('',*,*,#17517,.T.);
#17517 = EDGE_CURVE('',#17510,#17518,#17520,.T.);
#17518 = VERTEX_POINT('',#17519);
#17519 = CARTESIAN_POINT('',(4.94665E+03,6.1341E+03,2.6416E+03));
#17520 = LINE('',#17521,#17522);
#17521 = CARTESIAN_POINT('',(4.94665E+03,6.1341E+03,2.5019E+03));
#17522 = VECTOR('',#17523,1.);
#17523 = DIRECTION('',(0.,0.,1.));
#17524 = ORIENTED_EDGE('',*,*,#17525,.F.);
#17525 = EDGE_CURVE('',#17502,#17518,#17526,.T.);
#17526 = LINE('',#17527,#17528);
#17527 = CARTESIAN_POINT('',(4.94665E+03,5.4737E+03,2.6416E+03));
#17528 = VECTOR('',#17529,1.);
#17529 = DIRECTION('',(0.,1.,0.));
#17530 = PLANE('',#17531);
#17531 = AXIS2_PLACEMENT_3D('',#17532,#17533,#17534);
#17532 = CARTESIAN_POINT('',(4.94665E+03,5.4737E+03,2.5019E+03));
#17533 = DIRECTION('',(1.,0.,0.));
#17534 = DIRECTION('',(0.,0.,1.));
#17535 = ADVANCED_FACE('',(#17536),#17570,.T.);
#17536 = FACE_BOUND('',#17537,.T.);
#17537 = EDGE_LOOP('',(#17538,#17548,#17556,#17564));
#17538 = ORIENTED_EDGE('',*,*,#17539,.F.);
#17539 = EDGE_CURVE('',#17540,#17542,#17544,.T.);
#17540 = VERTEX_POINT('',#17541);
#17541 = CARTESIAN_POINT('',(4.98475E+03,5.4737E+03,2.5019E+03));
#17542 = VERTEX_POINT('',#17543);
#17543 = CARTESIAN_POINT('',(4.98475E+03,5.4737E+03,2.6416E+03));
#17544 = LINE('',#17545,#17546);
#17545 = CARTESIAN_POINT('',(4.98475E+03,5.4737E+03,2.5019E+03));
#17546 = VECTOR('',#17547,1.);
#17547 = DIRECTION('',(0.,0.,1.));
#17548 = ORIENTED_EDGE('',*,*,#17549,.T.);
#17549 = EDGE_CURVE('',#17540,#17550,#17552,.T.);
#17550 = VERTEX_POINT('',#17551);
#17551 = CARTESIAN_POINT('',(4.98475E+03,6.1341E+03,2.5019E+03));
#17552 = LINE('',#17553,#17554);
#17553 = CARTESIAN_POINT('',(4.98475E+03,5.4737E+03,2.5019E+03));
#17554 = VECTOR('',#17555,1.);
#17555 = DIRECTION('',(0.,1.,0.));
#17556 = ORIENTED_EDGE('',*,*,#17557,.T.);
#17557 = EDGE_CURVE('',#17550,#17558,#17560,.T.);
#17558 = VERTEX_POINT('',#17559);
#17559 = CARTESIAN_POINT('',(4.98475E+03,6.1341E+03,2.6416E+03));
#17560 = LINE('',#17561,#17562);
#17561 = CARTESIAN_POINT('',(4.98475E+03,6.1341E+03,2.5019E+03));
#17562 = VECTOR('',#17563,1.);
#17563 = DIRECTION('',(0.,0.,1.));
#17564 = ORIENTED_EDGE('',*,*,#17565,.F.);
#17565 = EDGE_CURVE('',#17542,#17558,#17566,.T.);
#17566 = LINE('',#17567,#17568);
#17567 = CARTESIAN_POINT('',(4.98475E+03,5.4737E+03,2.6416E+03));
#17568 = VECTOR('',#17569,1.);
#17569 = DIRECTION('',(0.,1.,0.));
#17570 = PLANE('',#17571);
#17571 = AXIS2_PLACEMENT_3D('',#17572,#17573,#17574);
#17572 = CARTESIAN_POINT('',(4.98475E+03,5.4737E+03,2.5019E+03));
#17573 = DIRECTION('',(1.,0.,0.));
#17574 = DIRECTION('',(0.,0.,1.));
#17575 = ADVANCED_FACE('',(#17576),#17592,.F.);
#17576 = FACE_BOUND('',#17577,.F.);
#17577 = EDGE_LOOP('',(#17578,#17584,#17585,#17591));
#17578 = ORIENTED_EDGE('',*,*,#17579,.F.);
#17579 = EDGE_CURVE('',#17500,#17540,#17580,.T.);
#17580 = LINE('',#17581,#17582);
#17581 = CARTESIAN_POINT('',(4.94665E+03,5.4737E+03,2.5019E+03));
#17582 = VECTOR('',#17583,1.);
#17583 = DIRECTION('',(1.,0.,0.));
#17584 = ORIENTED_EDGE('',*,*,#17499,.T.);
#17585 = ORIENTED_EDGE('',*,*,#17586,.T.);
#17586 = EDGE_CURVE('',#17502,#17542,#17587,.T.);
#17587 = LINE('',#17588,#17589);
#17588 = CARTESIAN_POINT('',(4.94665E+03,5.4737E+03,2.6416E+03));
#17589 = VECTOR('',#17590,1.);
#17590 = DIRECTION('',(1.,0.,0.));
#17591 = ORIENTED_EDGE('',*,*,#17539,.F.);
#17592 = PLANE('',#17593);
#17593 = AXIS2_PLACEMENT_3D('',#17594,#17595,#17596);
#17594 = CARTESIAN_POINT('',(4.94665E+03,5.4737E+03,2.5019E+03));
#17595 = DIRECTION('',(0.,1.,0.));
#17596 = DIRECTION('',(0.,0.,1.));
#17597 = ADVANCED_FACE('',(#17598),#17614,.T.);
#17598 = FACE_BOUND('',#17599,.T.);
#17599 = EDGE_LOOP('',(#17600,#17606,#17607,#17613));
#17600 = ORIENTED_EDGE('',*,*,#17601,.F.);
#17601 = EDGE_CURVE('',#17510,#17550,#17602,.T.);
#17602 = LINE('',#17603,#17604);
#17603 = CARTESIAN_POINT('',(4.94665E+03,6.1341E+03,2.5019E+03));
#17604 = VECTOR('',#17605,1.);
#17605 = DIRECTION('',(1.,0.,0.));
#17606 = ORIENTED_EDGE('',*,*,#17517,.T.);
#17607 = ORIENTED_EDGE('',*,*,#17608,.T.);
#17608 = EDGE_CURVE('',#17518,#17558,#17609,.T.);
#17609 = LINE('',#17610,#17611);
#17610 = CARTESIAN_POINT('',(4.94665E+03,6.1341E+03,2.6416E+03));
#17611 = VECTOR('',#17612,1.);
#17612 = DIRECTION('',(1.,0.,0.));
#17613 = ORIENTED_EDGE('',*,*,#17557,.F.);
#17614 = PLANE('',#17615);
#17615 = AXIS2_PLACEMENT_3D('',#17616,#17617,#17618);
#17616 = CARTESIAN_POINT('',(4.94665E+03,6.1341E+03,2.5019E+03));
#17617 = DIRECTION('',(0.,1.,0.));
#17618 = DIRECTION('',(0.,0.,1.));
#17619 = ADVANCED_FACE('',(#17620),#17626,.F.);
#17620 = FACE_BOUND('',#17621,.F.);
#17621 = EDGE_LOOP('',(#17622,#17623,#17624,#17625));
#17622 = ORIENTED_EDGE('',*,*,#17509,.F.);
#17623 = ORIENTED_EDGE('',*,*,#17579,.T.);
#17624 = ORIENTED_EDGE('',*,*,#17549,.T.);
#17625 = ORIENTED_EDGE('',*,*,#17601,.F.);
#17626 = PLANE('',#17627);
#17627 = AXIS2_PLACEMENT_3D('',#17628,#17629,#17630);
#17628 = CARTESIAN_POINT('',(4.94665E+03,5.4737E+03,2.5019E+03));
#17629 = DIRECTION('',(0.,0.,1.));
#17630 = DIRECTION('',(1.,0.,0.));
#17631 = ADVANCED_FACE('',(#17632),#17638,.T.);
#17632 = FACE_BOUND('',#17633,.T.);
#17633 = EDGE_LOOP('',(#17634,#17635,#17636,#17637));
#17634 = ORIENTED_EDGE('',*,*,#17525,.F.);
#17635 = ORIENTED_EDGE('',*,*,#17586,.T.);
#17636 = ORIENTED_EDGE('',*,*,#17565,.T.);
#17637 = ORIENTED_EDGE('',*,*,#17608,.F.);
#17638 = PLANE('',#17639);
#17639 = AXIS2_PLACEMENT_3D('',#17640,#17641,#17642);
#17640 = CARTESIAN_POINT('',(4.94665E+03,5.4737E+03,2.6416E+03));
#17641 = DIRECTION('',(0.,0.,1.));
#17642 = DIRECTION('',(1.,0.,0.));
#17643 = MANIFOLD_SOLID_BREP('',#17644);
#17644 = CLOSED_SHELL('',(#17645,#17685,#17725,#17747,#17769,#17781));
#17645 = ADVANCED_FACE('',(#17646),#17680,.F.);
#17646 = FACE_BOUND('',#17647,.F.);
#17647 = EDGE_LOOP('',(#17648,#17658,#17666,#17674));
#17648 = ORIENTED_EDGE('',*,*,#17649,.F.);
#17649 = EDGE_CURVE('',#17650,#17652,#17654,.T.);
#17650 = VERTEX_POINT('',#17651);
#17651 = CARTESIAN_POINT('',(1.42875E+03,5.4356E+03,2.6416E+03));
#17652 = VERTEX_POINT('',#17653);
#17653 = CARTESIAN_POINT('',(1.42875E+03,5.4356E+03,2.66065E+03));
#17654 = LINE('',#17655,#17656);
#17655 = CARTESIAN_POINT('',(1.42875E+03,5.4356E+03,2.6416E+03));
#17656 = VECTOR('',#17657,1.);
#17657 = DIRECTION('',(0.,0.,1.));
#17658 = ORIENTED_EDGE('',*,*,#17659,.T.);
#17659 = EDGE_CURVE('',#17650,#17660,#17662,.T.);
#17660 = VERTEX_POINT('',#17661);
#17661 = CARTESIAN_POINT('',(1.42875E+03,6.1722E+03,2.6416E+03));
#17662 = LINE('',#17663,#17664);
#17663 = CARTESIAN_POINT('',(1.42875E+03,5.4356E+03,2.6416E+03));
#17664 = VECTOR('',#17665,1.);
#17665 = DIRECTION('',(0.,1.,0.));
#17666 = ORIENTED_EDGE('',*,*,#17667,.T.);
#17667 = EDGE_CURVE('',#17660,#17668,#17670,.T.);
#17668 = VERTEX_POINT('',#17669);
#17669 = CARTESIAN_POINT('',(1.42875E+03,6.1722E+03,2.66065E+03));
#17670 = LINE('',#17671,#17672);
#17671 = CARTESIAN_POINT('',(1.42875E+03,6.1722E+03,2.6416E+03));
#17672 = VECTOR('',#17673,1.);
#17673 = DIRECTION('',(0.,0.,1.));
#17674 = ORIENTED_EDGE('',*,*,#17675,.F.);
#17675 = EDGE_CURVE('',#17652,#17668,#17676,.T.);
#17676 = LINE('',#17677,#17678);
#17677 = CARTESIAN_POINT('',(1.42875E+03,5.4356E+03,2.66065E+03));
#17678 = VECTOR('',#17679,1.);
#17679 = DIRECTION('',(0.,1.,0.));
#17680 = PLANE('',#17681);
#17681 = AXIS2_PLACEMENT_3D('',#17682,#17683,#17684);
#17682 = CARTESIAN_POINT('',(1.42875E+03,5.4356E+03,2.6416E+03));
#17683 = DIRECTION('',(1.,0.,0.));
#17684 = DIRECTION('',(0.,0.,1.));
#17685 = ADVANCED_FACE('',(#17686),#17720,.T.);
#17686 = FACE_BOUND('',#17687,.T.);
#17687 = EDGE_LOOP('',(#17688,#17698,#17706,#17714));
#17688 = ORIENTED_EDGE('',*,*,#17689,.F.);
#17689 = EDGE_CURVE('',#17690,#17692,#17694,.T.);
#17690 = VERTEX_POINT('',#17691);
#17691 = CARTESIAN_POINT('',(4.98475E+03,5.4356E+03,2.6416E+03));
#17692 = VERTEX_POINT('',#17693);
#17693 = CARTESIAN_POINT('',(4.98475E+03,5.4356E+03,2.66065E+03));
#17694 = LINE('',#17695,#17696);
#17695 = CARTESIAN_POINT('',(4.98475E+03,5.4356E+03,2.6416E+03));
#17696 = VECTOR('',#17697,1.);
#17697 = DIRECTION('',(0.,0.,1.));
#17698 = ORIENTED_EDGE('',*,*,#17699,.T.);
#17699 = EDGE_CURVE('',#17690,#17700,#17702,.T.);
#17700 = VERTEX_POINT('',#17701);
#17701 = CARTESIAN_POINT('',(4.98475E+03,6.1722E+03,2.6416E+03));
#17702 = LINE('',#17703,#17704);
#17703 = CARTESIAN_POINT('',(4.98475E+03,5.4356E+03,2.6416E+03));
#17704 = VECTOR('',#17705,1.);
#17705 = DIRECTION('',(0.,1.,0.));
#17706 = ORIENTED_EDGE('',*,*,#17707,.T.);
#17707 = EDGE_CURVE('',#17700,#17708,#17710,.T.);
#17708 = VERTEX_POINT('',#17709);
#17709 = CARTESIAN_POINT('',(4.98475E+03,6.1722E+03,2.66065E+03));
#17710 = LINE('',#17711,#17712);
#17711 = CARTESIAN_POINT('',(4.98475E+03,6.1722E+03,2.6416E+03));
#17712 = VECTOR('',#17713,1.);
#17713 = DIRECTION('',(0.,0.,1.));
#17714 = ORIENTED_EDGE('',*,*,#17715,.F.);
#17715 = EDGE_CURVE('',#17692,#17708,#17716,.T.);
#17716 = LINE('',#17717,#17718);
#17717 = CARTESIAN_POINT('',(4.98475E+03,5.4356E+03,2.66065E+03));
#17718 = VECTOR('',#17719,1.);
#17719 = DIRECTION('',(0.,1.,0.));
#17720 = PLANE('',#17721);
#17721 = AXIS2_PLACEMENT_3D('',#17722,#17723,#17724);
#17722 = CARTESIAN_POINT('',(4.98475E+03,5.4356E+03,2.6416E+03));
#17723 = DIRECTION('',(1.,0.,0.));
#17724 = DIRECTION('',(0.,0.,1.));
#17725 = ADVANCED_FACE('',(#17726),#17742,.F.);
#17726 = FACE_BOUND('',#17727,.F.);
#17727 = EDGE_LOOP('',(#17728,#17734,#17735,#17741));
#17728 = ORIENTED_EDGE('',*,*,#17729,.F.);
#17729 = EDGE_CURVE('',#17650,#17690,#17730,.T.);
#17730 = LINE('',#17731,#17732);
#17731 = CARTESIAN_POINT('',(1.42875E+03,5.4356E+03,2.6416E+03));
#17732 = VECTOR('',#17733,1.);
#17733 = DIRECTION('',(1.,0.,0.));
#17734 = ORIENTED_EDGE('',*,*,#17649,.T.);
#17735 = ORIENTED_EDGE('',*,*,#17736,.T.);
#17736 = EDGE_CURVE('',#17652,#17692,#17737,.T.);
#17737 = LINE('',#17738,#17739);
#17738 = CARTESIAN_POINT('',(1.42875E+03,5.4356E+03,2.66065E+03));
#17739 = VECTOR('',#17740,1.);
#17740 = DIRECTION('',(1.,0.,0.));
#17741 = ORIENTED_EDGE('',*,*,#17689,.F.);
#17742 = PLANE('',#17743);
#17743 = AXIS2_PLACEMENT_3D('',#17744,#17745,#17746);
#17744 = CARTESIAN_POINT('',(1.42875E+03,5.4356E+03,2.6416E+03));
#17745 = DIRECTION('',(0.,1.,0.));
#17746 = DIRECTION('',(0.,0.,1.));
#17747 = ADVANCED_FACE('',(#17748),#17764,.T.);
#17748 = FACE_BOUND('',#17749,.T.);
#17749 = EDGE_LOOP('',(#17750,#17756,#17757,#17763));
#17750 = ORIENTED_EDGE('',*,*,#17751,.F.);
#17751 = EDGE_CURVE('',#17660,#17700,#17752,.T.);
#17752 = LINE('',#17753,#17754);
#17753 = CARTESIAN_POINT('',(1.42875E+03,6.1722E+03,2.6416E+03));
#17754 = VECTOR('',#17755,1.);
#17755 = DIRECTION('',(1.,0.,0.));
#17756 = ORIENTED_EDGE('',*,*,#17667,.T.);
#17757 = ORIENTED_EDGE('',*,*,#17758,.T.);
#17758 = EDGE_CURVE('',#17668,#17708,#17759,.T.);
#17759 = LINE('',#17760,#17761);
#17760 = CARTESIAN_POINT('',(1.42875E+03,6.1722E+03,2.66065E+03));
#17761 = VECTOR('',#17762,1.);
#17762 = DIRECTION('',(1.,0.,0.));
#17763 = ORIENTED_EDGE('',*,*,#17707,.F.);
#17764 = PLANE('',#17765);
#17765 = AXIS2_PLACEMENT_3D('',#17766,#17767,#17768);
#17766 = CARTESIAN_POINT('',(1.42875E+03,6.1722E+03,2.6416E+03));
#17767 = DIRECTION('',(0.,1.,0.));
#17768 = DIRECTION('',(0.,0.,1.));
#17769 = ADVANCED_FACE('',(#17770),#17776,.F.);
#17770 = FACE_BOUND('',#17771,.F.);
#17771 = EDGE_LOOP('',(#17772,#17773,#17774,#17775));
#17772 = ORIENTED_EDGE('',*,*,#17659,.F.);
#17773 = ORIENTED_EDGE('',*,*,#17729,.T.);
#17774 = ORIENTED_EDGE('',*,*,#17699,.T.);
#17775 = ORIENTED_EDGE('',*,*,#17751,.F.);
#17776 = PLANE('',#17777);
#17777 = AXIS2_PLACEMENT_3D('',#17778,#17779,#17780);
#17778 = CARTESIAN_POINT('',(1.42875E+03,5.4356E+03,2.6416E+03));
#17779 = DIRECTION('',(0.,0.,1.));
#17780 = DIRECTION('',(1.,0.,0.));
#17781 = ADVANCED_FACE('',(#17782),#17788,.T.);
#17782 = FACE_BOUND('',#17783,.T.);
#17783 = EDGE_LOOP('',(#17784,#17785,#17786,#17787));
#17784 = ORIENTED_EDGE('',*,*,#17675,.F.);
#17785 = ORIENTED_EDGE('',*,*,#17736,.T.);
#17786 = ORIENTED_EDGE('',*,*,#17715,.T.);
#17787 = ORIENTED_EDGE('',*,*,#17758,.F.);
#17788 = PLANE('',#17789);
#17789 = AXIS2_PLACEMENT_3D('',#17790,#17791,#17792);
#17790 = CARTESIAN_POINT('',(1.42875E+03,5.4356E+03,2.66065E+03));
#17791 = DIRECTION('',(0.,0.,1.));
#17792 = DIRECTION('',(1.,0.,0.));
#17793 = MANIFOLD_SOLID_BREP('',#17794);
#17794 = CLOSED_SHELL('',(#17795,#17835,#17875,#17897,#17919,#17931));
#17795 = ADVANCED_FACE('',(#17796),#17830,.F.);
#17796 = FACE_BOUND('',#17797,.F.);
#17797 = EDGE_LOOP('',(#17798,#17808,#17816,#17824));
#17798 = ORIENTED_EDGE('',*,*,#17799,.F.);
#17799 = EDGE_CURVE('',#17800,#17802,#17804,.T.);
#17800 = VERTEX_POINT('',#17801);
#17801 = CARTESIAN_POINT('',(2.279593309772E+03,1.3462E+03,
    2.568936388256E+03));
#17802 = VERTEX_POINT('',#17803);
#17803 = CARTESIAN_POINT('',(2.140006690228E+03,1.3462E+03,
    2.574563611744E+03));
#17804 = LINE('',#17805,#17806);
#17805 = CARTESIAN_POINT('',(2.279593309772E+03,1.3462E+03,
    2.568936388256E+03));
#17806 = VECTOR('',#17807,1.);
#17807 = DIRECTION('',(-0.99918840046,0.,4.028076942551E-02));
#17808 = ORIENTED_EDGE('',*,*,#17809,.T.);
#17809 = EDGE_CURVE('',#17800,#17810,#17812,.T.);
#17810 = VERTEX_POINT('',#17811);
#17811 = CARTESIAN_POINT('',(2.279593309772E+03,1.3843E+03,
    2.568936388256E+03));
#17812 = LINE('',#17813,#17814);
#17813 = CARTESIAN_POINT('',(2.279593309772E+03,1.3462E+03,
    2.568936388256E+03));
#17814 = VECTOR('',#17815,1.);
#17815 = DIRECTION('',(0.,1.,0.));
#17816 = ORIENTED_EDGE('',*,*,#17817,.T.);
#17817 = EDGE_CURVE('',#17810,#17818,#17820,.T.);
#17818 = VERTEX_POINT('',#17819);
#17819 = CARTESIAN_POINT('',(2.140006690228E+03,1.3843E+03,
    2.574563611744E+03));
#17820 = LINE('',#17821,#17822);
#17821 = CARTESIAN_POINT('',(2.279593309772E+03,1.3843E+03,
    2.568936388256E+03));
#17822 = VECTOR('',#17823,1.);
#17823 = DIRECTION('',(-0.99918840046,0.,4.028076942551E-02));
#17824 = ORIENTED_EDGE('',*,*,#17825,.F.);
#17825 = EDGE_CURVE('',#17802,#17818,#17826,.T.);
#17826 = LINE('',#17827,#17828);
#17827 = CARTESIAN_POINT('',(2.140006690228E+03,1.3462E+03,
    2.574563611744E+03));
#17828 = VECTOR('',#17829,1.);
#17829 = DIRECTION('',(0.,1.,0.));
#17830 = PLANE('',#17831);
#17831 = AXIS2_PLACEMENT_3D('',#17832,#17833,#17834);
#17832 = CARTESIAN_POINT('',(2.279593309772E+03,1.3462E+03,
    2.568936388256E+03));
#17833 = DIRECTION('',(4.028076942551E-02,0.,0.99918840046));
#17834 = DIRECTION('',(-0.99918840046,0.,4.028076942551E-02));
#17835 = ADVANCED_FACE('',(#17836),#17870,.T.);
#17836 = FACE_BOUND('',#17837,.T.);
#17837 = EDGE_LOOP('',(#17838,#17848,#17856,#17864));
#17838 = ORIENTED_EDGE('',*,*,#17839,.F.);
#17839 = EDGE_CURVE('',#17840,#17842,#17844,.T.);
#17840 = VERTEX_POINT('',#17841);
#17841 = CARTESIAN_POINT('',(2.304993309772E+03,1.3462E+03,
    3.198998468341E+03));
#17842 = VERTEX_POINT('',#17843);
#17843 = CARTESIAN_POINT('',(2.165406690228E+03,1.3462E+03,
    3.20462569183E+03));
#17844 = LINE('',#17845,#17846);
#17845 = CARTESIAN_POINT('',(2.304993309772E+03,1.3462E+03,
    3.198998468341E+03));
#17846 = VECTOR('',#17847,1.);
#17847 = DIRECTION('',(-0.99918840046,0.,4.028076942551E-02));
#17848 = ORIENTED_EDGE('',*,*,#17849,.T.);
#17849 = EDGE_CURVE('',#17840,#17850,#17852,.T.);
#17850 = VERTEX_POINT('',#17851);
#17851 = CARTESIAN_POINT('',(2.304993309772E+03,1.3843E+03,
    3.198998468341E+03));
#17852 = LINE('',#17853,#17854);
#17853 = CARTESIAN_POINT('',(2.304993309772E+03,1.3462E+03,
    3.198998468341E+03));
#17854 = VECTOR('',#17855,1.);
#17855 = DIRECTION('',(0.,1.,0.));
#17856 = ORIENTED_EDGE('',*,*,#17857,.T.);
#17857 = EDGE_CURVE('',#17850,#17858,#17860,.T.);
#17858 = VERTEX_POINT('',#17859);
#17859 = CARTESIAN_POINT('',(2.165406690228E+03,1.3843E+03,
    3.20462569183E+03));
#17860 = LINE('',#17861,#17862);
#17861 = CARTESIAN_POINT('',(2.304993309772E+03,1.3843E+03,
    3.198998468341E+03));
#17862 = VECTOR('',#17863,1.);
#17863 = DIRECTION('',(-0.99918840046,0.,4.028076942551E-02));
#17864 = ORIENTED_EDGE('',*,*,#17865,.F.);
#17865 = EDGE_CURVE('',#17842,#17858,#17866,.T.);
#17866 = LINE('',#17867,#17868);
#17867 = CARTESIAN_POINT('',(2.165406690228E+03,1.3462E+03,
    3.20462569183E+03));
#17868 = VECTOR('',#17869,1.);
#17869 = DIRECTION('',(0.,1.,0.));
#17870 = PLANE('',#17871);
#17871 = AXIS2_PLACEMENT_3D('',#17872,#17873,#17874);
#17872 = CARTESIAN_POINT('',(2.304993309772E+03,1.3462E+03,
    3.198998468341E+03));
#17873 = DIRECTION('',(4.028076942551E-02,0.,0.99918840046));
#17874 = DIRECTION('',(-0.99918840046,0.,4.028076942551E-02));
#17875 = ADVANCED_FACE('',(#17876),#17892,.F.);
#17876 = FACE_BOUND('',#17877,.F.);
#17877 = EDGE_LOOP('',(#17878,#17884,#17885,#17891));
#17878 = ORIENTED_EDGE('',*,*,#17879,.F.);
#17879 = EDGE_CURVE('',#17800,#17840,#17880,.T.);
#17880 = LINE('',#17881,#17882);
#17881 = CARTESIAN_POINT('',(2.279593309772E+03,1.3462E+03,
    2.568936388256E+03));
#17882 = VECTOR('',#17883,1.);
#17883 = DIRECTION('',(4.028076942551E-02,0.,0.99918840046));
#17884 = ORIENTED_EDGE('',*,*,#17799,.T.);
#17885 = ORIENTED_EDGE('',*,*,#17886,.T.);
#17886 = EDGE_CURVE('',#17802,#17842,#17887,.T.);
#17887 = LINE('',#17888,#17889);
#17888 = CARTESIAN_POINT('',(2.140006690228E+03,1.3462E+03,
    2.574563611744E+03));
#17889 = VECTOR('',#17890,1.);
#17890 = DIRECTION('',(4.028076942551E-02,0.,0.99918840046));
#17891 = ORIENTED_EDGE('',*,*,#17839,.F.);
#17892 = PLANE('',#17893);
#17893 = AXIS2_PLACEMENT_3D('',#17894,#17895,#17896);
#17894 = CARTESIAN_POINT('',(2.279593309772E+03,1.3462E+03,
    2.568936388256E+03));
#17895 = DIRECTION('',(0.,1.,0.));
#17896 = DIRECTION('',(-0.99918840046,0.,4.028076942551E-02));
#17897 = ADVANCED_FACE('',(#17898),#17914,.T.);
#17898 = FACE_BOUND('',#17899,.T.);
#17899 = EDGE_LOOP('',(#17900,#17906,#17907,#17913));
#17900 = ORIENTED_EDGE('',*,*,#17901,.F.);
#17901 = EDGE_CURVE('',#17810,#17850,#17902,.T.);
#17902 = LINE('',#17903,#17904);
#17903 = CARTESIAN_POINT('',(2.279593309772E+03,1.3843E+03,
    2.568936388256E+03));
#17904 = VECTOR('',#17905,1.);
#17905 = DIRECTION('',(4.028076942551E-02,0.,0.99918840046));
#17906 = ORIENTED_EDGE('',*,*,#17817,.T.);
#17907 = ORIENTED_EDGE('',*,*,#17908,.T.);
#17908 = EDGE_CURVE('',#17818,#17858,#17909,.T.);
#17909 = LINE('',#17910,#17911);
#17910 = CARTESIAN_POINT('',(2.140006690228E+03,1.3843E+03,
    2.574563611744E+03));
#17911 = VECTOR('',#17912,1.);
#17912 = DIRECTION('',(4.028076942551E-02,0.,0.99918840046));
#17913 = ORIENTED_EDGE('',*,*,#17857,.F.);
#17914 = PLANE('',#17915);
#17915 = AXIS2_PLACEMENT_3D('',#17916,#17917,#17918);
#17916 = CARTESIAN_POINT('',(2.279593309772E+03,1.3843E+03,
    2.568936388256E+03));
#17917 = DIRECTION('',(0.,1.,0.));
#17918 = DIRECTION('',(-0.99918840046,0.,4.028076942551E-02));
#17919 = ADVANCED_FACE('',(#17920),#17926,.F.);
#17920 = FACE_BOUND('',#17921,.F.);
#17921 = EDGE_LOOP('',(#17922,#17923,#17924,#17925));
#17922 = ORIENTED_EDGE('',*,*,#17809,.F.);
#17923 = ORIENTED_EDGE('',*,*,#17879,.T.);
#17924 = ORIENTED_EDGE('',*,*,#17849,.T.);
#17925 = ORIENTED_EDGE('',*,*,#17901,.F.);
#17926 = PLANE('',#17927);
#17927 = AXIS2_PLACEMENT_3D('',#17928,#17929,#17930);
#17928 = CARTESIAN_POINT('',(2.279593309772E+03,1.3462E+03,
    2.568936388256E+03));
#17929 = DIRECTION('',(-0.99918840046,0.,4.028076942551E-02));
#17930 = DIRECTION('',(4.028076942551E-02,0.,0.99918840046));
#17931 = ADVANCED_FACE('',(#17932),#17938,.T.);
#17932 = FACE_BOUND('',#17933,.T.);
#17933 = EDGE_LOOP('',(#17934,#17935,#17936,#17937));
#17934 = ORIENTED_EDGE('',*,*,#17825,.F.);
#17935 = ORIENTED_EDGE('',*,*,#17886,.T.);
#17936 = ORIENTED_EDGE('',*,*,#17865,.T.);
#17937 = ORIENTED_EDGE('',*,*,#17908,.F.);
#17938 = PLANE('',#17939);
#17939 = AXIS2_PLACEMENT_3D('',#17940,#17941,#17942);
#17940 = CARTESIAN_POINT('',(2.140006690228E+03,1.3462E+03,
    2.574563611744E+03));
#17941 = DIRECTION('',(-0.99918840046,0.,4.028076942551E-02));
#17942 = DIRECTION('',(4.028076942551E-02,0.,0.99918840046));
#17943 = MANIFOLD_SOLID_BREP('',#17944);
#17944 = CLOSED_SHELL('',(#17945,#17985,#18025,#18047,#18069,#18081));
#17945 = ADVANCED_FACE('',(#17946),#17980,.F.);
#17946 = FACE_BOUND('',#17947,.F.);
#17947 = EDGE_LOOP('',(#17948,#17958,#17966,#17974));
#17948 = ORIENTED_EDGE('',*,*,#17949,.F.);
#17949 = EDGE_CURVE('',#17950,#17952,#17954,.T.);
#17950 = VERTEX_POINT('',#17951);
#17951 = CARTESIAN_POINT('',(2.22885E+03,1.32715E+03,2.49555E+03));
#17952 = VERTEX_POINT('',#17953);
#17953 = CARTESIAN_POINT('',(2.22885E+03,1.32715E+03,2.64795E+03));
#17954 = LINE('',#17955,#17956);
#17955 = CARTESIAN_POINT('',(2.22885E+03,1.32715E+03,2.49555E+03));
#17956 = VECTOR('',#17957,1.);
#17957 = DIRECTION('',(0.,0.,1.));
#17958 = ORIENTED_EDGE('',*,*,#17959,.T.);
#17959 = EDGE_CURVE('',#17950,#17960,#17962,.T.);
#17960 = VERTEX_POINT('',#17961);
#17961 = CARTESIAN_POINT('',(2.22885E+03,1.40335E+03,2.49555E+03));
#17962 = LINE('',#17963,#17964);
#17963 = CARTESIAN_POINT('',(2.22885E+03,1.32715E+03,2.49555E+03));
#17964 = VECTOR('',#17965,1.);
#17965 = DIRECTION('',(0.,1.,0.));
#17966 = ORIENTED_EDGE('',*,*,#17967,.T.);
#17967 = EDGE_CURVE('',#17960,#17968,#17970,.T.);
#17968 = VERTEX_POINT('',#17969);
#17969 = CARTESIAN_POINT('',(2.22885E+03,1.40335E+03,2.64795E+03));
#17970 = LINE('',#17971,#17972);
#17971 = CARTESIAN_POINT('',(2.22885E+03,1.40335E+03,2.49555E+03));
#17972 = VECTOR('',#17973,1.);
#17973 = DIRECTION('',(0.,0.,1.));
#17974 = ORIENTED_EDGE('',*,*,#17975,.F.);
#17975 = EDGE_CURVE('',#17952,#17968,#17976,.T.);
#17976 = LINE('',#17977,#17978);
#17977 = CARTESIAN_POINT('',(2.22885E+03,1.32715E+03,2.64795E+03));
#17978 = VECTOR('',#17979,1.);
#17979 = DIRECTION('',(0.,1.,0.));
#17980 = PLANE('',#17981);
#17981 = AXIS2_PLACEMENT_3D('',#17982,#17983,#17984);
#17982 = CARTESIAN_POINT('',(2.22885E+03,1.32715E+03,2.49555E+03));
#17983 = DIRECTION('',(1.,0.,0.));
#17984 = DIRECTION('',(0.,0.,1.));
#17985 = ADVANCED_FACE('',(#17986),#18020,.T.);
#17986 = FACE_BOUND('',#17987,.T.);
#17987 = EDGE_LOOP('',(#17988,#17998,#18006,#18014));
#17988 = ORIENTED_EDGE('',*,*,#17989,.F.);
#17989 = EDGE_CURVE('',#17990,#17992,#17994,.T.);
#17990 = VERTEX_POINT('',#17991);
#17991 = CARTESIAN_POINT('',(2.232025E+03,1.32715E+03,2.49555E+03));
#17992 = VERTEX_POINT('',#17993);
#17993 = CARTESIAN_POINT('',(2.232025E+03,1.32715E+03,2.64795E+03));
#17994 = LINE('',#17995,#17996);
#17995 = CARTESIAN_POINT('',(2.232025E+03,1.32715E+03,2.49555E+03));
#17996 = VECTOR('',#17997,1.);
#17997 = DIRECTION('',(0.,0.,1.));
#17998 = ORIENTED_EDGE('',*,*,#17999,.T.);
#17999 = EDGE_CURVE('',#17990,#18000,#18002,.T.);
#18000 = VERTEX_POINT('',#18001);
#18001 = CARTESIAN_POINT('',(2.232025E+03,1.40335E+03,2.49555E+03));
#18002 = LINE('',#18003,#18004);
#18003 = CARTESIAN_POINT('',(2.232025E+03,1.32715E+03,2.49555E+03));
#18004 = VECTOR('',#18005,1.);
#18005 = DIRECTION('',(0.,1.,0.));
#18006 = ORIENTED_EDGE('',*,*,#18007,.T.);
#18007 = EDGE_CURVE('',#18000,#18008,#18010,.T.);
#18008 = VERTEX_POINT('',#18009);
#18009 = CARTESIAN_POINT('',(2.232025E+03,1.40335E+03,2.64795E+03));
#18010 = LINE('',#18011,#18012);
#18011 = CARTESIAN_POINT('',(2.232025E+03,1.40335E+03,2.49555E+03));
#18012 = VECTOR('',#18013,1.);
#18013 = DIRECTION('',(0.,0.,1.));
#18014 = ORIENTED_EDGE('',*,*,#18015,.F.);
#18015 = EDGE_CURVE('',#17992,#18008,#18016,.T.);
#18016 = LINE('',#18017,#18018);
#18017 = CARTESIAN_POINT('',(2.232025E+03,1.32715E+03,2.64795E+03));
#18018 = VECTOR('',#18019,1.);
#18019 = DIRECTION('',(0.,1.,0.));
#18020 = PLANE('',#18021);
#18021 = AXIS2_PLACEMENT_3D('',#18022,#18023,#18024);
#18022 = CARTESIAN_POINT('',(2.232025E+03,1.32715E+03,2.49555E+03));
#18023 = DIRECTION('',(1.,0.,0.));
#18024 = DIRECTION('',(0.,0.,1.));
#18025 = ADVANCED_FACE('',(#18026),#18042,.F.);
#18026 = FACE_BOUND('',#18027,.F.);
#18027 = EDGE_LOOP('',(#18028,#18034,#18035,#18041));
#18028 = ORIENTED_EDGE('',*,*,#18029,.F.);
#18029 = EDGE_CURVE('',#17950,#17990,#18030,.T.);
#18030 = LINE('',#18031,#18032);
#18031 = CARTESIAN_POINT('',(2.22885E+03,1.32715E+03,2.49555E+03));
#18032 = VECTOR('',#18033,1.);
#18033 = DIRECTION('',(1.,0.,0.));
#18034 = ORIENTED_EDGE('',*,*,#17949,.T.);
#18035 = ORIENTED_EDGE('',*,*,#18036,.T.);
#18036 = EDGE_CURVE('',#17952,#17992,#18037,.T.);
#18037 = LINE('',#18038,#18039);
#18038 = CARTESIAN_POINT('',(2.22885E+03,1.32715E+03,2.64795E+03));
#18039 = VECTOR('',#18040,1.);
#18040 = DIRECTION('',(1.,0.,0.));
#18041 = ORIENTED_EDGE('',*,*,#17989,.F.);
#18042 = PLANE('',#18043);
#18043 = AXIS2_PLACEMENT_3D('',#18044,#18045,#18046);
#18044 = CARTESIAN_POINT('',(2.22885E+03,1.32715E+03,2.49555E+03));
#18045 = DIRECTION('',(0.,1.,0.));
#18046 = DIRECTION('',(0.,0.,1.));
#18047 = ADVANCED_FACE('',(#18048),#18064,.T.);
#18048 = FACE_BOUND('',#18049,.T.);
#18049 = EDGE_LOOP('',(#18050,#18056,#18057,#18063));
#18050 = ORIENTED_EDGE('',*,*,#18051,.F.);
#18051 = EDGE_CURVE('',#17960,#18000,#18052,.T.);
#18052 = LINE('',#18053,#18054);
#18053 = CARTESIAN_POINT('',(2.22885E+03,1.40335E+03,2.49555E+03));
#18054 = VECTOR('',#18055,1.);
#18055 = DIRECTION('',(1.,0.,0.));
#18056 = ORIENTED_EDGE('',*,*,#17967,.T.);
#18057 = ORIENTED_EDGE('',*,*,#18058,.T.);
#18058 = EDGE_CURVE('',#17968,#18008,#18059,.T.);
#18059 = LINE('',#18060,#18061);
#18060 = CARTESIAN_POINT('',(2.22885E+03,1.40335E+03,2.64795E+03));
#18061 = VECTOR('',#18062,1.);
#18062 = DIRECTION('',(1.,0.,0.));
#18063 = ORIENTED_EDGE('',*,*,#18007,.F.);
#18064 = PLANE('',#18065);
#18065 = AXIS2_PLACEMENT_3D('',#18066,#18067,#18068);
#18066 = CARTESIAN_POINT('',(2.22885E+03,1.40335E+03,2.49555E+03));
#18067 = DIRECTION('',(0.,1.,0.));
#18068 = DIRECTION('',(0.,0.,1.));
#18069 = ADVANCED_FACE('',(#18070),#18076,.F.);
#18070 = FACE_BOUND('',#18071,.F.);
#18071 = EDGE_LOOP('',(#18072,#18073,#18074,#18075));
#18072 = ORIENTED_EDGE('',*,*,#17959,.F.);
#18073 = ORIENTED_EDGE('',*,*,#18029,.T.);
#18074 = ORIENTED_EDGE('',*,*,#17999,.T.);
#18075 = ORIENTED_EDGE('',*,*,#18051,.F.);
#18076 = PLANE('',#18077);
#18077 = AXIS2_PLACEMENT_3D('',#18078,#18079,#18080);
#18078 = CARTESIAN_POINT('',(2.22885E+03,1.32715E+03,2.49555E+03));
#18079 = DIRECTION('',(0.,0.,1.));
#18080 = DIRECTION('',(1.,0.,0.));
#18081 = ADVANCED_FACE('',(#18082),#18088,.T.);
#18082 = FACE_BOUND('',#18083,.T.);
#18083 = EDGE_LOOP('',(#18084,#18085,#18086,#18087));
#18084 = ORIENTED_EDGE('',*,*,#17975,.F.);
#18085 = ORIENTED_EDGE('',*,*,#18036,.T.);
#18086 = ORIENTED_EDGE('',*,*,#18015,.T.);
#18087 = ORIENTED_EDGE('',*,*,#18058,.F.);
#18088 = PLANE('',#18089);
#18089 = AXIS2_PLACEMENT_3D('',#18090,#18091,#18092);
#18090 = CARTESIAN_POINT('',(2.22885E+03,1.32715E+03,2.64795E+03));
#18091 = DIRECTION('',(0.,0.,1.));
#18092 = DIRECTION('',(1.,0.,0.));
#18093 = MANIFOLD_SOLID_BREP('',#18094);
#18094 = CLOSED_SHELL('',(#18095,#18135,#18175,#18197,#18219,#18231));
#18095 = ADVANCED_FACE('',(#18096),#18130,.F.);
#18096 = FACE_BOUND('',#18097,.F.);
#18097 = EDGE_LOOP('',(#18098,#18108,#18116,#18124));
#18098 = ORIENTED_EDGE('',*,*,#18099,.F.);
#18099 = EDGE_CURVE('',#18100,#18102,#18104,.T.);
#18100 = VERTEX_POINT('',#18101);
#18101 = CARTESIAN_POINT('',(2.25425E+03,1.32715E+03,3.125612080086E+03)
  );
#18102 = VERTEX_POINT('',#18103);
#18103 = CARTESIAN_POINT('',(2.25425E+03,1.32715E+03,3.278012080086E+03)
  );
#18104 = LINE('',#18105,#18106);
#18105 = CARTESIAN_POINT('',(2.25425E+03,1.32715E+03,3.125612080086E+03)
  );
#18106 = VECTOR('',#18107,1.);
#18107 = DIRECTION('',(0.,0.,1.));
#18108 = ORIENTED_EDGE('',*,*,#18109,.T.);
#18109 = EDGE_CURVE('',#18100,#18110,#18112,.T.);
#18110 = VERTEX_POINT('',#18111);
#18111 = CARTESIAN_POINT('',(2.25425E+03,1.40335E+03,3.125612080086E+03)
  );
#18112 = LINE('',#18113,#18114);
#18113 = CARTESIAN_POINT('',(2.25425E+03,1.32715E+03,3.125612080086E+03)
  );
#18114 = VECTOR('',#18115,1.);
#18115 = DIRECTION('',(0.,1.,0.));
#18116 = ORIENTED_EDGE('',*,*,#18117,.T.);
#18117 = EDGE_CURVE('',#18110,#18118,#18120,.T.);
#18118 = VERTEX_POINT('',#18119);
#18119 = CARTESIAN_POINT('',(2.25425E+03,1.40335E+03,3.278012080086E+03)
  );
#18120 = LINE('',#18121,#18122);
#18121 = CARTESIAN_POINT('',(2.25425E+03,1.40335E+03,3.125612080086E+03)
  );
#18122 = VECTOR('',#18123,1.);
#18123 = DIRECTION('',(0.,0.,1.));
#18124 = ORIENTED_EDGE('',*,*,#18125,.F.);
#18125 = EDGE_CURVE('',#18102,#18118,#18126,.T.);
#18126 = LINE('',#18127,#18128);
#18127 = CARTESIAN_POINT('',(2.25425E+03,1.32715E+03,3.278012080086E+03)
  );
#18128 = VECTOR('',#18129,1.);
#18129 = DIRECTION('',(0.,1.,0.));
#18130 = PLANE('',#18131);
#18131 = AXIS2_PLACEMENT_3D('',#18132,#18133,#18134);
#18132 = CARTESIAN_POINT('',(2.25425E+03,1.32715E+03,3.125612080086E+03)
  );
#18133 = DIRECTION('',(1.,0.,0.));
#18134 = DIRECTION('',(0.,0.,1.));
#18135 = ADVANCED_FACE('',(#18136),#18170,.T.);
#18136 = FACE_BOUND('',#18137,.T.);
#18137 = EDGE_LOOP('',(#18138,#18148,#18156,#18164));
#18138 = ORIENTED_EDGE('',*,*,#18139,.F.);
#18139 = EDGE_CURVE('',#18140,#18142,#18144,.T.);
#18140 = VERTEX_POINT('',#18141);
#18141 = CARTESIAN_POINT('',(2.257425E+03,1.32715E+03,3.125612080086E+03
    ));
#18142 = VERTEX_POINT('',#18143);
#18143 = CARTESIAN_POINT('',(2.257425E+03,1.32715E+03,3.278012080086E+03
    ));
#18144 = LINE('',#18145,#18146);
#18145 = CARTESIAN_POINT('',(2.257425E+03,1.32715E+03,3.125612080086E+03
    ));
#18146 = VECTOR('',#18147,1.);
#18147 = DIRECTION('',(0.,0.,1.));
#18148 = ORIENTED_EDGE('',*,*,#18149,.T.);
#18149 = EDGE_CURVE('',#18140,#18150,#18152,.T.);
#18150 = VERTEX_POINT('',#18151);
#18151 = CARTESIAN_POINT('',(2.257425E+03,1.40335E+03,3.125612080086E+03
    ));
#18152 = LINE('',#18153,#18154);
#18153 = CARTESIAN_POINT('',(2.257425E+03,1.32715E+03,3.125612080086E+03
    ));
#18154 = VECTOR('',#18155,1.);
#18155 = DIRECTION('',(0.,1.,0.));
#18156 = ORIENTED_EDGE('',*,*,#18157,.T.);
#18157 = EDGE_CURVE('',#18150,#18158,#18160,.T.);
#18158 = VERTEX_POINT('',#18159);
#18159 = CARTESIAN_POINT('',(2.257425E+03,1.40335E+03,3.278012080086E+03
    ));
#18160 = LINE('',#18161,#18162);
#18161 = CARTESIAN_POINT('',(2.257425E+03,1.40335E+03,3.125612080086E+03
    ));
#18162 = VECTOR('',#18163,1.);
#18163 = DIRECTION('',(0.,0.,1.));
#18164 = ORIENTED_EDGE('',*,*,#18165,.F.);
#18165 = EDGE_CURVE('',#18142,#18158,#18166,.T.);
#18166 = LINE('',#18167,#18168);
#18167 = CARTESIAN_POINT('',(2.257425E+03,1.32715E+03,3.278012080086E+03
    ));
#18168 = VECTOR('',#18169,1.);
#18169 = DIRECTION('',(0.,1.,0.));
#18170 = PLANE('',#18171);
#18171 = AXIS2_PLACEMENT_3D('',#18172,#18173,#18174);
#18172 = CARTESIAN_POINT('',(2.257425E+03,1.32715E+03,3.125612080086E+03
    ));
#18173 = DIRECTION('',(1.,0.,0.));
#18174 = DIRECTION('',(0.,0.,1.));
#18175 = ADVANCED_FACE('',(#18176),#18192,.F.);
#18176 = FACE_BOUND('',#18177,.F.);
#18177 = EDGE_LOOP('',(#18178,#18184,#18185,#18191));
#18178 = ORIENTED_EDGE('',*,*,#18179,.F.);
#18179 = EDGE_CURVE('',#18100,#18140,#18180,.T.);
#18180 = LINE('',#18181,#18182);
#18181 = CARTESIAN_POINT('',(2.25425E+03,1.32715E+03,3.125612080086E+03)
  );
#18182 = VECTOR('',#18183,1.);
#18183 = DIRECTION('',(1.,0.,0.));
#18184 = ORIENTED_EDGE('',*,*,#18099,.T.);
#18185 = ORIENTED_EDGE('',*,*,#18186,.T.);
#18186 = EDGE_CURVE('',#18102,#18142,#18187,.T.);
#18187 = LINE('',#18188,#18189);
#18188 = CARTESIAN_POINT('',(2.25425E+03,1.32715E+03,3.278012080086E+03)
  );
#18189 = VECTOR('',#18190,1.);
#18190 = DIRECTION('',(1.,0.,0.));
#18191 = ORIENTED_EDGE('',*,*,#18139,.F.);
#18192 = PLANE('',#18193);
#18193 = AXIS2_PLACEMENT_3D('',#18194,#18195,#18196);
#18194 = CARTESIAN_POINT('',(2.25425E+03,1.32715E+03,3.125612080086E+03)
  );
#18195 = DIRECTION('',(0.,1.,0.));
#18196 = DIRECTION('',(0.,0.,1.));
#18197 = ADVANCED_FACE('',(#18198),#18214,.T.);
#18198 = FACE_BOUND('',#18199,.T.);
#18199 = EDGE_LOOP('',(#18200,#18206,#18207,#18213));
#18200 = ORIENTED_EDGE('',*,*,#18201,.F.);
#18201 = EDGE_CURVE('',#18110,#18150,#18202,.T.);
#18202 = LINE('',#18203,#18204);
#18203 = CARTESIAN_POINT('',(2.25425E+03,1.40335E+03,3.125612080086E+03)
  );
#18204 = VECTOR('',#18205,1.);
#18205 = DIRECTION('',(1.,0.,0.));
#18206 = ORIENTED_EDGE('',*,*,#18117,.T.);
#18207 = ORIENTED_EDGE('',*,*,#18208,.T.);
#18208 = EDGE_CURVE('',#18118,#18158,#18209,.T.);
#18209 = LINE('',#18210,#18211);
#18210 = CARTESIAN_POINT('',(2.25425E+03,1.40335E+03,3.278012080086E+03)
  );
#18211 = VECTOR('',#18212,1.);
#18212 = DIRECTION('',(1.,0.,0.));
#18213 = ORIENTED_EDGE('',*,*,#18157,.F.);
#18214 = PLANE('',#18215);
#18215 = AXIS2_PLACEMENT_3D('',#18216,#18217,#18218);
#18216 = CARTESIAN_POINT('',(2.25425E+03,1.40335E+03,3.125612080086E+03)
  );
#18217 = DIRECTION('',(0.,1.,0.));
#18218 = DIRECTION('',(0.,0.,1.));
#18219 = ADVANCED_FACE('',(#18220),#18226,.F.);
#18220 = FACE_BOUND('',#18221,.F.);
#18221 = EDGE_LOOP('',(#18222,#18223,#18224,#18225));
#18222 = ORIENTED_EDGE('',*,*,#18109,.F.);
#18223 = ORIENTED_EDGE('',*,*,#18179,.T.);
#18224 = ORIENTED_EDGE('',*,*,#18149,.T.);
#18225 = ORIENTED_EDGE('',*,*,#18201,.F.);
#18226 = PLANE('',#18227);
#18227 = AXIS2_PLACEMENT_3D('',#18228,#18229,#18230);
#18228 = CARTESIAN_POINT('',(2.25425E+03,1.32715E+03,3.125612080086E+03)
  );
#18229 = DIRECTION('',(0.,0.,1.));
#18230 = DIRECTION('',(1.,0.,0.));
#18231 = ADVANCED_FACE('',(#18232),#18238,.T.);
#18232 = FACE_BOUND('',#18233,.T.);
#18233 = EDGE_LOOP('',(#18234,#18235,#18236,#18237));
#18234 = ORIENTED_EDGE('',*,*,#18125,.F.);
#18235 = ORIENTED_EDGE('',*,*,#18186,.T.);
#18236 = ORIENTED_EDGE('',*,*,#18165,.T.);
#18237 = ORIENTED_EDGE('',*,*,#18208,.F.);
#18238 = PLANE('',#18239);
#18239 = AXIS2_PLACEMENT_3D('',#18240,#18241,#18242);
#18240 = CARTESIAN_POINT('',(2.25425E+03,1.32715E+03,3.278012080086E+03)
  );
#18241 = DIRECTION('',(0.,0.,1.));
#18242 = DIRECTION('',(1.,0.,0.));
#18243 = MANIFOLD_SOLID_BREP('',#18244);
#18244 = CLOSED_SHELL('',(#18245,#18285,#18325,#18347,#18369,#18381));
#18245 = ADVANCED_FACE('',(#18246),#18280,.F.);
#18246 = FACE_BOUND('',#18247,.F.);
#18247 = EDGE_LOOP('',(#18248,#18258,#18266,#18274));
#18248 = ORIENTED_EDGE('',*,*,#18249,.F.);
#18249 = EDGE_CURVE('',#18250,#18252,#18254,.T.);
#18250 = VERTEX_POINT('',#18251);
#18251 = CARTESIAN_POINT('',(1.715147742529E+03,5.4371875E+03,
    2.566824614739E+03));
#18252 = VERTEX_POINT('',#18253);
#18253 = CARTESIAN_POINT('',(1.751952257471E+03,5.4371875E+03,
    2.576675385261E+03));
#18254 = LINE('',#18255,#18256);
#18255 = CARTESIAN_POINT('',(1.715147742529E+03,5.4371875E+03,
    2.566824614739E+03));
#18256 = VECTOR('',#18257,1.);
#18257 = DIRECTION('',(0.965997767516,-1.183006073972E-16,0.258550407376
    ));
#18258 = ORIENTED_EDGE('',*,*,#18259,.T.);
#18259 = EDGE_CURVE('',#18250,#18260,#18262,.T.);
#18260 = VERTEX_POINT('',#18261);
#18261 = CARTESIAN_POINT('',(1.715147742529E+03,5.4340125E+03,
    2.566824614739E+03));
#18262 = LINE('',#18263,#18264);
#18263 = CARTESIAN_POINT('',(1.715147742529E+03,5.4371875E+03,
    2.566824614739E+03));
#18264 = VECTOR('',#18265,1.);
#18265 = DIRECTION('',(-1.224646799147E-16,-1.,6.162975822039E-33));
#18266 = ORIENTED_EDGE('',*,*,#18267,.T.);
#18267 = EDGE_CURVE('',#18260,#18268,#18270,.T.);
#18268 = VERTEX_POINT('',#18269);
#18269 = CARTESIAN_POINT('',(1.751952257471E+03,5.4340125E+03,
    2.576675385261E+03));
#18270 = LINE('',#18271,#18272);
#18271 = CARTESIAN_POINT('',(1.715147742529E+03,5.4340125E+03,
    2.566824614739E+03));
#18272 = VECTOR('',#18273,1.);
#18273 = DIRECTION('',(0.965997767516,-1.183006073972E-16,0.258550407376
    ));
#18274 = ORIENTED_EDGE('',*,*,#18275,.F.);
#18275 = EDGE_CURVE('',#18252,#18268,#18276,.T.);
#18276 = LINE('',#18277,#18278);
#18277 = CARTESIAN_POINT('',(1.751952257471E+03,5.4371875E+03,
    2.576675385261E+03));
#18278 = VECTOR('',#18279,1.);
#18279 = DIRECTION('',(-1.224646799147E-16,-1.,6.162975822039E-33));
#18280 = PLANE('',#18281);
#18281 = AXIS2_PLACEMENT_3D('',#18282,#18283,#18284);
#18282 = CARTESIAN_POINT('',(1.715147742529E+03,5.4371875E+03,
    2.566824614739E+03));
#18283 = DIRECTION('',(-0.258550407376,3.16632928811E-17,0.965997767516)
  );
#18284 = DIRECTION('',(0.965997767516,-1.183006073972E-16,0.258550407376
    ));
#18285 = ADVANCED_FACE('',(#18286),#18320,.T.);
#18286 = FACE_BOUND('',#18287,.T.);
#18287 = EDGE_LOOP('',(#18288,#18298,#18306,#18314));
#18288 = ORIENTED_EDGE('',*,*,#18289,.F.);
#18289 = EDGE_CURVE('',#18290,#18292,#18294,.T.);
#18290 = VERTEX_POINT('',#18291);
#18291 = CARTESIAN_POINT('',(1.607197742529E+03,5.4371875E+03,
    2.970148129337E+03));
#18292 = VERTEX_POINT('',#18293);
#18293 = CARTESIAN_POINT('',(1.644002257471E+03,5.4371875E+03,
    2.979998899858E+03));
#18294 = LINE('',#18295,#18296);
#18295 = CARTESIAN_POINT('',(1.607197742529E+03,5.4371875E+03,
    2.970148129337E+03));
#18296 = VECTOR('',#18297,1.);
#18297 = DIRECTION('',(0.965997767516,-1.183006073972E-16,0.258550407376
    ));
#18298 = ORIENTED_EDGE('',*,*,#18299,.T.);
#18299 = EDGE_CURVE('',#18290,#18300,#18302,.T.);
#18300 = VERTEX_POINT('',#18301);
#18301 = CARTESIAN_POINT('',(1.607197742529E+03,5.4340125E+03,
    2.970148129337E+03));
#18302 = LINE('',#18303,#18304);
#18303 = CARTESIAN_POINT('',(1.607197742529E+03,5.4371875E+03,
    2.970148129337E+03));
#18304 = VECTOR('',#18305,1.);
#18305 = DIRECTION('',(-1.224646799147E-16,-1.,6.162975822039E-33));
#18306 = ORIENTED_EDGE('',*,*,#18307,.T.);
#18307 = EDGE_CURVE('',#18300,#18308,#18310,.T.);
#18308 = VERTEX_POINT('',#18309);
#18309 = CARTESIAN_POINT('',(1.644002257471E+03,5.4340125E+03,
    2.979998899858E+03));
#18310 = LINE('',#18311,#18312);
#18311 = CARTESIAN_POINT('',(1.607197742529E+03,5.4340125E+03,
    2.970148129337E+03));
#18312 = VECTOR('',#18313,1.);
#18313 = DIRECTION('',(0.965997767516,-1.183006073972E-16,0.258550407376
    ));
#18314 = ORIENTED_EDGE('',*,*,#18315,.F.);
#18315 = EDGE_CURVE('',#18292,#18308,#18316,.T.);
#18316 = LINE('',#18317,#18318);
#18317 = CARTESIAN_POINT('',(1.644002257471E+03,5.4371875E+03,
    2.979998899858E+03));
#18318 = VECTOR('',#18319,1.);
#18319 = DIRECTION('',(-1.224646799147E-16,-1.,6.162975822039E-33));
#18320 = PLANE('',#18321);
#18321 = AXIS2_PLACEMENT_3D('',#18322,#18323,#18324);
#18322 = CARTESIAN_POINT('',(1.607197742529E+03,5.4371875E+03,
    2.970148129337E+03));
#18323 = DIRECTION('',(-0.258550407376,3.16632928811E-17,0.965997767516)
  );
#18324 = DIRECTION('',(0.965997767516,-1.183006073972E-16,0.258550407376
    ));
#18325 = ADVANCED_FACE('',(#18326),#18342,.F.);
#18326 = FACE_BOUND('',#18327,.F.);
#18327 = EDGE_LOOP('',(#18328,#18334,#18335,#18341));
#18328 = ORIENTED_EDGE('',*,*,#18329,.F.);
#18329 = EDGE_CURVE('',#18250,#18290,#18330,.T.);
#18330 = LINE('',#18331,#18332);
#18331 = CARTESIAN_POINT('',(1.715147742529E+03,5.4371875E+03,
    2.566824614739E+03));
#18332 = VECTOR('',#18333,1.);
#18333 = DIRECTION('',(-0.258550407376,3.16632928811E-17,0.965997767516)
  );
#18334 = ORIENTED_EDGE('',*,*,#18249,.T.);
#18335 = ORIENTED_EDGE('',*,*,#18336,.T.);
#18336 = EDGE_CURVE('',#18252,#18292,#18337,.T.);
#18337 = LINE('',#18338,#18339);
#18338 = CARTESIAN_POINT('',(1.751952257471E+03,5.4371875E+03,
    2.576675385261E+03));
#18339 = VECTOR('',#18340,1.);
#18340 = DIRECTION('',(-0.258550407376,3.16632928811E-17,0.965997767516)
  );
#18341 = ORIENTED_EDGE('',*,*,#18289,.F.);
#18342 = PLANE('',#18343);
#18343 = AXIS2_PLACEMENT_3D('',#18344,#18345,#18346);
#18344 = CARTESIAN_POINT('',(1.715147742529E+03,5.4371875E+03,
    2.566824614739E+03));
#18345 = DIRECTION('',(-1.224646799147E-16,-1.,6.162975822039E-33));
#18346 = DIRECTION('',(0.965997767516,-1.183006073972E-16,0.258550407376
    ));
#18347 = ADVANCED_FACE('',(#18348),#18364,.T.);
#18348 = FACE_BOUND('',#18349,.T.);
#18349 = EDGE_LOOP('',(#18350,#18356,#18357,#18363));
#18350 = ORIENTED_EDGE('',*,*,#18351,.F.);
#18351 = EDGE_CURVE('',#18260,#18300,#18352,.T.);
#18352 = LINE('',#18353,#18354);
#18353 = CARTESIAN_POINT('',(1.715147742529E+03,5.4340125E+03,
    2.566824614739E+03));
#18354 = VECTOR('',#18355,1.);
#18355 = DIRECTION('',(-0.258550407376,3.16632928811E-17,0.965997767516)
  );
#18356 = ORIENTED_EDGE('',*,*,#18267,.T.);
#18357 = ORIENTED_EDGE('',*,*,#18358,.T.);
#18358 = EDGE_CURVE('',#18268,#18308,#18359,.T.);
#18359 = LINE('',#18360,#18361);
#18360 = CARTESIAN_POINT('',(1.751952257471E+03,5.4340125E+03,
    2.576675385261E+03));
#18361 = VECTOR('',#18362,1.);
#18362 = DIRECTION('',(-0.258550407376,3.16632928811E-17,0.965997767516)
  );
#18363 = ORIENTED_EDGE('',*,*,#18307,.F.);
#18364 = PLANE('',#18365);
#18365 = AXIS2_PLACEMENT_3D('',#18366,#18367,#18368);
#18366 = CARTESIAN_POINT('',(1.715147742529E+03,5.4340125E+03,
    2.566824614739E+03));
#18367 = DIRECTION('',(-1.224646799147E-16,-1.,6.162975822039E-33));
#18368 = DIRECTION('',(0.965997767516,-1.183006073972E-16,0.258550407376
    ));
#18369 = ADVANCED_FACE('',(#18370),#18376,.F.);
#18370 = FACE_BOUND('',#18371,.F.);
#18371 = EDGE_LOOP('',(#18372,#18373,#18374,#18375));
#18372 = ORIENTED_EDGE('',*,*,#18259,.F.);
#18373 = ORIENTED_EDGE('',*,*,#18329,.T.);
#18374 = ORIENTED_EDGE('',*,*,#18299,.T.);
#18375 = ORIENTED_EDGE('',*,*,#18351,.F.);
#18376 = PLANE('',#18377);
#18377 = AXIS2_PLACEMENT_3D('',#18378,#18379,#18380);
#18378 = CARTESIAN_POINT('',(1.715147742529E+03,5.4371875E+03,
    2.566824614739E+03));
#18379 = DIRECTION('',(0.965997767516,-1.183006073972E-16,0.258550407376
    ));
#18380 = DIRECTION('',(-0.258550407376,3.16632928811E-17,0.965997767516)
  );
#18381 = ADVANCED_FACE('',(#18382),#18388,.T.);
#18382 = FACE_BOUND('',#18383,.T.);
#18383 = EDGE_LOOP('',(#18384,#18385,#18386,#18387));
#18384 = ORIENTED_EDGE('',*,*,#18275,.F.);
#18385 = ORIENTED_EDGE('',*,*,#18336,.T.);
#18386 = ORIENTED_EDGE('',*,*,#18315,.T.);
#18387 = ORIENTED_EDGE('',*,*,#18358,.F.);
#18388 = PLANE('',#18389);
#18389 = AXIS2_PLACEMENT_3D('',#18390,#18391,#18392);
#18390 = CARTESIAN_POINT('',(1.751952257471E+03,5.4371875E+03,
    2.576675385261E+03));
#18391 = DIRECTION('',(0.965997767516,-1.183006073972E-16,0.258550407376
    ));
#18392 = DIRECTION('',(-0.258550407376,3.16632928811E-17,0.965997767516)
  );
#18393 = MANIFOLD_SOLID_BREP('',#18394);
#18394 = CLOSED_SHELL('',(#18395,#18435,#18475,#18497,#18519,#18531));
#18395 = ADVANCED_FACE('',(#18396),#18430,.F.);
#18396 = FACE_BOUND('',#18397,.F.);
#18397 = EDGE_LOOP('',(#18398,#18408,#18416,#18424));
#18398 = ORIENTED_EDGE('',*,*,#18399,.F.);
#18399 = EDGE_CURVE('',#18400,#18402,#18404,.T.);
#18400 = VERTEX_POINT('',#18401);
#18401 = CARTESIAN_POINT('',(4.108097934053E+03,1.3462E+03,
    2.564745739703E+03));
#18402 = VERTEX_POINT('',#18403);
#18403 = CARTESIAN_POINT('',(3.969102065947E+03,1.3462E+03,
    2.578754260297E+03));
#18404 = LINE('',#18405,#18406);
#18405 = CARTESIAN_POINT('',(4.108097934053E+03,1.3462E+03,
    2.564745739703E+03));
#18406 = VECTOR('',#18407,1.);
#18407 = DIRECTION('',(-0.994959685804,0.,0.100275737972));
#18408 = ORIENTED_EDGE('',*,*,#18409,.T.);
#18409 = EDGE_CURVE('',#18400,#18410,#18412,.T.);
#18410 = VERTEX_POINT('',#18411);
#18411 = CARTESIAN_POINT('',(4.108097934053E+03,1.3843E+03,
    2.564745739703E+03));
#18412 = LINE('',#18413,#18414);
#18413 = CARTESIAN_POINT('',(4.108097934053E+03,1.3462E+03,
    2.564745739703E+03));
#18414 = VECTOR('',#18415,1.);
#18415 = DIRECTION('',(0.,1.,0.));
#18416 = ORIENTED_EDGE('',*,*,#18417,.T.);
#18417 = EDGE_CURVE('',#18410,#18418,#18420,.T.);
#18418 = VERTEX_POINT('',#18419);
#18419 = CARTESIAN_POINT('',(3.969102065947E+03,1.3843E+03,
    2.578754260297E+03));
#18420 = LINE('',#18421,#18422);
#18421 = CARTESIAN_POINT('',(4.108097934053E+03,1.3843E+03,
    2.564745739703E+03));
#18422 = VECTOR('',#18423,1.);
#18423 = DIRECTION('',(-0.994959685804,0.,0.100275737972));
#18424 = ORIENTED_EDGE('',*,*,#18425,.F.);
#18425 = EDGE_CURVE('',#18402,#18418,#18426,.T.);
#18426 = LINE('',#18427,#18428);
#18427 = CARTESIAN_POINT('',(3.969102065947E+03,1.3462E+03,
    2.578754260297E+03));
#18428 = VECTOR('',#18429,1.);
#18429 = DIRECTION('',(0.,1.,0.));
#18430 = PLANE('',#18431);
#18431 = AXIS2_PLACEMENT_3D('',#18432,#18433,#18434);
#18432 = CARTESIAN_POINT('',(4.108097934053E+03,1.3462E+03,
    2.564745739703E+03));
#18433 = DIRECTION('',(0.100275737972,0.,0.994959685804));
#18434 = DIRECTION('',(-0.994959685804,0.,0.100275737972));
#18435 = ADVANCED_FACE('',(#18436),#18470,.T.);
#18436 = FACE_BOUND('',#18437,.T.);
#18437 = EDGE_LOOP('',(#18438,#18448,#18456,#18464));
#18438 = ORIENTED_EDGE('',*,*,#18439,.F.);
#18439 = EDGE_CURVE('',#18440,#18442,#18444,.T.);
#18440 = VERTEX_POINT('',#18441);
#18441 = CARTESIAN_POINT('',(4.171597934053E+03,1.3462E+03,
    3.194807819788E+03));
#18442 = VERTEX_POINT('',#18443);
#18443 = CARTESIAN_POINT('',(4.032602065947E+03,1.3462E+03,
    3.208816340383E+03));
#18444 = LINE('',#18445,#18446);
#18445 = CARTESIAN_POINT('',(4.171597934053E+03,1.3462E+03,
    3.194807819788E+03));
#18446 = VECTOR('',#18447,1.);
#18447 = DIRECTION('',(-0.994959685804,0.,0.100275737972));
#18448 = ORIENTED_EDGE('',*,*,#18449,.T.);
#18449 = EDGE_CURVE('',#18440,#18450,#18452,.T.);
#18450 = VERTEX_POINT('',#18451);
#18451 = CARTESIAN_POINT('',(4.171597934053E+03,1.3843E+03,
    3.194807819788E+03));
#18452 = LINE('',#18453,#18454);
#18453 = CARTESIAN_POINT('',(4.171597934053E+03,1.3462E+03,
    3.194807819788E+03));
#18454 = VECTOR('',#18455,1.);
#18455 = DIRECTION('',(0.,1.,0.));
#18456 = ORIENTED_EDGE('',*,*,#18457,.T.);
#18457 = EDGE_CURVE('',#18450,#18458,#18460,.T.);
#18458 = VERTEX_POINT('',#18459);
#18459 = CARTESIAN_POINT('',(4.032602065947E+03,1.3843E+03,
    3.208816340383E+03));
#18460 = LINE('',#18461,#18462);
#18461 = CARTESIAN_POINT('',(4.171597934053E+03,1.3843E+03,
    3.194807819788E+03));
#18462 = VECTOR('',#18463,1.);
#18463 = DIRECTION('',(-0.994959685804,0.,0.100275737972));
#18464 = ORIENTED_EDGE('',*,*,#18465,.F.);
#18465 = EDGE_CURVE('',#18442,#18458,#18466,.T.);
#18466 = LINE('',#18467,#18468);
#18467 = CARTESIAN_POINT('',(4.032602065947E+03,1.3462E+03,
    3.208816340383E+03));
#18468 = VECTOR('',#18469,1.);
#18469 = DIRECTION('',(0.,1.,0.));
#18470 = PLANE('',#18471);
#18471 = AXIS2_PLACEMENT_3D('',#18472,#18473,#18474);
#18472 = CARTESIAN_POINT('',(4.171597934053E+03,1.3462E+03,
    3.194807819788E+03));
#18473 = DIRECTION('',(0.100275737972,0.,0.994959685804));
#18474 = DIRECTION('',(-0.994959685804,0.,0.100275737972));
#18475 = ADVANCED_FACE('',(#18476),#18492,.F.);
#18476 = FACE_BOUND('',#18477,.F.);
#18477 = EDGE_LOOP('',(#18478,#18484,#18485,#18491));
#18478 = ORIENTED_EDGE('',*,*,#18479,.F.);
#18479 = EDGE_CURVE('',#18400,#18440,#18480,.T.);
#18480 = LINE('',#18481,#18482);
#18481 = CARTESIAN_POINT('',(4.108097934053E+03,1.3462E+03,
    2.564745739703E+03));
#18482 = VECTOR('',#18483,1.);
#18483 = DIRECTION('',(0.100275737972,0.,0.994959685804));
#18484 = ORIENTED_EDGE('',*,*,#18399,.T.);
#18485 = ORIENTED_EDGE('',*,*,#18486,.T.);
#18486 = EDGE_CURVE('',#18402,#18442,#18487,.T.);
#18487 = LINE('',#18488,#18489);
#18488 = CARTESIAN_POINT('',(3.969102065947E+03,1.3462E+03,
    2.578754260297E+03));
#18489 = VECTOR('',#18490,1.);
#18490 = DIRECTION('',(0.100275737972,0.,0.994959685804));
#18491 = ORIENTED_EDGE('',*,*,#18439,.F.);
#18492 = PLANE('',#18493);
#18493 = AXIS2_PLACEMENT_3D('',#18494,#18495,#18496);
#18494 = CARTESIAN_POINT('',(4.108097934053E+03,1.3462E+03,
    2.564745739703E+03));
#18495 = DIRECTION('',(0.,1.,0.));
#18496 = DIRECTION('',(-0.994959685804,0.,0.100275737972));
#18497 = ADVANCED_FACE('',(#18498),#18514,.T.);
#18498 = FACE_BOUND('',#18499,.T.);
#18499 = EDGE_LOOP('',(#18500,#18506,#18507,#18513));
#18500 = ORIENTED_EDGE('',*,*,#18501,.F.);
#18501 = EDGE_CURVE('',#18410,#18450,#18502,.T.);
#18502 = LINE('',#18503,#18504);
#18503 = CARTESIAN_POINT('',(4.108097934053E+03,1.3843E+03,
    2.564745739703E+03));
#18504 = VECTOR('',#18505,1.);
#18505 = DIRECTION('',(0.100275737972,0.,0.994959685804));
#18506 = ORIENTED_EDGE('',*,*,#18417,.T.);
#18507 = ORIENTED_EDGE('',*,*,#18508,.T.);
#18508 = EDGE_CURVE('',#18418,#18458,#18509,.T.);
#18509 = LINE('',#18510,#18511);
#18510 = CARTESIAN_POINT('',(3.969102065947E+03,1.3843E+03,
    2.578754260297E+03));
#18511 = VECTOR('',#18512,1.);
#18512 = DIRECTION('',(0.100275737972,0.,0.994959685804));
#18513 = ORIENTED_EDGE('',*,*,#18457,.F.);
#18514 = PLANE('',#18515);
#18515 = AXIS2_PLACEMENT_3D('',#18516,#18517,#18518);
#18516 = CARTESIAN_POINT('',(4.108097934053E+03,1.3843E+03,
    2.564745739703E+03));
#18517 = DIRECTION('',(0.,1.,0.));
#18518 = DIRECTION('',(-0.994959685804,0.,0.100275737972));
#18519 = ADVANCED_FACE('',(#18520),#18526,.F.);
#18520 = FACE_BOUND('',#18521,.F.);
#18521 = EDGE_LOOP('',(#18522,#18523,#18524,#18525));
#18522 = ORIENTED_EDGE('',*,*,#18409,.F.);
#18523 = ORIENTED_EDGE('',*,*,#18479,.T.);
#18524 = ORIENTED_EDGE('',*,*,#18449,.T.);
#18525 = ORIENTED_EDGE('',*,*,#18501,.F.);
#18526 = PLANE('',#18527);
#18527 = AXIS2_PLACEMENT_3D('',#18528,#18529,#18530);
#18528 = CARTESIAN_POINT('',(4.108097934053E+03,1.3462E+03,
    2.564745739703E+03));
#18529 = DIRECTION('',(-0.994959685804,0.,0.100275737972));
#18530 = DIRECTION('',(0.100275737972,0.,0.994959685804));
#18531 = ADVANCED_FACE('',(#18532),#18538,.T.);
#18532 = FACE_BOUND('',#18533,.T.);
#18533 = EDGE_LOOP('',(#18534,#18535,#18536,#18537));
#18534 = ORIENTED_EDGE('',*,*,#18425,.F.);
#18535 = ORIENTED_EDGE('',*,*,#18486,.T.);
#18536 = ORIENTED_EDGE('',*,*,#18465,.T.);
#18537 = ORIENTED_EDGE('',*,*,#18508,.F.);
#18538 = PLANE('',#18539);
#18539 = AXIS2_PLACEMENT_3D('',#18540,#18541,#18542);
#18540 = CARTESIAN_POINT('',(3.969102065947E+03,1.3462E+03,
    2.578754260297E+03));
#18541 = DIRECTION('',(-0.994959685804,0.,0.100275737972));
#18542 = DIRECTION('',(0.100275737972,0.,0.994959685804));
#18543 = MANIFOLD_SOLID_BREP('',#18544);
#18544 = CLOSED_SHELL('',(#18545,#18585,#18625,#18647,#18669,#18681));
#18545 = ADVANCED_FACE('',(#18546),#18580,.F.);
#18546 = FACE_BOUND('',#18547,.F.);
#18547 = EDGE_LOOP('',(#18548,#18558,#18566,#18574));
#18548 = ORIENTED_EDGE('',*,*,#18549,.F.);
#18549 = EDGE_CURVE('',#18550,#18552,#18554,.T.);
#18550 = VERTEX_POINT('',#18551);
#18551 = CARTESIAN_POINT('',(4.05765E+03,1.32715E+03,2.49555E+03));
#18552 = VERTEX_POINT('',#18553);
#18553 = CARTESIAN_POINT('',(4.05765E+03,1.32715E+03,2.64795E+03));
#18554 = LINE('',#18555,#18556);
#18555 = CARTESIAN_POINT('',(4.05765E+03,1.32715E+03,2.49555E+03));
#18556 = VECTOR('',#18557,1.);
#18557 = DIRECTION('',(0.,0.,1.));
#18558 = ORIENTED_EDGE('',*,*,#18559,.T.);
#18559 = EDGE_CURVE('',#18550,#18560,#18562,.T.);
#18560 = VERTEX_POINT('',#18561);
#18561 = CARTESIAN_POINT('',(4.05765E+03,1.40335E+03,2.49555E+03));
#18562 = LINE('',#18563,#18564);
#18563 = CARTESIAN_POINT('',(4.05765E+03,1.32715E+03,2.49555E+03));
#18564 = VECTOR('',#18565,1.);
#18565 = DIRECTION('',(0.,1.,0.));
#18566 = ORIENTED_EDGE('',*,*,#18567,.T.);
#18567 = EDGE_CURVE('',#18560,#18568,#18570,.T.);
#18568 = VERTEX_POINT('',#18569);
#18569 = CARTESIAN_POINT('',(4.05765E+03,1.40335E+03,2.64795E+03));
#18570 = LINE('',#18571,#18572);
#18571 = CARTESIAN_POINT('',(4.05765E+03,1.40335E+03,2.49555E+03));
#18572 = VECTOR('',#18573,1.);
#18573 = DIRECTION('',(0.,0.,1.));
#18574 = ORIENTED_EDGE('',*,*,#18575,.F.);
#18575 = EDGE_CURVE('',#18552,#18568,#18576,.T.);
#18576 = LINE('',#18577,#18578);
#18577 = CARTESIAN_POINT('',(4.05765E+03,1.32715E+03,2.64795E+03));
#18578 = VECTOR('',#18579,1.);
#18579 = DIRECTION('',(0.,1.,0.));
#18580 = PLANE('',#18581);
#18581 = AXIS2_PLACEMENT_3D('',#18582,#18583,#18584);
#18582 = CARTESIAN_POINT('',(4.05765E+03,1.32715E+03,2.49555E+03));
#18583 = DIRECTION('',(1.,0.,0.));
#18584 = DIRECTION('',(0.,0.,1.));
#18585 = ADVANCED_FACE('',(#18586),#18620,.T.);
#18586 = FACE_BOUND('',#18587,.T.);
#18587 = EDGE_LOOP('',(#18588,#18598,#18606,#18614));
#18588 = ORIENTED_EDGE('',*,*,#18589,.F.);
#18589 = EDGE_CURVE('',#18590,#18592,#18594,.T.);
#18590 = VERTEX_POINT('',#18591);
#18591 = CARTESIAN_POINT('',(4.060825E+03,1.32715E+03,2.49555E+03));
#18592 = VERTEX_POINT('',#18593);
#18593 = CARTESIAN_POINT('',(4.060825E+03,1.32715E+03,2.64795E+03));
#18594 = LINE('',#18595,#18596);
#18595 = CARTESIAN_POINT('',(4.060825E+03,1.32715E+03,2.49555E+03));
#18596 = VECTOR('',#18597,1.);
#18597 = DIRECTION('',(0.,0.,1.));
#18598 = ORIENTED_EDGE('',*,*,#18599,.T.);
#18599 = EDGE_CURVE('',#18590,#18600,#18602,.T.);
#18600 = VERTEX_POINT('',#18601);
#18601 = CARTESIAN_POINT('',(4.060825E+03,1.40335E+03,2.49555E+03));
#18602 = LINE('',#18603,#18604);
#18603 = CARTESIAN_POINT('',(4.060825E+03,1.32715E+03,2.49555E+03));
#18604 = VECTOR('',#18605,1.);
#18605 = DIRECTION('',(0.,1.,0.));
#18606 = ORIENTED_EDGE('',*,*,#18607,.T.);
#18607 = EDGE_CURVE('',#18600,#18608,#18610,.T.);
#18608 = VERTEX_POINT('',#18609);
#18609 = CARTESIAN_POINT('',(4.060825E+03,1.40335E+03,2.64795E+03));
#18610 = LINE('',#18611,#18612);
#18611 = CARTESIAN_POINT('',(4.060825E+03,1.40335E+03,2.49555E+03));
#18612 = VECTOR('',#18613,1.);
#18613 = DIRECTION('',(0.,0.,1.));
#18614 = ORIENTED_EDGE('',*,*,#18615,.F.);
#18615 = EDGE_CURVE('',#18592,#18608,#18616,.T.);
#18616 = LINE('',#18617,#18618);
#18617 = CARTESIAN_POINT('',(4.060825E+03,1.32715E+03,2.64795E+03));
#18618 = VECTOR('',#18619,1.);
#18619 = DIRECTION('',(0.,1.,0.));
#18620 = PLANE('',#18621);
#18621 = AXIS2_PLACEMENT_3D('',#18622,#18623,#18624);
#18622 = CARTESIAN_POINT('',(4.060825E+03,1.32715E+03,2.49555E+03));
#18623 = DIRECTION('',(1.,0.,0.));
#18624 = DIRECTION('',(0.,0.,1.));
#18625 = ADVANCED_FACE('',(#18626),#18642,.F.);
#18626 = FACE_BOUND('',#18627,.F.);
#18627 = EDGE_LOOP('',(#18628,#18634,#18635,#18641));
#18628 = ORIENTED_EDGE('',*,*,#18629,.F.);
#18629 = EDGE_CURVE('',#18550,#18590,#18630,.T.);
#18630 = LINE('',#18631,#18632);
#18631 = CARTESIAN_POINT('',(4.05765E+03,1.32715E+03,2.49555E+03));
#18632 = VECTOR('',#18633,1.);
#18633 = DIRECTION('',(1.,0.,0.));
#18634 = ORIENTED_EDGE('',*,*,#18549,.T.);
#18635 = ORIENTED_EDGE('',*,*,#18636,.T.);
#18636 = EDGE_CURVE('',#18552,#18592,#18637,.T.);
#18637 = LINE('',#18638,#18639);
#18638 = CARTESIAN_POINT('',(4.05765E+03,1.32715E+03,2.64795E+03));
#18639 = VECTOR('',#18640,1.);
#18640 = DIRECTION('',(1.,0.,0.));
#18641 = ORIENTED_EDGE('',*,*,#18589,.F.);
#18642 = PLANE('',#18643);
#18643 = AXIS2_PLACEMENT_3D('',#18644,#18645,#18646);
#18644 = CARTESIAN_POINT('',(4.05765E+03,1.32715E+03,2.49555E+03));
#18645 = DIRECTION('',(0.,1.,0.));
#18646 = DIRECTION('',(0.,0.,1.));
#18647 = ADVANCED_FACE('',(#18648),#18664,.T.);
#18648 = FACE_BOUND('',#18649,.T.);
#18649 = EDGE_LOOP('',(#18650,#18656,#18657,#18663));
#18650 = ORIENTED_EDGE('',*,*,#18651,.F.);
#18651 = EDGE_CURVE('',#18560,#18600,#18652,.T.);
#18652 = LINE('',#18653,#18654);
#18653 = CARTESIAN_POINT('',(4.05765E+03,1.40335E+03,2.49555E+03));
#18654 = VECTOR('',#18655,1.);
#18655 = DIRECTION('',(1.,0.,0.));
#18656 = ORIENTED_EDGE('',*,*,#18567,.T.);
#18657 = ORIENTED_EDGE('',*,*,#18658,.T.);
#18658 = EDGE_CURVE('',#18568,#18608,#18659,.T.);
#18659 = LINE('',#18660,#18661);
#18660 = CARTESIAN_POINT('',(4.05765E+03,1.40335E+03,2.64795E+03));
#18661 = VECTOR('',#18662,1.);
#18662 = DIRECTION('',(1.,0.,0.));
#18663 = ORIENTED_EDGE('',*,*,#18607,.F.);
#18664 = PLANE('',#18665);
#18665 = AXIS2_PLACEMENT_3D('',#18666,#18667,#18668);
#18666 = CARTESIAN_POINT('',(4.05765E+03,1.40335E+03,2.49555E+03));
#18667 = DIRECTION('',(0.,1.,0.));
#18668 = DIRECTION('',(0.,0.,1.));
#18669 = ADVANCED_FACE('',(#18670),#18676,.F.);
#18670 = FACE_BOUND('',#18671,.F.);
#18671 = EDGE_LOOP('',(#18672,#18673,#18674,#18675));
#18672 = ORIENTED_EDGE('',*,*,#18559,.F.);
#18673 = ORIENTED_EDGE('',*,*,#18629,.T.);
#18674 = ORIENTED_EDGE('',*,*,#18599,.T.);
#18675 = ORIENTED_EDGE('',*,*,#18651,.F.);
#18676 = PLANE('',#18677);
#18677 = AXIS2_PLACEMENT_3D('',#18678,#18679,#18680);
#18678 = CARTESIAN_POINT('',(4.05765E+03,1.32715E+03,2.49555E+03));
#18679 = DIRECTION('',(0.,0.,1.));
#18680 = DIRECTION('',(1.,0.,0.));
#18681 = ADVANCED_FACE('',(#18682),#18688,.T.);
#18682 = FACE_BOUND('',#18683,.T.);
#18683 = EDGE_LOOP('',(#18684,#18685,#18686,#18687));
#18684 = ORIENTED_EDGE('',*,*,#18575,.F.);
#18685 = ORIENTED_EDGE('',*,*,#18636,.T.);
#18686 = ORIENTED_EDGE('',*,*,#18615,.T.);
#18687 = ORIENTED_EDGE('',*,*,#18658,.F.);
#18688 = PLANE('',#18689);
#18689 = AXIS2_PLACEMENT_3D('',#18690,#18691,#18692);
#18690 = CARTESIAN_POINT('',(4.05765E+03,1.32715E+03,2.64795E+03));
#18691 = DIRECTION('',(0.,0.,1.));
#18692 = DIRECTION('',(1.,0.,0.));
#18693 = MANIFOLD_SOLID_BREP('',#18694);
#18694 = CLOSED_SHELL('',(#18695,#18735,#18775,#18797,#18819,#18831));
#18695 = ADVANCED_FACE('',(#18696),#18730,.F.);
#18696 = FACE_BOUND('',#18697,.F.);
#18697 = EDGE_LOOP('',(#18698,#18708,#18716,#18724));
#18698 = ORIENTED_EDGE('',*,*,#18699,.F.);
#18699 = EDGE_CURVE('',#18700,#18702,#18704,.T.);
#18700 = VERTEX_POINT('',#18701);
#18701 = CARTESIAN_POINT('',(4.12115E+03,1.32715E+03,3.125612080086E+03)
  );
#18702 = VERTEX_POINT('',#18703);
#18703 = CARTESIAN_POINT('',(4.12115E+03,1.32715E+03,3.278012080086E+03)
  );
#18704 = LINE('',#18705,#18706);
#18705 = CARTESIAN_POINT('',(4.12115E+03,1.32715E+03,3.125612080086E+03)
  );
#18706 = VECTOR('',#18707,1.);
#18707 = DIRECTION('',(0.,0.,1.));
#18708 = ORIENTED_EDGE('',*,*,#18709,.T.);
#18709 = EDGE_CURVE('',#18700,#18710,#18712,.T.);
#18710 = VERTEX_POINT('',#18711);
#18711 = CARTESIAN_POINT('',(4.12115E+03,1.40335E+03,3.125612080086E+03)
  );
#18712 = LINE('',#18713,#18714);
#18713 = CARTESIAN_POINT('',(4.12115E+03,1.32715E+03,3.125612080086E+03)
  );
#18714 = VECTOR('',#18715,1.);
#18715 = DIRECTION('',(0.,1.,0.));
#18716 = ORIENTED_EDGE('',*,*,#18717,.T.);
#18717 = EDGE_CURVE('',#18710,#18718,#18720,.T.);
#18718 = VERTEX_POINT('',#18719);
#18719 = CARTESIAN_POINT('',(4.12115E+03,1.40335E+03,3.278012080086E+03)
  );
#18720 = LINE('',#18721,#18722);
#18721 = CARTESIAN_POINT('',(4.12115E+03,1.40335E+03,3.125612080086E+03)
  );
#18722 = VECTOR('',#18723,1.);
#18723 = DIRECTION('',(0.,0.,1.));
#18724 = ORIENTED_EDGE('',*,*,#18725,.F.);
#18725 = EDGE_CURVE('',#18702,#18718,#18726,.T.);
#18726 = LINE('',#18727,#18728);
#18727 = CARTESIAN_POINT('',(4.12115E+03,1.32715E+03,3.278012080086E+03)
  );
#18728 = VECTOR('',#18729,1.);
#18729 = DIRECTION('',(0.,1.,0.));
#18730 = PLANE('',#18731);
#18731 = AXIS2_PLACEMENT_3D('',#18732,#18733,#18734);
#18732 = CARTESIAN_POINT('',(4.12115E+03,1.32715E+03,3.125612080086E+03)
  );
#18733 = DIRECTION('',(1.,0.,0.));
#18734 = DIRECTION('',(0.,0.,1.));
#18735 = ADVANCED_FACE('',(#18736),#18770,.T.);
#18736 = FACE_BOUND('',#18737,.T.);
#18737 = EDGE_LOOP('',(#18738,#18748,#18756,#18764));
#18738 = ORIENTED_EDGE('',*,*,#18739,.F.);
#18739 = EDGE_CURVE('',#18740,#18742,#18744,.T.);
#18740 = VERTEX_POINT('',#18741);
#18741 = CARTESIAN_POINT('',(4.124325E+03,1.32715E+03,3.125612080086E+03
    ));
#18742 = VERTEX_POINT('',#18743);
#18743 = CARTESIAN_POINT('',(4.124325E+03,1.32715E+03,3.278012080086E+03
    ));
#18744 = LINE('',#18745,#18746);
#18745 = CARTESIAN_POINT('',(4.124325E+03,1.32715E+03,3.125612080086E+03
    ));
#18746 = VECTOR('',#18747,1.);
#18747 = DIRECTION('',(0.,0.,1.));
#18748 = ORIENTED_EDGE('',*,*,#18749,.T.);
#18749 = EDGE_CURVE('',#18740,#18750,#18752,.T.);
#18750 = VERTEX_POINT('',#18751);
#18751 = CARTESIAN_POINT('',(4.124325E+03,1.40335E+03,3.125612080086E+03
    ));
#18752 = LINE('',#18753,#18754);
#18753 = CARTESIAN_POINT('',(4.124325E+03,1.32715E+03,3.125612080086E+03
    ));
#18754 = VECTOR('',#18755,1.);
#18755 = DIRECTION('',(0.,1.,0.));
#18756 = ORIENTED_EDGE('',*,*,#18757,.T.);
#18757 = EDGE_CURVE('',#18750,#18758,#18760,.T.);
#18758 = VERTEX_POINT('',#18759);
#18759 = CARTESIAN_POINT('',(4.124325E+03,1.40335E+03,3.278012080086E+03
    ));
#18760 = LINE('',#18761,#18762);
#18761 = CARTESIAN_POINT('',(4.124325E+03,1.40335E+03,3.125612080086E+03
    ));
#18762 = VECTOR('',#18763,1.);
#18763 = DIRECTION('',(0.,0.,1.));
#18764 = ORIENTED_EDGE('',*,*,#18765,.F.);
#18765 = EDGE_CURVE('',#18742,#18758,#18766,.T.);
#18766 = LINE('',#18767,#18768);
#18767 = CARTESIAN_POINT('',(4.124325E+03,1.32715E+03,3.278012080086E+03
    ));
#18768 = VECTOR('',#18769,1.);
#18769 = DIRECTION('',(0.,1.,0.));
#18770 = PLANE('',#18771);
#18771 = AXIS2_PLACEMENT_3D('',#18772,#18773,#18774);
#18772 = CARTESIAN_POINT('',(4.124325E+03,1.32715E+03,3.125612080086E+03
    ));
#18773 = DIRECTION('',(1.,0.,0.));
#18774 = DIRECTION('',(0.,0.,1.));
#18775 = ADVANCED_FACE('',(#18776),#18792,.F.);
#18776 = FACE_BOUND('',#18777,.F.);
#18777 = EDGE_LOOP('',(#18778,#18784,#18785,#18791));
#18778 = ORIENTED_EDGE('',*,*,#18779,.F.);
#18779 = EDGE_CURVE('',#18700,#18740,#18780,.T.);
#18780 = LINE('',#18781,#18782);
#18781 = CARTESIAN_POINT('',(4.12115E+03,1.32715E+03,3.125612080086E+03)
  );
#18782 = VECTOR('',#18783,1.);
#18783 = DIRECTION('',(1.,0.,0.));
#18784 = ORIENTED_EDGE('',*,*,#18699,.T.);
#18785 = ORIENTED_EDGE('',*,*,#18786,.T.);
#18786 = EDGE_CURVE('',#18702,#18742,#18787,.T.);
#18787 = LINE('',#18788,#18789);
#18788 = CARTESIAN_POINT('',(4.12115E+03,1.32715E+03,3.278012080086E+03)
  );
#18789 = VECTOR('',#18790,1.);
#18790 = DIRECTION('',(1.,0.,0.));
#18791 = ORIENTED_EDGE('',*,*,#18739,.F.);
#18792 = PLANE('',#18793);
#18793 = AXIS2_PLACEMENT_3D('',#18794,#18795,#18796);
#18794 = CARTESIAN_POINT('',(4.12115E+03,1.32715E+03,3.125612080086E+03)
  );
#18795 = DIRECTION('',(0.,1.,0.));
#18796 = DIRECTION('',(0.,0.,1.));
#18797 = ADVANCED_FACE('',(#18798),#18814,.T.);
#18798 = FACE_BOUND('',#18799,.T.);
#18799 = EDGE_LOOP('',(#18800,#18806,#18807,#18813));
#18800 = ORIENTED_EDGE('',*,*,#18801,.F.);
#18801 = EDGE_CURVE('',#18710,#18750,#18802,.T.);
#18802 = LINE('',#18803,#18804);
#18803 = CARTESIAN_POINT('',(4.12115E+03,1.40335E+03,3.125612080086E+03)
  );
#18804 = VECTOR('',#18805,1.);
#18805 = DIRECTION('',(1.,0.,0.));
#18806 = ORIENTED_EDGE('',*,*,#18717,.T.);
#18807 = ORIENTED_EDGE('',*,*,#18808,.T.);
#18808 = EDGE_CURVE('',#18718,#18758,#18809,.T.);
#18809 = LINE('',#18810,#18811);
#18810 = CARTESIAN_POINT('',(4.12115E+03,1.40335E+03,3.278012080086E+03)
  );
#18811 = VECTOR('',#18812,1.);
#18812 = DIRECTION('',(1.,0.,0.));
#18813 = ORIENTED_EDGE('',*,*,#18757,.F.);
#18814 = PLANE('',#18815);
#18815 = AXIS2_PLACEMENT_3D('',#18816,#18817,#18818);
#18816 = CARTESIAN_POINT('',(4.12115E+03,1.40335E+03,3.125612080086E+03)
  );
#18817 = DIRECTION('',(0.,1.,0.));
#18818 = DIRECTION('',(0.,0.,1.));
#18819 = ADVANCED_FACE('',(#18820),#18826,.F.);
#18820 = FACE_BOUND('',#18821,.F.);
#18821 = EDGE_LOOP('',(#18822,#18823,#18824,#18825));
#18822 = ORIENTED_EDGE('',*,*,#18709,.F.);
#18823 = ORIENTED_EDGE('',*,*,#18779,.T.);
#18824 = ORIENTED_EDGE('',*,*,#18749,.T.);
#18825 = ORIENTED_EDGE('',*,*,#18801,.F.);
#18826 = PLANE('',#18827);
#18827 = AXIS2_PLACEMENT_3D('',#18828,#18829,#18830);
#18828 = CARTESIAN_POINT('',(4.12115E+03,1.32715E+03,3.125612080086E+03)
  );
#18829 = DIRECTION('',(0.,0.,1.));
#18830 = DIRECTION('',(1.,0.,0.));
#18831 = ADVANCED_FACE('',(#18832),#18838,.T.);
#18832 = FACE_BOUND('',#18833,.T.);
#18833 = EDGE_LOOP('',(#18834,#18835,#18836,#18837));
#18834 = ORIENTED_EDGE('',*,*,#18725,.F.);
#18835 = ORIENTED_EDGE('',*,*,#18786,.T.);
#18836 = ORIENTED_EDGE('',*,*,#18765,.T.);
#18837 = ORIENTED_EDGE('',*,*,#18808,.F.);
#18838 = PLANE('',#18839);
#18839 = AXIS2_PLACEMENT_3D('',#18840,#18841,#18842);
#18840 = CARTESIAN_POINT('',(4.12115E+03,1.32715E+03,3.278012080086E+03)
  );
#18841 = DIRECTION('',(0.,0.,1.));
#18842 = DIRECTION('',(1.,0.,0.));
#18843 = MANIFOLD_SOLID_BREP('',#18844);
#18844 = CLOSED_SHELL('',(#18845,#18885,#18925,#18947,#18969,#18981));
#18845 = ADVANCED_FACE('',(#18846),#18880,.F.);
#18846 = FACE_BOUND('',#18847,.F.);
#18847 = EDGE_LOOP('',(#18848,#18858,#18866,#18874));
#18848 = ORIENTED_EDGE('',*,*,#18849,.F.);
#18849 = EDGE_CURVE('',#18850,#18852,#18854,.T.);
#18850 = VERTEX_POINT('',#18851);
#18851 = CARTESIAN_POINT('',(4.698941246657E+03,5.4340125E+03,
    2.570254991503E+03));
#18852 = VERTEX_POINT('',#18853);
#18853 = CARTESIAN_POINT('',(4.660958753343E+03,5.4340125E+03,
    2.573245008497E+03));
#18854 = LINE('',#18855,#18856);
#18855 = CARTESIAN_POINT('',(4.698941246657E+03,5.4340125E+03,
    2.570254991503E+03));
#18856 = VECTOR('',#18857,1.);
#18857 = DIRECTION('',(-0.996915835023,0.,7.847813632582E-02));
#18858 = ORIENTED_EDGE('',*,*,#18859,.T.);
#18859 = EDGE_CURVE('',#18850,#18860,#18862,.T.);
#18860 = VERTEX_POINT('',#18861);
#18861 = CARTESIAN_POINT('',(4.698941246657E+03,5.4371875E+03,
    2.570254991503E+03));
#18862 = LINE('',#18863,#18864);
#18863 = CARTESIAN_POINT('',(4.698941246657E+03,5.4340125E+03,
    2.570254991503E+03));
#18864 = VECTOR('',#18865,1.);
#18865 = DIRECTION('',(0.,1.,0.));
#18866 = ORIENTED_EDGE('',*,*,#18867,.T.);
#18867 = EDGE_CURVE('',#18860,#18868,#18870,.T.);
#18868 = VERTEX_POINT('',#18869);
#18869 = CARTESIAN_POINT('',(4.660958753343E+03,5.4371875E+03,
    2.573245008497E+03));
#18870 = LINE('',#18871,#18872);
#18871 = CARTESIAN_POINT('',(4.698941246657E+03,5.4371875E+03,
    2.570254991503E+03));
#18872 = VECTOR('',#18873,1.);
#18873 = DIRECTION('',(-0.996915835023,0.,7.847813632582E-02));
#18874 = ORIENTED_EDGE('',*,*,#18875,.F.);
#18875 = EDGE_CURVE('',#18852,#18868,#18876,.T.);
#18876 = LINE('',#18877,#18878);
#18877 = CARTESIAN_POINT('',(4.660958753343E+03,5.4340125E+03,
    2.573245008497E+03));
#18878 = VECTOR('',#18879,1.);
#18879 = DIRECTION('',(0.,1.,0.));
#18880 = PLANE('',#18881);
#18881 = AXIS2_PLACEMENT_3D('',#18882,#18883,#18884);
#18882 = CARTESIAN_POINT('',(4.698941246657E+03,5.4340125E+03,
    2.570254991503E+03));
#18883 = DIRECTION('',(7.847813632582E-02,0.,0.996915835023));
#18884 = DIRECTION('',(-0.996915835023,0.,7.847813632582E-02));
#18885 = ADVANCED_FACE('',(#18886),#18920,.T.);
#18886 = FACE_BOUND('',#18887,.T.);
#18887 = EDGE_LOOP('',(#18888,#18898,#18906,#18914));
#18888 = ORIENTED_EDGE('',*,*,#18889,.F.);
#18889 = EDGE_CURVE('',#18890,#18892,#18894,.T.);
#18890 = VERTEX_POINT('',#18891);
#18891 = CARTESIAN_POINT('',(4.730691246657E+03,5.4340125E+03,
    2.9735785061E+03));
#18892 = VERTEX_POINT('',#18893);
#18893 = CARTESIAN_POINT('',(4.692708753343E+03,5.4340125E+03,
    2.976568523094E+03));
#18894 = LINE('',#18895,#18896);
#18895 = CARTESIAN_POINT('',(4.730691246657E+03,5.4340125E+03,
    2.9735785061E+03));
#18896 = VECTOR('',#18897,1.);
#18897 = DIRECTION('',(-0.996915835023,0.,7.847813632582E-02));
#18898 = ORIENTED_EDGE('',*,*,#18899,.T.);
#18899 = EDGE_CURVE('',#18890,#18900,#18902,.T.);
#18900 = VERTEX_POINT('',#18901);
#18901 = CARTESIAN_POINT('',(4.730691246657E+03,5.4371875E+03,
    2.9735785061E+03));
#18902 = LINE('',#18903,#18904);
#18903 = CARTESIAN_POINT('',(4.730691246657E+03,5.4340125E+03,
    2.9735785061E+03));
#18904 = VECTOR('',#18905,1.);
#18905 = DIRECTION('',(0.,1.,0.));
#18906 = ORIENTED_EDGE('',*,*,#18907,.T.);
#18907 = EDGE_CURVE('',#18900,#18908,#18910,.T.);
#18908 = VERTEX_POINT('',#18909);
#18909 = CARTESIAN_POINT('',(4.692708753343E+03,5.4371875E+03,
    2.976568523094E+03));
#18910 = LINE('',#18911,#18912);
#18911 = CARTESIAN_POINT('',(4.730691246657E+03,5.4371875E+03,
    2.9735785061E+03));
#18912 = VECTOR('',#18913,1.);
#18913 = DIRECTION('',(-0.996915835023,0.,7.847813632582E-02));
#18914 = ORIENTED_EDGE('',*,*,#18915,.F.);
#18915 = EDGE_CURVE('',#18892,#18908,#18916,.T.);
#18916 = LINE('',#18917,#18918);
#18917 = CARTESIAN_POINT('',(4.692708753343E+03,5.4340125E+03,
    2.976568523094E+03));
#18918 = VECTOR('',#18919,1.);
#18919 = DIRECTION('',(0.,1.,0.));
#18920 = PLANE('',#18921);
#18921 = AXIS2_PLACEMENT_3D('',#18922,#18923,#18924);
#18922 = CARTESIAN_POINT('',(4.730691246657E+03,5.4340125E+03,
    2.9735785061E+03));
#18923 = DIRECTION('',(7.847813632582E-02,0.,0.996915835023));
#18924 = DIRECTION('',(-0.996915835023,0.,7.847813632582E-02));
#18925 = ADVANCED_FACE('',(#18926),#18942,.F.);
#18926 = FACE_BOUND('',#18927,.F.);
#18927 = EDGE_LOOP('',(#18928,#18934,#18935,#18941));
#18928 = ORIENTED_EDGE('',*,*,#18929,.F.);
#18929 = EDGE_CURVE('',#18850,#18890,#18930,.T.);
#18930 = LINE('',#18931,#18932);
#18931 = CARTESIAN_POINT('',(4.698941246657E+03,5.4340125E+03,
    2.570254991503E+03));
#18932 = VECTOR('',#18933,1.);
#18933 = DIRECTION('',(7.847813632582E-02,0.,0.996915835023));
#18934 = ORIENTED_EDGE('',*,*,#18849,.T.);
#18935 = ORIENTED_EDGE('',*,*,#18936,.T.);
#18936 = EDGE_CURVE('',#18852,#18892,#18937,.T.);
#18937 = LINE('',#18938,#18939);
#18938 = CARTESIAN_POINT('',(4.660958753343E+03,5.4340125E+03,
    2.573245008497E+03));
#18939 = VECTOR('',#18940,1.);
#18940 = DIRECTION('',(7.847813632582E-02,0.,0.996915835023));
#18941 = ORIENTED_EDGE('',*,*,#18889,.F.);
#18942 = PLANE('',#18943);
#18943 = AXIS2_PLACEMENT_3D('',#18944,#18945,#18946);
#18944 = CARTESIAN_POINT('',(4.698941246657E+03,5.4340125E+03,
    2.570254991503E+03));
#18945 = DIRECTION('',(0.,1.,0.));
#18946 = DIRECTION('',(-0.996915835023,0.,7.847813632582E-02));
#18947 = ADVANCED_FACE('',(#18948),#18964,.T.);
#18948 = FACE_BOUND('',#18949,.T.);
#18949 = EDGE_LOOP('',(#18950,#18956,#18957,#18963));
#18950 = ORIENTED_EDGE('',*,*,#18951,.F.);
#18951 = EDGE_CURVE('',#18860,#18900,#18952,.T.);
#18952 = LINE('',#18953,#18954);
#18953 = CARTESIAN_POINT('',(4.698941246657E+03,5.4371875E+03,
    2.570254991503E+03));
#18954 = VECTOR('',#18955,1.);
#18955 = DIRECTION('',(7.847813632582E-02,0.,0.996915835023));
#18956 = ORIENTED_EDGE('',*,*,#18867,.T.);
#18957 = ORIENTED_EDGE('',*,*,#18958,.T.);
#18958 = EDGE_CURVE('',#18868,#18908,#18959,.T.);
#18959 = LINE('',#18960,#18961);
#18960 = CARTESIAN_POINT('',(4.660958753343E+03,5.4371875E+03,
    2.573245008497E+03));
#18961 = VECTOR('',#18962,1.);
#18962 = DIRECTION('',(7.847813632582E-02,0.,0.996915835023));
#18963 = ORIENTED_EDGE('',*,*,#18907,.F.);
#18964 = PLANE('',#18965);
#18965 = AXIS2_PLACEMENT_3D('',#18966,#18967,#18968);
#18966 = CARTESIAN_POINT('',(4.698941246657E+03,5.4371875E+03,
    2.570254991503E+03));
#18967 = DIRECTION('',(0.,1.,0.));
#18968 = DIRECTION('',(-0.996915835023,0.,7.847813632582E-02));
#18969 = ADVANCED_FACE('',(#18970),#18976,.F.);
#18970 = FACE_BOUND('',#18971,.F.);
#18971 = EDGE_LOOP('',(#18972,#18973,#18974,#18975));
#18972 = ORIENTED_EDGE('',*,*,#18859,.F.);
#18973 = ORIENTED_EDGE('',*,*,#18929,.T.);
#18974 = ORIENTED_EDGE('',*,*,#18899,.T.);
#18975 = ORIENTED_EDGE('',*,*,#18951,.F.);
#18976 = PLANE('',#18977);
#18977 = AXIS2_PLACEMENT_3D('',#18978,#18979,#18980);
#18978 = CARTESIAN_POINT('',(4.698941246657E+03,5.4340125E+03,
    2.570254991503E+03));
#18979 = DIRECTION('',(-0.996915835023,0.,7.847813632582E-02));
#18980 = DIRECTION('',(7.847813632582E-02,0.,0.996915835023));
#18981 = ADVANCED_FACE('',(#18982),#18988,.T.);
#18982 = FACE_BOUND('',#18983,.T.);
#18983 = EDGE_LOOP('',(#18984,#18985,#18986,#18987));
#18984 = ORIENTED_EDGE('',*,*,#18875,.F.);
#18985 = ORIENTED_EDGE('',*,*,#18936,.T.);
#18986 = ORIENTED_EDGE('',*,*,#18915,.T.);
#18987 = ORIENTED_EDGE('',*,*,#18958,.F.);
#18988 = PLANE('',#18989);
#18989 = AXIS2_PLACEMENT_3D('',#18990,#18991,#18992);
#18990 = CARTESIAN_POINT('',(4.660958753343E+03,5.4340125E+03,
    2.573245008497E+03));
#18991 = DIRECTION('',(-0.996915835023,0.,7.847813632582E-02));
#18992 = DIRECTION('',(7.847813632582E-02,0.,0.996915835023));
#18993 = ( GEOMETRIC_REPRESENTATION_CONTEXT(3) 
GLOBAL_UNCERTAINTY_ASSIGNED_CONTEXT((#18997)) 
GLOBAL_UNIT_ASSIGNED_CONTEXT((#18994,#18995,#18996)) 
REPRESENTATION_CONTEXT('Context #1',
  '3D Context with UNIT and UNCERTAINTY') );
#18994 = ( LENGTH_UNIT() NAMED_UNIT(*) SI_UNIT(.MILLI.,.METRE.) );
#18995 = ( NAMED_UNIT(*) PLANE_ANGLE_UNIT() SI_UNIT($,.RADIAN.) );
#18996 = ( NAMED_UNIT(*) SI_UNIT($,.STERADIAN.) SOLID_ANGLE_UNIT() );
#18997 = UNCERTAINTY_MEASURE_WITH_UNIT(LENGTH_MEASURE(1.E-03),#18994,
  'distance_accuracy_value','confusion accuracy');
#18998 = PRODUCT_RELATED_PRODUCT_CATEGORY('part',$,(#7));
ENDSEC;
END-ISO-10303-21;
