ISO-10303-21;
HEADER;
FILE_DESCRIPTION(('FreeCAD Model'),'2;1');
FILE_NAME('Open CASCADE Shape Model','2026-09-09T22:25:26',('FreeCAD'),(
    'FreeCAD'),'Open CASCADE STEP processor 7.8','FreeCAD','Unknown');
FILE_SCHEMA(('AUTOMOTIVE_DESIGN { 1 0 10303 214 1 1 1 1 }'));
ENDSEC;
DATA;
#1 = APPLICATION_PROTOCOL_DEFINITION('international standard',
  'automotive_design',2000,#2);
#2 = APPLICATION_CONTEXT(
  'core data for automotive mechanical design processes');
#3 = SHAPE_DEFINITION_REPRESENTATION(#4,#10);
#4 = PRODUCT_DEFINITION_SHAPE('','',#5);
#5 = PRODUCT_DEFINITION('design','',#6,#9);
#6 = PRODUCT_DEFINITION_FORMATION('','',#7);
#7 = PRODUCT('Open CASCADE STEP translator 7.8 1',
  'Open CASCADE STEP translator 7.8 1','',(#8));
#8 = PRODUCT_CONTEXT('',#2,'mechanical');
#9 = PRODUCT_DEFINITION_CONTEXT('part definition',#2,'design');
#10 = SHAPE_REPRESENTATION('',(#11,#15,#433,#715,#1137,#1287,#1705,#1987
    ,#2409,#2559,#2709,#2859,#3009,#3159,#3309,#3459,#3609,#3759,#3909,
    #4125,#4341,#4557,#4773,#4956,#5139,#5322,#5505,#5688,#5871,#6054,
    #6237,#6420,#6603,#6786,#6969,#7152,#7335,#7518,#7701,#7884,#8067,
    #8250,#8433,#8616,#8799,#8982,#9165,#9348,#9531,#9714,#9897,#10080,
    #10263,#10446,#10629,#10812,#10995,#11178,#11361,#11544,#11727,
    #11910),#12093);
#11 = AXIS2_PLACEMENT_3D('',#12,#13,#14);
#12 = CARTESIAN_POINT('',(0.,0.,0.));
#13 = DIRECTION('',(0.,0.,1.));
#14 = DIRECTION('',(1.,0.,-0.));
#15 = MANIFOLD_SOLID_BREP('',#16);
#16 = CLOSED_SHELL('',(#17,#57,#154,#178,#268,#285,#302,#319,#336,#353,
    #365,#387,#404,#421));
#17 = ADVANCED_FACE('',(#18),#52,.F.);
#18 = FACE_BOUND('',#19,.F.);
#19 = EDGE_LOOP('',(#20,#30,#38,#46));
#20 = ORIENTED_EDGE('',*,*,#21,.F.);
#21 = EDGE_CURVE('',#22,#24,#26,.T.);
#22 = VERTEX_POINT('',#23);
#23 = CARTESIAN_POINT('',(0.,0.,0.));
#24 = VERTEX_POINT('',#25);
#25 = CARTESIAN_POINT('',(0.,0.,2.5019E+03));
#26 = LINE('',#27,#28);
#27 = CARTESIAN_POINT('',(0.,0.,0.));
#28 = VECTOR('',#29,1.);
#29 = DIRECTION('',(0.,0.,1.));
#30 = ORIENTED_EDGE('',*,*,#31,.T.);
#31 = EDGE_CURVE('',#22,#32,#34,.T.);
#32 = VERTEX_POINT('',#33);
#33 = CARTESIAN_POINT('',(0.,152.4,0.));
#34 = LINE('',#35,#36);
#35 = CARTESIAN_POINT('',(0.,0.,0.));
#36 = VECTOR('',#37,1.);
#37 = DIRECTION('',(0.,1.,0.));
#38 = ORIENTED_EDGE('',*,*,#39,.T.);
#39 = EDGE_CURVE('',#32,#40,#42,.T.);
#40 = VERTEX_POINT('',#41);
#41 = CARTESIAN_POINT('',(0.,152.4,2.5019E+03));
#42 = LINE('',#43,#44);
#43 = CARTESIAN_POINT('',(0.,152.4,0.));
#44 = VECTOR('',#45,1.);
#45 = DIRECTION('',(0.,0.,1.));
#46 = ORIENTED_EDGE('',*,*,#47,.F.);
#47 = EDGE_CURVE('',#24,#40,#48,.T.);
#48 = LINE('',#49,#50);
#49 = CARTESIAN_POINT('',(0.,0.,2.5019E+03));
#50 = VECTOR('',#51,1.);
#51 = DIRECTION('',(0.,1.,0.));
#52 = PLANE('',#53);
#53 = AXIS2_PLACEMENT_3D('',#54,#55,#56);
#54 = CARTESIAN_POINT('',(0.,0.,0.));
#55 = DIRECTION('',(1.,0.,0.));
#56 = DIRECTION('',(0.,0.,1.));
#57 = ADVANCED_FACE('',(#58,#115),#149,.F.);
#58 = FACE_BOUND('',#59,.F.);
#59 = EDGE_LOOP('',(#60,#68,#69,#77,#85,#93,#101,#109));
#60 = ORIENTED_EDGE('',*,*,#61,.F.);
#61 = EDGE_CURVE('',#22,#62,#64,.T.);
#62 = VERTEX_POINT('',#63);
#63 = CARTESIAN_POINT('',(2.8321E+03,0.,0.));
#64 = LINE('',#65,#66);
#65 = CARTESIAN_POINT('',(0.,0.,0.));
#66 = VECTOR('',#67,1.);
#67 = DIRECTION('',(1.,0.,0.));
#68 = ORIENTED_EDGE('',*,*,#21,.T.);
#69 = ORIENTED_EDGE('',*,*,#70,.T.);
#70 = EDGE_CURVE('',#24,#71,#73,.T.);
#71 = VERTEX_POINT('',#72);
#72 = CARTESIAN_POINT('',(6.3373E+03,0.,2.5019E+03));
#73 = LINE('',#74,#75);
#74 = CARTESIAN_POINT('',(0.,0.,2.5019E+03));
#75 = VECTOR('',#76,1.);
#76 = DIRECTION('',(1.,0.,0.));
#77 = ORIENTED_EDGE('',*,*,#78,.F.);
#78 = EDGE_CURVE('',#79,#71,#81,.T.);
#79 = VERTEX_POINT('',#80);
#80 = CARTESIAN_POINT('',(6.3373E+03,0.,0.));
#81 = LINE('',#82,#83);
#82 = CARTESIAN_POINT('',(6.3373E+03,0.,0.));
#83 = VECTOR('',#84,1.);
#84 = DIRECTION('',(0.,0.,1.));
#85 = ORIENTED_EDGE('',*,*,#86,.F.);
#86 = EDGE_CURVE('',#87,#79,#89,.T.);
#87 = VERTEX_POINT('',#88);
#88 = CARTESIAN_POINT('',(3.6449E+03,0.,0.));
#89 = LINE('',#90,#91);
#90 = CARTESIAN_POINT('',(0.,0.,0.));
#91 = VECTOR('',#92,1.);
#92 = DIRECTION('',(1.,0.,0.));
#93 = ORIENTED_EDGE('',*,*,#94,.F.);
#94 = EDGE_CURVE('',#95,#87,#97,.T.);
#95 = VERTEX_POINT('',#96);
#96 = CARTESIAN_POINT('',(3.6449E+03,0.,2.032E+03));
#97 = LINE('',#98,#99);
#98 = CARTESIAN_POINT('',(3.6449E+03,0.,0.));
#99 = VECTOR('',#100,1.);
#100 = DIRECTION('',(0.,0.,-1.));
#101 = ORIENTED_EDGE('',*,*,#102,.F.);
#102 = EDGE_CURVE('',#103,#95,#105,.T.);
#103 = VERTEX_POINT('',#104);
#104 = CARTESIAN_POINT('',(2.8321E+03,0.,2.032E+03));
#105 = LINE('',#106,#107);
#106 = CARTESIAN_POINT('',(1.41605E+03,0.,2.032E+03));
#107 = VECTOR('',#108,1.);
#108 = DIRECTION('',(1.,0.,0.));
#109 = ORIENTED_EDGE('',*,*,#110,.T.);
#110 = EDGE_CURVE('',#103,#62,#111,.T.);
#111 = LINE('',#112,#113);
#112 = CARTESIAN_POINT('',(2.8321E+03,0.,0.));
#113 = VECTOR('',#114,1.);
#114 = DIRECTION('',(0.,0.,-1.));
#115 = FACE_BOUND('',#116,.F.);
#116 = EDGE_LOOP('',(#117,#127,#135,#143));
#117 = ORIENTED_EDGE('',*,*,#118,.F.);
#118 = EDGE_CURVE('',#119,#121,#123,.T.);
#119 = VERTEX_POINT('',#120);
#120 = CARTESIAN_POINT('',(1.0668E+03,0.,1.8288E+03));
#121 = VERTEX_POINT('',#122);
#122 = CARTESIAN_POINT('',(1.778E+03,0.,1.8288E+03));
#123 = LINE('',#124,#125);
#124 = CARTESIAN_POINT('',(533.4,0.,1.8288E+03));
#125 = VECTOR('',#126,1.);
#126 = DIRECTION('',(1.,0.,0.));
#127 = ORIENTED_EDGE('',*,*,#128,.T.);
#128 = EDGE_CURVE('',#119,#129,#131,.T.);
#129 = VERTEX_POINT('',#130);
#130 = CARTESIAN_POINT('',(1.0668E+03,0.,1.2192E+03));
#131 = LINE('',#132,#133);
#132 = CARTESIAN_POINT('',(1.0668E+03,0.,609.6));
#133 = VECTOR('',#134,1.);
#134 = DIRECTION('',(0.,0.,-1.));
#135 = ORIENTED_EDGE('',*,*,#136,.T.);
#136 = EDGE_CURVE('',#129,#137,#139,.T.);
#137 = VERTEX_POINT('',#138);
#138 = CARTESIAN_POINT('',(1.778E+03,0.,1.2192E+03));
#139 = LINE('',#140,#141);
#140 = CARTESIAN_POINT('',(533.4,0.,1.2192E+03));
#141 = VECTOR('',#142,1.);
#142 = DIRECTION('',(1.,0.,0.));
#143 = ORIENTED_EDGE('',*,*,#144,.F.);
#144 = EDGE_CURVE('',#121,#137,#145,.T.);
#145 = LINE('',#146,#147);
#146 = CARTESIAN_POINT('',(1.778E+03,0.,609.6));
#147 = VECTOR('',#148,1.);
#148 = DIRECTION('',(0.,0.,-1.));
#149 = PLANE('',#150);
#150 = AXIS2_PLACEMENT_3D('',#151,#152,#153);
#151 = CARTESIAN_POINT('',(0.,0.,0.));
#152 = DIRECTION('',(0.,1.,0.));
#153 = DIRECTION('',(0.,0.,1.));
#154 = ADVANCED_FACE('',(#155),#173,.T.);
#155 = FACE_BOUND('',#156,.T.);
#156 = EDGE_LOOP('',(#157,#158,#159,#167));
#157 = ORIENTED_EDGE('',*,*,#47,.F.);
#158 = ORIENTED_EDGE('',*,*,#70,.T.);
#159 = ORIENTED_EDGE('',*,*,#160,.T.);
#160 = EDGE_CURVE('',#71,#161,#163,.T.);
#161 = VERTEX_POINT('',#162);
#162 = CARTESIAN_POINT('',(6.3373E+03,152.4,2.5019E+03));
#163 = LINE('',#164,#165);
#164 = CARTESIAN_POINT('',(6.3373E+03,0.,2.5019E+03));
#165 = VECTOR('',#166,1.);
#166 = DIRECTION('',(0.,1.,0.));
#167 = ORIENTED_EDGE('',*,*,#168,.F.);
#168 = EDGE_CURVE('',#40,#161,#169,.T.);
#169 = LINE('',#170,#171);
#170 = CARTESIAN_POINT('',(0.,152.4,2.5019E+03));
#171 = VECTOR('',#172,1.);
#172 = DIRECTION('',(1.,0.,0.));
#173 = PLANE('',#174);
#174 = AXIS2_PLACEMENT_3D('',#175,#176,#177);
#175 = CARTESIAN_POINT('',(0.,0.,2.5019E+03));
#176 = DIRECTION('',(0.,0.,1.));
#177 = DIRECTION('',(1.,0.,0.));
#178 = ADVANCED_FACE('',(#179,#229),#263,.T.);
#179 = FACE_BOUND('',#180,.T.);
#180 = EDGE_LOOP('',(#181,#189,#190,#191,#199,#207,#215,#223));
#181 = ORIENTED_EDGE('',*,*,#182,.F.);
#182 = EDGE_CURVE('',#32,#183,#185,.T.);
#183 = VERTEX_POINT('',#184);
#184 = CARTESIAN_POINT('',(2.8321E+03,152.4,0.));
#185 = LINE('',#186,#187);
#186 = CARTESIAN_POINT('',(0.,152.4,0.));
#187 = VECTOR('',#188,1.);
#188 = DIRECTION('',(1.,0.,0.));
#189 = ORIENTED_EDGE('',*,*,#39,.T.);
#190 = ORIENTED_EDGE('',*,*,#168,.T.);
#191 = ORIENTED_EDGE('',*,*,#192,.F.);
#192 = EDGE_CURVE('',#193,#161,#195,.T.);
#193 = VERTEX_POINT('',#194);
#194 = CARTESIAN_POINT('',(6.3373E+03,152.4,0.));
#195 = LINE('',#196,#197);
#196 = CARTESIAN_POINT('',(6.3373E+03,152.4,0.));
#197 = VECTOR('',#198,1.);
#198 = DIRECTION('',(0.,0.,1.));
#199 = ORIENTED_EDGE('',*,*,#200,.F.);
#200 = EDGE_CURVE('',#201,#193,#203,.T.);
#201 = VERTEX_POINT('',#202);
#202 = CARTESIAN_POINT('',(3.6449E+03,152.4,0.));
#203 = LINE('',#204,#205);
#204 = CARTESIAN_POINT('',(0.,152.4,0.));
#205 = VECTOR('',#206,1.);
#206 = DIRECTION('',(1.,0.,0.));
#207 = ORIENTED_EDGE('',*,*,#208,.F.);
#208 = EDGE_CURVE('',#209,#201,#211,.T.);
#209 = VERTEX_POINT('',#210);
#210 = CARTESIAN_POINT('',(3.6449E+03,152.4,2.032E+03));
#211 = LINE('',#212,#213);
#212 = CARTESIAN_POINT('',(3.6449E+03,152.4,0.));
#213 = VECTOR('',#214,1.);
#214 = DIRECTION('',(0.,0.,-1.));
#215 = ORIENTED_EDGE('',*,*,#216,.F.);
#216 = EDGE_CURVE('',#217,#209,#219,.T.);
#217 = VERTEX_POINT('',#218);
#218 = CARTESIAN_POINT('',(2.8321E+03,152.4,2.032E+03));
#219 = LINE('',#220,#221);
#220 = CARTESIAN_POINT('',(1.41605E+03,152.4,2.032E+03));
#221 = VECTOR('',#222,1.);
#222 = DIRECTION('',(1.,0.,0.));
#223 = ORIENTED_EDGE('',*,*,#224,.T.);
#224 = EDGE_CURVE('',#217,#183,#225,.T.);
#225 = LINE('',#226,#227);
#226 = CARTESIAN_POINT('',(2.8321E+03,152.4,0.));
#227 = VECTOR('',#228,1.);
#228 = DIRECTION('',(0.,0.,-1.));
#229 = FACE_BOUND('',#230,.T.);
#230 = EDGE_LOOP('',(#231,#241,#249,#257));
#231 = ORIENTED_EDGE('',*,*,#232,.F.);
#232 = EDGE_CURVE('',#233,#235,#237,.T.);
#233 = VERTEX_POINT('',#234);
#234 = CARTESIAN_POINT('',(1.0668E+03,152.4,1.8288E+03));
#235 = VERTEX_POINT('',#236);
#236 = CARTESIAN_POINT('',(1.778E+03,152.4,1.8288E+03));
#237 = LINE('',#238,#239);
#238 = CARTESIAN_POINT('',(533.4,152.4,1.8288E+03));
#239 = VECTOR('',#240,1.);
#240 = DIRECTION('',(1.,0.,0.));
#241 = ORIENTED_EDGE('',*,*,#242,.T.);
#242 = EDGE_CURVE('',#233,#243,#245,.T.);
#243 = VERTEX_POINT('',#244);
#244 = CARTESIAN_POINT('',(1.0668E+03,152.4,1.2192E+03));
#245 = LINE('',#246,#247);
#246 = CARTESIAN_POINT('',(1.0668E+03,152.4,609.6));
#247 = VECTOR('',#248,1.);
#248 = DIRECTION('',(0.,0.,-1.));
#249 = ORIENTED_EDGE('',*,*,#250,.T.);
#250 = EDGE_CURVE('',#243,#251,#253,.T.);
#251 = VERTEX_POINT('',#252);
#252 = CARTESIAN_POINT('',(1.778E+03,152.4,1.2192E+03));
#253 = LINE('',#254,#255);
#254 = CARTESIAN_POINT('',(533.4,152.4,1.2192E+03));
#255 = VECTOR('',#256,1.);
#256 = DIRECTION('',(1.,0.,0.));
#257 = ORIENTED_EDGE('',*,*,#258,.F.);
#258 = EDGE_CURVE('',#235,#251,#259,.T.);
#259 = LINE('',#260,#261);
#260 = CARTESIAN_POINT('',(1.778E+03,152.4,609.6));
#261 = VECTOR('',#262,1.);
#262 = DIRECTION('',(0.,0.,-1.));
#263 = PLANE('',#264);
#264 = AXIS2_PLACEMENT_3D('',#265,#266,#267);
#265 = CARTESIAN_POINT('',(0.,152.4,0.));
#266 = DIRECTION('',(0.,1.,0.));
#267 = DIRECTION('',(0.,0.,1.));
#268 = ADVANCED_FACE('',(#269),#280,.F.);
#269 = FACE_BOUND('',#270,.F.);
#270 = EDGE_LOOP('',(#271,#272,#273,#274));
#271 = ORIENTED_EDGE('',*,*,#182,.F.);
#272 = ORIENTED_EDGE('',*,*,#31,.F.);
#273 = ORIENTED_EDGE('',*,*,#61,.T.);
#274 = ORIENTED_EDGE('',*,*,#275,.T.);
#275 = EDGE_CURVE('',#62,#183,#276,.T.);
#276 = LINE('',#277,#278);
#277 = CARTESIAN_POINT('',(2.8321E+03,-13.7,0.));
#278 = VECTOR('',#279,1.);
#279 = DIRECTION('',(0.,1.,0.));
#280 = PLANE('',#281);
#281 = AXIS2_PLACEMENT_3D('',#282,#283,#284);
#282 = CARTESIAN_POINT('',(0.,0.,0.));
#283 = DIRECTION('',(0.,0.,1.));
#284 = DIRECTION('',(1.,0.,0.));
#285 = ADVANCED_FACE('',(#286),#297,.T.);
#286 = FACE_BOUND('',#287,.T.);
#287 = EDGE_LOOP('',(#288,#294,#295,#296));
#288 = ORIENTED_EDGE('',*,*,#289,.F.);
#289 = EDGE_CURVE('',#103,#217,#290,.T.);
#290 = LINE('',#291,#292);
#291 = CARTESIAN_POINT('',(2.8321E+03,-13.7,2.032E+03));
#292 = VECTOR('',#293,1.);
#293 = DIRECTION('',(0.,1.,0.));
#294 = ORIENTED_EDGE('',*,*,#110,.T.);
#295 = ORIENTED_EDGE('',*,*,#275,.T.);
#296 = ORIENTED_EDGE('',*,*,#224,.F.);
#297 = PLANE('',#298);
#298 = AXIS2_PLACEMENT_3D('',#299,#300,#301);
#299 = CARTESIAN_POINT('',(2.8321E+03,-13.7,0.));
#300 = DIRECTION('',(1.,0.,0.));
#301 = DIRECTION('',(0.,0.,1.));
#302 = ADVANCED_FACE('',(#303),#314,.F.);
#303 = FACE_BOUND('',#304,.F.);
#304 = EDGE_LOOP('',(#305,#306,#307,#313));
#305 = ORIENTED_EDGE('',*,*,#289,.F.);
#306 = ORIENTED_EDGE('',*,*,#102,.T.);
#307 = ORIENTED_EDGE('',*,*,#308,.T.);
#308 = EDGE_CURVE('',#95,#209,#309,.T.);
#309 = LINE('',#310,#311);
#310 = CARTESIAN_POINT('',(3.6449E+03,-13.7,2.032E+03));
#311 = VECTOR('',#312,1.);
#312 = DIRECTION('',(0.,1.,0.));
#313 = ORIENTED_EDGE('',*,*,#216,.F.);
#314 = PLANE('',#315);
#315 = AXIS2_PLACEMENT_3D('',#316,#317,#318);
#316 = CARTESIAN_POINT('',(2.8321E+03,-13.7,2.032E+03));
#317 = DIRECTION('',(0.,0.,1.));
#318 = DIRECTION('',(1.,0.,0.));
#319 = ADVANCED_FACE('',(#320),#331,.T.);
#320 = FACE_BOUND('',#321,.T.);
#321 = EDGE_LOOP('',(#322,#323,#329,#330));
#322 = ORIENTED_EDGE('',*,*,#78,.F.);
#323 = ORIENTED_EDGE('',*,*,#324,.T.);
#324 = EDGE_CURVE('',#79,#193,#325,.T.);
#325 = LINE('',#326,#327);
#326 = CARTESIAN_POINT('',(6.3373E+03,0.,0.));
#327 = VECTOR('',#328,1.);
#328 = DIRECTION('',(0.,1.,0.));
#329 = ORIENTED_EDGE('',*,*,#192,.T.);
#330 = ORIENTED_EDGE('',*,*,#160,.F.);
#331 = PLANE('',#332);
#332 = AXIS2_PLACEMENT_3D('',#333,#334,#335);
#333 = CARTESIAN_POINT('',(6.3373E+03,0.,0.));
#334 = DIRECTION('',(1.,0.,0.));
#335 = DIRECTION('',(0.,0.,1.));
#336 = ADVANCED_FACE('',(#337),#348,.F.);
#337 = FACE_BOUND('',#338,.F.);
#338 = EDGE_LOOP('',(#339,#340,#341,#347));
#339 = ORIENTED_EDGE('',*,*,#308,.F.);
#340 = ORIENTED_EDGE('',*,*,#94,.T.);
#341 = ORIENTED_EDGE('',*,*,#342,.T.);
#342 = EDGE_CURVE('',#87,#201,#343,.T.);
#343 = LINE('',#344,#345);
#344 = CARTESIAN_POINT('',(3.6449E+03,-13.7,0.));
#345 = VECTOR('',#346,1.);
#346 = DIRECTION('',(0.,1.,0.));
#347 = ORIENTED_EDGE('',*,*,#208,.F.);
#348 = PLANE('',#349);
#349 = AXIS2_PLACEMENT_3D('',#350,#351,#352);
#350 = CARTESIAN_POINT('',(3.6449E+03,-13.7,0.));
#351 = DIRECTION('',(1.,0.,0.));
#352 = DIRECTION('',(0.,0.,1.));
#353 = ADVANCED_FACE('',(#354),#360,.F.);
#354 = FACE_BOUND('',#355,.F.);
#355 = EDGE_LOOP('',(#356,#357,#358,#359));
#356 = ORIENTED_EDGE('',*,*,#200,.F.);
#357 = ORIENTED_EDGE('',*,*,#342,.F.);
#358 = ORIENTED_EDGE('',*,*,#86,.T.);
#359 = ORIENTED_EDGE('',*,*,#324,.T.);
#360 = PLANE('',#361);
#361 = AXIS2_PLACEMENT_3D('',#362,#363,#364);
#362 = CARTESIAN_POINT('',(0.,0.,0.));
#363 = DIRECTION('',(0.,0.,1.));
#364 = DIRECTION('',(1.,0.,0.));
#365 = ADVANCED_FACE('',(#366),#382,.F.);
#366 = FACE_BOUND('',#367,.F.);
#367 = EDGE_LOOP('',(#368,#374,#375,#381));
#368 = ORIENTED_EDGE('',*,*,#369,.F.);
#369 = EDGE_CURVE('',#119,#233,#370,.T.);
#370 = LINE('',#371,#372);
#371 = CARTESIAN_POINT('',(1.0668E+03,-13.7,1.8288E+03));
#372 = VECTOR('',#373,1.);
#373 = DIRECTION('',(0.,1.,0.));
#374 = ORIENTED_EDGE('',*,*,#118,.T.);
#375 = ORIENTED_EDGE('',*,*,#376,.T.);
#376 = EDGE_CURVE('',#121,#235,#377,.T.);
#377 = LINE('',#378,#379);
#378 = CARTESIAN_POINT('',(1.778E+03,-13.7,1.8288E+03));
#379 = VECTOR('',#380,1.);
#380 = DIRECTION('',(0.,1.,0.));
#381 = ORIENTED_EDGE('',*,*,#232,.F.);
#382 = PLANE('',#383);
#383 = AXIS2_PLACEMENT_3D('',#384,#385,#386);
#384 = CARTESIAN_POINT('',(1.0668E+03,-13.7,1.8288E+03));
#385 = DIRECTION('',(0.,0.,1.));
#386 = DIRECTION('',(1.,0.,0.));
#387 = ADVANCED_FACE('',(#388),#399,.F.);
#388 = FACE_BOUND('',#389,.F.);
#389 = EDGE_LOOP('',(#390,#391,#392,#398));
#390 = ORIENTED_EDGE('',*,*,#376,.F.);
#391 = ORIENTED_EDGE('',*,*,#144,.T.);
#392 = ORIENTED_EDGE('',*,*,#393,.T.);
#393 = EDGE_CURVE('',#137,#251,#394,.T.);
#394 = LINE('',#395,#396);
#395 = CARTESIAN_POINT('',(1.778E+03,-13.7,1.2192E+03));
#396 = VECTOR('',#397,1.);
#397 = DIRECTION('',(0.,1.,0.));
#398 = ORIENTED_EDGE('',*,*,#258,.F.);
#399 = PLANE('',#400);
#400 = AXIS2_PLACEMENT_3D('',#401,#402,#403);
#401 = CARTESIAN_POINT('',(1.778E+03,-13.7,1.2192E+03));
#402 = DIRECTION('',(1.,0.,0.));
#403 = DIRECTION('',(0.,0.,1.));
#404 = ADVANCED_FACE('',(#405),#416,.T.);
#405 = FACE_BOUND('',#406,.T.);
#406 = EDGE_LOOP('',(#407,#413,#414,#415));
#407 = ORIENTED_EDGE('',*,*,#408,.F.);
#408 = EDGE_CURVE('',#129,#243,#409,.T.);
#409 = LINE('',#410,#411);
#410 = CARTESIAN_POINT('',(1.0668E+03,-13.7,1.2192E+03));
#411 = VECTOR('',#412,1.);
#412 = DIRECTION('',(0.,1.,0.));
#413 = ORIENTED_EDGE('',*,*,#136,.T.);
#414 = ORIENTED_EDGE('',*,*,#393,.T.);
#415 = ORIENTED_EDGE('',*,*,#250,.F.);
#416 = PLANE('',#417);
#417 = AXIS2_PLACEMENT_3D('',#418,#419,#420);
#418 = CARTESIAN_POINT('',(1.0668E+03,-13.7,1.2192E+03));
#419 = DIRECTION('',(0.,0.,1.));
#420 = DIRECTION('',(1.,0.,0.));
#421 = ADVANCED_FACE('',(#422),#428,.T.);
#422 = FACE_BOUND('',#423,.T.);
#423 = EDGE_LOOP('',(#424,#425,#426,#427));
#424 = ORIENTED_EDGE('',*,*,#369,.F.);
#425 = ORIENTED_EDGE('',*,*,#128,.T.);
#426 = ORIENTED_EDGE('',*,*,#408,.T.);
#427 = ORIENTED_EDGE('',*,*,#242,.F.);
#428 = PLANE('',#429);
#429 = AXIS2_PLACEMENT_3D('',#430,#431,#432);
#430 = CARTESIAN_POINT('',(1.0668E+03,-13.7,1.2192E+03));
#431 = DIRECTION('',(1.,0.,0.));
#432 = DIRECTION('',(0.,0.,1.));
#433 = MANIFOLD_SOLID_BREP('',#434);
#434 = CLOSED_SHELL('',(#435,#475,#538,#562,#618,#635,#652,#669,#686,
    #703));
#435 = ADVANCED_FACE('',(#436),#470,.F.);
#436 = FACE_BOUND('',#437,.F.);
#437 = EDGE_LOOP('',(#438,#448,#456,#464));
#438 = ORIENTED_EDGE('',*,*,#439,.F.);
#439 = EDGE_CURVE('',#440,#442,#444,.T.);
#440 = VERTEX_POINT('',#441);
#441 = CARTESIAN_POINT('',(0.,6.1722E+03,0.));
#442 = VERTEX_POINT('',#443);
#443 = CARTESIAN_POINT('',(0.,6.1722E+03,2.5019E+03));
#444 = LINE('',#445,#446);
#445 = CARTESIAN_POINT('',(0.,6.1722E+03,0.));
#446 = VECTOR('',#447,1.);
#447 = DIRECTION('',(0.,0.,1.));
#448 = ORIENTED_EDGE('',*,*,#449,.T.);
#449 = EDGE_CURVE('',#440,#450,#452,.T.);
#450 = VERTEX_POINT('',#451);
#451 = CARTESIAN_POINT('',(0.,6.3246E+03,0.));
#452 = LINE('',#453,#454);
#453 = CARTESIAN_POINT('',(0.,6.1722E+03,0.));
#454 = VECTOR('',#455,1.);
#455 = DIRECTION('',(0.,1.,0.));
#456 = ORIENTED_EDGE('',*,*,#457,.T.);
#457 = EDGE_CURVE('',#450,#458,#460,.T.);
#458 = VERTEX_POINT('',#459);
#459 = CARTESIAN_POINT('',(0.,6.3246E+03,2.5019E+03));
#460 = LINE('',#461,#462);
#461 = CARTESIAN_POINT('',(0.,6.3246E+03,0.));
#462 = VECTOR('',#463,1.);
#463 = DIRECTION('',(0.,0.,1.));
#464 = ORIENTED_EDGE('',*,*,#465,.F.);
#465 = EDGE_CURVE('',#442,#458,#466,.T.);
#466 = LINE('',#467,#468);
#467 = CARTESIAN_POINT('',(0.,6.1722E+03,2.5019E+03));
#468 = VECTOR('',#469,1.);
#469 = DIRECTION('',(0.,1.,0.));
#470 = PLANE('',#471);
#471 = AXIS2_PLACEMENT_3D('',#472,#473,#474);
#472 = CARTESIAN_POINT('',(0.,6.1722E+03,0.));
#473 = DIRECTION('',(1.,0.,0.));
#474 = DIRECTION('',(0.,0.,1.));
#475 = ADVANCED_FACE('',(#476),#533,.F.);
#476 = FACE_BOUND('',#477,.F.);
#477 = EDGE_LOOP('',(#478,#486,#487,#495,#503,#511,#519,#527));
#478 = ORIENTED_EDGE('',*,*,#479,.F.);
#479 = EDGE_CURVE('',#440,#480,#482,.T.);
#480 = VERTEX_POINT('',#481);
#481 = CARTESIAN_POINT('',(1.42875E+03,6.1722E+03,0.));
#482 = LINE('',#483,#484);
#483 = CARTESIAN_POINT('',(0.,6.1722E+03,0.));
#484 = VECTOR('',#485,1.);
#485 = DIRECTION('',(1.,0.,0.));
#486 = ORIENTED_EDGE('',*,*,#439,.T.);
#487 = ORIENTED_EDGE('',*,*,#488,.T.);
#488 = EDGE_CURVE('',#442,#489,#491,.T.);
#489 = VERTEX_POINT('',#490);
#490 = CARTESIAN_POINT('',(6.3373E+03,6.1722E+03,2.5019E+03));
#491 = LINE('',#492,#493);
#492 = CARTESIAN_POINT('',(0.,6.1722E+03,2.5019E+03));
#493 = VECTOR('',#494,1.);
#494 = DIRECTION('',(1.,0.,0.));
#495 = ORIENTED_EDGE('',*,*,#496,.F.);
#496 = EDGE_CURVE('',#497,#489,#499,.T.);
#497 = VERTEX_POINT('',#498);
#498 = CARTESIAN_POINT('',(6.3373E+03,6.1722E+03,0.));
#499 = LINE('',#500,#501);
#500 = CARTESIAN_POINT('',(6.3373E+03,6.1722E+03,0.));
#501 = VECTOR('',#502,1.);
#502 = DIRECTION('',(0.,0.,1.));
#503 = ORIENTED_EDGE('',*,*,#504,.F.);
#504 = EDGE_CURVE('',#505,#497,#507,.T.);
#505 = VERTEX_POINT('',#506);
#506 = CARTESIAN_POINT('',(5.61975E+03,6.1722E+03,0.));
#507 = LINE('',#508,#509);
#508 = CARTESIAN_POINT('',(0.,6.1722E+03,0.));
#509 = VECTOR('',#510,1.);
#510 = DIRECTION('',(1.,0.,0.));
#511 = ORIENTED_EDGE('',*,*,#512,.F.);
#512 = EDGE_CURVE('',#513,#505,#515,.T.);
#513 = VERTEX_POINT('',#514);
#514 = CARTESIAN_POINT('',(5.61975E+03,6.1722E+03,2.1844E+03));
#515 = LINE('',#516,#517);
#516 = CARTESIAN_POINT('',(5.61975E+03,6.1722E+03,0.));
#517 = VECTOR('',#518,1.);
#518 = DIRECTION('',(0.,0.,-1.));
#519 = ORIENTED_EDGE('',*,*,#520,.F.);
#520 = EDGE_CURVE('',#521,#513,#523,.T.);
#521 = VERTEX_POINT('',#522);
#522 = CARTESIAN_POINT('',(1.42875E+03,6.1722E+03,2.1844E+03));
#523 = LINE('',#524,#525);
#524 = CARTESIAN_POINT('',(714.375,6.1722E+03,2.1844E+03));
#525 = VECTOR('',#526,1.);
#526 = DIRECTION('',(1.,0.,0.));
#527 = ORIENTED_EDGE('',*,*,#528,.T.);
#528 = EDGE_CURVE('',#521,#480,#529,.T.);
#529 = LINE('',#530,#531);
#530 = CARTESIAN_POINT('',(1.42875E+03,6.1722E+03,0.));
#531 = VECTOR('',#532,1.);
#532 = DIRECTION('',(0.,0.,-1.));
#533 = PLANE('',#534);
#534 = AXIS2_PLACEMENT_3D('',#535,#536,#537);
#535 = CARTESIAN_POINT('',(0.,6.1722E+03,0.));
#536 = DIRECTION('',(0.,1.,0.));
#537 = DIRECTION('',(0.,0.,1.));
#538 = ADVANCED_FACE('',(#539),#557,.T.);
#539 = FACE_BOUND('',#540,.T.);
#540 = EDGE_LOOP('',(#541,#542,#543,#551));
#541 = ORIENTED_EDGE('',*,*,#465,.F.);
#542 = ORIENTED_EDGE('',*,*,#488,.T.);
#543 = ORIENTED_EDGE('',*,*,#544,.T.);
#544 = EDGE_CURVE('',#489,#545,#547,.T.);
#545 = VERTEX_POINT('',#546);
#546 = CARTESIAN_POINT('',(6.3373E+03,6.3246E+03,2.5019E+03));
#547 = LINE('',#548,#549);
#548 = CARTESIAN_POINT('',(6.3373E+03,6.1722E+03,2.5019E+03));
#549 = VECTOR('',#550,1.);
#550 = DIRECTION('',(0.,1.,0.));
#551 = ORIENTED_EDGE('',*,*,#552,.F.);
#552 = EDGE_CURVE('',#458,#545,#553,.T.);
#553 = LINE('',#554,#555);
#554 = CARTESIAN_POINT('',(0.,6.3246E+03,2.5019E+03));
#555 = VECTOR('',#556,1.);
#556 = DIRECTION('',(1.,0.,0.));
#557 = PLANE('',#558);
#558 = AXIS2_PLACEMENT_3D('',#559,#560,#561);
#559 = CARTESIAN_POINT('',(0.,6.1722E+03,2.5019E+03));
#560 = DIRECTION('',(0.,0.,1.));
#561 = DIRECTION('',(1.,0.,0.));
#562 = ADVANCED_FACE('',(#563),#613,.T.);
#563 = FACE_BOUND('',#564,.T.);
#564 = EDGE_LOOP('',(#565,#573,#574,#575,#583,#591,#599,#607));
#565 = ORIENTED_EDGE('',*,*,#566,.F.);
#566 = EDGE_CURVE('',#450,#567,#569,.T.);
#567 = VERTEX_POINT('',#568);
#568 = CARTESIAN_POINT('',(1.42875E+03,6.3246E+03,0.));
#569 = LINE('',#570,#571);
#570 = CARTESIAN_POINT('',(0.,6.3246E+03,0.));
#571 = VECTOR('',#572,1.);
#572 = DIRECTION('',(1.,0.,0.));
#573 = ORIENTED_EDGE('',*,*,#457,.T.);
#574 = ORIENTED_EDGE('',*,*,#552,.T.);
#575 = ORIENTED_EDGE('',*,*,#576,.F.);
#576 = EDGE_CURVE('',#577,#545,#579,.T.);
#577 = VERTEX_POINT('',#578);
#578 = CARTESIAN_POINT('',(6.3373E+03,6.3246E+03,0.));
#579 = LINE('',#580,#581);
#580 = CARTESIAN_POINT('',(6.3373E+03,6.3246E+03,0.));
#581 = VECTOR('',#582,1.);
#582 = DIRECTION('',(0.,0.,1.));
#583 = ORIENTED_EDGE('',*,*,#584,.F.);
#584 = EDGE_CURVE('',#585,#577,#587,.T.);
#585 = VERTEX_POINT('',#586);
#586 = CARTESIAN_POINT('',(5.61975E+03,6.3246E+03,0.));
#587 = LINE('',#588,#589);
#588 = CARTESIAN_POINT('',(0.,6.3246E+03,0.));
#589 = VECTOR('',#590,1.);
#590 = DIRECTION('',(1.,0.,0.));
#591 = ORIENTED_EDGE('',*,*,#592,.F.);
#592 = EDGE_CURVE('',#593,#585,#595,.T.);
#593 = VERTEX_POINT('',#594);
#594 = CARTESIAN_POINT('',(5.61975E+03,6.3246E+03,2.1844E+03));
#595 = LINE('',#596,#597);
#596 = CARTESIAN_POINT('',(5.61975E+03,6.3246E+03,0.));
#597 = VECTOR('',#598,1.);
#598 = DIRECTION('',(0.,0.,-1.));
#599 = ORIENTED_EDGE('',*,*,#600,.F.);
#600 = EDGE_CURVE('',#601,#593,#603,.T.);
#601 = VERTEX_POINT('',#602);
#602 = CARTESIAN_POINT('',(1.42875E+03,6.3246E+03,2.1844E+03));
#603 = LINE('',#604,#605);
#604 = CARTESIAN_POINT('',(714.375,6.3246E+03,2.1844E+03));
#605 = VECTOR('',#606,1.);
#606 = DIRECTION('',(1.,0.,0.));
#607 = ORIENTED_EDGE('',*,*,#608,.T.);
#608 = EDGE_CURVE('',#601,#567,#609,.T.);
#609 = LINE('',#610,#611);
#610 = CARTESIAN_POINT('',(1.42875E+03,6.3246E+03,0.));
#611 = VECTOR('',#612,1.);
#612 = DIRECTION('',(0.,0.,-1.));
#613 = PLANE('',#614);
#614 = AXIS2_PLACEMENT_3D('',#615,#616,#617);
#615 = CARTESIAN_POINT('',(0.,6.3246E+03,0.));
#616 = DIRECTION('',(0.,1.,0.));
#617 = DIRECTION('',(0.,0.,1.));
#618 = ADVANCED_FACE('',(#619),#630,.F.);
#619 = FACE_BOUND('',#620,.F.);
#620 = EDGE_LOOP('',(#621,#622,#623,#624));
#621 = ORIENTED_EDGE('',*,*,#566,.F.);
#622 = ORIENTED_EDGE('',*,*,#449,.F.);
#623 = ORIENTED_EDGE('',*,*,#479,.T.);
#624 = ORIENTED_EDGE('',*,*,#625,.T.);
#625 = EDGE_CURVE('',#480,#567,#626,.T.);
#626 = LINE('',#627,#628);
#627 = CARTESIAN_POINT('',(1.42875E+03,6.1712E+03,0.));
#628 = VECTOR('',#629,1.);
#629 = DIRECTION('',(0.,1.,0.));
#630 = PLANE('',#631);
#631 = AXIS2_PLACEMENT_3D('',#632,#633,#634);
#632 = CARTESIAN_POINT('',(0.,6.1722E+03,0.));
#633 = DIRECTION('',(0.,0.,1.));
#634 = DIRECTION('',(1.,0.,0.));
#635 = ADVANCED_FACE('',(#636),#647,.T.);
#636 = FACE_BOUND('',#637,.T.);
#637 = EDGE_LOOP('',(#638,#644,#645,#646));
#638 = ORIENTED_EDGE('',*,*,#639,.F.);
#639 = EDGE_CURVE('',#521,#601,#640,.T.);
#640 = LINE('',#641,#642);
#641 = CARTESIAN_POINT('',(1.42875E+03,6.1712E+03,2.1844E+03));
#642 = VECTOR('',#643,1.);
#643 = DIRECTION('',(0.,1.,0.));
#644 = ORIENTED_EDGE('',*,*,#528,.T.);
#645 = ORIENTED_EDGE('',*,*,#625,.T.);
#646 = ORIENTED_EDGE('',*,*,#608,.F.);
#647 = PLANE('',#648);
#648 = AXIS2_PLACEMENT_3D('',#649,#650,#651);
#649 = CARTESIAN_POINT('',(1.42875E+03,6.1712E+03,0.));
#650 = DIRECTION('',(1.,0.,0.));
#651 = DIRECTION('',(0.,0.,1.));
#652 = ADVANCED_FACE('',(#653),#664,.F.);
#653 = FACE_BOUND('',#654,.F.);
#654 = EDGE_LOOP('',(#655,#656,#657,#663));
#655 = ORIENTED_EDGE('',*,*,#639,.F.);
#656 = ORIENTED_EDGE('',*,*,#520,.T.);
#657 = ORIENTED_EDGE('',*,*,#658,.T.);
#658 = EDGE_CURVE('',#513,#593,#659,.T.);
#659 = LINE('',#660,#661);
#660 = CARTESIAN_POINT('',(5.61975E+03,6.1712E+03,2.1844E+03));
#661 = VECTOR('',#662,1.);
#662 = DIRECTION('',(0.,1.,0.));
#663 = ORIENTED_EDGE('',*,*,#600,.F.);
#664 = PLANE('',#665);
#665 = AXIS2_PLACEMENT_3D('',#666,#667,#668);
#666 = CARTESIAN_POINT('',(1.42875E+03,6.1712E+03,2.1844E+03));
#667 = DIRECTION('',(0.,0.,1.));
#668 = DIRECTION('',(1.,0.,0.));
#669 = ADVANCED_FACE('',(#670),#681,.F.);
#670 = FACE_BOUND('',#671,.F.);
#671 = EDGE_LOOP('',(#672,#673,#674,#680));
#672 = ORIENTED_EDGE('',*,*,#658,.F.);
#673 = ORIENTED_EDGE('',*,*,#512,.T.);
#674 = ORIENTED_EDGE('',*,*,#675,.T.);
#675 = EDGE_CURVE('',#505,#585,#676,.T.);
#676 = LINE('',#677,#678);
#677 = CARTESIAN_POINT('',(5.61975E+03,6.1712E+03,0.));
#678 = VECTOR('',#679,1.);
#679 = DIRECTION('',(0.,1.,0.));
#680 = ORIENTED_EDGE('',*,*,#592,.F.);
#681 = PLANE('',#682);
#682 = AXIS2_PLACEMENT_3D('',#683,#684,#685);
#683 = CARTESIAN_POINT('',(5.61975E+03,6.1712E+03,0.));
#684 = DIRECTION('',(1.,0.,0.));
#685 = DIRECTION('',(0.,0.,1.));
#686 = ADVANCED_FACE('',(#687),#698,.F.);
#687 = FACE_BOUND('',#688,.F.);
#688 = EDGE_LOOP('',(#689,#690,#691,#692));
#689 = ORIENTED_EDGE('',*,*,#584,.F.);
#690 = ORIENTED_EDGE('',*,*,#675,.F.);
#691 = ORIENTED_EDGE('',*,*,#504,.T.);
#692 = ORIENTED_EDGE('',*,*,#693,.T.);
#693 = EDGE_CURVE('',#497,#577,#694,.T.);
#694 = LINE('',#695,#696);
#695 = CARTESIAN_POINT('',(6.3373E+03,6.1722E+03,0.));
#696 = VECTOR('',#697,1.);
#697 = DIRECTION('',(0.,1.,0.));
#698 = PLANE('',#699);
#699 = AXIS2_PLACEMENT_3D('',#700,#701,#702);
#700 = CARTESIAN_POINT('',(0.,6.1722E+03,0.));
#701 = DIRECTION('',(0.,0.,1.));
#702 = DIRECTION('',(1.,0.,0.));
#703 = ADVANCED_FACE('',(#704),#710,.T.);
#704 = FACE_BOUND('',#705,.T.);
#705 = EDGE_LOOP('',(#706,#707,#708,#709));
#706 = ORIENTED_EDGE('',*,*,#496,.F.);
#707 = ORIENTED_EDGE('',*,*,#693,.T.);
#708 = ORIENTED_EDGE('',*,*,#576,.T.);
#709 = ORIENTED_EDGE('',*,*,#544,.F.);
#710 = PLANE('',#711);
#711 = AXIS2_PLACEMENT_3D('',#712,#713,#714);
#712 = CARTESIAN_POINT('',(6.3373E+03,6.1722E+03,0.));
#713 = DIRECTION('',(1.,0.,0.));
#714 = DIRECTION('',(0.,0.,1.));
#715 = MANIFOLD_SOLID_BREP('',#716);
#716 = CLOSED_SHELL('',(#717,#825,#856,#880,#904,#921,#952,#976,#1000,
    #1017,#1048,#1072,#1096,#1113));
#717 = ADVANCED_FACE('',(#718,#752,#786),#820,.F.);
#718 = FACE_BOUND('',#719,.F.);
#719 = EDGE_LOOP('',(#720,#730,#738,#746));
#720 = ORIENTED_EDGE('',*,*,#721,.F.);
#721 = EDGE_CURVE('',#722,#724,#726,.T.);
#722 = VERTEX_POINT('',#723);
#723 = CARTESIAN_POINT('',(0.,152.4,0.));
#724 = VERTEX_POINT('',#725);
#725 = CARTESIAN_POINT('',(0.,152.4,2.5019E+03));
#726 = LINE('',#727,#728);
#727 = CARTESIAN_POINT('',(0.,152.4,0.));
#728 = VECTOR('',#729,1.);
#729 = DIRECTION('',(0.,0.,1.));
#730 = ORIENTED_EDGE('',*,*,#731,.T.);
#731 = EDGE_CURVE('',#722,#732,#734,.T.);
#732 = VERTEX_POINT('',#733);
#733 = CARTESIAN_POINT('',(0.,6.1722E+03,0.));
#734 = LINE('',#735,#736);
#735 = CARTESIAN_POINT('',(0.,152.4,0.));
#736 = VECTOR('',#737,1.);
#737 = DIRECTION('',(0.,1.,0.));
#738 = ORIENTED_EDGE('',*,*,#739,.T.);
#739 = EDGE_CURVE('',#732,#740,#742,.T.);
#740 = VERTEX_POINT('',#741);
#741 = CARTESIAN_POINT('',(0.,6.1722E+03,2.5019E+03));
#742 = LINE('',#743,#744);
#743 = CARTESIAN_POINT('',(0.,6.1722E+03,0.));
#744 = VECTOR('',#745,1.);
#745 = DIRECTION('',(0.,0.,1.));
#746 = ORIENTED_EDGE('',*,*,#747,.F.);
#747 = EDGE_CURVE('',#724,#740,#748,.T.);
#748 = LINE('',#749,#750);
#749 = CARTESIAN_POINT('',(0.,152.4,2.5019E+03));
#750 = VECTOR('',#751,1.);
#751 = DIRECTION('',(0.,1.,0.));
#752 = FACE_BOUND('',#753,.F.);
#753 = EDGE_LOOP('',(#754,#764,#772,#780));
#754 = ORIENTED_EDGE('',*,*,#755,.T.);
#755 = EDGE_CURVE('',#756,#758,#760,.T.);
#756 = VERTEX_POINT('',#757);
#757 = CARTESIAN_POINT('',(0.,4.6228E+03,1.2192E+03));
#758 = VERTEX_POINT('',#759);
#759 = CARTESIAN_POINT('',(0.,3.89255E+03,1.2192E+03));
#760 = LINE('',#761,#762);
#761 = CARTESIAN_POINT('',(0.,2.022475E+03,1.2192E+03));
#762 = VECTOR('',#763,1.);
#763 = DIRECTION('',(0.,-1.,0.));
#764 = ORIENTED_EDGE('',*,*,#765,.T.);
#765 = EDGE_CURVE('',#758,#766,#768,.T.);
#766 = VERTEX_POINT('',#767);
#767 = CARTESIAN_POINT('',(0.,3.89255E+03,1.8288E+03));
#768 = LINE('',#769,#770);
#769 = CARTESIAN_POINT('',(0.,3.89255E+03,609.6));
#770 = VECTOR('',#771,1.);
#771 = DIRECTION('',(0.,0.,1.));
#772 = ORIENTED_EDGE('',*,*,#773,.F.);
#773 = EDGE_CURVE('',#774,#766,#776,.T.);
#774 = VERTEX_POINT('',#775);
#775 = CARTESIAN_POINT('',(0.,4.6228E+03,1.8288E+03));
#776 = LINE('',#777,#778);
#777 = CARTESIAN_POINT('',(0.,2.022475E+03,1.8288E+03));
#778 = VECTOR('',#779,1.);
#779 = DIRECTION('',(0.,-1.,0.));
#780 = ORIENTED_EDGE('',*,*,#781,.F.);
#781 = EDGE_CURVE('',#756,#774,#782,.T.);
#782 = LINE('',#783,#784);
#783 = CARTESIAN_POINT('',(0.,4.6228E+03,609.6));
#784 = VECTOR('',#785,1.);
#785 = DIRECTION('',(0.,0.,1.));
#786 = FACE_BOUND('',#787,.F.);
#787 = EDGE_LOOP('',(#788,#798,#806,#814));
#788 = ORIENTED_EDGE('',*,*,#789,.T.);
#789 = EDGE_CURVE('',#790,#792,#794,.T.);
#790 = VERTEX_POINT('',#791);
#791 = CARTESIAN_POINT('',(0.,2.5781E+03,1.2192E+03));
#792 = VERTEX_POINT('',#793);
#793 = CARTESIAN_POINT('',(0.,1.8542E+03,1.2192E+03));
#794 = LINE('',#795,#796);
#795 = CARTESIAN_POINT('',(0.,1.0033E+03,1.2192E+03));
#796 = VECTOR('',#797,1.);
#797 = DIRECTION('',(0.,-1.,0.));
#798 = ORIENTED_EDGE('',*,*,#799,.T.);
#799 = EDGE_CURVE('',#792,#800,#802,.T.);
#800 = VERTEX_POINT('',#801);
#801 = CARTESIAN_POINT('',(0.,1.8542E+03,1.8288E+03));
#802 = LINE('',#803,#804);
#803 = CARTESIAN_POINT('',(0.,1.8542E+03,609.6));
#804 = VECTOR('',#805,1.);
#805 = DIRECTION('',(0.,0.,1.));
#806 = ORIENTED_EDGE('',*,*,#807,.F.);
#807 = EDGE_CURVE('',#808,#800,#810,.T.);
#808 = VERTEX_POINT('',#809);
#809 = CARTESIAN_POINT('',(0.,2.5781E+03,1.8288E+03));
#810 = LINE('',#811,#812);
#811 = CARTESIAN_POINT('',(0.,1.0033E+03,1.8288E+03));
#812 = VECTOR('',#813,1.);
#813 = DIRECTION('',(0.,-1.,0.));
#814 = ORIENTED_EDGE('',*,*,#815,.F.);
#815 = EDGE_CURVE('',#790,#808,#816,.T.);
#816 = LINE('',#817,#818);
#817 = CARTESIAN_POINT('',(0.,2.5781E+03,609.6));
#818 = VECTOR('',#819,1.);
#819 = DIRECTION('',(0.,0.,1.));
#820 = PLANE('',#821);
#821 = AXIS2_PLACEMENT_3D('',#822,#823,#824);
#822 = CARTESIAN_POINT('',(0.,152.4,0.));
#823 = DIRECTION('',(1.,0.,0.));
#824 = DIRECTION('',(0.,0.,1.));
#825 = ADVANCED_FACE('',(#826),#851,.F.);
#826 = FACE_BOUND('',#827,.F.);
#827 = EDGE_LOOP('',(#828,#836,#837,#845));
#828 = ORIENTED_EDGE('',*,*,#829,.F.);
#829 = EDGE_CURVE('',#722,#830,#832,.T.);
#830 = VERTEX_POINT('',#831);
#831 = CARTESIAN_POINT('',(152.4,152.4,0.));
#832 = LINE('',#833,#834);
#833 = CARTESIAN_POINT('',(0.,152.4,0.));
#834 = VECTOR('',#835,1.);
#835 = DIRECTION('',(1.,0.,0.));
#836 = ORIENTED_EDGE('',*,*,#721,.T.);
#837 = ORIENTED_EDGE('',*,*,#838,.T.);
#838 = EDGE_CURVE('',#724,#839,#841,.T.);
#839 = VERTEX_POINT('',#840);
#840 = CARTESIAN_POINT('',(152.4,152.4,2.5019E+03));
#841 = LINE('',#842,#843);
#842 = CARTESIAN_POINT('',(0.,152.4,2.5019E+03));
#843 = VECTOR('',#844,1.);
#844 = DIRECTION('',(1.,0.,0.));
#845 = ORIENTED_EDGE('',*,*,#846,.F.);
#846 = EDGE_CURVE('',#830,#839,#847,.T.);
#847 = LINE('',#848,#849);
#848 = CARTESIAN_POINT('',(152.4,152.4,0.));
#849 = VECTOR('',#850,1.);
#850 = DIRECTION('',(0.,0.,1.));
#851 = PLANE('',#852);
#852 = AXIS2_PLACEMENT_3D('',#853,#854,#855);
#853 = CARTESIAN_POINT('',(0.,152.4,0.));
#854 = DIRECTION('',(0.,1.,0.));
#855 = DIRECTION('',(0.,0.,1.));
#856 = ADVANCED_FACE('',(#857),#875,.T.);
#857 = FACE_BOUND('',#858,.T.);
#858 = EDGE_LOOP('',(#859,#860,#861,#869));
#859 = ORIENTED_EDGE('',*,*,#747,.F.);
#860 = ORIENTED_EDGE('',*,*,#838,.T.);
#861 = ORIENTED_EDGE('',*,*,#862,.T.);
#862 = EDGE_CURVE('',#839,#863,#865,.T.);
#863 = VERTEX_POINT('',#864);
#864 = CARTESIAN_POINT('',(152.4,6.1722E+03,2.5019E+03));
#865 = LINE('',#866,#867);
#866 = CARTESIAN_POINT('',(152.4,152.4,2.5019E+03));
#867 = VECTOR('',#868,1.);
#868 = DIRECTION('',(0.,1.,0.));
#869 = ORIENTED_EDGE('',*,*,#870,.F.);
#870 = EDGE_CURVE('',#740,#863,#871,.T.);
#871 = LINE('',#872,#873);
#872 = CARTESIAN_POINT('',(0.,6.1722E+03,2.5019E+03));
#873 = VECTOR('',#874,1.);
#874 = DIRECTION('',(1.,0.,0.));
#875 = PLANE('',#876);
#876 = AXIS2_PLACEMENT_3D('',#877,#878,#879);
#877 = CARTESIAN_POINT('',(0.,152.4,2.5019E+03));
#878 = DIRECTION('',(0.,0.,1.));
#879 = DIRECTION('',(1.,0.,0.));
#880 = ADVANCED_FACE('',(#881),#899,.F.);
#881 = FACE_BOUND('',#882,.F.);
#882 = EDGE_LOOP('',(#883,#884,#885,#893));
#883 = ORIENTED_EDGE('',*,*,#731,.F.);
#884 = ORIENTED_EDGE('',*,*,#829,.T.);
#885 = ORIENTED_EDGE('',*,*,#886,.T.);
#886 = EDGE_CURVE('',#830,#887,#889,.T.);
#887 = VERTEX_POINT('',#888);
#888 = CARTESIAN_POINT('',(152.4,6.1722E+03,0.));
#889 = LINE('',#890,#891);
#890 = CARTESIAN_POINT('',(152.4,152.4,0.));
#891 = VECTOR('',#892,1.);
#892 = DIRECTION('',(0.,1.,0.));
#893 = ORIENTED_EDGE('',*,*,#894,.F.);
#894 = EDGE_CURVE('',#732,#887,#895,.T.);
#895 = LINE('',#896,#897);
#896 = CARTESIAN_POINT('',(0.,6.1722E+03,0.));
#897 = VECTOR('',#898,1.);
#898 = DIRECTION('',(1.,0.,0.));
#899 = PLANE('',#900);
#900 = AXIS2_PLACEMENT_3D('',#901,#902,#903);
#901 = CARTESIAN_POINT('',(0.,152.4,0.));
#902 = DIRECTION('',(0.,0.,1.));
#903 = DIRECTION('',(1.,0.,0.));
#904 = ADVANCED_FACE('',(#905),#916,.T.);
#905 = FACE_BOUND('',#906,.T.);
#906 = EDGE_LOOP('',(#907,#908,#909,#910));
#907 = ORIENTED_EDGE('',*,*,#894,.F.);
#908 = ORIENTED_EDGE('',*,*,#739,.T.);
#909 = ORIENTED_EDGE('',*,*,#870,.T.);
#910 = ORIENTED_EDGE('',*,*,#911,.F.);
#911 = EDGE_CURVE('',#887,#863,#912,.T.);
#912 = LINE('',#913,#914);
#913 = CARTESIAN_POINT('',(152.4,6.1722E+03,0.));
#914 = VECTOR('',#915,1.);
#915 = DIRECTION('',(0.,0.,1.));
#916 = PLANE('',#917);
#917 = AXIS2_PLACEMENT_3D('',#918,#919,#920);
#918 = CARTESIAN_POINT('',(0.,6.1722E+03,0.));
#919 = DIRECTION('',(0.,1.,0.));
#920 = DIRECTION('',(0.,0.,1.));
#921 = ADVANCED_FACE('',(#922),#947,.T.);
#922 = FACE_BOUND('',#923,.T.);
#923 = EDGE_LOOP('',(#924,#932,#933,#941));
#924 = ORIENTED_EDGE('',*,*,#925,.F.);
#925 = EDGE_CURVE('',#756,#926,#928,.T.);
#926 = VERTEX_POINT('',#927);
#927 = CARTESIAN_POINT('',(152.4,4.6228E+03,1.2192E+03));
#928 = LINE('',#929,#930);
#929 = CARTESIAN_POINT('',(-13.7,4.6228E+03,1.2192E+03));
#930 = VECTOR('',#931,1.);
#931 = DIRECTION('',(1.,0.,0.));
#932 = ORIENTED_EDGE('',*,*,#755,.T.);
#933 = ORIENTED_EDGE('',*,*,#934,.T.);
#934 = EDGE_CURVE('',#758,#935,#937,.T.);
#935 = VERTEX_POINT('',#936);
#936 = CARTESIAN_POINT('',(152.4,3.89255E+03,1.2192E+03));
#937 = LINE('',#938,#939);
#938 = CARTESIAN_POINT('',(-13.7,3.89255E+03,1.2192E+03));
#939 = VECTOR('',#940,1.);
#940 = DIRECTION('',(1.,0.,0.));
#941 = ORIENTED_EDGE('',*,*,#942,.F.);
#942 = EDGE_CURVE('',#926,#935,#943,.T.);
#943 = LINE('',#944,#945);
#944 = CARTESIAN_POINT('',(152.4,2.022475E+03,1.2192E+03));
#945 = VECTOR('',#946,1.);
#946 = DIRECTION('',(0.,-1.,0.));
#947 = PLANE('',#948);
#948 = AXIS2_PLACEMENT_3D('',#949,#950,#951);
#949 = CARTESIAN_POINT('',(-13.7,3.89255E+03,1.2192E+03));
#950 = DIRECTION('',(0.,0.,1.));
#951 = DIRECTION('',(1.,0.,0.));
#952 = ADVANCED_FACE('',(#953),#971,.F.);
#953 = FACE_BOUND('',#954,.F.);
#954 = EDGE_LOOP('',(#955,#956,#957,#965));
#955 = ORIENTED_EDGE('',*,*,#925,.F.);
#956 = ORIENTED_EDGE('',*,*,#781,.T.);
#957 = ORIENTED_EDGE('',*,*,#958,.T.);
#958 = EDGE_CURVE('',#774,#959,#961,.T.);
#959 = VERTEX_POINT('',#960);
#960 = CARTESIAN_POINT('',(152.4,4.6228E+03,1.8288E+03));
#961 = LINE('',#962,#963);
#962 = CARTESIAN_POINT('',(-13.7,4.6228E+03,1.8288E+03));
#963 = VECTOR('',#964,1.);
#964 = DIRECTION('',(1.,0.,0.));
#965 = ORIENTED_EDGE('',*,*,#966,.F.);
#966 = EDGE_CURVE('',#926,#959,#967,.T.);
#967 = LINE('',#968,#969);
#968 = CARTESIAN_POINT('',(152.4,4.6228E+03,609.6));
#969 = VECTOR('',#970,1.);
#970 = DIRECTION('',(0.,0.,1.));
#971 = PLANE('',#972);
#972 = AXIS2_PLACEMENT_3D('',#973,#974,#975);
#973 = CARTESIAN_POINT('',(-13.7,4.6228E+03,1.2192E+03));
#974 = DIRECTION('',(0.,1.,0.));
#975 = DIRECTION('',(0.,0.,1.));
#976 = ADVANCED_FACE('',(#977),#995,.F.);
#977 = FACE_BOUND('',#978,.F.);
#978 = EDGE_LOOP('',(#979,#980,#981,#989));
#979 = ORIENTED_EDGE('',*,*,#958,.F.);
#980 = ORIENTED_EDGE('',*,*,#773,.T.);
#981 = ORIENTED_EDGE('',*,*,#982,.T.);
#982 = EDGE_CURVE('',#766,#983,#985,.T.);
#983 = VERTEX_POINT('',#984);
#984 = CARTESIAN_POINT('',(152.4,3.89255E+03,1.8288E+03));
#985 = LINE('',#986,#987);
#986 = CARTESIAN_POINT('',(-13.7,3.89255E+03,1.8288E+03));
#987 = VECTOR('',#988,1.);
#988 = DIRECTION('',(1.,0.,0.));
#989 = ORIENTED_EDGE('',*,*,#990,.F.);
#990 = EDGE_CURVE('',#959,#983,#991,.T.);
#991 = LINE('',#992,#993);
#992 = CARTESIAN_POINT('',(152.4,2.022475E+03,1.8288E+03));
#993 = VECTOR('',#994,1.);
#994 = DIRECTION('',(0.,-1.,0.));
#995 = PLANE('',#996);
#996 = AXIS2_PLACEMENT_3D('',#997,#998,#999);
#997 = CARTESIAN_POINT('',(-13.7,3.89255E+03,1.8288E+03));
#998 = DIRECTION('',(0.,0.,1.));
#999 = DIRECTION('',(1.,0.,0.));
#1000 = ADVANCED_FACE('',(#1001),#1012,.T.);
#1001 = FACE_BOUND('',#1002,.T.);
#1002 = EDGE_LOOP('',(#1003,#1004,#1005,#1006));
#1003 = ORIENTED_EDGE('',*,*,#934,.F.);
#1004 = ORIENTED_EDGE('',*,*,#765,.T.);
#1005 = ORIENTED_EDGE('',*,*,#982,.T.);
#1006 = ORIENTED_EDGE('',*,*,#1007,.F.);
#1007 = EDGE_CURVE('',#935,#983,#1008,.T.);
#1008 = LINE('',#1009,#1010);
#1009 = CARTESIAN_POINT('',(152.4,3.89255E+03,609.6));
#1010 = VECTOR('',#1011,1.);
#1011 = DIRECTION('',(0.,0.,1.));
#1012 = PLANE('',#1013);
#1013 = AXIS2_PLACEMENT_3D('',#1014,#1015,#1016);
#1014 = CARTESIAN_POINT('',(-13.7,3.89255E+03,1.2192E+03));
#1015 = DIRECTION('',(0.,1.,0.));
#1016 = DIRECTION('',(0.,0.,1.));
#1017 = ADVANCED_FACE('',(#1018),#1043,.T.);
#1018 = FACE_BOUND('',#1019,.T.);
#1019 = EDGE_LOOP('',(#1020,#1028,#1029,#1037));
#1020 = ORIENTED_EDGE('',*,*,#1021,.F.);
#1021 = EDGE_CURVE('',#790,#1022,#1024,.T.);
#1022 = VERTEX_POINT('',#1023);
#1023 = CARTESIAN_POINT('',(152.4,2.5781E+03,1.2192E+03));
#1024 = LINE('',#1025,#1026);
#1025 = CARTESIAN_POINT('',(-13.7,2.5781E+03,1.2192E+03));
#1026 = VECTOR('',#1027,1.);
#1027 = DIRECTION('',(1.,0.,0.));
#1028 = ORIENTED_EDGE('',*,*,#789,.T.);
#1029 = ORIENTED_EDGE('',*,*,#1030,.T.);
#1030 = EDGE_CURVE('',#792,#1031,#1033,.T.);
#1031 = VERTEX_POINT('',#1032);
#1032 = CARTESIAN_POINT('',(152.4,1.8542E+03,1.2192E+03));
#1033 = LINE('',#1034,#1035);
#1034 = CARTESIAN_POINT('',(-13.7,1.8542E+03,1.2192E+03));
#1035 = VECTOR('',#1036,1.);
#1036 = DIRECTION('',(1.,0.,0.));
#1037 = ORIENTED_EDGE('',*,*,#1038,.F.);
#1038 = EDGE_CURVE('',#1022,#1031,#1039,.T.);
#1039 = LINE('',#1040,#1041);
#1040 = CARTESIAN_POINT('',(152.4,1.0033E+03,1.2192E+03));
#1041 = VECTOR('',#1042,1.);
#1042 = DIRECTION('',(0.,-1.,0.));
#1043 = PLANE('',#1044);
#1044 = AXIS2_PLACEMENT_3D('',#1045,#1046,#1047);
#1045 = CARTESIAN_POINT('',(-13.7,1.8542E+03,1.2192E+03));
#1046 = DIRECTION('',(0.,0.,1.));
#1047 = DIRECTION('',(1.,0.,0.));
#1048 = ADVANCED_FACE('',(#1049),#1067,.F.);
#1049 = FACE_BOUND('',#1050,.F.);
#1050 = EDGE_LOOP('',(#1051,#1052,#1053,#1061));
#1051 = ORIENTED_EDGE('',*,*,#1021,.F.);
#1052 = ORIENTED_EDGE('',*,*,#815,.T.);
#1053 = ORIENTED_EDGE('',*,*,#1054,.T.);
#1054 = EDGE_CURVE('',#808,#1055,#1057,.T.);
#1055 = VERTEX_POINT('',#1056);
#1056 = CARTESIAN_POINT('',(152.4,2.5781E+03,1.8288E+03));
#1057 = LINE('',#1058,#1059);
#1058 = CARTESIAN_POINT('',(-13.7,2.5781E+03,1.8288E+03));
#1059 = VECTOR('',#1060,1.);
#1060 = DIRECTION('',(1.,0.,0.));
#1061 = ORIENTED_EDGE('',*,*,#1062,.F.);
#1062 = EDGE_CURVE('',#1022,#1055,#1063,.T.);
#1063 = LINE('',#1064,#1065);
#1064 = CARTESIAN_POINT('',(152.4,2.5781E+03,609.6));
#1065 = VECTOR('',#1066,1.);
#1066 = DIRECTION('',(0.,0.,1.));
#1067 = PLANE('',#1068);
#1068 = AXIS2_PLACEMENT_3D('',#1069,#1070,#1071);
#1069 = CARTESIAN_POINT('',(-13.7,2.5781E+03,1.2192E+03));
#1070 = DIRECTION('',(0.,1.,0.));
#1071 = DIRECTION('',(0.,0.,1.));
#1072 = ADVANCED_FACE('',(#1073),#1091,.T.);
#1073 = FACE_BOUND('',#1074,.T.);
#1074 = EDGE_LOOP('',(#1075,#1076,#1077,#1085));
#1075 = ORIENTED_EDGE('',*,*,#1030,.F.);
#1076 = ORIENTED_EDGE('',*,*,#799,.T.);
#1077 = ORIENTED_EDGE('',*,*,#1078,.T.);
#1078 = EDGE_CURVE('',#800,#1079,#1081,.T.);
#1079 = VERTEX_POINT('',#1080);
#1080 = CARTESIAN_POINT('',(152.4,1.8542E+03,1.8288E+03));
#1081 = LINE('',#1082,#1083);
#1082 = CARTESIAN_POINT('',(-13.7,1.8542E+03,1.8288E+03));
#1083 = VECTOR('',#1084,1.);
#1084 = DIRECTION('',(1.,0.,0.));
#1085 = ORIENTED_EDGE('',*,*,#1086,.F.);
#1086 = EDGE_CURVE('',#1031,#1079,#1087,.T.);
#1087 = LINE('',#1088,#1089);
#1088 = CARTESIAN_POINT('',(152.4,1.8542E+03,609.6));
#1089 = VECTOR('',#1090,1.);
#1090 = DIRECTION('',(0.,0.,1.));
#1091 = PLANE('',#1092);
#1092 = AXIS2_PLACEMENT_3D('',#1093,#1094,#1095);
#1093 = CARTESIAN_POINT('',(-13.7,1.8542E+03,1.2192E+03));
#1094 = DIRECTION('',(0.,1.,0.));
#1095 = DIRECTION('',(0.,0.,1.));
#1096 = ADVANCED_FACE('',(#1097),#1108,.F.);
#1097 = FACE_BOUND('',#1098,.F.);
#1098 = EDGE_LOOP('',(#1099,#1100,#1101,#1102));
#1099 = ORIENTED_EDGE('',*,*,#1054,.F.);
#1100 = ORIENTED_EDGE('',*,*,#807,.T.);
#1101 = ORIENTED_EDGE('',*,*,#1078,.T.);
#1102 = ORIENTED_EDGE('',*,*,#1103,.F.);
#1103 = EDGE_CURVE('',#1055,#1079,#1104,.T.);
#1104 = LINE('',#1105,#1106);
#1105 = CARTESIAN_POINT('',(152.4,1.0033E+03,1.8288E+03));
#1106 = VECTOR('',#1107,1.);
#1107 = DIRECTION('',(0.,-1.,0.));
#1108 = PLANE('',#1109);
#1109 = AXIS2_PLACEMENT_3D('',#1110,#1111,#1112);
#1110 = CARTESIAN_POINT('',(-13.7,1.8542E+03,1.8288E+03));
#1111 = DIRECTION('',(0.,0.,1.));
#1112 = DIRECTION('',(1.,0.,0.));
#1113 = ADVANCED_FACE('',(#1114,#1120,#1126),#1132,.T.);
#1114 = FACE_BOUND('',#1115,.T.);
#1115 = EDGE_LOOP('',(#1116,#1117,#1118,#1119));
#1116 = ORIENTED_EDGE('',*,*,#846,.F.);
#1117 = ORIENTED_EDGE('',*,*,#886,.T.);
#1118 = ORIENTED_EDGE('',*,*,#911,.T.);
#1119 = ORIENTED_EDGE('',*,*,#862,.F.);
#1120 = FACE_BOUND('',#1121,.T.);
#1121 = EDGE_LOOP('',(#1122,#1123,#1124,#1125));
#1122 = ORIENTED_EDGE('',*,*,#942,.T.);
#1123 = ORIENTED_EDGE('',*,*,#1007,.T.);
#1124 = ORIENTED_EDGE('',*,*,#990,.F.);
#1125 = ORIENTED_EDGE('',*,*,#966,.F.);
#1126 = FACE_BOUND('',#1127,.T.);
#1127 = EDGE_LOOP('',(#1128,#1129,#1130,#1131));
#1128 = ORIENTED_EDGE('',*,*,#1038,.T.);
#1129 = ORIENTED_EDGE('',*,*,#1086,.T.);
#1130 = ORIENTED_EDGE('',*,*,#1103,.F.);
#1131 = ORIENTED_EDGE('',*,*,#1062,.F.);
#1132 = PLANE('',#1133);
#1133 = AXIS2_PLACEMENT_3D('',#1134,#1135,#1136);
#1134 = CARTESIAN_POINT('',(152.4,152.4,0.));
#1135 = DIRECTION('',(1.,0.,0.));
#1136 = DIRECTION('',(0.,0.,1.));
#1137 = MANIFOLD_SOLID_BREP('',#1138);
#1138 = CLOSED_SHELL('',(#1139,#1179,#1219,#1241,#1263,#1275));
#1139 = ADVANCED_FACE('',(#1140),#1174,.F.);
#1140 = FACE_BOUND('',#1141,.F.);
#1141 = EDGE_LOOP('',(#1142,#1152,#1160,#1168));
#1142 = ORIENTED_EDGE('',*,*,#1143,.F.);
#1143 = EDGE_CURVE('',#1144,#1146,#1148,.T.);
#1144 = VERTEX_POINT('',#1145);
#1145 = CARTESIAN_POINT('',(6.1849E+03,152.4,0.));
#1146 = VERTEX_POINT('',#1147);
#1147 = CARTESIAN_POINT('',(6.1849E+03,152.4,2.5019E+03));
#1148 = LINE('',#1149,#1150);
#1149 = CARTESIAN_POINT('',(6.1849E+03,152.4,0.));
#1150 = VECTOR('',#1151,1.);
#1151 = DIRECTION('',(0.,0.,1.));
#1152 = ORIENTED_EDGE('',*,*,#1153,.T.);
#1153 = EDGE_CURVE('',#1144,#1154,#1156,.T.);
#1154 = VERTEX_POINT('',#1155);
#1155 = CARTESIAN_POINT('',(6.1849E+03,6.1722E+03,0.));
#1156 = LINE('',#1157,#1158);
#1157 = CARTESIAN_POINT('',(6.1849E+03,152.4,0.));
#1158 = VECTOR('',#1159,1.);
#1159 = DIRECTION('',(0.,1.,0.));
#1160 = ORIENTED_EDGE('',*,*,#1161,.T.);
#1161 = EDGE_CURVE('',#1154,#1162,#1164,.T.);
#1162 = VERTEX_POINT('',#1163);
#1163 = CARTESIAN_POINT('',(6.1849E+03,6.1722E+03,2.5019E+03));
#1164 = LINE('',#1165,#1166);
#1165 = CARTESIAN_POINT('',(6.1849E+03,6.1722E+03,0.));
#1166 = VECTOR('',#1167,1.);
#1167 = DIRECTION('',(0.,0.,1.));
#1168 = ORIENTED_EDGE('',*,*,#1169,.F.);
#1169 = EDGE_CURVE('',#1146,#1162,#1170,.T.);
#1170 = LINE('',#1171,#1172);
#1171 = CARTESIAN_POINT('',(6.1849E+03,152.4,2.5019E+03));
#1172 = VECTOR('',#1173,1.);
#1173 = DIRECTION('',(0.,1.,0.));
#1174 = PLANE('',#1175);
#1175 = AXIS2_PLACEMENT_3D('',#1176,#1177,#1178);
#1176 = CARTESIAN_POINT('',(6.1849E+03,152.4,0.));
#1177 = DIRECTION('',(1.,0.,0.));
#1178 = DIRECTION('',(0.,0.,1.));
#1179 = ADVANCED_FACE('',(#1180),#1214,.T.);
#1180 = FACE_BOUND('',#1181,.T.);
#1181 = EDGE_LOOP('',(#1182,#1192,#1200,#1208));
#1182 = ORIENTED_EDGE('',*,*,#1183,.F.);
#1183 = EDGE_CURVE('',#1184,#1186,#1188,.T.);
#1184 = VERTEX_POINT('',#1185);
#1185 = CARTESIAN_POINT('',(6.3373E+03,152.4,0.));
#1186 = VERTEX_POINT('',#1187);
#1187 = CARTESIAN_POINT('',(6.3373E+03,152.4,2.5019E+03));
#1188 = LINE('',#1189,#1190);
#1189 = CARTESIAN_POINT('',(6.3373E+03,152.4,0.));
#1190 = VECTOR('',#1191,1.);
#1191 = DIRECTION('',(0.,0.,1.));
#1192 = ORIENTED_EDGE('',*,*,#1193,.T.);
#1193 = EDGE_CURVE('',#1184,#1194,#1196,.T.);
#1194 = VERTEX_POINT('',#1195);
#1195 = CARTESIAN_POINT('',(6.3373E+03,6.1722E+03,0.));
#1196 = LINE('',#1197,#1198);
#1197 = CARTESIAN_POINT('',(6.3373E+03,152.4,0.));
#1198 = VECTOR('',#1199,1.);
#1199 = DIRECTION('',(0.,1.,0.));
#1200 = ORIENTED_EDGE('',*,*,#1201,.T.);
#1201 = EDGE_CURVE('',#1194,#1202,#1204,.T.);
#1202 = VERTEX_POINT('',#1203);
#1203 = CARTESIAN_POINT('',(6.3373E+03,6.1722E+03,2.5019E+03));
#1204 = LINE('',#1205,#1206);
#1205 = CARTESIAN_POINT('',(6.3373E+03,6.1722E+03,0.));
#1206 = VECTOR('',#1207,1.);
#1207 = DIRECTION('',(0.,0.,1.));
#1208 = ORIENTED_EDGE('',*,*,#1209,.F.);
#1209 = EDGE_CURVE('',#1186,#1202,#1210,.T.);
#1210 = LINE('',#1211,#1212);
#1211 = CARTESIAN_POINT('',(6.3373E+03,152.4,2.5019E+03));
#1212 = VECTOR('',#1213,1.);
#1213 = DIRECTION('',(0.,1.,0.));
#1214 = PLANE('',#1215);
#1215 = AXIS2_PLACEMENT_3D('',#1216,#1217,#1218);
#1216 = CARTESIAN_POINT('',(6.3373E+03,152.4,0.));
#1217 = DIRECTION('',(1.,0.,0.));
#1218 = DIRECTION('',(0.,0.,1.));
#1219 = ADVANCED_FACE('',(#1220),#1236,.F.);
#1220 = FACE_BOUND('',#1221,.F.);
#1221 = EDGE_LOOP('',(#1222,#1228,#1229,#1235));
#1222 = ORIENTED_EDGE('',*,*,#1223,.F.);
#1223 = EDGE_CURVE('',#1144,#1184,#1224,.T.);
#1224 = LINE('',#1225,#1226);
#1225 = CARTESIAN_POINT('',(6.1849E+03,152.4,0.));
#1226 = VECTOR('',#1227,1.);
#1227 = DIRECTION('',(1.,0.,0.));
#1228 = ORIENTED_EDGE('',*,*,#1143,.T.);
#1229 = ORIENTED_EDGE('',*,*,#1230,.T.);
#1230 = EDGE_CURVE('',#1146,#1186,#1231,.T.);
#1231 = LINE('',#1232,#1233);
#1232 = CARTESIAN_POINT('',(6.1849E+03,152.4,2.5019E+03));
#1233 = VECTOR('',#1234,1.);
#1234 = DIRECTION('',(1.,0.,0.));
#1235 = ORIENTED_EDGE('',*,*,#1183,.F.);
#1236 = PLANE('',#1237);
#1237 = AXIS2_PLACEMENT_3D('',#1238,#1239,#1240);
#1238 = CARTESIAN_POINT('',(6.1849E+03,152.4,0.));
#1239 = DIRECTION('',(0.,1.,0.));
#1240 = DIRECTION('',(0.,0.,1.));
#1241 = ADVANCED_FACE('',(#1242),#1258,.T.);
#1242 = FACE_BOUND('',#1243,.T.);
#1243 = EDGE_LOOP('',(#1244,#1250,#1251,#1257));
#1244 = ORIENTED_EDGE('',*,*,#1245,.F.);
#1245 = EDGE_CURVE('',#1154,#1194,#1246,.T.);
#1246 = LINE('',#1247,#1248);
#1247 = CARTESIAN_POINT('',(6.1849E+03,6.1722E+03,0.));
#1248 = VECTOR('',#1249,1.);
#1249 = DIRECTION('',(1.,0.,0.));
#1250 = ORIENTED_EDGE('',*,*,#1161,.T.);
#1251 = ORIENTED_EDGE('',*,*,#1252,.T.);
#1252 = EDGE_CURVE('',#1162,#1202,#1253,.T.);
#1253 = LINE('',#1254,#1255);
#1254 = CARTESIAN_POINT('',(6.1849E+03,6.1722E+03,2.5019E+03));
#1255 = VECTOR('',#1256,1.);
#1256 = DIRECTION('',(1.,0.,0.));
#1257 = ORIENTED_EDGE('',*,*,#1201,.F.);
#1258 = PLANE('',#1259);
#1259 = AXIS2_PLACEMENT_3D('',#1260,#1261,#1262);
#1260 = CARTESIAN_POINT('',(6.1849E+03,6.1722E+03,0.));
#1261 = DIRECTION('',(0.,1.,0.));
#1262 = DIRECTION('',(0.,0.,1.));
#1263 = ADVANCED_FACE('',(#1264),#1270,.F.);
#1264 = FACE_BOUND('',#1265,.F.);
#1265 = EDGE_LOOP('',(#1266,#1267,#1268,#1269));
#1266 = ORIENTED_EDGE('',*,*,#1153,.F.);
#1267 = ORIENTED_EDGE('',*,*,#1223,.T.);
#1268 = ORIENTED_EDGE('',*,*,#1193,.T.);
#1269 = ORIENTED_EDGE('',*,*,#1245,.F.);
#1270 = PLANE('',#1271);
#1271 = AXIS2_PLACEMENT_3D('',#1272,#1273,#1274);
#1272 = CARTESIAN_POINT('',(6.1849E+03,152.4,0.));
#1273 = DIRECTION('',(0.,0.,1.));
#1274 = DIRECTION('',(1.,0.,0.));
#1275 = ADVANCED_FACE('',(#1276),#1282,.T.);
#1276 = FACE_BOUND('',#1277,.T.);
#1277 = EDGE_LOOP('',(#1278,#1279,#1280,#1281));
#1278 = ORIENTED_EDGE('',*,*,#1169,.F.);
#1279 = ORIENTED_EDGE('',*,*,#1230,.T.);
#1280 = ORIENTED_EDGE('',*,*,#1209,.T.);
#1281 = ORIENTED_EDGE('',*,*,#1252,.F.);
#1282 = PLANE('',#1283);
#1283 = AXIS2_PLACEMENT_3D('',#1284,#1285,#1286);
#1284 = CARTESIAN_POINT('',(6.1849E+03,152.4,2.5019E+03));
#1285 = DIRECTION('',(0.,0.,1.));
#1286 = DIRECTION('',(1.,0.,0.));
#1287 = MANIFOLD_SOLID_BREP('',#1288);
#1288 = CLOSED_SHELL('',(#1289,#1329,#1426,#1450,#1540,#1557,#1574,#1591
    ,#1608,#1625,#1637,#1659,#1676,#1693));
#1289 = ADVANCED_FACE('',(#1290),#1324,.F.);
#1290 = FACE_BOUND('',#1291,.F.);
#1291 = EDGE_LOOP('',(#1292,#1302,#1310,#1318));
#1292 = ORIENTED_EDGE('',*,*,#1293,.F.);
#1293 = EDGE_CURVE('',#1294,#1296,#1298,.T.);
#1294 = VERTEX_POINT('',#1295);
#1295 = CARTESIAN_POINT('',(-12.7,-12.7,0.));
#1296 = VERTEX_POINT('',#1297);
#1297 = CARTESIAN_POINT('',(-12.7,-12.7,2.5019E+03));
#1298 = LINE('',#1299,#1300);
#1299 = CARTESIAN_POINT('',(-12.7,-12.7,0.));
#1300 = VECTOR('',#1301,1.);
#1301 = DIRECTION('',(0.,0.,1.));
#1302 = ORIENTED_EDGE('',*,*,#1303,.T.);
#1303 = EDGE_CURVE('',#1294,#1304,#1306,.T.);
#1304 = VERTEX_POINT('',#1305);
#1305 = CARTESIAN_POINT('',(-12.7,0.,0.));
#1306 = LINE('',#1307,#1308);
#1307 = CARTESIAN_POINT('',(-12.7,-12.7,0.));
#1308 = VECTOR('',#1309,1.);
#1309 = DIRECTION('',(0.,1.,0.));
#1310 = ORIENTED_EDGE('',*,*,#1311,.T.);
#1311 = EDGE_CURVE('',#1304,#1312,#1314,.T.);
#1312 = VERTEX_POINT('',#1313);
#1313 = CARTESIAN_POINT('',(-12.7,0.,2.5019E+03));
#1314 = LINE('',#1315,#1316);
#1315 = CARTESIAN_POINT('',(-12.7,0.,0.));
#1316 = VECTOR('',#1317,1.);
#1317 = DIRECTION('',(0.,0.,1.));
#1318 = ORIENTED_EDGE('',*,*,#1319,.F.);
#1319 = EDGE_CURVE('',#1296,#1312,#1320,.T.);
#1320 = LINE('',#1321,#1322);
#1321 = CARTESIAN_POINT('',(-12.7,-12.7,2.5019E+03));
#1322 = VECTOR('',#1323,1.);
#1323 = DIRECTION('',(0.,1.,0.));
#1324 = PLANE('',#1325);
#1325 = AXIS2_PLACEMENT_3D('',#1326,#1327,#1328);
#1326 = CARTESIAN_POINT('',(-12.7,-12.7,0.));
#1327 = DIRECTION('',(1.,0.,0.));
#1328 = DIRECTION('',(0.,0.,1.));
#1329 = ADVANCED_FACE('',(#1330,#1387),#1421,.F.);
#1330 = FACE_BOUND('',#1331,.F.);
#1331 = EDGE_LOOP('',(#1332,#1340,#1341,#1349,#1357,#1365,#1373,#1381));
#1332 = ORIENTED_EDGE('',*,*,#1333,.F.);
#1333 = EDGE_CURVE('',#1294,#1334,#1336,.T.);
#1334 = VERTEX_POINT('',#1335);
#1335 = CARTESIAN_POINT('',(2.8321E+03,-12.7,0.));
#1336 = LINE('',#1337,#1338);
#1337 = CARTESIAN_POINT('',(-12.7,-12.7,0.));
#1338 = VECTOR('',#1339,1.);
#1339 = DIRECTION('',(1.,0.,0.));
#1340 = ORIENTED_EDGE('',*,*,#1293,.T.);
#1341 = ORIENTED_EDGE('',*,*,#1342,.T.);
#1342 = EDGE_CURVE('',#1296,#1343,#1345,.T.);
#1343 = VERTEX_POINT('',#1344);
#1344 = CARTESIAN_POINT('',(6.35E+03,-12.7,2.5019E+03));
#1345 = LINE('',#1346,#1347);
#1346 = CARTESIAN_POINT('',(-12.7,-12.7,2.5019E+03));
#1347 = VECTOR('',#1348,1.);
#1348 = DIRECTION('',(1.,0.,0.));
#1349 = ORIENTED_EDGE('',*,*,#1350,.F.);
#1350 = EDGE_CURVE('',#1351,#1343,#1353,.T.);
#1351 = VERTEX_POINT('',#1352);
#1352 = CARTESIAN_POINT('',(6.35E+03,-12.7,0.));
#1353 = LINE('',#1354,#1355);
#1354 = CARTESIAN_POINT('',(6.35E+03,-12.7,0.));
#1355 = VECTOR('',#1356,1.);
#1356 = DIRECTION('',(0.,0.,1.));
#1357 = ORIENTED_EDGE('',*,*,#1358,.F.);
#1358 = EDGE_CURVE('',#1359,#1351,#1361,.T.);
#1359 = VERTEX_POINT('',#1360);
#1360 = CARTESIAN_POINT('',(3.6449E+03,-12.7,0.));
#1361 = LINE('',#1362,#1363);
#1362 = CARTESIAN_POINT('',(-12.7,-12.7,0.));
#1363 = VECTOR('',#1364,1.);
#1364 = DIRECTION('',(1.,0.,0.));
#1365 = ORIENTED_EDGE('',*,*,#1366,.F.);
#1366 = EDGE_CURVE('',#1367,#1359,#1369,.T.);
#1367 = VERTEX_POINT('',#1368);
#1368 = CARTESIAN_POINT('',(3.6449E+03,-12.7,2.032E+03));
#1369 = LINE('',#1370,#1371);
#1370 = CARTESIAN_POINT('',(3.6449E+03,-12.7,0.));
#1371 = VECTOR('',#1372,1.);
#1372 = DIRECTION('',(0.,0.,-1.));
#1373 = ORIENTED_EDGE('',*,*,#1374,.F.);
#1374 = EDGE_CURVE('',#1375,#1367,#1377,.T.);
#1375 = VERTEX_POINT('',#1376);
#1376 = CARTESIAN_POINT('',(2.8321E+03,-12.7,2.032E+03));
#1377 = LINE('',#1378,#1379);
#1378 = CARTESIAN_POINT('',(1.4097E+03,-12.7,2.032E+03));
#1379 = VECTOR('',#1380,1.);
#1380 = DIRECTION('',(1.,0.,0.));
#1381 = ORIENTED_EDGE('',*,*,#1382,.T.);
#1382 = EDGE_CURVE('',#1375,#1334,#1383,.T.);
#1383 = LINE('',#1384,#1385);
#1384 = CARTESIAN_POINT('',(2.8321E+03,-12.7,0.));
#1385 = VECTOR('',#1386,1.);
#1386 = DIRECTION('',(0.,0.,-1.));
#1387 = FACE_BOUND('',#1388,.F.);
#1388 = EDGE_LOOP('',(#1389,#1399,#1407,#1415));
#1389 = ORIENTED_EDGE('',*,*,#1390,.F.);
#1390 = EDGE_CURVE('',#1391,#1393,#1395,.T.);
#1391 = VERTEX_POINT('',#1392);
#1392 = CARTESIAN_POINT('',(1.0668E+03,-12.7,1.8288E+03));
#1393 = VERTEX_POINT('',#1394);
#1394 = CARTESIAN_POINT('',(1.778E+03,-12.7,1.8288E+03));
#1395 = LINE('',#1396,#1397);
#1396 = CARTESIAN_POINT('',(527.05,-12.7,1.8288E+03));
#1397 = VECTOR('',#1398,1.);
#1398 = DIRECTION('',(1.,0.,0.));
#1399 = ORIENTED_EDGE('',*,*,#1400,.T.);
#1400 = EDGE_CURVE('',#1391,#1401,#1403,.T.);
#1401 = VERTEX_POINT('',#1402);
#1402 = CARTESIAN_POINT('',(1.0668E+03,-12.7,1.2192E+03));
#1403 = LINE('',#1404,#1405);
#1404 = CARTESIAN_POINT('',(1.0668E+03,-12.7,609.6));
#1405 = VECTOR('',#1406,1.);
#1406 = DIRECTION('',(0.,0.,-1.));
#1407 = ORIENTED_EDGE('',*,*,#1408,.T.);
#1408 = EDGE_CURVE('',#1401,#1409,#1411,.T.);
#1409 = VERTEX_POINT('',#1410);
#1410 = CARTESIAN_POINT('',(1.778E+03,-12.7,1.2192E+03));
#1411 = LINE('',#1412,#1413);
#1412 = CARTESIAN_POINT('',(527.05,-12.7,1.2192E+03));
#1413 = VECTOR('',#1414,1.);
#1414 = DIRECTION('',(1.,0.,0.));
#1415 = ORIENTED_EDGE('',*,*,#1416,.F.);
#1416 = EDGE_CURVE('',#1393,#1409,#1417,.T.);
#1417 = LINE('',#1418,#1419);
#1418 = CARTESIAN_POINT('',(1.778E+03,-12.7,609.6));
#1419 = VECTOR('',#1420,1.);
#1420 = DIRECTION('',(0.,0.,-1.));
#1421 = PLANE('',#1422);
#1422 = AXIS2_PLACEMENT_3D('',#1423,#1424,#1425);
#1423 = CARTESIAN_POINT('',(-12.7,-12.7,0.));
#1424 = DIRECTION('',(0.,1.,0.));
#1425 = DIRECTION('',(0.,0.,1.));
#1426 = ADVANCED_FACE('',(#1427),#1445,.T.);
#1427 = FACE_BOUND('',#1428,.T.);
#1428 = EDGE_LOOP('',(#1429,#1430,#1431,#1439));
#1429 = ORIENTED_EDGE('',*,*,#1319,.F.);
#1430 = ORIENTED_EDGE('',*,*,#1342,.T.);
#1431 = ORIENTED_EDGE('',*,*,#1432,.T.);
#1432 = EDGE_CURVE('',#1343,#1433,#1435,.T.);
#1433 = VERTEX_POINT('',#1434);
#1434 = CARTESIAN_POINT('',(6.35E+03,0.,2.5019E+03));
#1435 = LINE('',#1436,#1437);
#1436 = CARTESIAN_POINT('',(6.35E+03,-12.7,2.5019E+03));
#1437 = VECTOR('',#1438,1.);
#1438 = DIRECTION('',(0.,1.,0.));
#1439 = ORIENTED_EDGE('',*,*,#1440,.F.);
#1440 = EDGE_CURVE('',#1312,#1433,#1441,.T.);
#1441 = LINE('',#1442,#1443);
#1442 = CARTESIAN_POINT('',(-12.7,0.,2.5019E+03));
#1443 = VECTOR('',#1444,1.);
#1444 = DIRECTION('',(1.,0.,0.));
#1445 = PLANE('',#1446);
#1446 = AXIS2_PLACEMENT_3D('',#1447,#1448,#1449);
#1447 = CARTESIAN_POINT('',(-12.7,-12.7,2.5019E+03));
#1448 = DIRECTION('',(0.,0.,1.));
#1449 = DIRECTION('',(1.,0.,0.));
#1450 = ADVANCED_FACE('',(#1451,#1501),#1535,.T.);
#1451 = FACE_BOUND('',#1452,.T.);
#1452 = EDGE_LOOP('',(#1453,#1461,#1462,#1463,#1471,#1479,#1487,#1495));
#1453 = ORIENTED_EDGE('',*,*,#1454,.F.);
#1454 = EDGE_CURVE('',#1304,#1455,#1457,.T.);
#1455 = VERTEX_POINT('',#1456);
#1456 = CARTESIAN_POINT('',(2.8321E+03,0.,0.));
#1457 = LINE('',#1458,#1459);
#1458 = CARTESIAN_POINT('',(-12.7,0.,0.));
#1459 = VECTOR('',#1460,1.);
#1460 = DIRECTION('',(1.,0.,0.));
#1461 = ORIENTED_EDGE('',*,*,#1311,.T.);
#1462 = ORIENTED_EDGE('',*,*,#1440,.T.);
#1463 = ORIENTED_EDGE('',*,*,#1464,.F.);
#1464 = EDGE_CURVE('',#1465,#1433,#1467,.T.);
#1465 = VERTEX_POINT('',#1466);
#1466 = CARTESIAN_POINT('',(6.35E+03,0.,0.));
#1467 = LINE('',#1468,#1469);
#1468 = CARTESIAN_POINT('',(6.35E+03,0.,0.));
#1469 = VECTOR('',#1470,1.);
#1470 = DIRECTION('',(0.,0.,1.));
#1471 = ORIENTED_EDGE('',*,*,#1472,.F.);
#1472 = EDGE_CURVE('',#1473,#1465,#1475,.T.);
#1473 = VERTEX_POINT('',#1474);
#1474 = CARTESIAN_POINT('',(3.6449E+03,0.,0.));
#1475 = LINE('',#1476,#1477);
#1476 = CARTESIAN_POINT('',(-12.7,0.,0.));
#1477 = VECTOR('',#1478,1.);
#1478 = DIRECTION('',(1.,0.,0.));
#1479 = ORIENTED_EDGE('',*,*,#1480,.F.);
#1480 = EDGE_CURVE('',#1481,#1473,#1483,.T.);
#1481 = VERTEX_POINT('',#1482);
#1482 = CARTESIAN_POINT('',(3.6449E+03,0.,2.032E+03));
#1483 = LINE('',#1484,#1485);
#1484 = CARTESIAN_POINT('',(3.6449E+03,0.,0.));
#1485 = VECTOR('',#1486,1.);
#1486 = DIRECTION('',(0.,0.,-1.));
#1487 = ORIENTED_EDGE('',*,*,#1488,.F.);
#1488 = EDGE_CURVE('',#1489,#1481,#1491,.T.);
#1489 = VERTEX_POINT('',#1490);
#1490 = CARTESIAN_POINT('',(2.8321E+03,0.,2.032E+03));
#1491 = LINE('',#1492,#1493);
#1492 = CARTESIAN_POINT('',(1.4097E+03,0.,2.032E+03));
#1493 = VECTOR('',#1494,1.);
#1494 = DIRECTION('',(1.,0.,0.));
#1495 = ORIENTED_EDGE('',*,*,#1496,.T.);
#1496 = EDGE_CURVE('',#1489,#1455,#1497,.T.);
#1497 = LINE('',#1498,#1499);
#1498 = CARTESIAN_POINT('',(2.8321E+03,0.,0.));
#1499 = VECTOR('',#1500,1.);
#1500 = DIRECTION('',(0.,0.,-1.));
#1501 = FACE_BOUND('',#1502,.T.);
#1502 = EDGE_LOOP('',(#1503,#1513,#1521,#1529));
#1503 = ORIENTED_EDGE('',*,*,#1504,.F.);
#1504 = EDGE_CURVE('',#1505,#1507,#1509,.T.);
#1505 = VERTEX_POINT('',#1506);
#1506 = CARTESIAN_POINT('',(1.0668E+03,0.,1.8288E+03));
#1507 = VERTEX_POINT('',#1508);
#1508 = CARTESIAN_POINT('',(1.778E+03,0.,1.8288E+03));
#1509 = LINE('',#1510,#1511);
#1510 = CARTESIAN_POINT('',(527.05,0.,1.8288E+03));
#1511 = VECTOR('',#1512,1.);
#1512 = DIRECTION('',(1.,0.,0.));
#1513 = ORIENTED_EDGE('',*,*,#1514,.T.);
#1514 = EDGE_CURVE('',#1505,#1515,#1517,.T.);
#1515 = VERTEX_POINT('',#1516);
#1516 = CARTESIAN_POINT('',(1.0668E+03,0.,1.2192E+03));
#1517 = LINE('',#1518,#1519);
#1518 = CARTESIAN_POINT('',(1.0668E+03,0.,609.6));
#1519 = VECTOR('',#1520,1.);
#1520 = DIRECTION('',(0.,0.,-1.));
#1521 = ORIENTED_EDGE('',*,*,#1522,.T.);
#1522 = EDGE_CURVE('',#1515,#1523,#1525,.T.);
#1523 = VERTEX_POINT('',#1524);
#1524 = CARTESIAN_POINT('',(1.778E+03,0.,1.2192E+03));
#1525 = LINE('',#1526,#1527);
#1526 = CARTESIAN_POINT('',(527.05,0.,1.2192E+03));
#1527 = VECTOR('',#1528,1.);
#1528 = DIRECTION('',(1.,0.,0.));
#1529 = ORIENTED_EDGE('',*,*,#1530,.F.);
#1530 = EDGE_CURVE('',#1507,#1523,#1531,.T.);
#1531 = LINE('',#1532,#1533);
#1532 = CARTESIAN_POINT('',(1.778E+03,0.,609.6));
#1533 = VECTOR('',#1534,1.);
#1534 = DIRECTION('',(0.,0.,-1.));
#1535 = PLANE('',#1536);
#1536 = AXIS2_PLACEMENT_3D('',#1537,#1538,#1539);
#1537 = CARTESIAN_POINT('',(-12.7,0.,0.));
#1538 = DIRECTION('',(0.,1.,0.));
#1539 = DIRECTION('',(0.,0.,1.));
#1540 = ADVANCED_FACE('',(#1541),#1552,.F.);
#1541 = FACE_BOUND('',#1542,.F.);
#1542 = EDGE_LOOP('',(#1543,#1544,#1545,#1546));
#1543 = ORIENTED_EDGE('',*,*,#1454,.F.);
#1544 = ORIENTED_EDGE('',*,*,#1303,.F.);
#1545 = ORIENTED_EDGE('',*,*,#1333,.T.);
#1546 = ORIENTED_EDGE('',*,*,#1547,.T.);
#1547 = EDGE_CURVE('',#1334,#1455,#1548,.T.);
#1548 = LINE('',#1549,#1550);
#1549 = CARTESIAN_POINT('',(2.8321E+03,-13.7,0.));
#1550 = VECTOR('',#1551,1.);
#1551 = DIRECTION('',(0.,1.,0.));
#1552 = PLANE('',#1553);
#1553 = AXIS2_PLACEMENT_3D('',#1554,#1555,#1556);
#1554 = CARTESIAN_POINT('',(-12.7,-12.7,0.));
#1555 = DIRECTION('',(0.,0.,1.));
#1556 = DIRECTION('',(1.,0.,0.));
#1557 = ADVANCED_FACE('',(#1558),#1569,.T.);
#1558 = FACE_BOUND('',#1559,.T.);
#1559 = EDGE_LOOP('',(#1560,#1566,#1567,#1568));
#1560 = ORIENTED_EDGE('',*,*,#1561,.F.);
#1561 = EDGE_CURVE('',#1375,#1489,#1562,.T.);
#1562 = LINE('',#1563,#1564);
#1563 = CARTESIAN_POINT('',(2.8321E+03,-13.7,2.032E+03));
#1564 = VECTOR('',#1565,1.);
#1565 = DIRECTION('',(0.,1.,0.));
#1566 = ORIENTED_EDGE('',*,*,#1382,.T.);
#1567 = ORIENTED_EDGE('',*,*,#1547,.T.);
#1568 = ORIENTED_EDGE('',*,*,#1496,.F.);
#1569 = PLANE('',#1570);
#1570 = AXIS2_PLACEMENT_3D('',#1571,#1572,#1573);
#1571 = CARTESIAN_POINT('',(2.8321E+03,-13.7,0.));
#1572 = DIRECTION('',(1.,0.,0.));
#1573 = DIRECTION('',(0.,0.,1.));
#1574 = ADVANCED_FACE('',(#1575),#1586,.F.);
#1575 = FACE_BOUND('',#1576,.F.);
#1576 = EDGE_LOOP('',(#1577,#1578,#1579,#1585));
#1577 = ORIENTED_EDGE('',*,*,#1561,.F.);
#1578 = ORIENTED_EDGE('',*,*,#1374,.T.);
#1579 = ORIENTED_EDGE('',*,*,#1580,.T.);
#1580 = EDGE_CURVE('',#1367,#1481,#1581,.T.);
#1581 = LINE('',#1582,#1583);
#1582 = CARTESIAN_POINT('',(3.6449E+03,-13.7,2.032E+03));
#1583 = VECTOR('',#1584,1.);
#1584 = DIRECTION('',(0.,1.,0.));
#1585 = ORIENTED_EDGE('',*,*,#1488,.F.);
#1586 = PLANE('',#1587);
#1587 = AXIS2_PLACEMENT_3D('',#1588,#1589,#1590);
#1588 = CARTESIAN_POINT('',(2.8321E+03,-13.7,2.032E+03));
#1589 = DIRECTION('',(0.,0.,1.));
#1590 = DIRECTION('',(1.,0.,0.));
#1591 = ADVANCED_FACE('',(#1592),#1603,.T.);
#1592 = FACE_BOUND('',#1593,.T.);
#1593 = EDGE_LOOP('',(#1594,#1595,#1601,#1602));
#1594 = ORIENTED_EDGE('',*,*,#1350,.F.);
#1595 = ORIENTED_EDGE('',*,*,#1596,.T.);
#1596 = EDGE_CURVE('',#1351,#1465,#1597,.T.);
#1597 = LINE('',#1598,#1599);
#1598 = CARTESIAN_POINT('',(6.35E+03,-12.7,0.));
#1599 = VECTOR('',#1600,1.);
#1600 = DIRECTION('',(0.,1.,0.));
#1601 = ORIENTED_EDGE('',*,*,#1464,.T.);
#1602 = ORIENTED_EDGE('',*,*,#1432,.F.);
#1603 = PLANE('',#1604);
#1604 = AXIS2_PLACEMENT_3D('',#1605,#1606,#1607);
#1605 = CARTESIAN_POINT('',(6.35E+03,-12.7,0.));
#1606 = DIRECTION('',(1.,0.,0.));
#1607 = DIRECTION('',(0.,0.,1.));
#1608 = ADVANCED_FACE('',(#1609),#1620,.F.);
#1609 = FACE_BOUND('',#1610,.F.);
#1610 = EDGE_LOOP('',(#1611,#1612,#1613,#1619));
#1611 = ORIENTED_EDGE('',*,*,#1580,.F.);
#1612 = ORIENTED_EDGE('',*,*,#1366,.T.);
#1613 = ORIENTED_EDGE('',*,*,#1614,.T.);
#1614 = EDGE_CURVE('',#1359,#1473,#1615,.T.);
#1615 = LINE('',#1616,#1617);
#1616 = CARTESIAN_POINT('',(3.6449E+03,-13.7,0.));
#1617 = VECTOR('',#1618,1.);
#1618 = DIRECTION('',(0.,1.,0.));
#1619 = ORIENTED_EDGE('',*,*,#1480,.F.);
#1620 = PLANE('',#1621);
#1621 = AXIS2_PLACEMENT_3D('',#1622,#1623,#1624);
#1622 = CARTESIAN_POINT('',(3.6449E+03,-13.7,0.));
#1623 = DIRECTION('',(1.,0.,0.));
#1624 = DIRECTION('',(0.,0.,1.));
#1625 = ADVANCED_FACE('',(#1626),#1632,.F.);
#1626 = FACE_BOUND('',#1627,.F.);
#1627 = EDGE_LOOP('',(#1628,#1629,#1630,#1631));
#1628 = ORIENTED_EDGE('',*,*,#1472,.F.);
#1629 = ORIENTED_EDGE('',*,*,#1614,.F.);
#1630 = ORIENTED_EDGE('',*,*,#1358,.T.);
#1631 = ORIENTED_EDGE('',*,*,#1596,.T.);
#1632 = PLANE('',#1633);
#1633 = AXIS2_PLACEMENT_3D('',#1634,#1635,#1636);
#1634 = CARTESIAN_POINT('',(-12.7,-12.7,0.));
#1635 = DIRECTION('',(0.,0.,1.));
#1636 = DIRECTION('',(1.,0.,0.));
#1637 = ADVANCED_FACE('',(#1638),#1654,.F.);
#1638 = FACE_BOUND('',#1639,.F.);
#1639 = EDGE_LOOP('',(#1640,#1646,#1647,#1653));
#1640 = ORIENTED_EDGE('',*,*,#1641,.F.);
#1641 = EDGE_CURVE('',#1391,#1505,#1642,.T.);
#1642 = LINE('',#1643,#1644);
#1643 = CARTESIAN_POINT('',(1.0668E+03,-13.7,1.8288E+03));
#1644 = VECTOR('',#1645,1.);
#1645 = DIRECTION('',(0.,1.,0.));
#1646 = ORIENTED_EDGE('',*,*,#1390,.T.);
#1647 = ORIENTED_EDGE('',*,*,#1648,.T.);
#1648 = EDGE_CURVE('',#1393,#1507,#1649,.T.);
#1649 = LINE('',#1650,#1651);
#1650 = CARTESIAN_POINT('',(1.778E+03,-13.7,1.8288E+03));
#1651 = VECTOR('',#1652,1.);
#1652 = DIRECTION('',(0.,1.,0.));
#1653 = ORIENTED_EDGE('',*,*,#1504,.F.);
#1654 = PLANE('',#1655);
#1655 = AXIS2_PLACEMENT_3D('',#1656,#1657,#1658);
#1656 = CARTESIAN_POINT('',(1.0668E+03,-13.7,1.8288E+03));
#1657 = DIRECTION('',(0.,0.,1.));
#1658 = DIRECTION('',(1.,0.,0.));
#1659 = ADVANCED_FACE('',(#1660),#1671,.F.);
#1660 = FACE_BOUND('',#1661,.F.);
#1661 = EDGE_LOOP('',(#1662,#1663,#1664,#1670));
#1662 = ORIENTED_EDGE('',*,*,#1648,.F.);
#1663 = ORIENTED_EDGE('',*,*,#1416,.T.);
#1664 = ORIENTED_EDGE('',*,*,#1665,.T.);
#1665 = EDGE_CURVE('',#1409,#1523,#1666,.T.);
#1666 = LINE('',#1667,#1668);
#1667 = CARTESIAN_POINT('',(1.778E+03,-13.7,1.2192E+03));
#1668 = VECTOR('',#1669,1.);
#1669 = DIRECTION('',(0.,1.,0.));
#1670 = ORIENTED_EDGE('',*,*,#1530,.F.);
#1671 = PLANE('',#1672);
#1672 = AXIS2_PLACEMENT_3D('',#1673,#1674,#1675);
#1673 = CARTESIAN_POINT('',(1.778E+03,-13.7,1.2192E+03));
#1674 = DIRECTION('',(1.,0.,0.));
#1675 = DIRECTION('',(0.,0.,1.));
#1676 = ADVANCED_FACE('',(#1677),#1688,.T.);
#1677 = FACE_BOUND('',#1678,.T.);
#1678 = EDGE_LOOP('',(#1679,#1685,#1686,#1687));
#1679 = ORIENTED_EDGE('',*,*,#1680,.F.);
#1680 = EDGE_CURVE('',#1401,#1515,#1681,.T.);
#1681 = LINE('',#1682,#1683);
#1682 = CARTESIAN_POINT('',(1.0668E+03,-13.7,1.2192E+03));
#1683 = VECTOR('',#1684,1.);
#1684 = DIRECTION('',(0.,1.,0.));
#1685 = ORIENTED_EDGE('',*,*,#1408,.T.);
#1686 = ORIENTED_EDGE('',*,*,#1665,.T.);
#1687 = ORIENTED_EDGE('',*,*,#1522,.F.);
#1688 = PLANE('',#1689);
#1689 = AXIS2_PLACEMENT_3D('',#1690,#1691,#1692);
#1690 = CARTESIAN_POINT('',(1.0668E+03,-13.7,1.2192E+03));
#1691 = DIRECTION('',(0.,0.,1.));
#1692 = DIRECTION('',(1.,0.,0.));
#1693 = ADVANCED_FACE('',(#1694),#1700,.T.);
#1694 = FACE_BOUND('',#1695,.T.);
#1695 = EDGE_LOOP('',(#1696,#1697,#1698,#1699));
#1696 = ORIENTED_EDGE('',*,*,#1641,.F.);
#1697 = ORIENTED_EDGE('',*,*,#1400,.T.);
#1698 = ORIENTED_EDGE('',*,*,#1680,.T.);
#1699 = ORIENTED_EDGE('',*,*,#1514,.F.);
#1700 = PLANE('',#1701);
#1701 = AXIS2_PLACEMENT_3D('',#1702,#1703,#1704);
#1702 = CARTESIAN_POINT('',(1.0668E+03,-13.7,1.2192E+03));
#1703 = DIRECTION('',(1.,0.,0.));
#1704 = DIRECTION('',(0.,0.,1.));
#1705 = MANIFOLD_SOLID_BREP('',#1706);
#1706 = CLOSED_SHELL('',(#1707,#1747,#1810,#1834,#1890,#1907,#1924,#1941
    ,#1958,#1975));
#1707 = ADVANCED_FACE('',(#1708),#1742,.F.);
#1708 = FACE_BOUND('',#1709,.F.);
#1709 = EDGE_LOOP('',(#1710,#1720,#1728,#1736));
#1710 = ORIENTED_EDGE('',*,*,#1711,.F.);
#1711 = EDGE_CURVE('',#1712,#1714,#1716,.T.);
#1712 = VERTEX_POINT('',#1713);
#1713 = CARTESIAN_POINT('',(-12.7,6.3246E+03,0.));
#1714 = VERTEX_POINT('',#1715);
#1715 = CARTESIAN_POINT('',(-12.7,6.3246E+03,2.5019E+03));
#1716 = LINE('',#1717,#1718);
#1717 = CARTESIAN_POINT('',(-12.7,6.3246E+03,0.));
#1718 = VECTOR('',#1719,1.);
#1719 = DIRECTION('',(0.,0.,1.));
#1720 = ORIENTED_EDGE('',*,*,#1721,.T.);
#1721 = EDGE_CURVE('',#1712,#1722,#1724,.T.);
#1722 = VERTEX_POINT('',#1723);
#1723 = CARTESIAN_POINT('',(-12.7,6.3373E+03,0.));
#1724 = LINE('',#1725,#1726);
#1725 = CARTESIAN_POINT('',(-12.7,6.3246E+03,0.));
#1726 = VECTOR('',#1727,1.);
#1727 = DIRECTION('',(0.,1.,0.));
#1728 = ORIENTED_EDGE('',*,*,#1729,.T.);
#1729 = EDGE_CURVE('',#1722,#1730,#1732,.T.);
#1730 = VERTEX_POINT('',#1731);
#1731 = CARTESIAN_POINT('',(-12.7,6.3373E+03,2.5019E+03));
#1732 = LINE('',#1733,#1734);
#1733 = CARTESIAN_POINT('',(-12.7,6.3373E+03,0.));
#1734 = VECTOR('',#1735,1.);
#1735 = DIRECTION('',(0.,0.,1.));
#1736 = ORIENTED_EDGE('',*,*,#1737,.F.);
#1737 = EDGE_CURVE('',#1714,#1730,#1738,.T.);
#1738 = LINE('',#1739,#1740);
#1739 = CARTESIAN_POINT('',(-12.7,6.3246E+03,2.5019E+03));
#1740 = VECTOR('',#1741,1.);
#1741 = DIRECTION('',(0.,1.,0.));
#1742 = PLANE('',#1743);
#1743 = AXIS2_PLACEMENT_3D('',#1744,#1745,#1746);
#1744 = CARTESIAN_POINT('',(-12.7,6.3246E+03,0.));
#1745 = DIRECTION('',(1.,0.,0.));
#1746 = DIRECTION('',(0.,0.,1.));
#1747 = ADVANCED_FACE('',(#1748),#1805,.F.);
#1748 = FACE_BOUND('',#1749,.F.);
#1749 = EDGE_LOOP('',(#1750,#1758,#1759,#1767,#1775,#1783,#1791,#1799));
#1750 = ORIENTED_EDGE('',*,*,#1751,.F.);
#1751 = EDGE_CURVE('',#1712,#1752,#1754,.T.);
#1752 = VERTEX_POINT('',#1753);
#1753 = CARTESIAN_POINT('',(1.42875E+03,6.3246E+03,0.));
#1754 = LINE('',#1755,#1756);
#1755 = CARTESIAN_POINT('',(-12.7,6.3246E+03,0.));
#1756 = VECTOR('',#1757,1.);
#1757 = DIRECTION('',(1.,0.,0.));
#1758 = ORIENTED_EDGE('',*,*,#1711,.T.);
#1759 = ORIENTED_EDGE('',*,*,#1760,.T.);
#1760 = EDGE_CURVE('',#1714,#1761,#1763,.T.);
#1761 = VERTEX_POINT('',#1762);
#1762 = CARTESIAN_POINT('',(6.35E+03,6.3246E+03,2.5019E+03));
#1763 = LINE('',#1764,#1765);
#1764 = CARTESIAN_POINT('',(-12.7,6.3246E+03,2.5019E+03));
#1765 = VECTOR('',#1766,1.);
#1766 = DIRECTION('',(1.,0.,0.));
#1767 = ORIENTED_EDGE('',*,*,#1768,.F.);
#1768 = EDGE_CURVE('',#1769,#1761,#1771,.T.);
#1769 = VERTEX_POINT('',#1770);
#1770 = CARTESIAN_POINT('',(6.35E+03,6.3246E+03,0.));
#1771 = LINE('',#1772,#1773);
#1772 = CARTESIAN_POINT('',(6.35E+03,6.3246E+03,0.));
#1773 = VECTOR('',#1774,1.);
#1774 = DIRECTION('',(0.,0.,1.));
#1775 = ORIENTED_EDGE('',*,*,#1776,.F.);
#1776 = EDGE_CURVE('',#1777,#1769,#1779,.T.);
#1777 = VERTEX_POINT('',#1778);
#1778 = CARTESIAN_POINT('',(5.61975E+03,6.3246E+03,0.));
#1779 = LINE('',#1780,#1781);
#1780 = CARTESIAN_POINT('',(-12.7,6.3246E+03,0.));
#1781 = VECTOR('',#1782,1.);
#1782 = DIRECTION('',(1.,0.,0.));
#1783 = ORIENTED_EDGE('',*,*,#1784,.F.);
#1784 = EDGE_CURVE('',#1785,#1777,#1787,.T.);
#1785 = VERTEX_POINT('',#1786);
#1786 = CARTESIAN_POINT('',(5.61975E+03,6.3246E+03,2.1844E+03));
#1787 = LINE('',#1788,#1789);
#1788 = CARTESIAN_POINT('',(5.61975E+03,6.3246E+03,0.));
#1789 = VECTOR('',#1790,1.);
#1790 = DIRECTION('',(0.,0.,-1.));
#1791 = ORIENTED_EDGE('',*,*,#1792,.F.);
#1792 = EDGE_CURVE('',#1793,#1785,#1795,.T.);
#1793 = VERTEX_POINT('',#1794);
#1794 = CARTESIAN_POINT('',(1.42875E+03,6.3246E+03,2.1844E+03));
#1795 = LINE('',#1796,#1797);
#1796 = CARTESIAN_POINT('',(708.025,6.3246E+03,2.1844E+03));
#1797 = VECTOR('',#1798,1.);
#1798 = DIRECTION('',(1.,0.,0.));
#1799 = ORIENTED_EDGE('',*,*,#1800,.T.);
#1800 = EDGE_CURVE('',#1793,#1752,#1801,.T.);
#1801 = LINE('',#1802,#1803);
#1802 = CARTESIAN_POINT('',(1.42875E+03,6.3246E+03,0.));
#1803 = VECTOR('',#1804,1.);
#1804 = DIRECTION('',(0.,0.,-1.));
#1805 = PLANE('',#1806);
#1806 = AXIS2_PLACEMENT_3D('',#1807,#1808,#1809);
#1807 = CARTESIAN_POINT('',(-12.7,6.3246E+03,0.));
#1808 = DIRECTION('',(0.,1.,0.));
#1809 = DIRECTION('',(0.,0.,1.));
#1810 = ADVANCED_FACE('',(#1811),#1829,.T.);
#1811 = FACE_BOUND('',#1812,.T.);
#1812 = EDGE_LOOP('',(#1813,#1814,#1815,#1823));
#1813 = ORIENTED_EDGE('',*,*,#1737,.F.);
#1814 = ORIENTED_EDGE('',*,*,#1760,.T.);
#1815 = ORIENTED_EDGE('',*,*,#1816,.T.);
#1816 = EDGE_CURVE('',#1761,#1817,#1819,.T.);
#1817 = VERTEX_POINT('',#1818);
#1818 = CARTESIAN_POINT('',(6.35E+03,6.3373E+03,2.5019E+03));
#1819 = LINE('',#1820,#1821);
#1820 = CARTESIAN_POINT('',(6.35E+03,6.3246E+03,2.5019E+03));
#1821 = VECTOR('',#1822,1.);
#1822 = DIRECTION('',(0.,1.,0.));
#1823 = ORIENTED_EDGE('',*,*,#1824,.F.);
#1824 = EDGE_CURVE('',#1730,#1817,#1825,.T.);
#1825 = LINE('',#1826,#1827);
#1826 = CARTESIAN_POINT('',(-12.7,6.3373E+03,2.5019E+03));
#1827 = VECTOR('',#1828,1.);
#1828 = DIRECTION('',(1.,0.,0.));
#1829 = PLANE('',#1830);
#1830 = AXIS2_PLACEMENT_3D('',#1831,#1832,#1833);
#1831 = CARTESIAN_POINT('',(-12.7,6.3246E+03,2.5019E+03));
#1832 = DIRECTION('',(0.,0.,1.));
#1833 = DIRECTION('',(1.,0.,0.));
#1834 = ADVANCED_FACE('',(#1835),#1885,.T.);
#1835 = FACE_BOUND('',#1836,.T.);
#1836 = EDGE_LOOP('',(#1837,#1845,#1846,#1847,#1855,#1863,#1871,#1879));
#1837 = ORIENTED_EDGE('',*,*,#1838,.F.);
#1838 = EDGE_CURVE('',#1722,#1839,#1841,.T.);
#1839 = VERTEX_POINT('',#1840);
#1840 = CARTESIAN_POINT('',(1.42875E+03,6.3373E+03,0.));
#1841 = LINE('',#1842,#1843);
#1842 = CARTESIAN_POINT('',(-12.7,6.3373E+03,0.));
#1843 = VECTOR('',#1844,1.);
#1844 = DIRECTION('',(1.,0.,0.));
#1845 = ORIENTED_EDGE('',*,*,#1729,.T.);
#1846 = ORIENTED_EDGE('',*,*,#1824,.T.);
#1847 = ORIENTED_EDGE('',*,*,#1848,.F.);
#1848 = EDGE_CURVE('',#1849,#1817,#1851,.T.);
#1849 = VERTEX_POINT('',#1850);
#1850 = CARTESIAN_POINT('',(6.35E+03,6.3373E+03,0.));
#1851 = LINE('',#1852,#1853);
#1852 = CARTESIAN_POINT('',(6.35E+03,6.3373E+03,0.));
#1853 = VECTOR('',#1854,1.);
#1854 = DIRECTION('',(0.,0.,1.));
#1855 = ORIENTED_EDGE('',*,*,#1856,.F.);
#1856 = EDGE_CURVE('',#1857,#1849,#1859,.T.);
#1857 = VERTEX_POINT('',#1858);
#1858 = CARTESIAN_POINT('',(5.61975E+03,6.3373E+03,0.));
#1859 = LINE('',#1860,#1861);
#1860 = CARTESIAN_POINT('',(-12.7,6.3373E+03,0.));
#1861 = VECTOR('',#1862,1.);
#1862 = DIRECTION('',(1.,0.,0.));
#1863 = ORIENTED_EDGE('',*,*,#1864,.F.);
#1864 = EDGE_CURVE('',#1865,#1857,#1867,.T.);
#1865 = VERTEX_POINT('',#1866);
#1866 = CARTESIAN_POINT('',(5.61975E+03,6.3373E+03,2.1844E+03));
#1867 = LINE('',#1868,#1869);
#1868 = CARTESIAN_POINT('',(5.61975E+03,6.3373E+03,0.));
#1869 = VECTOR('',#1870,1.);
#1870 = DIRECTION('',(0.,0.,-1.));
#1871 = ORIENTED_EDGE('',*,*,#1872,.F.);
#1872 = EDGE_CURVE('',#1873,#1865,#1875,.T.);
#1873 = VERTEX_POINT('',#1874);
#1874 = CARTESIAN_POINT('',(1.42875E+03,6.3373E+03,2.1844E+03));
#1875 = LINE('',#1876,#1877);
#1876 = CARTESIAN_POINT('',(708.025,6.3373E+03,2.1844E+03));
#1877 = VECTOR('',#1878,1.);
#1878 = DIRECTION('',(1.,0.,0.));
#1879 = ORIENTED_EDGE('',*,*,#1880,.T.);
#1880 = EDGE_CURVE('',#1873,#1839,#1881,.T.);
#1881 = LINE('',#1882,#1883);
#1882 = CARTESIAN_POINT('',(1.42875E+03,6.3373E+03,0.));
#1883 = VECTOR('',#1884,1.);
#1884 = DIRECTION('',(0.,0.,-1.));
#1885 = PLANE('',#1886);
#1886 = AXIS2_PLACEMENT_3D('',#1887,#1888,#1889);
#1887 = CARTESIAN_POINT('',(-12.7,6.3373E+03,0.));
#1888 = DIRECTION('',(0.,1.,0.));
#1889 = DIRECTION('',(0.,0.,1.));
#1890 = ADVANCED_FACE('',(#1891),#1902,.F.);
#1891 = FACE_BOUND('',#1892,.F.);
#1892 = EDGE_LOOP('',(#1893,#1894,#1895,#1896));
#1893 = ORIENTED_EDGE('',*,*,#1838,.F.);
#1894 = ORIENTED_EDGE('',*,*,#1721,.F.);
#1895 = ORIENTED_EDGE('',*,*,#1751,.T.);
#1896 = ORIENTED_EDGE('',*,*,#1897,.T.);
#1897 = EDGE_CURVE('',#1752,#1839,#1898,.T.);
#1898 = LINE('',#1899,#1900);
#1899 = CARTESIAN_POINT('',(1.42875E+03,6.1712E+03,0.));
#1900 = VECTOR('',#1901,1.);
#1901 = DIRECTION('',(0.,1.,0.));
#1902 = PLANE('',#1903);
#1903 = AXIS2_PLACEMENT_3D('',#1904,#1905,#1906);
#1904 = CARTESIAN_POINT('',(-12.7,6.3246E+03,0.));
#1905 = DIRECTION('',(0.,0.,1.));
#1906 = DIRECTION('',(1.,0.,0.));
#1907 = ADVANCED_FACE('',(#1908),#1919,.T.);
#1908 = FACE_BOUND('',#1909,.T.);
#1909 = EDGE_LOOP('',(#1910,#1916,#1917,#1918));
#1910 = ORIENTED_EDGE('',*,*,#1911,.F.);
#1911 = EDGE_CURVE('',#1793,#1873,#1912,.T.);
#1912 = LINE('',#1913,#1914);
#1913 = CARTESIAN_POINT('',(1.42875E+03,6.1712E+03,2.1844E+03));
#1914 = VECTOR('',#1915,1.);
#1915 = DIRECTION('',(0.,1.,0.));
#1916 = ORIENTED_EDGE('',*,*,#1800,.T.);
#1917 = ORIENTED_EDGE('',*,*,#1897,.T.);
#1918 = ORIENTED_EDGE('',*,*,#1880,.F.);
#1919 = PLANE('',#1920);
#1920 = AXIS2_PLACEMENT_3D('',#1921,#1922,#1923);
#1921 = CARTESIAN_POINT('',(1.42875E+03,6.1712E+03,0.));
#1922 = DIRECTION('',(1.,0.,0.));
#1923 = DIRECTION('',(0.,0.,1.));
#1924 = ADVANCED_FACE('',(#1925),#1936,.F.);
#1925 = FACE_BOUND('',#1926,.F.);
#1926 = EDGE_LOOP('',(#1927,#1928,#1929,#1935));
#1927 = ORIENTED_EDGE('',*,*,#1911,.F.);
#1928 = ORIENTED_EDGE('',*,*,#1792,.T.);
#1929 = ORIENTED_EDGE('',*,*,#1930,.T.);
#1930 = EDGE_CURVE('',#1785,#1865,#1931,.T.);
#1931 = LINE('',#1932,#1933);
#1932 = CARTESIAN_POINT('',(5.61975E+03,6.1712E+03,2.1844E+03));
#1933 = VECTOR('',#1934,1.);
#1934 = DIRECTION('',(0.,1.,0.));
#1935 = ORIENTED_EDGE('',*,*,#1872,.F.);
#1936 = PLANE('',#1937);
#1937 = AXIS2_PLACEMENT_3D('',#1938,#1939,#1940);
#1938 = CARTESIAN_POINT('',(1.42875E+03,6.1712E+03,2.1844E+03));
#1939 = DIRECTION('',(0.,0.,1.));
#1940 = DIRECTION('',(1.,0.,0.));
#1941 = ADVANCED_FACE('',(#1942),#1953,.F.);
#1942 = FACE_BOUND('',#1943,.F.);
#1943 = EDGE_LOOP('',(#1944,#1945,#1946,#1952));
#1944 = ORIENTED_EDGE('',*,*,#1930,.F.);
#1945 = ORIENTED_EDGE('',*,*,#1784,.T.);
#1946 = ORIENTED_EDGE('',*,*,#1947,.T.);
#1947 = EDGE_CURVE('',#1777,#1857,#1948,.T.);
#1948 = LINE('',#1949,#1950);
#1949 = CARTESIAN_POINT('',(5.61975E+03,6.1712E+03,0.));
#1950 = VECTOR('',#1951,1.);
#1951 = DIRECTION('',(0.,1.,0.));
#1952 = ORIENTED_EDGE('',*,*,#1864,.F.);
#1953 = PLANE('',#1954);
#1954 = AXIS2_PLACEMENT_3D('',#1955,#1956,#1957);
#1955 = CARTESIAN_POINT('',(5.61975E+03,6.1712E+03,0.));
#1956 = DIRECTION('',(1.,0.,0.));
#1957 = DIRECTION('',(0.,0.,1.));
#1958 = ADVANCED_FACE('',(#1959),#1970,.F.);
#1959 = FACE_BOUND('',#1960,.F.);
#1960 = EDGE_LOOP('',(#1961,#1962,#1963,#1964));
#1961 = ORIENTED_EDGE('',*,*,#1856,.F.);
#1962 = ORIENTED_EDGE('',*,*,#1947,.F.);
#1963 = ORIENTED_EDGE('',*,*,#1776,.T.);
#1964 = ORIENTED_EDGE('',*,*,#1965,.T.);
#1965 = EDGE_CURVE('',#1769,#1849,#1966,.T.);
#1966 = LINE('',#1967,#1968);
#1967 = CARTESIAN_POINT('',(6.35E+03,6.3246E+03,0.));
#1968 = VECTOR('',#1969,1.);
#1969 = DIRECTION('',(0.,1.,0.));
#1970 = PLANE('',#1971);
#1971 = AXIS2_PLACEMENT_3D('',#1972,#1973,#1974);
#1972 = CARTESIAN_POINT('',(-12.7,6.3246E+03,0.));
#1973 = DIRECTION('',(0.,0.,1.));
#1974 = DIRECTION('',(1.,0.,0.));
#1975 = ADVANCED_FACE('',(#1976),#1982,.T.);
#1976 = FACE_BOUND('',#1977,.T.);
#1977 = EDGE_LOOP('',(#1978,#1979,#1980,#1981));
#1978 = ORIENTED_EDGE('',*,*,#1768,.F.);
#1979 = ORIENTED_EDGE('',*,*,#1965,.T.);
#1980 = ORIENTED_EDGE('',*,*,#1848,.T.);
#1981 = ORIENTED_EDGE('',*,*,#1816,.F.);
#1982 = PLANE('',#1983);
#1983 = AXIS2_PLACEMENT_3D('',#1984,#1985,#1986);
#1984 = CARTESIAN_POINT('',(6.35E+03,6.3246E+03,0.));
#1985 = DIRECTION('',(1.,0.,0.));
#1986 = DIRECTION('',(0.,0.,1.));
#1987 = MANIFOLD_SOLID_BREP('',#1988);
#1988 = CLOSED_SHELL('',(#1989,#2097,#2128,#2152,#2176,#2193,#2224,#2248
    ,#2272,#2289,#2320,#2344,#2368,#2385));
#1989 = ADVANCED_FACE('',(#1990,#2024,#2058),#2092,.F.);
#1990 = FACE_BOUND('',#1991,.F.);
#1991 = EDGE_LOOP('',(#1992,#2002,#2010,#2018));
#1992 = ORIENTED_EDGE('',*,*,#1993,.F.);
#1993 = EDGE_CURVE('',#1994,#1996,#1998,.T.);
#1994 = VERTEX_POINT('',#1995);
#1995 = CARTESIAN_POINT('',(-12.7,0.,0.));
#1996 = VERTEX_POINT('',#1997);
#1997 = CARTESIAN_POINT('',(-12.7,0.,2.5019E+03));
#1998 = LINE('',#1999,#2000);
#1999 = CARTESIAN_POINT('',(-12.7,0.,0.));
#2000 = VECTOR('',#2001,1.);
#2001 = DIRECTION('',(0.,0.,1.));
#2002 = ORIENTED_EDGE('',*,*,#2003,.T.);
#2003 = EDGE_CURVE('',#1994,#2004,#2006,.T.);
#2004 = VERTEX_POINT('',#2005);
#2005 = CARTESIAN_POINT('',(-12.7,6.3246E+03,0.));
#2006 = LINE('',#2007,#2008);
#2007 = CARTESIAN_POINT('',(-12.7,0.,0.));
#2008 = VECTOR('',#2009,1.);
#2009 = DIRECTION('',(0.,1.,0.));
#2010 = ORIENTED_EDGE('',*,*,#2011,.T.);
#2011 = EDGE_CURVE('',#2004,#2012,#2014,.T.);
#2012 = VERTEX_POINT('',#2013);
#2013 = CARTESIAN_POINT('',(-12.7,6.3246E+03,2.5019E+03));
#2014 = LINE('',#2015,#2016);
#2015 = CARTESIAN_POINT('',(-12.7,6.3246E+03,0.));
#2016 = VECTOR('',#2017,1.);
#2017 = DIRECTION('',(0.,0.,1.));
#2018 = ORIENTED_EDGE('',*,*,#2019,.F.);
#2019 = EDGE_CURVE('',#1996,#2012,#2020,.T.);
#2020 = LINE('',#2021,#2022);
#2021 = CARTESIAN_POINT('',(-12.7,0.,2.5019E+03));
#2022 = VECTOR('',#2023,1.);
#2023 = DIRECTION('',(0.,1.,0.));
#2024 = FACE_BOUND('',#2025,.F.);
#2025 = EDGE_LOOP('',(#2026,#2036,#2044,#2052));
#2026 = ORIENTED_EDGE('',*,*,#2027,.T.);
#2027 = EDGE_CURVE('',#2028,#2030,#2032,.T.);
#2028 = VERTEX_POINT('',#2029);
#2029 = CARTESIAN_POINT('',(-12.7,4.6228E+03,1.2192E+03));
#2030 = VERTEX_POINT('',#2031);
#2031 = CARTESIAN_POINT('',(-12.7,3.89255E+03,1.2192E+03));
#2032 = LINE('',#2033,#2034);
#2033 = CARTESIAN_POINT('',(-12.7,1.946275E+03,1.2192E+03));
#2034 = VECTOR('',#2035,1.);
#2035 = DIRECTION('',(0.,-1.,0.));
#2036 = ORIENTED_EDGE('',*,*,#2037,.T.);
#2037 = EDGE_CURVE('',#2030,#2038,#2040,.T.);
#2038 = VERTEX_POINT('',#2039);
#2039 = CARTESIAN_POINT('',(-12.7,3.89255E+03,1.8288E+03));
#2040 = LINE('',#2041,#2042);
#2041 = CARTESIAN_POINT('',(-12.7,3.89255E+03,609.6));
#2042 = VECTOR('',#2043,1.);
#2043 = DIRECTION('',(0.,0.,1.));
#2044 = ORIENTED_EDGE('',*,*,#2045,.F.);
#2045 = EDGE_CURVE('',#2046,#2038,#2048,.T.);
#2046 = VERTEX_POINT('',#2047);
#2047 = CARTESIAN_POINT('',(-12.7,4.6228E+03,1.8288E+03));
#2048 = LINE('',#2049,#2050);
#2049 = CARTESIAN_POINT('',(-12.7,1.946275E+03,1.8288E+03));
#2050 = VECTOR('',#2051,1.);
#2051 = DIRECTION('',(0.,-1.,0.));
#2052 = ORIENTED_EDGE('',*,*,#2053,.F.);
#2053 = EDGE_CURVE('',#2028,#2046,#2054,.T.);
#2054 = LINE('',#2055,#2056);
#2055 = CARTESIAN_POINT('',(-12.7,4.6228E+03,609.6));
#2056 = VECTOR('',#2057,1.);
#2057 = DIRECTION('',(0.,0.,1.));
#2058 = FACE_BOUND('',#2059,.F.);
#2059 = EDGE_LOOP('',(#2060,#2070,#2078,#2086));
#2060 = ORIENTED_EDGE('',*,*,#2061,.T.);
#2061 = EDGE_CURVE('',#2062,#2064,#2066,.T.);
#2062 = VERTEX_POINT('',#2063);
#2063 = CARTESIAN_POINT('',(-12.7,2.5781E+03,1.2192E+03));
#2064 = VERTEX_POINT('',#2065);
#2065 = CARTESIAN_POINT('',(-12.7,1.8542E+03,1.2192E+03));
#2066 = LINE('',#2067,#2068);
#2067 = CARTESIAN_POINT('',(-12.7,927.1,1.2192E+03));
#2068 = VECTOR('',#2069,1.);
#2069 = DIRECTION('',(0.,-1.,0.));
#2070 = ORIENTED_EDGE('',*,*,#2071,.T.);
#2071 = EDGE_CURVE('',#2064,#2072,#2074,.T.);
#2072 = VERTEX_POINT('',#2073);
#2073 = CARTESIAN_POINT('',(-12.7,1.8542E+03,1.8288E+03));
#2074 = LINE('',#2075,#2076);
#2075 = CARTESIAN_POINT('',(-12.7,1.8542E+03,609.6));
#2076 = VECTOR('',#2077,1.);
#2077 = DIRECTION('',(0.,0.,1.));
#2078 = ORIENTED_EDGE('',*,*,#2079,.F.);
#2079 = EDGE_CURVE('',#2080,#2072,#2082,.T.);
#2080 = VERTEX_POINT('',#2081);
#2081 = CARTESIAN_POINT('',(-12.7,2.5781E+03,1.8288E+03));
#2082 = LINE('',#2083,#2084);
#2083 = CARTESIAN_POINT('',(-12.7,927.1,1.8288E+03));
#2084 = VECTOR('',#2085,1.);
#2085 = DIRECTION('',(0.,-1.,0.));
#2086 = ORIENTED_EDGE('',*,*,#2087,.F.);
#2087 = EDGE_CURVE('',#2062,#2080,#2088,.T.);
#2088 = LINE('',#2089,#2090);
#2089 = CARTESIAN_POINT('',(-12.7,2.5781E+03,609.6));
#2090 = VECTOR('',#2091,1.);
#2091 = DIRECTION('',(0.,0.,1.));
#2092 = PLANE('',#2093);
#2093 = AXIS2_PLACEMENT_3D('',#2094,#2095,#2096);
#2094 = CARTESIAN_POINT('',(-12.7,0.,0.));
#2095 = DIRECTION('',(1.,0.,0.));
#2096 = DIRECTION('',(0.,0.,1.));
#2097 = ADVANCED_FACE('',(#2098),#2123,.F.);
#2098 = FACE_BOUND('',#2099,.F.);
#2099 = EDGE_LOOP('',(#2100,#2108,#2109,#2117));
#2100 = ORIENTED_EDGE('',*,*,#2101,.F.);
#2101 = EDGE_CURVE('',#1994,#2102,#2104,.T.);
#2102 = VERTEX_POINT('',#2103);
#2103 = CARTESIAN_POINT('',(0.,0.,0.));
#2104 = LINE('',#2105,#2106);
#2105 = CARTESIAN_POINT('',(-12.7,0.,0.));
#2106 = VECTOR('',#2107,1.);
#2107 = DIRECTION('',(1.,0.,0.));
#2108 = ORIENTED_EDGE('',*,*,#1993,.T.);
#2109 = ORIENTED_EDGE('',*,*,#2110,.T.);
#2110 = EDGE_CURVE('',#1996,#2111,#2113,.T.);
#2111 = VERTEX_POINT('',#2112);
#2112 = CARTESIAN_POINT('',(0.,0.,2.5019E+03));
#2113 = LINE('',#2114,#2115);
#2114 = CARTESIAN_POINT('',(-12.7,0.,2.5019E+03));
#2115 = VECTOR('',#2116,1.);
#2116 = DIRECTION('',(1.,0.,0.));
#2117 = ORIENTED_EDGE('',*,*,#2118,.F.);
#2118 = EDGE_CURVE('',#2102,#2111,#2119,.T.);
#2119 = LINE('',#2120,#2121);
#2120 = CARTESIAN_POINT('',(0.,0.,0.));
#2121 = VECTOR('',#2122,1.);
#2122 = DIRECTION('',(0.,0.,1.));
#2123 = PLANE('',#2124);
#2124 = AXIS2_PLACEMENT_3D('',#2125,#2126,#2127);
#2125 = CARTESIAN_POINT('',(-12.7,0.,0.));
#2126 = DIRECTION('',(0.,1.,0.));
#2127 = DIRECTION('',(0.,0.,1.));
#2128 = ADVANCED_FACE('',(#2129),#2147,.T.);
#2129 = FACE_BOUND('',#2130,.T.);
#2130 = EDGE_LOOP('',(#2131,#2132,#2133,#2141));
#2131 = ORIENTED_EDGE('',*,*,#2019,.F.);
#2132 = ORIENTED_EDGE('',*,*,#2110,.T.);
#2133 = ORIENTED_EDGE('',*,*,#2134,.T.);
#2134 = EDGE_CURVE('',#2111,#2135,#2137,.T.);
#2135 = VERTEX_POINT('',#2136);
#2136 = CARTESIAN_POINT('',(0.,6.3246E+03,2.5019E+03));
#2137 = LINE('',#2138,#2139);
#2138 = CARTESIAN_POINT('',(0.,0.,2.5019E+03));
#2139 = VECTOR('',#2140,1.);
#2140 = DIRECTION('',(0.,1.,0.));
#2141 = ORIENTED_EDGE('',*,*,#2142,.F.);
#2142 = EDGE_CURVE('',#2012,#2135,#2143,.T.);
#2143 = LINE('',#2144,#2145);
#2144 = CARTESIAN_POINT('',(-12.7,6.3246E+03,2.5019E+03));
#2145 = VECTOR('',#2146,1.);
#2146 = DIRECTION('',(1.,0.,0.));
#2147 = PLANE('',#2148);
#2148 = AXIS2_PLACEMENT_3D('',#2149,#2150,#2151);
#2149 = CARTESIAN_POINT('',(-12.7,0.,2.5019E+03));
#2150 = DIRECTION('',(0.,0.,1.));
#2151 = DIRECTION('',(1.,0.,0.));
#2152 = ADVANCED_FACE('',(#2153),#2171,.F.);
#2153 = FACE_BOUND('',#2154,.F.);
#2154 = EDGE_LOOP('',(#2155,#2156,#2157,#2165));
#2155 = ORIENTED_EDGE('',*,*,#2003,.F.);
#2156 = ORIENTED_EDGE('',*,*,#2101,.T.);
#2157 = ORIENTED_EDGE('',*,*,#2158,.T.);
#2158 = EDGE_CURVE('',#2102,#2159,#2161,.T.);
#2159 = VERTEX_POINT('',#2160);
#2160 = CARTESIAN_POINT('',(0.,6.3246E+03,0.));
#2161 = LINE('',#2162,#2163);
#2162 = CARTESIAN_POINT('',(0.,0.,0.));
#2163 = VECTOR('',#2164,1.);
#2164 = DIRECTION('',(0.,1.,0.));
#2165 = ORIENTED_EDGE('',*,*,#2166,.F.);
#2166 = EDGE_CURVE('',#2004,#2159,#2167,.T.);
#2167 = LINE('',#2168,#2169);
#2168 = CARTESIAN_POINT('',(-12.7,6.3246E+03,0.));
#2169 = VECTOR('',#2170,1.);
#2170 = DIRECTION('',(1.,0.,0.));
#2171 = PLANE('',#2172);
#2172 = AXIS2_PLACEMENT_3D('',#2173,#2174,#2175);
#2173 = CARTESIAN_POINT('',(-12.7,0.,0.));
#2174 = DIRECTION('',(0.,0.,1.));
#2175 = DIRECTION('',(1.,0.,0.));
#2176 = ADVANCED_FACE('',(#2177),#2188,.T.);
#2177 = FACE_BOUND('',#2178,.T.);
#2178 = EDGE_LOOP('',(#2179,#2180,#2181,#2182));
#2179 = ORIENTED_EDGE('',*,*,#2166,.F.);
#2180 = ORIENTED_EDGE('',*,*,#2011,.T.);
#2181 = ORIENTED_EDGE('',*,*,#2142,.T.);
#2182 = ORIENTED_EDGE('',*,*,#2183,.F.);
#2183 = EDGE_CURVE('',#2159,#2135,#2184,.T.);
#2184 = LINE('',#2185,#2186);
#2185 = CARTESIAN_POINT('',(0.,6.3246E+03,0.));
#2186 = VECTOR('',#2187,1.);
#2187 = DIRECTION('',(0.,0.,1.));
#2188 = PLANE('',#2189);
#2189 = AXIS2_PLACEMENT_3D('',#2190,#2191,#2192);
#2190 = CARTESIAN_POINT('',(-12.7,6.3246E+03,0.));
#2191 = DIRECTION('',(0.,1.,0.));
#2192 = DIRECTION('',(0.,0.,1.));
#2193 = ADVANCED_FACE('',(#2194),#2219,.T.);
#2194 = FACE_BOUND('',#2195,.T.);
#2195 = EDGE_LOOP('',(#2196,#2204,#2205,#2213));
#2196 = ORIENTED_EDGE('',*,*,#2197,.F.);
#2197 = EDGE_CURVE('',#2028,#2198,#2200,.T.);
#2198 = VERTEX_POINT('',#2199);
#2199 = CARTESIAN_POINT('',(0.,4.6228E+03,1.2192E+03));
#2200 = LINE('',#2201,#2202);
#2201 = CARTESIAN_POINT('',(-13.7,4.6228E+03,1.2192E+03));
#2202 = VECTOR('',#2203,1.);
#2203 = DIRECTION('',(1.,0.,0.));
#2204 = ORIENTED_EDGE('',*,*,#2027,.T.);
#2205 = ORIENTED_EDGE('',*,*,#2206,.T.);
#2206 = EDGE_CURVE('',#2030,#2207,#2209,.T.);
#2207 = VERTEX_POINT('',#2208);
#2208 = CARTESIAN_POINT('',(0.,3.89255E+03,1.2192E+03));
#2209 = LINE('',#2210,#2211);
#2210 = CARTESIAN_POINT('',(-13.7,3.89255E+03,1.2192E+03));
#2211 = VECTOR('',#2212,1.);
#2212 = DIRECTION('',(1.,0.,0.));
#2213 = ORIENTED_EDGE('',*,*,#2214,.F.);
#2214 = EDGE_CURVE('',#2198,#2207,#2215,.T.);
#2215 = LINE('',#2216,#2217);
#2216 = CARTESIAN_POINT('',(0.,1.946275E+03,1.2192E+03));
#2217 = VECTOR('',#2218,1.);
#2218 = DIRECTION('',(0.,-1.,0.));
#2219 = PLANE('',#2220);
#2220 = AXIS2_PLACEMENT_3D('',#2221,#2222,#2223);
#2221 = CARTESIAN_POINT('',(-13.7,3.89255E+03,1.2192E+03));
#2222 = DIRECTION('',(0.,0.,1.));
#2223 = DIRECTION('',(1.,0.,0.));
#2224 = ADVANCED_FACE('',(#2225),#2243,.F.);
#2225 = FACE_BOUND('',#2226,.F.);
#2226 = EDGE_LOOP('',(#2227,#2228,#2229,#2237));
#2227 = ORIENTED_EDGE('',*,*,#2197,.F.);
#2228 = ORIENTED_EDGE('',*,*,#2053,.T.);
#2229 = ORIENTED_EDGE('',*,*,#2230,.T.);
#2230 = EDGE_CURVE('',#2046,#2231,#2233,.T.);
#2231 = VERTEX_POINT('',#2232);
#2232 = CARTESIAN_POINT('',(0.,4.6228E+03,1.8288E+03));
#2233 = LINE('',#2234,#2235);
#2234 = CARTESIAN_POINT('',(-13.7,4.6228E+03,1.8288E+03));
#2235 = VECTOR('',#2236,1.);
#2236 = DIRECTION('',(1.,0.,0.));
#2237 = ORIENTED_EDGE('',*,*,#2238,.F.);
#2238 = EDGE_CURVE('',#2198,#2231,#2239,.T.);
#2239 = LINE('',#2240,#2241);
#2240 = CARTESIAN_POINT('',(0.,4.6228E+03,609.6));
#2241 = VECTOR('',#2242,1.);
#2242 = DIRECTION('',(0.,0.,1.));
#2243 = PLANE('',#2244);
#2244 = AXIS2_PLACEMENT_3D('',#2245,#2246,#2247);
#2245 = CARTESIAN_POINT('',(-13.7,4.6228E+03,1.2192E+03));
#2246 = DIRECTION('',(0.,1.,0.));
#2247 = DIRECTION('',(0.,0.,1.));
#2248 = ADVANCED_FACE('',(#2249),#2267,.F.);
#2249 = FACE_BOUND('',#2250,.F.);
#2250 = EDGE_LOOP('',(#2251,#2252,#2253,#2261));
#2251 = ORIENTED_EDGE('',*,*,#2230,.F.);
#2252 = ORIENTED_EDGE('',*,*,#2045,.T.);
#2253 = ORIENTED_EDGE('',*,*,#2254,.T.);
#2254 = EDGE_CURVE('',#2038,#2255,#2257,.T.);
#2255 = VERTEX_POINT('',#2256);
#2256 = CARTESIAN_POINT('',(0.,3.89255E+03,1.8288E+03));
#2257 = LINE('',#2258,#2259);
#2258 = CARTESIAN_POINT('',(-13.7,3.89255E+03,1.8288E+03));
#2259 = VECTOR('',#2260,1.);
#2260 = DIRECTION('',(1.,0.,0.));
#2261 = ORIENTED_EDGE('',*,*,#2262,.F.);
#2262 = EDGE_CURVE('',#2231,#2255,#2263,.T.);
#2263 = LINE('',#2264,#2265);
#2264 = CARTESIAN_POINT('',(0.,1.946275E+03,1.8288E+03));
#2265 = VECTOR('',#2266,1.);
#2266 = DIRECTION('',(0.,-1.,0.));
#2267 = PLANE('',#2268);
#2268 = AXIS2_PLACEMENT_3D('',#2269,#2270,#2271);
#2269 = CARTESIAN_POINT('',(-13.7,3.89255E+03,1.8288E+03));
#2270 = DIRECTION('',(0.,0.,1.));
#2271 = DIRECTION('',(1.,0.,0.));
#2272 = ADVANCED_FACE('',(#2273),#2284,.T.);
#2273 = FACE_BOUND('',#2274,.T.);
#2274 = EDGE_LOOP('',(#2275,#2276,#2277,#2278));
#2275 = ORIENTED_EDGE('',*,*,#2206,.F.);
#2276 = ORIENTED_EDGE('',*,*,#2037,.T.);
#2277 = ORIENTED_EDGE('',*,*,#2254,.T.);
#2278 = ORIENTED_EDGE('',*,*,#2279,.F.);
#2279 = EDGE_CURVE('',#2207,#2255,#2280,.T.);
#2280 = LINE('',#2281,#2282);
#2281 = CARTESIAN_POINT('',(0.,3.89255E+03,609.6));
#2282 = VECTOR('',#2283,1.);
#2283 = DIRECTION('',(0.,0.,1.));
#2284 = PLANE('',#2285);
#2285 = AXIS2_PLACEMENT_3D('',#2286,#2287,#2288);
#2286 = CARTESIAN_POINT('',(-13.7,3.89255E+03,1.2192E+03));
#2287 = DIRECTION('',(0.,1.,0.));
#2288 = DIRECTION('',(0.,0.,1.));
#2289 = ADVANCED_FACE('',(#2290),#2315,.T.);
#2290 = FACE_BOUND('',#2291,.T.);
#2291 = EDGE_LOOP('',(#2292,#2300,#2301,#2309));
#2292 = ORIENTED_EDGE('',*,*,#2293,.F.);
#2293 = EDGE_CURVE('',#2062,#2294,#2296,.T.);
#2294 = VERTEX_POINT('',#2295);
#2295 = CARTESIAN_POINT('',(0.,2.5781E+03,1.2192E+03));
#2296 = LINE('',#2297,#2298);
#2297 = CARTESIAN_POINT('',(-13.7,2.5781E+03,1.2192E+03));
#2298 = VECTOR('',#2299,1.);
#2299 = DIRECTION('',(1.,0.,0.));
#2300 = ORIENTED_EDGE('',*,*,#2061,.T.);
#2301 = ORIENTED_EDGE('',*,*,#2302,.T.);
#2302 = EDGE_CURVE('',#2064,#2303,#2305,.T.);
#2303 = VERTEX_POINT('',#2304);
#2304 = CARTESIAN_POINT('',(0.,1.8542E+03,1.2192E+03));
#2305 = LINE('',#2306,#2307);
#2306 = CARTESIAN_POINT('',(-13.7,1.8542E+03,1.2192E+03));
#2307 = VECTOR('',#2308,1.);
#2308 = DIRECTION('',(1.,0.,0.));
#2309 = ORIENTED_EDGE('',*,*,#2310,.F.);
#2310 = EDGE_CURVE('',#2294,#2303,#2311,.T.);
#2311 = LINE('',#2312,#2313);
#2312 = CARTESIAN_POINT('',(0.,927.1,1.2192E+03));
#2313 = VECTOR('',#2314,1.);
#2314 = DIRECTION('',(0.,-1.,0.));
#2315 = PLANE('',#2316);
#2316 = AXIS2_PLACEMENT_3D('',#2317,#2318,#2319);
#2317 = CARTESIAN_POINT('',(-13.7,1.8542E+03,1.2192E+03));
#2318 = DIRECTION('',(0.,0.,1.));
#2319 = DIRECTION('',(1.,0.,0.));
#2320 = ADVANCED_FACE('',(#2321),#2339,.F.);
#2321 = FACE_BOUND('',#2322,.F.);
#2322 = EDGE_LOOP('',(#2323,#2324,#2325,#2333));
#2323 = ORIENTED_EDGE('',*,*,#2293,.F.);
#2324 = ORIENTED_EDGE('',*,*,#2087,.T.);
#2325 = ORIENTED_EDGE('',*,*,#2326,.T.);
#2326 = EDGE_CURVE('',#2080,#2327,#2329,.T.);
#2327 = VERTEX_POINT('',#2328);
#2328 = CARTESIAN_POINT('',(0.,2.5781E+03,1.8288E+03));
#2329 = LINE('',#2330,#2331);
#2330 = CARTESIAN_POINT('',(-13.7,2.5781E+03,1.8288E+03));
#2331 = VECTOR('',#2332,1.);
#2332 = DIRECTION('',(1.,0.,0.));
#2333 = ORIENTED_EDGE('',*,*,#2334,.F.);
#2334 = EDGE_CURVE('',#2294,#2327,#2335,.T.);
#2335 = LINE('',#2336,#2337);
#2336 = CARTESIAN_POINT('',(0.,2.5781E+03,609.6));
#2337 = VECTOR('',#2338,1.);
#2338 = DIRECTION('',(0.,0.,1.));
#2339 = PLANE('',#2340);
#2340 = AXIS2_PLACEMENT_3D('',#2341,#2342,#2343);
#2341 = CARTESIAN_POINT('',(-13.7,2.5781E+03,1.2192E+03));
#2342 = DIRECTION('',(0.,1.,0.));
#2343 = DIRECTION('',(0.,0.,1.));
#2344 = ADVANCED_FACE('',(#2345),#2363,.T.);
#2345 = FACE_BOUND('',#2346,.T.);
#2346 = EDGE_LOOP('',(#2347,#2348,#2349,#2357));
#2347 = ORIENTED_EDGE('',*,*,#2302,.F.);
#2348 = ORIENTED_EDGE('',*,*,#2071,.T.);
#2349 = ORIENTED_EDGE('',*,*,#2350,.T.);
#2350 = EDGE_CURVE('',#2072,#2351,#2353,.T.);
#2351 = VERTEX_POINT('',#2352);
#2352 = CARTESIAN_POINT('',(0.,1.8542E+03,1.8288E+03));
#2353 = LINE('',#2354,#2355);
#2354 = CARTESIAN_POINT('',(-13.7,1.8542E+03,1.8288E+03));
#2355 = VECTOR('',#2356,1.);
#2356 = DIRECTION('',(1.,0.,0.));
#2357 = ORIENTED_EDGE('',*,*,#2358,.F.);
#2358 = EDGE_CURVE('',#2303,#2351,#2359,.T.);
#2359 = LINE('',#2360,#2361);
#2360 = CARTESIAN_POINT('',(0.,1.8542E+03,609.6));
#2361 = VECTOR('',#2362,1.);
#2362 = DIRECTION('',(0.,0.,1.));
#2363 = PLANE('',#2364);
#2364 = AXIS2_PLACEMENT_3D('',#2365,#2366,#2367);
#2365 = CARTESIAN_POINT('',(-13.7,1.8542E+03,1.2192E+03));
#2366 = DIRECTION('',(0.,1.,0.));
#2367 = DIRECTION('',(0.,0.,1.));
#2368 = ADVANCED_FACE('',(#2369),#2380,.F.);
#2369 = FACE_BOUND('',#2370,.F.);
#2370 = EDGE_LOOP('',(#2371,#2372,#2373,#2374));
#2371 = ORIENTED_EDGE('',*,*,#2326,.F.);
#2372 = ORIENTED_EDGE('',*,*,#2079,.T.);
#2373 = ORIENTED_EDGE('',*,*,#2350,.T.);
#2374 = ORIENTED_EDGE('',*,*,#2375,.F.);
#2375 = EDGE_CURVE('',#2327,#2351,#2376,.T.);
#2376 = LINE('',#2377,#2378);
#2377 = CARTESIAN_POINT('',(0.,927.1,1.8288E+03));
#2378 = VECTOR('',#2379,1.);
#2379 = DIRECTION('',(0.,-1.,0.));
#2380 = PLANE('',#2381);
#2381 = AXIS2_PLACEMENT_3D('',#2382,#2383,#2384);
#2382 = CARTESIAN_POINT('',(-13.7,1.8542E+03,1.8288E+03));
#2383 = DIRECTION('',(0.,0.,1.));
#2384 = DIRECTION('',(1.,0.,0.));
#2385 = ADVANCED_FACE('',(#2386,#2392,#2398),#2404,.T.);
#2386 = FACE_BOUND('',#2387,.T.);
#2387 = EDGE_LOOP('',(#2388,#2389,#2390,#2391));
#2388 = ORIENTED_EDGE('',*,*,#2118,.F.);
#2389 = ORIENTED_EDGE('',*,*,#2158,.T.);
#2390 = ORIENTED_EDGE('',*,*,#2183,.T.);
#2391 = ORIENTED_EDGE('',*,*,#2134,.F.);
#2392 = FACE_BOUND('',#2393,.T.);
#2393 = EDGE_LOOP('',(#2394,#2395,#2396,#2397));
#2394 = ORIENTED_EDGE('',*,*,#2214,.T.);
#2395 = ORIENTED_EDGE('',*,*,#2279,.T.);
#2396 = ORIENTED_EDGE('',*,*,#2262,.F.);
#2397 = ORIENTED_EDGE('',*,*,#2238,.F.);
#2398 = FACE_BOUND('',#2399,.T.);
#2399 = EDGE_LOOP('',(#2400,#2401,#2402,#2403));
#2400 = ORIENTED_EDGE('',*,*,#2310,.T.);
#2401 = ORIENTED_EDGE('',*,*,#2358,.T.);
#2402 = ORIENTED_EDGE('',*,*,#2375,.F.);
#2403 = ORIENTED_EDGE('',*,*,#2334,.F.);
#2404 = PLANE('',#2405);
#2405 = AXIS2_PLACEMENT_3D('',#2406,#2407,#2408);
#2406 = CARTESIAN_POINT('',(0.,0.,0.));
#2407 = DIRECTION('',(1.,0.,0.));
#2408 = DIRECTION('',(0.,0.,1.));
#2409 = MANIFOLD_SOLID_BREP('',#2410);
#2410 = CLOSED_SHELL('',(#2411,#2451,#2491,#2513,#2535,#2547));
#2411 = ADVANCED_FACE('',(#2412),#2446,.F.);
#2412 = FACE_BOUND('',#2413,.F.);
#2413 = EDGE_LOOP('',(#2414,#2424,#2432,#2440));
#2414 = ORIENTED_EDGE('',*,*,#2415,.F.);
#2415 = EDGE_CURVE('',#2416,#2418,#2420,.T.);
#2416 = VERTEX_POINT('',#2417);
#2417 = CARTESIAN_POINT('',(6.3373E+03,0.,0.));
#2418 = VERTEX_POINT('',#2419);
#2419 = CARTESIAN_POINT('',(6.3373E+03,0.,2.5019E+03));
#2420 = LINE('',#2421,#2422);
#2421 = CARTESIAN_POINT('',(6.3373E+03,0.,0.));
#2422 = VECTOR('',#2423,1.);
#2423 = DIRECTION('',(0.,0.,1.));
#2424 = ORIENTED_EDGE('',*,*,#2425,.T.);
#2425 = EDGE_CURVE('',#2416,#2426,#2428,.T.);
#2426 = VERTEX_POINT('',#2427);
#2427 = CARTESIAN_POINT('',(6.3373E+03,6.3246E+03,0.));
#2428 = LINE('',#2429,#2430);
#2429 = CARTESIAN_POINT('',(6.3373E+03,0.,0.));
#2430 = VECTOR('',#2431,1.);
#2431 = DIRECTION('',(0.,1.,0.));
#2432 = ORIENTED_EDGE('',*,*,#2433,.T.);
#2433 = EDGE_CURVE('',#2426,#2434,#2436,.T.);
#2434 = VERTEX_POINT('',#2435);
#2435 = CARTESIAN_POINT('',(6.3373E+03,6.3246E+03,2.5019E+03));
#2436 = LINE('',#2437,#2438);
#2437 = CARTESIAN_POINT('',(6.3373E+03,6.3246E+03,0.));
#2438 = VECTOR('',#2439,1.);
#2439 = DIRECTION('',(0.,0.,1.));
#2440 = ORIENTED_EDGE('',*,*,#2441,.F.);
#2441 = EDGE_CURVE('',#2418,#2434,#2442,.T.);
#2442 = LINE('',#2443,#2444);
#2443 = CARTESIAN_POINT('',(6.3373E+03,0.,2.5019E+03));
#2444 = VECTOR('',#2445,1.);
#2445 = DIRECTION('',(0.,1.,0.));
#2446 = PLANE('',#2447);
#2447 = AXIS2_PLACEMENT_3D('',#2448,#2449,#2450);
#2448 = CARTESIAN_POINT('',(6.3373E+03,0.,0.));
#2449 = DIRECTION('',(1.,0.,0.));
#2450 = DIRECTION('',(0.,0.,1.));
#2451 = ADVANCED_FACE('',(#2452),#2486,.T.);
#2452 = FACE_BOUND('',#2453,.T.);
#2453 = EDGE_LOOP('',(#2454,#2464,#2472,#2480));
#2454 = ORIENTED_EDGE('',*,*,#2455,.F.);
#2455 = EDGE_CURVE('',#2456,#2458,#2460,.T.);
#2456 = VERTEX_POINT('',#2457);
#2457 = CARTESIAN_POINT('',(6.35E+03,0.,0.));
#2458 = VERTEX_POINT('',#2459);
#2459 = CARTESIAN_POINT('',(6.35E+03,0.,2.5019E+03));
#2460 = LINE('',#2461,#2462);
#2461 = CARTESIAN_POINT('',(6.35E+03,0.,0.));
#2462 = VECTOR('',#2463,1.);
#2463 = DIRECTION('',(0.,0.,1.));
#2464 = ORIENTED_EDGE('',*,*,#2465,.T.);
#2465 = EDGE_CURVE('',#2456,#2466,#2468,.T.);
#2466 = VERTEX_POINT('',#2467);
#2467 = CARTESIAN_POINT('',(6.35E+03,6.3246E+03,0.));
#2468 = LINE('',#2469,#2470);
#2469 = CARTESIAN_POINT('',(6.35E+03,0.,0.));
#2470 = VECTOR('',#2471,1.);
#2471 = DIRECTION('',(0.,1.,0.));
#2472 = ORIENTED_EDGE('',*,*,#2473,.T.);
#2473 = EDGE_CURVE('',#2466,#2474,#2476,.T.);
#2474 = VERTEX_POINT('',#2475);
#2475 = CARTESIAN_POINT('',(6.35E+03,6.3246E+03,2.5019E+03));
#2476 = LINE('',#2477,#2478);
#2477 = CARTESIAN_POINT('',(6.35E+03,6.3246E+03,0.));
#2478 = VECTOR('',#2479,1.);
#2479 = DIRECTION('',(0.,0.,1.));
#2480 = ORIENTED_EDGE('',*,*,#2481,.F.);
#2481 = EDGE_CURVE('',#2458,#2474,#2482,.T.);
#2482 = LINE('',#2483,#2484);
#2483 = CARTESIAN_POINT('',(6.35E+03,0.,2.5019E+03));
#2484 = VECTOR('',#2485,1.);
#2485 = DIRECTION('',(0.,1.,0.));
#2486 = PLANE('',#2487);
#2487 = AXIS2_PLACEMENT_3D('',#2488,#2489,#2490);
#2488 = CARTESIAN_POINT('',(6.35E+03,0.,0.));
#2489 = DIRECTION('',(1.,0.,0.));
#2490 = DIRECTION('',(0.,0.,1.));
#2491 = ADVANCED_FACE('',(#2492),#2508,.F.);
#2492 = FACE_BOUND('',#2493,.F.);
#2493 = EDGE_LOOP('',(#2494,#2500,#2501,#2507));
#2494 = ORIENTED_EDGE('',*,*,#2495,.F.);
#2495 = EDGE_CURVE('',#2416,#2456,#2496,.T.);
#2496 = LINE('',#2497,#2498);
#2497 = CARTESIAN_POINT('',(6.3373E+03,0.,0.));
#2498 = VECTOR('',#2499,1.);
#2499 = DIRECTION('',(1.,0.,0.));
#2500 = ORIENTED_EDGE('',*,*,#2415,.T.);
#2501 = ORIENTED_EDGE('',*,*,#2502,.T.);
#2502 = EDGE_CURVE('',#2418,#2458,#2503,.T.);
#2503 = LINE('',#2504,#2505);
#2504 = CARTESIAN_POINT('',(6.3373E+03,0.,2.5019E+03));
#2505 = VECTOR('',#2506,1.);
#2506 = DIRECTION('',(1.,0.,0.));
#2507 = ORIENTED_EDGE('',*,*,#2455,.F.);
#2508 = PLANE('',#2509);
#2509 = AXIS2_PLACEMENT_3D('',#2510,#2511,#2512);
#2510 = CARTESIAN_POINT('',(6.3373E+03,0.,0.));
#2511 = DIRECTION('',(0.,1.,0.));
#2512 = DIRECTION('',(0.,0.,1.));
#2513 = ADVANCED_FACE('',(#2514),#2530,.T.);
#2514 = FACE_BOUND('',#2515,.T.);
#2515 = EDGE_LOOP('',(#2516,#2522,#2523,#2529));
#2516 = ORIENTED_EDGE('',*,*,#2517,.F.);
#2517 = EDGE_CURVE('',#2426,#2466,#2518,.T.);
#2518 = LINE('',#2519,#2520);
#2519 = CARTESIAN_POINT('',(6.3373E+03,6.3246E+03,0.));
#2520 = VECTOR('',#2521,1.);
#2521 = DIRECTION('',(1.,0.,0.));
#2522 = ORIENTED_EDGE('',*,*,#2433,.T.);
#2523 = ORIENTED_EDGE('',*,*,#2524,.T.);
#2524 = EDGE_CURVE('',#2434,#2474,#2525,.T.);
#2525 = LINE('',#2526,#2527);
#2526 = CARTESIAN_POINT('',(6.3373E+03,6.3246E+03,2.5019E+03));
#2527 = VECTOR('',#2528,1.);
#2528 = DIRECTION('',(1.,0.,0.));
#2529 = ORIENTED_EDGE('',*,*,#2473,.F.);
#2530 = PLANE('',#2531);
#2531 = AXIS2_PLACEMENT_3D('',#2532,#2533,#2534);
#2532 = CARTESIAN_POINT('',(6.3373E+03,6.3246E+03,0.));
#2533 = DIRECTION('',(0.,1.,0.));
#2534 = DIRECTION('',(0.,0.,1.));
#2535 = ADVANCED_FACE('',(#2536),#2542,.F.);
#2536 = FACE_BOUND('',#2537,.F.);
#2537 = EDGE_LOOP('',(#2538,#2539,#2540,#2541));
#2538 = ORIENTED_EDGE('',*,*,#2425,.F.);
#2539 = ORIENTED_EDGE('',*,*,#2495,.T.);
#2540 = ORIENTED_EDGE('',*,*,#2465,.T.);
#2541 = ORIENTED_EDGE('',*,*,#2517,.F.);
#2542 = PLANE('',#2543);
#2543 = AXIS2_PLACEMENT_3D('',#2544,#2545,#2546);
#2544 = CARTESIAN_POINT('',(6.3373E+03,0.,0.));
#2545 = DIRECTION('',(0.,0.,1.));
#2546 = DIRECTION('',(1.,0.,0.));
#2547 = ADVANCED_FACE('',(#2548),#2554,.T.);
#2548 = FACE_BOUND('',#2549,.T.);
#2549 = EDGE_LOOP('',(#2550,#2551,#2552,#2553));
#2550 = ORIENTED_EDGE('',*,*,#2441,.F.);
#2551 = ORIENTED_EDGE('',*,*,#2502,.T.);
#2552 = ORIENTED_EDGE('',*,*,#2481,.T.);
#2553 = ORIENTED_EDGE('',*,*,#2524,.F.);
#2554 = PLANE('',#2555);
#2555 = AXIS2_PLACEMENT_3D('',#2556,#2557,#2558);
#2556 = CARTESIAN_POINT('',(6.3373E+03,0.,2.5019E+03));
#2557 = DIRECTION('',(0.,0.,1.));
#2558 = DIRECTION('',(1.,0.,0.));
#2559 = MANIFOLD_SOLID_BREP('',#2560);
#2560 = CLOSED_SHELL('',(#2561,#2601,#2641,#2663,#2685,#2697));
#2561 = ADVANCED_FACE('',(#2562),#2596,.F.);
#2562 = FACE_BOUND('',#2563,.F.);
#2563 = EDGE_LOOP('',(#2564,#2574,#2582,#2590));
#2564 = ORIENTED_EDGE('',*,*,#2565,.F.);
#2565 = EDGE_CURVE('',#2566,#2568,#2570,.T.);
#2566 = VERTEX_POINT('',#2567);
#2567 = CARTESIAN_POINT('',(-101.6,-101.6,2.48285E+03));
#2568 = VERTEX_POINT('',#2569);
#2569 = CARTESIAN_POINT('',(-101.6,-101.6,2.5019E+03));
#2570 = LINE('',#2571,#2572);
#2571 = CARTESIAN_POINT('',(-101.6,-101.6,2.48285E+03));
#2572 = VECTOR('',#2573,1.);
#2573 = DIRECTION('',(0.,0.,1.));
#2574 = ORIENTED_EDGE('',*,*,#2575,.T.);
#2575 = EDGE_CURVE('',#2566,#2576,#2578,.T.);
#2576 = VERTEX_POINT('',#2577);
#2577 = CARTESIAN_POINT('',(-101.6,-12.7,2.48285E+03));
#2578 = LINE('',#2579,#2580);
#2579 = CARTESIAN_POINT('',(-101.6,-101.6,2.48285E+03));
#2580 = VECTOR('',#2581,1.);
#2581 = DIRECTION('',(0.,1.,0.));
#2582 = ORIENTED_EDGE('',*,*,#2583,.T.);
#2583 = EDGE_CURVE('',#2576,#2584,#2586,.T.);
#2584 = VERTEX_POINT('',#2585);
#2585 = CARTESIAN_POINT('',(-101.6,-12.7,2.5019E+03));
#2586 = LINE('',#2587,#2588);
#2587 = CARTESIAN_POINT('',(-101.6,-12.7,2.48285E+03));
#2588 = VECTOR('',#2589,1.);
#2589 = DIRECTION('',(0.,0.,1.));
#2590 = ORIENTED_EDGE('',*,*,#2591,.F.);
#2591 = EDGE_CURVE('',#2568,#2584,#2592,.T.);
#2592 = LINE('',#2593,#2594);
#2593 = CARTESIAN_POINT('',(-101.6,-101.6,2.5019E+03));
#2594 = VECTOR('',#2595,1.);
#2595 = DIRECTION('',(0.,1.,0.));
#2596 = PLANE('',#2597);
#2597 = AXIS2_PLACEMENT_3D('',#2598,#2599,#2600);
#2598 = CARTESIAN_POINT('',(-101.6,-101.6,2.48285E+03));
#2599 = DIRECTION('',(1.,0.,0.));
#2600 = DIRECTION('',(0.,0.,1.));
#2601 = ADVANCED_FACE('',(#2602),#2636,.T.);
#2602 = FACE_BOUND('',#2603,.T.);
#2603 = EDGE_LOOP('',(#2604,#2614,#2622,#2630));
#2604 = ORIENTED_EDGE('',*,*,#2605,.F.);
#2605 = EDGE_CURVE('',#2606,#2608,#2610,.T.);
#2606 = VERTEX_POINT('',#2607);
#2607 = CARTESIAN_POINT('',(6.4389E+03,-101.6,2.48285E+03));
#2608 = VERTEX_POINT('',#2609);
#2609 = CARTESIAN_POINT('',(6.4389E+03,-101.6,2.5019E+03));
#2610 = LINE('',#2611,#2612);
#2611 = CARTESIAN_POINT('',(6.4389E+03,-101.6,2.48285E+03));
#2612 = VECTOR('',#2613,1.);
#2613 = DIRECTION('',(0.,0.,1.));
#2614 = ORIENTED_EDGE('',*,*,#2615,.T.);
#2615 = EDGE_CURVE('',#2606,#2616,#2618,.T.);
#2616 = VERTEX_POINT('',#2617);
#2617 = CARTESIAN_POINT('',(6.4389E+03,-12.7,2.48285E+03));
#2618 = LINE('',#2619,#2620);
#2619 = CARTESIAN_POINT('',(6.4389E+03,-101.6,2.48285E+03));
#2620 = VECTOR('',#2621,1.);
#2621 = DIRECTION('',(0.,1.,0.));
#2622 = ORIENTED_EDGE('',*,*,#2623,.T.);
#2623 = EDGE_CURVE('',#2616,#2624,#2626,.T.);
#2624 = VERTEX_POINT('',#2625);
#2625 = CARTESIAN_POINT('',(6.4389E+03,-12.7,2.5019E+03));
#2626 = LINE('',#2627,#2628);
#2627 = CARTESIAN_POINT('',(6.4389E+03,-12.7,2.48285E+03));
#2628 = VECTOR('',#2629,1.);
#2629 = DIRECTION('',(0.,0.,1.));
#2630 = ORIENTED_EDGE('',*,*,#2631,.F.);
#2631 = EDGE_CURVE('',#2608,#2624,#2632,.T.);
#2632 = LINE('',#2633,#2634);
#2633 = CARTESIAN_POINT('',(6.4389E+03,-101.6,2.5019E+03));
#2634 = VECTOR('',#2635,1.);
#2635 = DIRECTION('',(0.,1.,0.));
#2636 = PLANE('',#2637);
#2637 = AXIS2_PLACEMENT_3D('',#2638,#2639,#2640);
#2638 = CARTESIAN_POINT('',(6.4389E+03,-101.6,2.48285E+03));
#2639 = DIRECTION('',(1.,0.,0.));
#2640 = DIRECTION('',(0.,0.,1.));
#2641 = ADVANCED_FACE('',(#2642),#2658,.F.);
#2642 = FACE_BOUND('',#2643,.F.);
#2643 = EDGE_LOOP('',(#2644,#2650,#2651,#2657));
#2644 = ORIENTED_EDGE('',*,*,#2645,.F.);
#2645 = EDGE_CURVE('',#2566,#2606,#2646,.T.);
#2646 = LINE('',#2647,#2648);
#2647 = CARTESIAN_POINT('',(-101.6,-101.6,2.48285E+03));
#2648 = VECTOR('',#2649,1.);
#2649 = DIRECTION('',(1.,0.,0.));
#2650 = ORIENTED_EDGE('',*,*,#2565,.T.);
#2651 = ORIENTED_EDGE('',*,*,#2652,.T.);
#2652 = EDGE_CURVE('',#2568,#2608,#2653,.T.);
#2653 = LINE('',#2654,#2655);
#2654 = CARTESIAN_POINT('',(-101.6,-101.6,2.5019E+03));
#2655 = VECTOR('',#2656,1.);
#2656 = DIRECTION('',(1.,0.,0.));
#2657 = ORIENTED_EDGE('',*,*,#2605,.F.);
#2658 = PLANE('',#2659);
#2659 = AXIS2_PLACEMENT_3D('',#2660,#2661,#2662);
#2660 = CARTESIAN_POINT('',(-101.6,-101.6,2.48285E+03));
#2661 = DIRECTION('',(0.,1.,0.));
#2662 = DIRECTION('',(0.,0.,1.));
#2663 = ADVANCED_FACE('',(#2664),#2680,.T.);
#2664 = FACE_BOUND('',#2665,.T.);
#2665 = EDGE_LOOP('',(#2666,#2672,#2673,#2679));
#2666 = ORIENTED_EDGE('',*,*,#2667,.F.);
#2667 = EDGE_CURVE('',#2576,#2616,#2668,.T.);
#2668 = LINE('',#2669,#2670);
#2669 = CARTESIAN_POINT('',(-101.6,-12.7,2.48285E+03));
#2670 = VECTOR('',#2671,1.);
#2671 = DIRECTION('',(1.,0.,0.));
#2672 = ORIENTED_EDGE('',*,*,#2583,.T.);
#2673 = ORIENTED_EDGE('',*,*,#2674,.T.);
#2674 = EDGE_CURVE('',#2584,#2624,#2675,.T.);
#2675 = LINE('',#2676,#2677);
#2676 = CARTESIAN_POINT('',(-101.6,-12.7,2.5019E+03));
#2677 = VECTOR('',#2678,1.);
#2678 = DIRECTION('',(1.,0.,0.));
#2679 = ORIENTED_EDGE('',*,*,#2623,.F.);
#2680 = PLANE('',#2681);
#2681 = AXIS2_PLACEMENT_3D('',#2682,#2683,#2684);
#2682 = CARTESIAN_POINT('',(-101.6,-12.7,2.48285E+03));
#2683 = DIRECTION('',(0.,1.,0.));
#2684 = DIRECTION('',(0.,0.,1.));
#2685 = ADVANCED_FACE('',(#2686),#2692,.F.);
#2686 = FACE_BOUND('',#2687,.F.);
#2687 = EDGE_LOOP('',(#2688,#2689,#2690,#2691));
#2688 = ORIENTED_EDGE('',*,*,#2575,.F.);
#2689 = ORIENTED_EDGE('',*,*,#2645,.T.);
#2690 = ORIENTED_EDGE('',*,*,#2615,.T.);
#2691 = ORIENTED_EDGE('',*,*,#2667,.F.);
#2692 = PLANE('',#2693);
#2693 = AXIS2_PLACEMENT_3D('',#2694,#2695,#2696);
#2694 = CARTESIAN_POINT('',(-101.6,-101.6,2.48285E+03));
#2695 = DIRECTION('',(0.,0.,1.));
#2696 = DIRECTION('',(1.,0.,0.));
#2697 = ADVANCED_FACE('',(#2698),#2704,.T.);
#2698 = FACE_BOUND('',#2699,.T.);
#2699 = EDGE_LOOP('',(#2700,#2701,#2702,#2703));
#2700 = ORIENTED_EDGE('',*,*,#2591,.F.);
#2701 = ORIENTED_EDGE('',*,*,#2652,.T.);
#2702 = ORIENTED_EDGE('',*,*,#2631,.T.);
#2703 = ORIENTED_EDGE('',*,*,#2674,.F.);
#2704 = PLANE('',#2705);
#2705 = AXIS2_PLACEMENT_3D('',#2706,#2707,#2708);
#2706 = CARTESIAN_POINT('',(-101.6,-101.6,2.5019E+03));
#2707 = DIRECTION('',(0.,0.,1.));
#2708 = DIRECTION('',(1.,0.,0.));
#2709 = MANIFOLD_SOLID_BREP('',#2710);
#2710 = CLOSED_SHELL('',(#2711,#2751,#2791,#2813,#2835,#2847));
#2711 = ADVANCED_FACE('',(#2712),#2746,.F.);
#2712 = FACE_BOUND('',#2713,.F.);
#2713 = EDGE_LOOP('',(#2714,#2724,#2732,#2740));
#2714 = ORIENTED_EDGE('',*,*,#2715,.F.);
#2715 = EDGE_CURVE('',#2716,#2718,#2720,.T.);
#2716 = VERTEX_POINT('',#2717);
#2717 = CARTESIAN_POINT('',(-101.6,6.3373E+03,2.48285E+03));
#2718 = VERTEX_POINT('',#2719);
#2719 = CARTESIAN_POINT('',(-101.6,6.3373E+03,2.5019E+03));
#2720 = LINE('',#2721,#2722);
#2721 = CARTESIAN_POINT('',(-101.6,6.3373E+03,2.48285E+03));
#2722 = VECTOR('',#2723,1.);
#2723 = DIRECTION('',(0.,0.,1.));
#2724 = ORIENTED_EDGE('',*,*,#2725,.T.);
#2725 = EDGE_CURVE('',#2716,#2726,#2728,.T.);
#2726 = VERTEX_POINT('',#2727);
#2727 = CARTESIAN_POINT('',(-101.6,6.4262E+03,2.48285E+03));
#2728 = LINE('',#2729,#2730);
#2729 = CARTESIAN_POINT('',(-101.6,6.3373E+03,2.48285E+03));
#2730 = VECTOR('',#2731,1.);
#2731 = DIRECTION('',(0.,1.,0.));
#2732 = ORIENTED_EDGE('',*,*,#2733,.T.);
#2733 = EDGE_CURVE('',#2726,#2734,#2736,.T.);
#2734 = VERTEX_POINT('',#2735);
#2735 = CARTESIAN_POINT('',(-101.6,6.4262E+03,2.5019E+03));
#2736 = LINE('',#2737,#2738);
#2737 = CARTESIAN_POINT('',(-101.6,6.4262E+03,2.48285E+03));
#2738 = VECTOR('',#2739,1.);
#2739 = DIRECTION('',(0.,0.,1.));
#2740 = ORIENTED_EDGE('',*,*,#2741,.F.);
#2741 = EDGE_CURVE('',#2718,#2734,#2742,.T.);
#2742 = LINE('',#2743,#2744);
#2743 = CARTESIAN_POINT('',(-101.6,6.3373E+03,2.5019E+03));
#2744 = VECTOR('',#2745,1.);
#2745 = DIRECTION('',(0.,1.,0.));
#2746 = PLANE('',#2747);
#2747 = AXIS2_PLACEMENT_3D('',#2748,#2749,#2750);
#2748 = CARTESIAN_POINT('',(-101.6,6.3373E+03,2.48285E+03));
#2749 = DIRECTION('',(1.,0.,0.));
#2750 = DIRECTION('',(0.,0.,1.));
#2751 = ADVANCED_FACE('',(#2752),#2786,.T.);
#2752 = FACE_BOUND('',#2753,.T.);
#2753 = EDGE_LOOP('',(#2754,#2764,#2772,#2780));
#2754 = ORIENTED_EDGE('',*,*,#2755,.F.);
#2755 = EDGE_CURVE('',#2756,#2758,#2760,.T.);
#2756 = VERTEX_POINT('',#2757);
#2757 = CARTESIAN_POINT('',(6.4389E+03,6.3373E+03,2.48285E+03));
#2758 = VERTEX_POINT('',#2759);
#2759 = CARTESIAN_POINT('',(6.4389E+03,6.3373E+03,2.5019E+03));
#2760 = LINE('',#2761,#2762);
#2761 = CARTESIAN_POINT('',(6.4389E+03,6.3373E+03,2.48285E+03));
#2762 = VECTOR('',#2763,1.);
#2763 = DIRECTION('',(0.,0.,1.));
#2764 = ORIENTED_EDGE('',*,*,#2765,.T.);
#2765 = EDGE_CURVE('',#2756,#2766,#2768,.T.);
#2766 = VERTEX_POINT('',#2767);
#2767 = CARTESIAN_POINT('',(6.4389E+03,6.4262E+03,2.48285E+03));
#2768 = LINE('',#2769,#2770);
#2769 = CARTESIAN_POINT('',(6.4389E+03,6.3373E+03,2.48285E+03));
#2770 = VECTOR('',#2771,1.);
#2771 = DIRECTION('',(0.,1.,0.));
#2772 = ORIENTED_EDGE('',*,*,#2773,.T.);
#2773 = EDGE_CURVE('',#2766,#2774,#2776,.T.);
#2774 = VERTEX_POINT('',#2775);
#2775 = CARTESIAN_POINT('',(6.4389E+03,6.4262E+03,2.5019E+03));
#2776 = LINE('',#2777,#2778);
#2777 = CARTESIAN_POINT('',(6.4389E+03,6.4262E+03,2.48285E+03));
#2778 = VECTOR('',#2779,1.);
#2779 = DIRECTION('',(0.,0.,1.));
#2780 = ORIENTED_EDGE('',*,*,#2781,.F.);
#2781 = EDGE_CURVE('',#2758,#2774,#2782,.T.);
#2782 = LINE('',#2783,#2784);
#2783 = CARTESIAN_POINT('',(6.4389E+03,6.3373E+03,2.5019E+03));
#2784 = VECTOR('',#2785,1.);
#2785 = DIRECTION('',(0.,1.,0.));
#2786 = PLANE('',#2787);
#2787 = AXIS2_PLACEMENT_3D('',#2788,#2789,#2790);
#2788 = CARTESIAN_POINT('',(6.4389E+03,6.3373E+03,2.48285E+03));
#2789 = DIRECTION('',(1.,0.,0.));
#2790 = DIRECTION('',(0.,0.,1.));
#2791 = ADVANCED_FACE('',(#2792),#2808,.F.);
#2792 = FACE_BOUND('',#2793,.F.);
#2793 = EDGE_LOOP('',(#2794,#2800,#2801,#2807));
#2794 = ORIENTED_EDGE('',*,*,#2795,.F.);
#2795 = EDGE_CURVE('',#2716,#2756,#2796,.T.);
#2796 = LINE('',#2797,#2798);
#2797 = CARTESIAN_POINT('',(-101.6,6.3373E+03,2.48285E+03));
#2798 = VECTOR('',#2799,1.);
#2799 = DIRECTION('',(1.,0.,0.));
#2800 = ORIENTED_EDGE('',*,*,#2715,.T.);
#2801 = ORIENTED_EDGE('',*,*,#2802,.T.);
#2802 = EDGE_CURVE('',#2718,#2758,#2803,.T.);
#2803 = LINE('',#2804,#2805);
#2804 = CARTESIAN_POINT('',(-101.6,6.3373E+03,2.5019E+03));
#2805 = VECTOR('',#2806,1.);
#2806 = DIRECTION('',(1.,0.,0.));
#2807 = ORIENTED_EDGE('',*,*,#2755,.F.);
#2808 = PLANE('',#2809);
#2809 = AXIS2_PLACEMENT_3D('',#2810,#2811,#2812);
#2810 = CARTESIAN_POINT('',(-101.6,6.3373E+03,2.48285E+03));
#2811 = DIRECTION('',(0.,1.,0.));
#2812 = DIRECTION('',(0.,0.,1.));
#2813 = ADVANCED_FACE('',(#2814),#2830,.T.);
#2814 = FACE_BOUND('',#2815,.T.);
#2815 = EDGE_LOOP('',(#2816,#2822,#2823,#2829));
#2816 = ORIENTED_EDGE('',*,*,#2817,.F.);
#2817 = EDGE_CURVE('',#2726,#2766,#2818,.T.);
#2818 = LINE('',#2819,#2820);
#2819 = CARTESIAN_POINT('',(-101.6,6.4262E+03,2.48285E+03));
#2820 = VECTOR('',#2821,1.);
#2821 = DIRECTION('',(1.,0.,0.));
#2822 = ORIENTED_EDGE('',*,*,#2733,.T.);
#2823 = ORIENTED_EDGE('',*,*,#2824,.T.);
#2824 = EDGE_CURVE('',#2734,#2774,#2825,.T.);
#2825 = LINE('',#2826,#2827);
#2826 = CARTESIAN_POINT('',(-101.6,6.4262E+03,2.5019E+03));
#2827 = VECTOR('',#2828,1.);
#2828 = DIRECTION('',(1.,0.,0.));
#2829 = ORIENTED_EDGE('',*,*,#2773,.F.);
#2830 = PLANE('',#2831);
#2831 = AXIS2_PLACEMENT_3D('',#2832,#2833,#2834);
#2832 = CARTESIAN_POINT('',(-101.6,6.4262E+03,2.48285E+03));
#2833 = DIRECTION('',(0.,1.,0.));
#2834 = DIRECTION('',(0.,0.,1.));
#2835 = ADVANCED_FACE('',(#2836),#2842,.F.);
#2836 = FACE_BOUND('',#2837,.F.);
#2837 = EDGE_LOOP('',(#2838,#2839,#2840,#2841));
#2838 = ORIENTED_EDGE('',*,*,#2725,.F.);
#2839 = ORIENTED_EDGE('',*,*,#2795,.T.);
#2840 = ORIENTED_EDGE('',*,*,#2765,.T.);
#2841 = ORIENTED_EDGE('',*,*,#2817,.F.);
#2842 = PLANE('',#2843);
#2843 = AXIS2_PLACEMENT_3D('',#2844,#2845,#2846);
#2844 = CARTESIAN_POINT('',(-101.6,6.3373E+03,2.48285E+03));
#2845 = DIRECTION('',(0.,0.,1.));
#2846 = DIRECTION('',(1.,0.,0.));
#2847 = ADVANCED_FACE('',(#2848),#2854,.T.);
#2848 = FACE_BOUND('',#2849,.T.);
#2849 = EDGE_LOOP('',(#2850,#2851,#2852,#2853));
#2850 = ORIENTED_EDGE('',*,*,#2741,.F.);
#2851 = ORIENTED_EDGE('',*,*,#2802,.T.);
#2852 = ORIENTED_EDGE('',*,*,#2781,.T.);
#2853 = ORIENTED_EDGE('',*,*,#2824,.F.);
#2854 = PLANE('',#2855);
#2855 = AXIS2_PLACEMENT_3D('',#2856,#2857,#2858);
#2856 = CARTESIAN_POINT('',(-101.6,6.3373E+03,2.5019E+03));
#2857 = DIRECTION('',(0.,0.,1.));
#2858 = DIRECTION('',(1.,0.,0.));
#2859 = MANIFOLD_SOLID_BREP('',#2860);
#2860 = CLOSED_SHELL('',(#2861,#2901,#2941,#2963,#2985,#2997));
#2861 = ADVANCED_FACE('',(#2862),#2896,.F.);
#2862 = FACE_BOUND('',#2863,.F.);
#2863 = EDGE_LOOP('',(#2864,#2874,#2882,#2890));
#2864 = ORIENTED_EDGE('',*,*,#2865,.F.);
#2865 = EDGE_CURVE('',#2866,#2868,#2870,.T.);
#2866 = VERTEX_POINT('',#2867);
#2867 = CARTESIAN_POINT('',(-101.6,-12.7,2.48285E+03));
#2868 = VERTEX_POINT('',#2869);
#2869 = CARTESIAN_POINT('',(-101.6,-12.7,2.5019E+03));
#2870 = LINE('',#2871,#2872);
#2871 = CARTESIAN_POINT('',(-101.6,-12.7,2.48285E+03));
#2872 = VECTOR('',#2873,1.);
#2873 = DIRECTION('',(0.,0.,1.));
#2874 = ORIENTED_EDGE('',*,*,#2875,.T.);
#2875 = EDGE_CURVE('',#2866,#2876,#2878,.T.);
#2876 = VERTEX_POINT('',#2877);
#2877 = CARTESIAN_POINT('',(-101.6,6.3373E+03,2.48285E+03));
#2878 = LINE('',#2879,#2880);
#2879 = CARTESIAN_POINT('',(-101.6,-12.7,2.48285E+03));
#2880 = VECTOR('',#2881,1.);
#2881 = DIRECTION('',(0.,1.,0.));
#2882 = ORIENTED_EDGE('',*,*,#2883,.T.);
#2883 = EDGE_CURVE('',#2876,#2884,#2886,.T.);
#2884 = VERTEX_POINT('',#2885);
#2885 = CARTESIAN_POINT('',(-101.6,6.3373E+03,2.5019E+03));
#2886 = LINE('',#2887,#2888);
#2887 = CARTESIAN_POINT('',(-101.6,6.3373E+03,2.48285E+03));
#2888 = VECTOR('',#2889,1.);
#2889 = DIRECTION('',(0.,0.,1.));
#2890 = ORIENTED_EDGE('',*,*,#2891,.F.);
#2891 = EDGE_CURVE('',#2868,#2884,#2892,.T.);
#2892 = LINE('',#2893,#2894);
#2893 = CARTESIAN_POINT('',(-101.6,-12.7,2.5019E+03));
#2894 = VECTOR('',#2895,1.);
#2895 = DIRECTION('',(0.,1.,0.));
#2896 = PLANE('',#2897);
#2897 = AXIS2_PLACEMENT_3D('',#2898,#2899,#2900);
#2898 = CARTESIAN_POINT('',(-101.6,-12.7,2.48285E+03));
#2899 = DIRECTION('',(1.,0.,0.));
#2900 = DIRECTION('',(0.,0.,1.));
#2901 = ADVANCED_FACE('',(#2902),#2936,.T.);
#2902 = FACE_BOUND('',#2903,.T.);
#2903 = EDGE_LOOP('',(#2904,#2914,#2922,#2930));
#2904 = ORIENTED_EDGE('',*,*,#2905,.F.);
#2905 = EDGE_CURVE('',#2906,#2908,#2910,.T.);
#2906 = VERTEX_POINT('',#2907);
#2907 = CARTESIAN_POINT('',(-12.7,-12.7,2.48285E+03));
#2908 = VERTEX_POINT('',#2909);
#2909 = CARTESIAN_POINT('',(-12.7,-12.7,2.5019E+03));
#2910 = LINE('',#2911,#2912);
#2911 = CARTESIAN_POINT('',(-12.7,-12.7,2.48285E+03));
#2912 = VECTOR('',#2913,1.);
#2913 = DIRECTION('',(0.,0.,1.));
#2914 = ORIENTED_EDGE('',*,*,#2915,.T.);
#2915 = EDGE_CURVE('',#2906,#2916,#2918,.T.);
#2916 = VERTEX_POINT('',#2917);
#2917 = CARTESIAN_POINT('',(-12.7,6.3373E+03,2.48285E+03));
#2918 = LINE('',#2919,#2920);
#2919 = CARTESIAN_POINT('',(-12.7,-12.7,2.48285E+03));
#2920 = VECTOR('',#2921,1.);
#2921 = DIRECTION('',(0.,1.,0.));
#2922 = ORIENTED_EDGE('',*,*,#2923,.T.);
#2923 = EDGE_CURVE('',#2916,#2924,#2926,.T.);
#2924 = VERTEX_POINT('',#2925);
#2925 = CARTESIAN_POINT('',(-12.7,6.3373E+03,2.5019E+03));
#2926 = LINE('',#2927,#2928);
#2927 = CARTESIAN_POINT('',(-12.7,6.3373E+03,2.48285E+03));
#2928 = VECTOR('',#2929,1.);
#2929 = DIRECTION('',(0.,0.,1.));
#2930 = ORIENTED_EDGE('',*,*,#2931,.F.);
#2931 = EDGE_CURVE('',#2908,#2924,#2932,.T.);
#2932 = LINE('',#2933,#2934);
#2933 = CARTESIAN_POINT('',(-12.7,-12.7,2.5019E+03));
#2934 = VECTOR('',#2935,1.);
#2935 = DIRECTION('',(0.,1.,0.));
#2936 = PLANE('',#2937);
#2937 = AXIS2_PLACEMENT_3D('',#2938,#2939,#2940);
#2938 = CARTESIAN_POINT('',(-12.7,-12.7,2.48285E+03));
#2939 = DIRECTION('',(1.,0.,0.));
#2940 = DIRECTION('',(0.,0.,1.));
#2941 = ADVANCED_FACE('',(#2942),#2958,.F.);
#2942 = FACE_BOUND('',#2943,.F.);
#2943 = EDGE_LOOP('',(#2944,#2950,#2951,#2957));
#2944 = ORIENTED_EDGE('',*,*,#2945,.F.);
#2945 = EDGE_CURVE('',#2866,#2906,#2946,.T.);
#2946 = LINE('',#2947,#2948);
#2947 = CARTESIAN_POINT('',(-101.6,-12.7,2.48285E+03));
#2948 = VECTOR('',#2949,1.);
#2949 = DIRECTION('',(1.,0.,0.));
#2950 = ORIENTED_EDGE('',*,*,#2865,.T.);
#2951 = ORIENTED_EDGE('',*,*,#2952,.T.);
#2952 = EDGE_CURVE('',#2868,#2908,#2953,.T.);
#2953 = LINE('',#2954,#2955);
#2954 = CARTESIAN_POINT('',(-101.6,-12.7,2.5019E+03));
#2955 = VECTOR('',#2956,1.);
#2956 = DIRECTION('',(1.,0.,0.));
#2957 = ORIENTED_EDGE('',*,*,#2905,.F.);
#2958 = PLANE('',#2959);
#2959 = AXIS2_PLACEMENT_3D('',#2960,#2961,#2962);
#2960 = CARTESIAN_POINT('',(-101.6,-12.7,2.48285E+03));
#2961 = DIRECTION('',(0.,1.,0.));
#2962 = DIRECTION('',(0.,0.,1.));
#2963 = ADVANCED_FACE('',(#2964),#2980,.T.);
#2964 = FACE_BOUND('',#2965,.T.);
#2965 = EDGE_LOOP('',(#2966,#2972,#2973,#2979));
#2966 = ORIENTED_EDGE('',*,*,#2967,.F.);
#2967 = EDGE_CURVE('',#2876,#2916,#2968,.T.);
#2968 = LINE('',#2969,#2970);
#2969 = CARTESIAN_POINT('',(-101.6,6.3373E+03,2.48285E+03));
#2970 = VECTOR('',#2971,1.);
#2971 = DIRECTION('',(1.,0.,0.));
#2972 = ORIENTED_EDGE('',*,*,#2883,.T.);
#2973 = ORIENTED_EDGE('',*,*,#2974,.T.);
#2974 = EDGE_CURVE('',#2884,#2924,#2975,.T.);
#2975 = LINE('',#2976,#2977);
#2976 = CARTESIAN_POINT('',(-101.6,6.3373E+03,2.5019E+03));
#2977 = VECTOR('',#2978,1.);
#2978 = DIRECTION('',(1.,0.,0.));
#2979 = ORIENTED_EDGE('',*,*,#2923,.F.);
#2980 = PLANE('',#2981);
#2981 = AXIS2_PLACEMENT_3D('',#2982,#2983,#2984);
#2982 = CARTESIAN_POINT('',(-101.6,6.3373E+03,2.48285E+03));
#2983 = DIRECTION('',(0.,1.,0.));
#2984 = DIRECTION('',(0.,0.,1.));
#2985 = ADVANCED_FACE('',(#2986),#2992,.F.);
#2986 = FACE_BOUND('',#2987,.F.);
#2987 = EDGE_LOOP('',(#2988,#2989,#2990,#2991));
#2988 = ORIENTED_EDGE('',*,*,#2875,.F.);
#2989 = ORIENTED_EDGE('',*,*,#2945,.T.);
#2990 = ORIENTED_EDGE('',*,*,#2915,.T.);
#2991 = ORIENTED_EDGE('',*,*,#2967,.F.);
#2992 = PLANE('',#2993);
#2993 = AXIS2_PLACEMENT_3D('',#2994,#2995,#2996);
#2994 = CARTESIAN_POINT('',(-101.6,-12.7,2.48285E+03));
#2995 = DIRECTION('',(0.,0.,1.));
#2996 = DIRECTION('',(1.,0.,0.));
#2997 = ADVANCED_FACE('',(#2998),#3004,.T.);
#2998 = FACE_BOUND('',#2999,.T.);
#2999 = EDGE_LOOP('',(#3000,#3001,#3002,#3003));
#3000 = ORIENTED_EDGE('',*,*,#2891,.F.);
#3001 = ORIENTED_EDGE('',*,*,#2952,.T.);
#3002 = ORIENTED_EDGE('',*,*,#2931,.T.);
#3003 = ORIENTED_EDGE('',*,*,#2974,.F.);
#3004 = PLANE('',#3005);
#3005 = AXIS2_PLACEMENT_3D('',#3006,#3007,#3008);
#3006 = CARTESIAN_POINT('',(-101.6,-12.7,2.5019E+03));
#3007 = DIRECTION('',(0.,0.,1.));
#3008 = DIRECTION('',(1.,0.,0.));
#3009 = MANIFOLD_SOLID_BREP('',#3010);
#3010 = CLOSED_SHELL('',(#3011,#3051,#3091,#3113,#3135,#3147));
#3011 = ADVANCED_FACE('',(#3012),#3046,.F.);
#3012 = FACE_BOUND('',#3013,.F.);
#3013 = EDGE_LOOP('',(#3014,#3024,#3032,#3040));
#3014 = ORIENTED_EDGE('',*,*,#3015,.F.);
#3015 = EDGE_CURVE('',#3016,#3018,#3020,.T.);
#3016 = VERTEX_POINT('',#3017);
#3017 = CARTESIAN_POINT('',(6.35E+03,-12.7,2.48285E+03));
#3018 = VERTEX_POINT('',#3019);
#3019 = CARTESIAN_POINT('',(6.35E+03,-12.7,2.5019E+03));
#3020 = LINE('',#3021,#3022);
#3021 = CARTESIAN_POINT('',(6.35E+03,-12.7,2.48285E+03));
#3022 = VECTOR('',#3023,1.);
#3023 = DIRECTION('',(0.,0.,1.));
#3024 = ORIENTED_EDGE('',*,*,#3025,.T.);
#3025 = EDGE_CURVE('',#3016,#3026,#3028,.T.);
#3026 = VERTEX_POINT('',#3027);
#3027 = CARTESIAN_POINT('',(6.35E+03,6.3373E+03,2.48285E+03));
#3028 = LINE('',#3029,#3030);
#3029 = CARTESIAN_POINT('',(6.35E+03,-12.7,2.48285E+03));
#3030 = VECTOR('',#3031,1.);
#3031 = DIRECTION('',(0.,1.,0.));
#3032 = ORIENTED_EDGE('',*,*,#3033,.T.);
#3033 = EDGE_CURVE('',#3026,#3034,#3036,.T.);
#3034 = VERTEX_POINT('',#3035);
#3035 = CARTESIAN_POINT('',(6.35E+03,6.3373E+03,2.5019E+03));
#3036 = LINE('',#3037,#3038);
#3037 = CARTESIAN_POINT('',(6.35E+03,6.3373E+03,2.48285E+03));
#3038 = VECTOR('',#3039,1.);
#3039 = DIRECTION('',(0.,0.,1.));
#3040 = ORIENTED_EDGE('',*,*,#3041,.F.);
#3041 = EDGE_CURVE('',#3018,#3034,#3042,.T.);
#3042 = LINE('',#3043,#3044);
#3043 = CARTESIAN_POINT('',(6.35E+03,-12.7,2.5019E+03));
#3044 = VECTOR('',#3045,1.);
#3045 = DIRECTION('',(0.,1.,0.));
#3046 = PLANE('',#3047);
#3047 = AXIS2_PLACEMENT_3D('',#3048,#3049,#3050);
#3048 = CARTESIAN_POINT('',(6.35E+03,-12.7,2.48285E+03));
#3049 = DIRECTION('',(1.,0.,0.));
#3050 = DIRECTION('',(0.,0.,1.));
#3051 = ADVANCED_FACE('',(#3052),#3086,.T.);
#3052 = FACE_BOUND('',#3053,.T.);
#3053 = EDGE_LOOP('',(#3054,#3064,#3072,#3080));
#3054 = ORIENTED_EDGE('',*,*,#3055,.F.);
#3055 = EDGE_CURVE('',#3056,#3058,#3060,.T.);
#3056 = VERTEX_POINT('',#3057);
#3057 = CARTESIAN_POINT('',(6.4389E+03,-12.7,2.48285E+03));
#3058 = VERTEX_POINT('',#3059);
#3059 = CARTESIAN_POINT('',(6.4389E+03,-12.7,2.5019E+03));
#3060 = LINE('',#3061,#3062);
#3061 = CARTESIAN_POINT('',(6.4389E+03,-12.7,2.48285E+03));
#3062 = VECTOR('',#3063,1.);
#3063 = DIRECTION('',(0.,0.,1.));
#3064 = ORIENTED_EDGE('',*,*,#3065,.T.);
#3065 = EDGE_CURVE('',#3056,#3066,#3068,.T.);
#3066 = VERTEX_POINT('',#3067);
#3067 = CARTESIAN_POINT('',(6.4389E+03,6.3373E+03,2.48285E+03));
#3068 = LINE('',#3069,#3070);
#3069 = CARTESIAN_POINT('',(6.4389E+03,-12.7,2.48285E+03));
#3070 = VECTOR('',#3071,1.);
#3071 = DIRECTION('',(0.,1.,0.));
#3072 = ORIENTED_EDGE('',*,*,#3073,.T.);
#3073 = EDGE_CURVE('',#3066,#3074,#3076,.T.);
#3074 = VERTEX_POINT('',#3075);
#3075 = CARTESIAN_POINT('',(6.4389E+03,6.3373E+03,2.5019E+03));
#3076 = LINE('',#3077,#3078);
#3077 = CARTESIAN_POINT('',(6.4389E+03,6.3373E+03,2.48285E+03));
#3078 = VECTOR('',#3079,1.);
#3079 = DIRECTION('',(0.,0.,1.));
#3080 = ORIENTED_EDGE('',*,*,#3081,.F.);
#3081 = EDGE_CURVE('',#3058,#3074,#3082,.T.);
#3082 = LINE('',#3083,#3084);
#3083 = CARTESIAN_POINT('',(6.4389E+03,-12.7,2.5019E+03));
#3084 = VECTOR('',#3085,1.);
#3085 = DIRECTION('',(0.,1.,0.));
#3086 = PLANE('',#3087);
#3087 = AXIS2_PLACEMENT_3D('',#3088,#3089,#3090);
#3088 = CARTESIAN_POINT('',(6.4389E+03,-12.7,2.48285E+03));
#3089 = DIRECTION('',(1.,0.,0.));
#3090 = DIRECTION('',(0.,0.,1.));
#3091 = ADVANCED_FACE('',(#3092),#3108,.F.);
#3092 = FACE_BOUND('',#3093,.F.);
#3093 = EDGE_LOOP('',(#3094,#3100,#3101,#3107));
#3094 = ORIENTED_EDGE('',*,*,#3095,.F.);
#3095 = EDGE_CURVE('',#3016,#3056,#3096,.T.);
#3096 = LINE('',#3097,#3098);
#3097 = CARTESIAN_POINT('',(6.35E+03,-12.7,2.48285E+03));
#3098 = VECTOR('',#3099,1.);
#3099 = DIRECTION('',(1.,0.,0.));
#3100 = ORIENTED_EDGE('',*,*,#3015,.T.);
#3101 = ORIENTED_EDGE('',*,*,#3102,.T.);
#3102 = EDGE_CURVE('',#3018,#3058,#3103,.T.);
#3103 = LINE('',#3104,#3105);
#3104 = CARTESIAN_POINT('',(6.35E+03,-12.7,2.5019E+03));
#3105 = VECTOR('',#3106,1.);
#3106 = DIRECTION('',(1.,0.,0.));
#3107 = ORIENTED_EDGE('',*,*,#3055,.F.);
#3108 = PLANE('',#3109);
#3109 = AXIS2_PLACEMENT_3D('',#3110,#3111,#3112);
#3110 = CARTESIAN_POINT('',(6.35E+03,-12.7,2.48285E+03));
#3111 = DIRECTION('',(0.,1.,0.));
#3112 = DIRECTION('',(0.,0.,1.));
#3113 = ADVANCED_FACE('',(#3114),#3130,.T.);
#3114 = FACE_BOUND('',#3115,.T.);
#3115 = EDGE_LOOP('',(#3116,#3122,#3123,#3129));
#3116 = ORIENTED_EDGE('',*,*,#3117,.F.);
#3117 = EDGE_CURVE('',#3026,#3066,#3118,.T.);
#3118 = LINE('',#3119,#3120);
#3119 = CARTESIAN_POINT('',(6.35E+03,6.3373E+03,2.48285E+03));
#3120 = VECTOR('',#3121,1.);
#3121 = DIRECTION('',(1.,0.,0.));
#3122 = ORIENTED_EDGE('',*,*,#3033,.T.);
#3123 = ORIENTED_EDGE('',*,*,#3124,.T.);
#3124 = EDGE_CURVE('',#3034,#3074,#3125,.T.);
#3125 = LINE('',#3126,#3127);
#3126 = CARTESIAN_POINT('',(6.35E+03,6.3373E+03,2.5019E+03));
#3127 = VECTOR('',#3128,1.);
#3128 = DIRECTION('',(1.,0.,0.));
#3129 = ORIENTED_EDGE('',*,*,#3073,.F.);
#3130 = PLANE('',#3131);
#3131 = AXIS2_PLACEMENT_3D('',#3132,#3133,#3134);
#3132 = CARTESIAN_POINT('',(6.35E+03,6.3373E+03,2.48285E+03));
#3133 = DIRECTION('',(0.,1.,0.));
#3134 = DIRECTION('',(0.,0.,1.));
#3135 = ADVANCED_FACE('',(#3136),#3142,.F.);
#3136 = FACE_BOUND('',#3137,.F.);
#3137 = EDGE_LOOP('',(#3138,#3139,#3140,#3141));
#3138 = ORIENTED_EDGE('',*,*,#3025,.F.);
#3139 = ORIENTED_EDGE('',*,*,#3095,.T.);
#3140 = ORIENTED_EDGE('',*,*,#3065,.T.);
#3141 = ORIENTED_EDGE('',*,*,#3117,.F.);
#3142 = PLANE('',#3143);
#3143 = AXIS2_PLACEMENT_3D('',#3144,#3145,#3146);
#3144 = CARTESIAN_POINT('',(6.35E+03,-12.7,2.48285E+03));
#3145 = DIRECTION('',(0.,0.,1.));
#3146 = DIRECTION('',(1.,0.,0.));
#3147 = ADVANCED_FACE('',(#3148),#3154,.T.);
#3148 = FACE_BOUND('',#3149,.T.);
#3149 = EDGE_LOOP('',(#3150,#3151,#3152,#3153));
#3150 = ORIENTED_EDGE('',*,*,#3041,.F.);
#3151 = ORIENTED_EDGE('',*,*,#3102,.T.);
#3152 = ORIENTED_EDGE('',*,*,#3081,.T.);
#3153 = ORIENTED_EDGE('',*,*,#3124,.F.);
#3154 = PLANE('',#3155);
#3155 = AXIS2_PLACEMENT_3D('',#3156,#3157,#3158);
#3156 = CARTESIAN_POINT('',(6.35E+03,-12.7,2.5019E+03));
#3157 = DIRECTION('',(0.,0.,1.));
#3158 = DIRECTION('',(1.,0.,0.));
#3159 = MANIFOLD_SOLID_BREP('',#3160);
#3160 = CLOSED_SHELL('',(#3161,#3201,#3241,#3263,#3285,#3297));
#3161 = ADVANCED_FACE('',(#3162),#3196,.F.);
#3162 = FACE_BOUND('',#3163,.F.);
#3163 = EDGE_LOOP('',(#3164,#3174,#3182,#3190));
#3164 = ORIENTED_EDGE('',*,*,#3165,.F.);
#3165 = EDGE_CURVE('',#3166,#3168,#3170,.T.);
#3166 = VERTEX_POINT('',#3167);
#3167 = CARTESIAN_POINT('',(-120.65,-120.65,2.48285E+03));
#3168 = VERTEX_POINT('',#3169);
#3169 = CARTESIAN_POINT('',(-120.65,-120.65,2.57175E+03));
#3170 = LINE('',#3171,#3172);
#3171 = CARTESIAN_POINT('',(-120.65,-120.65,2.48285E+03));
#3172 = VECTOR('',#3173,1.);
#3173 = DIRECTION('',(0.,0.,1.));
#3174 = ORIENTED_EDGE('',*,*,#3175,.T.);
#3175 = EDGE_CURVE('',#3166,#3176,#3178,.T.);
#3176 = VERTEX_POINT('',#3177);
#3177 = CARTESIAN_POINT('',(-120.65,-101.6,2.48285E+03));
#3178 = LINE('',#3179,#3180);
#3179 = CARTESIAN_POINT('',(-120.65,-120.65,2.48285E+03));
#3180 = VECTOR('',#3181,1.);
#3181 = DIRECTION('',(0.,1.,0.));
#3182 = ORIENTED_EDGE('',*,*,#3183,.T.);
#3183 = EDGE_CURVE('',#3176,#3184,#3186,.T.);
#3184 = VERTEX_POINT('',#3185);
#3185 = CARTESIAN_POINT('',(-120.65,-101.6,2.57175E+03));
#3186 = LINE('',#3187,#3188);
#3187 = CARTESIAN_POINT('',(-120.65,-101.6,2.48285E+03));
#3188 = VECTOR('',#3189,1.);
#3189 = DIRECTION('',(0.,0.,1.));
#3190 = ORIENTED_EDGE('',*,*,#3191,.F.);
#3191 = EDGE_CURVE('',#3168,#3184,#3192,.T.);
#3192 = LINE('',#3193,#3194);
#3193 = CARTESIAN_POINT('',(-120.65,-120.65,2.57175E+03));
#3194 = VECTOR('',#3195,1.);
#3195 = DIRECTION('',(0.,1.,0.));
#3196 = PLANE('',#3197);
#3197 = AXIS2_PLACEMENT_3D('',#3198,#3199,#3200);
#3198 = CARTESIAN_POINT('',(-120.65,-120.65,2.48285E+03));
#3199 = DIRECTION('',(1.,0.,0.));
#3200 = DIRECTION('',(0.,0.,1.));
#3201 = ADVANCED_FACE('',(#3202),#3236,.T.);
#3202 = FACE_BOUND('',#3203,.T.);
#3203 = EDGE_LOOP('',(#3204,#3214,#3222,#3230));
#3204 = ORIENTED_EDGE('',*,*,#3205,.F.);
#3205 = EDGE_CURVE('',#3206,#3208,#3210,.T.);
#3206 = VERTEX_POINT('',#3207);
#3207 = CARTESIAN_POINT('',(6.45795E+03,-120.65,2.48285E+03));
#3208 = VERTEX_POINT('',#3209);
#3209 = CARTESIAN_POINT('',(6.45795E+03,-120.65,2.57175E+03));
#3210 = LINE('',#3211,#3212);
#3211 = CARTESIAN_POINT('',(6.45795E+03,-120.65,2.48285E+03));
#3212 = VECTOR('',#3213,1.);
#3213 = DIRECTION('',(0.,0.,1.));
#3214 = ORIENTED_EDGE('',*,*,#3215,.T.);
#3215 = EDGE_CURVE('',#3206,#3216,#3218,.T.);
#3216 = VERTEX_POINT('',#3217);
#3217 = CARTESIAN_POINT('',(6.45795E+03,-101.6,2.48285E+03));
#3218 = LINE('',#3219,#3220);
#3219 = CARTESIAN_POINT('',(6.45795E+03,-120.65,2.48285E+03));
#3220 = VECTOR('',#3221,1.);
#3221 = DIRECTION('',(0.,1.,0.));
#3222 = ORIENTED_EDGE('',*,*,#3223,.T.);
#3223 = EDGE_CURVE('',#3216,#3224,#3226,.T.);
#3224 = VERTEX_POINT('',#3225);
#3225 = CARTESIAN_POINT('',(6.45795E+03,-101.6,2.57175E+03));
#3226 = LINE('',#3227,#3228);
#3227 = CARTESIAN_POINT('',(6.45795E+03,-101.6,2.48285E+03));
#3228 = VECTOR('',#3229,1.);
#3229 = DIRECTION('',(0.,0.,1.));
#3230 = ORIENTED_EDGE('',*,*,#3231,.F.);
#3231 = EDGE_CURVE('',#3208,#3224,#3232,.T.);
#3232 = LINE('',#3233,#3234);
#3233 = CARTESIAN_POINT('',(6.45795E+03,-120.65,2.57175E+03));
#3234 = VECTOR('',#3235,1.);
#3235 = DIRECTION('',(0.,1.,0.));
#3236 = PLANE('',#3237);
#3237 = AXIS2_PLACEMENT_3D('',#3238,#3239,#3240);
#3238 = CARTESIAN_POINT('',(6.45795E+03,-120.65,2.48285E+03));
#3239 = DIRECTION('',(1.,0.,0.));
#3240 = DIRECTION('',(0.,0.,1.));
#3241 = ADVANCED_FACE('',(#3242),#3258,.F.);
#3242 = FACE_BOUND('',#3243,.F.);
#3243 = EDGE_LOOP('',(#3244,#3250,#3251,#3257));
#3244 = ORIENTED_EDGE('',*,*,#3245,.F.);
#3245 = EDGE_CURVE('',#3166,#3206,#3246,.T.);
#3246 = LINE('',#3247,#3248);
#3247 = CARTESIAN_POINT('',(-120.65,-120.65,2.48285E+03));
#3248 = VECTOR('',#3249,1.);
#3249 = DIRECTION('',(1.,0.,0.));
#3250 = ORIENTED_EDGE('',*,*,#3165,.T.);
#3251 = ORIENTED_EDGE('',*,*,#3252,.T.);
#3252 = EDGE_CURVE('',#3168,#3208,#3253,.T.);
#3253 = LINE('',#3254,#3255);
#3254 = CARTESIAN_POINT('',(-120.65,-120.65,2.57175E+03));
#3255 = VECTOR('',#3256,1.);
#3256 = DIRECTION('',(1.,0.,0.));
#3257 = ORIENTED_EDGE('',*,*,#3205,.F.);
#3258 = PLANE('',#3259);
#3259 = AXIS2_PLACEMENT_3D('',#3260,#3261,#3262);
#3260 = CARTESIAN_POINT('',(-120.65,-120.65,2.48285E+03));
#3261 = DIRECTION('',(0.,1.,0.));
#3262 = DIRECTION('',(0.,0.,1.));
#3263 = ADVANCED_FACE('',(#3264),#3280,.T.);
#3264 = FACE_BOUND('',#3265,.T.);
#3265 = EDGE_LOOP('',(#3266,#3272,#3273,#3279));
#3266 = ORIENTED_EDGE('',*,*,#3267,.F.);
#3267 = EDGE_CURVE('',#3176,#3216,#3268,.T.);
#3268 = LINE('',#3269,#3270);
#3269 = CARTESIAN_POINT('',(-120.65,-101.6,2.48285E+03));
#3270 = VECTOR('',#3271,1.);
#3271 = DIRECTION('',(1.,0.,0.));
#3272 = ORIENTED_EDGE('',*,*,#3183,.T.);
#3273 = ORIENTED_EDGE('',*,*,#3274,.T.);
#3274 = EDGE_CURVE('',#3184,#3224,#3275,.T.);
#3275 = LINE('',#3276,#3277);
#3276 = CARTESIAN_POINT('',(-120.65,-101.6,2.57175E+03));
#3277 = VECTOR('',#3278,1.);
#3278 = DIRECTION('',(1.,0.,0.));
#3279 = ORIENTED_EDGE('',*,*,#3223,.F.);
#3280 = PLANE('',#3281);
#3281 = AXIS2_PLACEMENT_3D('',#3282,#3283,#3284);
#3282 = CARTESIAN_POINT('',(-120.65,-101.6,2.48285E+03));
#3283 = DIRECTION('',(0.,1.,0.));
#3284 = DIRECTION('',(0.,0.,1.));
#3285 = ADVANCED_FACE('',(#3286),#3292,.F.);
#3286 = FACE_BOUND('',#3287,.F.);
#3287 = EDGE_LOOP('',(#3288,#3289,#3290,#3291));
#3288 = ORIENTED_EDGE('',*,*,#3175,.F.);
#3289 = ORIENTED_EDGE('',*,*,#3245,.T.);
#3290 = ORIENTED_EDGE('',*,*,#3215,.T.);
#3291 = ORIENTED_EDGE('',*,*,#3267,.F.);
#3292 = PLANE('',#3293);
#3293 = AXIS2_PLACEMENT_3D('',#3294,#3295,#3296);
#3294 = CARTESIAN_POINT('',(-120.65,-120.65,2.48285E+03));
#3295 = DIRECTION('',(0.,0.,1.));
#3296 = DIRECTION('',(1.,0.,0.));
#3297 = ADVANCED_FACE('',(#3298),#3304,.T.);
#3298 = FACE_BOUND('',#3299,.T.);
#3299 = EDGE_LOOP('',(#3300,#3301,#3302,#3303));
#3300 = ORIENTED_EDGE('',*,*,#3191,.F.);
#3301 = ORIENTED_EDGE('',*,*,#3252,.T.);
#3302 = ORIENTED_EDGE('',*,*,#3231,.T.);
#3303 = ORIENTED_EDGE('',*,*,#3274,.F.);
#3304 = PLANE('',#3305);
#3305 = AXIS2_PLACEMENT_3D('',#3306,#3307,#3308);
#3306 = CARTESIAN_POINT('',(-120.65,-120.65,2.57175E+03));
#3307 = DIRECTION('',(0.,0.,1.));
#3308 = DIRECTION('',(1.,0.,0.));
#3309 = MANIFOLD_SOLID_BREP('',#3310);
#3310 = CLOSED_SHELL('',(#3311,#3351,#3391,#3413,#3435,#3447));
#3311 = ADVANCED_FACE('',(#3312),#3346,.F.);
#3312 = FACE_BOUND('',#3313,.F.);
#3313 = EDGE_LOOP('',(#3314,#3324,#3332,#3340));
#3314 = ORIENTED_EDGE('',*,*,#3315,.F.);
#3315 = EDGE_CURVE('',#3316,#3318,#3320,.T.);
#3316 = VERTEX_POINT('',#3317);
#3317 = CARTESIAN_POINT('',(-120.65,6.4262E+03,2.48285E+03));
#3318 = VERTEX_POINT('',#3319);
#3319 = CARTESIAN_POINT('',(-120.65,6.4262E+03,2.57175E+03));
#3320 = LINE('',#3321,#3322);
#3321 = CARTESIAN_POINT('',(-120.65,6.4262E+03,2.48285E+03));
#3322 = VECTOR('',#3323,1.);
#3323 = DIRECTION('',(0.,0.,1.));
#3324 = ORIENTED_EDGE('',*,*,#3325,.T.);
#3325 = EDGE_CURVE('',#3316,#3326,#3328,.T.);
#3326 = VERTEX_POINT('',#3327);
#3327 = CARTESIAN_POINT('',(-120.65,6.44525E+03,2.48285E+03));
#3328 = LINE('',#3329,#3330);
#3329 = CARTESIAN_POINT('',(-120.65,6.4262E+03,2.48285E+03));
#3330 = VECTOR('',#3331,1.);
#3331 = DIRECTION('',(0.,1.,0.));
#3332 = ORIENTED_EDGE('',*,*,#3333,.T.);
#3333 = EDGE_CURVE('',#3326,#3334,#3336,.T.);
#3334 = VERTEX_POINT('',#3335);
#3335 = CARTESIAN_POINT('',(-120.65,6.44525E+03,2.57175E+03));
#3336 = LINE('',#3337,#3338);
#3337 = CARTESIAN_POINT('',(-120.65,6.44525E+03,2.48285E+03));
#3338 = VECTOR('',#3339,1.);
#3339 = DIRECTION('',(0.,0.,1.));
#3340 = ORIENTED_EDGE('',*,*,#3341,.F.);
#3341 = EDGE_CURVE('',#3318,#3334,#3342,.T.);
#3342 = LINE('',#3343,#3344);
#3343 = CARTESIAN_POINT('',(-120.65,6.4262E+03,2.57175E+03));
#3344 = VECTOR('',#3345,1.);
#3345 = DIRECTION('',(0.,1.,0.));
#3346 = PLANE('',#3347);
#3347 = AXIS2_PLACEMENT_3D('',#3348,#3349,#3350);
#3348 = CARTESIAN_POINT('',(-120.65,6.4262E+03,2.48285E+03));
#3349 = DIRECTION('',(1.,0.,0.));
#3350 = DIRECTION('',(0.,0.,1.));
#3351 = ADVANCED_FACE('',(#3352),#3386,.T.);
#3352 = FACE_BOUND('',#3353,.T.);
#3353 = EDGE_LOOP('',(#3354,#3364,#3372,#3380));
#3354 = ORIENTED_EDGE('',*,*,#3355,.F.);
#3355 = EDGE_CURVE('',#3356,#3358,#3360,.T.);
#3356 = VERTEX_POINT('',#3357);
#3357 = CARTESIAN_POINT('',(6.45795E+03,6.4262E+03,2.48285E+03));
#3358 = VERTEX_POINT('',#3359);
#3359 = CARTESIAN_POINT('',(6.45795E+03,6.4262E+03,2.57175E+03));
#3360 = LINE('',#3361,#3362);
#3361 = CARTESIAN_POINT('',(6.45795E+03,6.4262E+03,2.48285E+03));
#3362 = VECTOR('',#3363,1.);
#3363 = DIRECTION('',(0.,0.,1.));
#3364 = ORIENTED_EDGE('',*,*,#3365,.T.);
#3365 = EDGE_CURVE('',#3356,#3366,#3368,.T.);
#3366 = VERTEX_POINT('',#3367);
#3367 = CARTESIAN_POINT('',(6.45795E+03,6.44525E+03,2.48285E+03));
#3368 = LINE('',#3369,#3370);
#3369 = CARTESIAN_POINT('',(6.45795E+03,6.4262E+03,2.48285E+03));
#3370 = VECTOR('',#3371,1.);
#3371 = DIRECTION('',(0.,1.,0.));
#3372 = ORIENTED_EDGE('',*,*,#3373,.T.);
#3373 = EDGE_CURVE('',#3366,#3374,#3376,.T.);
#3374 = VERTEX_POINT('',#3375);
#3375 = CARTESIAN_POINT('',(6.45795E+03,6.44525E+03,2.57175E+03));
#3376 = LINE('',#3377,#3378);
#3377 = CARTESIAN_POINT('',(6.45795E+03,6.44525E+03,2.48285E+03));
#3378 = VECTOR('',#3379,1.);
#3379 = DIRECTION('',(0.,0.,1.));
#3380 = ORIENTED_EDGE('',*,*,#3381,.F.);
#3381 = EDGE_CURVE('',#3358,#3374,#3382,.T.);
#3382 = LINE('',#3383,#3384);
#3383 = CARTESIAN_POINT('',(6.45795E+03,6.4262E+03,2.57175E+03));
#3384 = VECTOR('',#3385,1.);
#3385 = DIRECTION('',(0.,1.,0.));
#3386 = PLANE('',#3387);
#3387 = AXIS2_PLACEMENT_3D('',#3388,#3389,#3390);
#3388 = CARTESIAN_POINT('',(6.45795E+03,6.4262E+03,2.48285E+03));
#3389 = DIRECTION('',(1.,0.,0.));
#3390 = DIRECTION('',(0.,0.,1.));
#3391 = ADVANCED_FACE('',(#3392),#3408,.F.);
#3392 = FACE_BOUND('',#3393,.F.);
#3393 = EDGE_LOOP('',(#3394,#3400,#3401,#3407));
#3394 = ORIENTED_EDGE('',*,*,#3395,.F.);
#3395 = EDGE_CURVE('',#3316,#3356,#3396,.T.);
#3396 = LINE('',#3397,#3398);
#3397 = CARTESIAN_POINT('',(-120.65,6.4262E+03,2.48285E+03));
#3398 = VECTOR('',#3399,1.);
#3399 = DIRECTION('',(1.,0.,0.));
#3400 = ORIENTED_EDGE('',*,*,#3315,.T.);
#3401 = ORIENTED_EDGE('',*,*,#3402,.T.);
#3402 = EDGE_CURVE('',#3318,#3358,#3403,.T.);
#3403 = LINE('',#3404,#3405);
#3404 = CARTESIAN_POINT('',(-120.65,6.4262E+03,2.57175E+03));
#3405 = VECTOR('',#3406,1.);
#3406 = DIRECTION('',(1.,0.,0.));
#3407 = ORIENTED_EDGE('',*,*,#3355,.F.);
#3408 = PLANE('',#3409);
#3409 = AXIS2_PLACEMENT_3D('',#3410,#3411,#3412);
#3410 = CARTESIAN_POINT('',(-120.65,6.4262E+03,2.48285E+03));
#3411 = DIRECTION('',(0.,1.,0.));
#3412 = DIRECTION('',(0.,0.,1.));
#3413 = ADVANCED_FACE('',(#3414),#3430,.T.);
#3414 = FACE_BOUND('',#3415,.T.);
#3415 = EDGE_LOOP('',(#3416,#3422,#3423,#3429));
#3416 = ORIENTED_EDGE('',*,*,#3417,.F.);
#3417 = EDGE_CURVE('',#3326,#3366,#3418,.T.);
#3418 = LINE('',#3419,#3420);
#3419 = CARTESIAN_POINT('',(-120.65,6.44525E+03,2.48285E+03));
#3420 = VECTOR('',#3421,1.);
#3421 = DIRECTION('',(1.,0.,0.));
#3422 = ORIENTED_EDGE('',*,*,#3333,.T.);
#3423 = ORIENTED_EDGE('',*,*,#3424,.T.);
#3424 = EDGE_CURVE('',#3334,#3374,#3425,.T.);
#3425 = LINE('',#3426,#3427);
#3426 = CARTESIAN_POINT('',(-120.65,6.44525E+03,2.57175E+03));
#3427 = VECTOR('',#3428,1.);
#3428 = DIRECTION('',(1.,0.,0.));
#3429 = ORIENTED_EDGE('',*,*,#3373,.F.);
#3430 = PLANE('',#3431);
#3431 = AXIS2_PLACEMENT_3D('',#3432,#3433,#3434);
#3432 = CARTESIAN_POINT('',(-120.65,6.44525E+03,2.48285E+03));
#3433 = DIRECTION('',(0.,1.,0.));
#3434 = DIRECTION('',(0.,0.,1.));
#3435 = ADVANCED_FACE('',(#3436),#3442,.F.);
#3436 = FACE_BOUND('',#3437,.F.);
#3437 = EDGE_LOOP('',(#3438,#3439,#3440,#3441));
#3438 = ORIENTED_EDGE('',*,*,#3325,.F.);
#3439 = ORIENTED_EDGE('',*,*,#3395,.T.);
#3440 = ORIENTED_EDGE('',*,*,#3365,.T.);
#3441 = ORIENTED_EDGE('',*,*,#3417,.F.);
#3442 = PLANE('',#3443);
#3443 = AXIS2_PLACEMENT_3D('',#3444,#3445,#3446);
#3444 = CARTESIAN_POINT('',(-120.65,6.4262E+03,2.48285E+03));
#3445 = DIRECTION('',(0.,0.,1.));
#3446 = DIRECTION('',(1.,0.,0.));
#3447 = ADVANCED_FACE('',(#3448),#3454,.T.);
#3448 = FACE_BOUND('',#3449,.T.);
#3449 = EDGE_LOOP('',(#3450,#3451,#3452,#3453));
#3450 = ORIENTED_EDGE('',*,*,#3341,.F.);
#3451 = ORIENTED_EDGE('',*,*,#3402,.T.);
#3452 = ORIENTED_EDGE('',*,*,#3381,.T.);
#3453 = ORIENTED_EDGE('',*,*,#3424,.F.);
#3454 = PLANE('',#3455);
#3455 = AXIS2_PLACEMENT_3D('',#3456,#3457,#3458);
#3456 = CARTESIAN_POINT('',(-120.65,6.4262E+03,2.57175E+03));
#3457 = DIRECTION('',(0.,0.,1.));
#3458 = DIRECTION('',(1.,0.,0.));
#3459 = MANIFOLD_SOLID_BREP('',#3460);
#3460 = CLOSED_SHELL('',(#3461,#3501,#3541,#3563,#3585,#3597));
#3461 = ADVANCED_FACE('',(#3462),#3496,.F.);
#3462 = FACE_BOUND('',#3463,.F.);
#3463 = EDGE_LOOP('',(#3464,#3474,#3482,#3490));
#3464 = ORIENTED_EDGE('',*,*,#3465,.F.);
#3465 = EDGE_CURVE('',#3466,#3468,#3470,.T.);
#3466 = VERTEX_POINT('',#3467);
#3467 = CARTESIAN_POINT('',(-120.65,-101.6,2.48285E+03));
#3468 = VERTEX_POINT('',#3469);
#3469 = CARTESIAN_POINT('',(-120.65,-101.6,2.57175E+03));
#3470 = LINE('',#3471,#3472);
#3471 = CARTESIAN_POINT('',(-120.65,-101.6,2.48285E+03));
#3472 = VECTOR('',#3473,1.);
#3473 = DIRECTION('',(0.,0.,1.));
#3474 = ORIENTED_EDGE('',*,*,#3475,.T.);
#3475 = EDGE_CURVE('',#3466,#3476,#3478,.T.);
#3476 = VERTEX_POINT('',#3477);
#3477 = CARTESIAN_POINT('',(-120.65,6.4262E+03,2.48285E+03));
#3478 = LINE('',#3479,#3480);
#3479 = CARTESIAN_POINT('',(-120.65,-101.6,2.48285E+03));
#3480 = VECTOR('',#3481,1.);
#3481 = DIRECTION('',(0.,1.,0.));
#3482 = ORIENTED_EDGE('',*,*,#3483,.T.);
#3483 = EDGE_CURVE('',#3476,#3484,#3486,.T.);
#3484 = VERTEX_POINT('',#3485);
#3485 = CARTESIAN_POINT('',(-120.65,6.4262E+03,2.57175E+03));
#3486 = LINE('',#3487,#3488);
#3487 = CARTESIAN_POINT('',(-120.65,6.4262E+03,2.48285E+03));
#3488 = VECTOR('',#3489,1.);
#3489 = DIRECTION('',(0.,0.,1.));
#3490 = ORIENTED_EDGE('',*,*,#3491,.F.);
#3491 = EDGE_CURVE('',#3468,#3484,#3492,.T.);
#3492 = LINE('',#3493,#3494);
#3493 = CARTESIAN_POINT('',(-120.65,-101.6,2.57175E+03));
#3494 = VECTOR('',#3495,1.);
#3495 = DIRECTION('',(0.,1.,0.));
#3496 = PLANE('',#3497);
#3497 = AXIS2_PLACEMENT_3D('',#3498,#3499,#3500);
#3498 = CARTESIAN_POINT('',(-120.65,-101.6,2.48285E+03));
#3499 = DIRECTION('',(1.,0.,0.));
#3500 = DIRECTION('',(0.,0.,1.));
#3501 = ADVANCED_FACE('',(#3502),#3536,.T.);
#3502 = FACE_BOUND('',#3503,.T.);
#3503 = EDGE_LOOP('',(#3504,#3514,#3522,#3530));
#3504 = ORIENTED_EDGE('',*,*,#3505,.F.);
#3505 = EDGE_CURVE('',#3506,#3508,#3510,.T.);
#3506 = VERTEX_POINT('',#3507);
#3507 = CARTESIAN_POINT('',(-101.6,-101.6,2.48285E+03));
#3508 = VERTEX_POINT('',#3509);
#3509 = CARTESIAN_POINT('',(-101.6,-101.6,2.57175E+03));
#3510 = LINE('',#3511,#3512);
#3511 = CARTESIAN_POINT('',(-101.6,-101.6,2.48285E+03));
#3512 = VECTOR('',#3513,1.);
#3513 = DIRECTION('',(0.,0.,1.));
#3514 = ORIENTED_EDGE('',*,*,#3515,.T.);
#3515 = EDGE_CURVE('',#3506,#3516,#3518,.T.);
#3516 = VERTEX_POINT('',#3517);
#3517 = CARTESIAN_POINT('',(-101.6,6.4262E+03,2.48285E+03));
#3518 = LINE('',#3519,#3520);
#3519 = CARTESIAN_POINT('',(-101.6,-101.6,2.48285E+03));
#3520 = VECTOR('',#3521,1.);
#3521 = DIRECTION('',(0.,1.,0.));
#3522 = ORIENTED_EDGE('',*,*,#3523,.T.);
#3523 = EDGE_CURVE('',#3516,#3524,#3526,.T.);
#3524 = VERTEX_POINT('',#3525);
#3525 = CARTESIAN_POINT('',(-101.6,6.4262E+03,2.57175E+03));
#3526 = LINE('',#3527,#3528);
#3527 = CARTESIAN_POINT('',(-101.6,6.4262E+03,2.48285E+03));
#3528 = VECTOR('',#3529,1.);
#3529 = DIRECTION('',(0.,0.,1.));
#3530 = ORIENTED_EDGE('',*,*,#3531,.F.);
#3531 = EDGE_CURVE('',#3508,#3524,#3532,.T.);
#3532 = LINE('',#3533,#3534);
#3533 = CARTESIAN_POINT('',(-101.6,-101.6,2.57175E+03));
#3534 = VECTOR('',#3535,1.);
#3535 = DIRECTION('',(0.,1.,0.));
#3536 = PLANE('',#3537);
#3537 = AXIS2_PLACEMENT_3D('',#3538,#3539,#3540);
#3538 = CARTESIAN_POINT('',(-101.6,-101.6,2.48285E+03));
#3539 = DIRECTION('',(1.,0.,0.));
#3540 = DIRECTION('',(0.,0.,1.));
#3541 = ADVANCED_FACE('',(#3542),#3558,.F.);
#3542 = FACE_BOUND('',#3543,.F.);
#3543 = EDGE_LOOP('',(#3544,#3550,#3551,#3557));
#3544 = ORIENTED_EDGE('',*,*,#3545,.F.);
#3545 = EDGE_CURVE('',#3466,#3506,#3546,.T.);
#3546 = LINE('',#3547,#3548);
#3547 = CARTESIAN_POINT('',(-120.65,-101.6,2.48285E+03));
#3548 = VECTOR('',#3549,1.);
#3549 = DIRECTION('',(1.,0.,0.));
#3550 = ORIENTED_EDGE('',*,*,#3465,.T.);
#3551 = ORIENTED_EDGE('',*,*,#3552,.T.);
#3552 = EDGE_CURVE('',#3468,#3508,#3553,.T.);
#3553 = LINE('',#3554,#3555);
#3554 = CARTESIAN_POINT('',(-120.65,-101.6,2.57175E+03));
#3555 = VECTOR('',#3556,1.);
#3556 = DIRECTION('',(1.,0.,0.));
#3557 = ORIENTED_EDGE('',*,*,#3505,.F.);
#3558 = PLANE('',#3559);
#3559 = AXIS2_PLACEMENT_3D('',#3560,#3561,#3562);
#3560 = CARTESIAN_POINT('',(-120.65,-101.6,2.48285E+03));
#3561 = DIRECTION('',(0.,1.,0.));
#3562 = DIRECTION('',(0.,0.,1.));
#3563 = ADVANCED_FACE('',(#3564),#3580,.T.);
#3564 = FACE_BOUND('',#3565,.T.);
#3565 = EDGE_LOOP('',(#3566,#3572,#3573,#3579));
#3566 = ORIENTED_EDGE('',*,*,#3567,.F.);
#3567 = EDGE_CURVE('',#3476,#3516,#3568,.T.);
#3568 = LINE('',#3569,#3570);
#3569 = CARTESIAN_POINT('',(-120.65,6.4262E+03,2.48285E+03));
#3570 = VECTOR('',#3571,1.);
#3571 = DIRECTION('',(1.,0.,0.));
#3572 = ORIENTED_EDGE('',*,*,#3483,.T.);
#3573 = ORIENTED_EDGE('',*,*,#3574,.T.);
#3574 = EDGE_CURVE('',#3484,#3524,#3575,.T.);
#3575 = LINE('',#3576,#3577);
#3576 = CARTESIAN_POINT('',(-120.65,6.4262E+03,2.57175E+03));
#3577 = VECTOR('',#3578,1.);
#3578 = DIRECTION('',(1.,0.,0.));
#3579 = ORIENTED_EDGE('',*,*,#3523,.F.);
#3580 = PLANE('',#3581);
#3581 = AXIS2_PLACEMENT_3D('',#3582,#3583,#3584);
#3582 = CARTESIAN_POINT('',(-120.65,6.4262E+03,2.48285E+03));
#3583 = DIRECTION('',(0.,1.,0.));
#3584 = DIRECTION('',(0.,0.,1.));
#3585 = ADVANCED_FACE('',(#3586),#3592,.F.);
#3586 = FACE_BOUND('',#3587,.F.);
#3587 = EDGE_LOOP('',(#3588,#3589,#3590,#3591));
#3588 = ORIENTED_EDGE('',*,*,#3475,.F.);
#3589 = ORIENTED_EDGE('',*,*,#3545,.T.);
#3590 = ORIENTED_EDGE('',*,*,#3515,.T.);
#3591 = ORIENTED_EDGE('',*,*,#3567,.F.);
#3592 = PLANE('',#3593);
#3593 = AXIS2_PLACEMENT_3D('',#3594,#3595,#3596);
#3594 = CARTESIAN_POINT('',(-120.65,-101.6,2.48285E+03));
#3595 = DIRECTION('',(0.,0.,1.));
#3596 = DIRECTION('',(1.,0.,0.));
#3597 = ADVANCED_FACE('',(#3598),#3604,.T.);
#3598 = FACE_BOUND('',#3599,.T.);
#3599 = EDGE_LOOP('',(#3600,#3601,#3602,#3603));
#3600 = ORIENTED_EDGE('',*,*,#3491,.F.);
#3601 = ORIENTED_EDGE('',*,*,#3552,.T.);
#3602 = ORIENTED_EDGE('',*,*,#3531,.T.);
#3603 = ORIENTED_EDGE('',*,*,#3574,.F.);
#3604 = PLANE('',#3605);
#3605 = AXIS2_PLACEMENT_3D('',#3606,#3607,#3608);
#3606 = CARTESIAN_POINT('',(-120.65,-101.6,2.57175E+03));
#3607 = DIRECTION('',(0.,0.,1.));
#3608 = DIRECTION('',(1.,0.,0.));
#3609 = MANIFOLD_SOLID_BREP('',#3610);
#3610 = CLOSED_SHELL('',(#3611,#3651,#3691,#3713,#3735,#3747));
#3611 = ADVANCED_FACE('',(#3612),#3646,.F.);
#3612 = FACE_BOUND('',#3613,.F.);
#3613 = EDGE_LOOP('',(#3614,#3624,#3632,#3640));
#3614 = ORIENTED_EDGE('',*,*,#3615,.F.);
#3615 = EDGE_CURVE('',#3616,#3618,#3620,.T.);
#3616 = VERTEX_POINT('',#3617);
#3617 = CARTESIAN_POINT('',(6.4389E+03,-101.6,2.48285E+03));
#3618 = VERTEX_POINT('',#3619);
#3619 = CARTESIAN_POINT('',(6.4389E+03,-101.6,2.57175E+03));
#3620 = LINE('',#3621,#3622);
#3621 = CARTESIAN_POINT('',(6.4389E+03,-101.6,2.48285E+03));
#3622 = VECTOR('',#3623,1.);
#3623 = DIRECTION('',(0.,0.,1.));
#3624 = ORIENTED_EDGE('',*,*,#3625,.T.);
#3625 = EDGE_CURVE('',#3616,#3626,#3628,.T.);
#3626 = VERTEX_POINT('',#3627);
#3627 = CARTESIAN_POINT('',(6.4389E+03,6.4262E+03,2.48285E+03));
#3628 = LINE('',#3629,#3630);
#3629 = CARTESIAN_POINT('',(6.4389E+03,-101.6,2.48285E+03));
#3630 = VECTOR('',#3631,1.);
#3631 = DIRECTION('',(0.,1.,0.));
#3632 = ORIENTED_EDGE('',*,*,#3633,.T.);
#3633 = EDGE_CURVE('',#3626,#3634,#3636,.T.);
#3634 = VERTEX_POINT('',#3635);
#3635 = CARTESIAN_POINT('',(6.4389E+03,6.4262E+03,2.57175E+03));
#3636 = LINE('',#3637,#3638);
#3637 = CARTESIAN_POINT('',(6.4389E+03,6.4262E+03,2.48285E+03));
#3638 = VECTOR('',#3639,1.);
#3639 = DIRECTION('',(0.,0.,1.));
#3640 = ORIENTED_EDGE('',*,*,#3641,.F.);
#3641 = EDGE_CURVE('',#3618,#3634,#3642,.T.);
#3642 = LINE('',#3643,#3644);
#3643 = CARTESIAN_POINT('',(6.4389E+03,-101.6,2.57175E+03));
#3644 = VECTOR('',#3645,1.);
#3645 = DIRECTION('',(0.,1.,0.));
#3646 = PLANE('',#3647);
#3647 = AXIS2_PLACEMENT_3D('',#3648,#3649,#3650);
#3648 = CARTESIAN_POINT('',(6.4389E+03,-101.6,2.48285E+03));
#3649 = DIRECTION('',(1.,0.,0.));
#3650 = DIRECTION('',(0.,0.,1.));
#3651 = ADVANCED_FACE('',(#3652),#3686,.T.);
#3652 = FACE_BOUND('',#3653,.T.);
#3653 = EDGE_LOOP('',(#3654,#3664,#3672,#3680));
#3654 = ORIENTED_EDGE('',*,*,#3655,.F.);
#3655 = EDGE_CURVE('',#3656,#3658,#3660,.T.);
#3656 = VERTEX_POINT('',#3657);
#3657 = CARTESIAN_POINT('',(6.45795E+03,-101.6,2.48285E+03));
#3658 = VERTEX_POINT('',#3659);
#3659 = CARTESIAN_POINT('',(6.45795E+03,-101.6,2.57175E+03));
#3660 = LINE('',#3661,#3662);
#3661 = CARTESIAN_POINT('',(6.45795E+03,-101.6,2.48285E+03));
#3662 = VECTOR('',#3663,1.);
#3663 = DIRECTION('',(0.,0.,1.));
#3664 = ORIENTED_EDGE('',*,*,#3665,.T.);
#3665 = EDGE_CURVE('',#3656,#3666,#3668,.T.);
#3666 = VERTEX_POINT('',#3667);
#3667 = CARTESIAN_POINT('',(6.45795E+03,6.4262E+03,2.48285E+03));
#3668 = LINE('',#3669,#3670);
#3669 = CARTESIAN_POINT('',(6.45795E+03,-101.6,2.48285E+03));
#3670 = VECTOR('',#3671,1.);
#3671 = DIRECTION('',(0.,1.,0.));
#3672 = ORIENTED_EDGE('',*,*,#3673,.T.);
#3673 = EDGE_CURVE('',#3666,#3674,#3676,.T.);
#3674 = VERTEX_POINT('',#3675);
#3675 = CARTESIAN_POINT('',(6.45795E+03,6.4262E+03,2.57175E+03));
#3676 = LINE('',#3677,#3678);
#3677 = CARTESIAN_POINT('',(6.45795E+03,6.4262E+03,2.48285E+03));
#3678 = VECTOR('',#3679,1.);
#3679 = DIRECTION('',(0.,0.,1.));
#3680 = ORIENTED_EDGE('',*,*,#3681,.F.);
#3681 = EDGE_CURVE('',#3658,#3674,#3682,.T.);
#3682 = LINE('',#3683,#3684);
#3683 = CARTESIAN_POINT('',(6.45795E+03,-101.6,2.57175E+03));
#3684 = VECTOR('',#3685,1.);
#3685 = DIRECTION('',(0.,1.,0.));
#3686 = PLANE('',#3687);
#3687 = AXIS2_PLACEMENT_3D('',#3688,#3689,#3690);
#3688 = CARTESIAN_POINT('',(6.45795E+03,-101.6,2.48285E+03));
#3689 = DIRECTION('',(1.,0.,0.));
#3690 = DIRECTION('',(0.,0.,1.));
#3691 = ADVANCED_FACE('',(#3692),#3708,.F.);
#3692 = FACE_BOUND('',#3693,.F.);
#3693 = EDGE_LOOP('',(#3694,#3700,#3701,#3707));
#3694 = ORIENTED_EDGE('',*,*,#3695,.F.);
#3695 = EDGE_CURVE('',#3616,#3656,#3696,.T.);
#3696 = LINE('',#3697,#3698);
#3697 = CARTESIAN_POINT('',(6.4389E+03,-101.6,2.48285E+03));
#3698 = VECTOR('',#3699,1.);
#3699 = DIRECTION('',(1.,0.,0.));
#3700 = ORIENTED_EDGE('',*,*,#3615,.T.);
#3701 = ORIENTED_EDGE('',*,*,#3702,.T.);
#3702 = EDGE_CURVE('',#3618,#3658,#3703,.T.);
#3703 = LINE('',#3704,#3705);
#3704 = CARTESIAN_POINT('',(6.4389E+03,-101.6,2.57175E+03));
#3705 = VECTOR('',#3706,1.);
#3706 = DIRECTION('',(1.,0.,0.));
#3707 = ORIENTED_EDGE('',*,*,#3655,.F.);
#3708 = PLANE('',#3709);
#3709 = AXIS2_PLACEMENT_3D('',#3710,#3711,#3712);
#3710 = CARTESIAN_POINT('',(6.4389E+03,-101.6,2.48285E+03));
#3711 = DIRECTION('',(0.,1.,0.));
#3712 = DIRECTION('',(0.,0.,1.));
#3713 = ADVANCED_FACE('',(#3714),#3730,.T.);
#3714 = FACE_BOUND('',#3715,.T.);
#3715 = EDGE_LOOP('',(#3716,#3722,#3723,#3729));
#3716 = ORIENTED_EDGE('',*,*,#3717,.F.);
#3717 = EDGE_CURVE('',#3626,#3666,#3718,.T.);
#3718 = LINE('',#3719,#3720);
#3719 = CARTESIAN_POINT('',(6.4389E+03,6.4262E+03,2.48285E+03));
#3720 = VECTOR('',#3721,1.);
#3721 = DIRECTION('',(1.,0.,0.));
#3722 = ORIENTED_EDGE('',*,*,#3633,.T.);
#3723 = ORIENTED_EDGE('',*,*,#3724,.T.);
#3724 = EDGE_CURVE('',#3634,#3674,#3725,.T.);
#3725 = LINE('',#3726,#3727);
#3726 = CARTESIAN_POINT('',(6.4389E+03,6.4262E+03,2.57175E+03));
#3727 = VECTOR('',#3728,1.);
#3728 = DIRECTION('',(1.,0.,0.));
#3729 = ORIENTED_EDGE('',*,*,#3673,.F.);
#3730 = PLANE('',#3731);
#3731 = AXIS2_PLACEMENT_3D('',#3732,#3733,#3734);
#3732 = CARTESIAN_POINT('',(6.4389E+03,6.4262E+03,2.48285E+03));
#3733 = DIRECTION('',(0.,1.,0.));
#3734 = DIRECTION('',(0.,0.,1.));
#3735 = ADVANCED_FACE('',(#3736),#3742,.F.);
#3736 = FACE_BOUND('',#3737,.F.);
#3737 = EDGE_LOOP('',(#3738,#3739,#3740,#3741));
#3738 = ORIENTED_EDGE('',*,*,#3625,.F.);
#3739 = ORIENTED_EDGE('',*,*,#3695,.T.);
#3740 = ORIENTED_EDGE('',*,*,#3665,.T.);
#3741 = ORIENTED_EDGE('',*,*,#3717,.F.);
#3742 = PLANE('',#3743);
#3743 = AXIS2_PLACEMENT_3D('',#3744,#3745,#3746);
#3744 = CARTESIAN_POINT('',(6.4389E+03,-101.6,2.48285E+03));
#3745 = DIRECTION('',(0.,0.,1.));
#3746 = DIRECTION('',(1.,0.,0.));
#3747 = ADVANCED_FACE('',(#3748),#3754,.T.);
#3748 = FACE_BOUND('',#3749,.T.);
#3749 = EDGE_LOOP('',(#3750,#3751,#3752,#3753));
#3750 = ORIENTED_EDGE('',*,*,#3641,.F.);
#3751 = ORIENTED_EDGE('',*,*,#3702,.T.);
#3752 = ORIENTED_EDGE('',*,*,#3681,.T.);
#3753 = ORIENTED_EDGE('',*,*,#3724,.F.);
#3754 = PLANE('',#3755);
#3755 = AXIS2_PLACEMENT_3D('',#3756,#3757,#3758);
#3756 = CARTESIAN_POINT('',(6.4389E+03,-101.6,2.57175E+03));
#3757 = DIRECTION('',(0.,0.,1.));
#3758 = DIRECTION('',(1.,0.,0.));
#3759 = MANIFOLD_SOLID_BREP('',#3760);
#3760 = CLOSED_SHELL('',(#3761,#3801,#3832,#3856,#3880,#3897));
#3761 = ADVANCED_FACE('',(#3762),#3796,.F.);
#3762 = FACE_BOUND('',#3763,.F.);
#3763 = EDGE_LOOP('',(#3764,#3774,#3782,#3790));
#3764 = ORIENTED_EDGE('',*,*,#3765,.F.);
#3765 = EDGE_CURVE('',#3766,#3768,#3770,.T.);
#3766 = VERTEX_POINT('',#3767);
#3767 = CARTESIAN_POINT('',(3.1877E+03,2.9337E+03,3.8862E+03));
#3768 = VERTEX_POINT('',#3769);
#3769 = CARTESIAN_POINT('',(3.1877E+03,3.3909E+03,3.8862E+03));
#3770 = LINE('',#3771,#3772);
#3771 = CARTESIAN_POINT('',(3.1877E+03,2.794E+03,3.8862E+03));
#3772 = VECTOR('',#3773,1.);
#3773 = DIRECTION('',(2.22044604925E-16,1.,0.));
#3774 = ORIENTED_EDGE('',*,*,#3775,.F.);
#3775 = EDGE_CURVE('',#3776,#3766,#3778,.T.);
#3776 = VERTEX_POINT('',#3777);
#3777 = CARTESIAN_POINT('',(3.1877E+03,2.9337E+03,4.0259E+03));
#3778 = LINE('',#3779,#3780);
#3779 = CARTESIAN_POINT('',(3.1877E+03,2.9337E+03,3.8857E+03));
#3780 = VECTOR('',#3781,1.);
#3781 = DIRECTION('',(0.,0.,-1.));
#3782 = ORIENTED_EDGE('',*,*,#3783,.T.);
#3783 = EDGE_CURVE('',#3776,#3784,#3786,.T.);
#3784 = VERTEX_POINT('',#3785);
#3785 = CARTESIAN_POINT('',(3.1877E+03,3.3909E+03,4.0259E+03));
#3786 = LINE('',#3787,#3788);
#3787 = CARTESIAN_POINT('',(3.1877E+03,2.794E+03,4.0259E+03));
#3788 = VECTOR('',#3789,1.);
#3789 = DIRECTION('',(2.22044604925E-16,1.,0.));
#3790 = ORIENTED_EDGE('',*,*,#3791,.T.);
#3791 = EDGE_CURVE('',#3784,#3768,#3792,.T.);
#3792 = LINE('',#3793,#3794);
#3793 = CARTESIAN_POINT('',(3.1877E+03,3.3909E+03,3.8857E+03));
#3794 = VECTOR('',#3795,1.);
#3795 = DIRECTION('',(0.,0.,-1.));
#3796 = PLANE('',#3797);
#3797 = AXIS2_PLACEMENT_3D('',#3798,#3799,#3800);
#3798 = CARTESIAN_POINT('',(3.1877E+03,2.794E+03,3.8862E+03));
#3799 = DIRECTION('',(-1.,2.22044604925E-16,0.));
#3800 = DIRECTION('',(0.,0.,1.));
#3801 = ADVANCED_FACE('',(#3802),#3827,.F.);
#3802 = FACE_BOUND('',#3803,.F.);
#3803 = EDGE_LOOP('',(#3804,#3814,#3820,#3821));
#3804 = ORIENTED_EDGE('',*,*,#3805,.F.);
#3805 = EDGE_CURVE('',#3806,#3808,#3810,.T.);
#3806 = VERTEX_POINT('',#3807);
#3807 = CARTESIAN_POINT('',(3.1496E+03,2.9337E+03,3.8862E+03));
#3808 = VERTEX_POINT('',#3809);
#3809 = CARTESIAN_POINT('',(3.1496E+03,3.3909E+03,3.8862E+03));
#3810 = LINE('',#3811,#3812);
#3811 = CARTESIAN_POINT('',(3.1496E+03,2.794E+03,3.8862E+03));
#3812 = VECTOR('',#3813,1.);
#3813 = DIRECTION('',(2.22044604925E-16,1.,0.));
#3814 = ORIENTED_EDGE('',*,*,#3815,.F.);
#3815 = EDGE_CURVE('',#3766,#3806,#3816,.T.);
#3816 = LINE('',#3817,#3818);
#3817 = CARTESIAN_POINT('',(3.1882E+03,2.9337E+03,3.8862E+03));
#3818 = VECTOR('',#3819,1.);
#3819 = DIRECTION('',(-1.,2.22044604925E-16,0.));
#3820 = ORIENTED_EDGE('',*,*,#3765,.T.);
#3821 = ORIENTED_EDGE('',*,*,#3822,.T.);
#3822 = EDGE_CURVE('',#3768,#3808,#3823,.T.);
#3823 = LINE('',#3824,#3825);
#3824 = CARTESIAN_POINT('',(3.1882E+03,3.3909E+03,3.8862E+03));
#3825 = VECTOR('',#3826,1.);
#3826 = DIRECTION('',(-1.,2.22044604925E-16,0.));
#3827 = PLANE('',#3828);
#3828 = AXIS2_PLACEMENT_3D('',#3829,#3830,#3831);
#3829 = CARTESIAN_POINT('',(3.1877E+03,2.794E+03,3.8862E+03));
#3830 = DIRECTION('',(0.,0.,1.));
#3831 = DIRECTION('',(2.22044604925E-16,1.,0.));
#3832 = ADVANCED_FACE('',(#3833),#3851,.T.);
#3833 = FACE_BOUND('',#3834,.T.);
#3834 = EDGE_LOOP('',(#3835,#3843,#3844,#3845));
#3835 = ORIENTED_EDGE('',*,*,#3836,.F.);
#3836 = EDGE_CURVE('',#3784,#3837,#3839,.T.);
#3837 = VERTEX_POINT('',#3838);
#3838 = CARTESIAN_POINT('',(3.1496E+03,3.3909E+03,4.0259E+03));
#3839 = LINE('',#3840,#3841);
#3840 = CARTESIAN_POINT('',(3.1882E+03,3.3909E+03,4.0259E+03));
#3841 = VECTOR('',#3842,1.);
#3842 = DIRECTION('',(-1.,2.22044604925E-16,0.));
#3843 = ORIENTED_EDGE('',*,*,#3791,.T.);
#3844 = ORIENTED_EDGE('',*,*,#3822,.T.);
#3845 = ORIENTED_EDGE('',*,*,#3846,.F.);
#3846 = EDGE_CURVE('',#3837,#3808,#3847,.T.);
#3847 = LINE('',#3848,#3849);
#3848 = CARTESIAN_POINT('',(3.1496E+03,3.3909E+03,3.8857E+03));
#3849 = VECTOR('',#3850,1.);
#3850 = DIRECTION('',(0.,0.,-1.));
#3851 = PLANE('',#3852);
#3852 = AXIS2_PLACEMENT_3D('',#3853,#3854,#3855);
#3853 = CARTESIAN_POINT('',(3.1887E+03,3.3909E+03,3.8852E+03));
#3854 = DIRECTION('',(2.22044604925E-16,1.,0.));
#3855 = DIRECTION('',(0.,0.,1.));
#3856 = ADVANCED_FACE('',(#3857),#3875,.T.);
#3857 = FACE_BOUND('',#3858,.T.);
#3858 = EDGE_LOOP('',(#3859,#3867,#3873,#3874));
#3859 = ORIENTED_EDGE('',*,*,#3860,.F.);
#3860 = EDGE_CURVE('',#3861,#3837,#3863,.T.);
#3861 = VERTEX_POINT('',#3862);
#3862 = CARTESIAN_POINT('',(3.1496E+03,2.9337E+03,4.0259E+03));
#3863 = LINE('',#3864,#3865);
#3864 = CARTESIAN_POINT('',(3.1496E+03,2.794E+03,4.0259E+03));
#3865 = VECTOR('',#3866,1.);
#3866 = DIRECTION('',(2.22044604925E-16,1.,0.));
#3867 = ORIENTED_EDGE('',*,*,#3868,.F.);
#3868 = EDGE_CURVE('',#3776,#3861,#3869,.T.);
#3869 = LINE('',#3870,#3871);
#3870 = CARTESIAN_POINT('',(3.1882E+03,2.9337E+03,4.0259E+03));
#3871 = VECTOR('',#3872,1.);
#3872 = DIRECTION('',(-1.,2.22044604925E-16,0.));
#3873 = ORIENTED_EDGE('',*,*,#3783,.T.);
#3874 = ORIENTED_EDGE('',*,*,#3836,.T.);
#3875 = PLANE('',#3876);
#3876 = AXIS2_PLACEMENT_3D('',#3877,#3878,#3879);
#3877 = CARTESIAN_POINT('',(3.1877E+03,2.794E+03,4.0259E+03));
#3878 = DIRECTION('',(0.,0.,1.));
#3879 = DIRECTION('',(2.22044604925E-16,1.,0.));
#3880 = ADVANCED_FACE('',(#3881),#3892,.F.);
#3881 = FACE_BOUND('',#3882,.F.);
#3882 = EDGE_LOOP('',(#3883,#3884,#3885,#3886));
#3883 = ORIENTED_EDGE('',*,*,#3868,.F.);
#3884 = ORIENTED_EDGE('',*,*,#3775,.T.);
#3885 = ORIENTED_EDGE('',*,*,#3815,.T.);
#3886 = ORIENTED_EDGE('',*,*,#3887,.F.);
#3887 = EDGE_CURVE('',#3861,#3806,#3888,.T.);
#3888 = LINE('',#3889,#3890);
#3889 = CARTESIAN_POINT('',(3.1496E+03,2.9337E+03,3.8857E+03));
#3890 = VECTOR('',#3891,1.);
#3891 = DIRECTION('',(0.,0.,-1.));
#3892 = PLANE('',#3893);
#3893 = AXIS2_PLACEMENT_3D('',#3894,#3895,#3896);
#3894 = CARTESIAN_POINT('',(3.1887E+03,2.9337E+03,3.8852E+03));
#3895 = DIRECTION('',(2.22044604925E-16,1.,0.));
#3896 = DIRECTION('',(0.,0.,1.));
#3897 = ADVANCED_FACE('',(#3898),#3904,.T.);
#3898 = FACE_BOUND('',#3899,.T.);
#3899 = EDGE_LOOP('',(#3900,#3901,#3902,#3903));
#3900 = ORIENTED_EDGE('',*,*,#3805,.F.);
#3901 = ORIENTED_EDGE('',*,*,#3887,.F.);
#3902 = ORIENTED_EDGE('',*,*,#3860,.T.);
#3903 = ORIENTED_EDGE('',*,*,#3846,.T.);
#3904 = PLANE('',#3905);
#3905 = AXIS2_PLACEMENT_3D('',#3906,#3907,#3908);
#3906 = CARTESIAN_POINT('',(3.1496E+03,2.794E+03,3.8862E+03));
#3907 = DIRECTION('',(-1.,2.22044604925E-16,0.));
#3908 = DIRECTION('',(0.,0.,1.));
#3909 = MANIFOLD_SOLID_BREP('',#3910);
#3910 = CLOSED_SHELL('',(#3911,#3959,#3990,#4014,#4046,#4070,#4095,#4112
    ));
#3911 = ADVANCED_FACE('',(#3912),#3954,.F.);
#3912 = FACE_BOUND('',#3913,.F.);
#3913 = EDGE_LOOP('',(#3914,#3924,#3932,#3940,#3948));
#3914 = ORIENTED_EDGE('',*,*,#3915,.F.);
#3915 = EDGE_CURVE('',#3916,#3918,#3920,.T.);
#3916 = VERTEX_POINT('',#3917);
#3917 = CARTESIAN_POINT('',(66.482216637518,27.11921980805,2.5019E+03));
#3918 = VERTEX_POINT('',#3919);
#3919 = CARTESIAN_POINT('',(3.181612593443E+03,2.919740283985E+03,
    3.879052232217E+03));
#3920 = LINE('',#3921,#3922);
#3921 = CARTESIAN_POINT('',(-173.5261308206,-195.7456742602,
    2.395795923614E+03));
#3922 = VECTOR('',#3923,1.);
#3923 = DIRECTION('',(0.697125004525,0.647330361345,0.308188467252));
#3924 = ORIENTED_EDGE('',*,*,#3925,.F.);
#3925 = EDGE_CURVE('',#3926,#3916,#3928,.T.);
#3926 = VERTEX_POINT('',#3927);
#3927 = CARTESIAN_POINT('',(-72.1384816173,-101.6,2.5019E+03));
#3928 = LINE('',#3929,#3930);
#3929 = CARTESIAN_POINT('',(-285.2823851272,-299.5193389734,2.5019E+03)
  );
#3930 = VECTOR('',#3931,1.);
#3931 = DIRECTION('',(0.732793491626,0.680451099367,0.));
#3932 = ORIENTED_EDGE('',*,*,#3933,.F.);
#3933 = EDGE_CURVE('',#3934,#3926,#3936,.T.);
#3934 = VERTEX_POINT('',#3935);
#3935 = CARTESIAN_POINT('',(-72.1384816173,-101.6,2.587465644423E+03));
#3936 = LINE('',#3937,#3938);
#3937 = CARTESIAN_POINT('',(-72.1384816173,-101.6,2.169447961807E+03));
#3938 = VECTOR('',#3939,1.);
#3939 = DIRECTION('',(0.,0.,-1.));
#3940 = ORIENTED_EDGE('',*,*,#3941,.T.);
#3941 = EDGE_CURVE('',#3934,#3942,#3944,.T.);
#3942 = VERTEX_POINT('',#3943);
#3943 = CARTESIAN_POINT('',(3.181612593443E+03,2.919740283985E+03,
    4.0259E+03));
#3944 = LINE('',#3945,#3946);
#3945 = CARTESIAN_POINT('',(-205.0757696892,-225.0417674953,
    2.528696071125E+03));
#3946 = VECTOR('',#3947,1.);
#3947 = DIRECTION('',(0.697125004525,0.647330361345,0.308188467252));
#3948 = ORIENTED_EDGE('',*,*,#3949,.T.);
#3949 = EDGE_CURVE('',#3942,#3918,#3950,.T.);
#3950 = LINE('',#3951,#3952);
#3951 = CARTESIAN_POINT('',(3.181612593443E+03,2.919740283985E+03,
    2.413422961807E+03));
#3952 = VECTOR('',#3953,1.);
#3953 = DIRECTION('',(0.,0.,-1.));
#3954 = PLANE('',#3955);
#3955 = AXIS2_PLACEMENT_3D('',#3956,#3957,#3958);
#3956 = CARTESIAN_POINT('',(-173.5261308206,-195.7456742602,
    2.395795923614E+03));
#3957 = DIRECTION('',(-0.680451099367,0.732793491626,0.));
#3958 = DIRECTION('',(-0.225838502996,-0.209707181354,0.951325322197));
#3959 = ADVANCED_FACE('',(#3960),#3985,.F.);
#3960 = FACE_BOUND('',#3961,.F.);
#3961 = EDGE_LOOP('',(#3962,#3972,#3978,#3979));
#3962 = ORIENTED_EDGE('',*,*,#3963,.F.);
#3963 = EDGE_CURVE('',#3964,#3966,#3968,.T.);
#3964 = VERTEX_POINT('',#3965);
#3965 = CARTESIAN_POINT('',(40.557029751625,55.038651839012,2.5019E+03)
  );
#3966 = VERTEX_POINT('',#3967);
#3967 = CARTESIAN_POINT('',(3.155687406557E+03,2.947659716015E+03,
    3.879052232217E+03));
#3968 = LINE('',#3969,#3970);
#3969 = CARTESIAN_POINT('',(-199.4513177065,-167.8262422292,
    2.395795923614E+03));
#3970 = VECTOR('',#3971,1.);
#3971 = DIRECTION('',(0.697125004525,0.647330361345,0.308188467252));
#3972 = ORIENTED_EDGE('',*,*,#3973,.F.);
#3973 = EDGE_CURVE('',#3916,#3964,#3974,.T.);
#3974 = LINE('',#3975,#3976);
#3975 = CARTESIAN_POINT('',(161.54123521912,-75.25203097214,2.5019E+03)
  );
#3976 = VECTOR('',#3977,1.);
#3977 = DIRECTION('',(-0.680451099367,0.732793491626,0.));
#3978 = ORIENTED_EDGE('',*,*,#3915,.T.);
#3979 = ORIENTED_EDGE('',*,*,#3980,.T.);
#3980 = EDGE_CURVE('',#3918,#3966,#3981,.T.);
#3981 = LINE('',#3982,#3983);
#3982 = CARTESIAN_POINT('',(3.181952818993E+03,2.919373887239E+03,
    3.879052232217E+03));
#3983 = VECTOR('',#3984,1.);
#3984 = DIRECTION('',(-0.680451099367,0.732793491626,0.));
#3985 = PLANE('',#3986);
#3986 = AXIS2_PLACEMENT_3D('',#3987,#3988,#3989);
#3987 = CARTESIAN_POINT('',(-173.5261308206,-195.7456742602,
    2.395795923614E+03));
#3988 = DIRECTION('',(-0.225838502996,-0.209707181354,0.951325322197));
#3989 = DIRECTION('',(0.697125004525,0.647330361345,0.308188467252));
#3990 = ADVANCED_FACE('',(#3991),#4009,.T.);
#3991 = FACE_BOUND('',#3992,.T.);
#3992 = EDGE_LOOP('',(#3993,#4001,#4002,#4003));
#3993 = ORIENTED_EDGE('',*,*,#3994,.F.);
#3994 = EDGE_CURVE('',#3942,#3995,#3997,.T.);
#3995 = VERTEX_POINT('',#3996);
#3996 = CARTESIAN_POINT('',(3.155687406557E+03,2.947659716015E+03,
    4.0259E+03));
#3997 = LINE('',#3998,#3999);
#3998 = CARTESIAN_POINT('',(3.181952818993E+03,2.919373887239E+03,
    4.0259E+03));
#3999 = VECTOR('',#4000,1.);
#4000 = DIRECTION('',(-0.680451099367,0.732793491626,0.));
#4001 = ORIENTED_EDGE('',*,*,#3949,.T.);
#4002 = ORIENTED_EDGE('',*,*,#3980,.T.);
#4003 = ORIENTED_EDGE('',*,*,#4004,.F.);
#4004 = EDGE_CURVE('',#3995,#3966,#4005,.T.);
#4005 = LINE('',#4006,#4007);
#4006 = CARTESIAN_POINT('',(3.155687406557E+03,2.947659716015E+03,
    2.413422961807E+03));
#4007 = VECTOR('',#4008,1.);
#4008 = DIRECTION('',(0.,0.,-1.));
#4009 = PLANE('',#4010);
#4010 = AXIS2_PLACEMENT_3D('',#4011,#4012,#4013);
#4011 = CARTESIAN_POINT('',(3.182293044542E+03,2.919007490493E+03,
    2.43105E+03));
#4012 = DIRECTION('',(0.732793491626,0.680451099367,0.));
#4013 = DIRECTION('',(0.,0.,1.));
#4014 = ADVANCED_FACE('',(#4015),#4041,.T.);
#4015 = FACE_BOUND('',#4016,.T.);
#4016 = EDGE_LOOP('',(#4017,#4025,#4033,#4039,#4040));
#4017 = ORIENTED_EDGE('',*,*,#4018,.F.);
#4018 = EDGE_CURVE('',#4019,#3995,#4021,.T.);
#4019 = VERTEX_POINT('',#4020);
#4020 = CARTESIAN_POINT('',(-101.6,-76.96430435892,2.585902285518E+03));
#4021 = LINE('',#4022,#4023);
#4022 = CARTESIAN_POINT('',(-231.0009565751,-197.1223354643,
    2.528696071125E+03));
#4023 = VECTOR('',#4024,1.);
#4024 = DIRECTION('',(0.697125004525,0.647330361345,0.308188467252));
#4025 = ORIENTED_EDGE('',*,*,#4026,.F.);
#4026 = EDGE_CURVE('',#4027,#4019,#4029,.T.);
#4027 = VERTEX_POINT('',#4028);
#4028 = CARTESIAN_POINT('',(-101.6,-101.6,2.580471669752E+03));
#4029 = LINE('',#4030,#4031);
#4030 = CARTESIAN_POINT('',(-101.6,-375.2073755524,2.520158514845E+03));
#4031 = VECTOR('',#4032,1.);
#4032 = DIRECTION('',(1.110223024625E-16,0.976554855812,0.215268700907)
  );
#4033 = ORIENTED_EDGE('',*,*,#4034,.F.);
#4034 = EDGE_CURVE('',#3934,#4027,#4035,.T.);
#4035 = LINE('',#4036,#4037);
#4036 = CARTESIAN_POINT('',(-369.2773036542,-101.6,2.516926802257E+03));
#4037 = VECTOR('',#4038,1.);
#4038 = DIRECTION('',(-0.972959828882,1.110223024625E-16,-0.230974395512
    ));
#4039 = ORIENTED_EDGE('',*,*,#3941,.T.);
#4040 = ORIENTED_EDGE('',*,*,#3994,.T.);
#4041 = PLANE('',#4042);
#4042 = AXIS2_PLACEMENT_3D('',#4043,#4044,#4045);
#4043 = CARTESIAN_POINT('',(-205.0757696892,-225.0417674953,
    2.528696071125E+03));
#4044 = DIRECTION('',(-0.225838502996,-0.209707181354,0.951325322197));
#4045 = DIRECTION('',(0.697125004525,0.647330361345,0.308188467252));
#4046 = ADVANCED_FACE('',(#4047),#4065,.F.);
#4047 = FACE_BOUND('',#4048,.F.);
#4048 = EDGE_LOOP('',(#4049,#4050,#4051,#4059));
#4049 = ORIENTED_EDGE('',*,*,#4034,.F.);
#4050 = ORIENTED_EDGE('',*,*,#3933,.T.);
#4051 = ORIENTED_EDGE('',*,*,#4052,.F.);
#4052 = EDGE_CURVE('',#4053,#3926,#4055,.T.);
#4053 = VERTEX_POINT('',#4054);
#4054 = CARTESIAN_POINT('',(-101.6,-101.6,2.5019E+03));
#4055 = LINE('',#4056,#4057);
#4056 = CARTESIAN_POINT('',(-224.3925314017,-101.6,2.5019E+03));
#4057 = VECTOR('',#4058,1.);
#4058 = DIRECTION('',(1.,-1.110223024625E-16,0.));
#4059 = ORIENTED_EDGE('',*,*,#4060,.F.);
#4060 = EDGE_CURVE('',#4027,#4053,#4061,.T.);
#4061 = LINE('',#4062,#4063);
#4062 = CARTESIAN_POINT('',(-101.6,-101.6,1.9431E+03));
#4063 = VECTOR('',#4064,1.);
#4064 = DIRECTION('',(0.,0.,-1.));
#4065 = PLANE('',#4066);
#4066 = AXIS2_PLACEMENT_3D('',#4067,#4068,#4069);
#4067 = CARTESIAN_POINT('',(-400.05,-101.6,1.9431E+03));
#4068 = DIRECTION('',(1.110223024625E-16,1.,0.));
#4069 = DIRECTION('',(0.,0.,1.));
#4070 = ADVANCED_FACE('',(#4071),#4090,.T.);
#4071 = FACE_BOUND('',#4072,.T.);
#4072 = EDGE_LOOP('',(#4073,#4074,#4082,#4088,#4089));
#4073 = ORIENTED_EDGE('',*,*,#3963,.F.);
#4074 = ORIENTED_EDGE('',*,*,#4075,.F.);
#4075 = EDGE_CURVE('',#4076,#3964,#4078,.T.);
#4076 = VERTEX_POINT('',#4077);
#4077 = CARTESIAN_POINT('',(-101.6,-76.96430435892,2.5019E+03));
#4078 = LINE('',#4079,#4080);
#4079 = CARTESIAN_POINT('',(-268.9032063549,-232.3172816885,2.5019E+03)
  );
#4080 = VECTOR('',#4081,1.);
#4081 = DIRECTION('',(0.732793491626,0.680451099367,0.));
#4082 = ORIENTED_EDGE('',*,*,#4083,.F.);
#4083 = EDGE_CURVE('',#4019,#4076,#4084,.T.);
#4084 = LINE('',#4085,#4086);
#4085 = CARTESIAN_POINT('',(-101.6,-76.96430435892,2.169447961807E+03));
#4086 = VECTOR('',#4087,1.);
#4087 = DIRECTION('',(0.,0.,-1.));
#4088 = ORIENTED_EDGE('',*,*,#4018,.T.);
#4089 = ORIENTED_EDGE('',*,*,#4004,.T.);
#4090 = PLANE('',#4091);
#4091 = AXIS2_PLACEMENT_3D('',#4092,#4093,#4094);
#4092 = CARTESIAN_POINT('',(-199.4513177065,-167.8262422292,
    2.395795923614E+03));
#4093 = DIRECTION('',(-0.680451099367,0.732793491626,0.));
#4094 = DIRECTION('',(-0.225838502996,-0.209707181354,0.951325322197));
#4095 = ADVANCED_FACE('',(#4096),#4107,.F.);
#4096 = FACE_BOUND('',#4097,.F.);
#4097 = EDGE_LOOP('',(#4098,#4099,#4100,#4106));
#4098 = ORIENTED_EDGE('',*,*,#4026,.F.);
#4099 = ORIENTED_EDGE('',*,*,#4060,.T.);
#4100 = ORIENTED_EDGE('',*,*,#4101,.F.);
#4101 = EDGE_CURVE('',#4076,#4053,#4102,.T.);
#4102 = LINE('',#4103,#4104);
#4103 = CARTESIAN_POINT('',(-101.6,-227.4111605202,2.5019E+03));
#4104 = VECTOR('',#4105,1.);
#4105 = DIRECTION('',(-1.110223024625E-16,-1.,0.));
#4106 = ORIENTED_EDGE('',*,*,#4083,.F.);
#4107 = PLANE('',#4108);
#4108 = AXIS2_PLACEMENT_3D('',#4109,#4110,#4111);
#4109 = CARTESIAN_POINT('',(-101.6,-400.05,1.9431E+03));
#4110 = DIRECTION('',(1.,-1.110223024625E-16,0.));
#4111 = DIRECTION('',(0.,0.,1.));
#4112 = ADVANCED_FACE('',(#4113),#4120,.T.);
#4113 = FACE_BOUND('',#4114,.T.);
#4114 = EDGE_LOOP('',(#4115,#4116,#4117,#4118,#4119));
#4115 = ORIENTED_EDGE('',*,*,#3925,.F.);
#4116 = ORIENTED_EDGE('',*,*,#4052,.F.);
#4117 = ORIENTED_EDGE('',*,*,#4101,.F.);
#4118 = ORIENTED_EDGE('',*,*,#4075,.T.);
#4119 = ORIENTED_EDGE('',*,*,#3973,.F.);
#4120 = PLANE('',#4121);
#4121 = AXIS2_PLACEMENT_3D('',#4122,#4123,#4124);
#4122 = CARTESIAN_POINT('',(-19.94106175175,-26.92517313004,2.5019E+03)
  );
#4123 = DIRECTION('',(0.,-0.,-1.));
#4124 = DIRECTION('',(-0.732793491626,-0.680451099367,0.));
#4125 = MANIFOLD_SOLID_BREP('',#4126);
#4126 = CLOSED_SHELL('',(#4127,#4175,#4206,#4230,#4262,#4286,#4311,#4328
    ));
#4127 = ADVANCED_FACE('',(#4128),#4170,.F.);
#4128 = FACE_BOUND('',#4129,.F.);
#4129 = EDGE_LOOP('',(#4130,#4140,#4148,#4156,#4164));
#4130 = ORIENTED_EDGE('',*,*,#4131,.F.);
#4131 = EDGE_CURVE('',#4132,#4134,#4136,.T.);
#4132 = VERTEX_POINT('',#4133);
#4133 = CARTESIAN_POINT('',(6.296742970248E+03,55.038651839012,
    2.5019E+03));
#4134 = VERTEX_POINT('',#4135);
#4135 = CARTESIAN_POINT('',(3.181612593443E+03,2.947659716015E+03,
    3.879052232217E+03));
#4136 = LINE('',#4137,#4138);
#4137 = CARTESIAN_POINT('',(6.536751317707E+03,-167.8262422292,
    2.395795923614E+03));
#4138 = VECTOR('',#4139,1.);
#4139 = DIRECTION('',(-0.697125004525,0.647330361345,0.308188467252));
#4140 = ORIENTED_EDGE('',*,*,#4141,.F.);
#4141 = EDGE_CURVE('',#4142,#4132,#4144,.T.);
#4142 = VERTEX_POINT('',#4143);
#4143 = CARTESIAN_POINT('',(6.4389E+03,-76.96430435892,2.5019E+03));
#4144 = LINE('',#4145,#4146);
#4145 = CARTESIAN_POINT('',(4.732164558314E+03,1.50786146292E+03,
    2.5019E+03));
#4146 = VECTOR('',#4147,1.);
#4147 = DIRECTION('',(-0.732793491626,0.680451099367,0.));
#4148 = ORIENTED_EDGE('',*,*,#4149,.T.);
#4149 = EDGE_CURVE('',#4142,#4150,#4152,.T.);
#4150 = VERTEX_POINT('',#4151);
#4151 = CARTESIAN_POINT('',(6.4389E+03,-76.96430435892,
    2.585902285518E+03));
#4152 = LINE('',#4153,#4154);
#4153 = CARTESIAN_POINT('',(6.4389E+03,-76.96430435892,
    2.169447961807E+03));
#4154 = VECTOR('',#4155,1.);
#4155 = DIRECTION('',(0.,0.,1.));
#4156 = ORIENTED_EDGE('',*,*,#4157,.T.);
#4157 = EDGE_CURVE('',#4150,#4158,#4160,.T.);
#4158 = VERTEX_POINT('',#4159);
#4159 = CARTESIAN_POINT('',(3.181612593443E+03,2.947659716015E+03,
    4.0259E+03));
#4160 = LINE('',#4161,#4162);
#4161 = CARTESIAN_POINT('',(6.568300956575E+03,-197.1223354643,
    2.528696071125E+03));
#4162 = VECTOR('',#4163,1.);
#4163 = DIRECTION('',(-0.697125004525,0.647330361345,0.308188467252));
#4164 = ORIENTED_EDGE('',*,*,#4165,.T.);
#4165 = EDGE_CURVE('',#4158,#4134,#4166,.T.);
#4166 = LINE('',#4167,#4168);
#4167 = CARTESIAN_POINT('',(3.181612593443E+03,2.947659716015E+03,
    2.413422961807E+03));
#4168 = VECTOR('',#4169,1.);
#4169 = DIRECTION('',(-0.,0.,-1.));
#4170 = PLANE('',#4171);
#4171 = AXIS2_PLACEMENT_3D('',#4172,#4173,#4174);
#4172 = CARTESIAN_POINT('',(6.536751317707E+03,-167.8262422292,
    2.395795923614E+03));
#4173 = DIRECTION('',(-0.680451099367,-0.732793491626,0.));
#4174 = DIRECTION('',(0.225838502996,-0.209707181354,0.951325322197));
#4175 = ADVANCED_FACE('',(#4176),#4201,.F.);
#4176 = FACE_BOUND('',#4177,.F.);
#4177 = EDGE_LOOP('',(#4178,#4188,#4194,#4195));
#4178 = ORIENTED_EDGE('',*,*,#4179,.F.);
#4179 = EDGE_CURVE('',#4180,#4182,#4184,.T.);
#4180 = VERTEX_POINT('',#4181);
#4181 = CARTESIAN_POINT('',(6.270817783362E+03,27.119219808049,
    2.5019E+03));
#4182 = VERTEX_POINT('',#4183);
#4183 = CARTESIAN_POINT('',(3.155687406557E+03,2.919740283985E+03,
    3.879052232217E+03));
#4184 = LINE('',#4185,#4186);
#4185 = CARTESIAN_POINT('',(6.510826130821E+03,-195.7456742602,
    2.395795923614E+03));
#4186 = VECTOR('',#4187,1.);
#4187 = DIRECTION('',(-0.697125004525,0.647330361345,0.308188467252));
#4188 = ORIENTED_EDGE('',*,*,#4189,.F.);
#4189 = EDGE_CURVE('',#4132,#4180,#4190,.T.);
#4190 = LINE('',#4191,#4192);
#4191 = CARTESIAN_POINT('',(6.39180198883E+03,157.4099026192,2.5019E+03)
  );
#4192 = VECTOR('',#4193,1.);
#4193 = DIRECTION('',(-0.680451099367,-0.732793491626,0.));
#4194 = ORIENTED_EDGE('',*,*,#4131,.T.);
#4195 = ORIENTED_EDGE('',*,*,#4196,.T.);
#4196 = EDGE_CURVE('',#4134,#4182,#4197,.T.);
#4197 = LINE('',#4198,#4199);
#4198 = CARTESIAN_POINT('',(3.181952818993E+03,2.948026112761E+03,
    3.879052232217E+03));
#4199 = VECTOR('',#4200,1.);
#4200 = DIRECTION('',(-0.680451099367,-0.732793491626,0.));
#4201 = PLANE('',#4202);
#4202 = AXIS2_PLACEMENT_3D('',#4203,#4204,#4205);
#4203 = CARTESIAN_POINT('',(6.536751317707E+03,-167.8262422292,
    2.395795923614E+03));
#4204 = DIRECTION('',(0.225838502996,-0.209707181354,0.951325322197));
#4205 = DIRECTION('',(-0.697125004525,0.647330361345,0.308188467252));
#4206 = ADVANCED_FACE('',(#4207),#4225,.T.);
#4207 = FACE_BOUND('',#4208,.T.);
#4208 = EDGE_LOOP('',(#4209,#4217,#4218,#4219));
#4209 = ORIENTED_EDGE('',*,*,#4210,.F.);
#4210 = EDGE_CURVE('',#4158,#4211,#4213,.T.);
#4211 = VERTEX_POINT('',#4212);
#4212 = CARTESIAN_POINT('',(3.155687406557E+03,2.919740283985E+03,
    4.0259E+03));
#4213 = LINE('',#4214,#4215);
#4214 = CARTESIAN_POINT('',(3.181952818993E+03,2.948026112761E+03,
    4.0259E+03));
#4215 = VECTOR('',#4216,1.);
#4216 = DIRECTION('',(-0.680451099367,-0.732793491626,0.));
#4217 = ORIENTED_EDGE('',*,*,#4165,.T.);
#4218 = ORIENTED_EDGE('',*,*,#4196,.T.);
#4219 = ORIENTED_EDGE('',*,*,#4220,.F.);
#4220 = EDGE_CURVE('',#4211,#4182,#4221,.T.);
#4221 = LINE('',#4222,#4223);
#4222 = CARTESIAN_POINT('',(3.155687406557E+03,2.919740283985E+03,
    2.413422961807E+03));
#4223 = VECTOR('',#4224,1.);
#4224 = DIRECTION('',(-0.,0.,-1.));
#4225 = PLANE('',#4226);
#4226 = AXIS2_PLACEMENT_3D('',#4227,#4228,#4229);
#4227 = CARTESIAN_POINT('',(3.182293044542E+03,2.948392509507E+03,
    2.43105E+03));
#4228 = DIRECTION('',(-0.732793491626,0.680451099367,0.));
#4229 = DIRECTION('',(0.,0.,1.));
#4230 = ADVANCED_FACE('',(#4231),#4257,.T.);
#4231 = FACE_BOUND('',#4232,.T.);
#4232 = EDGE_LOOP('',(#4233,#4241,#4249,#4255,#4256));
#4233 = ORIENTED_EDGE('',*,*,#4234,.F.);
#4234 = EDGE_CURVE('',#4235,#4211,#4237,.T.);
#4235 = VERTEX_POINT('',#4236);
#4236 = CARTESIAN_POINT('',(6.409438481617E+03,-101.6,2.587465644423E+03
    ));
#4237 = LINE('',#4238,#4239);
#4238 = CARTESIAN_POINT('',(6.542375769689E+03,-225.0417674953,
    2.528696071125E+03));
#4239 = VECTOR('',#4240,1.);
#4240 = DIRECTION('',(-0.697125004525,0.647330361345,0.308188467252));
#4241 = ORIENTED_EDGE('',*,*,#4242,.F.);
#4242 = EDGE_CURVE('',#4243,#4235,#4245,.T.);
#4243 = VERTEX_POINT('',#4244);
#4244 = CARTESIAN_POINT('',(6.4389E+03,-101.6,2.580471669752E+03));
#4245 = LINE('',#4246,#4247);
#4246 = CARTESIAN_POINT('',(3.34053554139E+03,-101.6,3.316003432381E+03)
  );
#4247 = VECTOR('',#4248,1.);
#4248 = DIRECTION('',(-0.972959828882,1.110223024625E-16,0.230974395512)
  );
#4249 = ORIENTED_EDGE('',*,*,#4250,.T.);
#4250 = EDGE_CURVE('',#4243,#4150,#4251,.T.);
#4251 = LINE('',#4252,#4253);
#4252 = CARTESIAN_POINT('',(6.4389E+03,-361.8945613426,2.52309315001E+03
    ));
#4253 = VECTOR('',#4254,1.);
#4254 = DIRECTION('',(1.665334536938E-16,0.976554855812,0.215268700907)
  );
#4255 = ORIENTED_EDGE('',*,*,#4157,.T.);
#4256 = ORIENTED_EDGE('',*,*,#4210,.T.);
#4257 = PLANE('',#4258);
#4258 = AXIS2_PLACEMENT_3D('',#4259,#4260,#4261);
#4259 = CARTESIAN_POINT('',(6.568300956575E+03,-197.1223354643,
    2.528696071125E+03));
#4260 = DIRECTION('',(0.225838502996,-0.209707181354,0.951325322197));
#4261 = DIRECTION('',(-0.697125004525,0.647330361345,0.308188467252));
#4262 = ADVANCED_FACE('',(#4263),#4281,.T.);
#4263 = FACE_BOUND('',#4264,.T.);
#4264 = EDGE_LOOP('',(#4265,#4273,#4274,#4275));
#4265 = ORIENTED_EDGE('',*,*,#4266,.F.);
#4266 = EDGE_CURVE('',#4142,#4267,#4269,.T.);
#4267 = VERTEX_POINT('',#4268);
#4268 = CARTESIAN_POINT('',(6.4389E+03,-101.6,2.5019E+03));
#4269 = LINE('',#4270,#4271);
#4270 = CARTESIAN_POINT('',(6.4389E+03,-227.4111605202,2.5019E+03));
#4271 = VECTOR('',#4272,1.);
#4272 = DIRECTION('',(-1.665334536938E-16,-1.,0.));
#4273 = ORIENTED_EDGE('',*,*,#4149,.T.);
#4274 = ORIENTED_EDGE('',*,*,#4250,.F.);
#4275 = ORIENTED_EDGE('',*,*,#4276,.T.);
#4276 = EDGE_CURVE('',#4243,#4267,#4277,.T.);
#4277 = LINE('',#4278,#4279);
#4278 = CARTESIAN_POINT('',(6.4389E+03,-101.6,1.9431E+03));
#4279 = VECTOR('',#4280,1.);
#4280 = DIRECTION('',(0.,0.,-1.));
#4281 = PLANE('',#4282);
#4282 = AXIS2_PLACEMENT_3D('',#4283,#4284,#4285);
#4283 = CARTESIAN_POINT('',(6.4389E+03,-400.05,1.9431E+03));
#4284 = DIRECTION('',(1.,2.22044604925E-16,0.));
#4285 = DIRECTION('',(0.,0.,1.));
#4286 = ADVANCED_FACE('',(#4287),#4306,.T.);
#4287 = FACE_BOUND('',#4288,.T.);
#4288 = EDGE_LOOP('',(#4289,#4290,#4298,#4304,#4305));
#4289 = ORIENTED_EDGE('',*,*,#4179,.F.);
#4290 = ORIENTED_EDGE('',*,*,#4291,.F.);
#4291 = EDGE_CURVE('',#4292,#4180,#4294,.T.);
#4292 = VERTEX_POINT('',#4293);
#4293 = CARTESIAN_POINT('',(6.409438481617E+03,-101.6,2.5019E+03));
#4294 = LINE('',#4295,#4296);
#4295 = CARTESIAN_POINT('',(6.580278019469E+03,-260.2367137194,
    2.5019E+03));
#4296 = VECTOR('',#4297,1.);
#4297 = DIRECTION('',(-0.732793491626,0.680451099367,0.));
#4298 = ORIENTED_EDGE('',*,*,#4299,.F.);
#4299 = EDGE_CURVE('',#4235,#4292,#4300,.T.);
#4300 = LINE('',#4301,#4302);
#4301 = CARTESIAN_POINT('',(6.409438481617E+03,-101.6,2.169447961807E+03
    ));
#4302 = VECTOR('',#4303,1.);
#4303 = DIRECTION('',(-0.,0.,-1.));
#4304 = ORIENTED_EDGE('',*,*,#4234,.T.);
#4305 = ORIENTED_EDGE('',*,*,#4220,.T.);
#4306 = PLANE('',#4307);
#4307 = AXIS2_PLACEMENT_3D('',#4308,#4309,#4310);
#4308 = CARTESIAN_POINT('',(6.510826130821E+03,-195.7456742602,
    2.395795923614E+03));
#4309 = DIRECTION('',(-0.680451099367,-0.732793491626,0.));
#4310 = DIRECTION('',(0.225838502996,-0.209707181354,0.951325322197));
#4311 = ADVANCED_FACE('',(#4312),#4323,.F.);
#4312 = FACE_BOUND('',#4313,.F.);
#4313 = EDGE_LOOP('',(#4314,#4315,#4316,#4322));
#4314 = ORIENTED_EDGE('',*,*,#4242,.F.);
#4315 = ORIENTED_EDGE('',*,*,#4276,.T.);
#4316 = ORIENTED_EDGE('',*,*,#4317,.F.);
#4317 = EDGE_CURVE('',#4292,#4267,#4318,.T.);
#4318 = LINE('',#4319,#4320);
#4319 = CARTESIAN_POINT('',(2.992992531402E+03,-101.6,2.5019E+03));
#4320 = VECTOR('',#4321,1.);
#4321 = DIRECTION('',(1.,-1.665334536938E-16,0.));
#4322 = ORIENTED_EDGE('',*,*,#4299,.F.);
#4323 = PLANE('',#4324);
#4324 = AXIS2_PLACEMENT_3D('',#4325,#4326,#4327);
#4325 = CARTESIAN_POINT('',(-400.05,-101.6,1.9431E+03));
#4326 = DIRECTION('',(-2.22044604925E-16,1.,0.));
#4327 = DIRECTION('',(0.,0.,1.));
#4328 = ADVANCED_FACE('',(#4329),#4336,.T.);
#4329 = FACE_BOUND('',#4330,.T.);
#4330 = EDGE_LOOP('',(#4331,#4332,#4333,#4334,#4335));
#4331 = ORIENTED_EDGE('',*,*,#4141,.F.);
#4332 = ORIENTED_EDGE('',*,*,#4266,.T.);
#4333 = ORIENTED_EDGE('',*,*,#4317,.F.);
#4334 = ORIENTED_EDGE('',*,*,#4291,.T.);
#4335 = ORIENTED_EDGE('',*,*,#4189,.F.);
#4336 = PLANE('',#4337);
#4337 = AXIS2_PLACEMENT_3D('',#4338,#4339,#4340);
#4338 = CARTESIAN_POINT('',(6.357241061752E+03,-26.92517313004,
    2.5019E+03));
#4339 = DIRECTION('',(0.,0.,-1.));
#4340 = DIRECTION('',(0.732793491626,-0.680451099367,0.));
#4341 = MANIFOLD_SOLID_BREP('',#4342);
#4342 = CLOSED_SHELL('',(#4343,#4391,#4422,#4446,#4478,#4502,#4527,#4544
    ));
#4343 = ADVANCED_FACE('',(#4344),#4386,.F.);
#4344 = FACE_BOUND('',#4345,.F.);
#4345 = EDGE_LOOP('',(#4346,#4356,#4364,#4372,#4380));
#4346 = ORIENTED_EDGE('',*,*,#4347,.F.);
#4347 = EDGE_CURVE('',#4348,#4350,#4352,.T.);
#4348 = VERTEX_POINT('',#4349);
#4349 = CARTESIAN_POINT('',(40.557029751625,6.269561348161E+03,
    2.5019E+03));
#4350 = VERTEX_POINT('',#4351);
#4351 = CARTESIAN_POINT('',(3.155687406557E+03,3.376940283985E+03,
    3.879052232217E+03));
#4352 = LINE('',#4353,#4354);
#4353 = CARTESIAN_POINT('',(-199.4513177065,6.492426242229E+03,
    2.395795923614E+03));
#4354 = VECTOR('',#4355,1.);
#4355 = DIRECTION('',(0.697125004525,-0.647330361345,0.308188467252));
#4356 = ORIENTED_EDGE('',*,*,#4357,.F.);
#4357 = EDGE_CURVE('',#4358,#4348,#4360,.T.);
#4358 = VERTEX_POINT('',#4359);
#4359 = CARTESIAN_POINT('',(-101.5999999999,6.401564304359E+03,
    2.5019E+03));
#4360 = LINE('',#4361,#4362);
#4361 = CARTESIAN_POINT('',(-211.4690788624,6.503585591874E+03,
    2.5019E+03));
#4362 = VECTOR('',#4363,1.);
#4363 = DIRECTION('',(0.732793491626,-0.680451099367,0.));
#4364 = ORIENTED_EDGE('',*,*,#4365,.F.);
#4365 = EDGE_CURVE('',#4366,#4358,#4368,.T.);
#4366 = VERTEX_POINT('',#4367);
#4367 = CARTESIAN_POINT('',(-101.5999999999,6.401564304359E+03,
    2.585902285518E+03));
#4368 = LINE('',#4369,#4370);
#4369 = CARTESIAN_POINT('',(-101.5999999999,6.401564304359E+03,
    2.169447961807E+03));
#4370 = VECTOR('',#4371,1.);
#4371 = DIRECTION('',(0.,0.,-1.));
#4372 = ORIENTED_EDGE('',*,*,#4373,.T.);
#4373 = EDGE_CURVE('',#4366,#4374,#4376,.T.);
#4374 = VERTEX_POINT('',#4375);
#4375 = CARTESIAN_POINT('',(3.155687406557E+03,3.376940283985E+03,
    4.0259E+03));
#4376 = LINE('',#4377,#4378);
#4377 = CARTESIAN_POINT('',(-231.0009565751,6.521722335464E+03,
    2.528696071125E+03));
#4378 = VECTOR('',#4379,1.);
#4379 = DIRECTION('',(0.697125004525,-0.647330361345,0.308188467252));
#4380 = ORIENTED_EDGE('',*,*,#4381,.T.);
#4381 = EDGE_CURVE('',#4374,#4350,#4382,.T.);
#4382 = LINE('',#4383,#4384);
#4383 = CARTESIAN_POINT('',(3.155687406557E+03,3.376940283985E+03,
    2.413422961807E+03));
#4384 = VECTOR('',#4385,1.);
#4385 = DIRECTION('',(0.,0.,-1.));
#4386 = PLANE('',#4387);
#4387 = AXIS2_PLACEMENT_3D('',#4388,#4389,#4390);
#4388 = CARTESIAN_POINT('',(-199.4513177065,6.492426242229E+03,
    2.395795923614E+03));
#4389 = DIRECTION('',(0.680451099367,0.732793491626,0.));
#4390 = DIRECTION('',(-0.225838502996,0.209707181354,0.951325322197));
#4391 = ADVANCED_FACE('',(#4392),#4417,.F.);
#4392 = FACE_BOUND('',#4393,.F.);
#4393 = EDGE_LOOP('',(#4394,#4404,#4410,#4411));
#4394 = ORIENTED_EDGE('',*,*,#4395,.F.);
#4395 = EDGE_CURVE('',#4396,#4398,#4400,.T.);
#4396 = VERTEX_POINT('',#4397);
#4397 = CARTESIAN_POINT('',(66.482216637518,6.297480780192E+03,
    2.5019E+03));
#4398 = VERTEX_POINT('',#4399);
#4399 = CARTESIAN_POINT('',(3.181612593443E+03,3.404859716015E+03,
    3.879052232217E+03));
#4400 = LINE('',#4401,#4402);
#4401 = CARTESIAN_POINT('',(-173.5261308206,6.52034567426E+03,
    2.395795923614E+03));
#4402 = VECTOR('',#4403,1.);
#4403 = DIRECTION('',(0.697125004525,-0.647330361345,0.308188467252));
#4404 = ORIENTED_EDGE('',*,*,#4405,.F.);
#4405 = EDGE_CURVE('',#4348,#4396,#4406,.T.);
#4406 = LINE('',#4407,#4408);
#4407 = CARTESIAN_POINT('',(-54.50198882998,6.167190097381E+03,
    2.5019E+03));
#4408 = VECTOR('',#4409,1.);
#4409 = DIRECTION('',(0.680451099367,0.732793491626,0.));
#4410 = ORIENTED_EDGE('',*,*,#4347,.T.);
#4411 = ORIENTED_EDGE('',*,*,#4412,.T.);
#4412 = EDGE_CURVE('',#4350,#4398,#4413,.T.);
#4413 = LINE('',#4414,#4415);
#4414 = CARTESIAN_POINT('',(3.155347181007E+03,3.376573887239E+03,
    3.879052232217E+03));
#4415 = VECTOR('',#4416,1.);
#4416 = DIRECTION('',(0.680451099367,0.732793491626,0.));
#4417 = PLANE('',#4418);
#4418 = AXIS2_PLACEMENT_3D('',#4419,#4420,#4421);
#4419 = CARTESIAN_POINT('',(-199.4513177065,6.492426242229E+03,
    2.395795923614E+03));
#4420 = DIRECTION('',(-0.225838502996,0.209707181354,0.951325322197));
#4421 = DIRECTION('',(0.697125004525,-0.647330361345,0.308188467252));
#4422 = ADVANCED_FACE('',(#4423),#4441,.T.);
#4423 = FACE_BOUND('',#4424,.T.);
#4424 = EDGE_LOOP('',(#4425,#4433,#4434,#4435));
#4425 = ORIENTED_EDGE('',*,*,#4426,.F.);
#4426 = EDGE_CURVE('',#4374,#4427,#4429,.T.);
#4427 = VERTEX_POINT('',#4428);
#4428 = CARTESIAN_POINT('',(3.181612593443E+03,3.404859716015E+03,
    4.0259E+03));
#4429 = LINE('',#4430,#4431);
#4430 = CARTESIAN_POINT('',(3.155347181007E+03,3.376573887239E+03,
    4.0259E+03));
#4431 = VECTOR('',#4432,1.);
#4432 = DIRECTION('',(0.680451099367,0.732793491626,0.));
#4433 = ORIENTED_EDGE('',*,*,#4381,.T.);
#4434 = ORIENTED_EDGE('',*,*,#4412,.T.);
#4435 = ORIENTED_EDGE('',*,*,#4436,.F.);
#4436 = EDGE_CURVE('',#4427,#4398,#4437,.T.);
#4437 = LINE('',#4438,#4439);
#4438 = CARTESIAN_POINT('',(3.181612593443E+03,3.404859716015E+03,
    2.413422961807E+03));
#4439 = VECTOR('',#4440,1.);
#4440 = DIRECTION('',(0.,0.,-1.));
#4441 = PLANE('',#4442);
#4442 = AXIS2_PLACEMENT_3D('',#4443,#4444,#4445);
#4443 = CARTESIAN_POINT('',(3.155006955458E+03,3.376207490493E+03,
    2.43105E+03));
#4444 = DIRECTION('',(0.732793491626,-0.680451099367,0.));
#4445 = DIRECTION('',(0.,0.,1.));
#4446 = ADVANCED_FACE('',(#4447),#4473,.T.);
#4447 = FACE_BOUND('',#4448,.T.);
#4448 = EDGE_LOOP('',(#4449,#4457,#4465,#4471,#4472));
#4449 = ORIENTED_EDGE('',*,*,#4450,.F.);
#4450 = EDGE_CURVE('',#4451,#4427,#4453,.T.);
#4451 = VERTEX_POINT('',#4452);
#4452 = CARTESIAN_POINT('',(-72.1384816173,6.4262E+03,2.587465644423E+03
    ));
#4453 = LINE('',#4454,#4455);
#4454 = CARTESIAN_POINT('',(-205.0757696892,6.549641767495E+03,
    2.528696071125E+03));
#4455 = VECTOR('',#4456,1.);
#4456 = DIRECTION('',(0.697125004525,-0.647330361345,0.308188467252));
#4457 = ORIENTED_EDGE('',*,*,#4458,.T.);
#4458 = EDGE_CURVE('',#4451,#4459,#4461,.T.);
#4459 = VERTEX_POINT('',#4460);
#4460 = CARTESIAN_POINT('',(-101.5999999999,6.4262E+03,
    2.580471669752E+03));
#4461 = LINE('',#4462,#4463);
#4462 = CARTESIAN_POINT('',(-381.548353478,6.4262E+03,2.51401373408E+03)
  );
#4463 = VECTOR('',#4464,1.);
#4464 = DIRECTION('',(-0.972959828882,2.775557561563E-16,-0.230974395512
    ));
#4465 = ORIENTED_EDGE('',*,*,#4466,.F.);
#4466 = EDGE_CURVE('',#4366,#4459,#4467,.T.);
#4467 = LINE('',#4468,#4469);
#4468 = CARTESIAN_POINT('',(-101.6,3.289226046166E+03,3.271976405817E+03
    ));
#4469 = VECTOR('',#4470,1.);
#4470 = DIRECTION('',(3.330669073875E-16,0.976554855812,-0.215268700907)
  );
#4471 = ORIENTED_EDGE('',*,*,#4373,.T.);
#4472 = ORIENTED_EDGE('',*,*,#4426,.T.);
#4473 = PLANE('',#4474);
#4474 = AXIS2_PLACEMENT_3D('',#4475,#4476,#4477);
#4475 = CARTESIAN_POINT('',(-231.0009565751,6.521722335464E+03,
    2.528696071125E+03));
#4476 = DIRECTION('',(-0.225838502996,0.209707181354,0.951325322197));
#4477 = DIRECTION('',(0.697125004525,-0.647330361345,0.308188467252));
#4478 = ADVANCED_FACE('',(#4479),#4497,.F.);
#4479 = FACE_BOUND('',#4480,.F.);
#4480 = EDGE_LOOP('',(#4481,#4482,#4483,#4491));
#4481 = ORIENTED_EDGE('',*,*,#4466,.F.);
#4482 = ORIENTED_EDGE('',*,*,#4365,.T.);
#4483 = ORIENTED_EDGE('',*,*,#4484,.F.);
#4484 = EDGE_CURVE('',#4485,#4358,#4487,.T.);
#4485 = VERTEX_POINT('',#4486);
#4486 = CARTESIAN_POINT('',(-101.5999999999,6.4262E+03,2.5019E+03));
#4487 = LINE('',#4488,#4489);
#4488 = CARTESIAN_POINT('',(-101.6,2.98966116052E+03,2.5019E+03));
#4489 = VECTOR('',#4490,1.);
#4490 = DIRECTION('',(-3.330669073875E-16,-1.,0.));
#4491 = ORIENTED_EDGE('',*,*,#4492,.F.);
#4492 = EDGE_CURVE('',#4459,#4485,#4493,.T.);
#4493 = LINE('',#4494,#4495);
#4494 = CARTESIAN_POINT('',(-101.5999999999,6.4262E+03,1.9431E+03));
#4495 = VECTOR('',#4496,1.);
#4496 = DIRECTION('',(0.,0.,-1.));
#4497 = PLANE('',#4498);
#4498 = AXIS2_PLACEMENT_3D('',#4499,#4500,#4501);
#4499 = CARTESIAN_POINT('',(-101.6,-400.05,1.9431E+03));
#4500 = DIRECTION('',(1.,0.,0.));
#4501 = DIRECTION('',(0.,0.,1.));
#4502 = ADVANCED_FACE('',(#4503),#4522,.T.);
#4503 = FACE_BOUND('',#4504,.T.);
#4504 = EDGE_LOOP('',(#4505,#4506,#4514,#4520,#4521));
#4505 = ORIENTED_EDGE('',*,*,#4395,.F.);
#4506 = ORIENTED_EDGE('',*,*,#4507,.F.);
#4507 = EDGE_CURVE('',#4508,#4396,#4510,.T.);
#4508 = VERTEX_POINT('',#4509);
#4509 = CARTESIAN_POINT('',(-72.1384816173,6.4262E+03,2.5019E+03));
#4510 = LINE('',#4511,#4512);
#4511 = CARTESIAN_POINT('',(-242.978019469,6.584836713719E+03,2.5019E+03
    ));
#4512 = VECTOR('',#4513,1.);
#4513 = DIRECTION('',(0.732793491626,-0.680451099367,0.));
#4514 = ORIENTED_EDGE('',*,*,#4515,.T.);
#4515 = EDGE_CURVE('',#4508,#4451,#4516,.T.);
#4516 = LINE('',#4517,#4518);
#4517 = CARTESIAN_POINT('',(-72.1384816173,6.4262E+03,2.169447961807E+03
    ));
#4518 = VECTOR('',#4519,1.);
#4519 = DIRECTION('',(0.,0.,1.));
#4520 = ORIENTED_EDGE('',*,*,#4450,.T.);
#4521 = ORIENTED_EDGE('',*,*,#4436,.T.);
#4522 = PLANE('',#4523);
#4523 = AXIS2_PLACEMENT_3D('',#4524,#4525,#4526);
#4524 = CARTESIAN_POINT('',(-173.5261308206,6.52034567426E+03,
    2.395795923614E+03));
#4525 = DIRECTION('',(0.680451099367,0.732793491626,0.));
#4526 = DIRECTION('',(-0.225838502996,0.209707181354,0.951325322197));
#4527 = ADVANCED_FACE('',(#4528),#4539,.T.);
#4528 = FACE_BOUND('',#4529,.T.);
#4529 = EDGE_LOOP('',(#4530,#4536,#4537,#4538));
#4530 = ORIENTED_EDGE('',*,*,#4531,.F.);
#4531 = EDGE_CURVE('',#4485,#4508,#4532,.T.);
#4532 = LINE('',#4533,#4534);
#4533 = CARTESIAN_POINT('',(-224.3925314017,6.4262E+03,2.5019E+03));
#4534 = VECTOR('',#4535,1.);
#4535 = DIRECTION('',(1.,-3.330669073875E-16,0.));
#4536 = ORIENTED_EDGE('',*,*,#4492,.F.);
#4537 = ORIENTED_EDGE('',*,*,#4458,.F.);
#4538 = ORIENTED_EDGE('',*,*,#4515,.F.);
#4539 = PLANE('',#4540);
#4540 = AXIS2_PLACEMENT_3D('',#4541,#4542,#4543);
#4541 = CARTESIAN_POINT('',(-400.05,6.4262E+03,1.9431E+03));
#4542 = DIRECTION('',(0.,1.,0.));
#4543 = DIRECTION('',(0.,0.,1.));
#4544 = ADVANCED_FACE('',(#4545),#4552,.T.);
#4545 = FACE_BOUND('',#4546,.T.);
#4546 = EDGE_LOOP('',(#4547,#4548,#4549,#4550,#4551));
#4547 = ORIENTED_EDGE('',*,*,#4484,.F.);
#4548 = ORIENTED_EDGE('',*,*,#4531,.T.);
#4549 = ORIENTED_EDGE('',*,*,#4507,.T.);
#4550 = ORIENTED_EDGE('',*,*,#4405,.F.);
#4551 = ORIENTED_EDGE('',*,*,#4357,.F.);
#4552 = PLANE('',#4553);
#4553 = AXIS2_PLACEMENT_3D('',#4554,#4555,#4556);
#4554 = CARTESIAN_POINT('',(-19.94106175175,6.35152517313E+03,2.5019E+03
    ));
#4555 = DIRECTION('',(-0.,0.,-1.));
#4556 = DIRECTION('',(-0.732793491626,0.680451099367,0.));
#4557 = MANIFOLD_SOLID_BREP('',#4558);
#4558 = CLOSED_SHELL('',(#4559,#4607,#4638,#4662,#4694,#4718,#4743,#4760
    ));
#4559 = ADVANCED_FACE('',(#4560),#4602,.F.);
#4560 = FACE_BOUND('',#4561,.F.);
#4561 = EDGE_LOOP('',(#4562,#4572,#4580,#4588,#4596));
#4562 = ORIENTED_EDGE('',*,*,#4563,.F.);
#4563 = EDGE_CURVE('',#4564,#4566,#4568,.T.);
#4564 = VERTEX_POINT('',#4565);
#4565 = CARTESIAN_POINT('',(6.270817783362E+03,6.297480780192E+03,
    2.5019E+03));
#4566 = VERTEX_POINT('',#4567);
#4567 = CARTESIAN_POINT('',(3.155687406557E+03,3.404859716015E+03,
    3.879052232217E+03));
#4568 = LINE('',#4569,#4570);
#4569 = CARTESIAN_POINT('',(6.510826130821E+03,6.52034567426E+03,
    2.395795923614E+03));
#4570 = VECTOR('',#4571,1.);
#4571 = DIRECTION('',(-0.697125004525,-0.647330361345,0.308188467252));
#4572 = ORIENTED_EDGE('',*,*,#4573,.F.);
#4573 = EDGE_CURVE('',#4574,#4564,#4576,.T.);
#4574 = VERTEX_POINT('',#4575);
#4575 = CARTESIAN_POINT('',(6.409438481617E+03,6.4262E+03,2.5019E+03));
#4576 = LINE('',#4577,#4578);
#4577 = CARTESIAN_POINT('',(4.606500878278E+03,4.752043654042E+03,
    2.5019E+03));
#4578 = VECTOR('',#4579,1.);
#4579 = DIRECTION('',(-0.732793491626,-0.680451099367,0.));
#4580 = ORIENTED_EDGE('',*,*,#4581,.T.);
#4581 = EDGE_CURVE('',#4574,#4582,#4584,.T.);
#4582 = VERTEX_POINT('',#4583);
#4583 = CARTESIAN_POINT('',(6.409438481617E+03,6.4262E+03,
    2.587465644423E+03));
#4584 = LINE('',#4585,#4586);
#4585 = CARTESIAN_POINT('',(6.409438481617E+03,6.4262E+03,
    2.169447961807E+03));
#4586 = VECTOR('',#4587,1.);
#4587 = DIRECTION('',(0.,0.,1.));
#4588 = ORIENTED_EDGE('',*,*,#4589,.T.);
#4589 = EDGE_CURVE('',#4582,#4590,#4592,.T.);
#4590 = VERTEX_POINT('',#4591);
#4591 = CARTESIAN_POINT('',(3.155687406557E+03,3.404859716015E+03,
    4.0259E+03));
#4592 = LINE('',#4593,#4594);
#4593 = CARTESIAN_POINT('',(6.542375769689E+03,6.549641767495E+03,
    2.528696071125E+03));
#4594 = VECTOR('',#4595,1.);
#4595 = DIRECTION('',(-0.697125004525,-0.647330361345,0.308188467252));
#4596 = ORIENTED_EDGE('',*,*,#4597,.T.);
#4597 = EDGE_CURVE('',#4590,#4566,#4598,.T.);
#4598 = LINE('',#4599,#4600);
#4599 = CARTESIAN_POINT('',(3.155687406557E+03,3.404859716015E+03,
    2.413422961807E+03));
#4600 = VECTOR('',#4601,1.);
#4601 = DIRECTION('',(0.,-0.,-1.));
#4602 = PLANE('',#4603);
#4603 = AXIS2_PLACEMENT_3D('',#4604,#4605,#4606);
#4604 = CARTESIAN_POINT('',(6.510826130821E+03,6.52034567426E+03,
    2.395795923614E+03));
#4605 = DIRECTION('',(0.680451099367,-0.732793491626,0.));
#4606 = DIRECTION('',(0.225838502996,0.209707181354,0.951325322197));
#4607 = ADVANCED_FACE('',(#4608),#4633,.F.);
#4608 = FACE_BOUND('',#4609,.F.);
#4609 = EDGE_LOOP('',(#4610,#4620,#4626,#4627));
#4610 = ORIENTED_EDGE('',*,*,#4611,.F.);
#4611 = EDGE_CURVE('',#4612,#4614,#4616,.T.);
#4612 = VERTEX_POINT('',#4613);
#4613 = CARTESIAN_POINT('',(6.296742970248E+03,6.269561348161E+03,
    2.5019E+03));
#4614 = VERTEX_POINT('',#4615);
#4615 = CARTESIAN_POINT('',(3.181612593443E+03,3.376940283985E+03,
    3.879052232217E+03));
#4616 = LINE('',#4617,#4618);
#4617 = CARTESIAN_POINT('',(6.536751317707E+03,6.492426242229E+03,
    2.395795923614E+03));
#4618 = VECTOR('',#4619,1.);
#4619 = DIRECTION('',(-0.697125004525,-0.647330361345,0.308188467252));
#4620 = ORIENTED_EDGE('',*,*,#4621,.F.);
#4621 = EDGE_CURVE('',#4564,#4612,#4622,.T.);
#4622 = LINE('',#4623,#4624);
#4623 = CARTESIAN_POINT('',(6.175758764781E+03,6.399852030972E+03,
    2.5019E+03));
#4624 = VECTOR('',#4625,1.);
#4625 = DIRECTION('',(0.680451099367,-0.732793491626,0.));
#4626 = ORIENTED_EDGE('',*,*,#4563,.T.);
#4627 = ORIENTED_EDGE('',*,*,#4628,.T.);
#4628 = EDGE_CURVE('',#4566,#4614,#4629,.T.);
#4629 = LINE('',#4630,#4631);
#4630 = CARTESIAN_POINT('',(3.155347181007E+03,3.405226112761E+03,
    3.879052232217E+03));
#4631 = VECTOR('',#4632,1.);
#4632 = DIRECTION('',(0.680451099367,-0.732793491626,0.));
#4633 = PLANE('',#4634);
#4634 = AXIS2_PLACEMENT_3D('',#4635,#4636,#4637);
#4635 = CARTESIAN_POINT('',(6.510826130821E+03,6.52034567426E+03,
    2.395795923614E+03));
#4636 = DIRECTION('',(0.225838502996,0.209707181354,0.951325322197));
#4637 = DIRECTION('',(-0.697125004525,-0.647330361345,0.308188467252));
#4638 = ADVANCED_FACE('',(#4639),#4657,.T.);
#4639 = FACE_BOUND('',#4640,.T.);
#4640 = EDGE_LOOP('',(#4641,#4649,#4650,#4651));
#4641 = ORIENTED_EDGE('',*,*,#4642,.F.);
#4642 = EDGE_CURVE('',#4590,#4643,#4645,.T.);
#4643 = VERTEX_POINT('',#4644);
#4644 = CARTESIAN_POINT('',(3.181612593443E+03,3.376940283985E+03,
    4.0259E+03));
#4645 = LINE('',#4646,#4647);
#4646 = CARTESIAN_POINT('',(3.155347181007E+03,3.405226112761E+03,
    4.0259E+03));
#4647 = VECTOR('',#4648,1.);
#4648 = DIRECTION('',(0.680451099367,-0.732793491626,0.));
#4649 = ORIENTED_EDGE('',*,*,#4597,.T.);
#4650 = ORIENTED_EDGE('',*,*,#4628,.T.);
#4651 = ORIENTED_EDGE('',*,*,#4652,.F.);
#4652 = EDGE_CURVE('',#4643,#4614,#4653,.T.);
#4653 = LINE('',#4654,#4655);
#4654 = CARTESIAN_POINT('',(3.181612593443E+03,3.376940283985E+03,
    2.413422961807E+03));
#4655 = VECTOR('',#4656,1.);
#4656 = DIRECTION('',(0.,-0.,-1.));
#4657 = PLANE('',#4658);
#4658 = AXIS2_PLACEMENT_3D('',#4659,#4660,#4661);
#4659 = CARTESIAN_POINT('',(3.155006955458E+03,3.405592509507E+03,
    2.43105E+03));
#4660 = DIRECTION('',(-0.732793491626,-0.680451099367,0.));
#4661 = DIRECTION('',(0.,0.,1.));
#4662 = ADVANCED_FACE('',(#4663),#4689,.T.);
#4663 = FACE_BOUND('',#4664,.T.);
#4664 = EDGE_LOOP('',(#4665,#4673,#4681,#4687,#4688));
#4665 = ORIENTED_EDGE('',*,*,#4666,.F.);
#4666 = EDGE_CURVE('',#4667,#4643,#4669,.T.);
#4667 = VERTEX_POINT('',#4668);
#4668 = CARTESIAN_POINT('',(6.4389E+03,6.401564304359E+03,
    2.585902285518E+03));
#4669 = LINE('',#4670,#4671);
#4670 = CARTESIAN_POINT('',(6.568300956575E+03,6.521722335464E+03,
    2.528696071125E+03));
#4671 = VECTOR('',#4672,1.);
#4672 = DIRECTION('',(-0.697125004525,-0.647330361345,0.308188467252));
#4673 = ORIENTED_EDGE('',*,*,#4674,.T.);
#4674 = EDGE_CURVE('',#4667,#4675,#4677,.T.);
#4675 = VERTEX_POINT('',#4676);
#4676 = CARTESIAN_POINT('',(6.4389E+03,6.4262E+03,2.580471669752E+03));
#4677 = LINE('',#4678,#4679);
#4678 = CARTESIAN_POINT('',(6.4389E+03,3.302538860376E+03,
    3.269041770652E+03));
#4679 = VECTOR('',#4680,1.);
#4680 = DIRECTION('',(1.110223024625E-16,0.976554855812,-0.215268700907)
  );
#4681 = ORIENTED_EDGE('',*,*,#4682,.T.);
#4682 = EDGE_CURVE('',#4675,#4582,#4683,.T.);
#4683 = LINE('',#4684,#4685);
#4684 = CARTESIAN_POINT('',(3.328264491566E+03,6.4262E+03,
    3.318916500558E+03));
#4685 = VECTOR('',#4686,1.);
#4686 = DIRECTION('',(-0.972959828882,2.22044604925E-16,0.230974395512)
  );
#4687 = ORIENTED_EDGE('',*,*,#4589,.T.);
#4688 = ORIENTED_EDGE('',*,*,#4642,.T.);
#4689 = PLANE('',#4690);
#4690 = AXIS2_PLACEMENT_3D('',#4691,#4692,#4693);
#4691 = CARTESIAN_POINT('',(6.542375769689E+03,6.549641767495E+03,
    2.528696071125E+03));
#4692 = DIRECTION('',(0.225838502996,0.209707181354,0.951325322197));
#4693 = DIRECTION('',(-0.697125004525,-0.647330361345,0.308188467252));
#4694 = ADVANCED_FACE('',(#4695),#4713,.T.);
#4695 = FACE_BOUND('',#4696,.T.);
#4696 = EDGE_LOOP('',(#4697,#4705,#4706,#4707));
#4697 = ORIENTED_EDGE('',*,*,#4698,.F.);
#4698 = EDGE_CURVE('',#4574,#4699,#4701,.T.);
#4699 = VERTEX_POINT('',#4700);
#4700 = CARTESIAN_POINT('',(6.4389E+03,6.4262E+03,2.5019E+03));
#4701 = LINE('',#4702,#4703);
#4702 = CARTESIAN_POINT('',(2.992992531402E+03,6.4262E+03,2.5019E+03));
#4703 = VECTOR('',#4704,1.);
#4704 = DIRECTION('',(1.,-1.665334536938E-16,0.));
#4705 = ORIENTED_EDGE('',*,*,#4581,.T.);
#4706 = ORIENTED_EDGE('',*,*,#4682,.F.);
#4707 = ORIENTED_EDGE('',*,*,#4708,.T.);
#4708 = EDGE_CURVE('',#4675,#4699,#4709,.T.);
#4709 = LINE('',#4710,#4711);
#4710 = CARTESIAN_POINT('',(6.4389E+03,6.4262E+03,1.9431E+03));
#4711 = VECTOR('',#4712,1.);
#4712 = DIRECTION('',(0.,0.,-1.));
#4713 = PLANE('',#4714);
#4714 = AXIS2_PLACEMENT_3D('',#4715,#4716,#4717);
#4715 = CARTESIAN_POINT('',(-400.05,6.4262E+03,1.9431E+03));
#4716 = DIRECTION('',(3.885780586188E-16,1.,0.));
#4717 = DIRECTION('',(0.,0.,1.));
#4718 = ADVANCED_FACE('',(#4719),#4738,.T.);
#4719 = FACE_BOUND('',#4720,.T.);
#4720 = EDGE_LOOP('',(#4721,#4722,#4730,#4736,#4737));
#4721 = ORIENTED_EDGE('',*,*,#4611,.F.);
#4722 = ORIENTED_EDGE('',*,*,#4723,.F.);
#4723 = EDGE_CURVE('',#4724,#4612,#4726,.T.);
#4724 = VERTEX_POINT('',#4725);
#4725 = CARTESIAN_POINT('',(6.4389E+03,6.401564304359E+03,2.5019E+03));
#4726 = LINE('',#4727,#4728);
#4727 = CARTESIAN_POINT('',(6.606203206355E+03,6.556917281689E+03,
    2.5019E+03));
#4728 = VECTOR('',#4729,1.);
#4729 = DIRECTION('',(-0.732793491626,-0.680451099367,0.));
#4730 = ORIENTED_EDGE('',*,*,#4731,.T.);
#4731 = EDGE_CURVE('',#4724,#4667,#4732,.T.);
#4732 = LINE('',#4733,#4734);
#4733 = CARTESIAN_POINT('',(6.4389E+03,6.401564304359E+03,
    2.169447961807E+03));
#4734 = VECTOR('',#4735,1.);
#4735 = DIRECTION('',(0.,0.,1.));
#4736 = ORIENTED_EDGE('',*,*,#4666,.T.);
#4737 = ORIENTED_EDGE('',*,*,#4652,.T.);
#4738 = PLANE('',#4739);
#4739 = AXIS2_PLACEMENT_3D('',#4740,#4741,#4742);
#4740 = CARTESIAN_POINT('',(6.536751317707E+03,6.492426242229E+03,
    2.395795923614E+03));
#4741 = DIRECTION('',(0.680451099367,-0.732793491626,0.));
#4742 = DIRECTION('',(0.225838502996,0.209707181354,0.951325322197));
#4743 = ADVANCED_FACE('',(#4744),#4755,.T.);
#4744 = FACE_BOUND('',#4745,.T.);
#4745 = EDGE_LOOP('',(#4746,#4747,#4748,#4754));
#4746 = ORIENTED_EDGE('',*,*,#4674,.F.);
#4747 = ORIENTED_EDGE('',*,*,#4731,.F.);
#4748 = ORIENTED_EDGE('',*,*,#4749,.F.);
#4749 = EDGE_CURVE('',#4699,#4724,#4750,.T.);
#4750 = LINE('',#4751,#4752);
#4751 = CARTESIAN_POINT('',(6.4389E+03,2.98966116052E+03,2.5019E+03));
#4752 = VECTOR('',#4753,1.);
#4753 = DIRECTION('',(-1.665334536938E-16,-1.,0.));
#4754 = ORIENTED_EDGE('',*,*,#4708,.F.);
#4755 = PLANE('',#4756);
#4756 = AXIS2_PLACEMENT_3D('',#4757,#4758,#4759);
#4757 = CARTESIAN_POINT('',(6.4389E+03,-400.05,1.9431E+03));
#4758 = DIRECTION('',(1.,-3.885780586188E-16,0.));
#4759 = DIRECTION('',(0.,0.,1.));
#4760 = ADVANCED_FACE('',(#4761),#4768,.T.);
#4761 = FACE_BOUND('',#4762,.T.);
#4762 = EDGE_LOOP('',(#4763,#4764,#4765,#4766,#4767));
#4763 = ORIENTED_EDGE('',*,*,#4573,.F.);
#4764 = ORIENTED_EDGE('',*,*,#4698,.T.);
#4765 = ORIENTED_EDGE('',*,*,#4749,.T.);
#4766 = ORIENTED_EDGE('',*,*,#4723,.T.);
#4767 = ORIENTED_EDGE('',*,*,#4621,.F.);
#4768 = PLANE('',#4769);
#4769 = AXIS2_PLACEMENT_3D('',#4770,#4771,#4772);
#4770 = CARTESIAN_POINT('',(6.357241061752E+03,6.35152517313E+03,
    2.5019E+03));
#4771 = DIRECTION('',(0.,0.,-1.));
#4772 = DIRECTION('',(0.732793491626,0.680451099367,0.));
#4773 = MANIFOLD_SOLID_BREP('',#4774);
#4774 = CLOSED_SHELL('',(#4775,#4823,#4854,#4878,#4902,#4926,#4944));
#4775 = ADVANCED_FACE('',(#4776),#4818,.F.);
#4776 = FACE_BOUND('',#4777,.F.);
#4777 = EDGE_LOOP('',(#4778,#4788,#4796,#4804,#4812));
#4778 = ORIENTED_EDGE('',*,*,#4779,.F.);
#4779 = EDGE_CURVE('',#4780,#4782,#4784,.T.);
#4780 = VERTEX_POINT('',#4781);
#4781 = CARTESIAN_POINT('',(425.45,57.623488897394,2.5019E+03));
#4782 = VERTEX_POINT('',#4783);
#4783 = CARTESIAN_POINT('',(425.45,368.75357142857,2.650026380249E+03));
#4784 = LINE('',#4785,#4786);
#4785 = CARTESIAN_POINT('',(425.45,-186.7329194201,2.385563996872E+03));
#4786 = VECTOR('',#4787,1.);
#4787 = DIRECTION('',(2.004830108882E-16,0.90289521313,0.429860714775));
#4788 = ORIENTED_EDGE('',*,*,#4789,.F.);
#4789 = EDGE_CURVE('',#4790,#4780,#4792,.T.);
#4790 = VERTEX_POINT('',#4791);
#4791 = CARTESIAN_POINT('',(425.45,-101.6,2.5019E+03));
#4792 = LINE('',#4793,#4794);
#4793 = CARTESIAN_POINT('',(425.45,-293.39145971,2.5019E+03));
#4794 = VECTOR('',#4795,1.);
#4795 = DIRECTION('',(2.22044604925E-16,1.,0.));
#4796 = ORIENTED_EDGE('',*,*,#4797,.F.);
#4797 = EDGE_CURVE('',#4798,#4790,#4800,.T.);
#4798 = VERTEX_POINT('',#4799);
#4799 = CARTESIAN_POINT('',(425.45,-101.6,2.58081954262E+03));
#4800 = LINE('',#4801,#4802);
#4801 = CARTESIAN_POINT('',(425.45,-101.6,2.164331998436E+03));
#4802 = VECTOR('',#4803,1.);
#4803 = DIRECTION('',(0.,0.,-1.));
#4804 = ORIENTED_EDGE('',*,*,#4805,.T.);
#4805 = EDGE_CURVE('',#4798,#4806,#4808,.T.);
#4806 = VERTEX_POINT('',#4807);
#4807 = CARTESIAN_POINT('',(425.45,368.75357142857,2.804750868726E+03));
#4808 = LINE('',#4809,#4810);
#4809 = CARTESIAN_POINT('',(425.45,-246.7844612742,2.511698458146E+03));
#4810 = VECTOR('',#4811,1.);
#4811 = DIRECTION('',(2.004830108882E-16,0.90289521313,0.429860714775));
#4812 = ORIENTED_EDGE('',*,*,#4813,.T.);
#4813 = EDGE_CURVE('',#4806,#4782,#4814,.T.);
#4814 = LINE('',#4815,#4816);
#4815 = CARTESIAN_POINT('',(425.45,368.75357142857,2.408306998436E+03));
#4816 = VECTOR('',#4817,1.);
#4817 = DIRECTION('',(0.,0.,-1.));
#4818 = PLANE('',#4819);
#4819 = AXIS2_PLACEMENT_3D('',#4820,#4821,#4822);
#4820 = CARTESIAN_POINT('',(425.45,-186.7329194201,2.385563996872E+03));
#4821 = DIRECTION('',(-1.,2.22044604925E-16,0.));
#4822 = DIRECTION('',(-9.544825258501E-17,-0.429860714775,0.90289521313)
  );
#4823 = ADVANCED_FACE('',(#4824),#4849,.F.);
#4824 = FACE_BOUND('',#4825,.F.);
#4825 = EDGE_LOOP('',(#4826,#4836,#4842,#4843));
#4826 = ORIENTED_EDGE('',*,*,#4827,.F.);
#4827 = EDGE_CURVE('',#4828,#4830,#4832,.T.);
#4828 = VERTEX_POINT('',#4829);
#4829 = CARTESIAN_POINT('',(387.35,57.623488897394,2.5019E+03));
#4830 = VERTEX_POINT('',#4831);
#4831 = CARTESIAN_POINT('',(387.35,368.75357142857,2.650026380249E+03));
#4832 = LINE('',#4833,#4834);
#4833 = CARTESIAN_POINT('',(387.35,-186.7329194201,2.385563996872E+03));
#4834 = VECTOR('',#4835,1.);
#4835 = DIRECTION('',(2.004830108882E-16,0.90289521313,0.429860714775));
#4836 = ORIENTED_EDGE('',*,*,#4837,.F.);
#4837 = EDGE_CURVE('',#4780,#4828,#4838,.T.);
#4838 = LINE('',#4839,#4840);
#4839 = CARTESIAN_POINT('',(565.15,57.623488897394,2.5019E+03));
#4840 = VECTOR('',#4841,1.);
#4841 = DIRECTION('',(-1.,2.22044604925E-16,0.));
#4842 = ORIENTED_EDGE('',*,*,#4779,.T.);
#4843 = ORIENTED_EDGE('',*,*,#4844,.T.);
#4844 = EDGE_CURVE('',#4782,#4830,#4845,.T.);
#4845 = LINE('',#4846,#4847);
#4846 = CARTESIAN_POINT('',(425.95,368.75357142857,2.650026380249E+03));
#4847 = VECTOR('',#4848,1.);
#4848 = DIRECTION('',(-1.,2.22044604925E-16,0.));
#4849 = PLANE('',#4850);
#4850 = AXIS2_PLACEMENT_3D('',#4851,#4852,#4853);
#4851 = CARTESIAN_POINT('',(425.45,-186.7329194201,2.385563996872E+03));
#4852 = DIRECTION('',(-9.544825258501E-17,-0.429860714775,0.90289521313)
  );
#4853 = DIRECTION('',(2.004830108882E-16,0.90289521313,0.429860714775));
#4854 = ADVANCED_FACE('',(#4855),#4873,.T.);
#4855 = FACE_BOUND('',#4856,.T.);
#4856 = EDGE_LOOP('',(#4857,#4865,#4866,#4867));
#4857 = ORIENTED_EDGE('',*,*,#4858,.F.);
#4858 = EDGE_CURVE('',#4806,#4859,#4861,.T.);
#4859 = VERTEX_POINT('',#4860);
#4860 = CARTESIAN_POINT('',(387.35,368.75357142857,2.804750868726E+03));
#4861 = LINE('',#4862,#4863);
#4862 = CARTESIAN_POINT('',(425.95,368.75357142857,2.804750868726E+03));
#4863 = VECTOR('',#4864,1.);
#4864 = DIRECTION('',(-1.,2.22044604925E-16,0.));
#4865 = ORIENTED_EDGE('',*,*,#4813,.T.);
#4866 = ORIENTED_EDGE('',*,*,#4844,.T.);
#4867 = ORIENTED_EDGE('',*,*,#4868,.F.);
#4868 = EDGE_CURVE('',#4859,#4830,#4869,.T.);
#4869 = LINE('',#4870,#4871);
#4870 = CARTESIAN_POINT('',(387.35,368.75357142857,2.408306998436E+03));
#4871 = VECTOR('',#4872,1.);
#4872 = DIRECTION('',(0.,0.,-1.));
#4873 = PLANE('',#4874);
#4874 = AXIS2_PLACEMENT_3D('',#4875,#4876,#4877);
#4875 = CARTESIAN_POINT('',(426.45,368.75357142857,2.43105E+03));
#4876 = DIRECTION('',(2.22044604925E-16,1.,0.));
#4877 = DIRECTION('',(0.,0.,1.));
#4878 = ADVANCED_FACE('',(#4879),#4897,.T.);
#4879 = FACE_BOUND('',#4880,.T.);
#4880 = EDGE_LOOP('',(#4881,#4889,#4895,#4896));
#4881 = ORIENTED_EDGE('',*,*,#4882,.F.);
#4882 = EDGE_CURVE('',#4883,#4859,#4885,.T.);
#4883 = VERTEX_POINT('',#4884);
#4884 = CARTESIAN_POINT('',(387.35,-101.6,2.58081954262E+03));
#4885 = LINE('',#4886,#4887);
#4886 = CARTESIAN_POINT('',(387.35,-246.7844612742,2.511698458146E+03));
#4887 = VECTOR('',#4888,1.);
#4888 = DIRECTION('',(2.004830108882E-16,0.90289521313,0.429860714775));
#4889 = ORIENTED_EDGE('',*,*,#4890,.F.);
#4890 = EDGE_CURVE('',#4798,#4883,#4891,.T.);
#4891 = LINE('',#4892,#4893);
#4892 = CARTESIAN_POINT('',(12.7,-101.6,2.58081954262E+03));
#4893 = VECTOR('',#4894,1.);
#4894 = DIRECTION('',(-1.,4.42044604925E-16,1.1E-16));
#4895 = ORIENTED_EDGE('',*,*,#4805,.T.);
#4896 = ORIENTED_EDGE('',*,*,#4858,.T.);
#4897 = PLANE('',#4898);
#4898 = AXIS2_PLACEMENT_3D('',#4899,#4900,#4901);
#4899 = CARTESIAN_POINT('',(425.45,-246.7844612742,2.511698458146E+03));
#4900 = DIRECTION('',(-9.544825258501E-17,-0.429860714775,0.90289521313)
  );
#4901 = DIRECTION('',(2.004830108882E-16,0.90289521313,0.429860714775));
#4902 = ADVANCED_FACE('',(#4903),#4921,.F.);
#4903 = FACE_BOUND('',#4904,.F.);
#4904 = EDGE_LOOP('',(#4905,#4906,#4907,#4915));
#4905 = ORIENTED_EDGE('',*,*,#4890,.F.);
#4906 = ORIENTED_EDGE('',*,*,#4797,.T.);
#4907 = ORIENTED_EDGE('',*,*,#4908,.T.);
#4908 = EDGE_CURVE('',#4790,#4909,#4911,.T.);
#4909 = VERTEX_POINT('',#4910);
#4910 = CARTESIAN_POINT('',(387.35,-101.6,2.5019E+03));
#4911 = LINE('',#4912,#4913);
#4912 = CARTESIAN_POINT('',(-400.05,-101.6,2.5019E+03));
#4913 = VECTOR('',#4914,1.);
#4914 = DIRECTION('',(-1.,4.42044604925E-16,0.));
#4915 = ORIENTED_EDGE('',*,*,#4916,.F.);
#4916 = EDGE_CURVE('',#4883,#4909,#4917,.T.);
#4917 = LINE('',#4918,#4919);
#4918 = CARTESIAN_POINT('',(387.35,-101.6,2.164331998436E+03));
#4919 = VECTOR('',#4920,1.);
#4920 = DIRECTION('',(0.,0.,-1.));
#4921 = PLANE('',#4922);
#4922 = AXIS2_PLACEMENT_3D('',#4923,#4924,#4925);
#4923 = CARTESIAN_POINT('',(-400.05,-101.6,1.9431E+03));
#4924 = DIRECTION('',(2.22044604925E-16,1.,0.));
#4925 = DIRECTION('',(0.,0.,1.));
#4926 = ADVANCED_FACE('',(#4927),#4939,.T.);
#4927 = FACE_BOUND('',#4928,.T.);
#4928 = EDGE_LOOP('',(#4929,#4930,#4936,#4937,#4938));
#4929 = ORIENTED_EDGE('',*,*,#4827,.F.);
#4930 = ORIENTED_EDGE('',*,*,#4931,.F.);
#4931 = EDGE_CURVE('',#4909,#4828,#4932,.T.);
#4932 = LINE('',#4933,#4934);
#4933 = CARTESIAN_POINT('',(387.35,-293.39145971,2.5019E+03));
#4934 = VECTOR('',#4935,1.);
#4935 = DIRECTION('',(2.22044604925E-16,1.,0.));
#4936 = ORIENTED_EDGE('',*,*,#4916,.F.);
#4937 = ORIENTED_EDGE('',*,*,#4882,.T.);
#4938 = ORIENTED_EDGE('',*,*,#4868,.T.);
#4939 = PLANE('',#4940);
#4940 = AXIS2_PLACEMENT_3D('',#4941,#4942,#4943);
#4941 = CARTESIAN_POINT('',(387.35,-186.7329194201,2.385563996872E+03));
#4942 = DIRECTION('',(-1.,2.22044604925E-16,0.));
#4943 = DIRECTION('',(-9.544825258501E-17,-0.429860714775,0.90289521313)
  );
#4944 = ADVANCED_FACE('',(#4945),#4951,.T.);
#4945 = FACE_BOUND('',#4946,.T.);
#4946 = EDGE_LOOP('',(#4947,#4948,#4949,#4950));
#4947 = ORIENTED_EDGE('',*,*,#4789,.F.);
#4948 = ORIENTED_EDGE('',*,*,#4908,.T.);
#4949 = ORIENTED_EDGE('',*,*,#4931,.T.);
#4950 = ORIENTED_EDGE('',*,*,#4837,.F.);
#4951 = PLANE('',#4952);
#4952 = AXIS2_PLACEMENT_3D('',#4953,#4954,#4955);
#4953 = CARTESIAN_POINT('',(406.4,-21.9882555513,2.5019E+03));
#4954 = DIRECTION('',(0.,-0.,-1.));
#4955 = DIRECTION('',(-2.22044604925E-16,-1.,0.));
#4956 = MANIFOLD_SOLID_BREP('',#4957);
#4957 = CLOSED_SHELL('',(#4958,#5006,#5037,#5061,#5085,#5109,#5127));
#4958 = ADVANCED_FACE('',(#4959),#5001,.F.);
#4959 = FACE_BOUND('',#4960,.F.);
#4960 = EDGE_LOOP('',(#4961,#4971,#4979,#4987,#4995));
#4961 = ORIENTED_EDGE('',*,*,#4962,.F.);
#4962 = EDGE_CURVE('',#4963,#4965,#4967,.T.);
#4963 = VERTEX_POINT('',#4964);
#4964 = CARTESIAN_POINT('',(1.03505E+03,57.623488897393,2.5019E+03));
#4965 = VERTEX_POINT('',#4966);
#4966 = CARTESIAN_POINT('',(1.03505E+03,934.81071428571,
    2.919521360944E+03));
#4967 = LINE('',#4968,#4969);
#4968 = CARTESIAN_POINT('',(1.03505E+03,-186.7329194201,
    2.385563996872E+03));
#4969 = VECTOR('',#4970,1.);
#4970 = DIRECTION('',(2.004830108882E-16,0.90289521313,0.429860714775));
#4971 = ORIENTED_EDGE('',*,*,#4972,.F.);
#4972 = EDGE_CURVE('',#4973,#4963,#4975,.T.);
#4973 = VERTEX_POINT('',#4974);
#4974 = CARTESIAN_POINT('',(1.03505E+03,-101.6,2.5019E+03));
#4975 = LINE('',#4976,#4977);
#4976 = CARTESIAN_POINT('',(1.03505E+03,-293.39145971,2.5019E+03));
#4977 = VECTOR('',#4978,1.);
#4978 = DIRECTION('',(2.22044604925E-16,1.,0.));
#4979 = ORIENTED_EDGE('',*,*,#4980,.F.);
#4980 = EDGE_CURVE('',#4981,#4973,#4983,.T.);
#4981 = VERTEX_POINT('',#4982);
#4982 = CARTESIAN_POINT('',(1.03505E+03,-101.6,2.58081954262E+03));
#4983 = LINE('',#4984,#4985);
#4984 = CARTESIAN_POINT('',(1.03505E+03,-101.6,2.164331998436E+03));
#4985 = VECTOR('',#4986,1.);
#4986 = DIRECTION('',(0.,0.,-1.));
#4987 = ORIENTED_EDGE('',*,*,#4988,.T.);
#4988 = EDGE_CURVE('',#4981,#4989,#4991,.T.);
#4989 = VERTEX_POINT('',#4990);
#4990 = CARTESIAN_POINT('',(1.03505E+03,934.81071428571,
    3.074245849421E+03));
#4991 = LINE('',#4992,#4993);
#4992 = CARTESIAN_POINT('',(1.03505E+03,-246.7844612742,
    2.511698458146E+03));
#4993 = VECTOR('',#4994,1.);
#4994 = DIRECTION('',(2.004830108882E-16,0.90289521313,0.429860714775));
#4995 = ORIENTED_EDGE('',*,*,#4996,.T.);
#4996 = EDGE_CURVE('',#4989,#4965,#4997,.T.);
#4997 = LINE('',#4998,#4999);
#4998 = CARTESIAN_POINT('',(1.03505E+03,934.81071428571,
    2.408306998436E+03));
#4999 = VECTOR('',#5000,1.);
#5000 = DIRECTION('',(0.,0.,-1.));
#5001 = PLANE('',#5002);
#5002 = AXIS2_PLACEMENT_3D('',#5003,#5004,#5005);
#5003 = CARTESIAN_POINT('',(1.03505E+03,-186.7329194201,
    2.385563996872E+03));
#5004 = DIRECTION('',(-1.,2.22044604925E-16,0.));
#5005 = DIRECTION('',(-9.544825258501E-17,-0.429860714775,0.90289521313)
  );
#5006 = ADVANCED_FACE('',(#5007),#5032,.F.);
#5007 = FACE_BOUND('',#5008,.F.);
#5008 = EDGE_LOOP('',(#5009,#5019,#5025,#5026));
#5009 = ORIENTED_EDGE('',*,*,#5010,.F.);
#5010 = EDGE_CURVE('',#5011,#5013,#5015,.T.);
#5011 = VERTEX_POINT('',#5012);
#5012 = CARTESIAN_POINT('',(996.95,57.623488897393,2.5019E+03));
#5013 = VERTEX_POINT('',#5014);
#5014 = CARTESIAN_POINT('',(996.95,934.81071428571,2.919521360944E+03));
#5015 = LINE('',#5016,#5017);
#5016 = CARTESIAN_POINT('',(996.95,-186.7329194201,2.385563996872E+03));
#5017 = VECTOR('',#5018,1.);
#5018 = DIRECTION('',(2.004830108882E-16,0.90289521313,0.429860714775));
#5019 = ORIENTED_EDGE('',*,*,#5020,.F.);
#5020 = EDGE_CURVE('',#4963,#5011,#5021,.T.);
#5021 = LINE('',#5022,#5023);
#5022 = CARTESIAN_POINT('',(1.17475E+03,57.623488897393,2.5019E+03));
#5023 = VECTOR('',#5024,1.);
#5024 = DIRECTION('',(-1.,2.22044604925E-16,0.));
#5025 = ORIENTED_EDGE('',*,*,#4962,.T.);
#5026 = ORIENTED_EDGE('',*,*,#5027,.T.);
#5027 = EDGE_CURVE('',#4965,#5013,#5028,.T.);
#5028 = LINE('',#5029,#5030);
#5029 = CARTESIAN_POINT('',(1.03555E+03,934.81071428571,
    2.919521360944E+03));
#5030 = VECTOR('',#5031,1.);
#5031 = DIRECTION('',(-1.,2.22044604925E-16,0.));
#5032 = PLANE('',#5033);
#5033 = AXIS2_PLACEMENT_3D('',#5034,#5035,#5036);
#5034 = CARTESIAN_POINT('',(1.03505E+03,-186.7329194201,
    2.385563996872E+03));
#5035 = DIRECTION('',(-9.544825258501E-17,-0.429860714775,0.90289521313)
  );
#5036 = DIRECTION('',(2.004830108882E-16,0.90289521313,0.429860714775));
#5037 = ADVANCED_FACE('',(#5038),#5056,.T.);
#5038 = FACE_BOUND('',#5039,.T.);
#5039 = EDGE_LOOP('',(#5040,#5048,#5049,#5050));
#5040 = ORIENTED_EDGE('',*,*,#5041,.F.);
#5041 = EDGE_CURVE('',#4989,#5042,#5044,.T.);
#5042 = VERTEX_POINT('',#5043);
#5043 = CARTESIAN_POINT('',(996.95,934.81071428571,3.074245849421E+03));
#5044 = LINE('',#5045,#5046);
#5045 = CARTESIAN_POINT('',(1.03555E+03,934.81071428571,
    3.074245849421E+03));
#5046 = VECTOR('',#5047,1.);
#5047 = DIRECTION('',(-1.,2.22044604925E-16,0.));
#5048 = ORIENTED_EDGE('',*,*,#4996,.T.);
#5049 = ORIENTED_EDGE('',*,*,#5027,.T.);
#5050 = ORIENTED_EDGE('',*,*,#5051,.F.);
#5051 = EDGE_CURVE('',#5042,#5013,#5052,.T.);
#5052 = LINE('',#5053,#5054);
#5053 = CARTESIAN_POINT('',(996.95,934.81071428571,2.408306998436E+03));
#5054 = VECTOR('',#5055,1.);
#5055 = DIRECTION('',(0.,0.,-1.));
#5056 = PLANE('',#5057);
#5057 = AXIS2_PLACEMENT_3D('',#5058,#5059,#5060);
#5058 = CARTESIAN_POINT('',(1.03605E+03,934.81071428571,2.43105E+03));
#5059 = DIRECTION('',(2.22044604925E-16,1.,0.));
#5060 = DIRECTION('',(0.,0.,1.));
#5061 = ADVANCED_FACE('',(#5062),#5080,.T.);
#5062 = FACE_BOUND('',#5063,.T.);
#5063 = EDGE_LOOP('',(#5064,#5072,#5078,#5079));
#5064 = ORIENTED_EDGE('',*,*,#5065,.F.);
#5065 = EDGE_CURVE('',#5066,#5042,#5068,.T.);
#5066 = VERTEX_POINT('',#5067);
#5067 = CARTESIAN_POINT('',(996.95,-101.6,2.58081954262E+03));
#5068 = LINE('',#5069,#5070);
#5069 = CARTESIAN_POINT('',(996.95,-246.7844612742,2.511698458146E+03));
#5070 = VECTOR('',#5071,1.);
#5071 = DIRECTION('',(2.004830108882E-16,0.90289521313,0.429860714775));
#5072 = ORIENTED_EDGE('',*,*,#5073,.F.);
#5073 = EDGE_CURVE('',#4981,#5066,#5074,.T.);
#5074 = LINE('',#5075,#5076);
#5075 = CARTESIAN_POINT('',(317.5,-101.6,2.58081954262E+03));
#5076 = VECTOR('',#5077,1.);
#5077 = DIRECTION('',(-1.,4.42044604925E-16,1.1E-16));
#5078 = ORIENTED_EDGE('',*,*,#4988,.T.);
#5079 = ORIENTED_EDGE('',*,*,#5041,.T.);
#5080 = PLANE('',#5081);
#5081 = AXIS2_PLACEMENT_3D('',#5082,#5083,#5084);
#5082 = CARTESIAN_POINT('',(1.03505E+03,-246.7844612742,
    2.511698458146E+03));
#5083 = DIRECTION('',(-9.544825258501E-17,-0.429860714775,0.90289521313)
  );
#5084 = DIRECTION('',(2.004830108882E-16,0.90289521313,0.429860714775));
#5085 = ADVANCED_FACE('',(#5086),#5104,.F.);
#5086 = FACE_BOUND('',#5087,.F.);
#5087 = EDGE_LOOP('',(#5088,#5089,#5090,#5098));
#5088 = ORIENTED_EDGE('',*,*,#5073,.F.);
#5089 = ORIENTED_EDGE('',*,*,#4980,.T.);
#5090 = ORIENTED_EDGE('',*,*,#5091,.T.);
#5091 = EDGE_CURVE('',#4973,#5092,#5094,.T.);
#5092 = VERTEX_POINT('',#5093);
#5093 = CARTESIAN_POINT('',(996.95,-101.6,2.5019E+03));
#5094 = LINE('',#5095,#5096);
#5095 = CARTESIAN_POINT('',(-400.05,-101.6,2.5019E+03));
#5096 = VECTOR('',#5097,1.);
#5097 = DIRECTION('',(-1.,4.42044604925E-16,0.));
#5098 = ORIENTED_EDGE('',*,*,#5099,.F.);
#5099 = EDGE_CURVE('',#5066,#5092,#5100,.T.);
#5100 = LINE('',#5101,#5102);
#5101 = CARTESIAN_POINT('',(996.95,-101.6,2.164331998436E+03));
#5102 = VECTOR('',#5103,1.);
#5103 = DIRECTION('',(0.,0.,-1.));
#5104 = PLANE('',#5105);
#5105 = AXIS2_PLACEMENT_3D('',#5106,#5107,#5108);
#5106 = CARTESIAN_POINT('',(-400.05,-101.6,1.9431E+03));
#5107 = DIRECTION('',(2.22044604925E-16,1.,0.));
#5108 = DIRECTION('',(0.,0.,1.));
#5109 = ADVANCED_FACE('',(#5110),#5122,.T.);
#5110 = FACE_BOUND('',#5111,.T.);
#5111 = EDGE_LOOP('',(#5112,#5113,#5119,#5120,#5121));
#5112 = ORIENTED_EDGE('',*,*,#5010,.F.);
#5113 = ORIENTED_EDGE('',*,*,#5114,.F.);
#5114 = EDGE_CURVE('',#5092,#5011,#5115,.T.);
#5115 = LINE('',#5116,#5117);
#5116 = CARTESIAN_POINT('',(996.95,-293.39145971,2.5019E+03));
#5117 = VECTOR('',#5118,1.);
#5118 = DIRECTION('',(2.22044604925E-16,1.,0.));
#5119 = ORIENTED_EDGE('',*,*,#5099,.F.);
#5120 = ORIENTED_EDGE('',*,*,#5065,.T.);
#5121 = ORIENTED_EDGE('',*,*,#5051,.T.);
#5122 = PLANE('',#5123);
#5123 = AXIS2_PLACEMENT_3D('',#5124,#5125,#5126);
#5124 = CARTESIAN_POINT('',(996.95,-186.7329194201,2.385563996872E+03));
#5125 = DIRECTION('',(-1.,2.22044604925E-16,0.));
#5126 = DIRECTION('',(-9.544825258501E-17,-0.429860714775,0.90289521313)
  );
#5127 = ADVANCED_FACE('',(#5128),#5134,.T.);
#5128 = FACE_BOUND('',#5129,.T.);
#5129 = EDGE_LOOP('',(#5130,#5131,#5132,#5133));
#5130 = ORIENTED_EDGE('',*,*,#4972,.F.);
#5131 = ORIENTED_EDGE('',*,*,#5091,.T.);
#5132 = ORIENTED_EDGE('',*,*,#5114,.T.);
#5133 = ORIENTED_EDGE('',*,*,#5020,.F.);
#5134 = PLANE('',#5135);
#5135 = AXIS2_PLACEMENT_3D('',#5136,#5137,#5138);
#5136 = CARTESIAN_POINT('',(1.016E+03,-21.9882555513,2.5019E+03));
#5137 = DIRECTION('',(0.,-0.,-1.));
#5138 = DIRECTION('',(-2.22044604925E-16,-1.,0.));
#5139 = MANIFOLD_SOLID_BREP('',#5140);
#5140 = CLOSED_SHELL('',(#5141,#5189,#5220,#5244,#5268,#5292,#5310));
#5141 = ADVANCED_FACE('',(#5142),#5184,.F.);
#5142 = FACE_BOUND('',#5143,.F.);
#5143 = EDGE_LOOP('',(#5144,#5154,#5162,#5170,#5178));
#5144 = ORIENTED_EDGE('',*,*,#5145,.F.);
#5145 = EDGE_CURVE('',#5146,#5148,#5150,.T.);
#5146 = VERTEX_POINT('',#5147);
#5147 = CARTESIAN_POINT('',(1.64465E+03,57.623488897394,2.5019E+03));
#5148 = VERTEX_POINT('',#5149);
#5149 = CARTESIAN_POINT('',(1.64465E+03,1.500867857143E+03,
    3.189016341639E+03));
#5150 = LINE('',#5151,#5152);
#5151 = CARTESIAN_POINT('',(1.64465E+03,-186.7329194201,
    2.385563996872E+03));
#5152 = VECTOR('',#5153,1.);
#5153 = DIRECTION('',(2.004830108882E-16,0.90289521313,0.429860714775));
#5154 = ORIENTED_EDGE('',*,*,#5155,.F.);
#5155 = EDGE_CURVE('',#5156,#5146,#5158,.T.);
#5156 = VERTEX_POINT('',#5157);
#5157 = CARTESIAN_POINT('',(1.64465E+03,-101.6,2.5019E+03));
#5158 = LINE('',#5159,#5160);
#5159 = CARTESIAN_POINT('',(1.64465E+03,-293.39145971,2.5019E+03));
#5160 = VECTOR('',#5161,1.);
#5161 = DIRECTION('',(2.22044604925E-16,1.,0.));
#5162 = ORIENTED_EDGE('',*,*,#5163,.F.);
#5163 = EDGE_CURVE('',#5164,#5156,#5166,.T.);
#5164 = VERTEX_POINT('',#5165);
#5165 = CARTESIAN_POINT('',(1.64465E+03,-101.6,2.58081954262E+03));
#5166 = LINE('',#5167,#5168);
#5167 = CARTESIAN_POINT('',(1.64465E+03,-101.6,2.164331998436E+03));
#5168 = VECTOR('',#5169,1.);
#5169 = DIRECTION('',(0.,0.,-1.));
#5170 = ORIENTED_EDGE('',*,*,#5171,.T.);
#5171 = EDGE_CURVE('',#5164,#5172,#5174,.T.);
#5172 = VERTEX_POINT('',#5173);
#5173 = CARTESIAN_POINT('',(1.64465E+03,1.500867857143E+03,
    3.343740830116E+03));
#5174 = LINE('',#5175,#5176);
#5175 = CARTESIAN_POINT('',(1.64465E+03,-246.7844612742,
    2.511698458146E+03));
#5176 = VECTOR('',#5177,1.);
#5177 = DIRECTION('',(2.004830108882E-16,0.90289521313,0.429860714775));
#5178 = ORIENTED_EDGE('',*,*,#5179,.T.);
#5179 = EDGE_CURVE('',#5172,#5148,#5180,.T.);
#5180 = LINE('',#5181,#5182);
#5181 = CARTESIAN_POINT('',(1.64465E+03,1.500867857143E+03,
    2.408306998436E+03));
#5182 = VECTOR('',#5183,1.);
#5183 = DIRECTION('',(0.,0.,-1.));
#5184 = PLANE('',#5185);
#5185 = AXIS2_PLACEMENT_3D('',#5186,#5187,#5188);
#5186 = CARTESIAN_POINT('',(1.64465E+03,-186.7329194201,
    2.385563996872E+03));
#5187 = DIRECTION('',(-1.,2.22044604925E-16,0.));
#5188 = DIRECTION('',(-9.544825258501E-17,-0.429860714775,0.90289521313)
  );
#5189 = ADVANCED_FACE('',(#5190),#5215,.F.);
#5190 = FACE_BOUND('',#5191,.F.);
#5191 = EDGE_LOOP('',(#5192,#5202,#5208,#5209));
#5192 = ORIENTED_EDGE('',*,*,#5193,.F.);
#5193 = EDGE_CURVE('',#5194,#5196,#5198,.T.);
#5194 = VERTEX_POINT('',#5195);
#5195 = CARTESIAN_POINT('',(1.60655E+03,57.623488897394,2.5019E+03));
#5196 = VERTEX_POINT('',#5197);
#5197 = CARTESIAN_POINT('',(1.60655E+03,1.500867857143E+03,
    3.189016341639E+03));
#5198 = LINE('',#5199,#5200);
#5199 = CARTESIAN_POINT('',(1.60655E+03,-186.7329194201,
    2.385563996872E+03));
#5200 = VECTOR('',#5201,1.);
#5201 = DIRECTION('',(2.004830108882E-16,0.90289521313,0.429860714775));
#5202 = ORIENTED_EDGE('',*,*,#5203,.F.);
#5203 = EDGE_CURVE('',#5146,#5194,#5204,.T.);
#5204 = LINE('',#5205,#5206);
#5205 = CARTESIAN_POINT('',(1.78435E+03,57.623488897394,2.5019E+03));
#5206 = VECTOR('',#5207,1.);
#5207 = DIRECTION('',(-1.,2.22044604925E-16,0.));
#5208 = ORIENTED_EDGE('',*,*,#5145,.T.);
#5209 = ORIENTED_EDGE('',*,*,#5210,.T.);
#5210 = EDGE_CURVE('',#5148,#5196,#5211,.T.);
#5211 = LINE('',#5212,#5213);
#5212 = CARTESIAN_POINT('',(1.64515E+03,1.500867857143E+03,
    3.189016341639E+03));
#5213 = VECTOR('',#5214,1.);
#5214 = DIRECTION('',(-1.,2.22044604925E-16,0.));
#5215 = PLANE('',#5216);
#5216 = AXIS2_PLACEMENT_3D('',#5217,#5218,#5219);
#5217 = CARTESIAN_POINT('',(1.64465E+03,-186.7329194201,
    2.385563996872E+03));
#5218 = DIRECTION('',(-9.544825258501E-17,-0.429860714775,0.90289521313)
  );
#5219 = DIRECTION('',(2.004830108882E-16,0.90289521313,0.429860714775));
#5220 = ADVANCED_FACE('',(#5221),#5239,.T.);
#5221 = FACE_BOUND('',#5222,.T.);
#5222 = EDGE_LOOP('',(#5223,#5231,#5232,#5233));
#5223 = ORIENTED_EDGE('',*,*,#5224,.F.);
#5224 = EDGE_CURVE('',#5172,#5225,#5227,.T.);
#5225 = VERTEX_POINT('',#5226);
#5226 = CARTESIAN_POINT('',(1.60655E+03,1.500867857143E+03,
    3.343740830116E+03));
#5227 = LINE('',#5228,#5229);
#5228 = CARTESIAN_POINT('',(1.64515E+03,1.500867857143E+03,
    3.343740830116E+03));
#5229 = VECTOR('',#5230,1.);
#5230 = DIRECTION('',(-1.,2.22044604925E-16,0.));
#5231 = ORIENTED_EDGE('',*,*,#5179,.T.);
#5232 = ORIENTED_EDGE('',*,*,#5210,.T.);
#5233 = ORIENTED_EDGE('',*,*,#5234,.F.);
#5234 = EDGE_CURVE('',#5225,#5196,#5235,.T.);
#5235 = LINE('',#5236,#5237);
#5236 = CARTESIAN_POINT('',(1.60655E+03,1.500867857143E+03,
    2.408306998436E+03));
#5237 = VECTOR('',#5238,1.);
#5238 = DIRECTION('',(0.,0.,-1.));
#5239 = PLANE('',#5240);
#5240 = AXIS2_PLACEMENT_3D('',#5241,#5242,#5243);
#5241 = CARTESIAN_POINT('',(1.64565E+03,1.500867857143E+03,2.43105E+03)
  );
#5242 = DIRECTION('',(2.22044604925E-16,1.,0.));
#5243 = DIRECTION('',(0.,0.,1.));
#5244 = ADVANCED_FACE('',(#5245),#5263,.T.);
#5245 = FACE_BOUND('',#5246,.T.);
#5246 = EDGE_LOOP('',(#5247,#5255,#5261,#5262));
#5247 = ORIENTED_EDGE('',*,*,#5248,.F.);
#5248 = EDGE_CURVE('',#5249,#5225,#5251,.T.);
#5249 = VERTEX_POINT('',#5250);
#5250 = CARTESIAN_POINT('',(1.60655E+03,-101.6,2.58081954262E+03));
#5251 = LINE('',#5252,#5253);
#5252 = CARTESIAN_POINT('',(1.60655E+03,-246.7844612742,
    2.511698458146E+03));
#5253 = VECTOR('',#5254,1.);
#5254 = DIRECTION('',(2.004830108882E-16,0.90289521313,0.429860714775));
#5255 = ORIENTED_EDGE('',*,*,#5256,.F.);
#5256 = EDGE_CURVE('',#5164,#5249,#5257,.T.);
#5257 = LINE('',#5258,#5259);
#5258 = CARTESIAN_POINT('',(622.3,-101.6,2.58081954262E+03));
#5259 = VECTOR('',#5260,1.);
#5260 = DIRECTION('',(-1.,4.42044604925E-16,1.1E-16));
#5261 = ORIENTED_EDGE('',*,*,#5171,.T.);
#5262 = ORIENTED_EDGE('',*,*,#5224,.T.);
#5263 = PLANE('',#5264);
#5264 = AXIS2_PLACEMENT_3D('',#5265,#5266,#5267);
#5265 = CARTESIAN_POINT('',(1.64465E+03,-246.7844612742,
    2.511698458146E+03));
#5266 = DIRECTION('',(-9.544825258501E-17,-0.429860714775,0.90289521313)
  );
#5267 = DIRECTION('',(2.004830108882E-16,0.90289521313,0.429860714775));
#5268 = ADVANCED_FACE('',(#5269),#5287,.F.);
#5269 = FACE_BOUND('',#5270,.F.);
#5270 = EDGE_LOOP('',(#5271,#5272,#5273,#5281));
#5271 = ORIENTED_EDGE('',*,*,#5256,.F.);
#5272 = ORIENTED_EDGE('',*,*,#5163,.T.);
#5273 = ORIENTED_EDGE('',*,*,#5274,.T.);
#5274 = EDGE_CURVE('',#5156,#5275,#5277,.T.);
#5275 = VERTEX_POINT('',#5276);
#5276 = CARTESIAN_POINT('',(1.60655E+03,-101.6,2.5019E+03));
#5277 = LINE('',#5278,#5279);
#5278 = CARTESIAN_POINT('',(-400.05,-101.6,2.5019E+03));
#5279 = VECTOR('',#5280,1.);
#5280 = DIRECTION('',(-1.,4.42044604925E-16,0.));
#5281 = ORIENTED_EDGE('',*,*,#5282,.F.);
#5282 = EDGE_CURVE('',#5249,#5275,#5283,.T.);
#5283 = LINE('',#5284,#5285);
#5284 = CARTESIAN_POINT('',(1.60655E+03,-101.6,2.164331998436E+03));
#5285 = VECTOR('',#5286,1.);
#5286 = DIRECTION('',(0.,0.,-1.));
#5287 = PLANE('',#5288);
#5288 = AXIS2_PLACEMENT_3D('',#5289,#5290,#5291);
#5289 = CARTESIAN_POINT('',(-400.05,-101.6,1.9431E+03));
#5290 = DIRECTION('',(2.22044604925E-16,1.,0.));
#5291 = DIRECTION('',(0.,0.,1.));
#5292 = ADVANCED_FACE('',(#5293),#5305,.T.);
#5293 = FACE_BOUND('',#5294,.T.);
#5294 = EDGE_LOOP('',(#5295,#5296,#5302,#5303,#5304));
#5295 = ORIENTED_EDGE('',*,*,#5193,.F.);
#5296 = ORIENTED_EDGE('',*,*,#5297,.F.);
#5297 = EDGE_CURVE('',#5275,#5194,#5298,.T.);
#5298 = LINE('',#5299,#5300);
#5299 = CARTESIAN_POINT('',(1.60655E+03,-293.39145971,2.5019E+03));
#5300 = VECTOR('',#5301,1.);
#5301 = DIRECTION('',(2.22044604925E-16,1.,0.));
#5302 = ORIENTED_EDGE('',*,*,#5282,.F.);
#5303 = ORIENTED_EDGE('',*,*,#5248,.T.);
#5304 = ORIENTED_EDGE('',*,*,#5234,.T.);
#5305 = PLANE('',#5306);
#5306 = AXIS2_PLACEMENT_3D('',#5307,#5308,#5309);
#5307 = CARTESIAN_POINT('',(1.60655E+03,-186.7329194201,
    2.385563996872E+03));
#5308 = DIRECTION('',(-1.,2.22044604925E-16,0.));
#5309 = DIRECTION('',(-9.544825258501E-17,-0.429860714775,0.90289521313)
  );
#5310 = ADVANCED_FACE('',(#5311),#5317,.T.);
#5311 = FACE_BOUND('',#5312,.T.);
#5312 = EDGE_LOOP('',(#5313,#5314,#5315,#5316));
#5313 = ORIENTED_EDGE('',*,*,#5155,.F.);
#5314 = ORIENTED_EDGE('',*,*,#5274,.T.);
#5315 = ORIENTED_EDGE('',*,*,#5297,.T.);
#5316 = ORIENTED_EDGE('',*,*,#5203,.F.);
#5317 = PLANE('',#5318);
#5318 = AXIS2_PLACEMENT_3D('',#5319,#5320,#5321);
#5319 = CARTESIAN_POINT('',(1.6256E+03,-21.9882555513,2.5019E+03));
#5320 = DIRECTION('',(0.,-0.,-1.));
#5321 = DIRECTION('',(-2.22044604925E-16,-1.,0.));
#5322 = MANIFOLD_SOLID_BREP('',#5323);
#5323 = CLOSED_SHELL('',(#5324,#5372,#5403,#5427,#5451,#5475,#5493));
#5324 = ADVANCED_FACE('',(#5325),#5367,.F.);
#5325 = FACE_BOUND('',#5326,.F.);
#5326 = EDGE_LOOP('',(#5327,#5337,#5345,#5353,#5361));
#5327 = ORIENTED_EDGE('',*,*,#5328,.F.);
#5328 = EDGE_CURVE('',#5329,#5331,#5333,.T.);
#5329 = VERTEX_POINT('',#5330);
#5330 = CARTESIAN_POINT('',(2.25425E+03,57.623488897394,2.5019E+03));
#5331 = VERTEX_POINT('',#5332);
#5332 = CARTESIAN_POINT('',(2.25425E+03,2.066925E+03,3.458511322334E+03)
  );
#5333 = LINE('',#5334,#5335);
#5334 = CARTESIAN_POINT('',(2.25425E+03,-186.7329194201,
    2.385563996872E+03));
#5335 = VECTOR('',#5336,1.);
#5336 = DIRECTION('',(2.004830108882E-16,0.90289521313,0.429860714775));
#5337 = ORIENTED_EDGE('',*,*,#5338,.F.);
#5338 = EDGE_CURVE('',#5339,#5329,#5341,.T.);
#5339 = VERTEX_POINT('',#5340);
#5340 = CARTESIAN_POINT('',(2.25425E+03,-101.6,2.5019E+03));
#5341 = LINE('',#5342,#5343);
#5342 = CARTESIAN_POINT('',(2.25425E+03,-293.39145971,2.5019E+03));
#5343 = VECTOR('',#5344,1.);
#5344 = DIRECTION('',(2.22044604925E-16,1.,0.));
#5345 = ORIENTED_EDGE('',*,*,#5346,.F.);
#5346 = EDGE_CURVE('',#5347,#5339,#5349,.T.);
#5347 = VERTEX_POINT('',#5348);
#5348 = CARTESIAN_POINT('',(2.25425E+03,-101.6,2.58081954262E+03));
#5349 = LINE('',#5350,#5351);
#5350 = CARTESIAN_POINT('',(2.25425E+03,-101.6,2.164331998436E+03));
#5351 = VECTOR('',#5352,1.);
#5352 = DIRECTION('',(0.,0.,-1.));
#5353 = ORIENTED_EDGE('',*,*,#5354,.T.);
#5354 = EDGE_CURVE('',#5347,#5355,#5357,.T.);
#5355 = VERTEX_POINT('',#5356);
#5356 = CARTESIAN_POINT('',(2.25425E+03,2.066925E+03,3.613235810811E+03)
  );
#5357 = LINE('',#5358,#5359);
#5358 = CARTESIAN_POINT('',(2.25425E+03,-246.7844612742,
    2.511698458146E+03));
#5359 = VECTOR('',#5360,1.);
#5360 = DIRECTION('',(2.004830108882E-16,0.90289521313,0.429860714775));
#5361 = ORIENTED_EDGE('',*,*,#5362,.T.);
#5362 = EDGE_CURVE('',#5355,#5331,#5363,.T.);
#5363 = LINE('',#5364,#5365);
#5364 = CARTESIAN_POINT('',(2.25425E+03,2.066925E+03,2.408306998436E+03)
  );
#5365 = VECTOR('',#5366,1.);
#5366 = DIRECTION('',(0.,0.,-1.));
#5367 = PLANE('',#5368);
#5368 = AXIS2_PLACEMENT_3D('',#5369,#5370,#5371);
#5369 = CARTESIAN_POINT('',(2.25425E+03,-186.7329194201,
    2.385563996872E+03));
#5370 = DIRECTION('',(-1.,2.22044604925E-16,0.));
#5371 = DIRECTION('',(-9.544825258501E-17,-0.429860714775,0.90289521313)
  );
#5372 = ADVANCED_FACE('',(#5373),#5398,.F.);
#5373 = FACE_BOUND('',#5374,.F.);
#5374 = EDGE_LOOP('',(#5375,#5385,#5391,#5392));
#5375 = ORIENTED_EDGE('',*,*,#5376,.F.);
#5376 = EDGE_CURVE('',#5377,#5379,#5381,.T.);
#5377 = VERTEX_POINT('',#5378);
#5378 = CARTESIAN_POINT('',(2.21615E+03,57.623488897394,2.5019E+03));
#5379 = VERTEX_POINT('',#5380);
#5380 = CARTESIAN_POINT('',(2.21615E+03,2.066925E+03,3.458511322334E+03)
  );
#5381 = LINE('',#5382,#5383);
#5382 = CARTESIAN_POINT('',(2.21615E+03,-186.7329194201,
    2.385563996872E+03));
#5383 = VECTOR('',#5384,1.);
#5384 = DIRECTION('',(2.004830108882E-16,0.90289521313,0.429860714775));
#5385 = ORIENTED_EDGE('',*,*,#5386,.F.);
#5386 = EDGE_CURVE('',#5329,#5377,#5387,.T.);
#5387 = LINE('',#5388,#5389);
#5388 = CARTESIAN_POINT('',(2.39395E+03,57.623488897394,2.5019E+03));
#5389 = VECTOR('',#5390,1.);
#5390 = DIRECTION('',(-1.,2.22044604925E-16,0.));
#5391 = ORIENTED_EDGE('',*,*,#5328,.T.);
#5392 = ORIENTED_EDGE('',*,*,#5393,.T.);
#5393 = EDGE_CURVE('',#5331,#5379,#5394,.T.);
#5394 = LINE('',#5395,#5396);
#5395 = CARTESIAN_POINT('',(2.25475E+03,2.066925E+03,3.458511322334E+03)
  );
#5396 = VECTOR('',#5397,1.);
#5397 = DIRECTION('',(-1.,2.22044604925E-16,0.));
#5398 = PLANE('',#5399);
#5399 = AXIS2_PLACEMENT_3D('',#5400,#5401,#5402);
#5400 = CARTESIAN_POINT('',(2.25425E+03,-186.7329194201,
    2.385563996872E+03));
#5401 = DIRECTION('',(-9.544825258501E-17,-0.429860714775,0.90289521313)
  );
#5402 = DIRECTION('',(2.004830108882E-16,0.90289521313,0.429860714775));
#5403 = ADVANCED_FACE('',(#5404),#5422,.T.);
#5404 = FACE_BOUND('',#5405,.T.);
#5405 = EDGE_LOOP('',(#5406,#5414,#5415,#5416));
#5406 = ORIENTED_EDGE('',*,*,#5407,.F.);
#5407 = EDGE_CURVE('',#5355,#5408,#5410,.T.);
#5408 = VERTEX_POINT('',#5409);
#5409 = CARTESIAN_POINT('',(2.21615E+03,2.066925E+03,3.613235810811E+03)
  );
#5410 = LINE('',#5411,#5412);
#5411 = CARTESIAN_POINT('',(2.25475E+03,2.066925E+03,3.613235810811E+03)
  );
#5412 = VECTOR('',#5413,1.);
#5413 = DIRECTION('',(-1.,2.22044604925E-16,0.));
#5414 = ORIENTED_EDGE('',*,*,#5362,.T.);
#5415 = ORIENTED_EDGE('',*,*,#5393,.T.);
#5416 = ORIENTED_EDGE('',*,*,#5417,.F.);
#5417 = EDGE_CURVE('',#5408,#5379,#5418,.T.);
#5418 = LINE('',#5419,#5420);
#5419 = CARTESIAN_POINT('',(2.21615E+03,2.066925E+03,2.408306998436E+03)
  );
#5420 = VECTOR('',#5421,1.);
#5421 = DIRECTION('',(0.,0.,-1.));
#5422 = PLANE('',#5423);
#5423 = AXIS2_PLACEMENT_3D('',#5424,#5425,#5426);
#5424 = CARTESIAN_POINT('',(2.25525E+03,2.066925E+03,2.43105E+03));
#5425 = DIRECTION('',(2.22044604925E-16,1.,0.));
#5426 = DIRECTION('',(0.,0.,1.));
#5427 = ADVANCED_FACE('',(#5428),#5446,.T.);
#5428 = FACE_BOUND('',#5429,.T.);
#5429 = EDGE_LOOP('',(#5430,#5438,#5444,#5445));
#5430 = ORIENTED_EDGE('',*,*,#5431,.F.);
#5431 = EDGE_CURVE('',#5432,#5408,#5434,.T.);
#5432 = VERTEX_POINT('',#5433);
#5433 = CARTESIAN_POINT('',(2.21615E+03,-101.6,2.58081954262E+03));
#5434 = LINE('',#5435,#5436);
#5435 = CARTESIAN_POINT('',(2.21615E+03,-246.7844612742,
    2.511698458146E+03));
#5436 = VECTOR('',#5437,1.);
#5437 = DIRECTION('',(2.004830108882E-16,0.90289521313,0.429860714775));
#5438 = ORIENTED_EDGE('',*,*,#5439,.F.);
#5439 = EDGE_CURVE('',#5347,#5432,#5440,.T.);
#5440 = LINE('',#5441,#5442);
#5441 = CARTESIAN_POINT('',(927.1,-101.6,2.58081954262E+03));
#5442 = VECTOR('',#5443,1.);
#5443 = DIRECTION('',(-1.,4.42044604925E-16,1.1E-16));
#5444 = ORIENTED_EDGE('',*,*,#5354,.T.);
#5445 = ORIENTED_EDGE('',*,*,#5407,.T.);
#5446 = PLANE('',#5447);
#5447 = AXIS2_PLACEMENT_3D('',#5448,#5449,#5450);
#5448 = CARTESIAN_POINT('',(2.25425E+03,-246.7844612742,
    2.511698458146E+03));
#5449 = DIRECTION('',(-9.544825258501E-17,-0.429860714775,0.90289521313)
  );
#5450 = DIRECTION('',(2.004830108882E-16,0.90289521313,0.429860714775));
#5451 = ADVANCED_FACE('',(#5452),#5470,.F.);
#5452 = FACE_BOUND('',#5453,.F.);
#5453 = EDGE_LOOP('',(#5454,#5455,#5456,#5464));
#5454 = ORIENTED_EDGE('',*,*,#5439,.F.);
#5455 = ORIENTED_EDGE('',*,*,#5346,.T.);
#5456 = ORIENTED_EDGE('',*,*,#5457,.T.);
#5457 = EDGE_CURVE('',#5339,#5458,#5460,.T.);
#5458 = VERTEX_POINT('',#5459);
#5459 = CARTESIAN_POINT('',(2.21615E+03,-101.6,2.5019E+03));
#5460 = LINE('',#5461,#5462);
#5461 = CARTESIAN_POINT('',(-400.05,-101.6,2.5019E+03));
#5462 = VECTOR('',#5463,1.);
#5463 = DIRECTION('',(-1.,4.42044604925E-16,0.));
#5464 = ORIENTED_EDGE('',*,*,#5465,.F.);
#5465 = EDGE_CURVE('',#5432,#5458,#5466,.T.);
#5466 = LINE('',#5467,#5468);
#5467 = CARTESIAN_POINT('',(2.21615E+03,-101.6,2.164331998436E+03));
#5468 = VECTOR('',#5469,1.);
#5469 = DIRECTION('',(0.,0.,-1.));
#5470 = PLANE('',#5471);
#5471 = AXIS2_PLACEMENT_3D('',#5472,#5473,#5474);
#5472 = CARTESIAN_POINT('',(-400.05,-101.6,1.9431E+03));
#5473 = DIRECTION('',(2.22044604925E-16,1.,0.));
#5474 = DIRECTION('',(0.,0.,1.));
#5475 = ADVANCED_FACE('',(#5476),#5488,.T.);
#5476 = FACE_BOUND('',#5477,.T.);
#5477 = EDGE_LOOP('',(#5478,#5479,#5485,#5486,#5487));
#5478 = ORIENTED_EDGE('',*,*,#5376,.F.);
#5479 = ORIENTED_EDGE('',*,*,#5480,.F.);
#5480 = EDGE_CURVE('',#5458,#5377,#5481,.T.);
#5481 = LINE('',#5482,#5483);
#5482 = CARTESIAN_POINT('',(2.21615E+03,-293.39145971,2.5019E+03));
#5483 = VECTOR('',#5484,1.);
#5484 = DIRECTION('',(2.22044604925E-16,1.,0.));
#5485 = ORIENTED_EDGE('',*,*,#5465,.F.);
#5486 = ORIENTED_EDGE('',*,*,#5431,.T.);
#5487 = ORIENTED_EDGE('',*,*,#5417,.T.);
#5488 = PLANE('',#5489);
#5489 = AXIS2_PLACEMENT_3D('',#5490,#5491,#5492);
#5490 = CARTESIAN_POINT('',(2.21615E+03,-186.7329194201,
    2.385563996872E+03));
#5491 = DIRECTION('',(-1.,2.22044604925E-16,0.));
#5492 = DIRECTION('',(-9.544825258501E-17,-0.429860714775,0.90289521313)
  );
#5493 = ADVANCED_FACE('',(#5494),#5500,.T.);
#5494 = FACE_BOUND('',#5495,.T.);
#5495 = EDGE_LOOP('',(#5496,#5497,#5498,#5499));
#5496 = ORIENTED_EDGE('',*,*,#5338,.F.);
#5497 = ORIENTED_EDGE('',*,*,#5457,.T.);
#5498 = ORIENTED_EDGE('',*,*,#5480,.T.);
#5499 = ORIENTED_EDGE('',*,*,#5386,.F.);
#5500 = PLANE('',#5501);
#5501 = AXIS2_PLACEMENT_3D('',#5502,#5503,#5504);
#5502 = CARTESIAN_POINT('',(2.2352E+03,-21.9882555513,2.5019E+03));
#5503 = DIRECTION('',(0.,-0.,-1.));
#5504 = DIRECTION('',(-2.22044604925E-16,-1.,0.));
#5505 = MANIFOLD_SOLID_BREP('',#5506);
#5506 = CLOSED_SHELL('',(#5507,#5555,#5586,#5610,#5634,#5658,#5676));
#5507 = ADVANCED_FACE('',(#5508),#5550,.F.);
#5508 = FACE_BOUND('',#5509,.F.);
#5509 = EDGE_LOOP('',(#5510,#5520,#5528,#5536,#5544));
#5510 = ORIENTED_EDGE('',*,*,#5511,.F.);
#5511 = EDGE_CURVE('',#5512,#5514,#5516,.T.);
#5512 = VERTEX_POINT('',#5513);
#5513 = CARTESIAN_POINT('',(2.86385E+03,57.623488897394,2.5019E+03));
#5514 = VERTEX_POINT('',#5515);
#5515 = CARTESIAN_POINT('',(2.86385E+03,2.632982142857E+03,
    3.728006303029E+03));
#5516 = LINE('',#5517,#5518);
#5517 = CARTESIAN_POINT('',(2.86385E+03,-186.7329194201,
    2.385563996872E+03));
#5518 = VECTOR('',#5519,1.);
#5519 = DIRECTION('',(2.004830108882E-16,0.90289521313,0.429860714775));
#5520 = ORIENTED_EDGE('',*,*,#5521,.F.);
#5521 = EDGE_CURVE('',#5522,#5512,#5524,.T.);
#5522 = VERTEX_POINT('',#5523);
#5523 = CARTESIAN_POINT('',(2.86385E+03,-101.6,2.5019E+03));
#5524 = LINE('',#5525,#5526);
#5525 = CARTESIAN_POINT('',(2.86385E+03,-293.39145971,2.5019E+03));
#5526 = VECTOR('',#5527,1.);
#5527 = DIRECTION('',(2.22044604925E-16,1.,0.));
#5528 = ORIENTED_EDGE('',*,*,#5529,.F.);
#5529 = EDGE_CURVE('',#5530,#5522,#5532,.T.);
#5530 = VERTEX_POINT('',#5531);
#5531 = CARTESIAN_POINT('',(2.86385E+03,-101.6,2.58081954262E+03));
#5532 = LINE('',#5533,#5534);
#5533 = CARTESIAN_POINT('',(2.86385E+03,-101.6,2.164331998436E+03));
#5534 = VECTOR('',#5535,1.);
#5535 = DIRECTION('',(0.,0.,-1.));
#5536 = ORIENTED_EDGE('',*,*,#5537,.T.);
#5537 = EDGE_CURVE('',#5530,#5538,#5540,.T.);
#5538 = VERTEX_POINT('',#5539);
#5539 = CARTESIAN_POINT('',(2.86385E+03,2.632982142857E+03,
    3.882730791506E+03));
#5540 = LINE('',#5541,#5542);
#5541 = CARTESIAN_POINT('',(2.86385E+03,-246.7844612742,
    2.511698458146E+03));
#5542 = VECTOR('',#5543,1.);
#5543 = DIRECTION('',(2.004830108882E-16,0.90289521313,0.429860714775));
#5544 = ORIENTED_EDGE('',*,*,#5545,.T.);
#5545 = EDGE_CURVE('',#5538,#5514,#5546,.T.);
#5546 = LINE('',#5547,#5548);
#5547 = CARTESIAN_POINT('',(2.86385E+03,2.632982142857E+03,
    2.408306998436E+03));
#5548 = VECTOR('',#5549,1.);
#5549 = DIRECTION('',(0.,0.,-1.));
#5550 = PLANE('',#5551);
#5551 = AXIS2_PLACEMENT_3D('',#5552,#5553,#5554);
#5552 = CARTESIAN_POINT('',(2.86385E+03,-186.7329194201,
    2.385563996872E+03));
#5553 = DIRECTION('',(-1.,2.22044604925E-16,0.));
#5554 = DIRECTION('',(-9.544825258501E-17,-0.429860714775,0.90289521313)
  );
#5555 = ADVANCED_FACE('',(#5556),#5581,.F.);
#5556 = FACE_BOUND('',#5557,.F.);
#5557 = EDGE_LOOP('',(#5558,#5568,#5574,#5575));
#5558 = ORIENTED_EDGE('',*,*,#5559,.F.);
#5559 = EDGE_CURVE('',#5560,#5562,#5564,.T.);
#5560 = VERTEX_POINT('',#5561);
#5561 = CARTESIAN_POINT('',(2.82575E+03,57.623488897394,2.5019E+03));
#5562 = VERTEX_POINT('',#5563);
#5563 = CARTESIAN_POINT('',(2.82575E+03,2.632982142857E+03,
    3.728006303029E+03));
#5564 = LINE('',#5565,#5566);
#5565 = CARTESIAN_POINT('',(2.82575E+03,-186.7329194201,
    2.385563996872E+03));
#5566 = VECTOR('',#5567,1.);
#5567 = DIRECTION('',(2.004830108882E-16,0.90289521313,0.429860714775));
#5568 = ORIENTED_EDGE('',*,*,#5569,.F.);
#5569 = EDGE_CURVE('',#5512,#5560,#5570,.T.);
#5570 = LINE('',#5571,#5572);
#5571 = CARTESIAN_POINT('',(3.00355E+03,57.623488897394,2.5019E+03));
#5572 = VECTOR('',#5573,1.);
#5573 = DIRECTION('',(-1.,2.22044604925E-16,0.));
#5574 = ORIENTED_EDGE('',*,*,#5511,.T.);
#5575 = ORIENTED_EDGE('',*,*,#5576,.T.);
#5576 = EDGE_CURVE('',#5514,#5562,#5577,.T.);
#5577 = LINE('',#5578,#5579);
#5578 = CARTESIAN_POINT('',(2.86435E+03,2.632982142857E+03,
    3.728006303029E+03));
#5579 = VECTOR('',#5580,1.);
#5580 = DIRECTION('',(-1.,2.22044604925E-16,0.));
#5581 = PLANE('',#5582);
#5582 = AXIS2_PLACEMENT_3D('',#5583,#5584,#5585);
#5583 = CARTESIAN_POINT('',(2.86385E+03,-186.7329194201,
    2.385563996872E+03));
#5584 = DIRECTION('',(-9.544825258501E-17,-0.429860714775,0.90289521313)
  );
#5585 = DIRECTION('',(2.004830108882E-16,0.90289521313,0.429860714775));
#5586 = ADVANCED_FACE('',(#5587),#5605,.T.);
#5587 = FACE_BOUND('',#5588,.T.);
#5588 = EDGE_LOOP('',(#5589,#5597,#5598,#5599));
#5589 = ORIENTED_EDGE('',*,*,#5590,.F.);
#5590 = EDGE_CURVE('',#5538,#5591,#5593,.T.);
#5591 = VERTEX_POINT('',#5592);
#5592 = CARTESIAN_POINT('',(2.82575E+03,2.632982142857E+03,
    3.882730791506E+03));
#5593 = LINE('',#5594,#5595);
#5594 = CARTESIAN_POINT('',(2.86435E+03,2.632982142857E+03,
    3.882730791506E+03));
#5595 = VECTOR('',#5596,1.);
#5596 = DIRECTION('',(-1.,2.22044604925E-16,0.));
#5597 = ORIENTED_EDGE('',*,*,#5545,.T.);
#5598 = ORIENTED_EDGE('',*,*,#5576,.T.);
#5599 = ORIENTED_EDGE('',*,*,#5600,.F.);
#5600 = EDGE_CURVE('',#5591,#5562,#5601,.T.);
#5601 = LINE('',#5602,#5603);
#5602 = CARTESIAN_POINT('',(2.82575E+03,2.632982142857E+03,
    2.408306998436E+03));
#5603 = VECTOR('',#5604,1.);
#5604 = DIRECTION('',(0.,0.,-1.));
#5605 = PLANE('',#5606);
#5606 = AXIS2_PLACEMENT_3D('',#5607,#5608,#5609);
#5607 = CARTESIAN_POINT('',(2.86485E+03,2.632982142857E+03,2.43105E+03)
  );
#5608 = DIRECTION('',(2.22044604925E-16,1.,0.));
#5609 = DIRECTION('',(0.,0.,1.));
#5610 = ADVANCED_FACE('',(#5611),#5629,.T.);
#5611 = FACE_BOUND('',#5612,.T.);
#5612 = EDGE_LOOP('',(#5613,#5621,#5627,#5628));
#5613 = ORIENTED_EDGE('',*,*,#5614,.F.);
#5614 = EDGE_CURVE('',#5615,#5591,#5617,.T.);
#5615 = VERTEX_POINT('',#5616);
#5616 = CARTESIAN_POINT('',(2.82575E+03,-101.6,2.58081954262E+03));
#5617 = LINE('',#5618,#5619);
#5618 = CARTESIAN_POINT('',(2.82575E+03,-246.7844612742,
    2.511698458146E+03));
#5619 = VECTOR('',#5620,1.);
#5620 = DIRECTION('',(2.004830108882E-16,0.90289521313,0.429860714775));
#5621 = ORIENTED_EDGE('',*,*,#5622,.F.);
#5622 = EDGE_CURVE('',#5530,#5615,#5623,.T.);
#5623 = LINE('',#5624,#5625);
#5624 = CARTESIAN_POINT('',(1.2319E+03,-101.6,2.58081954262E+03));
#5625 = VECTOR('',#5626,1.);
#5626 = DIRECTION('',(-1.,4.42044604925E-16,1.1E-16));
#5627 = ORIENTED_EDGE('',*,*,#5537,.T.);
#5628 = ORIENTED_EDGE('',*,*,#5590,.T.);
#5629 = PLANE('',#5630);
#5630 = AXIS2_PLACEMENT_3D('',#5631,#5632,#5633);
#5631 = CARTESIAN_POINT('',(2.86385E+03,-246.7844612742,
    2.511698458146E+03));
#5632 = DIRECTION('',(-9.544825258501E-17,-0.429860714775,0.90289521313)
  );
#5633 = DIRECTION('',(2.004830108882E-16,0.90289521313,0.429860714775));
#5634 = ADVANCED_FACE('',(#5635),#5653,.F.);
#5635 = FACE_BOUND('',#5636,.F.);
#5636 = EDGE_LOOP('',(#5637,#5638,#5639,#5647));
#5637 = ORIENTED_EDGE('',*,*,#5622,.F.);
#5638 = ORIENTED_EDGE('',*,*,#5529,.T.);
#5639 = ORIENTED_EDGE('',*,*,#5640,.T.);
#5640 = EDGE_CURVE('',#5522,#5641,#5643,.T.);
#5641 = VERTEX_POINT('',#5642);
#5642 = CARTESIAN_POINT('',(2.82575E+03,-101.6,2.5019E+03));
#5643 = LINE('',#5644,#5645);
#5644 = CARTESIAN_POINT('',(-400.05,-101.5999999999,2.5019E+03));
#5645 = VECTOR('',#5646,1.);
#5646 = DIRECTION('',(-1.,4.42044604925E-16,0.));
#5647 = ORIENTED_EDGE('',*,*,#5648,.F.);
#5648 = EDGE_CURVE('',#5615,#5641,#5649,.T.);
#5649 = LINE('',#5650,#5651);
#5650 = CARTESIAN_POINT('',(2.82575E+03,-101.6,2.164331998436E+03));
#5651 = VECTOR('',#5652,1.);
#5652 = DIRECTION('',(0.,0.,-1.));
#5653 = PLANE('',#5654);
#5654 = AXIS2_PLACEMENT_3D('',#5655,#5656,#5657);
#5655 = CARTESIAN_POINT('',(-400.05,-101.5999999999,1.9431E+03));
#5656 = DIRECTION('',(2.22044604925E-16,1.,0.));
#5657 = DIRECTION('',(0.,0.,1.));
#5658 = ADVANCED_FACE('',(#5659),#5671,.T.);
#5659 = FACE_BOUND('',#5660,.T.);
#5660 = EDGE_LOOP('',(#5661,#5662,#5668,#5669,#5670));
#5661 = ORIENTED_EDGE('',*,*,#5559,.F.);
#5662 = ORIENTED_EDGE('',*,*,#5663,.F.);
#5663 = EDGE_CURVE('',#5641,#5560,#5664,.T.);
#5664 = LINE('',#5665,#5666);
#5665 = CARTESIAN_POINT('',(2.82575E+03,-293.39145971,2.5019E+03));
#5666 = VECTOR('',#5667,1.);
#5667 = DIRECTION('',(2.22044604925E-16,1.,0.));
#5668 = ORIENTED_EDGE('',*,*,#5648,.F.);
#5669 = ORIENTED_EDGE('',*,*,#5614,.T.);
#5670 = ORIENTED_EDGE('',*,*,#5600,.T.);
#5671 = PLANE('',#5672);
#5672 = AXIS2_PLACEMENT_3D('',#5673,#5674,#5675);
#5673 = CARTESIAN_POINT('',(2.82575E+03,-186.7329194201,
    2.385563996872E+03));
#5674 = DIRECTION('',(-1.,2.22044604925E-16,0.));
#5675 = DIRECTION('',(-9.544825258501E-17,-0.429860714775,0.90289521313)
  );
#5676 = ADVANCED_FACE('',(#5677),#5683,.T.);
#5677 = FACE_BOUND('',#5678,.T.);
#5678 = EDGE_LOOP('',(#5679,#5680,#5681,#5682));
#5679 = ORIENTED_EDGE('',*,*,#5521,.F.);
#5680 = ORIENTED_EDGE('',*,*,#5640,.T.);
#5681 = ORIENTED_EDGE('',*,*,#5663,.T.);
#5682 = ORIENTED_EDGE('',*,*,#5569,.F.);
#5683 = PLANE('',#5684);
#5684 = AXIS2_PLACEMENT_3D('',#5685,#5686,#5687);
#5685 = CARTESIAN_POINT('',(2.8448E+03,-21.9882555513,2.5019E+03));
#5686 = DIRECTION('',(0.,-0.,-1.));
#5687 = DIRECTION('',(-2.22044604925E-16,-1.,0.));
#5688 = MANIFOLD_SOLID_BREP('',#5689);
#5689 = CLOSED_SHELL('',(#5690,#5738,#5769,#5793,#5817,#5841,#5859));
#5690 = ADVANCED_FACE('',(#5691),#5733,.F.);
#5691 = FACE_BOUND('',#5692,.F.);
#5692 = EDGE_LOOP('',(#5693,#5703,#5711,#5719,#5727));
#5693 = ORIENTED_EDGE('',*,*,#5694,.F.);
#5694 = EDGE_CURVE('',#5695,#5697,#5699,.T.);
#5695 = VERTEX_POINT('',#5696);
#5696 = CARTESIAN_POINT('',(5.94995E+03,57.623488897394,2.5019E+03));
#5697 = VERTEX_POINT('',#5698);
#5698 = CARTESIAN_POINT('',(5.94995E+03,368.75357142857,
    2.650026380249E+03));
#5699 = LINE('',#5700,#5701);
#5700 = CARTESIAN_POINT('',(5.94995E+03,-186.7329194201,
    2.385563996872E+03));
#5701 = VECTOR('',#5702,1.);
#5702 = DIRECTION('',(2.004830108882E-16,0.90289521313,0.429860714775));
#5703 = ORIENTED_EDGE('',*,*,#5704,.F.);
#5704 = EDGE_CURVE('',#5705,#5695,#5707,.T.);
#5705 = VERTEX_POINT('',#5706);
#5706 = CARTESIAN_POINT('',(5.94995E+03,-101.6,2.5019E+03));
#5707 = LINE('',#5708,#5709);
#5708 = CARTESIAN_POINT('',(5.94995E+03,-293.39145971,2.5019E+03));
#5709 = VECTOR('',#5710,1.);
#5710 = DIRECTION('',(2.22044604925E-16,1.,0.));
#5711 = ORIENTED_EDGE('',*,*,#5712,.F.);
#5712 = EDGE_CURVE('',#5713,#5705,#5715,.T.);
#5713 = VERTEX_POINT('',#5714);
#5714 = CARTESIAN_POINT('',(5.94995E+03,-101.6,2.58081954262E+03));
#5715 = LINE('',#5716,#5717);
#5716 = CARTESIAN_POINT('',(5.94995E+03,-101.6,2.164331998436E+03));
#5717 = VECTOR('',#5718,1.);
#5718 = DIRECTION('',(0.,0.,-1.));
#5719 = ORIENTED_EDGE('',*,*,#5720,.T.);
#5720 = EDGE_CURVE('',#5713,#5721,#5723,.T.);
#5721 = VERTEX_POINT('',#5722);
#5722 = CARTESIAN_POINT('',(5.94995E+03,368.75357142857,
    2.804750868726E+03));
#5723 = LINE('',#5724,#5725);
#5724 = CARTESIAN_POINT('',(5.94995E+03,-246.7844612742,
    2.511698458146E+03));
#5725 = VECTOR('',#5726,1.);
#5726 = DIRECTION('',(2.004830108882E-16,0.90289521313,0.429860714775));
#5727 = ORIENTED_EDGE('',*,*,#5728,.T.);
#5728 = EDGE_CURVE('',#5721,#5697,#5729,.T.);
#5729 = LINE('',#5730,#5731);
#5730 = CARTESIAN_POINT('',(5.94995E+03,368.75357142857,
    2.408306998436E+03));
#5731 = VECTOR('',#5732,1.);
#5732 = DIRECTION('',(0.,0.,-1.));
#5733 = PLANE('',#5734);
#5734 = AXIS2_PLACEMENT_3D('',#5735,#5736,#5737);
#5735 = CARTESIAN_POINT('',(5.94995E+03,-186.7329194201,
    2.385563996872E+03));
#5736 = DIRECTION('',(-1.,2.22044604925E-16,0.));
#5737 = DIRECTION('',(-9.544825258501E-17,-0.429860714775,0.90289521313)
  );
#5738 = ADVANCED_FACE('',(#5739),#5764,.F.);
#5739 = FACE_BOUND('',#5740,.F.);
#5740 = EDGE_LOOP('',(#5741,#5751,#5757,#5758));
#5741 = ORIENTED_EDGE('',*,*,#5742,.F.);
#5742 = EDGE_CURVE('',#5743,#5745,#5747,.T.);
#5743 = VERTEX_POINT('',#5744);
#5744 = CARTESIAN_POINT('',(5.91185E+03,57.623488897394,2.5019E+03));
#5745 = VERTEX_POINT('',#5746);
#5746 = CARTESIAN_POINT('',(5.91185E+03,368.75357142857,
    2.650026380249E+03));
#5747 = LINE('',#5748,#5749);
#5748 = CARTESIAN_POINT('',(5.91185E+03,-186.7329194201,
    2.385563996872E+03));
#5749 = VECTOR('',#5750,1.);
#5750 = DIRECTION('',(2.004830108882E-16,0.90289521313,0.429860714775));
#5751 = ORIENTED_EDGE('',*,*,#5752,.F.);
#5752 = EDGE_CURVE('',#5695,#5743,#5753,.T.);
#5753 = LINE('',#5754,#5755);
#5754 = CARTESIAN_POINT('',(6.08965E+03,57.623488897394,2.5019E+03));
#5755 = VECTOR('',#5756,1.);
#5756 = DIRECTION('',(-1.,2.22044604925E-16,0.));
#5757 = ORIENTED_EDGE('',*,*,#5694,.T.);
#5758 = ORIENTED_EDGE('',*,*,#5759,.T.);
#5759 = EDGE_CURVE('',#5697,#5745,#5760,.T.);
#5760 = LINE('',#5761,#5762);
#5761 = CARTESIAN_POINT('',(5.95045E+03,368.75357142857,
    2.650026380249E+03));
#5762 = VECTOR('',#5763,1.);
#5763 = DIRECTION('',(-1.,2.22044604925E-16,0.));
#5764 = PLANE('',#5765);
#5765 = AXIS2_PLACEMENT_3D('',#5766,#5767,#5768);
#5766 = CARTESIAN_POINT('',(5.94995E+03,-186.7329194201,
    2.385563996872E+03));
#5767 = DIRECTION('',(-9.544825258501E-17,-0.429860714775,0.90289521313)
  );
#5768 = DIRECTION('',(2.004830108882E-16,0.90289521313,0.429860714775));
#5769 = ADVANCED_FACE('',(#5770),#5788,.T.);
#5770 = FACE_BOUND('',#5771,.T.);
#5771 = EDGE_LOOP('',(#5772,#5780,#5781,#5782));
#5772 = ORIENTED_EDGE('',*,*,#5773,.F.);
#5773 = EDGE_CURVE('',#5721,#5774,#5776,.T.);
#5774 = VERTEX_POINT('',#5775);
#5775 = CARTESIAN_POINT('',(5.91185E+03,368.75357142857,
    2.804750868726E+03));
#5776 = LINE('',#5777,#5778);
#5777 = CARTESIAN_POINT('',(5.95045E+03,368.75357142857,
    2.804750868726E+03));
#5778 = VECTOR('',#5779,1.);
#5779 = DIRECTION('',(-1.,2.22044604925E-16,0.));
#5780 = ORIENTED_EDGE('',*,*,#5728,.T.);
#5781 = ORIENTED_EDGE('',*,*,#5759,.T.);
#5782 = ORIENTED_EDGE('',*,*,#5783,.F.);
#5783 = EDGE_CURVE('',#5774,#5745,#5784,.T.);
#5784 = LINE('',#5785,#5786);
#5785 = CARTESIAN_POINT('',(5.91185E+03,368.75357142857,
    2.408306998436E+03));
#5786 = VECTOR('',#5787,1.);
#5787 = DIRECTION('',(0.,0.,-1.));
#5788 = PLANE('',#5789);
#5789 = AXIS2_PLACEMENT_3D('',#5790,#5791,#5792);
#5790 = CARTESIAN_POINT('',(5.95095E+03,368.75357142857,2.43105E+03));
#5791 = DIRECTION('',(2.22044604925E-16,1.,0.));
#5792 = DIRECTION('',(0.,0.,1.));
#5793 = ADVANCED_FACE('',(#5794),#5812,.T.);
#5794 = FACE_BOUND('',#5795,.T.);
#5795 = EDGE_LOOP('',(#5796,#5804,#5810,#5811));
#5796 = ORIENTED_EDGE('',*,*,#5797,.F.);
#5797 = EDGE_CURVE('',#5798,#5774,#5800,.T.);
#5798 = VERTEX_POINT('',#5799);
#5799 = CARTESIAN_POINT('',(5.91185E+03,-101.6,2.58081954262E+03));
#5800 = LINE('',#5801,#5802);
#5801 = CARTESIAN_POINT('',(5.91185E+03,-246.7844612742,
    2.511698458146E+03));
#5802 = VECTOR('',#5803,1.);
#5803 = DIRECTION('',(2.004830108882E-16,0.90289521313,0.429860714775));
#5804 = ORIENTED_EDGE('',*,*,#5805,.F.);
#5805 = EDGE_CURVE('',#5713,#5798,#5806,.T.);
#5806 = LINE('',#5807,#5808);
#5807 = CARTESIAN_POINT('',(2.77495E+03,-101.6,2.58081954262E+03));
#5808 = VECTOR('',#5809,1.);
#5809 = DIRECTION('',(-1.,4.42044604925E-16,1.1E-16));
#5810 = ORIENTED_EDGE('',*,*,#5720,.T.);
#5811 = ORIENTED_EDGE('',*,*,#5773,.T.);
#5812 = PLANE('',#5813);
#5813 = AXIS2_PLACEMENT_3D('',#5814,#5815,#5816);
#5814 = CARTESIAN_POINT('',(5.94995E+03,-246.7844612742,
    2.511698458146E+03));
#5815 = DIRECTION('',(-9.544825258501E-17,-0.429860714775,0.90289521313)
  );
#5816 = DIRECTION('',(2.004830108882E-16,0.90289521313,0.429860714775));
#5817 = ADVANCED_FACE('',(#5818),#5836,.F.);
#5818 = FACE_BOUND('',#5819,.F.);
#5819 = EDGE_LOOP('',(#5820,#5821,#5822,#5830));
#5820 = ORIENTED_EDGE('',*,*,#5805,.F.);
#5821 = ORIENTED_EDGE('',*,*,#5712,.T.);
#5822 = ORIENTED_EDGE('',*,*,#5823,.T.);
#5823 = EDGE_CURVE('',#5705,#5824,#5826,.T.);
#5824 = VERTEX_POINT('',#5825);
#5825 = CARTESIAN_POINT('',(5.91185E+03,-101.6,2.5019E+03));
#5826 = LINE('',#5827,#5828);
#5827 = CARTESIAN_POINT('',(-400.05,-101.5999999999,2.5019E+03));
#5828 = VECTOR('',#5829,1.);
#5829 = DIRECTION('',(-1.,4.42044604925E-16,0.));
#5830 = ORIENTED_EDGE('',*,*,#5831,.F.);
#5831 = EDGE_CURVE('',#5798,#5824,#5832,.T.);
#5832 = LINE('',#5833,#5834);
#5833 = CARTESIAN_POINT('',(5.91185E+03,-101.6,2.164331998436E+03));
#5834 = VECTOR('',#5835,1.);
#5835 = DIRECTION('',(0.,0.,-1.));
#5836 = PLANE('',#5837);
#5837 = AXIS2_PLACEMENT_3D('',#5838,#5839,#5840);
#5838 = CARTESIAN_POINT('',(-400.05,-101.5999999999,1.9431E+03));
#5839 = DIRECTION('',(2.22044604925E-16,1.,0.));
#5840 = DIRECTION('',(0.,0.,1.));
#5841 = ADVANCED_FACE('',(#5842),#5854,.T.);
#5842 = FACE_BOUND('',#5843,.T.);
#5843 = EDGE_LOOP('',(#5844,#5845,#5851,#5852,#5853));
#5844 = ORIENTED_EDGE('',*,*,#5742,.F.);
#5845 = ORIENTED_EDGE('',*,*,#5846,.F.);
#5846 = EDGE_CURVE('',#5824,#5743,#5847,.T.);
#5847 = LINE('',#5848,#5849);
#5848 = CARTESIAN_POINT('',(5.91185E+03,-293.39145971,2.5019E+03));
#5849 = VECTOR('',#5850,1.);
#5850 = DIRECTION('',(2.22044604925E-16,1.,0.));
#5851 = ORIENTED_EDGE('',*,*,#5831,.F.);
#5852 = ORIENTED_EDGE('',*,*,#5797,.T.);
#5853 = ORIENTED_EDGE('',*,*,#5783,.T.);
#5854 = PLANE('',#5855);
#5855 = AXIS2_PLACEMENT_3D('',#5856,#5857,#5858);
#5856 = CARTESIAN_POINT('',(5.91185E+03,-186.7329194201,
    2.385563996872E+03));
#5857 = DIRECTION('',(-1.,2.22044604925E-16,0.));
#5858 = DIRECTION('',(-9.544825258501E-17,-0.429860714775,0.90289521313)
  );
#5859 = ADVANCED_FACE('',(#5860),#5866,.T.);
#5860 = FACE_BOUND('',#5861,.T.);
#5861 = EDGE_LOOP('',(#5862,#5863,#5864,#5865));
#5862 = ORIENTED_EDGE('',*,*,#5704,.F.);
#5863 = ORIENTED_EDGE('',*,*,#5823,.T.);
#5864 = ORIENTED_EDGE('',*,*,#5846,.T.);
#5865 = ORIENTED_EDGE('',*,*,#5752,.F.);
#5866 = PLANE('',#5867);
#5867 = AXIS2_PLACEMENT_3D('',#5868,#5869,#5870);
#5868 = CARTESIAN_POINT('',(5.9309E+03,-21.9882555513,2.5019E+03));
#5869 = DIRECTION('',(0.,-0.,-1.));
#5870 = DIRECTION('',(-2.22044604925E-16,-1.,0.));
#5871 = MANIFOLD_SOLID_BREP('',#5872);
#5872 = CLOSED_SHELL('',(#5873,#5921,#5952,#5976,#6000,#6024,#6042));
#5873 = ADVANCED_FACE('',(#5874),#5916,.F.);
#5874 = FACE_BOUND('',#5875,.F.);
#5875 = EDGE_LOOP('',(#5876,#5886,#5894,#5902,#5910));
#5876 = ORIENTED_EDGE('',*,*,#5877,.F.);
#5877 = EDGE_CURVE('',#5878,#5880,#5882,.T.);
#5878 = VERTEX_POINT('',#5879);
#5879 = CARTESIAN_POINT('',(5.34035E+03,57.623488897393,2.5019E+03));
#5880 = VERTEX_POINT('',#5881);
#5881 = CARTESIAN_POINT('',(5.34035E+03,934.81071428571,
    2.919521360944E+03));
#5882 = LINE('',#5883,#5884);
#5883 = CARTESIAN_POINT('',(5.34035E+03,-186.7329194201,
    2.385563996872E+03));
#5884 = VECTOR('',#5885,1.);
#5885 = DIRECTION('',(2.004830108882E-16,0.90289521313,0.429860714775));
#5886 = ORIENTED_EDGE('',*,*,#5887,.F.);
#5887 = EDGE_CURVE('',#5888,#5878,#5890,.T.);
#5888 = VERTEX_POINT('',#5889);
#5889 = CARTESIAN_POINT('',(5.34035E+03,-101.6,2.5019E+03));
#5890 = LINE('',#5891,#5892);
#5891 = CARTESIAN_POINT('',(5.34035E+03,-293.39145971,2.5019E+03));
#5892 = VECTOR('',#5893,1.);
#5893 = DIRECTION('',(2.22044604925E-16,1.,0.));
#5894 = ORIENTED_EDGE('',*,*,#5895,.F.);
#5895 = EDGE_CURVE('',#5896,#5888,#5898,.T.);
#5896 = VERTEX_POINT('',#5897);
#5897 = CARTESIAN_POINT('',(5.34035E+03,-101.6,2.58081954262E+03));
#5898 = LINE('',#5899,#5900);
#5899 = CARTESIAN_POINT('',(5.34035E+03,-101.6,2.164331998436E+03));
#5900 = VECTOR('',#5901,1.);
#5901 = DIRECTION('',(0.,0.,-1.));
#5902 = ORIENTED_EDGE('',*,*,#5903,.T.);
#5903 = EDGE_CURVE('',#5896,#5904,#5906,.T.);
#5904 = VERTEX_POINT('',#5905);
#5905 = CARTESIAN_POINT('',(5.34035E+03,934.81071428571,
    3.074245849421E+03));
#5906 = LINE('',#5907,#5908);
#5907 = CARTESIAN_POINT('',(5.34035E+03,-246.7844612742,
    2.511698458146E+03));
#5908 = VECTOR('',#5909,1.);
#5909 = DIRECTION('',(2.004830108882E-16,0.90289521313,0.429860714775));
#5910 = ORIENTED_EDGE('',*,*,#5911,.T.);
#5911 = EDGE_CURVE('',#5904,#5880,#5912,.T.);
#5912 = LINE('',#5913,#5914);
#5913 = CARTESIAN_POINT('',(5.34035E+03,934.81071428571,
    2.408306998436E+03));
#5914 = VECTOR('',#5915,1.);
#5915 = DIRECTION('',(0.,0.,-1.));
#5916 = PLANE('',#5917);
#5917 = AXIS2_PLACEMENT_3D('',#5918,#5919,#5920);
#5918 = CARTESIAN_POINT('',(5.34035E+03,-186.7329194201,
    2.385563996872E+03));
#5919 = DIRECTION('',(-1.,2.22044604925E-16,0.));
#5920 = DIRECTION('',(-9.544825258501E-17,-0.429860714775,0.90289521313)
  );
#5921 = ADVANCED_FACE('',(#5922),#5947,.F.);
#5922 = FACE_BOUND('',#5923,.F.);
#5923 = EDGE_LOOP('',(#5924,#5934,#5940,#5941));
#5924 = ORIENTED_EDGE('',*,*,#5925,.F.);
#5925 = EDGE_CURVE('',#5926,#5928,#5930,.T.);
#5926 = VERTEX_POINT('',#5927);
#5927 = CARTESIAN_POINT('',(5.30225E+03,57.623488897393,2.5019E+03));
#5928 = VERTEX_POINT('',#5929);
#5929 = CARTESIAN_POINT('',(5.30225E+03,934.81071428571,
    2.919521360944E+03));
#5930 = LINE('',#5931,#5932);
#5931 = CARTESIAN_POINT('',(5.30225E+03,-186.7329194201,
    2.385563996872E+03));
#5932 = VECTOR('',#5933,1.);
#5933 = DIRECTION('',(2.004830108882E-16,0.90289521313,0.429860714775));
#5934 = ORIENTED_EDGE('',*,*,#5935,.F.);
#5935 = EDGE_CURVE('',#5878,#5926,#5936,.T.);
#5936 = LINE('',#5937,#5938);
#5937 = CARTESIAN_POINT('',(5.48005E+03,57.623488897393,2.5019E+03));
#5938 = VECTOR('',#5939,1.);
#5939 = DIRECTION('',(-1.,2.22044604925E-16,0.));
#5940 = ORIENTED_EDGE('',*,*,#5877,.T.);
#5941 = ORIENTED_EDGE('',*,*,#5942,.T.);
#5942 = EDGE_CURVE('',#5880,#5928,#5943,.T.);
#5943 = LINE('',#5944,#5945);
#5944 = CARTESIAN_POINT('',(5.34085E+03,934.81071428571,
    2.919521360944E+03));
#5945 = VECTOR('',#5946,1.);
#5946 = DIRECTION('',(-1.,2.22044604925E-16,0.));
#5947 = PLANE('',#5948);
#5948 = AXIS2_PLACEMENT_3D('',#5949,#5950,#5951);
#5949 = CARTESIAN_POINT('',(5.34035E+03,-186.7329194201,
    2.385563996872E+03));
#5950 = DIRECTION('',(-9.544825258501E-17,-0.429860714775,0.90289521313)
  );
#5951 = DIRECTION('',(2.004830108882E-16,0.90289521313,0.429860714775));
#5952 = ADVANCED_FACE('',(#5953),#5971,.T.);
#5953 = FACE_BOUND('',#5954,.T.);
#5954 = EDGE_LOOP('',(#5955,#5963,#5964,#5965));
#5955 = ORIENTED_EDGE('',*,*,#5956,.F.);
#5956 = EDGE_CURVE('',#5904,#5957,#5959,.T.);
#5957 = VERTEX_POINT('',#5958);
#5958 = CARTESIAN_POINT('',(5.30225E+03,934.81071428571,
    3.074245849421E+03));
#5959 = LINE('',#5960,#5961);
#5960 = CARTESIAN_POINT('',(5.34085E+03,934.81071428571,
    3.074245849421E+03));
#5961 = VECTOR('',#5962,1.);
#5962 = DIRECTION('',(-1.,2.22044604925E-16,0.));
#5963 = ORIENTED_EDGE('',*,*,#5911,.T.);
#5964 = ORIENTED_EDGE('',*,*,#5942,.T.);
#5965 = ORIENTED_EDGE('',*,*,#5966,.F.);
#5966 = EDGE_CURVE('',#5957,#5928,#5967,.T.);
#5967 = LINE('',#5968,#5969);
#5968 = CARTESIAN_POINT('',(5.30225E+03,934.81071428571,
    2.408306998436E+03));
#5969 = VECTOR('',#5970,1.);
#5970 = DIRECTION('',(0.,0.,-1.));
#5971 = PLANE('',#5972);
#5972 = AXIS2_PLACEMENT_3D('',#5973,#5974,#5975);
#5973 = CARTESIAN_POINT('',(5.34135E+03,934.81071428571,2.43105E+03));
#5974 = DIRECTION('',(2.22044604925E-16,1.,0.));
#5975 = DIRECTION('',(0.,0.,1.));
#5976 = ADVANCED_FACE('',(#5977),#5995,.T.);
#5977 = FACE_BOUND('',#5978,.T.);
#5978 = EDGE_LOOP('',(#5979,#5987,#5993,#5994));
#5979 = ORIENTED_EDGE('',*,*,#5980,.F.);
#5980 = EDGE_CURVE('',#5981,#5957,#5983,.T.);
#5981 = VERTEX_POINT('',#5982);
#5982 = CARTESIAN_POINT('',(5.30225E+03,-101.6,2.58081954262E+03));
#5983 = LINE('',#5984,#5985);
#5984 = CARTESIAN_POINT('',(5.30225E+03,-246.7844612742,
    2.511698458146E+03));
#5985 = VECTOR('',#5986,1.);
#5986 = DIRECTION('',(2.004830108882E-16,0.90289521313,0.429860714775));
#5987 = ORIENTED_EDGE('',*,*,#5988,.F.);
#5988 = EDGE_CURVE('',#5896,#5981,#5989,.T.);
#5989 = LINE('',#5990,#5991);
#5990 = CARTESIAN_POINT('',(2.47015E+03,-101.6,2.58081954262E+03));
#5991 = VECTOR('',#5992,1.);
#5992 = DIRECTION('',(-1.,4.42044604925E-16,1.1E-16));
#5993 = ORIENTED_EDGE('',*,*,#5903,.T.);
#5994 = ORIENTED_EDGE('',*,*,#5956,.T.);
#5995 = PLANE('',#5996);
#5996 = AXIS2_PLACEMENT_3D('',#5997,#5998,#5999);
#5997 = CARTESIAN_POINT('',(5.34035E+03,-246.7844612742,
    2.511698458146E+03));
#5998 = DIRECTION('',(-9.544825258501E-17,-0.429860714775,0.90289521313)
  );
#5999 = DIRECTION('',(2.004830108882E-16,0.90289521313,0.429860714775));
#6000 = ADVANCED_FACE('',(#6001),#6019,.F.);
#6001 = FACE_BOUND('',#6002,.F.);
#6002 = EDGE_LOOP('',(#6003,#6004,#6005,#6013));
#6003 = ORIENTED_EDGE('',*,*,#5988,.F.);
#6004 = ORIENTED_EDGE('',*,*,#5895,.T.);
#6005 = ORIENTED_EDGE('',*,*,#6006,.T.);
#6006 = EDGE_CURVE('',#5888,#6007,#6009,.T.);
#6007 = VERTEX_POINT('',#6008);
#6008 = CARTESIAN_POINT('',(5.30225E+03,-101.6,2.5019E+03));
#6009 = LINE('',#6010,#6011);
#6010 = CARTESIAN_POINT('',(-400.05,-101.5999999999,2.5019E+03));
#6011 = VECTOR('',#6012,1.);
#6012 = DIRECTION('',(-1.,4.42044604925E-16,0.));
#6013 = ORIENTED_EDGE('',*,*,#6014,.F.);
#6014 = EDGE_CURVE('',#5981,#6007,#6015,.T.);
#6015 = LINE('',#6016,#6017);
#6016 = CARTESIAN_POINT('',(5.30225E+03,-101.6,2.164331998436E+03));
#6017 = VECTOR('',#6018,1.);
#6018 = DIRECTION('',(0.,0.,-1.));
#6019 = PLANE('',#6020);
#6020 = AXIS2_PLACEMENT_3D('',#6021,#6022,#6023);
#6021 = CARTESIAN_POINT('',(-400.05,-101.5999999999,1.9431E+03));
#6022 = DIRECTION('',(2.22044604925E-16,1.,0.));
#6023 = DIRECTION('',(0.,0.,1.));
#6024 = ADVANCED_FACE('',(#6025),#6037,.T.);
#6025 = FACE_BOUND('',#6026,.T.);
#6026 = EDGE_LOOP('',(#6027,#6028,#6034,#6035,#6036));
#6027 = ORIENTED_EDGE('',*,*,#5925,.F.);
#6028 = ORIENTED_EDGE('',*,*,#6029,.F.);
#6029 = EDGE_CURVE('',#6007,#5926,#6030,.T.);
#6030 = LINE('',#6031,#6032);
#6031 = CARTESIAN_POINT('',(5.30225E+03,-293.39145971,2.5019E+03));
#6032 = VECTOR('',#6033,1.);
#6033 = DIRECTION('',(2.22044604925E-16,1.,0.));
#6034 = ORIENTED_EDGE('',*,*,#6014,.F.);
#6035 = ORIENTED_EDGE('',*,*,#5980,.T.);
#6036 = ORIENTED_EDGE('',*,*,#5966,.T.);
#6037 = PLANE('',#6038);
#6038 = AXIS2_PLACEMENT_3D('',#6039,#6040,#6041);
#6039 = CARTESIAN_POINT('',(5.30225E+03,-186.7329194201,
    2.385563996872E+03));
#6040 = DIRECTION('',(-1.,2.22044604925E-16,0.));
#6041 = DIRECTION('',(-9.544825258501E-17,-0.429860714775,0.90289521313)
  );
#6042 = ADVANCED_FACE('',(#6043),#6049,.T.);
#6043 = FACE_BOUND('',#6044,.T.);
#6044 = EDGE_LOOP('',(#6045,#6046,#6047,#6048));
#6045 = ORIENTED_EDGE('',*,*,#5887,.F.);
#6046 = ORIENTED_EDGE('',*,*,#6006,.T.);
#6047 = ORIENTED_EDGE('',*,*,#6029,.T.);
#6048 = ORIENTED_EDGE('',*,*,#5935,.F.);
#6049 = PLANE('',#6050);
#6050 = AXIS2_PLACEMENT_3D('',#6051,#6052,#6053);
#6051 = CARTESIAN_POINT('',(5.3213E+03,-21.9882555513,2.5019E+03));
#6052 = DIRECTION('',(0.,-0.,-1.));
#6053 = DIRECTION('',(-2.22044604925E-16,-1.,0.));
#6054 = MANIFOLD_SOLID_BREP('',#6055);
#6055 = CLOSED_SHELL('',(#6056,#6104,#6135,#6159,#6183,#6207,#6225));
#6056 = ADVANCED_FACE('',(#6057),#6099,.F.);
#6057 = FACE_BOUND('',#6058,.F.);
#6058 = EDGE_LOOP('',(#6059,#6069,#6077,#6085,#6093));
#6059 = ORIENTED_EDGE('',*,*,#6060,.F.);
#6060 = EDGE_CURVE('',#6061,#6063,#6065,.T.);
#6061 = VERTEX_POINT('',#6062);
#6062 = CARTESIAN_POINT('',(4.73075E+03,57.623488897394,2.5019E+03));
#6063 = VERTEX_POINT('',#6064);
#6064 = CARTESIAN_POINT('',(4.73075E+03,1.500867857143E+03,
    3.189016341639E+03));
#6065 = LINE('',#6066,#6067);
#6066 = CARTESIAN_POINT('',(4.73075E+03,-186.7329194201,
    2.385563996872E+03));
#6067 = VECTOR('',#6068,1.);
#6068 = DIRECTION('',(2.004830108882E-16,0.90289521313,0.429860714775));
#6069 = ORIENTED_EDGE('',*,*,#6070,.F.);
#6070 = EDGE_CURVE('',#6071,#6061,#6073,.T.);
#6071 = VERTEX_POINT('',#6072);
#6072 = CARTESIAN_POINT('',(4.73075E+03,-101.6,2.5019E+03));
#6073 = LINE('',#6074,#6075);
#6074 = CARTESIAN_POINT('',(4.73075E+03,-293.39145971,2.5019E+03));
#6075 = VECTOR('',#6076,1.);
#6076 = DIRECTION('',(2.22044604925E-16,1.,0.));
#6077 = ORIENTED_EDGE('',*,*,#6078,.F.);
#6078 = EDGE_CURVE('',#6079,#6071,#6081,.T.);
#6079 = VERTEX_POINT('',#6080);
#6080 = CARTESIAN_POINT('',(4.73075E+03,-101.6,2.58081954262E+03));
#6081 = LINE('',#6082,#6083);
#6082 = CARTESIAN_POINT('',(4.73075E+03,-101.6,2.164331998436E+03));
#6083 = VECTOR('',#6084,1.);
#6084 = DIRECTION('',(0.,0.,-1.));
#6085 = ORIENTED_EDGE('',*,*,#6086,.T.);
#6086 = EDGE_CURVE('',#6079,#6087,#6089,.T.);
#6087 = VERTEX_POINT('',#6088);
#6088 = CARTESIAN_POINT('',(4.73075E+03,1.500867857143E+03,
    3.343740830116E+03));
#6089 = LINE('',#6090,#6091);
#6090 = CARTESIAN_POINT('',(4.73075E+03,-246.7844612742,
    2.511698458146E+03));
#6091 = VECTOR('',#6092,1.);
#6092 = DIRECTION('',(2.004830108882E-16,0.90289521313,0.429860714775));
#6093 = ORIENTED_EDGE('',*,*,#6094,.T.);
#6094 = EDGE_CURVE('',#6087,#6063,#6095,.T.);
#6095 = LINE('',#6096,#6097);
#6096 = CARTESIAN_POINT('',(4.73075E+03,1.500867857143E+03,
    2.408306998436E+03));
#6097 = VECTOR('',#6098,1.);
#6098 = DIRECTION('',(0.,0.,-1.));
#6099 = PLANE('',#6100);
#6100 = AXIS2_PLACEMENT_3D('',#6101,#6102,#6103);
#6101 = CARTESIAN_POINT('',(4.73075E+03,-186.7329194201,
    2.385563996872E+03));
#6102 = DIRECTION('',(-1.,2.22044604925E-16,0.));
#6103 = DIRECTION('',(-9.544825258501E-17,-0.429860714775,0.90289521313)
  );
#6104 = ADVANCED_FACE('',(#6105),#6130,.F.);
#6105 = FACE_BOUND('',#6106,.F.);
#6106 = EDGE_LOOP('',(#6107,#6117,#6123,#6124));
#6107 = ORIENTED_EDGE('',*,*,#6108,.F.);
#6108 = EDGE_CURVE('',#6109,#6111,#6113,.T.);
#6109 = VERTEX_POINT('',#6110);
#6110 = CARTESIAN_POINT('',(4.69265E+03,57.623488897394,2.5019E+03));
#6111 = VERTEX_POINT('',#6112);
#6112 = CARTESIAN_POINT('',(4.69265E+03,1.500867857143E+03,
    3.189016341639E+03));
#6113 = LINE('',#6114,#6115);
#6114 = CARTESIAN_POINT('',(4.69265E+03,-186.7329194201,
    2.385563996872E+03));
#6115 = VECTOR('',#6116,1.);
#6116 = DIRECTION('',(2.004830108882E-16,0.90289521313,0.429860714775));
#6117 = ORIENTED_EDGE('',*,*,#6118,.F.);
#6118 = EDGE_CURVE('',#6061,#6109,#6119,.T.);
#6119 = LINE('',#6120,#6121);
#6120 = CARTESIAN_POINT('',(4.87045E+03,57.623488897394,2.5019E+03));
#6121 = VECTOR('',#6122,1.);
#6122 = DIRECTION('',(-1.,2.22044604925E-16,0.));
#6123 = ORIENTED_EDGE('',*,*,#6060,.T.);
#6124 = ORIENTED_EDGE('',*,*,#6125,.T.);
#6125 = EDGE_CURVE('',#6063,#6111,#6126,.T.);
#6126 = LINE('',#6127,#6128);
#6127 = CARTESIAN_POINT('',(4.73125E+03,1.500867857143E+03,
    3.189016341639E+03));
#6128 = VECTOR('',#6129,1.);
#6129 = DIRECTION('',(-1.,2.22044604925E-16,0.));
#6130 = PLANE('',#6131);
#6131 = AXIS2_PLACEMENT_3D('',#6132,#6133,#6134);
#6132 = CARTESIAN_POINT('',(4.73075E+03,-186.7329194201,
    2.385563996872E+03));
#6133 = DIRECTION('',(-9.544825258501E-17,-0.429860714775,0.90289521313)
  );
#6134 = DIRECTION('',(2.004830108882E-16,0.90289521313,0.429860714775));
#6135 = ADVANCED_FACE('',(#6136),#6154,.T.);
#6136 = FACE_BOUND('',#6137,.T.);
#6137 = EDGE_LOOP('',(#6138,#6146,#6147,#6148));
#6138 = ORIENTED_EDGE('',*,*,#6139,.F.);
#6139 = EDGE_CURVE('',#6087,#6140,#6142,.T.);
#6140 = VERTEX_POINT('',#6141);
#6141 = CARTESIAN_POINT('',(4.69265E+03,1.500867857143E+03,
    3.343740830116E+03));
#6142 = LINE('',#6143,#6144);
#6143 = CARTESIAN_POINT('',(4.73125E+03,1.500867857143E+03,
    3.343740830116E+03));
#6144 = VECTOR('',#6145,1.);
#6145 = DIRECTION('',(-1.,2.22044604925E-16,0.));
#6146 = ORIENTED_EDGE('',*,*,#6094,.T.);
#6147 = ORIENTED_EDGE('',*,*,#6125,.T.);
#6148 = ORIENTED_EDGE('',*,*,#6149,.F.);
#6149 = EDGE_CURVE('',#6140,#6111,#6150,.T.);
#6150 = LINE('',#6151,#6152);
#6151 = CARTESIAN_POINT('',(4.69265E+03,1.500867857143E+03,
    2.408306998436E+03));
#6152 = VECTOR('',#6153,1.);
#6153 = DIRECTION('',(0.,0.,-1.));
#6154 = PLANE('',#6155);
#6155 = AXIS2_PLACEMENT_3D('',#6156,#6157,#6158);
#6156 = CARTESIAN_POINT('',(4.73175E+03,1.500867857143E+03,2.43105E+03)
  );
#6157 = DIRECTION('',(2.22044604925E-16,1.,0.));
#6158 = DIRECTION('',(0.,0.,1.));
#6159 = ADVANCED_FACE('',(#6160),#6178,.T.);
#6160 = FACE_BOUND('',#6161,.T.);
#6161 = EDGE_LOOP('',(#6162,#6170,#6176,#6177));
#6162 = ORIENTED_EDGE('',*,*,#6163,.F.);
#6163 = EDGE_CURVE('',#6164,#6140,#6166,.T.);
#6164 = VERTEX_POINT('',#6165);
#6165 = CARTESIAN_POINT('',(4.69265E+03,-101.6,2.58081954262E+03));
#6166 = LINE('',#6167,#6168);
#6167 = CARTESIAN_POINT('',(4.69265E+03,-246.7844612742,
    2.511698458146E+03));
#6168 = VECTOR('',#6169,1.);
#6169 = DIRECTION('',(2.004830108882E-16,0.90289521313,0.429860714775));
#6170 = ORIENTED_EDGE('',*,*,#6171,.F.);
#6171 = EDGE_CURVE('',#6079,#6164,#6172,.T.);
#6172 = LINE('',#6173,#6174);
#6173 = CARTESIAN_POINT('',(2.16535E+03,-101.6,2.58081954262E+03));
#6174 = VECTOR('',#6175,1.);
#6175 = DIRECTION('',(-1.,4.42044604925E-16,1.1E-16));
#6176 = ORIENTED_EDGE('',*,*,#6086,.T.);
#6177 = ORIENTED_EDGE('',*,*,#6139,.T.);
#6178 = PLANE('',#6179);
#6179 = AXIS2_PLACEMENT_3D('',#6180,#6181,#6182);
#6180 = CARTESIAN_POINT('',(4.73075E+03,-246.7844612742,
    2.511698458146E+03));
#6181 = DIRECTION('',(-9.544825258501E-17,-0.429860714775,0.90289521313)
  );
#6182 = DIRECTION('',(2.004830108882E-16,0.90289521313,0.429860714775));
#6183 = ADVANCED_FACE('',(#6184),#6202,.F.);
#6184 = FACE_BOUND('',#6185,.F.);
#6185 = EDGE_LOOP('',(#6186,#6187,#6188,#6196));
#6186 = ORIENTED_EDGE('',*,*,#6171,.F.);
#6187 = ORIENTED_EDGE('',*,*,#6078,.T.);
#6188 = ORIENTED_EDGE('',*,*,#6189,.T.);
#6189 = EDGE_CURVE('',#6071,#6190,#6192,.T.);
#6190 = VERTEX_POINT('',#6191);
#6191 = CARTESIAN_POINT('',(4.69265E+03,-101.6,2.5019E+03));
#6192 = LINE('',#6193,#6194);
#6193 = CARTESIAN_POINT('',(-400.05,-101.5999999999,2.5019E+03));
#6194 = VECTOR('',#6195,1.);
#6195 = DIRECTION('',(-1.,4.42044604925E-16,0.));
#6196 = ORIENTED_EDGE('',*,*,#6197,.F.);
#6197 = EDGE_CURVE('',#6164,#6190,#6198,.T.);
#6198 = LINE('',#6199,#6200);
#6199 = CARTESIAN_POINT('',(4.69265E+03,-101.6,2.164331998436E+03));
#6200 = VECTOR('',#6201,1.);
#6201 = DIRECTION('',(0.,0.,-1.));
#6202 = PLANE('',#6203);
#6203 = AXIS2_PLACEMENT_3D('',#6204,#6205,#6206);
#6204 = CARTESIAN_POINT('',(-400.05,-101.5999999999,1.9431E+03));
#6205 = DIRECTION('',(2.22044604925E-16,1.,0.));
#6206 = DIRECTION('',(0.,0.,1.));
#6207 = ADVANCED_FACE('',(#6208),#6220,.T.);
#6208 = FACE_BOUND('',#6209,.T.);
#6209 = EDGE_LOOP('',(#6210,#6211,#6217,#6218,#6219));
#6210 = ORIENTED_EDGE('',*,*,#6108,.F.);
#6211 = ORIENTED_EDGE('',*,*,#6212,.F.);
#6212 = EDGE_CURVE('',#6190,#6109,#6213,.T.);
#6213 = LINE('',#6214,#6215);
#6214 = CARTESIAN_POINT('',(4.69265E+03,-293.39145971,2.5019E+03));
#6215 = VECTOR('',#6216,1.);
#6216 = DIRECTION('',(2.22044604925E-16,1.,0.));
#6217 = ORIENTED_EDGE('',*,*,#6197,.F.);
#6218 = ORIENTED_EDGE('',*,*,#6163,.T.);
#6219 = ORIENTED_EDGE('',*,*,#6149,.T.);
#6220 = PLANE('',#6221);
#6221 = AXIS2_PLACEMENT_3D('',#6222,#6223,#6224);
#6222 = CARTESIAN_POINT('',(4.69265E+03,-186.7329194201,
    2.385563996872E+03));
#6223 = DIRECTION('',(-1.,2.22044604925E-16,0.));
#6224 = DIRECTION('',(-9.544825258501E-17,-0.429860714775,0.90289521313)
  );
#6225 = ADVANCED_FACE('',(#6226),#6232,.T.);
#6226 = FACE_BOUND('',#6227,.T.);
#6227 = EDGE_LOOP('',(#6228,#6229,#6230,#6231));
#6228 = ORIENTED_EDGE('',*,*,#6070,.F.);
#6229 = ORIENTED_EDGE('',*,*,#6189,.T.);
#6230 = ORIENTED_EDGE('',*,*,#6212,.T.);
#6231 = ORIENTED_EDGE('',*,*,#6118,.F.);
#6232 = PLANE('',#6233);
#6233 = AXIS2_PLACEMENT_3D('',#6234,#6235,#6236);
#6234 = CARTESIAN_POINT('',(4.7117E+03,-21.9882555513,2.5019E+03));
#6235 = DIRECTION('',(0.,-0.,-1.));
#6236 = DIRECTION('',(-2.22044604925E-16,-1.,0.));
#6237 = MANIFOLD_SOLID_BREP('',#6238);
#6238 = CLOSED_SHELL('',(#6239,#6287,#6318,#6342,#6366,#6390,#6408));
#6239 = ADVANCED_FACE('',(#6240),#6282,.F.);
#6240 = FACE_BOUND('',#6241,.F.);
#6241 = EDGE_LOOP('',(#6242,#6252,#6260,#6268,#6276));
#6242 = ORIENTED_EDGE('',*,*,#6243,.F.);
#6243 = EDGE_CURVE('',#6244,#6246,#6248,.T.);
#6244 = VERTEX_POINT('',#6245);
#6245 = CARTESIAN_POINT('',(4.12115E+03,57.623488897394,2.5019E+03));
#6246 = VERTEX_POINT('',#6247);
#6247 = CARTESIAN_POINT('',(4.12115E+03,2.066925E+03,3.458511322334E+03)
  );
#6248 = LINE('',#6249,#6250);
#6249 = CARTESIAN_POINT('',(4.12115E+03,-186.7329194201,
    2.385563996872E+03));
#6250 = VECTOR('',#6251,1.);
#6251 = DIRECTION('',(2.004830108882E-16,0.90289521313,0.429860714775));
#6252 = ORIENTED_EDGE('',*,*,#6253,.F.);
#6253 = EDGE_CURVE('',#6254,#6244,#6256,.T.);
#6254 = VERTEX_POINT('',#6255);
#6255 = CARTESIAN_POINT('',(4.12115E+03,-101.6,2.5019E+03));
#6256 = LINE('',#6257,#6258);
#6257 = CARTESIAN_POINT('',(4.12115E+03,-293.39145971,2.5019E+03));
#6258 = VECTOR('',#6259,1.);
#6259 = DIRECTION('',(2.22044604925E-16,1.,0.));
#6260 = ORIENTED_EDGE('',*,*,#6261,.F.);
#6261 = EDGE_CURVE('',#6262,#6254,#6264,.T.);
#6262 = VERTEX_POINT('',#6263);
#6263 = CARTESIAN_POINT('',(4.12115E+03,-101.6,2.58081954262E+03));
#6264 = LINE('',#6265,#6266);
#6265 = CARTESIAN_POINT('',(4.12115E+03,-101.6,2.164331998436E+03));
#6266 = VECTOR('',#6267,1.);
#6267 = DIRECTION('',(0.,0.,-1.));
#6268 = ORIENTED_EDGE('',*,*,#6269,.T.);
#6269 = EDGE_CURVE('',#6262,#6270,#6272,.T.);
#6270 = VERTEX_POINT('',#6271);
#6271 = CARTESIAN_POINT('',(4.12115E+03,2.066925E+03,3.613235810811E+03)
  );
#6272 = LINE('',#6273,#6274);
#6273 = CARTESIAN_POINT('',(4.12115E+03,-246.7844612742,
    2.511698458146E+03));
#6274 = VECTOR('',#6275,1.);
#6275 = DIRECTION('',(2.004830108882E-16,0.90289521313,0.429860714775));
#6276 = ORIENTED_EDGE('',*,*,#6277,.T.);
#6277 = EDGE_CURVE('',#6270,#6246,#6278,.T.);
#6278 = LINE('',#6279,#6280);
#6279 = CARTESIAN_POINT('',(4.12115E+03,2.066925E+03,2.408306998436E+03)
  );
#6280 = VECTOR('',#6281,1.);
#6281 = DIRECTION('',(0.,0.,-1.));
#6282 = PLANE('',#6283);
#6283 = AXIS2_PLACEMENT_3D('',#6284,#6285,#6286);
#6284 = CARTESIAN_POINT('',(4.12115E+03,-186.7329194201,
    2.385563996872E+03));
#6285 = DIRECTION('',(-1.,2.22044604925E-16,0.));
#6286 = DIRECTION('',(-9.544825258501E-17,-0.429860714775,0.90289521313)
  );
#6287 = ADVANCED_FACE('',(#6288),#6313,.F.);
#6288 = FACE_BOUND('',#6289,.F.);
#6289 = EDGE_LOOP('',(#6290,#6300,#6306,#6307));
#6290 = ORIENTED_EDGE('',*,*,#6291,.F.);
#6291 = EDGE_CURVE('',#6292,#6294,#6296,.T.);
#6292 = VERTEX_POINT('',#6293);
#6293 = CARTESIAN_POINT('',(4.08305E+03,57.623488897394,2.5019E+03));
#6294 = VERTEX_POINT('',#6295);
#6295 = CARTESIAN_POINT('',(4.08305E+03,2.066925E+03,3.458511322334E+03)
  );
#6296 = LINE('',#6297,#6298);
#6297 = CARTESIAN_POINT('',(4.08305E+03,-186.7329194201,
    2.385563996872E+03));
#6298 = VECTOR('',#6299,1.);
#6299 = DIRECTION('',(2.004830108882E-16,0.90289521313,0.429860714775));
#6300 = ORIENTED_EDGE('',*,*,#6301,.F.);
#6301 = EDGE_CURVE('',#6244,#6292,#6302,.T.);
#6302 = LINE('',#6303,#6304);
#6303 = CARTESIAN_POINT('',(4.26085E+03,57.623488897394,2.5019E+03));
#6304 = VECTOR('',#6305,1.);
#6305 = DIRECTION('',(-1.,2.22044604925E-16,0.));
#6306 = ORIENTED_EDGE('',*,*,#6243,.T.);
#6307 = ORIENTED_EDGE('',*,*,#6308,.T.);
#6308 = EDGE_CURVE('',#6246,#6294,#6309,.T.);
#6309 = LINE('',#6310,#6311);
#6310 = CARTESIAN_POINT('',(4.12165E+03,2.066925E+03,3.458511322334E+03)
  );
#6311 = VECTOR('',#6312,1.);
#6312 = DIRECTION('',(-1.,2.22044604925E-16,0.));
#6313 = PLANE('',#6314);
#6314 = AXIS2_PLACEMENT_3D('',#6315,#6316,#6317);
#6315 = CARTESIAN_POINT('',(4.12115E+03,-186.7329194201,
    2.385563996872E+03));
#6316 = DIRECTION('',(-9.544825258501E-17,-0.429860714775,0.90289521313)
  );
#6317 = DIRECTION('',(2.004830108882E-16,0.90289521313,0.429860714775));
#6318 = ADVANCED_FACE('',(#6319),#6337,.T.);
#6319 = FACE_BOUND('',#6320,.T.);
#6320 = EDGE_LOOP('',(#6321,#6329,#6330,#6331));
#6321 = ORIENTED_EDGE('',*,*,#6322,.F.);
#6322 = EDGE_CURVE('',#6270,#6323,#6325,.T.);
#6323 = VERTEX_POINT('',#6324);
#6324 = CARTESIAN_POINT('',(4.08305E+03,2.066925E+03,3.613235810811E+03)
  );
#6325 = LINE('',#6326,#6327);
#6326 = CARTESIAN_POINT('',(4.12165E+03,2.066925E+03,3.613235810811E+03)
  );
#6327 = VECTOR('',#6328,1.);
#6328 = DIRECTION('',(-1.,2.22044604925E-16,0.));
#6329 = ORIENTED_EDGE('',*,*,#6277,.T.);
#6330 = ORIENTED_EDGE('',*,*,#6308,.T.);
#6331 = ORIENTED_EDGE('',*,*,#6332,.F.);
#6332 = EDGE_CURVE('',#6323,#6294,#6333,.T.);
#6333 = LINE('',#6334,#6335);
#6334 = CARTESIAN_POINT('',(4.08305E+03,2.066925E+03,2.408306998436E+03)
  );
#6335 = VECTOR('',#6336,1.);
#6336 = DIRECTION('',(0.,0.,-1.));
#6337 = PLANE('',#6338);
#6338 = AXIS2_PLACEMENT_3D('',#6339,#6340,#6341);
#6339 = CARTESIAN_POINT('',(4.12215E+03,2.066925E+03,2.43105E+03));
#6340 = DIRECTION('',(2.22044604925E-16,1.,0.));
#6341 = DIRECTION('',(0.,0.,1.));
#6342 = ADVANCED_FACE('',(#6343),#6361,.T.);
#6343 = FACE_BOUND('',#6344,.T.);
#6344 = EDGE_LOOP('',(#6345,#6353,#6359,#6360));
#6345 = ORIENTED_EDGE('',*,*,#6346,.F.);
#6346 = EDGE_CURVE('',#6347,#6323,#6349,.T.);
#6347 = VERTEX_POINT('',#6348);
#6348 = CARTESIAN_POINT('',(4.08305E+03,-101.6,2.58081954262E+03));
#6349 = LINE('',#6350,#6351);
#6350 = CARTESIAN_POINT('',(4.08305E+03,-246.7844612742,
    2.511698458146E+03));
#6351 = VECTOR('',#6352,1.);
#6352 = DIRECTION('',(2.004830108882E-16,0.90289521313,0.429860714775));
#6353 = ORIENTED_EDGE('',*,*,#6354,.F.);
#6354 = EDGE_CURVE('',#6262,#6347,#6355,.T.);
#6355 = LINE('',#6356,#6357);
#6356 = CARTESIAN_POINT('',(1.86055E+03,-101.6,2.58081954262E+03));
#6357 = VECTOR('',#6358,1.);
#6358 = DIRECTION('',(-1.,4.42044604925E-16,1.1E-16));
#6359 = ORIENTED_EDGE('',*,*,#6269,.T.);
#6360 = ORIENTED_EDGE('',*,*,#6322,.T.);
#6361 = PLANE('',#6362);
#6362 = AXIS2_PLACEMENT_3D('',#6363,#6364,#6365);
#6363 = CARTESIAN_POINT('',(4.12115E+03,-246.7844612742,
    2.511698458146E+03));
#6364 = DIRECTION('',(-9.544825258501E-17,-0.429860714775,0.90289521313)
  );
#6365 = DIRECTION('',(2.004830108882E-16,0.90289521313,0.429860714775));
#6366 = ADVANCED_FACE('',(#6367),#6385,.F.);
#6367 = FACE_BOUND('',#6368,.F.);
#6368 = EDGE_LOOP('',(#6369,#6370,#6371,#6379));
#6369 = ORIENTED_EDGE('',*,*,#6354,.F.);
#6370 = ORIENTED_EDGE('',*,*,#6261,.T.);
#6371 = ORIENTED_EDGE('',*,*,#6372,.T.);
#6372 = EDGE_CURVE('',#6254,#6373,#6375,.T.);
#6373 = VERTEX_POINT('',#6374);
#6374 = CARTESIAN_POINT('',(4.08305E+03,-101.6,2.5019E+03));
#6375 = LINE('',#6376,#6377);
#6376 = CARTESIAN_POINT('',(-400.05,-101.5999999999,2.5019E+03));
#6377 = VECTOR('',#6378,1.);
#6378 = DIRECTION('',(-1.,4.42044604925E-16,0.));
#6379 = ORIENTED_EDGE('',*,*,#6380,.F.);
#6380 = EDGE_CURVE('',#6347,#6373,#6381,.T.);
#6381 = LINE('',#6382,#6383);
#6382 = CARTESIAN_POINT('',(4.08305E+03,-101.6,2.164331998436E+03));
#6383 = VECTOR('',#6384,1.);
#6384 = DIRECTION('',(0.,0.,-1.));
#6385 = PLANE('',#6386);
#6386 = AXIS2_PLACEMENT_3D('',#6387,#6388,#6389);
#6387 = CARTESIAN_POINT('',(-400.05,-101.5999999999,1.9431E+03));
#6388 = DIRECTION('',(2.22044604925E-16,1.,0.));
#6389 = DIRECTION('',(0.,0.,1.));
#6390 = ADVANCED_FACE('',(#6391),#6403,.T.);
#6391 = FACE_BOUND('',#6392,.T.);
#6392 = EDGE_LOOP('',(#6393,#6394,#6400,#6401,#6402));
#6393 = ORIENTED_EDGE('',*,*,#6291,.F.);
#6394 = ORIENTED_EDGE('',*,*,#6395,.F.);
#6395 = EDGE_CURVE('',#6373,#6292,#6396,.T.);
#6396 = LINE('',#6397,#6398);
#6397 = CARTESIAN_POINT('',(4.08305E+03,-293.39145971,2.5019E+03));
#6398 = VECTOR('',#6399,1.);
#6399 = DIRECTION('',(2.22044604925E-16,1.,0.));
#6400 = ORIENTED_EDGE('',*,*,#6380,.F.);
#6401 = ORIENTED_EDGE('',*,*,#6346,.T.);
#6402 = ORIENTED_EDGE('',*,*,#6332,.T.);
#6403 = PLANE('',#6404);
#6404 = AXIS2_PLACEMENT_3D('',#6405,#6406,#6407);
#6405 = CARTESIAN_POINT('',(4.08305E+03,-186.7329194201,
    2.385563996872E+03));
#6406 = DIRECTION('',(-1.,2.22044604925E-16,0.));
#6407 = DIRECTION('',(-9.544825258501E-17,-0.429860714775,0.90289521313)
  );
#6408 = ADVANCED_FACE('',(#6409),#6415,.T.);
#6409 = FACE_BOUND('',#6410,.T.);
#6410 = EDGE_LOOP('',(#6411,#6412,#6413,#6414));
#6411 = ORIENTED_EDGE('',*,*,#6253,.F.);
#6412 = ORIENTED_EDGE('',*,*,#6372,.T.);
#6413 = ORIENTED_EDGE('',*,*,#6395,.T.);
#6414 = ORIENTED_EDGE('',*,*,#6301,.F.);
#6415 = PLANE('',#6416);
#6416 = AXIS2_PLACEMENT_3D('',#6417,#6418,#6419);
#6417 = CARTESIAN_POINT('',(4.1021E+03,-21.9882555513,2.5019E+03));
#6418 = DIRECTION('',(0.,-0.,-1.));
#6419 = DIRECTION('',(-2.22044604925E-16,-1.,0.));
#6420 = MANIFOLD_SOLID_BREP('',#6421);
#6421 = CLOSED_SHELL('',(#6422,#6470,#6501,#6525,#6549,#6573,#6591));
#6422 = ADVANCED_FACE('',(#6423),#6465,.F.);
#6423 = FACE_BOUND('',#6424,.F.);
#6424 = EDGE_LOOP('',(#6425,#6435,#6443,#6451,#6459));
#6425 = ORIENTED_EDGE('',*,*,#6426,.F.);
#6426 = EDGE_CURVE('',#6427,#6429,#6431,.T.);
#6427 = VERTEX_POINT('',#6428);
#6428 = CARTESIAN_POINT('',(3.51155E+03,57.623488897394,2.5019E+03));
#6429 = VERTEX_POINT('',#6430);
#6430 = CARTESIAN_POINT('',(3.51155E+03,2.632982142857E+03,
    3.728006303029E+03));
#6431 = LINE('',#6432,#6433);
#6432 = CARTESIAN_POINT('',(3.51155E+03,-186.7329194201,
    2.385563996872E+03));
#6433 = VECTOR('',#6434,1.);
#6434 = DIRECTION('',(2.004830108882E-16,0.90289521313,0.429860714775));
#6435 = ORIENTED_EDGE('',*,*,#6436,.F.);
#6436 = EDGE_CURVE('',#6437,#6427,#6439,.T.);
#6437 = VERTEX_POINT('',#6438);
#6438 = CARTESIAN_POINT('',(3.51155E+03,-101.6,2.5019E+03));
#6439 = LINE('',#6440,#6441);
#6440 = CARTESIAN_POINT('',(3.51155E+03,-293.39145971,2.5019E+03));
#6441 = VECTOR('',#6442,1.);
#6442 = DIRECTION('',(2.22044604925E-16,1.,0.));
#6443 = ORIENTED_EDGE('',*,*,#6444,.F.);
#6444 = EDGE_CURVE('',#6445,#6437,#6447,.T.);
#6445 = VERTEX_POINT('',#6446);
#6446 = CARTESIAN_POINT('',(3.51155E+03,-101.6,2.58081954262E+03));
#6447 = LINE('',#6448,#6449);
#6448 = CARTESIAN_POINT('',(3.51155E+03,-101.6,2.164331998436E+03));
#6449 = VECTOR('',#6450,1.);
#6450 = DIRECTION('',(0.,0.,-1.));
#6451 = ORIENTED_EDGE('',*,*,#6452,.T.);
#6452 = EDGE_CURVE('',#6445,#6453,#6455,.T.);
#6453 = VERTEX_POINT('',#6454);
#6454 = CARTESIAN_POINT('',(3.51155E+03,2.632982142857E+03,
    3.882730791506E+03));
#6455 = LINE('',#6456,#6457);
#6456 = CARTESIAN_POINT('',(3.51155E+03,-246.7844612742,
    2.511698458146E+03));
#6457 = VECTOR('',#6458,1.);
#6458 = DIRECTION('',(2.004830108882E-16,0.90289521313,0.429860714775));
#6459 = ORIENTED_EDGE('',*,*,#6460,.T.);
#6460 = EDGE_CURVE('',#6453,#6429,#6461,.T.);
#6461 = LINE('',#6462,#6463);
#6462 = CARTESIAN_POINT('',(3.51155E+03,2.632982142857E+03,
    2.408306998436E+03));
#6463 = VECTOR('',#6464,1.);
#6464 = DIRECTION('',(0.,0.,-1.));
#6465 = PLANE('',#6466);
#6466 = AXIS2_PLACEMENT_3D('',#6467,#6468,#6469);
#6467 = CARTESIAN_POINT('',(3.51155E+03,-186.7329194201,
    2.385563996872E+03));
#6468 = DIRECTION('',(-1.,2.22044604925E-16,0.));
#6469 = DIRECTION('',(-9.544825258501E-17,-0.429860714775,0.90289521313)
  );
#6470 = ADVANCED_FACE('',(#6471),#6496,.F.);
#6471 = FACE_BOUND('',#6472,.F.);
#6472 = EDGE_LOOP('',(#6473,#6483,#6489,#6490));
#6473 = ORIENTED_EDGE('',*,*,#6474,.F.);
#6474 = EDGE_CURVE('',#6475,#6477,#6479,.T.);
#6475 = VERTEX_POINT('',#6476);
#6476 = CARTESIAN_POINT('',(3.47345E+03,57.623488897394,2.5019E+03));
#6477 = VERTEX_POINT('',#6478);
#6478 = CARTESIAN_POINT('',(3.47345E+03,2.632982142857E+03,
    3.728006303029E+03));
#6479 = LINE('',#6480,#6481);
#6480 = CARTESIAN_POINT('',(3.47345E+03,-186.7329194201,
    2.385563996872E+03));
#6481 = VECTOR('',#6482,1.);
#6482 = DIRECTION('',(2.004830108882E-16,0.90289521313,0.429860714775));
#6483 = ORIENTED_EDGE('',*,*,#6484,.F.);
#6484 = EDGE_CURVE('',#6427,#6475,#6485,.T.);
#6485 = LINE('',#6486,#6487);
#6486 = CARTESIAN_POINT('',(3.65125E+03,57.623488897394,2.5019E+03));
#6487 = VECTOR('',#6488,1.);
#6488 = DIRECTION('',(-1.,2.22044604925E-16,0.));
#6489 = ORIENTED_EDGE('',*,*,#6426,.T.);
#6490 = ORIENTED_EDGE('',*,*,#6491,.T.);
#6491 = EDGE_CURVE('',#6429,#6477,#6492,.T.);
#6492 = LINE('',#6493,#6494);
#6493 = CARTESIAN_POINT('',(3.51205E+03,2.632982142857E+03,
    3.728006303029E+03));
#6494 = VECTOR('',#6495,1.);
#6495 = DIRECTION('',(-1.,2.22044604925E-16,0.));
#6496 = PLANE('',#6497);
#6497 = AXIS2_PLACEMENT_3D('',#6498,#6499,#6500);
#6498 = CARTESIAN_POINT('',(3.51155E+03,-186.7329194201,
    2.385563996872E+03));
#6499 = DIRECTION('',(-9.544825258501E-17,-0.429860714775,0.90289521313)
  );
#6500 = DIRECTION('',(2.004830108882E-16,0.90289521313,0.429860714775));
#6501 = ADVANCED_FACE('',(#6502),#6520,.T.);
#6502 = FACE_BOUND('',#6503,.T.);
#6503 = EDGE_LOOP('',(#6504,#6512,#6513,#6514));
#6504 = ORIENTED_EDGE('',*,*,#6505,.F.);
#6505 = EDGE_CURVE('',#6453,#6506,#6508,.T.);
#6506 = VERTEX_POINT('',#6507);
#6507 = CARTESIAN_POINT('',(3.47345E+03,2.632982142857E+03,
    3.882730791506E+03));
#6508 = LINE('',#6509,#6510);
#6509 = CARTESIAN_POINT('',(3.51205E+03,2.632982142857E+03,
    3.882730791506E+03));
#6510 = VECTOR('',#6511,1.);
#6511 = DIRECTION('',(-1.,2.22044604925E-16,0.));
#6512 = ORIENTED_EDGE('',*,*,#6460,.T.);
#6513 = ORIENTED_EDGE('',*,*,#6491,.T.);
#6514 = ORIENTED_EDGE('',*,*,#6515,.F.);
#6515 = EDGE_CURVE('',#6506,#6477,#6516,.T.);
#6516 = LINE('',#6517,#6518);
#6517 = CARTESIAN_POINT('',(3.47345E+03,2.632982142857E+03,
    2.408306998436E+03));
#6518 = VECTOR('',#6519,1.);
#6519 = DIRECTION('',(0.,0.,-1.));
#6520 = PLANE('',#6521);
#6521 = AXIS2_PLACEMENT_3D('',#6522,#6523,#6524);
#6522 = CARTESIAN_POINT('',(3.51255E+03,2.632982142857E+03,2.43105E+03)
  );
#6523 = DIRECTION('',(2.22044604925E-16,1.,0.));
#6524 = DIRECTION('',(0.,0.,1.));
#6525 = ADVANCED_FACE('',(#6526),#6544,.T.);
#6526 = FACE_BOUND('',#6527,.T.);
#6527 = EDGE_LOOP('',(#6528,#6536,#6542,#6543));
#6528 = ORIENTED_EDGE('',*,*,#6529,.F.);
#6529 = EDGE_CURVE('',#6530,#6506,#6532,.T.);
#6530 = VERTEX_POINT('',#6531);
#6531 = CARTESIAN_POINT('',(3.47345E+03,-101.6,2.58081954262E+03));
#6532 = LINE('',#6533,#6534);
#6533 = CARTESIAN_POINT('',(3.47345E+03,-246.7844612742,
    2.511698458146E+03));
#6534 = VECTOR('',#6535,1.);
#6535 = DIRECTION('',(2.004830108882E-16,0.90289521313,0.429860714775));
#6536 = ORIENTED_EDGE('',*,*,#6537,.F.);
#6537 = EDGE_CURVE('',#6445,#6530,#6538,.T.);
#6538 = LINE('',#6539,#6540);
#6539 = CARTESIAN_POINT('',(1.55575E+03,-101.6,2.58081954262E+03));
#6540 = VECTOR('',#6541,1.);
#6541 = DIRECTION('',(-1.,4.42044604925E-16,1.1E-16));
#6542 = ORIENTED_EDGE('',*,*,#6452,.T.);
#6543 = ORIENTED_EDGE('',*,*,#6505,.T.);
#6544 = PLANE('',#6545);
#6545 = AXIS2_PLACEMENT_3D('',#6546,#6547,#6548);
#6546 = CARTESIAN_POINT('',(3.51155E+03,-246.7844612742,
    2.511698458146E+03));
#6547 = DIRECTION('',(-9.544825258501E-17,-0.429860714775,0.90289521313)
  );
#6548 = DIRECTION('',(2.004830108882E-16,0.90289521313,0.429860714775));
#6549 = ADVANCED_FACE('',(#6550),#6568,.F.);
#6550 = FACE_BOUND('',#6551,.F.);
#6551 = EDGE_LOOP('',(#6552,#6553,#6554,#6562));
#6552 = ORIENTED_EDGE('',*,*,#6537,.F.);
#6553 = ORIENTED_EDGE('',*,*,#6444,.T.);
#6554 = ORIENTED_EDGE('',*,*,#6555,.T.);
#6555 = EDGE_CURVE('',#6437,#6556,#6558,.T.);
#6556 = VERTEX_POINT('',#6557);
#6557 = CARTESIAN_POINT('',(3.47345E+03,-101.6,2.5019E+03));
#6558 = LINE('',#6559,#6560);
#6559 = CARTESIAN_POINT('',(-400.05,-101.5999999999,2.5019E+03));
#6560 = VECTOR('',#6561,1.);
#6561 = DIRECTION('',(-1.,4.42044604925E-16,0.));
#6562 = ORIENTED_EDGE('',*,*,#6563,.F.);
#6563 = EDGE_CURVE('',#6530,#6556,#6564,.T.);
#6564 = LINE('',#6565,#6566);
#6565 = CARTESIAN_POINT('',(3.47345E+03,-101.6,2.164331998436E+03));
#6566 = VECTOR('',#6567,1.);
#6567 = DIRECTION('',(0.,0.,-1.));
#6568 = PLANE('',#6569);
#6569 = AXIS2_PLACEMENT_3D('',#6570,#6571,#6572);
#6570 = CARTESIAN_POINT('',(-400.05,-101.5999999999,1.9431E+03));
#6571 = DIRECTION('',(2.22044604925E-16,1.,0.));
#6572 = DIRECTION('',(0.,0.,1.));
#6573 = ADVANCED_FACE('',(#6574),#6586,.T.);
#6574 = FACE_BOUND('',#6575,.T.);
#6575 = EDGE_LOOP('',(#6576,#6577,#6583,#6584,#6585));
#6576 = ORIENTED_EDGE('',*,*,#6474,.F.);
#6577 = ORIENTED_EDGE('',*,*,#6578,.F.);
#6578 = EDGE_CURVE('',#6556,#6475,#6579,.T.);
#6579 = LINE('',#6580,#6581);
#6580 = CARTESIAN_POINT('',(3.47345E+03,-293.39145971,2.5019E+03));
#6581 = VECTOR('',#6582,1.);
#6582 = DIRECTION('',(2.22044604925E-16,1.,0.));
#6583 = ORIENTED_EDGE('',*,*,#6563,.F.);
#6584 = ORIENTED_EDGE('',*,*,#6529,.T.);
#6585 = ORIENTED_EDGE('',*,*,#6515,.T.);
#6586 = PLANE('',#6587);
#6587 = AXIS2_PLACEMENT_3D('',#6588,#6589,#6590);
#6588 = CARTESIAN_POINT('',(3.47345E+03,-186.7329194201,
    2.385563996872E+03));
#6589 = DIRECTION('',(-1.,2.22044604925E-16,0.));
#6590 = DIRECTION('',(-9.544825258501E-17,-0.429860714775,0.90289521313)
  );
#6591 = ADVANCED_FACE('',(#6592),#6598,.T.);
#6592 = FACE_BOUND('',#6593,.T.);
#6593 = EDGE_LOOP('',(#6594,#6595,#6596,#6597));
#6594 = ORIENTED_EDGE('',*,*,#6436,.F.);
#6595 = ORIENTED_EDGE('',*,*,#6555,.T.);
#6596 = ORIENTED_EDGE('',*,*,#6578,.T.);
#6597 = ORIENTED_EDGE('',*,*,#6484,.F.);
#6598 = PLANE('',#6599);
#6599 = AXIS2_PLACEMENT_3D('',#6600,#6601,#6602);
#6600 = CARTESIAN_POINT('',(3.4925E+03,-21.9882555513,2.5019E+03));
#6601 = DIRECTION('',(0.,-0.,-1.));
#6602 = DIRECTION('',(-2.22044604925E-16,-1.,0.));
#6603 = MANIFOLD_SOLID_BREP('',#6604);
#6604 = CLOSED_SHELL('',(#6605,#6653,#6684,#6708,#6732,#6756,#6774));
#6605 = ADVANCED_FACE('',(#6606),#6648,.F.);
#6606 = FACE_BOUND('',#6607,.F.);
#6607 = EDGE_LOOP('',(#6608,#6618,#6626,#6634,#6642));
#6608 = ORIENTED_EDGE('',*,*,#6609,.F.);
#6609 = EDGE_CURVE('',#6610,#6612,#6614,.T.);
#6610 = VERTEX_POINT('',#6611);
#6611 = CARTESIAN_POINT('',(387.35,6.266976511103E+03,2.5019E+03));
#6612 = VERTEX_POINT('',#6613);
#6613 = CARTESIAN_POINT('',(387.35,5.955846428571E+03,2.650026380249E+03
    ));
#6614 = LINE('',#6615,#6616);
#6615 = CARTESIAN_POINT('',(387.35,6.51133291942E+03,2.385563996872E+03)
  );
#6616 = VECTOR('',#6617,1.);
#6617 = DIRECTION('',(-2.004830108882E-16,-0.90289521313,0.429860714775)
  );
#6618 = ORIENTED_EDGE('',*,*,#6619,.F.);
#6619 = EDGE_CURVE('',#6620,#6610,#6622,.T.);
#6620 = VERTEX_POINT('',#6621);
#6621 = CARTESIAN_POINT('',(387.35,6.4262E+03,2.5019E+03));
#6622 = LINE('',#6623,#6624);
#6623 = CARTESIAN_POINT('',(387.35,6.41796645971E+03,2.5019E+03));
#6624 = VECTOR('',#6625,1.);
#6625 = DIRECTION('',(-2.22044604925E-16,-1.,0.));
#6626 = ORIENTED_EDGE('',*,*,#6627,.T.);
#6627 = EDGE_CURVE('',#6620,#6628,#6630,.T.);
#6628 = VERTEX_POINT('',#6629);
#6629 = CARTESIAN_POINT('',(387.35,6.4262E+03,2.58081954262E+03));
#6630 = LINE('',#6631,#6632);
#6631 = CARTESIAN_POINT('',(387.35,6.4262E+03,2.164331998436E+03));
#6632 = VECTOR('',#6633,1.);
#6633 = DIRECTION('',(0.,0.,1.));
#6634 = ORIENTED_EDGE('',*,*,#6635,.T.);
#6635 = EDGE_CURVE('',#6628,#6636,#6638,.T.);
#6636 = VERTEX_POINT('',#6637);
#6637 = CARTESIAN_POINT('',(387.35,5.955846428571E+03,2.804750868726E+03
    ));
#6638 = LINE('',#6639,#6640);
#6639 = CARTESIAN_POINT('',(387.35,6.571384461274E+03,2.511698458146E+03
    ));
#6640 = VECTOR('',#6641,1.);
#6641 = DIRECTION('',(-2.004830108882E-16,-0.90289521313,0.429860714775)
  );
#6642 = ORIENTED_EDGE('',*,*,#6643,.T.);
#6643 = EDGE_CURVE('',#6636,#6612,#6644,.T.);
#6644 = LINE('',#6645,#6646);
#6645 = CARTESIAN_POINT('',(387.35,5.955846428571E+03,2.408306998436E+03
    ));
#6646 = VECTOR('',#6647,1.);
#6647 = DIRECTION('',(0.,-0.,-1.));
#6648 = PLANE('',#6649);
#6649 = AXIS2_PLACEMENT_3D('',#6650,#6651,#6652);
#6650 = CARTESIAN_POINT('',(387.35,6.51133291942E+03,2.385563996872E+03)
  );
#6651 = DIRECTION('',(1.,-2.22044604925E-16,0.));
#6652 = DIRECTION('',(9.544825258501E-17,0.429860714775,0.90289521313));
#6653 = ADVANCED_FACE('',(#6654),#6679,.F.);
#6654 = FACE_BOUND('',#6655,.F.);
#6655 = EDGE_LOOP('',(#6656,#6666,#6672,#6673));
#6656 = ORIENTED_EDGE('',*,*,#6657,.F.);
#6657 = EDGE_CURVE('',#6658,#6660,#6662,.T.);
#6658 = VERTEX_POINT('',#6659);
#6659 = CARTESIAN_POINT('',(425.45,6.266976511103E+03,2.5019E+03));
#6660 = VERTEX_POINT('',#6661);
#6661 = CARTESIAN_POINT('',(425.45,5.955846428571E+03,2.650026380249E+03
    ));
#6662 = LINE('',#6663,#6664);
#6663 = CARTESIAN_POINT('',(425.45,6.51133291942E+03,2.385563996872E+03)
  );
#6664 = VECTOR('',#6665,1.);
#6665 = DIRECTION('',(-2.004830108882E-16,-0.90289521313,0.429860714775)
  );
#6666 = ORIENTED_EDGE('',*,*,#6667,.F.);
#6667 = EDGE_CURVE('',#6610,#6658,#6668,.T.);
#6668 = LINE('',#6669,#6670);
#6669 = CARTESIAN_POINT('',(247.65,6.266976511103E+03,2.5019E+03));
#6670 = VECTOR('',#6671,1.);
#6671 = DIRECTION('',(1.,-2.22044604925E-16,0.));
#6672 = ORIENTED_EDGE('',*,*,#6609,.T.);
#6673 = ORIENTED_EDGE('',*,*,#6674,.T.);
#6674 = EDGE_CURVE('',#6612,#6660,#6675,.T.);
#6675 = LINE('',#6676,#6677);
#6676 = CARTESIAN_POINT('',(386.85,5.955846428571E+03,2.650026380249E+03
    ));
#6677 = VECTOR('',#6678,1.);
#6678 = DIRECTION('',(1.,-2.22044604925E-16,0.));
#6679 = PLANE('',#6680);
#6680 = AXIS2_PLACEMENT_3D('',#6681,#6682,#6683);
#6681 = CARTESIAN_POINT('',(387.35,6.51133291942E+03,2.385563996872E+03)
  );
#6682 = DIRECTION('',(9.544825258501E-17,0.429860714775,0.90289521313));
#6683 = DIRECTION('',(-2.004830108882E-16,-0.90289521313,0.429860714775)
  );
#6684 = ADVANCED_FACE('',(#6685),#6703,.T.);
#6685 = FACE_BOUND('',#6686,.T.);
#6686 = EDGE_LOOP('',(#6687,#6695,#6696,#6697));
#6687 = ORIENTED_EDGE('',*,*,#6688,.F.);
#6688 = EDGE_CURVE('',#6636,#6689,#6691,.T.);
#6689 = VERTEX_POINT('',#6690);
#6690 = CARTESIAN_POINT('',(425.45,5.955846428571E+03,2.804750868726E+03
    ));
#6691 = LINE('',#6692,#6693);
#6692 = CARTESIAN_POINT('',(386.85,5.955846428571E+03,2.804750868726E+03
    ));
#6693 = VECTOR('',#6694,1.);
#6694 = DIRECTION('',(1.,-2.22044604925E-16,0.));
#6695 = ORIENTED_EDGE('',*,*,#6643,.T.);
#6696 = ORIENTED_EDGE('',*,*,#6674,.T.);
#6697 = ORIENTED_EDGE('',*,*,#6698,.F.);
#6698 = EDGE_CURVE('',#6689,#6660,#6699,.T.);
#6699 = LINE('',#6700,#6701);
#6700 = CARTESIAN_POINT('',(425.45,5.955846428571E+03,2.408306998436E+03
    ));
#6701 = VECTOR('',#6702,1.);
#6702 = DIRECTION('',(0.,-0.,-1.));
#6703 = PLANE('',#6704);
#6704 = AXIS2_PLACEMENT_3D('',#6705,#6706,#6707);
#6705 = CARTESIAN_POINT('',(386.35,5.955846428571E+03,2.43105E+03));
#6706 = DIRECTION('',(-2.22044604925E-16,-1.,0.));
#6707 = DIRECTION('',(0.,0.,1.));
#6708 = ADVANCED_FACE('',(#6709),#6727,.T.);
#6709 = FACE_BOUND('',#6710,.T.);
#6710 = EDGE_LOOP('',(#6711,#6719,#6725,#6726));
#6711 = ORIENTED_EDGE('',*,*,#6712,.F.);
#6712 = EDGE_CURVE('',#6713,#6689,#6715,.T.);
#6713 = VERTEX_POINT('',#6714);
#6714 = CARTESIAN_POINT('',(425.45,6.4262E+03,2.58081954262E+03));
#6715 = LINE('',#6716,#6717);
#6716 = CARTESIAN_POINT('',(425.45,6.571384461274E+03,2.511698458146E+03
    ));
#6717 = VECTOR('',#6718,1.);
#6718 = DIRECTION('',(-2.004830108882E-16,-0.90289521313,0.429860714775)
  );
#6719 = ORIENTED_EDGE('',*,*,#6720,.T.);
#6720 = EDGE_CURVE('',#6713,#6628,#6721,.T.);
#6721 = LINE('',#6722,#6723);
#6722 = CARTESIAN_POINT('',(-6.35,6.4262E+03,2.58081954262E+03));
#6723 = VECTOR('',#6724,1.);
#6724 = DIRECTION('',(-1.,4.42044604925E-16,-1.1E-16));
#6725 = ORIENTED_EDGE('',*,*,#6635,.T.);
#6726 = ORIENTED_EDGE('',*,*,#6688,.T.);
#6727 = PLANE('',#6728);
#6728 = AXIS2_PLACEMENT_3D('',#6729,#6730,#6731);
#6729 = CARTESIAN_POINT('',(387.35,6.571384461274E+03,2.511698458146E+03
    ));
#6730 = DIRECTION('',(9.544825258501E-17,0.429860714775,0.90289521313));
#6731 = DIRECTION('',(-2.004830108882E-16,-0.90289521313,0.429860714775)
  );
#6732 = ADVANCED_FACE('',(#6733),#6751,.T.);
#6733 = FACE_BOUND('',#6734,.T.);
#6734 = EDGE_LOOP('',(#6735,#6743,#6744,#6745));
#6735 = ORIENTED_EDGE('',*,*,#6736,.T.);
#6736 = EDGE_CURVE('',#6737,#6620,#6739,.T.);
#6737 = VERTEX_POINT('',#6738);
#6738 = CARTESIAN_POINT('',(425.45,6.4262E+03,2.5019E+03));
#6739 = LINE('',#6740,#6741);
#6740 = CARTESIAN_POINT('',(-400.05,6.4262E+03,2.5019E+03));
#6741 = VECTOR('',#6742,1.);
#6742 = DIRECTION('',(-1.,4.42044604925E-16,0.));
#6743 = ORIENTED_EDGE('',*,*,#6627,.T.);
#6744 = ORIENTED_EDGE('',*,*,#6720,.F.);
#6745 = ORIENTED_EDGE('',*,*,#6746,.F.);
#6746 = EDGE_CURVE('',#6737,#6713,#6747,.T.);
#6747 = LINE('',#6748,#6749);
#6748 = CARTESIAN_POINT('',(425.45,6.4262E+03,2.164331998436E+03));
#6749 = VECTOR('',#6750,1.);
#6750 = DIRECTION('',(0.,0.,1.));
#6751 = PLANE('',#6752);
#6752 = AXIS2_PLACEMENT_3D('',#6753,#6754,#6755);
#6753 = CARTESIAN_POINT('',(-400.05,6.4262E+03,1.9431E+03));
#6754 = DIRECTION('',(2.22044604925E-16,1.,0.));
#6755 = DIRECTION('',(0.,0.,1.));
#6756 = ADVANCED_FACE('',(#6757),#6769,.T.);
#6757 = FACE_BOUND('',#6758,.T.);
#6758 = EDGE_LOOP('',(#6759,#6760,#6766,#6767,#6768));
#6759 = ORIENTED_EDGE('',*,*,#6657,.F.);
#6760 = ORIENTED_EDGE('',*,*,#6761,.F.);
#6761 = EDGE_CURVE('',#6737,#6658,#6762,.T.);
#6762 = LINE('',#6763,#6764);
#6763 = CARTESIAN_POINT('',(425.45,6.61799145971E+03,2.5019E+03));
#6764 = VECTOR('',#6765,1.);
#6765 = DIRECTION('',(-2.22044604925E-16,-1.,0.));
#6766 = ORIENTED_EDGE('',*,*,#6746,.T.);
#6767 = ORIENTED_EDGE('',*,*,#6712,.T.);
#6768 = ORIENTED_EDGE('',*,*,#6698,.T.);
#6769 = PLANE('',#6770);
#6770 = AXIS2_PLACEMENT_3D('',#6771,#6772,#6773);
#6771 = CARTESIAN_POINT('',(425.45,6.51133291942E+03,2.385563996872E+03)
  );
#6772 = DIRECTION('',(1.,-2.22044604925E-16,0.));
#6773 = DIRECTION('',(9.544825258501E-17,0.429860714775,0.90289521313));
#6774 = ADVANCED_FACE('',(#6775),#6781,.T.);
#6775 = FACE_BOUND('',#6776,.T.);
#6776 = EDGE_LOOP('',(#6777,#6778,#6779,#6780));
#6777 = ORIENTED_EDGE('',*,*,#6736,.F.);
#6778 = ORIENTED_EDGE('',*,*,#6761,.T.);
#6779 = ORIENTED_EDGE('',*,*,#6667,.F.);
#6780 = ORIENTED_EDGE('',*,*,#6619,.F.);
#6781 = PLANE('',#6782);
#6782 = AXIS2_PLACEMENT_3D('',#6783,#6784,#6785);
#6783 = CARTESIAN_POINT('',(406.4,6.346588255551E+03,2.5019E+03));
#6784 = DIRECTION('',(0.,0.,-1.));
#6785 = DIRECTION('',(2.22044604925E-16,1.,0.));
#6786 = MANIFOLD_SOLID_BREP('',#6787);
#6787 = CLOSED_SHELL('',(#6788,#6836,#6867,#6891,#6915,#6939,#6957));
#6788 = ADVANCED_FACE('',(#6789),#6831,.F.);
#6789 = FACE_BOUND('',#6790,.F.);
#6790 = EDGE_LOOP('',(#6791,#6801,#6809,#6817,#6825));
#6791 = ORIENTED_EDGE('',*,*,#6792,.F.);
#6792 = EDGE_CURVE('',#6793,#6795,#6797,.T.);
#6793 = VERTEX_POINT('',#6794);
#6794 = CARTESIAN_POINT('',(996.95,6.266976511103E+03,2.5019E+03));
#6795 = VERTEX_POINT('',#6796);
#6796 = CARTESIAN_POINT('',(996.95,5.389789285714E+03,2.919521360944E+03
    ));
#6797 = LINE('',#6798,#6799);
#6798 = CARTESIAN_POINT('',(996.95,6.51133291942E+03,2.385563996872E+03)
  );
#6799 = VECTOR('',#6800,1.);
#6800 = DIRECTION('',(-2.004830108882E-16,-0.90289521313,0.429860714775)
  );
#6801 = ORIENTED_EDGE('',*,*,#6802,.F.);
#6802 = EDGE_CURVE('',#6803,#6793,#6805,.T.);
#6803 = VERTEX_POINT('',#6804);
#6804 = CARTESIAN_POINT('',(996.95,6.4262E+03,2.5019E+03));
#6805 = LINE('',#6806,#6807);
#6806 = CARTESIAN_POINT('',(996.95,6.41796645971E+03,2.5019E+03));
#6807 = VECTOR('',#6808,1.);
#6808 = DIRECTION('',(-2.22044604925E-16,-1.,0.));
#6809 = ORIENTED_EDGE('',*,*,#6810,.T.);
#6810 = EDGE_CURVE('',#6803,#6811,#6813,.T.);
#6811 = VERTEX_POINT('',#6812);
#6812 = CARTESIAN_POINT('',(996.95,6.4262E+03,2.58081954262E+03));
#6813 = LINE('',#6814,#6815);
#6814 = CARTESIAN_POINT('',(996.95,6.4262E+03,2.164331998436E+03));
#6815 = VECTOR('',#6816,1.);
#6816 = DIRECTION('',(0.,0.,1.));
#6817 = ORIENTED_EDGE('',*,*,#6818,.T.);
#6818 = EDGE_CURVE('',#6811,#6819,#6821,.T.);
#6819 = VERTEX_POINT('',#6820);
#6820 = CARTESIAN_POINT('',(996.95,5.389789285714E+03,3.074245849421E+03
    ));
#6821 = LINE('',#6822,#6823);
#6822 = CARTESIAN_POINT('',(996.95,6.571384461274E+03,2.511698458146E+03
    ));
#6823 = VECTOR('',#6824,1.);
#6824 = DIRECTION('',(-2.004830108882E-16,-0.90289521313,0.429860714775)
  );
#6825 = ORIENTED_EDGE('',*,*,#6826,.T.);
#6826 = EDGE_CURVE('',#6819,#6795,#6827,.T.);
#6827 = LINE('',#6828,#6829);
#6828 = CARTESIAN_POINT('',(996.95,5.389789285714E+03,2.408306998436E+03
    ));
#6829 = VECTOR('',#6830,1.);
#6830 = DIRECTION('',(0.,-0.,-1.));
#6831 = PLANE('',#6832);
#6832 = AXIS2_PLACEMENT_3D('',#6833,#6834,#6835);
#6833 = CARTESIAN_POINT('',(996.95,6.51133291942E+03,2.385563996872E+03)
  );
#6834 = DIRECTION('',(1.,-2.22044604925E-16,0.));
#6835 = DIRECTION('',(9.544825258501E-17,0.429860714775,0.90289521313));
#6836 = ADVANCED_FACE('',(#6837),#6862,.F.);
#6837 = FACE_BOUND('',#6838,.F.);
#6838 = EDGE_LOOP('',(#6839,#6849,#6855,#6856));
#6839 = ORIENTED_EDGE('',*,*,#6840,.F.);
#6840 = EDGE_CURVE('',#6841,#6843,#6845,.T.);
#6841 = VERTEX_POINT('',#6842);
#6842 = CARTESIAN_POINT('',(1.03505E+03,6.266976511103E+03,2.5019E+03));
#6843 = VERTEX_POINT('',#6844);
#6844 = CARTESIAN_POINT('',(1.03505E+03,5.389789285714E+03,
    2.919521360944E+03));
#6845 = LINE('',#6846,#6847);
#6846 = CARTESIAN_POINT('',(1.03505E+03,6.51133291942E+03,
    2.385563996872E+03));
#6847 = VECTOR('',#6848,1.);
#6848 = DIRECTION('',(-2.004830108882E-16,-0.90289521313,0.429860714775)
  );
#6849 = ORIENTED_EDGE('',*,*,#6850,.F.);
#6850 = EDGE_CURVE('',#6793,#6841,#6851,.T.);
#6851 = LINE('',#6852,#6853);
#6852 = CARTESIAN_POINT('',(857.25,6.266976511103E+03,2.5019E+03));
#6853 = VECTOR('',#6854,1.);
#6854 = DIRECTION('',(1.,-2.22044604925E-16,0.));
#6855 = ORIENTED_EDGE('',*,*,#6792,.T.);
#6856 = ORIENTED_EDGE('',*,*,#6857,.T.);
#6857 = EDGE_CURVE('',#6795,#6843,#6858,.T.);
#6858 = LINE('',#6859,#6860);
#6859 = CARTESIAN_POINT('',(996.45,5.389789285714E+03,2.919521360944E+03
    ));
#6860 = VECTOR('',#6861,1.);
#6861 = DIRECTION('',(1.,-2.22044604925E-16,0.));
#6862 = PLANE('',#6863);
#6863 = AXIS2_PLACEMENT_3D('',#6864,#6865,#6866);
#6864 = CARTESIAN_POINT('',(996.95,6.51133291942E+03,2.385563996872E+03)
  );
#6865 = DIRECTION('',(9.544825258501E-17,0.429860714775,0.90289521313));
#6866 = DIRECTION('',(-2.004830108882E-16,-0.90289521313,0.429860714775)
  );
#6867 = ADVANCED_FACE('',(#6868),#6886,.T.);
#6868 = FACE_BOUND('',#6869,.T.);
#6869 = EDGE_LOOP('',(#6870,#6878,#6879,#6880));
#6870 = ORIENTED_EDGE('',*,*,#6871,.F.);
#6871 = EDGE_CURVE('',#6819,#6872,#6874,.T.);
#6872 = VERTEX_POINT('',#6873);
#6873 = CARTESIAN_POINT('',(1.03505E+03,5.389789285714E+03,
    3.074245849421E+03));
#6874 = LINE('',#6875,#6876);
#6875 = CARTESIAN_POINT('',(996.45,5.389789285714E+03,3.074245849421E+03
    ));
#6876 = VECTOR('',#6877,1.);
#6877 = DIRECTION('',(1.,-2.22044604925E-16,0.));
#6878 = ORIENTED_EDGE('',*,*,#6826,.T.);
#6879 = ORIENTED_EDGE('',*,*,#6857,.T.);
#6880 = ORIENTED_EDGE('',*,*,#6881,.F.);
#6881 = EDGE_CURVE('',#6872,#6843,#6882,.T.);
#6882 = LINE('',#6883,#6884);
#6883 = CARTESIAN_POINT('',(1.03505E+03,5.389789285714E+03,
    2.408306998436E+03));
#6884 = VECTOR('',#6885,1.);
#6885 = DIRECTION('',(0.,-0.,-1.));
#6886 = PLANE('',#6887);
#6887 = AXIS2_PLACEMENT_3D('',#6888,#6889,#6890);
#6888 = CARTESIAN_POINT('',(995.95,5.389789285714E+03,2.43105E+03));
#6889 = DIRECTION('',(-2.22044604925E-16,-1.,0.));
#6890 = DIRECTION('',(0.,0.,1.));
#6891 = ADVANCED_FACE('',(#6892),#6910,.T.);
#6892 = FACE_BOUND('',#6893,.T.);
#6893 = EDGE_LOOP('',(#6894,#6902,#6908,#6909));
#6894 = ORIENTED_EDGE('',*,*,#6895,.F.);
#6895 = EDGE_CURVE('',#6896,#6872,#6898,.T.);
#6896 = VERTEX_POINT('',#6897);
#6897 = CARTESIAN_POINT('',(1.03505E+03,6.4262E+03,2.58081954262E+03));
#6898 = LINE('',#6899,#6900);
#6899 = CARTESIAN_POINT('',(1.03505E+03,6.571384461274E+03,
    2.511698458146E+03));
#6900 = VECTOR('',#6901,1.);
#6901 = DIRECTION('',(-2.004830108882E-16,-0.90289521313,0.429860714775)
  );
#6902 = ORIENTED_EDGE('',*,*,#6903,.T.);
#6903 = EDGE_CURVE('',#6896,#6811,#6904,.T.);
#6904 = LINE('',#6905,#6906);
#6905 = CARTESIAN_POINT('',(298.45,6.4262E+03,2.58081954262E+03));
#6906 = VECTOR('',#6907,1.);
#6907 = DIRECTION('',(-1.,4.42044604925E-16,-1.1E-16));
#6908 = ORIENTED_EDGE('',*,*,#6818,.T.);
#6909 = ORIENTED_EDGE('',*,*,#6871,.T.);
#6910 = PLANE('',#6911);
#6911 = AXIS2_PLACEMENT_3D('',#6912,#6913,#6914);
#6912 = CARTESIAN_POINT('',(996.95,6.571384461274E+03,2.511698458146E+03
    ));
#6913 = DIRECTION('',(9.544825258501E-17,0.429860714775,0.90289521313));
#6914 = DIRECTION('',(-2.004830108882E-16,-0.90289521313,0.429860714775)
  );
#6915 = ADVANCED_FACE('',(#6916),#6934,.T.);
#6916 = FACE_BOUND('',#6917,.T.);
#6917 = EDGE_LOOP('',(#6918,#6926,#6927,#6928));
#6918 = ORIENTED_EDGE('',*,*,#6919,.T.);
#6919 = EDGE_CURVE('',#6920,#6803,#6922,.T.);
#6920 = VERTEX_POINT('',#6921);
#6921 = CARTESIAN_POINT('',(1.03505E+03,6.4262E+03,2.5019E+03));
#6922 = LINE('',#6923,#6924);
#6923 = CARTESIAN_POINT('',(-400.05,6.4262E+03,2.5019E+03));
#6924 = VECTOR('',#6925,1.);
#6925 = DIRECTION('',(-1.,4.42044604925E-16,0.));
#6926 = ORIENTED_EDGE('',*,*,#6810,.T.);
#6927 = ORIENTED_EDGE('',*,*,#6903,.F.);
#6928 = ORIENTED_EDGE('',*,*,#6929,.F.);
#6929 = EDGE_CURVE('',#6920,#6896,#6930,.T.);
#6930 = LINE('',#6931,#6932);
#6931 = CARTESIAN_POINT('',(1.03505E+03,6.4262E+03,2.164331998436E+03));
#6932 = VECTOR('',#6933,1.);
#6933 = DIRECTION('',(0.,0.,1.));
#6934 = PLANE('',#6935);
#6935 = AXIS2_PLACEMENT_3D('',#6936,#6937,#6938);
#6936 = CARTESIAN_POINT('',(-400.05,6.4262E+03,1.9431E+03));
#6937 = DIRECTION('',(2.22044604925E-16,1.,0.));
#6938 = DIRECTION('',(0.,0.,1.));
#6939 = ADVANCED_FACE('',(#6940),#6952,.T.);
#6940 = FACE_BOUND('',#6941,.T.);
#6941 = EDGE_LOOP('',(#6942,#6943,#6949,#6950,#6951));
#6942 = ORIENTED_EDGE('',*,*,#6840,.F.);
#6943 = ORIENTED_EDGE('',*,*,#6944,.F.);
#6944 = EDGE_CURVE('',#6920,#6841,#6945,.T.);
#6945 = LINE('',#6946,#6947);
#6946 = CARTESIAN_POINT('',(1.03505E+03,6.61799145971E+03,2.5019E+03));
#6947 = VECTOR('',#6948,1.);
#6948 = DIRECTION('',(-2.22044604925E-16,-1.,0.));
#6949 = ORIENTED_EDGE('',*,*,#6929,.T.);
#6950 = ORIENTED_EDGE('',*,*,#6895,.T.);
#6951 = ORIENTED_EDGE('',*,*,#6881,.T.);
#6952 = PLANE('',#6953);
#6953 = AXIS2_PLACEMENT_3D('',#6954,#6955,#6956);
#6954 = CARTESIAN_POINT('',(1.03505E+03,6.51133291942E+03,
    2.385563996872E+03));
#6955 = DIRECTION('',(1.,-2.22044604925E-16,0.));
#6956 = DIRECTION('',(9.544825258501E-17,0.429860714775,0.90289521313));
#6957 = ADVANCED_FACE('',(#6958),#6964,.T.);
#6958 = FACE_BOUND('',#6959,.T.);
#6959 = EDGE_LOOP('',(#6960,#6961,#6962,#6963));
#6960 = ORIENTED_EDGE('',*,*,#6919,.F.);
#6961 = ORIENTED_EDGE('',*,*,#6944,.T.);
#6962 = ORIENTED_EDGE('',*,*,#6850,.F.);
#6963 = ORIENTED_EDGE('',*,*,#6802,.F.);
#6964 = PLANE('',#6965);
#6965 = AXIS2_PLACEMENT_3D('',#6966,#6967,#6968);
#6966 = CARTESIAN_POINT('',(1.016E+03,6.346588255551E+03,2.5019E+03));
#6967 = DIRECTION('',(0.,0.,-1.));
#6968 = DIRECTION('',(2.22044604925E-16,1.,0.));
#6969 = MANIFOLD_SOLID_BREP('',#6970);
#6970 = CLOSED_SHELL('',(#6971,#7019,#7050,#7074,#7098,#7122,#7140));
#6971 = ADVANCED_FACE('',(#6972),#7014,.F.);
#6972 = FACE_BOUND('',#6973,.F.);
#6973 = EDGE_LOOP('',(#6974,#6984,#6992,#7000,#7008));
#6974 = ORIENTED_EDGE('',*,*,#6975,.F.);
#6975 = EDGE_CURVE('',#6976,#6978,#6980,.T.);
#6976 = VERTEX_POINT('',#6977);
#6977 = CARTESIAN_POINT('',(1.60655E+03,6.266976511103E+03,2.5019E+03));
#6978 = VERTEX_POINT('',#6979);
#6979 = CARTESIAN_POINT('',(1.60655E+03,4.823732142857E+03,
    3.189016341639E+03));
#6980 = LINE('',#6981,#6982);
#6981 = CARTESIAN_POINT('',(1.60655E+03,6.51133291942E+03,
    2.385563996872E+03));
#6982 = VECTOR('',#6983,1.);
#6983 = DIRECTION('',(-2.004830108882E-16,-0.90289521313,0.429860714775)
  );
#6984 = ORIENTED_EDGE('',*,*,#6985,.F.);
#6985 = EDGE_CURVE('',#6986,#6976,#6988,.T.);
#6986 = VERTEX_POINT('',#6987);
#6987 = CARTESIAN_POINT('',(1.60655E+03,6.4262E+03,2.5019E+03));
#6988 = LINE('',#6989,#6990);
#6989 = CARTESIAN_POINT('',(1.60655E+03,6.41796645971E+03,2.5019E+03));
#6990 = VECTOR('',#6991,1.);
#6991 = DIRECTION('',(-2.22044604925E-16,-1.,0.));
#6992 = ORIENTED_EDGE('',*,*,#6993,.T.);
#6993 = EDGE_CURVE('',#6986,#6994,#6996,.T.);
#6994 = VERTEX_POINT('',#6995);
#6995 = CARTESIAN_POINT('',(1.60655E+03,6.4262E+03,2.58081954262E+03));
#6996 = LINE('',#6997,#6998);
#6997 = CARTESIAN_POINT('',(1.60655E+03,6.4262E+03,2.164331998436E+03));
#6998 = VECTOR('',#6999,1.);
#6999 = DIRECTION('',(0.,0.,1.));
#7000 = ORIENTED_EDGE('',*,*,#7001,.T.);
#7001 = EDGE_CURVE('',#6994,#7002,#7004,.T.);
#7002 = VERTEX_POINT('',#7003);
#7003 = CARTESIAN_POINT('',(1.60655E+03,4.823732142857E+03,
    3.343740830116E+03));
#7004 = LINE('',#7005,#7006);
#7005 = CARTESIAN_POINT('',(1.60655E+03,6.571384461274E+03,
    2.511698458146E+03));
#7006 = VECTOR('',#7007,1.);
#7007 = DIRECTION('',(-2.004830108882E-16,-0.90289521313,0.429860714775)
  );
#7008 = ORIENTED_EDGE('',*,*,#7009,.T.);
#7009 = EDGE_CURVE('',#7002,#6978,#7010,.T.);
#7010 = LINE('',#7011,#7012);
#7011 = CARTESIAN_POINT('',(1.60655E+03,4.823732142857E+03,
    2.408306998436E+03));
#7012 = VECTOR('',#7013,1.);
#7013 = DIRECTION('',(0.,-0.,-1.));
#7014 = PLANE('',#7015);
#7015 = AXIS2_PLACEMENT_3D('',#7016,#7017,#7018);
#7016 = CARTESIAN_POINT('',(1.60655E+03,6.51133291942E+03,
    2.385563996872E+03));
#7017 = DIRECTION('',(1.,-2.22044604925E-16,0.));
#7018 = DIRECTION('',(9.544825258501E-17,0.429860714775,0.90289521313));
#7019 = ADVANCED_FACE('',(#7020),#7045,.F.);
#7020 = FACE_BOUND('',#7021,.F.);
#7021 = EDGE_LOOP('',(#7022,#7032,#7038,#7039));
#7022 = ORIENTED_EDGE('',*,*,#7023,.F.);
#7023 = EDGE_CURVE('',#7024,#7026,#7028,.T.);
#7024 = VERTEX_POINT('',#7025);
#7025 = CARTESIAN_POINT('',(1.64465E+03,6.266976511103E+03,2.5019E+03));
#7026 = VERTEX_POINT('',#7027);
#7027 = CARTESIAN_POINT('',(1.64465E+03,4.823732142857E+03,
    3.189016341639E+03));
#7028 = LINE('',#7029,#7030);
#7029 = CARTESIAN_POINT('',(1.64465E+03,6.51133291942E+03,
    2.385563996872E+03));
#7030 = VECTOR('',#7031,1.);
#7031 = DIRECTION('',(-2.004830108882E-16,-0.90289521313,0.429860714775)
  );
#7032 = ORIENTED_EDGE('',*,*,#7033,.F.);
#7033 = EDGE_CURVE('',#6976,#7024,#7034,.T.);
#7034 = LINE('',#7035,#7036);
#7035 = CARTESIAN_POINT('',(1.46685E+03,6.266976511103E+03,2.5019E+03));
#7036 = VECTOR('',#7037,1.);
#7037 = DIRECTION('',(1.,-2.22044604925E-16,0.));
#7038 = ORIENTED_EDGE('',*,*,#6975,.T.);
#7039 = ORIENTED_EDGE('',*,*,#7040,.T.);
#7040 = EDGE_CURVE('',#6978,#7026,#7041,.T.);
#7041 = LINE('',#7042,#7043);
#7042 = CARTESIAN_POINT('',(1.60605E+03,4.823732142857E+03,
    3.189016341639E+03));
#7043 = VECTOR('',#7044,1.);
#7044 = DIRECTION('',(1.,-2.22044604925E-16,0.));
#7045 = PLANE('',#7046);
#7046 = AXIS2_PLACEMENT_3D('',#7047,#7048,#7049);
#7047 = CARTESIAN_POINT('',(1.60655E+03,6.51133291942E+03,
    2.385563996872E+03));
#7048 = DIRECTION('',(9.544825258501E-17,0.429860714775,0.90289521313));
#7049 = DIRECTION('',(-2.004830108882E-16,-0.90289521313,0.429860714775)
  );
#7050 = ADVANCED_FACE('',(#7051),#7069,.T.);
#7051 = FACE_BOUND('',#7052,.T.);
#7052 = EDGE_LOOP('',(#7053,#7061,#7062,#7063));
#7053 = ORIENTED_EDGE('',*,*,#7054,.F.);
#7054 = EDGE_CURVE('',#7002,#7055,#7057,.T.);
#7055 = VERTEX_POINT('',#7056);
#7056 = CARTESIAN_POINT('',(1.64465E+03,4.823732142857E+03,
    3.343740830116E+03));
#7057 = LINE('',#7058,#7059);
#7058 = CARTESIAN_POINT('',(1.60605E+03,4.823732142857E+03,
    3.343740830116E+03));
#7059 = VECTOR('',#7060,1.);
#7060 = DIRECTION('',(1.,-2.22044604925E-16,0.));
#7061 = ORIENTED_EDGE('',*,*,#7009,.T.);
#7062 = ORIENTED_EDGE('',*,*,#7040,.T.);
#7063 = ORIENTED_EDGE('',*,*,#7064,.F.);
#7064 = EDGE_CURVE('',#7055,#7026,#7065,.T.);
#7065 = LINE('',#7066,#7067);
#7066 = CARTESIAN_POINT('',(1.64465E+03,4.823732142857E+03,
    2.408306998436E+03));
#7067 = VECTOR('',#7068,1.);
#7068 = DIRECTION('',(0.,-0.,-1.));
#7069 = PLANE('',#7070);
#7070 = AXIS2_PLACEMENT_3D('',#7071,#7072,#7073);
#7071 = CARTESIAN_POINT('',(1.60555E+03,4.823732142857E+03,2.43105E+03)
  );
#7072 = DIRECTION('',(-2.22044604925E-16,-1.,0.));
#7073 = DIRECTION('',(0.,0.,1.));
#7074 = ADVANCED_FACE('',(#7075),#7093,.T.);
#7075 = FACE_BOUND('',#7076,.T.);
#7076 = EDGE_LOOP('',(#7077,#7085,#7091,#7092));
#7077 = ORIENTED_EDGE('',*,*,#7078,.F.);
#7078 = EDGE_CURVE('',#7079,#7055,#7081,.T.);
#7079 = VERTEX_POINT('',#7080);
#7080 = CARTESIAN_POINT('',(1.64465E+03,6.4262E+03,2.58081954262E+03));
#7081 = LINE('',#7082,#7083);
#7082 = CARTESIAN_POINT('',(1.64465E+03,6.571384461274E+03,
    2.511698458146E+03));
#7083 = VECTOR('',#7084,1.);
#7084 = DIRECTION('',(-2.004830108882E-16,-0.90289521313,0.429860714775)
  );
#7085 = ORIENTED_EDGE('',*,*,#7086,.T.);
#7086 = EDGE_CURVE('',#7079,#6994,#7087,.T.);
#7087 = LINE('',#7088,#7089);
#7088 = CARTESIAN_POINT('',(603.25,6.4262E+03,2.58081954262E+03));
#7089 = VECTOR('',#7090,1.);
#7090 = DIRECTION('',(-1.,4.42044604925E-16,-1.1E-16));
#7091 = ORIENTED_EDGE('',*,*,#7001,.T.);
#7092 = ORIENTED_EDGE('',*,*,#7054,.T.);
#7093 = PLANE('',#7094);
#7094 = AXIS2_PLACEMENT_3D('',#7095,#7096,#7097);
#7095 = CARTESIAN_POINT('',(1.60655E+03,6.571384461274E+03,
    2.511698458146E+03));
#7096 = DIRECTION('',(9.544825258501E-17,0.429860714775,0.90289521313));
#7097 = DIRECTION('',(-2.004830108882E-16,-0.90289521313,0.429860714775)
  );
#7098 = ADVANCED_FACE('',(#7099),#7117,.T.);
#7099 = FACE_BOUND('',#7100,.T.);
#7100 = EDGE_LOOP('',(#7101,#7109,#7110,#7111));
#7101 = ORIENTED_EDGE('',*,*,#7102,.T.);
#7102 = EDGE_CURVE('',#7103,#6986,#7105,.T.);
#7103 = VERTEX_POINT('',#7104);
#7104 = CARTESIAN_POINT('',(1.64465E+03,6.4262E+03,2.5019E+03));
#7105 = LINE('',#7106,#7107);
#7106 = CARTESIAN_POINT('',(-400.05,6.4262E+03,2.5019E+03));
#7107 = VECTOR('',#7108,1.);
#7108 = DIRECTION('',(-1.,4.42044604925E-16,0.));
#7109 = ORIENTED_EDGE('',*,*,#6993,.T.);
#7110 = ORIENTED_EDGE('',*,*,#7086,.F.);
#7111 = ORIENTED_EDGE('',*,*,#7112,.F.);
#7112 = EDGE_CURVE('',#7103,#7079,#7113,.T.);
#7113 = LINE('',#7114,#7115);
#7114 = CARTESIAN_POINT('',(1.64465E+03,6.4262E+03,2.164331998436E+03));
#7115 = VECTOR('',#7116,1.);
#7116 = DIRECTION('',(0.,0.,1.));
#7117 = PLANE('',#7118);
#7118 = AXIS2_PLACEMENT_3D('',#7119,#7120,#7121);
#7119 = CARTESIAN_POINT('',(-400.05,6.4262E+03,1.9431E+03));
#7120 = DIRECTION('',(2.22044604925E-16,1.,0.));
#7121 = DIRECTION('',(0.,0.,1.));
#7122 = ADVANCED_FACE('',(#7123),#7135,.T.);
#7123 = FACE_BOUND('',#7124,.T.);
#7124 = EDGE_LOOP('',(#7125,#7126,#7132,#7133,#7134));
#7125 = ORIENTED_EDGE('',*,*,#7023,.F.);
#7126 = ORIENTED_EDGE('',*,*,#7127,.F.);
#7127 = EDGE_CURVE('',#7103,#7024,#7128,.T.);
#7128 = LINE('',#7129,#7130);
#7129 = CARTESIAN_POINT('',(1.64465E+03,6.61799145971E+03,2.5019E+03));
#7130 = VECTOR('',#7131,1.);
#7131 = DIRECTION('',(-2.22044604925E-16,-1.,0.));
#7132 = ORIENTED_EDGE('',*,*,#7112,.T.);
#7133 = ORIENTED_EDGE('',*,*,#7078,.T.);
#7134 = ORIENTED_EDGE('',*,*,#7064,.T.);
#7135 = PLANE('',#7136);
#7136 = AXIS2_PLACEMENT_3D('',#7137,#7138,#7139);
#7137 = CARTESIAN_POINT('',(1.64465E+03,6.51133291942E+03,
    2.385563996872E+03));
#7138 = DIRECTION('',(1.,-2.22044604925E-16,0.));
#7139 = DIRECTION('',(9.544825258501E-17,0.429860714775,0.90289521313));
#7140 = ADVANCED_FACE('',(#7141),#7147,.T.);
#7141 = FACE_BOUND('',#7142,.T.);
#7142 = EDGE_LOOP('',(#7143,#7144,#7145,#7146));
#7143 = ORIENTED_EDGE('',*,*,#7102,.F.);
#7144 = ORIENTED_EDGE('',*,*,#7127,.T.);
#7145 = ORIENTED_EDGE('',*,*,#7033,.F.);
#7146 = ORIENTED_EDGE('',*,*,#6985,.F.);
#7147 = PLANE('',#7148);
#7148 = AXIS2_PLACEMENT_3D('',#7149,#7150,#7151);
#7149 = CARTESIAN_POINT('',(1.6256E+03,6.346588255551E+03,2.5019E+03));
#7150 = DIRECTION('',(0.,0.,-1.));
#7151 = DIRECTION('',(2.22044604925E-16,1.,0.));
#7152 = MANIFOLD_SOLID_BREP('',#7153);
#7153 = CLOSED_SHELL('',(#7154,#7202,#7233,#7257,#7281,#7305,#7323));
#7154 = ADVANCED_FACE('',(#7155),#7197,.F.);
#7155 = FACE_BOUND('',#7156,.F.);
#7156 = EDGE_LOOP('',(#7157,#7167,#7175,#7183,#7191));
#7157 = ORIENTED_EDGE('',*,*,#7158,.F.);
#7158 = EDGE_CURVE('',#7159,#7161,#7163,.T.);
#7159 = VERTEX_POINT('',#7160);
#7160 = CARTESIAN_POINT('',(2.21615E+03,6.266976511103E+03,2.5019E+03));
#7161 = VERTEX_POINT('',#7162);
#7162 = CARTESIAN_POINT('',(2.21615E+03,4.257675E+03,3.458511322334E+03)
  );
#7163 = LINE('',#7164,#7165);
#7164 = CARTESIAN_POINT('',(2.21615E+03,6.51133291942E+03,
    2.385563996872E+03));
#7165 = VECTOR('',#7166,1.);
#7166 = DIRECTION('',(-2.004830108882E-16,-0.90289521313,0.429860714775)
  );
#7167 = ORIENTED_EDGE('',*,*,#7168,.F.);
#7168 = EDGE_CURVE('',#7169,#7159,#7171,.T.);
#7169 = VERTEX_POINT('',#7170);
#7170 = CARTESIAN_POINT('',(2.21615E+03,6.4262E+03,2.5019E+03));
#7171 = LINE('',#7172,#7173);
#7172 = CARTESIAN_POINT('',(2.21615E+03,6.41796645971E+03,2.5019E+03));
#7173 = VECTOR('',#7174,1.);
#7174 = DIRECTION('',(-2.22044604925E-16,-1.,0.));
#7175 = ORIENTED_EDGE('',*,*,#7176,.T.);
#7176 = EDGE_CURVE('',#7169,#7177,#7179,.T.);
#7177 = VERTEX_POINT('',#7178);
#7178 = CARTESIAN_POINT('',(2.21615E+03,6.4262E+03,2.58081954262E+03));
#7179 = LINE('',#7180,#7181);
#7180 = CARTESIAN_POINT('',(2.21615E+03,6.4262E+03,2.164331998436E+03));
#7181 = VECTOR('',#7182,1.);
#7182 = DIRECTION('',(0.,0.,1.));
#7183 = ORIENTED_EDGE('',*,*,#7184,.T.);
#7184 = EDGE_CURVE('',#7177,#7185,#7187,.T.);
#7185 = VERTEX_POINT('',#7186);
#7186 = CARTESIAN_POINT('',(2.21615E+03,4.257675E+03,3.613235810811E+03)
  );
#7187 = LINE('',#7188,#7189);
#7188 = CARTESIAN_POINT('',(2.21615E+03,6.571384461274E+03,
    2.511698458146E+03));
#7189 = VECTOR('',#7190,1.);
#7190 = DIRECTION('',(-2.004830108882E-16,-0.90289521313,0.429860714775)
  );
#7191 = ORIENTED_EDGE('',*,*,#7192,.T.);
#7192 = EDGE_CURVE('',#7185,#7161,#7193,.T.);
#7193 = LINE('',#7194,#7195);
#7194 = CARTESIAN_POINT('',(2.21615E+03,4.257675E+03,2.408306998436E+03)
  );
#7195 = VECTOR('',#7196,1.);
#7196 = DIRECTION('',(0.,-0.,-1.));
#7197 = PLANE('',#7198);
#7198 = AXIS2_PLACEMENT_3D('',#7199,#7200,#7201);
#7199 = CARTESIAN_POINT('',(2.21615E+03,6.51133291942E+03,
    2.385563996872E+03));
#7200 = DIRECTION('',(1.,-2.22044604925E-16,0.));
#7201 = DIRECTION('',(9.544825258501E-17,0.429860714775,0.90289521313));
#7202 = ADVANCED_FACE('',(#7203),#7228,.F.);
#7203 = FACE_BOUND('',#7204,.F.);
#7204 = EDGE_LOOP('',(#7205,#7215,#7221,#7222));
#7205 = ORIENTED_EDGE('',*,*,#7206,.F.);
#7206 = EDGE_CURVE('',#7207,#7209,#7211,.T.);
#7207 = VERTEX_POINT('',#7208);
#7208 = CARTESIAN_POINT('',(2.25425E+03,6.266976511103E+03,2.5019E+03));
#7209 = VERTEX_POINT('',#7210);
#7210 = CARTESIAN_POINT('',(2.25425E+03,4.257675E+03,3.458511322334E+03)
  );
#7211 = LINE('',#7212,#7213);
#7212 = CARTESIAN_POINT('',(2.25425E+03,6.51133291942E+03,
    2.385563996872E+03));
#7213 = VECTOR('',#7214,1.);
#7214 = DIRECTION('',(-2.004830108882E-16,-0.90289521313,0.429860714775)
  );
#7215 = ORIENTED_EDGE('',*,*,#7216,.F.);
#7216 = EDGE_CURVE('',#7159,#7207,#7217,.T.);
#7217 = LINE('',#7218,#7219);
#7218 = CARTESIAN_POINT('',(2.07645E+03,6.266976511103E+03,2.5019E+03));
#7219 = VECTOR('',#7220,1.);
#7220 = DIRECTION('',(1.,-2.22044604925E-16,0.));
#7221 = ORIENTED_EDGE('',*,*,#7158,.T.);
#7222 = ORIENTED_EDGE('',*,*,#7223,.T.);
#7223 = EDGE_CURVE('',#7161,#7209,#7224,.T.);
#7224 = LINE('',#7225,#7226);
#7225 = CARTESIAN_POINT('',(2.21565E+03,4.257675E+03,3.458511322334E+03)
  );
#7226 = VECTOR('',#7227,1.);
#7227 = DIRECTION('',(1.,-2.22044604925E-16,0.));
#7228 = PLANE('',#7229);
#7229 = AXIS2_PLACEMENT_3D('',#7230,#7231,#7232);
#7230 = CARTESIAN_POINT('',(2.21615E+03,6.51133291942E+03,
    2.385563996872E+03));
#7231 = DIRECTION('',(9.544825258501E-17,0.429860714775,0.90289521313));
#7232 = DIRECTION('',(-2.004830108882E-16,-0.90289521313,0.429860714775)
  );
#7233 = ADVANCED_FACE('',(#7234),#7252,.T.);
#7234 = FACE_BOUND('',#7235,.T.);
#7235 = EDGE_LOOP('',(#7236,#7244,#7245,#7246));
#7236 = ORIENTED_EDGE('',*,*,#7237,.F.);
#7237 = EDGE_CURVE('',#7185,#7238,#7240,.T.);
#7238 = VERTEX_POINT('',#7239);
#7239 = CARTESIAN_POINT('',(2.25425E+03,4.257675E+03,3.613235810811E+03)
  );
#7240 = LINE('',#7241,#7242);
#7241 = CARTESIAN_POINT('',(2.21565E+03,4.257675E+03,3.613235810811E+03)
  );
#7242 = VECTOR('',#7243,1.);
#7243 = DIRECTION('',(1.,-2.22044604925E-16,0.));
#7244 = ORIENTED_EDGE('',*,*,#7192,.T.);
#7245 = ORIENTED_EDGE('',*,*,#7223,.T.);
#7246 = ORIENTED_EDGE('',*,*,#7247,.F.);
#7247 = EDGE_CURVE('',#7238,#7209,#7248,.T.);
#7248 = LINE('',#7249,#7250);
#7249 = CARTESIAN_POINT('',(2.25425E+03,4.257675E+03,2.408306998436E+03)
  );
#7250 = VECTOR('',#7251,1.);
#7251 = DIRECTION('',(0.,-0.,-1.));
#7252 = PLANE('',#7253);
#7253 = AXIS2_PLACEMENT_3D('',#7254,#7255,#7256);
#7254 = CARTESIAN_POINT('',(2.21515E+03,4.257675E+03,2.43105E+03));
#7255 = DIRECTION('',(-2.22044604925E-16,-1.,0.));
#7256 = DIRECTION('',(0.,0.,1.));
#7257 = ADVANCED_FACE('',(#7258),#7276,.T.);
#7258 = FACE_BOUND('',#7259,.T.);
#7259 = EDGE_LOOP('',(#7260,#7268,#7274,#7275));
#7260 = ORIENTED_EDGE('',*,*,#7261,.F.);
#7261 = EDGE_CURVE('',#7262,#7238,#7264,.T.);
#7262 = VERTEX_POINT('',#7263);
#7263 = CARTESIAN_POINT('',(2.25425E+03,6.4262E+03,2.58081954262E+03));
#7264 = LINE('',#7265,#7266);
#7265 = CARTESIAN_POINT('',(2.25425E+03,6.571384461274E+03,
    2.511698458146E+03));
#7266 = VECTOR('',#7267,1.);
#7267 = DIRECTION('',(-2.004830108882E-16,-0.90289521313,0.429860714775)
  );
#7268 = ORIENTED_EDGE('',*,*,#7269,.T.);
#7269 = EDGE_CURVE('',#7262,#7177,#7270,.T.);
#7270 = LINE('',#7271,#7272);
#7271 = CARTESIAN_POINT('',(908.05,6.4262E+03,2.58081954262E+03));
#7272 = VECTOR('',#7273,1.);
#7273 = DIRECTION('',(-1.,4.42044604925E-16,-1.1E-16));
#7274 = ORIENTED_EDGE('',*,*,#7184,.T.);
#7275 = ORIENTED_EDGE('',*,*,#7237,.T.);
#7276 = PLANE('',#7277);
#7277 = AXIS2_PLACEMENT_3D('',#7278,#7279,#7280);
#7278 = CARTESIAN_POINT('',(2.21615E+03,6.571384461274E+03,
    2.511698458146E+03));
#7279 = DIRECTION('',(9.544825258501E-17,0.429860714775,0.90289521313));
#7280 = DIRECTION('',(-2.004830108882E-16,-0.90289521313,0.429860714775)
  );
#7281 = ADVANCED_FACE('',(#7282),#7300,.T.);
#7282 = FACE_BOUND('',#7283,.T.);
#7283 = EDGE_LOOP('',(#7284,#7292,#7293,#7294));
#7284 = ORIENTED_EDGE('',*,*,#7285,.T.);
#7285 = EDGE_CURVE('',#7286,#7169,#7288,.T.);
#7286 = VERTEX_POINT('',#7287);
#7287 = CARTESIAN_POINT('',(2.25425E+03,6.4262E+03,2.5019E+03));
#7288 = LINE('',#7289,#7290);
#7289 = CARTESIAN_POINT('',(-400.05,6.4262E+03,2.5019E+03));
#7290 = VECTOR('',#7291,1.);
#7291 = DIRECTION('',(-1.,4.42044604925E-16,0.));
#7292 = ORIENTED_EDGE('',*,*,#7176,.T.);
#7293 = ORIENTED_EDGE('',*,*,#7269,.F.);
#7294 = ORIENTED_EDGE('',*,*,#7295,.F.);
#7295 = EDGE_CURVE('',#7286,#7262,#7296,.T.);
#7296 = LINE('',#7297,#7298);
#7297 = CARTESIAN_POINT('',(2.25425E+03,6.4262E+03,2.164331998436E+03));
#7298 = VECTOR('',#7299,1.);
#7299 = DIRECTION('',(0.,0.,1.));
#7300 = PLANE('',#7301);
#7301 = AXIS2_PLACEMENT_3D('',#7302,#7303,#7304);
#7302 = CARTESIAN_POINT('',(-400.05,6.4262E+03,1.9431E+03));
#7303 = DIRECTION('',(2.22044604925E-16,1.,0.));
#7304 = DIRECTION('',(0.,0.,1.));
#7305 = ADVANCED_FACE('',(#7306),#7318,.T.);
#7306 = FACE_BOUND('',#7307,.T.);
#7307 = EDGE_LOOP('',(#7308,#7309,#7315,#7316,#7317));
#7308 = ORIENTED_EDGE('',*,*,#7206,.F.);
#7309 = ORIENTED_EDGE('',*,*,#7310,.F.);
#7310 = EDGE_CURVE('',#7286,#7207,#7311,.T.);
#7311 = LINE('',#7312,#7313);
#7312 = CARTESIAN_POINT('',(2.25425E+03,6.61799145971E+03,2.5019E+03));
#7313 = VECTOR('',#7314,1.);
#7314 = DIRECTION('',(-2.22044604925E-16,-1.,0.));
#7315 = ORIENTED_EDGE('',*,*,#7295,.T.);
#7316 = ORIENTED_EDGE('',*,*,#7261,.T.);
#7317 = ORIENTED_EDGE('',*,*,#7247,.T.);
#7318 = PLANE('',#7319);
#7319 = AXIS2_PLACEMENT_3D('',#7320,#7321,#7322);
#7320 = CARTESIAN_POINT('',(2.25425E+03,6.51133291942E+03,
    2.385563996872E+03));
#7321 = DIRECTION('',(1.,-2.22044604925E-16,0.));
#7322 = DIRECTION('',(9.544825258501E-17,0.429860714775,0.90289521313));
#7323 = ADVANCED_FACE('',(#7324),#7330,.T.);
#7324 = FACE_BOUND('',#7325,.T.);
#7325 = EDGE_LOOP('',(#7326,#7327,#7328,#7329));
#7326 = ORIENTED_EDGE('',*,*,#7285,.F.);
#7327 = ORIENTED_EDGE('',*,*,#7310,.T.);
#7328 = ORIENTED_EDGE('',*,*,#7216,.F.);
#7329 = ORIENTED_EDGE('',*,*,#7168,.F.);
#7330 = PLANE('',#7331);
#7331 = AXIS2_PLACEMENT_3D('',#7332,#7333,#7334);
#7332 = CARTESIAN_POINT('',(2.2352E+03,6.346588255551E+03,2.5019E+03));
#7333 = DIRECTION('',(0.,0.,-1.));
#7334 = DIRECTION('',(2.22044604925E-16,1.,0.));
#7335 = MANIFOLD_SOLID_BREP('',#7336);
#7336 = CLOSED_SHELL('',(#7337,#7385,#7416,#7440,#7464,#7488,#7506));
#7337 = ADVANCED_FACE('',(#7338),#7380,.F.);
#7338 = FACE_BOUND('',#7339,.F.);
#7339 = EDGE_LOOP('',(#7340,#7350,#7358,#7366,#7374));
#7340 = ORIENTED_EDGE('',*,*,#7341,.F.);
#7341 = EDGE_CURVE('',#7342,#7344,#7346,.T.);
#7342 = VERTEX_POINT('',#7343);
#7343 = CARTESIAN_POINT('',(2.82575E+03,6.266976511103E+03,2.5019E+03));
#7344 = VERTEX_POINT('',#7345);
#7345 = CARTESIAN_POINT('',(2.82575E+03,3.691617857143E+03,
    3.728006303029E+03));
#7346 = LINE('',#7347,#7348);
#7347 = CARTESIAN_POINT('',(2.82575E+03,6.51133291942E+03,
    2.385563996872E+03));
#7348 = VECTOR('',#7349,1.);
#7349 = DIRECTION('',(-2.004830108882E-16,-0.90289521313,0.429860714775)
  );
#7350 = ORIENTED_EDGE('',*,*,#7351,.F.);
#7351 = EDGE_CURVE('',#7352,#7342,#7354,.T.);
#7352 = VERTEX_POINT('',#7353);
#7353 = CARTESIAN_POINT('',(2.82575E+03,6.4262E+03,2.5019E+03));
#7354 = LINE('',#7355,#7356);
#7355 = CARTESIAN_POINT('',(2.82575E+03,6.41796645971E+03,2.5019E+03));
#7356 = VECTOR('',#7357,1.);
#7357 = DIRECTION('',(-2.22044604925E-16,-1.,0.));
#7358 = ORIENTED_EDGE('',*,*,#7359,.T.);
#7359 = EDGE_CURVE('',#7352,#7360,#7362,.T.);
#7360 = VERTEX_POINT('',#7361);
#7361 = CARTESIAN_POINT('',(2.82575E+03,6.4262E+03,2.58081954262E+03));
#7362 = LINE('',#7363,#7364);
#7363 = CARTESIAN_POINT('',(2.82575E+03,6.4262E+03,2.164331998436E+03));
#7364 = VECTOR('',#7365,1.);
#7365 = DIRECTION('',(0.,0.,1.));
#7366 = ORIENTED_EDGE('',*,*,#7367,.T.);
#7367 = EDGE_CURVE('',#7360,#7368,#7370,.T.);
#7368 = VERTEX_POINT('',#7369);
#7369 = CARTESIAN_POINT('',(2.82575E+03,3.691617857143E+03,
    3.882730791506E+03));
#7370 = LINE('',#7371,#7372);
#7371 = CARTESIAN_POINT('',(2.82575E+03,6.571384461274E+03,
    2.511698458146E+03));
#7372 = VECTOR('',#7373,1.);
#7373 = DIRECTION('',(-2.004830108882E-16,-0.90289521313,0.429860714775)
  );
#7374 = ORIENTED_EDGE('',*,*,#7375,.T.);
#7375 = EDGE_CURVE('',#7368,#7344,#7376,.T.);
#7376 = LINE('',#7377,#7378);
#7377 = CARTESIAN_POINT('',(2.82575E+03,3.691617857143E+03,
    2.408306998436E+03));
#7378 = VECTOR('',#7379,1.);
#7379 = DIRECTION('',(0.,-0.,-1.));
#7380 = PLANE('',#7381);
#7381 = AXIS2_PLACEMENT_3D('',#7382,#7383,#7384);
#7382 = CARTESIAN_POINT('',(2.82575E+03,6.51133291942E+03,
    2.385563996872E+03));
#7383 = DIRECTION('',(1.,-2.22044604925E-16,0.));
#7384 = DIRECTION('',(9.544825258501E-17,0.429860714775,0.90289521313));
#7385 = ADVANCED_FACE('',(#7386),#7411,.F.);
#7386 = FACE_BOUND('',#7387,.F.);
#7387 = EDGE_LOOP('',(#7388,#7398,#7404,#7405));
#7388 = ORIENTED_EDGE('',*,*,#7389,.F.);
#7389 = EDGE_CURVE('',#7390,#7392,#7394,.T.);
#7390 = VERTEX_POINT('',#7391);
#7391 = CARTESIAN_POINT('',(2.86385E+03,6.266976511103E+03,2.5019E+03));
#7392 = VERTEX_POINT('',#7393);
#7393 = CARTESIAN_POINT('',(2.86385E+03,3.691617857143E+03,
    3.728006303029E+03));
#7394 = LINE('',#7395,#7396);
#7395 = CARTESIAN_POINT('',(2.86385E+03,6.51133291942E+03,
    2.385563996872E+03));
#7396 = VECTOR('',#7397,1.);
#7397 = DIRECTION('',(-2.004830108882E-16,-0.90289521313,0.429860714775)
  );
#7398 = ORIENTED_EDGE('',*,*,#7399,.F.);
#7399 = EDGE_CURVE('',#7342,#7390,#7400,.T.);
#7400 = LINE('',#7401,#7402);
#7401 = CARTESIAN_POINT('',(2.68605E+03,6.266976511103E+03,2.5019E+03));
#7402 = VECTOR('',#7403,1.);
#7403 = DIRECTION('',(1.,-2.22044604925E-16,0.));
#7404 = ORIENTED_EDGE('',*,*,#7341,.T.);
#7405 = ORIENTED_EDGE('',*,*,#7406,.T.);
#7406 = EDGE_CURVE('',#7344,#7392,#7407,.T.);
#7407 = LINE('',#7408,#7409);
#7408 = CARTESIAN_POINT('',(2.82525E+03,3.691617857143E+03,
    3.728006303029E+03));
#7409 = VECTOR('',#7410,1.);
#7410 = DIRECTION('',(1.,-2.22044604925E-16,0.));
#7411 = PLANE('',#7412);
#7412 = AXIS2_PLACEMENT_3D('',#7413,#7414,#7415);
#7413 = CARTESIAN_POINT('',(2.82575E+03,6.51133291942E+03,
    2.385563996872E+03));
#7414 = DIRECTION('',(9.544825258501E-17,0.429860714775,0.90289521313));
#7415 = DIRECTION('',(-2.004830108882E-16,-0.90289521313,0.429860714775)
  );
#7416 = ADVANCED_FACE('',(#7417),#7435,.T.);
#7417 = FACE_BOUND('',#7418,.T.);
#7418 = EDGE_LOOP('',(#7419,#7427,#7428,#7429));
#7419 = ORIENTED_EDGE('',*,*,#7420,.F.);
#7420 = EDGE_CURVE('',#7368,#7421,#7423,.T.);
#7421 = VERTEX_POINT('',#7422);
#7422 = CARTESIAN_POINT('',(2.86385E+03,3.691617857143E+03,
    3.882730791506E+03));
#7423 = LINE('',#7424,#7425);
#7424 = CARTESIAN_POINT('',(2.82525E+03,3.691617857143E+03,
    3.882730791506E+03));
#7425 = VECTOR('',#7426,1.);
#7426 = DIRECTION('',(1.,-2.22044604925E-16,0.));
#7427 = ORIENTED_EDGE('',*,*,#7375,.T.);
#7428 = ORIENTED_EDGE('',*,*,#7406,.T.);
#7429 = ORIENTED_EDGE('',*,*,#7430,.F.);
#7430 = EDGE_CURVE('',#7421,#7392,#7431,.T.);
#7431 = LINE('',#7432,#7433);
#7432 = CARTESIAN_POINT('',(2.86385E+03,3.691617857143E+03,
    2.408306998436E+03));
#7433 = VECTOR('',#7434,1.);
#7434 = DIRECTION('',(0.,-0.,-1.));
#7435 = PLANE('',#7436);
#7436 = AXIS2_PLACEMENT_3D('',#7437,#7438,#7439);
#7437 = CARTESIAN_POINT('',(2.82475E+03,3.691617857143E+03,2.43105E+03)
  );
#7438 = DIRECTION('',(-2.22044604925E-16,-1.,0.));
#7439 = DIRECTION('',(0.,0.,1.));
#7440 = ADVANCED_FACE('',(#7441),#7459,.T.);
#7441 = FACE_BOUND('',#7442,.T.);
#7442 = EDGE_LOOP('',(#7443,#7451,#7457,#7458));
#7443 = ORIENTED_EDGE('',*,*,#7444,.F.);
#7444 = EDGE_CURVE('',#7445,#7421,#7447,.T.);
#7445 = VERTEX_POINT('',#7446);
#7446 = CARTESIAN_POINT('',(2.86385E+03,6.4262E+03,2.58081954262E+03));
#7447 = LINE('',#7448,#7449);
#7448 = CARTESIAN_POINT('',(2.86385E+03,6.571384461274E+03,
    2.511698458146E+03));
#7449 = VECTOR('',#7450,1.);
#7450 = DIRECTION('',(-2.004830108882E-16,-0.90289521313,0.429860714775)
  );
#7451 = ORIENTED_EDGE('',*,*,#7452,.T.);
#7452 = EDGE_CURVE('',#7445,#7360,#7453,.T.);
#7453 = LINE('',#7454,#7455);
#7454 = CARTESIAN_POINT('',(1.21285E+03,6.4262E+03,2.58081954262E+03));
#7455 = VECTOR('',#7456,1.);
#7456 = DIRECTION('',(-1.,4.42044604925E-16,-1.1E-16));
#7457 = ORIENTED_EDGE('',*,*,#7367,.T.);
#7458 = ORIENTED_EDGE('',*,*,#7420,.T.);
#7459 = PLANE('',#7460);
#7460 = AXIS2_PLACEMENT_3D('',#7461,#7462,#7463);
#7461 = CARTESIAN_POINT('',(2.82575E+03,6.571384461274E+03,
    2.511698458146E+03));
#7462 = DIRECTION('',(9.544825258501E-17,0.429860714775,0.90289521313));
#7463 = DIRECTION('',(-2.004830108882E-16,-0.90289521313,0.429860714775)
  );
#7464 = ADVANCED_FACE('',(#7465),#7483,.T.);
#7465 = FACE_BOUND('',#7466,.T.);
#7466 = EDGE_LOOP('',(#7467,#7475,#7476,#7477));
#7467 = ORIENTED_EDGE('',*,*,#7468,.T.);
#7468 = EDGE_CURVE('',#7469,#7352,#7471,.T.);
#7469 = VERTEX_POINT('',#7470);
#7470 = CARTESIAN_POINT('',(2.86385E+03,6.4262E+03,2.5019E+03));
#7471 = LINE('',#7472,#7473);
#7472 = CARTESIAN_POINT('',(-400.05,6.4262E+03,2.5019E+03));
#7473 = VECTOR('',#7474,1.);
#7474 = DIRECTION('',(-1.,4.42044604925E-16,0.));
#7475 = ORIENTED_EDGE('',*,*,#7359,.T.);
#7476 = ORIENTED_EDGE('',*,*,#7452,.F.);
#7477 = ORIENTED_EDGE('',*,*,#7478,.F.);
#7478 = EDGE_CURVE('',#7469,#7445,#7479,.T.);
#7479 = LINE('',#7480,#7481);
#7480 = CARTESIAN_POINT('',(2.86385E+03,6.4262E+03,2.164331998436E+03));
#7481 = VECTOR('',#7482,1.);
#7482 = DIRECTION('',(0.,0.,1.));
#7483 = PLANE('',#7484);
#7484 = AXIS2_PLACEMENT_3D('',#7485,#7486,#7487);
#7485 = CARTESIAN_POINT('',(-400.05,6.4262E+03,1.9431E+03));
#7486 = DIRECTION('',(2.22044604925E-16,1.,0.));
#7487 = DIRECTION('',(0.,0.,1.));
#7488 = ADVANCED_FACE('',(#7489),#7501,.T.);
#7489 = FACE_BOUND('',#7490,.T.);
#7490 = EDGE_LOOP('',(#7491,#7492,#7498,#7499,#7500));
#7491 = ORIENTED_EDGE('',*,*,#7389,.F.);
#7492 = ORIENTED_EDGE('',*,*,#7493,.F.);
#7493 = EDGE_CURVE('',#7469,#7390,#7494,.T.);
#7494 = LINE('',#7495,#7496);
#7495 = CARTESIAN_POINT('',(2.86385E+03,6.61799145971E+03,2.5019E+03));
#7496 = VECTOR('',#7497,1.);
#7497 = DIRECTION('',(-2.22044604925E-16,-1.,0.));
#7498 = ORIENTED_EDGE('',*,*,#7478,.T.);
#7499 = ORIENTED_EDGE('',*,*,#7444,.T.);
#7500 = ORIENTED_EDGE('',*,*,#7430,.T.);
#7501 = PLANE('',#7502);
#7502 = AXIS2_PLACEMENT_3D('',#7503,#7504,#7505);
#7503 = CARTESIAN_POINT('',(2.86385E+03,6.51133291942E+03,
    2.385563996872E+03));
#7504 = DIRECTION('',(1.,-2.22044604925E-16,0.));
#7505 = DIRECTION('',(9.544825258501E-17,0.429860714775,0.90289521313));
#7506 = ADVANCED_FACE('',(#7507),#7513,.T.);
#7507 = FACE_BOUND('',#7508,.T.);
#7508 = EDGE_LOOP('',(#7509,#7510,#7511,#7512));
#7509 = ORIENTED_EDGE('',*,*,#7468,.F.);
#7510 = ORIENTED_EDGE('',*,*,#7493,.T.);
#7511 = ORIENTED_EDGE('',*,*,#7399,.F.);
#7512 = ORIENTED_EDGE('',*,*,#7351,.F.);
#7513 = PLANE('',#7514);
#7514 = AXIS2_PLACEMENT_3D('',#7515,#7516,#7517);
#7515 = CARTESIAN_POINT('',(2.8448E+03,6.346588255551E+03,2.5019E+03));
#7516 = DIRECTION('',(0.,0.,-1.));
#7517 = DIRECTION('',(2.22044604925E-16,1.,0.));
#7518 = MANIFOLD_SOLID_BREP('',#7519);
#7519 = CLOSED_SHELL('',(#7520,#7568,#7599,#7623,#7647,#7671,#7689));
#7520 = ADVANCED_FACE('',(#7521),#7563,.F.);
#7521 = FACE_BOUND('',#7522,.F.);
#7522 = EDGE_LOOP('',(#7523,#7533,#7541,#7549,#7557));
#7523 = ORIENTED_EDGE('',*,*,#7524,.F.);
#7524 = EDGE_CURVE('',#7525,#7527,#7529,.T.);
#7525 = VERTEX_POINT('',#7526);
#7526 = CARTESIAN_POINT('',(5.91185E+03,6.266976511103E+03,2.5019E+03));
#7527 = VERTEX_POINT('',#7528);
#7528 = CARTESIAN_POINT('',(5.91185E+03,5.955846428571E+03,
    2.650026380249E+03));
#7529 = LINE('',#7530,#7531);
#7530 = CARTESIAN_POINT('',(5.91185E+03,6.51133291942E+03,
    2.385563996872E+03));
#7531 = VECTOR('',#7532,1.);
#7532 = DIRECTION('',(-2.004830108882E-16,-0.90289521313,0.429860714775)
  );
#7533 = ORIENTED_EDGE('',*,*,#7534,.F.);
#7534 = EDGE_CURVE('',#7535,#7525,#7537,.T.);
#7535 = VERTEX_POINT('',#7536);
#7536 = CARTESIAN_POINT('',(5.91185E+03,6.4262E+03,2.5019E+03));
#7537 = LINE('',#7538,#7539);
#7538 = CARTESIAN_POINT('',(5.91185E+03,6.41796645971E+03,2.5019E+03));
#7539 = VECTOR('',#7540,1.);
#7540 = DIRECTION('',(-2.22044604925E-16,-1.,0.));
#7541 = ORIENTED_EDGE('',*,*,#7542,.T.);
#7542 = EDGE_CURVE('',#7535,#7543,#7545,.T.);
#7543 = VERTEX_POINT('',#7544);
#7544 = CARTESIAN_POINT('',(5.91185E+03,6.4262E+03,2.58081954262E+03));
#7545 = LINE('',#7546,#7547);
#7546 = CARTESIAN_POINT('',(5.91185E+03,6.4262E+03,2.164331998436E+03));
#7547 = VECTOR('',#7548,1.);
#7548 = DIRECTION('',(0.,0.,1.));
#7549 = ORIENTED_EDGE('',*,*,#7550,.T.);
#7550 = EDGE_CURVE('',#7543,#7551,#7553,.T.);
#7551 = VERTEX_POINT('',#7552);
#7552 = CARTESIAN_POINT('',(5.91185E+03,5.955846428571E+03,
    2.804750868726E+03));
#7553 = LINE('',#7554,#7555);
#7554 = CARTESIAN_POINT('',(5.91185E+03,6.571384461274E+03,
    2.511698458146E+03));
#7555 = VECTOR('',#7556,1.);
#7556 = DIRECTION('',(-2.004830108882E-16,-0.90289521313,0.429860714775)
  );
#7557 = ORIENTED_EDGE('',*,*,#7558,.T.);
#7558 = EDGE_CURVE('',#7551,#7527,#7559,.T.);
#7559 = LINE('',#7560,#7561);
#7560 = CARTESIAN_POINT('',(5.91185E+03,5.955846428571E+03,
    2.408306998436E+03));
#7561 = VECTOR('',#7562,1.);
#7562 = DIRECTION('',(0.,-0.,-1.));
#7563 = PLANE('',#7564);
#7564 = AXIS2_PLACEMENT_3D('',#7565,#7566,#7567);
#7565 = CARTESIAN_POINT('',(5.91185E+03,6.51133291942E+03,
    2.385563996872E+03));
#7566 = DIRECTION('',(1.,-2.22044604925E-16,0.));
#7567 = DIRECTION('',(9.544825258501E-17,0.429860714775,0.90289521313));
#7568 = ADVANCED_FACE('',(#7569),#7594,.F.);
#7569 = FACE_BOUND('',#7570,.F.);
#7570 = EDGE_LOOP('',(#7571,#7581,#7587,#7588));
#7571 = ORIENTED_EDGE('',*,*,#7572,.F.);
#7572 = EDGE_CURVE('',#7573,#7575,#7577,.T.);
#7573 = VERTEX_POINT('',#7574);
#7574 = CARTESIAN_POINT('',(5.94995E+03,6.266976511103E+03,2.5019E+03));
#7575 = VERTEX_POINT('',#7576);
#7576 = CARTESIAN_POINT('',(5.94995E+03,5.955846428571E+03,
    2.650026380249E+03));
#7577 = LINE('',#7578,#7579);
#7578 = CARTESIAN_POINT('',(5.94995E+03,6.51133291942E+03,
    2.385563996872E+03));
#7579 = VECTOR('',#7580,1.);
#7580 = DIRECTION('',(-2.004830108882E-16,-0.90289521313,0.429860714775)
  );
#7581 = ORIENTED_EDGE('',*,*,#7582,.F.);
#7582 = EDGE_CURVE('',#7525,#7573,#7583,.T.);
#7583 = LINE('',#7584,#7585);
#7584 = CARTESIAN_POINT('',(5.77215E+03,6.266976511103E+03,2.5019E+03));
#7585 = VECTOR('',#7586,1.);
#7586 = DIRECTION('',(1.,-2.22044604925E-16,0.));
#7587 = ORIENTED_EDGE('',*,*,#7524,.T.);
#7588 = ORIENTED_EDGE('',*,*,#7589,.T.);
#7589 = EDGE_CURVE('',#7527,#7575,#7590,.T.);
#7590 = LINE('',#7591,#7592);
#7591 = CARTESIAN_POINT('',(5.91135E+03,5.955846428571E+03,
    2.650026380249E+03));
#7592 = VECTOR('',#7593,1.);
#7593 = DIRECTION('',(1.,-2.22044604925E-16,0.));
#7594 = PLANE('',#7595);
#7595 = AXIS2_PLACEMENT_3D('',#7596,#7597,#7598);
#7596 = CARTESIAN_POINT('',(5.91185E+03,6.51133291942E+03,
    2.385563996872E+03));
#7597 = DIRECTION('',(9.544825258501E-17,0.429860714775,0.90289521313));
#7598 = DIRECTION('',(-2.004830108882E-16,-0.90289521313,0.429860714775)
  );
#7599 = ADVANCED_FACE('',(#7600),#7618,.T.);
#7600 = FACE_BOUND('',#7601,.T.);
#7601 = EDGE_LOOP('',(#7602,#7610,#7611,#7612));
#7602 = ORIENTED_EDGE('',*,*,#7603,.F.);
#7603 = EDGE_CURVE('',#7551,#7604,#7606,.T.);
#7604 = VERTEX_POINT('',#7605);
#7605 = CARTESIAN_POINT('',(5.94995E+03,5.955846428571E+03,
    2.804750868726E+03));
#7606 = LINE('',#7607,#7608);
#7607 = CARTESIAN_POINT('',(5.91135E+03,5.955846428571E+03,
    2.804750868726E+03));
#7608 = VECTOR('',#7609,1.);
#7609 = DIRECTION('',(1.,-2.22044604925E-16,0.));
#7610 = ORIENTED_EDGE('',*,*,#7558,.T.);
#7611 = ORIENTED_EDGE('',*,*,#7589,.T.);
#7612 = ORIENTED_EDGE('',*,*,#7613,.F.);
#7613 = EDGE_CURVE('',#7604,#7575,#7614,.T.);
#7614 = LINE('',#7615,#7616);
#7615 = CARTESIAN_POINT('',(5.94995E+03,5.955846428571E+03,
    2.408306998436E+03));
#7616 = VECTOR('',#7617,1.);
#7617 = DIRECTION('',(0.,-0.,-1.));
#7618 = PLANE('',#7619);
#7619 = AXIS2_PLACEMENT_3D('',#7620,#7621,#7622);
#7620 = CARTESIAN_POINT('',(5.91085E+03,5.955846428571E+03,2.43105E+03)
  );
#7621 = DIRECTION('',(-2.22044604925E-16,-1.,0.));
#7622 = DIRECTION('',(0.,0.,1.));
#7623 = ADVANCED_FACE('',(#7624),#7642,.T.);
#7624 = FACE_BOUND('',#7625,.T.);
#7625 = EDGE_LOOP('',(#7626,#7634,#7640,#7641));
#7626 = ORIENTED_EDGE('',*,*,#7627,.F.);
#7627 = EDGE_CURVE('',#7628,#7604,#7630,.T.);
#7628 = VERTEX_POINT('',#7629);
#7629 = CARTESIAN_POINT('',(5.94995E+03,6.4262E+03,2.58081954262E+03));
#7630 = LINE('',#7631,#7632);
#7631 = CARTESIAN_POINT('',(5.94995E+03,6.571384461274E+03,
    2.511698458146E+03));
#7632 = VECTOR('',#7633,1.);
#7633 = DIRECTION('',(-2.004830108882E-16,-0.90289521313,0.429860714775)
  );
#7634 = ORIENTED_EDGE('',*,*,#7635,.T.);
#7635 = EDGE_CURVE('',#7628,#7543,#7636,.T.);
#7636 = LINE('',#7637,#7638);
#7637 = CARTESIAN_POINT('',(2.7559E+03,6.4262E+03,2.58081954262E+03));
#7638 = VECTOR('',#7639,1.);
#7639 = DIRECTION('',(-1.,4.42044604925E-16,-1.1E-16));
#7640 = ORIENTED_EDGE('',*,*,#7550,.T.);
#7641 = ORIENTED_EDGE('',*,*,#7603,.T.);
#7642 = PLANE('',#7643);
#7643 = AXIS2_PLACEMENT_3D('',#7644,#7645,#7646);
#7644 = CARTESIAN_POINT('',(5.91185E+03,6.571384461274E+03,
    2.511698458146E+03));
#7645 = DIRECTION('',(9.544825258501E-17,0.429860714775,0.90289521313));
#7646 = DIRECTION('',(-2.004830108882E-16,-0.90289521313,0.429860714775)
  );
#7647 = ADVANCED_FACE('',(#7648),#7666,.T.);
#7648 = FACE_BOUND('',#7649,.T.);
#7649 = EDGE_LOOP('',(#7650,#7658,#7659,#7660));
#7650 = ORIENTED_EDGE('',*,*,#7651,.T.);
#7651 = EDGE_CURVE('',#7652,#7535,#7654,.T.);
#7652 = VERTEX_POINT('',#7653);
#7653 = CARTESIAN_POINT('',(5.94995E+03,6.4262E+03,2.5019E+03));
#7654 = LINE('',#7655,#7656);
#7655 = CARTESIAN_POINT('',(-400.05,6.4262E+03,2.5019E+03));
#7656 = VECTOR('',#7657,1.);
#7657 = DIRECTION('',(-1.,4.42044604925E-16,0.));
#7658 = ORIENTED_EDGE('',*,*,#7542,.T.);
#7659 = ORIENTED_EDGE('',*,*,#7635,.F.);
#7660 = ORIENTED_EDGE('',*,*,#7661,.F.);
#7661 = EDGE_CURVE('',#7652,#7628,#7662,.T.);
#7662 = LINE('',#7663,#7664);
#7663 = CARTESIAN_POINT('',(5.94995E+03,6.4262E+03,2.164331998436E+03));
#7664 = VECTOR('',#7665,1.);
#7665 = DIRECTION('',(0.,0.,1.));
#7666 = PLANE('',#7667);
#7667 = AXIS2_PLACEMENT_3D('',#7668,#7669,#7670);
#7668 = CARTESIAN_POINT('',(-400.05,6.4262E+03,1.9431E+03));
#7669 = DIRECTION('',(2.22044604925E-16,1.,0.));
#7670 = DIRECTION('',(0.,0.,1.));
#7671 = ADVANCED_FACE('',(#7672),#7684,.T.);
#7672 = FACE_BOUND('',#7673,.T.);
#7673 = EDGE_LOOP('',(#7674,#7675,#7681,#7682,#7683));
#7674 = ORIENTED_EDGE('',*,*,#7572,.F.);
#7675 = ORIENTED_EDGE('',*,*,#7676,.F.);
#7676 = EDGE_CURVE('',#7652,#7573,#7677,.T.);
#7677 = LINE('',#7678,#7679);
#7678 = CARTESIAN_POINT('',(5.94995E+03,6.61799145971E+03,2.5019E+03));
#7679 = VECTOR('',#7680,1.);
#7680 = DIRECTION('',(-2.22044604925E-16,-1.,0.));
#7681 = ORIENTED_EDGE('',*,*,#7661,.T.);
#7682 = ORIENTED_EDGE('',*,*,#7627,.T.);
#7683 = ORIENTED_EDGE('',*,*,#7613,.T.);
#7684 = PLANE('',#7685);
#7685 = AXIS2_PLACEMENT_3D('',#7686,#7687,#7688);
#7686 = CARTESIAN_POINT('',(5.94995E+03,6.51133291942E+03,
    2.385563996872E+03));
#7687 = DIRECTION('',(1.,-2.22044604925E-16,0.));
#7688 = DIRECTION('',(9.544825258501E-17,0.429860714775,0.90289521313));
#7689 = ADVANCED_FACE('',(#7690),#7696,.T.);
#7690 = FACE_BOUND('',#7691,.T.);
#7691 = EDGE_LOOP('',(#7692,#7693,#7694,#7695));
#7692 = ORIENTED_EDGE('',*,*,#7651,.F.);
#7693 = ORIENTED_EDGE('',*,*,#7676,.T.);
#7694 = ORIENTED_EDGE('',*,*,#7582,.F.);
#7695 = ORIENTED_EDGE('',*,*,#7534,.F.);
#7696 = PLANE('',#7697);
#7697 = AXIS2_PLACEMENT_3D('',#7698,#7699,#7700);
#7698 = CARTESIAN_POINT('',(5.9309E+03,6.346588255551E+03,2.5019E+03));
#7699 = DIRECTION('',(0.,0.,-1.));
#7700 = DIRECTION('',(2.22044604925E-16,1.,0.));
#7701 = MANIFOLD_SOLID_BREP('',#7702);
#7702 = CLOSED_SHELL('',(#7703,#7751,#7782,#7806,#7830,#7854,#7872));
#7703 = ADVANCED_FACE('',(#7704),#7746,.F.);
#7704 = FACE_BOUND('',#7705,.F.);
#7705 = EDGE_LOOP('',(#7706,#7716,#7724,#7732,#7740));
#7706 = ORIENTED_EDGE('',*,*,#7707,.F.);
#7707 = EDGE_CURVE('',#7708,#7710,#7712,.T.);
#7708 = VERTEX_POINT('',#7709);
#7709 = CARTESIAN_POINT('',(5.30225E+03,6.266976511103E+03,2.5019E+03));
#7710 = VERTEX_POINT('',#7711);
#7711 = CARTESIAN_POINT('',(5.30225E+03,5.389789285714E+03,
    2.919521360944E+03));
#7712 = LINE('',#7713,#7714);
#7713 = CARTESIAN_POINT('',(5.30225E+03,6.51133291942E+03,
    2.385563996872E+03));
#7714 = VECTOR('',#7715,1.);
#7715 = DIRECTION('',(-2.004830108882E-16,-0.90289521313,0.429860714775)
  );
#7716 = ORIENTED_EDGE('',*,*,#7717,.F.);
#7717 = EDGE_CURVE('',#7718,#7708,#7720,.T.);
#7718 = VERTEX_POINT('',#7719);
#7719 = CARTESIAN_POINT('',(5.30225E+03,6.4262E+03,2.5019E+03));
#7720 = LINE('',#7721,#7722);
#7721 = CARTESIAN_POINT('',(5.30225E+03,6.41796645971E+03,2.5019E+03));
#7722 = VECTOR('',#7723,1.);
#7723 = DIRECTION('',(-2.22044604925E-16,-1.,0.));
#7724 = ORIENTED_EDGE('',*,*,#7725,.T.);
#7725 = EDGE_CURVE('',#7718,#7726,#7728,.T.);
#7726 = VERTEX_POINT('',#7727);
#7727 = CARTESIAN_POINT('',(5.30225E+03,6.4262E+03,2.58081954262E+03));
#7728 = LINE('',#7729,#7730);
#7729 = CARTESIAN_POINT('',(5.30225E+03,6.4262E+03,2.164331998436E+03));
#7730 = VECTOR('',#7731,1.);
#7731 = DIRECTION('',(0.,0.,1.));
#7732 = ORIENTED_EDGE('',*,*,#7733,.T.);
#7733 = EDGE_CURVE('',#7726,#7734,#7736,.T.);
#7734 = VERTEX_POINT('',#7735);
#7735 = CARTESIAN_POINT('',(5.30225E+03,5.389789285714E+03,
    3.074245849421E+03));
#7736 = LINE('',#7737,#7738);
#7737 = CARTESIAN_POINT('',(5.30225E+03,6.571384461274E+03,
    2.511698458146E+03));
#7738 = VECTOR('',#7739,1.);
#7739 = DIRECTION('',(-2.004830108882E-16,-0.90289521313,0.429860714775)
  );
#7740 = ORIENTED_EDGE('',*,*,#7741,.T.);
#7741 = EDGE_CURVE('',#7734,#7710,#7742,.T.);
#7742 = LINE('',#7743,#7744);
#7743 = CARTESIAN_POINT('',(5.30225E+03,5.389789285714E+03,
    2.408306998436E+03));
#7744 = VECTOR('',#7745,1.);
#7745 = DIRECTION('',(0.,-0.,-1.));
#7746 = PLANE('',#7747);
#7747 = AXIS2_PLACEMENT_3D('',#7748,#7749,#7750);
#7748 = CARTESIAN_POINT('',(5.30225E+03,6.51133291942E+03,
    2.385563996872E+03));
#7749 = DIRECTION('',(1.,-2.22044604925E-16,0.));
#7750 = DIRECTION('',(9.544825258501E-17,0.429860714775,0.90289521313));
#7751 = ADVANCED_FACE('',(#7752),#7777,.F.);
#7752 = FACE_BOUND('',#7753,.F.);
#7753 = EDGE_LOOP('',(#7754,#7764,#7770,#7771));
#7754 = ORIENTED_EDGE('',*,*,#7755,.F.);
#7755 = EDGE_CURVE('',#7756,#7758,#7760,.T.);
#7756 = VERTEX_POINT('',#7757);
#7757 = CARTESIAN_POINT('',(5.34035E+03,6.266976511103E+03,2.5019E+03));
#7758 = VERTEX_POINT('',#7759);
#7759 = CARTESIAN_POINT('',(5.34035E+03,5.389789285714E+03,
    2.919521360944E+03));
#7760 = LINE('',#7761,#7762);
#7761 = CARTESIAN_POINT('',(5.34035E+03,6.51133291942E+03,
    2.385563996872E+03));
#7762 = VECTOR('',#7763,1.);
#7763 = DIRECTION('',(-2.004830108882E-16,-0.90289521313,0.429860714775)
  );
#7764 = ORIENTED_EDGE('',*,*,#7765,.F.);
#7765 = EDGE_CURVE('',#7708,#7756,#7766,.T.);
#7766 = LINE('',#7767,#7768);
#7767 = CARTESIAN_POINT('',(5.16255E+03,6.266976511103E+03,2.5019E+03));
#7768 = VECTOR('',#7769,1.);
#7769 = DIRECTION('',(1.,-2.22044604925E-16,0.));
#7770 = ORIENTED_EDGE('',*,*,#7707,.T.);
#7771 = ORIENTED_EDGE('',*,*,#7772,.T.);
#7772 = EDGE_CURVE('',#7710,#7758,#7773,.T.);
#7773 = LINE('',#7774,#7775);
#7774 = CARTESIAN_POINT('',(5.30175E+03,5.389789285714E+03,
    2.919521360944E+03));
#7775 = VECTOR('',#7776,1.);
#7776 = DIRECTION('',(1.,-2.22044604925E-16,0.));
#7777 = PLANE('',#7778);
#7778 = AXIS2_PLACEMENT_3D('',#7779,#7780,#7781);
#7779 = CARTESIAN_POINT('',(5.30225E+03,6.51133291942E+03,
    2.385563996872E+03));
#7780 = DIRECTION('',(9.544825258501E-17,0.429860714775,0.90289521313));
#7781 = DIRECTION('',(-2.004830108882E-16,-0.90289521313,0.429860714775)
  );
#7782 = ADVANCED_FACE('',(#7783),#7801,.T.);
#7783 = FACE_BOUND('',#7784,.T.);
#7784 = EDGE_LOOP('',(#7785,#7793,#7794,#7795));
#7785 = ORIENTED_EDGE('',*,*,#7786,.F.);
#7786 = EDGE_CURVE('',#7734,#7787,#7789,.T.);
#7787 = VERTEX_POINT('',#7788);
#7788 = CARTESIAN_POINT('',(5.34035E+03,5.389789285714E+03,
    3.074245849421E+03));
#7789 = LINE('',#7790,#7791);
#7790 = CARTESIAN_POINT('',(5.30175E+03,5.389789285714E+03,
    3.074245849421E+03));
#7791 = VECTOR('',#7792,1.);
#7792 = DIRECTION('',(1.,-2.22044604925E-16,0.));
#7793 = ORIENTED_EDGE('',*,*,#7741,.T.);
#7794 = ORIENTED_EDGE('',*,*,#7772,.T.);
#7795 = ORIENTED_EDGE('',*,*,#7796,.F.);
#7796 = EDGE_CURVE('',#7787,#7758,#7797,.T.);
#7797 = LINE('',#7798,#7799);
#7798 = CARTESIAN_POINT('',(5.34035E+03,5.389789285714E+03,
    2.408306998436E+03));
#7799 = VECTOR('',#7800,1.);
#7800 = DIRECTION('',(0.,-0.,-1.));
#7801 = PLANE('',#7802);
#7802 = AXIS2_PLACEMENT_3D('',#7803,#7804,#7805);
#7803 = CARTESIAN_POINT('',(5.30125E+03,5.389789285714E+03,2.43105E+03)
  );
#7804 = DIRECTION('',(-2.22044604925E-16,-1.,0.));
#7805 = DIRECTION('',(0.,0.,1.));
#7806 = ADVANCED_FACE('',(#7807),#7825,.T.);
#7807 = FACE_BOUND('',#7808,.T.);
#7808 = EDGE_LOOP('',(#7809,#7817,#7823,#7824));
#7809 = ORIENTED_EDGE('',*,*,#7810,.F.);
#7810 = EDGE_CURVE('',#7811,#7787,#7813,.T.);
#7811 = VERTEX_POINT('',#7812);
#7812 = CARTESIAN_POINT('',(5.34035E+03,6.4262E+03,2.58081954262E+03));
#7813 = LINE('',#7814,#7815);
#7814 = CARTESIAN_POINT('',(5.34035E+03,6.571384461274E+03,
    2.511698458146E+03));
#7815 = VECTOR('',#7816,1.);
#7816 = DIRECTION('',(-2.004830108882E-16,-0.90289521313,0.429860714775)
  );
#7817 = ORIENTED_EDGE('',*,*,#7818,.T.);
#7818 = EDGE_CURVE('',#7811,#7726,#7819,.T.);
#7819 = LINE('',#7820,#7821);
#7820 = CARTESIAN_POINT('',(2.4511E+03,6.4262E+03,2.58081954262E+03));
#7821 = VECTOR('',#7822,1.);
#7822 = DIRECTION('',(-1.,4.42044604925E-16,-1.1E-16));
#7823 = ORIENTED_EDGE('',*,*,#7733,.T.);
#7824 = ORIENTED_EDGE('',*,*,#7786,.T.);
#7825 = PLANE('',#7826);
#7826 = AXIS2_PLACEMENT_3D('',#7827,#7828,#7829);
#7827 = CARTESIAN_POINT('',(5.30225E+03,6.571384461274E+03,
    2.511698458146E+03));
#7828 = DIRECTION('',(9.544825258501E-17,0.429860714775,0.90289521313));
#7829 = DIRECTION('',(-2.004830108882E-16,-0.90289521313,0.429860714775)
  );
#7830 = ADVANCED_FACE('',(#7831),#7849,.T.);
#7831 = FACE_BOUND('',#7832,.T.);
#7832 = EDGE_LOOP('',(#7833,#7841,#7842,#7843));
#7833 = ORIENTED_EDGE('',*,*,#7834,.T.);
#7834 = EDGE_CURVE('',#7835,#7718,#7837,.T.);
#7835 = VERTEX_POINT('',#7836);
#7836 = CARTESIAN_POINT('',(5.34035E+03,6.4262E+03,2.5019E+03));
#7837 = LINE('',#7838,#7839);
#7838 = CARTESIAN_POINT('',(-400.05,6.4262E+03,2.5019E+03));
#7839 = VECTOR('',#7840,1.);
#7840 = DIRECTION('',(-1.,4.42044604925E-16,0.));
#7841 = ORIENTED_EDGE('',*,*,#7725,.T.);
#7842 = ORIENTED_EDGE('',*,*,#7818,.F.);
#7843 = ORIENTED_EDGE('',*,*,#7844,.F.);
#7844 = EDGE_CURVE('',#7835,#7811,#7845,.T.);
#7845 = LINE('',#7846,#7847);
#7846 = CARTESIAN_POINT('',(5.34035E+03,6.4262E+03,2.164331998436E+03));
#7847 = VECTOR('',#7848,1.);
#7848 = DIRECTION('',(0.,0.,1.));
#7849 = PLANE('',#7850);
#7850 = AXIS2_PLACEMENT_3D('',#7851,#7852,#7853);
#7851 = CARTESIAN_POINT('',(-400.05,6.4262E+03,1.9431E+03));
#7852 = DIRECTION('',(2.22044604925E-16,1.,0.));
#7853 = DIRECTION('',(0.,0.,1.));
#7854 = ADVANCED_FACE('',(#7855),#7867,.T.);
#7855 = FACE_BOUND('',#7856,.T.);
#7856 = EDGE_LOOP('',(#7857,#7858,#7864,#7865,#7866));
#7857 = ORIENTED_EDGE('',*,*,#7755,.F.);
#7858 = ORIENTED_EDGE('',*,*,#7859,.F.);
#7859 = EDGE_CURVE('',#7835,#7756,#7860,.T.);
#7860 = LINE('',#7861,#7862);
#7861 = CARTESIAN_POINT('',(5.34035E+03,6.61799145971E+03,2.5019E+03));
#7862 = VECTOR('',#7863,1.);
#7863 = DIRECTION('',(-2.22044604925E-16,-1.,0.));
#7864 = ORIENTED_EDGE('',*,*,#7844,.T.);
#7865 = ORIENTED_EDGE('',*,*,#7810,.T.);
#7866 = ORIENTED_EDGE('',*,*,#7796,.T.);
#7867 = PLANE('',#7868);
#7868 = AXIS2_PLACEMENT_3D('',#7869,#7870,#7871);
#7869 = CARTESIAN_POINT('',(5.34035E+03,6.51133291942E+03,
    2.385563996872E+03));
#7870 = DIRECTION('',(1.,-2.22044604925E-16,0.));
#7871 = DIRECTION('',(9.544825258501E-17,0.429860714775,0.90289521313));
#7872 = ADVANCED_FACE('',(#7873),#7879,.T.);
#7873 = FACE_BOUND('',#7874,.T.);
#7874 = EDGE_LOOP('',(#7875,#7876,#7877,#7878));
#7875 = ORIENTED_EDGE('',*,*,#7834,.F.);
#7876 = ORIENTED_EDGE('',*,*,#7859,.T.);
#7877 = ORIENTED_EDGE('',*,*,#7765,.F.);
#7878 = ORIENTED_EDGE('',*,*,#7717,.F.);
#7879 = PLANE('',#7880);
#7880 = AXIS2_PLACEMENT_3D('',#7881,#7882,#7883);
#7881 = CARTESIAN_POINT('',(5.3213E+03,6.346588255551E+03,2.5019E+03));
#7882 = DIRECTION('',(0.,0.,-1.));
#7883 = DIRECTION('',(2.22044604925E-16,1.,0.));
#7884 = MANIFOLD_SOLID_BREP('',#7885);
#7885 = CLOSED_SHELL('',(#7886,#7934,#7965,#7989,#8013,#8037,#8055));
#7886 = ADVANCED_FACE('',(#7887),#7929,.F.);
#7887 = FACE_BOUND('',#7888,.F.);
#7888 = EDGE_LOOP('',(#7889,#7899,#7907,#7915,#7923));
#7889 = ORIENTED_EDGE('',*,*,#7890,.F.);
#7890 = EDGE_CURVE('',#7891,#7893,#7895,.T.);
#7891 = VERTEX_POINT('',#7892);
#7892 = CARTESIAN_POINT('',(4.69265E+03,6.266976511103E+03,2.5019E+03));
#7893 = VERTEX_POINT('',#7894);
#7894 = CARTESIAN_POINT('',(4.69265E+03,4.823732142857E+03,
    3.189016341639E+03));
#7895 = LINE('',#7896,#7897);
#7896 = CARTESIAN_POINT('',(4.69265E+03,6.51133291942E+03,
    2.385563996872E+03));
#7897 = VECTOR('',#7898,1.);
#7898 = DIRECTION('',(-2.004830108882E-16,-0.90289521313,0.429860714775)
  );
#7899 = ORIENTED_EDGE('',*,*,#7900,.F.);
#7900 = EDGE_CURVE('',#7901,#7891,#7903,.T.);
#7901 = VERTEX_POINT('',#7902);
#7902 = CARTESIAN_POINT('',(4.69265E+03,6.4262E+03,2.5019E+03));
#7903 = LINE('',#7904,#7905);
#7904 = CARTESIAN_POINT('',(4.69265E+03,6.41796645971E+03,2.5019E+03));
#7905 = VECTOR('',#7906,1.);
#7906 = DIRECTION('',(-2.22044604925E-16,-1.,0.));
#7907 = ORIENTED_EDGE('',*,*,#7908,.T.);
#7908 = EDGE_CURVE('',#7901,#7909,#7911,.T.);
#7909 = VERTEX_POINT('',#7910);
#7910 = CARTESIAN_POINT('',(4.69265E+03,6.4262E+03,2.58081954262E+03));
#7911 = LINE('',#7912,#7913);
#7912 = CARTESIAN_POINT('',(4.69265E+03,6.4262E+03,2.164331998436E+03));
#7913 = VECTOR('',#7914,1.);
#7914 = DIRECTION('',(0.,0.,1.));
#7915 = ORIENTED_EDGE('',*,*,#7916,.T.);
#7916 = EDGE_CURVE('',#7909,#7917,#7919,.T.);
#7917 = VERTEX_POINT('',#7918);
#7918 = CARTESIAN_POINT('',(4.69265E+03,4.823732142857E+03,
    3.343740830116E+03));
#7919 = LINE('',#7920,#7921);
#7920 = CARTESIAN_POINT('',(4.69265E+03,6.571384461274E+03,
    2.511698458146E+03));
#7921 = VECTOR('',#7922,1.);
#7922 = DIRECTION('',(-2.004830108882E-16,-0.90289521313,0.429860714775)
  );
#7923 = ORIENTED_EDGE('',*,*,#7924,.T.);
#7924 = EDGE_CURVE('',#7917,#7893,#7925,.T.);
#7925 = LINE('',#7926,#7927);
#7926 = CARTESIAN_POINT('',(4.69265E+03,4.823732142857E+03,
    2.408306998436E+03));
#7927 = VECTOR('',#7928,1.);
#7928 = DIRECTION('',(0.,-0.,-1.));
#7929 = PLANE('',#7930);
#7930 = AXIS2_PLACEMENT_3D('',#7931,#7932,#7933);
#7931 = CARTESIAN_POINT('',(4.69265E+03,6.51133291942E+03,
    2.385563996872E+03));
#7932 = DIRECTION('',(1.,-2.22044604925E-16,0.));
#7933 = DIRECTION('',(9.544825258501E-17,0.429860714775,0.90289521313));
#7934 = ADVANCED_FACE('',(#7935),#7960,.F.);
#7935 = FACE_BOUND('',#7936,.F.);
#7936 = EDGE_LOOP('',(#7937,#7947,#7953,#7954));
#7937 = ORIENTED_EDGE('',*,*,#7938,.F.);
#7938 = EDGE_CURVE('',#7939,#7941,#7943,.T.);
#7939 = VERTEX_POINT('',#7940);
#7940 = CARTESIAN_POINT('',(4.73075E+03,6.266976511103E+03,2.5019E+03));
#7941 = VERTEX_POINT('',#7942);
#7942 = CARTESIAN_POINT('',(4.73075E+03,4.823732142857E+03,
    3.189016341639E+03));
#7943 = LINE('',#7944,#7945);
#7944 = CARTESIAN_POINT('',(4.73075E+03,6.51133291942E+03,
    2.385563996872E+03));
#7945 = VECTOR('',#7946,1.);
#7946 = DIRECTION('',(-2.004830108882E-16,-0.90289521313,0.429860714775)
  );
#7947 = ORIENTED_EDGE('',*,*,#7948,.F.);
#7948 = EDGE_CURVE('',#7891,#7939,#7949,.T.);
#7949 = LINE('',#7950,#7951);
#7950 = CARTESIAN_POINT('',(4.55295E+03,6.266976511103E+03,2.5019E+03));
#7951 = VECTOR('',#7952,1.);
#7952 = DIRECTION('',(1.,-2.22044604925E-16,0.));
#7953 = ORIENTED_EDGE('',*,*,#7890,.T.);
#7954 = ORIENTED_EDGE('',*,*,#7955,.T.);
#7955 = EDGE_CURVE('',#7893,#7941,#7956,.T.);
#7956 = LINE('',#7957,#7958);
#7957 = CARTESIAN_POINT('',(4.69215E+03,4.823732142857E+03,
    3.189016341639E+03));
#7958 = VECTOR('',#7959,1.);
#7959 = DIRECTION('',(1.,-2.22044604925E-16,0.));
#7960 = PLANE('',#7961);
#7961 = AXIS2_PLACEMENT_3D('',#7962,#7963,#7964);
#7962 = CARTESIAN_POINT('',(4.69265E+03,6.51133291942E+03,
    2.385563996872E+03));
#7963 = DIRECTION('',(9.544825258501E-17,0.429860714775,0.90289521313));
#7964 = DIRECTION('',(-2.004830108882E-16,-0.90289521313,0.429860714775)
  );
#7965 = ADVANCED_FACE('',(#7966),#7984,.T.);
#7966 = FACE_BOUND('',#7967,.T.);
#7967 = EDGE_LOOP('',(#7968,#7976,#7977,#7978));
#7968 = ORIENTED_EDGE('',*,*,#7969,.F.);
#7969 = EDGE_CURVE('',#7917,#7970,#7972,.T.);
#7970 = VERTEX_POINT('',#7971);
#7971 = CARTESIAN_POINT('',(4.73075E+03,4.823732142857E+03,
    3.343740830116E+03));
#7972 = LINE('',#7973,#7974);
#7973 = CARTESIAN_POINT('',(4.69215E+03,4.823732142857E+03,
    3.343740830116E+03));
#7974 = VECTOR('',#7975,1.);
#7975 = DIRECTION('',(1.,-2.22044604925E-16,0.));
#7976 = ORIENTED_EDGE('',*,*,#7924,.T.);
#7977 = ORIENTED_EDGE('',*,*,#7955,.T.);
#7978 = ORIENTED_EDGE('',*,*,#7979,.F.);
#7979 = EDGE_CURVE('',#7970,#7941,#7980,.T.);
#7980 = LINE('',#7981,#7982);
#7981 = CARTESIAN_POINT('',(4.73075E+03,4.823732142857E+03,
    2.408306998436E+03));
#7982 = VECTOR('',#7983,1.);
#7983 = DIRECTION('',(0.,-0.,-1.));
#7984 = PLANE('',#7985);
#7985 = AXIS2_PLACEMENT_3D('',#7986,#7987,#7988);
#7986 = CARTESIAN_POINT('',(4.69165E+03,4.823732142857E+03,2.43105E+03)
  );
#7987 = DIRECTION('',(-2.22044604925E-16,-1.,0.));
#7988 = DIRECTION('',(0.,0.,1.));
#7989 = ADVANCED_FACE('',(#7990),#8008,.T.);
#7990 = FACE_BOUND('',#7991,.T.);
#7991 = EDGE_LOOP('',(#7992,#8000,#8006,#8007));
#7992 = ORIENTED_EDGE('',*,*,#7993,.F.);
#7993 = EDGE_CURVE('',#7994,#7970,#7996,.T.);
#7994 = VERTEX_POINT('',#7995);
#7995 = CARTESIAN_POINT('',(4.73075E+03,6.4262E+03,2.58081954262E+03));
#7996 = LINE('',#7997,#7998);
#7997 = CARTESIAN_POINT('',(4.73075E+03,6.571384461274E+03,
    2.511698458146E+03));
#7998 = VECTOR('',#7999,1.);
#7999 = DIRECTION('',(-2.004830108882E-16,-0.90289521313,0.429860714775)
  );
#8000 = ORIENTED_EDGE('',*,*,#8001,.T.);
#8001 = EDGE_CURVE('',#7994,#7909,#8002,.T.);
#8002 = LINE('',#8003,#8004);
#8003 = CARTESIAN_POINT('',(2.1463E+03,6.4262E+03,2.58081954262E+03));
#8004 = VECTOR('',#8005,1.);
#8005 = DIRECTION('',(-1.,4.42044604925E-16,-1.1E-16));
#8006 = ORIENTED_EDGE('',*,*,#7916,.T.);
#8007 = ORIENTED_EDGE('',*,*,#7969,.T.);
#8008 = PLANE('',#8009);
#8009 = AXIS2_PLACEMENT_3D('',#8010,#8011,#8012);
#8010 = CARTESIAN_POINT('',(4.69265E+03,6.571384461274E+03,
    2.511698458146E+03));
#8011 = DIRECTION('',(9.544825258501E-17,0.429860714775,0.90289521313));
#8012 = DIRECTION('',(-2.004830108882E-16,-0.90289521313,0.429860714775)
  );
#8013 = ADVANCED_FACE('',(#8014),#8032,.T.);
#8014 = FACE_BOUND('',#8015,.T.);
#8015 = EDGE_LOOP('',(#8016,#8024,#8025,#8026));
#8016 = ORIENTED_EDGE('',*,*,#8017,.T.);
#8017 = EDGE_CURVE('',#8018,#7901,#8020,.T.);
#8018 = VERTEX_POINT('',#8019);
#8019 = CARTESIAN_POINT('',(4.73075E+03,6.4262E+03,2.5019E+03));
#8020 = LINE('',#8021,#8022);
#8021 = CARTESIAN_POINT('',(-400.05,6.4262E+03,2.5019E+03));
#8022 = VECTOR('',#8023,1.);
#8023 = DIRECTION('',(-1.,4.42044604925E-16,0.));
#8024 = ORIENTED_EDGE('',*,*,#7908,.T.);
#8025 = ORIENTED_EDGE('',*,*,#8001,.F.);
#8026 = ORIENTED_EDGE('',*,*,#8027,.F.);
#8027 = EDGE_CURVE('',#8018,#7994,#8028,.T.);
#8028 = LINE('',#8029,#8030);
#8029 = CARTESIAN_POINT('',(4.73075E+03,6.4262E+03,2.164331998436E+03));
#8030 = VECTOR('',#8031,1.);
#8031 = DIRECTION('',(0.,0.,1.));
#8032 = PLANE('',#8033);
#8033 = AXIS2_PLACEMENT_3D('',#8034,#8035,#8036);
#8034 = CARTESIAN_POINT('',(-400.05,6.4262E+03,1.9431E+03));
#8035 = DIRECTION('',(2.22044604925E-16,1.,0.));
#8036 = DIRECTION('',(0.,0.,1.));
#8037 = ADVANCED_FACE('',(#8038),#8050,.T.);
#8038 = FACE_BOUND('',#8039,.T.);
#8039 = EDGE_LOOP('',(#8040,#8041,#8047,#8048,#8049));
#8040 = ORIENTED_EDGE('',*,*,#7938,.F.);
#8041 = ORIENTED_EDGE('',*,*,#8042,.F.);
#8042 = EDGE_CURVE('',#8018,#7939,#8043,.T.);
#8043 = LINE('',#8044,#8045);
#8044 = CARTESIAN_POINT('',(4.73075E+03,6.61799145971E+03,2.5019E+03));
#8045 = VECTOR('',#8046,1.);
#8046 = DIRECTION('',(-2.22044604925E-16,-1.,0.));
#8047 = ORIENTED_EDGE('',*,*,#8027,.T.);
#8048 = ORIENTED_EDGE('',*,*,#7993,.T.);
#8049 = ORIENTED_EDGE('',*,*,#7979,.T.);
#8050 = PLANE('',#8051);
#8051 = AXIS2_PLACEMENT_3D('',#8052,#8053,#8054);
#8052 = CARTESIAN_POINT('',(4.73075E+03,6.51133291942E+03,
    2.385563996872E+03));
#8053 = DIRECTION('',(1.,-2.22044604925E-16,0.));
#8054 = DIRECTION('',(9.544825258501E-17,0.429860714775,0.90289521313));
#8055 = ADVANCED_FACE('',(#8056),#8062,.T.);
#8056 = FACE_BOUND('',#8057,.T.);
#8057 = EDGE_LOOP('',(#8058,#8059,#8060,#8061));
#8058 = ORIENTED_EDGE('',*,*,#8017,.F.);
#8059 = ORIENTED_EDGE('',*,*,#8042,.T.);
#8060 = ORIENTED_EDGE('',*,*,#7948,.F.);
#8061 = ORIENTED_EDGE('',*,*,#7900,.F.);
#8062 = PLANE('',#8063);
#8063 = AXIS2_PLACEMENT_3D('',#8064,#8065,#8066);
#8064 = CARTESIAN_POINT('',(4.7117E+03,6.346588255551E+03,2.5019E+03));
#8065 = DIRECTION('',(0.,0.,-1.));
#8066 = DIRECTION('',(2.22044604925E-16,1.,0.));
#8067 = MANIFOLD_SOLID_BREP('',#8068);
#8068 = CLOSED_SHELL('',(#8069,#8117,#8148,#8172,#8196,#8220,#8238));
#8069 = ADVANCED_FACE('',(#8070),#8112,.F.);
#8070 = FACE_BOUND('',#8071,.F.);
#8071 = EDGE_LOOP('',(#8072,#8082,#8090,#8098,#8106));
#8072 = ORIENTED_EDGE('',*,*,#8073,.F.);
#8073 = EDGE_CURVE('',#8074,#8076,#8078,.T.);
#8074 = VERTEX_POINT('',#8075);
#8075 = CARTESIAN_POINT('',(4.08305E+03,6.266976511103E+03,2.5019E+03));
#8076 = VERTEX_POINT('',#8077);
#8077 = CARTESIAN_POINT('',(4.08305E+03,4.257675E+03,3.458511322334E+03)
  );
#8078 = LINE('',#8079,#8080);
#8079 = CARTESIAN_POINT('',(4.08305E+03,6.51133291942E+03,
    2.385563996872E+03));
#8080 = VECTOR('',#8081,1.);
#8081 = DIRECTION('',(-2.004830108882E-16,-0.90289521313,0.429860714775)
  );
#8082 = ORIENTED_EDGE('',*,*,#8083,.F.);
#8083 = EDGE_CURVE('',#8084,#8074,#8086,.T.);
#8084 = VERTEX_POINT('',#8085);
#8085 = CARTESIAN_POINT('',(4.08305E+03,6.4262E+03,2.5019E+03));
#8086 = LINE('',#8087,#8088);
#8087 = CARTESIAN_POINT('',(4.08305E+03,6.41796645971E+03,2.5019E+03));
#8088 = VECTOR('',#8089,1.);
#8089 = DIRECTION('',(-2.22044604925E-16,-1.,0.));
#8090 = ORIENTED_EDGE('',*,*,#8091,.T.);
#8091 = EDGE_CURVE('',#8084,#8092,#8094,.T.);
#8092 = VERTEX_POINT('',#8093);
#8093 = CARTESIAN_POINT('',(4.08305E+03,6.4262E+03,2.58081954262E+03));
#8094 = LINE('',#8095,#8096);
#8095 = CARTESIAN_POINT('',(4.08305E+03,6.4262E+03,2.164331998436E+03));
#8096 = VECTOR('',#8097,1.);
#8097 = DIRECTION('',(0.,0.,1.));
#8098 = ORIENTED_EDGE('',*,*,#8099,.T.);
#8099 = EDGE_CURVE('',#8092,#8100,#8102,.T.);
#8100 = VERTEX_POINT('',#8101);
#8101 = CARTESIAN_POINT('',(4.08305E+03,4.257675E+03,3.613235810811E+03)
  );
#8102 = LINE('',#8103,#8104);
#8103 = CARTESIAN_POINT('',(4.08305E+03,6.571384461274E+03,
    2.511698458146E+03));
#8104 = VECTOR('',#8105,1.);
#8105 = DIRECTION('',(-2.004830108882E-16,-0.90289521313,0.429860714775)
  );
#8106 = ORIENTED_EDGE('',*,*,#8107,.T.);
#8107 = EDGE_CURVE('',#8100,#8076,#8108,.T.);
#8108 = LINE('',#8109,#8110);
#8109 = CARTESIAN_POINT('',(4.08305E+03,4.257675E+03,2.408306998436E+03)
  );
#8110 = VECTOR('',#8111,1.);
#8111 = DIRECTION('',(0.,-0.,-1.));
#8112 = PLANE('',#8113);
#8113 = AXIS2_PLACEMENT_3D('',#8114,#8115,#8116);
#8114 = CARTESIAN_POINT('',(4.08305E+03,6.51133291942E+03,
    2.385563996872E+03));
#8115 = DIRECTION('',(1.,-2.22044604925E-16,0.));
#8116 = DIRECTION('',(9.544825258501E-17,0.429860714775,0.90289521313));
#8117 = ADVANCED_FACE('',(#8118),#8143,.F.);
#8118 = FACE_BOUND('',#8119,.F.);
#8119 = EDGE_LOOP('',(#8120,#8130,#8136,#8137));
#8120 = ORIENTED_EDGE('',*,*,#8121,.F.);
#8121 = EDGE_CURVE('',#8122,#8124,#8126,.T.);
#8122 = VERTEX_POINT('',#8123);
#8123 = CARTESIAN_POINT('',(4.12115E+03,6.266976511103E+03,2.5019E+03));
#8124 = VERTEX_POINT('',#8125);
#8125 = CARTESIAN_POINT('',(4.12115E+03,4.257675E+03,3.458511322334E+03)
  );
#8126 = LINE('',#8127,#8128);
#8127 = CARTESIAN_POINT('',(4.12115E+03,6.51133291942E+03,
    2.385563996872E+03));
#8128 = VECTOR('',#8129,1.);
#8129 = DIRECTION('',(-2.004830108882E-16,-0.90289521313,0.429860714775)
  );
#8130 = ORIENTED_EDGE('',*,*,#8131,.F.);
#8131 = EDGE_CURVE('',#8074,#8122,#8132,.T.);
#8132 = LINE('',#8133,#8134);
#8133 = CARTESIAN_POINT('',(3.94335E+03,6.266976511103E+03,2.5019E+03));
#8134 = VECTOR('',#8135,1.);
#8135 = DIRECTION('',(1.,-2.22044604925E-16,0.));
#8136 = ORIENTED_EDGE('',*,*,#8073,.T.);
#8137 = ORIENTED_EDGE('',*,*,#8138,.T.);
#8138 = EDGE_CURVE('',#8076,#8124,#8139,.T.);
#8139 = LINE('',#8140,#8141);
#8140 = CARTESIAN_POINT('',(4.08255E+03,4.257675E+03,3.458511322334E+03)
  );
#8141 = VECTOR('',#8142,1.);
#8142 = DIRECTION('',(1.,-2.22044604925E-16,0.));
#8143 = PLANE('',#8144);
#8144 = AXIS2_PLACEMENT_3D('',#8145,#8146,#8147);
#8145 = CARTESIAN_POINT('',(4.08305E+03,6.51133291942E+03,
    2.385563996872E+03));
#8146 = DIRECTION('',(9.544825258501E-17,0.429860714775,0.90289521313));
#8147 = DIRECTION('',(-2.004830108882E-16,-0.90289521313,0.429860714775)
  );
#8148 = ADVANCED_FACE('',(#8149),#8167,.T.);
#8149 = FACE_BOUND('',#8150,.T.);
#8150 = EDGE_LOOP('',(#8151,#8159,#8160,#8161));
#8151 = ORIENTED_EDGE('',*,*,#8152,.F.);
#8152 = EDGE_CURVE('',#8100,#8153,#8155,.T.);
#8153 = VERTEX_POINT('',#8154);
#8154 = CARTESIAN_POINT('',(4.12115E+03,4.257675E+03,3.613235810811E+03)
  );
#8155 = LINE('',#8156,#8157);
#8156 = CARTESIAN_POINT('',(4.08255E+03,4.257675E+03,3.613235810811E+03)
  );
#8157 = VECTOR('',#8158,1.);
#8158 = DIRECTION('',(1.,-2.22044604925E-16,0.));
#8159 = ORIENTED_EDGE('',*,*,#8107,.T.);
#8160 = ORIENTED_EDGE('',*,*,#8138,.T.);
#8161 = ORIENTED_EDGE('',*,*,#8162,.F.);
#8162 = EDGE_CURVE('',#8153,#8124,#8163,.T.);
#8163 = LINE('',#8164,#8165);
#8164 = CARTESIAN_POINT('',(4.12115E+03,4.257675E+03,2.408306998436E+03)
  );
#8165 = VECTOR('',#8166,1.);
#8166 = DIRECTION('',(0.,-0.,-1.));
#8167 = PLANE('',#8168);
#8168 = AXIS2_PLACEMENT_3D('',#8169,#8170,#8171);
#8169 = CARTESIAN_POINT('',(4.08205E+03,4.257675E+03,2.43105E+03));
#8170 = DIRECTION('',(-2.22044604925E-16,-1.,0.));
#8171 = DIRECTION('',(0.,0.,1.));
#8172 = ADVANCED_FACE('',(#8173),#8191,.T.);
#8173 = FACE_BOUND('',#8174,.T.);
#8174 = EDGE_LOOP('',(#8175,#8183,#8189,#8190));
#8175 = ORIENTED_EDGE('',*,*,#8176,.F.);
#8176 = EDGE_CURVE('',#8177,#8153,#8179,.T.);
#8177 = VERTEX_POINT('',#8178);
#8178 = CARTESIAN_POINT('',(4.12115E+03,6.4262E+03,2.58081954262E+03));
#8179 = LINE('',#8180,#8181);
#8180 = CARTESIAN_POINT('',(4.12115E+03,6.571384461274E+03,
    2.511698458146E+03));
#8181 = VECTOR('',#8182,1.);
#8182 = DIRECTION('',(-2.004830108882E-16,-0.90289521313,0.429860714775)
  );
#8183 = ORIENTED_EDGE('',*,*,#8184,.T.);
#8184 = EDGE_CURVE('',#8177,#8092,#8185,.T.);
#8185 = LINE('',#8186,#8187);
#8186 = CARTESIAN_POINT('',(1.8415E+03,6.4262E+03,2.58081954262E+03));
#8187 = VECTOR('',#8188,1.);
#8188 = DIRECTION('',(-1.,4.42044604925E-16,-1.1E-16));
#8189 = ORIENTED_EDGE('',*,*,#8099,.T.);
#8190 = ORIENTED_EDGE('',*,*,#8152,.T.);
#8191 = PLANE('',#8192);
#8192 = AXIS2_PLACEMENT_3D('',#8193,#8194,#8195);
#8193 = CARTESIAN_POINT('',(4.08305E+03,6.571384461274E+03,
    2.511698458146E+03));
#8194 = DIRECTION('',(9.544825258501E-17,0.429860714775,0.90289521313));
#8195 = DIRECTION('',(-2.004830108882E-16,-0.90289521313,0.429860714775)
  );
#8196 = ADVANCED_FACE('',(#8197),#8215,.T.);
#8197 = FACE_BOUND('',#8198,.T.);
#8198 = EDGE_LOOP('',(#8199,#8207,#8208,#8209));
#8199 = ORIENTED_EDGE('',*,*,#8200,.T.);
#8200 = EDGE_CURVE('',#8201,#8084,#8203,.T.);
#8201 = VERTEX_POINT('',#8202);
#8202 = CARTESIAN_POINT('',(4.12115E+03,6.4262E+03,2.5019E+03));
#8203 = LINE('',#8204,#8205);
#8204 = CARTESIAN_POINT('',(-400.05,6.4262E+03,2.5019E+03));
#8205 = VECTOR('',#8206,1.);
#8206 = DIRECTION('',(-1.,4.42044604925E-16,0.));
#8207 = ORIENTED_EDGE('',*,*,#8091,.T.);
#8208 = ORIENTED_EDGE('',*,*,#8184,.F.);
#8209 = ORIENTED_EDGE('',*,*,#8210,.F.);
#8210 = EDGE_CURVE('',#8201,#8177,#8211,.T.);
#8211 = LINE('',#8212,#8213);
#8212 = CARTESIAN_POINT('',(4.12115E+03,6.4262E+03,2.164331998436E+03));
#8213 = VECTOR('',#8214,1.);
#8214 = DIRECTION('',(0.,0.,1.));
#8215 = PLANE('',#8216);
#8216 = AXIS2_PLACEMENT_3D('',#8217,#8218,#8219);
#8217 = CARTESIAN_POINT('',(-400.05,6.4262E+03,1.9431E+03));
#8218 = DIRECTION('',(2.22044604925E-16,1.,0.));
#8219 = DIRECTION('',(0.,0.,1.));
#8220 = ADVANCED_FACE('',(#8221),#8233,.T.);
#8221 = FACE_BOUND('',#8222,.T.);
#8222 = EDGE_LOOP('',(#8223,#8224,#8230,#8231,#8232));
#8223 = ORIENTED_EDGE('',*,*,#8121,.F.);
#8224 = ORIENTED_EDGE('',*,*,#8225,.F.);
#8225 = EDGE_CURVE('',#8201,#8122,#8226,.T.);
#8226 = LINE('',#8227,#8228);
#8227 = CARTESIAN_POINT('',(4.12115E+03,6.61799145971E+03,2.5019E+03));
#8228 = VECTOR('',#8229,1.);
#8229 = DIRECTION('',(-2.22044604925E-16,-1.,0.));
#8230 = ORIENTED_EDGE('',*,*,#8210,.T.);
#8231 = ORIENTED_EDGE('',*,*,#8176,.T.);
#8232 = ORIENTED_EDGE('',*,*,#8162,.T.);
#8233 = PLANE('',#8234);
#8234 = AXIS2_PLACEMENT_3D('',#8235,#8236,#8237);
#8235 = CARTESIAN_POINT('',(4.12115E+03,6.51133291942E+03,
    2.385563996872E+03));
#8236 = DIRECTION('',(1.,-2.22044604925E-16,0.));
#8237 = DIRECTION('',(9.544825258501E-17,0.429860714775,0.90289521313));
#8238 = ADVANCED_FACE('',(#8239),#8245,.T.);
#8239 = FACE_BOUND('',#8240,.T.);
#8240 = EDGE_LOOP('',(#8241,#8242,#8243,#8244));
#8241 = ORIENTED_EDGE('',*,*,#8200,.F.);
#8242 = ORIENTED_EDGE('',*,*,#8225,.T.);
#8243 = ORIENTED_EDGE('',*,*,#8131,.F.);
#8244 = ORIENTED_EDGE('',*,*,#8083,.F.);
#8245 = PLANE('',#8246);
#8246 = AXIS2_PLACEMENT_3D('',#8247,#8248,#8249);
#8247 = CARTESIAN_POINT('',(4.1021E+03,6.346588255551E+03,2.5019E+03));
#8248 = DIRECTION('',(0.,0.,-1.));
#8249 = DIRECTION('',(2.22044604925E-16,1.,0.));
#8250 = MANIFOLD_SOLID_BREP('',#8251);
#8251 = CLOSED_SHELL('',(#8252,#8300,#8331,#8355,#8379,#8403,#8421));
#8252 = ADVANCED_FACE('',(#8253),#8295,.F.);
#8253 = FACE_BOUND('',#8254,.F.);
#8254 = EDGE_LOOP('',(#8255,#8265,#8273,#8281,#8289));
#8255 = ORIENTED_EDGE('',*,*,#8256,.F.);
#8256 = EDGE_CURVE('',#8257,#8259,#8261,.T.);
#8257 = VERTEX_POINT('',#8258);
#8258 = CARTESIAN_POINT('',(3.47345E+03,6.266976511103E+03,2.5019E+03));
#8259 = VERTEX_POINT('',#8260);
#8260 = CARTESIAN_POINT('',(3.47345E+03,3.691617857143E+03,
    3.728006303029E+03));
#8261 = LINE('',#8262,#8263);
#8262 = CARTESIAN_POINT('',(3.47345E+03,6.51133291942E+03,
    2.385563996872E+03));
#8263 = VECTOR('',#8264,1.);
#8264 = DIRECTION('',(-2.004830108882E-16,-0.90289521313,0.429860714775)
  );
#8265 = ORIENTED_EDGE('',*,*,#8266,.F.);
#8266 = EDGE_CURVE('',#8267,#8257,#8269,.T.);
#8267 = VERTEX_POINT('',#8268);
#8268 = CARTESIAN_POINT('',(3.47345E+03,6.4262E+03,2.5019E+03));
#8269 = LINE('',#8270,#8271);
#8270 = CARTESIAN_POINT('',(3.47345E+03,6.41796645971E+03,2.5019E+03));
#8271 = VECTOR('',#8272,1.);
#8272 = DIRECTION('',(-2.22044604925E-16,-1.,0.));
#8273 = ORIENTED_EDGE('',*,*,#8274,.T.);
#8274 = EDGE_CURVE('',#8267,#8275,#8277,.T.);
#8275 = VERTEX_POINT('',#8276);
#8276 = CARTESIAN_POINT('',(3.47345E+03,6.4262E+03,2.58081954262E+03));
#8277 = LINE('',#8278,#8279);
#8278 = CARTESIAN_POINT('',(3.47345E+03,6.4262E+03,2.164331998436E+03));
#8279 = VECTOR('',#8280,1.);
#8280 = DIRECTION('',(0.,0.,1.));
#8281 = ORIENTED_EDGE('',*,*,#8282,.T.);
#8282 = EDGE_CURVE('',#8275,#8283,#8285,.T.);
#8283 = VERTEX_POINT('',#8284);
#8284 = CARTESIAN_POINT('',(3.47345E+03,3.691617857143E+03,
    3.882730791506E+03));
#8285 = LINE('',#8286,#8287);
#8286 = CARTESIAN_POINT('',(3.47345E+03,6.571384461274E+03,
    2.511698458146E+03));
#8287 = VECTOR('',#8288,1.);
#8288 = DIRECTION('',(-2.004830108882E-16,-0.90289521313,0.429860714775)
  );
#8289 = ORIENTED_EDGE('',*,*,#8290,.T.);
#8290 = EDGE_CURVE('',#8283,#8259,#8291,.T.);
#8291 = LINE('',#8292,#8293);
#8292 = CARTESIAN_POINT('',(3.47345E+03,3.691617857143E+03,
    2.408306998436E+03));
#8293 = VECTOR('',#8294,1.);
#8294 = DIRECTION('',(0.,-0.,-1.));
#8295 = PLANE('',#8296);
#8296 = AXIS2_PLACEMENT_3D('',#8297,#8298,#8299);
#8297 = CARTESIAN_POINT('',(3.47345E+03,6.51133291942E+03,
    2.385563996872E+03));
#8298 = DIRECTION('',(1.,-2.22044604925E-16,0.));
#8299 = DIRECTION('',(9.544825258501E-17,0.429860714775,0.90289521313));
#8300 = ADVANCED_FACE('',(#8301),#8326,.F.);
#8301 = FACE_BOUND('',#8302,.F.);
#8302 = EDGE_LOOP('',(#8303,#8313,#8319,#8320));
#8303 = ORIENTED_EDGE('',*,*,#8304,.F.);
#8304 = EDGE_CURVE('',#8305,#8307,#8309,.T.);
#8305 = VERTEX_POINT('',#8306);
#8306 = CARTESIAN_POINT('',(3.51155E+03,6.266976511103E+03,2.5019E+03));
#8307 = VERTEX_POINT('',#8308);
#8308 = CARTESIAN_POINT('',(3.51155E+03,3.691617857143E+03,
    3.728006303029E+03));
#8309 = LINE('',#8310,#8311);
#8310 = CARTESIAN_POINT('',(3.51155E+03,6.51133291942E+03,
    2.385563996872E+03));
#8311 = VECTOR('',#8312,1.);
#8312 = DIRECTION('',(-2.004830108882E-16,-0.90289521313,0.429860714775)
  );
#8313 = ORIENTED_EDGE('',*,*,#8314,.F.);
#8314 = EDGE_CURVE('',#8257,#8305,#8315,.T.);
#8315 = LINE('',#8316,#8317);
#8316 = CARTESIAN_POINT('',(3.33375E+03,6.266976511103E+03,2.5019E+03));
#8317 = VECTOR('',#8318,1.);
#8318 = DIRECTION('',(1.,-2.22044604925E-16,0.));
#8319 = ORIENTED_EDGE('',*,*,#8256,.T.);
#8320 = ORIENTED_EDGE('',*,*,#8321,.T.);
#8321 = EDGE_CURVE('',#8259,#8307,#8322,.T.);
#8322 = LINE('',#8323,#8324);
#8323 = CARTESIAN_POINT('',(3.47295E+03,3.691617857143E+03,
    3.728006303029E+03));
#8324 = VECTOR('',#8325,1.);
#8325 = DIRECTION('',(1.,-2.22044604925E-16,0.));
#8326 = PLANE('',#8327);
#8327 = AXIS2_PLACEMENT_3D('',#8328,#8329,#8330);
#8328 = CARTESIAN_POINT('',(3.47345E+03,6.51133291942E+03,
    2.385563996872E+03));
#8329 = DIRECTION('',(9.544825258501E-17,0.429860714775,0.90289521313));
#8330 = DIRECTION('',(-2.004830108882E-16,-0.90289521313,0.429860714775)
  );
#8331 = ADVANCED_FACE('',(#8332),#8350,.T.);
#8332 = FACE_BOUND('',#8333,.T.);
#8333 = EDGE_LOOP('',(#8334,#8342,#8343,#8344));
#8334 = ORIENTED_EDGE('',*,*,#8335,.F.);
#8335 = EDGE_CURVE('',#8283,#8336,#8338,.T.);
#8336 = VERTEX_POINT('',#8337);
#8337 = CARTESIAN_POINT('',(3.51155E+03,3.691617857143E+03,
    3.882730791506E+03));
#8338 = LINE('',#8339,#8340);
#8339 = CARTESIAN_POINT('',(3.47295E+03,3.691617857143E+03,
    3.882730791506E+03));
#8340 = VECTOR('',#8341,1.);
#8341 = DIRECTION('',(1.,-2.22044604925E-16,0.));
#8342 = ORIENTED_EDGE('',*,*,#8290,.T.);
#8343 = ORIENTED_EDGE('',*,*,#8321,.T.);
#8344 = ORIENTED_EDGE('',*,*,#8345,.F.);
#8345 = EDGE_CURVE('',#8336,#8307,#8346,.T.);
#8346 = LINE('',#8347,#8348);
#8347 = CARTESIAN_POINT('',(3.51155E+03,3.691617857143E+03,
    2.408306998436E+03));
#8348 = VECTOR('',#8349,1.);
#8349 = DIRECTION('',(0.,-0.,-1.));
#8350 = PLANE('',#8351);
#8351 = AXIS2_PLACEMENT_3D('',#8352,#8353,#8354);
#8352 = CARTESIAN_POINT('',(3.47245E+03,3.691617857143E+03,2.43105E+03)
  );
#8353 = DIRECTION('',(-2.22044604925E-16,-1.,0.));
#8354 = DIRECTION('',(0.,0.,1.));
#8355 = ADVANCED_FACE('',(#8356),#8374,.T.);
#8356 = FACE_BOUND('',#8357,.T.);
#8357 = EDGE_LOOP('',(#8358,#8366,#8372,#8373));
#8358 = ORIENTED_EDGE('',*,*,#8359,.F.);
#8359 = EDGE_CURVE('',#8360,#8336,#8362,.T.);
#8360 = VERTEX_POINT('',#8361);
#8361 = CARTESIAN_POINT('',(3.51155E+03,6.4262E+03,2.58081954262E+03));
#8362 = LINE('',#8363,#8364);
#8363 = CARTESIAN_POINT('',(3.51155E+03,6.571384461274E+03,
    2.511698458146E+03));
#8364 = VECTOR('',#8365,1.);
#8365 = DIRECTION('',(-2.004830108882E-16,-0.90289521313,0.429860714775)
  );
#8366 = ORIENTED_EDGE('',*,*,#8367,.T.);
#8367 = EDGE_CURVE('',#8360,#8275,#8368,.T.);
#8368 = LINE('',#8369,#8370);
#8369 = CARTESIAN_POINT('',(1.5367E+03,6.4262E+03,2.58081954262E+03));
#8370 = VECTOR('',#8371,1.);
#8371 = DIRECTION('',(-1.,4.42044604925E-16,-1.1E-16));
#8372 = ORIENTED_EDGE('',*,*,#8282,.T.);
#8373 = ORIENTED_EDGE('',*,*,#8335,.T.);
#8374 = PLANE('',#8375);
#8375 = AXIS2_PLACEMENT_3D('',#8376,#8377,#8378);
#8376 = CARTESIAN_POINT('',(3.47345E+03,6.571384461274E+03,
    2.511698458146E+03));
#8377 = DIRECTION('',(9.544825258501E-17,0.429860714775,0.90289521313));
#8378 = DIRECTION('',(-2.004830108882E-16,-0.90289521313,0.429860714775)
  );
#8379 = ADVANCED_FACE('',(#8380),#8398,.T.);
#8380 = FACE_BOUND('',#8381,.T.);
#8381 = EDGE_LOOP('',(#8382,#8390,#8391,#8392));
#8382 = ORIENTED_EDGE('',*,*,#8383,.T.);
#8383 = EDGE_CURVE('',#8384,#8267,#8386,.T.);
#8384 = VERTEX_POINT('',#8385);
#8385 = CARTESIAN_POINT('',(3.51155E+03,6.4262E+03,2.5019E+03));
#8386 = LINE('',#8387,#8388);
#8387 = CARTESIAN_POINT('',(-400.05,6.4262E+03,2.5019E+03));
#8388 = VECTOR('',#8389,1.);
#8389 = DIRECTION('',(-1.,4.42044604925E-16,0.));
#8390 = ORIENTED_EDGE('',*,*,#8274,.T.);
#8391 = ORIENTED_EDGE('',*,*,#8367,.F.);
#8392 = ORIENTED_EDGE('',*,*,#8393,.F.);
#8393 = EDGE_CURVE('',#8384,#8360,#8394,.T.);
#8394 = LINE('',#8395,#8396);
#8395 = CARTESIAN_POINT('',(3.51155E+03,6.4262E+03,2.164331998436E+03));
#8396 = VECTOR('',#8397,1.);
#8397 = DIRECTION('',(0.,0.,1.));
#8398 = PLANE('',#8399);
#8399 = AXIS2_PLACEMENT_3D('',#8400,#8401,#8402);
#8400 = CARTESIAN_POINT('',(-400.05,6.4262E+03,1.9431E+03));
#8401 = DIRECTION('',(2.22044604925E-16,1.,0.));
#8402 = DIRECTION('',(0.,0.,1.));
#8403 = ADVANCED_FACE('',(#8404),#8416,.T.);
#8404 = FACE_BOUND('',#8405,.T.);
#8405 = EDGE_LOOP('',(#8406,#8407,#8413,#8414,#8415));
#8406 = ORIENTED_EDGE('',*,*,#8304,.F.);
#8407 = ORIENTED_EDGE('',*,*,#8408,.F.);
#8408 = EDGE_CURVE('',#8384,#8305,#8409,.T.);
#8409 = LINE('',#8410,#8411);
#8410 = CARTESIAN_POINT('',(3.51155E+03,6.61799145971E+03,2.5019E+03));
#8411 = VECTOR('',#8412,1.);
#8412 = DIRECTION('',(-2.22044604925E-16,-1.,0.));
#8413 = ORIENTED_EDGE('',*,*,#8393,.T.);
#8414 = ORIENTED_EDGE('',*,*,#8359,.T.);
#8415 = ORIENTED_EDGE('',*,*,#8345,.T.);
#8416 = PLANE('',#8417);
#8417 = AXIS2_PLACEMENT_3D('',#8418,#8419,#8420);
#8418 = CARTESIAN_POINT('',(3.51155E+03,6.51133291942E+03,
    2.385563996872E+03));
#8419 = DIRECTION('',(1.,-2.22044604925E-16,0.));
#8420 = DIRECTION('',(9.544825258501E-17,0.429860714775,0.90289521313));
#8421 = ADVANCED_FACE('',(#8422),#8428,.T.);
#8422 = FACE_BOUND('',#8423,.T.);
#8423 = EDGE_LOOP('',(#8424,#8425,#8426,#8427));
#8424 = ORIENTED_EDGE('',*,*,#8383,.F.);
#8425 = ORIENTED_EDGE('',*,*,#8408,.T.);
#8426 = ORIENTED_EDGE('',*,*,#8314,.F.);
#8427 = ORIENTED_EDGE('',*,*,#8266,.F.);
#8428 = PLANE('',#8429);
#8429 = AXIS2_PLACEMENT_3D('',#8430,#8431,#8432);
#8430 = CARTESIAN_POINT('',(3.4925E+03,6.346588255551E+03,2.5019E+03));
#8431 = DIRECTION('',(0.,0.,-1.));
#8432 = DIRECTION('',(2.22044604925E-16,1.,0.));
#8433 = MANIFOLD_SOLID_BREP('',#8434);
#8434 = CLOSED_SHELL('',(#8435,#8483,#8514,#8538,#8562,#8586,#8604));
#8435 = ADVANCED_FACE('',(#8436),#8478,.F.);
#8436 = FACE_BOUND('',#8437,.F.);
#8437 = EDGE_LOOP('',(#8438,#8448,#8456,#8464,#8472));
#8438 = ORIENTED_EDGE('',*,*,#8439,.F.);
#8439 = EDGE_CURVE('',#8440,#8442,#8444,.T.);
#8440 = VERTEX_POINT('',#8441);
#8441 = CARTESIAN_POINT('',(66.853749111855,387.35,2.5019E+03));
#8442 = VERTEX_POINT('',#8443);
#8443 = CARTESIAN_POINT('',(446.9423076923,387.35,2.669931428407E+03));
#8444 = LINE('',#8445,#8446);
#8445 = CARTESIAN_POINT('',(-191.9354280235,387.35,2.387493201614E+03));
#8446 = VECTOR('',#8447,1.);
#8447 = DIRECTION('',(0.914610688653,0.,0.404335613323));
#8448 = ORIENTED_EDGE('',*,*,#8449,.F.);
#8449 = EDGE_CURVE('',#8450,#8440,#8452,.T.);
#8450 = VERTEX_POINT('',#8451);
#8451 = CARTESIAN_POINT('',(-101.6,387.35,2.5019E+03));
#8452 = LINE('',#8453,#8454);
#8453 = CARTESIAN_POINT('',(-295.9927140117,387.35,2.5019E+03));
#8454 = VECTOR('',#8455,1.);
#8455 = DIRECTION('',(1.,0.,0.));
#8456 = ORIENTED_EDGE('',*,*,#8457,.F.);
#8457 = EDGE_CURVE('',#8458,#8450,#8460,.T.);
#8458 = VERTEX_POINT('',#8459);
#8459 = CARTESIAN_POINT('',(-101.6,387.35,2.580171718147E+03));
#8460 = LINE('',#8461,#8462);
#8461 = CARTESIAN_POINT('',(-101.6,387.35,2.165296600807E+03));
#8462 = VECTOR('',#8463,1.);
#8463 = DIRECTION('',(0.,0.,-1.));
#8464 = ORIENTED_EDGE('',*,*,#8465,.T.);
#8465 = EDGE_CURVE('',#8458,#8466,#8468,.T.);
#8466 = VERTEX_POINT('',#8467);
#8467 = CARTESIAN_POINT('',(446.9423076923,387.35,2.822674012474E+03));
#8468 = LINE('',#8469,#8470);
#8469 = CARTESIAN_POINT('',(-248.4211132048,387.35,2.515264314819E+03));
#8470 = VECTOR('',#8471,1.);
#8471 = DIRECTION('',(0.914610688653,0.,0.404335613323));
#8472 = ORIENTED_EDGE('',*,*,#8473,.T.);
#8473 = EDGE_CURVE('',#8466,#8442,#8474,.T.);
#8474 = LINE('',#8475,#8476);
#8475 = CARTESIAN_POINT('',(446.9423076923,387.35,2.409271600807E+03));
#8476 = VECTOR('',#8477,1.);
#8477 = DIRECTION('',(0.,0.,-1.));
#8478 = PLANE('',#8479);
#8479 = AXIS2_PLACEMENT_3D('',#8480,#8481,#8482);
#8480 = CARTESIAN_POINT('',(-191.9354280235,387.35,2.387493201614E+03));
#8481 = DIRECTION('',(0.,1.,0.));
#8482 = DIRECTION('',(-0.404335613323,0.,0.914610688653));
#8483 = ADVANCED_FACE('',(#8484),#8509,.F.);
#8484 = FACE_BOUND('',#8485,.F.);
#8485 = EDGE_LOOP('',(#8486,#8496,#8502,#8503));
#8486 = ORIENTED_EDGE('',*,*,#8487,.F.);
#8487 = EDGE_CURVE('',#8488,#8490,#8492,.T.);
#8488 = VERTEX_POINT('',#8489);
#8489 = CARTESIAN_POINT('',(66.853749111855,425.45,2.5019E+03));
#8490 = VERTEX_POINT('',#8491);
#8491 = CARTESIAN_POINT('',(446.9423076923,425.45,2.669931428407E+03));
#8492 = LINE('',#8493,#8494);
#8493 = CARTESIAN_POINT('',(-191.9354280235,425.45,2.387493201614E+03));
#8494 = VECTOR('',#8495,1.);
#8495 = DIRECTION('',(0.914610688653,0.,0.404335613323));
#8496 = ORIENTED_EDGE('',*,*,#8497,.F.);
#8497 = EDGE_CURVE('',#8440,#8488,#8498,.T.);
#8498 = LINE('',#8499,#8500);
#8499 = CARTESIAN_POINT('',(66.853749111855,247.65,2.5019E+03));
#8500 = VECTOR('',#8501,1.);
#8501 = DIRECTION('',(0.,1.,0.));
#8502 = ORIENTED_EDGE('',*,*,#8439,.T.);
#8503 = ORIENTED_EDGE('',*,*,#8504,.T.);
#8504 = EDGE_CURVE('',#8442,#8490,#8505,.T.);
#8505 = LINE('',#8506,#8507);
#8506 = CARTESIAN_POINT('',(446.9423076923,386.85,2.669931428407E+03));
#8507 = VECTOR('',#8508,1.);
#8508 = DIRECTION('',(0.,1.,0.));
#8509 = PLANE('',#8510);
#8510 = AXIS2_PLACEMENT_3D('',#8511,#8512,#8513);
#8511 = CARTESIAN_POINT('',(-191.9354280235,387.35,2.387493201614E+03));
#8512 = DIRECTION('',(-0.404335613323,0.,0.914610688653));
#8513 = DIRECTION('',(0.914610688653,0.,0.404335613323));
#8514 = ADVANCED_FACE('',(#8515),#8533,.T.);
#8515 = FACE_BOUND('',#8516,.T.);
#8516 = EDGE_LOOP('',(#8517,#8525,#8526,#8527));
#8517 = ORIENTED_EDGE('',*,*,#8518,.F.);
#8518 = EDGE_CURVE('',#8466,#8519,#8521,.T.);
#8519 = VERTEX_POINT('',#8520);
#8520 = CARTESIAN_POINT('',(446.9423076923,425.45,2.822674012474E+03));
#8521 = LINE('',#8522,#8523);
#8522 = CARTESIAN_POINT('',(446.9423076923,386.85,2.822674012474E+03));
#8523 = VECTOR('',#8524,1.);
#8524 = DIRECTION('',(0.,1.,0.));
#8525 = ORIENTED_EDGE('',*,*,#8473,.T.);
#8526 = ORIENTED_EDGE('',*,*,#8504,.T.);
#8527 = ORIENTED_EDGE('',*,*,#8528,.F.);
#8528 = EDGE_CURVE('',#8519,#8490,#8529,.T.);
#8529 = LINE('',#8530,#8531);
#8530 = CARTESIAN_POINT('',(446.9423076923,425.45,2.409271600807E+03));
#8531 = VECTOR('',#8532,1.);
#8532 = DIRECTION('',(0.,0.,-1.));
#8533 = PLANE('',#8534);
#8534 = AXIS2_PLACEMENT_3D('',#8535,#8536,#8537);
#8535 = CARTESIAN_POINT('',(446.9423076923,386.35,2.43105E+03));
#8536 = DIRECTION('',(1.,0.,0.));
#8537 = DIRECTION('',(0.,0.,1.));
#8538 = ADVANCED_FACE('',(#8539),#8557,.T.);
#8539 = FACE_BOUND('',#8540,.T.);
#8540 = EDGE_LOOP('',(#8541,#8549,#8555,#8556));
#8541 = ORIENTED_EDGE('',*,*,#8542,.F.);
#8542 = EDGE_CURVE('',#8543,#8519,#8545,.T.);
#8543 = VERTEX_POINT('',#8544);
#8544 = CARTESIAN_POINT('',(-101.6,425.45,2.580171718147E+03));
#8545 = LINE('',#8546,#8547);
#8546 = CARTESIAN_POINT('',(-248.4211132048,425.45,2.515264314819E+03));
#8547 = VECTOR('',#8548,1.);
#8548 = DIRECTION('',(0.914610688653,0.,0.404335613323));
#8549 = ORIENTED_EDGE('',*,*,#8550,.F.);
#8550 = EDGE_CURVE('',#8458,#8543,#8551,.T.);
#8551 = LINE('',#8552,#8553);
#8552 = CARTESIAN_POINT('',(-101.6,-6.35,2.580171718147E+03));
#8553 = VECTOR('',#8554,1.);
#8554 = DIRECTION('',(0.,1.,0.));
#8555 = ORIENTED_EDGE('',*,*,#8465,.T.);
#8556 = ORIENTED_EDGE('',*,*,#8518,.T.);
#8557 = PLANE('',#8558);
#8558 = AXIS2_PLACEMENT_3D('',#8559,#8560,#8561);
#8559 = CARTESIAN_POINT('',(-248.4211132048,387.35,2.515264314819E+03));
#8560 = DIRECTION('',(-0.404335613323,0.,0.914610688653));
#8561 = DIRECTION('',(0.914610688653,0.,0.404335613323));
#8562 = ADVANCED_FACE('',(#8563),#8581,.F.);
#8563 = FACE_BOUND('',#8564,.F.);
#8564 = EDGE_LOOP('',(#8565,#8566,#8567,#8575));
#8565 = ORIENTED_EDGE('',*,*,#8550,.F.);
#8566 = ORIENTED_EDGE('',*,*,#8457,.T.);
#8567 = ORIENTED_EDGE('',*,*,#8568,.T.);
#8568 = EDGE_CURVE('',#8450,#8569,#8571,.T.);
#8569 = VERTEX_POINT('',#8570);
#8570 = CARTESIAN_POINT('',(-101.6,425.45,2.5019E+03));
#8571 = LINE('',#8572,#8573);
#8572 = CARTESIAN_POINT('',(-101.6,-400.05,2.5019E+03));
#8573 = VECTOR('',#8574,1.);
#8574 = DIRECTION('',(0.,1.,0.));
#8575 = ORIENTED_EDGE('',*,*,#8576,.F.);
#8576 = EDGE_CURVE('',#8543,#8569,#8577,.T.);
#8577 = LINE('',#8578,#8579);
#8578 = CARTESIAN_POINT('',(-101.6,425.45,2.165296600807E+03));
#8579 = VECTOR('',#8580,1.);
#8580 = DIRECTION('',(0.,0.,-1.));
#8581 = PLANE('',#8582);
#8582 = AXIS2_PLACEMENT_3D('',#8583,#8584,#8585);
#8583 = CARTESIAN_POINT('',(-101.6,-400.05,1.9431E+03));
#8584 = DIRECTION('',(1.,0.,0.));
#8585 = DIRECTION('',(0.,0.,1.));
#8586 = ADVANCED_FACE('',(#8587),#8599,.T.);
#8587 = FACE_BOUND('',#8588,.T.);
#8588 = EDGE_LOOP('',(#8589,#8590,#8596,#8597,#8598));
#8589 = ORIENTED_EDGE('',*,*,#8487,.F.);
#8590 = ORIENTED_EDGE('',*,*,#8591,.F.);
#8591 = EDGE_CURVE('',#8569,#8488,#8592,.T.);
#8592 = LINE('',#8593,#8594);
#8593 = CARTESIAN_POINT('',(-295.9927140117,425.45,2.5019E+03));
#8594 = VECTOR('',#8595,1.);
#8595 = DIRECTION('',(1.,0.,0.));
#8596 = ORIENTED_EDGE('',*,*,#8576,.F.);
#8597 = ORIENTED_EDGE('',*,*,#8542,.T.);
#8598 = ORIENTED_EDGE('',*,*,#8528,.T.);
#8599 = PLANE('',#8600);
#8600 = AXIS2_PLACEMENT_3D('',#8601,#8602,#8603);
#8601 = CARTESIAN_POINT('',(-191.9354280235,425.45,2.387493201614E+03));
#8602 = DIRECTION('',(0.,1.,0.));
#8603 = DIRECTION('',(-0.404335613323,0.,0.914610688653));
#8604 = ADVANCED_FACE('',(#8605),#8611,.T.);
#8605 = FACE_BOUND('',#8606,.T.);
#8606 = EDGE_LOOP('',(#8607,#8608,#8609,#8610));
#8607 = ORIENTED_EDGE('',*,*,#8449,.F.);
#8608 = ORIENTED_EDGE('',*,*,#8568,.T.);
#8609 = ORIENTED_EDGE('',*,*,#8591,.T.);
#8610 = ORIENTED_EDGE('',*,*,#8497,.F.);
#8611 = PLANE('',#8612);
#8612 = AXIS2_PLACEMENT_3D('',#8613,#8614,#8615);
#8613 = CARTESIAN_POINT('',(-17.37312544407,406.4,2.5019E+03));
#8614 = DIRECTION('',(-0.,-0.,-1.));
#8615 = DIRECTION('',(-1.,0.,0.));
#8616 = MANIFOLD_SOLID_BREP('',#8617);
#8617 = CLOSED_SHELL('',(#8618,#8666,#8697,#8721,#8745,#8769,#8787));
#8618 = ADVANCED_FACE('',(#8619),#8661,.F.);
#8619 = FACE_BOUND('',#8620,.F.);
#8620 = EDGE_LOOP('',(#8621,#8631,#8639,#8647,#8655));
#8621 = ORIENTED_EDGE('',*,*,#8622,.F.);
#8622 = EDGE_CURVE('',#8623,#8625,#8627,.T.);
#8623 = VERTEX_POINT('',#8624);
#8624 = CARTESIAN_POINT('',(66.853749111855,996.95,2.5019E+03));
#8625 = VERTEX_POINT('',#8626);
#8626 = CARTESIAN_POINT('',(1.103434615385E+03,996.95,2.960156792233E+03
    ));
#8627 = LINE('',#8628,#8629);
#8628 = CARTESIAN_POINT('',(-191.9354280235,996.95,2.387493201614E+03));
#8629 = VECTOR('',#8630,1.);
#8630 = DIRECTION('',(0.914610688653,0.,0.404335613323));
#8631 = ORIENTED_EDGE('',*,*,#8632,.F.);
#8632 = EDGE_CURVE('',#8633,#8623,#8635,.T.);
#8633 = VERTEX_POINT('',#8634);
#8634 = CARTESIAN_POINT('',(-101.6,996.95,2.5019E+03));
#8635 = LINE('',#8636,#8637);
#8636 = CARTESIAN_POINT('',(-295.9927140117,996.95,2.5019E+03));
#8637 = VECTOR('',#8638,1.);
#8638 = DIRECTION('',(1.,0.,0.));
#8639 = ORIENTED_EDGE('',*,*,#8640,.F.);
#8640 = EDGE_CURVE('',#8641,#8633,#8643,.T.);
#8641 = VERTEX_POINT('',#8642);
#8642 = CARTESIAN_POINT('',(-101.6,996.95,2.580171718147E+03));
#8643 = LINE('',#8644,#8645);
#8644 = CARTESIAN_POINT('',(-101.6,996.95,2.165296600807E+03));
#8645 = VECTOR('',#8646,1.);
#8646 = DIRECTION('',(0.,0.,-1.));
#8647 = ORIENTED_EDGE('',*,*,#8648,.T.);
#8648 = EDGE_CURVE('',#8641,#8649,#8651,.T.);
#8649 = VERTEX_POINT('',#8650);
#8650 = CARTESIAN_POINT('',(1.103434615385E+03,996.95,3.112899376299E+03
    ));
#8651 = LINE('',#8652,#8653);
#8652 = CARTESIAN_POINT('',(-248.4211132048,996.95,2.515264314819E+03));
#8653 = VECTOR('',#8654,1.);
#8654 = DIRECTION('',(0.914610688653,0.,0.404335613323));
#8655 = ORIENTED_EDGE('',*,*,#8656,.T.);
#8656 = EDGE_CURVE('',#8649,#8625,#8657,.T.);
#8657 = LINE('',#8658,#8659);
#8658 = CARTESIAN_POINT('',(1.103434615385E+03,996.95,2.409271600807E+03
    ));
#8659 = VECTOR('',#8660,1.);
#8660 = DIRECTION('',(0.,0.,-1.));
#8661 = PLANE('',#8662);
#8662 = AXIS2_PLACEMENT_3D('',#8663,#8664,#8665);
#8663 = CARTESIAN_POINT('',(-191.9354280235,996.95,2.387493201614E+03));
#8664 = DIRECTION('',(0.,1.,0.));
#8665 = DIRECTION('',(-0.404335613323,0.,0.914610688653));
#8666 = ADVANCED_FACE('',(#8667),#8692,.F.);
#8667 = FACE_BOUND('',#8668,.F.);
#8668 = EDGE_LOOP('',(#8669,#8679,#8685,#8686));
#8669 = ORIENTED_EDGE('',*,*,#8670,.F.);
#8670 = EDGE_CURVE('',#8671,#8673,#8675,.T.);
#8671 = VERTEX_POINT('',#8672);
#8672 = CARTESIAN_POINT('',(66.853749111855,1.03505E+03,2.5019E+03));
#8673 = VERTEX_POINT('',#8674);
#8674 = CARTESIAN_POINT('',(1.103434615385E+03,1.03505E+03,
    2.960156792233E+03));
#8675 = LINE('',#8676,#8677);
#8676 = CARTESIAN_POINT('',(-191.9354280235,1.03505E+03,
    2.387493201614E+03));
#8677 = VECTOR('',#8678,1.);
#8678 = DIRECTION('',(0.914610688653,0.,0.404335613323));
#8679 = ORIENTED_EDGE('',*,*,#8680,.F.);
#8680 = EDGE_CURVE('',#8623,#8671,#8681,.T.);
#8681 = LINE('',#8682,#8683);
#8682 = CARTESIAN_POINT('',(66.853749111855,857.25,2.5019E+03));
#8683 = VECTOR('',#8684,1.);
#8684 = DIRECTION('',(0.,1.,0.));
#8685 = ORIENTED_EDGE('',*,*,#8622,.T.);
#8686 = ORIENTED_EDGE('',*,*,#8687,.T.);
#8687 = EDGE_CURVE('',#8625,#8673,#8688,.T.);
#8688 = LINE('',#8689,#8690);
#8689 = CARTESIAN_POINT('',(1.103434615385E+03,996.45,2.960156792233E+03
    ));
#8690 = VECTOR('',#8691,1.);
#8691 = DIRECTION('',(0.,1.,0.));
#8692 = PLANE('',#8693);
#8693 = AXIS2_PLACEMENT_3D('',#8694,#8695,#8696);
#8694 = CARTESIAN_POINT('',(-191.9354280235,996.95,2.387493201614E+03));
#8695 = DIRECTION('',(-0.404335613323,0.,0.914610688653));
#8696 = DIRECTION('',(0.914610688653,0.,0.404335613323));
#8697 = ADVANCED_FACE('',(#8698),#8716,.T.);
#8698 = FACE_BOUND('',#8699,.T.);
#8699 = EDGE_LOOP('',(#8700,#8708,#8709,#8710));
#8700 = ORIENTED_EDGE('',*,*,#8701,.F.);
#8701 = EDGE_CURVE('',#8649,#8702,#8704,.T.);
#8702 = VERTEX_POINT('',#8703);
#8703 = CARTESIAN_POINT('',(1.103434615385E+03,1.03505E+03,
    3.112899376299E+03));
#8704 = LINE('',#8705,#8706);
#8705 = CARTESIAN_POINT('',(1.103434615385E+03,996.45,3.112899376299E+03
    ));
#8706 = VECTOR('',#8707,1.);
#8707 = DIRECTION('',(0.,1.,0.));
#8708 = ORIENTED_EDGE('',*,*,#8656,.T.);
#8709 = ORIENTED_EDGE('',*,*,#8687,.T.);
#8710 = ORIENTED_EDGE('',*,*,#8711,.F.);
#8711 = EDGE_CURVE('',#8702,#8673,#8712,.T.);
#8712 = LINE('',#8713,#8714);
#8713 = CARTESIAN_POINT('',(1.103434615385E+03,1.03505E+03,
    2.409271600807E+03));
#8714 = VECTOR('',#8715,1.);
#8715 = DIRECTION('',(0.,0.,-1.));
#8716 = PLANE('',#8717);
#8717 = AXIS2_PLACEMENT_3D('',#8718,#8719,#8720);
#8718 = CARTESIAN_POINT('',(1.103434615385E+03,995.95,2.43105E+03));
#8719 = DIRECTION('',(1.,0.,0.));
#8720 = DIRECTION('',(0.,0.,1.));
#8721 = ADVANCED_FACE('',(#8722),#8740,.T.);
#8722 = FACE_BOUND('',#8723,.T.);
#8723 = EDGE_LOOP('',(#8724,#8732,#8738,#8739));
#8724 = ORIENTED_EDGE('',*,*,#8725,.F.);
#8725 = EDGE_CURVE('',#8726,#8702,#8728,.T.);
#8726 = VERTEX_POINT('',#8727);
#8727 = CARTESIAN_POINT('',(-101.6,1.03505E+03,2.580171718147E+03));
#8728 = LINE('',#8729,#8730);
#8729 = CARTESIAN_POINT('',(-248.4211132048,1.03505E+03,
    2.515264314819E+03));
#8730 = VECTOR('',#8731,1.);
#8731 = DIRECTION('',(0.914610688653,0.,0.404335613323));
#8732 = ORIENTED_EDGE('',*,*,#8733,.F.);
#8733 = EDGE_CURVE('',#8641,#8726,#8734,.T.);
#8734 = LINE('',#8735,#8736);
#8735 = CARTESIAN_POINT('',(-101.6,298.45,2.580171718147E+03));
#8736 = VECTOR('',#8737,1.);
#8737 = DIRECTION('',(0.,1.,0.));
#8738 = ORIENTED_EDGE('',*,*,#8648,.T.);
#8739 = ORIENTED_EDGE('',*,*,#8701,.T.);
#8740 = PLANE('',#8741);
#8741 = AXIS2_PLACEMENT_3D('',#8742,#8743,#8744);
#8742 = CARTESIAN_POINT('',(-248.4211132048,996.95,2.515264314819E+03));
#8743 = DIRECTION('',(-0.404335613323,0.,0.914610688653));
#8744 = DIRECTION('',(0.914610688653,0.,0.404335613323));
#8745 = ADVANCED_FACE('',(#8746),#8764,.F.);
#8746 = FACE_BOUND('',#8747,.F.);
#8747 = EDGE_LOOP('',(#8748,#8749,#8750,#8758));
#8748 = ORIENTED_EDGE('',*,*,#8733,.F.);
#8749 = ORIENTED_EDGE('',*,*,#8640,.T.);
#8750 = ORIENTED_EDGE('',*,*,#8751,.T.);
#8751 = EDGE_CURVE('',#8633,#8752,#8754,.T.);
#8752 = VERTEX_POINT('',#8753);
#8753 = CARTESIAN_POINT('',(-101.6,1.03505E+03,2.5019E+03));
#8754 = LINE('',#8755,#8756);
#8755 = CARTESIAN_POINT('',(-101.6,-400.05,2.5019E+03));
#8756 = VECTOR('',#8757,1.);
#8757 = DIRECTION('',(0.,1.,0.));
#8758 = ORIENTED_EDGE('',*,*,#8759,.F.);
#8759 = EDGE_CURVE('',#8726,#8752,#8760,.T.);
#8760 = LINE('',#8761,#8762);
#8761 = CARTESIAN_POINT('',(-101.6,1.03505E+03,2.165296600807E+03));
#8762 = VECTOR('',#8763,1.);
#8763 = DIRECTION('',(0.,0.,-1.));
#8764 = PLANE('',#8765);
#8765 = AXIS2_PLACEMENT_3D('',#8766,#8767,#8768);
#8766 = CARTESIAN_POINT('',(-101.6,-400.05,1.9431E+03));
#8767 = DIRECTION('',(1.,0.,0.));
#8768 = DIRECTION('',(0.,0.,1.));
#8769 = ADVANCED_FACE('',(#8770),#8782,.T.);
#8770 = FACE_BOUND('',#8771,.T.);
#8771 = EDGE_LOOP('',(#8772,#8773,#8779,#8780,#8781));
#8772 = ORIENTED_EDGE('',*,*,#8670,.F.);
#8773 = ORIENTED_EDGE('',*,*,#8774,.F.);
#8774 = EDGE_CURVE('',#8752,#8671,#8775,.T.);
#8775 = LINE('',#8776,#8777);
#8776 = CARTESIAN_POINT('',(-295.9927140117,1.03505E+03,2.5019E+03));
#8777 = VECTOR('',#8778,1.);
#8778 = DIRECTION('',(1.,0.,0.));
#8779 = ORIENTED_EDGE('',*,*,#8759,.F.);
#8780 = ORIENTED_EDGE('',*,*,#8725,.T.);
#8781 = ORIENTED_EDGE('',*,*,#8711,.T.);
#8782 = PLANE('',#8783);
#8783 = AXIS2_PLACEMENT_3D('',#8784,#8785,#8786);
#8784 = CARTESIAN_POINT('',(-191.9354280235,1.03505E+03,
    2.387493201614E+03));
#8785 = DIRECTION('',(0.,1.,0.));
#8786 = DIRECTION('',(-0.404335613323,0.,0.914610688653));
#8787 = ADVANCED_FACE('',(#8788),#8794,.T.);
#8788 = FACE_BOUND('',#8789,.T.);
#8789 = EDGE_LOOP('',(#8790,#8791,#8792,#8793));
#8790 = ORIENTED_EDGE('',*,*,#8632,.F.);
#8791 = ORIENTED_EDGE('',*,*,#8751,.T.);
#8792 = ORIENTED_EDGE('',*,*,#8774,.T.);
#8793 = ORIENTED_EDGE('',*,*,#8680,.F.);
#8794 = PLANE('',#8795);
#8795 = AXIS2_PLACEMENT_3D('',#8796,#8797,#8798);
#8796 = CARTESIAN_POINT('',(-17.37312544407,1.016E+03,2.5019E+03));
#8797 = DIRECTION('',(-0.,-0.,-1.));
#8798 = DIRECTION('',(-1.,0.,0.));
#8799 = MANIFOLD_SOLID_BREP('',#8800);
#8800 = CLOSED_SHELL('',(#8801,#8849,#8880,#8904,#8928,#8952,#8970));
#8801 = ADVANCED_FACE('',(#8802),#8844,.F.);
#8802 = FACE_BOUND('',#8803,.F.);
#8803 = EDGE_LOOP('',(#8804,#8814,#8822,#8830,#8838));
#8804 = ORIENTED_EDGE('',*,*,#8805,.F.);
#8805 = EDGE_CURVE('',#8806,#8808,#8810,.T.);
#8806 = VERTEX_POINT('',#8807);
#8807 = CARTESIAN_POINT('',(66.853749111855,1.60655E+03,2.5019E+03));
#8808 = VERTEX_POINT('',#8809);
#8809 = CARTESIAN_POINT('',(1.759926923077E+03,1.60655E+03,
    3.250382156058E+03));
#8810 = LINE('',#8811,#8812);
#8811 = CARTESIAN_POINT('',(-191.9354280235,1.60655E+03,
    2.387493201614E+03));
#8812 = VECTOR('',#8813,1.);
#8813 = DIRECTION('',(0.914610688653,0.,0.404335613323));
#8814 = ORIENTED_EDGE('',*,*,#8815,.F.);
#8815 = EDGE_CURVE('',#8816,#8806,#8818,.T.);
#8816 = VERTEX_POINT('',#8817);
#8817 = CARTESIAN_POINT('',(-101.6,1.60655E+03,2.5019E+03));
#8818 = LINE('',#8819,#8820);
#8819 = CARTESIAN_POINT('',(-295.9927140117,1.60655E+03,2.5019E+03));
#8820 = VECTOR('',#8821,1.);
#8821 = DIRECTION('',(1.,0.,0.));
#8822 = ORIENTED_EDGE('',*,*,#8823,.F.);
#8823 = EDGE_CURVE('',#8824,#8816,#8826,.T.);
#8824 = VERTEX_POINT('',#8825);
#8825 = CARTESIAN_POINT('',(-101.6,1.60655E+03,2.580171718147E+03));
#8826 = LINE('',#8827,#8828);
#8827 = CARTESIAN_POINT('',(-101.6,1.60655E+03,2.165296600807E+03));
#8828 = VECTOR('',#8829,1.);
#8829 = DIRECTION('',(0.,0.,-1.));
#8830 = ORIENTED_EDGE('',*,*,#8831,.T.);
#8831 = EDGE_CURVE('',#8824,#8832,#8834,.T.);
#8832 = VERTEX_POINT('',#8833);
#8833 = CARTESIAN_POINT('',(1.759926923077E+03,1.60655E+03,
    3.403124740125E+03));
#8834 = LINE('',#8835,#8836);
#8835 = CARTESIAN_POINT('',(-248.4211132048,1.60655E+03,
    2.515264314819E+03));
#8836 = VECTOR('',#8837,1.);
#8837 = DIRECTION('',(0.914610688653,0.,0.404335613323));
#8838 = ORIENTED_EDGE('',*,*,#8839,.T.);
#8839 = EDGE_CURVE('',#8832,#8808,#8840,.T.);
#8840 = LINE('',#8841,#8842);
#8841 = CARTESIAN_POINT('',(1.759926923077E+03,1.60655E+03,
    2.409271600807E+03));
#8842 = VECTOR('',#8843,1.);
#8843 = DIRECTION('',(0.,0.,-1.));
#8844 = PLANE('',#8845);
#8845 = AXIS2_PLACEMENT_3D('',#8846,#8847,#8848);
#8846 = CARTESIAN_POINT('',(-191.9354280235,1.60655E+03,
    2.387493201614E+03));
#8847 = DIRECTION('',(0.,1.,0.));
#8848 = DIRECTION('',(-0.404335613323,0.,0.914610688653));
#8849 = ADVANCED_FACE('',(#8850),#8875,.F.);
#8850 = FACE_BOUND('',#8851,.F.);
#8851 = EDGE_LOOP('',(#8852,#8862,#8868,#8869));
#8852 = ORIENTED_EDGE('',*,*,#8853,.F.);
#8853 = EDGE_CURVE('',#8854,#8856,#8858,.T.);
#8854 = VERTEX_POINT('',#8855);
#8855 = CARTESIAN_POINT('',(66.853749111855,1.64465E+03,2.5019E+03));
#8856 = VERTEX_POINT('',#8857);
#8857 = CARTESIAN_POINT('',(1.759926923077E+03,1.64465E+03,
    3.250382156058E+03));
#8858 = LINE('',#8859,#8860);
#8859 = CARTESIAN_POINT('',(-191.9354280235,1.64465E+03,
    2.387493201614E+03));
#8860 = VECTOR('',#8861,1.);
#8861 = DIRECTION('',(0.914610688653,0.,0.404335613323));
#8862 = ORIENTED_EDGE('',*,*,#8863,.F.);
#8863 = EDGE_CURVE('',#8806,#8854,#8864,.T.);
#8864 = LINE('',#8865,#8866);
#8865 = CARTESIAN_POINT('',(66.853749111855,1.46685E+03,2.5019E+03));
#8866 = VECTOR('',#8867,1.);
#8867 = DIRECTION('',(0.,1.,0.));
#8868 = ORIENTED_EDGE('',*,*,#8805,.T.);
#8869 = ORIENTED_EDGE('',*,*,#8870,.T.);
#8870 = EDGE_CURVE('',#8808,#8856,#8871,.T.);
#8871 = LINE('',#8872,#8873);
#8872 = CARTESIAN_POINT('',(1.759926923077E+03,1.60605E+03,
    3.250382156058E+03));
#8873 = VECTOR('',#8874,1.);
#8874 = DIRECTION('',(0.,1.,0.));
#8875 = PLANE('',#8876);
#8876 = AXIS2_PLACEMENT_3D('',#8877,#8878,#8879);
#8877 = CARTESIAN_POINT('',(-191.9354280235,1.60655E+03,
    2.387493201614E+03));
#8878 = DIRECTION('',(-0.404335613323,0.,0.914610688653));
#8879 = DIRECTION('',(0.914610688653,0.,0.404335613323));
#8880 = ADVANCED_FACE('',(#8881),#8899,.T.);
#8881 = FACE_BOUND('',#8882,.T.);
#8882 = EDGE_LOOP('',(#8883,#8891,#8892,#8893));
#8883 = ORIENTED_EDGE('',*,*,#8884,.F.);
#8884 = EDGE_CURVE('',#8832,#8885,#8887,.T.);
#8885 = VERTEX_POINT('',#8886);
#8886 = CARTESIAN_POINT('',(1.759926923077E+03,1.64465E+03,
    3.403124740125E+03));
#8887 = LINE('',#8888,#8889);
#8888 = CARTESIAN_POINT('',(1.759926923077E+03,1.60605E+03,
    3.403124740125E+03));
#8889 = VECTOR('',#8890,1.);
#8890 = DIRECTION('',(0.,1.,0.));
#8891 = ORIENTED_EDGE('',*,*,#8839,.T.);
#8892 = ORIENTED_EDGE('',*,*,#8870,.T.);
#8893 = ORIENTED_EDGE('',*,*,#8894,.F.);
#8894 = EDGE_CURVE('',#8885,#8856,#8895,.T.);
#8895 = LINE('',#8896,#8897);
#8896 = CARTESIAN_POINT('',(1.759926923077E+03,1.64465E+03,
    2.409271600807E+03));
#8897 = VECTOR('',#8898,1.);
#8898 = DIRECTION('',(0.,0.,-1.));
#8899 = PLANE('',#8900);
#8900 = AXIS2_PLACEMENT_3D('',#8901,#8902,#8903);
#8901 = CARTESIAN_POINT('',(1.759926923077E+03,1.60555E+03,2.43105E+03)
  );
#8902 = DIRECTION('',(1.,0.,0.));
#8903 = DIRECTION('',(0.,0.,1.));
#8904 = ADVANCED_FACE('',(#8905),#8923,.T.);
#8905 = FACE_BOUND('',#8906,.T.);
#8906 = EDGE_LOOP('',(#8907,#8915,#8921,#8922));
#8907 = ORIENTED_EDGE('',*,*,#8908,.F.);
#8908 = EDGE_CURVE('',#8909,#8885,#8911,.T.);
#8909 = VERTEX_POINT('',#8910);
#8910 = CARTESIAN_POINT('',(-101.6,1.64465E+03,2.580171718147E+03));
#8911 = LINE('',#8912,#8913);
#8912 = CARTESIAN_POINT('',(-248.4211132048,1.64465E+03,
    2.515264314819E+03));
#8913 = VECTOR('',#8914,1.);
#8914 = DIRECTION('',(0.914610688653,0.,0.404335613323));
#8915 = ORIENTED_EDGE('',*,*,#8916,.F.);
#8916 = EDGE_CURVE('',#8824,#8909,#8917,.T.);
#8917 = LINE('',#8918,#8919);
#8918 = CARTESIAN_POINT('',(-101.6,603.25,2.580171718147E+03));
#8919 = VECTOR('',#8920,1.);
#8920 = DIRECTION('',(0.,1.,0.));
#8921 = ORIENTED_EDGE('',*,*,#8831,.T.);
#8922 = ORIENTED_EDGE('',*,*,#8884,.T.);
#8923 = PLANE('',#8924);
#8924 = AXIS2_PLACEMENT_3D('',#8925,#8926,#8927);
#8925 = CARTESIAN_POINT('',(-248.4211132048,1.60655E+03,
    2.515264314819E+03));
#8926 = DIRECTION('',(-0.404335613323,0.,0.914610688653));
#8927 = DIRECTION('',(0.914610688653,0.,0.404335613323));
#8928 = ADVANCED_FACE('',(#8929),#8947,.F.);
#8929 = FACE_BOUND('',#8930,.F.);
#8930 = EDGE_LOOP('',(#8931,#8932,#8933,#8941));
#8931 = ORIENTED_EDGE('',*,*,#8916,.F.);
#8932 = ORIENTED_EDGE('',*,*,#8823,.T.);
#8933 = ORIENTED_EDGE('',*,*,#8934,.T.);
#8934 = EDGE_CURVE('',#8816,#8935,#8937,.T.);
#8935 = VERTEX_POINT('',#8936);
#8936 = CARTESIAN_POINT('',(-101.6,1.64465E+03,2.5019E+03));
#8937 = LINE('',#8938,#8939);
#8938 = CARTESIAN_POINT('',(-101.6,-400.05,2.5019E+03));
#8939 = VECTOR('',#8940,1.);
#8940 = DIRECTION('',(0.,1.,0.));
#8941 = ORIENTED_EDGE('',*,*,#8942,.F.);
#8942 = EDGE_CURVE('',#8909,#8935,#8943,.T.);
#8943 = LINE('',#8944,#8945);
#8944 = CARTESIAN_POINT('',(-101.6,1.64465E+03,2.165296600807E+03));
#8945 = VECTOR('',#8946,1.);
#8946 = DIRECTION('',(0.,0.,-1.));
#8947 = PLANE('',#8948);
#8948 = AXIS2_PLACEMENT_3D('',#8949,#8950,#8951);
#8949 = CARTESIAN_POINT('',(-101.6,-400.05,1.9431E+03));
#8950 = DIRECTION('',(1.,0.,0.));
#8951 = DIRECTION('',(0.,0.,1.));
#8952 = ADVANCED_FACE('',(#8953),#8965,.T.);
#8953 = FACE_BOUND('',#8954,.T.);
#8954 = EDGE_LOOP('',(#8955,#8956,#8962,#8963,#8964));
#8955 = ORIENTED_EDGE('',*,*,#8853,.F.);
#8956 = ORIENTED_EDGE('',*,*,#8957,.F.);
#8957 = EDGE_CURVE('',#8935,#8854,#8958,.T.);
#8958 = LINE('',#8959,#8960);
#8959 = CARTESIAN_POINT('',(-295.9927140117,1.64465E+03,2.5019E+03));
#8960 = VECTOR('',#8961,1.);
#8961 = DIRECTION('',(1.,0.,0.));
#8962 = ORIENTED_EDGE('',*,*,#8942,.F.);
#8963 = ORIENTED_EDGE('',*,*,#8908,.T.);
#8964 = ORIENTED_EDGE('',*,*,#8894,.T.);
#8965 = PLANE('',#8966);
#8966 = AXIS2_PLACEMENT_3D('',#8967,#8968,#8969);
#8967 = CARTESIAN_POINT('',(-191.9354280235,1.64465E+03,
    2.387493201614E+03));
#8968 = DIRECTION('',(0.,1.,0.));
#8969 = DIRECTION('',(-0.404335613323,0.,0.914610688653));
#8970 = ADVANCED_FACE('',(#8971),#8977,.T.);
#8971 = FACE_BOUND('',#8972,.T.);
#8972 = EDGE_LOOP('',(#8973,#8974,#8975,#8976));
#8973 = ORIENTED_EDGE('',*,*,#8815,.F.);
#8974 = ORIENTED_EDGE('',*,*,#8934,.T.);
#8975 = ORIENTED_EDGE('',*,*,#8957,.T.);
#8976 = ORIENTED_EDGE('',*,*,#8863,.F.);
#8977 = PLANE('',#8978);
#8978 = AXIS2_PLACEMENT_3D('',#8979,#8980,#8981);
#8979 = CARTESIAN_POINT('',(-17.37312544407,1.6256E+03,2.5019E+03));
#8980 = DIRECTION('',(-0.,-0.,-1.));
#8981 = DIRECTION('',(-1.,0.,0.));
#8982 = MANIFOLD_SOLID_BREP('',#8983);
#8983 = CLOSED_SHELL('',(#8984,#9032,#9063,#9087,#9111,#9135,#9153));
#8984 = ADVANCED_FACE('',(#8985),#9027,.F.);
#8985 = FACE_BOUND('',#8986,.F.);
#8986 = EDGE_LOOP('',(#8987,#8997,#9005,#9013,#9021));
#8987 = ORIENTED_EDGE('',*,*,#8988,.F.);
#8988 = EDGE_CURVE('',#8989,#8991,#8993,.T.);
#8989 = VERTEX_POINT('',#8990);
#8990 = CARTESIAN_POINT('',(66.853749111855,2.21615E+03,2.5019E+03));
#8991 = VERTEX_POINT('',#8992);
#8992 = CARTESIAN_POINT('',(2.416419230769E+03,2.21615E+03,
    3.540607519883E+03));
#8993 = LINE('',#8994,#8995);
#8994 = CARTESIAN_POINT('',(-191.9354280235,2.21615E+03,
    2.387493201614E+03));
#8995 = VECTOR('',#8996,1.);
#8996 = DIRECTION('',(0.914610688653,0.,0.404335613323));
#8997 = ORIENTED_EDGE('',*,*,#8998,.F.);
#8998 = EDGE_CURVE('',#8999,#8989,#9001,.T.);
#8999 = VERTEX_POINT('',#9000);
#9000 = CARTESIAN_POINT('',(-101.6,2.21615E+03,2.5019E+03));
#9001 = LINE('',#9002,#9003);
#9002 = CARTESIAN_POINT('',(-295.9927140117,2.21615E+03,2.5019E+03));
#9003 = VECTOR('',#9004,1.);
#9004 = DIRECTION('',(1.,0.,0.));
#9005 = ORIENTED_EDGE('',*,*,#9006,.F.);
#9006 = EDGE_CURVE('',#9007,#8999,#9009,.T.);
#9007 = VERTEX_POINT('',#9008);
#9008 = CARTESIAN_POINT('',(-101.6,2.21615E+03,2.580171718147E+03));
#9009 = LINE('',#9010,#9011);
#9010 = CARTESIAN_POINT('',(-101.6,2.21615E+03,2.165296600807E+03));
#9011 = VECTOR('',#9012,1.);
#9012 = DIRECTION('',(0.,0.,-1.));
#9013 = ORIENTED_EDGE('',*,*,#9014,.T.);
#9014 = EDGE_CURVE('',#9007,#9015,#9017,.T.);
#9015 = VERTEX_POINT('',#9016);
#9016 = CARTESIAN_POINT('',(2.416419230769E+03,2.21615E+03,
    3.69335010395E+03));
#9017 = LINE('',#9018,#9019);
#9018 = CARTESIAN_POINT('',(-248.4211132048,2.21615E+03,
    2.515264314819E+03));
#9019 = VECTOR('',#9020,1.);
#9020 = DIRECTION('',(0.914610688653,0.,0.404335613323));
#9021 = ORIENTED_EDGE('',*,*,#9022,.T.);
#9022 = EDGE_CURVE('',#9015,#8991,#9023,.T.);
#9023 = LINE('',#9024,#9025);
#9024 = CARTESIAN_POINT('',(2.416419230769E+03,2.21615E+03,
    2.409271600807E+03));
#9025 = VECTOR('',#9026,1.);
#9026 = DIRECTION('',(0.,0.,-1.));
#9027 = PLANE('',#9028);
#9028 = AXIS2_PLACEMENT_3D('',#9029,#9030,#9031);
#9029 = CARTESIAN_POINT('',(-191.9354280235,2.21615E+03,
    2.387493201614E+03));
#9030 = DIRECTION('',(0.,1.,0.));
#9031 = DIRECTION('',(-0.404335613323,0.,0.914610688653));
#9032 = ADVANCED_FACE('',(#9033),#9058,.F.);
#9033 = FACE_BOUND('',#9034,.F.);
#9034 = EDGE_LOOP('',(#9035,#9045,#9051,#9052));
#9035 = ORIENTED_EDGE('',*,*,#9036,.F.);
#9036 = EDGE_CURVE('',#9037,#9039,#9041,.T.);
#9037 = VERTEX_POINT('',#9038);
#9038 = CARTESIAN_POINT('',(66.853749111855,2.25425E+03,2.5019E+03));
#9039 = VERTEX_POINT('',#9040);
#9040 = CARTESIAN_POINT('',(2.416419230769E+03,2.25425E+03,
    3.540607519883E+03));
#9041 = LINE('',#9042,#9043);
#9042 = CARTESIAN_POINT('',(-191.9354280235,2.25425E+03,
    2.387493201614E+03));
#9043 = VECTOR('',#9044,1.);
#9044 = DIRECTION('',(0.914610688653,0.,0.404335613323));
#9045 = ORIENTED_EDGE('',*,*,#9046,.F.);
#9046 = EDGE_CURVE('',#8989,#9037,#9047,.T.);
#9047 = LINE('',#9048,#9049);
#9048 = CARTESIAN_POINT('',(66.853749111855,2.07645E+03,2.5019E+03));
#9049 = VECTOR('',#9050,1.);
#9050 = DIRECTION('',(0.,1.,0.));
#9051 = ORIENTED_EDGE('',*,*,#8988,.T.);
#9052 = ORIENTED_EDGE('',*,*,#9053,.T.);
#9053 = EDGE_CURVE('',#8991,#9039,#9054,.T.);
#9054 = LINE('',#9055,#9056);
#9055 = CARTESIAN_POINT('',(2.416419230769E+03,2.21565E+03,
    3.540607519883E+03));
#9056 = VECTOR('',#9057,1.);
#9057 = DIRECTION('',(0.,1.,0.));
#9058 = PLANE('',#9059);
#9059 = AXIS2_PLACEMENT_3D('',#9060,#9061,#9062);
#9060 = CARTESIAN_POINT('',(-191.9354280235,2.21615E+03,
    2.387493201614E+03));
#9061 = DIRECTION('',(-0.404335613323,0.,0.914610688653));
#9062 = DIRECTION('',(0.914610688653,0.,0.404335613323));
#9063 = ADVANCED_FACE('',(#9064),#9082,.T.);
#9064 = FACE_BOUND('',#9065,.T.);
#9065 = EDGE_LOOP('',(#9066,#9074,#9075,#9076));
#9066 = ORIENTED_EDGE('',*,*,#9067,.F.);
#9067 = EDGE_CURVE('',#9015,#9068,#9070,.T.);
#9068 = VERTEX_POINT('',#9069);
#9069 = CARTESIAN_POINT('',(2.416419230769E+03,2.25425E+03,
    3.69335010395E+03));
#9070 = LINE('',#9071,#9072);
#9071 = CARTESIAN_POINT('',(2.416419230769E+03,2.21565E+03,
    3.69335010395E+03));
#9072 = VECTOR('',#9073,1.);
#9073 = DIRECTION('',(0.,1.,0.));
#9074 = ORIENTED_EDGE('',*,*,#9022,.T.);
#9075 = ORIENTED_EDGE('',*,*,#9053,.T.);
#9076 = ORIENTED_EDGE('',*,*,#9077,.F.);
#9077 = EDGE_CURVE('',#9068,#9039,#9078,.T.);
#9078 = LINE('',#9079,#9080);
#9079 = CARTESIAN_POINT('',(2.416419230769E+03,2.25425E+03,
    2.409271600807E+03));
#9080 = VECTOR('',#9081,1.);
#9081 = DIRECTION('',(0.,0.,-1.));
#9082 = PLANE('',#9083);
#9083 = AXIS2_PLACEMENT_3D('',#9084,#9085,#9086);
#9084 = CARTESIAN_POINT('',(2.416419230769E+03,2.21515E+03,2.43105E+03)
  );
#9085 = DIRECTION('',(1.,0.,0.));
#9086 = DIRECTION('',(0.,0.,1.));
#9087 = ADVANCED_FACE('',(#9088),#9106,.T.);
#9088 = FACE_BOUND('',#9089,.T.);
#9089 = EDGE_LOOP('',(#9090,#9098,#9104,#9105));
#9090 = ORIENTED_EDGE('',*,*,#9091,.F.);
#9091 = EDGE_CURVE('',#9092,#9068,#9094,.T.);
#9092 = VERTEX_POINT('',#9093);
#9093 = CARTESIAN_POINT('',(-101.6,2.25425E+03,2.580171718147E+03));
#9094 = LINE('',#9095,#9096);
#9095 = CARTESIAN_POINT('',(-248.4211132048,2.25425E+03,
    2.515264314819E+03));
#9096 = VECTOR('',#9097,1.);
#9097 = DIRECTION('',(0.914610688653,0.,0.404335613323));
#9098 = ORIENTED_EDGE('',*,*,#9099,.F.);
#9099 = EDGE_CURVE('',#9007,#9092,#9100,.T.);
#9100 = LINE('',#9101,#9102);
#9101 = CARTESIAN_POINT('',(-101.6,908.05,2.580171718147E+03));
#9102 = VECTOR('',#9103,1.);
#9103 = DIRECTION('',(0.,1.,0.));
#9104 = ORIENTED_EDGE('',*,*,#9014,.T.);
#9105 = ORIENTED_EDGE('',*,*,#9067,.T.);
#9106 = PLANE('',#9107);
#9107 = AXIS2_PLACEMENT_3D('',#9108,#9109,#9110);
#9108 = CARTESIAN_POINT('',(-248.4211132048,2.21615E+03,
    2.515264314819E+03));
#9109 = DIRECTION('',(-0.404335613323,0.,0.914610688653));
#9110 = DIRECTION('',(0.914610688653,0.,0.404335613323));
#9111 = ADVANCED_FACE('',(#9112),#9130,.F.);
#9112 = FACE_BOUND('',#9113,.F.);
#9113 = EDGE_LOOP('',(#9114,#9115,#9116,#9124));
#9114 = ORIENTED_EDGE('',*,*,#9099,.F.);
#9115 = ORIENTED_EDGE('',*,*,#9006,.T.);
#9116 = ORIENTED_EDGE('',*,*,#9117,.T.);
#9117 = EDGE_CURVE('',#8999,#9118,#9120,.T.);
#9118 = VERTEX_POINT('',#9119);
#9119 = CARTESIAN_POINT('',(-101.6,2.25425E+03,2.5019E+03));
#9120 = LINE('',#9121,#9122);
#9121 = CARTESIAN_POINT('',(-101.6,-400.05,2.5019E+03));
#9122 = VECTOR('',#9123,1.);
#9123 = DIRECTION('',(0.,1.,0.));
#9124 = ORIENTED_EDGE('',*,*,#9125,.F.);
#9125 = EDGE_CURVE('',#9092,#9118,#9126,.T.);
#9126 = LINE('',#9127,#9128);
#9127 = CARTESIAN_POINT('',(-101.6,2.25425E+03,2.165296600807E+03));
#9128 = VECTOR('',#9129,1.);
#9129 = DIRECTION('',(0.,0.,-1.));
#9130 = PLANE('',#9131);
#9131 = AXIS2_PLACEMENT_3D('',#9132,#9133,#9134);
#9132 = CARTESIAN_POINT('',(-101.6,-400.05,1.9431E+03));
#9133 = DIRECTION('',(1.,0.,0.));
#9134 = DIRECTION('',(0.,0.,1.));
#9135 = ADVANCED_FACE('',(#9136),#9148,.T.);
#9136 = FACE_BOUND('',#9137,.T.);
#9137 = EDGE_LOOP('',(#9138,#9139,#9145,#9146,#9147));
#9138 = ORIENTED_EDGE('',*,*,#9036,.F.);
#9139 = ORIENTED_EDGE('',*,*,#9140,.F.);
#9140 = EDGE_CURVE('',#9118,#9037,#9141,.T.);
#9141 = LINE('',#9142,#9143);
#9142 = CARTESIAN_POINT('',(-295.9927140117,2.25425E+03,2.5019E+03));
#9143 = VECTOR('',#9144,1.);
#9144 = DIRECTION('',(1.,0.,0.));
#9145 = ORIENTED_EDGE('',*,*,#9125,.F.);
#9146 = ORIENTED_EDGE('',*,*,#9091,.T.);
#9147 = ORIENTED_EDGE('',*,*,#9077,.T.);
#9148 = PLANE('',#9149);
#9149 = AXIS2_PLACEMENT_3D('',#9150,#9151,#9152);
#9150 = CARTESIAN_POINT('',(-191.9354280235,2.25425E+03,
    2.387493201614E+03));
#9151 = DIRECTION('',(0.,1.,0.));
#9152 = DIRECTION('',(-0.404335613323,0.,0.914610688653));
#9153 = ADVANCED_FACE('',(#9154),#9160,.T.);
#9154 = FACE_BOUND('',#9155,.T.);
#9155 = EDGE_LOOP('',(#9156,#9157,#9158,#9159));
#9156 = ORIENTED_EDGE('',*,*,#8998,.F.);
#9157 = ORIENTED_EDGE('',*,*,#9117,.T.);
#9158 = ORIENTED_EDGE('',*,*,#9140,.T.);
#9159 = ORIENTED_EDGE('',*,*,#9046,.F.);
#9160 = PLANE('',#9161);
#9161 = AXIS2_PLACEMENT_3D('',#9162,#9163,#9164);
#9162 = CARTESIAN_POINT('',(-17.37312544407,2.2352E+03,2.5019E+03));
#9163 = DIRECTION('',(-0.,-0.,-1.));
#9164 = DIRECTION('',(-1.,0.,0.));
#9165 = MANIFOLD_SOLID_BREP('',#9166);
#9166 = CLOSED_SHELL('',(#9167,#9215,#9246,#9270,#9294,#9318,#9336));
#9167 = ADVANCED_FACE('',(#9168),#9210,.F.);
#9168 = FACE_BOUND('',#9169,.F.);
#9169 = EDGE_LOOP('',(#9170,#9180,#9188,#9196,#9204));
#9170 = ORIENTED_EDGE('',*,*,#9171,.F.);
#9171 = EDGE_CURVE('',#9172,#9174,#9176,.T.);
#9172 = VERTEX_POINT('',#9173);
#9173 = CARTESIAN_POINT('',(66.853749111855,2.82575E+03,2.5019E+03));
#9174 = VERTEX_POINT('',#9175);
#9175 = CARTESIAN_POINT('',(3.072911538462E+03,2.82575E+03,
    3.830832883709E+03));
#9176 = LINE('',#9177,#9178);
#9177 = CARTESIAN_POINT('',(-191.9354280235,2.82575E+03,
    2.387493201614E+03));
#9178 = VECTOR('',#9179,1.);
#9179 = DIRECTION('',(0.914610688653,0.,0.404335613323));
#9180 = ORIENTED_EDGE('',*,*,#9181,.F.);
#9181 = EDGE_CURVE('',#9182,#9172,#9184,.T.);
#9182 = VERTEX_POINT('',#9183);
#9183 = CARTESIAN_POINT('',(-101.6,2.82575E+03,2.5019E+03));
#9184 = LINE('',#9185,#9186);
#9185 = CARTESIAN_POINT('',(-295.9927140117,2.82575E+03,2.5019E+03));
#9186 = VECTOR('',#9187,1.);
#9187 = DIRECTION('',(1.,0.,0.));
#9188 = ORIENTED_EDGE('',*,*,#9189,.F.);
#9189 = EDGE_CURVE('',#9190,#9182,#9192,.T.);
#9190 = VERTEX_POINT('',#9191);
#9191 = CARTESIAN_POINT('',(-101.6,2.82575E+03,2.580171718147E+03));
#9192 = LINE('',#9193,#9194);
#9193 = CARTESIAN_POINT('',(-101.6,2.82575E+03,2.165296600807E+03));
#9194 = VECTOR('',#9195,1.);
#9195 = DIRECTION('',(0.,0.,-1.));
#9196 = ORIENTED_EDGE('',*,*,#9197,.T.);
#9197 = EDGE_CURVE('',#9190,#9198,#9200,.T.);
#9198 = VERTEX_POINT('',#9199);
#9199 = CARTESIAN_POINT('',(3.072911538462E+03,2.82575E+03,
    3.983575467775E+03));
#9200 = LINE('',#9201,#9202);
#9201 = CARTESIAN_POINT('',(-248.4211132048,2.82575E+03,
    2.515264314819E+03));
#9202 = VECTOR('',#9203,1.);
#9203 = DIRECTION('',(0.914610688653,0.,0.404335613323));
#9204 = ORIENTED_EDGE('',*,*,#9205,.T.);
#9205 = EDGE_CURVE('',#9198,#9174,#9206,.T.);
#9206 = LINE('',#9207,#9208);
#9207 = CARTESIAN_POINT('',(3.072911538462E+03,2.82575E+03,
    2.409271600807E+03));
#9208 = VECTOR('',#9209,1.);
#9209 = DIRECTION('',(0.,0.,-1.));
#9210 = PLANE('',#9211);
#9211 = AXIS2_PLACEMENT_3D('',#9212,#9213,#9214);
#9212 = CARTESIAN_POINT('',(-191.9354280235,2.82575E+03,
    2.387493201614E+03));
#9213 = DIRECTION('',(0.,1.,0.));
#9214 = DIRECTION('',(-0.404335613323,0.,0.914610688653));
#9215 = ADVANCED_FACE('',(#9216),#9241,.F.);
#9216 = FACE_BOUND('',#9217,.F.);
#9217 = EDGE_LOOP('',(#9218,#9228,#9234,#9235));
#9218 = ORIENTED_EDGE('',*,*,#9219,.F.);
#9219 = EDGE_CURVE('',#9220,#9222,#9224,.T.);
#9220 = VERTEX_POINT('',#9221);
#9221 = CARTESIAN_POINT('',(66.853749111855,2.86385E+03,2.5019E+03));
#9222 = VERTEX_POINT('',#9223);
#9223 = CARTESIAN_POINT('',(3.072911538462E+03,2.86385E+03,
    3.830832883709E+03));
#9224 = LINE('',#9225,#9226);
#9225 = CARTESIAN_POINT('',(-191.9354280235,2.86385E+03,
    2.387493201614E+03));
#9226 = VECTOR('',#9227,1.);
#9227 = DIRECTION('',(0.914610688653,0.,0.404335613323));
#9228 = ORIENTED_EDGE('',*,*,#9229,.F.);
#9229 = EDGE_CURVE('',#9172,#9220,#9230,.T.);
#9230 = LINE('',#9231,#9232);
#9231 = CARTESIAN_POINT('',(66.853749111855,2.68605E+03,2.5019E+03));
#9232 = VECTOR('',#9233,1.);
#9233 = DIRECTION('',(0.,1.,0.));
#9234 = ORIENTED_EDGE('',*,*,#9171,.T.);
#9235 = ORIENTED_EDGE('',*,*,#9236,.T.);
#9236 = EDGE_CURVE('',#9174,#9222,#9237,.T.);
#9237 = LINE('',#9238,#9239);
#9238 = CARTESIAN_POINT('',(3.072911538462E+03,2.82525E+03,
    3.830832883709E+03));
#9239 = VECTOR('',#9240,1.);
#9240 = DIRECTION('',(0.,1.,0.));
#9241 = PLANE('',#9242);
#9242 = AXIS2_PLACEMENT_3D('',#9243,#9244,#9245);
#9243 = CARTESIAN_POINT('',(-191.9354280235,2.82575E+03,
    2.387493201614E+03));
#9244 = DIRECTION('',(-0.404335613323,0.,0.914610688653));
#9245 = DIRECTION('',(0.914610688653,0.,0.404335613323));
#9246 = ADVANCED_FACE('',(#9247),#9265,.T.);
#9247 = FACE_BOUND('',#9248,.T.);
#9248 = EDGE_LOOP('',(#9249,#9257,#9258,#9259));
#9249 = ORIENTED_EDGE('',*,*,#9250,.F.);
#9250 = EDGE_CURVE('',#9198,#9251,#9253,.T.);
#9251 = VERTEX_POINT('',#9252);
#9252 = CARTESIAN_POINT('',(3.072911538462E+03,2.86385E+03,
    3.983575467775E+03));
#9253 = LINE('',#9254,#9255);
#9254 = CARTESIAN_POINT('',(3.072911538462E+03,2.82525E+03,
    3.983575467775E+03));
#9255 = VECTOR('',#9256,1.);
#9256 = DIRECTION('',(0.,1.,0.));
#9257 = ORIENTED_EDGE('',*,*,#9205,.T.);
#9258 = ORIENTED_EDGE('',*,*,#9236,.T.);
#9259 = ORIENTED_EDGE('',*,*,#9260,.F.);
#9260 = EDGE_CURVE('',#9251,#9222,#9261,.T.);
#9261 = LINE('',#9262,#9263);
#9262 = CARTESIAN_POINT('',(3.072911538462E+03,2.86385E+03,
    2.409271600807E+03));
#9263 = VECTOR('',#9264,1.);
#9264 = DIRECTION('',(0.,0.,-1.));
#9265 = PLANE('',#9266);
#9266 = AXIS2_PLACEMENT_3D('',#9267,#9268,#9269);
#9267 = CARTESIAN_POINT('',(3.072911538462E+03,2.82475E+03,2.43105E+03)
  );
#9268 = DIRECTION('',(1.,0.,0.));
#9269 = DIRECTION('',(0.,0.,1.));
#9270 = ADVANCED_FACE('',(#9271),#9289,.T.);
#9271 = FACE_BOUND('',#9272,.T.);
#9272 = EDGE_LOOP('',(#9273,#9281,#9287,#9288));
#9273 = ORIENTED_EDGE('',*,*,#9274,.F.);
#9274 = EDGE_CURVE('',#9275,#9251,#9277,.T.);
#9275 = VERTEX_POINT('',#9276);
#9276 = CARTESIAN_POINT('',(-101.6,2.86385E+03,2.580171718147E+03));
#9277 = LINE('',#9278,#9279);
#9278 = CARTESIAN_POINT('',(-248.4211132048,2.86385E+03,
    2.515264314819E+03));
#9279 = VECTOR('',#9280,1.);
#9280 = DIRECTION('',(0.914610688653,0.,0.404335613323));
#9281 = ORIENTED_EDGE('',*,*,#9282,.F.);
#9282 = EDGE_CURVE('',#9190,#9275,#9283,.T.);
#9283 = LINE('',#9284,#9285);
#9284 = CARTESIAN_POINT('',(-101.6,1.21285E+03,2.580171718147E+03));
#9285 = VECTOR('',#9286,1.);
#9286 = DIRECTION('',(0.,1.,0.));
#9287 = ORIENTED_EDGE('',*,*,#9197,.T.);
#9288 = ORIENTED_EDGE('',*,*,#9250,.T.);
#9289 = PLANE('',#9290);
#9290 = AXIS2_PLACEMENT_3D('',#9291,#9292,#9293);
#9291 = CARTESIAN_POINT('',(-248.4211132048,2.82575E+03,
    2.515264314819E+03));
#9292 = DIRECTION('',(-0.404335613323,0.,0.914610688653));
#9293 = DIRECTION('',(0.914610688653,0.,0.404335613323));
#9294 = ADVANCED_FACE('',(#9295),#9313,.F.);
#9295 = FACE_BOUND('',#9296,.F.);
#9296 = EDGE_LOOP('',(#9297,#9298,#9299,#9307));
#9297 = ORIENTED_EDGE('',*,*,#9282,.F.);
#9298 = ORIENTED_EDGE('',*,*,#9189,.T.);
#9299 = ORIENTED_EDGE('',*,*,#9300,.T.);
#9300 = EDGE_CURVE('',#9182,#9301,#9303,.T.);
#9301 = VERTEX_POINT('',#9302);
#9302 = CARTESIAN_POINT('',(-101.6,2.86385E+03,2.5019E+03));
#9303 = LINE('',#9304,#9305);
#9304 = CARTESIAN_POINT('',(-101.6,-400.05,2.5019E+03));
#9305 = VECTOR('',#9306,1.);
#9306 = DIRECTION('',(0.,1.,0.));
#9307 = ORIENTED_EDGE('',*,*,#9308,.F.);
#9308 = EDGE_CURVE('',#9275,#9301,#9309,.T.);
#9309 = LINE('',#9310,#9311);
#9310 = CARTESIAN_POINT('',(-101.6,2.86385E+03,2.165296600807E+03));
#9311 = VECTOR('',#9312,1.);
#9312 = DIRECTION('',(0.,0.,-1.));
#9313 = PLANE('',#9314);
#9314 = AXIS2_PLACEMENT_3D('',#9315,#9316,#9317);
#9315 = CARTESIAN_POINT('',(-101.6,-400.05,1.9431E+03));
#9316 = DIRECTION('',(1.,0.,0.));
#9317 = DIRECTION('',(0.,0.,1.));
#9318 = ADVANCED_FACE('',(#9319),#9331,.T.);
#9319 = FACE_BOUND('',#9320,.T.);
#9320 = EDGE_LOOP('',(#9321,#9322,#9328,#9329,#9330));
#9321 = ORIENTED_EDGE('',*,*,#9219,.F.);
#9322 = ORIENTED_EDGE('',*,*,#9323,.F.);
#9323 = EDGE_CURVE('',#9301,#9220,#9324,.T.);
#9324 = LINE('',#9325,#9326);
#9325 = CARTESIAN_POINT('',(-295.9927140117,2.86385E+03,2.5019E+03));
#9326 = VECTOR('',#9327,1.);
#9327 = DIRECTION('',(1.,0.,0.));
#9328 = ORIENTED_EDGE('',*,*,#9308,.F.);
#9329 = ORIENTED_EDGE('',*,*,#9274,.T.);
#9330 = ORIENTED_EDGE('',*,*,#9260,.T.);
#9331 = PLANE('',#9332);
#9332 = AXIS2_PLACEMENT_3D('',#9333,#9334,#9335);
#9333 = CARTESIAN_POINT('',(-191.9354280235,2.86385E+03,
    2.387493201614E+03));
#9334 = DIRECTION('',(0.,1.,0.));
#9335 = DIRECTION('',(-0.404335613323,0.,0.914610688653));
#9336 = ADVANCED_FACE('',(#9337),#9343,.T.);
#9337 = FACE_BOUND('',#9338,.T.);
#9338 = EDGE_LOOP('',(#9339,#9340,#9341,#9342));
#9339 = ORIENTED_EDGE('',*,*,#9181,.F.);
#9340 = ORIENTED_EDGE('',*,*,#9300,.T.);
#9341 = ORIENTED_EDGE('',*,*,#9323,.T.);
#9342 = ORIENTED_EDGE('',*,*,#9229,.F.);
#9343 = PLANE('',#9344);
#9344 = AXIS2_PLACEMENT_3D('',#9345,#9346,#9347);
#9345 = CARTESIAN_POINT('',(-17.37312544407,2.8448E+03,2.5019E+03));
#9346 = DIRECTION('',(-0.,-0.,-1.));
#9347 = DIRECTION('',(-1.,0.,0.));
#9348 = MANIFOLD_SOLID_BREP('',#9349);
#9349 = CLOSED_SHELL('',(#9350,#9398,#9429,#9453,#9477,#9501,#9519));
#9350 = ADVANCED_FACE('',(#9351),#9393,.F.);
#9351 = FACE_BOUND('',#9352,.F.);
#9352 = EDGE_LOOP('',(#9353,#9363,#9371,#9379,#9387));
#9353 = ORIENTED_EDGE('',*,*,#9354,.F.);
#9354 = EDGE_CURVE('',#9355,#9357,#9359,.T.);
#9355 = VERTEX_POINT('',#9356);
#9356 = CARTESIAN_POINT('',(66.853749111855,5.89915E+03,2.5019E+03));
#9357 = VERTEX_POINT('',#9358);
#9358 = CARTESIAN_POINT('',(446.9423076923,5.89915E+03,
    2.669931428407E+03));
#9359 = LINE('',#9360,#9361);
#9360 = CARTESIAN_POINT('',(-191.9354280235,5.89915E+03,
    2.387493201614E+03));
#9361 = VECTOR('',#9362,1.);
#9362 = DIRECTION('',(0.914610688653,0.,0.404335613323));
#9363 = ORIENTED_EDGE('',*,*,#9364,.F.);
#9364 = EDGE_CURVE('',#9365,#9355,#9367,.T.);
#9365 = VERTEX_POINT('',#9366);
#9366 = CARTESIAN_POINT('',(-101.6,5.89915E+03,2.5019E+03));
#9367 = LINE('',#9368,#9369);
#9368 = CARTESIAN_POINT('',(-295.9927140117,5.89915E+03,2.5019E+03));
#9369 = VECTOR('',#9370,1.);
#9370 = DIRECTION('',(1.,0.,0.));
#9371 = ORIENTED_EDGE('',*,*,#9372,.F.);
#9372 = EDGE_CURVE('',#9373,#9365,#9375,.T.);
#9373 = VERTEX_POINT('',#9374);
#9374 = CARTESIAN_POINT('',(-101.6,5.89915E+03,2.580171718147E+03));
#9375 = LINE('',#9376,#9377);
#9376 = CARTESIAN_POINT('',(-101.6,5.89915E+03,2.165296600807E+03));
#9377 = VECTOR('',#9378,1.);
#9378 = DIRECTION('',(0.,0.,-1.));
#9379 = ORIENTED_EDGE('',*,*,#9380,.T.);
#9380 = EDGE_CURVE('',#9373,#9381,#9383,.T.);
#9381 = VERTEX_POINT('',#9382);
#9382 = CARTESIAN_POINT('',(446.9423076923,5.89915E+03,
    2.822674012474E+03));
#9383 = LINE('',#9384,#9385);
#9384 = CARTESIAN_POINT('',(-248.4211132048,5.89915E+03,
    2.515264314819E+03));
#9385 = VECTOR('',#9386,1.);
#9386 = DIRECTION('',(0.914610688653,0.,0.404335613323));
#9387 = ORIENTED_EDGE('',*,*,#9388,.T.);
#9388 = EDGE_CURVE('',#9381,#9357,#9389,.T.);
#9389 = LINE('',#9390,#9391);
#9390 = CARTESIAN_POINT('',(446.9423076923,5.89915E+03,
    2.409271600807E+03));
#9391 = VECTOR('',#9392,1.);
#9392 = DIRECTION('',(0.,0.,-1.));
#9393 = PLANE('',#9394);
#9394 = AXIS2_PLACEMENT_3D('',#9395,#9396,#9397);
#9395 = CARTESIAN_POINT('',(-191.9354280235,5.89915E+03,
    2.387493201614E+03));
#9396 = DIRECTION('',(0.,1.,0.));
#9397 = DIRECTION('',(-0.404335613323,0.,0.914610688653));
#9398 = ADVANCED_FACE('',(#9399),#9424,.F.);
#9399 = FACE_BOUND('',#9400,.F.);
#9400 = EDGE_LOOP('',(#9401,#9411,#9417,#9418));
#9401 = ORIENTED_EDGE('',*,*,#9402,.F.);
#9402 = EDGE_CURVE('',#9403,#9405,#9407,.T.);
#9403 = VERTEX_POINT('',#9404);
#9404 = CARTESIAN_POINT('',(66.853749111855,5.93725E+03,2.5019E+03));
#9405 = VERTEX_POINT('',#9406);
#9406 = CARTESIAN_POINT('',(446.9423076923,5.93725E+03,
    2.669931428407E+03));
#9407 = LINE('',#9408,#9409);
#9408 = CARTESIAN_POINT('',(-191.9354280235,5.93725E+03,
    2.387493201614E+03));
#9409 = VECTOR('',#9410,1.);
#9410 = DIRECTION('',(0.914610688653,0.,0.404335613323));
#9411 = ORIENTED_EDGE('',*,*,#9412,.F.);
#9412 = EDGE_CURVE('',#9355,#9403,#9413,.T.);
#9413 = LINE('',#9414,#9415);
#9414 = CARTESIAN_POINT('',(66.853749111855,5.75945E+03,2.5019E+03));
#9415 = VECTOR('',#9416,1.);
#9416 = DIRECTION('',(0.,1.,0.));
#9417 = ORIENTED_EDGE('',*,*,#9354,.T.);
#9418 = ORIENTED_EDGE('',*,*,#9419,.T.);
#9419 = EDGE_CURVE('',#9357,#9405,#9420,.T.);
#9420 = LINE('',#9421,#9422);
#9421 = CARTESIAN_POINT('',(446.9423076923,5.89865E+03,
    2.669931428407E+03));
#9422 = VECTOR('',#9423,1.);
#9423 = DIRECTION('',(0.,1.,0.));
#9424 = PLANE('',#9425);
#9425 = AXIS2_PLACEMENT_3D('',#9426,#9427,#9428);
#9426 = CARTESIAN_POINT('',(-191.9354280235,5.89915E+03,
    2.387493201614E+03));
#9427 = DIRECTION('',(-0.404335613323,0.,0.914610688653));
#9428 = DIRECTION('',(0.914610688653,0.,0.404335613323));
#9429 = ADVANCED_FACE('',(#9430),#9448,.T.);
#9430 = FACE_BOUND('',#9431,.T.);
#9431 = EDGE_LOOP('',(#9432,#9440,#9441,#9442));
#9432 = ORIENTED_EDGE('',*,*,#9433,.F.);
#9433 = EDGE_CURVE('',#9381,#9434,#9436,.T.);
#9434 = VERTEX_POINT('',#9435);
#9435 = CARTESIAN_POINT('',(446.9423076923,5.93725E+03,
    2.822674012474E+03));
#9436 = LINE('',#9437,#9438);
#9437 = CARTESIAN_POINT('',(446.9423076923,5.89865E+03,
    2.822674012474E+03));
#9438 = VECTOR('',#9439,1.);
#9439 = DIRECTION('',(0.,1.,0.));
#9440 = ORIENTED_EDGE('',*,*,#9388,.T.);
#9441 = ORIENTED_EDGE('',*,*,#9419,.T.);
#9442 = ORIENTED_EDGE('',*,*,#9443,.F.);
#9443 = EDGE_CURVE('',#9434,#9405,#9444,.T.);
#9444 = LINE('',#9445,#9446);
#9445 = CARTESIAN_POINT('',(446.9423076923,5.93725E+03,
    2.409271600807E+03));
#9446 = VECTOR('',#9447,1.);
#9447 = DIRECTION('',(0.,0.,-1.));
#9448 = PLANE('',#9449);
#9449 = AXIS2_PLACEMENT_3D('',#9450,#9451,#9452);
#9450 = CARTESIAN_POINT('',(446.9423076923,5.89815E+03,2.43105E+03));
#9451 = DIRECTION('',(1.,0.,0.));
#9452 = DIRECTION('',(0.,0.,1.));
#9453 = ADVANCED_FACE('',(#9454),#9472,.T.);
#9454 = FACE_BOUND('',#9455,.T.);
#9455 = EDGE_LOOP('',(#9456,#9464,#9470,#9471));
#9456 = ORIENTED_EDGE('',*,*,#9457,.F.);
#9457 = EDGE_CURVE('',#9458,#9434,#9460,.T.);
#9458 = VERTEX_POINT('',#9459);
#9459 = CARTESIAN_POINT('',(-101.6,5.93725E+03,2.580171718147E+03));
#9460 = LINE('',#9461,#9462);
#9461 = CARTESIAN_POINT('',(-248.4211132048,5.93725E+03,
    2.515264314819E+03));
#9462 = VECTOR('',#9463,1.);
#9463 = DIRECTION('',(0.914610688653,0.,0.404335613323));
#9464 = ORIENTED_EDGE('',*,*,#9465,.F.);
#9465 = EDGE_CURVE('',#9373,#9458,#9466,.T.);
#9466 = LINE('',#9467,#9468);
#9467 = CARTESIAN_POINT('',(-101.6,2.74955E+03,2.580171718147E+03));
#9468 = VECTOR('',#9469,1.);
#9469 = DIRECTION('',(0.,1.,0.));
#9470 = ORIENTED_EDGE('',*,*,#9380,.T.);
#9471 = ORIENTED_EDGE('',*,*,#9433,.T.);
#9472 = PLANE('',#9473);
#9473 = AXIS2_PLACEMENT_3D('',#9474,#9475,#9476);
#9474 = CARTESIAN_POINT('',(-248.4211132048,5.89915E+03,
    2.515264314819E+03));
#9475 = DIRECTION('',(-0.404335613323,0.,0.914610688653));
#9476 = DIRECTION('',(0.914610688653,0.,0.404335613323));
#9477 = ADVANCED_FACE('',(#9478),#9496,.F.);
#9478 = FACE_BOUND('',#9479,.F.);
#9479 = EDGE_LOOP('',(#9480,#9481,#9482,#9490));
#9480 = ORIENTED_EDGE('',*,*,#9465,.F.);
#9481 = ORIENTED_EDGE('',*,*,#9372,.T.);
#9482 = ORIENTED_EDGE('',*,*,#9483,.T.);
#9483 = EDGE_CURVE('',#9365,#9484,#9486,.T.);
#9484 = VERTEX_POINT('',#9485);
#9485 = CARTESIAN_POINT('',(-101.6,5.93725E+03,2.5019E+03));
#9486 = LINE('',#9487,#9488);
#9487 = CARTESIAN_POINT('',(-101.6,-400.05,2.5019E+03));
#9488 = VECTOR('',#9489,1.);
#9489 = DIRECTION('',(0.,1.,0.));
#9490 = ORIENTED_EDGE('',*,*,#9491,.F.);
#9491 = EDGE_CURVE('',#9458,#9484,#9492,.T.);
#9492 = LINE('',#9493,#9494);
#9493 = CARTESIAN_POINT('',(-101.6,5.93725E+03,2.165296600807E+03));
#9494 = VECTOR('',#9495,1.);
#9495 = DIRECTION('',(0.,0.,-1.));
#9496 = PLANE('',#9497);
#9497 = AXIS2_PLACEMENT_3D('',#9498,#9499,#9500);
#9498 = CARTESIAN_POINT('',(-101.6,-400.05,1.9431E+03));
#9499 = DIRECTION('',(1.,0.,0.));
#9500 = DIRECTION('',(0.,0.,1.));
#9501 = ADVANCED_FACE('',(#9502),#9514,.T.);
#9502 = FACE_BOUND('',#9503,.T.);
#9503 = EDGE_LOOP('',(#9504,#9505,#9511,#9512,#9513));
#9504 = ORIENTED_EDGE('',*,*,#9402,.F.);
#9505 = ORIENTED_EDGE('',*,*,#9506,.F.);
#9506 = EDGE_CURVE('',#9484,#9403,#9507,.T.);
#9507 = LINE('',#9508,#9509);
#9508 = CARTESIAN_POINT('',(-295.9927140117,5.93725E+03,2.5019E+03));
#9509 = VECTOR('',#9510,1.);
#9510 = DIRECTION('',(1.,0.,0.));
#9511 = ORIENTED_EDGE('',*,*,#9491,.F.);
#9512 = ORIENTED_EDGE('',*,*,#9457,.T.);
#9513 = ORIENTED_EDGE('',*,*,#9443,.T.);
#9514 = PLANE('',#9515);
#9515 = AXIS2_PLACEMENT_3D('',#9516,#9517,#9518);
#9516 = CARTESIAN_POINT('',(-191.9354280235,5.93725E+03,
    2.387493201614E+03));
#9517 = DIRECTION('',(0.,1.,0.));
#9518 = DIRECTION('',(-0.404335613323,0.,0.914610688653));
#9519 = ADVANCED_FACE('',(#9520),#9526,.T.);
#9520 = FACE_BOUND('',#9521,.T.);
#9521 = EDGE_LOOP('',(#9522,#9523,#9524,#9525));
#9522 = ORIENTED_EDGE('',*,*,#9364,.F.);
#9523 = ORIENTED_EDGE('',*,*,#9483,.T.);
#9524 = ORIENTED_EDGE('',*,*,#9506,.T.);
#9525 = ORIENTED_EDGE('',*,*,#9412,.F.);
#9526 = PLANE('',#9527);
#9527 = AXIS2_PLACEMENT_3D('',#9528,#9529,#9530);
#9528 = CARTESIAN_POINT('',(-17.37312544407,5.9182E+03,2.5019E+03));
#9529 = DIRECTION('',(-0.,-0.,-1.));
#9530 = DIRECTION('',(-1.,0.,0.));
#9531 = MANIFOLD_SOLID_BREP('',#9532);
#9532 = CLOSED_SHELL('',(#9533,#9581,#9612,#9636,#9660,#9684,#9702));
#9533 = ADVANCED_FACE('',(#9534),#9576,.F.);
#9534 = FACE_BOUND('',#9535,.F.);
#9535 = EDGE_LOOP('',(#9536,#9546,#9554,#9562,#9570));
#9536 = ORIENTED_EDGE('',*,*,#9537,.F.);
#9537 = EDGE_CURVE('',#9538,#9540,#9542,.T.);
#9538 = VERTEX_POINT('',#9539);
#9539 = CARTESIAN_POINT('',(66.853749111855,5.28955E+03,2.5019E+03));
#9540 = VERTEX_POINT('',#9541);
#9541 = CARTESIAN_POINT('',(1.103434615385E+03,5.28955E+03,
    2.960156792233E+03));
#9542 = LINE('',#9543,#9544);
#9543 = CARTESIAN_POINT('',(-191.9354280235,5.28955E+03,
    2.387493201614E+03));
#9544 = VECTOR('',#9545,1.);
#9545 = DIRECTION('',(0.914610688653,0.,0.404335613323));
#9546 = ORIENTED_EDGE('',*,*,#9547,.F.);
#9547 = EDGE_CURVE('',#9548,#9538,#9550,.T.);
#9548 = VERTEX_POINT('',#9549);
#9549 = CARTESIAN_POINT('',(-101.6,5.28955E+03,2.5019E+03));
#9550 = LINE('',#9551,#9552);
#9551 = CARTESIAN_POINT('',(-295.9927140117,5.28955E+03,2.5019E+03));
#9552 = VECTOR('',#9553,1.);
#9553 = DIRECTION('',(1.,0.,0.));
#9554 = ORIENTED_EDGE('',*,*,#9555,.F.);
#9555 = EDGE_CURVE('',#9556,#9548,#9558,.T.);
#9556 = VERTEX_POINT('',#9557);
#9557 = CARTESIAN_POINT('',(-101.6,5.28955E+03,2.580171718147E+03));
#9558 = LINE('',#9559,#9560);
#9559 = CARTESIAN_POINT('',(-101.6,5.28955E+03,2.165296600807E+03));
#9560 = VECTOR('',#9561,1.);
#9561 = DIRECTION('',(0.,0.,-1.));
#9562 = ORIENTED_EDGE('',*,*,#9563,.T.);
#9563 = EDGE_CURVE('',#9556,#9564,#9566,.T.);
#9564 = VERTEX_POINT('',#9565);
#9565 = CARTESIAN_POINT('',(1.103434615385E+03,5.28955E+03,
    3.112899376299E+03));
#9566 = LINE('',#9567,#9568);
#9567 = CARTESIAN_POINT('',(-248.4211132048,5.28955E+03,
    2.515264314819E+03));
#9568 = VECTOR('',#9569,1.);
#9569 = DIRECTION('',(0.914610688653,0.,0.404335613323));
#9570 = ORIENTED_EDGE('',*,*,#9571,.T.);
#9571 = EDGE_CURVE('',#9564,#9540,#9572,.T.);
#9572 = LINE('',#9573,#9574);
#9573 = CARTESIAN_POINT('',(1.103434615385E+03,5.28955E+03,
    2.409271600807E+03));
#9574 = VECTOR('',#9575,1.);
#9575 = DIRECTION('',(0.,0.,-1.));
#9576 = PLANE('',#9577);
#9577 = AXIS2_PLACEMENT_3D('',#9578,#9579,#9580);
#9578 = CARTESIAN_POINT('',(-191.9354280235,5.28955E+03,
    2.387493201614E+03));
#9579 = DIRECTION('',(0.,1.,0.));
#9580 = DIRECTION('',(-0.404335613323,0.,0.914610688653));
#9581 = ADVANCED_FACE('',(#9582),#9607,.F.);
#9582 = FACE_BOUND('',#9583,.F.);
#9583 = EDGE_LOOP('',(#9584,#9594,#9600,#9601));
#9584 = ORIENTED_EDGE('',*,*,#9585,.F.);
#9585 = EDGE_CURVE('',#9586,#9588,#9590,.T.);
#9586 = VERTEX_POINT('',#9587);
#9587 = CARTESIAN_POINT('',(66.853749111855,5.32765E+03,2.5019E+03));
#9588 = VERTEX_POINT('',#9589);
#9589 = CARTESIAN_POINT('',(1.103434615385E+03,5.32765E+03,
    2.960156792233E+03));
#9590 = LINE('',#9591,#9592);
#9591 = CARTESIAN_POINT('',(-191.9354280235,5.32765E+03,
    2.387493201614E+03));
#9592 = VECTOR('',#9593,1.);
#9593 = DIRECTION('',(0.914610688653,0.,0.404335613323));
#9594 = ORIENTED_EDGE('',*,*,#9595,.F.);
#9595 = EDGE_CURVE('',#9538,#9586,#9596,.T.);
#9596 = LINE('',#9597,#9598);
#9597 = CARTESIAN_POINT('',(66.853749111855,5.14985E+03,2.5019E+03));
#9598 = VECTOR('',#9599,1.);
#9599 = DIRECTION('',(0.,1.,0.));
#9600 = ORIENTED_EDGE('',*,*,#9537,.T.);
#9601 = ORIENTED_EDGE('',*,*,#9602,.T.);
#9602 = EDGE_CURVE('',#9540,#9588,#9603,.T.);
#9603 = LINE('',#9604,#9605);
#9604 = CARTESIAN_POINT('',(1.103434615385E+03,5.28905E+03,
    2.960156792233E+03));
#9605 = VECTOR('',#9606,1.);
#9606 = DIRECTION('',(0.,1.,0.));
#9607 = PLANE('',#9608);
#9608 = AXIS2_PLACEMENT_3D('',#9609,#9610,#9611);
#9609 = CARTESIAN_POINT('',(-191.9354280235,5.28955E+03,
    2.387493201614E+03));
#9610 = DIRECTION('',(-0.404335613323,0.,0.914610688653));
#9611 = DIRECTION('',(0.914610688653,0.,0.404335613323));
#9612 = ADVANCED_FACE('',(#9613),#9631,.T.);
#9613 = FACE_BOUND('',#9614,.T.);
#9614 = EDGE_LOOP('',(#9615,#9623,#9624,#9625));
#9615 = ORIENTED_EDGE('',*,*,#9616,.F.);
#9616 = EDGE_CURVE('',#9564,#9617,#9619,.T.);
#9617 = VERTEX_POINT('',#9618);
#9618 = CARTESIAN_POINT('',(1.103434615385E+03,5.32765E+03,
    3.112899376299E+03));
#9619 = LINE('',#9620,#9621);
#9620 = CARTESIAN_POINT('',(1.103434615385E+03,5.28905E+03,
    3.112899376299E+03));
#9621 = VECTOR('',#9622,1.);
#9622 = DIRECTION('',(0.,1.,0.));
#9623 = ORIENTED_EDGE('',*,*,#9571,.T.);
#9624 = ORIENTED_EDGE('',*,*,#9602,.T.);
#9625 = ORIENTED_EDGE('',*,*,#9626,.F.);
#9626 = EDGE_CURVE('',#9617,#9588,#9627,.T.);
#9627 = LINE('',#9628,#9629);
#9628 = CARTESIAN_POINT('',(1.103434615385E+03,5.32765E+03,
    2.409271600807E+03));
#9629 = VECTOR('',#9630,1.);
#9630 = DIRECTION('',(0.,0.,-1.));
#9631 = PLANE('',#9632);
#9632 = AXIS2_PLACEMENT_3D('',#9633,#9634,#9635);
#9633 = CARTESIAN_POINT('',(1.103434615385E+03,5.28855E+03,2.43105E+03)
  );
#9634 = DIRECTION('',(1.,0.,0.));
#9635 = DIRECTION('',(0.,0.,1.));
#9636 = ADVANCED_FACE('',(#9637),#9655,.T.);
#9637 = FACE_BOUND('',#9638,.T.);
#9638 = EDGE_LOOP('',(#9639,#9647,#9653,#9654));
#9639 = ORIENTED_EDGE('',*,*,#9640,.F.);
#9640 = EDGE_CURVE('',#9641,#9617,#9643,.T.);
#9641 = VERTEX_POINT('',#9642);
#9642 = CARTESIAN_POINT('',(-101.6,5.32765E+03,2.580171718147E+03));
#9643 = LINE('',#9644,#9645);
#9644 = CARTESIAN_POINT('',(-248.4211132048,5.32765E+03,
    2.515264314819E+03));
#9645 = VECTOR('',#9646,1.);
#9646 = DIRECTION('',(0.914610688653,0.,0.404335613323));
#9647 = ORIENTED_EDGE('',*,*,#9648,.F.);
#9648 = EDGE_CURVE('',#9556,#9641,#9649,.T.);
#9649 = LINE('',#9650,#9651);
#9650 = CARTESIAN_POINT('',(-101.6,2.44475E+03,2.580171718147E+03));
#9651 = VECTOR('',#9652,1.);
#9652 = DIRECTION('',(0.,1.,0.));
#9653 = ORIENTED_EDGE('',*,*,#9563,.T.);
#9654 = ORIENTED_EDGE('',*,*,#9616,.T.);
#9655 = PLANE('',#9656);
#9656 = AXIS2_PLACEMENT_3D('',#9657,#9658,#9659);
#9657 = CARTESIAN_POINT('',(-248.4211132048,5.28955E+03,
    2.515264314819E+03));
#9658 = DIRECTION('',(-0.404335613323,0.,0.914610688653));
#9659 = DIRECTION('',(0.914610688653,0.,0.404335613323));
#9660 = ADVANCED_FACE('',(#9661),#9679,.F.);
#9661 = FACE_BOUND('',#9662,.F.);
#9662 = EDGE_LOOP('',(#9663,#9664,#9665,#9673));
#9663 = ORIENTED_EDGE('',*,*,#9648,.F.);
#9664 = ORIENTED_EDGE('',*,*,#9555,.T.);
#9665 = ORIENTED_EDGE('',*,*,#9666,.T.);
#9666 = EDGE_CURVE('',#9548,#9667,#9669,.T.);
#9667 = VERTEX_POINT('',#9668);
#9668 = CARTESIAN_POINT('',(-101.6,5.32765E+03,2.5019E+03));
#9669 = LINE('',#9670,#9671);
#9670 = CARTESIAN_POINT('',(-101.6,-400.05,2.5019E+03));
#9671 = VECTOR('',#9672,1.);
#9672 = DIRECTION('',(0.,1.,0.));
#9673 = ORIENTED_EDGE('',*,*,#9674,.F.);
#9674 = EDGE_CURVE('',#9641,#9667,#9675,.T.);
#9675 = LINE('',#9676,#9677);
#9676 = CARTESIAN_POINT('',(-101.6,5.32765E+03,2.165296600807E+03));
#9677 = VECTOR('',#9678,1.);
#9678 = DIRECTION('',(0.,0.,-1.));
#9679 = PLANE('',#9680);
#9680 = AXIS2_PLACEMENT_3D('',#9681,#9682,#9683);
#9681 = CARTESIAN_POINT('',(-101.6,-400.05,1.9431E+03));
#9682 = DIRECTION('',(1.,0.,0.));
#9683 = DIRECTION('',(0.,0.,1.));
#9684 = ADVANCED_FACE('',(#9685),#9697,.T.);
#9685 = FACE_BOUND('',#9686,.T.);
#9686 = EDGE_LOOP('',(#9687,#9688,#9694,#9695,#9696));
#9687 = ORIENTED_EDGE('',*,*,#9585,.F.);
#9688 = ORIENTED_EDGE('',*,*,#9689,.F.);
#9689 = EDGE_CURVE('',#9667,#9586,#9690,.T.);
#9690 = LINE('',#9691,#9692);
#9691 = CARTESIAN_POINT('',(-295.9927140117,5.32765E+03,2.5019E+03));
#9692 = VECTOR('',#9693,1.);
#9693 = DIRECTION('',(1.,0.,0.));
#9694 = ORIENTED_EDGE('',*,*,#9674,.F.);
#9695 = ORIENTED_EDGE('',*,*,#9640,.T.);
#9696 = ORIENTED_EDGE('',*,*,#9626,.T.);
#9697 = PLANE('',#9698);
#9698 = AXIS2_PLACEMENT_3D('',#9699,#9700,#9701);
#9699 = CARTESIAN_POINT('',(-191.9354280235,5.32765E+03,
    2.387493201614E+03));
#9700 = DIRECTION('',(0.,1.,0.));
#9701 = DIRECTION('',(-0.404335613323,0.,0.914610688653));
#9702 = ADVANCED_FACE('',(#9703),#9709,.T.);
#9703 = FACE_BOUND('',#9704,.T.);
#9704 = EDGE_LOOP('',(#9705,#9706,#9707,#9708));
#9705 = ORIENTED_EDGE('',*,*,#9547,.F.);
#9706 = ORIENTED_EDGE('',*,*,#9666,.T.);
#9707 = ORIENTED_EDGE('',*,*,#9689,.T.);
#9708 = ORIENTED_EDGE('',*,*,#9595,.F.);
#9709 = PLANE('',#9710);
#9710 = AXIS2_PLACEMENT_3D('',#9711,#9712,#9713);
#9711 = CARTESIAN_POINT('',(-17.37312544407,5.3086E+03,2.5019E+03));
#9712 = DIRECTION('',(-0.,-0.,-1.));
#9713 = DIRECTION('',(-1.,0.,0.));
#9714 = MANIFOLD_SOLID_BREP('',#9715);
#9715 = CLOSED_SHELL('',(#9716,#9764,#9795,#9819,#9843,#9867,#9885));
#9716 = ADVANCED_FACE('',(#9717),#9759,.F.);
#9717 = FACE_BOUND('',#9718,.F.);
#9718 = EDGE_LOOP('',(#9719,#9729,#9737,#9745,#9753));
#9719 = ORIENTED_EDGE('',*,*,#9720,.F.);
#9720 = EDGE_CURVE('',#9721,#9723,#9725,.T.);
#9721 = VERTEX_POINT('',#9722);
#9722 = CARTESIAN_POINT('',(66.853749111855,4.67995E+03,2.5019E+03));
#9723 = VERTEX_POINT('',#9724);
#9724 = CARTESIAN_POINT('',(1.759926923077E+03,4.67995E+03,
    3.250382156058E+03));
#9725 = LINE('',#9726,#9727);
#9726 = CARTESIAN_POINT('',(-191.9354280235,4.67995E+03,
    2.387493201614E+03));
#9727 = VECTOR('',#9728,1.);
#9728 = DIRECTION('',(0.914610688653,0.,0.404335613323));
#9729 = ORIENTED_EDGE('',*,*,#9730,.F.);
#9730 = EDGE_CURVE('',#9731,#9721,#9733,.T.);
#9731 = VERTEX_POINT('',#9732);
#9732 = CARTESIAN_POINT('',(-101.6,4.67995E+03,2.5019E+03));
#9733 = LINE('',#9734,#9735);
#9734 = CARTESIAN_POINT('',(-295.9927140117,4.67995E+03,2.5019E+03));
#9735 = VECTOR('',#9736,1.);
#9736 = DIRECTION('',(1.,0.,0.));
#9737 = ORIENTED_EDGE('',*,*,#9738,.F.);
#9738 = EDGE_CURVE('',#9739,#9731,#9741,.T.);
#9739 = VERTEX_POINT('',#9740);
#9740 = CARTESIAN_POINT('',(-101.6,4.67995E+03,2.580171718147E+03));
#9741 = LINE('',#9742,#9743);
#9742 = CARTESIAN_POINT('',(-101.6,4.67995E+03,2.165296600807E+03));
#9743 = VECTOR('',#9744,1.);
#9744 = DIRECTION('',(0.,0.,-1.));
#9745 = ORIENTED_EDGE('',*,*,#9746,.T.);
#9746 = EDGE_CURVE('',#9739,#9747,#9749,.T.);
#9747 = VERTEX_POINT('',#9748);
#9748 = CARTESIAN_POINT('',(1.759926923077E+03,4.67995E+03,
    3.403124740125E+03));
#9749 = LINE('',#9750,#9751);
#9750 = CARTESIAN_POINT('',(-248.4211132048,4.67995E+03,
    2.515264314819E+03));
#9751 = VECTOR('',#9752,1.);
#9752 = DIRECTION('',(0.914610688653,0.,0.404335613323));
#9753 = ORIENTED_EDGE('',*,*,#9754,.T.);
#9754 = EDGE_CURVE('',#9747,#9723,#9755,.T.);
#9755 = LINE('',#9756,#9757);
#9756 = CARTESIAN_POINT('',(1.759926923077E+03,4.67995E+03,
    2.409271600807E+03));
#9757 = VECTOR('',#9758,1.);
#9758 = DIRECTION('',(0.,0.,-1.));
#9759 = PLANE('',#9760);
#9760 = AXIS2_PLACEMENT_3D('',#9761,#9762,#9763);
#9761 = CARTESIAN_POINT('',(-191.9354280235,4.67995E+03,
    2.387493201614E+03));
#9762 = DIRECTION('',(0.,1.,0.));
#9763 = DIRECTION('',(-0.404335613323,0.,0.914610688653));
#9764 = ADVANCED_FACE('',(#9765),#9790,.F.);
#9765 = FACE_BOUND('',#9766,.F.);
#9766 = EDGE_LOOP('',(#9767,#9777,#9783,#9784));
#9767 = ORIENTED_EDGE('',*,*,#9768,.F.);
#9768 = EDGE_CURVE('',#9769,#9771,#9773,.T.);
#9769 = VERTEX_POINT('',#9770);
#9770 = CARTESIAN_POINT('',(66.853749111855,4.71805E+03,2.5019E+03));
#9771 = VERTEX_POINT('',#9772);
#9772 = CARTESIAN_POINT('',(1.759926923077E+03,4.71805E+03,
    3.250382156058E+03));
#9773 = LINE('',#9774,#9775);
#9774 = CARTESIAN_POINT('',(-191.9354280235,4.71805E+03,
    2.387493201614E+03));
#9775 = VECTOR('',#9776,1.);
#9776 = DIRECTION('',(0.914610688653,0.,0.404335613323));
#9777 = ORIENTED_EDGE('',*,*,#9778,.F.);
#9778 = EDGE_CURVE('',#9721,#9769,#9779,.T.);
#9779 = LINE('',#9780,#9781);
#9780 = CARTESIAN_POINT('',(66.853749111855,4.54025E+03,2.5019E+03));
#9781 = VECTOR('',#9782,1.);
#9782 = DIRECTION('',(0.,1.,0.));
#9783 = ORIENTED_EDGE('',*,*,#9720,.T.);
#9784 = ORIENTED_EDGE('',*,*,#9785,.T.);
#9785 = EDGE_CURVE('',#9723,#9771,#9786,.T.);
#9786 = LINE('',#9787,#9788);
#9787 = CARTESIAN_POINT('',(1.759926923077E+03,4.67945E+03,
    3.250382156058E+03));
#9788 = VECTOR('',#9789,1.);
#9789 = DIRECTION('',(0.,1.,0.));
#9790 = PLANE('',#9791);
#9791 = AXIS2_PLACEMENT_3D('',#9792,#9793,#9794);
#9792 = CARTESIAN_POINT('',(-191.9354280235,4.67995E+03,
    2.387493201614E+03));
#9793 = DIRECTION('',(-0.404335613323,0.,0.914610688653));
#9794 = DIRECTION('',(0.914610688653,0.,0.404335613323));
#9795 = ADVANCED_FACE('',(#9796),#9814,.T.);
#9796 = FACE_BOUND('',#9797,.T.);
#9797 = EDGE_LOOP('',(#9798,#9806,#9807,#9808));
#9798 = ORIENTED_EDGE('',*,*,#9799,.F.);
#9799 = EDGE_CURVE('',#9747,#9800,#9802,.T.);
#9800 = VERTEX_POINT('',#9801);
#9801 = CARTESIAN_POINT('',(1.759926923077E+03,4.71805E+03,
    3.403124740125E+03));
#9802 = LINE('',#9803,#9804);
#9803 = CARTESIAN_POINT('',(1.759926923077E+03,4.67945E+03,
    3.403124740125E+03));
#9804 = VECTOR('',#9805,1.);
#9805 = DIRECTION('',(0.,1.,0.));
#9806 = ORIENTED_EDGE('',*,*,#9754,.T.);
#9807 = ORIENTED_EDGE('',*,*,#9785,.T.);
#9808 = ORIENTED_EDGE('',*,*,#9809,.F.);
#9809 = EDGE_CURVE('',#9800,#9771,#9810,.T.);
#9810 = LINE('',#9811,#9812);
#9811 = CARTESIAN_POINT('',(1.759926923077E+03,4.71805E+03,
    2.409271600807E+03));
#9812 = VECTOR('',#9813,1.);
#9813 = DIRECTION('',(0.,0.,-1.));
#9814 = PLANE('',#9815);
#9815 = AXIS2_PLACEMENT_3D('',#9816,#9817,#9818);
#9816 = CARTESIAN_POINT('',(1.759926923077E+03,4.67895E+03,2.43105E+03)
  );
#9817 = DIRECTION('',(1.,0.,0.));
#9818 = DIRECTION('',(0.,0.,1.));
#9819 = ADVANCED_FACE('',(#9820),#9838,.T.);
#9820 = FACE_BOUND('',#9821,.T.);
#9821 = EDGE_LOOP('',(#9822,#9830,#9836,#9837));
#9822 = ORIENTED_EDGE('',*,*,#9823,.F.);
#9823 = EDGE_CURVE('',#9824,#9800,#9826,.T.);
#9824 = VERTEX_POINT('',#9825);
#9825 = CARTESIAN_POINT('',(-101.6,4.71805E+03,2.580171718147E+03));
#9826 = LINE('',#9827,#9828);
#9827 = CARTESIAN_POINT('',(-248.4211132048,4.71805E+03,
    2.515264314819E+03));
#9828 = VECTOR('',#9829,1.);
#9829 = DIRECTION('',(0.914610688653,0.,0.404335613323));
#9830 = ORIENTED_EDGE('',*,*,#9831,.F.);
#9831 = EDGE_CURVE('',#9739,#9824,#9832,.T.);
#9832 = LINE('',#9833,#9834);
#9833 = CARTESIAN_POINT('',(-101.6,2.13995E+03,2.580171718147E+03));
#9834 = VECTOR('',#9835,1.);
#9835 = DIRECTION('',(0.,1.,0.));
#9836 = ORIENTED_EDGE('',*,*,#9746,.T.);
#9837 = ORIENTED_EDGE('',*,*,#9799,.T.);
#9838 = PLANE('',#9839);
#9839 = AXIS2_PLACEMENT_3D('',#9840,#9841,#9842);
#9840 = CARTESIAN_POINT('',(-248.4211132048,4.67995E+03,
    2.515264314819E+03));
#9841 = DIRECTION('',(-0.404335613323,0.,0.914610688653));
#9842 = DIRECTION('',(0.914610688653,0.,0.404335613323));
#9843 = ADVANCED_FACE('',(#9844),#9862,.F.);
#9844 = FACE_BOUND('',#9845,.F.);
#9845 = EDGE_LOOP('',(#9846,#9847,#9848,#9856));
#9846 = ORIENTED_EDGE('',*,*,#9831,.F.);
#9847 = ORIENTED_EDGE('',*,*,#9738,.T.);
#9848 = ORIENTED_EDGE('',*,*,#9849,.T.);
#9849 = EDGE_CURVE('',#9731,#9850,#9852,.T.);
#9850 = VERTEX_POINT('',#9851);
#9851 = CARTESIAN_POINT('',(-101.6,4.71805E+03,2.5019E+03));
#9852 = LINE('',#9853,#9854);
#9853 = CARTESIAN_POINT('',(-101.6,-400.05,2.5019E+03));
#9854 = VECTOR('',#9855,1.);
#9855 = DIRECTION('',(0.,1.,0.));
#9856 = ORIENTED_EDGE('',*,*,#9857,.F.);
#9857 = EDGE_CURVE('',#9824,#9850,#9858,.T.);
#9858 = LINE('',#9859,#9860);
#9859 = CARTESIAN_POINT('',(-101.6,4.71805E+03,2.165296600807E+03));
#9860 = VECTOR('',#9861,1.);
#9861 = DIRECTION('',(0.,0.,-1.));
#9862 = PLANE('',#9863);
#9863 = AXIS2_PLACEMENT_3D('',#9864,#9865,#9866);
#9864 = CARTESIAN_POINT('',(-101.6,-400.05,1.9431E+03));
#9865 = DIRECTION('',(1.,0.,0.));
#9866 = DIRECTION('',(0.,0.,1.));
#9867 = ADVANCED_FACE('',(#9868),#9880,.T.);
#9868 = FACE_BOUND('',#9869,.T.);
#9869 = EDGE_LOOP('',(#9870,#9871,#9877,#9878,#9879));
#9870 = ORIENTED_EDGE('',*,*,#9768,.F.);
#9871 = ORIENTED_EDGE('',*,*,#9872,.F.);
#9872 = EDGE_CURVE('',#9850,#9769,#9873,.T.);
#9873 = LINE('',#9874,#9875);
#9874 = CARTESIAN_POINT('',(-295.9927140117,4.71805E+03,2.5019E+03));
#9875 = VECTOR('',#9876,1.);
#9876 = DIRECTION('',(1.,0.,0.));
#9877 = ORIENTED_EDGE('',*,*,#9857,.F.);
#9878 = ORIENTED_EDGE('',*,*,#9823,.T.);
#9879 = ORIENTED_EDGE('',*,*,#9809,.T.);
#9880 = PLANE('',#9881);
#9881 = AXIS2_PLACEMENT_3D('',#9882,#9883,#9884);
#9882 = CARTESIAN_POINT('',(-191.9354280235,4.71805E+03,
    2.387493201614E+03));
#9883 = DIRECTION('',(0.,1.,0.));
#9884 = DIRECTION('',(-0.404335613323,0.,0.914610688653));
#9885 = ADVANCED_FACE('',(#9886),#9892,.T.);
#9886 = FACE_BOUND('',#9887,.T.);
#9887 = EDGE_LOOP('',(#9888,#9889,#9890,#9891));
#9888 = ORIENTED_EDGE('',*,*,#9730,.F.);
#9889 = ORIENTED_EDGE('',*,*,#9849,.T.);
#9890 = ORIENTED_EDGE('',*,*,#9872,.T.);
#9891 = ORIENTED_EDGE('',*,*,#9778,.F.);
#9892 = PLANE('',#9893);
#9893 = AXIS2_PLACEMENT_3D('',#9894,#9895,#9896);
#9894 = CARTESIAN_POINT('',(-17.37312544407,4.699E+03,2.5019E+03));
#9895 = DIRECTION('',(-0.,-0.,-1.));
#9896 = DIRECTION('',(-1.,0.,0.));
#9897 = MANIFOLD_SOLID_BREP('',#9898);
#9898 = CLOSED_SHELL('',(#9899,#9947,#9978,#10002,#10026,#10050,#10068)
  );
#9899 = ADVANCED_FACE('',(#9900),#9942,.F.);
#9900 = FACE_BOUND('',#9901,.F.);
#9901 = EDGE_LOOP('',(#9902,#9912,#9920,#9928,#9936));
#9902 = ORIENTED_EDGE('',*,*,#9903,.F.);
#9903 = EDGE_CURVE('',#9904,#9906,#9908,.T.);
#9904 = VERTEX_POINT('',#9905);
#9905 = CARTESIAN_POINT('',(66.853749111855,4.07035E+03,2.5019E+03));
#9906 = VERTEX_POINT('',#9907);
#9907 = CARTESIAN_POINT('',(2.416419230769E+03,4.07035E+03,
    3.540607519883E+03));
#9908 = LINE('',#9909,#9910);
#9909 = CARTESIAN_POINT('',(-191.9354280235,4.07035E+03,
    2.387493201614E+03));
#9910 = VECTOR('',#9911,1.);
#9911 = DIRECTION('',(0.914610688653,0.,0.404335613323));
#9912 = ORIENTED_EDGE('',*,*,#9913,.F.);
#9913 = EDGE_CURVE('',#9914,#9904,#9916,.T.);
#9914 = VERTEX_POINT('',#9915);
#9915 = CARTESIAN_POINT('',(-101.6,4.07035E+03,2.5019E+03));
#9916 = LINE('',#9917,#9918);
#9917 = CARTESIAN_POINT('',(-295.9927140117,4.07035E+03,2.5019E+03));
#9918 = VECTOR('',#9919,1.);
#9919 = DIRECTION('',(1.,0.,0.));
#9920 = ORIENTED_EDGE('',*,*,#9921,.F.);
#9921 = EDGE_CURVE('',#9922,#9914,#9924,.T.);
#9922 = VERTEX_POINT('',#9923);
#9923 = CARTESIAN_POINT('',(-101.6,4.07035E+03,2.580171718147E+03));
#9924 = LINE('',#9925,#9926);
#9925 = CARTESIAN_POINT('',(-101.6,4.07035E+03,2.165296600807E+03));
#9926 = VECTOR('',#9927,1.);
#9927 = DIRECTION('',(0.,0.,-1.));
#9928 = ORIENTED_EDGE('',*,*,#9929,.T.);
#9929 = EDGE_CURVE('',#9922,#9930,#9932,.T.);
#9930 = VERTEX_POINT('',#9931);
#9931 = CARTESIAN_POINT('',(2.416419230769E+03,4.07035E+03,
    3.69335010395E+03));
#9932 = LINE('',#9933,#9934);
#9933 = CARTESIAN_POINT('',(-248.4211132048,4.07035E+03,
    2.515264314819E+03));
#9934 = VECTOR('',#9935,1.);
#9935 = DIRECTION('',(0.914610688653,0.,0.404335613323));
#9936 = ORIENTED_EDGE('',*,*,#9937,.T.);
#9937 = EDGE_CURVE('',#9930,#9906,#9938,.T.);
#9938 = LINE('',#9939,#9940);
#9939 = CARTESIAN_POINT('',(2.416419230769E+03,4.07035E+03,
    2.409271600807E+03));
#9940 = VECTOR('',#9941,1.);
#9941 = DIRECTION('',(0.,0.,-1.));
#9942 = PLANE('',#9943);
#9943 = AXIS2_PLACEMENT_3D('',#9944,#9945,#9946);
#9944 = CARTESIAN_POINT('',(-191.9354280235,4.07035E+03,
    2.387493201614E+03));
#9945 = DIRECTION('',(0.,1.,0.));
#9946 = DIRECTION('',(-0.404335613323,0.,0.914610688653));
#9947 = ADVANCED_FACE('',(#9948),#9973,.F.);
#9948 = FACE_BOUND('',#9949,.F.);
#9949 = EDGE_LOOP('',(#9950,#9960,#9966,#9967));
#9950 = ORIENTED_EDGE('',*,*,#9951,.F.);
#9951 = EDGE_CURVE('',#9952,#9954,#9956,.T.);
#9952 = VERTEX_POINT('',#9953);
#9953 = CARTESIAN_POINT('',(66.853749111855,4.10845E+03,2.5019E+03));
#9954 = VERTEX_POINT('',#9955);
#9955 = CARTESIAN_POINT('',(2.416419230769E+03,4.10845E+03,
    3.540607519883E+03));
#9956 = LINE('',#9957,#9958);
#9957 = CARTESIAN_POINT('',(-191.9354280235,4.10845E+03,
    2.387493201614E+03));
#9958 = VECTOR('',#9959,1.);
#9959 = DIRECTION('',(0.914610688653,0.,0.404335613323));
#9960 = ORIENTED_EDGE('',*,*,#9961,.F.);
#9961 = EDGE_CURVE('',#9904,#9952,#9962,.T.);
#9962 = LINE('',#9963,#9964);
#9963 = CARTESIAN_POINT('',(66.853749111855,3.93065E+03,2.5019E+03));
#9964 = VECTOR('',#9965,1.);
#9965 = DIRECTION('',(0.,1.,0.));
#9966 = ORIENTED_EDGE('',*,*,#9903,.T.);
#9967 = ORIENTED_EDGE('',*,*,#9968,.T.);
#9968 = EDGE_CURVE('',#9906,#9954,#9969,.T.);
#9969 = LINE('',#9970,#9971);
#9970 = CARTESIAN_POINT('',(2.416419230769E+03,4.06985E+03,
    3.540607519883E+03));
#9971 = VECTOR('',#9972,1.);
#9972 = DIRECTION('',(0.,1.,0.));
#9973 = PLANE('',#9974);
#9974 = AXIS2_PLACEMENT_3D('',#9975,#9976,#9977);
#9975 = CARTESIAN_POINT('',(-191.9354280235,4.07035E+03,
    2.387493201614E+03));
#9976 = DIRECTION('',(-0.404335613323,0.,0.914610688653));
#9977 = DIRECTION('',(0.914610688653,0.,0.404335613323));
#9978 = ADVANCED_FACE('',(#9979),#9997,.T.);
#9979 = FACE_BOUND('',#9980,.T.);
#9980 = EDGE_LOOP('',(#9981,#9989,#9990,#9991));
#9981 = ORIENTED_EDGE('',*,*,#9982,.F.);
#9982 = EDGE_CURVE('',#9930,#9983,#9985,.T.);
#9983 = VERTEX_POINT('',#9984);
#9984 = CARTESIAN_POINT('',(2.416419230769E+03,4.10845E+03,
    3.69335010395E+03));
#9985 = LINE('',#9986,#9987);
#9986 = CARTESIAN_POINT('',(2.416419230769E+03,4.06985E+03,
    3.69335010395E+03));
#9987 = VECTOR('',#9988,1.);
#9988 = DIRECTION('',(0.,1.,0.));
#9989 = ORIENTED_EDGE('',*,*,#9937,.T.);
#9990 = ORIENTED_EDGE('',*,*,#9968,.T.);
#9991 = ORIENTED_EDGE('',*,*,#9992,.F.);
#9992 = EDGE_CURVE('',#9983,#9954,#9993,.T.);
#9993 = LINE('',#9994,#9995);
#9994 = CARTESIAN_POINT('',(2.416419230769E+03,4.10845E+03,
    2.409271600807E+03));
#9995 = VECTOR('',#9996,1.);
#9996 = DIRECTION('',(0.,0.,-1.));
#9997 = PLANE('',#9998);
#9998 = AXIS2_PLACEMENT_3D('',#9999,#10000,#10001);
#9999 = CARTESIAN_POINT('',(2.416419230769E+03,4.06935E+03,2.43105E+03)
  );
#10000 = DIRECTION('',(1.,0.,0.));
#10001 = DIRECTION('',(0.,0.,1.));
#10002 = ADVANCED_FACE('',(#10003),#10021,.T.);
#10003 = FACE_BOUND('',#10004,.T.);
#10004 = EDGE_LOOP('',(#10005,#10013,#10019,#10020));
#10005 = ORIENTED_EDGE('',*,*,#10006,.F.);
#10006 = EDGE_CURVE('',#10007,#9983,#10009,.T.);
#10007 = VERTEX_POINT('',#10008);
#10008 = CARTESIAN_POINT('',(-101.6,4.10845E+03,2.580171718147E+03));
#10009 = LINE('',#10010,#10011);
#10010 = CARTESIAN_POINT('',(-248.4211132048,4.10845E+03,
    2.515264314819E+03));
#10011 = VECTOR('',#10012,1.);
#10012 = DIRECTION('',(0.914610688653,0.,0.404335613323));
#10013 = ORIENTED_EDGE('',*,*,#10014,.F.);
#10014 = EDGE_CURVE('',#9922,#10007,#10015,.T.);
#10015 = LINE('',#10016,#10017);
#10016 = CARTESIAN_POINT('',(-101.6,1.83515E+03,2.580171718147E+03));
#10017 = VECTOR('',#10018,1.);
#10018 = DIRECTION('',(0.,1.,0.));
#10019 = ORIENTED_EDGE('',*,*,#9929,.T.);
#10020 = ORIENTED_EDGE('',*,*,#9982,.T.);
#10021 = PLANE('',#10022);
#10022 = AXIS2_PLACEMENT_3D('',#10023,#10024,#10025);
#10023 = CARTESIAN_POINT('',(-248.4211132048,4.07035E+03,
    2.515264314819E+03));
#10024 = DIRECTION('',(-0.404335613323,0.,0.914610688653));
#10025 = DIRECTION('',(0.914610688653,0.,0.404335613323));
#10026 = ADVANCED_FACE('',(#10027),#10045,.F.);
#10027 = FACE_BOUND('',#10028,.F.);
#10028 = EDGE_LOOP('',(#10029,#10030,#10031,#10039));
#10029 = ORIENTED_EDGE('',*,*,#10014,.F.);
#10030 = ORIENTED_EDGE('',*,*,#9921,.T.);
#10031 = ORIENTED_EDGE('',*,*,#10032,.T.);
#10032 = EDGE_CURVE('',#9914,#10033,#10035,.T.);
#10033 = VERTEX_POINT('',#10034);
#10034 = CARTESIAN_POINT('',(-101.6,4.10845E+03,2.5019E+03));
#10035 = LINE('',#10036,#10037);
#10036 = CARTESIAN_POINT('',(-101.6,-400.05,2.5019E+03));
#10037 = VECTOR('',#10038,1.);
#10038 = DIRECTION('',(0.,1.,0.));
#10039 = ORIENTED_EDGE('',*,*,#10040,.F.);
#10040 = EDGE_CURVE('',#10007,#10033,#10041,.T.);
#10041 = LINE('',#10042,#10043);
#10042 = CARTESIAN_POINT('',(-101.6,4.10845E+03,2.165296600807E+03));
#10043 = VECTOR('',#10044,1.);
#10044 = DIRECTION('',(0.,0.,-1.));
#10045 = PLANE('',#10046);
#10046 = AXIS2_PLACEMENT_3D('',#10047,#10048,#10049);
#10047 = CARTESIAN_POINT('',(-101.6,-400.05,1.9431E+03));
#10048 = DIRECTION('',(1.,0.,0.));
#10049 = DIRECTION('',(0.,0.,1.));
#10050 = ADVANCED_FACE('',(#10051),#10063,.T.);
#10051 = FACE_BOUND('',#10052,.T.);
#10052 = EDGE_LOOP('',(#10053,#10054,#10060,#10061,#10062));
#10053 = ORIENTED_EDGE('',*,*,#9951,.F.);
#10054 = ORIENTED_EDGE('',*,*,#10055,.F.);
#10055 = EDGE_CURVE('',#10033,#9952,#10056,.T.);
#10056 = LINE('',#10057,#10058);
#10057 = CARTESIAN_POINT('',(-295.9927140117,4.10845E+03,2.5019E+03));
#10058 = VECTOR('',#10059,1.);
#10059 = DIRECTION('',(1.,0.,0.));
#10060 = ORIENTED_EDGE('',*,*,#10040,.F.);
#10061 = ORIENTED_EDGE('',*,*,#10006,.T.);
#10062 = ORIENTED_EDGE('',*,*,#9992,.T.);
#10063 = PLANE('',#10064);
#10064 = AXIS2_PLACEMENT_3D('',#10065,#10066,#10067);
#10065 = CARTESIAN_POINT('',(-191.9354280235,4.10845E+03,
    2.387493201614E+03));
#10066 = DIRECTION('',(0.,1.,0.));
#10067 = DIRECTION('',(-0.404335613323,0.,0.914610688653));
#10068 = ADVANCED_FACE('',(#10069),#10075,.T.);
#10069 = FACE_BOUND('',#10070,.T.);
#10070 = EDGE_LOOP('',(#10071,#10072,#10073,#10074));
#10071 = ORIENTED_EDGE('',*,*,#9913,.F.);
#10072 = ORIENTED_EDGE('',*,*,#10032,.T.);
#10073 = ORIENTED_EDGE('',*,*,#10055,.T.);
#10074 = ORIENTED_EDGE('',*,*,#9961,.F.);
#10075 = PLANE('',#10076);
#10076 = AXIS2_PLACEMENT_3D('',#10077,#10078,#10079);
#10077 = CARTESIAN_POINT('',(-17.37312544407,4.0894E+03,2.5019E+03));
#10078 = DIRECTION('',(-0.,-0.,-1.));
#10079 = DIRECTION('',(-1.,0.,0.));
#10080 = MANIFOLD_SOLID_BREP('',#10081);
#10081 = CLOSED_SHELL('',(#10082,#10130,#10161,#10185,#10209,#10233,
    #10251));
#10082 = ADVANCED_FACE('',(#10083),#10125,.F.);
#10083 = FACE_BOUND('',#10084,.F.);
#10084 = EDGE_LOOP('',(#10085,#10095,#10103,#10111,#10119));
#10085 = ORIENTED_EDGE('',*,*,#10086,.F.);
#10086 = EDGE_CURVE('',#10087,#10089,#10091,.T.);
#10087 = VERTEX_POINT('',#10088);
#10088 = CARTESIAN_POINT('',(66.853749111855,3.46075E+03,2.5019E+03));
#10089 = VERTEX_POINT('',#10090);
#10090 = CARTESIAN_POINT('',(3.072911538462E+03,3.46075E+03,
    3.830832883709E+03));
#10091 = LINE('',#10092,#10093);
#10092 = CARTESIAN_POINT('',(-191.9354280235,3.46075E+03,
    2.387493201614E+03));
#10093 = VECTOR('',#10094,1.);
#10094 = DIRECTION('',(0.914610688653,0.,0.404335613323));
#10095 = ORIENTED_EDGE('',*,*,#10096,.F.);
#10096 = EDGE_CURVE('',#10097,#10087,#10099,.T.);
#10097 = VERTEX_POINT('',#10098);
#10098 = CARTESIAN_POINT('',(-101.6,3.46075E+03,2.5019E+03));
#10099 = LINE('',#10100,#10101);
#10100 = CARTESIAN_POINT('',(-295.9927140117,3.46075E+03,2.5019E+03));
#10101 = VECTOR('',#10102,1.);
#10102 = DIRECTION('',(1.,0.,0.));
#10103 = ORIENTED_EDGE('',*,*,#10104,.F.);
#10104 = EDGE_CURVE('',#10105,#10097,#10107,.T.);
#10105 = VERTEX_POINT('',#10106);
#10106 = CARTESIAN_POINT('',(-101.6,3.46075E+03,2.580171718147E+03));
#10107 = LINE('',#10108,#10109);
#10108 = CARTESIAN_POINT('',(-101.6,3.46075E+03,2.165296600807E+03));
#10109 = VECTOR('',#10110,1.);
#10110 = DIRECTION('',(0.,0.,-1.));
#10111 = ORIENTED_EDGE('',*,*,#10112,.T.);
#10112 = EDGE_CURVE('',#10105,#10113,#10115,.T.);
#10113 = VERTEX_POINT('',#10114);
#10114 = CARTESIAN_POINT('',(3.072911538462E+03,3.46075E+03,
    3.983575467775E+03));
#10115 = LINE('',#10116,#10117);
#10116 = CARTESIAN_POINT('',(-248.4211132048,3.46075E+03,
    2.515264314819E+03));
#10117 = VECTOR('',#10118,1.);
#10118 = DIRECTION('',(0.914610688653,0.,0.404335613323));
#10119 = ORIENTED_EDGE('',*,*,#10120,.T.);
#10120 = EDGE_CURVE('',#10113,#10089,#10121,.T.);
#10121 = LINE('',#10122,#10123);
#10122 = CARTESIAN_POINT('',(3.072911538462E+03,3.46075E+03,
    2.409271600807E+03));
#10123 = VECTOR('',#10124,1.);
#10124 = DIRECTION('',(0.,0.,-1.));
#10125 = PLANE('',#10126);
#10126 = AXIS2_PLACEMENT_3D('',#10127,#10128,#10129);
#10127 = CARTESIAN_POINT('',(-191.9354280235,3.46075E+03,
    2.387493201614E+03));
#10128 = DIRECTION('',(0.,1.,0.));
#10129 = DIRECTION('',(-0.404335613323,0.,0.914610688653));
#10130 = ADVANCED_FACE('',(#10131),#10156,.F.);
#10131 = FACE_BOUND('',#10132,.F.);
#10132 = EDGE_LOOP('',(#10133,#10143,#10149,#10150));
#10133 = ORIENTED_EDGE('',*,*,#10134,.F.);
#10134 = EDGE_CURVE('',#10135,#10137,#10139,.T.);
#10135 = VERTEX_POINT('',#10136);
#10136 = CARTESIAN_POINT('',(66.853749111855,3.49885E+03,2.5019E+03));
#10137 = VERTEX_POINT('',#10138);
#10138 = CARTESIAN_POINT('',(3.072911538462E+03,3.49885E+03,
    3.830832883709E+03));
#10139 = LINE('',#10140,#10141);
#10140 = CARTESIAN_POINT('',(-191.9354280235,3.49885E+03,
    2.387493201614E+03));
#10141 = VECTOR('',#10142,1.);
#10142 = DIRECTION('',(0.914610688653,0.,0.404335613323));
#10143 = ORIENTED_EDGE('',*,*,#10144,.F.);
#10144 = EDGE_CURVE('',#10087,#10135,#10145,.T.);
#10145 = LINE('',#10146,#10147);
#10146 = CARTESIAN_POINT('',(66.853749111855,3.32105E+03,2.5019E+03));
#10147 = VECTOR('',#10148,1.);
#10148 = DIRECTION('',(0.,1.,0.));
#10149 = ORIENTED_EDGE('',*,*,#10086,.T.);
#10150 = ORIENTED_EDGE('',*,*,#10151,.T.);
#10151 = EDGE_CURVE('',#10089,#10137,#10152,.T.);
#10152 = LINE('',#10153,#10154);
#10153 = CARTESIAN_POINT('',(3.072911538462E+03,3.46025E+03,
    3.830832883709E+03));
#10154 = VECTOR('',#10155,1.);
#10155 = DIRECTION('',(0.,1.,0.));
#10156 = PLANE('',#10157);
#10157 = AXIS2_PLACEMENT_3D('',#10158,#10159,#10160);
#10158 = CARTESIAN_POINT('',(-191.9354280235,3.46075E+03,
    2.387493201614E+03));
#10159 = DIRECTION('',(-0.404335613323,0.,0.914610688653));
#10160 = DIRECTION('',(0.914610688653,0.,0.404335613323));
#10161 = ADVANCED_FACE('',(#10162),#10180,.T.);
#10162 = FACE_BOUND('',#10163,.T.);
#10163 = EDGE_LOOP('',(#10164,#10172,#10173,#10174));
#10164 = ORIENTED_EDGE('',*,*,#10165,.F.);
#10165 = EDGE_CURVE('',#10113,#10166,#10168,.T.);
#10166 = VERTEX_POINT('',#10167);
#10167 = CARTESIAN_POINT('',(3.072911538462E+03,3.49885E+03,
    3.983575467775E+03));
#10168 = LINE('',#10169,#10170);
#10169 = CARTESIAN_POINT('',(3.072911538462E+03,3.46025E+03,
    3.983575467775E+03));
#10170 = VECTOR('',#10171,1.);
#10171 = DIRECTION('',(0.,1.,0.));
#10172 = ORIENTED_EDGE('',*,*,#10120,.T.);
#10173 = ORIENTED_EDGE('',*,*,#10151,.T.);
#10174 = ORIENTED_EDGE('',*,*,#10175,.F.);
#10175 = EDGE_CURVE('',#10166,#10137,#10176,.T.);
#10176 = LINE('',#10177,#10178);
#10177 = CARTESIAN_POINT('',(3.072911538462E+03,3.49885E+03,
    2.409271600807E+03));
#10178 = VECTOR('',#10179,1.);
#10179 = DIRECTION('',(0.,0.,-1.));
#10180 = PLANE('',#10181);
#10181 = AXIS2_PLACEMENT_3D('',#10182,#10183,#10184);
#10182 = CARTESIAN_POINT('',(3.072911538462E+03,3.45975E+03,2.43105E+03)
  );
#10183 = DIRECTION('',(1.,0.,0.));
#10184 = DIRECTION('',(0.,0.,1.));
#10185 = ADVANCED_FACE('',(#10186),#10204,.T.);
#10186 = FACE_BOUND('',#10187,.T.);
#10187 = EDGE_LOOP('',(#10188,#10196,#10202,#10203));
#10188 = ORIENTED_EDGE('',*,*,#10189,.F.);
#10189 = EDGE_CURVE('',#10190,#10166,#10192,.T.);
#10190 = VERTEX_POINT('',#10191);
#10191 = CARTESIAN_POINT('',(-101.6,3.49885E+03,2.580171718147E+03));
#10192 = LINE('',#10193,#10194);
#10193 = CARTESIAN_POINT('',(-248.4211132048,3.49885E+03,
    2.515264314819E+03));
#10194 = VECTOR('',#10195,1.);
#10195 = DIRECTION('',(0.914610688653,0.,0.404335613323));
#10196 = ORIENTED_EDGE('',*,*,#10197,.F.);
#10197 = EDGE_CURVE('',#10105,#10190,#10198,.T.);
#10198 = LINE('',#10199,#10200);
#10199 = CARTESIAN_POINT('',(-101.6,1.53035E+03,2.580171718147E+03));
#10200 = VECTOR('',#10201,1.);
#10201 = DIRECTION('',(0.,1.,0.));
#10202 = ORIENTED_EDGE('',*,*,#10112,.T.);
#10203 = ORIENTED_EDGE('',*,*,#10165,.T.);
#10204 = PLANE('',#10205);
#10205 = AXIS2_PLACEMENT_3D('',#10206,#10207,#10208);
#10206 = CARTESIAN_POINT('',(-248.4211132048,3.46075E+03,
    2.515264314819E+03));
#10207 = DIRECTION('',(-0.404335613323,0.,0.914610688653));
#10208 = DIRECTION('',(0.914610688653,0.,0.404335613323));
#10209 = ADVANCED_FACE('',(#10210),#10228,.F.);
#10210 = FACE_BOUND('',#10211,.F.);
#10211 = EDGE_LOOP('',(#10212,#10213,#10214,#10222));
#10212 = ORIENTED_EDGE('',*,*,#10197,.F.);
#10213 = ORIENTED_EDGE('',*,*,#10104,.T.);
#10214 = ORIENTED_EDGE('',*,*,#10215,.T.);
#10215 = EDGE_CURVE('',#10097,#10216,#10218,.T.);
#10216 = VERTEX_POINT('',#10217);
#10217 = CARTESIAN_POINT('',(-101.6,3.49885E+03,2.5019E+03));
#10218 = LINE('',#10219,#10220);
#10219 = CARTESIAN_POINT('',(-101.6,-400.05,2.5019E+03));
#10220 = VECTOR('',#10221,1.);
#10221 = DIRECTION('',(0.,1.,0.));
#10222 = ORIENTED_EDGE('',*,*,#10223,.F.);
#10223 = EDGE_CURVE('',#10190,#10216,#10224,.T.);
#10224 = LINE('',#10225,#10226);
#10225 = CARTESIAN_POINT('',(-101.6,3.49885E+03,2.165296600807E+03));
#10226 = VECTOR('',#10227,1.);
#10227 = DIRECTION('',(0.,0.,-1.));
#10228 = PLANE('',#10229);
#10229 = AXIS2_PLACEMENT_3D('',#10230,#10231,#10232);
#10230 = CARTESIAN_POINT('',(-101.6,-400.05,1.9431E+03));
#10231 = DIRECTION('',(1.,0.,0.));
#10232 = DIRECTION('',(0.,0.,1.));
#10233 = ADVANCED_FACE('',(#10234),#10246,.T.);
#10234 = FACE_BOUND('',#10235,.T.);
#10235 = EDGE_LOOP('',(#10236,#10237,#10243,#10244,#10245));
#10236 = ORIENTED_EDGE('',*,*,#10134,.F.);
#10237 = ORIENTED_EDGE('',*,*,#10238,.F.);
#10238 = EDGE_CURVE('',#10216,#10135,#10239,.T.);
#10239 = LINE('',#10240,#10241);
#10240 = CARTESIAN_POINT('',(-295.9927140117,3.49885E+03,2.5019E+03));
#10241 = VECTOR('',#10242,1.);
#10242 = DIRECTION('',(1.,0.,0.));
#10243 = ORIENTED_EDGE('',*,*,#10223,.F.);
#10244 = ORIENTED_EDGE('',*,*,#10189,.T.);
#10245 = ORIENTED_EDGE('',*,*,#10175,.T.);
#10246 = PLANE('',#10247);
#10247 = AXIS2_PLACEMENT_3D('',#10248,#10249,#10250);
#10248 = CARTESIAN_POINT('',(-191.9354280235,3.49885E+03,
    2.387493201614E+03));
#10249 = DIRECTION('',(0.,1.,0.));
#10250 = DIRECTION('',(-0.404335613323,0.,0.914610688653));
#10251 = ADVANCED_FACE('',(#10252),#10258,.T.);
#10252 = FACE_BOUND('',#10253,.T.);
#10253 = EDGE_LOOP('',(#10254,#10255,#10256,#10257));
#10254 = ORIENTED_EDGE('',*,*,#10096,.F.);
#10255 = ORIENTED_EDGE('',*,*,#10215,.T.);
#10256 = ORIENTED_EDGE('',*,*,#10238,.T.);
#10257 = ORIENTED_EDGE('',*,*,#10144,.F.);
#10258 = PLANE('',#10259);
#10259 = AXIS2_PLACEMENT_3D('',#10260,#10261,#10262);
#10260 = CARTESIAN_POINT('',(-17.37312544407,3.4798E+03,2.5019E+03));
#10261 = DIRECTION('',(-0.,-0.,-1.));
#10262 = DIRECTION('',(-1.,0.,0.));
#10263 = MANIFOLD_SOLID_BREP('',#10264);
#10264 = CLOSED_SHELL('',(#10265,#10313,#10344,#10368,#10392,#10416,
    #10434));
#10265 = ADVANCED_FACE('',(#10266),#10308,.F.);
#10266 = FACE_BOUND('',#10267,.F.);
#10267 = EDGE_LOOP('',(#10268,#10278,#10286,#10294,#10302));
#10268 = ORIENTED_EDGE('',*,*,#10269,.F.);
#10269 = EDGE_CURVE('',#10270,#10272,#10274,.T.);
#10270 = VERTEX_POINT('',#10271);
#10271 = CARTESIAN_POINT('',(6.270446250888E+03,425.45,2.5019E+03));
#10272 = VERTEX_POINT('',#10273);
#10273 = CARTESIAN_POINT('',(5.890357692308E+03,425.45,
    2.669931428407E+03));
#10274 = LINE('',#10275,#10276);
#10275 = CARTESIAN_POINT('',(6.529235428024E+03,425.45,
    2.387493201614E+03));
#10276 = VECTOR('',#10277,1.);
#10277 = DIRECTION('',(-0.914610688653,1.120075052325E-16,0.404335613323
    ));
#10278 = ORIENTED_EDGE('',*,*,#10279,.F.);
#10279 = EDGE_CURVE('',#10280,#10270,#10282,.T.);
#10280 = VERTEX_POINT('',#10281);
#10281 = CARTESIAN_POINT('',(6.4389E+03,425.45,2.5019E+03));
#10282 = LINE('',#10283,#10284);
#10283 = CARTESIAN_POINT('',(6.433267714012E+03,425.45,2.5019E+03));
#10284 = VECTOR('',#10285,1.);
#10285 = DIRECTION('',(-1.,1.224646799147E-16,0.));
#10286 = ORIENTED_EDGE('',*,*,#10287,.T.);
#10287 = EDGE_CURVE('',#10280,#10288,#10290,.T.);
#10288 = VERTEX_POINT('',#10289);
#10289 = CARTESIAN_POINT('',(6.4389E+03,425.45,2.580171718147E+03));
#10290 = LINE('',#10291,#10292);
#10291 = CARTESIAN_POINT('',(6.4389E+03,425.45,2.165296600807E+03));
#10292 = VECTOR('',#10293,1.);
#10293 = DIRECTION('',(0.,0.,1.));
#10294 = ORIENTED_EDGE('',*,*,#10295,.T.);
#10295 = EDGE_CURVE('',#10288,#10296,#10298,.T.);
#10296 = VERTEX_POINT('',#10297);
#10297 = CARTESIAN_POINT('',(5.890357692308E+03,425.45,
    2.822674012474E+03));
#10298 = LINE('',#10299,#10300);
#10299 = CARTESIAN_POINT('',(6.585721113205E+03,425.45,
    2.515264314819E+03));
#10300 = VECTOR('',#10301,1.);
#10301 = DIRECTION('',(-0.914610688653,1.120075052325E-16,0.404335613323
    ));
#10302 = ORIENTED_EDGE('',*,*,#10303,.T.);
#10303 = EDGE_CURVE('',#10296,#10272,#10304,.T.);
#10304 = LINE('',#10305,#10306);
#10305 = CARTESIAN_POINT('',(5.890357692308E+03,425.45,
    2.409271600807E+03));
#10306 = VECTOR('',#10307,1.);
#10307 = DIRECTION('',(-0.,0.,-1.));
#10308 = PLANE('',#10309);
#10309 = AXIS2_PLACEMENT_3D('',#10310,#10311,#10312);
#10310 = CARTESIAN_POINT('',(6.529235428024E+03,425.45,
    2.387493201614E+03));
#10311 = DIRECTION('',(-1.224646799147E-16,-1.,0.));
#10312 = DIRECTION('',(0.404335613323,-4.951683146378E-17,0.914610688653
    ));
#10313 = ADVANCED_FACE('',(#10314),#10339,.F.);
#10314 = FACE_BOUND('',#10315,.F.);
#10315 = EDGE_LOOP('',(#10316,#10326,#10332,#10333));
#10316 = ORIENTED_EDGE('',*,*,#10317,.F.);
#10317 = EDGE_CURVE('',#10318,#10320,#10322,.T.);
#10318 = VERTEX_POINT('',#10319);
#10319 = CARTESIAN_POINT('',(6.270446250888E+03,387.35,2.5019E+03));
#10320 = VERTEX_POINT('',#10321);
#10321 = CARTESIAN_POINT('',(5.890357692308E+03,387.35,
    2.669931428407E+03));
#10322 = LINE('',#10323,#10324);
#10323 = CARTESIAN_POINT('',(6.529235428024E+03,387.35,
    2.387493201614E+03));
#10324 = VECTOR('',#10325,1.);
#10325 = DIRECTION('',(-0.914610688653,1.120075052325E-16,0.404335613323
    ));
#10326 = ORIENTED_EDGE('',*,*,#10327,.F.);
#10327 = EDGE_CURVE('',#10270,#10318,#10328,.T.);
#10328 = LINE('',#10329,#10330);
#10329 = CARTESIAN_POINT('',(6.270446250888E+03,565.15,2.5019E+03));
#10330 = VECTOR('',#10331,1.);
#10331 = DIRECTION('',(-1.224646799147E-16,-1.,0.));
#10332 = ORIENTED_EDGE('',*,*,#10269,.T.);
#10333 = ORIENTED_EDGE('',*,*,#10334,.T.);
#10334 = EDGE_CURVE('',#10272,#10320,#10335,.T.);
#10335 = LINE('',#10336,#10337);
#10336 = CARTESIAN_POINT('',(5.890357692308E+03,425.95,
    2.669931428407E+03));
#10337 = VECTOR('',#10338,1.);
#10338 = DIRECTION('',(-1.224646799147E-16,-1.,0.));
#10339 = PLANE('',#10340);
#10340 = AXIS2_PLACEMENT_3D('',#10341,#10342,#10343);
#10341 = CARTESIAN_POINT('',(6.529235428024E+03,425.45,
    2.387493201614E+03));
#10342 = DIRECTION('',(0.404335613323,-4.951683146378E-17,0.914610688653
    ));
#10343 = DIRECTION('',(-0.914610688653,1.120075052325E-16,0.404335613323
    ));
#10344 = ADVANCED_FACE('',(#10345),#10363,.T.);
#10345 = FACE_BOUND('',#10346,.T.);
#10346 = EDGE_LOOP('',(#10347,#10355,#10356,#10357));
#10347 = ORIENTED_EDGE('',*,*,#10348,.F.);
#10348 = EDGE_CURVE('',#10296,#10349,#10351,.T.);
#10349 = VERTEX_POINT('',#10350);
#10350 = CARTESIAN_POINT('',(5.890357692308E+03,387.35,
    2.822674012474E+03));
#10351 = LINE('',#10352,#10353);
#10352 = CARTESIAN_POINT('',(5.890357692308E+03,425.95,
    2.822674012474E+03));
#10353 = VECTOR('',#10354,1.);
#10354 = DIRECTION('',(-1.224646799147E-16,-1.,0.));
#10355 = ORIENTED_EDGE('',*,*,#10303,.T.);
#10356 = ORIENTED_EDGE('',*,*,#10334,.T.);
#10357 = ORIENTED_EDGE('',*,*,#10358,.F.);
#10358 = EDGE_CURVE('',#10349,#10320,#10359,.T.);
#10359 = LINE('',#10360,#10361);
#10360 = CARTESIAN_POINT('',(5.890357692308E+03,387.35,
    2.409271600807E+03));
#10361 = VECTOR('',#10362,1.);
#10362 = DIRECTION('',(-0.,0.,-1.));
#10363 = PLANE('',#10364);
#10364 = AXIS2_PLACEMENT_3D('',#10365,#10366,#10367);
#10365 = CARTESIAN_POINT('',(5.890357692308E+03,426.45,2.43105E+03));
#10366 = DIRECTION('',(-1.,1.224646799147E-16,0.));
#10367 = DIRECTION('',(0.,0.,1.));
#10368 = ADVANCED_FACE('',(#10369),#10387,.T.);
#10369 = FACE_BOUND('',#10370,.T.);
#10370 = EDGE_LOOP('',(#10371,#10379,#10385,#10386));
#10371 = ORIENTED_EDGE('',*,*,#10372,.F.);
#10372 = EDGE_CURVE('',#10373,#10349,#10375,.T.);
#10373 = VERTEX_POINT('',#10374);
#10374 = CARTESIAN_POINT('',(6.4389E+03,387.35,2.580171718147E+03));
#10375 = LINE('',#10376,#10377);
#10376 = CARTESIAN_POINT('',(6.585721113205E+03,387.35,
    2.515264314819E+03));
#10377 = VECTOR('',#10378,1.);
#10378 = DIRECTION('',(-0.914610688653,1.120075052325E-16,0.404335613323
    ));
#10379 = ORIENTED_EDGE('',*,*,#10380,.T.);
#10380 = EDGE_CURVE('',#10373,#10288,#10381,.T.);
#10381 = LINE('',#10382,#10383);
#10382 = CARTESIAN_POINT('',(6.4389E+03,12.7,2.580171718147E+03));
#10383 = VECTOR('',#10384,1.);
#10384 = DIRECTION('',(2.424646799147E-16,1.,-5.E-17));
#10385 = ORIENTED_EDGE('',*,*,#10295,.T.);
#10386 = ORIENTED_EDGE('',*,*,#10348,.T.);
#10387 = PLANE('',#10388);
#10388 = AXIS2_PLACEMENT_3D('',#10389,#10390,#10391);
#10389 = CARTESIAN_POINT('',(6.585721113205E+03,425.45,
    2.515264314819E+03));
#10390 = DIRECTION('',(0.404335613323,-4.951683146378E-17,0.914610688653
    ));
#10391 = DIRECTION('',(-0.914610688653,1.120075052325E-16,0.404335613323
    ));
#10392 = ADVANCED_FACE('',(#10393),#10411,.T.);
#10393 = FACE_BOUND('',#10394,.T.);
#10394 = EDGE_LOOP('',(#10395,#10403,#10404,#10405));
#10395 = ORIENTED_EDGE('',*,*,#10396,.T.);
#10396 = EDGE_CURVE('',#10397,#10280,#10399,.T.);
#10397 = VERTEX_POINT('',#10398);
#10398 = CARTESIAN_POINT('',(6.4389E+03,387.35,2.5019E+03));
#10399 = LINE('',#10400,#10401);
#10400 = CARTESIAN_POINT('',(6.4389E+03,-400.05,2.5019E+03));
#10401 = VECTOR('',#10402,1.);
#10402 = DIRECTION('',(2.424646799147E-16,1.,0.));
#10403 = ORIENTED_EDGE('',*,*,#10287,.T.);
#10404 = ORIENTED_EDGE('',*,*,#10380,.F.);
#10405 = ORIENTED_EDGE('',*,*,#10406,.F.);
#10406 = EDGE_CURVE('',#10397,#10373,#10407,.T.);
#10407 = LINE('',#10408,#10409);
#10408 = CARTESIAN_POINT('',(6.4389E+03,387.35,2.165296600807E+03));
#10409 = VECTOR('',#10410,1.);
#10410 = DIRECTION('',(0.,0.,1.));
#10411 = PLANE('',#10412);
#10412 = AXIS2_PLACEMENT_3D('',#10413,#10414,#10415);
#10413 = CARTESIAN_POINT('',(6.4389E+03,-400.05,1.9431E+03));
#10414 = DIRECTION('',(1.,-1.224646799147E-16,0.));
#10415 = DIRECTION('',(0.,0.,1.));
#10416 = ADVANCED_FACE('',(#10417),#10429,.T.);
#10417 = FACE_BOUND('',#10418,.T.);
#10418 = EDGE_LOOP('',(#10419,#10420,#10426,#10427,#10428));
#10419 = ORIENTED_EDGE('',*,*,#10317,.F.);
#10420 = ORIENTED_EDGE('',*,*,#10421,.F.);
#10421 = EDGE_CURVE('',#10397,#10318,#10422,.T.);
#10422 = LINE('',#10423,#10424);
#10423 = CARTESIAN_POINT('',(6.633292714012E+03,387.35,2.5019E+03));
#10424 = VECTOR('',#10425,1.);
#10425 = DIRECTION('',(-1.,1.224646799147E-16,0.));
#10426 = ORIENTED_EDGE('',*,*,#10406,.T.);
#10427 = ORIENTED_EDGE('',*,*,#10372,.T.);
#10428 = ORIENTED_EDGE('',*,*,#10358,.T.);
#10429 = PLANE('',#10430);
#10430 = AXIS2_PLACEMENT_3D('',#10431,#10432,#10433);
#10431 = CARTESIAN_POINT('',(6.529235428024E+03,387.35,
    2.387493201614E+03));
#10432 = DIRECTION('',(-1.224646799147E-16,-1.,0.));
#10433 = DIRECTION('',(0.404335613323,-4.951683146378E-17,0.914610688653
    ));
#10434 = ADVANCED_FACE('',(#10435),#10441,.T.);
#10435 = FACE_BOUND('',#10436,.T.);
#10436 = EDGE_LOOP('',(#10437,#10438,#10439,#10440));
#10437 = ORIENTED_EDGE('',*,*,#10279,.F.);
#10438 = ORIENTED_EDGE('',*,*,#10396,.F.);
#10439 = ORIENTED_EDGE('',*,*,#10421,.T.);
#10440 = ORIENTED_EDGE('',*,*,#10327,.F.);
#10441 = PLANE('',#10442);
#10442 = AXIS2_PLACEMENT_3D('',#10443,#10444,#10445);
#10443 = CARTESIAN_POINT('',(6.354673125444E+03,406.4,2.5019E+03));
#10444 = DIRECTION('',(0.,0.,-1.));
#10445 = DIRECTION('',(1.,-1.224646799147E-16,0.));
#10446 = MANIFOLD_SOLID_BREP('',#10447);
#10447 = CLOSED_SHELL('',(#10448,#10496,#10527,#10551,#10575,#10599,
    #10617));
#10448 = ADVANCED_FACE('',(#10449),#10491,.F.);
#10449 = FACE_BOUND('',#10450,.F.);
#10450 = EDGE_LOOP('',(#10451,#10461,#10469,#10477,#10485));
#10451 = ORIENTED_EDGE('',*,*,#10452,.F.);
#10452 = EDGE_CURVE('',#10453,#10455,#10457,.T.);
#10453 = VERTEX_POINT('',#10454);
#10454 = CARTESIAN_POINT('',(6.270446250888E+03,1.03505E+03,2.5019E+03)
  );
#10455 = VERTEX_POINT('',#10456);
#10456 = CARTESIAN_POINT('',(5.233865384615E+03,1.03505E+03,
    2.960156792233E+03));
#10457 = LINE('',#10458,#10459);
#10458 = CARTESIAN_POINT('',(6.529235428024E+03,1.03505E+03,
    2.387493201614E+03));
#10459 = VECTOR('',#10460,1.);
#10460 = DIRECTION('',(-0.914610688653,1.120075052325E-16,0.404335613323
    ));
#10461 = ORIENTED_EDGE('',*,*,#10462,.F.);
#10462 = EDGE_CURVE('',#10463,#10453,#10465,.T.);
#10463 = VERTEX_POINT('',#10464);
#10464 = CARTESIAN_POINT('',(6.4389E+03,1.03505E+03,2.5019E+03));
#10465 = LINE('',#10466,#10467);
#10466 = CARTESIAN_POINT('',(6.433267714012E+03,1.03505E+03,2.5019E+03)
  );
#10467 = VECTOR('',#10468,1.);
#10468 = DIRECTION('',(-1.,1.224646799147E-16,0.));
#10469 = ORIENTED_EDGE('',*,*,#10470,.T.);
#10470 = EDGE_CURVE('',#10463,#10471,#10473,.T.);
#10471 = VERTEX_POINT('',#10472);
#10472 = CARTESIAN_POINT('',(6.4389E+03,1.03505E+03,2.580171718147E+03)
  );
#10473 = LINE('',#10474,#10475);
#10474 = CARTESIAN_POINT('',(6.4389E+03,1.03505E+03,2.165296600807E+03)
  );
#10475 = VECTOR('',#10476,1.);
#10476 = DIRECTION('',(0.,0.,1.));
#10477 = ORIENTED_EDGE('',*,*,#10478,.T.);
#10478 = EDGE_CURVE('',#10471,#10479,#10481,.T.);
#10479 = VERTEX_POINT('',#10480);
#10480 = CARTESIAN_POINT('',(5.233865384615E+03,1.03505E+03,
    3.112899376299E+03));
#10481 = LINE('',#10482,#10483);
#10482 = CARTESIAN_POINT('',(6.585721113205E+03,1.03505E+03,
    2.515264314819E+03));
#10483 = VECTOR('',#10484,1.);
#10484 = DIRECTION('',(-0.914610688653,1.120075052325E-16,0.404335613323
    ));
#10485 = ORIENTED_EDGE('',*,*,#10486,.T.);
#10486 = EDGE_CURVE('',#10479,#10455,#10487,.T.);
#10487 = LINE('',#10488,#10489);
#10488 = CARTESIAN_POINT('',(5.233865384615E+03,1.03505E+03,
    2.409271600807E+03));
#10489 = VECTOR('',#10490,1.);
#10490 = DIRECTION('',(-0.,0.,-1.));
#10491 = PLANE('',#10492);
#10492 = AXIS2_PLACEMENT_3D('',#10493,#10494,#10495);
#10493 = CARTESIAN_POINT('',(6.529235428024E+03,1.03505E+03,
    2.387493201614E+03));
#10494 = DIRECTION('',(-1.224646799147E-16,-1.,0.));
#10495 = DIRECTION('',(0.404335613323,-4.951683146378E-17,0.914610688653
    ));
#10496 = ADVANCED_FACE('',(#10497),#10522,.F.);
#10497 = FACE_BOUND('',#10498,.F.);
#10498 = EDGE_LOOP('',(#10499,#10509,#10515,#10516));
#10499 = ORIENTED_EDGE('',*,*,#10500,.F.);
#10500 = EDGE_CURVE('',#10501,#10503,#10505,.T.);
#10501 = VERTEX_POINT('',#10502);
#10502 = CARTESIAN_POINT('',(6.270446250888E+03,996.95,2.5019E+03));
#10503 = VERTEX_POINT('',#10504);
#10504 = CARTESIAN_POINT('',(5.233865384615E+03,996.95,
    2.960156792233E+03));
#10505 = LINE('',#10506,#10507);
#10506 = CARTESIAN_POINT('',(6.529235428024E+03,996.95,
    2.387493201614E+03));
#10507 = VECTOR('',#10508,1.);
#10508 = DIRECTION('',(-0.914610688653,1.120075052325E-16,0.404335613323
    ));
#10509 = ORIENTED_EDGE('',*,*,#10510,.F.);
#10510 = EDGE_CURVE('',#10453,#10501,#10511,.T.);
#10511 = LINE('',#10512,#10513);
#10512 = CARTESIAN_POINT('',(6.270446250888E+03,1.17475E+03,2.5019E+03)
  );
#10513 = VECTOR('',#10514,1.);
#10514 = DIRECTION('',(-1.224646799147E-16,-1.,0.));
#10515 = ORIENTED_EDGE('',*,*,#10452,.T.);
#10516 = ORIENTED_EDGE('',*,*,#10517,.T.);
#10517 = EDGE_CURVE('',#10455,#10503,#10518,.T.);
#10518 = LINE('',#10519,#10520);
#10519 = CARTESIAN_POINT('',(5.233865384615E+03,1.03555E+03,
    2.960156792233E+03));
#10520 = VECTOR('',#10521,1.);
#10521 = DIRECTION('',(-1.224646799147E-16,-1.,0.));
#10522 = PLANE('',#10523);
#10523 = AXIS2_PLACEMENT_3D('',#10524,#10525,#10526);
#10524 = CARTESIAN_POINT('',(6.529235428024E+03,1.03505E+03,
    2.387493201614E+03));
#10525 = DIRECTION('',(0.404335613323,-4.951683146378E-17,0.914610688653
    ));
#10526 = DIRECTION('',(-0.914610688653,1.120075052325E-16,0.404335613323
    ));
#10527 = ADVANCED_FACE('',(#10528),#10546,.T.);
#10528 = FACE_BOUND('',#10529,.T.);
#10529 = EDGE_LOOP('',(#10530,#10538,#10539,#10540));
#10530 = ORIENTED_EDGE('',*,*,#10531,.F.);
#10531 = EDGE_CURVE('',#10479,#10532,#10534,.T.);
#10532 = VERTEX_POINT('',#10533);
#10533 = CARTESIAN_POINT('',(5.233865384615E+03,996.95,
    3.112899376299E+03));
#10534 = LINE('',#10535,#10536);
#10535 = CARTESIAN_POINT('',(5.233865384615E+03,1.03555E+03,
    3.112899376299E+03));
#10536 = VECTOR('',#10537,1.);
#10537 = DIRECTION('',(-1.224646799147E-16,-1.,0.));
#10538 = ORIENTED_EDGE('',*,*,#10486,.T.);
#10539 = ORIENTED_EDGE('',*,*,#10517,.T.);
#10540 = ORIENTED_EDGE('',*,*,#10541,.F.);
#10541 = EDGE_CURVE('',#10532,#10503,#10542,.T.);
#10542 = LINE('',#10543,#10544);
#10543 = CARTESIAN_POINT('',(5.233865384615E+03,996.95,
    2.409271600807E+03));
#10544 = VECTOR('',#10545,1.);
#10545 = DIRECTION('',(-0.,0.,-1.));
#10546 = PLANE('',#10547);
#10547 = AXIS2_PLACEMENT_3D('',#10548,#10549,#10550);
#10548 = CARTESIAN_POINT('',(5.233865384615E+03,1.03605E+03,2.43105E+03)
  );
#10549 = DIRECTION('',(-1.,1.224646799147E-16,0.));
#10550 = DIRECTION('',(0.,0.,1.));
#10551 = ADVANCED_FACE('',(#10552),#10570,.T.);
#10552 = FACE_BOUND('',#10553,.T.);
#10553 = EDGE_LOOP('',(#10554,#10562,#10568,#10569));
#10554 = ORIENTED_EDGE('',*,*,#10555,.F.);
#10555 = EDGE_CURVE('',#10556,#10532,#10558,.T.);
#10556 = VERTEX_POINT('',#10557);
#10557 = CARTESIAN_POINT('',(6.4389E+03,996.95,2.580171718147E+03));
#10558 = LINE('',#10559,#10560);
#10559 = CARTESIAN_POINT('',(6.585721113205E+03,996.95,
    2.515264314819E+03));
#10560 = VECTOR('',#10561,1.);
#10561 = DIRECTION('',(-0.914610688653,1.120075052325E-16,0.404335613323
    ));
#10562 = ORIENTED_EDGE('',*,*,#10563,.T.);
#10563 = EDGE_CURVE('',#10556,#10471,#10564,.T.);
#10564 = LINE('',#10565,#10566);
#10565 = CARTESIAN_POINT('',(6.4389E+03,317.5,2.580171718147E+03));
#10566 = VECTOR('',#10567,1.);
#10567 = DIRECTION('',(2.424646799147E-16,1.,-5.E-17));
#10568 = ORIENTED_EDGE('',*,*,#10478,.T.);
#10569 = ORIENTED_EDGE('',*,*,#10531,.T.);
#10570 = PLANE('',#10571);
#10571 = AXIS2_PLACEMENT_3D('',#10572,#10573,#10574);
#10572 = CARTESIAN_POINT('',(6.585721113205E+03,1.03505E+03,
    2.515264314819E+03));
#10573 = DIRECTION('',(0.404335613323,-4.951683146378E-17,0.914610688653
    ));
#10574 = DIRECTION('',(-0.914610688653,1.120075052325E-16,0.404335613323
    ));
#10575 = ADVANCED_FACE('',(#10576),#10594,.T.);
#10576 = FACE_BOUND('',#10577,.T.);
#10577 = EDGE_LOOP('',(#10578,#10586,#10587,#10588));
#10578 = ORIENTED_EDGE('',*,*,#10579,.T.);
#10579 = EDGE_CURVE('',#10580,#10463,#10582,.T.);
#10580 = VERTEX_POINT('',#10581);
#10581 = CARTESIAN_POINT('',(6.4389E+03,996.95,2.5019E+03));
#10582 = LINE('',#10583,#10584);
#10583 = CARTESIAN_POINT('',(6.4389E+03,-400.05,2.5019E+03));
#10584 = VECTOR('',#10585,1.);
#10585 = DIRECTION('',(2.424646799147E-16,1.,0.));
#10586 = ORIENTED_EDGE('',*,*,#10470,.T.);
#10587 = ORIENTED_EDGE('',*,*,#10563,.F.);
#10588 = ORIENTED_EDGE('',*,*,#10589,.F.);
#10589 = EDGE_CURVE('',#10580,#10556,#10590,.T.);
#10590 = LINE('',#10591,#10592);
#10591 = CARTESIAN_POINT('',(6.4389E+03,996.95,2.165296600807E+03));
#10592 = VECTOR('',#10593,1.);
#10593 = DIRECTION('',(0.,0.,1.));
#10594 = PLANE('',#10595);
#10595 = AXIS2_PLACEMENT_3D('',#10596,#10597,#10598);
#10596 = CARTESIAN_POINT('',(6.4389E+03,-400.05,1.9431E+03));
#10597 = DIRECTION('',(1.,-1.224646799147E-16,0.));
#10598 = DIRECTION('',(0.,0.,1.));
#10599 = ADVANCED_FACE('',(#10600),#10612,.T.);
#10600 = FACE_BOUND('',#10601,.T.);
#10601 = EDGE_LOOP('',(#10602,#10603,#10609,#10610,#10611));
#10602 = ORIENTED_EDGE('',*,*,#10500,.F.);
#10603 = ORIENTED_EDGE('',*,*,#10604,.F.);
#10604 = EDGE_CURVE('',#10580,#10501,#10605,.T.);
#10605 = LINE('',#10606,#10607);
#10606 = CARTESIAN_POINT('',(6.633292714012E+03,996.95,2.5019E+03));
#10607 = VECTOR('',#10608,1.);
#10608 = DIRECTION('',(-1.,1.224646799147E-16,0.));
#10609 = ORIENTED_EDGE('',*,*,#10589,.T.);
#10610 = ORIENTED_EDGE('',*,*,#10555,.T.);
#10611 = ORIENTED_EDGE('',*,*,#10541,.T.);
#10612 = PLANE('',#10613);
#10613 = AXIS2_PLACEMENT_3D('',#10614,#10615,#10616);
#10614 = CARTESIAN_POINT('',(6.529235428024E+03,996.95,
    2.387493201614E+03));
#10615 = DIRECTION('',(-1.224646799147E-16,-1.,0.));
#10616 = DIRECTION('',(0.404335613323,-4.951683146378E-17,0.914610688653
    ));
#10617 = ADVANCED_FACE('',(#10618),#10624,.T.);
#10618 = FACE_BOUND('',#10619,.T.);
#10619 = EDGE_LOOP('',(#10620,#10621,#10622,#10623));
#10620 = ORIENTED_EDGE('',*,*,#10462,.F.);
#10621 = ORIENTED_EDGE('',*,*,#10579,.F.);
#10622 = ORIENTED_EDGE('',*,*,#10604,.T.);
#10623 = ORIENTED_EDGE('',*,*,#10510,.F.);
#10624 = PLANE('',#10625);
#10625 = AXIS2_PLACEMENT_3D('',#10626,#10627,#10628);
#10626 = CARTESIAN_POINT('',(6.354673125444E+03,1.016E+03,2.5019E+03));
#10627 = DIRECTION('',(0.,0.,-1.));
#10628 = DIRECTION('',(1.,-1.224646799147E-16,0.));
#10629 = MANIFOLD_SOLID_BREP('',#10630);
#10630 = CLOSED_SHELL('',(#10631,#10679,#10710,#10734,#10758,#10782,
    #10800));
#10631 = ADVANCED_FACE('',(#10632),#10674,.F.);
#10632 = FACE_BOUND('',#10633,.F.);
#10633 = EDGE_LOOP('',(#10634,#10644,#10652,#10660,#10668));
#10634 = ORIENTED_EDGE('',*,*,#10635,.F.);
#10635 = EDGE_CURVE('',#10636,#10638,#10640,.T.);
#10636 = VERTEX_POINT('',#10637);
#10637 = CARTESIAN_POINT('',(6.270446250888E+03,1.64465E+03,2.5019E+03)
  );
#10638 = VERTEX_POINT('',#10639);
#10639 = CARTESIAN_POINT('',(4.577373076923E+03,1.64465E+03,
    3.250382156058E+03));
#10640 = LINE('',#10641,#10642);
#10641 = CARTESIAN_POINT('',(6.529235428024E+03,1.64465E+03,
    2.387493201614E+03));
#10642 = VECTOR('',#10643,1.);
#10643 = DIRECTION('',(-0.914610688653,1.120075052325E-16,0.404335613323
    ));
#10644 = ORIENTED_EDGE('',*,*,#10645,.F.);
#10645 = EDGE_CURVE('',#10646,#10636,#10648,.T.);
#10646 = VERTEX_POINT('',#10647);
#10647 = CARTESIAN_POINT('',(6.4389E+03,1.64465E+03,2.5019E+03));
#10648 = LINE('',#10649,#10650);
#10649 = CARTESIAN_POINT('',(6.433267714012E+03,1.64465E+03,2.5019E+03)
  );
#10650 = VECTOR('',#10651,1.);
#10651 = DIRECTION('',(-1.,1.224646799147E-16,0.));
#10652 = ORIENTED_EDGE('',*,*,#10653,.T.);
#10653 = EDGE_CURVE('',#10646,#10654,#10656,.T.);
#10654 = VERTEX_POINT('',#10655);
#10655 = CARTESIAN_POINT('',(6.4389E+03,1.64465E+03,2.580171718147E+03)
  );
#10656 = LINE('',#10657,#10658);
#10657 = CARTESIAN_POINT('',(6.4389E+03,1.64465E+03,2.165296600807E+03)
  );
#10658 = VECTOR('',#10659,1.);
#10659 = DIRECTION('',(0.,0.,1.));
#10660 = ORIENTED_EDGE('',*,*,#10661,.T.);
#10661 = EDGE_CURVE('',#10654,#10662,#10664,.T.);
#10662 = VERTEX_POINT('',#10663);
#10663 = CARTESIAN_POINT('',(4.577373076923E+03,1.64465E+03,
    3.403124740125E+03));
#10664 = LINE('',#10665,#10666);
#10665 = CARTESIAN_POINT('',(6.585721113205E+03,1.64465E+03,
    2.515264314819E+03));
#10666 = VECTOR('',#10667,1.);
#10667 = DIRECTION('',(-0.914610688653,1.120075052325E-16,0.404335613323
    ));
#10668 = ORIENTED_EDGE('',*,*,#10669,.T.);
#10669 = EDGE_CURVE('',#10662,#10638,#10670,.T.);
#10670 = LINE('',#10671,#10672);
#10671 = CARTESIAN_POINT('',(4.577373076923E+03,1.64465E+03,
    2.409271600807E+03));
#10672 = VECTOR('',#10673,1.);
#10673 = DIRECTION('',(-0.,0.,-1.));
#10674 = PLANE('',#10675);
#10675 = AXIS2_PLACEMENT_3D('',#10676,#10677,#10678);
#10676 = CARTESIAN_POINT('',(6.529235428024E+03,1.64465E+03,
    2.387493201614E+03));
#10677 = DIRECTION('',(-1.224646799147E-16,-1.,0.));
#10678 = DIRECTION('',(0.404335613323,-4.951683146378E-17,0.914610688653
    ));
#10679 = ADVANCED_FACE('',(#10680),#10705,.F.);
#10680 = FACE_BOUND('',#10681,.F.);
#10681 = EDGE_LOOP('',(#10682,#10692,#10698,#10699));
#10682 = ORIENTED_EDGE('',*,*,#10683,.F.);
#10683 = EDGE_CURVE('',#10684,#10686,#10688,.T.);
#10684 = VERTEX_POINT('',#10685);
#10685 = CARTESIAN_POINT('',(6.270446250888E+03,1.60655E+03,2.5019E+03)
  );
#10686 = VERTEX_POINT('',#10687);
#10687 = CARTESIAN_POINT('',(4.577373076923E+03,1.60655E+03,
    3.250382156058E+03));
#10688 = LINE('',#10689,#10690);
#10689 = CARTESIAN_POINT('',(6.529235428024E+03,1.60655E+03,
    2.387493201614E+03));
#10690 = VECTOR('',#10691,1.);
#10691 = DIRECTION('',(-0.914610688653,1.120075052325E-16,0.404335613323
    ));
#10692 = ORIENTED_EDGE('',*,*,#10693,.F.);
#10693 = EDGE_CURVE('',#10636,#10684,#10694,.T.);
#10694 = LINE('',#10695,#10696);
#10695 = CARTESIAN_POINT('',(6.270446250888E+03,1.78435E+03,2.5019E+03)
  );
#10696 = VECTOR('',#10697,1.);
#10697 = DIRECTION('',(-1.224646799147E-16,-1.,0.));
#10698 = ORIENTED_EDGE('',*,*,#10635,.T.);
#10699 = ORIENTED_EDGE('',*,*,#10700,.T.);
#10700 = EDGE_CURVE('',#10638,#10686,#10701,.T.);
#10701 = LINE('',#10702,#10703);
#10702 = CARTESIAN_POINT('',(4.577373076923E+03,1.64515E+03,
    3.250382156058E+03));
#10703 = VECTOR('',#10704,1.);
#10704 = DIRECTION('',(-1.224646799147E-16,-1.,0.));
#10705 = PLANE('',#10706);
#10706 = AXIS2_PLACEMENT_3D('',#10707,#10708,#10709);
#10707 = CARTESIAN_POINT('',(6.529235428024E+03,1.64465E+03,
    2.387493201614E+03));
#10708 = DIRECTION('',(0.404335613323,-4.951683146378E-17,0.914610688653
    ));
#10709 = DIRECTION('',(-0.914610688653,1.120075052325E-16,0.404335613323
    ));
#10710 = ADVANCED_FACE('',(#10711),#10729,.T.);
#10711 = FACE_BOUND('',#10712,.T.);
#10712 = EDGE_LOOP('',(#10713,#10721,#10722,#10723));
#10713 = ORIENTED_EDGE('',*,*,#10714,.F.);
#10714 = EDGE_CURVE('',#10662,#10715,#10717,.T.);
#10715 = VERTEX_POINT('',#10716);
#10716 = CARTESIAN_POINT('',(4.577373076923E+03,1.60655E+03,
    3.403124740125E+03));
#10717 = LINE('',#10718,#10719);
#10718 = CARTESIAN_POINT('',(4.577373076923E+03,1.64515E+03,
    3.403124740125E+03));
#10719 = VECTOR('',#10720,1.);
#10720 = DIRECTION('',(-1.224646799147E-16,-1.,0.));
#10721 = ORIENTED_EDGE('',*,*,#10669,.T.);
#10722 = ORIENTED_EDGE('',*,*,#10700,.T.);
#10723 = ORIENTED_EDGE('',*,*,#10724,.F.);
#10724 = EDGE_CURVE('',#10715,#10686,#10725,.T.);
#10725 = LINE('',#10726,#10727);
#10726 = CARTESIAN_POINT('',(4.577373076923E+03,1.60655E+03,
    2.409271600807E+03));
#10727 = VECTOR('',#10728,1.);
#10728 = DIRECTION('',(-0.,0.,-1.));
#10729 = PLANE('',#10730);
#10730 = AXIS2_PLACEMENT_3D('',#10731,#10732,#10733);
#10731 = CARTESIAN_POINT('',(4.577373076923E+03,1.64565E+03,2.43105E+03)
  );
#10732 = DIRECTION('',(-1.,1.224646799147E-16,0.));
#10733 = DIRECTION('',(0.,0.,1.));
#10734 = ADVANCED_FACE('',(#10735),#10753,.T.);
#10735 = FACE_BOUND('',#10736,.T.);
#10736 = EDGE_LOOP('',(#10737,#10745,#10751,#10752));
#10737 = ORIENTED_EDGE('',*,*,#10738,.F.);
#10738 = EDGE_CURVE('',#10739,#10715,#10741,.T.);
#10739 = VERTEX_POINT('',#10740);
#10740 = CARTESIAN_POINT('',(6.4389E+03,1.60655E+03,2.580171718147E+03)
  );
#10741 = LINE('',#10742,#10743);
#10742 = CARTESIAN_POINT('',(6.585721113205E+03,1.60655E+03,
    2.515264314819E+03));
#10743 = VECTOR('',#10744,1.);
#10744 = DIRECTION('',(-0.914610688653,1.120075052325E-16,0.404335613323
    ));
#10745 = ORIENTED_EDGE('',*,*,#10746,.T.);
#10746 = EDGE_CURVE('',#10739,#10654,#10747,.T.);
#10747 = LINE('',#10748,#10749);
#10748 = CARTESIAN_POINT('',(6.4389E+03,622.3,2.580171718147E+03));
#10749 = VECTOR('',#10750,1.);
#10750 = DIRECTION('',(2.424646799147E-16,1.,-5.E-17));
#10751 = ORIENTED_EDGE('',*,*,#10661,.T.);
#10752 = ORIENTED_EDGE('',*,*,#10714,.T.);
#10753 = PLANE('',#10754);
#10754 = AXIS2_PLACEMENT_3D('',#10755,#10756,#10757);
#10755 = CARTESIAN_POINT('',(6.585721113205E+03,1.64465E+03,
    2.515264314819E+03));
#10756 = DIRECTION('',(0.404335613323,-4.951683146378E-17,0.914610688653
    ));
#10757 = DIRECTION('',(-0.914610688653,1.120075052325E-16,0.404335613323
    ));
#10758 = ADVANCED_FACE('',(#10759),#10777,.T.);
#10759 = FACE_BOUND('',#10760,.T.);
#10760 = EDGE_LOOP('',(#10761,#10769,#10770,#10771));
#10761 = ORIENTED_EDGE('',*,*,#10762,.T.);
#10762 = EDGE_CURVE('',#10763,#10646,#10765,.T.);
#10763 = VERTEX_POINT('',#10764);
#10764 = CARTESIAN_POINT('',(6.4389E+03,1.60655E+03,2.5019E+03));
#10765 = LINE('',#10766,#10767);
#10766 = CARTESIAN_POINT('',(6.4389E+03,-400.05,2.5019E+03));
#10767 = VECTOR('',#10768,1.);
#10768 = DIRECTION('',(2.424646799147E-16,1.,0.));
#10769 = ORIENTED_EDGE('',*,*,#10653,.T.);
#10770 = ORIENTED_EDGE('',*,*,#10746,.F.);
#10771 = ORIENTED_EDGE('',*,*,#10772,.F.);
#10772 = EDGE_CURVE('',#10763,#10739,#10773,.T.);
#10773 = LINE('',#10774,#10775);
#10774 = CARTESIAN_POINT('',(6.4389E+03,1.60655E+03,2.165296600807E+03)
  );
#10775 = VECTOR('',#10776,1.);
#10776 = DIRECTION('',(0.,0.,1.));
#10777 = PLANE('',#10778);
#10778 = AXIS2_PLACEMENT_3D('',#10779,#10780,#10781);
#10779 = CARTESIAN_POINT('',(6.4389E+03,-400.05,1.9431E+03));
#10780 = DIRECTION('',(1.,-1.224646799147E-16,0.));
#10781 = DIRECTION('',(0.,0.,1.));
#10782 = ADVANCED_FACE('',(#10783),#10795,.T.);
#10783 = FACE_BOUND('',#10784,.T.);
#10784 = EDGE_LOOP('',(#10785,#10786,#10792,#10793,#10794));
#10785 = ORIENTED_EDGE('',*,*,#10683,.F.);
#10786 = ORIENTED_EDGE('',*,*,#10787,.F.);
#10787 = EDGE_CURVE('',#10763,#10684,#10788,.T.);
#10788 = LINE('',#10789,#10790);
#10789 = CARTESIAN_POINT('',(6.633292714012E+03,1.60655E+03,2.5019E+03)
  );
#10790 = VECTOR('',#10791,1.);
#10791 = DIRECTION('',(-1.,1.224646799147E-16,0.));
#10792 = ORIENTED_EDGE('',*,*,#10772,.T.);
#10793 = ORIENTED_EDGE('',*,*,#10738,.T.);
#10794 = ORIENTED_EDGE('',*,*,#10724,.T.);
#10795 = PLANE('',#10796);
#10796 = AXIS2_PLACEMENT_3D('',#10797,#10798,#10799);
#10797 = CARTESIAN_POINT('',(6.529235428024E+03,1.60655E+03,
    2.387493201614E+03));
#10798 = DIRECTION('',(-1.224646799147E-16,-1.,0.));
#10799 = DIRECTION('',(0.404335613323,-4.951683146378E-17,0.914610688653
    ));
#10800 = ADVANCED_FACE('',(#10801),#10807,.T.);
#10801 = FACE_BOUND('',#10802,.T.);
#10802 = EDGE_LOOP('',(#10803,#10804,#10805,#10806));
#10803 = ORIENTED_EDGE('',*,*,#10645,.F.);
#10804 = ORIENTED_EDGE('',*,*,#10762,.F.);
#10805 = ORIENTED_EDGE('',*,*,#10787,.T.);
#10806 = ORIENTED_EDGE('',*,*,#10693,.F.);
#10807 = PLANE('',#10808);
#10808 = AXIS2_PLACEMENT_3D('',#10809,#10810,#10811);
#10809 = CARTESIAN_POINT('',(6.354673125444E+03,1.6256E+03,2.5019E+03));
#10810 = DIRECTION('',(0.,0.,-1.));
#10811 = DIRECTION('',(1.,-1.224646799147E-16,0.));
#10812 = MANIFOLD_SOLID_BREP('',#10813);
#10813 = CLOSED_SHELL('',(#10814,#10862,#10893,#10917,#10941,#10965,
    #10983));
#10814 = ADVANCED_FACE('',(#10815),#10857,.F.);
#10815 = FACE_BOUND('',#10816,.F.);
#10816 = EDGE_LOOP('',(#10817,#10827,#10835,#10843,#10851));
#10817 = ORIENTED_EDGE('',*,*,#10818,.F.);
#10818 = EDGE_CURVE('',#10819,#10821,#10823,.T.);
#10819 = VERTEX_POINT('',#10820);
#10820 = CARTESIAN_POINT('',(6.270446250888E+03,2.25425E+03,2.5019E+03)
  );
#10821 = VERTEX_POINT('',#10822);
#10822 = CARTESIAN_POINT('',(3.920880769231E+03,2.25425E+03,
    3.540607519883E+03));
#10823 = LINE('',#10824,#10825);
#10824 = CARTESIAN_POINT('',(6.529235428024E+03,2.25425E+03,
    2.387493201614E+03));
#10825 = VECTOR('',#10826,1.);
#10826 = DIRECTION('',(-0.914610688653,1.120075052325E-16,0.404335613323
    ));
#10827 = ORIENTED_EDGE('',*,*,#10828,.F.);
#10828 = EDGE_CURVE('',#10829,#10819,#10831,.T.);
#10829 = VERTEX_POINT('',#10830);
#10830 = CARTESIAN_POINT('',(6.4389E+03,2.25425E+03,2.5019E+03));
#10831 = LINE('',#10832,#10833);
#10832 = CARTESIAN_POINT('',(6.433267714012E+03,2.25425E+03,2.5019E+03)
  );
#10833 = VECTOR('',#10834,1.);
#10834 = DIRECTION('',(-1.,1.224646799147E-16,0.));
#10835 = ORIENTED_EDGE('',*,*,#10836,.T.);
#10836 = EDGE_CURVE('',#10829,#10837,#10839,.T.);
#10837 = VERTEX_POINT('',#10838);
#10838 = CARTESIAN_POINT('',(6.4389E+03,2.25425E+03,2.580171718147E+03)
  );
#10839 = LINE('',#10840,#10841);
#10840 = CARTESIAN_POINT('',(6.4389E+03,2.25425E+03,2.165296600807E+03)
  );
#10841 = VECTOR('',#10842,1.);
#10842 = DIRECTION('',(0.,0.,1.));
#10843 = ORIENTED_EDGE('',*,*,#10844,.T.);
#10844 = EDGE_CURVE('',#10837,#10845,#10847,.T.);
#10845 = VERTEX_POINT('',#10846);
#10846 = CARTESIAN_POINT('',(3.920880769231E+03,2.25425E+03,
    3.69335010395E+03));
#10847 = LINE('',#10848,#10849);
#10848 = CARTESIAN_POINT('',(6.585721113205E+03,2.25425E+03,
    2.515264314819E+03));
#10849 = VECTOR('',#10850,1.);
#10850 = DIRECTION('',(-0.914610688653,1.120075052325E-16,0.404335613323
    ));
#10851 = ORIENTED_EDGE('',*,*,#10852,.T.);
#10852 = EDGE_CURVE('',#10845,#10821,#10853,.T.);
#10853 = LINE('',#10854,#10855);
#10854 = CARTESIAN_POINT('',(3.920880769231E+03,2.25425E+03,
    2.409271600807E+03));
#10855 = VECTOR('',#10856,1.);
#10856 = DIRECTION('',(-0.,0.,-1.));
#10857 = PLANE('',#10858);
#10858 = AXIS2_PLACEMENT_3D('',#10859,#10860,#10861);
#10859 = CARTESIAN_POINT('',(6.529235428024E+03,2.25425E+03,
    2.387493201614E+03));
#10860 = DIRECTION('',(-1.224646799147E-16,-1.,0.));
#10861 = DIRECTION('',(0.404335613323,-4.951683146378E-17,0.914610688653
    ));
#10862 = ADVANCED_FACE('',(#10863),#10888,.F.);
#10863 = FACE_BOUND('',#10864,.F.);
#10864 = EDGE_LOOP('',(#10865,#10875,#10881,#10882));
#10865 = ORIENTED_EDGE('',*,*,#10866,.F.);
#10866 = EDGE_CURVE('',#10867,#10869,#10871,.T.);
#10867 = VERTEX_POINT('',#10868);
#10868 = CARTESIAN_POINT('',(6.270446250888E+03,2.21615E+03,2.5019E+03)
  );
#10869 = VERTEX_POINT('',#10870);
#10870 = CARTESIAN_POINT('',(3.920880769231E+03,2.21615E+03,
    3.540607519883E+03));
#10871 = LINE('',#10872,#10873);
#10872 = CARTESIAN_POINT('',(6.529235428024E+03,2.21615E+03,
    2.387493201614E+03));
#10873 = VECTOR('',#10874,1.);
#10874 = DIRECTION('',(-0.914610688653,1.120075052325E-16,0.404335613323
    ));
#10875 = ORIENTED_EDGE('',*,*,#10876,.F.);
#10876 = EDGE_CURVE('',#10819,#10867,#10877,.T.);
#10877 = LINE('',#10878,#10879);
#10878 = CARTESIAN_POINT('',(6.270446250888E+03,2.39395E+03,2.5019E+03)
  );
#10879 = VECTOR('',#10880,1.);
#10880 = DIRECTION('',(-1.224646799147E-16,-1.,0.));
#10881 = ORIENTED_EDGE('',*,*,#10818,.T.);
#10882 = ORIENTED_EDGE('',*,*,#10883,.T.);
#10883 = EDGE_CURVE('',#10821,#10869,#10884,.T.);
#10884 = LINE('',#10885,#10886);
#10885 = CARTESIAN_POINT('',(3.920880769231E+03,2.25475E+03,
    3.540607519883E+03));
#10886 = VECTOR('',#10887,1.);
#10887 = DIRECTION('',(-1.224646799147E-16,-1.,0.));
#10888 = PLANE('',#10889);
#10889 = AXIS2_PLACEMENT_3D('',#10890,#10891,#10892);
#10890 = CARTESIAN_POINT('',(6.529235428024E+03,2.25425E+03,
    2.387493201614E+03));
#10891 = DIRECTION('',(0.404335613323,-4.951683146378E-17,0.914610688653
    ));
#10892 = DIRECTION('',(-0.914610688653,1.120075052325E-16,0.404335613323
    ));
#10893 = ADVANCED_FACE('',(#10894),#10912,.T.);
#10894 = FACE_BOUND('',#10895,.T.);
#10895 = EDGE_LOOP('',(#10896,#10904,#10905,#10906));
#10896 = ORIENTED_EDGE('',*,*,#10897,.F.);
#10897 = EDGE_CURVE('',#10845,#10898,#10900,.T.);
#10898 = VERTEX_POINT('',#10899);
#10899 = CARTESIAN_POINT('',(3.920880769231E+03,2.21615E+03,
    3.69335010395E+03));
#10900 = LINE('',#10901,#10902);
#10901 = CARTESIAN_POINT('',(3.920880769231E+03,2.25475E+03,
    3.69335010395E+03));
#10902 = VECTOR('',#10903,1.);
#10903 = DIRECTION('',(-1.224646799147E-16,-1.,0.));
#10904 = ORIENTED_EDGE('',*,*,#10852,.T.);
#10905 = ORIENTED_EDGE('',*,*,#10883,.T.);
#10906 = ORIENTED_EDGE('',*,*,#10907,.F.);
#10907 = EDGE_CURVE('',#10898,#10869,#10908,.T.);
#10908 = LINE('',#10909,#10910);
#10909 = CARTESIAN_POINT('',(3.920880769231E+03,2.21615E+03,
    2.409271600807E+03));
#10910 = VECTOR('',#10911,1.);
#10911 = DIRECTION('',(-0.,0.,-1.));
#10912 = PLANE('',#10913);
#10913 = AXIS2_PLACEMENT_3D('',#10914,#10915,#10916);
#10914 = CARTESIAN_POINT('',(3.920880769231E+03,2.25525E+03,2.43105E+03)
  );
#10915 = DIRECTION('',(-1.,1.224646799147E-16,0.));
#10916 = DIRECTION('',(0.,0.,1.));
#10917 = ADVANCED_FACE('',(#10918),#10936,.T.);
#10918 = FACE_BOUND('',#10919,.T.);
#10919 = EDGE_LOOP('',(#10920,#10928,#10934,#10935));
#10920 = ORIENTED_EDGE('',*,*,#10921,.F.);
#10921 = EDGE_CURVE('',#10922,#10898,#10924,.T.);
#10922 = VERTEX_POINT('',#10923);
#10923 = CARTESIAN_POINT('',(6.4389E+03,2.21615E+03,2.580171718147E+03)
  );
#10924 = LINE('',#10925,#10926);
#10925 = CARTESIAN_POINT('',(6.585721113205E+03,2.21615E+03,
    2.515264314819E+03));
#10926 = VECTOR('',#10927,1.);
#10927 = DIRECTION('',(-0.914610688653,1.120075052325E-16,0.404335613323
    ));
#10928 = ORIENTED_EDGE('',*,*,#10929,.T.);
#10929 = EDGE_CURVE('',#10922,#10837,#10930,.T.);
#10930 = LINE('',#10931,#10932);
#10931 = CARTESIAN_POINT('',(6.4389E+03,927.1,2.580171718147E+03));
#10932 = VECTOR('',#10933,1.);
#10933 = DIRECTION('',(2.424646799147E-16,1.,-5.E-17));
#10934 = ORIENTED_EDGE('',*,*,#10844,.T.);
#10935 = ORIENTED_EDGE('',*,*,#10897,.T.);
#10936 = PLANE('',#10937);
#10937 = AXIS2_PLACEMENT_3D('',#10938,#10939,#10940);
#10938 = CARTESIAN_POINT('',(6.585721113205E+03,2.25425E+03,
    2.515264314819E+03));
#10939 = DIRECTION('',(0.404335613323,-4.951683146378E-17,0.914610688653
    ));
#10940 = DIRECTION('',(-0.914610688653,1.120075052325E-16,0.404335613323
    ));
#10941 = ADVANCED_FACE('',(#10942),#10960,.T.);
#10942 = FACE_BOUND('',#10943,.T.);
#10943 = EDGE_LOOP('',(#10944,#10952,#10953,#10954));
#10944 = ORIENTED_EDGE('',*,*,#10945,.T.);
#10945 = EDGE_CURVE('',#10946,#10829,#10948,.T.);
#10946 = VERTEX_POINT('',#10947);
#10947 = CARTESIAN_POINT('',(6.4389E+03,2.21615E+03,2.5019E+03));
#10948 = LINE('',#10949,#10950);
#10949 = CARTESIAN_POINT('',(6.4389E+03,-400.05,2.5019E+03));
#10950 = VECTOR('',#10951,1.);
#10951 = DIRECTION('',(2.424646799147E-16,1.,0.));
#10952 = ORIENTED_EDGE('',*,*,#10836,.T.);
#10953 = ORIENTED_EDGE('',*,*,#10929,.F.);
#10954 = ORIENTED_EDGE('',*,*,#10955,.F.);
#10955 = EDGE_CURVE('',#10946,#10922,#10956,.T.);
#10956 = LINE('',#10957,#10958);
#10957 = CARTESIAN_POINT('',(6.4389E+03,2.21615E+03,2.165296600807E+03)
  );
#10958 = VECTOR('',#10959,1.);
#10959 = DIRECTION('',(0.,0.,1.));
#10960 = PLANE('',#10961);
#10961 = AXIS2_PLACEMENT_3D('',#10962,#10963,#10964);
#10962 = CARTESIAN_POINT('',(6.4389E+03,-400.05,1.9431E+03));
#10963 = DIRECTION('',(1.,-1.224646799147E-16,0.));
#10964 = DIRECTION('',(0.,0.,1.));
#10965 = ADVANCED_FACE('',(#10966),#10978,.T.);
#10966 = FACE_BOUND('',#10967,.T.);
#10967 = EDGE_LOOP('',(#10968,#10969,#10975,#10976,#10977));
#10968 = ORIENTED_EDGE('',*,*,#10866,.F.);
#10969 = ORIENTED_EDGE('',*,*,#10970,.F.);
#10970 = EDGE_CURVE('',#10946,#10867,#10971,.T.);
#10971 = LINE('',#10972,#10973);
#10972 = CARTESIAN_POINT('',(6.633292714012E+03,2.21615E+03,2.5019E+03)
  );
#10973 = VECTOR('',#10974,1.);
#10974 = DIRECTION('',(-1.,1.224646799147E-16,0.));
#10975 = ORIENTED_EDGE('',*,*,#10955,.T.);
#10976 = ORIENTED_EDGE('',*,*,#10921,.T.);
#10977 = ORIENTED_EDGE('',*,*,#10907,.T.);
#10978 = PLANE('',#10979);
#10979 = AXIS2_PLACEMENT_3D('',#10980,#10981,#10982);
#10980 = CARTESIAN_POINT('',(6.529235428024E+03,2.21615E+03,
    2.387493201614E+03));
#10981 = DIRECTION('',(-1.224646799147E-16,-1.,0.));
#10982 = DIRECTION('',(0.404335613323,-4.951683146378E-17,0.914610688653
    ));
#10983 = ADVANCED_FACE('',(#10984),#10990,.T.);
#10984 = FACE_BOUND('',#10985,.T.);
#10985 = EDGE_LOOP('',(#10986,#10987,#10988,#10989));
#10986 = ORIENTED_EDGE('',*,*,#10828,.F.);
#10987 = ORIENTED_EDGE('',*,*,#10945,.F.);
#10988 = ORIENTED_EDGE('',*,*,#10970,.T.);
#10989 = ORIENTED_EDGE('',*,*,#10876,.F.);
#10990 = PLANE('',#10991);
#10991 = AXIS2_PLACEMENT_3D('',#10992,#10993,#10994);
#10992 = CARTESIAN_POINT('',(6.354673125444E+03,2.2352E+03,2.5019E+03));
#10993 = DIRECTION('',(0.,0.,-1.));
#10994 = DIRECTION('',(1.,-1.224646799147E-16,0.));
#10995 = MANIFOLD_SOLID_BREP('',#10996);
#10996 = CLOSED_SHELL('',(#10997,#11045,#11076,#11100,#11124,#11148,
    #11166));
#10997 = ADVANCED_FACE('',(#10998),#11040,.F.);
#10998 = FACE_BOUND('',#10999,.F.);
#10999 = EDGE_LOOP('',(#11000,#11010,#11018,#11026,#11034));
#11000 = ORIENTED_EDGE('',*,*,#11001,.F.);
#11001 = EDGE_CURVE('',#11002,#11004,#11006,.T.);
#11002 = VERTEX_POINT('',#11003);
#11003 = CARTESIAN_POINT('',(6.270446250888E+03,2.86385E+03,2.5019E+03)
  );
#11004 = VERTEX_POINT('',#11005);
#11005 = CARTESIAN_POINT('',(3.264388461538E+03,2.86385E+03,
    3.830832883709E+03));
#11006 = LINE('',#11007,#11008);
#11007 = CARTESIAN_POINT('',(6.529235428024E+03,2.86385E+03,
    2.387493201614E+03));
#11008 = VECTOR('',#11009,1.);
#11009 = DIRECTION('',(-0.914610688653,1.120075052325E-16,0.404335613323
    ));
#11010 = ORIENTED_EDGE('',*,*,#11011,.F.);
#11011 = EDGE_CURVE('',#11012,#11002,#11014,.T.);
#11012 = VERTEX_POINT('',#11013);
#11013 = CARTESIAN_POINT('',(6.4389E+03,2.86385E+03,2.5019E+03));
#11014 = LINE('',#11015,#11016);
#11015 = CARTESIAN_POINT('',(6.433267714012E+03,2.86385E+03,2.5019E+03)
  );
#11016 = VECTOR('',#11017,1.);
#11017 = DIRECTION('',(-1.,1.224646799147E-16,0.));
#11018 = ORIENTED_EDGE('',*,*,#11019,.T.);
#11019 = EDGE_CURVE('',#11012,#11020,#11022,.T.);
#11020 = VERTEX_POINT('',#11021);
#11021 = CARTESIAN_POINT('',(6.4389E+03,2.86385E+03,2.580171718147E+03)
  );
#11022 = LINE('',#11023,#11024);
#11023 = CARTESIAN_POINT('',(6.4389E+03,2.86385E+03,2.165296600807E+03)
  );
#11024 = VECTOR('',#11025,1.);
#11025 = DIRECTION('',(0.,0.,1.));
#11026 = ORIENTED_EDGE('',*,*,#11027,.T.);
#11027 = EDGE_CURVE('',#11020,#11028,#11030,.T.);
#11028 = VERTEX_POINT('',#11029);
#11029 = CARTESIAN_POINT('',(3.264388461538E+03,2.86385E+03,
    3.983575467775E+03));
#11030 = LINE('',#11031,#11032);
#11031 = CARTESIAN_POINT('',(6.585721113205E+03,2.86385E+03,
    2.515264314819E+03));
#11032 = VECTOR('',#11033,1.);
#11033 = DIRECTION('',(-0.914610688653,1.120075052325E-16,0.404335613323
    ));
#11034 = ORIENTED_EDGE('',*,*,#11035,.T.);
#11035 = EDGE_CURVE('',#11028,#11004,#11036,.T.);
#11036 = LINE('',#11037,#11038);
#11037 = CARTESIAN_POINT('',(3.264388461538E+03,2.86385E+03,
    2.409271600807E+03));
#11038 = VECTOR('',#11039,1.);
#11039 = DIRECTION('',(-0.,0.,-1.));
#11040 = PLANE('',#11041);
#11041 = AXIS2_PLACEMENT_3D('',#11042,#11043,#11044);
#11042 = CARTESIAN_POINT('',(6.529235428024E+03,2.86385E+03,
    2.387493201614E+03));
#11043 = DIRECTION('',(-1.224646799147E-16,-1.,0.));
#11044 = DIRECTION('',(0.404335613323,-4.951683146378E-17,0.914610688653
    ));
#11045 = ADVANCED_FACE('',(#11046),#11071,.F.);
#11046 = FACE_BOUND('',#11047,.F.);
#11047 = EDGE_LOOP('',(#11048,#11058,#11064,#11065));
#11048 = ORIENTED_EDGE('',*,*,#11049,.F.);
#11049 = EDGE_CURVE('',#11050,#11052,#11054,.T.);
#11050 = VERTEX_POINT('',#11051);
#11051 = CARTESIAN_POINT('',(6.270446250888E+03,2.82575E+03,2.5019E+03)
  );
#11052 = VERTEX_POINT('',#11053);
#11053 = CARTESIAN_POINT('',(3.264388461538E+03,2.82575E+03,
    3.830832883709E+03));
#11054 = LINE('',#11055,#11056);
#11055 = CARTESIAN_POINT('',(6.529235428024E+03,2.82575E+03,
    2.387493201614E+03));
#11056 = VECTOR('',#11057,1.);
#11057 = DIRECTION('',(-0.914610688653,1.120075052325E-16,0.404335613323
    ));
#11058 = ORIENTED_EDGE('',*,*,#11059,.F.);
#11059 = EDGE_CURVE('',#11002,#11050,#11060,.T.);
#11060 = LINE('',#11061,#11062);
#11061 = CARTESIAN_POINT('',(6.270446250888E+03,3.00355E+03,2.5019E+03)
  );
#11062 = VECTOR('',#11063,1.);
#11063 = DIRECTION('',(-1.224646799147E-16,-1.,0.));
#11064 = ORIENTED_EDGE('',*,*,#11001,.T.);
#11065 = ORIENTED_EDGE('',*,*,#11066,.T.);
#11066 = EDGE_CURVE('',#11004,#11052,#11067,.T.);
#11067 = LINE('',#11068,#11069);
#11068 = CARTESIAN_POINT('',(3.264388461538E+03,2.86435E+03,
    3.830832883709E+03));
#11069 = VECTOR('',#11070,1.);
#11070 = DIRECTION('',(-1.224646799147E-16,-1.,0.));
#11071 = PLANE('',#11072);
#11072 = AXIS2_PLACEMENT_3D('',#11073,#11074,#11075);
#11073 = CARTESIAN_POINT('',(6.529235428024E+03,2.86385E+03,
    2.387493201614E+03));
#11074 = DIRECTION('',(0.404335613323,-4.951683146378E-17,0.914610688653
    ));
#11075 = DIRECTION('',(-0.914610688653,1.120075052325E-16,0.404335613323
    ));
#11076 = ADVANCED_FACE('',(#11077),#11095,.T.);
#11077 = FACE_BOUND('',#11078,.T.);
#11078 = EDGE_LOOP('',(#11079,#11087,#11088,#11089));
#11079 = ORIENTED_EDGE('',*,*,#11080,.F.);
#11080 = EDGE_CURVE('',#11028,#11081,#11083,.T.);
#11081 = VERTEX_POINT('',#11082);
#11082 = CARTESIAN_POINT('',(3.264388461538E+03,2.82575E+03,
    3.983575467775E+03));
#11083 = LINE('',#11084,#11085);
#11084 = CARTESIAN_POINT('',(3.264388461538E+03,2.86435E+03,
    3.983575467775E+03));
#11085 = VECTOR('',#11086,1.);
#11086 = DIRECTION('',(-1.224646799147E-16,-1.,0.));
#11087 = ORIENTED_EDGE('',*,*,#11035,.T.);
#11088 = ORIENTED_EDGE('',*,*,#11066,.T.);
#11089 = ORIENTED_EDGE('',*,*,#11090,.F.);
#11090 = EDGE_CURVE('',#11081,#11052,#11091,.T.);
#11091 = LINE('',#11092,#11093);
#11092 = CARTESIAN_POINT('',(3.264388461538E+03,2.82575E+03,
    2.409271600807E+03));
#11093 = VECTOR('',#11094,1.);
#11094 = DIRECTION('',(-0.,0.,-1.));
#11095 = PLANE('',#11096);
#11096 = AXIS2_PLACEMENT_3D('',#11097,#11098,#11099);
#11097 = CARTESIAN_POINT('',(3.264388461538E+03,2.86485E+03,2.43105E+03)
  );
#11098 = DIRECTION('',(-1.,1.224646799147E-16,0.));
#11099 = DIRECTION('',(0.,0.,1.));
#11100 = ADVANCED_FACE('',(#11101),#11119,.T.);
#11101 = FACE_BOUND('',#11102,.T.);
#11102 = EDGE_LOOP('',(#11103,#11111,#11117,#11118));
#11103 = ORIENTED_EDGE('',*,*,#11104,.F.);
#11104 = EDGE_CURVE('',#11105,#11081,#11107,.T.);
#11105 = VERTEX_POINT('',#11106);
#11106 = CARTESIAN_POINT('',(6.4389E+03,2.82575E+03,2.580171718147E+03)
  );
#11107 = LINE('',#11108,#11109);
#11108 = CARTESIAN_POINT('',(6.585721113205E+03,2.82575E+03,
    2.515264314819E+03));
#11109 = VECTOR('',#11110,1.);
#11110 = DIRECTION('',(-0.914610688653,1.120075052325E-16,0.404335613323
    ));
#11111 = ORIENTED_EDGE('',*,*,#11112,.T.);
#11112 = EDGE_CURVE('',#11105,#11020,#11113,.T.);
#11113 = LINE('',#11114,#11115);
#11114 = CARTESIAN_POINT('',(6.4389E+03,1.2319E+03,2.580171718147E+03));
#11115 = VECTOR('',#11116,1.);
#11116 = DIRECTION('',(2.424646799147E-16,1.,-5.E-17));
#11117 = ORIENTED_EDGE('',*,*,#11027,.T.);
#11118 = ORIENTED_EDGE('',*,*,#11080,.T.);
#11119 = PLANE('',#11120);
#11120 = AXIS2_PLACEMENT_3D('',#11121,#11122,#11123);
#11121 = CARTESIAN_POINT('',(6.585721113205E+03,2.86385E+03,
    2.515264314819E+03));
#11122 = DIRECTION('',(0.404335613323,-4.951683146378E-17,0.914610688653
    ));
#11123 = DIRECTION('',(-0.914610688653,1.120075052325E-16,0.404335613323
    ));
#11124 = ADVANCED_FACE('',(#11125),#11143,.T.);
#11125 = FACE_BOUND('',#11126,.T.);
#11126 = EDGE_LOOP('',(#11127,#11135,#11136,#11137));
#11127 = ORIENTED_EDGE('',*,*,#11128,.T.);
#11128 = EDGE_CURVE('',#11129,#11012,#11131,.T.);
#11129 = VERTEX_POINT('',#11130);
#11130 = CARTESIAN_POINT('',(6.4389E+03,2.82575E+03,2.5019E+03));
#11131 = LINE('',#11132,#11133);
#11132 = CARTESIAN_POINT('',(6.4389E+03,-400.05,2.5019E+03));
#11133 = VECTOR('',#11134,1.);
#11134 = DIRECTION('',(2.424646799147E-16,1.,0.));
#11135 = ORIENTED_EDGE('',*,*,#11019,.T.);
#11136 = ORIENTED_EDGE('',*,*,#11112,.F.);
#11137 = ORIENTED_EDGE('',*,*,#11138,.F.);
#11138 = EDGE_CURVE('',#11129,#11105,#11139,.T.);
#11139 = LINE('',#11140,#11141);
#11140 = CARTESIAN_POINT('',(6.4389E+03,2.82575E+03,2.165296600807E+03)
  );
#11141 = VECTOR('',#11142,1.);
#11142 = DIRECTION('',(0.,0.,1.));
#11143 = PLANE('',#11144);
#11144 = AXIS2_PLACEMENT_3D('',#11145,#11146,#11147);
#11145 = CARTESIAN_POINT('',(6.4389E+03,-400.05,1.9431E+03));
#11146 = DIRECTION('',(1.,-1.224646799147E-16,0.));
#11147 = DIRECTION('',(0.,0.,1.));
#11148 = ADVANCED_FACE('',(#11149),#11161,.T.);
#11149 = FACE_BOUND('',#11150,.T.);
#11150 = EDGE_LOOP('',(#11151,#11152,#11158,#11159,#11160));
#11151 = ORIENTED_EDGE('',*,*,#11049,.F.);
#11152 = ORIENTED_EDGE('',*,*,#11153,.F.);
#11153 = EDGE_CURVE('',#11129,#11050,#11154,.T.);
#11154 = LINE('',#11155,#11156);
#11155 = CARTESIAN_POINT('',(6.633292714012E+03,2.82575E+03,2.5019E+03)
  );
#11156 = VECTOR('',#11157,1.);
#11157 = DIRECTION('',(-1.,1.224646799147E-16,0.));
#11158 = ORIENTED_EDGE('',*,*,#11138,.T.);
#11159 = ORIENTED_EDGE('',*,*,#11104,.T.);
#11160 = ORIENTED_EDGE('',*,*,#11090,.T.);
#11161 = PLANE('',#11162);
#11162 = AXIS2_PLACEMENT_3D('',#11163,#11164,#11165);
#11163 = CARTESIAN_POINT('',(6.529235428024E+03,2.82575E+03,
    2.387493201614E+03));
#11164 = DIRECTION('',(-1.224646799147E-16,-1.,0.));
#11165 = DIRECTION('',(0.404335613323,-4.951683146378E-17,0.914610688653
    ));
#11166 = ADVANCED_FACE('',(#11167),#11173,.T.);
#11167 = FACE_BOUND('',#11168,.T.);
#11168 = EDGE_LOOP('',(#11169,#11170,#11171,#11172));
#11169 = ORIENTED_EDGE('',*,*,#11011,.F.);
#11170 = ORIENTED_EDGE('',*,*,#11128,.F.);
#11171 = ORIENTED_EDGE('',*,*,#11153,.T.);
#11172 = ORIENTED_EDGE('',*,*,#11059,.F.);
#11173 = PLANE('',#11174);
#11174 = AXIS2_PLACEMENT_3D('',#11175,#11176,#11177);
#11175 = CARTESIAN_POINT('',(6.354673125444E+03,2.8448E+03,2.5019E+03));
#11176 = DIRECTION('',(0.,0.,-1.));
#11177 = DIRECTION('',(1.,-1.224646799147E-16,0.));
#11178 = MANIFOLD_SOLID_BREP('',#11179);
#11179 = CLOSED_SHELL('',(#11180,#11228,#11259,#11283,#11307,#11331,
    #11349));
#11180 = ADVANCED_FACE('',(#11181),#11223,.F.);
#11181 = FACE_BOUND('',#11182,.F.);
#11182 = EDGE_LOOP('',(#11183,#11193,#11201,#11209,#11217));
#11183 = ORIENTED_EDGE('',*,*,#11184,.F.);
#11184 = EDGE_CURVE('',#11185,#11187,#11189,.T.);
#11185 = VERTEX_POINT('',#11186);
#11186 = CARTESIAN_POINT('',(6.270446250888E+03,5.93725E+03,2.5019E+03)
  );
#11187 = VERTEX_POINT('',#11188);
#11188 = CARTESIAN_POINT('',(5.890357692308E+03,5.93725E+03,
    2.669931428407E+03));
#11189 = LINE('',#11190,#11191);
#11190 = CARTESIAN_POINT('',(6.529235428024E+03,5.93725E+03,
    2.387493201614E+03));
#11191 = VECTOR('',#11192,1.);
#11192 = DIRECTION('',(-0.914610688653,1.120075052325E-16,0.404335613323
    ));
#11193 = ORIENTED_EDGE('',*,*,#11194,.F.);
#11194 = EDGE_CURVE('',#11195,#11185,#11197,.T.);
#11195 = VERTEX_POINT('',#11196);
#11196 = CARTESIAN_POINT('',(6.4389E+03,5.93725E+03,2.5019E+03));
#11197 = LINE('',#11198,#11199);
#11198 = CARTESIAN_POINT('',(6.433267714012E+03,5.93725E+03,2.5019E+03)
  );
#11199 = VECTOR('',#11200,1.);
#11200 = DIRECTION('',(-1.,1.224646799147E-16,0.));
#11201 = ORIENTED_EDGE('',*,*,#11202,.T.);
#11202 = EDGE_CURVE('',#11195,#11203,#11205,.T.);
#11203 = VERTEX_POINT('',#11204);
#11204 = CARTESIAN_POINT('',(6.4389E+03,5.93725E+03,2.580171718147E+03)
  );
#11205 = LINE('',#11206,#11207);
#11206 = CARTESIAN_POINT('',(6.4389E+03,5.93725E+03,2.165296600807E+03)
  );
#11207 = VECTOR('',#11208,1.);
#11208 = DIRECTION('',(0.,0.,1.));
#11209 = ORIENTED_EDGE('',*,*,#11210,.T.);
#11210 = EDGE_CURVE('',#11203,#11211,#11213,.T.);
#11211 = VERTEX_POINT('',#11212);
#11212 = CARTESIAN_POINT('',(5.890357692308E+03,5.93725E+03,
    2.822674012474E+03));
#11213 = LINE('',#11214,#11215);
#11214 = CARTESIAN_POINT('',(6.585721113205E+03,5.93725E+03,
    2.515264314819E+03));
#11215 = VECTOR('',#11216,1.);
#11216 = DIRECTION('',(-0.914610688653,1.120075052325E-16,0.404335613323
    ));
#11217 = ORIENTED_EDGE('',*,*,#11218,.T.);
#11218 = EDGE_CURVE('',#11211,#11187,#11219,.T.);
#11219 = LINE('',#11220,#11221);
#11220 = CARTESIAN_POINT('',(5.890357692308E+03,5.93725E+03,
    2.409271600807E+03));
#11221 = VECTOR('',#11222,1.);
#11222 = DIRECTION('',(-0.,0.,-1.));
#11223 = PLANE('',#11224);
#11224 = AXIS2_PLACEMENT_3D('',#11225,#11226,#11227);
#11225 = CARTESIAN_POINT('',(6.529235428024E+03,5.93725E+03,
    2.387493201614E+03));
#11226 = DIRECTION('',(-1.224646799147E-16,-1.,0.));
#11227 = DIRECTION('',(0.404335613323,-4.951683146378E-17,0.914610688653
    ));
#11228 = ADVANCED_FACE('',(#11229),#11254,.F.);
#11229 = FACE_BOUND('',#11230,.F.);
#11230 = EDGE_LOOP('',(#11231,#11241,#11247,#11248));
#11231 = ORIENTED_EDGE('',*,*,#11232,.F.);
#11232 = EDGE_CURVE('',#11233,#11235,#11237,.T.);
#11233 = VERTEX_POINT('',#11234);
#11234 = CARTESIAN_POINT('',(6.270446250888E+03,5.89915E+03,2.5019E+03)
  );
#11235 = VERTEX_POINT('',#11236);
#11236 = CARTESIAN_POINT('',(5.890357692308E+03,5.89915E+03,
    2.669931428407E+03));
#11237 = LINE('',#11238,#11239);
#11238 = CARTESIAN_POINT('',(6.529235428024E+03,5.89915E+03,
    2.387493201614E+03));
#11239 = VECTOR('',#11240,1.);
#11240 = DIRECTION('',(-0.914610688653,1.120075052325E-16,0.404335613323
    ));
#11241 = ORIENTED_EDGE('',*,*,#11242,.F.);
#11242 = EDGE_CURVE('',#11185,#11233,#11243,.T.);
#11243 = LINE('',#11244,#11245);
#11244 = CARTESIAN_POINT('',(6.270446250888E+03,6.07695E+03,2.5019E+03)
  );
#11245 = VECTOR('',#11246,1.);
#11246 = DIRECTION('',(-1.224646799147E-16,-1.,0.));
#11247 = ORIENTED_EDGE('',*,*,#11184,.T.);
#11248 = ORIENTED_EDGE('',*,*,#11249,.T.);
#11249 = EDGE_CURVE('',#11187,#11235,#11250,.T.);
#11250 = LINE('',#11251,#11252);
#11251 = CARTESIAN_POINT('',(5.890357692308E+03,5.93775E+03,
    2.669931428407E+03));
#11252 = VECTOR('',#11253,1.);
#11253 = DIRECTION('',(-1.224646799147E-16,-1.,0.));
#11254 = PLANE('',#11255);
#11255 = AXIS2_PLACEMENT_3D('',#11256,#11257,#11258);
#11256 = CARTESIAN_POINT('',(6.529235428024E+03,5.93725E+03,
    2.387493201614E+03));
#11257 = DIRECTION('',(0.404335613323,-4.951683146378E-17,0.914610688653
    ));
#11258 = DIRECTION('',(-0.914610688653,1.120075052325E-16,0.404335613323
    ));
#11259 = ADVANCED_FACE('',(#11260),#11278,.T.);
#11260 = FACE_BOUND('',#11261,.T.);
#11261 = EDGE_LOOP('',(#11262,#11270,#11271,#11272));
#11262 = ORIENTED_EDGE('',*,*,#11263,.F.);
#11263 = EDGE_CURVE('',#11211,#11264,#11266,.T.);
#11264 = VERTEX_POINT('',#11265);
#11265 = CARTESIAN_POINT('',(5.890357692308E+03,5.89915E+03,
    2.822674012474E+03));
#11266 = LINE('',#11267,#11268);
#11267 = CARTESIAN_POINT('',(5.890357692308E+03,5.93775E+03,
    2.822674012474E+03));
#11268 = VECTOR('',#11269,1.);
#11269 = DIRECTION('',(-1.224646799147E-16,-1.,0.));
#11270 = ORIENTED_EDGE('',*,*,#11218,.T.);
#11271 = ORIENTED_EDGE('',*,*,#11249,.T.);
#11272 = ORIENTED_EDGE('',*,*,#11273,.F.);
#11273 = EDGE_CURVE('',#11264,#11235,#11274,.T.);
#11274 = LINE('',#11275,#11276);
#11275 = CARTESIAN_POINT('',(5.890357692308E+03,5.89915E+03,
    2.409271600807E+03));
#11276 = VECTOR('',#11277,1.);
#11277 = DIRECTION('',(-0.,0.,-1.));
#11278 = PLANE('',#11279);
#11279 = AXIS2_PLACEMENT_3D('',#11280,#11281,#11282);
#11280 = CARTESIAN_POINT('',(5.890357692308E+03,5.93825E+03,2.43105E+03)
  );
#11281 = DIRECTION('',(-1.,1.224646799147E-16,0.));
#11282 = DIRECTION('',(0.,0.,1.));
#11283 = ADVANCED_FACE('',(#11284),#11302,.T.);
#11284 = FACE_BOUND('',#11285,.T.);
#11285 = EDGE_LOOP('',(#11286,#11294,#11300,#11301));
#11286 = ORIENTED_EDGE('',*,*,#11287,.F.);
#11287 = EDGE_CURVE('',#11288,#11264,#11290,.T.);
#11288 = VERTEX_POINT('',#11289);
#11289 = CARTESIAN_POINT('',(6.4389E+03,5.89915E+03,2.580171718147E+03)
  );
#11290 = LINE('',#11291,#11292);
#11291 = CARTESIAN_POINT('',(6.585721113205E+03,5.89915E+03,
    2.515264314819E+03));
#11292 = VECTOR('',#11293,1.);
#11293 = DIRECTION('',(-0.914610688653,1.120075052325E-16,0.404335613323
    ));
#11294 = ORIENTED_EDGE('',*,*,#11295,.T.);
#11295 = EDGE_CURVE('',#11288,#11203,#11296,.T.);
#11296 = LINE('',#11297,#11298);
#11297 = CARTESIAN_POINT('',(6.4389E+03,2.7686E+03,2.580171718147E+03));
#11298 = VECTOR('',#11299,1.);
#11299 = DIRECTION('',(2.424646799147E-16,1.,-5.E-17));
#11300 = ORIENTED_EDGE('',*,*,#11210,.T.);
#11301 = ORIENTED_EDGE('',*,*,#11263,.T.);
#11302 = PLANE('',#11303);
#11303 = AXIS2_PLACEMENT_3D('',#11304,#11305,#11306);
#11304 = CARTESIAN_POINT('',(6.585721113205E+03,5.93725E+03,
    2.515264314819E+03));
#11305 = DIRECTION('',(0.404335613323,-4.951683146378E-17,0.914610688653
    ));
#11306 = DIRECTION('',(-0.914610688653,1.120075052325E-16,0.404335613323
    ));
#11307 = ADVANCED_FACE('',(#11308),#11326,.T.);
#11308 = FACE_BOUND('',#11309,.T.);
#11309 = EDGE_LOOP('',(#11310,#11318,#11319,#11320));
#11310 = ORIENTED_EDGE('',*,*,#11311,.T.);
#11311 = EDGE_CURVE('',#11312,#11195,#11314,.T.);
#11312 = VERTEX_POINT('',#11313);
#11313 = CARTESIAN_POINT('',(6.4389E+03,5.89915E+03,2.5019E+03));
#11314 = LINE('',#11315,#11316);
#11315 = CARTESIAN_POINT('',(6.4389E+03,-400.05,2.5019E+03));
#11316 = VECTOR('',#11317,1.);
#11317 = DIRECTION('',(2.424646799147E-16,1.,0.));
#11318 = ORIENTED_EDGE('',*,*,#11202,.T.);
#11319 = ORIENTED_EDGE('',*,*,#11295,.F.);
#11320 = ORIENTED_EDGE('',*,*,#11321,.F.);
#11321 = EDGE_CURVE('',#11312,#11288,#11322,.T.);
#11322 = LINE('',#11323,#11324);
#11323 = CARTESIAN_POINT('',(6.4389E+03,5.89915E+03,2.165296600807E+03)
  );
#11324 = VECTOR('',#11325,1.);
#11325 = DIRECTION('',(0.,0.,1.));
#11326 = PLANE('',#11327);
#11327 = AXIS2_PLACEMENT_3D('',#11328,#11329,#11330);
#11328 = CARTESIAN_POINT('',(6.4389E+03,-400.05,1.9431E+03));
#11329 = DIRECTION('',(1.,-1.224646799147E-16,0.));
#11330 = DIRECTION('',(0.,0.,1.));
#11331 = ADVANCED_FACE('',(#11332),#11344,.T.);
#11332 = FACE_BOUND('',#11333,.T.);
#11333 = EDGE_LOOP('',(#11334,#11335,#11341,#11342,#11343));
#11334 = ORIENTED_EDGE('',*,*,#11232,.F.);
#11335 = ORIENTED_EDGE('',*,*,#11336,.F.);
#11336 = EDGE_CURVE('',#11312,#11233,#11337,.T.);
#11337 = LINE('',#11338,#11339);
#11338 = CARTESIAN_POINT('',(6.633292714012E+03,5.89915E+03,2.5019E+03)
  );
#11339 = VECTOR('',#11340,1.);
#11340 = DIRECTION('',(-1.,1.224646799147E-16,0.));
#11341 = ORIENTED_EDGE('',*,*,#11321,.T.);
#11342 = ORIENTED_EDGE('',*,*,#11287,.T.);
#11343 = ORIENTED_EDGE('',*,*,#11273,.T.);
#11344 = PLANE('',#11345);
#11345 = AXIS2_PLACEMENT_3D('',#11346,#11347,#11348);
#11346 = CARTESIAN_POINT('',(6.529235428024E+03,5.89915E+03,
    2.387493201614E+03));
#11347 = DIRECTION('',(-1.224646799147E-16,-1.,0.));
#11348 = DIRECTION('',(0.404335613323,-4.951683146378E-17,0.914610688653
    ));
#11349 = ADVANCED_FACE('',(#11350),#11356,.T.);
#11350 = FACE_BOUND('',#11351,.T.);
#11351 = EDGE_LOOP('',(#11352,#11353,#11354,#11355));
#11352 = ORIENTED_EDGE('',*,*,#11194,.F.);
#11353 = ORIENTED_EDGE('',*,*,#11311,.F.);
#11354 = ORIENTED_EDGE('',*,*,#11336,.T.);
#11355 = ORIENTED_EDGE('',*,*,#11242,.F.);
#11356 = PLANE('',#11357);
#11357 = AXIS2_PLACEMENT_3D('',#11358,#11359,#11360);
#11358 = CARTESIAN_POINT('',(6.354673125444E+03,5.9182E+03,2.5019E+03));
#11359 = DIRECTION('',(0.,0.,-1.));
#11360 = DIRECTION('',(1.,-1.224646799147E-16,0.));
#11361 = MANIFOLD_SOLID_BREP('',#11362);
#11362 = CLOSED_SHELL('',(#11363,#11411,#11442,#11466,#11490,#11514,
    #11532));
#11363 = ADVANCED_FACE('',(#11364),#11406,.F.);
#11364 = FACE_BOUND('',#11365,.F.);
#11365 = EDGE_LOOP('',(#11366,#11376,#11384,#11392,#11400));
#11366 = ORIENTED_EDGE('',*,*,#11367,.F.);
#11367 = EDGE_CURVE('',#11368,#11370,#11372,.T.);
#11368 = VERTEX_POINT('',#11369);
#11369 = CARTESIAN_POINT('',(6.270446250888E+03,5.32765E+03,2.5019E+03)
  );
#11370 = VERTEX_POINT('',#11371);
#11371 = CARTESIAN_POINT('',(5.233865384615E+03,5.32765E+03,
    2.960156792233E+03));
#11372 = LINE('',#11373,#11374);
#11373 = CARTESIAN_POINT('',(6.529235428024E+03,5.32765E+03,
    2.387493201614E+03));
#11374 = VECTOR('',#11375,1.);
#11375 = DIRECTION('',(-0.914610688653,1.120075052325E-16,0.404335613323
    ));
#11376 = ORIENTED_EDGE('',*,*,#11377,.F.);
#11377 = EDGE_CURVE('',#11378,#11368,#11380,.T.);
#11378 = VERTEX_POINT('',#11379);
#11379 = CARTESIAN_POINT('',(6.4389E+03,5.32765E+03,2.5019E+03));
#11380 = LINE('',#11381,#11382);
#11381 = CARTESIAN_POINT('',(6.433267714012E+03,5.32765E+03,2.5019E+03)
  );
#11382 = VECTOR('',#11383,1.);
#11383 = DIRECTION('',(-1.,1.224646799147E-16,0.));
#11384 = ORIENTED_EDGE('',*,*,#11385,.T.);
#11385 = EDGE_CURVE('',#11378,#11386,#11388,.T.);
#11386 = VERTEX_POINT('',#11387);
#11387 = CARTESIAN_POINT('',(6.4389E+03,5.32765E+03,2.580171718147E+03)
  );
#11388 = LINE('',#11389,#11390);
#11389 = CARTESIAN_POINT('',(6.4389E+03,5.32765E+03,2.165296600807E+03)
  );
#11390 = VECTOR('',#11391,1.);
#11391 = DIRECTION('',(0.,0.,1.));
#11392 = ORIENTED_EDGE('',*,*,#11393,.T.);
#11393 = EDGE_CURVE('',#11386,#11394,#11396,.T.);
#11394 = VERTEX_POINT('',#11395);
#11395 = CARTESIAN_POINT('',(5.233865384615E+03,5.32765E+03,
    3.112899376299E+03));
#11396 = LINE('',#11397,#11398);
#11397 = CARTESIAN_POINT('',(6.585721113205E+03,5.32765E+03,
    2.515264314819E+03));
#11398 = VECTOR('',#11399,1.);
#11399 = DIRECTION('',(-0.914610688653,1.120075052325E-16,0.404335613323
    ));
#11400 = ORIENTED_EDGE('',*,*,#11401,.T.);
#11401 = EDGE_CURVE('',#11394,#11370,#11402,.T.);
#11402 = LINE('',#11403,#11404);
#11403 = CARTESIAN_POINT('',(5.233865384615E+03,5.32765E+03,
    2.409271600807E+03));
#11404 = VECTOR('',#11405,1.);
#11405 = DIRECTION('',(-0.,0.,-1.));
#11406 = PLANE('',#11407);
#11407 = AXIS2_PLACEMENT_3D('',#11408,#11409,#11410);
#11408 = CARTESIAN_POINT('',(6.529235428024E+03,5.32765E+03,
    2.387493201614E+03));
#11409 = DIRECTION('',(-1.224646799147E-16,-1.,0.));
#11410 = DIRECTION('',(0.404335613323,-4.951683146378E-17,0.914610688653
    ));
#11411 = ADVANCED_FACE('',(#11412),#11437,.F.);
#11412 = FACE_BOUND('',#11413,.F.);
#11413 = EDGE_LOOP('',(#11414,#11424,#11430,#11431));
#11414 = ORIENTED_EDGE('',*,*,#11415,.F.);
#11415 = EDGE_CURVE('',#11416,#11418,#11420,.T.);
#11416 = VERTEX_POINT('',#11417);
#11417 = CARTESIAN_POINT('',(6.270446250888E+03,5.28955E+03,2.5019E+03)
  );
#11418 = VERTEX_POINT('',#11419);
#11419 = CARTESIAN_POINT('',(5.233865384615E+03,5.28955E+03,
    2.960156792233E+03));
#11420 = LINE('',#11421,#11422);
#11421 = CARTESIAN_POINT('',(6.529235428024E+03,5.28955E+03,
    2.387493201614E+03));
#11422 = VECTOR('',#11423,1.);
#11423 = DIRECTION('',(-0.914610688653,1.120075052325E-16,0.404335613323
    ));
#11424 = ORIENTED_EDGE('',*,*,#11425,.F.);
#11425 = EDGE_CURVE('',#11368,#11416,#11426,.T.);
#11426 = LINE('',#11427,#11428);
#11427 = CARTESIAN_POINT('',(6.270446250888E+03,5.46735E+03,2.5019E+03)
  );
#11428 = VECTOR('',#11429,1.);
#11429 = DIRECTION('',(-1.224646799147E-16,-1.,0.));
#11430 = ORIENTED_EDGE('',*,*,#11367,.T.);
#11431 = ORIENTED_EDGE('',*,*,#11432,.T.);
#11432 = EDGE_CURVE('',#11370,#11418,#11433,.T.);
#11433 = LINE('',#11434,#11435);
#11434 = CARTESIAN_POINT('',(5.233865384615E+03,5.32815E+03,
    2.960156792233E+03));
#11435 = VECTOR('',#11436,1.);
#11436 = DIRECTION('',(-1.224646799147E-16,-1.,0.));
#11437 = PLANE('',#11438);
#11438 = AXIS2_PLACEMENT_3D('',#11439,#11440,#11441);
#11439 = CARTESIAN_POINT('',(6.529235428024E+03,5.32765E+03,
    2.387493201614E+03));
#11440 = DIRECTION('',(0.404335613323,-4.951683146378E-17,0.914610688653
    ));
#11441 = DIRECTION('',(-0.914610688653,1.120075052325E-16,0.404335613323
    ));
#11442 = ADVANCED_FACE('',(#11443),#11461,.T.);
#11443 = FACE_BOUND('',#11444,.T.);
#11444 = EDGE_LOOP('',(#11445,#11453,#11454,#11455));
#11445 = ORIENTED_EDGE('',*,*,#11446,.F.);
#11446 = EDGE_CURVE('',#11394,#11447,#11449,.T.);
#11447 = VERTEX_POINT('',#11448);
#11448 = CARTESIAN_POINT('',(5.233865384615E+03,5.28955E+03,
    3.112899376299E+03));
#11449 = LINE('',#11450,#11451);
#11450 = CARTESIAN_POINT('',(5.233865384615E+03,5.32815E+03,
    3.112899376299E+03));
#11451 = VECTOR('',#11452,1.);
#11452 = DIRECTION('',(-1.224646799147E-16,-1.,0.));
#11453 = ORIENTED_EDGE('',*,*,#11401,.T.);
#11454 = ORIENTED_EDGE('',*,*,#11432,.T.);
#11455 = ORIENTED_EDGE('',*,*,#11456,.F.);
#11456 = EDGE_CURVE('',#11447,#11418,#11457,.T.);
#11457 = LINE('',#11458,#11459);
#11458 = CARTESIAN_POINT('',(5.233865384615E+03,5.28955E+03,
    2.409271600807E+03));
#11459 = VECTOR('',#11460,1.);
#11460 = DIRECTION('',(-0.,0.,-1.));
#11461 = PLANE('',#11462);
#11462 = AXIS2_PLACEMENT_3D('',#11463,#11464,#11465);
#11463 = CARTESIAN_POINT('',(5.233865384615E+03,5.32865E+03,2.43105E+03)
  );
#11464 = DIRECTION('',(-1.,1.224646799147E-16,0.));
#11465 = DIRECTION('',(0.,0.,1.));
#11466 = ADVANCED_FACE('',(#11467),#11485,.T.);
#11467 = FACE_BOUND('',#11468,.T.);
#11468 = EDGE_LOOP('',(#11469,#11477,#11483,#11484));
#11469 = ORIENTED_EDGE('',*,*,#11470,.F.);
#11470 = EDGE_CURVE('',#11471,#11447,#11473,.T.);
#11471 = VERTEX_POINT('',#11472);
#11472 = CARTESIAN_POINT('',(6.4389E+03,5.28955E+03,2.580171718147E+03)
  );
#11473 = LINE('',#11474,#11475);
#11474 = CARTESIAN_POINT('',(6.585721113205E+03,5.28955E+03,
    2.515264314819E+03));
#11475 = VECTOR('',#11476,1.);
#11476 = DIRECTION('',(-0.914610688653,1.120075052325E-16,0.404335613323
    ));
#11477 = ORIENTED_EDGE('',*,*,#11478,.T.);
#11478 = EDGE_CURVE('',#11471,#11386,#11479,.T.);
#11479 = LINE('',#11480,#11481);
#11480 = CARTESIAN_POINT('',(6.4389E+03,2.4638E+03,2.580171718147E+03));
#11481 = VECTOR('',#11482,1.);
#11482 = DIRECTION('',(2.424646799147E-16,1.,-5.E-17));
#11483 = ORIENTED_EDGE('',*,*,#11393,.T.);
#11484 = ORIENTED_EDGE('',*,*,#11446,.T.);
#11485 = PLANE('',#11486);
#11486 = AXIS2_PLACEMENT_3D('',#11487,#11488,#11489);
#11487 = CARTESIAN_POINT('',(6.585721113205E+03,5.32765E+03,
    2.515264314819E+03));
#11488 = DIRECTION('',(0.404335613323,-4.951683146378E-17,0.914610688653
    ));
#11489 = DIRECTION('',(-0.914610688653,1.120075052325E-16,0.404335613323
    ));
#11490 = ADVANCED_FACE('',(#11491),#11509,.T.);
#11491 = FACE_BOUND('',#11492,.T.);
#11492 = EDGE_LOOP('',(#11493,#11501,#11502,#11503));
#11493 = ORIENTED_EDGE('',*,*,#11494,.T.);
#11494 = EDGE_CURVE('',#11495,#11378,#11497,.T.);
#11495 = VERTEX_POINT('',#11496);
#11496 = CARTESIAN_POINT('',(6.4389E+03,5.28955E+03,2.5019E+03));
#11497 = LINE('',#11498,#11499);
#11498 = CARTESIAN_POINT('',(6.4389E+03,-400.05,2.5019E+03));
#11499 = VECTOR('',#11500,1.);
#11500 = DIRECTION('',(2.424646799147E-16,1.,0.));
#11501 = ORIENTED_EDGE('',*,*,#11385,.T.);
#11502 = ORIENTED_EDGE('',*,*,#11478,.F.);
#11503 = ORIENTED_EDGE('',*,*,#11504,.F.);
#11504 = EDGE_CURVE('',#11495,#11471,#11505,.T.);
#11505 = LINE('',#11506,#11507);
#11506 = CARTESIAN_POINT('',(6.4389E+03,5.28955E+03,2.165296600807E+03)
  );
#11507 = VECTOR('',#11508,1.);
#11508 = DIRECTION('',(0.,0.,1.));
#11509 = PLANE('',#11510);
#11510 = AXIS2_PLACEMENT_3D('',#11511,#11512,#11513);
#11511 = CARTESIAN_POINT('',(6.4389E+03,-400.05,1.9431E+03));
#11512 = DIRECTION('',(1.,-1.224646799147E-16,0.));
#11513 = DIRECTION('',(0.,0.,1.));
#11514 = ADVANCED_FACE('',(#11515),#11527,.T.);
#11515 = FACE_BOUND('',#11516,.T.);
#11516 = EDGE_LOOP('',(#11517,#11518,#11524,#11525,#11526));
#11517 = ORIENTED_EDGE('',*,*,#11415,.F.);
#11518 = ORIENTED_EDGE('',*,*,#11519,.F.);
#11519 = EDGE_CURVE('',#11495,#11416,#11520,.T.);
#11520 = LINE('',#11521,#11522);
#11521 = CARTESIAN_POINT('',(6.633292714012E+03,5.28955E+03,2.5019E+03)
  );
#11522 = VECTOR('',#11523,1.);
#11523 = DIRECTION('',(-1.,1.224646799147E-16,0.));
#11524 = ORIENTED_EDGE('',*,*,#11504,.T.);
#11525 = ORIENTED_EDGE('',*,*,#11470,.T.);
#11526 = ORIENTED_EDGE('',*,*,#11456,.T.);
#11527 = PLANE('',#11528);
#11528 = AXIS2_PLACEMENT_3D('',#11529,#11530,#11531);
#11529 = CARTESIAN_POINT('',(6.529235428024E+03,5.28955E+03,
    2.387493201614E+03));
#11530 = DIRECTION('',(-1.224646799147E-16,-1.,0.));
#11531 = DIRECTION('',(0.404335613323,-4.951683146378E-17,0.914610688653
    ));
#11532 = ADVANCED_FACE('',(#11533),#11539,.T.);
#11533 = FACE_BOUND('',#11534,.T.);
#11534 = EDGE_LOOP('',(#11535,#11536,#11537,#11538));
#11535 = ORIENTED_EDGE('',*,*,#11377,.F.);
#11536 = ORIENTED_EDGE('',*,*,#11494,.F.);
#11537 = ORIENTED_EDGE('',*,*,#11519,.T.);
#11538 = ORIENTED_EDGE('',*,*,#11425,.F.);
#11539 = PLANE('',#11540);
#11540 = AXIS2_PLACEMENT_3D('',#11541,#11542,#11543);
#11541 = CARTESIAN_POINT('',(6.354673125444E+03,5.3086E+03,2.5019E+03));
#11542 = DIRECTION('',(0.,0.,-1.));
#11543 = DIRECTION('',(1.,-1.224646799147E-16,0.));
#11544 = MANIFOLD_SOLID_BREP('',#11545);
#11545 = CLOSED_SHELL('',(#11546,#11594,#11625,#11649,#11673,#11697,
    #11715));
#11546 = ADVANCED_FACE('',(#11547),#11589,.F.);
#11547 = FACE_BOUND('',#11548,.F.);
#11548 = EDGE_LOOP('',(#11549,#11559,#11567,#11575,#11583));
#11549 = ORIENTED_EDGE('',*,*,#11550,.F.);
#11550 = EDGE_CURVE('',#11551,#11553,#11555,.T.);
#11551 = VERTEX_POINT('',#11552);
#11552 = CARTESIAN_POINT('',(6.270446250888E+03,4.71805E+03,2.5019E+03)
  );
#11553 = VERTEX_POINT('',#11554);
#11554 = CARTESIAN_POINT('',(4.577373076923E+03,4.71805E+03,
    3.250382156058E+03));
#11555 = LINE('',#11556,#11557);
#11556 = CARTESIAN_POINT('',(6.529235428024E+03,4.71805E+03,
    2.387493201614E+03));
#11557 = VECTOR('',#11558,1.);
#11558 = DIRECTION('',(-0.914610688653,1.120075052325E-16,0.404335613323
    ));
#11559 = ORIENTED_EDGE('',*,*,#11560,.F.);
#11560 = EDGE_CURVE('',#11561,#11551,#11563,.T.);
#11561 = VERTEX_POINT('',#11562);
#11562 = CARTESIAN_POINT('',(6.4389E+03,4.71805E+03,2.5019E+03));
#11563 = LINE('',#11564,#11565);
#11564 = CARTESIAN_POINT('',(6.433267714012E+03,4.71805E+03,2.5019E+03)
  );
#11565 = VECTOR('',#11566,1.);
#11566 = DIRECTION('',(-1.,1.224646799147E-16,0.));
#11567 = ORIENTED_EDGE('',*,*,#11568,.T.);
#11568 = EDGE_CURVE('',#11561,#11569,#11571,.T.);
#11569 = VERTEX_POINT('',#11570);
#11570 = CARTESIAN_POINT('',(6.4389E+03,4.71805E+03,2.580171718147E+03)
  );
#11571 = LINE('',#11572,#11573);
#11572 = CARTESIAN_POINT('',(6.4389E+03,4.71805E+03,2.165296600807E+03)
  );
#11573 = VECTOR('',#11574,1.);
#11574 = DIRECTION('',(0.,0.,1.));
#11575 = ORIENTED_EDGE('',*,*,#11576,.T.);
#11576 = EDGE_CURVE('',#11569,#11577,#11579,.T.);
#11577 = VERTEX_POINT('',#11578);
#11578 = CARTESIAN_POINT('',(4.577373076923E+03,4.71805E+03,
    3.403124740125E+03));
#11579 = LINE('',#11580,#11581);
#11580 = CARTESIAN_POINT('',(6.585721113205E+03,4.71805E+03,
    2.515264314819E+03));
#11581 = VECTOR('',#11582,1.);
#11582 = DIRECTION('',(-0.914610688653,1.120075052325E-16,0.404335613323
    ));
#11583 = ORIENTED_EDGE('',*,*,#11584,.T.);
#11584 = EDGE_CURVE('',#11577,#11553,#11585,.T.);
#11585 = LINE('',#11586,#11587);
#11586 = CARTESIAN_POINT('',(4.577373076923E+03,4.71805E+03,
    2.409271600807E+03));
#11587 = VECTOR('',#11588,1.);
#11588 = DIRECTION('',(-0.,0.,-1.));
#11589 = PLANE('',#11590);
#11590 = AXIS2_PLACEMENT_3D('',#11591,#11592,#11593);
#11591 = CARTESIAN_POINT('',(6.529235428024E+03,4.71805E+03,
    2.387493201614E+03));
#11592 = DIRECTION('',(-1.224646799147E-16,-1.,0.));
#11593 = DIRECTION('',(0.404335613323,-4.951683146378E-17,0.914610688653
    ));
#11594 = ADVANCED_FACE('',(#11595),#11620,.F.);
#11595 = FACE_BOUND('',#11596,.F.);
#11596 = EDGE_LOOP('',(#11597,#11607,#11613,#11614));
#11597 = ORIENTED_EDGE('',*,*,#11598,.F.);
#11598 = EDGE_CURVE('',#11599,#11601,#11603,.T.);
#11599 = VERTEX_POINT('',#11600);
#11600 = CARTESIAN_POINT('',(6.270446250888E+03,4.67995E+03,2.5019E+03)
  );
#11601 = VERTEX_POINT('',#11602);
#11602 = CARTESIAN_POINT('',(4.577373076923E+03,4.67995E+03,
    3.250382156058E+03));
#11603 = LINE('',#11604,#11605);
#11604 = CARTESIAN_POINT('',(6.529235428024E+03,4.67995E+03,
    2.387493201614E+03));
#11605 = VECTOR('',#11606,1.);
#11606 = DIRECTION('',(-0.914610688653,1.120075052325E-16,0.404335613323
    ));
#11607 = ORIENTED_EDGE('',*,*,#11608,.F.);
#11608 = EDGE_CURVE('',#11551,#11599,#11609,.T.);
#11609 = LINE('',#11610,#11611);
#11610 = CARTESIAN_POINT('',(6.270446250888E+03,4.85775E+03,2.5019E+03)
  );
#11611 = VECTOR('',#11612,1.);
#11612 = DIRECTION('',(-1.224646799147E-16,-1.,0.));
#11613 = ORIENTED_EDGE('',*,*,#11550,.T.);
#11614 = ORIENTED_EDGE('',*,*,#11615,.T.);
#11615 = EDGE_CURVE('',#11553,#11601,#11616,.T.);
#11616 = LINE('',#11617,#11618);
#11617 = CARTESIAN_POINT('',(4.577373076923E+03,4.71855E+03,
    3.250382156058E+03));
#11618 = VECTOR('',#11619,1.);
#11619 = DIRECTION('',(-1.224646799147E-16,-1.,0.));
#11620 = PLANE('',#11621);
#11621 = AXIS2_PLACEMENT_3D('',#11622,#11623,#11624);
#11622 = CARTESIAN_POINT('',(6.529235428024E+03,4.71805E+03,
    2.387493201614E+03));
#11623 = DIRECTION('',(0.404335613323,-4.951683146378E-17,0.914610688653
    ));
#11624 = DIRECTION('',(-0.914610688653,1.120075052325E-16,0.404335613323
    ));
#11625 = ADVANCED_FACE('',(#11626),#11644,.T.);
#11626 = FACE_BOUND('',#11627,.T.);
#11627 = EDGE_LOOP('',(#11628,#11636,#11637,#11638));
#11628 = ORIENTED_EDGE('',*,*,#11629,.F.);
#11629 = EDGE_CURVE('',#11577,#11630,#11632,.T.);
#11630 = VERTEX_POINT('',#11631);
#11631 = CARTESIAN_POINT('',(4.577373076923E+03,4.67995E+03,
    3.403124740125E+03));
#11632 = LINE('',#11633,#11634);
#11633 = CARTESIAN_POINT('',(4.577373076923E+03,4.71855E+03,
    3.403124740125E+03));
#11634 = VECTOR('',#11635,1.);
#11635 = DIRECTION('',(-1.224646799147E-16,-1.,0.));
#11636 = ORIENTED_EDGE('',*,*,#11584,.T.);
#11637 = ORIENTED_EDGE('',*,*,#11615,.T.);
#11638 = ORIENTED_EDGE('',*,*,#11639,.F.);
#11639 = EDGE_CURVE('',#11630,#11601,#11640,.T.);
#11640 = LINE('',#11641,#11642);
#11641 = CARTESIAN_POINT('',(4.577373076923E+03,4.67995E+03,
    2.409271600807E+03));
#11642 = VECTOR('',#11643,1.);
#11643 = DIRECTION('',(-0.,0.,-1.));
#11644 = PLANE('',#11645);
#11645 = AXIS2_PLACEMENT_3D('',#11646,#11647,#11648);
#11646 = CARTESIAN_POINT('',(4.577373076923E+03,4.71905E+03,2.43105E+03)
  );
#11647 = DIRECTION('',(-1.,1.224646799147E-16,0.));
#11648 = DIRECTION('',(0.,0.,1.));
#11649 = ADVANCED_FACE('',(#11650),#11668,.T.);
#11650 = FACE_BOUND('',#11651,.T.);
#11651 = EDGE_LOOP('',(#11652,#11660,#11666,#11667));
#11652 = ORIENTED_EDGE('',*,*,#11653,.F.);
#11653 = EDGE_CURVE('',#11654,#11630,#11656,.T.);
#11654 = VERTEX_POINT('',#11655);
#11655 = CARTESIAN_POINT('',(6.4389E+03,4.67995E+03,2.580171718147E+03)
  );
#11656 = LINE('',#11657,#11658);
#11657 = CARTESIAN_POINT('',(6.585721113205E+03,4.67995E+03,
    2.515264314819E+03));
#11658 = VECTOR('',#11659,1.);
#11659 = DIRECTION('',(-0.914610688653,1.120075052325E-16,0.404335613323
    ));
#11660 = ORIENTED_EDGE('',*,*,#11661,.T.);
#11661 = EDGE_CURVE('',#11654,#11569,#11662,.T.);
#11662 = LINE('',#11663,#11664);
#11663 = CARTESIAN_POINT('',(6.4389E+03,2.159E+03,2.580171718147E+03));
#11664 = VECTOR('',#11665,1.);
#11665 = DIRECTION('',(2.424646799147E-16,1.,-5.E-17));
#11666 = ORIENTED_EDGE('',*,*,#11576,.T.);
#11667 = ORIENTED_EDGE('',*,*,#11629,.T.);
#11668 = PLANE('',#11669);
#11669 = AXIS2_PLACEMENT_3D('',#11670,#11671,#11672);
#11670 = CARTESIAN_POINT('',(6.585721113205E+03,4.71805E+03,
    2.515264314819E+03));
#11671 = DIRECTION('',(0.404335613323,-4.951683146378E-17,0.914610688653
    ));
#11672 = DIRECTION('',(-0.914610688653,1.120075052325E-16,0.404335613323
    ));
#11673 = ADVANCED_FACE('',(#11674),#11692,.T.);
#11674 = FACE_BOUND('',#11675,.T.);
#11675 = EDGE_LOOP('',(#11676,#11684,#11685,#11686));
#11676 = ORIENTED_EDGE('',*,*,#11677,.T.);
#11677 = EDGE_CURVE('',#11678,#11561,#11680,.T.);
#11678 = VERTEX_POINT('',#11679);
#11679 = CARTESIAN_POINT('',(6.4389E+03,4.67995E+03,2.5019E+03));
#11680 = LINE('',#11681,#11682);
#11681 = CARTESIAN_POINT('',(6.4389E+03,-400.05,2.5019E+03));
#11682 = VECTOR('',#11683,1.);
#11683 = DIRECTION('',(2.424646799147E-16,1.,0.));
#11684 = ORIENTED_EDGE('',*,*,#11568,.T.);
#11685 = ORIENTED_EDGE('',*,*,#11661,.F.);
#11686 = ORIENTED_EDGE('',*,*,#11687,.F.);
#11687 = EDGE_CURVE('',#11678,#11654,#11688,.T.);
#11688 = LINE('',#11689,#11690);
#11689 = CARTESIAN_POINT('',(6.4389E+03,4.67995E+03,2.165296600807E+03)
  );
#11690 = VECTOR('',#11691,1.);
#11691 = DIRECTION('',(0.,0.,1.));
#11692 = PLANE('',#11693);
#11693 = AXIS2_PLACEMENT_3D('',#11694,#11695,#11696);
#11694 = CARTESIAN_POINT('',(6.4389E+03,-400.05,1.9431E+03));
#11695 = DIRECTION('',(1.,-1.224646799147E-16,0.));
#11696 = DIRECTION('',(0.,0.,1.));
#11697 = ADVANCED_FACE('',(#11698),#11710,.T.);
#11698 = FACE_BOUND('',#11699,.T.);
#11699 = EDGE_LOOP('',(#11700,#11701,#11707,#11708,#11709));
#11700 = ORIENTED_EDGE('',*,*,#11598,.F.);
#11701 = ORIENTED_EDGE('',*,*,#11702,.F.);
#11702 = EDGE_CURVE('',#11678,#11599,#11703,.T.);
#11703 = LINE('',#11704,#11705);
#11704 = CARTESIAN_POINT('',(6.633292714012E+03,4.67995E+03,2.5019E+03)
  );
#11705 = VECTOR('',#11706,1.);
#11706 = DIRECTION('',(-1.,1.224646799147E-16,0.));
#11707 = ORIENTED_EDGE('',*,*,#11687,.T.);
#11708 = ORIENTED_EDGE('',*,*,#11653,.T.);
#11709 = ORIENTED_EDGE('',*,*,#11639,.T.);
#11710 = PLANE('',#11711);
#11711 = AXIS2_PLACEMENT_3D('',#11712,#11713,#11714);
#11712 = CARTESIAN_POINT('',(6.529235428024E+03,4.67995E+03,
    2.387493201614E+03));
#11713 = DIRECTION('',(-1.224646799147E-16,-1.,0.));
#11714 = DIRECTION('',(0.404335613323,-4.951683146378E-17,0.914610688653
    ));
#11715 = ADVANCED_FACE('',(#11716),#11722,.T.);
#11716 = FACE_BOUND('',#11717,.T.);
#11717 = EDGE_LOOP('',(#11718,#11719,#11720,#11721));
#11718 = ORIENTED_EDGE('',*,*,#11560,.F.);
#11719 = ORIENTED_EDGE('',*,*,#11677,.F.);
#11720 = ORIENTED_EDGE('',*,*,#11702,.T.);
#11721 = ORIENTED_EDGE('',*,*,#11608,.F.);
#11722 = PLANE('',#11723);
#11723 = AXIS2_PLACEMENT_3D('',#11724,#11725,#11726);
#11724 = CARTESIAN_POINT('',(6.354673125444E+03,4.699E+03,2.5019E+03));
#11725 = DIRECTION('',(0.,0.,-1.));
#11726 = DIRECTION('',(1.,-1.224646799147E-16,0.));
#11727 = MANIFOLD_SOLID_BREP('',#11728);
#11728 = CLOSED_SHELL('',(#11729,#11777,#11808,#11832,#11856,#11880,
    #11898));
#11729 = ADVANCED_FACE('',(#11730),#11772,.F.);
#11730 = FACE_BOUND('',#11731,.F.);
#11731 = EDGE_LOOP('',(#11732,#11742,#11750,#11758,#11766));
#11732 = ORIENTED_EDGE('',*,*,#11733,.F.);
#11733 = EDGE_CURVE('',#11734,#11736,#11738,.T.);
#11734 = VERTEX_POINT('',#11735);
#11735 = CARTESIAN_POINT('',(6.270446250888E+03,4.10845E+03,2.5019E+03)
  );
#11736 = VERTEX_POINT('',#11737);
#11737 = CARTESIAN_POINT('',(3.920880769231E+03,4.10845E+03,
    3.540607519883E+03));
#11738 = LINE('',#11739,#11740);
#11739 = CARTESIAN_POINT('',(6.529235428024E+03,4.10845E+03,
    2.387493201614E+03));
#11740 = VECTOR('',#11741,1.);
#11741 = DIRECTION('',(-0.914610688653,1.120075052325E-16,0.404335613323
    ));
#11742 = ORIENTED_EDGE('',*,*,#11743,.F.);
#11743 = EDGE_CURVE('',#11744,#11734,#11746,.T.);
#11744 = VERTEX_POINT('',#11745);
#11745 = CARTESIAN_POINT('',(6.4389E+03,4.10845E+03,2.5019E+03));
#11746 = LINE('',#11747,#11748);
#11747 = CARTESIAN_POINT('',(6.433267714012E+03,4.10845E+03,2.5019E+03)
  );
#11748 = VECTOR('',#11749,1.);
#11749 = DIRECTION('',(-1.,1.224646799147E-16,0.));
#11750 = ORIENTED_EDGE('',*,*,#11751,.T.);
#11751 = EDGE_CURVE('',#11744,#11752,#11754,.T.);
#11752 = VERTEX_POINT('',#11753);
#11753 = CARTESIAN_POINT('',(6.4389E+03,4.10845E+03,2.580171718147E+03)
  );
#11754 = LINE('',#11755,#11756);
#11755 = CARTESIAN_POINT('',(6.4389E+03,4.10845E+03,2.165296600807E+03)
  );
#11756 = VECTOR('',#11757,1.);
#11757 = DIRECTION('',(0.,0.,1.));
#11758 = ORIENTED_EDGE('',*,*,#11759,.T.);
#11759 = EDGE_CURVE('',#11752,#11760,#11762,.T.);
#11760 = VERTEX_POINT('',#11761);
#11761 = CARTESIAN_POINT('',(3.920880769231E+03,4.10845E+03,
    3.69335010395E+03));
#11762 = LINE('',#11763,#11764);
#11763 = CARTESIAN_POINT('',(6.585721113205E+03,4.10845E+03,
    2.515264314819E+03));
#11764 = VECTOR('',#11765,1.);
#11765 = DIRECTION('',(-0.914610688653,1.120075052325E-16,0.404335613323
    ));
#11766 = ORIENTED_EDGE('',*,*,#11767,.T.);
#11767 = EDGE_CURVE('',#11760,#11736,#11768,.T.);
#11768 = LINE('',#11769,#11770);
#11769 = CARTESIAN_POINT('',(3.920880769231E+03,4.10845E+03,
    2.409271600807E+03));
#11770 = VECTOR('',#11771,1.);
#11771 = DIRECTION('',(-0.,0.,-1.));
#11772 = PLANE('',#11773);
#11773 = AXIS2_PLACEMENT_3D('',#11774,#11775,#11776);
#11774 = CARTESIAN_POINT('',(6.529235428024E+03,4.10845E+03,
    2.387493201614E+03));
#11775 = DIRECTION('',(-1.224646799147E-16,-1.,0.));
#11776 = DIRECTION('',(0.404335613323,-4.951683146378E-17,0.914610688653
    ));
#11777 = ADVANCED_FACE('',(#11778),#11803,.F.);
#11778 = FACE_BOUND('',#11779,.F.);
#11779 = EDGE_LOOP('',(#11780,#11790,#11796,#11797));
#11780 = ORIENTED_EDGE('',*,*,#11781,.F.);
#11781 = EDGE_CURVE('',#11782,#11784,#11786,.T.);
#11782 = VERTEX_POINT('',#11783);
#11783 = CARTESIAN_POINT('',(6.270446250888E+03,4.07035E+03,2.5019E+03)
  );
#11784 = VERTEX_POINT('',#11785);
#11785 = CARTESIAN_POINT('',(3.920880769231E+03,4.07035E+03,
    3.540607519883E+03));
#11786 = LINE('',#11787,#11788);
#11787 = CARTESIAN_POINT('',(6.529235428024E+03,4.07035E+03,
    2.387493201614E+03));
#11788 = VECTOR('',#11789,1.);
#11789 = DIRECTION('',(-0.914610688653,1.120075052325E-16,0.404335613323
    ));
#11790 = ORIENTED_EDGE('',*,*,#11791,.F.);
#11791 = EDGE_CURVE('',#11734,#11782,#11792,.T.);
#11792 = LINE('',#11793,#11794);
#11793 = CARTESIAN_POINT('',(6.270446250888E+03,4.24815E+03,2.5019E+03)
  );
#11794 = VECTOR('',#11795,1.);
#11795 = DIRECTION('',(-1.224646799147E-16,-1.,0.));
#11796 = ORIENTED_EDGE('',*,*,#11733,.T.);
#11797 = ORIENTED_EDGE('',*,*,#11798,.T.);
#11798 = EDGE_CURVE('',#11736,#11784,#11799,.T.);
#11799 = LINE('',#11800,#11801);
#11800 = CARTESIAN_POINT('',(3.920880769231E+03,4.10895E+03,
    3.540607519883E+03));
#11801 = VECTOR('',#11802,1.);
#11802 = DIRECTION('',(-1.224646799147E-16,-1.,0.));
#11803 = PLANE('',#11804);
#11804 = AXIS2_PLACEMENT_3D('',#11805,#11806,#11807);
#11805 = CARTESIAN_POINT('',(6.529235428024E+03,4.10845E+03,
    2.387493201614E+03));
#11806 = DIRECTION('',(0.404335613323,-4.951683146378E-17,0.914610688653
    ));
#11807 = DIRECTION('',(-0.914610688653,1.120075052325E-16,0.404335613323
    ));
#11808 = ADVANCED_FACE('',(#11809),#11827,.T.);
#11809 = FACE_BOUND('',#11810,.T.);
#11810 = EDGE_LOOP('',(#11811,#11819,#11820,#11821));
#11811 = ORIENTED_EDGE('',*,*,#11812,.F.);
#11812 = EDGE_CURVE('',#11760,#11813,#11815,.T.);
#11813 = VERTEX_POINT('',#11814);
#11814 = CARTESIAN_POINT('',(3.920880769231E+03,4.07035E+03,
    3.69335010395E+03));
#11815 = LINE('',#11816,#11817);
#11816 = CARTESIAN_POINT('',(3.920880769231E+03,4.10895E+03,
    3.69335010395E+03));
#11817 = VECTOR('',#11818,1.);
#11818 = DIRECTION('',(-1.224646799147E-16,-1.,0.));
#11819 = ORIENTED_EDGE('',*,*,#11767,.T.);
#11820 = ORIENTED_EDGE('',*,*,#11798,.T.);
#11821 = ORIENTED_EDGE('',*,*,#11822,.F.);
#11822 = EDGE_CURVE('',#11813,#11784,#11823,.T.);
#11823 = LINE('',#11824,#11825);
#11824 = CARTESIAN_POINT('',(3.920880769231E+03,4.07035E+03,
    2.409271600807E+03));
#11825 = VECTOR('',#11826,1.);
#11826 = DIRECTION('',(-0.,0.,-1.));
#11827 = PLANE('',#11828);
#11828 = AXIS2_PLACEMENT_3D('',#11829,#11830,#11831);
#11829 = CARTESIAN_POINT('',(3.920880769231E+03,4.10945E+03,2.43105E+03)
  );
#11830 = DIRECTION('',(-1.,1.224646799147E-16,0.));
#11831 = DIRECTION('',(0.,0.,1.));
#11832 = ADVANCED_FACE('',(#11833),#11851,.T.);
#11833 = FACE_BOUND('',#11834,.T.);
#11834 = EDGE_LOOP('',(#11835,#11843,#11849,#11850));
#11835 = ORIENTED_EDGE('',*,*,#11836,.F.);
#11836 = EDGE_CURVE('',#11837,#11813,#11839,.T.);
#11837 = VERTEX_POINT('',#11838);
#11838 = CARTESIAN_POINT('',(6.4389E+03,4.07035E+03,2.580171718147E+03)
  );
#11839 = LINE('',#11840,#11841);
#11840 = CARTESIAN_POINT('',(6.585721113205E+03,4.07035E+03,
    2.515264314819E+03));
#11841 = VECTOR('',#11842,1.);
#11842 = DIRECTION('',(-0.914610688653,1.120075052325E-16,0.404335613323
    ));
#11843 = ORIENTED_EDGE('',*,*,#11844,.T.);
#11844 = EDGE_CURVE('',#11837,#11752,#11845,.T.);
#11845 = LINE('',#11846,#11847);
#11846 = CARTESIAN_POINT('',(6.4389E+03,1.8542E+03,2.580171718147E+03));
#11847 = VECTOR('',#11848,1.);
#11848 = DIRECTION('',(2.424646799147E-16,1.,-5.E-17));
#11849 = ORIENTED_EDGE('',*,*,#11759,.T.);
#11850 = ORIENTED_EDGE('',*,*,#11812,.T.);
#11851 = PLANE('',#11852);
#11852 = AXIS2_PLACEMENT_3D('',#11853,#11854,#11855);
#11853 = CARTESIAN_POINT('',(6.585721113205E+03,4.10845E+03,
    2.515264314819E+03));
#11854 = DIRECTION('',(0.404335613323,-4.951683146378E-17,0.914610688653
    ));
#11855 = DIRECTION('',(-0.914610688653,1.120075052325E-16,0.404335613323
    ));
#11856 = ADVANCED_FACE('',(#11857),#11875,.T.);
#11857 = FACE_BOUND('',#11858,.T.);
#11858 = EDGE_LOOP('',(#11859,#11867,#11868,#11869));
#11859 = ORIENTED_EDGE('',*,*,#11860,.T.);
#11860 = EDGE_CURVE('',#11861,#11744,#11863,.T.);
#11861 = VERTEX_POINT('',#11862);
#11862 = CARTESIAN_POINT('',(6.4389E+03,4.07035E+03,2.5019E+03));
#11863 = LINE('',#11864,#11865);
#11864 = CARTESIAN_POINT('',(6.4389E+03,-400.05,2.5019E+03));
#11865 = VECTOR('',#11866,1.);
#11866 = DIRECTION('',(2.424646799147E-16,1.,0.));
#11867 = ORIENTED_EDGE('',*,*,#11751,.T.);
#11868 = ORIENTED_EDGE('',*,*,#11844,.F.);
#11869 = ORIENTED_EDGE('',*,*,#11870,.F.);
#11870 = EDGE_CURVE('',#11861,#11837,#11871,.T.);
#11871 = LINE('',#11872,#11873);
#11872 = CARTESIAN_POINT('',(6.4389E+03,4.07035E+03,2.165296600807E+03)
  );
#11873 = VECTOR('',#11874,1.);
#11874 = DIRECTION('',(0.,0.,1.));
#11875 = PLANE('',#11876);
#11876 = AXIS2_PLACEMENT_3D('',#11877,#11878,#11879);
#11877 = CARTESIAN_POINT('',(6.4389E+03,-400.05,1.9431E+03));
#11878 = DIRECTION('',(1.,-1.224646799147E-16,0.));
#11879 = DIRECTION('',(0.,0.,1.));
#11880 = ADVANCED_FACE('',(#11881),#11893,.T.);
#11881 = FACE_BOUND('',#11882,.T.);
#11882 = EDGE_LOOP('',(#11883,#11884,#11890,#11891,#11892));
#11883 = ORIENTED_EDGE('',*,*,#11781,.F.);
#11884 = ORIENTED_EDGE('',*,*,#11885,.F.);
#11885 = EDGE_CURVE('',#11861,#11782,#11886,.T.);
#11886 = LINE('',#11887,#11888);
#11887 = CARTESIAN_POINT('',(6.633292714012E+03,4.07035E+03,2.5019E+03)
  );
#11888 = VECTOR('',#11889,1.);
#11889 = DIRECTION('',(-1.,1.224646799147E-16,0.));
#11890 = ORIENTED_EDGE('',*,*,#11870,.T.);
#11891 = ORIENTED_EDGE('',*,*,#11836,.T.);
#11892 = ORIENTED_EDGE('',*,*,#11822,.T.);
#11893 = PLANE('',#11894);
#11894 = AXIS2_PLACEMENT_3D('',#11895,#11896,#11897);
#11895 = CARTESIAN_POINT('',(6.529235428024E+03,4.07035E+03,
    2.387493201614E+03));
#11896 = DIRECTION('',(-1.224646799147E-16,-1.,0.));
#11897 = DIRECTION('',(0.404335613323,-4.951683146378E-17,0.914610688653
    ));
#11898 = ADVANCED_FACE('',(#11899),#11905,.T.);
#11899 = FACE_BOUND('',#11900,.T.);
#11900 = EDGE_LOOP('',(#11901,#11902,#11903,#11904));
#11901 = ORIENTED_EDGE('',*,*,#11743,.F.);
#11902 = ORIENTED_EDGE('',*,*,#11860,.F.);
#11903 = ORIENTED_EDGE('',*,*,#11885,.T.);
#11904 = ORIENTED_EDGE('',*,*,#11791,.F.);
#11905 = PLANE('',#11906);
#11906 = AXIS2_PLACEMENT_3D('',#11907,#11908,#11909);
#11907 = CARTESIAN_POINT('',(6.354673125444E+03,4.0894E+03,2.5019E+03));
#11908 = DIRECTION('',(0.,0.,-1.));
#11909 = DIRECTION('',(1.,-1.224646799147E-16,0.));
#11910 = MANIFOLD_SOLID_BREP('',#11911);
#11911 = CLOSED_SHELL('',(#11912,#11960,#11991,#12015,#12039,#12063,
    #12081));
#11912 = ADVANCED_FACE('',(#11913),#11955,.F.);
#11913 = FACE_BOUND('',#11914,.F.);
#11914 = EDGE_LOOP('',(#11915,#11925,#11933,#11941,#11949));
#11915 = ORIENTED_EDGE('',*,*,#11916,.F.);
#11916 = EDGE_CURVE('',#11917,#11919,#11921,.T.);
#11917 = VERTEX_POINT('',#11918);
#11918 = CARTESIAN_POINT('',(6.270446250888E+03,3.49885E+03,2.5019E+03)
  );
#11919 = VERTEX_POINT('',#11920);
#11920 = CARTESIAN_POINT('',(3.264388461538E+03,3.49885E+03,
    3.830832883709E+03));
#11921 = LINE('',#11922,#11923);
#11922 = CARTESIAN_POINT('',(6.529235428024E+03,3.49885E+03,
    2.387493201614E+03));
#11923 = VECTOR('',#11924,1.);
#11924 = DIRECTION('',(-0.914610688653,1.120075052325E-16,0.404335613323
    ));
#11925 = ORIENTED_EDGE('',*,*,#11926,.F.);
#11926 = EDGE_CURVE('',#11927,#11917,#11929,.T.);
#11927 = VERTEX_POINT('',#11928);
#11928 = CARTESIAN_POINT('',(6.4389E+03,3.49885E+03,2.5019E+03));
#11929 = LINE('',#11930,#11931);
#11930 = CARTESIAN_POINT('',(6.433267714012E+03,3.49885E+03,2.5019E+03)
  );
#11931 = VECTOR('',#11932,1.);
#11932 = DIRECTION('',(-1.,1.224646799147E-16,0.));
#11933 = ORIENTED_EDGE('',*,*,#11934,.T.);
#11934 = EDGE_CURVE('',#11927,#11935,#11937,.T.);
#11935 = VERTEX_POINT('',#11936);
#11936 = CARTESIAN_POINT('',(6.4389E+03,3.49885E+03,2.580171718147E+03)
  );
#11937 = LINE('',#11938,#11939);
#11938 = CARTESIAN_POINT('',(6.4389E+03,3.49885E+03,2.165296600807E+03)
  );
#11939 = VECTOR('',#11940,1.);
#11940 = DIRECTION('',(0.,0.,1.));
#11941 = ORIENTED_EDGE('',*,*,#11942,.T.);
#11942 = EDGE_CURVE('',#11935,#11943,#11945,.T.);
#11943 = VERTEX_POINT('',#11944);
#11944 = CARTESIAN_POINT('',(3.264388461538E+03,3.49885E+03,
    3.983575467775E+03));
#11945 = LINE('',#11946,#11947);
#11946 = CARTESIAN_POINT('',(6.585721113205E+03,3.49885E+03,
    2.515264314819E+03));
#11947 = VECTOR('',#11948,1.);
#11948 = DIRECTION('',(-0.914610688653,1.120075052325E-16,0.404335613323
    ));
#11949 = ORIENTED_EDGE('',*,*,#11950,.T.);
#11950 = EDGE_CURVE('',#11943,#11919,#11951,.T.);
#11951 = LINE('',#11952,#11953);
#11952 = CARTESIAN_POINT('',(3.264388461538E+03,3.49885E+03,
    2.409271600807E+03));
#11953 = VECTOR('',#11954,1.);
#11954 = DIRECTION('',(-0.,0.,-1.));
#11955 = PLANE('',#11956);
#11956 = AXIS2_PLACEMENT_3D('',#11957,#11958,#11959);
#11957 = CARTESIAN_POINT('',(6.529235428024E+03,3.49885E+03,
    2.387493201614E+03));
#11958 = DIRECTION('',(-1.224646799147E-16,-1.,0.));
#11959 = DIRECTION('',(0.404335613323,-4.951683146378E-17,0.914610688653
    ));
#11960 = ADVANCED_FACE('',(#11961),#11986,.F.);
#11961 = FACE_BOUND('',#11962,.F.);
#11962 = EDGE_LOOP('',(#11963,#11973,#11979,#11980));
#11963 = ORIENTED_EDGE('',*,*,#11964,.F.);
#11964 = EDGE_CURVE('',#11965,#11967,#11969,.T.);
#11965 = VERTEX_POINT('',#11966);
#11966 = CARTESIAN_POINT('',(6.270446250888E+03,3.46075E+03,2.5019E+03)
  );
#11967 = VERTEX_POINT('',#11968);
#11968 = CARTESIAN_POINT('',(3.264388461538E+03,3.46075E+03,
    3.830832883709E+03));
#11969 = LINE('',#11970,#11971);
#11970 = CARTESIAN_POINT('',(6.529235428024E+03,3.46075E+03,
    2.387493201614E+03));
#11971 = VECTOR('',#11972,1.);
#11972 = DIRECTION('',(-0.914610688653,1.120075052325E-16,0.404335613323
    ));
#11973 = ORIENTED_EDGE('',*,*,#11974,.F.);
#11974 = EDGE_CURVE('',#11917,#11965,#11975,.T.);
#11975 = LINE('',#11976,#11977);
#11976 = CARTESIAN_POINT('',(6.270446250888E+03,3.63855E+03,2.5019E+03)
  );
#11977 = VECTOR('',#11978,1.);
#11978 = DIRECTION('',(-1.224646799147E-16,-1.,0.));
#11979 = ORIENTED_EDGE('',*,*,#11916,.T.);
#11980 = ORIENTED_EDGE('',*,*,#11981,.T.);
#11981 = EDGE_CURVE('',#11919,#11967,#11982,.T.);
#11982 = LINE('',#11983,#11984);
#11983 = CARTESIAN_POINT('',(3.264388461538E+03,3.49935E+03,
    3.830832883709E+03));
#11984 = VECTOR('',#11985,1.);
#11985 = DIRECTION('',(-1.224646799147E-16,-1.,0.));
#11986 = PLANE('',#11987);
#11987 = AXIS2_PLACEMENT_3D('',#11988,#11989,#11990);
#11988 = CARTESIAN_POINT('',(6.529235428024E+03,3.49885E+03,
    2.387493201614E+03));
#11989 = DIRECTION('',(0.404335613323,-4.951683146378E-17,0.914610688653
    ));
#11990 = DIRECTION('',(-0.914610688653,1.120075052325E-16,0.404335613323
    ));
#11991 = ADVANCED_FACE('',(#11992),#12010,.T.);
#11992 = FACE_BOUND('',#11993,.T.);
#11993 = EDGE_LOOP('',(#11994,#12002,#12003,#12004));
#11994 = ORIENTED_EDGE('',*,*,#11995,.F.);
#11995 = EDGE_CURVE('',#11943,#11996,#11998,.T.);
#11996 = VERTEX_POINT('',#11997);
#11997 = CARTESIAN_POINT('',(3.264388461538E+03,3.46075E+03,
    3.983575467775E+03));
#11998 = LINE('',#11999,#12000);
#11999 = CARTESIAN_POINT('',(3.264388461538E+03,3.49935E+03,
    3.983575467775E+03));
#12000 = VECTOR('',#12001,1.);
#12001 = DIRECTION('',(-1.224646799147E-16,-1.,0.));
#12002 = ORIENTED_EDGE('',*,*,#11950,.T.);
#12003 = ORIENTED_EDGE('',*,*,#11981,.T.);
#12004 = ORIENTED_EDGE('',*,*,#12005,.F.);
#12005 = EDGE_CURVE('',#11996,#11967,#12006,.T.);
#12006 = LINE('',#12007,#12008);
#12007 = CARTESIAN_POINT('',(3.264388461538E+03,3.46075E+03,
    2.409271600807E+03));
#12008 = VECTOR('',#12009,1.);
#12009 = DIRECTION('',(-0.,0.,-1.));
#12010 = PLANE('',#12011);
#12011 = AXIS2_PLACEMENT_3D('',#12012,#12013,#12014);
#12012 = CARTESIAN_POINT('',(3.264388461538E+03,3.49985E+03,2.43105E+03)
  );
#12013 = DIRECTION('',(-1.,1.224646799147E-16,0.));
#12014 = DIRECTION('',(0.,0.,1.));
#12015 = ADVANCED_FACE('',(#12016),#12034,.T.);
#12016 = FACE_BOUND('',#12017,.T.);
#12017 = EDGE_LOOP('',(#12018,#12026,#12032,#12033));
#12018 = ORIENTED_EDGE('',*,*,#12019,.F.);
#12019 = EDGE_CURVE('',#12020,#11996,#12022,.T.);
#12020 = VERTEX_POINT('',#12021);
#12021 = CARTESIAN_POINT('',(6.4389E+03,3.46075E+03,2.580171718147E+03)
  );
#12022 = LINE('',#12023,#12024);
#12023 = CARTESIAN_POINT('',(6.585721113205E+03,3.46075E+03,
    2.515264314819E+03));
#12024 = VECTOR('',#12025,1.);
#12025 = DIRECTION('',(-0.914610688653,1.120075052325E-16,0.404335613323
    ));
#12026 = ORIENTED_EDGE('',*,*,#12027,.T.);
#12027 = EDGE_CURVE('',#12020,#11935,#12028,.T.);
#12028 = LINE('',#12029,#12030);
#12029 = CARTESIAN_POINT('',(6.4389E+03,1.5494E+03,2.580171718147E+03));
#12030 = VECTOR('',#12031,1.);
#12031 = DIRECTION('',(2.424646799147E-16,1.,-5.E-17));
#12032 = ORIENTED_EDGE('',*,*,#11942,.T.);
#12033 = ORIENTED_EDGE('',*,*,#11995,.T.);
#12034 = PLANE('',#12035);
#12035 = AXIS2_PLACEMENT_3D('',#12036,#12037,#12038);
#12036 = CARTESIAN_POINT('',(6.585721113205E+03,3.49885E+03,
    2.515264314819E+03));
#12037 = DIRECTION('',(0.404335613323,-4.951683146378E-17,0.914610688653
    ));
#12038 = DIRECTION('',(-0.914610688653,1.120075052325E-16,0.404335613323
    ));
#12039 = ADVANCED_FACE('',(#12040),#12058,.T.);
#12040 = FACE_BOUND('',#12041,.T.);
#12041 = EDGE_LOOP('',(#12042,#12050,#12051,#12052));
#12042 = ORIENTED_EDGE('',*,*,#12043,.T.);
#12043 = EDGE_CURVE('',#12044,#11927,#12046,.T.);
#12044 = VERTEX_POINT('',#12045);
#12045 = CARTESIAN_POINT('',(6.4389E+03,3.46075E+03,2.5019E+03));
#12046 = LINE('',#12047,#12048);
#12047 = CARTESIAN_POINT('',(6.4389E+03,-400.05,2.5019E+03));
#12048 = VECTOR('',#12049,1.);
#12049 = DIRECTION('',(2.424646799147E-16,1.,0.));
#12050 = ORIENTED_EDGE('',*,*,#11934,.T.);
#12051 = ORIENTED_EDGE('',*,*,#12027,.F.);
#12052 = ORIENTED_EDGE('',*,*,#12053,.F.);
#12053 = EDGE_CURVE('',#12044,#12020,#12054,.T.);
#12054 = LINE('',#12055,#12056);
#12055 = CARTESIAN_POINT('',(6.4389E+03,3.46075E+03,2.165296600807E+03)
  );
#12056 = VECTOR('',#12057,1.);
#12057 = DIRECTION('',(0.,0.,1.));
#12058 = PLANE('',#12059);
#12059 = AXIS2_PLACEMENT_3D('',#12060,#12061,#12062);
#12060 = CARTESIAN_POINT('',(6.4389E+03,-400.05,1.9431E+03));
#12061 = DIRECTION('',(1.,-1.224646799147E-16,0.));
#12062 = DIRECTION('',(0.,0.,1.));
#12063 = ADVANCED_FACE('',(#12064),#12076,.T.);
#12064 = FACE_BOUND('',#12065,.T.);
#12065 = EDGE_LOOP('',(#12066,#12067,#12073,#12074,#12075));
#12066 = ORIENTED_EDGE('',*,*,#11964,.F.);
#12067 = ORIENTED_EDGE('',*,*,#12068,.F.);
#12068 = EDGE_CURVE('',#12044,#11965,#12069,.T.);
#12069 = LINE('',#12070,#12071);
#12070 = CARTESIAN_POINT('',(6.633292714012E+03,3.46075E+03,2.5019E+03)
  );
#12071 = VECTOR('',#12072,1.);
#12072 = DIRECTION('',(-1.,1.224646799147E-16,0.));
#12073 = ORIENTED_EDGE('',*,*,#12053,.T.);
#12074 = ORIENTED_EDGE('',*,*,#12019,.T.);
#12075 = ORIENTED_EDGE('',*,*,#12005,.T.);
#12076 = PLANE('',#12077);
#12077 = AXIS2_PLACEMENT_3D('',#12078,#12079,#12080);
#12078 = CARTESIAN_POINT('',(6.529235428024E+03,3.46075E+03,
    2.387493201614E+03));
#12079 = DIRECTION('',(-1.224646799147E-16,-1.,0.));
#12080 = DIRECTION('',(0.404335613323,-4.951683146378E-17,0.914610688653
    ));
#12081 = ADVANCED_FACE('',(#12082),#12088,.T.);
#12082 = FACE_BOUND('',#12083,.T.);
#12083 = EDGE_LOOP('',(#12084,#12085,#12086,#12087));
#12084 = ORIENTED_EDGE('',*,*,#11926,.F.);
#12085 = ORIENTED_EDGE('',*,*,#12043,.F.);
#12086 = ORIENTED_EDGE('',*,*,#12068,.T.);
#12087 = ORIENTED_EDGE('',*,*,#11974,.F.);
#12088 = PLANE('',#12089);
#12089 = AXIS2_PLACEMENT_3D('',#12090,#12091,#12092);
#12090 = CARTESIAN_POINT('',(6.354673125444E+03,3.4798E+03,2.5019E+03));
#12091 = DIRECTION('',(0.,0.,-1.));
#12092 = DIRECTION('',(1.,-1.224646799147E-16,0.));
#12093 = ( GEOMETRIC_REPRESENTATION_CONTEXT(3) 
GLOBAL_UNCERTAINTY_ASSIGNED_CONTEXT((#12097)) 
GLOBAL_UNIT_ASSIGNED_CONTEXT((#12094,#12095,#12096)) 
REPRESENTATION_CONTEXT('Context #1',
  '3D Context with UNIT and UNCERTAINTY') );
#12094 = ( LENGTH_UNIT() NAMED_UNIT(*) SI_UNIT(.MILLI.,.METRE.) );
#12095 = ( NAMED_UNIT(*) PLANE_ANGLE_UNIT() SI_UNIT($,.RADIAN.) );
#12096 = ( NAMED_UNIT(*) SI_UNIT($,.STERADIAN.) SOLID_ANGLE_UNIT() );
#12097 = UNCERTAINTY_MEASURE_WITH_UNIT(LENGTH_MEASURE(2.E-03),#12094,
  'distance_accuracy_value','confusion accuracy');
#12098 = PRODUCT_RELATED_PRODUCT_CATEGORY('part',$,(#7));
ENDSEC;
END-ISO-10303-21;
