ISO-10303-21;
HEADER;
FILE_DESCRIPTION(('FreeCAD Model'),'2;1');
FILE_NAME('Open CASCADE Shape Model','2026-09-10T03:30:28',('FreeCAD'),(
    'FreeCAD'),'Open CASCADE STEP processor 7.8','FreeCAD','Unknown');
FILE_SCHEMA(('AUTOMOTIVE_DESIGN { 1 0 10303 214 1 1 1 1 }'));
ENDSEC;
DATA;
#1 = APPLICATION_PROTOCOL_DEFINITION('international standard',
  'automotive_design',2000,#2);
#2 = APPLICATION_CONTEXT(
  'core data for automotive mechanical design processes');
#3 = SHAPE_DEFINITION_REPRESENTATION(#4,#10);
#4 = PRODUCT_DEFINITION_SHAPE('','',#5);
#5 = PRODUCT_DEFINITION('design','',#6,#9);
#6 = PRODUCT_DEFINITION_FORMATION('','',#7);
#7 = PRODUCT('Open CASCADE STEP translator 7.8 1',
  'Open CASCADE STEP translator 7.8 1','',(#8));
#8 = PRODUCT_CONTEXT('',#2,'mechanical');
#9 = PRODUCT_DEFINITION_CONTEXT('part definition',#2,'design');
#10 = SHAPE_REPRESENTATION('',(#11,#15,#301,#587,#873,#1159,#1445,#1731,
    #2017,#2303,#2589,#3003,#3153,#3303,#3453,#3603,#3753,#4167,#4581,
    #4731,#4881,#5031,#5379,#5793,#6075,#6225,#6375,#6525,#6675,#6825,
    #6975,#7125,#7275,#7425,#7575,#7725,#7875,#8025,#8175,#8325,#8475,
    #8625,#8775,#8925,#9075,#9225,#9375,#9525,#9675,#9825,#9975,#10125,
    #10275,#10425,#10575,#10725,#10875,#11025,#11175,#11325,#11475,
    #11625,#11775,#11925,#12075,#12225,#12375,#12525,#12675,#12825,
    #12975,#13125,#13275,#13425,#13575,#13725,#13875,#14025,#14175,
    #14325,#14475,#14625,#14775,#14925,#15075,#15225,#15375,#15525,
    #15675,#15825,#15975,#16125,#16275,#16425,#16575,#16725,#16875,
    #17025,#17175,#17325,#17475,#17625,#17775,#17925,#18075,#18225,
    #18375,#18525,#18675,#18825,#18975,#19125,#19275,#19425,#19575,
    #19725,#19875,#20025,#20175,#20325,#20475,#20625,#20775,#20925,
    #21075,#21225,#21375,#21525,#21675,#21825,#21975,#22125),#22275);
#11 = AXIS2_PLACEMENT_3D('',#12,#13,#14);
#12 = CARTESIAN_POINT('',(0.,0.,0.));
#13 = DIRECTION('',(0.,0.,1.));
#14 = DIRECTION('',(1.,0.,-0.));
#15 = MANIFOLD_SOLID_BREP('',#16);
#16 = CLOSED_SHELL('',(#17,#57,#88,#146,#170,#221,#233,#255,#272,#289));
#17 = ADVANCED_FACE('',(#18),#52,.F.);
#18 = FACE_BOUND('',#19,.F.);
#19 = EDGE_LOOP('',(#20,#30,#38,#46));
#20 = ORIENTED_EDGE('',*,*,#21,.F.);
#21 = EDGE_CURVE('',#22,#24,#26,.T.);
#22 = VERTEX_POINT('',#23);
#23 = CARTESIAN_POINT('',(-863.6,-50.8,0.));
#24 = VERTEX_POINT('',#25);
#25 = CARTESIAN_POINT('',(-863.6,-50.8,3.971875900757E+03));
#26 = LINE('',#27,#28);
#27 = CARTESIAN_POINT('',(-863.6,-50.8,0.));
#28 = VECTOR('',#29,1.);
#29 = DIRECTION('',(0.,0.,1.));
#30 = ORIENTED_EDGE('',*,*,#31,.T.);
#31 = EDGE_CURVE('',#22,#32,#34,.T.);
#32 = VERTEX_POINT('',#33);
#33 = CARTESIAN_POINT('',(-863.6,50.8,0.));
#34 = LINE('',#35,#36);
#35 = CARTESIAN_POINT('',(-863.6,-50.8,0.));
#36 = VECTOR('',#37,1.);
#37 = DIRECTION('',(0.,1.,0.));
#38 = ORIENTED_EDGE('',*,*,#39,.T.);
#39 = EDGE_CURVE('',#32,#40,#42,.T.);
#40 = VERTEX_POINT('',#41);
#41 = CARTESIAN_POINT('',(-863.6,50.8,3.971875900757E+03));
#42 = LINE('',#43,#44);
#43 = CARTESIAN_POINT('',(-863.6,50.8,0.));
#44 = VECTOR('',#45,1.);
#45 = DIRECTION('',(0.,0.,1.));
#46 = ORIENTED_EDGE('',*,*,#47,.F.);
#47 = EDGE_CURVE('',#24,#40,#48,.T.);
#48 = LINE('',#49,#50);
#49 = CARTESIAN_POINT('',(-863.6,-50.8,3.971875900757E+03));
#50 = VECTOR('',#51,1.);
#51 = DIRECTION('',(0.,1.,0.));
#52 = PLANE('',#53);
#53 = AXIS2_PLACEMENT_3D('',#54,#55,#56);
#54 = CARTESIAN_POINT('',(-863.6,-50.8,0.));
#55 = DIRECTION('',(1.,0.,0.));
#56 = DIRECTION('',(0.,0.,1.));
#57 = ADVANCED_FACE('',(#58),#83,.F.);
#58 = FACE_BOUND('',#59,.F.);
#59 = EDGE_LOOP('',(#60,#68,#69,#77));
#60 = ORIENTED_EDGE('',*,*,#61,.F.);
#61 = EDGE_CURVE('',#22,#62,#64,.T.);
#62 = VERTEX_POINT('',#63);
#63 = CARTESIAN_POINT('',(-762.,-50.8,0.));
#64 = LINE('',#65,#66);
#65 = CARTESIAN_POINT('',(-863.6,-50.8,0.));
#66 = VECTOR('',#67,1.);
#67 = DIRECTION('',(1.,0.,0.));
#68 = ORIENTED_EDGE('',*,*,#21,.T.);
#69 = ORIENTED_EDGE('',*,*,#70,.T.);
#70 = EDGE_CURVE('',#24,#71,#73,.T.);
#71 = VERTEX_POINT('',#72);
#72 = CARTESIAN_POINT('',(-762.,-50.8,3.971875900757E+03));
#73 = LINE('',#74,#75);
#74 = CARTESIAN_POINT('',(-863.6,-50.8,3.971875900757E+03));
#75 = VECTOR('',#76,1.);
#76 = DIRECTION('',(1.,0.,0.));
#77 = ORIENTED_EDGE('',*,*,#78,.F.);
#78 = EDGE_CURVE('',#62,#71,#79,.T.);
#79 = LINE('',#80,#81);
#80 = CARTESIAN_POINT('',(-762.,-50.8,0.));
#81 = VECTOR('',#82,1.);
#82 = DIRECTION('',(0.,0.,1.));
#83 = PLANE('',#84);
#84 = AXIS2_PLACEMENT_3D('',#85,#86,#87);
#85 = CARTESIAN_POINT('',(-863.6,-50.8,0.));
#86 = DIRECTION('',(0.,1.,0.));
#87 = DIRECTION('',(0.,0.,1.));
#88 = ADVANCED_FACE('',(#89,#107),#141,.T.);
#89 = FACE_BOUND('',#90,.T.);
#90 = EDGE_LOOP('',(#91,#92,#93,#101));
#91 = ORIENTED_EDGE('',*,*,#47,.F.);
#92 = ORIENTED_EDGE('',*,*,#70,.T.);
#93 = ORIENTED_EDGE('',*,*,#94,.T.);
#94 = EDGE_CURVE('',#71,#95,#97,.T.);
#95 = VERTEX_POINT('',#96);
#96 = CARTESIAN_POINT('',(-762.,50.8,3.971875900757E+03));
#97 = LINE('',#98,#99);
#98 = CARTESIAN_POINT('',(-762.,-50.8,3.971875900757E+03));
#99 = VECTOR('',#100,1.);
#100 = DIRECTION('',(0.,1.,0.));
#101 = ORIENTED_EDGE('',*,*,#102,.F.);
#102 = EDGE_CURVE('',#40,#95,#103,.T.);
#103 = LINE('',#104,#105);
#104 = CARTESIAN_POINT('',(-863.6,50.8,3.971875900757E+03));
#105 = VECTOR('',#106,1.);
#106 = DIRECTION('',(1.,0.,0.));
#107 = FACE_BOUND('',#108,.T.);
#108 = EDGE_LOOP('',(#109,#119,#127,#135));
#109 = ORIENTED_EDGE('',*,*,#110,.T.);
#110 = EDGE_CURVE('',#111,#113,#115,.T.);
#111 = VERTEX_POINT('',#112);
#112 = CARTESIAN_POINT('',(-768.35,-44.45,3.971875900757E+03));
#113 = VERTEX_POINT('',#114);
#114 = CARTESIAN_POINT('',(-857.25,-44.45,3.971875900757E+03));
#115 = LINE('',#116,#117);
#116 = CARTESIAN_POINT('',(-860.425,-44.45,3.971875900757E+03));
#117 = VECTOR('',#118,1.);
#118 = DIRECTION('',(-1.,0.,0.));
#119 = ORIENTED_EDGE('',*,*,#120,.T.);
#120 = EDGE_CURVE('',#113,#121,#123,.T.);
#121 = VERTEX_POINT('',#122);
#122 = CARTESIAN_POINT('',(-857.25,44.45,3.971875900757E+03));
#123 = LINE('',#124,#125);
#124 = CARTESIAN_POINT('',(-857.25,-47.625,3.971875900757E+03));
#125 = VECTOR('',#126,1.);
#126 = DIRECTION('',(0.,1.,0.));
#127 = ORIENTED_EDGE('',*,*,#128,.F.);
#128 = EDGE_CURVE('',#129,#121,#131,.T.);
#129 = VERTEX_POINT('',#130);
#130 = CARTESIAN_POINT('',(-768.35,44.45,3.971875900757E+03));
#131 = LINE('',#132,#133);
#132 = CARTESIAN_POINT('',(-860.425,44.45,3.971875900757E+03));
#133 = VECTOR('',#134,1.);
#134 = DIRECTION('',(-1.,0.,0.));
#135 = ORIENTED_EDGE('',*,*,#136,.F.);
#136 = EDGE_CURVE('',#111,#129,#137,.T.);
#137 = LINE('',#138,#139);
#138 = CARTESIAN_POINT('',(-768.35,-47.625,3.971875900757E+03));
#139 = VECTOR('',#140,1.);
#140 = DIRECTION('',(0.,1.,0.));
#141 = PLANE('',#142);
#142 = AXIS2_PLACEMENT_3D('',#143,#144,#145);
#143 = CARTESIAN_POINT('',(-863.6,-50.8,3.971875900757E+03));
#144 = DIRECTION('',(0.,0.,1.));
#145 = DIRECTION('',(1.,0.,0.));
#146 = ADVANCED_FACE('',(#147),#165,.T.);
#147 = FACE_BOUND('',#148,.T.);
#148 = EDGE_LOOP('',(#149,#157,#158,#159));
#149 = ORIENTED_EDGE('',*,*,#150,.F.);
#150 = EDGE_CURVE('',#32,#151,#153,.T.);
#151 = VERTEX_POINT('',#152);
#152 = CARTESIAN_POINT('',(-762.,50.8,0.));
#153 = LINE('',#154,#155);
#154 = CARTESIAN_POINT('',(-863.6,50.8,0.));
#155 = VECTOR('',#156,1.);
#156 = DIRECTION('',(1.,0.,0.));
#157 = ORIENTED_EDGE('',*,*,#39,.T.);
#158 = ORIENTED_EDGE('',*,*,#102,.T.);
#159 = ORIENTED_EDGE('',*,*,#160,.F.);
#160 = EDGE_CURVE('',#151,#95,#161,.T.);
#161 = LINE('',#162,#163);
#162 = CARTESIAN_POINT('',(-762.,50.8,0.));
#163 = VECTOR('',#164,1.);
#164 = DIRECTION('',(0.,0.,1.));
#165 = PLANE('',#166);
#166 = AXIS2_PLACEMENT_3D('',#167,#168,#169);
#167 = CARTESIAN_POINT('',(-863.6,50.8,0.));
#168 = DIRECTION('',(0.,1.,0.));
#169 = DIRECTION('',(0.,0.,1.));
#170 = ADVANCED_FACE('',(#171,#182),#216,.F.);
#171 = FACE_BOUND('',#172,.F.);
#172 = EDGE_LOOP('',(#173,#174,#175,#181));
#173 = ORIENTED_EDGE('',*,*,#31,.F.);
#174 = ORIENTED_EDGE('',*,*,#61,.T.);
#175 = ORIENTED_EDGE('',*,*,#176,.T.);
#176 = EDGE_CURVE('',#62,#151,#177,.T.);
#177 = LINE('',#178,#179);
#178 = CARTESIAN_POINT('',(-762.,-50.8,0.));
#179 = VECTOR('',#180,1.);
#180 = DIRECTION('',(0.,1.,0.));
#181 = ORIENTED_EDGE('',*,*,#150,.F.);
#182 = FACE_BOUND('',#183,.F.);
#183 = EDGE_LOOP('',(#184,#194,#202,#210));
#184 = ORIENTED_EDGE('',*,*,#185,.T.);
#185 = EDGE_CURVE('',#186,#188,#190,.T.);
#186 = VERTEX_POINT('',#187);
#187 = CARTESIAN_POINT('',(-768.35,-44.45,0.));
#188 = VERTEX_POINT('',#189);
#189 = CARTESIAN_POINT('',(-857.25,-44.45,0.));
#190 = LINE('',#191,#192);
#191 = CARTESIAN_POINT('',(-860.425,-44.45,0.));
#192 = VECTOR('',#193,1.);
#193 = DIRECTION('',(-1.,0.,0.));
#194 = ORIENTED_EDGE('',*,*,#195,.T.);
#195 = EDGE_CURVE('',#188,#196,#198,.T.);
#196 = VERTEX_POINT('',#197);
#197 = CARTESIAN_POINT('',(-857.25,44.45,0.));
#198 = LINE('',#199,#200);
#199 = CARTESIAN_POINT('',(-857.25,-47.625,0.));
#200 = VECTOR('',#201,1.);
#201 = DIRECTION('',(0.,1.,0.));
#202 = ORIENTED_EDGE('',*,*,#203,.F.);
#203 = EDGE_CURVE('',#204,#196,#206,.T.);
#204 = VERTEX_POINT('',#205);
#205 = CARTESIAN_POINT('',(-768.35,44.45,0.));
#206 = LINE('',#207,#208);
#207 = CARTESIAN_POINT('',(-860.425,44.45,0.));
#208 = VECTOR('',#209,1.);
#209 = DIRECTION('',(-1.,0.,0.));
#210 = ORIENTED_EDGE('',*,*,#211,.F.);
#211 = EDGE_CURVE('',#186,#204,#212,.T.);
#212 = LINE('',#213,#214);
#213 = CARTESIAN_POINT('',(-768.35,-47.625,0.));
#214 = VECTOR('',#215,1.);
#215 = DIRECTION('',(0.,1.,0.));
#216 = PLANE('',#217);
#217 = AXIS2_PLACEMENT_3D('',#218,#219,#220);
#218 = CARTESIAN_POINT('',(-863.6,-50.8,0.));
#219 = DIRECTION('',(0.,0.,1.));
#220 = DIRECTION('',(1.,0.,0.));
#221 = ADVANCED_FACE('',(#222),#228,.T.);
#222 = FACE_BOUND('',#223,.T.);
#223 = EDGE_LOOP('',(#224,#225,#226,#227));
#224 = ORIENTED_EDGE('',*,*,#78,.F.);
#225 = ORIENTED_EDGE('',*,*,#176,.T.);
#226 = ORIENTED_EDGE('',*,*,#160,.T.);
#227 = ORIENTED_EDGE('',*,*,#94,.F.);
#228 = PLANE('',#229);
#229 = AXIS2_PLACEMENT_3D('',#230,#231,#232);
#230 = CARTESIAN_POINT('',(-762.,-50.8,0.));
#231 = DIRECTION('',(1.,0.,0.));
#232 = DIRECTION('',(0.,0.,1.));
#233 = ADVANCED_FACE('',(#234),#250,.T.);
#234 = FACE_BOUND('',#235,.T.);
#235 = EDGE_LOOP('',(#236,#242,#243,#249));
#236 = ORIENTED_EDGE('',*,*,#237,.F.);
#237 = EDGE_CURVE('',#186,#111,#238,.T.);
#238 = LINE('',#239,#240);
#239 = CARTESIAN_POINT('',(-768.35,-44.45,-1.));
#240 = VECTOR('',#241,1.);
#241 = DIRECTION('',(0.,0.,1.));
#242 = ORIENTED_EDGE('',*,*,#185,.T.);
#243 = ORIENTED_EDGE('',*,*,#244,.T.);
#244 = EDGE_CURVE('',#188,#113,#245,.T.);
#245 = LINE('',#246,#247);
#246 = CARTESIAN_POINT('',(-857.25,-44.45,-1.));
#247 = VECTOR('',#248,1.);
#248 = DIRECTION('',(0.,0.,1.));
#249 = ORIENTED_EDGE('',*,*,#110,.F.);
#250 = PLANE('',#251);
#251 = AXIS2_PLACEMENT_3D('',#252,#253,#254);
#252 = CARTESIAN_POINT('',(-857.25,-44.45,-1.));
#253 = DIRECTION('',(0.,1.,0.));
#254 = DIRECTION('',(0.,0.,1.));
#255 = ADVANCED_FACE('',(#256),#267,.F.);
#256 = FACE_BOUND('',#257,.F.);
#257 = EDGE_LOOP('',(#258,#259,#260,#266));
#258 = ORIENTED_EDGE('',*,*,#237,.F.);
#259 = ORIENTED_EDGE('',*,*,#211,.T.);
#260 = ORIENTED_EDGE('',*,*,#261,.T.);
#261 = EDGE_CURVE('',#204,#129,#262,.T.);
#262 = LINE('',#263,#264);
#263 = CARTESIAN_POINT('',(-768.35,44.45,-1.));
#264 = VECTOR('',#265,1.);
#265 = DIRECTION('',(0.,0.,1.));
#266 = ORIENTED_EDGE('',*,*,#136,.F.);
#267 = PLANE('',#268);
#268 = AXIS2_PLACEMENT_3D('',#269,#270,#271);
#269 = CARTESIAN_POINT('',(-768.35,-44.45,-1.));
#270 = DIRECTION('',(1.,0.,0.));
#271 = DIRECTION('',(0.,0.,1.));
#272 = ADVANCED_FACE('',(#273),#284,.F.);
#273 = FACE_BOUND('',#274,.F.);
#274 = EDGE_LOOP('',(#275,#276,#277,#283));
#275 = ORIENTED_EDGE('',*,*,#261,.F.);
#276 = ORIENTED_EDGE('',*,*,#203,.T.);
#277 = ORIENTED_EDGE('',*,*,#278,.T.);
#278 = EDGE_CURVE('',#196,#121,#279,.T.);
#279 = LINE('',#280,#281);
#280 = CARTESIAN_POINT('',(-857.25,44.45,-1.));
#281 = VECTOR('',#282,1.);
#282 = DIRECTION('',(0.,0.,1.));
#283 = ORIENTED_EDGE('',*,*,#128,.F.);
#284 = PLANE('',#285);
#285 = AXIS2_PLACEMENT_3D('',#286,#287,#288);
#286 = CARTESIAN_POINT('',(-857.25,44.45,-1.));
#287 = DIRECTION('',(0.,1.,0.));
#288 = DIRECTION('',(0.,0.,1.));
#289 = ADVANCED_FACE('',(#290),#296,.T.);
#290 = FACE_BOUND('',#291,.T.);
#291 = EDGE_LOOP('',(#292,#293,#294,#295));
#292 = ORIENTED_EDGE('',*,*,#244,.F.);
#293 = ORIENTED_EDGE('',*,*,#195,.T.);
#294 = ORIENTED_EDGE('',*,*,#278,.T.);
#295 = ORIENTED_EDGE('',*,*,#120,.F.);
#296 = PLANE('',#297);
#297 = AXIS2_PLACEMENT_3D('',#298,#299,#300);
#298 = CARTESIAN_POINT('',(-857.25,-44.45,-1.));
#299 = DIRECTION('',(1.,0.,0.));
#300 = DIRECTION('',(0.,0.,1.));
#301 = MANIFOLD_SOLID_BREP('',#302);
#302 = CLOSED_SHELL('',(#303,#343,#374,#432,#456,#507,#519,#541,#558,
    #575));
#303 = ADVANCED_FACE('',(#304),#338,.F.);
#304 = FACE_BOUND('',#305,.F.);
#305 = EDGE_LOOP('',(#306,#316,#324,#332));
#306 = ORIENTED_EDGE('',*,*,#307,.F.);
#307 = EDGE_CURVE('',#308,#310,#312,.T.);
#308 = VERTEX_POINT('',#309);
#309 = CARTESIAN_POINT('',(-863.6,1.72085E+03,0.));
#310 = VERTEX_POINT('',#311);
#311 = CARTESIAN_POINT('',(-863.6,1.72085E+03,4.994738505167E+03));
#312 = LINE('',#313,#314);
#313 = CARTESIAN_POINT('',(-863.6,1.72085E+03,0.));
#314 = VECTOR('',#315,1.);
#315 = DIRECTION('',(0.,0.,1.));
#316 = ORIENTED_EDGE('',*,*,#317,.T.);
#317 = EDGE_CURVE('',#308,#318,#320,.T.);
#318 = VERTEX_POINT('',#319);
#319 = CARTESIAN_POINT('',(-863.6,1.82245E+03,0.));
#320 = LINE('',#321,#322);
#321 = CARTESIAN_POINT('',(-863.6,1.72085E+03,0.));
#322 = VECTOR('',#323,1.);
#323 = DIRECTION('',(0.,1.,0.));
#324 = ORIENTED_EDGE('',*,*,#325,.T.);
#325 = EDGE_CURVE('',#318,#326,#328,.T.);
#326 = VERTEX_POINT('',#327);
#327 = CARTESIAN_POINT('',(-863.6,1.82245E+03,4.994738505167E+03));
#328 = LINE('',#329,#330);
#329 = CARTESIAN_POINT('',(-863.6,1.82245E+03,0.));
#330 = VECTOR('',#331,1.);
#331 = DIRECTION('',(0.,0.,1.));
#332 = ORIENTED_EDGE('',*,*,#333,.F.);
#333 = EDGE_CURVE('',#310,#326,#334,.T.);
#334 = LINE('',#335,#336);
#335 = CARTESIAN_POINT('',(-863.6,1.72085E+03,4.994738505167E+03));
#336 = VECTOR('',#337,1.);
#337 = DIRECTION('',(0.,1.,0.));
#338 = PLANE('',#339);
#339 = AXIS2_PLACEMENT_3D('',#340,#341,#342);
#340 = CARTESIAN_POINT('',(-863.6,1.72085E+03,0.));
#341 = DIRECTION('',(1.,0.,0.));
#342 = DIRECTION('',(0.,0.,1.));
#343 = ADVANCED_FACE('',(#344),#369,.F.);
#344 = FACE_BOUND('',#345,.F.);
#345 = EDGE_LOOP('',(#346,#354,#355,#363));
#346 = ORIENTED_EDGE('',*,*,#347,.F.);
#347 = EDGE_CURVE('',#308,#348,#350,.T.);
#348 = VERTEX_POINT('',#349);
#349 = CARTESIAN_POINT('',(-762.,1.72085E+03,0.));
#350 = LINE('',#351,#352);
#351 = CARTESIAN_POINT('',(-863.6,1.72085E+03,0.));
#352 = VECTOR('',#353,1.);
#353 = DIRECTION('',(1.,0.,0.));
#354 = ORIENTED_EDGE('',*,*,#307,.T.);
#355 = ORIENTED_EDGE('',*,*,#356,.T.);
#356 = EDGE_CURVE('',#310,#357,#359,.T.);
#357 = VERTEX_POINT('',#358);
#358 = CARTESIAN_POINT('',(-762.,1.72085E+03,4.994738505167E+03));
#359 = LINE('',#360,#361);
#360 = CARTESIAN_POINT('',(-863.6,1.72085E+03,4.994738505167E+03));
#361 = VECTOR('',#362,1.);
#362 = DIRECTION('',(1.,0.,0.));
#363 = ORIENTED_EDGE('',*,*,#364,.F.);
#364 = EDGE_CURVE('',#348,#357,#365,.T.);
#365 = LINE('',#366,#367);
#366 = CARTESIAN_POINT('',(-762.,1.72085E+03,0.));
#367 = VECTOR('',#368,1.);
#368 = DIRECTION('',(0.,0.,1.));
#369 = PLANE('',#370);
#370 = AXIS2_PLACEMENT_3D('',#371,#372,#373);
#371 = CARTESIAN_POINT('',(-863.6,1.72085E+03,0.));
#372 = DIRECTION('',(0.,1.,0.));
#373 = DIRECTION('',(0.,0.,1.));
#374 = ADVANCED_FACE('',(#375,#393),#427,.T.);
#375 = FACE_BOUND('',#376,.T.);
#376 = EDGE_LOOP('',(#377,#378,#379,#387));
#377 = ORIENTED_EDGE('',*,*,#333,.F.);
#378 = ORIENTED_EDGE('',*,*,#356,.T.);
#379 = ORIENTED_EDGE('',*,*,#380,.T.);
#380 = EDGE_CURVE('',#357,#381,#383,.T.);
#381 = VERTEX_POINT('',#382);
#382 = CARTESIAN_POINT('',(-762.,1.82245E+03,4.994738505167E+03));
#383 = LINE('',#384,#385);
#384 = CARTESIAN_POINT('',(-762.,1.72085E+03,4.994738505167E+03));
#385 = VECTOR('',#386,1.);
#386 = DIRECTION('',(0.,1.,0.));
#387 = ORIENTED_EDGE('',*,*,#388,.F.);
#388 = EDGE_CURVE('',#326,#381,#389,.T.);
#389 = LINE('',#390,#391);
#390 = CARTESIAN_POINT('',(-863.6,1.82245E+03,4.994738505167E+03));
#391 = VECTOR('',#392,1.);
#392 = DIRECTION('',(1.,0.,0.));
#393 = FACE_BOUND('',#394,.T.);
#394 = EDGE_LOOP('',(#395,#405,#413,#421));
#395 = ORIENTED_EDGE('',*,*,#396,.T.);
#396 = EDGE_CURVE('',#397,#399,#401,.T.);
#397 = VERTEX_POINT('',#398);
#398 = CARTESIAN_POINT('',(-768.35,1.7272E+03,4.994738505167E+03));
#399 = VERTEX_POINT('',#400);
#400 = CARTESIAN_POINT('',(-857.25,1.7272E+03,4.994738505167E+03));
#401 = LINE('',#402,#403);
#402 = CARTESIAN_POINT('',(-860.425,1.7272E+03,4.994738505167E+03));
#403 = VECTOR('',#404,1.);
#404 = DIRECTION('',(-1.,0.,0.));
#405 = ORIENTED_EDGE('',*,*,#406,.T.);
#406 = EDGE_CURVE('',#399,#407,#409,.T.);
#407 = VERTEX_POINT('',#408);
#408 = CARTESIAN_POINT('',(-857.25,1.8161E+03,4.994738505167E+03));
#409 = LINE('',#410,#411);
#410 = CARTESIAN_POINT('',(-857.25,1.724025E+03,4.994738505167E+03));
#411 = VECTOR('',#412,1.);
#412 = DIRECTION('',(0.,1.,0.));
#413 = ORIENTED_EDGE('',*,*,#414,.F.);
#414 = EDGE_CURVE('',#415,#407,#417,.T.);
#415 = VERTEX_POINT('',#416);
#416 = CARTESIAN_POINT('',(-768.35,1.8161E+03,4.994738505167E+03));
#417 = LINE('',#418,#419);
#418 = CARTESIAN_POINT('',(-860.425,1.8161E+03,4.994738505167E+03));
#419 = VECTOR('',#420,1.);
#420 = DIRECTION('',(-1.,0.,0.));
#421 = ORIENTED_EDGE('',*,*,#422,.F.);
#422 = EDGE_CURVE('',#397,#415,#423,.T.);
#423 = LINE('',#424,#425);
#424 = CARTESIAN_POINT('',(-768.35,1.724025E+03,4.994738505167E+03));
#425 = VECTOR('',#426,1.);
#426 = DIRECTION('',(0.,1.,0.));
#427 = PLANE('',#428);
#428 = AXIS2_PLACEMENT_3D('',#429,#430,#431);
#429 = CARTESIAN_POINT('',(-863.6,1.72085E+03,4.994738505167E+03));
#430 = DIRECTION('',(0.,0.,1.));
#431 = DIRECTION('',(1.,0.,0.));
#432 = ADVANCED_FACE('',(#433),#451,.T.);
#433 = FACE_BOUND('',#434,.T.);
#434 = EDGE_LOOP('',(#435,#443,#444,#445));
#435 = ORIENTED_EDGE('',*,*,#436,.F.);
#436 = EDGE_CURVE('',#318,#437,#439,.T.);
#437 = VERTEX_POINT('',#438);
#438 = CARTESIAN_POINT('',(-762.,1.82245E+03,0.));
#439 = LINE('',#440,#441);
#440 = CARTESIAN_POINT('',(-863.6,1.82245E+03,0.));
#441 = VECTOR('',#442,1.);
#442 = DIRECTION('',(1.,0.,0.));
#443 = ORIENTED_EDGE('',*,*,#325,.T.);
#444 = ORIENTED_EDGE('',*,*,#388,.T.);
#445 = ORIENTED_EDGE('',*,*,#446,.F.);
#446 = EDGE_CURVE('',#437,#381,#447,.T.);
#447 = LINE('',#448,#449);
#448 = CARTESIAN_POINT('',(-762.,1.82245E+03,0.));
#449 = VECTOR('',#450,1.);
#450 = DIRECTION('',(0.,0.,1.));
#451 = PLANE('',#452);
#452 = AXIS2_PLACEMENT_3D('',#453,#454,#455);
#453 = CARTESIAN_POINT('',(-863.6,1.82245E+03,0.));
#454 = DIRECTION('',(0.,1.,0.));
#455 = DIRECTION('',(0.,0.,1.));
#456 = ADVANCED_FACE('',(#457,#468),#502,.F.);
#457 = FACE_BOUND('',#458,.F.);
#458 = EDGE_LOOP('',(#459,#460,#461,#467));
#459 = ORIENTED_EDGE('',*,*,#317,.F.);
#460 = ORIENTED_EDGE('',*,*,#347,.T.);
#461 = ORIENTED_EDGE('',*,*,#462,.T.);
#462 = EDGE_CURVE('',#348,#437,#463,.T.);
#463 = LINE('',#464,#465);
#464 = CARTESIAN_POINT('',(-762.,1.72085E+03,0.));
#465 = VECTOR('',#466,1.);
#466 = DIRECTION('',(0.,1.,0.));
#467 = ORIENTED_EDGE('',*,*,#436,.F.);
#468 = FACE_BOUND('',#469,.F.);
#469 = EDGE_LOOP('',(#470,#480,#488,#496));
#470 = ORIENTED_EDGE('',*,*,#471,.T.);
#471 = EDGE_CURVE('',#472,#474,#476,.T.);
#472 = VERTEX_POINT('',#473);
#473 = CARTESIAN_POINT('',(-768.35,1.7272E+03,0.));
#474 = VERTEX_POINT('',#475);
#475 = CARTESIAN_POINT('',(-857.25,1.7272E+03,0.));
#476 = LINE('',#477,#478);
#477 = CARTESIAN_POINT('',(-860.425,1.7272E+03,0.));
#478 = VECTOR('',#479,1.);
#479 = DIRECTION('',(-1.,0.,0.));
#480 = ORIENTED_EDGE('',*,*,#481,.T.);
#481 = EDGE_CURVE('',#474,#482,#484,.T.);
#482 = VERTEX_POINT('',#483);
#483 = CARTESIAN_POINT('',(-857.25,1.8161E+03,0.));
#484 = LINE('',#485,#486);
#485 = CARTESIAN_POINT('',(-857.25,1.724025E+03,0.));
#486 = VECTOR('',#487,1.);
#487 = DIRECTION('',(0.,1.,0.));
#488 = ORIENTED_EDGE('',*,*,#489,.F.);
#489 = EDGE_CURVE('',#490,#482,#492,.T.);
#490 = VERTEX_POINT('',#491);
#491 = CARTESIAN_POINT('',(-768.35,1.8161E+03,0.));
#492 = LINE('',#493,#494);
#493 = CARTESIAN_POINT('',(-860.425,1.8161E+03,0.));
#494 = VECTOR('',#495,1.);
#495 = DIRECTION('',(-1.,0.,0.));
#496 = ORIENTED_EDGE('',*,*,#497,.F.);
#497 = EDGE_CURVE('',#472,#490,#498,.T.);
#498 = LINE('',#499,#500);
#499 = CARTESIAN_POINT('',(-768.35,1.724025E+03,0.));
#500 = VECTOR('',#501,1.);
#501 = DIRECTION('',(0.,1.,0.));
#502 = PLANE('',#503);
#503 = AXIS2_PLACEMENT_3D('',#504,#505,#506);
#504 = CARTESIAN_POINT('',(-863.6,1.72085E+03,0.));
#505 = DIRECTION('',(0.,0.,1.));
#506 = DIRECTION('',(1.,0.,0.));
#507 = ADVANCED_FACE('',(#508),#514,.T.);
#508 = FACE_BOUND('',#509,.T.);
#509 = EDGE_LOOP('',(#510,#511,#512,#513));
#510 = ORIENTED_EDGE('',*,*,#364,.F.);
#511 = ORIENTED_EDGE('',*,*,#462,.T.);
#512 = ORIENTED_EDGE('',*,*,#446,.T.);
#513 = ORIENTED_EDGE('',*,*,#380,.F.);
#514 = PLANE('',#515);
#515 = AXIS2_PLACEMENT_3D('',#516,#517,#518);
#516 = CARTESIAN_POINT('',(-762.,1.72085E+03,0.));
#517 = DIRECTION('',(1.,0.,0.));
#518 = DIRECTION('',(0.,0.,1.));
#519 = ADVANCED_FACE('',(#520),#536,.T.);
#520 = FACE_BOUND('',#521,.T.);
#521 = EDGE_LOOP('',(#522,#528,#529,#535));
#522 = ORIENTED_EDGE('',*,*,#523,.F.);
#523 = EDGE_CURVE('',#472,#397,#524,.T.);
#524 = LINE('',#525,#526);
#525 = CARTESIAN_POINT('',(-768.35,1.7272E+03,-1.));
#526 = VECTOR('',#527,1.);
#527 = DIRECTION('',(0.,0.,1.));
#528 = ORIENTED_EDGE('',*,*,#471,.T.);
#529 = ORIENTED_EDGE('',*,*,#530,.T.);
#530 = EDGE_CURVE('',#474,#399,#531,.T.);
#531 = LINE('',#532,#533);
#532 = CARTESIAN_POINT('',(-857.25,1.7272E+03,-1.));
#533 = VECTOR('',#534,1.);
#534 = DIRECTION('',(0.,0.,1.));
#535 = ORIENTED_EDGE('',*,*,#396,.F.);
#536 = PLANE('',#537);
#537 = AXIS2_PLACEMENT_3D('',#538,#539,#540);
#538 = CARTESIAN_POINT('',(-857.25,1.7272E+03,-1.));
#539 = DIRECTION('',(0.,1.,0.));
#540 = DIRECTION('',(0.,0.,1.));
#541 = ADVANCED_FACE('',(#542),#553,.F.);
#542 = FACE_BOUND('',#543,.F.);
#543 = EDGE_LOOP('',(#544,#545,#546,#552));
#544 = ORIENTED_EDGE('',*,*,#523,.F.);
#545 = ORIENTED_EDGE('',*,*,#497,.T.);
#546 = ORIENTED_EDGE('',*,*,#547,.T.);
#547 = EDGE_CURVE('',#490,#415,#548,.T.);
#548 = LINE('',#549,#550);
#549 = CARTESIAN_POINT('',(-768.35,1.8161E+03,-1.));
#550 = VECTOR('',#551,1.);
#551 = DIRECTION('',(0.,0.,1.));
#552 = ORIENTED_EDGE('',*,*,#422,.F.);
#553 = PLANE('',#554);
#554 = AXIS2_PLACEMENT_3D('',#555,#556,#557);
#555 = CARTESIAN_POINT('',(-768.35,1.7272E+03,-1.));
#556 = DIRECTION('',(1.,0.,0.));
#557 = DIRECTION('',(0.,0.,1.));
#558 = ADVANCED_FACE('',(#559),#570,.F.);
#559 = FACE_BOUND('',#560,.F.);
#560 = EDGE_LOOP('',(#561,#562,#563,#569));
#561 = ORIENTED_EDGE('',*,*,#547,.F.);
#562 = ORIENTED_EDGE('',*,*,#489,.T.);
#563 = ORIENTED_EDGE('',*,*,#564,.T.);
#564 = EDGE_CURVE('',#482,#407,#565,.T.);
#565 = LINE('',#566,#567);
#566 = CARTESIAN_POINT('',(-857.25,1.8161E+03,-1.));
#567 = VECTOR('',#568,1.);
#568 = DIRECTION('',(0.,0.,1.));
#569 = ORIENTED_EDGE('',*,*,#414,.F.);
#570 = PLANE('',#571);
#571 = AXIS2_PLACEMENT_3D('',#572,#573,#574);
#572 = CARTESIAN_POINT('',(-857.25,1.8161E+03,-1.));
#573 = DIRECTION('',(0.,1.,0.));
#574 = DIRECTION('',(0.,0.,1.));
#575 = ADVANCED_FACE('',(#576),#582,.T.);
#576 = FACE_BOUND('',#577,.T.);
#577 = EDGE_LOOP('',(#578,#579,#580,#581));
#578 = ORIENTED_EDGE('',*,*,#530,.F.);
#579 = ORIENTED_EDGE('',*,*,#481,.T.);
#580 = ORIENTED_EDGE('',*,*,#564,.T.);
#581 = ORIENTED_EDGE('',*,*,#406,.F.);
#582 = PLANE('',#583);
#583 = AXIS2_PLACEMENT_3D('',#584,#585,#586);
#584 = CARTESIAN_POINT('',(-857.25,1.7272E+03,-1.));
#585 = DIRECTION('',(1.,0.,0.));
#586 = DIRECTION('',(0.,0.,1.));
#587 = MANIFOLD_SOLID_BREP('',#588);
#588 = CLOSED_SHELL('',(#589,#629,#660,#718,#742,#793,#805,#827,#844,
    #861));
#589 = ADVANCED_FACE('',(#590),#624,.F.);
#590 = FACE_BOUND('',#591,.F.);
#591 = EDGE_LOOP('',(#592,#602,#610,#618));
#592 = ORIENTED_EDGE('',*,*,#593,.F.);
#593 = EDGE_CURVE('',#594,#596,#598,.T.);
#594 = VERTEX_POINT('',#595);
#595 = CARTESIAN_POINT('',(-863.6,4.6482E+03,0.));
#596 = VERTEX_POINT('',#597);
#597 = CARTESIAN_POINT('',(-863.6,4.6482E+03,5.818971010432E+03));
#598 = LINE('',#599,#600);
#599 = CARTESIAN_POINT('',(-863.6,4.6482E+03,0.));
#600 = VECTOR('',#601,1.);
#601 = DIRECTION('',(0.,0.,1.));
#602 = ORIENTED_EDGE('',*,*,#603,.T.);
#603 = EDGE_CURVE('',#594,#604,#606,.T.);
#604 = VERTEX_POINT('',#605);
#605 = CARTESIAN_POINT('',(-863.6,4.7498E+03,0.));
#606 = LINE('',#607,#608);
#607 = CARTESIAN_POINT('',(-863.6,4.6482E+03,0.));
#608 = VECTOR('',#609,1.);
#609 = DIRECTION('',(0.,1.,0.));
#610 = ORIENTED_EDGE('',*,*,#611,.T.);
#611 = EDGE_CURVE('',#604,#612,#614,.T.);
#612 = VERTEX_POINT('',#613);
#613 = CARTESIAN_POINT('',(-863.6,4.7498E+03,5.818971010432E+03));
#614 = LINE('',#615,#616);
#615 = CARTESIAN_POINT('',(-863.6,4.7498E+03,0.));
#616 = VECTOR('',#617,1.);
#617 = DIRECTION('',(0.,0.,1.));
#618 = ORIENTED_EDGE('',*,*,#619,.F.);
#619 = EDGE_CURVE('',#596,#612,#620,.T.);
#620 = LINE('',#621,#622);
#621 = CARTESIAN_POINT('',(-863.6,4.6482E+03,5.818971010432E+03));
#622 = VECTOR('',#623,1.);
#623 = DIRECTION('',(0.,1.,0.));
#624 = PLANE('',#625);
#625 = AXIS2_PLACEMENT_3D('',#626,#627,#628);
#626 = CARTESIAN_POINT('',(-863.6,4.6482E+03,0.));
#627 = DIRECTION('',(1.,0.,0.));
#628 = DIRECTION('',(0.,0.,1.));
#629 = ADVANCED_FACE('',(#630),#655,.F.);
#630 = FACE_BOUND('',#631,.F.);
#631 = EDGE_LOOP('',(#632,#640,#641,#649));
#632 = ORIENTED_EDGE('',*,*,#633,.F.);
#633 = EDGE_CURVE('',#594,#634,#636,.T.);
#634 = VERTEX_POINT('',#635);
#635 = CARTESIAN_POINT('',(-762.,4.6482E+03,0.));
#636 = LINE('',#637,#638);
#637 = CARTESIAN_POINT('',(-863.6,4.6482E+03,0.));
#638 = VECTOR('',#639,1.);
#639 = DIRECTION('',(1.,0.,0.));
#640 = ORIENTED_EDGE('',*,*,#593,.T.);
#641 = ORIENTED_EDGE('',*,*,#642,.T.);
#642 = EDGE_CURVE('',#596,#643,#645,.T.);
#643 = VERTEX_POINT('',#644);
#644 = CARTESIAN_POINT('',(-762.,4.6482E+03,5.818971010432E+03));
#645 = LINE('',#646,#647);
#646 = CARTESIAN_POINT('',(-863.6,4.6482E+03,5.818971010432E+03));
#647 = VECTOR('',#648,1.);
#648 = DIRECTION('',(1.,0.,0.));
#649 = ORIENTED_EDGE('',*,*,#650,.F.);
#650 = EDGE_CURVE('',#634,#643,#651,.T.);
#651 = LINE('',#652,#653);
#652 = CARTESIAN_POINT('',(-762.,4.6482E+03,0.));
#653 = VECTOR('',#654,1.);
#654 = DIRECTION('',(0.,0.,1.));
#655 = PLANE('',#656);
#656 = AXIS2_PLACEMENT_3D('',#657,#658,#659);
#657 = CARTESIAN_POINT('',(-863.6,4.6482E+03,0.));
#658 = DIRECTION('',(0.,1.,0.));
#659 = DIRECTION('',(0.,0.,1.));
#660 = ADVANCED_FACE('',(#661,#679),#713,.T.);
#661 = FACE_BOUND('',#662,.T.);
#662 = EDGE_LOOP('',(#663,#664,#665,#673));
#663 = ORIENTED_EDGE('',*,*,#619,.F.);
#664 = ORIENTED_EDGE('',*,*,#642,.T.);
#665 = ORIENTED_EDGE('',*,*,#666,.T.);
#666 = EDGE_CURVE('',#643,#667,#669,.T.);
#667 = VERTEX_POINT('',#668);
#668 = CARTESIAN_POINT('',(-762.,4.7498E+03,5.818971010432E+03));
#669 = LINE('',#670,#671);
#670 = CARTESIAN_POINT('',(-762.,4.6482E+03,5.818971010432E+03));
#671 = VECTOR('',#672,1.);
#672 = DIRECTION('',(0.,1.,0.));
#673 = ORIENTED_EDGE('',*,*,#674,.F.);
#674 = EDGE_CURVE('',#612,#667,#675,.T.);
#675 = LINE('',#676,#677);
#676 = CARTESIAN_POINT('',(-863.6,4.7498E+03,5.818971010432E+03));
#677 = VECTOR('',#678,1.);
#678 = DIRECTION('',(1.,0.,0.));
#679 = FACE_BOUND('',#680,.T.);
#680 = EDGE_LOOP('',(#681,#691,#699,#707));
#681 = ORIENTED_EDGE('',*,*,#682,.T.);
#682 = EDGE_CURVE('',#683,#685,#687,.T.);
#683 = VERTEX_POINT('',#684);
#684 = CARTESIAN_POINT('',(-768.35,4.65455E+03,5.818971010432E+03));
#685 = VERTEX_POINT('',#686);
#686 = CARTESIAN_POINT('',(-857.25,4.65455E+03,5.818971010432E+03));
#687 = LINE('',#688,#689);
#688 = CARTESIAN_POINT('',(-860.425,4.65455E+03,5.818971010432E+03));
#689 = VECTOR('',#690,1.);
#690 = DIRECTION('',(-1.,0.,0.));
#691 = ORIENTED_EDGE('',*,*,#692,.T.);
#692 = EDGE_CURVE('',#685,#693,#695,.T.);
#693 = VERTEX_POINT('',#694);
#694 = CARTESIAN_POINT('',(-857.25,4.74345E+03,5.818971010432E+03));
#695 = LINE('',#696,#697);
#696 = CARTESIAN_POINT('',(-857.25,4.651375E+03,5.818971010432E+03));
#697 = VECTOR('',#698,1.);
#698 = DIRECTION('',(0.,1.,0.));
#699 = ORIENTED_EDGE('',*,*,#700,.F.);
#700 = EDGE_CURVE('',#701,#693,#703,.T.);
#701 = VERTEX_POINT('',#702);
#702 = CARTESIAN_POINT('',(-768.35,4.74345E+03,5.818971010432E+03));
#703 = LINE('',#704,#705);
#704 = CARTESIAN_POINT('',(-860.425,4.74345E+03,5.818971010432E+03));
#705 = VECTOR('',#706,1.);
#706 = DIRECTION('',(-1.,0.,0.));
#707 = ORIENTED_EDGE('',*,*,#708,.F.);
#708 = EDGE_CURVE('',#683,#701,#709,.T.);
#709 = LINE('',#710,#711);
#710 = CARTESIAN_POINT('',(-768.35,4.651375E+03,5.818971010432E+03));
#711 = VECTOR('',#712,1.);
#712 = DIRECTION('',(0.,1.,0.));
#713 = PLANE('',#714);
#714 = AXIS2_PLACEMENT_3D('',#715,#716,#717);
#715 = CARTESIAN_POINT('',(-863.6,4.6482E+03,5.818971010432E+03));
#716 = DIRECTION('',(0.,0.,1.));
#717 = DIRECTION('',(1.,0.,0.));
#718 = ADVANCED_FACE('',(#719),#737,.T.);
#719 = FACE_BOUND('',#720,.T.);
#720 = EDGE_LOOP('',(#721,#729,#730,#731));
#721 = ORIENTED_EDGE('',*,*,#722,.F.);
#722 = EDGE_CURVE('',#604,#723,#725,.T.);
#723 = VERTEX_POINT('',#724);
#724 = CARTESIAN_POINT('',(-762.,4.7498E+03,0.));
#725 = LINE('',#726,#727);
#726 = CARTESIAN_POINT('',(-863.6,4.7498E+03,0.));
#727 = VECTOR('',#728,1.);
#728 = DIRECTION('',(1.,0.,0.));
#729 = ORIENTED_EDGE('',*,*,#611,.T.);
#730 = ORIENTED_EDGE('',*,*,#674,.T.);
#731 = ORIENTED_EDGE('',*,*,#732,.F.);
#732 = EDGE_CURVE('',#723,#667,#733,.T.);
#733 = LINE('',#734,#735);
#734 = CARTESIAN_POINT('',(-762.,4.7498E+03,0.));
#735 = VECTOR('',#736,1.);
#736 = DIRECTION('',(0.,0.,1.));
#737 = PLANE('',#738);
#738 = AXIS2_PLACEMENT_3D('',#739,#740,#741);
#739 = CARTESIAN_POINT('',(-863.6,4.7498E+03,0.));
#740 = DIRECTION('',(0.,1.,0.));
#741 = DIRECTION('',(0.,0.,1.));
#742 = ADVANCED_FACE('',(#743,#754),#788,.F.);
#743 = FACE_BOUND('',#744,.F.);
#744 = EDGE_LOOP('',(#745,#746,#747,#753));
#745 = ORIENTED_EDGE('',*,*,#603,.F.);
#746 = ORIENTED_EDGE('',*,*,#633,.T.);
#747 = ORIENTED_EDGE('',*,*,#748,.T.);
#748 = EDGE_CURVE('',#634,#723,#749,.T.);
#749 = LINE('',#750,#751);
#750 = CARTESIAN_POINT('',(-762.,4.6482E+03,0.));
#751 = VECTOR('',#752,1.);
#752 = DIRECTION('',(0.,1.,0.));
#753 = ORIENTED_EDGE('',*,*,#722,.F.);
#754 = FACE_BOUND('',#755,.F.);
#755 = EDGE_LOOP('',(#756,#766,#774,#782));
#756 = ORIENTED_EDGE('',*,*,#757,.T.);
#757 = EDGE_CURVE('',#758,#760,#762,.T.);
#758 = VERTEX_POINT('',#759);
#759 = CARTESIAN_POINT('',(-768.35,4.65455E+03,0.));
#760 = VERTEX_POINT('',#761);
#761 = CARTESIAN_POINT('',(-857.25,4.65455E+03,0.));
#762 = LINE('',#763,#764);
#763 = CARTESIAN_POINT('',(-860.425,4.65455E+03,0.));
#764 = VECTOR('',#765,1.);
#765 = DIRECTION('',(-1.,0.,0.));
#766 = ORIENTED_EDGE('',*,*,#767,.T.);
#767 = EDGE_CURVE('',#760,#768,#770,.T.);
#768 = VERTEX_POINT('',#769);
#769 = CARTESIAN_POINT('',(-857.25,4.74345E+03,0.));
#770 = LINE('',#771,#772);
#771 = CARTESIAN_POINT('',(-857.25,4.651375E+03,0.));
#772 = VECTOR('',#773,1.);
#773 = DIRECTION('',(0.,1.,0.));
#774 = ORIENTED_EDGE('',*,*,#775,.F.);
#775 = EDGE_CURVE('',#776,#768,#778,.T.);
#776 = VERTEX_POINT('',#777);
#777 = CARTESIAN_POINT('',(-768.35,4.74345E+03,0.));
#778 = LINE('',#779,#780);
#779 = CARTESIAN_POINT('',(-860.425,4.74345E+03,0.));
#780 = VECTOR('',#781,1.);
#781 = DIRECTION('',(-1.,0.,0.));
#782 = ORIENTED_EDGE('',*,*,#783,.F.);
#783 = EDGE_CURVE('',#758,#776,#784,.T.);
#784 = LINE('',#785,#786);
#785 = CARTESIAN_POINT('',(-768.35,4.651375E+03,0.));
#786 = VECTOR('',#787,1.);
#787 = DIRECTION('',(0.,1.,0.));
#788 = PLANE('',#789);
#789 = AXIS2_PLACEMENT_3D('',#790,#791,#792);
#790 = CARTESIAN_POINT('',(-863.6,4.6482E+03,0.));
#791 = DIRECTION('',(0.,0.,1.));
#792 = DIRECTION('',(1.,0.,0.));
#793 = ADVANCED_FACE('',(#794),#800,.T.);
#794 = FACE_BOUND('',#795,.T.);
#795 = EDGE_LOOP('',(#796,#797,#798,#799));
#796 = ORIENTED_EDGE('',*,*,#650,.F.);
#797 = ORIENTED_EDGE('',*,*,#748,.T.);
#798 = ORIENTED_EDGE('',*,*,#732,.T.);
#799 = ORIENTED_EDGE('',*,*,#666,.F.);
#800 = PLANE('',#801);
#801 = AXIS2_PLACEMENT_3D('',#802,#803,#804);
#802 = CARTESIAN_POINT('',(-762.,4.6482E+03,0.));
#803 = DIRECTION('',(1.,0.,0.));
#804 = DIRECTION('',(0.,0.,1.));
#805 = ADVANCED_FACE('',(#806),#822,.T.);
#806 = FACE_BOUND('',#807,.T.);
#807 = EDGE_LOOP('',(#808,#814,#815,#821));
#808 = ORIENTED_EDGE('',*,*,#809,.F.);
#809 = EDGE_CURVE('',#758,#683,#810,.T.);
#810 = LINE('',#811,#812);
#811 = CARTESIAN_POINT('',(-768.35,4.65455E+03,-1.));
#812 = VECTOR('',#813,1.);
#813 = DIRECTION('',(0.,0.,1.));
#814 = ORIENTED_EDGE('',*,*,#757,.T.);
#815 = ORIENTED_EDGE('',*,*,#816,.T.);
#816 = EDGE_CURVE('',#760,#685,#817,.T.);
#817 = LINE('',#818,#819);
#818 = CARTESIAN_POINT('',(-857.25,4.65455E+03,-1.));
#819 = VECTOR('',#820,1.);
#820 = DIRECTION('',(0.,0.,1.));
#821 = ORIENTED_EDGE('',*,*,#682,.F.);
#822 = PLANE('',#823);
#823 = AXIS2_PLACEMENT_3D('',#824,#825,#826);
#824 = CARTESIAN_POINT('',(-857.25,4.65455E+03,-1.));
#825 = DIRECTION('',(0.,1.,0.));
#826 = DIRECTION('',(0.,0.,1.));
#827 = ADVANCED_FACE('',(#828),#839,.F.);
#828 = FACE_BOUND('',#829,.F.);
#829 = EDGE_LOOP('',(#830,#831,#832,#838));
#830 = ORIENTED_EDGE('',*,*,#809,.F.);
#831 = ORIENTED_EDGE('',*,*,#783,.T.);
#832 = ORIENTED_EDGE('',*,*,#833,.T.);
#833 = EDGE_CURVE('',#776,#701,#834,.T.);
#834 = LINE('',#835,#836);
#835 = CARTESIAN_POINT('',(-768.35,4.74345E+03,-1.));
#836 = VECTOR('',#837,1.);
#837 = DIRECTION('',(0.,0.,1.));
#838 = ORIENTED_EDGE('',*,*,#708,.F.);
#839 = PLANE('',#840);
#840 = AXIS2_PLACEMENT_3D('',#841,#842,#843);
#841 = CARTESIAN_POINT('',(-768.35,4.65455E+03,-1.));
#842 = DIRECTION('',(1.,0.,0.));
#843 = DIRECTION('',(0.,0.,1.));
#844 = ADVANCED_FACE('',(#845),#856,.F.);
#845 = FACE_BOUND('',#846,.F.);
#846 = EDGE_LOOP('',(#847,#848,#849,#855));
#847 = ORIENTED_EDGE('',*,*,#833,.F.);
#848 = ORIENTED_EDGE('',*,*,#775,.T.);
#849 = ORIENTED_EDGE('',*,*,#850,.T.);
#850 = EDGE_CURVE('',#768,#693,#851,.T.);
#851 = LINE('',#852,#853);
#852 = CARTESIAN_POINT('',(-857.25,4.74345E+03,-1.));
#853 = VECTOR('',#854,1.);
#854 = DIRECTION('',(0.,0.,1.));
#855 = ORIENTED_EDGE('',*,*,#700,.F.);
#856 = PLANE('',#857);
#857 = AXIS2_PLACEMENT_3D('',#858,#859,#860);
#858 = CARTESIAN_POINT('',(-857.25,4.74345E+03,-1.));
#859 = DIRECTION('',(0.,1.,0.));
#860 = DIRECTION('',(0.,0.,1.));
#861 = ADVANCED_FACE('',(#862),#868,.T.);
#862 = FACE_BOUND('',#863,.T.);
#863 = EDGE_LOOP('',(#864,#865,#866,#867));
#864 = ORIENTED_EDGE('',*,*,#816,.F.);
#865 = ORIENTED_EDGE('',*,*,#767,.T.);
#866 = ORIENTED_EDGE('',*,*,#850,.T.);
#867 = ORIENTED_EDGE('',*,*,#692,.F.);
#868 = PLANE('',#869);
#869 = AXIS2_PLACEMENT_3D('',#870,#871,#872);
#870 = CARTESIAN_POINT('',(-857.25,4.65455E+03,-1.));
#871 = DIRECTION('',(1.,0.,0.));
#872 = DIRECTION('',(0.,0.,1.));
#873 = MANIFOLD_SOLID_BREP('',#874);
#874 = CLOSED_SHELL('',(#875,#915,#946,#1004,#1028,#1079,#1091,#1113,
    #1130,#1147));
#875 = ADVANCED_FACE('',(#876),#910,.F.);
#876 = FACE_BOUND('',#877,.F.);
#877 = EDGE_LOOP('',(#878,#888,#896,#904));
#878 = ORIENTED_EDGE('',*,*,#879,.F.);
#879 = EDGE_CURVE('',#880,#882,#884,.T.);
#880 = VERTEX_POINT('',#881);
#881 = CARTESIAN_POINT('',(-863.6,6.3754E+03,0.));
#882 = VERTEX_POINT('',#883);
#883 = CARTESIAN_POINT('',(-863.6,6.3754E+03,5.818971010432E+03));
#884 = LINE('',#885,#886);
#885 = CARTESIAN_POINT('',(-863.6,6.3754E+03,0.));
#886 = VECTOR('',#887,1.);
#887 = DIRECTION('',(0.,0.,1.));
#888 = ORIENTED_EDGE('',*,*,#889,.T.);
#889 = EDGE_CURVE('',#880,#890,#892,.T.);
#890 = VERTEX_POINT('',#891);
#891 = CARTESIAN_POINT('',(-863.6,6.477E+03,0.));
#892 = LINE('',#893,#894);
#893 = CARTESIAN_POINT('',(-863.6,6.3754E+03,0.));
#894 = VECTOR('',#895,1.);
#895 = DIRECTION('',(0.,1.,0.));
#896 = ORIENTED_EDGE('',*,*,#897,.T.);
#897 = EDGE_CURVE('',#890,#898,#900,.T.);
#898 = VERTEX_POINT('',#899);
#899 = CARTESIAN_POINT('',(-863.6,6.477E+03,5.818971010432E+03));
#900 = LINE('',#901,#902);
#901 = CARTESIAN_POINT('',(-863.6,6.477E+03,0.));
#902 = VECTOR('',#903,1.);
#903 = DIRECTION('',(0.,0.,1.));
#904 = ORIENTED_EDGE('',*,*,#905,.F.);
#905 = EDGE_CURVE('',#882,#898,#906,.T.);
#906 = LINE('',#907,#908);
#907 = CARTESIAN_POINT('',(-863.6,6.3754E+03,5.818971010432E+03));
#908 = VECTOR('',#909,1.);
#909 = DIRECTION('',(0.,1.,0.));
#910 = PLANE('',#911);
#911 = AXIS2_PLACEMENT_3D('',#912,#913,#914);
#912 = CARTESIAN_POINT('',(-863.6,6.3754E+03,0.));
#913 = DIRECTION('',(1.,0.,0.));
#914 = DIRECTION('',(0.,0.,1.));
#915 = ADVANCED_FACE('',(#916),#941,.F.);
#916 = FACE_BOUND('',#917,.F.);
#917 = EDGE_LOOP('',(#918,#926,#927,#935));
#918 = ORIENTED_EDGE('',*,*,#919,.F.);
#919 = EDGE_CURVE('',#880,#920,#922,.T.);
#920 = VERTEX_POINT('',#921);
#921 = CARTESIAN_POINT('',(-762.,6.3754E+03,0.));
#922 = LINE('',#923,#924);
#923 = CARTESIAN_POINT('',(-863.6,6.3754E+03,0.));
#924 = VECTOR('',#925,1.);
#925 = DIRECTION('',(1.,0.,0.));
#926 = ORIENTED_EDGE('',*,*,#879,.T.);
#927 = ORIENTED_EDGE('',*,*,#928,.T.);
#928 = EDGE_CURVE('',#882,#929,#931,.T.);
#929 = VERTEX_POINT('',#930);
#930 = CARTESIAN_POINT('',(-762.,6.3754E+03,5.818971010432E+03));
#931 = LINE('',#932,#933);
#932 = CARTESIAN_POINT('',(-863.6,6.3754E+03,5.818971010432E+03));
#933 = VECTOR('',#934,1.);
#934 = DIRECTION('',(1.,0.,0.));
#935 = ORIENTED_EDGE('',*,*,#936,.F.);
#936 = EDGE_CURVE('',#920,#929,#937,.T.);
#937 = LINE('',#938,#939);
#938 = CARTESIAN_POINT('',(-762.,6.3754E+03,0.));
#939 = VECTOR('',#940,1.);
#940 = DIRECTION('',(0.,0.,1.));
#941 = PLANE('',#942);
#942 = AXIS2_PLACEMENT_3D('',#943,#944,#945);
#943 = CARTESIAN_POINT('',(-863.6,6.3754E+03,0.));
#944 = DIRECTION('',(0.,1.,0.));
#945 = DIRECTION('',(0.,0.,1.));
#946 = ADVANCED_FACE('',(#947,#965),#999,.T.);
#947 = FACE_BOUND('',#948,.T.);
#948 = EDGE_LOOP('',(#949,#950,#951,#959));
#949 = ORIENTED_EDGE('',*,*,#905,.F.);
#950 = ORIENTED_EDGE('',*,*,#928,.T.);
#951 = ORIENTED_EDGE('',*,*,#952,.T.);
#952 = EDGE_CURVE('',#929,#953,#955,.T.);
#953 = VERTEX_POINT('',#954);
#954 = CARTESIAN_POINT('',(-762.,6.477E+03,5.818971010432E+03));
#955 = LINE('',#956,#957);
#956 = CARTESIAN_POINT('',(-762.,6.3754E+03,5.818971010432E+03));
#957 = VECTOR('',#958,1.);
#958 = DIRECTION('',(0.,1.,0.));
#959 = ORIENTED_EDGE('',*,*,#960,.F.);
#960 = EDGE_CURVE('',#898,#953,#961,.T.);
#961 = LINE('',#962,#963);
#962 = CARTESIAN_POINT('',(-863.6,6.477E+03,5.818971010432E+03));
#963 = VECTOR('',#964,1.);
#964 = DIRECTION('',(1.,0.,0.));
#965 = FACE_BOUND('',#966,.T.);
#966 = EDGE_LOOP('',(#967,#977,#985,#993));
#967 = ORIENTED_EDGE('',*,*,#968,.T.);
#968 = EDGE_CURVE('',#969,#971,#973,.T.);
#969 = VERTEX_POINT('',#970);
#970 = CARTESIAN_POINT('',(-768.35,6.38175E+03,5.818971010432E+03));
#971 = VERTEX_POINT('',#972);
#972 = CARTESIAN_POINT('',(-857.25,6.38175E+03,5.818971010432E+03));
#973 = LINE('',#974,#975);
#974 = CARTESIAN_POINT('',(-860.425,6.38175E+03,5.818971010432E+03));
#975 = VECTOR('',#976,1.);
#976 = DIRECTION('',(-1.,0.,0.));
#977 = ORIENTED_EDGE('',*,*,#978,.T.);
#978 = EDGE_CURVE('',#971,#979,#981,.T.);
#979 = VERTEX_POINT('',#980);
#980 = CARTESIAN_POINT('',(-857.25,6.47065E+03,5.818971010432E+03));
#981 = LINE('',#982,#983);
#982 = CARTESIAN_POINT('',(-857.25,6.378575E+03,5.818971010432E+03));
#983 = VECTOR('',#984,1.);
#984 = DIRECTION('',(0.,1.,0.));
#985 = ORIENTED_EDGE('',*,*,#986,.F.);
#986 = EDGE_CURVE('',#987,#979,#989,.T.);
#987 = VERTEX_POINT('',#988);
#988 = CARTESIAN_POINT('',(-768.35,6.47065E+03,5.818971010432E+03));
#989 = LINE('',#990,#991);
#990 = CARTESIAN_POINT('',(-860.425,6.47065E+03,5.818971010432E+03));
#991 = VECTOR('',#992,1.);
#992 = DIRECTION('',(-1.,0.,0.));
#993 = ORIENTED_EDGE('',*,*,#994,.F.);
#994 = EDGE_CURVE('',#969,#987,#995,.T.);
#995 = LINE('',#996,#997);
#996 = CARTESIAN_POINT('',(-768.35,6.378575E+03,5.818971010432E+03));
#997 = VECTOR('',#998,1.);
#998 = DIRECTION('',(0.,1.,0.));
#999 = PLANE('',#1000);
#1000 = AXIS2_PLACEMENT_3D('',#1001,#1002,#1003);
#1001 = CARTESIAN_POINT('',(-863.6,6.3754E+03,5.818971010432E+03));
#1002 = DIRECTION('',(0.,0.,1.));
#1003 = DIRECTION('',(1.,0.,0.));
#1004 = ADVANCED_FACE('',(#1005),#1023,.T.);
#1005 = FACE_BOUND('',#1006,.T.);
#1006 = EDGE_LOOP('',(#1007,#1015,#1016,#1017));
#1007 = ORIENTED_EDGE('',*,*,#1008,.F.);
#1008 = EDGE_CURVE('',#890,#1009,#1011,.T.);
#1009 = VERTEX_POINT('',#1010);
#1010 = CARTESIAN_POINT('',(-762.,6.477E+03,0.));
#1011 = LINE('',#1012,#1013);
#1012 = CARTESIAN_POINT('',(-863.6,6.477E+03,0.));
#1013 = VECTOR('',#1014,1.);
#1014 = DIRECTION('',(1.,0.,0.));
#1015 = ORIENTED_EDGE('',*,*,#897,.T.);
#1016 = ORIENTED_EDGE('',*,*,#960,.T.);
#1017 = ORIENTED_EDGE('',*,*,#1018,.F.);
#1018 = EDGE_CURVE('',#1009,#953,#1019,.T.);
#1019 = LINE('',#1020,#1021);
#1020 = CARTESIAN_POINT('',(-762.,6.477E+03,0.));
#1021 = VECTOR('',#1022,1.);
#1022 = DIRECTION('',(0.,0.,1.));
#1023 = PLANE('',#1024);
#1024 = AXIS2_PLACEMENT_3D('',#1025,#1026,#1027);
#1025 = CARTESIAN_POINT('',(-863.6,6.477E+03,0.));
#1026 = DIRECTION('',(0.,1.,0.));
#1027 = DIRECTION('',(0.,0.,1.));
#1028 = ADVANCED_FACE('',(#1029,#1040),#1074,.F.);
#1029 = FACE_BOUND('',#1030,.F.);
#1030 = EDGE_LOOP('',(#1031,#1032,#1033,#1039));
#1031 = ORIENTED_EDGE('',*,*,#889,.F.);
#1032 = ORIENTED_EDGE('',*,*,#919,.T.);
#1033 = ORIENTED_EDGE('',*,*,#1034,.T.);
#1034 = EDGE_CURVE('',#920,#1009,#1035,.T.);
#1035 = LINE('',#1036,#1037);
#1036 = CARTESIAN_POINT('',(-762.,6.3754E+03,0.));
#1037 = VECTOR('',#1038,1.);
#1038 = DIRECTION('',(0.,1.,0.));
#1039 = ORIENTED_EDGE('',*,*,#1008,.F.);
#1040 = FACE_BOUND('',#1041,.F.);
#1041 = EDGE_LOOP('',(#1042,#1052,#1060,#1068));
#1042 = ORIENTED_EDGE('',*,*,#1043,.T.);
#1043 = EDGE_CURVE('',#1044,#1046,#1048,.T.);
#1044 = VERTEX_POINT('',#1045);
#1045 = CARTESIAN_POINT('',(-768.35,6.38175E+03,0.));
#1046 = VERTEX_POINT('',#1047);
#1047 = CARTESIAN_POINT('',(-857.25,6.38175E+03,0.));
#1048 = LINE('',#1049,#1050);
#1049 = CARTESIAN_POINT('',(-860.425,6.38175E+03,0.));
#1050 = VECTOR('',#1051,1.);
#1051 = DIRECTION('',(-1.,0.,0.));
#1052 = ORIENTED_EDGE('',*,*,#1053,.T.);
#1053 = EDGE_CURVE('',#1046,#1054,#1056,.T.);
#1054 = VERTEX_POINT('',#1055);
#1055 = CARTESIAN_POINT('',(-857.25,6.47065E+03,0.));
#1056 = LINE('',#1057,#1058);
#1057 = CARTESIAN_POINT('',(-857.25,6.378575E+03,0.));
#1058 = VECTOR('',#1059,1.);
#1059 = DIRECTION('',(0.,1.,0.));
#1060 = ORIENTED_EDGE('',*,*,#1061,.F.);
#1061 = EDGE_CURVE('',#1062,#1054,#1064,.T.);
#1062 = VERTEX_POINT('',#1063);
#1063 = CARTESIAN_POINT('',(-768.35,6.47065E+03,0.));
#1064 = LINE('',#1065,#1066);
#1065 = CARTESIAN_POINT('',(-860.425,6.47065E+03,0.));
#1066 = VECTOR('',#1067,1.);
#1067 = DIRECTION('',(-1.,0.,0.));
#1068 = ORIENTED_EDGE('',*,*,#1069,.F.);
#1069 = EDGE_CURVE('',#1044,#1062,#1070,.T.);
#1070 = LINE('',#1071,#1072);
#1071 = CARTESIAN_POINT('',(-768.35,6.378575E+03,0.));
#1072 = VECTOR('',#1073,1.);
#1073 = DIRECTION('',(0.,1.,0.));
#1074 = PLANE('',#1075);
#1075 = AXIS2_PLACEMENT_3D('',#1076,#1077,#1078);
#1076 = CARTESIAN_POINT('',(-863.6,6.3754E+03,0.));
#1077 = DIRECTION('',(0.,0.,1.));
#1078 = DIRECTION('',(1.,0.,0.));
#1079 = ADVANCED_FACE('',(#1080),#1086,.T.);
#1080 = FACE_BOUND('',#1081,.T.);
#1081 = EDGE_LOOP('',(#1082,#1083,#1084,#1085));
#1082 = ORIENTED_EDGE('',*,*,#936,.F.);
#1083 = ORIENTED_EDGE('',*,*,#1034,.T.);
#1084 = ORIENTED_EDGE('',*,*,#1018,.T.);
#1085 = ORIENTED_EDGE('',*,*,#952,.F.);
#1086 = PLANE('',#1087);
#1087 = AXIS2_PLACEMENT_3D('',#1088,#1089,#1090);
#1088 = CARTESIAN_POINT('',(-762.,6.3754E+03,0.));
#1089 = DIRECTION('',(1.,0.,0.));
#1090 = DIRECTION('',(0.,0.,1.));
#1091 = ADVANCED_FACE('',(#1092),#1108,.T.);
#1092 = FACE_BOUND('',#1093,.T.);
#1093 = EDGE_LOOP('',(#1094,#1100,#1101,#1107));
#1094 = ORIENTED_EDGE('',*,*,#1095,.F.);
#1095 = EDGE_CURVE('',#1044,#969,#1096,.T.);
#1096 = LINE('',#1097,#1098);
#1097 = CARTESIAN_POINT('',(-768.35,6.38175E+03,-1.));
#1098 = VECTOR('',#1099,1.);
#1099 = DIRECTION('',(0.,0.,1.));
#1100 = ORIENTED_EDGE('',*,*,#1043,.T.);
#1101 = ORIENTED_EDGE('',*,*,#1102,.T.);
#1102 = EDGE_CURVE('',#1046,#971,#1103,.T.);
#1103 = LINE('',#1104,#1105);
#1104 = CARTESIAN_POINT('',(-857.25,6.38175E+03,-1.));
#1105 = VECTOR('',#1106,1.);
#1106 = DIRECTION('',(0.,0.,1.));
#1107 = ORIENTED_EDGE('',*,*,#968,.F.);
#1108 = PLANE('',#1109);
#1109 = AXIS2_PLACEMENT_3D('',#1110,#1111,#1112);
#1110 = CARTESIAN_POINT('',(-857.25,6.38175E+03,-1.));
#1111 = DIRECTION('',(0.,1.,0.));
#1112 = DIRECTION('',(0.,0.,1.));
#1113 = ADVANCED_FACE('',(#1114),#1125,.F.);
#1114 = FACE_BOUND('',#1115,.F.);
#1115 = EDGE_LOOP('',(#1116,#1117,#1118,#1124));
#1116 = ORIENTED_EDGE('',*,*,#1095,.F.);
#1117 = ORIENTED_EDGE('',*,*,#1069,.T.);
#1118 = ORIENTED_EDGE('',*,*,#1119,.T.);
#1119 = EDGE_CURVE('',#1062,#987,#1120,.T.);
#1120 = LINE('',#1121,#1122);
#1121 = CARTESIAN_POINT('',(-768.35,6.47065E+03,-1.));
#1122 = VECTOR('',#1123,1.);
#1123 = DIRECTION('',(0.,0.,1.));
#1124 = ORIENTED_EDGE('',*,*,#994,.F.);
#1125 = PLANE('',#1126);
#1126 = AXIS2_PLACEMENT_3D('',#1127,#1128,#1129);
#1127 = CARTESIAN_POINT('',(-768.35,6.38175E+03,-1.));
#1128 = DIRECTION('',(1.,0.,0.));
#1129 = DIRECTION('',(0.,0.,1.));
#1130 = ADVANCED_FACE('',(#1131),#1142,.F.);
#1131 = FACE_BOUND('',#1132,.F.);
#1132 = EDGE_LOOP('',(#1133,#1134,#1135,#1141));
#1133 = ORIENTED_EDGE('',*,*,#1119,.F.);
#1134 = ORIENTED_EDGE('',*,*,#1061,.T.);
#1135 = ORIENTED_EDGE('',*,*,#1136,.T.);
#1136 = EDGE_CURVE('',#1054,#979,#1137,.T.);
#1137 = LINE('',#1138,#1139);
#1138 = CARTESIAN_POINT('',(-857.25,6.47065E+03,-1.));
#1139 = VECTOR('',#1140,1.);
#1140 = DIRECTION('',(0.,0.,1.));
#1141 = ORIENTED_EDGE('',*,*,#986,.F.);
#1142 = PLANE('',#1143);
#1143 = AXIS2_PLACEMENT_3D('',#1144,#1145,#1146);
#1144 = CARTESIAN_POINT('',(-857.25,6.47065E+03,-1.));
#1145 = DIRECTION('',(0.,1.,0.));
#1146 = DIRECTION('',(0.,0.,1.));
#1147 = ADVANCED_FACE('',(#1148),#1154,.T.);
#1148 = FACE_BOUND('',#1149,.T.);
#1149 = EDGE_LOOP('',(#1150,#1151,#1152,#1153));
#1150 = ORIENTED_EDGE('',*,*,#1102,.F.);
#1151 = ORIENTED_EDGE('',*,*,#1053,.T.);
#1152 = ORIENTED_EDGE('',*,*,#1136,.T.);
#1153 = ORIENTED_EDGE('',*,*,#978,.F.);
#1154 = PLANE('',#1155);
#1155 = AXIS2_PLACEMENT_3D('',#1156,#1157,#1158);
#1156 = CARTESIAN_POINT('',(-857.25,6.38175E+03,-1.));
#1157 = DIRECTION('',(1.,0.,0.));
#1158 = DIRECTION('',(0.,0.,1.));
#1159 = MANIFOLD_SOLID_BREP('',#1160);
#1160 = CLOSED_SHELL('',(#1161,#1201,#1232,#1290,#1314,#1365,#1377,#1399
    ,#1416,#1433));
#1161 = ADVANCED_FACE('',(#1162),#1196,.F.);
#1162 = FACE_BOUND('',#1163,.F.);
#1163 = EDGE_LOOP('',(#1164,#1174,#1182,#1190));
#1164 = ORIENTED_EDGE('',*,*,#1165,.F.);
#1165 = EDGE_CURVE('',#1166,#1168,#1170,.T.);
#1166 = VERTEX_POINT('',#1167);
#1167 = CARTESIAN_POINT('',(3.7211E+03,-1.651E+03,0.));
#1168 = VERTEX_POINT('',#1169);
#1169 = CARTESIAN_POINT('',(3.7211E+03,-1.651E+03,3.048E+03));
#1170 = LINE('',#1171,#1172);
#1171 = CARTESIAN_POINT('',(3.7211E+03,-1.651E+03,0.));
#1172 = VECTOR('',#1173,1.);
#1173 = DIRECTION('',(0.,0.,1.));
#1174 = ORIENTED_EDGE('',*,*,#1175,.T.);
#1175 = EDGE_CURVE('',#1166,#1176,#1178,.T.);
#1176 = VERTEX_POINT('',#1177);
#1177 = CARTESIAN_POINT('',(3.7211E+03,-1.5494E+03,0.));
#1178 = LINE('',#1179,#1180);
#1179 = CARTESIAN_POINT('',(3.7211E+03,-1.651E+03,0.));
#1180 = VECTOR('',#1181,1.);
#1181 = DIRECTION('',(0.,1.,0.));
#1182 = ORIENTED_EDGE('',*,*,#1183,.T.);
#1183 = EDGE_CURVE('',#1176,#1184,#1186,.T.);
#1184 = VERTEX_POINT('',#1185);
#1185 = CARTESIAN_POINT('',(3.7211E+03,-1.5494E+03,3.048E+03));
#1186 = LINE('',#1187,#1188);
#1187 = CARTESIAN_POINT('',(3.7211E+03,-1.5494E+03,0.));
#1188 = VECTOR('',#1189,1.);
#1189 = DIRECTION('',(0.,0.,1.));
#1190 = ORIENTED_EDGE('',*,*,#1191,.F.);
#1191 = EDGE_CURVE('',#1168,#1184,#1192,.T.);
#1192 = LINE('',#1193,#1194);
#1193 = CARTESIAN_POINT('',(3.7211E+03,-1.651E+03,3.048E+03));
#1194 = VECTOR('',#1195,1.);
#1195 = DIRECTION('',(0.,1.,0.));
#1196 = PLANE('',#1197);
#1197 = AXIS2_PLACEMENT_3D('',#1198,#1199,#1200);
#1198 = CARTESIAN_POINT('',(3.7211E+03,-1.651E+03,0.));
#1199 = DIRECTION('',(1.,0.,0.));
#1200 = DIRECTION('',(0.,0.,1.));
#1201 = ADVANCED_FACE('',(#1202),#1227,.F.);
#1202 = FACE_BOUND('',#1203,.F.);
#1203 = EDGE_LOOP('',(#1204,#1212,#1213,#1221));
#1204 = ORIENTED_EDGE('',*,*,#1205,.F.);
#1205 = EDGE_CURVE('',#1166,#1206,#1208,.T.);
#1206 = VERTEX_POINT('',#1207);
#1207 = CARTESIAN_POINT('',(3.8227E+03,-1.651E+03,0.));
#1208 = LINE('',#1209,#1210);
#1209 = CARTESIAN_POINT('',(3.7211E+03,-1.651E+03,0.));
#1210 = VECTOR('',#1211,1.);
#1211 = DIRECTION('',(1.,0.,0.));
#1212 = ORIENTED_EDGE('',*,*,#1165,.T.);
#1213 = ORIENTED_EDGE('',*,*,#1214,.T.);
#1214 = EDGE_CURVE('',#1168,#1215,#1217,.T.);
#1215 = VERTEX_POINT('',#1216);
#1216 = CARTESIAN_POINT('',(3.8227E+03,-1.651E+03,3.048E+03));
#1217 = LINE('',#1218,#1219);
#1218 = CARTESIAN_POINT('',(3.7211E+03,-1.651E+03,3.048E+03));
#1219 = VECTOR('',#1220,1.);
#1220 = DIRECTION('',(1.,0.,0.));
#1221 = ORIENTED_EDGE('',*,*,#1222,.F.);
#1222 = EDGE_CURVE('',#1206,#1215,#1223,.T.);
#1223 = LINE('',#1224,#1225);
#1224 = CARTESIAN_POINT('',(3.8227E+03,-1.651E+03,0.));
#1225 = VECTOR('',#1226,1.);
#1226 = DIRECTION('',(0.,0.,1.));
#1227 = PLANE('',#1228);
#1228 = AXIS2_PLACEMENT_3D('',#1229,#1230,#1231);
#1229 = CARTESIAN_POINT('',(3.7211E+03,-1.651E+03,0.));
#1230 = DIRECTION('',(0.,1.,0.));
#1231 = DIRECTION('',(0.,0.,1.));
#1232 = ADVANCED_FACE('',(#1233,#1251),#1285,.T.);
#1233 = FACE_BOUND('',#1234,.T.);
#1234 = EDGE_LOOP('',(#1235,#1236,#1237,#1245));
#1235 = ORIENTED_EDGE('',*,*,#1191,.F.);
#1236 = ORIENTED_EDGE('',*,*,#1214,.T.);
#1237 = ORIENTED_EDGE('',*,*,#1238,.T.);
#1238 = EDGE_CURVE('',#1215,#1239,#1241,.T.);
#1239 = VERTEX_POINT('',#1240);
#1240 = CARTESIAN_POINT('',(3.8227E+03,-1.5494E+03,3.048E+03));
#1241 = LINE('',#1242,#1243);
#1242 = CARTESIAN_POINT('',(3.8227E+03,-1.651E+03,3.048E+03));
#1243 = VECTOR('',#1244,1.);
#1244 = DIRECTION('',(0.,1.,0.));
#1245 = ORIENTED_EDGE('',*,*,#1246,.F.);
#1246 = EDGE_CURVE('',#1184,#1239,#1247,.T.);
#1247 = LINE('',#1248,#1249);
#1248 = CARTESIAN_POINT('',(3.7211E+03,-1.5494E+03,3.048E+03));
#1249 = VECTOR('',#1250,1.);
#1250 = DIRECTION('',(1.,0.,0.));
#1251 = FACE_BOUND('',#1252,.T.);
#1252 = EDGE_LOOP('',(#1253,#1263,#1271,#1279));
#1253 = ORIENTED_EDGE('',*,*,#1254,.T.);
#1254 = EDGE_CURVE('',#1255,#1257,#1259,.T.);
#1255 = VERTEX_POINT('',#1256);
#1256 = CARTESIAN_POINT('',(3.81635E+03,-1.64465E+03,3.048E+03));
#1257 = VERTEX_POINT('',#1258);
#1258 = CARTESIAN_POINT('',(3.72745E+03,-1.64465E+03,3.048E+03));
#1259 = LINE('',#1260,#1261);
#1260 = CARTESIAN_POINT('',(3.724275E+03,-1.64465E+03,3.048E+03));
#1261 = VECTOR('',#1262,1.);
#1262 = DIRECTION('',(-1.,0.,0.));
#1263 = ORIENTED_EDGE('',*,*,#1264,.T.);
#1264 = EDGE_CURVE('',#1257,#1265,#1267,.T.);
#1265 = VERTEX_POINT('',#1266);
#1266 = CARTESIAN_POINT('',(3.72745E+03,-1.55575E+03,3.048E+03));
#1267 = LINE('',#1268,#1269);
#1268 = CARTESIAN_POINT('',(3.72745E+03,-1.647825E+03,3.048E+03));
#1269 = VECTOR('',#1270,1.);
#1270 = DIRECTION('',(0.,1.,0.));
#1271 = ORIENTED_EDGE('',*,*,#1272,.F.);
#1272 = EDGE_CURVE('',#1273,#1265,#1275,.T.);
#1273 = VERTEX_POINT('',#1274);
#1274 = CARTESIAN_POINT('',(3.81635E+03,-1.55575E+03,3.048E+03));
#1275 = LINE('',#1276,#1277);
#1276 = CARTESIAN_POINT('',(3.724275E+03,-1.55575E+03,3.048E+03));
#1277 = VECTOR('',#1278,1.);
#1278 = DIRECTION('',(-1.,0.,0.));
#1279 = ORIENTED_EDGE('',*,*,#1280,.F.);
#1280 = EDGE_CURVE('',#1255,#1273,#1281,.T.);
#1281 = LINE('',#1282,#1283);
#1282 = CARTESIAN_POINT('',(3.81635E+03,-1.647825E+03,3.048E+03));
#1283 = VECTOR('',#1284,1.);
#1284 = DIRECTION('',(0.,1.,0.));
#1285 = PLANE('',#1286);
#1286 = AXIS2_PLACEMENT_3D('',#1287,#1288,#1289);
#1287 = CARTESIAN_POINT('',(3.7211E+03,-1.651E+03,3.048E+03));
#1288 = DIRECTION('',(0.,0.,1.));
#1289 = DIRECTION('',(1.,0.,0.));
#1290 = ADVANCED_FACE('',(#1291),#1309,.T.);
#1291 = FACE_BOUND('',#1292,.T.);
#1292 = EDGE_LOOP('',(#1293,#1301,#1302,#1303));
#1293 = ORIENTED_EDGE('',*,*,#1294,.F.);
#1294 = EDGE_CURVE('',#1176,#1295,#1297,.T.);
#1295 = VERTEX_POINT('',#1296);
#1296 = CARTESIAN_POINT('',(3.8227E+03,-1.5494E+03,0.));
#1297 = LINE('',#1298,#1299);
#1298 = CARTESIAN_POINT('',(3.7211E+03,-1.5494E+03,0.));
#1299 = VECTOR('',#1300,1.);
#1300 = DIRECTION('',(1.,0.,0.));
#1301 = ORIENTED_EDGE('',*,*,#1183,.T.);
#1302 = ORIENTED_EDGE('',*,*,#1246,.T.);
#1303 = ORIENTED_EDGE('',*,*,#1304,.F.);
#1304 = EDGE_CURVE('',#1295,#1239,#1305,.T.);
#1305 = LINE('',#1306,#1307);
#1306 = CARTESIAN_POINT('',(3.8227E+03,-1.5494E+03,0.));
#1307 = VECTOR('',#1308,1.);
#1308 = DIRECTION('',(0.,0.,1.));
#1309 = PLANE('',#1310);
#1310 = AXIS2_PLACEMENT_3D('',#1311,#1312,#1313);
#1311 = CARTESIAN_POINT('',(3.7211E+03,-1.5494E+03,0.));
#1312 = DIRECTION('',(0.,1.,0.));
#1313 = DIRECTION('',(0.,0.,1.));
#1314 = ADVANCED_FACE('',(#1315,#1326),#1360,.F.);
#1315 = FACE_BOUND('',#1316,.F.);
#1316 = EDGE_LOOP('',(#1317,#1318,#1319,#1325));
#1317 = ORIENTED_EDGE('',*,*,#1175,.F.);
#1318 = ORIENTED_EDGE('',*,*,#1205,.T.);
#1319 = ORIENTED_EDGE('',*,*,#1320,.T.);
#1320 = EDGE_CURVE('',#1206,#1295,#1321,.T.);
#1321 = LINE('',#1322,#1323);
#1322 = CARTESIAN_POINT('',(3.8227E+03,-1.651E+03,0.));
#1323 = VECTOR('',#1324,1.);
#1324 = DIRECTION('',(0.,1.,0.));
#1325 = ORIENTED_EDGE('',*,*,#1294,.F.);
#1326 = FACE_BOUND('',#1327,.F.);
#1327 = EDGE_LOOP('',(#1328,#1338,#1346,#1354));
#1328 = ORIENTED_EDGE('',*,*,#1329,.T.);
#1329 = EDGE_CURVE('',#1330,#1332,#1334,.T.);
#1330 = VERTEX_POINT('',#1331);
#1331 = CARTESIAN_POINT('',(3.81635E+03,-1.64465E+03,0.));
#1332 = VERTEX_POINT('',#1333);
#1333 = CARTESIAN_POINT('',(3.72745E+03,-1.64465E+03,0.));
#1334 = LINE('',#1335,#1336);
#1335 = CARTESIAN_POINT('',(3.724275E+03,-1.64465E+03,0.));
#1336 = VECTOR('',#1337,1.);
#1337 = DIRECTION('',(-1.,0.,0.));
#1338 = ORIENTED_EDGE('',*,*,#1339,.T.);
#1339 = EDGE_CURVE('',#1332,#1340,#1342,.T.);
#1340 = VERTEX_POINT('',#1341);
#1341 = CARTESIAN_POINT('',(3.72745E+03,-1.55575E+03,0.));
#1342 = LINE('',#1343,#1344);
#1343 = CARTESIAN_POINT('',(3.72745E+03,-1.647825E+03,0.));
#1344 = VECTOR('',#1345,1.);
#1345 = DIRECTION('',(0.,1.,0.));
#1346 = ORIENTED_EDGE('',*,*,#1347,.F.);
#1347 = EDGE_CURVE('',#1348,#1340,#1350,.T.);
#1348 = VERTEX_POINT('',#1349);
#1349 = CARTESIAN_POINT('',(3.81635E+03,-1.55575E+03,0.));
#1350 = LINE('',#1351,#1352);
#1351 = CARTESIAN_POINT('',(3.724275E+03,-1.55575E+03,0.));
#1352 = VECTOR('',#1353,1.);
#1353 = DIRECTION('',(-1.,0.,0.));
#1354 = ORIENTED_EDGE('',*,*,#1355,.F.);
#1355 = EDGE_CURVE('',#1330,#1348,#1356,.T.);
#1356 = LINE('',#1357,#1358);
#1357 = CARTESIAN_POINT('',(3.81635E+03,-1.647825E+03,0.));
#1358 = VECTOR('',#1359,1.);
#1359 = DIRECTION('',(0.,1.,0.));
#1360 = PLANE('',#1361);
#1361 = AXIS2_PLACEMENT_3D('',#1362,#1363,#1364);
#1362 = CARTESIAN_POINT('',(3.7211E+03,-1.651E+03,0.));
#1363 = DIRECTION('',(0.,0.,1.));
#1364 = DIRECTION('',(1.,0.,0.));
#1365 = ADVANCED_FACE('',(#1366),#1372,.T.);
#1366 = FACE_BOUND('',#1367,.T.);
#1367 = EDGE_LOOP('',(#1368,#1369,#1370,#1371));
#1368 = ORIENTED_EDGE('',*,*,#1222,.F.);
#1369 = ORIENTED_EDGE('',*,*,#1320,.T.);
#1370 = ORIENTED_EDGE('',*,*,#1304,.T.);
#1371 = ORIENTED_EDGE('',*,*,#1238,.F.);
#1372 = PLANE('',#1373);
#1373 = AXIS2_PLACEMENT_3D('',#1374,#1375,#1376);
#1374 = CARTESIAN_POINT('',(3.8227E+03,-1.651E+03,0.));
#1375 = DIRECTION('',(1.,0.,0.));
#1376 = DIRECTION('',(0.,0.,1.));
#1377 = ADVANCED_FACE('',(#1378),#1394,.T.);
#1378 = FACE_BOUND('',#1379,.T.);
#1379 = EDGE_LOOP('',(#1380,#1386,#1387,#1393));
#1380 = ORIENTED_EDGE('',*,*,#1381,.F.);
#1381 = EDGE_CURVE('',#1330,#1255,#1382,.T.);
#1382 = LINE('',#1383,#1384);
#1383 = CARTESIAN_POINT('',(3.81635E+03,-1.64465E+03,-1.));
#1384 = VECTOR('',#1385,1.);
#1385 = DIRECTION('',(0.,0.,1.));
#1386 = ORIENTED_EDGE('',*,*,#1329,.T.);
#1387 = ORIENTED_EDGE('',*,*,#1388,.T.);
#1388 = EDGE_CURVE('',#1332,#1257,#1389,.T.);
#1389 = LINE('',#1390,#1391);
#1390 = CARTESIAN_POINT('',(3.72745E+03,-1.64465E+03,-1.));
#1391 = VECTOR('',#1392,1.);
#1392 = DIRECTION('',(0.,0.,1.));
#1393 = ORIENTED_EDGE('',*,*,#1254,.F.);
#1394 = PLANE('',#1395);
#1395 = AXIS2_PLACEMENT_3D('',#1396,#1397,#1398);
#1396 = CARTESIAN_POINT('',(3.72745E+03,-1.64465E+03,-1.));
#1397 = DIRECTION('',(0.,1.,0.));
#1398 = DIRECTION('',(0.,0.,1.));
#1399 = ADVANCED_FACE('',(#1400),#1411,.F.);
#1400 = FACE_BOUND('',#1401,.F.);
#1401 = EDGE_LOOP('',(#1402,#1403,#1404,#1410));
#1402 = ORIENTED_EDGE('',*,*,#1381,.F.);
#1403 = ORIENTED_EDGE('',*,*,#1355,.T.);
#1404 = ORIENTED_EDGE('',*,*,#1405,.T.);
#1405 = EDGE_CURVE('',#1348,#1273,#1406,.T.);
#1406 = LINE('',#1407,#1408);
#1407 = CARTESIAN_POINT('',(3.81635E+03,-1.55575E+03,-1.));
#1408 = VECTOR('',#1409,1.);
#1409 = DIRECTION('',(0.,0.,1.));
#1410 = ORIENTED_EDGE('',*,*,#1280,.F.);
#1411 = PLANE('',#1412);
#1412 = AXIS2_PLACEMENT_3D('',#1413,#1414,#1415);
#1413 = CARTESIAN_POINT('',(3.81635E+03,-1.64465E+03,-1.));
#1414 = DIRECTION('',(1.,0.,0.));
#1415 = DIRECTION('',(0.,0.,1.));
#1416 = ADVANCED_FACE('',(#1417),#1428,.F.);
#1417 = FACE_BOUND('',#1418,.F.);
#1418 = EDGE_LOOP('',(#1419,#1420,#1421,#1427));
#1419 = ORIENTED_EDGE('',*,*,#1405,.F.);
#1420 = ORIENTED_EDGE('',*,*,#1347,.T.);
#1421 = ORIENTED_EDGE('',*,*,#1422,.T.);
#1422 = EDGE_CURVE('',#1340,#1265,#1423,.T.);
#1423 = LINE('',#1424,#1425);
#1424 = CARTESIAN_POINT('',(3.72745E+03,-1.55575E+03,-1.));
#1425 = VECTOR('',#1426,1.);
#1426 = DIRECTION('',(0.,0.,1.));
#1427 = ORIENTED_EDGE('',*,*,#1272,.F.);
#1428 = PLANE('',#1429);
#1429 = AXIS2_PLACEMENT_3D('',#1430,#1431,#1432);
#1430 = CARTESIAN_POINT('',(3.72745E+03,-1.55575E+03,-1.));
#1431 = DIRECTION('',(0.,1.,0.));
#1432 = DIRECTION('',(0.,0.,1.));
#1433 = ADVANCED_FACE('',(#1434),#1440,.T.);
#1434 = FACE_BOUND('',#1435,.T.);
#1435 = EDGE_LOOP('',(#1436,#1437,#1438,#1439));
#1436 = ORIENTED_EDGE('',*,*,#1388,.F.);
#1437 = ORIENTED_EDGE('',*,*,#1339,.T.);
#1438 = ORIENTED_EDGE('',*,*,#1422,.T.);
#1439 = ORIENTED_EDGE('',*,*,#1264,.F.);
#1440 = PLANE('',#1441);
#1441 = AXIS2_PLACEMENT_3D('',#1442,#1443,#1444);
#1442 = CARTESIAN_POINT('',(3.72745E+03,-1.64465E+03,-1.));
#1443 = DIRECTION('',(1.,0.,0.));
#1444 = DIRECTION('',(0.,0.,1.));
#1445 = MANIFOLD_SOLID_BREP('',#1446);
#1446 = CLOSED_SHELL('',(#1447,#1487,#1518,#1576,#1600,#1651,#1663,#1685
    ,#1702,#1719));
#1447 = ADVANCED_FACE('',(#1448),#1482,.F.);
#1448 = FACE_BOUND('',#1449,.F.);
#1449 = EDGE_LOOP('',(#1450,#1460,#1468,#1476));
#1450 = ORIENTED_EDGE('',*,*,#1451,.F.);
#1451 = EDGE_CURVE('',#1452,#1454,#1456,.T.);
#1452 = VERTEX_POINT('',#1453);
#1453 = CARTESIAN_POINT('',(5.64515E+03,-1.651E+03,0.));
#1454 = VERTEX_POINT('',#1455);
#1455 = CARTESIAN_POINT('',(5.64515E+03,-1.651E+03,3.048E+03));
#1456 = LINE('',#1457,#1458);
#1457 = CARTESIAN_POINT('',(5.64515E+03,-1.651E+03,0.));
#1458 = VECTOR('',#1459,1.);
#1459 = DIRECTION('',(0.,0.,1.));
#1460 = ORIENTED_EDGE('',*,*,#1461,.T.);
#1461 = EDGE_CURVE('',#1452,#1462,#1464,.T.);
#1462 = VERTEX_POINT('',#1463);
#1463 = CARTESIAN_POINT('',(5.64515E+03,-1.5494E+03,0.));
#1464 = LINE('',#1465,#1466);
#1465 = CARTESIAN_POINT('',(5.64515E+03,-1.651E+03,0.));
#1466 = VECTOR('',#1467,1.);
#1467 = DIRECTION('',(0.,1.,0.));
#1468 = ORIENTED_EDGE('',*,*,#1469,.T.);
#1469 = EDGE_CURVE('',#1462,#1470,#1472,.T.);
#1470 = VERTEX_POINT('',#1471);
#1471 = CARTESIAN_POINT('',(5.64515E+03,-1.5494E+03,3.048E+03));
#1472 = LINE('',#1473,#1474);
#1473 = CARTESIAN_POINT('',(5.64515E+03,-1.5494E+03,0.));
#1474 = VECTOR('',#1475,1.);
#1475 = DIRECTION('',(0.,0.,1.));
#1476 = ORIENTED_EDGE('',*,*,#1477,.F.);
#1477 = EDGE_CURVE('',#1454,#1470,#1478,.T.);
#1478 = LINE('',#1479,#1480);
#1479 = CARTESIAN_POINT('',(5.64515E+03,-1.651E+03,3.048E+03));
#1480 = VECTOR('',#1481,1.);
#1481 = DIRECTION('',(0.,1.,0.));
#1482 = PLANE('',#1483);
#1483 = AXIS2_PLACEMENT_3D('',#1484,#1485,#1486);
#1484 = CARTESIAN_POINT('',(5.64515E+03,-1.651E+03,0.));
#1485 = DIRECTION('',(1.,0.,0.));
#1486 = DIRECTION('',(0.,0.,1.));
#1487 = ADVANCED_FACE('',(#1488),#1513,.F.);
#1488 = FACE_BOUND('',#1489,.F.);
#1489 = EDGE_LOOP('',(#1490,#1498,#1499,#1507));
#1490 = ORIENTED_EDGE('',*,*,#1491,.F.);
#1491 = EDGE_CURVE('',#1452,#1492,#1494,.T.);
#1492 = VERTEX_POINT('',#1493);
#1493 = CARTESIAN_POINT('',(5.74675E+03,-1.651E+03,0.));
#1494 = LINE('',#1495,#1496);
#1495 = CARTESIAN_POINT('',(5.64515E+03,-1.651E+03,0.));
#1496 = VECTOR('',#1497,1.);
#1497 = DIRECTION('',(1.,0.,0.));
#1498 = ORIENTED_EDGE('',*,*,#1451,.T.);
#1499 = ORIENTED_EDGE('',*,*,#1500,.T.);
#1500 = EDGE_CURVE('',#1454,#1501,#1503,.T.);
#1501 = VERTEX_POINT('',#1502);
#1502 = CARTESIAN_POINT('',(5.74675E+03,-1.651E+03,3.048E+03));
#1503 = LINE('',#1504,#1505);
#1504 = CARTESIAN_POINT('',(5.64515E+03,-1.651E+03,3.048E+03));
#1505 = VECTOR('',#1506,1.);
#1506 = DIRECTION('',(1.,0.,0.));
#1507 = ORIENTED_EDGE('',*,*,#1508,.F.);
#1508 = EDGE_CURVE('',#1492,#1501,#1509,.T.);
#1509 = LINE('',#1510,#1511);
#1510 = CARTESIAN_POINT('',(5.74675E+03,-1.651E+03,0.));
#1511 = VECTOR('',#1512,1.);
#1512 = DIRECTION('',(0.,0.,1.));
#1513 = PLANE('',#1514);
#1514 = AXIS2_PLACEMENT_3D('',#1515,#1516,#1517);
#1515 = CARTESIAN_POINT('',(5.64515E+03,-1.651E+03,0.));
#1516 = DIRECTION('',(0.,1.,0.));
#1517 = DIRECTION('',(0.,0.,1.));
#1518 = ADVANCED_FACE('',(#1519,#1537),#1571,.T.);
#1519 = FACE_BOUND('',#1520,.T.);
#1520 = EDGE_LOOP('',(#1521,#1522,#1523,#1531));
#1521 = ORIENTED_EDGE('',*,*,#1477,.F.);
#1522 = ORIENTED_EDGE('',*,*,#1500,.T.);
#1523 = ORIENTED_EDGE('',*,*,#1524,.T.);
#1524 = EDGE_CURVE('',#1501,#1525,#1527,.T.);
#1525 = VERTEX_POINT('',#1526);
#1526 = CARTESIAN_POINT('',(5.74675E+03,-1.5494E+03,3.048E+03));
#1527 = LINE('',#1528,#1529);
#1528 = CARTESIAN_POINT('',(5.74675E+03,-1.651E+03,3.048E+03));
#1529 = VECTOR('',#1530,1.);
#1530 = DIRECTION('',(0.,1.,0.));
#1531 = ORIENTED_EDGE('',*,*,#1532,.F.);
#1532 = EDGE_CURVE('',#1470,#1525,#1533,.T.);
#1533 = LINE('',#1534,#1535);
#1534 = CARTESIAN_POINT('',(5.64515E+03,-1.5494E+03,3.048E+03));
#1535 = VECTOR('',#1536,1.);
#1536 = DIRECTION('',(1.,0.,0.));
#1537 = FACE_BOUND('',#1538,.T.);
#1538 = EDGE_LOOP('',(#1539,#1549,#1557,#1565));
#1539 = ORIENTED_EDGE('',*,*,#1540,.T.);
#1540 = EDGE_CURVE('',#1541,#1543,#1545,.T.);
#1541 = VERTEX_POINT('',#1542);
#1542 = CARTESIAN_POINT('',(5.7404E+03,-1.64465E+03,3.048E+03));
#1543 = VERTEX_POINT('',#1544);
#1544 = CARTESIAN_POINT('',(5.6515E+03,-1.64465E+03,3.048E+03));
#1545 = LINE('',#1546,#1547);
#1546 = CARTESIAN_POINT('',(5.648325E+03,-1.64465E+03,3.048E+03));
#1547 = VECTOR('',#1548,1.);
#1548 = DIRECTION('',(-1.,0.,0.));
#1549 = ORIENTED_EDGE('',*,*,#1550,.T.);
#1550 = EDGE_CURVE('',#1543,#1551,#1553,.T.);
#1551 = VERTEX_POINT('',#1552);
#1552 = CARTESIAN_POINT('',(5.6515E+03,-1.55575E+03,3.048E+03));
#1553 = LINE('',#1554,#1555);
#1554 = CARTESIAN_POINT('',(5.6515E+03,-1.647825E+03,3.048E+03));
#1555 = VECTOR('',#1556,1.);
#1556 = DIRECTION('',(0.,1.,0.));
#1557 = ORIENTED_EDGE('',*,*,#1558,.F.);
#1558 = EDGE_CURVE('',#1559,#1551,#1561,.T.);
#1559 = VERTEX_POINT('',#1560);
#1560 = CARTESIAN_POINT('',(5.7404E+03,-1.55575E+03,3.048E+03));
#1561 = LINE('',#1562,#1563);
#1562 = CARTESIAN_POINT('',(5.648325E+03,-1.55575E+03,3.048E+03));
#1563 = VECTOR('',#1564,1.);
#1564 = DIRECTION('',(-1.,0.,0.));
#1565 = ORIENTED_EDGE('',*,*,#1566,.F.);
#1566 = EDGE_CURVE('',#1541,#1559,#1567,.T.);
#1567 = LINE('',#1568,#1569);
#1568 = CARTESIAN_POINT('',(5.7404E+03,-1.647825E+03,3.048E+03));
#1569 = VECTOR('',#1570,1.);
#1570 = DIRECTION('',(0.,1.,0.));
#1571 = PLANE('',#1572);
#1572 = AXIS2_PLACEMENT_3D('',#1573,#1574,#1575);
#1573 = CARTESIAN_POINT('',(5.64515E+03,-1.651E+03,3.048E+03));
#1574 = DIRECTION('',(0.,0.,1.));
#1575 = DIRECTION('',(1.,0.,0.));
#1576 = ADVANCED_FACE('',(#1577),#1595,.T.);
#1577 = FACE_BOUND('',#1578,.T.);
#1578 = EDGE_LOOP('',(#1579,#1587,#1588,#1589));
#1579 = ORIENTED_EDGE('',*,*,#1580,.F.);
#1580 = EDGE_CURVE('',#1462,#1581,#1583,.T.);
#1581 = VERTEX_POINT('',#1582);
#1582 = CARTESIAN_POINT('',(5.74675E+03,-1.5494E+03,0.));
#1583 = LINE('',#1584,#1585);
#1584 = CARTESIAN_POINT('',(5.64515E+03,-1.5494E+03,0.));
#1585 = VECTOR('',#1586,1.);
#1586 = DIRECTION('',(1.,0.,0.));
#1587 = ORIENTED_EDGE('',*,*,#1469,.T.);
#1588 = ORIENTED_EDGE('',*,*,#1532,.T.);
#1589 = ORIENTED_EDGE('',*,*,#1590,.F.);
#1590 = EDGE_CURVE('',#1581,#1525,#1591,.T.);
#1591 = LINE('',#1592,#1593);
#1592 = CARTESIAN_POINT('',(5.74675E+03,-1.5494E+03,0.));
#1593 = VECTOR('',#1594,1.);
#1594 = DIRECTION('',(0.,0.,1.));
#1595 = PLANE('',#1596);
#1596 = AXIS2_PLACEMENT_3D('',#1597,#1598,#1599);
#1597 = CARTESIAN_POINT('',(5.64515E+03,-1.5494E+03,0.));
#1598 = DIRECTION('',(0.,1.,0.));
#1599 = DIRECTION('',(0.,0.,1.));
#1600 = ADVANCED_FACE('',(#1601,#1612),#1646,.F.);
#1601 = FACE_BOUND('',#1602,.F.);
#1602 = EDGE_LOOP('',(#1603,#1604,#1605,#1611));
#1603 = ORIENTED_EDGE('',*,*,#1461,.F.);
#1604 = ORIENTED_EDGE('',*,*,#1491,.T.);
#1605 = ORIENTED_EDGE('',*,*,#1606,.T.);
#1606 = EDGE_CURVE('',#1492,#1581,#1607,.T.);
#1607 = LINE('',#1608,#1609);
#1608 = CARTESIAN_POINT('',(5.74675E+03,-1.651E+03,0.));
#1609 = VECTOR('',#1610,1.);
#1610 = DIRECTION('',(0.,1.,0.));
#1611 = ORIENTED_EDGE('',*,*,#1580,.F.);
#1612 = FACE_BOUND('',#1613,.F.);
#1613 = EDGE_LOOP('',(#1614,#1624,#1632,#1640));
#1614 = ORIENTED_EDGE('',*,*,#1615,.T.);
#1615 = EDGE_CURVE('',#1616,#1618,#1620,.T.);
#1616 = VERTEX_POINT('',#1617);
#1617 = CARTESIAN_POINT('',(5.7404E+03,-1.64465E+03,0.));
#1618 = VERTEX_POINT('',#1619);
#1619 = CARTESIAN_POINT('',(5.6515E+03,-1.64465E+03,0.));
#1620 = LINE('',#1621,#1622);
#1621 = CARTESIAN_POINT('',(5.648325E+03,-1.64465E+03,0.));
#1622 = VECTOR('',#1623,1.);
#1623 = DIRECTION('',(-1.,0.,0.));
#1624 = ORIENTED_EDGE('',*,*,#1625,.T.);
#1625 = EDGE_CURVE('',#1618,#1626,#1628,.T.);
#1626 = VERTEX_POINT('',#1627);
#1627 = CARTESIAN_POINT('',(5.6515E+03,-1.55575E+03,0.));
#1628 = LINE('',#1629,#1630);
#1629 = CARTESIAN_POINT('',(5.6515E+03,-1.647825E+03,0.));
#1630 = VECTOR('',#1631,1.);
#1631 = DIRECTION('',(0.,1.,0.));
#1632 = ORIENTED_EDGE('',*,*,#1633,.F.);
#1633 = EDGE_CURVE('',#1634,#1626,#1636,.T.);
#1634 = VERTEX_POINT('',#1635);
#1635 = CARTESIAN_POINT('',(5.7404E+03,-1.55575E+03,0.));
#1636 = LINE('',#1637,#1638);
#1637 = CARTESIAN_POINT('',(5.648325E+03,-1.55575E+03,0.));
#1638 = VECTOR('',#1639,1.);
#1639 = DIRECTION('',(-1.,0.,0.));
#1640 = ORIENTED_EDGE('',*,*,#1641,.F.);
#1641 = EDGE_CURVE('',#1616,#1634,#1642,.T.);
#1642 = LINE('',#1643,#1644);
#1643 = CARTESIAN_POINT('',(5.7404E+03,-1.647825E+03,0.));
#1644 = VECTOR('',#1645,1.);
#1645 = DIRECTION('',(0.,1.,0.));
#1646 = PLANE('',#1647);
#1647 = AXIS2_PLACEMENT_3D('',#1648,#1649,#1650);
#1648 = CARTESIAN_POINT('',(5.64515E+03,-1.651E+03,0.));
#1649 = DIRECTION('',(0.,0.,1.));
#1650 = DIRECTION('',(1.,0.,0.));
#1651 = ADVANCED_FACE('',(#1652),#1658,.T.);
#1652 = FACE_BOUND('',#1653,.T.);
#1653 = EDGE_LOOP('',(#1654,#1655,#1656,#1657));
#1654 = ORIENTED_EDGE('',*,*,#1508,.F.);
#1655 = ORIENTED_EDGE('',*,*,#1606,.T.);
#1656 = ORIENTED_EDGE('',*,*,#1590,.T.);
#1657 = ORIENTED_EDGE('',*,*,#1524,.F.);
#1658 = PLANE('',#1659);
#1659 = AXIS2_PLACEMENT_3D('',#1660,#1661,#1662);
#1660 = CARTESIAN_POINT('',(5.74675E+03,-1.651E+03,0.));
#1661 = DIRECTION('',(1.,0.,0.));
#1662 = DIRECTION('',(0.,0.,1.));
#1663 = ADVANCED_FACE('',(#1664),#1680,.T.);
#1664 = FACE_BOUND('',#1665,.T.);
#1665 = EDGE_LOOP('',(#1666,#1672,#1673,#1679));
#1666 = ORIENTED_EDGE('',*,*,#1667,.F.);
#1667 = EDGE_CURVE('',#1616,#1541,#1668,.T.);
#1668 = LINE('',#1669,#1670);
#1669 = CARTESIAN_POINT('',(5.7404E+03,-1.64465E+03,-1.));
#1670 = VECTOR('',#1671,1.);
#1671 = DIRECTION('',(0.,0.,1.));
#1672 = ORIENTED_EDGE('',*,*,#1615,.T.);
#1673 = ORIENTED_EDGE('',*,*,#1674,.T.);
#1674 = EDGE_CURVE('',#1618,#1543,#1675,.T.);
#1675 = LINE('',#1676,#1677);
#1676 = CARTESIAN_POINT('',(5.6515E+03,-1.64465E+03,-1.));
#1677 = VECTOR('',#1678,1.);
#1678 = DIRECTION('',(0.,0.,1.));
#1679 = ORIENTED_EDGE('',*,*,#1540,.F.);
#1680 = PLANE('',#1681);
#1681 = AXIS2_PLACEMENT_3D('',#1682,#1683,#1684);
#1682 = CARTESIAN_POINT('',(5.6515E+03,-1.64465E+03,-1.));
#1683 = DIRECTION('',(0.,1.,0.));
#1684 = DIRECTION('',(0.,0.,1.));
#1685 = ADVANCED_FACE('',(#1686),#1697,.F.);
#1686 = FACE_BOUND('',#1687,.F.);
#1687 = EDGE_LOOP('',(#1688,#1689,#1690,#1696));
#1688 = ORIENTED_EDGE('',*,*,#1667,.F.);
#1689 = ORIENTED_EDGE('',*,*,#1641,.T.);
#1690 = ORIENTED_EDGE('',*,*,#1691,.T.);
#1691 = EDGE_CURVE('',#1634,#1559,#1692,.T.);
#1692 = LINE('',#1693,#1694);
#1693 = CARTESIAN_POINT('',(5.7404E+03,-1.55575E+03,-1.));
#1694 = VECTOR('',#1695,1.);
#1695 = DIRECTION('',(0.,0.,1.));
#1696 = ORIENTED_EDGE('',*,*,#1566,.F.);
#1697 = PLANE('',#1698);
#1698 = AXIS2_PLACEMENT_3D('',#1699,#1700,#1701);
#1699 = CARTESIAN_POINT('',(5.7404E+03,-1.64465E+03,-1.));
#1700 = DIRECTION('',(1.,0.,0.));
#1701 = DIRECTION('',(0.,0.,1.));
#1702 = ADVANCED_FACE('',(#1703),#1714,.F.);
#1703 = FACE_BOUND('',#1704,.F.);
#1704 = EDGE_LOOP('',(#1705,#1706,#1707,#1713));
#1705 = ORIENTED_EDGE('',*,*,#1691,.F.);
#1706 = ORIENTED_EDGE('',*,*,#1633,.T.);
#1707 = ORIENTED_EDGE('',*,*,#1708,.T.);
#1708 = EDGE_CURVE('',#1626,#1551,#1709,.T.);
#1709 = LINE('',#1710,#1711);
#1710 = CARTESIAN_POINT('',(5.6515E+03,-1.55575E+03,-1.));
#1711 = VECTOR('',#1712,1.);
#1712 = DIRECTION('',(0.,0.,1.));
#1713 = ORIENTED_EDGE('',*,*,#1558,.F.);
#1714 = PLANE('',#1715);
#1715 = AXIS2_PLACEMENT_3D('',#1716,#1717,#1718);
#1716 = CARTESIAN_POINT('',(5.6515E+03,-1.55575E+03,-1.));
#1717 = DIRECTION('',(0.,1.,0.));
#1718 = DIRECTION('',(0.,0.,1.));
#1719 = ADVANCED_FACE('',(#1720),#1726,.T.);
#1720 = FACE_BOUND('',#1721,.T.);
#1721 = EDGE_LOOP('',(#1722,#1723,#1724,#1725));
#1722 = ORIENTED_EDGE('',*,*,#1674,.F.);
#1723 = ORIENTED_EDGE('',*,*,#1625,.T.);
#1724 = ORIENTED_EDGE('',*,*,#1708,.T.);
#1725 = ORIENTED_EDGE('',*,*,#1550,.F.);
#1726 = PLANE('',#1727);
#1727 = AXIS2_PLACEMENT_3D('',#1728,#1729,#1730);
#1728 = CARTESIAN_POINT('',(5.6515E+03,-1.64465E+03,-1.));
#1729 = DIRECTION('',(1.,0.,0.));
#1730 = DIRECTION('',(0.,0.,1.));
#1731 = MANIFOLD_SOLID_BREP('',#1732);
#1732 = CLOSED_SHELL('',(#1733,#1773,#1804,#1862,#1886,#1937,#1949,#1971
    ,#1988,#2005));
#1733 = ADVANCED_FACE('',(#1734),#1768,.F.);
#1734 = FACE_BOUND('',#1735,.F.);
#1735 = EDGE_LOOP('',(#1736,#1746,#1754,#1762));
#1736 = ORIENTED_EDGE('',*,*,#1737,.F.);
#1737 = EDGE_CURVE('',#1738,#1740,#1742,.T.);
#1738 = VERTEX_POINT('',#1739);
#1739 = CARTESIAN_POINT('',(5.64515E+03,6.3754E+03,0.));
#1740 = VERTEX_POINT('',#1741);
#1741 = CARTESIAN_POINT('',(5.64515E+03,6.3754E+03,5.877497273472E+03));
#1742 = LINE('',#1743,#1744);
#1743 = CARTESIAN_POINT('',(5.64515E+03,6.3754E+03,0.));
#1744 = VECTOR('',#1745,1.);
#1745 = DIRECTION('',(0.,0.,1.));
#1746 = ORIENTED_EDGE('',*,*,#1747,.T.);
#1747 = EDGE_CURVE('',#1738,#1748,#1750,.T.);
#1748 = VERTEX_POINT('',#1749);
#1749 = CARTESIAN_POINT('',(5.64515E+03,6.477E+03,0.));
#1750 = LINE('',#1751,#1752);
#1751 = CARTESIAN_POINT('',(5.64515E+03,6.3754E+03,0.));
#1752 = VECTOR('',#1753,1.);
#1753 = DIRECTION('',(0.,1.,0.));
#1754 = ORIENTED_EDGE('',*,*,#1755,.T.);
#1755 = EDGE_CURVE('',#1748,#1756,#1758,.T.);
#1756 = VERTEX_POINT('',#1757);
#1757 = CARTESIAN_POINT('',(5.64515E+03,6.477E+03,5.877497273472E+03));
#1758 = LINE('',#1759,#1760);
#1759 = CARTESIAN_POINT('',(5.64515E+03,6.477E+03,0.));
#1760 = VECTOR('',#1761,1.);
#1761 = DIRECTION('',(0.,0.,1.));
#1762 = ORIENTED_EDGE('',*,*,#1763,.F.);
#1763 = EDGE_CURVE('',#1740,#1756,#1764,.T.);
#1764 = LINE('',#1765,#1766);
#1765 = CARTESIAN_POINT('',(5.64515E+03,6.3754E+03,5.877497273472E+03));
#1766 = VECTOR('',#1767,1.);
#1767 = DIRECTION('',(0.,1.,0.));
#1768 = PLANE('',#1769);
#1769 = AXIS2_PLACEMENT_3D('',#1770,#1771,#1772);
#1770 = CARTESIAN_POINT('',(5.64515E+03,6.3754E+03,0.));
#1771 = DIRECTION('',(1.,0.,0.));
#1772 = DIRECTION('',(0.,0.,1.));
#1773 = ADVANCED_FACE('',(#1774),#1799,.F.);
#1774 = FACE_BOUND('',#1775,.F.);
#1775 = EDGE_LOOP('',(#1776,#1784,#1785,#1793));
#1776 = ORIENTED_EDGE('',*,*,#1777,.F.);
#1777 = EDGE_CURVE('',#1738,#1778,#1780,.T.);
#1778 = VERTEX_POINT('',#1779);
#1779 = CARTESIAN_POINT('',(5.74675E+03,6.3754E+03,0.));
#1780 = LINE('',#1781,#1782);
#1781 = CARTESIAN_POINT('',(5.64515E+03,6.3754E+03,0.));
#1782 = VECTOR('',#1783,1.);
#1783 = DIRECTION('',(1.,0.,0.));
#1784 = ORIENTED_EDGE('',*,*,#1737,.T.);
#1785 = ORIENTED_EDGE('',*,*,#1786,.T.);
#1786 = EDGE_CURVE('',#1740,#1787,#1789,.T.);
#1787 = VERTEX_POINT('',#1788);
#1788 = CARTESIAN_POINT('',(5.74675E+03,6.3754E+03,5.877497273472E+03));
#1789 = LINE('',#1790,#1791);
#1790 = CARTESIAN_POINT('',(5.64515E+03,6.3754E+03,5.877497273472E+03));
#1791 = VECTOR('',#1792,1.);
#1792 = DIRECTION('',(1.,0.,0.));
#1793 = ORIENTED_EDGE('',*,*,#1794,.F.);
#1794 = EDGE_CURVE('',#1778,#1787,#1795,.T.);
#1795 = LINE('',#1796,#1797);
#1796 = CARTESIAN_POINT('',(5.74675E+03,6.3754E+03,0.));
#1797 = VECTOR('',#1798,1.);
#1798 = DIRECTION('',(0.,0.,1.));
#1799 = PLANE('',#1800);
#1800 = AXIS2_PLACEMENT_3D('',#1801,#1802,#1803);
#1801 = CARTESIAN_POINT('',(5.64515E+03,6.3754E+03,0.));
#1802 = DIRECTION('',(0.,1.,0.));
#1803 = DIRECTION('',(0.,0.,1.));
#1804 = ADVANCED_FACE('',(#1805,#1823),#1857,.T.);
#1805 = FACE_BOUND('',#1806,.T.);
#1806 = EDGE_LOOP('',(#1807,#1808,#1809,#1817));
#1807 = ORIENTED_EDGE('',*,*,#1763,.F.);
#1808 = ORIENTED_EDGE('',*,*,#1786,.T.);
#1809 = ORIENTED_EDGE('',*,*,#1810,.T.);
#1810 = EDGE_CURVE('',#1787,#1811,#1813,.T.);
#1811 = VERTEX_POINT('',#1812);
#1812 = CARTESIAN_POINT('',(5.74675E+03,6.477E+03,5.877497273472E+03));
#1813 = LINE('',#1814,#1815);
#1814 = CARTESIAN_POINT('',(5.74675E+03,6.3754E+03,5.877497273472E+03));
#1815 = VECTOR('',#1816,1.);
#1816 = DIRECTION('',(0.,1.,0.));
#1817 = ORIENTED_EDGE('',*,*,#1818,.F.);
#1818 = EDGE_CURVE('',#1756,#1811,#1819,.T.);
#1819 = LINE('',#1820,#1821);
#1820 = CARTESIAN_POINT('',(5.64515E+03,6.477E+03,5.877497273472E+03));
#1821 = VECTOR('',#1822,1.);
#1822 = DIRECTION('',(1.,0.,0.));
#1823 = FACE_BOUND('',#1824,.T.);
#1824 = EDGE_LOOP('',(#1825,#1835,#1843,#1851));
#1825 = ORIENTED_EDGE('',*,*,#1826,.T.);
#1826 = EDGE_CURVE('',#1827,#1829,#1831,.T.);
#1827 = VERTEX_POINT('',#1828);
#1828 = CARTESIAN_POINT('',(5.7404E+03,6.38175E+03,5.877497273472E+03));
#1829 = VERTEX_POINT('',#1830);
#1830 = CARTESIAN_POINT('',(5.6515E+03,6.38175E+03,5.877497273472E+03));
#1831 = LINE('',#1832,#1833);
#1832 = CARTESIAN_POINT('',(5.648325E+03,6.38175E+03,5.877497273472E+03)
  );
#1833 = VECTOR('',#1834,1.);
#1834 = DIRECTION('',(-1.,0.,0.));
#1835 = ORIENTED_EDGE('',*,*,#1836,.T.);
#1836 = EDGE_CURVE('',#1829,#1837,#1839,.T.);
#1837 = VERTEX_POINT('',#1838);
#1838 = CARTESIAN_POINT('',(5.6515E+03,6.47065E+03,5.877497273472E+03));
#1839 = LINE('',#1840,#1841);
#1840 = CARTESIAN_POINT('',(5.6515E+03,6.378575E+03,5.877497273472E+03)
  );
#1841 = VECTOR('',#1842,1.);
#1842 = DIRECTION('',(0.,1.,0.));
#1843 = ORIENTED_EDGE('',*,*,#1844,.F.);
#1844 = EDGE_CURVE('',#1845,#1837,#1847,.T.);
#1845 = VERTEX_POINT('',#1846);
#1846 = CARTESIAN_POINT('',(5.7404E+03,6.47065E+03,5.877497273472E+03));
#1847 = LINE('',#1848,#1849);
#1848 = CARTESIAN_POINT('',(5.648325E+03,6.47065E+03,5.877497273472E+03)
  );
#1849 = VECTOR('',#1850,1.);
#1850 = DIRECTION('',(-1.,0.,0.));
#1851 = ORIENTED_EDGE('',*,*,#1852,.F.);
#1852 = EDGE_CURVE('',#1827,#1845,#1853,.T.);
#1853 = LINE('',#1854,#1855);
#1854 = CARTESIAN_POINT('',(5.7404E+03,6.378575E+03,5.877497273472E+03)
  );
#1855 = VECTOR('',#1856,1.);
#1856 = DIRECTION('',(0.,1.,0.));
#1857 = PLANE('',#1858);
#1858 = AXIS2_PLACEMENT_3D('',#1859,#1860,#1861);
#1859 = CARTESIAN_POINT('',(5.64515E+03,6.3754E+03,5.877497273472E+03));
#1860 = DIRECTION('',(0.,0.,1.));
#1861 = DIRECTION('',(1.,0.,0.));
#1862 = ADVANCED_FACE('',(#1863),#1881,.T.);
#1863 = FACE_BOUND('',#1864,.T.);
#1864 = EDGE_LOOP('',(#1865,#1873,#1874,#1875));
#1865 = ORIENTED_EDGE('',*,*,#1866,.F.);
#1866 = EDGE_CURVE('',#1748,#1867,#1869,.T.);
#1867 = VERTEX_POINT('',#1868);
#1868 = CARTESIAN_POINT('',(5.74675E+03,6.477E+03,0.));
#1869 = LINE('',#1870,#1871);
#1870 = CARTESIAN_POINT('',(5.64515E+03,6.477E+03,0.));
#1871 = VECTOR('',#1872,1.);
#1872 = DIRECTION('',(1.,0.,0.));
#1873 = ORIENTED_EDGE('',*,*,#1755,.T.);
#1874 = ORIENTED_EDGE('',*,*,#1818,.T.);
#1875 = ORIENTED_EDGE('',*,*,#1876,.F.);
#1876 = EDGE_CURVE('',#1867,#1811,#1877,.T.);
#1877 = LINE('',#1878,#1879);
#1878 = CARTESIAN_POINT('',(5.74675E+03,6.477E+03,0.));
#1879 = VECTOR('',#1880,1.);
#1880 = DIRECTION('',(0.,0.,1.));
#1881 = PLANE('',#1882);
#1882 = AXIS2_PLACEMENT_3D('',#1883,#1884,#1885);
#1883 = CARTESIAN_POINT('',(5.64515E+03,6.477E+03,0.));
#1884 = DIRECTION('',(0.,1.,0.));
#1885 = DIRECTION('',(0.,0.,1.));
#1886 = ADVANCED_FACE('',(#1887,#1898),#1932,.F.);
#1887 = FACE_BOUND('',#1888,.F.);
#1888 = EDGE_LOOP('',(#1889,#1890,#1891,#1897));
#1889 = ORIENTED_EDGE('',*,*,#1747,.F.);
#1890 = ORIENTED_EDGE('',*,*,#1777,.T.);
#1891 = ORIENTED_EDGE('',*,*,#1892,.T.);
#1892 = EDGE_CURVE('',#1778,#1867,#1893,.T.);
#1893 = LINE('',#1894,#1895);
#1894 = CARTESIAN_POINT('',(5.74675E+03,6.3754E+03,0.));
#1895 = VECTOR('',#1896,1.);
#1896 = DIRECTION('',(0.,1.,0.));
#1897 = ORIENTED_EDGE('',*,*,#1866,.F.);
#1898 = FACE_BOUND('',#1899,.F.);
#1899 = EDGE_LOOP('',(#1900,#1910,#1918,#1926));
#1900 = ORIENTED_EDGE('',*,*,#1901,.T.);
#1901 = EDGE_CURVE('',#1902,#1904,#1906,.T.);
#1902 = VERTEX_POINT('',#1903);
#1903 = CARTESIAN_POINT('',(5.7404E+03,6.38175E+03,0.));
#1904 = VERTEX_POINT('',#1905);
#1905 = CARTESIAN_POINT('',(5.6515E+03,6.38175E+03,0.));
#1906 = LINE('',#1907,#1908);
#1907 = CARTESIAN_POINT('',(5.648325E+03,6.38175E+03,0.));
#1908 = VECTOR('',#1909,1.);
#1909 = DIRECTION('',(-1.,0.,0.));
#1910 = ORIENTED_EDGE('',*,*,#1911,.T.);
#1911 = EDGE_CURVE('',#1904,#1912,#1914,.T.);
#1912 = VERTEX_POINT('',#1913);
#1913 = CARTESIAN_POINT('',(5.6515E+03,6.47065E+03,0.));
#1914 = LINE('',#1915,#1916);
#1915 = CARTESIAN_POINT('',(5.6515E+03,6.378575E+03,0.));
#1916 = VECTOR('',#1917,1.);
#1917 = DIRECTION('',(0.,1.,0.));
#1918 = ORIENTED_EDGE('',*,*,#1919,.F.);
#1919 = EDGE_CURVE('',#1920,#1912,#1922,.T.);
#1920 = VERTEX_POINT('',#1921);
#1921 = CARTESIAN_POINT('',(5.7404E+03,6.47065E+03,0.));
#1922 = LINE('',#1923,#1924);
#1923 = CARTESIAN_POINT('',(5.648325E+03,6.47065E+03,0.));
#1924 = VECTOR('',#1925,1.);
#1925 = DIRECTION('',(-1.,0.,0.));
#1926 = ORIENTED_EDGE('',*,*,#1927,.F.);
#1927 = EDGE_CURVE('',#1902,#1920,#1928,.T.);
#1928 = LINE('',#1929,#1930);
#1929 = CARTESIAN_POINT('',(5.7404E+03,6.378575E+03,0.));
#1930 = VECTOR('',#1931,1.);
#1931 = DIRECTION('',(0.,1.,0.));
#1932 = PLANE('',#1933);
#1933 = AXIS2_PLACEMENT_3D('',#1934,#1935,#1936);
#1934 = CARTESIAN_POINT('',(5.64515E+03,6.3754E+03,0.));
#1935 = DIRECTION('',(0.,0.,1.));
#1936 = DIRECTION('',(1.,0.,0.));
#1937 = ADVANCED_FACE('',(#1938),#1944,.T.);
#1938 = FACE_BOUND('',#1939,.T.);
#1939 = EDGE_LOOP('',(#1940,#1941,#1942,#1943));
#1940 = ORIENTED_EDGE('',*,*,#1794,.F.);
#1941 = ORIENTED_EDGE('',*,*,#1892,.T.);
#1942 = ORIENTED_EDGE('',*,*,#1876,.T.);
#1943 = ORIENTED_EDGE('',*,*,#1810,.F.);
#1944 = PLANE('',#1945);
#1945 = AXIS2_PLACEMENT_3D('',#1946,#1947,#1948);
#1946 = CARTESIAN_POINT('',(5.74675E+03,6.3754E+03,0.));
#1947 = DIRECTION('',(1.,0.,0.));
#1948 = DIRECTION('',(0.,0.,1.));
#1949 = ADVANCED_FACE('',(#1950),#1966,.T.);
#1950 = FACE_BOUND('',#1951,.T.);
#1951 = EDGE_LOOP('',(#1952,#1958,#1959,#1965));
#1952 = ORIENTED_EDGE('',*,*,#1953,.F.);
#1953 = EDGE_CURVE('',#1902,#1827,#1954,.T.);
#1954 = LINE('',#1955,#1956);
#1955 = CARTESIAN_POINT('',(5.7404E+03,6.38175E+03,-1.));
#1956 = VECTOR('',#1957,1.);
#1957 = DIRECTION('',(0.,0.,1.));
#1958 = ORIENTED_EDGE('',*,*,#1901,.T.);
#1959 = ORIENTED_EDGE('',*,*,#1960,.T.);
#1960 = EDGE_CURVE('',#1904,#1829,#1961,.T.);
#1961 = LINE('',#1962,#1963);
#1962 = CARTESIAN_POINT('',(5.6515E+03,6.38175E+03,-1.));
#1963 = VECTOR('',#1964,1.);
#1964 = DIRECTION('',(0.,0.,1.));
#1965 = ORIENTED_EDGE('',*,*,#1826,.F.);
#1966 = PLANE('',#1967);
#1967 = AXIS2_PLACEMENT_3D('',#1968,#1969,#1970);
#1968 = CARTESIAN_POINT('',(5.6515E+03,6.38175E+03,-1.));
#1969 = DIRECTION('',(0.,1.,0.));
#1970 = DIRECTION('',(0.,0.,1.));
#1971 = ADVANCED_FACE('',(#1972),#1983,.F.);
#1972 = FACE_BOUND('',#1973,.F.);
#1973 = EDGE_LOOP('',(#1974,#1975,#1976,#1982));
#1974 = ORIENTED_EDGE('',*,*,#1953,.F.);
#1975 = ORIENTED_EDGE('',*,*,#1927,.T.);
#1976 = ORIENTED_EDGE('',*,*,#1977,.T.);
#1977 = EDGE_CURVE('',#1920,#1845,#1978,.T.);
#1978 = LINE('',#1979,#1980);
#1979 = CARTESIAN_POINT('',(5.7404E+03,6.47065E+03,-1.));
#1980 = VECTOR('',#1981,1.);
#1981 = DIRECTION('',(0.,0.,1.));
#1982 = ORIENTED_EDGE('',*,*,#1852,.F.);
#1983 = PLANE('',#1984);
#1984 = AXIS2_PLACEMENT_3D('',#1985,#1986,#1987);
#1985 = CARTESIAN_POINT('',(5.7404E+03,6.38175E+03,-1.));
#1986 = DIRECTION('',(1.,0.,0.));
#1987 = DIRECTION('',(0.,0.,1.));
#1988 = ADVANCED_FACE('',(#1989),#2000,.F.);
#1989 = FACE_BOUND('',#1990,.F.);
#1990 = EDGE_LOOP('',(#1991,#1992,#1993,#1999));
#1991 = ORIENTED_EDGE('',*,*,#1977,.F.);
#1992 = ORIENTED_EDGE('',*,*,#1919,.T.);
#1993 = ORIENTED_EDGE('',*,*,#1994,.T.);
#1994 = EDGE_CURVE('',#1912,#1837,#1995,.T.);
#1995 = LINE('',#1996,#1997);
#1996 = CARTESIAN_POINT('',(5.6515E+03,6.47065E+03,-1.));
#1997 = VECTOR('',#1998,1.);
#1998 = DIRECTION('',(0.,0.,1.));
#1999 = ORIENTED_EDGE('',*,*,#1844,.F.);
#2000 = PLANE('',#2001);
#2001 = AXIS2_PLACEMENT_3D('',#2002,#2003,#2004);
#2002 = CARTESIAN_POINT('',(5.6515E+03,6.47065E+03,-1.));
#2003 = DIRECTION('',(0.,1.,0.));
#2004 = DIRECTION('',(0.,0.,1.));
#2005 = ADVANCED_FACE('',(#2006),#2012,.T.);
#2006 = FACE_BOUND('',#2007,.T.);
#2007 = EDGE_LOOP('',(#2008,#2009,#2010,#2011));
#2008 = ORIENTED_EDGE('',*,*,#1960,.F.);
#2009 = ORIENTED_EDGE('',*,*,#1911,.T.);
#2010 = ORIENTED_EDGE('',*,*,#1994,.T.);
#2011 = ORIENTED_EDGE('',*,*,#1836,.F.);
#2012 = PLANE('',#2013);
#2013 = AXIS2_PLACEMENT_3D('',#2014,#2015,#2016);
#2014 = CARTESIAN_POINT('',(5.6515E+03,6.38175E+03,-1.));
#2015 = DIRECTION('',(1.,0.,0.));
#2016 = DIRECTION('',(0.,0.,1.));
#2017 = MANIFOLD_SOLID_BREP('',#2018);
#2018 = CLOSED_SHELL('',(#2019,#2059,#2090,#2148,#2172,#2223,#2235,#2257
    ,#2274,#2291));
#2019 = ADVANCED_FACE('',(#2020),#2054,.F.);
#2020 = FACE_BOUND('',#2021,.F.);
#2021 = EDGE_LOOP('',(#2022,#2032,#2040,#2048));
#2022 = ORIENTED_EDGE('',*,*,#2023,.F.);
#2023 = EDGE_CURVE('',#2024,#2026,#2028,.T.);
#2024 = VERTEX_POINT('',#2025);
#2025 = CARTESIAN_POINT('',(5.64515E+03,-50.8,0.));
#2026 = VERTEX_POINT('',#2027);
#2027 = CARTESIAN_POINT('',(5.64515E+03,-50.8,3.971875900757E+03));
#2028 = LINE('',#2029,#2030);
#2029 = CARTESIAN_POINT('',(5.64515E+03,-50.8,0.));
#2030 = VECTOR('',#2031,1.);
#2031 = DIRECTION('',(0.,0.,1.));
#2032 = ORIENTED_EDGE('',*,*,#2033,.T.);
#2033 = EDGE_CURVE('',#2024,#2034,#2036,.T.);
#2034 = VERTEX_POINT('',#2035);
#2035 = CARTESIAN_POINT('',(5.64515E+03,50.8,0.));
#2036 = LINE('',#2037,#2038);
#2037 = CARTESIAN_POINT('',(5.64515E+03,-50.8,0.));
#2038 = VECTOR('',#2039,1.);
#2039 = DIRECTION('',(0.,1.,0.));
#2040 = ORIENTED_EDGE('',*,*,#2041,.T.);
#2041 = EDGE_CURVE('',#2034,#2042,#2044,.T.);
#2042 = VERTEX_POINT('',#2043);
#2043 = CARTESIAN_POINT('',(5.64515E+03,50.8,3.971875900757E+03));
#2044 = LINE('',#2045,#2046);
#2045 = CARTESIAN_POINT('',(5.64515E+03,50.8,0.));
#2046 = VECTOR('',#2047,1.);
#2047 = DIRECTION('',(0.,0.,1.));
#2048 = ORIENTED_EDGE('',*,*,#2049,.F.);
#2049 = EDGE_CURVE('',#2026,#2042,#2050,.T.);
#2050 = LINE('',#2051,#2052);
#2051 = CARTESIAN_POINT('',(5.64515E+03,-50.8,3.971875900757E+03));
#2052 = VECTOR('',#2053,1.);
#2053 = DIRECTION('',(0.,1.,0.));
#2054 = PLANE('',#2055);
#2055 = AXIS2_PLACEMENT_3D('',#2056,#2057,#2058);
#2056 = CARTESIAN_POINT('',(5.64515E+03,-50.8,0.));
#2057 = DIRECTION('',(1.,0.,0.));
#2058 = DIRECTION('',(0.,0.,1.));
#2059 = ADVANCED_FACE('',(#2060),#2085,.F.);
#2060 = FACE_BOUND('',#2061,.F.);
#2061 = EDGE_LOOP('',(#2062,#2070,#2071,#2079));
#2062 = ORIENTED_EDGE('',*,*,#2063,.F.);
#2063 = EDGE_CURVE('',#2024,#2064,#2066,.T.);
#2064 = VERTEX_POINT('',#2065);
#2065 = CARTESIAN_POINT('',(5.74675E+03,-50.8,0.));
#2066 = LINE('',#2067,#2068);
#2067 = CARTESIAN_POINT('',(5.64515E+03,-50.8,0.));
#2068 = VECTOR('',#2069,1.);
#2069 = DIRECTION('',(1.,0.,0.));
#2070 = ORIENTED_EDGE('',*,*,#2023,.T.);
#2071 = ORIENTED_EDGE('',*,*,#2072,.T.);
#2072 = EDGE_CURVE('',#2026,#2073,#2075,.T.);
#2073 = VERTEX_POINT('',#2074);
#2074 = CARTESIAN_POINT('',(5.74675E+03,-50.8,3.971875900757E+03));
#2075 = LINE('',#2076,#2077);
#2076 = CARTESIAN_POINT('',(5.64515E+03,-50.8,3.971875900757E+03));
#2077 = VECTOR('',#2078,1.);
#2078 = DIRECTION('',(1.,0.,0.));
#2079 = ORIENTED_EDGE('',*,*,#2080,.F.);
#2080 = EDGE_CURVE('',#2064,#2073,#2081,.T.);
#2081 = LINE('',#2082,#2083);
#2082 = CARTESIAN_POINT('',(5.74675E+03,-50.8,0.));
#2083 = VECTOR('',#2084,1.);
#2084 = DIRECTION('',(0.,0.,1.));
#2085 = PLANE('',#2086);
#2086 = AXIS2_PLACEMENT_3D('',#2087,#2088,#2089);
#2087 = CARTESIAN_POINT('',(5.64515E+03,-50.8,0.));
#2088 = DIRECTION('',(0.,1.,0.));
#2089 = DIRECTION('',(0.,0.,1.));
#2090 = ADVANCED_FACE('',(#2091,#2109),#2143,.T.);
#2091 = FACE_BOUND('',#2092,.T.);
#2092 = EDGE_LOOP('',(#2093,#2094,#2095,#2103));
#2093 = ORIENTED_EDGE('',*,*,#2049,.F.);
#2094 = ORIENTED_EDGE('',*,*,#2072,.T.);
#2095 = ORIENTED_EDGE('',*,*,#2096,.T.);
#2096 = EDGE_CURVE('',#2073,#2097,#2099,.T.);
#2097 = VERTEX_POINT('',#2098);
#2098 = CARTESIAN_POINT('',(5.74675E+03,50.8,3.971875900757E+03));
#2099 = LINE('',#2100,#2101);
#2100 = CARTESIAN_POINT('',(5.74675E+03,-50.8,3.971875900757E+03));
#2101 = VECTOR('',#2102,1.);
#2102 = DIRECTION('',(0.,1.,0.));
#2103 = ORIENTED_EDGE('',*,*,#2104,.F.);
#2104 = EDGE_CURVE('',#2042,#2097,#2105,.T.);
#2105 = LINE('',#2106,#2107);
#2106 = CARTESIAN_POINT('',(5.64515E+03,50.8,3.971875900757E+03));
#2107 = VECTOR('',#2108,1.);
#2108 = DIRECTION('',(1.,0.,0.));
#2109 = FACE_BOUND('',#2110,.T.);
#2110 = EDGE_LOOP('',(#2111,#2121,#2129,#2137));
#2111 = ORIENTED_EDGE('',*,*,#2112,.T.);
#2112 = EDGE_CURVE('',#2113,#2115,#2117,.T.);
#2113 = VERTEX_POINT('',#2114);
#2114 = CARTESIAN_POINT('',(5.7404E+03,-44.45,3.971875900757E+03));
#2115 = VERTEX_POINT('',#2116);
#2116 = CARTESIAN_POINT('',(5.6515E+03,-44.45,3.971875900757E+03));
#2117 = LINE('',#2118,#2119);
#2118 = CARTESIAN_POINT('',(5.648325E+03,-44.45,3.971875900757E+03));
#2119 = VECTOR('',#2120,1.);
#2120 = DIRECTION('',(-1.,0.,0.));
#2121 = ORIENTED_EDGE('',*,*,#2122,.T.);
#2122 = EDGE_CURVE('',#2115,#2123,#2125,.T.);
#2123 = VERTEX_POINT('',#2124);
#2124 = CARTESIAN_POINT('',(5.6515E+03,44.45,3.971875900757E+03));
#2125 = LINE('',#2126,#2127);
#2126 = CARTESIAN_POINT('',(5.6515E+03,-47.625,3.971875900757E+03));
#2127 = VECTOR('',#2128,1.);
#2128 = DIRECTION('',(0.,1.,0.));
#2129 = ORIENTED_EDGE('',*,*,#2130,.F.);
#2130 = EDGE_CURVE('',#2131,#2123,#2133,.T.);
#2131 = VERTEX_POINT('',#2132);
#2132 = CARTESIAN_POINT('',(5.7404E+03,44.45,3.971875900757E+03));
#2133 = LINE('',#2134,#2135);
#2134 = CARTESIAN_POINT('',(5.648325E+03,44.45,3.971875900757E+03));
#2135 = VECTOR('',#2136,1.);
#2136 = DIRECTION('',(-1.,0.,0.));
#2137 = ORIENTED_EDGE('',*,*,#2138,.F.);
#2138 = EDGE_CURVE('',#2113,#2131,#2139,.T.);
#2139 = LINE('',#2140,#2141);
#2140 = CARTESIAN_POINT('',(5.7404E+03,-47.625,3.971875900757E+03));
#2141 = VECTOR('',#2142,1.);
#2142 = DIRECTION('',(0.,1.,0.));
#2143 = PLANE('',#2144);
#2144 = AXIS2_PLACEMENT_3D('',#2145,#2146,#2147);
#2145 = CARTESIAN_POINT('',(5.64515E+03,-50.8,3.971875900757E+03));
#2146 = DIRECTION('',(0.,0.,1.));
#2147 = DIRECTION('',(1.,0.,0.));
#2148 = ADVANCED_FACE('',(#2149),#2167,.T.);
#2149 = FACE_BOUND('',#2150,.T.);
#2150 = EDGE_LOOP('',(#2151,#2159,#2160,#2161));
#2151 = ORIENTED_EDGE('',*,*,#2152,.F.);
#2152 = EDGE_CURVE('',#2034,#2153,#2155,.T.);
#2153 = VERTEX_POINT('',#2154);
#2154 = CARTESIAN_POINT('',(5.74675E+03,50.8,0.));
#2155 = LINE('',#2156,#2157);
#2156 = CARTESIAN_POINT('',(5.64515E+03,50.8,0.));
#2157 = VECTOR('',#2158,1.);
#2158 = DIRECTION('',(1.,0.,0.));
#2159 = ORIENTED_EDGE('',*,*,#2041,.T.);
#2160 = ORIENTED_EDGE('',*,*,#2104,.T.);
#2161 = ORIENTED_EDGE('',*,*,#2162,.F.);
#2162 = EDGE_CURVE('',#2153,#2097,#2163,.T.);
#2163 = LINE('',#2164,#2165);
#2164 = CARTESIAN_POINT('',(5.74675E+03,50.8,0.));
#2165 = VECTOR('',#2166,1.);
#2166 = DIRECTION('',(0.,0.,1.));
#2167 = PLANE('',#2168);
#2168 = AXIS2_PLACEMENT_3D('',#2169,#2170,#2171);
#2169 = CARTESIAN_POINT('',(5.64515E+03,50.8,0.));
#2170 = DIRECTION('',(0.,1.,0.));
#2171 = DIRECTION('',(0.,0.,1.));
#2172 = ADVANCED_FACE('',(#2173,#2184),#2218,.F.);
#2173 = FACE_BOUND('',#2174,.F.);
#2174 = EDGE_LOOP('',(#2175,#2176,#2177,#2183));
#2175 = ORIENTED_EDGE('',*,*,#2033,.F.);
#2176 = ORIENTED_EDGE('',*,*,#2063,.T.);
#2177 = ORIENTED_EDGE('',*,*,#2178,.T.);
#2178 = EDGE_CURVE('',#2064,#2153,#2179,.T.);
#2179 = LINE('',#2180,#2181);
#2180 = CARTESIAN_POINT('',(5.74675E+03,-50.8,0.));
#2181 = VECTOR('',#2182,1.);
#2182 = DIRECTION('',(0.,1.,0.));
#2183 = ORIENTED_EDGE('',*,*,#2152,.F.);
#2184 = FACE_BOUND('',#2185,.F.);
#2185 = EDGE_LOOP('',(#2186,#2196,#2204,#2212));
#2186 = ORIENTED_EDGE('',*,*,#2187,.T.);
#2187 = EDGE_CURVE('',#2188,#2190,#2192,.T.);
#2188 = VERTEX_POINT('',#2189);
#2189 = CARTESIAN_POINT('',(5.7404E+03,-44.45,0.));
#2190 = VERTEX_POINT('',#2191);
#2191 = CARTESIAN_POINT('',(5.6515E+03,-44.45,0.));
#2192 = LINE('',#2193,#2194);
#2193 = CARTESIAN_POINT('',(5.648325E+03,-44.45,0.));
#2194 = VECTOR('',#2195,1.);
#2195 = DIRECTION('',(-1.,0.,0.));
#2196 = ORIENTED_EDGE('',*,*,#2197,.T.);
#2197 = EDGE_CURVE('',#2190,#2198,#2200,.T.);
#2198 = VERTEX_POINT('',#2199);
#2199 = CARTESIAN_POINT('',(5.6515E+03,44.45,0.));
#2200 = LINE('',#2201,#2202);
#2201 = CARTESIAN_POINT('',(5.6515E+03,-47.625,0.));
#2202 = VECTOR('',#2203,1.);
#2203 = DIRECTION('',(0.,1.,0.));
#2204 = ORIENTED_EDGE('',*,*,#2205,.F.);
#2205 = EDGE_CURVE('',#2206,#2198,#2208,.T.);
#2206 = VERTEX_POINT('',#2207);
#2207 = CARTESIAN_POINT('',(5.7404E+03,44.45,0.));
#2208 = LINE('',#2209,#2210);
#2209 = CARTESIAN_POINT('',(5.648325E+03,44.45,0.));
#2210 = VECTOR('',#2211,1.);
#2211 = DIRECTION('',(-1.,0.,0.));
#2212 = ORIENTED_EDGE('',*,*,#2213,.F.);
#2213 = EDGE_CURVE('',#2188,#2206,#2214,.T.);
#2214 = LINE('',#2215,#2216);
#2215 = CARTESIAN_POINT('',(5.7404E+03,-47.625,0.));
#2216 = VECTOR('',#2217,1.);
#2217 = DIRECTION('',(0.,1.,0.));
#2218 = PLANE('',#2219);
#2219 = AXIS2_PLACEMENT_3D('',#2220,#2221,#2222);
#2220 = CARTESIAN_POINT('',(5.64515E+03,-50.8,0.));
#2221 = DIRECTION('',(0.,0.,1.));
#2222 = DIRECTION('',(1.,0.,0.));
#2223 = ADVANCED_FACE('',(#2224),#2230,.T.);
#2224 = FACE_BOUND('',#2225,.T.);
#2225 = EDGE_LOOP('',(#2226,#2227,#2228,#2229));
#2226 = ORIENTED_EDGE('',*,*,#2080,.F.);
#2227 = ORIENTED_EDGE('',*,*,#2178,.T.);
#2228 = ORIENTED_EDGE('',*,*,#2162,.T.);
#2229 = ORIENTED_EDGE('',*,*,#2096,.F.);
#2230 = PLANE('',#2231);
#2231 = AXIS2_PLACEMENT_3D('',#2232,#2233,#2234);
#2232 = CARTESIAN_POINT('',(5.74675E+03,-50.8,0.));
#2233 = DIRECTION('',(1.,0.,0.));
#2234 = DIRECTION('',(0.,0.,1.));
#2235 = ADVANCED_FACE('',(#2236),#2252,.T.);
#2236 = FACE_BOUND('',#2237,.T.);
#2237 = EDGE_LOOP('',(#2238,#2244,#2245,#2251));
#2238 = ORIENTED_EDGE('',*,*,#2239,.F.);
#2239 = EDGE_CURVE('',#2188,#2113,#2240,.T.);
#2240 = LINE('',#2241,#2242);
#2241 = CARTESIAN_POINT('',(5.7404E+03,-44.45,-1.));
#2242 = VECTOR('',#2243,1.);
#2243 = DIRECTION('',(0.,0.,1.));
#2244 = ORIENTED_EDGE('',*,*,#2187,.T.);
#2245 = ORIENTED_EDGE('',*,*,#2246,.T.);
#2246 = EDGE_CURVE('',#2190,#2115,#2247,.T.);
#2247 = LINE('',#2248,#2249);
#2248 = CARTESIAN_POINT('',(5.6515E+03,-44.45,-1.));
#2249 = VECTOR('',#2250,1.);
#2250 = DIRECTION('',(0.,0.,1.));
#2251 = ORIENTED_EDGE('',*,*,#2112,.F.);
#2252 = PLANE('',#2253);
#2253 = AXIS2_PLACEMENT_3D('',#2254,#2255,#2256);
#2254 = CARTESIAN_POINT('',(5.6515E+03,-44.45,-1.));
#2255 = DIRECTION('',(0.,1.,0.));
#2256 = DIRECTION('',(0.,0.,1.));
#2257 = ADVANCED_FACE('',(#2258),#2269,.F.);
#2258 = FACE_BOUND('',#2259,.F.);
#2259 = EDGE_LOOP('',(#2260,#2261,#2262,#2268));
#2260 = ORIENTED_EDGE('',*,*,#2239,.F.);
#2261 = ORIENTED_EDGE('',*,*,#2213,.T.);
#2262 = ORIENTED_EDGE('',*,*,#2263,.T.);
#2263 = EDGE_CURVE('',#2206,#2131,#2264,.T.);
#2264 = LINE('',#2265,#2266);
#2265 = CARTESIAN_POINT('',(5.7404E+03,44.45,-1.));
#2266 = VECTOR('',#2267,1.);
#2267 = DIRECTION('',(0.,0.,1.));
#2268 = ORIENTED_EDGE('',*,*,#2138,.F.);
#2269 = PLANE('',#2270);
#2270 = AXIS2_PLACEMENT_3D('',#2271,#2272,#2273);
#2271 = CARTESIAN_POINT('',(5.7404E+03,-44.45,-1.));
#2272 = DIRECTION('',(1.,0.,0.));
#2273 = DIRECTION('',(0.,0.,1.));
#2274 = ADVANCED_FACE('',(#2275),#2286,.F.);
#2275 = FACE_BOUND('',#2276,.F.);
#2276 = EDGE_LOOP('',(#2277,#2278,#2279,#2285));
#2277 = ORIENTED_EDGE('',*,*,#2263,.F.);
#2278 = ORIENTED_EDGE('',*,*,#2205,.T.);
#2279 = ORIENTED_EDGE('',*,*,#2280,.T.);
#2280 = EDGE_CURVE('',#2198,#2123,#2281,.T.);
#2281 = LINE('',#2282,#2283);
#2282 = CARTESIAN_POINT('',(5.6515E+03,44.45,-1.));
#2283 = VECTOR('',#2284,1.);
#2284 = DIRECTION('',(0.,0.,1.));
#2285 = ORIENTED_EDGE('',*,*,#2130,.F.);
#2286 = PLANE('',#2287);
#2287 = AXIS2_PLACEMENT_3D('',#2288,#2289,#2290);
#2288 = CARTESIAN_POINT('',(5.6515E+03,44.45,-1.));
#2289 = DIRECTION('',(0.,1.,0.));
#2290 = DIRECTION('',(0.,0.,1.));
#2291 = ADVANCED_FACE('',(#2292),#2298,.T.);
#2292 = FACE_BOUND('',#2293,.T.);
#2293 = EDGE_LOOP('',(#2294,#2295,#2296,#2297));
#2294 = ORIENTED_EDGE('',*,*,#2246,.F.);
#2295 = ORIENTED_EDGE('',*,*,#2197,.T.);
#2296 = ORIENTED_EDGE('',*,*,#2280,.T.);
#2297 = ORIENTED_EDGE('',*,*,#2122,.F.);
#2298 = PLANE('',#2299);
#2299 = AXIS2_PLACEMENT_3D('',#2300,#2301,#2302);
#2300 = CARTESIAN_POINT('',(5.6515E+03,-44.45,-1.));
#2301 = DIRECTION('',(1.,0.,0.));
#2302 = DIRECTION('',(0.,0.,1.));
#2303 = MANIFOLD_SOLID_BREP('',#2304);
#2304 = CLOSED_SHELL('',(#2305,#2345,#2376,#2434,#2458,#2509,#2521,#2543
    ,#2560,#2577));
#2305 = ADVANCED_FACE('',(#2306),#2340,.F.);
#2306 = FACE_BOUND('',#2307,.F.);
#2307 = EDGE_LOOP('',(#2308,#2318,#2326,#2334));
#2308 = ORIENTED_EDGE('',*,*,#2309,.F.);
#2309 = EDGE_CURVE('',#2310,#2312,#2314,.T.);
#2310 = VERTEX_POINT('',#2311);
#2311 = CARTESIAN_POINT('',(-863.6,-1.651E+03,0.));
#2312 = VERTEX_POINT('',#2313);
#2313 = CARTESIAN_POINT('',(-863.6,-1.651E+03,3.048E+03));
#2314 = LINE('',#2315,#2316);
#2315 = CARTESIAN_POINT('',(-863.6,-1.651E+03,0.));
#2316 = VECTOR('',#2317,1.);
#2317 = DIRECTION('',(0.,0.,1.));
#2318 = ORIENTED_EDGE('',*,*,#2319,.T.);
#2319 = EDGE_CURVE('',#2310,#2320,#2322,.T.);
#2320 = VERTEX_POINT('',#2321);
#2321 = CARTESIAN_POINT('',(-863.6,-1.5494E+03,0.));
#2322 = LINE('',#2323,#2324);
#2323 = CARTESIAN_POINT('',(-863.6,-1.651E+03,0.));
#2324 = VECTOR('',#2325,1.);
#2325 = DIRECTION('',(0.,1.,0.));
#2326 = ORIENTED_EDGE('',*,*,#2327,.T.);
#2327 = EDGE_CURVE('',#2320,#2328,#2330,.T.);
#2328 = VERTEX_POINT('',#2329);
#2329 = CARTESIAN_POINT('',(-863.6,-1.5494E+03,3.048E+03));
#2330 = LINE('',#2331,#2332);
#2331 = CARTESIAN_POINT('',(-863.6,-1.5494E+03,0.));
#2332 = VECTOR('',#2333,1.);
#2333 = DIRECTION('',(0.,0.,1.));
#2334 = ORIENTED_EDGE('',*,*,#2335,.F.);
#2335 = EDGE_CURVE('',#2312,#2328,#2336,.T.);
#2336 = LINE('',#2337,#2338);
#2337 = CARTESIAN_POINT('',(-863.6,-1.651E+03,3.048E+03));
#2338 = VECTOR('',#2339,1.);
#2339 = DIRECTION('',(0.,1.,0.));
#2340 = PLANE('',#2341);
#2341 = AXIS2_PLACEMENT_3D('',#2342,#2343,#2344);
#2342 = CARTESIAN_POINT('',(-863.6,-1.651E+03,0.));
#2343 = DIRECTION('',(1.,0.,0.));
#2344 = DIRECTION('',(0.,0.,1.));
#2345 = ADVANCED_FACE('',(#2346),#2371,.F.);
#2346 = FACE_BOUND('',#2347,.F.);
#2347 = EDGE_LOOP('',(#2348,#2356,#2357,#2365));
#2348 = ORIENTED_EDGE('',*,*,#2349,.F.);
#2349 = EDGE_CURVE('',#2310,#2350,#2352,.T.);
#2350 = VERTEX_POINT('',#2351);
#2351 = CARTESIAN_POINT('',(-762.,-1.651E+03,0.));
#2352 = LINE('',#2353,#2354);
#2353 = CARTESIAN_POINT('',(-863.6,-1.651E+03,0.));
#2354 = VECTOR('',#2355,1.);
#2355 = DIRECTION('',(1.,0.,0.));
#2356 = ORIENTED_EDGE('',*,*,#2309,.T.);
#2357 = ORIENTED_EDGE('',*,*,#2358,.T.);
#2358 = EDGE_CURVE('',#2312,#2359,#2361,.T.);
#2359 = VERTEX_POINT('',#2360);
#2360 = CARTESIAN_POINT('',(-762.,-1.651E+03,3.048E+03));
#2361 = LINE('',#2362,#2363);
#2362 = CARTESIAN_POINT('',(-863.6,-1.651E+03,3.048E+03));
#2363 = VECTOR('',#2364,1.);
#2364 = DIRECTION('',(1.,0.,0.));
#2365 = ORIENTED_EDGE('',*,*,#2366,.F.);
#2366 = EDGE_CURVE('',#2350,#2359,#2367,.T.);
#2367 = LINE('',#2368,#2369);
#2368 = CARTESIAN_POINT('',(-762.,-1.651E+03,0.));
#2369 = VECTOR('',#2370,1.);
#2370 = DIRECTION('',(0.,0.,1.));
#2371 = PLANE('',#2372);
#2372 = AXIS2_PLACEMENT_3D('',#2373,#2374,#2375);
#2373 = CARTESIAN_POINT('',(-863.6,-1.651E+03,0.));
#2374 = DIRECTION('',(0.,1.,0.));
#2375 = DIRECTION('',(0.,0.,1.));
#2376 = ADVANCED_FACE('',(#2377,#2395),#2429,.T.);
#2377 = FACE_BOUND('',#2378,.T.);
#2378 = EDGE_LOOP('',(#2379,#2380,#2381,#2389));
#2379 = ORIENTED_EDGE('',*,*,#2335,.F.);
#2380 = ORIENTED_EDGE('',*,*,#2358,.T.);
#2381 = ORIENTED_EDGE('',*,*,#2382,.T.);
#2382 = EDGE_CURVE('',#2359,#2383,#2385,.T.);
#2383 = VERTEX_POINT('',#2384);
#2384 = CARTESIAN_POINT('',(-762.,-1.5494E+03,3.048E+03));
#2385 = LINE('',#2386,#2387);
#2386 = CARTESIAN_POINT('',(-762.,-1.651E+03,3.048E+03));
#2387 = VECTOR('',#2388,1.);
#2388 = DIRECTION('',(0.,1.,0.));
#2389 = ORIENTED_EDGE('',*,*,#2390,.F.);
#2390 = EDGE_CURVE('',#2328,#2383,#2391,.T.);
#2391 = LINE('',#2392,#2393);
#2392 = CARTESIAN_POINT('',(-863.6,-1.5494E+03,3.048E+03));
#2393 = VECTOR('',#2394,1.);
#2394 = DIRECTION('',(1.,0.,0.));
#2395 = FACE_BOUND('',#2396,.T.);
#2396 = EDGE_LOOP('',(#2397,#2407,#2415,#2423));
#2397 = ORIENTED_EDGE('',*,*,#2398,.T.);
#2398 = EDGE_CURVE('',#2399,#2401,#2403,.T.);
#2399 = VERTEX_POINT('',#2400);
#2400 = CARTESIAN_POINT('',(-768.35,-1.64465E+03,3.048E+03));
#2401 = VERTEX_POINT('',#2402);
#2402 = CARTESIAN_POINT('',(-857.25,-1.64465E+03,3.048E+03));
#2403 = LINE('',#2404,#2405);
#2404 = CARTESIAN_POINT('',(-860.425,-1.64465E+03,3.048E+03));
#2405 = VECTOR('',#2406,1.);
#2406 = DIRECTION('',(-1.,0.,0.));
#2407 = ORIENTED_EDGE('',*,*,#2408,.T.);
#2408 = EDGE_CURVE('',#2401,#2409,#2411,.T.);
#2409 = VERTEX_POINT('',#2410);
#2410 = CARTESIAN_POINT('',(-857.25,-1.55575E+03,3.048E+03));
#2411 = LINE('',#2412,#2413);
#2412 = CARTESIAN_POINT('',(-857.25,-1.647825E+03,3.048E+03));
#2413 = VECTOR('',#2414,1.);
#2414 = DIRECTION('',(0.,1.,0.));
#2415 = ORIENTED_EDGE('',*,*,#2416,.F.);
#2416 = EDGE_CURVE('',#2417,#2409,#2419,.T.);
#2417 = VERTEX_POINT('',#2418);
#2418 = CARTESIAN_POINT('',(-768.35,-1.55575E+03,3.048E+03));
#2419 = LINE('',#2420,#2421);
#2420 = CARTESIAN_POINT('',(-860.425,-1.55575E+03,3.048E+03));
#2421 = VECTOR('',#2422,1.);
#2422 = DIRECTION('',(-1.,0.,0.));
#2423 = ORIENTED_EDGE('',*,*,#2424,.F.);
#2424 = EDGE_CURVE('',#2399,#2417,#2425,.T.);
#2425 = LINE('',#2426,#2427);
#2426 = CARTESIAN_POINT('',(-768.35,-1.647825E+03,3.048E+03));
#2427 = VECTOR('',#2428,1.);
#2428 = DIRECTION('',(0.,1.,0.));
#2429 = PLANE('',#2430);
#2430 = AXIS2_PLACEMENT_3D('',#2431,#2432,#2433);
#2431 = CARTESIAN_POINT('',(-863.6,-1.651E+03,3.048E+03));
#2432 = DIRECTION('',(0.,0.,1.));
#2433 = DIRECTION('',(1.,0.,0.));
#2434 = ADVANCED_FACE('',(#2435),#2453,.T.);
#2435 = FACE_BOUND('',#2436,.T.);
#2436 = EDGE_LOOP('',(#2437,#2445,#2446,#2447));
#2437 = ORIENTED_EDGE('',*,*,#2438,.F.);
#2438 = EDGE_CURVE('',#2320,#2439,#2441,.T.);
#2439 = VERTEX_POINT('',#2440);
#2440 = CARTESIAN_POINT('',(-762.,-1.5494E+03,0.));
#2441 = LINE('',#2442,#2443);
#2442 = CARTESIAN_POINT('',(-863.6,-1.5494E+03,0.));
#2443 = VECTOR('',#2444,1.);
#2444 = DIRECTION('',(1.,0.,0.));
#2445 = ORIENTED_EDGE('',*,*,#2327,.T.);
#2446 = ORIENTED_EDGE('',*,*,#2390,.T.);
#2447 = ORIENTED_EDGE('',*,*,#2448,.F.);
#2448 = EDGE_CURVE('',#2439,#2383,#2449,.T.);
#2449 = LINE('',#2450,#2451);
#2450 = CARTESIAN_POINT('',(-762.,-1.5494E+03,0.));
#2451 = VECTOR('',#2452,1.);
#2452 = DIRECTION('',(0.,0.,1.));
#2453 = PLANE('',#2454);
#2454 = AXIS2_PLACEMENT_3D('',#2455,#2456,#2457);
#2455 = CARTESIAN_POINT('',(-863.6,-1.5494E+03,0.));
#2456 = DIRECTION('',(0.,1.,0.));
#2457 = DIRECTION('',(0.,0.,1.));
#2458 = ADVANCED_FACE('',(#2459,#2470),#2504,.F.);
#2459 = FACE_BOUND('',#2460,.F.);
#2460 = EDGE_LOOP('',(#2461,#2462,#2463,#2469));
#2461 = ORIENTED_EDGE('',*,*,#2319,.F.);
#2462 = ORIENTED_EDGE('',*,*,#2349,.T.);
#2463 = ORIENTED_EDGE('',*,*,#2464,.T.);
#2464 = EDGE_CURVE('',#2350,#2439,#2465,.T.);
#2465 = LINE('',#2466,#2467);
#2466 = CARTESIAN_POINT('',(-762.,-1.651E+03,0.));
#2467 = VECTOR('',#2468,1.);
#2468 = DIRECTION('',(0.,1.,0.));
#2469 = ORIENTED_EDGE('',*,*,#2438,.F.);
#2470 = FACE_BOUND('',#2471,.F.);
#2471 = EDGE_LOOP('',(#2472,#2482,#2490,#2498));
#2472 = ORIENTED_EDGE('',*,*,#2473,.T.);
#2473 = EDGE_CURVE('',#2474,#2476,#2478,.T.);
#2474 = VERTEX_POINT('',#2475);
#2475 = CARTESIAN_POINT('',(-768.35,-1.64465E+03,0.));
#2476 = VERTEX_POINT('',#2477);
#2477 = CARTESIAN_POINT('',(-857.25,-1.64465E+03,0.));
#2478 = LINE('',#2479,#2480);
#2479 = CARTESIAN_POINT('',(-860.425,-1.64465E+03,0.));
#2480 = VECTOR('',#2481,1.);
#2481 = DIRECTION('',(-1.,0.,0.));
#2482 = ORIENTED_EDGE('',*,*,#2483,.T.);
#2483 = EDGE_CURVE('',#2476,#2484,#2486,.T.);
#2484 = VERTEX_POINT('',#2485);
#2485 = CARTESIAN_POINT('',(-857.25,-1.55575E+03,0.));
#2486 = LINE('',#2487,#2488);
#2487 = CARTESIAN_POINT('',(-857.25,-1.647825E+03,0.));
#2488 = VECTOR('',#2489,1.);
#2489 = DIRECTION('',(0.,1.,0.));
#2490 = ORIENTED_EDGE('',*,*,#2491,.F.);
#2491 = EDGE_CURVE('',#2492,#2484,#2494,.T.);
#2492 = VERTEX_POINT('',#2493);
#2493 = CARTESIAN_POINT('',(-768.35,-1.55575E+03,0.));
#2494 = LINE('',#2495,#2496);
#2495 = CARTESIAN_POINT('',(-860.425,-1.55575E+03,0.));
#2496 = VECTOR('',#2497,1.);
#2497 = DIRECTION('',(-1.,0.,0.));
#2498 = ORIENTED_EDGE('',*,*,#2499,.F.);
#2499 = EDGE_CURVE('',#2474,#2492,#2500,.T.);
#2500 = LINE('',#2501,#2502);
#2501 = CARTESIAN_POINT('',(-768.35,-1.647825E+03,0.));
#2502 = VECTOR('',#2503,1.);
#2503 = DIRECTION('',(0.,1.,0.));
#2504 = PLANE('',#2505);
#2505 = AXIS2_PLACEMENT_3D('',#2506,#2507,#2508);
#2506 = CARTESIAN_POINT('',(-863.6,-1.651E+03,0.));
#2507 = DIRECTION('',(0.,0.,1.));
#2508 = DIRECTION('',(1.,0.,0.));
#2509 = ADVANCED_FACE('',(#2510),#2516,.T.);
#2510 = FACE_BOUND('',#2511,.T.);
#2511 = EDGE_LOOP('',(#2512,#2513,#2514,#2515));
#2512 = ORIENTED_EDGE('',*,*,#2366,.F.);
#2513 = ORIENTED_EDGE('',*,*,#2464,.T.);
#2514 = ORIENTED_EDGE('',*,*,#2448,.T.);
#2515 = ORIENTED_EDGE('',*,*,#2382,.F.);
#2516 = PLANE('',#2517);
#2517 = AXIS2_PLACEMENT_3D('',#2518,#2519,#2520);
#2518 = CARTESIAN_POINT('',(-762.,-1.651E+03,0.));
#2519 = DIRECTION('',(1.,0.,0.));
#2520 = DIRECTION('',(0.,0.,1.));
#2521 = ADVANCED_FACE('',(#2522),#2538,.T.);
#2522 = FACE_BOUND('',#2523,.T.);
#2523 = EDGE_LOOP('',(#2524,#2530,#2531,#2537));
#2524 = ORIENTED_EDGE('',*,*,#2525,.F.);
#2525 = EDGE_CURVE('',#2474,#2399,#2526,.T.);
#2526 = LINE('',#2527,#2528);
#2527 = CARTESIAN_POINT('',(-768.35,-1.64465E+03,-1.));
#2528 = VECTOR('',#2529,1.);
#2529 = DIRECTION('',(0.,0.,1.));
#2530 = ORIENTED_EDGE('',*,*,#2473,.T.);
#2531 = ORIENTED_EDGE('',*,*,#2532,.T.);
#2532 = EDGE_CURVE('',#2476,#2401,#2533,.T.);
#2533 = LINE('',#2534,#2535);
#2534 = CARTESIAN_POINT('',(-857.25,-1.64465E+03,-1.));
#2535 = VECTOR('',#2536,1.);
#2536 = DIRECTION('',(0.,0.,1.));
#2537 = ORIENTED_EDGE('',*,*,#2398,.F.);
#2538 = PLANE('',#2539);
#2539 = AXIS2_PLACEMENT_3D('',#2540,#2541,#2542);
#2540 = CARTESIAN_POINT('',(-857.25,-1.64465E+03,-1.));
#2541 = DIRECTION('',(0.,1.,0.));
#2542 = DIRECTION('',(0.,0.,1.));
#2543 = ADVANCED_FACE('',(#2544),#2555,.F.);
#2544 = FACE_BOUND('',#2545,.F.);
#2545 = EDGE_LOOP('',(#2546,#2547,#2548,#2554));
#2546 = ORIENTED_EDGE('',*,*,#2525,.F.);
#2547 = ORIENTED_EDGE('',*,*,#2499,.T.);
#2548 = ORIENTED_EDGE('',*,*,#2549,.T.);
#2549 = EDGE_CURVE('',#2492,#2417,#2550,.T.);
#2550 = LINE('',#2551,#2552);
#2551 = CARTESIAN_POINT('',(-768.35,-1.55575E+03,-1.));
#2552 = VECTOR('',#2553,1.);
#2553 = DIRECTION('',(0.,0.,1.));
#2554 = ORIENTED_EDGE('',*,*,#2424,.F.);
#2555 = PLANE('',#2556);
#2556 = AXIS2_PLACEMENT_3D('',#2557,#2558,#2559);
#2557 = CARTESIAN_POINT('',(-768.35,-1.64465E+03,-1.));
#2558 = DIRECTION('',(1.,0.,0.));
#2559 = DIRECTION('',(0.,0.,1.));
#2560 = ADVANCED_FACE('',(#2561),#2572,.F.);
#2561 = FACE_BOUND('',#2562,.F.);
#2562 = EDGE_LOOP('',(#2563,#2564,#2565,#2571));
#2563 = ORIENTED_EDGE('',*,*,#2549,.F.);
#2564 = ORIENTED_EDGE('',*,*,#2491,.T.);
#2565 = ORIENTED_EDGE('',*,*,#2566,.T.);
#2566 = EDGE_CURVE('',#2484,#2409,#2567,.T.);
#2567 = LINE('',#2568,#2569);
#2568 = CARTESIAN_POINT('',(-857.25,-1.55575E+03,-1.));
#2569 = VECTOR('',#2570,1.);
#2570 = DIRECTION('',(0.,0.,1.));
#2571 = ORIENTED_EDGE('',*,*,#2416,.F.);
#2572 = PLANE('',#2573);
#2573 = AXIS2_PLACEMENT_3D('',#2574,#2575,#2576);
#2574 = CARTESIAN_POINT('',(-857.25,-1.55575E+03,-1.));
#2575 = DIRECTION('',(0.,1.,0.));
#2576 = DIRECTION('',(0.,0.,1.));
#2577 = ADVANCED_FACE('',(#2578),#2584,.T.);
#2578 = FACE_BOUND('',#2579,.T.);
#2579 = EDGE_LOOP('',(#2580,#2581,#2582,#2583));
#2580 = ORIENTED_EDGE('',*,*,#2532,.F.);
#2581 = ORIENTED_EDGE('',*,*,#2483,.T.);
#2582 = ORIENTED_EDGE('',*,*,#2566,.T.);
#2583 = ORIENTED_EDGE('',*,*,#2408,.F.);
#2584 = PLANE('',#2585);
#2585 = AXIS2_PLACEMENT_3D('',#2586,#2587,#2588);
#2586 = CARTESIAN_POINT('',(-857.25,-1.64465E+03,-1.));
#2587 = DIRECTION('',(1.,0.,0.));
#2588 = DIRECTION('',(0.,0.,1.));
#2589 = MANIFOLD_SOLID_BREP('',#2590);
#2590 = CLOSED_SHELL('',(#2591,#2631,#2662,#2693,#2724,#2755,#2786,#2817
    ,#2848,#2879,#2910,#2941,#2963,#2983));
#2591 = ADVANCED_FACE('',(#2592),#2626,.T.);
#2592 = FACE_BOUND('',#2593,.T.);
#2593 = EDGE_LOOP('',(#2594,#2604,#2612,#2620));
#2594 = ORIENTED_EDGE('',*,*,#2595,.F.);
#2595 = EDGE_CURVE('',#2596,#2598,#2600,.T.);
#2596 = VERTEX_POINT('',#2597);
#2597 = CARTESIAN_POINT('',(-812.8,-1.597025E+03,2.854325E+03));
#2598 = VERTEX_POINT('',#2599);
#2599 = CARTESIAN_POINT('',(-812.8,-1.524E+03,2.854325E+03));
#2600 = LINE('',#2601,#2602);
#2601 = CARTESIAN_POINT('',(-812.8,-1.6764E+03,2.854325E+03));
#2602 = VECTOR('',#2603,1.);
#2603 = DIRECTION('',(0.,1.,0.));
#2604 = ORIENTED_EDGE('',*,*,#2605,.T.);
#2605 = EDGE_CURVE('',#2596,#2606,#2608,.T.);
#2606 = VERTEX_POINT('',#2607);
#2607 = CARTESIAN_POINT('',(6.3373E+03,-1.597025E+03,2.854325E+03));
#2608 = LINE('',#2609,#2610);
#2609 = CARTESIAN_POINT('',(-812.8,-1.597025E+03,2.854325E+03));
#2610 = VECTOR('',#2611,1.);
#2611 = DIRECTION('',(1.,0.,0.));
#2612 = ORIENTED_EDGE('',*,*,#2613,.T.);
#2613 = EDGE_CURVE('',#2606,#2614,#2616,.T.);
#2614 = VERTEX_POINT('',#2615);
#2615 = CARTESIAN_POINT('',(6.3373E+03,-1.524E+03,2.854325E+03));
#2616 = LINE('',#2617,#2618);
#2617 = CARTESIAN_POINT('',(6.3373E+03,-1.6764E+03,2.854325E+03));
#2618 = VECTOR('',#2619,1.);
#2619 = DIRECTION('',(0.,1.,0.));
#2620 = ORIENTED_EDGE('',*,*,#2621,.F.);
#2621 = EDGE_CURVE('',#2598,#2614,#2622,.T.);
#2622 = LINE('',#2623,#2624);
#2623 = CARTESIAN_POINT('',(-812.8,-1.524E+03,2.854325E+03));
#2624 = VECTOR('',#2625,1.);
#2625 = DIRECTION('',(1.,0.,0.));
#2626 = PLANE('',#2627);
#2627 = AXIS2_PLACEMENT_3D('',#2628,#2629,#2630);
#2628 = CARTESIAN_POINT('',(-812.8,-1.6764E+03,2.854325E+03));
#2629 = DIRECTION('',(0.,0.,1.));
#2630 = DIRECTION('',(1.,0.,0.));
#2631 = ADVANCED_FACE('',(#2632),#2657,.T.);
#2632 = FACE_BOUND('',#2633,.T.);
#2633 = EDGE_LOOP('',(#2634,#2644,#2650,#2651));
#2634 = ORIENTED_EDGE('',*,*,#2635,.F.);
#2635 = EDGE_CURVE('',#2636,#2638,#2640,.T.);
#2636 = VERTEX_POINT('',#2637);
#2637 = CARTESIAN_POINT('',(-812.8,-1.524E+03,2.8448E+03));
#2638 = VERTEX_POINT('',#2639);
#2639 = CARTESIAN_POINT('',(6.3373E+03,-1.524E+03,2.8448E+03));
#2640 = LINE('',#2641,#2642);
#2641 = CARTESIAN_POINT('',(-812.8,-1.524E+03,2.8448E+03));
#2642 = VECTOR('',#2643,1.);
#2643 = DIRECTION('',(1.,0.,0.));
#2644 = ORIENTED_EDGE('',*,*,#2645,.T.);
#2645 = EDGE_CURVE('',#2636,#2598,#2646,.T.);
#2646 = LINE('',#2647,#2648);
#2647 = CARTESIAN_POINT('',(-812.8,-1.524E+03,2.8448E+03));
#2648 = VECTOR('',#2649,1.);
#2649 = DIRECTION('',(0.,0.,1.));
#2650 = ORIENTED_EDGE('',*,*,#2621,.T.);
#2651 = ORIENTED_EDGE('',*,*,#2652,.F.);
#2652 = EDGE_CURVE('',#2638,#2614,#2653,.T.);
#2653 = LINE('',#2654,#2655);
#2654 = CARTESIAN_POINT('',(6.3373E+03,-1.524E+03,2.8448E+03));
#2655 = VECTOR('',#2656,1.);
#2656 = DIRECTION('',(0.,0.,1.));
#2657 = PLANE('',#2658);
#2658 = AXIS2_PLACEMENT_3D('',#2659,#2660,#2661);
#2659 = CARTESIAN_POINT('',(-812.8,-1.524E+03,2.8448E+03));
#2660 = DIRECTION('',(0.,1.,0.));
#2661 = DIRECTION('',(0.,0.,1.));
#2662 = ADVANCED_FACE('',(#2663),#2688,.F.);
#2663 = FACE_BOUND('',#2664,.F.);
#2664 = EDGE_LOOP('',(#2665,#2673,#2681,#2687));
#2665 = ORIENTED_EDGE('',*,*,#2666,.F.);
#2666 = EDGE_CURVE('',#2667,#2636,#2669,.T.);
#2667 = VERTEX_POINT('',#2668);
#2668 = CARTESIAN_POINT('',(-812.8,-1.6764E+03,2.8448E+03));
#2669 = LINE('',#2670,#2671);
#2670 = CARTESIAN_POINT('',(-812.8,-1.6764E+03,2.8448E+03));
#2671 = VECTOR('',#2672,1.);
#2672 = DIRECTION('',(0.,1.,0.));
#2673 = ORIENTED_EDGE('',*,*,#2674,.T.);
#2674 = EDGE_CURVE('',#2667,#2675,#2677,.T.);
#2675 = VERTEX_POINT('',#2676);
#2676 = CARTESIAN_POINT('',(6.3373E+03,-1.6764E+03,2.8448E+03));
#2677 = LINE('',#2678,#2679);
#2678 = CARTESIAN_POINT('',(-812.8,-1.6764E+03,2.8448E+03));
#2679 = VECTOR('',#2680,1.);
#2680 = DIRECTION('',(1.,0.,0.));
#2681 = ORIENTED_EDGE('',*,*,#2682,.T.);
#2682 = EDGE_CURVE('',#2675,#2638,#2683,.T.);
#2683 = LINE('',#2684,#2685);
#2684 = CARTESIAN_POINT('',(6.3373E+03,-1.6764E+03,2.8448E+03));
#2685 = VECTOR('',#2686,1.);
#2686 = DIRECTION('',(0.,1.,0.));
#2687 = ORIENTED_EDGE('',*,*,#2635,.F.);
#2688 = PLANE('',#2689);
#2689 = AXIS2_PLACEMENT_3D('',#2690,#2691,#2692);
#2690 = CARTESIAN_POINT('',(-812.8,-1.6764E+03,2.8448E+03));
#2691 = DIRECTION('',(0.,0.,1.));
#2692 = DIRECTION('',(1.,0.,0.));
#2693 = ADVANCED_FACE('',(#2694),#2719,.F.);
#2694 = FACE_BOUND('',#2695,.F.);
#2695 = EDGE_LOOP('',(#2696,#2697,#2705,#2713));
#2696 = ORIENTED_EDGE('',*,*,#2674,.F.);
#2697 = ORIENTED_EDGE('',*,*,#2698,.T.);
#2698 = EDGE_CURVE('',#2667,#2699,#2701,.T.);
#2699 = VERTEX_POINT('',#2700);
#2700 = CARTESIAN_POINT('',(-812.8,-1.6764E+03,2.854325E+03));
#2701 = LINE('',#2702,#2703);
#2702 = CARTESIAN_POINT('',(-812.8,-1.6764E+03,2.8448E+03));
#2703 = VECTOR('',#2704,1.);
#2704 = DIRECTION('',(0.,0.,1.));
#2705 = ORIENTED_EDGE('',*,*,#2706,.T.);
#2706 = EDGE_CURVE('',#2699,#2707,#2709,.T.);
#2707 = VERTEX_POINT('',#2708);
#2708 = CARTESIAN_POINT('',(6.3373E+03,-1.6764E+03,2.854325E+03));
#2709 = LINE('',#2710,#2711);
#2710 = CARTESIAN_POINT('',(-812.8,-1.6764E+03,2.854325E+03));
#2711 = VECTOR('',#2712,1.);
#2712 = DIRECTION('',(1.,0.,0.));
#2713 = ORIENTED_EDGE('',*,*,#2714,.F.);
#2714 = EDGE_CURVE('',#2675,#2707,#2715,.T.);
#2715 = LINE('',#2716,#2717);
#2716 = CARTESIAN_POINT('',(6.3373E+03,-1.6764E+03,2.8448E+03));
#2717 = VECTOR('',#2718,1.);
#2718 = DIRECTION('',(0.,0.,1.));
#2719 = PLANE('',#2720);
#2720 = AXIS2_PLACEMENT_3D('',#2721,#2722,#2723);
#2721 = CARTESIAN_POINT('',(-812.8,-1.6764E+03,2.8448E+03));
#2722 = DIRECTION('',(0.,1.,0.));
#2723 = DIRECTION('',(0.,0.,1.));
#2724 = ADVANCED_FACE('',(#2725),#2750,.T.);
#2725 = FACE_BOUND('',#2726,.T.);
#2726 = EDGE_LOOP('',(#2727,#2735,#2736,#2744));
#2727 = ORIENTED_EDGE('',*,*,#2728,.F.);
#2728 = EDGE_CURVE('',#2699,#2729,#2731,.T.);
#2729 = VERTEX_POINT('',#2730);
#2730 = CARTESIAN_POINT('',(-812.8,-1.603375E+03,2.854325E+03));
#2731 = LINE('',#2732,#2733);
#2732 = CARTESIAN_POINT('',(-812.8,-1.6764E+03,2.854325E+03));
#2733 = VECTOR('',#2734,1.);
#2734 = DIRECTION('',(0.,1.,0.));
#2735 = ORIENTED_EDGE('',*,*,#2706,.T.);
#2736 = ORIENTED_EDGE('',*,*,#2737,.T.);
#2737 = EDGE_CURVE('',#2707,#2738,#2740,.T.);
#2738 = VERTEX_POINT('',#2739);
#2739 = CARTESIAN_POINT('',(6.3373E+03,-1.603375E+03,2.854325E+03));
#2740 = LINE('',#2741,#2742);
#2741 = CARTESIAN_POINT('',(6.3373E+03,-1.6764E+03,2.854325E+03));
#2742 = VECTOR('',#2743,1.);
#2743 = DIRECTION('',(0.,1.,0.));
#2744 = ORIENTED_EDGE('',*,*,#2745,.F.);
#2745 = EDGE_CURVE('',#2729,#2738,#2746,.T.);
#2746 = LINE('',#2747,#2748);
#2747 = CARTESIAN_POINT('',(-812.8,-1.603375E+03,2.854325E+03));
#2748 = VECTOR('',#2749,1.);
#2749 = DIRECTION('',(1.,0.,0.));
#2750 = PLANE('',#2751);
#2751 = AXIS2_PLACEMENT_3D('',#2752,#2753,#2754);
#2752 = CARTESIAN_POINT('',(-812.8,-1.6764E+03,2.854325E+03));
#2753 = DIRECTION('',(0.,0.,1.));
#2754 = DIRECTION('',(1.,0.,0.));
#2755 = ADVANCED_FACE('',(#2756),#2781,.F.);
#2756 = FACE_BOUND('',#2757,.F.);
#2757 = EDGE_LOOP('',(#2758,#2759,#2767,#2775));
#2758 = ORIENTED_EDGE('',*,*,#2745,.F.);
#2759 = ORIENTED_EDGE('',*,*,#2760,.T.);
#2760 = EDGE_CURVE('',#2729,#2761,#2763,.T.);
#2761 = VERTEX_POINT('',#2762);
#2762 = CARTESIAN_POINT('',(-812.8,-1.603375E+03,3.038475E+03));
#2763 = LINE('',#2764,#2765);
#2764 = CARTESIAN_POINT('',(-812.8,-1.603375E+03,2.854325E+03));
#2765 = VECTOR('',#2766,1.);
#2766 = DIRECTION('',(0.,0.,1.));
#2767 = ORIENTED_EDGE('',*,*,#2768,.T.);
#2768 = EDGE_CURVE('',#2761,#2769,#2771,.T.);
#2769 = VERTEX_POINT('',#2770);
#2770 = CARTESIAN_POINT('',(6.3373E+03,-1.603375E+03,3.038475E+03));
#2771 = LINE('',#2772,#2773);
#2772 = CARTESIAN_POINT('',(-812.8,-1.603375E+03,3.038475E+03));
#2773 = VECTOR('',#2774,1.);
#2774 = DIRECTION('',(1.,0.,0.));
#2775 = ORIENTED_EDGE('',*,*,#2776,.F.);
#2776 = EDGE_CURVE('',#2738,#2769,#2777,.T.);
#2777 = LINE('',#2778,#2779);
#2778 = CARTESIAN_POINT('',(6.3373E+03,-1.603375E+03,2.854325E+03));
#2779 = VECTOR('',#2780,1.);
#2780 = DIRECTION('',(0.,0.,1.));
#2781 = PLANE('',#2782);
#2782 = AXIS2_PLACEMENT_3D('',#2783,#2784,#2785);
#2783 = CARTESIAN_POINT('',(-812.8,-1.603375E+03,2.854325E+03));
#2784 = DIRECTION('',(0.,1.,0.));
#2785 = DIRECTION('',(0.,0.,1.));
#2786 = ADVANCED_FACE('',(#2787),#2812,.T.);
#2787 = FACE_BOUND('',#2788,.T.);
#2788 = EDGE_LOOP('',(#2789,#2790,#2798,#2806));
#2789 = ORIENTED_EDGE('',*,*,#2605,.F.);
#2790 = ORIENTED_EDGE('',*,*,#2791,.T.);
#2791 = EDGE_CURVE('',#2596,#2792,#2794,.T.);
#2792 = VERTEX_POINT('',#2793);
#2793 = CARTESIAN_POINT('',(-812.8,-1.597025E+03,3.038475E+03));
#2794 = LINE('',#2795,#2796);
#2795 = CARTESIAN_POINT('',(-812.8,-1.597025E+03,2.854325E+03));
#2796 = VECTOR('',#2797,1.);
#2797 = DIRECTION('',(0.,0.,1.));
#2798 = ORIENTED_EDGE('',*,*,#2799,.T.);
#2799 = EDGE_CURVE('',#2792,#2800,#2802,.T.);
#2800 = VERTEX_POINT('',#2801);
#2801 = CARTESIAN_POINT('',(6.3373E+03,-1.597025E+03,3.038475E+03));
#2802 = LINE('',#2803,#2804);
#2803 = CARTESIAN_POINT('',(-812.8,-1.597025E+03,3.038475E+03));
#2804 = VECTOR('',#2805,1.);
#2805 = DIRECTION('',(1.,0.,0.));
#2806 = ORIENTED_EDGE('',*,*,#2807,.F.);
#2807 = EDGE_CURVE('',#2606,#2800,#2808,.T.);
#2808 = LINE('',#2809,#2810);
#2809 = CARTESIAN_POINT('',(6.3373E+03,-1.597025E+03,2.854325E+03));
#2810 = VECTOR('',#2811,1.);
#2811 = DIRECTION('',(0.,0.,1.));
#2812 = PLANE('',#2813);
#2813 = AXIS2_PLACEMENT_3D('',#2814,#2815,#2816);
#2814 = CARTESIAN_POINT('',(-812.8,-1.597025E+03,2.854325E+03));
#2815 = DIRECTION('',(0.,1.,0.));
#2816 = DIRECTION('',(0.,0.,1.));
#2817 = ADVANCED_FACE('',(#2818),#2843,.F.);
#2818 = FACE_BOUND('',#2819,.F.);
#2819 = EDGE_LOOP('',(#2820,#2828,#2836,#2842));
#2820 = ORIENTED_EDGE('',*,*,#2821,.F.);
#2821 = EDGE_CURVE('',#2822,#2761,#2824,.T.);
#2822 = VERTEX_POINT('',#2823);
#2823 = CARTESIAN_POINT('',(-812.8,-1.6764E+03,3.038475E+03));
#2824 = LINE('',#2825,#2826);
#2825 = CARTESIAN_POINT('',(-812.8,-1.6764E+03,3.038475E+03));
#2826 = VECTOR('',#2827,1.);
#2827 = DIRECTION('',(0.,1.,0.));
#2828 = ORIENTED_EDGE('',*,*,#2829,.T.);
#2829 = EDGE_CURVE('',#2822,#2830,#2832,.T.);
#2830 = VERTEX_POINT('',#2831);
#2831 = CARTESIAN_POINT('',(6.3373E+03,-1.6764E+03,3.038475E+03));
#2832 = LINE('',#2833,#2834);
#2833 = CARTESIAN_POINT('',(-812.8,-1.6764E+03,3.038475E+03));
#2834 = VECTOR('',#2835,1.);
#2835 = DIRECTION('',(1.,0.,0.));
#2836 = ORIENTED_EDGE('',*,*,#2837,.T.);
#2837 = EDGE_CURVE('',#2830,#2769,#2838,.T.);
#2838 = LINE('',#2839,#2840);
#2839 = CARTESIAN_POINT('',(6.3373E+03,-1.6764E+03,3.038475E+03));
#2840 = VECTOR('',#2841,1.);
#2841 = DIRECTION('',(0.,1.,0.));
#2842 = ORIENTED_EDGE('',*,*,#2768,.F.);
#2843 = PLANE('',#2844);
#2844 = AXIS2_PLACEMENT_3D('',#2845,#2846,#2847);
#2845 = CARTESIAN_POINT('',(-812.8,-1.6764E+03,3.038475E+03));
#2846 = DIRECTION('',(0.,0.,1.));
#2847 = DIRECTION('',(1.,0.,0.));
#2848 = ADVANCED_FACE('',(#2849),#2874,.F.);
#2849 = FACE_BOUND('',#2850,.F.);
#2850 = EDGE_LOOP('',(#2851,#2852,#2860,#2868));
#2851 = ORIENTED_EDGE('',*,*,#2829,.F.);
#2852 = ORIENTED_EDGE('',*,*,#2853,.T.);
#2853 = EDGE_CURVE('',#2822,#2854,#2856,.T.);
#2854 = VERTEX_POINT('',#2855);
#2855 = CARTESIAN_POINT('',(-812.8,-1.6764E+03,3.048E+03));
#2856 = LINE('',#2857,#2858);
#2857 = CARTESIAN_POINT('',(-812.8,-1.6764E+03,3.038475E+03));
#2858 = VECTOR('',#2859,1.);
#2859 = DIRECTION('',(0.,0.,1.));
#2860 = ORIENTED_EDGE('',*,*,#2861,.T.);
#2861 = EDGE_CURVE('',#2854,#2862,#2864,.T.);
#2862 = VERTEX_POINT('',#2863);
#2863 = CARTESIAN_POINT('',(6.3373E+03,-1.6764E+03,3.048E+03));
#2864 = LINE('',#2865,#2866);
#2865 = CARTESIAN_POINT('',(-812.8,-1.6764E+03,3.048E+03));
#2866 = VECTOR('',#2867,1.);
#2867 = DIRECTION('',(1.,0.,0.));
#2868 = ORIENTED_EDGE('',*,*,#2869,.F.);
#2869 = EDGE_CURVE('',#2830,#2862,#2870,.T.);
#2870 = LINE('',#2871,#2872);
#2871 = CARTESIAN_POINT('',(6.3373E+03,-1.6764E+03,3.038475E+03));
#2872 = VECTOR('',#2873,1.);
#2873 = DIRECTION('',(0.,0.,1.));
#2874 = PLANE('',#2875);
#2875 = AXIS2_PLACEMENT_3D('',#2876,#2877,#2878);
#2876 = CARTESIAN_POINT('',(-812.8,-1.6764E+03,3.038475E+03));
#2877 = DIRECTION('',(0.,1.,0.));
#2878 = DIRECTION('',(0.,0.,1.));
#2879 = ADVANCED_FACE('',(#2880),#2905,.T.);
#2880 = FACE_BOUND('',#2881,.T.);
#2881 = EDGE_LOOP('',(#2882,#2890,#2891,#2899));
#2882 = ORIENTED_EDGE('',*,*,#2883,.F.);
#2883 = EDGE_CURVE('',#2854,#2884,#2886,.T.);
#2884 = VERTEX_POINT('',#2885);
#2885 = CARTESIAN_POINT('',(-812.8,-1.524E+03,3.048E+03));
#2886 = LINE('',#2887,#2888);
#2887 = CARTESIAN_POINT('',(-812.8,-1.6764E+03,3.048E+03));
#2888 = VECTOR('',#2889,1.);
#2889 = DIRECTION('',(0.,1.,0.));
#2890 = ORIENTED_EDGE('',*,*,#2861,.T.);
#2891 = ORIENTED_EDGE('',*,*,#2892,.T.);
#2892 = EDGE_CURVE('',#2862,#2893,#2895,.T.);
#2893 = VERTEX_POINT('',#2894);
#2894 = CARTESIAN_POINT('',(6.3373E+03,-1.524E+03,3.048E+03));
#2895 = LINE('',#2896,#2897);
#2896 = CARTESIAN_POINT('',(6.3373E+03,-1.6764E+03,3.048E+03));
#2897 = VECTOR('',#2898,1.);
#2898 = DIRECTION('',(0.,1.,0.));
#2899 = ORIENTED_EDGE('',*,*,#2900,.F.);
#2900 = EDGE_CURVE('',#2884,#2893,#2901,.T.);
#2901 = LINE('',#2902,#2903);
#2902 = CARTESIAN_POINT('',(-812.8,-1.524E+03,3.048E+03));
#2903 = VECTOR('',#2904,1.);
#2904 = DIRECTION('',(1.,0.,0.));
#2905 = PLANE('',#2906);
#2906 = AXIS2_PLACEMENT_3D('',#2907,#2908,#2909);
#2907 = CARTESIAN_POINT('',(-812.8,-1.6764E+03,3.048E+03));
#2908 = DIRECTION('',(0.,0.,1.));
#2909 = DIRECTION('',(1.,0.,0.));
#2910 = ADVANCED_FACE('',(#2911),#2936,.T.);
#2911 = FACE_BOUND('',#2912,.T.);
#2912 = EDGE_LOOP('',(#2913,#2923,#2929,#2930));
#2913 = ORIENTED_EDGE('',*,*,#2914,.F.);
#2914 = EDGE_CURVE('',#2915,#2917,#2919,.T.);
#2915 = VERTEX_POINT('',#2916);
#2916 = CARTESIAN_POINT('',(-812.8,-1.524E+03,3.038475E+03));
#2917 = VERTEX_POINT('',#2918);
#2918 = CARTESIAN_POINT('',(6.3373E+03,-1.524E+03,3.038475E+03));
#2919 = LINE('',#2920,#2921);
#2920 = CARTESIAN_POINT('',(-812.8,-1.524E+03,3.038475E+03));
#2921 = VECTOR('',#2922,1.);
#2922 = DIRECTION('',(1.,0.,0.));
#2923 = ORIENTED_EDGE('',*,*,#2924,.T.);
#2924 = EDGE_CURVE('',#2915,#2884,#2925,.T.);
#2925 = LINE('',#2926,#2927);
#2926 = CARTESIAN_POINT('',(-812.8,-1.524E+03,3.038475E+03));
#2927 = VECTOR('',#2928,1.);
#2928 = DIRECTION('',(0.,0.,1.));
#2929 = ORIENTED_EDGE('',*,*,#2900,.T.);
#2930 = ORIENTED_EDGE('',*,*,#2931,.F.);
#2931 = EDGE_CURVE('',#2917,#2893,#2932,.T.);
#2932 = LINE('',#2933,#2934);
#2933 = CARTESIAN_POINT('',(6.3373E+03,-1.524E+03,3.038475E+03));
#2934 = VECTOR('',#2935,1.);
#2935 = DIRECTION('',(0.,0.,1.));
#2936 = PLANE('',#2937);
#2937 = AXIS2_PLACEMENT_3D('',#2938,#2939,#2940);
#2938 = CARTESIAN_POINT('',(-812.8,-1.524E+03,3.038475E+03));
#2939 = DIRECTION('',(0.,1.,0.));
#2940 = DIRECTION('',(0.,0.,1.));
#2941 = ADVANCED_FACE('',(#2942),#2958,.F.);
#2942 = FACE_BOUND('',#2943,.F.);
#2943 = EDGE_LOOP('',(#2944,#2950,#2951,#2957));
#2944 = ORIENTED_EDGE('',*,*,#2945,.F.);
#2945 = EDGE_CURVE('',#2792,#2915,#2946,.T.);
#2946 = LINE('',#2947,#2948);
#2947 = CARTESIAN_POINT('',(-812.8,-1.6764E+03,3.038475E+03));
#2948 = VECTOR('',#2949,1.);
#2949 = DIRECTION('',(0.,1.,0.));
#2950 = ORIENTED_EDGE('',*,*,#2799,.T.);
#2951 = ORIENTED_EDGE('',*,*,#2952,.T.);
#2952 = EDGE_CURVE('',#2800,#2917,#2953,.T.);
#2953 = LINE('',#2954,#2955);
#2954 = CARTESIAN_POINT('',(6.3373E+03,-1.6764E+03,3.038475E+03));
#2955 = VECTOR('',#2956,1.);
#2956 = DIRECTION('',(0.,1.,0.));
#2957 = ORIENTED_EDGE('',*,*,#2914,.F.);
#2958 = PLANE('',#2959);
#2959 = AXIS2_PLACEMENT_3D('',#2960,#2961,#2962);
#2960 = CARTESIAN_POINT('',(-812.8,-1.6764E+03,3.038475E+03));
#2961 = DIRECTION('',(0.,0.,1.));
#2962 = DIRECTION('',(1.,0.,0.));
#2963 = ADVANCED_FACE('',(#2964),#2978,.T.);
#2964 = FACE_BOUND('',#2965,.T.);
#2965 = EDGE_LOOP('',(#2966,#2967,#2968,#2969,#2970,#2971,#2972,#2973,
    #2974,#2975,#2976,#2977));
#2966 = ORIENTED_EDGE('',*,*,#2698,.T.);
#2967 = ORIENTED_EDGE('',*,*,#2728,.T.);
#2968 = ORIENTED_EDGE('',*,*,#2760,.T.);
#2969 = ORIENTED_EDGE('',*,*,#2821,.F.);
#2970 = ORIENTED_EDGE('',*,*,#2853,.T.);
#2971 = ORIENTED_EDGE('',*,*,#2883,.T.);
#2972 = ORIENTED_EDGE('',*,*,#2924,.F.);
#2973 = ORIENTED_EDGE('',*,*,#2945,.F.);
#2974 = ORIENTED_EDGE('',*,*,#2791,.F.);
#2975 = ORIENTED_EDGE('',*,*,#2595,.T.);
#2976 = ORIENTED_EDGE('',*,*,#2645,.F.);
#2977 = ORIENTED_EDGE('',*,*,#2666,.F.);
#2978 = PLANE('',#2979);
#2979 = AXIS2_PLACEMENT_3D('',#2980,#2981,#2982);
#2980 = CARTESIAN_POINT('',(-812.8,-1.6002E+03,2.9464E+03));
#2981 = DIRECTION('',(-1.,-0.,-0.));
#2982 = DIRECTION('',(0.,0.,-1.));
#2983 = ADVANCED_FACE('',(#2984),#2998,.T.);
#2984 = FACE_BOUND('',#2985,.T.);
#2985 = EDGE_LOOP('',(#2986,#2987,#2988,#2989,#2990,#2991,#2992,#2993,
    #2994,#2995,#2996,#2997));
#2986 = ORIENTED_EDGE('',*,*,#2714,.F.);
#2987 = ORIENTED_EDGE('',*,*,#2682,.T.);
#2988 = ORIENTED_EDGE('',*,*,#2652,.T.);
#2989 = ORIENTED_EDGE('',*,*,#2613,.F.);
#2990 = ORIENTED_EDGE('',*,*,#2807,.T.);
#2991 = ORIENTED_EDGE('',*,*,#2952,.T.);
#2992 = ORIENTED_EDGE('',*,*,#2931,.T.);
#2993 = ORIENTED_EDGE('',*,*,#2892,.F.);
#2994 = ORIENTED_EDGE('',*,*,#2869,.F.);
#2995 = ORIENTED_EDGE('',*,*,#2837,.T.);
#2996 = ORIENTED_EDGE('',*,*,#2776,.F.);
#2997 = ORIENTED_EDGE('',*,*,#2737,.F.);
#2998 = PLANE('',#2999);
#2999 = AXIS2_PLACEMENT_3D('',#3000,#3001,#3002);
#3000 = CARTESIAN_POINT('',(6.3373E+03,-1.6002E+03,2.9464E+03));
#3001 = DIRECTION('',(1.,0.,0.));
#3002 = DIRECTION('',(0.,0.,1.));
#3003 = MANIFOLD_SOLID_BREP('',#3004);
#3004 = CLOSED_SHELL('',(#3005,#3045,#3085,#3107,#3129,#3141));
#3005 = ADVANCED_FACE('',(#3006),#3040,.F.);
#3006 = FACE_BOUND('',#3007,.F.);
#3007 = EDGE_LOOP('',(#3008,#3018,#3026,#3034));
#3008 = ORIENTED_EDGE('',*,*,#3009,.F.);
#3009 = EDGE_CURVE('',#3010,#3012,#3014,.T.);
#3010 = VERTEX_POINT('',#3011);
#3011 = CARTESIAN_POINT('',(-812.8,-76.2,2.8448E+03));
#3012 = VERTEX_POINT('',#3013);
#3013 = CARTESIAN_POINT('',(-812.8,-76.2,2.9972E+03));
#3014 = LINE('',#3015,#3016);
#3015 = CARTESIAN_POINT('',(-812.8,-76.2,2.8448E+03));
#3016 = VECTOR('',#3017,1.);
#3017 = DIRECTION('',(0.,0.,1.));
#3018 = ORIENTED_EDGE('',*,*,#3019,.T.);
#3019 = EDGE_CURVE('',#3010,#3020,#3022,.T.);
#3020 = VERTEX_POINT('',#3021);
#3021 = CARTESIAN_POINT('',(-812.8,76.2,2.8448E+03));
#3022 = LINE('',#3023,#3024);
#3023 = CARTESIAN_POINT('',(-812.8,-76.2,2.8448E+03));
#3024 = VECTOR('',#3025,1.);
#3025 = DIRECTION('',(0.,1.,0.));
#3026 = ORIENTED_EDGE('',*,*,#3027,.T.);
#3027 = EDGE_CURVE('',#3020,#3028,#3030,.T.);
#3028 = VERTEX_POINT('',#3029);
#3029 = CARTESIAN_POINT('',(-812.8,76.2,2.9972E+03));
#3030 = LINE('',#3031,#3032);
#3031 = CARTESIAN_POINT('',(-812.8,76.2,2.8448E+03));
#3032 = VECTOR('',#3033,1.);
#3033 = DIRECTION('',(0.,0.,1.));
#3034 = ORIENTED_EDGE('',*,*,#3035,.F.);
#3035 = EDGE_CURVE('',#3012,#3028,#3036,.T.);
#3036 = LINE('',#3037,#3038);
#3037 = CARTESIAN_POINT('',(-812.8,-76.2,2.9972E+03));
#3038 = VECTOR('',#3039,1.);
#3039 = DIRECTION('',(0.,1.,0.));
#3040 = PLANE('',#3041);
#3041 = AXIS2_PLACEMENT_3D('',#3042,#3043,#3044);
#3042 = CARTESIAN_POINT('',(-812.8,-76.2,2.8448E+03));
#3043 = DIRECTION('',(1.,0.,0.));
#3044 = DIRECTION('',(0.,0.,1.));
#3045 = ADVANCED_FACE('',(#3046),#3080,.T.);
#3046 = FACE_BOUND('',#3047,.T.);
#3047 = EDGE_LOOP('',(#3048,#3058,#3066,#3074));
#3048 = ORIENTED_EDGE('',*,*,#3049,.F.);
#3049 = EDGE_CURVE('',#3050,#3052,#3054,.T.);
#3050 = VERTEX_POINT('',#3051);
#3051 = CARTESIAN_POINT('',(5.69595E+03,-76.2,2.8448E+03));
#3052 = VERTEX_POINT('',#3053);
#3053 = CARTESIAN_POINT('',(5.69595E+03,-76.2,2.9972E+03));
#3054 = LINE('',#3055,#3056);
#3055 = CARTESIAN_POINT('',(5.69595E+03,-76.2,2.8448E+03));
#3056 = VECTOR('',#3057,1.);
#3057 = DIRECTION('',(0.,0.,1.));
#3058 = ORIENTED_EDGE('',*,*,#3059,.T.);
#3059 = EDGE_CURVE('',#3050,#3060,#3062,.T.);
#3060 = VERTEX_POINT('',#3061);
#3061 = CARTESIAN_POINT('',(5.69595E+03,76.2,2.8448E+03));
#3062 = LINE('',#3063,#3064);
#3063 = CARTESIAN_POINT('',(5.69595E+03,-76.2,2.8448E+03));
#3064 = VECTOR('',#3065,1.);
#3065 = DIRECTION('',(0.,1.,0.));
#3066 = ORIENTED_EDGE('',*,*,#3067,.T.);
#3067 = EDGE_CURVE('',#3060,#3068,#3070,.T.);
#3068 = VERTEX_POINT('',#3069);
#3069 = CARTESIAN_POINT('',(5.69595E+03,76.2,2.9972E+03));
#3070 = LINE('',#3071,#3072);
#3071 = CARTESIAN_POINT('',(5.69595E+03,76.2,2.8448E+03));
#3072 = VECTOR('',#3073,1.);
#3073 = DIRECTION('',(0.,0.,1.));
#3074 = ORIENTED_EDGE('',*,*,#3075,.F.);
#3075 = EDGE_CURVE('',#3052,#3068,#3076,.T.);
#3076 = LINE('',#3077,#3078);
#3077 = CARTESIAN_POINT('',(5.69595E+03,-76.2,2.9972E+03));
#3078 = VECTOR('',#3079,1.);
#3079 = DIRECTION('',(0.,1.,0.));
#3080 = PLANE('',#3081);
#3081 = AXIS2_PLACEMENT_3D('',#3082,#3083,#3084);
#3082 = CARTESIAN_POINT('',(5.69595E+03,-76.2,2.8448E+03));
#3083 = DIRECTION('',(1.,0.,0.));
#3084 = DIRECTION('',(0.,0.,1.));
#3085 = ADVANCED_FACE('',(#3086),#3102,.F.);
#3086 = FACE_BOUND('',#3087,.F.);
#3087 = EDGE_LOOP('',(#3088,#3094,#3095,#3101));
#3088 = ORIENTED_EDGE('',*,*,#3089,.F.);
#3089 = EDGE_CURVE('',#3010,#3050,#3090,.T.);
#3090 = LINE('',#3091,#3092);
#3091 = CARTESIAN_POINT('',(-812.8,-76.2,2.8448E+03));
#3092 = VECTOR('',#3093,1.);
#3093 = DIRECTION('',(1.,0.,0.));
#3094 = ORIENTED_EDGE('',*,*,#3009,.T.);
#3095 = ORIENTED_EDGE('',*,*,#3096,.T.);
#3096 = EDGE_CURVE('',#3012,#3052,#3097,.T.);
#3097 = LINE('',#3098,#3099);
#3098 = CARTESIAN_POINT('',(-812.8,-76.2,2.9972E+03));
#3099 = VECTOR('',#3100,1.);
#3100 = DIRECTION('',(1.,0.,0.));
#3101 = ORIENTED_EDGE('',*,*,#3049,.F.);
#3102 = PLANE('',#3103);
#3103 = AXIS2_PLACEMENT_3D('',#3104,#3105,#3106);
#3104 = CARTESIAN_POINT('',(-812.8,-76.2,2.8448E+03));
#3105 = DIRECTION('',(0.,1.,0.));
#3106 = DIRECTION('',(0.,0.,1.));
#3107 = ADVANCED_FACE('',(#3108),#3124,.T.);
#3108 = FACE_BOUND('',#3109,.T.);
#3109 = EDGE_LOOP('',(#3110,#3116,#3117,#3123));
#3110 = ORIENTED_EDGE('',*,*,#3111,.F.);
#3111 = EDGE_CURVE('',#3020,#3060,#3112,.T.);
#3112 = LINE('',#3113,#3114);
#3113 = CARTESIAN_POINT('',(-812.8,76.2,2.8448E+03));
#3114 = VECTOR('',#3115,1.);
#3115 = DIRECTION('',(1.,0.,0.));
#3116 = ORIENTED_EDGE('',*,*,#3027,.T.);
#3117 = ORIENTED_EDGE('',*,*,#3118,.T.);
#3118 = EDGE_CURVE('',#3028,#3068,#3119,.T.);
#3119 = LINE('',#3120,#3121);
#3120 = CARTESIAN_POINT('',(-812.8,76.2,2.9972E+03));
#3121 = VECTOR('',#3122,1.);
#3122 = DIRECTION('',(1.,0.,0.));
#3123 = ORIENTED_EDGE('',*,*,#3067,.F.);
#3124 = PLANE('',#3125);
#3125 = AXIS2_PLACEMENT_3D('',#3126,#3127,#3128);
#3126 = CARTESIAN_POINT('',(-812.8,76.2,2.8448E+03));
#3127 = DIRECTION('',(0.,1.,0.));
#3128 = DIRECTION('',(0.,0.,1.));
#3129 = ADVANCED_FACE('',(#3130),#3136,.F.);
#3130 = FACE_BOUND('',#3131,.F.);
#3131 = EDGE_LOOP('',(#3132,#3133,#3134,#3135));
#3132 = ORIENTED_EDGE('',*,*,#3019,.F.);
#3133 = ORIENTED_EDGE('',*,*,#3089,.T.);
#3134 = ORIENTED_EDGE('',*,*,#3059,.T.);
#3135 = ORIENTED_EDGE('',*,*,#3111,.F.);
#3136 = PLANE('',#3137);
#3137 = AXIS2_PLACEMENT_3D('',#3138,#3139,#3140);
#3138 = CARTESIAN_POINT('',(-812.8,-76.2,2.8448E+03));
#3139 = DIRECTION('',(0.,0.,1.));
#3140 = DIRECTION('',(1.,0.,0.));
#3141 = ADVANCED_FACE('',(#3142),#3148,.T.);
#3142 = FACE_BOUND('',#3143,.T.);
#3143 = EDGE_LOOP('',(#3144,#3145,#3146,#3147));
#3144 = ORIENTED_EDGE('',*,*,#3035,.F.);
#3145 = ORIENTED_EDGE('',*,*,#3096,.T.);
#3146 = ORIENTED_EDGE('',*,*,#3075,.T.);
#3147 = ORIENTED_EDGE('',*,*,#3118,.F.);
#3148 = PLANE('',#3149);
#3149 = AXIS2_PLACEMENT_3D('',#3150,#3151,#3152);
#3150 = CARTESIAN_POINT('',(-812.8,-76.2,2.9972E+03));
#3151 = DIRECTION('',(0.,0.,1.));
#3152 = DIRECTION('',(1.,0.,0.));
#3153 = MANIFOLD_SOLID_BREP('',#3154);
#3154 = CLOSED_SHELL('',(#3155,#3195,#3235,#3257,#3279,#3291));
#3155 = ADVANCED_FACE('',(#3156),#3190,.F.);
#3156 = FACE_BOUND('',#3157,.F.);
#3157 = EDGE_LOOP('',(#3158,#3168,#3176,#3184));
#3158 = ORIENTED_EDGE('',*,*,#3159,.F.);
#3159 = EDGE_CURVE('',#3160,#3162,#3164,.T.);
#3160 = VERTEX_POINT('',#3161);
#3161 = CARTESIAN_POINT('',(-889.,-1.6002E+03,2.8448E+03));
#3162 = VERTEX_POINT('',#3163);
#3163 = CARTESIAN_POINT('',(-889.,-1.6002E+03,2.9972E+03));
#3164 = LINE('',#3165,#3166);
#3165 = CARTESIAN_POINT('',(-889.,-1.6002E+03,2.8448E+03));
#3166 = VECTOR('',#3167,1.);
#3167 = DIRECTION('',(0.,0.,1.));
#3168 = ORIENTED_EDGE('',*,*,#3169,.T.);
#3169 = EDGE_CURVE('',#3160,#3170,#3172,.T.);
#3170 = VERTEX_POINT('',#3171);
#3171 = CARTESIAN_POINT('',(-889.,6.4262E+03,2.8448E+03));
#3172 = LINE('',#3173,#3174);
#3173 = CARTESIAN_POINT('',(-889.,-1.6002E+03,2.8448E+03));
#3174 = VECTOR('',#3175,1.);
#3175 = DIRECTION('',(0.,1.,0.));
#3176 = ORIENTED_EDGE('',*,*,#3177,.T.);
#3177 = EDGE_CURVE('',#3170,#3178,#3180,.T.);
#3178 = VERTEX_POINT('',#3179);
#3179 = CARTESIAN_POINT('',(-889.,6.4262E+03,2.9972E+03));
#3180 = LINE('',#3181,#3182);
#3181 = CARTESIAN_POINT('',(-889.,6.4262E+03,2.8448E+03));
#3182 = VECTOR('',#3183,1.);
#3183 = DIRECTION('',(0.,0.,1.));
#3184 = ORIENTED_EDGE('',*,*,#3185,.F.);
#3185 = EDGE_CURVE('',#3162,#3178,#3186,.T.);
#3186 = LINE('',#3187,#3188);
#3187 = CARTESIAN_POINT('',(-889.,-1.6002E+03,2.9972E+03));
#3188 = VECTOR('',#3189,1.);
#3189 = DIRECTION('',(0.,1.,0.));
#3190 = PLANE('',#3191);
#3191 = AXIS2_PLACEMENT_3D('',#3192,#3193,#3194);
#3192 = CARTESIAN_POINT('',(-889.,-1.6002E+03,2.8448E+03));
#3193 = DIRECTION('',(1.,0.,0.));
#3194 = DIRECTION('',(0.,0.,1.));
#3195 = ADVANCED_FACE('',(#3196),#3230,.T.);
#3196 = FACE_BOUND('',#3197,.T.);
#3197 = EDGE_LOOP('',(#3198,#3208,#3216,#3224));
#3198 = ORIENTED_EDGE('',*,*,#3199,.F.);
#3199 = EDGE_CURVE('',#3200,#3202,#3204,.T.);
#3200 = VERTEX_POINT('',#3201);
#3201 = CARTESIAN_POINT('',(-736.6,-1.6002E+03,2.8448E+03));
#3202 = VERTEX_POINT('',#3203);
#3203 = CARTESIAN_POINT('',(-736.6,-1.6002E+03,2.9972E+03));
#3204 = LINE('',#3205,#3206);
#3205 = CARTESIAN_POINT('',(-736.6,-1.6002E+03,2.8448E+03));
#3206 = VECTOR('',#3207,1.);
#3207 = DIRECTION('',(0.,0.,1.));
#3208 = ORIENTED_EDGE('',*,*,#3209,.T.);
#3209 = EDGE_CURVE('',#3200,#3210,#3212,.T.);
#3210 = VERTEX_POINT('',#3211);
#3211 = CARTESIAN_POINT('',(-736.6,6.4262E+03,2.8448E+03));
#3212 = LINE('',#3213,#3214);
#3213 = CARTESIAN_POINT('',(-736.6,-1.6002E+03,2.8448E+03));
#3214 = VECTOR('',#3215,1.);
#3215 = DIRECTION('',(0.,1.,0.));
#3216 = ORIENTED_EDGE('',*,*,#3217,.T.);
#3217 = EDGE_CURVE('',#3210,#3218,#3220,.T.);
#3218 = VERTEX_POINT('',#3219);
#3219 = CARTESIAN_POINT('',(-736.6,6.4262E+03,2.9972E+03));
#3220 = LINE('',#3221,#3222);
#3221 = CARTESIAN_POINT('',(-736.6,6.4262E+03,2.8448E+03));
#3222 = VECTOR('',#3223,1.);
#3223 = DIRECTION('',(0.,0.,1.));
#3224 = ORIENTED_EDGE('',*,*,#3225,.F.);
#3225 = EDGE_CURVE('',#3202,#3218,#3226,.T.);
#3226 = LINE('',#3227,#3228);
#3227 = CARTESIAN_POINT('',(-736.6,-1.6002E+03,2.9972E+03));
#3228 = VECTOR('',#3229,1.);
#3229 = DIRECTION('',(0.,1.,0.));
#3230 = PLANE('',#3231);
#3231 = AXIS2_PLACEMENT_3D('',#3232,#3233,#3234);
#3232 = CARTESIAN_POINT('',(-736.6,-1.6002E+03,2.8448E+03));
#3233 = DIRECTION('',(1.,0.,0.));
#3234 = DIRECTION('',(0.,0.,1.));
#3235 = ADVANCED_FACE('',(#3236),#3252,.F.);
#3236 = FACE_BOUND('',#3237,.F.);
#3237 = EDGE_LOOP('',(#3238,#3244,#3245,#3251));
#3238 = ORIENTED_EDGE('',*,*,#3239,.F.);
#3239 = EDGE_CURVE('',#3160,#3200,#3240,.T.);
#3240 = LINE('',#3241,#3242);
#3241 = CARTESIAN_POINT('',(-889.,-1.6002E+03,2.8448E+03));
#3242 = VECTOR('',#3243,1.);
#3243 = DIRECTION('',(1.,0.,0.));
#3244 = ORIENTED_EDGE('',*,*,#3159,.T.);
#3245 = ORIENTED_EDGE('',*,*,#3246,.T.);
#3246 = EDGE_CURVE('',#3162,#3202,#3247,.T.);
#3247 = LINE('',#3248,#3249);
#3248 = CARTESIAN_POINT('',(-889.,-1.6002E+03,2.9972E+03));
#3249 = VECTOR('',#3250,1.);
#3250 = DIRECTION('',(1.,0.,0.));
#3251 = ORIENTED_EDGE('',*,*,#3199,.F.);
#3252 = PLANE('',#3253);
#3253 = AXIS2_PLACEMENT_3D('',#3254,#3255,#3256);
#3254 = CARTESIAN_POINT('',(-889.,-1.6002E+03,2.8448E+03));
#3255 = DIRECTION('',(0.,1.,0.));
#3256 = DIRECTION('',(0.,0.,1.));
#3257 = ADVANCED_FACE('',(#3258),#3274,.T.);
#3258 = FACE_BOUND('',#3259,.T.);
#3259 = EDGE_LOOP('',(#3260,#3266,#3267,#3273));
#3260 = ORIENTED_EDGE('',*,*,#3261,.F.);
#3261 = EDGE_CURVE('',#3170,#3210,#3262,.T.);
#3262 = LINE('',#3263,#3264);
#3263 = CARTESIAN_POINT('',(-889.,6.4262E+03,2.8448E+03));
#3264 = VECTOR('',#3265,1.);
#3265 = DIRECTION('',(1.,0.,0.));
#3266 = ORIENTED_EDGE('',*,*,#3177,.T.);
#3267 = ORIENTED_EDGE('',*,*,#3268,.T.);
#3268 = EDGE_CURVE('',#3178,#3218,#3269,.T.);
#3269 = LINE('',#3270,#3271);
#3270 = CARTESIAN_POINT('',(-889.,6.4262E+03,2.9972E+03));
#3271 = VECTOR('',#3272,1.);
#3272 = DIRECTION('',(1.,0.,0.));
#3273 = ORIENTED_EDGE('',*,*,#3217,.F.);
#3274 = PLANE('',#3275);
#3275 = AXIS2_PLACEMENT_3D('',#3276,#3277,#3278);
#3276 = CARTESIAN_POINT('',(-889.,6.4262E+03,2.8448E+03));
#3277 = DIRECTION('',(0.,1.,0.));
#3278 = DIRECTION('',(0.,0.,1.));
#3279 = ADVANCED_FACE('',(#3280),#3286,.F.);
#3280 = FACE_BOUND('',#3281,.F.);
#3281 = EDGE_LOOP('',(#3282,#3283,#3284,#3285));
#3282 = ORIENTED_EDGE('',*,*,#3169,.F.);
#3283 = ORIENTED_EDGE('',*,*,#3239,.T.);
#3284 = ORIENTED_EDGE('',*,*,#3209,.T.);
#3285 = ORIENTED_EDGE('',*,*,#3261,.F.);
#3286 = PLANE('',#3287);
#3287 = AXIS2_PLACEMENT_3D('',#3288,#3289,#3290);
#3288 = CARTESIAN_POINT('',(-889.,-1.6002E+03,2.8448E+03));
#3289 = DIRECTION('',(0.,0.,1.));
#3290 = DIRECTION('',(1.,0.,0.));
#3291 = ADVANCED_FACE('',(#3292),#3298,.T.);
#3292 = FACE_BOUND('',#3293,.T.);
#3293 = EDGE_LOOP('',(#3294,#3295,#3296,#3297));
#3294 = ORIENTED_EDGE('',*,*,#3185,.F.);
#3295 = ORIENTED_EDGE('',*,*,#3246,.T.);
#3296 = ORIENTED_EDGE('',*,*,#3225,.T.);
#3297 = ORIENTED_EDGE('',*,*,#3268,.F.);
#3298 = PLANE('',#3299);
#3299 = AXIS2_PLACEMENT_3D('',#3300,#3301,#3302);
#3300 = CARTESIAN_POINT('',(-889.,-1.6002E+03,2.9972E+03));
#3301 = DIRECTION('',(0.,0.,1.));
#3302 = DIRECTION('',(1.,0.,0.));
#3303 = MANIFOLD_SOLID_BREP('',#3304);
#3304 = CLOSED_SHELL('',(#3305,#3345,#3385,#3407,#3429,#3441));
#3305 = ADVANCED_FACE('',(#3306),#3340,.F.);
#3306 = FACE_BOUND('',#3307,.F.);
#3307 = EDGE_LOOP('',(#3308,#3318,#3326,#3334));
#3308 = ORIENTED_EDGE('',*,*,#3309,.F.);
#3309 = EDGE_CURVE('',#3310,#3312,#3314,.T.);
#3310 = VERTEX_POINT('',#3311);
#3311 = CARTESIAN_POINT('',(5.61975E+03,-1.6002E+03,2.8448E+03));
#3312 = VERTEX_POINT('',#3313);
#3313 = CARTESIAN_POINT('',(5.61975E+03,-1.6002E+03,2.9972E+03));
#3314 = LINE('',#3315,#3316);
#3315 = CARTESIAN_POINT('',(5.61975E+03,-1.6002E+03,2.8448E+03));
#3316 = VECTOR('',#3317,1.);
#3317 = DIRECTION('',(0.,0.,1.));
#3318 = ORIENTED_EDGE('',*,*,#3319,.T.);
#3319 = EDGE_CURVE('',#3310,#3320,#3322,.T.);
#3320 = VERTEX_POINT('',#3321);
#3321 = CARTESIAN_POINT('',(5.61975E+03,6.4262E+03,2.8448E+03));
#3322 = LINE('',#3323,#3324);
#3323 = CARTESIAN_POINT('',(5.61975E+03,-1.6002E+03,2.8448E+03));
#3324 = VECTOR('',#3325,1.);
#3325 = DIRECTION('',(0.,1.,0.));
#3326 = ORIENTED_EDGE('',*,*,#3327,.T.);
#3327 = EDGE_CURVE('',#3320,#3328,#3330,.T.);
#3328 = VERTEX_POINT('',#3329);
#3329 = CARTESIAN_POINT('',(5.61975E+03,6.4262E+03,2.9972E+03));
#3330 = LINE('',#3331,#3332);
#3331 = CARTESIAN_POINT('',(5.61975E+03,6.4262E+03,2.8448E+03));
#3332 = VECTOR('',#3333,1.);
#3333 = DIRECTION('',(0.,0.,1.));
#3334 = ORIENTED_EDGE('',*,*,#3335,.F.);
#3335 = EDGE_CURVE('',#3312,#3328,#3336,.T.);
#3336 = LINE('',#3337,#3338);
#3337 = CARTESIAN_POINT('',(5.61975E+03,-1.6002E+03,2.9972E+03));
#3338 = VECTOR('',#3339,1.);
#3339 = DIRECTION('',(0.,1.,0.));
#3340 = PLANE('',#3341);
#3341 = AXIS2_PLACEMENT_3D('',#3342,#3343,#3344);
#3342 = CARTESIAN_POINT('',(5.61975E+03,-1.6002E+03,2.8448E+03));
#3343 = DIRECTION('',(1.,0.,0.));
#3344 = DIRECTION('',(0.,0.,1.));
#3345 = ADVANCED_FACE('',(#3346),#3380,.T.);
#3346 = FACE_BOUND('',#3347,.T.);
#3347 = EDGE_LOOP('',(#3348,#3358,#3366,#3374));
#3348 = ORIENTED_EDGE('',*,*,#3349,.F.);
#3349 = EDGE_CURVE('',#3350,#3352,#3354,.T.);
#3350 = VERTEX_POINT('',#3351);
#3351 = CARTESIAN_POINT('',(5.77215E+03,-1.6002E+03,2.8448E+03));
#3352 = VERTEX_POINT('',#3353);
#3353 = CARTESIAN_POINT('',(5.77215E+03,-1.6002E+03,2.9972E+03));
#3354 = LINE('',#3355,#3356);
#3355 = CARTESIAN_POINT('',(5.77215E+03,-1.6002E+03,2.8448E+03));
#3356 = VECTOR('',#3357,1.);
#3357 = DIRECTION('',(0.,0.,1.));
#3358 = ORIENTED_EDGE('',*,*,#3359,.T.);
#3359 = EDGE_CURVE('',#3350,#3360,#3362,.T.);
#3360 = VERTEX_POINT('',#3361);
#3361 = CARTESIAN_POINT('',(5.77215E+03,6.4262E+03,2.8448E+03));
#3362 = LINE('',#3363,#3364);
#3363 = CARTESIAN_POINT('',(5.77215E+03,-1.6002E+03,2.8448E+03));
#3364 = VECTOR('',#3365,1.);
#3365 = DIRECTION('',(0.,1.,0.));
#3366 = ORIENTED_EDGE('',*,*,#3367,.T.);
#3367 = EDGE_CURVE('',#3360,#3368,#3370,.T.);
#3368 = VERTEX_POINT('',#3369);
#3369 = CARTESIAN_POINT('',(5.77215E+03,6.4262E+03,2.9972E+03));
#3370 = LINE('',#3371,#3372);
#3371 = CARTESIAN_POINT('',(5.77215E+03,6.4262E+03,2.8448E+03));
#3372 = VECTOR('',#3373,1.);
#3373 = DIRECTION('',(0.,0.,1.));
#3374 = ORIENTED_EDGE('',*,*,#3375,.F.);
#3375 = EDGE_CURVE('',#3352,#3368,#3376,.T.);
#3376 = LINE('',#3377,#3378);
#3377 = CARTESIAN_POINT('',(5.77215E+03,-1.6002E+03,2.9972E+03));
#3378 = VECTOR('',#3379,1.);
#3379 = DIRECTION('',(0.,1.,0.));
#3380 = PLANE('',#3381);
#3381 = AXIS2_PLACEMENT_3D('',#3382,#3383,#3384);
#3382 = CARTESIAN_POINT('',(5.77215E+03,-1.6002E+03,2.8448E+03));
#3383 = DIRECTION('',(1.,0.,0.));
#3384 = DIRECTION('',(0.,0.,1.));
#3385 = ADVANCED_FACE('',(#3386),#3402,.F.);
#3386 = FACE_BOUND('',#3387,.F.);
#3387 = EDGE_LOOP('',(#3388,#3394,#3395,#3401));
#3388 = ORIENTED_EDGE('',*,*,#3389,.F.);
#3389 = EDGE_CURVE('',#3310,#3350,#3390,.T.);
#3390 = LINE('',#3391,#3392);
#3391 = CARTESIAN_POINT('',(5.61975E+03,-1.6002E+03,2.8448E+03));
#3392 = VECTOR('',#3393,1.);
#3393 = DIRECTION('',(1.,0.,0.));
#3394 = ORIENTED_EDGE('',*,*,#3309,.T.);
#3395 = ORIENTED_EDGE('',*,*,#3396,.T.);
#3396 = EDGE_CURVE('',#3312,#3352,#3397,.T.);
#3397 = LINE('',#3398,#3399);
#3398 = CARTESIAN_POINT('',(5.61975E+03,-1.6002E+03,2.9972E+03));
#3399 = VECTOR('',#3400,1.);
#3400 = DIRECTION('',(1.,0.,0.));
#3401 = ORIENTED_EDGE('',*,*,#3349,.F.);
#3402 = PLANE('',#3403);
#3403 = AXIS2_PLACEMENT_3D('',#3404,#3405,#3406);
#3404 = CARTESIAN_POINT('',(5.61975E+03,-1.6002E+03,2.8448E+03));
#3405 = DIRECTION('',(0.,1.,0.));
#3406 = DIRECTION('',(0.,0.,1.));
#3407 = ADVANCED_FACE('',(#3408),#3424,.T.);
#3408 = FACE_BOUND('',#3409,.T.);
#3409 = EDGE_LOOP('',(#3410,#3416,#3417,#3423));
#3410 = ORIENTED_EDGE('',*,*,#3411,.F.);
#3411 = EDGE_CURVE('',#3320,#3360,#3412,.T.);
#3412 = LINE('',#3413,#3414);
#3413 = CARTESIAN_POINT('',(5.61975E+03,6.4262E+03,2.8448E+03));
#3414 = VECTOR('',#3415,1.);
#3415 = DIRECTION('',(1.,0.,0.));
#3416 = ORIENTED_EDGE('',*,*,#3327,.T.);
#3417 = ORIENTED_EDGE('',*,*,#3418,.T.);
#3418 = EDGE_CURVE('',#3328,#3368,#3419,.T.);
#3419 = LINE('',#3420,#3421);
#3420 = CARTESIAN_POINT('',(5.61975E+03,6.4262E+03,2.9972E+03));
#3421 = VECTOR('',#3422,1.);
#3422 = DIRECTION('',(1.,0.,0.));
#3423 = ORIENTED_EDGE('',*,*,#3367,.F.);
#3424 = PLANE('',#3425);
#3425 = AXIS2_PLACEMENT_3D('',#3426,#3427,#3428);
#3426 = CARTESIAN_POINT('',(5.61975E+03,6.4262E+03,2.8448E+03));
#3427 = DIRECTION('',(0.,1.,0.));
#3428 = DIRECTION('',(0.,0.,1.));
#3429 = ADVANCED_FACE('',(#3430),#3436,.F.);
#3430 = FACE_BOUND('',#3431,.F.);
#3431 = EDGE_LOOP('',(#3432,#3433,#3434,#3435));
#3432 = ORIENTED_EDGE('',*,*,#3319,.F.);
#3433 = ORIENTED_EDGE('',*,*,#3389,.T.);
#3434 = ORIENTED_EDGE('',*,*,#3359,.T.);
#3435 = ORIENTED_EDGE('',*,*,#3411,.F.);
#3436 = PLANE('',#3437);
#3437 = AXIS2_PLACEMENT_3D('',#3438,#3439,#3440);
#3438 = CARTESIAN_POINT('',(5.61975E+03,-1.6002E+03,2.8448E+03));
#3439 = DIRECTION('',(0.,0.,1.));
#3440 = DIRECTION('',(1.,0.,0.));
#3441 = ADVANCED_FACE('',(#3442),#3448,.T.);
#3442 = FACE_BOUND('',#3443,.T.);
#3443 = EDGE_LOOP('',(#3444,#3445,#3446,#3447));
#3444 = ORIENTED_EDGE('',*,*,#3335,.F.);
#3445 = ORIENTED_EDGE('',*,*,#3396,.T.);
#3446 = ORIENTED_EDGE('',*,*,#3375,.T.);
#3447 = ORIENTED_EDGE('',*,*,#3418,.F.);
#3448 = PLANE('',#3449);
#3449 = AXIS2_PLACEMENT_3D('',#3450,#3451,#3452);
#3450 = CARTESIAN_POINT('',(5.61975E+03,-1.6002E+03,2.9972E+03));
#3451 = DIRECTION('',(0.,0.,1.));
#3452 = DIRECTION('',(1.,0.,0.));
#3453 = MANIFOLD_SOLID_BREP('',#3454);
#3454 = CLOSED_SHELL('',(#3455,#3495,#3535,#3557,#3579,#3591));
#3455 = ADVANCED_FACE('',(#3456),#3490,.F.);
#3456 = FACE_BOUND('',#3457,.F.);
#3457 = EDGE_LOOP('',(#3458,#3468,#3476,#3484));
#3458 = ORIENTED_EDGE('',*,*,#3459,.F.);
#3459 = EDGE_CURVE('',#3460,#3462,#3464,.T.);
#3460 = VERTEX_POINT('',#3461);
#3461 = CARTESIAN_POINT('',(-812.8,6.2484E+03,2.8448E+03));
#3462 = VERTEX_POINT('',#3463);
#3463 = CARTESIAN_POINT('',(-812.8,6.2484E+03,2.9972E+03));
#3464 = LINE('',#3465,#3466);
#3465 = CARTESIAN_POINT('',(-812.8,6.2484E+03,2.8448E+03));
#3466 = VECTOR('',#3467,1.);
#3467 = DIRECTION('',(0.,0.,1.));
#3468 = ORIENTED_EDGE('',*,*,#3469,.T.);
#3469 = EDGE_CURVE('',#3460,#3470,#3472,.T.);
#3470 = VERTEX_POINT('',#3471);
#3471 = CARTESIAN_POINT('',(-812.8,6.4008E+03,2.8448E+03));
#3472 = LINE('',#3473,#3474);
#3473 = CARTESIAN_POINT('',(-812.8,6.2484E+03,2.8448E+03));
#3474 = VECTOR('',#3475,1.);
#3475 = DIRECTION('',(0.,1.,0.));
#3476 = ORIENTED_EDGE('',*,*,#3477,.T.);
#3477 = EDGE_CURVE('',#3470,#3478,#3480,.T.);
#3478 = VERTEX_POINT('',#3479);
#3479 = CARTESIAN_POINT('',(-812.8,6.4008E+03,2.9972E+03));
#3480 = LINE('',#3481,#3482);
#3481 = CARTESIAN_POINT('',(-812.8,6.4008E+03,2.8448E+03));
#3482 = VECTOR('',#3483,1.);
#3483 = DIRECTION('',(0.,0.,1.));
#3484 = ORIENTED_EDGE('',*,*,#3485,.F.);
#3485 = EDGE_CURVE('',#3462,#3478,#3486,.T.);
#3486 = LINE('',#3487,#3488);
#3487 = CARTESIAN_POINT('',(-812.8,6.2484E+03,2.9972E+03));
#3488 = VECTOR('',#3489,1.);
#3489 = DIRECTION('',(0.,1.,0.));
#3490 = PLANE('',#3491);
#3491 = AXIS2_PLACEMENT_3D('',#3492,#3493,#3494);
#3492 = CARTESIAN_POINT('',(-812.8,6.2484E+03,2.8448E+03));
#3493 = DIRECTION('',(1.,0.,0.));
#3494 = DIRECTION('',(0.,0.,1.));
#3495 = ADVANCED_FACE('',(#3496),#3530,.T.);
#3496 = FACE_BOUND('',#3497,.T.);
#3497 = EDGE_LOOP('',(#3498,#3508,#3516,#3524));
#3498 = ORIENTED_EDGE('',*,*,#3499,.F.);
#3499 = EDGE_CURVE('',#3500,#3502,#3504,.T.);
#3500 = VERTEX_POINT('',#3501);
#3501 = CARTESIAN_POINT('',(6.3373E+03,6.2484E+03,2.8448E+03));
#3502 = VERTEX_POINT('',#3503);
#3503 = CARTESIAN_POINT('',(6.3373E+03,6.2484E+03,2.9972E+03));
#3504 = LINE('',#3505,#3506);
#3505 = CARTESIAN_POINT('',(6.3373E+03,6.2484E+03,2.8448E+03));
#3506 = VECTOR('',#3507,1.);
#3507 = DIRECTION('',(0.,0.,1.));
#3508 = ORIENTED_EDGE('',*,*,#3509,.T.);
#3509 = EDGE_CURVE('',#3500,#3510,#3512,.T.);
#3510 = VERTEX_POINT('',#3511);
#3511 = CARTESIAN_POINT('',(6.3373E+03,6.4008E+03,2.8448E+03));
#3512 = LINE('',#3513,#3514);
#3513 = CARTESIAN_POINT('',(6.3373E+03,6.2484E+03,2.8448E+03));
#3514 = VECTOR('',#3515,1.);
#3515 = DIRECTION('',(0.,1.,0.));
#3516 = ORIENTED_EDGE('',*,*,#3517,.T.);
#3517 = EDGE_CURVE('',#3510,#3518,#3520,.T.);
#3518 = VERTEX_POINT('',#3519);
#3519 = CARTESIAN_POINT('',(6.3373E+03,6.4008E+03,2.9972E+03));
#3520 = LINE('',#3521,#3522);
#3521 = CARTESIAN_POINT('',(6.3373E+03,6.4008E+03,2.8448E+03));
#3522 = VECTOR('',#3523,1.);
#3523 = DIRECTION('',(0.,0.,1.));
#3524 = ORIENTED_EDGE('',*,*,#3525,.F.);
#3525 = EDGE_CURVE('',#3502,#3518,#3526,.T.);
#3526 = LINE('',#3527,#3528);
#3527 = CARTESIAN_POINT('',(6.3373E+03,6.2484E+03,2.9972E+03));
#3528 = VECTOR('',#3529,1.);
#3529 = DIRECTION('',(0.,1.,0.));
#3530 = PLANE('',#3531);
#3531 = AXIS2_PLACEMENT_3D('',#3532,#3533,#3534);
#3532 = CARTESIAN_POINT('',(6.3373E+03,6.2484E+03,2.8448E+03));
#3533 = DIRECTION('',(1.,0.,0.));
#3534 = DIRECTION('',(0.,0.,1.));
#3535 = ADVANCED_FACE('',(#3536),#3552,.F.);
#3536 = FACE_BOUND('',#3537,.F.);
#3537 = EDGE_LOOP('',(#3538,#3544,#3545,#3551));
#3538 = ORIENTED_EDGE('',*,*,#3539,.F.);
#3539 = EDGE_CURVE('',#3460,#3500,#3540,.T.);
#3540 = LINE('',#3541,#3542);
#3541 = CARTESIAN_POINT('',(-812.8,6.2484E+03,2.8448E+03));
#3542 = VECTOR('',#3543,1.);
#3543 = DIRECTION('',(1.,0.,0.));
#3544 = ORIENTED_EDGE('',*,*,#3459,.T.);
#3545 = ORIENTED_EDGE('',*,*,#3546,.T.);
#3546 = EDGE_CURVE('',#3462,#3502,#3547,.T.);
#3547 = LINE('',#3548,#3549);
#3548 = CARTESIAN_POINT('',(-812.8,6.2484E+03,2.9972E+03));
#3549 = VECTOR('',#3550,1.);
#3550 = DIRECTION('',(1.,0.,0.));
#3551 = ORIENTED_EDGE('',*,*,#3499,.F.);
#3552 = PLANE('',#3553);
#3553 = AXIS2_PLACEMENT_3D('',#3554,#3555,#3556);
#3554 = CARTESIAN_POINT('',(-812.8,6.2484E+03,2.8448E+03));
#3555 = DIRECTION('',(0.,1.,0.));
#3556 = DIRECTION('',(0.,0.,1.));
#3557 = ADVANCED_FACE('',(#3558),#3574,.T.);
#3558 = FACE_BOUND('',#3559,.T.);
#3559 = EDGE_LOOP('',(#3560,#3566,#3567,#3573));
#3560 = ORIENTED_EDGE('',*,*,#3561,.F.);
#3561 = EDGE_CURVE('',#3470,#3510,#3562,.T.);
#3562 = LINE('',#3563,#3564);
#3563 = CARTESIAN_POINT('',(-812.8,6.4008E+03,2.8448E+03));
#3564 = VECTOR('',#3565,1.);
#3565 = DIRECTION('',(1.,0.,0.));
#3566 = ORIENTED_EDGE('',*,*,#3477,.T.);
#3567 = ORIENTED_EDGE('',*,*,#3568,.T.);
#3568 = EDGE_CURVE('',#3478,#3518,#3569,.T.);
#3569 = LINE('',#3570,#3571);
#3570 = CARTESIAN_POINT('',(-812.8,6.4008E+03,2.9972E+03));
#3571 = VECTOR('',#3572,1.);
#3572 = DIRECTION('',(1.,0.,0.));
#3573 = ORIENTED_EDGE('',*,*,#3517,.F.);
#3574 = PLANE('',#3575);
#3575 = AXIS2_PLACEMENT_3D('',#3576,#3577,#3578);
#3576 = CARTESIAN_POINT('',(-812.8,6.4008E+03,2.8448E+03));
#3577 = DIRECTION('',(0.,1.,0.));
#3578 = DIRECTION('',(0.,0.,1.));
#3579 = ADVANCED_FACE('',(#3580),#3586,.F.);
#3580 = FACE_BOUND('',#3581,.F.);
#3581 = EDGE_LOOP('',(#3582,#3583,#3584,#3585));
#3582 = ORIENTED_EDGE('',*,*,#3469,.F.);
#3583 = ORIENTED_EDGE('',*,*,#3539,.T.);
#3584 = ORIENTED_EDGE('',*,*,#3509,.T.);
#3585 = ORIENTED_EDGE('',*,*,#3561,.F.);
#3586 = PLANE('',#3587);
#3587 = AXIS2_PLACEMENT_3D('',#3588,#3589,#3590);
#3588 = CARTESIAN_POINT('',(-812.8,6.2484E+03,2.8448E+03));
#3589 = DIRECTION('',(0.,0.,1.));
#3590 = DIRECTION('',(1.,0.,0.));
#3591 = ADVANCED_FACE('',(#3592),#3598,.T.);
#3592 = FACE_BOUND('',#3593,.T.);
#3593 = EDGE_LOOP('',(#3594,#3595,#3596,#3597));
#3594 = ORIENTED_EDGE('',*,*,#3485,.F.);
#3595 = ORIENTED_EDGE('',*,*,#3546,.T.);
#3596 = ORIENTED_EDGE('',*,*,#3525,.T.);
#3597 = ORIENTED_EDGE('',*,*,#3568,.F.);
#3598 = PLANE('',#3599);
#3599 = AXIS2_PLACEMENT_3D('',#3600,#3601,#3602);
#3600 = CARTESIAN_POINT('',(-812.8,6.2484E+03,2.9972E+03));
#3601 = DIRECTION('',(0.,0.,1.));
#3602 = DIRECTION('',(1.,0.,0.));
#3603 = MANIFOLD_SOLID_BREP('',#3604);
#3604 = CLOSED_SHELL('',(#3605,#3645,#3685,#3707,#3729,#3741));
#3605 = ADVANCED_FACE('',(#3606),#3640,.F.);
#3606 = FACE_BOUND('',#3607,.F.);
#3607 = EDGE_LOOP('',(#3608,#3618,#3626,#3634));
#3608 = ORIENTED_EDGE('',*,*,#3609,.F.);
#3609 = EDGE_CURVE('',#3610,#3612,#3614,.T.);
#3610 = VERTEX_POINT('',#3611);
#3611 = CARTESIAN_POINT('',(-812.8,1.69545E+03,3.7374384992E+03));
#3612 = VERTEX_POINT('',#3613);
#3613 = CARTESIAN_POINT('',(-812.8,1.69545E+03,3.8898384992E+03));
#3614 = LINE('',#3615,#3616);
#3615 = CARTESIAN_POINT('',(-812.8,1.69545E+03,3.7374384992E+03));
#3616 = VECTOR('',#3617,1.);
#3617 = DIRECTION('',(0.,0.,1.));
#3618 = ORIENTED_EDGE('',*,*,#3619,.T.);
#3619 = EDGE_CURVE('',#3610,#3620,#3622,.T.);
#3620 = VERTEX_POINT('',#3621);
#3621 = CARTESIAN_POINT('',(-812.8,1.84785E+03,3.7374384992E+03));
#3622 = LINE('',#3623,#3624);
#3623 = CARTESIAN_POINT('',(-812.8,1.69545E+03,3.7374384992E+03));
#3624 = VECTOR('',#3625,1.);
#3625 = DIRECTION('',(0.,1.,0.));
#3626 = ORIENTED_EDGE('',*,*,#3627,.T.);
#3627 = EDGE_CURVE('',#3620,#3628,#3630,.T.);
#3628 = VERTEX_POINT('',#3629);
#3629 = CARTESIAN_POINT('',(-812.8,1.84785E+03,3.8898384992E+03));
#3630 = LINE('',#3631,#3632);
#3631 = CARTESIAN_POINT('',(-812.8,1.84785E+03,3.7374384992E+03));
#3632 = VECTOR('',#3633,1.);
#3633 = DIRECTION('',(0.,0.,1.));
#3634 = ORIENTED_EDGE('',*,*,#3635,.F.);
#3635 = EDGE_CURVE('',#3612,#3628,#3636,.T.);
#3636 = LINE('',#3637,#3638);
#3637 = CARTESIAN_POINT('',(-812.8,1.69545E+03,3.8898384992E+03));
#3638 = VECTOR('',#3639,1.);
#3639 = DIRECTION('',(0.,1.,0.));
#3640 = PLANE('',#3641);
#3641 = AXIS2_PLACEMENT_3D('',#3642,#3643,#3644);
#3642 = CARTESIAN_POINT('',(-812.8,1.69545E+03,3.7374384992E+03));
#3643 = DIRECTION('',(1.,0.,0.));
#3644 = DIRECTION('',(0.,0.,1.));
#3645 = ADVANCED_FACE('',(#3646),#3680,.T.);
#3646 = FACE_BOUND('',#3647,.T.);
#3647 = EDGE_LOOP('',(#3648,#3658,#3666,#3674));
#3648 = ORIENTED_EDGE('',*,*,#3649,.F.);
#3649 = EDGE_CURVE('',#3650,#3652,#3654,.T.);
#3650 = VERTEX_POINT('',#3651);
#3651 = CARTESIAN_POINT('',(5.69595E+03,1.69545E+03,3.7374384992E+03));
#3652 = VERTEX_POINT('',#3653);
#3653 = CARTESIAN_POINT('',(5.69595E+03,1.69545E+03,3.8898384992E+03));
#3654 = LINE('',#3655,#3656);
#3655 = CARTESIAN_POINT('',(5.69595E+03,1.69545E+03,3.7374384992E+03));
#3656 = VECTOR('',#3657,1.);
#3657 = DIRECTION('',(0.,0.,1.));
#3658 = ORIENTED_EDGE('',*,*,#3659,.T.);
#3659 = EDGE_CURVE('',#3650,#3660,#3662,.T.);
#3660 = VERTEX_POINT('',#3661);
#3661 = CARTESIAN_POINT('',(5.69595E+03,1.84785E+03,3.7374384992E+03));
#3662 = LINE('',#3663,#3664);
#3663 = CARTESIAN_POINT('',(5.69595E+03,1.69545E+03,3.7374384992E+03));
#3664 = VECTOR('',#3665,1.);
#3665 = DIRECTION('',(0.,1.,0.));
#3666 = ORIENTED_EDGE('',*,*,#3667,.T.);
#3667 = EDGE_CURVE('',#3660,#3668,#3670,.T.);
#3668 = VERTEX_POINT('',#3669);
#3669 = CARTESIAN_POINT('',(5.69595E+03,1.84785E+03,3.8898384992E+03));
#3670 = LINE('',#3671,#3672);
#3671 = CARTESIAN_POINT('',(5.69595E+03,1.84785E+03,3.7374384992E+03));
#3672 = VECTOR('',#3673,1.);
#3673 = DIRECTION('',(0.,0.,1.));
#3674 = ORIENTED_EDGE('',*,*,#3675,.F.);
#3675 = EDGE_CURVE('',#3652,#3668,#3676,.T.);
#3676 = LINE('',#3677,#3678);
#3677 = CARTESIAN_POINT('',(5.69595E+03,1.69545E+03,3.8898384992E+03));
#3678 = VECTOR('',#3679,1.);
#3679 = DIRECTION('',(0.,1.,0.));
#3680 = PLANE('',#3681);
#3681 = AXIS2_PLACEMENT_3D('',#3682,#3683,#3684);
#3682 = CARTESIAN_POINT('',(5.69595E+03,1.69545E+03,3.7374384992E+03));
#3683 = DIRECTION('',(1.,0.,0.));
#3684 = DIRECTION('',(0.,0.,1.));
#3685 = ADVANCED_FACE('',(#3686),#3702,.F.);
#3686 = FACE_BOUND('',#3687,.F.);
#3687 = EDGE_LOOP('',(#3688,#3694,#3695,#3701));
#3688 = ORIENTED_EDGE('',*,*,#3689,.F.);
#3689 = EDGE_CURVE('',#3610,#3650,#3690,.T.);
#3690 = LINE('',#3691,#3692);
#3691 = CARTESIAN_POINT('',(-812.8,1.69545E+03,3.7374384992E+03));
#3692 = VECTOR('',#3693,1.);
#3693 = DIRECTION('',(1.,0.,0.));
#3694 = ORIENTED_EDGE('',*,*,#3609,.T.);
#3695 = ORIENTED_EDGE('',*,*,#3696,.T.);
#3696 = EDGE_CURVE('',#3612,#3652,#3697,.T.);
#3697 = LINE('',#3698,#3699);
#3698 = CARTESIAN_POINT('',(-812.8,1.69545E+03,3.8898384992E+03));
#3699 = VECTOR('',#3700,1.);
#3700 = DIRECTION('',(1.,0.,0.));
#3701 = ORIENTED_EDGE('',*,*,#3649,.F.);
#3702 = PLANE('',#3703);
#3703 = AXIS2_PLACEMENT_3D('',#3704,#3705,#3706);
#3704 = CARTESIAN_POINT('',(-812.8,1.69545E+03,3.7374384992E+03));
#3705 = DIRECTION('',(0.,1.,0.));
#3706 = DIRECTION('',(0.,0.,1.));
#3707 = ADVANCED_FACE('',(#3708),#3724,.T.);
#3708 = FACE_BOUND('',#3709,.T.);
#3709 = EDGE_LOOP('',(#3710,#3716,#3717,#3723));
#3710 = ORIENTED_EDGE('',*,*,#3711,.F.);
#3711 = EDGE_CURVE('',#3620,#3660,#3712,.T.);
#3712 = LINE('',#3713,#3714);
#3713 = CARTESIAN_POINT('',(-812.8,1.84785E+03,3.7374384992E+03));
#3714 = VECTOR('',#3715,1.);
#3715 = DIRECTION('',(1.,0.,0.));
#3716 = ORIENTED_EDGE('',*,*,#3627,.T.);
#3717 = ORIENTED_EDGE('',*,*,#3718,.T.);
#3718 = EDGE_CURVE('',#3628,#3668,#3719,.T.);
#3719 = LINE('',#3720,#3721);
#3720 = CARTESIAN_POINT('',(-812.8,1.84785E+03,3.8898384992E+03));
#3721 = VECTOR('',#3722,1.);
#3722 = DIRECTION('',(1.,0.,0.));
#3723 = ORIENTED_EDGE('',*,*,#3667,.F.);
#3724 = PLANE('',#3725);
#3725 = AXIS2_PLACEMENT_3D('',#3726,#3727,#3728);
#3726 = CARTESIAN_POINT('',(-812.8,1.84785E+03,3.7374384992E+03));
#3727 = DIRECTION('',(0.,1.,0.));
#3728 = DIRECTION('',(0.,0.,1.));
#3729 = ADVANCED_FACE('',(#3730),#3736,.F.);
#3730 = FACE_BOUND('',#3731,.F.);
#3731 = EDGE_LOOP('',(#3732,#3733,#3734,#3735));
#3732 = ORIENTED_EDGE('',*,*,#3619,.F.);
#3733 = ORIENTED_EDGE('',*,*,#3689,.T.);
#3734 = ORIENTED_EDGE('',*,*,#3659,.T.);
#3735 = ORIENTED_EDGE('',*,*,#3711,.F.);
#3736 = PLANE('',#3737);
#3737 = AXIS2_PLACEMENT_3D('',#3738,#3739,#3740);
#3738 = CARTESIAN_POINT('',(-812.8,1.69545E+03,3.7374384992E+03));
#3739 = DIRECTION('',(0.,0.,1.));
#3740 = DIRECTION('',(1.,0.,0.));
#3741 = ADVANCED_FACE('',(#3742),#3748,.T.);
#3742 = FACE_BOUND('',#3743,.T.);
#3743 = EDGE_LOOP('',(#3744,#3745,#3746,#3747));
#3744 = ORIENTED_EDGE('',*,*,#3635,.F.);
#3745 = ORIENTED_EDGE('',*,*,#3696,.T.);
#3746 = ORIENTED_EDGE('',*,*,#3675,.T.);
#3747 = ORIENTED_EDGE('',*,*,#3718,.F.);
#3748 = PLANE('',#3749);
#3749 = AXIS2_PLACEMENT_3D('',#3750,#3751,#3752);
#3750 = CARTESIAN_POINT('',(-812.8,1.69545E+03,3.8898384992E+03));
#3751 = DIRECTION('',(0.,0.,1.));
#3752 = DIRECTION('',(1.,0.,0.));
#3753 = MANIFOLD_SOLID_BREP('',#3754);
#3754 = CLOSED_SHELL('',(#3755,#3795,#3826,#3857,#3888,#3919,#3950,#3981
    ,#4012,#4043,#4074,#4105,#4127,#4147));
#3755 = ADVANCED_FACE('',(#3756),#3790,.T.);
#3756 = FACE_BOUND('',#3757,.T.);
#3757 = EDGE_LOOP('',(#3758,#3768,#3776,#3784));
#3758 = ORIENTED_EDGE('',*,*,#3759,.F.);
#3759 = EDGE_CURVE('',#3760,#3762,#3764,.T.);
#3760 = VERTEX_POINT('',#3761);
#3761 = CARTESIAN_POINT('',(-812.8,1.774825E+03,2.854325E+03));
#3762 = VERTEX_POINT('',#3763);
#3763 = CARTESIAN_POINT('',(-812.8,1.84785E+03,2.854325E+03));
#3764 = LINE('',#3765,#3766);
#3765 = CARTESIAN_POINT('',(-812.8,1.69545E+03,2.854325E+03));
#3766 = VECTOR('',#3767,1.);
#3767 = DIRECTION('',(0.,1.,0.));
#3768 = ORIENTED_EDGE('',*,*,#3769,.T.);
#3769 = EDGE_CURVE('',#3760,#3770,#3772,.T.);
#3770 = VERTEX_POINT('',#3771);
#3771 = CARTESIAN_POINT('',(5.69595E+03,1.774825E+03,2.854325E+03));
#3772 = LINE('',#3773,#3774);
#3773 = CARTESIAN_POINT('',(-812.8,1.774825E+03,2.854325E+03));
#3774 = VECTOR('',#3775,1.);
#3775 = DIRECTION('',(1.,0.,0.));
#3776 = ORIENTED_EDGE('',*,*,#3777,.T.);
#3777 = EDGE_CURVE('',#3770,#3778,#3780,.T.);
#3778 = VERTEX_POINT('',#3779);
#3779 = CARTESIAN_POINT('',(5.69595E+03,1.84785E+03,2.854325E+03));
#3780 = LINE('',#3781,#3782);
#3781 = CARTESIAN_POINT('',(5.69595E+03,1.69545E+03,2.854325E+03));
#3782 = VECTOR('',#3783,1.);
#3783 = DIRECTION('',(0.,1.,0.));
#3784 = ORIENTED_EDGE('',*,*,#3785,.F.);
#3785 = EDGE_CURVE('',#3762,#3778,#3786,.T.);
#3786 = LINE('',#3787,#3788);
#3787 = CARTESIAN_POINT('',(-812.8,1.84785E+03,2.854325E+03));
#3788 = VECTOR('',#3789,1.);
#3789 = DIRECTION('',(1.,0.,0.));
#3790 = PLANE('',#3791);
#3791 = AXIS2_PLACEMENT_3D('',#3792,#3793,#3794);
#3792 = CARTESIAN_POINT('',(-812.8,1.69545E+03,2.854325E+03));
#3793 = DIRECTION('',(0.,0.,1.));
#3794 = DIRECTION('',(1.,0.,0.));
#3795 = ADVANCED_FACE('',(#3796),#3821,.T.);
#3796 = FACE_BOUND('',#3797,.T.);
#3797 = EDGE_LOOP('',(#3798,#3808,#3814,#3815));
#3798 = ORIENTED_EDGE('',*,*,#3799,.F.);
#3799 = EDGE_CURVE('',#3800,#3802,#3804,.T.);
#3800 = VERTEX_POINT('',#3801);
#3801 = CARTESIAN_POINT('',(-812.8,1.84785E+03,2.8448E+03));
#3802 = VERTEX_POINT('',#3803);
#3803 = CARTESIAN_POINT('',(5.69595E+03,1.84785E+03,2.8448E+03));
#3804 = LINE('',#3805,#3806);
#3805 = CARTESIAN_POINT('',(-812.8,1.84785E+03,2.8448E+03));
#3806 = VECTOR('',#3807,1.);
#3807 = DIRECTION('',(1.,0.,0.));
#3808 = ORIENTED_EDGE('',*,*,#3809,.T.);
#3809 = EDGE_CURVE('',#3800,#3762,#3810,.T.);
#3810 = LINE('',#3811,#3812);
#3811 = CARTESIAN_POINT('',(-812.8,1.84785E+03,2.8448E+03));
#3812 = VECTOR('',#3813,1.);
#3813 = DIRECTION('',(0.,0.,1.));
#3814 = ORIENTED_EDGE('',*,*,#3785,.T.);
#3815 = ORIENTED_EDGE('',*,*,#3816,.F.);
#3816 = EDGE_CURVE('',#3802,#3778,#3817,.T.);
#3817 = LINE('',#3818,#3819);
#3818 = CARTESIAN_POINT('',(5.69595E+03,1.84785E+03,2.8448E+03));
#3819 = VECTOR('',#3820,1.);
#3820 = DIRECTION('',(0.,0.,1.));
#3821 = PLANE('',#3822);
#3822 = AXIS2_PLACEMENT_3D('',#3823,#3824,#3825);
#3823 = CARTESIAN_POINT('',(-812.8,1.84785E+03,2.8448E+03));
#3824 = DIRECTION('',(0.,1.,0.));
#3825 = DIRECTION('',(0.,0.,1.));
#3826 = ADVANCED_FACE('',(#3827),#3852,.F.);
#3827 = FACE_BOUND('',#3828,.F.);
#3828 = EDGE_LOOP('',(#3829,#3837,#3845,#3851));
#3829 = ORIENTED_EDGE('',*,*,#3830,.F.);
#3830 = EDGE_CURVE('',#3831,#3800,#3833,.T.);
#3831 = VERTEX_POINT('',#3832);
#3832 = CARTESIAN_POINT('',(-812.8,1.69545E+03,2.8448E+03));
#3833 = LINE('',#3834,#3835);
#3834 = CARTESIAN_POINT('',(-812.8,1.69545E+03,2.8448E+03));
#3835 = VECTOR('',#3836,1.);
#3836 = DIRECTION('',(0.,1.,0.));
#3837 = ORIENTED_EDGE('',*,*,#3838,.T.);
#3838 = EDGE_CURVE('',#3831,#3839,#3841,.T.);
#3839 = VERTEX_POINT('',#3840);
#3840 = CARTESIAN_POINT('',(5.69595E+03,1.69545E+03,2.8448E+03));
#3841 = LINE('',#3842,#3843);
#3842 = CARTESIAN_POINT('',(-812.8,1.69545E+03,2.8448E+03));
#3843 = VECTOR('',#3844,1.);
#3844 = DIRECTION('',(1.,0.,0.));
#3845 = ORIENTED_EDGE('',*,*,#3846,.T.);
#3846 = EDGE_CURVE('',#3839,#3802,#3847,.T.);
#3847 = LINE('',#3848,#3849);
#3848 = CARTESIAN_POINT('',(5.69595E+03,1.69545E+03,2.8448E+03));
#3849 = VECTOR('',#3850,1.);
#3850 = DIRECTION('',(0.,1.,0.));
#3851 = ORIENTED_EDGE('',*,*,#3799,.F.);
#3852 = PLANE('',#3853);
#3853 = AXIS2_PLACEMENT_3D('',#3854,#3855,#3856);
#3854 = CARTESIAN_POINT('',(-812.8,1.69545E+03,2.8448E+03));
#3855 = DIRECTION('',(0.,0.,1.));
#3856 = DIRECTION('',(1.,0.,0.));
#3857 = ADVANCED_FACE('',(#3858),#3883,.F.);
#3858 = FACE_BOUND('',#3859,.F.);
#3859 = EDGE_LOOP('',(#3860,#3861,#3869,#3877));
#3860 = ORIENTED_EDGE('',*,*,#3838,.F.);
#3861 = ORIENTED_EDGE('',*,*,#3862,.T.);
#3862 = EDGE_CURVE('',#3831,#3863,#3865,.T.);
#3863 = VERTEX_POINT('',#3864);
#3864 = CARTESIAN_POINT('',(-812.8,1.69545E+03,2.854325E+03));
#3865 = LINE('',#3866,#3867);
#3866 = CARTESIAN_POINT('',(-812.8,1.69545E+03,2.8448E+03));
#3867 = VECTOR('',#3868,1.);
#3868 = DIRECTION('',(0.,0.,1.));
#3869 = ORIENTED_EDGE('',*,*,#3870,.T.);
#3870 = EDGE_CURVE('',#3863,#3871,#3873,.T.);
#3871 = VERTEX_POINT('',#3872);
#3872 = CARTESIAN_POINT('',(5.69595E+03,1.69545E+03,2.854325E+03));
#3873 = LINE('',#3874,#3875);
#3874 = CARTESIAN_POINT('',(-812.8,1.69545E+03,2.854325E+03));
#3875 = VECTOR('',#3876,1.);
#3876 = DIRECTION('',(1.,0.,0.));
#3877 = ORIENTED_EDGE('',*,*,#3878,.F.);
#3878 = EDGE_CURVE('',#3839,#3871,#3879,.T.);
#3879 = LINE('',#3880,#3881);
#3880 = CARTESIAN_POINT('',(5.69595E+03,1.69545E+03,2.8448E+03));
#3881 = VECTOR('',#3882,1.);
#3882 = DIRECTION('',(0.,0.,1.));
#3883 = PLANE('',#3884);
#3884 = AXIS2_PLACEMENT_3D('',#3885,#3886,#3887);
#3885 = CARTESIAN_POINT('',(-812.8,1.69545E+03,2.8448E+03));
#3886 = DIRECTION('',(0.,1.,0.));
#3887 = DIRECTION('',(0.,0.,1.));
#3888 = ADVANCED_FACE('',(#3889),#3914,.T.);
#3889 = FACE_BOUND('',#3890,.T.);
#3890 = EDGE_LOOP('',(#3891,#3899,#3900,#3908));
#3891 = ORIENTED_EDGE('',*,*,#3892,.F.);
#3892 = EDGE_CURVE('',#3863,#3893,#3895,.T.);
#3893 = VERTEX_POINT('',#3894);
#3894 = CARTESIAN_POINT('',(-812.8,1.768475E+03,2.854325E+03));
#3895 = LINE('',#3896,#3897);
#3896 = CARTESIAN_POINT('',(-812.8,1.69545E+03,2.854325E+03));
#3897 = VECTOR('',#3898,1.);
#3898 = DIRECTION('',(0.,1.,0.));
#3899 = ORIENTED_EDGE('',*,*,#3870,.T.);
#3900 = ORIENTED_EDGE('',*,*,#3901,.T.);
#3901 = EDGE_CURVE('',#3871,#3902,#3904,.T.);
#3902 = VERTEX_POINT('',#3903);
#3903 = CARTESIAN_POINT('',(5.69595E+03,1.768475E+03,2.854325E+03));
#3904 = LINE('',#3905,#3906);
#3905 = CARTESIAN_POINT('',(5.69595E+03,1.69545E+03,2.854325E+03));
#3906 = VECTOR('',#3907,1.);
#3907 = DIRECTION('',(0.,1.,0.));
#3908 = ORIENTED_EDGE('',*,*,#3909,.F.);
#3909 = EDGE_CURVE('',#3893,#3902,#3910,.T.);
#3910 = LINE('',#3911,#3912);
#3911 = CARTESIAN_POINT('',(-812.8,1.768475E+03,2.854325E+03));
#3912 = VECTOR('',#3913,1.);
#3913 = DIRECTION('',(1.,0.,0.));
#3914 = PLANE('',#3915);
#3915 = AXIS2_PLACEMENT_3D('',#3916,#3917,#3918);
#3916 = CARTESIAN_POINT('',(-812.8,1.69545E+03,2.854325E+03));
#3917 = DIRECTION('',(0.,0.,1.));
#3918 = DIRECTION('',(1.,0.,0.));
#3919 = ADVANCED_FACE('',(#3920),#3945,.F.);
#3920 = FACE_BOUND('',#3921,.F.);
#3921 = EDGE_LOOP('',(#3922,#3923,#3931,#3939));
#3922 = ORIENTED_EDGE('',*,*,#3909,.F.);
#3923 = ORIENTED_EDGE('',*,*,#3924,.T.);
#3924 = EDGE_CURVE('',#3893,#3925,#3927,.T.);
#3925 = VERTEX_POINT('',#3926);
#3926 = CARTESIAN_POINT('',(-812.8,1.768475E+03,3.038475E+03));
#3927 = LINE('',#3928,#3929);
#3928 = CARTESIAN_POINT('',(-812.8,1.768475E+03,2.854325E+03));
#3929 = VECTOR('',#3930,1.);
#3930 = DIRECTION('',(0.,0.,1.));
#3931 = ORIENTED_EDGE('',*,*,#3932,.T.);
#3932 = EDGE_CURVE('',#3925,#3933,#3935,.T.);
#3933 = VERTEX_POINT('',#3934);
#3934 = CARTESIAN_POINT('',(5.69595E+03,1.768475E+03,3.038475E+03));
#3935 = LINE('',#3936,#3937);
#3936 = CARTESIAN_POINT('',(-812.8,1.768475E+03,3.038475E+03));
#3937 = VECTOR('',#3938,1.);
#3938 = DIRECTION('',(1.,0.,0.));
#3939 = ORIENTED_EDGE('',*,*,#3940,.F.);
#3940 = EDGE_CURVE('',#3902,#3933,#3941,.T.);
#3941 = LINE('',#3942,#3943);
#3942 = CARTESIAN_POINT('',(5.69595E+03,1.768475E+03,2.854325E+03));
#3943 = VECTOR('',#3944,1.);
#3944 = DIRECTION('',(0.,0.,1.));
#3945 = PLANE('',#3946);
#3946 = AXIS2_PLACEMENT_3D('',#3947,#3948,#3949);
#3947 = CARTESIAN_POINT('',(-812.8,1.768475E+03,2.854325E+03));
#3948 = DIRECTION('',(0.,1.,0.));
#3949 = DIRECTION('',(0.,0.,1.));
#3950 = ADVANCED_FACE('',(#3951),#3976,.T.);
#3951 = FACE_BOUND('',#3952,.T.);
#3952 = EDGE_LOOP('',(#3953,#3954,#3962,#3970));
#3953 = ORIENTED_EDGE('',*,*,#3769,.F.);
#3954 = ORIENTED_EDGE('',*,*,#3955,.T.);
#3955 = EDGE_CURVE('',#3760,#3956,#3958,.T.);
#3956 = VERTEX_POINT('',#3957);
#3957 = CARTESIAN_POINT('',(-812.8,1.774825E+03,3.038475E+03));
#3958 = LINE('',#3959,#3960);
#3959 = CARTESIAN_POINT('',(-812.8,1.774825E+03,2.854325E+03));
#3960 = VECTOR('',#3961,1.);
#3961 = DIRECTION('',(0.,0.,1.));
#3962 = ORIENTED_EDGE('',*,*,#3963,.T.);
#3963 = EDGE_CURVE('',#3956,#3964,#3966,.T.);
#3964 = VERTEX_POINT('',#3965);
#3965 = CARTESIAN_POINT('',(5.69595E+03,1.774825E+03,3.038475E+03));
#3966 = LINE('',#3967,#3968);
#3967 = CARTESIAN_POINT('',(-812.8,1.774825E+03,3.038475E+03));
#3968 = VECTOR('',#3969,1.);
#3969 = DIRECTION('',(1.,0.,0.));
#3970 = ORIENTED_EDGE('',*,*,#3971,.F.);
#3971 = EDGE_CURVE('',#3770,#3964,#3972,.T.);
#3972 = LINE('',#3973,#3974);
#3973 = CARTESIAN_POINT('',(5.69595E+03,1.774825E+03,2.854325E+03));
#3974 = VECTOR('',#3975,1.);
#3975 = DIRECTION('',(0.,0.,1.));
#3976 = PLANE('',#3977);
#3977 = AXIS2_PLACEMENT_3D('',#3978,#3979,#3980);
#3978 = CARTESIAN_POINT('',(-812.8,1.774825E+03,2.854325E+03));
#3979 = DIRECTION('',(0.,1.,0.));
#3980 = DIRECTION('',(0.,0.,1.));
#3981 = ADVANCED_FACE('',(#3982),#4007,.F.);
#3982 = FACE_BOUND('',#3983,.F.);
#3983 = EDGE_LOOP('',(#3984,#3992,#4000,#4006));
#3984 = ORIENTED_EDGE('',*,*,#3985,.F.);
#3985 = EDGE_CURVE('',#3986,#3925,#3988,.T.);
#3986 = VERTEX_POINT('',#3987);
#3987 = CARTESIAN_POINT('',(-812.8,1.69545E+03,3.038475E+03));
#3988 = LINE('',#3989,#3990);
#3989 = CARTESIAN_POINT('',(-812.8,1.69545E+03,3.038475E+03));
#3990 = VECTOR('',#3991,1.);
#3991 = DIRECTION('',(0.,1.,0.));
#3992 = ORIENTED_EDGE('',*,*,#3993,.T.);
#3993 = EDGE_CURVE('',#3986,#3994,#3996,.T.);
#3994 = VERTEX_POINT('',#3995);
#3995 = CARTESIAN_POINT('',(5.69595E+03,1.69545E+03,3.038475E+03));
#3996 = LINE('',#3997,#3998);
#3997 = CARTESIAN_POINT('',(-812.8,1.69545E+03,3.038475E+03));
#3998 = VECTOR('',#3999,1.);
#3999 = DIRECTION('',(1.,0.,0.));
#4000 = ORIENTED_EDGE('',*,*,#4001,.T.);
#4001 = EDGE_CURVE('',#3994,#3933,#4002,.T.);
#4002 = LINE('',#4003,#4004);
#4003 = CARTESIAN_POINT('',(5.69595E+03,1.69545E+03,3.038475E+03));
#4004 = VECTOR('',#4005,1.);
#4005 = DIRECTION('',(0.,1.,0.));
#4006 = ORIENTED_EDGE('',*,*,#3932,.F.);
#4007 = PLANE('',#4008);
#4008 = AXIS2_PLACEMENT_3D('',#4009,#4010,#4011);
#4009 = CARTESIAN_POINT('',(-812.8,1.69545E+03,3.038475E+03));
#4010 = DIRECTION('',(0.,0.,1.));
#4011 = DIRECTION('',(1.,0.,0.));
#4012 = ADVANCED_FACE('',(#4013),#4038,.F.);
#4013 = FACE_BOUND('',#4014,.F.);
#4014 = EDGE_LOOP('',(#4015,#4016,#4024,#4032));
#4015 = ORIENTED_EDGE('',*,*,#3993,.F.);
#4016 = ORIENTED_EDGE('',*,*,#4017,.T.);
#4017 = EDGE_CURVE('',#3986,#4018,#4020,.T.);
#4018 = VERTEX_POINT('',#4019);
#4019 = CARTESIAN_POINT('',(-812.8,1.69545E+03,3.048E+03));
#4020 = LINE('',#4021,#4022);
#4021 = CARTESIAN_POINT('',(-812.8,1.69545E+03,3.038475E+03));
#4022 = VECTOR('',#4023,1.);
#4023 = DIRECTION('',(0.,0.,1.));
#4024 = ORIENTED_EDGE('',*,*,#4025,.T.);
#4025 = EDGE_CURVE('',#4018,#4026,#4028,.T.);
#4026 = VERTEX_POINT('',#4027);
#4027 = CARTESIAN_POINT('',(5.69595E+03,1.69545E+03,3.048E+03));
#4028 = LINE('',#4029,#4030);
#4029 = CARTESIAN_POINT('',(-812.8,1.69545E+03,3.048E+03));
#4030 = VECTOR('',#4031,1.);
#4031 = DIRECTION('',(1.,0.,0.));
#4032 = ORIENTED_EDGE('',*,*,#4033,.F.);
#4033 = EDGE_CURVE('',#3994,#4026,#4034,.T.);
#4034 = LINE('',#4035,#4036);
#4035 = CARTESIAN_POINT('',(5.69595E+03,1.69545E+03,3.038475E+03));
#4036 = VECTOR('',#4037,1.);
#4037 = DIRECTION('',(0.,0.,1.));
#4038 = PLANE('',#4039);
#4039 = AXIS2_PLACEMENT_3D('',#4040,#4041,#4042);
#4040 = CARTESIAN_POINT('',(-812.8,1.69545E+03,3.038475E+03));
#4041 = DIRECTION('',(0.,1.,0.));
#4042 = DIRECTION('',(0.,0.,1.));
#4043 = ADVANCED_FACE('',(#4044),#4069,.T.);
#4044 = FACE_BOUND('',#4045,.T.);
#4045 = EDGE_LOOP('',(#4046,#4054,#4055,#4063));
#4046 = ORIENTED_EDGE('',*,*,#4047,.F.);
#4047 = EDGE_CURVE('',#4018,#4048,#4050,.T.);
#4048 = VERTEX_POINT('',#4049);
#4049 = CARTESIAN_POINT('',(-812.8,1.84785E+03,3.048E+03));
#4050 = LINE('',#4051,#4052);
#4051 = CARTESIAN_POINT('',(-812.8,1.69545E+03,3.048E+03));
#4052 = VECTOR('',#4053,1.);
#4053 = DIRECTION('',(0.,1.,0.));
#4054 = ORIENTED_EDGE('',*,*,#4025,.T.);
#4055 = ORIENTED_EDGE('',*,*,#4056,.T.);
#4056 = EDGE_CURVE('',#4026,#4057,#4059,.T.);
#4057 = VERTEX_POINT('',#4058);
#4058 = CARTESIAN_POINT('',(5.69595E+03,1.84785E+03,3.048E+03));
#4059 = LINE('',#4060,#4061);
#4060 = CARTESIAN_POINT('',(5.69595E+03,1.69545E+03,3.048E+03));
#4061 = VECTOR('',#4062,1.);
#4062 = DIRECTION('',(0.,1.,0.));
#4063 = ORIENTED_EDGE('',*,*,#4064,.F.);
#4064 = EDGE_CURVE('',#4048,#4057,#4065,.T.);
#4065 = LINE('',#4066,#4067);
#4066 = CARTESIAN_POINT('',(-812.8,1.84785E+03,3.048E+03));
#4067 = VECTOR('',#4068,1.);
#4068 = DIRECTION('',(1.,0.,0.));
#4069 = PLANE('',#4070);
#4070 = AXIS2_PLACEMENT_3D('',#4071,#4072,#4073);
#4071 = CARTESIAN_POINT('',(-812.8,1.69545E+03,3.048E+03));
#4072 = DIRECTION('',(0.,0.,1.));
#4073 = DIRECTION('',(1.,0.,0.));
#4074 = ADVANCED_FACE('',(#4075),#4100,.T.);
#4075 = FACE_BOUND('',#4076,.T.);
#4076 = EDGE_LOOP('',(#4077,#4087,#4093,#4094));
#4077 = ORIENTED_EDGE('',*,*,#4078,.F.);
#4078 = EDGE_CURVE('',#4079,#4081,#4083,.T.);
#4079 = VERTEX_POINT('',#4080);
#4080 = CARTESIAN_POINT('',(-812.8,1.84785E+03,3.038475E+03));
#4081 = VERTEX_POINT('',#4082);
#4082 = CARTESIAN_POINT('',(5.69595E+03,1.84785E+03,3.038475E+03));
#4083 = LINE('',#4084,#4085);
#4084 = CARTESIAN_POINT('',(-812.8,1.84785E+03,3.038475E+03));
#4085 = VECTOR('',#4086,1.);
#4086 = DIRECTION('',(1.,0.,0.));
#4087 = ORIENTED_EDGE('',*,*,#4088,.T.);
#4088 = EDGE_CURVE('',#4079,#4048,#4089,.T.);
#4089 = LINE('',#4090,#4091);
#4090 = CARTESIAN_POINT('',(-812.8,1.84785E+03,3.038475E+03));
#4091 = VECTOR('',#4092,1.);
#4092 = DIRECTION('',(0.,0.,1.));
#4093 = ORIENTED_EDGE('',*,*,#4064,.T.);
#4094 = ORIENTED_EDGE('',*,*,#4095,.F.);
#4095 = EDGE_CURVE('',#4081,#4057,#4096,.T.);
#4096 = LINE('',#4097,#4098);
#4097 = CARTESIAN_POINT('',(5.69595E+03,1.84785E+03,3.038475E+03));
#4098 = VECTOR('',#4099,1.);
#4099 = DIRECTION('',(0.,0.,1.));
#4100 = PLANE('',#4101);
#4101 = AXIS2_PLACEMENT_3D('',#4102,#4103,#4104);
#4102 = CARTESIAN_POINT('',(-812.8,1.84785E+03,3.038475E+03));
#4103 = DIRECTION('',(0.,1.,0.));
#4104 = DIRECTION('',(0.,0.,1.));
#4105 = ADVANCED_FACE('',(#4106),#4122,.F.);
#4106 = FACE_BOUND('',#4107,.F.);
#4107 = EDGE_LOOP('',(#4108,#4114,#4115,#4121));
#4108 = ORIENTED_EDGE('',*,*,#4109,.F.);
#4109 = EDGE_CURVE('',#3956,#4079,#4110,.T.);
#4110 = LINE('',#4111,#4112);
#4111 = CARTESIAN_POINT('',(-812.8,1.69545E+03,3.038475E+03));
#4112 = VECTOR('',#4113,1.);
#4113 = DIRECTION('',(0.,1.,0.));
#4114 = ORIENTED_EDGE('',*,*,#3963,.T.);
#4115 = ORIENTED_EDGE('',*,*,#4116,.T.);
#4116 = EDGE_CURVE('',#3964,#4081,#4117,.T.);
#4117 = LINE('',#4118,#4119);
#4118 = CARTESIAN_POINT('',(5.69595E+03,1.69545E+03,3.038475E+03));
#4119 = VECTOR('',#4120,1.);
#4120 = DIRECTION('',(0.,1.,0.));
#4121 = ORIENTED_EDGE('',*,*,#4078,.F.);
#4122 = PLANE('',#4123);
#4123 = AXIS2_PLACEMENT_3D('',#4124,#4125,#4126);
#4124 = CARTESIAN_POINT('',(-812.8,1.69545E+03,3.038475E+03));
#4125 = DIRECTION('',(0.,0.,1.));
#4126 = DIRECTION('',(1.,0.,0.));
#4127 = ADVANCED_FACE('',(#4128),#4142,.T.);
#4128 = FACE_BOUND('',#4129,.T.);
#4129 = EDGE_LOOP('',(#4130,#4131,#4132,#4133,#4134,#4135,#4136,#4137,
    #4138,#4139,#4140,#4141));
#4130 = ORIENTED_EDGE('',*,*,#3862,.T.);
#4131 = ORIENTED_EDGE('',*,*,#3892,.T.);
#4132 = ORIENTED_EDGE('',*,*,#3924,.T.);
#4133 = ORIENTED_EDGE('',*,*,#3985,.F.);
#4134 = ORIENTED_EDGE('',*,*,#4017,.T.);
#4135 = ORIENTED_EDGE('',*,*,#4047,.T.);
#4136 = ORIENTED_EDGE('',*,*,#4088,.F.);
#4137 = ORIENTED_EDGE('',*,*,#4109,.F.);
#4138 = ORIENTED_EDGE('',*,*,#3955,.F.);
#4139 = ORIENTED_EDGE('',*,*,#3759,.T.);
#4140 = ORIENTED_EDGE('',*,*,#3809,.F.);
#4141 = ORIENTED_EDGE('',*,*,#3830,.F.);
#4142 = PLANE('',#4143);
#4143 = AXIS2_PLACEMENT_3D('',#4144,#4145,#4146);
#4144 = CARTESIAN_POINT('',(-812.8,1.77165E+03,2.9464E+03));
#4145 = DIRECTION('',(-1.,-0.,-0.));
#4146 = DIRECTION('',(0.,0.,-1.));
#4147 = ADVANCED_FACE('',(#4148),#4162,.T.);
#4148 = FACE_BOUND('',#4149,.T.);
#4149 = EDGE_LOOP('',(#4150,#4151,#4152,#4153,#4154,#4155,#4156,#4157,
    #4158,#4159,#4160,#4161));
#4150 = ORIENTED_EDGE('',*,*,#3878,.F.);
#4151 = ORIENTED_EDGE('',*,*,#3846,.T.);
#4152 = ORIENTED_EDGE('',*,*,#3816,.T.);
#4153 = ORIENTED_EDGE('',*,*,#3777,.F.);
#4154 = ORIENTED_EDGE('',*,*,#3971,.T.);
#4155 = ORIENTED_EDGE('',*,*,#4116,.T.);
#4156 = ORIENTED_EDGE('',*,*,#4095,.T.);
#4157 = ORIENTED_EDGE('',*,*,#4056,.F.);
#4158 = ORIENTED_EDGE('',*,*,#4033,.F.);
#4159 = ORIENTED_EDGE('',*,*,#4001,.T.);
#4160 = ORIENTED_EDGE('',*,*,#3940,.F.);
#4161 = ORIENTED_EDGE('',*,*,#3901,.F.);
#4162 = PLANE('',#4163);
#4163 = AXIS2_PLACEMENT_3D('',#4164,#4165,#4166);
#4164 = CARTESIAN_POINT('',(5.69595E+03,1.77165E+03,2.9464E+03));
#4165 = DIRECTION('',(1.,0.,0.));
#4166 = DIRECTION('',(0.,0.,1.));
#4167 = MANIFOLD_SOLID_BREP('',#4168);
#4168 = CLOSED_SHELL('',(#4169,#4209,#4240,#4271,#4302,#4333,#4364,#4395
    ,#4426,#4457,#4488,#4519,#4541,#4561));
#4169 = ADVANCED_FACE('',(#4170),#4204,.T.);
#4170 = FACE_BOUND('',#4171,.T.);
#4171 = EDGE_LOOP('',(#4172,#4182,#4190,#4198));
#4172 = ORIENTED_EDGE('',*,*,#4173,.F.);
#4173 = EDGE_CURVE('',#4174,#4176,#4178,.T.);
#4174 = VERTEX_POINT('',#4175);
#4175 = CARTESIAN_POINT('',(-812.8,4.702175E+03,2.854325E+03));
#4176 = VERTEX_POINT('',#4177);
#4177 = CARTESIAN_POINT('',(-812.8,4.7752E+03,2.854325E+03));
#4178 = LINE('',#4179,#4180);
#4179 = CARTESIAN_POINT('',(-812.8,4.6228E+03,2.854325E+03));
#4180 = VECTOR('',#4181,1.);
#4181 = DIRECTION('',(0.,1.,0.));
#4182 = ORIENTED_EDGE('',*,*,#4183,.T.);
#4183 = EDGE_CURVE('',#4174,#4184,#4186,.T.);
#4184 = VERTEX_POINT('',#4185);
#4185 = CARTESIAN_POINT('',(5.69595E+03,4.702175E+03,2.854325E+03));
#4186 = LINE('',#4187,#4188);
#4187 = CARTESIAN_POINT('',(-812.8,4.702175E+03,2.854325E+03));
#4188 = VECTOR('',#4189,1.);
#4189 = DIRECTION('',(1.,0.,0.));
#4190 = ORIENTED_EDGE('',*,*,#4191,.T.);
#4191 = EDGE_CURVE('',#4184,#4192,#4194,.T.);
#4192 = VERTEX_POINT('',#4193);
#4193 = CARTESIAN_POINT('',(5.69595E+03,4.7752E+03,2.854325E+03));
#4194 = LINE('',#4195,#4196);
#4195 = CARTESIAN_POINT('',(5.69595E+03,4.6228E+03,2.854325E+03));
#4196 = VECTOR('',#4197,1.);
#4197 = DIRECTION('',(0.,1.,0.));
#4198 = ORIENTED_EDGE('',*,*,#4199,.F.);
#4199 = EDGE_CURVE('',#4176,#4192,#4200,.T.);
#4200 = LINE('',#4201,#4202);
#4201 = CARTESIAN_POINT('',(-812.8,4.7752E+03,2.854325E+03));
#4202 = VECTOR('',#4203,1.);
#4203 = DIRECTION('',(1.,0.,0.));
#4204 = PLANE('',#4205);
#4205 = AXIS2_PLACEMENT_3D('',#4206,#4207,#4208);
#4206 = CARTESIAN_POINT('',(-812.8,4.6228E+03,2.854325E+03));
#4207 = DIRECTION('',(0.,0.,1.));
#4208 = DIRECTION('',(1.,0.,0.));
#4209 = ADVANCED_FACE('',(#4210),#4235,.T.);
#4210 = FACE_BOUND('',#4211,.T.);
#4211 = EDGE_LOOP('',(#4212,#4222,#4228,#4229));
#4212 = ORIENTED_EDGE('',*,*,#4213,.F.);
#4213 = EDGE_CURVE('',#4214,#4216,#4218,.T.);
#4214 = VERTEX_POINT('',#4215);
#4215 = CARTESIAN_POINT('',(-812.8,4.7752E+03,2.8448E+03));
#4216 = VERTEX_POINT('',#4217);
#4217 = CARTESIAN_POINT('',(5.69595E+03,4.7752E+03,2.8448E+03));
#4218 = LINE('',#4219,#4220);
#4219 = CARTESIAN_POINT('',(-812.8,4.7752E+03,2.8448E+03));
#4220 = VECTOR('',#4221,1.);
#4221 = DIRECTION('',(1.,0.,0.));
#4222 = ORIENTED_EDGE('',*,*,#4223,.T.);
#4223 = EDGE_CURVE('',#4214,#4176,#4224,.T.);
#4224 = LINE('',#4225,#4226);
#4225 = CARTESIAN_POINT('',(-812.8,4.7752E+03,2.8448E+03));
#4226 = VECTOR('',#4227,1.);
#4227 = DIRECTION('',(0.,0.,1.));
#4228 = ORIENTED_EDGE('',*,*,#4199,.T.);
#4229 = ORIENTED_EDGE('',*,*,#4230,.F.);
#4230 = EDGE_CURVE('',#4216,#4192,#4231,.T.);
#4231 = LINE('',#4232,#4233);
#4232 = CARTESIAN_POINT('',(5.69595E+03,4.7752E+03,2.8448E+03));
#4233 = VECTOR('',#4234,1.);
#4234 = DIRECTION('',(0.,0.,1.));
#4235 = PLANE('',#4236);
#4236 = AXIS2_PLACEMENT_3D('',#4237,#4238,#4239);
#4237 = CARTESIAN_POINT('',(-812.8,4.7752E+03,2.8448E+03));
#4238 = DIRECTION('',(0.,1.,0.));
#4239 = DIRECTION('',(0.,0.,1.));
#4240 = ADVANCED_FACE('',(#4241),#4266,.F.);
#4241 = FACE_BOUND('',#4242,.F.);
#4242 = EDGE_LOOP('',(#4243,#4251,#4259,#4265));
#4243 = ORIENTED_EDGE('',*,*,#4244,.F.);
#4244 = EDGE_CURVE('',#4245,#4214,#4247,.T.);
#4245 = VERTEX_POINT('',#4246);
#4246 = CARTESIAN_POINT('',(-812.8,4.6228E+03,2.8448E+03));
#4247 = LINE('',#4248,#4249);
#4248 = CARTESIAN_POINT('',(-812.8,4.6228E+03,2.8448E+03));
#4249 = VECTOR('',#4250,1.);
#4250 = DIRECTION('',(0.,1.,0.));
#4251 = ORIENTED_EDGE('',*,*,#4252,.T.);
#4252 = EDGE_CURVE('',#4245,#4253,#4255,.T.);
#4253 = VERTEX_POINT('',#4254);
#4254 = CARTESIAN_POINT('',(5.69595E+03,4.6228E+03,2.8448E+03));
#4255 = LINE('',#4256,#4257);
#4256 = CARTESIAN_POINT('',(-812.8,4.6228E+03,2.8448E+03));
#4257 = VECTOR('',#4258,1.);
#4258 = DIRECTION('',(1.,0.,0.));
#4259 = ORIENTED_EDGE('',*,*,#4260,.T.);
#4260 = EDGE_CURVE('',#4253,#4216,#4261,.T.);
#4261 = LINE('',#4262,#4263);
#4262 = CARTESIAN_POINT('',(5.69595E+03,4.6228E+03,2.8448E+03));
#4263 = VECTOR('',#4264,1.);
#4264 = DIRECTION('',(0.,1.,0.));
#4265 = ORIENTED_EDGE('',*,*,#4213,.F.);
#4266 = PLANE('',#4267);
#4267 = AXIS2_PLACEMENT_3D('',#4268,#4269,#4270);
#4268 = CARTESIAN_POINT('',(-812.8,4.6228E+03,2.8448E+03));
#4269 = DIRECTION('',(0.,0.,1.));
#4270 = DIRECTION('',(1.,0.,0.));
#4271 = ADVANCED_FACE('',(#4272),#4297,.F.);
#4272 = FACE_BOUND('',#4273,.F.);
#4273 = EDGE_LOOP('',(#4274,#4275,#4283,#4291));
#4274 = ORIENTED_EDGE('',*,*,#4252,.F.);
#4275 = ORIENTED_EDGE('',*,*,#4276,.T.);
#4276 = EDGE_CURVE('',#4245,#4277,#4279,.T.);
#4277 = VERTEX_POINT('',#4278);
#4278 = CARTESIAN_POINT('',(-812.8,4.6228E+03,2.854325E+03));
#4279 = LINE('',#4280,#4281);
#4280 = CARTESIAN_POINT('',(-812.8,4.6228E+03,2.8448E+03));
#4281 = VECTOR('',#4282,1.);
#4282 = DIRECTION('',(0.,0.,1.));
#4283 = ORIENTED_EDGE('',*,*,#4284,.T.);
#4284 = EDGE_CURVE('',#4277,#4285,#4287,.T.);
#4285 = VERTEX_POINT('',#4286);
#4286 = CARTESIAN_POINT('',(5.69595E+03,4.6228E+03,2.854325E+03));
#4287 = LINE('',#4288,#4289);
#4288 = CARTESIAN_POINT('',(-812.8,4.6228E+03,2.854325E+03));
#4289 = VECTOR('',#4290,1.);
#4290 = DIRECTION('',(1.,0.,0.));
#4291 = ORIENTED_EDGE('',*,*,#4292,.F.);
#4292 = EDGE_CURVE('',#4253,#4285,#4293,.T.);
#4293 = LINE('',#4294,#4295);
#4294 = CARTESIAN_POINT('',(5.69595E+03,4.6228E+03,2.8448E+03));
#4295 = VECTOR('',#4296,1.);
#4296 = DIRECTION('',(0.,0.,1.));
#4297 = PLANE('',#4298);
#4298 = AXIS2_PLACEMENT_3D('',#4299,#4300,#4301);
#4299 = CARTESIAN_POINT('',(-812.8,4.6228E+03,2.8448E+03));
#4300 = DIRECTION('',(0.,1.,0.));
#4301 = DIRECTION('',(0.,0.,1.));
#4302 = ADVANCED_FACE('',(#4303),#4328,.T.);
#4303 = FACE_BOUND('',#4304,.T.);
#4304 = EDGE_LOOP('',(#4305,#4313,#4314,#4322));
#4305 = ORIENTED_EDGE('',*,*,#4306,.F.);
#4306 = EDGE_CURVE('',#4277,#4307,#4309,.T.);
#4307 = VERTEX_POINT('',#4308);
#4308 = CARTESIAN_POINT('',(-812.8,4.695825E+03,2.854325E+03));
#4309 = LINE('',#4310,#4311);
#4310 = CARTESIAN_POINT('',(-812.8,4.6228E+03,2.854325E+03));
#4311 = VECTOR('',#4312,1.);
#4312 = DIRECTION('',(0.,1.,0.));
#4313 = ORIENTED_EDGE('',*,*,#4284,.T.);
#4314 = ORIENTED_EDGE('',*,*,#4315,.T.);
#4315 = EDGE_CURVE('',#4285,#4316,#4318,.T.);
#4316 = VERTEX_POINT('',#4317);
#4317 = CARTESIAN_POINT('',(5.69595E+03,4.695825E+03,2.854325E+03));
#4318 = LINE('',#4319,#4320);
#4319 = CARTESIAN_POINT('',(5.69595E+03,4.6228E+03,2.854325E+03));
#4320 = VECTOR('',#4321,1.);
#4321 = DIRECTION('',(0.,1.,0.));
#4322 = ORIENTED_EDGE('',*,*,#4323,.F.);
#4323 = EDGE_CURVE('',#4307,#4316,#4324,.T.);
#4324 = LINE('',#4325,#4326);
#4325 = CARTESIAN_POINT('',(-812.8,4.695825E+03,2.854325E+03));
#4326 = VECTOR('',#4327,1.);
#4327 = DIRECTION('',(1.,0.,0.));
#4328 = PLANE('',#4329);
#4329 = AXIS2_PLACEMENT_3D('',#4330,#4331,#4332);
#4330 = CARTESIAN_POINT('',(-812.8,4.6228E+03,2.854325E+03));
#4331 = DIRECTION('',(0.,0.,1.));
#4332 = DIRECTION('',(1.,0.,0.));
#4333 = ADVANCED_FACE('',(#4334),#4359,.F.);
#4334 = FACE_BOUND('',#4335,.F.);
#4335 = EDGE_LOOP('',(#4336,#4337,#4345,#4353));
#4336 = ORIENTED_EDGE('',*,*,#4323,.F.);
#4337 = ORIENTED_EDGE('',*,*,#4338,.T.);
#4338 = EDGE_CURVE('',#4307,#4339,#4341,.T.);
#4339 = VERTEX_POINT('',#4340);
#4340 = CARTESIAN_POINT('',(-812.8,4.695825E+03,3.038475E+03));
#4341 = LINE('',#4342,#4343);
#4342 = CARTESIAN_POINT('',(-812.8,4.695825E+03,2.854325E+03));
#4343 = VECTOR('',#4344,1.);
#4344 = DIRECTION('',(0.,0.,1.));
#4345 = ORIENTED_EDGE('',*,*,#4346,.T.);
#4346 = EDGE_CURVE('',#4339,#4347,#4349,.T.);
#4347 = VERTEX_POINT('',#4348);
#4348 = CARTESIAN_POINT('',(5.69595E+03,4.695825E+03,3.038475E+03));
#4349 = LINE('',#4350,#4351);
#4350 = CARTESIAN_POINT('',(-812.8,4.695825E+03,3.038475E+03));
#4351 = VECTOR('',#4352,1.);
#4352 = DIRECTION('',(1.,0.,0.));
#4353 = ORIENTED_EDGE('',*,*,#4354,.F.);
#4354 = EDGE_CURVE('',#4316,#4347,#4355,.T.);
#4355 = LINE('',#4356,#4357);
#4356 = CARTESIAN_POINT('',(5.69595E+03,4.695825E+03,2.854325E+03));
#4357 = VECTOR('',#4358,1.);
#4358 = DIRECTION('',(0.,0.,1.));
#4359 = PLANE('',#4360);
#4360 = AXIS2_PLACEMENT_3D('',#4361,#4362,#4363);
#4361 = CARTESIAN_POINT('',(-812.8,4.695825E+03,2.854325E+03));
#4362 = DIRECTION('',(0.,1.,0.));
#4363 = DIRECTION('',(0.,0.,1.));
#4364 = ADVANCED_FACE('',(#4365),#4390,.T.);
#4365 = FACE_BOUND('',#4366,.T.);
#4366 = EDGE_LOOP('',(#4367,#4368,#4376,#4384));
#4367 = ORIENTED_EDGE('',*,*,#4183,.F.);
#4368 = ORIENTED_EDGE('',*,*,#4369,.T.);
#4369 = EDGE_CURVE('',#4174,#4370,#4372,.T.);
#4370 = VERTEX_POINT('',#4371);
#4371 = CARTESIAN_POINT('',(-812.8,4.702175E+03,3.038475E+03));
#4372 = LINE('',#4373,#4374);
#4373 = CARTESIAN_POINT('',(-812.8,4.702175E+03,2.854325E+03));
#4374 = VECTOR('',#4375,1.);
#4375 = DIRECTION('',(0.,0.,1.));
#4376 = ORIENTED_EDGE('',*,*,#4377,.T.);
#4377 = EDGE_CURVE('',#4370,#4378,#4380,.T.);
#4378 = VERTEX_POINT('',#4379);
#4379 = CARTESIAN_POINT('',(5.69595E+03,4.702175E+03,3.038475E+03));
#4380 = LINE('',#4381,#4382);
#4381 = CARTESIAN_POINT('',(-812.8,4.702175E+03,3.038475E+03));
#4382 = VECTOR('',#4383,1.);
#4383 = DIRECTION('',(1.,0.,0.));
#4384 = ORIENTED_EDGE('',*,*,#4385,.F.);
#4385 = EDGE_CURVE('',#4184,#4378,#4386,.T.);
#4386 = LINE('',#4387,#4388);
#4387 = CARTESIAN_POINT('',(5.69595E+03,4.702175E+03,2.854325E+03));
#4388 = VECTOR('',#4389,1.);
#4389 = DIRECTION('',(0.,0.,1.));
#4390 = PLANE('',#4391);
#4391 = AXIS2_PLACEMENT_3D('',#4392,#4393,#4394);
#4392 = CARTESIAN_POINT('',(-812.8,4.702175E+03,2.854325E+03));
#4393 = DIRECTION('',(0.,1.,0.));
#4394 = DIRECTION('',(0.,0.,1.));
#4395 = ADVANCED_FACE('',(#4396),#4421,.F.);
#4396 = FACE_BOUND('',#4397,.F.);
#4397 = EDGE_LOOP('',(#4398,#4406,#4414,#4420));
#4398 = ORIENTED_EDGE('',*,*,#4399,.F.);
#4399 = EDGE_CURVE('',#4400,#4339,#4402,.T.);
#4400 = VERTEX_POINT('',#4401);
#4401 = CARTESIAN_POINT('',(-812.8,4.6228E+03,3.038475E+03));
#4402 = LINE('',#4403,#4404);
#4403 = CARTESIAN_POINT('',(-812.8,4.6228E+03,3.038475E+03));
#4404 = VECTOR('',#4405,1.);
#4405 = DIRECTION('',(0.,1.,0.));
#4406 = ORIENTED_EDGE('',*,*,#4407,.T.);
#4407 = EDGE_CURVE('',#4400,#4408,#4410,.T.);
#4408 = VERTEX_POINT('',#4409);
#4409 = CARTESIAN_POINT('',(5.69595E+03,4.6228E+03,3.038475E+03));
#4410 = LINE('',#4411,#4412);
#4411 = CARTESIAN_POINT('',(-812.8,4.6228E+03,3.038475E+03));
#4412 = VECTOR('',#4413,1.);
#4413 = DIRECTION('',(1.,0.,0.));
#4414 = ORIENTED_EDGE('',*,*,#4415,.T.);
#4415 = EDGE_CURVE('',#4408,#4347,#4416,.T.);
#4416 = LINE('',#4417,#4418);
#4417 = CARTESIAN_POINT('',(5.69595E+03,4.6228E+03,3.038475E+03));
#4418 = VECTOR('',#4419,1.);
#4419 = DIRECTION('',(0.,1.,0.));
#4420 = ORIENTED_EDGE('',*,*,#4346,.F.);
#4421 = PLANE('',#4422);
#4422 = AXIS2_PLACEMENT_3D('',#4423,#4424,#4425);
#4423 = CARTESIAN_POINT('',(-812.8,4.6228E+03,3.038475E+03));
#4424 = DIRECTION('',(0.,0.,1.));
#4425 = DIRECTION('',(1.,0.,0.));
#4426 = ADVANCED_FACE('',(#4427),#4452,.F.);
#4427 = FACE_BOUND('',#4428,.F.);
#4428 = EDGE_LOOP('',(#4429,#4430,#4438,#4446));
#4429 = ORIENTED_EDGE('',*,*,#4407,.F.);
#4430 = ORIENTED_EDGE('',*,*,#4431,.T.);
#4431 = EDGE_CURVE('',#4400,#4432,#4434,.T.);
#4432 = VERTEX_POINT('',#4433);
#4433 = CARTESIAN_POINT('',(-812.8,4.6228E+03,3.048E+03));
#4434 = LINE('',#4435,#4436);
#4435 = CARTESIAN_POINT('',(-812.8,4.6228E+03,3.038475E+03));
#4436 = VECTOR('',#4437,1.);
#4437 = DIRECTION('',(0.,0.,1.));
#4438 = ORIENTED_EDGE('',*,*,#4439,.T.);
#4439 = EDGE_CURVE('',#4432,#4440,#4442,.T.);
#4440 = VERTEX_POINT('',#4441);
#4441 = CARTESIAN_POINT('',(5.69595E+03,4.6228E+03,3.048E+03));
#4442 = LINE('',#4443,#4444);
#4443 = CARTESIAN_POINT('',(-812.8,4.6228E+03,3.048E+03));
#4444 = VECTOR('',#4445,1.);
#4445 = DIRECTION('',(1.,0.,0.));
#4446 = ORIENTED_EDGE('',*,*,#4447,.F.);
#4447 = EDGE_CURVE('',#4408,#4440,#4448,.T.);
#4448 = LINE('',#4449,#4450);
#4449 = CARTESIAN_POINT('',(5.69595E+03,4.6228E+03,3.038475E+03));
#4450 = VECTOR('',#4451,1.);
#4451 = DIRECTION('',(0.,0.,1.));
#4452 = PLANE('',#4453);
#4453 = AXIS2_PLACEMENT_3D('',#4454,#4455,#4456);
#4454 = CARTESIAN_POINT('',(-812.8,4.6228E+03,3.038475E+03));
#4455 = DIRECTION('',(0.,1.,0.));
#4456 = DIRECTION('',(0.,0.,1.));
#4457 = ADVANCED_FACE('',(#4458),#4483,.T.);
#4458 = FACE_BOUND('',#4459,.T.);
#4459 = EDGE_LOOP('',(#4460,#4468,#4469,#4477));
#4460 = ORIENTED_EDGE('',*,*,#4461,.F.);
#4461 = EDGE_CURVE('',#4432,#4462,#4464,.T.);
#4462 = VERTEX_POINT('',#4463);
#4463 = CARTESIAN_POINT('',(-812.8,4.7752E+03,3.048E+03));
#4464 = LINE('',#4465,#4466);
#4465 = CARTESIAN_POINT('',(-812.8,4.6228E+03,3.048E+03));
#4466 = VECTOR('',#4467,1.);
#4467 = DIRECTION('',(0.,1.,0.));
#4468 = ORIENTED_EDGE('',*,*,#4439,.T.);
#4469 = ORIENTED_EDGE('',*,*,#4470,.T.);
#4470 = EDGE_CURVE('',#4440,#4471,#4473,.T.);
#4471 = VERTEX_POINT('',#4472);
#4472 = CARTESIAN_POINT('',(5.69595E+03,4.7752E+03,3.048E+03));
#4473 = LINE('',#4474,#4475);
#4474 = CARTESIAN_POINT('',(5.69595E+03,4.6228E+03,3.048E+03));
#4475 = VECTOR('',#4476,1.);
#4476 = DIRECTION('',(0.,1.,0.));
#4477 = ORIENTED_EDGE('',*,*,#4478,.F.);
#4478 = EDGE_CURVE('',#4462,#4471,#4479,.T.);
#4479 = LINE('',#4480,#4481);
#4480 = CARTESIAN_POINT('',(-812.8,4.7752E+03,3.048E+03));
#4481 = VECTOR('',#4482,1.);
#4482 = DIRECTION('',(1.,0.,0.));
#4483 = PLANE('',#4484);
#4484 = AXIS2_PLACEMENT_3D('',#4485,#4486,#4487);
#4485 = CARTESIAN_POINT('',(-812.8,4.6228E+03,3.048E+03));
#4486 = DIRECTION('',(0.,0.,1.));
#4487 = DIRECTION('',(1.,0.,0.));
#4488 = ADVANCED_FACE('',(#4489),#4514,.T.);
#4489 = FACE_BOUND('',#4490,.T.);
#4490 = EDGE_LOOP('',(#4491,#4501,#4507,#4508));
#4491 = ORIENTED_EDGE('',*,*,#4492,.F.);
#4492 = EDGE_CURVE('',#4493,#4495,#4497,.T.);
#4493 = VERTEX_POINT('',#4494);
#4494 = CARTESIAN_POINT('',(-812.8,4.7752E+03,3.038475E+03));
#4495 = VERTEX_POINT('',#4496);
#4496 = CARTESIAN_POINT('',(5.69595E+03,4.7752E+03,3.038475E+03));
#4497 = LINE('',#4498,#4499);
#4498 = CARTESIAN_POINT('',(-812.8,4.7752E+03,3.038475E+03));
#4499 = VECTOR('',#4500,1.);
#4500 = DIRECTION('',(1.,0.,0.));
#4501 = ORIENTED_EDGE('',*,*,#4502,.T.);
#4502 = EDGE_CURVE('',#4493,#4462,#4503,.T.);
#4503 = LINE('',#4504,#4505);
#4504 = CARTESIAN_POINT('',(-812.8,4.7752E+03,3.038475E+03));
#4505 = VECTOR('',#4506,1.);
#4506 = DIRECTION('',(0.,0.,1.));
#4507 = ORIENTED_EDGE('',*,*,#4478,.T.);
#4508 = ORIENTED_EDGE('',*,*,#4509,.F.);
#4509 = EDGE_CURVE('',#4495,#4471,#4510,.T.);
#4510 = LINE('',#4511,#4512);
#4511 = CARTESIAN_POINT('',(5.69595E+03,4.7752E+03,3.038475E+03));
#4512 = VECTOR('',#4513,1.);
#4513 = DIRECTION('',(0.,0.,1.));
#4514 = PLANE('',#4515);
#4515 = AXIS2_PLACEMENT_3D('',#4516,#4517,#4518);
#4516 = CARTESIAN_POINT('',(-812.8,4.7752E+03,3.038475E+03));
#4517 = DIRECTION('',(0.,1.,0.));
#4518 = DIRECTION('',(0.,0.,1.));
#4519 = ADVANCED_FACE('',(#4520),#4536,.F.);
#4520 = FACE_BOUND('',#4521,.F.);
#4521 = EDGE_LOOP('',(#4522,#4528,#4529,#4535));
#4522 = ORIENTED_EDGE('',*,*,#4523,.F.);
#4523 = EDGE_CURVE('',#4370,#4493,#4524,.T.);
#4524 = LINE('',#4525,#4526);
#4525 = CARTESIAN_POINT('',(-812.8,4.6228E+03,3.038475E+03));
#4526 = VECTOR('',#4527,1.);
#4527 = DIRECTION('',(0.,1.,0.));
#4528 = ORIENTED_EDGE('',*,*,#4377,.T.);
#4529 = ORIENTED_EDGE('',*,*,#4530,.T.);
#4530 = EDGE_CURVE('',#4378,#4495,#4531,.T.);
#4531 = LINE('',#4532,#4533);
#4532 = CARTESIAN_POINT('',(5.69595E+03,4.6228E+03,3.038475E+03));
#4533 = VECTOR('',#4534,1.);
#4534 = DIRECTION('',(0.,1.,0.));
#4535 = ORIENTED_EDGE('',*,*,#4492,.F.);
#4536 = PLANE('',#4537);
#4537 = AXIS2_PLACEMENT_3D('',#4538,#4539,#4540);
#4538 = CARTESIAN_POINT('',(-812.8,4.6228E+03,3.038475E+03));
#4539 = DIRECTION('',(0.,0.,1.));
#4540 = DIRECTION('',(1.,0.,0.));
#4541 = ADVANCED_FACE('',(#4542),#4556,.T.);
#4542 = FACE_BOUND('',#4543,.T.);
#4543 = EDGE_LOOP('',(#4544,#4545,#4546,#4547,#4548,#4549,#4550,#4551,
    #4552,#4553,#4554,#4555));
#4544 = ORIENTED_EDGE('',*,*,#4276,.T.);
#4545 = ORIENTED_EDGE('',*,*,#4306,.T.);
#4546 = ORIENTED_EDGE('',*,*,#4338,.T.);
#4547 = ORIENTED_EDGE('',*,*,#4399,.F.);
#4548 = ORIENTED_EDGE('',*,*,#4431,.T.);
#4549 = ORIENTED_EDGE('',*,*,#4461,.T.);
#4550 = ORIENTED_EDGE('',*,*,#4502,.F.);
#4551 = ORIENTED_EDGE('',*,*,#4523,.F.);
#4552 = ORIENTED_EDGE('',*,*,#4369,.F.);
#4553 = ORIENTED_EDGE('',*,*,#4173,.T.);
#4554 = ORIENTED_EDGE('',*,*,#4223,.F.);
#4555 = ORIENTED_EDGE('',*,*,#4244,.F.);
#4556 = PLANE('',#4557);
#4557 = AXIS2_PLACEMENT_3D('',#4558,#4559,#4560);
#4558 = CARTESIAN_POINT('',(-812.8,4.699E+03,2.9464E+03));
#4559 = DIRECTION('',(-1.,-0.,-0.));
#4560 = DIRECTION('',(0.,0.,-1.));
#4561 = ADVANCED_FACE('',(#4562),#4576,.T.);
#4562 = FACE_BOUND('',#4563,.T.);
#4563 = EDGE_LOOP('',(#4564,#4565,#4566,#4567,#4568,#4569,#4570,#4571,
    #4572,#4573,#4574,#4575));
#4564 = ORIENTED_EDGE('',*,*,#4292,.F.);
#4565 = ORIENTED_EDGE('',*,*,#4260,.T.);
#4566 = ORIENTED_EDGE('',*,*,#4230,.T.);
#4567 = ORIENTED_EDGE('',*,*,#4191,.F.);
#4568 = ORIENTED_EDGE('',*,*,#4385,.T.);
#4569 = ORIENTED_EDGE('',*,*,#4530,.T.);
#4570 = ORIENTED_EDGE('',*,*,#4509,.T.);
#4571 = ORIENTED_EDGE('',*,*,#4470,.F.);
#4572 = ORIENTED_EDGE('',*,*,#4447,.F.);
#4573 = ORIENTED_EDGE('',*,*,#4415,.T.);
#4574 = ORIENTED_EDGE('',*,*,#4354,.F.);
#4575 = ORIENTED_EDGE('',*,*,#4315,.F.);
#4576 = PLANE('',#4577);
#4577 = AXIS2_PLACEMENT_3D('',#4578,#4579,#4580);
#4578 = CARTESIAN_POINT('',(5.69595E+03,4.699E+03,2.9464E+03));
#4579 = DIRECTION('',(1.,0.,0.));
#4580 = DIRECTION('',(0.,0.,1.));
#4581 = MANIFOLD_SOLID_BREP('',#4582);
#4582 = CLOSED_SHELL('',(#4583,#4623,#4663,#4685,#4707,#4719));
#4583 = ADVANCED_FACE('',(#4584),#4618,.F.);
#4584 = FACE_BOUND('',#4585,.F.);
#4585 = EDGE_LOOP('',(#4586,#4596,#4604,#4612));
#4586 = ORIENTED_EDGE('',*,*,#4587,.F.);
#4587 = EDGE_CURVE('',#4588,#4590,#4592,.T.);
#4588 = VERTEX_POINT('',#4589);
#4589 = CARTESIAN_POINT('',(1.27635E+03,6.3373E+03,0.));
#4590 = VERTEX_POINT('',#4591);
#4591 = CARTESIAN_POINT('',(1.27635E+03,6.3373E+03,5.880423586624E+03));
#4592 = LINE('',#4593,#4594);
#4593 = CARTESIAN_POINT('',(1.27635E+03,6.3373E+03,0.));
#4594 = VECTOR('',#4595,1.);
#4595 = DIRECTION('',(0.,0.,1.));
#4596 = ORIENTED_EDGE('',*,*,#4597,.T.);
#4597 = EDGE_CURVE('',#4588,#4598,#4600,.T.);
#4598 = VERTEX_POINT('',#4599);
#4599 = CARTESIAN_POINT('',(1.27635E+03,6.4897E+03,0.));
#4600 = LINE('',#4601,#4602);
#4601 = CARTESIAN_POINT('',(1.27635E+03,6.3373E+03,0.));
#4602 = VECTOR('',#4603,1.);
#4603 = DIRECTION('',(0.,1.,0.));
#4604 = ORIENTED_EDGE('',*,*,#4605,.T.);
#4605 = EDGE_CURVE('',#4598,#4606,#4608,.T.);
#4606 = VERTEX_POINT('',#4607);
#4607 = CARTESIAN_POINT('',(1.27635E+03,6.4897E+03,5.880423586624E+03));
#4608 = LINE('',#4609,#4610);
#4609 = CARTESIAN_POINT('',(1.27635E+03,6.4897E+03,0.));
#4610 = VECTOR('',#4611,1.);
#4611 = DIRECTION('',(0.,0.,1.));
#4612 = ORIENTED_EDGE('',*,*,#4613,.F.);
#4613 = EDGE_CURVE('',#4590,#4606,#4614,.T.);
#4614 = LINE('',#4615,#4616);
#4615 = CARTESIAN_POINT('',(1.27635E+03,6.3373E+03,5.880423586624E+03));
#4616 = VECTOR('',#4617,1.);
#4617 = DIRECTION('',(0.,1.,0.));
#4618 = PLANE('',#4619);
#4619 = AXIS2_PLACEMENT_3D('',#4620,#4621,#4622);
#4620 = CARTESIAN_POINT('',(1.27635E+03,6.3373E+03,0.));
#4621 = DIRECTION('',(1.,0.,0.));
#4622 = DIRECTION('',(0.,0.,1.));
#4623 = ADVANCED_FACE('',(#4624),#4658,.T.);
#4624 = FACE_BOUND('',#4625,.T.);
#4625 = EDGE_LOOP('',(#4626,#4636,#4644,#4652));
#4626 = ORIENTED_EDGE('',*,*,#4627,.F.);
#4627 = EDGE_CURVE('',#4628,#4630,#4632,.T.);
#4628 = VERTEX_POINT('',#4629);
#4629 = CARTESIAN_POINT('',(1.42875E+03,6.3373E+03,0.));
#4630 = VERTEX_POINT('',#4631);
#4631 = CARTESIAN_POINT('',(1.42875E+03,6.3373E+03,5.880423586624E+03));
#4632 = LINE('',#4633,#4634);
#4633 = CARTESIAN_POINT('',(1.42875E+03,6.3373E+03,0.));
#4634 = VECTOR('',#4635,1.);
#4635 = DIRECTION('',(0.,0.,1.));
#4636 = ORIENTED_EDGE('',*,*,#4637,.T.);
#4637 = EDGE_CURVE('',#4628,#4638,#4640,.T.);
#4638 = VERTEX_POINT('',#4639);
#4639 = CARTESIAN_POINT('',(1.42875E+03,6.4897E+03,0.));
#4640 = LINE('',#4641,#4642);
#4641 = CARTESIAN_POINT('',(1.42875E+03,6.3373E+03,0.));
#4642 = VECTOR('',#4643,1.);
#4643 = DIRECTION('',(0.,1.,0.));
#4644 = ORIENTED_EDGE('',*,*,#4645,.T.);
#4645 = EDGE_CURVE('',#4638,#4646,#4648,.T.);
#4646 = VERTEX_POINT('',#4647);
#4647 = CARTESIAN_POINT('',(1.42875E+03,6.4897E+03,5.880423586624E+03));
#4648 = LINE('',#4649,#4650);
#4649 = CARTESIAN_POINT('',(1.42875E+03,6.4897E+03,0.));
#4650 = VECTOR('',#4651,1.);
#4651 = DIRECTION('',(0.,0.,1.));
#4652 = ORIENTED_EDGE('',*,*,#4653,.F.);
#4653 = EDGE_CURVE('',#4630,#4646,#4654,.T.);
#4654 = LINE('',#4655,#4656);
#4655 = CARTESIAN_POINT('',(1.42875E+03,6.3373E+03,5.880423586624E+03));
#4656 = VECTOR('',#4657,1.);
#4657 = DIRECTION('',(0.,1.,0.));
#4658 = PLANE('',#4659);
#4659 = AXIS2_PLACEMENT_3D('',#4660,#4661,#4662);
#4660 = CARTESIAN_POINT('',(1.42875E+03,6.3373E+03,0.));
#4661 = DIRECTION('',(1.,0.,0.));
#4662 = DIRECTION('',(0.,0.,1.));
#4663 = ADVANCED_FACE('',(#4664),#4680,.F.);
#4664 = FACE_BOUND('',#4665,.F.);
#4665 = EDGE_LOOP('',(#4666,#4672,#4673,#4679));
#4666 = ORIENTED_EDGE('',*,*,#4667,.F.);
#4667 = EDGE_CURVE('',#4588,#4628,#4668,.T.);
#4668 = LINE('',#4669,#4670);
#4669 = CARTESIAN_POINT('',(1.27635E+03,6.3373E+03,0.));
#4670 = VECTOR('',#4671,1.);
#4671 = DIRECTION('',(1.,0.,0.));
#4672 = ORIENTED_EDGE('',*,*,#4587,.T.);
#4673 = ORIENTED_EDGE('',*,*,#4674,.T.);
#4674 = EDGE_CURVE('',#4590,#4630,#4675,.T.);
#4675 = LINE('',#4676,#4677);
#4676 = CARTESIAN_POINT('',(1.27635E+03,6.3373E+03,5.880423586624E+03));
#4677 = VECTOR('',#4678,1.);
#4678 = DIRECTION('',(1.,0.,0.));
#4679 = ORIENTED_EDGE('',*,*,#4627,.F.);
#4680 = PLANE('',#4681);
#4681 = AXIS2_PLACEMENT_3D('',#4682,#4683,#4684);
#4682 = CARTESIAN_POINT('',(1.27635E+03,6.3373E+03,0.));
#4683 = DIRECTION('',(0.,1.,0.));
#4684 = DIRECTION('',(0.,0.,1.));
#4685 = ADVANCED_FACE('',(#4686),#4702,.T.);
#4686 = FACE_BOUND('',#4687,.T.);
#4687 = EDGE_LOOP('',(#4688,#4694,#4695,#4701));
#4688 = ORIENTED_EDGE('',*,*,#4689,.F.);
#4689 = EDGE_CURVE('',#4598,#4638,#4690,.T.);
#4690 = LINE('',#4691,#4692);
#4691 = CARTESIAN_POINT('',(1.27635E+03,6.4897E+03,0.));
#4692 = VECTOR('',#4693,1.);
#4693 = DIRECTION('',(1.,0.,0.));
#4694 = ORIENTED_EDGE('',*,*,#4605,.T.);
#4695 = ORIENTED_EDGE('',*,*,#4696,.T.);
#4696 = EDGE_CURVE('',#4606,#4646,#4697,.T.);
#4697 = LINE('',#4698,#4699);
#4698 = CARTESIAN_POINT('',(1.27635E+03,6.4897E+03,5.880423586624E+03));
#4699 = VECTOR('',#4700,1.);
#4700 = DIRECTION('',(1.,0.,0.));
#4701 = ORIENTED_EDGE('',*,*,#4645,.F.);
#4702 = PLANE('',#4703);
#4703 = AXIS2_PLACEMENT_3D('',#4704,#4705,#4706);
#4704 = CARTESIAN_POINT('',(1.27635E+03,6.4897E+03,0.));
#4705 = DIRECTION('',(0.,1.,0.));
#4706 = DIRECTION('',(0.,0.,1.));
#4707 = ADVANCED_FACE('',(#4708),#4714,.F.);
#4708 = FACE_BOUND('',#4709,.F.);
#4709 = EDGE_LOOP('',(#4710,#4711,#4712,#4713));
#4710 = ORIENTED_EDGE('',*,*,#4597,.F.);
#4711 = ORIENTED_EDGE('',*,*,#4667,.T.);
#4712 = ORIENTED_EDGE('',*,*,#4637,.T.);
#4713 = ORIENTED_EDGE('',*,*,#4689,.F.);
#4714 = PLANE('',#4715);
#4715 = AXIS2_PLACEMENT_3D('',#4716,#4717,#4718);
#4716 = CARTESIAN_POINT('',(1.27635E+03,6.3373E+03,0.));
#4717 = DIRECTION('',(0.,0.,1.));
#4718 = DIRECTION('',(1.,0.,0.));
#4719 = ADVANCED_FACE('',(#4720),#4726,.T.);
#4720 = FACE_BOUND('',#4721,.T.);
#4721 = EDGE_LOOP('',(#4722,#4723,#4724,#4725));
#4722 = ORIENTED_EDGE('',*,*,#4613,.F.);
#4723 = ORIENTED_EDGE('',*,*,#4674,.T.);
#4724 = ORIENTED_EDGE('',*,*,#4653,.T.);
#4725 = ORIENTED_EDGE('',*,*,#4696,.F.);
#4726 = PLANE('',#4727);
#4727 = AXIS2_PLACEMENT_3D('',#4728,#4729,#4730);
#4728 = CARTESIAN_POINT('',(1.27635E+03,6.3373E+03,5.880423586624E+03));
#4729 = DIRECTION('',(0.,0.,1.));
#4730 = DIRECTION('',(1.,0.,0.));
#4731 = MANIFOLD_SOLID_BREP('',#4732);
#4732 = CLOSED_SHELL('',(#4733,#4773,#4804,#4835,#4857,#4869));
#4733 = ADVANCED_FACE('',(#4734),#4768,.T.);
#4734 = FACE_BOUND('',#4735,.T.);
#4735 = EDGE_LOOP('',(#4736,#4746,#4754,#4762));
#4736 = ORIENTED_EDGE('',*,*,#4737,.T.);
#4737 = EDGE_CURVE('',#4738,#4740,#4742,.T.);
#4738 = VERTEX_POINT('',#4739);
#4739 = CARTESIAN_POINT('',(-812.8,-76.2,3.927881810245E+03));
#4740 = VERTEX_POINT('',#4741);
#4741 = CARTESIAN_POINT('',(-812.8,-76.2,3.775481810245E+03));
#4742 = LINE('',#4743,#4744);
#4743 = CARTESIAN_POINT('',(-812.8,-76.2,3.927881810245E+03));
#4744 = VECTOR('',#4745,1.);
#4745 = DIRECTION('',(0.,0.,-1.));
#4746 = ORIENTED_EDGE('',*,*,#4747,.T.);
#4747 = EDGE_CURVE('',#4740,#4748,#4750,.T.);
#4748 = VERTEX_POINT('',#4749);
#4749 = CARTESIAN_POINT('',(5.69595E+03,-76.2,3.775481810245E+03));
#4750 = LINE('',#4751,#4752);
#4751 = CARTESIAN_POINT('',(-812.8,-76.2,3.775481810245E+03));
#4752 = VECTOR('',#4753,1.);
#4753 = DIRECTION('',(1.,0.,0.));
#4754 = ORIENTED_EDGE('',*,*,#4755,.F.);
#4755 = EDGE_CURVE('',#4756,#4748,#4758,.T.);
#4756 = VERTEX_POINT('',#4757);
#4757 = CARTESIAN_POINT('',(5.69595E+03,-76.2,3.927881810245E+03));
#4758 = LINE('',#4759,#4760);
#4759 = CARTESIAN_POINT('',(5.69595E+03,-76.2,3.927881810245E+03));
#4760 = VECTOR('',#4761,1.);
#4761 = DIRECTION('',(0.,0.,-1.));
#4762 = ORIENTED_EDGE('',*,*,#4763,.F.);
#4763 = EDGE_CURVE('',#4738,#4756,#4764,.T.);
#4764 = LINE('',#4765,#4766);
#4765 = CARTESIAN_POINT('',(-812.8,-76.2,3.927881810245E+03));
#4766 = VECTOR('',#4767,1.);
#4767 = DIRECTION('',(1.,0.,0.));
#4768 = PLANE('',#4769);
#4769 = AXIS2_PLACEMENT_3D('',#4770,#4771,#4772);
#4770 = CARTESIAN_POINT('',(-812.8,-76.2,3.927881810245E+03));
#4771 = DIRECTION('',(0.,-1.,0.));
#4772 = DIRECTION('',(1.,0.,0.));
#4773 = ADVANCED_FACE('',(#4774),#4799,.T.);
#4774 = FACE_BOUND('',#4775,.T.);
#4775 = EDGE_LOOP('',(#4776,#4777,#4785,#4793));
#4776 = ORIENTED_EDGE('',*,*,#4755,.T.);
#4777 = ORIENTED_EDGE('',*,*,#4778,.T.);
#4778 = EDGE_CURVE('',#4748,#4779,#4781,.T.);
#4779 = VERTEX_POINT('',#4780);
#4780 = CARTESIAN_POINT('',(5.69595E+03,76.2,3.863469991269E+03));
#4781 = LINE('',#4782,#4783);
#4782 = CARTESIAN_POINT('',(5.69595E+03,-76.2,3.775481810245E+03));
#4783 = VECTOR('',#4784,1.);
#4784 = DIRECTION('',(0.,0.866025403784,0.5));
#4785 = ORIENTED_EDGE('',*,*,#4786,.F.);
#4786 = EDGE_CURVE('',#4787,#4779,#4789,.T.);
#4787 = VERTEX_POINT('',#4788);
#4788 = CARTESIAN_POINT('',(5.69595E+03,76.2,4.015869991269E+03));
#4789 = LINE('',#4790,#4791);
#4790 = CARTESIAN_POINT('',(5.69595E+03,76.2,4.015869991269E+03));
#4791 = VECTOR('',#4792,1.);
#4792 = DIRECTION('',(0.,0.,-1.));
#4793 = ORIENTED_EDGE('',*,*,#4794,.F.);
#4794 = EDGE_CURVE('',#4756,#4787,#4795,.T.);
#4795 = LINE('',#4796,#4797);
#4796 = CARTESIAN_POINT('',(5.69595E+03,-76.2,3.927881810245E+03));
#4797 = VECTOR('',#4798,1.);
#4798 = DIRECTION('',(0.,0.866025403784,0.5));
#4799 = PLANE('',#4800);
#4800 = AXIS2_PLACEMENT_3D('',#4801,#4802,#4803);
#4801 = CARTESIAN_POINT('',(5.69595E+03,-76.2,3.927881810245E+03));
#4802 = DIRECTION('',(1.,0.,0.));
#4803 = DIRECTION('',(0.,0.866025403784,0.5));
#4804 = ADVANCED_FACE('',(#4805),#4830,.T.);
#4805 = FACE_BOUND('',#4806,.T.);
#4806 = EDGE_LOOP('',(#4807,#4808,#4816,#4824));
#4807 = ORIENTED_EDGE('',*,*,#4786,.T.);
#4808 = ORIENTED_EDGE('',*,*,#4809,.T.);
#4809 = EDGE_CURVE('',#4779,#4810,#4812,.T.);
#4810 = VERTEX_POINT('',#4811);
#4811 = CARTESIAN_POINT('',(-812.8,76.2,3.863469991269E+03));
#4812 = LINE('',#4813,#4814);
#4813 = CARTESIAN_POINT('',(5.69595E+03,76.2,3.863469991269E+03));
#4814 = VECTOR('',#4815,1.);
#4815 = DIRECTION('',(-1.,0.,0.));
#4816 = ORIENTED_EDGE('',*,*,#4817,.F.);
#4817 = EDGE_CURVE('',#4818,#4810,#4820,.T.);
#4818 = VERTEX_POINT('',#4819);
#4819 = CARTESIAN_POINT('',(-812.8,76.2,4.015869991269E+03));
#4820 = LINE('',#4821,#4822);
#4821 = CARTESIAN_POINT('',(-812.8,76.2,4.015869991269E+03));
#4822 = VECTOR('',#4823,1.);
#4823 = DIRECTION('',(0.,0.,-1.));
#4824 = ORIENTED_EDGE('',*,*,#4825,.F.);
#4825 = EDGE_CURVE('',#4787,#4818,#4826,.T.);
#4826 = LINE('',#4827,#4828);
#4827 = CARTESIAN_POINT('',(5.69595E+03,76.2,4.015869991269E+03));
#4828 = VECTOR('',#4829,1.);
#4829 = DIRECTION('',(-1.,0.,0.));
#4830 = PLANE('',#4831);
#4831 = AXIS2_PLACEMENT_3D('',#4832,#4833,#4834);
#4832 = CARTESIAN_POINT('',(5.69595E+03,76.2,4.015869991269E+03));
#4833 = DIRECTION('',(0.,1.,0.));
#4834 = DIRECTION('',(-1.,0.,0.));
#4835 = ADVANCED_FACE('',(#4836),#4852,.T.);
#4836 = FACE_BOUND('',#4837,.T.);
#4837 = EDGE_LOOP('',(#4838,#4839,#4845,#4846));
#4838 = ORIENTED_EDGE('',*,*,#4817,.T.);
#4839 = ORIENTED_EDGE('',*,*,#4840,.T.);
#4840 = EDGE_CURVE('',#4810,#4740,#4841,.T.);
#4841 = LINE('',#4842,#4843);
#4842 = CARTESIAN_POINT('',(-812.8,76.2,3.863469991269E+03));
#4843 = VECTOR('',#4844,1.);
#4844 = DIRECTION('',(0.,-0.866025403784,-0.5));
#4845 = ORIENTED_EDGE('',*,*,#4737,.F.);
#4846 = ORIENTED_EDGE('',*,*,#4847,.F.);
#4847 = EDGE_CURVE('',#4818,#4738,#4848,.T.);
#4848 = LINE('',#4849,#4850);
#4849 = CARTESIAN_POINT('',(-812.8,76.2,4.015869991269E+03));
#4850 = VECTOR('',#4851,1.);
#4851 = DIRECTION('',(0.,-0.866025403784,-0.5));
#4852 = PLANE('',#4853);
#4853 = AXIS2_PLACEMENT_3D('',#4854,#4855,#4856);
#4854 = CARTESIAN_POINT('',(-812.8,76.2,4.015869991269E+03));
#4855 = DIRECTION('',(-1.,0.,0.));
#4856 = DIRECTION('',(0.,-0.866025403784,-0.5));
#4857 = ADVANCED_FACE('',(#4858),#4864,.T.);
#4858 = FACE_BOUND('',#4859,.T.);
#4859 = EDGE_LOOP('',(#4860,#4861,#4862,#4863));
#4860 = ORIENTED_EDGE('',*,*,#4763,.T.);
#4861 = ORIENTED_EDGE('',*,*,#4794,.T.);
#4862 = ORIENTED_EDGE('',*,*,#4825,.T.);
#4863 = ORIENTED_EDGE('',*,*,#4847,.T.);
#4864 = PLANE('',#4865);
#4865 = AXIS2_PLACEMENT_3D('',#4866,#4867,#4868);
#4866 = CARTESIAN_POINT('',(2.441575E+03,0.,3.971875900757E+03));
#4867 = DIRECTION('',(0.,-0.5,0.866025403784));
#4868 = DIRECTION('',(0.,0.866025403784,0.5));
#4869 = ADVANCED_FACE('',(#4870),#4876,.F.);
#4870 = FACE_BOUND('',#4871,.F.);
#4871 = EDGE_LOOP('',(#4872,#4873,#4874,#4875));
#4872 = ORIENTED_EDGE('',*,*,#4747,.T.);
#4873 = ORIENTED_EDGE('',*,*,#4778,.T.);
#4874 = ORIENTED_EDGE('',*,*,#4809,.T.);
#4875 = ORIENTED_EDGE('',*,*,#4840,.T.);
#4876 = PLANE('',#4877);
#4877 = AXIS2_PLACEMENT_3D('',#4878,#4879,#4880);
#4878 = CARTESIAN_POINT('',(2.441575E+03,0.,3.819475900757E+03));
#4879 = DIRECTION('',(0.,-0.5,0.866025403784));
#4880 = DIRECTION('',(0.,0.866025403784,0.5));
#4881 = MANIFOLD_SOLID_BREP('',#4882);
#4882 = CLOSED_SHELL('',(#4883,#4923,#4954,#4985,#5007,#5019));
#4883 = ADVANCED_FACE('',(#4884),#4918,.T.);
#4884 = FACE_BOUND('',#4885,.T.);
#4885 = EDGE_LOOP('',(#4886,#4896,#4904,#4912));
#4886 = ORIENTED_EDGE('',*,*,#4887,.T.);
#4887 = EDGE_CURVE('',#4888,#4890,#4892,.T.);
#4888 = VERTEX_POINT('',#4889);
#4889 = CARTESIAN_POINT('',(-812.8,1.69545E+03,4.950744414655E+03));
#4890 = VERTEX_POINT('',#4891);
#4891 = CARTESIAN_POINT('',(-812.8,1.69545E+03,4.798344414655E+03));
#4892 = LINE('',#4893,#4894);
#4893 = CARTESIAN_POINT('',(-812.8,1.69545E+03,4.950744414655E+03));
#4894 = VECTOR('',#4895,1.);
#4895 = DIRECTION('',(0.,0.,-1.));
#4896 = ORIENTED_EDGE('',*,*,#4897,.T.);
#4897 = EDGE_CURVE('',#4890,#4898,#4900,.T.);
#4898 = VERTEX_POINT('',#4899);
#4899 = CARTESIAN_POINT('',(5.69595E+03,1.69545E+03,4.798344414655E+03)
  );
#4900 = LINE('',#4901,#4902);
#4901 = CARTESIAN_POINT('',(-812.8,1.69545E+03,4.798344414655E+03));
#4902 = VECTOR('',#4903,1.);
#4903 = DIRECTION('',(1.,0.,0.));
#4904 = ORIENTED_EDGE('',*,*,#4905,.F.);
#4905 = EDGE_CURVE('',#4906,#4898,#4908,.T.);
#4906 = VERTEX_POINT('',#4907);
#4907 = CARTESIAN_POINT('',(5.69595E+03,1.69545E+03,4.950744414655E+03)
  );
#4908 = LINE('',#4909,#4910);
#4909 = CARTESIAN_POINT('',(5.69595E+03,1.69545E+03,4.950744414655E+03)
  );
#4910 = VECTOR('',#4911,1.);
#4911 = DIRECTION('',(0.,0.,-1.));
#4912 = ORIENTED_EDGE('',*,*,#4913,.F.);
#4913 = EDGE_CURVE('',#4888,#4906,#4914,.T.);
#4914 = LINE('',#4915,#4916);
#4915 = CARTESIAN_POINT('',(-812.8,1.69545E+03,4.950744414655E+03));
#4916 = VECTOR('',#4917,1.);
#4917 = DIRECTION('',(1.,0.,0.));
#4918 = PLANE('',#4919);
#4919 = AXIS2_PLACEMENT_3D('',#4920,#4921,#4922);
#4920 = CARTESIAN_POINT('',(-812.8,1.69545E+03,4.950744414655E+03));
#4921 = DIRECTION('',(0.,-1.,0.));
#4922 = DIRECTION('',(1.,0.,0.));
#4923 = ADVANCED_FACE('',(#4924),#4949,.T.);
#4924 = FACE_BOUND('',#4925,.T.);
#4925 = EDGE_LOOP('',(#4926,#4927,#4935,#4943));
#4926 = ORIENTED_EDGE('',*,*,#4905,.T.);
#4927 = ORIENTED_EDGE('',*,*,#4928,.T.);
#4928 = EDGE_CURVE('',#4898,#4929,#4931,.T.);
#4929 = VERTEX_POINT('',#4930);
#4930 = CARTESIAN_POINT('',(5.69595E+03,1.84785E+03,4.886332595679E+03)
  );
#4931 = LINE('',#4932,#4933);
#4932 = CARTESIAN_POINT('',(5.69595E+03,1.69545E+03,4.798344414655E+03)
  );
#4933 = VECTOR('',#4934,1.);
#4934 = DIRECTION('',(0.,0.866025403784,0.5));
#4935 = ORIENTED_EDGE('',*,*,#4936,.F.);
#4936 = EDGE_CURVE('',#4937,#4929,#4939,.T.);
#4937 = VERTEX_POINT('',#4938);
#4938 = CARTESIAN_POINT('',(5.69595E+03,1.84785E+03,5.038732595679E+03)
  );
#4939 = LINE('',#4940,#4941);
#4940 = CARTESIAN_POINT('',(5.69595E+03,1.84785E+03,5.038732595679E+03)
  );
#4941 = VECTOR('',#4942,1.);
#4942 = DIRECTION('',(0.,0.,-1.));
#4943 = ORIENTED_EDGE('',*,*,#4944,.F.);
#4944 = EDGE_CURVE('',#4906,#4937,#4945,.T.);
#4945 = LINE('',#4946,#4947);
#4946 = CARTESIAN_POINT('',(5.69595E+03,1.69545E+03,4.950744414655E+03)
  );
#4947 = VECTOR('',#4948,1.);
#4948 = DIRECTION('',(0.,0.866025403784,0.5));
#4949 = PLANE('',#4950);
#4950 = AXIS2_PLACEMENT_3D('',#4951,#4952,#4953);
#4951 = CARTESIAN_POINT('',(5.69595E+03,1.69545E+03,4.950744414655E+03)
  );
#4952 = DIRECTION('',(1.,0.,0.));
#4953 = DIRECTION('',(0.,0.866025403784,0.5));
#4954 = ADVANCED_FACE('',(#4955),#4980,.T.);
#4955 = FACE_BOUND('',#4956,.T.);
#4956 = EDGE_LOOP('',(#4957,#4958,#4966,#4974));
#4957 = ORIENTED_EDGE('',*,*,#4936,.T.);
#4958 = ORIENTED_EDGE('',*,*,#4959,.T.);
#4959 = EDGE_CURVE('',#4929,#4960,#4962,.T.);
#4960 = VERTEX_POINT('',#4961);
#4961 = CARTESIAN_POINT('',(-812.8,1.84785E+03,4.886332595679E+03));
#4962 = LINE('',#4963,#4964);
#4963 = CARTESIAN_POINT('',(5.69595E+03,1.84785E+03,4.886332595679E+03)
  );
#4964 = VECTOR('',#4965,1.);
#4965 = DIRECTION('',(-1.,0.,0.));
#4966 = ORIENTED_EDGE('',*,*,#4967,.F.);
#4967 = EDGE_CURVE('',#4968,#4960,#4970,.T.);
#4968 = VERTEX_POINT('',#4969);
#4969 = CARTESIAN_POINT('',(-812.8,1.84785E+03,5.038732595679E+03));
#4970 = LINE('',#4971,#4972);
#4971 = CARTESIAN_POINT('',(-812.8,1.84785E+03,5.038732595679E+03));
#4972 = VECTOR('',#4973,1.);
#4973 = DIRECTION('',(0.,0.,-1.));
#4974 = ORIENTED_EDGE('',*,*,#4975,.F.);
#4975 = EDGE_CURVE('',#4937,#4968,#4976,.T.);
#4976 = LINE('',#4977,#4978);
#4977 = CARTESIAN_POINT('',(5.69595E+03,1.84785E+03,5.038732595679E+03)
  );
#4978 = VECTOR('',#4979,1.);
#4979 = DIRECTION('',(-1.,0.,0.));
#4980 = PLANE('',#4981);
#4981 = AXIS2_PLACEMENT_3D('',#4982,#4983,#4984);
#4982 = CARTESIAN_POINT('',(5.69595E+03,1.84785E+03,5.038732595679E+03)
  );
#4983 = DIRECTION('',(0.,1.,0.));
#4984 = DIRECTION('',(-1.,0.,0.));
#4985 = ADVANCED_FACE('',(#4986),#5002,.T.);
#4986 = FACE_BOUND('',#4987,.T.);
#4987 = EDGE_LOOP('',(#4988,#4989,#4995,#4996));
#4988 = ORIENTED_EDGE('',*,*,#4967,.T.);
#4989 = ORIENTED_EDGE('',*,*,#4990,.T.);
#4990 = EDGE_CURVE('',#4960,#4890,#4991,.T.);
#4991 = LINE('',#4992,#4993);
#4992 = CARTESIAN_POINT('',(-812.8,1.84785E+03,4.886332595679E+03));
#4993 = VECTOR('',#4994,1.);
#4994 = DIRECTION('',(0.,-0.866025403784,-0.5));
#4995 = ORIENTED_EDGE('',*,*,#4887,.F.);
#4996 = ORIENTED_EDGE('',*,*,#4997,.F.);
#4997 = EDGE_CURVE('',#4968,#4888,#4998,.T.);
#4998 = LINE('',#4999,#5000);
#4999 = CARTESIAN_POINT('',(-812.8,1.84785E+03,5.038732595679E+03));
#5000 = VECTOR('',#5001,1.);
#5001 = DIRECTION('',(0.,-0.866025403784,-0.5));
#5002 = PLANE('',#5003);
#5003 = AXIS2_PLACEMENT_3D('',#5004,#5005,#5006);
#5004 = CARTESIAN_POINT('',(-812.8,1.84785E+03,5.038732595679E+03));
#5005 = DIRECTION('',(-1.,0.,0.));
#5006 = DIRECTION('',(0.,-0.866025403784,-0.5));
#5007 = ADVANCED_FACE('',(#5008),#5014,.T.);
#5008 = FACE_BOUND('',#5009,.T.);
#5009 = EDGE_LOOP('',(#5010,#5011,#5012,#5013));
#5010 = ORIENTED_EDGE('',*,*,#4913,.T.);
#5011 = ORIENTED_EDGE('',*,*,#4944,.T.);
#5012 = ORIENTED_EDGE('',*,*,#4975,.T.);
#5013 = ORIENTED_EDGE('',*,*,#4997,.T.);
#5014 = PLANE('',#5015);
#5015 = AXIS2_PLACEMENT_3D('',#5016,#5017,#5018);
#5016 = CARTESIAN_POINT('',(2.441575E+03,1.77165E+03,4.994738505167E+03)
  );
#5017 = DIRECTION('',(0.,-0.5,0.866025403784));
#5018 = DIRECTION('',(0.,0.866025403784,0.5));
#5019 = ADVANCED_FACE('',(#5020),#5026,.F.);
#5020 = FACE_BOUND('',#5021,.F.);
#5021 = EDGE_LOOP('',(#5022,#5023,#5024,#5025));
#5022 = ORIENTED_EDGE('',*,*,#4897,.T.);
#5023 = ORIENTED_EDGE('',*,*,#4928,.T.);
#5024 = ORIENTED_EDGE('',*,*,#4959,.T.);
#5025 = ORIENTED_EDGE('',*,*,#4990,.T.);
#5026 = PLANE('',#5027);
#5027 = AXIS2_PLACEMENT_3D('',#5028,#5029,#5030);
#5028 = CARTESIAN_POINT('',(2.441575E+03,1.77165E+03,4.842338505167E+03)
  );
#5029 = DIRECTION('',(0.,-0.5,0.866025403784));
#5030 = DIRECTION('',(0.,0.866025403784,0.5));
#5031 = MANIFOLD_SOLID_BREP('',#5032);
#5032 = CLOSED_SHELL('',(#5033,#5073,#5104,#5135,#5174,#5213,#5244,#5283
    ,#5299,#5322,#5343,#5366));
#5033 = ADVANCED_FACE('',(#5034),#5068,.T.);
#5034 = FACE_BOUND('',#5035,.T.);
#5035 = EDGE_LOOP('',(#5036,#5046,#5054,#5062));
#5036 = ORIENTED_EDGE('',*,*,#5037,.T.);
#5037 = EDGE_CURVE('',#5038,#5040,#5042,.T.);
#5038 = VERTEX_POINT('',#5039);
#5039 = CARTESIAN_POINT('',(-889.,-1.6002E+03,3.048E+03));
#5040 = VERTEX_POINT('',#5041);
#5041 = CARTESIAN_POINT('',(-889.,-1.6002E+03,2.8956E+03));
#5042 = LINE('',#5043,#5044);
#5043 = CARTESIAN_POINT('',(-889.,-1.6002E+03,3.048E+03));
#5044 = VECTOR('',#5045,1.);
#5045 = DIRECTION('',(0.,0.,-1.));
#5046 = ORIENTED_EDGE('',*,*,#5047,.T.);
#5047 = EDGE_CURVE('',#5040,#5048,#5050,.T.);
#5048 = VERTEX_POINT('',#5049);
#5049 = CARTESIAN_POINT('',(-736.6,-1.6002E+03,2.8956E+03));
#5050 = LINE('',#5051,#5052);
#5051 = CARTESIAN_POINT('',(-889.,-1.6002E+03,2.8956E+03));
#5052 = VECTOR('',#5053,1.);
#5053 = DIRECTION('',(1.,0.,0.));
#5054 = ORIENTED_EDGE('',*,*,#5055,.F.);
#5055 = EDGE_CURVE('',#5056,#5048,#5058,.T.);
#5056 = VERTEX_POINT('',#5057);
#5057 = CARTESIAN_POINT('',(-736.6,-1.6002E+03,3.048E+03));
#5058 = LINE('',#5059,#5060);
#5059 = CARTESIAN_POINT('',(-736.6,-1.6002E+03,3.048E+03));
#5060 = VECTOR('',#5061,1.);
#5061 = DIRECTION('',(0.,0.,-1.));
#5062 = ORIENTED_EDGE('',*,*,#5063,.F.);
#5063 = EDGE_CURVE('',#5038,#5056,#5064,.T.);
#5064 = LINE('',#5065,#5066);
#5065 = CARTESIAN_POINT('',(-889.,-1.6002E+03,3.048E+03));
#5066 = VECTOR('',#5067,1.);
#5067 = DIRECTION('',(1.,0.,0.));
#5068 = PLANE('',#5069);
#5069 = AXIS2_PLACEMENT_3D('',#5070,#5071,#5072);
#5070 = CARTESIAN_POINT('',(-889.,-1.6002E+03,3.048E+03));
#5071 = DIRECTION('',(0.,-1.,0.));
#5072 = DIRECTION('',(1.,0.,0.));
#5073 = ADVANCED_FACE('',(#5074),#5099,.T.);
#5074 = FACE_BOUND('',#5075,.T.);
#5075 = EDGE_LOOP('',(#5076,#5077,#5085,#5093));
#5076 = ORIENTED_EDGE('',*,*,#5063,.T.);
#5077 = ORIENTED_EDGE('',*,*,#5078,.T.);
#5078 = EDGE_CURVE('',#5056,#5079,#5081,.T.);
#5079 = VERTEX_POINT('',#5080);
#5080 = CARTESIAN_POINT('',(-736.6,3.118166207439E+03,5.77215E+03));
#5081 = LINE('',#5082,#5083);
#5082 = CARTESIAN_POINT('',(-736.6,-1.6002E+03,3.048E+03));
#5083 = VECTOR('',#5084,1.);
#5084 = DIRECTION('',(0.,0.866025403784,0.5));
#5085 = ORIENTED_EDGE('',*,*,#5086,.T.);
#5086 = EDGE_CURVE('',#5079,#5087,#5089,.T.);
#5087 = VERTEX_POINT('',#5088);
#5088 = CARTESIAN_POINT('',(-889.,3.118166207439E+03,5.77215E+03));
#5089 = LINE('',#5090,#5091);
#5090 = CARTESIAN_POINT('',(-736.6,3.118166207439E+03,5.77215E+03));
#5091 = VECTOR('',#5092,1.);
#5092 = DIRECTION('',(-1.,0.,0.));
#5093 = ORIENTED_EDGE('',*,*,#5094,.T.);
#5094 = EDGE_CURVE('',#5087,#5038,#5095,.T.);
#5095 = LINE('',#5096,#5097);
#5096 = CARTESIAN_POINT('',(-889.,3.118166207439E+03,5.77215E+03));
#5097 = VECTOR('',#5098,1.);
#5098 = DIRECTION('',(0.,-0.866025403784,-0.5));
#5099 = PLANE('',#5100);
#5100 = AXIS2_PLACEMENT_3D('',#5101,#5102,#5103);
#5101 = CARTESIAN_POINT('',(-812.8,758.98310371937,4.410075E+03));
#5102 = DIRECTION('',(0.,-0.5,0.866025403784));
#5103 = DIRECTION('',(0.,0.866025403784,0.5));
#5104 = ADVANCED_FACE('',(#5105),#5130,.F.);
#5105 = FACE_BOUND('',#5106,.F.);
#5106 = EDGE_LOOP('',(#5107,#5108,#5116,#5124));
#5107 = ORIENTED_EDGE('',*,*,#5047,.T.);
#5108 = ORIENTED_EDGE('',*,*,#5109,.T.);
#5109 = EDGE_CURVE('',#5048,#5110,#5112,.T.);
#5110 = VERTEX_POINT('',#5111);
#5111 = CARTESIAN_POINT('',(-736.6,3.118166207439E+03,5.61975E+03));
#5112 = LINE('',#5113,#5114);
#5113 = CARTESIAN_POINT('',(-736.6,-1.6002E+03,2.8956E+03));
#5114 = VECTOR('',#5115,1.);
#5115 = DIRECTION('',(0.,0.866025403784,0.5));
#5116 = ORIENTED_EDGE('',*,*,#5117,.T.);
#5117 = EDGE_CURVE('',#5110,#5118,#5120,.T.);
#5118 = VERTEX_POINT('',#5119);
#5119 = CARTESIAN_POINT('',(-889.,3.118166207439E+03,5.61975E+03));
#5120 = LINE('',#5121,#5122);
#5121 = CARTESIAN_POINT('',(-736.6,3.118166207439E+03,5.61975E+03));
#5122 = VECTOR('',#5123,1.);
#5123 = DIRECTION('',(-1.,0.,0.));
#5124 = ORIENTED_EDGE('',*,*,#5125,.T.);
#5125 = EDGE_CURVE('',#5118,#5040,#5126,.T.);
#5126 = LINE('',#5127,#5128);
#5127 = CARTESIAN_POINT('',(-889.,3.118166207439E+03,5.61975E+03));
#5128 = VECTOR('',#5129,1.);
#5129 = DIRECTION('',(0.,-0.866025403784,-0.5));
#5130 = PLANE('',#5131);
#5131 = AXIS2_PLACEMENT_3D('',#5132,#5133,#5134);
#5132 = CARTESIAN_POINT('',(-812.8,758.98310371937,4.257675E+03));
#5133 = DIRECTION('',(0.,-0.5,0.866025403784));
#5134 = DIRECTION('',(0.,0.866025403784,0.5));
#5135 = ADVANCED_FACE('',(#5136),#5169,.T.);
#5136 = FACE_BOUND('',#5137,.T.);
#5137 = EDGE_LOOP('',(#5138,#5148,#5154,#5155,#5163));
#5138 = ORIENTED_EDGE('',*,*,#5139,.T.);
#5139 = EDGE_CURVE('',#5140,#5142,#5144,.T.);
#5140 = VERTEX_POINT('',#5141);
#5141 = CARTESIAN_POINT('',(-812.8,3.118166207439E+03,5.666571010432E+03
    ));
#5142 = VERTEX_POINT('',#5143);
#5143 = CARTESIAN_POINT('',(-736.6,3.118166207439E+03,5.666571010432E+03
    ));
#5144 = LINE('',#5145,#5146);
#5145 = CARTESIAN_POINT('',(-812.8,3.118166207439E+03,5.666571010432E+03
    ));
#5146 = VECTOR('',#5147,1.);
#5147 = DIRECTION('',(1.,0.,0.));
#5148 = ORIENTED_EDGE('',*,*,#5149,.T.);
#5149 = EDGE_CURVE('',#5142,#5110,#5150,.T.);
#5150 = LINE('',#5151,#5152);
#5151 = CARTESIAN_POINT('',(-736.6,3.118166207439E+03,5.77215E+03));
#5152 = VECTOR('',#5153,1.);
#5153 = DIRECTION('',(0.,0.,-1.));
#5154 = ORIENTED_EDGE('',*,*,#5117,.T.);
#5155 = ORIENTED_EDGE('',*,*,#5156,.F.);
#5156 = EDGE_CURVE('',#5157,#5118,#5159,.T.);
#5157 = VERTEX_POINT('',#5158);
#5158 = CARTESIAN_POINT('',(-889.,3.118166207439E+03,5.64901313152E+03)
  );
#5159 = LINE('',#5160,#5161);
#5160 = CARTESIAN_POINT('',(-889.,3.118166207439E+03,5.77215E+03));
#5161 = VECTOR('',#5162,1.);
#5162 = DIRECTION('',(0.,0.,-1.));
#5163 = ORIENTED_EDGE('',*,*,#5164,.T.);
#5164 = EDGE_CURVE('',#5157,#5140,#5165,.T.);
#5165 = LINE('',#5166,#5167);
#5166 = CARTESIAN_POINT('',(-889.,3.118166207439E+03,5.64901313152E+03)
  );
#5167 = VECTOR('',#5168,1.);
#5168 = DIRECTION('',(0.974466055183,7.687181743987E-31,0.224534868776)
  );
#5169 = PLANE('',#5170);
#5170 = AXIS2_PLACEMENT_3D('',#5171,#5172,#5173);
#5171 = CARTESIAN_POINT('',(-736.6,3.118166207439E+03,5.77215E+03));
#5172 = DIRECTION('',(0.,1.,0.));
#5173 = DIRECTION('',(-1.,0.,0.));
#5174 = ADVANCED_FACE('',(#5175),#5208,.F.);
#5175 = FACE_BOUND('',#5176,.F.);
#5176 = EDGE_LOOP('',(#5177,#5178,#5186,#5194,#5202));
#5177 = ORIENTED_EDGE('',*,*,#5164,.T.);
#5178 = ORIENTED_EDGE('',*,*,#5179,.T.);
#5179 = EDGE_CURVE('',#5140,#5180,#5182,.T.);
#5180 = VERTEX_POINT('',#5181);
#5181 = CARTESIAN_POINT('',(-736.6,3.194366207439E+03,5.684128889344E+03
    ));
#5182 = LINE('',#5183,#5184);
#5183 = CARTESIAN_POINT('',(-812.8,3.118166207439E+03,5.666571010432E+03
    ));
#5184 = VECTOR('',#5185,1.);
#5185 = DIRECTION('',(0.697904066843,0.697904066843,0.16080990942));
#5186 = ORIENTED_EDGE('',*,*,#5187,.T.);
#5187 = EDGE_CURVE('',#5180,#5188,#5190,.T.);
#5188 = VERTEX_POINT('',#5189);
#5189 = CARTESIAN_POINT('',(-736.5999999999,6.4262E+03,
    5.684128889344E+03));
#5190 = LINE('',#5191,#5192);
#5191 = CARTESIAN_POINT('',(-736.6,3.194366207439E+03,5.684128889344E+03
    ));
#5192 = VECTOR('',#5193,1.);
#5193 = DIRECTION('',(3.702489354421E-15,1.,-1.606855191457E-14));
#5194 = ORIENTED_EDGE('',*,*,#5195,.T.);
#5195 = EDGE_CURVE('',#5188,#5196,#5198,.T.);
#5196 = VERTEX_POINT('',#5197);
#5197 = CARTESIAN_POINT('',(-888.9999999999,6.4262E+03,5.64901313152E+03
    ));
#5198 = LINE('',#5199,#5200);
#5199 = CARTESIAN_POINT('',(-736.5999999999,6.4262E+03,
    5.684128889344E+03));
#5200 = VECTOR('',#5201,1.);
#5201 = DIRECTION('',(-0.974466055183,-7.687181743987E-31,
    -0.224534868776));
#5202 = ORIENTED_EDGE('',*,*,#5203,.T.);
#5203 = EDGE_CURVE('',#5196,#5157,#5204,.T.);
#5204 = LINE('',#5205,#5206);
#5205 = CARTESIAN_POINT('',(-888.9999999999,6.4262E+03,5.64901313152E+03
    ));
#5206 = VECTOR('',#5207,1.);
#5207 = DIRECTION('',(-3.702489354421E-15,-1.,1.606855191457E-14));
#5208 = PLANE('',#5209);
#5209 = AXIS2_PLACEMENT_3D('',#5210,#5211,#5212);
#5210 = CARTESIAN_POINT('',(-813.4720019177,4.783229453212E+03,
    5.666416168853E+03));
#5211 = DIRECTION('',(-0.224534868776,1.612E-14,0.974466055183));
#5212 = DIRECTION('',(0.974466055183,0.,0.224534868776));
#5213 = ADVANCED_FACE('',(#5214),#5239,.T.);
#5214 = FACE_BOUND('',#5215,.T.);
#5215 = EDGE_LOOP('',(#5216,#5224,#5225,#5233));
#5216 = ORIENTED_EDGE('',*,*,#5217,.T.);
#5217 = EDGE_CURVE('',#5218,#5188,#5220,.T.);
#5218 = VERTEX_POINT('',#5219);
#5219 = CARTESIAN_POINT('',(-736.5999999999,6.4262E+03,
    5.836528889344E+03));
#5220 = LINE('',#5221,#5222);
#5221 = CARTESIAN_POINT('',(-736.5999999999,6.4262E+03,
    5.836528889344E+03));
#5222 = VECTOR('',#5223,1.);
#5223 = DIRECTION('',(0.,0.,-1.));
#5224 = ORIENTED_EDGE('',*,*,#5195,.T.);
#5225 = ORIENTED_EDGE('',*,*,#5226,.F.);
#5226 = EDGE_CURVE('',#5227,#5196,#5229,.T.);
#5227 = VERTEX_POINT('',#5228);
#5228 = CARTESIAN_POINT('',(-888.9999999999,6.4262E+03,5.80141313152E+03
    ));
#5229 = LINE('',#5230,#5231);
#5230 = CARTESIAN_POINT('',(-888.9999999999,6.4262E+03,5.80141313152E+03
    ));
#5231 = VECTOR('',#5232,1.);
#5232 = DIRECTION('',(0.,0.,-1.));
#5233 = ORIENTED_EDGE('',*,*,#5234,.F.);
#5234 = EDGE_CURVE('',#5218,#5227,#5235,.T.);
#5235 = LINE('',#5236,#5237);
#5236 = CARTESIAN_POINT('',(-736.5999999999,6.4262E+03,
    5.836528889344E+03));
#5237 = VECTOR('',#5238,1.);
#5238 = DIRECTION('',(-0.974466055183,-7.687181743987E-31,
    -0.224534868776));
#5239 = PLANE('',#5240);
#5240 = AXIS2_PLACEMENT_3D('',#5241,#5242,#5243);
#5241 = CARTESIAN_POINT('',(-736.5999999999,6.4262E+03,
    5.836528889344E+03));
#5242 = DIRECTION('',(0.,1.,0.));
#5243 = DIRECTION('',(-0.974466055183,0.,-0.224534868776));
#5244 = ADVANCED_FACE('',(#5245),#5278,.T.);
#5245 = FACE_BOUND('',#5246,.T.);
#5246 = EDGE_LOOP('',(#5247,#5257,#5265,#5271,#5272));
#5247 = ORIENTED_EDGE('',*,*,#5248,.T.);
#5248 = EDGE_CURVE('',#5249,#5251,#5253,.T.);
#5249 = VERTEX_POINT('',#5250);
#5250 = CARTESIAN_POINT('',(-889.,3.118166207439E+03,5.80141313152E+03)
  );
#5251 = VERTEX_POINT('',#5252);
#5252 = CARTESIAN_POINT('',(-812.8,3.118166207439E+03,5.818971010432E+03
    ));
#5253 = LINE('',#5254,#5255);
#5254 = CARTESIAN_POINT('',(-889.,3.118166207439E+03,5.80141313152E+03)
  );
#5255 = VECTOR('',#5256,1.);
#5256 = DIRECTION('',(0.974466055183,7.687181743987E-31,0.224534868776)
  );
#5257 = ORIENTED_EDGE('',*,*,#5258,.T.);
#5258 = EDGE_CURVE('',#5251,#5259,#5261,.T.);
#5259 = VERTEX_POINT('',#5260);
#5260 = CARTESIAN_POINT('',(-736.6,3.194366207439E+03,5.836528889344E+03
    ));
#5261 = LINE('',#5262,#5263);
#5262 = CARTESIAN_POINT('',(-812.8,3.118166207439E+03,5.818971010432E+03
    ));
#5263 = VECTOR('',#5264,1.);
#5264 = DIRECTION('',(0.697904066843,0.697904066843,0.16080990942));
#5265 = ORIENTED_EDGE('',*,*,#5266,.T.);
#5266 = EDGE_CURVE('',#5259,#5218,#5267,.T.);
#5267 = LINE('',#5268,#5269);
#5268 = CARTESIAN_POINT('',(-736.6,3.194366207439E+03,5.836528889344E+03
    ));
#5269 = VECTOR('',#5270,1.);
#5270 = DIRECTION('',(3.702489354421E-15,1.,-1.606855191457E-14));
#5271 = ORIENTED_EDGE('',*,*,#5234,.T.);
#5272 = ORIENTED_EDGE('',*,*,#5273,.T.);
#5273 = EDGE_CURVE('',#5227,#5249,#5274,.T.);
#5274 = LINE('',#5275,#5276);
#5275 = CARTESIAN_POINT('',(-888.9999999999,6.4262E+03,5.80141313152E+03
    ));
#5276 = VECTOR('',#5277,1.);
#5277 = DIRECTION('',(-3.702489354421E-15,-1.,1.606855191457E-14));
#5278 = PLANE('',#5279);
#5279 = AXIS2_PLACEMENT_3D('',#5280,#5281,#5282);
#5280 = CARTESIAN_POINT('',(-813.4720019177,4.783229453212E+03,
    5.818816168853E+03));
#5281 = DIRECTION('',(-0.224534868776,1.612E-14,0.974466055183));
#5282 = DIRECTION('',(0.974466055183,0.,0.224534868776));
#5283 = ADVANCED_FACE('',(#5284),#5294,.F.);
#5284 = FACE_BOUND('',#5285,.F.);
#5285 = EDGE_LOOP('',(#5286,#5287,#5293));
#5286 = ORIENTED_EDGE('',*,*,#5139,.T.);
#5287 = ORIENTED_EDGE('',*,*,#5288,.T.);
#5288 = EDGE_CURVE('',#5142,#5180,#5289,.T.);
#5289 = LINE('',#5290,#5291);
#5290 = CARTESIAN_POINT('',(-736.6,3.118166207439E+03,5.666571010432E+03
    ));
#5291 = VECTOR('',#5292,1.);
#5292 = DIRECTION('',(0.,0.974466055183,0.224534868776));
#5293 = ORIENTED_EDGE('',*,*,#5179,.F.);
#5294 = PLANE('',#5295);
#5295 = AXIS2_PLACEMENT_3D('',#5296,#5297,#5298);
#5296 = CARTESIAN_POINT('',(-763.3968478154,3.145251669318E+03,
    5.672811998095E+03));
#5297 = DIRECTION('',(0.,-0.224534868776,0.974466055183));
#5298 = DIRECTION('',(0.,0.974466055183,0.224534868776));
#5299 = ADVANCED_FACE('',(#5300),#5317,.T.);
#5300 = FACE_BOUND('',#5301,.T.);
#5301 = EDGE_LOOP('',(#5302,#5310,#5316));
#5302 = ORIENTED_EDGE('',*,*,#5303,.T.);
#5303 = EDGE_CURVE('',#5251,#5304,#5306,.T.);
#5304 = VERTEX_POINT('',#5305);
#5305 = CARTESIAN_POINT('',(-736.6,3.118166207439E+03,5.818971010432E+03
    ));
#5306 = LINE('',#5307,#5308);
#5307 = CARTESIAN_POINT('',(-812.8,3.118166207439E+03,5.818971010432E+03
    ));
#5308 = VECTOR('',#5309,1.);
#5309 = DIRECTION('',(1.,0.,0.));
#5310 = ORIENTED_EDGE('',*,*,#5311,.T.);
#5311 = EDGE_CURVE('',#5304,#5259,#5312,.T.);
#5312 = LINE('',#5313,#5314);
#5313 = CARTESIAN_POINT('',(-736.6,3.118166207439E+03,5.818971010432E+03
    ));
#5314 = VECTOR('',#5315,1.);
#5315 = DIRECTION('',(0.,0.974466055183,0.224534868776));
#5316 = ORIENTED_EDGE('',*,*,#5258,.F.);
#5317 = PLANE('',#5318);
#5318 = AXIS2_PLACEMENT_3D('',#5319,#5320,#5321);
#5319 = CARTESIAN_POINT('',(-763.3968478154,3.145251669318E+03,
    5.825211998095E+03));
#5320 = DIRECTION('',(0.,-0.224534868776,0.974466055183));
#5321 = DIRECTION('',(0.,0.974466055183,0.224534868776));
#5322 = ADVANCED_FACE('',(#5323),#5338,.T.);
#5323 = FACE_BOUND('',#5324,.T.);
#5324 = EDGE_LOOP('',(#5325,#5326,#5327,#5328,#5329,#5335,#5336,#5337));
#5325 = ORIENTED_EDGE('',*,*,#5156,.T.);
#5326 = ORIENTED_EDGE('',*,*,#5125,.T.);
#5327 = ORIENTED_EDGE('',*,*,#5037,.F.);
#5328 = ORIENTED_EDGE('',*,*,#5094,.F.);
#5329 = ORIENTED_EDGE('',*,*,#5330,.F.);
#5330 = EDGE_CURVE('',#5249,#5087,#5331,.T.);
#5331 = LINE('',#5332,#5333);
#5332 = CARTESIAN_POINT('',(-889.,3.118166207439E+03,5.80141313152E+03)
  );
#5333 = VECTOR('',#5334,1.);
#5334 = DIRECTION('',(0.,0.,-1.));
#5335 = ORIENTED_EDGE('',*,*,#5273,.F.);
#5336 = ORIENTED_EDGE('',*,*,#5226,.T.);
#5337 = ORIENTED_EDGE('',*,*,#5203,.T.);
#5338 = PLANE('',#5339);
#5339 = AXIS2_PLACEMENT_3D('',#5340,#5341,#5342);
#5340 = CARTESIAN_POINT('',(-888.9999999999,2.280231163238E+03,
    4.853578708932E+03));
#5341 = DIRECTION('',(-1.,3.59E-15,-6.16E-15));
#5342 = DIRECTION('',(6.16E-15,0.,-1.));
#5343 = ADVANCED_FACE('',(#5344),#5361,.T.);
#5344 = FACE_BOUND('',#5345,.T.);
#5345 = EDGE_LOOP('',(#5346,#5347,#5348,#5349,#5350,#5351,#5352,#5353,
    #5354,#5360));
#5346 = ORIENTED_EDGE('',*,*,#5055,.T.);
#5347 = ORIENTED_EDGE('',*,*,#5109,.T.);
#5348 = ORIENTED_EDGE('',*,*,#5149,.F.);
#5349 = ORIENTED_EDGE('',*,*,#5288,.T.);
#5350 = ORIENTED_EDGE('',*,*,#5187,.T.);
#5351 = ORIENTED_EDGE('',*,*,#5217,.F.);
#5352 = ORIENTED_EDGE('',*,*,#5266,.F.);
#5353 = ORIENTED_EDGE('',*,*,#5311,.F.);
#5354 = ORIENTED_EDGE('',*,*,#5355,.T.);
#5355 = EDGE_CURVE('',#5304,#5079,#5356,.T.);
#5356 = LINE('',#5357,#5358);
#5357 = CARTESIAN_POINT('',(-736.6,3.118166207439E+03,5.818971010432E+03
    ));
#5358 = VECTOR('',#5359,1.);
#5359 = DIRECTION('',(0.,0.,-1.));
#5360 = ORIENTED_EDGE('',*,*,#5078,.F.);
#5361 = PLANE('',#5362);
#5362 = AXIS2_PLACEMENT_3D('',#5363,#5364,#5365);
#5363 = CARTESIAN_POINT('',(-736.5999999999,2.282068888033E+03,
    4.868696916452E+03));
#5364 = DIRECTION('',(1.,-3.59E-15,6.17E-15));
#5365 = DIRECTION('',(-6.17E-15,0.,1.));
#5366 = ADVANCED_FACE('',(#5367),#5374,.T.);
#5367 = FACE_BOUND('',#5368,.T.);
#5368 = EDGE_LOOP('',(#5369,#5370,#5371,#5372,#5373));
#5369 = ORIENTED_EDGE('',*,*,#5303,.F.);
#5370 = ORIENTED_EDGE('',*,*,#5248,.F.);
#5371 = ORIENTED_EDGE('',*,*,#5330,.T.);
#5372 = ORIENTED_EDGE('',*,*,#5086,.F.);
#5373 = ORIENTED_EDGE('',*,*,#5355,.F.);
#5374 = PLANE('',#5375);
#5375 = AXIS2_PLACEMENT_3D('',#5376,#5377,#5378);
#5376 = CARTESIAN_POINT('',(-809.5043601303,3.118166207439E+03,
    5.79321867972E+03));
#5377 = DIRECTION('',(-0.,-1.,-0.));
#5378 = DIRECTION('',(0.,0.,-1.));
#5379 = MANIFOLD_SOLID_BREP('',#5380);
#5380 = CLOSED_SHELL('',(#5381,#5421,#5452,#5492,#5523,#5554,#5585,#5616
    ,#5647,#5678,#5700,#5731,#5753,#5773));
#5381 = ADVANCED_FACE('',(#5382),#5416,.T.);
#5382 = FACE_BOUND('',#5383,.T.);
#5383 = EDGE_LOOP('',(#5384,#5394,#5402,#5410));
#5384 = ORIENTED_EDGE('',*,*,#5385,.T.);
#5385 = EDGE_CURVE('',#5386,#5388,#5390,.T.);
#5386 = VERTEX_POINT('',#5387);
#5387 = CARTESIAN_POINT('',(5.77215E+03,6.4262E+03,5.877497273472E+03));
#5388 = VERTEX_POINT('',#5389);
#5389 = CARTESIAN_POINT('',(5.77215E+03,6.4262E+03,5.725097273472E+03));
#5390 = LINE('',#5391,#5392);
#5391 = CARTESIAN_POINT('',(5.77215E+03,6.4262E+03,5.877497273472E+03));
#5392 = VECTOR('',#5393,1.);
#5393 = DIRECTION('',(0.,0.,-1.));
#5394 = ORIENTED_EDGE('',*,*,#5395,.T.);
#5395 = EDGE_CURVE('',#5388,#5396,#5398,.T.);
#5396 = VERTEX_POINT('',#5397);
#5397 = CARTESIAN_POINT('',(5.61975E+03,6.4262E+03,5.725097273472E+03));
#5398 = LINE('',#5399,#5400);
#5399 = CARTESIAN_POINT('',(5.77215E+03,6.4262E+03,5.725097273472E+03));
#5400 = VECTOR('',#5401,1.);
#5401 = DIRECTION('',(-1.,0.,0.));
#5402 = ORIENTED_EDGE('',*,*,#5403,.F.);
#5403 = EDGE_CURVE('',#5404,#5396,#5406,.T.);
#5404 = VERTEX_POINT('',#5405);
#5405 = CARTESIAN_POINT('',(5.61975E+03,6.4262E+03,5.877497273472E+03));
#5406 = LINE('',#5407,#5408);
#5407 = CARTESIAN_POINT('',(5.61975E+03,6.4262E+03,5.877497273472E+03));
#5408 = VECTOR('',#5409,1.);
#5409 = DIRECTION('',(0.,0.,-1.));
#5410 = ORIENTED_EDGE('',*,*,#5411,.F.);
#5411 = EDGE_CURVE('',#5386,#5404,#5412,.T.);
#5412 = LINE('',#5413,#5414);
#5413 = CARTESIAN_POINT('',(5.77215E+03,6.4262E+03,5.877497273472E+03));
#5414 = VECTOR('',#5415,1.);
#5415 = DIRECTION('',(-1.,0.,0.));
#5416 = PLANE('',#5417);
#5417 = AXIS2_PLACEMENT_3D('',#5418,#5419,#5420);
#5418 = CARTESIAN_POINT('',(5.77215E+03,6.4262E+03,5.877497273472E+03));
#5419 = DIRECTION('',(-2.2E-16,1.,0.));
#5420 = DIRECTION('',(-1.,-2.2E-16,1.E-17));
#5421 = ADVANCED_FACE('',(#5422),#5447,.T.);
#5422 = FACE_BOUND('',#5423,.T.);
#5423 = EDGE_LOOP('',(#5424,#5432,#5433,#5441));
#5424 = ORIENTED_EDGE('',*,*,#5425,.T.);
#5425 = EDGE_CURVE('',#5426,#5386,#5428,.T.);
#5426 = VERTEX_POINT('',#5427);
#5427 = CARTESIAN_POINT('',(5.77215E+03,6.11505E+03,5.949191945696E+03)
  );
#5428 = LINE('',#5429,#5430);
#5429 = CARTESIAN_POINT('',(5.77215E+03,6.11505E+03,5.949191945696E+03)
  );
#5430 = VECTOR('',#5431,1.);
#5431 = DIRECTION('',(1.1E-16,0.974466055183,-0.224534868776));
#5432 = ORIENTED_EDGE('',*,*,#5411,.T.);
#5433 = ORIENTED_EDGE('',*,*,#5434,.T.);
#5434 = EDGE_CURVE('',#5404,#5435,#5437,.T.);
#5435 = VERTEX_POINT('',#5436);
#5436 = CARTESIAN_POINT('',(5.61975E+03,5.96265E+03,5.98430770352E+03));
#5437 = LINE('',#5438,#5439);
#5438 = CARTESIAN_POINT('',(5.61975E+03,6.4262E+03,5.877497273472E+03));
#5439 = VECTOR('',#5440,1.);
#5440 = DIRECTION('',(-1.2E-16,-0.974466055183,0.224534868776));
#5441 = ORIENTED_EDGE('',*,*,#5442,.F.);
#5442 = EDGE_CURVE('',#5426,#5435,#5443,.T.);
#5443 = LINE('',#5444,#5445);
#5444 = CARTESIAN_POINT('',(5.77215E+03,6.11505E+03,5.949191945696E+03)
  );
#5445 = VECTOR('',#5446,1.);
#5446 = DIRECTION('',(-0.697904066843,-0.697904066843,0.16080990942));
#5447 = PLANE('',#5448);
#5448 = AXIS2_PLACEMENT_3D('',#5449,#5450,#5451);
#5449 = CARTESIAN_POINT('',(5.685727402903E+03,6.216454076241E+03,
    5.925826584911E+03));
#5450 = DIRECTION('',(-4.3E-16,0.224534868776,0.974466055183));
#5451 = DIRECTION('',(0.,0.974466055183,-0.224534868776));
#5452 = ADVANCED_FACE('',(#5453),#5487,.T.);
#5453 = FACE_BOUND('',#5454,.T.);
#5454 = EDGE_LOOP('',(#5455,#5465,#5473,#5481));
#5455 = ORIENTED_EDGE('',*,*,#5456,.T.);
#5456 = EDGE_CURVE('',#5457,#5459,#5461,.T.);
#5457 = VERTEX_POINT('',#5458);
#5458 = CARTESIAN_POINT('',(5.61975E+03,-1.6002E+03,3.048E+03));
#5459 = VERTEX_POINT('',#5460);
#5460 = CARTESIAN_POINT('',(5.61975E+03,-1.6002E+03,2.8956E+03));
#5461 = LINE('',#5462,#5463);
#5462 = CARTESIAN_POINT('',(5.61975E+03,-1.6002E+03,3.048E+03));
#5463 = VECTOR('',#5464,1.);
#5464 = DIRECTION('',(0.,0.,-1.));
#5465 = ORIENTED_EDGE('',*,*,#5466,.T.);
#5466 = EDGE_CURVE('',#5459,#5467,#5469,.T.);
#5467 = VERTEX_POINT('',#5468);
#5468 = CARTESIAN_POINT('',(5.77215E+03,-1.6002E+03,2.8956E+03));
#5469 = LINE('',#5470,#5471);
#5470 = CARTESIAN_POINT('',(5.61975E+03,-1.6002E+03,2.8956E+03));
#5471 = VECTOR('',#5472,1.);
#5472 = DIRECTION('',(1.,0.,0.));
#5473 = ORIENTED_EDGE('',*,*,#5474,.F.);
#5474 = EDGE_CURVE('',#5475,#5467,#5477,.T.);
#5475 = VERTEX_POINT('',#5476);
#5476 = CARTESIAN_POINT('',(5.77215E+03,-1.6002E+03,3.048E+03));
#5477 = LINE('',#5478,#5479);
#5478 = CARTESIAN_POINT('',(5.77215E+03,-1.6002E+03,3.048E+03));
#5479 = VECTOR('',#5480,1.);
#5480 = DIRECTION('',(0.,0.,-1.));
#5481 = ORIENTED_EDGE('',*,*,#5482,.F.);
#5482 = EDGE_CURVE('',#5457,#5475,#5483,.T.);
#5483 = LINE('',#5484,#5485);
#5484 = CARTESIAN_POINT('',(5.61975E+03,-1.6002E+03,3.048E+03));
#5485 = VECTOR('',#5486,1.);
#5486 = DIRECTION('',(1.,0.,0.));
#5487 = PLANE('',#5488);
#5488 = AXIS2_PLACEMENT_3D('',#5489,#5490,#5491);
#5489 = CARTESIAN_POINT('',(5.61975E+03,-1.6002E+03,3.048E+03));
#5490 = DIRECTION('',(0.,-1.,0.));
#5491 = DIRECTION('',(1.,0.,0.));
#5492 = ADVANCED_FACE('',(#5493),#5518,.T.);
#5493 = FACE_BOUND('',#5494,.T.);
#5494 = EDGE_LOOP('',(#5495,#5496,#5504,#5512));
#5495 = ORIENTED_EDGE('',*,*,#5482,.T.);
#5496 = ORIENTED_EDGE('',*,*,#5497,.T.);
#5497 = EDGE_CURVE('',#5475,#5498,#5500,.T.);
#5498 = VERTEX_POINT('',#5499);
#5499 = CARTESIAN_POINT('',(5.77215E+03,3.118166207439E+03,5.77215E+03)
  );
#5500 = LINE('',#5501,#5502);
#5501 = CARTESIAN_POINT('',(5.77215E+03,-1.6002E+03,3.048E+03));
#5502 = VECTOR('',#5503,1.);
#5503 = DIRECTION('',(0.,0.866025403784,0.5));
#5504 = ORIENTED_EDGE('',*,*,#5505,.T.);
#5505 = EDGE_CURVE('',#5498,#5506,#5508,.T.);
#5506 = VERTEX_POINT('',#5507);
#5507 = CARTESIAN_POINT('',(5.61975E+03,3.118166207439E+03,5.77215E+03)
  );
#5508 = LINE('',#5509,#5510);
#5509 = CARTESIAN_POINT('',(5.77215E+03,3.118166207439E+03,5.77215E+03)
  );
#5510 = VECTOR('',#5511,1.);
#5511 = DIRECTION('',(-1.,0.,0.));
#5512 = ORIENTED_EDGE('',*,*,#5513,.T.);
#5513 = EDGE_CURVE('',#5506,#5457,#5514,.T.);
#5514 = LINE('',#5515,#5516);
#5515 = CARTESIAN_POINT('',(5.61975E+03,3.118166207439E+03,5.77215E+03)
  );
#5516 = VECTOR('',#5517,1.);
#5517 = DIRECTION('',(0.,-0.866025403784,-0.5));
#5518 = PLANE('',#5519);
#5519 = AXIS2_PLACEMENT_3D('',#5520,#5521,#5522);
#5520 = CARTESIAN_POINT('',(5.69595E+03,758.98310371937,4.410075E+03));
#5521 = DIRECTION('',(0.,-0.5,0.866025403784));
#5522 = DIRECTION('',(0.,0.866025403784,0.5));
#5523 = ADVANCED_FACE('',(#5524),#5549,.F.);
#5524 = FACE_BOUND('',#5525,.F.);
#5525 = EDGE_LOOP('',(#5526,#5527,#5535,#5543));
#5526 = ORIENTED_EDGE('',*,*,#5466,.T.);
#5527 = ORIENTED_EDGE('',*,*,#5528,.T.);
#5528 = EDGE_CURVE('',#5467,#5529,#5531,.T.);
#5529 = VERTEX_POINT('',#5530);
#5530 = CARTESIAN_POINT('',(5.77215E+03,3.118166207439E+03,5.61975E+03)
  );
#5531 = LINE('',#5532,#5533);
#5532 = CARTESIAN_POINT('',(5.77215E+03,-1.6002E+03,2.8956E+03));
#5533 = VECTOR('',#5534,1.);
#5534 = DIRECTION('',(0.,0.866025403784,0.5));
#5535 = ORIENTED_EDGE('',*,*,#5536,.T.);
#5536 = EDGE_CURVE('',#5529,#5537,#5539,.T.);
#5537 = VERTEX_POINT('',#5538);
#5538 = CARTESIAN_POINT('',(5.61975E+03,3.118166207439E+03,5.61975E+03)
  );
#5539 = LINE('',#5540,#5541);
#5540 = CARTESIAN_POINT('',(5.77215E+03,3.118166207439E+03,5.61975E+03)
  );
#5541 = VECTOR('',#5542,1.);
#5542 = DIRECTION('',(-1.,0.,0.));
#5543 = ORIENTED_EDGE('',*,*,#5544,.T.);
#5544 = EDGE_CURVE('',#5537,#5459,#5545,.T.);
#5545 = LINE('',#5546,#5547);
#5546 = CARTESIAN_POINT('',(5.61975E+03,3.118166207439E+03,5.61975E+03)
  );
#5547 = VECTOR('',#5548,1.);
#5548 = DIRECTION('',(0.,-0.866025403784,-0.5));
#5549 = PLANE('',#5550);
#5550 = AXIS2_PLACEMENT_3D('',#5551,#5552,#5553);
#5551 = CARTESIAN_POINT('',(5.69595E+03,758.98310371937,4.257675E+03));
#5552 = DIRECTION('',(0.,-0.5,0.866025403784));
#5553 = DIRECTION('',(0.,0.866025403784,0.5));
#5554 = ADVANCED_FACE('',(#5555),#5580,.T.);
#5555 = FACE_BOUND('',#5556,.T.);
#5556 = EDGE_LOOP('',(#5557,#5567,#5573,#5574));
#5557 = ORIENTED_EDGE('',*,*,#5558,.T.);
#5558 = EDGE_CURVE('',#5559,#5561,#5563,.T.);
#5559 = VERTEX_POINT('',#5560);
#5560 = CARTESIAN_POINT('',(5.61975E+03,3.118166207439E+03,
    5.666571010432E+03));
#5561 = VERTEX_POINT('',#5562);
#5562 = CARTESIAN_POINT('',(5.77215E+03,3.118166207439E+03,
    5.666571010432E+03));
#5563 = LINE('',#5564,#5565);
#5564 = CARTESIAN_POINT('',(5.61975E+03,3.118166207439E+03,
    5.666571010432E+03));
#5565 = VECTOR('',#5566,1.);
#5566 = DIRECTION('',(1.,0.,0.));
#5567 = ORIENTED_EDGE('',*,*,#5568,.T.);
#5568 = EDGE_CURVE('',#5561,#5529,#5569,.T.);
#5569 = LINE('',#5570,#5571);
#5570 = CARTESIAN_POINT('',(5.77215E+03,3.118166207439E+03,5.77215E+03)
  );
#5571 = VECTOR('',#5572,1.);
#5572 = DIRECTION('',(0.,0.,-1.));
#5573 = ORIENTED_EDGE('',*,*,#5536,.T.);
#5574 = ORIENTED_EDGE('',*,*,#5575,.F.);
#5575 = EDGE_CURVE('',#5559,#5537,#5576,.T.);
#5576 = LINE('',#5577,#5578);
#5577 = CARTESIAN_POINT('',(5.61975E+03,3.118166207439E+03,5.77215E+03)
  );
#5578 = VECTOR('',#5579,1.);
#5579 = DIRECTION('',(0.,0.,-1.));
#5580 = PLANE('',#5581);
#5581 = AXIS2_PLACEMENT_3D('',#5582,#5583,#5584);
#5582 = CARTESIAN_POINT('',(5.77215E+03,3.118166207439E+03,5.77215E+03)
  );
#5583 = DIRECTION('',(0.,1.,0.));
#5584 = DIRECTION('',(-1.,0.,0.));
#5585 = ADVANCED_FACE('',(#5586),#5611,.T.);
#5586 = FACE_BOUND('',#5587,.T.);
#5587 = EDGE_LOOP('',(#5588,#5598,#5604,#5605));
#5588 = ORIENTED_EDGE('',*,*,#5589,.F.);
#5589 = EDGE_CURVE('',#5590,#5592,#5594,.T.);
#5590 = VERTEX_POINT('',#5591);
#5591 = CARTESIAN_POINT('',(5.61975E+03,3.118166207439E+03,
    5.818971010432E+03));
#5592 = VERTEX_POINT('',#5593);
#5593 = CARTESIAN_POINT('',(5.77215E+03,3.118166207439E+03,
    5.818971010432E+03));
#5594 = LINE('',#5595,#5596);
#5595 = CARTESIAN_POINT('',(5.61975E+03,3.118166207439E+03,
    5.818971010432E+03));
#5596 = VECTOR('',#5597,1.);
#5597 = DIRECTION('',(1.,0.,0.));
#5598 = ORIENTED_EDGE('',*,*,#5599,.T.);
#5599 = EDGE_CURVE('',#5590,#5506,#5600,.T.);
#5600 = LINE('',#5601,#5602);
#5601 = CARTESIAN_POINT('',(5.61975E+03,3.118166207439E+03,
    5.818971010432E+03));
#5602 = VECTOR('',#5603,1.);
#5603 = DIRECTION('',(0.,0.,-1.));
#5604 = ORIENTED_EDGE('',*,*,#5505,.F.);
#5605 = ORIENTED_EDGE('',*,*,#5606,.F.);
#5606 = EDGE_CURVE('',#5592,#5498,#5607,.T.);
#5607 = LINE('',#5608,#5609);
#5608 = CARTESIAN_POINT('',(5.77215E+03,3.118166207439E+03,
    5.818971010432E+03));
#5609 = VECTOR('',#5610,1.);
#5610 = DIRECTION('',(0.,0.,-1.));
#5611 = PLANE('',#5612);
#5612 = AXIS2_PLACEMENT_3D('',#5613,#5614,#5615);
#5613 = CARTESIAN_POINT('',(5.61975E+03,3.118166207439E+03,
    5.818971010432E+03));
#5614 = DIRECTION('',(0.,-1.,0.));
#5615 = DIRECTION('',(1.,0.,0.));
#5616 = ADVANCED_FACE('',(#5617),#5642,.T.);
#5617 = FACE_BOUND('',#5618,.T.);
#5618 = EDGE_LOOP('',(#5619,#5620,#5628,#5636));
#5619 = ORIENTED_EDGE('',*,*,#5589,.T.);
#5620 = ORIENTED_EDGE('',*,*,#5621,.T.);
#5621 = EDGE_CURVE('',#5592,#5622,#5624,.T.);
#5622 = VERTEX_POINT('',#5623);
#5623 = CARTESIAN_POINT('',(5.77215E+03,3.683316207439E+03,
    5.949191945696E+03));
#5624 = LINE('',#5625,#5626);
#5625 = CARTESIAN_POINT('',(5.77215E+03,3.118166207439E+03,
    5.818971010432E+03));
#5626 = VECTOR('',#5627,1.);
#5627 = DIRECTION('',(0.,0.974466055183,0.224534868776));
#5628 = ORIENTED_EDGE('',*,*,#5629,.F.);
#5629 = EDGE_CURVE('',#5630,#5622,#5632,.T.);
#5630 = VERTEX_POINT('',#5631);
#5631 = CARTESIAN_POINT('',(5.61975E+03,3.835716207439E+03,
    5.98430770352E+03));
#5632 = LINE('',#5633,#5634);
#5633 = CARTESIAN_POINT('',(5.61975E+03,3.835716207439E+03,
    5.98430770352E+03));
#5634 = VECTOR('',#5635,1.);
#5635 = DIRECTION('',(0.697904066843,-0.697904066843,-0.16080990942));
#5636 = ORIENTED_EDGE('',*,*,#5637,.T.);
#5637 = EDGE_CURVE('',#5630,#5590,#5638,.T.);
#5638 = LINE('',#5639,#5640);
#5639 = CARTESIAN_POINT('',(5.61975E+03,3.835716207439E+03,
    5.98430770352E+03));
#5640 = VECTOR('',#5641,1.);
#5641 = DIRECTION('',(0.,-0.974466055183,-0.224534868776));
#5642 = PLANE('',#5643);
#5643 = AXIS2_PLACEMENT_3D('',#5644,#5645,#5646);
#5644 = CARTESIAN_POINT('',(5.688886208456E+03,3.454912131198E+03,
    5.896563453391E+03));
#5645 = DIRECTION('',(1.5E-16,-0.224534868776,0.974466055183));
#5646 = DIRECTION('',(-6.162975822039E-33,0.974466055183,0.224534868776)
  );
#5647 = ADVANCED_FACE('',(#5648),#5673,.F.);
#5648 = FACE_BOUND('',#5649,.F.);
#5649 = EDGE_LOOP('',(#5650,#5651,#5659,#5667));
#5650 = ORIENTED_EDGE('',*,*,#5558,.T.);
#5651 = ORIENTED_EDGE('',*,*,#5652,.T.);
#5652 = EDGE_CURVE('',#5561,#5653,#5655,.T.);
#5653 = VERTEX_POINT('',#5654);
#5654 = CARTESIAN_POINT('',(5.77215E+03,3.683316207439E+03,
    5.796791945696E+03));
#5655 = LINE('',#5656,#5657);
#5656 = CARTESIAN_POINT('',(5.77215E+03,3.118166207439E+03,
    5.666571010432E+03));
#5657 = VECTOR('',#5658,1.);
#5658 = DIRECTION('',(0.,0.974466055183,0.224534868776));
#5659 = ORIENTED_EDGE('',*,*,#5660,.F.);
#5660 = EDGE_CURVE('',#5661,#5653,#5663,.T.);
#5661 = VERTEX_POINT('',#5662);
#5662 = CARTESIAN_POINT('',(5.61975E+03,3.835716207439E+03,
    5.83190770352E+03));
#5663 = LINE('',#5664,#5665);
#5664 = CARTESIAN_POINT('',(5.61975E+03,3.835716207439E+03,
    5.83190770352E+03));
#5665 = VECTOR('',#5666,1.);
#5666 = DIRECTION('',(0.697904066843,-0.697904066843,-0.16080990942));
#5667 = ORIENTED_EDGE('',*,*,#5668,.T.);
#5668 = EDGE_CURVE('',#5661,#5559,#5669,.T.);
#5669 = LINE('',#5670,#5671);
#5670 = CARTESIAN_POINT('',(5.61975E+03,3.835716207439E+03,
    5.83190770352E+03));
#5671 = VECTOR('',#5672,1.);
#5672 = DIRECTION('',(0.,-0.974466055183,-0.224534868776));
#5673 = PLANE('',#5674);
#5674 = AXIS2_PLACEMENT_3D('',#5675,#5676,#5677);
#5675 = CARTESIAN_POINT('',(5.688886208456E+03,3.454912131198E+03,
    5.744163453391E+03));
#5676 = DIRECTION('',(1.5E-16,-0.224534868776,0.974466055183));
#5677 = DIRECTION('',(-6.162975822039E-33,0.974466055183,0.224534868776)
  );
#5678 = ADVANCED_FACE('',(#5679),#5695,.T.);
#5679 = FACE_BOUND('',#5680,.T.);
#5680 = EDGE_LOOP('',(#5681,#5687,#5688,#5694));
#5681 = ORIENTED_EDGE('',*,*,#5682,.T.);
#5682 = EDGE_CURVE('',#5622,#5426,#5683,.T.);
#5683 = LINE('',#5684,#5685);
#5684 = CARTESIAN_POINT('',(5.77215E+03,3.683316207439E+03,
    5.949191945696E+03));
#5685 = VECTOR('',#5686,1.);
#5686 = DIRECTION('',(0.,1.,0.));
#5687 = ORIENTED_EDGE('',*,*,#5442,.T.);
#5688 = ORIENTED_EDGE('',*,*,#5689,.T.);
#5689 = EDGE_CURVE('',#5435,#5630,#5690,.T.);
#5690 = LINE('',#5691,#5692);
#5691 = CARTESIAN_POINT('',(5.61975E+03,5.96265E+03,5.98430770352E+03));
#5692 = VECTOR('',#5693,1.);
#5693 = DIRECTION('',(0.,-1.,0.));
#5694 = ORIENTED_EDGE('',*,*,#5629,.T.);
#5695 = PLANE('',#5696);
#5696 = AXIS2_PLACEMENT_3D('',#5697,#5698,#5699);
#5697 = CARTESIAN_POINT('',(5.700599425912E+03,4.899183103719E+03,
    5.965678511521E+03));
#5698 = DIRECTION('',(0.224534868776,0.,0.974466055183));
#5699 = DIRECTION('',(0.974466055183,0.,-0.224534868776));
#5700 = ADVANCED_FACE('',(#5701),#5726,.F.);
#5701 = FACE_BOUND('',#5702,.F.);
#5702 = EDGE_LOOP('',(#5703,#5711,#5719,#5725));
#5703 = ORIENTED_EDGE('',*,*,#5704,.T.);
#5704 = EDGE_CURVE('',#5653,#5705,#5707,.T.);
#5705 = VERTEX_POINT('',#5706);
#5706 = CARTESIAN_POINT('',(5.77215E+03,6.11505E+03,5.796791945696E+03)
  );
#5707 = LINE('',#5708,#5709);
#5708 = CARTESIAN_POINT('',(5.77215E+03,3.683316207439E+03,
    5.796791945696E+03));
#5709 = VECTOR('',#5710,1.);
#5710 = DIRECTION('',(0.,1.,0.));
#5711 = ORIENTED_EDGE('',*,*,#5712,.T.);
#5712 = EDGE_CURVE('',#5705,#5713,#5715,.T.);
#5713 = VERTEX_POINT('',#5714);
#5714 = CARTESIAN_POINT('',(5.61975E+03,5.96265E+03,5.83190770352E+03));
#5715 = LINE('',#5716,#5717);
#5716 = CARTESIAN_POINT('',(5.77215E+03,6.11505E+03,5.796791945696E+03)
  );
#5717 = VECTOR('',#5718,1.);
#5718 = DIRECTION('',(-0.697904066843,-0.697904066843,0.16080990942));
#5719 = ORIENTED_EDGE('',*,*,#5720,.T.);
#5720 = EDGE_CURVE('',#5713,#5661,#5721,.T.);
#5721 = LINE('',#5722,#5723);
#5722 = CARTESIAN_POINT('',(5.61975E+03,5.96265E+03,5.83190770352E+03));
#5723 = VECTOR('',#5724,1.);
#5724 = DIRECTION('',(0.,-1.,0.));
#5725 = ORIENTED_EDGE('',*,*,#5660,.T.);
#5726 = PLANE('',#5727);
#5727 = AXIS2_PLACEMENT_3D('',#5728,#5729,#5730);
#5728 = CARTESIAN_POINT('',(5.700599425912E+03,4.899183103719E+03,
    5.813278511521E+03));
#5729 = DIRECTION('',(0.224534868776,0.,0.974466055183));
#5730 = DIRECTION('',(0.974466055183,0.,-0.224534868776));
#5731 = ADVANCED_FACE('',(#5732),#5748,.F.);
#5732 = FACE_BOUND('',#5733,.F.);
#5733 = EDGE_LOOP('',(#5734,#5740,#5741,#5747));
#5734 = ORIENTED_EDGE('',*,*,#5735,.T.);
#5735 = EDGE_CURVE('',#5705,#5388,#5736,.T.);
#5736 = LINE('',#5737,#5738);
#5737 = CARTESIAN_POINT('',(5.77215E+03,6.11505E+03,5.796791945696E+03)
  );
#5738 = VECTOR('',#5739,1.);
#5739 = DIRECTION('',(1.1E-16,0.974466055183,-0.224534868776));
#5740 = ORIENTED_EDGE('',*,*,#5395,.T.);
#5741 = ORIENTED_EDGE('',*,*,#5742,.T.);
#5742 = EDGE_CURVE('',#5396,#5713,#5743,.T.);
#5743 = LINE('',#5744,#5745);
#5744 = CARTESIAN_POINT('',(5.61975E+03,6.4262E+03,5.725097273472E+03));
#5745 = VECTOR('',#5746,1.);
#5746 = DIRECTION('',(-1.2E-16,-0.974466055183,0.224534868776));
#5747 = ORIENTED_EDGE('',*,*,#5712,.F.);
#5748 = PLANE('',#5749);
#5749 = AXIS2_PLACEMENT_3D('',#5750,#5751,#5752);
#5750 = CARTESIAN_POINT('',(5.685727402903E+03,6.216454076241E+03,
    5.773426584911E+03));
#5751 = DIRECTION('',(-4.3E-16,0.224534868776,0.974466055183));
#5752 = DIRECTION('',(0.,0.974466055183,-0.224534868776));
#5753 = ADVANCED_FACE('',(#5754),#5768,.T.);
#5754 = FACE_BOUND('',#5755,.T.);
#5755 = EDGE_LOOP('',(#5756,#5757,#5758,#5759,#5760,#5761,#5762,#5763,
    #5764,#5765,#5766,#5767));
#5756 = ORIENTED_EDGE('',*,*,#5575,.T.);
#5757 = ORIENTED_EDGE('',*,*,#5544,.T.);
#5758 = ORIENTED_EDGE('',*,*,#5456,.F.);
#5759 = ORIENTED_EDGE('',*,*,#5513,.F.);
#5760 = ORIENTED_EDGE('',*,*,#5599,.F.);
#5761 = ORIENTED_EDGE('',*,*,#5637,.F.);
#5762 = ORIENTED_EDGE('',*,*,#5689,.F.);
#5763 = ORIENTED_EDGE('',*,*,#5434,.F.);
#5764 = ORIENTED_EDGE('',*,*,#5403,.T.);
#5765 = ORIENTED_EDGE('',*,*,#5742,.T.);
#5766 = ORIENTED_EDGE('',*,*,#5720,.T.);
#5767 = ORIENTED_EDGE('',*,*,#5668,.T.);
#5768 = PLANE('',#5769);
#5769 = AXIS2_PLACEMENT_3D('',#5770,#5771,#5772);
#5770 = CARTESIAN_POINT('',(5.61975E+03,2.289662668911E+03,
    4.917300437788E+03));
#5771 = DIRECTION('',(-1.,0.,3.6E-16));
#5772 = DIRECTION('',(-3.6E-16,0.,-1.));
#5773 = ADVANCED_FACE('',(#5774),#5788,.T.);
#5774 = FACE_BOUND('',#5775,.T.);
#5775 = EDGE_LOOP('',(#5776,#5777,#5778,#5779,#5780,#5781,#5782,#5783,
    #5784,#5785,#5786,#5787));
#5776 = ORIENTED_EDGE('',*,*,#5474,.T.);
#5777 = ORIENTED_EDGE('',*,*,#5528,.T.);
#5778 = ORIENTED_EDGE('',*,*,#5568,.F.);
#5779 = ORIENTED_EDGE('',*,*,#5652,.T.);
#5780 = ORIENTED_EDGE('',*,*,#5704,.T.);
#5781 = ORIENTED_EDGE('',*,*,#5735,.T.);
#5782 = ORIENTED_EDGE('',*,*,#5385,.F.);
#5783 = ORIENTED_EDGE('',*,*,#5425,.F.);
#5784 = ORIENTED_EDGE('',*,*,#5682,.F.);
#5785 = ORIENTED_EDGE('',*,*,#5621,.F.);
#5786 = ORIENTED_EDGE('',*,*,#5606,.T.);
#5787 = ORIENTED_EDGE('',*,*,#5497,.F.);
#5788 = PLANE('',#5789);
#5789 = AXIS2_PLACEMENT_3D('',#5790,#5791,#5792);
#5790 = CARTESIAN_POINT('',(5.77215E+03,2.287341416971E+03,
    4.907520028888E+03));
#5791 = DIRECTION('',(1.,2.4E-16,-4.2E-16));
#5792 = DIRECTION('',(4.2E-16,0.,1.));
#5793 = MANIFOLD_SOLID_BREP('',#5794);
#5794 = CLOSED_SHELL('',(#5795,#5835,#5866,#5906,#5937,#5968,#5990,#6021
    ,#6043,#6059));
#5795 = ADVANCED_FACE('',(#5796),#5830,.T.);
#5796 = FACE_BOUND('',#5797,.T.);
#5797 = EDGE_LOOP('',(#5798,#5808,#5816,#5824));
#5798 = ORIENTED_EDGE('',*,*,#5799,.T.);
#5799 = EDGE_CURVE('',#5800,#5802,#5804,.T.);
#5800 = VERTEX_POINT('',#5801);
#5801 = CARTESIAN_POINT('',(6.3373E+03,6.2484E+03,5.818971010432E+03));
#5802 = VERTEX_POINT('',#5803);
#5803 = CARTESIAN_POINT('',(6.3373E+03,6.2484E+03,5.666571010432E+03));
#5804 = LINE('',#5805,#5806);
#5805 = CARTESIAN_POINT('',(6.3373E+03,6.2484E+03,5.818971010432E+03));
#5806 = VECTOR('',#5807,1.);
#5807 = DIRECTION('',(0.,0.,-1.));
#5808 = ORIENTED_EDGE('',*,*,#5809,.T.);
#5809 = EDGE_CURVE('',#5802,#5810,#5812,.T.);
#5810 = VERTEX_POINT('',#5811);
#5811 = CARTESIAN_POINT('',(6.3373E+03,6.4008E+03,5.666571010432E+03));
#5812 = LINE('',#5813,#5814);
#5813 = CARTESIAN_POINT('',(6.3373E+03,6.2484E+03,5.666571010432E+03));
#5814 = VECTOR('',#5815,1.);
#5815 = DIRECTION('',(0.,1.,0.));
#5816 = ORIENTED_EDGE('',*,*,#5817,.F.);
#5817 = EDGE_CURVE('',#5818,#5810,#5820,.T.);
#5818 = VERTEX_POINT('',#5819);
#5819 = CARTESIAN_POINT('',(6.3373E+03,6.4008E+03,5.818971010432E+03));
#5820 = LINE('',#5821,#5822);
#5821 = CARTESIAN_POINT('',(6.3373E+03,6.4008E+03,5.818971010432E+03));
#5822 = VECTOR('',#5823,1.);
#5823 = DIRECTION('',(0.,0.,-1.));
#5824 = ORIENTED_EDGE('',*,*,#5825,.F.);
#5825 = EDGE_CURVE('',#5800,#5818,#5826,.T.);
#5826 = LINE('',#5827,#5828);
#5827 = CARTESIAN_POINT('',(6.3373E+03,6.2484E+03,5.818971010432E+03));
#5828 = VECTOR('',#5829,1.);
#5829 = DIRECTION('',(0.,1.,0.));
#5830 = PLANE('',#5831);
#5831 = AXIS2_PLACEMENT_3D('',#5832,#5833,#5834);
#5832 = CARTESIAN_POINT('',(6.3373E+03,6.2484E+03,5.818971010432E+03));
#5833 = DIRECTION('',(1.,0.,0.));
#5834 = DIRECTION('',(0.,1.,0.));
#5835 = ADVANCED_FACE('',(#5836),#5861,.T.);
#5836 = FACE_BOUND('',#5837,.T.);
#5837 = EDGE_LOOP('',(#5838,#5846,#5847,#5855));
#5838 = ORIENTED_EDGE('',*,*,#5839,.T.);
#5839 = EDGE_CURVE('',#5840,#5800,#5842,.T.);
#5840 = VERTEX_POINT('',#5841);
#5841 = CARTESIAN_POINT('',(5.9055E+03,6.2484E+03,5.9184656576E+03));
#5842 = LINE('',#5843,#5844);
#5843 = CARTESIAN_POINT('',(5.9055E+03,6.2484E+03,5.9184656576E+03));
#5844 = VECTOR('',#5845,1.);
#5845 = DIRECTION('',(0.974466055183,0.,-0.224534868776));
#5846 = ORIENTED_EDGE('',*,*,#5825,.T.);
#5847 = ORIENTED_EDGE('',*,*,#5848,.T.);
#5848 = EDGE_CURVE('',#5818,#5849,#5851,.T.);
#5849 = VERTEX_POINT('',#5850);
#5850 = CARTESIAN_POINT('',(6.0579E+03,6.4008E+03,5.883349899776E+03));
#5851 = LINE('',#5852,#5853);
#5852 = CARTESIAN_POINT('',(6.3373E+03,6.4008E+03,5.818971010432E+03));
#5853 = VECTOR('',#5854,1.);
#5854 = DIRECTION('',(-0.974466055183,0.,0.224534868776));
#5855 = ORIENTED_EDGE('',*,*,#5856,.T.);
#5856 = EDGE_CURVE('',#5849,#5840,#5857,.T.);
#5857 = LINE('',#5858,#5859);
#5858 = CARTESIAN_POINT('',(6.0579E+03,6.4008E+03,5.883349899776E+03));
#5859 = VECTOR('',#5860,1.);
#5860 = DIRECTION('',(-0.697904066843,-0.697904066843,0.16080990942));
#5861 = PLANE('',#5862);
#5862 = AXIS2_PLACEMENT_3D('',#5863,#5864,#5865);
#5863 = CARTESIAN_POINT('',(6.143429076241E+03,6.313772149438E+03,
    5.863642430431E+03));
#5864 = DIRECTION('',(0.224534868776,1.65E-15,0.974466055183));
#5865 = DIRECTION('',(0.974466055183,-4.930380657631E-32,-0.224534868776
    ));
#5866 = ADVANCED_FACE('',(#5867),#5901,.T.);
#5867 = FACE_BOUND('',#5868,.T.);
#5868 = EDGE_LOOP('',(#5869,#5879,#5887,#5895));
#5869 = ORIENTED_EDGE('',*,*,#5870,.T.);
#5870 = EDGE_CURVE('',#5871,#5873,#5875,.T.);
#5871 = VERTEX_POINT('',#5872);
#5872 = CARTESIAN_POINT('',(-812.8,6.4008E+03,5.818971010432E+03));
#5873 = VERTEX_POINT('',#5874);
#5874 = CARTESIAN_POINT('',(-812.8,6.4008E+03,5.666571010432E+03));
#5875 = LINE('',#5876,#5877);
#5876 = CARTESIAN_POINT('',(-812.8,6.4008E+03,5.818971010432E+03));
#5877 = VECTOR('',#5878,1.);
#5878 = DIRECTION('',(0.,0.,-1.));
#5879 = ORIENTED_EDGE('',*,*,#5880,.T.);
#5880 = EDGE_CURVE('',#5873,#5881,#5883,.T.);
#5881 = VERTEX_POINT('',#5882);
#5882 = CARTESIAN_POINT('',(-812.8,6.2484E+03,5.666571010432E+03));
#5883 = LINE('',#5884,#5885);
#5884 = CARTESIAN_POINT('',(-812.8,6.4008E+03,5.666571010432E+03));
#5885 = VECTOR('',#5886,1.);
#5886 = DIRECTION('',(-6.32496426691E-16,-1.,1.854261211652E-15));
#5887 = ORIENTED_EDGE('',*,*,#5888,.F.);
#5888 = EDGE_CURVE('',#5889,#5881,#5891,.T.);
#5889 = VERTEX_POINT('',#5890);
#5890 = CARTESIAN_POINT('',(-812.8,6.2484E+03,5.818971010432E+03));
#5891 = LINE('',#5892,#5893);
#5892 = CARTESIAN_POINT('',(-812.8,6.2484E+03,5.818971010432E+03));
#5893 = VECTOR('',#5894,1.);
#5894 = DIRECTION('',(0.,0.,-1.));
#5895 = ORIENTED_EDGE('',*,*,#5896,.F.);
#5896 = EDGE_CURVE('',#5871,#5889,#5897,.T.);
#5897 = LINE('',#5898,#5899);
#5898 = CARTESIAN_POINT('',(-812.8,6.4008E+03,5.818971010432E+03));
#5899 = VECTOR('',#5900,1.);
#5900 = DIRECTION('',(-6.32496426691E-16,-1.,1.854261211652E-15));
#5901 = PLANE('',#5902);
#5902 = AXIS2_PLACEMENT_3D('',#5903,#5904,#5905);
#5903 = CARTESIAN_POINT('',(-812.8,6.4008E+03,5.818971010432E+03));
#5904 = DIRECTION('',(-1.,4.E-16,0.));
#5905 = DIRECTION('',(-4.E-16,-1.,1.75E-15));
#5906 = ADVANCED_FACE('',(#5907),#5932,.T.);
#5907 = FACE_BOUND('',#5908,.T.);
#5908 = EDGE_LOOP('',(#5909,#5917,#5925,#5931));
#5909 = ORIENTED_EDGE('',*,*,#5910,.T.);
#5910 = EDGE_CURVE('',#5889,#5911,#5913,.T.);
#5911 = VERTEX_POINT('',#5912);
#5912 = CARTESIAN_POINT('',(-380.9999999999,6.2484E+03,5.9184656576E+03)
  );
#5913 = LINE('',#5914,#5915);
#5914 = CARTESIAN_POINT('',(-812.8,6.2484E+03,5.818971010432E+03));
#5915 = VECTOR('',#5916,1.);
#5916 = DIRECTION('',(0.974466055183,-2.E-16,0.224534868776));
#5917 = ORIENTED_EDGE('',*,*,#5918,.T.);
#5918 = EDGE_CURVE('',#5911,#5919,#5921,.T.);
#5919 = VERTEX_POINT('',#5920);
#5920 = CARTESIAN_POINT('',(-533.4,6.4008E+03,5.883349899776E+03));
#5921 = LINE('',#5922,#5923);
#5922 = CARTESIAN_POINT('',(-380.9999999999,6.2484E+03,5.9184656576E+03)
  );
#5923 = VECTOR('',#5924,1.);
#5924 = DIRECTION('',(-0.697904066843,0.697904066843,-0.16080990942));
#5925 = ORIENTED_EDGE('',*,*,#5926,.T.);
#5926 = EDGE_CURVE('',#5919,#5871,#5927,.T.);
#5927 = LINE('',#5928,#5929);
#5928 = CARTESIAN_POINT('',(-533.4,6.4008E+03,5.883349899776E+03));
#5929 = VECTOR('',#5930,1.);
#5930 = DIRECTION('',(-0.974466055183,2.E-16,-0.224534868776));
#5931 = ORIENTED_EDGE('',*,*,#5896,.T.);
#5932 = PLANE('',#5933);
#5933 = AXIS2_PLACEMENT_3D('',#5934,#5935,#5936);
#5934 = CARTESIAN_POINT('',(-618.9290762407,6.313772149438E+03,
    5.863642430431E+03));
#5935 = DIRECTION('',(-0.224534868776,1.17E-15,0.974466055183));
#5936 = DIRECTION('',(0.974466055183,4.930380657631E-32,0.224534868776)
  );
#5937 = ADVANCED_FACE('',(#5938),#5963,.F.);
#5938 = FACE_BOUND('',#5939,.F.);
#5939 = EDGE_LOOP('',(#5940,#5948,#5956,#5962));
#5940 = ORIENTED_EDGE('',*,*,#5941,.T.);
#5941 = EDGE_CURVE('',#5881,#5942,#5944,.T.);
#5942 = VERTEX_POINT('',#5943);
#5943 = CARTESIAN_POINT('',(-380.9999999999,6.2484E+03,5.7660656576E+03)
  );
#5944 = LINE('',#5945,#5946);
#5945 = CARTESIAN_POINT('',(-812.8,6.2484E+03,5.666571010432E+03));
#5946 = VECTOR('',#5947,1.);
#5947 = DIRECTION('',(0.974466055183,-2.E-16,0.224534868776));
#5948 = ORIENTED_EDGE('',*,*,#5949,.T.);
#5949 = EDGE_CURVE('',#5942,#5950,#5952,.T.);
#5950 = VERTEX_POINT('',#5951);
#5951 = CARTESIAN_POINT('',(-533.4,6.4008E+03,5.730949899776E+03));
#5952 = LINE('',#5953,#5954);
#5953 = CARTESIAN_POINT('',(-380.9999999999,6.2484E+03,5.7660656576E+03)
  );
#5954 = VECTOR('',#5955,1.);
#5955 = DIRECTION('',(-0.697904066843,0.697904066843,-0.16080990942));
#5956 = ORIENTED_EDGE('',*,*,#5957,.T.);
#5957 = EDGE_CURVE('',#5950,#5873,#5958,.T.);
#5958 = LINE('',#5959,#5960);
#5959 = CARTESIAN_POINT('',(-533.4,6.4008E+03,5.730949899776E+03));
#5960 = VECTOR('',#5961,1.);
#5961 = DIRECTION('',(-0.974466055183,2.E-16,-0.224534868776));
#5962 = ORIENTED_EDGE('',*,*,#5880,.T.);
#5963 = PLANE('',#5964);
#5964 = AXIS2_PLACEMENT_3D('',#5965,#5966,#5967);
#5965 = CARTESIAN_POINT('',(-618.9290762407,6.313772149438E+03,
    5.711242430431E+03));
#5966 = DIRECTION('',(-0.224534868776,1.17E-15,0.974466055183));
#5967 = DIRECTION('',(0.974466055183,4.930380657631E-32,0.224534868776)
  );
#5968 = ADVANCED_FACE('',(#5969),#5985,.T.);
#5969 = FACE_BOUND('',#5970,.T.);
#5970 = EDGE_LOOP('',(#5971,#5977,#5978,#5984));
#5971 = ORIENTED_EDGE('',*,*,#5972,.T.);
#5972 = EDGE_CURVE('',#5911,#5840,#5973,.T.);
#5973 = LINE('',#5974,#5975);
#5974 = CARTESIAN_POINT('',(-380.9999999999,6.2484E+03,5.9184656576E+03)
  );
#5975 = VECTOR('',#5976,1.);
#5976 = DIRECTION('',(1.,0.,0.));
#5977 = ORIENTED_EDGE('',*,*,#5856,.F.);
#5978 = ORIENTED_EDGE('',*,*,#5979,.T.);
#5979 = EDGE_CURVE('',#5849,#5919,#5980,.T.);
#5980 = LINE('',#5981,#5982);
#5981 = CARTESIAN_POINT('',(6.0579E+03,6.4008E+03,5.883349899776E+03));
#5982 = VECTOR('',#5983,1.);
#5983 = DIRECTION('',(-1.,0.,0.));
#5984 = ORIENTED_EDGE('',*,*,#5918,.F.);
#5985 = PLANE('',#5986);
#5986 = AXIS2_PLACEMENT_3D('',#5987,#5988,#5989);
#5987 = CARTESIAN_POINT('',(2.76225E+03,6.326344391211E+03,
    5.900505838929E+03));
#5988 = DIRECTION('',(0.,0.224534868776,0.974466055183));
#5989 = DIRECTION('',(0.,0.974466055183,-0.224534868776));
#5990 = ADVANCED_FACE('',(#5991),#6016,.F.);
#5991 = FACE_BOUND('',#5992,.F.);
#5992 = EDGE_LOOP('',(#5993,#6001,#6009,#6015));
#5993 = ORIENTED_EDGE('',*,*,#5994,.T.);
#5994 = EDGE_CURVE('',#5942,#5995,#5997,.T.);
#5995 = VERTEX_POINT('',#5996);
#5996 = CARTESIAN_POINT('',(5.9055E+03,6.2484E+03,5.7660656576E+03));
#5997 = LINE('',#5998,#5999);
#5998 = CARTESIAN_POINT('',(-380.9999999999,6.2484E+03,5.7660656576E+03)
  );
#5999 = VECTOR('',#6000,1.);
#6000 = DIRECTION('',(1.,0.,0.));
#6001 = ORIENTED_EDGE('',*,*,#6002,.F.);
#6002 = EDGE_CURVE('',#6003,#5995,#6005,.T.);
#6003 = VERTEX_POINT('',#6004);
#6004 = CARTESIAN_POINT('',(6.0579E+03,6.4008E+03,5.730949899776E+03));
#6005 = LINE('',#6006,#6007);
#6006 = CARTESIAN_POINT('',(6.0579E+03,6.4008E+03,5.730949899776E+03));
#6007 = VECTOR('',#6008,1.);
#6008 = DIRECTION('',(-0.697904066843,-0.697904066843,0.16080990942));
#6009 = ORIENTED_EDGE('',*,*,#6010,.T.);
#6010 = EDGE_CURVE('',#6003,#5950,#6011,.T.);
#6011 = LINE('',#6012,#6013);
#6012 = CARTESIAN_POINT('',(6.0579E+03,6.4008E+03,5.730949899776E+03));
#6013 = VECTOR('',#6014,1.);
#6014 = DIRECTION('',(-1.,0.,0.));
#6015 = ORIENTED_EDGE('',*,*,#5949,.F.);
#6016 = PLANE('',#6017);
#6017 = AXIS2_PLACEMENT_3D('',#6018,#6019,#6020);
#6018 = CARTESIAN_POINT('',(2.76225E+03,6.326344391211E+03,
    5.748105838929E+03));
#6019 = DIRECTION('',(0.,0.224534868776,0.974466055183));
#6020 = DIRECTION('',(0.,0.974466055183,-0.224534868776));
#6021 = ADVANCED_FACE('',(#6022),#6038,.F.);
#6022 = FACE_BOUND('',#6023,.F.);
#6023 = EDGE_LOOP('',(#6024,#6030,#6031,#6037));
#6024 = ORIENTED_EDGE('',*,*,#6025,.T.);
#6025 = EDGE_CURVE('',#5995,#5802,#6026,.T.);
#6026 = LINE('',#6027,#6028);
#6027 = CARTESIAN_POINT('',(5.9055E+03,6.2484E+03,5.7660656576E+03));
#6028 = VECTOR('',#6029,1.);
#6029 = DIRECTION('',(0.974466055183,0.,-0.224534868776));
#6030 = ORIENTED_EDGE('',*,*,#5809,.T.);
#6031 = ORIENTED_EDGE('',*,*,#6032,.T.);
#6032 = EDGE_CURVE('',#5810,#6003,#6033,.T.);
#6033 = LINE('',#6034,#6035);
#6034 = CARTESIAN_POINT('',(6.3373E+03,6.4008E+03,5.666571010432E+03));
#6035 = VECTOR('',#6036,1.);
#6036 = DIRECTION('',(-0.974466055183,0.,0.224534868776));
#6037 = ORIENTED_EDGE('',*,*,#6002,.T.);
#6038 = PLANE('',#6039);
#6039 = AXIS2_PLACEMENT_3D('',#6040,#6041,#6042);
#6040 = CARTESIAN_POINT('',(6.143429076241E+03,6.313772149438E+03,
    5.711242430431E+03));
#6041 = DIRECTION('',(0.224534868776,1.65E-15,0.974466055183));
#6042 = DIRECTION('',(0.974466055183,-4.930380657631E-32,-0.224534868776
    ));
#6043 = ADVANCED_FACE('',(#6044),#6054,.T.);
#6044 = FACE_BOUND('',#6045,.T.);
#6045 = EDGE_LOOP('',(#6046,#6047,#6048,#6049,#6050,#6051,#6052,#6053));
#6046 = ORIENTED_EDGE('',*,*,#5888,.T.);
#6047 = ORIENTED_EDGE('',*,*,#5941,.T.);
#6048 = ORIENTED_EDGE('',*,*,#5994,.T.);
#6049 = ORIENTED_EDGE('',*,*,#6025,.T.);
#6050 = ORIENTED_EDGE('',*,*,#5799,.F.);
#6051 = ORIENTED_EDGE('',*,*,#5839,.F.);
#6052 = ORIENTED_EDGE('',*,*,#5972,.F.);
#6053 = ORIENTED_EDGE('',*,*,#5910,.F.);
#6054 = PLANE('',#6055);
#6055 = AXIS2_PLACEMENT_3D('',#6056,#6057,#6058);
#6056 = CARTESIAN_POINT('',(2.76225E+03,6.2484E+03,5.83417699435E+03));
#6057 = DIRECTION('',(-0.,-1.,-0.));
#6058 = DIRECTION('',(0.,0.,-1.));
#6059 = ADVANCED_FACE('',(#6060),#6070,.T.);
#6060 = FACE_BOUND('',#6061,.T.);
#6061 = EDGE_LOOP('',(#6062,#6063,#6064,#6065,#6066,#6067,#6068,#6069));
#6062 = ORIENTED_EDGE('',*,*,#5870,.F.);
#6063 = ORIENTED_EDGE('',*,*,#5926,.F.);
#6064 = ORIENTED_EDGE('',*,*,#5979,.F.);
#6065 = ORIENTED_EDGE('',*,*,#5848,.F.);
#6066 = ORIENTED_EDGE('',*,*,#5817,.T.);
#6067 = ORIENTED_EDGE('',*,*,#6032,.T.);
#6068 = ORIENTED_EDGE('',*,*,#6010,.T.);
#6069 = ORIENTED_EDGE('',*,*,#5957,.T.);
#6070 = PLANE('',#6071);
#6071 = AXIS2_PLACEMENT_3D('',#6072,#6073,#6074);
#6072 = CARTESIAN_POINT('',(2.76225E+03,6.4008E+03,5.803286351803E+03));
#6073 = DIRECTION('',(0.,1.,0.));
#6074 = DIRECTION('',(0.,0.,1.));
#6075 = MANIFOLD_SOLID_BREP('',#6076);
#6076 = CLOSED_SHELL('',(#6077,#6117,#6148,#6179,#6201,#6213));
#6077 = ADVANCED_FACE('',(#6078),#6112,.T.);
#6078 = FACE_BOUND('',#6079,.T.);
#6079 = EDGE_LOOP('',(#6080,#6090,#6098,#6106));
#6080 = ORIENTED_EDGE('',*,*,#6081,.T.);
#6081 = EDGE_CURVE('',#6082,#6084,#6086,.T.);
#6082 = VERTEX_POINT('',#6083);
#6083 = CARTESIAN_POINT('',(-812.8,-25.4,2.9845E+03));
#6084 = VERTEX_POINT('',#6085);
#6085 = CARTESIAN_POINT('',(-812.8,25.4,2.9845E+03));
#6086 = LINE('',#6087,#6088);
#6087 = CARTESIAN_POINT('',(-812.8,-25.4,2.9845E+03));
#6088 = VECTOR('',#6089,1.);
#6089 = DIRECTION('',(0.,1.,0.));
#6090 = ORIENTED_EDGE('',*,*,#6091,.T.);
#6091 = EDGE_CURVE('',#6084,#6092,#6094,.T.);
#6092 = VERTEX_POINT('',#6093);
#6093 = CARTESIAN_POINT('',(-762.,25.4,2.9845E+03));
#6094 = LINE('',#6095,#6096);
#6095 = CARTESIAN_POINT('',(-812.8,25.4,2.9845E+03));
#6096 = VECTOR('',#6097,1.);
#6097 = DIRECTION('',(1.,0.,0.));
#6098 = ORIENTED_EDGE('',*,*,#6099,.F.);
#6099 = EDGE_CURVE('',#6100,#6092,#6102,.T.);
#6100 = VERTEX_POINT('',#6101);
#6101 = CARTESIAN_POINT('',(-762.,-25.4,2.9845E+03));
#6102 = LINE('',#6103,#6104);
#6103 = CARTESIAN_POINT('',(-762.,-25.4,2.9845E+03));
#6104 = VECTOR('',#6105,1.);
#6105 = DIRECTION('',(0.,1.,0.));
#6106 = ORIENTED_EDGE('',*,*,#6107,.F.);
#6107 = EDGE_CURVE('',#6082,#6100,#6108,.T.);
#6108 = LINE('',#6109,#6110);
#6109 = CARTESIAN_POINT('',(-812.8,-25.4,2.9845E+03));
#6110 = VECTOR('',#6111,1.);
#6111 = DIRECTION('',(1.,0.,0.));
#6112 = PLANE('',#6113);
#6113 = AXIS2_PLACEMENT_3D('',#6114,#6115,#6116);
#6114 = CARTESIAN_POINT('',(-812.8,-25.4,2.9845E+03));
#6115 = DIRECTION('',(0.,0.,-1.));
#6116 = DIRECTION('',(1.,0.,0.));
#6117 = ADVANCED_FACE('',(#6118),#6143,.T.);
#6118 = FACE_BOUND('',#6119,.T.);
#6119 = EDGE_LOOP('',(#6120,#6121,#6129,#6137));
#6120 = ORIENTED_EDGE('',*,*,#6099,.T.);
#6121 = ORIENTED_EDGE('',*,*,#6122,.T.);
#6122 = EDGE_CURVE('',#6092,#6123,#6125,.T.);
#6123 = VERTEX_POINT('',#6124);
#6124 = CARTESIAN_POINT('',(-762.,25.4,3.844875900757E+03));
#6125 = LINE('',#6126,#6127);
#6126 = CARTESIAN_POINT('',(-762.,25.4,2.9845E+03));
#6127 = VECTOR('',#6128,1.);
#6128 = DIRECTION('',(0.,0.,1.));
#6129 = ORIENTED_EDGE('',*,*,#6130,.F.);
#6130 = EDGE_CURVE('',#6131,#6123,#6133,.T.);
#6131 = VERTEX_POINT('',#6132);
#6132 = CARTESIAN_POINT('',(-762.,-25.4,3.844875900757E+03));
#6133 = LINE('',#6134,#6135);
#6134 = CARTESIAN_POINT('',(-762.,-25.4,3.844875900757E+03));
#6135 = VECTOR('',#6136,1.);
#6136 = DIRECTION('',(0.,1.,0.));
#6137 = ORIENTED_EDGE('',*,*,#6138,.F.);
#6138 = EDGE_CURVE('',#6100,#6131,#6139,.T.);
#6139 = LINE('',#6140,#6141);
#6140 = CARTESIAN_POINT('',(-762.,-25.4,2.9845E+03));
#6141 = VECTOR('',#6142,1.);
#6142 = DIRECTION('',(0.,0.,1.));
#6143 = PLANE('',#6144);
#6144 = AXIS2_PLACEMENT_3D('',#6145,#6146,#6147);
#6145 = CARTESIAN_POINT('',(-762.,-25.4,2.9845E+03));
#6146 = DIRECTION('',(1.,0.,0.));
#6147 = DIRECTION('',(0.,2.2E-16,1.));
#6148 = ADVANCED_FACE('',(#6149),#6174,.T.);
#6149 = FACE_BOUND('',#6150,.T.);
#6150 = EDGE_LOOP('',(#6151,#6152,#6160,#6168));
#6151 = ORIENTED_EDGE('',*,*,#6130,.T.);
#6152 = ORIENTED_EDGE('',*,*,#6153,.T.);
#6153 = EDGE_CURVE('',#6123,#6154,#6156,.T.);
#6154 = VERTEX_POINT('',#6155);
#6155 = CARTESIAN_POINT('',(-812.8,25.4,3.844875900757E+03));
#6156 = LINE('',#6157,#6158);
#6157 = CARTESIAN_POINT('',(-762.,25.4,3.844875900757E+03));
#6158 = VECTOR('',#6159,1.);
#6159 = DIRECTION('',(-1.,0.,0.));
#6160 = ORIENTED_EDGE('',*,*,#6161,.F.);
#6161 = EDGE_CURVE('',#6162,#6154,#6164,.T.);
#6162 = VERTEX_POINT('',#6163);
#6163 = CARTESIAN_POINT('',(-812.8,-25.4,3.844875900757E+03));
#6164 = LINE('',#6165,#6166);
#6165 = CARTESIAN_POINT('',(-812.8,-25.4,3.844875900757E+03));
#6166 = VECTOR('',#6167,1.);
#6167 = DIRECTION('',(0.,1.,0.));
#6168 = ORIENTED_EDGE('',*,*,#6169,.F.);
#6169 = EDGE_CURVE('',#6131,#6162,#6170,.T.);
#6170 = LINE('',#6171,#6172);
#6171 = CARTESIAN_POINT('',(-762.,-25.4,3.844875900757E+03));
#6172 = VECTOR('',#6173,1.);
#6173 = DIRECTION('',(-1.,0.,0.));
#6174 = PLANE('',#6175);
#6175 = AXIS2_PLACEMENT_3D('',#6176,#6177,#6178);
#6176 = CARTESIAN_POINT('',(-762.,-25.4,3.844875900757E+03));
#6177 = DIRECTION('',(0.,0.,1.));
#6178 = DIRECTION('',(-1.,0.,0.));
#6179 = ADVANCED_FACE('',(#6180),#6196,.T.);
#6180 = FACE_BOUND('',#6181,.T.);
#6181 = EDGE_LOOP('',(#6182,#6183,#6189,#6190));
#6182 = ORIENTED_EDGE('',*,*,#6161,.T.);
#6183 = ORIENTED_EDGE('',*,*,#6184,.T.);
#6184 = EDGE_CURVE('',#6154,#6084,#6185,.T.);
#6185 = LINE('',#6186,#6187);
#6186 = CARTESIAN_POINT('',(-812.8,25.4,3.844875900757E+03));
#6187 = VECTOR('',#6188,1.);
#6188 = DIRECTION('',(0.,0.,-1.));
#6189 = ORIENTED_EDGE('',*,*,#6081,.F.);
#6190 = ORIENTED_EDGE('',*,*,#6191,.F.);
#6191 = EDGE_CURVE('',#6162,#6082,#6192,.T.);
#6192 = LINE('',#6193,#6194);
#6193 = CARTESIAN_POINT('',(-812.8,-25.4,3.844875900757E+03));
#6194 = VECTOR('',#6195,1.);
#6195 = DIRECTION('',(0.,0.,-1.));
#6196 = PLANE('',#6197);
#6197 = AXIS2_PLACEMENT_3D('',#6198,#6199,#6200);
#6198 = CARTESIAN_POINT('',(-812.8,-25.4,3.844875900757E+03));
#6199 = DIRECTION('',(-1.,0.,0.));
#6200 = DIRECTION('',(0.,-2.2E-16,-1.));
#6201 = ADVANCED_FACE('',(#6202),#6208,.F.);
#6202 = FACE_BOUND('',#6203,.T.);
#6203 = EDGE_LOOP('',(#6204,#6205,#6206,#6207));
#6204 = ORIENTED_EDGE('',*,*,#6107,.T.);
#6205 = ORIENTED_EDGE('',*,*,#6138,.T.);
#6206 = ORIENTED_EDGE('',*,*,#6169,.T.);
#6207 = ORIENTED_EDGE('',*,*,#6191,.T.);
#6208 = PLANE('',#6209);
#6209 = AXIS2_PLACEMENT_3D('',#6210,#6211,#6212);
#6210 = CARTESIAN_POINT('',(-787.4,-25.4,3.414687950379E+03));
#6211 = DIRECTION('',(0.,1.,-2.2E-16));
#6212 = DIRECTION('',(0.,2.2E-16,1.));
#6213 = ADVANCED_FACE('',(#6214),#6220,.T.);
#6214 = FACE_BOUND('',#6215,.F.);
#6215 = EDGE_LOOP('',(#6216,#6217,#6218,#6219));
#6216 = ORIENTED_EDGE('',*,*,#6091,.T.);
#6217 = ORIENTED_EDGE('',*,*,#6122,.T.);
#6218 = ORIENTED_EDGE('',*,*,#6153,.T.);
#6219 = ORIENTED_EDGE('',*,*,#6184,.T.);
#6220 = PLANE('',#6221);
#6221 = AXIS2_PLACEMENT_3D('',#6222,#6223,#6224);
#6222 = CARTESIAN_POINT('',(-787.4,25.4,3.414687950379E+03));
#6223 = DIRECTION('',(0.,1.,-2.2E-16));
#6224 = DIRECTION('',(0.,2.2E-16,1.));
#6225 = MANIFOLD_SOLID_BREP('',#6226);
#6226 = CLOSED_SHELL('',(#6227,#6267,#6298,#6329,#6351,#6363));
#6227 = ADVANCED_FACE('',(#6228),#6262,.T.);
#6228 = FACE_BOUND('',#6229,.T.);
#6229 = EDGE_LOOP('',(#6230,#6240,#6248,#6256));
#6230 = ORIENTED_EDGE('',*,*,#6231,.T.);
#6231 = EDGE_CURVE('',#6232,#6234,#6236,.T.);
#6232 = VERTEX_POINT('',#6233);
#6233 = CARTESIAN_POINT('',(246.59166666666,-25.4,2.9845E+03));
#6234 = VERTEX_POINT('',#6235);
#6235 = CARTESIAN_POINT('',(246.59166666666,25.4,2.9845E+03));
#6236 = LINE('',#6237,#6238);
#6237 = CARTESIAN_POINT('',(246.59166666666,-25.4,2.9845E+03));
#6238 = VECTOR('',#6239,1.);
#6239 = DIRECTION('',(0.,1.,0.));
#6240 = ORIENTED_EDGE('',*,*,#6241,.T.);
#6241 = EDGE_CURVE('',#6234,#6242,#6244,.T.);
#6242 = VERTEX_POINT('',#6243);
#6243 = CARTESIAN_POINT('',(297.39166666666,25.4,2.9845E+03));
#6244 = LINE('',#6245,#6246);
#6245 = CARTESIAN_POINT('',(246.59166666666,25.4,2.9845E+03));
#6246 = VECTOR('',#6247,1.);
#6247 = DIRECTION('',(1.,0.,0.));
#6248 = ORIENTED_EDGE('',*,*,#6249,.F.);
#6249 = EDGE_CURVE('',#6250,#6242,#6252,.T.);
#6250 = VERTEX_POINT('',#6251);
#6251 = CARTESIAN_POINT('',(297.39166666666,-25.4,2.9845E+03));
#6252 = LINE('',#6253,#6254);
#6253 = CARTESIAN_POINT('',(297.39166666666,-25.4,2.9845E+03));
#6254 = VECTOR('',#6255,1.);
#6255 = DIRECTION('',(0.,1.,0.));
#6256 = ORIENTED_EDGE('',*,*,#6257,.F.);
#6257 = EDGE_CURVE('',#6232,#6250,#6258,.T.);
#6258 = LINE('',#6259,#6260);
#6259 = CARTESIAN_POINT('',(246.59166666666,-25.4,2.9845E+03));
#6260 = VECTOR('',#6261,1.);
#6261 = DIRECTION('',(1.,0.,0.));
#6262 = PLANE('',#6263);
#6263 = AXIS2_PLACEMENT_3D('',#6264,#6265,#6266);
#6264 = CARTESIAN_POINT('',(246.59166666666,-25.4,2.9845E+03));
#6265 = DIRECTION('',(0.,0.,-1.));
#6266 = DIRECTION('',(1.,0.,0.));
#6267 = ADVANCED_FACE('',(#6268),#6293,.T.);
#6268 = FACE_BOUND('',#6269,.T.);
#6269 = EDGE_LOOP('',(#6270,#6271,#6279,#6287));
#6270 = ORIENTED_EDGE('',*,*,#6249,.T.);
#6271 = ORIENTED_EDGE('',*,*,#6272,.T.);
#6272 = EDGE_CURVE('',#6242,#6273,#6275,.T.);
#6273 = VERTEX_POINT('',#6274);
#6274 = CARTESIAN_POINT('',(297.39166666666,25.4,3.844875900757E+03));
#6275 = LINE('',#6276,#6277);
#6276 = CARTESIAN_POINT('',(297.39166666666,25.4,2.9845E+03));
#6277 = VECTOR('',#6278,1.);
#6278 = DIRECTION('',(0.,0.,1.));
#6279 = ORIENTED_EDGE('',*,*,#6280,.F.);
#6280 = EDGE_CURVE('',#6281,#6273,#6283,.T.);
#6281 = VERTEX_POINT('',#6282);
#6282 = CARTESIAN_POINT('',(297.39166666666,-25.4,3.844875900757E+03));
#6283 = LINE('',#6284,#6285);
#6284 = CARTESIAN_POINT('',(297.39166666666,-25.4,3.844875900757E+03));
#6285 = VECTOR('',#6286,1.);
#6286 = DIRECTION('',(0.,1.,0.));
#6287 = ORIENTED_EDGE('',*,*,#6288,.F.);
#6288 = EDGE_CURVE('',#6250,#6281,#6289,.T.);
#6289 = LINE('',#6290,#6291);
#6290 = CARTESIAN_POINT('',(297.39166666666,-25.4,2.9845E+03));
#6291 = VECTOR('',#6292,1.);
#6292 = DIRECTION('',(0.,0.,1.));
#6293 = PLANE('',#6294);
#6294 = AXIS2_PLACEMENT_3D('',#6295,#6296,#6297);
#6295 = CARTESIAN_POINT('',(297.39166666666,-25.4,2.9845E+03));
#6296 = DIRECTION('',(1.,0.,0.));
#6297 = DIRECTION('',(0.,2.2E-16,1.));
#6298 = ADVANCED_FACE('',(#6299),#6324,.T.);
#6299 = FACE_BOUND('',#6300,.T.);
#6300 = EDGE_LOOP('',(#6301,#6302,#6310,#6318));
#6301 = ORIENTED_EDGE('',*,*,#6280,.T.);
#6302 = ORIENTED_EDGE('',*,*,#6303,.T.);
#6303 = EDGE_CURVE('',#6273,#6304,#6306,.T.);
#6304 = VERTEX_POINT('',#6305);
#6305 = CARTESIAN_POINT('',(246.59166666666,25.4,3.844875900757E+03));
#6306 = LINE('',#6307,#6308);
#6307 = CARTESIAN_POINT('',(297.39166666666,25.4,3.844875900757E+03));
#6308 = VECTOR('',#6309,1.);
#6309 = DIRECTION('',(-1.,0.,0.));
#6310 = ORIENTED_EDGE('',*,*,#6311,.F.);
#6311 = EDGE_CURVE('',#6312,#6304,#6314,.T.);
#6312 = VERTEX_POINT('',#6313);
#6313 = CARTESIAN_POINT('',(246.59166666666,-25.4,3.844875900757E+03));
#6314 = LINE('',#6315,#6316);
#6315 = CARTESIAN_POINT('',(246.59166666666,-25.4,3.844875900757E+03));
#6316 = VECTOR('',#6317,1.);
#6317 = DIRECTION('',(0.,1.,0.));
#6318 = ORIENTED_EDGE('',*,*,#6319,.F.);
#6319 = EDGE_CURVE('',#6281,#6312,#6320,.T.);
#6320 = LINE('',#6321,#6322);
#6321 = CARTESIAN_POINT('',(297.39166666666,-25.4,3.844875900757E+03));
#6322 = VECTOR('',#6323,1.);
#6323 = DIRECTION('',(-1.,0.,0.));
#6324 = PLANE('',#6325);
#6325 = AXIS2_PLACEMENT_3D('',#6326,#6327,#6328);
#6326 = CARTESIAN_POINT('',(297.39166666666,-25.4,3.844875900757E+03));
#6327 = DIRECTION('',(0.,0.,1.));
#6328 = DIRECTION('',(-1.,0.,0.));
#6329 = ADVANCED_FACE('',(#6330),#6346,.T.);
#6330 = FACE_BOUND('',#6331,.T.);
#6331 = EDGE_LOOP('',(#6332,#6333,#6339,#6340));
#6332 = ORIENTED_EDGE('',*,*,#6311,.T.);
#6333 = ORIENTED_EDGE('',*,*,#6334,.T.);
#6334 = EDGE_CURVE('',#6304,#6234,#6335,.T.);
#6335 = LINE('',#6336,#6337);
#6336 = CARTESIAN_POINT('',(246.59166666666,25.4,3.844875900757E+03));
#6337 = VECTOR('',#6338,1.);
#6338 = DIRECTION('',(0.,0.,-1.));
#6339 = ORIENTED_EDGE('',*,*,#6231,.F.);
#6340 = ORIENTED_EDGE('',*,*,#6341,.F.);
#6341 = EDGE_CURVE('',#6312,#6232,#6342,.T.);
#6342 = LINE('',#6343,#6344);
#6343 = CARTESIAN_POINT('',(246.59166666666,-25.4,3.844875900757E+03));
#6344 = VECTOR('',#6345,1.);
#6345 = DIRECTION('',(0.,0.,-1.));
#6346 = PLANE('',#6347);
#6347 = AXIS2_PLACEMENT_3D('',#6348,#6349,#6350);
#6348 = CARTESIAN_POINT('',(246.59166666666,-25.4,3.844875900757E+03));
#6349 = DIRECTION('',(-1.,0.,0.));
#6350 = DIRECTION('',(0.,-2.2E-16,-1.));
#6351 = ADVANCED_FACE('',(#6352),#6358,.F.);
#6352 = FACE_BOUND('',#6353,.T.);
#6353 = EDGE_LOOP('',(#6354,#6355,#6356,#6357));
#6354 = ORIENTED_EDGE('',*,*,#6257,.T.);
#6355 = ORIENTED_EDGE('',*,*,#6288,.T.);
#6356 = ORIENTED_EDGE('',*,*,#6319,.T.);
#6357 = ORIENTED_EDGE('',*,*,#6341,.T.);
#6358 = PLANE('',#6359);
#6359 = AXIS2_PLACEMENT_3D('',#6360,#6361,#6362);
#6360 = CARTESIAN_POINT('',(271.99166666666,-25.4,3.414687950379E+03));
#6361 = DIRECTION('',(0.,1.,-2.2E-16));
#6362 = DIRECTION('',(0.,2.2E-16,1.));
#6363 = ADVANCED_FACE('',(#6364),#6370,.T.);
#6364 = FACE_BOUND('',#6365,.F.);
#6365 = EDGE_LOOP('',(#6366,#6367,#6368,#6369));
#6366 = ORIENTED_EDGE('',*,*,#6241,.T.);
#6367 = ORIENTED_EDGE('',*,*,#6272,.T.);
#6368 = ORIENTED_EDGE('',*,*,#6303,.T.);
#6369 = ORIENTED_EDGE('',*,*,#6334,.T.);
#6370 = PLANE('',#6371);
#6371 = AXIS2_PLACEMENT_3D('',#6372,#6373,#6374);
#6372 = CARTESIAN_POINT('',(271.99166666666,25.4,3.414687950379E+03));
#6373 = DIRECTION('',(0.,1.,-2.2E-16));
#6374 = DIRECTION('',(0.,2.2E-16,1.));
#6375 = MANIFOLD_SOLID_BREP('',#6376);
#6376 = CLOSED_SHELL('',(#6377,#6417,#6448,#6479,#6501,#6513));
#6377 = ADVANCED_FACE('',(#6378),#6412,.T.);
#6378 = FACE_BOUND('',#6379,.T.);
#6379 = EDGE_LOOP('',(#6380,#6390,#6398,#6406));
#6380 = ORIENTED_EDGE('',*,*,#6381,.T.);
#6381 = EDGE_CURVE('',#6382,#6384,#6386,.T.);
#6382 = VERTEX_POINT('',#6383);
#6383 = CARTESIAN_POINT('',(1.331383333333E+03,-25.4,2.9845E+03));
#6384 = VERTEX_POINT('',#6385);
#6385 = CARTESIAN_POINT('',(1.331383333333E+03,25.4,2.9845E+03));
#6386 = LINE('',#6387,#6388);
#6387 = CARTESIAN_POINT('',(1.331383333333E+03,-25.4,2.9845E+03));
#6388 = VECTOR('',#6389,1.);
#6389 = DIRECTION('',(0.,1.,0.));
#6390 = ORIENTED_EDGE('',*,*,#6391,.T.);
#6391 = EDGE_CURVE('',#6384,#6392,#6394,.T.);
#6392 = VERTEX_POINT('',#6393);
#6393 = CARTESIAN_POINT('',(1.382183333333E+03,25.4,2.9845E+03));
#6394 = LINE('',#6395,#6396);
#6395 = CARTESIAN_POINT('',(1.331383333333E+03,25.4,2.9845E+03));
#6396 = VECTOR('',#6397,1.);
#6397 = DIRECTION('',(1.,0.,0.));
#6398 = ORIENTED_EDGE('',*,*,#6399,.F.);
#6399 = EDGE_CURVE('',#6400,#6392,#6402,.T.);
#6400 = VERTEX_POINT('',#6401);
#6401 = CARTESIAN_POINT('',(1.382183333333E+03,-25.4,2.9845E+03));
#6402 = LINE('',#6403,#6404);
#6403 = CARTESIAN_POINT('',(1.382183333333E+03,-25.4,2.9845E+03));
#6404 = VECTOR('',#6405,1.);
#6405 = DIRECTION('',(0.,1.,0.));
#6406 = ORIENTED_EDGE('',*,*,#6407,.F.);
#6407 = EDGE_CURVE('',#6382,#6400,#6408,.T.);
#6408 = LINE('',#6409,#6410);
#6409 = CARTESIAN_POINT('',(1.331383333333E+03,-25.4,2.9845E+03));
#6410 = VECTOR('',#6411,1.);
#6411 = DIRECTION('',(1.,0.,0.));
#6412 = PLANE('',#6413);
#6413 = AXIS2_PLACEMENT_3D('',#6414,#6415,#6416);
#6414 = CARTESIAN_POINT('',(1.331383333333E+03,-25.4,2.9845E+03));
#6415 = DIRECTION('',(0.,0.,-1.));
#6416 = DIRECTION('',(1.,0.,0.));
#6417 = ADVANCED_FACE('',(#6418),#6443,.T.);
#6418 = FACE_BOUND('',#6419,.T.);
#6419 = EDGE_LOOP('',(#6420,#6421,#6429,#6437));
#6420 = ORIENTED_EDGE('',*,*,#6399,.T.);
#6421 = ORIENTED_EDGE('',*,*,#6422,.T.);
#6422 = EDGE_CURVE('',#6392,#6423,#6425,.T.);
#6423 = VERTEX_POINT('',#6424);
#6424 = CARTESIAN_POINT('',(1.382183333333E+03,25.4,3.844875900757E+03)
  );
#6425 = LINE('',#6426,#6427);
#6426 = CARTESIAN_POINT('',(1.382183333333E+03,25.4,2.9845E+03));
#6427 = VECTOR('',#6428,1.);
#6428 = DIRECTION('',(0.,0.,1.));
#6429 = ORIENTED_EDGE('',*,*,#6430,.F.);
#6430 = EDGE_CURVE('',#6431,#6423,#6433,.T.);
#6431 = VERTEX_POINT('',#6432);
#6432 = CARTESIAN_POINT('',(1.382183333333E+03,-25.4,3.844875900757E+03)
  );
#6433 = LINE('',#6434,#6435);
#6434 = CARTESIAN_POINT('',(1.382183333333E+03,-25.4,3.844875900757E+03)
  );
#6435 = VECTOR('',#6436,1.);
#6436 = DIRECTION('',(0.,1.,0.));
#6437 = ORIENTED_EDGE('',*,*,#6438,.F.);
#6438 = EDGE_CURVE('',#6400,#6431,#6439,.T.);
#6439 = LINE('',#6440,#6441);
#6440 = CARTESIAN_POINT('',(1.382183333333E+03,-25.4,2.9845E+03));
#6441 = VECTOR('',#6442,1.);
#6442 = DIRECTION('',(0.,0.,1.));
#6443 = PLANE('',#6444);
#6444 = AXIS2_PLACEMENT_3D('',#6445,#6446,#6447);
#6445 = CARTESIAN_POINT('',(1.382183333333E+03,-25.4,2.9845E+03));
#6446 = DIRECTION('',(1.,0.,0.));
#6447 = DIRECTION('',(0.,2.2E-16,1.));
#6448 = ADVANCED_FACE('',(#6449),#6474,.T.);
#6449 = FACE_BOUND('',#6450,.T.);
#6450 = EDGE_LOOP('',(#6451,#6452,#6460,#6468));
#6451 = ORIENTED_EDGE('',*,*,#6430,.T.);
#6452 = ORIENTED_EDGE('',*,*,#6453,.T.);
#6453 = EDGE_CURVE('',#6423,#6454,#6456,.T.);
#6454 = VERTEX_POINT('',#6455);
#6455 = CARTESIAN_POINT('',(1.331383333333E+03,25.4,3.844875900757E+03)
  );
#6456 = LINE('',#6457,#6458);
#6457 = CARTESIAN_POINT('',(1.382183333333E+03,25.4,3.844875900757E+03)
  );
#6458 = VECTOR('',#6459,1.);
#6459 = DIRECTION('',(-1.,0.,0.));
#6460 = ORIENTED_EDGE('',*,*,#6461,.F.);
#6461 = EDGE_CURVE('',#6462,#6454,#6464,.T.);
#6462 = VERTEX_POINT('',#6463);
#6463 = CARTESIAN_POINT('',(1.331383333333E+03,-25.4,3.844875900757E+03)
  );
#6464 = LINE('',#6465,#6466);
#6465 = CARTESIAN_POINT('',(1.331383333333E+03,-25.4,3.844875900757E+03)
  );
#6466 = VECTOR('',#6467,1.);
#6467 = DIRECTION('',(0.,1.,0.));
#6468 = ORIENTED_EDGE('',*,*,#6469,.F.);
#6469 = EDGE_CURVE('',#6431,#6462,#6470,.T.);
#6470 = LINE('',#6471,#6472);
#6471 = CARTESIAN_POINT('',(1.382183333333E+03,-25.4,3.844875900757E+03)
  );
#6472 = VECTOR('',#6473,1.);
#6473 = DIRECTION('',(-1.,0.,0.));
#6474 = PLANE('',#6475);
#6475 = AXIS2_PLACEMENT_3D('',#6476,#6477,#6478);
#6476 = CARTESIAN_POINT('',(1.382183333333E+03,-25.4,3.844875900757E+03)
  );
#6477 = DIRECTION('',(0.,0.,1.));
#6478 = DIRECTION('',(-1.,0.,0.));
#6479 = ADVANCED_FACE('',(#6480),#6496,.T.);
#6480 = FACE_BOUND('',#6481,.T.);
#6481 = EDGE_LOOP('',(#6482,#6483,#6489,#6490));
#6482 = ORIENTED_EDGE('',*,*,#6461,.T.);
#6483 = ORIENTED_EDGE('',*,*,#6484,.T.);
#6484 = EDGE_CURVE('',#6454,#6384,#6485,.T.);
#6485 = LINE('',#6486,#6487);
#6486 = CARTESIAN_POINT('',(1.331383333333E+03,25.4,3.844875900757E+03)
  );
#6487 = VECTOR('',#6488,1.);
#6488 = DIRECTION('',(0.,0.,-1.));
#6489 = ORIENTED_EDGE('',*,*,#6381,.F.);
#6490 = ORIENTED_EDGE('',*,*,#6491,.F.);
#6491 = EDGE_CURVE('',#6462,#6382,#6492,.T.);
#6492 = LINE('',#6493,#6494);
#6493 = CARTESIAN_POINT('',(1.331383333333E+03,-25.4,3.844875900757E+03)
  );
#6494 = VECTOR('',#6495,1.);
#6495 = DIRECTION('',(0.,0.,-1.));
#6496 = PLANE('',#6497);
#6497 = AXIS2_PLACEMENT_3D('',#6498,#6499,#6500);
#6498 = CARTESIAN_POINT('',(1.331383333333E+03,-25.4,3.844875900757E+03)
  );
#6499 = DIRECTION('',(-1.,0.,0.));
#6500 = DIRECTION('',(0.,-2.2E-16,-1.));
#6501 = ADVANCED_FACE('',(#6502),#6508,.F.);
#6502 = FACE_BOUND('',#6503,.T.);
#6503 = EDGE_LOOP('',(#6504,#6505,#6506,#6507));
#6504 = ORIENTED_EDGE('',*,*,#6407,.T.);
#6505 = ORIENTED_EDGE('',*,*,#6438,.T.);
#6506 = ORIENTED_EDGE('',*,*,#6469,.T.);
#6507 = ORIENTED_EDGE('',*,*,#6491,.T.);
#6508 = PLANE('',#6509);
#6509 = AXIS2_PLACEMENT_3D('',#6510,#6511,#6512);
#6510 = CARTESIAN_POINT('',(1.356783333333E+03,-25.4,3.414687950379E+03)
  );
#6511 = DIRECTION('',(0.,1.,-2.2E-16));
#6512 = DIRECTION('',(0.,2.2E-16,1.));
#6513 = ADVANCED_FACE('',(#6514),#6520,.T.);
#6514 = FACE_BOUND('',#6515,.F.);
#6515 = EDGE_LOOP('',(#6516,#6517,#6518,#6519));
#6516 = ORIENTED_EDGE('',*,*,#6391,.T.);
#6517 = ORIENTED_EDGE('',*,*,#6422,.T.);
#6518 = ORIENTED_EDGE('',*,*,#6453,.T.);
#6519 = ORIENTED_EDGE('',*,*,#6484,.T.);
#6520 = PLANE('',#6521);
#6521 = AXIS2_PLACEMENT_3D('',#6522,#6523,#6524);
#6522 = CARTESIAN_POINT('',(1.356783333333E+03,25.4,3.414687950379E+03)
  );
#6523 = DIRECTION('',(0.,1.,-2.2E-16));
#6524 = DIRECTION('',(0.,2.2E-16,1.));
#6525 = MANIFOLD_SOLID_BREP('',#6526);
#6526 = CLOSED_SHELL('',(#6527,#6567,#6598,#6629,#6651,#6663));
#6527 = ADVANCED_FACE('',(#6528),#6562,.T.);
#6528 = FACE_BOUND('',#6529,.T.);
#6529 = EDGE_LOOP('',(#6530,#6540,#6548,#6556));
#6530 = ORIENTED_EDGE('',*,*,#6531,.T.);
#6531 = EDGE_CURVE('',#6532,#6534,#6536,.T.);
#6532 = VERTEX_POINT('',#6533);
#6533 = CARTESIAN_POINT('',(2.416175E+03,-25.4,2.9845E+03));
#6534 = VERTEX_POINT('',#6535);
#6535 = CARTESIAN_POINT('',(2.416175E+03,25.4,2.9845E+03));
#6536 = LINE('',#6537,#6538);
#6537 = CARTESIAN_POINT('',(2.416175E+03,-25.4,2.9845E+03));
#6538 = VECTOR('',#6539,1.);
#6539 = DIRECTION('',(0.,1.,0.));
#6540 = ORIENTED_EDGE('',*,*,#6541,.T.);
#6541 = EDGE_CURVE('',#6534,#6542,#6544,.T.);
#6542 = VERTEX_POINT('',#6543);
#6543 = CARTESIAN_POINT('',(2.466975E+03,25.4,2.9845E+03));
#6544 = LINE('',#6545,#6546);
#6545 = CARTESIAN_POINT('',(2.416175E+03,25.4,2.9845E+03));
#6546 = VECTOR('',#6547,1.);
#6547 = DIRECTION('',(1.,0.,0.));
#6548 = ORIENTED_EDGE('',*,*,#6549,.F.);
#6549 = EDGE_CURVE('',#6550,#6542,#6552,.T.);
#6550 = VERTEX_POINT('',#6551);
#6551 = CARTESIAN_POINT('',(2.466975E+03,-25.4,2.9845E+03));
#6552 = LINE('',#6553,#6554);
#6553 = CARTESIAN_POINT('',(2.466975E+03,-25.4,2.9845E+03));
#6554 = VECTOR('',#6555,1.);
#6555 = DIRECTION('',(0.,1.,0.));
#6556 = ORIENTED_EDGE('',*,*,#6557,.F.);
#6557 = EDGE_CURVE('',#6532,#6550,#6558,.T.);
#6558 = LINE('',#6559,#6560);
#6559 = CARTESIAN_POINT('',(2.416175E+03,-25.4,2.9845E+03));
#6560 = VECTOR('',#6561,1.);
#6561 = DIRECTION('',(1.,0.,0.));
#6562 = PLANE('',#6563);
#6563 = AXIS2_PLACEMENT_3D('',#6564,#6565,#6566);
#6564 = CARTESIAN_POINT('',(2.416175E+03,-25.4,2.9845E+03));
#6565 = DIRECTION('',(0.,0.,-1.));
#6566 = DIRECTION('',(1.,0.,0.));
#6567 = ADVANCED_FACE('',(#6568),#6593,.T.);
#6568 = FACE_BOUND('',#6569,.T.);
#6569 = EDGE_LOOP('',(#6570,#6571,#6579,#6587));
#6570 = ORIENTED_EDGE('',*,*,#6549,.T.);
#6571 = ORIENTED_EDGE('',*,*,#6572,.T.);
#6572 = EDGE_CURVE('',#6542,#6573,#6575,.T.);
#6573 = VERTEX_POINT('',#6574);
#6574 = CARTESIAN_POINT('',(2.466975E+03,25.4,3.844875900757E+03));
#6575 = LINE('',#6576,#6577);
#6576 = CARTESIAN_POINT('',(2.466975E+03,25.4,2.9845E+03));
#6577 = VECTOR('',#6578,1.);
#6578 = DIRECTION('',(0.,0.,1.));
#6579 = ORIENTED_EDGE('',*,*,#6580,.F.);
#6580 = EDGE_CURVE('',#6581,#6573,#6583,.T.);
#6581 = VERTEX_POINT('',#6582);
#6582 = CARTESIAN_POINT('',(2.466975E+03,-25.4,3.844875900757E+03));
#6583 = LINE('',#6584,#6585);
#6584 = CARTESIAN_POINT('',(2.466975E+03,-25.4,3.844875900757E+03));
#6585 = VECTOR('',#6586,1.);
#6586 = DIRECTION('',(0.,1.,0.));
#6587 = ORIENTED_EDGE('',*,*,#6588,.F.);
#6588 = EDGE_CURVE('',#6550,#6581,#6589,.T.);
#6589 = LINE('',#6590,#6591);
#6590 = CARTESIAN_POINT('',(2.466975E+03,-25.4,2.9845E+03));
#6591 = VECTOR('',#6592,1.);
#6592 = DIRECTION('',(0.,0.,1.));
#6593 = PLANE('',#6594);
#6594 = AXIS2_PLACEMENT_3D('',#6595,#6596,#6597);
#6595 = CARTESIAN_POINT('',(2.466975E+03,-25.4,2.9845E+03));
#6596 = DIRECTION('',(1.,0.,0.));
#6597 = DIRECTION('',(0.,2.2E-16,1.));
#6598 = ADVANCED_FACE('',(#6599),#6624,.T.);
#6599 = FACE_BOUND('',#6600,.T.);
#6600 = EDGE_LOOP('',(#6601,#6602,#6610,#6618));
#6601 = ORIENTED_EDGE('',*,*,#6580,.T.);
#6602 = ORIENTED_EDGE('',*,*,#6603,.T.);
#6603 = EDGE_CURVE('',#6573,#6604,#6606,.T.);
#6604 = VERTEX_POINT('',#6605);
#6605 = CARTESIAN_POINT('',(2.416175E+03,25.4,3.844875900757E+03));
#6606 = LINE('',#6607,#6608);
#6607 = CARTESIAN_POINT('',(2.466975E+03,25.4,3.844875900757E+03));
#6608 = VECTOR('',#6609,1.);
#6609 = DIRECTION('',(-1.,0.,0.));
#6610 = ORIENTED_EDGE('',*,*,#6611,.F.);
#6611 = EDGE_CURVE('',#6612,#6604,#6614,.T.);
#6612 = VERTEX_POINT('',#6613);
#6613 = CARTESIAN_POINT('',(2.416175E+03,-25.4,3.844875900757E+03));
#6614 = LINE('',#6615,#6616);
#6615 = CARTESIAN_POINT('',(2.416175E+03,-25.4,3.844875900757E+03));
#6616 = VECTOR('',#6617,1.);
#6617 = DIRECTION('',(0.,1.,0.));
#6618 = ORIENTED_EDGE('',*,*,#6619,.F.);
#6619 = EDGE_CURVE('',#6581,#6612,#6620,.T.);
#6620 = LINE('',#6621,#6622);
#6621 = CARTESIAN_POINT('',(2.466975E+03,-25.4,3.844875900757E+03));
#6622 = VECTOR('',#6623,1.);
#6623 = DIRECTION('',(-1.,0.,0.));
#6624 = PLANE('',#6625);
#6625 = AXIS2_PLACEMENT_3D('',#6626,#6627,#6628);
#6626 = CARTESIAN_POINT('',(2.466975E+03,-25.4,3.844875900757E+03));
#6627 = DIRECTION('',(0.,0.,1.));
#6628 = DIRECTION('',(-1.,0.,0.));
#6629 = ADVANCED_FACE('',(#6630),#6646,.T.);
#6630 = FACE_BOUND('',#6631,.T.);
#6631 = EDGE_LOOP('',(#6632,#6633,#6639,#6640));
#6632 = ORIENTED_EDGE('',*,*,#6611,.T.);
#6633 = ORIENTED_EDGE('',*,*,#6634,.T.);
#6634 = EDGE_CURVE('',#6604,#6534,#6635,.T.);
#6635 = LINE('',#6636,#6637);
#6636 = CARTESIAN_POINT('',(2.416175E+03,25.4,3.844875900757E+03));
#6637 = VECTOR('',#6638,1.);
#6638 = DIRECTION('',(0.,0.,-1.));
#6639 = ORIENTED_EDGE('',*,*,#6531,.F.);
#6640 = ORIENTED_EDGE('',*,*,#6641,.F.);
#6641 = EDGE_CURVE('',#6612,#6532,#6642,.T.);
#6642 = LINE('',#6643,#6644);
#6643 = CARTESIAN_POINT('',(2.416175E+03,-25.4,3.844875900757E+03));
#6644 = VECTOR('',#6645,1.);
#6645 = DIRECTION('',(0.,0.,-1.));
#6646 = PLANE('',#6647);
#6647 = AXIS2_PLACEMENT_3D('',#6648,#6649,#6650);
#6648 = CARTESIAN_POINT('',(2.416175E+03,-25.4,3.844875900757E+03));
#6649 = DIRECTION('',(-1.,0.,0.));
#6650 = DIRECTION('',(0.,-2.2E-16,-1.));
#6651 = ADVANCED_FACE('',(#6652),#6658,.F.);
#6652 = FACE_BOUND('',#6653,.T.);
#6653 = EDGE_LOOP('',(#6654,#6655,#6656,#6657));
#6654 = ORIENTED_EDGE('',*,*,#6557,.T.);
#6655 = ORIENTED_EDGE('',*,*,#6588,.T.);
#6656 = ORIENTED_EDGE('',*,*,#6619,.T.);
#6657 = ORIENTED_EDGE('',*,*,#6641,.T.);
#6658 = PLANE('',#6659);
#6659 = AXIS2_PLACEMENT_3D('',#6660,#6661,#6662);
#6660 = CARTESIAN_POINT('',(2.441575E+03,-25.4,3.414687950379E+03));
#6661 = DIRECTION('',(0.,1.,-2.2E-16));
#6662 = DIRECTION('',(0.,2.2E-16,1.));
#6663 = ADVANCED_FACE('',(#6664),#6670,.T.);
#6664 = FACE_BOUND('',#6665,.F.);
#6665 = EDGE_LOOP('',(#6666,#6667,#6668,#6669));
#6666 = ORIENTED_EDGE('',*,*,#6541,.T.);
#6667 = ORIENTED_EDGE('',*,*,#6572,.T.);
#6668 = ORIENTED_EDGE('',*,*,#6603,.T.);
#6669 = ORIENTED_EDGE('',*,*,#6634,.T.);
#6670 = PLANE('',#6671);
#6671 = AXIS2_PLACEMENT_3D('',#6672,#6673,#6674);
#6672 = CARTESIAN_POINT('',(2.441575E+03,25.4,3.414687950379E+03));
#6673 = DIRECTION('',(0.,1.,-2.2E-16));
#6674 = DIRECTION('',(0.,2.2E-16,1.));
#6675 = MANIFOLD_SOLID_BREP('',#6676);
#6676 = CLOSED_SHELL('',(#6677,#6717,#6748,#6779,#6801,#6813));
#6677 = ADVANCED_FACE('',(#6678),#6712,.T.);
#6678 = FACE_BOUND('',#6679,.T.);
#6679 = EDGE_LOOP('',(#6680,#6690,#6698,#6706));
#6680 = ORIENTED_EDGE('',*,*,#6681,.T.);
#6681 = EDGE_CURVE('',#6682,#6684,#6686,.T.);
#6682 = VERTEX_POINT('',#6683);
#6683 = CARTESIAN_POINT('',(3.500966666667E+03,-25.4,2.9845E+03));
#6684 = VERTEX_POINT('',#6685);
#6685 = CARTESIAN_POINT('',(3.500966666667E+03,25.4,2.9845E+03));
#6686 = LINE('',#6687,#6688);
#6687 = CARTESIAN_POINT('',(3.500966666667E+03,-25.4,2.9845E+03));
#6688 = VECTOR('',#6689,1.);
#6689 = DIRECTION('',(0.,1.,0.));
#6690 = ORIENTED_EDGE('',*,*,#6691,.T.);
#6691 = EDGE_CURVE('',#6684,#6692,#6694,.T.);
#6692 = VERTEX_POINT('',#6693);
#6693 = CARTESIAN_POINT('',(3.551766666667E+03,25.4,2.9845E+03));
#6694 = LINE('',#6695,#6696);
#6695 = CARTESIAN_POINT('',(3.500966666667E+03,25.4,2.9845E+03));
#6696 = VECTOR('',#6697,1.);
#6697 = DIRECTION('',(1.,0.,0.));
#6698 = ORIENTED_EDGE('',*,*,#6699,.F.);
#6699 = EDGE_CURVE('',#6700,#6692,#6702,.T.);
#6700 = VERTEX_POINT('',#6701);
#6701 = CARTESIAN_POINT('',(3.551766666667E+03,-25.4,2.9845E+03));
#6702 = LINE('',#6703,#6704);
#6703 = CARTESIAN_POINT('',(3.551766666667E+03,-25.4,2.9845E+03));
#6704 = VECTOR('',#6705,1.);
#6705 = DIRECTION('',(0.,1.,0.));
#6706 = ORIENTED_EDGE('',*,*,#6707,.F.);
#6707 = EDGE_CURVE('',#6682,#6700,#6708,.T.);
#6708 = LINE('',#6709,#6710);
#6709 = CARTESIAN_POINT('',(3.500966666667E+03,-25.4,2.9845E+03));
#6710 = VECTOR('',#6711,1.);
#6711 = DIRECTION('',(1.,0.,0.));
#6712 = PLANE('',#6713);
#6713 = AXIS2_PLACEMENT_3D('',#6714,#6715,#6716);
#6714 = CARTESIAN_POINT('',(3.500966666667E+03,-25.4,2.9845E+03));
#6715 = DIRECTION('',(0.,0.,-1.));
#6716 = DIRECTION('',(1.,0.,0.));
#6717 = ADVANCED_FACE('',(#6718),#6743,.T.);
#6718 = FACE_BOUND('',#6719,.T.);
#6719 = EDGE_LOOP('',(#6720,#6721,#6729,#6737));
#6720 = ORIENTED_EDGE('',*,*,#6699,.T.);
#6721 = ORIENTED_EDGE('',*,*,#6722,.T.);
#6722 = EDGE_CURVE('',#6692,#6723,#6725,.T.);
#6723 = VERTEX_POINT('',#6724);
#6724 = CARTESIAN_POINT('',(3.551766666667E+03,25.4,3.844875900757E+03)
  );
#6725 = LINE('',#6726,#6727);
#6726 = CARTESIAN_POINT('',(3.551766666667E+03,25.4,2.9845E+03));
#6727 = VECTOR('',#6728,1.);
#6728 = DIRECTION('',(0.,0.,1.));
#6729 = ORIENTED_EDGE('',*,*,#6730,.F.);
#6730 = EDGE_CURVE('',#6731,#6723,#6733,.T.);
#6731 = VERTEX_POINT('',#6732);
#6732 = CARTESIAN_POINT('',(3.551766666667E+03,-25.4,3.844875900757E+03)
  );
#6733 = LINE('',#6734,#6735);
#6734 = CARTESIAN_POINT('',(3.551766666667E+03,-25.4,3.844875900757E+03)
  );
#6735 = VECTOR('',#6736,1.);
#6736 = DIRECTION('',(0.,1.,0.));
#6737 = ORIENTED_EDGE('',*,*,#6738,.F.);
#6738 = EDGE_CURVE('',#6700,#6731,#6739,.T.);
#6739 = LINE('',#6740,#6741);
#6740 = CARTESIAN_POINT('',(3.551766666667E+03,-25.4,2.9845E+03));
#6741 = VECTOR('',#6742,1.);
#6742 = DIRECTION('',(0.,0.,1.));
#6743 = PLANE('',#6744);
#6744 = AXIS2_PLACEMENT_3D('',#6745,#6746,#6747);
#6745 = CARTESIAN_POINT('',(3.551766666667E+03,-25.4,2.9845E+03));
#6746 = DIRECTION('',(1.,0.,0.));
#6747 = DIRECTION('',(0.,2.2E-16,1.));
#6748 = ADVANCED_FACE('',(#6749),#6774,.T.);
#6749 = FACE_BOUND('',#6750,.T.);
#6750 = EDGE_LOOP('',(#6751,#6752,#6760,#6768));
#6751 = ORIENTED_EDGE('',*,*,#6730,.T.);
#6752 = ORIENTED_EDGE('',*,*,#6753,.T.);
#6753 = EDGE_CURVE('',#6723,#6754,#6756,.T.);
#6754 = VERTEX_POINT('',#6755);
#6755 = CARTESIAN_POINT('',(3.500966666667E+03,25.4,3.844875900757E+03)
  );
#6756 = LINE('',#6757,#6758);
#6757 = CARTESIAN_POINT('',(3.551766666667E+03,25.4,3.844875900757E+03)
  );
#6758 = VECTOR('',#6759,1.);
#6759 = DIRECTION('',(-1.,0.,0.));
#6760 = ORIENTED_EDGE('',*,*,#6761,.F.);
#6761 = EDGE_CURVE('',#6762,#6754,#6764,.T.);
#6762 = VERTEX_POINT('',#6763);
#6763 = CARTESIAN_POINT('',(3.500966666667E+03,-25.4,3.844875900757E+03)
  );
#6764 = LINE('',#6765,#6766);
#6765 = CARTESIAN_POINT('',(3.500966666667E+03,-25.4,3.844875900757E+03)
  );
#6766 = VECTOR('',#6767,1.);
#6767 = DIRECTION('',(0.,1.,0.));
#6768 = ORIENTED_EDGE('',*,*,#6769,.F.);
#6769 = EDGE_CURVE('',#6731,#6762,#6770,.T.);
#6770 = LINE('',#6771,#6772);
#6771 = CARTESIAN_POINT('',(3.551766666667E+03,-25.4,3.844875900757E+03)
  );
#6772 = VECTOR('',#6773,1.);
#6773 = DIRECTION('',(-1.,0.,0.));
#6774 = PLANE('',#6775);
#6775 = AXIS2_PLACEMENT_3D('',#6776,#6777,#6778);
#6776 = CARTESIAN_POINT('',(3.551766666667E+03,-25.4,3.844875900757E+03)
  );
#6777 = DIRECTION('',(0.,0.,1.));
#6778 = DIRECTION('',(-1.,0.,0.));
#6779 = ADVANCED_FACE('',(#6780),#6796,.T.);
#6780 = FACE_BOUND('',#6781,.T.);
#6781 = EDGE_LOOP('',(#6782,#6783,#6789,#6790));
#6782 = ORIENTED_EDGE('',*,*,#6761,.T.);
#6783 = ORIENTED_EDGE('',*,*,#6784,.T.);
#6784 = EDGE_CURVE('',#6754,#6684,#6785,.T.);
#6785 = LINE('',#6786,#6787);
#6786 = CARTESIAN_POINT('',(3.500966666667E+03,25.4,3.844875900757E+03)
  );
#6787 = VECTOR('',#6788,1.);
#6788 = DIRECTION('',(0.,0.,-1.));
#6789 = ORIENTED_EDGE('',*,*,#6681,.F.);
#6790 = ORIENTED_EDGE('',*,*,#6791,.F.);
#6791 = EDGE_CURVE('',#6762,#6682,#6792,.T.);
#6792 = LINE('',#6793,#6794);
#6793 = CARTESIAN_POINT('',(3.500966666667E+03,-25.4,3.844875900757E+03)
  );
#6794 = VECTOR('',#6795,1.);
#6795 = DIRECTION('',(0.,0.,-1.));
#6796 = PLANE('',#6797);
#6797 = AXIS2_PLACEMENT_3D('',#6798,#6799,#6800);
#6798 = CARTESIAN_POINT('',(3.500966666667E+03,-25.4,3.844875900757E+03)
  );
#6799 = DIRECTION('',(-1.,0.,0.));
#6800 = DIRECTION('',(0.,-2.2E-16,-1.));
#6801 = ADVANCED_FACE('',(#6802),#6808,.F.);
#6802 = FACE_BOUND('',#6803,.T.);
#6803 = EDGE_LOOP('',(#6804,#6805,#6806,#6807));
#6804 = ORIENTED_EDGE('',*,*,#6707,.T.);
#6805 = ORIENTED_EDGE('',*,*,#6738,.T.);
#6806 = ORIENTED_EDGE('',*,*,#6769,.T.);
#6807 = ORIENTED_EDGE('',*,*,#6791,.T.);
#6808 = PLANE('',#6809);
#6809 = AXIS2_PLACEMENT_3D('',#6810,#6811,#6812);
#6810 = CARTESIAN_POINT('',(3.526366666667E+03,-25.4,3.414687950379E+03)
  );
#6811 = DIRECTION('',(0.,1.,-2.2E-16));
#6812 = DIRECTION('',(0.,2.2E-16,1.));
#6813 = ADVANCED_FACE('',(#6814),#6820,.T.);
#6814 = FACE_BOUND('',#6815,.F.);
#6815 = EDGE_LOOP('',(#6816,#6817,#6818,#6819));
#6816 = ORIENTED_EDGE('',*,*,#6691,.T.);
#6817 = ORIENTED_EDGE('',*,*,#6722,.T.);
#6818 = ORIENTED_EDGE('',*,*,#6753,.T.);
#6819 = ORIENTED_EDGE('',*,*,#6784,.T.);
#6820 = PLANE('',#6821);
#6821 = AXIS2_PLACEMENT_3D('',#6822,#6823,#6824);
#6822 = CARTESIAN_POINT('',(3.526366666667E+03,25.4,3.414687950379E+03)
  );
#6823 = DIRECTION('',(0.,1.,-2.2E-16));
#6824 = DIRECTION('',(0.,2.2E-16,1.));
#6825 = MANIFOLD_SOLID_BREP('',#6826);
#6826 = CLOSED_SHELL('',(#6827,#6867,#6898,#6929,#6951,#6963));
#6827 = ADVANCED_FACE('',(#6828),#6862,.T.);
#6828 = FACE_BOUND('',#6829,.T.);
#6829 = EDGE_LOOP('',(#6830,#6840,#6848,#6856));
#6830 = ORIENTED_EDGE('',*,*,#6831,.T.);
#6831 = EDGE_CURVE('',#6832,#6834,#6836,.T.);
#6832 = VERTEX_POINT('',#6833);
#6833 = CARTESIAN_POINT('',(4.585758333333E+03,-25.4,2.9845E+03));
#6834 = VERTEX_POINT('',#6835);
#6835 = CARTESIAN_POINT('',(4.585758333333E+03,25.4,2.9845E+03));
#6836 = LINE('',#6837,#6838);
#6837 = CARTESIAN_POINT('',(4.585758333333E+03,-25.4,2.9845E+03));
#6838 = VECTOR('',#6839,1.);
#6839 = DIRECTION('',(0.,1.,0.));
#6840 = ORIENTED_EDGE('',*,*,#6841,.T.);
#6841 = EDGE_CURVE('',#6834,#6842,#6844,.T.);
#6842 = VERTEX_POINT('',#6843);
#6843 = CARTESIAN_POINT('',(4.636558333333E+03,25.4,2.9845E+03));
#6844 = LINE('',#6845,#6846);
#6845 = CARTESIAN_POINT('',(4.585758333333E+03,25.4,2.9845E+03));
#6846 = VECTOR('',#6847,1.);
#6847 = DIRECTION('',(1.,0.,0.));
#6848 = ORIENTED_EDGE('',*,*,#6849,.F.);
#6849 = EDGE_CURVE('',#6850,#6842,#6852,.T.);
#6850 = VERTEX_POINT('',#6851);
#6851 = CARTESIAN_POINT('',(4.636558333333E+03,-25.4,2.9845E+03));
#6852 = LINE('',#6853,#6854);
#6853 = CARTESIAN_POINT('',(4.636558333333E+03,-25.4,2.9845E+03));
#6854 = VECTOR('',#6855,1.);
#6855 = DIRECTION('',(0.,1.,0.));
#6856 = ORIENTED_EDGE('',*,*,#6857,.F.);
#6857 = EDGE_CURVE('',#6832,#6850,#6858,.T.);
#6858 = LINE('',#6859,#6860);
#6859 = CARTESIAN_POINT('',(4.585758333333E+03,-25.4,2.9845E+03));
#6860 = VECTOR('',#6861,1.);
#6861 = DIRECTION('',(1.,0.,0.));
#6862 = PLANE('',#6863);
#6863 = AXIS2_PLACEMENT_3D('',#6864,#6865,#6866);
#6864 = CARTESIAN_POINT('',(4.585758333333E+03,-25.4,2.9845E+03));
#6865 = DIRECTION('',(0.,0.,-1.));
#6866 = DIRECTION('',(1.,0.,0.));
#6867 = ADVANCED_FACE('',(#6868),#6893,.T.);
#6868 = FACE_BOUND('',#6869,.T.);
#6869 = EDGE_LOOP('',(#6870,#6871,#6879,#6887));
#6870 = ORIENTED_EDGE('',*,*,#6849,.T.);
#6871 = ORIENTED_EDGE('',*,*,#6872,.T.);
#6872 = EDGE_CURVE('',#6842,#6873,#6875,.T.);
#6873 = VERTEX_POINT('',#6874);
#6874 = CARTESIAN_POINT('',(4.636558333333E+03,25.4,3.844875900757E+03)
  );
#6875 = LINE('',#6876,#6877);
#6876 = CARTESIAN_POINT('',(4.636558333333E+03,25.4,2.9845E+03));
#6877 = VECTOR('',#6878,1.);
#6878 = DIRECTION('',(0.,0.,1.));
#6879 = ORIENTED_EDGE('',*,*,#6880,.F.);
#6880 = EDGE_CURVE('',#6881,#6873,#6883,.T.);
#6881 = VERTEX_POINT('',#6882);
#6882 = CARTESIAN_POINT('',(4.636558333333E+03,-25.4,3.844875900757E+03)
  );
#6883 = LINE('',#6884,#6885);
#6884 = CARTESIAN_POINT('',(4.636558333333E+03,-25.4,3.844875900757E+03)
  );
#6885 = VECTOR('',#6886,1.);
#6886 = DIRECTION('',(0.,1.,0.));
#6887 = ORIENTED_EDGE('',*,*,#6888,.F.);
#6888 = EDGE_CURVE('',#6850,#6881,#6889,.T.);
#6889 = LINE('',#6890,#6891);
#6890 = CARTESIAN_POINT('',(4.636558333333E+03,-25.4,2.9845E+03));
#6891 = VECTOR('',#6892,1.);
#6892 = DIRECTION('',(0.,0.,1.));
#6893 = PLANE('',#6894);
#6894 = AXIS2_PLACEMENT_3D('',#6895,#6896,#6897);
#6895 = CARTESIAN_POINT('',(4.636558333333E+03,-25.4,2.9845E+03));
#6896 = DIRECTION('',(1.,0.,0.));
#6897 = DIRECTION('',(0.,2.2E-16,1.));
#6898 = ADVANCED_FACE('',(#6899),#6924,.T.);
#6899 = FACE_BOUND('',#6900,.T.);
#6900 = EDGE_LOOP('',(#6901,#6902,#6910,#6918));
#6901 = ORIENTED_EDGE('',*,*,#6880,.T.);
#6902 = ORIENTED_EDGE('',*,*,#6903,.T.);
#6903 = EDGE_CURVE('',#6873,#6904,#6906,.T.);
#6904 = VERTEX_POINT('',#6905);
#6905 = CARTESIAN_POINT('',(4.585758333333E+03,25.4,3.844875900757E+03)
  );
#6906 = LINE('',#6907,#6908);
#6907 = CARTESIAN_POINT('',(4.636558333333E+03,25.4,3.844875900757E+03)
  );
#6908 = VECTOR('',#6909,1.);
#6909 = DIRECTION('',(-1.,0.,0.));
#6910 = ORIENTED_EDGE('',*,*,#6911,.F.);
#6911 = EDGE_CURVE('',#6912,#6904,#6914,.T.);
#6912 = VERTEX_POINT('',#6913);
#6913 = CARTESIAN_POINT('',(4.585758333333E+03,-25.4,3.844875900757E+03)
  );
#6914 = LINE('',#6915,#6916);
#6915 = CARTESIAN_POINT('',(4.585758333333E+03,-25.4,3.844875900757E+03)
  );
#6916 = VECTOR('',#6917,1.);
#6917 = DIRECTION('',(0.,1.,0.));
#6918 = ORIENTED_EDGE('',*,*,#6919,.F.);
#6919 = EDGE_CURVE('',#6881,#6912,#6920,.T.);
#6920 = LINE('',#6921,#6922);
#6921 = CARTESIAN_POINT('',(4.636558333333E+03,-25.4,3.844875900757E+03)
  );
#6922 = VECTOR('',#6923,1.);
#6923 = DIRECTION('',(-1.,0.,0.));
#6924 = PLANE('',#6925);
#6925 = AXIS2_PLACEMENT_3D('',#6926,#6927,#6928);
#6926 = CARTESIAN_POINT('',(4.636558333333E+03,-25.4,3.844875900757E+03)
  );
#6927 = DIRECTION('',(0.,0.,1.));
#6928 = DIRECTION('',(-1.,0.,0.));
#6929 = ADVANCED_FACE('',(#6930),#6946,.T.);
#6930 = FACE_BOUND('',#6931,.T.);
#6931 = EDGE_LOOP('',(#6932,#6933,#6939,#6940));
#6932 = ORIENTED_EDGE('',*,*,#6911,.T.);
#6933 = ORIENTED_EDGE('',*,*,#6934,.T.);
#6934 = EDGE_CURVE('',#6904,#6834,#6935,.T.);
#6935 = LINE('',#6936,#6937);
#6936 = CARTESIAN_POINT('',(4.585758333333E+03,25.4,3.844875900757E+03)
  );
#6937 = VECTOR('',#6938,1.);
#6938 = DIRECTION('',(0.,0.,-1.));
#6939 = ORIENTED_EDGE('',*,*,#6831,.F.);
#6940 = ORIENTED_EDGE('',*,*,#6941,.F.);
#6941 = EDGE_CURVE('',#6912,#6832,#6942,.T.);
#6942 = LINE('',#6943,#6944);
#6943 = CARTESIAN_POINT('',(4.585758333333E+03,-25.4,3.844875900757E+03)
  );
#6944 = VECTOR('',#6945,1.);
#6945 = DIRECTION('',(0.,0.,-1.));
#6946 = PLANE('',#6947);
#6947 = AXIS2_PLACEMENT_3D('',#6948,#6949,#6950);
#6948 = CARTESIAN_POINT('',(4.585758333333E+03,-25.4,3.844875900757E+03)
  );
#6949 = DIRECTION('',(-1.,0.,0.));
#6950 = DIRECTION('',(0.,-2.2E-16,-1.));
#6951 = ADVANCED_FACE('',(#6952),#6958,.F.);
#6952 = FACE_BOUND('',#6953,.T.);
#6953 = EDGE_LOOP('',(#6954,#6955,#6956,#6957));
#6954 = ORIENTED_EDGE('',*,*,#6857,.T.);
#6955 = ORIENTED_EDGE('',*,*,#6888,.T.);
#6956 = ORIENTED_EDGE('',*,*,#6919,.T.);
#6957 = ORIENTED_EDGE('',*,*,#6941,.T.);
#6958 = PLANE('',#6959);
#6959 = AXIS2_PLACEMENT_3D('',#6960,#6961,#6962);
#6960 = CARTESIAN_POINT('',(4.611158333333E+03,-25.4,3.414687950379E+03)
  );
#6961 = DIRECTION('',(0.,1.,-2.2E-16));
#6962 = DIRECTION('',(0.,2.2E-16,1.));
#6963 = ADVANCED_FACE('',(#6964),#6970,.T.);
#6964 = FACE_BOUND('',#6965,.F.);
#6965 = EDGE_LOOP('',(#6966,#6967,#6968,#6969));
#6966 = ORIENTED_EDGE('',*,*,#6841,.T.);
#6967 = ORIENTED_EDGE('',*,*,#6872,.T.);
#6968 = ORIENTED_EDGE('',*,*,#6903,.T.);
#6969 = ORIENTED_EDGE('',*,*,#6934,.T.);
#6970 = PLANE('',#6971);
#6971 = AXIS2_PLACEMENT_3D('',#6972,#6973,#6974);
#6972 = CARTESIAN_POINT('',(4.611158333333E+03,25.4,3.414687950379E+03)
  );
#6973 = DIRECTION('',(0.,1.,-2.2E-16));
#6974 = DIRECTION('',(0.,2.2E-16,1.));
#6975 = MANIFOLD_SOLID_BREP('',#6976);
#6976 = CLOSED_SHELL('',(#6977,#7017,#7048,#7079,#7101,#7113));
#6977 = ADVANCED_FACE('',(#6978),#7012,.T.);
#6978 = FACE_BOUND('',#6979,.T.);
#6979 = EDGE_LOOP('',(#6980,#6990,#6998,#7006));
#6980 = ORIENTED_EDGE('',*,*,#6981,.T.);
#6981 = EDGE_CURVE('',#6982,#6984,#6986,.T.);
#6982 = VERTEX_POINT('',#6983);
#6983 = CARTESIAN_POINT('',(5.64515E+03,-25.4,2.9845E+03));
#6984 = VERTEX_POINT('',#6985);
#6985 = CARTESIAN_POINT('',(5.64515E+03,25.4,2.9845E+03));
#6986 = LINE('',#6987,#6988);
#6987 = CARTESIAN_POINT('',(5.64515E+03,-25.4,2.9845E+03));
#6988 = VECTOR('',#6989,1.);
#6989 = DIRECTION('',(0.,1.,0.));
#6990 = ORIENTED_EDGE('',*,*,#6991,.T.);
#6991 = EDGE_CURVE('',#6984,#6992,#6994,.T.);
#6992 = VERTEX_POINT('',#6993);
#6993 = CARTESIAN_POINT('',(5.69595E+03,25.4,2.9845E+03));
#6994 = LINE('',#6995,#6996);
#6995 = CARTESIAN_POINT('',(5.64515E+03,25.4,2.9845E+03));
#6996 = VECTOR('',#6997,1.);
#6997 = DIRECTION('',(1.,0.,0.));
#6998 = ORIENTED_EDGE('',*,*,#6999,.F.);
#6999 = EDGE_CURVE('',#7000,#6992,#7002,.T.);
#7000 = VERTEX_POINT('',#7001);
#7001 = CARTESIAN_POINT('',(5.69595E+03,-25.4,2.9845E+03));
#7002 = LINE('',#7003,#7004);
#7003 = CARTESIAN_POINT('',(5.69595E+03,-25.4,2.9845E+03));
#7004 = VECTOR('',#7005,1.);
#7005 = DIRECTION('',(0.,1.,0.));
#7006 = ORIENTED_EDGE('',*,*,#7007,.F.);
#7007 = EDGE_CURVE('',#6982,#7000,#7008,.T.);
#7008 = LINE('',#7009,#7010);
#7009 = CARTESIAN_POINT('',(5.64515E+03,-25.4,2.9845E+03));
#7010 = VECTOR('',#7011,1.);
#7011 = DIRECTION('',(1.,0.,0.));
#7012 = PLANE('',#7013);
#7013 = AXIS2_PLACEMENT_3D('',#7014,#7015,#7016);
#7014 = CARTESIAN_POINT('',(5.64515E+03,-25.4,2.9845E+03));
#7015 = DIRECTION('',(0.,0.,-1.));
#7016 = DIRECTION('',(1.,0.,0.));
#7017 = ADVANCED_FACE('',(#7018),#7043,.T.);
#7018 = FACE_BOUND('',#7019,.T.);
#7019 = EDGE_LOOP('',(#7020,#7021,#7029,#7037));
#7020 = ORIENTED_EDGE('',*,*,#6999,.T.);
#7021 = ORIENTED_EDGE('',*,*,#7022,.T.);
#7022 = EDGE_CURVE('',#6992,#7023,#7025,.T.);
#7023 = VERTEX_POINT('',#7024);
#7024 = CARTESIAN_POINT('',(5.69595E+03,25.4,3.844875900757E+03));
#7025 = LINE('',#7026,#7027);
#7026 = CARTESIAN_POINT('',(5.69595E+03,25.4,2.9845E+03));
#7027 = VECTOR('',#7028,1.);
#7028 = DIRECTION('',(0.,0.,1.));
#7029 = ORIENTED_EDGE('',*,*,#7030,.F.);
#7030 = EDGE_CURVE('',#7031,#7023,#7033,.T.);
#7031 = VERTEX_POINT('',#7032);
#7032 = CARTESIAN_POINT('',(5.69595E+03,-25.4,3.844875900757E+03));
#7033 = LINE('',#7034,#7035);
#7034 = CARTESIAN_POINT('',(5.69595E+03,-25.4,3.844875900757E+03));
#7035 = VECTOR('',#7036,1.);
#7036 = DIRECTION('',(0.,1.,0.));
#7037 = ORIENTED_EDGE('',*,*,#7038,.F.);
#7038 = EDGE_CURVE('',#7000,#7031,#7039,.T.);
#7039 = LINE('',#7040,#7041);
#7040 = CARTESIAN_POINT('',(5.69595E+03,-25.4,2.9845E+03));
#7041 = VECTOR('',#7042,1.);
#7042 = DIRECTION('',(0.,0.,1.));
#7043 = PLANE('',#7044);
#7044 = AXIS2_PLACEMENT_3D('',#7045,#7046,#7047);
#7045 = CARTESIAN_POINT('',(5.69595E+03,-25.4,2.9845E+03));
#7046 = DIRECTION('',(1.,0.,0.));
#7047 = DIRECTION('',(0.,2.2E-16,1.));
#7048 = ADVANCED_FACE('',(#7049),#7074,.T.);
#7049 = FACE_BOUND('',#7050,.T.);
#7050 = EDGE_LOOP('',(#7051,#7052,#7060,#7068));
#7051 = ORIENTED_EDGE('',*,*,#7030,.T.);
#7052 = ORIENTED_EDGE('',*,*,#7053,.T.);
#7053 = EDGE_CURVE('',#7023,#7054,#7056,.T.);
#7054 = VERTEX_POINT('',#7055);
#7055 = CARTESIAN_POINT('',(5.64515E+03,25.4,3.844875900757E+03));
#7056 = LINE('',#7057,#7058);
#7057 = CARTESIAN_POINT('',(5.69595E+03,25.4,3.844875900757E+03));
#7058 = VECTOR('',#7059,1.);
#7059 = DIRECTION('',(-1.,0.,0.));
#7060 = ORIENTED_EDGE('',*,*,#7061,.F.);
#7061 = EDGE_CURVE('',#7062,#7054,#7064,.T.);
#7062 = VERTEX_POINT('',#7063);
#7063 = CARTESIAN_POINT('',(5.64515E+03,-25.4,3.844875900757E+03));
#7064 = LINE('',#7065,#7066);
#7065 = CARTESIAN_POINT('',(5.64515E+03,-25.4,3.844875900757E+03));
#7066 = VECTOR('',#7067,1.);
#7067 = DIRECTION('',(0.,1.,0.));
#7068 = ORIENTED_EDGE('',*,*,#7069,.F.);
#7069 = EDGE_CURVE('',#7031,#7062,#7070,.T.);
#7070 = LINE('',#7071,#7072);
#7071 = CARTESIAN_POINT('',(5.69595E+03,-25.4,3.844875900757E+03));
#7072 = VECTOR('',#7073,1.);
#7073 = DIRECTION('',(-1.,0.,0.));
#7074 = PLANE('',#7075);
#7075 = AXIS2_PLACEMENT_3D('',#7076,#7077,#7078);
#7076 = CARTESIAN_POINT('',(5.69595E+03,-25.4,3.844875900757E+03));
#7077 = DIRECTION('',(0.,0.,1.));
#7078 = DIRECTION('',(-1.,0.,0.));
#7079 = ADVANCED_FACE('',(#7080),#7096,.T.);
#7080 = FACE_BOUND('',#7081,.T.);
#7081 = EDGE_LOOP('',(#7082,#7083,#7089,#7090));
#7082 = ORIENTED_EDGE('',*,*,#7061,.T.);
#7083 = ORIENTED_EDGE('',*,*,#7084,.T.);
#7084 = EDGE_CURVE('',#7054,#6984,#7085,.T.);
#7085 = LINE('',#7086,#7087);
#7086 = CARTESIAN_POINT('',(5.64515E+03,25.4,3.844875900757E+03));
#7087 = VECTOR('',#7088,1.);
#7088 = DIRECTION('',(0.,0.,-1.));
#7089 = ORIENTED_EDGE('',*,*,#6981,.F.);
#7090 = ORIENTED_EDGE('',*,*,#7091,.F.);
#7091 = EDGE_CURVE('',#7062,#6982,#7092,.T.);
#7092 = LINE('',#7093,#7094);
#7093 = CARTESIAN_POINT('',(5.64515E+03,-25.4,3.844875900757E+03));
#7094 = VECTOR('',#7095,1.);
#7095 = DIRECTION('',(0.,0.,-1.));
#7096 = PLANE('',#7097);
#7097 = AXIS2_PLACEMENT_3D('',#7098,#7099,#7100);
#7098 = CARTESIAN_POINT('',(5.64515E+03,-25.4,3.844875900757E+03));
#7099 = DIRECTION('',(-1.,0.,0.));
#7100 = DIRECTION('',(0.,-2.2E-16,-1.));
#7101 = ADVANCED_FACE('',(#7102),#7108,.F.);
#7102 = FACE_BOUND('',#7103,.T.);
#7103 = EDGE_LOOP('',(#7104,#7105,#7106,#7107));
#7104 = ORIENTED_EDGE('',*,*,#7007,.T.);
#7105 = ORIENTED_EDGE('',*,*,#7038,.T.);
#7106 = ORIENTED_EDGE('',*,*,#7069,.T.);
#7107 = ORIENTED_EDGE('',*,*,#7091,.T.);
#7108 = PLANE('',#7109);
#7109 = AXIS2_PLACEMENT_3D('',#7110,#7111,#7112);
#7110 = CARTESIAN_POINT('',(5.67055E+03,-25.4,3.414687950379E+03));
#7111 = DIRECTION('',(0.,1.,-2.2E-16));
#7112 = DIRECTION('',(0.,2.2E-16,1.));
#7113 = ADVANCED_FACE('',(#7114),#7120,.T.);
#7114 = FACE_BOUND('',#7115,.F.);
#7115 = EDGE_LOOP('',(#7116,#7117,#7118,#7119));
#7116 = ORIENTED_EDGE('',*,*,#6991,.T.);
#7117 = ORIENTED_EDGE('',*,*,#7022,.T.);
#7118 = ORIENTED_EDGE('',*,*,#7053,.T.);
#7119 = ORIENTED_EDGE('',*,*,#7084,.T.);
#7120 = PLANE('',#7121);
#7121 = AXIS2_PLACEMENT_3D('',#7122,#7123,#7124);
#7122 = CARTESIAN_POINT('',(5.67055E+03,25.4,3.414687950379E+03));
#7123 = DIRECTION('',(0.,1.,-2.2E-16));
#7124 = DIRECTION('',(0.,2.2E-16,1.));
#7125 = MANIFOLD_SOLID_BREP('',#7126);
#7126 = CLOSED_SHELL('',(#7127,#7167,#7198,#7229,#7251,#7263));
#7127 = ADVANCED_FACE('',(#7128),#7162,.T.);
#7128 = FACE_BOUND('',#7129,.T.);
#7129 = EDGE_LOOP('',(#7130,#7140,#7148,#7156));
#7130 = ORIENTED_EDGE('',*,*,#7131,.T.);
#7131 = EDGE_CURVE('',#7132,#7134,#7136,.T.);
#7132 = VERTEX_POINT('',#7133);
#7133 = CARTESIAN_POINT('',(-804.5975757662,-25.4,2.939692335E+03));
#7134 = VERTEX_POINT('',#7135);
#7135 = CARTESIAN_POINT('',(-804.5975757662,25.4,2.939692335E+03));
#7136 = LINE('',#7137,#7138);
#7137 = CARTESIAN_POINT('',(-804.5975757662,-25.4,2.939692335E+03));
#7138 = VECTOR('',#7139,1.);
#7139 = DIRECTION('',(0.,1.,0.));
#7140 = ORIENTED_EDGE('',*,*,#7141,.T.);
#7141 = EDGE_CURVE('',#7134,#7142,#7144,.T.);
#7142 = VERTEX_POINT('',#7143);
#7143 = CARTESIAN_POINT('',(-770.2024242337,25.4,2.902307665E+03));
#7144 = LINE('',#7145,#7146);
#7145 = CARTESIAN_POINT('',(-804.5975757662,25.4,2.939692335E+03));
#7146 = VECTOR('',#7147,1.);
#7147 = DIRECTION('',(0.677069912058,0.,-0.735918700799));
#7148 = ORIENTED_EDGE('',*,*,#7149,.F.);
#7149 = EDGE_CURVE('',#7150,#7142,#7152,.T.);
#7150 = VERTEX_POINT('',#7151);
#7151 = CARTESIAN_POINT('',(-770.2024242337,-25.4,2.902307665E+03));
#7152 = LINE('',#7153,#7154);
#7153 = CARTESIAN_POINT('',(-770.2024242337,-25.4,2.902307665E+03));
#7154 = VECTOR('',#7155,1.);
#7155 = DIRECTION('',(0.,1.,0.));
#7156 = ORIENTED_EDGE('',*,*,#7157,.F.);
#7157 = EDGE_CURVE('',#7132,#7150,#7158,.T.);
#7158 = LINE('',#7159,#7160);
#7159 = CARTESIAN_POINT('',(-804.5975757662,-25.4,2.939692335E+03));
#7160 = VECTOR('',#7161,1.);
#7161 = DIRECTION('',(0.677069912058,0.,-0.735918700799));
#7162 = PLANE('',#7163);
#7163 = AXIS2_PLACEMENT_3D('',#7164,#7165,#7166);
#7164 = CARTESIAN_POINT('',(-804.5975757662,-25.4,2.939692335E+03));
#7165 = DIRECTION('',(-0.735918700799,0.,-0.677069912058));
#7166 = DIRECTION('',(0.677069912058,6.E-17,-0.735918700799));
#7167 = ADVANCED_FACE('',(#7168),#7193,.T.);
#7168 = FACE_BOUND('',#7169,.T.);
#7169 = EDGE_LOOP('',(#7170,#7171,#7179,#7187));
#7170 = ORIENTED_EDGE('',*,*,#7149,.T.);
#7171 = ORIENTED_EDGE('',*,*,#7172,.T.);
#7172 = EDGE_CURVE('',#7142,#7173,#7175,.T.);
#7173 = VERTEX_POINT('',#7174);
#7174 = CARTESIAN_POINT('',(289.18924243294,25.4,3.876983565757E+03));
#7175 = LINE('',#7176,#7177);
#7176 = CARTESIAN_POINT('',(-770.2024242337,25.4,2.902307665E+03));
#7177 = VECTOR('',#7178,1.);
#7178 = DIRECTION('',(0.735918700799,0.,0.677069912058));
#7179 = ORIENTED_EDGE('',*,*,#7180,.F.);
#7180 = EDGE_CURVE('',#7181,#7173,#7183,.T.);
#7181 = VERTEX_POINT('',#7182);
#7182 = CARTESIAN_POINT('',(289.18924243294,-25.4,3.876983565757E+03));
#7183 = LINE('',#7184,#7185);
#7184 = CARTESIAN_POINT('',(289.18924243294,-25.4,3.876983565757E+03));
#7185 = VECTOR('',#7186,1.);
#7186 = DIRECTION('',(0.,1.,0.));
#7187 = ORIENTED_EDGE('',*,*,#7188,.F.);
#7188 = EDGE_CURVE('',#7150,#7181,#7189,.T.);
#7189 = LINE('',#7190,#7191);
#7190 = CARTESIAN_POINT('',(-770.2024242337,-25.4,2.902307665E+03));
#7191 = VECTOR('',#7192,1.);
#7192 = DIRECTION('',(0.735918700799,0.,0.677069912058));
#7193 = PLANE('',#7194);
#7194 = AXIS2_PLACEMENT_3D('',#7195,#7196,#7197);
#7195 = CARTESIAN_POINT('',(-770.2024242337,-25.4,2.902307665E+03));
#7196 = DIRECTION('',(0.677069912058,0.,-0.735918700799));
#7197 = DIRECTION('',(0.735918700799,-2.2E-16,0.677069912058));
#7198 = ADVANCED_FACE('',(#7199),#7224,.T.);
#7199 = FACE_BOUND('',#7200,.T.);
#7200 = EDGE_LOOP('',(#7201,#7202,#7210,#7218));
#7201 = ORIENTED_EDGE('',*,*,#7180,.T.);
#7202 = ORIENTED_EDGE('',*,*,#7203,.T.);
#7203 = EDGE_CURVE('',#7173,#7204,#7206,.T.);
#7204 = VERTEX_POINT('',#7205);
#7205 = CARTESIAN_POINT('',(254.79409090038,25.4,3.914368235758E+03));
#7206 = LINE('',#7207,#7208);
#7207 = CARTESIAN_POINT('',(289.18924243294,25.4,3.876983565757E+03));
#7208 = VECTOR('',#7209,1.);
#7209 = DIRECTION('',(-0.677069912058,0.,0.735918700799));
#7210 = ORIENTED_EDGE('',*,*,#7211,.F.);
#7211 = EDGE_CURVE('',#7212,#7204,#7214,.T.);
#7212 = VERTEX_POINT('',#7213);
#7213 = CARTESIAN_POINT('',(254.79409090038,-25.4,3.914368235758E+03));
#7214 = LINE('',#7215,#7216);
#7215 = CARTESIAN_POINT('',(254.79409090038,-25.4,3.914368235758E+03));
#7216 = VECTOR('',#7217,1.);
#7217 = DIRECTION('',(0.,1.,0.));
#7218 = ORIENTED_EDGE('',*,*,#7219,.F.);
#7219 = EDGE_CURVE('',#7181,#7212,#7220,.T.);
#7220 = LINE('',#7221,#7222);
#7221 = CARTESIAN_POINT('',(289.18924243294,-25.4,3.876983565757E+03));
#7222 = VECTOR('',#7223,1.);
#7223 = DIRECTION('',(-0.677069912058,0.,0.735918700799));
#7224 = PLANE('',#7225);
#7225 = AXIS2_PLACEMENT_3D('',#7226,#7227,#7228);
#7226 = CARTESIAN_POINT('',(289.18924243294,-25.4,3.876983565757E+03));
#7227 = DIRECTION('',(0.735918700799,0.,0.677069912058));
#7228 = DIRECTION('',(-0.677069912058,-6.E-17,0.735918700799));
#7229 = ADVANCED_FACE('',(#7230),#7246,.T.);
#7230 = FACE_BOUND('',#7231,.T.);
#7231 = EDGE_LOOP('',(#7232,#7233,#7239,#7240));
#7232 = ORIENTED_EDGE('',*,*,#7211,.T.);
#7233 = ORIENTED_EDGE('',*,*,#7234,.T.);
#7234 = EDGE_CURVE('',#7204,#7134,#7235,.T.);
#7235 = LINE('',#7236,#7237);
#7236 = CARTESIAN_POINT('',(254.79409090038,25.4,3.914368235758E+03));
#7237 = VECTOR('',#7238,1.);
#7238 = DIRECTION('',(-0.735918700799,-0.,-0.677069912058));
#7239 = ORIENTED_EDGE('',*,*,#7131,.F.);
#7240 = ORIENTED_EDGE('',*,*,#7241,.F.);
#7241 = EDGE_CURVE('',#7212,#7132,#7242,.T.);
#7242 = LINE('',#7243,#7244);
#7243 = CARTESIAN_POINT('',(254.79409090038,-25.4,3.914368235758E+03));
#7244 = VECTOR('',#7245,1.);
#7245 = DIRECTION('',(-0.735918700799,-0.,-0.677069912058));
#7246 = PLANE('',#7247);
#7247 = AXIS2_PLACEMENT_3D('',#7248,#7249,#7250);
#7248 = CARTESIAN_POINT('',(254.79409090038,-25.4,3.914368235758E+03));
#7249 = DIRECTION('',(-0.677069912058,0.,0.735918700799));
#7250 = DIRECTION('',(-0.735918700799,2.2E-16,-0.677069912058));
#7251 = ADVANCED_FACE('',(#7252),#7258,.F.);
#7252 = FACE_BOUND('',#7253,.T.);
#7253 = EDGE_LOOP('',(#7254,#7255,#7256,#7257));
#7254 = ORIENTED_EDGE('',*,*,#7157,.T.);
#7255 = ORIENTED_EDGE('',*,*,#7188,.T.);
#7256 = ORIENTED_EDGE('',*,*,#7219,.T.);
#7257 = ORIENTED_EDGE('',*,*,#7241,.T.);
#7258 = PLANE('',#7259);
#7259 = AXIS2_PLACEMENT_3D('',#7260,#7261,#7262);
#7260 = CARTESIAN_POINT('',(-257.7041666666,-25.4,3.408337950379E+03));
#7261 = DIRECTION('',(0.,1.,0.));
#7262 = DIRECTION('',(0.,0.,1.));
#7263 = ADVANCED_FACE('',(#7264),#7270,.T.);
#7264 = FACE_BOUND('',#7265,.F.);
#7265 = EDGE_LOOP('',(#7266,#7267,#7268,#7269));
#7266 = ORIENTED_EDGE('',*,*,#7141,.T.);
#7267 = ORIENTED_EDGE('',*,*,#7172,.T.);
#7268 = ORIENTED_EDGE('',*,*,#7203,.T.);
#7269 = ORIENTED_EDGE('',*,*,#7234,.T.);
#7270 = PLANE('',#7271);
#7271 = AXIS2_PLACEMENT_3D('',#7272,#7273,#7274);
#7272 = CARTESIAN_POINT('',(-257.7041666666,25.4,3.408337950379E+03));
#7273 = DIRECTION('',(0.,1.,0.));
#7274 = DIRECTION('',(0.,0.,1.));
#7275 = MANIFOLD_SOLID_BREP('',#7276);
#7276 = CLOSED_SHELL('',(#7277,#7317,#7348,#7379,#7401,#7413));
#7277 = ADVANCED_FACE('',(#7278),#7312,.T.);
#7278 = FACE_BOUND('',#7279,.T.);
#7279 = EDGE_LOOP('',(#7280,#7290,#7298,#7306));
#7280 = ORIENTED_EDGE('',*,*,#7281,.T.);
#7281 = EDGE_CURVE('',#7282,#7284,#7286,.T.);
#7282 = VERTEX_POINT('',#7283);
#7283 = CARTESIAN_POINT('',(288.96761649532,-25.4,3.914569739102E+03));
#7284 = VERTEX_POINT('',#7285);
#7285 = CARTESIAN_POINT('',(288.96761649532,25.4,3.914569739102E+03));
#7286 = LINE('',#7287,#7288);
#7287 = CARTESIAN_POINT('',(288.96761649532,-25.4,3.914569739102E+03));
#7288 = VECTOR('',#7289,1.);
#7289 = DIRECTION('',(0.,1.,0.));
#7290 = ORIENTED_EDGE('',*,*,#7291,.T.);
#7291 = EDGE_CURVE('',#7284,#7292,#7294,.T.);
#7292 = VERTEX_POINT('',#7293);
#7293 = CARTESIAN_POINT('',(255.015716838,25.4,3.876782062412E+03));
#7294 = LINE('',#7295,#7296);
#7295 = CARTESIAN_POINT('',(288.96761649532,25.4,3.914569739102E+03));
#7296 = VECTOR('',#7297,1.);
#7297 = DIRECTION('',(-0.668344481443,0.,-0.743851903355));
#7298 = ORIENTED_EDGE('',*,*,#7299,.F.);
#7299 = EDGE_CURVE('',#7300,#7292,#7302,.T.);
#7300 = VERTEX_POINT('',#7301);
#7301 = CARTESIAN_POINT('',(255.015716838,-25.4,3.876782062412E+03));
#7302 = LINE('',#7303,#7304);
#7303 = CARTESIAN_POINT('',(255.015716838,-25.4,3.876782062412E+03));
#7304 = VECTOR('',#7305,1.);
#7305 = DIRECTION('',(0.,1.,0.));
#7306 = ORIENTED_EDGE('',*,*,#7307,.F.);
#7307 = EDGE_CURVE('',#7282,#7300,#7308,.T.);
#7308 = LINE('',#7309,#7310);
#7309 = CARTESIAN_POINT('',(288.96761649532,-25.4,3.914569739102E+03));
#7310 = VECTOR('',#7311,1.);
#7311 = DIRECTION('',(-0.668344481443,0.,-0.743851903355));
#7312 = PLANE('',#7313);
#7313 = AXIS2_PLACEMENT_3D('',#7314,#7315,#7316);
#7314 = CARTESIAN_POINT('',(288.96761649532,-25.4,3.914569739102E+03));
#7315 = DIRECTION('',(-0.743851903355,0.,0.668344481443));
#7316 = DIRECTION('',(-0.668344481443,0.,-0.743851903355));
#7317 = ADVANCED_FACE('',(#7318),#7343,.T.);
#7318 = FACE_BOUND('',#7319,.T.);
#7319 = EDGE_LOOP('',(#7320,#7321,#7329,#7337));
#7320 = ORIENTED_EDGE('',*,*,#7299,.T.);
#7321 = ORIENTED_EDGE('',*,*,#7322,.T.);
#7322 = EDGE_CURVE('',#7292,#7323,#7325,.T.);
#7323 = VERTEX_POINT('',#7324);
#7324 = CARTESIAN_POINT('',(1.339807383505E+03,25.4,2.902106161655E+03)
  );
#7325 = LINE('',#7326,#7327);
#7326 = CARTESIAN_POINT('',(255.015716838,25.4,3.876782062412E+03));
#7327 = VECTOR('',#7328,1.);
#7328 = DIRECTION('',(0.743851903355,0.,-0.668344481443));
#7329 = ORIENTED_EDGE('',*,*,#7330,.F.);
#7330 = EDGE_CURVE('',#7331,#7323,#7333,.T.);
#7331 = VERTEX_POINT('',#7332);
#7332 = CARTESIAN_POINT('',(1.339807383505E+03,-25.4,2.902106161655E+03)
  );
#7333 = LINE('',#7334,#7335);
#7334 = CARTESIAN_POINT('',(1.339807383505E+03,-25.4,2.902106161655E+03)
  );
#7335 = VECTOR('',#7336,1.);
#7336 = DIRECTION('',(0.,1.,0.));
#7337 = ORIENTED_EDGE('',*,*,#7338,.F.);
#7338 = EDGE_CURVE('',#7300,#7331,#7339,.T.);
#7339 = LINE('',#7340,#7341);
#7340 = CARTESIAN_POINT('',(255.015716838,-25.4,3.876782062412E+03));
#7341 = VECTOR('',#7342,1.);
#7342 = DIRECTION('',(0.743851903355,0.,-0.668344481443));
#7343 = PLANE('',#7344);
#7344 = AXIS2_PLACEMENT_3D('',#7345,#7346,#7347);
#7345 = CARTESIAN_POINT('',(255.015716838,-25.4,3.876782062412E+03));
#7346 = DIRECTION('',(-0.668344481443,0.,-0.743851903355));
#7347 = DIRECTION('',(0.743851903355,-2.2E-16,-0.668344481443));
#7348 = ADVANCED_FACE('',(#7349),#7374,.T.);
#7349 = FACE_BOUND('',#7350,.T.);
#7350 = EDGE_LOOP('',(#7351,#7352,#7360,#7368));
#7351 = ORIENTED_EDGE('',*,*,#7330,.T.);
#7352 = ORIENTED_EDGE('',*,*,#7353,.T.);
#7353 = EDGE_CURVE('',#7323,#7354,#7356,.T.);
#7354 = VERTEX_POINT('',#7355);
#7355 = CARTESIAN_POINT('',(1.373759283162E+03,25.4,2.939893838345E+03)
  );
#7356 = LINE('',#7357,#7358);
#7357 = CARTESIAN_POINT('',(1.339807383505E+03,25.4,2.902106161655E+03)
  );
#7358 = VECTOR('',#7359,1.);
#7359 = DIRECTION('',(0.668344481443,-0.,0.743851903355));
#7360 = ORIENTED_EDGE('',*,*,#7361,.F.);
#7361 = EDGE_CURVE('',#7362,#7354,#7364,.T.);
#7362 = VERTEX_POINT('',#7363);
#7363 = CARTESIAN_POINT('',(1.373759283162E+03,-25.4,2.939893838345E+03)
  );
#7364 = LINE('',#7365,#7366);
#7365 = CARTESIAN_POINT('',(1.373759283162E+03,-25.4,2.939893838345E+03)
  );
#7366 = VECTOR('',#7367,1.);
#7367 = DIRECTION('',(0.,1.,0.));
#7368 = ORIENTED_EDGE('',*,*,#7369,.F.);
#7369 = EDGE_CURVE('',#7331,#7362,#7370,.T.);
#7370 = LINE('',#7371,#7372);
#7371 = CARTESIAN_POINT('',(1.339807383505E+03,-25.4,2.902106161655E+03)
  );
#7372 = VECTOR('',#7373,1.);
#7373 = DIRECTION('',(0.668344481443,-0.,0.743851903355));
#7374 = PLANE('',#7375);
#7375 = AXIS2_PLACEMENT_3D('',#7376,#7377,#7378);
#7376 = CARTESIAN_POINT('',(1.339807383505E+03,-25.4,2.902106161655E+03)
  );
#7377 = DIRECTION('',(0.743851903355,0.,-0.668344481443));
#7378 = DIRECTION('',(0.668344481443,0.,0.743851903355));
#7379 = ADVANCED_FACE('',(#7380),#7396,.T.);
#7380 = FACE_BOUND('',#7381,.T.);
#7381 = EDGE_LOOP('',(#7382,#7383,#7389,#7390));
#7382 = ORIENTED_EDGE('',*,*,#7361,.T.);
#7383 = ORIENTED_EDGE('',*,*,#7384,.T.);
#7384 = EDGE_CURVE('',#7354,#7284,#7385,.T.);
#7385 = LINE('',#7386,#7387);
#7386 = CARTESIAN_POINT('',(1.373759283162E+03,25.4,2.939893838345E+03)
  );
#7387 = VECTOR('',#7388,1.);
#7388 = DIRECTION('',(-0.743851903355,0.,0.668344481443));
#7389 = ORIENTED_EDGE('',*,*,#7281,.F.);
#7390 = ORIENTED_EDGE('',*,*,#7391,.F.);
#7391 = EDGE_CURVE('',#7362,#7282,#7392,.T.);
#7392 = LINE('',#7393,#7394);
#7393 = CARTESIAN_POINT('',(1.373759283162E+03,-25.4,2.939893838345E+03)
  );
#7394 = VECTOR('',#7395,1.);
#7395 = DIRECTION('',(-0.743851903355,0.,0.668344481443));
#7396 = PLANE('',#7397);
#7397 = AXIS2_PLACEMENT_3D('',#7398,#7399,#7400);
#7398 = CARTESIAN_POINT('',(1.373759283162E+03,-25.4,2.939893838345E+03)
  );
#7399 = DIRECTION('',(0.668344481443,0.,0.743851903355));
#7400 = DIRECTION('',(-0.743851903355,2.2E-16,0.668344481443));
#7401 = ADVANCED_FACE('',(#7402),#7408,.F.);
#7402 = FACE_BOUND('',#7403,.T.);
#7403 = EDGE_LOOP('',(#7404,#7405,#7406,#7407));
#7404 = ORIENTED_EDGE('',*,*,#7307,.T.);
#7405 = ORIENTED_EDGE('',*,*,#7338,.T.);
#7406 = ORIENTED_EDGE('',*,*,#7369,.T.);
#7407 = ORIENTED_EDGE('',*,*,#7391,.T.);
#7408 = PLANE('',#7409);
#7409 = AXIS2_PLACEMENT_3D('',#7410,#7411,#7412);
#7410 = CARTESIAN_POINT('',(814.3875,-25.4,3.408337950379E+03));
#7411 = DIRECTION('',(0.,1.,0.));
#7412 = DIRECTION('',(0.,0.,1.));
#7413 = ADVANCED_FACE('',(#7414),#7420,.T.);
#7414 = FACE_BOUND('',#7415,.F.);
#7415 = EDGE_LOOP('',(#7416,#7417,#7418,#7419));
#7416 = ORIENTED_EDGE('',*,*,#7291,.T.);
#7417 = ORIENTED_EDGE('',*,*,#7322,.T.);
#7418 = ORIENTED_EDGE('',*,*,#7353,.T.);
#7419 = ORIENTED_EDGE('',*,*,#7384,.T.);
#7420 = PLANE('',#7421);
#7421 = AXIS2_PLACEMENT_3D('',#7422,#7423,#7424);
#7422 = CARTESIAN_POINT('',(814.3875,25.4,3.408337950379E+03));
#7423 = DIRECTION('',(0.,1.,0.));
#7424 = DIRECTION('',(0.,0.,1.));
#7425 = MANIFOLD_SOLID_BREP('',#7426);
#7426 = CLOSED_SHELL('',(#7427,#7467,#7498,#7529,#7551,#7563));
#7427 = ADVANCED_FACE('',(#7428),#7462,.T.);
#7428 = FACE_BOUND('',#7429,.T.);
#7429 = EDGE_LOOP('',(#7430,#7440,#7448,#7456));
#7430 = ORIENTED_EDGE('',*,*,#7431,.T.);
#7431 = EDGE_CURVE('',#7432,#7434,#7436,.T.);
#7432 = VERTEX_POINT('',#7433);
#7433 = CARTESIAN_POINT('',(1.339807383505E+03,-25.4,2.939893838345E+03)
  );
#7434 = VERTEX_POINT('',#7435);
#7435 = CARTESIAN_POINT('',(1.339807383505E+03,25.4,2.939893838345E+03)
  );
#7436 = LINE('',#7437,#7438);
#7437 = CARTESIAN_POINT('',(1.339807383505E+03,-25.4,2.939893838345E+03)
  );
#7438 = VECTOR('',#7439,1.);
#7439 = DIRECTION('',(0.,1.,0.));
#7440 = ORIENTED_EDGE('',*,*,#7441,.T.);
#7441 = EDGE_CURVE('',#7434,#7442,#7444,.T.);
#7442 = VERTEX_POINT('',#7443);
#7443 = CARTESIAN_POINT('',(1.373759283162E+03,25.4,2.902106161655E+03)
  );
#7444 = LINE('',#7445,#7446);
#7445 = CARTESIAN_POINT('',(1.339807383505E+03,25.4,2.939893838345E+03)
  );
#7446 = VECTOR('',#7447,1.);
#7447 = DIRECTION('',(0.668344481443,0.,-0.743851903355));
#7448 = ORIENTED_EDGE('',*,*,#7449,.F.);
#7449 = EDGE_CURVE('',#7450,#7442,#7452,.T.);
#7450 = VERTEX_POINT('',#7451);
#7451 = CARTESIAN_POINT('',(1.373759283162E+03,-25.4,2.902106161655E+03)
  );
#7452 = LINE('',#7453,#7454);
#7453 = CARTESIAN_POINT('',(1.373759283162E+03,-25.4,2.902106161655E+03)
  );
#7454 = VECTOR('',#7455,1.);
#7455 = DIRECTION('',(0.,1.,0.));
#7456 = ORIENTED_EDGE('',*,*,#7457,.F.);
#7457 = EDGE_CURVE('',#7432,#7450,#7458,.T.);
#7458 = LINE('',#7459,#7460);
#7459 = CARTESIAN_POINT('',(1.339807383505E+03,-25.4,2.939893838345E+03)
  );
#7460 = VECTOR('',#7461,1.);
#7461 = DIRECTION('',(0.668344481443,0.,-0.743851903355));
#7462 = PLANE('',#7463);
#7463 = AXIS2_PLACEMENT_3D('',#7464,#7465,#7466);
#7464 = CARTESIAN_POINT('',(1.339807383505E+03,-25.4,2.939893838345E+03)
  );
#7465 = DIRECTION('',(-0.743851903355,0.,-0.668344481443));
#7466 = DIRECTION('',(0.668344481443,6.E-17,-0.743851903355));
#7467 = ADVANCED_FACE('',(#7468),#7493,.T.);
#7468 = FACE_BOUND('',#7469,.T.);
#7469 = EDGE_LOOP('',(#7470,#7471,#7479,#7487));
#7470 = ORIENTED_EDGE('',*,*,#7449,.T.);
#7471 = ORIENTED_EDGE('',*,*,#7472,.T.);
#7472 = EDGE_CURVE('',#7442,#7473,#7475,.T.);
#7473 = VERTEX_POINT('',#7474);
#7474 = CARTESIAN_POINT('',(2.458550949829E+03,25.4,3.876782062412E+03)
  );
#7475 = LINE('',#7476,#7477);
#7476 = CARTESIAN_POINT('',(1.373759283162E+03,25.4,2.902106161655E+03)
  );
#7477 = VECTOR('',#7478,1.);
#7478 = DIRECTION('',(0.743851903355,0.,0.668344481443));
#7479 = ORIENTED_EDGE('',*,*,#7480,.F.);
#7480 = EDGE_CURVE('',#7481,#7473,#7483,.T.);
#7481 = VERTEX_POINT('',#7482);
#7482 = CARTESIAN_POINT('',(2.458550949829E+03,-25.4,3.876782062412E+03)
  );
#7483 = LINE('',#7484,#7485);
#7484 = CARTESIAN_POINT('',(2.458550949829E+03,-25.4,3.876782062412E+03)
  );
#7485 = VECTOR('',#7486,1.);
#7486 = DIRECTION('',(0.,1.,0.));
#7487 = ORIENTED_EDGE('',*,*,#7488,.F.);
#7488 = EDGE_CURVE('',#7450,#7481,#7489,.T.);
#7489 = LINE('',#7490,#7491);
#7490 = CARTESIAN_POINT('',(1.373759283162E+03,-25.4,2.902106161655E+03)
  );
#7491 = VECTOR('',#7492,1.);
#7492 = DIRECTION('',(0.743851903355,0.,0.668344481443));
#7493 = PLANE('',#7494);
#7494 = AXIS2_PLACEMENT_3D('',#7495,#7496,#7497);
#7495 = CARTESIAN_POINT('',(1.373759283162E+03,-25.4,2.902106161655E+03)
  );
#7496 = DIRECTION('',(0.668344481443,0.,-0.743851903355));
#7497 = DIRECTION('',(0.743851903355,2.2E-16,0.668344481443));
#7498 = ADVANCED_FACE('',(#7499),#7524,.T.);
#7499 = FACE_BOUND('',#7500,.T.);
#7500 = EDGE_LOOP('',(#7501,#7502,#7510,#7518));
#7501 = ORIENTED_EDGE('',*,*,#7480,.T.);
#7502 = ORIENTED_EDGE('',*,*,#7503,.T.);
#7503 = EDGE_CURVE('',#7473,#7504,#7506,.T.);
#7504 = VERTEX_POINT('',#7505);
#7505 = CARTESIAN_POINT('',(2.424599050171E+03,25.4,3.914569739102E+03)
  );
#7506 = LINE('',#7507,#7508);
#7507 = CARTESIAN_POINT('',(2.458550949829E+03,25.4,3.876782062412E+03)
  );
#7508 = VECTOR('',#7509,1.);
#7509 = DIRECTION('',(-0.668344481443,0.,0.743851903355));
#7510 = ORIENTED_EDGE('',*,*,#7511,.F.);
#7511 = EDGE_CURVE('',#7512,#7504,#7514,.T.);
#7512 = VERTEX_POINT('',#7513);
#7513 = CARTESIAN_POINT('',(2.424599050171E+03,-25.4,3.914569739102E+03)
  );
#7514 = LINE('',#7515,#7516);
#7515 = CARTESIAN_POINT('',(2.424599050171E+03,-25.4,3.914569739102E+03)
  );
#7516 = VECTOR('',#7517,1.);
#7517 = DIRECTION('',(0.,1.,0.));
#7518 = ORIENTED_EDGE('',*,*,#7519,.F.);
#7519 = EDGE_CURVE('',#7481,#7512,#7520,.T.);
#7520 = LINE('',#7521,#7522);
#7521 = CARTESIAN_POINT('',(2.458550949829E+03,-25.4,3.876782062412E+03)
  );
#7522 = VECTOR('',#7523,1.);
#7523 = DIRECTION('',(-0.668344481443,0.,0.743851903355));
#7524 = PLANE('',#7525);
#7525 = AXIS2_PLACEMENT_3D('',#7526,#7527,#7528);
#7526 = CARTESIAN_POINT('',(2.458550949829E+03,-25.4,3.876782062412E+03)
  );
#7527 = DIRECTION('',(0.743851903355,0.,0.668344481443));
#7528 = DIRECTION('',(-0.668344481443,-6.E-17,0.743851903355));
#7529 = ADVANCED_FACE('',(#7530),#7546,.T.);
#7530 = FACE_BOUND('',#7531,.T.);
#7531 = EDGE_LOOP('',(#7532,#7533,#7539,#7540));
#7532 = ORIENTED_EDGE('',*,*,#7511,.T.);
#7533 = ORIENTED_EDGE('',*,*,#7534,.T.);
#7534 = EDGE_CURVE('',#7504,#7434,#7535,.T.);
#7535 = LINE('',#7536,#7537);
#7536 = CARTESIAN_POINT('',(2.424599050171E+03,25.4,3.914569739102E+03)
  );
#7537 = VECTOR('',#7538,1.);
#7538 = DIRECTION('',(-0.743851903355,0.,-0.668344481443));
#7539 = ORIENTED_EDGE('',*,*,#7431,.F.);
#7540 = ORIENTED_EDGE('',*,*,#7541,.F.);
#7541 = EDGE_CURVE('',#7512,#7432,#7542,.T.);
#7542 = LINE('',#7543,#7544);
#7543 = CARTESIAN_POINT('',(2.424599050171E+03,-25.4,3.914569739102E+03)
  );
#7544 = VECTOR('',#7545,1.);
#7545 = DIRECTION('',(-0.743851903355,0.,-0.668344481443));
#7546 = PLANE('',#7547);
#7547 = AXIS2_PLACEMENT_3D('',#7548,#7549,#7550);
#7548 = CARTESIAN_POINT('',(2.424599050171E+03,-25.4,3.914569739102E+03)
  );
#7549 = DIRECTION('',(-0.668344481443,0.,0.743851903355));
#7550 = DIRECTION('',(-0.743851903355,-2.2E-16,-0.668344481443));
#7551 = ADVANCED_FACE('',(#7552),#7558,.F.);
#7552 = FACE_BOUND('',#7553,.T.);
#7553 = EDGE_LOOP('',(#7554,#7555,#7556,#7557));
#7554 = ORIENTED_EDGE('',*,*,#7457,.T.);
#7555 = ORIENTED_EDGE('',*,*,#7488,.T.);
#7556 = ORIENTED_EDGE('',*,*,#7519,.T.);
#7557 = ORIENTED_EDGE('',*,*,#7541,.T.);
#7558 = PLANE('',#7559);
#7559 = AXIS2_PLACEMENT_3D('',#7560,#7561,#7562);
#7560 = CARTESIAN_POINT('',(1.899179166667E+03,-25.4,3.408337950379E+03)
  );
#7561 = DIRECTION('',(0.,1.,0.));
#7562 = DIRECTION('',(0.,0.,1.));
#7563 = ADVANCED_FACE('',(#7564),#7570,.T.);
#7564 = FACE_BOUND('',#7565,.F.);
#7565 = EDGE_LOOP('',(#7566,#7567,#7568,#7569));
#7566 = ORIENTED_EDGE('',*,*,#7441,.T.);
#7567 = ORIENTED_EDGE('',*,*,#7472,.T.);
#7568 = ORIENTED_EDGE('',*,*,#7503,.T.);
#7569 = ORIENTED_EDGE('',*,*,#7534,.T.);
#7570 = PLANE('',#7571);
#7571 = AXIS2_PLACEMENT_3D('',#7572,#7573,#7574);
#7572 = CARTESIAN_POINT('',(1.899179166667E+03,25.4,3.408337950379E+03)
  );
#7573 = DIRECTION('',(0.,1.,0.));
#7574 = DIRECTION('',(0.,0.,1.));
#7575 = MANIFOLD_SOLID_BREP('',#7576);
#7576 = CLOSED_SHELL('',(#7577,#7617,#7648,#7679,#7701,#7713));
#7577 = ADVANCED_FACE('',(#7578),#7612,.T.);
#7578 = FACE_BOUND('',#7579,.T.);
#7579 = EDGE_LOOP('',(#7580,#7590,#7598,#7606));
#7580 = ORIENTED_EDGE('',*,*,#7581,.T.);
#7581 = EDGE_CURVE('',#7582,#7584,#7586,.T.);
#7582 = VERTEX_POINT('',#7583);
#7583 = CARTESIAN_POINT('',(2.458550949829E+03,-25.4,3.914569739102E+03)
  );
#7584 = VERTEX_POINT('',#7585);
#7585 = CARTESIAN_POINT('',(2.458550949829E+03,25.4,3.914569739102E+03)
  );
#7586 = LINE('',#7587,#7588);
#7587 = CARTESIAN_POINT('',(2.458550949829E+03,-25.4,3.914569739102E+03)
  );
#7588 = VECTOR('',#7589,1.);
#7589 = DIRECTION('',(0.,1.,0.));
#7590 = ORIENTED_EDGE('',*,*,#7591,.T.);
#7591 = EDGE_CURVE('',#7584,#7592,#7594,.T.);
#7592 = VERTEX_POINT('',#7593);
#7593 = CARTESIAN_POINT('',(2.424599050171E+03,25.4,3.876782062412E+03)
  );
#7594 = LINE('',#7595,#7596);
#7595 = CARTESIAN_POINT('',(2.458550949829E+03,25.4,3.914569739102E+03)
  );
#7596 = VECTOR('',#7597,1.);
#7597 = DIRECTION('',(-0.668344481443,0.,-0.743851903355));
#7598 = ORIENTED_EDGE('',*,*,#7599,.F.);
#7599 = EDGE_CURVE('',#7600,#7592,#7602,.T.);
#7600 = VERTEX_POINT('',#7601);
#7601 = CARTESIAN_POINT('',(2.424599050171E+03,-25.4,3.876782062412E+03)
  );
#7602 = LINE('',#7603,#7604);
#7603 = CARTESIAN_POINT('',(2.424599050171E+03,-25.4,3.876782062412E+03)
  );
#7604 = VECTOR('',#7605,1.);
#7605 = DIRECTION('',(0.,1.,0.));
#7606 = ORIENTED_EDGE('',*,*,#7607,.F.);
#7607 = EDGE_CURVE('',#7582,#7600,#7608,.T.);
#7608 = LINE('',#7609,#7610);
#7609 = CARTESIAN_POINT('',(2.458550949829E+03,-25.4,3.914569739102E+03)
  );
#7610 = VECTOR('',#7611,1.);
#7611 = DIRECTION('',(-0.668344481443,0.,-0.743851903355));
#7612 = PLANE('',#7613);
#7613 = AXIS2_PLACEMENT_3D('',#7614,#7615,#7616);
#7614 = CARTESIAN_POINT('',(2.458550949829E+03,-25.4,3.914569739102E+03)
  );
#7615 = DIRECTION('',(-0.743851903355,0.,0.668344481443));
#7616 = DIRECTION('',(-0.668344481443,0.,-0.743851903355));
#7617 = ADVANCED_FACE('',(#7618),#7643,.T.);
#7618 = FACE_BOUND('',#7619,.T.);
#7619 = EDGE_LOOP('',(#7620,#7621,#7629,#7637));
#7620 = ORIENTED_EDGE('',*,*,#7599,.T.);
#7621 = ORIENTED_EDGE('',*,*,#7622,.T.);
#7622 = EDGE_CURVE('',#7592,#7623,#7625,.T.);
#7623 = VERTEX_POINT('',#7624);
#7624 = CARTESIAN_POINT('',(3.509390716838E+03,25.4,2.902106161655E+03)
  );
#7625 = LINE('',#7626,#7627);
#7626 = CARTESIAN_POINT('',(2.424599050171E+03,25.4,3.876782062412E+03)
  );
#7627 = VECTOR('',#7628,1.);
#7628 = DIRECTION('',(0.743851903355,0.,-0.668344481443));
#7629 = ORIENTED_EDGE('',*,*,#7630,.F.);
#7630 = EDGE_CURVE('',#7631,#7623,#7633,.T.);
#7631 = VERTEX_POINT('',#7632);
#7632 = CARTESIAN_POINT('',(3.509390716838E+03,-25.4,2.902106161655E+03)
  );
#7633 = LINE('',#7634,#7635);
#7634 = CARTESIAN_POINT('',(3.509390716838E+03,-25.4,2.902106161655E+03)
  );
#7635 = VECTOR('',#7636,1.);
#7636 = DIRECTION('',(0.,1.,0.));
#7637 = ORIENTED_EDGE('',*,*,#7638,.F.);
#7638 = EDGE_CURVE('',#7600,#7631,#7639,.T.);
#7639 = LINE('',#7640,#7641);
#7640 = CARTESIAN_POINT('',(2.424599050171E+03,-25.4,3.876782062412E+03)
  );
#7641 = VECTOR('',#7642,1.);
#7642 = DIRECTION('',(0.743851903355,0.,-0.668344481443));
#7643 = PLANE('',#7644);
#7644 = AXIS2_PLACEMENT_3D('',#7645,#7646,#7647);
#7645 = CARTESIAN_POINT('',(2.424599050171E+03,-25.4,3.876782062412E+03)
  );
#7646 = DIRECTION('',(-0.668344481443,0.,-0.743851903355));
#7647 = DIRECTION('',(0.743851903355,0.,-0.668344481443));
#7648 = ADVANCED_FACE('',(#7649),#7674,.T.);
#7649 = FACE_BOUND('',#7650,.T.);
#7650 = EDGE_LOOP('',(#7651,#7652,#7660,#7668));
#7651 = ORIENTED_EDGE('',*,*,#7630,.T.);
#7652 = ORIENTED_EDGE('',*,*,#7653,.T.);
#7653 = EDGE_CURVE('',#7623,#7654,#7656,.T.);
#7654 = VERTEX_POINT('',#7655);
#7655 = CARTESIAN_POINT('',(3.543342616495E+03,25.4,2.939893838345E+03)
  );
#7656 = LINE('',#7657,#7658);
#7657 = CARTESIAN_POINT('',(3.509390716838E+03,25.4,2.902106161655E+03)
  );
#7658 = VECTOR('',#7659,1.);
#7659 = DIRECTION('',(0.668344481443,0.,0.743851903355));
#7660 = ORIENTED_EDGE('',*,*,#7661,.F.);
#7661 = EDGE_CURVE('',#7662,#7654,#7664,.T.);
#7662 = VERTEX_POINT('',#7663);
#7663 = CARTESIAN_POINT('',(3.543342616495E+03,-25.4,2.939893838345E+03)
  );
#7664 = LINE('',#7665,#7666);
#7665 = CARTESIAN_POINT('',(3.543342616495E+03,-25.4,2.939893838345E+03)
  );
#7666 = VECTOR('',#7667,1.);
#7667 = DIRECTION('',(0.,1.,0.));
#7668 = ORIENTED_EDGE('',*,*,#7669,.F.);
#7669 = EDGE_CURVE('',#7631,#7662,#7670,.T.);
#7670 = LINE('',#7671,#7672);
#7671 = CARTESIAN_POINT('',(3.509390716838E+03,-25.4,2.902106161655E+03)
  );
#7672 = VECTOR('',#7673,1.);
#7673 = DIRECTION('',(0.668344481443,0.,0.743851903355));
#7674 = PLANE('',#7675);
#7675 = AXIS2_PLACEMENT_3D('',#7676,#7677,#7678);
#7676 = CARTESIAN_POINT('',(3.509390716838E+03,-25.4,2.902106161655E+03)
  );
#7677 = DIRECTION('',(0.743851903355,0.,-0.668344481443));
#7678 = DIRECTION('',(0.668344481443,0.,0.743851903355));
#7679 = ADVANCED_FACE('',(#7680),#7696,.T.);
#7680 = FACE_BOUND('',#7681,.T.);
#7681 = EDGE_LOOP('',(#7682,#7683,#7689,#7690));
#7682 = ORIENTED_EDGE('',*,*,#7661,.T.);
#7683 = ORIENTED_EDGE('',*,*,#7684,.T.);
#7684 = EDGE_CURVE('',#7654,#7584,#7685,.T.);
#7685 = LINE('',#7686,#7687);
#7686 = CARTESIAN_POINT('',(3.543342616495E+03,25.4,2.939893838345E+03)
  );
#7687 = VECTOR('',#7688,1.);
#7688 = DIRECTION('',(-0.743851903355,-0.,0.668344481443));
#7689 = ORIENTED_EDGE('',*,*,#7581,.F.);
#7690 = ORIENTED_EDGE('',*,*,#7691,.F.);
#7691 = EDGE_CURVE('',#7662,#7582,#7692,.T.);
#7692 = LINE('',#7693,#7694);
#7693 = CARTESIAN_POINT('',(3.543342616495E+03,-25.4,2.939893838345E+03)
  );
#7694 = VECTOR('',#7695,1.);
#7695 = DIRECTION('',(-0.743851903355,-0.,0.668344481443));
#7696 = PLANE('',#7697);
#7697 = AXIS2_PLACEMENT_3D('',#7698,#7699,#7700);
#7698 = CARTESIAN_POINT('',(3.543342616495E+03,-25.4,2.939893838345E+03)
  );
#7699 = DIRECTION('',(0.668344481443,0.,0.743851903355));
#7700 = DIRECTION('',(-0.743851903355,0.,0.668344481443));
#7701 = ADVANCED_FACE('',(#7702),#7708,.F.);
#7702 = FACE_BOUND('',#7703,.T.);
#7703 = EDGE_LOOP('',(#7704,#7705,#7706,#7707));
#7704 = ORIENTED_EDGE('',*,*,#7607,.T.);
#7705 = ORIENTED_EDGE('',*,*,#7638,.T.);
#7706 = ORIENTED_EDGE('',*,*,#7669,.T.);
#7707 = ORIENTED_EDGE('',*,*,#7691,.T.);
#7708 = PLANE('',#7709);
#7709 = AXIS2_PLACEMENT_3D('',#7710,#7711,#7712);
#7710 = CARTESIAN_POINT('',(2.983970833333E+03,-25.4,3.408337950379E+03)
  );
#7711 = DIRECTION('',(0.,1.,0.));
#7712 = DIRECTION('',(0.,0.,1.));
#7713 = ADVANCED_FACE('',(#7714),#7720,.T.);
#7714 = FACE_BOUND('',#7715,.F.);
#7715 = EDGE_LOOP('',(#7716,#7717,#7718,#7719));
#7716 = ORIENTED_EDGE('',*,*,#7591,.T.);
#7717 = ORIENTED_EDGE('',*,*,#7622,.T.);
#7718 = ORIENTED_EDGE('',*,*,#7653,.T.);
#7719 = ORIENTED_EDGE('',*,*,#7684,.T.);
#7720 = PLANE('',#7721);
#7721 = AXIS2_PLACEMENT_3D('',#7722,#7723,#7724);
#7722 = CARTESIAN_POINT('',(2.983970833333E+03,25.4,3.408337950379E+03)
  );
#7723 = DIRECTION('',(0.,1.,0.));
#7724 = DIRECTION('',(0.,0.,1.));
#7725 = MANIFOLD_SOLID_BREP('',#7726);
#7726 = CLOSED_SHELL('',(#7727,#7767,#7798,#7829,#7851,#7863));
#7727 = ADVANCED_FACE('',(#7728),#7762,.T.);
#7728 = FACE_BOUND('',#7729,.T.);
#7729 = EDGE_LOOP('',(#7730,#7740,#7748,#7756));
#7730 = ORIENTED_EDGE('',*,*,#7731,.T.);
#7731 = EDGE_CURVE('',#7732,#7734,#7736,.T.);
#7732 = VERTEX_POINT('',#7733);
#7733 = CARTESIAN_POINT('',(3.509390716838E+03,-25.4,2.939893838345E+03)
  );
#7734 = VERTEX_POINT('',#7735);
#7735 = CARTESIAN_POINT('',(3.509390716838E+03,25.4,2.939893838345E+03)
  );
#7736 = LINE('',#7737,#7738);
#7737 = CARTESIAN_POINT('',(3.509390716838E+03,-25.4,2.939893838345E+03)
  );
#7738 = VECTOR('',#7739,1.);
#7739 = DIRECTION('',(0.,1.,0.));
#7740 = ORIENTED_EDGE('',*,*,#7741,.T.);
#7741 = EDGE_CURVE('',#7734,#7742,#7744,.T.);
#7742 = VERTEX_POINT('',#7743);
#7743 = CARTESIAN_POINT('',(3.543342616495E+03,25.4,2.902106161655E+03)
  );
#7744 = LINE('',#7745,#7746);
#7745 = CARTESIAN_POINT('',(3.509390716838E+03,25.4,2.939893838345E+03)
  );
#7746 = VECTOR('',#7747,1.);
#7747 = DIRECTION('',(0.668344481443,0.,-0.743851903355));
#7748 = ORIENTED_EDGE('',*,*,#7749,.F.);
#7749 = EDGE_CURVE('',#7750,#7742,#7752,.T.);
#7750 = VERTEX_POINT('',#7751);
#7751 = CARTESIAN_POINT('',(3.543342616495E+03,-25.4,2.902106161655E+03)
  );
#7752 = LINE('',#7753,#7754);
#7753 = CARTESIAN_POINT('',(3.543342616495E+03,-25.4,2.902106161655E+03)
  );
#7754 = VECTOR('',#7755,1.);
#7755 = DIRECTION('',(0.,1.,0.));
#7756 = ORIENTED_EDGE('',*,*,#7757,.F.);
#7757 = EDGE_CURVE('',#7732,#7750,#7758,.T.);
#7758 = LINE('',#7759,#7760);
#7759 = CARTESIAN_POINT('',(3.509390716838E+03,-25.4,2.939893838345E+03)
  );
#7760 = VECTOR('',#7761,1.);
#7761 = DIRECTION('',(0.668344481443,0.,-0.743851903355));
#7762 = PLANE('',#7763);
#7763 = AXIS2_PLACEMENT_3D('',#7764,#7765,#7766);
#7764 = CARTESIAN_POINT('',(3.509390716838E+03,-25.4,2.939893838345E+03)
  );
#7765 = DIRECTION('',(-0.743851903355,0.,-0.668344481443));
#7766 = DIRECTION('',(0.668344481443,0.,-0.743851903355));
#7767 = ADVANCED_FACE('',(#7768),#7793,.T.);
#7768 = FACE_BOUND('',#7769,.T.);
#7769 = EDGE_LOOP('',(#7770,#7771,#7779,#7787));
#7770 = ORIENTED_EDGE('',*,*,#7749,.T.);
#7771 = ORIENTED_EDGE('',*,*,#7772,.T.);
#7772 = EDGE_CURVE('',#7742,#7773,#7775,.T.);
#7773 = VERTEX_POINT('',#7774);
#7774 = CARTESIAN_POINT('',(4.628134283162E+03,25.4,3.876782062412E+03)
  );
#7775 = LINE('',#7776,#7777);
#7776 = CARTESIAN_POINT('',(3.543342616495E+03,25.4,2.902106161655E+03)
  );
#7777 = VECTOR('',#7778,1.);
#7778 = DIRECTION('',(0.743851903355,0.,0.668344481443));
#7779 = ORIENTED_EDGE('',*,*,#7780,.F.);
#7780 = EDGE_CURVE('',#7781,#7773,#7783,.T.);
#7781 = VERTEX_POINT('',#7782);
#7782 = CARTESIAN_POINT('',(4.628134283162E+03,-25.4,3.876782062412E+03)
  );
#7783 = LINE('',#7784,#7785);
#7784 = CARTESIAN_POINT('',(4.628134283162E+03,-25.4,3.876782062412E+03)
  );
#7785 = VECTOR('',#7786,1.);
#7786 = DIRECTION('',(0.,1.,0.));
#7787 = ORIENTED_EDGE('',*,*,#7788,.F.);
#7788 = EDGE_CURVE('',#7750,#7781,#7789,.T.);
#7789 = LINE('',#7790,#7791);
#7790 = CARTESIAN_POINT('',(3.543342616495E+03,-25.4,2.902106161655E+03)
  );
#7791 = VECTOR('',#7792,1.);
#7792 = DIRECTION('',(0.743851903355,0.,0.668344481443));
#7793 = PLANE('',#7794);
#7794 = AXIS2_PLACEMENT_3D('',#7795,#7796,#7797);
#7795 = CARTESIAN_POINT('',(3.543342616495E+03,-25.4,2.902106161655E+03)
  );
#7796 = DIRECTION('',(0.668344481443,0.,-0.743851903355));
#7797 = DIRECTION('',(0.743851903355,0.,0.668344481443));
#7798 = ADVANCED_FACE('',(#7799),#7824,.T.);
#7799 = FACE_BOUND('',#7800,.T.);
#7800 = EDGE_LOOP('',(#7801,#7802,#7810,#7818));
#7801 = ORIENTED_EDGE('',*,*,#7780,.T.);
#7802 = ORIENTED_EDGE('',*,*,#7803,.T.);
#7803 = EDGE_CURVE('',#7773,#7804,#7806,.T.);
#7804 = VERTEX_POINT('',#7805);
#7805 = CARTESIAN_POINT('',(4.594182383505E+03,25.4,3.914569739102E+03)
  );
#7806 = LINE('',#7807,#7808);
#7807 = CARTESIAN_POINT('',(4.628134283162E+03,25.4,3.876782062412E+03)
  );
#7808 = VECTOR('',#7809,1.);
#7809 = DIRECTION('',(-0.668344481443,-0.,0.743851903355));
#7810 = ORIENTED_EDGE('',*,*,#7811,.F.);
#7811 = EDGE_CURVE('',#7812,#7804,#7814,.T.);
#7812 = VERTEX_POINT('',#7813);
#7813 = CARTESIAN_POINT('',(4.594182383505E+03,-25.4,3.914569739102E+03)
  );
#7814 = LINE('',#7815,#7816);
#7815 = CARTESIAN_POINT('',(4.594182383505E+03,-25.4,3.914569739102E+03)
  );
#7816 = VECTOR('',#7817,1.);
#7817 = DIRECTION('',(0.,1.,0.));
#7818 = ORIENTED_EDGE('',*,*,#7819,.F.);
#7819 = EDGE_CURVE('',#7781,#7812,#7820,.T.);
#7820 = LINE('',#7821,#7822);
#7821 = CARTESIAN_POINT('',(4.628134283162E+03,-25.4,3.876782062412E+03)
  );
#7822 = VECTOR('',#7823,1.);
#7823 = DIRECTION('',(-0.668344481443,-0.,0.743851903355));
#7824 = PLANE('',#7825);
#7825 = AXIS2_PLACEMENT_3D('',#7826,#7827,#7828);
#7826 = CARTESIAN_POINT('',(4.628134283162E+03,-25.4,3.876782062412E+03)
  );
#7827 = DIRECTION('',(0.743851903355,0.,0.668344481443));
#7828 = DIRECTION('',(-0.668344481443,0.,0.743851903355));
#7829 = ADVANCED_FACE('',(#7830),#7846,.T.);
#7830 = FACE_BOUND('',#7831,.T.);
#7831 = EDGE_LOOP('',(#7832,#7833,#7839,#7840));
#7832 = ORIENTED_EDGE('',*,*,#7811,.T.);
#7833 = ORIENTED_EDGE('',*,*,#7834,.T.);
#7834 = EDGE_CURVE('',#7804,#7734,#7835,.T.);
#7835 = LINE('',#7836,#7837);
#7836 = CARTESIAN_POINT('',(4.594182383505E+03,25.4,3.914569739102E+03)
  );
#7837 = VECTOR('',#7838,1.);
#7838 = DIRECTION('',(-0.743851903355,0.,-0.668344481443));
#7839 = ORIENTED_EDGE('',*,*,#7731,.F.);
#7840 = ORIENTED_EDGE('',*,*,#7841,.F.);
#7841 = EDGE_CURVE('',#7812,#7732,#7842,.T.);
#7842 = LINE('',#7843,#7844);
#7843 = CARTESIAN_POINT('',(4.594182383505E+03,-25.4,3.914569739102E+03)
  );
#7844 = VECTOR('',#7845,1.);
#7845 = DIRECTION('',(-0.743851903355,0.,-0.668344481443));
#7846 = PLANE('',#7847);
#7847 = AXIS2_PLACEMENT_3D('',#7848,#7849,#7850);
#7848 = CARTESIAN_POINT('',(4.594182383505E+03,-25.4,3.914569739102E+03)
  );
#7849 = DIRECTION('',(-0.668344481443,0.,0.743851903355));
#7850 = DIRECTION('',(-0.743851903355,0.,-0.668344481443));
#7851 = ADVANCED_FACE('',(#7852),#7858,.F.);
#7852 = FACE_BOUND('',#7853,.T.);
#7853 = EDGE_LOOP('',(#7854,#7855,#7856,#7857));
#7854 = ORIENTED_EDGE('',*,*,#7757,.T.);
#7855 = ORIENTED_EDGE('',*,*,#7788,.T.);
#7856 = ORIENTED_EDGE('',*,*,#7819,.T.);
#7857 = ORIENTED_EDGE('',*,*,#7841,.T.);
#7858 = PLANE('',#7859);
#7859 = AXIS2_PLACEMENT_3D('',#7860,#7861,#7862);
#7860 = CARTESIAN_POINT('',(4.0687625E+03,-25.4,3.408337950379E+03));
#7861 = DIRECTION('',(0.,1.,0.));
#7862 = DIRECTION('',(0.,0.,1.));
#7863 = ADVANCED_FACE('',(#7864),#7870,.T.);
#7864 = FACE_BOUND('',#7865,.F.);
#7865 = EDGE_LOOP('',(#7866,#7867,#7868,#7869));
#7866 = ORIENTED_EDGE('',*,*,#7741,.T.);
#7867 = ORIENTED_EDGE('',*,*,#7772,.T.);
#7868 = ORIENTED_EDGE('',*,*,#7803,.T.);
#7869 = ORIENTED_EDGE('',*,*,#7834,.T.);
#7870 = PLANE('',#7871);
#7871 = AXIS2_PLACEMENT_3D('',#7872,#7873,#7874);
#7872 = CARTESIAN_POINT('',(4.0687625E+03,25.4,3.408337950379E+03));
#7873 = DIRECTION('',(0.,1.,0.));
#7874 = DIRECTION('',(0.,0.,1.));
#7875 = MANIFOLD_SOLID_BREP('',#7876);
#7876 = CLOSED_SHELL('',(#7877,#7917,#7948,#7979,#8001,#8013));
#7877 = ADVANCED_FACE('',(#7878),#7912,.T.);
#7878 = FACE_BOUND('',#7879,.T.);
#7879 = EDGE_LOOP('',(#7880,#7890,#7898,#7906));
#7880 = ORIENTED_EDGE('',*,*,#7881,.T.);
#7881 = EDGE_CURVE('',#7882,#7884,#7886,.T.);
#7882 = VERTEX_POINT('',#7883);
#7883 = CARTESIAN_POINT('',(4.6283559091E+03,-25.4,3.914368235758E+03));
#7884 = VERTEX_POINT('',#7885);
#7885 = CARTESIAN_POINT('',(4.6283559091E+03,25.4,3.914368235758E+03));
#7886 = LINE('',#7887,#7888);
#7887 = CARTESIAN_POINT('',(4.6283559091E+03,-25.4,3.914368235758E+03));
#7888 = VECTOR('',#7889,1.);
#7889 = DIRECTION('',(0.,1.,0.));
#7890 = ORIENTED_EDGE('',*,*,#7891,.T.);
#7891 = EDGE_CURVE('',#7884,#7892,#7894,.T.);
#7892 = VERTEX_POINT('',#7893);
#7893 = CARTESIAN_POINT('',(4.593960757567E+03,25.4,3.876983565757E+03)
  );
#7894 = LINE('',#7895,#7896);
#7895 = CARTESIAN_POINT('',(4.6283559091E+03,25.4,3.914368235758E+03));
#7896 = VECTOR('',#7897,1.);
#7897 = DIRECTION('',(-0.677069912058,0.,-0.735918700799));
#7898 = ORIENTED_EDGE('',*,*,#7899,.F.);
#7899 = EDGE_CURVE('',#7900,#7892,#7902,.T.);
#7900 = VERTEX_POINT('',#7901);
#7901 = CARTESIAN_POINT('',(4.593960757567E+03,-25.4,3.876983565757E+03)
  );
#7902 = LINE('',#7903,#7904);
#7903 = CARTESIAN_POINT('',(4.593960757567E+03,-25.4,3.876983565757E+03)
  );
#7904 = VECTOR('',#7905,1.);
#7905 = DIRECTION('',(0.,1.,0.));
#7906 = ORIENTED_EDGE('',*,*,#7907,.F.);
#7907 = EDGE_CURVE('',#7882,#7900,#7908,.T.);
#7908 = LINE('',#7909,#7910);
#7909 = CARTESIAN_POINT('',(4.6283559091E+03,-25.4,3.914368235758E+03));
#7910 = VECTOR('',#7911,1.);
#7911 = DIRECTION('',(-0.677069912058,0.,-0.735918700799));
#7912 = PLANE('',#7913);
#7913 = AXIS2_PLACEMENT_3D('',#7914,#7915,#7916);
#7914 = CARTESIAN_POINT('',(4.6283559091E+03,-25.4,3.914368235758E+03));
#7915 = DIRECTION('',(-0.735918700799,0.,0.677069912058));
#7916 = DIRECTION('',(-0.677069912058,0.,-0.735918700799));
#7917 = ADVANCED_FACE('',(#7918),#7943,.T.);
#7918 = FACE_BOUND('',#7919,.T.);
#7919 = EDGE_LOOP('',(#7920,#7921,#7929,#7937));
#7920 = ORIENTED_EDGE('',*,*,#7899,.T.);
#7921 = ORIENTED_EDGE('',*,*,#7922,.T.);
#7922 = EDGE_CURVE('',#7892,#7923,#7925,.T.);
#7923 = VERTEX_POINT('',#7924);
#7924 = CARTESIAN_POINT('',(5.653352424234E+03,25.4,2.902307665E+03));
#7925 = LINE('',#7926,#7927);
#7926 = CARTESIAN_POINT('',(4.593960757567E+03,25.4,3.876983565757E+03)
  );
#7927 = VECTOR('',#7928,1.);
#7928 = DIRECTION('',(0.735918700799,0.,-0.677069912058));
#7929 = ORIENTED_EDGE('',*,*,#7930,.F.);
#7930 = EDGE_CURVE('',#7931,#7923,#7933,.T.);
#7931 = VERTEX_POINT('',#7932);
#7932 = CARTESIAN_POINT('',(5.653352424234E+03,-25.4,2.902307665E+03));
#7933 = LINE('',#7934,#7935);
#7934 = CARTESIAN_POINT('',(5.653352424234E+03,-25.4,2.902307665E+03));
#7935 = VECTOR('',#7936,1.);
#7936 = DIRECTION('',(0.,1.,0.));
#7937 = ORIENTED_EDGE('',*,*,#7938,.F.);
#7938 = EDGE_CURVE('',#7900,#7931,#7939,.T.);
#7939 = LINE('',#7940,#7941);
#7940 = CARTESIAN_POINT('',(4.593960757567E+03,-25.4,3.876983565757E+03)
  );
#7941 = VECTOR('',#7942,1.);
#7942 = DIRECTION('',(0.735918700799,0.,-0.677069912058));
#7943 = PLANE('',#7944);
#7944 = AXIS2_PLACEMENT_3D('',#7945,#7946,#7947);
#7945 = CARTESIAN_POINT('',(4.593960757567E+03,-25.4,3.876983565757E+03)
  );
#7946 = DIRECTION('',(-0.677069912058,0.,-0.735918700799));
#7947 = DIRECTION('',(0.735918700799,0.,-0.677069912058));
#7948 = ADVANCED_FACE('',(#7949),#7974,.T.);
#7949 = FACE_BOUND('',#7950,.T.);
#7950 = EDGE_LOOP('',(#7951,#7952,#7960,#7968));
#7951 = ORIENTED_EDGE('',*,*,#7930,.T.);
#7952 = ORIENTED_EDGE('',*,*,#7953,.T.);
#7953 = EDGE_CURVE('',#7923,#7954,#7956,.T.);
#7954 = VERTEX_POINT('',#7955);
#7955 = CARTESIAN_POINT('',(5.687747575766E+03,25.4,2.939692335E+03));
#7956 = LINE('',#7957,#7958);
#7957 = CARTESIAN_POINT('',(5.653352424234E+03,25.4,2.902307665E+03));
#7958 = VECTOR('',#7959,1.);
#7959 = DIRECTION('',(0.677069912058,0.,0.735918700799));
#7960 = ORIENTED_EDGE('',*,*,#7961,.F.);
#7961 = EDGE_CURVE('',#7962,#7954,#7964,.T.);
#7962 = VERTEX_POINT('',#7963);
#7963 = CARTESIAN_POINT('',(5.687747575766E+03,-25.4,2.939692335E+03));
#7964 = LINE('',#7965,#7966);
#7965 = CARTESIAN_POINT('',(5.687747575766E+03,-25.4,2.939692335E+03));
#7966 = VECTOR('',#7967,1.);
#7967 = DIRECTION('',(0.,1.,0.));
#7968 = ORIENTED_EDGE('',*,*,#7969,.F.);
#7969 = EDGE_CURVE('',#7931,#7962,#7970,.T.);
#7970 = LINE('',#7971,#7972);
#7971 = CARTESIAN_POINT('',(5.653352424234E+03,-25.4,2.902307665E+03));
#7972 = VECTOR('',#7973,1.);
#7973 = DIRECTION('',(0.677069912058,0.,0.735918700799));
#7974 = PLANE('',#7975);
#7975 = AXIS2_PLACEMENT_3D('',#7976,#7977,#7978);
#7976 = CARTESIAN_POINT('',(5.653352424234E+03,-25.4,2.902307665E+03));
#7977 = DIRECTION('',(0.735918700799,0.,-0.677069912058));
#7978 = DIRECTION('',(0.677069912058,0.,0.735918700799));
#7979 = ADVANCED_FACE('',(#7980),#7996,.T.);
#7980 = FACE_BOUND('',#7981,.T.);
#7981 = EDGE_LOOP('',(#7982,#7983,#7989,#7990));
#7982 = ORIENTED_EDGE('',*,*,#7961,.T.);
#7983 = ORIENTED_EDGE('',*,*,#7984,.T.);
#7984 = EDGE_CURVE('',#7954,#7884,#7985,.T.);
#7985 = LINE('',#7986,#7987);
#7986 = CARTESIAN_POINT('',(5.687747575766E+03,25.4,2.939692335E+03));
#7987 = VECTOR('',#7988,1.);
#7988 = DIRECTION('',(-0.735918700799,-0.,0.677069912058));
#7989 = ORIENTED_EDGE('',*,*,#7881,.F.);
#7990 = ORIENTED_EDGE('',*,*,#7991,.F.);
#7991 = EDGE_CURVE('',#7962,#7882,#7992,.T.);
#7992 = LINE('',#7993,#7994);
#7993 = CARTESIAN_POINT('',(5.687747575766E+03,-25.4,2.939692335E+03));
#7994 = VECTOR('',#7995,1.);
#7995 = DIRECTION('',(-0.735918700799,-0.,0.677069912058));
#7996 = PLANE('',#7997);
#7997 = AXIS2_PLACEMENT_3D('',#7998,#7999,#8000);
#7998 = CARTESIAN_POINT('',(5.687747575766E+03,-25.4,2.939692335E+03));
#7999 = DIRECTION('',(0.677069912058,0.,0.735918700799));
#8000 = DIRECTION('',(-0.735918700799,0.,0.677069912058));
#8001 = ADVANCED_FACE('',(#8002),#8008,.F.);
#8002 = FACE_BOUND('',#8003,.T.);
#8003 = EDGE_LOOP('',(#8004,#8005,#8006,#8007));
#8004 = ORIENTED_EDGE('',*,*,#7907,.T.);
#8005 = ORIENTED_EDGE('',*,*,#7938,.T.);
#8006 = ORIENTED_EDGE('',*,*,#7969,.T.);
#8007 = ORIENTED_EDGE('',*,*,#7991,.T.);
#8008 = PLANE('',#8009);
#8009 = AXIS2_PLACEMENT_3D('',#8010,#8011,#8012);
#8010 = CARTESIAN_POINT('',(5.140854166667E+03,-25.4,3.408337950379E+03)
  );
#8011 = DIRECTION('',(0.,1.,0.));
#8012 = DIRECTION('',(0.,0.,1.));
#8013 = ADVANCED_FACE('',(#8014),#8020,.T.);
#8014 = FACE_BOUND('',#8015,.F.);
#8015 = EDGE_LOOP('',(#8016,#8017,#8018,#8019));
#8016 = ORIENTED_EDGE('',*,*,#7891,.T.);
#8017 = ORIENTED_EDGE('',*,*,#7922,.T.);
#8018 = ORIENTED_EDGE('',*,*,#7953,.T.);
#8019 = ORIENTED_EDGE('',*,*,#7984,.T.);
#8020 = PLANE('',#8021);
#8021 = AXIS2_PLACEMENT_3D('',#8022,#8023,#8024);
#8022 = CARTESIAN_POINT('',(5.140854166667E+03,25.4,3.408337950379E+03)
  );
#8023 = DIRECTION('',(0.,1.,0.));
#8024 = DIRECTION('',(0.,0.,1.));
#8025 = MANIFOLD_SOLID_BREP('',#8026);
#8026 = CLOSED_SHELL('',(#8027,#8067,#8098,#8129,#8151,#8163));
#8027 = ADVANCED_FACE('',(#8028),#8062,.T.);
#8028 = FACE_BOUND('',#8029,.T.);
#8029 = EDGE_LOOP('',(#8030,#8040,#8048,#8056));
#8030 = ORIENTED_EDGE('',*,*,#8031,.T.);
#8031 = EDGE_CURVE('',#8032,#8034,#8036,.T.);
#8032 = VERTEX_POINT('',#8033);
#8033 = CARTESIAN_POINT('',(-812.8,1.74625E+03,3.8771384992E+03));
#8034 = VERTEX_POINT('',#8035);
#8035 = CARTESIAN_POINT('',(-812.8,1.79705E+03,3.8771384992E+03));
#8036 = LINE('',#8037,#8038);
#8037 = CARTESIAN_POINT('',(-812.8,1.74625E+03,3.8771384992E+03));
#8038 = VECTOR('',#8039,1.);
#8039 = DIRECTION('',(0.,1.,0.));
#8040 = ORIENTED_EDGE('',*,*,#8041,.T.);
#8041 = EDGE_CURVE('',#8034,#8042,#8044,.T.);
#8042 = VERTEX_POINT('',#8043);
#8043 = CARTESIAN_POINT('',(-762.,1.79705E+03,3.8771384992E+03));
#8044 = LINE('',#8045,#8046);
#8045 = CARTESIAN_POINT('',(-812.8,1.79705E+03,3.8771384992E+03));
#8046 = VECTOR('',#8047,1.);
#8047 = DIRECTION('',(1.,0.,0.));
#8048 = ORIENTED_EDGE('',*,*,#8049,.F.);
#8049 = EDGE_CURVE('',#8050,#8042,#8052,.T.);
#8050 = VERTEX_POINT('',#8051);
#8051 = CARTESIAN_POINT('',(-762.,1.74625E+03,3.8771384992E+03));
#8052 = LINE('',#8053,#8054);
#8053 = CARTESIAN_POINT('',(-762.,1.74625E+03,3.8771384992E+03));
#8054 = VECTOR('',#8055,1.);
#8055 = DIRECTION('',(0.,1.,0.));
#8056 = ORIENTED_EDGE('',*,*,#8057,.F.);
#8057 = EDGE_CURVE('',#8032,#8050,#8058,.T.);
#8058 = LINE('',#8059,#8060);
#8059 = CARTESIAN_POINT('',(-812.8,1.74625E+03,3.8771384992E+03));
#8060 = VECTOR('',#8061,1.);
#8061 = DIRECTION('',(1.,0.,0.));
#8062 = PLANE('',#8063);
#8063 = AXIS2_PLACEMENT_3D('',#8064,#8065,#8066);
#8064 = CARTESIAN_POINT('',(-812.8,1.74625E+03,3.8771384992E+03));
#8065 = DIRECTION('',(0.,0.,-1.));
#8066 = DIRECTION('',(1.,0.,0.));
#8067 = ADVANCED_FACE('',(#8068),#8093,.T.);
#8068 = FACE_BOUND('',#8069,.T.);
#8069 = EDGE_LOOP('',(#8070,#8071,#8079,#8087));
#8070 = ORIENTED_EDGE('',*,*,#8049,.T.);
#8071 = ORIENTED_EDGE('',*,*,#8072,.T.);
#8072 = EDGE_CURVE('',#8042,#8073,#8075,.T.);
#8073 = VERTEX_POINT('',#8074);
#8074 = CARTESIAN_POINT('',(-762.,1.79705E+03,4.867738505167E+03));
#8075 = LINE('',#8076,#8077);
#8076 = CARTESIAN_POINT('',(-762.,1.79705E+03,3.8771384992E+03));
#8077 = VECTOR('',#8078,1.);
#8078 = DIRECTION('',(0.,0.,1.));
#8079 = ORIENTED_EDGE('',*,*,#8080,.F.);
#8080 = EDGE_CURVE('',#8081,#8073,#8083,.T.);
#8081 = VERTEX_POINT('',#8082);
#8082 = CARTESIAN_POINT('',(-762.,1.74625E+03,4.867738505167E+03));
#8083 = LINE('',#8084,#8085);
#8084 = CARTESIAN_POINT('',(-762.,1.74625E+03,4.867738505167E+03));
#8085 = VECTOR('',#8086,1.);
#8086 = DIRECTION('',(0.,1.,0.));
#8087 = ORIENTED_EDGE('',*,*,#8088,.F.);
#8088 = EDGE_CURVE('',#8050,#8081,#8089,.T.);
#8089 = LINE('',#8090,#8091);
#8090 = CARTESIAN_POINT('',(-762.,1.74625E+03,3.8771384992E+03));
#8091 = VECTOR('',#8092,1.);
#8092 = DIRECTION('',(0.,0.,1.));
#8093 = PLANE('',#8094);
#8094 = AXIS2_PLACEMENT_3D('',#8095,#8096,#8097);
#8095 = CARTESIAN_POINT('',(-762.,1.74625E+03,3.8771384992E+03));
#8096 = DIRECTION('',(1.,0.,0.));
#8097 = DIRECTION('',(0.,2.2E-16,1.));
#8098 = ADVANCED_FACE('',(#8099),#8124,.T.);
#8099 = FACE_BOUND('',#8100,.T.);
#8100 = EDGE_LOOP('',(#8101,#8102,#8110,#8118));
#8101 = ORIENTED_EDGE('',*,*,#8080,.T.);
#8102 = ORIENTED_EDGE('',*,*,#8103,.T.);
#8103 = EDGE_CURVE('',#8073,#8104,#8106,.T.);
#8104 = VERTEX_POINT('',#8105);
#8105 = CARTESIAN_POINT('',(-812.8,1.79705E+03,4.867738505167E+03));
#8106 = LINE('',#8107,#8108);
#8107 = CARTESIAN_POINT('',(-762.,1.79705E+03,4.867738505167E+03));
#8108 = VECTOR('',#8109,1.);
#8109 = DIRECTION('',(-1.,0.,0.));
#8110 = ORIENTED_EDGE('',*,*,#8111,.F.);
#8111 = EDGE_CURVE('',#8112,#8104,#8114,.T.);
#8112 = VERTEX_POINT('',#8113);
#8113 = CARTESIAN_POINT('',(-812.8,1.74625E+03,4.867738505167E+03));
#8114 = LINE('',#8115,#8116);
#8115 = CARTESIAN_POINT('',(-812.8,1.74625E+03,4.867738505167E+03));
#8116 = VECTOR('',#8117,1.);
#8117 = DIRECTION('',(0.,1.,0.));
#8118 = ORIENTED_EDGE('',*,*,#8119,.F.);
#8119 = EDGE_CURVE('',#8081,#8112,#8120,.T.);
#8120 = LINE('',#8121,#8122);
#8121 = CARTESIAN_POINT('',(-762.,1.74625E+03,4.867738505167E+03));
#8122 = VECTOR('',#8123,1.);
#8123 = DIRECTION('',(-1.,0.,0.));
#8124 = PLANE('',#8125);
#8125 = AXIS2_PLACEMENT_3D('',#8126,#8127,#8128);
#8126 = CARTESIAN_POINT('',(-762.,1.74625E+03,4.867738505167E+03));
#8127 = DIRECTION('',(0.,0.,1.));
#8128 = DIRECTION('',(-1.,0.,0.));
#8129 = ADVANCED_FACE('',(#8130),#8146,.T.);
#8130 = FACE_BOUND('',#8131,.T.);
#8131 = EDGE_LOOP('',(#8132,#8133,#8139,#8140));
#8132 = ORIENTED_EDGE('',*,*,#8111,.T.);
#8133 = ORIENTED_EDGE('',*,*,#8134,.T.);
#8134 = EDGE_CURVE('',#8104,#8034,#8135,.T.);
#8135 = LINE('',#8136,#8137);
#8136 = CARTESIAN_POINT('',(-812.8,1.79705E+03,4.867738505167E+03));
#8137 = VECTOR('',#8138,1.);
#8138 = DIRECTION('',(0.,0.,-1.));
#8139 = ORIENTED_EDGE('',*,*,#8031,.F.);
#8140 = ORIENTED_EDGE('',*,*,#8141,.F.);
#8141 = EDGE_CURVE('',#8112,#8032,#8142,.T.);
#8142 = LINE('',#8143,#8144);
#8143 = CARTESIAN_POINT('',(-812.8,1.74625E+03,4.867738505167E+03));
#8144 = VECTOR('',#8145,1.);
#8145 = DIRECTION('',(0.,0.,-1.));
#8146 = PLANE('',#8147);
#8147 = AXIS2_PLACEMENT_3D('',#8148,#8149,#8150);
#8148 = CARTESIAN_POINT('',(-812.8,1.74625E+03,4.867738505167E+03));
#8149 = DIRECTION('',(-1.,0.,0.));
#8150 = DIRECTION('',(0.,-2.2E-16,-1.));
#8151 = ADVANCED_FACE('',(#8152),#8158,.F.);
#8152 = FACE_BOUND('',#8153,.T.);
#8153 = EDGE_LOOP('',(#8154,#8155,#8156,#8157));
#8154 = ORIENTED_EDGE('',*,*,#8057,.T.);
#8155 = ORIENTED_EDGE('',*,*,#8088,.T.);
#8156 = ORIENTED_EDGE('',*,*,#8119,.T.);
#8157 = ORIENTED_EDGE('',*,*,#8141,.T.);
#8158 = PLANE('',#8159);
#8159 = AXIS2_PLACEMENT_3D('',#8160,#8161,#8162);
#8160 = CARTESIAN_POINT('',(-787.4,1.74625E+03,4.372438502184E+03));
#8161 = DIRECTION('',(0.,1.,-2.3E-16));
#8162 = DIRECTION('',(0.,2.3E-16,1.));
#8163 = ADVANCED_FACE('',(#8164),#8170,.T.);
#8164 = FACE_BOUND('',#8165,.F.);
#8165 = EDGE_LOOP('',(#8166,#8167,#8168,#8169));
#8166 = ORIENTED_EDGE('',*,*,#8041,.T.);
#8167 = ORIENTED_EDGE('',*,*,#8072,.T.);
#8168 = ORIENTED_EDGE('',*,*,#8103,.T.);
#8169 = ORIENTED_EDGE('',*,*,#8134,.T.);
#8170 = PLANE('',#8171);
#8171 = AXIS2_PLACEMENT_3D('',#8172,#8173,#8174);
#8172 = CARTESIAN_POINT('',(-787.4,1.79705E+03,4.372438502184E+03));
#8173 = DIRECTION('',(0.,1.,-2.3E-16));
#8174 = DIRECTION('',(0.,2.3E-16,1.));
#8175 = MANIFOLD_SOLID_BREP('',#8176);
#8176 = CLOSED_SHELL('',(#8177,#8217,#8248,#8279,#8301,#8313));
#8177 = ADVANCED_FACE('',(#8178),#8212,.T.);
#8178 = FACE_BOUND('',#8179,.T.);
#8179 = EDGE_LOOP('',(#8180,#8190,#8198,#8206));
#8180 = ORIENTED_EDGE('',*,*,#8181,.T.);
#8181 = EDGE_CURVE('',#8182,#8184,#8186,.T.);
#8182 = VERTEX_POINT('',#8183);
#8183 = CARTESIAN_POINT('',(788.9875,1.74625E+03,3.8771384992E+03));
#8184 = VERTEX_POINT('',#8185);
#8185 = CARTESIAN_POINT('',(788.9875,1.79705E+03,3.8771384992E+03));
#8186 = LINE('',#8187,#8188);
#8187 = CARTESIAN_POINT('',(788.9875,1.74625E+03,3.8771384992E+03));
#8188 = VECTOR('',#8189,1.);
#8189 = DIRECTION('',(0.,1.,0.));
#8190 = ORIENTED_EDGE('',*,*,#8191,.T.);
#8191 = EDGE_CURVE('',#8184,#8192,#8194,.T.);
#8192 = VERTEX_POINT('',#8193);
#8193 = CARTESIAN_POINT('',(839.7875,1.79705E+03,3.8771384992E+03));
#8194 = LINE('',#8195,#8196);
#8195 = CARTESIAN_POINT('',(788.9875,1.79705E+03,3.8771384992E+03));
#8196 = VECTOR('',#8197,1.);
#8197 = DIRECTION('',(1.,0.,0.));
#8198 = ORIENTED_EDGE('',*,*,#8199,.F.);
#8199 = EDGE_CURVE('',#8200,#8192,#8202,.T.);
#8200 = VERTEX_POINT('',#8201);
#8201 = CARTESIAN_POINT('',(839.7875,1.74625E+03,3.8771384992E+03));
#8202 = LINE('',#8203,#8204);
#8203 = CARTESIAN_POINT('',(839.7875,1.74625E+03,3.8771384992E+03));
#8204 = VECTOR('',#8205,1.);
#8205 = DIRECTION('',(0.,1.,0.));
#8206 = ORIENTED_EDGE('',*,*,#8207,.F.);
#8207 = EDGE_CURVE('',#8182,#8200,#8208,.T.);
#8208 = LINE('',#8209,#8210);
#8209 = CARTESIAN_POINT('',(788.9875,1.74625E+03,3.8771384992E+03));
#8210 = VECTOR('',#8211,1.);
#8211 = DIRECTION('',(1.,0.,0.));
#8212 = PLANE('',#8213);
#8213 = AXIS2_PLACEMENT_3D('',#8214,#8215,#8216);
#8214 = CARTESIAN_POINT('',(788.9875,1.74625E+03,3.8771384992E+03));
#8215 = DIRECTION('',(0.,0.,-1.));
#8216 = DIRECTION('',(1.,0.,0.));
#8217 = ADVANCED_FACE('',(#8218),#8243,.T.);
#8218 = FACE_BOUND('',#8219,.T.);
#8219 = EDGE_LOOP('',(#8220,#8221,#8229,#8237));
#8220 = ORIENTED_EDGE('',*,*,#8199,.T.);
#8221 = ORIENTED_EDGE('',*,*,#8222,.T.);
#8222 = EDGE_CURVE('',#8192,#8223,#8225,.T.);
#8223 = VERTEX_POINT('',#8224);
#8224 = CARTESIAN_POINT('',(839.7875,1.79705E+03,4.867738505167E+03));
#8225 = LINE('',#8226,#8227);
#8226 = CARTESIAN_POINT('',(839.7875,1.79705E+03,3.8771384992E+03));
#8227 = VECTOR('',#8228,1.);
#8228 = DIRECTION('',(0.,0.,1.));
#8229 = ORIENTED_EDGE('',*,*,#8230,.F.);
#8230 = EDGE_CURVE('',#8231,#8223,#8233,.T.);
#8231 = VERTEX_POINT('',#8232);
#8232 = CARTESIAN_POINT('',(839.7875,1.74625E+03,4.867738505167E+03));
#8233 = LINE('',#8234,#8235);
#8234 = CARTESIAN_POINT('',(839.7875,1.74625E+03,4.867738505167E+03));
#8235 = VECTOR('',#8236,1.);
#8236 = DIRECTION('',(0.,1.,0.));
#8237 = ORIENTED_EDGE('',*,*,#8238,.F.);
#8238 = EDGE_CURVE('',#8200,#8231,#8239,.T.);
#8239 = LINE('',#8240,#8241);
#8240 = CARTESIAN_POINT('',(839.7875,1.74625E+03,3.8771384992E+03));
#8241 = VECTOR('',#8242,1.);
#8242 = DIRECTION('',(0.,0.,1.));
#8243 = PLANE('',#8244);
#8244 = AXIS2_PLACEMENT_3D('',#8245,#8246,#8247);
#8245 = CARTESIAN_POINT('',(839.7875,1.74625E+03,3.8771384992E+03));
#8246 = DIRECTION('',(1.,0.,0.));
#8247 = DIRECTION('',(0.,2.2E-16,1.));
#8248 = ADVANCED_FACE('',(#8249),#8274,.T.);
#8249 = FACE_BOUND('',#8250,.T.);
#8250 = EDGE_LOOP('',(#8251,#8252,#8260,#8268));
#8251 = ORIENTED_EDGE('',*,*,#8230,.T.);
#8252 = ORIENTED_EDGE('',*,*,#8253,.T.);
#8253 = EDGE_CURVE('',#8223,#8254,#8256,.T.);
#8254 = VERTEX_POINT('',#8255);
#8255 = CARTESIAN_POINT('',(788.9875,1.79705E+03,4.867738505167E+03));
#8256 = LINE('',#8257,#8258);
#8257 = CARTESIAN_POINT('',(839.7875,1.79705E+03,4.867738505167E+03));
#8258 = VECTOR('',#8259,1.);
#8259 = DIRECTION('',(-1.,0.,0.));
#8260 = ORIENTED_EDGE('',*,*,#8261,.F.);
#8261 = EDGE_CURVE('',#8262,#8254,#8264,.T.);
#8262 = VERTEX_POINT('',#8263);
#8263 = CARTESIAN_POINT('',(788.9875,1.74625E+03,4.867738505167E+03));
#8264 = LINE('',#8265,#8266);
#8265 = CARTESIAN_POINT('',(788.9875,1.74625E+03,4.867738505167E+03));
#8266 = VECTOR('',#8267,1.);
#8267 = DIRECTION('',(0.,1.,0.));
#8268 = ORIENTED_EDGE('',*,*,#8269,.F.);
#8269 = EDGE_CURVE('',#8231,#8262,#8270,.T.);
#8270 = LINE('',#8271,#8272);
#8271 = CARTESIAN_POINT('',(839.7875,1.74625E+03,4.867738505167E+03));
#8272 = VECTOR('',#8273,1.);
#8273 = DIRECTION('',(-1.,0.,0.));
#8274 = PLANE('',#8275);
#8275 = AXIS2_PLACEMENT_3D('',#8276,#8277,#8278);
#8276 = CARTESIAN_POINT('',(839.7875,1.74625E+03,4.867738505167E+03));
#8277 = DIRECTION('',(0.,0.,1.));
#8278 = DIRECTION('',(-1.,0.,0.));
#8279 = ADVANCED_FACE('',(#8280),#8296,.T.);
#8280 = FACE_BOUND('',#8281,.T.);
#8281 = EDGE_LOOP('',(#8282,#8283,#8289,#8290));
#8282 = ORIENTED_EDGE('',*,*,#8261,.T.);
#8283 = ORIENTED_EDGE('',*,*,#8284,.T.);
#8284 = EDGE_CURVE('',#8254,#8184,#8285,.T.);
#8285 = LINE('',#8286,#8287);
#8286 = CARTESIAN_POINT('',(788.9875,1.79705E+03,4.867738505167E+03));
#8287 = VECTOR('',#8288,1.);
#8288 = DIRECTION('',(0.,0.,-1.));
#8289 = ORIENTED_EDGE('',*,*,#8181,.F.);
#8290 = ORIENTED_EDGE('',*,*,#8291,.F.);
#8291 = EDGE_CURVE('',#8262,#8182,#8292,.T.);
#8292 = LINE('',#8293,#8294);
#8293 = CARTESIAN_POINT('',(788.9875,1.74625E+03,4.867738505167E+03));
#8294 = VECTOR('',#8295,1.);
#8295 = DIRECTION('',(0.,0.,-1.));
#8296 = PLANE('',#8297);
#8297 = AXIS2_PLACEMENT_3D('',#8298,#8299,#8300);
#8298 = CARTESIAN_POINT('',(788.9875,1.74625E+03,4.867738505167E+03));
#8299 = DIRECTION('',(-1.,0.,0.));
#8300 = DIRECTION('',(0.,-2.2E-16,-1.));
#8301 = ADVANCED_FACE('',(#8302),#8308,.F.);
#8302 = FACE_BOUND('',#8303,.T.);
#8303 = EDGE_LOOP('',(#8304,#8305,#8306,#8307));
#8304 = ORIENTED_EDGE('',*,*,#8207,.T.);
#8305 = ORIENTED_EDGE('',*,*,#8238,.T.);
#8306 = ORIENTED_EDGE('',*,*,#8269,.T.);
#8307 = ORIENTED_EDGE('',*,*,#8291,.T.);
#8308 = PLANE('',#8309);
#8309 = AXIS2_PLACEMENT_3D('',#8310,#8311,#8312);
#8310 = CARTESIAN_POINT('',(814.3875,1.74625E+03,4.372438502184E+03));
#8311 = DIRECTION('',(0.,1.,-2.3E-16));
#8312 = DIRECTION('',(0.,2.3E-16,1.));
#8313 = ADVANCED_FACE('',(#8314),#8320,.T.);
#8314 = FACE_BOUND('',#8315,.F.);
#8315 = EDGE_LOOP('',(#8316,#8317,#8318,#8319));
#8316 = ORIENTED_EDGE('',*,*,#8191,.T.);
#8317 = ORIENTED_EDGE('',*,*,#8222,.T.);
#8318 = ORIENTED_EDGE('',*,*,#8253,.T.);
#8319 = ORIENTED_EDGE('',*,*,#8284,.T.);
#8320 = PLANE('',#8321);
#8321 = AXIS2_PLACEMENT_3D('',#8322,#8323,#8324);
#8322 = CARTESIAN_POINT('',(814.3875,1.79705E+03,4.372438502184E+03));
#8323 = DIRECTION('',(0.,1.,-2.3E-16));
#8324 = DIRECTION('',(0.,2.3E-16,1.));
#8325 = MANIFOLD_SOLID_BREP('',#8326);
#8326 = CLOSED_SHELL('',(#8327,#8367,#8398,#8429,#8451,#8463));
#8327 = ADVANCED_FACE('',(#8328),#8362,.T.);
#8328 = FACE_BOUND('',#8329,.T.);
#8329 = EDGE_LOOP('',(#8330,#8340,#8348,#8356));
#8330 = ORIENTED_EDGE('',*,*,#8331,.T.);
#8331 = EDGE_CURVE('',#8332,#8334,#8336,.T.);
#8332 = VERTEX_POINT('',#8333);
#8333 = CARTESIAN_POINT('',(2.416175E+03,1.74625E+03,3.8771384992E+03));
#8334 = VERTEX_POINT('',#8335);
#8335 = CARTESIAN_POINT('',(2.416175E+03,1.79705E+03,3.8771384992E+03));
#8336 = LINE('',#8337,#8338);
#8337 = CARTESIAN_POINT('',(2.416175E+03,1.74625E+03,3.8771384992E+03));
#8338 = VECTOR('',#8339,1.);
#8339 = DIRECTION('',(0.,1.,0.));
#8340 = ORIENTED_EDGE('',*,*,#8341,.T.);
#8341 = EDGE_CURVE('',#8334,#8342,#8344,.T.);
#8342 = VERTEX_POINT('',#8343);
#8343 = CARTESIAN_POINT('',(2.466975E+03,1.79705E+03,3.8771384992E+03));
#8344 = LINE('',#8345,#8346);
#8345 = CARTESIAN_POINT('',(2.416175E+03,1.79705E+03,3.8771384992E+03));
#8346 = VECTOR('',#8347,1.);
#8347 = DIRECTION('',(1.,0.,0.));
#8348 = ORIENTED_EDGE('',*,*,#8349,.F.);
#8349 = EDGE_CURVE('',#8350,#8342,#8352,.T.);
#8350 = VERTEX_POINT('',#8351);
#8351 = CARTESIAN_POINT('',(2.466975E+03,1.74625E+03,3.8771384992E+03));
#8352 = LINE('',#8353,#8354);
#8353 = CARTESIAN_POINT('',(2.466975E+03,1.74625E+03,3.8771384992E+03));
#8354 = VECTOR('',#8355,1.);
#8355 = DIRECTION('',(0.,1.,0.));
#8356 = ORIENTED_EDGE('',*,*,#8357,.F.);
#8357 = EDGE_CURVE('',#8332,#8350,#8358,.T.);
#8358 = LINE('',#8359,#8360);
#8359 = CARTESIAN_POINT('',(2.416175E+03,1.74625E+03,3.8771384992E+03));
#8360 = VECTOR('',#8361,1.);
#8361 = DIRECTION('',(1.,0.,0.));
#8362 = PLANE('',#8363);
#8363 = AXIS2_PLACEMENT_3D('',#8364,#8365,#8366);
#8364 = CARTESIAN_POINT('',(2.416175E+03,1.74625E+03,3.8771384992E+03));
#8365 = DIRECTION('',(0.,0.,-1.));
#8366 = DIRECTION('',(1.,0.,0.));
#8367 = ADVANCED_FACE('',(#8368),#8393,.T.);
#8368 = FACE_BOUND('',#8369,.T.);
#8369 = EDGE_LOOP('',(#8370,#8371,#8379,#8387));
#8370 = ORIENTED_EDGE('',*,*,#8349,.T.);
#8371 = ORIENTED_EDGE('',*,*,#8372,.T.);
#8372 = EDGE_CURVE('',#8342,#8373,#8375,.T.);
#8373 = VERTEX_POINT('',#8374);
#8374 = CARTESIAN_POINT('',(2.466975E+03,1.79705E+03,4.867738505167E+03)
  );
#8375 = LINE('',#8376,#8377);
#8376 = CARTESIAN_POINT('',(2.466975E+03,1.79705E+03,3.8771384992E+03));
#8377 = VECTOR('',#8378,1.);
#8378 = DIRECTION('',(0.,0.,1.));
#8379 = ORIENTED_EDGE('',*,*,#8380,.F.);
#8380 = EDGE_CURVE('',#8381,#8373,#8383,.T.);
#8381 = VERTEX_POINT('',#8382);
#8382 = CARTESIAN_POINT('',(2.466975E+03,1.74625E+03,4.867738505167E+03)
  );
#8383 = LINE('',#8384,#8385);
#8384 = CARTESIAN_POINT('',(2.466975E+03,1.74625E+03,4.867738505167E+03)
  );
#8385 = VECTOR('',#8386,1.);
#8386 = DIRECTION('',(0.,1.,0.));
#8387 = ORIENTED_EDGE('',*,*,#8388,.F.);
#8388 = EDGE_CURVE('',#8350,#8381,#8389,.T.);
#8389 = LINE('',#8390,#8391);
#8390 = CARTESIAN_POINT('',(2.466975E+03,1.74625E+03,3.8771384992E+03));
#8391 = VECTOR('',#8392,1.);
#8392 = DIRECTION('',(0.,0.,1.));
#8393 = PLANE('',#8394);
#8394 = AXIS2_PLACEMENT_3D('',#8395,#8396,#8397);
#8395 = CARTESIAN_POINT('',(2.466975E+03,1.74625E+03,3.8771384992E+03));
#8396 = DIRECTION('',(1.,0.,0.));
#8397 = DIRECTION('',(0.,2.2E-16,1.));
#8398 = ADVANCED_FACE('',(#8399),#8424,.T.);
#8399 = FACE_BOUND('',#8400,.T.);
#8400 = EDGE_LOOP('',(#8401,#8402,#8410,#8418));
#8401 = ORIENTED_EDGE('',*,*,#8380,.T.);
#8402 = ORIENTED_EDGE('',*,*,#8403,.T.);
#8403 = EDGE_CURVE('',#8373,#8404,#8406,.T.);
#8404 = VERTEX_POINT('',#8405);
#8405 = CARTESIAN_POINT('',(2.416175E+03,1.79705E+03,4.867738505167E+03)
  );
#8406 = LINE('',#8407,#8408);
#8407 = CARTESIAN_POINT('',(2.466975E+03,1.79705E+03,4.867738505167E+03)
  );
#8408 = VECTOR('',#8409,1.);
#8409 = DIRECTION('',(-1.,0.,0.));
#8410 = ORIENTED_EDGE('',*,*,#8411,.F.);
#8411 = EDGE_CURVE('',#8412,#8404,#8414,.T.);
#8412 = VERTEX_POINT('',#8413);
#8413 = CARTESIAN_POINT('',(2.416175E+03,1.74625E+03,4.867738505167E+03)
  );
#8414 = LINE('',#8415,#8416);
#8415 = CARTESIAN_POINT('',(2.416175E+03,1.74625E+03,4.867738505167E+03)
  );
#8416 = VECTOR('',#8417,1.);
#8417 = DIRECTION('',(0.,1.,0.));
#8418 = ORIENTED_EDGE('',*,*,#8419,.F.);
#8419 = EDGE_CURVE('',#8381,#8412,#8420,.T.);
#8420 = LINE('',#8421,#8422);
#8421 = CARTESIAN_POINT('',(2.466975E+03,1.74625E+03,4.867738505167E+03)
  );
#8422 = VECTOR('',#8423,1.);
#8423 = DIRECTION('',(-1.,0.,0.));
#8424 = PLANE('',#8425);
#8425 = AXIS2_PLACEMENT_3D('',#8426,#8427,#8428);
#8426 = CARTESIAN_POINT('',(2.466975E+03,1.74625E+03,4.867738505167E+03)
  );
#8427 = DIRECTION('',(0.,0.,1.));
#8428 = DIRECTION('',(-1.,0.,0.));
#8429 = ADVANCED_FACE('',(#8430),#8446,.T.);
#8430 = FACE_BOUND('',#8431,.T.);
#8431 = EDGE_LOOP('',(#8432,#8433,#8439,#8440));
#8432 = ORIENTED_EDGE('',*,*,#8411,.T.);
#8433 = ORIENTED_EDGE('',*,*,#8434,.T.);
#8434 = EDGE_CURVE('',#8404,#8334,#8435,.T.);
#8435 = LINE('',#8436,#8437);
#8436 = CARTESIAN_POINT('',(2.416175E+03,1.79705E+03,4.867738505167E+03)
  );
#8437 = VECTOR('',#8438,1.);
#8438 = DIRECTION('',(0.,0.,-1.));
#8439 = ORIENTED_EDGE('',*,*,#8331,.F.);
#8440 = ORIENTED_EDGE('',*,*,#8441,.F.);
#8441 = EDGE_CURVE('',#8412,#8332,#8442,.T.);
#8442 = LINE('',#8443,#8444);
#8443 = CARTESIAN_POINT('',(2.416175E+03,1.74625E+03,4.867738505167E+03)
  );
#8444 = VECTOR('',#8445,1.);
#8445 = DIRECTION('',(0.,0.,-1.));
#8446 = PLANE('',#8447);
#8447 = AXIS2_PLACEMENT_3D('',#8448,#8449,#8450);
#8448 = CARTESIAN_POINT('',(2.416175E+03,1.74625E+03,4.867738505167E+03)
  );
#8449 = DIRECTION('',(-1.,0.,0.));
#8450 = DIRECTION('',(0.,-2.2E-16,-1.));
#8451 = ADVANCED_FACE('',(#8452),#8458,.F.);
#8452 = FACE_BOUND('',#8453,.T.);
#8453 = EDGE_LOOP('',(#8454,#8455,#8456,#8457));
#8454 = ORIENTED_EDGE('',*,*,#8357,.T.);
#8455 = ORIENTED_EDGE('',*,*,#8388,.T.);
#8456 = ORIENTED_EDGE('',*,*,#8419,.T.);
#8457 = ORIENTED_EDGE('',*,*,#8441,.T.);
#8458 = PLANE('',#8459);
#8459 = AXIS2_PLACEMENT_3D('',#8460,#8461,#8462);
#8460 = CARTESIAN_POINT('',(2.441575E+03,1.74625E+03,4.372438502184E+03)
  );
#8461 = DIRECTION('',(0.,1.,-2.3E-16));
#8462 = DIRECTION('',(0.,2.3E-16,1.));
#8463 = ADVANCED_FACE('',(#8464),#8470,.T.);
#8464 = FACE_BOUND('',#8465,.F.);
#8465 = EDGE_LOOP('',(#8466,#8467,#8468,#8469));
#8466 = ORIENTED_EDGE('',*,*,#8341,.T.);
#8467 = ORIENTED_EDGE('',*,*,#8372,.T.);
#8468 = ORIENTED_EDGE('',*,*,#8403,.T.);
#8469 = ORIENTED_EDGE('',*,*,#8434,.T.);
#8470 = PLANE('',#8471);
#8471 = AXIS2_PLACEMENT_3D('',#8472,#8473,#8474);
#8472 = CARTESIAN_POINT('',(2.441575E+03,1.79705E+03,4.372438502184E+03)
  );
#8473 = DIRECTION('',(0.,1.,-2.3E-16));
#8474 = DIRECTION('',(0.,2.3E-16,1.));
#8475 = MANIFOLD_SOLID_BREP('',#8476);
#8476 = CLOSED_SHELL('',(#8477,#8517,#8548,#8579,#8601,#8613));
#8477 = ADVANCED_FACE('',(#8478),#8512,.T.);
#8478 = FACE_BOUND('',#8479,.T.);
#8479 = EDGE_LOOP('',(#8480,#8490,#8498,#8506));
#8480 = ORIENTED_EDGE('',*,*,#8481,.T.);
#8481 = EDGE_CURVE('',#8482,#8484,#8486,.T.);
#8482 = VERTEX_POINT('',#8483);
#8483 = CARTESIAN_POINT('',(4.0433625E+03,1.74625E+03,3.8771384992E+03)
  );
#8484 = VERTEX_POINT('',#8485);
#8485 = CARTESIAN_POINT('',(4.0433625E+03,1.79705E+03,3.8771384992E+03)
  );
#8486 = LINE('',#8487,#8488);
#8487 = CARTESIAN_POINT('',(4.0433625E+03,1.74625E+03,3.8771384992E+03)
  );
#8488 = VECTOR('',#8489,1.);
#8489 = DIRECTION('',(0.,1.,0.));
#8490 = ORIENTED_EDGE('',*,*,#8491,.T.);
#8491 = EDGE_CURVE('',#8484,#8492,#8494,.T.);
#8492 = VERTEX_POINT('',#8493);
#8493 = CARTESIAN_POINT('',(4.0941625E+03,1.79705E+03,3.8771384992E+03)
  );
#8494 = LINE('',#8495,#8496);
#8495 = CARTESIAN_POINT('',(4.0433625E+03,1.79705E+03,3.8771384992E+03)
  );
#8496 = VECTOR('',#8497,1.);
#8497 = DIRECTION('',(1.,0.,0.));
#8498 = ORIENTED_EDGE('',*,*,#8499,.F.);
#8499 = EDGE_CURVE('',#8500,#8492,#8502,.T.);
#8500 = VERTEX_POINT('',#8501);
#8501 = CARTESIAN_POINT('',(4.0941625E+03,1.74625E+03,3.8771384992E+03)
  );
#8502 = LINE('',#8503,#8504);
#8503 = CARTESIAN_POINT('',(4.0941625E+03,1.74625E+03,3.8771384992E+03)
  );
#8504 = VECTOR('',#8505,1.);
#8505 = DIRECTION('',(0.,1.,0.));
#8506 = ORIENTED_EDGE('',*,*,#8507,.F.);
#8507 = EDGE_CURVE('',#8482,#8500,#8508,.T.);
#8508 = LINE('',#8509,#8510);
#8509 = CARTESIAN_POINT('',(4.0433625E+03,1.74625E+03,3.8771384992E+03)
  );
#8510 = VECTOR('',#8511,1.);
#8511 = DIRECTION('',(1.,0.,0.));
#8512 = PLANE('',#8513);
#8513 = AXIS2_PLACEMENT_3D('',#8514,#8515,#8516);
#8514 = CARTESIAN_POINT('',(4.0433625E+03,1.74625E+03,3.8771384992E+03)
  );
#8515 = DIRECTION('',(0.,0.,-1.));
#8516 = DIRECTION('',(1.,0.,0.));
#8517 = ADVANCED_FACE('',(#8518),#8543,.T.);
#8518 = FACE_BOUND('',#8519,.T.);
#8519 = EDGE_LOOP('',(#8520,#8521,#8529,#8537));
#8520 = ORIENTED_EDGE('',*,*,#8499,.T.);
#8521 = ORIENTED_EDGE('',*,*,#8522,.T.);
#8522 = EDGE_CURVE('',#8492,#8523,#8525,.T.);
#8523 = VERTEX_POINT('',#8524);
#8524 = CARTESIAN_POINT('',(4.0941625E+03,1.79705E+03,4.867738505167E+03
    ));
#8525 = LINE('',#8526,#8527);
#8526 = CARTESIAN_POINT('',(4.0941625E+03,1.79705E+03,3.8771384992E+03)
  );
#8527 = VECTOR('',#8528,1.);
#8528 = DIRECTION('',(0.,0.,1.));
#8529 = ORIENTED_EDGE('',*,*,#8530,.F.);
#8530 = EDGE_CURVE('',#8531,#8523,#8533,.T.);
#8531 = VERTEX_POINT('',#8532);
#8532 = CARTESIAN_POINT('',(4.0941625E+03,1.74625E+03,4.867738505167E+03
    ));
#8533 = LINE('',#8534,#8535);
#8534 = CARTESIAN_POINT('',(4.0941625E+03,1.74625E+03,4.867738505167E+03
    ));
#8535 = VECTOR('',#8536,1.);
#8536 = DIRECTION('',(0.,1.,0.));
#8537 = ORIENTED_EDGE('',*,*,#8538,.F.);
#8538 = EDGE_CURVE('',#8500,#8531,#8539,.T.);
#8539 = LINE('',#8540,#8541);
#8540 = CARTESIAN_POINT('',(4.0941625E+03,1.74625E+03,3.8771384992E+03)
  );
#8541 = VECTOR('',#8542,1.);
#8542 = DIRECTION('',(0.,0.,1.));
#8543 = PLANE('',#8544);
#8544 = AXIS2_PLACEMENT_3D('',#8545,#8546,#8547);
#8545 = CARTESIAN_POINT('',(4.0941625E+03,1.74625E+03,3.8771384992E+03)
  );
#8546 = DIRECTION('',(1.,0.,0.));
#8547 = DIRECTION('',(0.,2.2E-16,1.));
#8548 = ADVANCED_FACE('',(#8549),#8574,.T.);
#8549 = FACE_BOUND('',#8550,.T.);
#8550 = EDGE_LOOP('',(#8551,#8552,#8560,#8568));
#8551 = ORIENTED_EDGE('',*,*,#8530,.T.);
#8552 = ORIENTED_EDGE('',*,*,#8553,.T.);
#8553 = EDGE_CURVE('',#8523,#8554,#8556,.T.);
#8554 = VERTEX_POINT('',#8555);
#8555 = CARTESIAN_POINT('',(4.0433625E+03,1.79705E+03,4.867738505167E+03
    ));
#8556 = LINE('',#8557,#8558);
#8557 = CARTESIAN_POINT('',(4.0941625E+03,1.79705E+03,4.867738505167E+03
    ));
#8558 = VECTOR('',#8559,1.);
#8559 = DIRECTION('',(-1.,0.,0.));
#8560 = ORIENTED_EDGE('',*,*,#8561,.F.);
#8561 = EDGE_CURVE('',#8562,#8554,#8564,.T.);
#8562 = VERTEX_POINT('',#8563);
#8563 = CARTESIAN_POINT('',(4.0433625E+03,1.74625E+03,4.867738505167E+03
    ));
#8564 = LINE('',#8565,#8566);
#8565 = CARTESIAN_POINT('',(4.0433625E+03,1.74625E+03,4.867738505167E+03
    ));
#8566 = VECTOR('',#8567,1.);
#8567 = DIRECTION('',(0.,1.,0.));
#8568 = ORIENTED_EDGE('',*,*,#8569,.F.);
#8569 = EDGE_CURVE('',#8531,#8562,#8570,.T.);
#8570 = LINE('',#8571,#8572);
#8571 = CARTESIAN_POINT('',(4.0941625E+03,1.74625E+03,4.867738505167E+03
    ));
#8572 = VECTOR('',#8573,1.);
#8573 = DIRECTION('',(-1.,0.,0.));
#8574 = PLANE('',#8575);
#8575 = AXIS2_PLACEMENT_3D('',#8576,#8577,#8578);
#8576 = CARTESIAN_POINT('',(4.0941625E+03,1.74625E+03,4.867738505167E+03
    ));
#8577 = DIRECTION('',(0.,0.,1.));
#8578 = DIRECTION('',(-1.,0.,0.));
#8579 = ADVANCED_FACE('',(#8580),#8596,.T.);
#8580 = FACE_BOUND('',#8581,.T.);
#8581 = EDGE_LOOP('',(#8582,#8583,#8589,#8590));
#8582 = ORIENTED_EDGE('',*,*,#8561,.T.);
#8583 = ORIENTED_EDGE('',*,*,#8584,.T.);
#8584 = EDGE_CURVE('',#8554,#8484,#8585,.T.);
#8585 = LINE('',#8586,#8587);
#8586 = CARTESIAN_POINT('',(4.0433625E+03,1.79705E+03,4.867738505167E+03
    ));
#8587 = VECTOR('',#8588,1.);
#8588 = DIRECTION('',(0.,0.,-1.));
#8589 = ORIENTED_EDGE('',*,*,#8481,.F.);
#8590 = ORIENTED_EDGE('',*,*,#8591,.F.);
#8591 = EDGE_CURVE('',#8562,#8482,#8592,.T.);
#8592 = LINE('',#8593,#8594);
#8593 = CARTESIAN_POINT('',(4.0433625E+03,1.74625E+03,4.867738505167E+03
    ));
#8594 = VECTOR('',#8595,1.);
#8595 = DIRECTION('',(0.,0.,-1.));
#8596 = PLANE('',#8597);
#8597 = AXIS2_PLACEMENT_3D('',#8598,#8599,#8600);
#8598 = CARTESIAN_POINT('',(4.0433625E+03,1.74625E+03,4.867738505167E+03
    ));
#8599 = DIRECTION('',(-1.,0.,0.));
#8600 = DIRECTION('',(0.,-2.2E-16,-1.));
#8601 = ADVANCED_FACE('',(#8602),#8608,.F.);
#8602 = FACE_BOUND('',#8603,.T.);
#8603 = EDGE_LOOP('',(#8604,#8605,#8606,#8607));
#8604 = ORIENTED_EDGE('',*,*,#8507,.T.);
#8605 = ORIENTED_EDGE('',*,*,#8538,.T.);
#8606 = ORIENTED_EDGE('',*,*,#8569,.T.);
#8607 = ORIENTED_EDGE('',*,*,#8591,.T.);
#8608 = PLANE('',#8609);
#8609 = AXIS2_PLACEMENT_3D('',#8610,#8611,#8612);
#8610 = CARTESIAN_POINT('',(4.0687625E+03,1.74625E+03,4.372438502184E+03
    ));
#8611 = DIRECTION('',(0.,1.,-2.3E-16));
#8612 = DIRECTION('',(0.,2.3E-16,1.));
#8613 = ADVANCED_FACE('',(#8614),#8620,.T.);
#8614 = FACE_BOUND('',#8615,.F.);
#8615 = EDGE_LOOP('',(#8616,#8617,#8618,#8619));
#8616 = ORIENTED_EDGE('',*,*,#8491,.T.);
#8617 = ORIENTED_EDGE('',*,*,#8522,.T.);
#8618 = ORIENTED_EDGE('',*,*,#8553,.T.);
#8619 = ORIENTED_EDGE('',*,*,#8584,.T.);
#8620 = PLANE('',#8621);
#8621 = AXIS2_PLACEMENT_3D('',#8622,#8623,#8624);
#8622 = CARTESIAN_POINT('',(4.0687625E+03,1.79705E+03,4.372438502184E+03
    ));
#8623 = DIRECTION('',(0.,1.,-2.3E-16));
#8624 = DIRECTION('',(0.,2.3E-16,1.));
#8625 = MANIFOLD_SOLID_BREP('',#8626);
#8626 = CLOSED_SHELL('',(#8627,#8667,#8698,#8729,#8751,#8763));
#8627 = ADVANCED_FACE('',(#8628),#8662,.T.);
#8628 = FACE_BOUND('',#8629,.T.);
#8629 = EDGE_LOOP('',(#8630,#8640,#8648,#8656));
#8630 = ORIENTED_EDGE('',*,*,#8631,.T.);
#8631 = EDGE_CURVE('',#8632,#8634,#8636,.T.);
#8632 = VERTEX_POINT('',#8633);
#8633 = CARTESIAN_POINT('',(5.64515E+03,1.74625E+03,3.8771384992E+03));
#8634 = VERTEX_POINT('',#8635);
#8635 = CARTESIAN_POINT('',(5.64515E+03,1.79705E+03,3.8771384992E+03));
#8636 = LINE('',#8637,#8638);
#8637 = CARTESIAN_POINT('',(5.64515E+03,1.74625E+03,3.8771384992E+03));
#8638 = VECTOR('',#8639,1.);
#8639 = DIRECTION('',(0.,1.,0.));
#8640 = ORIENTED_EDGE('',*,*,#8641,.T.);
#8641 = EDGE_CURVE('',#8634,#8642,#8644,.T.);
#8642 = VERTEX_POINT('',#8643);
#8643 = CARTESIAN_POINT('',(5.69595E+03,1.79705E+03,3.8771384992E+03));
#8644 = LINE('',#8645,#8646);
#8645 = CARTESIAN_POINT('',(5.64515E+03,1.79705E+03,3.8771384992E+03));
#8646 = VECTOR('',#8647,1.);
#8647 = DIRECTION('',(1.,0.,0.));
#8648 = ORIENTED_EDGE('',*,*,#8649,.F.);
#8649 = EDGE_CURVE('',#8650,#8642,#8652,.T.);
#8650 = VERTEX_POINT('',#8651);
#8651 = CARTESIAN_POINT('',(5.69595E+03,1.74625E+03,3.8771384992E+03));
#8652 = LINE('',#8653,#8654);
#8653 = CARTESIAN_POINT('',(5.69595E+03,1.74625E+03,3.8771384992E+03));
#8654 = VECTOR('',#8655,1.);
#8655 = DIRECTION('',(0.,1.,0.));
#8656 = ORIENTED_EDGE('',*,*,#8657,.F.);
#8657 = EDGE_CURVE('',#8632,#8650,#8658,.T.);
#8658 = LINE('',#8659,#8660);
#8659 = CARTESIAN_POINT('',(5.64515E+03,1.74625E+03,3.8771384992E+03));
#8660 = VECTOR('',#8661,1.);
#8661 = DIRECTION('',(1.,0.,0.));
#8662 = PLANE('',#8663);
#8663 = AXIS2_PLACEMENT_3D('',#8664,#8665,#8666);
#8664 = CARTESIAN_POINT('',(5.64515E+03,1.74625E+03,3.8771384992E+03));
#8665 = DIRECTION('',(0.,0.,-1.));
#8666 = DIRECTION('',(1.,0.,0.));
#8667 = ADVANCED_FACE('',(#8668),#8693,.T.);
#8668 = FACE_BOUND('',#8669,.T.);
#8669 = EDGE_LOOP('',(#8670,#8671,#8679,#8687));
#8670 = ORIENTED_EDGE('',*,*,#8649,.T.);
#8671 = ORIENTED_EDGE('',*,*,#8672,.T.);
#8672 = EDGE_CURVE('',#8642,#8673,#8675,.T.);
#8673 = VERTEX_POINT('',#8674);
#8674 = CARTESIAN_POINT('',(5.69595E+03,1.79705E+03,4.867738505167E+03)
  );
#8675 = LINE('',#8676,#8677);
#8676 = CARTESIAN_POINT('',(5.69595E+03,1.79705E+03,3.8771384992E+03));
#8677 = VECTOR('',#8678,1.);
#8678 = DIRECTION('',(0.,0.,1.));
#8679 = ORIENTED_EDGE('',*,*,#8680,.F.);
#8680 = EDGE_CURVE('',#8681,#8673,#8683,.T.);
#8681 = VERTEX_POINT('',#8682);
#8682 = CARTESIAN_POINT('',(5.69595E+03,1.74625E+03,4.867738505167E+03)
  );
#8683 = LINE('',#8684,#8685);
#8684 = CARTESIAN_POINT('',(5.69595E+03,1.74625E+03,4.867738505167E+03)
  );
#8685 = VECTOR('',#8686,1.);
#8686 = DIRECTION('',(0.,1.,0.));
#8687 = ORIENTED_EDGE('',*,*,#8688,.F.);
#8688 = EDGE_CURVE('',#8650,#8681,#8689,.T.);
#8689 = LINE('',#8690,#8691);
#8690 = CARTESIAN_POINT('',(5.69595E+03,1.74625E+03,3.8771384992E+03));
#8691 = VECTOR('',#8692,1.);
#8692 = DIRECTION('',(0.,0.,1.));
#8693 = PLANE('',#8694);
#8694 = AXIS2_PLACEMENT_3D('',#8695,#8696,#8697);
#8695 = CARTESIAN_POINT('',(5.69595E+03,1.74625E+03,3.8771384992E+03));
#8696 = DIRECTION('',(1.,0.,0.));
#8697 = DIRECTION('',(0.,2.2E-16,1.));
#8698 = ADVANCED_FACE('',(#8699),#8724,.T.);
#8699 = FACE_BOUND('',#8700,.T.);
#8700 = EDGE_LOOP('',(#8701,#8702,#8710,#8718));
#8701 = ORIENTED_EDGE('',*,*,#8680,.T.);
#8702 = ORIENTED_EDGE('',*,*,#8703,.T.);
#8703 = EDGE_CURVE('',#8673,#8704,#8706,.T.);
#8704 = VERTEX_POINT('',#8705);
#8705 = CARTESIAN_POINT('',(5.64515E+03,1.79705E+03,4.867738505167E+03)
  );
#8706 = LINE('',#8707,#8708);
#8707 = CARTESIAN_POINT('',(5.69595E+03,1.79705E+03,4.867738505167E+03)
  );
#8708 = VECTOR('',#8709,1.);
#8709 = DIRECTION('',(-1.,0.,0.));
#8710 = ORIENTED_EDGE('',*,*,#8711,.F.);
#8711 = EDGE_CURVE('',#8712,#8704,#8714,.T.);
#8712 = VERTEX_POINT('',#8713);
#8713 = CARTESIAN_POINT('',(5.64515E+03,1.74625E+03,4.867738505167E+03)
  );
#8714 = LINE('',#8715,#8716);
#8715 = CARTESIAN_POINT('',(5.64515E+03,1.74625E+03,4.867738505167E+03)
  );
#8716 = VECTOR('',#8717,1.);
#8717 = DIRECTION('',(0.,1.,0.));
#8718 = ORIENTED_EDGE('',*,*,#8719,.F.);
#8719 = EDGE_CURVE('',#8681,#8712,#8720,.T.);
#8720 = LINE('',#8721,#8722);
#8721 = CARTESIAN_POINT('',(5.69595E+03,1.74625E+03,4.867738505167E+03)
  );
#8722 = VECTOR('',#8723,1.);
#8723 = DIRECTION('',(-1.,0.,0.));
#8724 = PLANE('',#8725);
#8725 = AXIS2_PLACEMENT_3D('',#8726,#8727,#8728);
#8726 = CARTESIAN_POINT('',(5.69595E+03,1.74625E+03,4.867738505167E+03)
  );
#8727 = DIRECTION('',(0.,0.,1.));
#8728 = DIRECTION('',(-1.,0.,0.));
#8729 = ADVANCED_FACE('',(#8730),#8746,.T.);
#8730 = FACE_BOUND('',#8731,.T.);
#8731 = EDGE_LOOP('',(#8732,#8733,#8739,#8740));
#8732 = ORIENTED_EDGE('',*,*,#8711,.T.);
#8733 = ORIENTED_EDGE('',*,*,#8734,.T.);
#8734 = EDGE_CURVE('',#8704,#8634,#8735,.T.);
#8735 = LINE('',#8736,#8737);
#8736 = CARTESIAN_POINT('',(5.64515E+03,1.79705E+03,4.867738505167E+03)
  );
#8737 = VECTOR('',#8738,1.);
#8738 = DIRECTION('',(0.,0.,-1.));
#8739 = ORIENTED_EDGE('',*,*,#8631,.F.);
#8740 = ORIENTED_EDGE('',*,*,#8741,.F.);
#8741 = EDGE_CURVE('',#8712,#8632,#8742,.T.);
#8742 = LINE('',#8743,#8744);
#8743 = CARTESIAN_POINT('',(5.64515E+03,1.74625E+03,4.867738505167E+03)
  );
#8744 = VECTOR('',#8745,1.);
#8745 = DIRECTION('',(0.,0.,-1.));
#8746 = PLANE('',#8747);
#8747 = AXIS2_PLACEMENT_3D('',#8748,#8749,#8750);
#8748 = CARTESIAN_POINT('',(5.64515E+03,1.74625E+03,4.867738505167E+03)
  );
#8749 = DIRECTION('',(-1.,0.,0.));
#8750 = DIRECTION('',(0.,-2.2E-16,-1.));
#8751 = ADVANCED_FACE('',(#8752),#8758,.F.);
#8752 = FACE_BOUND('',#8753,.T.);
#8753 = EDGE_LOOP('',(#8754,#8755,#8756,#8757));
#8754 = ORIENTED_EDGE('',*,*,#8657,.T.);
#8755 = ORIENTED_EDGE('',*,*,#8688,.T.);
#8756 = ORIENTED_EDGE('',*,*,#8719,.T.);
#8757 = ORIENTED_EDGE('',*,*,#8741,.T.);
#8758 = PLANE('',#8759);
#8759 = AXIS2_PLACEMENT_3D('',#8760,#8761,#8762);
#8760 = CARTESIAN_POINT('',(5.67055E+03,1.74625E+03,4.372438502184E+03)
  );
#8761 = DIRECTION('',(0.,1.,-2.3E-16));
#8762 = DIRECTION('',(0.,2.3E-16,1.));
#8763 = ADVANCED_FACE('',(#8764),#8770,.T.);
#8764 = FACE_BOUND('',#8765,.F.);
#8765 = EDGE_LOOP('',(#8766,#8767,#8768,#8769));
#8766 = ORIENTED_EDGE('',*,*,#8641,.T.);
#8767 = ORIENTED_EDGE('',*,*,#8672,.T.);
#8768 = ORIENTED_EDGE('',*,*,#8703,.T.);
#8769 = ORIENTED_EDGE('',*,*,#8734,.T.);
#8770 = PLANE('',#8771);
#8771 = AXIS2_PLACEMENT_3D('',#8772,#8773,#8774);
#8772 = CARTESIAN_POINT('',(5.67055E+03,1.79705E+03,4.372438502184E+03)
  );
#8773 = DIRECTION('',(0.,1.,-2.3E-16));
#8774 = DIRECTION('',(0.,2.3E-16,1.));
#8775 = MANIFOLD_SOLID_BREP('',#8776);
#8776 = CLOSED_SHELL('',(#8777,#8817,#8848,#8879,#8901,#8913));
#8777 = ADVANCED_FACE('',(#8778),#8812,.T.);
#8778 = FACE_BOUND('',#8779,.T.);
#8779 = EDGE_LOOP('',(#8780,#8790,#8798,#8806));
#8780 = ORIENTED_EDGE('',*,*,#8781,.T.);
#8781 = EDGE_CURVE('',#8782,#8784,#8786,.T.);
#8782 = VERTEX_POINT('',#8783);
#8783 = CARTESIAN_POINT('',(-801.8223539947,1.74625E+03,
    3.834546768025E+03));
#8784 = VERTEX_POINT('',#8785);
#8785 = CARTESIAN_POINT('',(-801.8223539947,1.79705E+03,
    3.834546768025E+03));
#8786 = LINE('',#8787,#8788);
#8787 = CARTESIAN_POINT('',(-801.8223539947,1.74625E+03,
    3.834546768025E+03));
#8788 = VECTOR('',#8789,1.);
#8789 = DIRECTION('',(0.,1.,0.));
#8790 = ORIENTED_EDGE('',*,*,#8791,.T.);
#8791 = EDGE_CURVE('',#8784,#8792,#8794,.T.);
#8792 = VERTEX_POINT('',#8793);
#8793 = CARTESIAN_POINT('',(-772.9776460052,1.79705E+03,
    3.792730230375E+03));
#8794 = LINE('',#8795,#8796);
#8795 = CARTESIAN_POINT('',(-801.8223539947,1.79705E+03,
    3.834546768025E+03));
#8796 = VECTOR('',#8797,1.);
#8797 = DIRECTION('',(0.56780921239,0.,-0.823160189954));
#8798 = ORIENTED_EDGE('',*,*,#8799,.F.);
#8799 = EDGE_CURVE('',#8800,#8792,#8802,.T.);
#8800 = VERTEX_POINT('',#8801);
#8801 = CARTESIAN_POINT('',(-772.9776460052,1.74625E+03,
    3.792730230375E+03));
#8802 = LINE('',#8803,#8804);
#8803 = CARTESIAN_POINT('',(-772.9776460052,1.74625E+03,
    3.792730230375E+03));
#8804 = VECTOR('',#8805,1.);
#8805 = DIRECTION('',(0.,1.,0.));
#8806 = ORIENTED_EDGE('',*,*,#8807,.F.);
#8807 = EDGE_CURVE('',#8782,#8800,#8808,.T.);
#8808 = LINE('',#8809,#8810);
#8809 = CARTESIAN_POINT('',(-801.8223539947,1.74625E+03,
    3.834546768025E+03));
#8810 = VECTOR('',#8811,1.);
#8811 = DIRECTION('',(0.56780921239,0.,-0.823160189954));
#8812 = PLANE('',#8813);
#8813 = AXIS2_PLACEMENT_3D('',#8814,#8815,#8816);
#8814 = CARTESIAN_POINT('',(-801.8223539947,1.74625E+03,
    3.834546768025E+03));
#8815 = DIRECTION('',(-0.823160189954,0.,-0.56780921239));
#8816 = DIRECTION('',(0.56780921239,-6.E-17,-0.823160189954));
#8817 = ADVANCED_FACE('',(#8818),#8843,.T.);
#8818 = FACE_BOUND('',#8819,.T.);
#8819 = EDGE_LOOP('',(#8820,#8821,#8829,#8837));
#8820 = ORIENTED_EDGE('',*,*,#8799,.T.);
#8821 = ORIENTED_EDGE('',*,*,#8822,.T.);
#8822 = EDGE_CURVE('',#8792,#8823,#8825,.T.);
#8823 = VERTEX_POINT('',#8824);
#8824 = CARTESIAN_POINT('',(828.80985399471,1.79705E+03,
    4.897630236342E+03));
#8825 = LINE('',#8826,#8827);
#8826 = CARTESIAN_POINT('',(-772.9776460052,1.79705E+03,
    3.792730230375E+03));
#8827 = VECTOR('',#8828,1.);
#8828 = DIRECTION('',(0.823160189954,0.,0.56780921239));
#8829 = ORIENTED_EDGE('',*,*,#8830,.F.);
#8830 = EDGE_CURVE('',#8831,#8823,#8833,.T.);
#8831 = VERTEX_POINT('',#8832);
#8832 = CARTESIAN_POINT('',(828.80985399471,1.74625E+03,
    4.897630236342E+03));
#8833 = LINE('',#8834,#8835);
#8834 = CARTESIAN_POINT('',(828.80985399471,1.74625E+03,
    4.897630236342E+03));
#8835 = VECTOR('',#8836,1.);
#8836 = DIRECTION('',(0.,1.,0.));
#8837 = ORIENTED_EDGE('',*,*,#8838,.F.);
#8838 = EDGE_CURVE('',#8800,#8831,#8839,.T.);
#8839 = LINE('',#8840,#8841);
#8840 = CARTESIAN_POINT('',(-772.9776460052,1.74625E+03,
    3.792730230375E+03));
#8841 = VECTOR('',#8842,1.);
#8842 = DIRECTION('',(0.823160189954,0.,0.56780921239));
#8843 = PLANE('',#8844);
#8844 = AXIS2_PLACEMENT_3D('',#8845,#8846,#8847);
#8845 = CARTESIAN_POINT('',(-772.9776460052,1.74625E+03,
    3.792730230375E+03));
#8846 = DIRECTION('',(0.56780921239,0.,-0.823160189954));
#8847 = DIRECTION('',(0.823160189954,2.2E-16,0.56780921239));
#8848 = ADVANCED_FACE('',(#8849),#8874,.T.);
#8849 = FACE_BOUND('',#8850,.T.);
#8850 = EDGE_LOOP('',(#8851,#8852,#8860,#8868));
#8851 = ORIENTED_EDGE('',*,*,#8830,.T.);
#8852 = ORIENTED_EDGE('',*,*,#8853,.T.);
#8853 = EDGE_CURVE('',#8823,#8854,#8856,.T.);
#8854 = VERTEX_POINT('',#8855);
#8855 = CARTESIAN_POINT('',(799.96514600528,1.79705E+03,
    4.939446773992E+03));
#8856 = LINE('',#8857,#8858);
#8857 = CARTESIAN_POINT('',(828.80985399471,1.79705E+03,
    4.897630236342E+03));
#8858 = VECTOR('',#8859,1.);
#8859 = DIRECTION('',(-0.56780921239,0.,0.823160189954));
#8860 = ORIENTED_EDGE('',*,*,#8861,.F.);
#8861 = EDGE_CURVE('',#8862,#8854,#8864,.T.);
#8862 = VERTEX_POINT('',#8863);
#8863 = CARTESIAN_POINT('',(799.96514600528,1.74625E+03,
    4.939446773992E+03));
#8864 = LINE('',#8865,#8866);
#8865 = CARTESIAN_POINT('',(799.96514600528,1.74625E+03,
    4.939446773992E+03));
#8866 = VECTOR('',#8867,1.);
#8867 = DIRECTION('',(0.,1.,0.));
#8868 = ORIENTED_EDGE('',*,*,#8869,.F.);
#8869 = EDGE_CURVE('',#8831,#8862,#8870,.T.);
#8870 = LINE('',#8871,#8872);
#8871 = CARTESIAN_POINT('',(828.80985399471,1.74625E+03,
    4.897630236342E+03));
#8872 = VECTOR('',#8873,1.);
#8873 = DIRECTION('',(-0.56780921239,0.,0.823160189954));
#8874 = PLANE('',#8875);
#8875 = AXIS2_PLACEMENT_3D('',#8876,#8877,#8878);
#8876 = CARTESIAN_POINT('',(828.80985399471,1.74625E+03,
    4.897630236342E+03));
#8877 = DIRECTION('',(0.823160189954,0.,0.56780921239));
#8878 = DIRECTION('',(-0.56780921239,6.E-17,0.823160189954));
#8879 = ADVANCED_FACE('',(#8880),#8896,.T.);
#8880 = FACE_BOUND('',#8881,.T.);
#8881 = EDGE_LOOP('',(#8882,#8883,#8889,#8890));
#8882 = ORIENTED_EDGE('',*,*,#8861,.T.);
#8883 = ORIENTED_EDGE('',*,*,#8884,.T.);
#8884 = EDGE_CURVE('',#8854,#8784,#8885,.T.);
#8885 = LINE('',#8886,#8887);
#8886 = CARTESIAN_POINT('',(799.96514600528,1.79705E+03,
    4.939446773992E+03));
#8887 = VECTOR('',#8888,1.);
#8888 = DIRECTION('',(-0.823160189954,0.,-0.56780921239));
#8889 = ORIENTED_EDGE('',*,*,#8781,.F.);
#8890 = ORIENTED_EDGE('',*,*,#8891,.F.);
#8891 = EDGE_CURVE('',#8862,#8782,#8892,.T.);
#8892 = LINE('',#8893,#8894);
#8893 = CARTESIAN_POINT('',(799.96514600528,1.74625E+03,
    4.939446773992E+03));
#8894 = VECTOR('',#8895,1.);
#8895 = DIRECTION('',(-0.823160189954,0.,-0.56780921239));
#8896 = PLANE('',#8897);
#8897 = AXIS2_PLACEMENT_3D('',#8898,#8899,#8900);
#8898 = CARTESIAN_POINT('',(799.96514600528,1.74625E+03,
    4.939446773992E+03));
#8899 = DIRECTION('',(-0.56780921239,0.,0.823160189954));
#8900 = DIRECTION('',(-0.823160189954,-2.2E-16,-0.56780921239));
#8901 = ADVANCED_FACE('',(#8902),#8908,.F.);
#8902 = FACE_BOUND('',#8903,.T.);
#8903 = EDGE_LOOP('',(#8904,#8905,#8906,#8907));
#8904 = ORIENTED_EDGE('',*,*,#8807,.T.);
#8905 = ORIENTED_EDGE('',*,*,#8838,.T.);
#8906 = ORIENTED_EDGE('',*,*,#8869,.T.);
#8907 = ORIENTED_EDGE('',*,*,#8891,.T.);
#8908 = PLANE('',#8909);
#8909 = AXIS2_PLACEMENT_3D('',#8910,#8911,#8912);
#8910 = CARTESIAN_POINT('',(13.49375,1.74625E+03,4.366088502184E+03));
#8911 = DIRECTION('',(0.,1.,0.));
#8912 = DIRECTION('',(0.,0.,1.));
#8913 = ADVANCED_FACE('',(#8914),#8920,.T.);
#8914 = FACE_BOUND('',#8915,.F.);
#8915 = EDGE_LOOP('',(#8916,#8917,#8918,#8919));
#8916 = ORIENTED_EDGE('',*,*,#8791,.T.);
#8917 = ORIENTED_EDGE('',*,*,#8822,.T.);
#8918 = ORIENTED_EDGE('',*,*,#8853,.T.);
#8919 = ORIENTED_EDGE('',*,*,#8884,.T.);
#8920 = PLANE('',#8921);
#8921 = AXIS2_PLACEMENT_3D('',#8922,#8923,#8924);
#8922 = CARTESIAN_POINT('',(13.49375,1.79705E+03,4.366088502184E+03));
#8923 = DIRECTION('',(0.,1.,0.));
#8924 = DIRECTION('',(0.,0.,1.));
#8925 = MANIFOLD_SOLID_BREP('',#8926);
#8926 = CLOSED_SHELL('',(#8927,#8967,#8998,#9029,#9051,#9063));
#8927 = ADVANCED_FACE('',(#8928),#8962,.T.);
#8928 = FACE_BOUND('',#8929,.T.);
#8929 = EDGE_LOOP('',(#8930,#8940,#8948,#8956));
#8930 = ORIENTED_EDGE('',*,*,#8931,.T.);
#8931 = EDGE_CURVE('',#8932,#8934,#8936,.T.);
#8932 = VERTEX_POINT('',#8933);
#8933 = CARTESIAN_POINT('',(828.65615272151,1.74625E+03,
    4.939551966317E+03));
#8934 = VERTEX_POINT('',#8935);
#8935 = CARTESIAN_POINT('',(828.65615272151,1.79705E+03,
    4.939551966317E+03));
#8936 = LINE('',#8937,#8938);
#8937 = CARTESIAN_POINT('',(828.65615272151,1.74625E+03,
    4.939551966317E+03));
#8938 = VECTOR('',#8939,1.);
#8939 = DIRECTION('',(0.,1.,0.));
#8940 = ORIENTED_EDGE('',*,*,#8941,.T.);
#8941 = EDGE_CURVE('',#8934,#8942,#8944,.T.);
#8942 = VERTEX_POINT('',#8943);
#8943 = CARTESIAN_POINT('',(800.11884727848,1.79705E+03,
    4.897525044017E+03));
#8944 = LINE('',#8945,#8946);
#8945 = CARTESIAN_POINT('',(828.65615272151,1.79705E+03,
    4.939551966317E+03));
#8946 = VECTOR('',#8947,1.);
#8947 = DIRECTION('',(-0.561757981162,0.,-0.827301620088));
#8948 = ORIENTED_EDGE('',*,*,#8949,.F.);
#8949 = EDGE_CURVE('',#8950,#8942,#8952,.T.);
#8950 = VERTEX_POINT('',#8951);
#8951 = CARTESIAN_POINT('',(800.11884727848,1.74625E+03,
    4.897525044017E+03));
#8952 = LINE('',#8953,#8954);
#8953 = CARTESIAN_POINT('',(800.11884727848,1.74625E+03,
    4.897525044017E+03));
#8954 = VECTOR('',#8955,1.);
#8955 = DIRECTION('',(0.,1.,0.));
#8956 = ORIENTED_EDGE('',*,*,#8957,.F.);
#8957 = EDGE_CURVE('',#8932,#8950,#8958,.T.);
#8958 = LINE('',#8959,#8960);
#8959 = CARTESIAN_POINT('',(828.65615272151,1.74625E+03,
    4.939551966317E+03));
#8960 = VECTOR('',#8961,1.);
#8961 = DIRECTION('',(-0.561757981162,0.,-0.827301620088));
#8962 = PLANE('',#8963);
#8963 = AXIS2_PLACEMENT_3D('',#8964,#8965,#8966);
#8964 = CARTESIAN_POINT('',(828.65615272151,1.74625E+03,
    4.939551966317E+03));
#8965 = DIRECTION('',(-0.827301620088,0.,0.561757981162));
#8966 = DIRECTION('',(-0.561757981162,1.7E-16,-0.827301620088));
#8967 = ADVANCED_FACE('',(#8968),#8993,.T.);
#8968 = FACE_BOUND('',#8969,.T.);
#8969 = EDGE_LOOP('',(#8970,#8971,#8979,#8987));
#8970 = ORIENTED_EDGE('',*,*,#8949,.T.);
#8971 = ORIENTED_EDGE('',*,*,#8972,.T.);
#8972 = EDGE_CURVE('',#8942,#8973,#8975,.T.);
#8973 = VERTEX_POINT('',#8974);
#8974 = CARTESIAN_POINT('',(2.427306347278E+03,1.79705E+03,
    3.79262503805E+03));
#8975 = LINE('',#8976,#8977);
#8976 = CARTESIAN_POINT('',(800.11884727848,1.79705E+03,
    4.897525044017E+03));
#8977 = VECTOR('',#8978,1.);
#8978 = DIRECTION('',(0.827301620088,0.,-0.561757981162));
#8979 = ORIENTED_EDGE('',*,*,#8980,.F.);
#8980 = EDGE_CURVE('',#8981,#8973,#8983,.T.);
#8981 = VERTEX_POINT('',#8982);
#8982 = CARTESIAN_POINT('',(2.427306347278E+03,1.74625E+03,
    3.79262503805E+03));
#8983 = LINE('',#8984,#8985);
#8984 = CARTESIAN_POINT('',(2.427306347278E+03,1.74625E+03,
    3.79262503805E+03));
#8985 = VECTOR('',#8986,1.);
#8986 = DIRECTION('',(0.,1.,0.));
#8987 = ORIENTED_EDGE('',*,*,#8988,.F.);
#8988 = EDGE_CURVE('',#8950,#8981,#8989,.T.);
#8989 = LINE('',#8990,#8991);
#8990 = CARTESIAN_POINT('',(800.11884727848,1.74625E+03,
    4.897525044017E+03));
#8991 = VECTOR('',#8992,1.);
#8992 = DIRECTION('',(0.827301620088,0.,-0.561757981162));
#8993 = PLANE('',#8994);
#8994 = AXIS2_PLACEMENT_3D('',#8995,#8996,#8997);
#8995 = CARTESIAN_POINT('',(800.11884727848,1.74625E+03,
    4.897525044017E+03));
#8996 = DIRECTION('',(-0.561757981162,0.,-0.827301620088));
#8997 = DIRECTION('',(0.827301620088,0.,-0.561757981162));
#8998 = ADVANCED_FACE('',(#8999),#9024,.T.);
#8999 = FACE_BOUND('',#9000,.T.);
#9000 = EDGE_LOOP('',(#9001,#9002,#9010,#9018));
#9001 = ORIENTED_EDGE('',*,*,#8980,.T.);
#9002 = ORIENTED_EDGE('',*,*,#9003,.T.);
#9003 = EDGE_CURVE('',#8973,#9004,#9006,.T.);
#9004 = VERTEX_POINT('',#9005);
#9005 = CARTESIAN_POINT('',(2.455843652722E+03,1.79705E+03,
    3.83465196035E+03));
#9006 = LINE('',#9007,#9008);
#9007 = CARTESIAN_POINT('',(2.427306347278E+03,1.79705E+03,
    3.79262503805E+03));
#9008 = VECTOR('',#9009,1.);
#9009 = DIRECTION('',(0.561757981162,0.,0.827301620088));
#9010 = ORIENTED_EDGE('',*,*,#9011,.F.);
#9011 = EDGE_CURVE('',#9012,#9004,#9014,.T.);
#9012 = VERTEX_POINT('',#9013);
#9013 = CARTESIAN_POINT('',(2.455843652722E+03,1.74625E+03,
    3.83465196035E+03));
#9014 = LINE('',#9015,#9016);
#9015 = CARTESIAN_POINT('',(2.455843652722E+03,1.74625E+03,
    3.83465196035E+03));
#9016 = VECTOR('',#9017,1.);
#9017 = DIRECTION('',(0.,1.,0.));
#9018 = ORIENTED_EDGE('',*,*,#9019,.F.);
#9019 = EDGE_CURVE('',#8981,#9012,#9020,.T.);
#9020 = LINE('',#9021,#9022);
#9021 = CARTESIAN_POINT('',(2.427306347278E+03,1.74625E+03,
    3.79262503805E+03));
#9022 = VECTOR('',#9023,1.);
#9023 = DIRECTION('',(0.561757981162,0.,0.827301620088));
#9024 = PLANE('',#9025);
#9025 = AXIS2_PLACEMENT_3D('',#9026,#9027,#9028);
#9026 = CARTESIAN_POINT('',(2.427306347278E+03,1.74625E+03,
    3.79262503805E+03));
#9027 = DIRECTION('',(0.827301620088,0.,-0.561757981162));
#9028 = DIRECTION('',(0.561757981162,-1.7E-16,0.827301620088));
#9029 = ADVANCED_FACE('',(#9030),#9046,.T.);
#9030 = FACE_BOUND('',#9031,.T.);
#9031 = EDGE_LOOP('',(#9032,#9033,#9039,#9040));
#9032 = ORIENTED_EDGE('',*,*,#9011,.T.);
#9033 = ORIENTED_EDGE('',*,*,#9034,.T.);
#9034 = EDGE_CURVE('',#9004,#8934,#9035,.T.);
#9035 = LINE('',#9036,#9037);
#9036 = CARTESIAN_POINT('',(2.455843652722E+03,1.79705E+03,
    3.83465196035E+03));
#9037 = VECTOR('',#9038,1.);
#9038 = DIRECTION('',(-0.827301620088,-0.,0.561757981162));
#9039 = ORIENTED_EDGE('',*,*,#8931,.F.);
#9040 = ORIENTED_EDGE('',*,*,#9041,.F.);
#9041 = EDGE_CURVE('',#9012,#8932,#9042,.T.);
#9042 = LINE('',#9043,#9044);
#9043 = CARTESIAN_POINT('',(2.455843652722E+03,1.74625E+03,
    3.83465196035E+03));
#9044 = VECTOR('',#9045,1.);
#9045 = DIRECTION('',(-0.827301620088,-0.,0.561757981162));
#9046 = PLANE('',#9047);
#9047 = AXIS2_PLACEMENT_3D('',#9048,#9049,#9050);
#9048 = CARTESIAN_POINT('',(2.455843652722E+03,1.74625E+03,
    3.83465196035E+03));
#9049 = DIRECTION('',(0.561757981162,0.,0.827301620088));
#9050 = DIRECTION('',(-0.827301620088,0.,0.561757981162));
#9051 = ADVANCED_FACE('',(#9052),#9058,.F.);
#9052 = FACE_BOUND('',#9053,.T.);
#9053 = EDGE_LOOP('',(#9054,#9055,#9056,#9057));
#9054 = ORIENTED_EDGE('',*,*,#8957,.T.);
#9055 = ORIENTED_EDGE('',*,*,#8988,.T.);
#9056 = ORIENTED_EDGE('',*,*,#9019,.T.);
#9057 = ORIENTED_EDGE('',*,*,#9041,.T.);
#9058 = PLANE('',#9059);
#9059 = AXIS2_PLACEMENT_3D('',#9060,#9061,#9062);
#9060 = CARTESIAN_POINT('',(1.62798125E+03,1.74625E+03,
    4.366088502184E+03));
#9061 = DIRECTION('',(0.,1.,0.));
#9062 = DIRECTION('',(0.,0.,1.));
#9063 = ADVANCED_FACE('',(#9064),#9070,.T.);
#9064 = FACE_BOUND('',#9065,.F.);
#9065 = EDGE_LOOP('',(#9066,#9067,#9068,#9069));
#9066 = ORIENTED_EDGE('',*,*,#8941,.T.);
#9067 = ORIENTED_EDGE('',*,*,#8972,.T.);
#9068 = ORIENTED_EDGE('',*,*,#9003,.T.);
#9069 = ORIENTED_EDGE('',*,*,#9034,.T.);
#9070 = PLANE('',#9071);
#9071 = AXIS2_PLACEMENT_3D('',#9072,#9073,#9074);
#9072 = CARTESIAN_POINT('',(1.62798125E+03,1.79705E+03,
    4.366088502184E+03));
#9073 = DIRECTION('',(0.,1.,0.));
#9074 = DIRECTION('',(0.,0.,1.));
#9075 = MANIFOLD_SOLID_BREP('',#9076);
#9076 = CLOSED_SHELL('',(#9077,#9117,#9148,#9179,#9201,#9213));
#9077 = ADVANCED_FACE('',(#9078),#9112,.T.);
#9078 = FACE_BOUND('',#9079,.T.);
#9079 = EDGE_LOOP('',(#9080,#9090,#9098,#9106));
#9080 = ORIENTED_EDGE('',*,*,#9081,.T.);
#9081 = EDGE_CURVE('',#9082,#9084,#9086,.T.);
#9082 = VERTEX_POINT('',#9083);
#9083 = CARTESIAN_POINT('',(2.427306347278E+03,1.74625E+03,
    3.83465196035E+03));
#9084 = VERTEX_POINT('',#9085);
#9085 = CARTESIAN_POINT('',(2.427306347278E+03,1.79705E+03,
    3.83465196035E+03));
#9086 = LINE('',#9087,#9088);
#9087 = CARTESIAN_POINT('',(2.427306347278E+03,1.74625E+03,
    3.83465196035E+03));
#9088 = VECTOR('',#9089,1.);
#9089 = DIRECTION('',(0.,1.,0.));
#9090 = ORIENTED_EDGE('',*,*,#9091,.T.);
#9091 = EDGE_CURVE('',#9084,#9092,#9094,.T.);
#9092 = VERTEX_POINT('',#9093);
#9093 = CARTESIAN_POINT('',(2.455843652722E+03,1.79705E+03,
    3.79262503805E+03));
#9094 = LINE('',#9095,#9096);
#9095 = CARTESIAN_POINT('',(2.427306347278E+03,1.79705E+03,
    3.83465196035E+03));
#9096 = VECTOR('',#9097,1.);
#9097 = DIRECTION('',(0.561757981162,0.,-0.827301620088));
#9098 = ORIENTED_EDGE('',*,*,#9099,.F.);
#9099 = EDGE_CURVE('',#9100,#9092,#9102,.T.);
#9100 = VERTEX_POINT('',#9101);
#9101 = CARTESIAN_POINT('',(2.455843652722E+03,1.74625E+03,
    3.79262503805E+03));
#9102 = LINE('',#9103,#9104);
#9103 = CARTESIAN_POINT('',(2.455843652722E+03,1.74625E+03,
    3.79262503805E+03));
#9104 = VECTOR('',#9105,1.);
#9105 = DIRECTION('',(0.,1.,0.));
#9106 = ORIENTED_EDGE('',*,*,#9107,.F.);
#9107 = EDGE_CURVE('',#9082,#9100,#9108,.T.);
#9108 = LINE('',#9109,#9110);
#9109 = CARTESIAN_POINT('',(2.427306347278E+03,1.74625E+03,
    3.83465196035E+03));
#9110 = VECTOR('',#9111,1.);
#9111 = DIRECTION('',(0.561757981162,0.,-0.827301620088));
#9112 = PLANE('',#9113);
#9113 = AXIS2_PLACEMENT_3D('',#9114,#9115,#9116);
#9114 = CARTESIAN_POINT('',(2.427306347278E+03,1.74625E+03,
    3.83465196035E+03));
#9115 = DIRECTION('',(-0.827301620088,0.,-0.561757981162));
#9116 = DIRECTION('',(0.561757981162,0.,-0.827301620088));
#9117 = ADVANCED_FACE('',(#9118),#9143,.T.);
#9118 = FACE_BOUND('',#9119,.T.);
#9119 = EDGE_LOOP('',(#9120,#9121,#9129,#9137));
#9120 = ORIENTED_EDGE('',*,*,#9099,.T.);
#9121 = ORIENTED_EDGE('',*,*,#9122,.T.);
#9122 = EDGE_CURVE('',#9092,#9123,#9125,.T.);
#9123 = VERTEX_POINT('',#9124);
#9124 = CARTESIAN_POINT('',(4.083031152722E+03,1.79705E+03,
    4.897525044017E+03));
#9125 = LINE('',#9126,#9127);
#9126 = CARTESIAN_POINT('',(2.455843652722E+03,1.79705E+03,
    3.79262503805E+03));
#9127 = VECTOR('',#9128,1.);
#9128 = DIRECTION('',(0.827301620088,0.,0.561757981162));
#9129 = ORIENTED_EDGE('',*,*,#9130,.F.);
#9130 = EDGE_CURVE('',#9131,#9123,#9133,.T.);
#9131 = VERTEX_POINT('',#9132);
#9132 = CARTESIAN_POINT('',(4.083031152722E+03,1.74625E+03,
    4.897525044017E+03));
#9133 = LINE('',#9134,#9135);
#9134 = CARTESIAN_POINT('',(4.083031152722E+03,1.74625E+03,
    4.897525044017E+03));
#9135 = VECTOR('',#9136,1.);
#9136 = DIRECTION('',(0.,1.,0.));
#9137 = ORIENTED_EDGE('',*,*,#9138,.F.);
#9138 = EDGE_CURVE('',#9100,#9131,#9139,.T.);
#9139 = LINE('',#9140,#9141);
#9140 = CARTESIAN_POINT('',(2.455843652722E+03,1.74625E+03,
    3.79262503805E+03));
#9141 = VECTOR('',#9142,1.);
#9142 = DIRECTION('',(0.827301620088,0.,0.561757981162));
#9143 = PLANE('',#9144);
#9144 = AXIS2_PLACEMENT_3D('',#9145,#9146,#9147);
#9145 = CARTESIAN_POINT('',(2.455843652722E+03,1.74625E+03,
    3.79262503805E+03));
#9146 = DIRECTION('',(0.561757981162,0.,-0.827301620088));
#9147 = DIRECTION('',(0.827301620088,-2.2E-16,0.561757981162));
#9148 = ADVANCED_FACE('',(#9149),#9174,.T.);
#9149 = FACE_BOUND('',#9150,.T.);
#9150 = EDGE_LOOP('',(#9151,#9152,#9160,#9168));
#9151 = ORIENTED_EDGE('',*,*,#9130,.T.);
#9152 = ORIENTED_EDGE('',*,*,#9153,.T.);
#9153 = EDGE_CURVE('',#9123,#9154,#9156,.T.);
#9154 = VERTEX_POINT('',#9155);
#9155 = CARTESIAN_POINT('',(4.054493847278E+03,1.79705E+03,
    4.939551966317E+03));
#9156 = LINE('',#9157,#9158);
#9157 = CARTESIAN_POINT('',(4.083031152722E+03,1.79705E+03,
    4.897525044017E+03));
#9158 = VECTOR('',#9159,1.);
#9159 = DIRECTION('',(-0.561757981162,0.,0.827301620088));
#9160 = ORIENTED_EDGE('',*,*,#9161,.F.);
#9161 = EDGE_CURVE('',#9162,#9154,#9164,.T.);
#9162 = VERTEX_POINT('',#9163);
#9163 = CARTESIAN_POINT('',(4.054493847278E+03,1.74625E+03,
    4.939551966317E+03));
#9164 = LINE('',#9165,#9166);
#9165 = CARTESIAN_POINT('',(4.054493847278E+03,1.74625E+03,
    4.939551966317E+03));
#9166 = VECTOR('',#9167,1.);
#9167 = DIRECTION('',(0.,1.,0.));
#9168 = ORIENTED_EDGE('',*,*,#9169,.F.);
#9169 = EDGE_CURVE('',#9131,#9162,#9170,.T.);
#9170 = LINE('',#9171,#9172);
#9171 = CARTESIAN_POINT('',(4.083031152722E+03,1.74625E+03,
    4.897525044017E+03));
#9172 = VECTOR('',#9173,1.);
#9173 = DIRECTION('',(-0.561757981162,0.,0.827301620088));
#9174 = PLANE('',#9175);
#9175 = AXIS2_PLACEMENT_3D('',#9176,#9177,#9178);
#9176 = CARTESIAN_POINT('',(4.083031152722E+03,1.74625E+03,
    4.897525044017E+03));
#9177 = DIRECTION('',(0.827301620088,0.,0.561757981162));
#9178 = DIRECTION('',(-0.561757981162,0.,0.827301620088));
#9179 = ADVANCED_FACE('',(#9180),#9196,.T.);
#9180 = FACE_BOUND('',#9181,.T.);
#9181 = EDGE_LOOP('',(#9182,#9183,#9189,#9190));
#9182 = ORIENTED_EDGE('',*,*,#9161,.T.);
#9183 = ORIENTED_EDGE('',*,*,#9184,.T.);
#9184 = EDGE_CURVE('',#9154,#9084,#9185,.T.);
#9185 = LINE('',#9186,#9187);
#9186 = CARTESIAN_POINT('',(4.054493847278E+03,1.79705E+03,
    4.939551966317E+03));
#9187 = VECTOR('',#9188,1.);
#9188 = DIRECTION('',(-0.827301620088,0.,-0.561757981162));
#9189 = ORIENTED_EDGE('',*,*,#9081,.F.);
#9190 = ORIENTED_EDGE('',*,*,#9191,.F.);
#9191 = EDGE_CURVE('',#9162,#9082,#9192,.T.);
#9192 = LINE('',#9193,#9194);
#9193 = CARTESIAN_POINT('',(4.054493847278E+03,1.74625E+03,
    4.939551966317E+03));
#9194 = VECTOR('',#9195,1.);
#9195 = DIRECTION('',(-0.827301620088,0.,-0.561757981162));
#9196 = PLANE('',#9197);
#9197 = AXIS2_PLACEMENT_3D('',#9198,#9199,#9200);
#9198 = CARTESIAN_POINT('',(4.054493847278E+03,1.74625E+03,
    4.939551966317E+03));
#9199 = DIRECTION('',(-0.561757981162,0.,0.827301620088));
#9200 = DIRECTION('',(-0.827301620088,2.2E-16,-0.561757981162));
#9201 = ADVANCED_FACE('',(#9202),#9208,.F.);
#9202 = FACE_BOUND('',#9203,.T.);
#9203 = EDGE_LOOP('',(#9204,#9205,#9206,#9207));
#9204 = ORIENTED_EDGE('',*,*,#9107,.T.);
#9205 = ORIENTED_EDGE('',*,*,#9138,.T.);
#9206 = ORIENTED_EDGE('',*,*,#9169,.T.);
#9207 = ORIENTED_EDGE('',*,*,#9191,.T.);
#9208 = PLANE('',#9209);
#9209 = AXIS2_PLACEMENT_3D('',#9210,#9211,#9212);
#9210 = CARTESIAN_POINT('',(3.25516875E+03,1.74625E+03,
    4.366088502184E+03));
#9211 = DIRECTION('',(0.,1.,0.));
#9212 = DIRECTION('',(0.,0.,1.));
#9213 = ADVANCED_FACE('',(#9214),#9220,.T.);
#9214 = FACE_BOUND('',#9215,.F.);
#9215 = EDGE_LOOP('',(#9216,#9217,#9218,#9219));
#9216 = ORIENTED_EDGE('',*,*,#9091,.T.);
#9217 = ORIENTED_EDGE('',*,*,#9122,.T.);
#9218 = ORIENTED_EDGE('',*,*,#9153,.T.);
#9219 = ORIENTED_EDGE('',*,*,#9184,.T.);
#9220 = PLANE('',#9221);
#9221 = AXIS2_PLACEMENT_3D('',#9222,#9223,#9224);
#9222 = CARTESIAN_POINT('',(3.25516875E+03,1.79705E+03,
    4.366088502184E+03));
#9223 = DIRECTION('',(0.,1.,0.));
#9224 = DIRECTION('',(0.,0.,1.));
#9225 = MANIFOLD_SOLID_BREP('',#9226);
#9226 = CLOSED_SHELL('',(#9227,#9267,#9298,#9329,#9351,#9363));
#9227 = ADVANCED_FACE('',(#9228),#9262,.T.);
#9228 = FACE_BOUND('',#9229,.T.);
#9229 = EDGE_LOOP('',(#9230,#9240,#9248,#9256));
#9230 = ORIENTED_EDGE('',*,*,#9231,.T.);
#9231 = EDGE_CURVE('',#9232,#9234,#9236,.T.);
#9232 = VERTEX_POINT('',#9233);
#9233 = CARTESIAN_POINT('',(4.083184853995E+03,1.74625E+03,
    4.939446773992E+03));
#9234 = VERTEX_POINT('',#9235);
#9235 = CARTESIAN_POINT('',(4.083184853995E+03,1.79705E+03,
    4.939446773992E+03));
#9236 = LINE('',#9237,#9238);
#9237 = CARTESIAN_POINT('',(4.083184853995E+03,1.74625E+03,
    4.939446773992E+03));
#9238 = VECTOR('',#9239,1.);
#9239 = DIRECTION('',(0.,1.,0.));
#9240 = ORIENTED_EDGE('',*,*,#9241,.T.);
#9241 = EDGE_CURVE('',#9234,#9242,#9244,.T.);
#9242 = VERTEX_POINT('',#9243);
#9243 = CARTESIAN_POINT('',(4.054340146005E+03,1.79705E+03,
    4.897630236342E+03));
#9244 = LINE('',#9245,#9246);
#9245 = CARTESIAN_POINT('',(4.083184853995E+03,1.79705E+03,
    4.939446773992E+03));
#9246 = VECTOR('',#9247,1.);
#9247 = DIRECTION('',(-0.56780921239,0.,-0.823160189954));
#9248 = ORIENTED_EDGE('',*,*,#9249,.F.);
#9249 = EDGE_CURVE('',#9250,#9242,#9252,.T.);
#9250 = VERTEX_POINT('',#9251);
#9251 = CARTESIAN_POINT('',(4.054340146005E+03,1.74625E+03,
    4.897630236342E+03));
#9252 = LINE('',#9253,#9254);
#9253 = CARTESIAN_POINT('',(4.054340146005E+03,1.74625E+03,
    4.897630236342E+03));
#9254 = VECTOR('',#9255,1.);
#9255 = DIRECTION('',(0.,1.,0.));
#9256 = ORIENTED_EDGE('',*,*,#9257,.F.);
#9257 = EDGE_CURVE('',#9232,#9250,#9258,.T.);
#9258 = LINE('',#9259,#9260);
#9259 = CARTESIAN_POINT('',(4.083184853995E+03,1.74625E+03,
    4.939446773992E+03));
#9260 = VECTOR('',#9261,1.);
#9261 = DIRECTION('',(-0.56780921239,0.,-0.823160189954));
#9262 = PLANE('',#9263);
#9263 = AXIS2_PLACEMENT_3D('',#9264,#9265,#9266);
#9264 = CARTESIAN_POINT('',(4.083184853995E+03,1.74625E+03,
    4.939446773992E+03));
#9265 = DIRECTION('',(-0.823160189954,0.,0.56780921239));
#9266 = DIRECTION('',(-0.56780921239,1.1E-16,-0.823160189954));
#9267 = ADVANCED_FACE('',(#9268),#9293,.T.);
#9268 = FACE_BOUND('',#9269,.T.);
#9269 = EDGE_LOOP('',(#9270,#9271,#9279,#9287));
#9270 = ORIENTED_EDGE('',*,*,#9249,.T.);
#9271 = ORIENTED_EDGE('',*,*,#9272,.T.);
#9272 = EDGE_CURVE('',#9242,#9273,#9275,.T.);
#9273 = VERTEX_POINT('',#9274);
#9274 = CARTESIAN_POINT('',(5.656127646005E+03,1.79705E+03,
    3.792730230375E+03));
#9275 = LINE('',#9276,#9277);
#9276 = CARTESIAN_POINT('',(4.054340146005E+03,1.79705E+03,
    4.897630236342E+03));
#9277 = VECTOR('',#9278,1.);
#9278 = DIRECTION('',(0.823160189954,0.,-0.56780921239));
#9279 = ORIENTED_EDGE('',*,*,#9280,.F.);
#9280 = EDGE_CURVE('',#9281,#9273,#9283,.T.);
#9281 = VERTEX_POINT('',#9282);
#9282 = CARTESIAN_POINT('',(5.656127646005E+03,1.74625E+03,
    3.792730230375E+03));
#9283 = LINE('',#9284,#9285);
#9284 = CARTESIAN_POINT('',(5.656127646005E+03,1.74625E+03,
    3.792730230375E+03));
#9285 = VECTOR('',#9286,1.);
#9286 = DIRECTION('',(0.,1.,0.));
#9287 = ORIENTED_EDGE('',*,*,#9288,.F.);
#9288 = EDGE_CURVE('',#9250,#9281,#9289,.T.);
#9289 = LINE('',#9290,#9291);
#9290 = CARTESIAN_POINT('',(4.054340146005E+03,1.74625E+03,
    4.897630236342E+03));
#9291 = VECTOR('',#9292,1.);
#9292 = DIRECTION('',(0.823160189954,0.,-0.56780921239));
#9293 = PLANE('',#9294);
#9294 = AXIS2_PLACEMENT_3D('',#9295,#9296,#9297);
#9295 = CARTESIAN_POINT('',(4.054340146005E+03,1.74625E+03,
    4.897630236342E+03));
#9296 = DIRECTION('',(-0.56780921239,0.,-0.823160189954));
#9297 = DIRECTION('',(0.823160189954,0.,-0.56780921239));
#9298 = ADVANCED_FACE('',(#9299),#9324,.T.);
#9299 = FACE_BOUND('',#9300,.T.);
#9300 = EDGE_LOOP('',(#9301,#9302,#9310,#9318));
#9301 = ORIENTED_EDGE('',*,*,#9280,.T.);
#9302 = ORIENTED_EDGE('',*,*,#9303,.T.);
#9303 = EDGE_CURVE('',#9273,#9304,#9306,.T.);
#9304 = VERTEX_POINT('',#9305);
#9305 = CARTESIAN_POINT('',(5.684972353995E+03,1.79705E+03,
    3.834546768025E+03));
#9306 = LINE('',#9307,#9308);
#9307 = CARTESIAN_POINT('',(5.656127646005E+03,1.79705E+03,
    3.792730230375E+03));
#9308 = VECTOR('',#9309,1.);
#9309 = DIRECTION('',(0.56780921239,-0.,0.823160189954));
#9310 = ORIENTED_EDGE('',*,*,#9311,.F.);
#9311 = EDGE_CURVE('',#9312,#9304,#9314,.T.);
#9312 = VERTEX_POINT('',#9313);
#9313 = CARTESIAN_POINT('',(5.684972353995E+03,1.74625E+03,
    3.834546768025E+03));
#9314 = LINE('',#9315,#9316);
#9315 = CARTESIAN_POINT('',(5.684972353995E+03,1.74625E+03,
    3.834546768025E+03));
#9316 = VECTOR('',#9317,1.);
#9317 = DIRECTION('',(0.,1.,0.));
#9318 = ORIENTED_EDGE('',*,*,#9319,.F.);
#9319 = EDGE_CURVE('',#9281,#9312,#9320,.T.);
#9320 = LINE('',#9321,#9322);
#9321 = CARTESIAN_POINT('',(5.656127646005E+03,1.74625E+03,
    3.792730230375E+03));
#9322 = VECTOR('',#9323,1.);
#9323 = DIRECTION('',(0.56780921239,-0.,0.823160189954));
#9324 = PLANE('',#9325);
#9325 = AXIS2_PLACEMENT_3D('',#9326,#9327,#9328);
#9326 = CARTESIAN_POINT('',(5.656127646005E+03,1.74625E+03,
    3.792730230375E+03));
#9327 = DIRECTION('',(0.823160189954,0.,-0.56780921239));
#9328 = DIRECTION('',(0.56780921239,-1.1E-16,0.823160189954));
#9329 = ADVANCED_FACE('',(#9330),#9346,.T.);
#9330 = FACE_BOUND('',#9331,.T.);
#9331 = EDGE_LOOP('',(#9332,#9333,#9339,#9340));
#9332 = ORIENTED_EDGE('',*,*,#9311,.T.);
#9333 = ORIENTED_EDGE('',*,*,#9334,.T.);
#9334 = EDGE_CURVE('',#9304,#9234,#9335,.T.);
#9335 = LINE('',#9336,#9337);
#9336 = CARTESIAN_POINT('',(5.684972353995E+03,1.79705E+03,
    3.834546768025E+03));
#9337 = VECTOR('',#9338,1.);
#9338 = DIRECTION('',(-0.823160189954,0.,0.56780921239));
#9339 = ORIENTED_EDGE('',*,*,#9231,.F.);
#9340 = ORIENTED_EDGE('',*,*,#9341,.F.);
#9341 = EDGE_CURVE('',#9312,#9232,#9342,.T.);
#9342 = LINE('',#9343,#9344);
#9343 = CARTESIAN_POINT('',(5.684972353995E+03,1.74625E+03,
    3.834546768025E+03));
#9344 = VECTOR('',#9345,1.);
#9345 = DIRECTION('',(-0.823160189954,0.,0.56780921239));
#9346 = PLANE('',#9347);
#9347 = AXIS2_PLACEMENT_3D('',#9348,#9349,#9350);
#9348 = CARTESIAN_POINT('',(5.684972353995E+03,1.74625E+03,
    3.834546768025E+03));
#9349 = DIRECTION('',(0.56780921239,0.,0.823160189954));
#9350 = DIRECTION('',(-0.823160189954,0.,0.56780921239));
#9351 = ADVANCED_FACE('',(#9352),#9358,.F.);
#9352 = FACE_BOUND('',#9353,.T.);
#9353 = EDGE_LOOP('',(#9354,#9355,#9356,#9357));
#9354 = ORIENTED_EDGE('',*,*,#9257,.T.);
#9355 = ORIENTED_EDGE('',*,*,#9288,.T.);
#9356 = ORIENTED_EDGE('',*,*,#9319,.T.);
#9357 = ORIENTED_EDGE('',*,*,#9341,.T.);
#9358 = PLANE('',#9359);
#9359 = AXIS2_PLACEMENT_3D('',#9360,#9361,#9362);
#9360 = CARTESIAN_POINT('',(4.86965625E+03,1.74625E+03,
    4.366088502184E+03));
#9361 = DIRECTION('',(0.,1.,0.));
#9362 = DIRECTION('',(0.,0.,1.));
#9363 = ADVANCED_FACE('',(#9364),#9370,.T.);
#9364 = FACE_BOUND('',#9365,.F.);
#9365 = EDGE_LOOP('',(#9366,#9367,#9368,#9369));
#9366 = ORIENTED_EDGE('',*,*,#9241,.T.);
#9367 = ORIENTED_EDGE('',*,*,#9272,.T.);
#9368 = ORIENTED_EDGE('',*,*,#9303,.T.);
#9369 = ORIENTED_EDGE('',*,*,#9334,.T.);
#9370 = PLANE('',#9371);
#9371 = AXIS2_PLACEMENT_3D('',#9372,#9373,#9374);
#9372 = CARTESIAN_POINT('',(4.86965625E+03,1.79705E+03,
    4.366088502184E+03));
#9373 = DIRECTION('',(0.,1.,0.));
#9374 = DIRECTION('',(0.,0.,1.));
#9375 = MANIFOLD_SOLID_BREP('',#9376);
#9376 = CLOSED_SHELL('',(#9377,#9417,#9448,#9479,#9501,#9513));
#9377 = ADVANCED_FACE('',(#9378),#9412,.F.);
#9378 = FACE_BOUND('',#9379,.F.);
#9379 = EDGE_LOOP('',(#9380,#9390,#9398,#9406));
#9380 = ORIENTED_EDGE('',*,*,#9381,.T.);
#9381 = EDGE_CURVE('',#9382,#9384,#9386,.T.);
#9382 = VERTEX_POINT('',#9383);
#9383 = CARTESIAN_POINT('',(-838.2,-558.8,2.9845E+03));
#9384 = VERTEX_POINT('',#9385);
#9385 = CARTESIAN_POINT('',(-787.4,-558.8,2.9845E+03));
#9386 = LINE('',#9387,#9388);
#9387 = CARTESIAN_POINT('',(-838.2,-558.8,2.9845E+03));
#9388 = VECTOR('',#9389,1.);
#9389 = DIRECTION('',(1.,0.,0.));
#9390 = ORIENTED_EDGE('',*,*,#9391,.T.);
#9391 = EDGE_CURVE('',#9384,#9392,#9394,.T.);
#9392 = VERTEX_POINT('',#9393);
#9393 = CARTESIAN_POINT('',(-787.4,-508.,2.9845E+03));
#9394 = LINE('',#9395,#9396);
#9395 = CARTESIAN_POINT('',(-787.4,-558.8,2.9845E+03));
#9396 = VECTOR('',#9397,1.);
#9397 = DIRECTION('',(0.,1.,0.));
#9398 = ORIENTED_EDGE('',*,*,#9399,.F.);
#9399 = EDGE_CURVE('',#9400,#9392,#9402,.T.);
#9400 = VERTEX_POINT('',#9401);
#9401 = CARTESIAN_POINT('',(-838.2,-508.,2.9845E+03));
#9402 = LINE('',#9403,#9404);
#9403 = CARTESIAN_POINT('',(-838.2,-508.,2.9845E+03));
#9404 = VECTOR('',#9405,1.);
#9405 = DIRECTION('',(1.,0.,0.));
#9406 = ORIENTED_EDGE('',*,*,#9407,.F.);
#9407 = EDGE_CURVE('',#9382,#9400,#9408,.T.);
#9408 = LINE('',#9409,#9410);
#9409 = CARTESIAN_POINT('',(-838.2,-558.8,2.9845E+03));
#9410 = VECTOR('',#9411,1.);
#9411 = DIRECTION('',(0.,1.,0.));
#9412 = PLANE('',#9413);
#9413 = AXIS2_PLACEMENT_3D('',#9414,#9415,#9416);
#9414 = CARTESIAN_POINT('',(-838.2,-558.8,2.9845E+03));
#9415 = DIRECTION('',(0.,0.,1.));
#9416 = DIRECTION('',(0.,1.,0.));
#9417 = ADVANCED_FACE('',(#9418),#9443,.F.);
#9418 = FACE_BOUND('',#9419,.F.);
#9419 = EDGE_LOOP('',(#9420,#9421,#9429,#9437));
#9420 = ORIENTED_EDGE('',*,*,#9399,.T.);
#9421 = ORIENTED_EDGE('',*,*,#9422,.T.);
#9422 = EDGE_CURVE('',#9392,#9423,#9425,.T.);
#9423 = VERTEX_POINT('',#9424);
#9424 = CARTESIAN_POINT('',(-787.4,-508.,3.522252570334E+03));
#9425 = LINE('',#9426,#9427);
#9426 = CARTESIAN_POINT('',(-787.4,-508.,2.9845E+03));
#9427 = VECTOR('',#9428,1.);
#9428 = DIRECTION('',(0.,0.,1.));
#9429 = ORIENTED_EDGE('',*,*,#9430,.F.);
#9430 = EDGE_CURVE('',#9431,#9423,#9433,.T.);
#9431 = VERTEX_POINT('',#9432);
#9432 = CARTESIAN_POINT('',(-838.2,-508.,3.522252570334E+03));
#9433 = LINE('',#9434,#9435);
#9434 = CARTESIAN_POINT('',(-838.2,-508.,3.522252570334E+03));
#9435 = VECTOR('',#9436,1.);
#9436 = DIRECTION('',(1.,0.,0.));
#9437 = ORIENTED_EDGE('',*,*,#9438,.F.);
#9438 = EDGE_CURVE('',#9400,#9431,#9439,.T.);
#9439 = LINE('',#9440,#9441);
#9440 = CARTESIAN_POINT('',(-838.2,-508.,2.9845E+03));
#9441 = VECTOR('',#9442,1.);
#9442 = DIRECTION('',(0.,0.,1.));
#9443 = PLANE('',#9444);
#9444 = AXIS2_PLACEMENT_3D('',#9445,#9446,#9447);
#9445 = CARTESIAN_POINT('',(-838.2,-508.,2.9845E+03));
#9446 = DIRECTION('',(0.,-1.,0.));
#9447 = DIRECTION('',(0.,0.,1.));
#9448 = ADVANCED_FACE('',(#9449),#9474,.F.);
#9449 = FACE_BOUND('',#9450,.F.);
#9450 = EDGE_LOOP('',(#9451,#9452,#9460,#9468));
#9451 = ORIENTED_EDGE('',*,*,#9430,.T.);
#9452 = ORIENTED_EDGE('',*,*,#9453,.T.);
#9453 = EDGE_CURVE('',#9423,#9454,#9456,.T.);
#9454 = VERTEX_POINT('',#9455);
#9455 = CARTESIAN_POINT('',(-787.4,-558.8,3.522252570334E+03));
#9456 = LINE('',#9457,#9458);
#9457 = CARTESIAN_POINT('',(-787.4,-508.,3.522252570334E+03));
#9458 = VECTOR('',#9459,1.);
#9459 = DIRECTION('',(0.,-1.,0.));
#9460 = ORIENTED_EDGE('',*,*,#9461,.F.);
#9461 = EDGE_CURVE('',#9462,#9454,#9464,.T.);
#9462 = VERTEX_POINT('',#9463);
#9463 = CARTESIAN_POINT('',(-838.2,-558.8,3.522252570334E+03));
#9464 = LINE('',#9465,#9466);
#9465 = CARTESIAN_POINT('',(-838.2,-558.8,3.522252570334E+03));
#9466 = VECTOR('',#9467,1.);
#9467 = DIRECTION('',(1.,0.,0.));
#9468 = ORIENTED_EDGE('',*,*,#9469,.F.);
#9469 = EDGE_CURVE('',#9431,#9462,#9470,.T.);
#9470 = LINE('',#9471,#9472);
#9471 = CARTESIAN_POINT('',(-838.2,-508.,3.522252570334E+03));
#9472 = VECTOR('',#9473,1.);
#9473 = DIRECTION('',(0.,-1.,0.));
#9474 = PLANE('',#9475);
#9475 = AXIS2_PLACEMENT_3D('',#9476,#9477,#9478);
#9476 = CARTESIAN_POINT('',(-838.2,-508.,3.522252570334E+03));
#9477 = DIRECTION('',(0.,0.,-1.));
#9478 = DIRECTION('',(0.,-1.,0.));
#9479 = ADVANCED_FACE('',(#9480),#9496,.F.);
#9480 = FACE_BOUND('',#9481,.F.);
#9481 = EDGE_LOOP('',(#9482,#9483,#9489,#9490));
#9482 = ORIENTED_EDGE('',*,*,#9461,.T.);
#9483 = ORIENTED_EDGE('',*,*,#9484,.T.);
#9484 = EDGE_CURVE('',#9454,#9384,#9485,.T.);
#9485 = LINE('',#9486,#9487);
#9486 = CARTESIAN_POINT('',(-787.4,-558.8,3.522252570334E+03));
#9487 = VECTOR('',#9488,1.);
#9488 = DIRECTION('',(0.,0.,-1.));
#9489 = ORIENTED_EDGE('',*,*,#9381,.F.);
#9490 = ORIENTED_EDGE('',*,*,#9491,.F.);
#9491 = EDGE_CURVE('',#9462,#9382,#9492,.T.);
#9492 = LINE('',#9493,#9494);
#9493 = CARTESIAN_POINT('',(-838.2,-558.8,3.522252570334E+03));
#9494 = VECTOR('',#9495,1.);
#9495 = DIRECTION('',(0.,0.,-1.));
#9496 = PLANE('',#9497);
#9497 = AXIS2_PLACEMENT_3D('',#9498,#9499,#9500);
#9498 = CARTESIAN_POINT('',(-838.2,-558.8,3.522252570334E+03));
#9499 = DIRECTION('',(0.,1.,0.));
#9500 = DIRECTION('',(0.,0.,-1.));
#9501 = ADVANCED_FACE('',(#9502),#9508,.F.);
#9502 = FACE_BOUND('',#9503,.F.);
#9503 = EDGE_LOOP('',(#9504,#9505,#9506,#9507));
#9504 = ORIENTED_EDGE('',*,*,#9407,.T.);
#9505 = ORIENTED_EDGE('',*,*,#9438,.T.);
#9506 = ORIENTED_EDGE('',*,*,#9469,.T.);
#9507 = ORIENTED_EDGE('',*,*,#9491,.T.);
#9508 = PLANE('',#9509);
#9509 = AXIS2_PLACEMENT_3D('',#9510,#9511,#9512);
#9510 = CARTESIAN_POINT('',(-838.2,-533.4,3.253376285167E+03));
#9511 = DIRECTION('',(1.,0.,0.));
#9512 = DIRECTION('',(0.,0.,1.));
#9513 = ADVANCED_FACE('',(#9514),#9520,.T.);
#9514 = FACE_BOUND('',#9515,.T.);
#9515 = EDGE_LOOP('',(#9516,#9517,#9518,#9519));
#9516 = ORIENTED_EDGE('',*,*,#9391,.T.);
#9517 = ORIENTED_EDGE('',*,*,#9422,.T.);
#9518 = ORIENTED_EDGE('',*,*,#9453,.T.);
#9519 = ORIENTED_EDGE('',*,*,#9484,.T.);
#9520 = PLANE('',#9521);
#9521 = AXIS2_PLACEMENT_3D('',#9522,#9523,#9524);
#9522 = CARTESIAN_POINT('',(-787.4,-533.4,3.253376285167E+03));
#9523 = DIRECTION('',(1.,0.,0.));
#9524 = DIRECTION('',(0.,0.,1.));
#9525 = MANIFOLD_SOLID_BREP('',#9526);
#9526 = CLOSED_SHELL('',(#9527,#9567,#9598,#9629,#9651,#9663));
#9527 = ADVANCED_FACE('',(#9528),#9562,.F.);
#9528 = FACE_BOUND('',#9529,.F.);
#9529 = EDGE_LOOP('',(#9530,#9540,#9548,#9556));
#9530 = ORIENTED_EDGE('',*,*,#9531,.T.);
#9531 = EDGE_CURVE('',#9532,#9534,#9536,.T.);
#9532 = VERTEX_POINT('',#9533);
#9533 = CARTESIAN_POINT('',(-838.2,-25.4,2.9845E+03));
#9534 = VERTEX_POINT('',#9535);
#9535 = CARTESIAN_POINT('',(-787.4,-25.4,2.9845E+03));
#9536 = LINE('',#9537,#9538);
#9537 = CARTESIAN_POINT('',(-838.2,-25.4,2.9845E+03));
#9538 = VECTOR('',#9539,1.);
#9539 = DIRECTION('',(1.,0.,0.));
#9540 = ORIENTED_EDGE('',*,*,#9541,.T.);
#9541 = EDGE_CURVE('',#9534,#9542,#9544,.T.);
#9542 = VERTEX_POINT('',#9543);
#9543 = CARTESIAN_POINT('',(-787.4,25.4,2.9845E+03));
#9544 = LINE('',#9545,#9546);
#9545 = CARTESIAN_POINT('',(-787.4,-25.4,2.9845E+03));
#9546 = VECTOR('',#9547,1.);
#9547 = DIRECTION('',(0.,1.,0.));
#9548 = ORIENTED_EDGE('',*,*,#9549,.F.);
#9549 = EDGE_CURVE('',#9550,#9542,#9552,.T.);
#9550 = VERTEX_POINT('',#9551);
#9551 = CARTESIAN_POINT('',(-838.2,25.4,2.9845E+03));
#9552 = LINE('',#9553,#9554);
#9553 = CARTESIAN_POINT('',(-838.2,25.4,2.9845E+03));
#9554 = VECTOR('',#9555,1.);
#9555 = DIRECTION('',(1.,0.,0.));
#9556 = ORIENTED_EDGE('',*,*,#9557,.F.);
#9557 = EDGE_CURVE('',#9532,#9550,#9558,.T.);
#9558 = LINE('',#9559,#9560);
#9559 = CARTESIAN_POINT('',(-838.2,-25.4,2.9845E+03));
#9560 = VECTOR('',#9561,1.);
#9561 = DIRECTION('',(0.,1.,0.));
#9562 = PLANE('',#9563);
#9563 = AXIS2_PLACEMENT_3D('',#9564,#9565,#9566);
#9564 = CARTESIAN_POINT('',(-838.2,-25.4,2.9845E+03));
#9565 = DIRECTION('',(0.,0.,1.));
#9566 = DIRECTION('',(0.,1.,0.));
#9567 = ADVANCED_FACE('',(#9568),#9593,.F.);
#9568 = FACE_BOUND('',#9569,.F.);
#9569 = EDGE_LOOP('',(#9570,#9571,#9579,#9587));
#9570 = ORIENTED_EDGE('',*,*,#9549,.T.);
#9571 = ORIENTED_EDGE('',*,*,#9572,.T.);
#9572 = EDGE_CURVE('',#9542,#9573,#9575,.T.);
#9573 = VERTEX_POINT('',#9574);
#9574 = CARTESIAN_POINT('',(-787.4,25.4,3.83021120392E+03));
#9575 = LINE('',#9576,#9577);
#9576 = CARTESIAN_POINT('',(-787.4,25.4,2.9845E+03));
#9577 = VECTOR('',#9578,1.);
#9578 = DIRECTION('',(0.,0.,1.));
#9579 = ORIENTED_EDGE('',*,*,#9580,.F.);
#9580 = EDGE_CURVE('',#9581,#9573,#9583,.T.);
#9581 = VERTEX_POINT('',#9582);
#9582 = CARTESIAN_POINT('',(-838.2,25.4,3.83021120392E+03));
#9583 = LINE('',#9584,#9585);
#9584 = CARTESIAN_POINT('',(-838.2,25.4,3.83021120392E+03));
#9585 = VECTOR('',#9586,1.);
#9586 = DIRECTION('',(1.,0.,0.));
#9587 = ORIENTED_EDGE('',*,*,#9588,.F.);
#9588 = EDGE_CURVE('',#9550,#9581,#9589,.T.);
#9589 = LINE('',#9590,#9591);
#9590 = CARTESIAN_POINT('',(-838.2,25.4,2.9845E+03));
#9591 = VECTOR('',#9592,1.);
#9592 = DIRECTION('',(0.,0.,1.));
#9593 = PLANE('',#9594);
#9594 = AXIS2_PLACEMENT_3D('',#9595,#9596,#9597);
#9595 = CARTESIAN_POINT('',(-838.2,25.4,2.9845E+03));
#9596 = DIRECTION('',(0.,-1.,0.));
#9597 = DIRECTION('',(0.,0.,1.));
#9598 = ADVANCED_FACE('',(#9599),#9624,.F.);
#9599 = FACE_BOUND('',#9600,.F.);
#9600 = EDGE_LOOP('',(#9601,#9602,#9610,#9618));
#9601 = ORIENTED_EDGE('',*,*,#9580,.T.);
#9602 = ORIENTED_EDGE('',*,*,#9603,.T.);
#9603 = EDGE_CURVE('',#9573,#9604,#9606,.T.);
#9604 = VERTEX_POINT('',#9605);
#9605 = CARTESIAN_POINT('',(-787.4,-25.4,3.83021120392E+03));
#9606 = LINE('',#9607,#9608);
#9607 = CARTESIAN_POINT('',(-787.4,25.4,3.83021120392E+03));
#9608 = VECTOR('',#9609,1.);
#9609 = DIRECTION('',(0.,-1.,0.));
#9610 = ORIENTED_EDGE('',*,*,#9611,.F.);
#9611 = EDGE_CURVE('',#9612,#9604,#9614,.T.);
#9612 = VERTEX_POINT('',#9613);
#9613 = CARTESIAN_POINT('',(-838.2,-25.4,3.83021120392E+03));
#9614 = LINE('',#9615,#9616);
#9615 = CARTESIAN_POINT('',(-838.2,-25.4,3.83021120392E+03));
#9616 = VECTOR('',#9617,1.);
#9617 = DIRECTION('',(1.,0.,0.));
#9618 = ORIENTED_EDGE('',*,*,#9619,.F.);
#9619 = EDGE_CURVE('',#9581,#9612,#9620,.T.);
#9620 = LINE('',#9621,#9622);
#9621 = CARTESIAN_POINT('',(-838.2,25.4,3.83021120392E+03));
#9622 = VECTOR('',#9623,1.);
#9623 = DIRECTION('',(0.,-1.,0.));
#9624 = PLANE('',#9625);
#9625 = AXIS2_PLACEMENT_3D('',#9626,#9627,#9628);
#9626 = CARTESIAN_POINT('',(-838.2,25.4,3.83021120392E+03));
#9627 = DIRECTION('',(0.,0.,-1.));
#9628 = DIRECTION('',(0.,-1.,0.));
#9629 = ADVANCED_FACE('',(#9630),#9646,.F.);
#9630 = FACE_BOUND('',#9631,.F.);
#9631 = EDGE_LOOP('',(#9632,#9633,#9639,#9640));
#9632 = ORIENTED_EDGE('',*,*,#9611,.T.);
#9633 = ORIENTED_EDGE('',*,*,#9634,.T.);
#9634 = EDGE_CURVE('',#9604,#9534,#9635,.T.);
#9635 = LINE('',#9636,#9637);
#9636 = CARTESIAN_POINT('',(-787.4,-25.4,3.83021120392E+03));
#9637 = VECTOR('',#9638,1.);
#9638 = DIRECTION('',(0.,0.,-1.));
#9639 = ORIENTED_EDGE('',*,*,#9531,.F.);
#9640 = ORIENTED_EDGE('',*,*,#9641,.F.);
#9641 = EDGE_CURVE('',#9612,#9532,#9642,.T.);
#9642 = LINE('',#9643,#9644);
#9643 = CARTESIAN_POINT('',(-838.2,-25.4,3.83021120392E+03));
#9644 = VECTOR('',#9645,1.);
#9645 = DIRECTION('',(0.,0.,-1.));
#9646 = PLANE('',#9647);
#9647 = AXIS2_PLACEMENT_3D('',#9648,#9649,#9650);
#9648 = CARTESIAN_POINT('',(-838.2,-25.4,3.83021120392E+03));
#9649 = DIRECTION('',(0.,1.,0.));
#9650 = DIRECTION('',(0.,0.,-1.));
#9651 = ADVANCED_FACE('',(#9652),#9658,.F.);
#9652 = FACE_BOUND('',#9653,.F.);
#9653 = EDGE_LOOP('',(#9654,#9655,#9656,#9657));
#9654 = ORIENTED_EDGE('',*,*,#9557,.T.);
#9655 = ORIENTED_EDGE('',*,*,#9588,.T.);
#9656 = ORIENTED_EDGE('',*,*,#9619,.T.);
#9657 = ORIENTED_EDGE('',*,*,#9641,.T.);
#9658 = PLANE('',#9659);
#9659 = AXIS2_PLACEMENT_3D('',#9660,#9661,#9662);
#9660 = CARTESIAN_POINT('',(-838.2,0.,3.40735560196E+03));
#9661 = DIRECTION('',(1.,0.,0.));
#9662 = DIRECTION('',(0.,0.,1.));
#9663 = ADVANCED_FACE('',(#9664),#9670,.T.);
#9664 = FACE_BOUND('',#9665,.T.);
#9665 = EDGE_LOOP('',(#9666,#9667,#9668,#9669));
#9666 = ORIENTED_EDGE('',*,*,#9541,.T.);
#9667 = ORIENTED_EDGE('',*,*,#9572,.T.);
#9668 = ORIENTED_EDGE('',*,*,#9603,.T.);
#9669 = ORIENTED_EDGE('',*,*,#9634,.T.);
#9670 = PLANE('',#9671);
#9671 = AXIS2_PLACEMENT_3D('',#9672,#9673,#9674);
#9672 = CARTESIAN_POINT('',(-787.4,0.,3.40735560196E+03));
#9673 = DIRECTION('',(1.,0.,0.));
#9674 = DIRECTION('',(0.,0.,1.));
#9675 = MANIFOLD_SOLID_BREP('',#9676);
#9676 = CLOSED_SHELL('',(#9677,#9717,#9748,#9779,#9801,#9813));
#9677 = ADVANCED_FACE('',(#9678),#9712,.F.);
#9678 = FACE_BOUND('',#9679,.F.);
#9679 = EDGE_LOOP('',(#9680,#9690,#9698,#9706));
#9680 = ORIENTED_EDGE('',*,*,#9681,.T.);
#9681 = EDGE_CURVE('',#9682,#9684,#9686,.T.);
#9682 = VERTEX_POINT('',#9683);
#9683 = CARTESIAN_POINT('',(-838.2,1.74625E+03,2.9845E+03));
#9684 = VERTEX_POINT('',#9685);
#9685 = CARTESIAN_POINT('',(-787.4,1.74625E+03,2.9845E+03));
#9686 = LINE('',#9687,#9688);
#9687 = CARTESIAN_POINT('',(-838.2,1.74625E+03,2.9845E+03));
#9688 = VECTOR('',#9689,1.);
#9689 = DIRECTION('',(1.,0.,0.));
#9690 = ORIENTED_EDGE('',*,*,#9691,.T.);
#9691 = EDGE_CURVE('',#9684,#9692,#9694,.T.);
#9692 = VERTEX_POINT('',#9693);
#9693 = CARTESIAN_POINT('',(-787.4,1.79705E+03,2.9845E+03));
#9694 = LINE('',#9695,#9696);
#9695 = CARTESIAN_POINT('',(-787.4,1.74625E+03,2.9845E+03));
#9696 = VECTOR('',#9697,1.);
#9697 = DIRECTION('',(0.,1.,0.));
#9698 = ORIENTED_EDGE('',*,*,#9699,.F.);
#9699 = EDGE_CURVE('',#9700,#9692,#9702,.T.);
#9700 = VERTEX_POINT('',#9701);
#9701 = CARTESIAN_POINT('',(-838.2,1.79705E+03,2.9845E+03));
#9702 = LINE('',#9703,#9704);
#9703 = CARTESIAN_POINT('',(-838.2,1.79705E+03,2.9845E+03));
#9704 = VECTOR('',#9705,1.);
#9705 = DIRECTION('',(1.,0.,0.));
#9706 = ORIENTED_EDGE('',*,*,#9707,.F.);
#9707 = EDGE_CURVE('',#9682,#9700,#9708,.T.);
#9708 = LINE('',#9709,#9710);
#9709 = CARTESIAN_POINT('',(-838.2,1.74625E+03,2.9845E+03));
#9710 = VECTOR('',#9711,1.);
#9711 = DIRECTION('',(0.,1.,0.));
#9712 = PLANE('',#9713);
#9713 = AXIS2_PLACEMENT_3D('',#9714,#9715,#9716);
#9714 = CARTESIAN_POINT('',(-838.2,1.74625E+03,2.9845E+03));
#9715 = DIRECTION('',(0.,0.,1.));
#9716 = DIRECTION('',(0.,1.,0.));
#9717 = ADVANCED_FACE('',(#9718),#9743,.F.);
#9718 = FACE_BOUND('',#9719,.F.);
#9719 = EDGE_LOOP('',(#9720,#9721,#9729,#9737));
#9720 = ORIENTED_EDGE('',*,*,#9699,.T.);
#9721 = ORIENTED_EDGE('',*,*,#9722,.T.);
#9722 = EDGE_CURVE('',#9692,#9723,#9725,.T.);
#9723 = VERTEX_POINT('',#9724);
#9724 = CARTESIAN_POINT('',(-787.4,1.79705E+03,4.85307380833E+03));
#9725 = LINE('',#9726,#9727);
#9726 = CARTESIAN_POINT('',(-787.4,1.79705E+03,2.9845E+03));
#9727 = VECTOR('',#9728,1.);
#9728 = DIRECTION('',(0.,0.,1.));
#9729 = ORIENTED_EDGE('',*,*,#9730,.F.);
#9730 = EDGE_CURVE('',#9731,#9723,#9733,.T.);
#9731 = VERTEX_POINT('',#9732);
#9732 = CARTESIAN_POINT('',(-838.2,1.79705E+03,4.85307380833E+03));
#9733 = LINE('',#9734,#9735);
#9734 = CARTESIAN_POINT('',(-838.2,1.79705E+03,4.85307380833E+03));
#9735 = VECTOR('',#9736,1.);
#9736 = DIRECTION('',(1.,0.,0.));
#9737 = ORIENTED_EDGE('',*,*,#9738,.F.);
#9738 = EDGE_CURVE('',#9700,#9731,#9739,.T.);
#9739 = LINE('',#9740,#9741);
#9740 = CARTESIAN_POINT('',(-838.2,1.79705E+03,2.9845E+03));
#9741 = VECTOR('',#9742,1.);
#9742 = DIRECTION('',(0.,0.,1.));
#9743 = PLANE('',#9744);
#9744 = AXIS2_PLACEMENT_3D('',#9745,#9746,#9747);
#9745 = CARTESIAN_POINT('',(-838.2,1.79705E+03,2.9845E+03));
#9746 = DIRECTION('',(0.,-1.,0.));
#9747 = DIRECTION('',(0.,0.,1.));
#9748 = ADVANCED_FACE('',(#9749),#9774,.F.);
#9749 = FACE_BOUND('',#9750,.F.);
#9750 = EDGE_LOOP('',(#9751,#9752,#9760,#9768));
#9751 = ORIENTED_EDGE('',*,*,#9730,.T.);
#9752 = ORIENTED_EDGE('',*,*,#9753,.T.);
#9753 = EDGE_CURVE('',#9723,#9754,#9756,.T.);
#9754 = VERTEX_POINT('',#9755);
#9755 = CARTESIAN_POINT('',(-787.4,1.74625E+03,4.85307380833E+03));
#9756 = LINE('',#9757,#9758);
#9757 = CARTESIAN_POINT('',(-787.4,1.79705E+03,4.85307380833E+03));
#9758 = VECTOR('',#9759,1.);
#9759 = DIRECTION('',(0.,-1.,0.));
#9760 = ORIENTED_EDGE('',*,*,#9761,.F.);
#9761 = EDGE_CURVE('',#9762,#9754,#9764,.T.);
#9762 = VERTEX_POINT('',#9763);
#9763 = CARTESIAN_POINT('',(-838.2,1.74625E+03,4.85307380833E+03));
#9764 = LINE('',#9765,#9766);
#9765 = CARTESIAN_POINT('',(-838.2,1.74625E+03,4.85307380833E+03));
#9766 = VECTOR('',#9767,1.);
#9767 = DIRECTION('',(1.,0.,0.));
#9768 = ORIENTED_EDGE('',*,*,#9769,.F.);
#9769 = EDGE_CURVE('',#9731,#9762,#9770,.T.);
#9770 = LINE('',#9771,#9772);
#9771 = CARTESIAN_POINT('',(-838.2,1.79705E+03,4.85307380833E+03));
#9772 = VECTOR('',#9773,1.);
#9773 = DIRECTION('',(0.,-1.,0.));
#9774 = PLANE('',#9775);
#9775 = AXIS2_PLACEMENT_3D('',#9776,#9777,#9778);
#9776 = CARTESIAN_POINT('',(-838.2,1.79705E+03,4.85307380833E+03));
#9777 = DIRECTION('',(0.,0.,-1.));
#9778 = DIRECTION('',(0.,-1.,0.));
#9779 = ADVANCED_FACE('',(#9780),#9796,.F.);
#9780 = FACE_BOUND('',#9781,.F.);
#9781 = EDGE_LOOP('',(#9782,#9783,#9789,#9790));
#9782 = ORIENTED_EDGE('',*,*,#9761,.T.);
#9783 = ORIENTED_EDGE('',*,*,#9784,.T.);
#9784 = EDGE_CURVE('',#9754,#9684,#9785,.T.);
#9785 = LINE('',#9786,#9787);
#9786 = CARTESIAN_POINT('',(-787.4,1.74625E+03,4.85307380833E+03));
#9787 = VECTOR('',#9788,1.);
#9788 = DIRECTION('',(0.,0.,-1.));
#9789 = ORIENTED_EDGE('',*,*,#9681,.F.);
#9790 = ORIENTED_EDGE('',*,*,#9791,.F.);
#9791 = EDGE_CURVE('',#9762,#9682,#9792,.T.);
#9792 = LINE('',#9793,#9794);
#9793 = CARTESIAN_POINT('',(-838.2,1.74625E+03,4.85307380833E+03));
#9794 = VECTOR('',#9795,1.);
#9795 = DIRECTION('',(0.,0.,-1.));
#9796 = PLANE('',#9797);
#9797 = AXIS2_PLACEMENT_3D('',#9798,#9799,#9800);
#9798 = CARTESIAN_POINT('',(-838.2,1.74625E+03,4.85307380833E+03));
#9799 = DIRECTION('',(0.,1.,0.));
#9800 = DIRECTION('',(0.,0.,-1.));
#9801 = ADVANCED_FACE('',(#9802),#9808,.F.);
#9802 = FACE_BOUND('',#9803,.F.);
#9803 = EDGE_LOOP('',(#9804,#9805,#9806,#9807));
#9804 = ORIENTED_EDGE('',*,*,#9707,.T.);
#9805 = ORIENTED_EDGE('',*,*,#9738,.T.);
#9806 = ORIENTED_EDGE('',*,*,#9769,.T.);
#9807 = ORIENTED_EDGE('',*,*,#9791,.T.);
#9808 = PLANE('',#9809);
#9809 = AXIS2_PLACEMENT_3D('',#9810,#9811,#9812);
#9810 = CARTESIAN_POINT('',(-838.2,1.77165E+03,3.918786904165E+03));
#9811 = DIRECTION('',(1.,0.,0.));
#9812 = DIRECTION('',(0.,0.,1.));
#9813 = ADVANCED_FACE('',(#9814),#9820,.T.);
#9814 = FACE_BOUND('',#9815,.T.);
#9815 = EDGE_LOOP('',(#9816,#9817,#9818,#9819));
#9816 = ORIENTED_EDGE('',*,*,#9691,.T.);
#9817 = ORIENTED_EDGE('',*,*,#9722,.T.);
#9818 = ORIENTED_EDGE('',*,*,#9753,.T.);
#9819 = ORIENTED_EDGE('',*,*,#9784,.T.);
#9820 = PLANE('',#9821);
#9821 = AXIS2_PLACEMENT_3D('',#9822,#9823,#9824);
#9822 = CARTESIAN_POINT('',(-787.4,1.77165E+03,3.918786904165E+03));
#9823 = DIRECTION('',(1.,0.,0.));
#9824 = DIRECTION('',(0.,0.,1.));
#9825 = MANIFOLD_SOLID_BREP('',#9826);
#9826 = CLOSED_SHELL('',(#9827,#9867,#9898,#9929,#9951,#9963));
#9827 = ADVANCED_FACE('',(#9828),#9862,.F.);
#9828 = FACE_BOUND('',#9829,.F.);
#9829 = EDGE_LOOP('',(#9830,#9840,#9848,#9856));
#9830 = ORIENTED_EDGE('',*,*,#9831,.T.);
#9831 = EDGE_CURVE('',#9832,#9834,#9836,.T.);
#9832 = VERTEX_POINT('',#9833);
#9833 = CARTESIAN_POINT('',(-838.2,3.092766207439E+03,2.9845E+03));
#9834 = VERTEX_POINT('',#9835);
#9835 = CARTESIAN_POINT('',(-787.4,3.092766207439E+03,2.9845E+03));
#9836 = LINE('',#9837,#9838);
#9837 = CARTESIAN_POINT('',(-838.2,3.092766207439E+03,2.9845E+03));
#9838 = VECTOR('',#9839,1.);
#9839 = DIRECTION('',(1.,0.,0.));
#9840 = ORIENTED_EDGE('',*,*,#9841,.T.);
#9841 = EDGE_CURVE('',#9834,#9842,#9844,.T.);
#9842 = VERTEX_POINT('',#9843);
#9843 = CARTESIAN_POINT('',(-787.4,3.143566207439E+03,2.9845E+03));
#9844 = LINE('',#9845,#9846);
#9845 = CARTESIAN_POINT('',(-787.4,3.092766207439E+03,2.9845E+03));
#9846 = VECTOR('',#9847,1.);
#9847 = DIRECTION('',(0.,1.,0.));
#9848 = ORIENTED_EDGE('',*,*,#9849,.F.);
#9849 = EDGE_CURVE('',#9850,#9842,#9852,.T.);
#9850 = VERTEX_POINT('',#9851);
#9851 = CARTESIAN_POINT('',(-838.2,3.143566207439E+03,2.9845E+03));
#9852 = LINE('',#9853,#9854);
#9853 = CARTESIAN_POINT('',(-838.2,3.143566207439E+03,2.9845E+03));
#9854 = VECTOR('',#9855,1.);
#9855 = DIRECTION('',(1.,0.,0.));
#9856 = ORIENTED_EDGE('',*,*,#9857,.F.);
#9857 = EDGE_CURVE('',#9832,#9850,#9858,.T.);
#9858 = LINE('',#9859,#9860);
#9859 = CARTESIAN_POINT('',(-838.2,3.092766207439E+03,2.9845E+03));
#9860 = VECTOR('',#9861,1.);
#9861 = DIRECTION('',(0.,1.,0.));
#9862 = PLANE('',#9863);
#9863 = AXIS2_PLACEMENT_3D('',#9864,#9865,#9866);
#9864 = CARTESIAN_POINT('',(-838.2,3.092766207439E+03,2.9845E+03));
#9865 = DIRECTION('',(0.,0.,1.));
#9866 = DIRECTION('',(0.,1.,0.));
#9867 = ADVANCED_FACE('',(#9868),#9893,.F.);
#9868 = FACE_BOUND('',#9869,.F.);
#9869 = EDGE_LOOP('',(#9870,#9871,#9879,#9887));
#9870 = ORIENTED_EDGE('',*,*,#9849,.T.);
#9871 = ORIENTED_EDGE('',*,*,#9872,.T.);
#9872 = EDGE_CURVE('',#9842,#9873,#9875,.T.);
#9873 = VERTEX_POINT('',#9874);
#9874 = CARTESIAN_POINT('',(-787.4,3.143566207439E+03,5.630485303163E+03
    ));
#9875 = LINE('',#9876,#9877);
#9876 = CARTESIAN_POINT('',(-787.4,3.143566207439E+03,2.9845E+03));
#9877 = VECTOR('',#9878,1.);
#9878 = DIRECTION('',(0.,0.,1.));
#9879 = ORIENTED_EDGE('',*,*,#9880,.F.);
#9880 = EDGE_CURVE('',#9881,#9873,#9883,.T.);
#9881 = VERTEX_POINT('',#9882);
#9882 = CARTESIAN_POINT('',(-838.2,3.143566207439E+03,5.630485303163E+03
    ));
#9883 = LINE('',#9884,#9885);
#9884 = CARTESIAN_POINT('',(-838.2,3.143566207439E+03,5.630485303163E+03
    ));
#9885 = VECTOR('',#9886,1.);
#9886 = DIRECTION('',(1.,0.,0.));
#9887 = ORIENTED_EDGE('',*,*,#9888,.F.);
#9888 = EDGE_CURVE('',#9850,#9881,#9889,.T.);
#9889 = LINE('',#9890,#9891);
#9890 = CARTESIAN_POINT('',(-838.2,3.143566207439E+03,2.9845E+03));
#9891 = VECTOR('',#9892,1.);
#9892 = DIRECTION('',(0.,0.,1.));
#9893 = PLANE('',#9894);
#9894 = AXIS2_PLACEMENT_3D('',#9895,#9896,#9897);
#9895 = CARTESIAN_POINT('',(-838.2,3.143566207439E+03,2.9845E+03));
#9896 = DIRECTION('',(0.,-1.,0.));
#9897 = DIRECTION('',(0.,0.,1.));
#9898 = ADVANCED_FACE('',(#9899),#9924,.F.);
#9899 = FACE_BOUND('',#9900,.F.);
#9900 = EDGE_LOOP('',(#9901,#9902,#9910,#9918));
#9901 = ORIENTED_EDGE('',*,*,#9880,.T.);
#9902 = ORIENTED_EDGE('',*,*,#9903,.T.);
#9903 = EDGE_CURVE('',#9873,#9904,#9906,.T.);
#9904 = VERTEX_POINT('',#9905);
#9905 = CARTESIAN_POINT('',(-787.4,3.092766207439E+03,5.630485303163E+03
    ));
#9906 = LINE('',#9907,#9908);
#9907 = CARTESIAN_POINT('',(-787.4,3.143566207439E+03,5.630485303163E+03
    ));
#9908 = VECTOR('',#9909,1.);
#9909 = DIRECTION('',(0.,-1.,0.));
#9910 = ORIENTED_EDGE('',*,*,#9911,.F.);
#9911 = EDGE_CURVE('',#9912,#9904,#9914,.T.);
#9912 = VERTEX_POINT('',#9913);
#9913 = CARTESIAN_POINT('',(-838.2,3.092766207439E+03,5.630485303163E+03
    ));
#9914 = LINE('',#9915,#9916);
#9915 = CARTESIAN_POINT('',(-838.2,3.092766207439E+03,5.630485303163E+03
    ));
#9916 = VECTOR('',#9917,1.);
#9917 = DIRECTION('',(1.,0.,0.));
#9918 = ORIENTED_EDGE('',*,*,#9919,.F.);
#9919 = EDGE_CURVE('',#9881,#9912,#9920,.T.);
#9920 = LINE('',#9921,#9922);
#9921 = CARTESIAN_POINT('',(-838.2,3.143566207439E+03,5.630485303163E+03
    ));
#9922 = VECTOR('',#9923,1.);
#9923 = DIRECTION('',(0.,-1.,0.));
#9924 = PLANE('',#9925);
#9925 = AXIS2_PLACEMENT_3D('',#9926,#9927,#9928);
#9926 = CARTESIAN_POINT('',(-838.2,3.143566207439E+03,5.630485303163E+03
    ));
#9927 = DIRECTION('',(0.,0.,-1.));
#9928 = DIRECTION('',(0.,-1.,0.));
#9929 = ADVANCED_FACE('',(#9930),#9946,.F.);
#9930 = FACE_BOUND('',#9931,.F.);
#9931 = EDGE_LOOP('',(#9932,#9933,#9939,#9940));
#9932 = ORIENTED_EDGE('',*,*,#9911,.T.);
#9933 = ORIENTED_EDGE('',*,*,#9934,.T.);
#9934 = EDGE_CURVE('',#9904,#9834,#9935,.T.);
#9935 = LINE('',#9936,#9937);
#9936 = CARTESIAN_POINT('',(-787.4,3.092766207439E+03,5.630485303163E+03
    ));
#9937 = VECTOR('',#9938,1.);
#9938 = DIRECTION('',(0.,0.,-1.));
#9939 = ORIENTED_EDGE('',*,*,#9831,.F.);
#9940 = ORIENTED_EDGE('',*,*,#9941,.F.);
#9941 = EDGE_CURVE('',#9912,#9832,#9942,.T.);
#9942 = LINE('',#9943,#9944);
#9943 = CARTESIAN_POINT('',(-838.2,3.092766207439E+03,5.630485303163E+03
    ));
#9944 = VECTOR('',#9945,1.);
#9945 = DIRECTION('',(0.,0.,-1.));
#9946 = PLANE('',#9947);
#9947 = AXIS2_PLACEMENT_3D('',#9948,#9949,#9950);
#9948 = CARTESIAN_POINT('',(-838.2,3.092766207439E+03,5.630485303163E+03
    ));
#9949 = DIRECTION('',(0.,1.,0.));
#9950 = DIRECTION('',(0.,0.,-1.));
#9951 = ADVANCED_FACE('',(#9952),#9958,.F.);
#9952 = FACE_BOUND('',#9953,.F.);
#9953 = EDGE_LOOP('',(#9954,#9955,#9956,#9957));
#9954 = ORIENTED_EDGE('',*,*,#9857,.T.);
#9955 = ORIENTED_EDGE('',*,*,#9888,.T.);
#9956 = ORIENTED_EDGE('',*,*,#9919,.T.);
#9957 = ORIENTED_EDGE('',*,*,#9941,.T.);
#9958 = PLANE('',#9959);
#9959 = AXIS2_PLACEMENT_3D('',#9960,#9961,#9962);
#9960 = CARTESIAN_POINT('',(-838.2,3.118166207439E+03,4.307492651581E+03
    ));
#9961 = DIRECTION('',(1.,0.,0.));
#9962 = DIRECTION('',(0.,0.,1.));
#9963 = ADVANCED_FACE('',(#9964),#9970,.T.);
#9964 = FACE_BOUND('',#9965,.T.);
#9965 = EDGE_LOOP('',(#9966,#9967,#9968,#9969));
#9966 = ORIENTED_EDGE('',*,*,#9841,.T.);
#9967 = ORIENTED_EDGE('',*,*,#9872,.T.);
#9968 = ORIENTED_EDGE('',*,*,#9903,.T.);
#9969 = ORIENTED_EDGE('',*,*,#9934,.T.);
#9970 = PLANE('',#9971);
#9971 = AXIS2_PLACEMENT_3D('',#9972,#9973,#9974);
#9972 = CARTESIAN_POINT('',(-787.4,3.118166207439E+03,4.307492651581E+03
    ));
#9973 = DIRECTION('',(1.,0.,0.));
#9974 = DIRECTION('',(0.,0.,1.));
#9975 = MANIFOLD_SOLID_BREP('',#9976);
#9976 = CLOSED_SHELL('',(#9977,#10017,#10048,#10079,#10101,#10113));
#9977 = ADVANCED_FACE('',(#9978),#10012,.F.);
#9978 = FACE_BOUND('',#9979,.F.);
#9979 = EDGE_LOOP('',(#9980,#9990,#9998,#10006));
#9980 = ORIENTED_EDGE('',*,*,#9981,.T.);
#9981 = EDGE_CURVE('',#9982,#9984,#9986,.T.);
#9982 = VERTEX_POINT('',#9983);
#9983 = CARTESIAN_POINT('',(-838.2,4.6736E+03,2.9845E+03));
#9984 = VERTEX_POINT('',#9985);
#9985 = CARTESIAN_POINT('',(-787.4,4.6736E+03,2.9845E+03));
#9986 = LINE('',#9987,#9988);
#9987 = CARTESIAN_POINT('',(-838.2,4.6736E+03,2.9845E+03));
#9988 = VECTOR('',#9989,1.);
#9989 = DIRECTION('',(1.,0.,0.));
#9990 = ORIENTED_EDGE('',*,*,#9991,.T.);
#9991 = EDGE_CURVE('',#9984,#9992,#9994,.T.);
#9992 = VERTEX_POINT('',#9993);
#9993 = CARTESIAN_POINT('',(-787.4,4.7244E+03,2.9845E+03));
#9994 = LINE('',#9995,#9996);
#9995 = CARTESIAN_POINT('',(-787.4,4.6736E+03,2.9845E+03));
#9996 = VECTOR('',#9997,1.);
#9997 = DIRECTION('',(0.,1.,0.));
#9998 = ORIENTED_EDGE('',*,*,#9999,.F.);
#9999 = EDGE_CURVE('',#10000,#9992,#10002,.T.);
#10000 = VERTEX_POINT('',#10001);
#10001 = CARTESIAN_POINT('',(-838.2,4.7244E+03,2.9845E+03));
#10002 = LINE('',#10003,#10004);
#10003 = CARTESIAN_POINT('',(-838.2,4.7244E+03,2.9845E+03));
#10004 = VECTOR('',#10005,1.);
#10005 = DIRECTION('',(1.,0.,0.));
#10006 = ORIENTED_EDGE('',*,*,#10007,.F.);
#10007 = EDGE_CURVE('',#9982,#10000,#10008,.T.);
#10008 = LINE('',#10009,#10010);
#10009 = CARTESIAN_POINT('',(-838.2,4.6736E+03,2.9845E+03));
#10010 = VECTOR('',#10011,1.);
#10011 = DIRECTION('',(0.,1.,0.));
#10012 = PLANE('',#10013);
#10013 = AXIS2_PLACEMENT_3D('',#10014,#10015,#10016);
#10014 = CARTESIAN_POINT('',(-838.2,4.6736E+03,2.9845E+03));
#10015 = DIRECTION('',(0.,0.,1.));
#10016 = DIRECTION('',(0.,1.,0.));
#10017 = ADVANCED_FACE('',(#10018),#10043,.F.);
#10018 = FACE_BOUND('',#10019,.F.);
#10019 = EDGE_LOOP('',(#10020,#10021,#10029,#10037));
#10020 = ORIENTED_EDGE('',*,*,#9999,.T.);
#10021 = ORIENTED_EDGE('',*,*,#10022,.T.);
#10022 = EDGE_CURVE('',#9992,#10023,#10025,.T.);
#10023 = VERTEX_POINT('',#10024);
#10024 = CARTESIAN_POINT('',(-787.4,4.7244E+03,5.691971010432E+03));
#10025 = LINE('',#10026,#10027);
#10026 = CARTESIAN_POINT('',(-787.4,4.7244E+03,2.9845E+03));
#10027 = VECTOR('',#10028,1.);
#10028 = DIRECTION('',(0.,0.,1.));
#10029 = ORIENTED_EDGE('',*,*,#10030,.F.);
#10030 = EDGE_CURVE('',#10031,#10023,#10033,.T.);
#10031 = VERTEX_POINT('',#10032);
#10032 = CARTESIAN_POINT('',(-838.2,4.7244E+03,5.691971010432E+03));
#10033 = LINE('',#10034,#10035);
#10034 = CARTESIAN_POINT('',(-838.2,4.7244E+03,5.691971010432E+03));
#10035 = VECTOR('',#10036,1.);
#10036 = DIRECTION('',(1.,0.,0.));
#10037 = ORIENTED_EDGE('',*,*,#10038,.F.);
#10038 = EDGE_CURVE('',#10000,#10031,#10039,.T.);
#10039 = LINE('',#10040,#10041);
#10040 = CARTESIAN_POINT('',(-838.2,4.7244E+03,2.9845E+03));
#10041 = VECTOR('',#10042,1.);
#10042 = DIRECTION('',(0.,0.,1.));
#10043 = PLANE('',#10044);
#10044 = AXIS2_PLACEMENT_3D('',#10045,#10046,#10047);
#10045 = CARTESIAN_POINT('',(-838.2,4.7244E+03,2.9845E+03));
#10046 = DIRECTION('',(0.,-1.,0.));
#10047 = DIRECTION('',(0.,0.,1.));
#10048 = ADVANCED_FACE('',(#10049),#10074,.F.);
#10049 = FACE_BOUND('',#10050,.F.);
#10050 = EDGE_LOOP('',(#10051,#10052,#10060,#10068));
#10051 = ORIENTED_EDGE('',*,*,#10030,.T.);
#10052 = ORIENTED_EDGE('',*,*,#10053,.T.);
#10053 = EDGE_CURVE('',#10023,#10054,#10056,.T.);
#10054 = VERTEX_POINT('',#10055);
#10055 = CARTESIAN_POINT('',(-787.4,4.6736E+03,5.691971010432E+03));
#10056 = LINE('',#10057,#10058);
#10057 = CARTESIAN_POINT('',(-787.4,4.7244E+03,5.691971010432E+03));
#10058 = VECTOR('',#10059,1.);
#10059 = DIRECTION('',(0.,-1.,0.));
#10060 = ORIENTED_EDGE('',*,*,#10061,.F.);
#10061 = EDGE_CURVE('',#10062,#10054,#10064,.T.);
#10062 = VERTEX_POINT('',#10063);
#10063 = CARTESIAN_POINT('',(-838.2,4.6736E+03,5.691971010432E+03));
#10064 = LINE('',#10065,#10066);
#10065 = CARTESIAN_POINT('',(-838.2,4.6736E+03,5.691971010432E+03));
#10066 = VECTOR('',#10067,1.);
#10067 = DIRECTION('',(1.,0.,0.));
#10068 = ORIENTED_EDGE('',*,*,#10069,.F.);
#10069 = EDGE_CURVE('',#10031,#10062,#10070,.T.);
#10070 = LINE('',#10071,#10072);
#10071 = CARTESIAN_POINT('',(-838.2,4.7244E+03,5.691971010432E+03));
#10072 = VECTOR('',#10073,1.);
#10073 = DIRECTION('',(0.,-1.,0.));
#10074 = PLANE('',#10075);
#10075 = AXIS2_PLACEMENT_3D('',#10076,#10077,#10078);
#10076 = CARTESIAN_POINT('',(-838.2,4.7244E+03,5.691971010432E+03));
#10077 = DIRECTION('',(0.,0.,-1.));
#10078 = DIRECTION('',(0.,-1.,0.));
#10079 = ADVANCED_FACE('',(#10080),#10096,.F.);
#10080 = FACE_BOUND('',#10081,.F.);
#10081 = EDGE_LOOP('',(#10082,#10083,#10089,#10090));
#10082 = ORIENTED_EDGE('',*,*,#10061,.T.);
#10083 = ORIENTED_EDGE('',*,*,#10084,.T.);
#10084 = EDGE_CURVE('',#10054,#9984,#10085,.T.);
#10085 = LINE('',#10086,#10087);
#10086 = CARTESIAN_POINT('',(-787.4,4.6736E+03,5.691971010432E+03));
#10087 = VECTOR('',#10088,1.);
#10088 = DIRECTION('',(0.,0.,-1.));
#10089 = ORIENTED_EDGE('',*,*,#9981,.F.);
#10090 = ORIENTED_EDGE('',*,*,#10091,.F.);
#10091 = EDGE_CURVE('',#10062,#9982,#10092,.T.);
#10092 = LINE('',#10093,#10094);
#10093 = CARTESIAN_POINT('',(-838.2,4.6736E+03,5.691971010432E+03));
#10094 = VECTOR('',#10095,1.);
#10095 = DIRECTION('',(0.,0.,-1.));
#10096 = PLANE('',#10097);
#10097 = AXIS2_PLACEMENT_3D('',#10098,#10099,#10100);
#10098 = CARTESIAN_POINT('',(-838.2,4.6736E+03,5.691971010432E+03));
#10099 = DIRECTION('',(0.,1.,0.));
#10100 = DIRECTION('',(0.,0.,-1.));
#10101 = ADVANCED_FACE('',(#10102),#10108,.F.);
#10102 = FACE_BOUND('',#10103,.F.);
#10103 = EDGE_LOOP('',(#10104,#10105,#10106,#10107));
#10104 = ORIENTED_EDGE('',*,*,#10007,.T.);
#10105 = ORIENTED_EDGE('',*,*,#10038,.T.);
#10106 = ORIENTED_EDGE('',*,*,#10069,.T.);
#10107 = ORIENTED_EDGE('',*,*,#10091,.T.);
#10108 = PLANE('',#10109);
#10109 = AXIS2_PLACEMENT_3D('',#10110,#10111,#10112);
#10110 = CARTESIAN_POINT('',(-838.2,4.699E+03,4.338235505216E+03));
#10111 = DIRECTION('',(1.,0.,0.));
#10112 = DIRECTION('',(0.,0.,1.));
#10113 = ADVANCED_FACE('',(#10114),#10120,.T.);
#10114 = FACE_BOUND('',#10115,.T.);
#10115 = EDGE_LOOP('',(#10116,#10117,#10118,#10119));
#10116 = ORIENTED_EDGE('',*,*,#9991,.T.);
#10117 = ORIENTED_EDGE('',*,*,#10022,.T.);
#10118 = ORIENTED_EDGE('',*,*,#10053,.T.);
#10119 = ORIENTED_EDGE('',*,*,#10084,.T.);
#10120 = PLANE('',#10121);
#10121 = AXIS2_PLACEMENT_3D('',#10122,#10123,#10124);
#10122 = CARTESIAN_POINT('',(-787.4,4.699E+03,4.338235505216E+03));
#10123 = DIRECTION('',(1.,0.,0.));
#10124 = DIRECTION('',(0.,0.,1.));
#10125 = MANIFOLD_SOLID_BREP('',#10126);
#10126 = CLOSED_SHELL('',(#10127,#10167,#10198,#10229,#10251,#10263));
#10127 = ADVANCED_FACE('',(#10128),#10162,.F.);
#10128 = FACE_BOUND('',#10129,.F.);
#10129 = EDGE_LOOP('',(#10130,#10140,#10148,#10156));
#10130 = ORIENTED_EDGE('',*,*,#10131,.T.);
#10131 = EDGE_CURVE('',#10132,#10134,#10136,.T.);
#10132 = VERTEX_POINT('',#10133);
#10133 = CARTESIAN_POINT('',(-838.2,6.2484E+03,2.9845E+03));
#10134 = VERTEX_POINT('',#10135);
#10135 = CARTESIAN_POINT('',(-787.4,6.2484E+03,2.9845E+03));
#10136 = LINE('',#10137,#10138);
#10137 = CARTESIAN_POINT('',(-838.2,6.2484E+03,2.9845E+03));
#10138 = VECTOR('',#10139,1.);
#10139 = DIRECTION('',(1.,0.,0.));
#10140 = ORIENTED_EDGE('',*,*,#10141,.T.);
#10141 = EDGE_CURVE('',#10134,#10142,#10144,.T.);
#10142 = VERTEX_POINT('',#10143);
#10143 = CARTESIAN_POINT('',(-787.4,6.2992E+03,2.9845E+03));
#10144 = LINE('',#10145,#10146);
#10145 = CARTESIAN_POINT('',(-787.4,6.2484E+03,2.9845E+03));
#10146 = VECTOR('',#10147,1.);
#10147 = DIRECTION('',(0.,1.,0.));
#10148 = ORIENTED_EDGE('',*,*,#10149,.F.);
#10149 = EDGE_CURVE('',#10150,#10142,#10152,.T.);
#10150 = VERTEX_POINT('',#10151);
#10151 = CARTESIAN_POINT('',(-838.2,6.2992E+03,2.9845E+03));
#10152 = LINE('',#10153,#10154);
#10153 = CARTESIAN_POINT('',(-838.2,6.2992E+03,2.9845E+03));
#10154 = VECTOR('',#10155,1.);
#10155 = DIRECTION('',(1.,0.,0.));
#10156 = ORIENTED_EDGE('',*,*,#10157,.F.);
#10157 = EDGE_CURVE('',#10132,#10150,#10158,.T.);
#10158 = LINE('',#10159,#10160);
#10159 = CARTESIAN_POINT('',(-838.2,6.2484E+03,2.9845E+03));
#10160 = VECTOR('',#10161,1.);
#10161 = DIRECTION('',(0.,1.,0.));
#10162 = PLANE('',#10163);
#10163 = AXIS2_PLACEMENT_3D('',#10164,#10165,#10166);
#10164 = CARTESIAN_POINT('',(-838.2,6.2484E+03,2.9845E+03));
#10165 = DIRECTION('',(0.,0.,1.));
#10166 = DIRECTION('',(0.,1.,0.));
#10167 = ADVANCED_FACE('',(#10168),#10193,.F.);
#10168 = FACE_BOUND('',#10169,.F.);
#10169 = EDGE_LOOP('',(#10170,#10171,#10179,#10187));
#10170 = ORIENTED_EDGE('',*,*,#10149,.T.);
#10171 = ORIENTED_EDGE('',*,*,#10172,.T.);
#10172 = EDGE_CURVE('',#10142,#10173,#10175,.T.);
#10173 = VERTEX_POINT('',#10174);
#10174 = CARTESIAN_POINT('',(-787.4,6.2992E+03,5.691971010432E+03));
#10175 = LINE('',#10176,#10177);
#10176 = CARTESIAN_POINT('',(-787.4,6.2992E+03,2.9845E+03));
#10177 = VECTOR('',#10178,1.);
#10178 = DIRECTION('',(0.,0.,1.));
#10179 = ORIENTED_EDGE('',*,*,#10180,.F.);
#10180 = EDGE_CURVE('',#10181,#10173,#10183,.T.);
#10181 = VERTEX_POINT('',#10182);
#10182 = CARTESIAN_POINT('',(-838.2,6.2992E+03,5.691971010432E+03));
#10183 = LINE('',#10184,#10185);
#10184 = CARTESIAN_POINT('',(-838.2,6.2992E+03,5.691971010432E+03));
#10185 = VECTOR('',#10186,1.);
#10186 = DIRECTION('',(1.,0.,0.));
#10187 = ORIENTED_EDGE('',*,*,#10188,.F.);
#10188 = EDGE_CURVE('',#10150,#10181,#10189,.T.);
#10189 = LINE('',#10190,#10191);
#10190 = CARTESIAN_POINT('',(-838.2,6.2992E+03,2.9845E+03));
#10191 = VECTOR('',#10192,1.);
#10192 = DIRECTION('',(0.,0.,1.));
#10193 = PLANE('',#10194);
#10194 = AXIS2_PLACEMENT_3D('',#10195,#10196,#10197);
#10195 = CARTESIAN_POINT('',(-838.2,6.2992E+03,2.9845E+03));
#10196 = DIRECTION('',(0.,-1.,0.));
#10197 = DIRECTION('',(0.,0.,1.));
#10198 = ADVANCED_FACE('',(#10199),#10224,.F.);
#10199 = FACE_BOUND('',#10200,.F.);
#10200 = EDGE_LOOP('',(#10201,#10202,#10210,#10218));
#10201 = ORIENTED_EDGE('',*,*,#10180,.T.);
#10202 = ORIENTED_EDGE('',*,*,#10203,.T.);
#10203 = EDGE_CURVE('',#10173,#10204,#10206,.T.);
#10204 = VERTEX_POINT('',#10205);
#10205 = CARTESIAN_POINT('',(-787.4,6.2484E+03,5.691971010432E+03));
#10206 = LINE('',#10207,#10208);
#10207 = CARTESIAN_POINT('',(-787.4,6.2992E+03,5.691971010432E+03));
#10208 = VECTOR('',#10209,1.);
#10209 = DIRECTION('',(0.,-1.,0.));
#10210 = ORIENTED_EDGE('',*,*,#10211,.F.);
#10211 = EDGE_CURVE('',#10212,#10204,#10214,.T.);
#10212 = VERTEX_POINT('',#10213);
#10213 = CARTESIAN_POINT('',(-838.2,6.2484E+03,5.691971010432E+03));
#10214 = LINE('',#10215,#10216);
#10215 = CARTESIAN_POINT('',(-838.2,6.2484E+03,5.691971010432E+03));
#10216 = VECTOR('',#10217,1.);
#10217 = DIRECTION('',(1.,0.,0.));
#10218 = ORIENTED_EDGE('',*,*,#10219,.F.);
#10219 = EDGE_CURVE('',#10181,#10212,#10220,.T.);
#10220 = LINE('',#10221,#10222);
#10221 = CARTESIAN_POINT('',(-838.2,6.2992E+03,5.691971010432E+03));
#10222 = VECTOR('',#10223,1.);
#10223 = DIRECTION('',(0.,-1.,0.));
#10224 = PLANE('',#10225);
#10225 = AXIS2_PLACEMENT_3D('',#10226,#10227,#10228);
#10226 = CARTESIAN_POINT('',(-838.2,6.2992E+03,5.691971010432E+03));
#10227 = DIRECTION('',(0.,0.,-1.));
#10228 = DIRECTION('',(0.,-1.,0.));
#10229 = ADVANCED_FACE('',(#10230),#10246,.F.);
#10230 = FACE_BOUND('',#10231,.F.);
#10231 = EDGE_LOOP('',(#10232,#10233,#10239,#10240));
#10232 = ORIENTED_EDGE('',*,*,#10211,.T.);
#10233 = ORIENTED_EDGE('',*,*,#10234,.T.);
#10234 = EDGE_CURVE('',#10204,#10134,#10235,.T.);
#10235 = LINE('',#10236,#10237);
#10236 = CARTESIAN_POINT('',(-787.4,6.2484E+03,5.691971010432E+03));
#10237 = VECTOR('',#10238,1.);
#10238 = DIRECTION('',(0.,0.,-1.));
#10239 = ORIENTED_EDGE('',*,*,#10131,.F.);
#10240 = ORIENTED_EDGE('',*,*,#10241,.F.);
#10241 = EDGE_CURVE('',#10212,#10132,#10242,.T.);
#10242 = LINE('',#10243,#10244);
#10243 = CARTESIAN_POINT('',(-838.2,6.2484E+03,5.691971010432E+03));
#10244 = VECTOR('',#10245,1.);
#10245 = DIRECTION('',(0.,0.,-1.));
#10246 = PLANE('',#10247);
#10247 = AXIS2_PLACEMENT_3D('',#10248,#10249,#10250);
#10248 = CARTESIAN_POINT('',(-838.2,6.2484E+03,5.691971010432E+03));
#10249 = DIRECTION('',(0.,1.,0.));
#10250 = DIRECTION('',(0.,0.,-1.));
#10251 = ADVANCED_FACE('',(#10252),#10258,.F.);
#10252 = FACE_BOUND('',#10253,.F.);
#10253 = EDGE_LOOP('',(#10254,#10255,#10256,#10257));
#10254 = ORIENTED_EDGE('',*,*,#10157,.T.);
#10255 = ORIENTED_EDGE('',*,*,#10188,.T.);
#10256 = ORIENTED_EDGE('',*,*,#10219,.T.);
#10257 = ORIENTED_EDGE('',*,*,#10241,.T.);
#10258 = PLANE('',#10259);
#10259 = AXIS2_PLACEMENT_3D('',#10260,#10261,#10262);
#10260 = CARTESIAN_POINT('',(-838.2,6.2738E+03,4.338235505216E+03));
#10261 = DIRECTION('',(1.,0.,0.));
#10262 = DIRECTION('',(0.,0.,1.));
#10263 = ADVANCED_FACE('',(#10264),#10270,.T.);
#10264 = FACE_BOUND('',#10265,.T.);
#10265 = EDGE_LOOP('',(#10266,#10267,#10268,#10269));
#10266 = ORIENTED_EDGE('',*,*,#10141,.T.);
#10267 = ORIENTED_EDGE('',*,*,#10172,.T.);
#10268 = ORIENTED_EDGE('',*,*,#10203,.T.);
#10269 = ORIENTED_EDGE('',*,*,#10234,.T.);
#10270 = PLANE('',#10271);
#10271 = AXIS2_PLACEMENT_3D('',#10272,#10273,#10274);
#10272 = CARTESIAN_POINT('',(-787.4,6.2738E+03,4.338235505216E+03));
#10273 = DIRECTION('',(1.,0.,0.));
#10274 = DIRECTION('',(0.,0.,1.));
#10275 = MANIFOLD_SOLID_BREP('',#10276);
#10276 = CLOSED_SHELL('',(#10277,#10317,#10348,#10379,#10401,#10413));
#10277 = ADVANCED_FACE('',(#10278),#10312,.F.);
#10278 = FACE_BOUND('',#10279,.F.);
#10279 = EDGE_LOOP('',(#10280,#10290,#10298,#10306));
#10280 = ORIENTED_EDGE('',*,*,#10281,.T.);
#10281 = EDGE_CURVE('',#10282,#10284,#10286,.T.);
#10282 = VERTEX_POINT('',#10283);
#10283 = CARTESIAN_POINT('',(-838.2,6.3754E+03,2.9845E+03));
#10284 = VERTEX_POINT('',#10285);
#10285 = CARTESIAN_POINT('',(-787.4,6.3754E+03,2.9845E+03));
#10286 = LINE('',#10287,#10288);
#10287 = CARTESIAN_POINT('',(-838.2,6.3754E+03,2.9845E+03));
#10288 = VECTOR('',#10289,1.);
#10289 = DIRECTION('',(1.,0.,0.));
#10290 = ORIENTED_EDGE('',*,*,#10291,.T.);
#10291 = EDGE_CURVE('',#10284,#10292,#10294,.T.);
#10292 = VERTEX_POINT('',#10293);
#10293 = CARTESIAN_POINT('',(-787.4,6.4262E+03,2.9845E+03));
#10294 = LINE('',#10295,#10296);
#10295 = CARTESIAN_POINT('',(-787.4,6.3754E+03,2.9845E+03));
#10296 = VECTOR('',#10297,1.);
#10297 = DIRECTION('',(0.,1.,0.));
#10298 = ORIENTED_EDGE('',*,*,#10299,.F.);
#10299 = EDGE_CURVE('',#10300,#10292,#10302,.T.);
#10300 = VERTEX_POINT('',#10301);
#10301 = CARTESIAN_POINT('',(-838.2,6.4262E+03,2.9845E+03));
#10302 = LINE('',#10303,#10304);
#10303 = CARTESIAN_POINT('',(-838.2,6.4262E+03,2.9845E+03));
#10304 = VECTOR('',#10305,1.);
#10305 = DIRECTION('',(1.,0.,0.));
#10306 = ORIENTED_EDGE('',*,*,#10307,.F.);
#10307 = EDGE_CURVE('',#10282,#10300,#10308,.T.);
#10308 = LINE('',#10309,#10310);
#10309 = CARTESIAN_POINT('',(-838.2,6.3754E+03,2.9845E+03));
#10310 = VECTOR('',#10311,1.);
#10311 = DIRECTION('',(0.,1.,0.));
#10312 = PLANE('',#10313);
#10313 = AXIS2_PLACEMENT_3D('',#10314,#10315,#10316);
#10314 = CARTESIAN_POINT('',(-838.2,6.3754E+03,2.9845E+03));
#10315 = DIRECTION('',(0.,0.,1.));
#10316 = DIRECTION('',(0.,1.,0.));
#10317 = ADVANCED_FACE('',(#10318),#10343,.F.);
#10318 = FACE_BOUND('',#10319,.F.);
#10319 = EDGE_LOOP('',(#10320,#10321,#10329,#10337));
#10320 = ORIENTED_EDGE('',*,*,#10299,.T.);
#10321 = ORIENTED_EDGE('',*,*,#10322,.T.);
#10322 = EDGE_CURVE('',#10292,#10323,#10325,.T.);
#10323 = VERTEX_POINT('',#10324);
#10324 = CARTESIAN_POINT('',(-787.4,6.4262E+03,5.691971010432E+03));
#10325 = LINE('',#10326,#10327);
#10326 = CARTESIAN_POINT('',(-787.4,6.4262E+03,2.9845E+03));
#10327 = VECTOR('',#10328,1.);
#10328 = DIRECTION('',(0.,0.,1.));
#10329 = ORIENTED_EDGE('',*,*,#10330,.F.);
#10330 = EDGE_CURVE('',#10331,#10323,#10333,.T.);
#10331 = VERTEX_POINT('',#10332);
#10332 = CARTESIAN_POINT('',(-838.2,6.4262E+03,5.691971010432E+03));
#10333 = LINE('',#10334,#10335);
#10334 = CARTESIAN_POINT('',(-838.2,6.4262E+03,5.691971010432E+03));
#10335 = VECTOR('',#10336,1.);
#10336 = DIRECTION('',(1.,0.,0.));
#10337 = ORIENTED_EDGE('',*,*,#10338,.F.);
#10338 = EDGE_CURVE('',#10300,#10331,#10339,.T.);
#10339 = LINE('',#10340,#10341);
#10340 = CARTESIAN_POINT('',(-838.2,6.4262E+03,2.9845E+03));
#10341 = VECTOR('',#10342,1.);
#10342 = DIRECTION('',(0.,0.,1.));
#10343 = PLANE('',#10344);
#10344 = AXIS2_PLACEMENT_3D('',#10345,#10346,#10347);
#10345 = CARTESIAN_POINT('',(-838.2,6.4262E+03,2.9845E+03));
#10346 = DIRECTION('',(0.,-1.,0.));
#10347 = DIRECTION('',(0.,0.,1.));
#10348 = ADVANCED_FACE('',(#10349),#10374,.F.);
#10349 = FACE_BOUND('',#10350,.F.);
#10350 = EDGE_LOOP('',(#10351,#10352,#10360,#10368));
#10351 = ORIENTED_EDGE('',*,*,#10330,.T.);
#10352 = ORIENTED_EDGE('',*,*,#10353,.T.);
#10353 = EDGE_CURVE('',#10323,#10354,#10356,.T.);
#10354 = VERTEX_POINT('',#10355);
#10355 = CARTESIAN_POINT('',(-787.4,6.3754E+03,5.691971010432E+03));
#10356 = LINE('',#10357,#10358);
#10357 = CARTESIAN_POINT('',(-787.4,6.4262E+03,5.691971010432E+03));
#10358 = VECTOR('',#10359,1.);
#10359 = DIRECTION('',(0.,-1.,0.));
#10360 = ORIENTED_EDGE('',*,*,#10361,.F.);
#10361 = EDGE_CURVE('',#10362,#10354,#10364,.T.);
#10362 = VERTEX_POINT('',#10363);
#10363 = CARTESIAN_POINT('',(-838.2,6.3754E+03,5.691971010432E+03));
#10364 = LINE('',#10365,#10366);
#10365 = CARTESIAN_POINT('',(-838.2,6.3754E+03,5.691971010432E+03));
#10366 = VECTOR('',#10367,1.);
#10367 = DIRECTION('',(1.,0.,0.));
#10368 = ORIENTED_EDGE('',*,*,#10369,.F.);
#10369 = EDGE_CURVE('',#10331,#10362,#10370,.T.);
#10370 = LINE('',#10371,#10372);
#10371 = CARTESIAN_POINT('',(-838.2,6.4262E+03,5.691971010432E+03));
#10372 = VECTOR('',#10373,1.);
#10373 = DIRECTION('',(0.,-1.,0.));
#10374 = PLANE('',#10375);
#10375 = AXIS2_PLACEMENT_3D('',#10376,#10377,#10378);
#10376 = CARTESIAN_POINT('',(-838.2,6.4262E+03,5.691971010432E+03));
#10377 = DIRECTION('',(0.,0.,-1.));
#10378 = DIRECTION('',(0.,-1.,0.));
#10379 = ADVANCED_FACE('',(#10380),#10396,.F.);
#10380 = FACE_BOUND('',#10381,.F.);
#10381 = EDGE_LOOP('',(#10382,#10383,#10389,#10390));
#10382 = ORIENTED_EDGE('',*,*,#10361,.T.);
#10383 = ORIENTED_EDGE('',*,*,#10384,.T.);
#10384 = EDGE_CURVE('',#10354,#10284,#10385,.T.);
#10385 = LINE('',#10386,#10387);
#10386 = CARTESIAN_POINT('',(-787.4,6.3754E+03,5.691971010432E+03));
#10387 = VECTOR('',#10388,1.);
#10388 = DIRECTION('',(0.,0.,-1.));
#10389 = ORIENTED_EDGE('',*,*,#10281,.F.);
#10390 = ORIENTED_EDGE('',*,*,#10391,.F.);
#10391 = EDGE_CURVE('',#10362,#10282,#10392,.T.);
#10392 = LINE('',#10393,#10394);
#10393 = CARTESIAN_POINT('',(-838.2,6.3754E+03,5.691971010432E+03));
#10394 = VECTOR('',#10395,1.);
#10395 = DIRECTION('',(0.,0.,-1.));
#10396 = PLANE('',#10397);
#10397 = AXIS2_PLACEMENT_3D('',#10398,#10399,#10400);
#10398 = CARTESIAN_POINT('',(-838.2,6.3754E+03,5.691971010432E+03));
#10399 = DIRECTION('',(0.,1.,0.));
#10400 = DIRECTION('',(0.,0.,-1.));
#10401 = ADVANCED_FACE('',(#10402),#10408,.F.);
#10402 = FACE_BOUND('',#10403,.F.);
#10403 = EDGE_LOOP('',(#10404,#10405,#10406,#10407));
#10404 = ORIENTED_EDGE('',*,*,#10307,.T.);
#10405 = ORIENTED_EDGE('',*,*,#10338,.T.);
#10406 = ORIENTED_EDGE('',*,*,#10369,.T.);
#10407 = ORIENTED_EDGE('',*,*,#10391,.T.);
#10408 = PLANE('',#10409);
#10409 = AXIS2_PLACEMENT_3D('',#10410,#10411,#10412);
#10410 = CARTESIAN_POINT('',(-838.2,6.4008E+03,4.338235505216E+03));
#10411 = DIRECTION('',(1.,0.,0.));
#10412 = DIRECTION('',(0.,0.,1.));
#10413 = ADVANCED_FACE('',(#10414),#10420,.T.);
#10414 = FACE_BOUND('',#10415,.T.);
#10415 = EDGE_LOOP('',(#10416,#10417,#10418,#10419));
#10416 = ORIENTED_EDGE('',*,*,#10291,.T.);
#10417 = ORIENTED_EDGE('',*,*,#10322,.T.);
#10418 = ORIENTED_EDGE('',*,*,#10353,.T.);
#10419 = ORIENTED_EDGE('',*,*,#10384,.T.);
#10420 = PLANE('',#10421);
#10421 = AXIS2_PLACEMENT_3D('',#10422,#10423,#10424);
#10422 = CARTESIAN_POINT('',(-787.4,6.4008E+03,4.338235505216E+03));
#10423 = DIRECTION('',(1.,0.,0.));
#10424 = DIRECTION('',(0.,0.,1.));
#10425 = MANIFOLD_SOLID_BREP('',#10426);
#10426 = CLOSED_SHELL('',(#10427,#10467,#10498,#10529,#10551,#10563));
#10427 = ADVANCED_FACE('',(#10428),#10462,.F.);
#10428 = FACE_BOUND('',#10429,.F.);
#10429 = EDGE_LOOP('',(#10430,#10440,#10448,#10456));
#10430 = ORIENTED_EDGE('',*,*,#10431,.T.);
#10431 = EDGE_CURVE('',#10432,#10434,#10436,.T.);
#10432 = VERTEX_POINT('',#10433);
#10433 = CARTESIAN_POINT('',(-838.2,-1.563335395395E+03,
    2.942235930759E+03));
#10434 = VERTEX_POINT('',#10435);
#10435 = CARTESIAN_POINT('',(-787.4,-1.563335395395E+03,
    2.942235930759E+03));
#10436 = LINE('',#10437,#10438);
#10437 = CARTESIAN_POINT('',(-838.2,-1.563335395395E+03,
    2.942235930759E+03));
#10438 = VECTOR('',#10439,1.);
#10439 = DIRECTION('',(1.,0.,0.));
#10440 = ORIENTED_EDGE('',*,*,#10441,.T.);
#10441 = EDGE_CURVE('',#10434,#10442,#10444,.T.);
#10442 = VERTEX_POINT('',#10443);
#10443 = CARTESIAN_POINT('',(-787.4,-1.535464604605E+03,
    2.899764069241E+03));
#10444 = LINE('',#10445,#10446);
#10445 = CARTESIAN_POINT('',(-787.4,-1.563335395395E+03,
    2.942235930759E+03));
#10446 = VECTOR('',#10447,1.);
#10447 = DIRECTION('',(0.,0.548637613974,-0.836060266089));
#10448 = ORIENTED_EDGE('',*,*,#10449,.F.);
#10449 = EDGE_CURVE('',#10450,#10442,#10452,.T.);
#10450 = VERTEX_POINT('',#10451);
#10451 = CARTESIAN_POINT('',(-838.2,-1.535464604605E+03,
    2.899764069241E+03));
#10452 = LINE('',#10453,#10454);
#10453 = CARTESIAN_POINT('',(-838.2,-1.535464604605E+03,
    2.899764069241E+03));
#10454 = VECTOR('',#10455,1.);
#10455 = DIRECTION('',(1.,0.,0.));
#10456 = ORIENTED_EDGE('',*,*,#10457,.F.);
#10457 = EDGE_CURVE('',#10432,#10450,#10458,.T.);
#10458 = LINE('',#10459,#10460);
#10459 = CARTESIAN_POINT('',(-838.2,-1.563335395395E+03,
    2.942235930759E+03));
#10460 = VECTOR('',#10461,1.);
#10461 = DIRECTION('',(0.,0.548637613974,-0.836060266089));
#10462 = PLANE('',#10463);
#10463 = AXIS2_PLACEMENT_3D('',#10464,#10465,#10466);
#10464 = CARTESIAN_POINT('',(-838.2,-1.563335395395E+03,
    2.942235930759E+03));
#10465 = DIRECTION('',(0.,0.836060266089,0.548637613974));
#10466 = DIRECTION('',(0.,0.548637613974,-0.836060266089));
#10467 = ADVANCED_FACE('',(#10468),#10493,.F.);
#10468 = FACE_BOUND('',#10469,.F.);
#10469 = EDGE_LOOP('',(#10470,#10471,#10479,#10487));
#10470 = ORIENTED_EDGE('',*,*,#10449,.T.);
#10471 = ORIENTED_EDGE('',*,*,#10472,.T.);
#10472 = EDGE_CURVE('',#10442,#10473,#10475,.T.);
#10473 = VERTEX_POINT('',#10474);
#10474 = CARTESIAN_POINT('',(-787.4,-519.464604605,3.566481336413E+03));
#10475 = LINE('',#10476,#10477);
#10476 = CARTESIAN_POINT('',(-787.4,-1.535464604605E+03,
    2.899764069241E+03));
#10477 = VECTOR('',#10478,1.);
#10478 = DIRECTION('',(0.,0.836060266089,0.548637613974));
#10479 = ORIENTED_EDGE('',*,*,#10480,.F.);
#10480 = EDGE_CURVE('',#10481,#10473,#10483,.T.);
#10481 = VERTEX_POINT('',#10482);
#10482 = CARTESIAN_POINT('',(-838.2,-519.464604605,3.566481336413E+03));
#10483 = LINE('',#10484,#10485);
#10484 = CARTESIAN_POINT('',(-838.2,-519.464604605,3.566481336413E+03));
#10485 = VECTOR('',#10486,1.);
#10486 = DIRECTION('',(1.,0.,0.));
#10487 = ORIENTED_EDGE('',*,*,#10488,.F.);
#10488 = EDGE_CURVE('',#10450,#10481,#10489,.T.);
#10489 = LINE('',#10490,#10491);
#10490 = CARTESIAN_POINT('',(-838.2,-1.535464604605E+03,
    2.899764069241E+03));
#10491 = VECTOR('',#10492,1.);
#10492 = DIRECTION('',(0.,0.836060266089,0.548637613974));
#10493 = PLANE('',#10494);
#10494 = AXIS2_PLACEMENT_3D('',#10495,#10496,#10497);
#10495 = CARTESIAN_POINT('',(-838.2,-1.535464604605E+03,
    2.899764069241E+03));
#10496 = DIRECTION('',(0.,-0.548637613974,0.836060266089));
#10497 = DIRECTION('',(0.,0.836060266089,0.548637613974));
#10498 = ADVANCED_FACE('',(#10499),#10524,.F.);
#10499 = FACE_BOUND('',#10500,.F.);
#10500 = EDGE_LOOP('',(#10501,#10502,#10510,#10518));
#10501 = ORIENTED_EDGE('',*,*,#10480,.T.);
#10502 = ORIENTED_EDGE('',*,*,#10503,.T.);
#10503 = EDGE_CURVE('',#10473,#10504,#10506,.T.);
#10504 = VERTEX_POINT('',#10505);
#10505 = CARTESIAN_POINT('',(-787.4,-547.3353953949,3.60895319793E+03));
#10506 = LINE('',#10507,#10508);
#10507 = CARTESIAN_POINT('',(-787.4,-519.464604605,3.566481336413E+03));
#10508 = VECTOR('',#10509,1.);
#10509 = DIRECTION('',(0.,-0.548637613974,0.836060266089));
#10510 = ORIENTED_EDGE('',*,*,#10511,.F.);
#10511 = EDGE_CURVE('',#10512,#10504,#10514,.T.);
#10512 = VERTEX_POINT('',#10513);
#10513 = CARTESIAN_POINT('',(-838.2,-547.3353953949,3.60895319793E+03));
#10514 = LINE('',#10515,#10516);
#10515 = CARTESIAN_POINT('',(-838.2,-547.3353953949,3.60895319793E+03));
#10516 = VECTOR('',#10517,1.);
#10517 = DIRECTION('',(1.,0.,0.));
#10518 = ORIENTED_EDGE('',*,*,#10519,.F.);
#10519 = EDGE_CURVE('',#10481,#10512,#10520,.T.);
#10520 = LINE('',#10521,#10522);
#10521 = CARTESIAN_POINT('',(-838.2,-519.464604605,3.566481336413E+03));
#10522 = VECTOR('',#10523,1.);
#10523 = DIRECTION('',(0.,-0.548637613974,0.836060266089));
#10524 = PLANE('',#10525);
#10525 = AXIS2_PLACEMENT_3D('',#10526,#10527,#10528);
#10526 = CARTESIAN_POINT('',(-838.2,-519.464604605,3.566481336413E+03));
#10527 = DIRECTION('',(0.,-0.836060266089,-0.548637613974));
#10528 = DIRECTION('',(0.,-0.548637613974,0.836060266089));
#10529 = ADVANCED_FACE('',(#10530),#10546,.F.);
#10530 = FACE_BOUND('',#10531,.F.);
#10531 = EDGE_LOOP('',(#10532,#10533,#10539,#10540));
#10532 = ORIENTED_EDGE('',*,*,#10511,.T.);
#10533 = ORIENTED_EDGE('',*,*,#10534,.T.);
#10534 = EDGE_CURVE('',#10504,#10434,#10535,.T.);
#10535 = LINE('',#10536,#10537);
#10536 = CARTESIAN_POINT('',(-787.4,-547.3353953949,3.60895319793E+03));
#10537 = VECTOR('',#10538,1.);
#10538 = DIRECTION('',(0.,-0.836060266089,-0.548637613974));
#10539 = ORIENTED_EDGE('',*,*,#10431,.F.);
#10540 = ORIENTED_EDGE('',*,*,#10541,.F.);
#10541 = EDGE_CURVE('',#10512,#10432,#10542,.T.);
#10542 = LINE('',#10543,#10544);
#10543 = CARTESIAN_POINT('',(-838.2,-547.3353953949,3.60895319793E+03));
#10544 = VECTOR('',#10545,1.);
#10545 = DIRECTION('',(0.,-0.836060266089,-0.548637613974));
#10546 = PLANE('',#10547);
#10547 = AXIS2_PLACEMENT_3D('',#10548,#10549,#10550);
#10548 = CARTESIAN_POINT('',(-838.2,-547.3353953949,3.60895319793E+03));
#10549 = DIRECTION('',(0.,0.548637613974,-0.836060266089));
#10550 = DIRECTION('',(0.,-0.836060266089,-0.548637613974));
#10551 = ADVANCED_FACE('',(#10552),#10558,.F.);
#10552 = FACE_BOUND('',#10553,.F.);
#10553 = EDGE_LOOP('',(#10554,#10555,#10556,#10557));
#10554 = ORIENTED_EDGE('',*,*,#10457,.T.);
#10555 = ORIENTED_EDGE('',*,*,#10488,.T.);
#10556 = ORIENTED_EDGE('',*,*,#10519,.T.);
#10557 = ORIENTED_EDGE('',*,*,#10541,.T.);
#10558 = PLANE('',#10559);
#10559 = AXIS2_PLACEMENT_3D('',#10560,#10561,#10562);
#10560 = CARTESIAN_POINT('',(-838.2,-1.0414E+03,3.254358633586E+03));
#10561 = DIRECTION('',(1.,0.,0.));
#10562 = DIRECTION('',(0.,0.,1.));
#10563 = ADVANCED_FACE('',(#10564),#10570,.T.);
#10564 = FACE_BOUND('',#10565,.T.);
#10565 = EDGE_LOOP('',(#10566,#10567,#10568,#10569));
#10566 = ORIENTED_EDGE('',*,*,#10441,.T.);
#10567 = ORIENTED_EDGE('',*,*,#10472,.T.);
#10568 = ORIENTED_EDGE('',*,*,#10503,.T.);
#10569 = ORIENTED_EDGE('',*,*,#10534,.T.);
#10570 = PLANE('',#10571);
#10571 = AXIS2_PLACEMENT_3D('',#10572,#10573,#10574);
#10572 = CARTESIAN_POINT('',(-787.4,-1.0414E+03,3.254358633586E+03));
#10573 = DIRECTION('',(1.,0.,0.));
#10574 = DIRECTION('',(0.,0.,1.));
#10575 = MANIFOLD_SOLID_BREP('',#10576);
#10576 = CLOSED_SHELL('',(#10577,#10617,#10648,#10679,#10701,#10713));
#10577 = ADVANCED_FACE('',(#10578),#10612,.F.);
#10578 = FACE_BOUND('',#10579,.F.);
#10579 = EDGE_LOOP('',(#10580,#10590,#10598,#10606));
#10580 = ORIENTED_EDGE('',*,*,#10581,.T.);
#10581 = EDGE_CURVE('',#10582,#10584,#10586,.T.);
#10582 = VERTEX_POINT('',#10583);
#10583 = CARTESIAN_POINT('',(-838.2,-19.00279569329,2.937853894382E+03)
  );
#10584 = VERTEX_POINT('',#10585);
#10585 = CARTESIAN_POINT('',(-787.4,-19.00279569329,2.937853894382E+03)
  );
#10586 = LINE('',#10587,#10588);
#10587 = CARTESIAN_POINT('',(-838.2,-19.00279569329,2.937853894382E+03)
  );
#10588 = VECTOR('',#10589,1.);
#10589 = DIRECTION('',(1.,0.,0.));
#10590 = ORIENTED_EDGE('',*,*,#10591,.T.);
#10591 = EDGE_CURVE('',#10584,#10592,#10594,.T.);
#10592 = VERTEX_POINT('',#10593);
#10593 = CARTESIAN_POINT('',(-787.4,19.002795693294,2.904146105618E+03)
  );
#10594 = LINE('',#10595,#10596);
#10595 = CARTESIAN_POINT('',(-787.4,-19.00279569329,2.937853894382E+03)
  );
#10596 = VECTOR('',#10597,1.);
#10597 = DIRECTION('',(0.,0.748141562728,-0.663539148897));
#10598 = ORIENTED_EDGE('',*,*,#10599,.F.);
#10599 = EDGE_CURVE('',#10600,#10592,#10602,.T.);
#10600 = VERTEX_POINT('',#10601);
#10601 = CARTESIAN_POINT('',(-838.2,19.002795693294,2.904146105618E+03)
  );
#10602 = LINE('',#10603,#10604);
#10603 = CARTESIAN_POINT('',(-838.2,19.002795693294,2.904146105618E+03)
  );
#10604 = VECTOR('',#10605,1.);
#10605 = DIRECTION('',(1.,0.,0.));
#10606 = ORIENTED_EDGE('',*,*,#10607,.F.);
#10607 = EDGE_CURVE('',#10582,#10600,#10608,.T.);
#10608 = LINE('',#10609,#10610);
#10609 = CARTESIAN_POINT('',(-838.2,-19.00279569329,2.937853894382E+03)
  );
#10610 = VECTOR('',#10611,1.);
#10611 = DIRECTION('',(0.,0.748141562728,-0.663539148897));
#10612 = PLANE('',#10613);
#10613 = AXIS2_PLACEMENT_3D('',#10614,#10615,#10616);
#10614 = CARTESIAN_POINT('',(-838.2,-19.00279569329,2.937853894382E+03)
  );
#10615 = DIRECTION('',(0.,0.663539148897,0.748141562728));
#10616 = DIRECTION('',(-2.2E-16,0.748141562728,-0.663539148897));
#10617 = ADVANCED_FACE('',(#10618),#10643,.F.);
#10618 = FACE_BOUND('',#10619,.F.);
#10619 = EDGE_LOOP('',(#10620,#10621,#10629,#10637));
#10620 = ORIENTED_EDGE('',*,*,#10599,.T.);
#10621 = ORIENTED_EDGE('',*,*,#10622,.T.);
#10622 = EDGE_CURVE('',#10592,#10623,#10625,.T.);
#10623 = VERTEX_POINT('',#10624);
#10624 = CARTESIAN_POINT('',(-787.4,1.790652795693E+03,
    4.901684610785E+03));
#10625 = LINE('',#10626,#10627);
#10626 = CARTESIAN_POINT('',(-787.4,19.002795693294,2.904146105618E+03)
  );
#10627 = VECTOR('',#10628,1.);
#10628 = DIRECTION('',(0.,0.663539148897,0.748141562728));
#10629 = ORIENTED_EDGE('',*,*,#10630,.F.);
#10630 = EDGE_CURVE('',#10631,#10623,#10633,.T.);
#10631 = VERTEX_POINT('',#10632);
#10632 = CARTESIAN_POINT('',(-838.2,1.790652795693E+03,
    4.901684610785E+03));
#10633 = LINE('',#10634,#10635);
#10634 = CARTESIAN_POINT('',(-838.2,1.790652795693E+03,
    4.901684610785E+03));
#10635 = VECTOR('',#10636,1.);
#10636 = DIRECTION('',(1.,0.,0.));
#10637 = ORIENTED_EDGE('',*,*,#10638,.F.);
#10638 = EDGE_CURVE('',#10600,#10631,#10639,.T.);
#10639 = LINE('',#10640,#10641);
#10640 = CARTESIAN_POINT('',(-838.2,19.002795693294,2.904146105618E+03)
  );
#10641 = VECTOR('',#10642,1.);
#10642 = DIRECTION('',(0.,0.663539148897,0.748141562728));
#10643 = PLANE('',#10644);
#10644 = AXIS2_PLACEMENT_3D('',#10645,#10646,#10647);
#10645 = CARTESIAN_POINT('',(-838.2,19.002795693294,2.904146105618E+03)
  );
#10646 = DIRECTION('',(0.,-0.748141562728,0.663539148897));
#10647 = DIRECTION('',(-1.7E-16,0.663539148897,0.748141562728));
#10648 = ADVANCED_FACE('',(#10649),#10674,.F.);
#10649 = FACE_BOUND('',#10650,.F.);
#10650 = EDGE_LOOP('',(#10651,#10652,#10660,#10668));
#10651 = ORIENTED_EDGE('',*,*,#10630,.T.);
#10652 = ORIENTED_EDGE('',*,*,#10653,.T.);
#10653 = EDGE_CURVE('',#10623,#10654,#10656,.T.);
#10654 = VERTEX_POINT('',#10655);
#10655 = CARTESIAN_POINT('',(-787.4,1.752647204307E+03,
    4.935392399549E+03));
#10656 = LINE('',#10657,#10658);
#10657 = CARTESIAN_POINT('',(-787.4,1.790652795693E+03,
    4.901684610785E+03));
#10658 = VECTOR('',#10659,1.);
#10659 = DIRECTION('',(0.,-0.748141562728,0.663539148897));
#10660 = ORIENTED_EDGE('',*,*,#10661,.F.);
#10661 = EDGE_CURVE('',#10662,#10654,#10664,.T.);
#10662 = VERTEX_POINT('',#10663);
#10663 = CARTESIAN_POINT('',(-838.2,1.752647204307E+03,
    4.935392399549E+03));
#10664 = LINE('',#10665,#10666);
#10665 = CARTESIAN_POINT('',(-838.2,1.752647204307E+03,
    4.935392399549E+03));
#10666 = VECTOR('',#10667,1.);
#10667 = DIRECTION('',(1.,0.,0.));
#10668 = ORIENTED_EDGE('',*,*,#10669,.F.);
#10669 = EDGE_CURVE('',#10631,#10662,#10670,.T.);
#10670 = LINE('',#10671,#10672);
#10671 = CARTESIAN_POINT('',(-838.2,1.790652795693E+03,
    4.901684610785E+03));
#10672 = VECTOR('',#10673,1.);
#10673 = DIRECTION('',(0.,-0.748141562728,0.663539148897));
#10674 = PLANE('',#10675);
#10675 = AXIS2_PLACEMENT_3D('',#10676,#10677,#10678);
#10676 = CARTESIAN_POINT('',(-838.2,1.790652795693E+03,
    4.901684610785E+03));
#10677 = DIRECTION('',(0.,-0.663539148897,-0.748141562728));
#10678 = DIRECTION('',(2.2E-16,-0.748141562728,0.663539148897));
#10679 = ADVANCED_FACE('',(#10680),#10696,.F.);
#10680 = FACE_BOUND('',#10681,.F.);
#10681 = EDGE_LOOP('',(#10682,#10683,#10689,#10690));
#10682 = ORIENTED_EDGE('',*,*,#10661,.T.);
#10683 = ORIENTED_EDGE('',*,*,#10684,.T.);
#10684 = EDGE_CURVE('',#10654,#10584,#10685,.T.);
#10685 = LINE('',#10686,#10687);
#10686 = CARTESIAN_POINT('',(-787.4,1.752647204307E+03,
    4.935392399549E+03));
#10687 = VECTOR('',#10688,1.);
#10688 = DIRECTION('',(0.,-0.663539148897,-0.748141562728));
#10689 = ORIENTED_EDGE('',*,*,#10581,.F.);
#10690 = ORIENTED_EDGE('',*,*,#10691,.F.);
#10691 = EDGE_CURVE('',#10662,#10582,#10692,.T.);
#10692 = LINE('',#10693,#10694);
#10693 = CARTESIAN_POINT('',(-838.2,1.752647204307E+03,
    4.935392399549E+03));
#10694 = VECTOR('',#10695,1.);
#10695 = DIRECTION('',(0.,-0.663539148897,-0.748141562728));
#10696 = PLANE('',#10697);
#10697 = AXIS2_PLACEMENT_3D('',#10698,#10699,#10700);
#10698 = CARTESIAN_POINT('',(-838.2,1.752647204307E+03,
    4.935392399549E+03));
#10699 = DIRECTION('',(0.,0.748141562728,-0.663539148897));
#10700 = DIRECTION('',(1.7E-16,-0.663539148897,-0.748141562728));
#10701 = ADVANCED_FACE('',(#10702),#10708,.F.);
#10702 = FACE_BOUND('',#10703,.F.);
#10703 = EDGE_LOOP('',(#10704,#10705,#10706,#10707));
#10704 = ORIENTED_EDGE('',*,*,#10607,.T.);
#10705 = ORIENTED_EDGE('',*,*,#10638,.T.);
#10706 = ORIENTED_EDGE('',*,*,#10669,.T.);
#10707 = ORIENTED_EDGE('',*,*,#10691,.T.);
#10708 = PLANE('',#10709);
#10709 = AXIS2_PLACEMENT_3D('',#10710,#10711,#10712);
#10710 = CARTESIAN_POINT('',(-838.2,885.825,3.919769252584E+03));
#10711 = DIRECTION('',(1.,0.,0.));
#10712 = DIRECTION('',(0.,0.,1.));
#10713 = ADVANCED_FACE('',(#10714),#10720,.T.);
#10714 = FACE_BOUND('',#10715,.T.);
#10715 = EDGE_LOOP('',(#10716,#10717,#10718,#10719));
#10716 = ORIENTED_EDGE('',*,*,#10591,.T.);
#10717 = ORIENTED_EDGE('',*,*,#10622,.T.);
#10718 = ORIENTED_EDGE('',*,*,#10653,.T.);
#10719 = ORIENTED_EDGE('',*,*,#10684,.T.);
#10720 = PLANE('',#10721);
#10721 = AXIS2_PLACEMENT_3D('',#10722,#10723,#10724);
#10722 = CARTESIAN_POINT('',(-787.4,885.825,3.919769252584E+03));
#10723 = DIRECTION('',(1.,0.,0.));
#10724 = DIRECTION('',(0.,0.,1.));
#10725 = MANIFOLD_SOLID_BREP('',#10726);
#10726 = CLOSED_SHELL('',(#10727,#10767,#10798,#10829,#10851,#10863));
#10727 = ADVANCED_FACE('',(#10728),#10762,.F.);
#10728 = FACE_BOUND('',#10729,.F.);
#10729 = EDGE_LOOP('',(#10730,#10740,#10748,#10756));
#10730 = ORIENTED_EDGE('',*,*,#10731,.T.);
#10731 = EDGE_CURVE('',#10732,#10734,#10736,.T.);
#10732 = VERTEX_POINT('',#10733);
#10733 = CARTESIAN_POINT('',(-838.2,1.792835705312E+03,
    4.932550139277E+03));
#10734 = VERTEX_POINT('',#10735);
#10735 = CARTESIAN_POINT('',(-787.4,1.792835705312E+03,
    4.932550139277E+03));
#10736 = LINE('',#10737,#10738);
#10737 = CARTESIAN_POINT('',(-838.2,1.792835705312E+03,
    4.932550139277E+03));
#10738 = VECTOR('',#10739,1.);
#10739 = DIRECTION('',(1.,0.,0.));
#10740 = ORIENTED_EDGE('',*,*,#10741,.T.);
#10741 = EDGE_CURVE('',#10734,#10742,#10744,.T.);
#10742 = VERTEX_POINT('',#10743);
#10743 = CARTESIAN_POINT('',(-787.4,1.750464294688E+03,
    4.904526871057E+03));
#10744 = LINE('',#10745,#10746);
#10745 = CARTESIAN_POINT('',(-787.4,1.792835705312E+03,
    4.932550139277E+03));
#10746 = VECTOR('',#10747,1.);
#10747 = DIRECTION('',(0.,-0.834082886312,-0.551639138171));
#10748 = ORIENTED_EDGE('',*,*,#10749,.F.);
#10749 = EDGE_CURVE('',#10750,#10742,#10752,.T.);
#10750 = VERTEX_POINT('',#10751);
#10751 = CARTESIAN_POINT('',(-838.2,1.750464294688E+03,
    4.904526871057E+03));
#10752 = LINE('',#10753,#10754);
#10753 = CARTESIAN_POINT('',(-838.2,1.750464294688E+03,
    4.904526871057E+03));
#10754 = VECTOR('',#10755,1.);
#10755 = DIRECTION('',(1.,0.,0.));
#10756 = ORIENTED_EDGE('',*,*,#10757,.F.);
#10757 = EDGE_CURVE('',#10732,#10750,#10758,.T.);
#10758 = LINE('',#10759,#10760);
#10759 = CARTESIAN_POINT('',(-838.2,1.792835705312E+03,
    4.932550139277E+03));
#10760 = VECTOR('',#10761,1.);
#10761 = DIRECTION('',(0.,-0.834082886312,-0.551639138171));
#10762 = PLANE('',#10763);
#10763 = AXIS2_PLACEMENT_3D('',#10764,#10765,#10766);
#10764 = CARTESIAN_POINT('',(-838.2,1.792835705312E+03,
    4.932550139277E+03));
#10765 = DIRECTION('',(0.,0.551639138171,-0.834082886312));
#10766 = DIRECTION('',(0.,-0.834082886312,-0.551639138171));
#10767 = ADVANCED_FACE('',(#10768),#10793,.F.);
#10768 = FACE_BOUND('',#10769,.F.);
#10769 = EDGE_LOOP('',(#10770,#10771,#10779,#10787));
#10770 = ORIENTED_EDGE('',*,*,#10749,.T.);
#10771 = ORIENTED_EDGE('',*,*,#10772,.T.);
#10772 = EDGE_CURVE('',#10742,#10773,#10775,.T.);
#10773 = VERTEX_POINT('',#10774);
#10774 = CARTESIAN_POINT('',(-787.4,3.071580502126E+03,2.90698836589E+03
    ));
#10775 = LINE('',#10776,#10777);
#10776 = CARTESIAN_POINT('',(-787.4,1.750464294688E+03,
    4.904526871057E+03));
#10777 = VECTOR('',#10778,1.);
#10778 = DIRECTION('',(0.,0.551639138171,-0.834082886312));
#10779 = ORIENTED_EDGE('',*,*,#10780,.F.);
#10780 = EDGE_CURVE('',#10781,#10773,#10783,.T.);
#10781 = VERTEX_POINT('',#10782);
#10782 = CARTESIAN_POINT('',(-838.2,3.071580502126E+03,2.90698836589E+03
    ));
#10783 = LINE('',#10784,#10785);
#10784 = CARTESIAN_POINT('',(-838.2,3.071580502126E+03,2.90698836589E+03
    ));
#10785 = VECTOR('',#10786,1.);
#10786 = DIRECTION('',(1.,0.,0.));
#10787 = ORIENTED_EDGE('',*,*,#10788,.F.);
#10788 = EDGE_CURVE('',#10750,#10781,#10789,.T.);
#10789 = LINE('',#10790,#10791);
#10790 = CARTESIAN_POINT('',(-838.2,1.750464294688E+03,
    4.904526871057E+03));
#10791 = VECTOR('',#10792,1.);
#10792 = DIRECTION('',(0.,0.551639138171,-0.834082886312));
#10793 = PLANE('',#10794);
#10794 = AXIS2_PLACEMENT_3D('',#10795,#10796,#10797);
#10795 = CARTESIAN_POINT('',(-838.2,1.750464294688E+03,
    4.904526871057E+03));
#10796 = DIRECTION('',(0.,0.834082886312,0.551639138171));
#10797 = DIRECTION('',(0.,0.551639138171,-0.834082886312));
#10798 = ADVANCED_FACE('',(#10799),#10824,.F.);
#10799 = FACE_BOUND('',#10800,.F.);
#10800 = EDGE_LOOP('',(#10801,#10802,#10810,#10818));
#10801 = ORIENTED_EDGE('',*,*,#10780,.T.);
#10802 = ORIENTED_EDGE('',*,*,#10803,.T.);
#10803 = EDGE_CURVE('',#10773,#10804,#10806,.T.);
#10804 = VERTEX_POINT('',#10805);
#10805 = CARTESIAN_POINT('',(-787.4,3.113951912751E+03,2.93501163411E+03
    ));
#10806 = LINE('',#10807,#10808);
#10807 = CARTESIAN_POINT('',(-787.4,3.071580502126E+03,2.90698836589E+03
    ));
#10808 = VECTOR('',#10809,1.);
#10809 = DIRECTION('',(0.,0.834082886312,0.551639138171));
#10810 = ORIENTED_EDGE('',*,*,#10811,.F.);
#10811 = EDGE_CURVE('',#10812,#10804,#10814,.T.);
#10812 = VERTEX_POINT('',#10813);
#10813 = CARTESIAN_POINT('',(-838.2,3.113951912751E+03,2.93501163411E+03
    ));
#10814 = LINE('',#10815,#10816);
#10815 = CARTESIAN_POINT('',(-838.2,3.113951912751E+03,2.93501163411E+03
    ));
#10816 = VECTOR('',#10817,1.);
#10817 = DIRECTION('',(1.,0.,0.));
#10818 = ORIENTED_EDGE('',*,*,#10819,.F.);
#10819 = EDGE_CURVE('',#10781,#10812,#10820,.T.);
#10820 = LINE('',#10821,#10822);
#10821 = CARTESIAN_POINT('',(-838.2,3.071580502126E+03,2.90698836589E+03
    ));
#10822 = VECTOR('',#10823,1.);
#10823 = DIRECTION('',(0.,0.834082886312,0.551639138171));
#10824 = PLANE('',#10825);
#10825 = AXIS2_PLACEMENT_3D('',#10826,#10827,#10828);
#10826 = CARTESIAN_POINT('',(-838.2,3.071580502126E+03,2.90698836589E+03
    ));
#10827 = DIRECTION('',(0.,-0.551639138171,0.834082886312));
#10828 = DIRECTION('',(0.,0.834082886312,0.551639138171));
#10829 = ADVANCED_FACE('',(#10830),#10846,.F.);
#10830 = FACE_BOUND('',#10831,.F.);
#10831 = EDGE_LOOP('',(#10832,#10833,#10839,#10840));
#10832 = ORIENTED_EDGE('',*,*,#10811,.T.);
#10833 = ORIENTED_EDGE('',*,*,#10834,.T.);
#10834 = EDGE_CURVE('',#10804,#10734,#10835,.T.);
#10835 = LINE('',#10836,#10837);
#10836 = CARTESIAN_POINT('',(-787.4,3.113951912751E+03,2.93501163411E+03
    ));
#10837 = VECTOR('',#10838,1.);
#10838 = DIRECTION('',(0.,-0.551639138171,0.834082886312));
#10839 = ORIENTED_EDGE('',*,*,#10731,.F.);
#10840 = ORIENTED_EDGE('',*,*,#10841,.F.);
#10841 = EDGE_CURVE('',#10812,#10732,#10842,.T.);
#10842 = LINE('',#10843,#10844);
#10843 = CARTESIAN_POINT('',(-838.2,3.113951912751E+03,2.93501163411E+03
    ));
#10844 = VECTOR('',#10845,1.);
#10845 = DIRECTION('',(0.,-0.551639138171,0.834082886312));
#10846 = PLANE('',#10847);
#10847 = AXIS2_PLACEMENT_3D('',#10848,#10849,#10850);
#10848 = CARTESIAN_POINT('',(-838.2,3.113951912751E+03,2.93501163411E+03
    ));
#10849 = DIRECTION('',(0.,-0.834082886312,-0.551639138171));
#10850 = DIRECTION('',(0.,-0.551639138171,0.834082886312));
#10851 = ADVANCED_FACE('',(#10852),#10858,.F.);
#10852 = FACE_BOUND('',#10853,.F.);
#10853 = EDGE_LOOP('',(#10854,#10855,#10856,#10857));
#10854 = ORIENTED_EDGE('',*,*,#10757,.T.);
#10855 = ORIENTED_EDGE('',*,*,#10788,.T.);
#10856 = ORIENTED_EDGE('',*,*,#10819,.T.);
#10857 = ORIENTED_EDGE('',*,*,#10841,.T.);
#10858 = PLANE('',#10859);
#10859 = AXIS2_PLACEMENT_3D('',#10860,#10861,#10862);
#10860 = CARTESIAN_POINT('',(-838.2,2.432208103719E+03,
    3.919769252584E+03));
#10861 = DIRECTION('',(1.,0.,0.));
#10862 = DIRECTION('',(0.,0.,1.));
#10863 = ADVANCED_FACE('',(#10864),#10870,.T.);
#10864 = FACE_BOUND('',#10865,.T.);
#10865 = EDGE_LOOP('',(#10866,#10867,#10868,#10869));
#10866 = ORIENTED_EDGE('',*,*,#10741,.T.);
#10867 = ORIENTED_EDGE('',*,*,#10772,.T.);
#10868 = ORIENTED_EDGE('',*,*,#10803,.T.);
#10869 = ORIENTED_EDGE('',*,*,#10834,.T.);
#10870 = PLANE('',#10871);
#10871 = AXIS2_PLACEMENT_3D('',#10872,#10873,#10874);
#10872 = CARTESIAN_POINT('',(-787.4,2.432208103719E+03,
    3.919769252584E+03));
#10873 = DIRECTION('',(1.,0.,0.));
#10874 = DIRECTION('',(0.,0.,1.));
#10875 = MANIFOLD_SOLID_BREP('',#10876);
#10876 = CLOSED_SHELL('',(#10877,#10917,#10957,#10979,#11001,#11013));
#10877 = ADVANCED_FACE('',(#10878),#10912,.F.);
#10878 = FACE_BOUND('',#10879,.F.);
#10879 = EDGE_LOOP('',(#10880,#10890,#10898,#10906));
#10880 = ORIENTED_EDGE('',*,*,#10881,.F.);
#10881 = EDGE_CURVE('',#10882,#10884,#10886,.T.);
#10882 = VERTEX_POINT('',#10883);
#10883 = CARTESIAN_POINT('',(-889.,4.7244E+03,5.1816E+03));
#10884 = VERTEX_POINT('',#10885);
#10885 = CARTESIAN_POINT('',(-889.,4.7244E+03,5.334E+03));
#10886 = LINE('',#10887,#10888);
#10887 = CARTESIAN_POINT('',(-889.,4.7244E+03,5.1816E+03));
#10888 = VECTOR('',#10889,1.);
#10889 = DIRECTION('',(0.,0.,1.));
#10890 = ORIENTED_EDGE('',*,*,#10891,.T.);
#10891 = EDGE_CURVE('',#10882,#10892,#10894,.T.);
#10892 = VERTEX_POINT('',#10893);
#10893 = CARTESIAN_POINT('',(-889.,6.2484E+03,5.1816E+03));
#10894 = LINE('',#10895,#10896);
#10895 = CARTESIAN_POINT('',(-889.,4.7244E+03,5.1816E+03));
#10896 = VECTOR('',#10897,1.);
#10897 = DIRECTION('',(0.,1.,0.));
#10898 = ORIENTED_EDGE('',*,*,#10899,.T.);
#10899 = EDGE_CURVE('',#10892,#10900,#10902,.T.);
#10900 = VERTEX_POINT('',#10901);
#10901 = CARTESIAN_POINT('',(-889.,6.2484E+03,5.334E+03));
#10902 = LINE('',#10903,#10904);
#10903 = CARTESIAN_POINT('',(-889.,6.2484E+03,5.1816E+03));
#10904 = VECTOR('',#10905,1.);
#10905 = DIRECTION('',(0.,0.,1.));
#10906 = ORIENTED_EDGE('',*,*,#10907,.F.);
#10907 = EDGE_CURVE('',#10884,#10900,#10908,.T.);
#10908 = LINE('',#10909,#10910);
#10909 = CARTESIAN_POINT('',(-889.,4.7244E+03,5.334E+03));
#10910 = VECTOR('',#10911,1.);
#10911 = DIRECTION('',(0.,1.,0.));
#10912 = PLANE('',#10913);
#10913 = AXIS2_PLACEMENT_3D('',#10914,#10915,#10916);
#10914 = CARTESIAN_POINT('',(-889.,4.7244E+03,5.1816E+03));
#10915 = DIRECTION('',(1.,0.,0.));
#10916 = DIRECTION('',(0.,0.,1.));
#10917 = ADVANCED_FACE('',(#10918),#10952,.T.);
#10918 = FACE_BOUND('',#10919,.T.);
#10919 = EDGE_LOOP('',(#10920,#10930,#10938,#10946));
#10920 = ORIENTED_EDGE('',*,*,#10921,.F.);
#10921 = EDGE_CURVE('',#10922,#10924,#10926,.T.);
#10922 = VERTEX_POINT('',#10923);
#10923 = CARTESIAN_POINT('',(-736.6,4.7244E+03,5.1816E+03));
#10924 = VERTEX_POINT('',#10925);
#10925 = CARTESIAN_POINT('',(-736.6,4.7244E+03,5.334E+03));
#10926 = LINE('',#10927,#10928);
#10927 = CARTESIAN_POINT('',(-736.6,4.7244E+03,5.1816E+03));
#10928 = VECTOR('',#10929,1.);
#10929 = DIRECTION('',(0.,0.,1.));
#10930 = ORIENTED_EDGE('',*,*,#10931,.T.);
#10931 = EDGE_CURVE('',#10922,#10932,#10934,.T.);
#10932 = VERTEX_POINT('',#10933);
#10933 = CARTESIAN_POINT('',(-736.6,6.2484E+03,5.1816E+03));
#10934 = LINE('',#10935,#10936);
#10935 = CARTESIAN_POINT('',(-736.6,4.7244E+03,5.1816E+03));
#10936 = VECTOR('',#10937,1.);
#10937 = DIRECTION('',(0.,1.,0.));
#10938 = ORIENTED_EDGE('',*,*,#10939,.T.);
#10939 = EDGE_CURVE('',#10932,#10940,#10942,.T.);
#10940 = VERTEX_POINT('',#10941);
#10941 = CARTESIAN_POINT('',(-736.6,6.2484E+03,5.334E+03));
#10942 = LINE('',#10943,#10944);
#10943 = CARTESIAN_POINT('',(-736.6,6.2484E+03,5.1816E+03));
#10944 = VECTOR('',#10945,1.);
#10945 = DIRECTION('',(0.,0.,1.));
#10946 = ORIENTED_EDGE('',*,*,#10947,.F.);
#10947 = EDGE_CURVE('',#10924,#10940,#10948,.T.);
#10948 = LINE('',#10949,#10950);
#10949 = CARTESIAN_POINT('',(-736.6,4.7244E+03,5.334E+03));
#10950 = VECTOR('',#10951,1.);
#10951 = DIRECTION('',(0.,1.,0.));
#10952 = PLANE('',#10953);
#10953 = AXIS2_PLACEMENT_3D('',#10954,#10955,#10956);
#10954 = CARTESIAN_POINT('',(-736.6,4.7244E+03,5.1816E+03));
#10955 = DIRECTION('',(1.,0.,0.));
#10956 = DIRECTION('',(0.,0.,1.));
#10957 = ADVANCED_FACE('',(#10958),#10974,.F.);
#10958 = FACE_BOUND('',#10959,.F.);
#10959 = EDGE_LOOP('',(#10960,#10966,#10967,#10973));
#10960 = ORIENTED_EDGE('',*,*,#10961,.F.);
#10961 = EDGE_CURVE('',#10882,#10922,#10962,.T.);
#10962 = LINE('',#10963,#10964);
#10963 = CARTESIAN_POINT('',(-889.,4.7244E+03,5.1816E+03));
#10964 = VECTOR('',#10965,1.);
#10965 = DIRECTION('',(1.,0.,0.));
#10966 = ORIENTED_EDGE('',*,*,#10881,.T.);
#10967 = ORIENTED_EDGE('',*,*,#10968,.T.);
#10968 = EDGE_CURVE('',#10884,#10924,#10969,.T.);
#10969 = LINE('',#10970,#10971);
#10970 = CARTESIAN_POINT('',(-889.,4.7244E+03,5.334E+03));
#10971 = VECTOR('',#10972,1.);
#10972 = DIRECTION('',(1.,0.,0.));
#10973 = ORIENTED_EDGE('',*,*,#10921,.F.);
#10974 = PLANE('',#10975);
#10975 = AXIS2_PLACEMENT_3D('',#10976,#10977,#10978);
#10976 = CARTESIAN_POINT('',(-889.,4.7244E+03,5.1816E+03));
#10977 = DIRECTION('',(0.,1.,0.));
#10978 = DIRECTION('',(0.,0.,1.));
#10979 = ADVANCED_FACE('',(#10980),#10996,.T.);
#10980 = FACE_BOUND('',#10981,.T.);
#10981 = EDGE_LOOP('',(#10982,#10988,#10989,#10995));
#10982 = ORIENTED_EDGE('',*,*,#10983,.F.);
#10983 = EDGE_CURVE('',#10892,#10932,#10984,.T.);
#10984 = LINE('',#10985,#10986);
#10985 = CARTESIAN_POINT('',(-889.,6.2484E+03,5.1816E+03));
#10986 = VECTOR('',#10987,1.);
#10987 = DIRECTION('',(1.,0.,0.));
#10988 = ORIENTED_EDGE('',*,*,#10899,.T.);
#10989 = ORIENTED_EDGE('',*,*,#10990,.T.);
#10990 = EDGE_CURVE('',#10900,#10940,#10991,.T.);
#10991 = LINE('',#10992,#10993);
#10992 = CARTESIAN_POINT('',(-889.,6.2484E+03,5.334E+03));
#10993 = VECTOR('',#10994,1.);
#10994 = DIRECTION('',(1.,0.,0.));
#10995 = ORIENTED_EDGE('',*,*,#10939,.F.);
#10996 = PLANE('',#10997);
#10997 = AXIS2_PLACEMENT_3D('',#10998,#10999,#11000);
#10998 = CARTESIAN_POINT('',(-889.,6.2484E+03,5.1816E+03));
#10999 = DIRECTION('',(0.,1.,0.));
#11000 = DIRECTION('',(0.,0.,1.));
#11001 = ADVANCED_FACE('',(#11002),#11008,.F.);
#11002 = FACE_BOUND('',#11003,.F.);
#11003 = EDGE_LOOP('',(#11004,#11005,#11006,#11007));
#11004 = ORIENTED_EDGE('',*,*,#10891,.F.);
#11005 = ORIENTED_EDGE('',*,*,#10961,.T.);
#11006 = ORIENTED_EDGE('',*,*,#10931,.T.);
#11007 = ORIENTED_EDGE('',*,*,#10983,.F.);
#11008 = PLANE('',#11009);
#11009 = AXIS2_PLACEMENT_3D('',#11010,#11011,#11012);
#11010 = CARTESIAN_POINT('',(-889.,4.7244E+03,5.1816E+03));
#11011 = DIRECTION('',(0.,0.,1.));
#11012 = DIRECTION('',(1.,0.,0.));
#11013 = ADVANCED_FACE('',(#11014),#11020,.T.);
#11014 = FACE_BOUND('',#11015,.T.);
#11015 = EDGE_LOOP('',(#11016,#11017,#11018,#11019));
#11016 = ORIENTED_EDGE('',*,*,#10907,.F.);
#11017 = ORIENTED_EDGE('',*,*,#10968,.T.);
#11018 = ORIENTED_EDGE('',*,*,#10947,.T.);
#11019 = ORIENTED_EDGE('',*,*,#10990,.F.);
#11020 = PLANE('',#11021);
#11021 = AXIS2_PLACEMENT_3D('',#11022,#11023,#11024);
#11022 = CARTESIAN_POINT('',(-889.,4.7244E+03,5.334E+03));
#11023 = DIRECTION('',(0.,0.,1.));
#11024 = DIRECTION('',(1.,0.,0.));
#11025 = MANIFOLD_SOLID_BREP('',#11026);
#11026 = CLOSED_SHELL('',(#11027,#11067,#11098,#11129,#11151,#11163));
#11027 = ADVANCED_FACE('',(#11028),#11062,.F.);
#11028 = FACE_BOUND('',#11029,.F.);
#11029 = EDGE_LOOP('',(#11030,#11040,#11048,#11056));
#11030 = ORIENTED_EDGE('',*,*,#11031,.T.);
#11031 = EDGE_CURVE('',#11032,#11034,#11036,.T.);
#11032 = VERTEX_POINT('',#11033);
#11033 = CARTESIAN_POINT('',(-838.2,4.7244E+03,5.3213E+03));
#11034 = VERTEX_POINT('',#11035);
#11035 = CARTESIAN_POINT('',(-787.4,4.7244E+03,5.3213E+03));
#11036 = LINE('',#11037,#11038);
#11037 = CARTESIAN_POINT('',(-838.2,4.7244E+03,5.3213E+03));
#11038 = VECTOR('',#11039,1.);
#11039 = DIRECTION('',(1.,0.,0.));
#11040 = ORIENTED_EDGE('',*,*,#11041,.T.);
#11041 = EDGE_CURVE('',#11034,#11042,#11044,.T.);
#11042 = VERTEX_POINT('',#11043);
#11043 = CARTESIAN_POINT('',(-787.4,4.7752E+03,5.3213E+03));
#11044 = LINE('',#11045,#11046);
#11045 = CARTESIAN_POINT('',(-787.4,4.7244E+03,5.3213E+03));
#11046 = VECTOR('',#11047,1.);
#11047 = DIRECTION('',(0.,1.,0.));
#11048 = ORIENTED_EDGE('',*,*,#11049,.F.);
#11049 = EDGE_CURVE('',#11050,#11042,#11052,.T.);
#11050 = VERTEX_POINT('',#11051);
#11051 = CARTESIAN_POINT('',(-838.2,4.7752E+03,5.3213E+03));
#11052 = LINE('',#11053,#11054);
#11053 = CARTESIAN_POINT('',(-838.2,4.7752E+03,5.3213E+03));
#11054 = VECTOR('',#11055,1.);
#11055 = DIRECTION('',(1.,0.,0.));
#11056 = ORIENTED_EDGE('',*,*,#11057,.F.);
#11057 = EDGE_CURVE('',#11032,#11050,#11058,.T.);
#11058 = LINE('',#11059,#11060);
#11059 = CARTESIAN_POINT('',(-838.2,4.7244E+03,5.3213E+03));
#11060 = VECTOR('',#11061,1.);
#11061 = DIRECTION('',(0.,1.,0.));
#11062 = PLANE('',#11063);
#11063 = AXIS2_PLACEMENT_3D('',#11064,#11065,#11066);
#11064 = CARTESIAN_POINT('',(-838.2,4.7244E+03,5.3213E+03));
#11065 = DIRECTION('',(0.,0.,1.));
#11066 = DIRECTION('',(0.,1.,0.));
#11067 = ADVANCED_FACE('',(#11068),#11093,.F.);
#11068 = FACE_BOUND('',#11069,.F.);
#11069 = EDGE_LOOP('',(#11070,#11071,#11079,#11087));
#11070 = ORIENTED_EDGE('',*,*,#11049,.T.);
#11071 = ORIENTED_EDGE('',*,*,#11072,.T.);
#11072 = EDGE_CURVE('',#11042,#11073,#11075,.T.);
#11073 = VERTEX_POINT('',#11074);
#11074 = CARTESIAN_POINT('',(-787.4,4.7752E+03,5.691971010432E+03));
#11075 = LINE('',#11076,#11077);
#11076 = CARTESIAN_POINT('',(-787.4,4.7752E+03,5.3213E+03));
#11077 = VECTOR('',#11078,1.);
#11078 = DIRECTION('',(0.,0.,1.));
#11079 = ORIENTED_EDGE('',*,*,#11080,.F.);
#11080 = EDGE_CURVE('',#11081,#11073,#11083,.T.);
#11081 = VERTEX_POINT('',#11082);
#11082 = CARTESIAN_POINT('',(-838.2,4.7752E+03,5.691971010432E+03));
#11083 = LINE('',#11084,#11085);
#11084 = CARTESIAN_POINT('',(-838.2,4.7752E+03,5.691971010432E+03));
#11085 = VECTOR('',#11086,1.);
#11086 = DIRECTION('',(1.,0.,0.));
#11087 = ORIENTED_EDGE('',*,*,#11088,.F.);
#11088 = EDGE_CURVE('',#11050,#11081,#11089,.T.);
#11089 = LINE('',#11090,#11091);
#11090 = CARTESIAN_POINT('',(-838.2,4.7752E+03,5.3213E+03));
#11091 = VECTOR('',#11092,1.);
#11092 = DIRECTION('',(0.,0.,1.));
#11093 = PLANE('',#11094);
#11094 = AXIS2_PLACEMENT_3D('',#11095,#11096,#11097);
#11095 = CARTESIAN_POINT('',(-838.2,4.7752E+03,5.3213E+03));
#11096 = DIRECTION('',(0.,-1.,0.));
#11097 = DIRECTION('',(0.,0.,1.));
#11098 = ADVANCED_FACE('',(#11099),#11124,.F.);
#11099 = FACE_BOUND('',#11100,.F.);
#11100 = EDGE_LOOP('',(#11101,#11102,#11110,#11118));
#11101 = ORIENTED_EDGE('',*,*,#11080,.T.);
#11102 = ORIENTED_EDGE('',*,*,#11103,.T.);
#11103 = EDGE_CURVE('',#11073,#11104,#11106,.T.);
#11104 = VERTEX_POINT('',#11105);
#11105 = CARTESIAN_POINT('',(-787.4,4.7244E+03,5.691971010432E+03));
#11106 = LINE('',#11107,#11108);
#11107 = CARTESIAN_POINT('',(-787.4,4.7752E+03,5.691971010432E+03));
#11108 = VECTOR('',#11109,1.);
#11109 = DIRECTION('',(0.,-1.,0.));
#11110 = ORIENTED_EDGE('',*,*,#11111,.F.);
#11111 = EDGE_CURVE('',#11112,#11104,#11114,.T.);
#11112 = VERTEX_POINT('',#11113);
#11113 = CARTESIAN_POINT('',(-838.2,4.7244E+03,5.691971010432E+03));
#11114 = LINE('',#11115,#11116);
#11115 = CARTESIAN_POINT('',(-838.2,4.7244E+03,5.691971010432E+03));
#11116 = VECTOR('',#11117,1.);
#11117 = DIRECTION('',(1.,0.,0.));
#11118 = ORIENTED_EDGE('',*,*,#11119,.F.);
#11119 = EDGE_CURVE('',#11081,#11112,#11120,.T.);
#11120 = LINE('',#11121,#11122);
#11121 = CARTESIAN_POINT('',(-838.2,4.7752E+03,5.691971010432E+03));
#11122 = VECTOR('',#11123,1.);
#11123 = DIRECTION('',(0.,-1.,0.));
#11124 = PLANE('',#11125);
#11125 = AXIS2_PLACEMENT_3D('',#11126,#11127,#11128);
#11126 = CARTESIAN_POINT('',(-838.2,4.7752E+03,5.691971010432E+03));
#11127 = DIRECTION('',(0.,0.,-1.));
#11128 = DIRECTION('',(0.,-1.,0.));
#11129 = ADVANCED_FACE('',(#11130),#11146,.F.);
#11130 = FACE_BOUND('',#11131,.F.);
#11131 = EDGE_LOOP('',(#11132,#11133,#11139,#11140));
#11132 = ORIENTED_EDGE('',*,*,#11111,.T.);
#11133 = ORIENTED_EDGE('',*,*,#11134,.T.);
#11134 = EDGE_CURVE('',#11104,#11034,#11135,.T.);
#11135 = LINE('',#11136,#11137);
#11136 = CARTESIAN_POINT('',(-787.4,4.7244E+03,5.691971010432E+03));
#11137 = VECTOR('',#11138,1.);
#11138 = DIRECTION('',(0.,0.,-1.));
#11139 = ORIENTED_EDGE('',*,*,#11031,.F.);
#11140 = ORIENTED_EDGE('',*,*,#11141,.F.);
#11141 = EDGE_CURVE('',#11112,#11032,#11142,.T.);
#11142 = LINE('',#11143,#11144);
#11143 = CARTESIAN_POINT('',(-838.2,4.7244E+03,5.691971010432E+03));
#11144 = VECTOR('',#11145,1.);
#11145 = DIRECTION('',(0.,0.,-1.));
#11146 = PLANE('',#11147);
#11147 = AXIS2_PLACEMENT_3D('',#11148,#11149,#11150);
#11148 = CARTESIAN_POINT('',(-838.2,4.7244E+03,5.691971010432E+03));
#11149 = DIRECTION('',(0.,1.,0.));
#11150 = DIRECTION('',(0.,0.,-1.));
#11151 = ADVANCED_FACE('',(#11152),#11158,.F.);
#11152 = FACE_BOUND('',#11153,.F.);
#11153 = EDGE_LOOP('',(#11154,#11155,#11156,#11157));
#11154 = ORIENTED_EDGE('',*,*,#11057,.T.);
#11155 = ORIENTED_EDGE('',*,*,#11088,.T.);
#11156 = ORIENTED_EDGE('',*,*,#11119,.T.);
#11157 = ORIENTED_EDGE('',*,*,#11141,.T.);
#11158 = PLANE('',#11159);
#11159 = AXIS2_PLACEMENT_3D('',#11160,#11161,#11162);
#11160 = CARTESIAN_POINT('',(-838.2,4.7498E+03,5.506635505216E+03));
#11161 = DIRECTION('',(1.,0.,0.));
#11162 = DIRECTION('',(0.,0.,1.));
#11163 = ADVANCED_FACE('',(#11164),#11170,.T.);
#11164 = FACE_BOUND('',#11165,.T.);
#11165 = EDGE_LOOP('',(#11166,#11167,#11168,#11169));
#11166 = ORIENTED_EDGE('',*,*,#11041,.T.);
#11167 = ORIENTED_EDGE('',*,*,#11072,.T.);
#11168 = ORIENTED_EDGE('',*,*,#11103,.T.);
#11169 = ORIENTED_EDGE('',*,*,#11134,.T.);
#11170 = PLANE('',#11171);
#11171 = AXIS2_PLACEMENT_3D('',#11172,#11173,#11174);
#11172 = CARTESIAN_POINT('',(-787.4,4.7498E+03,5.506635505216E+03));
#11173 = DIRECTION('',(1.,0.,0.));
#11174 = DIRECTION('',(0.,0.,1.));
#11175 = MANIFOLD_SOLID_BREP('',#11176);
#11176 = CLOSED_SHELL('',(#11177,#11217,#11248,#11279,#11301,#11313));
#11177 = ADVANCED_FACE('',(#11178),#11212,.F.);
#11178 = FACE_BOUND('',#11179,.F.);
#11179 = EDGE_LOOP('',(#11180,#11190,#11198,#11206));
#11180 = ORIENTED_EDGE('',*,*,#11181,.T.);
#11181 = EDGE_CURVE('',#11182,#11184,#11186,.T.);
#11182 = VERTEX_POINT('',#11183);
#11183 = CARTESIAN_POINT('',(-838.2,4.873783103719E+03,5.3213E+03));
#11184 = VERTEX_POINT('',#11185);
#11185 = CARTESIAN_POINT('',(-787.4,4.873783103719E+03,5.3213E+03));
#11186 = LINE('',#11187,#11188);
#11187 = CARTESIAN_POINT('',(-838.2,4.873783103719E+03,5.3213E+03));
#11188 = VECTOR('',#11189,1.);
#11189 = DIRECTION('',(1.,0.,0.));
#11190 = ORIENTED_EDGE('',*,*,#11191,.T.);
#11191 = EDGE_CURVE('',#11184,#11192,#11194,.T.);
#11192 = VERTEX_POINT('',#11193);
#11193 = CARTESIAN_POINT('',(-787.4,4.924583103719E+03,5.3213E+03));
#11194 = LINE('',#11195,#11196);
#11195 = CARTESIAN_POINT('',(-787.4,4.873783103719E+03,5.3213E+03));
#11196 = VECTOR('',#11197,1.);
#11197 = DIRECTION('',(0.,1.,0.));
#11198 = ORIENTED_EDGE('',*,*,#11199,.F.);
#11199 = EDGE_CURVE('',#11200,#11192,#11202,.T.);
#11200 = VERTEX_POINT('',#11201);
#11201 = CARTESIAN_POINT('',(-838.2,4.924583103719E+03,5.3213E+03));
#11202 = LINE('',#11203,#11204);
#11203 = CARTESIAN_POINT('',(-838.2,4.924583103719E+03,5.3213E+03));
#11204 = VECTOR('',#11205,1.);
#11205 = DIRECTION('',(1.,0.,0.));
#11206 = ORIENTED_EDGE('',*,*,#11207,.F.);
#11207 = EDGE_CURVE('',#11182,#11200,#11208,.T.);
#11208 = LINE('',#11209,#11210);
#11209 = CARTESIAN_POINT('',(-838.2,4.873783103719E+03,5.3213E+03));
#11210 = VECTOR('',#11211,1.);
#11211 = DIRECTION('',(0.,1.,0.));
#11212 = PLANE('',#11213);
#11213 = AXIS2_PLACEMENT_3D('',#11214,#11215,#11216);
#11214 = CARTESIAN_POINT('',(-838.2,4.873783103719E+03,5.3213E+03));
#11215 = DIRECTION('',(0.,0.,1.));
#11216 = DIRECTION('',(0.,1.,0.));
#11217 = ADVANCED_FACE('',(#11218),#11243,.F.);
#11218 = FACE_BOUND('',#11219,.F.);
#11219 = EDGE_LOOP('',(#11220,#11221,#11229,#11237));
#11220 = ORIENTED_EDGE('',*,*,#11199,.T.);
#11221 = ORIENTED_EDGE('',*,*,#11222,.T.);
#11222 = EDGE_CURVE('',#11192,#11223,#11225,.T.);
#11223 = VERTEX_POINT('',#11224);
#11224 = CARTESIAN_POINT('',(-787.4,4.924583103719E+03,
    5.691971010432E+03));
#11225 = LINE('',#11226,#11227);
#11226 = CARTESIAN_POINT('',(-787.4,4.924583103719E+03,5.3213E+03));
#11227 = VECTOR('',#11228,1.);
#11228 = DIRECTION('',(0.,0.,1.));
#11229 = ORIENTED_EDGE('',*,*,#11230,.F.);
#11230 = EDGE_CURVE('',#11231,#11223,#11233,.T.);
#11231 = VERTEX_POINT('',#11232);
#11232 = CARTESIAN_POINT('',(-838.2,4.924583103719E+03,
    5.691971010432E+03));
#11233 = LINE('',#11234,#11235);
#11234 = CARTESIAN_POINT('',(-838.2,4.924583103719E+03,
    5.691971010432E+03));
#11235 = VECTOR('',#11236,1.);
#11236 = DIRECTION('',(1.,0.,0.));
#11237 = ORIENTED_EDGE('',*,*,#11238,.F.);
#11238 = EDGE_CURVE('',#11200,#11231,#11239,.T.);
#11239 = LINE('',#11240,#11241);
#11240 = CARTESIAN_POINT('',(-838.2,4.924583103719E+03,5.3213E+03));
#11241 = VECTOR('',#11242,1.);
#11242 = DIRECTION('',(0.,0.,1.));
#11243 = PLANE('',#11244);
#11244 = AXIS2_PLACEMENT_3D('',#11245,#11246,#11247);
#11245 = CARTESIAN_POINT('',(-838.2,4.924583103719E+03,5.3213E+03));
#11246 = DIRECTION('',(0.,-1.,0.));
#11247 = DIRECTION('',(0.,0.,1.));
#11248 = ADVANCED_FACE('',(#11249),#11274,.F.);
#11249 = FACE_BOUND('',#11250,.F.);
#11250 = EDGE_LOOP('',(#11251,#11252,#11260,#11268));
#11251 = ORIENTED_EDGE('',*,*,#11230,.T.);
#11252 = ORIENTED_EDGE('',*,*,#11253,.T.);
#11253 = EDGE_CURVE('',#11223,#11254,#11256,.T.);
#11254 = VERTEX_POINT('',#11255);
#11255 = CARTESIAN_POINT('',(-787.4,4.873783103719E+03,
    5.691971010432E+03));
#11256 = LINE('',#11257,#11258);
#11257 = CARTESIAN_POINT('',(-787.4,4.924583103719E+03,
    5.691971010432E+03));
#11258 = VECTOR('',#11259,1.);
#11259 = DIRECTION('',(0.,-1.,0.));
#11260 = ORIENTED_EDGE('',*,*,#11261,.F.);
#11261 = EDGE_CURVE('',#11262,#11254,#11264,.T.);
#11262 = VERTEX_POINT('',#11263);
#11263 = CARTESIAN_POINT('',(-838.2,4.873783103719E+03,
    5.691971010432E+03));
#11264 = LINE('',#11265,#11266);
#11265 = CARTESIAN_POINT('',(-838.2,4.873783103719E+03,
    5.691971010432E+03));
#11266 = VECTOR('',#11267,1.);
#11267 = DIRECTION('',(1.,0.,0.));
#11268 = ORIENTED_EDGE('',*,*,#11269,.F.);
#11269 = EDGE_CURVE('',#11231,#11262,#11270,.T.);
#11270 = LINE('',#11271,#11272);
#11271 = CARTESIAN_POINT('',(-838.2,4.924583103719E+03,
    5.691971010432E+03));
#11272 = VECTOR('',#11273,1.);
#11273 = DIRECTION('',(0.,-1.,0.));
#11274 = PLANE('',#11275);
#11275 = AXIS2_PLACEMENT_3D('',#11276,#11277,#11278);
#11276 = CARTESIAN_POINT('',(-838.2,4.924583103719E+03,
    5.691971010432E+03));
#11277 = DIRECTION('',(0.,0.,-1.));
#11278 = DIRECTION('',(0.,-1.,0.));
#11279 = ADVANCED_FACE('',(#11280),#11296,.F.);
#11280 = FACE_BOUND('',#11281,.F.);
#11281 = EDGE_LOOP('',(#11282,#11283,#11289,#11290));
#11282 = ORIENTED_EDGE('',*,*,#11261,.T.);
#11283 = ORIENTED_EDGE('',*,*,#11284,.T.);
#11284 = EDGE_CURVE('',#11254,#11184,#11285,.T.);
#11285 = LINE('',#11286,#11287);
#11286 = CARTESIAN_POINT('',(-787.4,4.873783103719E+03,
    5.691971010432E+03));
#11287 = VECTOR('',#11288,1.);
#11288 = DIRECTION('',(0.,0.,-1.));
#11289 = ORIENTED_EDGE('',*,*,#11181,.F.);
#11290 = ORIENTED_EDGE('',*,*,#11291,.F.);
#11291 = EDGE_CURVE('',#11262,#11182,#11292,.T.);
#11292 = LINE('',#11293,#11294);
#11293 = CARTESIAN_POINT('',(-838.2,4.873783103719E+03,
    5.691971010432E+03));
#11294 = VECTOR('',#11295,1.);
#11295 = DIRECTION('',(0.,0.,-1.));
#11296 = PLANE('',#11297);
#11297 = AXIS2_PLACEMENT_3D('',#11298,#11299,#11300);
#11298 = CARTESIAN_POINT('',(-838.2,4.873783103719E+03,
    5.691971010432E+03));
#11299 = DIRECTION('',(0.,1.,0.));
#11300 = DIRECTION('',(0.,0.,-1.));
#11301 = ADVANCED_FACE('',(#11302),#11308,.F.);
#11302 = FACE_BOUND('',#11303,.F.);
#11303 = EDGE_LOOP('',(#11304,#11305,#11306,#11307));
#11304 = ORIENTED_EDGE('',*,*,#11207,.T.);
#11305 = ORIENTED_EDGE('',*,*,#11238,.T.);
#11306 = ORIENTED_EDGE('',*,*,#11269,.T.);
#11307 = ORIENTED_EDGE('',*,*,#11291,.T.);
#11308 = PLANE('',#11309);
#11309 = AXIS2_PLACEMENT_3D('',#11310,#11311,#11312);
#11310 = CARTESIAN_POINT('',(-838.2,4.899183103719E+03,
    5.506635505216E+03));
#11311 = DIRECTION('',(1.,0.,0.));
#11312 = DIRECTION('',(0.,0.,1.));
#11313 = ADVANCED_FACE('',(#11314),#11320,.T.);
#11314 = FACE_BOUND('',#11315,.T.);
#11315 = EDGE_LOOP('',(#11316,#11317,#11318,#11319));
#11316 = ORIENTED_EDGE('',*,*,#11191,.T.);
#11317 = ORIENTED_EDGE('',*,*,#11222,.T.);
#11318 = ORIENTED_EDGE('',*,*,#11253,.T.);
#11319 = ORIENTED_EDGE('',*,*,#11284,.T.);
#11320 = PLANE('',#11321);
#11321 = AXIS2_PLACEMENT_3D('',#11322,#11323,#11324);
#11322 = CARTESIAN_POINT('',(-787.4,4.899183103719E+03,
    5.506635505216E+03));
#11323 = DIRECTION('',(1.,0.,0.));
#11324 = DIRECTION('',(0.,0.,1.));
#11325 = MANIFOLD_SOLID_BREP('',#11326);
#11326 = CLOSED_SHELL('',(#11327,#11367,#11398,#11429,#11451,#11463));
#11327 = ADVANCED_FACE('',(#11328),#11362,.F.);
#11328 = FACE_BOUND('',#11329,.F.);
#11329 = EDGE_LOOP('',(#11330,#11340,#11348,#11356));
#11330 = ORIENTED_EDGE('',*,*,#11331,.T.);
#11331 = EDGE_CURVE('',#11332,#11334,#11336,.T.);
#11332 = VERTEX_POINT('',#11333);
#11333 = CARTESIAN_POINT('',(-838.2,5.461E+03,5.3213E+03));
#11334 = VERTEX_POINT('',#11335);
#11335 = CARTESIAN_POINT('',(-787.4,5.461E+03,5.3213E+03));
#11336 = LINE('',#11337,#11338);
#11337 = CARTESIAN_POINT('',(-838.2,5.461E+03,5.3213E+03));
#11338 = VECTOR('',#11339,1.);
#11339 = DIRECTION('',(1.,0.,0.));
#11340 = ORIENTED_EDGE('',*,*,#11341,.T.);
#11341 = EDGE_CURVE('',#11334,#11342,#11344,.T.);
#11342 = VERTEX_POINT('',#11343);
#11343 = CARTESIAN_POINT('',(-787.4,5.5118E+03,5.3213E+03));
#11344 = LINE('',#11345,#11346);
#11345 = CARTESIAN_POINT('',(-787.4,5.461E+03,5.3213E+03));
#11346 = VECTOR('',#11347,1.);
#11347 = DIRECTION('',(0.,1.,0.));
#11348 = ORIENTED_EDGE('',*,*,#11349,.F.);
#11349 = EDGE_CURVE('',#11350,#11342,#11352,.T.);
#11350 = VERTEX_POINT('',#11351);
#11351 = CARTESIAN_POINT('',(-838.2,5.5118E+03,5.3213E+03));
#11352 = LINE('',#11353,#11354);
#11353 = CARTESIAN_POINT('',(-838.2,5.5118E+03,5.3213E+03));
#11354 = VECTOR('',#11355,1.);
#11355 = DIRECTION('',(1.,0.,0.));
#11356 = ORIENTED_EDGE('',*,*,#11357,.F.);
#11357 = EDGE_CURVE('',#11332,#11350,#11358,.T.);
#11358 = LINE('',#11359,#11360);
#11359 = CARTESIAN_POINT('',(-838.2,5.461E+03,5.3213E+03));
#11360 = VECTOR('',#11361,1.);
#11361 = DIRECTION('',(0.,1.,0.));
#11362 = PLANE('',#11363);
#11363 = AXIS2_PLACEMENT_3D('',#11364,#11365,#11366);
#11364 = CARTESIAN_POINT('',(-838.2,5.461E+03,5.3213E+03));
#11365 = DIRECTION('',(0.,0.,1.));
#11366 = DIRECTION('',(0.,1.,0.));
#11367 = ADVANCED_FACE('',(#11368),#11393,.F.);
#11368 = FACE_BOUND('',#11369,.F.);
#11369 = EDGE_LOOP('',(#11370,#11371,#11379,#11387));
#11370 = ORIENTED_EDGE('',*,*,#11349,.T.);
#11371 = ORIENTED_EDGE('',*,*,#11372,.T.);
#11372 = EDGE_CURVE('',#11342,#11373,#11375,.T.);
#11373 = VERTEX_POINT('',#11374);
#11374 = CARTESIAN_POINT('',(-787.4,5.5118E+03,5.691971010432E+03));
#11375 = LINE('',#11376,#11377);
#11376 = CARTESIAN_POINT('',(-787.4,5.5118E+03,5.3213E+03));
#11377 = VECTOR('',#11378,1.);
#11378 = DIRECTION('',(0.,0.,1.));
#11379 = ORIENTED_EDGE('',*,*,#11380,.F.);
#11380 = EDGE_CURVE('',#11381,#11373,#11383,.T.);
#11381 = VERTEX_POINT('',#11382);
#11382 = CARTESIAN_POINT('',(-838.2,5.5118E+03,5.691971010432E+03));
#11383 = LINE('',#11384,#11385);
#11384 = CARTESIAN_POINT('',(-838.2,5.5118E+03,5.691971010432E+03));
#11385 = VECTOR('',#11386,1.);
#11386 = DIRECTION('',(1.,0.,0.));
#11387 = ORIENTED_EDGE('',*,*,#11388,.F.);
#11388 = EDGE_CURVE('',#11350,#11381,#11389,.T.);
#11389 = LINE('',#11390,#11391);
#11390 = CARTESIAN_POINT('',(-838.2,5.5118E+03,5.3213E+03));
#11391 = VECTOR('',#11392,1.);
#11392 = DIRECTION('',(0.,0.,1.));
#11393 = PLANE('',#11394);
#11394 = AXIS2_PLACEMENT_3D('',#11395,#11396,#11397);
#11395 = CARTESIAN_POINT('',(-838.2,5.5118E+03,5.3213E+03));
#11396 = DIRECTION('',(0.,-1.,0.));
#11397 = DIRECTION('',(0.,0.,1.));
#11398 = ADVANCED_FACE('',(#11399),#11424,.F.);
#11399 = FACE_BOUND('',#11400,.F.);
#11400 = EDGE_LOOP('',(#11401,#11402,#11410,#11418));
#11401 = ORIENTED_EDGE('',*,*,#11380,.T.);
#11402 = ORIENTED_EDGE('',*,*,#11403,.T.);
#11403 = EDGE_CURVE('',#11373,#11404,#11406,.T.);
#11404 = VERTEX_POINT('',#11405);
#11405 = CARTESIAN_POINT('',(-787.4,5.461E+03,5.691971010432E+03));
#11406 = LINE('',#11407,#11408);
#11407 = CARTESIAN_POINT('',(-787.4,5.5118E+03,5.691971010432E+03));
#11408 = VECTOR('',#11409,1.);
#11409 = DIRECTION('',(0.,-1.,0.));
#11410 = ORIENTED_EDGE('',*,*,#11411,.F.);
#11411 = EDGE_CURVE('',#11412,#11404,#11414,.T.);
#11412 = VERTEX_POINT('',#11413);
#11413 = CARTESIAN_POINT('',(-838.2,5.461E+03,5.691971010432E+03));
#11414 = LINE('',#11415,#11416);
#11415 = CARTESIAN_POINT('',(-838.2,5.461E+03,5.691971010432E+03));
#11416 = VECTOR('',#11417,1.);
#11417 = DIRECTION('',(1.,0.,0.));
#11418 = ORIENTED_EDGE('',*,*,#11419,.F.);
#11419 = EDGE_CURVE('',#11381,#11412,#11420,.T.);
#11420 = LINE('',#11421,#11422);
#11421 = CARTESIAN_POINT('',(-838.2,5.5118E+03,5.691971010432E+03));
#11422 = VECTOR('',#11423,1.);
#11423 = DIRECTION('',(0.,-1.,0.));
#11424 = PLANE('',#11425);
#11425 = AXIS2_PLACEMENT_3D('',#11426,#11427,#11428);
#11426 = CARTESIAN_POINT('',(-838.2,5.5118E+03,5.691971010432E+03));
#11427 = DIRECTION('',(0.,0.,-1.));
#11428 = DIRECTION('',(0.,-1.,0.));
#11429 = ADVANCED_FACE('',(#11430),#11446,.F.);
#11430 = FACE_BOUND('',#11431,.F.);
#11431 = EDGE_LOOP('',(#11432,#11433,#11439,#11440));
#11432 = ORIENTED_EDGE('',*,*,#11411,.T.);
#11433 = ORIENTED_EDGE('',*,*,#11434,.T.);
#11434 = EDGE_CURVE('',#11404,#11334,#11435,.T.);
#11435 = LINE('',#11436,#11437);
#11436 = CARTESIAN_POINT('',(-787.4,5.461E+03,5.691971010432E+03));
#11437 = VECTOR('',#11438,1.);
#11438 = DIRECTION('',(0.,0.,-1.));
#11439 = ORIENTED_EDGE('',*,*,#11331,.F.);
#11440 = ORIENTED_EDGE('',*,*,#11441,.F.);
#11441 = EDGE_CURVE('',#11412,#11332,#11442,.T.);
#11442 = LINE('',#11443,#11444);
#11443 = CARTESIAN_POINT('',(-838.2,5.461E+03,5.691971010432E+03));
#11444 = VECTOR('',#11445,1.);
#11445 = DIRECTION('',(0.,0.,-1.));
#11446 = PLANE('',#11447);
#11447 = AXIS2_PLACEMENT_3D('',#11448,#11449,#11450);
#11448 = CARTESIAN_POINT('',(-838.2,5.461E+03,5.691971010432E+03));
#11449 = DIRECTION('',(0.,1.,0.));
#11450 = DIRECTION('',(0.,0.,-1.));
#11451 = ADVANCED_FACE('',(#11452),#11458,.F.);
#11452 = FACE_BOUND('',#11453,.F.);
#11453 = EDGE_LOOP('',(#11454,#11455,#11456,#11457));
#11454 = ORIENTED_EDGE('',*,*,#11357,.T.);
#11455 = ORIENTED_EDGE('',*,*,#11388,.T.);
#11456 = ORIENTED_EDGE('',*,*,#11419,.T.);
#11457 = ORIENTED_EDGE('',*,*,#11441,.T.);
#11458 = PLANE('',#11459);
#11459 = AXIS2_PLACEMENT_3D('',#11460,#11461,#11462);
#11460 = CARTESIAN_POINT('',(-838.2,5.4864E+03,5.506635505216E+03));
#11461 = DIRECTION('',(1.,0.,0.));
#11462 = DIRECTION('',(0.,0.,1.));
#11463 = ADVANCED_FACE('',(#11464),#11470,.T.);
#11464 = FACE_BOUND('',#11465,.T.);
#11465 = EDGE_LOOP('',(#11466,#11467,#11468,#11469));
#11466 = ORIENTED_EDGE('',*,*,#11341,.T.);
#11467 = ORIENTED_EDGE('',*,*,#11372,.T.);
#11468 = ORIENTED_EDGE('',*,*,#11403,.T.);
#11469 = ORIENTED_EDGE('',*,*,#11434,.T.);
#11470 = PLANE('',#11471);
#11471 = AXIS2_PLACEMENT_3D('',#11472,#11473,#11474);
#11472 = CARTESIAN_POINT('',(-787.4,5.4864E+03,5.506635505216E+03));
#11473 = DIRECTION('',(1.,0.,0.));
#11474 = DIRECTION('',(0.,0.,1.));
#11475 = MANIFOLD_SOLID_BREP('',#11476);
#11476 = CLOSED_SHELL('',(#11477,#11517,#11548,#11579,#11601,#11613));
#11477 = ADVANCED_FACE('',(#11478),#11512,.F.);
#11478 = FACE_BOUND('',#11479,.F.);
#11479 = EDGE_LOOP('',(#11480,#11490,#11498,#11506));
#11480 = ORIENTED_EDGE('',*,*,#11481,.T.);
#11481 = EDGE_CURVE('',#11482,#11484,#11486,.T.);
#11482 = VERTEX_POINT('',#11483);
#11483 = CARTESIAN_POINT('',(-838.2,6.1976E+03,5.3213E+03));
#11484 = VERTEX_POINT('',#11485);
#11485 = CARTESIAN_POINT('',(-787.4,6.1976E+03,5.3213E+03));
#11486 = LINE('',#11487,#11488);
#11487 = CARTESIAN_POINT('',(-838.2,6.1976E+03,5.3213E+03));
#11488 = VECTOR('',#11489,1.);
#11489 = DIRECTION('',(1.,0.,0.));
#11490 = ORIENTED_EDGE('',*,*,#11491,.T.);
#11491 = EDGE_CURVE('',#11484,#11492,#11494,.T.);
#11492 = VERTEX_POINT('',#11493);
#11493 = CARTESIAN_POINT('',(-787.4,6.2484E+03,5.3213E+03));
#11494 = LINE('',#11495,#11496);
#11495 = CARTESIAN_POINT('',(-787.4,6.1976E+03,5.3213E+03));
#11496 = VECTOR('',#11497,1.);
#11497 = DIRECTION('',(0.,1.,0.));
#11498 = ORIENTED_EDGE('',*,*,#11499,.F.);
#11499 = EDGE_CURVE('',#11500,#11492,#11502,.T.);
#11500 = VERTEX_POINT('',#11501);
#11501 = CARTESIAN_POINT('',(-838.2,6.2484E+03,5.3213E+03));
#11502 = LINE('',#11503,#11504);
#11503 = CARTESIAN_POINT('',(-838.2,6.2484E+03,5.3213E+03));
#11504 = VECTOR('',#11505,1.);
#11505 = DIRECTION('',(1.,0.,0.));
#11506 = ORIENTED_EDGE('',*,*,#11507,.F.);
#11507 = EDGE_CURVE('',#11482,#11500,#11508,.T.);
#11508 = LINE('',#11509,#11510);
#11509 = CARTESIAN_POINT('',(-838.2,6.1976E+03,5.3213E+03));
#11510 = VECTOR('',#11511,1.);
#11511 = DIRECTION('',(0.,1.,0.));
#11512 = PLANE('',#11513);
#11513 = AXIS2_PLACEMENT_3D('',#11514,#11515,#11516);
#11514 = CARTESIAN_POINT('',(-838.2,6.1976E+03,5.3213E+03));
#11515 = DIRECTION('',(0.,0.,1.));
#11516 = DIRECTION('',(0.,1.,0.));
#11517 = ADVANCED_FACE('',(#11518),#11543,.F.);
#11518 = FACE_BOUND('',#11519,.F.);
#11519 = EDGE_LOOP('',(#11520,#11521,#11529,#11537));
#11520 = ORIENTED_EDGE('',*,*,#11499,.T.);
#11521 = ORIENTED_EDGE('',*,*,#11522,.T.);
#11522 = EDGE_CURVE('',#11492,#11523,#11525,.T.);
#11523 = VERTEX_POINT('',#11524);
#11524 = CARTESIAN_POINT('',(-787.4,6.2484E+03,5.691971010432E+03));
#11525 = LINE('',#11526,#11527);
#11526 = CARTESIAN_POINT('',(-787.4,6.2484E+03,5.3213E+03));
#11527 = VECTOR('',#11528,1.);
#11528 = DIRECTION('',(0.,0.,1.));
#11529 = ORIENTED_EDGE('',*,*,#11530,.F.);
#11530 = EDGE_CURVE('',#11531,#11523,#11533,.T.);
#11531 = VERTEX_POINT('',#11532);
#11532 = CARTESIAN_POINT('',(-838.2,6.2484E+03,5.691971010432E+03));
#11533 = LINE('',#11534,#11535);
#11534 = CARTESIAN_POINT('',(-838.2,6.2484E+03,5.691971010432E+03));
#11535 = VECTOR('',#11536,1.);
#11536 = DIRECTION('',(1.,0.,0.));
#11537 = ORIENTED_EDGE('',*,*,#11538,.F.);
#11538 = EDGE_CURVE('',#11500,#11531,#11539,.T.);
#11539 = LINE('',#11540,#11541);
#11540 = CARTESIAN_POINT('',(-838.2,6.2484E+03,5.3213E+03));
#11541 = VECTOR('',#11542,1.);
#11542 = DIRECTION('',(0.,0.,1.));
#11543 = PLANE('',#11544);
#11544 = AXIS2_PLACEMENT_3D('',#11545,#11546,#11547);
#11545 = CARTESIAN_POINT('',(-838.2,6.2484E+03,5.3213E+03));
#11546 = DIRECTION('',(0.,-1.,0.));
#11547 = DIRECTION('',(0.,0.,1.));
#11548 = ADVANCED_FACE('',(#11549),#11574,.F.);
#11549 = FACE_BOUND('',#11550,.F.);
#11550 = EDGE_LOOP('',(#11551,#11552,#11560,#11568));
#11551 = ORIENTED_EDGE('',*,*,#11530,.T.);
#11552 = ORIENTED_EDGE('',*,*,#11553,.T.);
#11553 = EDGE_CURVE('',#11523,#11554,#11556,.T.);
#11554 = VERTEX_POINT('',#11555);
#11555 = CARTESIAN_POINT('',(-787.4,6.1976E+03,5.691971010432E+03));
#11556 = LINE('',#11557,#11558);
#11557 = CARTESIAN_POINT('',(-787.4,6.2484E+03,5.691971010432E+03));
#11558 = VECTOR('',#11559,1.);
#11559 = DIRECTION('',(0.,-1.,0.));
#11560 = ORIENTED_EDGE('',*,*,#11561,.F.);
#11561 = EDGE_CURVE('',#11562,#11554,#11564,.T.);
#11562 = VERTEX_POINT('',#11563);
#11563 = CARTESIAN_POINT('',(-838.2,6.1976E+03,5.691971010432E+03));
#11564 = LINE('',#11565,#11566);
#11565 = CARTESIAN_POINT('',(-838.2,6.1976E+03,5.691971010432E+03));
#11566 = VECTOR('',#11567,1.);
#11567 = DIRECTION('',(1.,0.,0.));
#11568 = ORIENTED_EDGE('',*,*,#11569,.F.);
#11569 = EDGE_CURVE('',#11531,#11562,#11570,.T.);
#11570 = LINE('',#11571,#11572);
#11571 = CARTESIAN_POINT('',(-838.2,6.2484E+03,5.691971010432E+03));
#11572 = VECTOR('',#11573,1.);
#11573 = DIRECTION('',(0.,-1.,0.));
#11574 = PLANE('',#11575);
#11575 = AXIS2_PLACEMENT_3D('',#11576,#11577,#11578);
#11576 = CARTESIAN_POINT('',(-838.2,6.2484E+03,5.691971010432E+03));
#11577 = DIRECTION('',(0.,0.,-1.));
#11578 = DIRECTION('',(0.,-1.,0.));
#11579 = ADVANCED_FACE('',(#11580),#11596,.F.);
#11580 = FACE_BOUND('',#11581,.F.);
#11581 = EDGE_LOOP('',(#11582,#11583,#11589,#11590));
#11582 = ORIENTED_EDGE('',*,*,#11561,.T.);
#11583 = ORIENTED_EDGE('',*,*,#11584,.T.);
#11584 = EDGE_CURVE('',#11554,#11484,#11585,.T.);
#11585 = LINE('',#11586,#11587);
#11586 = CARTESIAN_POINT('',(-787.4,6.1976E+03,5.691971010432E+03));
#11587 = VECTOR('',#11588,1.);
#11588 = DIRECTION('',(0.,0.,-1.));
#11589 = ORIENTED_EDGE('',*,*,#11481,.F.);
#11590 = ORIENTED_EDGE('',*,*,#11591,.F.);
#11591 = EDGE_CURVE('',#11562,#11482,#11592,.T.);
#11592 = LINE('',#11593,#11594);
#11593 = CARTESIAN_POINT('',(-838.2,6.1976E+03,5.691971010432E+03));
#11594 = VECTOR('',#11595,1.);
#11595 = DIRECTION('',(0.,0.,-1.));
#11596 = PLANE('',#11597);
#11597 = AXIS2_PLACEMENT_3D('',#11598,#11599,#11600);
#11598 = CARTESIAN_POINT('',(-838.2,6.1976E+03,5.691971010432E+03));
#11599 = DIRECTION('',(0.,1.,0.));
#11600 = DIRECTION('',(0.,0.,-1.));
#11601 = ADVANCED_FACE('',(#11602),#11608,.F.);
#11602 = FACE_BOUND('',#11603,.F.);
#11603 = EDGE_LOOP('',(#11604,#11605,#11606,#11607));
#11604 = ORIENTED_EDGE('',*,*,#11507,.T.);
#11605 = ORIENTED_EDGE('',*,*,#11538,.T.);
#11606 = ORIENTED_EDGE('',*,*,#11569,.T.);
#11607 = ORIENTED_EDGE('',*,*,#11591,.T.);
#11608 = PLANE('',#11609);
#11609 = AXIS2_PLACEMENT_3D('',#11610,#11611,#11612);
#11610 = CARTESIAN_POINT('',(-838.2,6.223E+03,5.506635505216E+03));
#11611 = DIRECTION('',(1.,0.,0.));
#11612 = DIRECTION('',(0.,0.,1.));
#11613 = ADVANCED_FACE('',(#11614),#11620,.T.);
#11614 = FACE_BOUND('',#11615,.T.);
#11615 = EDGE_LOOP('',(#11616,#11617,#11618,#11619));
#11616 = ORIENTED_EDGE('',*,*,#11491,.T.);
#11617 = ORIENTED_EDGE('',*,*,#11522,.T.);
#11618 = ORIENTED_EDGE('',*,*,#11553,.T.);
#11619 = ORIENTED_EDGE('',*,*,#11584,.T.);
#11620 = PLANE('',#11621);
#11621 = AXIS2_PLACEMENT_3D('',#11622,#11623,#11624);
#11622 = CARTESIAN_POINT('',(-787.4,6.223E+03,5.506635505216E+03));
#11623 = DIRECTION('',(1.,0.,0.));
#11624 = DIRECTION('',(0.,0.,1.));
#11625 = MANIFOLD_SOLID_BREP('',#11626);
#11626 = CLOSED_SHELL('',(#11627,#11667,#11698,#11729,#11751,#11763));
#11627 = ADVANCED_FACE('',(#11628),#11662,.F.);
#11628 = FACE_BOUND('',#11629,.F.);
#11629 = EDGE_LOOP('',(#11630,#11640,#11648,#11656));
#11630 = ORIENTED_EDGE('',*,*,#11631,.T.);
#11631 = EDGE_CURVE('',#11632,#11634,#11636,.T.);
#11632 = VERTEX_POINT('',#11633);
#11633 = CARTESIAN_POINT('',(-838.2,4.735832389893E+03,5.2790147559E+03)
  );
#11634 = VERTEX_POINT('',#11635);
#11635 = CARTESIAN_POINT('',(-787.4,4.735832389893E+03,5.2790147559E+03)
  );
#11636 = LINE('',#11637,#11638);
#11637 = CARTESIAN_POINT('',(-838.2,4.735832389893E+03,5.2790147559E+03)
  );
#11638 = VECTOR('',#11639,1.);
#11639 = DIRECTION('',(1.,0.,0.));
#11640 = ORIENTED_EDGE('',*,*,#11641,.T.);
#11641 = EDGE_CURVE('',#11634,#11642,#11644,.T.);
#11642 = VERTEX_POINT('',#11643);
#11643 = CARTESIAN_POINT('',(-787.4,4.763767610107E+03,5.2365852441E+03)
  );
#11644 = LINE('',#11645,#11646);
#11645 = CARTESIAN_POINT('',(-787.4,4.735832389893E+03,5.2790147559E+03)
  );
#11646 = VECTOR('',#11647,1.);
#11647 = DIRECTION('',(0.,0.549905909728,-0.835226610236));
#11648 = ORIENTED_EDGE('',*,*,#11649,.F.);
#11649 = EDGE_CURVE('',#11650,#11642,#11652,.T.);
#11650 = VERTEX_POINT('',#11651);
#11651 = CARTESIAN_POINT('',(-838.2,4.763767610107E+03,5.2365852441E+03)
  );
#11652 = LINE('',#11653,#11654);
#11653 = CARTESIAN_POINT('',(-838.2,4.763767610107E+03,5.2365852441E+03)
  );
#11654 = VECTOR('',#11655,1.);
#11655 = DIRECTION('',(1.,0.,0.));
#11656 = ORIENTED_EDGE('',*,*,#11657,.F.);
#11657 = EDGE_CURVE('',#11632,#11650,#11658,.T.);
#11658 = LINE('',#11659,#11660);
#11659 = CARTESIAN_POINT('',(-838.2,4.735832389893E+03,5.2790147559E+03)
  );
#11660 = VECTOR('',#11661,1.);
#11661 = DIRECTION('',(0.,0.549905909728,-0.835226610236));
#11662 = PLANE('',#11663);
#11663 = AXIS2_PLACEMENT_3D('',#11664,#11665,#11666);
#11664 = CARTESIAN_POINT('',(-838.2,4.735832389893E+03,5.2790147559E+03)
  );
#11665 = DIRECTION('',(0.,0.835226610236,0.549905909728));
#11666 = DIRECTION('',(2.2E-16,0.549905909728,-0.835226610236));
#11667 = ADVANCED_FACE('',(#11668),#11693,.F.);
#11668 = FACE_BOUND('',#11669,.F.);
#11669 = EDGE_LOOP('',(#11670,#11671,#11679,#11687));
#11670 = ORIENTED_EDGE('',*,*,#11649,.T.);
#11671 = ORIENTED_EDGE('',*,*,#11672,.T.);
#11672 = EDGE_CURVE('',#11642,#11673,#11675,.T.);
#11673 = VERTEX_POINT('',#11674);
#11674 = CARTESIAN_POINT('',(-787.4,5.500367610107E+03,
    5.721556254532E+03));
#11675 = LINE('',#11676,#11677);
#11676 = CARTESIAN_POINT('',(-787.4,4.763767610107E+03,5.2365852441E+03)
  );
#11677 = VECTOR('',#11678,1.);
#11678 = DIRECTION('',(0.,0.835226610236,0.549905909728));
#11679 = ORIENTED_EDGE('',*,*,#11680,.F.);
#11680 = EDGE_CURVE('',#11681,#11673,#11683,.T.);
#11681 = VERTEX_POINT('',#11682);
#11682 = CARTESIAN_POINT('',(-838.2,5.500367610107E+03,
    5.721556254532E+03));
#11683 = LINE('',#11684,#11685);
#11684 = CARTESIAN_POINT('',(-838.2,5.500367610107E+03,
    5.721556254532E+03));
#11685 = VECTOR('',#11686,1.);
#11686 = DIRECTION('',(1.,0.,0.));
#11687 = ORIENTED_EDGE('',*,*,#11688,.F.);
#11688 = EDGE_CURVE('',#11650,#11681,#11689,.T.);
#11689 = LINE('',#11690,#11691);
#11690 = CARTESIAN_POINT('',(-838.2,4.763767610107E+03,5.2365852441E+03)
  );
#11691 = VECTOR('',#11692,1.);
#11692 = DIRECTION('',(0.,0.835226610236,0.549905909728));
#11693 = PLANE('',#11694);
#11694 = AXIS2_PLACEMENT_3D('',#11695,#11696,#11697);
#11695 = CARTESIAN_POINT('',(-838.2,4.763767610107E+03,5.2365852441E+03)
  );
#11696 = DIRECTION('',(0.,-0.549905909728,0.835226610236));
#11697 = DIRECTION('',(-6.E-17,0.835226610236,0.549905909728));
#11698 = ADVANCED_FACE('',(#11699),#11724,.F.);
#11699 = FACE_BOUND('',#11700,.F.);
#11700 = EDGE_LOOP('',(#11701,#11702,#11710,#11718));
#11701 = ORIENTED_EDGE('',*,*,#11680,.T.);
#11702 = ORIENTED_EDGE('',*,*,#11703,.T.);
#11703 = EDGE_CURVE('',#11673,#11704,#11706,.T.);
#11704 = VERTEX_POINT('',#11705);
#11705 = CARTESIAN_POINT('',(-787.4,5.472432389893E+03,
    5.763985766332E+03));
#11706 = LINE('',#11707,#11708);
#11707 = CARTESIAN_POINT('',(-787.4,5.500367610107E+03,
    5.721556254532E+03));
#11708 = VECTOR('',#11709,1.);
#11709 = DIRECTION('',(0.,-0.549905909728,0.835226610236));
#11710 = ORIENTED_EDGE('',*,*,#11711,.F.);
#11711 = EDGE_CURVE('',#11712,#11704,#11714,.T.);
#11712 = VERTEX_POINT('',#11713);
#11713 = CARTESIAN_POINT('',(-838.2,5.472432389893E+03,
    5.763985766332E+03));
#11714 = LINE('',#11715,#11716);
#11715 = CARTESIAN_POINT('',(-838.2,5.472432389893E+03,
    5.763985766332E+03));
#11716 = VECTOR('',#11717,1.);
#11717 = DIRECTION('',(1.,0.,0.));
#11718 = ORIENTED_EDGE('',*,*,#11719,.F.);
#11719 = EDGE_CURVE('',#11681,#11712,#11720,.T.);
#11720 = LINE('',#11721,#11722);
#11721 = CARTESIAN_POINT('',(-838.2,5.500367610107E+03,
    5.721556254532E+03));
#11722 = VECTOR('',#11723,1.);
#11723 = DIRECTION('',(0.,-0.549905909728,0.835226610236));
#11724 = PLANE('',#11725);
#11725 = AXIS2_PLACEMENT_3D('',#11726,#11727,#11728);
#11726 = CARTESIAN_POINT('',(-838.2,5.500367610107E+03,
    5.721556254532E+03));
#11727 = DIRECTION('',(0.,-0.835226610236,-0.549905909728));
#11728 = DIRECTION('',(-2.2E-16,-0.549905909728,0.835226610236));
#11729 = ADVANCED_FACE('',(#11730),#11746,.F.);
#11730 = FACE_BOUND('',#11731,.F.);
#11731 = EDGE_LOOP('',(#11732,#11733,#11739,#11740));
#11732 = ORIENTED_EDGE('',*,*,#11711,.T.);
#11733 = ORIENTED_EDGE('',*,*,#11734,.T.);
#11734 = EDGE_CURVE('',#11704,#11634,#11735,.T.);
#11735 = LINE('',#11736,#11737);
#11736 = CARTESIAN_POINT('',(-787.4,5.472432389893E+03,
    5.763985766332E+03));
#11737 = VECTOR('',#11738,1.);
#11738 = DIRECTION('',(0.,-0.835226610236,-0.549905909728));
#11739 = ORIENTED_EDGE('',*,*,#11631,.F.);
#11740 = ORIENTED_EDGE('',*,*,#11741,.F.);
#11741 = EDGE_CURVE('',#11712,#11632,#11742,.T.);
#11742 = LINE('',#11743,#11744);
#11743 = CARTESIAN_POINT('',(-838.2,5.472432389893E+03,
    5.763985766332E+03));
#11744 = VECTOR('',#11745,1.);
#11745 = DIRECTION('',(0.,-0.835226610236,-0.549905909728));
#11746 = PLANE('',#11747);
#11747 = AXIS2_PLACEMENT_3D('',#11748,#11749,#11750);
#11748 = CARTESIAN_POINT('',(-838.2,5.472432389893E+03,
    5.763985766332E+03));
#11749 = DIRECTION('',(0.,0.549905909728,-0.835226610236));
#11750 = DIRECTION('',(6.E-17,-0.835226610236,-0.549905909728));
#11751 = ADVANCED_FACE('',(#11752),#11758,.F.);
#11752 = FACE_BOUND('',#11753,.F.);
#11753 = EDGE_LOOP('',(#11754,#11755,#11756,#11757));
#11754 = ORIENTED_EDGE('',*,*,#11657,.T.);
#11755 = ORIENTED_EDGE('',*,*,#11688,.T.);
#11756 = ORIENTED_EDGE('',*,*,#11719,.T.);
#11757 = ORIENTED_EDGE('',*,*,#11741,.T.);
#11758 = PLANE('',#11759);
#11759 = AXIS2_PLACEMENT_3D('',#11760,#11761,#11762);
#11760 = CARTESIAN_POINT('',(-838.2,5.1181E+03,5.500285505216E+03));
#11761 = DIRECTION('',(1.,0.,0.));
#11762 = DIRECTION('',(0.,0.,1.));
#11763 = ADVANCED_FACE('',(#11764),#11770,.T.);
#11764 = FACE_BOUND('',#11765,.T.);
#11765 = EDGE_LOOP('',(#11766,#11767,#11768,#11769));
#11766 = ORIENTED_EDGE('',*,*,#11641,.T.);
#11767 = ORIENTED_EDGE('',*,*,#11672,.T.);
#11768 = ORIENTED_EDGE('',*,*,#11703,.T.);
#11769 = ORIENTED_EDGE('',*,*,#11734,.T.);
#11770 = PLANE('',#11771);
#11771 = AXIS2_PLACEMENT_3D('',#11772,#11773,#11774);
#11772 = CARTESIAN_POINT('',(-787.4,5.1181E+03,5.500285505216E+03));
#11773 = DIRECTION('',(1.,0.,0.));
#11774 = DIRECTION('',(0.,0.,1.));
#11775 = MANIFOLD_SOLID_BREP('',#11776);
#11776 = CLOSED_SHELL('',(#11777,#11817,#11848,#11879,#11901,#11913));
#11777 = ADVANCED_FACE('',(#11778),#11812,.F.);
#11778 = FACE_BOUND('',#11779,.F.);
#11779 = EDGE_LOOP('',(#11780,#11790,#11798,#11806));
#11780 = ORIENTED_EDGE('',*,*,#11781,.T.);
#11781 = EDGE_CURVE('',#11782,#11784,#11786,.T.);
#11782 = VERTEX_POINT('',#11783);
#11783 = CARTESIAN_POINT('',(-838.2,5.500367610107E+03,
    5.763985766332E+03));
#11784 = VERTEX_POINT('',#11785);
#11785 = CARTESIAN_POINT('',(-787.4,5.500367610107E+03,
    5.763985766332E+03));
#11786 = LINE('',#11787,#11788);
#11787 = CARTESIAN_POINT('',(-838.2,5.500367610107E+03,
    5.763985766332E+03));
#11788 = VECTOR('',#11789,1.);
#11789 = DIRECTION('',(1.,0.,0.));
#11790 = ORIENTED_EDGE('',*,*,#11791,.T.);
#11791 = EDGE_CURVE('',#11784,#11792,#11794,.T.);
#11792 = VERTEX_POINT('',#11793);
#11793 = CARTESIAN_POINT('',(-787.4,5.472432389893E+03,
    5.721556254532E+03));
#11794 = LINE('',#11795,#11796);
#11795 = CARTESIAN_POINT('',(-787.4,5.500367610107E+03,
    5.763985766332E+03));
#11796 = VECTOR('',#11797,1.);
#11797 = DIRECTION('',(0.,-0.549905909728,-0.835226610236));
#11798 = ORIENTED_EDGE('',*,*,#11799,.F.);
#11799 = EDGE_CURVE('',#11800,#11792,#11802,.T.);
#11800 = VERTEX_POINT('',#11801);
#11801 = CARTESIAN_POINT('',(-838.2,5.472432389893E+03,
    5.721556254532E+03));
#11802 = LINE('',#11803,#11804);
#11803 = CARTESIAN_POINT('',(-838.2,5.472432389893E+03,
    5.721556254532E+03));
#11804 = VECTOR('',#11805,1.);
#11805 = DIRECTION('',(1.,0.,0.));
#11806 = ORIENTED_EDGE('',*,*,#11807,.F.);
#11807 = EDGE_CURVE('',#11782,#11800,#11808,.T.);
#11808 = LINE('',#11809,#11810);
#11809 = CARTESIAN_POINT('',(-838.2,5.500367610107E+03,
    5.763985766332E+03));
#11810 = VECTOR('',#11811,1.);
#11811 = DIRECTION('',(0.,-0.549905909728,-0.835226610236));
#11812 = PLANE('',#11813);
#11813 = AXIS2_PLACEMENT_3D('',#11814,#11815,#11816);
#11814 = CARTESIAN_POINT('',(-838.2,5.500367610107E+03,
    5.763985766332E+03));
#11815 = DIRECTION('',(0.,0.835226610236,-0.549905909728));
#11816 = DIRECTION('',(0.,-0.549905909728,-0.835226610236));
#11817 = ADVANCED_FACE('',(#11818),#11843,.F.);
#11818 = FACE_BOUND('',#11819,.F.);
#11819 = EDGE_LOOP('',(#11820,#11821,#11829,#11837));
#11820 = ORIENTED_EDGE('',*,*,#11799,.T.);
#11821 = ORIENTED_EDGE('',*,*,#11822,.T.);
#11822 = EDGE_CURVE('',#11792,#11823,#11825,.T.);
#11823 = VERTEX_POINT('',#11824);
#11824 = CARTESIAN_POINT('',(-787.4,6.209032389893E+03,5.2365852441E+03)
  );
#11825 = LINE('',#11826,#11827);
#11826 = CARTESIAN_POINT('',(-787.4,5.472432389893E+03,
    5.721556254532E+03));
#11827 = VECTOR('',#11828,1.);
#11828 = DIRECTION('',(0.,0.835226610236,-0.549905909728));
#11829 = ORIENTED_EDGE('',*,*,#11830,.F.);
#11830 = EDGE_CURVE('',#11831,#11823,#11833,.T.);
#11831 = VERTEX_POINT('',#11832);
#11832 = CARTESIAN_POINT('',(-838.2,6.209032389893E+03,5.2365852441E+03)
  );
#11833 = LINE('',#11834,#11835);
#11834 = CARTESIAN_POINT('',(-838.2,6.209032389893E+03,5.2365852441E+03)
  );
#11835 = VECTOR('',#11836,1.);
#11836 = DIRECTION('',(1.,0.,0.));
#11837 = ORIENTED_EDGE('',*,*,#11838,.F.);
#11838 = EDGE_CURVE('',#11800,#11831,#11839,.T.);
#11839 = LINE('',#11840,#11841);
#11840 = CARTESIAN_POINT('',(-838.2,5.472432389893E+03,
    5.721556254532E+03));
#11841 = VECTOR('',#11842,1.);
#11842 = DIRECTION('',(0.,0.835226610236,-0.549905909728));
#11843 = PLANE('',#11844);
#11844 = AXIS2_PLACEMENT_3D('',#11845,#11846,#11847);
#11845 = CARTESIAN_POINT('',(-838.2,5.472432389893E+03,
    5.721556254532E+03));
#11846 = DIRECTION('',(0.,0.549905909728,0.835226610236));
#11847 = DIRECTION('',(6.E-17,0.835226610236,-0.549905909728));
#11848 = ADVANCED_FACE('',(#11849),#11874,.F.);
#11849 = FACE_BOUND('',#11850,.F.);
#11850 = EDGE_LOOP('',(#11851,#11852,#11860,#11868));
#11851 = ORIENTED_EDGE('',*,*,#11830,.T.);
#11852 = ORIENTED_EDGE('',*,*,#11853,.T.);
#11853 = EDGE_CURVE('',#11823,#11854,#11856,.T.);
#11854 = VERTEX_POINT('',#11855);
#11855 = CARTESIAN_POINT('',(-787.4,6.236967610107E+03,5.2790147559E+03)
  );
#11856 = LINE('',#11857,#11858);
#11857 = CARTESIAN_POINT('',(-787.4,6.209032389893E+03,5.2365852441E+03)
  );
#11858 = VECTOR('',#11859,1.);
#11859 = DIRECTION('',(0.,0.549905909728,0.835226610236));
#11860 = ORIENTED_EDGE('',*,*,#11861,.F.);
#11861 = EDGE_CURVE('',#11862,#11854,#11864,.T.);
#11862 = VERTEX_POINT('',#11863);
#11863 = CARTESIAN_POINT('',(-838.2,6.236967610107E+03,5.2790147559E+03)
  );
#11864 = LINE('',#11865,#11866);
#11865 = CARTESIAN_POINT('',(-838.2,6.236967610107E+03,5.2790147559E+03)
  );
#11866 = VECTOR('',#11867,1.);
#11867 = DIRECTION('',(1.,0.,0.));
#11868 = ORIENTED_EDGE('',*,*,#11869,.F.);
#11869 = EDGE_CURVE('',#11831,#11862,#11870,.T.);
#11870 = LINE('',#11871,#11872);
#11871 = CARTESIAN_POINT('',(-838.2,6.209032389893E+03,5.2365852441E+03)
  );
#11872 = VECTOR('',#11873,1.);
#11873 = DIRECTION('',(0.,0.549905909728,0.835226610236));
#11874 = PLANE('',#11875);
#11875 = AXIS2_PLACEMENT_3D('',#11876,#11877,#11878);
#11876 = CARTESIAN_POINT('',(-838.2,6.209032389893E+03,5.2365852441E+03)
  );
#11877 = DIRECTION('',(0.,-0.835226610236,0.549905909728));
#11878 = DIRECTION('',(0.,0.549905909728,0.835226610236));
#11879 = ADVANCED_FACE('',(#11880),#11896,.F.);
#11880 = FACE_BOUND('',#11881,.F.);
#11881 = EDGE_LOOP('',(#11882,#11883,#11889,#11890));
#11882 = ORIENTED_EDGE('',*,*,#11861,.T.);
#11883 = ORIENTED_EDGE('',*,*,#11884,.T.);
#11884 = EDGE_CURVE('',#11854,#11784,#11885,.T.);
#11885 = LINE('',#11886,#11887);
#11886 = CARTESIAN_POINT('',(-787.4,6.236967610107E+03,5.2790147559E+03)
  );
#11887 = VECTOR('',#11888,1.);
#11888 = DIRECTION('',(0.,-0.835226610236,0.549905909728));
#11889 = ORIENTED_EDGE('',*,*,#11781,.F.);
#11890 = ORIENTED_EDGE('',*,*,#11891,.F.);
#11891 = EDGE_CURVE('',#11862,#11782,#11892,.T.);
#11892 = LINE('',#11893,#11894);
#11893 = CARTESIAN_POINT('',(-838.2,6.236967610107E+03,5.2790147559E+03)
  );
#11894 = VECTOR('',#11895,1.);
#11895 = DIRECTION('',(0.,-0.835226610236,0.549905909728));
#11896 = PLANE('',#11897);
#11897 = AXIS2_PLACEMENT_3D('',#11898,#11899,#11900);
#11898 = CARTESIAN_POINT('',(-838.2,6.236967610107E+03,5.2790147559E+03)
  );
#11899 = DIRECTION('',(0.,-0.549905909728,-0.835226610236));
#11900 = DIRECTION('',(-6.E-17,-0.835226610236,0.549905909728));
#11901 = ADVANCED_FACE('',(#11902),#11908,.F.);
#11902 = FACE_BOUND('',#11903,.F.);
#11903 = EDGE_LOOP('',(#11904,#11905,#11906,#11907));
#11904 = ORIENTED_EDGE('',*,*,#11807,.T.);
#11905 = ORIENTED_EDGE('',*,*,#11838,.T.);
#11906 = ORIENTED_EDGE('',*,*,#11869,.T.);
#11907 = ORIENTED_EDGE('',*,*,#11891,.T.);
#11908 = PLANE('',#11909);
#11909 = AXIS2_PLACEMENT_3D('',#11910,#11911,#11912);
#11910 = CARTESIAN_POINT('',(-838.2,5.8547E+03,5.500285505216E+03));
#11911 = DIRECTION('',(1.,0.,0.));
#11912 = DIRECTION('',(0.,0.,1.));
#11913 = ADVANCED_FACE('',(#11914),#11920,.T.);
#11914 = FACE_BOUND('',#11915,.T.);
#11915 = EDGE_LOOP('',(#11916,#11917,#11918,#11919));
#11916 = ORIENTED_EDGE('',*,*,#11791,.T.);
#11917 = ORIENTED_EDGE('',*,*,#11822,.T.);
#11918 = ORIENTED_EDGE('',*,*,#11853,.T.);
#11919 = ORIENTED_EDGE('',*,*,#11884,.T.);
#11920 = PLANE('',#11921);
#11921 = AXIS2_PLACEMENT_3D('',#11922,#11923,#11924);
#11922 = CARTESIAN_POINT('',(-787.4,5.8547E+03,5.500285505216E+03));
#11923 = DIRECTION('',(1.,0.,0.));
#11924 = DIRECTION('',(0.,0.,1.));
#11925 = MANIFOLD_SOLID_BREP('',#11926);
#11926 = CLOSED_SHELL('',(#11927,#11967,#11998,#12029,#12051,#12063));
#11927 = ADVANCED_FACE('',(#11928),#11962,.F.);
#11928 = FACE_BOUND('',#11929,.F.);
#11929 = EDGE_LOOP('',(#11930,#11940,#11948,#11956));
#11930 = ORIENTED_EDGE('',*,*,#11931,.T.);
#11931 = EDGE_CURVE('',#11932,#11934,#11936,.T.);
#11932 = VERTEX_POINT('',#11933);
#11933 = CARTESIAN_POINT('',(5.67055E+03,-558.8,2.9845E+03));
#11934 = VERTEX_POINT('',#11935);
#11935 = CARTESIAN_POINT('',(5.72135E+03,-558.8,2.9845E+03));
#11936 = LINE('',#11937,#11938);
#11937 = CARTESIAN_POINT('',(5.67055E+03,-558.8,2.9845E+03));
#11938 = VECTOR('',#11939,1.);
#11939 = DIRECTION('',(1.,0.,0.));
#11940 = ORIENTED_EDGE('',*,*,#11941,.T.);
#11941 = EDGE_CURVE('',#11934,#11942,#11944,.T.);
#11942 = VERTEX_POINT('',#11943);
#11943 = CARTESIAN_POINT('',(5.72135E+03,-508.,2.9845E+03));
#11944 = LINE('',#11945,#11946);
#11945 = CARTESIAN_POINT('',(5.72135E+03,-558.8,2.9845E+03));
#11946 = VECTOR('',#11947,1.);
#11947 = DIRECTION('',(0.,1.,0.));
#11948 = ORIENTED_EDGE('',*,*,#11949,.F.);
#11949 = EDGE_CURVE('',#11950,#11942,#11952,.T.);
#11950 = VERTEX_POINT('',#11951);
#11951 = CARTESIAN_POINT('',(5.67055E+03,-508.,2.9845E+03));
#11952 = LINE('',#11953,#11954);
#11953 = CARTESIAN_POINT('',(5.67055E+03,-508.,2.9845E+03));
#11954 = VECTOR('',#11955,1.);
#11955 = DIRECTION('',(1.,0.,0.));
#11956 = ORIENTED_EDGE('',*,*,#11957,.F.);
#11957 = EDGE_CURVE('',#11932,#11950,#11958,.T.);
#11958 = LINE('',#11959,#11960);
#11959 = CARTESIAN_POINT('',(5.67055E+03,-558.8,2.9845E+03));
#11960 = VECTOR('',#11961,1.);
#11961 = DIRECTION('',(0.,1.,0.));
#11962 = PLANE('',#11963);
#11963 = AXIS2_PLACEMENT_3D('',#11964,#11965,#11966);
#11964 = CARTESIAN_POINT('',(5.67055E+03,-558.8,2.9845E+03));
#11965 = DIRECTION('',(0.,0.,1.));
#11966 = DIRECTION('',(0.,1.,0.));
#11967 = ADVANCED_FACE('',(#11968),#11993,.F.);
#11968 = FACE_BOUND('',#11969,.F.);
#11969 = EDGE_LOOP('',(#11970,#11971,#11979,#11987));
#11970 = ORIENTED_EDGE('',*,*,#11949,.T.);
#11971 = ORIENTED_EDGE('',*,*,#11972,.T.);
#11972 = EDGE_CURVE('',#11942,#11973,#11975,.T.);
#11973 = VERTEX_POINT('',#11974);
#11974 = CARTESIAN_POINT('',(5.72135E+03,-508.,3.522252570334E+03));
#11975 = LINE('',#11976,#11977);
#11976 = CARTESIAN_POINT('',(5.72135E+03,-508.,2.9845E+03));
#11977 = VECTOR('',#11978,1.);
#11978 = DIRECTION('',(0.,0.,1.));
#11979 = ORIENTED_EDGE('',*,*,#11980,.F.);
#11980 = EDGE_CURVE('',#11981,#11973,#11983,.T.);
#11981 = VERTEX_POINT('',#11982);
#11982 = CARTESIAN_POINT('',(5.67055E+03,-508.,3.522252570334E+03));
#11983 = LINE('',#11984,#11985);
#11984 = CARTESIAN_POINT('',(5.67055E+03,-508.,3.522252570334E+03));
#11985 = VECTOR('',#11986,1.);
#11986 = DIRECTION('',(1.,0.,0.));
#11987 = ORIENTED_EDGE('',*,*,#11988,.F.);
#11988 = EDGE_CURVE('',#11950,#11981,#11989,.T.);
#11989 = LINE('',#11990,#11991);
#11990 = CARTESIAN_POINT('',(5.67055E+03,-508.,2.9845E+03));
#11991 = VECTOR('',#11992,1.);
#11992 = DIRECTION('',(0.,0.,1.));
#11993 = PLANE('',#11994);
#11994 = AXIS2_PLACEMENT_3D('',#11995,#11996,#11997);
#11995 = CARTESIAN_POINT('',(5.67055E+03,-508.,2.9845E+03));
#11996 = DIRECTION('',(0.,-1.,0.));
#11997 = DIRECTION('',(0.,0.,1.));
#11998 = ADVANCED_FACE('',(#11999),#12024,.F.);
#11999 = FACE_BOUND('',#12000,.F.);
#12000 = EDGE_LOOP('',(#12001,#12002,#12010,#12018));
#12001 = ORIENTED_EDGE('',*,*,#11980,.T.);
#12002 = ORIENTED_EDGE('',*,*,#12003,.T.);
#12003 = EDGE_CURVE('',#11973,#12004,#12006,.T.);
#12004 = VERTEX_POINT('',#12005);
#12005 = CARTESIAN_POINT('',(5.72135E+03,-558.8,3.522252570334E+03));
#12006 = LINE('',#12007,#12008);
#12007 = CARTESIAN_POINT('',(5.72135E+03,-508.,3.522252570334E+03));
#12008 = VECTOR('',#12009,1.);
#12009 = DIRECTION('',(0.,-1.,0.));
#12010 = ORIENTED_EDGE('',*,*,#12011,.F.);
#12011 = EDGE_CURVE('',#12012,#12004,#12014,.T.);
#12012 = VERTEX_POINT('',#12013);
#12013 = CARTESIAN_POINT('',(5.67055E+03,-558.8,3.522252570334E+03));
#12014 = LINE('',#12015,#12016);
#12015 = CARTESIAN_POINT('',(5.67055E+03,-558.8,3.522252570334E+03));
#12016 = VECTOR('',#12017,1.);
#12017 = DIRECTION('',(1.,0.,0.));
#12018 = ORIENTED_EDGE('',*,*,#12019,.F.);
#12019 = EDGE_CURVE('',#11981,#12012,#12020,.T.);
#12020 = LINE('',#12021,#12022);
#12021 = CARTESIAN_POINT('',(5.67055E+03,-508.,3.522252570334E+03));
#12022 = VECTOR('',#12023,1.);
#12023 = DIRECTION('',(0.,-1.,0.));
#12024 = PLANE('',#12025);
#12025 = AXIS2_PLACEMENT_3D('',#12026,#12027,#12028);
#12026 = CARTESIAN_POINT('',(5.67055E+03,-508.,3.522252570334E+03));
#12027 = DIRECTION('',(0.,0.,-1.));
#12028 = DIRECTION('',(0.,-1.,0.));
#12029 = ADVANCED_FACE('',(#12030),#12046,.F.);
#12030 = FACE_BOUND('',#12031,.F.);
#12031 = EDGE_LOOP('',(#12032,#12033,#12039,#12040));
#12032 = ORIENTED_EDGE('',*,*,#12011,.T.);
#12033 = ORIENTED_EDGE('',*,*,#12034,.T.);
#12034 = EDGE_CURVE('',#12004,#11934,#12035,.T.);
#12035 = LINE('',#12036,#12037);
#12036 = CARTESIAN_POINT('',(5.72135E+03,-558.8,3.522252570334E+03));
#12037 = VECTOR('',#12038,1.);
#12038 = DIRECTION('',(0.,0.,-1.));
#12039 = ORIENTED_EDGE('',*,*,#11931,.F.);
#12040 = ORIENTED_EDGE('',*,*,#12041,.F.);
#12041 = EDGE_CURVE('',#12012,#11932,#12042,.T.);
#12042 = LINE('',#12043,#12044);
#12043 = CARTESIAN_POINT('',(5.67055E+03,-558.8,3.522252570334E+03));
#12044 = VECTOR('',#12045,1.);
#12045 = DIRECTION('',(0.,0.,-1.));
#12046 = PLANE('',#12047);
#12047 = AXIS2_PLACEMENT_3D('',#12048,#12049,#12050);
#12048 = CARTESIAN_POINT('',(5.67055E+03,-558.8,3.522252570334E+03));
#12049 = DIRECTION('',(0.,1.,0.));
#12050 = DIRECTION('',(0.,0.,-1.));
#12051 = ADVANCED_FACE('',(#12052),#12058,.F.);
#12052 = FACE_BOUND('',#12053,.F.);
#12053 = EDGE_LOOP('',(#12054,#12055,#12056,#12057));
#12054 = ORIENTED_EDGE('',*,*,#11957,.T.);
#12055 = ORIENTED_EDGE('',*,*,#11988,.T.);
#12056 = ORIENTED_EDGE('',*,*,#12019,.T.);
#12057 = ORIENTED_EDGE('',*,*,#12041,.T.);
#12058 = PLANE('',#12059);
#12059 = AXIS2_PLACEMENT_3D('',#12060,#12061,#12062);
#12060 = CARTESIAN_POINT('',(5.67055E+03,-533.4,3.253376285167E+03));
#12061 = DIRECTION('',(1.,0.,0.));
#12062 = DIRECTION('',(0.,0.,1.));
#12063 = ADVANCED_FACE('',(#12064),#12070,.T.);
#12064 = FACE_BOUND('',#12065,.T.);
#12065 = EDGE_LOOP('',(#12066,#12067,#12068,#12069));
#12066 = ORIENTED_EDGE('',*,*,#11941,.T.);
#12067 = ORIENTED_EDGE('',*,*,#11972,.T.);
#12068 = ORIENTED_EDGE('',*,*,#12003,.T.);
#12069 = ORIENTED_EDGE('',*,*,#12034,.T.);
#12070 = PLANE('',#12071);
#12071 = AXIS2_PLACEMENT_3D('',#12072,#12073,#12074);
#12072 = CARTESIAN_POINT('',(5.72135E+03,-533.4,3.253376285167E+03));
#12073 = DIRECTION('',(1.,0.,0.));
#12074 = DIRECTION('',(0.,0.,1.));
#12075 = MANIFOLD_SOLID_BREP('',#12076);
#12076 = CLOSED_SHELL('',(#12077,#12117,#12148,#12179,#12201,#12213));
#12077 = ADVANCED_FACE('',(#12078),#12112,.F.);
#12078 = FACE_BOUND('',#12079,.F.);
#12079 = EDGE_LOOP('',(#12080,#12090,#12098,#12106));
#12080 = ORIENTED_EDGE('',*,*,#12081,.T.);
#12081 = EDGE_CURVE('',#12082,#12084,#12086,.T.);
#12082 = VERTEX_POINT('',#12083);
#12083 = CARTESIAN_POINT('',(5.67055E+03,-25.4,2.9845E+03));
#12084 = VERTEX_POINT('',#12085);
#12085 = CARTESIAN_POINT('',(5.72135E+03,-25.4,2.9845E+03));
#12086 = LINE('',#12087,#12088);
#12087 = CARTESIAN_POINT('',(5.67055E+03,-25.4,2.9845E+03));
#12088 = VECTOR('',#12089,1.);
#12089 = DIRECTION('',(1.,0.,0.));
#12090 = ORIENTED_EDGE('',*,*,#12091,.T.);
#12091 = EDGE_CURVE('',#12084,#12092,#12094,.T.);
#12092 = VERTEX_POINT('',#12093);
#12093 = CARTESIAN_POINT('',(5.72135E+03,25.4,2.9845E+03));
#12094 = LINE('',#12095,#12096);
#12095 = CARTESIAN_POINT('',(5.72135E+03,-25.4,2.9845E+03));
#12096 = VECTOR('',#12097,1.);
#12097 = DIRECTION('',(0.,1.,0.));
#12098 = ORIENTED_EDGE('',*,*,#12099,.F.);
#12099 = EDGE_CURVE('',#12100,#12092,#12102,.T.);
#12100 = VERTEX_POINT('',#12101);
#12101 = CARTESIAN_POINT('',(5.67055E+03,25.4,2.9845E+03));
#12102 = LINE('',#12103,#12104);
#12103 = CARTESIAN_POINT('',(5.67055E+03,25.4,2.9845E+03));
#12104 = VECTOR('',#12105,1.);
#12105 = DIRECTION('',(1.,0.,0.));
#12106 = ORIENTED_EDGE('',*,*,#12107,.F.);
#12107 = EDGE_CURVE('',#12082,#12100,#12108,.T.);
#12108 = LINE('',#12109,#12110);
#12109 = CARTESIAN_POINT('',(5.67055E+03,-25.4,2.9845E+03));
#12110 = VECTOR('',#12111,1.);
#12111 = DIRECTION('',(0.,1.,0.));
#12112 = PLANE('',#12113);
#12113 = AXIS2_PLACEMENT_3D('',#12114,#12115,#12116);
#12114 = CARTESIAN_POINT('',(5.67055E+03,-25.4,2.9845E+03));
#12115 = DIRECTION('',(0.,0.,1.));
#12116 = DIRECTION('',(0.,1.,0.));
#12117 = ADVANCED_FACE('',(#12118),#12143,.F.);
#12118 = FACE_BOUND('',#12119,.F.);
#12119 = EDGE_LOOP('',(#12120,#12121,#12129,#12137));
#12120 = ORIENTED_EDGE('',*,*,#12099,.T.);
#12121 = ORIENTED_EDGE('',*,*,#12122,.T.);
#12122 = EDGE_CURVE('',#12092,#12123,#12125,.T.);
#12123 = VERTEX_POINT('',#12124);
#12124 = CARTESIAN_POINT('',(5.72135E+03,25.4,3.83021120392E+03));
#12125 = LINE('',#12126,#12127);
#12126 = CARTESIAN_POINT('',(5.72135E+03,25.4,2.9845E+03));
#12127 = VECTOR('',#12128,1.);
#12128 = DIRECTION('',(0.,0.,1.));
#12129 = ORIENTED_EDGE('',*,*,#12130,.F.);
#12130 = EDGE_CURVE('',#12131,#12123,#12133,.T.);
#12131 = VERTEX_POINT('',#12132);
#12132 = CARTESIAN_POINT('',(5.67055E+03,25.4,3.83021120392E+03));
#12133 = LINE('',#12134,#12135);
#12134 = CARTESIAN_POINT('',(5.67055E+03,25.4,3.83021120392E+03));
#12135 = VECTOR('',#12136,1.);
#12136 = DIRECTION('',(1.,0.,0.));
#12137 = ORIENTED_EDGE('',*,*,#12138,.F.);
#12138 = EDGE_CURVE('',#12100,#12131,#12139,.T.);
#12139 = LINE('',#12140,#12141);
#12140 = CARTESIAN_POINT('',(5.67055E+03,25.4,2.9845E+03));
#12141 = VECTOR('',#12142,1.);
#12142 = DIRECTION('',(0.,0.,1.));
#12143 = PLANE('',#12144);
#12144 = AXIS2_PLACEMENT_3D('',#12145,#12146,#12147);
#12145 = CARTESIAN_POINT('',(5.67055E+03,25.4,2.9845E+03));
#12146 = DIRECTION('',(0.,-1.,0.));
#12147 = DIRECTION('',(0.,0.,1.));
#12148 = ADVANCED_FACE('',(#12149),#12174,.F.);
#12149 = FACE_BOUND('',#12150,.F.);
#12150 = EDGE_LOOP('',(#12151,#12152,#12160,#12168));
#12151 = ORIENTED_EDGE('',*,*,#12130,.T.);
#12152 = ORIENTED_EDGE('',*,*,#12153,.T.);
#12153 = EDGE_CURVE('',#12123,#12154,#12156,.T.);
#12154 = VERTEX_POINT('',#12155);
#12155 = CARTESIAN_POINT('',(5.72135E+03,-25.4,3.83021120392E+03));
#12156 = LINE('',#12157,#12158);
#12157 = CARTESIAN_POINT('',(5.72135E+03,25.4,3.83021120392E+03));
#12158 = VECTOR('',#12159,1.);
#12159 = DIRECTION('',(0.,-1.,0.));
#12160 = ORIENTED_EDGE('',*,*,#12161,.F.);
#12161 = EDGE_CURVE('',#12162,#12154,#12164,.T.);
#12162 = VERTEX_POINT('',#12163);
#12163 = CARTESIAN_POINT('',(5.67055E+03,-25.4,3.83021120392E+03));
#12164 = LINE('',#12165,#12166);
#12165 = CARTESIAN_POINT('',(5.67055E+03,-25.4,3.83021120392E+03));
#12166 = VECTOR('',#12167,1.);
#12167 = DIRECTION('',(1.,0.,0.));
#12168 = ORIENTED_EDGE('',*,*,#12169,.F.);
#12169 = EDGE_CURVE('',#12131,#12162,#12170,.T.);
#12170 = LINE('',#12171,#12172);
#12171 = CARTESIAN_POINT('',(5.67055E+03,25.4,3.83021120392E+03));
#12172 = VECTOR('',#12173,1.);
#12173 = DIRECTION('',(0.,-1.,0.));
#12174 = PLANE('',#12175);
#12175 = AXIS2_PLACEMENT_3D('',#12176,#12177,#12178);
#12176 = CARTESIAN_POINT('',(5.67055E+03,25.4,3.83021120392E+03));
#12177 = DIRECTION('',(0.,0.,-1.));
#12178 = DIRECTION('',(0.,-1.,0.));
#12179 = ADVANCED_FACE('',(#12180),#12196,.F.);
#12180 = FACE_BOUND('',#12181,.F.);
#12181 = EDGE_LOOP('',(#12182,#12183,#12189,#12190));
#12182 = ORIENTED_EDGE('',*,*,#12161,.T.);
#12183 = ORIENTED_EDGE('',*,*,#12184,.T.);
#12184 = EDGE_CURVE('',#12154,#12084,#12185,.T.);
#12185 = LINE('',#12186,#12187);
#12186 = CARTESIAN_POINT('',(5.72135E+03,-25.4,3.83021120392E+03));
#12187 = VECTOR('',#12188,1.);
#12188 = DIRECTION('',(0.,0.,-1.));
#12189 = ORIENTED_EDGE('',*,*,#12081,.F.);
#12190 = ORIENTED_EDGE('',*,*,#12191,.F.);
#12191 = EDGE_CURVE('',#12162,#12082,#12192,.T.);
#12192 = LINE('',#12193,#12194);
#12193 = CARTESIAN_POINT('',(5.67055E+03,-25.4,3.83021120392E+03));
#12194 = VECTOR('',#12195,1.);
#12195 = DIRECTION('',(0.,0.,-1.));
#12196 = PLANE('',#12197);
#12197 = AXIS2_PLACEMENT_3D('',#12198,#12199,#12200);
#12198 = CARTESIAN_POINT('',(5.67055E+03,-25.4,3.83021120392E+03));
#12199 = DIRECTION('',(0.,1.,0.));
#12200 = DIRECTION('',(0.,0.,-1.));
#12201 = ADVANCED_FACE('',(#12202),#12208,.F.);
#12202 = FACE_BOUND('',#12203,.F.);
#12203 = EDGE_LOOP('',(#12204,#12205,#12206,#12207));
#12204 = ORIENTED_EDGE('',*,*,#12107,.T.);
#12205 = ORIENTED_EDGE('',*,*,#12138,.T.);
#12206 = ORIENTED_EDGE('',*,*,#12169,.T.);
#12207 = ORIENTED_EDGE('',*,*,#12191,.T.);
#12208 = PLANE('',#12209);
#12209 = AXIS2_PLACEMENT_3D('',#12210,#12211,#12212);
#12210 = CARTESIAN_POINT('',(5.67055E+03,0.,3.40735560196E+03));
#12211 = DIRECTION('',(1.,0.,0.));
#12212 = DIRECTION('',(0.,0.,1.));
#12213 = ADVANCED_FACE('',(#12214),#12220,.T.);
#12214 = FACE_BOUND('',#12215,.T.);
#12215 = EDGE_LOOP('',(#12216,#12217,#12218,#12219));
#12216 = ORIENTED_EDGE('',*,*,#12091,.T.);
#12217 = ORIENTED_EDGE('',*,*,#12122,.T.);
#12218 = ORIENTED_EDGE('',*,*,#12153,.T.);
#12219 = ORIENTED_EDGE('',*,*,#12184,.T.);
#12220 = PLANE('',#12221);
#12221 = AXIS2_PLACEMENT_3D('',#12222,#12223,#12224);
#12222 = CARTESIAN_POINT('',(5.72135E+03,0.,3.40735560196E+03));
#12223 = DIRECTION('',(1.,0.,0.));
#12224 = DIRECTION('',(0.,0.,1.));
#12225 = MANIFOLD_SOLID_BREP('',#12226);
#12226 = CLOSED_SHELL('',(#12227,#12267,#12298,#12329,#12351,#12363));
#12227 = ADVANCED_FACE('',(#12228),#12262,.F.);
#12228 = FACE_BOUND('',#12229,.F.);
#12229 = EDGE_LOOP('',(#12230,#12240,#12248,#12256));
#12230 = ORIENTED_EDGE('',*,*,#12231,.T.);
#12231 = EDGE_CURVE('',#12232,#12234,#12236,.T.);
#12232 = VERTEX_POINT('',#12233);
#12233 = CARTESIAN_POINT('',(5.67055E+03,1.74625E+03,2.9845E+03));
#12234 = VERTEX_POINT('',#12235);
#12235 = CARTESIAN_POINT('',(5.72135E+03,1.74625E+03,2.9845E+03));
#12236 = LINE('',#12237,#12238);
#12237 = CARTESIAN_POINT('',(5.67055E+03,1.74625E+03,2.9845E+03));
#12238 = VECTOR('',#12239,1.);
#12239 = DIRECTION('',(1.,0.,0.));
#12240 = ORIENTED_EDGE('',*,*,#12241,.T.);
#12241 = EDGE_CURVE('',#12234,#12242,#12244,.T.);
#12242 = VERTEX_POINT('',#12243);
#12243 = CARTESIAN_POINT('',(5.72135E+03,1.79705E+03,2.9845E+03));
#12244 = LINE('',#12245,#12246);
#12245 = CARTESIAN_POINT('',(5.72135E+03,1.74625E+03,2.9845E+03));
#12246 = VECTOR('',#12247,1.);
#12247 = DIRECTION('',(0.,1.,0.));
#12248 = ORIENTED_EDGE('',*,*,#12249,.F.);
#12249 = EDGE_CURVE('',#12250,#12242,#12252,.T.);
#12250 = VERTEX_POINT('',#12251);
#12251 = CARTESIAN_POINT('',(5.67055E+03,1.79705E+03,2.9845E+03));
#12252 = LINE('',#12253,#12254);
#12253 = CARTESIAN_POINT('',(5.67055E+03,1.79705E+03,2.9845E+03));
#12254 = VECTOR('',#12255,1.);
#12255 = DIRECTION('',(1.,0.,0.));
#12256 = ORIENTED_EDGE('',*,*,#12257,.F.);
#12257 = EDGE_CURVE('',#12232,#12250,#12258,.T.);
#12258 = LINE('',#12259,#12260);
#12259 = CARTESIAN_POINT('',(5.67055E+03,1.74625E+03,2.9845E+03));
#12260 = VECTOR('',#12261,1.);
#12261 = DIRECTION('',(0.,1.,0.));
#12262 = PLANE('',#12263);
#12263 = AXIS2_PLACEMENT_3D('',#12264,#12265,#12266);
#12264 = CARTESIAN_POINT('',(5.67055E+03,1.74625E+03,2.9845E+03));
#12265 = DIRECTION('',(0.,0.,1.));
#12266 = DIRECTION('',(0.,1.,0.));
#12267 = ADVANCED_FACE('',(#12268),#12293,.F.);
#12268 = FACE_BOUND('',#12269,.F.);
#12269 = EDGE_LOOP('',(#12270,#12271,#12279,#12287));
#12270 = ORIENTED_EDGE('',*,*,#12249,.T.);
#12271 = ORIENTED_EDGE('',*,*,#12272,.T.);
#12272 = EDGE_CURVE('',#12242,#12273,#12275,.T.);
#12273 = VERTEX_POINT('',#12274);
#12274 = CARTESIAN_POINT('',(5.72135E+03,1.79705E+03,4.85307380833E+03)
  );
#12275 = LINE('',#12276,#12277);
#12276 = CARTESIAN_POINT('',(5.72135E+03,1.79705E+03,2.9845E+03));
#12277 = VECTOR('',#12278,1.);
#12278 = DIRECTION('',(0.,0.,1.));
#12279 = ORIENTED_EDGE('',*,*,#12280,.F.);
#12280 = EDGE_CURVE('',#12281,#12273,#12283,.T.);
#12281 = VERTEX_POINT('',#12282);
#12282 = CARTESIAN_POINT('',(5.67055E+03,1.79705E+03,4.85307380833E+03)
  );
#12283 = LINE('',#12284,#12285);
#12284 = CARTESIAN_POINT('',(5.67055E+03,1.79705E+03,4.85307380833E+03)
  );
#12285 = VECTOR('',#12286,1.);
#12286 = DIRECTION('',(1.,0.,0.));
#12287 = ORIENTED_EDGE('',*,*,#12288,.F.);
#12288 = EDGE_CURVE('',#12250,#12281,#12289,.T.);
#12289 = LINE('',#12290,#12291);
#12290 = CARTESIAN_POINT('',(5.67055E+03,1.79705E+03,2.9845E+03));
#12291 = VECTOR('',#12292,1.);
#12292 = DIRECTION('',(0.,0.,1.));
#12293 = PLANE('',#12294);
#12294 = AXIS2_PLACEMENT_3D('',#12295,#12296,#12297);
#12295 = CARTESIAN_POINT('',(5.67055E+03,1.79705E+03,2.9845E+03));
#12296 = DIRECTION('',(0.,-1.,0.));
#12297 = DIRECTION('',(0.,0.,1.));
#12298 = ADVANCED_FACE('',(#12299),#12324,.F.);
#12299 = FACE_BOUND('',#12300,.F.);
#12300 = EDGE_LOOP('',(#12301,#12302,#12310,#12318));
#12301 = ORIENTED_EDGE('',*,*,#12280,.T.);
#12302 = ORIENTED_EDGE('',*,*,#12303,.T.);
#12303 = EDGE_CURVE('',#12273,#12304,#12306,.T.);
#12304 = VERTEX_POINT('',#12305);
#12305 = CARTESIAN_POINT('',(5.72135E+03,1.74625E+03,4.85307380833E+03)
  );
#12306 = LINE('',#12307,#12308);
#12307 = CARTESIAN_POINT('',(5.72135E+03,1.79705E+03,4.85307380833E+03)
  );
#12308 = VECTOR('',#12309,1.);
#12309 = DIRECTION('',(0.,-1.,0.));
#12310 = ORIENTED_EDGE('',*,*,#12311,.F.);
#12311 = EDGE_CURVE('',#12312,#12304,#12314,.T.);
#12312 = VERTEX_POINT('',#12313);
#12313 = CARTESIAN_POINT('',(5.67055E+03,1.74625E+03,4.85307380833E+03)
  );
#12314 = LINE('',#12315,#12316);
#12315 = CARTESIAN_POINT('',(5.67055E+03,1.74625E+03,4.85307380833E+03)
  );
#12316 = VECTOR('',#12317,1.);
#12317 = DIRECTION('',(1.,0.,0.));
#12318 = ORIENTED_EDGE('',*,*,#12319,.F.);
#12319 = EDGE_CURVE('',#12281,#12312,#12320,.T.);
#12320 = LINE('',#12321,#12322);
#12321 = CARTESIAN_POINT('',(5.67055E+03,1.79705E+03,4.85307380833E+03)
  );
#12322 = VECTOR('',#12323,1.);
#12323 = DIRECTION('',(0.,-1.,0.));
#12324 = PLANE('',#12325);
#12325 = AXIS2_PLACEMENT_3D('',#12326,#12327,#12328);
#12326 = CARTESIAN_POINT('',(5.67055E+03,1.79705E+03,4.85307380833E+03)
  );
#12327 = DIRECTION('',(0.,0.,-1.));
#12328 = DIRECTION('',(0.,-1.,0.));
#12329 = ADVANCED_FACE('',(#12330),#12346,.F.);
#12330 = FACE_BOUND('',#12331,.F.);
#12331 = EDGE_LOOP('',(#12332,#12333,#12339,#12340));
#12332 = ORIENTED_EDGE('',*,*,#12311,.T.);
#12333 = ORIENTED_EDGE('',*,*,#12334,.T.);
#12334 = EDGE_CURVE('',#12304,#12234,#12335,.T.);
#12335 = LINE('',#12336,#12337);
#12336 = CARTESIAN_POINT('',(5.72135E+03,1.74625E+03,4.85307380833E+03)
  );
#12337 = VECTOR('',#12338,1.);
#12338 = DIRECTION('',(0.,0.,-1.));
#12339 = ORIENTED_EDGE('',*,*,#12231,.F.);
#12340 = ORIENTED_EDGE('',*,*,#12341,.F.);
#12341 = EDGE_CURVE('',#12312,#12232,#12342,.T.);
#12342 = LINE('',#12343,#12344);
#12343 = CARTESIAN_POINT('',(5.67055E+03,1.74625E+03,4.85307380833E+03)
  );
#12344 = VECTOR('',#12345,1.);
#12345 = DIRECTION('',(0.,0.,-1.));
#12346 = PLANE('',#12347);
#12347 = AXIS2_PLACEMENT_3D('',#12348,#12349,#12350);
#12348 = CARTESIAN_POINT('',(5.67055E+03,1.74625E+03,4.85307380833E+03)
  );
#12349 = DIRECTION('',(0.,1.,0.));
#12350 = DIRECTION('',(0.,0.,-1.));
#12351 = ADVANCED_FACE('',(#12352),#12358,.F.);
#12352 = FACE_BOUND('',#12353,.F.);
#12353 = EDGE_LOOP('',(#12354,#12355,#12356,#12357));
#12354 = ORIENTED_EDGE('',*,*,#12257,.T.);
#12355 = ORIENTED_EDGE('',*,*,#12288,.T.);
#12356 = ORIENTED_EDGE('',*,*,#12319,.T.);
#12357 = ORIENTED_EDGE('',*,*,#12341,.T.);
#12358 = PLANE('',#12359);
#12359 = AXIS2_PLACEMENT_3D('',#12360,#12361,#12362);
#12360 = CARTESIAN_POINT('',(5.67055E+03,1.77165E+03,3.918786904165E+03)
  );
#12361 = DIRECTION('',(1.,0.,0.));
#12362 = DIRECTION('',(0.,0.,1.));
#12363 = ADVANCED_FACE('',(#12364),#12370,.T.);
#12364 = FACE_BOUND('',#12365,.T.);
#12365 = EDGE_LOOP('',(#12366,#12367,#12368,#12369));
#12366 = ORIENTED_EDGE('',*,*,#12241,.T.);
#12367 = ORIENTED_EDGE('',*,*,#12272,.T.);
#12368 = ORIENTED_EDGE('',*,*,#12303,.T.);
#12369 = ORIENTED_EDGE('',*,*,#12334,.T.);
#12370 = PLANE('',#12371);
#12371 = AXIS2_PLACEMENT_3D('',#12372,#12373,#12374);
#12372 = CARTESIAN_POINT('',(5.72135E+03,1.77165E+03,3.918786904165E+03)
  );
#12373 = DIRECTION('',(1.,0.,0.));
#12374 = DIRECTION('',(0.,0.,1.));
#12375 = MANIFOLD_SOLID_BREP('',#12376);
#12376 = CLOSED_SHELL('',(#12377,#12417,#12448,#12479,#12501,#12513));
#12377 = ADVANCED_FACE('',(#12378),#12412,.F.);
#12378 = FACE_BOUND('',#12379,.F.);
#12379 = EDGE_LOOP('',(#12380,#12390,#12398,#12406));
#12380 = ORIENTED_EDGE('',*,*,#12381,.T.);
#12381 = EDGE_CURVE('',#12382,#12384,#12386,.T.);
#12382 = VERTEX_POINT('',#12383);
#12383 = CARTESIAN_POINT('',(5.67055E+03,3.092766207439E+03,2.9845E+03)
  );
#12384 = VERTEX_POINT('',#12385);
#12385 = CARTESIAN_POINT('',(5.72135E+03,3.092766207439E+03,2.9845E+03)
  );
#12386 = LINE('',#12387,#12388);
#12387 = CARTESIAN_POINT('',(5.67055E+03,3.092766207439E+03,2.9845E+03)
  );
#12388 = VECTOR('',#12389,1.);
#12389 = DIRECTION('',(1.,0.,0.));
#12390 = ORIENTED_EDGE('',*,*,#12391,.T.);
#12391 = EDGE_CURVE('',#12384,#12392,#12394,.T.);
#12392 = VERTEX_POINT('',#12393);
#12393 = CARTESIAN_POINT('',(5.72135E+03,3.143566207439E+03,2.9845E+03)
  );
#12394 = LINE('',#12395,#12396);
#12395 = CARTESIAN_POINT('',(5.72135E+03,3.092766207439E+03,2.9845E+03)
  );
#12396 = VECTOR('',#12397,1.);
#12397 = DIRECTION('',(0.,1.,0.));
#12398 = ORIENTED_EDGE('',*,*,#12399,.F.);
#12399 = EDGE_CURVE('',#12400,#12392,#12402,.T.);
#12400 = VERTEX_POINT('',#12401);
#12401 = CARTESIAN_POINT('',(5.67055E+03,3.143566207439E+03,2.9845E+03)
  );
#12402 = LINE('',#12403,#12404);
#12403 = CARTESIAN_POINT('',(5.67055E+03,3.143566207439E+03,2.9845E+03)
  );
#12404 = VECTOR('',#12405,1.);
#12405 = DIRECTION('',(1.,0.,0.));
#12406 = ORIENTED_EDGE('',*,*,#12407,.F.);
#12407 = EDGE_CURVE('',#12382,#12400,#12408,.T.);
#12408 = LINE('',#12409,#12410);
#12409 = CARTESIAN_POINT('',(5.67055E+03,3.092766207439E+03,2.9845E+03)
  );
#12410 = VECTOR('',#12411,1.);
#12411 = DIRECTION('',(0.,1.,0.));
#12412 = PLANE('',#12413);
#12413 = AXIS2_PLACEMENT_3D('',#12414,#12415,#12416);
#12414 = CARTESIAN_POINT('',(5.67055E+03,3.092766207439E+03,2.9845E+03)
  );
#12415 = DIRECTION('',(0.,0.,1.));
#12416 = DIRECTION('',(0.,1.,0.));
#12417 = ADVANCED_FACE('',(#12418),#12443,.F.);
#12418 = FACE_BOUND('',#12419,.F.);
#12419 = EDGE_LOOP('',(#12420,#12421,#12429,#12437));
#12420 = ORIENTED_EDGE('',*,*,#12399,.T.);
#12421 = ORIENTED_EDGE('',*,*,#12422,.T.);
#12422 = EDGE_CURVE('',#12392,#12423,#12425,.T.);
#12423 = VERTEX_POINT('',#12424);
#12424 = CARTESIAN_POINT('',(5.72135E+03,3.143566207439E+03,
    5.630485303163E+03));
#12425 = LINE('',#12426,#12427);
#12426 = CARTESIAN_POINT('',(5.72135E+03,3.143566207439E+03,2.9845E+03)
  );
#12427 = VECTOR('',#12428,1.);
#12428 = DIRECTION('',(0.,0.,1.));
#12429 = ORIENTED_EDGE('',*,*,#12430,.F.);
#12430 = EDGE_CURVE('',#12431,#12423,#12433,.T.);
#12431 = VERTEX_POINT('',#12432);
#12432 = CARTESIAN_POINT('',(5.67055E+03,3.143566207439E+03,
    5.630485303163E+03));
#12433 = LINE('',#12434,#12435);
#12434 = CARTESIAN_POINT('',(5.67055E+03,3.143566207439E+03,
    5.630485303163E+03));
#12435 = VECTOR('',#12436,1.);
#12436 = DIRECTION('',(1.,0.,0.));
#12437 = ORIENTED_EDGE('',*,*,#12438,.F.);
#12438 = EDGE_CURVE('',#12400,#12431,#12439,.T.);
#12439 = LINE('',#12440,#12441);
#12440 = CARTESIAN_POINT('',(5.67055E+03,3.143566207439E+03,2.9845E+03)
  );
#12441 = VECTOR('',#12442,1.);
#12442 = DIRECTION('',(0.,0.,1.));
#12443 = PLANE('',#12444);
#12444 = AXIS2_PLACEMENT_3D('',#12445,#12446,#12447);
#12445 = CARTESIAN_POINT('',(5.67055E+03,3.143566207439E+03,2.9845E+03)
  );
#12446 = DIRECTION('',(0.,-1.,0.));
#12447 = DIRECTION('',(0.,0.,1.));
#12448 = ADVANCED_FACE('',(#12449),#12474,.F.);
#12449 = FACE_BOUND('',#12450,.F.);
#12450 = EDGE_LOOP('',(#12451,#12452,#12460,#12468));
#12451 = ORIENTED_EDGE('',*,*,#12430,.T.);
#12452 = ORIENTED_EDGE('',*,*,#12453,.T.);
#12453 = EDGE_CURVE('',#12423,#12454,#12456,.T.);
#12454 = VERTEX_POINT('',#12455);
#12455 = CARTESIAN_POINT('',(5.72135E+03,3.092766207439E+03,
    5.630485303163E+03));
#12456 = LINE('',#12457,#12458);
#12457 = CARTESIAN_POINT('',(5.72135E+03,3.143566207439E+03,
    5.630485303163E+03));
#12458 = VECTOR('',#12459,1.);
#12459 = DIRECTION('',(0.,-1.,0.));
#12460 = ORIENTED_EDGE('',*,*,#12461,.F.);
#12461 = EDGE_CURVE('',#12462,#12454,#12464,.T.);
#12462 = VERTEX_POINT('',#12463);
#12463 = CARTESIAN_POINT('',(5.67055E+03,3.092766207439E+03,
    5.630485303163E+03));
#12464 = LINE('',#12465,#12466);
#12465 = CARTESIAN_POINT('',(5.67055E+03,3.092766207439E+03,
    5.630485303163E+03));
#12466 = VECTOR('',#12467,1.);
#12467 = DIRECTION('',(1.,0.,0.));
#12468 = ORIENTED_EDGE('',*,*,#12469,.F.);
#12469 = EDGE_CURVE('',#12431,#12462,#12470,.T.);
#12470 = LINE('',#12471,#12472);
#12471 = CARTESIAN_POINT('',(5.67055E+03,3.143566207439E+03,
    5.630485303163E+03));
#12472 = VECTOR('',#12473,1.);
#12473 = DIRECTION('',(0.,-1.,0.));
#12474 = PLANE('',#12475);
#12475 = AXIS2_PLACEMENT_3D('',#12476,#12477,#12478);
#12476 = CARTESIAN_POINT('',(5.67055E+03,3.143566207439E+03,
    5.630485303163E+03));
#12477 = DIRECTION('',(0.,0.,-1.));
#12478 = DIRECTION('',(0.,-1.,0.));
#12479 = ADVANCED_FACE('',(#12480),#12496,.F.);
#12480 = FACE_BOUND('',#12481,.F.);
#12481 = EDGE_LOOP('',(#12482,#12483,#12489,#12490));
#12482 = ORIENTED_EDGE('',*,*,#12461,.T.);
#12483 = ORIENTED_EDGE('',*,*,#12484,.T.);
#12484 = EDGE_CURVE('',#12454,#12384,#12485,.T.);
#12485 = LINE('',#12486,#12487);
#12486 = CARTESIAN_POINT('',(5.72135E+03,3.092766207439E+03,
    5.630485303163E+03));
#12487 = VECTOR('',#12488,1.);
#12488 = DIRECTION('',(0.,0.,-1.));
#12489 = ORIENTED_EDGE('',*,*,#12381,.F.);
#12490 = ORIENTED_EDGE('',*,*,#12491,.F.);
#12491 = EDGE_CURVE('',#12462,#12382,#12492,.T.);
#12492 = LINE('',#12493,#12494);
#12493 = CARTESIAN_POINT('',(5.67055E+03,3.092766207439E+03,
    5.630485303163E+03));
#12494 = VECTOR('',#12495,1.);
#12495 = DIRECTION('',(0.,0.,-1.));
#12496 = PLANE('',#12497);
#12497 = AXIS2_PLACEMENT_3D('',#12498,#12499,#12500);
#12498 = CARTESIAN_POINT('',(5.67055E+03,3.092766207439E+03,
    5.630485303163E+03));
#12499 = DIRECTION('',(0.,1.,0.));
#12500 = DIRECTION('',(0.,0.,-1.));
#12501 = ADVANCED_FACE('',(#12502),#12508,.F.);
#12502 = FACE_BOUND('',#12503,.F.);
#12503 = EDGE_LOOP('',(#12504,#12505,#12506,#12507));
#12504 = ORIENTED_EDGE('',*,*,#12407,.T.);
#12505 = ORIENTED_EDGE('',*,*,#12438,.T.);
#12506 = ORIENTED_EDGE('',*,*,#12469,.T.);
#12507 = ORIENTED_EDGE('',*,*,#12491,.T.);
#12508 = PLANE('',#12509);
#12509 = AXIS2_PLACEMENT_3D('',#12510,#12511,#12512);
#12510 = CARTESIAN_POINT('',(5.67055E+03,3.118166207439E+03,
    4.307492651581E+03));
#12511 = DIRECTION('',(1.,0.,0.));
#12512 = DIRECTION('',(0.,0.,1.));
#12513 = ADVANCED_FACE('',(#12514),#12520,.T.);
#12514 = FACE_BOUND('',#12515,.T.);
#12515 = EDGE_LOOP('',(#12516,#12517,#12518,#12519));
#12516 = ORIENTED_EDGE('',*,*,#12391,.T.);
#12517 = ORIENTED_EDGE('',*,*,#12422,.T.);
#12518 = ORIENTED_EDGE('',*,*,#12453,.T.);
#12519 = ORIENTED_EDGE('',*,*,#12484,.T.);
#12520 = PLANE('',#12521);
#12521 = AXIS2_PLACEMENT_3D('',#12522,#12523,#12524);
#12522 = CARTESIAN_POINT('',(5.72135E+03,3.118166207439E+03,
    4.307492651581E+03));
#12523 = DIRECTION('',(1.,0.,0.));
#12524 = DIRECTION('',(0.,0.,1.));
#12525 = MANIFOLD_SOLID_BREP('',#12526);
#12526 = CLOSED_SHELL('',(#12527,#12567,#12598,#12629,#12651,#12663));
#12527 = ADVANCED_FACE('',(#12528),#12562,.F.);
#12528 = FACE_BOUND('',#12529,.F.);
#12529 = EDGE_LOOP('',(#12530,#12540,#12548,#12556));
#12530 = ORIENTED_EDGE('',*,*,#12531,.T.);
#12531 = EDGE_CURVE('',#12532,#12534,#12536,.T.);
#12532 = VERTEX_POINT('',#12533);
#12533 = CARTESIAN_POINT('',(5.67055E+03,3.734116207439E+03,2.9845E+03)
  );
#12534 = VERTEX_POINT('',#12535);
#12535 = CARTESIAN_POINT('',(5.72135E+03,3.734116207439E+03,2.9845E+03)
  );
#12536 = LINE('',#12537,#12538);
#12537 = CARTESIAN_POINT('',(5.67055E+03,3.734116207439E+03,2.9845E+03)
  );
#12538 = VECTOR('',#12539,1.);
#12539 = DIRECTION('',(1.,0.,0.));
#12540 = ORIENTED_EDGE('',*,*,#12541,.T.);
#12541 = EDGE_CURVE('',#12534,#12542,#12544,.T.);
#12542 = VERTEX_POINT('',#12543);
#12543 = CARTESIAN_POINT('',(5.72135E+03,3.784916207439E+03,2.9845E+03)
  );
#12544 = LINE('',#12545,#12546);
#12545 = CARTESIAN_POINT('',(5.72135E+03,3.734116207439E+03,2.9845E+03)
  );
#12546 = VECTOR('',#12547,1.);
#12547 = DIRECTION('',(0.,1.,0.));
#12548 = ORIENTED_EDGE('',*,*,#12549,.F.);
#12549 = EDGE_CURVE('',#12550,#12542,#12552,.T.);
#12550 = VERTEX_POINT('',#12551);
#12551 = CARTESIAN_POINT('',(5.67055E+03,3.784916207439E+03,2.9845E+03)
  );
#12552 = LINE('',#12553,#12554);
#12553 = CARTESIAN_POINT('',(5.67055E+03,3.784916207439E+03,2.9845E+03)
  );
#12554 = VECTOR('',#12555,1.);
#12555 = DIRECTION('',(1.,0.,0.));
#12556 = ORIENTED_EDGE('',*,*,#12557,.F.);
#12557 = EDGE_CURVE('',#12532,#12550,#12558,.T.);
#12558 = LINE('',#12559,#12560);
#12559 = CARTESIAN_POINT('',(5.67055E+03,3.734116207439E+03,2.9845E+03)
  );
#12560 = VECTOR('',#12561,1.);
#12561 = DIRECTION('',(0.,1.,0.));
#12562 = PLANE('',#12563);
#12563 = AXIS2_PLACEMENT_3D('',#12564,#12565,#12566);
#12564 = CARTESIAN_POINT('',(5.67055E+03,3.734116207439E+03,2.9845E+03)
  );
#12565 = DIRECTION('',(0.,0.,1.));
#12566 = DIRECTION('',(0.,1.,0.));
#12567 = ADVANCED_FACE('',(#12568),#12593,.F.);
#12568 = FACE_BOUND('',#12569,.F.);
#12569 = EDGE_LOOP('',(#12570,#12571,#12579,#12587));
#12570 = ORIENTED_EDGE('',*,*,#12549,.T.);
#12571 = ORIENTED_EDGE('',*,*,#12572,.T.);
#12572 = EDGE_CURVE('',#12542,#12573,#12575,.T.);
#12573 = VERTEX_POINT('',#12574);
#12574 = CARTESIAN_POINT('',(5.72135E+03,3.784916207439E+03,
    5.833897198304E+03));
#12575 = LINE('',#12576,#12577);
#12576 = CARTESIAN_POINT('',(5.72135E+03,3.784916207439E+03,2.9845E+03)
  );
#12577 = VECTOR('',#12578,1.);
#12578 = DIRECTION('',(0.,0.,1.));
#12579 = ORIENTED_EDGE('',*,*,#12580,.F.);
#12580 = EDGE_CURVE('',#12581,#12573,#12583,.T.);
#12581 = VERTEX_POINT('',#12582);
#12582 = CARTESIAN_POINT('',(5.67055E+03,3.784916207439E+03,
    5.833897198304E+03));
#12583 = LINE('',#12584,#12585);
#12584 = CARTESIAN_POINT('',(5.67055E+03,3.784916207439E+03,
    5.833897198304E+03));
#12585 = VECTOR('',#12586,1.);
#12586 = DIRECTION('',(1.,0.,0.));
#12587 = ORIENTED_EDGE('',*,*,#12588,.F.);
#12588 = EDGE_CURVE('',#12550,#12581,#12589,.T.);
#12589 = LINE('',#12590,#12591);
#12590 = CARTESIAN_POINT('',(5.67055E+03,3.784916207439E+03,2.9845E+03)
  );
#12591 = VECTOR('',#12592,1.);
#12592 = DIRECTION('',(0.,0.,1.));
#12593 = PLANE('',#12594);
#12594 = AXIS2_PLACEMENT_3D('',#12595,#12596,#12597);
#12595 = CARTESIAN_POINT('',(5.67055E+03,3.784916207439E+03,2.9845E+03)
  );
#12596 = DIRECTION('',(0.,-1.,0.));
#12597 = DIRECTION('',(0.,0.,1.));
#12598 = ADVANCED_FACE('',(#12599),#12624,.F.);
#12599 = FACE_BOUND('',#12600,.F.);
#12600 = EDGE_LOOP('',(#12601,#12602,#12610,#12618));
#12601 = ORIENTED_EDGE('',*,*,#12580,.T.);
#12602 = ORIENTED_EDGE('',*,*,#12603,.T.);
#12603 = EDGE_CURVE('',#12573,#12604,#12606,.T.);
#12604 = VERTEX_POINT('',#12605);
#12605 = CARTESIAN_POINT('',(5.72135E+03,3.734116207439E+03,
    5.833897198304E+03));
#12606 = LINE('',#12607,#12608);
#12607 = CARTESIAN_POINT('',(5.72135E+03,3.784916207439E+03,
    5.833897198304E+03));
#12608 = VECTOR('',#12609,1.);
#12609 = DIRECTION('',(0.,-1.,0.));
#12610 = ORIENTED_EDGE('',*,*,#12611,.F.);
#12611 = EDGE_CURVE('',#12612,#12604,#12614,.T.);
#12612 = VERTEX_POINT('',#12613);
#12613 = CARTESIAN_POINT('',(5.67055E+03,3.734116207439E+03,
    5.833897198304E+03));
#12614 = LINE('',#12615,#12616);
#12615 = CARTESIAN_POINT('',(5.67055E+03,3.734116207439E+03,
    5.833897198304E+03));
#12616 = VECTOR('',#12617,1.);
#12617 = DIRECTION('',(1.,0.,0.));
#12618 = ORIENTED_EDGE('',*,*,#12619,.F.);
#12619 = EDGE_CURVE('',#12581,#12612,#12620,.T.);
#12620 = LINE('',#12621,#12622);
#12621 = CARTESIAN_POINT('',(5.67055E+03,3.784916207439E+03,
    5.833897198304E+03));
#12622 = VECTOR('',#12623,1.);
#12623 = DIRECTION('',(0.,-1.,0.));
#12624 = PLANE('',#12625);
#12625 = AXIS2_PLACEMENT_3D('',#12626,#12627,#12628);
#12626 = CARTESIAN_POINT('',(5.67055E+03,3.784916207439E+03,
    5.833897198304E+03));
#12627 = DIRECTION('',(0.,0.,-1.));
#12628 = DIRECTION('',(0.,-1.,0.));
#12629 = ADVANCED_FACE('',(#12630),#12646,.F.);
#12630 = FACE_BOUND('',#12631,.F.);
#12631 = EDGE_LOOP('',(#12632,#12633,#12639,#12640));
#12632 = ORIENTED_EDGE('',*,*,#12611,.T.);
#12633 = ORIENTED_EDGE('',*,*,#12634,.T.);
#12634 = EDGE_CURVE('',#12604,#12534,#12635,.T.);
#12635 = LINE('',#12636,#12637);
#12636 = CARTESIAN_POINT('',(5.72135E+03,3.734116207439E+03,
    5.833897198304E+03));
#12637 = VECTOR('',#12638,1.);
#12638 = DIRECTION('',(0.,0.,-1.));
#12639 = ORIENTED_EDGE('',*,*,#12531,.F.);
#12640 = ORIENTED_EDGE('',*,*,#12641,.F.);
#12641 = EDGE_CURVE('',#12612,#12532,#12642,.T.);
#12642 = LINE('',#12643,#12644);
#12643 = CARTESIAN_POINT('',(5.67055E+03,3.734116207439E+03,
    5.833897198304E+03));
#12644 = VECTOR('',#12645,1.);
#12645 = DIRECTION('',(0.,0.,-1.));
#12646 = PLANE('',#12647);
#12647 = AXIS2_PLACEMENT_3D('',#12648,#12649,#12650);
#12648 = CARTESIAN_POINT('',(5.67055E+03,3.734116207439E+03,
    5.833897198304E+03));
#12649 = DIRECTION('',(0.,1.,0.));
#12650 = DIRECTION('',(0.,0.,-1.));
#12651 = ADVANCED_FACE('',(#12652),#12658,.F.);
#12652 = FACE_BOUND('',#12653,.F.);
#12653 = EDGE_LOOP('',(#12654,#12655,#12656,#12657));
#12654 = ORIENTED_EDGE('',*,*,#12557,.T.);
#12655 = ORIENTED_EDGE('',*,*,#12588,.T.);
#12656 = ORIENTED_EDGE('',*,*,#12619,.T.);
#12657 = ORIENTED_EDGE('',*,*,#12641,.T.);
#12658 = PLANE('',#12659);
#12659 = AXIS2_PLACEMENT_3D('',#12660,#12661,#12662);
#12660 = CARTESIAN_POINT('',(5.67055E+03,3.759516207439E+03,
    4.409198599152E+03));
#12661 = DIRECTION('',(1.,0.,0.));
#12662 = DIRECTION('',(0.,0.,1.));
#12663 = ADVANCED_FACE('',(#12664),#12670,.T.);
#12664 = FACE_BOUND('',#12665,.T.);
#12665 = EDGE_LOOP('',(#12666,#12667,#12668,#12669));
#12666 = ORIENTED_EDGE('',*,*,#12541,.T.);
#12667 = ORIENTED_EDGE('',*,*,#12572,.T.);
#12668 = ORIENTED_EDGE('',*,*,#12603,.T.);
#12669 = ORIENTED_EDGE('',*,*,#12634,.T.);
#12670 = PLANE('',#12671);
#12671 = AXIS2_PLACEMENT_3D('',#12672,#12673,#12674);
#12672 = CARTESIAN_POINT('',(5.72135E+03,3.759516207439E+03,
    4.409198599152E+03));
#12673 = DIRECTION('',(1.,0.,0.));
#12674 = DIRECTION('',(0.,0.,1.));
#12675 = MANIFOLD_SOLID_BREP('',#12676);
#12676 = CLOSED_SHELL('',(#12677,#12717,#12748,#12779,#12801,#12813));
#12677 = ADVANCED_FACE('',(#12678),#12712,.F.);
#12678 = FACE_BOUND('',#12679,.F.);
#12679 = EDGE_LOOP('',(#12680,#12690,#12698,#12706));
#12680 = ORIENTED_EDGE('',*,*,#12681,.T.);
#12681 = EDGE_CURVE('',#12682,#12684,#12686,.T.);
#12682 = VERTEX_POINT('',#12683);
#12683 = CARTESIAN_POINT('',(5.67055E+03,4.6736E+03,2.9845E+03));
#12684 = VERTEX_POINT('',#12685);
#12685 = CARTESIAN_POINT('',(5.72135E+03,4.6736E+03,2.9845E+03));
#12686 = LINE('',#12687,#12688);
#12687 = CARTESIAN_POINT('',(5.67055E+03,4.6736E+03,2.9845E+03));
#12688 = VECTOR('',#12689,1.);
#12689 = DIRECTION('',(1.,0.,0.));
#12690 = ORIENTED_EDGE('',*,*,#12691,.T.);
#12691 = EDGE_CURVE('',#12684,#12692,#12694,.T.);
#12692 = VERTEX_POINT('',#12693);
#12693 = CARTESIAN_POINT('',(5.72135E+03,4.7244E+03,2.9845E+03));
#12694 = LINE('',#12695,#12696);
#12695 = CARTESIAN_POINT('',(5.72135E+03,4.6736E+03,2.9845E+03));
#12696 = VECTOR('',#12697,1.);
#12697 = DIRECTION('',(0.,1.,0.));
#12698 = ORIENTED_EDGE('',*,*,#12699,.F.);
#12699 = EDGE_CURVE('',#12700,#12692,#12702,.T.);
#12700 = VERTEX_POINT('',#12701);
#12701 = CARTESIAN_POINT('',(5.67055E+03,4.7244E+03,2.9845E+03));
#12702 = LINE('',#12703,#12704);
#12703 = CARTESIAN_POINT('',(5.67055E+03,4.7244E+03,2.9845E+03));
#12704 = VECTOR('',#12705,1.);
#12705 = DIRECTION('',(1.,0.,0.));
#12706 = ORIENTED_EDGE('',*,*,#12707,.F.);
#12707 = EDGE_CURVE('',#12682,#12700,#12708,.T.);
#12708 = LINE('',#12709,#12710);
#12709 = CARTESIAN_POINT('',(5.67055E+03,4.6736E+03,2.9845E+03));
#12710 = VECTOR('',#12711,1.);
#12711 = DIRECTION('',(0.,1.,0.));
#12712 = PLANE('',#12713);
#12713 = AXIS2_PLACEMENT_3D('',#12714,#12715,#12716);
#12714 = CARTESIAN_POINT('',(5.67055E+03,4.6736E+03,2.9845E+03));
#12715 = DIRECTION('',(0.,0.,1.));
#12716 = DIRECTION('',(0.,1.,0.));
#12717 = ADVANCED_FACE('',(#12718),#12743,.F.);
#12718 = FACE_BOUND('',#12719,.F.);
#12719 = EDGE_LOOP('',(#12720,#12721,#12729,#12737));
#12720 = ORIENTED_EDGE('',*,*,#12699,.T.);
#12721 = ORIENTED_EDGE('',*,*,#12722,.T.);
#12722 = EDGE_CURVE('',#12692,#12723,#12725,.T.);
#12723 = VERTEX_POINT('',#12724);
#12724 = CARTESIAN_POINT('',(5.72135E+03,4.7244E+03,5.839749824608E+03)
  );
#12725 = LINE('',#12726,#12727);
#12726 = CARTESIAN_POINT('',(5.72135E+03,4.7244E+03,2.9845E+03));
#12727 = VECTOR('',#12728,1.);
#12728 = DIRECTION('',(0.,0.,1.));
#12729 = ORIENTED_EDGE('',*,*,#12730,.F.);
#12730 = EDGE_CURVE('',#12731,#12723,#12733,.T.);
#12731 = VERTEX_POINT('',#12732);
#12732 = CARTESIAN_POINT('',(5.67055E+03,4.7244E+03,5.839749824608E+03)
  );
#12733 = LINE('',#12734,#12735);
#12734 = CARTESIAN_POINT('',(5.67055E+03,4.7244E+03,5.839749824608E+03)
  );
#12735 = VECTOR('',#12736,1.);
#12736 = DIRECTION('',(1.,0.,0.));
#12737 = ORIENTED_EDGE('',*,*,#12738,.F.);
#12738 = EDGE_CURVE('',#12700,#12731,#12739,.T.);
#12739 = LINE('',#12740,#12741);
#12740 = CARTESIAN_POINT('',(5.67055E+03,4.7244E+03,2.9845E+03));
#12741 = VECTOR('',#12742,1.);
#12742 = DIRECTION('',(0.,0.,1.));
#12743 = PLANE('',#12744);
#12744 = AXIS2_PLACEMENT_3D('',#12745,#12746,#12747);
#12745 = CARTESIAN_POINT('',(5.67055E+03,4.7244E+03,2.9845E+03));
#12746 = DIRECTION('',(0.,-1.,0.));
#12747 = DIRECTION('',(0.,0.,1.));
#12748 = ADVANCED_FACE('',(#12749),#12774,.F.);
#12749 = FACE_BOUND('',#12750,.F.);
#12750 = EDGE_LOOP('',(#12751,#12752,#12760,#12768));
#12751 = ORIENTED_EDGE('',*,*,#12730,.T.);
#12752 = ORIENTED_EDGE('',*,*,#12753,.T.);
#12753 = EDGE_CURVE('',#12723,#12754,#12756,.T.);
#12754 = VERTEX_POINT('',#12755);
#12755 = CARTESIAN_POINT('',(5.72135E+03,4.6736E+03,5.839749824608E+03)
  );
#12756 = LINE('',#12757,#12758);
#12757 = CARTESIAN_POINT('',(5.72135E+03,4.7244E+03,5.839749824608E+03)
  );
#12758 = VECTOR('',#12759,1.);
#12759 = DIRECTION('',(0.,-1.,0.));
#12760 = ORIENTED_EDGE('',*,*,#12761,.F.);
#12761 = EDGE_CURVE('',#12762,#12754,#12764,.T.);
#12762 = VERTEX_POINT('',#12763);
#12763 = CARTESIAN_POINT('',(5.67055E+03,4.6736E+03,5.839749824608E+03)
  );
#12764 = LINE('',#12765,#12766);
#12765 = CARTESIAN_POINT('',(5.67055E+03,4.6736E+03,5.839749824608E+03)
  );
#12766 = VECTOR('',#12767,1.);
#12767 = DIRECTION('',(1.,0.,0.));
#12768 = ORIENTED_EDGE('',*,*,#12769,.F.);
#12769 = EDGE_CURVE('',#12731,#12762,#12770,.T.);
#12770 = LINE('',#12771,#12772);
#12771 = CARTESIAN_POINT('',(5.67055E+03,4.7244E+03,5.839749824608E+03)
  );
#12772 = VECTOR('',#12773,1.);
#12773 = DIRECTION('',(0.,-1.,0.));
#12774 = PLANE('',#12775);
#12775 = AXIS2_PLACEMENT_3D('',#12776,#12777,#12778);
#12776 = CARTESIAN_POINT('',(5.67055E+03,4.7244E+03,5.839749824608E+03)
  );
#12777 = DIRECTION('',(0.,0.,-1.));
#12778 = DIRECTION('',(0.,-1.,0.));
#12779 = ADVANCED_FACE('',(#12780),#12796,.F.);
#12780 = FACE_BOUND('',#12781,.F.);
#12781 = EDGE_LOOP('',(#12782,#12783,#12789,#12790));
#12782 = ORIENTED_EDGE('',*,*,#12761,.T.);
#12783 = ORIENTED_EDGE('',*,*,#12784,.T.);
#12784 = EDGE_CURVE('',#12754,#12684,#12785,.T.);
#12785 = LINE('',#12786,#12787);
#12786 = CARTESIAN_POINT('',(5.72135E+03,4.6736E+03,5.839749824608E+03)
  );
#12787 = VECTOR('',#12788,1.);
#12788 = DIRECTION('',(0.,0.,-1.));
#12789 = ORIENTED_EDGE('',*,*,#12681,.F.);
#12790 = ORIENTED_EDGE('',*,*,#12791,.F.);
#12791 = EDGE_CURVE('',#12762,#12682,#12792,.T.);
#12792 = LINE('',#12793,#12794);
#12793 = CARTESIAN_POINT('',(5.67055E+03,4.6736E+03,5.839749824608E+03)
  );
#12794 = VECTOR('',#12795,1.);
#12795 = DIRECTION('',(0.,0.,-1.));
#12796 = PLANE('',#12797);
#12797 = AXIS2_PLACEMENT_3D('',#12798,#12799,#12800);
#12798 = CARTESIAN_POINT('',(5.67055E+03,4.6736E+03,5.839749824608E+03)
  );
#12799 = DIRECTION('',(0.,1.,0.));
#12800 = DIRECTION('',(0.,0.,-1.));
#12801 = ADVANCED_FACE('',(#12802),#12808,.F.);
#12802 = FACE_BOUND('',#12803,.F.);
#12803 = EDGE_LOOP('',(#12804,#12805,#12806,#12807));
#12804 = ORIENTED_EDGE('',*,*,#12707,.T.);
#12805 = ORIENTED_EDGE('',*,*,#12738,.T.);
#12806 = ORIENTED_EDGE('',*,*,#12769,.T.);
#12807 = ORIENTED_EDGE('',*,*,#12791,.T.);
#12808 = PLANE('',#12809);
#12809 = AXIS2_PLACEMENT_3D('',#12810,#12811,#12812);
#12810 = CARTESIAN_POINT('',(5.67055E+03,4.699E+03,4.412124912304E+03));
#12811 = DIRECTION('',(1.,0.,0.));
#12812 = DIRECTION('',(0.,0.,1.));
#12813 = ADVANCED_FACE('',(#12814),#12820,.T.);
#12814 = FACE_BOUND('',#12815,.T.);
#12815 = EDGE_LOOP('',(#12816,#12817,#12818,#12819));
#12816 = ORIENTED_EDGE('',*,*,#12691,.T.);
#12817 = ORIENTED_EDGE('',*,*,#12722,.T.);
#12818 = ORIENTED_EDGE('',*,*,#12753,.T.);
#12819 = ORIENTED_EDGE('',*,*,#12784,.T.);
#12820 = PLANE('',#12821);
#12821 = AXIS2_PLACEMENT_3D('',#12822,#12823,#12824);
#12822 = CARTESIAN_POINT('',(5.72135E+03,4.699E+03,4.412124912304E+03));
#12823 = DIRECTION('',(1.,0.,0.));
#12824 = DIRECTION('',(0.,0.,1.));
#12825 = MANIFOLD_SOLID_BREP('',#12826);
#12826 = CLOSED_SHELL('',(#12827,#12867,#12898,#12929,#12951,#12963));
#12827 = ADVANCED_FACE('',(#12828),#12862,.F.);
#12828 = FACE_BOUND('',#12829,.F.);
#12829 = EDGE_LOOP('',(#12830,#12840,#12848,#12856));
#12830 = ORIENTED_EDGE('',*,*,#12831,.T.);
#12831 = EDGE_CURVE('',#12832,#12834,#12836,.T.);
#12832 = VERTEX_POINT('',#12833);
#12833 = CARTESIAN_POINT('',(5.67055E+03,4.873783103719E+03,2.9845E+03)
  );
#12834 = VERTEX_POINT('',#12835);
#12835 = CARTESIAN_POINT('',(5.72135E+03,4.873783103719E+03,2.9845E+03)
  );
#12836 = LINE('',#12837,#12838);
#12837 = CARTESIAN_POINT('',(5.67055E+03,4.873783103719E+03,2.9845E+03)
  );
#12838 = VECTOR('',#12839,1.);
#12839 = DIRECTION('',(1.,0.,0.));
#12840 = ORIENTED_EDGE('',*,*,#12841,.T.);
#12841 = EDGE_CURVE('',#12834,#12842,#12844,.T.);
#12842 = VERTEX_POINT('',#12843);
#12843 = CARTESIAN_POINT('',(5.72135E+03,4.924583103719E+03,2.9845E+03)
  );
#12844 = LINE('',#12845,#12846);
#12845 = CARTESIAN_POINT('',(5.72135E+03,4.873783103719E+03,2.9845E+03)
  );
#12846 = VECTOR('',#12847,1.);
#12847 = DIRECTION('',(0.,1.,0.));
#12848 = ORIENTED_EDGE('',*,*,#12849,.F.);
#12849 = EDGE_CURVE('',#12850,#12842,#12852,.T.);
#12850 = VERTEX_POINT('',#12851);
#12851 = CARTESIAN_POINT('',(5.67055E+03,4.924583103719E+03,2.9845E+03)
  );
#12852 = LINE('',#12853,#12854);
#12853 = CARTESIAN_POINT('',(5.67055E+03,4.924583103719E+03,2.9845E+03)
  );
#12854 = VECTOR('',#12855,1.);
#12855 = DIRECTION('',(1.,0.,0.));
#12856 = ORIENTED_EDGE('',*,*,#12857,.F.);
#12857 = EDGE_CURVE('',#12832,#12850,#12858,.T.);
#12858 = LINE('',#12859,#12860);
#12859 = CARTESIAN_POINT('',(5.67055E+03,4.873783103719E+03,2.9845E+03)
  );
#12860 = VECTOR('',#12861,1.);
#12861 = DIRECTION('',(0.,1.,0.));
#12862 = PLANE('',#12863);
#12863 = AXIS2_PLACEMENT_3D('',#12864,#12865,#12866);
#12864 = CARTESIAN_POINT('',(5.67055E+03,4.873783103719E+03,2.9845E+03)
  );
#12865 = DIRECTION('',(0.,0.,1.));
#12866 = DIRECTION('',(0.,1.,0.));
#12867 = ADVANCED_FACE('',(#12868),#12893,.F.);
#12868 = FACE_BOUND('',#12869,.F.);
#12869 = EDGE_LOOP('',(#12870,#12871,#12879,#12887));
#12870 = ORIENTED_EDGE('',*,*,#12849,.T.);
#12871 = ORIENTED_EDGE('',*,*,#12872,.T.);
#12872 = EDGE_CURVE('',#12842,#12873,#12875,.T.);
#12873 = VERTEX_POINT('',#12874);
#12874 = CARTESIAN_POINT('',(5.72135E+03,4.924583103719E+03,
    5.839749824608E+03));
#12875 = LINE('',#12876,#12877);
#12876 = CARTESIAN_POINT('',(5.72135E+03,4.924583103719E+03,2.9845E+03)
  );
#12877 = VECTOR('',#12878,1.);
#12878 = DIRECTION('',(0.,0.,1.));
#12879 = ORIENTED_EDGE('',*,*,#12880,.F.);
#12880 = EDGE_CURVE('',#12881,#12873,#12883,.T.);
#12881 = VERTEX_POINT('',#12882);
#12882 = CARTESIAN_POINT('',(5.67055E+03,4.924583103719E+03,
    5.839749824608E+03));
#12883 = LINE('',#12884,#12885);
#12884 = CARTESIAN_POINT('',(5.67055E+03,4.924583103719E+03,
    5.839749824608E+03));
#12885 = VECTOR('',#12886,1.);
#12886 = DIRECTION('',(1.,0.,0.));
#12887 = ORIENTED_EDGE('',*,*,#12888,.F.);
#12888 = EDGE_CURVE('',#12850,#12881,#12889,.T.);
#12889 = LINE('',#12890,#12891);
#12890 = CARTESIAN_POINT('',(5.67055E+03,4.924583103719E+03,2.9845E+03)
  );
#12891 = VECTOR('',#12892,1.);
#12892 = DIRECTION('',(0.,0.,1.));
#12893 = PLANE('',#12894);
#12894 = AXIS2_PLACEMENT_3D('',#12895,#12896,#12897);
#12895 = CARTESIAN_POINT('',(5.67055E+03,4.924583103719E+03,2.9845E+03)
  );
#12896 = DIRECTION('',(0.,-1.,0.));
#12897 = DIRECTION('',(0.,0.,1.));
#12898 = ADVANCED_FACE('',(#12899),#12924,.F.);
#12899 = FACE_BOUND('',#12900,.F.);
#12900 = EDGE_LOOP('',(#12901,#12902,#12910,#12918));
#12901 = ORIENTED_EDGE('',*,*,#12880,.T.);
#12902 = ORIENTED_EDGE('',*,*,#12903,.T.);
#12903 = EDGE_CURVE('',#12873,#12904,#12906,.T.);
#12904 = VERTEX_POINT('',#12905);
#12905 = CARTESIAN_POINT('',(5.72135E+03,4.873783103719E+03,
    5.839749824608E+03));
#12906 = LINE('',#12907,#12908);
#12907 = CARTESIAN_POINT('',(5.72135E+03,4.924583103719E+03,
    5.839749824608E+03));
#12908 = VECTOR('',#12909,1.);
#12909 = DIRECTION('',(0.,-1.,0.));
#12910 = ORIENTED_EDGE('',*,*,#12911,.F.);
#12911 = EDGE_CURVE('',#12912,#12904,#12914,.T.);
#12912 = VERTEX_POINT('',#12913);
#12913 = CARTESIAN_POINT('',(5.67055E+03,4.873783103719E+03,
    5.839749824608E+03));
#12914 = LINE('',#12915,#12916);
#12915 = CARTESIAN_POINT('',(5.67055E+03,4.873783103719E+03,
    5.839749824608E+03));
#12916 = VECTOR('',#12917,1.);
#12917 = DIRECTION('',(1.,0.,0.));
#12918 = ORIENTED_EDGE('',*,*,#12919,.F.);
#12919 = EDGE_CURVE('',#12881,#12912,#12920,.T.);
#12920 = LINE('',#12921,#12922);
#12921 = CARTESIAN_POINT('',(5.67055E+03,4.924583103719E+03,
    5.839749824608E+03));
#12922 = VECTOR('',#12923,1.);
#12923 = DIRECTION('',(0.,-1.,0.));
#12924 = PLANE('',#12925);
#12925 = AXIS2_PLACEMENT_3D('',#12926,#12927,#12928);
#12926 = CARTESIAN_POINT('',(5.67055E+03,4.924583103719E+03,
    5.839749824608E+03));
#12927 = DIRECTION('',(0.,0.,-1.));
#12928 = DIRECTION('',(0.,-1.,0.));
#12929 = ADVANCED_FACE('',(#12930),#12946,.F.);
#12930 = FACE_BOUND('',#12931,.F.);
#12931 = EDGE_LOOP('',(#12932,#12933,#12939,#12940));
#12932 = ORIENTED_EDGE('',*,*,#12911,.T.);
#12933 = ORIENTED_EDGE('',*,*,#12934,.T.);
#12934 = EDGE_CURVE('',#12904,#12834,#12935,.T.);
#12935 = LINE('',#12936,#12937);
#12936 = CARTESIAN_POINT('',(5.72135E+03,4.873783103719E+03,
    5.839749824608E+03));
#12937 = VECTOR('',#12938,1.);
#12938 = DIRECTION('',(0.,0.,-1.));
#12939 = ORIENTED_EDGE('',*,*,#12831,.F.);
#12940 = ORIENTED_EDGE('',*,*,#12941,.F.);
#12941 = EDGE_CURVE('',#12912,#12832,#12942,.T.);
#12942 = LINE('',#12943,#12944);
#12943 = CARTESIAN_POINT('',(5.67055E+03,4.873783103719E+03,
    5.839749824608E+03));
#12944 = VECTOR('',#12945,1.);
#12945 = DIRECTION('',(0.,0.,-1.));
#12946 = PLANE('',#12947);
#12947 = AXIS2_PLACEMENT_3D('',#12948,#12949,#12950);
#12948 = CARTESIAN_POINT('',(5.67055E+03,4.873783103719E+03,
    5.839749824608E+03));
#12949 = DIRECTION('',(0.,1.,0.));
#12950 = DIRECTION('',(0.,0.,-1.));
#12951 = ADVANCED_FACE('',(#12952),#12958,.F.);
#12952 = FACE_BOUND('',#12953,.F.);
#12953 = EDGE_LOOP('',(#12954,#12955,#12956,#12957));
#12954 = ORIENTED_EDGE('',*,*,#12857,.T.);
#12955 = ORIENTED_EDGE('',*,*,#12888,.T.);
#12956 = ORIENTED_EDGE('',*,*,#12919,.T.);
#12957 = ORIENTED_EDGE('',*,*,#12941,.T.);
#12958 = PLANE('',#12959);
#12959 = AXIS2_PLACEMENT_3D('',#12960,#12961,#12962);
#12960 = CARTESIAN_POINT('',(5.67055E+03,4.899183103719E+03,
    4.412124912304E+03));
#12961 = DIRECTION('',(1.,0.,0.));
#12962 = DIRECTION('',(0.,0.,1.));
#12963 = ADVANCED_FACE('',(#12964),#12970,.T.);
#12964 = FACE_BOUND('',#12965,.T.);
#12965 = EDGE_LOOP('',(#12966,#12967,#12968,#12969));
#12966 = ORIENTED_EDGE('',*,*,#12841,.T.);
#12967 = ORIENTED_EDGE('',*,*,#12872,.T.);
#12968 = ORIENTED_EDGE('',*,*,#12903,.T.);
#12969 = ORIENTED_EDGE('',*,*,#12934,.T.);
#12970 = PLANE('',#12971);
#12971 = AXIS2_PLACEMENT_3D('',#12972,#12973,#12974);
#12972 = CARTESIAN_POINT('',(5.72135E+03,4.899183103719E+03,
    4.412124912304E+03));
#12973 = DIRECTION('',(1.,0.,0.));
#12974 = DIRECTION('',(0.,0.,1.));
#12975 = MANIFOLD_SOLID_BREP('',#12976);
#12976 = CLOSED_SHELL('',(#12977,#13017,#13048,#13079,#13101,#13113));
#12977 = ADVANCED_FACE('',(#12978),#13012,.F.);
#12978 = FACE_BOUND('',#12979,.F.);
#12979 = EDGE_LOOP('',(#12980,#12990,#12998,#13006));
#12980 = ORIENTED_EDGE('',*,*,#12981,.T.);
#12981 = EDGE_CURVE('',#12982,#12984,#12986,.T.);
#12982 = VERTEX_POINT('',#12983);
#12983 = CARTESIAN_POINT('',(5.67055E+03,6.01345E+03,2.9845E+03));
#12984 = VERTEX_POINT('',#12985);
#12985 = CARTESIAN_POINT('',(5.72135E+03,6.01345E+03,2.9845E+03));
#12986 = LINE('',#12987,#12988);
#12987 = CARTESIAN_POINT('',(5.67055E+03,6.01345E+03,2.9845E+03));
#12988 = VECTOR('',#12989,1.);
#12989 = DIRECTION('',(1.,0.,0.));
#12990 = ORIENTED_EDGE('',*,*,#12991,.T.);
#12991 = EDGE_CURVE('',#12984,#12992,#12994,.T.);
#12992 = VERTEX_POINT('',#12993);
#12993 = CARTESIAN_POINT('',(5.72135E+03,6.06425E+03,2.9845E+03));
#12994 = LINE('',#12995,#12996);
#12995 = CARTESIAN_POINT('',(5.72135E+03,6.01345E+03,2.9845E+03));
#12996 = VECTOR('',#12997,1.);
#12997 = DIRECTION('',(0.,1.,0.));
#12998 = ORIENTED_EDGE('',*,*,#12999,.F.);
#12999 = EDGE_CURVE('',#13000,#12992,#13002,.T.);
#13000 = VERTEX_POINT('',#13001);
#13001 = CARTESIAN_POINT('',(5.67055E+03,6.06425E+03,2.9845E+03));
#13002 = LINE('',#13003,#13004);
#13003 = CARTESIAN_POINT('',(5.67055E+03,6.06425E+03,2.9845E+03));
#13004 = VECTOR('',#13005,1.);
#13005 = DIRECTION('',(1.,0.,0.));
#13006 = ORIENTED_EDGE('',*,*,#13007,.F.);
#13007 = EDGE_CURVE('',#12982,#13000,#13008,.T.);
#13008 = LINE('',#13009,#13010);
#13009 = CARTESIAN_POINT('',(5.67055E+03,6.01345E+03,2.9845E+03));
#13010 = VECTOR('',#13011,1.);
#13011 = DIRECTION('',(0.,1.,0.));
#13012 = PLANE('',#13013);
#13013 = AXIS2_PLACEMENT_3D('',#13014,#13015,#13016);
#13014 = CARTESIAN_POINT('',(5.67055E+03,6.01345E+03,2.9845E+03));
#13015 = DIRECTION('',(0.,0.,1.));
#13016 = DIRECTION('',(0.,1.,0.));
#13017 = ADVANCED_FACE('',(#13018),#13043,.F.);
#13018 = FACE_BOUND('',#13019,.F.);
#13019 = EDGE_LOOP('',(#13020,#13021,#13029,#13037));
#13020 = ORIENTED_EDGE('',*,*,#12999,.T.);
#13021 = ORIENTED_EDGE('',*,*,#13022,.T.);
#13022 = EDGE_CURVE('',#12992,#13023,#13025,.T.);
#13023 = VERTEX_POINT('',#13024);
#13024 = CARTESIAN_POINT('',(5.72135E+03,6.06425E+03,5.833897198304E+03)
  );
#13025 = LINE('',#13026,#13027);
#13026 = CARTESIAN_POINT('',(5.72135E+03,6.06425E+03,2.9845E+03));
#13027 = VECTOR('',#13028,1.);
#13028 = DIRECTION('',(0.,0.,1.));
#13029 = ORIENTED_EDGE('',*,*,#13030,.F.);
#13030 = EDGE_CURVE('',#13031,#13023,#13033,.T.);
#13031 = VERTEX_POINT('',#13032);
#13032 = CARTESIAN_POINT('',(5.67055E+03,6.06425E+03,5.833897198304E+03)
  );
#13033 = LINE('',#13034,#13035);
#13034 = CARTESIAN_POINT('',(5.67055E+03,6.06425E+03,5.833897198304E+03)
  );
#13035 = VECTOR('',#13036,1.);
#13036 = DIRECTION('',(1.,0.,0.));
#13037 = ORIENTED_EDGE('',*,*,#13038,.F.);
#13038 = EDGE_CURVE('',#13000,#13031,#13039,.T.);
#13039 = LINE('',#13040,#13041);
#13040 = CARTESIAN_POINT('',(5.67055E+03,6.06425E+03,2.9845E+03));
#13041 = VECTOR('',#13042,1.);
#13042 = DIRECTION('',(0.,0.,1.));
#13043 = PLANE('',#13044);
#13044 = AXIS2_PLACEMENT_3D('',#13045,#13046,#13047);
#13045 = CARTESIAN_POINT('',(5.67055E+03,6.06425E+03,2.9845E+03));
#13046 = DIRECTION('',(0.,-1.,0.));
#13047 = DIRECTION('',(0.,0.,1.));
#13048 = ADVANCED_FACE('',(#13049),#13074,.F.);
#13049 = FACE_BOUND('',#13050,.F.);
#13050 = EDGE_LOOP('',(#13051,#13052,#13060,#13068));
#13051 = ORIENTED_EDGE('',*,*,#13030,.T.);
#13052 = ORIENTED_EDGE('',*,*,#13053,.T.);
#13053 = EDGE_CURVE('',#13023,#13054,#13056,.T.);
#13054 = VERTEX_POINT('',#13055);
#13055 = CARTESIAN_POINT('',(5.72135E+03,6.01345E+03,5.833897198304E+03)
  );
#13056 = LINE('',#13057,#13058);
#13057 = CARTESIAN_POINT('',(5.72135E+03,6.06425E+03,5.833897198304E+03)
  );
#13058 = VECTOR('',#13059,1.);
#13059 = DIRECTION('',(0.,-1.,0.));
#13060 = ORIENTED_EDGE('',*,*,#13061,.F.);
#13061 = EDGE_CURVE('',#13062,#13054,#13064,.T.);
#13062 = VERTEX_POINT('',#13063);
#13063 = CARTESIAN_POINT('',(5.67055E+03,6.01345E+03,5.833897198304E+03)
  );
#13064 = LINE('',#13065,#13066);
#13065 = CARTESIAN_POINT('',(5.67055E+03,6.01345E+03,5.833897198304E+03)
  );
#13066 = VECTOR('',#13067,1.);
#13067 = DIRECTION('',(1.,0.,0.));
#13068 = ORIENTED_EDGE('',*,*,#13069,.F.);
#13069 = EDGE_CURVE('',#13031,#13062,#13070,.T.);
#13070 = LINE('',#13071,#13072);
#13071 = CARTESIAN_POINT('',(5.67055E+03,6.06425E+03,5.833897198304E+03)
  );
#13072 = VECTOR('',#13073,1.);
#13073 = DIRECTION('',(0.,-1.,0.));
#13074 = PLANE('',#13075);
#13075 = AXIS2_PLACEMENT_3D('',#13076,#13077,#13078);
#13076 = CARTESIAN_POINT('',(5.67055E+03,6.06425E+03,5.833897198304E+03)
  );
#13077 = DIRECTION('',(0.,0.,-1.));
#13078 = DIRECTION('',(0.,-1.,0.));
#13079 = ADVANCED_FACE('',(#13080),#13096,.F.);
#13080 = FACE_BOUND('',#13081,.F.);
#13081 = EDGE_LOOP('',(#13082,#13083,#13089,#13090));
#13082 = ORIENTED_EDGE('',*,*,#13061,.T.);
#13083 = ORIENTED_EDGE('',*,*,#13084,.T.);
#13084 = EDGE_CURVE('',#13054,#12984,#13085,.T.);
#13085 = LINE('',#13086,#13087);
#13086 = CARTESIAN_POINT('',(5.72135E+03,6.01345E+03,5.833897198304E+03)
  );
#13087 = VECTOR('',#13088,1.);
#13088 = DIRECTION('',(0.,0.,-1.));
#13089 = ORIENTED_EDGE('',*,*,#12981,.F.);
#13090 = ORIENTED_EDGE('',*,*,#13091,.F.);
#13091 = EDGE_CURVE('',#13062,#12982,#13092,.T.);
#13092 = LINE('',#13093,#13094);
#13093 = CARTESIAN_POINT('',(5.67055E+03,6.01345E+03,5.833897198304E+03)
  );
#13094 = VECTOR('',#13095,1.);
#13095 = DIRECTION('',(0.,0.,-1.));
#13096 = PLANE('',#13097);
#13097 = AXIS2_PLACEMENT_3D('',#13098,#13099,#13100);
#13098 = CARTESIAN_POINT('',(5.67055E+03,6.01345E+03,5.833897198304E+03)
  );
#13099 = DIRECTION('',(0.,1.,0.));
#13100 = DIRECTION('',(0.,0.,-1.));
#13101 = ADVANCED_FACE('',(#13102),#13108,.F.);
#13102 = FACE_BOUND('',#13103,.F.);
#13103 = EDGE_LOOP('',(#13104,#13105,#13106,#13107));
#13104 = ORIENTED_EDGE('',*,*,#13007,.T.);
#13105 = ORIENTED_EDGE('',*,*,#13038,.T.);
#13106 = ORIENTED_EDGE('',*,*,#13069,.T.);
#13107 = ORIENTED_EDGE('',*,*,#13091,.T.);
#13108 = PLANE('',#13109);
#13109 = AXIS2_PLACEMENT_3D('',#13110,#13111,#13112);
#13110 = CARTESIAN_POINT('',(5.67055E+03,6.03885E+03,4.409198599152E+03)
  );
#13111 = DIRECTION('',(1.,0.,0.));
#13112 = DIRECTION('',(0.,0.,1.));
#13113 = ADVANCED_FACE('',(#13114),#13120,.T.);
#13114 = FACE_BOUND('',#13115,.T.);
#13115 = EDGE_LOOP('',(#13116,#13117,#13118,#13119));
#13116 = ORIENTED_EDGE('',*,*,#12991,.T.);
#13117 = ORIENTED_EDGE('',*,*,#13022,.T.);
#13118 = ORIENTED_EDGE('',*,*,#13053,.T.);
#13119 = ORIENTED_EDGE('',*,*,#13084,.T.);
#13120 = PLANE('',#13121);
#13121 = AXIS2_PLACEMENT_3D('',#13122,#13123,#13124);
#13122 = CARTESIAN_POINT('',(5.72135E+03,6.03885E+03,4.409198599152E+03)
  );
#13123 = DIRECTION('',(1.,0.,0.));
#13124 = DIRECTION('',(0.,0.,1.));
#13125 = MANIFOLD_SOLID_BREP('',#13126);
#13126 = CLOSED_SHELL('',(#13127,#13167,#13198,#13229,#13251,#13263));
#13127 = ADVANCED_FACE('',(#13128),#13162,.F.);
#13128 = FACE_BOUND('',#13129,.F.);
#13129 = EDGE_LOOP('',(#13130,#13140,#13148,#13156));
#13130 = ORIENTED_EDGE('',*,*,#13131,.T.);
#13131 = EDGE_CURVE('',#13132,#13134,#13136,.T.);
#13132 = VERTEX_POINT('',#13133);
#13133 = CARTESIAN_POINT('',(5.67055E+03,6.3754E+03,2.9845E+03));
#13134 = VERTEX_POINT('',#13135);
#13135 = CARTESIAN_POINT('',(5.72135E+03,6.3754E+03,2.9845E+03));
#13136 = LINE('',#13137,#13138);
#13137 = CARTESIAN_POINT('',(5.67055E+03,6.3754E+03,2.9845E+03));
#13138 = VECTOR('',#13139,1.);
#13139 = DIRECTION('',(1.,0.,0.));
#13140 = ORIENTED_EDGE('',*,*,#13141,.T.);
#13141 = EDGE_CURVE('',#13134,#13142,#13144,.T.);
#13142 = VERTEX_POINT('',#13143);
#13143 = CARTESIAN_POINT('',(5.72135E+03,6.4262E+03,2.9845E+03));
#13144 = LINE('',#13145,#13146);
#13145 = CARTESIAN_POINT('',(5.72135E+03,6.3754E+03,2.9845E+03));
#13146 = VECTOR('',#13147,1.);
#13147 = DIRECTION('',(0.,1.,0.));
#13148 = ORIENTED_EDGE('',*,*,#13149,.F.);
#13149 = EDGE_CURVE('',#13150,#13142,#13152,.T.);
#13150 = VERTEX_POINT('',#13151);
#13151 = CARTESIAN_POINT('',(5.67055E+03,6.4262E+03,2.9845E+03));
#13152 = LINE('',#13153,#13154);
#13153 = CARTESIAN_POINT('',(5.67055E+03,6.4262E+03,2.9845E+03));
#13154 = VECTOR('',#13155,1.);
#13155 = DIRECTION('',(1.,0.,0.));
#13156 = ORIENTED_EDGE('',*,*,#13157,.F.);
#13157 = EDGE_CURVE('',#13132,#13150,#13158,.T.);
#13158 = LINE('',#13159,#13160);
#13159 = CARTESIAN_POINT('',(5.67055E+03,6.3754E+03,2.9845E+03));
#13160 = VECTOR('',#13161,1.);
#13161 = DIRECTION('',(0.,1.,0.));
#13162 = PLANE('',#13163);
#13163 = AXIS2_PLACEMENT_3D('',#13164,#13165,#13166);
#13164 = CARTESIAN_POINT('',(5.67055E+03,6.3754E+03,2.9845E+03));
#13165 = DIRECTION('',(0.,0.,1.));
#13166 = DIRECTION('',(0.,1.,0.));
#13167 = ADVANCED_FACE('',(#13168),#13193,.F.);
#13168 = FACE_BOUND('',#13169,.F.);
#13169 = EDGE_LOOP('',(#13170,#13171,#13179,#13187));
#13170 = ORIENTED_EDGE('',*,*,#13149,.T.);
#13171 = ORIENTED_EDGE('',*,*,#13172,.T.);
#13172 = EDGE_CURVE('',#13142,#13173,#13175,.T.);
#13173 = VERTEX_POINT('',#13174);
#13174 = CARTESIAN_POINT('',(5.72135E+03,6.4262E+03,5.750497273472E+03)
  );
#13175 = LINE('',#13176,#13177);
#13176 = CARTESIAN_POINT('',(5.72135E+03,6.4262E+03,2.9845E+03));
#13177 = VECTOR('',#13178,1.);
#13178 = DIRECTION('',(0.,0.,1.));
#13179 = ORIENTED_EDGE('',*,*,#13180,.F.);
#13180 = EDGE_CURVE('',#13181,#13173,#13183,.T.);
#13181 = VERTEX_POINT('',#13182);
#13182 = CARTESIAN_POINT('',(5.67055E+03,6.4262E+03,5.750497273472E+03)
  );
#13183 = LINE('',#13184,#13185);
#13184 = CARTESIAN_POINT('',(5.67055E+03,6.4262E+03,5.750497273472E+03)
  );
#13185 = VECTOR('',#13186,1.);
#13186 = DIRECTION('',(1.,0.,0.));
#13187 = ORIENTED_EDGE('',*,*,#13188,.F.);
#13188 = EDGE_CURVE('',#13150,#13181,#13189,.T.);
#13189 = LINE('',#13190,#13191);
#13190 = CARTESIAN_POINT('',(5.67055E+03,6.4262E+03,2.9845E+03));
#13191 = VECTOR('',#13192,1.);
#13192 = DIRECTION('',(0.,0.,1.));
#13193 = PLANE('',#13194);
#13194 = AXIS2_PLACEMENT_3D('',#13195,#13196,#13197);
#13195 = CARTESIAN_POINT('',(5.67055E+03,6.4262E+03,2.9845E+03));
#13196 = DIRECTION('',(0.,-1.,0.));
#13197 = DIRECTION('',(0.,0.,1.));
#13198 = ADVANCED_FACE('',(#13199),#13224,.F.);
#13199 = FACE_BOUND('',#13200,.F.);
#13200 = EDGE_LOOP('',(#13201,#13202,#13210,#13218));
#13201 = ORIENTED_EDGE('',*,*,#13180,.T.);
#13202 = ORIENTED_EDGE('',*,*,#13203,.T.);
#13203 = EDGE_CURVE('',#13173,#13204,#13206,.T.);
#13204 = VERTEX_POINT('',#13205);
#13205 = CARTESIAN_POINT('',(5.72135E+03,6.3754E+03,5.750497273472E+03)
  );
#13206 = LINE('',#13207,#13208);
#13207 = CARTESIAN_POINT('',(5.72135E+03,6.4262E+03,5.750497273472E+03)
  );
#13208 = VECTOR('',#13209,1.);
#13209 = DIRECTION('',(0.,-1.,0.));
#13210 = ORIENTED_EDGE('',*,*,#13211,.F.);
#13211 = EDGE_CURVE('',#13212,#13204,#13214,.T.);
#13212 = VERTEX_POINT('',#13213);
#13213 = CARTESIAN_POINT('',(5.67055E+03,6.3754E+03,5.750497273472E+03)
  );
#13214 = LINE('',#13215,#13216);
#13215 = CARTESIAN_POINT('',(5.67055E+03,6.3754E+03,5.750497273472E+03)
  );
#13216 = VECTOR('',#13217,1.);
#13217 = DIRECTION('',(1.,0.,0.));
#13218 = ORIENTED_EDGE('',*,*,#13219,.F.);
#13219 = EDGE_CURVE('',#13181,#13212,#13220,.T.);
#13220 = LINE('',#13221,#13222);
#13221 = CARTESIAN_POINT('',(5.67055E+03,6.4262E+03,5.750497273472E+03)
  );
#13222 = VECTOR('',#13223,1.);
#13223 = DIRECTION('',(0.,-1.,0.));
#13224 = PLANE('',#13225);
#13225 = AXIS2_PLACEMENT_3D('',#13226,#13227,#13228);
#13226 = CARTESIAN_POINT('',(5.67055E+03,6.4262E+03,5.750497273472E+03)
  );
#13227 = DIRECTION('',(0.,0.,-1.));
#13228 = DIRECTION('',(0.,-1.,0.));
#13229 = ADVANCED_FACE('',(#13230),#13246,.F.);
#13230 = FACE_BOUND('',#13231,.F.);
#13231 = EDGE_LOOP('',(#13232,#13233,#13239,#13240));
#13232 = ORIENTED_EDGE('',*,*,#13211,.T.);
#13233 = ORIENTED_EDGE('',*,*,#13234,.T.);
#13234 = EDGE_CURVE('',#13204,#13134,#13235,.T.);
#13235 = LINE('',#13236,#13237);
#13236 = CARTESIAN_POINT('',(5.72135E+03,6.3754E+03,5.750497273472E+03)
  );
#13237 = VECTOR('',#13238,1.);
#13238 = DIRECTION('',(0.,0.,-1.));
#13239 = ORIENTED_EDGE('',*,*,#13131,.F.);
#13240 = ORIENTED_EDGE('',*,*,#13241,.F.);
#13241 = EDGE_CURVE('',#13212,#13132,#13242,.T.);
#13242 = LINE('',#13243,#13244);
#13243 = CARTESIAN_POINT('',(5.67055E+03,6.3754E+03,5.750497273472E+03)
  );
#13244 = VECTOR('',#13245,1.);
#13245 = DIRECTION('',(0.,0.,-1.));
#13246 = PLANE('',#13247);
#13247 = AXIS2_PLACEMENT_3D('',#13248,#13249,#13250);
#13248 = CARTESIAN_POINT('',(5.67055E+03,6.3754E+03,5.750497273472E+03)
  );
#13249 = DIRECTION('',(0.,1.,0.));
#13250 = DIRECTION('',(0.,0.,-1.));
#13251 = ADVANCED_FACE('',(#13252),#13258,.F.);
#13252 = FACE_BOUND('',#13253,.F.);
#13253 = EDGE_LOOP('',(#13254,#13255,#13256,#13257));
#13254 = ORIENTED_EDGE('',*,*,#13157,.T.);
#13255 = ORIENTED_EDGE('',*,*,#13188,.T.);
#13256 = ORIENTED_EDGE('',*,*,#13219,.T.);
#13257 = ORIENTED_EDGE('',*,*,#13241,.T.);
#13258 = PLANE('',#13259);
#13259 = AXIS2_PLACEMENT_3D('',#13260,#13261,#13262);
#13260 = CARTESIAN_POINT('',(5.67055E+03,6.4008E+03,4.367498636736E+03)
  );
#13261 = DIRECTION('',(1.,0.,0.));
#13262 = DIRECTION('',(0.,0.,1.));
#13263 = ADVANCED_FACE('',(#13264),#13270,.T.);
#13264 = FACE_BOUND('',#13265,.T.);
#13265 = EDGE_LOOP('',(#13266,#13267,#13268,#13269));
#13266 = ORIENTED_EDGE('',*,*,#13141,.T.);
#13267 = ORIENTED_EDGE('',*,*,#13172,.T.);
#13268 = ORIENTED_EDGE('',*,*,#13203,.T.);
#13269 = ORIENTED_EDGE('',*,*,#13234,.T.);
#13270 = PLANE('',#13271);
#13271 = AXIS2_PLACEMENT_3D('',#13272,#13273,#13274);
#13272 = CARTESIAN_POINT('',(5.72135E+03,6.4008E+03,4.367498636736E+03)
  );
#13273 = DIRECTION('',(1.,0.,0.));
#13274 = DIRECTION('',(0.,0.,1.));
#13275 = MANIFOLD_SOLID_BREP('',#13276);
#13276 = CLOSED_SHELL('',(#13277,#13317,#13348,#13379,#13401,#13413));
#13277 = ADVANCED_FACE('',(#13278),#13312,.F.);
#13278 = FACE_BOUND('',#13279,.F.);
#13279 = EDGE_LOOP('',(#13280,#13290,#13298,#13306));
#13280 = ORIENTED_EDGE('',*,*,#13281,.T.);
#13281 = EDGE_CURVE('',#13282,#13284,#13286,.T.);
#13282 = VERTEX_POINT('',#13283);
#13283 = CARTESIAN_POINT('',(5.67055E+03,-1.563335395395E+03,
    2.942235930759E+03));
#13284 = VERTEX_POINT('',#13285);
#13285 = CARTESIAN_POINT('',(5.72135E+03,-1.563335395395E+03,
    2.942235930759E+03));
#13286 = LINE('',#13287,#13288);
#13287 = CARTESIAN_POINT('',(5.67055E+03,-1.563335395395E+03,
    2.942235930759E+03));
#13288 = VECTOR('',#13289,1.);
#13289 = DIRECTION('',(1.,0.,0.));
#13290 = ORIENTED_EDGE('',*,*,#13291,.T.);
#13291 = EDGE_CURVE('',#13284,#13292,#13294,.T.);
#13292 = VERTEX_POINT('',#13293);
#13293 = CARTESIAN_POINT('',(5.72135E+03,-1.535464604605E+03,
    2.899764069241E+03));
#13294 = LINE('',#13295,#13296);
#13295 = CARTESIAN_POINT('',(5.72135E+03,-1.563335395395E+03,
    2.942235930759E+03));
#13296 = VECTOR('',#13297,1.);
#13297 = DIRECTION('',(0.,0.548637613974,-0.836060266089));
#13298 = ORIENTED_EDGE('',*,*,#13299,.F.);
#13299 = EDGE_CURVE('',#13300,#13292,#13302,.T.);
#13300 = VERTEX_POINT('',#13301);
#13301 = CARTESIAN_POINT('',(5.67055E+03,-1.535464604605E+03,
    2.899764069241E+03));
#13302 = LINE('',#13303,#13304);
#13303 = CARTESIAN_POINT('',(5.67055E+03,-1.535464604605E+03,
    2.899764069241E+03));
#13304 = VECTOR('',#13305,1.);
#13305 = DIRECTION('',(1.,0.,0.));
#13306 = ORIENTED_EDGE('',*,*,#13307,.F.);
#13307 = EDGE_CURVE('',#13282,#13300,#13308,.T.);
#13308 = LINE('',#13309,#13310);
#13309 = CARTESIAN_POINT('',(5.67055E+03,-1.563335395395E+03,
    2.942235930759E+03));
#13310 = VECTOR('',#13311,1.);
#13311 = DIRECTION('',(0.,0.548637613974,-0.836060266089));
#13312 = PLANE('',#13313);
#13313 = AXIS2_PLACEMENT_3D('',#13314,#13315,#13316);
#13314 = CARTESIAN_POINT('',(5.67055E+03,-1.563335395395E+03,
    2.942235930759E+03));
#13315 = DIRECTION('',(0.,0.836060266089,0.548637613974));
#13316 = DIRECTION('',(0.,0.548637613974,-0.836060266089));
#13317 = ADVANCED_FACE('',(#13318),#13343,.F.);
#13318 = FACE_BOUND('',#13319,.F.);
#13319 = EDGE_LOOP('',(#13320,#13321,#13329,#13337));
#13320 = ORIENTED_EDGE('',*,*,#13299,.T.);
#13321 = ORIENTED_EDGE('',*,*,#13322,.T.);
#13322 = EDGE_CURVE('',#13292,#13323,#13325,.T.);
#13323 = VERTEX_POINT('',#13324);
#13324 = CARTESIAN_POINT('',(5.72135E+03,-519.464604605,
    3.566481336413E+03));
#13325 = LINE('',#13326,#13327);
#13326 = CARTESIAN_POINT('',(5.72135E+03,-1.535464604605E+03,
    2.899764069241E+03));
#13327 = VECTOR('',#13328,1.);
#13328 = DIRECTION('',(0.,0.836060266089,0.548637613974));
#13329 = ORIENTED_EDGE('',*,*,#13330,.F.);
#13330 = EDGE_CURVE('',#13331,#13323,#13333,.T.);
#13331 = VERTEX_POINT('',#13332);
#13332 = CARTESIAN_POINT('',(5.67055E+03,-519.464604605,
    3.566481336413E+03));
#13333 = LINE('',#13334,#13335);
#13334 = CARTESIAN_POINT('',(5.67055E+03,-519.464604605,
    3.566481336413E+03));
#13335 = VECTOR('',#13336,1.);
#13336 = DIRECTION('',(1.,0.,0.));
#13337 = ORIENTED_EDGE('',*,*,#13338,.F.);
#13338 = EDGE_CURVE('',#13300,#13331,#13339,.T.);
#13339 = LINE('',#13340,#13341);
#13340 = CARTESIAN_POINT('',(5.67055E+03,-1.535464604605E+03,
    2.899764069241E+03));
#13341 = VECTOR('',#13342,1.);
#13342 = DIRECTION('',(0.,0.836060266089,0.548637613974));
#13343 = PLANE('',#13344);
#13344 = AXIS2_PLACEMENT_3D('',#13345,#13346,#13347);
#13345 = CARTESIAN_POINT('',(5.67055E+03,-1.535464604605E+03,
    2.899764069241E+03));
#13346 = DIRECTION('',(0.,-0.548637613974,0.836060266089));
#13347 = DIRECTION('',(0.,0.836060266089,0.548637613974));
#13348 = ADVANCED_FACE('',(#13349),#13374,.F.);
#13349 = FACE_BOUND('',#13350,.F.);
#13350 = EDGE_LOOP('',(#13351,#13352,#13360,#13368));
#13351 = ORIENTED_EDGE('',*,*,#13330,.T.);
#13352 = ORIENTED_EDGE('',*,*,#13353,.T.);
#13353 = EDGE_CURVE('',#13323,#13354,#13356,.T.);
#13354 = VERTEX_POINT('',#13355);
#13355 = CARTESIAN_POINT('',(5.72135E+03,-547.3353953949,
    3.60895319793E+03));
#13356 = LINE('',#13357,#13358);
#13357 = CARTESIAN_POINT('',(5.72135E+03,-519.464604605,
    3.566481336413E+03));
#13358 = VECTOR('',#13359,1.);
#13359 = DIRECTION('',(0.,-0.548637613974,0.836060266089));
#13360 = ORIENTED_EDGE('',*,*,#13361,.F.);
#13361 = EDGE_CURVE('',#13362,#13354,#13364,.T.);
#13362 = VERTEX_POINT('',#13363);
#13363 = CARTESIAN_POINT('',(5.67055E+03,-547.3353953949,
    3.60895319793E+03));
#13364 = LINE('',#13365,#13366);
#13365 = CARTESIAN_POINT('',(5.67055E+03,-547.3353953949,
    3.60895319793E+03));
#13366 = VECTOR('',#13367,1.);
#13367 = DIRECTION('',(1.,0.,0.));
#13368 = ORIENTED_EDGE('',*,*,#13369,.F.);
#13369 = EDGE_CURVE('',#13331,#13362,#13370,.T.);
#13370 = LINE('',#13371,#13372);
#13371 = CARTESIAN_POINT('',(5.67055E+03,-519.464604605,
    3.566481336413E+03));
#13372 = VECTOR('',#13373,1.);
#13373 = DIRECTION('',(0.,-0.548637613974,0.836060266089));
#13374 = PLANE('',#13375);
#13375 = AXIS2_PLACEMENT_3D('',#13376,#13377,#13378);
#13376 = CARTESIAN_POINT('',(5.67055E+03,-519.464604605,
    3.566481336413E+03));
#13377 = DIRECTION('',(0.,-0.836060266089,-0.548637613974));
#13378 = DIRECTION('',(0.,-0.548637613974,0.836060266089));
#13379 = ADVANCED_FACE('',(#13380),#13396,.F.);
#13380 = FACE_BOUND('',#13381,.F.);
#13381 = EDGE_LOOP('',(#13382,#13383,#13389,#13390));
#13382 = ORIENTED_EDGE('',*,*,#13361,.T.);
#13383 = ORIENTED_EDGE('',*,*,#13384,.T.);
#13384 = EDGE_CURVE('',#13354,#13284,#13385,.T.);
#13385 = LINE('',#13386,#13387);
#13386 = CARTESIAN_POINT('',(5.72135E+03,-547.3353953949,
    3.60895319793E+03));
#13387 = VECTOR('',#13388,1.);
#13388 = DIRECTION('',(0.,-0.836060266089,-0.548637613974));
#13389 = ORIENTED_EDGE('',*,*,#13281,.F.);
#13390 = ORIENTED_EDGE('',*,*,#13391,.F.);
#13391 = EDGE_CURVE('',#13362,#13282,#13392,.T.);
#13392 = LINE('',#13393,#13394);
#13393 = CARTESIAN_POINT('',(5.67055E+03,-547.3353953949,
    3.60895319793E+03));
#13394 = VECTOR('',#13395,1.);
#13395 = DIRECTION('',(0.,-0.836060266089,-0.548637613974));
#13396 = PLANE('',#13397);
#13397 = AXIS2_PLACEMENT_3D('',#13398,#13399,#13400);
#13398 = CARTESIAN_POINT('',(5.67055E+03,-547.3353953949,
    3.60895319793E+03));
#13399 = DIRECTION('',(0.,0.548637613974,-0.836060266089));
#13400 = DIRECTION('',(0.,-0.836060266089,-0.548637613974));
#13401 = ADVANCED_FACE('',(#13402),#13408,.F.);
#13402 = FACE_BOUND('',#13403,.F.);
#13403 = EDGE_LOOP('',(#13404,#13405,#13406,#13407));
#13404 = ORIENTED_EDGE('',*,*,#13307,.T.);
#13405 = ORIENTED_EDGE('',*,*,#13338,.T.);
#13406 = ORIENTED_EDGE('',*,*,#13369,.T.);
#13407 = ORIENTED_EDGE('',*,*,#13391,.T.);
#13408 = PLANE('',#13409);
#13409 = AXIS2_PLACEMENT_3D('',#13410,#13411,#13412);
#13410 = CARTESIAN_POINT('',(5.67055E+03,-1.0414E+03,3.254358633586E+03)
  );
#13411 = DIRECTION('',(1.,0.,0.));
#13412 = DIRECTION('',(0.,0.,1.));
#13413 = ADVANCED_FACE('',(#13414),#13420,.T.);
#13414 = FACE_BOUND('',#13415,.T.);
#13415 = EDGE_LOOP('',(#13416,#13417,#13418,#13419));
#13416 = ORIENTED_EDGE('',*,*,#13291,.T.);
#13417 = ORIENTED_EDGE('',*,*,#13322,.T.);
#13418 = ORIENTED_EDGE('',*,*,#13353,.T.);
#13419 = ORIENTED_EDGE('',*,*,#13384,.T.);
#13420 = PLANE('',#13421);
#13421 = AXIS2_PLACEMENT_3D('',#13422,#13423,#13424);
#13422 = CARTESIAN_POINT('',(5.72135E+03,-1.0414E+03,3.254358633586E+03)
  );
#13423 = DIRECTION('',(1.,0.,0.));
#13424 = DIRECTION('',(0.,0.,1.));
#13425 = MANIFOLD_SOLID_BREP('',#13426);
#13426 = CLOSED_SHELL('',(#13427,#13467,#13498,#13529,#13551,#13563));
#13427 = ADVANCED_FACE('',(#13428),#13462,.F.);
#13428 = FACE_BOUND('',#13429,.F.);
#13429 = EDGE_LOOP('',(#13430,#13440,#13448,#13456));
#13430 = ORIENTED_EDGE('',*,*,#13431,.T.);
#13431 = EDGE_CURVE('',#13432,#13434,#13436,.T.);
#13432 = VERTEX_POINT('',#13433);
#13433 = CARTESIAN_POINT('',(5.67055E+03,-19.00279569329,
    2.937853894382E+03));
#13434 = VERTEX_POINT('',#13435);
#13435 = CARTESIAN_POINT('',(5.72135E+03,-19.00279569329,
    2.937853894382E+03));
#13436 = LINE('',#13437,#13438);
#13437 = CARTESIAN_POINT('',(5.67055E+03,-19.00279569329,
    2.937853894382E+03));
#13438 = VECTOR('',#13439,1.);
#13439 = DIRECTION('',(1.,0.,0.));
#13440 = ORIENTED_EDGE('',*,*,#13441,.T.);
#13441 = EDGE_CURVE('',#13434,#13442,#13444,.T.);
#13442 = VERTEX_POINT('',#13443);
#13443 = CARTESIAN_POINT('',(5.72135E+03,19.002795693294,
    2.904146105618E+03));
#13444 = LINE('',#13445,#13446);
#13445 = CARTESIAN_POINT('',(5.72135E+03,-19.00279569329,
    2.937853894382E+03));
#13446 = VECTOR('',#13447,1.);
#13447 = DIRECTION('',(0.,0.748141562728,-0.663539148897));
#13448 = ORIENTED_EDGE('',*,*,#13449,.F.);
#13449 = EDGE_CURVE('',#13450,#13442,#13452,.T.);
#13450 = VERTEX_POINT('',#13451);
#13451 = CARTESIAN_POINT('',(5.67055E+03,19.002795693294,
    2.904146105618E+03));
#13452 = LINE('',#13453,#13454);
#13453 = CARTESIAN_POINT('',(5.67055E+03,19.002795693294,
    2.904146105618E+03));
#13454 = VECTOR('',#13455,1.);
#13455 = DIRECTION('',(1.,0.,0.));
#13456 = ORIENTED_EDGE('',*,*,#13457,.F.);
#13457 = EDGE_CURVE('',#13432,#13450,#13458,.T.);
#13458 = LINE('',#13459,#13460);
#13459 = CARTESIAN_POINT('',(5.67055E+03,-19.00279569329,
    2.937853894382E+03));
#13460 = VECTOR('',#13461,1.);
#13461 = DIRECTION('',(0.,0.748141562728,-0.663539148897));
#13462 = PLANE('',#13463);
#13463 = AXIS2_PLACEMENT_3D('',#13464,#13465,#13466);
#13464 = CARTESIAN_POINT('',(5.67055E+03,-19.00279569329,
    2.937853894382E+03));
#13465 = DIRECTION('',(0.,0.663539148897,0.748141562728));
#13466 = DIRECTION('',(-2.2E-16,0.748141562728,-0.663539148897));
#13467 = ADVANCED_FACE('',(#13468),#13493,.F.);
#13468 = FACE_BOUND('',#13469,.F.);
#13469 = EDGE_LOOP('',(#13470,#13471,#13479,#13487));
#13470 = ORIENTED_EDGE('',*,*,#13449,.T.);
#13471 = ORIENTED_EDGE('',*,*,#13472,.T.);
#13472 = EDGE_CURVE('',#13442,#13473,#13475,.T.);
#13473 = VERTEX_POINT('',#13474);
#13474 = CARTESIAN_POINT('',(5.72135E+03,1.790652795693E+03,
    4.901684610785E+03));
#13475 = LINE('',#13476,#13477);
#13476 = CARTESIAN_POINT('',(5.72135E+03,19.002795693294,
    2.904146105618E+03));
#13477 = VECTOR('',#13478,1.);
#13478 = DIRECTION('',(0.,0.663539148897,0.748141562728));
#13479 = ORIENTED_EDGE('',*,*,#13480,.F.);
#13480 = EDGE_CURVE('',#13481,#13473,#13483,.T.);
#13481 = VERTEX_POINT('',#13482);
#13482 = CARTESIAN_POINT('',(5.67055E+03,1.790652795693E+03,
    4.901684610785E+03));
#13483 = LINE('',#13484,#13485);
#13484 = CARTESIAN_POINT('',(5.67055E+03,1.790652795693E+03,
    4.901684610785E+03));
#13485 = VECTOR('',#13486,1.);
#13486 = DIRECTION('',(1.,0.,0.));
#13487 = ORIENTED_EDGE('',*,*,#13488,.F.);
#13488 = EDGE_CURVE('',#13450,#13481,#13489,.T.);
#13489 = LINE('',#13490,#13491);
#13490 = CARTESIAN_POINT('',(5.67055E+03,19.002795693294,
    2.904146105618E+03));
#13491 = VECTOR('',#13492,1.);
#13492 = DIRECTION('',(0.,0.663539148897,0.748141562728));
#13493 = PLANE('',#13494);
#13494 = AXIS2_PLACEMENT_3D('',#13495,#13496,#13497);
#13495 = CARTESIAN_POINT('',(5.67055E+03,19.002795693294,
    2.904146105618E+03));
#13496 = DIRECTION('',(0.,-0.748141562728,0.663539148897));
#13497 = DIRECTION('',(-1.7E-16,0.663539148897,0.748141562728));
#13498 = ADVANCED_FACE('',(#13499),#13524,.F.);
#13499 = FACE_BOUND('',#13500,.F.);
#13500 = EDGE_LOOP('',(#13501,#13502,#13510,#13518));
#13501 = ORIENTED_EDGE('',*,*,#13480,.T.);
#13502 = ORIENTED_EDGE('',*,*,#13503,.T.);
#13503 = EDGE_CURVE('',#13473,#13504,#13506,.T.);
#13504 = VERTEX_POINT('',#13505);
#13505 = CARTESIAN_POINT('',(5.72135E+03,1.752647204307E+03,
    4.935392399549E+03));
#13506 = LINE('',#13507,#13508);
#13507 = CARTESIAN_POINT('',(5.72135E+03,1.790652795693E+03,
    4.901684610785E+03));
#13508 = VECTOR('',#13509,1.);
#13509 = DIRECTION('',(0.,-0.748141562728,0.663539148897));
#13510 = ORIENTED_EDGE('',*,*,#13511,.F.);
#13511 = EDGE_CURVE('',#13512,#13504,#13514,.T.);
#13512 = VERTEX_POINT('',#13513);
#13513 = CARTESIAN_POINT('',(5.67055E+03,1.752647204307E+03,
    4.935392399549E+03));
#13514 = LINE('',#13515,#13516);
#13515 = CARTESIAN_POINT('',(5.67055E+03,1.752647204307E+03,
    4.935392399549E+03));
#13516 = VECTOR('',#13517,1.);
#13517 = DIRECTION('',(1.,0.,0.));
#13518 = ORIENTED_EDGE('',*,*,#13519,.F.);
#13519 = EDGE_CURVE('',#13481,#13512,#13520,.T.);
#13520 = LINE('',#13521,#13522);
#13521 = CARTESIAN_POINT('',(5.67055E+03,1.790652795693E+03,
    4.901684610785E+03));
#13522 = VECTOR('',#13523,1.);
#13523 = DIRECTION('',(0.,-0.748141562728,0.663539148897));
#13524 = PLANE('',#13525);
#13525 = AXIS2_PLACEMENT_3D('',#13526,#13527,#13528);
#13526 = CARTESIAN_POINT('',(5.67055E+03,1.790652795693E+03,
    4.901684610785E+03));
#13527 = DIRECTION('',(0.,-0.663539148897,-0.748141562728));
#13528 = DIRECTION('',(2.2E-16,-0.748141562728,0.663539148897));
#13529 = ADVANCED_FACE('',(#13530),#13546,.F.);
#13530 = FACE_BOUND('',#13531,.F.);
#13531 = EDGE_LOOP('',(#13532,#13533,#13539,#13540));
#13532 = ORIENTED_EDGE('',*,*,#13511,.T.);
#13533 = ORIENTED_EDGE('',*,*,#13534,.T.);
#13534 = EDGE_CURVE('',#13504,#13434,#13535,.T.);
#13535 = LINE('',#13536,#13537);
#13536 = CARTESIAN_POINT('',(5.72135E+03,1.752647204307E+03,
    4.935392399549E+03));
#13537 = VECTOR('',#13538,1.);
#13538 = DIRECTION('',(0.,-0.663539148897,-0.748141562728));
#13539 = ORIENTED_EDGE('',*,*,#13431,.F.);
#13540 = ORIENTED_EDGE('',*,*,#13541,.F.);
#13541 = EDGE_CURVE('',#13512,#13432,#13542,.T.);
#13542 = LINE('',#13543,#13544);
#13543 = CARTESIAN_POINT('',(5.67055E+03,1.752647204307E+03,
    4.935392399549E+03));
#13544 = VECTOR('',#13545,1.);
#13545 = DIRECTION('',(0.,-0.663539148897,-0.748141562728));
#13546 = PLANE('',#13547);
#13547 = AXIS2_PLACEMENT_3D('',#13548,#13549,#13550);
#13548 = CARTESIAN_POINT('',(5.67055E+03,1.752647204307E+03,
    4.935392399549E+03));
#13549 = DIRECTION('',(0.,0.748141562728,-0.663539148897));
#13550 = DIRECTION('',(1.7E-16,-0.663539148897,-0.748141562728));
#13551 = ADVANCED_FACE('',(#13552),#13558,.F.);
#13552 = FACE_BOUND('',#13553,.F.);
#13553 = EDGE_LOOP('',(#13554,#13555,#13556,#13557));
#13554 = ORIENTED_EDGE('',*,*,#13457,.T.);
#13555 = ORIENTED_EDGE('',*,*,#13488,.T.);
#13556 = ORIENTED_EDGE('',*,*,#13519,.T.);
#13557 = ORIENTED_EDGE('',*,*,#13541,.T.);
#13558 = PLANE('',#13559);
#13559 = AXIS2_PLACEMENT_3D('',#13560,#13561,#13562);
#13560 = CARTESIAN_POINT('',(5.67055E+03,885.825,3.919769252584E+03));
#13561 = DIRECTION('',(1.,6.81E-15,-5.81E-15));
#13562 = DIRECTION('',(-6.81E-15,1.,0.));
#13563 = ADVANCED_FACE('',(#13564),#13570,.T.);
#13564 = FACE_BOUND('',#13565,.T.);
#13565 = EDGE_LOOP('',(#13566,#13567,#13568,#13569));
#13566 = ORIENTED_EDGE('',*,*,#13441,.T.);
#13567 = ORIENTED_EDGE('',*,*,#13472,.T.);
#13568 = ORIENTED_EDGE('',*,*,#13503,.T.);
#13569 = ORIENTED_EDGE('',*,*,#13534,.T.);
#13570 = PLANE('',#13571);
#13571 = AXIS2_PLACEMENT_3D('',#13572,#13573,#13574);
#13572 = CARTESIAN_POINT('',(5.72135E+03,885.825,3.919769252584E+03));
#13573 = DIRECTION('',(1.,6.81E-15,-5.81E-15));
#13574 = DIRECTION('',(-6.81E-15,1.,0.));
#13575 = MANIFOLD_SOLID_BREP('',#13576);
#13576 = CLOSED_SHELL('',(#13577,#13617,#13648,#13679,#13701,#13713));
#13577 = ADVANCED_FACE('',(#13578),#13612,.F.);
#13578 = FACE_BOUND('',#13579,.F.);
#13579 = EDGE_LOOP('',(#13580,#13590,#13598,#13606));
#13580 = ORIENTED_EDGE('',*,*,#13581,.T.);
#13581 = EDGE_CURVE('',#13582,#13584,#13586,.T.);
#13582 = VERTEX_POINT('',#13583);
#13583 = CARTESIAN_POINT('',(5.67055E+03,1.792835705312E+03,
    4.932550139277E+03));
#13584 = VERTEX_POINT('',#13585);
#13585 = CARTESIAN_POINT('',(5.72135E+03,1.792835705312E+03,
    4.932550139277E+03));
#13586 = LINE('',#13587,#13588);
#13587 = CARTESIAN_POINT('',(5.67055E+03,1.792835705312E+03,
    4.932550139277E+03));
#13588 = VECTOR('',#13589,1.);
#13589 = DIRECTION('',(1.,0.,0.));
#13590 = ORIENTED_EDGE('',*,*,#13591,.T.);
#13591 = EDGE_CURVE('',#13584,#13592,#13594,.T.);
#13592 = VERTEX_POINT('',#13593);
#13593 = CARTESIAN_POINT('',(5.72135E+03,1.750464294688E+03,
    4.904526871057E+03));
#13594 = LINE('',#13595,#13596);
#13595 = CARTESIAN_POINT('',(5.72135E+03,1.792835705312E+03,
    4.932550139277E+03));
#13596 = VECTOR('',#13597,1.);
#13597 = DIRECTION('',(0.,-0.834082886312,-0.551639138171));
#13598 = ORIENTED_EDGE('',*,*,#13599,.F.);
#13599 = EDGE_CURVE('',#13600,#13592,#13602,.T.);
#13600 = VERTEX_POINT('',#13601);
#13601 = CARTESIAN_POINT('',(5.67055E+03,1.750464294688E+03,
    4.904526871057E+03));
#13602 = LINE('',#13603,#13604);
#13603 = CARTESIAN_POINT('',(5.67055E+03,1.750464294688E+03,
    4.904526871057E+03));
#13604 = VECTOR('',#13605,1.);
#13605 = DIRECTION('',(1.,0.,0.));
#13606 = ORIENTED_EDGE('',*,*,#13607,.F.);
#13607 = EDGE_CURVE('',#13582,#13600,#13608,.T.);
#13608 = LINE('',#13609,#13610);
#13609 = CARTESIAN_POINT('',(5.67055E+03,1.792835705312E+03,
    4.932550139277E+03));
#13610 = VECTOR('',#13611,1.);
#13611 = DIRECTION('',(0.,-0.834082886312,-0.551639138171));
#13612 = PLANE('',#13613);
#13613 = AXIS2_PLACEMENT_3D('',#13614,#13615,#13616);
#13614 = CARTESIAN_POINT('',(5.67055E+03,1.792835705312E+03,
    4.932550139277E+03));
#13615 = DIRECTION('',(0.,0.551639138171,-0.834082886312));
#13616 = DIRECTION('',(0.,-0.834082886312,-0.551639138171));
#13617 = ADVANCED_FACE('',(#13618),#13643,.F.);
#13618 = FACE_BOUND('',#13619,.F.);
#13619 = EDGE_LOOP('',(#13620,#13621,#13629,#13637));
#13620 = ORIENTED_EDGE('',*,*,#13599,.T.);
#13621 = ORIENTED_EDGE('',*,*,#13622,.T.);
#13622 = EDGE_CURVE('',#13592,#13623,#13625,.T.);
#13623 = VERTEX_POINT('',#13624);
#13624 = CARTESIAN_POINT('',(5.72135E+03,3.071580502126E+03,
    2.90698836589E+03));
#13625 = LINE('',#13626,#13627);
#13626 = CARTESIAN_POINT('',(5.72135E+03,1.750464294688E+03,
    4.904526871057E+03));
#13627 = VECTOR('',#13628,1.);
#13628 = DIRECTION('',(0.,0.551639138171,-0.834082886312));
#13629 = ORIENTED_EDGE('',*,*,#13630,.F.);
#13630 = EDGE_CURVE('',#13631,#13623,#13633,.T.);
#13631 = VERTEX_POINT('',#13632);
#13632 = CARTESIAN_POINT('',(5.67055E+03,3.071580502126E+03,
    2.90698836589E+03));
#13633 = LINE('',#13634,#13635);
#13634 = CARTESIAN_POINT('',(5.67055E+03,3.071580502126E+03,
    2.90698836589E+03));
#13635 = VECTOR('',#13636,1.);
#13636 = DIRECTION('',(1.,0.,0.));
#13637 = ORIENTED_EDGE('',*,*,#13638,.F.);
#13638 = EDGE_CURVE('',#13600,#13631,#13639,.T.);
#13639 = LINE('',#13640,#13641);
#13640 = CARTESIAN_POINT('',(5.67055E+03,1.750464294688E+03,
    4.904526871057E+03));
#13641 = VECTOR('',#13642,1.);
#13642 = DIRECTION('',(0.,0.551639138171,-0.834082886312));
#13643 = PLANE('',#13644);
#13644 = AXIS2_PLACEMENT_3D('',#13645,#13646,#13647);
#13645 = CARTESIAN_POINT('',(5.67055E+03,1.750464294688E+03,
    4.904526871057E+03));
#13646 = DIRECTION('',(0.,0.834082886312,0.551639138171));
#13647 = DIRECTION('',(0.,0.551639138171,-0.834082886312));
#13648 = ADVANCED_FACE('',(#13649),#13674,.F.);
#13649 = FACE_BOUND('',#13650,.F.);
#13650 = EDGE_LOOP('',(#13651,#13652,#13660,#13668));
#13651 = ORIENTED_EDGE('',*,*,#13630,.T.);
#13652 = ORIENTED_EDGE('',*,*,#13653,.T.);
#13653 = EDGE_CURVE('',#13623,#13654,#13656,.T.);
#13654 = VERTEX_POINT('',#13655);
#13655 = CARTESIAN_POINT('',(5.72135E+03,3.113951912751E+03,
    2.93501163411E+03));
#13656 = LINE('',#13657,#13658);
#13657 = CARTESIAN_POINT('',(5.72135E+03,3.071580502126E+03,
    2.90698836589E+03));
#13658 = VECTOR('',#13659,1.);
#13659 = DIRECTION('',(0.,0.834082886312,0.551639138171));
#13660 = ORIENTED_EDGE('',*,*,#13661,.F.);
#13661 = EDGE_CURVE('',#13662,#13654,#13664,.T.);
#13662 = VERTEX_POINT('',#13663);
#13663 = CARTESIAN_POINT('',(5.67055E+03,3.113951912751E+03,
    2.93501163411E+03));
#13664 = LINE('',#13665,#13666);
#13665 = CARTESIAN_POINT('',(5.67055E+03,3.113951912751E+03,
    2.93501163411E+03));
#13666 = VECTOR('',#13667,1.);
#13667 = DIRECTION('',(1.,0.,0.));
#13668 = ORIENTED_EDGE('',*,*,#13669,.F.);
#13669 = EDGE_CURVE('',#13631,#13662,#13670,.T.);
#13670 = LINE('',#13671,#13672);
#13671 = CARTESIAN_POINT('',(5.67055E+03,3.071580502126E+03,
    2.90698836589E+03));
#13672 = VECTOR('',#13673,1.);
#13673 = DIRECTION('',(0.,0.834082886312,0.551639138171));
#13674 = PLANE('',#13675);
#13675 = AXIS2_PLACEMENT_3D('',#13676,#13677,#13678);
#13676 = CARTESIAN_POINT('',(5.67055E+03,3.071580502126E+03,
    2.90698836589E+03));
#13677 = DIRECTION('',(0.,-0.551639138171,0.834082886312));
#13678 = DIRECTION('',(0.,0.834082886312,0.551639138171));
#13679 = ADVANCED_FACE('',(#13680),#13696,.F.);
#13680 = FACE_BOUND('',#13681,.F.);
#13681 = EDGE_LOOP('',(#13682,#13683,#13689,#13690));
#13682 = ORIENTED_EDGE('',*,*,#13661,.T.);
#13683 = ORIENTED_EDGE('',*,*,#13684,.T.);
#13684 = EDGE_CURVE('',#13654,#13584,#13685,.T.);
#13685 = LINE('',#13686,#13687);
#13686 = CARTESIAN_POINT('',(5.72135E+03,3.113951912751E+03,
    2.93501163411E+03));
#13687 = VECTOR('',#13688,1.);
#13688 = DIRECTION('',(0.,-0.551639138171,0.834082886312));
#13689 = ORIENTED_EDGE('',*,*,#13581,.F.);
#13690 = ORIENTED_EDGE('',*,*,#13691,.F.);
#13691 = EDGE_CURVE('',#13662,#13582,#13692,.T.);
#13692 = LINE('',#13693,#13694);
#13693 = CARTESIAN_POINT('',(5.67055E+03,3.113951912751E+03,
    2.93501163411E+03));
#13694 = VECTOR('',#13695,1.);
#13695 = DIRECTION('',(0.,-0.551639138171,0.834082886312));
#13696 = PLANE('',#13697);
#13697 = AXIS2_PLACEMENT_3D('',#13698,#13699,#13700);
#13698 = CARTESIAN_POINT('',(5.67055E+03,3.113951912751E+03,
    2.93501163411E+03));
#13699 = DIRECTION('',(0.,-0.834082886312,-0.551639138171));
#13700 = DIRECTION('',(0.,-0.551639138171,0.834082886312));
#13701 = ADVANCED_FACE('',(#13702),#13708,.F.);
#13702 = FACE_BOUND('',#13703,.F.);
#13703 = EDGE_LOOP('',(#13704,#13705,#13706,#13707));
#13704 = ORIENTED_EDGE('',*,*,#13607,.T.);
#13705 = ORIENTED_EDGE('',*,*,#13638,.T.);
#13706 = ORIENTED_EDGE('',*,*,#13669,.T.);
#13707 = ORIENTED_EDGE('',*,*,#13691,.T.);
#13708 = PLANE('',#13709);
#13709 = AXIS2_PLACEMENT_3D('',#13710,#13711,#13712);
#13710 = CARTESIAN_POINT('',(5.67055E+03,2.432208103719E+03,
    3.919769252584E+03));
#13711 = DIRECTION('',(1.,0.,0.));
#13712 = DIRECTION('',(0.,0.,1.));
#13713 = ADVANCED_FACE('',(#13714),#13720,.T.);
#13714 = FACE_BOUND('',#13715,.T.);
#13715 = EDGE_LOOP('',(#13716,#13717,#13718,#13719));
#13716 = ORIENTED_EDGE('',*,*,#13591,.T.);
#13717 = ORIENTED_EDGE('',*,*,#13622,.T.);
#13718 = ORIENTED_EDGE('',*,*,#13653,.T.);
#13719 = ORIENTED_EDGE('',*,*,#13684,.T.);
#13720 = PLANE('',#13721);
#13721 = AXIS2_PLACEMENT_3D('',#13722,#13723,#13724);
#13722 = CARTESIAN_POINT('',(5.72135E+03,2.432208103719E+03,
    3.919769252584E+03));
#13723 = DIRECTION('',(1.,0.,0.));
#13724 = DIRECTION('',(0.,0.,1.));
#13725 = MANIFOLD_SOLID_BREP('',#13726);
#13726 = CLOSED_SHELL('',(#13727,#13767,#13798,#13829,#13851,#13863));
#13727 = ADVANCED_FACE('',(#13728),#13762,.F.);
#13728 = FACE_BOUND('',#13729,.F.);
#13729 = EDGE_LOOP('',(#13730,#13740,#13748,#13756));
#13730 = ORIENTED_EDGE('',*,*,#13731,.T.);
#13731 = EDGE_CURVE('',#13732,#13734,#13736,.T.);
#13732 = VERTEX_POINT('',#13733);
#13733 = CARTESIAN_POINT('',(5.67055E+03,4.677025037777E+03,
    2.933738172369E+03));
#13734 = VERTEX_POINT('',#13735);
#13735 = CARTESIAN_POINT('',(5.72135E+03,4.677025037777E+03,
    2.933738172369E+03));
#13736 = LINE('',#13737,#13738);
#13737 = CARTESIAN_POINT('',(5.67055E+03,4.677025037777E+03,
    2.933738172369E+03));
#13738 = VECTOR('',#13739,1.);
#13739 = DIRECTION('',(1.,0.,0.));
#13740 = ORIENTED_EDGE('',*,*,#13741,.T.);
#13741 = EDGE_CURVE('',#13734,#13742,#13744,.T.);
#13742 = VERTEX_POINT('',#13743);
#13743 = CARTESIAN_POINT('',(5.72135E+03,4.720974962223E+03,
    2.908261827631E+03));
#13744 = LINE('',#13745,#13746);
#13745 = CARTESIAN_POINT('',(5.72135E+03,4.677025037777E+03,
    2.933738172369E+03));
#13746 = VECTOR('',#13747,1.);
#13747 = DIRECTION('',(0.,0.865155993017,-0.50150284919));
#13748 = ORIENTED_EDGE('',*,*,#13749,.F.);
#13749 = EDGE_CURVE('',#13750,#13742,#13752,.T.);
#13750 = VERTEX_POINT('',#13751);
#13751 = CARTESIAN_POINT('',(5.67055E+03,4.720974962223E+03,
    2.908261827631E+03));
#13752 = LINE('',#13753,#13754);
#13753 = CARTESIAN_POINT('',(5.67055E+03,4.720974962223E+03,
    2.908261827631E+03));
#13754 = VECTOR('',#13755,1.);
#13755 = DIRECTION('',(1.,0.,0.));
#13756 = ORIENTED_EDGE('',*,*,#13757,.F.);
#13757 = EDGE_CURVE('',#13732,#13750,#13758,.T.);
#13758 = LINE('',#13759,#13760);
#13759 = CARTESIAN_POINT('',(5.67055E+03,4.677025037777E+03,
    2.933738172369E+03));
#13760 = VECTOR('',#13761,1.);
#13761 = DIRECTION('',(0.,0.865155993017,-0.50150284919));
#13762 = PLANE('',#13763);
#13763 = AXIS2_PLACEMENT_3D('',#13764,#13765,#13766);
#13764 = CARTESIAN_POINT('',(5.67055E+03,4.677025037777E+03,
    2.933738172369E+03));
#13765 = DIRECTION('',(0.,0.50150284919,0.865155993017));
#13766 = DIRECTION('',(1.1E-16,0.865155993017,-0.50150284919));
#13767 = ADVANCED_FACE('',(#13768),#13793,.F.);
#13768 = FACE_BOUND('',#13769,.F.);
#13769 = EDGE_LOOP('',(#13770,#13771,#13779,#13787));
#13770 = ORIENTED_EDGE('',*,*,#13749,.T.);
#13771 = ORIENTED_EDGE('',*,*,#13772,.T.);
#13772 = EDGE_CURVE('',#13742,#13773,#13775,.T.);
#13773 = VERTEX_POINT('',#13774);
#13774 = CARTESIAN_POINT('',(5.72135E+03,6.397374962223E+03,
    5.80026435371E+03));
#13775 = LINE('',#13776,#13777);
#13776 = CARTESIAN_POINT('',(5.72135E+03,4.720974962223E+03,
    2.908261827631E+03));
#13777 = VECTOR('',#13778,1.);
#13778 = DIRECTION('',(0.,0.50150284919,0.865155993017));
#13779 = ORIENTED_EDGE('',*,*,#13780,.F.);
#13780 = EDGE_CURVE('',#13781,#13773,#13783,.T.);
#13781 = VERTEX_POINT('',#13782);
#13782 = CARTESIAN_POINT('',(5.67055E+03,6.397374962223E+03,
    5.80026435371E+03));
#13783 = LINE('',#13784,#13785);
#13784 = CARTESIAN_POINT('',(5.67055E+03,6.397374962223E+03,
    5.80026435371E+03));
#13785 = VECTOR('',#13786,1.);
#13786 = DIRECTION('',(1.,0.,0.));
#13787 = ORIENTED_EDGE('',*,*,#13788,.F.);
#13788 = EDGE_CURVE('',#13750,#13781,#13789,.T.);
#13789 = LINE('',#13790,#13791);
#13790 = CARTESIAN_POINT('',(5.67055E+03,4.720974962223E+03,
    2.908261827631E+03));
#13791 = VECTOR('',#13792,1.);
#13792 = DIRECTION('',(0.,0.50150284919,0.865155993017));
#13793 = PLANE('',#13794);
#13794 = AXIS2_PLACEMENT_3D('',#13795,#13796,#13797);
#13795 = CARTESIAN_POINT('',(5.67055E+03,4.720974962223E+03,
    2.908261827631E+03));
#13796 = DIRECTION('',(0.,-0.865155993017,0.50150284919));
#13797 = DIRECTION('',(-6.E-17,0.50150284919,0.865155993017));
#13798 = ADVANCED_FACE('',(#13799),#13824,.F.);
#13799 = FACE_BOUND('',#13800,.F.);
#13800 = EDGE_LOOP('',(#13801,#13802,#13810,#13818));
#13801 = ORIENTED_EDGE('',*,*,#13780,.T.);
#13802 = ORIENTED_EDGE('',*,*,#13803,.T.);
#13803 = EDGE_CURVE('',#13773,#13804,#13806,.T.);
#13804 = VERTEX_POINT('',#13805);
#13805 = CARTESIAN_POINT('',(5.72135E+03,6.353425037777E+03,
    5.825740698449E+03));
#13806 = LINE('',#13807,#13808);
#13807 = CARTESIAN_POINT('',(5.72135E+03,6.397374962223E+03,
    5.80026435371E+03));
#13808 = VECTOR('',#13809,1.);
#13809 = DIRECTION('',(0.,-0.865155993017,0.50150284919));
#13810 = ORIENTED_EDGE('',*,*,#13811,.F.);
#13811 = EDGE_CURVE('',#13812,#13804,#13814,.T.);
#13812 = VERTEX_POINT('',#13813);
#13813 = CARTESIAN_POINT('',(5.67055E+03,6.353425037777E+03,
    5.825740698449E+03));
#13814 = LINE('',#13815,#13816);
#13815 = CARTESIAN_POINT('',(5.67055E+03,6.353425037777E+03,
    5.825740698449E+03));
#13816 = VECTOR('',#13817,1.);
#13817 = DIRECTION('',(1.,0.,0.));
#13818 = ORIENTED_EDGE('',*,*,#13819,.F.);
#13819 = EDGE_CURVE('',#13781,#13812,#13820,.T.);
#13820 = LINE('',#13821,#13822);
#13821 = CARTESIAN_POINT('',(5.67055E+03,6.397374962223E+03,
    5.80026435371E+03));
#13822 = VECTOR('',#13823,1.);
#13823 = DIRECTION('',(0.,-0.865155993017,0.50150284919));
#13824 = PLANE('',#13825);
#13825 = AXIS2_PLACEMENT_3D('',#13826,#13827,#13828);
#13826 = CARTESIAN_POINT('',(5.67055E+03,6.397374962223E+03,
    5.80026435371E+03));
#13827 = DIRECTION('',(0.,-0.50150284919,-0.865155993017));
#13828 = DIRECTION('',(-1.1E-16,-0.865155993017,0.50150284919));
#13829 = ADVANCED_FACE('',(#13830),#13846,.F.);
#13830 = FACE_BOUND('',#13831,.F.);
#13831 = EDGE_LOOP('',(#13832,#13833,#13839,#13840));
#13832 = ORIENTED_EDGE('',*,*,#13811,.T.);
#13833 = ORIENTED_EDGE('',*,*,#13834,.T.);
#13834 = EDGE_CURVE('',#13804,#13734,#13835,.T.);
#13835 = LINE('',#13836,#13837);
#13836 = CARTESIAN_POINT('',(5.72135E+03,6.353425037777E+03,
    5.825740698449E+03));
#13837 = VECTOR('',#13838,1.);
#13838 = DIRECTION('',(0.,-0.50150284919,-0.865155993017));
#13839 = ORIENTED_EDGE('',*,*,#13731,.F.);
#13840 = ORIENTED_EDGE('',*,*,#13841,.F.);
#13841 = EDGE_CURVE('',#13812,#13732,#13842,.T.);
#13842 = LINE('',#13843,#13844);
#13843 = CARTESIAN_POINT('',(5.67055E+03,6.353425037777E+03,
    5.825740698449E+03));
#13844 = VECTOR('',#13845,1.);
#13845 = DIRECTION('',(0.,-0.50150284919,-0.865155993017));
#13846 = PLANE('',#13847);
#13847 = AXIS2_PLACEMENT_3D('',#13848,#13849,#13850);
#13848 = CARTESIAN_POINT('',(5.67055E+03,6.353425037777E+03,
    5.825740698449E+03));
#13849 = DIRECTION('',(0.,0.865155993017,-0.50150284919));
#13850 = DIRECTION('',(6.E-17,-0.50150284919,-0.865155993017));
#13851 = ADVANCED_FACE('',(#13852),#13858,.F.);
#13852 = FACE_BOUND('',#13853,.F.);
#13853 = EDGE_LOOP('',(#13854,#13855,#13856,#13857));
#13854 = ORIENTED_EDGE('',*,*,#13757,.T.);
#13855 = ORIENTED_EDGE('',*,*,#13788,.T.);
#13856 = ORIENTED_EDGE('',*,*,#13819,.T.);
#13857 = ORIENTED_EDGE('',*,*,#13841,.T.);
#13858 = PLANE('',#13859);
#13859 = AXIS2_PLACEMENT_3D('',#13860,#13861,#13862);
#13860 = CARTESIAN_POINT('',(5.67055E+03,5.5372E+03,4.36700126304E+03));
#13861 = DIRECTION('',(1.,0.,0.));
#13862 = DIRECTION('',(0.,0.,1.));
#13863 = ADVANCED_FACE('',(#13864),#13870,.T.);
#13864 = FACE_BOUND('',#13865,.T.);
#13865 = EDGE_LOOP('',(#13866,#13867,#13868,#13869));
#13866 = ORIENTED_EDGE('',*,*,#13741,.T.);
#13867 = ORIENTED_EDGE('',*,*,#13772,.T.);
#13868 = ORIENTED_EDGE('',*,*,#13803,.T.);
#13869 = ORIENTED_EDGE('',*,*,#13834,.T.);
#13870 = PLANE('',#13871);
#13871 = AXIS2_PLACEMENT_3D('',#13872,#13873,#13874);
#13872 = CARTESIAN_POINT('',(5.72135E+03,5.5372E+03,4.36700126304E+03));
#13873 = DIRECTION('',(1.,0.,0.));
#13874 = DIRECTION('',(0.,0.,1.));
#13875 = MANIFOLD_SOLID_BREP('',#13876);
#13876 = CLOSED_SHELL('',(#13877,#13917,#13957,#13979,#14001,#14013));
#13877 = ADVANCED_FACE('',(#13878),#13912,.F.);
#13878 = FACE_BOUND('',#13879,.F.);
#13879 = EDGE_LOOP('',(#13880,#13890,#13898,#13906));
#13880 = ORIENTED_EDGE('',*,*,#13881,.F.);
#13881 = EDGE_CURVE('',#13882,#13884,#13886,.T.);
#13882 = VERTEX_POINT('',#13883);
#13883 = CARTESIAN_POINT('',(3.86715E+03,6.2484E+03,3.048E+03));
#13884 = VERTEX_POINT('',#13885);
#13885 = CARTESIAN_POINT('',(3.86715E+03,6.2484E+03,5.756349899776E+03)
  );
#13886 = LINE('',#13887,#13888);
#13887 = CARTESIAN_POINT('',(3.86715E+03,6.2484E+03,3.048E+03));
#13888 = VECTOR('',#13889,1.);
#13889 = DIRECTION('',(0.,0.,1.));
#13890 = ORIENTED_EDGE('',*,*,#13891,.T.);
#13891 = EDGE_CURVE('',#13882,#13892,#13894,.T.);
#13892 = VERTEX_POINT('',#13893);
#13893 = CARTESIAN_POINT('',(3.86715E+03,6.4008E+03,3.048E+03));
#13894 = LINE('',#13895,#13896);
#13895 = CARTESIAN_POINT('',(3.86715E+03,6.2484E+03,3.048E+03));
#13896 = VECTOR('',#13897,1.);
#13897 = DIRECTION('',(0.,1.,0.));
#13898 = ORIENTED_EDGE('',*,*,#13899,.T.);
#13899 = EDGE_CURVE('',#13892,#13900,#13902,.T.);
#13900 = VERTEX_POINT('',#13901);
#13901 = CARTESIAN_POINT('',(3.86715E+03,6.4008E+03,5.756349899776E+03)
  );
#13902 = LINE('',#13903,#13904);
#13903 = CARTESIAN_POINT('',(3.86715E+03,6.4008E+03,3.048E+03));
#13904 = VECTOR('',#13905,1.);
#13905 = DIRECTION('',(0.,0.,1.));
#13906 = ORIENTED_EDGE('',*,*,#13907,.F.);
#13907 = EDGE_CURVE('',#13884,#13900,#13908,.T.);
#13908 = LINE('',#13909,#13910);
#13909 = CARTESIAN_POINT('',(3.86715E+03,6.2484E+03,5.756349899776E+03)
  );
#13910 = VECTOR('',#13911,1.);
#13911 = DIRECTION('',(0.,1.,0.));
#13912 = PLANE('',#13913);
#13913 = AXIS2_PLACEMENT_3D('',#13914,#13915,#13916);
#13914 = CARTESIAN_POINT('',(3.86715E+03,6.2484E+03,3.048E+03));
#13915 = DIRECTION('',(1.,0.,0.));
#13916 = DIRECTION('',(0.,0.,1.));
#13917 = ADVANCED_FACE('',(#13918),#13952,.T.);
#13918 = FACE_BOUND('',#13919,.T.);
#13919 = EDGE_LOOP('',(#13920,#13930,#13938,#13946));
#13920 = ORIENTED_EDGE('',*,*,#13921,.F.);
#13921 = EDGE_CURVE('',#13922,#13924,#13926,.T.);
#13922 = VERTEX_POINT('',#13923);
#13923 = CARTESIAN_POINT('',(4.01955E+03,6.2484E+03,3.048E+03));
#13924 = VERTEX_POINT('',#13925);
#13925 = CARTESIAN_POINT('',(4.01955E+03,6.2484E+03,5.756349899776E+03)
  );
#13926 = LINE('',#13927,#13928);
#13927 = CARTESIAN_POINT('',(4.01955E+03,6.2484E+03,3.048E+03));
#13928 = VECTOR('',#13929,1.);
#13929 = DIRECTION('',(0.,0.,1.));
#13930 = ORIENTED_EDGE('',*,*,#13931,.T.);
#13931 = EDGE_CURVE('',#13922,#13932,#13934,.T.);
#13932 = VERTEX_POINT('',#13933);
#13933 = CARTESIAN_POINT('',(4.01955E+03,6.4008E+03,3.048E+03));
#13934 = LINE('',#13935,#13936);
#13935 = CARTESIAN_POINT('',(4.01955E+03,6.2484E+03,3.048E+03));
#13936 = VECTOR('',#13937,1.);
#13937 = DIRECTION('',(0.,1.,0.));
#13938 = ORIENTED_EDGE('',*,*,#13939,.T.);
#13939 = EDGE_CURVE('',#13932,#13940,#13942,.T.);
#13940 = VERTEX_POINT('',#13941);
#13941 = CARTESIAN_POINT('',(4.01955E+03,6.4008E+03,5.756349899776E+03)
  );
#13942 = LINE('',#13943,#13944);
#13943 = CARTESIAN_POINT('',(4.01955E+03,6.4008E+03,3.048E+03));
#13944 = VECTOR('',#13945,1.);
#13945 = DIRECTION('',(0.,0.,1.));
#13946 = ORIENTED_EDGE('',*,*,#13947,.F.);
#13947 = EDGE_CURVE('',#13924,#13940,#13948,.T.);
#13948 = LINE('',#13949,#13950);
#13949 = CARTESIAN_POINT('',(4.01955E+03,6.2484E+03,5.756349899776E+03)
  );
#13950 = VECTOR('',#13951,1.);
#13951 = DIRECTION('',(0.,1.,0.));
#13952 = PLANE('',#13953);
#13953 = AXIS2_PLACEMENT_3D('',#13954,#13955,#13956);
#13954 = CARTESIAN_POINT('',(4.01955E+03,6.2484E+03,3.048E+03));
#13955 = DIRECTION('',(1.,0.,0.));
#13956 = DIRECTION('',(0.,0.,1.));
#13957 = ADVANCED_FACE('',(#13958),#13974,.F.);
#13958 = FACE_BOUND('',#13959,.F.);
#13959 = EDGE_LOOP('',(#13960,#13966,#13967,#13973));
#13960 = ORIENTED_EDGE('',*,*,#13961,.F.);
#13961 = EDGE_CURVE('',#13882,#13922,#13962,.T.);
#13962 = LINE('',#13963,#13964);
#13963 = CARTESIAN_POINT('',(3.86715E+03,6.2484E+03,3.048E+03));
#13964 = VECTOR('',#13965,1.);
#13965 = DIRECTION('',(1.,0.,0.));
#13966 = ORIENTED_EDGE('',*,*,#13881,.T.);
#13967 = ORIENTED_EDGE('',*,*,#13968,.T.);
#13968 = EDGE_CURVE('',#13884,#13924,#13969,.T.);
#13969 = LINE('',#13970,#13971);
#13970 = CARTESIAN_POINT('',(3.86715E+03,6.2484E+03,5.756349899776E+03)
  );
#13971 = VECTOR('',#13972,1.);
#13972 = DIRECTION('',(1.,0.,0.));
#13973 = ORIENTED_EDGE('',*,*,#13921,.F.);
#13974 = PLANE('',#13975);
#13975 = AXIS2_PLACEMENT_3D('',#13976,#13977,#13978);
#13976 = CARTESIAN_POINT('',(3.86715E+03,6.2484E+03,3.048E+03));
#13977 = DIRECTION('',(0.,1.,0.));
#13978 = DIRECTION('',(0.,0.,1.));
#13979 = ADVANCED_FACE('',(#13980),#13996,.T.);
#13980 = FACE_BOUND('',#13981,.T.);
#13981 = EDGE_LOOP('',(#13982,#13988,#13989,#13995));
#13982 = ORIENTED_EDGE('',*,*,#13983,.F.);
#13983 = EDGE_CURVE('',#13892,#13932,#13984,.T.);
#13984 = LINE('',#13985,#13986);
#13985 = CARTESIAN_POINT('',(3.86715E+03,6.4008E+03,3.048E+03));
#13986 = VECTOR('',#13987,1.);
#13987 = DIRECTION('',(1.,0.,0.));
#13988 = ORIENTED_EDGE('',*,*,#13899,.T.);
#13989 = ORIENTED_EDGE('',*,*,#13990,.T.);
#13990 = EDGE_CURVE('',#13900,#13940,#13991,.T.);
#13991 = LINE('',#13992,#13993);
#13992 = CARTESIAN_POINT('',(3.86715E+03,6.4008E+03,5.756349899776E+03)
  );
#13993 = VECTOR('',#13994,1.);
#13994 = DIRECTION('',(1.,0.,0.));
#13995 = ORIENTED_EDGE('',*,*,#13939,.F.);
#13996 = PLANE('',#13997);
#13997 = AXIS2_PLACEMENT_3D('',#13998,#13999,#14000);
#13998 = CARTESIAN_POINT('',(3.86715E+03,6.4008E+03,3.048E+03));
#13999 = DIRECTION('',(0.,1.,0.));
#14000 = DIRECTION('',(0.,0.,1.));
#14001 = ADVANCED_FACE('',(#14002),#14008,.F.);
#14002 = FACE_BOUND('',#14003,.F.);
#14003 = EDGE_LOOP('',(#14004,#14005,#14006,#14007));
#14004 = ORIENTED_EDGE('',*,*,#13891,.F.);
#14005 = ORIENTED_EDGE('',*,*,#13961,.T.);
#14006 = ORIENTED_EDGE('',*,*,#13931,.T.);
#14007 = ORIENTED_EDGE('',*,*,#13983,.F.);
#14008 = PLANE('',#14009);
#14009 = AXIS2_PLACEMENT_3D('',#14010,#14011,#14012);
#14010 = CARTESIAN_POINT('',(3.86715E+03,6.2484E+03,3.048E+03));
#14011 = DIRECTION('',(0.,0.,1.));
#14012 = DIRECTION('',(1.,0.,0.));
#14013 = ADVANCED_FACE('',(#14014),#14020,.T.);
#14014 = FACE_BOUND('',#14015,.T.);
#14015 = EDGE_LOOP('',(#14016,#14017,#14018,#14019));
#14016 = ORIENTED_EDGE('',*,*,#13907,.F.);
#14017 = ORIENTED_EDGE('',*,*,#13968,.T.);
#14018 = ORIENTED_EDGE('',*,*,#13947,.T.);
#14019 = ORIENTED_EDGE('',*,*,#13990,.F.);
#14020 = PLANE('',#14021);
#14021 = AXIS2_PLACEMENT_3D('',#14022,#14023,#14024);
#14022 = CARTESIAN_POINT('',(3.86715E+03,6.2484E+03,5.756349899776E+03)
  );
#14023 = DIRECTION('',(0.,0.,1.));
#14024 = DIRECTION('',(1.,0.,0.));
#14025 = MANIFOLD_SOLID_BREP('',#14026);
#14026 = CLOSED_SHELL('',(#14027,#14067,#14107,#14129,#14151,#14163));
#14027 = ADVANCED_FACE('',(#14028),#14062,.F.);
#14028 = FACE_BOUND('',#14029,.F.);
#14029 = EDGE_LOOP('',(#14030,#14040,#14048,#14056));
#14030 = ORIENTED_EDGE('',*,*,#14031,.F.);
#14031 = EDGE_CURVE('',#14032,#14034,#14036,.T.);
#14032 = VERTEX_POINT('',#14033);
#14033 = CARTESIAN_POINT('',(1.42875E+03,6.2484E+03,5.1816E+03));
#14034 = VERTEX_POINT('',#14035);
#14035 = CARTESIAN_POINT('',(1.42875E+03,6.2484E+03,5.334E+03));
#14036 = LINE('',#14037,#14038);
#14037 = CARTESIAN_POINT('',(1.42875E+03,6.2484E+03,5.1816E+03));
#14038 = VECTOR('',#14039,1.);
#14039 = DIRECTION('',(0.,0.,1.));
#14040 = ORIENTED_EDGE('',*,*,#14041,.T.);
#14041 = EDGE_CURVE('',#14032,#14042,#14044,.T.);
#14042 = VERTEX_POINT('',#14043);
#14043 = CARTESIAN_POINT('',(1.42875E+03,6.4008E+03,5.1816E+03));
#14044 = LINE('',#14045,#14046);
#14045 = CARTESIAN_POINT('',(1.42875E+03,6.2484E+03,5.1816E+03));
#14046 = VECTOR('',#14047,1.);
#14047 = DIRECTION('',(0.,1.,0.));
#14048 = ORIENTED_EDGE('',*,*,#14049,.T.);
#14049 = EDGE_CURVE('',#14042,#14050,#14052,.T.);
#14050 = VERTEX_POINT('',#14051);
#14051 = CARTESIAN_POINT('',(1.42875E+03,6.4008E+03,5.334E+03));
#14052 = LINE('',#14053,#14054);
#14053 = CARTESIAN_POINT('',(1.42875E+03,6.4008E+03,5.1816E+03));
#14054 = VECTOR('',#14055,1.);
#14055 = DIRECTION('',(0.,0.,1.));
#14056 = ORIENTED_EDGE('',*,*,#14057,.F.);
#14057 = EDGE_CURVE('',#14034,#14050,#14058,.T.);
#14058 = LINE('',#14059,#14060);
#14059 = CARTESIAN_POINT('',(1.42875E+03,6.2484E+03,5.334E+03));
#14060 = VECTOR('',#14061,1.);
#14061 = DIRECTION('',(0.,1.,0.));
#14062 = PLANE('',#14063);
#14063 = AXIS2_PLACEMENT_3D('',#14064,#14065,#14066);
#14064 = CARTESIAN_POINT('',(1.42875E+03,6.2484E+03,5.1816E+03));
#14065 = DIRECTION('',(1.,0.,0.));
#14066 = DIRECTION('',(0.,0.,1.));
#14067 = ADVANCED_FACE('',(#14068),#14102,.T.);
#14068 = FACE_BOUND('',#14069,.T.);
#14069 = EDGE_LOOP('',(#14070,#14080,#14088,#14096));
#14070 = ORIENTED_EDGE('',*,*,#14071,.F.);
#14071 = EDGE_CURVE('',#14072,#14074,#14076,.T.);
#14072 = VERTEX_POINT('',#14073);
#14073 = CARTESIAN_POINT('',(3.86715E+03,6.2484E+03,5.1816E+03));
#14074 = VERTEX_POINT('',#14075);
#14075 = CARTESIAN_POINT('',(3.86715E+03,6.2484E+03,5.334E+03));
#14076 = LINE('',#14077,#14078);
#14077 = CARTESIAN_POINT('',(3.86715E+03,6.2484E+03,5.1816E+03));
#14078 = VECTOR('',#14079,1.);
#14079 = DIRECTION('',(0.,0.,1.));
#14080 = ORIENTED_EDGE('',*,*,#14081,.T.);
#14081 = EDGE_CURVE('',#14072,#14082,#14084,.T.);
#14082 = VERTEX_POINT('',#14083);
#14083 = CARTESIAN_POINT('',(3.86715E+03,6.4008E+03,5.1816E+03));
#14084 = LINE('',#14085,#14086);
#14085 = CARTESIAN_POINT('',(3.86715E+03,6.2484E+03,5.1816E+03));
#14086 = VECTOR('',#14087,1.);
#14087 = DIRECTION('',(0.,1.,0.));
#14088 = ORIENTED_EDGE('',*,*,#14089,.T.);
#14089 = EDGE_CURVE('',#14082,#14090,#14092,.T.);
#14090 = VERTEX_POINT('',#14091);
#14091 = CARTESIAN_POINT('',(3.86715E+03,6.4008E+03,5.334E+03));
#14092 = LINE('',#14093,#14094);
#14093 = CARTESIAN_POINT('',(3.86715E+03,6.4008E+03,5.1816E+03));
#14094 = VECTOR('',#14095,1.);
#14095 = DIRECTION('',(0.,0.,1.));
#14096 = ORIENTED_EDGE('',*,*,#14097,.F.);
#14097 = EDGE_CURVE('',#14074,#14090,#14098,.T.);
#14098 = LINE('',#14099,#14100);
#14099 = CARTESIAN_POINT('',(3.86715E+03,6.2484E+03,5.334E+03));
#14100 = VECTOR('',#14101,1.);
#14101 = DIRECTION('',(0.,1.,0.));
#14102 = PLANE('',#14103);
#14103 = AXIS2_PLACEMENT_3D('',#14104,#14105,#14106);
#14104 = CARTESIAN_POINT('',(3.86715E+03,6.2484E+03,5.1816E+03));
#14105 = DIRECTION('',(1.,0.,0.));
#14106 = DIRECTION('',(0.,0.,1.));
#14107 = ADVANCED_FACE('',(#14108),#14124,.F.);
#14108 = FACE_BOUND('',#14109,.F.);
#14109 = EDGE_LOOP('',(#14110,#14116,#14117,#14123));
#14110 = ORIENTED_EDGE('',*,*,#14111,.F.);
#14111 = EDGE_CURVE('',#14032,#14072,#14112,.T.);
#14112 = LINE('',#14113,#14114);
#14113 = CARTESIAN_POINT('',(1.42875E+03,6.2484E+03,5.1816E+03));
#14114 = VECTOR('',#14115,1.);
#14115 = DIRECTION('',(1.,0.,0.));
#14116 = ORIENTED_EDGE('',*,*,#14031,.T.);
#14117 = ORIENTED_EDGE('',*,*,#14118,.T.);
#14118 = EDGE_CURVE('',#14034,#14074,#14119,.T.);
#14119 = LINE('',#14120,#14121);
#14120 = CARTESIAN_POINT('',(1.42875E+03,6.2484E+03,5.334E+03));
#14121 = VECTOR('',#14122,1.);
#14122 = DIRECTION('',(1.,0.,0.));
#14123 = ORIENTED_EDGE('',*,*,#14071,.F.);
#14124 = PLANE('',#14125);
#14125 = AXIS2_PLACEMENT_3D('',#14126,#14127,#14128);
#14126 = CARTESIAN_POINT('',(1.42875E+03,6.2484E+03,5.1816E+03));
#14127 = DIRECTION('',(0.,1.,0.));
#14128 = DIRECTION('',(0.,0.,1.));
#14129 = ADVANCED_FACE('',(#14130),#14146,.T.);
#14130 = FACE_BOUND('',#14131,.T.);
#14131 = EDGE_LOOP('',(#14132,#14138,#14139,#14145));
#14132 = ORIENTED_EDGE('',*,*,#14133,.F.);
#14133 = EDGE_CURVE('',#14042,#14082,#14134,.T.);
#14134 = LINE('',#14135,#14136);
#14135 = CARTESIAN_POINT('',(1.42875E+03,6.4008E+03,5.1816E+03));
#14136 = VECTOR('',#14137,1.);
#14137 = DIRECTION('',(1.,0.,0.));
#14138 = ORIENTED_EDGE('',*,*,#14049,.T.);
#14139 = ORIENTED_EDGE('',*,*,#14140,.T.);
#14140 = EDGE_CURVE('',#14050,#14090,#14141,.T.);
#14141 = LINE('',#14142,#14143);
#14142 = CARTESIAN_POINT('',(1.42875E+03,6.4008E+03,5.334E+03));
#14143 = VECTOR('',#14144,1.);
#14144 = DIRECTION('',(1.,0.,0.));
#14145 = ORIENTED_EDGE('',*,*,#14089,.F.);
#14146 = PLANE('',#14147);
#14147 = AXIS2_PLACEMENT_3D('',#14148,#14149,#14150);
#14148 = CARTESIAN_POINT('',(1.42875E+03,6.4008E+03,5.1816E+03));
#14149 = DIRECTION('',(0.,1.,0.));
#14150 = DIRECTION('',(0.,0.,1.));
#14151 = ADVANCED_FACE('',(#14152),#14158,.F.);
#14152 = FACE_BOUND('',#14153,.F.);
#14153 = EDGE_LOOP('',(#14154,#14155,#14156,#14157));
#14154 = ORIENTED_EDGE('',*,*,#14041,.F.);
#14155 = ORIENTED_EDGE('',*,*,#14111,.T.);
#14156 = ORIENTED_EDGE('',*,*,#14081,.T.);
#14157 = ORIENTED_EDGE('',*,*,#14133,.F.);
#14158 = PLANE('',#14159);
#14159 = AXIS2_PLACEMENT_3D('',#14160,#14161,#14162);
#14160 = CARTESIAN_POINT('',(1.42875E+03,6.2484E+03,5.1816E+03));
#14161 = DIRECTION('',(0.,0.,1.));
#14162 = DIRECTION('',(1.,0.,0.));
#14163 = ADVANCED_FACE('',(#14164),#14170,.T.);
#14164 = FACE_BOUND('',#14165,.T.);
#14165 = EDGE_LOOP('',(#14166,#14167,#14168,#14169));
#14166 = ORIENTED_EDGE('',*,*,#14057,.F.);
#14167 = ORIENTED_EDGE('',*,*,#14118,.T.);
#14168 = ORIENTED_EDGE('',*,*,#14097,.T.);
#14169 = ORIENTED_EDGE('',*,*,#14140,.F.);
#14170 = PLANE('',#14171);
#14171 = AXIS2_PLACEMENT_3D('',#14172,#14173,#14174);
#14172 = CARTESIAN_POINT('',(1.42875E+03,6.2484E+03,5.334E+03));
#14173 = DIRECTION('',(0.,0.,1.));
#14174 = DIRECTION('',(1.,0.,0.));
#14175 = MANIFOLD_SOLID_BREP('',#14176);
#14176 = CLOSED_SHELL('',(#14177,#14217,#14248,#14279,#14301,#14313));
#14177 = ADVANCED_FACE('',(#14178),#14212,.T.);
#14178 = FACE_BOUND('',#14179,.T.);
#14179 = EDGE_LOOP('',(#14180,#14190,#14198,#14206));
#14180 = ORIENTED_EDGE('',*,*,#14181,.T.);
#14181 = EDGE_CURVE('',#14182,#14184,#14186,.T.);
#14182 = VERTEX_POINT('',#14183);
#14183 = CARTESIAN_POINT('',(-812.8,6.2992E+03,2.9845E+03));
#14184 = VERTEX_POINT('',#14185);
#14185 = CARTESIAN_POINT('',(-812.8,6.35E+03,2.9845E+03));
#14186 = LINE('',#14187,#14188);
#14187 = CARTESIAN_POINT('',(-812.8,6.2992E+03,2.9845E+03));
#14188 = VECTOR('',#14189,1.);
#14189 = DIRECTION('',(0.,1.,0.));
#14190 = ORIENTED_EDGE('',*,*,#14191,.T.);
#14191 = EDGE_CURVE('',#14184,#14192,#14194,.T.);
#14192 = VERTEX_POINT('',#14193);
#14193 = CARTESIAN_POINT('',(-762.,6.35E+03,2.9845E+03));
#14194 = LINE('',#14195,#14196);
#14195 = CARTESIAN_POINT('',(-812.8,6.35E+03,2.9845E+03));
#14196 = VECTOR('',#14197,1.);
#14197 = DIRECTION('',(1.,0.,0.));
#14198 = ORIENTED_EDGE('',*,*,#14199,.F.);
#14199 = EDGE_CURVE('',#14200,#14192,#14202,.T.);
#14200 = VERTEX_POINT('',#14201);
#14201 = CARTESIAN_POINT('',(-762.,6.2992E+03,2.9845E+03));
#14202 = LINE('',#14203,#14204);
#14203 = CARTESIAN_POINT('',(-762.,6.2992E+03,2.9845E+03));
#14204 = VECTOR('',#14205,1.);
#14205 = DIRECTION('',(0.,1.,0.));
#14206 = ORIENTED_EDGE('',*,*,#14207,.F.);
#14207 = EDGE_CURVE('',#14182,#14200,#14208,.T.);
#14208 = LINE('',#14209,#14210);
#14209 = CARTESIAN_POINT('',(-812.8,6.2992E+03,2.9845E+03));
#14210 = VECTOR('',#14211,1.);
#14211 = DIRECTION('',(1.,0.,0.));
#14212 = PLANE('',#14213);
#14213 = AXIS2_PLACEMENT_3D('',#14214,#14215,#14216);
#14214 = CARTESIAN_POINT('',(-812.8,6.2992E+03,2.9845E+03));
#14215 = DIRECTION('',(0.,0.,-1.));
#14216 = DIRECTION('',(1.,0.,0.));
#14217 = ADVANCED_FACE('',(#14218),#14243,.T.);
#14218 = FACE_BOUND('',#14219,.T.);
#14219 = EDGE_LOOP('',(#14220,#14221,#14229,#14237));
#14220 = ORIENTED_EDGE('',*,*,#14199,.T.);
#14221 = ORIENTED_EDGE('',*,*,#14222,.T.);
#14222 = EDGE_CURVE('',#14192,#14223,#14225,.T.);
#14223 = VERTEX_POINT('',#14224);
#14224 = CARTESIAN_POINT('',(-762.,6.35E+03,5.691971010432E+03));
#14225 = LINE('',#14226,#14227);
#14226 = CARTESIAN_POINT('',(-762.,6.35E+03,2.9845E+03));
#14227 = VECTOR('',#14228,1.);
#14228 = DIRECTION('',(0.,0.,1.));
#14229 = ORIENTED_EDGE('',*,*,#14230,.F.);
#14230 = EDGE_CURVE('',#14231,#14223,#14233,.T.);
#14231 = VERTEX_POINT('',#14232);
#14232 = CARTESIAN_POINT('',(-762.,6.2992E+03,5.691971010432E+03));
#14233 = LINE('',#14234,#14235);
#14234 = CARTESIAN_POINT('',(-762.,6.2992E+03,5.691971010432E+03));
#14235 = VECTOR('',#14236,1.);
#14236 = DIRECTION('',(0.,1.,0.));
#14237 = ORIENTED_EDGE('',*,*,#14238,.F.);
#14238 = EDGE_CURVE('',#14200,#14231,#14239,.T.);
#14239 = LINE('',#14240,#14241);
#14240 = CARTESIAN_POINT('',(-762.,6.2992E+03,2.9845E+03));
#14241 = VECTOR('',#14242,1.);
#14242 = DIRECTION('',(0.,0.,1.));
#14243 = PLANE('',#14244);
#14244 = AXIS2_PLACEMENT_3D('',#14245,#14246,#14247);
#14245 = CARTESIAN_POINT('',(-762.,6.2992E+03,2.9845E+03));
#14246 = DIRECTION('',(1.,0.,0.));
#14247 = DIRECTION('',(0.,2.2E-16,1.));
#14248 = ADVANCED_FACE('',(#14249),#14274,.T.);
#14249 = FACE_BOUND('',#14250,.T.);
#14250 = EDGE_LOOP('',(#14251,#14252,#14260,#14268));
#14251 = ORIENTED_EDGE('',*,*,#14230,.T.);
#14252 = ORIENTED_EDGE('',*,*,#14253,.T.);
#14253 = EDGE_CURVE('',#14223,#14254,#14256,.T.);
#14254 = VERTEX_POINT('',#14255);
#14255 = CARTESIAN_POINT('',(-812.8,6.35E+03,5.691971010432E+03));
#14256 = LINE('',#14257,#14258);
#14257 = CARTESIAN_POINT('',(-762.,6.35E+03,5.691971010432E+03));
#14258 = VECTOR('',#14259,1.);
#14259 = DIRECTION('',(-1.,0.,0.));
#14260 = ORIENTED_EDGE('',*,*,#14261,.F.);
#14261 = EDGE_CURVE('',#14262,#14254,#14264,.T.);
#14262 = VERTEX_POINT('',#14263);
#14263 = CARTESIAN_POINT('',(-812.8,6.2992E+03,5.691971010432E+03));
#14264 = LINE('',#14265,#14266);
#14265 = CARTESIAN_POINT('',(-812.8,6.2992E+03,5.691971010432E+03));
#14266 = VECTOR('',#14267,1.);
#14267 = DIRECTION('',(0.,1.,0.));
#14268 = ORIENTED_EDGE('',*,*,#14269,.F.);
#14269 = EDGE_CURVE('',#14231,#14262,#14270,.T.);
#14270 = LINE('',#14271,#14272);
#14271 = CARTESIAN_POINT('',(-762.,6.2992E+03,5.691971010432E+03));
#14272 = VECTOR('',#14273,1.);
#14273 = DIRECTION('',(-1.,0.,0.));
#14274 = PLANE('',#14275);
#14275 = AXIS2_PLACEMENT_3D('',#14276,#14277,#14278);
#14276 = CARTESIAN_POINT('',(-762.,6.2992E+03,5.691971010432E+03));
#14277 = DIRECTION('',(0.,0.,1.));
#14278 = DIRECTION('',(-1.,0.,0.));
#14279 = ADVANCED_FACE('',(#14280),#14296,.T.);
#14280 = FACE_BOUND('',#14281,.T.);
#14281 = EDGE_LOOP('',(#14282,#14283,#14289,#14290));
#14282 = ORIENTED_EDGE('',*,*,#14261,.T.);
#14283 = ORIENTED_EDGE('',*,*,#14284,.T.);
#14284 = EDGE_CURVE('',#14254,#14184,#14285,.T.);
#14285 = LINE('',#14286,#14287);
#14286 = CARTESIAN_POINT('',(-812.8,6.35E+03,5.691971010432E+03));
#14287 = VECTOR('',#14288,1.);
#14288 = DIRECTION('',(0.,0.,-1.));
#14289 = ORIENTED_EDGE('',*,*,#14181,.F.);
#14290 = ORIENTED_EDGE('',*,*,#14291,.F.);
#14291 = EDGE_CURVE('',#14262,#14182,#14292,.T.);
#14292 = LINE('',#14293,#14294);
#14293 = CARTESIAN_POINT('',(-812.8,6.2992E+03,5.691971010432E+03));
#14294 = VECTOR('',#14295,1.);
#14295 = DIRECTION('',(0.,0.,-1.));
#14296 = PLANE('',#14297);
#14297 = AXIS2_PLACEMENT_3D('',#14298,#14299,#14300);
#14298 = CARTESIAN_POINT('',(-812.8,6.2992E+03,5.691971010432E+03));
#14299 = DIRECTION('',(-1.,0.,0.));
#14300 = DIRECTION('',(0.,-2.2E-16,-1.));
#14301 = ADVANCED_FACE('',(#14302),#14308,.F.);
#14302 = FACE_BOUND('',#14303,.T.);
#14303 = EDGE_LOOP('',(#14304,#14305,#14306,#14307));
#14304 = ORIENTED_EDGE('',*,*,#14207,.T.);
#14305 = ORIENTED_EDGE('',*,*,#14238,.T.);
#14306 = ORIENTED_EDGE('',*,*,#14269,.T.);
#14307 = ORIENTED_EDGE('',*,*,#14291,.T.);
#14308 = PLANE('',#14309);
#14309 = AXIS2_PLACEMENT_3D('',#14310,#14311,#14312);
#14310 = CARTESIAN_POINT('',(-787.4,6.2992E+03,4.338235505216E+03));
#14311 = DIRECTION('',(0.,1.,-3.4E-16));
#14312 = DIRECTION('',(0.,3.4E-16,1.));
#14313 = ADVANCED_FACE('',(#14314),#14320,.T.);
#14314 = FACE_BOUND('',#14315,.F.);
#14315 = EDGE_LOOP('',(#14316,#14317,#14318,#14319));
#14316 = ORIENTED_EDGE('',*,*,#14191,.T.);
#14317 = ORIENTED_EDGE('',*,*,#14222,.T.);
#14318 = ORIENTED_EDGE('',*,*,#14253,.T.);
#14319 = ORIENTED_EDGE('',*,*,#14284,.T.);
#14320 = PLANE('',#14321);
#14321 = AXIS2_PLACEMENT_3D('',#14322,#14323,#14324);
#14322 = CARTESIAN_POINT('',(-787.4,6.35E+03,4.338235505216E+03));
#14323 = DIRECTION('',(0.,1.,-3.4E-16));
#14324 = DIRECTION('',(0.,3.4E-16,1.));
#14325 = MANIFOLD_SOLID_BREP('',#14326);
#14326 = CLOSED_SHELL('',(#14327,#14367,#14398,#14429,#14451,#14463));
#14327 = ADVANCED_FACE('',(#14328),#14362,.T.);
#14328 = FACE_BOUND('',#14329,.T.);
#14329 = EDGE_LOOP('',(#14330,#14340,#14348,#14356));
#14330 = ORIENTED_EDGE('',*,*,#14331,.T.);
#14331 = EDGE_CURVE('',#14332,#14334,#14336,.T.);
#14332 = VERTEX_POINT('',#14333);
#14333 = CARTESIAN_POINT('',(-25.4,6.2992E+03,2.9845E+03));
#14334 = VERTEX_POINT('',#14335);
#14335 = CARTESIAN_POINT('',(-25.4,6.35E+03,2.9845E+03));
#14336 = LINE('',#14337,#14338);
#14337 = CARTESIAN_POINT('',(-25.4,6.2992E+03,2.9845E+03));
#14338 = VECTOR('',#14339,1.);
#14339 = DIRECTION('',(0.,1.,0.));
#14340 = ORIENTED_EDGE('',*,*,#14341,.T.);
#14341 = EDGE_CURVE('',#14334,#14342,#14344,.T.);
#14342 = VERTEX_POINT('',#14343);
#14343 = CARTESIAN_POINT('',(25.4,6.35E+03,2.9845E+03));
#14344 = LINE('',#14345,#14346);
#14345 = CARTESIAN_POINT('',(-25.4,6.35E+03,2.9845E+03));
#14346 = VECTOR('',#14347,1.);
#14347 = DIRECTION('',(1.,0.,0.));
#14348 = ORIENTED_EDGE('',*,*,#14349,.F.);
#14349 = EDGE_CURVE('',#14350,#14342,#14352,.T.);
#14350 = VERTEX_POINT('',#14351);
#14351 = CARTESIAN_POINT('',(25.4,6.2992E+03,2.9845E+03));
#14352 = LINE('',#14353,#14354);
#14353 = CARTESIAN_POINT('',(25.4,6.2992E+03,2.9845E+03));
#14354 = VECTOR('',#14355,1.);
#14355 = DIRECTION('',(0.,1.,0.));
#14356 = ORIENTED_EDGE('',*,*,#14357,.F.);
#14357 = EDGE_CURVE('',#14332,#14350,#14358,.T.);
#14358 = LINE('',#14359,#14360);
#14359 = CARTESIAN_POINT('',(-25.4,6.2992E+03,2.9845E+03));
#14360 = VECTOR('',#14361,1.);
#14361 = DIRECTION('',(1.,0.,0.));
#14362 = PLANE('',#14363);
#14363 = AXIS2_PLACEMENT_3D('',#14364,#14365,#14366);
#14364 = CARTESIAN_POINT('',(-25.4,6.2992E+03,2.9845E+03));
#14365 = DIRECTION('',(0.,0.,-1.));
#14366 = DIRECTION('',(1.,0.,0.));
#14367 = ADVANCED_FACE('',(#14368),#14393,.T.);
#14368 = FACE_BOUND('',#14369,.T.);
#14369 = EDGE_LOOP('',(#14370,#14371,#14379,#14387));
#14370 = ORIENTED_EDGE('',*,*,#14349,.T.);
#14371 = ORIENTED_EDGE('',*,*,#14372,.T.);
#14372 = EDGE_CURVE('',#14342,#14373,#14375,.T.);
#14373 = VERTEX_POINT('',#14374);
#14374 = CARTESIAN_POINT('',(25.4,6.35E+03,5.773907778688E+03));
#14375 = LINE('',#14376,#14377);
#14376 = CARTESIAN_POINT('',(25.4,6.35E+03,2.9845E+03));
#14377 = VECTOR('',#14378,1.);
#14378 = DIRECTION('',(0.,0.,1.));
#14379 = ORIENTED_EDGE('',*,*,#14380,.F.);
#14380 = EDGE_CURVE('',#14381,#14373,#14383,.T.);
#14381 = VERTEX_POINT('',#14382);
#14382 = CARTESIAN_POINT('',(25.4,6.2992E+03,5.773907778688E+03));
#14383 = LINE('',#14384,#14385);
#14384 = CARTESIAN_POINT('',(25.4,6.2992E+03,5.773907778688E+03));
#14385 = VECTOR('',#14386,1.);
#14386 = DIRECTION('',(0.,1.,0.));
#14387 = ORIENTED_EDGE('',*,*,#14388,.F.);
#14388 = EDGE_CURVE('',#14350,#14381,#14389,.T.);
#14389 = LINE('',#14390,#14391);
#14390 = CARTESIAN_POINT('',(25.4,6.2992E+03,2.9845E+03));
#14391 = VECTOR('',#14392,1.);
#14392 = DIRECTION('',(0.,0.,1.));
#14393 = PLANE('',#14394);
#14394 = AXIS2_PLACEMENT_3D('',#14395,#14396,#14397);
#14395 = CARTESIAN_POINT('',(25.4,6.2992E+03,2.9845E+03));
#14396 = DIRECTION('',(1.,0.,0.));
#14397 = DIRECTION('',(0.,2.2E-16,1.));
#14398 = ADVANCED_FACE('',(#14399),#14424,.T.);
#14399 = FACE_BOUND('',#14400,.T.);
#14400 = EDGE_LOOP('',(#14401,#14402,#14410,#14418));
#14401 = ORIENTED_EDGE('',*,*,#14380,.T.);
#14402 = ORIENTED_EDGE('',*,*,#14403,.T.);
#14403 = EDGE_CURVE('',#14373,#14404,#14406,.T.);
#14404 = VERTEX_POINT('',#14405);
#14405 = CARTESIAN_POINT('',(-25.4,6.35E+03,5.773907778688E+03));
#14406 = LINE('',#14407,#14408);
#14407 = CARTESIAN_POINT('',(25.4,6.35E+03,5.773907778688E+03));
#14408 = VECTOR('',#14409,1.);
#14409 = DIRECTION('',(-1.,0.,0.));
#14410 = ORIENTED_EDGE('',*,*,#14411,.F.);
#14411 = EDGE_CURVE('',#14412,#14404,#14414,.T.);
#14412 = VERTEX_POINT('',#14413);
#14413 = CARTESIAN_POINT('',(-25.4,6.2992E+03,5.773907778688E+03));
#14414 = LINE('',#14415,#14416);
#14415 = CARTESIAN_POINT('',(-25.4,6.2992E+03,5.773907778688E+03));
#14416 = VECTOR('',#14417,1.);
#14417 = DIRECTION('',(0.,1.,0.));
#14418 = ORIENTED_EDGE('',*,*,#14419,.F.);
#14419 = EDGE_CURVE('',#14381,#14412,#14420,.T.);
#14420 = LINE('',#14421,#14422);
#14421 = CARTESIAN_POINT('',(25.4,6.2992E+03,5.773907778688E+03));
#14422 = VECTOR('',#14423,1.);
#14423 = DIRECTION('',(-1.,0.,0.));
#14424 = PLANE('',#14425);
#14425 = AXIS2_PLACEMENT_3D('',#14426,#14427,#14428);
#14426 = CARTESIAN_POINT('',(25.4,6.2992E+03,5.773907778688E+03));
#14427 = DIRECTION('',(0.,0.,1.));
#14428 = DIRECTION('',(-1.,0.,0.));
#14429 = ADVANCED_FACE('',(#14430),#14446,.T.);
#14430 = FACE_BOUND('',#14431,.T.);
#14431 = EDGE_LOOP('',(#14432,#14433,#14439,#14440));
#14432 = ORIENTED_EDGE('',*,*,#14411,.T.);
#14433 = ORIENTED_EDGE('',*,*,#14434,.T.);
#14434 = EDGE_CURVE('',#14404,#14334,#14435,.T.);
#14435 = LINE('',#14436,#14437);
#14436 = CARTESIAN_POINT('',(-25.4,6.35E+03,5.773907778688E+03));
#14437 = VECTOR('',#14438,1.);
#14438 = DIRECTION('',(0.,0.,-1.));
#14439 = ORIENTED_EDGE('',*,*,#14331,.F.);
#14440 = ORIENTED_EDGE('',*,*,#14441,.F.);
#14441 = EDGE_CURVE('',#14412,#14332,#14442,.T.);
#14442 = LINE('',#14443,#14444);
#14443 = CARTESIAN_POINT('',(-25.4,6.2992E+03,5.773907778688E+03));
#14444 = VECTOR('',#14445,1.);
#14445 = DIRECTION('',(0.,0.,-1.));
#14446 = PLANE('',#14447);
#14447 = AXIS2_PLACEMENT_3D('',#14448,#14449,#14450);
#14448 = CARTESIAN_POINT('',(-25.4,6.2992E+03,5.773907778688E+03));
#14449 = DIRECTION('',(-1.,0.,0.));
#14450 = DIRECTION('',(0.,-2.2E-16,-1.));
#14451 = ADVANCED_FACE('',(#14452),#14458,.F.);
#14452 = FACE_BOUND('',#14453,.T.);
#14453 = EDGE_LOOP('',(#14454,#14455,#14456,#14457));
#14454 = ORIENTED_EDGE('',*,*,#14357,.T.);
#14455 = ORIENTED_EDGE('',*,*,#14388,.T.);
#14456 = ORIENTED_EDGE('',*,*,#14419,.T.);
#14457 = ORIENTED_EDGE('',*,*,#14441,.T.);
#14458 = PLANE('',#14459);
#14459 = AXIS2_PLACEMENT_3D('',#14460,#14461,#14462);
#14460 = CARTESIAN_POINT('',(0.,6.2992E+03,4.379203889344E+03));
#14461 = DIRECTION('',(0.,1.,-3.3E-16));
#14462 = DIRECTION('',(0.,3.3E-16,1.));
#14463 = ADVANCED_FACE('',(#14464),#14470,.T.);
#14464 = FACE_BOUND('',#14465,.F.);
#14465 = EDGE_LOOP('',(#14466,#14467,#14468,#14469));
#14466 = ORIENTED_EDGE('',*,*,#14341,.T.);
#14467 = ORIENTED_EDGE('',*,*,#14372,.T.);
#14468 = ORIENTED_EDGE('',*,*,#14403,.T.);
#14469 = ORIENTED_EDGE('',*,*,#14434,.T.);
#14470 = PLANE('',#14471);
#14471 = AXIS2_PLACEMENT_3D('',#14472,#14473,#14474);
#14472 = CARTESIAN_POINT('',(0.,6.35E+03,4.379203889344E+03));
#14473 = DIRECTION('',(0.,1.,-3.3E-16));
#14474 = DIRECTION('',(0.,3.3E-16,1.));
#14475 = MANIFOLD_SOLID_BREP('',#14476);
#14476 = CLOSED_SHELL('',(#14477,#14517,#14548,#14579,#14601,#14613));
#14477 = ADVANCED_FACE('',(#14478),#14512,.T.);
#14478 = FACE_BOUND('',#14479,.T.);
#14479 = EDGE_LOOP('',(#14480,#14490,#14498,#14506));
#14480 = ORIENTED_EDGE('',*,*,#14481,.T.);
#14481 = EDGE_CURVE('',#14482,#14484,#14486,.T.);
#14482 = VERTEX_POINT('',#14483);
#14483 = CARTESIAN_POINT('',(4.5466E+03,6.2992E+03,2.9845E+03));
#14484 = VERTEX_POINT('',#14485);
#14485 = CARTESIAN_POINT('',(4.5466E+03,6.35E+03,2.9845E+03));
#14486 = LINE('',#14487,#14488);
#14487 = CARTESIAN_POINT('',(4.5466E+03,6.2992E+03,2.9845E+03));
#14488 = VECTOR('',#14489,1.);
#14489 = DIRECTION('',(0.,1.,0.));
#14490 = ORIENTED_EDGE('',*,*,#14491,.T.);
#14491 = EDGE_CURVE('',#14484,#14492,#14494,.T.);
#14492 = VERTEX_POINT('',#14493);
#14493 = CARTESIAN_POINT('',(4.5974E+03,6.35E+03,2.9845E+03));
#14494 = LINE('',#14495,#14496);
#14495 = CARTESIAN_POINT('',(4.5466E+03,6.35E+03,2.9845E+03));
#14496 = VECTOR('',#14497,1.);
#14497 = DIRECTION('',(1.,0.,0.));
#14498 = ORIENTED_EDGE('',*,*,#14499,.F.);
#14499 = EDGE_CURVE('',#14500,#14492,#14502,.T.);
#14500 = VERTEX_POINT('',#14501);
#14501 = CARTESIAN_POINT('',(4.5974E+03,6.2992E+03,2.9845E+03));
#14502 = LINE('',#14503,#14504);
#14503 = CARTESIAN_POINT('',(4.5974E+03,6.2992E+03,2.9845E+03));
#14504 = VECTOR('',#14505,1.);
#14505 = DIRECTION('',(0.,1.,0.));
#14506 = ORIENTED_EDGE('',*,*,#14507,.F.);
#14507 = EDGE_CURVE('',#14482,#14500,#14508,.T.);
#14508 = LINE('',#14509,#14510);
#14509 = CARTESIAN_POINT('',(4.5466E+03,6.2992E+03,2.9845E+03));
#14510 = VECTOR('',#14511,1.);
#14511 = DIRECTION('',(1.,0.,0.));
#14512 = PLANE('',#14513);
#14513 = AXIS2_PLACEMENT_3D('',#14514,#14515,#14516);
#14514 = CARTESIAN_POINT('',(4.5466E+03,6.2992E+03,2.9845E+03));
#14515 = DIRECTION('',(0.,0.,-1.));
#14516 = DIRECTION('',(1.,0.,0.));
#14517 = ADVANCED_FACE('',(#14518),#14543,.T.);
#14518 = FACE_BOUND('',#14519,.T.);
#14519 = EDGE_LOOP('',(#14520,#14521,#14529,#14537));
#14520 = ORIENTED_EDGE('',*,*,#14499,.T.);
#14521 = ORIENTED_EDGE('',*,*,#14522,.T.);
#14522 = EDGE_CURVE('',#14492,#14523,#14525,.T.);
#14523 = VERTEX_POINT('',#14524);
#14524 = CARTESIAN_POINT('',(4.5974E+03,6.35E+03,5.773907778688E+03));
#14525 = LINE('',#14526,#14527);
#14526 = CARTESIAN_POINT('',(4.5974E+03,6.35E+03,2.9845E+03));
#14527 = VECTOR('',#14528,1.);
#14528 = DIRECTION('',(0.,0.,1.));
#14529 = ORIENTED_EDGE('',*,*,#14530,.F.);
#14530 = EDGE_CURVE('',#14531,#14523,#14533,.T.);
#14531 = VERTEX_POINT('',#14532);
#14532 = CARTESIAN_POINT('',(4.5974E+03,6.2992E+03,5.773907778688E+03));
#14533 = LINE('',#14534,#14535);
#14534 = CARTESIAN_POINT('',(4.5974E+03,6.2992E+03,5.773907778688E+03));
#14535 = VECTOR('',#14536,1.);
#14536 = DIRECTION('',(0.,1.,0.));
#14537 = ORIENTED_EDGE('',*,*,#14538,.F.);
#14538 = EDGE_CURVE('',#14500,#14531,#14539,.T.);
#14539 = LINE('',#14540,#14541);
#14540 = CARTESIAN_POINT('',(4.5974E+03,6.2992E+03,2.9845E+03));
#14541 = VECTOR('',#14542,1.);
#14542 = DIRECTION('',(0.,0.,1.));
#14543 = PLANE('',#14544);
#14544 = AXIS2_PLACEMENT_3D('',#14545,#14546,#14547);
#14545 = CARTESIAN_POINT('',(4.5974E+03,6.2992E+03,2.9845E+03));
#14546 = DIRECTION('',(1.,0.,0.));
#14547 = DIRECTION('',(0.,2.2E-16,1.));
#14548 = ADVANCED_FACE('',(#14549),#14574,.T.);
#14549 = FACE_BOUND('',#14550,.T.);
#14550 = EDGE_LOOP('',(#14551,#14552,#14560,#14568));
#14551 = ORIENTED_EDGE('',*,*,#14530,.T.);
#14552 = ORIENTED_EDGE('',*,*,#14553,.T.);
#14553 = EDGE_CURVE('',#14523,#14554,#14556,.T.);
#14554 = VERTEX_POINT('',#14555);
#14555 = CARTESIAN_POINT('',(4.5466E+03,6.35E+03,5.773907778688E+03));
#14556 = LINE('',#14557,#14558);
#14557 = CARTESIAN_POINT('',(4.5974E+03,6.35E+03,5.773907778688E+03));
#14558 = VECTOR('',#14559,1.);
#14559 = DIRECTION('',(-1.,0.,0.));
#14560 = ORIENTED_EDGE('',*,*,#14561,.F.);
#14561 = EDGE_CURVE('',#14562,#14554,#14564,.T.);
#14562 = VERTEX_POINT('',#14563);
#14563 = CARTESIAN_POINT('',(4.5466E+03,6.2992E+03,5.773907778688E+03));
#14564 = LINE('',#14565,#14566);
#14565 = CARTESIAN_POINT('',(4.5466E+03,6.2992E+03,5.773907778688E+03));
#14566 = VECTOR('',#14567,1.);
#14567 = DIRECTION('',(0.,1.,0.));
#14568 = ORIENTED_EDGE('',*,*,#14569,.F.);
#14569 = EDGE_CURVE('',#14531,#14562,#14570,.T.);
#14570 = LINE('',#14571,#14572);
#14571 = CARTESIAN_POINT('',(4.5974E+03,6.2992E+03,5.773907778688E+03));
#14572 = VECTOR('',#14573,1.);
#14573 = DIRECTION('',(-1.,0.,0.));
#14574 = PLANE('',#14575);
#14575 = AXIS2_PLACEMENT_3D('',#14576,#14577,#14578);
#14576 = CARTESIAN_POINT('',(4.5974E+03,6.2992E+03,5.773907778688E+03));
#14577 = DIRECTION('',(0.,0.,1.));
#14578 = DIRECTION('',(-1.,0.,0.));
#14579 = ADVANCED_FACE('',(#14580),#14596,.T.);
#14580 = FACE_BOUND('',#14581,.T.);
#14581 = EDGE_LOOP('',(#14582,#14583,#14589,#14590));
#14582 = ORIENTED_EDGE('',*,*,#14561,.T.);
#14583 = ORIENTED_EDGE('',*,*,#14584,.T.);
#14584 = EDGE_CURVE('',#14554,#14484,#14585,.T.);
#14585 = LINE('',#14586,#14587);
#14586 = CARTESIAN_POINT('',(4.5466E+03,6.35E+03,5.773907778688E+03));
#14587 = VECTOR('',#14588,1.);
#14588 = DIRECTION('',(0.,0.,-1.));
#14589 = ORIENTED_EDGE('',*,*,#14481,.F.);
#14590 = ORIENTED_EDGE('',*,*,#14591,.F.);
#14591 = EDGE_CURVE('',#14562,#14482,#14592,.T.);
#14592 = LINE('',#14593,#14594);
#14593 = CARTESIAN_POINT('',(4.5466E+03,6.2992E+03,5.773907778688E+03));
#14594 = VECTOR('',#14595,1.);
#14595 = DIRECTION('',(0.,0.,-1.));
#14596 = PLANE('',#14597);
#14597 = AXIS2_PLACEMENT_3D('',#14598,#14599,#14600);
#14598 = CARTESIAN_POINT('',(4.5466E+03,6.2992E+03,5.773907778688E+03));
#14599 = DIRECTION('',(-1.,0.,0.));
#14600 = DIRECTION('',(0.,-2.2E-16,-1.));
#14601 = ADVANCED_FACE('',(#14602),#14608,.F.);
#14602 = FACE_BOUND('',#14603,.T.);
#14603 = EDGE_LOOP('',(#14604,#14605,#14606,#14607));
#14604 = ORIENTED_EDGE('',*,*,#14507,.T.);
#14605 = ORIENTED_EDGE('',*,*,#14538,.T.);
#14606 = ORIENTED_EDGE('',*,*,#14569,.T.);
#14607 = ORIENTED_EDGE('',*,*,#14591,.T.);
#14608 = PLANE('',#14609);
#14609 = AXIS2_PLACEMENT_3D('',#14610,#14611,#14612);
#14610 = CARTESIAN_POINT('',(4.572E+03,6.2992E+03,4.379203889344E+03));
#14611 = DIRECTION('',(0.,1.,-3.3E-16));
#14612 = DIRECTION('',(0.,3.3E-16,1.));
#14613 = ADVANCED_FACE('',(#14614),#14620,.T.);
#14614 = FACE_BOUND('',#14615,.F.);
#14615 = EDGE_LOOP('',(#14616,#14617,#14618,#14619));
#14616 = ORIENTED_EDGE('',*,*,#14491,.T.);
#14617 = ORIENTED_EDGE('',*,*,#14522,.T.);
#14618 = ORIENTED_EDGE('',*,*,#14553,.T.);
#14619 = ORIENTED_EDGE('',*,*,#14584,.T.);
#14620 = PLANE('',#14621);
#14621 = AXIS2_PLACEMENT_3D('',#14622,#14623,#14624);
#14622 = CARTESIAN_POINT('',(4.572E+03,6.35E+03,4.379203889344E+03));
#14623 = DIRECTION('',(0.,1.,-3.3E-16));
#14624 = DIRECTION('',(0.,3.3E-16,1.));
#14625 = MANIFOLD_SOLID_BREP('',#14626);
#14626 = CLOSED_SHELL('',(#14627,#14667,#14698,#14729,#14751,#14763));
#14627 = ADVANCED_FACE('',(#14628),#14662,.T.);
#14628 = FACE_BOUND('',#14629,.T.);
#14629 = EDGE_LOOP('',(#14630,#14640,#14648,#14656));
#14630 = ORIENTED_EDGE('',*,*,#14631,.T.);
#14631 = EDGE_CURVE('',#14632,#14634,#14636,.T.);
#14632 = VERTEX_POINT('',#14633);
#14633 = CARTESIAN_POINT('',(5.67055E+03,6.2992E+03,2.9845E+03));
#14634 = VERTEX_POINT('',#14635);
#14635 = CARTESIAN_POINT('',(5.67055E+03,6.35E+03,2.9845E+03));
#14636 = LINE('',#14637,#14638);
#14637 = CARTESIAN_POINT('',(5.67055E+03,6.2992E+03,2.9845E+03));
#14638 = VECTOR('',#14639,1.);
#14639 = DIRECTION('',(0.,1.,0.));
#14640 = ORIENTED_EDGE('',*,*,#14641,.T.);
#14641 = EDGE_CURVE('',#14634,#14642,#14644,.T.);
#14642 = VERTEX_POINT('',#14643);
#14643 = CARTESIAN_POINT('',(5.72135E+03,6.35E+03,2.9845E+03));
#14644 = LINE('',#14645,#14646);
#14645 = CARTESIAN_POINT('',(5.67055E+03,6.35E+03,2.9845E+03));
#14646 = VECTOR('',#14647,1.);
#14647 = DIRECTION('',(1.,0.,0.));
#14648 = ORIENTED_EDGE('',*,*,#14649,.F.);
#14649 = EDGE_CURVE('',#14650,#14642,#14652,.T.);
#14650 = VERTEX_POINT('',#14651);
#14651 = CARTESIAN_POINT('',(5.72135E+03,6.2992E+03,2.9845E+03));
#14652 = LINE('',#14653,#14654);
#14653 = CARTESIAN_POINT('',(5.72135E+03,6.2992E+03,2.9845E+03));
#14654 = VECTOR('',#14655,1.);
#14655 = DIRECTION('',(0.,1.,0.));
#14656 = ORIENTED_EDGE('',*,*,#14657,.F.);
#14657 = EDGE_CURVE('',#14632,#14650,#14658,.T.);
#14658 = LINE('',#14659,#14660);
#14659 = CARTESIAN_POINT('',(5.67055E+03,6.2992E+03,2.9845E+03));
#14660 = VECTOR('',#14661,1.);
#14661 = DIRECTION('',(1.,0.,0.));
#14662 = PLANE('',#14663);
#14663 = AXIS2_PLACEMENT_3D('',#14664,#14665,#14666);
#14664 = CARTESIAN_POINT('',(5.67055E+03,6.2992E+03,2.9845E+03));
#14665 = DIRECTION('',(0.,0.,-1.));
#14666 = DIRECTION('',(1.,0.,0.));
#14667 = ADVANCED_FACE('',(#14668),#14693,.T.);
#14668 = FACE_BOUND('',#14669,.T.);
#14669 = EDGE_LOOP('',(#14670,#14671,#14679,#14687));
#14670 = ORIENTED_EDGE('',*,*,#14649,.T.);
#14671 = ORIENTED_EDGE('',*,*,#14672,.T.);
#14672 = EDGE_CURVE('',#14642,#14673,#14675,.T.);
#14673 = VERTEX_POINT('',#14674);
#14674 = CARTESIAN_POINT('',(5.72135E+03,6.35E+03,5.773907778688E+03));
#14675 = LINE('',#14676,#14677);
#14676 = CARTESIAN_POINT('',(5.72135E+03,6.35E+03,2.9845E+03));
#14677 = VECTOR('',#14678,1.);
#14678 = DIRECTION('',(0.,0.,1.));
#14679 = ORIENTED_EDGE('',*,*,#14680,.F.);
#14680 = EDGE_CURVE('',#14681,#14673,#14683,.T.);
#14681 = VERTEX_POINT('',#14682);
#14682 = CARTESIAN_POINT('',(5.72135E+03,6.2992E+03,5.773907778688E+03)
  );
#14683 = LINE('',#14684,#14685);
#14684 = CARTESIAN_POINT('',(5.72135E+03,6.2992E+03,5.773907778688E+03)
  );
#14685 = VECTOR('',#14686,1.);
#14686 = DIRECTION('',(0.,1.,0.));
#14687 = ORIENTED_EDGE('',*,*,#14688,.F.);
#14688 = EDGE_CURVE('',#14650,#14681,#14689,.T.);
#14689 = LINE('',#14690,#14691);
#14690 = CARTESIAN_POINT('',(5.72135E+03,6.2992E+03,2.9845E+03));
#14691 = VECTOR('',#14692,1.);
#14692 = DIRECTION('',(0.,0.,1.));
#14693 = PLANE('',#14694);
#14694 = AXIS2_PLACEMENT_3D('',#14695,#14696,#14697);
#14695 = CARTESIAN_POINT('',(5.72135E+03,6.2992E+03,2.9845E+03));
#14696 = DIRECTION('',(1.,0.,0.));
#14697 = DIRECTION('',(0.,2.2E-16,1.));
#14698 = ADVANCED_FACE('',(#14699),#14724,.T.);
#14699 = FACE_BOUND('',#14700,.T.);
#14700 = EDGE_LOOP('',(#14701,#14702,#14710,#14718));
#14701 = ORIENTED_EDGE('',*,*,#14680,.T.);
#14702 = ORIENTED_EDGE('',*,*,#14703,.T.);
#14703 = EDGE_CURVE('',#14673,#14704,#14706,.T.);
#14704 = VERTEX_POINT('',#14705);
#14705 = CARTESIAN_POINT('',(5.67055E+03,6.35E+03,5.773907778688E+03));
#14706 = LINE('',#14707,#14708);
#14707 = CARTESIAN_POINT('',(5.72135E+03,6.35E+03,5.773907778688E+03));
#14708 = VECTOR('',#14709,1.);
#14709 = DIRECTION('',(-1.,0.,0.));
#14710 = ORIENTED_EDGE('',*,*,#14711,.F.);
#14711 = EDGE_CURVE('',#14712,#14704,#14714,.T.);
#14712 = VERTEX_POINT('',#14713);
#14713 = CARTESIAN_POINT('',(5.67055E+03,6.2992E+03,5.773907778688E+03)
  );
#14714 = LINE('',#14715,#14716);
#14715 = CARTESIAN_POINT('',(5.67055E+03,6.2992E+03,5.773907778688E+03)
  );
#14716 = VECTOR('',#14717,1.);
#14717 = DIRECTION('',(0.,1.,0.));
#14718 = ORIENTED_EDGE('',*,*,#14719,.F.);
#14719 = EDGE_CURVE('',#14681,#14712,#14720,.T.);
#14720 = LINE('',#14721,#14722);
#14721 = CARTESIAN_POINT('',(5.72135E+03,6.2992E+03,5.773907778688E+03)
  );
#14722 = VECTOR('',#14723,1.);
#14723 = DIRECTION('',(-1.,0.,0.));
#14724 = PLANE('',#14725);
#14725 = AXIS2_PLACEMENT_3D('',#14726,#14727,#14728);
#14726 = CARTESIAN_POINT('',(5.72135E+03,6.2992E+03,5.773907778688E+03)
  );
#14727 = DIRECTION('',(0.,0.,1.));
#14728 = DIRECTION('',(-1.,0.,0.));
#14729 = ADVANCED_FACE('',(#14730),#14746,.T.);
#14730 = FACE_BOUND('',#14731,.T.);
#14731 = EDGE_LOOP('',(#14732,#14733,#14739,#14740));
#14732 = ORIENTED_EDGE('',*,*,#14711,.T.);
#14733 = ORIENTED_EDGE('',*,*,#14734,.T.);
#14734 = EDGE_CURVE('',#14704,#14634,#14735,.T.);
#14735 = LINE('',#14736,#14737);
#14736 = CARTESIAN_POINT('',(5.67055E+03,6.35E+03,5.773907778688E+03));
#14737 = VECTOR('',#14738,1.);
#14738 = DIRECTION('',(0.,0.,-1.));
#14739 = ORIENTED_EDGE('',*,*,#14631,.F.);
#14740 = ORIENTED_EDGE('',*,*,#14741,.F.);
#14741 = EDGE_CURVE('',#14712,#14632,#14742,.T.);
#14742 = LINE('',#14743,#14744);
#14743 = CARTESIAN_POINT('',(5.67055E+03,6.2992E+03,5.773907778688E+03)
  );
#14744 = VECTOR('',#14745,1.);
#14745 = DIRECTION('',(0.,0.,-1.));
#14746 = PLANE('',#14747);
#14747 = AXIS2_PLACEMENT_3D('',#14748,#14749,#14750);
#14748 = CARTESIAN_POINT('',(5.67055E+03,6.2992E+03,5.773907778688E+03)
  );
#14749 = DIRECTION('',(-1.,0.,0.));
#14750 = DIRECTION('',(0.,-2.2E-16,-1.));
#14751 = ADVANCED_FACE('',(#14752),#14758,.F.);
#14752 = FACE_BOUND('',#14753,.T.);
#14753 = EDGE_LOOP('',(#14754,#14755,#14756,#14757));
#14754 = ORIENTED_EDGE('',*,*,#14657,.T.);
#14755 = ORIENTED_EDGE('',*,*,#14688,.T.);
#14756 = ORIENTED_EDGE('',*,*,#14719,.T.);
#14757 = ORIENTED_EDGE('',*,*,#14741,.T.);
#14758 = PLANE('',#14759);
#14759 = AXIS2_PLACEMENT_3D('',#14760,#14761,#14762);
#14760 = CARTESIAN_POINT('',(5.69595E+03,6.2992E+03,4.379203889344E+03)
  );
#14761 = DIRECTION('',(0.,1.,-3.3E-16));
#14762 = DIRECTION('',(0.,3.3E-16,1.));
#14763 = ADVANCED_FACE('',(#14764),#14770,.T.);
#14764 = FACE_BOUND('',#14765,.F.);
#14765 = EDGE_LOOP('',(#14766,#14767,#14768,#14769));
#14766 = ORIENTED_EDGE('',*,*,#14641,.T.);
#14767 = ORIENTED_EDGE('',*,*,#14672,.T.);
#14768 = ORIENTED_EDGE('',*,*,#14703,.T.);
#14769 = ORIENTED_EDGE('',*,*,#14734,.T.);
#14770 = PLANE('',#14771);
#14771 = AXIS2_PLACEMENT_3D('',#14772,#14773,#14774);
#14772 = CARTESIAN_POINT('',(5.69595E+03,6.35E+03,4.379203889344E+03));
#14773 = DIRECTION('',(0.,1.,-3.3E-16));
#14774 = DIRECTION('',(0.,3.3E-16,1.));
#14775 = MANIFOLD_SOLID_BREP('',#14776);
#14776 = CLOSED_SHELL('',(#14777,#14817,#14848,#14879,#14901,#14913));
#14777 = ADVANCED_FACE('',(#14778),#14812,.T.);
#14778 = FACE_BOUND('',#14779,.T.);
#14779 = EDGE_LOOP('',(#14780,#14790,#14798,#14806));
#14780 = ORIENTED_EDGE('',*,*,#14781,.T.);
#14781 = EDGE_CURVE('',#14782,#14784,#14786,.T.);
#14782 = VERTEX_POINT('',#14783);
#14783 = CARTESIAN_POINT('',(6.2865E+03,6.2992E+03,2.9845E+03));
#14784 = VERTEX_POINT('',#14785);
#14785 = CARTESIAN_POINT('',(6.2865E+03,6.35E+03,2.9845E+03));
#14786 = LINE('',#14787,#14788);
#14787 = CARTESIAN_POINT('',(6.2865E+03,6.2992E+03,2.9845E+03));
#14788 = VECTOR('',#14789,1.);
#14789 = DIRECTION('',(0.,1.,0.));
#14790 = ORIENTED_EDGE('',*,*,#14791,.T.);
#14791 = EDGE_CURVE('',#14784,#14792,#14794,.T.);
#14792 = VERTEX_POINT('',#14793);
#14793 = CARTESIAN_POINT('',(6.3373E+03,6.35E+03,2.9845E+03));
#14794 = LINE('',#14795,#14796);
#14795 = CARTESIAN_POINT('',(6.2865E+03,6.35E+03,2.9845E+03));
#14796 = VECTOR('',#14797,1.);
#14797 = DIRECTION('',(1.,0.,0.));
#14798 = ORIENTED_EDGE('',*,*,#14799,.F.);
#14799 = EDGE_CURVE('',#14800,#14792,#14802,.T.);
#14800 = VERTEX_POINT('',#14801);
#14801 = CARTESIAN_POINT('',(6.3373E+03,6.2992E+03,2.9845E+03));
#14802 = LINE('',#14803,#14804);
#14803 = CARTESIAN_POINT('',(6.3373E+03,6.2992E+03,2.9845E+03));
#14804 = VECTOR('',#14805,1.);
#14805 = DIRECTION('',(0.,1.,0.));
#14806 = ORIENTED_EDGE('',*,*,#14807,.F.);
#14807 = EDGE_CURVE('',#14782,#14800,#14808,.T.);
#14808 = LINE('',#14809,#14810);
#14809 = CARTESIAN_POINT('',(6.2865E+03,6.2992E+03,2.9845E+03));
#14810 = VECTOR('',#14811,1.);
#14811 = DIRECTION('',(1.,0.,0.));
#14812 = PLANE('',#14813);
#14813 = AXIS2_PLACEMENT_3D('',#14814,#14815,#14816);
#14814 = CARTESIAN_POINT('',(6.2865E+03,6.2992E+03,2.9845E+03));
#14815 = DIRECTION('',(0.,0.,-1.));
#14816 = DIRECTION('',(1.,0.,0.));
#14817 = ADVANCED_FACE('',(#14818),#14843,.T.);
#14818 = FACE_BOUND('',#14819,.T.);
#14819 = EDGE_LOOP('',(#14820,#14821,#14829,#14837));
#14820 = ORIENTED_EDGE('',*,*,#14799,.T.);
#14821 = ORIENTED_EDGE('',*,*,#14822,.T.);
#14822 = EDGE_CURVE('',#14792,#14823,#14825,.T.);
#14823 = VERTEX_POINT('',#14824);
#14824 = CARTESIAN_POINT('',(6.3373E+03,6.35E+03,5.691971010432E+03));
#14825 = LINE('',#14826,#14827);
#14826 = CARTESIAN_POINT('',(6.3373E+03,6.35E+03,2.9845E+03));
#14827 = VECTOR('',#14828,1.);
#14828 = DIRECTION('',(0.,0.,1.));
#14829 = ORIENTED_EDGE('',*,*,#14830,.F.);
#14830 = EDGE_CURVE('',#14831,#14823,#14833,.T.);
#14831 = VERTEX_POINT('',#14832);
#14832 = CARTESIAN_POINT('',(6.3373E+03,6.2992E+03,5.691971010432E+03));
#14833 = LINE('',#14834,#14835);
#14834 = CARTESIAN_POINT('',(6.3373E+03,6.2992E+03,5.691971010432E+03));
#14835 = VECTOR('',#14836,1.);
#14836 = DIRECTION('',(0.,1.,0.));
#14837 = ORIENTED_EDGE('',*,*,#14838,.F.);
#14838 = EDGE_CURVE('',#14800,#14831,#14839,.T.);
#14839 = LINE('',#14840,#14841);
#14840 = CARTESIAN_POINT('',(6.3373E+03,6.2992E+03,2.9845E+03));
#14841 = VECTOR('',#14842,1.);
#14842 = DIRECTION('',(0.,0.,1.));
#14843 = PLANE('',#14844);
#14844 = AXIS2_PLACEMENT_3D('',#14845,#14846,#14847);
#14845 = CARTESIAN_POINT('',(6.3373E+03,6.2992E+03,2.9845E+03));
#14846 = DIRECTION('',(1.,0.,0.));
#14847 = DIRECTION('',(0.,2.2E-16,1.));
#14848 = ADVANCED_FACE('',(#14849),#14874,.T.);
#14849 = FACE_BOUND('',#14850,.T.);
#14850 = EDGE_LOOP('',(#14851,#14852,#14860,#14868));
#14851 = ORIENTED_EDGE('',*,*,#14830,.T.);
#14852 = ORIENTED_EDGE('',*,*,#14853,.T.);
#14853 = EDGE_CURVE('',#14823,#14854,#14856,.T.);
#14854 = VERTEX_POINT('',#14855);
#14855 = CARTESIAN_POINT('',(6.2865E+03,6.35E+03,5.691971010432E+03));
#14856 = LINE('',#14857,#14858);
#14857 = CARTESIAN_POINT('',(6.3373E+03,6.35E+03,5.691971010432E+03));
#14858 = VECTOR('',#14859,1.);
#14859 = DIRECTION('',(-1.,0.,0.));
#14860 = ORIENTED_EDGE('',*,*,#14861,.F.);
#14861 = EDGE_CURVE('',#14862,#14854,#14864,.T.);
#14862 = VERTEX_POINT('',#14863);
#14863 = CARTESIAN_POINT('',(6.2865E+03,6.2992E+03,5.691971010432E+03));
#14864 = LINE('',#14865,#14866);
#14865 = CARTESIAN_POINT('',(6.2865E+03,6.2992E+03,5.691971010432E+03));
#14866 = VECTOR('',#14867,1.);
#14867 = DIRECTION('',(0.,1.,0.));
#14868 = ORIENTED_EDGE('',*,*,#14869,.F.);
#14869 = EDGE_CURVE('',#14831,#14862,#14870,.T.);
#14870 = LINE('',#14871,#14872);
#14871 = CARTESIAN_POINT('',(6.3373E+03,6.2992E+03,5.691971010432E+03));
#14872 = VECTOR('',#14873,1.);
#14873 = DIRECTION('',(-1.,0.,0.));
#14874 = PLANE('',#14875);
#14875 = AXIS2_PLACEMENT_3D('',#14876,#14877,#14878);
#14876 = CARTESIAN_POINT('',(6.3373E+03,6.2992E+03,5.691971010432E+03));
#14877 = DIRECTION('',(0.,0.,1.));
#14878 = DIRECTION('',(-1.,0.,0.));
#14879 = ADVANCED_FACE('',(#14880),#14896,.T.);
#14880 = FACE_BOUND('',#14881,.T.);
#14881 = EDGE_LOOP('',(#14882,#14883,#14889,#14890));
#14882 = ORIENTED_EDGE('',*,*,#14861,.T.);
#14883 = ORIENTED_EDGE('',*,*,#14884,.T.);
#14884 = EDGE_CURVE('',#14854,#14784,#14885,.T.);
#14885 = LINE('',#14886,#14887);
#14886 = CARTESIAN_POINT('',(6.2865E+03,6.35E+03,5.691971010432E+03));
#14887 = VECTOR('',#14888,1.);
#14888 = DIRECTION('',(0.,0.,-1.));
#14889 = ORIENTED_EDGE('',*,*,#14781,.F.);
#14890 = ORIENTED_EDGE('',*,*,#14891,.F.);
#14891 = EDGE_CURVE('',#14862,#14782,#14892,.T.);
#14892 = LINE('',#14893,#14894);
#14893 = CARTESIAN_POINT('',(6.2865E+03,6.2992E+03,5.691971010432E+03));
#14894 = VECTOR('',#14895,1.);
#14895 = DIRECTION('',(0.,0.,-1.));
#14896 = PLANE('',#14897);
#14897 = AXIS2_PLACEMENT_3D('',#14898,#14899,#14900);
#14898 = CARTESIAN_POINT('',(6.2865E+03,6.2992E+03,5.691971010432E+03));
#14899 = DIRECTION('',(-1.,0.,0.));
#14900 = DIRECTION('',(0.,-2.2E-16,-1.));
#14901 = ADVANCED_FACE('',(#14902),#14908,.F.);
#14902 = FACE_BOUND('',#14903,.T.);
#14903 = EDGE_LOOP('',(#14904,#14905,#14906,#14907));
#14904 = ORIENTED_EDGE('',*,*,#14807,.T.);
#14905 = ORIENTED_EDGE('',*,*,#14838,.T.);
#14906 = ORIENTED_EDGE('',*,*,#14869,.T.);
#14907 = ORIENTED_EDGE('',*,*,#14891,.T.);
#14908 = PLANE('',#14909);
#14909 = AXIS2_PLACEMENT_3D('',#14910,#14911,#14912);
#14910 = CARTESIAN_POINT('',(6.3119E+03,6.2992E+03,4.338235505216E+03));
#14911 = DIRECTION('',(0.,1.,-3.4E-16));
#14912 = DIRECTION('',(0.,3.4E-16,1.));
#14913 = ADVANCED_FACE('',(#14914),#14920,.T.);
#14914 = FACE_BOUND('',#14915,.F.);
#14915 = EDGE_LOOP('',(#14916,#14917,#14918,#14919));
#14916 = ORIENTED_EDGE('',*,*,#14791,.T.);
#14917 = ORIENTED_EDGE('',*,*,#14822,.T.);
#14918 = ORIENTED_EDGE('',*,*,#14853,.T.);
#14919 = ORIENTED_EDGE('',*,*,#14884,.T.);
#14920 = PLANE('',#14921);
#14921 = AXIS2_PLACEMENT_3D('',#14922,#14923,#14924);
#14922 = CARTESIAN_POINT('',(6.3119E+03,6.35E+03,4.338235505216E+03));
#14923 = DIRECTION('',(0.,1.,-3.4E-16));
#14924 = DIRECTION('',(0.,3.4E-16,1.));
#14925 = MANIFOLD_SOLID_BREP('',#14926);
#14926 = CLOSED_SHELL('',(#14927,#14967,#14998,#15029,#15051,#15063));
#14927 = ADVANCED_FACE('',(#14928),#14962,.T.);
#14928 = FACE_BOUND('',#14929,.T.);
#14929 = EDGE_LOOP('',(#14930,#14940,#14948,#14956));
#14930 = ORIENTED_EDGE('',*,*,#14931,.T.);
#14931 = EDGE_CURVE('',#14932,#14934,#14936,.T.);
#14932 = VERTEX_POINT('',#14933);
#14933 = CARTESIAN_POINT('',(-811.9146628031,6.2992E+03,
    2.927647654297E+03));
#14934 = VERTEX_POINT('',#14935);
#14935 = CARTESIAN_POINT('',(-811.9146628031,6.35E+03,2.927647654297E+03
    ));
#14936 = LINE('',#14937,#14938);
#14937 = CARTESIAN_POINT('',(-811.9146628031,6.2992E+03,
    2.927647654297E+03));
#14938 = VECTOR('',#14939,1.);
#14939 = DIRECTION('',(0.,1.,0.));
#14940 = ORIENTED_EDGE('',*,*,#14941,.T.);
#14941 = EDGE_CURVE('',#14934,#14942,#14944,.T.);
#14942 = VERTEX_POINT('',#14943);
#14943 = CARTESIAN_POINT('',(-762.8853371968,6.35E+03,2.914352345703E+03
    ));
#14944 = LINE('',#14945,#14946);
#14945 = CARTESIAN_POINT('',(-811.9146628031,6.35E+03,2.927647654297E+03
    ));
#14946 = VECTOR('',#14947,1.);
#14947 = DIRECTION('',(0.965144204849,0.,-0.261718673096));
#14948 = ORIENTED_EDGE('',*,*,#14949,.F.);
#14949 = EDGE_CURVE('',#14950,#14942,#14952,.T.);
#14950 = VERTEX_POINT('',#14951);
#14951 = CARTESIAN_POINT('',(-762.8853371968,6.2992E+03,
    2.914352345703E+03));
#14952 = LINE('',#14953,#14954);
#14953 = CARTESIAN_POINT('',(-762.8853371968,6.2992E+03,
    2.914352345703E+03));
#14954 = VECTOR('',#14955,1.);
#14955 = DIRECTION('',(0.,1.,0.));
#14956 = ORIENTED_EDGE('',*,*,#14957,.F.);
#14957 = EDGE_CURVE('',#14932,#14950,#14958,.T.);
#14958 = LINE('',#14959,#14960);
#14959 = CARTESIAN_POINT('',(-811.9146628031,6.2992E+03,
    2.927647654297E+03));
#14960 = VECTOR('',#14961,1.);
#14961 = DIRECTION('',(0.965144204849,0.,-0.261718673096));
#14962 = PLANE('',#14963);
#14963 = AXIS2_PLACEMENT_3D('',#14964,#14965,#14966);
#14964 = CARTESIAN_POINT('',(-811.9146628031,6.2992E+03,
    2.927647654297E+03));
#14965 = DIRECTION('',(-0.261718673096,0.,-0.965144204849));
#14966 = DIRECTION('',(0.965144204849,0.,-0.261718673096));
#14967 = ADVANCED_FACE('',(#14968),#14993,.T.);
#14968 = FACE_BOUND('',#14969,.T.);
#14969 = EDGE_LOOP('',(#14970,#14971,#14979,#14987));
#14970 = ORIENTED_EDGE('',*,*,#14949,.T.);
#14971 = ORIENTED_EDGE('',*,*,#14972,.T.);
#14972 = EDGE_CURVE('',#14942,#14973,#14975,.T.);
#14973 = VERTEX_POINT('',#14974);
#14974 = CARTESIAN_POINT('',(24.514662803153,6.35E+03,5.818060124391E+03
    ));
#14975 = LINE('',#14976,#14977);
#14976 = CARTESIAN_POINT('',(-762.8853371968,6.35E+03,2.914352345703E+03
    ));
#14977 = VECTOR('',#14978,1.);
#14978 = DIRECTION('',(0.261718673096,0.,0.965144204849));
#14979 = ORIENTED_EDGE('',*,*,#14980,.F.);
#14980 = EDGE_CURVE('',#14981,#14973,#14983,.T.);
#14981 = VERTEX_POINT('',#14982);
#14982 = CARTESIAN_POINT('',(24.514662803153,6.2992E+03,
    5.818060124391E+03));
#14983 = LINE('',#14984,#14985);
#14984 = CARTESIAN_POINT('',(24.514662803153,6.2992E+03,
    5.818060124391E+03));
#14985 = VECTOR('',#14986,1.);
#14986 = DIRECTION('',(0.,1.,0.));
#14987 = ORIENTED_EDGE('',*,*,#14988,.F.);
#14988 = EDGE_CURVE('',#14950,#14981,#14989,.T.);
#14989 = LINE('',#14990,#14991);
#14990 = CARTESIAN_POINT('',(-762.8853371968,6.2992E+03,
    2.914352345703E+03));
#14991 = VECTOR('',#14992,1.);
#14992 = DIRECTION('',(0.261718673096,0.,0.965144204849));
#14993 = PLANE('',#14994);
#14994 = AXIS2_PLACEMENT_3D('',#14995,#14996,#14997);
#14995 = CARTESIAN_POINT('',(-762.8853371968,6.2992E+03,
    2.914352345703E+03));
#14996 = DIRECTION('',(0.965144204849,0.,-0.261718673096));
#14997 = DIRECTION('',(0.261718673096,-2.2E-16,0.965144204849));
#14998 = ADVANCED_FACE('',(#14999),#15024,.T.);
#14999 = FACE_BOUND('',#15000,.T.);
#15000 = EDGE_LOOP('',(#15001,#15002,#15010,#15018));
#15001 = ORIENTED_EDGE('',*,*,#14980,.T.);
#15002 = ORIENTED_EDGE('',*,*,#15003,.T.);
#15003 = EDGE_CURVE('',#14973,#15004,#15006,.T.);
#15004 = VERTEX_POINT('',#15005);
#15005 = CARTESIAN_POINT('',(-24.51466280315,6.35E+03,5.831355432985E+03
    ));
#15006 = LINE('',#15007,#15008);
#15007 = CARTESIAN_POINT('',(24.514662803153,6.35E+03,5.818060124391E+03
    ));
#15008 = VECTOR('',#15009,1.);
#15009 = DIRECTION('',(-0.965144204849,-0.,0.261718673096));
#15010 = ORIENTED_EDGE('',*,*,#15011,.F.);
#15011 = EDGE_CURVE('',#15012,#15004,#15014,.T.);
#15012 = VERTEX_POINT('',#15013);
#15013 = CARTESIAN_POINT('',(-24.51466280315,6.2992E+03,
    5.831355432985E+03));
#15014 = LINE('',#15015,#15016);
#15015 = CARTESIAN_POINT('',(-24.51466280315,6.2992E+03,
    5.831355432985E+03));
#15016 = VECTOR('',#15017,1.);
#15017 = DIRECTION('',(0.,1.,0.));
#15018 = ORIENTED_EDGE('',*,*,#15019,.F.);
#15019 = EDGE_CURVE('',#14981,#15012,#15020,.T.);
#15020 = LINE('',#15021,#15022);
#15021 = CARTESIAN_POINT('',(24.514662803153,6.2992E+03,
    5.818060124391E+03));
#15022 = VECTOR('',#15023,1.);
#15023 = DIRECTION('',(-0.965144204849,-0.,0.261718673096));
#15024 = PLANE('',#15025);
#15025 = AXIS2_PLACEMENT_3D('',#15026,#15027,#15028);
#15026 = CARTESIAN_POINT('',(24.514662803153,6.2992E+03,
    5.818060124391E+03));
#15027 = DIRECTION('',(0.261718673096,0.,0.965144204849));
#15028 = DIRECTION('',(-0.965144204849,0.,0.261718673096));
#15029 = ADVANCED_FACE('',(#15030),#15046,.T.);
#15030 = FACE_BOUND('',#15031,.T.);
#15031 = EDGE_LOOP('',(#15032,#15033,#15039,#15040));
#15032 = ORIENTED_EDGE('',*,*,#15011,.T.);
#15033 = ORIENTED_EDGE('',*,*,#15034,.T.);
#15034 = EDGE_CURVE('',#15004,#14934,#15035,.T.);
#15035 = LINE('',#15036,#15037);
#15036 = CARTESIAN_POINT('',(-24.51466280315,6.35E+03,5.831355432984E+03
    ));
#15037 = VECTOR('',#15038,1.);
#15038 = DIRECTION('',(-0.261718673096,0.,-0.965144204849));
#15039 = ORIENTED_EDGE('',*,*,#14931,.F.);
#15040 = ORIENTED_EDGE('',*,*,#15041,.F.);
#15041 = EDGE_CURVE('',#15012,#14932,#15042,.T.);
#15042 = LINE('',#15043,#15044);
#15043 = CARTESIAN_POINT('',(-24.51466280315,6.2992E+03,
    5.831355432984E+03));
#15044 = VECTOR('',#15045,1.);
#15045 = DIRECTION('',(-0.261718673096,0.,-0.965144204849));
#15046 = PLANE('',#15047);
#15047 = AXIS2_PLACEMENT_3D('',#15048,#15049,#15050);
#15048 = CARTESIAN_POINT('',(-24.51466280315,6.2992E+03,
    5.831355432985E+03));
#15049 = DIRECTION('',(-0.965144204849,0.,0.261718673096));
#15050 = DIRECTION('',(-0.261718673096,2.2E-16,-0.965144204849));
#15051 = ADVANCED_FACE('',(#15052),#15058,.F.);
#15052 = FACE_BOUND('',#15053,.T.);
#15053 = EDGE_LOOP('',(#15054,#15055,#15056,#15057));
#15054 = ORIENTED_EDGE('',*,*,#14957,.T.);
#15055 = ORIENTED_EDGE('',*,*,#14988,.T.);
#15056 = ORIENTED_EDGE('',*,*,#15019,.T.);
#15057 = ORIENTED_EDGE('',*,*,#15041,.T.);
#15058 = PLANE('',#15059);
#15059 = AXIS2_PLACEMENT_3D('',#15060,#15061,#15062);
#15060 = CARTESIAN_POINT('',(-393.7,6.2992E+03,4.372853889344E+03));
#15061 = DIRECTION('',(0.,1.,2.9E-16));
#15062 = DIRECTION('',(0.,-2.9E-16,1.));
#15063 = ADVANCED_FACE('',(#15064),#15070,.T.);
#15064 = FACE_BOUND('',#15065,.F.);
#15065 = EDGE_LOOP('',(#15066,#15067,#15068,#15069));
#15066 = ORIENTED_EDGE('',*,*,#14941,.T.);
#15067 = ORIENTED_EDGE('',*,*,#14972,.T.);
#15068 = ORIENTED_EDGE('',*,*,#15003,.T.);
#15069 = ORIENTED_EDGE('',*,*,#15034,.T.);
#15070 = PLANE('',#15071);
#15071 = AXIS2_PLACEMENT_3D('',#15072,#15073,#15074);
#15072 = CARTESIAN_POINT('',(-393.7,6.35E+03,4.372853889344E+03));
#15073 = DIRECTION('',(0.,1.,2.9E-16));
#15074 = DIRECTION('',(0.,-2.9E-16,1.));
#15075 = MANIFOLD_SOLID_BREP('',#15076);
#15076 = CLOSED_SHELL('',(#15077,#15117,#15148,#15179,#15201,#15213));
#15077 = ADVANCED_FACE('',(#15078),#15112,.T.);
#15078 = FACE_BOUND('',#15079,.T.);
#15079 = EDGE_LOOP('',(#15080,#15090,#15098,#15106));
#15080 = ORIENTED_EDGE('',*,*,#15081,.T.);
#15081 = EDGE_CURVE('',#15082,#15084,#15086,.T.);
#15082 = VERTEX_POINT('',#15083);
#15083 = CARTESIAN_POINT('',(1.980625896225,6.2992E+03,
    2.930833255645E+03));
#15084 = VERTEX_POINT('',#15085);
#15085 = CARTESIAN_POINT('',(1.980625896225,6.35E+03,2.930833255645E+03)
  );
#15086 = LINE('',#15087,#15088);
#15087 = CARTESIAN_POINT('',(1.980625896225,6.2992E+03,
    2.930833255645E+03));
#15088 = VECTOR('',#15089,1.);
#15089 = DIRECTION('',(0.,1.,0.));
#15090 = ORIENTED_EDGE('',*,*,#15091,.T.);
#15091 = EDGE_CURVE('',#15084,#15092,#15094,.T.);
#15092 = VERTEX_POINT('',#15093);
#15093 = CARTESIAN_POINT('',(48.819374103775,6.35E+03,2.911166744355E+03
    ));
#15094 = LINE('',#15095,#15096);
#15095 = CARTESIAN_POINT('',(1.980625896225,6.35E+03,2.930833255645E+03)
  );
#15096 = VECTOR('',#15097,1.);
#15097 = DIRECTION('',(0.922022602511,0.,-0.387136049031));
#15098 = ORIENTED_EDGE('',*,*,#15099,.F.);
#15099 = EDGE_CURVE('',#15100,#15092,#15102,.T.);
#15100 = VERTEX_POINT('',#15101);
#15101 = CARTESIAN_POINT('',(48.819374103775,6.2992E+03,
    2.911166744355E+03));
#15102 = LINE('',#15103,#15104);
#15103 = CARTESIAN_POINT('',(48.819374103775,6.2992E+03,
    2.911166744355E+03));
#15104 = VECTOR('',#15105,1.);
#15105 = DIRECTION('',(0.,1.,0.));
#15106 = ORIENTED_EDGE('',*,*,#15107,.F.);
#15107 = EDGE_CURVE('',#15082,#15100,#15108,.T.);
#15108 = LINE('',#15109,#15110);
#15109 = CARTESIAN_POINT('',(1.980625896225,6.2992E+03,
    2.930833255645E+03));
#15110 = VECTOR('',#15111,1.);
#15111 = DIRECTION('',(0.922022602511,0.,-0.387136049031));
#15112 = PLANE('',#15113);
#15113 = AXIS2_PLACEMENT_3D('',#15114,#15115,#15116);
#15114 = CARTESIAN_POINT('',(1.980625896225,6.2992E+03,
    2.930833255645E+03));
#15115 = DIRECTION('',(-0.387136049031,0.,-0.922022602511));
#15116 = DIRECTION('',(0.922022602511,-3.E-17,-0.387136049031));
#15117 = ADVANCED_FACE('',(#15118),#15143,.T.);
#15118 = FACE_BOUND('',#15119,.T.);
#15119 = EDGE_LOOP('',(#15120,#15121,#15129,#15137));
#15120 = ORIENTED_EDGE('',*,*,#15099,.T.);
#15121 = ORIENTED_EDGE('',*,*,#15122,.T.);
#15122 = EDGE_CURVE('',#15092,#15123,#15125,.T.);
#15123 = VERTEX_POINT('',#15124);
#15124 = CARTESIAN_POINT('',(1.268019374104E+03,6.35E+03,
    5.814874523042E+03));
#15125 = LINE('',#15126,#15127);
#15126 = CARTESIAN_POINT('',(48.819374103775,6.35E+03,2.911166744355E+03
    ));
#15127 = VECTOR('',#15128,1.);
#15128 = DIRECTION('',(0.387136049031,0.,0.922022602511));
#15129 = ORIENTED_EDGE('',*,*,#15130,.F.);
#15130 = EDGE_CURVE('',#15131,#15123,#15133,.T.);
#15131 = VERTEX_POINT('',#15132);
#15132 = CARTESIAN_POINT('',(1.268019374104E+03,6.2992E+03,
    5.814874523042E+03));
#15133 = LINE('',#15134,#15135);
#15134 = CARTESIAN_POINT('',(1.268019374104E+03,6.2992E+03,
    5.814874523042E+03));
#15135 = VECTOR('',#15136,1.);
#15136 = DIRECTION('',(0.,1.,0.));
#15137 = ORIENTED_EDGE('',*,*,#15138,.F.);
#15138 = EDGE_CURVE('',#15100,#15131,#15139,.T.);
#15139 = LINE('',#15140,#15141);
#15140 = CARTESIAN_POINT('',(48.819374103775,6.2992E+03,
    2.911166744355E+03));
#15141 = VECTOR('',#15142,1.);
#15142 = DIRECTION('',(0.387136049031,0.,0.922022602511));
#15143 = PLANE('',#15144);
#15144 = AXIS2_PLACEMENT_3D('',#15145,#15146,#15147);
#15145 = CARTESIAN_POINT('',(48.819374103775,6.2992E+03,
    2.911166744355E+03));
#15146 = DIRECTION('',(0.922022602511,0.,-0.387136049031));
#15147 = DIRECTION('',(0.387136049031,0.,0.922022602511));
#15148 = ADVANCED_FACE('',(#15149),#15174,.T.);
#15149 = FACE_BOUND('',#15150,.T.);
#15150 = EDGE_LOOP('',(#15151,#15152,#15160,#15168));
#15151 = ORIENTED_EDGE('',*,*,#15130,.T.);
#15152 = ORIENTED_EDGE('',*,*,#15153,.T.);
#15153 = EDGE_CURVE('',#15123,#15154,#15156,.T.);
#15154 = VERTEX_POINT('',#15155);
#15155 = CARTESIAN_POINT('',(1.221180625896E+03,6.35E+03,
    5.834541034333E+03));
#15156 = LINE('',#15157,#15158);
#15157 = CARTESIAN_POINT('',(1.268019374104E+03,6.35E+03,
    5.814874523042E+03));
#15158 = VECTOR('',#15159,1.);
#15159 = DIRECTION('',(-0.922022602511,0.,0.387136049031));
#15160 = ORIENTED_EDGE('',*,*,#15161,.F.);
#15161 = EDGE_CURVE('',#15162,#15154,#15164,.T.);
#15162 = VERTEX_POINT('',#15163);
#15163 = CARTESIAN_POINT('',(1.221180625896E+03,6.2992E+03,
    5.834541034333E+03));
#15164 = LINE('',#15165,#15166);
#15165 = CARTESIAN_POINT('',(1.221180625896E+03,6.2992E+03,
    5.834541034333E+03));
#15166 = VECTOR('',#15167,1.);
#15167 = DIRECTION('',(0.,1.,0.));
#15168 = ORIENTED_EDGE('',*,*,#15169,.F.);
#15169 = EDGE_CURVE('',#15131,#15162,#15170,.T.);
#15170 = LINE('',#15171,#15172);
#15171 = CARTESIAN_POINT('',(1.268019374104E+03,6.2992E+03,
    5.814874523042E+03));
#15172 = VECTOR('',#15173,1.);
#15173 = DIRECTION('',(-0.922022602511,0.,0.387136049031));
#15174 = PLANE('',#15175);
#15175 = AXIS2_PLACEMENT_3D('',#15176,#15177,#15178);
#15176 = CARTESIAN_POINT('',(1.268019374104E+03,6.2992E+03,
    5.814874523042E+03));
#15177 = DIRECTION('',(0.387136049031,0.,0.922022602511));
#15178 = DIRECTION('',(-0.922022602511,3.E-17,0.387136049031));
#15179 = ADVANCED_FACE('',(#15180),#15196,.T.);
#15180 = FACE_BOUND('',#15181,.T.);
#15181 = EDGE_LOOP('',(#15182,#15183,#15189,#15190));
#15182 = ORIENTED_EDGE('',*,*,#15161,.T.);
#15183 = ORIENTED_EDGE('',*,*,#15184,.T.);
#15184 = EDGE_CURVE('',#15154,#15084,#15185,.T.);
#15185 = LINE('',#15186,#15187);
#15186 = CARTESIAN_POINT('',(1.221180625896E+03,6.35E+03,
    5.834541034333E+03));
#15187 = VECTOR('',#15188,1.);
#15188 = DIRECTION('',(-0.387136049031,-0.,-0.922022602511));
#15189 = ORIENTED_EDGE('',*,*,#15081,.F.);
#15190 = ORIENTED_EDGE('',*,*,#15191,.F.);
#15191 = EDGE_CURVE('',#15162,#15082,#15192,.T.);
#15192 = LINE('',#15193,#15194);
#15193 = CARTESIAN_POINT('',(1.221180625896E+03,6.2992E+03,
    5.834541034333E+03));
#15194 = VECTOR('',#15195,1.);
#15195 = DIRECTION('',(-0.387136049031,-0.,-0.922022602511));
#15196 = PLANE('',#15197);
#15197 = AXIS2_PLACEMENT_3D('',#15198,#15199,#15200);
#15198 = CARTESIAN_POINT('',(1.221180625896E+03,6.2992E+03,
    5.834541034333E+03));
#15199 = DIRECTION('',(-0.922022602511,0.,0.387136049031));
#15200 = DIRECTION('',(-0.387136049031,0.,-0.922022602511));
#15201 = ADVANCED_FACE('',(#15202),#15208,.F.);
#15202 = FACE_BOUND('',#15203,.T.);
#15203 = EDGE_LOOP('',(#15204,#15205,#15206,#15207));
#15204 = ORIENTED_EDGE('',*,*,#15107,.T.);
#15205 = ORIENTED_EDGE('',*,*,#15138,.T.);
#15206 = ORIENTED_EDGE('',*,*,#15169,.T.);
#15207 = ORIENTED_EDGE('',*,*,#15191,.T.);
#15208 = PLANE('',#15209);
#15209 = AXIS2_PLACEMENT_3D('',#15210,#15211,#15212);
#15210 = CARTESIAN_POINT('',(635.,6.2992E+03,4.372853889344E+03));
#15211 = DIRECTION('',(0.,1.,0.));
#15212 = DIRECTION('',(0.,0.,1.));
#15213 = ADVANCED_FACE('',(#15214),#15220,.T.);
#15214 = FACE_BOUND('',#15215,.F.);
#15215 = EDGE_LOOP('',(#15216,#15217,#15218,#15219));
#15216 = ORIENTED_EDGE('',*,*,#15091,.T.);
#15217 = ORIENTED_EDGE('',*,*,#15122,.T.);
#15218 = ORIENTED_EDGE('',*,*,#15153,.T.);
#15219 = ORIENTED_EDGE('',*,*,#15184,.T.);
#15220 = PLANE('',#15221);
#15221 = AXIS2_PLACEMENT_3D('',#15222,#15223,#15224);
#15222 = CARTESIAN_POINT('',(635.,6.35E+03,4.372853889344E+03));
#15223 = DIRECTION('',(0.,1.,0.));
#15224 = DIRECTION('',(0.,0.,1.));
#15225 = MANIFOLD_SOLID_BREP('',#15226);
#15226 = CLOSED_SHELL('',(#15227,#15267,#15298,#15329,#15351,#15363));
#15227 = ADVANCED_FACE('',(#15228),#15262,.T.);
#15228 = FACE_BOUND('',#15229,.T.);
#15229 = EDGE_LOOP('',(#15230,#15240,#15248,#15256));
#15230 = ORIENTED_EDGE('',*,*,#15231,.T.);
#15231 = EDGE_CURVE('',#15232,#15234,#15236,.T.);
#15232 = VERTEX_POINT('',#15233);
#15233 = CARTESIAN_POINT('',(4.086142532137E+03,6.2992E+03,
    5.83715238678E+03));
#15234 = VERTEX_POINT('',#15235);
#15235 = CARTESIAN_POINT('',(4.086142532137E+03,6.35E+03,
    5.83715238678E+03));
#15236 = LINE('',#15237,#15238);
#15237 = CARTESIAN_POINT('',(4.086142532137E+03,6.2992E+03,
    5.83715238678E+03));
#15238 = VECTOR('',#15239,1.);
#15239 = DIRECTION('',(0.,1.,0.));
#15240 = ORIENTED_EDGE('',*,*,#15241,.T.);
#15241 = EDGE_CURVE('',#15234,#15242,#15244,.T.);
#15242 = VERTEX_POINT('',#15243);
#15243 = CARTESIAN_POINT('',(4.041857467863E+03,6.35E+03,
    5.812263170595E+03));
#15244 = LINE('',#15245,#15246);
#15245 = CARTESIAN_POINT('',(4.086142532137E+03,6.35E+03,
    5.83715238678E+03));
#15246 = VECTOR('',#15247,1.);
#15247 = DIRECTION('',(-0.87175323373,0.,-0.489945200487));
#15248 = ORIENTED_EDGE('',*,*,#15249,.F.);
#15249 = EDGE_CURVE('',#15250,#15242,#15252,.T.);
#15250 = VERTEX_POINT('',#15251);
#15251 = CARTESIAN_POINT('',(4.041857467863E+03,6.2992E+03,
    5.812263170595E+03));
#15252 = LINE('',#15253,#15254);
#15253 = CARTESIAN_POINT('',(4.041857467863E+03,6.2992E+03,
    5.812263170595E+03));
#15254 = VECTOR('',#15255,1.);
#15255 = DIRECTION('',(0.,1.,0.));
#15256 = ORIENTED_EDGE('',*,*,#15257,.F.);
#15257 = EDGE_CURVE('',#15232,#15250,#15258,.T.);
#15258 = LINE('',#15259,#15260);
#15259 = CARTESIAN_POINT('',(4.086142532137E+03,6.2992E+03,
    5.83715238678E+03));
#15260 = VECTOR('',#15261,1.);
#15261 = DIRECTION('',(-0.87175323373,0.,-0.489945200487));
#15262 = PLANE('',#15263);
#15263 = AXIS2_PLACEMENT_3D('',#15264,#15265,#15266);
#15264 = CARTESIAN_POINT('',(4.086142532137E+03,6.2992E+03,
    5.83715238678E+03));
#15265 = DIRECTION('',(-0.489945200487,0.,0.87175323373));
#15266 = DIRECTION('',(-0.87175323373,-3.E-17,-0.489945200487));
#15267 = ADVANCED_FACE('',(#15268),#15293,.T.);
#15268 = FACE_BOUND('',#15269,.T.);
#15269 = EDGE_LOOP('',(#15270,#15271,#15279,#15287));
#15270 = ORIENTED_EDGE('',*,*,#15249,.T.);
#15271 = ORIENTED_EDGE('',*,*,#15272,.T.);
#15272 = EDGE_CURVE('',#15242,#15273,#15275,.T.);
#15273 = VERTEX_POINT('',#15274);
#15274 = CARTESIAN_POINT('',(5.673807467863E+03,6.35E+03,
    2.908555391908E+03));
#15275 = LINE('',#15276,#15277);
#15276 = CARTESIAN_POINT('',(4.041857467863E+03,6.35E+03,
    5.812263170595E+03));
#15277 = VECTOR('',#15278,1.);
#15278 = DIRECTION('',(0.489945200487,0.,-0.87175323373));
#15279 = ORIENTED_EDGE('',*,*,#15280,.F.);
#15280 = EDGE_CURVE('',#15281,#15273,#15283,.T.);
#15281 = VERTEX_POINT('',#15282);
#15282 = CARTESIAN_POINT('',(5.673807467863E+03,6.2992E+03,
    2.908555391908E+03));
#15283 = LINE('',#15284,#15285);
#15284 = CARTESIAN_POINT('',(5.673807467863E+03,6.2992E+03,
    2.908555391908E+03));
#15285 = VECTOR('',#15286,1.);
#15286 = DIRECTION('',(0.,1.,0.));
#15287 = ORIENTED_EDGE('',*,*,#15288,.F.);
#15288 = EDGE_CURVE('',#15250,#15281,#15289,.T.);
#15289 = LINE('',#15290,#15291);
#15290 = CARTESIAN_POINT('',(4.041857467863E+03,6.2992E+03,
    5.812263170595E+03));
#15291 = VECTOR('',#15292,1.);
#15292 = DIRECTION('',(0.489945200487,0.,-0.87175323373));
#15293 = PLANE('',#15294);
#15294 = AXIS2_PLACEMENT_3D('',#15295,#15296,#15297);
#15295 = CARTESIAN_POINT('',(4.041857467863E+03,6.2992E+03,
    5.812263170595E+03));
#15296 = DIRECTION('',(-0.87175323373,0.,-0.489945200487));
#15297 = DIRECTION('',(0.489945200487,-4.4E-16,-0.87175323373));
#15298 = ADVANCED_FACE('',(#15299),#15324,.T.);
#15299 = FACE_BOUND('',#15300,.T.);
#15300 = EDGE_LOOP('',(#15301,#15302,#15310,#15318));
#15301 = ORIENTED_EDGE('',*,*,#15280,.T.);
#15302 = ORIENTED_EDGE('',*,*,#15303,.T.);
#15303 = EDGE_CURVE('',#15273,#15304,#15306,.T.);
#15304 = VERTEX_POINT('',#15305);
#15305 = CARTESIAN_POINT('',(5.718092532137E+03,6.35E+03,
    2.933444608092E+03));
#15306 = LINE('',#15307,#15308);
#15307 = CARTESIAN_POINT('',(5.673807467863E+03,6.35E+03,
    2.908555391908E+03));
#15308 = VECTOR('',#15309,1.);
#15309 = DIRECTION('',(0.87175323373,-0.,0.489945200487));
#15310 = ORIENTED_EDGE('',*,*,#15311,.F.);
#15311 = EDGE_CURVE('',#15312,#15304,#15314,.T.);
#15312 = VERTEX_POINT('',#15313);
#15313 = CARTESIAN_POINT('',(5.718092532137E+03,6.2992E+03,
    2.933444608092E+03));
#15314 = LINE('',#15315,#15316);
#15315 = CARTESIAN_POINT('',(5.718092532137E+03,6.2992E+03,
    2.933444608092E+03));
#15316 = VECTOR('',#15317,1.);
#15317 = DIRECTION('',(0.,1.,0.));
#15318 = ORIENTED_EDGE('',*,*,#15319,.F.);
#15319 = EDGE_CURVE('',#15281,#15312,#15320,.T.);
#15320 = LINE('',#15321,#15322);
#15321 = CARTESIAN_POINT('',(5.673807467863E+03,6.2992E+03,
    2.908555391908E+03));
#15322 = VECTOR('',#15323,1.);
#15323 = DIRECTION('',(0.87175323373,-0.,0.489945200487));
#15324 = PLANE('',#15325);
#15325 = AXIS2_PLACEMENT_3D('',#15326,#15327,#15328);
#15326 = CARTESIAN_POINT('',(5.673807467863E+03,6.2992E+03,
    2.908555391908E+03));
#15327 = DIRECTION('',(0.489945200487,0.,-0.87175323373));
#15328 = DIRECTION('',(0.87175323373,3.E-17,0.489945200487));
#15329 = ADVANCED_FACE('',(#15330),#15346,.T.);
#15330 = FACE_BOUND('',#15331,.T.);
#15331 = EDGE_LOOP('',(#15332,#15333,#15339,#15340));
#15332 = ORIENTED_EDGE('',*,*,#15311,.T.);
#15333 = ORIENTED_EDGE('',*,*,#15334,.T.);
#15334 = EDGE_CURVE('',#15304,#15234,#15335,.T.);
#15335 = LINE('',#15336,#15337);
#15336 = CARTESIAN_POINT('',(5.718092532137E+03,6.35E+03,
    2.933444608092E+03));
#15337 = VECTOR('',#15338,1.);
#15338 = DIRECTION('',(-0.489945200487,0.,0.87175323373));
#15339 = ORIENTED_EDGE('',*,*,#15231,.F.);
#15340 = ORIENTED_EDGE('',*,*,#15341,.F.);
#15341 = EDGE_CURVE('',#15312,#15232,#15342,.T.);
#15342 = LINE('',#15343,#15344);
#15343 = CARTESIAN_POINT('',(5.718092532137E+03,6.2992E+03,
    2.933444608092E+03));
#15344 = VECTOR('',#15345,1.);
#15345 = DIRECTION('',(-0.489945200487,0.,0.87175323373));
#15346 = PLANE('',#15347);
#15347 = AXIS2_PLACEMENT_3D('',#15348,#15349,#15350);
#15348 = CARTESIAN_POINT('',(5.718092532137E+03,6.2992E+03,
    2.933444608092E+03));
#15349 = DIRECTION('',(0.87175323373,0.,0.489945200487));
#15350 = DIRECTION('',(-0.489945200487,4.4E-16,0.87175323373));
#15351 = ADVANCED_FACE('',(#15352),#15358,.F.);
#15352 = FACE_BOUND('',#15353,.T.);
#15353 = EDGE_LOOP('',(#15354,#15355,#15356,#15357));
#15354 = ORIENTED_EDGE('',*,*,#15257,.T.);
#15355 = ORIENTED_EDGE('',*,*,#15288,.T.);
#15356 = ORIENTED_EDGE('',*,*,#15319,.T.);
#15357 = ORIENTED_EDGE('',*,*,#15341,.T.);
#15358 = PLANE('',#15359);
#15359 = AXIS2_PLACEMENT_3D('',#15360,#15361,#15362);
#15360 = CARTESIAN_POINT('',(4.879975E+03,6.2992E+03,4.372853889344E+03)
  );
#15361 = DIRECTION('',(2.7E-16,1.,-4.8E-16));
#15362 = DIRECTION('',(0.,4.8E-16,1.));
#15363 = ADVANCED_FACE('',(#15364),#15370,.T.);
#15364 = FACE_BOUND('',#15365,.F.);
#15365 = EDGE_LOOP('',(#15366,#15367,#15368,#15369));
#15366 = ORIENTED_EDGE('',*,*,#15241,.T.);
#15367 = ORIENTED_EDGE('',*,*,#15272,.T.);
#15368 = ORIENTED_EDGE('',*,*,#15303,.T.);
#15369 = ORIENTED_EDGE('',*,*,#15334,.T.);
#15370 = PLANE('',#15371);
#15371 = AXIS2_PLACEMENT_3D('',#15372,#15373,#15374);
#15372 = CARTESIAN_POINT('',(4.879975E+03,6.35E+03,4.372853889344E+03));
#15373 = DIRECTION('',(2.7E-16,1.,-4.8E-16));
#15374 = DIRECTION('',(0.,4.8E-16,1.));
#15375 = MANIFOLD_SOLID_BREP('',#15376);
#15376 = CLOSED_SHELL('',(#15377,#15417,#15448,#15479,#15501,#15513));
#15377 = ADVANCED_FACE('',(#15378),#15412,.T.);
#15378 = FACE_BOUND('',#15379,.T.);
#15379 = EDGE_LOOP('',(#15380,#15390,#15398,#15406));
#15380 = ORIENTED_EDGE('',*,*,#15381,.T.);
#15381 = EDGE_CURVE('',#15382,#15384,#15386,.T.);
#15382 = VERTEX_POINT('',#15383);
#15383 = CARTESIAN_POINT('',(5.720797125957E+03,6.2992E+03,
    5.829978483731E+03));
#15384 = VERTEX_POINT('',#15385);
#15385 = CARTESIAN_POINT('',(5.720797125957E+03,6.35E+03,
    5.829978483731E+03));
#15386 = LINE('',#15387,#15388);
#15387 = CARTESIAN_POINT('',(5.720797125957E+03,6.2992E+03,
    5.829978483731E+03));
#15388 = VECTOR('',#15389,1.);
#15389 = DIRECTION('',(0.,1.,0.));
#15390 = ORIENTED_EDGE('',*,*,#15391,.T.);
#15391 = EDGE_CURVE('',#15384,#15392,#15394,.T.);
#15392 = VERTEX_POINT('',#15393);
#15393 = CARTESIAN_POINT('',(5.671102874043E+03,6.35E+03,
    5.819437073645E+03));
#15394 = LINE('',#15395,#15396);
#15395 = CARTESIAN_POINT('',(5.720797125957E+03,6.35E+03,
    5.829978483731E+03));
#15396 = VECTOR('',#15397,1.);
#15397 = DIRECTION('',(-0.978233305412,0.,-0.207508072572));
#15398 = ORIENTED_EDGE('',*,*,#15399,.F.);
#15399 = EDGE_CURVE('',#15400,#15392,#15402,.T.);
#15400 = VERTEX_POINT('',#15401);
#15401 = CARTESIAN_POINT('',(5.671102874043E+03,6.2992E+03,
    5.819437073645E+03));
#15402 = LINE('',#15403,#15404);
#15403 = CARTESIAN_POINT('',(5.671102874043E+03,6.2992E+03,
    5.819437073645E+03));
#15404 = VECTOR('',#15405,1.);
#15405 = DIRECTION('',(0.,1.,0.));
#15406 = ORIENTED_EDGE('',*,*,#15407,.F.);
#15407 = EDGE_CURVE('',#15382,#15400,#15408,.T.);
#15408 = LINE('',#15409,#15410);
#15409 = CARTESIAN_POINT('',(5.720797125957E+03,6.2992E+03,
    5.829978483731E+03));
#15410 = VECTOR('',#15411,1.);
#15411 = DIRECTION('',(-0.978233305412,0.,-0.207508072572));
#15412 = PLANE('',#15413);
#15413 = AXIS2_PLACEMENT_3D('',#15414,#15415,#15416);
#15414 = CARTESIAN_POINT('',(5.720797125957E+03,6.2992E+03,
    5.829978483731E+03));
#15415 = DIRECTION('',(-0.207508072572,0.,0.978233305412));
#15416 = DIRECTION('',(-0.978233305412,-3.E-17,-0.207508072572));
#15417 = ADVANCED_FACE('',(#15418),#15443,.T.);
#15418 = FACE_BOUND('',#15419,.T.);
#15419 = EDGE_LOOP('',(#15420,#15421,#15429,#15437));
#15420 = ORIENTED_EDGE('',*,*,#15399,.T.);
#15421 = ORIENTED_EDGE('',*,*,#15422,.T.);
#15422 = EDGE_CURVE('',#15392,#15423,#15425,.T.);
#15423 = VERTEX_POINT('',#15424);
#15424 = CARTESIAN_POINT('',(6.287052874043E+03,6.35E+03,
    2.915729294957E+03));
#15425 = LINE('',#15426,#15427);
#15426 = CARTESIAN_POINT('',(5.671102874043E+03,6.35E+03,
    5.819437073645E+03));
#15427 = VECTOR('',#15428,1.);
#15428 = DIRECTION('',(0.207508072572,0.,-0.978233305412));
#15429 = ORIENTED_EDGE('',*,*,#15430,.F.);
#15430 = EDGE_CURVE('',#15431,#15423,#15433,.T.);
#15431 = VERTEX_POINT('',#15432);
#15432 = CARTESIAN_POINT('',(6.287052874043E+03,6.2992E+03,
    2.915729294957E+03));
#15433 = LINE('',#15434,#15435);
#15434 = CARTESIAN_POINT('',(6.287052874043E+03,6.2992E+03,
    2.915729294957E+03));
#15435 = VECTOR('',#15436,1.);
#15436 = DIRECTION('',(0.,1.,0.));
#15437 = ORIENTED_EDGE('',*,*,#15438,.F.);
#15438 = EDGE_CURVE('',#15400,#15431,#15439,.T.);
#15439 = LINE('',#15440,#15441);
#15440 = CARTESIAN_POINT('',(5.671102874043E+03,6.2992E+03,
    5.819437073645E+03));
#15441 = VECTOR('',#15442,1.);
#15442 = DIRECTION('',(0.207508072572,0.,-0.978233305412));
#15443 = PLANE('',#15444);
#15444 = AXIS2_PLACEMENT_3D('',#15445,#15446,#15447);
#15445 = CARTESIAN_POINT('',(5.671102874043E+03,6.2992E+03,
    5.819437073645E+03));
#15446 = DIRECTION('',(-0.978233305412,0.,-0.207508072572));
#15447 = DIRECTION('',(0.207508072572,-2.2E-16,-0.978233305412));
#15448 = ADVANCED_FACE('',(#15449),#15474,.T.);
#15449 = FACE_BOUND('',#15450,.T.);
#15450 = EDGE_LOOP('',(#15451,#15452,#15460,#15468));
#15451 = ORIENTED_EDGE('',*,*,#15430,.T.);
#15452 = ORIENTED_EDGE('',*,*,#15453,.T.);
#15453 = EDGE_CURVE('',#15423,#15454,#15456,.T.);
#15454 = VERTEX_POINT('',#15455);
#15455 = CARTESIAN_POINT('',(6.336747125957E+03,6.35E+03,
    2.926270705043E+03));
#15456 = LINE('',#15457,#15458);
#15457 = CARTESIAN_POINT('',(6.287052874043E+03,6.35E+03,
    2.915729294957E+03));
#15458 = VECTOR('',#15459,1.);
#15459 = DIRECTION('',(0.978233305412,-0.,0.207508072572));
#15460 = ORIENTED_EDGE('',*,*,#15461,.F.);
#15461 = EDGE_CURVE('',#15462,#15454,#15464,.T.);
#15462 = VERTEX_POINT('',#15463);
#15463 = CARTESIAN_POINT('',(6.336747125957E+03,6.2992E+03,
    2.926270705043E+03));
#15464 = LINE('',#15465,#15466);
#15465 = CARTESIAN_POINT('',(6.336747125957E+03,6.2992E+03,
    2.926270705043E+03));
#15466 = VECTOR('',#15467,1.);
#15467 = DIRECTION('',(0.,1.,0.));
#15468 = ORIENTED_EDGE('',*,*,#15469,.F.);
#15469 = EDGE_CURVE('',#15431,#15462,#15470,.T.);
#15470 = LINE('',#15471,#15472);
#15471 = CARTESIAN_POINT('',(6.287052874043E+03,6.2992E+03,
    2.915729294957E+03));
#15472 = VECTOR('',#15473,1.);
#15473 = DIRECTION('',(0.978233305412,-0.,0.207508072572));
#15474 = PLANE('',#15475);
#15475 = AXIS2_PLACEMENT_3D('',#15476,#15477,#15478);
#15476 = CARTESIAN_POINT('',(6.287052874043E+03,6.2992E+03,
    2.915729294957E+03));
#15477 = DIRECTION('',(0.207508072572,0.,-0.978233305412));
#15478 = DIRECTION('',(0.978233305412,3.E-17,0.207508072572));
#15479 = ADVANCED_FACE('',(#15480),#15496,.T.);
#15480 = FACE_BOUND('',#15481,.T.);
#15481 = EDGE_LOOP('',(#15482,#15483,#15489,#15490));
#15482 = ORIENTED_EDGE('',*,*,#15461,.T.);
#15483 = ORIENTED_EDGE('',*,*,#15484,.T.);
#15484 = EDGE_CURVE('',#15454,#15384,#15485,.T.);
#15485 = LINE('',#15486,#15487);
#15486 = CARTESIAN_POINT('',(6.336747125957E+03,6.35E+03,
    2.926270705043E+03));
#15487 = VECTOR('',#15488,1.);
#15488 = DIRECTION('',(-0.207508072572,0.,0.978233305412));
#15489 = ORIENTED_EDGE('',*,*,#15381,.F.);
#15490 = ORIENTED_EDGE('',*,*,#15491,.F.);
#15491 = EDGE_CURVE('',#15462,#15382,#15492,.T.);
#15492 = LINE('',#15493,#15494);
#15493 = CARTESIAN_POINT('',(6.336747125957E+03,6.2992E+03,
    2.926270705043E+03));
#15494 = VECTOR('',#15495,1.);
#15495 = DIRECTION('',(-0.207508072572,0.,0.978233305412));
#15496 = PLANE('',#15497);
#15497 = AXIS2_PLACEMENT_3D('',#15498,#15499,#15500);
#15498 = CARTESIAN_POINT('',(6.336747125957E+03,6.2992E+03,
    2.926270705043E+03));
#15499 = DIRECTION('',(0.978233305412,0.,0.207508072572));
#15500 = DIRECTION('',(-0.207508072572,2.2E-16,0.978233305412));
#15501 = ADVANCED_FACE('',(#15502),#15508,.F.);
#15502 = FACE_BOUND('',#15503,.T.);
#15503 = EDGE_LOOP('',(#15504,#15505,#15506,#15507));
#15504 = ORIENTED_EDGE('',*,*,#15407,.T.);
#15505 = ORIENTED_EDGE('',*,*,#15438,.T.);
#15506 = ORIENTED_EDGE('',*,*,#15469,.T.);
#15507 = ORIENTED_EDGE('',*,*,#15491,.T.);
#15508 = PLANE('',#15509);
#15509 = AXIS2_PLACEMENT_3D('',#15510,#15511,#15512);
#15510 = CARTESIAN_POINT('',(6.003925E+03,6.2992E+03,4.372853889344E+03)
  );
#15511 = DIRECTION('',(0.,1.,-3.E-16));
#15512 = DIRECTION('',(0.,3.E-16,1.));
#15513 = ADVANCED_FACE('',(#15514),#15520,.T.);
#15514 = FACE_BOUND('',#15515,.F.);
#15515 = EDGE_LOOP('',(#15516,#15517,#15518,#15519));
#15516 = ORIENTED_EDGE('',*,*,#15391,.T.);
#15517 = ORIENTED_EDGE('',*,*,#15422,.T.);
#15518 = ORIENTED_EDGE('',*,*,#15453,.T.);
#15519 = ORIENTED_EDGE('',*,*,#15484,.T.);
#15520 = PLANE('',#15521);
#15521 = AXIS2_PLACEMENT_3D('',#15522,#15523,#15524);
#15522 = CARTESIAN_POINT('',(6.003925E+03,6.35E+03,4.372853889344E+03));
#15523 = DIRECTION('',(0.,1.,-3.E-16));
#15524 = DIRECTION('',(0.,3.E-16,1.));
#15525 = MANIFOLD_SOLID_BREP('',#15526);
#15526 = CLOSED_SHELL('',(#15527,#15567,#15598,#15629,#15651,#15663));
#15527 = ADVANCED_FACE('',(#15528),#15562,.T.);
#15528 = FACE_BOUND('',#15529,.T.);
#15529 = EDGE_LOOP('',(#15530,#15540,#15548,#15556));
#15530 = ORIENTED_EDGE('',*,*,#15531,.T.);
#15531 = EDGE_CURVE('',#15532,#15534,#15536,.T.);
#15532 = VERTEX_POINT('',#15533);
#15533 = CARTESIAN_POINT('',(1.42875E+03,6.2992E+03,5.3213E+03));
#15534 = VERTEX_POINT('',#15535);
#15535 = CARTESIAN_POINT('',(1.42875E+03,6.35E+03,5.3213E+03));
#15536 = LINE('',#15537,#15538);
#15537 = CARTESIAN_POINT('',(1.42875E+03,6.2992E+03,5.3213E+03));
#15538 = VECTOR('',#15539,1.);
#15539 = DIRECTION('',(0.,1.,0.));
#15540 = ORIENTED_EDGE('',*,*,#15541,.T.);
#15541 = EDGE_CURVE('',#15534,#15542,#15544,.T.);
#15542 = VERTEX_POINT('',#15543);
#15543 = CARTESIAN_POINT('',(1.47955E+03,6.35E+03,5.3213E+03));
#15544 = LINE('',#15545,#15546);
#15545 = CARTESIAN_POINT('',(1.42875E+03,6.35E+03,5.3213E+03));
#15546 = VECTOR('',#15547,1.);
#15547 = DIRECTION('',(1.,0.,0.));
#15548 = ORIENTED_EDGE('',*,*,#15549,.F.);
#15549 = EDGE_CURVE('',#15550,#15542,#15552,.T.);
#15550 = VERTEX_POINT('',#15551);
#15551 = CARTESIAN_POINT('',(1.47955E+03,6.2992E+03,5.3213E+03));
#15552 = LINE('',#15553,#15554);
#15553 = CARTESIAN_POINT('',(1.47955E+03,6.2992E+03,5.3213E+03));
#15554 = VECTOR('',#15555,1.);
#15555 = DIRECTION('',(0.,1.,0.));
#15556 = ORIENTED_EDGE('',*,*,#15557,.F.);
#15557 = EDGE_CURVE('',#15532,#15550,#15558,.T.);
#15558 = LINE('',#15559,#15560);
#15559 = CARTESIAN_POINT('',(1.42875E+03,6.2992E+03,5.3213E+03));
#15560 = VECTOR('',#15561,1.);
#15561 = DIRECTION('',(1.,0.,0.));
#15562 = PLANE('',#15563);
#15563 = AXIS2_PLACEMENT_3D('',#15564,#15565,#15566);
#15564 = CARTESIAN_POINT('',(1.42875E+03,6.2992E+03,5.3213E+03));
#15565 = DIRECTION('',(0.,0.,-1.));
#15566 = DIRECTION('',(1.,0.,0.));
#15567 = ADVANCED_FACE('',(#15568),#15593,.T.);
#15568 = FACE_BOUND('',#15569,.T.);
#15569 = EDGE_LOOP('',(#15570,#15571,#15579,#15587));
#15570 = ORIENTED_EDGE('',*,*,#15549,.T.);
#15571 = ORIENTED_EDGE('',*,*,#15572,.T.);
#15572 = EDGE_CURVE('',#15542,#15573,#15575,.T.);
#15573 = VERTEX_POINT('',#15574);
#15574 = CARTESIAN_POINT('',(1.47955E+03,6.35E+03,5.773907778688E+03));
#15575 = LINE('',#15576,#15577);
#15576 = CARTESIAN_POINT('',(1.47955E+03,6.35E+03,5.3213E+03));
#15577 = VECTOR('',#15578,1.);
#15578 = DIRECTION('',(0.,0.,1.));
#15579 = ORIENTED_EDGE('',*,*,#15580,.F.);
#15580 = EDGE_CURVE('',#15581,#15573,#15583,.T.);
#15581 = VERTEX_POINT('',#15582);
#15582 = CARTESIAN_POINT('',(1.47955E+03,6.2992E+03,5.773907778688E+03)
  );
#15583 = LINE('',#15584,#15585);
#15584 = CARTESIAN_POINT('',(1.47955E+03,6.2992E+03,5.773907778688E+03)
  );
#15585 = VECTOR('',#15586,1.);
#15586 = DIRECTION('',(0.,1.,0.));
#15587 = ORIENTED_EDGE('',*,*,#15588,.F.);
#15588 = EDGE_CURVE('',#15550,#15581,#15589,.T.);
#15589 = LINE('',#15590,#15591);
#15590 = CARTESIAN_POINT('',(1.47955E+03,6.2992E+03,5.3213E+03));
#15591 = VECTOR('',#15592,1.);
#15592 = DIRECTION('',(0.,0.,1.));
#15593 = PLANE('',#15594);
#15594 = AXIS2_PLACEMENT_3D('',#15595,#15596,#15597);
#15595 = CARTESIAN_POINT('',(1.47955E+03,6.2992E+03,5.3213E+03));
#15596 = DIRECTION('',(1.,0.,0.));
#15597 = DIRECTION('',(0.,2.2E-16,1.));
#15598 = ADVANCED_FACE('',(#15599),#15624,.T.);
#15599 = FACE_BOUND('',#15600,.T.);
#15600 = EDGE_LOOP('',(#15601,#15602,#15610,#15618));
#15601 = ORIENTED_EDGE('',*,*,#15580,.T.);
#15602 = ORIENTED_EDGE('',*,*,#15603,.T.);
#15603 = EDGE_CURVE('',#15573,#15604,#15606,.T.);
#15604 = VERTEX_POINT('',#15605);
#15605 = CARTESIAN_POINT('',(1.42875E+03,6.35E+03,5.773907778688E+03));
#15606 = LINE('',#15607,#15608);
#15607 = CARTESIAN_POINT('',(1.47955E+03,6.35E+03,5.773907778688E+03));
#15608 = VECTOR('',#15609,1.);
#15609 = DIRECTION('',(-1.,0.,0.));
#15610 = ORIENTED_EDGE('',*,*,#15611,.F.);
#15611 = EDGE_CURVE('',#15612,#15604,#15614,.T.);
#15612 = VERTEX_POINT('',#15613);
#15613 = CARTESIAN_POINT('',(1.42875E+03,6.2992E+03,5.773907778688E+03)
  );
#15614 = LINE('',#15615,#15616);
#15615 = CARTESIAN_POINT('',(1.42875E+03,6.2992E+03,5.773907778688E+03)
  );
#15616 = VECTOR('',#15617,1.);
#15617 = DIRECTION('',(0.,1.,0.));
#15618 = ORIENTED_EDGE('',*,*,#15619,.F.);
#15619 = EDGE_CURVE('',#15581,#15612,#15620,.T.);
#15620 = LINE('',#15621,#15622);
#15621 = CARTESIAN_POINT('',(1.47955E+03,6.2992E+03,5.773907778688E+03)
  );
#15622 = VECTOR('',#15623,1.);
#15623 = DIRECTION('',(-1.,0.,0.));
#15624 = PLANE('',#15625);
#15625 = AXIS2_PLACEMENT_3D('',#15626,#15627,#15628);
#15626 = CARTESIAN_POINT('',(1.47955E+03,6.2992E+03,5.773907778688E+03)
  );
#15627 = DIRECTION('',(0.,0.,1.));
#15628 = DIRECTION('',(-1.,0.,0.));
#15629 = ADVANCED_FACE('',(#15630),#15646,.T.);
#15630 = FACE_BOUND('',#15631,.T.);
#15631 = EDGE_LOOP('',(#15632,#15633,#15639,#15640));
#15632 = ORIENTED_EDGE('',*,*,#15611,.T.);
#15633 = ORIENTED_EDGE('',*,*,#15634,.T.);
#15634 = EDGE_CURVE('',#15604,#15534,#15635,.T.);
#15635 = LINE('',#15636,#15637);
#15636 = CARTESIAN_POINT('',(1.42875E+03,6.35E+03,5.773907778688E+03));
#15637 = VECTOR('',#15638,1.);
#15638 = DIRECTION('',(0.,0.,-1.));
#15639 = ORIENTED_EDGE('',*,*,#15531,.F.);
#15640 = ORIENTED_EDGE('',*,*,#15641,.F.);
#15641 = EDGE_CURVE('',#15612,#15532,#15642,.T.);
#15642 = LINE('',#15643,#15644);
#15643 = CARTESIAN_POINT('',(1.42875E+03,6.2992E+03,5.773907778688E+03)
  );
#15644 = VECTOR('',#15645,1.);
#15645 = DIRECTION('',(0.,0.,-1.));
#15646 = PLANE('',#15647);
#15647 = AXIS2_PLACEMENT_3D('',#15648,#15649,#15650);
#15648 = CARTESIAN_POINT('',(1.42875E+03,6.2992E+03,5.773907778688E+03)
  );
#15649 = DIRECTION('',(-1.,0.,0.));
#15650 = DIRECTION('',(0.,-2.2E-16,-1.));
#15651 = ADVANCED_FACE('',(#15652),#15658,.F.);
#15652 = FACE_BOUND('',#15653,.T.);
#15653 = EDGE_LOOP('',(#15654,#15655,#15656,#15657));
#15654 = ORIENTED_EDGE('',*,*,#15557,.T.);
#15655 = ORIENTED_EDGE('',*,*,#15588,.T.);
#15656 = ORIENTED_EDGE('',*,*,#15619,.T.);
#15657 = ORIENTED_EDGE('',*,*,#15641,.T.);
#15658 = PLANE('',#15659);
#15659 = AXIS2_PLACEMENT_3D('',#15660,#15661,#15662);
#15660 = CARTESIAN_POINT('',(1.45415E+03,6.2992E+03,5.547603889344E+03)
  );
#15661 = DIRECTION('',(0.,1.,0.));
#15662 = DIRECTION('',(0.,0.,1.));
#15663 = ADVANCED_FACE('',(#15664),#15670,.T.);
#15664 = FACE_BOUND('',#15665,.F.);
#15665 = EDGE_LOOP('',(#15666,#15667,#15668,#15669));
#15666 = ORIENTED_EDGE('',*,*,#15541,.T.);
#15667 = ORIENTED_EDGE('',*,*,#15572,.T.);
#15668 = ORIENTED_EDGE('',*,*,#15603,.T.);
#15669 = ORIENTED_EDGE('',*,*,#15634,.T.);
#15670 = PLANE('',#15671);
#15671 = AXIS2_PLACEMENT_3D('',#15672,#15673,#15674);
#15672 = CARTESIAN_POINT('',(1.45415E+03,6.35E+03,5.547603889344E+03));
#15673 = DIRECTION('',(0.,1.,0.));
#15674 = DIRECTION('',(0.,0.,1.));
#15675 = MANIFOLD_SOLID_BREP('',#15676);
#15676 = CLOSED_SHELL('',(#15677,#15717,#15748,#15779,#15801,#15813));
#15677 = ADVANCED_FACE('',(#15678),#15712,.T.);
#15678 = FACE_BOUND('',#15679,.T.);
#15679 = EDGE_LOOP('',(#15680,#15690,#15698,#15706));
#15680 = ORIENTED_EDGE('',*,*,#15681,.T.);
#15681 = EDGE_CURVE('',#15682,#15684,#15686,.T.);
#15682 = VERTEX_POINT('',#15683);
#15683 = CARTESIAN_POINT('',(2.01295E+03,6.2992E+03,5.3213E+03));
#15684 = VERTEX_POINT('',#15685);
#15685 = CARTESIAN_POINT('',(2.01295E+03,6.35E+03,5.3213E+03));
#15686 = LINE('',#15687,#15688);
#15687 = CARTESIAN_POINT('',(2.01295E+03,6.2992E+03,5.3213E+03));
#15688 = VECTOR('',#15689,1.);
#15689 = DIRECTION('',(0.,1.,0.));
#15690 = ORIENTED_EDGE('',*,*,#15691,.T.);
#15691 = EDGE_CURVE('',#15684,#15692,#15694,.T.);
#15692 = VERTEX_POINT('',#15693);
#15693 = CARTESIAN_POINT('',(2.06375E+03,6.35E+03,5.3213E+03));
#15694 = LINE('',#15695,#15696);
#15695 = CARTESIAN_POINT('',(2.01295E+03,6.35E+03,5.3213E+03));
#15696 = VECTOR('',#15697,1.);
#15697 = DIRECTION('',(1.,0.,0.));
#15698 = ORIENTED_EDGE('',*,*,#15699,.F.);
#15699 = EDGE_CURVE('',#15700,#15692,#15702,.T.);
#15700 = VERTEX_POINT('',#15701);
#15701 = CARTESIAN_POINT('',(2.06375E+03,6.2992E+03,5.3213E+03));
#15702 = LINE('',#15703,#15704);
#15703 = CARTESIAN_POINT('',(2.06375E+03,6.2992E+03,5.3213E+03));
#15704 = VECTOR('',#15705,1.);
#15705 = DIRECTION('',(0.,1.,0.));
#15706 = ORIENTED_EDGE('',*,*,#15707,.F.);
#15707 = EDGE_CURVE('',#15682,#15700,#15708,.T.);
#15708 = LINE('',#15709,#15710);
#15709 = CARTESIAN_POINT('',(2.01295E+03,6.2992E+03,5.3213E+03));
#15710 = VECTOR('',#15711,1.);
#15711 = DIRECTION('',(1.,0.,0.));
#15712 = PLANE('',#15713);
#15713 = AXIS2_PLACEMENT_3D('',#15714,#15715,#15716);
#15714 = CARTESIAN_POINT('',(2.01295E+03,6.2992E+03,5.3213E+03));
#15715 = DIRECTION('',(0.,0.,-1.));
#15716 = DIRECTION('',(1.,0.,0.));
#15717 = ADVANCED_FACE('',(#15718),#15743,.T.);
#15718 = FACE_BOUND('',#15719,.T.);
#15719 = EDGE_LOOP('',(#15720,#15721,#15729,#15737));
#15720 = ORIENTED_EDGE('',*,*,#15699,.T.);
#15721 = ORIENTED_EDGE('',*,*,#15722,.T.);
#15722 = EDGE_CURVE('',#15692,#15723,#15725,.T.);
#15723 = VERTEX_POINT('',#15724);
#15724 = CARTESIAN_POINT('',(2.06375E+03,6.35E+03,5.773907778688E+03));
#15725 = LINE('',#15726,#15727);
#15726 = CARTESIAN_POINT('',(2.06375E+03,6.35E+03,5.3213E+03));
#15727 = VECTOR('',#15728,1.);
#15728 = DIRECTION('',(0.,0.,1.));
#15729 = ORIENTED_EDGE('',*,*,#15730,.F.);
#15730 = EDGE_CURVE('',#15731,#15723,#15733,.T.);
#15731 = VERTEX_POINT('',#15732);
#15732 = CARTESIAN_POINT('',(2.06375E+03,6.2992E+03,5.773907778688E+03)
  );
#15733 = LINE('',#15734,#15735);
#15734 = CARTESIAN_POINT('',(2.06375E+03,6.2992E+03,5.773907778688E+03)
  );
#15735 = VECTOR('',#15736,1.);
#15736 = DIRECTION('',(0.,1.,0.));
#15737 = ORIENTED_EDGE('',*,*,#15738,.F.);
#15738 = EDGE_CURVE('',#15700,#15731,#15739,.T.);
#15739 = LINE('',#15740,#15741);
#15740 = CARTESIAN_POINT('',(2.06375E+03,6.2992E+03,5.3213E+03));
#15741 = VECTOR('',#15742,1.);
#15742 = DIRECTION('',(0.,0.,1.));
#15743 = PLANE('',#15744);
#15744 = AXIS2_PLACEMENT_3D('',#15745,#15746,#15747);
#15745 = CARTESIAN_POINT('',(2.06375E+03,6.2992E+03,5.3213E+03));
#15746 = DIRECTION('',(1.,0.,0.));
#15747 = DIRECTION('',(0.,2.2E-16,1.));
#15748 = ADVANCED_FACE('',(#15749),#15774,.T.);
#15749 = FACE_BOUND('',#15750,.T.);
#15750 = EDGE_LOOP('',(#15751,#15752,#15760,#15768));
#15751 = ORIENTED_EDGE('',*,*,#15730,.T.);
#15752 = ORIENTED_EDGE('',*,*,#15753,.T.);
#15753 = EDGE_CURVE('',#15723,#15754,#15756,.T.);
#15754 = VERTEX_POINT('',#15755);
#15755 = CARTESIAN_POINT('',(2.01295E+03,6.35E+03,5.773907778688E+03));
#15756 = LINE('',#15757,#15758);
#15757 = CARTESIAN_POINT('',(2.06375E+03,6.35E+03,5.773907778688E+03));
#15758 = VECTOR('',#15759,1.);
#15759 = DIRECTION('',(-1.,0.,0.));
#15760 = ORIENTED_EDGE('',*,*,#15761,.F.);
#15761 = EDGE_CURVE('',#15762,#15754,#15764,.T.);
#15762 = VERTEX_POINT('',#15763);
#15763 = CARTESIAN_POINT('',(2.01295E+03,6.2992E+03,5.773907778688E+03)
  );
#15764 = LINE('',#15765,#15766);
#15765 = CARTESIAN_POINT('',(2.01295E+03,6.2992E+03,5.773907778688E+03)
  );
#15766 = VECTOR('',#15767,1.);
#15767 = DIRECTION('',(0.,1.,0.));
#15768 = ORIENTED_EDGE('',*,*,#15769,.F.);
#15769 = EDGE_CURVE('',#15731,#15762,#15770,.T.);
#15770 = LINE('',#15771,#15772);
#15771 = CARTESIAN_POINT('',(2.06375E+03,6.2992E+03,5.773907778688E+03)
  );
#15772 = VECTOR('',#15773,1.);
#15773 = DIRECTION('',(-1.,0.,0.));
#15774 = PLANE('',#15775);
#15775 = AXIS2_PLACEMENT_3D('',#15776,#15777,#15778);
#15776 = CARTESIAN_POINT('',(2.06375E+03,6.2992E+03,5.773907778688E+03)
  );
#15777 = DIRECTION('',(0.,0.,1.));
#15778 = DIRECTION('',(-1.,0.,0.));
#15779 = ADVANCED_FACE('',(#15780),#15796,.T.);
#15780 = FACE_BOUND('',#15781,.T.);
#15781 = EDGE_LOOP('',(#15782,#15783,#15789,#15790));
#15782 = ORIENTED_EDGE('',*,*,#15761,.T.);
#15783 = ORIENTED_EDGE('',*,*,#15784,.T.);
#15784 = EDGE_CURVE('',#15754,#15684,#15785,.T.);
#15785 = LINE('',#15786,#15787);
#15786 = CARTESIAN_POINT('',(2.01295E+03,6.35E+03,5.773907778688E+03));
#15787 = VECTOR('',#15788,1.);
#15788 = DIRECTION('',(0.,0.,-1.));
#15789 = ORIENTED_EDGE('',*,*,#15681,.F.);
#15790 = ORIENTED_EDGE('',*,*,#15791,.F.);
#15791 = EDGE_CURVE('',#15762,#15682,#15792,.T.);
#15792 = LINE('',#15793,#15794);
#15793 = CARTESIAN_POINT('',(2.01295E+03,6.2992E+03,5.773907778688E+03)
  );
#15794 = VECTOR('',#15795,1.);
#15795 = DIRECTION('',(0.,0.,-1.));
#15796 = PLANE('',#15797);
#15797 = AXIS2_PLACEMENT_3D('',#15798,#15799,#15800);
#15798 = CARTESIAN_POINT('',(2.01295E+03,6.2992E+03,5.773907778688E+03)
  );
#15799 = DIRECTION('',(-1.,0.,0.));
#15800 = DIRECTION('',(0.,-2.2E-16,-1.));
#15801 = ADVANCED_FACE('',(#15802),#15808,.F.);
#15802 = FACE_BOUND('',#15803,.T.);
#15803 = EDGE_LOOP('',(#15804,#15805,#15806,#15807));
#15804 = ORIENTED_EDGE('',*,*,#15707,.T.);
#15805 = ORIENTED_EDGE('',*,*,#15738,.T.);
#15806 = ORIENTED_EDGE('',*,*,#15769,.T.);
#15807 = ORIENTED_EDGE('',*,*,#15791,.T.);
#15808 = PLANE('',#15809);
#15809 = AXIS2_PLACEMENT_3D('',#15810,#15811,#15812);
#15810 = CARTESIAN_POINT('',(2.03835E+03,6.2992E+03,5.547603889344E+03)
  );
#15811 = DIRECTION('',(0.,1.,0.));
#15812 = DIRECTION('',(0.,0.,1.));
#15813 = ADVANCED_FACE('',(#15814),#15820,.T.);
#15814 = FACE_BOUND('',#15815,.F.);
#15815 = EDGE_LOOP('',(#15816,#15817,#15818,#15819));
#15816 = ORIENTED_EDGE('',*,*,#15691,.T.);
#15817 = ORIENTED_EDGE('',*,*,#15722,.T.);
#15818 = ORIENTED_EDGE('',*,*,#15753,.T.);
#15819 = ORIENTED_EDGE('',*,*,#15784,.T.);
#15820 = PLANE('',#15821);
#15821 = AXIS2_PLACEMENT_3D('',#15822,#15823,#15824);
#15822 = CARTESIAN_POINT('',(2.03835E+03,6.35E+03,5.547603889344E+03));
#15823 = DIRECTION('',(0.,1.,0.));
#15824 = DIRECTION('',(0.,0.,1.));
#15825 = MANIFOLD_SOLID_BREP('',#15826);
#15826 = CLOSED_SHELL('',(#15827,#15867,#15898,#15929,#15951,#15963));
#15827 = ADVANCED_FACE('',(#15828),#15862,.T.);
#15828 = FACE_BOUND('',#15829,.T.);
#15829 = EDGE_LOOP('',(#15830,#15840,#15848,#15856));
#15830 = ORIENTED_EDGE('',*,*,#15831,.T.);
#15831 = EDGE_CURVE('',#15832,#15834,#15836,.T.);
#15832 = VERTEX_POINT('',#15833);
#15833 = CARTESIAN_POINT('',(2.62255E+03,6.2992E+03,5.3213E+03));
#15834 = VERTEX_POINT('',#15835);
#15835 = CARTESIAN_POINT('',(2.62255E+03,6.35E+03,5.3213E+03));
#15836 = LINE('',#15837,#15838);
#15837 = CARTESIAN_POINT('',(2.62255E+03,6.2992E+03,5.3213E+03));
#15838 = VECTOR('',#15839,1.);
#15839 = DIRECTION('',(0.,1.,0.));
#15840 = ORIENTED_EDGE('',*,*,#15841,.T.);
#15841 = EDGE_CURVE('',#15834,#15842,#15844,.T.);
#15842 = VERTEX_POINT('',#15843);
#15843 = CARTESIAN_POINT('',(2.67335E+03,6.35E+03,5.3213E+03));
#15844 = LINE('',#15845,#15846);
#15845 = CARTESIAN_POINT('',(2.62255E+03,6.35E+03,5.3213E+03));
#15846 = VECTOR('',#15847,1.);
#15847 = DIRECTION('',(1.,0.,0.));
#15848 = ORIENTED_EDGE('',*,*,#15849,.F.);
#15849 = EDGE_CURVE('',#15850,#15842,#15852,.T.);
#15850 = VERTEX_POINT('',#15851);
#15851 = CARTESIAN_POINT('',(2.67335E+03,6.2992E+03,5.3213E+03));
#15852 = LINE('',#15853,#15854);
#15853 = CARTESIAN_POINT('',(2.67335E+03,6.2992E+03,5.3213E+03));
#15854 = VECTOR('',#15855,1.);
#15855 = DIRECTION('',(0.,1.,0.));
#15856 = ORIENTED_EDGE('',*,*,#15857,.F.);
#15857 = EDGE_CURVE('',#15832,#15850,#15858,.T.);
#15858 = LINE('',#15859,#15860);
#15859 = CARTESIAN_POINT('',(2.62255E+03,6.2992E+03,5.3213E+03));
#15860 = VECTOR('',#15861,1.);
#15861 = DIRECTION('',(1.,0.,0.));
#15862 = PLANE('',#15863);
#15863 = AXIS2_PLACEMENT_3D('',#15864,#15865,#15866);
#15864 = CARTESIAN_POINT('',(2.62255E+03,6.2992E+03,5.3213E+03));
#15865 = DIRECTION('',(0.,0.,-1.));
#15866 = DIRECTION('',(1.,0.,0.));
#15867 = ADVANCED_FACE('',(#15868),#15893,.T.);
#15868 = FACE_BOUND('',#15869,.T.);
#15869 = EDGE_LOOP('',(#15870,#15871,#15879,#15887));
#15870 = ORIENTED_EDGE('',*,*,#15849,.T.);
#15871 = ORIENTED_EDGE('',*,*,#15872,.T.);
#15872 = EDGE_CURVE('',#15842,#15873,#15875,.T.);
#15873 = VERTEX_POINT('',#15874);
#15874 = CARTESIAN_POINT('',(2.67335E+03,6.35E+03,5.773907778688E+03));
#15875 = LINE('',#15876,#15877);
#15876 = CARTESIAN_POINT('',(2.67335E+03,6.35E+03,5.3213E+03));
#15877 = VECTOR('',#15878,1.);
#15878 = DIRECTION('',(0.,0.,1.));
#15879 = ORIENTED_EDGE('',*,*,#15880,.F.);
#15880 = EDGE_CURVE('',#15881,#15873,#15883,.T.);
#15881 = VERTEX_POINT('',#15882);
#15882 = CARTESIAN_POINT('',(2.67335E+03,6.2992E+03,5.773907778688E+03)
  );
#15883 = LINE('',#15884,#15885);
#15884 = CARTESIAN_POINT('',(2.67335E+03,6.2992E+03,5.773907778688E+03)
  );
#15885 = VECTOR('',#15886,1.);
#15886 = DIRECTION('',(0.,1.,0.));
#15887 = ORIENTED_EDGE('',*,*,#15888,.F.);
#15888 = EDGE_CURVE('',#15850,#15881,#15889,.T.);
#15889 = LINE('',#15890,#15891);
#15890 = CARTESIAN_POINT('',(2.67335E+03,6.2992E+03,5.3213E+03));
#15891 = VECTOR('',#15892,1.);
#15892 = DIRECTION('',(0.,0.,1.));
#15893 = PLANE('',#15894);
#15894 = AXIS2_PLACEMENT_3D('',#15895,#15896,#15897);
#15895 = CARTESIAN_POINT('',(2.67335E+03,6.2992E+03,5.3213E+03));
#15896 = DIRECTION('',(1.,0.,0.));
#15897 = DIRECTION('',(0.,2.2E-16,1.));
#15898 = ADVANCED_FACE('',(#15899),#15924,.T.);
#15899 = FACE_BOUND('',#15900,.T.);
#15900 = EDGE_LOOP('',(#15901,#15902,#15910,#15918));
#15901 = ORIENTED_EDGE('',*,*,#15880,.T.);
#15902 = ORIENTED_EDGE('',*,*,#15903,.T.);
#15903 = EDGE_CURVE('',#15873,#15904,#15906,.T.);
#15904 = VERTEX_POINT('',#15905);
#15905 = CARTESIAN_POINT('',(2.62255E+03,6.35E+03,5.773907778688E+03));
#15906 = LINE('',#15907,#15908);
#15907 = CARTESIAN_POINT('',(2.67335E+03,6.35E+03,5.773907778688E+03));
#15908 = VECTOR('',#15909,1.);
#15909 = DIRECTION('',(-1.,0.,0.));
#15910 = ORIENTED_EDGE('',*,*,#15911,.F.);
#15911 = EDGE_CURVE('',#15912,#15904,#15914,.T.);
#15912 = VERTEX_POINT('',#15913);
#15913 = CARTESIAN_POINT('',(2.62255E+03,6.2992E+03,5.773907778688E+03)
  );
#15914 = LINE('',#15915,#15916);
#15915 = CARTESIAN_POINT('',(2.62255E+03,6.2992E+03,5.773907778688E+03)
  );
#15916 = VECTOR('',#15917,1.);
#15917 = DIRECTION('',(0.,1.,0.));
#15918 = ORIENTED_EDGE('',*,*,#15919,.F.);
#15919 = EDGE_CURVE('',#15881,#15912,#15920,.T.);
#15920 = LINE('',#15921,#15922);
#15921 = CARTESIAN_POINT('',(2.67335E+03,6.2992E+03,5.773907778688E+03)
  );
#15922 = VECTOR('',#15923,1.);
#15923 = DIRECTION('',(-1.,0.,0.));
#15924 = PLANE('',#15925);
#15925 = AXIS2_PLACEMENT_3D('',#15926,#15927,#15928);
#15926 = CARTESIAN_POINT('',(2.67335E+03,6.2992E+03,5.773907778688E+03)
  );
#15927 = DIRECTION('',(0.,0.,1.));
#15928 = DIRECTION('',(-1.,0.,0.));
#15929 = ADVANCED_FACE('',(#15930),#15946,.T.);
#15930 = FACE_BOUND('',#15931,.T.);
#15931 = EDGE_LOOP('',(#15932,#15933,#15939,#15940));
#15932 = ORIENTED_EDGE('',*,*,#15911,.T.);
#15933 = ORIENTED_EDGE('',*,*,#15934,.T.);
#15934 = EDGE_CURVE('',#15904,#15834,#15935,.T.);
#15935 = LINE('',#15936,#15937);
#15936 = CARTESIAN_POINT('',(2.62255E+03,6.35E+03,5.773907778688E+03));
#15937 = VECTOR('',#15938,1.);
#15938 = DIRECTION('',(0.,0.,-1.));
#15939 = ORIENTED_EDGE('',*,*,#15831,.F.);
#15940 = ORIENTED_EDGE('',*,*,#15941,.F.);
#15941 = EDGE_CURVE('',#15912,#15832,#15942,.T.);
#15942 = LINE('',#15943,#15944);
#15943 = CARTESIAN_POINT('',(2.62255E+03,6.2992E+03,5.773907778688E+03)
  );
#15944 = VECTOR('',#15945,1.);
#15945 = DIRECTION('',(0.,0.,-1.));
#15946 = PLANE('',#15947);
#15947 = AXIS2_PLACEMENT_3D('',#15948,#15949,#15950);
#15948 = CARTESIAN_POINT('',(2.62255E+03,6.2992E+03,5.773907778688E+03)
  );
#15949 = DIRECTION('',(-1.,0.,0.));
#15950 = DIRECTION('',(0.,-2.2E-16,-1.));
#15951 = ADVANCED_FACE('',(#15952),#15958,.F.);
#15952 = FACE_BOUND('',#15953,.T.);
#15953 = EDGE_LOOP('',(#15954,#15955,#15956,#15957));
#15954 = ORIENTED_EDGE('',*,*,#15857,.T.);
#15955 = ORIENTED_EDGE('',*,*,#15888,.T.);
#15956 = ORIENTED_EDGE('',*,*,#15919,.T.);
#15957 = ORIENTED_EDGE('',*,*,#15941,.T.);
#15958 = PLANE('',#15959);
#15959 = AXIS2_PLACEMENT_3D('',#15960,#15961,#15962);
#15960 = CARTESIAN_POINT('',(2.64795E+03,6.2992E+03,5.547603889344E+03)
  );
#15961 = DIRECTION('',(0.,1.,0.));
#15962 = DIRECTION('',(0.,0.,1.));
#15963 = ADVANCED_FACE('',(#15964),#15970,.T.);
#15964 = FACE_BOUND('',#15965,.F.);
#15965 = EDGE_LOOP('',(#15966,#15967,#15968,#15969));
#15966 = ORIENTED_EDGE('',*,*,#15841,.T.);
#15967 = ORIENTED_EDGE('',*,*,#15872,.T.);
#15968 = ORIENTED_EDGE('',*,*,#15903,.T.);
#15969 = ORIENTED_EDGE('',*,*,#15934,.T.);
#15970 = PLANE('',#15971);
#15971 = AXIS2_PLACEMENT_3D('',#15972,#15973,#15974);
#15972 = CARTESIAN_POINT('',(2.64795E+03,6.35E+03,5.547603889344E+03));
#15973 = DIRECTION('',(0.,1.,0.));
#15974 = DIRECTION('',(0.,0.,1.));
#15975 = MANIFOLD_SOLID_BREP('',#15976);
#15976 = CLOSED_SHELL('',(#15977,#16017,#16048,#16079,#16101,#16113));
#15977 = ADVANCED_FACE('',(#15978),#16012,.T.);
#15978 = FACE_BOUND('',#15979,.T.);
#15979 = EDGE_LOOP('',(#15980,#15990,#15998,#16006));
#15980 = ORIENTED_EDGE('',*,*,#15981,.T.);
#15981 = EDGE_CURVE('',#15982,#15984,#15986,.T.);
#15982 = VERTEX_POINT('',#15983);
#15983 = CARTESIAN_POINT('',(3.23215E+03,6.2992E+03,5.3213E+03));
#15984 = VERTEX_POINT('',#15985);
#15985 = CARTESIAN_POINT('',(3.23215E+03,6.35E+03,5.3213E+03));
#15986 = LINE('',#15987,#15988);
#15987 = CARTESIAN_POINT('',(3.23215E+03,6.2992E+03,5.3213E+03));
#15988 = VECTOR('',#15989,1.);
#15989 = DIRECTION('',(0.,1.,0.));
#15990 = ORIENTED_EDGE('',*,*,#15991,.T.);
#15991 = EDGE_CURVE('',#15984,#15992,#15994,.T.);
#15992 = VERTEX_POINT('',#15993);
#15993 = CARTESIAN_POINT('',(3.28295E+03,6.35E+03,5.3213E+03));
#15994 = LINE('',#15995,#15996);
#15995 = CARTESIAN_POINT('',(3.23215E+03,6.35E+03,5.3213E+03));
#15996 = VECTOR('',#15997,1.);
#15997 = DIRECTION('',(1.,0.,0.));
#15998 = ORIENTED_EDGE('',*,*,#15999,.F.);
#15999 = EDGE_CURVE('',#16000,#15992,#16002,.T.);
#16000 = VERTEX_POINT('',#16001);
#16001 = CARTESIAN_POINT('',(3.28295E+03,6.2992E+03,5.3213E+03));
#16002 = LINE('',#16003,#16004);
#16003 = CARTESIAN_POINT('',(3.28295E+03,6.2992E+03,5.3213E+03));
#16004 = VECTOR('',#16005,1.);
#16005 = DIRECTION('',(0.,1.,0.));
#16006 = ORIENTED_EDGE('',*,*,#16007,.F.);
#16007 = EDGE_CURVE('',#15982,#16000,#16008,.T.);
#16008 = LINE('',#16009,#16010);
#16009 = CARTESIAN_POINT('',(3.23215E+03,6.2992E+03,5.3213E+03));
#16010 = VECTOR('',#16011,1.);
#16011 = DIRECTION('',(1.,0.,0.));
#16012 = PLANE('',#16013);
#16013 = AXIS2_PLACEMENT_3D('',#16014,#16015,#16016);
#16014 = CARTESIAN_POINT('',(3.23215E+03,6.2992E+03,5.3213E+03));
#16015 = DIRECTION('',(0.,0.,-1.));
#16016 = DIRECTION('',(1.,0.,0.));
#16017 = ADVANCED_FACE('',(#16018),#16043,.T.);
#16018 = FACE_BOUND('',#16019,.T.);
#16019 = EDGE_LOOP('',(#16020,#16021,#16029,#16037));
#16020 = ORIENTED_EDGE('',*,*,#15999,.T.);
#16021 = ORIENTED_EDGE('',*,*,#16022,.T.);
#16022 = EDGE_CURVE('',#15992,#16023,#16025,.T.);
#16023 = VERTEX_POINT('',#16024);
#16024 = CARTESIAN_POINT('',(3.28295E+03,6.35E+03,5.773907778688E+03));
#16025 = LINE('',#16026,#16027);
#16026 = CARTESIAN_POINT('',(3.28295E+03,6.35E+03,5.3213E+03));
#16027 = VECTOR('',#16028,1.);
#16028 = DIRECTION('',(0.,0.,1.));
#16029 = ORIENTED_EDGE('',*,*,#16030,.F.);
#16030 = EDGE_CURVE('',#16031,#16023,#16033,.T.);
#16031 = VERTEX_POINT('',#16032);
#16032 = CARTESIAN_POINT('',(3.28295E+03,6.2992E+03,5.773907778688E+03)
  );
#16033 = LINE('',#16034,#16035);
#16034 = CARTESIAN_POINT('',(3.28295E+03,6.2992E+03,5.773907778688E+03)
  );
#16035 = VECTOR('',#16036,1.);
#16036 = DIRECTION('',(0.,1.,0.));
#16037 = ORIENTED_EDGE('',*,*,#16038,.F.);
#16038 = EDGE_CURVE('',#16000,#16031,#16039,.T.);
#16039 = LINE('',#16040,#16041);
#16040 = CARTESIAN_POINT('',(3.28295E+03,6.2992E+03,5.3213E+03));
#16041 = VECTOR('',#16042,1.);
#16042 = DIRECTION('',(0.,0.,1.));
#16043 = PLANE('',#16044);
#16044 = AXIS2_PLACEMENT_3D('',#16045,#16046,#16047);
#16045 = CARTESIAN_POINT('',(3.28295E+03,6.2992E+03,5.3213E+03));
#16046 = DIRECTION('',(1.,0.,0.));
#16047 = DIRECTION('',(0.,2.2E-16,1.));
#16048 = ADVANCED_FACE('',(#16049),#16074,.T.);
#16049 = FACE_BOUND('',#16050,.T.);
#16050 = EDGE_LOOP('',(#16051,#16052,#16060,#16068));
#16051 = ORIENTED_EDGE('',*,*,#16030,.T.);
#16052 = ORIENTED_EDGE('',*,*,#16053,.T.);
#16053 = EDGE_CURVE('',#16023,#16054,#16056,.T.);
#16054 = VERTEX_POINT('',#16055);
#16055 = CARTESIAN_POINT('',(3.23215E+03,6.35E+03,5.773907778688E+03));
#16056 = LINE('',#16057,#16058);
#16057 = CARTESIAN_POINT('',(3.28295E+03,6.35E+03,5.773907778688E+03));
#16058 = VECTOR('',#16059,1.);
#16059 = DIRECTION('',(-1.,0.,0.));
#16060 = ORIENTED_EDGE('',*,*,#16061,.F.);
#16061 = EDGE_CURVE('',#16062,#16054,#16064,.T.);
#16062 = VERTEX_POINT('',#16063);
#16063 = CARTESIAN_POINT('',(3.23215E+03,6.2992E+03,5.773907778688E+03)
  );
#16064 = LINE('',#16065,#16066);
#16065 = CARTESIAN_POINT('',(3.23215E+03,6.2992E+03,5.773907778688E+03)
  );
#16066 = VECTOR('',#16067,1.);
#16067 = DIRECTION('',(0.,1.,0.));
#16068 = ORIENTED_EDGE('',*,*,#16069,.F.);
#16069 = EDGE_CURVE('',#16031,#16062,#16070,.T.);
#16070 = LINE('',#16071,#16072);
#16071 = CARTESIAN_POINT('',(3.28295E+03,6.2992E+03,5.773907778688E+03)
  );
#16072 = VECTOR('',#16073,1.);
#16073 = DIRECTION('',(-1.,0.,0.));
#16074 = PLANE('',#16075);
#16075 = AXIS2_PLACEMENT_3D('',#16076,#16077,#16078);
#16076 = CARTESIAN_POINT('',(3.28295E+03,6.2992E+03,5.773907778688E+03)
  );
#16077 = DIRECTION('',(0.,0.,1.));
#16078 = DIRECTION('',(-1.,0.,0.));
#16079 = ADVANCED_FACE('',(#16080),#16096,.T.);
#16080 = FACE_BOUND('',#16081,.T.);
#16081 = EDGE_LOOP('',(#16082,#16083,#16089,#16090));
#16082 = ORIENTED_EDGE('',*,*,#16061,.T.);
#16083 = ORIENTED_EDGE('',*,*,#16084,.T.);
#16084 = EDGE_CURVE('',#16054,#15984,#16085,.T.);
#16085 = LINE('',#16086,#16087);
#16086 = CARTESIAN_POINT('',(3.23215E+03,6.35E+03,5.773907778688E+03));
#16087 = VECTOR('',#16088,1.);
#16088 = DIRECTION('',(0.,0.,-1.));
#16089 = ORIENTED_EDGE('',*,*,#15981,.F.);
#16090 = ORIENTED_EDGE('',*,*,#16091,.F.);
#16091 = EDGE_CURVE('',#16062,#15982,#16092,.T.);
#16092 = LINE('',#16093,#16094);
#16093 = CARTESIAN_POINT('',(3.23215E+03,6.2992E+03,5.773907778688E+03)
  );
#16094 = VECTOR('',#16095,1.);
#16095 = DIRECTION('',(0.,0.,-1.));
#16096 = PLANE('',#16097);
#16097 = AXIS2_PLACEMENT_3D('',#16098,#16099,#16100);
#16098 = CARTESIAN_POINT('',(3.23215E+03,6.2992E+03,5.773907778688E+03)
  );
#16099 = DIRECTION('',(-1.,0.,0.));
#16100 = DIRECTION('',(0.,-2.2E-16,-1.));
#16101 = ADVANCED_FACE('',(#16102),#16108,.F.);
#16102 = FACE_BOUND('',#16103,.T.);
#16103 = EDGE_LOOP('',(#16104,#16105,#16106,#16107));
#16104 = ORIENTED_EDGE('',*,*,#16007,.T.);
#16105 = ORIENTED_EDGE('',*,*,#16038,.T.);
#16106 = ORIENTED_EDGE('',*,*,#16069,.T.);
#16107 = ORIENTED_EDGE('',*,*,#16091,.T.);
#16108 = PLANE('',#16109);
#16109 = AXIS2_PLACEMENT_3D('',#16110,#16111,#16112);
#16110 = CARTESIAN_POINT('',(3.25755E+03,6.2992E+03,5.547603889344E+03)
  );
#16111 = DIRECTION('',(0.,1.,0.));
#16112 = DIRECTION('',(0.,0.,1.));
#16113 = ADVANCED_FACE('',(#16114),#16120,.T.);
#16114 = FACE_BOUND('',#16115,.F.);
#16115 = EDGE_LOOP('',(#16116,#16117,#16118,#16119));
#16116 = ORIENTED_EDGE('',*,*,#15991,.T.);
#16117 = ORIENTED_EDGE('',*,*,#16022,.T.);
#16118 = ORIENTED_EDGE('',*,*,#16053,.T.);
#16119 = ORIENTED_EDGE('',*,*,#16084,.T.);
#16120 = PLANE('',#16121);
#16121 = AXIS2_PLACEMENT_3D('',#16122,#16123,#16124);
#16122 = CARTESIAN_POINT('',(3.25755E+03,6.35E+03,5.547603889344E+03));
#16123 = DIRECTION('',(0.,1.,0.));
#16124 = DIRECTION('',(0.,0.,1.));
#16125 = MANIFOLD_SOLID_BREP('',#16126);
#16126 = CLOSED_SHELL('',(#16127,#16167,#16198,#16229,#16251,#16263));
#16127 = ADVANCED_FACE('',(#16128),#16162,.T.);
#16128 = FACE_BOUND('',#16129,.T.);
#16129 = EDGE_LOOP('',(#16130,#16140,#16148,#16156));
#16130 = ORIENTED_EDGE('',*,*,#16131,.T.);
#16131 = EDGE_CURVE('',#16132,#16134,#16136,.T.);
#16132 = VERTEX_POINT('',#16133);
#16133 = CARTESIAN_POINT('',(3.81635E+03,6.2992E+03,5.3213E+03));
#16134 = VERTEX_POINT('',#16135);
#16135 = CARTESIAN_POINT('',(3.81635E+03,6.35E+03,5.3213E+03));
#16136 = LINE('',#16137,#16138);
#16137 = CARTESIAN_POINT('',(3.81635E+03,6.2992E+03,5.3213E+03));
#16138 = VECTOR('',#16139,1.);
#16139 = DIRECTION('',(0.,1.,0.));
#16140 = ORIENTED_EDGE('',*,*,#16141,.T.);
#16141 = EDGE_CURVE('',#16134,#16142,#16144,.T.);
#16142 = VERTEX_POINT('',#16143);
#16143 = CARTESIAN_POINT('',(3.86715E+03,6.35E+03,5.3213E+03));
#16144 = LINE('',#16145,#16146);
#16145 = CARTESIAN_POINT('',(3.81635E+03,6.35E+03,5.3213E+03));
#16146 = VECTOR('',#16147,1.);
#16147 = DIRECTION('',(1.,0.,0.));
#16148 = ORIENTED_EDGE('',*,*,#16149,.F.);
#16149 = EDGE_CURVE('',#16150,#16142,#16152,.T.);
#16150 = VERTEX_POINT('',#16151);
#16151 = CARTESIAN_POINT('',(3.86715E+03,6.2992E+03,5.3213E+03));
#16152 = LINE('',#16153,#16154);
#16153 = CARTESIAN_POINT('',(3.86715E+03,6.2992E+03,5.3213E+03));
#16154 = VECTOR('',#16155,1.);
#16155 = DIRECTION('',(0.,1.,0.));
#16156 = ORIENTED_EDGE('',*,*,#16157,.F.);
#16157 = EDGE_CURVE('',#16132,#16150,#16158,.T.);
#16158 = LINE('',#16159,#16160);
#16159 = CARTESIAN_POINT('',(3.81635E+03,6.2992E+03,5.3213E+03));
#16160 = VECTOR('',#16161,1.);
#16161 = DIRECTION('',(1.,0.,0.));
#16162 = PLANE('',#16163);
#16163 = AXIS2_PLACEMENT_3D('',#16164,#16165,#16166);
#16164 = CARTESIAN_POINT('',(3.81635E+03,6.2992E+03,5.3213E+03));
#16165 = DIRECTION('',(0.,0.,-1.));
#16166 = DIRECTION('',(1.,0.,0.));
#16167 = ADVANCED_FACE('',(#16168),#16193,.T.);
#16168 = FACE_BOUND('',#16169,.T.);
#16169 = EDGE_LOOP('',(#16170,#16171,#16179,#16187));
#16170 = ORIENTED_EDGE('',*,*,#16149,.T.);
#16171 = ORIENTED_EDGE('',*,*,#16172,.T.);
#16172 = EDGE_CURVE('',#16142,#16173,#16175,.T.);
#16173 = VERTEX_POINT('',#16174);
#16174 = CARTESIAN_POINT('',(3.86715E+03,6.35E+03,5.773907778688E+03));
#16175 = LINE('',#16176,#16177);
#16176 = CARTESIAN_POINT('',(3.86715E+03,6.35E+03,5.3213E+03));
#16177 = VECTOR('',#16178,1.);
#16178 = DIRECTION('',(0.,0.,1.));
#16179 = ORIENTED_EDGE('',*,*,#16180,.F.);
#16180 = EDGE_CURVE('',#16181,#16173,#16183,.T.);
#16181 = VERTEX_POINT('',#16182);
#16182 = CARTESIAN_POINT('',(3.86715E+03,6.2992E+03,5.773907778688E+03)
  );
#16183 = LINE('',#16184,#16185);
#16184 = CARTESIAN_POINT('',(3.86715E+03,6.2992E+03,5.773907778688E+03)
  );
#16185 = VECTOR('',#16186,1.);
#16186 = DIRECTION('',(0.,1.,0.));
#16187 = ORIENTED_EDGE('',*,*,#16188,.F.);
#16188 = EDGE_CURVE('',#16150,#16181,#16189,.T.);
#16189 = LINE('',#16190,#16191);
#16190 = CARTESIAN_POINT('',(3.86715E+03,6.2992E+03,5.3213E+03));
#16191 = VECTOR('',#16192,1.);
#16192 = DIRECTION('',(0.,0.,1.));
#16193 = PLANE('',#16194);
#16194 = AXIS2_PLACEMENT_3D('',#16195,#16196,#16197);
#16195 = CARTESIAN_POINT('',(3.86715E+03,6.2992E+03,5.3213E+03));
#16196 = DIRECTION('',(1.,0.,0.));
#16197 = DIRECTION('',(0.,2.2E-16,1.));
#16198 = ADVANCED_FACE('',(#16199),#16224,.T.);
#16199 = FACE_BOUND('',#16200,.T.);
#16200 = EDGE_LOOP('',(#16201,#16202,#16210,#16218));
#16201 = ORIENTED_EDGE('',*,*,#16180,.T.);
#16202 = ORIENTED_EDGE('',*,*,#16203,.T.);
#16203 = EDGE_CURVE('',#16173,#16204,#16206,.T.);
#16204 = VERTEX_POINT('',#16205);
#16205 = CARTESIAN_POINT('',(3.81635E+03,6.35E+03,5.773907778688E+03));
#16206 = LINE('',#16207,#16208);
#16207 = CARTESIAN_POINT('',(3.86715E+03,6.35E+03,5.773907778688E+03));
#16208 = VECTOR('',#16209,1.);
#16209 = DIRECTION('',(-1.,0.,0.));
#16210 = ORIENTED_EDGE('',*,*,#16211,.F.);
#16211 = EDGE_CURVE('',#16212,#16204,#16214,.T.);
#16212 = VERTEX_POINT('',#16213);
#16213 = CARTESIAN_POINT('',(3.81635E+03,6.2992E+03,5.773907778688E+03)
  );
#16214 = LINE('',#16215,#16216);
#16215 = CARTESIAN_POINT('',(3.81635E+03,6.2992E+03,5.773907778688E+03)
  );
#16216 = VECTOR('',#16217,1.);
#16217 = DIRECTION('',(0.,1.,0.));
#16218 = ORIENTED_EDGE('',*,*,#16219,.F.);
#16219 = EDGE_CURVE('',#16181,#16212,#16220,.T.);
#16220 = LINE('',#16221,#16222);
#16221 = CARTESIAN_POINT('',(3.86715E+03,6.2992E+03,5.773907778688E+03)
  );
#16222 = VECTOR('',#16223,1.);
#16223 = DIRECTION('',(-1.,0.,0.));
#16224 = PLANE('',#16225);
#16225 = AXIS2_PLACEMENT_3D('',#16226,#16227,#16228);
#16226 = CARTESIAN_POINT('',(3.86715E+03,6.2992E+03,5.773907778688E+03)
  );
#16227 = DIRECTION('',(0.,0.,1.));
#16228 = DIRECTION('',(-1.,0.,0.));
#16229 = ADVANCED_FACE('',(#16230),#16246,.T.);
#16230 = FACE_BOUND('',#16231,.T.);
#16231 = EDGE_LOOP('',(#16232,#16233,#16239,#16240));
#16232 = ORIENTED_EDGE('',*,*,#16211,.T.);
#16233 = ORIENTED_EDGE('',*,*,#16234,.T.);
#16234 = EDGE_CURVE('',#16204,#16134,#16235,.T.);
#16235 = LINE('',#16236,#16237);
#16236 = CARTESIAN_POINT('',(3.81635E+03,6.35E+03,5.773907778688E+03));
#16237 = VECTOR('',#16238,1.);
#16238 = DIRECTION('',(0.,0.,-1.));
#16239 = ORIENTED_EDGE('',*,*,#16131,.F.);
#16240 = ORIENTED_EDGE('',*,*,#16241,.F.);
#16241 = EDGE_CURVE('',#16212,#16132,#16242,.T.);
#16242 = LINE('',#16243,#16244);
#16243 = CARTESIAN_POINT('',(3.81635E+03,6.2992E+03,5.773907778688E+03)
  );
#16244 = VECTOR('',#16245,1.);
#16245 = DIRECTION('',(0.,0.,-1.));
#16246 = PLANE('',#16247);
#16247 = AXIS2_PLACEMENT_3D('',#16248,#16249,#16250);
#16248 = CARTESIAN_POINT('',(3.81635E+03,6.2992E+03,5.773907778688E+03)
  );
#16249 = DIRECTION('',(-1.,0.,0.));
#16250 = DIRECTION('',(0.,-2.2E-16,-1.));
#16251 = ADVANCED_FACE('',(#16252),#16258,.F.);
#16252 = FACE_BOUND('',#16253,.T.);
#16253 = EDGE_LOOP('',(#16254,#16255,#16256,#16257));
#16254 = ORIENTED_EDGE('',*,*,#16157,.T.);
#16255 = ORIENTED_EDGE('',*,*,#16188,.T.);
#16256 = ORIENTED_EDGE('',*,*,#16219,.T.);
#16257 = ORIENTED_EDGE('',*,*,#16241,.T.);
#16258 = PLANE('',#16259);
#16259 = AXIS2_PLACEMENT_3D('',#16260,#16261,#16262);
#16260 = CARTESIAN_POINT('',(3.84175E+03,6.2992E+03,5.547603889344E+03)
  );
#16261 = DIRECTION('',(0.,1.,0.));
#16262 = DIRECTION('',(0.,0.,1.));
#16263 = ADVANCED_FACE('',(#16264),#16270,.T.);
#16264 = FACE_BOUND('',#16265,.F.);
#16265 = EDGE_LOOP('',(#16266,#16267,#16268,#16269));
#16266 = ORIENTED_EDGE('',*,*,#16141,.T.);
#16267 = ORIENTED_EDGE('',*,*,#16172,.T.);
#16268 = ORIENTED_EDGE('',*,*,#16203,.T.);
#16269 = ORIENTED_EDGE('',*,*,#16234,.T.);
#16270 = PLANE('',#16271);
#16271 = AXIS2_PLACEMENT_3D('',#16272,#16273,#16274);
#16272 = CARTESIAN_POINT('',(3.84175E+03,6.35E+03,5.547603889344E+03));
#16273 = DIRECTION('',(0.,1.,0.));
#16274 = DIRECTION('',(0.,0.,1.));
#16275 = MANIFOLD_SOLID_BREP('',#16276);
#16276 = CLOSED_SHELL('',(#16277,#16317,#16348,#16379,#16401,#16413));
#16277 = ADVANCED_FACE('',(#16278),#16312,.T.);
#16278 = FACE_BOUND('',#16279,.T.);
#16279 = EDGE_LOOP('',(#16280,#16290,#16298,#16306));
#16280 = ORIENTED_EDGE('',*,*,#16281,.T.);
#16281 = EDGE_CURVE('',#16282,#16284,#16286,.T.);
#16282 = VERTEX_POINT('',#16283);
#16283 = CARTESIAN_POINT('',(1.436461290719E+03,6.2992E+03,
    5.27602826278E+03));
#16284 = VERTEX_POINT('',#16285);
#16285 = CARTESIAN_POINT('',(1.436461290719E+03,6.35E+03,
    5.27602826278E+03));
#16286 = LINE('',#16287,#16288);
#16287 = CARTESIAN_POINT('',(1.436461290719E+03,6.2992E+03,
    5.27602826278E+03));
#16288 = VECTOR('',#16289,1.);
#16289 = DIRECTION('',(0.,1.,0.));
#16290 = ORIENTED_EDGE('',*,*,#16291,.T.);
#16291 = EDGE_CURVE('',#16284,#16292,#16294,.T.);
#16292 = VERTEX_POINT('',#16293);
#16293 = CARTESIAN_POINT('',(1.471838709281E+03,6.35E+03,
    5.23957173722E+03));
#16294 = LINE('',#16295,#16296);
#16295 = CARTESIAN_POINT('',(1.436461290719E+03,6.35E+03,
    5.27602826278E+03));
#16296 = VECTOR('',#16297,1.);
#16297 = DIRECTION('',(0.696405877202,0.,-0.717648140943));
#16298 = ORIENTED_EDGE('',*,*,#16299,.F.);
#16299 = EDGE_CURVE('',#16300,#16292,#16302,.T.);
#16300 = VERTEX_POINT('',#16301);
#16301 = CARTESIAN_POINT('',(1.471838709281E+03,6.2992E+03,
    5.23957173722E+03));
#16302 = LINE('',#16303,#16304);
#16303 = CARTESIAN_POINT('',(1.471838709281E+03,6.2992E+03,
    5.23957173722E+03));
#16304 = VECTOR('',#16305,1.);
#16305 = DIRECTION('',(0.,1.,0.));
#16306 = ORIENTED_EDGE('',*,*,#16307,.F.);
#16307 = EDGE_CURVE('',#16282,#16300,#16308,.T.);
#16308 = LINE('',#16309,#16310);
#16309 = CARTESIAN_POINT('',(1.436461290719E+03,6.2992E+03,
    5.27602826278E+03));
#16310 = VECTOR('',#16311,1.);
#16311 = DIRECTION('',(0.696405877202,0.,-0.717648140943));
#16312 = PLANE('',#16313);
#16313 = AXIS2_PLACEMENT_3D('',#16314,#16315,#16316);
#16314 = CARTESIAN_POINT('',(1.436461290719E+03,6.2992E+03,
    5.27602826278E+03));
#16315 = DIRECTION('',(-0.717648140943,0.,-0.696405877202));
#16316 = DIRECTION('',(0.696405877202,-6.E-17,-0.717648140943));
#16317 = ADVANCED_FACE('',(#16318),#16343,.T.);
#16318 = FACE_BOUND('',#16319,.T.);
#16319 = EDGE_LOOP('',(#16320,#16321,#16329,#16337));
#16320 = ORIENTED_EDGE('',*,*,#16299,.T.);
#16321 = ORIENTED_EDGE('',*,*,#16322,.T.);
#16322 = EDGE_CURVE('',#16292,#16323,#16325,.T.);
#16323 = VERTEX_POINT('',#16324);
#16324 = CARTESIAN_POINT('',(2.056038709281E+03,6.35E+03,
    5.806479515908E+03));
#16325 = LINE('',#16326,#16327);
#16326 = CARTESIAN_POINT('',(1.471838709281E+03,6.35E+03,
    5.23957173722E+03));
#16327 = VECTOR('',#16328,1.);
#16328 = DIRECTION('',(0.717648140943,0.,0.696405877202));
#16329 = ORIENTED_EDGE('',*,*,#16330,.F.);
#16330 = EDGE_CURVE('',#16331,#16323,#16333,.T.);
#16331 = VERTEX_POINT('',#16332);
#16332 = CARTESIAN_POINT('',(2.056038709281E+03,6.2992E+03,
    5.806479515908E+03));
#16333 = LINE('',#16334,#16335);
#16334 = CARTESIAN_POINT('',(2.056038709281E+03,6.2992E+03,
    5.806479515908E+03));
#16335 = VECTOR('',#16336,1.);
#16336 = DIRECTION('',(0.,1.,0.));
#16337 = ORIENTED_EDGE('',*,*,#16338,.F.);
#16338 = EDGE_CURVE('',#16300,#16331,#16339,.T.);
#16339 = LINE('',#16340,#16341);
#16340 = CARTESIAN_POINT('',(1.471838709281E+03,6.2992E+03,
    5.23957173722E+03));
#16341 = VECTOR('',#16342,1.);
#16342 = DIRECTION('',(0.717648140943,0.,0.696405877202));
#16343 = PLANE('',#16344);
#16344 = AXIS2_PLACEMENT_3D('',#16345,#16346,#16347);
#16345 = CARTESIAN_POINT('',(1.471838709281E+03,6.2992E+03,
    5.23957173722E+03));
#16346 = DIRECTION('',(0.696405877202,0.,-0.717648140943));
#16347 = DIRECTION('',(0.717648140943,-2.2E-16,0.696405877202));
#16348 = ADVANCED_FACE('',(#16349),#16374,.T.);
#16349 = FACE_BOUND('',#16350,.T.);
#16350 = EDGE_LOOP('',(#16351,#16352,#16360,#16368));
#16351 = ORIENTED_EDGE('',*,*,#16330,.T.);
#16352 = ORIENTED_EDGE('',*,*,#16353,.T.);
#16353 = EDGE_CURVE('',#16323,#16354,#16356,.T.);
#16354 = VERTEX_POINT('',#16355);
#16355 = CARTESIAN_POINT('',(2.020661290719E+03,6.35E+03,
    5.842936041468E+03));
#16356 = LINE('',#16357,#16358);
#16357 = CARTESIAN_POINT('',(2.056038709281E+03,6.35E+03,
    5.806479515908E+03));
#16358 = VECTOR('',#16359,1.);
#16359 = DIRECTION('',(-0.696405877202,-0.,0.717648140943));
#16360 = ORIENTED_EDGE('',*,*,#16361,.F.);
#16361 = EDGE_CURVE('',#16362,#16354,#16364,.T.);
#16362 = VERTEX_POINT('',#16363);
#16363 = CARTESIAN_POINT('',(2.020661290719E+03,6.2992E+03,
    5.842936041468E+03));
#16364 = LINE('',#16365,#16366);
#16365 = CARTESIAN_POINT('',(2.020661290719E+03,6.2992E+03,
    5.842936041468E+03));
#16366 = VECTOR('',#16367,1.);
#16367 = DIRECTION('',(0.,1.,0.));
#16368 = ORIENTED_EDGE('',*,*,#16369,.F.);
#16369 = EDGE_CURVE('',#16331,#16362,#16370,.T.);
#16370 = LINE('',#16371,#16372);
#16371 = CARTESIAN_POINT('',(2.056038709281E+03,6.2992E+03,
    5.806479515908E+03));
#16372 = VECTOR('',#16373,1.);
#16373 = DIRECTION('',(-0.696405877202,-0.,0.717648140943));
#16374 = PLANE('',#16375);
#16375 = AXIS2_PLACEMENT_3D('',#16376,#16377,#16378);
#16376 = CARTESIAN_POINT('',(2.056038709281E+03,6.2992E+03,
    5.806479515908E+03));
#16377 = DIRECTION('',(0.717648140943,0.,0.696405877202));
#16378 = DIRECTION('',(-0.696405877202,6.E-17,0.717648140943));
#16379 = ADVANCED_FACE('',(#16380),#16396,.T.);
#16380 = FACE_BOUND('',#16381,.T.);
#16381 = EDGE_LOOP('',(#16382,#16383,#16389,#16390));
#16382 = ORIENTED_EDGE('',*,*,#16361,.T.);
#16383 = ORIENTED_EDGE('',*,*,#16384,.T.);
#16384 = EDGE_CURVE('',#16354,#16284,#16385,.T.);
#16385 = LINE('',#16386,#16387);
#16386 = CARTESIAN_POINT('',(2.020661290719E+03,6.35E+03,
    5.842936041468E+03));
#16387 = VECTOR('',#16388,1.);
#16388 = DIRECTION('',(-0.717648140943,0.,-0.696405877202));
#16389 = ORIENTED_EDGE('',*,*,#16281,.F.);
#16390 = ORIENTED_EDGE('',*,*,#16391,.F.);
#16391 = EDGE_CURVE('',#16362,#16282,#16392,.T.);
#16392 = LINE('',#16393,#16394);
#16393 = CARTESIAN_POINT('',(2.020661290719E+03,6.2992E+03,
    5.842936041468E+03));
#16394 = VECTOR('',#16395,1.);
#16395 = DIRECTION('',(-0.717648140943,0.,-0.696405877202));
#16396 = PLANE('',#16397);
#16397 = AXIS2_PLACEMENT_3D('',#16398,#16399,#16400);
#16398 = CARTESIAN_POINT('',(2.020661290719E+03,6.2992E+03,
    5.842936041468E+03));
#16399 = DIRECTION('',(-0.696405877202,0.,0.717648140943));
#16400 = DIRECTION('',(-0.717648140943,2.2E-16,-0.696405877202));
#16401 = ADVANCED_FACE('',(#16402),#16408,.F.);
#16402 = FACE_BOUND('',#16403,.T.);
#16403 = EDGE_LOOP('',(#16404,#16405,#16406,#16407));
#16404 = ORIENTED_EDGE('',*,*,#16307,.T.);
#16405 = ORIENTED_EDGE('',*,*,#16338,.T.);
#16406 = ORIENTED_EDGE('',*,*,#16369,.T.);
#16407 = ORIENTED_EDGE('',*,*,#16391,.T.);
#16408 = PLANE('',#16409);
#16409 = AXIS2_PLACEMENT_3D('',#16410,#16411,#16412);
#16410 = CARTESIAN_POINT('',(1.74625E+03,6.2992E+03,5.541253889344E+03)
  );
#16411 = DIRECTION('',(0.,1.,0.));
#16412 = DIRECTION('',(0.,0.,1.));
#16413 = ADVANCED_FACE('',(#16414),#16420,.T.);
#16414 = FACE_BOUND('',#16415,.F.);
#16415 = EDGE_LOOP('',(#16416,#16417,#16418,#16419));
#16416 = ORIENTED_EDGE('',*,*,#16291,.T.);
#16417 = ORIENTED_EDGE('',*,*,#16322,.T.);
#16418 = ORIENTED_EDGE('',*,*,#16353,.T.);
#16419 = ORIENTED_EDGE('',*,*,#16384,.T.);
#16420 = PLANE('',#16421);
#16421 = AXIS2_PLACEMENT_3D('',#16422,#16423,#16424);
#16422 = CARTESIAN_POINT('',(1.74625E+03,6.35E+03,5.541253889344E+03));
#16423 = DIRECTION('',(0.,1.,0.));
#16424 = DIRECTION('',(0.,0.,1.));
#16425 = MANIFOLD_SOLID_BREP('',#16426);
#16426 = CLOSED_SHELL('',(#16427,#16467,#16498,#16529,#16551,#16563));
#16427 = ADVANCED_FACE('',(#16428),#16462,.T.);
#16428 = FACE_BOUND('',#16429,.T.);
#16429 = EDGE_LOOP('',(#16430,#16440,#16448,#16456));
#16430 = ORIENTED_EDGE('',*,*,#16431,.T.);
#16431 = EDGE_CURVE('',#16432,#16434,#16436,.T.);
#16432 = VERTEX_POINT('',#16433);
#16433 = CARTESIAN_POINT('',(2.055647390263E+03,6.2992E+03,
    5.843307786486E+03));
#16434 = VERTEX_POINT('',#16435);
#16435 = CARTESIAN_POINT('',(2.055647390263E+03,6.35E+03,
    5.843307786486E+03));
#16436 = LINE('',#16437,#16438);
#16437 = CARTESIAN_POINT('',(2.055647390263E+03,6.2992E+03,
    5.843307786486E+03));
#16438 = VECTOR('',#16439,1.);
#16439 = DIRECTION('',(0.,1.,0.));
#16440 = ORIENTED_EDGE('',*,*,#16441,.T.);
#16441 = EDGE_CURVE('',#16434,#16442,#16444,.T.);
#16442 = VERTEX_POINT('',#16443);
#16443 = CARTESIAN_POINT('',(2.021052609737E+03,6.35E+03,
    5.80610777089E+03));
#16444 = LINE('',#16445,#16446);
#16445 = CARTESIAN_POINT('',(2.055647390263E+03,6.35E+03,
    5.843307786486E+03));
#16446 = VECTOR('',#16447,1.);
#16447 = DIRECTION('',(-0.680999616656,0.,-0.732283771576));
#16448 = ORIENTED_EDGE('',*,*,#16449,.F.);
#16449 = EDGE_CURVE('',#16450,#16442,#16452,.T.);
#16450 = VERTEX_POINT('',#16451);
#16451 = CARTESIAN_POINT('',(2.021052609737E+03,6.2992E+03,
    5.80610777089E+03));
#16452 = LINE('',#16453,#16454);
#16453 = CARTESIAN_POINT('',(2.021052609737E+03,6.2992E+03,
    5.80610777089E+03));
#16454 = VECTOR('',#16455,1.);
#16455 = DIRECTION('',(0.,1.,0.));
#16456 = ORIENTED_EDGE('',*,*,#16457,.F.);
#16457 = EDGE_CURVE('',#16432,#16450,#16458,.T.);
#16458 = LINE('',#16459,#16460);
#16459 = CARTESIAN_POINT('',(2.055647390263E+03,6.2992E+03,
    5.843307786486E+03));
#16460 = VECTOR('',#16461,1.);
#16461 = DIRECTION('',(-0.680999616656,0.,-0.732283771576));
#16462 = PLANE('',#16463);
#16463 = AXIS2_PLACEMENT_3D('',#16464,#16465,#16466);
#16464 = CARTESIAN_POINT('',(2.055647390263E+03,6.2992E+03,
    5.843307786486E+03));
#16465 = DIRECTION('',(-0.732283771576,0.,0.680999616656));
#16466 = DIRECTION('',(-0.680999616656,6.E-17,-0.732283771576));
#16467 = ADVANCED_FACE('',(#16468),#16493,.T.);
#16468 = FACE_BOUND('',#16469,.T.);
#16469 = EDGE_LOOP('',(#16470,#16471,#16479,#16487));
#16470 = ORIENTED_EDGE('',*,*,#16449,.T.);
#16471 = ORIENTED_EDGE('',*,*,#16472,.T.);
#16472 = EDGE_CURVE('',#16442,#16473,#16475,.T.);
#16473 = VERTEX_POINT('',#16474);
#16474 = CARTESIAN_POINT('',(2.630652609737E+03,6.35E+03,
    5.239199992202E+03));
#16475 = LINE('',#16476,#16477);
#16476 = CARTESIAN_POINT('',(2.021052609737E+03,6.35E+03,
    5.80610777089E+03));
#16477 = VECTOR('',#16478,1.);
#16478 = DIRECTION('',(0.732283771576,0.,-0.680999616656));
#16479 = ORIENTED_EDGE('',*,*,#16480,.F.);
#16480 = EDGE_CURVE('',#16481,#16473,#16483,.T.);
#16481 = VERTEX_POINT('',#16482);
#16482 = CARTESIAN_POINT('',(2.630652609737E+03,6.2992E+03,
    5.239199992202E+03));
#16483 = LINE('',#16484,#16485);
#16484 = CARTESIAN_POINT('',(2.630652609737E+03,6.2992E+03,
    5.239199992202E+03));
#16485 = VECTOR('',#16486,1.);
#16486 = DIRECTION('',(0.,1.,0.));
#16487 = ORIENTED_EDGE('',*,*,#16488,.F.);
#16488 = EDGE_CURVE('',#16450,#16481,#16489,.T.);
#16489 = LINE('',#16490,#16491);
#16490 = CARTESIAN_POINT('',(2.021052609737E+03,6.2992E+03,
    5.80610777089E+03));
#16491 = VECTOR('',#16492,1.);
#16492 = DIRECTION('',(0.732283771576,0.,-0.680999616656));
#16493 = PLANE('',#16494);
#16494 = AXIS2_PLACEMENT_3D('',#16495,#16496,#16497);
#16495 = CARTESIAN_POINT('',(2.021052609737E+03,6.2992E+03,
    5.80610777089E+03));
#16496 = DIRECTION('',(-0.680999616656,0.,-0.732283771576));
#16497 = DIRECTION('',(0.732283771576,2.2E-16,-0.680999616656));
#16498 = ADVANCED_FACE('',(#16499),#16524,.T.);
#16499 = FACE_BOUND('',#16500,.T.);
#16500 = EDGE_LOOP('',(#16501,#16502,#16510,#16518));
#16501 = ORIENTED_EDGE('',*,*,#16480,.T.);
#16502 = ORIENTED_EDGE('',*,*,#16503,.T.);
#16503 = EDGE_CURVE('',#16473,#16504,#16506,.T.);
#16504 = VERTEX_POINT('',#16505);
#16505 = CARTESIAN_POINT('',(2.665247390263E+03,6.35E+03,
    5.276400007798E+03));
#16506 = LINE('',#16507,#16508);
#16507 = CARTESIAN_POINT('',(2.630652609737E+03,6.35E+03,
    5.239199992202E+03));
#16508 = VECTOR('',#16509,1.);
#16509 = DIRECTION('',(0.680999616656,-0.,0.732283771576));
#16510 = ORIENTED_EDGE('',*,*,#16511,.F.);
#16511 = EDGE_CURVE('',#16512,#16504,#16514,.T.);
#16512 = VERTEX_POINT('',#16513);
#16513 = CARTESIAN_POINT('',(2.665247390263E+03,6.2992E+03,
    5.276400007798E+03));
#16514 = LINE('',#16515,#16516);
#16515 = CARTESIAN_POINT('',(2.665247390263E+03,6.2992E+03,
    5.276400007798E+03));
#16516 = VECTOR('',#16517,1.);
#16517 = DIRECTION('',(0.,1.,0.));
#16518 = ORIENTED_EDGE('',*,*,#16519,.F.);
#16519 = EDGE_CURVE('',#16481,#16512,#16520,.T.);
#16520 = LINE('',#16521,#16522);
#16521 = CARTESIAN_POINT('',(2.630652609737E+03,6.2992E+03,
    5.239199992202E+03));
#16522 = VECTOR('',#16523,1.);
#16523 = DIRECTION('',(0.680999616656,-0.,0.732283771576));
#16524 = PLANE('',#16525);
#16525 = AXIS2_PLACEMENT_3D('',#16526,#16527,#16528);
#16526 = CARTESIAN_POINT('',(2.630652609737E+03,6.2992E+03,
    5.239199992202E+03));
#16527 = DIRECTION('',(0.732283771576,0.,-0.680999616656));
#16528 = DIRECTION('',(0.680999616656,-6.E-17,0.732283771576));
#16529 = ADVANCED_FACE('',(#16530),#16546,.T.);
#16530 = FACE_BOUND('',#16531,.T.);
#16531 = EDGE_LOOP('',(#16532,#16533,#16539,#16540));
#16532 = ORIENTED_EDGE('',*,*,#16511,.T.);
#16533 = ORIENTED_EDGE('',*,*,#16534,.T.);
#16534 = EDGE_CURVE('',#16504,#16434,#16535,.T.);
#16535 = LINE('',#16536,#16537);
#16536 = CARTESIAN_POINT('',(2.665247390263E+03,6.35E+03,
    5.276400007798E+03));
#16537 = VECTOR('',#16538,1.);
#16538 = DIRECTION('',(-0.732283771576,0.,0.680999616656));
#16539 = ORIENTED_EDGE('',*,*,#16431,.F.);
#16540 = ORIENTED_EDGE('',*,*,#16541,.F.);
#16541 = EDGE_CURVE('',#16512,#16432,#16542,.T.);
#16542 = LINE('',#16543,#16544);
#16543 = CARTESIAN_POINT('',(2.665247390263E+03,6.2992E+03,
    5.276400007798E+03));
#16544 = VECTOR('',#16545,1.);
#16545 = DIRECTION('',(-0.732283771576,0.,0.680999616656));
#16546 = PLANE('',#16547);
#16547 = AXIS2_PLACEMENT_3D('',#16548,#16549,#16550);
#16548 = CARTESIAN_POINT('',(2.665247390263E+03,6.2992E+03,
    5.276400007798E+03));
#16549 = DIRECTION('',(0.680999616656,0.,0.732283771576));
#16550 = DIRECTION('',(-0.732283771576,-2.2E-16,0.680999616656));
#16551 = ADVANCED_FACE('',(#16552),#16558,.F.);
#16552 = FACE_BOUND('',#16553,.T.);
#16553 = EDGE_LOOP('',(#16554,#16555,#16556,#16557));
#16554 = ORIENTED_EDGE('',*,*,#16457,.T.);
#16555 = ORIENTED_EDGE('',*,*,#16488,.T.);
#16556 = ORIENTED_EDGE('',*,*,#16519,.T.);
#16557 = ORIENTED_EDGE('',*,*,#16541,.T.);
#16558 = PLANE('',#16559);
#16559 = AXIS2_PLACEMENT_3D('',#16560,#16561,#16562);
#16560 = CARTESIAN_POINT('',(2.34315E+03,6.2992E+03,5.541253889344E+03)
  );
#16561 = DIRECTION('',(0.,1.,0.));
#16562 = DIRECTION('',(0.,0.,1.));
#16563 = ADVANCED_FACE('',(#16564),#16570,.T.);
#16564 = FACE_BOUND('',#16565,.F.);
#16565 = EDGE_LOOP('',(#16566,#16567,#16568,#16569));
#16566 = ORIENTED_EDGE('',*,*,#16441,.T.);
#16567 = ORIENTED_EDGE('',*,*,#16472,.T.);
#16568 = ORIENTED_EDGE('',*,*,#16503,.T.);
#16569 = ORIENTED_EDGE('',*,*,#16534,.T.);
#16570 = PLANE('',#16571);
#16571 = AXIS2_PLACEMENT_3D('',#16572,#16573,#16574);
#16572 = CARTESIAN_POINT('',(2.34315E+03,6.35E+03,5.541253889344E+03));
#16573 = DIRECTION('',(0.,1.,0.));
#16574 = DIRECTION('',(0.,0.,1.));
#16575 = MANIFOLD_SOLID_BREP('',#16576);
#16576 = CLOSED_SHELL('',(#16577,#16617,#16648,#16679,#16701,#16713));
#16577 = ADVANCED_FACE('',(#16578),#16612,.T.);
#16578 = FACE_BOUND('',#16579,.T.);
#16579 = EDGE_LOOP('',(#16580,#16590,#16598,#16606));
#16580 = ORIENTED_EDGE('',*,*,#16581,.T.);
#16581 = EDGE_CURVE('',#16582,#16584,#16586,.T.);
#16582 = VERTEX_POINT('',#16583);
#16583 = CARTESIAN_POINT('',(2.630652609737E+03,6.2992E+03,
    5.276400007798E+03));
#16584 = VERTEX_POINT('',#16585);
#16585 = CARTESIAN_POINT('',(2.630652609737E+03,6.35E+03,
    5.276400007798E+03));
#16586 = LINE('',#16587,#16588);
#16587 = CARTESIAN_POINT('',(2.630652609737E+03,6.2992E+03,
    5.276400007798E+03));
#16588 = VECTOR('',#16589,1.);
#16589 = DIRECTION('',(0.,1.,0.));
#16590 = ORIENTED_EDGE('',*,*,#16591,.T.);
#16591 = EDGE_CURVE('',#16584,#16592,#16594,.T.);
#16592 = VERTEX_POINT('',#16593);
#16593 = CARTESIAN_POINT('',(2.665247390263E+03,6.35E+03,
    5.239199992202E+03));
#16594 = LINE('',#16595,#16596);
#16595 = CARTESIAN_POINT('',(2.630652609737E+03,6.35E+03,
    5.276400007798E+03));
#16596 = VECTOR('',#16597,1.);
#16597 = DIRECTION('',(0.680999616656,0.,-0.732283771576));
#16598 = ORIENTED_EDGE('',*,*,#16599,.F.);
#16599 = EDGE_CURVE('',#16600,#16592,#16602,.T.);
#16600 = VERTEX_POINT('',#16601);
#16601 = CARTESIAN_POINT('',(2.665247390263E+03,6.2992E+03,
    5.239199992202E+03));
#16602 = LINE('',#16603,#16604);
#16603 = CARTESIAN_POINT('',(2.665247390263E+03,6.2992E+03,
    5.239199992202E+03));
#16604 = VECTOR('',#16605,1.);
#16605 = DIRECTION('',(0.,1.,0.));
#16606 = ORIENTED_EDGE('',*,*,#16607,.F.);
#16607 = EDGE_CURVE('',#16582,#16600,#16608,.T.);
#16608 = LINE('',#16609,#16610);
#16609 = CARTESIAN_POINT('',(2.630652609737E+03,6.2992E+03,
    5.276400007798E+03));
#16610 = VECTOR('',#16611,1.);
#16611 = DIRECTION('',(0.680999616656,0.,-0.732283771576));
#16612 = PLANE('',#16613);
#16613 = AXIS2_PLACEMENT_3D('',#16614,#16615,#16616);
#16614 = CARTESIAN_POINT('',(2.630652609737E+03,6.2992E+03,
    5.276400007798E+03));
#16615 = DIRECTION('',(-0.732283771576,0.,-0.680999616656));
#16616 = DIRECTION('',(0.680999616656,-6.E-17,-0.732283771576));
#16617 = ADVANCED_FACE('',(#16618),#16643,.T.);
#16618 = FACE_BOUND('',#16619,.T.);
#16619 = EDGE_LOOP('',(#16620,#16621,#16629,#16637));
#16620 = ORIENTED_EDGE('',*,*,#16599,.T.);
#16621 = ORIENTED_EDGE('',*,*,#16622,.T.);
#16622 = EDGE_CURVE('',#16592,#16623,#16625,.T.);
#16623 = VERTEX_POINT('',#16624);
#16624 = CARTESIAN_POINT('',(3.274847390263E+03,6.35E+03,
    5.80610777089E+03));
#16625 = LINE('',#16626,#16627);
#16626 = CARTESIAN_POINT('',(2.665247390263E+03,6.35E+03,
    5.239199992202E+03));
#16627 = VECTOR('',#16628,1.);
#16628 = DIRECTION('',(0.732283771576,0.,0.680999616656));
#16629 = ORIENTED_EDGE('',*,*,#16630,.F.);
#16630 = EDGE_CURVE('',#16631,#16623,#16633,.T.);
#16631 = VERTEX_POINT('',#16632);
#16632 = CARTESIAN_POINT('',(3.274847390263E+03,6.2992E+03,
    5.80610777089E+03));
#16633 = LINE('',#16634,#16635);
#16634 = CARTESIAN_POINT('',(3.274847390263E+03,6.2992E+03,
    5.80610777089E+03));
#16635 = VECTOR('',#16636,1.);
#16636 = DIRECTION('',(0.,1.,0.));
#16637 = ORIENTED_EDGE('',*,*,#16638,.F.);
#16638 = EDGE_CURVE('',#16600,#16631,#16639,.T.);
#16639 = LINE('',#16640,#16641);
#16640 = CARTESIAN_POINT('',(2.665247390263E+03,6.2992E+03,
    5.239199992202E+03));
#16641 = VECTOR('',#16642,1.);
#16642 = DIRECTION('',(0.732283771576,0.,0.680999616656));
#16643 = PLANE('',#16644);
#16644 = AXIS2_PLACEMENT_3D('',#16645,#16646,#16647);
#16645 = CARTESIAN_POINT('',(2.665247390263E+03,6.2992E+03,
    5.239199992202E+03));
#16646 = DIRECTION('',(0.680999616656,0.,-0.732283771576));
#16647 = DIRECTION('',(0.732283771576,0.,0.680999616656));
#16648 = ADVANCED_FACE('',(#16649),#16674,.T.);
#16649 = FACE_BOUND('',#16650,.T.);
#16650 = EDGE_LOOP('',(#16651,#16652,#16660,#16668));
#16651 = ORIENTED_EDGE('',*,*,#16630,.T.);
#16652 = ORIENTED_EDGE('',*,*,#16653,.T.);
#16653 = EDGE_CURVE('',#16623,#16654,#16656,.T.);
#16654 = VERTEX_POINT('',#16655);
#16655 = CARTESIAN_POINT('',(3.240252609737E+03,6.35E+03,
    5.843307786486E+03));
#16656 = LINE('',#16657,#16658);
#16657 = CARTESIAN_POINT('',(3.274847390263E+03,6.35E+03,
    5.80610777089E+03));
#16658 = VECTOR('',#16659,1.);
#16659 = DIRECTION('',(-0.680999616656,-0.,0.732283771576));
#16660 = ORIENTED_EDGE('',*,*,#16661,.F.);
#16661 = EDGE_CURVE('',#16662,#16654,#16664,.T.);
#16662 = VERTEX_POINT('',#16663);
#16663 = CARTESIAN_POINT('',(3.240252609737E+03,6.2992E+03,
    5.843307786486E+03));
#16664 = LINE('',#16665,#16666);
#16665 = CARTESIAN_POINT('',(3.240252609737E+03,6.2992E+03,
    5.843307786486E+03));
#16666 = VECTOR('',#16667,1.);
#16667 = DIRECTION('',(0.,1.,0.));
#16668 = ORIENTED_EDGE('',*,*,#16669,.F.);
#16669 = EDGE_CURVE('',#16631,#16662,#16670,.T.);
#16670 = LINE('',#16671,#16672);
#16671 = CARTESIAN_POINT('',(3.274847390263E+03,6.2992E+03,
    5.80610777089E+03));
#16672 = VECTOR('',#16673,1.);
#16673 = DIRECTION('',(-0.680999616656,-0.,0.732283771576));
#16674 = PLANE('',#16675);
#16675 = AXIS2_PLACEMENT_3D('',#16676,#16677,#16678);
#16676 = CARTESIAN_POINT('',(3.274847390263E+03,6.2992E+03,
    5.80610777089E+03));
#16677 = DIRECTION('',(0.732283771576,0.,0.680999616656));
#16678 = DIRECTION('',(-0.680999616656,6.E-17,0.732283771576));
#16679 = ADVANCED_FACE('',(#16680),#16696,.T.);
#16680 = FACE_BOUND('',#16681,.T.);
#16681 = EDGE_LOOP('',(#16682,#16683,#16689,#16690));
#16682 = ORIENTED_EDGE('',*,*,#16661,.T.);
#16683 = ORIENTED_EDGE('',*,*,#16684,.T.);
#16684 = EDGE_CURVE('',#16654,#16584,#16685,.T.);
#16685 = LINE('',#16686,#16687);
#16686 = CARTESIAN_POINT('',(3.240252609737E+03,6.35E+03,
    5.843307786486E+03));
#16687 = VECTOR('',#16688,1.);
#16688 = DIRECTION('',(-0.732283771576,0.,-0.680999616656));
#16689 = ORIENTED_EDGE('',*,*,#16581,.F.);
#16690 = ORIENTED_EDGE('',*,*,#16691,.F.);
#16691 = EDGE_CURVE('',#16662,#16582,#16692,.T.);
#16692 = LINE('',#16693,#16694);
#16693 = CARTESIAN_POINT('',(3.240252609737E+03,6.2992E+03,
    5.843307786486E+03));
#16694 = VECTOR('',#16695,1.);
#16695 = DIRECTION('',(-0.732283771576,0.,-0.680999616656));
#16696 = PLANE('',#16697);
#16697 = AXIS2_PLACEMENT_3D('',#16698,#16699,#16700);
#16698 = CARTESIAN_POINT('',(3.240252609737E+03,6.2992E+03,
    5.843307786486E+03));
#16699 = DIRECTION('',(-0.680999616656,0.,0.732283771576));
#16700 = DIRECTION('',(-0.732283771576,0.,-0.680999616656));
#16701 = ADVANCED_FACE('',(#16702),#16708,.F.);
#16702 = FACE_BOUND('',#16703,.T.);
#16703 = EDGE_LOOP('',(#16704,#16705,#16706,#16707));
#16704 = ORIENTED_EDGE('',*,*,#16607,.T.);
#16705 = ORIENTED_EDGE('',*,*,#16638,.T.);
#16706 = ORIENTED_EDGE('',*,*,#16669,.T.);
#16707 = ORIENTED_EDGE('',*,*,#16691,.T.);
#16708 = PLANE('',#16709);
#16709 = AXIS2_PLACEMENT_3D('',#16710,#16711,#16712);
#16710 = CARTESIAN_POINT('',(2.95275E+03,6.2992E+03,5.541253889344E+03)
  );
#16711 = DIRECTION('',(0.,1.,0.));
#16712 = DIRECTION('',(0.,0.,1.));
#16713 = ADVANCED_FACE('',(#16714),#16720,.T.);
#16714 = FACE_BOUND('',#16715,.F.);
#16715 = EDGE_LOOP('',(#16716,#16717,#16718,#16719));
#16716 = ORIENTED_EDGE('',*,*,#16591,.T.);
#16717 = ORIENTED_EDGE('',*,*,#16622,.T.);
#16718 = ORIENTED_EDGE('',*,*,#16653,.T.);
#16719 = ORIENTED_EDGE('',*,*,#16684,.T.);
#16720 = PLANE('',#16721);
#16721 = AXIS2_PLACEMENT_3D('',#16722,#16723,#16724);
#16722 = CARTESIAN_POINT('',(2.95275E+03,6.35E+03,5.541253889344E+03));
#16723 = DIRECTION('',(0.,1.,0.));
#16724 = DIRECTION('',(0.,0.,1.));
#16725 = MANIFOLD_SOLID_BREP('',#16726);
#16726 = CLOSED_SHELL('',(#16727,#16767,#16798,#16829,#16851,#16863));
#16727 = ADVANCED_FACE('',(#16728),#16762,.T.);
#16728 = FACE_BOUND('',#16729,.T.);
#16729 = EDGE_LOOP('',(#16730,#16740,#16748,#16756));
#16730 = ORIENTED_EDGE('',*,*,#16731,.T.);
#16731 = EDGE_CURVE('',#16732,#16734,#16736,.T.);
#16732 = VERTEX_POINT('',#16733);
#16733 = CARTESIAN_POINT('',(3.275238709281E+03,6.2992E+03,
    5.842936041468E+03));
#16734 = VERTEX_POINT('',#16735);
#16735 = CARTESIAN_POINT('',(3.275238709281E+03,6.35E+03,
    5.842936041468E+03));
#16736 = LINE('',#16737,#16738);
#16737 = CARTESIAN_POINT('',(3.275238709281E+03,6.2992E+03,
    5.842936041468E+03));
#16738 = VECTOR('',#16739,1.);
#16739 = DIRECTION('',(0.,1.,0.));
#16740 = ORIENTED_EDGE('',*,*,#16741,.T.);
#16741 = EDGE_CURVE('',#16734,#16742,#16744,.T.);
#16742 = VERTEX_POINT('',#16743);
#16743 = CARTESIAN_POINT('',(3.239861290719E+03,6.35E+03,
    5.806479515908E+03));
#16744 = LINE('',#16745,#16746);
#16745 = CARTESIAN_POINT('',(3.275238709281E+03,6.35E+03,
    5.842936041468E+03));
#16746 = VECTOR('',#16747,1.);
#16747 = DIRECTION('',(-0.696405877202,0.,-0.717648140943));
#16748 = ORIENTED_EDGE('',*,*,#16749,.F.);
#16749 = EDGE_CURVE('',#16750,#16742,#16752,.T.);
#16750 = VERTEX_POINT('',#16751);
#16751 = CARTESIAN_POINT('',(3.239861290719E+03,6.2992E+03,
    5.806479515908E+03));
#16752 = LINE('',#16753,#16754);
#16753 = CARTESIAN_POINT('',(3.239861290719E+03,6.2992E+03,
    5.806479515908E+03));
#16754 = VECTOR('',#16755,1.);
#16755 = DIRECTION('',(0.,1.,0.));
#16756 = ORIENTED_EDGE('',*,*,#16757,.F.);
#16757 = EDGE_CURVE('',#16732,#16750,#16758,.T.);
#16758 = LINE('',#16759,#16760);
#16759 = CARTESIAN_POINT('',(3.275238709281E+03,6.2992E+03,
    5.842936041468E+03));
#16760 = VECTOR('',#16761,1.);
#16761 = DIRECTION('',(-0.696405877202,0.,-0.717648140943));
#16762 = PLANE('',#16763);
#16763 = AXIS2_PLACEMENT_3D('',#16764,#16765,#16766);
#16764 = CARTESIAN_POINT('',(3.275238709281E+03,6.2992E+03,
    5.842936041468E+03));
#16765 = DIRECTION('',(-0.717648140943,0.,0.696405877202));
#16766 = DIRECTION('',(-0.696405877202,-6.E-17,-0.717648140943));
#16767 = ADVANCED_FACE('',(#16768),#16793,.T.);
#16768 = FACE_BOUND('',#16769,.T.);
#16769 = EDGE_LOOP('',(#16770,#16771,#16779,#16787));
#16770 = ORIENTED_EDGE('',*,*,#16749,.T.);
#16771 = ORIENTED_EDGE('',*,*,#16772,.T.);
#16772 = EDGE_CURVE('',#16742,#16773,#16775,.T.);
#16773 = VERTEX_POINT('',#16774);
#16774 = CARTESIAN_POINT('',(3.824061290719E+03,6.35E+03,
    5.23957173722E+03));
#16775 = LINE('',#16776,#16777);
#16776 = CARTESIAN_POINT('',(3.239861290719E+03,6.35E+03,
    5.806479515908E+03));
#16777 = VECTOR('',#16778,1.);
#16778 = DIRECTION('',(0.717648140943,0.,-0.696405877202));
#16779 = ORIENTED_EDGE('',*,*,#16780,.F.);
#16780 = EDGE_CURVE('',#16781,#16773,#16783,.T.);
#16781 = VERTEX_POINT('',#16782);
#16782 = CARTESIAN_POINT('',(3.824061290719E+03,6.2992E+03,
    5.23957173722E+03));
#16783 = LINE('',#16784,#16785);
#16784 = CARTESIAN_POINT('',(3.824061290719E+03,6.2992E+03,
    5.23957173722E+03));
#16785 = VECTOR('',#16786,1.);
#16786 = DIRECTION('',(0.,1.,0.));
#16787 = ORIENTED_EDGE('',*,*,#16788,.F.);
#16788 = EDGE_CURVE('',#16750,#16781,#16789,.T.);
#16789 = LINE('',#16790,#16791);
#16790 = CARTESIAN_POINT('',(3.239861290719E+03,6.2992E+03,
    5.806479515908E+03));
#16791 = VECTOR('',#16792,1.);
#16792 = DIRECTION('',(0.717648140943,0.,-0.696405877202));
#16793 = PLANE('',#16794);
#16794 = AXIS2_PLACEMENT_3D('',#16795,#16796,#16797);
#16795 = CARTESIAN_POINT('',(3.239861290719E+03,6.2992E+03,
    5.806479515908E+03));
#16796 = DIRECTION('',(-0.696405877202,0.,-0.717648140943));
#16797 = DIRECTION('',(0.717648140943,0.,-0.696405877202));
#16798 = ADVANCED_FACE('',(#16799),#16824,.T.);
#16799 = FACE_BOUND('',#16800,.T.);
#16800 = EDGE_LOOP('',(#16801,#16802,#16810,#16818));
#16801 = ORIENTED_EDGE('',*,*,#16780,.T.);
#16802 = ORIENTED_EDGE('',*,*,#16803,.T.);
#16803 = EDGE_CURVE('',#16773,#16804,#16806,.T.);
#16804 = VERTEX_POINT('',#16805);
#16805 = CARTESIAN_POINT('',(3.859438709281E+03,6.35E+03,
    5.27602826278E+03));
#16806 = LINE('',#16807,#16808);
#16807 = CARTESIAN_POINT('',(3.824061290719E+03,6.35E+03,
    5.23957173722E+03));
#16808 = VECTOR('',#16809,1.);
#16809 = DIRECTION('',(0.696405877202,-0.,0.717648140943));
#16810 = ORIENTED_EDGE('',*,*,#16811,.F.);
#16811 = EDGE_CURVE('',#16812,#16804,#16814,.T.);
#16812 = VERTEX_POINT('',#16813);
#16813 = CARTESIAN_POINT('',(3.859438709281E+03,6.2992E+03,
    5.27602826278E+03));
#16814 = LINE('',#16815,#16816);
#16815 = CARTESIAN_POINT('',(3.859438709281E+03,6.2992E+03,
    5.27602826278E+03));
#16816 = VECTOR('',#16817,1.);
#16817 = DIRECTION('',(0.,1.,0.));
#16818 = ORIENTED_EDGE('',*,*,#16819,.F.);
#16819 = EDGE_CURVE('',#16781,#16812,#16820,.T.);
#16820 = LINE('',#16821,#16822);
#16821 = CARTESIAN_POINT('',(3.824061290719E+03,6.2992E+03,
    5.23957173722E+03));
#16822 = VECTOR('',#16823,1.);
#16823 = DIRECTION('',(0.696405877202,-0.,0.717648140943));
#16824 = PLANE('',#16825);
#16825 = AXIS2_PLACEMENT_3D('',#16826,#16827,#16828);
#16826 = CARTESIAN_POINT('',(3.824061290719E+03,6.2992E+03,
    5.23957173722E+03));
#16827 = DIRECTION('',(0.717648140943,0.,-0.696405877202));
#16828 = DIRECTION('',(0.696405877202,6.E-17,0.717648140943));
#16829 = ADVANCED_FACE('',(#16830),#16846,.T.);
#16830 = FACE_BOUND('',#16831,.T.);
#16831 = EDGE_LOOP('',(#16832,#16833,#16839,#16840));
#16832 = ORIENTED_EDGE('',*,*,#16811,.T.);
#16833 = ORIENTED_EDGE('',*,*,#16834,.T.);
#16834 = EDGE_CURVE('',#16804,#16734,#16835,.T.);
#16835 = LINE('',#16836,#16837);
#16836 = CARTESIAN_POINT('',(3.859438709281E+03,6.35E+03,
    5.27602826278E+03));
#16837 = VECTOR('',#16838,1.);
#16838 = DIRECTION('',(-0.717648140943,0.,0.696405877202));
#16839 = ORIENTED_EDGE('',*,*,#16731,.F.);
#16840 = ORIENTED_EDGE('',*,*,#16841,.F.);
#16841 = EDGE_CURVE('',#16812,#16732,#16842,.T.);
#16842 = LINE('',#16843,#16844);
#16843 = CARTESIAN_POINT('',(3.859438709281E+03,6.2992E+03,
    5.27602826278E+03));
#16844 = VECTOR('',#16845,1.);
#16845 = DIRECTION('',(-0.717648140943,0.,0.696405877202));
#16846 = PLANE('',#16847);
#16847 = AXIS2_PLACEMENT_3D('',#16848,#16849,#16850);
#16848 = CARTESIAN_POINT('',(3.859438709281E+03,6.2992E+03,
    5.27602826278E+03));
#16849 = DIRECTION('',(0.696405877202,0.,0.717648140943));
#16850 = DIRECTION('',(-0.717648140943,0.,0.696405877202));
#16851 = ADVANCED_FACE('',(#16852),#16858,.F.);
#16852 = FACE_BOUND('',#16853,.T.);
#16853 = EDGE_LOOP('',(#16854,#16855,#16856,#16857));
#16854 = ORIENTED_EDGE('',*,*,#16757,.T.);
#16855 = ORIENTED_EDGE('',*,*,#16788,.T.);
#16856 = ORIENTED_EDGE('',*,*,#16819,.T.);
#16857 = ORIENTED_EDGE('',*,*,#16841,.T.);
#16858 = PLANE('',#16859);
#16859 = AXIS2_PLACEMENT_3D('',#16860,#16861,#16862);
#16860 = CARTESIAN_POINT('',(3.54965E+03,6.2992E+03,5.541253889344E+03)
  );
#16861 = DIRECTION('',(0.,1.,0.));
#16862 = DIRECTION('',(0.,0.,1.));
#16863 = ADVANCED_FACE('',(#16864),#16870,.T.);
#16864 = FACE_BOUND('',#16865,.F.);
#16865 = EDGE_LOOP('',(#16866,#16867,#16868,#16869));
#16866 = ORIENTED_EDGE('',*,*,#16741,.T.);
#16867 = ORIENTED_EDGE('',*,*,#16772,.T.);
#16868 = ORIENTED_EDGE('',*,*,#16803,.T.);
#16869 = ORIENTED_EDGE('',*,*,#16834,.T.);
#16870 = PLANE('',#16871);
#16871 = AXIS2_PLACEMENT_3D('',#16872,#16873,#16874);
#16872 = CARTESIAN_POINT('',(3.54965E+03,6.35E+03,5.541253889344E+03));
#16873 = DIRECTION('',(0.,1.,0.));
#16874 = DIRECTION('',(0.,0.,1.));
#16875 = MANIFOLD_SOLID_BREP('',#16876);
#16876 = CLOSED_SHELL('',(#16877,#16917,#16957,#16979,#17001,#17013));
#16877 = ADVANCED_FACE('',(#16878),#16912,.F.);
#16878 = FACE_BOUND('',#16879,.F.);
#16879 = EDGE_LOOP('',(#16880,#16890,#16898,#16906));
#16880 = ORIENTED_EDGE('',*,*,#16881,.F.);
#16881 = EDGE_CURVE('',#16882,#16884,#16886,.T.);
#16882 = VERTEX_POINT('',#16883);
#16883 = CARTESIAN_POINT('',(-838.2,1.74625E+03,3.048E+03));
#16884 = VERTEX_POINT('',#16885);
#16885 = CARTESIAN_POINT('',(-838.2,1.74625E+03,3.7374384992E+03));
#16886 = LINE('',#16887,#16888);
#16887 = CARTESIAN_POINT('',(-838.2,1.74625E+03,3.048E+03));
#16888 = VECTOR('',#16889,1.);
#16889 = DIRECTION('',(0.,0.,1.));
#16890 = ORIENTED_EDGE('',*,*,#16891,.T.);
#16891 = EDGE_CURVE('',#16882,#16892,#16894,.T.);
#16892 = VERTEX_POINT('',#16893);
#16893 = CARTESIAN_POINT('',(-838.2,1.79705E+03,3.048E+03));
#16894 = LINE('',#16895,#16896);
#16895 = CARTESIAN_POINT('',(-838.2,1.74625E+03,3.048E+03));
#16896 = VECTOR('',#16897,1.);
#16897 = DIRECTION('',(0.,1.,0.));
#16898 = ORIENTED_EDGE('',*,*,#16899,.T.);
#16899 = EDGE_CURVE('',#16892,#16900,#16902,.T.);
#16900 = VERTEX_POINT('',#16901);
#16901 = CARTESIAN_POINT('',(-838.2,1.79705E+03,3.7374384992E+03));
#16902 = LINE('',#16903,#16904);
#16903 = CARTESIAN_POINT('',(-838.2,1.79705E+03,3.048E+03));
#16904 = VECTOR('',#16905,1.);
#16905 = DIRECTION('',(0.,0.,1.));
#16906 = ORIENTED_EDGE('',*,*,#16907,.F.);
#16907 = EDGE_CURVE('',#16884,#16900,#16908,.T.);
#16908 = LINE('',#16909,#16910);
#16909 = CARTESIAN_POINT('',(-838.2,1.74625E+03,3.7374384992E+03));
#16910 = VECTOR('',#16911,1.);
#16911 = DIRECTION('',(0.,1.,0.));
#16912 = PLANE('',#16913);
#16913 = AXIS2_PLACEMENT_3D('',#16914,#16915,#16916);
#16914 = CARTESIAN_POINT('',(-838.2,1.74625E+03,3.048E+03));
#16915 = DIRECTION('',(1.,0.,0.));
#16916 = DIRECTION('',(0.,0.,1.));
#16917 = ADVANCED_FACE('',(#16918),#16952,.T.);
#16918 = FACE_BOUND('',#16919,.T.);
#16919 = EDGE_LOOP('',(#16920,#16930,#16938,#16946));
#16920 = ORIENTED_EDGE('',*,*,#16921,.F.);
#16921 = EDGE_CURVE('',#16922,#16924,#16926,.T.);
#16922 = VERTEX_POINT('',#16923);
#16923 = CARTESIAN_POINT('',(-787.4,1.74625E+03,3.048E+03));
#16924 = VERTEX_POINT('',#16925);
#16925 = CARTESIAN_POINT('',(-787.4,1.74625E+03,3.7374384992E+03));
#16926 = LINE('',#16927,#16928);
#16927 = CARTESIAN_POINT('',(-787.4,1.74625E+03,3.048E+03));
#16928 = VECTOR('',#16929,1.);
#16929 = DIRECTION('',(0.,0.,1.));
#16930 = ORIENTED_EDGE('',*,*,#16931,.T.);
#16931 = EDGE_CURVE('',#16922,#16932,#16934,.T.);
#16932 = VERTEX_POINT('',#16933);
#16933 = CARTESIAN_POINT('',(-787.4,1.79705E+03,3.048E+03));
#16934 = LINE('',#16935,#16936);
#16935 = CARTESIAN_POINT('',(-787.4,1.74625E+03,3.048E+03));
#16936 = VECTOR('',#16937,1.);
#16937 = DIRECTION('',(0.,1.,0.));
#16938 = ORIENTED_EDGE('',*,*,#16939,.T.);
#16939 = EDGE_CURVE('',#16932,#16940,#16942,.T.);
#16940 = VERTEX_POINT('',#16941);
#16941 = CARTESIAN_POINT('',(-787.4,1.79705E+03,3.7374384992E+03));
#16942 = LINE('',#16943,#16944);
#16943 = CARTESIAN_POINT('',(-787.4,1.79705E+03,3.048E+03));
#16944 = VECTOR('',#16945,1.);
#16945 = DIRECTION('',(0.,0.,1.));
#16946 = ORIENTED_EDGE('',*,*,#16947,.F.);
#16947 = EDGE_CURVE('',#16924,#16940,#16948,.T.);
#16948 = LINE('',#16949,#16950);
#16949 = CARTESIAN_POINT('',(-787.4,1.74625E+03,3.7374384992E+03));
#16950 = VECTOR('',#16951,1.);
#16951 = DIRECTION('',(0.,1.,0.));
#16952 = PLANE('',#16953);
#16953 = AXIS2_PLACEMENT_3D('',#16954,#16955,#16956);
#16954 = CARTESIAN_POINT('',(-787.4,1.74625E+03,3.048E+03));
#16955 = DIRECTION('',(1.,0.,0.));
#16956 = DIRECTION('',(0.,0.,1.));
#16957 = ADVANCED_FACE('',(#16958),#16974,.F.);
#16958 = FACE_BOUND('',#16959,.F.);
#16959 = EDGE_LOOP('',(#16960,#16966,#16967,#16973));
#16960 = ORIENTED_EDGE('',*,*,#16961,.F.);
#16961 = EDGE_CURVE('',#16882,#16922,#16962,.T.);
#16962 = LINE('',#16963,#16964);
#16963 = CARTESIAN_POINT('',(-838.2,1.74625E+03,3.048E+03));
#16964 = VECTOR('',#16965,1.);
#16965 = DIRECTION('',(1.,0.,0.));
#16966 = ORIENTED_EDGE('',*,*,#16881,.T.);
#16967 = ORIENTED_EDGE('',*,*,#16968,.T.);
#16968 = EDGE_CURVE('',#16884,#16924,#16969,.T.);
#16969 = LINE('',#16970,#16971);
#16970 = CARTESIAN_POINT('',(-838.2,1.74625E+03,3.7374384992E+03));
#16971 = VECTOR('',#16972,1.);
#16972 = DIRECTION('',(1.,0.,0.));
#16973 = ORIENTED_EDGE('',*,*,#16921,.F.);
#16974 = PLANE('',#16975);
#16975 = AXIS2_PLACEMENT_3D('',#16976,#16977,#16978);
#16976 = CARTESIAN_POINT('',(-838.2,1.74625E+03,3.048E+03));
#16977 = DIRECTION('',(0.,1.,0.));
#16978 = DIRECTION('',(0.,0.,1.));
#16979 = ADVANCED_FACE('',(#16980),#16996,.T.);
#16980 = FACE_BOUND('',#16981,.T.);
#16981 = EDGE_LOOP('',(#16982,#16988,#16989,#16995));
#16982 = ORIENTED_EDGE('',*,*,#16983,.F.);
#16983 = EDGE_CURVE('',#16892,#16932,#16984,.T.);
#16984 = LINE('',#16985,#16986);
#16985 = CARTESIAN_POINT('',(-838.2,1.79705E+03,3.048E+03));
#16986 = VECTOR('',#16987,1.);
#16987 = DIRECTION('',(1.,0.,0.));
#16988 = ORIENTED_EDGE('',*,*,#16899,.T.);
#16989 = ORIENTED_EDGE('',*,*,#16990,.T.);
#16990 = EDGE_CURVE('',#16900,#16940,#16991,.T.);
#16991 = LINE('',#16992,#16993);
#16992 = CARTESIAN_POINT('',(-838.2,1.79705E+03,3.7374384992E+03));
#16993 = VECTOR('',#16994,1.);
#16994 = DIRECTION('',(1.,0.,0.));
#16995 = ORIENTED_EDGE('',*,*,#16939,.F.);
#16996 = PLANE('',#16997);
#16997 = AXIS2_PLACEMENT_3D('',#16998,#16999,#17000);
#16998 = CARTESIAN_POINT('',(-838.2,1.79705E+03,3.048E+03));
#16999 = DIRECTION('',(0.,1.,0.));
#17000 = DIRECTION('',(0.,0.,1.));
#17001 = ADVANCED_FACE('',(#17002),#17008,.F.);
#17002 = FACE_BOUND('',#17003,.F.);
#17003 = EDGE_LOOP('',(#17004,#17005,#17006,#17007));
#17004 = ORIENTED_EDGE('',*,*,#16891,.F.);
#17005 = ORIENTED_EDGE('',*,*,#16961,.T.);
#17006 = ORIENTED_EDGE('',*,*,#16931,.T.);
#17007 = ORIENTED_EDGE('',*,*,#16983,.F.);
#17008 = PLANE('',#17009);
#17009 = AXIS2_PLACEMENT_3D('',#17010,#17011,#17012);
#17010 = CARTESIAN_POINT('',(-838.2,1.74625E+03,3.048E+03));
#17011 = DIRECTION('',(0.,0.,1.));
#17012 = DIRECTION('',(1.,0.,0.));
#17013 = ADVANCED_FACE('',(#17014),#17020,.T.);
#17014 = FACE_BOUND('',#17015,.T.);
#17015 = EDGE_LOOP('',(#17016,#17017,#17018,#17019));
#17016 = ORIENTED_EDGE('',*,*,#16907,.F.);
#17017 = ORIENTED_EDGE('',*,*,#16968,.T.);
#17018 = ORIENTED_EDGE('',*,*,#16947,.T.);
#17019 = ORIENTED_EDGE('',*,*,#16990,.F.);
#17020 = PLANE('',#17021);
#17021 = AXIS2_PLACEMENT_3D('',#17022,#17023,#17024);
#17022 = CARTESIAN_POINT('',(-838.2,1.74625E+03,3.7374384992E+03));
#17023 = DIRECTION('',(0.,0.,1.));
#17024 = DIRECTION('',(1.,0.,0.));
#17025 = MANIFOLD_SOLID_BREP('',#17026);
#17026 = CLOSED_SHELL('',(#17027,#17067,#17107,#17129,#17151,#17163));
#17027 = ADVANCED_FACE('',(#17028),#17062,.F.);
#17028 = FACE_BOUND('',#17029,.F.);
#17029 = EDGE_LOOP('',(#17030,#17040,#17048,#17056));
#17030 = ORIENTED_EDGE('',*,*,#17031,.F.);
#17031 = EDGE_CURVE('',#17032,#17034,#17036,.T.);
#17032 = VERTEX_POINT('',#17033);
#17033 = CARTESIAN_POINT('',(788.9875,1.74625E+03,3.048E+03));
#17034 = VERTEX_POINT('',#17035);
#17035 = CARTESIAN_POINT('',(788.9875,1.74625E+03,3.7374384992E+03));
#17036 = LINE('',#17037,#17038);
#17037 = CARTESIAN_POINT('',(788.9875,1.74625E+03,3.048E+03));
#17038 = VECTOR('',#17039,1.);
#17039 = DIRECTION('',(0.,0.,1.));
#17040 = ORIENTED_EDGE('',*,*,#17041,.T.);
#17041 = EDGE_CURVE('',#17032,#17042,#17044,.T.);
#17042 = VERTEX_POINT('',#17043);
#17043 = CARTESIAN_POINT('',(788.9875,1.79705E+03,3.048E+03));
#17044 = LINE('',#17045,#17046);
#17045 = CARTESIAN_POINT('',(788.9875,1.74625E+03,3.048E+03));
#17046 = VECTOR('',#17047,1.);
#17047 = DIRECTION('',(0.,1.,0.));
#17048 = ORIENTED_EDGE('',*,*,#17049,.T.);
#17049 = EDGE_CURVE('',#17042,#17050,#17052,.T.);
#17050 = VERTEX_POINT('',#17051);
#17051 = CARTESIAN_POINT('',(788.9875,1.79705E+03,3.7374384992E+03));
#17052 = LINE('',#17053,#17054);
#17053 = CARTESIAN_POINT('',(788.9875,1.79705E+03,3.048E+03));
#17054 = VECTOR('',#17055,1.);
#17055 = DIRECTION('',(0.,0.,1.));
#17056 = ORIENTED_EDGE('',*,*,#17057,.F.);
#17057 = EDGE_CURVE('',#17034,#17050,#17058,.T.);
#17058 = LINE('',#17059,#17060);
#17059 = CARTESIAN_POINT('',(788.9875,1.74625E+03,3.7374384992E+03));
#17060 = VECTOR('',#17061,1.);
#17061 = DIRECTION('',(0.,1.,0.));
#17062 = PLANE('',#17063);
#17063 = AXIS2_PLACEMENT_3D('',#17064,#17065,#17066);
#17064 = CARTESIAN_POINT('',(788.9875,1.74625E+03,3.048E+03));
#17065 = DIRECTION('',(1.,0.,0.));
#17066 = DIRECTION('',(0.,0.,1.));
#17067 = ADVANCED_FACE('',(#17068),#17102,.T.);
#17068 = FACE_BOUND('',#17069,.T.);
#17069 = EDGE_LOOP('',(#17070,#17080,#17088,#17096));
#17070 = ORIENTED_EDGE('',*,*,#17071,.F.);
#17071 = EDGE_CURVE('',#17072,#17074,#17076,.T.);
#17072 = VERTEX_POINT('',#17073);
#17073 = CARTESIAN_POINT('',(839.7875,1.74625E+03,3.048E+03));
#17074 = VERTEX_POINT('',#17075);
#17075 = CARTESIAN_POINT('',(839.7875,1.74625E+03,3.7374384992E+03));
#17076 = LINE('',#17077,#17078);
#17077 = CARTESIAN_POINT('',(839.7875,1.74625E+03,3.048E+03));
#17078 = VECTOR('',#17079,1.);
#17079 = DIRECTION('',(0.,0.,1.));
#17080 = ORIENTED_EDGE('',*,*,#17081,.T.);
#17081 = EDGE_CURVE('',#17072,#17082,#17084,.T.);
#17082 = VERTEX_POINT('',#17083);
#17083 = CARTESIAN_POINT('',(839.7875,1.79705E+03,3.048E+03));
#17084 = LINE('',#17085,#17086);
#17085 = CARTESIAN_POINT('',(839.7875,1.74625E+03,3.048E+03));
#17086 = VECTOR('',#17087,1.);
#17087 = DIRECTION('',(0.,1.,0.));
#17088 = ORIENTED_EDGE('',*,*,#17089,.T.);
#17089 = EDGE_CURVE('',#17082,#17090,#17092,.T.);
#17090 = VERTEX_POINT('',#17091);
#17091 = CARTESIAN_POINT('',(839.7875,1.79705E+03,3.7374384992E+03));
#17092 = LINE('',#17093,#17094);
#17093 = CARTESIAN_POINT('',(839.7875,1.79705E+03,3.048E+03));
#17094 = VECTOR('',#17095,1.);
#17095 = DIRECTION('',(0.,0.,1.));
#17096 = ORIENTED_EDGE('',*,*,#17097,.F.);
#17097 = EDGE_CURVE('',#17074,#17090,#17098,.T.);
#17098 = LINE('',#17099,#17100);
#17099 = CARTESIAN_POINT('',(839.7875,1.74625E+03,3.7374384992E+03));
#17100 = VECTOR('',#17101,1.);
#17101 = DIRECTION('',(0.,1.,0.));
#17102 = PLANE('',#17103);
#17103 = AXIS2_PLACEMENT_3D('',#17104,#17105,#17106);
#17104 = CARTESIAN_POINT('',(839.7875,1.74625E+03,3.048E+03));
#17105 = DIRECTION('',(1.,0.,0.));
#17106 = DIRECTION('',(0.,0.,1.));
#17107 = ADVANCED_FACE('',(#17108),#17124,.F.);
#17108 = FACE_BOUND('',#17109,.F.);
#17109 = EDGE_LOOP('',(#17110,#17116,#17117,#17123));
#17110 = ORIENTED_EDGE('',*,*,#17111,.F.);
#17111 = EDGE_CURVE('',#17032,#17072,#17112,.T.);
#17112 = LINE('',#17113,#17114);
#17113 = CARTESIAN_POINT('',(788.9875,1.74625E+03,3.048E+03));
#17114 = VECTOR('',#17115,1.);
#17115 = DIRECTION('',(1.,0.,0.));
#17116 = ORIENTED_EDGE('',*,*,#17031,.T.);
#17117 = ORIENTED_EDGE('',*,*,#17118,.T.);
#17118 = EDGE_CURVE('',#17034,#17074,#17119,.T.);
#17119 = LINE('',#17120,#17121);
#17120 = CARTESIAN_POINT('',(788.9875,1.74625E+03,3.7374384992E+03));
#17121 = VECTOR('',#17122,1.);
#17122 = DIRECTION('',(1.,0.,0.));
#17123 = ORIENTED_EDGE('',*,*,#17071,.F.);
#17124 = PLANE('',#17125);
#17125 = AXIS2_PLACEMENT_3D('',#17126,#17127,#17128);
#17126 = CARTESIAN_POINT('',(788.9875,1.74625E+03,3.048E+03));
#17127 = DIRECTION('',(0.,1.,0.));
#17128 = DIRECTION('',(0.,0.,1.));
#17129 = ADVANCED_FACE('',(#17130),#17146,.T.);
#17130 = FACE_BOUND('',#17131,.T.);
#17131 = EDGE_LOOP('',(#17132,#17138,#17139,#17145));
#17132 = ORIENTED_EDGE('',*,*,#17133,.F.);
#17133 = EDGE_CURVE('',#17042,#17082,#17134,.T.);
#17134 = LINE('',#17135,#17136);
#17135 = CARTESIAN_POINT('',(788.9875,1.79705E+03,3.048E+03));
#17136 = VECTOR('',#17137,1.);
#17137 = DIRECTION('',(1.,0.,0.));
#17138 = ORIENTED_EDGE('',*,*,#17049,.T.);
#17139 = ORIENTED_EDGE('',*,*,#17140,.T.);
#17140 = EDGE_CURVE('',#17050,#17090,#17141,.T.);
#17141 = LINE('',#17142,#17143);
#17142 = CARTESIAN_POINT('',(788.9875,1.79705E+03,3.7374384992E+03));
#17143 = VECTOR('',#17144,1.);
#17144 = DIRECTION('',(1.,0.,0.));
#17145 = ORIENTED_EDGE('',*,*,#17089,.F.);
#17146 = PLANE('',#17147);
#17147 = AXIS2_PLACEMENT_3D('',#17148,#17149,#17150);
#17148 = CARTESIAN_POINT('',(788.9875,1.79705E+03,3.048E+03));
#17149 = DIRECTION('',(0.,1.,0.));
#17150 = DIRECTION('',(0.,0.,1.));
#17151 = ADVANCED_FACE('',(#17152),#17158,.F.);
#17152 = FACE_BOUND('',#17153,.F.);
#17153 = EDGE_LOOP('',(#17154,#17155,#17156,#17157));
#17154 = ORIENTED_EDGE('',*,*,#17041,.F.);
#17155 = ORIENTED_EDGE('',*,*,#17111,.T.);
#17156 = ORIENTED_EDGE('',*,*,#17081,.T.);
#17157 = ORIENTED_EDGE('',*,*,#17133,.F.);
#17158 = PLANE('',#17159);
#17159 = AXIS2_PLACEMENT_3D('',#17160,#17161,#17162);
#17160 = CARTESIAN_POINT('',(788.9875,1.74625E+03,3.048E+03));
#17161 = DIRECTION('',(0.,0.,1.));
#17162 = DIRECTION('',(1.,0.,0.));
#17163 = ADVANCED_FACE('',(#17164),#17170,.T.);
#17164 = FACE_BOUND('',#17165,.T.);
#17165 = EDGE_LOOP('',(#17166,#17167,#17168,#17169));
#17166 = ORIENTED_EDGE('',*,*,#17057,.F.);
#17167 = ORIENTED_EDGE('',*,*,#17118,.T.);
#17168 = ORIENTED_EDGE('',*,*,#17097,.T.);
#17169 = ORIENTED_EDGE('',*,*,#17140,.F.);
#17170 = PLANE('',#17171);
#17171 = AXIS2_PLACEMENT_3D('',#17172,#17173,#17174);
#17172 = CARTESIAN_POINT('',(788.9875,1.74625E+03,3.7374384992E+03));
#17173 = DIRECTION('',(0.,0.,1.));
#17174 = DIRECTION('',(1.,0.,0.));
#17175 = MANIFOLD_SOLID_BREP('',#17176);
#17176 = CLOSED_SHELL('',(#17177,#17217,#17257,#17279,#17301,#17313));
#17177 = ADVANCED_FACE('',(#17178),#17212,.F.);
#17178 = FACE_BOUND('',#17179,.F.);
#17179 = EDGE_LOOP('',(#17180,#17190,#17198,#17206));
#17180 = ORIENTED_EDGE('',*,*,#17181,.F.);
#17181 = EDGE_CURVE('',#17182,#17184,#17186,.T.);
#17182 = VERTEX_POINT('',#17183);
#17183 = CARTESIAN_POINT('',(2.416175E+03,1.74625E+03,3.048E+03));
#17184 = VERTEX_POINT('',#17185);
#17185 = CARTESIAN_POINT('',(2.416175E+03,1.74625E+03,3.7374384992E+03)
  );
#17186 = LINE('',#17187,#17188);
#17187 = CARTESIAN_POINT('',(2.416175E+03,1.74625E+03,3.048E+03));
#17188 = VECTOR('',#17189,1.);
#17189 = DIRECTION('',(0.,0.,1.));
#17190 = ORIENTED_EDGE('',*,*,#17191,.T.);
#17191 = EDGE_CURVE('',#17182,#17192,#17194,.T.);
#17192 = VERTEX_POINT('',#17193);
#17193 = CARTESIAN_POINT('',(2.416175E+03,1.79705E+03,3.048E+03));
#17194 = LINE('',#17195,#17196);
#17195 = CARTESIAN_POINT('',(2.416175E+03,1.74625E+03,3.048E+03));
#17196 = VECTOR('',#17197,1.);
#17197 = DIRECTION('',(0.,1.,0.));
#17198 = ORIENTED_EDGE('',*,*,#17199,.T.);
#17199 = EDGE_CURVE('',#17192,#17200,#17202,.T.);
#17200 = VERTEX_POINT('',#17201);
#17201 = CARTESIAN_POINT('',(2.416175E+03,1.79705E+03,3.7374384992E+03)
  );
#17202 = LINE('',#17203,#17204);
#17203 = CARTESIAN_POINT('',(2.416175E+03,1.79705E+03,3.048E+03));
#17204 = VECTOR('',#17205,1.);
#17205 = DIRECTION('',(0.,0.,1.));
#17206 = ORIENTED_EDGE('',*,*,#17207,.F.);
#17207 = EDGE_CURVE('',#17184,#17200,#17208,.T.);
#17208 = LINE('',#17209,#17210);
#17209 = CARTESIAN_POINT('',(2.416175E+03,1.74625E+03,3.7374384992E+03)
  );
#17210 = VECTOR('',#17211,1.);
#17211 = DIRECTION('',(0.,1.,0.));
#17212 = PLANE('',#17213);
#17213 = AXIS2_PLACEMENT_3D('',#17214,#17215,#17216);
#17214 = CARTESIAN_POINT('',(2.416175E+03,1.74625E+03,3.048E+03));
#17215 = DIRECTION('',(1.,0.,0.));
#17216 = DIRECTION('',(0.,0.,1.));
#17217 = ADVANCED_FACE('',(#17218),#17252,.T.);
#17218 = FACE_BOUND('',#17219,.T.);
#17219 = EDGE_LOOP('',(#17220,#17230,#17238,#17246));
#17220 = ORIENTED_EDGE('',*,*,#17221,.F.);
#17221 = EDGE_CURVE('',#17222,#17224,#17226,.T.);
#17222 = VERTEX_POINT('',#17223);
#17223 = CARTESIAN_POINT('',(2.466975E+03,1.74625E+03,3.048E+03));
#17224 = VERTEX_POINT('',#17225);
#17225 = CARTESIAN_POINT('',(2.466975E+03,1.74625E+03,3.7374384992E+03)
  );
#17226 = LINE('',#17227,#17228);
#17227 = CARTESIAN_POINT('',(2.466975E+03,1.74625E+03,3.048E+03));
#17228 = VECTOR('',#17229,1.);
#17229 = DIRECTION('',(0.,0.,1.));
#17230 = ORIENTED_EDGE('',*,*,#17231,.T.);
#17231 = EDGE_CURVE('',#17222,#17232,#17234,.T.);
#17232 = VERTEX_POINT('',#17233);
#17233 = CARTESIAN_POINT('',(2.466975E+03,1.79705E+03,3.048E+03));
#17234 = LINE('',#17235,#17236);
#17235 = CARTESIAN_POINT('',(2.466975E+03,1.74625E+03,3.048E+03));
#17236 = VECTOR('',#17237,1.);
#17237 = DIRECTION('',(0.,1.,0.));
#17238 = ORIENTED_EDGE('',*,*,#17239,.T.);
#17239 = EDGE_CURVE('',#17232,#17240,#17242,.T.);
#17240 = VERTEX_POINT('',#17241);
#17241 = CARTESIAN_POINT('',(2.466975E+03,1.79705E+03,3.7374384992E+03)
  );
#17242 = LINE('',#17243,#17244);
#17243 = CARTESIAN_POINT('',(2.466975E+03,1.79705E+03,3.048E+03));
#17244 = VECTOR('',#17245,1.);
#17245 = DIRECTION('',(0.,0.,1.));
#17246 = ORIENTED_EDGE('',*,*,#17247,.F.);
#17247 = EDGE_CURVE('',#17224,#17240,#17248,.T.);
#17248 = LINE('',#17249,#17250);
#17249 = CARTESIAN_POINT('',(2.466975E+03,1.74625E+03,3.7374384992E+03)
  );
#17250 = VECTOR('',#17251,1.);
#17251 = DIRECTION('',(0.,1.,0.));
#17252 = PLANE('',#17253);
#17253 = AXIS2_PLACEMENT_3D('',#17254,#17255,#17256);
#17254 = CARTESIAN_POINT('',(2.466975E+03,1.74625E+03,3.048E+03));
#17255 = DIRECTION('',(1.,0.,0.));
#17256 = DIRECTION('',(0.,0.,1.));
#17257 = ADVANCED_FACE('',(#17258),#17274,.F.);
#17258 = FACE_BOUND('',#17259,.F.);
#17259 = EDGE_LOOP('',(#17260,#17266,#17267,#17273));
#17260 = ORIENTED_EDGE('',*,*,#17261,.F.);
#17261 = EDGE_CURVE('',#17182,#17222,#17262,.T.);
#17262 = LINE('',#17263,#17264);
#17263 = CARTESIAN_POINT('',(2.416175E+03,1.74625E+03,3.048E+03));
#17264 = VECTOR('',#17265,1.);
#17265 = DIRECTION('',(1.,0.,0.));
#17266 = ORIENTED_EDGE('',*,*,#17181,.T.);
#17267 = ORIENTED_EDGE('',*,*,#17268,.T.);
#17268 = EDGE_CURVE('',#17184,#17224,#17269,.T.);
#17269 = LINE('',#17270,#17271);
#17270 = CARTESIAN_POINT('',(2.416175E+03,1.74625E+03,3.7374384992E+03)
  );
#17271 = VECTOR('',#17272,1.);
#17272 = DIRECTION('',(1.,0.,0.));
#17273 = ORIENTED_EDGE('',*,*,#17221,.F.);
#17274 = PLANE('',#17275);
#17275 = AXIS2_PLACEMENT_3D('',#17276,#17277,#17278);
#17276 = CARTESIAN_POINT('',(2.416175E+03,1.74625E+03,3.048E+03));
#17277 = DIRECTION('',(0.,1.,0.));
#17278 = DIRECTION('',(0.,0.,1.));
#17279 = ADVANCED_FACE('',(#17280),#17296,.T.);
#17280 = FACE_BOUND('',#17281,.T.);
#17281 = EDGE_LOOP('',(#17282,#17288,#17289,#17295));
#17282 = ORIENTED_EDGE('',*,*,#17283,.F.);
#17283 = EDGE_CURVE('',#17192,#17232,#17284,.T.);
#17284 = LINE('',#17285,#17286);
#17285 = CARTESIAN_POINT('',(2.416175E+03,1.79705E+03,3.048E+03));
#17286 = VECTOR('',#17287,1.);
#17287 = DIRECTION('',(1.,0.,0.));
#17288 = ORIENTED_EDGE('',*,*,#17199,.T.);
#17289 = ORIENTED_EDGE('',*,*,#17290,.T.);
#17290 = EDGE_CURVE('',#17200,#17240,#17291,.T.);
#17291 = LINE('',#17292,#17293);
#17292 = CARTESIAN_POINT('',(2.416175E+03,1.79705E+03,3.7374384992E+03)
  );
#17293 = VECTOR('',#17294,1.);
#17294 = DIRECTION('',(1.,0.,0.));
#17295 = ORIENTED_EDGE('',*,*,#17239,.F.);
#17296 = PLANE('',#17297);
#17297 = AXIS2_PLACEMENT_3D('',#17298,#17299,#17300);
#17298 = CARTESIAN_POINT('',(2.416175E+03,1.79705E+03,3.048E+03));
#17299 = DIRECTION('',(0.,1.,0.));
#17300 = DIRECTION('',(0.,0.,1.));
#17301 = ADVANCED_FACE('',(#17302),#17308,.F.);
#17302 = FACE_BOUND('',#17303,.F.);
#17303 = EDGE_LOOP('',(#17304,#17305,#17306,#17307));
#17304 = ORIENTED_EDGE('',*,*,#17191,.F.);
#17305 = ORIENTED_EDGE('',*,*,#17261,.T.);
#17306 = ORIENTED_EDGE('',*,*,#17231,.T.);
#17307 = ORIENTED_EDGE('',*,*,#17283,.F.);
#17308 = PLANE('',#17309);
#17309 = AXIS2_PLACEMENT_3D('',#17310,#17311,#17312);
#17310 = CARTESIAN_POINT('',(2.416175E+03,1.74625E+03,3.048E+03));
#17311 = DIRECTION('',(0.,0.,1.));
#17312 = DIRECTION('',(1.,0.,0.));
#17313 = ADVANCED_FACE('',(#17314),#17320,.T.);
#17314 = FACE_BOUND('',#17315,.T.);
#17315 = EDGE_LOOP('',(#17316,#17317,#17318,#17319));
#17316 = ORIENTED_EDGE('',*,*,#17207,.F.);
#17317 = ORIENTED_EDGE('',*,*,#17268,.T.);
#17318 = ORIENTED_EDGE('',*,*,#17247,.T.);
#17319 = ORIENTED_EDGE('',*,*,#17290,.F.);
#17320 = PLANE('',#17321);
#17321 = AXIS2_PLACEMENT_3D('',#17322,#17323,#17324);
#17322 = CARTESIAN_POINT('',(2.416175E+03,1.74625E+03,3.7374384992E+03)
  );
#17323 = DIRECTION('',(0.,0.,1.));
#17324 = DIRECTION('',(1.,0.,0.));
#17325 = MANIFOLD_SOLID_BREP('',#17326);
#17326 = CLOSED_SHELL('',(#17327,#17367,#17407,#17429,#17451,#17463));
#17327 = ADVANCED_FACE('',(#17328),#17362,.F.);
#17328 = FACE_BOUND('',#17329,.F.);
#17329 = EDGE_LOOP('',(#17330,#17340,#17348,#17356));
#17330 = ORIENTED_EDGE('',*,*,#17331,.F.);
#17331 = EDGE_CURVE('',#17332,#17334,#17336,.T.);
#17332 = VERTEX_POINT('',#17333);
#17333 = CARTESIAN_POINT('',(4.0433625E+03,1.74625E+03,3.048E+03));
#17334 = VERTEX_POINT('',#17335);
#17335 = CARTESIAN_POINT('',(4.0433625E+03,1.74625E+03,3.7374384992E+03)
  );
#17336 = LINE('',#17337,#17338);
#17337 = CARTESIAN_POINT('',(4.0433625E+03,1.74625E+03,3.048E+03));
#17338 = VECTOR('',#17339,1.);
#17339 = DIRECTION('',(0.,0.,1.));
#17340 = ORIENTED_EDGE('',*,*,#17341,.T.);
#17341 = EDGE_CURVE('',#17332,#17342,#17344,.T.);
#17342 = VERTEX_POINT('',#17343);
#17343 = CARTESIAN_POINT('',(4.0433625E+03,1.79705E+03,3.048E+03));
#17344 = LINE('',#17345,#17346);
#17345 = CARTESIAN_POINT('',(4.0433625E+03,1.74625E+03,3.048E+03));
#17346 = VECTOR('',#17347,1.);
#17347 = DIRECTION('',(0.,1.,0.));
#17348 = ORIENTED_EDGE('',*,*,#17349,.T.);
#17349 = EDGE_CURVE('',#17342,#17350,#17352,.T.);
#17350 = VERTEX_POINT('',#17351);
#17351 = CARTESIAN_POINT('',(4.0433625E+03,1.79705E+03,3.7374384992E+03)
  );
#17352 = LINE('',#17353,#17354);
#17353 = CARTESIAN_POINT('',(4.0433625E+03,1.79705E+03,3.048E+03));
#17354 = VECTOR('',#17355,1.);
#17355 = DIRECTION('',(0.,0.,1.));
#17356 = ORIENTED_EDGE('',*,*,#17357,.F.);
#17357 = EDGE_CURVE('',#17334,#17350,#17358,.T.);
#17358 = LINE('',#17359,#17360);
#17359 = CARTESIAN_POINT('',(4.0433625E+03,1.74625E+03,3.7374384992E+03)
  );
#17360 = VECTOR('',#17361,1.);
#17361 = DIRECTION('',(0.,1.,0.));
#17362 = PLANE('',#17363);
#17363 = AXIS2_PLACEMENT_3D('',#17364,#17365,#17366);
#17364 = CARTESIAN_POINT('',(4.0433625E+03,1.74625E+03,3.048E+03));
#17365 = DIRECTION('',(1.,0.,0.));
#17366 = DIRECTION('',(0.,0.,1.));
#17367 = ADVANCED_FACE('',(#17368),#17402,.T.);
#17368 = FACE_BOUND('',#17369,.T.);
#17369 = EDGE_LOOP('',(#17370,#17380,#17388,#17396));
#17370 = ORIENTED_EDGE('',*,*,#17371,.F.);
#17371 = EDGE_CURVE('',#17372,#17374,#17376,.T.);
#17372 = VERTEX_POINT('',#17373);
#17373 = CARTESIAN_POINT('',(4.0941625E+03,1.74625E+03,3.048E+03));
#17374 = VERTEX_POINT('',#17375);
#17375 = CARTESIAN_POINT('',(4.0941625E+03,1.74625E+03,3.7374384992E+03)
  );
#17376 = LINE('',#17377,#17378);
#17377 = CARTESIAN_POINT('',(4.0941625E+03,1.74625E+03,3.048E+03));
#17378 = VECTOR('',#17379,1.);
#17379 = DIRECTION('',(0.,0.,1.));
#17380 = ORIENTED_EDGE('',*,*,#17381,.T.);
#17381 = EDGE_CURVE('',#17372,#17382,#17384,.T.);
#17382 = VERTEX_POINT('',#17383);
#17383 = CARTESIAN_POINT('',(4.0941625E+03,1.79705E+03,3.048E+03));
#17384 = LINE('',#17385,#17386);
#17385 = CARTESIAN_POINT('',(4.0941625E+03,1.74625E+03,3.048E+03));
#17386 = VECTOR('',#17387,1.);
#17387 = DIRECTION('',(0.,1.,0.));
#17388 = ORIENTED_EDGE('',*,*,#17389,.T.);
#17389 = EDGE_CURVE('',#17382,#17390,#17392,.T.);
#17390 = VERTEX_POINT('',#17391);
#17391 = CARTESIAN_POINT('',(4.0941625E+03,1.79705E+03,3.7374384992E+03)
  );
#17392 = LINE('',#17393,#17394);
#17393 = CARTESIAN_POINT('',(4.0941625E+03,1.79705E+03,3.048E+03));
#17394 = VECTOR('',#17395,1.);
#17395 = DIRECTION('',(0.,0.,1.));
#17396 = ORIENTED_EDGE('',*,*,#17397,.F.);
#17397 = EDGE_CURVE('',#17374,#17390,#17398,.T.);
#17398 = LINE('',#17399,#17400);
#17399 = CARTESIAN_POINT('',(4.0941625E+03,1.74625E+03,3.7374384992E+03)
  );
#17400 = VECTOR('',#17401,1.);
#17401 = DIRECTION('',(0.,1.,0.));
#17402 = PLANE('',#17403);
#17403 = AXIS2_PLACEMENT_3D('',#17404,#17405,#17406);
#17404 = CARTESIAN_POINT('',(4.0941625E+03,1.74625E+03,3.048E+03));
#17405 = DIRECTION('',(1.,0.,0.));
#17406 = DIRECTION('',(0.,0.,1.));
#17407 = ADVANCED_FACE('',(#17408),#17424,.F.);
#17408 = FACE_BOUND('',#17409,.F.);
#17409 = EDGE_LOOP('',(#17410,#17416,#17417,#17423));
#17410 = ORIENTED_EDGE('',*,*,#17411,.F.);
#17411 = EDGE_CURVE('',#17332,#17372,#17412,.T.);
#17412 = LINE('',#17413,#17414);
#17413 = CARTESIAN_POINT('',(4.0433625E+03,1.74625E+03,3.048E+03));
#17414 = VECTOR('',#17415,1.);
#17415 = DIRECTION('',(1.,0.,0.));
#17416 = ORIENTED_EDGE('',*,*,#17331,.T.);
#17417 = ORIENTED_EDGE('',*,*,#17418,.T.);
#17418 = EDGE_CURVE('',#17334,#17374,#17419,.T.);
#17419 = LINE('',#17420,#17421);
#17420 = CARTESIAN_POINT('',(4.0433625E+03,1.74625E+03,3.7374384992E+03)
  );
#17421 = VECTOR('',#17422,1.);
#17422 = DIRECTION('',(1.,0.,0.));
#17423 = ORIENTED_EDGE('',*,*,#17371,.F.);
#17424 = PLANE('',#17425);
#17425 = AXIS2_PLACEMENT_3D('',#17426,#17427,#17428);
#17426 = CARTESIAN_POINT('',(4.0433625E+03,1.74625E+03,3.048E+03));
#17427 = DIRECTION('',(0.,1.,0.));
#17428 = DIRECTION('',(0.,0.,1.));
#17429 = ADVANCED_FACE('',(#17430),#17446,.T.);
#17430 = FACE_BOUND('',#17431,.T.);
#17431 = EDGE_LOOP('',(#17432,#17438,#17439,#17445));
#17432 = ORIENTED_EDGE('',*,*,#17433,.F.);
#17433 = EDGE_CURVE('',#17342,#17382,#17434,.T.);
#17434 = LINE('',#17435,#17436);
#17435 = CARTESIAN_POINT('',(4.0433625E+03,1.79705E+03,3.048E+03));
#17436 = VECTOR('',#17437,1.);
#17437 = DIRECTION('',(1.,0.,0.));
#17438 = ORIENTED_EDGE('',*,*,#17349,.T.);
#17439 = ORIENTED_EDGE('',*,*,#17440,.T.);
#17440 = EDGE_CURVE('',#17350,#17390,#17441,.T.);
#17441 = LINE('',#17442,#17443);
#17442 = CARTESIAN_POINT('',(4.0433625E+03,1.79705E+03,3.7374384992E+03)
  );
#17443 = VECTOR('',#17444,1.);
#17444 = DIRECTION('',(1.,0.,0.));
#17445 = ORIENTED_EDGE('',*,*,#17389,.F.);
#17446 = PLANE('',#17447);
#17447 = AXIS2_PLACEMENT_3D('',#17448,#17449,#17450);
#17448 = CARTESIAN_POINT('',(4.0433625E+03,1.79705E+03,3.048E+03));
#17449 = DIRECTION('',(0.,1.,0.));
#17450 = DIRECTION('',(0.,0.,1.));
#17451 = ADVANCED_FACE('',(#17452),#17458,.F.);
#17452 = FACE_BOUND('',#17453,.F.);
#17453 = EDGE_LOOP('',(#17454,#17455,#17456,#17457));
#17454 = ORIENTED_EDGE('',*,*,#17341,.F.);
#17455 = ORIENTED_EDGE('',*,*,#17411,.T.);
#17456 = ORIENTED_EDGE('',*,*,#17381,.T.);
#17457 = ORIENTED_EDGE('',*,*,#17433,.F.);
#17458 = PLANE('',#17459);
#17459 = AXIS2_PLACEMENT_3D('',#17460,#17461,#17462);
#17460 = CARTESIAN_POINT('',(4.0433625E+03,1.74625E+03,3.048E+03));
#17461 = DIRECTION('',(0.,0.,1.));
#17462 = DIRECTION('',(1.,0.,0.));
#17463 = ADVANCED_FACE('',(#17464),#17470,.T.);
#17464 = FACE_BOUND('',#17465,.T.);
#17465 = EDGE_LOOP('',(#17466,#17467,#17468,#17469));
#17466 = ORIENTED_EDGE('',*,*,#17357,.F.);
#17467 = ORIENTED_EDGE('',*,*,#17418,.T.);
#17468 = ORIENTED_EDGE('',*,*,#17397,.T.);
#17469 = ORIENTED_EDGE('',*,*,#17440,.F.);
#17470 = PLANE('',#17471);
#17471 = AXIS2_PLACEMENT_3D('',#17472,#17473,#17474);
#17472 = CARTESIAN_POINT('',(4.0433625E+03,1.74625E+03,3.7374384992E+03)
  );
#17473 = DIRECTION('',(0.,0.,1.));
#17474 = DIRECTION('',(1.,0.,0.));
#17475 = MANIFOLD_SOLID_BREP('',#17476);
#17476 = CLOSED_SHELL('',(#17477,#17517,#17557,#17579,#17601,#17613));
#17477 = ADVANCED_FACE('',(#17478),#17512,.F.);
#17478 = FACE_BOUND('',#17479,.F.);
#17479 = EDGE_LOOP('',(#17480,#17490,#17498,#17506));
#17480 = ORIENTED_EDGE('',*,*,#17481,.F.);
#17481 = EDGE_CURVE('',#17482,#17484,#17486,.T.);
#17482 = VERTEX_POINT('',#17483);
#17483 = CARTESIAN_POINT('',(5.67055E+03,1.74625E+03,3.048E+03));
#17484 = VERTEX_POINT('',#17485);
#17485 = CARTESIAN_POINT('',(5.67055E+03,1.74625E+03,3.7374384992E+03));
#17486 = LINE('',#17487,#17488);
#17487 = CARTESIAN_POINT('',(5.67055E+03,1.74625E+03,3.048E+03));
#17488 = VECTOR('',#17489,1.);
#17489 = DIRECTION('',(0.,0.,1.));
#17490 = ORIENTED_EDGE('',*,*,#17491,.T.);
#17491 = EDGE_CURVE('',#17482,#17492,#17494,.T.);
#17492 = VERTEX_POINT('',#17493);
#17493 = CARTESIAN_POINT('',(5.67055E+03,1.79705E+03,3.048E+03));
#17494 = LINE('',#17495,#17496);
#17495 = CARTESIAN_POINT('',(5.67055E+03,1.74625E+03,3.048E+03));
#17496 = VECTOR('',#17497,1.);
#17497 = DIRECTION('',(0.,1.,0.));
#17498 = ORIENTED_EDGE('',*,*,#17499,.T.);
#17499 = EDGE_CURVE('',#17492,#17500,#17502,.T.);
#17500 = VERTEX_POINT('',#17501);
#17501 = CARTESIAN_POINT('',(5.67055E+03,1.79705E+03,3.7374384992E+03));
#17502 = LINE('',#17503,#17504);
#17503 = CARTESIAN_POINT('',(5.67055E+03,1.79705E+03,3.048E+03));
#17504 = VECTOR('',#17505,1.);
#17505 = DIRECTION('',(0.,0.,1.));
#17506 = ORIENTED_EDGE('',*,*,#17507,.F.);
#17507 = EDGE_CURVE('',#17484,#17500,#17508,.T.);
#17508 = LINE('',#17509,#17510);
#17509 = CARTESIAN_POINT('',(5.67055E+03,1.74625E+03,3.7374384992E+03));
#17510 = VECTOR('',#17511,1.);
#17511 = DIRECTION('',(0.,1.,0.));
#17512 = PLANE('',#17513);
#17513 = AXIS2_PLACEMENT_3D('',#17514,#17515,#17516);
#17514 = CARTESIAN_POINT('',(5.67055E+03,1.74625E+03,3.048E+03));
#17515 = DIRECTION('',(1.,0.,0.));
#17516 = DIRECTION('',(0.,0.,1.));
#17517 = ADVANCED_FACE('',(#17518),#17552,.T.);
#17518 = FACE_BOUND('',#17519,.T.);
#17519 = EDGE_LOOP('',(#17520,#17530,#17538,#17546));
#17520 = ORIENTED_EDGE('',*,*,#17521,.F.);
#17521 = EDGE_CURVE('',#17522,#17524,#17526,.T.);
#17522 = VERTEX_POINT('',#17523);
#17523 = CARTESIAN_POINT('',(5.72135E+03,1.74625E+03,3.048E+03));
#17524 = VERTEX_POINT('',#17525);
#17525 = CARTESIAN_POINT('',(5.72135E+03,1.74625E+03,3.7374384992E+03));
#17526 = LINE('',#17527,#17528);
#17527 = CARTESIAN_POINT('',(5.72135E+03,1.74625E+03,3.048E+03));
#17528 = VECTOR('',#17529,1.);
#17529 = DIRECTION('',(0.,0.,1.));
#17530 = ORIENTED_EDGE('',*,*,#17531,.T.);
#17531 = EDGE_CURVE('',#17522,#17532,#17534,.T.);
#17532 = VERTEX_POINT('',#17533);
#17533 = CARTESIAN_POINT('',(5.72135E+03,1.79705E+03,3.048E+03));
#17534 = LINE('',#17535,#17536);
#17535 = CARTESIAN_POINT('',(5.72135E+03,1.74625E+03,3.048E+03));
#17536 = VECTOR('',#17537,1.);
#17537 = DIRECTION('',(0.,1.,0.));
#17538 = ORIENTED_EDGE('',*,*,#17539,.T.);
#17539 = EDGE_CURVE('',#17532,#17540,#17542,.T.);
#17540 = VERTEX_POINT('',#17541);
#17541 = CARTESIAN_POINT('',(5.72135E+03,1.79705E+03,3.7374384992E+03));
#17542 = LINE('',#17543,#17544);
#17543 = CARTESIAN_POINT('',(5.72135E+03,1.79705E+03,3.048E+03));
#17544 = VECTOR('',#17545,1.);
#17545 = DIRECTION('',(0.,0.,1.));
#17546 = ORIENTED_EDGE('',*,*,#17547,.F.);
#17547 = EDGE_CURVE('',#17524,#17540,#17548,.T.);
#17548 = LINE('',#17549,#17550);
#17549 = CARTESIAN_POINT('',(5.72135E+03,1.74625E+03,3.7374384992E+03));
#17550 = VECTOR('',#17551,1.);
#17551 = DIRECTION('',(0.,1.,0.));
#17552 = PLANE('',#17553);
#17553 = AXIS2_PLACEMENT_3D('',#17554,#17555,#17556);
#17554 = CARTESIAN_POINT('',(5.72135E+03,1.74625E+03,3.048E+03));
#17555 = DIRECTION('',(1.,0.,0.));
#17556 = DIRECTION('',(0.,0.,1.));
#17557 = ADVANCED_FACE('',(#17558),#17574,.F.);
#17558 = FACE_BOUND('',#17559,.F.);
#17559 = EDGE_LOOP('',(#17560,#17566,#17567,#17573));
#17560 = ORIENTED_EDGE('',*,*,#17561,.F.);
#17561 = EDGE_CURVE('',#17482,#17522,#17562,.T.);
#17562 = LINE('',#17563,#17564);
#17563 = CARTESIAN_POINT('',(5.67055E+03,1.74625E+03,3.048E+03));
#17564 = VECTOR('',#17565,1.);
#17565 = DIRECTION('',(1.,0.,0.));
#17566 = ORIENTED_EDGE('',*,*,#17481,.T.);
#17567 = ORIENTED_EDGE('',*,*,#17568,.T.);
#17568 = EDGE_CURVE('',#17484,#17524,#17569,.T.);
#17569 = LINE('',#17570,#17571);
#17570 = CARTESIAN_POINT('',(5.67055E+03,1.74625E+03,3.7374384992E+03));
#17571 = VECTOR('',#17572,1.);
#17572 = DIRECTION('',(1.,0.,0.));
#17573 = ORIENTED_EDGE('',*,*,#17521,.F.);
#17574 = PLANE('',#17575);
#17575 = AXIS2_PLACEMENT_3D('',#17576,#17577,#17578);
#17576 = CARTESIAN_POINT('',(5.67055E+03,1.74625E+03,3.048E+03));
#17577 = DIRECTION('',(0.,1.,0.));
#17578 = DIRECTION('',(0.,0.,1.));
#17579 = ADVANCED_FACE('',(#17580),#17596,.T.);
#17580 = FACE_BOUND('',#17581,.T.);
#17581 = EDGE_LOOP('',(#17582,#17588,#17589,#17595));
#17582 = ORIENTED_EDGE('',*,*,#17583,.F.);
#17583 = EDGE_CURVE('',#17492,#17532,#17584,.T.);
#17584 = LINE('',#17585,#17586);
#17585 = CARTESIAN_POINT('',(5.67055E+03,1.79705E+03,3.048E+03));
#17586 = VECTOR('',#17587,1.);
#17587 = DIRECTION('',(1.,0.,0.));
#17588 = ORIENTED_EDGE('',*,*,#17499,.T.);
#17589 = ORIENTED_EDGE('',*,*,#17590,.T.);
#17590 = EDGE_CURVE('',#17500,#17540,#17591,.T.);
#17591 = LINE('',#17592,#17593);
#17592 = CARTESIAN_POINT('',(5.67055E+03,1.79705E+03,3.7374384992E+03));
#17593 = VECTOR('',#17594,1.);
#17594 = DIRECTION('',(1.,0.,0.));
#17595 = ORIENTED_EDGE('',*,*,#17539,.F.);
#17596 = PLANE('',#17597);
#17597 = AXIS2_PLACEMENT_3D('',#17598,#17599,#17600);
#17598 = CARTESIAN_POINT('',(5.67055E+03,1.79705E+03,3.048E+03));
#17599 = DIRECTION('',(0.,1.,0.));
#17600 = DIRECTION('',(0.,0.,1.));
#17601 = ADVANCED_FACE('',(#17602),#17608,.F.);
#17602 = FACE_BOUND('',#17603,.F.);
#17603 = EDGE_LOOP('',(#17604,#17605,#17606,#17607));
#17604 = ORIENTED_EDGE('',*,*,#17491,.F.);
#17605 = ORIENTED_EDGE('',*,*,#17561,.T.);
#17606 = ORIENTED_EDGE('',*,*,#17531,.T.);
#17607 = ORIENTED_EDGE('',*,*,#17583,.F.);
#17608 = PLANE('',#17609);
#17609 = AXIS2_PLACEMENT_3D('',#17610,#17611,#17612);
#17610 = CARTESIAN_POINT('',(5.67055E+03,1.74625E+03,3.048E+03));
#17611 = DIRECTION('',(0.,0.,1.));
#17612 = DIRECTION('',(1.,0.,0.));
#17613 = ADVANCED_FACE('',(#17614),#17620,.T.);
#17614 = FACE_BOUND('',#17615,.T.);
#17615 = EDGE_LOOP('',(#17616,#17617,#17618,#17619));
#17616 = ORIENTED_EDGE('',*,*,#17507,.F.);
#17617 = ORIENTED_EDGE('',*,*,#17568,.T.);
#17618 = ORIENTED_EDGE('',*,*,#17547,.T.);
#17619 = ORIENTED_EDGE('',*,*,#17590,.F.);
#17620 = PLANE('',#17621);
#17621 = AXIS2_PLACEMENT_3D('',#17622,#17623,#17624);
#17622 = CARTESIAN_POINT('',(5.67055E+03,1.74625E+03,3.7374384992E+03));
#17623 = DIRECTION('',(0.,0.,1.));
#17624 = DIRECTION('',(1.,0.,0.));
#17625 = MANIFOLD_SOLID_BREP('',#17626);
#17626 = CLOSED_SHELL('',(#17627,#17667,#17707,#17729,#17751,#17763));
#17627 = ADVANCED_FACE('',(#17628),#17662,.F.);
#17628 = FACE_BOUND('',#17629,.F.);
#17629 = EDGE_LOOP('',(#17630,#17640,#17648,#17656));
#17630 = ORIENTED_EDGE('',*,*,#17631,.F.);
#17631 = EDGE_CURVE('',#17632,#17634,#17636,.T.);
#17632 = VERTEX_POINT('',#17633);
#17633 = CARTESIAN_POINT('',(0.,1.8288E+03,3.048E+03));
#17634 = VERTEX_POINT('',#17635);
#17635 = CARTESIAN_POINT('',(0.,1.8288E+03,3.06705E+03));
#17636 = LINE('',#17637,#17638);
#17637 = CARTESIAN_POINT('',(0.,1.8288E+03,3.048E+03));
#17638 = VECTOR('',#17639,1.);
#17639 = DIRECTION('',(0.,0.,1.));
#17640 = ORIENTED_EDGE('',*,*,#17641,.T.);
#17641 = EDGE_CURVE('',#17632,#17642,#17644,.T.);
#17642 = VERTEX_POINT('',#17643);
#17643 = CARTESIAN_POINT('',(0.,6.3246E+03,3.048E+03));
#17644 = LINE('',#17645,#17646);
#17645 = CARTESIAN_POINT('',(0.,1.8288E+03,3.048E+03));
#17646 = VECTOR('',#17647,1.);
#17647 = DIRECTION('',(0.,1.,0.));
#17648 = ORIENTED_EDGE('',*,*,#17649,.T.);
#17649 = EDGE_CURVE('',#17642,#17650,#17652,.T.);
#17650 = VERTEX_POINT('',#17651);
#17651 = CARTESIAN_POINT('',(0.,6.3246E+03,3.06705E+03));
#17652 = LINE('',#17653,#17654);
#17653 = CARTESIAN_POINT('',(0.,6.3246E+03,3.048E+03));
#17654 = VECTOR('',#17655,1.);
#17655 = DIRECTION('',(0.,0.,1.));
#17656 = ORIENTED_EDGE('',*,*,#17657,.F.);
#17657 = EDGE_CURVE('',#17634,#17650,#17658,.T.);
#17658 = LINE('',#17659,#17660);
#17659 = CARTESIAN_POINT('',(0.,1.8288E+03,3.06705E+03));
#17660 = VECTOR('',#17661,1.);
#17661 = DIRECTION('',(0.,1.,0.));
#17662 = PLANE('',#17663);
#17663 = AXIS2_PLACEMENT_3D('',#17664,#17665,#17666);
#17664 = CARTESIAN_POINT('',(0.,1.8288E+03,3.048E+03));
#17665 = DIRECTION('',(1.,0.,0.));
#17666 = DIRECTION('',(0.,0.,1.));
#17667 = ADVANCED_FACE('',(#17668),#17702,.T.);
#17668 = FACE_BOUND('',#17669,.T.);
#17669 = EDGE_LOOP('',(#17670,#17680,#17688,#17696));
#17670 = ORIENTED_EDGE('',*,*,#17671,.F.);
#17671 = EDGE_CURVE('',#17672,#17674,#17676,.T.);
#17672 = VERTEX_POINT('',#17673);
#17673 = CARTESIAN_POINT('',(5.69595E+03,1.8288E+03,3.048E+03));
#17674 = VERTEX_POINT('',#17675);
#17675 = CARTESIAN_POINT('',(5.69595E+03,1.8288E+03,3.06705E+03));
#17676 = LINE('',#17677,#17678);
#17677 = CARTESIAN_POINT('',(5.69595E+03,1.8288E+03,3.048E+03));
#17678 = VECTOR('',#17679,1.);
#17679 = DIRECTION('',(0.,0.,1.));
#17680 = ORIENTED_EDGE('',*,*,#17681,.T.);
#17681 = EDGE_CURVE('',#17672,#17682,#17684,.T.);
#17682 = VERTEX_POINT('',#17683);
#17683 = CARTESIAN_POINT('',(5.69595E+03,6.3246E+03,3.048E+03));
#17684 = LINE('',#17685,#17686);
#17685 = CARTESIAN_POINT('',(5.69595E+03,1.8288E+03,3.048E+03));
#17686 = VECTOR('',#17687,1.);
#17687 = DIRECTION('',(0.,1.,0.));
#17688 = ORIENTED_EDGE('',*,*,#17689,.T.);
#17689 = EDGE_CURVE('',#17682,#17690,#17692,.T.);
#17690 = VERTEX_POINT('',#17691);
#17691 = CARTESIAN_POINT('',(5.69595E+03,6.3246E+03,3.06705E+03));
#17692 = LINE('',#17693,#17694);
#17693 = CARTESIAN_POINT('',(5.69595E+03,6.3246E+03,3.048E+03));
#17694 = VECTOR('',#17695,1.);
#17695 = DIRECTION('',(0.,0.,1.));
#17696 = ORIENTED_EDGE('',*,*,#17697,.F.);
#17697 = EDGE_CURVE('',#17674,#17690,#17698,.T.);
#17698 = LINE('',#17699,#17700);
#17699 = CARTESIAN_POINT('',(5.69595E+03,1.8288E+03,3.06705E+03));
#17700 = VECTOR('',#17701,1.);
#17701 = DIRECTION('',(0.,1.,0.));
#17702 = PLANE('',#17703);
#17703 = AXIS2_PLACEMENT_3D('',#17704,#17705,#17706);
#17704 = CARTESIAN_POINT('',(5.69595E+03,1.8288E+03,3.048E+03));
#17705 = DIRECTION('',(1.,0.,0.));
#17706 = DIRECTION('',(0.,0.,1.));
#17707 = ADVANCED_FACE('',(#17708),#17724,.F.);
#17708 = FACE_BOUND('',#17709,.F.);
#17709 = EDGE_LOOP('',(#17710,#17716,#17717,#17723));
#17710 = ORIENTED_EDGE('',*,*,#17711,.F.);
#17711 = EDGE_CURVE('',#17632,#17672,#17712,.T.);
#17712 = LINE('',#17713,#17714);
#17713 = CARTESIAN_POINT('',(0.,1.8288E+03,3.048E+03));
#17714 = VECTOR('',#17715,1.);
#17715 = DIRECTION('',(1.,0.,0.));
#17716 = ORIENTED_EDGE('',*,*,#17631,.T.);
#17717 = ORIENTED_EDGE('',*,*,#17718,.T.);
#17718 = EDGE_CURVE('',#17634,#17674,#17719,.T.);
#17719 = LINE('',#17720,#17721);
#17720 = CARTESIAN_POINT('',(0.,1.8288E+03,3.06705E+03));
#17721 = VECTOR('',#17722,1.);
#17722 = DIRECTION('',(1.,0.,0.));
#17723 = ORIENTED_EDGE('',*,*,#17671,.F.);
#17724 = PLANE('',#17725);
#17725 = AXIS2_PLACEMENT_3D('',#17726,#17727,#17728);
#17726 = CARTESIAN_POINT('',(0.,1.8288E+03,3.048E+03));
#17727 = DIRECTION('',(0.,1.,0.));
#17728 = DIRECTION('',(0.,0.,1.));
#17729 = ADVANCED_FACE('',(#17730),#17746,.T.);
#17730 = FACE_BOUND('',#17731,.T.);
#17731 = EDGE_LOOP('',(#17732,#17738,#17739,#17745));
#17732 = ORIENTED_EDGE('',*,*,#17733,.F.);
#17733 = EDGE_CURVE('',#17642,#17682,#17734,.T.);
#17734 = LINE('',#17735,#17736);
#17735 = CARTESIAN_POINT('',(0.,6.3246E+03,3.048E+03));
#17736 = VECTOR('',#17737,1.);
#17737 = DIRECTION('',(1.,0.,0.));
#17738 = ORIENTED_EDGE('',*,*,#17649,.T.);
#17739 = ORIENTED_EDGE('',*,*,#17740,.T.);
#17740 = EDGE_CURVE('',#17650,#17690,#17741,.T.);
#17741 = LINE('',#17742,#17743);
#17742 = CARTESIAN_POINT('',(0.,6.3246E+03,3.06705E+03));
#17743 = VECTOR('',#17744,1.);
#17744 = DIRECTION('',(1.,0.,0.));
#17745 = ORIENTED_EDGE('',*,*,#17689,.F.);
#17746 = PLANE('',#17747);
#17747 = AXIS2_PLACEMENT_3D('',#17748,#17749,#17750);
#17748 = CARTESIAN_POINT('',(0.,6.3246E+03,3.048E+03));
#17749 = DIRECTION('',(0.,1.,0.));
#17750 = DIRECTION('',(0.,0.,1.));
#17751 = ADVANCED_FACE('',(#17752),#17758,.F.);
#17752 = FACE_BOUND('',#17753,.F.);
#17753 = EDGE_LOOP('',(#17754,#17755,#17756,#17757));
#17754 = ORIENTED_EDGE('',*,*,#17641,.F.);
#17755 = ORIENTED_EDGE('',*,*,#17711,.T.);
#17756 = ORIENTED_EDGE('',*,*,#17681,.T.);
#17757 = ORIENTED_EDGE('',*,*,#17733,.F.);
#17758 = PLANE('',#17759);
#17759 = AXIS2_PLACEMENT_3D('',#17760,#17761,#17762);
#17760 = CARTESIAN_POINT('',(0.,1.8288E+03,3.048E+03));
#17761 = DIRECTION('',(0.,0.,1.));
#17762 = DIRECTION('',(1.,0.,0.));
#17763 = ADVANCED_FACE('',(#17764),#17770,.T.);
#17764 = FACE_BOUND('',#17765,.T.);
#17765 = EDGE_LOOP('',(#17766,#17767,#17768,#17769));
#17766 = ORIENTED_EDGE('',*,*,#17657,.F.);
#17767 = ORIENTED_EDGE('',*,*,#17718,.T.);
#17768 = ORIENTED_EDGE('',*,*,#17697,.T.);
#17769 = ORIENTED_EDGE('',*,*,#17740,.F.);
#17770 = PLANE('',#17771);
#17771 = AXIS2_PLACEMENT_3D('',#17772,#17773,#17774);
#17772 = CARTESIAN_POINT('',(0.,1.8288E+03,3.06705E+03));
#17773 = DIRECTION('',(0.,0.,1.));
#17774 = DIRECTION('',(1.,0.,0.));
#17775 = MANIFOLD_SOLID_BREP('',#17776);
#17776 = CLOSED_SHELL('',(#17777,#17817,#17857,#17879,#17901,#17913));
#17777 = ADVANCED_FACE('',(#17778),#17812,.F.);
#17778 = FACE_BOUND('',#17779,.F.);
#17779 = EDGE_LOOP('',(#17780,#17790,#17798,#17806));
#17780 = ORIENTED_EDGE('',*,*,#17781,.F.);
#17781 = EDGE_CURVE('',#17782,#17784,#17786,.T.);
#17782 = VERTEX_POINT('',#17783);
#17783 = CARTESIAN_POINT('',(0.,1.84785E+03,2.86385E+03));
#17784 = VERTEX_POINT('',#17785);
#17785 = CARTESIAN_POINT('',(0.,1.84785E+03,3.048E+03));
#17786 = LINE('',#17787,#17788);
#17787 = CARTESIAN_POINT('',(0.,1.84785E+03,2.86385E+03));
#17788 = VECTOR('',#17789,1.);
#17789 = DIRECTION('',(0.,0.,1.));
#17790 = ORIENTED_EDGE('',*,*,#17791,.T.);
#17791 = EDGE_CURVE('',#17782,#17792,#17794,.T.);
#17792 = VERTEX_POINT('',#17793);
#17793 = CARTESIAN_POINT('',(0.,4.6228E+03,2.86385E+03));
#17794 = LINE('',#17795,#17796);
#17795 = CARTESIAN_POINT('',(0.,1.84785E+03,2.86385E+03));
#17796 = VECTOR('',#17797,1.);
#17797 = DIRECTION('',(0.,1.,0.));
#17798 = ORIENTED_EDGE('',*,*,#17799,.T.);
#17799 = EDGE_CURVE('',#17792,#17800,#17802,.T.);
#17800 = VERTEX_POINT('',#17801);
#17801 = CARTESIAN_POINT('',(0.,4.6228E+03,3.048E+03));
#17802 = LINE('',#17803,#17804);
#17803 = CARTESIAN_POINT('',(0.,4.6228E+03,2.86385E+03));
#17804 = VECTOR('',#17805,1.);
#17805 = DIRECTION('',(0.,0.,1.));
#17806 = ORIENTED_EDGE('',*,*,#17807,.F.);
#17807 = EDGE_CURVE('',#17784,#17800,#17808,.T.);
#17808 = LINE('',#17809,#17810);
#17809 = CARTESIAN_POINT('',(0.,1.84785E+03,3.048E+03));
#17810 = VECTOR('',#17811,1.);
#17811 = DIRECTION('',(0.,1.,0.));
#17812 = PLANE('',#17813);
#17813 = AXIS2_PLACEMENT_3D('',#17814,#17815,#17816);
#17814 = CARTESIAN_POINT('',(0.,1.84785E+03,2.86385E+03));
#17815 = DIRECTION('',(1.,0.,0.));
#17816 = DIRECTION('',(0.,0.,1.));
#17817 = ADVANCED_FACE('',(#17818),#17852,.T.);
#17818 = FACE_BOUND('',#17819,.T.);
#17819 = EDGE_LOOP('',(#17820,#17830,#17838,#17846));
#17820 = ORIENTED_EDGE('',*,*,#17821,.F.);
#17821 = EDGE_CURVE('',#17822,#17824,#17826,.T.);
#17822 = VERTEX_POINT('',#17823);
#17823 = CARTESIAN_POINT('',(38.1,1.84785E+03,2.86385E+03));
#17824 = VERTEX_POINT('',#17825);
#17825 = CARTESIAN_POINT('',(38.1,1.84785E+03,3.048E+03));
#17826 = LINE('',#17827,#17828);
#17827 = CARTESIAN_POINT('',(38.1,1.84785E+03,2.86385E+03));
#17828 = VECTOR('',#17829,1.);
#17829 = DIRECTION('',(0.,0.,1.));
#17830 = ORIENTED_EDGE('',*,*,#17831,.T.);
#17831 = EDGE_CURVE('',#17822,#17832,#17834,.T.);
#17832 = VERTEX_POINT('',#17833);
#17833 = CARTESIAN_POINT('',(38.1,4.6228E+03,2.86385E+03));
#17834 = LINE('',#17835,#17836);
#17835 = CARTESIAN_POINT('',(38.1,1.84785E+03,2.86385E+03));
#17836 = VECTOR('',#17837,1.);
#17837 = DIRECTION('',(0.,1.,0.));
#17838 = ORIENTED_EDGE('',*,*,#17839,.T.);
#17839 = EDGE_CURVE('',#17832,#17840,#17842,.T.);
#17840 = VERTEX_POINT('',#17841);
#17841 = CARTESIAN_POINT('',(38.1,4.6228E+03,3.048E+03));
#17842 = LINE('',#17843,#17844);
#17843 = CARTESIAN_POINT('',(38.1,4.6228E+03,2.86385E+03));
#17844 = VECTOR('',#17845,1.);
#17845 = DIRECTION('',(0.,0.,1.));
#17846 = ORIENTED_EDGE('',*,*,#17847,.F.);
#17847 = EDGE_CURVE('',#17824,#17840,#17848,.T.);
#17848 = LINE('',#17849,#17850);
#17849 = CARTESIAN_POINT('',(38.1,1.84785E+03,3.048E+03));
#17850 = VECTOR('',#17851,1.);
#17851 = DIRECTION('',(0.,1.,0.));
#17852 = PLANE('',#17853);
#17853 = AXIS2_PLACEMENT_3D('',#17854,#17855,#17856);
#17854 = CARTESIAN_POINT('',(38.1,1.84785E+03,2.86385E+03));
#17855 = DIRECTION('',(1.,0.,0.));
#17856 = DIRECTION('',(0.,0.,1.));
#17857 = ADVANCED_FACE('',(#17858),#17874,.F.);
#17858 = FACE_BOUND('',#17859,.F.);
#17859 = EDGE_LOOP('',(#17860,#17866,#17867,#17873));
#17860 = ORIENTED_EDGE('',*,*,#17861,.F.);
#17861 = EDGE_CURVE('',#17782,#17822,#17862,.T.);
#17862 = LINE('',#17863,#17864);
#17863 = CARTESIAN_POINT('',(0.,1.84785E+03,2.86385E+03));
#17864 = VECTOR('',#17865,1.);
#17865 = DIRECTION('',(1.,0.,0.));
#17866 = ORIENTED_EDGE('',*,*,#17781,.T.);
#17867 = ORIENTED_EDGE('',*,*,#17868,.T.);
#17868 = EDGE_CURVE('',#17784,#17824,#17869,.T.);
#17869 = LINE('',#17870,#17871);
#17870 = CARTESIAN_POINT('',(0.,1.84785E+03,3.048E+03));
#17871 = VECTOR('',#17872,1.);
#17872 = DIRECTION('',(1.,0.,0.));
#17873 = ORIENTED_EDGE('',*,*,#17821,.F.);
#17874 = PLANE('',#17875);
#17875 = AXIS2_PLACEMENT_3D('',#17876,#17877,#17878);
#17876 = CARTESIAN_POINT('',(0.,1.84785E+03,2.86385E+03));
#17877 = DIRECTION('',(0.,1.,0.));
#17878 = DIRECTION('',(0.,0.,1.));
#17879 = ADVANCED_FACE('',(#17880),#17896,.T.);
#17880 = FACE_BOUND('',#17881,.T.);
#17881 = EDGE_LOOP('',(#17882,#17888,#17889,#17895));
#17882 = ORIENTED_EDGE('',*,*,#17883,.F.);
#17883 = EDGE_CURVE('',#17792,#17832,#17884,.T.);
#17884 = LINE('',#17885,#17886);
#17885 = CARTESIAN_POINT('',(0.,4.6228E+03,2.86385E+03));
#17886 = VECTOR('',#17887,1.);
#17887 = DIRECTION('',(1.,0.,0.));
#17888 = ORIENTED_EDGE('',*,*,#17799,.T.);
#17889 = ORIENTED_EDGE('',*,*,#17890,.T.);
#17890 = EDGE_CURVE('',#17800,#17840,#17891,.T.);
#17891 = LINE('',#17892,#17893);
#17892 = CARTESIAN_POINT('',(0.,4.6228E+03,3.048E+03));
#17893 = VECTOR('',#17894,1.);
#17894 = DIRECTION('',(1.,0.,0.));
#17895 = ORIENTED_EDGE('',*,*,#17839,.F.);
#17896 = PLANE('',#17897);
#17897 = AXIS2_PLACEMENT_3D('',#17898,#17899,#17900);
#17898 = CARTESIAN_POINT('',(0.,4.6228E+03,2.86385E+03));
#17899 = DIRECTION('',(0.,1.,0.));
#17900 = DIRECTION('',(0.,0.,1.));
#17901 = ADVANCED_FACE('',(#17902),#17908,.F.);
#17902 = FACE_BOUND('',#17903,.F.);
#17903 = EDGE_LOOP('',(#17904,#17905,#17906,#17907));
#17904 = ORIENTED_EDGE('',*,*,#17791,.F.);
#17905 = ORIENTED_EDGE('',*,*,#17861,.T.);
#17906 = ORIENTED_EDGE('',*,*,#17831,.T.);
#17907 = ORIENTED_EDGE('',*,*,#17883,.F.);
#17908 = PLANE('',#17909);
#17909 = AXIS2_PLACEMENT_3D('',#17910,#17911,#17912);
#17910 = CARTESIAN_POINT('',(0.,1.84785E+03,2.86385E+03));
#17911 = DIRECTION('',(0.,0.,1.));
#17912 = DIRECTION('',(1.,0.,0.));
#17913 = ADVANCED_FACE('',(#17914),#17920,.T.);
#17914 = FACE_BOUND('',#17915,.T.);
#17915 = EDGE_LOOP('',(#17916,#17917,#17918,#17919));
#17916 = ORIENTED_EDGE('',*,*,#17807,.F.);
#17917 = ORIENTED_EDGE('',*,*,#17868,.T.);
#17918 = ORIENTED_EDGE('',*,*,#17847,.T.);
#17919 = ORIENTED_EDGE('',*,*,#17890,.F.);
#17920 = PLANE('',#17921);
#17921 = AXIS2_PLACEMENT_3D('',#17922,#17923,#17924);
#17922 = CARTESIAN_POINT('',(0.,1.84785E+03,3.048E+03));
#17923 = DIRECTION('',(0.,0.,1.));
#17924 = DIRECTION('',(1.,0.,0.));
#17925 = MANIFOLD_SOLID_BREP('',#17926);
#17926 = CLOSED_SHELL('',(#17927,#17967,#18007,#18029,#18051,#18063));
#17927 = ADVANCED_FACE('',(#17928),#17962,.F.);
#17928 = FACE_BOUND('',#17929,.F.);
#17929 = EDGE_LOOP('',(#17930,#17940,#17948,#17956));
#17930 = ORIENTED_EDGE('',*,*,#17931,.F.);
#17931 = EDGE_CURVE('',#17932,#17934,#17936,.T.);
#17932 = VERTEX_POINT('',#17933);
#17933 = CARTESIAN_POINT('',(406.4,1.84785E+03,2.86385E+03));
#17934 = VERTEX_POINT('',#17935);
#17935 = CARTESIAN_POINT('',(406.4,1.84785E+03,3.048E+03));
#17936 = LINE('',#17937,#17938);
#17937 = CARTESIAN_POINT('',(406.4,1.84785E+03,2.86385E+03));
#17938 = VECTOR('',#17939,1.);
#17939 = DIRECTION('',(0.,0.,1.));
#17940 = ORIENTED_EDGE('',*,*,#17941,.T.);
#17941 = EDGE_CURVE('',#17932,#17942,#17944,.T.);
#17942 = VERTEX_POINT('',#17943);
#17943 = CARTESIAN_POINT('',(406.4,4.6228E+03,2.86385E+03));
#17944 = LINE('',#17945,#17946);
#17945 = CARTESIAN_POINT('',(406.4,1.84785E+03,2.86385E+03));
#17946 = VECTOR('',#17947,1.);
#17947 = DIRECTION('',(0.,1.,0.));
#17948 = ORIENTED_EDGE('',*,*,#17949,.T.);
#17949 = EDGE_CURVE('',#17942,#17950,#17952,.T.);
#17950 = VERTEX_POINT('',#17951);
#17951 = CARTESIAN_POINT('',(406.4,4.6228E+03,3.048E+03));
#17952 = LINE('',#17953,#17954);
#17953 = CARTESIAN_POINT('',(406.4,4.6228E+03,2.86385E+03));
#17954 = VECTOR('',#17955,1.);
#17955 = DIRECTION('',(0.,0.,1.));
#17956 = ORIENTED_EDGE('',*,*,#17957,.F.);
#17957 = EDGE_CURVE('',#17934,#17950,#17958,.T.);
#17958 = LINE('',#17959,#17960);
#17959 = CARTESIAN_POINT('',(406.4,1.84785E+03,3.048E+03));
#17960 = VECTOR('',#17961,1.);
#17961 = DIRECTION('',(0.,1.,0.));
#17962 = PLANE('',#17963);
#17963 = AXIS2_PLACEMENT_3D('',#17964,#17965,#17966);
#17964 = CARTESIAN_POINT('',(406.4,1.84785E+03,2.86385E+03));
#17965 = DIRECTION('',(1.,0.,0.));
#17966 = DIRECTION('',(0.,0.,1.));
#17967 = ADVANCED_FACE('',(#17968),#18002,.T.);
#17968 = FACE_BOUND('',#17969,.T.);
#17969 = EDGE_LOOP('',(#17970,#17980,#17988,#17996));
#17970 = ORIENTED_EDGE('',*,*,#17971,.F.);
#17971 = EDGE_CURVE('',#17972,#17974,#17976,.T.);
#17972 = VERTEX_POINT('',#17973);
#17973 = CARTESIAN_POINT('',(444.5,1.84785E+03,2.86385E+03));
#17974 = VERTEX_POINT('',#17975);
#17975 = CARTESIAN_POINT('',(444.5,1.84785E+03,3.048E+03));
#17976 = LINE('',#17977,#17978);
#17977 = CARTESIAN_POINT('',(444.5,1.84785E+03,2.86385E+03));
#17978 = VECTOR('',#17979,1.);
#17979 = DIRECTION('',(0.,0.,1.));
#17980 = ORIENTED_EDGE('',*,*,#17981,.T.);
#17981 = EDGE_CURVE('',#17972,#17982,#17984,.T.);
#17982 = VERTEX_POINT('',#17983);
#17983 = CARTESIAN_POINT('',(444.5,4.6228E+03,2.86385E+03));
#17984 = LINE('',#17985,#17986);
#17985 = CARTESIAN_POINT('',(444.5,1.84785E+03,2.86385E+03));
#17986 = VECTOR('',#17987,1.);
#17987 = DIRECTION('',(0.,1.,0.));
#17988 = ORIENTED_EDGE('',*,*,#17989,.T.);
#17989 = EDGE_CURVE('',#17982,#17990,#17992,.T.);
#17990 = VERTEX_POINT('',#17991);
#17991 = CARTESIAN_POINT('',(444.5,4.6228E+03,3.048E+03));
#17992 = LINE('',#17993,#17994);
#17993 = CARTESIAN_POINT('',(444.5,4.6228E+03,2.86385E+03));
#17994 = VECTOR('',#17995,1.);
#17995 = DIRECTION('',(0.,0.,1.));
#17996 = ORIENTED_EDGE('',*,*,#17997,.F.);
#17997 = EDGE_CURVE('',#17974,#17990,#17998,.T.);
#17998 = LINE('',#17999,#18000);
#17999 = CARTESIAN_POINT('',(444.5,1.84785E+03,3.048E+03));
#18000 = VECTOR('',#18001,1.);
#18001 = DIRECTION('',(0.,1.,0.));
#18002 = PLANE('',#18003);
#18003 = AXIS2_PLACEMENT_3D('',#18004,#18005,#18006);
#18004 = CARTESIAN_POINT('',(444.5,1.84785E+03,2.86385E+03));
#18005 = DIRECTION('',(1.,0.,0.));
#18006 = DIRECTION('',(0.,0.,1.));
#18007 = ADVANCED_FACE('',(#18008),#18024,.F.);
#18008 = FACE_BOUND('',#18009,.F.);
#18009 = EDGE_LOOP('',(#18010,#18016,#18017,#18023));
#18010 = ORIENTED_EDGE('',*,*,#18011,.F.);
#18011 = EDGE_CURVE('',#17932,#17972,#18012,.T.);
#18012 = LINE('',#18013,#18014);
#18013 = CARTESIAN_POINT('',(406.4,1.84785E+03,2.86385E+03));
#18014 = VECTOR('',#18015,1.);
#18015 = DIRECTION('',(1.,0.,0.));
#18016 = ORIENTED_EDGE('',*,*,#17931,.T.);
#18017 = ORIENTED_EDGE('',*,*,#18018,.T.);
#18018 = EDGE_CURVE('',#17934,#17974,#18019,.T.);
#18019 = LINE('',#18020,#18021);
#18020 = CARTESIAN_POINT('',(406.4,1.84785E+03,3.048E+03));
#18021 = VECTOR('',#18022,1.);
#18022 = DIRECTION('',(1.,0.,0.));
#18023 = ORIENTED_EDGE('',*,*,#17971,.F.);
#18024 = PLANE('',#18025);
#18025 = AXIS2_PLACEMENT_3D('',#18026,#18027,#18028);
#18026 = CARTESIAN_POINT('',(406.4,1.84785E+03,2.86385E+03));
#18027 = DIRECTION('',(0.,1.,0.));
#18028 = DIRECTION('',(0.,0.,1.));
#18029 = ADVANCED_FACE('',(#18030),#18046,.T.);
#18030 = FACE_BOUND('',#18031,.T.);
#18031 = EDGE_LOOP('',(#18032,#18038,#18039,#18045));
#18032 = ORIENTED_EDGE('',*,*,#18033,.F.);
#18033 = EDGE_CURVE('',#17942,#17982,#18034,.T.);
#18034 = LINE('',#18035,#18036);
#18035 = CARTESIAN_POINT('',(406.4,4.6228E+03,2.86385E+03));
#18036 = VECTOR('',#18037,1.);
#18037 = DIRECTION('',(1.,0.,0.));
#18038 = ORIENTED_EDGE('',*,*,#17949,.T.);
#18039 = ORIENTED_EDGE('',*,*,#18040,.T.);
#18040 = EDGE_CURVE('',#17950,#17990,#18041,.T.);
#18041 = LINE('',#18042,#18043);
#18042 = CARTESIAN_POINT('',(406.4,4.6228E+03,3.048E+03));
#18043 = VECTOR('',#18044,1.);
#18044 = DIRECTION('',(1.,0.,0.));
#18045 = ORIENTED_EDGE('',*,*,#17989,.F.);
#18046 = PLANE('',#18047);
#18047 = AXIS2_PLACEMENT_3D('',#18048,#18049,#18050);
#18048 = CARTESIAN_POINT('',(406.4,4.6228E+03,2.86385E+03));
#18049 = DIRECTION('',(0.,1.,0.));
#18050 = DIRECTION('',(0.,0.,1.));
#18051 = ADVANCED_FACE('',(#18052),#18058,.F.);
#18052 = FACE_BOUND('',#18053,.F.);
#18053 = EDGE_LOOP('',(#18054,#18055,#18056,#18057));
#18054 = ORIENTED_EDGE('',*,*,#17941,.F.);
#18055 = ORIENTED_EDGE('',*,*,#18011,.T.);
#18056 = ORIENTED_EDGE('',*,*,#17981,.T.);
#18057 = ORIENTED_EDGE('',*,*,#18033,.F.);
#18058 = PLANE('',#18059);
#18059 = AXIS2_PLACEMENT_3D('',#18060,#18061,#18062);
#18060 = CARTESIAN_POINT('',(406.4,1.84785E+03,2.86385E+03));
#18061 = DIRECTION('',(0.,0.,1.));
#18062 = DIRECTION('',(1.,0.,0.));
#18063 = ADVANCED_FACE('',(#18064),#18070,.T.);
#18064 = FACE_BOUND('',#18065,.T.);
#18065 = EDGE_LOOP('',(#18066,#18067,#18068,#18069));
#18066 = ORIENTED_EDGE('',*,*,#17957,.F.);
#18067 = ORIENTED_EDGE('',*,*,#18018,.T.);
#18068 = ORIENTED_EDGE('',*,*,#17997,.T.);
#18069 = ORIENTED_EDGE('',*,*,#18040,.F.);
#18070 = PLANE('',#18071);
#18071 = AXIS2_PLACEMENT_3D('',#18072,#18073,#18074);
#18072 = CARTESIAN_POINT('',(406.4,1.84785E+03,3.048E+03));
#18073 = DIRECTION('',(0.,0.,1.));
#18074 = DIRECTION('',(1.,0.,0.));
#18075 = MANIFOLD_SOLID_BREP('',#18076);
#18076 = CLOSED_SHELL('',(#18077,#18117,#18157,#18179,#18201,#18213));
#18077 = ADVANCED_FACE('',(#18078),#18112,.F.);
#18078 = FACE_BOUND('',#18079,.F.);
#18079 = EDGE_LOOP('',(#18080,#18090,#18098,#18106));
#18080 = ORIENTED_EDGE('',*,*,#18081,.F.);
#18081 = EDGE_CURVE('',#18082,#18084,#18086,.T.);
#18082 = VERTEX_POINT('',#18083);
#18083 = CARTESIAN_POINT('',(812.8,1.84785E+03,2.86385E+03));
#18084 = VERTEX_POINT('',#18085);
#18085 = CARTESIAN_POINT('',(812.8,1.84785E+03,3.048E+03));
#18086 = LINE('',#18087,#18088);
#18087 = CARTESIAN_POINT('',(812.8,1.84785E+03,2.86385E+03));
#18088 = VECTOR('',#18089,1.);
#18089 = DIRECTION('',(0.,0.,1.));
#18090 = ORIENTED_EDGE('',*,*,#18091,.T.);
#18091 = EDGE_CURVE('',#18082,#18092,#18094,.T.);
#18092 = VERTEX_POINT('',#18093);
#18093 = CARTESIAN_POINT('',(812.8,4.6228E+03,2.86385E+03));
#18094 = LINE('',#18095,#18096);
#18095 = CARTESIAN_POINT('',(812.8,1.84785E+03,2.86385E+03));
#18096 = VECTOR('',#18097,1.);
#18097 = DIRECTION('',(0.,1.,0.));
#18098 = ORIENTED_EDGE('',*,*,#18099,.T.);
#18099 = EDGE_CURVE('',#18092,#18100,#18102,.T.);
#18100 = VERTEX_POINT('',#18101);
#18101 = CARTESIAN_POINT('',(812.8,4.6228E+03,3.048E+03));
#18102 = LINE('',#18103,#18104);
#18103 = CARTESIAN_POINT('',(812.8,4.6228E+03,2.86385E+03));
#18104 = VECTOR('',#18105,1.);
#18105 = DIRECTION('',(0.,0.,1.));
#18106 = ORIENTED_EDGE('',*,*,#18107,.F.);
#18107 = EDGE_CURVE('',#18084,#18100,#18108,.T.);
#18108 = LINE('',#18109,#18110);
#18109 = CARTESIAN_POINT('',(812.8,1.84785E+03,3.048E+03));
#18110 = VECTOR('',#18111,1.);
#18111 = DIRECTION('',(0.,1.,0.));
#18112 = PLANE('',#18113);
#18113 = AXIS2_PLACEMENT_3D('',#18114,#18115,#18116);
#18114 = CARTESIAN_POINT('',(812.8,1.84785E+03,2.86385E+03));
#18115 = DIRECTION('',(1.,0.,0.));
#18116 = DIRECTION('',(0.,0.,1.));
#18117 = ADVANCED_FACE('',(#18118),#18152,.T.);
#18118 = FACE_BOUND('',#18119,.T.);
#18119 = EDGE_LOOP('',(#18120,#18130,#18138,#18146));
#18120 = ORIENTED_EDGE('',*,*,#18121,.F.);
#18121 = EDGE_CURVE('',#18122,#18124,#18126,.T.);
#18122 = VERTEX_POINT('',#18123);
#18123 = CARTESIAN_POINT('',(850.9,1.84785E+03,2.86385E+03));
#18124 = VERTEX_POINT('',#18125);
#18125 = CARTESIAN_POINT('',(850.9,1.84785E+03,3.048E+03));
#18126 = LINE('',#18127,#18128);
#18127 = CARTESIAN_POINT('',(850.9,1.84785E+03,2.86385E+03));
#18128 = VECTOR('',#18129,1.);
#18129 = DIRECTION('',(0.,0.,1.));
#18130 = ORIENTED_EDGE('',*,*,#18131,.T.);
#18131 = EDGE_CURVE('',#18122,#18132,#18134,.T.);
#18132 = VERTEX_POINT('',#18133);
#18133 = CARTESIAN_POINT('',(850.9,4.6228E+03,2.86385E+03));
#18134 = LINE('',#18135,#18136);
#18135 = CARTESIAN_POINT('',(850.9,1.84785E+03,2.86385E+03));
#18136 = VECTOR('',#18137,1.);
#18137 = DIRECTION('',(0.,1.,0.));
#18138 = ORIENTED_EDGE('',*,*,#18139,.T.);
#18139 = EDGE_CURVE('',#18132,#18140,#18142,.T.);
#18140 = VERTEX_POINT('',#18141);
#18141 = CARTESIAN_POINT('',(850.9,4.6228E+03,3.048E+03));
#18142 = LINE('',#18143,#18144);
#18143 = CARTESIAN_POINT('',(850.9,4.6228E+03,2.86385E+03));
#18144 = VECTOR('',#18145,1.);
#18145 = DIRECTION('',(0.,0.,1.));
#18146 = ORIENTED_EDGE('',*,*,#18147,.F.);
#18147 = EDGE_CURVE('',#18124,#18140,#18148,.T.);
#18148 = LINE('',#18149,#18150);
#18149 = CARTESIAN_POINT('',(850.9,1.84785E+03,3.048E+03));
#18150 = VECTOR('',#18151,1.);
#18151 = DIRECTION('',(0.,1.,0.));
#18152 = PLANE('',#18153);
#18153 = AXIS2_PLACEMENT_3D('',#18154,#18155,#18156);
#18154 = CARTESIAN_POINT('',(850.9,1.84785E+03,2.86385E+03));
#18155 = DIRECTION('',(1.,0.,0.));
#18156 = DIRECTION('',(0.,0.,1.));
#18157 = ADVANCED_FACE('',(#18158),#18174,.F.);
#18158 = FACE_BOUND('',#18159,.F.);
#18159 = EDGE_LOOP('',(#18160,#18166,#18167,#18173));
#18160 = ORIENTED_EDGE('',*,*,#18161,.F.);
#18161 = EDGE_CURVE('',#18082,#18122,#18162,.T.);
#18162 = LINE('',#18163,#18164);
#18163 = CARTESIAN_POINT('',(812.8,1.84785E+03,2.86385E+03));
#18164 = VECTOR('',#18165,1.);
#18165 = DIRECTION('',(1.,0.,0.));
#18166 = ORIENTED_EDGE('',*,*,#18081,.T.);
#18167 = ORIENTED_EDGE('',*,*,#18168,.T.);
#18168 = EDGE_CURVE('',#18084,#18124,#18169,.T.);
#18169 = LINE('',#18170,#18171);
#18170 = CARTESIAN_POINT('',(812.8,1.84785E+03,3.048E+03));
#18171 = VECTOR('',#18172,1.);
#18172 = DIRECTION('',(1.,0.,0.));
#18173 = ORIENTED_EDGE('',*,*,#18121,.F.);
#18174 = PLANE('',#18175);
#18175 = AXIS2_PLACEMENT_3D('',#18176,#18177,#18178);
#18176 = CARTESIAN_POINT('',(812.8,1.84785E+03,2.86385E+03));
#18177 = DIRECTION('',(0.,1.,0.));
#18178 = DIRECTION('',(0.,0.,1.));
#18179 = ADVANCED_FACE('',(#18180),#18196,.T.);
#18180 = FACE_BOUND('',#18181,.T.);
#18181 = EDGE_LOOP('',(#18182,#18188,#18189,#18195));
#18182 = ORIENTED_EDGE('',*,*,#18183,.F.);
#18183 = EDGE_CURVE('',#18092,#18132,#18184,.T.);
#18184 = LINE('',#18185,#18186);
#18185 = CARTESIAN_POINT('',(812.8,4.6228E+03,2.86385E+03));
#18186 = VECTOR('',#18187,1.);
#18187 = DIRECTION('',(1.,0.,0.));
#18188 = ORIENTED_EDGE('',*,*,#18099,.T.);
#18189 = ORIENTED_EDGE('',*,*,#18190,.T.);
#18190 = EDGE_CURVE('',#18100,#18140,#18191,.T.);
#18191 = LINE('',#18192,#18193);
#18192 = CARTESIAN_POINT('',(812.8,4.6228E+03,3.048E+03));
#18193 = VECTOR('',#18194,1.);
#18194 = DIRECTION('',(1.,0.,0.));
#18195 = ORIENTED_EDGE('',*,*,#18139,.F.);
#18196 = PLANE('',#18197);
#18197 = AXIS2_PLACEMENT_3D('',#18198,#18199,#18200);
#18198 = CARTESIAN_POINT('',(812.8,4.6228E+03,2.86385E+03));
#18199 = DIRECTION('',(0.,1.,0.));
#18200 = DIRECTION('',(0.,0.,1.));
#18201 = ADVANCED_FACE('',(#18202),#18208,.F.);
#18202 = FACE_BOUND('',#18203,.F.);
#18203 = EDGE_LOOP('',(#18204,#18205,#18206,#18207));
#18204 = ORIENTED_EDGE('',*,*,#18091,.F.);
#18205 = ORIENTED_EDGE('',*,*,#18161,.T.);
#18206 = ORIENTED_EDGE('',*,*,#18131,.T.);
#18207 = ORIENTED_EDGE('',*,*,#18183,.F.);
#18208 = PLANE('',#18209);
#18209 = AXIS2_PLACEMENT_3D('',#18210,#18211,#18212);
#18210 = CARTESIAN_POINT('',(812.8,1.84785E+03,2.86385E+03));
#18211 = DIRECTION('',(0.,0.,1.));
#18212 = DIRECTION('',(1.,0.,0.));
#18213 = ADVANCED_FACE('',(#18214),#18220,.T.);
#18214 = FACE_BOUND('',#18215,.T.);
#18215 = EDGE_LOOP('',(#18216,#18217,#18218,#18219));
#18216 = ORIENTED_EDGE('',*,*,#18107,.F.);
#18217 = ORIENTED_EDGE('',*,*,#18168,.T.);
#18218 = ORIENTED_EDGE('',*,*,#18147,.T.);
#18219 = ORIENTED_EDGE('',*,*,#18190,.F.);
#18220 = PLANE('',#18221);
#18221 = AXIS2_PLACEMENT_3D('',#18222,#18223,#18224);
#18222 = CARTESIAN_POINT('',(812.8,1.84785E+03,3.048E+03));
#18223 = DIRECTION('',(0.,0.,1.));
#18224 = DIRECTION('',(1.,0.,0.));
#18225 = MANIFOLD_SOLID_BREP('',#18226);
#18226 = CLOSED_SHELL('',(#18227,#18267,#18307,#18329,#18351,#18363));
#18227 = ADVANCED_FACE('',(#18228),#18262,.F.);
#18228 = FACE_BOUND('',#18229,.F.);
#18229 = EDGE_LOOP('',(#18230,#18240,#18248,#18256));
#18230 = ORIENTED_EDGE('',*,*,#18231,.F.);
#18231 = EDGE_CURVE('',#18232,#18234,#18236,.T.);
#18232 = VERTEX_POINT('',#18233);
#18233 = CARTESIAN_POINT('',(1.2192E+03,1.84785E+03,2.86385E+03));
#18234 = VERTEX_POINT('',#18235);
#18235 = CARTESIAN_POINT('',(1.2192E+03,1.84785E+03,3.048E+03));
#18236 = LINE('',#18237,#18238);
#18237 = CARTESIAN_POINT('',(1.2192E+03,1.84785E+03,2.86385E+03));
#18238 = VECTOR('',#18239,1.);
#18239 = DIRECTION('',(0.,0.,1.));
#18240 = ORIENTED_EDGE('',*,*,#18241,.T.);
#18241 = EDGE_CURVE('',#18232,#18242,#18244,.T.);
#18242 = VERTEX_POINT('',#18243);
#18243 = CARTESIAN_POINT('',(1.2192E+03,4.6228E+03,2.86385E+03));
#18244 = LINE('',#18245,#18246);
#18245 = CARTESIAN_POINT('',(1.2192E+03,1.84785E+03,2.86385E+03));
#18246 = VECTOR('',#18247,1.);
#18247 = DIRECTION('',(0.,1.,0.));
#18248 = ORIENTED_EDGE('',*,*,#18249,.T.);
#18249 = EDGE_CURVE('',#18242,#18250,#18252,.T.);
#18250 = VERTEX_POINT('',#18251);
#18251 = CARTESIAN_POINT('',(1.2192E+03,4.6228E+03,3.048E+03));
#18252 = LINE('',#18253,#18254);
#18253 = CARTESIAN_POINT('',(1.2192E+03,4.6228E+03,2.86385E+03));
#18254 = VECTOR('',#18255,1.);
#18255 = DIRECTION('',(0.,0.,1.));
#18256 = ORIENTED_EDGE('',*,*,#18257,.F.);
#18257 = EDGE_CURVE('',#18234,#18250,#18258,.T.);
#18258 = LINE('',#18259,#18260);
#18259 = CARTESIAN_POINT('',(1.2192E+03,1.84785E+03,3.048E+03));
#18260 = VECTOR('',#18261,1.);
#18261 = DIRECTION('',(0.,1.,0.));
#18262 = PLANE('',#18263);
#18263 = AXIS2_PLACEMENT_3D('',#18264,#18265,#18266);
#18264 = CARTESIAN_POINT('',(1.2192E+03,1.84785E+03,2.86385E+03));
#18265 = DIRECTION('',(1.,0.,0.));
#18266 = DIRECTION('',(0.,0.,1.));
#18267 = ADVANCED_FACE('',(#18268),#18302,.T.);
#18268 = FACE_BOUND('',#18269,.T.);
#18269 = EDGE_LOOP('',(#18270,#18280,#18288,#18296));
#18270 = ORIENTED_EDGE('',*,*,#18271,.F.);
#18271 = EDGE_CURVE('',#18272,#18274,#18276,.T.);
#18272 = VERTEX_POINT('',#18273);
#18273 = CARTESIAN_POINT('',(1.2573E+03,1.84785E+03,2.86385E+03));
#18274 = VERTEX_POINT('',#18275);
#18275 = CARTESIAN_POINT('',(1.2573E+03,1.84785E+03,3.048E+03));
#18276 = LINE('',#18277,#18278);
#18277 = CARTESIAN_POINT('',(1.2573E+03,1.84785E+03,2.86385E+03));
#18278 = VECTOR('',#18279,1.);
#18279 = DIRECTION('',(0.,0.,1.));
#18280 = ORIENTED_EDGE('',*,*,#18281,.T.);
#18281 = EDGE_CURVE('',#18272,#18282,#18284,.T.);
#18282 = VERTEX_POINT('',#18283);
#18283 = CARTESIAN_POINT('',(1.2573E+03,4.6228E+03,2.86385E+03));
#18284 = LINE('',#18285,#18286);
#18285 = CARTESIAN_POINT('',(1.2573E+03,1.84785E+03,2.86385E+03));
#18286 = VECTOR('',#18287,1.);
#18287 = DIRECTION('',(0.,1.,0.));
#18288 = ORIENTED_EDGE('',*,*,#18289,.T.);
#18289 = EDGE_CURVE('',#18282,#18290,#18292,.T.);
#18290 = VERTEX_POINT('',#18291);
#18291 = CARTESIAN_POINT('',(1.2573E+03,4.6228E+03,3.048E+03));
#18292 = LINE('',#18293,#18294);
#18293 = CARTESIAN_POINT('',(1.2573E+03,4.6228E+03,2.86385E+03));
#18294 = VECTOR('',#18295,1.);
#18295 = DIRECTION('',(0.,0.,1.));
#18296 = ORIENTED_EDGE('',*,*,#18297,.F.);
#18297 = EDGE_CURVE('',#18274,#18290,#18298,.T.);
#18298 = LINE('',#18299,#18300);
#18299 = CARTESIAN_POINT('',(1.2573E+03,1.84785E+03,3.048E+03));
#18300 = VECTOR('',#18301,1.);
#18301 = DIRECTION('',(0.,1.,0.));
#18302 = PLANE('',#18303);
#18303 = AXIS2_PLACEMENT_3D('',#18304,#18305,#18306);
#18304 = CARTESIAN_POINT('',(1.2573E+03,1.84785E+03,2.86385E+03));
#18305 = DIRECTION('',(1.,0.,0.));
#18306 = DIRECTION('',(0.,0.,1.));
#18307 = ADVANCED_FACE('',(#18308),#18324,.F.);
#18308 = FACE_BOUND('',#18309,.F.);
#18309 = EDGE_LOOP('',(#18310,#18316,#18317,#18323));
#18310 = ORIENTED_EDGE('',*,*,#18311,.F.);
#18311 = EDGE_CURVE('',#18232,#18272,#18312,.T.);
#18312 = LINE('',#18313,#18314);
#18313 = CARTESIAN_POINT('',(1.2192E+03,1.84785E+03,2.86385E+03));
#18314 = VECTOR('',#18315,1.);
#18315 = DIRECTION('',(1.,0.,0.));
#18316 = ORIENTED_EDGE('',*,*,#18231,.T.);
#18317 = ORIENTED_EDGE('',*,*,#18318,.T.);
#18318 = EDGE_CURVE('',#18234,#18274,#18319,.T.);
#18319 = LINE('',#18320,#18321);
#18320 = CARTESIAN_POINT('',(1.2192E+03,1.84785E+03,3.048E+03));
#18321 = VECTOR('',#18322,1.);
#18322 = DIRECTION('',(1.,0.,0.));
#18323 = ORIENTED_EDGE('',*,*,#18271,.F.);
#18324 = PLANE('',#18325);
#18325 = AXIS2_PLACEMENT_3D('',#18326,#18327,#18328);
#18326 = CARTESIAN_POINT('',(1.2192E+03,1.84785E+03,2.86385E+03));
#18327 = DIRECTION('',(0.,1.,0.));
#18328 = DIRECTION('',(0.,0.,1.));
#18329 = ADVANCED_FACE('',(#18330),#18346,.T.);
#18330 = FACE_BOUND('',#18331,.T.);
#18331 = EDGE_LOOP('',(#18332,#18338,#18339,#18345));
#18332 = ORIENTED_EDGE('',*,*,#18333,.F.);
#18333 = EDGE_CURVE('',#18242,#18282,#18334,.T.);
#18334 = LINE('',#18335,#18336);
#18335 = CARTESIAN_POINT('',(1.2192E+03,4.6228E+03,2.86385E+03));
#18336 = VECTOR('',#18337,1.);
#18337 = DIRECTION('',(1.,0.,0.));
#18338 = ORIENTED_EDGE('',*,*,#18249,.T.);
#18339 = ORIENTED_EDGE('',*,*,#18340,.T.);
#18340 = EDGE_CURVE('',#18250,#18290,#18341,.T.);
#18341 = LINE('',#18342,#18343);
#18342 = CARTESIAN_POINT('',(1.2192E+03,4.6228E+03,3.048E+03));
#18343 = VECTOR('',#18344,1.);
#18344 = DIRECTION('',(1.,0.,0.));
#18345 = ORIENTED_EDGE('',*,*,#18289,.F.);
#18346 = PLANE('',#18347);
#18347 = AXIS2_PLACEMENT_3D('',#18348,#18349,#18350);
#18348 = CARTESIAN_POINT('',(1.2192E+03,4.6228E+03,2.86385E+03));
#18349 = DIRECTION('',(0.,1.,0.));
#18350 = DIRECTION('',(0.,0.,1.));
#18351 = ADVANCED_FACE('',(#18352),#18358,.F.);
#18352 = FACE_BOUND('',#18353,.F.);
#18353 = EDGE_LOOP('',(#18354,#18355,#18356,#18357));
#18354 = ORIENTED_EDGE('',*,*,#18241,.F.);
#18355 = ORIENTED_EDGE('',*,*,#18311,.T.);
#18356 = ORIENTED_EDGE('',*,*,#18281,.T.);
#18357 = ORIENTED_EDGE('',*,*,#18333,.F.);
#18358 = PLANE('',#18359);
#18359 = AXIS2_PLACEMENT_3D('',#18360,#18361,#18362);
#18360 = CARTESIAN_POINT('',(1.2192E+03,1.84785E+03,2.86385E+03));
#18361 = DIRECTION('',(0.,0.,1.));
#18362 = DIRECTION('',(1.,0.,0.));
#18363 = ADVANCED_FACE('',(#18364),#18370,.T.);
#18364 = FACE_BOUND('',#18365,.T.);
#18365 = EDGE_LOOP('',(#18366,#18367,#18368,#18369));
#18366 = ORIENTED_EDGE('',*,*,#18257,.F.);
#18367 = ORIENTED_EDGE('',*,*,#18318,.T.);
#18368 = ORIENTED_EDGE('',*,*,#18297,.T.);
#18369 = ORIENTED_EDGE('',*,*,#18340,.F.);
#18370 = PLANE('',#18371);
#18371 = AXIS2_PLACEMENT_3D('',#18372,#18373,#18374);
#18372 = CARTESIAN_POINT('',(1.2192E+03,1.84785E+03,3.048E+03));
#18373 = DIRECTION('',(0.,0.,1.));
#18374 = DIRECTION('',(1.,0.,0.));
#18375 = MANIFOLD_SOLID_BREP('',#18376);
#18376 = CLOSED_SHELL('',(#18377,#18417,#18457,#18479,#18501,#18513));
#18377 = ADVANCED_FACE('',(#18378),#18412,.F.);
#18378 = FACE_BOUND('',#18379,.F.);
#18379 = EDGE_LOOP('',(#18380,#18390,#18398,#18406));
#18380 = ORIENTED_EDGE('',*,*,#18381,.F.);
#18381 = EDGE_CURVE('',#18382,#18384,#18386,.T.);
#18382 = VERTEX_POINT('',#18383);
#18383 = CARTESIAN_POINT('',(1.6256E+03,1.84785E+03,2.86385E+03));
#18384 = VERTEX_POINT('',#18385);
#18385 = CARTESIAN_POINT('',(1.6256E+03,1.84785E+03,3.048E+03));
#18386 = LINE('',#18387,#18388);
#18387 = CARTESIAN_POINT('',(1.6256E+03,1.84785E+03,2.86385E+03));
#18388 = VECTOR('',#18389,1.);
#18389 = DIRECTION('',(0.,0.,1.));
#18390 = ORIENTED_EDGE('',*,*,#18391,.T.);
#18391 = EDGE_CURVE('',#18382,#18392,#18394,.T.);
#18392 = VERTEX_POINT('',#18393);
#18393 = CARTESIAN_POINT('',(1.6256E+03,4.6228E+03,2.86385E+03));
#18394 = LINE('',#18395,#18396);
#18395 = CARTESIAN_POINT('',(1.6256E+03,1.84785E+03,2.86385E+03));
#18396 = VECTOR('',#18397,1.);
#18397 = DIRECTION('',(0.,1.,0.));
#18398 = ORIENTED_EDGE('',*,*,#18399,.T.);
#18399 = EDGE_CURVE('',#18392,#18400,#18402,.T.);
#18400 = VERTEX_POINT('',#18401);
#18401 = CARTESIAN_POINT('',(1.6256E+03,4.6228E+03,3.048E+03));
#18402 = LINE('',#18403,#18404);
#18403 = CARTESIAN_POINT('',(1.6256E+03,4.6228E+03,2.86385E+03));
#18404 = VECTOR('',#18405,1.);
#18405 = DIRECTION('',(0.,0.,1.));
#18406 = ORIENTED_EDGE('',*,*,#18407,.F.);
#18407 = EDGE_CURVE('',#18384,#18400,#18408,.T.);
#18408 = LINE('',#18409,#18410);
#18409 = CARTESIAN_POINT('',(1.6256E+03,1.84785E+03,3.048E+03));
#18410 = VECTOR('',#18411,1.);
#18411 = DIRECTION('',(0.,1.,0.));
#18412 = PLANE('',#18413);
#18413 = AXIS2_PLACEMENT_3D('',#18414,#18415,#18416);
#18414 = CARTESIAN_POINT('',(1.6256E+03,1.84785E+03,2.86385E+03));
#18415 = DIRECTION('',(1.,0.,0.));
#18416 = DIRECTION('',(0.,0.,1.));
#18417 = ADVANCED_FACE('',(#18418),#18452,.T.);
#18418 = FACE_BOUND('',#18419,.T.);
#18419 = EDGE_LOOP('',(#18420,#18430,#18438,#18446));
#18420 = ORIENTED_EDGE('',*,*,#18421,.F.);
#18421 = EDGE_CURVE('',#18422,#18424,#18426,.T.);
#18422 = VERTEX_POINT('',#18423);
#18423 = CARTESIAN_POINT('',(1.6637E+03,1.84785E+03,2.86385E+03));
#18424 = VERTEX_POINT('',#18425);
#18425 = CARTESIAN_POINT('',(1.6637E+03,1.84785E+03,3.048E+03));
#18426 = LINE('',#18427,#18428);
#18427 = CARTESIAN_POINT('',(1.6637E+03,1.84785E+03,2.86385E+03));
#18428 = VECTOR('',#18429,1.);
#18429 = DIRECTION('',(0.,0.,1.));
#18430 = ORIENTED_EDGE('',*,*,#18431,.T.);
#18431 = EDGE_CURVE('',#18422,#18432,#18434,.T.);
#18432 = VERTEX_POINT('',#18433);
#18433 = CARTESIAN_POINT('',(1.6637E+03,4.6228E+03,2.86385E+03));
#18434 = LINE('',#18435,#18436);
#18435 = CARTESIAN_POINT('',(1.6637E+03,1.84785E+03,2.86385E+03));
#18436 = VECTOR('',#18437,1.);
#18437 = DIRECTION('',(0.,1.,0.));
#18438 = ORIENTED_EDGE('',*,*,#18439,.T.);
#18439 = EDGE_CURVE('',#18432,#18440,#18442,.T.);
#18440 = VERTEX_POINT('',#18441);
#18441 = CARTESIAN_POINT('',(1.6637E+03,4.6228E+03,3.048E+03));
#18442 = LINE('',#18443,#18444);
#18443 = CARTESIAN_POINT('',(1.6637E+03,4.6228E+03,2.86385E+03));
#18444 = VECTOR('',#18445,1.);
#18445 = DIRECTION('',(0.,0.,1.));
#18446 = ORIENTED_EDGE('',*,*,#18447,.F.);
#18447 = EDGE_CURVE('',#18424,#18440,#18448,.T.);
#18448 = LINE('',#18449,#18450);
#18449 = CARTESIAN_POINT('',(1.6637E+03,1.84785E+03,3.048E+03));
#18450 = VECTOR('',#18451,1.);
#18451 = DIRECTION('',(0.,1.,0.));
#18452 = PLANE('',#18453);
#18453 = AXIS2_PLACEMENT_3D('',#18454,#18455,#18456);
#18454 = CARTESIAN_POINT('',(1.6637E+03,1.84785E+03,2.86385E+03));
#18455 = DIRECTION('',(1.,0.,0.));
#18456 = DIRECTION('',(0.,0.,1.));
#18457 = ADVANCED_FACE('',(#18458),#18474,.F.);
#18458 = FACE_BOUND('',#18459,.F.);
#18459 = EDGE_LOOP('',(#18460,#18466,#18467,#18473));
#18460 = ORIENTED_EDGE('',*,*,#18461,.F.);
#18461 = EDGE_CURVE('',#18382,#18422,#18462,.T.);
#18462 = LINE('',#18463,#18464);
#18463 = CARTESIAN_POINT('',(1.6256E+03,1.84785E+03,2.86385E+03));
#18464 = VECTOR('',#18465,1.);
#18465 = DIRECTION('',(1.,0.,0.));
#18466 = ORIENTED_EDGE('',*,*,#18381,.T.);
#18467 = ORIENTED_EDGE('',*,*,#18468,.T.);
#18468 = EDGE_CURVE('',#18384,#18424,#18469,.T.);
#18469 = LINE('',#18470,#18471);
#18470 = CARTESIAN_POINT('',(1.6256E+03,1.84785E+03,3.048E+03));
#18471 = VECTOR('',#18472,1.);
#18472 = DIRECTION('',(1.,0.,0.));
#18473 = ORIENTED_EDGE('',*,*,#18421,.F.);
#18474 = PLANE('',#18475);
#18475 = AXIS2_PLACEMENT_3D('',#18476,#18477,#18478);
#18476 = CARTESIAN_POINT('',(1.6256E+03,1.84785E+03,2.86385E+03));
#18477 = DIRECTION('',(0.,1.,0.));
#18478 = DIRECTION('',(0.,0.,1.));
#18479 = ADVANCED_FACE('',(#18480),#18496,.T.);
#18480 = FACE_BOUND('',#18481,.T.);
#18481 = EDGE_LOOP('',(#18482,#18488,#18489,#18495));
#18482 = ORIENTED_EDGE('',*,*,#18483,.F.);
#18483 = EDGE_CURVE('',#18392,#18432,#18484,.T.);
#18484 = LINE('',#18485,#18486);
#18485 = CARTESIAN_POINT('',(1.6256E+03,4.6228E+03,2.86385E+03));
#18486 = VECTOR('',#18487,1.);
#18487 = DIRECTION('',(1.,0.,0.));
#18488 = ORIENTED_EDGE('',*,*,#18399,.T.);
#18489 = ORIENTED_EDGE('',*,*,#18490,.T.);
#18490 = EDGE_CURVE('',#18400,#18440,#18491,.T.);
#18491 = LINE('',#18492,#18493);
#18492 = CARTESIAN_POINT('',(1.6256E+03,4.6228E+03,3.048E+03));
#18493 = VECTOR('',#18494,1.);
#18494 = DIRECTION('',(1.,0.,0.));
#18495 = ORIENTED_EDGE('',*,*,#18439,.F.);
#18496 = PLANE('',#18497);
#18497 = AXIS2_PLACEMENT_3D('',#18498,#18499,#18500);
#18498 = CARTESIAN_POINT('',(1.6256E+03,4.6228E+03,2.86385E+03));
#18499 = DIRECTION('',(0.,1.,0.));
#18500 = DIRECTION('',(0.,0.,1.));
#18501 = ADVANCED_FACE('',(#18502),#18508,.F.);
#18502 = FACE_BOUND('',#18503,.F.);
#18503 = EDGE_LOOP('',(#18504,#18505,#18506,#18507));
#18504 = ORIENTED_EDGE('',*,*,#18391,.F.);
#18505 = ORIENTED_EDGE('',*,*,#18461,.T.);
#18506 = ORIENTED_EDGE('',*,*,#18431,.T.);
#18507 = ORIENTED_EDGE('',*,*,#18483,.F.);
#18508 = PLANE('',#18509);
#18509 = AXIS2_PLACEMENT_3D('',#18510,#18511,#18512);
#18510 = CARTESIAN_POINT('',(1.6256E+03,1.84785E+03,2.86385E+03));
#18511 = DIRECTION('',(0.,0.,1.));
#18512 = DIRECTION('',(1.,0.,0.));
#18513 = ADVANCED_FACE('',(#18514),#18520,.T.);
#18514 = FACE_BOUND('',#18515,.T.);
#18515 = EDGE_LOOP('',(#18516,#18517,#18518,#18519));
#18516 = ORIENTED_EDGE('',*,*,#18407,.F.);
#18517 = ORIENTED_EDGE('',*,*,#18468,.T.);
#18518 = ORIENTED_EDGE('',*,*,#18447,.T.);
#18519 = ORIENTED_EDGE('',*,*,#18490,.F.);
#18520 = PLANE('',#18521);
#18521 = AXIS2_PLACEMENT_3D('',#18522,#18523,#18524);
#18522 = CARTESIAN_POINT('',(1.6256E+03,1.84785E+03,3.048E+03));
#18523 = DIRECTION('',(0.,0.,1.));
#18524 = DIRECTION('',(1.,0.,0.));
#18525 = MANIFOLD_SOLID_BREP('',#18526);
#18526 = CLOSED_SHELL('',(#18527,#18567,#18607,#18629,#18651,#18663));
#18527 = ADVANCED_FACE('',(#18528),#18562,.F.);
#18528 = FACE_BOUND('',#18529,.F.);
#18529 = EDGE_LOOP('',(#18530,#18540,#18548,#18556));
#18530 = ORIENTED_EDGE('',*,*,#18531,.F.);
#18531 = EDGE_CURVE('',#18532,#18534,#18536,.T.);
#18532 = VERTEX_POINT('',#18533);
#18533 = CARTESIAN_POINT('',(2.032E+03,1.84785E+03,2.86385E+03));
#18534 = VERTEX_POINT('',#18535);
#18535 = CARTESIAN_POINT('',(2.032E+03,1.84785E+03,3.048E+03));
#18536 = LINE('',#18537,#18538);
#18537 = CARTESIAN_POINT('',(2.032E+03,1.84785E+03,2.86385E+03));
#18538 = VECTOR('',#18539,1.);
#18539 = DIRECTION('',(0.,0.,1.));
#18540 = ORIENTED_EDGE('',*,*,#18541,.T.);
#18541 = EDGE_CURVE('',#18532,#18542,#18544,.T.);
#18542 = VERTEX_POINT('',#18543);
#18543 = CARTESIAN_POINT('',(2.032E+03,4.6228E+03,2.86385E+03));
#18544 = LINE('',#18545,#18546);
#18545 = CARTESIAN_POINT('',(2.032E+03,1.84785E+03,2.86385E+03));
#18546 = VECTOR('',#18547,1.);
#18547 = DIRECTION('',(0.,1.,0.));
#18548 = ORIENTED_EDGE('',*,*,#18549,.T.);
#18549 = EDGE_CURVE('',#18542,#18550,#18552,.T.);
#18550 = VERTEX_POINT('',#18551);
#18551 = CARTESIAN_POINT('',(2.032E+03,4.6228E+03,3.048E+03));
#18552 = LINE('',#18553,#18554);
#18553 = CARTESIAN_POINT('',(2.032E+03,4.6228E+03,2.86385E+03));
#18554 = VECTOR('',#18555,1.);
#18555 = DIRECTION('',(0.,0.,1.));
#18556 = ORIENTED_EDGE('',*,*,#18557,.F.);
#18557 = EDGE_CURVE('',#18534,#18550,#18558,.T.);
#18558 = LINE('',#18559,#18560);
#18559 = CARTESIAN_POINT('',(2.032E+03,1.84785E+03,3.048E+03));
#18560 = VECTOR('',#18561,1.);
#18561 = DIRECTION('',(0.,1.,0.));
#18562 = PLANE('',#18563);
#18563 = AXIS2_PLACEMENT_3D('',#18564,#18565,#18566);
#18564 = CARTESIAN_POINT('',(2.032E+03,1.84785E+03,2.86385E+03));
#18565 = DIRECTION('',(1.,0.,0.));
#18566 = DIRECTION('',(0.,0.,1.));
#18567 = ADVANCED_FACE('',(#18568),#18602,.T.);
#18568 = FACE_BOUND('',#18569,.T.);
#18569 = EDGE_LOOP('',(#18570,#18580,#18588,#18596));
#18570 = ORIENTED_EDGE('',*,*,#18571,.F.);
#18571 = EDGE_CURVE('',#18572,#18574,#18576,.T.);
#18572 = VERTEX_POINT('',#18573);
#18573 = CARTESIAN_POINT('',(2.0701E+03,1.84785E+03,2.86385E+03));
#18574 = VERTEX_POINT('',#18575);
#18575 = CARTESIAN_POINT('',(2.0701E+03,1.84785E+03,3.048E+03));
#18576 = LINE('',#18577,#18578);
#18577 = CARTESIAN_POINT('',(2.0701E+03,1.84785E+03,2.86385E+03));
#18578 = VECTOR('',#18579,1.);
#18579 = DIRECTION('',(0.,0.,1.));
#18580 = ORIENTED_EDGE('',*,*,#18581,.T.);
#18581 = EDGE_CURVE('',#18572,#18582,#18584,.T.);
#18582 = VERTEX_POINT('',#18583);
#18583 = CARTESIAN_POINT('',(2.0701E+03,4.6228E+03,2.86385E+03));
#18584 = LINE('',#18585,#18586);
#18585 = CARTESIAN_POINT('',(2.0701E+03,1.84785E+03,2.86385E+03));
#18586 = VECTOR('',#18587,1.);
#18587 = DIRECTION('',(0.,1.,0.));
#18588 = ORIENTED_EDGE('',*,*,#18589,.T.);
#18589 = EDGE_CURVE('',#18582,#18590,#18592,.T.);
#18590 = VERTEX_POINT('',#18591);
#18591 = CARTESIAN_POINT('',(2.0701E+03,4.6228E+03,3.048E+03));
#18592 = LINE('',#18593,#18594);
#18593 = CARTESIAN_POINT('',(2.0701E+03,4.6228E+03,2.86385E+03));
#18594 = VECTOR('',#18595,1.);
#18595 = DIRECTION('',(0.,0.,1.));
#18596 = ORIENTED_EDGE('',*,*,#18597,.F.);
#18597 = EDGE_CURVE('',#18574,#18590,#18598,.T.);
#18598 = LINE('',#18599,#18600);
#18599 = CARTESIAN_POINT('',(2.0701E+03,1.84785E+03,3.048E+03));
#18600 = VECTOR('',#18601,1.);
#18601 = DIRECTION('',(0.,1.,0.));
#18602 = PLANE('',#18603);
#18603 = AXIS2_PLACEMENT_3D('',#18604,#18605,#18606);
#18604 = CARTESIAN_POINT('',(2.0701E+03,1.84785E+03,2.86385E+03));
#18605 = DIRECTION('',(1.,0.,0.));
#18606 = DIRECTION('',(0.,0.,1.));
#18607 = ADVANCED_FACE('',(#18608),#18624,.F.);
#18608 = FACE_BOUND('',#18609,.F.);
#18609 = EDGE_LOOP('',(#18610,#18616,#18617,#18623));
#18610 = ORIENTED_EDGE('',*,*,#18611,.F.);
#18611 = EDGE_CURVE('',#18532,#18572,#18612,.T.);
#18612 = LINE('',#18613,#18614);
#18613 = CARTESIAN_POINT('',(2.032E+03,1.84785E+03,2.86385E+03));
#18614 = VECTOR('',#18615,1.);
#18615 = DIRECTION('',(1.,0.,0.));
#18616 = ORIENTED_EDGE('',*,*,#18531,.T.);
#18617 = ORIENTED_EDGE('',*,*,#18618,.T.);
#18618 = EDGE_CURVE('',#18534,#18574,#18619,.T.);
#18619 = LINE('',#18620,#18621);
#18620 = CARTESIAN_POINT('',(2.032E+03,1.84785E+03,3.048E+03));
#18621 = VECTOR('',#18622,1.);
#18622 = DIRECTION('',(1.,0.,0.));
#18623 = ORIENTED_EDGE('',*,*,#18571,.F.);
#18624 = PLANE('',#18625);
#18625 = AXIS2_PLACEMENT_3D('',#18626,#18627,#18628);
#18626 = CARTESIAN_POINT('',(2.032E+03,1.84785E+03,2.86385E+03));
#18627 = DIRECTION('',(0.,1.,0.));
#18628 = DIRECTION('',(0.,0.,1.));
#18629 = ADVANCED_FACE('',(#18630),#18646,.T.);
#18630 = FACE_BOUND('',#18631,.T.);
#18631 = EDGE_LOOP('',(#18632,#18638,#18639,#18645));
#18632 = ORIENTED_EDGE('',*,*,#18633,.F.);
#18633 = EDGE_CURVE('',#18542,#18582,#18634,.T.);
#18634 = LINE('',#18635,#18636);
#18635 = CARTESIAN_POINT('',(2.032E+03,4.6228E+03,2.86385E+03));
#18636 = VECTOR('',#18637,1.);
#18637 = DIRECTION('',(1.,0.,0.));
#18638 = ORIENTED_EDGE('',*,*,#18549,.T.);
#18639 = ORIENTED_EDGE('',*,*,#18640,.T.);
#18640 = EDGE_CURVE('',#18550,#18590,#18641,.T.);
#18641 = LINE('',#18642,#18643);
#18642 = CARTESIAN_POINT('',(2.032E+03,4.6228E+03,3.048E+03));
#18643 = VECTOR('',#18644,1.);
#18644 = DIRECTION('',(1.,0.,0.));
#18645 = ORIENTED_EDGE('',*,*,#18589,.F.);
#18646 = PLANE('',#18647);
#18647 = AXIS2_PLACEMENT_3D('',#18648,#18649,#18650);
#18648 = CARTESIAN_POINT('',(2.032E+03,4.6228E+03,2.86385E+03));
#18649 = DIRECTION('',(0.,1.,0.));
#18650 = DIRECTION('',(0.,0.,1.));
#18651 = ADVANCED_FACE('',(#18652),#18658,.F.);
#18652 = FACE_BOUND('',#18653,.F.);
#18653 = EDGE_LOOP('',(#18654,#18655,#18656,#18657));
#18654 = ORIENTED_EDGE('',*,*,#18541,.F.);
#18655 = ORIENTED_EDGE('',*,*,#18611,.T.);
#18656 = ORIENTED_EDGE('',*,*,#18581,.T.);
#18657 = ORIENTED_EDGE('',*,*,#18633,.F.);
#18658 = PLANE('',#18659);
#18659 = AXIS2_PLACEMENT_3D('',#18660,#18661,#18662);
#18660 = CARTESIAN_POINT('',(2.032E+03,1.84785E+03,2.86385E+03));
#18661 = DIRECTION('',(0.,0.,1.));
#18662 = DIRECTION('',(1.,0.,0.));
#18663 = ADVANCED_FACE('',(#18664),#18670,.T.);
#18664 = FACE_BOUND('',#18665,.T.);
#18665 = EDGE_LOOP('',(#18666,#18667,#18668,#18669));
#18666 = ORIENTED_EDGE('',*,*,#18557,.F.);
#18667 = ORIENTED_EDGE('',*,*,#18618,.T.);
#18668 = ORIENTED_EDGE('',*,*,#18597,.T.);
#18669 = ORIENTED_EDGE('',*,*,#18640,.F.);
#18670 = PLANE('',#18671);
#18671 = AXIS2_PLACEMENT_3D('',#18672,#18673,#18674);
#18672 = CARTESIAN_POINT('',(2.032E+03,1.84785E+03,3.048E+03));
#18673 = DIRECTION('',(0.,0.,1.));
#18674 = DIRECTION('',(1.,0.,0.));
#18675 = MANIFOLD_SOLID_BREP('',#18676);
#18676 = CLOSED_SHELL('',(#18677,#18717,#18757,#18779,#18801,#18813));
#18677 = ADVANCED_FACE('',(#18678),#18712,.F.);
#18678 = FACE_BOUND('',#18679,.F.);
#18679 = EDGE_LOOP('',(#18680,#18690,#18698,#18706));
#18680 = ORIENTED_EDGE('',*,*,#18681,.F.);
#18681 = EDGE_CURVE('',#18682,#18684,#18686,.T.);
#18682 = VERTEX_POINT('',#18683);
#18683 = CARTESIAN_POINT('',(2.4384E+03,1.84785E+03,2.86385E+03));
#18684 = VERTEX_POINT('',#18685);
#18685 = CARTESIAN_POINT('',(2.4384E+03,1.84785E+03,3.048E+03));
#18686 = LINE('',#18687,#18688);
#18687 = CARTESIAN_POINT('',(2.4384E+03,1.84785E+03,2.86385E+03));
#18688 = VECTOR('',#18689,1.);
#18689 = DIRECTION('',(0.,0.,1.));
#18690 = ORIENTED_EDGE('',*,*,#18691,.T.);
#18691 = EDGE_CURVE('',#18682,#18692,#18694,.T.);
#18692 = VERTEX_POINT('',#18693);
#18693 = CARTESIAN_POINT('',(2.4384E+03,4.6228E+03,2.86385E+03));
#18694 = LINE('',#18695,#18696);
#18695 = CARTESIAN_POINT('',(2.4384E+03,1.84785E+03,2.86385E+03));
#18696 = VECTOR('',#18697,1.);
#18697 = DIRECTION('',(0.,1.,0.));
#18698 = ORIENTED_EDGE('',*,*,#18699,.T.);
#18699 = EDGE_CURVE('',#18692,#18700,#18702,.T.);
#18700 = VERTEX_POINT('',#18701);
#18701 = CARTESIAN_POINT('',(2.4384E+03,4.6228E+03,3.048E+03));
#18702 = LINE('',#18703,#18704);
#18703 = CARTESIAN_POINT('',(2.4384E+03,4.6228E+03,2.86385E+03));
#18704 = VECTOR('',#18705,1.);
#18705 = DIRECTION('',(0.,0.,1.));
#18706 = ORIENTED_EDGE('',*,*,#18707,.F.);
#18707 = EDGE_CURVE('',#18684,#18700,#18708,.T.);
#18708 = LINE('',#18709,#18710);
#18709 = CARTESIAN_POINT('',(2.4384E+03,1.84785E+03,3.048E+03));
#18710 = VECTOR('',#18711,1.);
#18711 = DIRECTION('',(0.,1.,0.));
#18712 = PLANE('',#18713);
#18713 = AXIS2_PLACEMENT_3D('',#18714,#18715,#18716);
#18714 = CARTESIAN_POINT('',(2.4384E+03,1.84785E+03,2.86385E+03));
#18715 = DIRECTION('',(1.,0.,0.));
#18716 = DIRECTION('',(0.,0.,1.));
#18717 = ADVANCED_FACE('',(#18718),#18752,.T.);
#18718 = FACE_BOUND('',#18719,.T.);
#18719 = EDGE_LOOP('',(#18720,#18730,#18738,#18746));
#18720 = ORIENTED_EDGE('',*,*,#18721,.F.);
#18721 = EDGE_CURVE('',#18722,#18724,#18726,.T.);
#18722 = VERTEX_POINT('',#18723);
#18723 = CARTESIAN_POINT('',(2.4765E+03,1.84785E+03,2.86385E+03));
#18724 = VERTEX_POINT('',#18725);
#18725 = CARTESIAN_POINT('',(2.4765E+03,1.84785E+03,3.048E+03));
#18726 = LINE('',#18727,#18728);
#18727 = CARTESIAN_POINT('',(2.4765E+03,1.84785E+03,2.86385E+03));
#18728 = VECTOR('',#18729,1.);
#18729 = DIRECTION('',(0.,0.,1.));
#18730 = ORIENTED_EDGE('',*,*,#18731,.T.);
#18731 = EDGE_CURVE('',#18722,#18732,#18734,.T.);
#18732 = VERTEX_POINT('',#18733);
#18733 = CARTESIAN_POINT('',(2.4765E+03,4.6228E+03,2.86385E+03));
#18734 = LINE('',#18735,#18736);
#18735 = CARTESIAN_POINT('',(2.4765E+03,1.84785E+03,2.86385E+03));
#18736 = VECTOR('',#18737,1.);
#18737 = DIRECTION('',(0.,1.,0.));
#18738 = ORIENTED_EDGE('',*,*,#18739,.T.);
#18739 = EDGE_CURVE('',#18732,#18740,#18742,.T.);
#18740 = VERTEX_POINT('',#18741);
#18741 = CARTESIAN_POINT('',(2.4765E+03,4.6228E+03,3.048E+03));
#18742 = LINE('',#18743,#18744);
#18743 = CARTESIAN_POINT('',(2.4765E+03,4.6228E+03,2.86385E+03));
#18744 = VECTOR('',#18745,1.);
#18745 = DIRECTION('',(0.,0.,1.));
#18746 = ORIENTED_EDGE('',*,*,#18747,.F.);
#18747 = EDGE_CURVE('',#18724,#18740,#18748,.T.);
#18748 = LINE('',#18749,#18750);
#18749 = CARTESIAN_POINT('',(2.4765E+03,1.84785E+03,3.048E+03));
#18750 = VECTOR('',#18751,1.);
#18751 = DIRECTION('',(0.,1.,0.));
#18752 = PLANE('',#18753);
#18753 = AXIS2_PLACEMENT_3D('',#18754,#18755,#18756);
#18754 = CARTESIAN_POINT('',(2.4765E+03,1.84785E+03,2.86385E+03));
#18755 = DIRECTION('',(1.,0.,0.));
#18756 = DIRECTION('',(0.,0.,1.));
#18757 = ADVANCED_FACE('',(#18758),#18774,.F.);
#18758 = FACE_BOUND('',#18759,.F.);
#18759 = EDGE_LOOP('',(#18760,#18766,#18767,#18773));
#18760 = ORIENTED_EDGE('',*,*,#18761,.F.);
#18761 = EDGE_CURVE('',#18682,#18722,#18762,.T.);
#18762 = LINE('',#18763,#18764);
#18763 = CARTESIAN_POINT('',(2.4384E+03,1.84785E+03,2.86385E+03));
#18764 = VECTOR('',#18765,1.);
#18765 = DIRECTION('',(1.,0.,0.));
#18766 = ORIENTED_EDGE('',*,*,#18681,.T.);
#18767 = ORIENTED_EDGE('',*,*,#18768,.T.);
#18768 = EDGE_CURVE('',#18684,#18724,#18769,.T.);
#18769 = LINE('',#18770,#18771);
#18770 = CARTESIAN_POINT('',(2.4384E+03,1.84785E+03,3.048E+03));
#18771 = VECTOR('',#18772,1.);
#18772 = DIRECTION('',(1.,0.,0.));
#18773 = ORIENTED_EDGE('',*,*,#18721,.F.);
#18774 = PLANE('',#18775);
#18775 = AXIS2_PLACEMENT_3D('',#18776,#18777,#18778);
#18776 = CARTESIAN_POINT('',(2.4384E+03,1.84785E+03,2.86385E+03));
#18777 = DIRECTION('',(0.,1.,0.));
#18778 = DIRECTION('',(0.,0.,1.));
#18779 = ADVANCED_FACE('',(#18780),#18796,.T.);
#18780 = FACE_BOUND('',#18781,.T.);
#18781 = EDGE_LOOP('',(#18782,#18788,#18789,#18795));
#18782 = ORIENTED_EDGE('',*,*,#18783,.F.);
#18783 = EDGE_CURVE('',#18692,#18732,#18784,.T.);
#18784 = LINE('',#18785,#18786);
#18785 = CARTESIAN_POINT('',(2.4384E+03,4.6228E+03,2.86385E+03));
#18786 = VECTOR('',#18787,1.);
#18787 = DIRECTION('',(1.,0.,0.));
#18788 = ORIENTED_EDGE('',*,*,#18699,.T.);
#18789 = ORIENTED_EDGE('',*,*,#18790,.T.);
#18790 = EDGE_CURVE('',#18700,#18740,#18791,.T.);
#18791 = LINE('',#18792,#18793);
#18792 = CARTESIAN_POINT('',(2.4384E+03,4.6228E+03,3.048E+03));
#18793 = VECTOR('',#18794,1.);
#18794 = DIRECTION('',(1.,0.,0.));
#18795 = ORIENTED_EDGE('',*,*,#18739,.F.);
#18796 = PLANE('',#18797);
#18797 = AXIS2_PLACEMENT_3D('',#18798,#18799,#18800);
#18798 = CARTESIAN_POINT('',(2.4384E+03,4.6228E+03,2.86385E+03));
#18799 = DIRECTION('',(0.,1.,0.));
#18800 = DIRECTION('',(0.,0.,1.));
#18801 = ADVANCED_FACE('',(#18802),#18808,.F.);
#18802 = FACE_BOUND('',#18803,.F.);
#18803 = EDGE_LOOP('',(#18804,#18805,#18806,#18807));
#18804 = ORIENTED_EDGE('',*,*,#18691,.F.);
#18805 = ORIENTED_EDGE('',*,*,#18761,.T.);
#18806 = ORIENTED_EDGE('',*,*,#18731,.T.);
#18807 = ORIENTED_EDGE('',*,*,#18783,.F.);
#18808 = PLANE('',#18809);
#18809 = AXIS2_PLACEMENT_3D('',#18810,#18811,#18812);
#18810 = CARTESIAN_POINT('',(2.4384E+03,1.84785E+03,2.86385E+03));
#18811 = DIRECTION('',(0.,0.,1.));
#18812 = DIRECTION('',(1.,0.,0.));
#18813 = ADVANCED_FACE('',(#18814),#18820,.T.);
#18814 = FACE_BOUND('',#18815,.T.);
#18815 = EDGE_LOOP('',(#18816,#18817,#18818,#18819));
#18816 = ORIENTED_EDGE('',*,*,#18707,.F.);
#18817 = ORIENTED_EDGE('',*,*,#18768,.T.);
#18818 = ORIENTED_EDGE('',*,*,#18747,.T.);
#18819 = ORIENTED_EDGE('',*,*,#18790,.F.);
#18820 = PLANE('',#18821);
#18821 = AXIS2_PLACEMENT_3D('',#18822,#18823,#18824);
#18822 = CARTESIAN_POINT('',(2.4384E+03,1.84785E+03,3.048E+03));
#18823 = DIRECTION('',(0.,0.,1.));
#18824 = DIRECTION('',(1.,0.,0.));
#18825 = MANIFOLD_SOLID_BREP('',#18826);
#18826 = CLOSED_SHELL('',(#18827,#18867,#18907,#18929,#18951,#18963));
#18827 = ADVANCED_FACE('',(#18828),#18862,.F.);
#18828 = FACE_BOUND('',#18829,.F.);
#18829 = EDGE_LOOP('',(#18830,#18840,#18848,#18856));
#18830 = ORIENTED_EDGE('',*,*,#18831,.F.);
#18831 = EDGE_CURVE('',#18832,#18834,#18836,.T.);
#18832 = VERTEX_POINT('',#18833);
#18833 = CARTESIAN_POINT('',(2.8448E+03,1.84785E+03,2.86385E+03));
#18834 = VERTEX_POINT('',#18835);
#18835 = CARTESIAN_POINT('',(2.8448E+03,1.84785E+03,3.048E+03));
#18836 = LINE('',#18837,#18838);
#18837 = CARTESIAN_POINT('',(2.8448E+03,1.84785E+03,2.86385E+03));
#18838 = VECTOR('',#18839,1.);
#18839 = DIRECTION('',(0.,0.,1.));
#18840 = ORIENTED_EDGE('',*,*,#18841,.T.);
#18841 = EDGE_CURVE('',#18832,#18842,#18844,.T.);
#18842 = VERTEX_POINT('',#18843);
#18843 = CARTESIAN_POINT('',(2.8448E+03,4.6228E+03,2.86385E+03));
#18844 = LINE('',#18845,#18846);
#18845 = CARTESIAN_POINT('',(2.8448E+03,1.84785E+03,2.86385E+03));
#18846 = VECTOR('',#18847,1.);
#18847 = DIRECTION('',(0.,1.,0.));
#18848 = ORIENTED_EDGE('',*,*,#18849,.T.);
#18849 = EDGE_CURVE('',#18842,#18850,#18852,.T.);
#18850 = VERTEX_POINT('',#18851);
#18851 = CARTESIAN_POINT('',(2.8448E+03,4.6228E+03,3.048E+03));
#18852 = LINE('',#18853,#18854);
#18853 = CARTESIAN_POINT('',(2.8448E+03,4.6228E+03,2.86385E+03));
#18854 = VECTOR('',#18855,1.);
#18855 = DIRECTION('',(0.,0.,1.));
#18856 = ORIENTED_EDGE('',*,*,#18857,.F.);
#18857 = EDGE_CURVE('',#18834,#18850,#18858,.T.);
#18858 = LINE('',#18859,#18860);
#18859 = CARTESIAN_POINT('',(2.8448E+03,1.84785E+03,3.048E+03));
#18860 = VECTOR('',#18861,1.);
#18861 = DIRECTION('',(0.,1.,0.));
#18862 = PLANE('',#18863);
#18863 = AXIS2_PLACEMENT_3D('',#18864,#18865,#18866);
#18864 = CARTESIAN_POINT('',(2.8448E+03,1.84785E+03,2.86385E+03));
#18865 = DIRECTION('',(1.,0.,0.));
#18866 = DIRECTION('',(0.,0.,1.));
#18867 = ADVANCED_FACE('',(#18868),#18902,.T.);
#18868 = FACE_BOUND('',#18869,.T.);
#18869 = EDGE_LOOP('',(#18870,#18880,#18888,#18896));
#18870 = ORIENTED_EDGE('',*,*,#18871,.F.);
#18871 = EDGE_CURVE('',#18872,#18874,#18876,.T.);
#18872 = VERTEX_POINT('',#18873);
#18873 = CARTESIAN_POINT('',(2.8829E+03,1.84785E+03,2.86385E+03));
#18874 = VERTEX_POINT('',#18875);
#18875 = CARTESIAN_POINT('',(2.8829E+03,1.84785E+03,3.048E+03));
#18876 = LINE('',#18877,#18878);
#18877 = CARTESIAN_POINT('',(2.8829E+03,1.84785E+03,2.86385E+03));
#18878 = VECTOR('',#18879,1.);
#18879 = DIRECTION('',(0.,0.,1.));
#18880 = ORIENTED_EDGE('',*,*,#18881,.T.);
#18881 = EDGE_CURVE('',#18872,#18882,#18884,.T.);
#18882 = VERTEX_POINT('',#18883);
#18883 = CARTESIAN_POINT('',(2.8829E+03,4.6228E+03,2.86385E+03));
#18884 = LINE('',#18885,#18886);
#18885 = CARTESIAN_POINT('',(2.8829E+03,1.84785E+03,2.86385E+03));
#18886 = VECTOR('',#18887,1.);
#18887 = DIRECTION('',(0.,1.,0.));
#18888 = ORIENTED_EDGE('',*,*,#18889,.T.);
#18889 = EDGE_CURVE('',#18882,#18890,#18892,.T.);
#18890 = VERTEX_POINT('',#18891);
#18891 = CARTESIAN_POINT('',(2.8829E+03,4.6228E+03,3.048E+03));
#18892 = LINE('',#18893,#18894);
#18893 = CARTESIAN_POINT('',(2.8829E+03,4.6228E+03,2.86385E+03));
#18894 = VECTOR('',#18895,1.);
#18895 = DIRECTION('',(0.,0.,1.));
#18896 = ORIENTED_EDGE('',*,*,#18897,.F.);
#18897 = EDGE_CURVE('',#18874,#18890,#18898,.T.);
#18898 = LINE('',#18899,#18900);
#18899 = CARTESIAN_POINT('',(2.8829E+03,1.84785E+03,3.048E+03));
#18900 = VECTOR('',#18901,1.);
#18901 = DIRECTION('',(0.,1.,0.));
#18902 = PLANE('',#18903);
#18903 = AXIS2_PLACEMENT_3D('',#18904,#18905,#18906);
#18904 = CARTESIAN_POINT('',(2.8829E+03,1.84785E+03,2.86385E+03));
#18905 = DIRECTION('',(1.,0.,0.));
#18906 = DIRECTION('',(0.,0.,1.));
#18907 = ADVANCED_FACE('',(#18908),#18924,.F.);
#18908 = FACE_BOUND('',#18909,.F.);
#18909 = EDGE_LOOP('',(#18910,#18916,#18917,#18923));
#18910 = ORIENTED_EDGE('',*,*,#18911,.F.);
#18911 = EDGE_CURVE('',#18832,#18872,#18912,.T.);
#18912 = LINE('',#18913,#18914);
#18913 = CARTESIAN_POINT('',(2.8448E+03,1.84785E+03,2.86385E+03));
#18914 = VECTOR('',#18915,1.);
#18915 = DIRECTION('',(1.,0.,0.));
#18916 = ORIENTED_EDGE('',*,*,#18831,.T.);
#18917 = ORIENTED_EDGE('',*,*,#18918,.T.);
#18918 = EDGE_CURVE('',#18834,#18874,#18919,.T.);
#18919 = LINE('',#18920,#18921);
#18920 = CARTESIAN_POINT('',(2.8448E+03,1.84785E+03,3.048E+03));
#18921 = VECTOR('',#18922,1.);
#18922 = DIRECTION('',(1.,0.,0.));
#18923 = ORIENTED_EDGE('',*,*,#18871,.F.);
#18924 = PLANE('',#18925);
#18925 = AXIS2_PLACEMENT_3D('',#18926,#18927,#18928);
#18926 = CARTESIAN_POINT('',(2.8448E+03,1.84785E+03,2.86385E+03));
#18927 = DIRECTION('',(0.,1.,0.));
#18928 = DIRECTION('',(0.,0.,1.));
#18929 = ADVANCED_FACE('',(#18930),#18946,.T.);
#18930 = FACE_BOUND('',#18931,.T.);
#18931 = EDGE_LOOP('',(#18932,#18938,#18939,#18945));
#18932 = ORIENTED_EDGE('',*,*,#18933,.F.);
#18933 = EDGE_CURVE('',#18842,#18882,#18934,.T.);
#18934 = LINE('',#18935,#18936);
#18935 = CARTESIAN_POINT('',(2.8448E+03,4.6228E+03,2.86385E+03));
#18936 = VECTOR('',#18937,1.);
#18937 = DIRECTION('',(1.,0.,0.));
#18938 = ORIENTED_EDGE('',*,*,#18849,.T.);
#18939 = ORIENTED_EDGE('',*,*,#18940,.T.);
#18940 = EDGE_CURVE('',#18850,#18890,#18941,.T.);
#18941 = LINE('',#18942,#18943);
#18942 = CARTESIAN_POINT('',(2.8448E+03,4.6228E+03,3.048E+03));
#18943 = VECTOR('',#18944,1.);
#18944 = DIRECTION('',(1.,0.,0.));
#18945 = ORIENTED_EDGE('',*,*,#18889,.F.);
#18946 = PLANE('',#18947);
#18947 = AXIS2_PLACEMENT_3D('',#18948,#18949,#18950);
#18948 = CARTESIAN_POINT('',(2.8448E+03,4.6228E+03,2.86385E+03));
#18949 = DIRECTION('',(0.,1.,0.));
#18950 = DIRECTION('',(0.,0.,1.));
#18951 = ADVANCED_FACE('',(#18952),#18958,.F.);
#18952 = FACE_BOUND('',#18953,.F.);
#18953 = EDGE_LOOP('',(#18954,#18955,#18956,#18957));
#18954 = ORIENTED_EDGE('',*,*,#18841,.F.);
#18955 = ORIENTED_EDGE('',*,*,#18911,.T.);
#18956 = ORIENTED_EDGE('',*,*,#18881,.T.);
#18957 = ORIENTED_EDGE('',*,*,#18933,.F.);
#18958 = PLANE('',#18959);
#18959 = AXIS2_PLACEMENT_3D('',#18960,#18961,#18962);
#18960 = CARTESIAN_POINT('',(2.8448E+03,1.84785E+03,2.86385E+03));
#18961 = DIRECTION('',(0.,0.,1.));
#18962 = DIRECTION('',(1.,0.,0.));
#18963 = ADVANCED_FACE('',(#18964),#18970,.T.);
#18964 = FACE_BOUND('',#18965,.T.);
#18965 = EDGE_LOOP('',(#18966,#18967,#18968,#18969));
#18966 = ORIENTED_EDGE('',*,*,#18857,.F.);
#18967 = ORIENTED_EDGE('',*,*,#18918,.T.);
#18968 = ORIENTED_EDGE('',*,*,#18897,.T.);
#18969 = ORIENTED_EDGE('',*,*,#18940,.F.);
#18970 = PLANE('',#18971);
#18971 = AXIS2_PLACEMENT_3D('',#18972,#18973,#18974);
#18972 = CARTESIAN_POINT('',(2.8448E+03,1.84785E+03,3.048E+03));
#18973 = DIRECTION('',(0.,0.,1.));
#18974 = DIRECTION('',(1.,0.,0.));
#18975 = MANIFOLD_SOLID_BREP('',#18976);
#18976 = CLOSED_SHELL('',(#18977,#19017,#19057,#19079,#19101,#19113));
#18977 = ADVANCED_FACE('',(#18978),#19012,.F.);
#18978 = FACE_BOUND('',#18979,.F.);
#18979 = EDGE_LOOP('',(#18980,#18990,#18998,#19006));
#18980 = ORIENTED_EDGE('',*,*,#18981,.F.);
#18981 = EDGE_CURVE('',#18982,#18984,#18986,.T.);
#18982 = VERTEX_POINT('',#18983);
#18983 = CARTESIAN_POINT('',(3.2512E+03,1.84785E+03,2.86385E+03));
#18984 = VERTEX_POINT('',#18985);
#18985 = CARTESIAN_POINT('',(3.2512E+03,1.84785E+03,3.048E+03));
#18986 = LINE('',#18987,#18988);
#18987 = CARTESIAN_POINT('',(3.2512E+03,1.84785E+03,2.86385E+03));
#18988 = VECTOR('',#18989,1.);
#18989 = DIRECTION('',(0.,0.,1.));
#18990 = ORIENTED_EDGE('',*,*,#18991,.T.);
#18991 = EDGE_CURVE('',#18982,#18992,#18994,.T.);
#18992 = VERTEX_POINT('',#18993);
#18993 = CARTESIAN_POINT('',(3.2512E+03,4.6228E+03,2.86385E+03));
#18994 = LINE('',#18995,#18996);
#18995 = CARTESIAN_POINT('',(3.2512E+03,1.84785E+03,2.86385E+03));
#18996 = VECTOR('',#18997,1.);
#18997 = DIRECTION('',(0.,1.,0.));
#18998 = ORIENTED_EDGE('',*,*,#18999,.T.);
#18999 = EDGE_CURVE('',#18992,#19000,#19002,.T.);
#19000 = VERTEX_POINT('',#19001);
#19001 = CARTESIAN_POINT('',(3.2512E+03,4.6228E+03,3.048E+03));
#19002 = LINE('',#19003,#19004);
#19003 = CARTESIAN_POINT('',(3.2512E+03,4.6228E+03,2.86385E+03));
#19004 = VECTOR('',#19005,1.);
#19005 = DIRECTION('',(0.,0.,1.));
#19006 = ORIENTED_EDGE('',*,*,#19007,.F.);
#19007 = EDGE_CURVE('',#18984,#19000,#19008,.T.);
#19008 = LINE('',#19009,#19010);
#19009 = CARTESIAN_POINT('',(3.2512E+03,1.84785E+03,3.048E+03));
#19010 = VECTOR('',#19011,1.);
#19011 = DIRECTION('',(0.,1.,0.));
#19012 = PLANE('',#19013);
#19013 = AXIS2_PLACEMENT_3D('',#19014,#19015,#19016);
#19014 = CARTESIAN_POINT('',(3.2512E+03,1.84785E+03,2.86385E+03));
#19015 = DIRECTION('',(1.,0.,0.));
#19016 = DIRECTION('',(0.,0.,1.));
#19017 = ADVANCED_FACE('',(#19018),#19052,.T.);
#19018 = FACE_BOUND('',#19019,.T.);
#19019 = EDGE_LOOP('',(#19020,#19030,#19038,#19046));
#19020 = ORIENTED_EDGE('',*,*,#19021,.F.);
#19021 = EDGE_CURVE('',#19022,#19024,#19026,.T.);
#19022 = VERTEX_POINT('',#19023);
#19023 = CARTESIAN_POINT('',(3.2893E+03,1.84785E+03,2.86385E+03));
#19024 = VERTEX_POINT('',#19025);
#19025 = CARTESIAN_POINT('',(3.2893E+03,1.84785E+03,3.048E+03));
#19026 = LINE('',#19027,#19028);
#19027 = CARTESIAN_POINT('',(3.2893E+03,1.84785E+03,2.86385E+03));
#19028 = VECTOR('',#19029,1.);
#19029 = DIRECTION('',(0.,0.,1.));
#19030 = ORIENTED_EDGE('',*,*,#19031,.T.);
#19031 = EDGE_CURVE('',#19022,#19032,#19034,.T.);
#19032 = VERTEX_POINT('',#19033);
#19033 = CARTESIAN_POINT('',(3.2893E+03,4.6228E+03,2.86385E+03));
#19034 = LINE('',#19035,#19036);
#19035 = CARTESIAN_POINT('',(3.2893E+03,1.84785E+03,2.86385E+03));
#19036 = VECTOR('',#19037,1.);
#19037 = DIRECTION('',(0.,1.,0.));
#19038 = ORIENTED_EDGE('',*,*,#19039,.T.);
#19039 = EDGE_CURVE('',#19032,#19040,#19042,.T.);
#19040 = VERTEX_POINT('',#19041);
#19041 = CARTESIAN_POINT('',(3.2893E+03,4.6228E+03,3.048E+03));
#19042 = LINE('',#19043,#19044);
#19043 = CARTESIAN_POINT('',(3.2893E+03,4.6228E+03,2.86385E+03));
#19044 = VECTOR('',#19045,1.);
#19045 = DIRECTION('',(0.,0.,1.));
#19046 = ORIENTED_EDGE('',*,*,#19047,.F.);
#19047 = EDGE_CURVE('',#19024,#19040,#19048,.T.);
#19048 = LINE('',#19049,#19050);
#19049 = CARTESIAN_POINT('',(3.2893E+03,1.84785E+03,3.048E+03));
#19050 = VECTOR('',#19051,1.);
#19051 = DIRECTION('',(0.,1.,0.));
#19052 = PLANE('',#19053);
#19053 = AXIS2_PLACEMENT_3D('',#19054,#19055,#19056);
#19054 = CARTESIAN_POINT('',(3.2893E+03,1.84785E+03,2.86385E+03));
#19055 = DIRECTION('',(1.,0.,0.));
#19056 = DIRECTION('',(0.,0.,1.));
#19057 = ADVANCED_FACE('',(#19058),#19074,.F.);
#19058 = FACE_BOUND('',#19059,.F.);
#19059 = EDGE_LOOP('',(#19060,#19066,#19067,#19073));
#19060 = ORIENTED_EDGE('',*,*,#19061,.F.);
#19061 = EDGE_CURVE('',#18982,#19022,#19062,.T.);
#19062 = LINE('',#19063,#19064);
#19063 = CARTESIAN_POINT('',(3.2512E+03,1.84785E+03,2.86385E+03));
#19064 = VECTOR('',#19065,1.);
#19065 = DIRECTION('',(1.,0.,0.));
#19066 = ORIENTED_EDGE('',*,*,#18981,.T.);
#19067 = ORIENTED_EDGE('',*,*,#19068,.T.);
#19068 = EDGE_CURVE('',#18984,#19024,#19069,.T.);
#19069 = LINE('',#19070,#19071);
#19070 = CARTESIAN_POINT('',(3.2512E+03,1.84785E+03,3.048E+03));
#19071 = VECTOR('',#19072,1.);
#19072 = DIRECTION('',(1.,0.,0.));
#19073 = ORIENTED_EDGE('',*,*,#19021,.F.);
#19074 = PLANE('',#19075);
#19075 = AXIS2_PLACEMENT_3D('',#19076,#19077,#19078);
#19076 = CARTESIAN_POINT('',(3.2512E+03,1.84785E+03,2.86385E+03));
#19077 = DIRECTION('',(0.,1.,0.));
#19078 = DIRECTION('',(0.,0.,1.));
#19079 = ADVANCED_FACE('',(#19080),#19096,.T.);
#19080 = FACE_BOUND('',#19081,.T.);
#19081 = EDGE_LOOP('',(#19082,#19088,#19089,#19095));
#19082 = ORIENTED_EDGE('',*,*,#19083,.F.);
#19083 = EDGE_CURVE('',#18992,#19032,#19084,.T.);
#19084 = LINE('',#19085,#19086);
#19085 = CARTESIAN_POINT('',(3.2512E+03,4.6228E+03,2.86385E+03));
#19086 = VECTOR('',#19087,1.);
#19087 = DIRECTION('',(1.,0.,0.));
#19088 = ORIENTED_EDGE('',*,*,#18999,.T.);
#19089 = ORIENTED_EDGE('',*,*,#19090,.T.);
#19090 = EDGE_CURVE('',#19000,#19040,#19091,.T.);
#19091 = LINE('',#19092,#19093);
#19092 = CARTESIAN_POINT('',(3.2512E+03,4.6228E+03,3.048E+03));
#19093 = VECTOR('',#19094,1.);
#19094 = DIRECTION('',(1.,0.,0.));
#19095 = ORIENTED_EDGE('',*,*,#19039,.F.);
#19096 = PLANE('',#19097);
#19097 = AXIS2_PLACEMENT_3D('',#19098,#19099,#19100);
#19098 = CARTESIAN_POINT('',(3.2512E+03,4.6228E+03,2.86385E+03));
#19099 = DIRECTION('',(0.,1.,0.));
#19100 = DIRECTION('',(0.,0.,1.));
#19101 = ADVANCED_FACE('',(#19102),#19108,.F.);
#19102 = FACE_BOUND('',#19103,.F.);
#19103 = EDGE_LOOP('',(#19104,#19105,#19106,#19107));
#19104 = ORIENTED_EDGE('',*,*,#18991,.F.);
#19105 = ORIENTED_EDGE('',*,*,#19061,.T.);
#19106 = ORIENTED_EDGE('',*,*,#19031,.T.);
#19107 = ORIENTED_EDGE('',*,*,#19083,.F.);
#19108 = PLANE('',#19109);
#19109 = AXIS2_PLACEMENT_3D('',#19110,#19111,#19112);
#19110 = CARTESIAN_POINT('',(3.2512E+03,1.84785E+03,2.86385E+03));
#19111 = DIRECTION('',(0.,0.,1.));
#19112 = DIRECTION('',(1.,0.,0.));
#19113 = ADVANCED_FACE('',(#19114),#19120,.T.);
#19114 = FACE_BOUND('',#19115,.T.);
#19115 = EDGE_LOOP('',(#19116,#19117,#19118,#19119));
#19116 = ORIENTED_EDGE('',*,*,#19007,.F.);
#19117 = ORIENTED_EDGE('',*,*,#19068,.T.);
#19118 = ORIENTED_EDGE('',*,*,#19047,.T.);
#19119 = ORIENTED_EDGE('',*,*,#19090,.F.);
#19120 = PLANE('',#19121);
#19121 = AXIS2_PLACEMENT_3D('',#19122,#19123,#19124);
#19122 = CARTESIAN_POINT('',(3.2512E+03,1.84785E+03,3.048E+03));
#19123 = DIRECTION('',(0.,0.,1.));
#19124 = DIRECTION('',(1.,0.,0.));
#19125 = MANIFOLD_SOLID_BREP('',#19126);
#19126 = CLOSED_SHELL('',(#19127,#19167,#19207,#19229,#19251,#19263));
#19127 = ADVANCED_FACE('',(#19128),#19162,.F.);
#19128 = FACE_BOUND('',#19129,.F.);
#19129 = EDGE_LOOP('',(#19130,#19140,#19148,#19156));
#19130 = ORIENTED_EDGE('',*,*,#19131,.F.);
#19131 = EDGE_CURVE('',#19132,#19134,#19136,.T.);
#19132 = VERTEX_POINT('',#19133);
#19133 = CARTESIAN_POINT('',(3.6576E+03,1.84785E+03,2.86385E+03));
#19134 = VERTEX_POINT('',#19135);
#19135 = CARTESIAN_POINT('',(3.6576E+03,1.84785E+03,3.048E+03));
#19136 = LINE('',#19137,#19138);
#19137 = CARTESIAN_POINT('',(3.6576E+03,1.84785E+03,2.86385E+03));
#19138 = VECTOR('',#19139,1.);
#19139 = DIRECTION('',(0.,0.,1.));
#19140 = ORIENTED_EDGE('',*,*,#19141,.T.);
#19141 = EDGE_CURVE('',#19132,#19142,#19144,.T.);
#19142 = VERTEX_POINT('',#19143);
#19143 = CARTESIAN_POINT('',(3.6576E+03,4.6228E+03,2.86385E+03));
#19144 = LINE('',#19145,#19146);
#19145 = CARTESIAN_POINT('',(3.6576E+03,1.84785E+03,2.86385E+03));
#19146 = VECTOR('',#19147,1.);
#19147 = DIRECTION('',(0.,1.,0.));
#19148 = ORIENTED_EDGE('',*,*,#19149,.T.);
#19149 = EDGE_CURVE('',#19142,#19150,#19152,.T.);
#19150 = VERTEX_POINT('',#19151);
#19151 = CARTESIAN_POINT('',(3.6576E+03,4.6228E+03,3.048E+03));
#19152 = LINE('',#19153,#19154);
#19153 = CARTESIAN_POINT('',(3.6576E+03,4.6228E+03,2.86385E+03));
#19154 = VECTOR('',#19155,1.);
#19155 = DIRECTION('',(0.,0.,1.));
#19156 = ORIENTED_EDGE('',*,*,#19157,.F.);
#19157 = EDGE_CURVE('',#19134,#19150,#19158,.T.);
#19158 = LINE('',#19159,#19160);
#19159 = CARTESIAN_POINT('',(3.6576E+03,1.84785E+03,3.048E+03));
#19160 = VECTOR('',#19161,1.);
#19161 = DIRECTION('',(0.,1.,0.));
#19162 = PLANE('',#19163);
#19163 = AXIS2_PLACEMENT_3D('',#19164,#19165,#19166);
#19164 = CARTESIAN_POINT('',(3.6576E+03,1.84785E+03,2.86385E+03));
#19165 = DIRECTION('',(1.,0.,0.));
#19166 = DIRECTION('',(0.,0.,1.));
#19167 = ADVANCED_FACE('',(#19168),#19202,.T.);
#19168 = FACE_BOUND('',#19169,.T.);
#19169 = EDGE_LOOP('',(#19170,#19180,#19188,#19196));
#19170 = ORIENTED_EDGE('',*,*,#19171,.F.);
#19171 = EDGE_CURVE('',#19172,#19174,#19176,.T.);
#19172 = VERTEX_POINT('',#19173);
#19173 = CARTESIAN_POINT('',(3.6957E+03,1.84785E+03,2.86385E+03));
#19174 = VERTEX_POINT('',#19175);
#19175 = CARTESIAN_POINT('',(3.6957E+03,1.84785E+03,3.048E+03));
#19176 = LINE('',#19177,#19178);
#19177 = CARTESIAN_POINT('',(3.6957E+03,1.84785E+03,2.86385E+03));
#19178 = VECTOR('',#19179,1.);
#19179 = DIRECTION('',(0.,0.,1.));
#19180 = ORIENTED_EDGE('',*,*,#19181,.T.);
#19181 = EDGE_CURVE('',#19172,#19182,#19184,.T.);
#19182 = VERTEX_POINT('',#19183);
#19183 = CARTESIAN_POINT('',(3.6957E+03,4.6228E+03,2.86385E+03));
#19184 = LINE('',#19185,#19186);
#19185 = CARTESIAN_POINT('',(3.6957E+03,1.84785E+03,2.86385E+03));
#19186 = VECTOR('',#19187,1.);
#19187 = DIRECTION('',(0.,1.,0.));
#19188 = ORIENTED_EDGE('',*,*,#19189,.T.);
#19189 = EDGE_CURVE('',#19182,#19190,#19192,.T.);
#19190 = VERTEX_POINT('',#19191);
#19191 = CARTESIAN_POINT('',(3.6957E+03,4.6228E+03,3.048E+03));
#19192 = LINE('',#19193,#19194);
#19193 = CARTESIAN_POINT('',(3.6957E+03,4.6228E+03,2.86385E+03));
#19194 = VECTOR('',#19195,1.);
#19195 = DIRECTION('',(0.,0.,1.));
#19196 = ORIENTED_EDGE('',*,*,#19197,.F.);
#19197 = EDGE_CURVE('',#19174,#19190,#19198,.T.);
#19198 = LINE('',#19199,#19200);
#19199 = CARTESIAN_POINT('',(3.6957E+03,1.84785E+03,3.048E+03));
#19200 = VECTOR('',#19201,1.);
#19201 = DIRECTION('',(0.,1.,0.));
#19202 = PLANE('',#19203);
#19203 = AXIS2_PLACEMENT_3D('',#19204,#19205,#19206);
#19204 = CARTESIAN_POINT('',(3.6957E+03,1.84785E+03,2.86385E+03));
#19205 = DIRECTION('',(1.,0.,0.));
#19206 = DIRECTION('',(0.,0.,1.));
#19207 = ADVANCED_FACE('',(#19208),#19224,.F.);
#19208 = FACE_BOUND('',#19209,.F.);
#19209 = EDGE_LOOP('',(#19210,#19216,#19217,#19223));
#19210 = ORIENTED_EDGE('',*,*,#19211,.F.);
#19211 = EDGE_CURVE('',#19132,#19172,#19212,.T.);
#19212 = LINE('',#19213,#19214);
#19213 = CARTESIAN_POINT('',(3.6576E+03,1.84785E+03,2.86385E+03));
#19214 = VECTOR('',#19215,1.);
#19215 = DIRECTION('',(1.,0.,0.));
#19216 = ORIENTED_EDGE('',*,*,#19131,.T.);
#19217 = ORIENTED_EDGE('',*,*,#19218,.T.);
#19218 = EDGE_CURVE('',#19134,#19174,#19219,.T.);
#19219 = LINE('',#19220,#19221);
#19220 = CARTESIAN_POINT('',(3.6576E+03,1.84785E+03,3.048E+03));
#19221 = VECTOR('',#19222,1.);
#19222 = DIRECTION('',(1.,0.,0.));
#19223 = ORIENTED_EDGE('',*,*,#19171,.F.);
#19224 = PLANE('',#19225);
#19225 = AXIS2_PLACEMENT_3D('',#19226,#19227,#19228);
#19226 = CARTESIAN_POINT('',(3.6576E+03,1.84785E+03,2.86385E+03));
#19227 = DIRECTION('',(0.,1.,0.));
#19228 = DIRECTION('',(0.,0.,1.));
#19229 = ADVANCED_FACE('',(#19230),#19246,.T.);
#19230 = FACE_BOUND('',#19231,.T.);
#19231 = EDGE_LOOP('',(#19232,#19238,#19239,#19245));
#19232 = ORIENTED_EDGE('',*,*,#19233,.F.);
#19233 = EDGE_CURVE('',#19142,#19182,#19234,.T.);
#19234 = LINE('',#19235,#19236);
#19235 = CARTESIAN_POINT('',(3.6576E+03,4.6228E+03,2.86385E+03));
#19236 = VECTOR('',#19237,1.);
#19237 = DIRECTION('',(1.,0.,0.));
#19238 = ORIENTED_EDGE('',*,*,#19149,.T.);
#19239 = ORIENTED_EDGE('',*,*,#19240,.T.);
#19240 = EDGE_CURVE('',#19150,#19190,#19241,.T.);
#19241 = LINE('',#19242,#19243);
#19242 = CARTESIAN_POINT('',(3.6576E+03,4.6228E+03,3.048E+03));
#19243 = VECTOR('',#19244,1.);
#19244 = DIRECTION('',(1.,0.,0.));
#19245 = ORIENTED_EDGE('',*,*,#19189,.F.);
#19246 = PLANE('',#19247);
#19247 = AXIS2_PLACEMENT_3D('',#19248,#19249,#19250);
#19248 = CARTESIAN_POINT('',(3.6576E+03,4.6228E+03,2.86385E+03));
#19249 = DIRECTION('',(0.,1.,0.));
#19250 = DIRECTION('',(0.,0.,1.));
#19251 = ADVANCED_FACE('',(#19252),#19258,.F.);
#19252 = FACE_BOUND('',#19253,.F.);
#19253 = EDGE_LOOP('',(#19254,#19255,#19256,#19257));
#19254 = ORIENTED_EDGE('',*,*,#19141,.F.);
#19255 = ORIENTED_EDGE('',*,*,#19211,.T.);
#19256 = ORIENTED_EDGE('',*,*,#19181,.T.);
#19257 = ORIENTED_EDGE('',*,*,#19233,.F.);
#19258 = PLANE('',#19259);
#19259 = AXIS2_PLACEMENT_3D('',#19260,#19261,#19262);
#19260 = CARTESIAN_POINT('',(3.6576E+03,1.84785E+03,2.86385E+03));
#19261 = DIRECTION('',(0.,0.,1.));
#19262 = DIRECTION('',(1.,0.,0.));
#19263 = ADVANCED_FACE('',(#19264),#19270,.T.);
#19264 = FACE_BOUND('',#19265,.T.);
#19265 = EDGE_LOOP('',(#19266,#19267,#19268,#19269));
#19266 = ORIENTED_EDGE('',*,*,#19157,.F.);
#19267 = ORIENTED_EDGE('',*,*,#19218,.T.);
#19268 = ORIENTED_EDGE('',*,*,#19197,.T.);
#19269 = ORIENTED_EDGE('',*,*,#19240,.F.);
#19270 = PLANE('',#19271);
#19271 = AXIS2_PLACEMENT_3D('',#19272,#19273,#19274);
#19272 = CARTESIAN_POINT('',(3.6576E+03,1.84785E+03,3.048E+03));
#19273 = DIRECTION('',(0.,0.,1.));
#19274 = DIRECTION('',(1.,0.,0.));
#19275 = MANIFOLD_SOLID_BREP('',#19276);
#19276 = CLOSED_SHELL('',(#19277,#19317,#19357,#19379,#19401,#19413));
#19277 = ADVANCED_FACE('',(#19278),#19312,.F.);
#19278 = FACE_BOUND('',#19279,.F.);
#19279 = EDGE_LOOP('',(#19280,#19290,#19298,#19306));
#19280 = ORIENTED_EDGE('',*,*,#19281,.F.);
#19281 = EDGE_CURVE('',#19282,#19284,#19286,.T.);
#19282 = VERTEX_POINT('',#19283);
#19283 = CARTESIAN_POINT('',(4.064E+03,1.84785E+03,2.86385E+03));
#19284 = VERTEX_POINT('',#19285);
#19285 = CARTESIAN_POINT('',(4.064E+03,1.84785E+03,3.048E+03));
#19286 = LINE('',#19287,#19288);
#19287 = CARTESIAN_POINT('',(4.064E+03,1.84785E+03,2.86385E+03));
#19288 = VECTOR('',#19289,1.);
#19289 = DIRECTION('',(0.,0.,1.));
#19290 = ORIENTED_EDGE('',*,*,#19291,.T.);
#19291 = EDGE_CURVE('',#19282,#19292,#19294,.T.);
#19292 = VERTEX_POINT('',#19293);
#19293 = CARTESIAN_POINT('',(4.064E+03,4.6228E+03,2.86385E+03));
#19294 = LINE('',#19295,#19296);
#19295 = CARTESIAN_POINT('',(4.064E+03,1.84785E+03,2.86385E+03));
#19296 = VECTOR('',#19297,1.);
#19297 = DIRECTION('',(0.,1.,0.));
#19298 = ORIENTED_EDGE('',*,*,#19299,.T.);
#19299 = EDGE_CURVE('',#19292,#19300,#19302,.T.);
#19300 = VERTEX_POINT('',#19301);
#19301 = CARTESIAN_POINT('',(4.064E+03,4.6228E+03,3.048E+03));
#19302 = LINE('',#19303,#19304);
#19303 = CARTESIAN_POINT('',(4.064E+03,4.6228E+03,2.86385E+03));
#19304 = VECTOR('',#19305,1.);
#19305 = DIRECTION('',(0.,0.,1.));
#19306 = ORIENTED_EDGE('',*,*,#19307,.F.);
#19307 = EDGE_CURVE('',#19284,#19300,#19308,.T.);
#19308 = LINE('',#19309,#19310);
#19309 = CARTESIAN_POINT('',(4.064E+03,1.84785E+03,3.048E+03));
#19310 = VECTOR('',#19311,1.);
#19311 = DIRECTION('',(0.,1.,0.));
#19312 = PLANE('',#19313);
#19313 = AXIS2_PLACEMENT_3D('',#19314,#19315,#19316);
#19314 = CARTESIAN_POINT('',(4.064E+03,1.84785E+03,2.86385E+03));
#19315 = DIRECTION('',(1.,0.,0.));
#19316 = DIRECTION('',(0.,0.,1.));
#19317 = ADVANCED_FACE('',(#19318),#19352,.T.);
#19318 = FACE_BOUND('',#19319,.T.);
#19319 = EDGE_LOOP('',(#19320,#19330,#19338,#19346));
#19320 = ORIENTED_EDGE('',*,*,#19321,.F.);
#19321 = EDGE_CURVE('',#19322,#19324,#19326,.T.);
#19322 = VERTEX_POINT('',#19323);
#19323 = CARTESIAN_POINT('',(4.1021E+03,1.84785E+03,2.86385E+03));
#19324 = VERTEX_POINT('',#19325);
#19325 = CARTESIAN_POINT('',(4.1021E+03,1.84785E+03,3.048E+03));
#19326 = LINE('',#19327,#19328);
#19327 = CARTESIAN_POINT('',(4.1021E+03,1.84785E+03,2.86385E+03));
#19328 = VECTOR('',#19329,1.);
#19329 = DIRECTION('',(0.,0.,1.));
#19330 = ORIENTED_EDGE('',*,*,#19331,.T.);
#19331 = EDGE_CURVE('',#19322,#19332,#19334,.T.);
#19332 = VERTEX_POINT('',#19333);
#19333 = CARTESIAN_POINT('',(4.1021E+03,4.6228E+03,2.86385E+03));
#19334 = LINE('',#19335,#19336);
#19335 = CARTESIAN_POINT('',(4.1021E+03,1.84785E+03,2.86385E+03));
#19336 = VECTOR('',#19337,1.);
#19337 = DIRECTION('',(0.,1.,0.));
#19338 = ORIENTED_EDGE('',*,*,#19339,.T.);
#19339 = EDGE_CURVE('',#19332,#19340,#19342,.T.);
#19340 = VERTEX_POINT('',#19341);
#19341 = CARTESIAN_POINT('',(4.1021E+03,4.6228E+03,3.048E+03));
#19342 = LINE('',#19343,#19344);
#19343 = CARTESIAN_POINT('',(4.1021E+03,4.6228E+03,2.86385E+03));
#19344 = VECTOR('',#19345,1.);
#19345 = DIRECTION('',(0.,0.,1.));
#19346 = ORIENTED_EDGE('',*,*,#19347,.F.);
#19347 = EDGE_CURVE('',#19324,#19340,#19348,.T.);
#19348 = LINE('',#19349,#19350);
#19349 = CARTESIAN_POINT('',(4.1021E+03,1.84785E+03,3.048E+03));
#19350 = VECTOR('',#19351,1.);
#19351 = DIRECTION('',(0.,1.,0.));
#19352 = PLANE('',#19353);
#19353 = AXIS2_PLACEMENT_3D('',#19354,#19355,#19356);
#19354 = CARTESIAN_POINT('',(4.1021E+03,1.84785E+03,2.86385E+03));
#19355 = DIRECTION('',(1.,0.,0.));
#19356 = DIRECTION('',(0.,0.,1.));
#19357 = ADVANCED_FACE('',(#19358),#19374,.F.);
#19358 = FACE_BOUND('',#19359,.F.);
#19359 = EDGE_LOOP('',(#19360,#19366,#19367,#19373));
#19360 = ORIENTED_EDGE('',*,*,#19361,.F.);
#19361 = EDGE_CURVE('',#19282,#19322,#19362,.T.);
#19362 = LINE('',#19363,#19364);
#19363 = CARTESIAN_POINT('',(4.064E+03,1.84785E+03,2.86385E+03));
#19364 = VECTOR('',#19365,1.);
#19365 = DIRECTION('',(1.,0.,0.));
#19366 = ORIENTED_EDGE('',*,*,#19281,.T.);
#19367 = ORIENTED_EDGE('',*,*,#19368,.T.);
#19368 = EDGE_CURVE('',#19284,#19324,#19369,.T.);
#19369 = LINE('',#19370,#19371);
#19370 = CARTESIAN_POINT('',(4.064E+03,1.84785E+03,3.048E+03));
#19371 = VECTOR('',#19372,1.);
#19372 = DIRECTION('',(1.,0.,0.));
#19373 = ORIENTED_EDGE('',*,*,#19321,.F.);
#19374 = PLANE('',#19375);
#19375 = AXIS2_PLACEMENT_3D('',#19376,#19377,#19378);
#19376 = CARTESIAN_POINT('',(4.064E+03,1.84785E+03,2.86385E+03));
#19377 = DIRECTION('',(0.,1.,0.));
#19378 = DIRECTION('',(0.,0.,1.));
#19379 = ADVANCED_FACE('',(#19380),#19396,.T.);
#19380 = FACE_BOUND('',#19381,.T.);
#19381 = EDGE_LOOP('',(#19382,#19388,#19389,#19395));
#19382 = ORIENTED_EDGE('',*,*,#19383,.F.);
#19383 = EDGE_CURVE('',#19292,#19332,#19384,.T.);
#19384 = LINE('',#19385,#19386);
#19385 = CARTESIAN_POINT('',(4.064E+03,4.6228E+03,2.86385E+03));
#19386 = VECTOR('',#19387,1.);
#19387 = DIRECTION('',(1.,0.,0.));
#19388 = ORIENTED_EDGE('',*,*,#19299,.T.);
#19389 = ORIENTED_EDGE('',*,*,#19390,.T.);
#19390 = EDGE_CURVE('',#19300,#19340,#19391,.T.);
#19391 = LINE('',#19392,#19393);
#19392 = CARTESIAN_POINT('',(4.064E+03,4.6228E+03,3.048E+03));
#19393 = VECTOR('',#19394,1.);
#19394 = DIRECTION('',(1.,0.,0.));
#19395 = ORIENTED_EDGE('',*,*,#19339,.F.);
#19396 = PLANE('',#19397);
#19397 = AXIS2_PLACEMENT_3D('',#19398,#19399,#19400);
#19398 = CARTESIAN_POINT('',(4.064E+03,4.6228E+03,2.86385E+03));
#19399 = DIRECTION('',(0.,1.,0.));
#19400 = DIRECTION('',(0.,0.,1.));
#19401 = ADVANCED_FACE('',(#19402),#19408,.F.);
#19402 = FACE_BOUND('',#19403,.F.);
#19403 = EDGE_LOOP('',(#19404,#19405,#19406,#19407));
#19404 = ORIENTED_EDGE('',*,*,#19291,.F.);
#19405 = ORIENTED_EDGE('',*,*,#19361,.T.);
#19406 = ORIENTED_EDGE('',*,*,#19331,.T.);
#19407 = ORIENTED_EDGE('',*,*,#19383,.F.);
#19408 = PLANE('',#19409);
#19409 = AXIS2_PLACEMENT_3D('',#19410,#19411,#19412);
#19410 = CARTESIAN_POINT('',(4.064E+03,1.84785E+03,2.86385E+03));
#19411 = DIRECTION('',(0.,0.,1.));
#19412 = DIRECTION('',(1.,0.,0.));
#19413 = ADVANCED_FACE('',(#19414),#19420,.T.);
#19414 = FACE_BOUND('',#19415,.T.);
#19415 = EDGE_LOOP('',(#19416,#19417,#19418,#19419));
#19416 = ORIENTED_EDGE('',*,*,#19307,.F.);
#19417 = ORIENTED_EDGE('',*,*,#19368,.T.);
#19418 = ORIENTED_EDGE('',*,*,#19347,.T.);
#19419 = ORIENTED_EDGE('',*,*,#19390,.F.);
#19420 = PLANE('',#19421);
#19421 = AXIS2_PLACEMENT_3D('',#19422,#19423,#19424);
#19422 = CARTESIAN_POINT('',(4.064E+03,1.84785E+03,3.048E+03));
#19423 = DIRECTION('',(0.,0.,1.));
#19424 = DIRECTION('',(1.,0.,0.));
#19425 = MANIFOLD_SOLID_BREP('',#19426);
#19426 = CLOSED_SHELL('',(#19427,#19467,#19507,#19529,#19551,#19563));
#19427 = ADVANCED_FACE('',(#19428),#19462,.F.);
#19428 = FACE_BOUND('',#19429,.F.);
#19429 = EDGE_LOOP('',(#19430,#19440,#19448,#19456));
#19430 = ORIENTED_EDGE('',*,*,#19431,.F.);
#19431 = EDGE_CURVE('',#19432,#19434,#19436,.T.);
#19432 = VERTEX_POINT('',#19433);
#19433 = CARTESIAN_POINT('',(4.4704E+03,1.84785E+03,2.86385E+03));
#19434 = VERTEX_POINT('',#19435);
#19435 = CARTESIAN_POINT('',(4.4704E+03,1.84785E+03,3.048E+03));
#19436 = LINE('',#19437,#19438);
#19437 = CARTESIAN_POINT('',(4.4704E+03,1.84785E+03,2.86385E+03));
#19438 = VECTOR('',#19439,1.);
#19439 = DIRECTION('',(0.,0.,1.));
#19440 = ORIENTED_EDGE('',*,*,#19441,.T.);
#19441 = EDGE_CURVE('',#19432,#19442,#19444,.T.);
#19442 = VERTEX_POINT('',#19443);
#19443 = CARTESIAN_POINT('',(4.4704E+03,4.6228E+03,2.86385E+03));
#19444 = LINE('',#19445,#19446);
#19445 = CARTESIAN_POINT('',(4.4704E+03,1.84785E+03,2.86385E+03));
#19446 = VECTOR('',#19447,1.);
#19447 = DIRECTION('',(0.,1.,0.));
#19448 = ORIENTED_EDGE('',*,*,#19449,.T.);
#19449 = EDGE_CURVE('',#19442,#19450,#19452,.T.);
#19450 = VERTEX_POINT('',#19451);
#19451 = CARTESIAN_POINT('',(4.4704E+03,4.6228E+03,3.048E+03));
#19452 = LINE('',#19453,#19454);
#19453 = CARTESIAN_POINT('',(4.4704E+03,4.6228E+03,2.86385E+03));
#19454 = VECTOR('',#19455,1.);
#19455 = DIRECTION('',(0.,0.,1.));
#19456 = ORIENTED_EDGE('',*,*,#19457,.F.);
#19457 = EDGE_CURVE('',#19434,#19450,#19458,.T.);
#19458 = LINE('',#19459,#19460);
#19459 = CARTESIAN_POINT('',(4.4704E+03,1.84785E+03,3.048E+03));
#19460 = VECTOR('',#19461,1.);
#19461 = DIRECTION('',(0.,1.,0.));
#19462 = PLANE('',#19463);
#19463 = AXIS2_PLACEMENT_3D('',#19464,#19465,#19466);
#19464 = CARTESIAN_POINT('',(4.4704E+03,1.84785E+03,2.86385E+03));
#19465 = DIRECTION('',(1.,0.,0.));
#19466 = DIRECTION('',(0.,0.,1.));
#19467 = ADVANCED_FACE('',(#19468),#19502,.T.);
#19468 = FACE_BOUND('',#19469,.T.);
#19469 = EDGE_LOOP('',(#19470,#19480,#19488,#19496));
#19470 = ORIENTED_EDGE('',*,*,#19471,.F.);
#19471 = EDGE_CURVE('',#19472,#19474,#19476,.T.);
#19472 = VERTEX_POINT('',#19473);
#19473 = CARTESIAN_POINT('',(4.5085E+03,1.84785E+03,2.86385E+03));
#19474 = VERTEX_POINT('',#19475);
#19475 = CARTESIAN_POINT('',(4.5085E+03,1.84785E+03,3.048E+03));
#19476 = LINE('',#19477,#19478);
#19477 = CARTESIAN_POINT('',(4.5085E+03,1.84785E+03,2.86385E+03));
#19478 = VECTOR('',#19479,1.);
#19479 = DIRECTION('',(0.,0.,1.));
#19480 = ORIENTED_EDGE('',*,*,#19481,.T.);
#19481 = EDGE_CURVE('',#19472,#19482,#19484,.T.);
#19482 = VERTEX_POINT('',#19483);
#19483 = CARTESIAN_POINT('',(4.5085E+03,4.6228E+03,2.86385E+03));
#19484 = LINE('',#19485,#19486);
#19485 = CARTESIAN_POINT('',(4.5085E+03,1.84785E+03,2.86385E+03));
#19486 = VECTOR('',#19487,1.);
#19487 = DIRECTION('',(0.,1.,0.));
#19488 = ORIENTED_EDGE('',*,*,#19489,.T.);
#19489 = EDGE_CURVE('',#19482,#19490,#19492,.T.);
#19490 = VERTEX_POINT('',#19491);
#19491 = CARTESIAN_POINT('',(4.5085E+03,4.6228E+03,3.048E+03));
#19492 = LINE('',#19493,#19494);
#19493 = CARTESIAN_POINT('',(4.5085E+03,4.6228E+03,2.86385E+03));
#19494 = VECTOR('',#19495,1.);
#19495 = DIRECTION('',(0.,0.,1.));
#19496 = ORIENTED_EDGE('',*,*,#19497,.F.);
#19497 = EDGE_CURVE('',#19474,#19490,#19498,.T.);
#19498 = LINE('',#19499,#19500);
#19499 = CARTESIAN_POINT('',(4.5085E+03,1.84785E+03,3.048E+03));
#19500 = VECTOR('',#19501,1.);
#19501 = DIRECTION('',(0.,1.,0.));
#19502 = PLANE('',#19503);
#19503 = AXIS2_PLACEMENT_3D('',#19504,#19505,#19506);
#19504 = CARTESIAN_POINT('',(4.5085E+03,1.84785E+03,2.86385E+03));
#19505 = DIRECTION('',(1.,0.,0.));
#19506 = DIRECTION('',(0.,0.,1.));
#19507 = ADVANCED_FACE('',(#19508),#19524,.F.);
#19508 = FACE_BOUND('',#19509,.F.);
#19509 = EDGE_LOOP('',(#19510,#19516,#19517,#19523));
#19510 = ORIENTED_EDGE('',*,*,#19511,.F.);
#19511 = EDGE_CURVE('',#19432,#19472,#19512,.T.);
#19512 = LINE('',#19513,#19514);
#19513 = CARTESIAN_POINT('',(4.4704E+03,1.84785E+03,2.86385E+03));
#19514 = VECTOR('',#19515,1.);
#19515 = DIRECTION('',(1.,0.,0.));
#19516 = ORIENTED_EDGE('',*,*,#19431,.T.);
#19517 = ORIENTED_EDGE('',*,*,#19518,.T.);
#19518 = EDGE_CURVE('',#19434,#19474,#19519,.T.);
#19519 = LINE('',#19520,#19521);
#19520 = CARTESIAN_POINT('',(4.4704E+03,1.84785E+03,3.048E+03));
#19521 = VECTOR('',#19522,1.);
#19522 = DIRECTION('',(1.,0.,0.));
#19523 = ORIENTED_EDGE('',*,*,#19471,.F.);
#19524 = PLANE('',#19525);
#19525 = AXIS2_PLACEMENT_3D('',#19526,#19527,#19528);
#19526 = CARTESIAN_POINT('',(4.4704E+03,1.84785E+03,2.86385E+03));
#19527 = DIRECTION('',(0.,1.,0.));
#19528 = DIRECTION('',(0.,0.,1.));
#19529 = ADVANCED_FACE('',(#19530),#19546,.T.);
#19530 = FACE_BOUND('',#19531,.T.);
#19531 = EDGE_LOOP('',(#19532,#19538,#19539,#19545));
#19532 = ORIENTED_EDGE('',*,*,#19533,.F.);
#19533 = EDGE_CURVE('',#19442,#19482,#19534,.T.);
#19534 = LINE('',#19535,#19536);
#19535 = CARTESIAN_POINT('',(4.4704E+03,4.6228E+03,2.86385E+03));
#19536 = VECTOR('',#19537,1.);
#19537 = DIRECTION('',(1.,0.,0.));
#19538 = ORIENTED_EDGE('',*,*,#19449,.T.);
#19539 = ORIENTED_EDGE('',*,*,#19540,.T.);
#19540 = EDGE_CURVE('',#19450,#19490,#19541,.T.);
#19541 = LINE('',#19542,#19543);
#19542 = CARTESIAN_POINT('',(4.4704E+03,4.6228E+03,3.048E+03));
#19543 = VECTOR('',#19544,1.);
#19544 = DIRECTION('',(1.,0.,0.));
#19545 = ORIENTED_EDGE('',*,*,#19489,.F.);
#19546 = PLANE('',#19547);
#19547 = AXIS2_PLACEMENT_3D('',#19548,#19549,#19550);
#19548 = CARTESIAN_POINT('',(4.4704E+03,4.6228E+03,2.86385E+03));
#19549 = DIRECTION('',(0.,1.,0.));
#19550 = DIRECTION('',(0.,0.,1.));
#19551 = ADVANCED_FACE('',(#19552),#19558,.F.);
#19552 = FACE_BOUND('',#19553,.F.);
#19553 = EDGE_LOOP('',(#19554,#19555,#19556,#19557));
#19554 = ORIENTED_EDGE('',*,*,#19441,.F.);
#19555 = ORIENTED_EDGE('',*,*,#19511,.T.);
#19556 = ORIENTED_EDGE('',*,*,#19481,.T.);
#19557 = ORIENTED_EDGE('',*,*,#19533,.F.);
#19558 = PLANE('',#19559);
#19559 = AXIS2_PLACEMENT_3D('',#19560,#19561,#19562);
#19560 = CARTESIAN_POINT('',(4.4704E+03,1.84785E+03,2.86385E+03));
#19561 = DIRECTION('',(0.,0.,1.));
#19562 = DIRECTION('',(1.,0.,0.));
#19563 = ADVANCED_FACE('',(#19564),#19570,.T.);
#19564 = FACE_BOUND('',#19565,.T.);
#19565 = EDGE_LOOP('',(#19566,#19567,#19568,#19569));
#19566 = ORIENTED_EDGE('',*,*,#19457,.F.);
#19567 = ORIENTED_EDGE('',*,*,#19518,.T.);
#19568 = ORIENTED_EDGE('',*,*,#19497,.T.);
#19569 = ORIENTED_EDGE('',*,*,#19540,.F.);
#19570 = PLANE('',#19571);
#19571 = AXIS2_PLACEMENT_3D('',#19572,#19573,#19574);
#19572 = CARTESIAN_POINT('',(4.4704E+03,1.84785E+03,3.048E+03));
#19573 = DIRECTION('',(0.,0.,1.));
#19574 = DIRECTION('',(1.,0.,0.));
#19575 = MANIFOLD_SOLID_BREP('',#19576);
#19576 = CLOSED_SHELL('',(#19577,#19617,#19657,#19679,#19701,#19713));
#19577 = ADVANCED_FACE('',(#19578),#19612,.F.);
#19578 = FACE_BOUND('',#19579,.F.);
#19579 = EDGE_LOOP('',(#19580,#19590,#19598,#19606));
#19580 = ORIENTED_EDGE('',*,*,#19581,.F.);
#19581 = EDGE_CURVE('',#19582,#19584,#19586,.T.);
#19582 = VERTEX_POINT('',#19583);
#19583 = CARTESIAN_POINT('',(4.8768E+03,1.84785E+03,2.86385E+03));
#19584 = VERTEX_POINT('',#19585);
#19585 = CARTESIAN_POINT('',(4.8768E+03,1.84785E+03,3.048E+03));
#19586 = LINE('',#19587,#19588);
#19587 = CARTESIAN_POINT('',(4.8768E+03,1.84785E+03,2.86385E+03));
#19588 = VECTOR('',#19589,1.);
#19589 = DIRECTION('',(0.,0.,1.));
#19590 = ORIENTED_EDGE('',*,*,#19591,.T.);
#19591 = EDGE_CURVE('',#19582,#19592,#19594,.T.);
#19592 = VERTEX_POINT('',#19593);
#19593 = CARTESIAN_POINT('',(4.8768E+03,4.6228E+03,2.86385E+03));
#19594 = LINE('',#19595,#19596);
#19595 = CARTESIAN_POINT('',(4.8768E+03,1.84785E+03,2.86385E+03));
#19596 = VECTOR('',#19597,1.);
#19597 = DIRECTION('',(0.,1.,0.));
#19598 = ORIENTED_EDGE('',*,*,#19599,.T.);
#19599 = EDGE_CURVE('',#19592,#19600,#19602,.T.);
#19600 = VERTEX_POINT('',#19601);
#19601 = CARTESIAN_POINT('',(4.8768E+03,4.6228E+03,3.048E+03));
#19602 = LINE('',#19603,#19604);
#19603 = CARTESIAN_POINT('',(4.8768E+03,4.6228E+03,2.86385E+03));
#19604 = VECTOR('',#19605,1.);
#19605 = DIRECTION('',(0.,0.,1.));
#19606 = ORIENTED_EDGE('',*,*,#19607,.F.);
#19607 = EDGE_CURVE('',#19584,#19600,#19608,.T.);
#19608 = LINE('',#19609,#19610);
#19609 = CARTESIAN_POINT('',(4.8768E+03,1.84785E+03,3.048E+03));
#19610 = VECTOR('',#19611,1.);
#19611 = DIRECTION('',(0.,1.,0.));
#19612 = PLANE('',#19613);
#19613 = AXIS2_PLACEMENT_3D('',#19614,#19615,#19616);
#19614 = CARTESIAN_POINT('',(4.8768E+03,1.84785E+03,2.86385E+03));
#19615 = DIRECTION('',(1.,0.,0.));
#19616 = DIRECTION('',(0.,0.,1.));
#19617 = ADVANCED_FACE('',(#19618),#19652,.T.);
#19618 = FACE_BOUND('',#19619,.T.);
#19619 = EDGE_LOOP('',(#19620,#19630,#19638,#19646));
#19620 = ORIENTED_EDGE('',*,*,#19621,.F.);
#19621 = EDGE_CURVE('',#19622,#19624,#19626,.T.);
#19622 = VERTEX_POINT('',#19623);
#19623 = CARTESIAN_POINT('',(4.9149E+03,1.84785E+03,2.86385E+03));
#19624 = VERTEX_POINT('',#19625);
#19625 = CARTESIAN_POINT('',(4.9149E+03,1.84785E+03,3.048E+03));
#19626 = LINE('',#19627,#19628);
#19627 = CARTESIAN_POINT('',(4.9149E+03,1.84785E+03,2.86385E+03));
#19628 = VECTOR('',#19629,1.);
#19629 = DIRECTION('',(0.,0.,1.));
#19630 = ORIENTED_EDGE('',*,*,#19631,.T.);
#19631 = EDGE_CURVE('',#19622,#19632,#19634,.T.);
#19632 = VERTEX_POINT('',#19633);
#19633 = CARTESIAN_POINT('',(4.9149E+03,4.6228E+03,2.86385E+03));
#19634 = LINE('',#19635,#19636);
#19635 = CARTESIAN_POINT('',(4.9149E+03,1.84785E+03,2.86385E+03));
#19636 = VECTOR('',#19637,1.);
#19637 = DIRECTION('',(0.,1.,0.));
#19638 = ORIENTED_EDGE('',*,*,#19639,.T.);
#19639 = EDGE_CURVE('',#19632,#19640,#19642,.T.);
#19640 = VERTEX_POINT('',#19641);
#19641 = CARTESIAN_POINT('',(4.9149E+03,4.6228E+03,3.048E+03));
#19642 = LINE('',#19643,#19644);
#19643 = CARTESIAN_POINT('',(4.9149E+03,4.6228E+03,2.86385E+03));
#19644 = VECTOR('',#19645,1.);
#19645 = DIRECTION('',(0.,0.,1.));
#19646 = ORIENTED_EDGE('',*,*,#19647,.F.);
#19647 = EDGE_CURVE('',#19624,#19640,#19648,.T.);
#19648 = LINE('',#19649,#19650);
#19649 = CARTESIAN_POINT('',(4.9149E+03,1.84785E+03,3.048E+03));
#19650 = VECTOR('',#19651,1.);
#19651 = DIRECTION('',(0.,1.,0.));
#19652 = PLANE('',#19653);
#19653 = AXIS2_PLACEMENT_3D('',#19654,#19655,#19656);
#19654 = CARTESIAN_POINT('',(4.9149E+03,1.84785E+03,2.86385E+03));
#19655 = DIRECTION('',(1.,0.,0.));
#19656 = DIRECTION('',(0.,0.,1.));
#19657 = ADVANCED_FACE('',(#19658),#19674,.F.);
#19658 = FACE_BOUND('',#19659,.F.);
#19659 = EDGE_LOOP('',(#19660,#19666,#19667,#19673));
#19660 = ORIENTED_EDGE('',*,*,#19661,.F.);
#19661 = EDGE_CURVE('',#19582,#19622,#19662,.T.);
#19662 = LINE('',#19663,#19664);
#19663 = CARTESIAN_POINT('',(4.8768E+03,1.84785E+03,2.86385E+03));
#19664 = VECTOR('',#19665,1.);
#19665 = DIRECTION('',(1.,0.,0.));
#19666 = ORIENTED_EDGE('',*,*,#19581,.T.);
#19667 = ORIENTED_EDGE('',*,*,#19668,.T.);
#19668 = EDGE_CURVE('',#19584,#19624,#19669,.T.);
#19669 = LINE('',#19670,#19671);
#19670 = CARTESIAN_POINT('',(4.8768E+03,1.84785E+03,3.048E+03));
#19671 = VECTOR('',#19672,1.);
#19672 = DIRECTION('',(1.,0.,0.));
#19673 = ORIENTED_EDGE('',*,*,#19621,.F.);
#19674 = PLANE('',#19675);
#19675 = AXIS2_PLACEMENT_3D('',#19676,#19677,#19678);
#19676 = CARTESIAN_POINT('',(4.8768E+03,1.84785E+03,2.86385E+03));
#19677 = DIRECTION('',(0.,1.,0.));
#19678 = DIRECTION('',(0.,0.,1.));
#19679 = ADVANCED_FACE('',(#19680),#19696,.T.);
#19680 = FACE_BOUND('',#19681,.T.);
#19681 = EDGE_LOOP('',(#19682,#19688,#19689,#19695));
#19682 = ORIENTED_EDGE('',*,*,#19683,.F.);
#19683 = EDGE_CURVE('',#19592,#19632,#19684,.T.);
#19684 = LINE('',#19685,#19686);
#19685 = CARTESIAN_POINT('',(4.8768E+03,4.6228E+03,2.86385E+03));
#19686 = VECTOR('',#19687,1.);
#19687 = DIRECTION('',(1.,0.,0.));
#19688 = ORIENTED_EDGE('',*,*,#19599,.T.);
#19689 = ORIENTED_EDGE('',*,*,#19690,.T.);
#19690 = EDGE_CURVE('',#19600,#19640,#19691,.T.);
#19691 = LINE('',#19692,#19693);
#19692 = CARTESIAN_POINT('',(4.8768E+03,4.6228E+03,3.048E+03));
#19693 = VECTOR('',#19694,1.);
#19694 = DIRECTION('',(1.,0.,0.));
#19695 = ORIENTED_EDGE('',*,*,#19639,.F.);
#19696 = PLANE('',#19697);
#19697 = AXIS2_PLACEMENT_3D('',#19698,#19699,#19700);
#19698 = CARTESIAN_POINT('',(4.8768E+03,4.6228E+03,2.86385E+03));
#19699 = DIRECTION('',(0.,1.,0.));
#19700 = DIRECTION('',(0.,0.,1.));
#19701 = ADVANCED_FACE('',(#19702),#19708,.F.);
#19702 = FACE_BOUND('',#19703,.F.);
#19703 = EDGE_LOOP('',(#19704,#19705,#19706,#19707));
#19704 = ORIENTED_EDGE('',*,*,#19591,.F.);
#19705 = ORIENTED_EDGE('',*,*,#19661,.T.);
#19706 = ORIENTED_EDGE('',*,*,#19631,.T.);
#19707 = ORIENTED_EDGE('',*,*,#19683,.F.);
#19708 = PLANE('',#19709);
#19709 = AXIS2_PLACEMENT_3D('',#19710,#19711,#19712);
#19710 = CARTESIAN_POINT('',(4.8768E+03,1.84785E+03,2.86385E+03));
#19711 = DIRECTION('',(0.,0.,1.));
#19712 = DIRECTION('',(1.,0.,0.));
#19713 = ADVANCED_FACE('',(#19714),#19720,.T.);
#19714 = FACE_BOUND('',#19715,.T.);
#19715 = EDGE_LOOP('',(#19716,#19717,#19718,#19719));
#19716 = ORIENTED_EDGE('',*,*,#19607,.F.);
#19717 = ORIENTED_EDGE('',*,*,#19668,.T.);
#19718 = ORIENTED_EDGE('',*,*,#19647,.T.);
#19719 = ORIENTED_EDGE('',*,*,#19690,.F.);
#19720 = PLANE('',#19721);
#19721 = AXIS2_PLACEMENT_3D('',#19722,#19723,#19724);
#19722 = CARTESIAN_POINT('',(4.8768E+03,1.84785E+03,3.048E+03));
#19723 = DIRECTION('',(0.,0.,1.));
#19724 = DIRECTION('',(1.,0.,0.));
#19725 = MANIFOLD_SOLID_BREP('',#19726);
#19726 = CLOSED_SHELL('',(#19727,#19767,#19807,#19829,#19851,#19863));
#19727 = ADVANCED_FACE('',(#19728),#19762,.F.);
#19728 = FACE_BOUND('',#19729,.F.);
#19729 = EDGE_LOOP('',(#19730,#19740,#19748,#19756));
#19730 = ORIENTED_EDGE('',*,*,#19731,.F.);
#19731 = EDGE_CURVE('',#19732,#19734,#19736,.T.);
#19732 = VERTEX_POINT('',#19733);
#19733 = CARTESIAN_POINT('',(5.2832E+03,1.84785E+03,2.86385E+03));
#19734 = VERTEX_POINT('',#19735);
#19735 = CARTESIAN_POINT('',(5.2832E+03,1.84785E+03,3.048E+03));
#19736 = LINE('',#19737,#19738);
#19737 = CARTESIAN_POINT('',(5.2832E+03,1.84785E+03,2.86385E+03));
#19738 = VECTOR('',#19739,1.);
#19739 = DIRECTION('',(0.,0.,1.));
#19740 = ORIENTED_EDGE('',*,*,#19741,.T.);
#19741 = EDGE_CURVE('',#19732,#19742,#19744,.T.);
#19742 = VERTEX_POINT('',#19743);
#19743 = CARTESIAN_POINT('',(5.2832E+03,4.6228E+03,2.86385E+03));
#19744 = LINE('',#19745,#19746);
#19745 = CARTESIAN_POINT('',(5.2832E+03,1.84785E+03,2.86385E+03));
#19746 = VECTOR('',#19747,1.);
#19747 = DIRECTION('',(0.,1.,0.));
#19748 = ORIENTED_EDGE('',*,*,#19749,.T.);
#19749 = EDGE_CURVE('',#19742,#19750,#19752,.T.);
#19750 = VERTEX_POINT('',#19751);
#19751 = CARTESIAN_POINT('',(5.2832E+03,4.6228E+03,3.048E+03));
#19752 = LINE('',#19753,#19754);
#19753 = CARTESIAN_POINT('',(5.2832E+03,4.6228E+03,2.86385E+03));
#19754 = VECTOR('',#19755,1.);
#19755 = DIRECTION('',(0.,0.,1.));
#19756 = ORIENTED_EDGE('',*,*,#19757,.F.);
#19757 = EDGE_CURVE('',#19734,#19750,#19758,.T.);
#19758 = LINE('',#19759,#19760);
#19759 = CARTESIAN_POINT('',(5.2832E+03,1.84785E+03,3.048E+03));
#19760 = VECTOR('',#19761,1.);
#19761 = DIRECTION('',(0.,1.,0.));
#19762 = PLANE('',#19763);
#19763 = AXIS2_PLACEMENT_3D('',#19764,#19765,#19766);
#19764 = CARTESIAN_POINT('',(5.2832E+03,1.84785E+03,2.86385E+03));
#19765 = DIRECTION('',(1.,0.,0.));
#19766 = DIRECTION('',(0.,0.,1.));
#19767 = ADVANCED_FACE('',(#19768),#19802,.T.);
#19768 = FACE_BOUND('',#19769,.T.);
#19769 = EDGE_LOOP('',(#19770,#19780,#19788,#19796));
#19770 = ORIENTED_EDGE('',*,*,#19771,.F.);
#19771 = EDGE_CURVE('',#19772,#19774,#19776,.T.);
#19772 = VERTEX_POINT('',#19773);
#19773 = CARTESIAN_POINT('',(5.3213E+03,1.84785E+03,2.86385E+03));
#19774 = VERTEX_POINT('',#19775);
#19775 = CARTESIAN_POINT('',(5.3213E+03,1.84785E+03,3.048E+03));
#19776 = LINE('',#19777,#19778);
#19777 = CARTESIAN_POINT('',(5.3213E+03,1.84785E+03,2.86385E+03));
#19778 = VECTOR('',#19779,1.);
#19779 = DIRECTION('',(0.,0.,1.));
#19780 = ORIENTED_EDGE('',*,*,#19781,.T.);
#19781 = EDGE_CURVE('',#19772,#19782,#19784,.T.);
#19782 = VERTEX_POINT('',#19783);
#19783 = CARTESIAN_POINT('',(5.3213E+03,4.6228E+03,2.86385E+03));
#19784 = LINE('',#19785,#19786);
#19785 = CARTESIAN_POINT('',(5.3213E+03,1.84785E+03,2.86385E+03));
#19786 = VECTOR('',#19787,1.);
#19787 = DIRECTION('',(0.,1.,0.));
#19788 = ORIENTED_EDGE('',*,*,#19789,.T.);
#19789 = EDGE_CURVE('',#19782,#19790,#19792,.T.);
#19790 = VERTEX_POINT('',#19791);
#19791 = CARTESIAN_POINT('',(5.3213E+03,4.6228E+03,3.048E+03));
#19792 = LINE('',#19793,#19794);
#19793 = CARTESIAN_POINT('',(5.3213E+03,4.6228E+03,2.86385E+03));
#19794 = VECTOR('',#19795,1.);
#19795 = DIRECTION('',(0.,0.,1.));
#19796 = ORIENTED_EDGE('',*,*,#19797,.F.);
#19797 = EDGE_CURVE('',#19774,#19790,#19798,.T.);
#19798 = LINE('',#19799,#19800);
#19799 = CARTESIAN_POINT('',(5.3213E+03,1.84785E+03,3.048E+03));
#19800 = VECTOR('',#19801,1.);
#19801 = DIRECTION('',(0.,1.,0.));
#19802 = PLANE('',#19803);
#19803 = AXIS2_PLACEMENT_3D('',#19804,#19805,#19806);
#19804 = CARTESIAN_POINT('',(5.3213E+03,1.84785E+03,2.86385E+03));
#19805 = DIRECTION('',(1.,0.,0.));
#19806 = DIRECTION('',(0.,0.,1.));
#19807 = ADVANCED_FACE('',(#19808),#19824,.F.);
#19808 = FACE_BOUND('',#19809,.F.);
#19809 = EDGE_LOOP('',(#19810,#19816,#19817,#19823));
#19810 = ORIENTED_EDGE('',*,*,#19811,.F.);
#19811 = EDGE_CURVE('',#19732,#19772,#19812,.T.);
#19812 = LINE('',#19813,#19814);
#19813 = CARTESIAN_POINT('',(5.2832E+03,1.84785E+03,2.86385E+03));
#19814 = VECTOR('',#19815,1.);
#19815 = DIRECTION('',(1.,0.,0.));
#19816 = ORIENTED_EDGE('',*,*,#19731,.T.);
#19817 = ORIENTED_EDGE('',*,*,#19818,.T.);
#19818 = EDGE_CURVE('',#19734,#19774,#19819,.T.);
#19819 = LINE('',#19820,#19821);
#19820 = CARTESIAN_POINT('',(5.2832E+03,1.84785E+03,3.048E+03));
#19821 = VECTOR('',#19822,1.);
#19822 = DIRECTION('',(1.,0.,0.));
#19823 = ORIENTED_EDGE('',*,*,#19771,.F.);
#19824 = PLANE('',#19825);
#19825 = AXIS2_PLACEMENT_3D('',#19826,#19827,#19828);
#19826 = CARTESIAN_POINT('',(5.2832E+03,1.84785E+03,2.86385E+03));
#19827 = DIRECTION('',(0.,1.,0.));
#19828 = DIRECTION('',(0.,0.,1.));
#19829 = ADVANCED_FACE('',(#19830),#19846,.T.);
#19830 = FACE_BOUND('',#19831,.T.);
#19831 = EDGE_LOOP('',(#19832,#19838,#19839,#19845));
#19832 = ORIENTED_EDGE('',*,*,#19833,.F.);
#19833 = EDGE_CURVE('',#19742,#19782,#19834,.T.);
#19834 = LINE('',#19835,#19836);
#19835 = CARTESIAN_POINT('',(5.2832E+03,4.6228E+03,2.86385E+03));
#19836 = VECTOR('',#19837,1.);
#19837 = DIRECTION('',(1.,0.,0.));
#19838 = ORIENTED_EDGE('',*,*,#19749,.T.);
#19839 = ORIENTED_EDGE('',*,*,#19840,.T.);
#19840 = EDGE_CURVE('',#19750,#19790,#19841,.T.);
#19841 = LINE('',#19842,#19843);
#19842 = CARTESIAN_POINT('',(5.2832E+03,4.6228E+03,3.048E+03));
#19843 = VECTOR('',#19844,1.);
#19844 = DIRECTION('',(1.,0.,0.));
#19845 = ORIENTED_EDGE('',*,*,#19789,.F.);
#19846 = PLANE('',#19847);
#19847 = AXIS2_PLACEMENT_3D('',#19848,#19849,#19850);
#19848 = CARTESIAN_POINT('',(5.2832E+03,4.6228E+03,2.86385E+03));
#19849 = DIRECTION('',(0.,1.,0.));
#19850 = DIRECTION('',(0.,0.,1.));
#19851 = ADVANCED_FACE('',(#19852),#19858,.F.);
#19852 = FACE_BOUND('',#19853,.F.);
#19853 = EDGE_LOOP('',(#19854,#19855,#19856,#19857));
#19854 = ORIENTED_EDGE('',*,*,#19741,.F.);
#19855 = ORIENTED_EDGE('',*,*,#19811,.T.);
#19856 = ORIENTED_EDGE('',*,*,#19781,.T.);
#19857 = ORIENTED_EDGE('',*,*,#19833,.F.);
#19858 = PLANE('',#19859);
#19859 = AXIS2_PLACEMENT_3D('',#19860,#19861,#19862);
#19860 = CARTESIAN_POINT('',(5.2832E+03,1.84785E+03,2.86385E+03));
#19861 = DIRECTION('',(0.,0.,1.));
#19862 = DIRECTION('',(1.,0.,0.));
#19863 = ADVANCED_FACE('',(#19864),#19870,.T.);
#19864 = FACE_BOUND('',#19865,.T.);
#19865 = EDGE_LOOP('',(#19866,#19867,#19868,#19869));
#19866 = ORIENTED_EDGE('',*,*,#19757,.F.);
#19867 = ORIENTED_EDGE('',*,*,#19818,.T.);
#19868 = ORIENTED_EDGE('',*,*,#19797,.T.);
#19869 = ORIENTED_EDGE('',*,*,#19840,.F.);
#19870 = PLANE('',#19871);
#19871 = AXIS2_PLACEMENT_3D('',#19872,#19873,#19874);
#19872 = CARTESIAN_POINT('',(5.2832E+03,1.84785E+03,3.048E+03));
#19873 = DIRECTION('',(0.,0.,1.));
#19874 = DIRECTION('',(1.,0.,0.));
#19875 = MANIFOLD_SOLID_BREP('',#19876);
#19876 = CLOSED_SHELL('',(#19877,#19917,#19957,#19979,#20001,#20013));
#19877 = ADVANCED_FACE('',(#19878),#19912,.F.);
#19878 = FACE_BOUND('',#19879,.F.);
#19879 = EDGE_LOOP('',(#19880,#19890,#19898,#19906));
#19880 = ORIENTED_EDGE('',*,*,#19881,.F.);
#19881 = EDGE_CURVE('',#19882,#19884,#19886,.T.);
#19882 = VERTEX_POINT('',#19883);
#19883 = CARTESIAN_POINT('',(5.58165E+03,1.84785E+03,2.86385E+03));
#19884 = VERTEX_POINT('',#19885);
#19885 = CARTESIAN_POINT('',(5.58165E+03,1.84785E+03,3.048E+03));
#19886 = LINE('',#19887,#19888);
#19887 = CARTESIAN_POINT('',(5.58165E+03,1.84785E+03,2.86385E+03));
#19888 = VECTOR('',#19889,1.);
#19889 = DIRECTION('',(0.,0.,1.));
#19890 = ORIENTED_EDGE('',*,*,#19891,.T.);
#19891 = EDGE_CURVE('',#19882,#19892,#19894,.T.);
#19892 = VERTEX_POINT('',#19893);
#19893 = CARTESIAN_POINT('',(5.58165E+03,4.6228E+03,2.86385E+03));
#19894 = LINE('',#19895,#19896);
#19895 = CARTESIAN_POINT('',(5.58165E+03,1.84785E+03,2.86385E+03));
#19896 = VECTOR('',#19897,1.);
#19897 = DIRECTION('',(0.,1.,0.));
#19898 = ORIENTED_EDGE('',*,*,#19899,.T.);
#19899 = EDGE_CURVE('',#19892,#19900,#19902,.T.);
#19900 = VERTEX_POINT('',#19901);
#19901 = CARTESIAN_POINT('',(5.58165E+03,4.6228E+03,3.048E+03));
#19902 = LINE('',#19903,#19904);
#19903 = CARTESIAN_POINT('',(5.58165E+03,4.6228E+03,2.86385E+03));
#19904 = VECTOR('',#19905,1.);
#19905 = DIRECTION('',(0.,0.,1.));
#19906 = ORIENTED_EDGE('',*,*,#19907,.F.);
#19907 = EDGE_CURVE('',#19884,#19900,#19908,.T.);
#19908 = LINE('',#19909,#19910);
#19909 = CARTESIAN_POINT('',(5.58165E+03,1.84785E+03,3.048E+03));
#19910 = VECTOR('',#19911,1.);
#19911 = DIRECTION('',(0.,1.,0.));
#19912 = PLANE('',#19913);
#19913 = AXIS2_PLACEMENT_3D('',#19914,#19915,#19916);
#19914 = CARTESIAN_POINT('',(5.58165E+03,1.84785E+03,2.86385E+03));
#19915 = DIRECTION('',(1.,0.,0.));
#19916 = DIRECTION('',(0.,0.,1.));
#19917 = ADVANCED_FACE('',(#19918),#19952,.T.);
#19918 = FACE_BOUND('',#19919,.T.);
#19919 = EDGE_LOOP('',(#19920,#19930,#19938,#19946));
#19920 = ORIENTED_EDGE('',*,*,#19921,.F.);
#19921 = EDGE_CURVE('',#19922,#19924,#19926,.T.);
#19922 = VERTEX_POINT('',#19923);
#19923 = CARTESIAN_POINT('',(5.61975E+03,1.84785E+03,2.86385E+03));
#19924 = VERTEX_POINT('',#19925);
#19925 = CARTESIAN_POINT('',(5.61975E+03,1.84785E+03,3.048E+03));
#19926 = LINE('',#19927,#19928);
#19927 = CARTESIAN_POINT('',(5.61975E+03,1.84785E+03,2.86385E+03));
#19928 = VECTOR('',#19929,1.);
#19929 = DIRECTION('',(0.,0.,1.));
#19930 = ORIENTED_EDGE('',*,*,#19931,.T.);
#19931 = EDGE_CURVE('',#19922,#19932,#19934,.T.);
#19932 = VERTEX_POINT('',#19933);
#19933 = CARTESIAN_POINT('',(5.61975E+03,4.6228E+03,2.86385E+03));
#19934 = LINE('',#19935,#19936);
#19935 = CARTESIAN_POINT('',(5.61975E+03,1.84785E+03,2.86385E+03));
#19936 = VECTOR('',#19937,1.);
#19937 = DIRECTION('',(0.,1.,0.));
#19938 = ORIENTED_EDGE('',*,*,#19939,.T.);
#19939 = EDGE_CURVE('',#19932,#19940,#19942,.T.);
#19940 = VERTEX_POINT('',#19941);
#19941 = CARTESIAN_POINT('',(5.61975E+03,4.6228E+03,3.048E+03));
#19942 = LINE('',#19943,#19944);
#19943 = CARTESIAN_POINT('',(5.61975E+03,4.6228E+03,2.86385E+03));
#19944 = VECTOR('',#19945,1.);
#19945 = DIRECTION('',(0.,0.,1.));
#19946 = ORIENTED_EDGE('',*,*,#19947,.F.);
#19947 = EDGE_CURVE('',#19924,#19940,#19948,.T.);
#19948 = LINE('',#19949,#19950);
#19949 = CARTESIAN_POINT('',(5.61975E+03,1.84785E+03,3.048E+03));
#19950 = VECTOR('',#19951,1.);
#19951 = DIRECTION('',(0.,1.,0.));
#19952 = PLANE('',#19953);
#19953 = AXIS2_PLACEMENT_3D('',#19954,#19955,#19956);
#19954 = CARTESIAN_POINT('',(5.61975E+03,1.84785E+03,2.86385E+03));
#19955 = DIRECTION('',(1.,0.,0.));
#19956 = DIRECTION('',(0.,0.,1.));
#19957 = ADVANCED_FACE('',(#19958),#19974,.F.);
#19958 = FACE_BOUND('',#19959,.F.);
#19959 = EDGE_LOOP('',(#19960,#19966,#19967,#19973));
#19960 = ORIENTED_EDGE('',*,*,#19961,.F.);
#19961 = EDGE_CURVE('',#19882,#19922,#19962,.T.);
#19962 = LINE('',#19963,#19964);
#19963 = CARTESIAN_POINT('',(5.58165E+03,1.84785E+03,2.86385E+03));
#19964 = VECTOR('',#19965,1.);
#19965 = DIRECTION('',(1.,0.,0.));
#19966 = ORIENTED_EDGE('',*,*,#19881,.T.);
#19967 = ORIENTED_EDGE('',*,*,#19968,.T.);
#19968 = EDGE_CURVE('',#19884,#19924,#19969,.T.);
#19969 = LINE('',#19970,#19971);
#19970 = CARTESIAN_POINT('',(5.58165E+03,1.84785E+03,3.048E+03));
#19971 = VECTOR('',#19972,1.);
#19972 = DIRECTION('',(1.,0.,0.));
#19973 = ORIENTED_EDGE('',*,*,#19921,.F.);
#19974 = PLANE('',#19975);
#19975 = AXIS2_PLACEMENT_3D('',#19976,#19977,#19978);
#19976 = CARTESIAN_POINT('',(5.58165E+03,1.84785E+03,2.86385E+03));
#19977 = DIRECTION('',(0.,1.,0.));
#19978 = DIRECTION('',(0.,0.,1.));
#19979 = ADVANCED_FACE('',(#19980),#19996,.T.);
#19980 = FACE_BOUND('',#19981,.T.);
#19981 = EDGE_LOOP('',(#19982,#19988,#19989,#19995));
#19982 = ORIENTED_EDGE('',*,*,#19983,.F.);
#19983 = EDGE_CURVE('',#19892,#19932,#19984,.T.);
#19984 = LINE('',#19985,#19986);
#19985 = CARTESIAN_POINT('',(5.58165E+03,4.6228E+03,2.86385E+03));
#19986 = VECTOR('',#19987,1.);
#19987 = DIRECTION('',(1.,0.,0.));
#19988 = ORIENTED_EDGE('',*,*,#19899,.T.);
#19989 = ORIENTED_EDGE('',*,*,#19990,.T.);
#19990 = EDGE_CURVE('',#19900,#19940,#19991,.T.);
#19991 = LINE('',#19992,#19993);
#19992 = CARTESIAN_POINT('',(5.58165E+03,4.6228E+03,3.048E+03));
#19993 = VECTOR('',#19994,1.);
#19994 = DIRECTION('',(1.,0.,0.));
#19995 = ORIENTED_EDGE('',*,*,#19939,.F.);
#19996 = PLANE('',#19997);
#19997 = AXIS2_PLACEMENT_3D('',#19998,#19999,#20000);
#19998 = CARTESIAN_POINT('',(5.58165E+03,4.6228E+03,2.86385E+03));
#19999 = DIRECTION('',(0.,1.,0.));
#20000 = DIRECTION('',(0.,0.,1.));
#20001 = ADVANCED_FACE('',(#20002),#20008,.F.);
#20002 = FACE_BOUND('',#20003,.F.);
#20003 = EDGE_LOOP('',(#20004,#20005,#20006,#20007));
#20004 = ORIENTED_EDGE('',*,*,#19891,.F.);
#20005 = ORIENTED_EDGE('',*,*,#19961,.T.);
#20006 = ORIENTED_EDGE('',*,*,#19931,.T.);
#20007 = ORIENTED_EDGE('',*,*,#19983,.F.);
#20008 = PLANE('',#20009);
#20009 = AXIS2_PLACEMENT_3D('',#20010,#20011,#20012);
#20010 = CARTESIAN_POINT('',(5.58165E+03,1.84785E+03,2.86385E+03));
#20011 = DIRECTION('',(0.,0.,1.));
#20012 = DIRECTION('',(1.,0.,0.));
#20013 = ADVANCED_FACE('',(#20014),#20020,.T.);
#20014 = FACE_BOUND('',#20015,.T.);
#20015 = EDGE_LOOP('',(#20016,#20017,#20018,#20019));
#20016 = ORIENTED_EDGE('',*,*,#19907,.F.);
#20017 = ORIENTED_EDGE('',*,*,#19968,.T.);
#20018 = ORIENTED_EDGE('',*,*,#19947,.T.);
#20019 = ORIENTED_EDGE('',*,*,#19990,.F.);
#20020 = PLANE('',#20021);
#20021 = AXIS2_PLACEMENT_3D('',#20022,#20023,#20024);
#20022 = CARTESIAN_POINT('',(5.58165E+03,1.84785E+03,3.048E+03));
#20023 = DIRECTION('',(0.,0.,1.));
#20024 = DIRECTION('',(1.,0.,0.));
#20025 = MANIFOLD_SOLID_BREP('',#20026);
#20026 = CLOSED_SHELL('',(#20027,#20067,#20107,#20129,#20151,#20163));
#20027 = ADVANCED_FACE('',(#20028),#20062,.F.);
#20028 = FACE_BOUND('',#20029,.F.);
#20029 = EDGE_LOOP('',(#20030,#20040,#20048,#20056));
#20030 = ORIENTED_EDGE('',*,*,#20031,.F.);
#20031 = EDGE_CURVE('',#20032,#20034,#20036,.T.);
#20032 = VERTEX_POINT('',#20033);
#20033 = CARTESIAN_POINT('',(0.,4.7752E+03,2.86385E+03));
#20034 = VERTEX_POINT('',#20035);
#20035 = CARTESIAN_POINT('',(0.,4.7752E+03,3.048E+03));
#20036 = LINE('',#20037,#20038);
#20037 = CARTESIAN_POINT('',(0.,4.7752E+03,2.86385E+03));
#20038 = VECTOR('',#20039,1.);
#20039 = DIRECTION('',(0.,0.,1.));
#20040 = ORIENTED_EDGE('',*,*,#20041,.T.);
#20041 = EDGE_CURVE('',#20032,#20042,#20044,.T.);
#20042 = VERTEX_POINT('',#20043);
#20043 = CARTESIAN_POINT('',(0.,6.2484E+03,2.86385E+03));
#20044 = LINE('',#20045,#20046);
#20045 = CARTESIAN_POINT('',(0.,4.7752E+03,2.86385E+03));
#20046 = VECTOR('',#20047,1.);
#20047 = DIRECTION('',(0.,1.,0.));
#20048 = ORIENTED_EDGE('',*,*,#20049,.T.);
#20049 = EDGE_CURVE('',#20042,#20050,#20052,.T.);
#20050 = VERTEX_POINT('',#20051);
#20051 = CARTESIAN_POINT('',(0.,6.2484E+03,3.048E+03));
#20052 = LINE('',#20053,#20054);
#20053 = CARTESIAN_POINT('',(0.,6.2484E+03,2.86385E+03));
#20054 = VECTOR('',#20055,1.);
#20055 = DIRECTION('',(0.,0.,1.));
#20056 = ORIENTED_EDGE('',*,*,#20057,.F.);
#20057 = EDGE_CURVE('',#20034,#20050,#20058,.T.);
#20058 = LINE('',#20059,#20060);
#20059 = CARTESIAN_POINT('',(0.,4.7752E+03,3.048E+03));
#20060 = VECTOR('',#20061,1.);
#20061 = DIRECTION('',(0.,1.,0.));
#20062 = PLANE('',#20063);
#20063 = AXIS2_PLACEMENT_3D('',#20064,#20065,#20066);
#20064 = CARTESIAN_POINT('',(0.,4.7752E+03,2.86385E+03));
#20065 = DIRECTION('',(1.,0.,0.));
#20066 = DIRECTION('',(0.,0.,1.));
#20067 = ADVANCED_FACE('',(#20068),#20102,.T.);
#20068 = FACE_BOUND('',#20069,.T.);
#20069 = EDGE_LOOP('',(#20070,#20080,#20088,#20096));
#20070 = ORIENTED_EDGE('',*,*,#20071,.F.);
#20071 = EDGE_CURVE('',#20072,#20074,#20076,.T.);
#20072 = VERTEX_POINT('',#20073);
#20073 = CARTESIAN_POINT('',(38.1,4.7752E+03,2.86385E+03));
#20074 = VERTEX_POINT('',#20075);
#20075 = CARTESIAN_POINT('',(38.1,4.7752E+03,3.048E+03));
#20076 = LINE('',#20077,#20078);
#20077 = CARTESIAN_POINT('',(38.1,4.7752E+03,2.86385E+03));
#20078 = VECTOR('',#20079,1.);
#20079 = DIRECTION('',(0.,0.,1.));
#20080 = ORIENTED_EDGE('',*,*,#20081,.T.);
#20081 = EDGE_CURVE('',#20072,#20082,#20084,.T.);
#20082 = VERTEX_POINT('',#20083);
#20083 = CARTESIAN_POINT('',(38.1,6.2484E+03,2.86385E+03));
#20084 = LINE('',#20085,#20086);
#20085 = CARTESIAN_POINT('',(38.1,4.7752E+03,2.86385E+03));
#20086 = VECTOR('',#20087,1.);
#20087 = DIRECTION('',(0.,1.,0.));
#20088 = ORIENTED_EDGE('',*,*,#20089,.T.);
#20089 = EDGE_CURVE('',#20082,#20090,#20092,.T.);
#20090 = VERTEX_POINT('',#20091);
#20091 = CARTESIAN_POINT('',(38.1,6.2484E+03,3.048E+03));
#20092 = LINE('',#20093,#20094);
#20093 = CARTESIAN_POINT('',(38.1,6.2484E+03,2.86385E+03));
#20094 = VECTOR('',#20095,1.);
#20095 = DIRECTION('',(0.,0.,1.));
#20096 = ORIENTED_EDGE('',*,*,#20097,.F.);
#20097 = EDGE_CURVE('',#20074,#20090,#20098,.T.);
#20098 = LINE('',#20099,#20100);
#20099 = CARTESIAN_POINT('',(38.1,4.7752E+03,3.048E+03));
#20100 = VECTOR('',#20101,1.);
#20101 = DIRECTION('',(0.,1.,0.));
#20102 = PLANE('',#20103);
#20103 = AXIS2_PLACEMENT_3D('',#20104,#20105,#20106);
#20104 = CARTESIAN_POINT('',(38.1,4.7752E+03,2.86385E+03));
#20105 = DIRECTION('',(1.,0.,0.));
#20106 = DIRECTION('',(0.,0.,1.));
#20107 = ADVANCED_FACE('',(#20108),#20124,.F.);
#20108 = FACE_BOUND('',#20109,.F.);
#20109 = EDGE_LOOP('',(#20110,#20116,#20117,#20123));
#20110 = ORIENTED_EDGE('',*,*,#20111,.F.);
#20111 = EDGE_CURVE('',#20032,#20072,#20112,.T.);
#20112 = LINE('',#20113,#20114);
#20113 = CARTESIAN_POINT('',(0.,4.7752E+03,2.86385E+03));
#20114 = VECTOR('',#20115,1.);
#20115 = DIRECTION('',(1.,0.,0.));
#20116 = ORIENTED_EDGE('',*,*,#20031,.T.);
#20117 = ORIENTED_EDGE('',*,*,#20118,.T.);
#20118 = EDGE_CURVE('',#20034,#20074,#20119,.T.);
#20119 = LINE('',#20120,#20121);
#20120 = CARTESIAN_POINT('',(0.,4.7752E+03,3.048E+03));
#20121 = VECTOR('',#20122,1.);
#20122 = DIRECTION('',(1.,0.,0.));
#20123 = ORIENTED_EDGE('',*,*,#20071,.F.);
#20124 = PLANE('',#20125);
#20125 = AXIS2_PLACEMENT_3D('',#20126,#20127,#20128);
#20126 = CARTESIAN_POINT('',(0.,4.7752E+03,2.86385E+03));
#20127 = DIRECTION('',(0.,1.,0.));
#20128 = DIRECTION('',(0.,0.,1.));
#20129 = ADVANCED_FACE('',(#20130),#20146,.T.);
#20130 = FACE_BOUND('',#20131,.T.);
#20131 = EDGE_LOOP('',(#20132,#20138,#20139,#20145));
#20132 = ORIENTED_EDGE('',*,*,#20133,.F.);
#20133 = EDGE_CURVE('',#20042,#20082,#20134,.T.);
#20134 = LINE('',#20135,#20136);
#20135 = CARTESIAN_POINT('',(0.,6.2484E+03,2.86385E+03));
#20136 = VECTOR('',#20137,1.);
#20137 = DIRECTION('',(1.,0.,0.));
#20138 = ORIENTED_EDGE('',*,*,#20049,.T.);
#20139 = ORIENTED_EDGE('',*,*,#20140,.T.);
#20140 = EDGE_CURVE('',#20050,#20090,#20141,.T.);
#20141 = LINE('',#20142,#20143);
#20142 = CARTESIAN_POINT('',(0.,6.2484E+03,3.048E+03));
#20143 = VECTOR('',#20144,1.);
#20144 = DIRECTION('',(1.,0.,0.));
#20145 = ORIENTED_EDGE('',*,*,#20089,.F.);
#20146 = PLANE('',#20147);
#20147 = AXIS2_PLACEMENT_3D('',#20148,#20149,#20150);
#20148 = CARTESIAN_POINT('',(0.,6.2484E+03,2.86385E+03));
#20149 = DIRECTION('',(0.,1.,0.));
#20150 = DIRECTION('',(0.,0.,1.));
#20151 = ADVANCED_FACE('',(#20152),#20158,.F.);
#20152 = FACE_BOUND('',#20153,.F.);
#20153 = EDGE_LOOP('',(#20154,#20155,#20156,#20157));
#20154 = ORIENTED_EDGE('',*,*,#20041,.F.);
#20155 = ORIENTED_EDGE('',*,*,#20111,.T.);
#20156 = ORIENTED_EDGE('',*,*,#20081,.T.);
#20157 = ORIENTED_EDGE('',*,*,#20133,.F.);
#20158 = PLANE('',#20159);
#20159 = AXIS2_PLACEMENT_3D('',#20160,#20161,#20162);
#20160 = CARTESIAN_POINT('',(0.,4.7752E+03,2.86385E+03));
#20161 = DIRECTION('',(0.,0.,1.));
#20162 = DIRECTION('',(1.,0.,0.));
#20163 = ADVANCED_FACE('',(#20164),#20170,.T.);
#20164 = FACE_BOUND('',#20165,.T.);
#20165 = EDGE_LOOP('',(#20166,#20167,#20168,#20169));
#20166 = ORIENTED_EDGE('',*,*,#20057,.F.);
#20167 = ORIENTED_EDGE('',*,*,#20118,.T.);
#20168 = ORIENTED_EDGE('',*,*,#20097,.T.);
#20169 = ORIENTED_EDGE('',*,*,#20140,.F.);
#20170 = PLANE('',#20171);
#20171 = AXIS2_PLACEMENT_3D('',#20172,#20173,#20174);
#20172 = CARTESIAN_POINT('',(0.,4.7752E+03,3.048E+03));
#20173 = DIRECTION('',(0.,0.,1.));
#20174 = DIRECTION('',(1.,0.,0.));
#20175 = MANIFOLD_SOLID_BREP('',#20176);
#20176 = CLOSED_SHELL('',(#20177,#20217,#20257,#20279,#20301,#20313));
#20177 = ADVANCED_FACE('',(#20178),#20212,.F.);
#20178 = FACE_BOUND('',#20179,.F.);
#20179 = EDGE_LOOP('',(#20180,#20190,#20198,#20206));
#20180 = ORIENTED_EDGE('',*,*,#20181,.F.);
#20181 = EDGE_CURVE('',#20182,#20184,#20186,.T.);
#20182 = VERTEX_POINT('',#20183);
#20183 = CARTESIAN_POINT('',(406.4,4.7752E+03,2.86385E+03));
#20184 = VERTEX_POINT('',#20185);
#20185 = CARTESIAN_POINT('',(406.4,4.7752E+03,3.048E+03));
#20186 = LINE('',#20187,#20188);
#20187 = CARTESIAN_POINT('',(406.4,4.7752E+03,2.86385E+03));
#20188 = VECTOR('',#20189,1.);
#20189 = DIRECTION('',(0.,0.,1.));
#20190 = ORIENTED_EDGE('',*,*,#20191,.T.);
#20191 = EDGE_CURVE('',#20182,#20192,#20194,.T.);
#20192 = VERTEX_POINT('',#20193);
#20193 = CARTESIAN_POINT('',(406.4,6.2484E+03,2.86385E+03));
#20194 = LINE('',#20195,#20196);
#20195 = CARTESIAN_POINT('',(406.4,4.7752E+03,2.86385E+03));
#20196 = VECTOR('',#20197,1.);
#20197 = DIRECTION('',(0.,1.,0.));
#20198 = ORIENTED_EDGE('',*,*,#20199,.T.);
#20199 = EDGE_CURVE('',#20192,#20200,#20202,.T.);
#20200 = VERTEX_POINT('',#20201);
#20201 = CARTESIAN_POINT('',(406.4,6.2484E+03,3.048E+03));
#20202 = LINE('',#20203,#20204);
#20203 = CARTESIAN_POINT('',(406.4,6.2484E+03,2.86385E+03));
#20204 = VECTOR('',#20205,1.);
#20205 = DIRECTION('',(0.,0.,1.));
#20206 = ORIENTED_EDGE('',*,*,#20207,.F.);
#20207 = EDGE_CURVE('',#20184,#20200,#20208,.T.);
#20208 = LINE('',#20209,#20210);
#20209 = CARTESIAN_POINT('',(406.4,4.7752E+03,3.048E+03));
#20210 = VECTOR('',#20211,1.);
#20211 = DIRECTION('',(0.,1.,0.));
#20212 = PLANE('',#20213);
#20213 = AXIS2_PLACEMENT_3D('',#20214,#20215,#20216);
#20214 = CARTESIAN_POINT('',(406.4,4.7752E+03,2.86385E+03));
#20215 = DIRECTION('',(1.,0.,0.));
#20216 = DIRECTION('',(0.,0.,1.));
#20217 = ADVANCED_FACE('',(#20218),#20252,.T.);
#20218 = FACE_BOUND('',#20219,.T.);
#20219 = EDGE_LOOP('',(#20220,#20230,#20238,#20246));
#20220 = ORIENTED_EDGE('',*,*,#20221,.F.);
#20221 = EDGE_CURVE('',#20222,#20224,#20226,.T.);
#20222 = VERTEX_POINT('',#20223);
#20223 = CARTESIAN_POINT('',(444.5,4.7752E+03,2.86385E+03));
#20224 = VERTEX_POINT('',#20225);
#20225 = CARTESIAN_POINT('',(444.5,4.7752E+03,3.048E+03));
#20226 = LINE('',#20227,#20228);
#20227 = CARTESIAN_POINT('',(444.5,4.7752E+03,2.86385E+03));
#20228 = VECTOR('',#20229,1.);
#20229 = DIRECTION('',(0.,0.,1.));
#20230 = ORIENTED_EDGE('',*,*,#20231,.T.);
#20231 = EDGE_CURVE('',#20222,#20232,#20234,.T.);
#20232 = VERTEX_POINT('',#20233);
#20233 = CARTESIAN_POINT('',(444.5,6.2484E+03,2.86385E+03));
#20234 = LINE('',#20235,#20236);
#20235 = CARTESIAN_POINT('',(444.5,4.7752E+03,2.86385E+03));
#20236 = VECTOR('',#20237,1.);
#20237 = DIRECTION('',(0.,1.,0.));
#20238 = ORIENTED_EDGE('',*,*,#20239,.T.);
#20239 = EDGE_CURVE('',#20232,#20240,#20242,.T.);
#20240 = VERTEX_POINT('',#20241);
#20241 = CARTESIAN_POINT('',(444.5,6.2484E+03,3.048E+03));
#20242 = LINE('',#20243,#20244);
#20243 = CARTESIAN_POINT('',(444.5,6.2484E+03,2.86385E+03));
#20244 = VECTOR('',#20245,1.);
#20245 = DIRECTION('',(0.,0.,1.));
#20246 = ORIENTED_EDGE('',*,*,#20247,.F.);
#20247 = EDGE_CURVE('',#20224,#20240,#20248,.T.);
#20248 = LINE('',#20249,#20250);
#20249 = CARTESIAN_POINT('',(444.5,4.7752E+03,3.048E+03));
#20250 = VECTOR('',#20251,1.);
#20251 = DIRECTION('',(0.,1.,0.));
#20252 = PLANE('',#20253);
#20253 = AXIS2_PLACEMENT_3D('',#20254,#20255,#20256);
#20254 = CARTESIAN_POINT('',(444.5,4.7752E+03,2.86385E+03));
#20255 = DIRECTION('',(1.,0.,0.));
#20256 = DIRECTION('',(0.,0.,1.));
#20257 = ADVANCED_FACE('',(#20258),#20274,.F.);
#20258 = FACE_BOUND('',#20259,.F.);
#20259 = EDGE_LOOP('',(#20260,#20266,#20267,#20273));
#20260 = ORIENTED_EDGE('',*,*,#20261,.F.);
#20261 = EDGE_CURVE('',#20182,#20222,#20262,.T.);
#20262 = LINE('',#20263,#20264);
#20263 = CARTESIAN_POINT('',(406.4,4.7752E+03,2.86385E+03));
#20264 = VECTOR('',#20265,1.);
#20265 = DIRECTION('',(1.,0.,0.));
#20266 = ORIENTED_EDGE('',*,*,#20181,.T.);
#20267 = ORIENTED_EDGE('',*,*,#20268,.T.);
#20268 = EDGE_CURVE('',#20184,#20224,#20269,.T.);
#20269 = LINE('',#20270,#20271);
#20270 = CARTESIAN_POINT('',(406.4,4.7752E+03,3.048E+03));
#20271 = VECTOR('',#20272,1.);
#20272 = DIRECTION('',(1.,0.,0.));
#20273 = ORIENTED_EDGE('',*,*,#20221,.F.);
#20274 = PLANE('',#20275);
#20275 = AXIS2_PLACEMENT_3D('',#20276,#20277,#20278);
#20276 = CARTESIAN_POINT('',(406.4,4.7752E+03,2.86385E+03));
#20277 = DIRECTION('',(0.,1.,0.));
#20278 = DIRECTION('',(0.,0.,1.));
#20279 = ADVANCED_FACE('',(#20280),#20296,.T.);
#20280 = FACE_BOUND('',#20281,.T.);
#20281 = EDGE_LOOP('',(#20282,#20288,#20289,#20295));
#20282 = ORIENTED_EDGE('',*,*,#20283,.F.);
#20283 = EDGE_CURVE('',#20192,#20232,#20284,.T.);
#20284 = LINE('',#20285,#20286);
#20285 = CARTESIAN_POINT('',(406.4,6.2484E+03,2.86385E+03));
#20286 = VECTOR('',#20287,1.);
#20287 = DIRECTION('',(1.,0.,0.));
#20288 = ORIENTED_EDGE('',*,*,#20199,.T.);
#20289 = ORIENTED_EDGE('',*,*,#20290,.T.);
#20290 = EDGE_CURVE('',#20200,#20240,#20291,.T.);
#20291 = LINE('',#20292,#20293);
#20292 = CARTESIAN_POINT('',(406.4,6.2484E+03,3.048E+03));
#20293 = VECTOR('',#20294,1.);
#20294 = DIRECTION('',(1.,0.,0.));
#20295 = ORIENTED_EDGE('',*,*,#20239,.F.);
#20296 = PLANE('',#20297);
#20297 = AXIS2_PLACEMENT_3D('',#20298,#20299,#20300);
#20298 = CARTESIAN_POINT('',(406.4,6.2484E+03,2.86385E+03));
#20299 = DIRECTION('',(0.,1.,0.));
#20300 = DIRECTION('',(0.,0.,1.));
#20301 = ADVANCED_FACE('',(#20302),#20308,.F.);
#20302 = FACE_BOUND('',#20303,.F.);
#20303 = EDGE_LOOP('',(#20304,#20305,#20306,#20307));
#20304 = ORIENTED_EDGE('',*,*,#20191,.F.);
#20305 = ORIENTED_EDGE('',*,*,#20261,.T.);
#20306 = ORIENTED_EDGE('',*,*,#20231,.T.);
#20307 = ORIENTED_EDGE('',*,*,#20283,.F.);
#20308 = PLANE('',#20309);
#20309 = AXIS2_PLACEMENT_3D('',#20310,#20311,#20312);
#20310 = CARTESIAN_POINT('',(406.4,4.7752E+03,2.86385E+03));
#20311 = DIRECTION('',(0.,0.,1.));
#20312 = DIRECTION('',(1.,0.,0.));
#20313 = ADVANCED_FACE('',(#20314),#20320,.T.);
#20314 = FACE_BOUND('',#20315,.T.);
#20315 = EDGE_LOOP('',(#20316,#20317,#20318,#20319));
#20316 = ORIENTED_EDGE('',*,*,#20207,.F.);
#20317 = ORIENTED_EDGE('',*,*,#20268,.T.);
#20318 = ORIENTED_EDGE('',*,*,#20247,.T.);
#20319 = ORIENTED_EDGE('',*,*,#20290,.F.);
#20320 = PLANE('',#20321);
#20321 = AXIS2_PLACEMENT_3D('',#20322,#20323,#20324);
#20322 = CARTESIAN_POINT('',(406.4,4.7752E+03,3.048E+03));
#20323 = DIRECTION('',(0.,0.,1.));
#20324 = DIRECTION('',(1.,0.,0.));
#20325 = MANIFOLD_SOLID_BREP('',#20326);
#20326 = CLOSED_SHELL('',(#20327,#20367,#20407,#20429,#20451,#20463));
#20327 = ADVANCED_FACE('',(#20328),#20362,.F.);
#20328 = FACE_BOUND('',#20329,.F.);
#20329 = EDGE_LOOP('',(#20330,#20340,#20348,#20356));
#20330 = ORIENTED_EDGE('',*,*,#20331,.F.);
#20331 = EDGE_CURVE('',#20332,#20334,#20336,.T.);
#20332 = VERTEX_POINT('',#20333);
#20333 = CARTESIAN_POINT('',(812.8,4.7752E+03,2.86385E+03));
#20334 = VERTEX_POINT('',#20335);
#20335 = CARTESIAN_POINT('',(812.8,4.7752E+03,3.048E+03));
#20336 = LINE('',#20337,#20338);
#20337 = CARTESIAN_POINT('',(812.8,4.7752E+03,2.86385E+03));
#20338 = VECTOR('',#20339,1.);
#20339 = DIRECTION('',(0.,0.,1.));
#20340 = ORIENTED_EDGE('',*,*,#20341,.T.);
#20341 = EDGE_CURVE('',#20332,#20342,#20344,.T.);
#20342 = VERTEX_POINT('',#20343);
#20343 = CARTESIAN_POINT('',(812.8,6.2484E+03,2.86385E+03));
#20344 = LINE('',#20345,#20346);
#20345 = CARTESIAN_POINT('',(812.8,4.7752E+03,2.86385E+03));
#20346 = VECTOR('',#20347,1.);
#20347 = DIRECTION('',(0.,1.,0.));
#20348 = ORIENTED_EDGE('',*,*,#20349,.T.);
#20349 = EDGE_CURVE('',#20342,#20350,#20352,.T.);
#20350 = VERTEX_POINT('',#20351);
#20351 = CARTESIAN_POINT('',(812.8,6.2484E+03,3.048E+03));
#20352 = LINE('',#20353,#20354);
#20353 = CARTESIAN_POINT('',(812.8,6.2484E+03,2.86385E+03));
#20354 = VECTOR('',#20355,1.);
#20355 = DIRECTION('',(0.,0.,1.));
#20356 = ORIENTED_EDGE('',*,*,#20357,.F.);
#20357 = EDGE_CURVE('',#20334,#20350,#20358,.T.);
#20358 = LINE('',#20359,#20360);
#20359 = CARTESIAN_POINT('',(812.8,4.7752E+03,3.048E+03));
#20360 = VECTOR('',#20361,1.);
#20361 = DIRECTION('',(0.,1.,0.));
#20362 = PLANE('',#20363);
#20363 = AXIS2_PLACEMENT_3D('',#20364,#20365,#20366);
#20364 = CARTESIAN_POINT('',(812.8,4.7752E+03,2.86385E+03));
#20365 = DIRECTION('',(1.,0.,0.));
#20366 = DIRECTION('',(0.,0.,1.));
#20367 = ADVANCED_FACE('',(#20368),#20402,.T.);
#20368 = FACE_BOUND('',#20369,.T.);
#20369 = EDGE_LOOP('',(#20370,#20380,#20388,#20396));
#20370 = ORIENTED_EDGE('',*,*,#20371,.F.);
#20371 = EDGE_CURVE('',#20372,#20374,#20376,.T.);
#20372 = VERTEX_POINT('',#20373);
#20373 = CARTESIAN_POINT('',(850.9,4.7752E+03,2.86385E+03));
#20374 = VERTEX_POINT('',#20375);
#20375 = CARTESIAN_POINT('',(850.9,4.7752E+03,3.048E+03));
#20376 = LINE('',#20377,#20378);
#20377 = CARTESIAN_POINT('',(850.9,4.7752E+03,2.86385E+03));
#20378 = VECTOR('',#20379,1.);
#20379 = DIRECTION('',(0.,0.,1.));
#20380 = ORIENTED_EDGE('',*,*,#20381,.T.);
#20381 = EDGE_CURVE('',#20372,#20382,#20384,.T.);
#20382 = VERTEX_POINT('',#20383);
#20383 = CARTESIAN_POINT('',(850.9,6.2484E+03,2.86385E+03));
#20384 = LINE('',#20385,#20386);
#20385 = CARTESIAN_POINT('',(850.9,4.7752E+03,2.86385E+03));
#20386 = VECTOR('',#20387,1.);
#20387 = DIRECTION('',(0.,1.,0.));
#20388 = ORIENTED_EDGE('',*,*,#20389,.T.);
#20389 = EDGE_CURVE('',#20382,#20390,#20392,.T.);
#20390 = VERTEX_POINT('',#20391);
#20391 = CARTESIAN_POINT('',(850.9,6.2484E+03,3.048E+03));
#20392 = LINE('',#20393,#20394);
#20393 = CARTESIAN_POINT('',(850.9,6.2484E+03,2.86385E+03));
#20394 = VECTOR('',#20395,1.);
#20395 = DIRECTION('',(0.,0.,1.));
#20396 = ORIENTED_EDGE('',*,*,#20397,.F.);
#20397 = EDGE_CURVE('',#20374,#20390,#20398,.T.);
#20398 = LINE('',#20399,#20400);
#20399 = CARTESIAN_POINT('',(850.9,4.7752E+03,3.048E+03));
#20400 = VECTOR('',#20401,1.);
#20401 = DIRECTION('',(0.,1.,0.));
#20402 = PLANE('',#20403);
#20403 = AXIS2_PLACEMENT_3D('',#20404,#20405,#20406);
#20404 = CARTESIAN_POINT('',(850.9,4.7752E+03,2.86385E+03));
#20405 = DIRECTION('',(1.,0.,0.));
#20406 = DIRECTION('',(0.,0.,1.));
#20407 = ADVANCED_FACE('',(#20408),#20424,.F.);
#20408 = FACE_BOUND('',#20409,.F.);
#20409 = EDGE_LOOP('',(#20410,#20416,#20417,#20423));
#20410 = ORIENTED_EDGE('',*,*,#20411,.F.);
#20411 = EDGE_CURVE('',#20332,#20372,#20412,.T.);
#20412 = LINE('',#20413,#20414);
#20413 = CARTESIAN_POINT('',(812.8,4.7752E+03,2.86385E+03));
#20414 = VECTOR('',#20415,1.);
#20415 = DIRECTION('',(1.,0.,0.));
#20416 = ORIENTED_EDGE('',*,*,#20331,.T.);
#20417 = ORIENTED_EDGE('',*,*,#20418,.T.);
#20418 = EDGE_CURVE('',#20334,#20374,#20419,.T.);
#20419 = LINE('',#20420,#20421);
#20420 = CARTESIAN_POINT('',(812.8,4.7752E+03,3.048E+03));
#20421 = VECTOR('',#20422,1.);
#20422 = DIRECTION('',(1.,0.,0.));
#20423 = ORIENTED_EDGE('',*,*,#20371,.F.);
#20424 = PLANE('',#20425);
#20425 = AXIS2_PLACEMENT_3D('',#20426,#20427,#20428);
#20426 = CARTESIAN_POINT('',(812.8,4.7752E+03,2.86385E+03));
#20427 = DIRECTION('',(0.,1.,0.));
#20428 = DIRECTION('',(0.,0.,1.));
#20429 = ADVANCED_FACE('',(#20430),#20446,.T.);
#20430 = FACE_BOUND('',#20431,.T.);
#20431 = EDGE_LOOP('',(#20432,#20438,#20439,#20445));
#20432 = ORIENTED_EDGE('',*,*,#20433,.F.);
#20433 = EDGE_CURVE('',#20342,#20382,#20434,.T.);
#20434 = LINE('',#20435,#20436);
#20435 = CARTESIAN_POINT('',(812.8,6.2484E+03,2.86385E+03));
#20436 = VECTOR('',#20437,1.);
#20437 = DIRECTION('',(1.,0.,0.));
#20438 = ORIENTED_EDGE('',*,*,#20349,.T.);
#20439 = ORIENTED_EDGE('',*,*,#20440,.T.);
#20440 = EDGE_CURVE('',#20350,#20390,#20441,.T.);
#20441 = LINE('',#20442,#20443);
#20442 = CARTESIAN_POINT('',(812.8,6.2484E+03,3.048E+03));
#20443 = VECTOR('',#20444,1.);
#20444 = DIRECTION('',(1.,0.,0.));
#20445 = ORIENTED_EDGE('',*,*,#20389,.F.);
#20446 = PLANE('',#20447);
#20447 = AXIS2_PLACEMENT_3D('',#20448,#20449,#20450);
#20448 = CARTESIAN_POINT('',(812.8,6.2484E+03,2.86385E+03));
#20449 = DIRECTION('',(0.,1.,0.));
#20450 = DIRECTION('',(0.,0.,1.));
#20451 = ADVANCED_FACE('',(#20452),#20458,.F.);
#20452 = FACE_BOUND('',#20453,.F.);
#20453 = EDGE_LOOP('',(#20454,#20455,#20456,#20457));
#20454 = ORIENTED_EDGE('',*,*,#20341,.F.);
#20455 = ORIENTED_EDGE('',*,*,#20411,.T.);
#20456 = ORIENTED_EDGE('',*,*,#20381,.T.);
#20457 = ORIENTED_EDGE('',*,*,#20433,.F.);
#20458 = PLANE('',#20459);
#20459 = AXIS2_PLACEMENT_3D('',#20460,#20461,#20462);
#20460 = CARTESIAN_POINT('',(812.8,4.7752E+03,2.86385E+03));
#20461 = DIRECTION('',(0.,0.,1.));
#20462 = DIRECTION('',(1.,0.,0.));
#20463 = ADVANCED_FACE('',(#20464),#20470,.T.);
#20464 = FACE_BOUND('',#20465,.T.);
#20465 = EDGE_LOOP('',(#20466,#20467,#20468,#20469));
#20466 = ORIENTED_EDGE('',*,*,#20357,.F.);
#20467 = ORIENTED_EDGE('',*,*,#20418,.T.);
#20468 = ORIENTED_EDGE('',*,*,#20397,.T.);
#20469 = ORIENTED_EDGE('',*,*,#20440,.F.);
#20470 = PLANE('',#20471);
#20471 = AXIS2_PLACEMENT_3D('',#20472,#20473,#20474);
#20472 = CARTESIAN_POINT('',(812.8,4.7752E+03,3.048E+03));
#20473 = DIRECTION('',(0.,0.,1.));
#20474 = DIRECTION('',(1.,0.,0.));
#20475 = MANIFOLD_SOLID_BREP('',#20476);
#20476 = CLOSED_SHELL('',(#20477,#20517,#20557,#20579,#20601,#20613));
#20477 = ADVANCED_FACE('',(#20478),#20512,.F.);
#20478 = FACE_BOUND('',#20479,.F.);
#20479 = EDGE_LOOP('',(#20480,#20490,#20498,#20506));
#20480 = ORIENTED_EDGE('',*,*,#20481,.F.);
#20481 = EDGE_CURVE('',#20482,#20484,#20486,.T.);
#20482 = VERTEX_POINT('',#20483);
#20483 = CARTESIAN_POINT('',(1.2192E+03,4.7752E+03,2.86385E+03));
#20484 = VERTEX_POINT('',#20485);
#20485 = CARTESIAN_POINT('',(1.2192E+03,4.7752E+03,3.048E+03));
#20486 = LINE('',#20487,#20488);
#20487 = CARTESIAN_POINT('',(1.2192E+03,4.7752E+03,2.86385E+03));
#20488 = VECTOR('',#20489,1.);
#20489 = DIRECTION('',(0.,0.,1.));
#20490 = ORIENTED_EDGE('',*,*,#20491,.T.);
#20491 = EDGE_CURVE('',#20482,#20492,#20494,.T.);
#20492 = VERTEX_POINT('',#20493);
#20493 = CARTESIAN_POINT('',(1.2192E+03,6.2484E+03,2.86385E+03));
#20494 = LINE('',#20495,#20496);
#20495 = CARTESIAN_POINT('',(1.2192E+03,4.7752E+03,2.86385E+03));
#20496 = VECTOR('',#20497,1.);
#20497 = DIRECTION('',(0.,1.,0.));
#20498 = ORIENTED_EDGE('',*,*,#20499,.T.);
#20499 = EDGE_CURVE('',#20492,#20500,#20502,.T.);
#20500 = VERTEX_POINT('',#20501);
#20501 = CARTESIAN_POINT('',(1.2192E+03,6.2484E+03,3.048E+03));
#20502 = LINE('',#20503,#20504);
#20503 = CARTESIAN_POINT('',(1.2192E+03,6.2484E+03,2.86385E+03));
#20504 = VECTOR('',#20505,1.);
#20505 = DIRECTION('',(0.,0.,1.));
#20506 = ORIENTED_EDGE('',*,*,#20507,.F.);
#20507 = EDGE_CURVE('',#20484,#20500,#20508,.T.);
#20508 = LINE('',#20509,#20510);
#20509 = CARTESIAN_POINT('',(1.2192E+03,4.7752E+03,3.048E+03));
#20510 = VECTOR('',#20511,1.);
#20511 = DIRECTION('',(0.,1.,0.));
#20512 = PLANE('',#20513);
#20513 = AXIS2_PLACEMENT_3D('',#20514,#20515,#20516);
#20514 = CARTESIAN_POINT('',(1.2192E+03,4.7752E+03,2.86385E+03));
#20515 = DIRECTION('',(1.,0.,0.));
#20516 = DIRECTION('',(0.,0.,1.));
#20517 = ADVANCED_FACE('',(#20518),#20552,.T.);
#20518 = FACE_BOUND('',#20519,.T.);
#20519 = EDGE_LOOP('',(#20520,#20530,#20538,#20546));
#20520 = ORIENTED_EDGE('',*,*,#20521,.F.);
#20521 = EDGE_CURVE('',#20522,#20524,#20526,.T.);
#20522 = VERTEX_POINT('',#20523);
#20523 = CARTESIAN_POINT('',(1.2573E+03,4.7752E+03,2.86385E+03));
#20524 = VERTEX_POINT('',#20525);
#20525 = CARTESIAN_POINT('',(1.2573E+03,4.7752E+03,3.048E+03));
#20526 = LINE('',#20527,#20528);
#20527 = CARTESIAN_POINT('',(1.2573E+03,4.7752E+03,2.86385E+03));
#20528 = VECTOR('',#20529,1.);
#20529 = DIRECTION('',(0.,0.,1.));
#20530 = ORIENTED_EDGE('',*,*,#20531,.T.);
#20531 = EDGE_CURVE('',#20522,#20532,#20534,.T.);
#20532 = VERTEX_POINT('',#20533);
#20533 = CARTESIAN_POINT('',(1.2573E+03,6.2484E+03,2.86385E+03));
#20534 = LINE('',#20535,#20536);
#20535 = CARTESIAN_POINT('',(1.2573E+03,4.7752E+03,2.86385E+03));
#20536 = VECTOR('',#20537,1.);
#20537 = DIRECTION('',(0.,1.,0.));
#20538 = ORIENTED_EDGE('',*,*,#20539,.T.);
#20539 = EDGE_CURVE('',#20532,#20540,#20542,.T.);
#20540 = VERTEX_POINT('',#20541);
#20541 = CARTESIAN_POINT('',(1.2573E+03,6.2484E+03,3.048E+03));
#20542 = LINE('',#20543,#20544);
#20543 = CARTESIAN_POINT('',(1.2573E+03,6.2484E+03,2.86385E+03));
#20544 = VECTOR('',#20545,1.);
#20545 = DIRECTION('',(0.,0.,1.));
#20546 = ORIENTED_EDGE('',*,*,#20547,.F.);
#20547 = EDGE_CURVE('',#20524,#20540,#20548,.T.);
#20548 = LINE('',#20549,#20550);
#20549 = CARTESIAN_POINT('',(1.2573E+03,4.7752E+03,3.048E+03));
#20550 = VECTOR('',#20551,1.);
#20551 = DIRECTION('',(0.,1.,0.));
#20552 = PLANE('',#20553);
#20553 = AXIS2_PLACEMENT_3D('',#20554,#20555,#20556);
#20554 = CARTESIAN_POINT('',(1.2573E+03,4.7752E+03,2.86385E+03));
#20555 = DIRECTION('',(1.,0.,0.));
#20556 = DIRECTION('',(0.,0.,1.));
#20557 = ADVANCED_FACE('',(#20558),#20574,.F.);
#20558 = FACE_BOUND('',#20559,.F.);
#20559 = EDGE_LOOP('',(#20560,#20566,#20567,#20573));
#20560 = ORIENTED_EDGE('',*,*,#20561,.F.);
#20561 = EDGE_CURVE('',#20482,#20522,#20562,.T.);
#20562 = LINE('',#20563,#20564);
#20563 = CARTESIAN_POINT('',(1.2192E+03,4.7752E+03,2.86385E+03));
#20564 = VECTOR('',#20565,1.);
#20565 = DIRECTION('',(1.,0.,0.));
#20566 = ORIENTED_EDGE('',*,*,#20481,.T.);
#20567 = ORIENTED_EDGE('',*,*,#20568,.T.);
#20568 = EDGE_CURVE('',#20484,#20524,#20569,.T.);
#20569 = LINE('',#20570,#20571);
#20570 = CARTESIAN_POINT('',(1.2192E+03,4.7752E+03,3.048E+03));
#20571 = VECTOR('',#20572,1.);
#20572 = DIRECTION('',(1.,0.,0.));
#20573 = ORIENTED_EDGE('',*,*,#20521,.F.);
#20574 = PLANE('',#20575);
#20575 = AXIS2_PLACEMENT_3D('',#20576,#20577,#20578);
#20576 = CARTESIAN_POINT('',(1.2192E+03,4.7752E+03,2.86385E+03));
#20577 = DIRECTION('',(0.,1.,0.));
#20578 = DIRECTION('',(0.,0.,1.));
#20579 = ADVANCED_FACE('',(#20580),#20596,.T.);
#20580 = FACE_BOUND('',#20581,.T.);
#20581 = EDGE_LOOP('',(#20582,#20588,#20589,#20595));
#20582 = ORIENTED_EDGE('',*,*,#20583,.F.);
#20583 = EDGE_CURVE('',#20492,#20532,#20584,.T.);
#20584 = LINE('',#20585,#20586);
#20585 = CARTESIAN_POINT('',(1.2192E+03,6.2484E+03,2.86385E+03));
#20586 = VECTOR('',#20587,1.);
#20587 = DIRECTION('',(1.,0.,0.));
#20588 = ORIENTED_EDGE('',*,*,#20499,.T.);
#20589 = ORIENTED_EDGE('',*,*,#20590,.T.);
#20590 = EDGE_CURVE('',#20500,#20540,#20591,.T.);
#20591 = LINE('',#20592,#20593);
#20592 = CARTESIAN_POINT('',(1.2192E+03,6.2484E+03,3.048E+03));
#20593 = VECTOR('',#20594,1.);
#20594 = DIRECTION('',(1.,0.,0.));
#20595 = ORIENTED_EDGE('',*,*,#20539,.F.);
#20596 = PLANE('',#20597);
#20597 = AXIS2_PLACEMENT_3D('',#20598,#20599,#20600);
#20598 = CARTESIAN_POINT('',(1.2192E+03,6.2484E+03,2.86385E+03));
#20599 = DIRECTION('',(0.,1.,0.));
#20600 = DIRECTION('',(0.,0.,1.));
#20601 = ADVANCED_FACE('',(#20602),#20608,.F.);
#20602 = FACE_BOUND('',#20603,.F.);
#20603 = EDGE_LOOP('',(#20604,#20605,#20606,#20607));
#20604 = ORIENTED_EDGE('',*,*,#20491,.F.);
#20605 = ORIENTED_EDGE('',*,*,#20561,.T.);
#20606 = ORIENTED_EDGE('',*,*,#20531,.T.);
#20607 = ORIENTED_EDGE('',*,*,#20583,.F.);
#20608 = PLANE('',#20609);
#20609 = AXIS2_PLACEMENT_3D('',#20610,#20611,#20612);
#20610 = CARTESIAN_POINT('',(1.2192E+03,4.7752E+03,2.86385E+03));
#20611 = DIRECTION('',(0.,0.,1.));
#20612 = DIRECTION('',(1.,0.,0.));
#20613 = ADVANCED_FACE('',(#20614),#20620,.T.);
#20614 = FACE_BOUND('',#20615,.T.);
#20615 = EDGE_LOOP('',(#20616,#20617,#20618,#20619));
#20616 = ORIENTED_EDGE('',*,*,#20507,.F.);
#20617 = ORIENTED_EDGE('',*,*,#20568,.T.);
#20618 = ORIENTED_EDGE('',*,*,#20547,.T.);
#20619 = ORIENTED_EDGE('',*,*,#20590,.F.);
#20620 = PLANE('',#20621);
#20621 = AXIS2_PLACEMENT_3D('',#20622,#20623,#20624);
#20622 = CARTESIAN_POINT('',(1.2192E+03,4.7752E+03,3.048E+03));
#20623 = DIRECTION('',(0.,0.,1.));
#20624 = DIRECTION('',(1.,0.,0.));
#20625 = MANIFOLD_SOLID_BREP('',#20626);
#20626 = CLOSED_SHELL('',(#20627,#20667,#20707,#20729,#20751,#20763));
#20627 = ADVANCED_FACE('',(#20628),#20662,.F.);
#20628 = FACE_BOUND('',#20629,.F.);
#20629 = EDGE_LOOP('',(#20630,#20640,#20648,#20656));
#20630 = ORIENTED_EDGE('',*,*,#20631,.F.);
#20631 = EDGE_CURVE('',#20632,#20634,#20636,.T.);
#20632 = VERTEX_POINT('',#20633);
#20633 = CARTESIAN_POINT('',(1.6256E+03,4.7752E+03,2.86385E+03));
#20634 = VERTEX_POINT('',#20635);
#20635 = CARTESIAN_POINT('',(1.6256E+03,4.7752E+03,3.048E+03));
#20636 = LINE('',#20637,#20638);
#20637 = CARTESIAN_POINT('',(1.6256E+03,4.7752E+03,2.86385E+03));
#20638 = VECTOR('',#20639,1.);
#20639 = DIRECTION('',(0.,0.,1.));
#20640 = ORIENTED_EDGE('',*,*,#20641,.T.);
#20641 = EDGE_CURVE('',#20632,#20642,#20644,.T.);
#20642 = VERTEX_POINT('',#20643);
#20643 = CARTESIAN_POINT('',(1.6256E+03,6.2484E+03,2.86385E+03));
#20644 = LINE('',#20645,#20646);
#20645 = CARTESIAN_POINT('',(1.6256E+03,4.7752E+03,2.86385E+03));
#20646 = VECTOR('',#20647,1.);
#20647 = DIRECTION('',(0.,1.,0.));
#20648 = ORIENTED_EDGE('',*,*,#20649,.T.);
#20649 = EDGE_CURVE('',#20642,#20650,#20652,.T.);
#20650 = VERTEX_POINT('',#20651);
#20651 = CARTESIAN_POINT('',(1.6256E+03,6.2484E+03,3.048E+03));
#20652 = LINE('',#20653,#20654);
#20653 = CARTESIAN_POINT('',(1.6256E+03,6.2484E+03,2.86385E+03));
#20654 = VECTOR('',#20655,1.);
#20655 = DIRECTION('',(0.,0.,1.));
#20656 = ORIENTED_EDGE('',*,*,#20657,.F.);
#20657 = EDGE_CURVE('',#20634,#20650,#20658,.T.);
#20658 = LINE('',#20659,#20660);
#20659 = CARTESIAN_POINT('',(1.6256E+03,4.7752E+03,3.048E+03));
#20660 = VECTOR('',#20661,1.);
#20661 = DIRECTION('',(0.,1.,0.));
#20662 = PLANE('',#20663);
#20663 = AXIS2_PLACEMENT_3D('',#20664,#20665,#20666);
#20664 = CARTESIAN_POINT('',(1.6256E+03,4.7752E+03,2.86385E+03));
#20665 = DIRECTION('',(1.,0.,0.));
#20666 = DIRECTION('',(0.,0.,1.));
#20667 = ADVANCED_FACE('',(#20668),#20702,.T.);
#20668 = FACE_BOUND('',#20669,.T.);
#20669 = EDGE_LOOP('',(#20670,#20680,#20688,#20696));
#20670 = ORIENTED_EDGE('',*,*,#20671,.F.);
#20671 = EDGE_CURVE('',#20672,#20674,#20676,.T.);
#20672 = VERTEX_POINT('',#20673);
#20673 = CARTESIAN_POINT('',(1.6637E+03,4.7752E+03,2.86385E+03));
#20674 = VERTEX_POINT('',#20675);
#20675 = CARTESIAN_POINT('',(1.6637E+03,4.7752E+03,3.048E+03));
#20676 = LINE('',#20677,#20678);
#20677 = CARTESIAN_POINT('',(1.6637E+03,4.7752E+03,2.86385E+03));
#20678 = VECTOR('',#20679,1.);
#20679 = DIRECTION('',(0.,0.,1.));
#20680 = ORIENTED_EDGE('',*,*,#20681,.T.);
#20681 = EDGE_CURVE('',#20672,#20682,#20684,.T.);
#20682 = VERTEX_POINT('',#20683);
#20683 = CARTESIAN_POINT('',(1.6637E+03,6.2484E+03,2.86385E+03));
#20684 = LINE('',#20685,#20686);
#20685 = CARTESIAN_POINT('',(1.6637E+03,4.7752E+03,2.86385E+03));
#20686 = VECTOR('',#20687,1.);
#20687 = DIRECTION('',(0.,1.,0.));
#20688 = ORIENTED_EDGE('',*,*,#20689,.T.);
#20689 = EDGE_CURVE('',#20682,#20690,#20692,.T.);
#20690 = VERTEX_POINT('',#20691);
#20691 = CARTESIAN_POINT('',(1.6637E+03,6.2484E+03,3.048E+03));
#20692 = LINE('',#20693,#20694);
#20693 = CARTESIAN_POINT('',(1.6637E+03,6.2484E+03,2.86385E+03));
#20694 = VECTOR('',#20695,1.);
#20695 = DIRECTION('',(0.,0.,1.));
#20696 = ORIENTED_EDGE('',*,*,#20697,.F.);
#20697 = EDGE_CURVE('',#20674,#20690,#20698,.T.);
#20698 = LINE('',#20699,#20700);
#20699 = CARTESIAN_POINT('',(1.6637E+03,4.7752E+03,3.048E+03));
#20700 = VECTOR('',#20701,1.);
#20701 = DIRECTION('',(0.,1.,0.));
#20702 = PLANE('',#20703);
#20703 = AXIS2_PLACEMENT_3D('',#20704,#20705,#20706);
#20704 = CARTESIAN_POINT('',(1.6637E+03,4.7752E+03,2.86385E+03));
#20705 = DIRECTION('',(1.,0.,0.));
#20706 = DIRECTION('',(0.,0.,1.));
#20707 = ADVANCED_FACE('',(#20708),#20724,.F.);
#20708 = FACE_BOUND('',#20709,.F.);
#20709 = EDGE_LOOP('',(#20710,#20716,#20717,#20723));
#20710 = ORIENTED_EDGE('',*,*,#20711,.F.);
#20711 = EDGE_CURVE('',#20632,#20672,#20712,.T.);
#20712 = LINE('',#20713,#20714);
#20713 = CARTESIAN_POINT('',(1.6256E+03,4.7752E+03,2.86385E+03));
#20714 = VECTOR('',#20715,1.);
#20715 = DIRECTION('',(1.,0.,0.));
#20716 = ORIENTED_EDGE('',*,*,#20631,.T.);
#20717 = ORIENTED_EDGE('',*,*,#20718,.T.);
#20718 = EDGE_CURVE('',#20634,#20674,#20719,.T.);
#20719 = LINE('',#20720,#20721);
#20720 = CARTESIAN_POINT('',(1.6256E+03,4.7752E+03,3.048E+03));
#20721 = VECTOR('',#20722,1.);
#20722 = DIRECTION('',(1.,0.,0.));
#20723 = ORIENTED_EDGE('',*,*,#20671,.F.);
#20724 = PLANE('',#20725);
#20725 = AXIS2_PLACEMENT_3D('',#20726,#20727,#20728);
#20726 = CARTESIAN_POINT('',(1.6256E+03,4.7752E+03,2.86385E+03));
#20727 = DIRECTION('',(0.,1.,0.));
#20728 = DIRECTION('',(0.,0.,1.));
#20729 = ADVANCED_FACE('',(#20730),#20746,.T.);
#20730 = FACE_BOUND('',#20731,.T.);
#20731 = EDGE_LOOP('',(#20732,#20738,#20739,#20745));
#20732 = ORIENTED_EDGE('',*,*,#20733,.F.);
#20733 = EDGE_CURVE('',#20642,#20682,#20734,.T.);
#20734 = LINE('',#20735,#20736);
#20735 = CARTESIAN_POINT('',(1.6256E+03,6.2484E+03,2.86385E+03));
#20736 = VECTOR('',#20737,1.);
#20737 = DIRECTION('',(1.,0.,0.));
#20738 = ORIENTED_EDGE('',*,*,#20649,.T.);
#20739 = ORIENTED_EDGE('',*,*,#20740,.T.);
#20740 = EDGE_CURVE('',#20650,#20690,#20741,.T.);
#20741 = LINE('',#20742,#20743);
#20742 = CARTESIAN_POINT('',(1.6256E+03,6.2484E+03,3.048E+03));
#20743 = VECTOR('',#20744,1.);
#20744 = DIRECTION('',(1.,0.,0.));
#20745 = ORIENTED_EDGE('',*,*,#20689,.F.);
#20746 = PLANE('',#20747);
#20747 = AXIS2_PLACEMENT_3D('',#20748,#20749,#20750);
#20748 = CARTESIAN_POINT('',(1.6256E+03,6.2484E+03,2.86385E+03));
#20749 = DIRECTION('',(0.,1.,0.));
#20750 = DIRECTION('',(0.,0.,1.));
#20751 = ADVANCED_FACE('',(#20752),#20758,.F.);
#20752 = FACE_BOUND('',#20753,.F.);
#20753 = EDGE_LOOP('',(#20754,#20755,#20756,#20757));
#20754 = ORIENTED_EDGE('',*,*,#20641,.F.);
#20755 = ORIENTED_EDGE('',*,*,#20711,.T.);
#20756 = ORIENTED_EDGE('',*,*,#20681,.T.);
#20757 = ORIENTED_EDGE('',*,*,#20733,.F.);
#20758 = PLANE('',#20759);
#20759 = AXIS2_PLACEMENT_3D('',#20760,#20761,#20762);
#20760 = CARTESIAN_POINT('',(1.6256E+03,4.7752E+03,2.86385E+03));
#20761 = DIRECTION('',(0.,0.,1.));
#20762 = DIRECTION('',(1.,0.,0.));
#20763 = ADVANCED_FACE('',(#20764),#20770,.T.);
#20764 = FACE_BOUND('',#20765,.T.);
#20765 = EDGE_LOOP('',(#20766,#20767,#20768,#20769));
#20766 = ORIENTED_EDGE('',*,*,#20657,.F.);
#20767 = ORIENTED_EDGE('',*,*,#20718,.T.);
#20768 = ORIENTED_EDGE('',*,*,#20697,.T.);
#20769 = ORIENTED_EDGE('',*,*,#20740,.F.);
#20770 = PLANE('',#20771);
#20771 = AXIS2_PLACEMENT_3D('',#20772,#20773,#20774);
#20772 = CARTESIAN_POINT('',(1.6256E+03,4.7752E+03,3.048E+03));
#20773 = DIRECTION('',(0.,0.,1.));
#20774 = DIRECTION('',(1.,0.,0.));
#20775 = MANIFOLD_SOLID_BREP('',#20776);
#20776 = CLOSED_SHELL('',(#20777,#20817,#20857,#20879,#20901,#20913));
#20777 = ADVANCED_FACE('',(#20778),#20812,.F.);
#20778 = FACE_BOUND('',#20779,.F.);
#20779 = EDGE_LOOP('',(#20780,#20790,#20798,#20806));
#20780 = ORIENTED_EDGE('',*,*,#20781,.F.);
#20781 = EDGE_CURVE('',#20782,#20784,#20786,.T.);
#20782 = VERTEX_POINT('',#20783);
#20783 = CARTESIAN_POINT('',(2.032E+03,4.7752E+03,2.86385E+03));
#20784 = VERTEX_POINT('',#20785);
#20785 = CARTESIAN_POINT('',(2.032E+03,4.7752E+03,3.048E+03));
#20786 = LINE('',#20787,#20788);
#20787 = CARTESIAN_POINT('',(2.032E+03,4.7752E+03,2.86385E+03));
#20788 = VECTOR('',#20789,1.);
#20789 = DIRECTION('',(0.,0.,1.));
#20790 = ORIENTED_EDGE('',*,*,#20791,.T.);
#20791 = EDGE_CURVE('',#20782,#20792,#20794,.T.);
#20792 = VERTEX_POINT('',#20793);
#20793 = CARTESIAN_POINT('',(2.032E+03,6.2484E+03,2.86385E+03));
#20794 = LINE('',#20795,#20796);
#20795 = CARTESIAN_POINT('',(2.032E+03,4.7752E+03,2.86385E+03));
#20796 = VECTOR('',#20797,1.);
#20797 = DIRECTION('',(0.,1.,0.));
#20798 = ORIENTED_EDGE('',*,*,#20799,.T.);
#20799 = EDGE_CURVE('',#20792,#20800,#20802,.T.);
#20800 = VERTEX_POINT('',#20801);
#20801 = CARTESIAN_POINT('',(2.032E+03,6.2484E+03,3.048E+03));
#20802 = LINE('',#20803,#20804);
#20803 = CARTESIAN_POINT('',(2.032E+03,6.2484E+03,2.86385E+03));
#20804 = VECTOR('',#20805,1.);
#20805 = DIRECTION('',(0.,0.,1.));
#20806 = ORIENTED_EDGE('',*,*,#20807,.F.);
#20807 = EDGE_CURVE('',#20784,#20800,#20808,.T.);
#20808 = LINE('',#20809,#20810);
#20809 = CARTESIAN_POINT('',(2.032E+03,4.7752E+03,3.048E+03));
#20810 = VECTOR('',#20811,1.);
#20811 = DIRECTION('',(0.,1.,0.));
#20812 = PLANE('',#20813);
#20813 = AXIS2_PLACEMENT_3D('',#20814,#20815,#20816);
#20814 = CARTESIAN_POINT('',(2.032E+03,4.7752E+03,2.86385E+03));
#20815 = DIRECTION('',(1.,0.,0.));
#20816 = DIRECTION('',(0.,0.,1.));
#20817 = ADVANCED_FACE('',(#20818),#20852,.T.);
#20818 = FACE_BOUND('',#20819,.T.);
#20819 = EDGE_LOOP('',(#20820,#20830,#20838,#20846));
#20820 = ORIENTED_EDGE('',*,*,#20821,.F.);
#20821 = EDGE_CURVE('',#20822,#20824,#20826,.T.);
#20822 = VERTEX_POINT('',#20823);
#20823 = CARTESIAN_POINT('',(2.0701E+03,4.7752E+03,2.86385E+03));
#20824 = VERTEX_POINT('',#20825);
#20825 = CARTESIAN_POINT('',(2.0701E+03,4.7752E+03,3.048E+03));
#20826 = LINE('',#20827,#20828);
#20827 = CARTESIAN_POINT('',(2.0701E+03,4.7752E+03,2.86385E+03));
#20828 = VECTOR('',#20829,1.);
#20829 = DIRECTION('',(0.,0.,1.));
#20830 = ORIENTED_EDGE('',*,*,#20831,.T.);
#20831 = EDGE_CURVE('',#20822,#20832,#20834,.T.);
#20832 = VERTEX_POINT('',#20833);
#20833 = CARTESIAN_POINT('',(2.0701E+03,6.2484E+03,2.86385E+03));
#20834 = LINE('',#20835,#20836);
#20835 = CARTESIAN_POINT('',(2.0701E+03,4.7752E+03,2.86385E+03));
#20836 = VECTOR('',#20837,1.);
#20837 = DIRECTION('',(0.,1.,0.));
#20838 = ORIENTED_EDGE('',*,*,#20839,.T.);
#20839 = EDGE_CURVE('',#20832,#20840,#20842,.T.);
#20840 = VERTEX_POINT('',#20841);
#20841 = CARTESIAN_POINT('',(2.0701E+03,6.2484E+03,3.048E+03));
#20842 = LINE('',#20843,#20844);
#20843 = CARTESIAN_POINT('',(2.0701E+03,6.2484E+03,2.86385E+03));
#20844 = VECTOR('',#20845,1.);
#20845 = DIRECTION('',(0.,0.,1.));
#20846 = ORIENTED_EDGE('',*,*,#20847,.F.);
#20847 = EDGE_CURVE('',#20824,#20840,#20848,.T.);
#20848 = LINE('',#20849,#20850);
#20849 = CARTESIAN_POINT('',(2.0701E+03,4.7752E+03,3.048E+03));
#20850 = VECTOR('',#20851,1.);
#20851 = DIRECTION('',(0.,1.,0.));
#20852 = PLANE('',#20853);
#20853 = AXIS2_PLACEMENT_3D('',#20854,#20855,#20856);
#20854 = CARTESIAN_POINT('',(2.0701E+03,4.7752E+03,2.86385E+03));
#20855 = DIRECTION('',(1.,0.,0.));
#20856 = DIRECTION('',(0.,0.,1.));
#20857 = ADVANCED_FACE('',(#20858),#20874,.F.);
#20858 = FACE_BOUND('',#20859,.F.);
#20859 = EDGE_LOOP('',(#20860,#20866,#20867,#20873));
#20860 = ORIENTED_EDGE('',*,*,#20861,.F.);
#20861 = EDGE_CURVE('',#20782,#20822,#20862,.T.);
#20862 = LINE('',#20863,#20864);
#20863 = CARTESIAN_POINT('',(2.032E+03,4.7752E+03,2.86385E+03));
#20864 = VECTOR('',#20865,1.);
#20865 = DIRECTION('',(1.,0.,0.));
#20866 = ORIENTED_EDGE('',*,*,#20781,.T.);
#20867 = ORIENTED_EDGE('',*,*,#20868,.T.);
#20868 = EDGE_CURVE('',#20784,#20824,#20869,.T.);
#20869 = LINE('',#20870,#20871);
#20870 = CARTESIAN_POINT('',(2.032E+03,4.7752E+03,3.048E+03));
#20871 = VECTOR('',#20872,1.);
#20872 = DIRECTION('',(1.,0.,0.));
#20873 = ORIENTED_EDGE('',*,*,#20821,.F.);
#20874 = PLANE('',#20875);
#20875 = AXIS2_PLACEMENT_3D('',#20876,#20877,#20878);
#20876 = CARTESIAN_POINT('',(2.032E+03,4.7752E+03,2.86385E+03));
#20877 = DIRECTION('',(0.,1.,0.));
#20878 = DIRECTION('',(0.,0.,1.));
#20879 = ADVANCED_FACE('',(#20880),#20896,.T.);
#20880 = FACE_BOUND('',#20881,.T.);
#20881 = EDGE_LOOP('',(#20882,#20888,#20889,#20895));
#20882 = ORIENTED_EDGE('',*,*,#20883,.F.);
#20883 = EDGE_CURVE('',#20792,#20832,#20884,.T.);
#20884 = LINE('',#20885,#20886);
#20885 = CARTESIAN_POINT('',(2.032E+03,6.2484E+03,2.86385E+03));
#20886 = VECTOR('',#20887,1.);
#20887 = DIRECTION('',(1.,0.,0.));
#20888 = ORIENTED_EDGE('',*,*,#20799,.T.);
#20889 = ORIENTED_EDGE('',*,*,#20890,.T.);
#20890 = EDGE_CURVE('',#20800,#20840,#20891,.T.);
#20891 = LINE('',#20892,#20893);
#20892 = CARTESIAN_POINT('',(2.032E+03,6.2484E+03,3.048E+03));
#20893 = VECTOR('',#20894,1.);
#20894 = DIRECTION('',(1.,0.,0.));
#20895 = ORIENTED_EDGE('',*,*,#20839,.F.);
#20896 = PLANE('',#20897);
#20897 = AXIS2_PLACEMENT_3D('',#20898,#20899,#20900);
#20898 = CARTESIAN_POINT('',(2.032E+03,6.2484E+03,2.86385E+03));
#20899 = DIRECTION('',(0.,1.,0.));
#20900 = DIRECTION('',(0.,0.,1.));
#20901 = ADVANCED_FACE('',(#20902),#20908,.F.);
#20902 = FACE_BOUND('',#20903,.F.);
#20903 = EDGE_LOOP('',(#20904,#20905,#20906,#20907));
#20904 = ORIENTED_EDGE('',*,*,#20791,.F.);
#20905 = ORIENTED_EDGE('',*,*,#20861,.T.);
#20906 = ORIENTED_EDGE('',*,*,#20831,.T.);
#20907 = ORIENTED_EDGE('',*,*,#20883,.F.);
#20908 = PLANE('',#20909);
#20909 = AXIS2_PLACEMENT_3D('',#20910,#20911,#20912);
#20910 = CARTESIAN_POINT('',(2.032E+03,4.7752E+03,2.86385E+03));
#20911 = DIRECTION('',(0.,0.,1.));
#20912 = DIRECTION('',(1.,0.,0.));
#20913 = ADVANCED_FACE('',(#20914),#20920,.T.);
#20914 = FACE_BOUND('',#20915,.T.);
#20915 = EDGE_LOOP('',(#20916,#20917,#20918,#20919));
#20916 = ORIENTED_EDGE('',*,*,#20807,.F.);
#20917 = ORIENTED_EDGE('',*,*,#20868,.T.);
#20918 = ORIENTED_EDGE('',*,*,#20847,.T.);
#20919 = ORIENTED_EDGE('',*,*,#20890,.F.);
#20920 = PLANE('',#20921);
#20921 = AXIS2_PLACEMENT_3D('',#20922,#20923,#20924);
#20922 = CARTESIAN_POINT('',(2.032E+03,4.7752E+03,3.048E+03));
#20923 = DIRECTION('',(0.,0.,1.));
#20924 = DIRECTION('',(1.,0.,0.));
#20925 = MANIFOLD_SOLID_BREP('',#20926);
#20926 = CLOSED_SHELL('',(#20927,#20967,#21007,#21029,#21051,#21063));
#20927 = ADVANCED_FACE('',(#20928),#20962,.F.);
#20928 = FACE_BOUND('',#20929,.F.);
#20929 = EDGE_LOOP('',(#20930,#20940,#20948,#20956));
#20930 = ORIENTED_EDGE('',*,*,#20931,.F.);
#20931 = EDGE_CURVE('',#20932,#20934,#20936,.T.);
#20932 = VERTEX_POINT('',#20933);
#20933 = CARTESIAN_POINT('',(2.4384E+03,4.7752E+03,2.86385E+03));
#20934 = VERTEX_POINT('',#20935);
#20935 = CARTESIAN_POINT('',(2.4384E+03,4.7752E+03,3.048E+03));
#20936 = LINE('',#20937,#20938);
#20937 = CARTESIAN_POINT('',(2.4384E+03,4.7752E+03,2.86385E+03));
#20938 = VECTOR('',#20939,1.);
#20939 = DIRECTION('',(0.,0.,1.));
#20940 = ORIENTED_EDGE('',*,*,#20941,.T.);
#20941 = EDGE_CURVE('',#20932,#20942,#20944,.T.);
#20942 = VERTEX_POINT('',#20943);
#20943 = CARTESIAN_POINT('',(2.4384E+03,6.2484E+03,2.86385E+03));
#20944 = LINE('',#20945,#20946);
#20945 = CARTESIAN_POINT('',(2.4384E+03,4.7752E+03,2.86385E+03));
#20946 = VECTOR('',#20947,1.);
#20947 = DIRECTION('',(0.,1.,0.));
#20948 = ORIENTED_EDGE('',*,*,#20949,.T.);
#20949 = EDGE_CURVE('',#20942,#20950,#20952,.T.);
#20950 = VERTEX_POINT('',#20951);
#20951 = CARTESIAN_POINT('',(2.4384E+03,6.2484E+03,3.048E+03));
#20952 = LINE('',#20953,#20954);
#20953 = CARTESIAN_POINT('',(2.4384E+03,6.2484E+03,2.86385E+03));
#20954 = VECTOR('',#20955,1.);
#20955 = DIRECTION('',(0.,0.,1.));
#20956 = ORIENTED_EDGE('',*,*,#20957,.F.);
#20957 = EDGE_CURVE('',#20934,#20950,#20958,.T.);
#20958 = LINE('',#20959,#20960);
#20959 = CARTESIAN_POINT('',(2.4384E+03,4.7752E+03,3.048E+03));
#20960 = VECTOR('',#20961,1.);
#20961 = DIRECTION('',(0.,1.,0.));
#20962 = PLANE('',#20963);
#20963 = AXIS2_PLACEMENT_3D('',#20964,#20965,#20966);
#20964 = CARTESIAN_POINT('',(2.4384E+03,4.7752E+03,2.86385E+03));
#20965 = DIRECTION('',(1.,0.,0.));
#20966 = DIRECTION('',(0.,0.,1.));
#20967 = ADVANCED_FACE('',(#20968),#21002,.T.);
#20968 = FACE_BOUND('',#20969,.T.);
#20969 = EDGE_LOOP('',(#20970,#20980,#20988,#20996));
#20970 = ORIENTED_EDGE('',*,*,#20971,.F.);
#20971 = EDGE_CURVE('',#20972,#20974,#20976,.T.);
#20972 = VERTEX_POINT('',#20973);
#20973 = CARTESIAN_POINT('',(2.4765E+03,4.7752E+03,2.86385E+03));
#20974 = VERTEX_POINT('',#20975);
#20975 = CARTESIAN_POINT('',(2.4765E+03,4.7752E+03,3.048E+03));
#20976 = LINE('',#20977,#20978);
#20977 = CARTESIAN_POINT('',(2.4765E+03,4.7752E+03,2.86385E+03));
#20978 = VECTOR('',#20979,1.);
#20979 = DIRECTION('',(0.,0.,1.));
#20980 = ORIENTED_EDGE('',*,*,#20981,.T.);
#20981 = EDGE_CURVE('',#20972,#20982,#20984,.T.);
#20982 = VERTEX_POINT('',#20983);
#20983 = CARTESIAN_POINT('',(2.4765E+03,6.2484E+03,2.86385E+03));
#20984 = LINE('',#20985,#20986);
#20985 = CARTESIAN_POINT('',(2.4765E+03,4.7752E+03,2.86385E+03));
#20986 = VECTOR('',#20987,1.);
#20987 = DIRECTION('',(0.,1.,0.));
#20988 = ORIENTED_EDGE('',*,*,#20989,.T.);
#20989 = EDGE_CURVE('',#20982,#20990,#20992,.T.);
#20990 = VERTEX_POINT('',#20991);
#20991 = CARTESIAN_POINT('',(2.4765E+03,6.2484E+03,3.048E+03));
#20992 = LINE('',#20993,#20994);
#20993 = CARTESIAN_POINT('',(2.4765E+03,6.2484E+03,2.86385E+03));
#20994 = VECTOR('',#20995,1.);
#20995 = DIRECTION('',(0.,0.,1.));
#20996 = ORIENTED_EDGE('',*,*,#20997,.F.);
#20997 = EDGE_CURVE('',#20974,#20990,#20998,.T.);
#20998 = LINE('',#20999,#21000);
#20999 = CARTESIAN_POINT('',(2.4765E+03,4.7752E+03,3.048E+03));
#21000 = VECTOR('',#21001,1.);
#21001 = DIRECTION('',(0.,1.,0.));
#21002 = PLANE('',#21003);
#21003 = AXIS2_PLACEMENT_3D('',#21004,#21005,#21006);
#21004 = CARTESIAN_POINT('',(2.4765E+03,4.7752E+03,2.86385E+03));
#21005 = DIRECTION('',(1.,0.,0.));
#21006 = DIRECTION('',(0.,0.,1.));
#21007 = ADVANCED_FACE('',(#21008),#21024,.F.);
#21008 = FACE_BOUND('',#21009,.F.);
#21009 = EDGE_LOOP('',(#21010,#21016,#21017,#21023));
#21010 = ORIENTED_EDGE('',*,*,#21011,.F.);
#21011 = EDGE_CURVE('',#20932,#20972,#21012,.T.);
#21012 = LINE('',#21013,#21014);
#21013 = CARTESIAN_POINT('',(2.4384E+03,4.7752E+03,2.86385E+03));
#21014 = VECTOR('',#21015,1.);
#21015 = DIRECTION('',(1.,0.,0.));
#21016 = ORIENTED_EDGE('',*,*,#20931,.T.);
#21017 = ORIENTED_EDGE('',*,*,#21018,.T.);
#21018 = EDGE_CURVE('',#20934,#20974,#21019,.T.);
#21019 = LINE('',#21020,#21021);
#21020 = CARTESIAN_POINT('',(2.4384E+03,4.7752E+03,3.048E+03));
#21021 = VECTOR('',#21022,1.);
#21022 = DIRECTION('',(1.,0.,0.));
#21023 = ORIENTED_EDGE('',*,*,#20971,.F.);
#21024 = PLANE('',#21025);
#21025 = AXIS2_PLACEMENT_3D('',#21026,#21027,#21028);
#21026 = CARTESIAN_POINT('',(2.4384E+03,4.7752E+03,2.86385E+03));
#21027 = DIRECTION('',(0.,1.,0.));
#21028 = DIRECTION('',(0.,0.,1.));
#21029 = ADVANCED_FACE('',(#21030),#21046,.T.);
#21030 = FACE_BOUND('',#21031,.T.);
#21031 = EDGE_LOOP('',(#21032,#21038,#21039,#21045));
#21032 = ORIENTED_EDGE('',*,*,#21033,.F.);
#21033 = EDGE_CURVE('',#20942,#20982,#21034,.T.);
#21034 = LINE('',#21035,#21036);
#21035 = CARTESIAN_POINT('',(2.4384E+03,6.2484E+03,2.86385E+03));
#21036 = VECTOR('',#21037,1.);
#21037 = DIRECTION('',(1.,0.,0.));
#21038 = ORIENTED_EDGE('',*,*,#20949,.T.);
#21039 = ORIENTED_EDGE('',*,*,#21040,.T.);
#21040 = EDGE_CURVE('',#20950,#20990,#21041,.T.);
#21041 = LINE('',#21042,#21043);
#21042 = CARTESIAN_POINT('',(2.4384E+03,6.2484E+03,3.048E+03));
#21043 = VECTOR('',#21044,1.);
#21044 = DIRECTION('',(1.,0.,0.));
#21045 = ORIENTED_EDGE('',*,*,#20989,.F.);
#21046 = PLANE('',#21047);
#21047 = AXIS2_PLACEMENT_3D('',#21048,#21049,#21050);
#21048 = CARTESIAN_POINT('',(2.4384E+03,6.2484E+03,2.86385E+03));
#21049 = DIRECTION('',(0.,1.,0.));
#21050 = DIRECTION('',(0.,0.,1.));
#21051 = ADVANCED_FACE('',(#21052),#21058,.F.);
#21052 = FACE_BOUND('',#21053,.F.);
#21053 = EDGE_LOOP('',(#21054,#21055,#21056,#21057));
#21054 = ORIENTED_EDGE('',*,*,#20941,.F.);
#21055 = ORIENTED_EDGE('',*,*,#21011,.T.);
#21056 = ORIENTED_EDGE('',*,*,#20981,.T.);
#21057 = ORIENTED_EDGE('',*,*,#21033,.F.);
#21058 = PLANE('',#21059);
#21059 = AXIS2_PLACEMENT_3D('',#21060,#21061,#21062);
#21060 = CARTESIAN_POINT('',(2.4384E+03,4.7752E+03,2.86385E+03));
#21061 = DIRECTION('',(0.,0.,1.));
#21062 = DIRECTION('',(1.,0.,0.));
#21063 = ADVANCED_FACE('',(#21064),#21070,.T.);
#21064 = FACE_BOUND('',#21065,.T.);
#21065 = EDGE_LOOP('',(#21066,#21067,#21068,#21069));
#21066 = ORIENTED_EDGE('',*,*,#20957,.F.);
#21067 = ORIENTED_EDGE('',*,*,#21018,.T.);
#21068 = ORIENTED_EDGE('',*,*,#20997,.T.);
#21069 = ORIENTED_EDGE('',*,*,#21040,.F.);
#21070 = PLANE('',#21071);
#21071 = AXIS2_PLACEMENT_3D('',#21072,#21073,#21074);
#21072 = CARTESIAN_POINT('',(2.4384E+03,4.7752E+03,3.048E+03));
#21073 = DIRECTION('',(0.,0.,1.));
#21074 = DIRECTION('',(1.,0.,0.));
#21075 = MANIFOLD_SOLID_BREP('',#21076);
#21076 = CLOSED_SHELL('',(#21077,#21117,#21157,#21179,#21201,#21213));
#21077 = ADVANCED_FACE('',(#21078),#21112,.F.);
#21078 = FACE_BOUND('',#21079,.F.);
#21079 = EDGE_LOOP('',(#21080,#21090,#21098,#21106));
#21080 = ORIENTED_EDGE('',*,*,#21081,.F.);
#21081 = EDGE_CURVE('',#21082,#21084,#21086,.T.);
#21082 = VERTEX_POINT('',#21083);
#21083 = CARTESIAN_POINT('',(2.8448E+03,4.7752E+03,2.86385E+03));
#21084 = VERTEX_POINT('',#21085);
#21085 = CARTESIAN_POINT('',(2.8448E+03,4.7752E+03,3.048E+03));
#21086 = LINE('',#21087,#21088);
#21087 = CARTESIAN_POINT('',(2.8448E+03,4.7752E+03,2.86385E+03));
#21088 = VECTOR('',#21089,1.);
#21089 = DIRECTION('',(0.,0.,1.));
#21090 = ORIENTED_EDGE('',*,*,#21091,.T.);
#21091 = EDGE_CURVE('',#21082,#21092,#21094,.T.);
#21092 = VERTEX_POINT('',#21093);
#21093 = CARTESIAN_POINT('',(2.8448E+03,6.2484E+03,2.86385E+03));
#21094 = LINE('',#21095,#21096);
#21095 = CARTESIAN_POINT('',(2.8448E+03,4.7752E+03,2.86385E+03));
#21096 = VECTOR('',#21097,1.);
#21097 = DIRECTION('',(0.,1.,0.));
#21098 = ORIENTED_EDGE('',*,*,#21099,.T.);
#21099 = EDGE_CURVE('',#21092,#21100,#21102,.T.);
#21100 = VERTEX_POINT('',#21101);
#21101 = CARTESIAN_POINT('',(2.8448E+03,6.2484E+03,3.048E+03));
#21102 = LINE('',#21103,#21104);
#21103 = CARTESIAN_POINT('',(2.8448E+03,6.2484E+03,2.86385E+03));
#21104 = VECTOR('',#21105,1.);
#21105 = DIRECTION('',(0.,0.,1.));
#21106 = ORIENTED_EDGE('',*,*,#21107,.F.);
#21107 = EDGE_CURVE('',#21084,#21100,#21108,.T.);
#21108 = LINE('',#21109,#21110);
#21109 = CARTESIAN_POINT('',(2.8448E+03,4.7752E+03,3.048E+03));
#21110 = VECTOR('',#21111,1.);
#21111 = DIRECTION('',(0.,1.,0.));
#21112 = PLANE('',#21113);
#21113 = AXIS2_PLACEMENT_3D('',#21114,#21115,#21116);
#21114 = CARTESIAN_POINT('',(2.8448E+03,4.7752E+03,2.86385E+03));
#21115 = DIRECTION('',(1.,0.,0.));
#21116 = DIRECTION('',(0.,0.,1.));
#21117 = ADVANCED_FACE('',(#21118),#21152,.T.);
#21118 = FACE_BOUND('',#21119,.T.);
#21119 = EDGE_LOOP('',(#21120,#21130,#21138,#21146));
#21120 = ORIENTED_EDGE('',*,*,#21121,.F.);
#21121 = EDGE_CURVE('',#21122,#21124,#21126,.T.);
#21122 = VERTEX_POINT('',#21123);
#21123 = CARTESIAN_POINT('',(2.8829E+03,4.7752E+03,2.86385E+03));
#21124 = VERTEX_POINT('',#21125);
#21125 = CARTESIAN_POINT('',(2.8829E+03,4.7752E+03,3.048E+03));
#21126 = LINE('',#21127,#21128);
#21127 = CARTESIAN_POINT('',(2.8829E+03,4.7752E+03,2.86385E+03));
#21128 = VECTOR('',#21129,1.);
#21129 = DIRECTION('',(0.,0.,1.));
#21130 = ORIENTED_EDGE('',*,*,#21131,.T.);
#21131 = EDGE_CURVE('',#21122,#21132,#21134,.T.);
#21132 = VERTEX_POINT('',#21133);
#21133 = CARTESIAN_POINT('',(2.8829E+03,6.2484E+03,2.86385E+03));
#21134 = LINE('',#21135,#21136);
#21135 = CARTESIAN_POINT('',(2.8829E+03,4.7752E+03,2.86385E+03));
#21136 = VECTOR('',#21137,1.);
#21137 = DIRECTION('',(0.,1.,0.));
#21138 = ORIENTED_EDGE('',*,*,#21139,.T.);
#21139 = EDGE_CURVE('',#21132,#21140,#21142,.T.);
#21140 = VERTEX_POINT('',#21141);
#21141 = CARTESIAN_POINT('',(2.8829E+03,6.2484E+03,3.048E+03));
#21142 = LINE('',#21143,#21144);
#21143 = CARTESIAN_POINT('',(2.8829E+03,6.2484E+03,2.86385E+03));
#21144 = VECTOR('',#21145,1.);
#21145 = DIRECTION('',(0.,0.,1.));
#21146 = ORIENTED_EDGE('',*,*,#21147,.F.);
#21147 = EDGE_CURVE('',#21124,#21140,#21148,.T.);
#21148 = LINE('',#21149,#21150);
#21149 = CARTESIAN_POINT('',(2.8829E+03,4.7752E+03,3.048E+03));
#21150 = VECTOR('',#21151,1.);
#21151 = DIRECTION('',(0.,1.,0.));
#21152 = PLANE('',#21153);
#21153 = AXIS2_PLACEMENT_3D('',#21154,#21155,#21156);
#21154 = CARTESIAN_POINT('',(2.8829E+03,4.7752E+03,2.86385E+03));
#21155 = DIRECTION('',(1.,0.,0.));
#21156 = DIRECTION('',(0.,0.,1.));
#21157 = ADVANCED_FACE('',(#21158),#21174,.F.);
#21158 = FACE_BOUND('',#21159,.F.);
#21159 = EDGE_LOOP('',(#21160,#21166,#21167,#21173));
#21160 = ORIENTED_EDGE('',*,*,#21161,.F.);
#21161 = EDGE_CURVE('',#21082,#21122,#21162,.T.);
#21162 = LINE('',#21163,#21164);
#21163 = CARTESIAN_POINT('',(2.8448E+03,4.7752E+03,2.86385E+03));
#21164 = VECTOR('',#21165,1.);
#21165 = DIRECTION('',(1.,0.,0.));
#21166 = ORIENTED_EDGE('',*,*,#21081,.T.);
#21167 = ORIENTED_EDGE('',*,*,#21168,.T.);
#21168 = EDGE_CURVE('',#21084,#21124,#21169,.T.);
#21169 = LINE('',#21170,#21171);
#21170 = CARTESIAN_POINT('',(2.8448E+03,4.7752E+03,3.048E+03));
#21171 = VECTOR('',#21172,1.);
#21172 = DIRECTION('',(1.,0.,0.));
#21173 = ORIENTED_EDGE('',*,*,#21121,.F.);
#21174 = PLANE('',#21175);
#21175 = AXIS2_PLACEMENT_3D('',#21176,#21177,#21178);
#21176 = CARTESIAN_POINT('',(2.8448E+03,4.7752E+03,2.86385E+03));
#21177 = DIRECTION('',(0.,1.,0.));
#21178 = DIRECTION('',(0.,0.,1.));
#21179 = ADVANCED_FACE('',(#21180),#21196,.T.);
#21180 = FACE_BOUND('',#21181,.T.);
#21181 = EDGE_LOOP('',(#21182,#21188,#21189,#21195));
#21182 = ORIENTED_EDGE('',*,*,#21183,.F.);
#21183 = EDGE_CURVE('',#21092,#21132,#21184,.T.);
#21184 = LINE('',#21185,#21186);
#21185 = CARTESIAN_POINT('',(2.8448E+03,6.2484E+03,2.86385E+03));
#21186 = VECTOR('',#21187,1.);
#21187 = DIRECTION('',(1.,0.,0.));
#21188 = ORIENTED_EDGE('',*,*,#21099,.T.);
#21189 = ORIENTED_EDGE('',*,*,#21190,.T.);
#21190 = EDGE_CURVE('',#21100,#21140,#21191,.T.);
#21191 = LINE('',#21192,#21193);
#21192 = CARTESIAN_POINT('',(2.8448E+03,6.2484E+03,3.048E+03));
#21193 = VECTOR('',#21194,1.);
#21194 = DIRECTION('',(1.,0.,0.));
#21195 = ORIENTED_EDGE('',*,*,#21139,.F.);
#21196 = PLANE('',#21197);
#21197 = AXIS2_PLACEMENT_3D('',#21198,#21199,#21200);
#21198 = CARTESIAN_POINT('',(2.8448E+03,6.2484E+03,2.86385E+03));
#21199 = DIRECTION('',(0.,1.,0.));
#21200 = DIRECTION('',(0.,0.,1.));
#21201 = ADVANCED_FACE('',(#21202),#21208,.F.);
#21202 = FACE_BOUND('',#21203,.F.);
#21203 = EDGE_LOOP('',(#21204,#21205,#21206,#21207));
#21204 = ORIENTED_EDGE('',*,*,#21091,.F.);
#21205 = ORIENTED_EDGE('',*,*,#21161,.T.);
#21206 = ORIENTED_EDGE('',*,*,#21131,.T.);
#21207 = ORIENTED_EDGE('',*,*,#21183,.F.);
#21208 = PLANE('',#21209);
#21209 = AXIS2_PLACEMENT_3D('',#21210,#21211,#21212);
#21210 = CARTESIAN_POINT('',(2.8448E+03,4.7752E+03,2.86385E+03));
#21211 = DIRECTION('',(0.,0.,1.));
#21212 = DIRECTION('',(1.,0.,0.));
#21213 = ADVANCED_FACE('',(#21214),#21220,.T.);
#21214 = FACE_BOUND('',#21215,.T.);
#21215 = EDGE_LOOP('',(#21216,#21217,#21218,#21219));
#21216 = ORIENTED_EDGE('',*,*,#21107,.F.);
#21217 = ORIENTED_EDGE('',*,*,#21168,.T.);
#21218 = ORIENTED_EDGE('',*,*,#21147,.T.);
#21219 = ORIENTED_EDGE('',*,*,#21190,.F.);
#21220 = PLANE('',#21221);
#21221 = AXIS2_PLACEMENT_3D('',#21222,#21223,#21224);
#21222 = CARTESIAN_POINT('',(2.8448E+03,4.7752E+03,3.048E+03));
#21223 = DIRECTION('',(0.,0.,1.));
#21224 = DIRECTION('',(1.,0.,0.));
#21225 = MANIFOLD_SOLID_BREP('',#21226);
#21226 = CLOSED_SHELL('',(#21227,#21267,#21307,#21329,#21351,#21363));
#21227 = ADVANCED_FACE('',(#21228),#21262,.F.);
#21228 = FACE_BOUND('',#21229,.F.);
#21229 = EDGE_LOOP('',(#21230,#21240,#21248,#21256));
#21230 = ORIENTED_EDGE('',*,*,#21231,.F.);
#21231 = EDGE_CURVE('',#21232,#21234,#21236,.T.);
#21232 = VERTEX_POINT('',#21233);
#21233 = CARTESIAN_POINT('',(3.2512E+03,4.7752E+03,2.86385E+03));
#21234 = VERTEX_POINT('',#21235);
#21235 = CARTESIAN_POINT('',(3.2512E+03,4.7752E+03,3.048E+03));
#21236 = LINE('',#21237,#21238);
#21237 = CARTESIAN_POINT('',(3.2512E+03,4.7752E+03,2.86385E+03));
#21238 = VECTOR('',#21239,1.);
#21239 = DIRECTION('',(0.,0.,1.));
#21240 = ORIENTED_EDGE('',*,*,#21241,.T.);
#21241 = EDGE_CURVE('',#21232,#21242,#21244,.T.);
#21242 = VERTEX_POINT('',#21243);
#21243 = CARTESIAN_POINT('',(3.2512E+03,6.2484E+03,2.86385E+03));
#21244 = LINE('',#21245,#21246);
#21245 = CARTESIAN_POINT('',(3.2512E+03,4.7752E+03,2.86385E+03));
#21246 = VECTOR('',#21247,1.);
#21247 = DIRECTION('',(0.,1.,0.));
#21248 = ORIENTED_EDGE('',*,*,#21249,.T.);
#21249 = EDGE_CURVE('',#21242,#21250,#21252,.T.);
#21250 = VERTEX_POINT('',#21251);
#21251 = CARTESIAN_POINT('',(3.2512E+03,6.2484E+03,3.048E+03));
#21252 = LINE('',#21253,#21254);
#21253 = CARTESIAN_POINT('',(3.2512E+03,6.2484E+03,2.86385E+03));
#21254 = VECTOR('',#21255,1.);
#21255 = DIRECTION('',(0.,0.,1.));
#21256 = ORIENTED_EDGE('',*,*,#21257,.F.);
#21257 = EDGE_CURVE('',#21234,#21250,#21258,.T.);
#21258 = LINE('',#21259,#21260);
#21259 = CARTESIAN_POINT('',(3.2512E+03,4.7752E+03,3.048E+03));
#21260 = VECTOR('',#21261,1.);
#21261 = DIRECTION('',(0.,1.,0.));
#21262 = PLANE('',#21263);
#21263 = AXIS2_PLACEMENT_3D('',#21264,#21265,#21266);
#21264 = CARTESIAN_POINT('',(3.2512E+03,4.7752E+03,2.86385E+03));
#21265 = DIRECTION('',(1.,0.,0.));
#21266 = DIRECTION('',(0.,0.,1.));
#21267 = ADVANCED_FACE('',(#21268),#21302,.T.);
#21268 = FACE_BOUND('',#21269,.T.);
#21269 = EDGE_LOOP('',(#21270,#21280,#21288,#21296));
#21270 = ORIENTED_EDGE('',*,*,#21271,.F.);
#21271 = EDGE_CURVE('',#21272,#21274,#21276,.T.);
#21272 = VERTEX_POINT('',#21273);
#21273 = CARTESIAN_POINT('',(3.2893E+03,4.7752E+03,2.86385E+03));
#21274 = VERTEX_POINT('',#21275);
#21275 = CARTESIAN_POINT('',(3.2893E+03,4.7752E+03,3.048E+03));
#21276 = LINE('',#21277,#21278);
#21277 = CARTESIAN_POINT('',(3.2893E+03,4.7752E+03,2.86385E+03));
#21278 = VECTOR('',#21279,1.);
#21279 = DIRECTION('',(0.,0.,1.));
#21280 = ORIENTED_EDGE('',*,*,#21281,.T.);
#21281 = EDGE_CURVE('',#21272,#21282,#21284,.T.);
#21282 = VERTEX_POINT('',#21283);
#21283 = CARTESIAN_POINT('',(3.2893E+03,6.2484E+03,2.86385E+03));
#21284 = LINE('',#21285,#21286);
#21285 = CARTESIAN_POINT('',(3.2893E+03,4.7752E+03,2.86385E+03));
#21286 = VECTOR('',#21287,1.);
#21287 = DIRECTION('',(0.,1.,0.));
#21288 = ORIENTED_EDGE('',*,*,#21289,.T.);
#21289 = EDGE_CURVE('',#21282,#21290,#21292,.T.);
#21290 = VERTEX_POINT('',#21291);
#21291 = CARTESIAN_POINT('',(3.2893E+03,6.2484E+03,3.048E+03));
#21292 = LINE('',#21293,#21294);
#21293 = CARTESIAN_POINT('',(3.2893E+03,6.2484E+03,2.86385E+03));
#21294 = VECTOR('',#21295,1.);
#21295 = DIRECTION('',(0.,0.,1.));
#21296 = ORIENTED_EDGE('',*,*,#21297,.F.);
#21297 = EDGE_CURVE('',#21274,#21290,#21298,.T.);
#21298 = LINE('',#21299,#21300);
#21299 = CARTESIAN_POINT('',(3.2893E+03,4.7752E+03,3.048E+03));
#21300 = VECTOR('',#21301,1.);
#21301 = DIRECTION('',(0.,1.,0.));
#21302 = PLANE('',#21303);
#21303 = AXIS2_PLACEMENT_3D('',#21304,#21305,#21306);
#21304 = CARTESIAN_POINT('',(3.2893E+03,4.7752E+03,2.86385E+03));
#21305 = DIRECTION('',(1.,0.,0.));
#21306 = DIRECTION('',(0.,0.,1.));
#21307 = ADVANCED_FACE('',(#21308),#21324,.F.);
#21308 = FACE_BOUND('',#21309,.F.);
#21309 = EDGE_LOOP('',(#21310,#21316,#21317,#21323));
#21310 = ORIENTED_EDGE('',*,*,#21311,.F.);
#21311 = EDGE_CURVE('',#21232,#21272,#21312,.T.);
#21312 = LINE('',#21313,#21314);
#21313 = CARTESIAN_POINT('',(3.2512E+03,4.7752E+03,2.86385E+03));
#21314 = VECTOR('',#21315,1.);
#21315 = DIRECTION('',(1.,0.,0.));
#21316 = ORIENTED_EDGE('',*,*,#21231,.T.);
#21317 = ORIENTED_EDGE('',*,*,#21318,.T.);
#21318 = EDGE_CURVE('',#21234,#21274,#21319,.T.);
#21319 = LINE('',#21320,#21321);
#21320 = CARTESIAN_POINT('',(3.2512E+03,4.7752E+03,3.048E+03));
#21321 = VECTOR('',#21322,1.);
#21322 = DIRECTION('',(1.,0.,0.));
#21323 = ORIENTED_EDGE('',*,*,#21271,.F.);
#21324 = PLANE('',#21325);
#21325 = AXIS2_PLACEMENT_3D('',#21326,#21327,#21328);
#21326 = CARTESIAN_POINT('',(3.2512E+03,4.7752E+03,2.86385E+03));
#21327 = DIRECTION('',(0.,1.,0.));
#21328 = DIRECTION('',(0.,0.,1.));
#21329 = ADVANCED_FACE('',(#21330),#21346,.T.);
#21330 = FACE_BOUND('',#21331,.T.);
#21331 = EDGE_LOOP('',(#21332,#21338,#21339,#21345));
#21332 = ORIENTED_EDGE('',*,*,#21333,.F.);
#21333 = EDGE_CURVE('',#21242,#21282,#21334,.T.);
#21334 = LINE('',#21335,#21336);
#21335 = CARTESIAN_POINT('',(3.2512E+03,6.2484E+03,2.86385E+03));
#21336 = VECTOR('',#21337,1.);
#21337 = DIRECTION('',(1.,0.,0.));
#21338 = ORIENTED_EDGE('',*,*,#21249,.T.);
#21339 = ORIENTED_EDGE('',*,*,#21340,.T.);
#21340 = EDGE_CURVE('',#21250,#21290,#21341,.T.);
#21341 = LINE('',#21342,#21343);
#21342 = CARTESIAN_POINT('',(3.2512E+03,6.2484E+03,3.048E+03));
#21343 = VECTOR('',#21344,1.);
#21344 = DIRECTION('',(1.,0.,0.));
#21345 = ORIENTED_EDGE('',*,*,#21289,.F.);
#21346 = PLANE('',#21347);
#21347 = AXIS2_PLACEMENT_3D('',#21348,#21349,#21350);
#21348 = CARTESIAN_POINT('',(3.2512E+03,6.2484E+03,2.86385E+03));
#21349 = DIRECTION('',(0.,1.,0.));
#21350 = DIRECTION('',(0.,0.,1.));
#21351 = ADVANCED_FACE('',(#21352),#21358,.F.);
#21352 = FACE_BOUND('',#21353,.F.);
#21353 = EDGE_LOOP('',(#21354,#21355,#21356,#21357));
#21354 = ORIENTED_EDGE('',*,*,#21241,.F.);
#21355 = ORIENTED_EDGE('',*,*,#21311,.T.);
#21356 = ORIENTED_EDGE('',*,*,#21281,.T.);
#21357 = ORIENTED_EDGE('',*,*,#21333,.F.);
#21358 = PLANE('',#21359);
#21359 = AXIS2_PLACEMENT_3D('',#21360,#21361,#21362);
#21360 = CARTESIAN_POINT('',(3.2512E+03,4.7752E+03,2.86385E+03));
#21361 = DIRECTION('',(0.,0.,1.));
#21362 = DIRECTION('',(1.,0.,0.));
#21363 = ADVANCED_FACE('',(#21364),#21370,.T.);
#21364 = FACE_BOUND('',#21365,.T.);
#21365 = EDGE_LOOP('',(#21366,#21367,#21368,#21369));
#21366 = ORIENTED_EDGE('',*,*,#21257,.F.);
#21367 = ORIENTED_EDGE('',*,*,#21318,.T.);
#21368 = ORIENTED_EDGE('',*,*,#21297,.T.);
#21369 = ORIENTED_EDGE('',*,*,#21340,.F.);
#21370 = PLANE('',#21371);
#21371 = AXIS2_PLACEMENT_3D('',#21372,#21373,#21374);
#21372 = CARTESIAN_POINT('',(3.2512E+03,4.7752E+03,3.048E+03));
#21373 = DIRECTION('',(0.,0.,1.));
#21374 = DIRECTION('',(1.,0.,0.));
#21375 = MANIFOLD_SOLID_BREP('',#21376);
#21376 = CLOSED_SHELL('',(#21377,#21417,#21457,#21479,#21501,#21513));
#21377 = ADVANCED_FACE('',(#21378),#21412,.F.);
#21378 = FACE_BOUND('',#21379,.F.);
#21379 = EDGE_LOOP('',(#21380,#21390,#21398,#21406));
#21380 = ORIENTED_EDGE('',*,*,#21381,.F.);
#21381 = EDGE_CURVE('',#21382,#21384,#21386,.T.);
#21382 = VERTEX_POINT('',#21383);
#21383 = CARTESIAN_POINT('',(3.6576E+03,4.7752E+03,2.86385E+03));
#21384 = VERTEX_POINT('',#21385);
#21385 = CARTESIAN_POINT('',(3.6576E+03,4.7752E+03,3.048E+03));
#21386 = LINE('',#21387,#21388);
#21387 = CARTESIAN_POINT('',(3.6576E+03,4.7752E+03,2.86385E+03));
#21388 = VECTOR('',#21389,1.);
#21389 = DIRECTION('',(0.,0.,1.));
#21390 = ORIENTED_EDGE('',*,*,#21391,.T.);
#21391 = EDGE_CURVE('',#21382,#21392,#21394,.T.);
#21392 = VERTEX_POINT('',#21393);
#21393 = CARTESIAN_POINT('',(3.6576E+03,6.2484E+03,2.86385E+03));
#21394 = LINE('',#21395,#21396);
#21395 = CARTESIAN_POINT('',(3.6576E+03,4.7752E+03,2.86385E+03));
#21396 = VECTOR('',#21397,1.);
#21397 = DIRECTION('',(0.,1.,0.));
#21398 = ORIENTED_EDGE('',*,*,#21399,.T.);
#21399 = EDGE_CURVE('',#21392,#21400,#21402,.T.);
#21400 = VERTEX_POINT('',#21401);
#21401 = CARTESIAN_POINT('',(3.6576E+03,6.2484E+03,3.048E+03));
#21402 = LINE('',#21403,#21404);
#21403 = CARTESIAN_POINT('',(3.6576E+03,6.2484E+03,2.86385E+03));
#21404 = VECTOR('',#21405,1.);
#21405 = DIRECTION('',(0.,0.,1.));
#21406 = ORIENTED_EDGE('',*,*,#21407,.F.);
#21407 = EDGE_CURVE('',#21384,#21400,#21408,.T.);
#21408 = LINE('',#21409,#21410);
#21409 = CARTESIAN_POINT('',(3.6576E+03,4.7752E+03,3.048E+03));
#21410 = VECTOR('',#21411,1.);
#21411 = DIRECTION('',(0.,1.,0.));
#21412 = PLANE('',#21413);
#21413 = AXIS2_PLACEMENT_3D('',#21414,#21415,#21416);
#21414 = CARTESIAN_POINT('',(3.6576E+03,4.7752E+03,2.86385E+03));
#21415 = DIRECTION('',(1.,0.,0.));
#21416 = DIRECTION('',(0.,0.,1.));
#21417 = ADVANCED_FACE('',(#21418),#21452,.T.);
#21418 = FACE_BOUND('',#21419,.T.);
#21419 = EDGE_LOOP('',(#21420,#21430,#21438,#21446));
#21420 = ORIENTED_EDGE('',*,*,#21421,.F.);
#21421 = EDGE_CURVE('',#21422,#21424,#21426,.T.);
#21422 = VERTEX_POINT('',#21423);
#21423 = CARTESIAN_POINT('',(3.6957E+03,4.7752E+03,2.86385E+03));
#21424 = VERTEX_POINT('',#21425);
#21425 = CARTESIAN_POINT('',(3.6957E+03,4.7752E+03,3.048E+03));
#21426 = LINE('',#21427,#21428);
#21427 = CARTESIAN_POINT('',(3.6957E+03,4.7752E+03,2.86385E+03));
#21428 = VECTOR('',#21429,1.);
#21429 = DIRECTION('',(0.,0.,1.));
#21430 = ORIENTED_EDGE('',*,*,#21431,.T.);
#21431 = EDGE_CURVE('',#21422,#21432,#21434,.T.);
#21432 = VERTEX_POINT('',#21433);
#21433 = CARTESIAN_POINT('',(3.6957E+03,6.2484E+03,2.86385E+03));
#21434 = LINE('',#21435,#21436);
#21435 = CARTESIAN_POINT('',(3.6957E+03,4.7752E+03,2.86385E+03));
#21436 = VECTOR('',#21437,1.);
#21437 = DIRECTION('',(0.,1.,0.));
#21438 = ORIENTED_EDGE('',*,*,#21439,.T.);
#21439 = EDGE_CURVE('',#21432,#21440,#21442,.T.);
#21440 = VERTEX_POINT('',#21441);
#21441 = CARTESIAN_POINT('',(3.6957E+03,6.2484E+03,3.048E+03));
#21442 = LINE('',#21443,#21444);
#21443 = CARTESIAN_POINT('',(3.6957E+03,6.2484E+03,2.86385E+03));
#21444 = VECTOR('',#21445,1.);
#21445 = DIRECTION('',(0.,0.,1.));
#21446 = ORIENTED_EDGE('',*,*,#21447,.F.);
#21447 = EDGE_CURVE('',#21424,#21440,#21448,.T.);
#21448 = LINE('',#21449,#21450);
#21449 = CARTESIAN_POINT('',(3.6957E+03,4.7752E+03,3.048E+03));
#21450 = VECTOR('',#21451,1.);
#21451 = DIRECTION('',(0.,1.,0.));
#21452 = PLANE('',#21453);
#21453 = AXIS2_PLACEMENT_3D('',#21454,#21455,#21456);
#21454 = CARTESIAN_POINT('',(3.6957E+03,4.7752E+03,2.86385E+03));
#21455 = DIRECTION('',(1.,0.,0.));
#21456 = DIRECTION('',(0.,0.,1.));
#21457 = ADVANCED_FACE('',(#21458),#21474,.F.);
#21458 = FACE_BOUND('',#21459,.F.);
#21459 = EDGE_LOOP('',(#21460,#21466,#21467,#21473));
#21460 = ORIENTED_EDGE('',*,*,#21461,.F.);
#21461 = EDGE_CURVE('',#21382,#21422,#21462,.T.);
#21462 = LINE('',#21463,#21464);
#21463 = CARTESIAN_POINT('',(3.6576E+03,4.7752E+03,2.86385E+03));
#21464 = VECTOR('',#21465,1.);
#21465 = DIRECTION('',(1.,0.,0.));
#21466 = ORIENTED_EDGE('',*,*,#21381,.T.);
#21467 = ORIENTED_EDGE('',*,*,#21468,.T.);
#21468 = EDGE_CURVE('',#21384,#21424,#21469,.T.);
#21469 = LINE('',#21470,#21471);
#21470 = CARTESIAN_POINT('',(3.6576E+03,4.7752E+03,3.048E+03));
#21471 = VECTOR('',#21472,1.);
#21472 = DIRECTION('',(1.,0.,0.));
#21473 = ORIENTED_EDGE('',*,*,#21421,.F.);
#21474 = PLANE('',#21475);
#21475 = AXIS2_PLACEMENT_3D('',#21476,#21477,#21478);
#21476 = CARTESIAN_POINT('',(3.6576E+03,4.7752E+03,2.86385E+03));
#21477 = DIRECTION('',(0.,1.,0.));
#21478 = DIRECTION('',(0.,0.,1.));
#21479 = ADVANCED_FACE('',(#21480),#21496,.T.);
#21480 = FACE_BOUND('',#21481,.T.);
#21481 = EDGE_LOOP('',(#21482,#21488,#21489,#21495));
#21482 = ORIENTED_EDGE('',*,*,#21483,.F.);
#21483 = EDGE_CURVE('',#21392,#21432,#21484,.T.);
#21484 = LINE('',#21485,#21486);
#21485 = CARTESIAN_POINT('',(3.6576E+03,6.2484E+03,2.86385E+03));
#21486 = VECTOR('',#21487,1.);
#21487 = DIRECTION('',(1.,0.,0.));
#21488 = ORIENTED_EDGE('',*,*,#21399,.T.);
#21489 = ORIENTED_EDGE('',*,*,#21490,.T.);
#21490 = EDGE_CURVE('',#21400,#21440,#21491,.T.);
#21491 = LINE('',#21492,#21493);
#21492 = CARTESIAN_POINT('',(3.6576E+03,6.2484E+03,3.048E+03));
#21493 = VECTOR('',#21494,1.);
#21494 = DIRECTION('',(1.,0.,0.));
#21495 = ORIENTED_EDGE('',*,*,#21439,.F.);
#21496 = PLANE('',#21497);
#21497 = AXIS2_PLACEMENT_3D('',#21498,#21499,#21500);
#21498 = CARTESIAN_POINT('',(3.6576E+03,6.2484E+03,2.86385E+03));
#21499 = DIRECTION('',(0.,1.,0.));
#21500 = DIRECTION('',(0.,0.,1.));
#21501 = ADVANCED_FACE('',(#21502),#21508,.F.);
#21502 = FACE_BOUND('',#21503,.F.);
#21503 = EDGE_LOOP('',(#21504,#21505,#21506,#21507));
#21504 = ORIENTED_EDGE('',*,*,#21391,.F.);
#21505 = ORIENTED_EDGE('',*,*,#21461,.T.);
#21506 = ORIENTED_EDGE('',*,*,#21431,.T.);
#21507 = ORIENTED_EDGE('',*,*,#21483,.F.);
#21508 = PLANE('',#21509);
#21509 = AXIS2_PLACEMENT_3D('',#21510,#21511,#21512);
#21510 = CARTESIAN_POINT('',(3.6576E+03,4.7752E+03,2.86385E+03));
#21511 = DIRECTION('',(0.,0.,1.));
#21512 = DIRECTION('',(1.,0.,0.));
#21513 = ADVANCED_FACE('',(#21514),#21520,.T.);
#21514 = FACE_BOUND('',#21515,.T.);
#21515 = EDGE_LOOP('',(#21516,#21517,#21518,#21519));
#21516 = ORIENTED_EDGE('',*,*,#21407,.F.);
#21517 = ORIENTED_EDGE('',*,*,#21468,.T.);
#21518 = ORIENTED_EDGE('',*,*,#21447,.T.);
#21519 = ORIENTED_EDGE('',*,*,#21490,.F.);
#21520 = PLANE('',#21521);
#21521 = AXIS2_PLACEMENT_3D('',#21522,#21523,#21524);
#21522 = CARTESIAN_POINT('',(3.6576E+03,4.7752E+03,3.048E+03));
#21523 = DIRECTION('',(0.,0.,1.));
#21524 = DIRECTION('',(1.,0.,0.));
#21525 = MANIFOLD_SOLID_BREP('',#21526);
#21526 = CLOSED_SHELL('',(#21527,#21567,#21607,#21629,#21651,#21663));
#21527 = ADVANCED_FACE('',(#21528),#21562,.F.);
#21528 = FACE_BOUND('',#21529,.F.);
#21529 = EDGE_LOOP('',(#21530,#21540,#21548,#21556));
#21530 = ORIENTED_EDGE('',*,*,#21531,.F.);
#21531 = EDGE_CURVE('',#21532,#21534,#21536,.T.);
#21532 = VERTEX_POINT('',#21533);
#21533 = CARTESIAN_POINT('',(4.064E+03,4.7752E+03,2.86385E+03));
#21534 = VERTEX_POINT('',#21535);
#21535 = CARTESIAN_POINT('',(4.064E+03,4.7752E+03,3.048E+03));
#21536 = LINE('',#21537,#21538);
#21537 = CARTESIAN_POINT('',(4.064E+03,4.7752E+03,2.86385E+03));
#21538 = VECTOR('',#21539,1.);
#21539 = DIRECTION('',(0.,0.,1.));
#21540 = ORIENTED_EDGE('',*,*,#21541,.T.);
#21541 = EDGE_CURVE('',#21532,#21542,#21544,.T.);
#21542 = VERTEX_POINT('',#21543);
#21543 = CARTESIAN_POINT('',(4.064E+03,6.2484E+03,2.86385E+03));
#21544 = LINE('',#21545,#21546);
#21545 = CARTESIAN_POINT('',(4.064E+03,4.7752E+03,2.86385E+03));
#21546 = VECTOR('',#21547,1.);
#21547 = DIRECTION('',(0.,1.,0.));
#21548 = ORIENTED_EDGE('',*,*,#21549,.T.);
#21549 = EDGE_CURVE('',#21542,#21550,#21552,.T.);
#21550 = VERTEX_POINT('',#21551);
#21551 = CARTESIAN_POINT('',(4.064E+03,6.2484E+03,3.048E+03));
#21552 = LINE('',#21553,#21554);
#21553 = CARTESIAN_POINT('',(4.064E+03,6.2484E+03,2.86385E+03));
#21554 = VECTOR('',#21555,1.);
#21555 = DIRECTION('',(0.,0.,1.));
#21556 = ORIENTED_EDGE('',*,*,#21557,.F.);
#21557 = EDGE_CURVE('',#21534,#21550,#21558,.T.);
#21558 = LINE('',#21559,#21560);
#21559 = CARTESIAN_POINT('',(4.064E+03,4.7752E+03,3.048E+03));
#21560 = VECTOR('',#21561,1.);
#21561 = DIRECTION('',(0.,1.,0.));
#21562 = PLANE('',#21563);
#21563 = AXIS2_PLACEMENT_3D('',#21564,#21565,#21566);
#21564 = CARTESIAN_POINT('',(4.064E+03,4.7752E+03,2.86385E+03));
#21565 = DIRECTION('',(1.,0.,0.));
#21566 = DIRECTION('',(0.,0.,1.));
#21567 = ADVANCED_FACE('',(#21568),#21602,.T.);
#21568 = FACE_BOUND('',#21569,.T.);
#21569 = EDGE_LOOP('',(#21570,#21580,#21588,#21596));
#21570 = ORIENTED_EDGE('',*,*,#21571,.F.);
#21571 = EDGE_CURVE('',#21572,#21574,#21576,.T.);
#21572 = VERTEX_POINT('',#21573);
#21573 = CARTESIAN_POINT('',(4.1021E+03,4.7752E+03,2.86385E+03));
#21574 = VERTEX_POINT('',#21575);
#21575 = CARTESIAN_POINT('',(4.1021E+03,4.7752E+03,3.048E+03));
#21576 = LINE('',#21577,#21578);
#21577 = CARTESIAN_POINT('',(4.1021E+03,4.7752E+03,2.86385E+03));
#21578 = VECTOR('',#21579,1.);
#21579 = DIRECTION('',(0.,0.,1.));
#21580 = ORIENTED_EDGE('',*,*,#21581,.T.);
#21581 = EDGE_CURVE('',#21572,#21582,#21584,.T.);
#21582 = VERTEX_POINT('',#21583);
#21583 = CARTESIAN_POINT('',(4.1021E+03,6.2484E+03,2.86385E+03));
#21584 = LINE('',#21585,#21586);
#21585 = CARTESIAN_POINT('',(4.1021E+03,4.7752E+03,2.86385E+03));
#21586 = VECTOR('',#21587,1.);
#21587 = DIRECTION('',(0.,1.,0.));
#21588 = ORIENTED_EDGE('',*,*,#21589,.T.);
#21589 = EDGE_CURVE('',#21582,#21590,#21592,.T.);
#21590 = VERTEX_POINT('',#21591);
#21591 = CARTESIAN_POINT('',(4.1021E+03,6.2484E+03,3.048E+03));
#21592 = LINE('',#21593,#21594);
#21593 = CARTESIAN_POINT('',(4.1021E+03,6.2484E+03,2.86385E+03));
#21594 = VECTOR('',#21595,1.);
#21595 = DIRECTION('',(0.,0.,1.));
#21596 = ORIENTED_EDGE('',*,*,#21597,.F.);
#21597 = EDGE_CURVE('',#21574,#21590,#21598,.T.);
#21598 = LINE('',#21599,#21600);
#21599 = CARTESIAN_POINT('',(4.1021E+03,4.7752E+03,3.048E+03));
#21600 = VECTOR('',#21601,1.);
#21601 = DIRECTION('',(0.,1.,0.));
#21602 = PLANE('',#21603);
#21603 = AXIS2_PLACEMENT_3D('',#21604,#21605,#21606);
#21604 = CARTESIAN_POINT('',(4.1021E+03,4.7752E+03,2.86385E+03));
#21605 = DIRECTION('',(1.,0.,0.));
#21606 = DIRECTION('',(0.,0.,1.));
#21607 = ADVANCED_FACE('',(#21608),#21624,.F.);
#21608 = FACE_BOUND('',#21609,.F.);
#21609 = EDGE_LOOP('',(#21610,#21616,#21617,#21623));
#21610 = ORIENTED_EDGE('',*,*,#21611,.F.);
#21611 = EDGE_CURVE('',#21532,#21572,#21612,.T.);
#21612 = LINE('',#21613,#21614);
#21613 = CARTESIAN_POINT('',(4.064E+03,4.7752E+03,2.86385E+03));
#21614 = VECTOR('',#21615,1.);
#21615 = DIRECTION('',(1.,0.,0.));
#21616 = ORIENTED_EDGE('',*,*,#21531,.T.);
#21617 = ORIENTED_EDGE('',*,*,#21618,.T.);
#21618 = EDGE_CURVE('',#21534,#21574,#21619,.T.);
#21619 = LINE('',#21620,#21621);
#21620 = CARTESIAN_POINT('',(4.064E+03,4.7752E+03,3.048E+03));
#21621 = VECTOR('',#21622,1.);
#21622 = DIRECTION('',(1.,0.,0.));
#21623 = ORIENTED_EDGE('',*,*,#21571,.F.);
#21624 = PLANE('',#21625);
#21625 = AXIS2_PLACEMENT_3D('',#21626,#21627,#21628);
#21626 = CARTESIAN_POINT('',(4.064E+03,4.7752E+03,2.86385E+03));
#21627 = DIRECTION('',(0.,1.,0.));
#21628 = DIRECTION('',(0.,0.,1.));
#21629 = ADVANCED_FACE('',(#21630),#21646,.T.);
#21630 = FACE_BOUND('',#21631,.T.);
#21631 = EDGE_LOOP('',(#21632,#21638,#21639,#21645));
#21632 = ORIENTED_EDGE('',*,*,#21633,.F.);
#21633 = EDGE_CURVE('',#21542,#21582,#21634,.T.);
#21634 = LINE('',#21635,#21636);
#21635 = CARTESIAN_POINT('',(4.064E+03,6.2484E+03,2.86385E+03));
#21636 = VECTOR('',#21637,1.);
#21637 = DIRECTION('',(1.,0.,0.));
#21638 = ORIENTED_EDGE('',*,*,#21549,.T.);
#21639 = ORIENTED_EDGE('',*,*,#21640,.T.);
#21640 = EDGE_CURVE('',#21550,#21590,#21641,.T.);
#21641 = LINE('',#21642,#21643);
#21642 = CARTESIAN_POINT('',(4.064E+03,6.2484E+03,3.048E+03));
#21643 = VECTOR('',#21644,1.);
#21644 = DIRECTION('',(1.,0.,0.));
#21645 = ORIENTED_EDGE('',*,*,#21589,.F.);
#21646 = PLANE('',#21647);
#21647 = AXIS2_PLACEMENT_3D('',#21648,#21649,#21650);
#21648 = CARTESIAN_POINT('',(4.064E+03,6.2484E+03,2.86385E+03));
#21649 = DIRECTION('',(0.,1.,0.));
#21650 = DIRECTION('',(0.,0.,1.));
#21651 = ADVANCED_FACE('',(#21652),#21658,.F.);
#21652 = FACE_BOUND('',#21653,.F.);
#21653 = EDGE_LOOP('',(#21654,#21655,#21656,#21657));
#21654 = ORIENTED_EDGE('',*,*,#21541,.F.);
#21655 = ORIENTED_EDGE('',*,*,#21611,.T.);
#21656 = ORIENTED_EDGE('',*,*,#21581,.T.);
#21657 = ORIENTED_EDGE('',*,*,#21633,.F.);
#21658 = PLANE('',#21659);
#21659 = AXIS2_PLACEMENT_3D('',#21660,#21661,#21662);
#21660 = CARTESIAN_POINT('',(4.064E+03,4.7752E+03,2.86385E+03));
#21661 = DIRECTION('',(0.,0.,1.));
#21662 = DIRECTION('',(1.,0.,0.));
#21663 = ADVANCED_FACE('',(#21664),#21670,.T.);
#21664 = FACE_BOUND('',#21665,.T.);
#21665 = EDGE_LOOP('',(#21666,#21667,#21668,#21669));
#21666 = ORIENTED_EDGE('',*,*,#21557,.F.);
#21667 = ORIENTED_EDGE('',*,*,#21618,.T.);
#21668 = ORIENTED_EDGE('',*,*,#21597,.T.);
#21669 = ORIENTED_EDGE('',*,*,#21640,.F.);
#21670 = PLANE('',#21671);
#21671 = AXIS2_PLACEMENT_3D('',#21672,#21673,#21674);
#21672 = CARTESIAN_POINT('',(4.064E+03,4.7752E+03,3.048E+03));
#21673 = DIRECTION('',(0.,0.,1.));
#21674 = DIRECTION('',(1.,0.,0.));
#21675 = MANIFOLD_SOLID_BREP('',#21676);
#21676 = CLOSED_SHELL('',(#21677,#21717,#21757,#21779,#21801,#21813));
#21677 = ADVANCED_FACE('',(#21678),#21712,.F.);
#21678 = FACE_BOUND('',#21679,.F.);
#21679 = EDGE_LOOP('',(#21680,#21690,#21698,#21706));
#21680 = ORIENTED_EDGE('',*,*,#21681,.F.);
#21681 = EDGE_CURVE('',#21682,#21684,#21686,.T.);
#21682 = VERTEX_POINT('',#21683);
#21683 = CARTESIAN_POINT('',(4.4704E+03,4.7752E+03,2.86385E+03));
#21684 = VERTEX_POINT('',#21685);
#21685 = CARTESIAN_POINT('',(4.4704E+03,4.7752E+03,3.048E+03));
#21686 = LINE('',#21687,#21688);
#21687 = CARTESIAN_POINT('',(4.4704E+03,4.7752E+03,2.86385E+03));
#21688 = VECTOR('',#21689,1.);
#21689 = DIRECTION('',(0.,0.,1.));
#21690 = ORIENTED_EDGE('',*,*,#21691,.T.);
#21691 = EDGE_CURVE('',#21682,#21692,#21694,.T.);
#21692 = VERTEX_POINT('',#21693);
#21693 = CARTESIAN_POINT('',(4.4704E+03,6.2484E+03,2.86385E+03));
#21694 = LINE('',#21695,#21696);
#21695 = CARTESIAN_POINT('',(4.4704E+03,4.7752E+03,2.86385E+03));
#21696 = VECTOR('',#21697,1.);
#21697 = DIRECTION('',(0.,1.,0.));
#21698 = ORIENTED_EDGE('',*,*,#21699,.T.);
#21699 = EDGE_CURVE('',#21692,#21700,#21702,.T.);
#21700 = VERTEX_POINT('',#21701);
#21701 = CARTESIAN_POINT('',(4.4704E+03,6.2484E+03,3.048E+03));
#21702 = LINE('',#21703,#21704);
#21703 = CARTESIAN_POINT('',(4.4704E+03,6.2484E+03,2.86385E+03));
#21704 = VECTOR('',#21705,1.);
#21705 = DIRECTION('',(0.,0.,1.));
#21706 = ORIENTED_EDGE('',*,*,#21707,.F.);
#21707 = EDGE_CURVE('',#21684,#21700,#21708,.T.);
#21708 = LINE('',#21709,#21710);
#21709 = CARTESIAN_POINT('',(4.4704E+03,4.7752E+03,3.048E+03));
#21710 = VECTOR('',#21711,1.);
#21711 = DIRECTION('',(0.,1.,0.));
#21712 = PLANE('',#21713);
#21713 = AXIS2_PLACEMENT_3D('',#21714,#21715,#21716);
#21714 = CARTESIAN_POINT('',(4.4704E+03,4.7752E+03,2.86385E+03));
#21715 = DIRECTION('',(1.,0.,0.));
#21716 = DIRECTION('',(0.,0.,1.));
#21717 = ADVANCED_FACE('',(#21718),#21752,.T.);
#21718 = FACE_BOUND('',#21719,.T.);
#21719 = EDGE_LOOP('',(#21720,#21730,#21738,#21746));
#21720 = ORIENTED_EDGE('',*,*,#21721,.F.);
#21721 = EDGE_CURVE('',#21722,#21724,#21726,.T.);
#21722 = VERTEX_POINT('',#21723);
#21723 = CARTESIAN_POINT('',(4.5085E+03,4.7752E+03,2.86385E+03));
#21724 = VERTEX_POINT('',#21725);
#21725 = CARTESIAN_POINT('',(4.5085E+03,4.7752E+03,3.048E+03));
#21726 = LINE('',#21727,#21728);
#21727 = CARTESIAN_POINT('',(4.5085E+03,4.7752E+03,2.86385E+03));
#21728 = VECTOR('',#21729,1.);
#21729 = DIRECTION('',(0.,0.,1.));
#21730 = ORIENTED_EDGE('',*,*,#21731,.T.);
#21731 = EDGE_CURVE('',#21722,#21732,#21734,.T.);
#21732 = VERTEX_POINT('',#21733);
#21733 = CARTESIAN_POINT('',(4.5085E+03,6.2484E+03,2.86385E+03));
#21734 = LINE('',#21735,#21736);
#21735 = CARTESIAN_POINT('',(4.5085E+03,4.7752E+03,2.86385E+03));
#21736 = VECTOR('',#21737,1.);
#21737 = DIRECTION('',(0.,1.,0.));
#21738 = ORIENTED_EDGE('',*,*,#21739,.T.);
#21739 = EDGE_CURVE('',#21732,#21740,#21742,.T.);
#21740 = VERTEX_POINT('',#21741);
#21741 = CARTESIAN_POINT('',(4.5085E+03,6.2484E+03,3.048E+03));
#21742 = LINE('',#21743,#21744);
#21743 = CARTESIAN_POINT('',(4.5085E+03,6.2484E+03,2.86385E+03));
#21744 = VECTOR('',#21745,1.);
#21745 = DIRECTION('',(0.,0.,1.));
#21746 = ORIENTED_EDGE('',*,*,#21747,.F.);
#21747 = EDGE_CURVE('',#21724,#21740,#21748,.T.);
#21748 = LINE('',#21749,#21750);
#21749 = CARTESIAN_POINT('',(4.5085E+03,4.7752E+03,3.048E+03));
#21750 = VECTOR('',#21751,1.);
#21751 = DIRECTION('',(0.,1.,0.));
#21752 = PLANE('',#21753);
#21753 = AXIS2_PLACEMENT_3D('',#21754,#21755,#21756);
#21754 = CARTESIAN_POINT('',(4.5085E+03,4.7752E+03,2.86385E+03));
#21755 = DIRECTION('',(1.,0.,0.));
#21756 = DIRECTION('',(0.,0.,1.));
#21757 = ADVANCED_FACE('',(#21758),#21774,.F.);
#21758 = FACE_BOUND('',#21759,.F.);
#21759 = EDGE_LOOP('',(#21760,#21766,#21767,#21773));
#21760 = ORIENTED_EDGE('',*,*,#21761,.F.);
#21761 = EDGE_CURVE('',#21682,#21722,#21762,.T.);
#21762 = LINE('',#21763,#21764);
#21763 = CARTESIAN_POINT('',(4.4704E+03,4.7752E+03,2.86385E+03));
#21764 = VECTOR('',#21765,1.);
#21765 = DIRECTION('',(1.,0.,0.));
#21766 = ORIENTED_EDGE('',*,*,#21681,.T.);
#21767 = ORIENTED_EDGE('',*,*,#21768,.T.);
#21768 = EDGE_CURVE('',#21684,#21724,#21769,.T.);
#21769 = LINE('',#21770,#21771);
#21770 = CARTESIAN_POINT('',(4.4704E+03,4.7752E+03,3.048E+03));
#21771 = VECTOR('',#21772,1.);
#21772 = DIRECTION('',(1.,0.,0.));
#21773 = ORIENTED_EDGE('',*,*,#21721,.F.);
#21774 = PLANE('',#21775);
#21775 = AXIS2_PLACEMENT_3D('',#21776,#21777,#21778);
#21776 = CARTESIAN_POINT('',(4.4704E+03,4.7752E+03,2.86385E+03));
#21777 = DIRECTION('',(0.,1.,0.));
#21778 = DIRECTION('',(0.,0.,1.));
#21779 = ADVANCED_FACE('',(#21780),#21796,.T.);
#21780 = FACE_BOUND('',#21781,.T.);
#21781 = EDGE_LOOP('',(#21782,#21788,#21789,#21795));
#21782 = ORIENTED_EDGE('',*,*,#21783,.F.);
#21783 = EDGE_CURVE('',#21692,#21732,#21784,.T.);
#21784 = LINE('',#21785,#21786);
#21785 = CARTESIAN_POINT('',(4.4704E+03,6.2484E+03,2.86385E+03));
#21786 = VECTOR('',#21787,1.);
#21787 = DIRECTION('',(1.,0.,0.));
#21788 = ORIENTED_EDGE('',*,*,#21699,.T.);
#21789 = ORIENTED_EDGE('',*,*,#21790,.T.);
#21790 = EDGE_CURVE('',#21700,#21740,#21791,.T.);
#21791 = LINE('',#21792,#21793);
#21792 = CARTESIAN_POINT('',(4.4704E+03,6.2484E+03,3.048E+03));
#21793 = VECTOR('',#21794,1.);
#21794 = DIRECTION('',(1.,0.,0.));
#21795 = ORIENTED_EDGE('',*,*,#21739,.F.);
#21796 = PLANE('',#21797);
#21797 = AXIS2_PLACEMENT_3D('',#21798,#21799,#21800);
#21798 = CARTESIAN_POINT('',(4.4704E+03,6.2484E+03,2.86385E+03));
#21799 = DIRECTION('',(0.,1.,0.));
#21800 = DIRECTION('',(0.,0.,1.));
#21801 = ADVANCED_FACE('',(#21802),#21808,.F.);
#21802 = FACE_BOUND('',#21803,.F.);
#21803 = EDGE_LOOP('',(#21804,#21805,#21806,#21807));
#21804 = ORIENTED_EDGE('',*,*,#21691,.F.);
#21805 = ORIENTED_EDGE('',*,*,#21761,.T.);
#21806 = ORIENTED_EDGE('',*,*,#21731,.T.);
#21807 = ORIENTED_EDGE('',*,*,#21783,.F.);
#21808 = PLANE('',#21809);
#21809 = AXIS2_PLACEMENT_3D('',#21810,#21811,#21812);
#21810 = CARTESIAN_POINT('',(4.4704E+03,4.7752E+03,2.86385E+03));
#21811 = DIRECTION('',(0.,0.,1.));
#21812 = DIRECTION('',(1.,0.,0.));
#21813 = ADVANCED_FACE('',(#21814),#21820,.T.);
#21814 = FACE_BOUND('',#21815,.T.);
#21815 = EDGE_LOOP('',(#21816,#21817,#21818,#21819));
#21816 = ORIENTED_EDGE('',*,*,#21707,.F.);
#21817 = ORIENTED_EDGE('',*,*,#21768,.T.);
#21818 = ORIENTED_EDGE('',*,*,#21747,.T.);
#21819 = ORIENTED_EDGE('',*,*,#21790,.F.);
#21820 = PLANE('',#21821);
#21821 = AXIS2_PLACEMENT_3D('',#21822,#21823,#21824);
#21822 = CARTESIAN_POINT('',(4.4704E+03,4.7752E+03,3.048E+03));
#21823 = DIRECTION('',(0.,0.,1.));
#21824 = DIRECTION('',(1.,0.,0.));
#21825 = MANIFOLD_SOLID_BREP('',#21826);
#21826 = CLOSED_SHELL('',(#21827,#21867,#21907,#21929,#21951,#21963));
#21827 = ADVANCED_FACE('',(#21828),#21862,.F.);
#21828 = FACE_BOUND('',#21829,.F.);
#21829 = EDGE_LOOP('',(#21830,#21840,#21848,#21856));
#21830 = ORIENTED_EDGE('',*,*,#21831,.F.);
#21831 = EDGE_CURVE('',#21832,#21834,#21836,.T.);
#21832 = VERTEX_POINT('',#21833);
#21833 = CARTESIAN_POINT('',(4.8768E+03,4.7752E+03,2.86385E+03));
#21834 = VERTEX_POINT('',#21835);
#21835 = CARTESIAN_POINT('',(4.8768E+03,4.7752E+03,3.048E+03));
#21836 = LINE('',#21837,#21838);
#21837 = CARTESIAN_POINT('',(4.8768E+03,4.7752E+03,2.86385E+03));
#21838 = VECTOR('',#21839,1.);
#21839 = DIRECTION('',(0.,0.,1.));
#21840 = ORIENTED_EDGE('',*,*,#21841,.T.);
#21841 = EDGE_CURVE('',#21832,#21842,#21844,.T.);
#21842 = VERTEX_POINT('',#21843);
#21843 = CARTESIAN_POINT('',(4.8768E+03,6.2484E+03,2.86385E+03));
#21844 = LINE('',#21845,#21846);
#21845 = CARTESIAN_POINT('',(4.8768E+03,4.7752E+03,2.86385E+03));
#21846 = VECTOR('',#21847,1.);
#21847 = DIRECTION('',(0.,1.,0.));
#21848 = ORIENTED_EDGE('',*,*,#21849,.T.);
#21849 = EDGE_CURVE('',#21842,#21850,#21852,.T.);
#21850 = VERTEX_POINT('',#21851);
#21851 = CARTESIAN_POINT('',(4.8768E+03,6.2484E+03,3.048E+03));
#21852 = LINE('',#21853,#21854);
#21853 = CARTESIAN_POINT('',(4.8768E+03,6.2484E+03,2.86385E+03));
#21854 = VECTOR('',#21855,1.);
#21855 = DIRECTION('',(0.,0.,1.));
#21856 = ORIENTED_EDGE('',*,*,#21857,.F.);
#21857 = EDGE_CURVE('',#21834,#21850,#21858,.T.);
#21858 = LINE('',#21859,#21860);
#21859 = CARTESIAN_POINT('',(4.8768E+03,4.7752E+03,3.048E+03));
#21860 = VECTOR('',#21861,1.);
#21861 = DIRECTION('',(0.,1.,0.));
#21862 = PLANE('',#21863);
#21863 = AXIS2_PLACEMENT_3D('',#21864,#21865,#21866);
#21864 = CARTESIAN_POINT('',(4.8768E+03,4.7752E+03,2.86385E+03));
#21865 = DIRECTION('',(1.,0.,0.));
#21866 = DIRECTION('',(0.,0.,1.));
#21867 = ADVANCED_FACE('',(#21868),#21902,.T.);
#21868 = FACE_BOUND('',#21869,.T.);
#21869 = EDGE_LOOP('',(#21870,#21880,#21888,#21896));
#21870 = ORIENTED_EDGE('',*,*,#21871,.F.);
#21871 = EDGE_CURVE('',#21872,#21874,#21876,.T.);
#21872 = VERTEX_POINT('',#21873);
#21873 = CARTESIAN_POINT('',(4.9149E+03,4.7752E+03,2.86385E+03));
#21874 = VERTEX_POINT('',#21875);
#21875 = CARTESIAN_POINT('',(4.9149E+03,4.7752E+03,3.048E+03));
#21876 = LINE('',#21877,#21878);
#21877 = CARTESIAN_POINT('',(4.9149E+03,4.7752E+03,2.86385E+03));
#21878 = VECTOR('',#21879,1.);
#21879 = DIRECTION('',(0.,0.,1.));
#21880 = ORIENTED_EDGE('',*,*,#21881,.T.);
#21881 = EDGE_CURVE('',#21872,#21882,#21884,.T.);
#21882 = VERTEX_POINT('',#21883);
#21883 = CARTESIAN_POINT('',(4.9149E+03,6.2484E+03,2.86385E+03));
#21884 = LINE('',#21885,#21886);
#21885 = CARTESIAN_POINT('',(4.9149E+03,4.7752E+03,2.86385E+03));
#21886 = VECTOR('',#21887,1.);
#21887 = DIRECTION('',(0.,1.,0.));
#21888 = ORIENTED_EDGE('',*,*,#21889,.T.);
#21889 = EDGE_CURVE('',#21882,#21890,#21892,.T.);
#21890 = VERTEX_POINT('',#21891);
#21891 = CARTESIAN_POINT('',(4.9149E+03,6.2484E+03,3.048E+03));
#21892 = LINE('',#21893,#21894);
#21893 = CARTESIAN_POINT('',(4.9149E+03,6.2484E+03,2.86385E+03));
#21894 = VECTOR('',#21895,1.);
#21895 = DIRECTION('',(0.,0.,1.));
#21896 = ORIENTED_EDGE('',*,*,#21897,.F.);
#21897 = EDGE_CURVE('',#21874,#21890,#21898,.T.);
#21898 = LINE('',#21899,#21900);
#21899 = CARTESIAN_POINT('',(4.9149E+03,4.7752E+03,3.048E+03));
#21900 = VECTOR('',#21901,1.);
#21901 = DIRECTION('',(0.,1.,0.));
#21902 = PLANE('',#21903);
#21903 = AXIS2_PLACEMENT_3D('',#21904,#21905,#21906);
#21904 = CARTESIAN_POINT('',(4.9149E+03,4.7752E+03,2.86385E+03));
#21905 = DIRECTION('',(1.,0.,0.));
#21906 = DIRECTION('',(0.,0.,1.));
#21907 = ADVANCED_FACE('',(#21908),#21924,.F.);
#21908 = FACE_BOUND('',#21909,.F.);
#21909 = EDGE_LOOP('',(#21910,#21916,#21917,#21923));
#21910 = ORIENTED_EDGE('',*,*,#21911,.F.);
#21911 = EDGE_CURVE('',#21832,#21872,#21912,.T.);
#21912 = LINE('',#21913,#21914);
#21913 = CARTESIAN_POINT('',(4.8768E+03,4.7752E+03,2.86385E+03));
#21914 = VECTOR('',#21915,1.);
#21915 = DIRECTION('',(1.,0.,0.));
#21916 = ORIENTED_EDGE('',*,*,#21831,.T.);
#21917 = ORIENTED_EDGE('',*,*,#21918,.T.);
#21918 = EDGE_CURVE('',#21834,#21874,#21919,.T.);
#21919 = LINE('',#21920,#21921);
#21920 = CARTESIAN_POINT('',(4.8768E+03,4.7752E+03,3.048E+03));
#21921 = VECTOR('',#21922,1.);
#21922 = DIRECTION('',(1.,0.,0.));
#21923 = ORIENTED_EDGE('',*,*,#21871,.F.);
#21924 = PLANE('',#21925);
#21925 = AXIS2_PLACEMENT_3D('',#21926,#21927,#21928);
#21926 = CARTESIAN_POINT('',(4.8768E+03,4.7752E+03,2.86385E+03));
#21927 = DIRECTION('',(0.,1.,0.));
#21928 = DIRECTION('',(0.,0.,1.));
#21929 = ADVANCED_FACE('',(#21930),#21946,.T.);
#21930 = FACE_BOUND('',#21931,.T.);
#21931 = EDGE_LOOP('',(#21932,#21938,#21939,#21945));
#21932 = ORIENTED_EDGE('',*,*,#21933,.F.);
#21933 = EDGE_CURVE('',#21842,#21882,#21934,.T.);
#21934 = LINE('',#21935,#21936);
#21935 = CARTESIAN_POINT('',(4.8768E+03,6.2484E+03,2.86385E+03));
#21936 = VECTOR('',#21937,1.);
#21937 = DIRECTION('',(1.,0.,0.));
#21938 = ORIENTED_EDGE('',*,*,#21849,.T.);
#21939 = ORIENTED_EDGE('',*,*,#21940,.T.);
#21940 = EDGE_CURVE('',#21850,#21890,#21941,.T.);
#21941 = LINE('',#21942,#21943);
#21942 = CARTESIAN_POINT('',(4.8768E+03,6.2484E+03,3.048E+03));
#21943 = VECTOR('',#21944,1.);
#21944 = DIRECTION('',(1.,0.,0.));
#21945 = ORIENTED_EDGE('',*,*,#21889,.F.);
#21946 = PLANE('',#21947);
#21947 = AXIS2_PLACEMENT_3D('',#21948,#21949,#21950);
#21948 = CARTESIAN_POINT('',(4.8768E+03,6.2484E+03,2.86385E+03));
#21949 = DIRECTION('',(0.,1.,0.));
#21950 = DIRECTION('',(0.,0.,1.));
#21951 = ADVANCED_FACE('',(#21952),#21958,.F.);
#21952 = FACE_BOUND('',#21953,.F.);
#21953 = EDGE_LOOP('',(#21954,#21955,#21956,#21957));
#21954 = ORIENTED_EDGE('',*,*,#21841,.F.);
#21955 = ORIENTED_EDGE('',*,*,#21911,.T.);
#21956 = ORIENTED_EDGE('',*,*,#21881,.T.);
#21957 = ORIENTED_EDGE('',*,*,#21933,.F.);
#21958 = PLANE('',#21959);
#21959 = AXIS2_PLACEMENT_3D('',#21960,#21961,#21962);
#21960 = CARTESIAN_POINT('',(4.8768E+03,4.7752E+03,2.86385E+03));
#21961 = DIRECTION('',(0.,0.,1.));
#21962 = DIRECTION('',(1.,0.,0.));
#21963 = ADVANCED_FACE('',(#21964),#21970,.T.);
#21964 = FACE_BOUND('',#21965,.T.);
#21965 = EDGE_LOOP('',(#21966,#21967,#21968,#21969));
#21966 = ORIENTED_EDGE('',*,*,#21857,.F.);
#21967 = ORIENTED_EDGE('',*,*,#21918,.T.);
#21968 = ORIENTED_EDGE('',*,*,#21897,.T.);
#21969 = ORIENTED_EDGE('',*,*,#21940,.F.);
#21970 = PLANE('',#21971);
#21971 = AXIS2_PLACEMENT_3D('',#21972,#21973,#21974);
#21972 = CARTESIAN_POINT('',(4.8768E+03,4.7752E+03,3.048E+03));
#21973 = DIRECTION('',(0.,0.,1.));
#21974 = DIRECTION('',(1.,0.,0.));
#21975 = MANIFOLD_SOLID_BREP('',#21976);
#21976 = CLOSED_SHELL('',(#21977,#22017,#22057,#22079,#22101,#22113));
#21977 = ADVANCED_FACE('',(#21978),#22012,.F.);
#21978 = FACE_BOUND('',#21979,.F.);
#21979 = EDGE_LOOP('',(#21980,#21990,#21998,#22006));
#21980 = ORIENTED_EDGE('',*,*,#21981,.F.);
#21981 = EDGE_CURVE('',#21982,#21984,#21986,.T.);
#21982 = VERTEX_POINT('',#21983);
#21983 = CARTESIAN_POINT('',(5.2832E+03,4.7752E+03,2.86385E+03));
#21984 = VERTEX_POINT('',#21985);
#21985 = CARTESIAN_POINT('',(5.2832E+03,4.7752E+03,3.048E+03));
#21986 = LINE('',#21987,#21988);
#21987 = CARTESIAN_POINT('',(5.2832E+03,4.7752E+03,2.86385E+03));
#21988 = VECTOR('',#21989,1.);
#21989 = DIRECTION('',(0.,0.,1.));
#21990 = ORIENTED_EDGE('',*,*,#21991,.T.);
#21991 = EDGE_CURVE('',#21982,#21992,#21994,.T.);
#21992 = VERTEX_POINT('',#21993);
#21993 = CARTESIAN_POINT('',(5.2832E+03,6.2484E+03,2.86385E+03));
#21994 = LINE('',#21995,#21996);
#21995 = CARTESIAN_POINT('',(5.2832E+03,4.7752E+03,2.86385E+03));
#21996 = VECTOR('',#21997,1.);
#21997 = DIRECTION('',(0.,1.,0.));
#21998 = ORIENTED_EDGE('',*,*,#21999,.T.);
#21999 = EDGE_CURVE('',#21992,#22000,#22002,.T.);
#22000 = VERTEX_POINT('',#22001);
#22001 = CARTESIAN_POINT('',(5.2832E+03,6.2484E+03,3.048E+03));
#22002 = LINE('',#22003,#22004);
#22003 = CARTESIAN_POINT('',(5.2832E+03,6.2484E+03,2.86385E+03));
#22004 = VECTOR('',#22005,1.);
#22005 = DIRECTION('',(0.,0.,1.));
#22006 = ORIENTED_EDGE('',*,*,#22007,.F.);
#22007 = EDGE_CURVE('',#21984,#22000,#22008,.T.);
#22008 = LINE('',#22009,#22010);
#22009 = CARTESIAN_POINT('',(5.2832E+03,4.7752E+03,3.048E+03));
#22010 = VECTOR('',#22011,1.);
#22011 = DIRECTION('',(0.,1.,0.));
#22012 = PLANE('',#22013);
#22013 = AXIS2_PLACEMENT_3D('',#22014,#22015,#22016);
#22014 = CARTESIAN_POINT('',(5.2832E+03,4.7752E+03,2.86385E+03));
#22015 = DIRECTION('',(1.,0.,0.));
#22016 = DIRECTION('',(0.,0.,1.));
#22017 = ADVANCED_FACE('',(#22018),#22052,.T.);
#22018 = FACE_BOUND('',#22019,.T.);
#22019 = EDGE_LOOP('',(#22020,#22030,#22038,#22046));
#22020 = ORIENTED_EDGE('',*,*,#22021,.F.);
#22021 = EDGE_CURVE('',#22022,#22024,#22026,.T.);
#22022 = VERTEX_POINT('',#22023);
#22023 = CARTESIAN_POINT('',(5.3213E+03,4.7752E+03,2.86385E+03));
#22024 = VERTEX_POINT('',#22025);
#22025 = CARTESIAN_POINT('',(5.3213E+03,4.7752E+03,3.048E+03));
#22026 = LINE('',#22027,#22028);
#22027 = CARTESIAN_POINT('',(5.3213E+03,4.7752E+03,2.86385E+03));
#22028 = VECTOR('',#22029,1.);
#22029 = DIRECTION('',(0.,0.,1.));
#22030 = ORIENTED_EDGE('',*,*,#22031,.T.);
#22031 = EDGE_CURVE('',#22022,#22032,#22034,.T.);
#22032 = VERTEX_POINT('',#22033);
#22033 = CARTESIAN_POINT('',(5.3213E+03,6.2484E+03,2.86385E+03));
#22034 = LINE('',#22035,#22036);
#22035 = CARTESIAN_POINT('',(5.3213E+03,4.7752E+03,2.86385E+03));
#22036 = VECTOR('',#22037,1.);
#22037 = DIRECTION('',(0.,1.,0.));
#22038 = ORIENTED_EDGE('',*,*,#22039,.T.);
#22039 = EDGE_CURVE('',#22032,#22040,#22042,.T.);
#22040 = VERTEX_POINT('',#22041);
#22041 = CARTESIAN_POINT('',(5.3213E+03,6.2484E+03,3.048E+03));
#22042 = LINE('',#22043,#22044);
#22043 = CARTESIAN_POINT('',(5.3213E+03,6.2484E+03,2.86385E+03));
#22044 = VECTOR('',#22045,1.);
#22045 = DIRECTION('',(0.,0.,1.));
#22046 = ORIENTED_EDGE('',*,*,#22047,.F.);
#22047 = EDGE_CURVE('',#22024,#22040,#22048,.T.);
#22048 = LINE('',#22049,#22050);
#22049 = CARTESIAN_POINT('',(5.3213E+03,4.7752E+03,3.048E+03));
#22050 = VECTOR('',#22051,1.);
#22051 = DIRECTION('',(0.,1.,0.));
#22052 = PLANE('',#22053);
#22053 = AXIS2_PLACEMENT_3D('',#22054,#22055,#22056);
#22054 = CARTESIAN_POINT('',(5.3213E+03,4.7752E+03,2.86385E+03));
#22055 = DIRECTION('',(1.,0.,0.));
#22056 = DIRECTION('',(0.,0.,1.));
#22057 = ADVANCED_FACE('',(#22058),#22074,.F.);
#22058 = FACE_BOUND('',#22059,.F.);
#22059 = EDGE_LOOP('',(#22060,#22066,#22067,#22073));
#22060 = ORIENTED_EDGE('',*,*,#22061,.F.);
#22061 = EDGE_CURVE('',#21982,#22022,#22062,.T.);
#22062 = LINE('',#22063,#22064);
#22063 = CARTESIAN_POINT('',(5.2832E+03,4.7752E+03,2.86385E+03));
#22064 = VECTOR('',#22065,1.);
#22065 = DIRECTION('',(1.,0.,0.));
#22066 = ORIENTED_EDGE('',*,*,#21981,.T.);
#22067 = ORIENTED_EDGE('',*,*,#22068,.T.);
#22068 = EDGE_CURVE('',#21984,#22024,#22069,.T.);
#22069 = LINE('',#22070,#22071);
#22070 = CARTESIAN_POINT('',(5.2832E+03,4.7752E+03,3.048E+03));
#22071 = VECTOR('',#22072,1.);
#22072 = DIRECTION('',(1.,0.,0.));
#22073 = ORIENTED_EDGE('',*,*,#22021,.F.);
#22074 = PLANE('',#22075);
#22075 = AXIS2_PLACEMENT_3D('',#22076,#22077,#22078);
#22076 = CARTESIAN_POINT('',(5.2832E+03,4.7752E+03,2.86385E+03));
#22077 = DIRECTION('',(0.,1.,0.));
#22078 = DIRECTION('',(0.,0.,1.));
#22079 = ADVANCED_FACE('',(#22080),#22096,.T.);
#22080 = FACE_BOUND('',#22081,.T.);
#22081 = EDGE_LOOP('',(#22082,#22088,#22089,#22095));
#22082 = ORIENTED_EDGE('',*,*,#22083,.F.);
#22083 = EDGE_CURVE('',#21992,#22032,#22084,.T.);
#22084 = LINE('',#22085,#22086);
#22085 = CARTESIAN_POINT('',(5.2832E+03,6.2484E+03,2.86385E+03));
#22086 = VECTOR('',#22087,1.);
#22087 = DIRECTION('',(1.,0.,0.));
#22088 = ORIENTED_EDGE('',*,*,#21999,.T.);
#22089 = ORIENTED_EDGE('',*,*,#22090,.T.);
#22090 = EDGE_CURVE('',#22000,#22040,#22091,.T.);
#22091 = LINE('',#22092,#22093);
#22092 = CARTESIAN_POINT('',(5.2832E+03,6.2484E+03,3.048E+03));
#22093 = VECTOR('',#22094,1.);
#22094 = DIRECTION('',(1.,0.,0.));
#22095 = ORIENTED_EDGE('',*,*,#22039,.F.);
#22096 = PLANE('',#22097);
#22097 = AXIS2_PLACEMENT_3D('',#22098,#22099,#22100);
#22098 = CARTESIAN_POINT('',(5.2832E+03,6.2484E+03,2.86385E+03));
#22099 = DIRECTION('',(0.,1.,0.));
#22100 = DIRECTION('',(0.,0.,1.));
#22101 = ADVANCED_FACE('',(#22102),#22108,.F.);
#22102 = FACE_BOUND('',#22103,.F.);
#22103 = EDGE_LOOP('',(#22104,#22105,#22106,#22107));
#22104 = ORIENTED_EDGE('',*,*,#21991,.F.);
#22105 = ORIENTED_EDGE('',*,*,#22061,.T.);
#22106 = ORIENTED_EDGE('',*,*,#22031,.T.);
#22107 = ORIENTED_EDGE('',*,*,#22083,.F.);
#22108 = PLANE('',#22109);
#22109 = AXIS2_PLACEMENT_3D('',#22110,#22111,#22112);
#22110 = CARTESIAN_POINT('',(5.2832E+03,4.7752E+03,2.86385E+03));
#22111 = DIRECTION('',(0.,0.,1.));
#22112 = DIRECTION('',(1.,0.,0.));
#22113 = ADVANCED_FACE('',(#22114),#22120,.T.);
#22114 = FACE_BOUND('',#22115,.T.);
#22115 = EDGE_LOOP('',(#22116,#22117,#22118,#22119));
#22116 = ORIENTED_EDGE('',*,*,#22007,.F.);
#22117 = ORIENTED_EDGE('',*,*,#22068,.T.);
#22118 = ORIENTED_EDGE('',*,*,#22047,.T.);
#22119 = ORIENTED_EDGE('',*,*,#22090,.F.);
#22120 = PLANE('',#22121);
#22121 = AXIS2_PLACEMENT_3D('',#22122,#22123,#22124);
#22122 = CARTESIAN_POINT('',(5.2832E+03,4.7752E+03,3.048E+03));
#22123 = DIRECTION('',(0.,0.,1.));
#22124 = DIRECTION('',(1.,0.,0.));
#22125 = MANIFOLD_SOLID_BREP('',#22126);
#22126 = CLOSED_SHELL('',(#22127,#22167,#22207,#22229,#22251,#22263));
#22127 = ADVANCED_FACE('',(#22128),#22162,.F.);
#22128 = FACE_BOUND('',#22129,.F.);
#22129 = EDGE_LOOP('',(#22130,#22140,#22148,#22156));
#22130 = ORIENTED_EDGE('',*,*,#22131,.F.);
#22131 = EDGE_CURVE('',#22132,#22134,#22136,.T.);
#22132 = VERTEX_POINT('',#22133);
#22133 = CARTESIAN_POINT('',(5.58165E+03,4.7752E+03,2.86385E+03));
#22134 = VERTEX_POINT('',#22135);
#22135 = CARTESIAN_POINT('',(5.58165E+03,4.7752E+03,3.048E+03));
#22136 = LINE('',#22137,#22138);
#22137 = CARTESIAN_POINT('',(5.58165E+03,4.7752E+03,2.86385E+03));
#22138 = VECTOR('',#22139,1.);
#22139 = DIRECTION('',(0.,0.,1.));
#22140 = ORIENTED_EDGE('',*,*,#22141,.T.);
#22141 = EDGE_CURVE('',#22132,#22142,#22144,.T.);
#22142 = VERTEX_POINT('',#22143);
#22143 = CARTESIAN_POINT('',(5.58165E+03,6.2484E+03,2.86385E+03));
#22144 = LINE('',#22145,#22146);
#22145 = CARTESIAN_POINT('',(5.58165E+03,4.7752E+03,2.86385E+03));
#22146 = VECTOR('',#22147,1.);
#22147 = DIRECTION('',(0.,1.,0.));
#22148 = ORIENTED_EDGE('',*,*,#22149,.T.);
#22149 = EDGE_CURVE('',#22142,#22150,#22152,.T.);
#22150 = VERTEX_POINT('',#22151);
#22151 = CARTESIAN_POINT('',(5.58165E+03,6.2484E+03,3.048E+03));
#22152 = LINE('',#22153,#22154);
#22153 = CARTESIAN_POINT('',(5.58165E+03,6.2484E+03,2.86385E+03));
#22154 = VECTOR('',#22155,1.);
#22155 = DIRECTION('',(0.,0.,1.));
#22156 = ORIENTED_EDGE('',*,*,#22157,.F.);
#22157 = EDGE_CURVE('',#22134,#22150,#22158,.T.);
#22158 = LINE('',#22159,#22160);
#22159 = CARTESIAN_POINT('',(5.58165E+03,4.7752E+03,3.048E+03));
#22160 = VECTOR('',#22161,1.);
#22161 = DIRECTION('',(0.,1.,0.));
#22162 = PLANE('',#22163);
#22163 = AXIS2_PLACEMENT_3D('',#22164,#22165,#22166);
#22164 = CARTESIAN_POINT('',(5.58165E+03,4.7752E+03,2.86385E+03));
#22165 = DIRECTION('',(1.,0.,0.));
#22166 = DIRECTION('',(0.,0.,1.));
#22167 = ADVANCED_FACE('',(#22168),#22202,.T.);
#22168 = FACE_BOUND('',#22169,.T.);
#22169 = EDGE_LOOP('',(#22170,#22180,#22188,#22196));
#22170 = ORIENTED_EDGE('',*,*,#22171,.F.);
#22171 = EDGE_CURVE('',#22172,#22174,#22176,.T.);
#22172 = VERTEX_POINT('',#22173);
#22173 = CARTESIAN_POINT('',(5.61975E+03,4.7752E+03,2.86385E+03));
#22174 = VERTEX_POINT('',#22175);
#22175 = CARTESIAN_POINT('',(5.61975E+03,4.7752E+03,3.048E+03));
#22176 = LINE('',#22177,#22178);
#22177 = CARTESIAN_POINT('',(5.61975E+03,4.7752E+03,2.86385E+03));
#22178 = VECTOR('',#22179,1.);
#22179 = DIRECTION('',(0.,0.,1.));
#22180 = ORIENTED_EDGE('',*,*,#22181,.T.);
#22181 = EDGE_CURVE('',#22172,#22182,#22184,.T.);
#22182 = VERTEX_POINT('',#22183);
#22183 = CARTESIAN_POINT('',(5.61975E+03,6.2484E+03,2.86385E+03));
#22184 = LINE('',#22185,#22186);
#22185 = CARTESIAN_POINT('',(5.61975E+03,4.7752E+03,2.86385E+03));
#22186 = VECTOR('',#22187,1.);
#22187 = DIRECTION('',(0.,1.,0.));
#22188 = ORIENTED_EDGE('',*,*,#22189,.T.);
#22189 = EDGE_CURVE('',#22182,#22190,#22192,.T.);
#22190 = VERTEX_POINT('',#22191);
#22191 = CARTESIAN_POINT('',(5.61975E+03,6.2484E+03,3.048E+03));
#22192 = LINE('',#22193,#22194);
#22193 = CARTESIAN_POINT('',(5.61975E+03,6.2484E+03,2.86385E+03));
#22194 = VECTOR('',#22195,1.);
#22195 = DIRECTION('',(0.,0.,1.));
#22196 = ORIENTED_EDGE('',*,*,#22197,.F.);
#22197 = EDGE_CURVE('',#22174,#22190,#22198,.T.);
#22198 = LINE('',#22199,#22200);
#22199 = CARTESIAN_POINT('',(5.61975E+03,4.7752E+03,3.048E+03));
#22200 = VECTOR('',#22201,1.);
#22201 = DIRECTION('',(0.,1.,0.));
#22202 = PLANE('',#22203);
#22203 = AXIS2_PLACEMENT_3D('',#22204,#22205,#22206);
#22204 = CARTESIAN_POINT('',(5.61975E+03,4.7752E+03,2.86385E+03));
#22205 = DIRECTION('',(1.,0.,0.));
#22206 = DIRECTION('',(0.,0.,1.));
#22207 = ADVANCED_FACE('',(#22208),#22224,.F.);
#22208 = FACE_BOUND('',#22209,.F.);
#22209 = EDGE_LOOP('',(#22210,#22216,#22217,#22223));
#22210 = ORIENTED_EDGE('',*,*,#22211,.F.);
#22211 = EDGE_CURVE('',#22132,#22172,#22212,.T.);
#22212 = LINE('',#22213,#22214);
#22213 = CARTESIAN_POINT('',(5.58165E+03,4.7752E+03,2.86385E+03));
#22214 = VECTOR('',#22215,1.);
#22215 = DIRECTION('',(1.,0.,0.));
#22216 = ORIENTED_EDGE('',*,*,#22131,.T.);
#22217 = ORIENTED_EDGE('',*,*,#22218,.T.);
#22218 = EDGE_CURVE('',#22134,#22174,#22219,.T.);
#22219 = LINE('',#22220,#22221);
#22220 = CARTESIAN_POINT('',(5.58165E+03,4.7752E+03,3.048E+03));
#22221 = VECTOR('',#22222,1.);
#22222 = DIRECTION('',(1.,0.,0.));
#22223 = ORIENTED_EDGE('',*,*,#22171,.F.);
#22224 = PLANE('',#22225);
#22225 = AXIS2_PLACEMENT_3D('',#22226,#22227,#22228);
#22226 = CARTESIAN_POINT('',(5.58165E+03,4.7752E+03,2.86385E+03));
#22227 = DIRECTION('',(0.,1.,0.));
#22228 = DIRECTION('',(0.,0.,1.));
#22229 = ADVANCED_FACE('',(#22230),#22246,.T.);
#22230 = FACE_BOUND('',#22231,.T.);
#22231 = EDGE_LOOP('',(#22232,#22238,#22239,#22245));
#22232 = ORIENTED_EDGE('',*,*,#22233,.F.);
#22233 = EDGE_CURVE('',#22142,#22182,#22234,.T.);
#22234 = LINE('',#22235,#22236);
#22235 = CARTESIAN_POINT('',(5.58165E+03,6.2484E+03,2.86385E+03));
#22236 = VECTOR('',#22237,1.);
#22237 = DIRECTION('',(1.,0.,0.));
#22238 = ORIENTED_EDGE('',*,*,#22149,.T.);
#22239 = ORIENTED_EDGE('',*,*,#22240,.T.);
#22240 = EDGE_CURVE('',#22150,#22190,#22241,.T.);
#22241 = LINE('',#22242,#22243);
#22242 = CARTESIAN_POINT('',(5.58165E+03,6.2484E+03,3.048E+03));
#22243 = VECTOR('',#22244,1.);
#22244 = DIRECTION('',(1.,0.,0.));
#22245 = ORIENTED_EDGE('',*,*,#22189,.F.);
#22246 = PLANE('',#22247);
#22247 = AXIS2_PLACEMENT_3D('',#22248,#22249,#22250);
#22248 = CARTESIAN_POINT('',(5.58165E+03,6.2484E+03,2.86385E+03));
#22249 = DIRECTION('',(0.,1.,0.));
#22250 = DIRECTION('',(0.,0.,1.));
#22251 = ADVANCED_FACE('',(#22252),#22258,.F.);
#22252 = FACE_BOUND('',#22253,.F.);
#22253 = EDGE_LOOP('',(#22254,#22255,#22256,#22257));
#22254 = ORIENTED_EDGE('',*,*,#22141,.F.);
#22255 = ORIENTED_EDGE('',*,*,#22211,.T.);
#22256 = ORIENTED_EDGE('',*,*,#22181,.T.);
#22257 = ORIENTED_EDGE('',*,*,#22233,.F.);
#22258 = PLANE('',#22259);
#22259 = AXIS2_PLACEMENT_3D('',#22260,#22261,#22262);
#22260 = CARTESIAN_POINT('',(5.58165E+03,4.7752E+03,2.86385E+03));
#22261 = DIRECTION('',(0.,0.,1.));
#22262 = DIRECTION('',(1.,0.,0.));
#22263 = ADVANCED_FACE('',(#22264),#22270,.T.);
#22264 = FACE_BOUND('',#22265,.T.);
#22265 = EDGE_LOOP('',(#22266,#22267,#22268,#22269));
#22266 = ORIENTED_EDGE('',*,*,#22157,.F.);
#22267 = ORIENTED_EDGE('',*,*,#22218,.T.);
#22268 = ORIENTED_EDGE('',*,*,#22197,.T.);
#22269 = ORIENTED_EDGE('',*,*,#22240,.F.);
#22270 = PLANE('',#22271);
#22271 = AXIS2_PLACEMENT_3D('',#22272,#22273,#22274);
#22272 = CARTESIAN_POINT('',(5.58165E+03,4.7752E+03,3.048E+03));
#22273 = DIRECTION('',(0.,0.,1.));
#22274 = DIRECTION('',(1.,0.,0.));
#22275 = ( GEOMETRIC_REPRESENTATION_CONTEXT(3) 
GLOBAL_UNCERTAINTY_ASSIGNED_CONTEXT((#22279)) 
GLOBAL_UNIT_ASSIGNED_CONTEXT((#22276,#22277,#22278)) 
REPRESENTATION_CONTEXT('Context #1',
  '3D Context with UNIT and UNCERTAINTY') );
#22276 = ( LENGTH_UNIT() NAMED_UNIT(*) SI_UNIT(.MILLI.,.METRE.) );
#22277 = ( NAMED_UNIT(*) PLANE_ANGLE_UNIT() SI_UNIT($,.RADIAN.) );
#22278 = ( NAMED_UNIT(*) SI_UNIT($,.STERADIAN.) SOLID_ANGLE_UNIT() );
#22279 = UNCERTAINTY_MEASURE_WITH_UNIT(LENGTH_MEASURE(1.E-04),#22276,
  'distance_accuracy_value','confusion accuracy');
#22280 = PRODUCT_RELATED_PRODUCT_CATEGORY('part',$,(#7));
ENDSEC;
END-ISO-10303-21;
