truss,stage,case,physical_member,maximum_compression_lb,maximum_tension_lb
T1,complete,service40,T1 upper lower chord,668.7502512878398,2328.2051098749216
T1,complete,service40,T1 future floor beam,0.0,681.98289435261
T1,complete,service40,T1 vertical 1,0.0,1280.5544436945465
T1,complete,service40,T1 vertical 2,0.0,1108.0960962378524
T1,complete,service40,T1 vertical 3,49.91360441745666,0.0
T1,complete,service40,T1 vertical 4,0.0,1148.0380676433715
T1,complete,service40,T1 vertical 5,0.0,734.8513827678829
T1,complete,service40,T1 diagonal 6,3289.8962050901687,0.0
T1,complete,service40,T1 diagonal 7,0.0,1313.2752595711495
T1,complete,service40,T1 diagonal 8,0.0,1373.7091827398076
T1,complete,service40,T1 diagonal 9,3394.3073237109174,0.0
T1,complete,service40,T1 future hanger 1,0.0,341.9703419080075
T1,complete,service40,T1 future hanger 2,0.0,1127.2072456911962
T1,complete,service40,T1 future hanger 3,0.0,1406.7858454376803
T1,complete,service40,T1 future hanger 4,0.0,1164.4527054183113
T1,complete,service40,T1 future hanger 5,0.0,219.13059667971976
T1,complete,service40,T1 top / segment 1,3771.9979211461464,182.89802454098646
T1,complete,service_patches,T1 upper lower chord,716.8160144082121,2344.880910945901
T1,complete,service_patches,T1 future floor beam,0.0,727.5225538468904
T1,complete,service_patches,T1 vertical 1,0.0,1298.555812172673
T1,complete,service_patches,T1 vertical 2,0.0,1109.0381464003456
T1,complete,service_patches,T1 vertical 3,52.07099930693564,0.0
T1,complete,service_patches,T1 vertical 4,0.0,1296.6948899343415
T1,complete,service_patches,T1 vertical 5,0.0,845.0925940981177
T1,complete,service_patches,T1 diagonal 6,3342.6513924705177,0.0
T1,complete,service_patches,T1 diagonal 7,0.0,1370.506877415085
T1,complete,service_patches,T1 diagonal 8,0.0,1291.1505424094678
T1,complete,service_patches,T1 diagonal 9,3564.26609486993,0.0
T1,complete,service_patches,T1 future hanger 1,0.0,343.23034525246095
T1,complete,service_patches,T1 future hanger 2,0.0,1130.2736136702476
T1,complete,service_patches,T1 future hanger 3,0.0,1387.6468784944925
T1,complete,service_patches,T1 future hanger 4,0.0,1320.4832062164273
T1,complete,service_patches,T1 future hanger 5,0.0,304.4039863032664
T1,complete,service_patches,T1 top / segment 1,3860.5406242955555,167.50842430448182
T1,complete,typical30,T1 upper lower chord,519.6132419406838,1952.2103722986633
T1,complete,typical30,T1 future floor beam,0.0,571.3766930093403
T1,complete,typical30,T1 vertical 1,0.0,1064.4278181327459
T1,complete,typical30,T1 vertical 2,0.0,910.6514361406549
T1,complete,typical30,T1 vertical 3,48.81547175737273,0.0
T1,complete,typical30,T1 vertical 4,0.0,951.4225652927856
T1,complete,typical30,T1 vertical 5,0.0,620.3979687473324
T1,complete,typical30,T1 diagonal 6,2764.3482806025504,0.0
T1,complete,typical30,T1 diagonal 7,0.0,1118.5117147116307
T1,complete,typical30,T1 diagonal 8,0.0,1123.227318834073
T1,complete,typical30,T1 diagonal 9,2823.455343166699,0.0
T1,complete,typical30,T1 future hanger 1,0.0,277.2731297100119
T1,complete,typical30,T1 future hanger 2,0.0,918.1474716559211
T1,complete,typical30,T1 future hanger 3,0.0,1154.4431036500991
T1,complete,typical30,T1 future hanger 4,0.0,956.6443574527653
T1,complete,typical30,T1 future hanger 5,0.0,205.2302157052688
T1,complete,typical30,T1 top / segment 1,3158.6162967636014,113.74335501539971
T1,complete,storage125_sensitivity,T1 upper lower chord,1566.4177530368631,5512.527443484639
T1,complete,storage125_sensitivity,T1 future floor beam,0.0,1633.3414435418845
T1,complete,storage125_sensitivity,T1 vertical 1,0.0,2857.2039477978515
T1,complete,storage125_sensitivity,T1 vertical 2,0.0,2719.8667756045947
T1,complete,storage125_sensitivity,T1 vertical 3,58.90572197074763,0.0
T1,complete,storage125_sensitivity,T1 vertical 4,0.0,2911.1103517499937
T1,complete,storage125_sensitivity,T1 vertical 5,0.0,1760.7054005671566
T1,complete,storage125_sensitivity,T1 diagonal 6,7907.284191135538,0.0
T1,complete,storage125_sensitivity,T1 diagonal 7,0.0,3275.165755431955
T1,complete,storage125_sensitivity,T1 diagonal 8,0.0,3187.0238882984777
T1,complete,storage125_sensitivity,T1 diagonal 9,8135.186664401999,0.0
T1,complete,storage125_sensitivity,T1 future hanger 1,0.0,541.4774257181942
T1,complete,storage125_sensitivity,T1 future hanger 2,0.0,2837.7985206884505
T1,complete,storage125_sensitivity,T1 future hanger 3,0.0,3547.559658903871
T1,complete,storage125_sensitivity,T1 future hanger 4,0.0,3022.6602247027135
T1,complete,storage125_sensitivity,T1 future hanger 5,0.0,484.53074149118856
T1,complete,storage125_sensitivity,T1 top / segment 1,9158.941518645319,245.3551238178034
T1,complete,live_only,T1 upper lower chord,422.4317695718161,1498.5046269496095
T1,complete,live_only,T1 future floor beam,0.0,447.69814259828524
T1,complete,live_only,T1 vertical 1,0.0,741.9527067259793
T1,complete,live_only,T1 vertical 2,0.0,758.4803208739792
T1,complete,live_only,T1 vertical 3,4.231584879649311,0.0
T1,complete,live_only,T1 vertical 4,0.0,829.6810736599239
T1,complete,live_only,T1 vertical 5,0.0,482.7548297812301
T1,complete,live_only,T1 diagonal 6,2172.888540228851,0.0
T1,complete,live_only,T1 diagonal 7,0.0,923.2425834106436
T1,complete,live_only,T1 diagonal 8,0.0,853.3245714875078
T1,complete,live_only,T1 diagonal 9,2231.002092099614,0.0
T1,complete,live_only,T1 future hanger 1,0.0,93.88568298261116
T1,complete,live_only,T1 future hanger 2,0.0,804.9841303923023
T1,complete,live_only,T1 future hanger 3,0.0,1007.4229715400862
T1,complete,live_only,T1 future hanger 4,0.0,874.4505963682025
T1,complete,live_only,T1 future hanger 5,0.0,124.89418607382187
T1,complete,live_only,T1 top / segment 1,2535.0322660164124,30.56409898193547
T1,complete,machine200,T1 upper lower chord,634.8477887923009,2359.4392206791645
T1,complete,machine200,T1 future floor beam,0.0,695.3107325037613
T1,complete,machine200,T1 vertical 1,0.0,1265.4731854420693
T1,complete,machine200,T1 vertical 2,0.0,1098.1755180824814
T1,complete,machine200,T1 vertical 3,49.393406511080094,0.0
T1,complete,machine200,T1 vertical 4,0.0,1176.1700504173498
T1,complete,machine200,T1 vertical 5,0.0,751.7984733862695
T1,complete,machine200,T1 diagonal 6,3355.666417482833,0.0
T1,complete,machine200,T1 diagonal 7,0.0,1402.6597476591003
T1,complete,machine200,T1 diagonal 8,0.0,1372.1465447721184
T1,complete,machine200,T1 diagonal 9,3445.308209265609,0.0
T1,complete,machine200,T1 future hanger 1,0.0,301.60889290908955
T1,complete,machine200,T1 future hanger 2,0.0,1117.436893945386
T1,complete,machine200,T1 future hanger 3,0.0,1458.1179225320336
T1,complete,machine200,T1 future hanger 4,0.0,1193.4984010541016
T1,complete,machine200,T1 future hanger 5,0.0,235.92179555437477
T1,complete,machine200,T1 top / segment 1,3875.1368394266915,121.1531483685387
T1,complete,uplift20_sensitivity,T1 upper lower chord,78.14458447285507,495.6305597990652
T1,complete,uplift20_sensitivity,T1 future floor beam,0.0,142.68018765542473
T1,complete,uplift20_sensitivity,T1 vertical 1,0.0,274.13952387453384
T1,complete,uplift20_sensitivity,T1 vertical 2,0.0,197.2501386888781
T1,complete,uplift20_sensitivity,T1 vertical 3,27.344833612258753,0.0
T1,complete,uplift20_sensitivity,T1 vertical 4,0.0,208.301820804915
T1,complete,uplift20_sensitivity,T1 vertical 5,0.0,161.23439912915097
T1,complete,uplift20_sensitivity,T1 diagonal 6,698.4833502448789,0.0
T1,complete,uplift20_sensitivity,T1 diagonal 7,0.0,291.6949654289831
T1,complete,uplift20_sensitivity,T1 diagonal 8,0.0,252.78961649567287
T1,complete,uplift20_sensitivity,T1 diagonal 9,677.0208179805721,0.0
T1,complete,uplift20_sensitivity,T1 future hanger 1,0.0,82.88952553041558
T1,complete,uplift20_sensitivity,T1 future hanger 2,0.0,180.83188389390043
T1,complete,uplift20_sensitivity,T1 future hanger 3,0.0,238.83852660803785
T1,complete,uplift20_sensitivity,T1 future hanger 4,0.0,191.28814620764302
T1,complete,uplift20_sensitivity,T1 future hanger 5,0.0,84.2589124067783
T1,complete,uplift20_sensitivity,T1 top / segment 1,774.7816843222198,41.38393991003303
T1,complete,strength_screen,T1 upper lower chord,1017.9078911070202,3418.9712566020053
T1,complete,strength_screen,T1 future floor beam,0.0,1071.2450230377335
T1,complete,strength_screen,T1 vertical 1,0.0,1840.80168827822
T1,complete,strength_screen,T1 vertical 2,0.0,1629.13752052159
T1,complete,strength_screen,T1 vertical 3,65.0126258373308,0.0
T1,complete,strength_screen,T1 vertical 4,0.0,1954.932359584869
T1,complete,strength_screen,T1 vertical 5,0.0,1255.6742306108129
T1,complete,strength_screen,T1 diagonal 6,4913.81106041182,0.0
T1,complete,strength_screen,T1 diagonal 7,0.0,2062.0308982282118
T1,complete,strength_screen,T1 diagonal 8,0.0,1831.6815270851544
T1,complete,strength_screen,T1 diagonal 9,5228.33261547909,0.0
T1,complete,strength_screen,T1 future hanger 1,0.0,421.07662780033854
T1,complete,strength_screen,T1 future hanger 2,0.0,1674.0789186744425
T1,complete,strength_screen,T1 future hanger 3,0.0,2060.1489577518537
T1,complete,strength_screen,T1 future hanger 4,0.0,2004.335294647081
T1,complete,strength_screen,T1 future hanger 5,0.0,461.4780302535783
T1,complete,strength_screen,T1 top / segment 1,5696.342215950673,163.34620863353962
T1,complete,HB0.25,T1 upper lower chord,624.7680428139229,2327.6098130618993
T1,complete,HB0.25,T1 future floor beam,0.0,701.998662475924
T1,complete,HB0.25,T1 vertical 1,0.0,1262.6866014206537
T1,complete,HB0.25,T1 vertical 2,0.0,1114.8385916793593
T1,complete,HB0.25,T1 vertical 3,51.19595299305331,0.0
T1,complete,HB0.25,T1 vertical 4,0.0,1171.0641515077896
T1,complete,HB0.25,T1 vertical 5,0.0,749.6414960430299
T1,complete,HB0.25,T1 diagonal 6,3330.8202396636248,0.0
T1,complete,HB0.25,T1 diagonal 7,0.0,1356.2972822629135
T1,complete,HB0.25,T1 diagonal 8,0.0,1324.1566091656575
T1,complete,HB0.25,T1 diagonal 9,3387.237492084949,0.0
T1,complete,HB0.25,T1 future hanger 1,0.0,293.5492094695806
T1,complete,HB0.25,T1 future hanger 2,0.0,1134.719447010293
T1,complete,HB0.25,T1 future hanger 3,0.0,1401.6586017293325
T1,complete,HB0.25,T1 future hanger 4,0.0,1187.2059195775805
T1,complete,HB0.25,T1 future hanger 5,0.0,233.04274558142492
T1,complete,HB0.25,T1 top / segment 1,3820.193391862286,88.64517933390111
T1,complete,HB0.5,T1 upper lower chord,624.8363033454626,2325.9726668411245
T1,complete,HB0.5,T1 future floor beam,0.0,707.3417682534306
T1,complete,HB0.5,T1 vertical 1,0.0,1266.8896609092008
T1,complete,HB0.5,T1 vertical 2,0.0,1114.790099092524
T1,complete,HB0.5,T1 vertical 3,51.69407316293872,0.0
T1,complete,HB0.5,T1 vertical 4,0.0,1180.9911331055596
T1,complete,HB0.5,T1 vertical 5,0.0,758.5899060015449
T1,complete,HB0.5,T1 diagonal 6,3337.3363879589433,0.0
T1,complete,HB0.5,T1 diagonal 7,0.0,1364.6773032933331
T1,complete,HB0.5,T1 diagonal 8,0.0,1313.7374934036798
T1,complete,HB0.5,T1 diagonal 9,3391.3842569330036,0.0
T1,complete,HB0.5,T1 future hanger 1,0.0,294.77752173282636
T1,complete,HB0.5,T1 future hanger 2,0.0,1135.022533831271
T1,complete,HB0.5,T1 future hanger 3,0.0,1399.951076855584
T1,complete,HB0.5,T1 future hanger 4,0.0,1196.784109813863
T1,complete,HB0.5,T1 future hanger 5,0.0,230.08111433279163
T1,complete,HB0.5,T1 top / segment 1,3831.0585262096347,73.07898629023124
T1,complete,HB0.75,T1 upper lower chord,624.2132485811479,2324.719429279798
T1,complete,HB0.75,T1 future floor beam,0.0,700.692161803296
T1,complete,HB0.75,T1 vertical 1,0.0,1262.5973572291261
T1,complete,HB0.75,T1 vertical 2,0.0,1107.4053005819862
T1,complete,HB0.75,T1 vertical 3,51.28915263911475,0.0
T1,complete,HB0.75,T1 vertical 4,0.0,1179.9739762541246
T1,complete,HB0.75,T1 vertical 5,0.0,757.798641958045
T1,complete,HB0.75,T1 diagonal 6,3329.35379923639,0.0
T1,complete,HB0.75,T1 diagonal 7,0.0,1366.073490392827
T1,complete,HB0.75,T1 diagonal 8,0.0,1314.052354990783
T1,complete,HB0.75,T1 diagonal 9,3390.100347127268,0.0
T1,complete,HB0.75,T1 future hanger 1,0.0,298.612601874171
T1,complete,HB0.75,T1 future hanger 2,0.0,1127.4349731432
T1,complete,HB0.75,T1 future hanger 3,0.0,1401.4207226940077
T1,complete,HB0.75,T1 future hanger 4,0.0,1195.7221427336458
T1,complete,HB0.75,T1 future hanger 5,0.0,229.52487689891836
T1,complete,HB0.75,T1 top / segment 1,3822.648746011433,80.61194540119342
T1,complete,HT0.25,T1 upper lower chord,770.7768183358668,3372.6652039905703
T1,complete,HT0.25,T1 future floor beam,0.0,805.8034110997611
T1,complete,HT0.25,T1 vertical 1,0.0,1729.8535438090057
T1,complete,HT0.25,T1 vertical 2,0.0,2125.496753729886
T1,complete,HT0.25,T1 vertical 3,56.57549636916456,0.0
T1,complete,HT0.25,T1 vertical 4,0.0,1082.2984516393526
T1,complete,HT0.25,T1 vertical 5,0.0,810.388980596246
T1,complete,HT0.25,T1 diagonal 6,4702.953728886871,0.0
T1,complete,HT0.25,T1 diagonal 7,0.0,985.3068079761186
T1,complete,HT0.25,T1 diagonal 8,0.0,1973.1068661162885
T1,complete,HT0.25,T1 diagonal 9,3866.578852935077,0.0
T1,complete,HT0.25,T1 future hanger 1,0.0,382.7323078358831
T1,complete,HT0.25,T1 future hanger 2,0.0,2190.785537183429
T1,complete,HT0.25,T1 future hanger 3,0.0,1547.9546639921057
T1,complete,HT0.25,T1 future hanger 4,0.0,1103.191265934769
T1,complete,HT0.25,T1 future hanger 5,0.0,247.5218789753487
T1,complete,HT0.25,T1 top / segment 1,4646.181582113395,203.5003128223753
T1,complete,HT0.5,T1 upper lower chord,808.3620392200896,3092.2451629256702
T1,complete,HT0.5,T1 future floor beam,0.0,856.3116693115466
T1,complete,HT0.5,T1 vertical 1,0.0,1564.672756711057
T1,complete,HT0.5,T1 vertical 2,0.0,1171.2866333105273
T1,complete,HT0.5,T1 vertical 3,34.23960081706026,0.0
T1,complete,HT0.5,T1 vertical 4,0.0,1198.1983939379506
T1,complete,HT0.5,T1 vertical 5,0.0,893.5841811247489
T1,complete,HT0.5,T1 diagonal 6,4349.564838061603,0.0
T1,complete,HT0.5,T1 diagonal 7,0.0,2279.715745411861
T1,complete,HT0.5,T1 diagonal 8,0.0,2339.740962082012
T1,complete,HT0.5,T1 diagonal 9,4436.251760370707,0.0
T1,complete,HT0.5,T1 future hanger 1,0.0,321.0509187320731
T1,complete,HT0.5,T1 future hanger 2,0.0,1197.4808809164685
T1,complete,HT0.5,T1 future hanger 3,0.0,2539.441334815005
T1,complete,HT0.5,T1 future hanger 4,0.0,1221.464985816383
T1,complete,HT0.5,T1 future hanger 5,0.0,245.5360914522896
T1,complete,HT0.5,T1 top / segment 1,5401.823666444377,221.17974640147148
T1,complete,HT0.75,T1 upper lower chord,823.7516184663566,3077.8312319915826
T1,complete,HT0.75,T1 future floor beam,0.0,861.0301810567257
T1,complete,HT0.75,T1 vertical 1,0.0,1390.749644959548
T1,complete,HT0.75,T1 vertical 2,0.0,1045.9881173878744
T1,complete,HT0.75,T1 vertical 3,56.63187112813295,0.0
T1,complete,HT0.75,T1 vertical 4,0.0,2137.8461718893905
T1,complete,HT0.75,T1 vertical 5,0.0,970.1944296167972
T1,complete,HT0.75,T1 diagonal 6,3768.534095504742,0.0
T1,complete,HT0.75,T1 diagonal 7,0.0,1919.5995228404245
T1,complete,HT0.75,T1 diagonal 8,0.0,1043.281727935736
T1,complete,HT0.75,T1 diagonal 9,4760.051144124005,0.0
T1,complete,HT0.75,T1 future hanger 1,0.0,320.81766175250647
T1,complete,HT0.75,T1 future hanger 2,0.0,1070.8656965031403
T1,complete,HT0.75,T1 future hanger 3,0.0,1550.3926163447647
T1,complete,HT0.75,T1 future hanger 4,0.0,2200.342898360412
T1,complete,HT0.75,T1 future hanger 5,0.0,276.3528060042005
T1,complete,HT0.75,T1 top / segment 1,4629.766207271923,180.20791916546665
T1,complete,storage125_strength_sensitivity,T1 upper lower chord,2377.270677271313,8487.205707432817
T1,complete,storage125_strength_sensitivity,T1 future floor beam,0.0,2520.555248871221
T1,complete,storage125_strength_sensitivity,T1 vertical 1,0.0,4334.638704861652
T1,complete,storage125_strength_sensitivity,T1 vertical 2,0.0,4206.4633288812
T1,complete,storage125_strength_sensitivity,T1 vertical 3,75.94818236147572,0.0
T1,complete,storage125_strength_sensitivity,T1 vertical 4,0.0,4537.997097857996
T1,complete,storage125_strength_sensitivity,T1 vertical 5,0.0,2720.654718253859
T1,complete,storage125_strength_sensitivity,T1 diagonal 6,12217.223536397867,0.0
T1,complete,storage125_strength_sensitivity,T1 diagonal 7,0.0,5109.485100376825
T1,complete,storage125_strength_sensitivity,T1 diagonal 8,0.0,4865.0788846559835
T1,complete,storage125_strength_sensitivity,T1 diagonal 9,12541.80553012977,0.0
T1,complete,storage125_strength_sensitivity,T1 future hanger 1,0.0,738.2719520327535
T1,complete,storage125_strength_sensitivity,T1 future hanger 2,0.0,4406.118771173905
T1,complete,storage125_strength_sensitivity,T1 future hanger 3,0.0,5516.009407149039
T1,complete,storage125_strength_sensitivity,T1 future hanger 4,0.0,4727.818523849071
T1,complete,storage125_strength_sensitivity,T1 future hanger 5,0.0,749.6808398192408
T1,complete,storage125_strength_sensitivity,T1 top / segment 1,14173.783626367482,287.90095445310834
T1,complete,strength_roof,T1 upper lower chord,783.4913436016492,2511.368439136254
T1,complete,strength_roof,T1 future floor beam,0.0,773.8521730097316
T1,complete,strength_roof,T1 vertical 1,0.0,1418.5315368859897
T1,complete,strength_roof,T1 vertical 2,0.0,1182.0911348871016
T1,complete,strength_roof,T1 vertical 3,61.22349794886937,0.0
T1,complete,strength_roof,T1 vertical 4,0.0,1356.0443801463034
T1,complete,strength_roof,T1 vertical 5,0.0,893.0177847172242
T1,complete,strength_roof,T1 diagonal 6,3558.98326127933,0.0
T1,complete,strength_roof,T1 diagonal 7,0.0,1434.0945675126675
T1,complete,strength_roof,T1 diagonal 8,0.0,1410.087759365228
T1,complete,strength_roof,T1 diagonal 9,3802.167740938218,0.0
T1,complete,strength_roof,T1 future hanger 1,0.0,409.33758906605533
T1,complete,strength_roof,T1 future hanger 2,0.0,1197.8437345588552
T1,complete,strength_roof,T1 future hanger 3,0.0,1467.714253352383
T1,complete,strength_roof,T1 future hanger 4,0.0,1374.1619056959617
T1,complete,strength_roof,T1 future hanger 5,0.0,316.3220018336969
T1,complete,strength_roof,T1 top / segment 1,4099.783159526931,222.9324444720129
T1,complete,strength_HB0.25,T1 upper lower chord,1017.1828660480543,3420.208511175734
T1,complete,strength_HB0.25,T1 future floor beam,0.0,1101.1609168674925
T1,complete,strength_HB0.25,T1 vertical 1,0.0,1861.2346578088864
T1,complete,strength_HB0.25,T1 vertical 2,0.0,1652.44484101149
T1,complete,strength_HB0.25,T1 vertical 3,67.12876184263378,0.0
T1,complete,strength_HB0.25,T1 vertical 4,0.0,1974.4864678111223
T1,complete,strength_HB0.25,T1 vertical 5,0.0,1269.3619425693826
T1,complete,strength_HB0.25,T1 diagonal 6,4951.010809420006,0.0
T1,complete,strength_HB0.25,T1 diagonal 7,0.0,2073.1907719118203
T1,complete,strength_HB0.25,T1 diagonal 8,0.0,1811.838563863098
T1,complete,strength_HB0.25,T1 diagonal 9,5237.983235916566,0.0
T1,complete,strength_HB0.25,T1 future hanger 1,0.0,409.5640822536462
T1,complete,strength_HB0.25,T1 future hanger 2,0.0,1698.6004270496353
T1,complete,strength_HB0.25,T1 future hanger 3,0.0,2052.7245660334356
T1,complete,strength_HB0.25,T1 future hanger 4,0.0,2023.453555216521
T1,complete,strength_HB0.25,T1 future hanger 5,0.0,456.0204026379048
T1,complete,strength_HB0.25,T1 top / segment 1,5740.852662990078,111.4324885417192
T1,complete,strength_HB0.5,T1 upper lower chord,1017.2920827630005,3417.5890771064232
T1,complete,strength_HB0.5,T1 future floor beam,0.0,1109.70988627314
T1,complete,strength_HB0.5,T1 vertical 1,0.0,1867.9595530477882
T1,complete,strength_HB0.5,T1 vertical 2,0.0,1652.3672528232878
T1,complete,strength_HB0.5,T1 vertical 3,67.92575416264921,0.0
T1,complete,strength_HB0.5,T1 vertical 4,0.0,1990.3696383683932
T1,complete,strength_HB0.5,T1 vertical 5,0.0,1283.6793983662262
T1,complete,strength_HB0.5,T1 diagonal 6,4961.43664645369,0.0
T1,complete,strength_HB0.5,T1 diagonal 7,0.0,2086.5988054236354
T1,complete,strength_HB0.5,T1 diagonal 8,0.0,1795.1679787643238
T1,complete,strength_HB0.5,T1 diagonal 9,5244.618059712867,0.0
T1,complete,strength_HB0.5,T1 future hanger 1,0.0,411.52938165977
T1,complete,strength_HB0.5,T1 future hanger 2,0.0,1699.0853660232674
T1,complete,strength_HB0.5,T1 future hanger 3,0.0,2049.9925262325737
T1,complete,strength_HB0.5,T1 future hanger 4,0.0,2038.7786596526146
T1,complete,strength_HB0.5,T1 future hanger 5,0.0,451.2817927760958
T1,complete,strength_HB0.5,T1 top / segment 1,5758.236876859827,86.52658085356106
T1,complete,strength_HB0.75,T1 upper lower chord,1016.2951950589292,3415.583897223091
T1,complete,strength_HB0.75,T1 future floor beam,0.0,1099.0705158608425
T1,complete,strength_HB0.75,T1 vertical 1,0.0,1861.091866887702
T1,complete,strength_HB0.75,T1 vertical 2,0.0,1640.5515752135268
T1,complete,strength_HB0.75,T1 vertical 3,67.27788126268396,0.0
T1,complete,strength_HB0.75,T1 vertical 4,0.0,1988.7421869612303
T1,complete,strength_HB0.75,T1 vertical 5,0.0,1282.4133759365363
T1,complete,strength_HB0.75,T1 diagonal 6,4948.664504287529,0.0
T1,complete,strength_HB0.75,T1 diagonal 7,0.0,2088.8327044475845
T1,complete,strength_HB0.75,T1 diagonal 8,0.0,1795.6717576281164
T1,complete,strength_HB0.75,T1 diagonal 9,5242.563803530784,0.0
T1,complete,strength_HB0.75,T1 future hanger 1,0.0,417.6655099092752
T1,complete,strength_HB0.75,T1 future hanger 2,0.0,1686.9452688841636
T1,complete,strength_HB0.75,T1 future hanger 3,0.0,2052.343959575199
T1,complete,strength_HB0.75,T1 future hanger 4,0.0,2037.0795118621254
T1,complete,strength_HB0.75,T1 future hanger 5,0.0,450.39181261800593
T1,complete,strength_HB0.75,T1 top / segment 1,5744.781228766597,98.57931512124894
T1,complete,strength_HT0.25,T1 upper lower chord,1250.7969039207228,5092.297137499845
T1,complete,strength_HT0.25,T1 future floor beam,0.0,1267.2485132232084
T1,complete,strength_HT0.25,T1 vertical 1,0.0,2608.701765766496
T1,complete,strength_HT0.25,T1 vertical 2,0.0,3269.4978985046228
T1,complete,strength_HT0.25,T1 vertical 3,75.73603099380932,0.0
T1,complete,strength_HT0.25,T1 vertical 4,0.0,1832.4613496696852
T1,complete,strength_HT0.25,T1 vertical 5,0.0,1366.5579208076044
T1,complete,strength_HT0.25,T1 diagonal 6,7146.424393636271,0.0
T1,complete,strength_HT0.25,T1 diagonal 7,0.0,1479.6060152888572
T1,complete,strength_HT0.25,T1 diagonal 8,0.0,2850.158970924009
T1,complete,strength_HT0.25,T1 diagonal 9,6004.929411371632,0.0
T1,complete,strength_HT0.25,T1 future hanger 1,0.0,552.2570443486462
T1,complete,strength_HT0.25,T1 future hanger 2,0.0,3388.3061698687566
T1,complete,strength_HT0.25,T1 future hanger 3,0.0,2286.798265028575
T1,complete,strength_HT0.25,T1 future hanger 4,0.0,1889.030110708992
T1,complete,strength_HT0.25,T1 future hanger 5,0.0,479.1870145759355
T1,complete,strength_HT0.25,T1 top / segment 1,7062.433788846837,295.2006758087602
T1,complete,strength_HT0.5,T1 upper lower chord,1310.9332626688672,4643.625070498826
T1,complete,strength_HT0.5,T1 future floor beam,0.0,1348.0617296167159
T1,complete,strength_HT0.5,T1 vertical 1,0.0,2344.412505759845
T1,complete,strength_HT0.5,T1 vertical 2,0.0,1742.7617082188863
T1,complete,strength_HT0.5,T1 vertical 3,39.99859847225163,0.0
T1,complete,strength_HT0.5,T1 vertical 4,0.0,2017.9012552107758
T1,complete,strength_HT0.5,T1 vertical 5,0.0,1499.6702373677156
T1,complete,strength_HT0.5,T1 diagonal 6,6581.002165399402,0.0
T1,complete,strength_HT0.5,T1 diagonal 7,0.0,3550.6603111385984
T1,complete,strength_HT0.5,T1 diagonal 8,0.0,3436.773530811399
T1,complete,strength_HT0.5,T1 diagonal 9,6916.406066584143,0.0
T1,complete,strength_HT0.5,T1 future hanger 1,0.0,453.56681516542466
T1,complete,strength_HT0.5,T1 future hanger 2,0.0,1799.0187218193432
T1,complete,strength_HT0.5,T1 future hanger 3,0.0,3873.176939193333
T1,complete,strength_HT0.5,T1 future hanger 4,0.0,2078.2680608262626
T1,complete,strength_HT0.5,T1 future hanger 5,0.0,476.0097563334746
T1,complete,strength_HT0.5,T1 top / segment 1,8271.461093478192,323.4878076271537
T1,complete,strength_HT0.75,T1 upper lower chord,1335.5565866287072,4757.061647584534
T1,complete,strength_HT0.75,T1 future floor beam,0.0,1355.6113461887528
T1,complete,strength_HT0.75,T1 vertical 1,0.0,2066.1355270783256
T1,complete,strength_HT0.75,T1 vertical 2,0.0,1542.2840818167945
T1,complete,strength_HT0.75,T1 vertical 3,75.82623081689516,0.0
T1,complete,strength_HT0.75,T1 vertical 4,0.0,3521.337700327447
T1,complete,strength_HT0.75,T1 vertical 5,0.0,1622.2466367570669
T1,complete,strength_HT0.75,T1 diagonal 6,5651.352978569414,0.0
T1,complete,strength_HT0.75,T1 diagonal 7,0.0,2974.4743566812717
T1,complete,strength_HT0.75,T1 diagonal 8,0.0,1362.4387536094096
T1,complete,strength_HT0.75,T1 diagonal 9,7434.485078484368,0.0
T1,complete,strength_HT0.75,T1 future hanger 1,0.0,453.19360656192896
T1,complete,strength_HT0.75,T1 future hanger 2,0.0,1596.434425943847
T1,complete,strength_HT0.75,T1 future hanger 3,0.0,2290.698989432034
T1,complete,strength_HT0.75,T1 future hanger 4,0.0,3644.4727210189894
T1,complete,strength_HT0.75,T1 future hanger 5,0.0,525.3164987032761
T1,complete,strength_HT0.75,T1 top / segment 1,7037.085049079822,257.93286813483564
T1,complete,lateral_HX,T1 upper lower chord,93.36634999708238,450.1311985733217
T1,complete,lateral_HX,T1 future floor beam,0.0,121.90470664709396
T1,complete,lateral_HX,T1 vertical 1,0.0,306.53817247293415
T1,complete,lateral_HX,T1 vertical 2,0.0,112.48379758057898
T1,complete,lateral_HX,T1 vertical 3,47.84520523165989,0.0
T1,complete,lateral_HX,T1 vertical 4,0.0,99.91139027234273
T1,complete,lateral_HX,T1 vertical 5,0.0,42.08384196531998
T1,complete,lateral_HX,T1 diagonal 6,567.1360248704617,0.0
T1,complete,lateral_HX,T1 diagonal 7,0.0,284.93698783169344
T1,complete,lateral_HX,T1 diagonal 8,0.0,95.80295527428551
T1,complete,lateral_HX,T1 diagonal 9,400.15762114905283,0.0
T1,complete,lateral_HX,T1 future hanger 1,0.0,99.52576926857711
T1,complete,lateral_HX,T1 future hanger 2,0.0,70.95405620518954
T1,complete,lateral_HX,T1 future hanger 3,0.0,95.86029585558249
T1,complete,lateral_HX,T1 future hanger 4,0.0,55.872732493286215
T1,complete,lateral_HX,T1 future hanger 5,0.0,32.974482157809184
T1,complete,lateral_HX,T1 top / segment 1,499.04299559452636,200.32573542609296
T1,complete,strength_lateral_HX_1,T1 upper lower chord,394.2444380190467,2012.4249729594435
T1,complete,strength_lateral_HX_1,T1 future floor beam,0.0,625.885365416447
T1,complete,strength_lateral_HX_1,T1 vertical 1,0.0,1110.610623126141
T1,complete,strength_lateral_HX_1,T1 vertical 2,0.0,894.3174170083569
T1,complete,strength_lateral_HX_1,T1 vertical 3,63.09876138616259,0.0
T1,complete,strength_lateral_HX_1,T1 vertical 4,0.0,1094.3631559591952
T1,complete,strength_lateral_HX_1,T1 vertical 5,0.0,651.264761066533
T1,complete,strength_lateral_HX_1,T1 diagonal 6,2889.4934989337034,0.0
T1,complete,strength_lateral_HX_1,T1 diagonal 7,0.0,1296.3413584448883
T1,complete,strength_lateral_HX_1,T1 diagonal 8,0.0,911.1380151097825
T1,complete,strength_lateral_HX_1,T1 diagonal 9,2896.690336647427,0.0
T1,complete,strength_lateral_HX_1,T1 future hanger 1,0.0,216.92509307183073
T1,complete,strength_lateral_HX_1,T1 future hanger 2,0.0,893.0251129835864
T1,complete,strength_lateral_HX_1,T1 future hanger 3,0.0,1103.6508328167333
T1,complete,strength_lateral_HX_1,T1 future hanger 4,0.0,1094.0690147033258
T1,complete,strength_lateral_HX_1,T1 future hanger 5,0.0,251.51298683116667
T1,complete,strength_lateral_HX_1,T1 top / segment 1,3222.183016058892,237.50930875665833
T1,complete,strength_lateral_HX_-1,T1 upper lower chord,730.0404737573001,1979.631598569238
T1,complete,strength_lateral_HX_-1,T1 future floor beam,0.0,599.9028724816772
T1,complete,strength_lateral_HX_-1,T1 vertical 1,0.0,938.7180356911053
T1,complete,strength_lateral_HX_-1,T1 vertical 2,0.0,893.4623007263604
T1,complete,strength_lateral_HX_-1,T1 vertical 3,56.0541140280062,0.0
T1,complete,strength_lateral_HX_-1,T1 vertical 4,0.0,1055.6790789596296
T1,complete,strength_lateral_HX_-1,T1 vertical 5,0.0,728.9458666852084
T1,complete,strength_lateral_HX_-1,T1 diagonal 6,2722.3597027928295,0.0
T1,complete,strength_lateral_HX_-1,T1 diagonal 7,0.0,1035.76908697557
T1,complete,strength_lateral_HX_-1,T1 diagonal 8,0.0,1165.223372766693
T1,complete,strength_lateral_HX_-1,T1 diagonal 9,3052.0940788831585,0.0
T1,complete,strength_lateral_HX_-1,T1 future hanger 1,0.0,240.40994541620856
T1,complete,strength_lateral_HX_-1,T1 future hanger 2,0.0,891.3225803005744
T1,complete,strength_lateral_HX_-1,T1 future hanger 3,0.0,1106.995562014145
T1,complete,strength_lateral_HX_-1,T1 future hanger 4,0.0,1059.475405715353
T1,complete,strength_lateral_HX_-1,T1 future hanger 5,0.0,269.273309208647
T1,complete,strength_lateral_HX_-1,T1 top / segment 1,3219.747610355689,274.4746117703617
T1,complete,strength_lateral_HX_2,T1 upper lower chord,459.6104703433289,2157.213702846557
T1,complete,strength_lateral_HX_2,T1 future floor beam,0.0,655.789123509239
T1,complete,strength_lateral_HX_2,T1 vertical 1,0.0,1196.5569168584057
T1,complete,strength_lateral_HX_2,T1 vertical 2,0.0,894.7449751900155
T1,complete,strength_lateral_HX_2,T1 vertical 3,66.6210850766393,0.0
T1,complete,strength_lateral_HX_2,T1 vertical 4,0.0,1113.7051941225382
T1,complete,strength_lateral_HX_2,T1 vertical 5,0.0,612.4242082504013
T1,complete,strength_lateral_HX_2,T1 diagonal 6,2973.060396961101,0.0
T1,complete,strength_lateral_HX_2,T1 diagonal 7,0.0,1426.6274940661208
T1,complete,strength_lateral_HX_2,T1 diagonal 8,0.0,784.0953363659315
T1,complete,strength_lateral_HX_2,T1 diagonal 9,2818.9884650146123,0.0
T1,complete,strength_lateral_HX_2,T1 future hanger 1,0.0,205.18266689978506
T1,complete,strength_lateral_HX_2,T1 future hanger 2,0.0,893.876379295561
T1,complete,strength_lateral_HX_2,T1 future hanger 3,0.0,1101.9784682407462
T1,complete,strength_lateral_HX_2,T1 future hanger 4,0.0,1111.3658189281653
T1,complete,strength_lateral_HX_2,T1 future hanger 5,0.0,242.6328256423777
T1,complete,strength_lateral_HX_2,T1 top / segment 1,3223.400718712947,415.72017152491344
T1,complete,strength_lateral_HX_-2,T1 upper lower chord,904.1236767971068,1992.7729275239747
T1,complete,strength_lateral_HX_-2,T1 future floor beam,0.0,586.9116260719633
T1,complete,strength_lateral_HX_-2,T1 vertical 1,0.0,852.7717419741542
T1,complete,strength_lateral_HX_-2,T1 vertical 2,0.0,893.0347425666865
T1,complete,strength_lateral_HX_-2,T1 vertical 3,52.53179031431689,0.0
T1,complete,strength_lateral_HX_-2,T1 vertical 4,0.0,1036.337040493001
T1,complete,strength_lateral_HX_-2,T1 vertical 5,0.0,767.7864194990342
T1,complete,strength_lateral_HX_-2,T1 diagonal 6,2638.792804763586,0.0
T1,complete,strength_lateral_HX_-2,T1 diagonal 7,0.0,905.4829513034927
T1,complete,strength_lateral_HX_-2,T1 diagonal 8,0.0,1292.2660514244524
T1,complete,strength_lateral_HX_-2,T1 diagonal 9,3129.795949910806,0.0
T1,complete,strength_lateral_HX_-2,T1 future hanger 1,0.0,252.15237158818576
T1,complete,strength_lateral_HX_-2,T1 future hanger 2,0.0,890.4713139579441
T1,complete,strength_lateral_HX_-2,T1 future hanger 3,0.0,1108.6679266285194
T1,complete,strength_lateral_HX_-2,T1 future hanger 4,0.0,1042.178601256975
T1,complete,strength_lateral_HX_-2,T1 future hanger 5,0.0,278.1534703974558
T1,complete,strength_lateral_HX_-2,T1 top / segment 1,3219.0365660681914,444.08038833119036
T1,complete,lateral_HZ,T1 upper lower chord,41.04285481163789,376.76753215663507
T1,complete,lateral_HZ,T1 future floor beam,0.0,99.5409090373062
T1,complete,lateral_HZ,T1 vertical 1,0.0,249.88897838997391
T1,complete,lateral_HZ,T1 vertical 2,0.0,111.51471425556787
T1,complete,lateral_HZ,T1 vertical 3,44.541121729275844,0.0
T1,complete,lateral_HZ,T1 vertical 4,0.0,83.87034464349732
T1,complete,lateral_HZ,T1 vertical 5,0.0,74.89076511841778
T1,complete,lateral_HZ,T1 diagonal 6,504.09968550649086,0.0
T1,complete,lateral_HZ,T1 diagonal 7,0.0,184.8445339901665
T1,complete,lateral_HZ,T1 diagonal 8,0.0,192.13047704697004
T1,complete,lateral_HZ,T1 diagonal 9,460.02689077462134,0.0
T1,complete,lateral_HZ,T1 future hanger 1,0.0,121.53917141416194
T1,complete,lateral_HZ,T1 future hanger 2,0.0,69.84676122784313
T1,complete,lateral_HZ,T1 future hanger 3,0.0,96.97644955502767
T1,complete,lateral_HZ,T1 future hanger 4,0.0,42.053293110044024
T1,complete,lateral_HZ,T1 future hanger 5,0.0,55.44170588849772
T1,complete,lateral_HZ,T1 top / segment 1,508.831273716061,60.39372838444812
T1,complete,strength_lateral_HZ_1,T1 upper lower chord,509.5624104622182,1967.1662667180815
T1,complete,strength_lateral_HZ_1,T1 future floor beam,0.0,612.7214314172078
T1,complete,strength_lateral_HZ_1,T1 vertical 1,0.0,1053.961428918708
T1,complete,strength_lateral_HZ_1,T1 vertical 2,0.0,893.3483338127346
T1,complete,strength_lateral_HZ_1,T1 vertical 3,59.794677894681925,0.0
T1,complete,strength_lateral_HZ_1,T1 vertical 4,0.0,1078.3221101295167
T1,complete,strength_lateral_HZ_1,T1 vertical 5,0.0,684.0716840235485
T1,complete,strength_lateral_HZ_1,T1 diagonal 6,2826.4571593786377,0.0
T1,complete,strength_lateral_HZ_1,T1 diagonal 7,0.0,1196.2489042802774
T1,complete,strength_lateral_HZ_1,T1 diagonal 8,0.0,1007.4655372299299
T1,complete,strength_lateral_HZ_1,T1 diagonal 9,2956.5596063250723,0.0
T1,complete,strength_lateral_HZ_1,T1 future hanger 1,0.0,238.9384948792852
T1,complete,strength_lateral_HZ_1,T1 future hanger 2,0.0,891.9178181066133
T1,complete,strength_lateral_HZ_1,T1 future hanger 3,0.0,1104.766986546906
T1,complete,strength_lateral_HZ_1,T1 future hanger 4,0.0,1080.2495751607764
T1,complete,strength_lateral_HZ_1,T1 future hanger 5,0.0,273.980210567568
T1,complete,strength_lateral_HZ_1,T1 top / segment 1,3231.9712927920345,90.72078643618283
T1,complete,strength_lateral_HZ_-1,T1 upper lower chord,602.3521327180117,1965.8142717131907
T1,complete,strength_lateral_HZ_-1,T1 future floor beam,0.0,613.0668065996645
T1,complete,strength_lateral_HZ_-1,T1 vertical 1,0.0,995.3672289618452
T1,complete,strength_lateral_HZ_-1,T1 vertical 2,0.0,894.4313841107916
T1,complete,strength_lateral_HZ_-1,T1 vertical 3,59.35819750465323,0.0
T1,complete,strength_lateral_HZ_-1,T1 vertical 4,0.0,1071.720124519172
T1,complete,strength_lateral_HZ_-1,T1 vertical 5,0.0,696.1389434332473
T1,complete,strength_lateral_HZ_-1,T1 diagonal 6,2785.396041569849,0.0
T1,complete,strength_lateral_HZ_-1,T1 diagonal 7,0.0,1135.8615399347761
T1,complete,strength_lateral_HZ_-1,T1 diagonal 8,0.0,1068.895851806576
T1,complete,strength_lateral_HZ_-1,T1 diagonal 9,2992.2248098266964,0.0
T1,complete,strength_lateral_HZ_-1,T1 future hanger 1,0.0,218.39654298792158
T1,complete,strength_lateral_HZ_-1,T1 future hanger 2,0.0,892.4298752954594
T1,complete,strength_lateral_HZ_-1,T1 future hanger 3,0.0,1105.879408342709
T1,complete,strength_lateral_HZ_-1,T1 future hanger 4,0.0,1073.2948450126735
T1,complete,strength_lateral_HZ_-1,T1 future hanger 5,0.0,246.80608482314835
T1,complete,strength_lateral_HZ_-1,T1 top / segment 1,3209.959331862627,156.14945365313216
T1,complete,strength_lateral_HZ_2,T1 upper lower chord,463.16754841249025,1967.842264433185
T1,complete,strength_lateral_HZ_2,T1 future floor beam,0.0,612.5487437850263
T1,complete,strength_lateral_HZ_2,T1 vertical 1,0.0,1083.2585293636175
T1,complete,strength_lateral_HZ_2,T1 vertical 2,0.0,892.8068085723183
T1,complete,strength_lateral_HZ_2,T1 vertical 3,60.012918076471834,0.0
T1,complete,strength_lateral_HZ_2,T1 vertical 4,0.0,1081.6231027923363
T1,complete,strength_lateral_HZ_2,T1 vertical 5,0.0,678.038054461355
T1,complete,strength_lateral_HZ_2,T1 diagonal 6,2846.987718528367,0.0
T1,complete,strength_lateral_HZ_2,T1 diagonal 7,0.0,1226.4425869644217
T1,complete,strength_lateral_HZ_2,T1 diagonal 8,0.0,976.7503793050362
T1,complete,strength_lateral_HZ_2,T1 diagonal 9,2938.7270037391686,0.0
T1,complete,strength_lateral_HZ_2,T1 future hanger 1,0.0,249.20947113528277
T1,complete,strength_lateral_HZ_2,T1 future hanger 2,0.0,891.6617894491523
T1,complete,strength_lateral_HZ_2,T1 future hanger 3,0.0,1104.210775679806
T1,complete,strength_lateral_HZ_2,T1 future hanger 4,0.0,1083.7269401127571
T1,complete,strength_lateral_HZ_2,T1 future hanger 5,0.0,287.5672737644761
T1,complete,strength_lateral_HZ_2,T1 top / segment 1,3242.977274063342,122.14312721228345
T1,complete,strength_lateral_HZ_-2,T1 upper lower chord,648.7469929899664,1965.1382741415161
T1,complete,strength_lateral_HZ_-2,T1 future floor beam,0.0,613.2394941011485
T1,complete,strength_lateral_HZ_-2,T1 vertical 1,0.0,966.0701294533419
T1,complete,strength_lateral_HZ_-2,T1 vertical 2,0.0,894.9729091486845
T1,complete,strength_lateral_HZ_-2,T1 vertical 3,59.13995732106968,0.0
T1,complete,strength_lateral_HZ_-2,T1 vertical 4,0.0,1068.4191320069265
T1,complete,strength_lateral_HZ_-2,T1 vertical 5,0.0,702.1725732845508
T1,complete,strength_lateral_HZ_-2,T1 diagonal 6,2764.8654831114245,0.0
T1,complete,strength_lateral_HZ_-2,T1 diagonal 7,0.0,1105.6678584009144
T1,complete,strength_lateral_HZ_-2,T1 diagonal 8,0.0,1099.6110083640576
T1,complete,strength_lateral_HZ_-2,T1 diagonal 9,3010.057411400438,0.0
T1,complete,strength_lateral_HZ_-2,T1 future hanger 1,0.0,208.12556735312754
T1,complete,strength_lateral_HZ_-2,T1 future hanger 2,0.0,892.6859038561059
T1,complete,strength_lateral_HZ_-2,T1 future hanger 3,0.0,1106.435619170484
T1,complete,strength_lateral_HZ_-2,T1 future hanger 4,0.0,1069.817480269831
T1,complete,strength_lateral_HZ_-2,T1 future hanger 5,0.0,233.2190222756428
T1,complete,strength_lateral_HZ_-2,T1 top / segment 1,3198.953352204513,207.4300675592482
T1,complete,basic_Dfloor,T1 upper lower chord,126.72953037678006,449.5513881447648
T1,complete,basic_Dfloor,T1 future floor beam,0.0,134.30944256460234
T1,complete,basic_Dfloor,T1 vertical 1,0.0,222.58581218766972
T1,complete,basic_Dfloor,T1 vertical 2,0.0,227.54409612609635
T1,complete,basic_Dfloor,T1 vertical 3,1.2694754488809925,0.0
T1,complete,basic_Dfloor,T1 vertical 4,0.0,248.9043222672432
T1,complete,basic_Dfloor,T1 vertical 5,0.0,144.82644917980676
T1,complete,basic_Dfloor,T1 diagonal 6,651.866562325749,0.0
T1,complete,basic_Dfloor,T1 diagonal 7,0.0,276.972775405001
T1,complete,basic_Dfloor,T1 diagonal 8,0.0,255.99737091410165
T1,complete,basic_Dfloor,T1 diagonal 9,669.3006273789947,0.0
T1,complete,basic_Dfloor,T1 future hanger 1,0.0,28.16570529221969
T1,complete,basic_Dfloor,T1 future hanger 2,0.0,241.49523900870784
T1,complete,basic_Dfloor,T1 future hanger 3,0.0,302.22689140938104
T1,complete,basic_Dfloor,T1 future hanger 4,0.0,262.33517904386844
T1,complete,basic_Dfloor,T1 future hanger 5,0.0,37.468255833150906
T1,complete,basic_Dfloor,T1 top / segment 1,760.5096814768335,9.169228515370426
T1,complete,basic_Droof,T1 upper lower chord,21.79585968024384,6.839738965599192
T1,complete,basic_Droof,T1 future floor beam,4.521291148561887,7.575970824035333
T1,complete,basic_Droof,T1 vertical 1,0.0,13.73213393448481
T1,complete,basic_Droof,T1 vertical 2,0.0,3.909169222550731
T1,complete,basic_Droof,T1 vertical 3,0.02676431177224471,0.0
T1,complete,basic_Droof,T1 vertical 4,5.388973478721101,0.0
T1,complete,basic_Droof,T1 vertical 5,1.8841129548079887,0.0
T1,complete,basic_Droof,T1 diagonal 6,0.0,8.870225584413642
T1,complete,basic_Droof,T1 diagonal 7,18.004819246226052,0.0
T1,complete,basic_Droof,T1 diagonal 8,0.0,18.570717493574097
T1,complete,basic_Droof,T1 diagonal 9,6.548215236994711,0.0
T1,complete,basic_Droof,T1 future hanger 1,0.0,18.919632735032078
T1,complete,basic_Droof,T1 future hanger 2,0.0,3.8851307950680356
T1,complete,basic_Droof,T1 future hanger 3,0.0,0.2470537803917903
T1,complete,basic_Droof,T1 future hanger 4,5.385912640092131,0.0
T1,complete,basic_Droof,T1 future hanger 5,7.430095745506098,0.0
T1,complete,basic_Droof,T1 top / segment 1,11.975836623332057,30.95045783478429
T1,complete,basic_Dsteel,T1 upper lower chord,49.42058655599653,375.49050583892085
T1,complete,basic_Dsteel,T1 future floor beam,0.0,100.42267429372178
T1,complete,basic_Dsteel,T1 vertical 1,0.0,206.85974532322354
T1,complete,basic_Dsteel,T1 vertical 2,0.0,108.14707008816572
T1,complete,basic_Dsteel,T1 vertical 3,44.29611722476144,0.0
T1,complete,basic_Dsteel,T1 vertical 4,0.0,85.9583255204074
T1,complete,basic_Dsteel,T1 vertical 5,0.0,82.80850796286381
T1,complete,basic_Dsteel,T1 diagonal 6,492.4393523768801,0.0
T1,complete,basic_Dsteel,T1 diagonal 7,0.0,172.65567185578942
T1,complete,basic_Dsteel,T1 diagonal 8,0.0,204.27491592428603
T1,complete,basic_Dsteel,T1 diagonal 9,471.3112772220425,0.0
T1,complete,basic_Dsteel,T1 future hanger 1,0.0,92.34856315766778
T1,complete,basic_Dsteel,T1 future hanger 2,0.0,66.21765897709926
T1,complete,basic_Dsteel,T1 future hanger 3,0.0,97.28560662205932
T1,complete,basic_Dsteel,T1 future hanger 4,0.0,43.961840881136425
T1,complete,basic_Dsteel,T1 future hanger 5,0.0,49.284739395863966
T1,complete,basic_Dsteel,T1 top / segment 1,508.0657118951155,48.01840330199168
T1,complete,basic_Dwall,T1 upper lower chord,4.8434365764462,3.6748663699847373
T1,complete,basic_Dwall,T1 future floor beam,0.0,3.5396376150226003
T1,complete,basic_Dwall,T1 vertical 1,0.0,64.78559818199132
T1,complete,basic_Dwall,T1 vertical 2,0.0,2.190860492129681
T1,complete,basic_Dwall,T1 vertical 3,0.04942619423595872,0.0
T1,complete,basic_Dwall,T1 vertical 4,0.3119145461316727,0.0
T1,complete,basic_Dwall,T1 vertical 5,0.0,32.581001610758875
T1,complete,basic_Dwall,T1 diagonal 6,0.0,0.7537314370584242
T1,complete,basic_Dwall,T1 diagonal 7,5.543850139313725,0.0
T1,complete,basic_Dwall,T1 diagonal 8,0.0,4.390885653944733
T1,complete,basic_Dwall,T1 diagonal 9,3.043704398991782,0.0
T1,complete,basic_Dwall,T1 future hanger 1,0.0,67.42496554621962
T1,complete,basic_Dwall,T1 future hanger 2,0.0,2.811345424342206
T1,complete,basic_Dwall,T1 future hanger 3,0.8836766662801517,0.0
T1,complete,basic_Dwall,T1 future hanger 4,0.1046972806484977,0.0
T1,complete,basic_Dwall,T1 future hanger 5,0.0,32.23667839039942
T1,complete,basic_Dwall,T1 top / segment 1,4.2172213533150185,7.159829183186756
T1,complete,basic_HB0.25,T1 upper lower chord,15.086770866603874,9.525200323329623
T1,complete,basic_HB0.25,T1 future floor beam,0.0,22.77022756225936
T1,complete,basic_HB0.25,T1 vertical 1,0.0,12.770606002882442
T1,complete,basic_HB0.25,T1 vertical 2,0.0,14.56707527052468
T1,complete,basic_HB0.25,T1 vertical 3,1.3225849940917023,0.0
T1,complete,basic_HB0.25,T1 vertical 4,0.0,12.221317766166294
T1,complete,basic_HB0.25,T1 vertical 5,0.0,8.554820006389384
T1,complete,basic_HB0.25,T1 diagonal 6,23.249843163487697,0.0
T1,complete,basic_HB0.25,T1 diagonal 7,0.0,6.974921127017091
T1,complete,basic_HB0.25,T1 diagonal 8,12.401854060190004,0.0
T1,complete,basic_HB0.25,T1 diagonal 9,6.031637807035065,0.0
T1,complete,basic_HB0.25,T1 future hanger 1,7.195340908455184,0.0
T1,complete,basic_HB0.25,T1 future hanger 2,0.0,15.325942717350465
T1,complete,basic_HB0.25,T1 future hanger 3,4.64024486553768,0.0
T1,complete,basic_HB0.25,T1 future hanger 4,0.0,11.948913000158722
T1,complete,basic_HB0.25,T1 future hanger 5,3.4110172362230777,0.0
T1,complete,basic_HB0.25,T1 top / segment 1,32.78494644929193,0.0
T1,complete,basic_HB0.5,T1 upper lower chord,21.165590626608054,16.461754825790514
T1,complete,basic_HB0.5,T1 future floor beam,0.0,31.72118892804843
T1,complete,basic_HB0.5,T1 vertical 1,0.0,16.973665256119073
T1,complete,basic_HB0.5,T1 vertical 2,0.0,14.518582662385773
T1,complete,basic_HB0.5,T1 vertical 3,1.8207051813361408,0.0
T1,complete,basic_HB0.5,T1 vertical 4,0.0,22.14829921676378
T1,complete,basic_HB0.5,T1 vertical 5,0.0,17.503229881123058
T1,complete,basic_HB0.5,T1 diagonal 6,29.765991911169085,0.0
T1,complete,basic_HB0.5,T1 diagonal 7,0.0,15.354941811242542
T1,complete,basic_HB0.5,T1 diagonal 8,22.820971256310646,0.0
T1,complete,basic_HB0.5,T1 diagonal 9,10.178402726690427,0.0
T1,complete,basic_HB0.5,T1 future hanger 1,5.967028818702979,0.0
T1,complete,basic_HB0.5,T1 future hanger 2,0.0,15.629029562031032
T1,complete,basic_HB0.5,T1 future hanger 3,6.347769742664576,0.0
T1,complete,basic_HB0.5,T1 future hanger 4,0.0,21.52710310555852
T1,complete,basic_HB0.5,T1 future hanger 5,6.372648640126457,0.0
T1,complete,basic_HB0.5,T1 top / segment 1,48.743514473346,0.0
T1,complete,basic_HB0.75,T1 upper lower chord,16.960984206227355,15.95424434709965
T1,complete,basic_HB0.75,T1 future floor beam,0.0,24.980909910168133
T1,complete,basic_HB0.75,T1 vertical 1,0.0,12.681361395891988
T1,complete,basic_HB0.75,T1 vertical 2,0.0,7.13378416803852
T1,complete,basic_HB0.75,T1 vertical 3,1.4157846399805727,0.0
T1,complete,basic_HB0.75,T1 vertical 4,0.0,21.131142102307678
T1,complete,basic_HB0.75,T1 vertical 5,0.0,16.711965848756154
T1,complete,basic_HB0.75,T1 diagonal 6,21.783404060480116,0.0
T1,complete,basic_HB0.75,T1 diagonal 7,0.0,16.751128685434928
T1,complete,basic_HB0.75,T1 diagonal 8,22.506109421391855,0.0
T1,complete,basic_HB0.75,T1 diagonal 9,8.894492653042166,0.0
T1,complete,basic_HB0.75,T1 future hanger 1,2.131948683344626,0.0
T1,complete,basic_HB0.75,T1 future hanger 2,0.0,8.04146885051259
T1,complete,basic_HB0.75,T1 future hanger 3,4.878123867465749,0.0
T1,complete,basic_HB0.75,T1 future hanger 4,0.0,20.46513571526093
T1,complete,basic_HB0.75,T1 future hanger 5,6.928886240598494,0.0
T1,complete,basic_HB0.75,T1 top / segment 1,41.18988597598609,1.7591739426880266
T1,complete,basic_HT0.25,T1 upper lower chord,145.55563250542306,1045.828675570743
T1,complete,basic_HT0.25,T1 future floor beam,0.0,152.24125187743294
T1,complete,basic_HT0.25,T1 vertical 1,0.0,479.93754867328045
T1,complete,basic_HT0.25,T1 vertical 2,0.0,1025.2252360907635
T1,complete,basic_HT0.25,T1 vertical 3,6.702128207495116,0.0
T1,complete,basic_HT0.25,T1 vertical 4,76.54438092779213,0.0
T1,complete,basic_HT0.25,T1 vertical 5,0.0,69.30230656973457
T1,complete,basic_HT0.25,T1 diagonal 6,1395.383381022155,0.0
T1,complete,basic_HT0.25,T1 diagonal 7,364.01557631714593,0.0
T1,complete,basic_HT0.25,T1 diagonal 8,0.0,636.5484021729565
T1,complete,basic_HT0.25,T1 diagonal 9,485.3730151672525,0.0
T1,complete,basic_HT0.25,T1 future hanger 1,0.0,81.98776071539774
T1,complete,basic_HT0.25,T1 future hanger 2,0.0,1071.3920318931864
T1,complete,basic_HT0.25,T1 future hanger 3,0.0,141.6558169696652
T1,complete,basic_HT0.25,T1 future hanger 4,72.06573973563675,0.0
T1,complete,basic_HT0.25,T1 future hanger 5,0.0,11.068115293103554
T1,complete,basic_HT0.25,T1 top / segment 1,853.8072345433088,82.40903983791252
T1,complete,basic_HT0.5,T1 upper lower chord,183.14085551798368,765.4086338023141
T1,complete,basic_HT0.5,T1 future floor beam,0.0,173.01044087650524
T1,complete,basic_HT0.5,T1 vertical 1,0.0,314.7567615841766
T1,complete,basic_HT0.5,T1 vertical 2,0.0,71.01511698466362
T1,complete,basic_HT0.5,T1 vertical 3,0.0,15.633767145347653
T1,complete,basic_HT0.5,T1 vertical 4,0.0,39.35556029171335
T1,complete,basic_HT0.5,T1 vertical 5,0.0,152.49750475174227
T1,complete,basic_HT0.5,T1 diagonal 6,1041.9944657305566,0.0
T1,complete,basic_HT0.5,T1 diagonal 7,0.0,930.3933935221921
T1,complete,basic_HT0.5,T1 diagonal 8,0.0,1003.1825052819654
T1,complete,basic_HT0.5,T1 diagonal 9,1055.0459274254463,0.0
T1,complete,basic_HT0.5,T1 future hanger 1,0.0,20.306368046411446
T1,complete,basic_HT0.5,T1 future hanger 2,0.0,78.08737672674762
T1,complete,basic_HT0.5,T1 future hanger 3,0.0,1133.1424882773276
T1,complete,basic_HT0.5,T1 future hanger 4,0.0,46.207979413913016
T1,complete,basic_HT0.5,T1 future hanger 5,0.0,9.082329033274718
T1,complete,basic_HT0.5,T1 top / segment 1,1609.4493023591683,100.08849375777717
T1,complete,basic_HT0.75,T1 upper lower chord,198.53043397154258,934.611967367905
T1,complete,basic_HT0.75,T1 future floor beam,0.0,177.7289520103939
T1,complete,basic_HT0.75,T1 vertical 1,0.0,140.83364979882924
T1,complete,basic_HT0.75,T1 vertical 2,54.28339921810624,0.0
T1,complete,basic_HT0.75,T1 vertical 3,6.758503122369028,0.0
T1,complete,basic_HT0.75,T1 vertical 4,0.0,979.0033382286204
T1,complete,basic_HT0.75,T1 vertical 5,0.0,229.10775376292332
T1,complete,basic_HT0.75,T1 diagonal 6,460.9637243271047,0.0
T1,complete,basic_HT0.75,T1 diagonal 7,0.0,570.2771674419178
T1,complete,basic_HT0.75,T1 diagonal 8,293.2767641109776,0.0
T1,complete,basic_HT0.75,T1 diagonal 9,1378.8453345522141,0.0
T1,complete,basic_HT0.75,T1 future hanger 1,0.0,20.07311185063885
T1,complete,basic_HT0.75,T1 future hanger 2,48.527807954164764,0.0
T1,complete,basic_HT0.75,T1 future hanger 3,0.0,144.09376971505895
T1,complete,basic_HT0.75,T1 future hanger 4,0.0,1025.0858918146826
T1,complete,basic_HT0.75,T1 future hanger 5,0.0,39.89904324804841
T1,complete,basic_HT0.75,T1 top / segment 1,840.5663489693222,59.11666162008679
T1,complete,basic_HX,T1 upper lower chord,65.36603250459494,174.08320338479484
T1,complete,basic_HX,T1 future floor beam,43.23332625619311,40.194712140714074
T1,complete,basic_HX,T1 vertical 1,0.0,85.94629372001772
T1,complete,basic_HX,T1 vertical 2,0.0,0.4275581722014622
T1,complete,basic_HX,T1 vertical 3,3.5223236803887716,0.0
T1,complete,basic_HX,T1 vertical 4,0.0,19.342038423068022
T1,complete,basic_HX,T1 vertical 5,38.84055280536179,0.0
T1,complete,basic_HX,T1 diagonal 6,83.56689809276072,0.0
T1,complete,basic_HX,T1 diagonal 7,0.0,130.2861356948381
T1,complete,basic_HX,T1 diagonal 8,127.04268034758098,0.0
T1,complete,basic_HX,T1 diagonal 9,0.0,77.70187979062932
T1,complete,basic_HX,T1 future hanger 1,11.742426172079444,0.0
T1,complete,basic_HX,T1 future hanger 2,0.0,0.8512663527777291
T1,complete,basic_HX,T1 future hanger 3,1.6723646102085254,0.0
T1,complete,basic_HX,T1 future hanger 4,0.0,17.296804446174022
T1,complete,basic_HX,T1 future hanger 5,8.880161188724193,0.0
T1,complete,basic_HX,T1 top / segment 1,169.60577529873234,178.21086256617585
T1,complete,basic_HZ,T1 upper lower chord,13.04253728389178,46.39486100492747
T1,complete,basic_HZ,T1 future floor beam,12.21309739362064,5.1788098598705945
T1,complete,basic_HZ,T1 vertical 1,0.0,29.29709993691609
T1,complete,basic_HZ,T1 vertical 2,0.5415251455632873,0.0
T1,complete,basic_HZ,T1 vertical 3,0.2182401906294174,0.0
T1,complete,basic_HZ,T1 vertical 4,0.0,3.3009927614686867
T1,complete,basic_HZ,T1 vertical 5,6.033629701298772,0.0
T1,complete,basic_HZ,T1 diagonal 6,20.530558875862482,0.0
T1,complete,basic_HZ,T1 diagonal 7,0.0,30.193682140094612
T1,complete,basic_HZ,T1 diagonal 8,30.715157270353483,0.0
T1,complete,basic_HZ,T1 diagonal 9,0.0,17.83260181545001
T1,complete,basic_HZ,T1 future hanger 1,0.0,10.270975947180267
T1,complete,basic_HZ,T1 future hanger 2,0.25602860494048446,0.0
T1,complete,basic_HZ,T1 future hanger 3,0.5562108918127321,0.0
T1,complete,basic_HZ,T1 future hanger 4,0.0,3.4773650318193012
T1,complete,basic_HZ,T1 future hanger 5,0.0,13.587062833101925
T1,complete,basic_HZ,T1 top / segment 1,51.2806155188205,31.42234077637795
T1,complete,basic_L125,T1 upper lower chord,1320.0992768634876,4682.826959581111
T1,complete,basic_L125,T1 future floor beam,0.0,1399.0566942273786
T1,complete,basic_L125,T1 vertical 1,0.0,2318.6022095572735
T1,complete,basic_L125,T1 vertical 2,0.0,2370.251001986896
T1,complete,basic_L125,T1 vertical 3,13.22370262674068,0.0
T1,complete,basic_L125,T1 vertical 4,0.0,2592.753356032298
T1,complete,basic_L125,T1 vertical 5,0.0,1508.60884436189
T1,complete,basic_L125,T1 diagonal 6,6790.276689705806,0.0
T1,complete,basic_L125,T1 diagonal 7,0.0,2885.1330753101743
T1,complete,basic_L125,T1 diagonal 8,0.0,2666.63928276087
T1,complete,basic_L125,T1 diagonal 9,6971.881536089484,0.0
T1,complete,basic_L125,T1 future hanger 1,0.0,293.39276156833625
T1,complete,basic_L125,T1 future hanger 2,0.0,2515.5754068788606
T1,complete,basic_L125,T1 future hanger 3,0.0,3148.1967857076647
T1,complete,basic_L125,T1 future hanger 4,0.0,2732.658114263072
T1,complete,basic_L125,T1 future hanger 5,0.0,390.29433160116037
T1,complete,basic_L125,T1 top / segment 1,7921.97584058432,95.51280276011124
T1,complete,basic_L30,T1 upper lower chord,316.82382635890076,1123.8784702944279
T1,complete,basic_L30,T1 future floor beam,0.0,335.77360652894606
T1,complete,basic_L30,T1 vertical 1,0.0,556.4645302745138
T1,complete,basic_L30,T1 vertical 2,0.0,568.8602404355072
T1,complete,basic_L30,T1 vertical 3,3.173688629039258,0.0
T1,complete,basic_L30,T1 vertical 4,0.0,622.2608054600169
T1,complete,basic_L30,T1 vertical 5,0.0,362.0661227320217
T1,complete,basic_L30,T1 diagonal 6,1629.6664055716749,0.0
T1,complete,basic_L30,T1 diagonal 7,0.0,692.4319381228679
T1,complete,basic_L30,T1 diagonal 8,0.0,639.9934278019157
T1,complete,basic_L30,T1 diagonal 9,1673.251568608626,0.0
T1,complete,basic_L30,T1 future hanger 1,0.0,70.41426288662586
T1,complete,basic_L30,T1 future hanger 2,0.0,603.7380976128591
T1,complete,basic_L30,T1 future hanger 3,0.0,755.5672285833703
T1,complete,basic_L30,T1 future hanger 4,0.0,655.8379474244075
T1,complete,basic_L30,T1 future hanger 5,0.0,93.67063952493892
T1,complete,basic_L30,T1 top / segment 1,1901.2742022933082,22.923072151630315
T1,complete,basic_L40,T1 upper lower chord,422.4317695718161,1498.5046269496095
T1,complete,basic_L40,T1 future floor beam,0.0,447.69814259828524
T1,complete,basic_L40,T1 vertical 1,0.0,741.9527067259793
T1,complete,basic_L40,T1 vertical 2,0.0,758.4803208739792
T1,complete,basic_L40,T1 vertical 3,4.231584879649311,0.0
T1,complete,basic_L40,T1 vertical 4,0.0,829.6810736599239
T1,complete,basic_L40,T1 vertical 5,0.0,482.7548297812301
T1,complete,basic_L40,T1 diagonal 6,2172.888540228851,0.0
T1,complete,basic_L40,T1 diagonal 7,0.0,923.2425834106436
T1,complete,basic_L40,T1 diagonal 8,0.0,853.3245714875078
T1,complete,basic_L40,T1 diagonal 9,2231.002092099614,0.0
T1,complete,basic_L40,T1 future hanger 1,0.0,93.88568298261116
T1,complete,basic_L40,T1 future hanger 2,0.0,804.9841303923023
T1,complete,basic_L40,T1 future hanger 3,0.0,1007.4229715400862
T1,complete,basic_L40,T1 future hanger 4,0.0,874.4505963682025
T1,complete,basic_L40,T1 future hanger 5,0.0,124.89418607382187
T1,complete,basic_L40,T1 top / segment 1,2535.0322660164124,30.56409898193547
T1,complete,basic_L75patch,T1 upper lower chord,470.4975374898288,1515.1804274125282
T1,complete,basic_L75patch,T1 future floor beam,0.0,493.23780387840003
T1,complete,basic_L75patch,T1 vertical 1,0.0,759.9540735380496
T1,complete,basic_L75patch,T1 vertical 2,0.0,759.4223723028205
T1,complete,basic_L75patch,T1 vertical 3,6.388979929310496,0.0
T1,complete,basic_L75patch,T1 vertical 4,0.0,978.3378941732674
T1,complete,basic_L75patch,T1 vertical 5,0.0,592.9960388767271
T1,complete,basic_L75patch,T1 diagonal 6,2225.643731517407,0.0
T1,complete,basic_L75patch,T1 diagonal 7,0.0,980.4741975799997
T1,complete,basic_L75patch,T1 diagonal 8,0.0,770.7659362849195
T1,complete,basic_L75patch,T1 diagonal 9,2400.9608718572663,0.0
T1,complete,basic_L75patch,T1 future hanger 1,0.0,95.14568237569489
T1,complete,basic_L75patch,T1 future hanger 2,0.0,808.0504994121313
T1,complete,basic_L75patch,T1 future hanger 3,0.0,988.2840051805664
T1,complete,basic_L75patch,T1 future hanger 4,0.0,1030.4810956305064
T1,complete,basic_L75patch,T1 future hanger 5,0.0,210.16757558234607
T1,complete,basic_L75patch,T1 top / segment 1,2623.5749525780543,32.76060418987948
T1,complete,basic_P200,T1 upper lower chord,9.626605360407751,42.907844779757916
T1,complete,basic_P200,T1 future floor beam,0.0,12.00950359280511
T1,complete,basic_P200,T1 vertical 1,0.0,15.557189708479454
T1,complete,basic_P200,T1 vertical 2,2.0959984983649607,0.0
T1,complete,basic_P200,T1 vertical 3,0.0,0.4799615195539946
T1,complete,basic_P200,T1 vertical 4,0.0,17.327216794189635
T1,complete,basic_P200,T1 vertical 5,0.0,10.711797557178304
T1,complete,basic_P200,T1 diagonal 6,48.09602216801779,0.0
T1,complete,basic_P200,T1 diagonal 7,0.0,53.33738718961018
T1,complete,basic_P200,T1 diagonal 8,0.0,35.588083403087296
T1,complete,basic_P200,T1 diagonal 9,64.10235563953592,0.0
T1,complete,basic_P200,T1 future hanger 1,0.0,0.8643428793450487
T1,complete,basic_P200,T1 future hanger 2,1.9566104788816905,0.0
T1,complete,basic_P200,T1 future hanger 3,0.0,51.819075910094504
T1,complete,basic_P200,T1 future hanger 4,0.0,18.241394511070062
T1,complete,basic_P200,T1 future hanger 5,0.5319676737876354,0.0
T1,complete,basic_P200,T1 top / segment 1,82.76247910726819,1.420401477452804
T1,complete,basic_R20,T1 upper lower chord,43.52906604320844,13.773539192887414
T1,complete,basic_R20,T1 future floor beam,8.930765488000795,15.214178748177883
T1,complete,basic_R20,T1 vertical 1,0.0,30.638448554889738
T1,complete,basic_R20,T1 vertical 2,0.0,7.824579132407164
T1,complete,basic_R20,T1 vertical 3,0.04023631632503762,0.0
T1,complete,basic_R20,T1 vertical 4,10.804765446355516,0.0
T1,complete,basic_R20,T1 vertical 5,6.2352921878751735,0.0
T1,complete,basic_R20,T1 diagonal 6,0.0,17.674191506187785
T1,complete,basic_R20,T1 diagonal 7,36.04710079743358,0.0
T1,complete,basic_R20,T1 diagonal 8,0.0,37.15071979041038
T1,complete,basic_R20,T1 diagonal 9,13.101469383586943,0.0
T1,complete,basic_R20,T1 future hanger 1,0.0,41.22579344526613
T1,complete,basic_R20,T1 future hanger 2,0.0,7.813740843458452
T1,complete,basic_R20,T1 future hanger 3,0.0,0.4869985952999898
T1,complete,basic_R20,T1 future hanger 4,10.804300664427917,0.0
T1,complete,basic_R20,T1 future hanger 5,17.323166552792884,0.0
T1,complete,basic_R20,T1 top / segment 1,24.03869233055755,61.806759006893195
T1,complete,basic_U20,T1 upper lower chord,13.773539192887414,43.52906604320844
T1,complete,basic_U20,T1 future floor beam,15.214178748177883,8.930765488000795
T1,complete,basic_U20,T1 vertical 1,30.638448554889738,0.0
T1,complete,basic_U20,T1 vertical 2,7.824579132407164,0.0
T1,complete,basic_U20,T1 vertical 3,0.0,0.04023631632503762
T1,complete,basic_U20,T1 vertical 4,0.0,10.804765446355516
T1,complete,basic_U20,T1 vertical 5,0.0,6.2352921878751735
T1,complete,basic_U20,T1 diagonal 6,17.674191506187785,0.0
T1,complete,basic_U20,T1 diagonal 7,0.0,36.04710079743358
T1,complete,basic_U20,T1 diagonal 8,37.15071979041038,0.0
T1,complete,basic_U20,T1 diagonal 9,0.0,13.101469383586943
T1,complete,basic_U20,T1 future hanger 1,41.22579344526613,0.0
T1,complete,basic_U20,T1 future hanger 2,7.813740843458452,0.0
T1,complete,basic_U20,T1 future hanger 3,0.4869985952999898,0.0
T1,complete,basic_U20,T1 future hanger 4,0.0,10.804300664427917
T1,complete,basic_U20,T1 future hanger 5,0.0,17.323166552792884
T1,complete,basic_U20,T1 top / segment 1,61.806759006893195,24.03869233055755
T1,roof_first,roof_first_service,T1 upper lower chord,12.242025454019517,313.17465348542726
T1,roof_first,roof_first_service,T1 vertical 1,0.0,178.5438987226607
T1,roof_first,roof_first_service,T1 vertical 2,0.0,49.834287172101234
T1,roof_first,roof_first_service,T1 vertical 3,43.9299599510563,0.0
T1,roof_first,roof_first_service,T1 vertical 4,0.0,41.46322386957008
T1,roof_first,roof_first_service,T1 vertical 5,0.0,28.534680554966762
T1,roof_first,roof_first_service,T1 diagonal 6,302.9413461803562,0.0
T1,roof_first,roof_first_service,T1 diagonal 7,0.0,66.88896686708502
T1,roof_first,roof_first_service,T1 diagonal 8,0.0,136.116651691217
T1,roof_first,roof_first_service,T1 diagonal 9,323.31638130726697,0.0
T1,roof_first,roof_first_service,T1 top / segment 1,284.8690469327409,91.64911245281341
T1,roof_first,strength_roof_first,T1 upper lower chord,35.24132532500586,375.88553379281586
T1,roof_first,strength_roof_first,T1 vertical 1,0.0,227.79754157883033
T1,roof_first,strength_roof_first,T1 vertical 2,0.0,60.19519361067685
T1,roof_first,strength_roof_first,T1 vertical 3,52.71204621894484,0.0
T1,roof_first,strength_roof_first,T1 vertical 4,0.0,48.93333900275841
T1,roof_first,strength_roof_first,T1 vertical 5,0.0,29.084469416539527
T1,roof_first,strength_roof_first,T1 diagonal 6,356.7772516396366,0.0
T1,roof_first,strength_roof_first,T1 diagonal 7,0.0,70.51848398317898
T1,roof_first,strength_roof_first,T1 diagonal 8,0.0,173.22170649221601
T1,roof_first,strength_roof_first,T1 diagonal 9,394.0883370839674,0.0
T1,roof_first,strength_roof_first,T1 top / segment 1,334.89308908356867,129.18133779550934
T1,roof_first,lateral_HX,T1 upper lower chord,54.765727033780394,387.8275041224729
T1,roof_first,lateral_HX,T1 vertical 1,0.0,220.26982381784458
T1,roof_first,lateral_HX,T1 vertical 2,0.0,42.3815178080931
T1,roof_first,lateral_HX,T1 vertical 3,48.48106117390233,0.0
T1,roof_first,lateral_HX,T1 vertical 4,0.0,48.019677163603994
T1,roof_first,lateral_HX,T1 vertical 5,0.0,10.00901818674203
T1,roof_first,lateral_HX,T1 diagonal 6,356.5798186709843,0.0
T1,roof_first,lateral_HX,T1 diagonal 7,0.0,198.2460070120837
T1,roof_first,lateral_HX,T1 diagonal 8,0.0,13.294123363451241
T1,roof_first,lateral_HX,T1 diagonal 9,232.34318631991118,0.0
T1,roof_first,lateral_HX,T1 top / segment 1,276.84210762477124,179.35720928730998
T1,roof_first,strength_lateral_HX_1,T1 upper lower chord,47.53113112389654,446.66362038139494
T1,roof_first,strength_lateral_HX_1,T1 vertical 1,0.0,249.2061749408225
T1,roof_first,strength_lateral_HX_1,T1 vertical 2,0.0,52.15135060649407
T1,roof_first,strength_lateral_HX_1,T1 vertical 3,57.269006043446865,0.0
T1,roof_first,strength_lateral_HX_1,T1 vertical 4,0.0,56.723586918620164
T1,roof_first,strength_lateral_HX_1,T1 vertical 5,0.0,18.294529028635196
T1,roof_first,strength_lateral_HX_1,T1 diagonal 6,420.5442716362553,0.0
T1,roof_first,strength_lateral_HX_1,T1 diagonal 7,0.0,216.4979416003929
T1,roof_first,strength_lateral_HX_1,T1 diagonal 8,0.0,35.57658839601985
T1,roof_first,strength_lateral_HX_1,T1 diagonal 9,293.9521208621901,0.0
T1,roof_first,strength_lateral_HX_1,T1 top / segment 1,337.29080206878393,185.2944465602771
T1,roof_first,strength_lateral_HX_-1,T1 upper lower chord,101.11756761718766,459.96298605237325
T1,roof_first,strength_lateral_HX_-1,T1 vertical 1,0.0,98.03003281955503
T1,roof_first,strength_lateral_HX_-1,T1 vertical 2,0.0,65.08664342139629
T1,roof_first,strength_lateral_HX_-1,T1 vertical 3,48.18633241321619,0.0
T1,roof_first,strength_lateral_HX_-1,T1 vertical 4,0.0,47.72332970104382
T1,roof_first,strength_lateral_HX_-1,T1 vertical 5,0.0,81.13159782266995
T1,roof_first,strength_lateral_HX_-1,T1 diagonal 6,347.0291603418009,0.0
T1,roof_first,strength_lateral_HX_-1,T1 diagonal 7,7.204100408914585,2.52526746268984
T1,roof_first,strength_lateral_HX_-1,T1 diagonal 8,0.0,231.81299804766235
T1,roof_first,strength_lateral_HX_-1,T1 diagonal 9,445.35509748265326,0.0
T1,roof_first,strength_lateral_HX_-1,T1 top / segment 1,388.09352448669193,166.92025107918187
T1,roof_first,strength_lateral_HX_2,T1 upper lower chord,138.4698388482214,540.3105475277406
T1,roof_first,strength_lateral_HX_2,T1 vertical 1,0.0,324.79424600198723
T1,roof_first,strength_lateral_HX_2,T1 vertical 2,0.0,45.683704195379214
T1,roof_first,strength_lateral_HX_2,T1 vertical 3,61.81034287375962,0.0
T1,roof_first,strength_lateral_HX_2,T1 vertical 4,0.0,61.22371552717829
T1,roof_first,strength_lateral_HX_2,T1 vertical 5,19.66625540312403,0.0
T1,roof_first,strength_lateral_HX_2,T1 diagonal 6,457.3018273554105,0.0
T1,roof_first,strength_lateral_HX_2,T1 diagonal 7,0.0,323.4842787435403
T1,roof_first,strength_lateral_HX_2,T1 diagonal 8,72.27100081413046,0.0
T1,roof_first,strength_lateral_HX_2,T1 diagonal 9,218.25063249242865,0.0
T1,roof_first,strength_lateral_HX_2,T1 top / segment 1,312.02398772937016,334.9654710000236
T1,roof_first,strength_lateral_HX_-2,T1 upper lower chord,249.19741970592617,544.3442377154438
T1,roof_first,strength_lateral_HX_-2,T1 vertical 1,0.0,22.441961752478505
T1,roof_first,strength_lateral_HX_-2,T1 vertical 2,0.0,71.5542898104543
T1,roof_first,strength_lateral_HX_-2,T1 vertical 3,43.64499555508965,0.0
T1,roof_first,strength_lateral_HX_-2,T1 vertical 4,0.0,43.2232010967368
T1,roof_first,strength_lateral_HX_-2,T1 vertical 5,0.0,112.55013228461777
T1,roof_first,strength_lateral_HX_-2,T1 diagonal 6,310.2716045726361,0.0
T1,roof_first,strength_lateral_HX_-2,T1 diagonal 7,114.19041906375493,0.0
T1,roof_first,strength_lateral_HX_-2,T1 diagonal 8,0.0,329.93120293777827
T1,roof_first,strength_lateral_HX_-2,T1 diagonal 9,521.0565858526112,0.0
T1,roof_first,strength_lateral_HX_-2,T1 top / segment 1,413.494886258759,287.5905938339519
T1,roof_first,lateral_HZ,T1 upper lower chord,0.0,338.59164300834146
T1,roof_first,lateral_HZ,T1 vertical 1,0.0,170.9286677062646
T1,roof_first,lateral_HZ,T1 vertical 2,0.0,47.92929845962856
T1,roof_first,lateral_HZ,T1 vertical 3,44.15856519166953,0.0
T1,roof_first,lateral_HZ,T1 vertical 4,0.0,44.75917076637245
T1,roof_first,lateral_HZ,T1 vertical 5,0.0,40.51148972719096
T1,roof_first,lateral_HZ,T1 diagonal 6,335.8278876475192,0.0
T1,roof_first,lateral_HZ,T1 diagonal 7,0.0,117.83378656668638
T1,roof_first,lateral_HZ,T1 diagonal 8,0.0,85.19122910020394
T1,roof_first,lateral_HZ,T1 diagonal 9,291.32248887178787,0.0
T1,roof_first,lateral_HZ,T1 top / segment 1,310.841440082536,70.73854391976445
T1,roof_first,strength_lateral_HZ_1,T1 upper lower chord,0.0,397.84071877210107
T1,roof_first,strength_lateral_HZ_1,T1 vertical 1,0.0,199.8650201258946
T1,roof_first,strength_lateral_HZ_1,T1 vertical 2,0.0,57.69913121055355
T1,roof_first,strength_lateral_HZ_1,T1 vertical 3,52.94651007030849,0.0
T1,roof_first,strength_lateral_HZ_1,T1 vertical 4,0.0,53.4630805860329
T1,roof_first,strength_lateral_HZ_1,T1 vertical 5,0.0,48.79700104815392
T1,roof_first,strength_lateral_HZ_1,T1 diagonal 6,399.7923414745411,0.0
T1,roof_first,strength_lateral_HZ_1,T1 diagonal 7,0.0,136.08572254981084
T1,roof_first,strength_lateral_HZ_1,T1 diagonal 8,0.0,107.47369276171685
T1,roof_first,strength_lateral_HZ_1,T1 diagonal 9,352.9314225216036,0.0
T1,roof_first,strength_lateral_HZ_1,T1 top / segment 1,371.2901352351528,80.05961354431793
T1,roof_first,strength_lateral_HZ_-1,T1 upper lower chord,6.739482120195476,377.95099700060496
T1,roof_first,strength_lateral_HZ_-1,T1 vertical 1,0.0,147.37118814358448
T1,roof_first,strength_lateral_HZ_-1,T1 vertical 2,0.0,59.53886289525843
T1,roof_first,strength_lateral_HZ_-1,T1 vertical 3,52.50882839977239,0.0
T1,roof_first,strength_lateral_HZ_-1,T1 vertical 4,0.0,50.9838360002796
T1,roof_first,strength_lateral_HZ_-1,T1 vertical 5,0.0,50.62912537324354
T1,roof_first,strength_lateral_HZ_-1,T1 diagonal 6,367.78109051816665,0.0
T1,roof_first,strength_lateral_HZ_-1,T1 diagonal 7,0.0,82.93748675745381
T1,roof_first,strength_lateral_HZ_-1,T1 diagonal 8,0.0,159.91589346831802
T1,roof_first,strength_lateral_HZ_-1,T1 diagonal 9,386.37579574902946,0.0
T1,roof_first,strength_lateral_HZ_-1,T1 top / segment 1,354.09418898365413,94.07768837850904
T1,roof_first,strength_lateral_HZ_2,T1 upper lower chord,0.0,440.18700050998984
T1,roof_first,strength_lateral_HZ_2,T1 vertical 1,0.0,226.11193616643885
T1,roof_first,strength_lateral_HZ_2,T1 vertical 2,0.0,56.779265393077544
T1,roof_first,strength_lateral_HZ_2,T1 vertical 3,53.16535091167524,0.0
T1,roof_first,strength_lateral_HZ_2,T1 vertical 4,0.0,54.70270286337044
T1,roof_first,strength_lateral_HZ_2,T1 vertical 5,0.0,47.88093870895721
T1,roof_first,strength_lateral_HZ_2,T1 diagonal 6,415.79796688658786,0.0
T1,roof_first,strength_lateral_HZ_2,T1 diagonal 7,0.0,162.65984042302134
T1,roof_first,strength_lateral_HZ_2,T1 diagonal 8,0.0,81.25259243887756
T1,roof_first,strength_lateral_HZ_2,T1 diagonal 9,336.2092359495239,0.0
T1,roof_first,strength_lateral_HZ_2,T1 top / segment 1,379.88810743745876,104.19281559692556
T1,roof_first,strength_lateral_HZ_-2,T1 upper lower chord,60.441249187948685,380.32025972590446
T1,roof_first,strength_lateral_HZ_-2,T1 vertical 1,0.0,121.12427230800013
T1,roof_first,strength_lateral_HZ_-2,T1 vertical 2,0.0,60.45872866883602
T1,roof_first,strength_lateral_HZ_-2,T1 vertical 3,52.28998755240078,0.0
T1,roof_first,strength_lateral_HZ_-2,T1 vertical 4,0.0,49.74421375582572
T1,roof_first,strength_lateral_HZ_-2,T1 vertical 5,0.0,51.545187984150374
T1,roof_first,strength_lateral_HZ_-2,T1 diagonal 6,351.77546531175545,0.0
T1,roof_first,strength_lateral_HZ_-2,T1 diagonal 7,0.0,56.36336917282902
T1,roof_first,strength_lateral_HZ_-2,T1 diagonal 8,0.0,186.13699349087247
T1,roof_first,strength_lateral_HZ_-2,T1 diagonal 9,403.0979821197381,0.0
T1,roof_first,strength_lateral_HZ_-2,T1 top / segment 1,345.49621774521137,136.18054485329986
T1,roof_first,basic_Droof,T1 upper lower chord,25.534347627741138,5.745634029227906
T1,roof_first,basic_Droof,T1 vertical 1,0.0,15.427225492980767
T1,roof_first,basic_Droof,T1 vertical 2,0.0,0.5223797233239815
T1,roof_first,basic_Droof,T1 vertical 3,0.0,0.0005227413063375035
T1,roof_first,basic_Droof,T1 vertical 4,1.0293794596477612,0.0
T1,roof_first,basic_Droof,T1 vertical 5,5.291567205872155,0.0
T1,roof_first,basic_Droof,T1 diagonal 6,0.0,8.386645515637758
T1,roof_first,basic_Droof,T1 diagonal 7,12.136081489028044,0.0
T1,roof_first,basic_Droof,T1 diagonal 8,0.0,12.301025013607871
T1,roof_first,basic_Droof,T1 diagonal 9,7.591447724757378,0.0
T1,roof_first,basic_Droof,T1 top / segment 1,8.632487711464458,25.49287300196574
T1,roof_first,basic_Dsteel,T1 upper lower chord,0.0,316.73492832274974
T1,roof_first,basic_Dsteel,T1 vertical 1,0.0,129.2545299746572
T1,roof_first,basic_Dsteel,T1 vertical 2,0.0,48.3267843485384
T1,roof_first,basic_Dsteel,T1 vertical 3,43.94024710712508,0.0
T1,roof_first,basic_Dsteel,T1 vertical 4,0.0,44.5489281657503
T1,roof_first,basic_Dsteel,T1 vertical 5,0.0,46.719120924347344
T1,roof_first,basic_Dsteel,T1 diagonal 6,328.20890941692517,0.0
T1,roof_first,basic_Dsteel,T1 diagonal 7,0.0,103.39575425629674
T1,roof_first,basic_Dsteel,T1 diagonal 8,0.0,99.11130036362073
T1,roof_first,basic_Dsteel,T1 diagonal 9,300.4532274752423,0.0
T1,roof_first,basic_Dsteel,T1 top / segment 1,310.9207607254086,53.96626979084422
T1,roof_first,basic_Dwall,T1 upper lower chord,3.6830215343764254,2.800648983481551
T1,roof_first,basic_Dwall,T1 vertical 1,0.0,64.19516322403715
T1,roof_first,basic_Dwall,T1 vertical 2,0.4381106343583904,0.0
T1,roof_first,basic_Dwall,T1 vertical 3,0.0,0.021232105877871468
T1,roof_first,basic_Dwall,T1 vertical 4,0.220132743696334,0.0
T1,roof_first,basic_Dwall,T1 vertical 5,0.0,32.404570987262204
T1,roof_first,basic_Dwall,T1 diagonal 6,0.0,1.8564229847552514
T1,roof_first,basic_Dwall,T1 diagonal 7,2.446831151309186,0.0
T1,roof_first,basic_Dwall,T1 diagonal 8,0.0,2.6434185279568965
T1,roof_first,basic_Dwall,T1 diagonal 9,1.5018480784588288,0.0
T1,roof_first,basic_Dwall,T1 top / segment 1,2.799538777608964,4.374139273138979
T1,roof_first,basic_HX,T1 upper lower chord,90.9387075940221,148.07985241675115
T1,roof_first,basic_HX,T1 vertical 1,0.0,75.588071062906
T1,roof_first,basic_HX,T1 vertical 2,6.467646405668582,0.0
T1,roof_first,basic_HX,T1 vertical 3,4.5413368184930025,0.0
T1,roof_first,basic_HX,T1 vertical 4,0.0,4.500128609292631
T1,roof_first,basic_HX,T1 vertical 5,31.418534410032315,0.0
T1,roof_first,basic_HX,T1 diagonal 6,36.75755695431119,0.0
T1,roof_first,basic_HX,T1 diagonal 7,0.0,106.98633704763213
T1,roof_first,basic_HX,T1 diagonal 8,98.11820480970745,0.0
T1,roof_first,basic_HX,T1 diagonal 9,0.0,75.70149709599573
T1,roof_first,basic_HX,T1 top / segment 1,120.67034306207795,149.67102485182264
T1,roof_first,basic_HZ,T1 upper lower chord,12.137418990445761,53.70176664319805
T1,roof_first,basic_HZ,T1 vertical 1,0.0,26.246915631175412
T1,roof_first,basic_HZ,T1 vertical 2,0.9198657946129113,0.0
T1,roof_first,basic_HZ,T1 vertical 3,0.21884083975288043,0.0
T1,roof_first,basic_HZ,T1 vertical 4,0.0,1.2396222555149552
T1,roof_first,basic_HZ,T1 vertical 5,0.9160624950156735,0.0
T1,roof_first,basic_HZ,T1 diagonal 6,16.005625171284855,0.0
T1,roof_first,basic_HZ,T1 diagonal 7,0.0,26.574117449238027
T1,roof_first,basic_HZ,T1 diagonal 8,26.221099897792737,0.0
T1,roof_first,basic_HZ,T1 diagonal 9,0.0,16.722187775778036
T1,roof_first,basic_HZ,T1 top / segment 1,44.965317454258525,27.54420668510992
T1,roof_first,basic_R20,T1 upper lower chord,51.37726526087035,11.500018437949079
T1,roof_first,basic_R20,T1 vertical 1,0.0,33.86214437194256
T1,roof_first,basic_R20,T1 vertical 2,0.0,0.9851230222955903
T1,roof_first,basic_R20,T1 vertical 3,0.0,0.009764402933892689
T1,roof_first,basic_R20,T1 vertical 4,2.0563247635650197,0.0
T1,roof_first,basic_R20,T1 vertical 5,12.892872621095034,0.0
T1,roof_first,basic_R20,T1 diagonal 6,0.0,16.88091921984128
T1,roof_first,basic_R20,T1 diagonal 7,24.37070467237252,0.0
T1,roof_first,basic_R20,T1 diagonal 8,0.0,24.70432509903874
T1,roof_first,basic_R20,T1 diagonal 9,15.271712403533623,0.0
T1,roof_first,basic_R20,T1 top / segment 1,17.42079281913766,51.165064378091365
T1,roof_first,basic_U20,T1 upper lower chord,11.500018437949079,51.37726526087035
T1,roof_first,basic_U20,T1 vertical 1,33.86214437194256,0.0
T1,roof_first,basic_U20,T1 vertical 2,0.9851230222955903,0.0
T1,roof_first,basic_U20,T1 vertical 3,0.009764402933892689,0.0
T1,roof_first,basic_U20,T1 vertical 4,0.0,2.0563247635650197
T1,roof_first,basic_U20,T1 vertical 5,0.0,12.892872621095034
T1,roof_first,basic_U20,T1 diagonal 6,16.88091921984128,0.0
T1,roof_first,basic_U20,T1 diagonal 7,0.0,24.37070467237252
T1,roof_first,basic_U20,T1 diagonal 8,24.70432509903874,0.0
T1,roof_first,basic_U20,T1 diagonal 9,0.0,15.271712403533623
T1,roof_first,basic_U20,T1 top / segment 1,51.165064378091365,17.42079281913766
TE,complete,service40,T-E,0.0,7561.805114741958
TE,complete,service40,T-E vertical 1,96.90933339753356,0.0
TE,complete,service40,T-E vertical 2,1178.3187400308823,0.0
TE,complete,service40,T-E vertical 3,0.0,2185.8472667530955
TE,complete,service40,T-E vertical 4,0.0,1463.5959946368318
TE,complete,service40,T-E vertical 5,0.0,188.3622426205255
TE,complete,service40,T-E vertical 6,1417.835641937071,0.0
TE,complete,service40,T-E vertical 7,694.5905934840677,0.0
TE,complete,service40,T-E vertical 8,565.464507884072,0.0
TE,complete,service40,T-E vertical 9,2975.7985092562426,0.0
TE,complete,service40,T-E diagonal 10,408.4485479977253,0.0
TE,complete,service40,T-E diagonal 11,6324.879189985779,0.0
TE,complete,service40,T-E diagonal 12,2425.654886446252,0.0
TE,complete,service40,T-E diagonal 13,0.0,9236.986434093298
TE,complete,service40,T-E top / segment 1,7230.8506560796795,0.0
TE,complete,service40,T-E top / segment 2,5711.3354991131955,0.0
TE,complete,service40,T-E top / segment 3,5401.984771342388,0.0
TE,complete,service40,T-E top / segment 4,5052.11839653639,1591.8166951007402
TE,complete,service_patches,T-E,0.0,8142.4281755088205
TE,complete,service_patches,T-E vertical 1,91.79615928626986,0.0
TE,complete,service_patches,T-E vertical 2,1202.951997691693,0.0
TE,complete,service_patches,T-E vertical 3,0.0,2507.708538592602
TE,complete,service_patches,T-E vertical 4,0.0,1579.9318353116798
TE,complete,service_patches,T-E vertical 5,0.0,237.16748954784822
TE,complete,service_patches,T-E vertical 6,1374.120217293976,0.0
TE,complete,service_patches,T-E vertical 7,651.2214583470021,0.0
TE,complete,service_patches,T-E vertical 8,528.4083191323574,0.0
TE,complete,service_patches,T-E vertical 9,3233.620273129269,0.0
TE,complete,service_patches,T-E diagonal 10,451.7409196640032,0.0
TE,complete,service_patches,T-E diagonal 11,6907.554165881335,0.0
TE,complete,service_patches,T-E diagonal 12,2598.6080449397846,0.0
TE,complete,service_patches,T-E diagonal 13,0.0,10158.38129133515
TE,complete,service_patches,T-E top / segment 1,7787.463951221458,0.0
TE,complete,service_patches,T-E top / segment 2,6230.396974692702,0.0
TE,complete,service_patches,T-E top / segment 3,5910.881074930339,0.0
TE,complete,service_patches,T-E top / segment 4,5558.044042408483,1755.1768592903318
TE,complete,typical30,T-E,0.0,4868.544372766158
TE,complete,typical30,T-E vertical 1,0.0,1.7822370952233264
TE,complete,typical30,T-E vertical 2,565.8070558505628,0.0
TE,complete,typical30,T-E vertical 3,0.0,1909.0000349323882
TE,complete,typical30,T-E vertical 4,0.0,1092.827276619984
TE,complete,typical30,T-E vertical 5,0.0,295.0164600236584
TE,complete,typical30,T-E vertical 6,609.3587736355018,0.0
TE,complete,typical30,T-E vertical 7,202.5848794248834,0.0
TE,complete,typical30,T-E vertical 8,209.3141081692124,0.0
TE,complete,typical30,T-E vertical 9,1858.1892755541292,0.0
TE,complete,typical30,T-E diagonal 10,319.0671548369939,0.0
TE,complete,typical30,T-E diagonal 11,4149.791188715297,0.0
TE,complete,typical30,T-E diagonal 12,1660.8490221973916,0.0
TE,complete,typical30,T-E diagonal 13,0.0,6070.152741745755
TE,complete,typical30,T-E top / segment 1,4466.719696775271,0.0
TE,complete,typical30,T-E top / segment 2,3693.785218859439,0.0
TE,complete,typical30,T-E top / segment 3,3544.9651158199963,0.0
TE,complete,typical30,T-E top / segment 4,3284.9489554513416,1057.5034702873388
TE,complete,storage125_sensitivity,T-E,0.0,12327.290861793888
TE,complete,storage125_sensitivity,T-E vertical 1,62.58599551787571,0.0
TE,complete,storage125_sensitivity,T-E vertical 2,1355.2372729035071,0.0
TE,complete,storage125_sensitivity,T-E vertical 3,0.0,4981.179667818988
TE,complete,storage125_sensitivity,T-E vertical 4,0.0,2508.0231789765667
TE,complete,storage125_sensitivity,T-E vertical 5,0.0,552.6989206807972
TE,complete,storage125_sensitivity,T-E vertical 6,1183.1970015743152,0.0
TE,complete,storage125_sensitivity,T-E vertical 7,443.2390669548631,0.0
TE,complete,storage125_sensitivity,T-E vertical 8,653.3108147617824,0.0
TE,complete,storage125_sensitivity,T-E vertical 9,4731.871093214822,0.0
TE,complete,storage125_sensitivity,T-E diagonal 10,791.6398480050914,0.0
TE,complete,storage125_sensitivity,T-E diagonal 11,10775.605676851694,0.0
TE,complete,storage125_sensitivity,T-E diagonal 12,4220.512345478771,0.0
TE,complete,storage125_sensitivity,T-E diagonal 13,0.0,15896.485273907621
TE,complete,storage125_sensitivity,T-E top / segment 1,11367.037313420107,0.0
TE,complete,storage125_sensitivity,T-E top / segment 2,9497.718388364097,0.0
TE,complete,storage125_sensitivity,T-E top / segment 3,9107.127057969421,0.0
TE,complete,storage125_sensitivity,T-E top / segment 4,8585.711661099203,2776.4870326972236
TE,complete,live_only,T-E,0.0,2242.5815909089156
TE,complete,live_only,T-E vertical 1,0.0,16.152154191983676
TE,complete,live_only,T-E vertical 2,83.25577740822959,0.0
TE,complete,live_only,T-E vertical 3,0.0,1315.4505464813046
TE,complete,live_only,T-E vertical 4,0.0,491.49513335544674
TE,complete,live_only,T-E vertical 5,0.0,171.45254877714194
TE,complete,live_only,T-E vertical 6,0.0,110.41817063876346
TE,complete,live_only,T-E vertical 7,0.0,118.28306555399936
TE,complete,live_only,T-E vertical 8,41.33944066711756,0.0
TE,complete,live_only,T-E vertical 9,826.3871130909403,0.0
TE,complete,live_only,T-E diagonal 10,180.32534229263902,0.0
TE,complete,live_only,T-E diagonal 11,2094.4596402624325,0.0
TE,complete,live_only,T-E diagonal 12,844.6388883504866,0.0
TE,complete,live_only,T-E diagonal 13,0.0,3133.881865219318
TE,complete,live_only,T-E top / segment 1,1950.0465387193553,0.0
TE,complete,live_only,T-E top / segment 2,1781.829934789564,0.0
TE,complete,live_only,T-E top / segment 3,1743.5963211139258,0.0
TE,complete,live_only,T-E top / segment 4,1662.9355102232976,557.4919340962791
TE,complete,machine200,T-E,0.0,5476.991209152425
TE,complete,machine200,T-E vertical 1,0.0,6.192849923431637
TE,complete,machine200,T-E vertical 2,588.3511474755899,0.0
TE,complete,machine200,T-E vertical 3,0.0,2262.6386704713827
TE,complete,machine200,T-E vertical 4,0.0,1225.2285162553198
TE,complete,machine200,T-E vertical 5,0.0,341.8272859717397
TE,complete,machine200,T-E vertical 6,578.2479853852464,0.0
TE,complete,machine200,T-E vertical 7,169.93991233255286,0.0
TE,complete,machine200,T-E vertical 8,223.00958166904064,0.0
TE,complete,machine200,T-E vertical 9,2082.6757460696826,0.0
TE,complete,machine200,T-E diagonal 10,368.09042180803385,0.0
TE,complete,machine200,T-E diagonal 11,4717.554684997709,0.0
TE,complete,machine200,T-E diagonal 12,1888.0362299272847,0.0
TE,complete,machine200,T-E diagonal 13,0.0,6924.435908318484
TE,complete,machine200,T-E top / segment 1,4995.9933574416245,0.0
TE,complete,machine200,T-E top / segment 2,4178.733471765953,0.0
TE,complete,machine200,T-E top / segment 3,4019.491711138845,0.0
TE,complete,machine200,T-E top / segment 4,3737.418709390858,1209.498741879528
TE,complete,uplift20_sensitivity,T-E,318.28843266733213,3.915463818984397
TE,complete,uplift20_sensitivity,T-E vertical 1,0.0,96.53046702413651
TE,complete,uplift20_sensitivity,T-E vertical 2,0.0,295.0897489953994
TE,complete,uplift20_sensitivity,T-E vertical 3,0.0,605.4626878259352
TE,complete,uplift20_sensitivity,T-E vertical 4,0.0,186.62859987444892
TE,complete,uplift20_sensitivity,T-E vertical 5,0.0,249.37358489114345
TE,complete,uplift20_sensitivity,T-E vertical 6,0.0,460.1760064674291
TE,complete,uplift20_sensitivity,T-E vertical 7,0.0,386.1962204113749
TE,complete,uplift20_sensitivity,T-E vertical 8,0.0,278.1441381473878
TE,complete,uplift20_sensitivity,T-E vertical 9,0.0,206.09413220977677
TE,complete,uplift20_sensitivity,T-E diagonal 10,65.9938051194723,0.0
TE,complete,uplift20_sensitivity,T-E diagonal 11,0.0,130.86833856265193
TE,complete,uplift20_sensitivity,T-E diagonal 12,62.77582010476503,0.0
TE,complete,uplift20_sensitivity,T-E diagonal 13,193.71605783053306,0.0
TE,complete,uplift20_sensitivity,T-E top / segment 1,48.459299964397786,473.38738557820346
TE,complete,uplift20_sensitivity,T-E top / segment 2,0.0,157.64458555798632
TE,complete,uplift20_sensitivity,T-E top / segment 3,0.0,112.37578574895002
TE,complete,uplift20_sensitivity,T-E top / segment 4,11.309505974967395,128.77349280138029
TE,complete,strength_screen,T-E,0.0,9407.365052942438
TE,complete,strength_screen,T-E vertical 1,29.73854277553619,0.0
TE,complete,strength_screen,T-E vertical 2,1072.509587934191,0.0
TE,complete,strength_screen,T-E vertical 3,0.0,3700.585766353241
TE,complete,strength_screen,T-E vertical 4,0.0,1965.5241136651612
TE,complete,strength_screen,T-E vertical 5,0.0,477.3662401000762
TE,complete,strength_screen,T-E vertical 6,1002.0338605744261,0.0
TE,complete,strength_screen,T-E vertical 7,351.70134605562555,0.0
TE,complete,strength_screen,T-E vertical 8,393.73241000519727,0.0
TE,complete,strength_screen,T-E vertical 9,3676.3191886120553,0.0
TE,complete,strength_screen,T-E diagonal 10,600.5260962885349,0.0
TE,complete,strength_screen,T-E diagonal 11,8203.887600614287,0.0
TE,complete,strength_screen,T-E diagonal 12,3137.8141312809703,0.0
TE,complete,strength_screen,T-E diagonal 13,0.0,12143.814094257892
TE,complete,strength_screen,T-E top / segment 1,8751.913830698375,0.0
TE,complete,strength_screen,T-E top / segment 2,7296.366300011397,0.0
TE,complete,strength_screen,T-E top / segment 3,6999.269837760892,0.0
TE,complete,strength_screen,T-E top / segment 4,6591.153338251787,2118.0949222196364
TE,complete,HB0.25,T-E,0.0,5501.1308325943355
TE,complete,HB0.25,T-E vertical 1,0.0,6.997569493929073
TE,complete,HB0.25,T-E vertical 2,590.2805017699338,0.0
TE,complete,HB0.25,T-E vertical 3,0.0,2218.12356706719
TE,complete,HB0.25,T-E vertical 4,0.0,1206.7481700210637
TE,complete,HB0.25,T-E vertical 5,0.0,349.76948176496677
TE,complete,HB0.25,T-E vertical 6,551.0519413994384,0.0
TE,complete,HB0.25,T-E vertical 7,152.70609224936786,0.0
TE,complete,HB0.25,T-E vertical 8,227.83570200413595,0.0
TE,complete,HB0.25,T-E vertical 9,2121.8889226860024,0.0
TE,complete,HB0.25,T-E diagonal 10,367.8117553450404,0.0
TE,complete,HB0.25,T-E diagonal 11,4758.152634115437,0.0
TE,complete,HB0.25,T-E diagonal 12,1836.4168194373774,0.0
TE,complete,HB0.25,T-E diagonal 13,0.0,7084.171039485822
TE,complete,HB0.25,T-E top / segment 1,5070.46698866139,0.0
TE,complete,HB0.25,T-E top / segment 2,4243.465571870393,0.0
TE,complete,HB0.25,T-E top / segment 3,4083.1342730284905,0.0
TE,complete,HB0.25,T-E top / segment 4,3819.976054647845,1237.8895204024393
TE,complete,HB0.5,T-E,0.0,5592.861395961343
TE,complete,HB0.5,T-E vertical 1,0.0,7.751441947980153
TE,complete,HB0.5,T-E vertical 2,594.7916113427849,0.0
TE,complete,HB0.5,T-E vertical 3,0.0,2198.7445959291404
TE,complete,HB0.5,T-E vertical 4,0.0,1200.66575902719
TE,complete,HB0.5,T-E vertical 5,0.0,365.0771350224754
TE,complete,HB0.5,T-E vertical 6,513.8820054369909,0.0
TE,complete,HB0.5,T-E vertical 7,128.2125411568251,0.0
TE,complete,HB0.5,T-E vertical 8,241.65243185263523,0.0
TE,complete,HB0.5,T-E vertical 9,2194.4910382491576,0.0
TE,complete,HB0.5,T-E diagonal 10,373.1127508254508,0.0
TE,complete,HB0.5,T-E diagonal 11,4852.1389216736825,0.0
TE,complete,HB0.5,T-E diagonal 12,1799.1921923430384,0.0
TE,complete,HB0.5,T-E diagonal 13,0.0,7371.846410876668
TE,complete,HB0.5,T-E top / segment 1,5202.223739512255,0.0
TE,complete,HB0.5,T-E top / segment 2,4386.829587228851,0.0
TE,complete,HB0.5,T-E top / segment 3,4223.728325636745,0.0
TE,complete,HB0.5,T-E top / segment 4,3969.840009216537,1289.183662305429
TE,complete,HB0.75,T-E,0.0,5687.4161131488045
TE,complete,HB0.75,T-E vertical 1,0.0,9.281716223907566
TE,complete,HB0.75,T-E vertical 2,598.6342615801431,0.0
TE,complete,HB0.75,T-E vertical 3,0.0,2196.626800330444
TE,complete,HB0.75,T-E vertical 4,0.0,1197.2340368734135
TE,complete,HB0.75,T-E vertical 5,0.0,380.7160812040977
TE,complete,HB0.75,T-E vertical 6,476.2380147907037,0.0
TE,complete,HB0.75,T-E vertical 7,103.30666217313951,0.0
TE,complete,HB0.75,T-E vertical 8,258.88674779290534,0.0
TE,complete,HB0.75,T-E vertical 9,2272.4038240163372,0.0
TE,complete,HB0.75,T-E diagonal 10,379.88454952873917,0.0
TE,complete,HB0.75,T-E diagonal 11,4952.641368289897,0.0
TE,complete,HB0.75,T-E diagonal 12,1764.7508229724735,0.0
TE,complete,HB0.75,T-E diagonal 13,0.0,7668.592906094013
TE,complete,HB0.75,T-E top / segment 1,5335.388382262141,0.0
TE,complete,HB0.75,T-E top / segment 2,4540.169574369638,0.0
TE,complete,HB0.75,T-E top / segment 3,4374.06227102375,0.0
TE,complete,HB0.75,T-E top / segment 4,4124.796197101805,1342.37955102593
TE,complete,HT0.25,T-E,0.0,5704.44235759045
TE,complete,HT0.25,T-E vertical 1,0.0,4.694103589491541
TE,complete,HT0.25,T-E vertical 2,591.7222440545657,0.0
TE,complete,HT0.25,T-E vertical 3,0.0,2500.8911756906878
TE,complete,HT0.25,T-E vertical 4,0.0,1315.1238825030118
TE,complete,HT0.25,T-E vertical 5,0.0,345.0562635566839
TE,complete,HT0.25,T-E vertical 6,619.4559933638939,0.0
TE,complete,HT0.25,T-E vertical 7,191.00261263361628,0.0
TE,complete,HT0.25,T-E vertical 8,228.17933630160752,0.0
TE,complete,HT0.25,T-E vertical 9,2097.3670709345133,0.0
TE,complete,HT0.25,T-E diagonal 10,386.65624309075105,0.0
TE,complete,HT0.25,T-E diagonal 11,4866.070220759363,0.0
TE,complete,HT0.25,T-E diagonal 12,2090.292456572281,0.0
TE,complete,HT0.25,T-E diagonal 13,0.0,6981.864602482178
TE,complete,HT0.25,T-E top / segment 1,5066.9326211687185,0.0
TE,complete,HT0.25,T-E top / segment 2,4237.281847922162,0.0
TE,complete,HT0.25,T-E top / segment 3,4075.6981101295946,0.0
TE,complete,HT0.25,T-E top / segment 4,3765.885353062986,1219.7479809436518
TE,complete,HT0.5,T-E,0.0,5946.692436277377
TE,complete,HT0.5,T-E vertical 1,0.0,8.065558691121517
TE,complete,HT0.5,T-E vertical 2,600.5395856110741,0.0
TE,complete,HT0.5,T-E vertical 3,0.0,2741.641049424726
TE,complete,HT0.5,T-E vertical 4,0.0,1408.6299222303824
TE,complete,HT0.5,T-E vertical 5,0.0,353.75131379032405
TE,complete,HT0.5,T-E vertical 6,651.48237858907,0.0
TE,complete,HT0.5,T-E vertical 7,205.8194104553155,0.0
TE,complete,HT0.5,T-E vertical 8,234.44805295883995,0.0
TE,complete,HT0.5,T-E vertical 9,2125.406818802578,0.0
TE,complete,HT0.5,T-E diagonal 10,414.1899102180118,0.0
TE,complete,HT0.5,T-E diagonal 11,5092.6168751892,0.0
TE,complete,HT0.5,T-E diagonal 12,2289.1041724453403,0.0
TE,complete,HT0.5,T-E diagonal 13,0.0,7088.409030921593
TE,complete,HT0.5,T-E top / segment 1,5212.543293969009,0.0
TE,complete,HT0.5,T-E top / segment 2,4343.09610772945,0.0
TE,complete,HT0.5,T-E top / segment 3,4178.873207750607,0.0
TE,complete,HT0.5,T-E top / segment 4,3821.603546517683,1238.7672436019575
TE,complete,HT0.75,T-E,0.0,6185.386629721412
TE,complete,HT0.75,T-E vertical 1,0.0,10.346054204067437
TE,complete,HT0.75,T-E vertical 2,611.8868687460039,0.0
TE,complete,HT0.75,T-E vertical 3,0.0,2980.3737806213176
TE,complete,HT0.75,T-E vertical 4,0.0,1500.8896658314407
TE,complete,HT0.75,T-E vertical 5,0.0,361.9087802410295
TE,complete,HT0.75,T-E vertical 6,683.1949108290974,0.0
TE,complete,HT0.75,T-E vertical 7,220.4639226996335,0.0
TE,complete,HT0.75,T-E vertical 8,240.60168569870984,0.0
TE,complete,HT0.75,T-E vertical 9,2153.154705915224,0.0
TE,complete,HT0.75,T-E diagonal 10,441.1948330091883,0.0
TE,complete,HT0.75,T-E diagonal 11,5319.782456753247,0.0
TE,complete,HT0.75,T-E diagonal 12,2484.3367145020397,0.0
TE,complete,HT0.75,T-E diagonal 13,0.0,7194.010448360059
TE,complete,HT0.75,T-E top / segment 1,5372.771600926824,0.0
TE,complete,HT0.75,T-E top / segment 2,4446.964160143848,0.0
TE,complete,HT0.75,T-E top / segment 3,4280.19922290982,0.0
TE,complete,HT0.75,T-E top / segment 4,3876.8389597128717,1257.6129118524864
TE,complete,storage125_strength_sensitivity,T-E,0.0,16103.1455302001
TE,complete,storage125_strength_sensitivity,T-E vertical 1,0.0,16.997702864432718
TE,complete,storage125_strength_sensitivity,T-E vertical 2,1316.1660220278789,0.0
TE,complete,storage125_strength_sensitivity,T-E vertical 3,0.0,7658.139582533744
TE,complete,storage125_strength_sensitivity,T-E vertical 4,0.0,3450.4702384018697
TE,complete,storage125_strength_sensitivity,T-E vertical 5,0.0,982.2165254485251
TE,complete,storage125_strength_sensitivity,T-E vertical 6,696.5567446749868,0.0
TE,complete,storage125_strength_sensitivity,T-E vertical 7,18.929530997089724,59.86659237982202
TE,complete,storage125_strength_sensitivity,T-E vertical 8,593.5764135365777,0.0
TE,complete,storage125_strength_sensitivity,T-E vertical 9,6073.520537850924,0.0
TE,complete,storage125_strength_sensitivity,T-E diagonal 10,1144.364343007247,0.0
TE,complete,storage125_strength_sensitivity,T-E diagonal 11,14392.769946752436,0.0
TE,complete,storage125_strength_sensitivity,T-E diagonal 12,5732.861045347822,0.0
TE,complete,storage125_strength_sensitivity,T-E diagonal 13,0.0,21324.780614133873
TE,complete,storage125_strength_sensitivity,T-E top / segment 1,14479.231119650904,0.0
TE,complete,storage125_strength_sensitivity,T-E top / segment 2,12524.080549973534,0.0
TE,complete,storage125_strength_sensitivity,T-E top / segment 3,12113.263397412382,0.0
TE,complete,storage125_strength_sensitivity,T-E top / segment 4,11435.421601260927,3752.1912262277124
TE,complete,strength_roof,T-E,0.0,10059.319018729188
TE,complete,strength_roof,T-E vertical 1,155.50029826247635,0.0
TE,complete,strength_roof,T-E vertical 2,1658.6436847754235,0.0
TE,complete,strength_roof,T-E vertical 3,0.0,2660.981724194143
TE,complete,strength_roof,T-E vertical 4,0.0,1873.5099733603047
TE,complete,strength_roof,T-E vertical 5,0.0,180.74247356775803
TE,complete,strength_roof,T-E vertical 6,2014.203550922031,0.0
TE,complete,strength_roof,T-E vertical 7,1022.4267866393234,0.0
TE,complete,strength_roof,T-E vertical 8,771.5595447761427,0.0
TE,complete,strength_roof,T-E vertical 9,4027.9075387932235,0.0
TE,complete,strength_roof,T-E diagonal 10,515.0855920451205,0.0
TE,complete,strength_roof,T-E diagonal 11,8414.22739345541,0.0
TE,complete,strength_roof,T-E diagonal 12,3136.2697049953226,0.0
TE,complete,strength_roof,T-E diagonal 13,0.0,12332.34751126164
TE,complete,strength_roof,T-E top / segment 1,9755.354300284587,0.0
TE,complete,strength_roof,T-E top / segment 2,7645.135923049717,0.0
TE,complete,strength_roof,T-E top / segment 3,7211.0068903387255,0.0
TE,complete,strength_roof,T-E top / segment 4,6776.475270936124,2120.017910764373
TE,complete,strength_HB0.25,T-E,0.0,9522.47064639573
TE,complete,strength_HB0.25,T-E vertical 1,27.854861627946406,0.0
TE,complete,strength_HB0.25,T-E vertical 2,1078.3647933737097,0.0
TE,complete,strength_HB0.25,T-E vertical 3,0.0,3669.0031953903904
TE,complete,strength_HB0.25,T-E vertical 4,0.0,1951.199499832778
TE,complete,strength_HB0.25,T-E vertical 5,0.0,496.3900508775794
TE,complete,strength_HB0.25,T-E vertical 6,952.9101839414416,0.0
TE,complete,strength_HB0.25,T-E vertical 7,319.20850418796175,0.0
TE,complete,strength_HB0.25,T-E vertical 8,406.8311757327839,0.0
TE,complete,strength_HB0.25,T-E vertical 9,3767.683759332518,0.0
TE,complete,strength_HB0.25,T-E diagonal 10,606.3873567561031,0.0
TE,complete,strength_HB0.25,T-E diagonal 11,8339.482174378418,0.0
TE,complete,strength_HB0.25,T-E diagonal 12,3080.867051830047,0.0
TE,complete,strength_HB0.25,T-E diagonal 13,0.0,12512.690546377507
TE,complete,strength_HB0.25,T-E top / segment 1,8939.333279841778,0.0
TE,complete,strength_HB0.25,T-E top / segment 2,7463.123932706806,0.0
TE,complete,strength_HB0.25,T-E top / segment 3,7162.901907175841,0.0
TE,complete,strength_HB0.25,T-E top / segment 4,6782.049678853782,2183.7158146098755
TE,complete,strength_HB0.5,T-E,0.0,9669.23956435123
TE,complete,strength_HB0.5,T-E vertical 1,26.648667337680116,0.0
TE,complete,strength_HB0.5,T-E vertical 2,1085.5825681735714,0.0
TE,complete,strength_HB0.5,T-E vertical 3,0.0,3637.996842303245
TE,complete,strength_HB0.5,T-E vertical 4,0.0,1941.4676402946031
TE,complete,strength_HB0.5,T-E vertical 5,0.0,520.8822972818031
TE,complete,strength_HB0.5,T-E vertical 6,893.4382887946067,0.0
TE,complete,strength_HB0.5,T-E vertical 7,280.01882150896773,0.0
TE,complete,strength_HB0.5,T-E vertical 8,428.9379447160454,0.0
TE,complete,strength_HB0.5,T-E vertical 9,3883.84714747243,0.0
TE,complete,strength_HB0.5,T-E diagonal 10,614.8689461000589,0.0
TE,complete,strength_HB0.5,T-E diagonal 11,8489.860225894243,0.0
TE,complete,strength_HB0.5,T-E diagonal 12,3021.3076525237734,0.0
TE,complete,strength_HB0.5,T-E diagonal 13,0.0,12972.97115355462
TE,complete,strength_HB0.5,T-E top / segment 1,9150.144069805634,0.0
TE,complete,strength_HB0.5,T-E top / segment 2,7692.506360979676,0.0
TE,complete,strength_HB0.5,T-E top / segment 3,7387.8523949878745,0.0
TE,complete,strength_HB0.5,T-E top / segment 4,7021.832012612096,2265.7864437533835
TE,complete,strength_HB0.75,T-E,0.0,9820.527083393514
TE,complete,strength_HB0.75,T-E vertical 1,24.200225523117712,0.0
TE,complete,strength_HB0.75,T-E vertical 2,1091.730809342519,0.0
TE,complete,strength_HB0.75,T-E vertical 3,0.0,3634.608368335719
TE,complete,strength_HB0.75,T-E vertical 4,0.0,1935.9768876003343
TE,complete,strength_HB0.75,T-E vertical 5,0.0,545.9046055753721
TE,complete,strength_HB0.75,T-E vertical 6,833.2079001352508,0.0
TE,complete,strength_HB0.75,T-E vertical 7,240.16941681710406,0.0
TE,complete,strength_HB0.75,T-E vertical 8,456.51284785072704,0.0
TE,complete,strength_HB0.75,T-E vertical 9,4008.5075994282665,0.0
TE,complete,strength_HB0.75,T-E diagonal 10,625.7038296496602,0.0
TE,complete,strength_HB0.75,T-E diagonal 11,8650.664158687576,0.0
TE,complete,strength_HB0.75,T-E diagonal 12,2966.201452941947,0.0
TE,complete,strength_HB0.75,T-E diagonal 13,0.0,13447.76552472321
TE,complete,strength_HB0.75,T-E top / segment 1,9363.207523076779,0.0
TE,complete,strength_HB0.75,T-E top / segment 2,7937.850325892863,0.0
TE,complete,strength_HB0.75,T-E top / segment 3,7628.38669356058,0.0
TE,complete,strength_HB0.75,T-E top / segment 4,7269.761902626309,2350.899862069202
TE,complete,strength_HT0.25,T-E,0.0,9847.768877387958
TE,complete,strength_HT0.25,T-E vertical 1,31.540387675469294,0.0
TE,complete,strength_HT0.25,T-E vertical 2,1080.6715882027815,0.0
TE,complete,strength_HT0.25,T-E vertical 3,0.0,4121.431358815675
TE,complete,strength_HT0.25,T-E vertical 4,0.0,2124.6006680548826
TE,complete,strength_HT0.25,T-E vertical 5,0.0,488.84890582748636
TE,complete,strength_HT0.25,T-E vertical 6,1062.356633977861,0.0
TE,complete,strength_HT0.25,T-E vertical 7,380.48292136928586,0.0
TE,complete,strength_HT0.25,T-E vertical 8,407.3809780417707,0.0
TE,complete,strength_HT0.25,T-E vertical 9,3728.448753879071,0.0
TE,complete,strength_HT0.25,T-E diagonal 10,636.538581893548,0.0
TE,complete,strength_HT0.25,T-E diagonal 11,8512.150401862858,0.0
TE,complete,strength_HT0.25,T-E diagonal 12,3487.0680295062716,0.0
TE,complete,strength_HT0.25,T-E diagonal 13,0.0,12349.00007717793
TE,complete,strength_HT0.25,T-E top / segment 1,8933.678406252791,0.0
TE,complete,strength_HT0.25,T-E top / segment 2,7453.229975508785,0.0
TE,complete,strength_HT0.25,T-E top / segment 3,7151.004049123231,0.0
TE,complete,strength_HT0.25,T-E top / segment 4,6695.504472036209,2154.689320709148
TE,complete,strength_HT0.5,T-E,0.0,10235.36925825617
TE,complete,strength_HT0.5,T-E vertical 1,26.146082739115275,0.0
TE,complete,strength_HT0.5,T-E vertical 2,1094.7793256861466,0.0
TE,complete,strength_HT0.5,T-E vertical 3,0.0,4506.631170633017
TE,complete,strength_HT0.5,T-E vertical 4,0.0,2274.210295788933
TE,complete,strength_HT0.5,T-E vertical 5,0.0,502.76097572042306
TE,complete,strength_HT0.5,T-E vertical 6,1113.5988919303163,0.0
TE,complete,strength_HT0.5,T-E vertical 7,404.1898154664682,0.0
TE,complete,strength_HT0.5,T-E vertical 8,417.41093943472674,0.0
TE,complete,strength_HT0.5,T-E vertical 9,3773.3124032348965,0.0
TE,complete,strength_HT0.5,T-E diagonal 10,680.592394208972,0.0
TE,complete,strength_HT0.5,T-E diagonal 11,8874.624949322277,0.0
TE,complete,strength_HT0.5,T-E diagonal 12,3805.166822093268,0.0
TE,complete,strength_HT0.5,T-E diagonal 13,0.0,12519.47137274574
TE,complete,strength_HT0.5,T-E top / segment 1,9166.655356405265,0.0
TE,complete,strength_HT0.5,T-E top / segment 2,7622.53277027254,0.0
TE,complete,strength_HT0.5,T-E top / segment 3,7316.084182968383,0.0
TE,complete,strength_HT0.5,T-E top / segment 4,6784.653685551116,2185.1201788838475
TE,complete,strength_HT0.75,T-E,0.0,10617.279850307968
TE,complete,strength_HT0.75,T-E vertical 1,22.497278976644385,0.0
TE,complete,strength_HT0.75,T-E vertical 2,1112.934982689627,0.0
TE,complete,strength_HT0.75,T-E vertical 3,0.0,4888.603534076683
TE,complete,strength_HT0.75,T-E vertical 4,0.0,2421.825901041498
TE,complete,strength_HT0.75,T-E vertical 5,0.0,515.8129343433689
TE,complete,strength_HT0.75,T-E vertical 6,1164.3389251110636,0.0
TE,complete,strength_HT0.75,T-E vertical 7,427.6210321867563,0.0
TE,complete,strength_HT0.75,T-E vertical 8,427.25674441004975,0.0
TE,complete,strength_HT0.75,T-E vertical 9,3817.708998777188,0.0
TE,complete,strength_HT0.75,T-E diagonal 10,723.8002955307732,0.0
TE,complete,strength_HT0.75,T-E diagonal 11,9238.08993031126,0.0
TE,complete,strength_HT0.75,T-E diagonal 12,4117.538865106368,0.0
TE,complete,strength_HT0.75,T-E diagonal 13,0.0,12688.433545623731
TE,complete,strength_HT0.75,T-E top / segment 1,9423.020712842746,0.0
TE,complete,strength_HT0.75,T-E top / segment 2,7788.721651591042,0.0
TE,complete,strength_HT0.75,T-E top / segment 3,7478.205805569826,0.0
TE,complete,strength_HT0.75,T-E top / segment 4,6873.030299501375,2215.2732310350384
TE,complete,lateral_HX,T-E,0.0,2407.9115774107436
TE,complete,lateral_HX,T-E vertical 1,1.704137825925159,0.0
TE,complete,lateral_HX,T-E vertical 2,451.3984804231125,0.0
TE,complete,lateral_HX,T-E vertical 3,0.0,383.50845469197856
TE,complete,lateral_HX,T-E vertical 4,0.0,351.70707084033756
TE,complete,lateral_HX,T-E vertical 5,67.78250585233822,0.0
TE,complete,lateral_HX,T-E vertical 6,719.8598059167629,0.0
TE,complete,lateral_HX,T-E vertical 7,362.17324864612146,0.0
TE,complete,lateral_HX,T-E vertical 8,213.52905646161182,0.0
TE,complete,lateral_HX,T-E vertical 9,944.8654724739122,0.0
TE,complete,lateral_HX,T-E diagonal 10,56.910469233172186,0.0
TE,complete,lateral_HX,T-E diagonal 11,1877.8972169775197,0.0
TE,complete,lateral_HX,T-E diagonal 12,596.1548663011847,0.0
TE,complete,lateral_HX,T-E diagonal 13,0.0,2713.2084851609093
TE,complete,lateral_HX,T-E top / segment 1,2326.5994195174244,0.0
TE,complete,lateral_HX,T-E top / segment 2,1106.3110473665413,0.0
TE,complete,lateral_HX,T-E top / segment 3,1442.8293744319237,0.0
TE,complete,lateral_HX,T-E top / segment 4,1445.1124106686532,460.44254140275496
TE,complete,strength_lateral_HX_1,T-E,0.0,5682.560580784437
TE,complete,strength_lateral_HX_1,T-E vertical 1,0.0,18.68198549130333
TE,complete,strength_lateral_HX_1,T-E vertical 2,653.154577826347,0.0
TE,complete,strength_lateral_HX_1,T-E vertical 3,0.0,2107.289663957868
TE,complete,strength_lateral_HX_1,T-E vertical 4,0.0,1054.4714154538253
TE,complete,strength_lateral_HX_1,T-E vertical 5,0.0,228.553369662965
TE,complete,strength_lateral_HX_1,T-E vertical 6,698.0397856599939,0.0
TE,complete,strength_lateral_HX_1,T-E vertical 7,268.13543258253753,0.0
TE,complete,strength_lateral_HX_1,T-E vertical 8,268.33144253750856,0.0
TE,complete,strength_lateral_HX_1,T-E vertical 9,2205.480277300767,0.0
TE,complete,strength_lateral_HX_1,T-E diagonal 10,301.3518628722408,0.0
TE,complete,strength_lateral_HX_1,T-E diagonal 11,4906.320247410671,0.0
TE,complete,strength_lateral_HX_1,T-E diagonal 12,1760.8410279076365,0.0
TE,complete,strength_lateral_HX_1,T-E diagonal 13,0.0,7259.489869036069
TE,complete,strength_lateral_HX_1,T-E top / segment 1,5263.95286183458,0.0
TE,complete,strength_lateral_HX_1,T-E top / segment 2,3728.6726181608215,0.0
TE,complete,strength_lateral_HX_1,T-E top / segment 3,3903.7342339585816,0.0
TE,complete,strength_lateral_HX_1,T-E top / segment 4,3882.203122618025,1264.2629692821033
TE,complete,strength_lateral_HX_-1,T-E,0.0,5381.18046006715
TE,complete,strength_lateral_HX_-1,T-E vertical 1,0.0,13.298253496423623
TE,complete,strength_lateral_HX_-1,T-E vertical 2,689.0282584004341,0.0
TE,complete,strength_lateral_HX_-1,T-E vertical 3,0.0,2204.966635816693
TE,complete,strength_lateral_HX_-1,T-E vertical 4,0.0,1300.3910538312566
TE,complete,strength_lateral_HX_-1,T-E vertical 5,0.0,338.6127156736602
TE,complete,strength_lateral_HX_-1,T-E vertical 6,581.4558402024131,0.0
TE,complete,strength_lateral_HX_-1,T-E vertical 7,219.93274921081678,0.0
TE,complete,strength_lateral_HX_-1,T-E vertical 8,346.46464590561186,0.0
TE,complete,strength_lateral_HX_-1,T-E vertical 9,2079.808507773977,0.0
TE,complete,strength_lateral_HX_-1,T-E diagonal 10,395.76822674139265,0.0
TE,complete,strength_lateral_HX_-1,T-E diagonal 11,4663.411340585439,0.0
TE,complete,strength_lateral_HX_-1,T-E diagonal 12,2039.4731832406453,0.0
TE,complete,strength_lateral_HX_-1,T-E diagonal 13,0.0,6743.119103010821
TE,complete,strength_lateral_HX_-1,T-E top / segment 1,5319.983139684501,0.0
TE,complete,strength_lateral_HX_-1,T-E top / segment 2,4730.779671378573,0.0
TE,complete,strength_lateral_HX_-1,T-E top / segment 3,4805.392127950204,0.0
TE,complete,strength_lateral_HX_-1,T-E top / segment 4,3674.9542889981635,1173.0611083441215
TE,complete,strength_lateral_HX_2,T-E,0.0,5833.250641166212
TE,complete,strength_lateral_HX_2,T-E vertical 1,0.0,21.37385149870596
TE,complete,strength_lateral_HX_2,T-E vertical 2,635.2177375391121,0.0
TE,complete,strength_lateral_HX_2,T-E vertical 3,0.0,2058.451178028404
TE,complete,strength_lateral_HX_2,T-E vertical 4,0.0,931.5115962642565
TE,complete,strength_lateral_HX_2,T-E vertical 5,0.0,173.52369410645332
TE,complete,strength_lateral_HX_2,T-E vertical 6,756.3317583877921,0.0
TE,complete,strength_lateral_HX_2,T-E vertical 7,292.2367752667938,0.0
TE,complete,strength_lateral_HX_2,T-E vertical 8,229.26484080241582,0.0
TE,complete,strength_lateral_HX_2,T-E vertical 9,2268.316162064036,0.0
TE,complete,strength_lateral_HX_2,T-E diagonal 10,254.1436809514767,0.0
TE,complete,strength_lateral_HX_2,T-E diagonal 11,5027.774700819475,0.0
TE,complete,strength_lateral_HX_2,T-E diagonal 12,1621.5249502418692,0.0
TE,complete,strength_lateral_HX_2,T-E diagonal 13,0.0,7517.6752520493865
TE,complete,strength_lateral_HX_2,T-E top / segment 1,5419.055336181154,0.0
TE,complete,strength_lateral_HX_2,T-E top / segment 2,3227.6190915297075,0.0
TE,complete,strength_lateral_HX_2,T-E top / segment 3,4013.305563138482,0.0
TE,complete,strength_lateral_HX_2,T-E top / segment 4,3985.827539425539,1309.8638997317025
TE,complete,strength_lateral_HX_-2,T-E,0.0,5230.490399683716
TE,complete,strength_lateral_HX_-2,T-E vertical 1,0.0,10.60638749660611
TE,complete,strength_lateral_HX_-2,T-E vertical 2,706.965098687656,0.0
TE,complete,strength_lateral_HX_-2,T-E vertical 3,0.0,2253.805121746176
TE,complete,strength_lateral_HX_-2,T-E vertical 4,0.0,1423.350873020274
TE,complete,strength_lateral_HX_-2,T-E vertical 5,0.0,393.6423938433531
TE,complete,strength_lateral_HX_-2,T-E vertical 6,523.1638674735285,0.0
TE,complete,strength_lateral_HX_-2,T-E vertical 7,195.83140659362448,0.0
TE,complete,strength_lateral_HX_-2,T-E vertical 8,385.5312476561089,0.0
TE,complete,strength_lateral_HX_-2,T-E vertical 9,2016.9726230107751,0.0
TE,complete,strength_lateral_HX_-2,T-E diagonal 10,442.97640867381926,0.0
TE,complete,strength_lateral_HX_-2,T-E diagonal 11,4541.956887176826,0.0
TE,complete,strength_lateral_HX_-2,T-E diagonal 12,2178.789260906269,0.0
TE,complete,strength_lateral_HX_-2,T-E diagonal 13,0.0,6484.933719998076
TE,complete,strength_lateral_HX_-2,T-E top / segment 1,5857.447383650286,0.0
TE,complete,strength_lateral_HX_-2,T-E top / segment 2,5231.8331980027215,0.0
TE,complete,strength_lateral_HX_-2,T-E top / segment 3,5610.204661583115,0.0
TE,complete,strength_lateral_HX_-2,T-E top / segment 4,3571.329872215254,1127.4601778558283
TE,complete,lateral_HZ,T-E,38.07465151688624,4574.389978035285
TE,complete,lateral_HZ,T-E vertical 1,261.7097536117151,0.0
TE,complete,lateral_HZ,T-E vertical 2,418.7209488566334,0.0
TE,complete,lateral_HZ,T-E vertical 3,0.0,480.05699644028283
TE,complete,lateral_HZ,T-E vertical 4,0.0,340.77474628224377
TE,complete,lateral_HZ,T-E vertical 5,337.55610579448484,0.0
TE,complete,lateral_HZ,T-E vertical 6,1267.844115528877,0.0
TE,complete,lateral_HZ,T-E vertical 7,606.704965907308,0.0
TE,complete,lateral_HZ,T-E vertical 8,420.7306742633771,0.0
TE,complete,lateral_HZ,T-E vertical 9,1392.1133152856826,0.0
TE,complete,lateral_HZ,T-E diagonal 10,0.0,376.9937330940386
TE,complete,lateral_HZ,T-E diagonal 11,0.0,271.20976466555675
TE,complete,lateral_HZ,T-E diagonal 12,1335.2611168749672,0.0
TE,complete,lateral_HZ,T-E diagonal 13,0.0,4534.145512108479
TE,complete,lateral_HZ,T-E top / segment 1,1121.071575243381,795.9687104175129
TE,complete,lateral_HZ,T-E top / segment 2,0.0,1258.2458538440906
TE,complete,lateral_HZ,T-E top / segment 3,2465.541064310437,1351.5651533564744
TE,complete,lateral_HZ,T-E top / segment 4,2380.582270244016,791.5873413095011
TE,complete,strength_lateral_HZ_1,T-E,0.0,7840.80566293811
TE,complete,strength_lateral_HZ_1,T-E vertical 1,241.3236305754459,0.0
TE,complete,strength_lateral_HZ_1,T-E vertical 2,620.4770460566768,0.0
TE,complete,strength_lateral_HZ_1,T-E vertical 3,0.0,2203.838206079337
TE,complete,strength_lateral_HZ_1,T-E vertical 4,0.0,1043.5390899398856
TE,complete,strength_lateral_HZ_1,T-E vertical 5,119.84888208128197,0.0
TE,complete,strength_lateral_HZ_1,T-E vertical 6,1246.0240962405937,0.0
TE,complete,strength_lateral_HZ_1,T-E vertical 7,512.6671508426258,0.0
TE,complete,strength_lateral_HZ_1,T-E vertical 8,475.5330603562186,0.0
TE,complete,strength_lateral_HZ_1,T-E vertical 9,2652.7281211105674,0.0
TE,complete,strength_lateral_HZ_1,T-E diagonal 10,0.0,134.26829400275244
TE,complete,strength_lateral_HZ_1,T-E diagonal 11,2801.818303456767,0.0
TE,complete,strength_lateral_HZ_1,T-E diagonal 12,2499.9472780605547,0.0
TE,complete,strength_lateral_HZ_1,T-E diagonal 13,0.0,9080.426899897568
TE,complete,strength_lateral_HZ_1,T-E top / segment 1,2561.3318589506544,0.0
TE,complete,strength_lateral_HZ_1,T-E top / segment 2,1415.1450946458137,0.0
TE,complete,strength_lateral_HZ_1,T-E top / segment 3,4889.4562679527535,0.0
TE,complete,strength_lateral_HZ_1,T-E top / segment 4,4817.672984081365,1595.407770086845
TE,complete,strength_lateral_HZ_-1,T-E,0.0,3222.9353140726394
TE,complete,strength_lateral_HZ_-1,T-E vertical 1,0.0,273.3038764712304
TE,complete,strength_lateral_HZ_-1,T-E vertical 2,721.7057917367538,0.0
TE,complete,strength_lateral_HZ_-1,T-E vertical 3,0.0,2108.41809192894
TE,complete,strength_lateral_HZ_-1,T-E vertical 4,0.0,1311.323384303942
TE,complete,strength_lateral_HZ_-1,T-E vertical 5,0.0,608.3863175030261
TE,complete,strength_lateral_HZ_-1,T-E vertical 6,33.471522494740725,45.324600882086884
TE,complete,strength_lateral_HZ_-1,T-E vertical 7,0.0,103.3950979335093
TE,complete,strength_lateral_HZ_-1,T-E vertical 8,139.26302271943882,0.0
TE,complete,strength_lateral_HZ_-1,T-E vertical 9,1632.5606527890247,0.0
TE,complete,strength_lateral_HZ_-1,T-E diagonal 10,821.0917228412081,0.0
TE,complete,strength_lateral_HZ_-1,T-E diagonal 11,6767.913331881353,0.0
TE,complete,strength_lateral_HZ_-1,T-E diagonal 12,1300.3669107450717,0.0
TE,complete,strength_lateral_HZ_-1,T-E diagonal 13,0.0,4922.182027046174
TE,complete,strength_lateral_HZ_-1,T-E top / segment 1,7656.36898162226,0.0
TE,complete,strength_lateral_HZ_-1,T-E top / segment 2,7044.307146754706,0.0
TE,complete,strength_lateral_HZ_-1,T-E top / segment 3,6867.267825159582,0.0
TE,complete,strength_lateral_HZ_-1,T-E top / segment 4,2739.4844047976258,841.9162992815776
TE,complete,strength_lateral_HZ_2,T-E,56.88760893216613,10149.740869317886
TE,complete,strength_lateral_HZ_2,T-E vertical 1,498.6373875172302,0.0
TE,complete,strength_lateral_HZ_2,T-E vertical 2,569.8626724331125,0.0
TE,complete,strength_lateral_HZ_2,T-E vertical 3,0.0,2251.5482640383148
TE,complete,strength_lateral_HZ_2,T-E vertical 4,0.0,909.646940276941
TE,complete,strength_lateral_HZ_2,T-E vertical 5,444.65215183261074,0.0
TE,complete,strength_lateral_HZ_2,T-E vertical 6,1852.3003866750348,0.0
TE,complete,strength_lateral_HZ_2,T-E vertical 7,781.3002172611683,0.0
TE,complete,strength_lateral_HZ_2,T-E vertical 8,643.6680818656134,0.0
TE,complete,strength_lateral_HZ_2,T-E vertical 9,3162.81186085964,0.0
TE,complete,strength_lateral_HZ_2,T-E diagonal 10,0.0,606.8006784823701
TE,complete,strength_lateral_HZ_2,T-E diagonal 11,818.7707655683641,0.0
TE,complete,strength_lateral_HZ_2,T-E diagonal 12,3099.737472891579,0.0
TE,complete,strength_lateral_HZ_2,T-E diagonal 13,0.0,11159.549358876842
TE,complete,strength_lateral_HZ_2,T-E top / segment 1,1924.3663741145224,609.1241794255328
TE,complete,strength_lateral_HZ_2,T-E top / segment 2,0.0,1460.6740111955191
TE,complete,strength_lateral_HZ_2,T-E top / segment 3,5984.749654770512,1732.7969065715986
TE,complete,strength_lateral_HZ_2,T-E top / segment 4,5856.767285199921,1972.1535098609406
TE,complete,strength_lateral_HZ_-2,T-E,1890.1162360909518,1047.469500136921
TE,complete,strength_lateral_HZ_-2,T-E vertical 1,0.0,530.6176264438087
TE,complete,strength_lateral_HZ_-2,T-E vertical 2,772.3201637933638,0.0
TE,complete,strength_lateral_HZ_-2,T-E vertical 3,0.0,2060.708035736943
TE,complete,strength_lateral_HZ_-2,T-E vertical 4,0.0,1445.215529008667
TE,complete,strength_lateral_HZ_-2,T-E vertical 5,0.0,933.1895901885327
TE,complete,strength_lateral_HZ_-2,T-E vertical 6,0.0,651.6008841903674
TE,complete,strength_lateral_HZ_-2,T-E vertical 7,0.0,372.02815695299444
TE,complete,strength_lateral_HZ_-2,T-E vertical 8,0.0,107.50064301124851
TE,complete,strength_lateral_HZ_-2,T-E vertical 9,1122.4769242139052,0.0
TE,complete,strength_lateral_HZ_-2,T-E diagonal 10,1293.6233888059214,0.0
TE,complete,strength_lateral_HZ_-2,T-E diagonal 11,8750.96082241234,0.0
TE,complete,strength_lateral_HZ_-2,T-E diagonal 12,700.5767382626698,0.0
TE,complete,strength_lateral_HZ_-2,T-E diagonal 13,0.0,2843.059613167844
TE,complete,strength_lateral_HZ_-2,T-E top / segment 1,10203.887510163917,0.0
TE,complete,strength_lateral_HZ_-2,T-E top / segment 2,9858.88819689166,0.0
TE,complete,strength_lateral_HZ_-2,T-E top / segment 3,9733.956095206315,0.0
TE,complete,strength_lateral_HZ_-2,T-E top / segment 4,1700.3901265630607,465.17056784820903
TE,complete,basic_Dfloor,T-E,0.0,672.7744748733074
TE,complete,basic_Dfloor,T-E vertical 1,0.0,4.845646313423254
TE,complete,basic_Dfloor,T-E vertical 2,24.976733406191887,0.0
TE,complete,basic_Dfloor,T-E vertical 3,0.0,394.6351635480467
TE,complete,basic_Dfloor,T-E vertical 4,0.0,147.44854093455535
TE,complete,basic_Dfloor,T-E vertical 5,0.0,51.435765044735646
TE,complete,basic_Dfloor,T-E vertical 6,0.0,33.1254520725087
TE,complete,basic_Dfloor,T-E vertical 7,0.0,35.48492004951622
TE,complete,basic_Dfloor,T-E vertical 8,12.401832326617997,0.0
TE,complete,basic_Dfloor,T-E vertical 9,247.91613312785123,0.0
TE,complete,basic_Dfloor,T-E diagonal 10,54.0976034807894,0.0
TE,complete,basic_Dfloor,T-E diagonal 11,628.3378897489448,0.0
TE,complete,basic_Dfloor,T-E diagonal 12,253.3916676113086,0.0
TE,complete,basic_Dfloor,T-E diagonal 13,0.0,940.164556472498
TE,complete,basic_Dfloor,T-E top / segment 1,585.0139695739088,0.0
TE,complete,basic_Dfloor,T-E top / segment 2,534.5489884304569,0.0
TE,complete,basic_Dfloor,T-E top / segment 3,523.0789042705316,0.0
TE,complete,basic_Dfloor,T-E top / segment 4,498.8806516019001,167.24757967514557
TE,complete,basic_Droof,T-E,0.0,1020.5689975444316
TE,complete,basic_Droof,T-E vertical 1,58.54499047642979,0.0
TE,complete,basic_Droof,T-E vertical 2,317.78269727968654,0.0
TE,complete,basic_Droof,T-E vertical 3,22.42948487648446,0.0
TE,complete,basic_Droof,T-E vertical 4,0.0,140.01896329269323
TE,complete,basic_Droof,T-E vertical 5,34.21928856265445,0.0
TE,complete,basic_Droof,T-E vertical 6,319.9897900626787,0.0
TE,complete,basic_Droof,T-E vertical 7,193.52177215031898,0.0
TE,complete,basic_Droof,T-E vertical 8,128.18572633233893,0.0
TE,complete,basic_Droof,T-E vertical 9,350.3130093014147,0.0
TE,complete,basic_Droof,T-E diagonal 10,16.090329641298602,0.0
TE,complete,basic_Droof,T-E diagonal 11,751.3178726167363,0.0
TE,complete,basic_Droof,T-E diagonal 12,372.85179853109014,0.0
TE,complete,basic_Droof,T-E diagonal 13,0.0,969.4549804702274
TE,complete,basic_Droof,T-E top / segment 1,1039.1104755341194,0.0
TE,complete,basic_Droof,T-E top / segment 2,665.3765114906402,0.0
TE,complete,basic_Droof,T-E top / segment 3,623.1111995148192,0.0
TE,complete,basic_Droof,T-E top / segment 4,541.178005957006,162.74186182877867
TE,complete,basic_Dsteel,T-E,0.0,1236.6525480210325
TE,complete,basic_Dsteel,T-E vertical 1,0.0,54.148983469949854
TE,complete,basic_Dsteel,T-E vertical 2,151.55262278331642,0.0
TE,complete,basic_Dsteel,T-E vertical 3,0.0,454.7764261452872
TE,complete,basic_Dsteel,T-E vertical 4,0.0,334.6479248354394
TE,complete,basic_Dsteel,T-E vertical 5,0.0,86.9903322394945
TE,complete,basic_Dsteel,T-E vertical 6,341.57804602991837,0.0
TE,complete,basic_Dsteel,T-E vertical 7,144.55013565668594,0.0
TE,complete,basic_Dsteel,T-E vertical 8,124.40993442444032,0.0
TE,complete,basic_Dsteel,T-E vertical 9,531.7165832258236,0.0
TE,complete,basic_Dsteel,T-E diagonal 10,88.02842693996887,0.0
TE,complete,basic_Dsteel,T-E diagonal 11,1005.1249645488035,0.0
TE,complete,basic_Dsteel,T-E diagonal 12,362.61920896535315,0.0
TE,complete,basic_Dsteel,T-E diagonal 13,0.0,1485.568141170722
TE,complete,basic_Dsteel,T-E top / segment 1,1132.3864377770412,0.0
TE,complete,basic_Dsteel,T-E top / segment 2,941.9880880164616,0.0
TE,complete,basic_Dsteel,T-E top / segment 3,899.5308992687176,0.0
TE,complete,basic_Dsteel,T-E top / segment 4,800.3099977894708,252.0997525909439
TE,complete,basic_Dwall,T-E,0.0,256.61235078748757
TE,complete,basic_Dwall,T-E vertical 1,10.78153737404008,0.0
TE,complete,basic_Dwall,T-E vertical 2,9.05316384489561,0.0
TE,complete,basic_Dwall,T-E vertical 3,0.0,95.43002746063935
TE,complete,basic_Dwall,T-E vertical 4,0.0,102.09047809043749
TE,complete,basic_Dwall,T-E vertical 5,0.0,62.22024647427842
TE,complete,basic_Dwall,T-E vertical 6,63.73004272121196,0.0
TE,complete,basic_Dwall,T-E vertical 7,0.0,11.289795231337894
TE,complete,basic_Dwall,T-E vertical 8,0.0,86.68795115461928
TE,complete,basic_Dwall,T-E vertical 9,108.45325092381897,0.0
TE,complete,basic_Dwall,T-E diagonal 10,25.60690254014015,0.0
TE,complete,basic_Dwall,T-E diagonal 11,194.16584644778723,0.0
TE,complete,basic_Dwall,T-E diagonal 12,38.50739036308849,0.0
TE,complete,basic_Dwall,T-E diagonal 13,0.0,324.5538085512422
TE,complete,basic_Dwall,T-E top / segment 1,263.7763081794374,0.0
TE,complete,basic_Dwall,T-E top / segment 2,215.5021423220366,0.0
TE,complete,basic_Dwall,T-E top / segment 3,211.92702797038322,0.0
TE,complete,basic_Dwall,T-E top / segment 4,197.450205778362,57.2953515462267
TE,complete,basic_HB0.25,T-E,0.0,105.8085142484793
TE,complete,basic_HB0.25,T-E vertical 1,0.0,1.1773004771383424
TE,complete,basic_HB0.25,T-E vertical 2,3.6595033639724734,0.0
TE,complete,basic_HB0.25,T-E vertical 3,19.73910682556119,0.0
TE,complete,basic_HB0.25,T-E vertical 4,8.952883722999623,0.0
TE,complete,basic_HB0.25,T-E vertical 5,0.0,11.889881045383447
TE,complete,basic_HB0.25,T-E vertical 6,0.0,30.702297735752023
TE,complete,basic_HB0.25,T-E vertical 7,0.0,20.30802611872356
TE,complete,basic_HB0.25,T-E vertical 8,8.186728777182664,0.0
TE,complete,basic_HB0.25,T-E vertical 9,57.102857000249074,0.0
TE,complete,basic_HB0.25,T-E diagonal 10,3.6632877003097577,0.0
TE,complete,basic_HB0.25,T-E diagonal 11,84.74661092737938,0.0
TE,complete,basic_HB0.25,T-E diagonal 12,0.0,35.59192673514381
TE,complete,basic_HB0.25,T-E diagonal 13,0.0,230.54778379811344
TE,complete,basic_HB0.25,T-E top / segment 1,117.13715314008502,0.0
TE,complete,basic_HB0.25,T-E top / segment 2,104.22372436961936,0.0
TE,complete,basic_HB0.25,T-E top / segment 3,122.24320268638347,0.0
TE,complete,basic_HB0.25,T-E top / segment 4,119.31643295407486,41.01305796893541
TE,complete,basic_HB0.5,T-E,0.0,235.45900259721256
TE,complete,basic_HB0.5,T-E vertical 1,0.0,1.9311745763101316
TE,complete,basic_HB0.5,T-E vertical 2,8.170613298292182,0.0
TE,complete,basic_HB0.5,T-E vertical 3,39.11807835858808,0.0
TE,complete,basic_HB0.5,T-E vertical 4,15.035293595323987,0.0
TE,complete,basic_HB0.5,T-E vertical 5,0.0,27.19753263602139
TE,complete,basic_HB0.5,T-E vertical 6,0.0,67.8722353413963
TE,complete,basic_HB0.5,T-E vertical 7,0.0,44.80157893057198
TE,complete,basic_HB0.5,T-E vertical 8,22.003457369642714,0.0
TE,complete,basic_HB0.5,T-E vertical 9,129.70496995204186,0.0
TE,complete,basic_HB0.5,T-E diagonal 10,8.964286774698188,0.0
TE,complete,basic_HB0.5,T-E diagonal 11,178.7329140101652,0.0
TE,complete,basic_HB0.5,T-E diagonal 12,0.0,72.81656219546784
TE,complete,basic_HB0.5,T-E diagonal 13,0.0,518.2231446414493
TE,complete,basic_HB0.5,T-E top / segment 1,248.8939198614332,0.0
TE,complete,basic_HB0.5,T-E top / segment 2,247.5879813206759,0.0
TE,complete,basic_HB0.5,T-E top / segment 3,276.0677460859482,0.0
TE,complete,basic_HB0.5,T-E top / segment 4,269.18848342081765,92.3071979303478
TE,complete,basic_HB0.75,T-E,0.0,366.4527544451107
TE,complete,basic_HB0.75,T-E vertical 1,0.0,3.4614507073189102
TE,complete,basic_HB0.75,T-E vertical 2,12.013264022394742,0.0
TE,complete,basic_HB0.75,T-E vertical 3,41.23587457058098,0.0
TE,complete,basic_HB0.75,T-E vertical 4,18.467014068217267,0.0
TE,complete,basic_HB0.75,T-E vertical 5,0.0,42.83647819727973
TE,complete,basic_HB0.75,T-E vertical 6,0.0,105.51622822091694
TE,complete,basic_HB0.75,T-E vertical 7,0.0,69.70745954432903
TE,complete,basic_HB0.75,T-E vertical 8,39.23777193605141,0.0
TE,complete,basic_HB0.75,T-E vertical 9,207.61775244897893,0.0
TE,complete,basic_HB0.75,T-E diagonal 10,15.736091158867316,0.0
TE,complete,basic_HB0.75,T-E diagonal 11,279.2353769158436,0.0
TE,complete,basic_HB0.75,T-E diagonal 12,0.0,107.25793944245703
TE,complete,basic_HB0.75,T-E diagonal 13,0.0,814.9696267117105
TE,complete,basic_HB0.75,T-E top / segment 1,382.05857842868295,0.0
TE,complete,basic_HB0.75,T-E top / segment 2,400.92822058426464,0.0
TE,complete,basic_HB0.75,T-E top / segment 3,435.51377069398694,0.0
TE,complete,basic_HB0.75,T-E top / segment 4,424.15347255952037,145.50308439209158
TE,complete,basic_HT0.25,T-E,0.9858423794066672,275.2523965543424
TE,complete,basic_HT0.25,T-E vertical 1,1.1261539069116355,0.0
TE,complete,basic_HT0.25,T-E vertical 2,5.101250098412787,0.0
TE,complete,basic_HT0.25,T-E vertical 3,0.0,263.02849524411903
TE,complete,basic_HT0.25,T-E vertical 4,0.0,99.42284656905618
TE,complete,basic_HT0.25,T-E vertical 5,0.0,7.17666800369684
TE,complete,basic_HT0.25,T-E vertical 6,37.701733594065104,0.0
TE,complete,basic_HT0.25,T-E vertical 7,17.988484016243756,0.0
TE,complete,basic_HT0.25,T-E vertical 8,8.53035584692544,0.0
TE,complete,basic_HT0.25,T-E vertical 9,32.580979091673875,0.0
TE,complete,basic_HT0.25,T-E diagonal 10,22.507805128956786,0.0
TE,complete,basic_HT0.25,T-E diagonal 11,192.6642553788113,0.0
TE,complete,basic_HT0.25,T-E diagonal 12,218.28370899451298,0.0
TE,complete,basic_HT0.25,T-E diagonal 13,0.0,128.24124283381784
TE,complete,basic_HT0.25,T-E top / segment 1,146.4633287988549,0.0
TE,complete,basic_HT0.25,T-E top / segment 2,98.03980919565215,0.0
TE,complete,basic_HT0.25,T-E top / segment 3,106.17857482478271,0.0
TE,complete,basic_HT0.25,T-E top / segment 4,65.22414000975682,22.871499761241484
TE,complete,basic_HT0.5,T-E,0.8860694615431283,517.5026460650042
TE,complete,basic_HT0.5,T-E vertical 1,0.0,2.245285213085434
TE,complete,basic_HT0.5,T-E vertical 2,13.918585873618554,0.0
TE,complete,basic_HT0.5,T-E vertical 3,0.0,503.77837748193315
TE,complete,basic_HT0.5,T-E vertical 4,0.0,192.92886378684594
TE,complete,basic_HT0.5,T-E vertical 5,0.0,15.871713350028845
TE,complete,basic_HT0.5,T-E vertical 6,69.7281454332511,0.0
TE,complete,basic_HT0.5,T-E vertical 7,32.805293427482006,0.0
TE,complete,basic_HT0.5,T-E vertical 8,14.799083038454992,0.0
TE,complete,basic_HT0.5,T-E vertical 9,60.620761533859685,0.0
TE,complete,basic_HT0.5,T-E diagonal 10,50.04144613894776,0.0
TE,complete,basic_HT0.5,T-E diagonal 11,419.21085077001095,0.0
TE,complete,basic_HT0.5,T-E diagonal 12,417.0954780891892,0.0
TE,complete,basic_HT0.5,T-E diagonal 13,0.0,234.785809431861
TE,complete,basic_HT0.5,T-E top / segment 1,296.2217889563888,0.0
TE,complete,basic_HT0.5,T-E top / segment 2,203.85407501015644,0.0
TE,complete,basic_HT0.5,T-E top / segment 3,206.20777218641325,0.0
TE,complete,basic_HT0.5,T-E top / segment 4,120.94548095310704,41.89078724324862
TE,complete,basic_HT0.75,T-E,0.8479744934521561,756.1967970642368
TE,complete,basic_HT0.75,T-E vertical 1,0.0,4.525784742837454
TE,complete,basic_HT0.75,T-E vertical 2,25.26587041683605,0.0
TE,complete,basic_HT0.75,T-E vertical 3,0.0,742.5111065380179
TE,complete,basic_HT0.75,T-E vertical 4,0.0,285.18861272050435
TE,complete,basic_HT0.75,T-E vertical 5,0.0,24.029182846520936
TE,complete,basic_HT0.75,T-E vertical 6,101.4406712549536,0.0
TE,complete,basic_HT0.75,T-E vertical 7,47.44980398012059,0.0
TE,complete,basic_HT0.75,T-E vertical 8,20.952713022591947,0.0
TE,complete,basic_HT0.75,T-E vertical 9,88.36864017617759,0.0
TE,complete,basic_HT0.75,T-E diagonal 10,77.04638729448803,0.0
TE,complete,basic_HT0.75,T-E diagonal 11,646.3764677951516,0.0
TE,complete,basic_HT0.75,T-E diagonal 12,612.3280287593143,0.0
TE,complete,basic_HT0.75,T-E diagonal 13,0.0,340.38719336804473
TE,complete,basic_HT0.75,T-E top / segment 1,443.4412550846167,0.0
TE,complete,basic_HT0.75,T-E top / segment 2,307.7222508433647,0.0
TE,complete,basic_HT0.75,T-E top / segment 3,302.5817155222065,0.0
TE,complete,basic_HT0.75,T-E top / segment 4,176.1839539524749,60.7364494351878
TE,complete,basic_HX,T-E,2.4946915755949344,231.76610541757458
TE,complete,basic_HX,T-E vertical 1,0.0,2.6918659990688423
TE,complete,basic_HX,T-E vertical 2,0.0,17.936840287214384
TE,complete,basic_HX,T-E vertical 3,48.838485929279344,0.0
TE,complete,basic_HX,T-E vertical 4,122.95981918904984,0.0
TE,complete,basic_HX,T-E vertical 5,55.0296746162869,0.0
TE,complete,basic_HX,T-E vertical 6,58.29197272847156,0.0
TE,complete,basic_HX,T-E vertical 7,24.10134190236768,0.0
TE,complete,basic_HX,T-E vertical 8,0.0,39.066601698741714
TE,complete,basic_HX,T-E vertical 9,62.83588476327152,0.0
TE,complete,basic_HX,T-E diagonal 10,0.0,47.2082417974749
TE,complete,basic_HX,T-E diagonal 11,121.45446418047862,0.0
TE,complete,basic_HX,T-E diagonal 12,0.0,139.3160997400453
TE,complete,basic_HX,T-E diagonal 13,0.0,258.1853830130583
TE,complete,basic_HX,T-E top / segment 1,155.1059129949795,537.4642439648416
TE,complete,basic_HX,T-E top / segment 2,0.0,501.05466581126825
TE,complete,basic_HX,T-E top / segment 3,109.57132920382162,833.4778526097487
TE,complete,basic_HX,T-E top / segment 4,103.63384254326989,45.60093047071579
TE,complete,basic_HZ,T-E,62.55468072266551,2324.415990296042
TE,complete,basic_HZ,T-E vertical 1,257.3137531142498,0.0
TE,complete,basic_HZ,T-E vertical 2,0.0,50.61437272424867
TE,complete,basic_HZ,T-E vertical 3,0.0,47.710056928890296
TE,complete,basic_HZ,T-E vertical 4,133.8921467804662,0.0
TE,complete,basic_HZ,T-E vertical 5,324.8032739640494,0.0
TE,complete,basic_HZ,T-E vertical 6,606.276286340247,0.0
TE,complete,basic_HZ,T-E vertical 7,268.63306197811596,0.0
TE,complete,basic_HZ,T-E vertical 8,168.13501853591782,0.0
TE,complete,basic_HZ,T-E vertical 9,510.08373338574285,0.0
TE,complete,basic_HZ,T-E diagonal 10,0.0,472.53237772449717
TE,complete,basic_HZ,T-E diagonal 11,0.0,1983.047702142376
TE,complete,basic_HZ,T-E diagonal 12,599.7901823815446,0.0
TE,complete,basic_HZ,T-E diagonal 13,0.0,2079.1224333104637
TE,complete,basic_HZ,T-E top / segment 1,0.0,2695.8215395623643
TE,complete,basic_HZ,T-E top / segment 2,0.0,2814.5973370526244
TE,complete,basic_HZ,T-E top / segment 3,1164.3875617010196,2866.6882527614916
TE,complete,basic_HZ,T-E top / segment 4,1039.1864506822092,376.74573494977847
TE,complete,basic_L125,T-E,0.0,7008.067464508978
TE,complete,basic_L125,T-E vertical 1,0.0,50.475481491735295
TE,complete,basic_L125,T-E vertical 2,260.1743052599154,0.0
TE,complete,basic_L125,T-E vertical 3,0.0,4110.782955808984
TE,complete,basic_L125,T-E vertical 4,0.0,1535.9222963846657
TE,complete,basic_L125,T-E vertical 5,0.0,535.7892194235513
TE,complete,basic_L125,T-E vertical 6,0.0,345.05678743012726
TE,complete,basic_L125,T-E vertical 7,0.0,369.63458339729857
TE,complete,basic_L125,T-E vertical 8,129.18575338997857,0.0
TE,complete,basic_L125,T-E vertical 9,2582.4597250656698,0.0
TE,complete,basic_L125,T-E diagonal 10,563.5166978784458,0.0
TE,complete,basic_L125,T-E diagonal 11,6545.186358351517,0.0
TE,complete,basic_L125,T-E diagonal 12,2639.4965343432814,0.0
TE,complete,basic_L125,T-E diagonal 13,0.0,9793.380816054092
TE,complete,basic_L125,T-E top / segment 1,6093.895481665886,0.0
TE,complete,basic_L125,T-E top / segment 2,5568.218594888865,0.0
TE,complete,basic_L125,T-E top / segment 3,5448.738551661785,0.0
TE,complete,basic_L125,T-E top / segment 4,5196.67346352147,1742.1622917676502
TE,complete,basic_L30,T-E,0.0,1681.936184195223
TE,complete,basic_L30,T-E vertical 1,0.0,12.11411625759426
TE,complete,basic_L30,T-E vertical 2,62.44183349480425,0.0
TE,complete,basic_L30,T-E vertical 3,0.0,986.5879090396486
TE,complete,basic_L30,T-E vertical 4,0.0,368.6213520126685
TE,complete,basic_L30,T-E vertical 5,0.0,128.58941217391103
TE,complete,basic_L30,T-E vertical 6,0.0,82.8136300545514
TE,complete,basic_L30,T-E vertical 7,0.0,88.71230031317818
TE,complete,basic_L30,T-E vertical 8,31.00458032593246,0.0
TE,complete,basic_L30,T-E vertical 9,619.7903325824508,0.0
TE,complete,basic_L30,T-E diagonal 10,135.24400899449702,0.0
TE,complete,basic_L30,T-E diagonal 11,1570.8447296169147,0.0
TE,complete,basic_L30,T-E diagonal 12,633.4791665323165,0.0
TE,complete,basic_L30,T-E diagonal 13,0.0,2350.4113901250926
TE,complete,basic_L30,T-E top / segment 1,1462.5349146266708,0.0
TE,complete,basic_L30,T-E top / segment 2,1336.37246150939,0.0
TE,complete,basic_L30,T-E top / segment 3,1307.697251215888,0.0
TE,complete,basic_L30,T-E top / segment 4,1247.2016283972853,418.11894899889296
TE,complete,basic_L40,T-E,0.0,2242.5815909089156
TE,complete,basic_L40,T-E vertical 1,0.0,16.152154191983676
TE,complete,basic_L40,T-E vertical 2,83.25577740822959,0.0
TE,complete,basic_L40,T-E vertical 3,0.0,1315.4505464813046
TE,complete,basic_L40,T-E vertical 4,0.0,491.49513335544674
TE,complete,basic_L40,T-E vertical 5,0.0,171.45254877714194
TE,complete,basic_L40,T-E vertical 6,0.0,110.41817063876346
TE,complete,basic_L40,T-E vertical 7,0.0,118.28306555399936
TE,complete,basic_L40,T-E vertical 8,41.33944066711756,0.0
TE,complete,basic_L40,T-E vertical 9,826.3871130909403,0.0
TE,complete,basic_L40,T-E diagonal 10,180.32534229263902,0.0
TE,complete,basic_L40,T-E diagonal 11,2094.4596402624325,0.0
TE,complete,basic_L40,T-E diagonal 12,844.6388883504866,0.0
TE,complete,basic_L40,T-E diagonal 13,0.0,3133.881865219318
TE,complete,basic_L40,T-E top / segment 1,1950.0465387193553,0.0
TE,complete,basic_L40,T-E top / segment 2,1781.829934789564,0.0
TE,complete,basic_L40,T-E top / segment 3,1743.5963211139258,0.0
TE,complete,basic_L40,T-E top / segment 4,1662.9355102232976,557.4919340962791
TE,complete,basic_L75patch,T-E,0.0,2823.204676990542
TE,complete,basic_L75patch,T-E vertical 1,0.0,21.265327618561273
TE,complete,basic_L75patch,T-E vertical 2,107.88903320629576,0.0
TE,complete,basic_L75patch,T-E vertical 3,0.0,1637.3118219775995
TE,complete,basic_L75patch,T-E vertical 4,0.0,607.830964608758
TE,complete,basic_L75patch,T-E vertical 5,0.0,220.2577852911343
TE,complete,basic_L75patch,T-E vertical 6,0.0,154.13358632467384
TE,complete,basic_L75patch,T-E vertical 7,0.0,161.65219675534794
TE,complete,basic_L75patch,T-E vertical 8,4.28325076538764,0.0
TE,complete,basic_L75patch,T-E vertical 9,1084.2088852137804,0.0
TE,complete,basic_L75patch,T-E diagonal 10,223.61771501672553,0.0
TE,complete,basic_L75patch,T-E diagonal 11,2677.134672064557,0.0
TE,complete,basic_L75patch,T-E diagonal 12,1017.5920555642874,0.0
TE,complete,basic_L75patch,T-E diagonal 13,0.0,4055.2767544162584
TE,complete,basic_L75patch,T-E top / segment 1,2503.0670813366,0.0
TE,complete,basic_L75patch,T-E top / segment 2,2300.8924794387526,0.0
TE,complete,basic_L75patch,T-E top / segment 3,2252.492546319429,0.0
TE,complete,basic_L75patch,T-E top / segment 4,2168.8707800400375,720.8521040922998
TE,complete,basic_P200,T-E,0.0,47.80132635659125
TE,complete,basic_P200,T-E vertical 1,0.0,0.3725857176171833
TE,complete,basic_P200,T-E vertical 2,1.7301504909354617,0.0
TE,complete,basic_P200,T-E vertical 3,1.545239433382672,24.775994746911646
TE,complete,basic_P200,T-E vertical 4,0.0,9.527467689246604
TE,complete,basic_P200,T-E vertical 5,0.0,3.94768619233891
TE,complete,basic_P200,T-E vertical 6,0.0,3.5062602944924026
TE,complete,basic_P200,T-E vertical 7,0.0,3.074207702307611
TE,complete,basic_P200,T-E vertical 8,3.3606049253052186,0.0
TE,complete,basic_P200,T-E vertical 9,17.88967125080585,0.0
TE,complete,basic_P200,T-E diagonal 10,3.941964500456064,0.0
TE,complete,basic_P200,T-E diagonal 11,44.148687846890844,0.0
TE,complete,basic_P200,T-E diagonal 12,16.027475143562626,0.0
TE,complete,basic_P200,T-E diagonal 13,0.0,70.81261602744368
TE,complete,basic_P200,T-E top / segment 1,42.66375603216156,0.0
TE,complete,basic_P200,T-E top / segment 2,39.4914566090687,0.0
TE,complete,basic_P200,T-E top / segment 3,38.6274673798588,0.0
TE,complete,basic_P200,T-E top / segment 4,36.75488378086649,12.622272876289628
TE,complete,basic_R20,T-E,0.0,2132.6152157298525
TE,complete,basic_R20,T-E vertical 1,102.72959667907085,0.0
TE,complete,basic_R20,T-E vertical 2,591.6977439388032,0.0
TE,complete,basic_R20,T-E vertical 3,52.015410567541394,0.0
TE,complete,basic_R20,T-E vertical 4,0.0,247.89495044451942
TE,complete,basic_R20,T-E vertical 5,149.51735792447414,0.0
TE,complete,basic_R20,T-E vertical 6,836.0813918910231,0.0
TE,complete,basic_R20,T-E vertical 7,521.5764696217395,0.0
TE,complete,basic_R20,T-E vertical 8,345.8155311883897,0.0
TE,complete,basic_R20,T-E vertical 9,911.0124300033955,0.0
TE,complete,basic_R20,T-E diagonal 10,44.30029764861074,0.0
TE,complete,basic_R20,T-E diagonal 11,1651.4733813411465,0.0
TE,complete,basic_R20,T-E diagonal 12,553.6462095062344,0.0
TE,complete,basic_R20,T-E diagonal 13,0.0,2383.3631244560847
TE,complete,basic_R20,T-E top / segment 1,2277.5208488612284,0.0
TE,complete,basic_R20,T-E top / segment 2,1572.093461399131,0.0
TE,complete,basic_R20,T-E top / segment 3,1451.752465325297,0.0
TE,complete,basic_R20,T-E top / segment 4,1351.4525287367028,394.94022292100726
TE,complete,basic_U20,T-E,2132.6152157298525,0.0
TE,complete,basic_U20,T-E vertical 1,0.0,102.72959667907085
TE,complete,basic_U20,T-E vertical 2,0.0,591.6977439388032
TE,complete,basic_U20,T-E vertical 3,0.0,52.015410567541394
TE,complete,basic_U20,T-E vertical 4,247.89495044451942,0.0
TE,complete,basic_U20,T-E vertical 5,0.0,149.51735792447414
TE,complete,basic_U20,T-E vertical 6,0.0,836.0813918910231
TE,complete,basic_U20,T-E vertical 7,0.0,521.5764696217395
TE,complete,basic_U20,T-E vertical 8,0.0,345.8155311883897
TE,complete,basic_U20,T-E vertical 9,0.0,911.0124300033955
TE,complete,basic_U20,T-E diagonal 10,0.0,44.30029764861074
TE,complete,basic_U20,T-E diagonal 11,0.0,1651.4733813411465
TE,complete,basic_U20,T-E diagonal 12,0.0,553.6462095062344
TE,complete,basic_U20,T-E diagonal 13,2383.3631244560847,0.0
TE,complete,basic_U20,T-E top / segment 1,0.0,2277.5208488612284
TE,complete,basic_U20,T-E top / segment 2,0.0,1572.093461399131
TE,complete,basic_U20,T-E top / segment 3,0.0,1451.752465325297
TE,complete,basic_U20,T-E top / segment 4,394.94022292100726,1351.4525287367028
TE,roof_first,roof_first_service,T-E,0.0,4161.467963170367
TE,roof_first,roof_first_service,T-E vertical 1,107.78911202817066,0.0
TE,roof_first,roof_first_service,T-E vertical 2,1052.2588407737935,0.0
TE,roof_first,roof_first_service,T-E vertical 3,15.482438759167788,220.5438250173022
TE,roof_first,roof_first_service,T-E vertical 4,0.0,665.0370333919793
TE,roof_first,roof_first_service,T-E vertical 5,177.84362401545238,0.0
TE,roof_first,roof_first_service,T-E vertical 6,1502.019905437828,0.0
TE,roof_first,roof_first_service,T-E vertical 7,867.6702842815857,0.0
TE,roof_first,roof_first_service,T-E vertical 8,584.9555519541998,0.0
TE,roof_first,roof_first_service,T-E vertical 9,1719.6524695778614,0.0
TE,roof_first,roof_first_service,T-E diagonal 10,131.3597720849821,0.0
TE,roof_first,roof_first_service,T-E diagonal 11,3201.781129361899,0.0
TE,roof_first,roof_first_service,T-E diagonal 12,1182.8173742347597,0.0
TE,roof_first,roof_first_service,T-E diagonal 13,0.0,4551.912875667906
TE,roof_first,roof_first_service,T-E top / segment 1,4268.269645229385,0.0
TE,roof_first,roof_first_service,T-E top / segment 2,3013.436884755923,0.0
TE,roof_first,roof_first_service,T-E top / segment 3,2813.679725466147,0.0
TE,roof_first,roof_first_service,T-E top / segment 4,2544.8083646678297,758.6252742831998
TE,roof_first,strength_roof_first,T-E,0.0,5844.7659958168815
TE,roof_first,strength_roof_first,T-E vertical 1,170.2937600596889,0.0
TE,roof_first,strength_roof_first,T-E vertical 2,1499.1993105228564,0.0
TE,roof_first,strength_roof_first,T-E vertical 3,50.23568698352538,242.4515149316224
TE,roof_first,strength_roof_first,T-E vertical 4,0.0,895.8320232654028
TE,roof_first,strength_roof_first,T-E vertical 5,273.0428941613788,0.0
TE,roof_first,strength_roof_first,T-E vertical 6,2135.9855140117215,0.0
TE,roof_first,strength_roof_first,T-E vertical 7,1249.5032903477672,0.0
TE,roof_first,strength_roof_first,T-E vertical 8,840.288394462356,0.0
TE,roof_first,strength_roof_first,T-E vertical 9,2427.9356440565257,0.0
TE,roof_first,strength_roof_first,T-E diagonal 10,175.7952668871701,0.0
TE,roof_first,strength_roof_first,T-E diagonal 11,4502.106108517996,0.0
TE,roof_first,strength_roof_first,T-E diagonal 12,1637.7692278154348,0.0
TE,roof_first,strength_roof_first,T-E diagonal 13,0.0,6415.694179254028
TE,roof_first,strength_roof_first,T-E top / segment 1,6034.63243561093,0.0
TE,roof_first,strength_roof_first,T-E top / segment 2,4245.471190724727,0.0
TE,roof_first,strength_roof_first,T-E top / segment 3,3956.9767771009506,0.0
TE,roof_first,strength_roof_first,T-E top / segment 4,3594.3718274531184,1068.333095900731
TE,roof_first,lateral_HX,T-E,0.0,2178.021160660665
TE,roof_first,lateral_HX,T-E vertical 1,3.0057430452874327,0.0
TE,roof_first,lateral_HX,T-E vertical 2,442.25912600133165,0.0
TE,roof_first,lateral_HX,T-E vertical 3,0.0,249.16937265876382
TE,roof_first,lateral_HX,T-E vertical 4,0.0,305.6625314793506
TE,roof_first,lateral_HX,T-E vertical 5,86.53410046751364,0.0
TE,roof_first,lateral_HX,T-E vertical 6,735.9566496882097,0.0
TE,roof_first,lateral_HX,T-E vertical 7,374.71653359642363,0.0
TE,roof_first,lateral_HX,T-E vertical 8,195.78025422189242,0.0
TE,roof_first,lateral_HX,T-E vertical 9,863.3932001549764,0.0
TE,roof_first,lateral_HX,T-E diagonal 10,37.321273140182264,0.0
TE,roof_first,lateral_HX,T-E diagonal 11,1678.6046125315079,0.0
TE,roof_first,lateral_HX,T-E diagonal 12,519.5341156499659,0.0
TE,roof_first,lateral_HX,T-E diagonal 13,0.0,2388.307361829779
TE,roof_first,lateral_HX,T-E top / segment 1,2133.3091549859714,0.0
TE,roof_first,lateral_HX,T-E top / segment 2,915.4521670322532,0.0
TE,roof_first,lateral_HX,T-E top / segment 3,1268.0576299099876,0.0
TE,roof_first,lateral_HX,T-E top / segment 4,1275.2331652243122,402.6030215408674
TE,roof_first,strength_lateral_HX_1,T-E,0.0,2584.812811963966
TE,roof_first,strength_lateral_HX_1,T-E vertical 1,4.090182128690235,0.0
TE,roof_first,strength_lateral_HX_1,T-E vertical 2,534.4665360962597,0.0
TE,roof_first,strength_lateral_HX_1,T-E vertical 3,0.0,304.3786840418553
TE,roof_first,strength_lateral_HX_1,T-E vertical 4,0.0,389.7761229450118
TE,roof_first,strength_lateral_HX_1,T-E vertical 5,92.28753970311496,0.0
TE,roof_first,strength_lateral_HX_1,T-E vertical 6,869.5798497925907,0.0
TE,roof_first,strength_lateral_HX_1,T-E vertical 7,444.10113076703954,0.0
TE,roof_first,strength_lateral_HX_1,T-E vertical 8,243.60052130252146,0.0
TE,roof_first,strength_lateral_HX_1,T-E vertical 9,1025.1474035393533,0.0
TE,roof_first,strength_lateral_HX_1,T-E diagonal 10,54.51140445462859,0.0
TE,roof_first,strength_lateral_HX_1,T-E diagonal 11,1988.9762713440691,0.0
TE,roof_first,strength_lateral_HX_1,T-E diagonal 12,646.9034929030997,0.0
TE,roof_first,strength_lateral_HX_1,T-E diagonal 13,0.0,2821.990773102862
TE,roof_first,strength_lateral_HX_1,T-E top / segment 1,2530.608390772497,0.0
TE,roof_first,strength_lateral_HX_1,T-E top / segment 2,1203.4662555671184,0.0
TE,roof_first,strength_lateral_HX_1,T-E top / segment 3,1504.2371810785219,0.0
TE,roof_first,strength_lateral_HX_1,T-E top / segment 4,1513.8940441049037,475.33672908183894
TE,roof_first,strength_lateral_HX_-1,T-E,0.0,2296.6864553514783
TE,roof_first,strength_lateral_HX_-1,T-E vertical 1,8.92302854589196,0.0
TE,roof_first,strength_lateral_HX_-1,T-E vertical 2,572.0223994455719,0.0
TE,roof_first,strength_lateral_HX_-1,T-E vertical 3,0.0,358.1330356761345
TE,roof_first,strength_lateral_HX_-1,T-E vertical 4,0.0,619.5870180459566
TE,roof_first,strength_lateral_HX_-1,T-E vertical 5,0.0,101.87488702972873
TE,roof_first,strength_lateral_HX_-1,T-E vertical 6,733.8984901248341,0.0
TE,roof_first,strength_lateral_HX_-1,T-E vertical 7,388.51400523416874,0.0
TE,roof_first,strength_lateral_HX_-1,T-E vertical 8,330.24263817764404,0.0
TE,roof_first,strength_lateral_HX_-1,T-E vertical 9,915.9029410743309,0.0
TE,roof_first,strength_lateral_HX_-1,T-E diagonal 10,151.77027348451804,0.0
TE,roof_first,strength_lateral_HX_-1,T-E diagonal 11,1735.4840134105877,0.0
TE,roof_first,strength_lateral_HX_-1,T-E diagonal 12,881.5288453291498,0.0
TE,roof_first,strength_lateral_HX_-1,T-E diagonal 13,0.0,2382.209775447565
TE,roof_first,strength_lateral_HX_-1,T-E top / segment 1,2610.6505137153254,0.0
TE,roof_first,strength_lateral_HX_-1,T-E top / segment 2,2252.702436264529,0.0
TE,roof_first,strength_lateral_HX_-1,T-E top / segment 3,2474.1924033436026,0.0
TE,roof_first,strength_lateral_HX_-1,T-E top / segment 4,1350.0363074321635,397.4676916816276
TE,roof_first,strength_lateral_HX_2,T-E,0.0,2728.875990360273
TE,roof_first,strength_lateral_HX_2,T-E vertical 1,1.6737589328328522,0.0
TE,roof_first,strength_lateral_HX_2,T-E vertical 2,515.6886044215943,0.0
TE,roof_first,strength_lateral_HX_2,T-E vertical 3,0.0,277.50150822475183
TE,roof_first,strength_lateral_HX_2,T-E vertical 4,0.0,274.87067539463453
TE,roof_first,strength_lateral_HX_2,T-E vertical 5,150.0544276407151,0.0
TE,roof_first,strength_lateral_HX_2,T-E vertical 6,937.4205296265055,0.0
TE,roof_first,strength_lateral_HX_2,T-E vertical 7,471.89469284833547,0.0
TE,roof_first,strength_lateral_HX_2,T-E vertical 8,200.27946289350214,0.0
TE,roof_first,strength_lateral_HX_2,T-E vertical 9,1079.7696347720198,0.0
TE,roof_first,strength_lateral_HX_2,T-E diagonal 10,5.881969924110245,4.414171066421699
TE,roof_first,strength_lateral_HX_2,T-E diagonal 11,2115.722400310501,0.0
TE,roof_first,strength_lateral_HX_2,T-E diagonal 12,529.5908166893661,0.0
TE,roof_first,strength_lateral_HX_2,T-E diagonal 13,0.0,3041.8812719306443
TE,roof_first,strength_lateral_HX_2,T-E top / segment 1,2677.421103487152,0.0
TE,roof_first,strength_lateral_HX_2,T-E top / segment 2,678.8481652200805,0.0
TE,roof_first,strength_lateral_HX_2,T-E top / segment 3,1591.3971576272236,355.6193182481804
TE,roof_first,strength_lateral_HX_2,T-E top / segment 4,1595.8229124559953,514.2712477280285
TE,roof_first,strength_lateral_HX_-2,T-E,22.733527214806173,2152.6232761747915
TE,roof_first,strength_lateral_HX_-2,T-E vertical 1,11.339451695784906,0.0
TE,roof_first,strength_lateral_HX_-2,T-E vertical 2,590.8003311732821,0.0
TE,roof_first,strength_lateral_HX_-2,T-E vertical 3,0.0,385.0102114353643
TE,roof_first,strength_lateral_HX_-2,T-E vertical 4,0.0,734.4924658526186
TE,roof_first,strength_lateral_HX_-2,T-E vertical 5,0.0,159.64177522520345
TE,roof_first,strength_lateral_HX_-2,T-E vertical 6,666.0578100407412,0.0
TE,roof_first,strength_lateral_HX_-2,T-E vertical 7,360.7204421135686,0.0
TE,roof_first,strength_lateral_HX_-2,T-E vertical 8,373.56369662759056,0.0
TE,roof_first,strength_lateral_HX_-2,T-E vertical 9,861.2807096004508,0.0
TE,roof_first,strength_lateral_HX_-2,T-E diagonal 10,200.39970827250104,0.0
TE,roof_first,strength_lateral_HX_-2,T-E diagonal 11,1608.737884282803,0.0
TE,roof_first,strength_lateral_HX_-2,T-E diagonal 12,998.8415216781609,0.0
TE,roof_first,strength_lateral_HX_-2,T-E diagonal 13,0.0,2162.319275674596
TE,roof_first,strength_lateral_HX_-2,T-E top / segment 1,3166.387274162586,0.0
TE,roof_first,strength_lateral_HX_-2,T-E top / segment 2,2777.320528181383,0.0
TE,roof_first,strength_lateral_HX_-2,T-E top / segment 3,3313.651648848894,0.0
TE,roof_first,strength_lateral_HX_-2,T-E top / segment 4,1268.1074386415312,358.5331728203886
TE,roof_first,lateral_HZ,T-E,38.39133381694193,4363.078496691847
TE,roof_first,lateral_HZ,T-E vertical 1,263.39807519243806,0.0
TE,roof_first,lateral_HZ,T-E vertical 2,410.96244991564,0.0
TE,roof_first,lateral_HZ,T-E vertical 3,0.0,324.27159918322997
TE,roof_first,lateral_HZ,T-E vertical 4,0.0,288.24735027944826
TE,roof_first,lateral_HZ,T-E vertical 5,352.8690308070007,0.0
TE,roof_first,lateral_HZ,T-E vertical 6,1274.5894205145253,0.0
TE,roof_first,lateral_HZ,T-E vertical 7,615.9279763653283,0.0
TE,roof_first,lateral_HZ,T-E vertical 8,407.67673167788325,0.0
TE,roof_first,lateral_HZ,T-E vertical 9,1319.4931306727215,0.0
TE,roof_first,lateral_HZ,T-E diagonal 10,0.0,395.14461732034636
TE,roof_first,lateral_HZ,T-E diagonal 11,0.0,474.32714475804556
TE,roof_first,lateral_HZ,T-E diagonal 12,1241.340829376512,0.0
TE,roof_first,lateral_HZ,T-E diagonal 13,0.0,4250.687638242155
TE,roof_first,lateral_HZ,T-E top / segment 1,1073.7145855671802,978.9509464174752
TE,roof_first,lateral_HZ,T-E top / segment 2,0.0,1421.767640262944
TE,roof_first,lateral_HZ,T-E top / segment 3,2328.8558401664855,1501.022224396929
TE,roof_first,lateral_HZ,T-E top / segment 4,2234.0700300768985,740.966238564323
TE,roof_first,strength_lateral_HZ_1,T-E,33.636647571062674,4769.5495367944195
TE,roof_first,strength_lateral_HZ_1,T-E vertical 1,264.48252731758663,0.0
TE,roof_first,strength_lateral_HZ_1,T-E vertical 2,503.16985687854765,0.0
TE,roof_first,strength_lateral_HZ_1,T-E vertical 3,0.0,379.48091443733523
TE,roof_first,strength_lateral_HZ_1,T-E vertical 4,0.0,372.3609311196554
TE,roof_first,strength_lateral_HZ_1,T-E vertical 5,358.6224633331788,0.0
TE,roof_first,strength_lateral_HZ_1,T-E vertical 6,1408.2126353368928,0.0
TE,roof_first,strength_lateral_HZ_1,T-E vertical 7,685.3125799069637,0.0
TE,roof_first,strength_lateral_HZ_1,T-E vertical 8,455.4970087968644,0.0
TE,roof_first,strength_lateral_HZ_1,T-E vertical 9,1481.2473561688018,0.0
TE,roof_first,strength_lateral_HZ_1,T-E diagonal 10,0.0,379.6705128531484
TE,roof_first,strength_lateral_HZ_1,T-E diagonal 11,0.0,172.87654230391806
TE,roof_first,strength_lateral_HZ_1,T-E diagonal 12,1368.7102464026675,0.0
TE,roof_first,strength_lateral_HZ_1,T-E diagonal 13,0.0,4684.3711386093155
TE,roof_first,strength_lateral_HZ_1,T-E top / segment 1,1291.759393593525,636.4652198572874
TE,roof_first,strength_lateral_HZ_1,T-E top / segment 2,0.0,1143.9583510944572
TE,roof_first,strength_lateral_HZ_1,T-E top / segment 3,2561.176196021428,1228.566599713933
TE,roof_first,strength_lateral_HZ_1,T-E top / segment 4,2472.730953773889,813.6999621023841
TE,roof_first,strength_lateral_HZ_-1,T-E,674.6084814776734,247.1878731350295
TE,roof_first,strength_lateral_HZ_-1,T-E vertical 1,0.0,251.46931200985605
TE,roof_first,strength_lateral_HZ_-1,T-E vertical 2,603.3190772285056,0.0
TE,roof_first,strength_lateral_HZ_-1,T-E vertical 3,0.0,283.0308070038643
TE,roof_first,strength_lateral_HZ_-1,T-E vertical 4,0.0,637.0022041866378
TE,roof_first,strength_lateral_HZ_-1,T-E vertical 5,0.0,368.20981049704
TE,roof_first,strength_lateral_HZ_-1,T-E vertical 6,195.26571153191966,0.0
TE,roof_first,strength_lateral_HZ_-1,T-E vertical 7,147.30255868500797,0.0
TE,roof_first,strength_lateral_HZ_-1,T-E vertical 8,118.34615387953777,0.0
TE,roof_first,strength_lateral_HZ_-1,T-E vertical 9,459.80299763702163,0.0
TE,roof_first,strength_lateral_HZ_-1,T-E diagonal 10,575.6554536338675,0.0
TE,roof_first,strength_lateral_HZ_-1,T-E diagonal 11,3843.810780781322,0.0
TE,roof_first,strength_lateral_HZ_-1,T-E diagonal 12,159.72210304587526,0.0
TE,roof_first,strength_lateral_HZ_-1,T-E diagonal 13,0.0,519.8294467599412
TE,roof_first,strength_lateral_HZ_-1,T-E top / segment 1,4929.9541611273935,0.0
TE,roof_first,strength_lateral_HZ_-1,T-E top / segment 2,4538.892721749897,0.0
TE,roof_first,strength_lateral_HZ_-1,T-E top / segment 3,4498.032937886263,0.0
TE,roof_first,strength_lateral_HZ_-1,T-E top / segment 4,391.19941615836683,59.104465293062574
TE,roof_first,strength_lateral_HZ_2,T-E,95.80143770439385,7100.273826648366
TE,roof_first,strength_lateral_HZ_2,T-E vertical 1,522.4584471998294,0.0
TE,roof_first,strength_lateral_HZ_2,T-E vertical 2,453.09524649261704,0.0
TE,roof_first,strength_lateral_HZ_2,T-E vertical 3,0.0,427.7059683854967
TE,roof_first,strength_lateral_HZ_2,T-E vertical 4,0.0,240.04029381699112
TE,roof_first,strength_lateral_HZ_2,T-E vertical 5,682.724277705556,0.0
TE,roof_first,strength_lateral_HZ_2,T-E vertical 6,2014.6860980340111,0.0
TE,roof_first,strength_lateral_HZ_2,T-E vertical 7,954.3175915691753,0.0
TE,roof_first,strength_lateral_HZ_2,T-E vertical 8,624.072436367617,0.0
TE,roof_first,strength_lateral_HZ_2,T-E vertical 9,1991.9695363513442,0.0
TE,roof_first,strength_lateral_HZ_2,T-E diagonal 10,0.0,852.185840546658
TE,roof_first,strength_lateral_HZ_2,T-E diagonal 11,0.0,2154.4573848233867
TE,roof_first,strength_lateral_HZ_2,T-E diagonal 12,1973.2043185666678,0.0
TE,roof_first,strength_lateral_HZ_2,T-E diagonal 13,0.0,6766.641988141664
TE,roof_first,strength_lateral_HZ_2,T-E top / segment 1,1275.2499308330994,3327.8442021125925
TE,roof_first,strength_lateral_HZ_2,T-E top / segment 2,0.0,3954.771794335378
TE,roof_first,strength_lateral_HZ_2,T-E top / segment 3,3728.430668934083,4091.8663677548257
TE,roof_first,strength_lateral_HZ_2,T-E top / segment 4,3513.4967243432607,1190.9977114400695
TE,roof_first,strength_lateral_HZ_-2,T-E,2686.113577184471,159.10102199021674
TE,roof_first,strength_lateral_HZ_-2,T-E vertical 1,0.0,509.445229878242
TE,roof_first,strength_lateral_HZ_-2,T-E vertical 2,653.3936872464336,0.0
TE,roof_first,strength_lateral_HZ_-2,T-E vertical 3,39.854358671022915,234.80575357005324
TE,roof_first,strength_lateral_HZ_-2,T-E vertical 4,0.0,769.3228402627025
TE,roof_first,strength_lateral_HZ_-2,T-E vertical 5,0.0,692.3116253450773
TE,roof_first,strength_lateral_HZ_-2,T-E vertical 6,0.0,490.0038725379769
TE,roof_first,strength_lateral_HZ_-2,T-E vertical 7,0.0,200.49857432678428
TE,roof_first,strength_lateral_HZ_-2,T-E vertical 8,0.0,128.85792151499797
TE,roof_first,strength_lateral_HZ_-2,T-E vertical 9,0.0,127.16132681040138
TE,roof_first,strength_lateral_HZ_-2,T-E diagonal 10,1048.1700708626006,0.0
TE,roof_first,strength_lateral_HZ_-2,T-E diagonal 11,5825.3914166188415,0.0
TE,roof_first,strength_lateral_HZ_-2,T-E diagonal 12,0.0,498.2980515064987
TE,roof_first,strength_lateral_HZ_-2,T-E diagonal 13,1646.836895983532,0.0
TE,roof_first,strength_lateral_HZ_-2,T-E top / segment 1,7476.112639662008,0.0
TE,roof_first,strength_lateral_HZ_-2,T-E top / segment 2,7349.701113888129,0.0
TE,roof_first,strength_lateral_HZ_-2,T-E top / segment 3,7361.332719142596,940.5872119248934
TE,roof_first,strength_lateral_HZ_-2,T-E top / segment 4,318.1932814981771,669.4947514222282
TE,roof_first,basic_Droof,T-E,0.0,1017.8375319854946
TE,roof_first,basic_Droof,T-E vertical 1,58.37067805914305,0.0
TE,roof_first,basic_Droof,T-E vertical 2,317.53130896264963,0.0
TE,roof_first,basic_Droof,T-E vertical 3,34.76596851427226,0.0
TE,roof_first,basic_Droof,T-E vertical 4,0.0,138.2970916029627
TE,roof_first,basic_Droof,T-E vertical 5,34.03569764052992,0.0
TE,roof_first,basic_Droof,T-E vertical 6,318.951940178665,0.0
TE,roof_first,basic_Droof,T-E vertical 7,193.1240826916328,0.0
TE,roof_first,basic_Droof,T-E vertical 8,128.19081537015145,0.0
TE,roof_first,basic_Droof,T-E vertical 9,350.1971025218321,0.0
TE,roof_first,basic_Droof,T-E diagonal 10,16.607881739317254,0.0
TE,roof_first,basic_Droof,T-E diagonal 11,750.3751696559578,0.0
TE,roof_first,basic_Droof,T-E diagonal 12,369.03544461025143,0.0
TE,roof_first,basic_Droof,T-E diagonal 13,0.0,969.2855037149363
TE,roof_first,basic_Droof,T-E top / segment 1,1040.9818064133458,0.0
TE,roof_first,basic_Droof,T-E top / segment 2,665.7348376961205,0.0
TE,roof_first,basic_Droof,T-E top / segment 3,622.7677739816006,0.0
TE,roof_first,basic_Droof,T-E top / segment 4,541.0833789567109,162.70864033370717
TE,roof_first,basic_Dsteel,T-E,0.0,1016.1207079601179
TE,roof_first,basic_Dsteel,T-E vertical 1,0.0,52.94848450233246
TE,roof_first,basic_Dsteel,T-E vertical 2,143.5057420765955,0.0
TE,roof_first,basic_Dsteel,T-E vertical 3,0.0,300.1712783803342
TE,roof_first,basic_Dsteel,T-E vertical 4,0.0,282.27086581225296
TE,roof_first,basic_Dsteel,T-E vertical 5,0.0,70.79237307636912
TE,roof_first,basic_Dsteel,T-E vertical 6,349.16405980996575,0.0
TE,roof_first,basic_Dsteel,T-E vertical 7,153.79890262438093,0.0
TE,roof_first,basic_Dsteel,T-E vertical 8,110.9105183790367,0.0
TE,roof_first,basic_Dsteel,T-E vertical 9,458.5739122935319,0.0
TE,roof_first,basic_Dsteel,T-E diagonal 10,69.3428882838716,0.0
TE,roof_first,basic_Dsteel,T-E diagonal 11,801.4832329104611,0.0
TE,roof_first,basic_Dsteel,T-E diagonal 12,267.8114847469249,0.0
TE,roof_first,basic_Dsteel,T-E diagonal 13,0.0,1199.131544169811
TE,roof_first,basic_Dsteel,T-E top / segment 1,945.5143913865996,0.0
TE,roof_first,basic_Dsteel,T-E top / segment 2,774.3355854774053,0.0
TE,roof_first,basic_Dsteel,T-E top / segment 3,739.509980769415,0.0
TE,roof_first,basic_Dsteel,T-E top / segment 4,652.2210110366146,200.9598958235739
TE,roof_first,basic_Dwall,T-E,0.0,256.03897432459246
TE,roof_first,basic_Dwall,T-E vertical 1,10.92746114783823,0.0
TE,roof_first,basic_Dwall,T-E vertical 2,9.11297133076444,0.0
TE,roof_first,basic_Dwall,T-E vertical 3,0.0,124.83190123437363
TE,roof_first,basic_Dwall,T-E vertical 4,0.0,101.70095348074491
TE,roof_first,basic_Dwall,T-E vertical 5,0.0,62.129960270948466
TE,roof_first,basic_Dwall,T-E vertical 6,63.31616564404647,0.0
TE,roof_first,basic_Dwall,T-E vertical 7,0.0,11.418707981112831
TE,roof_first,basic_Dwall,T-E vertical 8,0.0,86.62661962334946
TE,roof_first,basic_Dwall,T-E vertical 9,108.47186830163601,0.0
TE,roof_first,basic_Dwall,T-E diagonal 10,25.759107176163223,0.0
TE,roof_first,basic_Dwall,T-E diagonal 11,193.534715392735,0.0
TE,roof_first,basic_Dwall,T-E diagonal 12,36.97734033620193,0.0
TE,roof_first,basic_Dwall,T-E diagonal 13,0.0,324.89928067548925
TE,roof_first,basic_Dwall,T-E top / segment 1,263.88922281196307,0.0
TE,roof_first,basic_Dwall,T-E top / segment 2,215.8641908832695,0.0
TE,roof_first,basic_Dwall,T-E top / segment 3,212.22617218627693,0.0
TE,roof_first,basic_Dwall,T-E top / segment 4,197.65275691942762,57.3505998784554
TE,roof_first,basic_HX,T-E,3.8164206677279915,212.38088071682765
TE,roof_first,basic_HX,T-E vertical 1,0.0,2.4164231966194225
TE,roof_first,basic_HX,T-E vertical 2,0.0,18.777931683153803
TE,roof_first,basic_HX,T-E vertical 3,26.87717580786214,0.0
TE,roof_first,basic_HX,T-E vertical 4,114.90544759142942,0.0
TE,roof_first,basic_HX,T-E vertical 5,57.76688806579348,0.0
TE,roof_first,basic_HX,T-E vertical 6,67.8406798739219,0.0
TE,roof_first,basic_HX,T-E vertical 7,27.793562758427747,0.0
TE,roof_first,basic_HX,T-E vertical 8,0.0,43.32105843776998
TE,roof_first,basic_HX,T-E vertical 9,54.622231271141445,0.0
TE,roof_first,basic_HX,T-E diagonal 10,0.0,48.62949500516416
TE,roof_first,basic_HX,T-E diagonal 11,126.74614058330442,0.0
TE,roof_first,basic_HX,T-E diagonal 12,0.0,117.3126962865289
TE,roof_first,basic_HX,T-E diagonal 13,0.0,219.89049897890987
TE,roof_first,basic_HX,T-E top / segment 1,146.81663579844673,555.7367591154392
TE,roof_first,basic_HX,T-E top / segment 2,0.0,524.6192209362107
TE,roof_first,basic_HX,T-E top / segment 3,87.15997668118182,874.2951926015772
TE,roof_first,basic_HX,T-E top / segment 4,81.93696115747265,38.93451871924535
TE,roof_first,basic_HZ,T-E,62.16478965288052,2330.724250910401
TE,roof_first,basic_HZ,T-E vertical 1,257.97591590337447,0.0
TE,roof_first,basic_HZ,T-E vertical 2,0.0,50.074609385649815
TE,roof_first,basic_HZ,T-E vertical 3,0.0,58.12288547273391
TE,roof_first,basic_HZ,T-E vertical 4,132.32063404377564,0.0
TE,roof_first,basic_HZ,T-E vertical 5,324.10181523056406,0.0
TE,roof_first,basic_HZ,T-E vertical 6,606.4734581620484,0.0
TE,roof_first,basic_HZ,T-E vertical 7,269.005008586621,0.0
TE,roof_first,basic_HZ,T-E vertical 8,168.57542444810286,0.0
TE,roof_first,basic_HZ,T-E vertical 9,510.7221732842304,0.0
TE,roof_first,basic_HZ,T-E diagonal 10,0.0,472.51532047963536
TE,roof_first,basic_HZ,T-E diagonal 11,0.0,1981.580815980123
TE,roof_first,basic_HZ,T-E diagonal 12,604.4940593864737,0.0
TE,roof_first,basic_HZ,T-E diagonal 13,0.0,2082.270821745305
TE,roof_first,basic_HZ,T-E top / segment 1,0.0,2691.379005188588
TE,roof_first,basic_HZ,T-E top / segment 2,0.0,2810.8247166653214
TE,roof_first,basic_HZ,T-E top / segment 3,1167.2544566120184,2863.299790501574
TE,roof_first,basic_HZ,T-E top / segment 4,1040.8580611187801,377.29774405581446
TE,roof_first,basic_R20,T-E,0.0,2127.5098292256616
TE,roof_first,basic_R20,T-E vertical 1,102.36692978211025,0.0
TE,roof_first,basic_R20,T-E vertical 2,591.2217870823746,0.0
TE,roof_first,basic_R20,T-E vertical 3,79.14195360618002,0.0
TE,roof_first,basic_R20,T-E vertical 4,0.0,244.46906729677974
TE,roof_first,basic_R20,T-E vertical 5,149.07642106274633,0.0
TE,roof_first,basic_R20,T-E vertical 6,833.9039177200094,0.0
TE,roof_first,basic_R20,T-E vertical 7,520.7473043251904,0.0
TE,roof_first,basic_R20,T-E vertical 8,345.85422700900654,0.0
TE,roof_first,basic_R20,T-E vertical 9,910.8814735768352,0.0
TE,roof_first,basic_R20,T-E diagonal 10,45.40929758549134,0.0
TE,roof_first,basic_R20,T-E diagonal 11,1649.9229445588821,0.0
TE,roof_first,basic_R20,T-E diagonal 12,545.9706086449419,0.0
TE,roof_first,basic_R20,T-E diagonal 13,0.0,2383.4959036266473
TE,roof_first,basic_R20,T-E top / segment 1,2281.773345065422,0.0
TE,roof_first,basic_R20,T-E top / segment 2,1573.3665327546305,0.0
TE,roof_first,basic_R20,T-E top / segment 3,1451.4020333295766,0.0
TE,roof_first,basic_R20,T-E top / segment 4,1351.5040128737066,394.9567517587061
TE,roof_first,basic_U20,T-E,2127.5098292256616,0.0
TE,roof_first,basic_U20,T-E vertical 1,0.0,102.36692978211025
TE,roof_first,basic_U20,T-E vertical 2,0.0,591.2217870823746
TE,roof_first,basic_U20,T-E vertical 3,0.0,79.14195360618002
TE,roof_first,basic_U20,T-E vertical 4,244.46906729677974,0.0
TE,roof_first,basic_U20,T-E vertical 5,0.0,149.07642106274633
TE,roof_first,basic_U20,T-E vertical 6,0.0,833.9039177200094
TE,roof_first,basic_U20,T-E vertical 7,0.0,520.7473043251904
TE,roof_first,basic_U20,T-E vertical 8,0.0,345.85422700900654
TE,roof_first,basic_U20,T-E vertical 9,0.0,910.8814735768352
TE,roof_first,basic_U20,T-E diagonal 10,0.0,45.40929758549134
TE,roof_first,basic_U20,T-E diagonal 11,0.0,1649.9229445588821
TE,roof_first,basic_U20,T-E diagonal 12,0.0,545.9706086449419
TE,roof_first,basic_U20,T-E diagonal 13,2383.4959036266473,0.0
TE,roof_first,basic_U20,T-E top / segment 1,0.0,2281.773345065422
TE,roof_first,basic_U20,T-E top / segment 2,0.0,1573.3665327546305
TE,roof_first,basic_U20,T-E top / segment 3,0.0,1451.4020333295766
TE,roof_first,basic_U20,T-E top / segment 4,394.9567517587061,1351.5040128737066
TN,complete,service40,T-N,0.0,967.1256861787427
TN,complete,service40,T-N upper east jamb,0.0,1286.0368505983222
TN,complete,service40,T-N loading header,698.8942801536547,125.58804377081293
TN,complete,service40,T-N vertical 1,126.03954831798524,0.0
TN,complete,service40,T-N vertical 2,0.0,310.9815461760585
TN,complete,service40,T-N vertical 3,0.0,184.7803146412418
TN,complete,service40,T-N vertical 4,827.9713768928784,0.0
TN,complete,service40,T-N vertical 5,92.90692270791929,0.0
TN,complete,service40,T-N diagonal 6,281.48435202141576,0.0
TN,complete,service40,T-N diagonal 7,0.0,345.3633146474553
TN,complete,service40,T-N diagonal 8,1518.4367351034475,0.0
TN,complete,service40,T-N diagonal 9,112.44999573288077,0.0
TN,complete,service40,T-N vertical 10,181.30534853436367,0.0
TN,complete,service40,T-N vertical 11,0.0,8.065839711542116
TN,complete,service40,T-N vertical 12,0.0,9.104268225805837
TN,complete,service40,T-N vertical 13,0.0,7.327851543175423
TN,complete,service40,T-N vertical 14,92.40176934894978,0.0
TN,complete,service40,T-N diagonal 15,346.3443405258234,0.0
TN,complete,service40,T-N diagonal 16,0.0,290.6326845758758
TN,complete,service40,T-N diagonal 17,286.52617054171367,0.0
TN,complete,service40,T-N diagonal 18,0.0,182.2987770546888
TN,complete,service40,T-N top / segment 1,171.3996564448225,0.0
TN,complete,service40,T-N top / segment 2,733.0941170076703,167.7187489025796
TN,complete,service40,T-N top / segment 3,12.613610511945666,0.05028421760905173
TN,complete,service_patches,T-N,5.0940196505422364e-11,1263.4448678362505
TN,complete,service_patches,T-N upper east jamb,0.0,1757.2894197306307
TN,complete,service_patches,T-N loading header,904.3948776910607,148.66500690567733
TN,complete,service_patches,T-N vertical 1,129.06972367391563,0.0
TN,complete,service_patches,T-N vertical 2,0.0,408.6877231857695
TN,complete,service_patches,T-N vertical 3,0.0,267.35556935416827
TN,complete,service_patches,T-N vertical 4,886.904051001652,0.0
TN,complete,service_patches,T-N vertical 5,105.83172730614857,0.0
TN,complete,service_patches,T-N diagonal 6,353.54179911277845,0.0
TN,complete,service_patches,T-N diagonal 7,0.0,420.0857783124721
TN,complete,service_patches,T-N diagonal 8,2054.99223352564,0.0
TN,complete,service_patches,T-N diagonal 9,135.8596490620628,0.0
TN,complete,service_patches,T-N vertical 10,232.0065548332131,0.0
TN,complete,service_patches,T-N vertical 11,0.0,8.285727420423743
TN,complete,service_patches,T-N vertical 12,0.0,18.33578463898527
TN,complete,service_patches,T-N vertical 13,0.0,7.076925890980835
TN,complete,service_patches,T-N vertical 14,140.6282222674335,0.0
TN,complete,service_patches,T-N diagonal 15,427.9217434476116,0.0
TN,complete,service_patches,T-N diagonal 16,0.0,361.23404975497385
TN,complete,service_patches,T-N diagonal 17,374.6760683730839,0.0
TN,complete,service_patches,T-N diagonal 18,0.0,245.76690508860761
TN,complete,service_patches,T-N top / segment 1,279.9933430382347,0.0
TN,complete,service_patches,T-N top / segment 2,1037.220597041824,169.35253366659848
TN,complete,service_patches,T-N top / segment 3,15.373357743977165,0.05028421770954058
TN,complete,typical30,T-N,0.0,848.8214402767908
TN,complete,typical30,T-N upper east jamb,0.0,1124.2770756500997
TN,complete,typical30,T-N loading header,571.0821974609461,98.22675648914209
TN,complete,typical30,T-N vertical 1,32.81642641332197,0.0
TN,complete,typical30,T-N vertical 2,0.0,274.77227042567455
TN,complete,typical30,T-N vertical 3,0.0,164.01539315907456
TN,complete,typical30,T-N vertical 4,506.701249102127,0.0
TN,complete,typical30,T-N vertical 5,74.05179420854859,0.0
TN,complete,typical30,T-N diagonal 6,262.67896494635187,0.0
TN,complete,typical30,T-N diagonal 7,0.0,293.19808882870836
TN,complete,typical30,T-N diagonal 8,1346.2681249486195,0.0
TN,complete,typical30,T-N diagonal 9,79.99367928977472,0.0
TN,complete,typical30,T-N vertical 10,144.3308086393619,0.0
TN,complete,typical30,T-N vertical 11,0.0,8.556834105356362
TN,complete,typical30,T-N vertical 12,0.0,7.30776507804625
TN,complete,typical30,T-N vertical 13,0.0,7.538379897931618
TN,complete,typical30,T-N vertical 14,86.95271084439435,0.0
TN,complete,typical30,T-N diagonal 15,294.49379187588585,0.0
TN,complete,typical30,T-N diagonal 16,0.0,238.3373113913149
TN,complete,typical30,T-N diagonal 17,231.0706127260939,0.0
TN,complete,typical30,T-N diagonal 18,0.0,134.3193500590826
TN,complete,typical30,T-N top / segment 1,178.6831370815158,0.0
TN,complete,typical30,T-N top / segment 2,680.2006028833204,107.41605705719303
TN,complete,typical30,T-N top / segment 3,8.835924703155325,0.05028421767115806
TN,complete,storage125_sensitivity,T-N,1.0684630957769059e-10,2073.762115170499
TN,complete,storage125_sensitivity,T-N upper east jamb,0.0,2741.730653881129
TN,complete,storage125_sensitivity,T-N loading header,1393.5290042411514,200.85046599117507
TN,complete,storage125_sensitivity,T-N vertical 1,0.0,32.03024760309427
TN,complete,storage125_sensitivity,T-N vertical 2,0.0,709.9078266641837
TN,complete,storage125_sensitivity,T-N vertical 3,0.0,484.99237159647987
TN,complete,storage125_sensitivity,T-N vertical 4,1289.6902804018412,0.0
TN,complete,storage125_sensitivity,T-N vertical 5,261.3020160402481,0.0
TN,complete,storage125_sensitivity,T-N diagonal 6,501.09474423858313,0.0
TN,complete,storage125_sensitivity,T-N diagonal 7,0.0,630.6866667237739
TN,complete,storage125_sensitivity,T-N diagonal 8,3158.265140727119,0.0
TN,complete,storage125_sensitivity,T-N diagonal 9,239.34240979673743,0.0
TN,complete,storage125_sensitivity,T-N vertical 10,342.8540908047476,0.0
TN,complete,storage125_sensitivity,T-N vertical 11,0.0,7.796643393931848
TN,complete,storage125_sensitivity,T-N vertical 12,0.0,34.665491382348975
TN,complete,storage125_sensitivity,T-N vertical 13,0.0,5.62716050997209
TN,complete,storage125_sensitivity,T-N vertical 14,251.35318286712777,0.0
TN,complete,storage125_sensitivity,T-N diagonal 15,615.8783858498261,0.0
TN,complete,storage125_sensitivity,T-N diagonal 16,0.0,533.5628246182064
TN,complete,storage125_sensitivity,T-N diagonal 17,577.456444442112,0.0
TN,complete,storage125_sensitivity,T-N diagonal 18,0.0,401.65427804245587
TN,complete,storage125_sensitivity,T-N top / segment 1,313.77225300177327,0.0
TN,complete,storage125_sensitivity,T-N top / segment 2,1531.8576904503955,312.77327397885546
TN,complete,storage125_sensitivity,T-N top / segment 3,49.89683438247826,0.05028421757246831
TN,complete,live_only,T-N,2.3409801874763048e-11,520.7701010495792
TN,complete,live_only,T-N upper east jamb,0.0,688.3435298069516
TN,complete,live_only,T-N loading header,326.8868955113386,35.41759984987253
TN,complete,live_only,T-N vertical 1,0.0,63.8675500188664
TN,complete,live_only,T-N vertical 2,0.0,187.72999612576416
TN,complete,live_only,T-N vertical 3,0.0,141.27626570016653
TN,complete,live_only,T-N vertical 4,217.27948821555958,0.0
TN,complete,live_only,T-N vertical 5,79.24474873484388,0.0
TN,complete,live_only,T-N diagonal 6,103.34606384270643,0.0
TN,complete,live_only,T-N diagonal 7,0.0,134.2698293178976
TN,complete,live_only,T-N diagonal 8,771.6839963987969,0.0
TN,complete,live_only,T-N diagonal 9,59.71407752541366,0.0
TN,complete,live_only,T-N vertical 10,76.02293951792694,0.0
TN,complete,live_only,T-N vertical 11,0.12668021029788393,0.0
TN,complete,live_only,T-N vertical 12,0.0,12.028809605274919
TN,complete,live_only,T-N vertical 13,0.8003257470242473,0.0
TN,complete,live_only,T-N vertical 14,74.80067471384906,0.0
TN,complete,live_only,T-N diagonal 15,126.83953458011757,0.0
TN,complete,live_only,T-N diagonal 16,0.0,114.32009338972018
TN,complete,live_only,T-N diagonal 17,136.90839594640647,0.0
TN,complete,live_only,T-N diagonal 18,0.0,103.22610472703991
TN,complete,live_only,T-N top / segment 1,77.96404756515236,0.0
TN,complete,live_only,T-N top / segment 2,375.88868541597685,68.26100862123397
TN,complete,live_only,T-N top / segment 3,17.54504624597197,0.0
TN,complete,machine200,T-N,0.0,982.5175710577279
TN,complete,machine200,T-N upper east jamb,0.0,1294.9887058522372
TN,complete,machine200,T-N loading header,654.3977841444467,107.19952231855137
TN,complete,machine200,T-N vertical 1,14.290130703347835,8.061161717910187
TN,complete,machine200,T-N vertical 2,0.0,323.5329275911251
TN,complete,machine200,T-N vertical 3,0.0,201.073962021192
TN,complete,machine200,T-N vertical 4,566.1541994301069,0.0
TN,complete,machine200,T-N vertical 5,96.42722536845639,0.0
TN,complete,machine200,T-N diagonal 6,288.579709881543,0.0
TN,complete,machine200,T-N diagonal 7,0.0,327.31810447990324
TN,complete,machine200,T-N diagonal 8,1538.8877597371995,0.0
TN,complete,machine200,T-N diagonal 9,96.18118687218664,0.0
TN,complete,machine200,T-N vertical 10,163.54478277894628,0.0
TN,complete,machine200,T-N vertical 11,0.0,8.504791541625776
TN,complete,machine200,T-N vertical 12,0.0,10.284169113358514
TN,complete,machine200,T-N vertical 13,0.0,7.341596748486999
TN,complete,machine200,T-N vertical 14,105.14752658755083,0.0
TN,complete,machine200,T-N diagonal 15,326.7353981186604,0.0
TN,complete,machine200,T-N diagonal 16,0.0,267.54032879313394
TN,complete,machine200,T-N diagonal 17,265.85865113726044,0.0
TN,complete,machine200,T-N diagonal 18,0.0,160.73179500094056
TN,complete,machine200,T-N top / segment 1,192.71007484993856,0.0
TN,complete,machine200,T-N top / segment 2,772.7098207532518,125.83214980935534
TN,complete,machine200,T-N top / segment 3,13.795745206377822,0.05028421781248164
TN,complete,uplift20_sensitivity,T-N,0.8519581592874584,286.8346152312897
TN,complete,uplift20_sensitivity,T-N upper east jamb,0.0,386.61367601097857
TN,complete,uplift20_sensitivity,T-N loading header,149.4598231311305,24.491235913023214
TN,complete,uplift20_sensitivity,T-N vertical 1,0.0,74.17055145776533
TN,complete,uplift20_sensitivity,T-N vertical 2,0.0,91.10807099585507
TN,complete,uplift20_sensitivity,T-N vertical 3,0.0,49.389064735327054
TN,complete,uplift20_sensitivity,T-N vertical 4,0.0,74.52189444217791
TN,complete,uplift20_sensitivity,T-N vertical 5,9.7269971101975,3.6837783425570008
TN,complete,uplift20_sensitivity,T-N diagonal 6,118.13276339391942,0.0
TN,complete,uplift20_sensitivity,T-N diagonal 7,0.0,96.89968393747256
TN,complete,uplift20_sensitivity,T-N diagonal 8,481.2554862007977,0.0
TN,complete,uplift20_sensitivity,T-N diagonal 9,3.5970763393490266,10.785763887521284
TN,complete,uplift20_sensitivity,T-N vertical 10,34.41936012499156,0.0
TN,complete,uplift20_sensitivity,T-N vertical 11,0.0,5.650431328779963
TN,complete,uplift20_sensitivity,T-N vertical 12,0.0,0.18239265339345231
TN,complete,uplift20_sensitivity,T-N vertical 13,0.0,4.893620877618237
TN,complete,uplift20_sensitivity,T-N vertical 14,31.76244277019399,0.0
TN,complete,uplift20_sensitivity,T-N diagonal 15,99.47780329005846,0.0
TN,complete,uplift20_sensitivity,T-N diagonal 16,0.0,67.84298918647107
TN,complete,uplift20_sensitivity,T-N diagonal 17,55.80512361746077,0.0
TN,complete,uplift20_sensitivity,T-N diagonal 18,0.0,11.966948678971889
TN,complete,uplift20_sensitivity,T-N top / segment 1,118.41491558029615,0.0
TN,complete,uplift20_sensitivity,T-N top / segment 2,280.04905430504243,0.21027875790001868
TN,complete,uplift20_sensitivity,T-N top / segment 3,0.0,1.9851405381791942
TN,complete,strength_screen,T-N,0.0,1851.2913835802474
TN,complete,strength_screen,T-N upper east jamb,0.0,2580.8058659368353
TN,complete,strength_screen,T-N loading header,1265.9655325165743,188.84099121401465
TN,complete,strength_screen,T-N vertical 1,54.11567415410992,0.0
TN,complete,strength_screen,T-N vertical 2,0.0,612.1059566192293
TN,complete,strength_screen,T-N vertical 3,0.0,420.55520006044407
TN,complete,strength_screen,T-N vertical 4,987.9045553323012,0.0
TN,complete,strength_screen,T-N vertical 5,164.53513310280343,0.0
TN,complete,strength_screen,T-N diagonal 6,499.3333017700793,0.0
TN,complete,strength_screen,T-N diagonal 7,0.0,574.6814454411304
TN,complete,strength_screen,T-N diagonal 8,3003.813166018895,0.0
TN,complete,strength_screen,T-N diagonal 9,184.01161388897316,0.0
TN,complete,strength_screen,T-N vertical 10,316.51936456353565,0.0
TN,complete,strength_screen,T-N vertical 11,0.0,10.30168376245726
TN,complete,strength_screen,T-N vertical 12,0.0,31.35455887379147
TN,complete,strength_screen,T-N vertical 13,0.0,8.079122238441474
TN,complete,strength_screen,T-N vertical 14,227.24051387434776,0.0
TN,complete,strength_screen,T-N diagonal 15,582.7743694215602,0.0
TN,complete,strength_screen,T-N diagonal 16,0.0,490.848646292995
TN,complete,strength_screen,T-N diagonal 17,524.7746174752954,0.0
TN,complete,strength_screen,T-N diagonal 18,0.0,346.0769219910492
TN,complete,strength_screen,T-N top / segment 1,421.08503958209724,0.0
TN,complete,strength_screen,T-N top / segment 2,1545.4257330482696,200.9148608995981
TN,complete,strength_screen,T-N top / segment 3,26.995949274611387,0.06034106109349325
TN,complete,HB0.25,T-N,5.631597965738422e-11,1004.2870831065927
TN,complete,HB0.25,T-N upper east jamb,0.0,1292.7814583023562
TN,complete,HB0.25,T-N loading header,653.8736314523343,105.62189337660527
TN,complete,HB0.25,T-N vertical 1,0.0,33.58057180696727
TN,complete,HB0.25,T-N vertical 2,0.0,336.0368439320586
TN,complete,HB0.25,T-N vertical 3,0.0,210.43965549901154
TN,complete,HB0.25,T-N vertical 4,576.9760866056101,0.0
TN,complete,HB0.25,T-N vertical 5,108.79767509436127,0.0
TN,complete,HB0.25,T-N diagonal 6,287.14609614055297,0.0
TN,complete,HB0.25,T-N diagonal 7,0.0,336.14737474229514
TN,complete,HB0.25,T-N diagonal 8,1540.7258250757773,0.0
TN,complete,HB0.25,T-N diagonal 9,100.38811698553606,0.0
TN,complete,HB0.25,T-N vertical 10,162.41898203595332,0.0
TN,complete,HB0.25,T-N vertical 11,0.0,8.388013777706623
TN,complete,HB0.25,T-N vertical 12,0.0,9.53018766477852
TN,complete,HB0.25,T-N vertical 13,0.0,7.1374455764732785
TN,complete,HB0.25,T-N vertical 14,105.36791893654797,0.0
TN,complete,HB0.25,T-N diagonal 15,325.2409695537224,0.0
TN,complete,HB0.25,T-N diagonal 16,0.0,267.5477704673947
TN,complete,HB0.25,T-N diagonal 17,264.33678314853194,0.0
TN,complete,HB0.25,T-N diagonal 18,0.0,160.75895226485304
TN,complete,HB0.25,T-N top / segment 1,167.6271834363966,0.0
TN,complete,HB0.25,T-N top / segment 2,740.1794010493346,158.20046667652062
TN,complete,HB0.25,T-N top / segment 3,16.58838027793234,0.05028421774300757
TN,complete,HB0.5,T-N,1.0281736573247713e-10,1014.1447676745727
TN,complete,HB0.5,T-N upper east jamb,0.0,1283.8515204755672
TN,complete,HB0.5,T-N loading header,665.9280837831512,107.55492776835416
TN,complete,HB0.5,T-N vertical 1,0.0,35.72521122768494
TN,complete,HB0.5,T-N vertical 2,0.0,341.57385881696274
TN,complete,HB0.5,T-N vertical 3,0.0,217.39382140682542
TN,complete,HB0.5,T-N vertical 4,597.6797278877892,0.0
TN,complete,HB0.5,T-N vertical 5,119.70294363075838,0.0
TN,complete,HB0.5,T-N diagonal 6,289.7627795009789,0.0
TN,complete,HB0.5,T-N diagonal 7,0.0,332.8236551784972
TN,complete,HB0.5,T-N diagonal 8,1537.1236966944339,0.0
TN,complete,HB0.5,T-N diagonal 9,106.08320473739809,0.0
TN,complete,HB0.5,T-N vertical 10,164.72771598327475,0.0
TN,complete,HB0.5,T-N vertical 11,0.0,8.301258179225991
TN,complete,HB0.5,T-N vertical 12,0.0,9.86405207550756
TN,complete,HB0.5,T-N vertical 13,0.0,7.315181173520735
TN,complete,HB0.5,T-N vertical 14,101.4433605442263,0.0
TN,complete,HB0.5,T-N diagonal 15,330.20305320192966,0.0
TN,complete,HB0.5,T-N diagonal 16,0.0,272.09135310573305
TN,complete,HB0.5,T-N diagonal 17,269.55752717484273,0.0
TN,complete,HB0.5,T-N diagonal 18,0.0,165.16869407700148
TN,complete,HB0.5,T-N top / segment 1,159.8425192530834,0.0
TN,complete,HB0.5,T-N top / segment 2,753.4815720986447,144.1107577697968
TN,complete,HB0.5,T-N top / segment 3,19.0269586541283,0.05028421774449964
TN,complete,HB0.75,T-N,1.0920375714817965e-11,1005.1405833472794
TN,complete,HB0.75,T-N upper east jamb,0.0,1279.5372741158023
TN,complete,HB0.75,T-N loading header,674.9102594148221,110.46033848678246
TN,complete,HB0.75,T-N vertical 1,0.5748988407329375,21.77639358052525
TN,complete,HB0.75,T-N vertical 2,0.0,337.2668357674713
TN,complete,HB0.75,T-N vertical 3,0.0,214.33331951626872
TN,complete,HB0.75,T-N vertical 4,620.2206295201911,0.0
TN,complete,HB0.75,T-N vertical 5,117.71509683458981,0.0
TN,complete,HB0.75,T-N diagonal 6,291.83743644991614,0.0
TN,complete,HB0.75,T-N diagonal 7,0.0,326.5218066205877
TN,complete,HB0.75,T-N diagonal 8,1533.0321150297898,0.0
TN,complete,HB0.75,T-N diagonal 9,107.48465507835365,0.0
TN,complete,HB0.75,T-N vertical 10,167.3796191375454,0.0
TN,complete,HB0.75,T-N vertical 11,0.0,8.29804823738669
TN,complete,HB0.75,T-N vertical 12,0.0,10.45069232254992
TN,complete,HB0.75,T-N vertical 13,0.0,7.5352017108960405
TN,complete,HB0.75,T-N vertical 14,98.61462535662723,0.0
TN,complete,HB0.75,T-N diagonal 15,334.740083513973,0.0
TN,complete,HB0.75,T-N diagonal 16,0.0,275.67002312858597
TN,complete,HB0.75,T-N diagonal 17,274.32406332677823,0.0
TN,complete,HB0.75,T-N diagonal 18,0.0,168.58451833933805
TN,complete,HB0.75,T-N top / segment 1,168.793663839287,0.0
TN,complete,HB0.75,T-N top / segment 2,778.792879516892,118.57219752309359
TN,complete,HB0.75,T-N top / segment 3,18.540039055555585,0.05028421795473572
TN,complete,HT0.25,T-N,1.8379381350186463e-11,983.6536033970858
TN,complete,HT0.25,T-N upper east jamb,0.0,1299.575529439968
TN,complete,HT0.25,T-N loading header,647.6513167703978,105.54145113378104
TN,complete,HT0.25,T-N vertical 1,21.20857016035907,1.1427222608987933
TN,complete,HT0.25,T-N vertical 2,0.0,318.305510373952
TN,complete,HT0.25,T-N vertical 3,0.0,199.3149218252018
TN,complete,HT0.25,T-N vertical 4,570.9522576477239,0.0
TN,complete,HT0.25,T-N vertical 5,92.98222587464667,0.0
TN,complete,HT0.25,T-N diagonal 6,284.4395953033774,0.0
TN,complete,HT0.25,T-N diagonal 7,0.0,331.3417074538161
TN,complete,HT0.25,T-N diagonal 8,1541.9307950334007,0.0
TN,complete,HT0.25,T-N diagonal 9,96.13640159549232,0.0
TN,complete,HT0.25,T-N vertical 10,161.54493788024087,0.0
TN,complete,HT0.25,T-N vertical 11,0.0,8.607161776652713
TN,complete,HT0.25,T-N vertical 12,0.0,10.047361022401866
TN,complete,HT0.25,T-N vertical 13,0.0,7.229396729902794
TN,complete,HT0.25,T-N vertical 14,107.12643939760521,0.0
TN,complete,HT0.25,T-N diagonal 15,323.76244159928416,0.0
TN,complete,HT0.25,T-N diagonal 16,0.0,264.7344590818576
TN,complete,HT0.25,T-N diagonal 17,262.58202952261917,0.0
TN,complete,HT0.25,T-N diagonal 18,0.0,158.05426160262732
TN,complete,HT0.25,T-N top / segment 1,202.78280671380486,0.0
TN,complete,HT0.25,T-N top / segment 2,762.5556501306675,136.47041021746563
TN,complete,HT0.25,T-N top / segment 3,13.003202065830243,0.05028421792847477
TN,complete,HT0.5,T-N,0.0,982.2394424297639
TN,complete,HT0.5,T-N upper east jamb,0.0,1297.2610474852238
TN,complete,HT0.5,T-N loading header,652.3357312337536,106.80977088079153
TN,complete,HT0.5,T-N vertical 1,19.60485964045569,2.7464327808024063
TN,complete,HT0.5,T-N vertical 2,0.0,319.72827142805835
TN,complete,HT0.5,T-N vertical 3,0.0,198.59780430151355
TN,complete,HT0.5,T-N vertical 4,579.3523612932199,0.0
TN,complete,HT0.5,T-N vertical 5,93.09771159325412,0.0
TN,complete,HT0.5,T-N diagonal 6,285.59962660240325,0.0
TN,complete,HT0.5,T-N diagonal 7,0.0,329.7024685487893
TN,complete,HT0.5,T-N diagonal 8,1539.8480600393707,0.0
TN,complete,HT0.5,T-N diagonal 9,96.55624840166,0.0
TN,complete,HT0.5,T-N vertical 10,163.11218346912395,0.0
TN,complete,HT0.5,T-N vertical 11,0.0,8.580010891705715
TN,complete,HT0.5,T-N vertical 12,0.0,10.23752383819358
TN,complete,HT0.5,T-N vertical 13,0.0,7.310085958851253
TN,complete,HT0.5,T-N vertical 14,105.895652879925,0.0
TN,complete,HT0.5,T-N diagonal 15,325.8911754213313,0.0
TN,complete,HT0.5,T-N diagonal 16,0.0,266.6613719653679
TN,complete,HT0.5,T-N diagonal 17,264.8938214533206,0.0
TN,complete,HT0.5,T-N diagonal 18,0.0,159.88664707790528
TN,complete,HT0.5,T-N top / segment 1,202.56275417488234,0.0
TN,complete,HT0.5,T-N top / segment 2,770.8420226882007,127.94091803705
TN,complete,HT0.5,T-N top / segment 3,13.018063782786305,0.050284217647679055
TN,complete,HT0.75,T-N,0.0,980.4743214606816
TN,complete,HT0.75,T-N upper east jamb,0.0,1295.2730198913996
TN,complete,HT0.75,T-N loading header,655.9355842968093,108.0745204532842
TN,complete,HT0.75,T-N vertical 1,18.171097588189976,4.180194833067921
TN,complete,HT0.75,T-N vertical 2,0.0,320.76454816815726
TN,complete,HT0.75,T-N vertical 3,0.0,198.02817392838134
TN,complete,HT0.75,T-N vertical 4,587.6571363221573,0.0
TN,complete,HT0.75,T-N vertical 5,93.40468844752016,0.0
TN,complete,HT0.75,T-N diagonal 6,286.9707647505561,0.0
TN,complete,HT0.75,T-N diagonal 7,0.0,328.38616587336776
TN,complete,HT0.75,T-N diagonal 8,1538.0802004132697,0.0
TN,complete,HT0.75,T-N diagonal 9,96.91583350829264,0.0
TN,complete,HT0.75,T-N vertical 10,164.59555879883726,0.0
TN,complete,HT0.75,T-N vertical 11,0.0,8.52861327256311
TN,complete,HT0.75,T-N vertical 12,0.0,10.292478186368902
TN,complete,HT0.75,T-N vertical 13,0.0,7.35038497895165
TN,complete,HT0.75,T-N vertical 14,104.84184103311915,0.0
TN,complete,HT0.75,T-N diagonal 15,327.5372388722669,0.0
TN,complete,HT0.75,T-N diagonal 16,0.0,268.3535374729066
TN,complete,HT0.75,T-N diagonal 17,266.6920160076737,0.0
TN,complete,HT0.75,T-N diagonal 18,0.0,161.4795593270337
TN,complete,HT0.75,T-N top / segment 1,198.19671267268293,0.0
TN,complete,HT0.75,T-N top / segment 2,773.6632950619745,125.07370078722532
TN,complete,HT0.75,T-N top / segment 3,13.077141038550812,0.05028421788536694
TN,complete,storage125_strength_sensitivity,T-N,1.143785066659575e-10,3147.799001415281
TN,complete,storage125_strength_sensitivity,T-N upper east jamb,0.0,4160.439961005689
TN,complete,storage125_strength_sensitivity,T-N loading header,2048.580091516254,272.33771187274675
TN,complete,storage125_strength_sensitivity,T-N vertical 1,0.0,194.70378844124454
TN,complete,storage125_strength_sensitivity,T-N vertical 2,0.0,1094.058110252657
TN,complete,storage125_strength_sensitivity,T-N vertical 3,0.0,768.774088157529
TN,complete,storage125_strength_sensitivity,T-N vertical 4,1632.3625337923797,0.0
TN,complete,storage125_strength_sensitivity,T-N vertical 5,413.28759355073794,0.0
TN,complete,storage125_strength_sensitivity,T-N diagonal 6,735.4179976698888,0.0
TN,complete,storage125_strength_sensitivity,T-N diagonal 7,0.0,911.6429104003064
TN,complete,storage125_strength_sensitivity,T-N diagonal 8,4769.049837366297,0.0
TN,complete,storage125_strength_sensitivity,T-N diagonal 9,349.5840318801127,0.0
TN,complete,storage125_strength_sensitivity,T-N vertical 10,493.87542540066596,0.0
TN,complete,storage125_strength_sensitivity,T-N vertical 11,0.0,9.519149860854531
TN,complete,storage125_strength_sensitivity,T-N vertical 12,0.0,57.48208796126846
TN,complete,storage125_strength_sensitivity,T-N vertical 13,0.0,5.759496900431231
TN,complete,storage125_strength_sensitivity,T-N vertical 14,404.4004633275245,0.0
TN,complete,storage125_strength_sensitivity,T-N diagonal 15,883.5049761935518,0.0
TN,complete,storage125_strength_sensitivity,T-N diagonal 16,0.0,766.5746677692819
TN,complete,storage125_strength_sensitivity,T-N diagonal 17,849.2231975445732,0.0
TN,complete,storage125_strength_sensitivity,T-N diagonal 18,0.0,595.4967013401232
TN,complete,storage125_strength_sensitivity,T-N top / segment 1,507.3780188652057,0.0
TN,complete,storage125_strength_sensitivity,T-N top / segment 2,2336.8450100508453,430.38811860784483
TN,complete,storage125_strength_sensitivity,T-N top / segment 3,82.23351133571484,0.06034106127676553
TN,complete,strength_roof,T-N,5.696709770575126e-11,1347.9606944189582
TN,complete,strength_roof,T-N upper east jamb,0.0,1880.4849069205507
TN,complete,strength_roof,T-N loading header,997.2324552701947,174.10183710750036
TN,complete,strength_roof,T-N vertical 1,210.72712346663855,0.0
TN,complete,strength_roof,T-N vertical 2,0.0,429.04872258294614
TN,complete,strength_roof,T-N vertical 3,0.0,270.2347259653039
TN,complete,strength_roof,T-N vertical 4,1115.8225315634616,0.0
TN,complete,strength_roof,T-N vertical 5,108.18173737581235,0.0
TN,complete,strength_roof,T-N diagonal 6,386.356986140479,0.0
TN,complete,strength_roof,T-N diagonal 7,0.0,469.7436057406432
TN,complete,strength_roof,T-N diagonal 8,2196.0418529419685,0.0
TN,complete,strength_roof,T-N diagonal 9,153.41795158230622,0.0
TN,complete,strength_roof,T-N vertical 10,260.250560560243,0.0
TN,complete,strength_roof,T-N vertical 11,0.0,9.740502187253988
TN,complete,strength_roof,T-N vertical 12,0.0,17.26659502408244
TN,complete,strength_roof,T-N vertical 13,0.0,8.698381872835
TN,complete,strength_roof,T-N vertical 14,138.84800936539668,0.0
TN,complete,strength_roof,T-N diagonal 15,479.87895000249296,0.0
TN,complete,strength_roof,T-N diagonal 16,0.0,405.9827023603972
TN,complete,strength_roof,T-N diagonal 17,413.0910000801115,0.0
TN,complete,strength_roof,T-N diagonal 18,0.0,270.4505827191157
TN,complete,strength_roof,T-N top / segment 1,292.2866907566111,0.0
TN,complete,strength_roof,T-N top / segment 2,1092.2301507029044,206.53912831502262
TN,complete,strength_roof,T-N top / segment 3,14.143639992188124,0.060341061941479736
TN,complete,strength_HB0.25,T-N,2.5112634194357497e-11,1891.7283710888896
TN,complete,strength_HB0.25,T-N upper east jamb,0.0,2575.07546594471
TN,complete,strength_HB0.25,T-N loading header,1267.6770695319833,186.50617063110766
TN,complete,strength_HB0.25,T-N vertical 1,9.18956611921841,17.631984786291206
TN,complete,strength_HB0.25,T-N vertical 2,0.0,635.037276289908
TN,complete,strength_HB0.25,T-N vertical 3,0.0,438.3235136599365
TN,complete,strength_HB0.25,T-N vertical 4,1013.4324936033814,0.0
TN,complete,strength_HB0.25,T-N vertical 5,188.43064316321556,0.0
TN,complete,strength_HB0.25,T-N diagonal 6,497.1422941013413,0.0
TN,complete,strength_HB0.25,T-N diagonal 7,0.0,589.6923688431343
TN,complete,strength_HB0.25,T-N diagonal 8,3006.2718979109254,0.0
TN,complete,strength_HB0.25,T-N diagonal 9,192.75708275862368,0.0
TN,complete,strength_HB0.25,T-N vertical 10,315.05126536463956,0.0
TN,complete,strength_HB0.25,T-N vertical 11,0.0,10.08224330460409
TN,complete,strength_HB0.25,T-N vertical 12,0.0,30.09891122573278
TN,complete,strength_HB0.25,T-N vertical 13,0.0,7.757757627790393
TN,complete,strength_HB0.25,T-N vertical 14,226.7845767958571,0.0
TN,complete,strength_HB0.25,T-N diagonal 15,581.2340403301018,0.0
TN,complete,strength_HB0.25,T-N diagonal 16,0.0,491.8573603941753
TN,complete,strength_HB0.25,T-N diagonal 17,523.2371515260018,0.0
TN,complete,strength_HB0.25,T-N diagonal 18,0.0,347.0898439324428
TN,complete,strength_HB0.25,T-N top / segment 1,369.90114212063304,0.0
TN,complete,strength_HB0.25,T-N top / segment 2,1491.0363380111535,254.8655110684793
TN,complete,strength_HB0.25,T-N top / segment 3,32.38185972708714,0.06034106112954138
TN,complete,strength_HB0.5,T-N,3.4144242988531914e-11,1907.5006674687631
TN,complete,strength_HB0.5,T-N upper east jamb,0.0,2560.7875664389167
TN,complete,strength_HB0.5,T-N loading header,1286.964190866919,189.59902487413595
TN,complete,strength_HB0.5,T-N vertical 1,5.758141752323414,21.063409153185983
TN,complete,strength_HB0.5,T-N vertical 2,0.0,643.8965008464714
TN,complete,strength_HB0.5,T-N vertical 3,0.0,449.45017931331233
TN,complete,strength_HB0.5,T-N vertical 4,1046.5583206872216,0.0
TN,complete,strength_HB0.5,T-N vertical 5,205.87907275339052,0.0
TN,complete,strength_HB0.5,T-N diagonal 6,501.3289878904436,0.0
TN,complete,strength_HB0.5,T-N diagonal 7,0.0,584.3744219775949
TN,complete,strength_HB0.5,T-N diagonal 8,3000.508493007512,0.0
TN,complete,strength_HB0.5,T-N diagonal 9,201.86922320237855,0.0
TN,complete,strength_HB0.5,T-N vertical 10,318.7452398871999,0.0
TN,complete,strength_HB0.5,T-N vertical 11,0.0,9.943434372654181
TN,complete,strength_HB0.5,T-N vertical 12,0.0,30.633094180581168
TN,complete,strength_HB0.5,T-N vertical 13,0.0,8.04213454648947
TN,complete,strength_HB0.5,T-N vertical 14,220.50528376698034,0.0
TN,complete,strength_HB0.5,T-N diagonal 15,589.1733730070024,0.0
TN,complete,strength_HB0.5,T-N diagonal 16,0.0,499.12709161043443
TN,complete,strength_HB0.5,T-N diagonal 17,531.5903407662838,0.0
TN,complete,strength_HB0.5,T-N diagonal 18,0.0,354.1454298593399
TN,complete,strength_HB0.5,T-N top / segment 1,357.44568268245246,0.0
TN,complete,strength_HB0.5,T-N top / segment 2,1512.3198078794594,232.32198029425115
TN,complete,strength_HB0.5,T-N top / segment 3,36.283585151418556,0.060341061186005
TN,complete,strength_HB0.75,T-N,0.0,1893.0939722877495
TN,complete,strength_HB0.75,T-N upper east jamb,0.0,2560.4074119707234
TN,complete,strength_HB0.75,T-N loading header,1301.3356722445153,194.24768220846994
TN,complete,strength_HB0.75,T-N vertical 1,28.076250423741968,0.0
TN,complete,strength_HB0.75,T-N vertical 2,0.0,637.005259052108
TN,complete,strength_HB0.75,T-N vertical 3,0.0,444.5533763174406
TN,complete,strength_HB0.75,T-N vertical 4,1082.6237615558537,0.0
TN,complete,strength_HB0.75,T-N vertical 5,202.698517911455,0.0
TN,complete,strength_HB0.75,T-N diagonal 6,504.64843455331726,0.0
TN,complete,strength_HB0.75,T-N diagonal 7,0.0,574.2914549989491
TN,complete,strength_HB0.75,T-N diagonal 8,2993.96196237468,0.0
TN,complete,strength_HB0.75,T-N diagonal 9,204.1115436538748,0.0
TN,complete,strength_HB0.75,T-N vertical 10,322.98828468858744,0.0
TN,complete,strength_HB0.75,T-N vertical 11,0.0,9.938298454149407
TN,complete,strength_HB0.75,T-N vertical 12,0.0,31.571718610730883
TN,complete,strength_HB0.75,T-N vertical 13,0.0,8.394167430372287
TN,complete,strength_HB0.75,T-N vertical 14,215.97930749531395,0.0
TN,complete,strength_HB0.75,T-N diagonal 15,596.4326217177334,0.0
TN,complete,strength_HB0.75,T-N diagonal 16,0.0,504.8529638242629
TN,complete,strength_HB0.75,T-N diagonal 17,539.2167988547435,0.0
TN,complete,strength_HB0.75,T-N diagonal 18,0.0,359.61074885598515
TN,complete,strength_HB0.75,T-N top / segment 1,371.9966615799875,0.0
TN,complete,strength_HB0.75,T-N top / segment 2,1552.8179007083108,191.46028312776153
TN,complete,strength_HB0.75,T-N top / segment 3,35.50451378236775,0.06034106107819729
TN,complete,strength_HT0.25,T-N,0.0,1858.7147803462353
TN,complete,strength_HT0.25,T-N upper east jamb,0.0,2585.945954818318
TN,complete,strength_HT0.25,T-N loading header,1257.7214110622,186.37747741961275
TN,complete,strength_HT0.25,T-N vertical 1,61.090152190375015,0.0
TN,complete,strength_HT0.25,T-N vertical 2,0.0,606.6671830863778
TN,complete,strength_HT0.25,T-N vertical 3,0.0,420.5239351041039
TN,complete,strength_HT0.25,T-N vertical 4,1003.7943540393986,0.0
TN,complete,strength_HT0.25,T-N vertical 5,163.12592600462912,0.0
TN,complete,strength_HT0.25,T-N diagonal 6,492.81193597618466,0.0
TN,complete,strength_HT0.25,T-N diagonal 7,0.0,582.0033022032898
TN,complete,strength_HT0.25,T-N diagonal 8,3008.1998285328227,0.0
TN,complete,strength_HT0.25,T-N diagonal 9,185.9543371697353,0.0
TN,complete,strength_HT0.25,T-N vertical 10,313.65279105481255,0.0
TN,complete,strength_HT0.25,T-N vertical 11,0.0,10.432879523982988
TN,complete,strength_HT0.25,T-N vertical 12,0.0,30.92639037296803
TN,complete,strength_HT0.25,T-N vertical 13,0.0,7.904880242659634
TN,complete,strength_HT0.25,T-N vertical 14,229.59819627613274,0.0
TN,complete,strength_HT0.25,T-N diagonal 15,578.8684174419686,0.0
TN,complete,strength_HT0.25,T-N diagonal 16,0.0,487.3560811032081
TN,complete,strength_HT0.25,T-N diagonal 17,520.4295681259006,0.0
TN,complete,strength_HT0.25,T-N diagonal 18,0.0,342.7623568787709
TN,complete,strength_HT0.25,T-N top / segment 1,433.7810367105401,0.0
TN,complete,strength_HT0.25,T-N top / segment 2,1526.8384122247494,220.09734379075735
TN,complete,strength_HT0.25,T-N top / segment 3,26.64557501099376,0.060341060985338084
TN,complete,strength_HT0.5,T-N,0.0,1856.4521550587006
TN,complete,strength_HT0.5,T-N upper east jamb,0.0,2582.2428180444235
TN,complete,strength_HT0.5,T-N loading header,1265.2164108214909,188.40676881095743
TN,complete,strength_HT0.5,T-N vertical 1,58.52417826808734,0.0
TN,complete,strength_HT0.5,T-N vertical 2,0.0,608.9435608564112
TN,complete,strength_HT0.5,T-N vertical 3,0.0,419.37655363829333
TN,complete,strength_HT0.5,T-N vertical 4,1017.2345360943444,0.0
TN,complete,strength_HT0.5,T-N vertical 5,163.3107009967973,0.0
TN,complete,strength_HT0.5,T-N diagonal 6,494.6679413508343,0.0
TN,complete,strength_HT0.5,T-N diagonal 7,0.0,579.3805453286036
TN,complete,strength_HT0.5,T-N diagonal 8,3004.8674813703215,0.0
TN,complete,strength_HT0.5,T-N diagonal 9,186.6260931945342,0.0
TN,complete,strength_HT0.5,T-N vertical 10,316.1603888028493,0.0
TN,complete,strength_HT0.5,T-N vertical 11,0.0,10.389438907876338
TN,complete,strength_HT0.5,T-N vertical 12,0.0,31.230648398056847
TN,complete,strength_HT0.5,T-N vertical 13,0.0,8.033981934118604
TN,complete,strength_HT0.5,T-N vertical 14,227.62895601117512,0.0
TN,complete,strength_HT0.5,T-N diagonal 15,582.27436085817,0.0
TN,complete,strength_HT0.5,T-N diagonal 16,0.0,490.4391150692398
TN,complete,strength_HT0.5,T-N diagonal 17,524.1284037101835,0.0
TN,complete,strength_HT0.5,T-N diagonal 18,0.0,345.69414831977844
TN,complete,strength_HT0.5,T-N top / segment 1,432.85849678879975,0.0
TN,complete,strength_HT0.5,T-N top / segment 2,1540.0965027299155,206.4502629788395
TN,complete,strength_HT0.5,T-N top / segment 3,26.669353304818237,0.06034106119226842
TN,complete,strength_HT0.75,T-N,2.547295707699959e-12,1853.6279491077328
TN,complete,strength_HT0.75,T-N upper east jamb,0.0,2579.061960657877
TN,complete,strength_HT0.75,T-N loading header,1270.9762000846556,190.43037592478794
TN,complete,strength_HT0.75,T-N vertical 1,56.2301733814945,0.0
TN,complete,strength_HT0.75,T-N vertical 2,0.0,610.6016136975043
TN,complete,strength_HT0.75,T-N vertical 3,0.0,418.4651425580413
TN,complete,strength_HT0.75,T-N vertical 4,1030.522168724741,0.0
TN,complete,strength_HT0.75,T-N vertical 5,163.80186480263265,0.0
TN,complete,strength_HT0.75,T-N diagonal 6,496.86177470147396,0.0
TN,complete,strength_HT0.75,T-N diagonal 7,0.0,577.2744421245314
TN,complete,strength_HT0.75,T-N diagonal 8,3002.0388950681295,0.0
TN,complete,strength_HT0.75,T-N diagonal 9,187.2014288609435,0.0
TN,complete,strength_HT0.75,T-N vertical 10,318.5337873279361,0.0
TN,complete,strength_HT0.75,T-N vertical 11,0.0,10.307202407935343
TN,complete,strength_HT0.75,T-N vertical 12,0.0,31.318576318342377
TN,complete,strength_HT0.75,T-N vertical 13,0.0,8.098460789472279
TN,complete,strength_HT0.75,T-N vertical 14,225.94285027516213,0.0
TN,complete,strength_HT0.75,T-N diagonal 15,584.9080741912998,0.0
TN,complete,strength_HT0.75,T-N diagonal 16,0.0,493.14659013226213
TN,complete,strength_HT0.75,T-N diagonal 17,527.0055271314517,0.0
TN,complete,strength_HT0.75,T-N diagonal 18,0.0,348.2428176381533
TN,complete,strength_HT0.75,T-N top / segment 1,425.3727888938961,0.0
TN,complete,strength_HT0.75,T-N top / segment 2,1544.6105792117307,201.86267441511106
TN,complete,strength_HT0.75,T-N top / segment 3,26.76387701857724,0.060341061104192295
TN,complete,lateral_HX,T-N,980.6922717026843,637.9896435944257
TN,complete,lateral_HX,T-N upper east jamb,0.0,484.90270093029744
TN,complete,lateral_HX,T-N loading header,85.83991591541125,625.6107747693821
TN,complete,lateral_HX,T-N vertical 1,0.0,136.9904730025894
TN,complete,lateral_HX,T-N vertical 2,335.9397425322789,0.0
TN,complete,lateral_HX,T-N vertical 3,0.0,71.81493858223854
TN,complete,lateral_HX,T-N vertical 4,267.4575223213042,0.0
TN,complete,lateral_HX,T-N vertical 5,33.3135756147203,0.0
TN,complete,lateral_HX,T-N diagonal 6,0.0,129.9950486710415
TN,complete,lateral_HX,T-N diagonal 7,0.0,431.1625880384506
TN,complete,lateral_HX,T-N diagonal 8,555.6885406419542,0.0
TN,complete,lateral_HX,T-N diagonal 9,0.0,38.11973559123504
TN,complete,lateral_HX,T-N vertical 10,39.79363765587753,0.0
TN,complete,lateral_HX,T-N vertical 11,0.0,6.301795190886136
TN,complete,lateral_HX,T-N vertical 12,69.04994872010028,0.0
TN,complete,lateral_HX,T-N vertical 13,11.286114290862827,0.0
TN,complete,lateral_HX,T-N vertical 14,158.64975674311387,0.0
TN,complete,lateral_HX,T-N diagonal 15,0.0,233.915580957862
TN,complete,lateral_HX,T-N diagonal 16,167.7022687761754,0.0
TN,complete,lateral_HX,T-N diagonal 17,0.0,327.681161569683
TN,complete,lateral_HX,T-N diagonal 18,249.19437174426218,0.0
TN,complete,lateral_HX,T-N top / segment 1,0.0,754.152817094729
TN,complete,lateral_HX,T-N top / segment 2,0.0,2533.7067249608995
TN,complete,lateral_HX,T-N top / segment 3,0.30941473149361554,0.050284216984946686
TN,complete,strength_lateral_HX_1,T-N,624.4687206889072,1248.9241512843457
TN,complete,strength_lateral_HX_1,T-N upper east jamb,0.0,1678.669619814876
TN,complete,strength_lateral_HX_1,T-N loading header,17.39284071600321,81.0381383501052
TN,complete,strength_lateral_HX_1,T-N vertical 1,0.0,179.7135080645824
TN,complete,strength_lateral_HX_1,T-N vertical 2,52.09625794627909,0.0
TN,complete,strength_lateral_HX_1,T-N vertical 3,0.0,292.71092029975034
TN,complete,strength_lateral_HX_1,T-N vertical 4,595.1417524130298,0.0
TN,complete,strength_lateral_HX_1,T-N vertical 5,123.61906582540067,0.0
TN,complete,strength_lateral_HX_1,T-N diagonal 6,90.16534448880144,0.0
TN,complete,strength_lateral_HX_1,T-N diagonal 7,0.0,656.9514998606826
TN,complete,strength_lateral_HX_1,T-N diagonal 8,1917.3081809899202,0.0
TN,complete,strength_lateral_HX_1,T-N diagonal 9,70.91520180979958,0.0
TN,complete,strength_lateral_HX_1,T-N vertical 10,173.56459056669692,0.0
TN,complete,strength_lateral_HX_1,T-N vertical 11,0.0,8.079653972337569
TN,complete,strength_lateral_HX_1,T-N vertical 12,49.78599052900808,0.0
TN,complete,strength_lateral_HX_1,T-N vertical 13,10.611822606337887,0.0
TN,complete,strength_lateral_HX_1,T-N vertical 14,277.19568950273776,0.0
TN,complete,strength_lateral_HX_1,T-N diagonal 15,1.5275777557528485,2.2163525919740477
TN,complete,strength_lateral_HX_1,T-N diagonal 16,0.0,36.67778837738738
TN,complete,strength_lateral_HX_1,T-N diagonal 17,0.0,94.87659225433622
TN,complete,strength_lateral_HX_1,T-N diagonal 18,84.49653757672561,0.0
TN,complete,strength_lateral_HX_1,T-N top / segment 1,0.0,574.3700549461364
TN,complete,strength_lateral_HX_1,T-N top / segment 2,0.0,2609.1731961581163
TN,complete,strength_lateral_HX_1,T-N top / segment 3,18.702486448418238,0.06034106053452263
TN,complete,strength_lateral_HX_-1,T-N,229.7806370819072,1571.9958031871263
TN,complete,strength_lateral_HX_-1,T-N upper east jamb,0.0,1363.7617561238733
TN,complete,strength_lateral_HX_-1,T-N loading header,1424.0721811822984,253.8121617209809
TN,complete,strength_lateral_HX_-1,T-N vertical 1,302.2324740459179,0.0
TN,complete,strength_lateral_HX_-1,T-N vertical 2,0.0,631.4896256606814
TN,complete,strength_lateral_HX_-1,T-N vertical 3,0.0,119.5256401425921
TN,complete,strength_lateral_HX_-1,T-N vertical 4,574.9473543315121,0.0
TN,complete,strength_lateral_HX_-1,T-N vertical 5,38.35128696532113,0.0
TN,complete,strength_lateral_HX_-1,T-N diagonal 6,510.0686491073831,0.0
TN,complete,strength_lateral_HX_-1,T-N diagonal 7,68.09097087920587,0.0
TN,complete,strength_lateral_HX_-1,T-N diagonal 8,1339.7327410956632,0.0
TN,complete,strength_lateral_HX_-1,T-N diagonal 9,118.60993307931145,0.0
TN,complete,strength_lateral_HX_-1,T-N vertical 10,164.44537629840983,0.0
TN,complete,strength_lateral_HX_-1,T-N vertical 11,0.0,12.322574662909757
TN,complete,strength_lateral_HX_-1,T-N vertical 12,0.0,68.3502344452775
TN,complete,strength_lateral_HX_-1,T-N vertical 13,0.0,29.215839167235455
TN,complete,strength_lateral_HX_-1,T-N vertical 14,0.0,84.91581605672164
TN,complete,strength_lateral_HX_-1,T-N diagonal 15,702.1825663055405,0.0
TN,complete,strength_lateral_HX_-1,T-N diagonal 16,0.0,529.2255793839929
TN,complete,strength_lateral_HX_-1,T-N diagonal 17,641.6919377983589,0.0
TN,complete,strength_lateral_HX_-1,T-N diagonal 18,0.0,397.6731495656574
TN,complete,strength_lateral_HX_-1,T-N top / segment 1,1010.0515329624612,0.0
TN,complete,strength_lateral_HX_-1,T-N top / segment 2,3271.638966809609,1.760559975301789
TN,complete,strength_lateral_HX_-1,T-N top / segment 3,0.0,1.033566530440915
TN,complete,strength_lateral_HX_2,T-N,1722.7009826284389,1488.5226029307871
TN,complete,strength_lateral_HX_2,T-N upper east jamb,0.0,2013.74875677413
TN,complete,strength_lateral_HX_2,T-N loading header,152.99534198179575,815.5882285364693
TN,complete,strength_lateral_HX_2,T-N vertical 1,0.0,407.2757236561146
TN,complete,strength_lateral_HX_2,T-N vertical 2,380.0725740009116,0.0
TN,complete,strength_lateral_HX_2,T-N vertical 3,0.0,379.3035603599595
TN,complete,strength_lateral_HX_2,T-N vertical 4,605.2389514538856,0.0
TN,complete,strength_lateral_HX_2,T-N vertical 5,166.2529551666499,0.0
TN,complete,strength_lateral_HX_2,T-N diagonal 6,0.0,148.55189381665554
TN,complete,strength_lateral_HX_2,T-N diagonal 7,0.0,1004.1310773684928
TN,complete,strength_lateral_HX_2,T-N diagonal 8,2206.095900772842,0.0
TN,complete,strength_lateral_HX_2,T-N diagonal 9,47.06783621963832,0.0
TN,complete,strength_lateral_HX_2,T-N vertical 10,178.12419773394015,0.0
TN,complete,strength_lateral_HX_2,T-N vertical 11,0.0,5.958193607264483
TN,complete,strength_lateral_HX_2,T-N vertical 12,108.85410312526473,0.0
TN,complete,strength_lateral_HX_2,T-N vertical 13,30.525653504999326,0.0
TN,complete,strength_lateral_HX_2,T-N vertical 14,458.2514424164012,0.0
TN,complete,strength_lateral_HX_2,T-N diagonal 15,0.0,352.5436978806499
TN,complete,strength_lateral_HX_2,T-N diagonal 16,213.34055109087168,0.0
TN,complete,strength_lateral_HX_2,T-N diagonal 17,0.0,461.28898611730585
TN,complete,strength_lateral_HX_2,T-N diagonal 18,323.70946779470484,0.0
TN,complete,strength_lateral_HX_2,T-N top / segment 1,0.0,1366.5808493398854
TN,complete,strength_lateral_HX_2,T-N top / segment 2,0.0,5110.315495365482
TN,complete,strength_lateral_HX_2,T-N top / segment 3,28.570512578660068,0.06034106117185231
TN,complete,strength_lateral_HX_-2,T-N,730.6362573475035,2670.228065126684
TN,complete,strength_lateral_HX_-2,T-N upper east jamb,0.0,1397.8068258689327
TN,complete,strength_lateral_HX_-2,T-N loading header,2170.6256511634765,389.4146630044524
TN,complete,strength_lateral_HX_-2,T-N vertical 1,529.794689648921,0.0
TN,complete,strength_lateral_HX_-2,T-N vertical 2,0.0,959.4659389163832
TN,complete,strength_lateral_HX_-2,T-N vertical 3,0.0,32.93300003783343
TN,complete,strength_lateral_HX_-2,T-N vertical 4,564.8501552906489,0.0
TN,complete,strength_lateral_HX_-2,T-N vertical 5,0.0,31.10415349497342
TN,complete,strength_lateral_HX_-2,T-N diagonal 6,720.0203014319413,0.0
TN,complete,strength_lateral_HX_-2,T-N diagonal 7,415.2705530195717,0.0
TN,complete,strength_lateral_HX_-2,T-N diagonal 8,1050.9450213319903,0.0
TN,complete,strength_lateral_HX_-2,T-N diagonal 9,142.45729886286315,0.0
TN,complete,strength_lateral_HX_-2,T-N vertical 10,159.88576915670689,0.0
TN,complete,strength_lateral_HX_-2,T-N vertical 11,0.0,14.444035003672203
TN,complete,strength_lateral_HX_-2,T-N vertical 12,0.0,127.41834693828768
TN,complete,strength_lateral_HX_-2,T-N vertical 13,0.0,49.12967009834434
TN,complete,strength_lateral_HX_-2,T-N vertical 14,0.0,265.9715691545125
TN,complete,strength_lateral_HX_-2,T-N diagonal 15,1052.5100606129577,0.0
TN,complete,strength_lateral_HX_-2,T-N diagonal 16,0.0,775.4994748998664
TN,complete,strength_lateral_HX_-2,T-N diagonal 17,1008.1041330913461,0.0
TN,complete,strength_lateral_HX_-2,T-N diagonal 18,0.0,636.8857797687128
TN,complete,strength_lateral_HX_-2,T-N top / segment 1,1802.2623269089775,0.0
TN,complete,strength_lateral_HX_-2,T-N top / segment 2,5702.499064828346,2.0648919936512766
TN,complete,strength_lateral_HX_-2,T-N top / segment 3,0.0,10.901593535399277
TN,complete,lateral_HZ,T-N,1.954117423430546e-12,222.3621342663527
TN,complete,lateral_HZ,T-N upper east jamb,0.0,152.11269127376772
TN,complete,lateral_HZ,T-N loading header,216.53900295450399,77.1757775110229
TN,complete,lateral_HZ,T-N vertical 1,142.30490556878777,0.0
TN,complete,lateral_HZ,T-N vertical 2,0.0,40.89529311703317
TN,complete,lateral_HZ,T-N vertical 3,53.66986981431068,0.0
TN,complete,lateral_HZ,T-N vertical 4,420.58535612644954,0.0
TN,complete,lateral_HZ,T-N vertical 5,0.0,32.076237046254285
TN,complete,lateral_HZ,T-N diagonal 6,128.72050232519183,0.0
TN,complete,lateral_HZ,T-N diagonal 7,0.0,57.23857870505827
TN,complete,lateral_HZ,T-N diagonal 8,225.72991121812294,0.0
TN,complete,lateral_HZ,T-N diagonal 9,21.063404531595708,2.9079958465230336
TN,complete,lateral_HZ,T-N vertical 10,50.89174277114837,0.0
TN,complete,lateral_HZ,T-N vertical 11,0.0,7.7080790361219895
TN,complete,lateral_HZ,T-N vertical 12,6.946792638072887,0.0
TN,complete,lateral_HZ,T-N vertical 13,0.0,10.024082784794347
TN,complete,lateral_HZ,T-N vertical 14,0.0,47.71247277261802
TN,complete,lateral_HZ,T-N diagonal 15,163.23275320468582,0.0
TN,complete,lateral_HZ,T-N diagonal 16,0.0,121.76892775266356
TN,complete,lateral_HZ,T-N diagonal 17,87.9903545389952,0.0
TN,complete,lateral_HZ,T-N diagonal 18,0.0,31.21520579167911
TN,complete,lateral_HZ,T-N top / segment 1,6.283406880750762,20.695196545462256
TN,complete,lateral_HZ,T-N top / segment 2,269.6406372844043,30.00816831378049
TN,complete,lateral_HZ,T-N top / segment 3,0.0,9.893211966202847
TN,complete,strength_lateral_HZ_1,T-N,0.0,970.6990850379711
TN,complete,strength_lateral_HZ_1,T-N upper east jamb,0.0,1337.3029262665211
TN,complete,strength_lateral_HZ_1,T-N loading header,773.1150163074352,145.62285163902652
TN,complete,strength_lateral_HZ_1,T-N vertical 1,104.05212719010075,0.0
TN,complete,strength_lateral_HZ_1,T-N vertical 2,0.0,329.3443186569978
TN,complete,strength_lateral_HZ_1,T-N vertical 3,0.0,190.2538265816865
TN,complete,strength_lateral_HZ_1,T-N vertical 4,748.2695864841414,0.0
TN,complete,strength_lateral_HZ_1,T-N vertical 5,80.58054536456862,0.0
TN,complete,strength_lateral_HZ_1,T-N diagonal 6,324.9095738656051,0.0
TN,complete,strength_lateral_HZ_1,T-N diagonal 7,0.0,283.027491798666
TN,complete,strength_lateral_HZ_1,T-N diagonal 8,1587.3495529919426,0.0
TN,complete,strength_lateral_HZ_1,T-N diagonal 9,106.12694171054343,0.0
TN,complete,strength_lateral_HZ_1,T-N vertical 10,184.66269588969806,0.0
TN,complete,strength_lateral_HZ_1,T-N vertical 11,0.0,9.485937874163682
TN,complete,strength_lateral_HZ_1,T-N vertical 12,0.0,12.317165413024242
TN,complete,strength_lateral_HZ_1,T-N vertical 13,0.0,10.698374393218405
TN,complete,strength_lateral_HZ_1,T-N vertical 14,70.8334609019086,0.0
TN,complete,strength_lateral_HZ_1,T-N diagonal 15,395.55603867245196,0.0
TN,complete,strength_lateral_HZ_1,T-N diagonal 16,0.0,323.0287157806976
TN,complete,strength_lateral_HZ_1,T-N diagonal 17,321.4188414648828,0.0
TN,complete,strength_lateral_HZ_1,T-N diagonal 18,0.0,196.5371465461111
TN,complete,strength_lateral_HZ_1,T-N top / segment 1,186.06617269303896,0.0
TN,complete,strength_lateral_HZ_1,T-N top / segment 2,972.8230270184267,1.7063735686051602
TN,complete,strength_lateral_HZ_1,T-N top / segment 3,8.499859098276085,0.060341061156283356
TN,complete,strength_lateral_HZ_-1,T-N,0.0,1047.9523168382225
TN,complete,strength_lateral_HZ_-1,T-N upper east jamb,0.0,1389.9215389386695
TN,complete,strength_lateral_HZ_-1,T-N loading header,581.9224009137364,90.7964676146891
TN,complete,strength_lateral_HZ_-1,T-N vertical 1,45.28838711518476,0.0
TN,complete,strength_lateral_HZ_-1,T-N vertical 2,0.0,277.68230459421676
TN,complete,strength_lateral_HZ_-1,T-N vertical 3,0.0,221.98273462056562
TN,complete,strength_lateral_HZ_-1,T-N vertical 4,421.8195164338134,0.0
TN,complete,strength_lateral_HZ_-1,T-N vertical 5,81.38980722332143,0.0
TN,complete,strength_lateral_HZ_-1,T-N diagonal 6,275.3244178382179,0.0
TN,complete,strength_lateral_HZ_-1,T-N diagonal 7,0.0,336.5163471208132
TN,complete,strength_lateral_HZ_-1,T-N diagonal 8,1669.6913714886566,0.0
TN,complete,strength_lateral_HZ_-1,T-N diagonal 9,83.3981930238092,0.0
TN,complete,strength_lateral_HZ_-1,T-N vertical 10,153.34727073787647,0.0
TN,complete,strength_lateral_HZ_-1,T-N vertical 11,0.0,10.916290817839766
TN,complete,strength_lateral_HZ_-1,T-N vertical 12,0.0,6.247078281270484
TN,complete,strength_lateral_HZ_-1,T-N vertical 13,0.0,7.905642086809326
TN,complete,strength_lateral_HZ_-1,T-N vertical 14,121.44641406803102,0.0
TN,complete,strength_lateral_HZ_-1,T-N diagonal 15,308.15410285371104,0.0
TN,complete,strength_lateral_HZ_-1,T-N diagonal 16,0.0,242.8746497359421
TN,complete,strength_lateral_HZ_-1,T-N diagonal 17,229.14064088707877,0.0
TN,complete,strength_lateral_HZ_-1,T-N diagonal 18,0.0,120.38388988831856
TN,complete,strength_lateral_HZ_-1,T-N top / segment 1,249.61530990728306,0.0
TN,complete,strength_lateral_HZ_-1,T-N top / segment 2,708.734701202744,244.26911094533332
TN,complete,strength_lateral_HZ_-1,T-N top / segment 3,9.169060284113046,0.060341061113340824
TN,complete,strength_lateral_HZ_2,T-N,1.5700218902736651e-12,932.0724678166739
TN,complete,strength_lateral_HZ_2,T-N upper east jamb,0.0,1344.8891665007422
TN,complete,strength_lateral_HZ_2,T-N loading header,868.7113266496413,173.03604449300346
TN,complete,strength_lateral_HZ_2,T-N vertical 1,133.43399851954416,0.0
TN,complete,strength_lateral_HZ_2,T-N vertical 2,0.0,355.1753263224422
TN,complete,strength_lateral_HZ_2,T-N vertical 3,0.0,174.38937217934165
TN,complete,strength_lateral_HZ_2,T-N vertical 4,911.494623422815,0.0
TN,complete,strength_lateral_HZ_2,T-N vertical 5,80.17591446475295,0.0
TN,complete,strength_lateral_HZ_2,T-N diagonal 6,349.7021526528472,0.0
TN,complete,strength_lateral_HZ_2,T-N diagonal 7,0.0,256.2830620355027
TN,complete,strength_lateral_HZ_2,T-N diagonal 8,1546.1786424066602,0.0
TN,complete,strength_lateral_HZ_2,T-N diagonal 9,117.49131619590987,0.0
TN,complete,strength_lateral_HZ_2,T-N vertical 10,200.32040859373444,0.0
TN,complete,strength_lateral_HZ_2,T-N vertical 11,0.0,8.770761370027486
TN,complete,strength_lateral_HZ_2,T-N vertical 12,0.0,15.35220908137716
TN,complete,strength_lateral_HZ_2,T-N vertical 13,0.0,12.094740600066162
TN,complete,strength_lateral_HZ_2,T-N vertical 14,45.5269835234965,0.0
TN,complete,strength_lateral_HZ_2,T-N diagonal 15,439.2570079321647,0.0
TN,complete,strength_lateral_HZ_2,T-N diagonal 16,0.0,363.10575002088575
TN,complete,strength_lateral_HZ_2,T-N diagonal 17,367.5579431694534,0.0
TN,complete,strength_lateral_HZ_2,T-N diagonal 18,0.0,234.6137760103536
TN,complete,strength_lateral_HZ_2,T-N top / segment 1,154.29160179848154,0.0
TN,complete,strength_lateral_HZ_2,T-N top / segment 2,1104.867194261715,1.9565185037381616
TN,complete,strength_lateral_HZ_2,T-N top / segment 3,8.165258439897755,0.0603410614679059
TN,complete,strength_lateral_HZ_-2,T-N,0.0,1086.5789313921189
TN,complete,strength_lateral_HZ_-2,T-N upper east jamb,0.0,1436.25259198208
TN,complete,strength_lateral_HZ_-2,T-N loading header,486.3260961386443,63.38327649867724
TN,complete,strength_lateral_HZ_-2,T-N vertical 1,15.906518377603788,10.915032527905533
TN,complete,strength_lateral_HZ_-2,T-N vertical 2,0.0,251.85129679756332
TN,complete,strength_lateral_HZ_-2,T-N vertical 3,0.0,237.84718826258575
TN,complete,strength_lateral_HZ_-2,T-N vertical 4,258.59448332188987,0.0
TN,complete,strength_lateral_HZ_-2,T-N vertical 5,81.79443820489482,0.0
TN,complete,strength_lateral_HZ_-2,T-N diagonal 6,250.53183929505911,0.0
TN,complete,strength_lateral_HZ_-2,T-N diagonal 7,0.0,363.2607703246937
TN,complete,strength_lateral_HZ_-2,T-N diagonal 8,1710.8622795193548,0.0
TN,complete,strength_lateral_HZ_-2,T-N diagonal 9,72.03381881248292,0.0
TN,complete,strength_lateral_HZ_-2,T-N vertical 10,137.689558299618,0.0
TN,complete,strength_lateral_HZ_-2,T-N vertical 11,0.0,11.631467260605861
TN,complete,strength_lateral_HZ_-2,T-N vertical 12,0.0,3.2120348258127382
TN,complete,strength_lateral_HZ_-2,T-N vertical 13,0.0,6.5092759826130315
TN,complete,strength_lateral_HZ_-2,T-N vertical 14,146.75288989373834,0.0
TN,complete,strength_lateral_HZ_-2,T-N diagonal 15,264.45313632381215,0.0
TN,complete,strength_lateral_HZ_-2,T-N diagonal 16,0.0,202.7976179485921
TN,complete,strength_lateral_HZ_-2,T-N diagonal 17,183.00154204700908,0.0
TN,complete,strength_lateral_HZ_-2,T-N diagonal 18,0.0,82.30726273233971
TN,complete,strength_lateral_HZ_-2,T-N top / segment 1,284.1193075809186,0.0
TN,complete,strength_lateral_HZ_-2,T-N top / segment 2,576.6905426360347,379.32270089069476
TN,complete,strength_lateral_HZ_-2,T-N top / segment 3,9.503660870716049,0.06034106115278698
TN,complete,basic_Dfloor,T-N,2.1027832253217582e-12,156.2310284424291
TN,complete,basic_Dfloor,T-N upper east jamb,0.0,206.5030569300982
TN,complete,basic_Dfloor,T-N loading header,98.06607241360545,10.625281141765308
TN,complete,basic_Dfloor,T-N vertical 1,0.0,19.1602629247144
TN,complete,basic_Dfloor,T-N vertical 2,0.0,56.319001288486405
TN,complete,basic_Dfloor,T-N vertical 3,0.0,42.382879298749195
TN,complete,basic_Dfloor,T-N vertical 4,65.18384627629689,0.0
TN,complete,basic_Dfloor,T-N vertical 5,23.773424735179955,0.0
TN,complete,basic_Dfloor,T-N diagonal 6,31.00382183820567,0.0
TN,complete,basic_Dfloor,T-N diagonal 7,0.0,40.280947714211386
TN,complete,basic_Dfloor,T-N diagonal 8,231.5051972282077,0.0
TN,complete,basic_Dfloor,T-N diagonal 9,17.914223240433568,0.0
TN,complete,basic_Dfloor,T-N vertical 10,22.80688167217496,0.0
TN,complete,basic_Dfloor,T-N vertical 11,0.038004108327232555,0.0
TN,complete,basic_Dfloor,T-N vertical 12,0.0,3.608643025120649
TN,complete,basic_Dfloor,T-N vertical 13,0.2400976623939229,0.0
TN,complete,basic_Dfloor,T-N vertical 14,22.440201354433995,0.0
TN,complete,basic_Dfloor,T-N diagonal 15,38.05186218399246,0.0
TN,complete,basic_Dfloor,T-N diagonal 16,0.0,34.2960295990572
TN,complete,basic_Dfloor,T-N diagonal 17,41.07252064855178,0.0
TN,complete,basic_Dfloor,T-N diagonal 18,0.0,30.967832921470624
TN,complete,basic_Dfloor,T-N top / segment 1,23.389209641612872,0.0
TN,complete,basic_Dfloor,T-N top / segment 2,112.76661176042617,20.47829638227023
TN,complete,basic_Dfloor,T-N top / segment 3,5.263513899799998,2.6464974371118272e-11
TN,complete,basic_Droof,T-N,10.630159278592478,34.23313444717396
TN,complete,basic_Droof,T-N upper east jamb,6.7661261349730015,2.7731784266977604
TN,complete,basic_Droof,T-N loading header,14.822603580728469,6.193978166699622
TN,complete,basic_Droof,T-N vertical 1,38.842552921239744,0.0
TN,complete,basic_Droof,T-N vertical 2,5.239346915072402,0.0
TN,complete,basic_Droof,T-N vertical 3,5.293300182716436,0.0
TN,complete,basic_Droof,T-N vertical 4,103.13975787603532,0.0
TN,complete,basic_Droof,T-N vertical 5,0.0,0.5132074104082839
TN,complete,basic_Droof,T-N diagonal 6,0.0,4.1652769780695165
TN,complete,basic_Droof,T-N diagonal 7,0.0,8.421801279399975
TN,complete,basic_Droof,T-N diagonal 8,0.0,6.567909420389175
TN,complete,basic_Droof,T-N diagonal 9,6.874837305387429,0.0
TN,complete,basic_Droof,T-N vertical 10,6.062948541118436,0.0
TN,complete,basic_Droof,T-N vertical 11,0.1399197079403178,0.0
TN,complete,basic_Droof,T-N vertical 12,0.5539410986529344,0.0
TN,complete,basic_Droof,T-N vertical 13,0.04749871291710487,0.0
TN,complete,basic_Droof,T-N vertical 14,0.0,4.282211676361248
TN,complete,basic_Droof,T-N diagonal 15,6.402522768262026,0.0
TN,complete,basic_Droof,T-N diagonal 16,0.0,7.839378958066992
TN,complete,basic_Droof,T-N diagonal 17,6.7082038552261505,0.0
TN,complete,basic_Droof,T-N diagonal 18,0.0,7.3154709268216065
TN,complete,basic_Droof,T-N top / segment 1,0.0,14.570207773734767
TN,complete,basic_Droof,T-N top / segment 2,0.0,40.794362102590384
TN,complete,basic_Droof,T-N top / segment 3,0.0,0.2685816488261288
TN,complete,basic_Dsteel,T-N,1.939098833711195,168.74901040721318
TN,complete,basic_Dsteel,T-N upper east jamb,0.0,156.5896880077151
TN,complete,basic_Dsteel,T-N loading header,106.1200955641407,57.49422227262487
TN,complete,basic_Dsteel,T-N vertical 1,74.08048415488183,0.0
TN,complete,basic_Dsteel,T-N vertical 2,2.7240791864759175,20.30363512823269
TN,complete,basic_Dsteel,T-N vertical 3,32.51211616619039,0.0
TN,complete,basic_Dsteel,T-N vertical 4,154.22056709013634,0.0
TN,complete,basic_Dsteel,T-N vertical 5,0.0,31.158398666743317
TN,complete,basic_Dsteel,T-N diagonal 6,108.09320331370631,0.0
TN,complete,basic_Dsteel,T-N diagonal 7,0.0,75.56120486849785
TN,complete,basic_Dsteel,T-N diagonal 8,273.4687272072416,0.0
TN,complete,basic_Dsteel,T-N diagonal 9,2.8241931523438373,21.147207225774427
TN,complete,basic_Dsteel,T-N vertical 10,29.171081972854985,0.0
TN,complete,basic_Dsteel,T-N vertical 11,0.0,8.563175181235549
TN,complete,basic_Dsteel,T-N vertical 12,9.427894971923234,0.0
TN,complete,basic_Dsteel,T-N vertical 13,0.0,8.675215402439589
TN,complete,basic_Dsteel,T-N vertical 14,0.0,18.12378556168867
TN,complete,basic_Dsteel,T-N diagonal 15,113.12926432003627,0.0
TN,complete,basic_Dsteel,T-N diagonal 16,0.0,73.85251738395243
TN,complete,basic_Dsteel,T-N diagonal 17,35.14305227020178,0.0
TN,complete,basic_Dsteel,T-N diagonal 18,17.29691080680405,0.0
TN,complete,basic_Dsteel,T-N top / segment 1,43.908806463930674,0.0
TN,complete,basic_Dsteel,T-N top / segment 2,156.30922686543238,12.058264192900328
TN,complete,basic_Dsteel,T-N top / segment 3,0.0,9.290029747713728
TN,complete,basic_Dwall,T-N,2.499889184548465e-12,141.81583471868706
TN,complete,basic_Dwall,T-N upper east jamb,0.0,251.692813867887
TN,complete,basic_Dwall,T-N loading header,106.90824683840815,11.275686266235196
TN,complete,basic_Dwall,T-N vertical 1,0.0,13.045691048766244
TN,complete,basic_Dwall,T-N vertical 2,0.0,62.591477732732145
TN,complete,basic_Dwall,T-N vertical 3,0.0,30.45301710015187
TN,complete,basic_Dwall,T-N vertical 4,21.197473444018115,0.0
TN,complete,basic_Dwall,T-N vertical 5,0.16512114914731846,0.0
TN,complete,basic_Dwall,T-N diagonal 6,50.23768143934129,0.0
TN,complete,basic_Dwall,T-N diagonal 7,0.0,68.23176736631689
TN,complete,basic_Dwall,T-N diagonal 8,269.0991434022147,0.0
TN,complete,basic_Dwall,T-N diagonal 9,7.594868255058652,0.0
TN,complete,basic_Dwall,T-N vertical 10,29.272693635546545,0.0
TN,complete,basic_Dwall,T-N vertical 11,0.0,0.26659301963500454
TN,complete,basic_Dwall,T-N vertical 12,0.0,4.659350585189778
TN,complete,basic_Dwall,T-N vertical 13,0.2489949532936775,0.0
TN,complete,basic_Dwall,T-N vertical 14,30.818002962219953,0.0
TN,complete,basic_Dwall,T-N diagonal 15,41.780487927401275,0.0
TN,complete,basic_Dwall,T-N diagonal 16,0.0,36.60937170687166
TN,complete,basic_Dwall,T-N diagonal 17,45.465605095782635,0.0
TN,complete,basic_Dwall,T-N diagonal 18,0.0,32.79335661123135
TN,complete,basic_Dwall,T-N top / segment 1,76.69366051220683,0.0
TN,complete,basic_Dwall,T-N top / segment 2,151.5476827075492,2.974780783586021
TN,complete,basic_Dwall,T-N top / segment 3,0.0,0.027762610632854064
TN,complete,basic_HB0.25,T-N,52.148943334328465,25.27311692524271
TN,complete,basic_HB0.25,T-N upper east jamb,3.5815003626114907,0.0
TN,complete,basic_HB0.25,T-N loading header,1.9040978930710537,0.0
TN,complete,basic_HB0.25,T-N vertical 1,0.0,28.07881722049822
TN,complete,basic_HB0.25,T-N vertical 2,0.0,14.332071246255364
TN,complete,basic_HB0.25,T-N vertical 3,0.0,11.105195937296296
TN,complete,basic_HB0.25,T-N vertical 4,15.954961530436908,0.0
TN,complete,basic_HB0.25,T-N vertical 5,14.934693806394401,0.0
TN,complete,basic_HB0.25,T-N diagonal 6,0.0,1.369383051874208
TN,complete,basic_HB0.25,T-N diagonal 7,0.0,9.381823223259598
TN,complete,basic_HB0.25,T-N diagonal 8,1.5367112216502328,0.0
TN,complete,basic_HB0.25,T-N diagonal 9,5.465918044752465,0.0
TN,complete,basic_HB0.25,T-N vertical 10,0.0,0.9175620149834842
TN,complete,basic_HB0.25,T-N vertical 11,0.13715029480545438,0.0
TN,complete,basic_HB0.25,T-N vertical 12,0.7847797608184233,0.0
TN,complete,basic_HB0.25,T-N vertical 13,0.20085286849657955,0.0
TN,complete,basic_HB0.25,T-N vertical 14,0.0,0.284960852098132
TN,complete,basic_HB0.25,T-N diagonal 15,0.0,0.9627061857861605
TN,complete,basic_HB0.25,T-N diagonal 16,0.0,0.6304465150227014
TN,complete,basic_HB0.25,T-N diagonal 17,0.0,0.9609188525249919
TN,complete,basic_HB0.25,T-N diagonal 18,0.0,0.6330764062282274
TN,complete,basic_HB0.25,T-N top / segment 1,0.0,34.4675550574027
TN,complete,basic_HB0.25,T-N top / segment 2,0.013649291116828674,42.28304292443098
TN,complete,basic_HB0.25,T-N top / segment 3,3.3661940615434585,0.0
TN,complete,basic_HB0.5,T-N,61.801437484477425,36.016106930620616
TN,complete,basic_HB0.5,T-N upper east jamb,12.511437401435773,0.0
TN,complete,basic_HB0.5,T-N loading header,13.124161652036602,0.4737711351271857
TN,complete,basic_HB0.5,T-N vertical 1,0.0,30.223457379847538
TN,complete,basic_HB0.5,T-N vertical 2,0.0,19.869082956782275
TN,complete,basic_HB0.5,T-N vertical 3,0.0,18.05936204444064
TN,complete,basic_HB0.5,T-N vertical 4,36.658601912939865,0.0
TN,complete,basic_HB0.5,T-N vertical 5,25.839962320415456,0.0
TN,complete,basic_HB0.5,T-N diagonal 6,1.2473029760834442,0.0
TN,complete,basic_HB0.5,T-N diagonal 7,0.0,6.058099872076063
TN,complete,basic_HB0.5,T-N diagonal 8,0.0,2.065420798676158
TN,complete,basic_HB0.5,T-N diagonal 9,11.161005724774173,0.0
TN,complete,basic_HB0.5,T-N vertical 10,1.3911718858670992,0.0
TN,complete,basic_HB0.5,T-N vertical 11,0.22390587765993705,0.0
TN,complete,basic_HB0.5,T-N vertical 12,0.4509154170737055,0.0
TN,complete,basic_HB0.5,T-N vertical 13,0.023117296806879944,0.0
TN,complete,basic_HB0.5,T-N vertical 14,0.0,4.209518916530366
TN,complete,basic_HB0.5,T-N diagonal 15,3.999377363169314,0.0
TN,complete,basic_HB0.5,T-N diagonal 16,0.0,5.174028422461622
TN,complete,basic_HB0.5,T-N diagonal 17,4.259827186076473,0.0
TN,complete,basic_HB0.5,T-N diagonal 18,0.0,5.042818528060794
TN,complete,basic_HB0.5,T-N top / segment 1,0.0,42.749374113782444
TN,complete,basic_HB0.5,T-N top / segment 2,0.0037012093574627087,49.24297782132591
TN,complete,basic_HB0.5,T-N top / segment 3,5.8047724501723525,0.0
TN,complete,basic_HB0.75,T-N,51.52789791632595,28.13079524773625
TN,complete,basic_HB0.75,T-N upper east jamb,16.82568375798327,0.0
TN,complete,basic_HB0.75,T-N loading header,22.1063373163487,3.379181898661531
TN,complete,basic_HB0.75,T-N vertical 1,0.0,16.274639589277644
TN,complete,basic_HB0.75,T-N vertical 2,0.0,15.562062167954133
TN,complete,basic_HB0.75,T-N vertical 3,0.0,14.998860198804584
TN,complete,basic_HB0.75,T-N vertical 4,59.19950245951613,0.0
TN,complete,basic_HB0.75,T-N vertical 5,23.852115533130497,0.0
TN,complete,basic_HB0.75,T-N diagonal 6,3.321959817421356,0.0
TN,complete,basic_HB0.75,T-N diagonal 7,0.2437477246082,0.0
TN,complete,basic_HB0.75,T-N diagonal 8,0.0,6.15700236096944
TN,complete,basic_HB0.75,T-N diagonal 9,12.562456001260113,0.0
TN,complete,basic_HB0.75,T-N vertical 10,4.043074898535657,0.0
TN,complete,basic_HB0.75,T-N vertical 11,0.22711582307644396,0.0
TN,complete,basic_HB0.75,T-N vertical 12,0.0,0.13572484569853677
TN,complete,basic_HB0.75,T-N vertical 13,0.0,0.1969032383364099
TN,complete,basic_HB0.75,T-N vertical 14,0.0,7.038254055500173
TN,complete,basic_HB0.75,T-N diagonal 15,8.536407703150957,0.0
TN,complete,basic_HB0.75,T-N diagonal 16,0.0,8.75269959488432
TN,complete,basic_HB0.75,T-N diagonal 17,9.026363381791922,0.0
TN,complete,basic_HB0.75,T-N diagonal 18,0.0,8.458646383820152
TN,complete,basic_HB0.75,T-N top / segment 1,0.0,30.680237054630464
TN,complete,basic_HB0.75,T-N top / segment 2,5.969036552679356,33.895646033231166
TN,complete,basic_HB0.75,T-N top / segment 3,5.317852836556505,1.0322394154864388e-12
TN,complete,basic_HT0.25,T-N,3.4214568283711926,17.686324516573162
TN,complete,basic_HT0.25,T-N upper east jamb,0.0,3.212553660036546
TN,complete,basic_HT0.25,T-N loading header,1.5396950032054386,5.1525723834813215
TN,complete,basic_HT0.25,T-N vertical 1,4.359050691355496,0.0
TN,complete,basic_HT0.25,T-N vertical 2,3.399241975337229,0.0
TN,complete,basic_HT0.25,T-N vertical 3,0.019541005104327814,0.0
TN,complete,basic_HT0.25,T-N vertical 4,9.931124530518447,0.0
TN,complete,basic_HT0.25,T-N vertical 5,0.0,0.8807543387061679
TN,complete,basic_HT0.25,T-N diagonal 6,0.0,4.075861225109268
TN,complete,basic_HT0.25,T-N diagonal 7,0.0,4.576142087134441
TN,complete,basic_HT0.25,T-N diagonal 8,2.741662603536101,0.0
TN,complete,basic_HT0.25,T-N diagonal 9,1.2142025121736826,0.0
TN,complete,basic_HT0.25,T-N vertical 10,0.0,1.791608546043591
TN,complete,basic_HT0.25,T-N vertical 11,0.0,0.08199730677685062
TN,complete,basic_HT0.25,T-N vertical 12,0.26760517827370994,0.0
TN,complete,basic_HT0.25,T-N vertical 13,0.10890118966248663,0.0
TN,complete,basic_HT0.25,T-N vertical 14,1.4735505263156574,0.0
TN,complete,basic_HT0.25,T-N diagonal 15,0.0,2.441218293900011
TN,complete,basic_HT0.25,T-N diagonal 16,2.1828529224131286,0.0
TN,complete,basic_HT0.25,T-N diagonal 17,0.0,2.7156549157653616
TN,complete,basic_HT0.25,T-N diagonal 18,2.0716036035428376,0.0
TN,complete,basic_HT0.25,T-N top / segment 1,7.934994073174208,0.0
TN,complete,basic_HT0.25,T-N top / segment 2,7.962809988447714,11.989046072792666
TN,complete,basic_HT0.25,T-N top / segment 3,0.0,0.21898386596840044
TN,complete,basic_HT0.5,T-N,4.862581999686486,9.347083177423857
TN,complete,basic_HT0.5,T-N upper east jamb,0.0,0.8980904231197873
TN,complete,basic_HT0.5,T-N loading header,0.2713862237690637,0.4681922376975064
TN,complete,basic_HT0.5,T-N vertical 1,2.7553197511615113,0.0
TN,complete,basic_HT0.5,T-N vertical 2,1.9764950343353331,0.0
TN,complete,basic_HT0.5,T-N vertical 3,0.7366550249701224,0.0
TN,complete,basic_HT0.5,T-N vertical 4,18.331238953317225,0.0
TN,complete,basic_HT0.5,T-N vertical 5,0.0,0.7652698395450517
TN,complete,basic_HT0.5,T-N diagonal 6,0.0,2.9158472470418793
TN,complete,basic_HT0.5,T-N diagonal 7,0.0,2.9369300077857696
TN,complete,basic_HT0.5,T-N diagonal 8,0.658943232313582,0.0
TN,complete,basic_HT0.5,T-N diagonal 9,1.6340496473176116,0.0
TN,complete,basic_HT0.5,T-N vertical 10,0.0,0.22436010545081553
TN,complete,basic_HT0.5,T-N vertical 11,0.0,0.05484686082039677
TN,complete,basic_HT0.5,T-N vertical 12,0.07744371254896242,0.0
TN,complete,basic_HT0.5,T-N vertical 13,0.02821254246920644,0.0
TN,complete,basic_HT0.5,T-N vertical 14,0.242773900979794,0.0
TN,complete,basic_HT0.5,T-N diagonal 15,0.0,0.312501116134087
TN,complete,basic_HT0.5,T-N diagonal 16,0.25595362636625857,0.0
TN,complete,basic_HT0.5,T-N diagonal 17,0.0,0.40387945214419313
TN,complete,basic_HT0.5,T-N diagonal 18,0.23923046912120857,0.0
TN,complete,basic_HT0.5,T-N top / segment 1,7.3584014423995585,0.0
TN,complete,basic_HT0.5,T-N top / segment 2,7.35184584341694,3.4596120399775545
TN,complete,basic_HT0.5,T-N top / segment 3,0.0,0.2041224556867298
TN,complete,basic_HT0.75,T-N,5.39871172573165,1.837891908854222
TN,complete,basic_HT0.75,T-N upper east jamb,1.0899412491266118,0.7081978390672645
TN,complete,basic_HT0.75,T-N loading header,3.131668270360032,0.9933657341887823
TN,complete,basic_HT0.75,T-N vertical 1,1.3215622000600835,0.0
TN,complete,basic_HT0.75,T-N vertical 2,0.9402205225117398,0.0
TN,complete,basic_HT0.75,T-N vertical 3,1.3062861504428815,0.0
TN,complete,basic_HT0.75,T-N vertical 4,26.63601132182267,0.0
TN,complete,basic_HT0.75,T-N vertical 5,0.0,0.45829272435404644
TN,complete,basic_HT0.75,T-N diagonal 6,0.0,1.5447102548132194
TN,complete,basic_HT0.75,T-N diagonal 7,0.0,1.6206122683936663
TN,complete,basic_HT0.75,T-N diagonal 8,0.0,1.1089200118855296
TN,complete,basic_HT0.75,T-N diagonal 9,1.9936345756200045,0.0
TN,complete,basic_HT0.75,T-N vertical 10,1.2590145586211343,0.0
TN,complete,basic_HT0.75,T-N vertical 11,0.0,0.0034491448294537647
TN,complete,basic_HT0.75,T-N vertical 12,0.022489068389481757,0.0
TN,complete,basic_HT0.75,T-N vertical 13,0.0,0.012086604220926937
TN,complete,basic_HT0.75,T-N vertical 14,0.0,0.8110400917346686
TN,complete,basic_HT0.75,T-N diagonal 15,1.3335661083489134,0.0
TN,complete,basic_HT0.75,T-N diagonal 16,0.0,1.4362153522395142
TN,complete,basic_HT0.75,T-N diagonal 17,1.394319046412425,0.0
TN,complete,basic_HT0.75,T-N diagonal 18,0.0,1.3536855763598612
TN,complete,basic_HT0.75,T-N top / segment 1,2.6798431200932753,0.0
TN,complete,basic_HT0.75,T-N top / segment 2,2.6450064344068447,4.634503888926814
TN,complete,basic_HT0.75,T-N top / segment 3,0.0,0.1450451793051622
TN,complete,basic_HX,T-N,1098.2322619379597,500.8556200072251
TN,complete,basic_HX,T-N upper east jamb,34.04506974517214,335.07913678589796
TN,complete,basic_HX,T-N loading header,135.6025012606497,746.5534697605589
TN,complete,basic_HX,T-N vertical 1,0.0,227.56221559771197
TN,complete,basic_HX,T-N vertical 2,327.9763146865844,0.0
TN,complete,basic_HX,T-N vertical 3,0.0,86.59264009393686
TN,complete,basic_HX,T-N vertical 4,10.097199040871674,0.25647289679826324
TN,complete,basic_HX,T-N vertical 5,42.63388946940804,0.0
TN,complete,basic_HX,T-N diagonal 6,0.0,209.9516544748572
TN,complete,basic_HX,T-N diagonal 7,0.0,347.17963210804515
TN,complete,basic_HX,T-N diagonal 8,288.78774007711917,0.0
TN,complete,basic_HX,T-N diagonal 9,0.0,23.847414253709875
TN,complete,basic_HX,T-N vertical 10,4.559607161454472,0.0
TN,complete,basic_HX,T-N vertical 11,2.1214603458000414,0.0
TN,complete,basic_HX,T-N vertical 12,59.06811249383995,0.0
TN,complete,basic_HX,T-N vertical 13,19.913830894888044,0.0
TN,complete,basic_HX,T-N vertical 14,181.05575278387323,0.0
TN,complete,basic_HX,T-N diagonal 15,0.0,350.32749424856763
TN,complete,basic_HX,T-N diagonal 16,246.27414103548998,0.0
TN,complete,basic_HX,T-N diagonal 17,0.0,366.41239372921393
TN,complete,basic_HX,T-N diagonal 18,239.2129301335015,0.0
TN,complete,basic_HX,T-N top / segment 1,0.0,792.2107939885916
TN,complete,basic_HX,T-N top / segment 2,0.3043316931301605,2501.205408245397
TN,complete,basic_HX,T-N top / segment 3,9.868026668601969,4.134022856434427e-11
TN,complete,basic_HZ,T-N,62.147147807973774,104.82214191204663
TN,complete,basic_HZ,T-N upper east jamb,46.331054569430506,7.586240059735013
TN,complete,basic_HZ,T-N loading header,95.59630767546042,27.413192012143575
TN,complete,basic_HZ,T-N vertical 1,29.381870094602252,0.0
TN,complete,basic_HZ,T-N vertical 2,0.0,25.831005546349836
TN,complete,basic_HZ,T-N vertical 3,15.864454014224089,0.0
TN,complete,basic_HZ,T-N vertical 4,163.22503476833057,0.0
TN,complete,basic_HZ,T-N vertical 5,0.0,0.40463092432075926
TN,complete,basic_HZ,T-N diagonal 6,24.792576644339537,0.0
TN,complete,basic_HZ,T-N diagonal 7,26.744435556363456,0.0
TN,complete,basic_HZ,T-N diagonal 8,0.0,41.17091265083735
TN,complete,basic_HZ,T-N diagonal 9,11.364374325542219,0.0
TN,complete,basic_HZ,T-N vertical 10,15.65771254267835,0.0
TN,complete,basic_HZ,T-N vertical 11,0.715176472829233,0.0
TN,complete,basic_HZ,T-N vertical 12,0.0,3.035043567417515
TN,complete,basic_HZ,T-N vertical 13,0.0,1.396366153873392
TN,complete,basic_HZ,T-N vertical 14,0.0,25.306476603951634
TN,complete,basic_HZ,T-N diagonal 15,43.700967919844544,0.0
TN,complete,basic_HZ,T-N diagonal 16,0.0,40.07704707341243
TN,complete,basic_HZ,T-N diagonal 17,46.13910904126371,0.0
TN,complete,basic_HZ,T-N diagonal 18,0.0,38.0766532070162
TN,complete,basic_HZ,T-N top / segment 1,0.0,38.45582194614138
TN,complete,basic_HZ,T-N top / segment 2,135.2553322956421,32.2105058103128
TN,complete,basic_HZ,T-N top / segment 3,0.0,0.33460059343026444
TN,complete,basic_L125,T-N,0.0,1627.4065552798318
TN,complete,basic_L125,T-N upper east jamb,0.0,2151.0735192906454
TN,complete,basic_L125,T-N loading header,1021.5215696280587,110.68000621060486
TN,complete,basic_L125,T-N vertical 1,0.0,199.58608209451808
TN,complete,basic_L125,T-N vertical 2,0.0,586.656253520187
TN,complete,basic_L125,T-N vertical 3,0.0,441.48832796263804
TN,complete,basic_L125,T-N vertical 4,678.9984000003614,0.0
TN,complete,basic_L125,T-N vertical 5,247.6398404293671,0.0
TN,complete,basic_L125,T-N diagonal 6,322.9564663273275,0.0
TN,complete,basic_L125,T-N diagonal 7,0.0,419.59321359862895
TN,complete,basic_L125,T-N diagonal 8,2411.5124790727405,0.0
TN,complete,basic_L125,T-N diagonal 9,186.60649218898448,0.0
TN,complete,basic_L125,T-N vertical 10,237.57168500063315,0.0
TN,complete,basic_L125,T-N vertical 11,0.3958759147421253,0.0
TN,complete,basic_L125,T-N vertical 12,0.0,37.59003081796989
TN,complete,basic_L125,T-N vertical 13,2.50101761221421,0.0
TN,complete,basic_L125,T-N vertical 14,233.75210241868686,0.0
TN,complete,basic_L125,T-N diagonal 15,396.3735557597467,0.0
TN,complete,basic_L125,T-N diagonal 16,0.0,357.25030075576836
TN,complete,basic_L125,T-N diagonal 17,427.838747835169,0.0
TN,complete,basic_L125,T-N diagonal 18,0.0,322.58158574682056
TN,complete,basic_L125,T-N top / segment 1,243.63762267583428,0.0
TN,complete,basic_L125,T-N top / segment 2,1174.6521765149694,213.31561687966274
TN,complete,basic_L125,T-N top / segment 3,54.828269670262145,1.8391032997601844e-11
TN,complete,basic_L30,T-N,3.668343406815211e-12,390.5775727124007
TN,complete,basic_L30,T-N upper east jamb,0.0,516.2576440394018
TN,complete,basic_L30,T-N loading header,245.16517780599764,26.56320184410218
TN,complete,basic_L30,T-N vertical 1,0.0,47.900659064207765
TN,complete,basic_L30,T-N vertical 2,0.0,140.7975030140593
TN,complete,basic_L30,T-N vertical 3,0.0,105.95719860944847
TN,complete,basic_L30,T-N vertical 4,162.95961554579694,0.0
TN,complete,basic_L30,T-N vertical 5,59.43356174230954,0.0
TN,complete,basic_L30,T-N diagonal 6,77.50955407546363,0.0
TN,complete,basic_L30,T-N diagonal 7,0.0,100.70237328503858
TN,complete,basic_L30,T-N diagonal 8,578.7629945388784,0.0
TN,complete,basic_L30,T-N diagonal 9,44.785558096048646,0.0
TN,complete,basic_L30,T-N vertical 10,57.01720429878259,0.0
TN,complete,basic_L30,T-N vertical 11,0.09501023271444327,0.0
TN,complete,basic_L30,T-N vertical 12,0.0,9.0216074407184
TN,complete,basic_L30,T-N vertical 13,0.600244208941281,0.0
TN,complete,basic_L30,T-N vertical 14,56.100504309920254,0.0
TN,complete,basic_L30,T-N diagonal 15,95.12965391861593,0.0
TN,complete,basic_L30,T-N diagonal 16,0.0,85.74007264611657
TN,complete,basic_L30,T-N diagonal 17,102.68130002942432,0.0
TN,complete,basic_L30,T-N diagonal 18,0.0,77.41958101710779
TN,complete,basic_L30,T-N top / segment 1,58.47302802461571,0.0
TN,complete,basic_L30,T-N top / segment 2,281.9165241589718,51.195746273602595
TN,complete,basic_L30,T-N top / segment 3,13.158784728667895,0.0
TN,complete,basic_L40,T-N,2.3409801874763048e-11,520.7701010495792
TN,complete,basic_L40,T-N upper east jamb,0.0,688.3435298069516
TN,complete,basic_L40,T-N loading header,326.8868955113386,35.41759984987253
TN,complete,basic_L40,T-N vertical 1,0.0,63.8675500188664
TN,complete,basic_L40,T-N vertical 2,0.0,187.72999612576416
TN,complete,basic_L40,T-N vertical 3,0.0,141.27626570016653
TN,complete,basic_L40,T-N vertical 4,217.27948821555958,0.0
TN,complete,basic_L40,T-N vertical 5,79.24474873484388,0.0
TN,complete,basic_L40,T-N diagonal 6,103.34606384270643,0.0
TN,complete,basic_L40,T-N diagonal 7,0.0,134.2698293178976
TN,complete,basic_L40,T-N diagonal 8,771.6839963987969,0.0
TN,complete,basic_L40,T-N diagonal 9,59.71407752541366,0.0
TN,complete,basic_L40,T-N vertical 10,76.02293951792694,0.0
TN,complete,basic_L40,T-N vertical 11,0.12668021029788393,0.0
TN,complete,basic_L40,T-N vertical 12,0.0,12.028809605274919
TN,complete,basic_L40,T-N vertical 13,0.8003257470242473,0.0
TN,complete,basic_L40,T-N vertical 14,74.80067471384906,0.0
TN,complete,basic_L40,T-N diagonal 15,126.83953458011757,0.0
TN,complete,basic_L40,T-N diagonal 16,0.0,114.32009338972018
TN,complete,basic_L40,T-N diagonal 17,136.90839594640647,0.0
TN,complete,basic_L40,T-N diagonal 18,0.0,103.22610472703991
TN,complete,basic_L40,T-N top / segment 1,77.96404756515236,0.0
TN,complete,basic_L40,T-N top / segment 2,375.88868541597685,68.26100862123397
TN,complete,basic_L40,T-N top / segment 3,17.54504624597197,0.0
TN,complete,basic_L75patch,T-N,0.0,817.089301430143
TN,complete,basic_L75patch,T-N upper east jamb,0.0,1163.8022178555686
TN,complete,basic_L75patch,T-N loading header,532.3874555453052,58.49455114717943
TN,complete,basic_L75patch,T-N vertical 1,0.0,60.83739554334906
TN,complete,basic_L75patch,T-N vertical 2,0.0,285.43615627771544
TN,complete,basic_L75patch,T-N vertical 3,0.0,223.85152454867338
TN,complete,basic_L75patch,T-N vertical 4,276.2121642928698,0.0
TN,complete,basic_L75patch,T-N vertical 5,92.16955222044308,0.0
TN,complete,basic_L75patch,T-N diagonal 6,175.40349347055172,0.0
TN,complete,basic_L75patch,T-N diagonal 7,0.0,208.9923164759944
TN,complete,basic_L75patch,T-N diagonal 8,1308.2395176071557,0.0
TN,complete,basic_L75patch,T-N diagonal 9,83.12373101116722,0.0
TN,complete,basic_L75patch,T-N vertical 10,126.7241476916466,0.0
TN,complete,basic_L75patch,T-N vertical 11,0.0,0.09320795351330995
TN,complete,basic_L75patch,T-N vertical 12,0.0,21.26032457947152
TN,complete,basic_L75patch,T-N vertical 13,1.0512520270581862,0.0
TN,complete,basic_L75patch,T-N vertical 14,123.027138290983,0.0
TN,complete,basic_L75patch,T-N diagonal 15,208.41691943389029,0.0
TN,complete,basic_L75patch,T-N diagonal 16,0.0,184.92147502361618
TN,complete,basic_L75patch,T-N diagonal 17,225.05831204800197,0.0
TN,complete,basic_L75patch,T-N diagonal 18,0.0,166.69421777998298
TN,complete,basic_L75patch,T-N top / segment 1,185.89493811223502,0.0
TN,complete,basic_L75patch,T-N top / segment 2,680.0151042151052,69.89485539678545
TN,complete,basic_L75patch,T-N top / segment 3,20.304793253262268,0.0
TN,complete,basic_P200,T-N,5.995854832516882,3.623740254177984
TN,complete,basic_P200,T-N upper east jamb,1.374254782204987,0.0
TN,complete,basic_P200,T-N loading header,1.5938671566440423,0.11836734370402532
TN,complete,basic_P200,T-N vertical 1,0.0,2.5594048232264277
TN,complete,basic_P200,T-N vertical 2,0.0,1.828163543430551
TN,complete,basic_P200,T-N vertical 3,0.0,1.7395021568710356
TN,complete,basic_P200,T-N vertical 4,5.133071393349483,0.0
TN,complete,basic_P200,T-N vertical 5,2.5642442337985036,0.0
TN,complete,basic_P200,T-N diagonal 6,0.06423979973143877,0.0
TN,complete,basic_P200,T-N diagonal 7,0.0,0.5525590614414513
TN,complete,basic_P200,T-N diagonal 8,0.0,0.3013599650742821
TN,complete,basic_P200,T-N diagonal 9,1.2589877283252917,0.0
TN,complete,basic_P200,T-N vertical 10,0.20823820103050214,0.0
TN,complete,basic_P200,T-N vertical 11,0.020372581632210313,0.0
TN,complete,basic_P200,T-N vertical 12,0.030798167877793846,0.0
TN,complete,basic_P200,T-N vertical 13,0.0,0.0032983608047233203
TN,complete,basic_P200,T-N vertical 14,0.0,0.5053542726365146
TN,complete,basic_P200,T-N diagonal 15,0.5317247758818595,0.0
TN,complete,basic_P200,T-N diagonal 16,0.0,0.6230062709022874
TN,complete,basic_P200,T-N diagonal 17,0.5609537184554931,0.0
TN,complete,basic_P200,T-N diagonal 18,0.0,0.6059206973485681
TN,complete,basic_P200,T-N top / segment 1,0.0,3.673124394757109
TN,complete,basic_P200,T-N top / segment 2,0.0,4.282433014406803
TN,complete,basic_P200,T-N top / segment 3,0.5735590284635598,0.0
TN,complete,basic_R20,T-N,27.817573928696447,78.418291535982
TN,complete,basic_R20,T-N upper east jamb,21.802011264028636,7.486486965174495
TN,complete,basic_R20,T-N loading header,46.09037805307132,18.50689350481493
TN,complete,basic_R20,T-N vertical 1,109.1900211861628,0.0
TN,complete,basic_R20,T-N vertical 2,10.723213275546387,0.0
TN,complete,basic_R20,T-N vertical 3,14.554146862750294,0.0
TN,complete,basic_R20,T-N vertical 4,266.9502476927768,0.0
TN,complete,basic_R20,T-N vertical 5,0.0,0.9560579750254806
TN,complete,basic_R20,T-N diagonal 6,0.0,7.0311131311377695
TN,complete,basic_R20,T-N diagonal 7,0.0,18.59775593132346
TN,complete,basic_R20,T-N diagonal 8,0.0,20.7523943225225
TN,complete,basic_R20,T-N diagonal 9,17.52779649947158,0.0
TN,complete,basic_R20,T-N vertical 10,17.968803162946855,0.0
TN,complete,basic_R20,T-N vertical 11,0.45932459399961817,0.0
TN,complete,basic_R20,T-N vertical 12,1.2106984849397635,0.0
TN,complete,basic_R20,T-N vertical 13,0.010446587789529817,0.0
TN,complete,basic_R20,T-N vertical 14,0.0,13.251115791189141
TN,complete,basic_R20,T-N diagonal 15,20.14067436343364,0.0
TN,complete,basic_R20,T-N diagonal 16,0.0,23.715368311604728
TN,complete,basic_R20,T-N diagonal 17,21.22848050254368,0.0
TN,complete,basic_R20,T-N diagonal 18,0.0,22.172912190491626
TN,complete,basic_R20,T-N top / segment 1,0.0,47.708810312553815
TN,complete,basic_R20,T-N top / segment 2,0.0,105.90035264772156
TN,complete,basic_R20,T-N top / segment 3,0.0,0.6085755690751875
TN,complete,basic_U20,T-N,78.418291535982,27.817573928696447
TN,complete,basic_U20,T-N upper east jamb,7.486486965174495,21.802011264028636
TN,complete,basic_U20,T-N loading header,18.50689350481493,46.09037805307132
TN,complete,basic_U20,T-N vertical 1,0.0,109.1900211861628
TN,complete,basic_U20,T-N vertical 2,0.0,10.723213275546387
TN,complete,basic_U20,T-N vertical 3,0.0,14.554146862750294
TN,complete,basic_U20,T-N vertical 4,0.0,266.9502476927768
TN,complete,basic_U20,T-N vertical 5,0.9560579750254806,0.0
TN,complete,basic_U20,T-N diagonal 6,7.0311131311377695,0.0
TN,complete,basic_U20,T-N diagonal 7,18.59775593132346,0.0
TN,complete,basic_U20,T-N diagonal 8,20.7523943225225,0.0
TN,complete,basic_U20,T-N diagonal 9,0.0,17.52779649947158
TN,complete,basic_U20,T-N vertical 10,0.0,17.968803162946855
TN,complete,basic_U20,T-N vertical 11,0.0,0.45932459399961817
TN,complete,basic_U20,T-N vertical 12,0.0,1.2106984849397635
TN,complete,basic_U20,T-N vertical 13,0.0,0.010446587789529817
TN,complete,basic_U20,T-N vertical 14,13.251115791189141,0.0
TN,complete,basic_U20,T-N diagonal 15,0.0,20.14067436343364
TN,complete,basic_U20,T-N diagonal 16,23.715368311604728,0.0
TN,complete,basic_U20,T-N diagonal 17,0.0,21.22848050254368
TN,complete,basic_U20,T-N diagonal 18,22.172912190491626,0.0
TN,complete,basic_U20,T-N top / segment 1,47.708810312553815,0.0
TN,complete,basic_U20,T-N top / segment 2,105.90035264772156,0.0
TN,complete,basic_U20,T-N top / segment 3,0.6085755690751875,0.0
TN,roof_first,roof_first_service,T-N,1.6473492708835025e-11,285.0023622781445
TN,roof_first,roof_first_service,T-N upper east jamb,0.0,153.65061691987367
TN,roof_first,roof_first_service,T-N loading header,168.0435405433276,69.0013925087616
TN,roof_first,roof_first_service,T-N vertical 1,234.64935803910979,0.0
TN,roof_first,roof_first_service,T-N vertical 2,25.105743032214317,0.0
TN,roof_first,roof_first_service,T-N vertical 3,58.09219146754656,0.0
TN,roof_first,roof_first_service,T-N vertical 4,503.2111451416729,0.0
TN,roof_first,roof_first_service,T-N vertical 5,0.0,41.65537511240144
TN,roof_first,roof_first_service,T-N diagonal 6,97.49464684712089,0.0
TN,roof_first,roof_first_service,T-N diagonal 7,0.0,97.94026749362733
TN,roof_first,roof_first_service,T-N diagonal 8,245.28122246283573,0.0
TN,roof_first,roof_first_service,T-N diagonal 9,25.334689821766837,0.0
TN,roof_first,roof_first_service,T-N vertical 10,52.519796069716186,0.0
TN,roof_first,roof_first_service,T-N vertical 11,0.0,8.09704076482227
TN,roof_first,roof_first_service,T-N vertical 12,10.478254289876284,0.0
TN,roof_first,roof_first_service,T-N vertical 13,0.0,8.818197907838357
TN,roof_first,roof_first_service,T-N vertical 14,0.0,36.10944252793761
TN,roof_first,roof_first_service,T-N diagonal 15,140.95646038612833,0.0
TN,roof_first,roof_first_service,T-N diagonal 16,0.0,105.2946120272529
TN,roof_first,roof_first_service,T-N diagonal 17,64.43258166627761,0.0
TN,roof_first,roof_first_service,T-N diagonal 18,0.0,15.217525235975742
TN,roof_first,roof_first_service,T-N top / segment 1,45.020984039355966,2.650896830226513
TN,roof_first,roof_first_service,T-N top / segment 2,127.202850438345,113.75758039634273
TN,roof_first,roof_first_service,T-N top / segment 3,0.0,12.197300506625231
TN,roof_first,strength_roof_first,T-N,1.7411419528379213e-12,369.4234721143316
TN,roof_first,strength_roof_first,T-N upper east jamb,0.0,187.30665403231714
TN,roof_first,strength_roof_first,T-N loading header,220.9019750630743,90.36550748247267
TN,roof_first,strength_roof_first,T-N vertical 1,325.80516448838546,0.0
TN,roof_first,strength_roof_first,T-N vertical 2,34.08312984216114,0.0
TN,roof_first,strength_roof_first,T-N vertical 3,75.32347048067112,0.0
TN,roof_first,strength_roof_first,T-N vertical 4,710.6146388130929,0.0
TN,roof_first,strength_roof_first,T-N vertical 5,0.0,49.9354029873443
TN,roof_first,strength_roof_first,T-N diagonal 6,114.64717729815516,0.0
TN,roof_first,strength_roof_first,T-N diagonal 7,0.0,124.36491743482242
TN,roof_first,strength_roof_first,T-N diagonal 8,285.69657685590784,0.0
TN,roof_first,strength_roof_first,T-N diagonal 9,37.41239122545179,0.0
TN,roof_first,strength_roof_first,T-N vertical 10,70.25227676328578,0.0
TN,roof_first,strength_roof_first,T-N vertical 11,0.0,9.526529987929008
TN,roof_first,strength_roof_first,T-N vertical 12,13.013349827596057,0.0
TN,roof_first,strength_roof_first,T-N vertical 13,0.0,10.594458102917875
TN,roof_first,strength_roof_first,T-N vertical 14,0.0,48.85102660760873
TN,roof_first,strength_roof_first,T-N diagonal 15,177.57741066858705,0.0
TN,roof_first,strength_roof_first,T-N diagonal 16,0.0,136.132449682709
TN,roof_first,strength_roof_first,T-N diagonal 17,86.192573014091,0.0
TN,roof_first,strength_roof_first,T-N diagonal 18,0.0,27.41447014255388
TN,roof_first,strength_roof_first,T-N top / segment 1,44.10119278221393,23.041094980495853
TN,roof_first,strength_roof_first,T-N top / segment 2,138.3469706457055,178.08274076106858
TN,roof_first,strength_roof_first,T-N top / segment 3,0.0,14.781075691424482
TN,roof_first,lateral_HX,T-N,1060.4984415904141,595.9629195300363
TN,roof_first,lateral_HX,T-N upper east jamb,0.0,497.8892881736039
TN,roof_first,lateral_HX,T-N loading header,89.50105803955483,646.516590105601
TN,roof_first,lateral_HX,T-N vertical 1,0.0,147.7314046080478
TN,roof_first,lateral_HX,T-N vertical 2,338.7591060752839,0.0
TN,roof_first,lateral_HX,T-N vertical 3,0.0,66.24940882533497
TN,roof_first,lateral_HX,T-N vertical 4,243.82732224791752,0.0
TN,roof_first,lateral_HX,T-N vertical 5,24.52824763098834,0.0
TN,roof_first,lateral_HX,T-N diagonal 6,0.0,133.3026496332287
TN,roof_first,lateral_HX,T-N diagonal 7,0.0,437.490526893997
TN,roof_first,lateral_HX,T-N diagonal 8,561.9545142479403,0.0
TN,roof_first,lateral_HX,T-N diagonal 9,0.0,47.26125543454947
TN,roof_first,lateral_HX,T-N vertical 10,38.224080696882694,0.0
TN,roof_first,lateral_HX,T-N vertical 11,0.0,6.259726562673646
TN,roof_first,lateral_HX,T-N vertical 12,70.32867672237647,0.0
TN,roof_first,lateral_HX,T-N vertical 13,11.780120259409392,0.0
TN,roof_first,lateral_HX,T-N vertical 14,165.38586806033877,0.0
TN,roof_first,lateral_HX,T-N diagonal 15,0.0,243.30984398439057
TN,roof_first,lateral_HX,T-N diagonal 16,174.920452096371,0.0
TN,roof_first,lateral_HX,T-N diagonal 17,0.0,337.52083162503135
TN,roof_first,lateral_HX,T-N diagonal 18,256.22127878728435,0.0
TN,roof_first,lateral_HX,T-N top / segment 1,0.0,779.5460682471074
TN,roof_first,lateral_HX,T-N top / segment 2,0.0,2588.123396463474
TN,roof_first,lateral_HX,T-N top / segment 3,0.0,1.6221352476826343
TN,roof_first,strength_lateral_HX_1,T-N,1023.0825541435521,634.2385377428859
TN,roof_first,strength_lateral_HX_1,T-N upper east jamb,0.0,528.3271118365037
TN,roof_first,strength_lateral_HX_1,T-N loading header,79.48269434525189,622.532733462065
TN,roof_first,strength_lateral_HX_1,T-N vertical 1,0.0,127.3847550114772
TN,roof_first,strength_lateral_HX_1,T-N vertical 2,341.8021318610648,0.0
TN,roof_first,strength_lateral_HX_1,T-N vertical 3,0.0,62.042931975971975
TN,roof_first,strength_lateral_HX_1,T-N vertical 4,291.08893571490535,0.0
TN,roof_first,strength_lateral_HX_1,T-N vertical 5,20.64190755938519,6.17964334612481
TN,roof_first,strength_lateral_HX_1,T-N diagonal 6,0.0,117.42478099396679
TN,roof_first,strength_lateral_HX_1,T-N diagonal 7,0.0,453.6602791842366
TN,roof_first,strength_lateral_HX_1,T-N diagonal 8,615.3311989594824,0.0
TN,roof_first,strength_lateral_HX_1,T-N diagonal 9,0.0,50.493978077475674
TN,roof_first,strength_lateral_HX_1,T-N vertical 10,45.113780696739234,0.0
TN,roof_first,strength_lateral_HX_1,T-N vertical 11,0.0,7.974094081637398
TN,roof_first,strength_lateral_HX_1,T-N vertical 12,72.20460489468323,0.0
TN,roof_first,strength_lateral_HX_1,T-N vertical 13,10.022790790811719,0.0
TN,roof_first,strength_lateral_HX_1,T-N vertical 14,160.92382415982377,0.0
TN,roof_first,strength_lateral_HX_1,T-N diagonal 15,0.0,219.95737958180655
TN,roof_first,strength_lateral_HX_1,T-N diagonal 16,159.37498653745786,0.0
TN,roof_first,strength_lateral_HX_1,T-N diagonal 17,0.0,329.69505121832503
TN,roof_first,strength_lateral_HX_1,T-N diagonal 18,258.37849257695143,0.0
TN,roof_first,strength_lateral_HX_1,T-N top / segment 1,0.0,765.5798819072428
TN,roof_first,strength_lateral_HX_1,T-N top / segment 2,0.0,2589.418369021274
TN,roof_first,strength_lateral_HX_1,T-N top / segment 3,0.0,3.9894378360718856
TN,roof_first,strength_lateral_HX_-1,T-N,174.93109685299282,1472.0731504734297
TN,roof_first,strength_lateral_HX_-1,T-N upper east jamb,163.07321068680687,210.67653430873042
TN,roof_first,strength_lateral_HX_-1,T-N loading header,910.3389786004932,199.7030480359136
TN,roof_first,strength_lateral_HX_-1,T-N vertical 1,398.3660877053778,0.0
TN,roof_first,strength_lateral_HX_-1,T-N vertical 2,0.0,332.9190684940914
TN,roof_first,strength_lateral_HX_-1,T-N vertical 3,140.1539068235075,0.0
TN,roof_first,strength_lateral_HX_-1,T-N vertical 4,276.0503932812872,0.0
TN,roof_first,strength_lateral_HX_-1,T-N vertical 5,0.0,94.09953976339891
TN,roof_first,strength_lateral_HX_-1,T-N diagonal 6,336.7247760403054,0.0
TN,roof_first,strength_lateral_HX_-1,T-N diagonal 7,290.3065444894362,0.0
TN,roof_first,strength_lateral_HX_-1,T-N diagonal 8,25.189030467855037,5.49429514698462
TN,roof_first,strength_lateral_HX_-1,T-N diagonal 9,40.46698464247132,0.0
TN,roof_first,strength_lateral_HX_-1,T-N vertical 10,37.56261780906089,0.0
TN,roof_first,strength_lateral_HX_-1,T-N vertical 11,0.0,12.598316538665937
TN,roof_first,strength_lateral_HX_-1,T-N vertical 12,0.0,49.69346611155883
TN,roof_first,strength_lateral_HX_-1,T-N vertical 13,0.0,31.110743669819655
TN,roof_first,strength_lateral_HX_-1,T-N vertical 14,0.0,214.46834066621807
TN,roof_first,strength_lateral_HX_-1,T-N diagonal 15,503.93111178345015,0.0
TN,roof_first,strength_lateral_HX_-1,T-N diagonal 16,0.0,349.664331033741
TN,roof_first,strength_lateral_HX_-1,T-N diagonal 17,427.3482199947679,0.0
TN,roof_first,strength_lateral_HX_-1,T-N diagonal 18,0.0,236.235625920654
TN,roof_first,strength_lateral_HX_-1,T-N top / segment 1,933.1741376031416,0.0
TN,roof_first,strength_lateral_HX_-1,T-N top / segment 2,2704.3237567950387,1.422396914460564
TN,roof_first,strength_lateral_HX_-1,T-N top / segment 3,0.0,24.418193086731474
TN,roof_first,strength_lateral_HX_2,T-N,2270.6604064491207,1038.8233547906964
TN,roof_first,strength_lateral_HX_2,T-N upper east jamb,0.0,874.027273394361
TN,roof_first,strength_lateral_HX_2,T-N loading header,219.0755654324026,1388.9685897449208
TN,roof_first,strength_lateral_HX_2,T-N vertical 1,0.0,376.8494009103302
TN,roof_first,strength_lateral_HX_2,T-N vertical 2,665.3461043340935,0.0
TN,roof_first,strength_lateral_HX_2,T-N vertical 3,0.0,149.3247227781212
TN,roof_first,strength_lateral_HX_2,T-N vertical 4,298.60820693171854,0.0
TN,roof_first,strength_lateral_HX_2,T-N vertical 5,64.60185579365867,0.0
TN,roof_first,strength_lateral_HX_2,T-N diagonal 6,0.0,330.1167686372224
TN,roof_first,strength_lateral_HX_2,T-N diagonal 7,0.0,810.3020363832031
TN,roof_first,strength_lateral_HX_2,T-N diagonal 8,910.4022833813474,0.0
TN,roof_first,strength_lateral_HX_2,T-N diagonal 9,0.0,81.59161923677429
TN,roof_first,strength_lateral_HX_2,T-N vertical 10,48.8893620885671,0.0
TN,roof_first,strength_lateral_HX_2,T-N vertical 11,0.0,5.661982853592152
TN,roof_first,strength_lateral_HX_2,T-N vertical 12,133.15364038533878,0.0
TN,roof_first,strength_lateral_HX_2,T-N vertical 13,30.589558037604757,0.0
TN,roof_first,strength_lateral_HX_2,T-N vertical 14,348.6199066397224,0.0
TN,roof_first,strength_lateral_HX_2,T-N diagonal 15,0.0,580.0295390234289
TN,roof_first,strength_lateral_HX_2,T-N diagonal 16,412.0227603563655,0.0
TN,roof_first,strength_lateral_HX_2,T-N diagonal 17,0.0,706.3447778171303
TN,roof_first,strength_lateral_HX_2,T-N diagonal 18,503.8136968799617,0.0
TN,roof_first,strength_lateral_HX_2,T-N top / segment 1,0.0,1614.956891997851
TN,roof_first,strength_lateral_HX_2,T-N top / segment 2,0.0,5171.066874207679
TN,roof_first,strength_lateral_HX_2,T-N top / segment 3,6.22494049559214,0.060341061418906945
TN,roof_first,strength_lateral_HX_-2,T-N,579.5159145968273,2719.651004674034
TN,roof_first,strength_lateral_HX_-2,T-N upper east jamb,508.77337229415383,245.75006549907474
TN,roof_first,strength_lateral_HX_-2,T-N loading header,1676.7748346410704,339.2959195384875
TN,roof_first,strength_lateral_HX_-2,T-N vertical 1,647.8307340746906,0.0
TN,roof_first,strength_lateral_HX_-2,T-N vertical 2,0.0,656.4630415458813
TN,roof_first,strength_lateral_HX_-2,T-N vertical 3,227.43569771978136,0.0
TN,roof_first,strength_lateral_HX_-2,T-N vertical 4,268.5311220011264,0.0
TN,roof_first,strength_lateral_HX_-2,T-N vertical 5,0.0,138.0594879740903
TN,roof_first,strength_lateral_HX_-2,T-N diagonal 6,549.4167642624523,0.0
TN,roof_first,strength_lateral_HX_-2,T-N diagonal 7,646.9483019289977,0.0
TN,roof_first,strength_lateral_HX_-2,T-N diagonal 8,0.0,300.5653795971527
TN,roof_first,strength_lateral_HX_-2,T-N diagonal 9,71.56462575555835,0.0
TN,roof_first,strength_lateral_HX_-2,T-N vertical 10,33.78703635139653,0.0
TN,roof_first,strength_lateral_HX_-2,T-N vertical 11,0.0,14.910427774789625
TN,roof_first,strength_lateral_HX_-2,T-N vertical 12,0.0,110.64250162311718
TN,roof_first,strength_lateral_HX_-2,T-N vertical 13,0.0,51.67751089498085
TN,roof_first,strength_lateral_HX_-2,T-N vertical 14,0.0,402.164423367041
TN,roof_first,strength_lateral_HX_-2,T-N diagonal 15,864.0034214656647,0.0
TN,roof_first,strength_lateral_HX_-2,T-N diagonal 16,0.0,602.311851177672
TN,roof_first,strength_lateral_HX_-2,T-N diagonal 17,803.997741371579,0.0
TN,roof_first,strength_lateral_HX_-2,T-N diagonal 18,0.0,481.67051999206393
TN,roof_first,strength_lateral_HX_-2,T-N top / segment 1,1782.5511470272993,0.0
TN,roof_first,strength_lateral_HX_-2,T-N top / segment 2,5213.114670026821,1.776649160226959
TN,roof_first,strength_lateral_HX_-2,T-N top / segment 3,0.0,34.63257101952995
TN,roof_first,lateral_HZ,T-N,0.0,303.6261820351451
TN,roof_first,lateral_HZ,T-N upper east jamb,0.0,154.0208181352173
TN,roof_first,lateral_HZ,T-N loading header,217.09297350285357,77.84612001960181
TN,roof_first,lateral_HZ,T-N vertical 1,154.29454300277104,0.0
TN,roof_first,lateral_HZ,T-N vertical 2,0.0,33.71438350303229
TN,roof_first,lateral_HZ,T-N vertical 3,59.97646261287707,0.0
TN,roof_first,lateral_HZ,T-N vertical 4,399.759769506815,0.0
TN,roof_first,lateral_HZ,T-N vertical 5,0.0,42.26847495234974
TN,roof_first,lateral_HZ,T-N diagonal 6,128.37891435407903,0.0
TN,roof_first,lateral_HZ,T-N diagonal 7,0.0,53.565997210843
TN,roof_first,lateral_HZ,T-N diagonal 8,225.21604526766518,0.0
TN,roof_first,lateral_HZ,T-N diagonal 9,19.752234210882808,4.2191661672377805
TN,roof_first,lateral_HZ,T-N vertical 10,50.15537682082603,0.0
TN,roof_first,lateral_HZ,T-N vertical 11,0.0,7.865984264436124
TN,roof_first,lateral_HZ,T-N vertical 12,6.224384509102494,0.0
TN,roof_first,lateral_HZ,T-N vertical 13,0.0,10.226457921098998
TN,roof_first,lateral_HZ,T-N vertical 14,0.0,48.1121299566843
TN,roof_first,lateral_HZ,T-N diagonal 15,164.33525878466378,0.0
TN,roof_first,lateral_HZ,T-N diagonal 16,0.0,121.46819521743011
TN,roof_first,lateral_HZ,T-N diagonal 17,89.178584265686,0.0
TN,roof_first,lateral_HZ,T-N diagonal 18,0.0,30.936872800823586
TN,roof_first,lateral_HZ,T-N top / segment 1,41.242607984212235,0.0
TN,roof_first,lateral_HZ,T-N top / segment 2,300.8406801807232,1.1441765927174066
TN,roof_first,lateral_HZ,T-N top / segment 3,0.0,12.193075914984755
TN,roof_first,strength_lateral_HZ_1,T-N,0.0,341.0420760493817
TN,roof_first,strength_lateral_HZ_1,T-N upper east jamb,0.0,183.28798587913838
TN,roof_first,strength_lateral_HZ_1,T-N loading header,241.0768349715759,87.8644850954837
TN,roof_first,strength_lateral_HZ_1,T-N vertical 1,179.11145277284615,0.0
TN,roof_first,strength_lateral_HZ_1,T-N vertical 2,0.0,35.27690077966814
TN,roof_first,strength_lateral_HZ_1,T-N vertical 3,68.78848311852187,0.0
TN,roof_first,strength_lateral_HZ_1,T-N vertical 4,447.02139041068165,0.0
TN,roof_first,strength_lateral_HZ_1,T-N vertical 5,0.0,50.625073476414194
TN,roof_first,strength_lateral_HZ_1,T-N diagonal 6,149.05104716723613,0.0
TN,roof_first,strength_lateral_HZ_1,T-N diagonal 7,0.0,69.7357458599105
TN,roof_first,strength_lateral_HZ_1,T-N diagonal 8,278.59272764487446,0.0
TN,roof_first,strength_lateral_HZ_1,T-N diagonal 9,21.313792172067426,7.451888281677878
TN,roof_first,strength_lateral_HZ_1,T-N vertical 10,57.04507766259185,0.0
TN,roof_first,strength_lateral_HZ_1,T-N vertical 11,0.0,9.580351753993858
TN,roof_first,strength_lateral_HZ_1,T-N vertical 12,8.100312481139246,0.0
TN,roof_first,strength_lateral_HZ_1,T-N vertical 13,0.0,11.983787443984724
TN,roof_first,strength_lateral_HZ_1,T-N vertical 14,0.0,52.57417510086606
TN,roof_first,strength_lateral_HZ_1,T-N diagonal 15,188.31172942269407,0.0
TN,roof_first,strength_lateral_HZ_1,T-N diagonal 16,0.0,137.63766697453596
TN,roof_first,strength_lateral_HZ_1,T-N diagonal 17,97.62837115875176,0.0
TN,roof_first,strength_lateral_HZ_1,T-N diagonal 18,0.0,29.403664554452142
TN,roof_first,strength_lateral_HZ_1,T-N top / segment 1,55.20879226198277,0.0
TN,roof_first,strength_lateral_HZ_1,T-N top / segment 2,333.42949897804425,2.056973059444438
TN,roof_first,strength_lateral_HZ_1,T-N top / segment 3,0.0,14.560378430347585
TN,roof_first,strength_lateral_HZ_-1,T-N,3.045002458954394,307.31208520210987
TN,roof_first,strength_lateral_HZ_-1,T-N upper east jamb,0.0,229.76909440623203
TN,roof_first,strength_lateral_HZ_-1,T-N loading header,46.72940426359468,71.47419776332596
TN,roof_first,strength_lateral_HZ_-1,T-N vertical 1,118.69142728050794,0.0
TN,roof_first,strength_lateral_HZ_-1,T-N vertical 2,44.159965046372655,0.0
TN,roof_first,strength_lateral_HZ_-1,T-N vertical 3,36.9557484116159,0.0
TN,roof_first,strength_lateral_HZ_-1,T-N vertical 4,120.11794151824203,0.0
TN,roof_first,strength_lateral_HZ_-1,T-N vertical 5,0.0,49.654109892487504
TN,roof_first,strength_lateral_HZ_-1,T-N diagonal 6,99.01452963244996,0.0
TN,roof_first,strength_lateral_HZ_-1,T-N diagonal 7,0.0,124.30130240443718
TN,roof_first,strength_lateral_HZ_-1,T-N diagonal 8,361.9275042090313,0.0
TN,roof_first,strength_lateral_HZ_-1,T-N diagonal 9,0.0,31.340785354604265
TN,roof_first,strength_lateral_HZ_-1,T-N vertical 10,25.631321474043503,0.0
TN,roof_first,strength_lateral_HZ_-1,T-N vertical 11,0.0,10.992058953231204
TN,roof_first,strength_lateral_HZ_-1,T-N vertical 12,14.410826542658482,0.0
TN,roof_first,strength_lateral_HZ_-1,T-N vertical 13,0.0,9.104165313403792
TN,roof_first,strength_lateral_HZ_-1,T-N vertical 14,0.0,0.9703397799951001
TN,roof_first,strength_lateral_HZ_-1,T-N diagonal 15,99.40587212614909,0.0
TN,roof_first,strength_lateral_HZ_-1,T-N diagonal 16,0.0,56.395952466866284
TN,roof_first,strength_lateral_HZ_-1,T-N diagonal 17,3.7690232300230595,0.0
TN,roof_first,strength_lateral_HZ_-1,T-N diagonal 18,51.54624910985286,0.0
TN,roof_first,strength_lateral_HZ_-1,T-N top / segment 1,112.38547106558707,0.0
TN,roof_first,strength_lateral_HZ_-1,T-N top / segment 2,145.3343132208914,148.3000569281136
TN,roof_first,strength_lateral_HZ_-1,T-N top / segment 3,0.0,13.84725261262891
TN,roof_first,strength_lateral_HZ_2,T-N,0.0,457.5888561829279
TN,roof_first,strength_lateral_HZ_2,T-N upper east jamb,0.0,190.97296861313814
TN,roof_first,strength_lateral_HZ_2,T-N loading header,338.25054827991397,115.61879360078052
TN,roof_first,strength_lateral_HZ_2,T-N vertical 1,209.32146430187566,0.0
TN,roof_first,strength_lateral_HZ_2,T-N vertical 2,0.0,61.178702986457054
TN,roof_first,strength_lateral_HZ_2,T-N vertical 3,84.70485024663964,0.0
TN,roof_first,strength_lateral_HZ_2,T-N vertical 4,610.4731151220434,0.0
TN,roof_first,strength_lateral_HZ_2,T-N vertical 5,0.0,51.11055535327468
TN,roof_first,strength_lateral_HZ_2,T-N diagonal 6,174.0693037112941,0.0
TN,roof_first,strength_lateral_HZ_2,T-N diagonal 7,0.0,42.45296704813711
TN,roof_first,strength_lateral_HZ_2,T-N diagonal 8,236.92534035142495,0.0
TN,roof_first,strength_lateral_HZ_2,T-N diagonal 9,33.258240742387805,0.0
TN,roof_first,strength_lateral_HZ_2,T-N vertical 10,72.75195587467316,0.0
TN,roof_first,strength_lateral_HZ_2,T-N vertical 11,0.0,8.874498183079567
TN,roof_first,strength_lateral_HZ_2,T-N vertical 12,4.945055535566375,0.0
TN,roof_first,strength_lateral_HZ_2,T-N vertical 13,0.0,13.423598470249377
TN,roof_first,strength_lateral_HZ_2,T-N vertical 14,0.0,78.37609214484473
TN,roof_first,strength_lateral_HZ_2,T-N diagonal 15,232.7646570521292,0.0
TN,roof_first,strength_lateral_HZ_2,T-N diagonal 16,0.0,178.2585233441781
TN,roof_first,strength_lateral_HZ_2,T-N diagonal 17,144.55804407919757,0.0
TN,roof_first,strength_lateral_HZ_2,T-N diagonal 18,0.0,68.00659757192837
TN,roof_first,strength_lateral_HZ_2,T-N top / segment 1,26.620455279196253,14.519829334334075
TN,roof_first,strength_lateral_HZ_2,T-N top / segment 2,471.3261545200296,1.5762564026396366
TN,roof_first,strength_lateral_HZ_2,T-N top / segment 3,0.0,14.91694135752562
TN,roof_first,strength_lateral_HZ_-2,T-N,8.598267256919709,354.88326508840134
TN,roof_first,strength_lateral_HZ_-2,T-N upper east jamb,0.0,276.9112336882146
TN,roof_first,strength_lateral_HZ_-2,T-N loading header,0.0,95.42216169842392
TN,roof_first,strength_lateral_HZ_-2,T-N vertical 1,88.4814174834135,0.0
TN,roof_first,strength_lateral_HZ_-2,T-N vertical 2,70.06176556653436,0.0
TN,roof_first,strength_lateral_HZ_-2,T-N vertical 3,21.039381697796067,6.593875479853431
TN,roof_first,strength_lateral_HZ_-2,T-N vertical 4,0.0,70.9670392102925
TN,roof_first,strength_lateral_HZ_-2,T-N vertical 5,0.0,49.16862790176884
TN,roof_first,strength_lateral_HZ_-2,T-N diagonal 6,73.99627497046306,0.0
TN,roof_first,strength_lateral_HZ_-2,T-N diagonal 7,0.0,151.58407981809066
TN,roof_first,strength_lateral_HZ_-2,T-N diagonal 8,403.59488996141187,0.0
TN,roof_first,strength_lateral_HZ_-2,T-N diagonal 9,0.0,43.2852338796412
TN,roof_first,strength_lateral_HZ_-2,T-N vertical 10,9.924443264772961,0.0
TN,roof_first,strength_lateral_HZ_-2,T-N vertical 11,0.0,11.69791248938708
TN,roof_first,strength_lateral_HZ_-2,T-N vertical 12,17.566083362445106,0.0
TN,roof_first,strength_lateral_HZ_-2,T-N vertical 13,0.0,7.664354342188091
TN,roof_first,strength_lateral_HZ_-2,T-N vertical 14,24.831576298448308,0.0
TN,roof_first,strength_lateral_HZ_-2,T-N diagonal 15,54.95294612178162,0.0
TN,roof_first,strength_lateral_HZ_-2,T-N diagonal 16,0.0,15.775097523644686
TN,roof_first,strength_lateral_HZ_-2,T-N diagonal 17,0.0,46.90468980198758
TN,roof_first,strength_lateral_HZ_-2,T-N diagonal 18,90.14920631890017,0.0
TN,roof_first,strength_lateral_HZ_-2,T-N top / segment 1,140.9738048233318,0.0
TN,roof_first,strength_lateral_HZ_-2,T-N top / segment 2,167.71713346128345,288.59290390821326
TN,roof_first,strength_lateral_HZ_-2,T-N top / segment 3,0.0,13.49068956775918
TN,roof_first,basic_Droof,T-N,11.763349425630265,30.641954038628324
TN,roof_first,basic_Droof,T-N upper east jamb,7.32990477592614,2.6981270971747384
TN,roof_first,basic_Droof,T-N loading header,15.735211493797713,6.373839179453813
TN,roof_first,basic_Droof,T-N vertical 1,39.4520719782821,0.0
TN,roof_first,basic_Droof,T-N vertical 2,4.865934943286967,0.0
TN,roof_first,basic_Droof,T-N vertical 3,5.067050158022255,0.0
TN,roof_first,basic_Droof,T-N vertical 4,103.10146409247787,0.0
TN,roof_first,basic_Droof,T-N vertical 5,0.0,0.038196050055532886
TN,roof_first,basic_Droof,T-N diagonal 6,0.0,3.647276698639603
TN,roof_first,basic_Droof,T-N diagonal 7,0.0,7.7588699515977115
TN,roof_first,basic_Droof,T-N diagonal 8,0.0,6.949831378992199
TN,roof_first,basic_Droof,T-N diagonal 9,6.86890048443527,0.0
TN,roof_first,basic_Droof,T-N vertical 10,6.104568194742206,0.0
TN,roof_first,basic_Droof,T-N vertical 11,0.14657842840664342,0.0
TN,roof_first,basic_Droof,T-N vertical 12,0.5031681601785907,0.0
TN,roof_first,basic_Droof,T-N vertical 13,0.02855777192850127,0.0
TN,roof_first,basic_Droof,T-N vertical 14,0.0,4.526206077956901
TN,roof_first,basic_Droof,T-N diagonal 15,6.821434100854258,0.0
TN,roof_first,basic_Droof,T-N diagonal 16,0.0,8.166850798642681
TN,roof_first,basic_Droof,T-N diagonal 17,7.13689013678367,0.0
TN,roof_first,basic_Droof,T-N diagonal 18,0.0,7.633459202708741
TN,roof_first,basic_Droof,T-N top / segment 1,0.0,15.393523525850425
TN,roof_first,basic_Droof,T-N top / segment 2,0.0,39.86717290865851
TN,roof_first,basic_Droof,T-N top / segment 3,0.0,0.15991770448591505
TN,roof_first,basic_Dsteel,T-N,1.9915820639138104,198.84277698705458
TN,roof_first,basic_Dsteel,T-N upper east jamb,0.0,159.5190257526273
TN,roof_first,basic_Dsteel,T-N loading header,104.18406640813701,58.40925287861976
TN,roof_first,basic_Dsteel,T-N vertical 1,84.63246602705709,0.0
TN,roof_first,basic_Dsteel,T-N vertical 2,10.349195791660707,12.678518523047675
TN,roof_first,basic_Dsteel,T-N vertical 3,38.99304793170485,0.0
TN,roof_first,basic_Dsteel,T-N vertical 4,133.20660242216175,0.0
TN,roof_first,basic_Dsteel,T-N vertical 5,0.0,41.74479686433871
TN,roof_first,basic_Dsteel,T-N diagonal 6,107.00793705009539,0.0
TN,roof_first,basic_Dsteel,T-N diagonal 7,0.0,73.08989434832137
TN,roof_first,basic_Dsteel,T-N diagonal 8,273.8332553755067,0.0
TN,roof_first,basic_Dsteel,T-N diagonal 9,0.9388866778938909,23.032513700223625
TN,roof_first,basic_Dsteel,T-N vertical 10,28.343932424429653,0.0
TN,roof_first,basic_Dsteel,T-N vertical 11,0.0,8.718416120525669
TN,roof_first,basic_Dsteel,T-N vertical 12,8.876472700234181,0.0
TN,roof_first,basic_Dsteel,T-N vertical 13,0.0,8.815204931746866
TN,roof_first,basic_Dsteel,T-N vertical 14,0.0,17.784011571221285
TN,roof_first,basic_Dsteel,T-N diagonal 15,113.0609052488777,0.0
TN,roof_first,basic_Dsteel,T-N diagonal 16,0.0,72.68049545610548
TN,roof_first,basic_Dsteel,T-N diagonal 17,35.112029805989366,0.0
TN,roof_first,basic_Dsteel,T-N diagonal 18,18.41952937239296,0.0
TN,roof_first,basic_Dsteel,T-N top / segment 1,76.36783531598803,0.0
TN,roof_first,basic_Dsteel,T-N top / segment 2,180.3907398224316,0.7348138221771724
TN,roof_first,basic_Dsteel,T-N top / segment 3,0.0,11.676595206593273
TN,roof_first,basic_Dwall,T-N,1.0968257552201877e-12,143.60473420940292
TN,roof_first,basic_Dwall,T-N upper east jamb,0.0,251.3404011598341
TN,roof_first,basic_Dwall,T-N loading header,107.51875460723281,11.382344219432321
TN,roof_first,basic_Dwall,T-N vertical 1,0.0,12.710384834097018
TN,roof_first,basic_Dwall,T-N vertical 2,0.0,62.70388689549684
TN,roof_first,basic_Dwall,T-N vertical 3,0.0,30.551785822623476
TN,roof_first,basic_Dwall,T-N vertical 4,21.206312104893648,0.0
TN,roof_first,basic_Dwall,T-N vertical 5,0.31672648973744916,0.0
TN,roof_first,basic_Dwall,T-N diagonal 6,50.409312607324665,0.0
TN,roof_first,basic_Dwall,T-N diagonal 7,0.0,67.9529974201416
TN,roof_first,basic_Dwall,T-N diagonal 8,268.90254539690847,0.0
TN,roof_first,basic_Dwall,T-N diagonal 9,7.771823601841761,0.0
TN,roof_first,basic_Dwall,T-N vertical 10,29.288303469640848,0.0
TN,roof_first,basic_Dwall,T-N vertical 11,0.0,0.2680928766319305
TN,roof_first,basic_Dwall,T-N vertical 12,0.0,4.703815279889904
TN,roof_first,basic_Dwall,T-N vertical 13,0.23296731575046312,0.0
TN,roof_first,basic_Dwall,T-N vertical 14,30.632429198049405,0.0
TN,roof_first,basic_Dwall,T-N diagonal 15,42.06276663199897,0.0
TN,roof_first,basic_Dwall,T-N diagonal 16,0.0,36.81263209168084
TN,roof_first,basic_Dwall,T-N diagonal 17,45.75959078655573,0.0
TN,roof_first,basic_Dwall,T-N diagonal 18,0.0,32.99172459917875
TN,roof_first,basic_Dwall,T-N top / segment 1,77.34436806367971,0.0
TN,roof_first,basic_Dwall,T-N top / segment 2,153.38154521380395,1.0985131372644532
TN,roof_first,basic_Dwall,T-N top / segment 3,0.005899395389647831,1.2470231011458359e-11
TN,roof_first,basic_HX,T-N,1247.577852610567,404.5848170270741
TN,roof_first,basic_HX,T-N upper east jamb,35.07353116603699,345.7001614701166
TN,roof_first,basic_HX,T-N loading header,139.59287118231984,766.4358557743857
TN,roof_first,basic_HX,T-N vertical 1,0.0,249.46464597551568
TN,roof_first,basic_HX,T-N vertical 2,323.54397272682866,0.0
TN,roof_first,basic_HX,T-N vertical 3,0.0,87.28179081818384
TN,roof_first,basic_HX,T-N vertical 4,7.519271226945596,0.3230564207619945
TN,roof_first,basic_HX,T-N vertical 5,43.95994821800658,0.0
TN,roof_first,basic_HX,T-N diagonal 6,0.0,212.69198789361906
TN,roof_first,basic_HX,T-N diagonal 7,0.0,356.64181192807524
TN,roof_first,basic_HX,T-N diagonal 8,295.0711038055942,0.0
TN,roof_first,basic_HX,T-N diagonal 9,0.0,31.097689739429978
TN,roof_first,basic_HX,T-N vertical 10,3.775581478181137,0.0
TN,roof_first,basic_HX,T-N vertical 11,2.3121112241919564,0.0
TN,roof_first,basic_HX,T-N vertical 12,60.949035458142426,0.0
TN,roof_first,basic_HX,T-N vertical 13,20.566767234431275,0.0
TN,roof_first,basic_HX,T-N vertical 14,187.69608249242813,0.0
TN,roof_first,basic_HX,T-N diagonal 15,0.0,360.07230981067977
TN,roof_first,basic_HX,T-N diagonal 16,252.64777370433347,0.0
TN,roof_first,basic_HX,T-N diagonal 17,0.0,376.649726526558
TN,roof_first,basic_HX,T-N diagonal 18,245.43520419295916,0.0
TN,roof_first,basic_HX,T-N top / segment 1,0.0,849.3770098717033
TN,roof_first,basic_HX,T-N top / segment 2,0.3542521754926787,2581.6485070655567
TN,roof_first,basic_HX,T-N top / segment 3,10.214377865830166,0.0
TN,roof_first,basic_HZ,T-N,54.13935180305522,116.54677780371334
TN,roof_first,basic_HZ,T-N upper east jamb,47.142140248919866,7.684982608528883
TN,roof_first,basic_HZ,T-N loading header,97.17371159092168,27.754308014974747
TN,roof_first,basic_HZ,T-N vertical 1,30.210010930700662,0.0
TN,roof_first,basic_HZ,T-N vertical 2,0.0,25.901802811974722
TN,roof_first,basic_HZ,T-N vertical 3,15.916366868729343,0.0
TN,roof_first,basic_HZ,T-N vertical 4,163.45172238532828,0.0
TN,roof_first,basic_HZ,T-N vertical 5,0.0,0.4854818825924601
TN,roof_first,basic_HZ,T-N diagonal 6,25.018257065306205,0.0
TN,roof_first,basic_HZ,T-N diagonal 7,27.282781793922435,0.0
TN,roof_first,basic_HZ,T-N diagonal 8,0.0,41.66738983408856
TN,roof_first,basic_HZ,T-N diagonal 9,11.944448402950181,0.0
TN,roof_first,basic_HZ,T-N vertical 10,15.706877986663834,0.0
TN,roof_first,basic_HZ,T-N vertical 11,0.7058535595897963,0.0
TN,roof_first,basic_HZ,T-N vertical 12,0.0,3.1552568913399006
TN,roof_first,basic_HZ,T-N vertical 13,0.0,1.4398110026541986
TN,roof_first,basic_HZ,T-N vertical 14,0.0,25.80191658948422
TN,roof_first,basic_HZ,T-N diagonal 15,44.45292683035629,0.0
TN,roof_first,basic_HZ,T-N diagonal 16,0.0,40.62087018518526
TN,roof_first,basic_HZ,T-N diagonal 17,46.92968122941222,0.0
TN,roof_first,basic_HZ,T-N diagonal 18,0.0,38.60295787751345
TN,roof_first,basic_HZ,T-N top / segment 1,0.0,35.45939410628667
TN,roof_first,basic_HZ,T-N top / segment 2,140.41151670239674,28.89909345581164
TN,roof_first,basic_HZ,T-N top / segment 3,0.0,0.3565628992314594
TN,roof_first,basic_R20,T-N,30.550311115677655,70.19236632630813
TN,roof_first,basic_R20,T-N upper east jamb,23.06857103301417,7.314780691537345
TN,roof_first,basic_R20,T-N loading header,48.124268737060895,18.909577624229893
TN,roof_first,basic_R20,T-N vertical 1,110.56482244968309,0.0
TN,roof_first,basic_R20,T-N vertical 2,9.890609840558747,0.0
TN,roof_first,basic_R20,T-N vertical 3,14.032094243240493,0.0
TN,roof_first,basic_R20,T-N vertical 4,266.9030849966282,0.0
TN,roof_first,basic_R20,T-N vertical 5,0.12761787723620321,0.0
TN,roof_first,basic_R20,T-N diagonal 6,0.0,5.866011669343859
TN,roof_first,basic_R20,T-N diagonal 7,0.0,17.091501503122036
TN,roof_first,basic_R20,T-N diagonal 8,0.0,21.60220771143015
TN,roof_first,basic_R20,T-N diagonal 9,17.526903100292436,0.0
TN,roof_first,basic_R20,T-N vertical 10,18.071296004284708,0.0
TN,roof_first,basic_R20,T-N vertical 11,0.47479698075778076,0.0
TN,roof_first,basic_R20,T-N vertical 12,1.098613218189941,0.0
TN,roof_first,basic_R20,T-N vertical 13,0.0,0.031550840896229275
TN,roof_first,basic_R20,T-N vertical 14,0.0,13.79922651585855
TN,roof_first,basic_R20,T-N diagonal 15,21.07412388018937,0.0
TN,roof_first,basic_R20,T-N diagonal 16,0.0,24.447268330390585
TN,roof_first,basic_R20,T-N diagonal 17,22.18366470098198,0.0
TN,roof_first,basic_R20,T-N diagonal 18,0.0,22.883585223805614
TN,roof_first,basic_R20,T-N top / segment 1,0.0,49.65002903138264
TN,roof_first,basic_R20,T-N top / segment 2,0.0,103.93411463579949
TN,roof_first,basic_R20,T-N top / segment 3,0.0,0.3607875899533026
TN,roof_first,basic_U20,T-N,70.19236632630813,30.550311115677655
TN,roof_first,basic_U20,T-N upper east jamb,7.314780691537345,23.06857103301417
TN,roof_first,basic_U20,T-N loading header,18.909577624229893,48.124268737060895
TN,roof_first,basic_U20,T-N vertical 1,0.0,110.56482244968309
TN,roof_first,basic_U20,T-N vertical 2,0.0,9.890609840558747
TN,roof_first,basic_U20,T-N vertical 3,0.0,14.032094243240493
TN,roof_first,basic_U20,T-N vertical 4,0.0,266.9030849966282
TN,roof_first,basic_U20,T-N vertical 5,0.0,0.12761787723620321
TN,roof_first,basic_U20,T-N diagonal 6,5.866011669343859,0.0
TN,roof_first,basic_U20,T-N diagonal 7,17.091501503122036,0.0
TN,roof_first,basic_U20,T-N diagonal 8,21.60220771143015,0.0
TN,roof_first,basic_U20,T-N diagonal 9,0.0,17.526903100292436
TN,roof_first,basic_U20,T-N vertical 10,0.0,18.071296004284708
TN,roof_first,basic_U20,T-N vertical 11,0.0,0.47479698075778076
TN,roof_first,basic_U20,T-N vertical 12,0.0,1.098613218189941
TN,roof_first,basic_U20,T-N vertical 13,0.031550840896229275,0.0
TN,roof_first,basic_U20,T-N vertical 14,13.79922651585855,0.0
TN,roof_first,basic_U20,T-N diagonal 15,0.0,21.07412388018937
TN,roof_first,basic_U20,T-N diagonal 16,24.447268330390585,0.0
TN,roof_first,basic_U20,T-N diagonal 17,0.0,22.18366470098198
TN,roof_first,basic_U20,T-N diagonal 18,22.883585223805614,0.0
TN,roof_first,basic_U20,T-N top / segment 1,49.65002903138264,0.0
TN,roof_first,basic_U20,T-N top / segment 2,103.93411463579949,0.0
TN,roof_first,basic_U20,T-N top / segment 3,0.3607875899533026,0.0
TS,complete,service40,T-S,66.37136657436045,741.0729998250965
TS,complete,service40,T-S vertical 1,465.8478976541536,0.0
TS,complete,service40,T-S vertical 2,0.0,61.229870508161056
TS,complete,service40,T-S vertical 3,27.799819672914364,0.0
TS,complete,service40,T-S vertical 4,0.0,71.31468187849096
TS,complete,service40,T-S vertical 5,28.31735838083591,0.0
TS,complete,service40,T-S vertical 6,0.0,65.81517705751246
TS,complete,service40,T-S vertical 7,403.5075222609733,0.0
TS,complete,service40,T-S diagonal 8,533.7148277351743,0.0
TS,complete,service40,T-S diagonal 9,0.0,363.00646313197944
TS,complete,service40,T-S diagonal 10,181.6127354199302,0.0
TS,complete,service40,T-S diagonal 11,0.6174464363764283,4.746809408591308
TS,complete,service40,T-S diagonal 12,0.0,181.46307961524164
TS,complete,service40,T-S diagonal 13,358.3265985258021,0.0
TS,complete,service40,T-S top / segment 1,574.6441605771756,234.41018813477615
TS,complete,service_patches,T-S,69.831396124239,740.7560653952156
TS,complete,service_patches,T-S vertical 1,465.4110181790055,0.0
TS,complete,service_patches,T-S vertical 2,0.0,61.441434815486836
TS,complete,service_patches,T-S vertical 3,27.75424354320061,0.0
TS,complete,service_patches,T-S vertical 4,0.0,71.45627984874332
TS,complete,service_patches,T-S vertical 5,28.405042143984446,0.0
TS,complete,service_patches,T-S vertical 6,0.0,66.93904750381817
TS,complete,service_patches,T-S vertical 7,404.69600701889004,0.0
TS,complete,service_patches,T-S diagonal 8,535.0963983334982,0.0
TS,complete,service_patches,T-S diagonal 9,0.0,364.2625467282628
TS,complete,service_patches,T-S diagonal 10,183.14303455996713,0.0
TS,complete,service_patches,T-S diagonal 11,0.0,5.982581897250515
TS,complete,service_patches,T-S diagonal 12,0.0,179.88126153545898
TS,complete,service_patches,T-S diagonal 13,357.2131575132718,0.0
TS,complete,service_patches,T-S top / segment 1,586.8832857945079,226.2267345546693
TS,complete,typical30,T-S,0.0,720.4764061325766
TS,complete,typical30,T-S vertical 1,255.39662503969245,0.0
TS,complete,typical30,T-S vertical 2,0.0,61.87778000126026
TS,complete,typical30,T-S vertical 3,28.114127784907353,0.0
TS,complete,typical30,T-S vertical 4,0.0,71.48452616897872
TS,complete,typical30,T-S vertical 5,28.954112699931486,0.0
TS,complete,typical30,T-S vertical 6,0.0,64.08587508031907
TS,complete,typical30,T-S vertical 7,221.41774831665853,0.0
TS,complete,typical30,T-S diagonal 8,490.4114332071174,0.0
TS,complete,typical30,T-S diagonal 9,0.0,319.02839897220036
TS,complete,typical30,T-S diagonal 10,137.62179859939147,0.0
TS,complete,typical30,T-S diagonal 11,44.784575210869406,0.0
TS,complete,typical30,T-S diagonal 12,0.0,226.7622170015571
TS,complete,typical30,T-S diagonal 13,396.2860830082867,0.0
TS,complete,typical30,T-S top / segment 1,544.7532920699387,133.06838831007707
TS,complete,storage125_sensitivity,T-S,101.14833291840901,780.1139296699863
TS,complete,storage125_sensitivity,T-S vertical 1,476.45529287999307,0.0
TS,complete,storage125_sensitivity,T-S vertical 2,0.0,69.32813910269785
TS,complete,storage125_sensitivity,T-S vertical 3,27.96185078577343,0.0
TS,complete,storage125_sensitivity,T-S vertical 4,0.0,72.38029273408517
TS,complete,storage125_sensitivity,T-S vertical 5,28.065470628943757,0.0
TS,complete,storage125_sensitivity,T-S vertical 6,0.0,71.47596071903581
TS,complete,storage125_sensitivity,T-S vertical 7,435.99694929250484,0.0
TS,complete,storage125_sensitivity,T-S diagonal 8,569.2117536187326,0.0
TS,complete,storage125_sensitivity,T-S diagonal 9,0.0,391.2626293823027
TS,complete,storage125_sensitivity,T-S diagonal 10,212.93787947341232,0.0
TS,complete,storage125_sensitivity,T-S diagonal 11,0.0,33.875682238707434
TS,complete,storage125_sensitivity,T-S diagonal 12,0.0,149.38246855185574
TS,complete,storage125_sensitivity,T-S diagonal 13,333.6530940968904,0.0
TS,complete,storage125_sensitivity,T-S top / segment 1,707.7301966671919,196.79132144553637
TS,complete,live_only,T-S,16.36558260492691,48.25504128622651
TS,complete,live_only,T-S vertical 1,4.99170618524601,0.0
TS,complete,live_only,T-S vertical 2,0.0,3.81095367614372
TS,complete,live_only,T-S vertical 3,0.07624908611691963,0.0
TS,complete,live_only,T-S vertical 4,0.0,0.5014649060820174
TS,complete,live_only,T-S vertical 5,0.0,0.11853633443416389
TS,complete,live_only,T-S vertical 6,0.0,2.6638973290998162
TS,complete,live_only,T-S vertical 7,15.289147036807258,0.0
TS,complete,live_only,T-S diagonal 8,16.704425342863058,0.0
TS,complete,live_only,T-S diagonal 9,0.0,13.296989261325285
TS,complete,live_only,T-S diagonal 10,14.74121890099079,0.0
TS,complete,live_only,T-S diagonal 11,0.0,13.707675701469006
TS,complete,live_only,T-S diagonal 12,15.096731060172825,0.0
TS,complete,live_only,T-S diagonal 13,0.0,11.611034273231464
TS,complete,live_only,T-S top / segment 1,82.69349256152893,0.0
TS,complete,machine200,T-S,0.0,725.2365353842315
TS,complete,machine200,T-S vertical 1,256.5990783360688,0.0
TS,complete,machine200,T-S vertical 2,0.0,62.94426941327518
TS,complete,machine200,T-S vertical 3,28.136275052265493,0.0
TS,complete,machine200,T-S vertical 4,0.0,71.62381794303694
TS,complete,machine200,T-S vertical 5,28.922706200512252,0.0
TS,complete,machine200,T-S vertical 6,0.0,64.79783495317946
TS,complete,machine200,T-S vertical 7,225.54557880098756,0.0
TS,complete,machine200,T-S diagonal 8,494.71019290734654,0.0
TS,complete,machine200,T-S diagonal 9,0.0,322.37282943000884
TS,complete,machine200,T-S diagonal 10,141.36898060035296,0.0
TS,complete,machine200,T-S diagonal 11,41.324497977363016,0.0
TS,complete,machine200,T-S diagonal 12,0.0,222.92563631494636
TS,complete,machine200,T-S diagonal 13,393.35390408813595,0.0
TS,complete,machine200,T-S top / segment 1,561.6295776590083,127.62739445991612
TS,complete,uplift20_sensitivity,T-S,0.0,408.2651310834047
TS,complete,uplift20_sensitivity,T-S vertical 1,0.0,61.05275290349303
TS,complete,uplift20_sensitivity,T-S vertical 2,0.0,37.0123910860908
TS,complete,uplift20_sensitivity,T-S vertical 3,17.16753398706405,0.0
TS,complete,uplift20_sensitivity,T-S vertical 4,0.0,42.96026811956499
TS,complete,uplift20_sensitivity,T-S vertical 5,18.032928141136452,0.0
TS,complete,uplift20_sensitivity,T-S vertical 6,0.0,36.18944258830238
TS,complete,uplift20_sensitivity,T-S vertical 7,0.0,55.13805266529689
TS,complete,uplift20_sensitivity,T-S diagonal 8,247.60255555170053,0.0
TS,complete,uplift20_sensitivity,T-S diagonal 9,0.0,144.77954179267275
TS,complete,uplift20_sensitivity,T-S diagonal 10,35.63386736519643,0.0
TS,complete,uplift20_sensitivity,T-S diagonal 11,73.77944384513594,0.0
TS,complete,uplift20_sensitivity,T-S diagonal 12,0.0,184.3758458432945
TS,complete,uplift20_sensitivity,T-S diagonal 13,278.05337269499586,0.0
TS,complete,uplift20_sensitivity,T-S top / segment 1,313.087522117218,62.05994618167183
TS,complete,strength_screen,T-S,40.165297487035076,884.9268777815611
TS,complete,strength_screen,T-S vertical 1,413.8727919063011,0.0
TS,complete,strength_screen,T-S vertical 2,0.0,76.45918997217488
TS,complete,strength_screen,T-S vertical 3,33.550719003538774,0.0
TS,complete,strength_screen,T-S vertical 4,0.0,86.21141027079767
TS,complete,strength_screen,T-S vertical 5,34.49869188166517,0.0
TS,complete,strength_screen,T-S vertical 6,0.0,81.09763304159075
TS,complete,strength_screen,T-S vertical 7,367.4390298584516,0.0
TS,complete,strength_screen,T-S diagonal 8,621.9609216666352,0.0
TS,complete,strength_screen,T-S diagonal 9,0.0,414.478553446869
TS,complete,strength_screen,T-S diagonal 10,198.06625276171317,0.0
TS,complete,strength_screen,T-S diagonal 11,21.79883459499024,0.0
TS,complete,strength_screen,T-S diagonal 12,0.0,238.25361630943178
TS,complete,strength_screen,T-S diagonal 13,448.10575999788216,0.0
TS,complete,strength_screen,T-S top / segment 1,724.2437091986014,187.0798003790477
TS,complete,HB0.25,T-S,0.0,716.1618194302504
TS,complete,HB0.25,T-S vertical 1,250.93813169378325,0.0
TS,complete,HB0.25,T-S vertical 2,0.0,64.24490951276266
TS,complete,HB0.25,T-S vertical 3,28.09899569455394,0.0
TS,complete,HB0.25,T-S vertical 4,0.0,71.90553676072422
TS,complete,HB0.25,T-S vertical 5,28.84421893450566,0.0
TS,complete,HB0.25,T-S vertical 6,0.0,65.06767995859208
TS,complete,HB0.25,T-S vertical 7,223.60707487448568,0.0
TS,complete,HB0.25,T-S diagonal 8,487.27806757831206,0.0
TS,complete,HB0.25,T-S diagonal 9,0.0,313.8858326497415
TS,complete,HB0.25,T-S diagonal 10,133.65155534655096,0.0
TS,complete,HB0.25,T-S diagonal 11,49.73680287616775,0.0
TS,complete,HB0.25,T-S diagonal 12,0.0,230.80172963885624
TS,complete,HB0.25,T-S diagonal 13,400.7345945007434,0.0
TS,complete,HB0.25,T-S top / segment 1,574.8818153915871,90.34716887819637
TS,complete,HB0.5,T-S,0.0,714.22002107206
TS,complete,HB0.5,T-S vertical 1,250.51901079139995,0.0
TS,complete,HB0.5,T-S vertical 2,0.0,64.2833493454053
TS,complete,HB0.5,T-S vertical 3,28.123830894573533,0.0
TS,complete,HB0.5,T-S vertical 4,0.0,71.92525924059913
TS,complete,HB0.5,T-S vertical 5,28.990021426405693,0.0
TS,complete,HB0.5,T-S vertical 6,0.0,65.46894546558906
TS,complete,HB0.5,T-S vertical 7,221.29685108714213,0.0
TS,complete,HB0.5,T-S diagonal 8,486.6168279866053,0.0
TS,complete,HB0.5,T-S diagonal 9,0.0,313.3054985675572
TS,complete,HB0.5,T-S diagonal 10,133.0527867423108,0.0
TS,complete,HB0.5,T-S diagonal 11,50.31302813703382,0.0
TS,complete,HB0.5,T-S diagonal 12,0.0,231.46366173310335
TS,complete,HB0.5,T-S diagonal 13,400.88311157679954,0.0
TS,complete,HB0.5,T-S top / segment 1,572.5072179433421,90.8833515467296
TS,complete,HB0.75,T-S,0.0,717.4643388991426
TS,complete,HB0.75,T-S vertical 1,253.10210002095204,0.0
TS,complete,HB0.75,T-S vertical 2,0.0,63.67137383205202
TS,complete,HB0.75,T-S vertical 3,28.144775744200807,0.0
TS,complete,HB0.75,T-S vertical 4,0.0,71.79647716007945
TS,complete,HB0.75,T-S vertical 5,29.091962817711895,0.0
TS,complete,HB0.75,T-S vertical 6,0.0,65.49029657104337
TS,complete,HB0.75,T-S vertical 7,222.1526382583862,0.0
TS,complete,HB0.75,T-S diagonal 8,489.0635075364368,0.0
TS,complete,HB0.75,T-S diagonal 9,0.0,316.2199586232919
TS,complete,HB0.75,T-S diagonal 10,135.5976455858433,0.0
TS,complete,HB0.75,T-S diagonal 11,47.42271611440541,0.0
TS,complete,HB0.75,T-S diagonal 12,0.0,228.87752667473234
TS,complete,HB0.75,T-S diagonal 13,398.2472056353685,0.0
TS,complete,HB0.75,T-S top / segment 1,564.056020720145,107.4114561095856
TS,complete,HT0.25,T-S,10.058928270675926,748.1579640107011
TS,complete,HT0.25,T-S vertical 1,269.70097315187024,0.0
TS,complete,HT0.25,T-S vertical 2,0.0,63.036497982195485
TS,complete,HT0.25,T-S vertical 3,28.236263900908188,0.0
TS,complete,HT0.25,T-S vertical 4,0.0,71.36702506228414
TS,complete,HT0.25,T-S vertical 5,28.75817177889184,0.0
TS,complete,HT0.25,T-S vertical 6,0.0,64.2860940757402
TS,complete,HT0.25,T-S vertical 7,234.10317722979636,0.0
TS,complete,HT0.25,T-S diagonal 8,512.7456300724267,0.0
TS,complete,HT0.25,T-S diagonal 9,0.0,339.97865539636837
TS,complete,HT0.25,T-S diagonal 10,158.50968176712328,0.0
TS,complete,HT0.25,T-S diagonal 11,23.563927445177924,0.0
TS,complete,HT0.25,T-S diagonal 12,0.0,205.4340555244033
TS,complete,HT0.25,T-S diagonal 13,378.0859684362326,0.0
TS,complete,HT0.25,T-S top / segment 1,567.7363399304124,175.01142456090636
TS,complete,HT0.5,T-S,8.669459427926057,748.9722373949339
TS,complete,HT0.5,T-S vertical 1,267.914517813557,0.0
TS,complete,HT0.5,T-S vertical 2,0.0,62.4533528314574
TS,complete,HT0.5,T-S vertical 3,28.187985824506722,0.0
TS,complete,HT0.5,T-S vertical 4,0.0,71.31550291667135
TS,complete,HT0.5,T-S vertical 5,28.697794317319563,0.0
TS,complete,HT0.5,T-S vertical 6,0.0,64.18906730371815
TS,complete,HT0.5,T-S vertical 7,238.37240766429255,0.0
TS,complete,HT0.5,T-S diagonal 8,512.3346532305216,0.0
TS,complete,HT0.5,T-S diagonal 9,0.0,339.9379678928127
TS,complete,HT0.5,T-S diagonal 10,158.32689482523776,0.0
TS,complete,HT0.5,T-S diagonal 11,23.677602076554024,0.0
TS,complete,HT0.5,T-S diagonal 12,0.0,205.53360223273782
TS,complete,HT0.5,T-S diagonal 13,378.6054438089715,0.0
TS,complete,HT0.5,T-S top / segment 1,565.3728331128591,176.71637805359552
TS,complete,HT0.75,T-S,7.842400728646506,743.7914749036069
TS,complete,HT0.75,T-S vertical 1,262.18268349612447,0.0
TS,complete,HT0.75,T-S vertical 2,0.0,62.567400768221155
TS,complete,HT0.75,T-S vertical 3,28.210216802146107,0.0
TS,complete,HT0.75,T-S vertical 4,0.0,71.44489329610286
TS,complete,HT0.75,T-S vertical 5,28.80395566914257,0.0
TS,complete,HT0.75,T-S vertical 6,0.0,65.1146719500767
TS,complete,HT0.75,T-S vertical 7,235.94058450879,0.0
TS,complete,HT0.75,T-S diagonal 8,509.4075724748036,0.0
TS,complete,HT0.75,T-S diagonal 9,0.0,337.4415454095458
TS,complete,HT0.75,T-S diagonal 10,155.97231632472463,0.0
TS,complete,HT0.75,T-S diagonal 11,26.27972347921787,0.0
TS,complete,HT0.75,T-S diagonal 12,0.0,207.87998693617004
TS,complete,HT0.75,T-S diagonal 13,380.99201963493016,0.0
TS,complete,HT0.75,T-S top / segment 1,569.4242505042953,164.7134692748214
TS,complete,storage125_strength_sensitivity,T-S,90.27232455961578,947.8994451819552
TS,complete,storage125_strength_sensitivity,T-S vertical 1,431.5436181423252,0.0
TS,complete,storage125_strength_sensitivity,T-S vertical 2,0.0,89.07792226394857
TS,complete,storage125_strength_sensitivity,T-S vertical 3,33.88288938307396,0.0
TS,complete,storage125_strength_sensitivity,T-S vertical 4,0.0,87.68983228271254
TS,complete,storage125_strength_sensitivity,T-S vertical 5,33.95537611439785,0.0
TS,complete,storage125_strength_sensitivity,T-S vertical 6,0.0,88.35669292194899
TS,complete,storage125_strength_sensitivity,T-S vertical 7,417.5205441198329,0.0
TS,complete,storage125_strength_sensitivity,T-S diagonal 8,676.5454560602296,0.0
TS,complete,storage125_strength_sensitivity,T-S diagonal 9,0.0,457.6786412381024
TS,complete,storage125_strength_sensitivity,T-S diagonal 10,245.73796534524965,0.0
TS,complete,storage125_strength_sensitivity,T-S diagonal 11,0.0,29.2671880299615
TS,complete,storage125_strength_sensitivity,T-S diagonal 12,0.0,189.45558755562263
TS,complete,storage125_strength_sensitivity,T-S diagonal 13,410.4096979596679,0.0
TS,complete,storage125_strength_sensitivity,T-S top / segment 1,917.5988831563587,139.98290247464604
TS,complete,strength_roof,T-S,109.29679860591236,891.6976326954853
TS,complete,strength_roof,T-S vertical 1,641.2635841495453,0.0
TS,complete,strength_roof,T-S vertical 2,0.0,72.28496337870212
TS,complete,strength_roof,T-S vertical 3,33.16560851481001,0.0
TS,complete,strength_roof,T-S vertical 4,0.0,85.50084017980966
TS,complete,strength_roof,T-S vertical 5,33.849371923541455,0.0
TS,complete,strength_roof,T-S vertical 6,0.0,79.99463352355232
TS,complete,strength_roof,T-S vertical 7,553.6466829975994,0.0
TS,complete,strength_roof,T-S diagonal 8,654.1493718177168,0.0
TS,complete,strength_roof,T-S diagonal 9,0.0,450.4659338591322
TS,complete,strength_roof,T-S diagonal 10,232.63956088116305,0.0
TS,complete,strength_roof,T-S diagonal 11,0.0,20.486459517021405
TS,complete,strength_roof,T-S diagonal 12,0.0,202.58327265627452
TS,complete,strength_roof,T-S diagonal 13,417.1780239794071,0.0
TS,complete,strength_roof,T-S top / segment 1,694.9799198108725,318.9562512476085
TS,complete,strength_HB0.25,T-S,26.294586753833148,870.6746641217418
TS,complete,strength_HB0.25,T-S vertical 1,404.7425216453278,0.0
TS,complete,strength_HB0.25,T-S vertical 2,0.0,78.72221505861962
TS,complete,strength_HB0.25,T-S vertical 3,33.49600816979362,0.0
TS,complete,strength_HB0.25,T-S vertical 4,0.0,86.68444109108435
TS,complete,strength_HB0.25,T-S vertical 5,34.370276566000975,0.0
TS,complete,strength_HB0.25,T-S vertical 6,0.0,81.60296208777964
TS,complete,strength_HB0.25,T-S vertical 7,364.8262931410037,0.0
TS,complete,strength_HB0.25,T-S diagonal 8,610.2657764715997,0.0
TS,complete,strength_HB0.25,T-S diagonal 9,0.0,400.93165780177173
TS,complete,strength_HB0.25,T-S diagonal 10,185.81738202730324,0.0
TS,complete,strength_HB0.25,T-S diagonal 11,35.20546306682807,0.0
TS,complete,strength_HB0.25,T-S diagonal 12,0.0,250.75552330433558
TS,complete,strength_HB0.25,T-S diagonal 13,459.86778647310405,0.0
TS,complete,strength_HB0.25,T-S top / segment 1,747.3978117928365,125.80714268590596
TS,complete,strength_HB0.5,T-S,27.149207535786136,867.567785908439
TS,complete,strength_HB0.5,T-S vertical 1,404.07192745932053,0.0
TS,complete,strength_HB0.5,T-S vertical 2,0.0,78.78371909191816
TS,complete,strength_HB0.5,T-S vertical 3,33.53574442076641,0.0
TS,complete,strength_HB0.5,T-S vertical 4,0.0,86.71599714200039
TS,complete,strength_HB0.5,T-S vertical 5,34.60356047491316,0.0
TS,complete,strength_HB0.5,T-S vertical 6,0.0,82.24498682249789
TS,complete,strength_HB0.5,T-S vertical 7,361.1299354192546,0.0
TS,complete,strength_HB0.5,T-S diagonal 8,609.2077911571657,0.0
TS,complete,strength_HB0.5,T-S diagonal 9,0.0,400.00312072986486
TS,complete,strength_HB0.5,T-S diagonal 10,184.85935001969798,0.0
TS,complete,strength_HB0.5,T-S diagonal 11,36.127425989228065,0.0
TS,complete,strength_HB0.5,T-S diagonal 12,0.0,251.8146169667917
TS,complete,strength_HB0.5,T-S diagonal 13,460.1054160616124,0.0
TS,complete,strength_HB0.5,T-S top / segment 1,743.5984623208565,126.66502164948913
TS,complete,strength_HB0.75,T-S,31.4328379772773,872.7586949192068
TS,complete,strength_HB0.75,T-S vertical 1,408.2048706877555,0.0
TS,complete,strength_HB0.75,T-S vertical 2,0.0,77.80455807858593
TS,complete,strength_HB0.75,T-S vertical 3,33.5692562221073,0.0
TS,complete,strength_HB0.75,T-S vertical 4,0.0,86.50994575936204
TS,complete,strength_HB0.75,T-S vertical 5,34.76666674171646,0.0
TS,complete,strength_HB0.75,T-S vertical 6,0.0,82.27914864355823
TS,complete,strength_HB0.75,T-S vertical 7,362.49919477131084,0.0
TS,complete,strength_HB0.75,T-S diagonal 8,613.1224798428912,0.0
TS,complete,strength_HB0.75,T-S diagonal 9,0.0,404.66625859254606
TS,complete,strength_HB0.75,T-S diagonal 10,188.93112575856694,0.0
TS,complete,strength_HB0.75,T-S diagonal 11,31.502925011883946,0.0
TS,complete,strength_HB0.75,T-S diagonal 12,0.0,247.67679924256436
TS,complete,strength_HB0.75,T-S diagonal 13,455.887964942491,0.0
TS,complete,strength_HB0.75,T-S top / segment 1,730.0765429699738,153.1099976643366
TS,complete,strength_HT0.25,T-S,67.9226866422163,921.8685118308233
TS,complete,strength_HT0.25,T-S vertical 1,434.7630821804472,0.0
TS,complete,strength_HT0.25,T-S vertical 2,0.0,76.78875080117062
TS,complete,strength_HT0.25,T-S vertical 3,33.71563860972457,0.0
TS,complete,strength_HT0.25,T-S vertical 4,0.0,85.82282087966233
TS,complete,strength_HT0.25,T-S vertical 5,34.23260253506035,0.0
TS,complete,strength_HT0.25,T-S vertical 6,0.0,80.35242605021813
TS,complete,strength_HT0.25,T-S vertical 7,381.62004992991433,0.0
TS,complete,strength_HT0.25,T-S diagonal 8,651.013912962969,0.0
TS,complete,strength_HT0.25,T-S diagonal 9,0.0,442.680221817114
TS,complete,strength_HT0.25,T-S diagonal 10,225.59042636961703,0.0
TS,complete,strength_HT0.25,T-S diagonal 11,0.0,13.108291151437655
TS,complete,strength_HT0.25,T-S diagonal 12,0.0,210.1672018188759
TS,complete,strength_HT0.25,T-S diagonal 13,423.6299425560695,0.0
TS,complete,strength_HT0.25,T-S top / segment 1,735.9649276041503,261.27020403862565
TS,complete,strength_HT0.5,T-S,65.69943105169035,923.1713269244561
TS,complete,strength_HT0.5,T-S vertical 1,431.9047343532204,0.0
TS,complete,strength_HT0.5,T-S vertical 2,0.0,75.85572644112384
TS,complete,strength_HT0.5,T-S vertical 3,33.63839191243987,0.0
TS,complete,strength_HT0.5,T-S vertical 4,0.0,85.74038747847635
TS,complete,strength_HT0.5,T-S vertical 5,34.13599665360587,0.0
TS,complete,strength_HT0.5,T-S vertical 6,0.0,80.19718136160276
TS,complete,strength_HT0.5,T-S vertical 7,388.4508282978399,0.0
TS,complete,strength_HT0.5,T-S diagonal 8,650.3563006344755,0.0
TS,complete,strength_HT0.5,T-S diagonal 9,0.0,442.61505733852044
TS,complete,strength_HT0.5,T-S diagonal 10,225.29791033493984,0.0
TS,complete,strength_HT0.5,T-S diagonal 11,0.0,12.926348737005755
TS,complete,strength_HT0.5,T-S diagonal 12,0.0,210.32653460818432
TS,complete,strength_HT0.5,T-S diagonal 13,424.46116029103246,0.0
TS,complete,strength_HT0.5,T-S top / segment 1,732.1834854480453,263.99778671463065
TS,complete,strength_HT0.75,T-S,64.37617940205298,914.8821157869802
TS,complete,strength_HT0.75,T-S vertical 1,422.733807086994,0.0
TS,complete,strength_HT0.75,T-S vertical 2,0.0,76.03820001296644
TS,complete,strength_HT0.75,T-S vertical 3,33.673962180958355,0.0
TS,complete,strength_HT0.75,T-S vertical 4,0.0,85.94741128420422
TS,complete,strength_HT0.75,T-S vertical 5,34.305855597250336,0.0
TS,complete,strength_HT0.75,T-S vertical 6,0.0,81.67814953412629
TS,complete,strength_HT0.75,T-S vertical 7,384.55990746625895,0.0
TS,complete,strength_HT0.75,T-S diagonal 8,645.6729912726478,0.0
TS,complete,strength_HT0.75,T-S diagonal 9,0.0,438.6208072127663
TS,complete,strength_HT0.75,T-S diagonal 10,221.53060757874067,0.0
TS,complete,strength_HT0.75,T-S diagonal 11,0.0,8.762979267542889
TS,complete,strength_HT0.75,T-S diagonal 12,0.0,214.08072686766243
TS,complete,strength_HT0.75,T-S diagonal 13,428.2796586879034,0.0
TS,complete,strength_HT0.75,T-S top / segment 1,738.6656860944095,244.7932697054432
TS,complete,lateral_HX,T-S,348.00145621025445,508.3503591190696
TS,complete,lateral_HX,T-S vertical 1,174.27552783403743,0.0
TS,complete,lateral_HX,T-S vertical 2,0.0,43.58290111753604
TS,complete,lateral_HX,T-S vertical 3,22.776936040165626,0.0
TS,complete,lateral_HX,T-S vertical 4,0.0,36.80118912482654
TS,complete,lateral_HX,T-S vertical 5,21.090275045353586,0.0
TS,complete,lateral_HX,T-S vertical 6,0.0,16.331325026193856
TS,complete,lateral_HX,T-S vertical 7,261.32616096249455,0.0
TS,complete,lateral_HX,T-S diagonal 8,151.3070439857299,0.0
TS,complete,lateral_HX,T-S diagonal 9,10.989224158588803,0.0
TS,complete,lateral_HX,T-S diagonal 10,0.0,103.09472798135391
TS,complete,lateral_HX,T-S diagonal 11,239.74066579111056,0.0
TS,complete,lateral_HX,T-S diagonal 12,0.0,337.1852685807189
TS,complete,lateral_HX,T-S diagonal 13,459.4901592867898,0.0
TS,complete,lateral_HX,T-S top / segment 1,1162.8512339824483,0.0
TS,complete,strength_lateral_HX_1,T-S,264.5285114531812,559.4967739198081
TS,complete,strength_lateral_HX_1,T-S vertical 1,228.39094105696591,0.0
TS,complete,strength_lateral_HX_1,T-S vertical 2,0.0,51.36489908111413
TS,complete,strength_lateral_HX_1,T-S vertical 3,28.422965124379843,0.0
TS,complete,strength_lateral_HX_1,T-S vertical 4,0.0,43.397531004554104
TS,complete,strength_lateral_HX_1,T-S vertical 5,26.874479919780534,0.0
TS,complete,strength_lateral_HX_1,T-S vertical 6,0.0,24.45158482350773
TS,complete,strength_lateral_HX_1,T-S vertical 7,319.1424930322755,0.0
TS,complete,strength_lateral_HX_1,T-S diagonal 8,233.18823860768507,0.0
TS,complete,strength_lateral_HX_1,T-S diagonal 9,0.0,49.445067988317554
TS,complete,strength_lateral_HX_1,T-S diagonal 10,0.0,70.65994443583031
TS,complete,strength_lateral_HX_1,T-S diagonal 11,231.66013408075713,0.0
TS,complete,strength_lateral_HX_1,T-S diagonal 12,0.0,350.77106270318905
TS,complete,strength_lateral_HX_1,T-S diagonal 13,499.78452399253285,0.0
TS,complete,strength_lateral_HX_1,T-S top / segment 1,1266.5211558917931,0.0
TS,complete,strength_lateral_HX_-1,T-S,312.5079800320591,843.5412879179536
TS,complete,strength_lateral_HX_-1,T-S vertical 1,375.44579555636636,0.0
TS,complete,strength_lateral_HX_-1,T-S vertical 2,3.888328653490414,1.7938783288698148
TS,complete,strength_lateral_HX_-1,T-S vertical 3,39.022658743112345,0.0
TS,complete,strength_lateral_HX_-1,T-S vertical 4,0.0,29.32793786649557
TS,complete,strength_lateral_HX_-1,T-S vertical 5,42.844508691669404,0.0
TS,complete,strength_lateral_HX_-1,T-S vertical 6,0.0,35.1138594311866
TS,complete,strength_lateral_HX_-1,T-S vertical 7,209.87715078045383,0.0
TS,complete,strength_lateral_HX_-1,T-S diagonal 8,568.5263784176785,0.0
TS,complete,strength_lateral_HX_-1,T-S diagonal 9,0.0,465.86567366733755
TS,complete,strength_lateral_HX_-1,T-S diagonal 10,303.59940989927935,0.0
TS,complete,strength_lateral_HX_-1,T-S diagonal 11,0.0,185.62929554597414
TS,complete,strength_lateral_HX_-1,T-S diagonal 12,27.393197517759965,0.0
TS,complete,strength_lateral_HX_-1,T-S diagonal 13,110.99247317773926,0.0
TS,complete,strength_lateral_HX_-1,T-S top / segment 1,0.0,1306.1299257459937
TS,complete,strength_lateral_HX_2,T-S,775.9504143677873,786.033551762139
TS,complete,strength_lateral_HX_2,T-S vertical 1,154.8635138037846,0.0
TS,complete,strength_lateral_HX_2,T-S vertical 2,0.0,76.15040945097695
TS,complete,strength_lateral_HX_2,T-S vertical 3,23.123118323367883,0.0
TS,complete,strength_lateral_HX_2,T-S vertical 4,0.0,50.43232758164609
TS,complete,strength_lateral_HX_2,T-S vertical 5,18.889465529387824,0.0
TS,complete,strength_lateral_HX_2,T-S vertical 6,0.0,19.120447522263525
TS,complete,strength_lateral_HX_2,T-S vertical 7,373.77516415248766,0.0
TS,complete,strength_lateral_HX_2,T-S diagonal 8,65.51916862597912,0.0
TS,complete,strength_lateral_HX_2,T-S diagonal 9,165.20225295234587,0.0
TS,complete,strength_lateral_HX_2,T-S diagonal 10,0.0,254.57106510500128
TS,complete,strength_lateral_HX_2,T-S diagonal 11,437.0862894782427,0.0
TS,complete,strength_lateral_HX_2,T-S diagonal 12,0.0,536.6346823672798
TS,complete,strength_lateral_HX_2,T-S diagonal 13,694.1805494750186,0.0
TS,complete,strength_lateral_HX_2,T-S top / segment 1,2243.7023605010268,0.0
TS,complete,strength_lateral_HX_-2,T-S,658.6374597727219,1269.7371954745079
TS,complete,strength_lateral_HX_-2,T-S vertical 1,448.97322280350915,0.0
TS,complete,strength_lateral_HX_-2,T-S vertical 2,28.67383903665069,0.0
TS,complete,strength_lateral_HX_-2,T-S vertical 3,44.32250552799433,0.0
TS,complete,strength_lateral_HX_-2,T-S vertical 4,0.0,22.29314130252645
TS,complete,strength_lateral_HX_-2,T-S vertical 5,50.82952311381675,0.0
TS,complete,strength_lateral_HX_-2,T-S vertical 6,0.0,40.444996734984215
TS,complete,strength_lateral_HX_-2,T-S vertical 7,155.24447966951882,0.0
TS,complete,strength_lateral_HX_-2,T-S diagonal 8,736.1954480745337,0.0
TS,complete,strength_lateral_HX_-2,T-S diagonal 9,0.0,674.0759762646516
TS,complete,strength_lateral_HX_-2,T-S diagonal 10,487.510538851505,0.0
TS,complete,strength_lateral_HX_-2,T-S diagonal 11,0.0,391.0554637011865
TS,complete,strength_lateral_HX_-2,T-S diagonal 12,213.25681802496027,0.0
TS,complete,strength_lateral_HX_-2,T-S diagonal 13,0.0,89.84062740330045
TS,complete,strength_lateral_HX_-2,T-S top / segment 1,0.0,2485.476202910473
TS,complete,lateral_HZ,T-S,0.0,488.8947115239702
TS,complete,lateral_HZ,T-S vertical 1,236.08061856632827,0.0
TS,complete,lateral_HZ,T-S vertical 2,0.0,23.91250863691991
TS,complete,lateral_HZ,T-S vertical 3,27.169820797498485,0.0
TS,complete,lateral_HZ,T-S vertical 4,0.0,30.812060342307454
TS,complete,lateral_HZ,T-S vertical 5,27.784948959808744,0.0
TS,complete,lateral_HZ,T-S vertical 6,0.0,19.969393569637425
TS,complete,lateral_HZ,T-S vertical 7,204.75195174335985,0.0
TS,complete,lateral_HZ,T-S diagonal 8,266.8786642046007,0.0
TS,complete,lateral_HZ,T-S diagonal 9,0.0,140.75473210069327
TS,complete,lateral_HZ,T-S diagonal 10,28.518901928243956,0.0
TS,complete,lateral_HZ,T-S diagonal 11,95.224746726183,0.0
TS,complete,lateral_HZ,T-S diagonal 12,0.0,209.4469573610347
TS,complete,lateral_HZ,T-S diagonal 13,323.66565806012846,0.0
TS,complete,lateral_HZ,T-S top / segment 1,420.140591429154,28.470010712670497
TS,complete,strength_lateral_HZ_1,T-S,0.0,606.1817608314957
TS,complete,strength_lateral_HZ_1,T-S vertical 1,290.19603092881164,0.0
TS,complete,strength_lateral_HZ_1,T-S vertical 2,0.0,31.694506955991606
TS,complete,strength_lateral_HZ_1,T-S vertical 3,32.81584981817798,0.0
TS,complete,strength_lateral_HZ_1,T-S vertical 4,0.0,37.408402296075984
TS,complete,strength_lateral_HZ_1,T-S vertical 5,33.56915374360582,0.0
TS,complete,strength_lateral_HZ_1,T-S vertical 6,0.0,28.089653299825518
TS,complete,strength_lateral_HZ_1,T-S vertical 7,262.5682842728296,0.0
TS,complete,strength_lateral_HZ_1,T-S diagonal 8,348.7598567477326,0.0
TS,complete,strength_lateral_HZ_1,T-S diagonal 9,0.0,195.82483937908876
TS,complete,strength_lateral_HZ_1,T-S diagonal 10,62.0265326849597,0.0
TS,complete,strength_lateral_HZ_1,T-S diagonal 11,87.14421769921879,0.0
TS,complete,strength_lateral_HZ_1,T-S diagonal 12,0.0,223.03275396001683
TS,complete,strength_lateral_HZ_1,T-S diagonal 13,363.96002521505073,0.0
TS,complete,strength_lateral_HZ_1,T-S top / segment 1,524.2365529266148,0.0
TS,complete,strength_lateral_HZ_-1,T-S,85.95669327531941,623.9723434788476
TS,complete,strength_lateral_HZ_-1,T-S vertical 1,313.64070511450245,0.0
TS,complete,strength_lateral_HZ_-1,T-S vertical 2,0.0,21.464270675858582
TS,complete,strength_lateral_HZ_-1,T-S vertical 3,34.62977398540857,0.0
TS,complete,strength_lateral_HZ_-1,T-S vertical 4,0.0,35.31706662979137
TS,complete,strength_lateral_HZ_-1,T-S vertical 5,36.14983483557242,0.0
TS,complete,strength_lateral_HZ_-1,T-S vertical 6,0.0,31.475790916896557
TS,complete,strength_lateral_HZ_-1,T-S vertical 7,266.45136016188786,0.0
TS,complete,strength_lateral_HZ_-1,T-S diagonal 8,452.9547594419319,0.0
TS,complete,strength_lateral_HZ_-1,T-S diagonal 9,0.0,319.485901032247
TS,complete,strength_lateral_HZ_-1,T-S diagonal 10,177.35002777159497,0.0
TS,complete,strength_lateral_HZ_-1,T-S diagonal 11,0.0,41.113367465769834
TS,complete,strength_lateral_HZ_-1,T-S diagonal 12,0.0,106.78213330488153
TS,complete,strength_lateral_HZ_-1,T-S diagonal 13,246.81697293681444,0.0
TS,complete,strength_lateral_HZ_-1,T-S top / segment 1,369.6833001784448,368.55930885011503
TS,complete,strength_lateral_HZ_2,T-S,37.753408136677834,597.9493621985625
TS,complete,strength_lateral_HZ_2,T-S vertical 1,278.4736941175306,0.0
TS,complete,strength_lateral_HZ_2,T-S vertical 2,0.0,36.809624991642934
TS,complete,strength_lateral_HZ_2,T-S vertical 3,31.908887755217215,0.0
TS,complete,strength_lateral_HZ_2,T-S vertical 4,0.0,38.45407010538461
TS,complete,strength_lateral_HZ_2,T-S vertical 5,32.278813229898866,0.0
TS,complete,strength_lateral_HZ_2,T-S vertical 6,0.0,26.396584506238515
TS,complete,strength_lateral_HZ_2,T-S vertical 7,260.626746016268,0.0
TS,complete,strength_lateral_HZ_2,T-S diagonal 8,296.6624057538771,0.0
TS,complete,strength_lateral_HZ_2,T-S diagonal 9,0.0,133.9943091156002
TS,complete,strength_lateral_HZ_2,T-S diagonal 10,4.3647856034112325,2.0723175067532766
TS,complete,strength_lateral_HZ_2,T-S diagonal 11,148.05445552926375,0.0
TS,complete,strength_lateral_HZ_2,T-S diagonal 12,0.0,281.15806383746207
TS,complete,strength_lateral_HZ_2,T-S diagonal 13,422.5315509302478,0.0
TS,complete,strength_lateral_HZ_2,T-S top / segment 1,681.0748352243697,0.0
TS,complete,strength_lateral_HZ_-2,T-S,205.53488777425608,673.034736402064
TS,complete,strength_lateral_HZ_-2,T-S vertical 1,325.3630424946861,0.0
TS,complete,strength_lateral_HZ_-2,T-S vertical 2,0.0,16.349152424358195
TS,complete,strength_lateral_HZ_-2,T-S vertical 3,35.536736093826754,0.0
TS,complete,strength_lateral_HZ_-2,T-S vertical 4,0.0,34.27139876472866
TS,complete,strength_lateral_HZ_-2,T-S vertical 5,37.440175397086,0.0
TS,complete,strength_lateral_HZ_-2,T-S vertical 6,0.0,33.16885974585241
TS,complete,strength_lateral_HZ_-2,T-S vertical 7,268.39289779146213,0.0
TS,complete,strength_lateral_HZ_-2,T-S diagonal 8,505.0522111995017,0.0
TS,complete,strength_lateral_HZ_-2,T-S diagonal 9,0.0,381.3164324786918
TS,complete,strength_lateral_HZ_-2,T-S diagonal 10,235.01177581652715,0.0
TS,complete,strength_lateral_HZ_-2,T-S diagonal 11,0.0,102.0236089235425
TS,complete,strength_lateral_HZ_-2,T-S diagonal 12,0.0,48.656822436793064
TS,complete,strength_lateral_HZ_-2,T-S diagonal 13,188.24544629015492,0.0
TS,complete,strength_lateral_HZ_-2,T-S top / segment 1,302.0334713397851,610.3349758896651
TS,complete,basic_Dfloor,T-S,4.90967979529543,14.476519953248737
TS,complete,basic_Dfloor,T-S vertical 1,1.4975128266876505,0.0
TS,complete,basic_Dfloor,T-S vertical 2,0.0,1.1432857086318293
TS,complete,basic_Dfloor,T-S vertical 3,0.022874815174371132,0.0
TS,complete,basic_Dfloor,T-S vertical 4,0.0,0.15043936922324014
TS,complete,basic_Dfloor,T-S vertical 5,0.0,0.035560803460188445
TS,complete,basic_Dfloor,T-S vertical 6,0.0,0.7991692888391885
TS,complete,basic_Dfloor,T-S vertical 7,4.586743573057617,0.0
TS,complete,basic_Dfloor,T-S diagonal 8,5.011329980750604,0.0
TS,complete,basic_Dfloor,T-S diagonal 9,0.0,3.9890999094623747
TS,complete,basic_Dfloor,T-S diagonal 10,4.422368422058078,0.0
TS,complete,basic_Dfloor,T-S diagonal 11,0.0,4.1123057723096155
TS,complete,basic_Dfloor,T-S diagonal 12,4.5290221271513555,0.0
TS,complete,basic_Dfloor,T-S diagonal 13,0.0,3.4833130411927837
TS,complete,basic_Dfloor,T-S top / segment 1,24.808043366190518,0.0
TS,complete,basic_Droof,T-S,35.802440413578225,50.49894529321573
TS,complete,basic_Droof,T-S vertical 1,112.4130805500683,0.0
TS,complete,basic_Droof,T-S vertical 2,0.6699432796413519,0.0
TS,complete,basic_Droof,T-S vertical 3,0.0,0.19086390894445698
TS,complete,basic_Droof,T-S vertical 4,0.13705259908152667,0.0
TS,complete,basic_Droof,T-S vertical 5,0.0,0.3326555984774729
TS,complete,basic_Droof,T-S vertical 6,0.0,0.5249038813082495
TS,complete,basic_Droof,T-S vertical 7,95.67162839157716,0.0
TS,complete,basic_Droof,T-S diagonal 8,19.162539970594388,0.0
TS,complete,basic_Droof,T-S diagonal 9,0.0,19.668311030105226
TS,complete,basic_Droof,T-S diagonal 10,19.57763834440947,0.0
TS,complete,basic_Droof,T-S diagonal 11,0.0,19.75589354043736
TS,complete,basic_Droof,T-S diagonal 12,20.19957364762594,0.0
TS,complete,basic_Droof,T-S diagonal 13,0.0,16.883870852254542
TS,complete,basic_Droof,T-S top / segment 1,35.52816998633424,51.26186238154971
TS,complete,basic_Dsteel,T-S,0.0,489.6468011283224
TS,complete,basic_Dsteel,T-S vertical 1,135.38987520298386,0.0
TS,complete,basic_Dsteel,T-S vertical 2,0.0,19.46733375628387
TS,complete,basic_Dsteel,T-S vertical 3,28.26764679886058,0.0
TS,complete,basic_Dsteel,T-S vertical 4,0.0,29.903445095175826
TS,complete,basic_Dsteel,T-S vertical 5,29.40794510323546,0.0
TS,complete,basic_Dsteel,T-S vertical 6,0.0,21.13755848934036
TS,complete,basic_Dsteel,T-S vertical 7,111.021860932845,0.0
TS,complete,basic_Dsteel,T-S diagonal 8,299.81357514952396,0.0
TS,complete,basic_Dsteel,T-S diagonal 9,0.0,182.91695153393835
TS,complete,basic_Dsteel,T-S diagonal 10,66.6030108934109,0.0
TS,complete,basic_Dsteel,T-S diagonal 11,54.07040169129021,0.0
TS,complete,basic_Dsteel,T-S diagonal 12,0.0,171.5212210977397
TS,complete,basic_Dsteel,T-S diagonal 13,281.9780032096802,0.0
TS,complete,basic_Dsteel,T-S top / segment 1,294.84296544861513,76.28500948679073
TS,complete,basic_Dwall,T-S,15.97456240948053,203.7410753529766
TS,complete,basic_Dwall,T-S vertical 1,2.352372357576602,0.0
TS,complete,basic_Dwall,T-S vertical 2,0.0,39.07889041664397
TS,complete,basic_Dwall,T-S vertical 3,0.0,0.04271714862715464
TS,complete,basic_Dwall,T-S vertical 4,0.0,41.1915960886696
TS,complete,basic_Dwall,T-S vertical 5,0.0032857857378317617,0.0
TS,complete,basic_Dwall,T-S vertical 6,0.0,39.62631996255967
TS,complete,basic_Dwall,T-S vertical 7,0.0,1.329343264892984
TS,complete,basic_Dwall,T-S diagonal 8,153.89566990869338,0.0
TS,complete,basic_Dwall,T-S diagonal 9,0.0,102.48127819895375
TS,complete,basic_Dwall,T-S diagonal 10,35.96285415534473,0.0
TS,complete,basic_Dwall,T-S diagonal 11,24.86314547004591,0.0
TS,complete,basic_Dwall,T-S diagonal 12,0.0,91.29215485735763
TS,complete,basic_Dwall,T-S diagonal 13,143.38355605351572,0.0
TS,complete,basic_Dwall,T-S top / segment 1,176.77919560365905,24.431309353672024
TS,complete,basic_HB0.25,T-S,26.458280521998624,8.669193827715626
TS,complete,basic_HB0.25,T-S vertical 1,0.0,5.706418803965096
TS,complete,basic_HB0.25,T-S vertical 2,0.0,1.414390635702994
TS,complete,basic_HB0.25,T-S vertical 3,0.0,0.03419426208491978
TS,complete,basic_HB0.25,T-S vertical 4,0.0,0.2956442533856169
TS,complete,basic_HB0.25,T-S vertical 5,0.0,0.08025956151240529
TS,complete,basic_HB0.25,T-S vertical 6,0.0,0.3158306628144679
TS,complete,basic_HB0.25,T-S vertical 7,0.0,1.632960520630387
TS,complete,basic_HB0.25,T-S diagonal 8,0.0,7.309465497484381
TS,complete,basic_HB0.25,T-S diagonal 9,8.466809466765165,0.0
TS,complete,basic_HB0.25,T-S diagonal 10,0.0,7.655543918207986
TS,complete,basic_HB0.25,T-S diagonal 11,8.379143036076831,0.0
TS,complete,basic_HB0.25,T-S diagonal 12,0.0,7.813691580515726
TS,complete,basic_HB0.25,T-S diagonal 13,7.351267483551749,0.0
TS,complete,basic_HB0.25,T-S top / segment 1,38.295409110073805,0.0
TS,complete,basic_HB0.5,T-S,29.394751252617834,8.135053820517593
TS,complete,basic_HB0.5,T-S vertical 1,0.0,6.125539902751195
TS,complete,basic_HB0.5,T-S vertical 2,0.0,1.4528305414914249
TS,complete,basic_HB0.5,T-S vertical 3,0.0,0.009359079554962594
TS,complete,basic_HB0.5,T-S vertical 4,0.0,0.31536675447586004
TS,complete,basic_HB0.5,T-S vertical 5,0.06554290887299445,0.0
TS,complete,basic_HB0.5,T-S vertical 6,0.0,0.7170961551986279
TS,complete,basic_HB0.5,T-S vertical 7,0.0,3.9431841242152377
TS,complete,basic_HB0.5,T-S diagonal 8,0.0,7.970705419569175
TS,complete,basic_HB0.5,T-S diagonal 9,9.047144019024127,0.0
TS,complete,basic_HB0.5,T-S diagonal 10,0.0,8.254312907835773
TS,complete,basic_HB0.5,T-S diagonal 11,8.95536883440531,0.0
TS,complete,basic_HB0.5,T-S diagonal 12,0.0,8.475624074977416
TS,complete,basic_HB0.5,T-S diagonal 13,7.499786607089405,0.0
TS,complete,basic_HB0.5,T-S top / segment 1,37.75922947792696,0.08631025445016816
TS,complete,basic_HB0.75,T-S,20.0926232705446,5.457785004225658
TS,complete,basic_HB0.75,T-S vertical 1,0.0,3.5424504335547287
TS,complete,basic_HB0.75,T-S vertical 2,0.0,0.8408549259256859
TS,complete,basic_HB0.75,T-S vertical 3,0.011585792598434305,0.0
TS,complete,basic_HB0.75,T-S vertical 4,0.0,0.18658464754024925
TS,complete,basic_HB0.75,T-S vertical 5,0.16748432363998844,0.0
TS,complete,basic_HB0.75,T-S vertical 6,0.0,0.7384472886974718
TS,complete,basic_HB0.75,T-S vertical 7,0.0,3.0873970012376972
TS,complete,basic_HB0.75,T-S diagonal 8,0.0,5.524025101061829
TS,complete,basic_HB0.75,T-S diagonal 9,6.132682990225879,0.0
TS,complete,basic_HB0.75,T-S diagonal 10,0.0,5.709453197645786
TS,complete,basic_HB0.75,T-S diagonal 11,6.065055659384921,0.0
TS,complete,basic_HB0.75,T-S diagonal 12,0.0,5.88948813324175
TS,complete,basic_HB0.75,T-S diagonal 13,4.8638799440627185,0.0
TS,complete,basic_HB0.75,T-S top / segment 1,21.231120345938926,4.600847411640298
TS,complete,basic_HT0.25,T-S,17.34837190433319,60.80832335781702
TS,complete,basic_HT0.25,T-S vertical 1,13.056432214290155,0.0
TS,complete,basic_HT0.25,T-S vertical 2,0.0,0.20597519740695
TS,complete,basic_HT0.25,T-S vertical 3,0.10307482610210103,0.0
TS,complete,basic_HT0.25,T-S vertical 4,0.24286845023257053,0.0
TS,complete,basic_HT0.25,T-S vertical 5,0.0,0.1663057652051277
TS,complete,basic_HT0.25,T-S vertical 6,0.46575429888963993,0.0
TS,complete,basic_HT0.25,T-S vertical 7,8.86313707612191,0.0
TS,complete,basic_HT0.25,T-S diagonal 8,18.158122516392577,0.0
TS,complete,basic_HT0.25,T-S diagonal 9,0.0,17.626045199364565
TS,complete,basic_HT0.25,T-S diagonal 10,17.202610778087447,0.0
TS,complete,basic_HT0.25,T-S diagonal 11,0.0,17.793765005613594
TS,complete,basic_HT0.25,T-S diagonal 12,17.554011262911924,0.0
TS,complete,basic_HT0.25,T-S diagonal 13,0.0,15.29739071115987
TS,complete,basic_HT0.25,T-S top / segment 1,32.27464231594104,46.369016086584026
TS,complete,basic_HT0.5,T-S,15.958843038814987,61.00207376431726
TS,complete,basic_HT0.5,T-S vertical 1,11.26996597974517,0.0
TS,complete,basic_HT0.5,T-S vertical 2,0.3771654928924004,0.0
TS,complete,basic_HT0.5,T-S vertical 3,0.054795749093306395,0.0
TS,complete,basic_HT0.5,T-S vertical 4,0.29438945362503055,0.0
TS,complete,basic_HT0.5,T-S vertical 5,0.0,0.22668432143464917
TS,complete,basic_HT0.5,T-S vertical 6,0.5627821283022612,0.0
TS,complete,basic_HT0.5,T-S vertical 7,13.132372834143615,0.0
TS,complete,basic_HT0.5,T-S diagonal 8,17.747116427817023,0.0
TS,complete,basic_HT0.5,T-S diagonal 9,0.0,17.585321005416994
TS,complete,basic_HT0.5,T-S diagonal 10,17.019791297843938,0.0
TS,complete,basic_HT0.5,T-S diagonal 11,0.0,17.680054529997765
TS,complete,basic_HT0.5,T-S diagonal 12,17.45443149079707,0.0
TS,complete,basic_HT0.5,T-S diagonal 13,0.0,14.777883284435907
TS,complete,basic_HT0.5,T-S top / segment 1,29.488063090273222,48.07377548351155
TS,complete,basic_HT0.75,T-S,15.131797777342754,50.24340523193654
TS,complete,basic_HT0.75,T-S vertical 1,5.538134095253689,0.0
TS,complete,basic_HT0.75,T-S vertical 2,0.2631185525665485,0.0
TS,complete,basic_HT0.75,T-S vertical 3,0.07702694928227187,0.0
TS,complete,basic_HT0.75,T-S vertical 4,0.16499932803636222,0.0
TS,complete,basic_HT0.75,T-S vertical 5,0.0,0.12052272152608154
TS,complete,basic_HT0.75,T-S vertical 6,0.0,0.36282275314492934
TS,complete,basic_HT0.75,T-S vertical 7,10.700548511372364,0.0
TS,complete,basic_HT0.75,T-S diagonal 8,14.820042040443639,0.0
TS,complete,basic_HT0.75,T-S diagonal 9,0.0,15.088906804057443
TS,complete,basic_HT0.75,T-S diagonal 10,14.665220202603932,0.0
TS,complete,basic_HT0.75,T-S diagonal 11,0.0,15.077940910382821
TS,complete,basic_HT0.75,T-S diagonal 12,15.108054243621757,0.0
TS,complete,basic_HT0.75,T-S diagonal 13,0.0,12.39131166525036
TS,complete,basic_HT0.75,T-S top / segment 1,29.88190114818906,36.07091038216467
TS,complete,basic_HX,T-S,511.42190219252467,346.12948005955735
TS,complete,basic_HX,T-S vertical 1,0.0,73.52742725008638
TS,complete,basic_HX,T-S vertical 2,0.0,24.78551037916064
TS,complete,basic_HX,T-S vertical 3,0.0,5.299846805496834
TS,complete,basic_HX,T-S vertical 4,0.0,7.034796564810238
TS,complete,basic_HX,T-S vertical 5,0.0,7.985014396853572
TS,complete,basic_HX,T-S vertical 6,5.331137301944721,0.0
TS,complete,basic_HX,T-S vertical 7,54.63267112210529,0.0
TS,complete,basic_HX,T-S diagonal 8,0.0,167.66906985584086
TS,complete,basic_HX,T-S diagonal 9,208.2103027935409,0.0
TS,complete,basic_HX,T-S diagonal 10,0.0,183.91112912314338
TS,complete,basic_HX,T-S diagonal 11,205.42616830148512,0.0
TS,complete,basic_HX,T-S diagonal 12,0.0,185.86362067969196
TS,complete,basic_HX,T-S diagonal 13,194.39602534504493,0.0
TS,complete,basic_HX,T-S top / segment 1,1181.6203685472708,0.0
TS,complete,basic_HZ,T-S,142.3233990243721,119.57819338270063
TS,complete,basic_HZ,T-S vertical 1,0.0,11.722337029462647
TS,complete,basic_HZ,T-S vertical 2,0.0,5.115118111996983
TS,complete,basic_HZ,T-S vertical 3,0.0,0.9069620768819278
TS,complete,basic_HZ,T-S vertical 4,0.0,1.045667829385797
TS,complete,basic_HZ,T-S vertical 5,0.0,1.2903405353450788
TS,complete,basic_HZ,T-S vertical 6,1.6930688017372644,0.0
TS,complete,basic_HZ,T-S vertical 7,0.0,1.941537960687231
TS,complete,basic_HZ,T-S diagonal 8,0.0,52.097451199693886
TS,complete,basic_HZ,T-S diagonal 9,61.83053063064223,0.0
TS,complete,basic_HZ,T-S diagonal 10,0.0,57.66174737207752
TS,complete,basic_HZ,T-S diagonal 11,60.91024066375493,0.0
TS,complete,basic_HZ,T-S diagonal 12,0.0,58.12531029275453
TS,complete,basic_HZ,T-S diagonal 13,58.57152597063791,0.0
TS,complete,basic_HZ,T-S top / segment 1,242.6346146723266,20.12593069663127
TS,complete,basic_L125,T-S,51.14247333141027,150.7970459753027
TS,complete,basic_L125,T-S vertical 1,15.599087233031716,0.0
TS,complete,basic_L125,T-S vertical 2,0.0,11.909228047615757
TS,complete,basic_L125,T-S vertical 3,0.23827889141153769,0.0
TS,complete,basic_L125,T-S vertical 4,0.0,1.567077257779825
TS,complete,basic_L125,T-S vertical 5,0.0,0.3704255040168604
TS,complete,basic_L125,T-S vertical 6,0.0,8.324679650301263
TS,complete,basic_L125,T-S vertical 7,47.77858146944609,0.0
TS,complete,basic_L125,T-S diagonal 8,52.20134236536573,0.0
TS,complete,basic_L125,T-S diagonal 9,0.0,41.553108792916014
TS,complete,basic_L125,T-S diagonal 10,46.066324302655644,0.0
TS,complete,basic_L125,T-S diagonal 11,0.0,42.836503536201015
TS,complete,basic_L125,T-S diagonal 12,47.17730011795321,0.0
TS,complete,basic_L125,T-S diagonal 13,0.0,36.28449738829691
TS,complete,basic_L125,T-S top / segment 1,258.4171393934906,0.0
TS,complete,basic_L30,T-S,12.274195675060707,36.191294027379726
TS,complete,basic_L30,T-S vertical 1,3.7437812982033907,0.0
TS,complete,basic_L30,T-S vertical 2,0.0,2.858214582202884
TS,complete,basic_L30,T-S vertical 3,0.05718696712645069,0.0
TS,complete,basic_L30,T-S vertical 4,0.0,0.3760985043491369
TS,complete,basic_L30,T-S vertical 5,0.0,0.08890208364238926
TS,complete,basic_L30,T-S vertical 6,0.0,1.9979231515133429
TS,complete,basic_L30,T-S vertical 7,11.466859381226252,0.0
TS,complete,basic_L30,T-S diagonal 8,12.528323122826011,0.0
TS,complete,basic_L30,T-S diagonal 9,0.0,9.972747351746527
TS,complete,basic_L30,T-S diagonal 10,11.055918933032258,0.0
TS,complete,basic_L30,T-S diagonal 11,0.0,10.280762065000818
TS,complete,basic_L30,T-S diagonal 12,11.322553149105056,0.0
TS,complete,basic_L30,T-S diagonal 13,0.0,8.708280477547431
TS,complete,basic_L30,T-S top / segment 1,62.02011198770024,0.0
TS,complete,basic_L40,T-S,16.36558260492691,48.25504128622651
TS,complete,basic_L40,T-S vertical 1,4.99170618524601,0.0
TS,complete,basic_L40,T-S vertical 2,0.0,3.81095367614372
TS,complete,basic_L40,T-S vertical 3,0.07624908611691963,0.0
TS,complete,basic_L40,T-S vertical 4,0.0,0.5014649060820174
TS,complete,basic_L40,T-S vertical 5,0.0,0.11853633443416389
TS,complete,basic_L40,T-S vertical 6,0.0,2.6638973290998162
TS,complete,basic_L40,T-S vertical 7,15.289147036807258,0.0
TS,complete,basic_L40,T-S diagonal 8,16.704425342863058,0.0
TS,complete,basic_L40,T-S diagonal 9,0.0,13.296989261325285
TS,complete,basic_L40,T-S diagonal 10,14.74121890099079,0.0
TS,complete,basic_L40,T-S diagonal 11,0.0,13.707675701469006
TS,complete,basic_L40,T-S diagonal 12,15.096731060172825,0.0
TS,complete,basic_L40,T-S diagonal 13,0.0,11.611034273231464
TS,complete,basic_L40,T-S top / segment 1,82.69349256152893,0.0
TS,complete,basic_L75patch,T-S,19.82556170261805,50.788815535166044
TS,complete,basic_L75patch,T-S vertical 1,4.554816983058634,0.0
TS,complete,basic_L75patch,T-S vertical 2,0.0,4.022521927894716
TS,complete,basic_L75patch,T-S vertical 3,0.03067205615491892,0.0
TS,complete,basic_L75patch,T-S vertical 4,0.0,0.6430639047031551
TS,complete,basic_L75patch,T-S vertical 5,0.0,0.03085353193194978
TS,complete,basic_L75patch,T-S vertical 6,0.0,3.7877668731306047
TS,complete,basic_L75patch,T-S vertical 7,16.477637133783936,0.0
TS,complete,basic_L75patch,T-S diagonal 8,18.085972763340376,0.0
TS,complete,basic_L75patch,T-S diagonal 9,0.0,14.553041497452325
TS,complete,basic_L75patch,T-S diagonal 10,16.27149066767967,0.0
TS,complete,basic_L75patch,T-S diagonal 11,0.0,14.943417791431838
TS,complete,basic_L75patch,T-S diagonal 12,16.67852104257813,0.0
TS,complete,basic_L75patch,T-S diagonal 13,0.0,12.724447667456614
TS,complete,basic_L75patch,T-S top / segment 1,96.8774125673651,0.0
TS,complete,basic_P200,T-S,0.01254103995859987,0.25876580404849703
TS,complete,basic_P200,T-S vertical 1,0.0,0.04547064133253312
TS,complete,basic_P200,T-S vertical 2,0.0,0.11374990658298238
TS,complete,basic_P200,T-S vertical 3,0.003085237240760524,0.0
TS,complete,basic_P200,T-S vertical 4,0.0,0.01392527614866183
TS,complete,basic_P200,T-S vertical 5,0.0,0.0017721437557041812
TS,complete,basic_P200,T-S vertical 6,0.0,0.04598581273004814
TS,complete,basic_P200,T-S vertical 7,0.3055427975209715,0.0
TS,complete,basic_P200,T-S diagonal 8,0.12266437133855887,0.0
TS,complete,basic_P200,T-S diagonal 9,0.0,0.02019271154438179
TS,complete,basic_P200,T-S diagonal 10,0.06188614795765727,0.0
TS,complete,basic_P200,T-S diagonal 11,0.0,0.033167682857428056
TS,complete,basic_P200,T-S diagonal 12,0.06240661216088509,0.0
TS,complete,basic_P200,T-S diagonal 13,0.0,0.02942895146878053
TS,complete,basic_P200,T-S top / segment 1,1.2864628573521544,0.0
TS,complete,basic_R20,T-S,73.66078797351004,104.09831463894893
TS,complete,basic_R20,T-S vertical 1,209.2033526427359,0.0
TS,complete,basic_R20,T-S vertical 2,1.600650608121609,0.0
TS,complete,basic_R20,T-S vertical 3,0.0,0.33336977443027427
TS,complete,basic_R20,T-S vertical 4,0.2952112025728172,0.0
TS,complete,basic_R20,T-S vertical 5,0.0,0.6071195753631499
TS,complete,basic_R20,T-S vertical 6,0.0,1.0633282869793665
TS,complete,basic_R20,T-S vertical 7,178.26748411128528,0.0
TS,complete,basic_R20,T-S diagonal 8,39.12730861323776,0.0
TS,complete,basic_R20,T-S diagonal 9,0.0,40.65383933219192
TS,complete,basic_R20,T-S diagonal 10,40.30565260810104,0.0
TS,complete,basic_R20,T-S diagonal 11,0.0,40.740233038075544
TS,complete,basic_R20,T-S diagonal 12,41.52497484921599,0.0
TS,complete,basic_R20,T-S diagonal 13,0.0,35.0567458445902
TS,complete,basic_R20,T-S top / segment 1,72.34580384598458,106.43134473236236
TS,complete,basic_U20,T-S,104.09831463894893,73.66078797351004
TS,complete,basic_U20,T-S vertical 1,0.0,209.2033526427359
TS,complete,basic_U20,T-S vertical 2,0.0,1.600650608121609
TS,complete,basic_U20,T-S vertical 3,0.33336977443027427,0.0
TS,complete,basic_U20,T-S vertical 4,0.0,0.2952112025728172
TS,complete,basic_U20,T-S vertical 5,0.6071195753631499,0.0
TS,complete,basic_U20,T-S vertical 6,1.0633282869793665,0.0
TS,complete,basic_U20,T-S vertical 7,0.0,178.26748411128528
TS,complete,basic_U20,T-S diagonal 8,0.0,39.12730861323776
TS,complete,basic_U20,T-S diagonal 9,40.65383933219192,0.0
TS,complete,basic_U20,T-S diagonal 10,0.0,40.30565260810104
TS,complete,basic_U20,T-S diagonal 11,40.740233038075544,0.0
TS,complete,basic_U20,T-S diagonal 12,0.0,41.52497484921599
TS,complete,basic_U20,T-S diagonal 13,35.0567458445902,0.0
TS,complete,basic_U20,T-S top / segment 1,106.43134473236236,72.34580384598458
TS,roof_first,roof_first_service,T-S,0.0,532.2000536459111
TS,roof_first,roof_first_service,T-S vertical 1,454.3358283580888,0.0
TS,roof_first,roof_first_service,T-S vertical 2,0.0,17.651803037837652
TS,roof_first,roof_first_service,T-S vertical 3,27.838659184380884,0.0
TS,roof_first,roof_first_service,T-S vertical 4,0.0,29.24448900248496
TS,roof_first,roof_first_service,T-S vertical 5,28.664877801755562,0.0
TS,roof_first,roof_first_service,T-S vertical 6,0.0,21.551305294845953
TS,roof_first,roof_first_service,T-S vertical 7,385.663010018777,0.0
TS,roof_first,roof_first_service,T-S diagonal 8,339.2813571886323,0.0
TS,roof_first,roof_first_service,T-S diagonal 9,0.0,222.7649892214853
TS,roof_first,roof_first_service,T-S diagonal 10,105.69706851018222,0.0
TS,roof_first,roof_first_service,T-S diagonal 11,13.718003575128893,0.0
TS,roof_first,roof_first_service,T-S diagonal 12,0.0,130.85774342543013
TS,roof_first,roof_first_service,T-S diagonal 13,248.72474333545068,0.0
TS,roof_first,roof_first_service,T-S top / segment 1,294.19355269869817,195.1697179229085
TS,roof_first,strength_roof_first,T-S,0.0,646.0916252395283
TS,roof_first,strength_roof_first,T-S vertical 1,628.0093037121678,0.0
TS,roof_first,strength_roof_first,T-S vertical 2,0.0,20.801648796860185
TS,roof_first,strength_roof_first,T-S vertical 3,33.297303302093546,0.0
TS,roof_first,strength_roof_first,T-S vertical 4,0.0,34.96426967896076
TS,roof_first,strength_roof_first,T-S vertical 5,34.17553609967925,0.0
TS,roof_first,strength_roof_first,T-S vertical 6,0.0,26.11809849276297
TS,roof_first,strength_roof_first,T-S vertical 7,534.4808586140064,0.0
TS,roof_first,strength_roof_first,T-S diagonal 8,419.4639304514693,0.0
TS,roof_first,strength_roof_first,T-S diagonal 9,0.0,279.8744535764741
TS,roof_first,strength_roof_first,T-S diagonal 10,139.27195568629094,0.0
TS,roof_first,strength_roof_first,T-S diagonal 11,3.805867974358548,2.631240467937565
TS,roof_first,strength_roof_first,T-S diagonal 12,0.0,144.1572526832441
TS,roof_first,strength_roof_first,T-S diagonal 13,287.8037834277127,0.0
TS,roof_first,strength_roof_first,T-S top / segment 1,355.14972990670435,269.3544788744569
TS,roof_first,lateral_HX,T-S,333.3490777301088,506.3855211953513
TS,roof_first,lateral_HX,T-S vertical 1,169.25568877740514,0.0
TS,roof_first,lateral_HX,T-S vertical 2,0.0,43.644544102386
TS,roof_first,lateral_HX,T-S vertical 3,22.856425445987412,0.0
TS,roof_first,lateral_HX,T-S vertical 4,0.0,36.857560059173274
TS,roof_first,lateral_HX,T-S vertical 5,20.914055363825437,0.0
TS,roof_first,lateral_HX,T-S vertical 6,0.0,15.812664880408136
TS,roof_first,lateral_HX,T-S vertical 7,262.17962010810464,0.0
TS,roof_first,lateral_HX,T-S diagonal 8,154.64513880998942,0.0
TS,roof_first,lateral_HX,T-S diagonal 9,6.5731134505091875,0.0
TS,roof_first,lateral_HX,T-S diagonal 10,0.0,98.66977668565947
TS,roof_first,lateral_HX,T-S diagonal 11,235.51001400362088,0.0
TS,roof_first,lateral_HX,T-S diagonal 12,0.0,332.7510156329801
TS,roof_first,lateral_HX,T-S diagonal 13,455.24792488942836,0.0
TS,roof_first,lateral_HX,T-S top / segment 1,1173.6634021110974,0.0
TS,roof_first,strength_lateral_HX_1,T-S,302.3863640057784,569.6670994571551
TS,roof_first,strength_lateral_HX_1,T-S vertical 1,218.7196987940348,0.0
TS,roof_first,strength_lateral_HX_1,T-S vertical 2,0.0,47.365162542509246
TS,roof_first,strength_lateral_HX_1,T-S vertical 3,28.478701043842424,0.0
TS,roof_first,strength_lateral_HX_1,T-S vertical 4,0.0,42.771016514069416
TS,roof_first,strength_lateral_HX_1,T-S vertical 5,26.758189446272212,0.0
TS,roof_first,strength_lateral_HX_1,T-S vertical 6,0.0,19.99465975621137
TS,roof_first,strength_lateral_HX_1,T-S vertical 7,303.4695978431383,0.0
TS,roof_first,strength_lateral_HX_1,T-S diagonal 8,216.3382548573123,0.0
TS,roof_first,strength_lateral_HX_1,T-S diagonal 9,0.0,37.06582802350036
TS,roof_first,strength_lateral_HX_1,T-S diagonal 10,0.0,84.82095570134345
TS,roof_first,strength_lateral_HX_1,T-S diagonal 11,244.5814880587786,0.0
TS,roof_first,strength_lateral_HX_1,T-S diagonal 12,0.0,365.3585889996649
TS,roof_first,strength_lateral_HX_1,T-S diagonal 13,510.3258329662942,0.0
TS,roof_first,strength_lateral_HX_1,T-S top / segment 1,1226.7069774064792,0.0
TS,roof_first,strength_lateral_HX_-1,T-S,197.94959129672236,787.9178072353599
TS,roof_first,strength_lateral_HX_-1,T-S vertical 1,374.8484202289088,0.0
TS,roof_first,strength_lateral_HX_-1,T-S vertical 2,8.399947979973124,0.0
TS,roof_first,strength_lateral_HX_-1,T-S vertical 3,38.988606259126016,0.0
TS,roof_first,strength_lateral_HX_-1,T-S vertical 4,0.0,28.190461018840292
TS,roof_first,strength_lateral_HX_-1,T-S vertical 5,43.37141939198116,0.0
TS,roof_first,strength_lateral_HX_-1,T-S vertical 6,0.0,30.189278747716592
TS,roof_first,strength_lateral_HX_-1,T-S vertical 7,192.01013841187307,0.0
TS,roof_first,strength_lateral_HX_-1,T-S diagonal 8,523.979139639465,0.0
TS,roof_first,strength_lateral_HX_-1,T-S diagonal 9,0.0,422.23128496297664
TS,roof_first,strength_lateral_HX_-1,T-S diagonal 10,257.4439246339644,0.0
TS,roof_first,strength_lateral_HX_-1,T-S diagonal 11,0.0,142.16092003237753
TS,roof_first,strength_lateral_HX_-1,T-S diagonal 12,0.0,25.93228967496957
TS,roof_first,strength_lateral_HX_-1,T-S diagonal 13,150.6090617584696,0.0
TS,roof_first,strength_lateral_HX_-1,T-S top / segment 1,0.0,1293.351212963824
TS,roof_first,strength_lateral_HX_2,T-S,790.5490131403301,760.6146289823926
TS,roof_first,strength_lateral_HX_2,T-S vertical 1,140.6553380722123,0.0
TS,roof_first,strength_lateral_HX_2,T-S vertical 2,0.0,72.40661429142492
TS,roof_first,strength_lateral_HX_2,T-S vertical 3,23.223748465572353,0.0
TS,roof_first,strength_lateral_HX_2,T-S vertical 4,0.0,50.06129425747703
TS,roof_first,strength_lateral_HX_2,T-S vertical 5,18.451574470409557,0.0
TS,roof_first,strength_lateral_HX_2,T-S vertical 6,0.0,14.89735027792129
TS,roof_first,strength_lateral_HX_2,T-S vertical 7,359.19932755944416,0.0
TS,roof_first,strength_lateral_HX_2,T-S diagonal 8,62.51781250248874,0.0
TS,roof_first,strength_lateral_HX_2,T-S diagonal 9,161.95391844764455,0.0
TS,roof_first,strength_lateral_HX_2,T-S diagonal 10,0.0,252.73483796209334
TS,roof_first,strength_lateral_HX_2,T-S diagonal 11,434.7341323232539,0.0
TS,roof_first,strength_lateral_HX_2,T-S diagonal 12,0.0,535.071738636958
TS,roof_first,strength_lateral_HX_2,T-S diagonal 13,690.1842185761227,0.0
TS,roof_first,strength_lateral_HX_2,T-S top / segment 1,2210.7854608124508,0.0
TS,roof_first,strength_lateral_HX_-2,T-S,498.7390561458861,1162.1015836653182
TS,roof_first,strength_lateral_HX_-2,T-S vertical 1,452.91278118599536,0.0
TS,roof_first,strength_lateral_HX_-2,T-S vertical 2,33.441399814982006,0.0
TS,roof_first,strength_lateral_HX_-2,T-S vertical 3,44.24355888610629,0.0
TS,roof_first,strength_lateral_HX_-2,T-S vertical 4,0.0,20.900183218931176
TS,roof_first,strength_lateral_HX_-2,T-S vertical 5,51.678034397143755,0.0
TS,roof_first,strength_lateral_HX_-2,T-S vertical 6,0.0,35.28658826834466
TS,roof_first,strength_lateral_HX_-2,T-S vertical 7,136.2804085780244,0.0
TS,roof_first,strength_lateral_HX_-2,T-S diagonal 8,677.7995826886774,0.0
TS,roof_first,strength_lateral_HX_-2,T-S diagonal 9,0.0,614.8140142423779
TS,roof_first,strength_lateral_HX_-2,T-S diagonal 10,425.3578169728613,0.0
TS,roof_first,strength_lateral_HX_-2,T-S diagonal 11,0.0,332.31357815458466
TS,roof_first,strength_lateral_HX_-2,T-S diagonal 12,150.21788314090978,0.0
TS,roof_first,strength_lateral_HX_-2,T-S diagonal 13,0.0,35.686413169322826
TS,roof_first,strength_lateral_HX_-2,T-S top / segment 1,0.0,2457.951346324224
TS,roof_first,lateral_HZ,T-S,0.0,504.14298837617247
TS,roof_first,lateral_HZ,T-S vertical 1,236.1211454854321,0.0
TS,roof_first,lateral_HZ,T-S vertical 2,0.0,23.50222735765716
TS,roof_first,lateral_HZ,T-S vertical 3,27.190215029761568,0.0
TS,roof_first,lateral_HZ,T-S vertical 4,0.0,30.634597878205394
TS,roof_first,lateral_HZ,T-S vertical 5,27.917839582919527,0.0
TS,roof_first,lateral_HZ,T-S vertical 6,0.0,19.565811619106988
TS,roof_first,lateral_HZ,T-S vertical 7,203.50029907583942,0.0
TS,roof_first,lateral_HZ,T-S diagonal 8,260.92817376380845,0.0
TS,roof_first,lateral_HZ,T-S diagonal 9,0.0,134.51940436544243
TS,roof_first,lateral_HZ,T-S diagonal 10,21.90860684253037,0.0
TS,roof_first,lateral_HZ,T-S diagonal 11,101.36426146696823,0.0
TS,roof_first,lateral_HZ,T-S diagonal 12,0.0,216.11672505622334
TS,roof_first,lateral_HZ,T-S diagonal 13,329.5306165613248,0.0
TS,roof_first,lateral_HZ,T-S top / segment 1,421.28687333272694,46.354765079281634
TS,roof_first,strength_lateral_HZ_1,T-S,0.0,606.8224133101644
TS,roof_first,strength_lateral_HZ_1,T-S vertical 1,285.58515512056425,0.0
TS,roof_first,strength_lateral_HZ_1,T-S vertical 2,0.0,27.22284598030846
TS,roof_first,strength_lateral_HZ_1,T-S vertical 3,32.81249060769648,0.0
TS,roof_first,strength_lateral_HZ_1,T-S vertical 4,0.0,36.548054373577955
TS,roof_first,strength_lateral_HZ_1,T-S vertical 5,33.761973597521816,0.0
TS,roof_first,strength_lateral_HZ_1,T-S vertical 6,0.0,23.74780644565545
TS,roof_first,strength_lateral_HZ_1,T-S vertical 7,244.79027641044027,0.0
TS,roof_first,strength_lateral_HZ_1,T-S diagonal 8,322.62128773939503,0.0
TS,roof_first,strength_lateral_HZ_1,T-S diagonal 9,0.0,172.79416120994532
TS,roof_first,strength_lateral_HZ_1,T-S diagonal 10,36.83027658101801,0.0
TS,roof_first,strength_lateral_HZ_1,T-S diagonal 11,110.43573798688737,0.0
TS,roof_first,strength_lateral_HZ_1,T-S diagonal 12,0.0,248.72430071452123
TS,roof_first,strength_lateral_HZ_1,T-S diagonal 13,384.6085270014705,0.0
TS,roof_first,strength_lateral_HZ_1,T-S top / segment 1,474.6801878080243,53.99054479682758
TS,roof_first,strength_lateral_HZ_-1,T-S,4.8875716135080065,626.2278842728198
TS,roof_first,strength_lateral_HZ_-1,T-S vertical 1,307.98296176473275,0.0
TS,roof_first,strength_lateral_HZ_-1,T-S vertical 2,0.0,17.424576430737627
TS,roof_first,strength_lateral_HZ_-1,T-S vertical 3,34.65481651678824,0.0
TS,roof_first,strength_lateral_HZ_-1,T-S vertical 4,0.0,34.41342335810328
TS,roof_first,strength_lateral_HZ_-1,T-S vertical 5,36.36763503043576,0.0
TS,roof_first,strength_lateral_HZ_-1,T-S vertical 6,0.0,26.436131861499018
TS,roof_first,strength_lateral_HZ_-1,T-S vertical 7,250.6894607428875,0.0
TS,roof_first,strength_lateral_HZ_-1,T-S diagonal 8,417.6961012757826,0.0
TS,roof_first,strength_lateral_HZ_-1,T-S diagonal 9,0.0,286.5029446643072
TS,roof_first,strength_lateral_HZ_-1,T-S diagonal 10,142.22978319255992,0.0
TS,roof_first,strength_lateral_HZ_-1,T-S diagonal 11,0.0,8.015152437884602
TS,roof_first,strength_lateral_HZ_-1,T-S diagonal 12,0.0,142.56658441208288
TS,roof_first,strength_lateral_HZ_-1,T-S diagonal 13,276.3263740544345,0.0
TS,roof_first,strength_lateral_HZ_-1,T-S top / segment 1,273.9512163867649,360.8736238704232
TS,roof_first,strength_lateral_HZ_2,T-S,79.36571393132722,597.568275760449
TS,roof_first,strength_lateral_HZ_2,T-S vertical 1,274.38625118124617,0.0
TS,roof_first,strength_lateral_HZ_2,T-S vertical 2,0.0,32.12198100334794
TS,roof_first,strength_lateral_HZ_2,T-S vertical 3,31.89132759020228,0.0
TS,roof_first,strength_lateral_HZ_2,T-S vertical 4,0.0,37.615369937432014
TS,roof_first,strength_lateral_HZ_2,T-S vertical 5,32.459142829082104,0.0
TS,roof_first,strength_lateral_HZ_2,T-S vertical 6,0.0,22.403643682914147
TS,roof_first,strength_lateral_HZ_2,T-S vertical 7,241.84068454366079,0.0
TS,roof_first,strength_lateral_HZ_2,T-S diagonal 8,275.08387947237793,0.0
TS,roof_first,strength_lateral_HZ_2,T-S diagonal 9,0.0,115.93976752713904
TS,roof_first,strength_lateral_HZ_2,T-S diagonal 10,0.0,22.306583332818725
TS,roof_first,strength_lateral_HZ_2,T-S diagonal 11,166.44263057471576,0.0
TS,roof_first,strength_lateral_HZ_2,T-S diagonal 12,0.0,301.80316063132
TS,roof_first,strength_lateral_HZ_2,T-S diagonal 13,438.7496051999936,0.0
TS,roof_first,strength_lateral_HZ_2,T-S top / segment 1,629.0005176499479,62.166423516703
TS,roof_first,strength_lateral_HZ_-2,T-S,112.61502757376337,636.1703938938922
TS,roof_first,strength_lateral_HZ_-2,T-S vertical 1,319.1818663402241,0.0
TS,roof_first,strength_lateral_HZ_-2,T-S vertical 2,0.0,12.52544116243532
TS,roof_first,strength_lateral_HZ_-2,T-S vertical 3,35.57597957147733,0.0
TS,roof_first,strength_lateral_HZ_-2,T-S vertical 4,0.0,33.34610772677436
TS,roof_first,strength_lateral_HZ_-2,T-S vertical 5,37.67046585366676,0.0
TS,roof_first,strength_lateral_HZ_-2,T-S vertical 6,0.0,27.780294683398804
TS,roof_first,strength_lateral_HZ_-2,T-S vertical 7,253.63905219107457,0.0
TS,roof_first,strength_lateral_HZ_-2,T-S diagonal 8,465.2335108877331,0.0
TS,roof_first,strength_lateral_HZ_-2,T-S diagonal 9,0.0,343.35734015955836
TS,roof_first,strength_lateral_HZ_-2,T-S diagonal 10,194.92953982291235,0.0
TS,roof_first,strength_lateral_HZ_-2,T-S diagonal 11,0.0,64.0220492562033
TS,roof_first,strength_lateral_HZ_-2,T-S diagonal 12,0.0,89.48772287216595
TS,roof_first,strength_lateral_HZ_-2,T-S diagonal 13,222.18529428202527,0.0
TS,roof_first,strength_lateral_HZ_-2,T-S top / segment 1,201.22250940030875,592.9962060880902
TS,roof_first,basic_Droof,T-S,24.42515766619519,41.73066309350527
TS,roof_first,basic_Droof,T-S vertical 1,111.28950877749574,0.0
TS,roof_first,basic_Droof,T-S vertical 2,0.33497306920837233,0.0
TS,roof_first,basic_Droof,T-S vertical 3,0.0,0.16050040356544137
TS,roof_first,basic_Droof,T-S vertical 4,0.15014522805203256,0.0
TS,roof_first,basic_Droof,T-S vertical 5,0.0,0.3082683808910888
TS,roof_first,basic_Droof,T-S vertical 6,0.0,0.3104586888156836
TS,roof_first,basic_Droof,T-S vertical 7,96.16651598014151,0.0
TS,roof_first,basic_Droof,T-S diagonal 8,14.9959285560062,0.0
TS,roof_first,basic_Droof,T-S diagonal 9,0.0,15.012976141804625
TS,roof_first,basic_Droof,T-S diagonal 10,14.948797706983033,0.0
TS,roof_first,basic_Droof,T-S diagonal 11,0.0,15.183182745625963
TS,roof_first,basic_Droof,T-S diagonal 12,15.506460311819367,0.0
TS,roof_first,basic_Droof,T-S diagonal 13,0.0,12.66596996816186
TS,roof_first,basic_Droof,T-S top / segment 1,24.383926743541696,42.14255512159889
TS,roof_first,basic_Dsteel,T-S,0.0,504.4806223445061
TS,roof_first,basic_Dsteel,T-S vertical 1,136.03054029253718,0.0
TS,roof_first,basic_Dsteel,T-S vertical 2,0.0,18.938065650496583
TS,roof_first,basic_Dsteel,T-S vertical 3,28.27187838945198,0.0
TS,roof_first,basic_Dsteel,T-S vertical 4,0.0,29.71742758786492
TS,roof_first,basic_Dsteel,T-S vertical 5,29.528938642860364,0.0
TS,roof_first,basic_Dsteel,T-S vertical 6,0.0,20.599515612761234
TS,roof_first,basic_Dsteel,T-S vertical 7,110.28337335153932,0.0
TS,roof_first,basic_Dsteel,T-S diagonal 8,293.4696492525821,0.0
TS,roof_first,basic_Dsteel,T-S diagonal 9,0.0,176.36081718692202
TS,roof_first,basic_Dsteel,T-S diagonal 10,59.65955972895111,0.0
TS,roof_first,basic_Dsteel,T-S diagonal 11,60.54055577533033,0.0
TS,roof_first,basic_Dsteel,T-S diagonal 12,0.0,178.54432998588572
TS,roof_first,basic_Dsteel,T-S diagonal 13,288.05551259886073,0.0
TS,roof_first,basic_Dsteel,T-S top / segment 1,286.6460610023885,65.39376151559681
TS,roof_first,basic_Dwall,T-S,10.369520317785955,206.47486143267068
TS,roof_first,basic_Dwall,T-S vertical 1,1.745362289269418,0.0
TS,roof_first,basic_Dwall,T-S vertical 2,0.0,39.240230352193926
TS,roof_first,basic_Dwall,T-S vertical 3,0.0,0.01474394361816653
TS,roof_first,basic_Dwall,T-S vertical 4,0.0,41.179336844841394
TS,roof_first,basic_Dwall,T-S vertical 5,0.034666346687762445,0.0
TS,roof_first,basic_Dwall,T-S vertical 6,0.0,39.6194925685548
TS,roof_first,basic_Dwall,T-S vertical 7,0.0,1.5317472837830743
TS,roof_first,basic_Dwall,T-S diagonal 8,152.73708696746328,0.0
TS,roof_first,basic_Dwall,T-S diagonal 9,0.0,101.1346418492501
TS,roof_first,basic_Dwall,T-S diagonal 10,34.5967313536487,0.0
TS,roof_first,basic_Dwall,T-S diagonal 11,26.172400995728918,0.0
TS,roof_first,basic_Dwall,T-S diagonal 12,0.0,92.67327750402465
TS,roof_first,basic_Dwall,T-S diagonal 13,144.61686330133116,0.0
TS,roof_first,basic_Dwall,T-S top / segment 1,176.1429663336675,21.22234481263952
TS,roof_first,basic_HX,T-S,488.16264859422716,300.78946316324436
TS,roof_first,basic_HX,T-S vertical 1,0.0,78.06436076049052
TS,roof_first,basic_HX,T-S vertical 2,0.0,25.041451774157753
TS,roof_first,basic_HX,T-S vertical 3,0.0,5.2549526179406945
TS,roof_first,basic_HX,T-S vertical 4,0.0,7.290277754673912
TS,roof_first,basic_HX,T-S vertical 5,0.0,8.306614964839785
TS,roof_first,basic_HX,T-S vertical 6,5.097309493926062,0.0
TS,roof_first,basic_HX,T-S vertical 7,55.72972973510769,0.0
TS,roof_first,basic_HX,T-S diagonal 8,0.0,153.8204425794024
TS,roof_first,basic_HX,T-S diagonal 9,192.582728655314,0.0
TS,roof_first,basic_HX,T-S diagonal 10,0.0,167.9138917393369
TS,roof_first,basic_HX,T-S diagonal 11,190.15265745807548,0.0
TS,roof_first,basic_HX,T-S diagonal 12,0.0,169.7131511092104
TS,roof_first,basic_HX,T-S diagonal 13,179.858385791925,0.0
TS,roof_first,basic_HX,T-S top / segment 1,1166.4540830840383,0.0
TS,roof_first,basic_HZ,T-S,132.5709959599377,107.72745163104486
TS,roof_first,basic_HZ,T-S vertical 1,0.0,11.198903853686023
TS,roof_first,basic_HZ,T-S vertical 2,0.0,4.899134975552757
TS,roof_first,basic_HZ,T-S vertical 3,0.0,0.9211629952765737
TS,roof_first,basic_HZ,T-S vertical 4,0.0,1.0673155593526
TS,roof_first,basic_HZ,T-S vertical 5,0.0,1.302830754883065
TS,roof_first,basic_HZ,T-S vertical 6,1.3441627527365352,0.0
TS,roof_first,basic_HZ,T-S vertical 7,0.0,2.9495917199968615
TS,roof_first,basic_HZ,T-S diagonal 8,0.0,47.53740770907237
TS,roof_first,basic_HZ,T-S diagonal 9,56.854393039192814,0.0
TS,roof_first,basic_HZ,T-S diagonal 10,0.0,52.699754433761115
TS,roof_first,basic_HZ,T-S diagonal 11,56.00689441233328,0.0
TS,roof_first,basic_HZ,T-S diagonal 12,0.0,53.07885946617947
TS,roof_first,basic_HZ,T-S diagonal 13,54.14107757411963,0.0
TS,roof_first,basic_HZ,T-S top / segment 1,232.93123916304322,8.175878282206318
TS,roof_first,basic_R20,T-S,50.977195819910364,86.66496179450377
TS,roof_first,basic_R20,T-S vertical 1,207.0157794209647,0.0
TS,roof_first,basic_R20,T-S vertical 2,0.9512895658468853,0.0
TS,roof_first,basic_R20,T-S vertical 3,0.0,0.27271880061067766
TS,roof_first,basic_R20,T-S vertical 4,0.32279336999881597,0.0
TS,roof_first,basic_R20,T-S vertical 5,0.0,0.5557924662923522
TS,roof_first,basic_R20,T-S vertical 6,0.0,0.641330995748197
TS,roof_first,basic_R20,T-S vertical 7,179.21312009747766,0.0
TS,roof_first,basic_R20,T-S diagonal 8,30.81577868122575,0.0
TS,roof_first,basic_R20,T-S diagonal 9,0.0,31.39119530885474
TS,roof_first,basic_R20,T-S diagonal 10,31.088710666670565,0.0
TS,roof_first,basic_R20,T-S diagonal 11,0.0,31.639370489017956
TS,roof_first,basic_R20,T-S diagonal 12,32.180125568272295,0.0
TS,roof_first,basic_R20,T-S diagonal 13,0.0,26.66479987828076
TS,roof_first,basic_R20,T-S top / segment 1,50.038724906197956,88.39084147183286
TS,roof_first,basic_U20,T-S,86.66496179450377,50.977195819910364
TS,roof_first,basic_U20,T-S vertical 1,0.0,207.0157794209647
TS,roof_first,basic_U20,T-S vertical 2,0.0,0.9512895658468853
TS,roof_first,basic_U20,T-S vertical 3,0.27271880061067766,0.0
TS,roof_first,basic_U20,T-S vertical 4,0.0,0.32279336999881597
TS,roof_first,basic_U20,T-S vertical 5,0.5557924662923522,0.0
TS,roof_first,basic_U20,T-S vertical 6,0.641330995748197,0.0
TS,roof_first,basic_U20,T-S vertical 7,0.0,179.21312009747766
TS,roof_first,basic_U20,T-S diagonal 8,0.0,30.81577868122575
TS,roof_first,basic_U20,T-S diagonal 9,31.39119530885474,0.0
TS,roof_first,basic_U20,T-S diagonal 10,0.0,31.088710666670565
TS,roof_first,basic_U20,T-S diagonal 11,31.639370489017956,0.0
TS,roof_first,basic_U20,T-S diagonal 12,0.0,32.180125568272295
TS,roof_first,basic_U20,T-S diagonal 13,26.66479987828076,0.0
TS,roof_first,basic_U20,T-S top / segment 1,88.39084147183286,50.038724906197956
TW,complete,service40,T-W / B-WO,3793.457601258712,1922.6154981553098
TW,complete,service40,T-W vertical 1,243.61402189836173,0.0
TW,complete,service40,T-W vertical 2,409.5303166708038,0.0
TW,complete,service40,T-W vertical 3,0.0,1419.3371123064815
TW,complete,service40,T-W vertical 4,0.0,374.2988008997327
TW,complete,service40,T-W vertical 5,1035.026159823299,0.0
TW,complete,service40,T-W vertical 6,332.5463089014875,0.0
TW,complete,service40,T-W vertical 7,244.10418033153317,0.0
TW,complete,service40,T-W diagonal 8,0.0,1294.85381570042
TW,complete,service40,T-W diagonal 9,8164.36875751818,0.0
TW,complete,service40,T-W diagonal 10,1745.7676996732196,0.0
TW,complete,service40,T-W balcony header,348.28302734332186,0.0
TW,complete,service40,T-W vertical 11,0.0,814.3251457527189
TW,complete,service40,T-W vertical 12,0.0,1633.2659888593084
TW,complete,service40,T-W vertical 13,61.15200482189404,0.0
TW,complete,service40,T-W vertical 14,0.0,164.28456234097936
TW,complete,service40,T-W diagonal 15,312.4898688368299,0.0
TW,complete,service40,T-W diagonal 16,95.91486045671374,0.0
TW,complete,service40,T-W top / segment 1,1688.7228688659884,4792.417318268612
TW,complete,service40,T-W top / segment 2,840.2439390625327,160.32510146689458
TW,complete,service_patches,T-W / B-WO,3802.6144839723793,1948.0735473938976
TW,complete,service_patches,T-W vertical 1,243.61085505997673,0.0
TW,complete,service_patches,T-W vertical 2,410.19864617638063,0.0
TW,complete,service_patches,T-W vertical 3,0.0,1438.6354702182498
TW,complete,service_patches,T-W vertical 4,0.0,384.9405029958814
TW,complete,service_patches,T-W vertical 5,1037.6395346330007,0.0
TW,complete,service_patches,T-W vertical 6,328.6055461623334,0.0
TW,complete,service_patches,T-W vertical 7,268.3900437710714,0.0
TW,complete,service_patches,T-W diagonal 8,0.0,1296.7700206704103
TW,complete,service_patches,T-W diagonal 9,8216.124414993767,0.0
TW,complete,service_patches,T-W diagonal 10,1763.49616315108,0.0
TW,complete,service_patches,T-W balcony header,351.77436157369505,0.0
TW,complete,service_patches,T-W vertical 11,0.0,816.4992895663248
TW,complete,service_patches,T-W vertical 12,0.0,1638.9560424461215
TW,complete,service_patches,T-W vertical 13,62.522280390695414,0.0
TW,complete,service_patches,T-W vertical 14,0.0,146.39208998924678
TW,complete,service_patches,T-W diagonal 15,323.65573680619843,0.0
TW,complete,service_patches,T-W diagonal 16,98.15466111987982,0.0
TW,complete,service_patches,T-W top / segment 1,1714.9185341376474,4802.642228663529
TW,complete,service_patches,T-W top / segment 2,853.1616246338143,166.82523986633694
TW,complete,typical30,T-W / B-WO,2247.9756705314667,1264.4222334292026
TW,complete,typical30,T-W vertical 1,81.14667743509163,0.0
TW,complete,typical30,T-W vertical 2,191.68875422349387,0.0
TW,complete,typical30,T-W vertical 3,0.0,1192.8352020259592
TW,complete,typical30,T-W vertical 4,0.0,536.2017615658463
TW,complete,typical30,T-W vertical 5,531.3992579839232,0.0
TW,complete,typical30,T-W vertical 6,168.09397914005348,0.0
TW,complete,typical30,T-W vertical 7,137.80642540177783,0.0
TW,complete,typical30,T-W diagonal 8,0.0,732.710154260448
TW,complete,typical30,T-W diagonal 9,4998.695366569842,0.0
TW,complete,typical30,T-W diagonal 10,1270.4889173822858,0.0
TW,complete,typical30,T-W balcony header,153.82798753767972,0.0
TW,complete,typical30,T-W vertical 11,0.0,497.8509769559539
TW,complete,typical30,T-W vertical 12,0.0,949.7783706897142
TW,complete,typical30,T-W vertical 13,21.03270068607787,0.0
TW,complete,typical30,T-W vertical 14,0.0,86.0746578341922
TW,complete,typical30,T-W diagonal 15,74.52874374367376,0.0
TW,complete,typical30,T-W diagonal 16,0.0,7.102449486952616
TW,complete,typical30,T-W top / segment 1,906.2049193094701,2768.3115843316705
TW,complete,typical30,T-W top / segment 2,504.89660015127606,71.96307886045281
TW,complete,storage125_sensitivity,T-W / B-WO,5447.297248966484,3167.38243919255
TW,complete,storage125_sensitivity,T-W vertical 1,244.34984068788864,0.0
TW,complete,storage125_sensitivity,T-W vertical 2,459.831498131052,0.0
TW,complete,storage125_sensitivity,T-W vertical 3,0.0,3006.9162624106834
TW,complete,storage125_sensitivity,T-W vertical 4,0.0,1148.7629210552175
TW,complete,storage125_sensitivity,T-W vertical 5,1337.1404436579137,0.0
TW,complete,storage125_sensitivity,T-W vertical 6,535.5773671302294,0.0
TW,complete,storage125_sensitivity,T-W vertical 7,342.3322914549527,0.0
TW,complete,storage125_sensitivity,T-W diagonal 8,0.0,1765.2818112022414
TW,complete,storage125_sensitivity,T-W diagonal 9,12339.238208902425,0.0
TW,complete,storage125_sensitivity,T-W diagonal 10,3291.955648364144,0.0
TW,complete,storage125_sensitivity,T-W balcony header,345.17937074485445,0.0
TW,complete,storage125_sensitivity,T-W vertical 11,0.0,1190.2692428095784
TW,complete,storage125_sensitivity,T-W vertical 12,0.0,2275.394491644807
TW,complete,storage125_sensitivity,T-W vertical 13,68.44004186982635,0.0
TW,complete,storage125_sensitivity,T-W vertical 14,0.0,177.4555297415528
TW,complete,storage125_sensitivity,T-W diagonal 15,132.62005090577512,0.0
TW,complete,storage125_sensitivity,T-W diagonal 16,0.0,7.5528124809125305
TW,complete,storage125_sensitivity,T-W top / segment 1,2303.0194928072356,6701.6280351729065
TW,complete,storage125_sensitivity,T-W top / segment 2,1232.366410707718,195.62808236754668
TW,complete,live_only,T-W / B-WO,778.2774201980324,586.4971087307159
TW,complete,live_only,T-W vertical 1,0.34626654278081637,0.0
TW,complete,live_only,T-W vertical 2,23.67114562997576,0.0
TW,complete,live_only,T-W vertical 3,0.0,747.0960629244807
TW,complete,live_only,T-W vertical 4,0.0,364.45372549712044
TW,complete,live_only,T-W vertical 5,142.17141709621123,0.0
TW,complete,live_only,T-W vertical 6,95.54402083809099,0.0
TW,complete,live_only,T-W vertical 7,46.22497878115791,0.0
TW,complete,live_only,T-W diagonal 8,0.0,221.3778577018715
TW,complete,live_only,T-W diagonal 9,1964.6444479179634,0.0
TW,complete,live_only,T-W diagonal 10,727.6180692706739,0.0
TW,complete,live_only,T-W balcony header,80.24987934328185,1.4605537196722487
TW,complete,live_only,T-W vertical 11,0.0,176.91485794769864
TW,complete,live_only,T-W vertical 12,0.0,302.17809775031526
TW,complete,live_only,T-W vertical 13,3.429662884834462,0.0
TW,complete,live_only,T-W vertical 14,0.0,6.198119623612253
TW,complete,live_only,T-W diagonal 15,0.0,84.64462734779137
TW,complete,live_only,T-W diagonal 16,0.0,46.73448733444043
TW,complete,live_only,T-W top / segment 1,289.0842509459351,898.4533877923566
TW,complete,live_only,T-W top / segment 2,184.52830663061835,43.932324705571666
TW,complete,machine200,T-W / B-WO,2459.3113456110536,1422.1044490831518
TW,complete,machine200,T-W vertical 1,81.24390979254972,0.0
TW,complete,machine200,T-W vertical 2,198.11941700750964,0.0
TW,complete,machine200,T-W vertical 3,0.0,1394.4377675471505
TW,complete,machine200,T-W vertical 4,0.0,634.6315879491855
TW,complete,machine200,T-W vertical 5,569.9357261711116,0.0
TW,complete,machine200,T-W vertical 6,194.36448166394032,0.0
TW,complete,machine200,T-W vertical 7,149.88122214555662,0.0
TW,complete,machine200,T-W diagonal 8,0.0,792.8037134045876
TW,complete,machine200,T-W diagonal 9,5530.461576824488,0.0
TW,complete,machine200,T-W diagonal 10,1467.1667177355248,0.0
TW,complete,machine200,T-W balcony header,153.05526432047355,0.0
TW,complete,machine200,T-W vertical 11,0.0,545.8267550040317
TW,complete,machine200,T-W vertical 12,0.0,1031.6661187320171
TW,complete,machine200,T-W vertical 13,21.922813147039427,0.0
TW,complete,machine200,T-W vertical 14,0.0,88.02997388674359
TW,complete,machine200,T-W diagonal 15,51.10124277699983,0.0
TW,complete,machine200,T-W diagonal 16,0.0,19.682093593079635
TW,complete,machine200,T-W top / segment 1,984.1014041328466,3012.2134890142834
TW,complete,machine200,T-W top / segment 2,554.597009011202,77.09635435274329
TW,complete,uplift20_sensitivity,T-W / B-WO,86.80741706628545,352.3520674680024
TW,complete,uplift20_sensitivity,T-W vertical 1,0.0,113.84859231722693
TW,complete,uplift20_sensitivity,T-W vertical 2,0.0,110.69056861165852
TW,complete,uplift20_sensitivity,T-W vertical 3,0.0,339.7799900913028
TW,complete,uplift20_sensitivity,T-W vertical 4,0.0,410.7332963021734
TW,complete,uplift20_sensitivity,T-W vertical 5,0.0,213.22164132630857
TW,complete,uplift20_sensitivity,T-W vertical 6,0.0,95.66583741019102
TW,complete,uplift20_sensitivity,T-W vertical 7,0.0,46.26968637852316
TW,complete,uplift20_sensitivity,T-W diagonal 8,170.22210661887186,0.0
TW,complete,uplift20_sensitivity,T-W diagonal 9,0.0,574.7944055980064
TW,complete,uplift20_sensitivity,T-W diagonal 10,141.4910006554347,0.0
TW,complete,uplift20_sensitivity,T-W balcony header,59.57016270686266,101.86614535548941
TW,complete,uplift20_sensitivity,T-W vertical 11,53.14656585046846,0.0
TW,complete,uplift20_sensitivity,T-W vertical 12,174.05623793831484,0.0
TW,complete,uplift20_sensitivity,T-W vertical 13,0.0,28.18561794526239
TW,complete,uplift20_sensitivity,T-W vertical 14,27.804715294009416,0.0
TW,complete,uplift20_sensitivity,T-W diagonal 15,0.0,178.80916674992687
TW,complete,uplift20_sensitivity,T-W diagonal 16,0.0,93.77488541358633
TW,complete,uplift20_sensitivity,T-W top / segment 1,579.5384257767921,296.6110510247618
TW,complete,uplift20_sensitivity,T-W top / segment 2,57.27894809920412,87.29838462306955
TW,complete,strength_screen,T-W / B-WO,3932.4721768627082,2223.955540204986
TW,complete,strength_screen,T-W vertical 1,178.80371922609484,0.0
TW,complete,strength_screen,T-W vertical 2,353.6275250497182,0.0
TW,complete,strength_screen,T-W vertical 3,0.0,2005.1107910874678
TW,complete,strength_screen,T-W vertical 4,0.0,789.0782927671063
TW,complete,strength_screen,T-W vertical 5,975.4225039144568,0.0
TW,complete,strength_screen,T-W vertical 6,332.57151828053514,0.0
TW,complete,strength_screen,T-W vertical 7,283.9533029867787,0.0
TW,complete,strength_screen,T-W diagonal 8,0.0,1290.6821669428448
TW,complete,strength_screen,T-W diagonal 9,8793.75061005786,0.0
TW,complete,strength_screen,T-W diagonal 10,2208.971909779175,0.0
TW,complete,strength_screen,T-W balcony header,286.5674024105231,0.0
TW,complete,strength_screen,T-W vertical 11,0.0,860.8629081165303
TW,complete,strength_screen,T-W vertical 12,0.0,1664.3343056221572
TW,complete,strength_screen,T-W vertical 13,49.46338695687635,0.0
TW,complete,strength_screen,T-W vertical 14,0.0,117.3305388188577
TW,complete,strength_screen,T-W diagonal 15,177.6097681328448,0.0
TW,complete,strength_screen,T-W diagonal 16,22.606912059304573,0.0
TW,complete,strength_screen,T-W top / segment 1,1686.839687153062,4866.9963809007895
TW,complete,strength_screen,T-W top / segment 2,900.3218311904562,150.48932043168082
TW,complete,HB0.25,T-W / B-WO,2469.028908535281,1400.7472657014075
TW,complete,HB0.25,T-W vertical 1,80.21458638468049,0.0
TW,complete,HB0.25,T-W vertical 2,199.1153222827301,0.0
TW,complete,HB0.25,T-W vertical 3,0.0,1367.1530884799588
TW,complete,HB0.25,T-W vertical 4,0.0,625.4517993499489
TW,complete,HB0.25,T-W vertical 5,566.538475957462,0.0
TW,complete,HB0.25,T-W vertical 6,198.12594586376562,0.0
TW,complete,HB0.25,T-W vertical 7,153.38989064865817,0.0
TW,complete,HB0.25,T-W diagonal 8,0.0,792.2315741005672
TW,complete,HB0.25,T-W diagonal 9,5520.887962894469,0.0
TW,complete,HB0.25,T-W diagonal 10,1443.905819957972,0.0
TW,complete,HB0.25,T-W balcony header,125.80638774390434,0.0
TW,complete,HB0.25,T-W vertical 11,0.0,544.7495504896355
TW,complete,HB0.25,T-W vertical 12,0.0,1026.5762856087495
TW,complete,HB0.25,T-W vertical 13,20.97770893433222,0.0
TW,complete,HB0.25,T-W vertical 14,0.0,93.24204061000108
TW,complete,HB0.25,T-W diagonal 15,34.07669633850338,0.0
TW,complete,HB0.25,T-W diagonal 16,1.7876837053038792,2.3691926915393977
TW,complete,HB0.25,T-W top / segment 1,1003.464540844802,3020.2285524002623
TW,complete,HB0.25,T-W top / segment 2,568.1804775657035,57.50196962679411
TW,complete,HB0.5,T-W / B-WO,2468.208728568904,1403.5772053823443
TW,complete,HB0.5,T-W vertical 1,80.92323612355966,0.0
TW,complete,HB0.5,T-W vertical 2,199.13290034803492,0.0
TW,complete,HB0.5,T-W vertical 3,0.0,1370.2452277351606
TW,complete,HB0.5,T-W vertical 4,0.0,627.7406877053925
TW,complete,HB0.5,T-W vertical 5,568.3989409377963,0.0
TW,complete,HB0.5,T-W vertical 6,198.77892979053428,0.0
TW,complete,HB0.5,T-W vertical 7,155.34129583011372,0.0
TW,complete,HB0.5,T-W diagonal 8,0.0,793.2232912796918
TW,complete,HB0.5,T-W diagonal 9,5524.345182224643,0.0
TW,complete,HB0.5,T-W diagonal 10,1451.3145683510968,0.0
TW,complete,HB0.5,T-W balcony header,136.59739579562412,0.0
TW,complete,HB0.5,T-W vertical 11,0.0,545.2243087700397
TW,complete,HB0.5,T-W vertical 12,0.0,1029.181309846038
TW,complete,HB0.5,T-W vertical 13,21.50355748929343,0.0
TW,complete,HB0.5,T-W vertical 14,0.0,86.56899089523516
TW,complete,HB0.5,T-W diagonal 15,41.86052869106845,0.0
TW,complete,HB0.5,T-W diagonal 16,0.0,9.058997884895938
TW,complete,HB0.5,T-W top / segment 1,1001.9550672733669,3019.8588576381194
TW,complete,HB0.5,T-W top / segment 2,561.7040258505746,79.85150869588894
TW,complete,HB0.75,T-W / B-WO,2463.675706973541,1405.9308669948925
TW,complete,HB0.75,T-W vertical 1,81.35382279739764,0.0
TW,complete,HB0.75,T-W vertical 2,198.55114307533188,0.0
TW,complete,HB0.75,T-W vertical 3,0.0,1377.5297745190521
TW,complete,HB0.75,T-W vertical 4,0.0,628.0239629484643
TW,complete,HB0.75,T-W vertical 5,569.1791184993223,0.0
TW,complete,HB0.75,T-W vertical 6,197.09830928132396,0.0
TW,complete,HB0.75,T-W vertical 7,154.93740566610393,0.0
TW,complete,HB0.75,T-W diagonal 8,0.0,793.4030873166554
TW,complete,HB0.75,T-W diagonal 9,5518.791764720881,0.0
TW,complete,HB0.75,T-W diagonal 10,1455.4118369155417,0.0
TW,complete,HB0.75,T-W balcony header,147.09255396807458,0.0
TW,complete,HB0.75,T-W vertical 11,0.0,545.0176053457338
TW,complete,HB0.75,T-W vertical 12,0.0,1030.1004440385102
TW,complete,HB0.75,T-W vertical 13,21.910477611324357,0.0
TW,complete,HB0.75,T-W vertical 14,0.0,83.16252842715964
TW,complete,HB0.75,T-W diagonal 15,49.10049467985219,0.0
TW,complete,HB0.75,T-W diagonal 16,0.0,15.52436060378758
TW,complete,HB0.75,T-W top / segment 1,989.1183978430291,3015.9964252831132
TW,complete,HB0.75,T-W top / segment 2,551.6909054091195,90.42393047479666
TW,complete,HT0.25,T-W / B-WO,2929.7746213931487,1810.2366588036857
TW,complete,HT0.25,T-W vertical 1,82.50151169968196,0.0
TW,complete,HT0.25,T-W vertical 2,211.0483359249124,0.0
TW,complete,HT0.25,T-W vertical 3,0.0,1891.7158345814094
TW,complete,HT0.25,T-W vertical 4,0.0,873.2714796076144
TW,complete,HT0.25,T-W vertical 5,661.6809320426847,0.0
TW,complete,HT0.25,T-W vertical 6,250.36493602091065,0.0
TW,complete,HT0.25,T-W vertical 7,146.55654168070154,0.0
TW,complete,HT0.25,T-W diagonal 8,0.0,931.9489276240813
TW,complete,HT0.25,T-W diagonal 9,6749.469818582482,0.0
TW,complete,HT0.25,T-W diagonal 10,1950.315012648988,0.0
TW,complete,HT0.25,T-W balcony header,212.2729506655022,0.0
TW,complete,HT0.25,T-W vertical 11,0.0,657.6358568217925
TW,complete,HT0.25,T-W vertical 12,0.0,1224.4080936223397
TW,complete,HT0.25,T-W vertical 13,23.856035749717872,0.0
TW,complete,HT0.25,T-W vertical 14,0.0,109.03112842547611
TW,complete,HT0.25,T-W diagonal 15,8.155425435249109,0.0
TW,complete,HT0.25,T-W diagonal 16,0.0,75.10704983025842
TW,complete,HT0.25,T-W top / segment 1,1123.1771881951784,3560.930280623523
TW,complete,HT0.25,T-W top / segment 2,647.897426978692,85.0278619580912
TW,complete,HT0.5,T-W / B-WO,2762.0472290088924,1675.3502166374271
TW,complete,HT0.5,T-W vertical 1,81.77573790353357,0.0
TW,complete,HT0.5,T-W vertical 2,205.93796833743326,0.0
TW,complete,HT0.5,T-W vertical 3,0.0,1721.783100600942
TW,complete,HT0.5,T-W vertical 4,0.0,789.0411198827125
TW,complete,HT0.5,T-W vertical 5,629.6656543149817,0.0
TW,complete,HT0.5,T-W vertical 6,230.7645288839609,0.0
TW,complete,HT0.5,T-W vertical 7,147.53015041838788,0.0
TW,complete,HT0.5,T-W diagonal 8,0.0,882.309258247092
TW,complete,HT0.5,T-W diagonal 9,6320.294783556907,0.0
TW,complete,HT0.5,T-W diagonal 10,1781.0543830389026,0.0
TW,complete,HT0.5,T-W balcony header,185.29098575700237,0.0
TW,complete,HT0.5,T-W vertical 11,0.0,618.5550473430916
TW,complete,HT0.5,T-W vertical 12,0.0,1157.098382354774
TW,complete,HT0.5,T-W vertical 13,23.18204980393426,0.0
TW,complete,HT0.5,T-W vertical 14,0.0,101.79834463633368
TW,complete,HT0.5,T-W diagonal 15,23.45835845184857,0.0
TW,complete,HT0.5,T-W diagonal 16,0.0,55.94126808121355
TW,complete,HT0.5,T-W top / segment 1,1061.00030087626,3365.483530993345
TW,complete,HT0.5,T-W top / segment 2,613.5022226332936,80.91739085357571
TW,complete,HT0.75,T-W / B-WO,2597.691651293122,1540.5281609000874
TW,complete,HT0.75,T-W vertical 1,81.57409633631977,0.0
TW,complete,HT0.75,T-W vertical 2,201.7058335413602,0.0
TW,complete,HT0.75,T-W vertical 3,0.0,1558.3977074536808
TW,complete,HT0.75,T-W vertical 4,0.0,705.7118354859609
TW,complete,HT0.75,T-W vertical 5,597.7518371276158,0.0
TW,complete,HT0.75,T-W vertical 6,211.11195108829287,0.0
TW,complete,HT0.75,T-W vertical 7,148.44805704061616,0.0
TW,complete,HT0.75,T-W diagonal 8,0.0,833.7049432424479
TW,complete,HT0.75,T-W diagonal 9,5895.604331944244,0.0
TW,complete,HT0.75,T-W diagonal 10,1612.0229733350122,0.0
TW,complete,HT0.75,T-W balcony header,163.82431964579035,0.0
TW,complete,HT0.75,T-W vertical 11,0.0,579.6272514524651
TW,complete,HT0.75,T-W vertical 12,0.0,1090.045066816005
TW,complete,HT0.75,T-W vertical 13,22.542298082373193,0.0
TW,complete,HT0.75,T-W vertical 14,0.0,94.5937074036488
TW,complete,HT0.75,T-W diagonal 15,38.81641843579772,0.0
TW,complete,HT0.75,T-W diagonal 16,0.0,36.81051892595168
TW,complete,HT0.75,T-W top / segment 1,1015.2603428937028,3173.716304762287
TW,complete,HT0.75,T-W top / segment 2,580.192633785269,78.8510792469679
TW,complete,storage125_strength_sensitivity,T-W / B-WO,6563.964528235376,4174.8497873184815
TW,complete,storage125_strength_sensitivity,T-W vertical 1,179.98609490971344,0.0
TW,complete,storage125_strength_sensitivity,T-W vertical 2,433.04009028313226,0.0
TW,complete,storage125_strength_sensitivity,T-W vertical 3,0.0,4514.360048002968
TW,complete,storage125_strength_sensitivity,T-W vertical 4,0.0,2011.1941918036466
TW,complete,storage125_strength_sensitivity,T-W vertical 5,1454.6239443898087,0.0
TW,complete,storage125_strength_sensitivity,T-W vertical 6,663.7264234292156,0.0
TW,complete,storage125_strength_sensitivity,T-W vertical 7,402.26087948516147,0.0
TW,complete,storage125_strength_sensitivity,T-W diagonal 8,0.0,2040.3010045921253
TW,complete,storage125_strength_sensitivity,T-W diagonal 9,15390.732608340248,0.0
TW,complete,storage125_strength_sensitivity,T-W diagonal 10,4654.507091860373,0.0
TW,complete,storage125_strength_sensitivity,T-W balcony header,450.3824843822312,0.0
TW,complete,storage125_strength_sensitivity,T-W vertical 11,0.0,1458.8948178284652
TW,complete,storage125_strength_sensitivity,T-W vertical 12,0.0,2682.6357926373394
TW,complete,storage125_strength_sensitivity,T-W vertical 13,58.93180291861662,0.0
TW,complete,storage125_strength_sensitivity,T-W vertical 14,0.0,167.03206645647
TW,complete,storage125_strength_sensitivity,T-W diagonal 15,0.0,133.03137687623334
TW,complete,storage125_strength_sensitivity,T-W diagonal 16,0.0,144.86213356185925
TW,complete,storage125_strength_sensitivity,T-W top / segment 1,2627.8013793932423,7905.373575512878
TW,complete,storage125_strength_sensitivity,T-W top / segment 2,1507.0496036183263,196.5737744555147
TW,complete,strength_roof,T-W / B-WO,4946.015466668248,2420.1421795613005
TW,complete,strength_roof,T-W vertical 1,357.21671571628605,0.0
TW,complete,strength_roof,T-W vertical 2,572.1399923888187,0.0
TW,complete,strength_roof,T-W vertical 3,0.0,1588.9748283999827
TW,complete,strength_roof,T-W vertical 4,0.0,285.70298799166045
TW,complete,strength_roof,T-W vertical 5,1403.4440887659853,0.0
TW,complete,strength_roof,T-W vertical 6,432.2325250818213,0.0
TW,complete,strength_roof,T-W vertical 7,345.862469892881,0.0
TW,complete,strength_roof,T-W diagonal 8,0.0,1714.1848604873771
TW,complete,strength_roof,T-W diagonal 9,10525.874139819174,0.0
TW,complete,strength_roof,T-W diagonal 10,2084.4758600533405,0.0
TW,complete,strength_roof,T-W balcony header,499.65113706870466,0.0
TW,complete,strength_roof,T-W vertical 11,0.0,1052.8795148348913
TW,complete,strength_roof,T-W vertical 12,0.0,2148.3508325616167
TW,complete,strength_roof,T-W vertical 13,89.77150228829173,0.0
TW,complete,strength_roof,T-W vertical 14,0.0,208.6735499291966
TW,complete,strength_roof,T-W diagonal 15,506.73153990244185,0.0
TW,complete,strength_roof,T-W diagonal 16,170.9021487925491,0.0
TW,complete,strength_roof,T-W top / segment 1,2278.946172224267,6301.232272566053
TW,complete,strength_roof,T-W top / segment 2,1099.9909612750055,229.2510540715568
TW,complete,strength_HB0.25,T-W / B-WO,3974.846383514691,2207.7665212910583
TW,complete,strength_HB0.25,T-W vertical 1,177.17386681664175,0.0
TW,complete,strength_HB0.25,T-W vertical 2,356.0415753787081,0.0
TW,complete,strength_HB0.25,T-W vertical 3,0.0,1985.1809850002744
TW,complete,strength_HB0.25,T-W vertical 4,0.0,786.0968608164239
TW,complete,strength_HB0.25,T-W vertical 5,974.7766862282674,0.0
TW,complete,strength_HB0.25,T-W vertical 6,342.4050568738241,0.0
TW,complete,strength_HB0.25,T-W vertical 7,290.3968568696167,0.0
TW,complete,strength_HB0.25,T-W diagonal 8,0.0,1297.3652937593265
TW,complete,strength_HB0.25,T-W diagonal 9,8843.401011020624,0.0
TW,complete,strength_HB0.25,T-W diagonal 10,2195.3918075119386,0.0
TW,complete,strength_HB0.25,T-W balcony header,242.3170630840929,0.0
TW,complete,strength_HB0.25,T-W vertical 11,0.0,865.1346833224627
TW,complete,strength_HB0.25,T-W vertical 12,0.0,1666.3397337381682
TW,complete,strength_HB0.25,T-W vertical 13,48.00353502920179,0.0
TW,complete,strength_HB0.25,T-W vertical 14,0.0,126.31910160543248
TW,complete,strength_HB0.25,T-W diagonal 15,146.744340521048,0.0
TW,complete,strength_HB0.25,T-W diagonal 16,48.873868450884615,0.0
TW,complete,strength_HB0.25,T-W top / segment 1,1726.8227222275423,4910.682714780084
TW,complete,strength_HB0.25,T-W top / segment 2,927.7647067373152,120.70631111443544
TW,complete,strength_HB0.5,T-W / B-WO,3973.5340926260333,2212.2944250245196
TW,complete,strength_HB0.5,T-W vertical 1,178.30770633839086,0.0
TW,complete,strength_HB0.5,T-W vertical 2,356.06970040575806,0.0
TW,complete,strength_HB0.5,T-W vertical 3,0.0,1990.1284072527485
TW,complete,strength_HB0.5,T-W vertical 4,0.0,789.7590837134355
TW,complete,strength_HB0.5,T-W vertical 5,977.7534295132991,0.0
TW,complete,strength_HB0.5,T-W vertical 6,343.44983061943924,0.0
TW,complete,strength_HB0.5,T-W vertical 7,293.5191041593996,0.0
TW,complete,strength_HB0.5,T-W diagonal 8,0.0,1298.952040112818
TW,complete,strength_HB0.5,T-W diagonal 9,8848.932558201768,0.0
TW,complete,strength_HB0.5,T-W diagonal 10,2207.245805406567,0.0
TW,complete,strength_HB0.5,T-W balcony header,259.5826770434374,0.0
TW,complete,strength_HB0.5,T-W vertical 11,0.0,865.894295479439
TW,complete,strength_HB0.5,T-W vertical 12,0.0,1670.5077685502108
TW,complete,strength_HB0.5,T-W vertical 13,48.844892611911646,0.0
TW,complete,strength_HB0.5,T-W vertical 14,0.0,115.64222389213275
TW,complete,strength_HB0.5,T-W diagonal 15,159.19847440774544,0.0
TW,complete,strength_HB0.5,T-W diagonal 16,38.17019362436593,0.0
TW,complete,strength_HB0.5,T-W top / segment 1,1724.4075723838139,4910.0911991308985
TW,complete,strength_HB0.5,T-W top / segment 2,917.4023899109499,156.46556896407495
TW,complete,strength_HB0.75,T-W / B-WO,3966.281256686303,2216.060286052077
TW,complete,strength_HB0.75,T-W vertical 1,178.99664499784944,0.0
TW,complete,strength_HB0.75,T-W vertical 2,355.1388886792352,0.0
TW,complete,strength_HB0.75,T-W vertical 3,0.0,2001.7836823438224
TW,complete,strength_HB0.75,T-W vertical 4,0.0,790.2123235219944
TW,complete,strength_HB0.75,T-W vertical 5,979.0017137641445,0.0
TW,complete,strength_HB0.75,T-W vertical 6,340.76083803958124,0.0
TW,complete,strength_HB0.75,T-W vertical 7,292.87288022780183,0.0
TW,complete,strength_HB0.75,T-W diagonal 8,0.0,1299.2397133840939
TW,complete,strength_HB0.75,T-W diagonal 9,8840.047091740762,0.0
TW,complete,strength_HB0.75,T-W diagonal 10,2213.801434450451,0.0
TW,complete,strength_HB0.75,T-W balcony header,276.3749284320254,0.0
TW,complete,strength_HB0.75,T-W vertical 11,0.0,865.5635704476708
TW,complete,strength_HB0.75,T-W vertical 12,0.0,1671.9783857974974
TW,complete,strength_HB0.75,T-W vertical 13,49.49596479209144,0.0
TW,complete,strength_HB0.75,T-W vertical 14,0.0,110.19188285083692
TW,complete,strength_HB0.75,T-W diagonal 15,170.78241746315098,0.0
TW,complete,strength_HB0.75,T-W diagonal 16,27.82562117602758,0.0
TW,complete,strength_HB0.75,T-W top / segment 1,1703.8688991302276,4903.911306196089
TW,complete,strength_HB0.75,T-W top / segment 2,901.3813953734527,173.3814453383543
TW,complete,strength_HT0.25,T-W / B-WO,4712.039598955132,2862.949530657897
TW,complete,strength_HT0.25,T-W vertical 1,180.83294870822033,0.0
TW,complete,strength_HT0.25,T-W vertical 2,375.1343949299982,0.0
TW,complete,strength_HT0.25,T-W vertical 3,0.0,2824.481389661334
TW,complete,strength_HT0.25,T-W vertical 4,0.0,1182.608317179914
TW,complete,strength_HT0.25,T-W vertical 5,1127.0046305787105,0.0
TW,complete,strength_HT0.25,T-W vertical 6,425.98745004713015,0.0
TW,complete,strength_HT0.25,T-W vertical 7,279.46351936035575,0.0
TW,complete,strength_HT0.25,T-W diagonal 8,0.0,1520.9130874963032
TW,complete,strength_HT0.25,T-W diagonal 9,10809.132055581236,0.0
TW,complete,strength_HT0.25,T-W diagonal 10,3005.646509396798,0.0
TW,complete,strength_HT0.25,T-W balcony header,338.0465032481302,0.0
TW,complete,strength_HT0.25,T-W vertical 11,0.0,1045.7527886954376
TW,complete,strength_HT0.25,T-W vertical 12,0.0,1982.870653593547
TW,complete,strength_HT0.25,T-W vertical 13,52.60886024794668,0.0
TW,complete,strength_HT0.25,T-W vertical 14,0.0,151.58161801685878
TW,complete,strength_HT0.25,T-W diagonal 15,105.27031984167894,0.0
TW,complete,strength_HT0.25,T-W diagonal 16,0.0,72.49503174981317
TW,complete,strength_HT0.25,T-W top / segment 1,1918.3627914400024,5775.805578970753
TW,complete,strength_HT0.25,T-W top / segment 2,1055.3117060124455,164.74783737100935
TW,complete,strength_HT0.5,T-W / B-WO,4443.6756645464175,2647.131253487388
TW,complete,strength_HT0.5,T-W vertical 1,179.67170864734328,0.0
TW,complete,strength_HT0.5,T-W vertical 2,366.9578098484596,0.0
TW,complete,strength_HT0.5,T-W vertical 3,0.0,2552.588999970917
TW,complete,strength_HT0.5,T-W vertical 4,0.0,1047.8397855425055
TW,complete,strength_HT0.5,T-W vertical 5,1075.7801658873923,0.0
TW,complete,strength_HT0.5,T-W vertical 6,394.6267862687075,0.0
TW,complete,strength_HT0.5,T-W vertical 7,281.0212645534349,0.0
TW,complete,strength_HT0.5,T-W diagonal 8,0.0,1441.4895766326094
TW,complete,strength_HT0.5,T-W diagonal 9,10122.45189511589,0.0
TW,complete,strength_HT0.5,T-W diagonal 10,2734.8295101593017,0.0
TW,complete,strength_HT0.5,T-W balcony header,320.5247418772405,0.0
TW,complete,strength_HT0.5,T-W vertical 11,0.0,983.2234719589153
TW,complete,strength_HT0.5,T-W vertical 12,0.0,1875.1750754086725
TW,complete,strength_HT0.5,T-W vertical 13,51.53047953700491,0.0
TW,complete,strength_HT0.5,T-W vertical 14,0.0,140.00919772377253
TW,complete,strength_HT0.5,T-W diagonal 15,129.75499758347866,0.0
TW,complete,strength_HT0.5,T-W diagonal 16,0.0,41.82976979439569
TW,complete,strength_HT0.5,T-W top / segment 1,1818.880002302151,5463.090639358599
TW,complete,strength_HT0.5,T-W top / segment 2,1000.2795448885319,158.17094786409692
TW,complete,strength_HT0.75,T-W / B-WO,4180.706779590417,2431.4159550189047
TW,complete,strength_HT0.75,T-W vertical 1,179.3490828821451,0.0
TW,complete,strength_HT0.75,T-W vertical 2,360.18639295786573,0.0
TW,complete,strength_HT0.75,T-W vertical 3,0.0,2291.1723771963675
TW,complete,strength_HT0.75,T-W vertical 4,0.0,914.5129133620923
TW,complete,strength_HT0.75,T-W vertical 5,1024.718066241409,0.0
TW,complete,strength_HT0.75,T-W vertical 6,363.1826664857229,0.0
TW,complete,strength_HT0.75,T-W vertical 7,282.48992631656705,0.0
TW,complete,strength_HT0.75,T-W diagonal 8,0.0,1363.722687440773
TW,complete,strength_HT0.75,T-W diagonal 9,9442.947213781626,0.0
TW,complete,strength_HT0.75,T-W diagonal 10,2464.379251401935,0.0
TW,complete,strength_HT0.75,T-W balcony header,303.1457566193253,0.0
TW,complete,strength_HT0.75,T-W vertical 11,0.0,920.9390070761541
TW,complete,strength_HT0.75,T-W vertical 12,0.0,1767.8897873116907
TW,complete,strength_HT0.75,T-W vertical 13,50.506878062079046,0.0
TW,complete,strength_HT0.75,T-W vertical 14,0.0,128.48176483705234
TW,complete,strength_HT0.75,T-W diagonal 15,154.3278987469,0.0
TW,complete,strength_HT0.75,T-W diagonal 16,0.0,11.220575875860728
TW,complete,strength_HT0.75,T-W top / segment 1,1745.6959805366453,5156.263129663723
TW,complete,strength_HT0.75,T-W top / segment 2,946.9841384032984,154.86490197432676
TW,complete,lateral_HX,T-W / B-WO,986.7986387639598,638.7765971802611
TW,complete,lateral_HX,T-W vertical 1,65.8106709939387,0.0
TW,complete,lateral_HX,T-W vertical 2,174.1750496273238,0.0
TW,complete,lateral_HX,T-W vertical 3,0.0,283.5231933265501
TW,complete,lateral_HX,T-W vertical 4,0.0,228.16912703604058
TW,complete,lateral_HX,T-W vertical 5,292.0968426354109,0.0
TW,complete,lateral_HX,T-W vertical 6,38.856191366731565,215.3841602085582
TW,complete,lateral_HX,T-W vertical 7,0.0,160.1764214799944
TW,complete,lateral_HX,T-W diagonal 8,0.0,338.79826554312405
TW,complete,lateral_HX,T-W diagonal 9,2325.1626673082083,0.0
TW,complete,lateral_HX,T-W diagonal 10,576.301898569191,0.0
TW,complete,lateral_HX,T-W balcony header,58.21399761626606,0.0
TW,complete,lateral_HX,T-W vertical 11,0.0,218.8991797429316
TW,complete,lateral_HX,T-W vertical 12,0.0,442.6451805351493
TW,complete,lateral_HX,T-W vertical 13,0.0,0.09705326456125604
TW,complete,lateral_HX,T-W vertical 14,0.0,337.12331842244504
TW,complete,lateral_HX,T-W diagonal 15,0.4929837289138175,3.663148243098551
TW,complete,lateral_HX,T-W diagonal 16,100.42406807382241,0.0
TW,complete,lateral_HX,T-W top / segment 1,1275.753981770367,1260.6531701724757
TW,complete,lateral_HX,T-W top / segment 2,924.0469210238188,82.31375610781163
TW,complete,strength_lateral_HX_1,T-W / B-WO,2021.0421587816315,1365.9179182220207
TW,complete,strength_lateral_HX_1,T-W vertical 1,80.40811650021442,0.0
TW,complete,strength_lateral_HX_1,T-W vertical 2,231.03902321263422,0.0
TW,complete,strength_lateral_HX_1,T-W vertical 3,0.0,1117.6027797666552
TW,complete,strength_lateral_HX_1,T-W vertical 4,0.0,613.1720443078023
TW,complete,strength_lateral_HX_1,T-W vertical 5,506.29619596304644,0.0
TW,complete,strength_lateral_HX_1,T-W vertical 6,145.12553362415943,123.24131758736144
TW,complete,strength_lateral_HX_1,T-W vertical 7,0.0,78.86383706581893
TW,complete,strength_lateral_HX_1,T-W diagonal 8,0.0,650.5483376508727
TW,complete,strength_lateral_HX_1,T-W diagonal 9,4854.685330162564,0.0
TW,complete,strength_lateral_HX_1,T-W diagonal 10,1420.022376450255,0.0
TW,complete,strength_lateral_HX_1,T-W balcony header,94.1818246192949,0.0
TW,complete,strength_lateral_HX_1,T-W vertical 11,0.0,452.0181095312338
TW,complete,strength_lateral_HX_1,T-W vertical 12,0.0,862.2429330374575
TW,complete,strength_lateral_HX_1,T-W vertical 13,7.712540496926457,0.0
TW,complete,strength_lateral_HX_1,T-W vertical 14,0.0,338.82972095637945
TW,complete,strength_lateral_HX_1,T-W diagonal 15,0.0,43.53572613126372
TW,complete,strength_lateral_HX_1,T-W diagonal 16,68.86593430927645,0.0
TW,complete,strength_lateral_HX_1,T-W top / segment 1,1696.529448213137,2489.2143185939944
TW,complete,strength_lateral_HX_1,T-W top / segment 2,1173.8842559170932,112.86898718006303
TW,complete,strength_lateral_HX_-1,T-W / B-WO,2515.5373211608794,1247.470344912285
TW,complete,strength_lateral_HX_-1,T-W vertical 1,91.33023754356607,0.0
TW,complete,strength_lateral_HX_-1,T-W vertical 2,207.93390138903845,0.0
TW,complete,strength_lateral_HX_-1,T-W vertical 3,0.0,1227.408085554457
TW,complete,strength_lateral_HX_-1,T-W vertical 4,0.0,255.90858241574588
TW,complete,strength_lateral_HX_-1,T-W vertical 5,616.2481741045527,0.0
TW,complete,strength_lateral_HX_-1,T-W vertical 6,477.10561155077676,0.0
TW,complete,strength_lateral_HX_-1,T-W vertical 7,376.328047847835,0.0
TW,complete,strength_lateral_HX_-1,T-W diagonal 8,0.0,857.5120009059942
TW,complete,strength_lateral_HX_-1,T-W diagonal 9,5335.586345968644,0.0
TW,complete,strength_lateral_HX_-1,T-W diagonal 10,1251.1600931817984,0.0
TW,complete,strength_lateral_HX_-1,T-W balcony header,293.63537236598825,0.0
TW,complete,strength_lateral_HX_-1,T-W vertical 11,0.0,554.5190794511732
TW,complete,strength_lateral_HX_-1,T-W vertical 12,0.0,1094.2486637168165
TW,complete,strength_lateral_HX_-1,T-W vertical 13,38.00320684680571,0.0
TW,complete,strength_lateral_HX_-1,T-W vertical 14,201.40944078141712,0.0
TW,complete,strength_lateral_HX_-1,T-W diagonal 15,304.8339930129155,0.0
TW,complete,strength_lateral_HX_-1,T-W diagonal 16,0.0,7.605257925971135
TW,complete,strength_lateral_HX_-1,T-W top / segment 1,200.01010946001605,3641.1208274466053
TW,complete,strength_lateral_HX_-1,T-W top / segment 2,436.0612445155952,156.77093640866002
TW,complete,strength_lateral_HX_2,T-W / B-WO,1773.7945775878145,1425.1417048636838
TW,complete,strength_lateral_HX_2,T-W vertical 1,74.94705598434994,0.0
TW,complete,strength_lateral_HX_2,T-W vertical 2,242.59158412449625,0.0
TW,complete,strength_lateral_HX_2,T-W vertical 3,0.0,1062.70012687298
TW,complete,strength_lateral_HX_2,T-W vertical 4,0.0,791.803775252742
TW,complete,strength_lateral_HX_2,T-W vertical 5,451.32020689242944,0.0
TW,complete,strength_lateral_HX_2,T-W vertical 6,110.65128903318382,411.4377110971195
TW,complete,strength_lateral_HX_2,T-W vertical 7,0.0,293.04900406990527
TW,complete,strength_lateral_HX_2,T-W diagonal 8,0.0,547.0665060251417
TW,complete,strength_lateral_HX_2,T-W diagonal 9,4614.234822260193,0.0
TW,complete,strength_lateral_HX_2,T-W diagonal 10,1504.4535180853682,0.0
TW,complete,strength_lateral_HX_2,T-W balcony header,128.00639233399778,75.38450450403252
TW,complete,strength_lateral_HX_2,T-W vertical 11,0.0,400.76762457876504
TW,complete,strength_lateral_HX_2,T-W vertical 12,0.0,746.2400676913858
TW,complete,strength_lateral_HX_2,T-W vertical 13,0.0,7.432792663751943
TW,complete,strength_lateral_HX_2,T-W vertical 14,0.0,608.9493021409179
TW,complete,strength_lateral_HX_2,T-W diagonal 15,0.0,215.22740221206413
TW,complete,strength_lateral_HX_2,T-W diagonal 16,104.6072479354472,0.0
TW,complete,strength_lateral_HX_2,T-W top / segment 1,2444.789117587723,2150.446239977324
TW,complete,strength_lateral_HX_2,T-W top / segment 2,1835.974661813343,249.42982615361723
TW,complete,strength_lateral_HX_-2,T-W / B-WO,2762.7849023523695,1463.473253143046
TW,complete,strength_lateral_HX_-2,T-W vertical 1,96.79129806141636,0.0
TW,complete,strength_lateral_HX_-2,T-W vertical 2,196.3813404771906,0.0
TW,complete,strength_lateral_HX_-2,T-W vertical 3,0.0,1282.3107384481398
TW,complete,strength_lateral_HX_-2,T-W vertical 4,0.0,77.27685147149478
TW,complete,strength_lateral_HX_-2,T-W vertical 5,671.2241631751695,0.0
TW,complete,strength_lateral_HX_-2,T-W vertical 6,765.3020051301521,0.0
TW,complete,strength_lateral_HX_-2,T-W vertical 7,590.5132148518846,0.0
TW,complete,strength_lateral_HX_-2,T-W diagonal 8,0.0,960.993832532135
TW,complete,strength_lateral_HX_-2,T-W diagonal 9,5576.036853871008,0.0
TW,complete,strength_lateral_HX_-2,T-W diagonal 10,1166.7289515427497,0.0
TW,complete,strength_lateral_HX_-2,T-W balcony header,416.6419983311375,13.95347595623058
TW,complete,strength_lateral_HX_-2,T-W vertical 11,0.0,605.7695643466981
TW,complete,strength_lateral_HX_-2,T-W vertical 12,0.0,1210.251528471246
TW,complete,strength_lateral_HX_-2,T-W vertical 13,53.14854004709009,0.0
TW,complete,strength_lateral_HX_-2,T-W vertical 14,471.5290214308817,0.0
TW,complete,strength_lateral_HX_-2,T-W diagonal 15,476.5254379385439,0.0
TW,complete,strength_lateral_HX_-2,T-W diagonal 16,0.0,43.346830149158244
TW,complete,strength_lateral_HX_-2,T-W top / segment 1,0.0,4651.821393782724
TW,complete,strength_lateral_HX_-2,T-W top / segment 2,511.3215636827038,812.386961350304
TW,complete,lateral_HZ,T-W / B-WO,1586.0232420513507,253.11956041115403
TW,complete,lateral_HZ,T-W vertical 1,77.99158282804864,0.0
TW,complete,lateral_HZ,T-W vertical 2,166.30327670715235,0.0
TW,complete,lateral_HZ,T-W vertical 3,0.0,343.04239321715744
TW,complete,lateral_HZ,T-W vertical 4,0.0,34.412307444474
TW,complete,lateral_HZ,T-W vertical 5,370.9021798390602,0.0
TW,complete,lateral_HZ,T-W vertical 6,128.19428009826635,0.0
TW,complete,lateral_HZ,T-W vertical 7,98.03674859794079,0.0
TW,complete,lateral_HZ,T-W diagonal 8,0.0,561.7491412111006
TW,complete,lateral_HZ,T-W diagonal 9,2605.662529948554,0.0
TW,complete,lateral_HZ,T-W diagonal 10,530.1661913702314,0.0
TW,complete,lateral_HZ,T-W balcony header,160.30893237199578,0.0
TW,complete,lateral_HZ,T-W vertical 11,0.0,295.89452696973086
TW,complete,lateral_HZ,T-W vertical 12,0.0,606.8570879656661
TW,complete,lateral_HZ,T-W vertical 13,17.376377519775836,0.0
TW,complete,lateral_HZ,T-W vertical 14,0.0,41.7559481159059
TW,complete,lateral_HZ,T-W diagonal 15,180.18314437919815,0.0
TW,complete,lateral_HZ,T-W diagonal 16,48.406084412251985,0.0
TW,complete,lateral_HZ,T-W top / segment 1,300.30499476062664,1996.9788986663575
TW,complete,lateral_HZ,T-W top / segment 2,160.79864593346673,161.47008223940168
TW,complete,strength_lateral_HZ_1,T-W / B-WO,2620.2667560505306,980.2608838938555
TW,complete,strength_lateral_HZ_1,T-W vertical 1,92.58902821830905,0.0
TW,complete,strength_lateral_HZ_1,T-W vertical 2,223.16725042179314,0.0
TW,complete,strength_lateral_HZ_1,T-W vertical 3,0.0,1177.1219789305057
TW,complete,strength_lateral_HZ_1,T-W vertical 4,0.0,419.41522676419874
TW,complete,strength_lateral_HZ_1,T-W vertical 5,585.1015321552426,0.0
TW,complete,strength_lateral_HZ_1,T-W vertical 6,224.32947774145296,0.0
TW,complete,strength_lateral_HZ_1,T-W vertical 7,183.81959010365114,0.0
TW,complete,strength_lateral_HZ_1,T-W diagonal 8,0.0,873.4992111088893
TW,complete,strength_lateral_HZ_1,T-W diagonal 9,5135.185187852826,0.0
TW,complete,strength_lateral_HZ_1,T-W diagonal 10,1373.8866695210618,0.0
TW,complete,strength_lateral_HZ_1,T-W balcony header,190.43936942430346,0.0
TW,complete,strength_lateral_HZ_1,T-W vertical 11,0.0,529.0134556683374
TW,complete,strength_lateral_HZ_1,T-W vertical 12,0.0,1026.4548382028656
TW,complete,strength_lateral_HZ_1,T-W vertical 13,25.18597116904773,0.0
TW,complete,strength_lateral_HZ_1,T-W vertical 14,0.0,43.46235235699374
TW,complete,strength_lateral_HZ_1,T-W diagonal 15,141.14126561492026,0.0
TW,complete,strength_lateral_HZ_1,T-W diagonal 16,16.847951325105097,0.0
TW,complete,strength_lateral_HZ_1,T-W top / segment 1,721.0804725168942,3225.5400393865393
TW,complete,strength_lateral_HZ_1,T-W top / segment 2,383.40153317748224,196.85368162183127
TW,complete,strength_lateral_HZ_-1,T-W / B-WO,1916.31270845016,1633.1273903802294
TW,complete,strength_lateral_HZ_-1,T-W vertical 1,79.14932552590442,0.0
TW,complete,strength_lateral_HZ_-1,T-W vertical 2,215.805674214052,0.0
TW,complete,strength_lateral_HZ_-1,T-W vertical 3,0.0,1167.8888855238538
TW,complete,strength_lateral_HZ_-1,T-W vertical 4,0.0,449.6654024060074
TW,complete,strength_lateral_HZ_-1,T-W vertical 5,537.4428362620571,0.0
TW,complete,strength_lateral_HZ_-1,T-W vertical 6,160.43246923704166,0.0
TW,complete,strength_lateral_HZ_-1,T-W vertical 7,140.46616961357955,0.0
TW,complete,strength_lateral_HZ_-1,T-W diagonal 8,0.0,634.5611220308148
TW,complete,strength_lateral_HZ_-1,T-W diagonal 9,5055.086482203837,0.0
TW,complete,strength_lateral_HZ_-1,T-W diagonal 10,1297.2957993105715,0.0
TW,complete,strength_lateral_HZ_-1,T-W balcony header,150.81812374856062,0.0
TW,complete,strength_lateral_HZ_-1,T-W vertical 11,0.0,477.52373137410996
TW,complete,strength_lateral_HZ_-1,T-W vertical 12,0.0,930.0367536695119
TW,complete,strength_lateral_HZ_-1,T-W vertical 13,20.52977606173574,0.0
TW,complete,strength_lateral_HZ_-1,T-W vertical 14,0.0,93.95793082429012
TW,complete,strength_lateral_HZ_-1,T-W diagonal 15,125.1438339704498,0.0
TW,complete,strength_lateral_HZ_-1,T-W diagonal 16,49.40129183415411,0.0
TW,complete,strength_lateral_HZ_-1,T-W top / segment 1,1175.4591024779154,2430.4247366463956
TW,complete,strength_lateral_HZ_-1,T-W top / segment 2,640.1861786284384,0.0
TW,complete,strength_lateral_HZ_2,T-W / B-WO,2972.243787598259,653.8276250679264
TW,complete,strength_lateral_HZ_2,T-W vertical 1,99.30887971656014,0.0
TW,complete,strength_lateral_HZ_2,T-W vertical 2,226.84803850860396,0.0
TW,complete,strength_lateral_HZ_2,T-W vertical 3,0.0,1181.738526066843
TW,complete,strength_lateral_HZ_2,T-W vertical 4,0.0,404.2901377208039
TW,complete,strength_lateral_HZ_2,T-W vertical 5,608.9308809268708,0.0
TW,complete,strength_lateral_HZ_2,T-W vertical 6,259.74974040157343,0.0
TW,complete,strength_lateral_HZ_2,T-W vertical 7,205.49630133418123,0.0
TW,complete,strength_lateral_HZ_2,T-W diagonal 8,0.0,992.9682583567951
TW,complete,strength_lateral_HZ_2,T-W diagonal 9,5175.234543713174,0.0
TW,complete,strength_lateral_HZ_2,T-W diagonal 10,1412.182105022288,0.0
TW,complete,strength_lateral_HZ_2,T-W balcony header,210.24999243873933,0.0
TW,complete,strength_lateral_HZ_2,T-W vertical 11,0.0,554.7583187309297
TW,complete,strength_lateral_HZ_2,T-W vertical 12,0.0,1074.6638823581723
TW,complete,strength_lateral_HZ_2,T-W vertical 13,27.51406879421912,0.0
TW,complete,strength_lateral_HZ_2,T-W vertical 14,0.0,18.214562076504777
TW,complete,strength_lateral_HZ_2,T-W diagonal 15,149.13998176264914,0.0
TW,complete,strength_lateral_HZ_2,T-W diagonal 16,0.5712805274656301,4.417062286828858
TW,complete,strength_lateral_HZ_2,T-W top / segment 1,493.8911488758868,3623.097699929837
TW,complete,strength_lateral_HZ_2,T-W top / segment 2,255.009204930223,296.97175528961805
TW,complete,strength_lateral_HZ_-2,T-W / B-WO,1564.335692376585,1959.5606380563747
TW,complete,strength_lateral_HZ_-2,T-W vertical 1,72.42947431350966,0.0
TW,complete,strength_lateral_HZ_-2,T-W vertical 2,212.12488609292967,0.0
TW,complete,strength_lateral_HZ_-2,T-W vertical 3,0.0,1163.2723392549349
TW,complete,strength_lateral_HZ_-2,T-W vertical 4,0.0,464.79048900174473
TW,complete,strength_lateral_HZ_-2,T-W vertical 5,513.6134891420234,0.0
TW,complete,strength_lateral_HZ_-2,T-W vertical 6,141.2651619555471,0.0
TW,complete,strength_lateral_HZ_-2,T-W vertical 7,118.78946035547105,0.0
TW,complete,strength_lateral_HZ_-2,T-W diagonal 8,0.0,515.0920802014646
TW,complete,strength_lateral_HZ_-2,T-W diagonal 9,5015.037132423309,0.0
TW,complete,strength_lateral_HZ_-2,T-W diagonal 10,1259.000364605099,0.0
TW,complete,strength_lateral_HZ_-2,T-W balcony header,131.00750192504591,0.0
TW,complete,strength_lateral_HZ_-2,T-W vertical 11,0.0,451.77887003385825
TW,complete,strength_lateral_HZ_-2,T-W vertical 12,0.0,881.8277126692524
TW,complete,strength_lateral_HZ_-2,T-W vertical 13,18.201678597326723,0.0
TW,complete,strength_lateral_HZ_-2,T-W vertical 14,0.0,119.20571890070342
TW,complete,strength_lateral_HZ_-2,T-W diagonal 15,117.14511870530816,0.0
TW,complete,strength_lateral_HZ_-2,T-W diagonal 16,65.67796162805482,0.0
TW,complete,strength_lateral_HZ_-2,T-W top / segment 1,1402.6484087811339,2143.534543201484
TW,complete,strength_lateral_HZ_-2,T-W top / segment 2,768.5784956199112,0.0
TW,complete,basic_Dfloor,T-W / B-WO,233.48323322745307,175.94912957139147
TW,complete,basic_Dfloor,T-W vertical 1,0.10388009499520588,0.0
TW,complete,basic_Dfloor,T-W vertical 2,7.101343543308728,0.0
TW,complete,basic_Dfloor,T-W vertical 3,0.0,224.12881971954337
TW,complete,basic_Dfloor,T-W vertical 4,0.0,109.33611527222429
TW,complete,basic_Dfloor,T-W vertical 5,42.651426307214926,0.0
TW,complete,basic_Dfloor,T-W vertical 6,28.663206987545575,0.0
TW,complete,basic_Dfloor,T-W vertical 7,13.86749524881896,0.0
TW,complete,basic_Dfloor,T-W diagonal 8,0.0,66.41335993782427
TW,complete,basic_Dfloor,T-W diagonal 9,589.3933400882141,0.0
TW,complete,basic_Dfloor,T-W diagonal 10,218.2854205281067,0.0
TW,complete,basic_Dfloor,T-W balcony header,24.074964036360704,0.4381651088225762
TW,complete,basic_Dfloor,T-W vertical 11,0.0,53.07445863256562
TW,complete,basic_Dfloor,T-W vertical 12,0.0,90.65343164636406
TW,complete,basic_Dfloor,T-W vertical 13,1.028899042938684,0.0
TW,complete,basic_Dfloor,T-W vertical 14,0.0,1.8594339944307572
TW,complete,basic_Dfloor,T-W diagonal 15,0.0,25.3933873671927
TW,complete,basic_Dfloor,T-W diagonal 16,0.0,14.02034684934423
TW,complete,basic_Dfloor,T-W top / segment 1,86.72526213443818,269.53602548606614
TW,complete,basic_Dfloor,T-W top / segment 2,55.35848268626843,13.179703596477719
TW,complete,basic_Droof,T-W / B-WO,633.7536905329004,279.835995034708
TW,complete,basic_Droof,T-W vertical 1,89.80579875623162,0.0
TW,complete,basic_Droof,T-W vertical 2,114.57300316888352,0.0
TW,complete,basic_Droof,T-W vertical 3,0.0,18.919632735032078
TW,complete,basic_Droof,T-W vertical 4,67.77565403078513,0.0
TW,complete,basic_Droof,T-W vertical 5,194.13717840185848,0.0
TW,complete,basic_Droof,T-W vertical 6,70.03199586685231,0.0
TW,complete,basic_Droof,T-W vertical 7,31.011776734823343,0.0
TW,complete,basic_Droof,T-W diagonal 8,0.0,245.66167853024277
TW,complete,basic_Droof,T-W diagonal 9,1310.3068287174606,0.0
TW,complete,basic_Droof,T-W diagonal 10,207.1163591583167,0.0
TW,complete,basic_Droof,T-W balcony header,75.77646336454407,0.0
TW,complete,basic_Droof,T-W vertical 11,0.0,136.96274912463284
TW,complete,basic_Droof,T-W vertical 12,0.0,282.0221784602859
TW,complete,basic_Droof,T-W vertical 13,13.982634325569794,0.0
TW,complete,basic_Droof,T-W vertical 14,0.0,34.81579435298022
TW,complete,basic_Droof,T-W diagonal 15,68.8542359758196,0.0
TW,complete,basic_Droof,T-W diagonal 16,17.395227238846626,0.0
TW,complete,basic_Droof,T-W top / segment 1,361.001991929818,861.7817538185302
TW,complete,basic_Droof,T-W top / segment 2,136.33806446527328,29.257974766491937
TW,complete,basic_Dsteel,T-W / B-WO,600.2925395157401,299.71680912351593
TW,complete,basic_Dsteel,T-W vertical 1,0.0,18.53406706044151
TW,complete,basic_Dsteel,T-W vertical 2,48.049485470733785,0.0
TW,complete,basic_Dsteel,T-W vertical 3,0.0,320.3999119004454
TW,complete,basic_Dsteel,T-W vertical 4,0.0,117.31304801337419
TW,complete,basic_Dsteel,T-W vertical 5,152.93565455590095,0.0
TW,complete,basic_Dsteel,T-W vertical 6,45.68307547931916,0.0
TW,complete,basic_Dsteel,T-W vertical 7,45.348262790618264,0.0
TW,complete,basic_Dsteel,T-W diagonal 8,0.0,196.61856376823508
TW,complete,basic_Dsteel,T-W diagonal 9,1255.3064224205195,0.0
TW,complete,basic_Dsteel,T-W diagonal 10,284.754577980238,0.0
TW,complete,basic_Dsteel,T-W balcony header,64.72184717033755,27.280384248868952
TW,complete,basic_Dsteel,T-W vertical 11,0.0,133.18691684113335
TW,complete,basic_Dsteel,T-W vertical 12,0.0,276.6258693594827
TW,complete,basic_Dsteel,T-W vertical 13,1.0656457729010633,0.0
TW,complete,basic_Dsteel,T-W vertical 14,0.0,32.18794162044425
TW,complete,basic_Dsteel,T-W diagonal 15,103.33058173214566,0.0
TW,complete,basic_Dsteel,T-W diagonal 16,47.287526715382256,0.0
TW,complete,basic_Dsteel,T-W top / segment 1,166.49230701232162,737.6395072322513
TW,complete,basic_Dsteel,T-W top / segment 2,125.61844165263331,32.0940439850823
TW,complete,basic_Dwall,T-W / B-WO,196.73814035666476,69.80808414710063
TW,complete,basic_Dwall,T-W vertical 1,9.51136571600381,0.0
TW,complete,basic_Dwall,T-W vertical 2,4.2115636268630885,0.0
TW,complete,basic_Dwall,T-W vertical 3,0.0,69.95848532611714
TW,complete,basic_Dwall,T-W vertical 4,0.0,103.98796620176262
TW,complete,basic_Dwall,T-W vertical 5,35.04643314253902,0.0
TW,complete,basic_Dwall,T-W vertical 6,0.0,27.52821625511468
TW,complete,basic_Dwall,T-W vertical 7,12.910151968644488,0.0
TW,complete,basic_Dwall,T-W diagonal 8,0.0,57.98329896501884
TW,complete,basic_Dwall,T-W diagonal 9,370.20554772409884,0.0
TW,complete,basic_Dwall,T-W diagonal 10,14.619448222990846,0.0
TW,complete,basic_Dwall,T-W balcony header,25.590993132751223,0.0
TW,complete,basic_Dwall,T-W vertical 11,0.0,41.94070590632238
TW,complete,basic_Dwall,T-W vertical 12,0.0,73.84331174248173
TW,complete,basic_Dwall,T-W vertical 13,2.383273896017577,0.0
TW,complete,basic_Dwall,T-W vertical 14,0.0,12.562903752606687
TW,complete,basic_Dwall,T-W diagonal 15,0.0,8.77882911966424
TW,complete,basic_Dwall,T-W diagonal 16,0.0,18.55710415037682
TW,complete,basic_Dwall,T-W top / segment 1,75.17683190911416,225.5159185356472
TW,complete,basic_Dwall,T-W top / segment 2,49.185407551391535,0.0
TW,complete,basic_HB0.25,T-W / B-WO,26.591354172438688,74.65476962560754
TW,complete,basic_HB0.25,T-W vertical 1,0.0,1.0186577367626235
TW,complete,basic_HB0.25,T-W vertical 2,1.5087814405409032,0.0
TW,complete,basic_HB0.25,T-W vertical 3,12.456128696973156,0.0
TW,complete,basic_HB0.25,T-W vertical 4,1.863395255625798,0.0
TW,complete,basic_HB0.25,T-W vertical 5,0.0,3.5796573509344687
TW,complete,basic_HB0.25,T-W vertical 6,9.616841409027128,0.0
TW,complete,basic_HB0.25,T-W vertical 7,4.027221397158408,0.0
TW,complete,basic_HB0.25,T-W diagonal 8,0.0,4.176958193109767
TW,complete,basic_HB0.25,T-W diagonal 9,31.0315043679165,0.0
TW,complete,basic_HB0.25,T-W diagonal 10,0.0,8.487567565633281
TW,complete,basic_HB0.25,T-W balcony header,1.628948904657987,27.6564610338684
TW,complete,basic_HB0.25,T-W vertical 11,0.0,2.6698594689833417
TW,complete,basic_HB0.25,T-W vertical 12,0.0,1.2533913441791753
TW,complete,basic_HB0.25,T-W vertical 13,0.0,0.9124074006767493
TW,complete,basic_HB0.25,T-W vertical 14,0.0,5.617851822944101
TW,complete,basic_HB0.25,T-W diagonal 15,0.0,19.290890349444236
TW,complete,basic_HB0.25,T-W diagonal 16,16.416863353448537,0.0
TW,complete,basic_HB0.25,T-W top / segment 1,24.989774241798763,27.303997363015213
TW,complete,basic_HB0.25,T-W top / segment 2,18.740126549832556,12.925479786556549
TW,complete,basic_HB0.5,T-W / B-WO,25.66369621417129,48.58377924024526
TW,complete,basic_HB0.5,T-W vertical 1,0.0,0.3100080767687541
TW,complete,basic_HB0.5,T-W vertical 2,1.5263595233082319,0.0
TW,complete,basic_HB0.5,T-W vertical 3,9.363989702349448,0.0
TW,complete,basic_HB0.5,T-W vertical 4,0.0,0.42549381430219974
TW,complete,basic_HB0.5,T-W vertical 5,1.4568286248705136,1.3465557975171822
TW,complete,basic_HB0.5,T-W vertical 6,13.224529001450714,0.0
TW,complete,basic_HB0.5,T-W vertical 7,5.978626005696819,0.0
TW,complete,basic_HB0.5,T-W diagonal 8,0.0,5.168672069006268
TW,complete,basic_HB0.5,T-W diagonal 9,34.48872097184958,0.0
TW,complete,basic_HB0.5,T-W diagonal 10,0.0,1.0788168228238053
TW,complete,basic_HB0.5,T-W balcony header,0.7102539533940814,16.865453671713453
TW,complete,basic_HB0.5,T-W vertical 11,0.0,3.144617379298964
TW,complete,basic_HB0.5,T-W vertical 12,0.0,3.8584154163811752
TW,complete,basic_HB0.5,T-W vertical 13,0.0,0.38655889529729465
TW,complete,basic_HB0.5,T-W vertical 14,1.0551973382879671,0.0
TW,complete,basic_HB0.5,T-W diagonal 15,0.0,11.507058820534267
TW,complete,basic_HB0.5,T-W diagonal 16,9.727058233543895,0.0
TW,complete,basic_HB0.5,T-W top / segment 1,23.479988179911324,26.93427964002375
TW,complete,basic_HB0.5,T-W top / segment 2,10.675347587097916,22.281806928713703
TW,complete,basic_HB0.75,T-W / B-WO,21.13067339021016,23.641160475823156
TW,complete,basic_HB0.75,T-W vertical 1,0.12057857585141006,0.0
TW,complete,basic_HB0.75,T-W vertical 2,0.9446022014758858,0.0
TW,complete,basic_HB0.75,T-W vertical 3,2.131948683344626,0.0
TW,complete,basic_HB0.75,T-W vertical 4,0.0,0.7087687583439102
TW,complete,basic_HB0.75,T-W vertical 5,2.2370062207826678,0.0
TW,complete,basic_HB0.75,T-W vertical 6,11.376581166797656,0.0
TW,complete,basic_HB0.75,T-W vertical 7,5.574735965664039,0.0
TW,complete,basic_HB0.75,T-W diagonal 8,0.0,5.348466066792768
TW,complete,basic_HB0.75,T-W diagonal 9,28.93530305539557,0.0
TW,complete,basic_HB0.75,T-W diagonal 10,3.0184535554773144,0.0
TW,complete,basic_HB0.75,T-W balcony header,0.024142523277135113,6.370295307247462
TW,complete,basic_HB0.75,T-W vertical 11,0.0,2.9379138928951294
TW,complete,basic_HB0.75,T-W vertical 12,0.0,4.77754899413196
TW,complete,basic_HB0.75,T-W vertical 13,0.02036124721511373,0.0
TW,complete,basic_HB0.75,T-W vertical 14,4.461659811228799,0.0
TW,complete,basic_HB0.75,T-W diagonal 15,0.0,4.267092086247386
TW,complete,basic_HB0.75,T-W diagonal 16,3.261695698438352,0.0
TW,complete,basic_HB0.75,T-W top / segment 1,10.643292087100921,23.07184037533003
TW,complete,basic_HB0.75,T-W top / segment 2,0.6622264807502034,20.682090063606438
TW,complete,basic_HT0.25,T-W / B-WO,487.2296460773095,399.37124036591945
TW,complete,basic_HT0.25,T-W vertical 1,1.2682685563880955,0.0
TW,complete,basic_HT0.25,T-W vertical 2,13.441793562138683,0.0
TW,complete,basic_HT0.25,T-W vertical 3,0.0,512.1066248492336
TW,complete,basic_HT0.25,T-W vertical 4,0.0,245.9562631774202
TW,complete,basic_HT0.25,T-W vertical 5,94.73883025185708,0.0
TW,complete,basic_HT0.25,T-W vertical 6,58.38495805362393,0.0
TW,complete,basic_HT0.25,T-W vertical 7,0.0,2.8061133176402167
TW,complete,basic_HT0.25,T-W diagonal 8,0.0,143.8943279944741
TW,complete,basic_HT0.25,T-W diagonal 9,1259.6134393373745,0.0
TW,complete,basic_HT0.25,T-W diagonal 10,497.92176939681633,0.0
TW,complete,basic_HT0.25,T-W balcony header,79.54247863868956,0.0
TW,complete,basic_HT0.25,T-W vertical 11,0.0,115.55617655410101
TW,complete,basic_HT0.25,T-W vertical 12,0.0,199.085219990634
TW,complete,basic_HT0.25,T-W vertical 13,1.9659209454022928,0.0
TW,complete,basic_HT0.25,T-W vertical 14,0.0,21.406922723335267
TW,complete,basic_HT0.25,T-W diagonal 15,0.0,45.21215486448577
TW,complete,basic_HT0.25,T-W diagonal 16,0.0,56.32105232312047
TW,complete,basic_HT0.25,T-W top / segment 1,145.0605520078842,568.0066501590767
TW,complete,basic_HT0.25,T-W top / segment 2,96.86866334461959,8.911579773369702
TW,complete,basic_HT0.5,T-W / B-WO,319.5021980619136,264.48481163439686
TW,complete,basic_HT0.5,T-W vertical 1,0.5424937294636043,0.0
TW,complete,basic_HT0.5,T-W vertical 2,8.33142772730484,0.0
TW,complete,basic_HT0.5,T-W vertical 3,0.0,342.17388246873367
TW,complete,basic_HT0.5,T-W vertical 4,0.0,161.72592785718828
TW,complete,basic_HT0.5,T-W vertical 5,62.723541449670286,0.0
TW,complete,basic_HT0.5,T-W vertical 6,38.78454421629494,0.0
TW,complete,basic_HT0.5,T-W vertical 7,0.0,1.8325204146092529
TW,complete,basic_HT0.5,T-W diagonal 8,0.0,94.2546376720108
TW,complete,basic_HT0.5,T-W diagonal 9,830.4383362065275,0.0
TW,complete,basic_HT0.5,T-W diagonal 10,328.66109524268677,0.0
TW,complete,basic_HT0.5,T-W balcony header,52.56051003281003,0.0
TW,complete,basic_HT0.5,T-W vertical 11,0.0,76.47535537395082
TW,complete,basic_HT0.5,T-W vertical 12,0.0,131.77548691895763
TW,complete,basic_HT0.5,T-W vertical 13,1.2919332950857163,0.0
TW,complete,basic_HT0.5,T-W vertical 14,0.0,14.174157552438217
TW,complete,basic_HT0.5,T-W diagonal 15,0.0,29.909229739845138
TW,complete,basic_HT0.5,T-W diagonal 16,0.0,37.155246863969474
TW,complete,basic_HT0.5,T-W top / segment 1,94.05450941343604,372.55953349658773
TW,complete,basic_HT0.5,T-W top / segment 2,62.47355014966379,5.250770269802611
TW,complete,basic_HT0.75,T-W / B-WO,155.1466320178962,129.66275361593182
TW,complete,basic_HT0.75,T-W vertical 1,0.34085238115765454,0.0
TW,complete,basic_HT0.75,T-W vertical 2,4.0992925391917066,0.0
TW,complete,basic_HT0.75,T-W vertical 3,0.0,178.7884912590227
TW,complete,basic_HT0.75,T-W vertical 4,0.0,78.39663808261089
TW,complete,basic_HT0.75,T-W vertical 5,30.8097266865536,0.0
TW,complete,basic_HT0.75,T-W vertical 6,19.13196778604426,0.0
TW,complete,basic_HT0.75,T-W vertical 7,0.0,0.9146103159625929
TW,complete,basic_HT0.75,T-W diagonal 8,0.0,45.65032708890956
TW,complete,basic_HT0.75,T-W diagonal 9,405.7478868102246,0.0
TW,complete,basic_HT0.75,T-W diagonal 10,159.62963612317446,0.0
TW,complete,basic_HT0.75,T-W balcony header,25.620616967965866,0.0
TW,complete,basic_HT0.75,T-W vertical 11,0.0,37.5475619743366
TW,complete,basic_HT0.75,T-W vertical 12,0.0,64.72217550785048
TW,complete,basic_HT0.75,T-W vertical 13,0.6521819934313408,0.0
TW,complete,basic_HT0.75,T-W vertical 14,0.0,6.969516391475143
TW,complete,basic_HT0.75,T-W diagonal 15,0.0,14.551167118971282
TW,complete,basic_HT0.75,T-W diagonal 16,0.0,18.02448059964001
TW,complete,basic_HT0.75,T-W top / segment 1,44.39286054511469,180.7920117738768
TW,complete,basic_HT0.75,T-W top / segment 2,29.587477718328802,2.7347389042183248
TW,complete,basic_HX,T-W / B-WO,341.6842977360652,247.24758118632886
TW,complete,basic_HX,T-W vertical 1,0.0,5.461060520986529
TW,complete,basic_HX,T-W vertical 2,11.552560911839176,0.0
TW,complete,basic_HX,T-W vertical 3,54.90265289382935,0.0
TW,complete,basic_HX,T-W vertical 4,0.0,178.63173094600978
TW,complete,basic_HX,T-W vertical 5,0.0,54.97598907063311
TW,complete,basic_HX,T-W vertical 6,0.0,288.1963935549864
TW,complete,basic_HX,T-W vertical 7,0.0,214.1851670039984
TW,complete,basic_HX,T-W diagonal 8,103.48183162681572,0.0
TW,complete,basic_HX,T-W diagonal 9,0.0,240.4505200255046
TW,complete,basic_HX,T-W diagonal 10,84.4311416351482,0.0
TW,complete,basic_HX,T-W balcony header,33.82456812032841,123.00662582748879
TW,complete,basic_HX,T-W vertical 11,51.25048491681677,0.0
TW,complete,basic_HX,T-W vertical 12,116.00286497240138,0.0
TW,complete,basic_HX,T-W vertical 13,0.0,15.145333185902016
TW,complete,basic_HX,T-W vertical 14,0.0,270.1195808830751
TW,complete,basic_HX,T-W diagonal 15,0.0,171.6916766560077
TW,complete,basic_HX,T-W diagonal 16,35.74157252325246,0.0
TW,complete,basic_HX,T-W top / segment 1,1010.7006833391634,0.0
TW,complete,basic_HX,T-W top / segment 2,662.0904057913995,136.56083906463152
TW,complete,basic_HZ,T-W / B-WO,351.9770235792776,0.0
TW,complete,basic_HZ,T-W vertical 1,6.7198513407151585,0.0
TW,complete,basic_HZ,T-W vertical 2,3.6807880912612716,0.0
TW,complete,basic_HZ,T-W vertical 3,0.0,10.270975947180267
TW,complete,basic_HZ,T-W vertical 4,15.125087904441934,0.0
TW,complete,basic_HZ,T-W vertical 5,23.829347963350607,0.0
TW,complete,basic_HZ,T-W vertical 6,35.42026125058261,0.0
TW,complete,basic_HZ,T-W vertical 7,21.676710286193767,0.0
TW,complete,basic_HZ,T-W diagonal 8,0.0,119.46904446805141
TW,complete,basic_HZ,T-W diagonal 9,40.04936034860068,0.0
TW,complete,basic_HZ,T-W diagonal 10,38.2954632280759,0.0
TW,complete,basic_HZ,T-W balcony header,19.810622626598747,0.2619663193797942
TW,complete,basic_HZ,T-W vertical 11,0.0,25.74486217803006
TW,complete,basic_HZ,T-W vertical 12,0.0,48.20904236897698
TW,complete,basic_HZ,T-W vertical 13,2.3280975555644305,0.0
TW,complete,basic_HZ,T-W vertical 14,25.24778925703372,0.0
TW,complete,basic_HZ,T-W diagonal 15,7.998784898457101,0.0
TW,complete,basic_HZ,T-W diagonal 16,0.0,16.276688839599338
TW,complete,basic_HZ,T-W top / segment 1,0.0,397.55807485504147
TW,complete,basic_HZ,T-W top / segment 2,3.4742316379741927,128.39232293525882
TW,complete,basic_L125,T-W / B-WO,2432.116979095717,1832.803447007543
TW,complete,basic_L125,T-W vertical 1,1.0820837077664447,0.0
TW,complete,basic_L125,T-W vertical 2,73.97232928978673,0.0
TW,complete,basic_L125,T-W vertical 3,0.0,2334.67520137918
TW,complete,basic_L125,T-W vertical 4,0.0,1138.917878828739
TW,complete,basic_L125,T-W vertical 5,444.2856850838333,0.0
TW,complete,basic_L125,T-W vertical 6,298.5750692377567,0.0
TW,complete,basic_L125,T-W vertical 7,144.45306778113604,0.0
TW,complete,basic_L125,T-W diagonal 8,0.0,691.8058203006816
TW,complete,basic_L125,T-W diagonal 9,6139.513931886301,0.0
TW,complete,basic_L125,T-W diagonal 10,2273.8064651679583,0.0
TW,complete,basic_L125,T-W balcony header,250.78087385803022,4.564224234045155
TW,complete,basic_L125,T-W vertical 11,0.0,552.8589380661531
TW,complete,basic_L125,T-W vertical 12,0.0,944.3065679300438
TW,complete,basic_L125,T-W vertical 13,10.717697547739519,0.0
TW,complete,basic_L125,T-W vertical 14,0.0,19.369113359111818
TW,complete,basic_L125,T-W diagonal 15,0.0,264.51445494456135
TW,complete,basic_L125,T-W diagonal 16,0.0,146.04527618711109
TW,complete,basic_L125,T-W top / segment 1,903.3882100545516,2807.666888954745
TW,complete,basic_L125,T-W top / segment 2,576.6509059417449,137.2885492992596
TW,complete,basic_L30,T-W / B-WO,583.7080765500685,439.8728270685939
TW,complete,basic_L30,T-W vertical 1,0.25970011534715953,0.0
TW,complete,basic_L30,T-W vertical 2,17.75335897026515,0.0
TW,complete,basic_L30,T-W vertical 3,0.0,560.3220486113214
TW,complete,basic_L30,T-W vertical 4,0.0,273.3402901414757
TW,complete,basic_L30,T-W vertical 5,106.62856476541695,0.0
TW,complete,basic_L30,T-W vertical 6,71.65801683381481,0.0
TW,complete,basic_L30,T-W vertical 7,34.66873676889279,0.0
TW,complete,basic_L30,T-W diagonal 8,0.0,166.03339747162164
TW,complete,basic_L30,T-W diagonal 9,1473.4833455178998,0.0
TW,complete,basic_L30,T-W diagonal 10,545.7135514493744,0.0
TW,complete,basic_L30,T-W balcony header,60.18740988531812,1.0954135819615363
TW,complete,basic_L30,T-W vertical 11,0.0,132.68614550896606
TW,complete,basic_L30,T-W vertical 12,0.0,226.6335770904597
TW,complete,basic_L30,T-W vertical 13,2.572247455243048,0.0
TW,complete,basic_L30,T-W vertical 14,0.0,4.648586573959637
TW,complete,basic_L30,T-W diagonal 15,0.0,63.48346911816372
TW,complete,basic_L30,T-W diagonal 16,0.0,35.050866546715426
TW,complete,basic_L30,T-W top / segment 1,216.813166455788,673.8400554936427
TW,complete,basic_L30,T-W top / segment 2,138.3962144996876,32.94925383013291
TW,complete,basic_L40,T-W / B-WO,778.2774201980324,586.4971087307159
TW,complete,basic_L40,T-W vertical 1,0.34626654278081637,0.0
TW,complete,basic_L40,T-W vertical 2,23.67114562997576,0.0
TW,complete,basic_L40,T-W vertical 3,0.0,747.0960629244807
TW,complete,basic_L40,T-W vertical 4,0.0,364.45372549712044
TW,complete,basic_L40,T-W vertical 5,142.17141709621123,0.0
TW,complete,basic_L40,T-W vertical 6,95.54402083809099,0.0
TW,complete,basic_L40,T-W vertical 7,46.22497878115791,0.0
TW,complete,basic_L40,T-W diagonal 8,0.0,221.3778577018715
TW,complete,basic_L40,T-W diagonal 9,1964.6444479179634,0.0
TW,complete,basic_L40,T-W diagonal 10,727.6180692706739,0.0
TW,complete,basic_L40,T-W balcony header,80.24987934328185,1.4605537196722487
TW,complete,basic_L40,T-W vertical 11,0.0,176.91485794769864
TW,complete,basic_L40,T-W vertical 12,0.0,302.17809775031526
TW,complete,basic_L40,T-W vertical 13,3.429662884834462,0.0
TW,complete,basic_L40,T-W vertical 14,0.0,6.198119623612253
TW,complete,basic_L40,T-W diagonal 15,0.0,84.64462734779137
TW,complete,basic_L40,T-W diagonal 16,0.0,46.73448733444043
TW,complete,basic_L40,T-W top / segment 1,289.0842509459351,898.4533877923566
TW,complete,basic_L40,T-W top / segment 2,184.52830663061835,43.932324705571666
TW,complete,basic_L75patch,T-W / B-WO,787.4342313271507,613.2326146432009
TW,complete,basic_L75patch,T-W vertical 1,0.34309838202999243,0.0
TW,complete,basic_L75patch,T-W vertical 2,24.339476596583264,0.0
TW,complete,basic_L75patch,T-W vertical 3,0.0,766.3944125004798
TW,complete,basic_L75patch,T-W vertical 4,0.0,375.09545139896557
TW,complete,basic_L75patch,T-W vertical 5,144.78478012895408,0.0
TW,complete,basic_L75patch,T-W vertical 6,91.60325072187818,0.0
TW,complete,basic_L75patch,T-W vertical 7,70.51082608203139,0.0
TW,complete,basic_L75patch,T-W diagonal 8,0.0,223.29403642935299
TW,complete,basic_L75patch,T-W diagonal 9,2016.4000501141966,0.0
TW,complete,basic_L75patch,T-W diagonal 10,745.3465391927442,0.0
TW,complete,basic_L75patch,T-W balcony header,73.9118020514982,0.0
TW,complete,basic_L75patch,T-W vertical 11,0.0,179.08898955616024
TW,complete,basic_L75patch,T-W vertical 12,0.0,307.8681296597
TW,complete,basic_L75patch,T-W vertical 13,4.799936777552387,0.0
TW,complete,basic_L75patch,T-W vertical 14,11.694334094425457,0.0
TW,complete,basic_L75patch,T-W diagonal 15,0.0,73.47876859234408
TW,complete,basic_L75patch,T-W diagonal 16,0.0,44.494680789629804
TW,complete,basic_L75patch,T-W top / segment 1,315.28009274175184,908.6782193411306
TW,complete,basic_L75patch,T-W top / segment 2,197.44608518564394,41.40461227907705
TW,complete,basic_P200,T-W / B-WO,16.76632099365773,11.351376250842378
TW,complete,basic_P200,T-W vertical 1,0.010665737405069316,0.0
TW,complete,basic_P200,T-W vertical 2,0.51287590184362,0.0
TW,complete,basic_P200,T-W vertical 3,0.0,14.828551381756043
TW,complete,basic_P200,T-W vertical 4,0.0,7.316390310805666
TW,complete,basic_P200,T-W vertical 5,2.9936155105611024,0.0
TW,complete,basic_P200,T-W vertical 6,2.3844982019505374,0.0
TW,complete,basic_P200,T-W vertical 7,0.5185547153179731,0.0
TW,complete,basic_P200,T-W diagonal 8,0.0,4.749095479724323
TW,complete,basic_P200,T-W diagonal 9,40.605123339812295,0.0
TW,complete,basic_P200,T-W diagonal 10,14.77333704023898,0.0
TW,complete,basic_P200,T-W balcony header,1.742291322310465,0.4075836152175974
TW,complete,basic_P200,T-W vertical 11,0.0,3.7470653558330667
TW,complete,basic_P200,T-W vertical 12,0.0,6.343227568761821
TW,complete,basic_P200,T-W vertical 13,0.0326970065099685,0.0
TW,complete,basic_P200,T-W vertical 14,0.0,0.40578287965102766
TW,complete,basic_P200,T-W diagonal 15,0.0,2.266343440881338
TW,complete,basic_P200,T-W diagonal 16,0.0,0.896040525933955
TW,complete,basic_P200,T-W top / segment 1,5.626314989962948,19.288930676015866
TW,complete,basic_P200,T-W top / segment 2,3.5683168249237904,2.081887198754823
TW,complete,basic_R20,T-W / B-WO,1350.9126048320377,511.75008508304745
TW,complete,basic_R20,T-W vertical 1,162.38077836054077,0.0
TW,complete,basic_R20,T-W vertical 2,211.92377496368545,0.0
TW,complete,basic_R20,T-W vertical 3,0.0,41.22579344526613
TW,complete,basic_R20,T-W vertical 4,253.01640636070525,0.0
TW,complete,basic_R20,T-W vertical 5,468.08405387277116,0.0
TW,complete,basic_R20,T-W vertical 6,140.56632843644033,0.0
TW,complete,basic_R20,T-W vertical 7,94.74151938649099,0.0
TW,complete,basic_R20,T-W diagonal 8,0.0,506.79945586291956
TW,complete,basic_R20,T-W diagonal 9,2674.512463302367,0.0
TW,complete,basic_R20,T-W diagonal 10,293.3746766213686,0.0
TW,complete,basic_R20,T-W balcony header,194.8201827783789,36.57078397874009
TW,complete,basic_R20,T-W vertical 11,0.0,272.24546114323783
TW,complete,basic_R20,T-W vertical 12,0.0,607.9431075416842
TW,complete,basic_R20,T-W vertical 13,39.261889352467776,0.0
TW,complete,basic_R20,T-W vertical 14,0.0,76.66036353528013
TW,complete,basic_R20,T-W diagonal 15,259.12310348802544,0.0
TW,complete,basic_R20,T-W diagonal 16,110.54402151597036,0.0
TW,complete,basic_R20,T-W top / segment 1,710.2476563575681,1799.4927676173422
TW,complete,basic_R20,T-W top / segment 2,289.2152097209305,84.20879111376448
TW,complete,basic_U20,T-W / B-WO,511.75008508304745,1350.9126048320377
TW,complete,basic_U20,T-W vertical 1,0.0,162.38077836054077
TW,complete,basic_U20,T-W vertical 2,0.0,211.92377496368545
TW,complete,basic_U20,T-W vertical 3,41.22579344526613,0.0
TW,complete,basic_U20,T-W vertical 4,0.0,253.01640636070525
TW,complete,basic_U20,T-W vertical 5,0.0,468.08405387277116
TW,complete,basic_U20,T-W vertical 6,0.0,140.56632843644033
TW,complete,basic_U20,T-W vertical 7,0.0,94.74151938649099
TW,complete,basic_U20,T-W diagonal 8,506.79945586291956,0.0
TW,complete,basic_U20,T-W diagonal 9,0.0,2674.512463302367
TW,complete,basic_U20,T-W diagonal 10,0.0,293.3746766213686
TW,complete,basic_U20,T-W balcony header,36.57078397874009,194.8201827783789
TW,complete,basic_U20,T-W vertical 11,272.24546114323783,0.0
TW,complete,basic_U20,T-W vertical 12,607.9431075416842,0.0
TW,complete,basic_U20,T-W vertical 13,0.0,39.261889352467776
TW,complete,basic_U20,T-W vertical 14,76.66036353528013,0.0
TW,complete,basic_U20,T-W diagonal 15,0.0,259.12310348802544
TW,complete,basic_U20,T-W diagonal 16,0.0,110.54402151597036
TW,complete,basic_U20,T-W top / segment 1,1799.4927676173422,710.2476563575681
TW,complete,basic_U20,T-W top / segment 2,84.20879111376448,289.2152097209305
TW,roof_first,roof_first_service,T-W / B-WO,2505.9613660195314,1016.7836948254918
TW,roof_first,roof_first_service,T-W vertical 1,232.27488629237396,0.0
TW,roof_first,roof_first_service,T-W vertical 2,371.9538155296831,0.0
TW,roof_first,roof_first_service,T-W vertical 3,0.0,278.9746288432351
TW,roof_first,roof_first_service,T-W vertical 4,265.8000582782703,0.0
TW,roof_first,roof_first_service,T-W vertical 5,799.5424069487892,0.0
TW,roof_first,roof_first_service,T-W vertical 6,220.26300547554598,0.0
TW,roof_first,roof_first_service,T-W vertical 7,171.0177953227412,0.0
TW,roof_first,roof_first_service,T-W diagonal 8,0.0,927.2862166362348
TW,roof_first,roof_first_service,T-W diagonal 9,5026.301733974164,0.0
TW,roof_first,roof_first_service,T-W diagonal 10,691.2836543779706,0.0
TW,roof_first,roof_first_service,T-W balcony header,337.88076795397694,57.00322908658394
TW,roof_first,roof_first_service,T-W vertical 11,0.0,522.8248087765918
TW,roof_first,roof_first_service,T-W vertical 12,0.0,1133.6037786930594
TW,roof_first,roof_first_service,T-W vertical 13,54.2936726568315,0.0
TW,roof_first,roof_first_service,T-W vertical 14,0.0,139.9481808387456
TW,roof_first,roof_first_service,T-W diagonal 15,444.32437372397635,0.0
TW,roof_first,roof_first_service,T-W diagonal 16,180.10793153895352,0.0
TW,roof_first,roof_first_service,T-W top / segment 1,1200.3234342436142,3308.3315144172657
TW,roof_first,roof_first_service,T-W top / segment 2,531.7557941577275,142.40979544462604
TW,roof_first,strength_roof_first,T-W / B-WO,3553.6495069566727,1423.0539772383877
TW,roof_first,strength_roof_first,T-W vertical 1,343.4725189479748,0.0
TW,roof_first,strength_roof_first,T-W vertical 2,531.2810318829567,0.0
TW,roof_first,strength_roof_first,T-W vertical 3,0.0,352.95874667678925
TW,roof_first,strength_roof_first,T-W vertical 4,419.40874387525173,0.0
TW,roof_first,strength_roof_first,T-W vertical 5,1147.4255278739415,0.0
TW,roof_first,strength_roof_first,T-W vertical 6,318.210775607523,0.0
TW,roof_first,strength_roof_first,T-W vertical 7,243.34014379146126,0.0
TW,roof_first,strength_roof_first,T-W diagonal 8,0.0,1317.4643706016404
TW,roof_first,strength_roof_first,T-W diagonal 9,7109.391423592961,0.0
TW,roof_first,strength_roof_first,T-W diagonal 10,946.3263169749376,0.0
TW,roof_first,strength_roof_first,T-W balcony header,483.8143949291152,82.41044144767133
TW,roof_first,strength_roof_first,T-W vertical 11,0.0,737.174818149048
TW,roof_first,strength_roof_first,T-W vertical 12,0.0,1605.0566399680433
TW,roof_first,strength_roof_first,T-W vertical 13,80.89258401803082,0.0
TW,roof_first,strength_roof_first,T-W vertical 14,0.0,198.42082949194554
TW,roof_first,strength_roof_first,T-W diagonal 15,636.6653324747405,0.0
TW,roof_first,strength_roof_first,T-W diagonal 16,259.79071789699606,0.0
TW,roof_first,strength_roof_first,T-W top / segment 1,1722.7630484793794,4697.084998020098
TW,roof_first,strength_roof_first,T-W top / segment 2,752.9968467719275,205.925460503586
TW,roof_first,lateral_HX,T-W / B-WO,874.6597796724969,559.661993760039
TW,roof_first,lateral_HX,T-W vertical 1,65.38109031627597,0.0
TW,roof_first,lateral_HX,T-W vertical 2,171.54606070426462,0.0
TW,roof_first,lateral_HX,T-W vertical 3,0.0,153.67150343793622
TW,roof_first,lateral_HX,T-W vertical 4,0.0,178.76080159839822
TW,roof_first,lateral_HX,T-W vertical 5,272.4884691007821,0.0
TW,roof_first,lateral_HX,T-W vertical 6,27.83350405688135,218.87265540261936
TW,roof_first,lateral_HX,T-W vertical 7,0.0,165.02531574944695
TW,roof_first,lateral_HX,T-W diagonal 8,0.0,306.0164886443275
TW,roof_first,lateral_HX,T-W diagonal 9,2054.963596013818,0.0
TW,roof_first,lateral_HX,T-W diagonal 10,469.8026319459867,0.0
TW,roof_first,lateral_HX,T-W balcony header,55.04823086777688,0.0
TW,roof_first,lateral_HX,T-W vertical 11,0.0,193.96084001531565
TW,roof_first,lateral_HX,T-W vertical 12,0.0,400.40099041308446
TW,roof_first,lateral_HX,T-W vertical 13,0.0,0.5763648588487782
TW,roof_first,lateral_HX,T-W vertical 14,0.0,334.56389733030954
TW,roof_first,lateral_HX,T-W diagonal 15,12.064874703537946,0.0
TW,roof_first,lateral_HX,T-W diagonal 16,108.9854370326781,0.0
TW,roof_first,lateral_HX,T-W top / segment 1,1252.2437370039352,1130.1710291857403
TW,roof_first,lateral_HX,T-W top / segment 2,908.3540192606846,81.12384137448966
TW,roof_first,strength_lateral_HX_1,T-W / B-WO,1102.6041593514342,661.5619242066244
TW,roof_first,strength_lateral_HX_1,T-W vertical 1,79.4647406143469,0.0
TW,roof_first,strength_lateral_HX_1,T-W vertical 2,203.4685975016247,0.0
TW,roof_first,strength_lateral_HX_1,T-W vertical 3,0.0,200.37183359273254
TW,roof_first,strength_lateral_HX_1,T-W vertical 4,0.0,180.19386486028753
TW,roof_first,strength_lateral_HX_1,T-W vertical 5,338.4096336145459,0.0
TW,roof_first,strength_lateral_HX_1,T-W vertical 6,39.616076234018806,205.75999133913686
TW,roof_first,strength_lateral_HX_1,T-W vertical 7,0.0,154.3514069975028
TW,roof_first,strength_lateral_HX_1,T-W diagonal 8,0.0,389.1132903899716
TW,roof_first,strength_lateral_HX_1,T-W diagonal 9,2521.309276796009,0.0
TW,roof_first,strength_lateral_HX_1,T-W diagonal 10,549.6664008621821,0.0
TW,roof_first,strength_lateral_HX_1,T-W balcony header,59.580314039562204,2.3582857275430915
TW,roof_first,strength_lateral_HX_1,T-W vertical 11,0.0,243.63328100580412
TW,roof_first,strength_lateral_HX_1,T-W vertical 12,0.0,504.7556987226115
TW,roof_first,strength_lateral_HX_1,T-W vertical 13,2.4122815676840235,0.0
TW,roof_first,strength_lateral_HX_1,T-W vertical 14,0.0,347.31202396380417
TW,roof_first,strength_lateral_HX_1,T-W diagonal 15,49.19170913050405,0.0
TW,roof_first,strength_lateral_HX_1,T-W diagonal 16,123.17642158401841,0.0
TW,roof_first,strength_lateral_HX_1,T-W top / segment 1,1351.1209315565927,1428.2937875764585
TW,roof_first,strength_lateral_HX_1,T-W top / segment 2,957.2602143946943,67.80973285587609
TW,roof_first,strength_lateral_HX_-1,T-W / B-WO,1632.7282969323328,727.3906900084135
TW,roof_first,strength_lateral_HX_-1,T-W vertical 1,89.53906123917642,0.0
TW,roof_first,strength_lateral_HX_-1,T-W vertical 2,179.60184389688172,0.0
TW,roof_first,strength_lateral_HX_-1,T-W vertical 3,0.0,360.03212536122464
TW,roof_first,strength_lateral_HX_-1,T-W vertical 4,189.20953720296552,0.0
TW,roof_first,strength_lateral_HX_-1,T-W vertical 5,452.6443317049078,0.0
TW,roof_first,strength_lateral_HX_-1,T-W vertical 6,387.0660871954925,0.0
TW,roof_first,strength_lateral_HX_-1,T-W vertical 7,309.25985292799913,0.0
TW,roof_first,strength_lateral_HX_-1,T-W diagonal 8,0.0,608.0482961988813
TW,roof_first,strength_lateral_HX_-1,T-W diagonal 9,3074.8388674397456,0.0
TW,roof_first,strength_lateral_HX_-1,T-W diagonal 10,408.69881968243664,0.0
TW,roof_first,strength_lateral_HX_-1,T-W balcony header,296.65512149434034,58.39503699332305
TW,roof_first,strength_lateral_HX_-1,T-W vertical 11,0.0,352.4360013124911
TW,roof_first,strength_lateral_HX_-1,T-W vertical 12,0.0,747.5007827119676
TW,roof_first,strength_lateral_HX_-1,T-W vertical 13,33.45147452204028,0.0
TW,roof_first,strength_lateral_HX_-1,T-W vertical 14,194.33449197856623,0.0
TW,roof_first,strength_lateral_HX_-1,T-W diagonal 15,396.33030057136796,0.0
TW,roof_first,strength_lateral_HX_-1,T-W diagonal 16,47.11539928595479,0.0
TW,roof_first,strength_lateral_HX_-1,T-W top / segment 1,0.0,2783.3519877973163
TW,roof_first,strength_lateral_HX_-1,T-W top / segment 2,354.663476420362,370.3858146768193
TW,roof_first,strength_lateral_HX_2,T-W / B-WO,837.5420905460934,711.7242246919462
TW,roof_first,strength_lateral_HX_2,T-W vertical 1,74.42758029461211,0.0
TW,roof_first,strength_lateral_HX_2,T-W vertical 2,215.40197430399678,0.0
TW,roof_first,strength_lateral_HX_2,T-W vertical 3,0.0,120.54168770836438
TW,roof_first,strength_lateral_HX_2,T-W vertical 4,0.0,351.7893444336885
TW,roof_first,strength_lateral_HX_2,T-W vertical 5,281.292284569335,0.0
TW,roof_first,strength_lateral_HX_2,T-W vertical 6,8.536723034273317,490.1959596449427
TW,roof_first,strength_lateral_HX_2,T-W vertical 7,0.0,372.74626150756956
TW,roof_first,strength_lateral_HX_2,T-W diagonal 8,0.0,279.6457874845653
TW,roof_first,strength_lateral_HX_2,T-W diagonal 9,2244.544481473967,0.0
TW,roof_first,strength_lateral_HX_2,T-W diagonal 10,620.1501913888859,0.0
TW,roof_first,strength_lateral_HX_2,T-W balcony header,91.96812887141348,82.15670543955439
TW,roof_first,strength_lateral_HX_2,T-W vertical 11,0.0,189.23192084873926
TW,roof_first,strength_lateral_HX_2,T-W vertical 12,0.0,383.383156672861
TW,roof_first,strength_lateral_HX_2,T-W vertical 13,0.0,13.107314897888612
TW,roof_first,strength_lateral_HX_2,T-W vertical 14,0.0,618.1352818083133
TW,roof_first,strength_lateral_HX_2,T-W diagonal 15,0.0,129.36521440496674
TW,roof_first,strength_lateral_HX_2,T-W diagonal 16,161.20693286410793,0.0
TW,roof_first,strength_lateral_HX_2,T-W top / segment 1,2108.9786497156565,1067.8510828898823
TW,roof_first,strength_lateral_HX_2,T-W top / segment 2,1621.083228958458,215.5041351678116
TW,roof_first,strength_lateral_HX_-2,T-W / B-WO,1897.7903672545126,1078.2370744641612
TW,roof_first,strength_lateral_HX_-2,T-W vertical 1,94.57622159287394,0.0
TW,roof_first,strength_lateral_HX_-2,T-W vertical 2,167.66846705701164,0.0
TW,roof_first,strength_lateral_HX_-2,T-W vertical 3,0.0,439.86227141118064
TW,roof_first,strength_lateral_HX_-2,T-W vertical 4,360.80501729094317,0.0
TW,roof_first,strength_lateral_HX_-2,T-W vertical 5,509.7616810051257,0.0
TW,roof_first,strength_lateral_HX_-2,T-W vertical 6,671.5020560047432,0.0
TW,roof_first,strength_lateral_HX_-2,T-W vertical 7,527.6547077946088,0.0
TW,roof_first,strength_lateral_HX_-2,T-W diagonal 8,0.0,717.5157996731826
TW,roof_first,strength_lateral_HX_-2,T-W diagonal 9,3351.6036639607387,0.0
TW,roof_first,strength_lateral_HX_-2,T-W diagonal 10,338.2150290004653,0.0
TW,roof_first,strength_lateral_HX_-2,T-W balcony header,422.92573072187633,90.40590345681288
TW,roof_first,strength_lateral_HX_-2,T-W vertical 11,0.0,406.83736164732
TW,roof_first,strength_lateral_HX_-2,T-W vertical 12,0.0,868.8733246301518
TW,roof_first,strength_lateral_HX_-2,T-W vertical 13,48.97107102856543,0.0
TW,roof_first,strength_lateral_HX_-2,T-W vertical 14,465.1577502164336,0.0
TW,roof_first,strength_lateral_HX_-2,T-W diagonal 15,569.8995968216353,0.0
TW,roof_first,strength_lateral_HX_-2,T-W diagonal 16,9.084888267913213,0.0
TW,roof_first,strength_lateral_HX_-2,T-W top / segment 1,0.0,3820.801660191769
TW,roof_first,strength_lateral_HX_-2,T-W top / segment 2,441.8102839946463,1034.2088315586486
TW,roof_first,lateral_HZ,T-W / B-WO,1487.4334116220323,182.5257017730179
TW,roof_first,lateral_HZ,T-W vertical 1,77.08879163106319,0.0
TW,roof_first,lateral_HZ,T-W vertical 2,163.0917412113697,0.0
TW,roof_first,lateral_HZ,T-W vertical 3,0.0,235.20978123407878
TW,roof_first,lateral_HZ,T-W vertical 4,31.47355706250724,0.0
TW,roof_first,lateral_HZ,T-W vertical 5,352.9687266893808,0.0
TW,roof_first,lateral_HZ,T-W vertical 6,120.78367162989461,0.0
TW,roof_first,lateral_HZ,T-W vertical 7,97.84556775253506,0.0
TW,roof_first,lateral_HZ,T-W diagonal 8,0.0,533.5818034425737
TW,roof_first,lateral_HZ,T-W diagonal 9,2366.011570850499,0.0
TW,roof_first,lateral_HZ,T-W diagonal 10,434.18297109883247,0.0
TW,roof_first,lateral_HZ,T-W balcony header,161.67854334079996,9.687204098229781
TW,roof_first,lateral_HZ,T-W vertical 11,0.0,273.57094190148854
TW,roof_first,lateral_HZ,T-W vertical 12,0.0,569.0606138838767
TW,roof_first,lateral_HZ,T-W vertical 13,17.29322958749015,0.0
TW,roof_first,lateral_HZ,T-W vertical 14,0.0,38.260287411533284
TW,roof_first,lateral_HZ,T-W diagonal 15,194.04663098617874,0.0
TW,roof_first,lateral_HZ,T-W diagonal 16,55.026725439695966,0.0
TW,roof_first,lateral_HZ,T-W top / segment 1,265.6483649593067,1883.2970186161629
TW,roof_first,lateral_HZ,T-W top / segment 2,154.9940864772783,154.76961634886123
TW,roof_first,strength_lateral_HZ_1,T-W / B-WO,1715.3778089370292,284.4256159949352
TW,roof_first,strength_lateral_HZ_1,T-W vertical 1,91.17244225720243,0.0
TW,roof_first,strength_lateral_HZ_1,T-W vertical 2,195.01427815174785,0.0
TW,roof_first,strength_lateral_HZ_1,T-W vertical 3,0.0,281.910111557749
TW,roof_first,strength_lateral_HZ_1,T-W vertical 4,34.40923535255354,0.0
TW,roof_first,strength_lateral_HZ_1,T-W vertical 5,418.88989245878497,0.0
TW,roof_first,strength_lateral_HZ_1,T-W vertical 6,137.8886946517084,0.0
TW,roof_first,strength_lateral_HZ_1,T-W vertical 7,112.98973622876264,0.0
TW,roof_first,strength_lateral_HZ_1,T-W diagonal 8,0.0,616.6786112120525
TW,roof_first,strength_lateral_HZ_1,T-W diagonal 9,2832.357253909992,0.0
TW,roof_first,strength_lateral_HZ_1,T-W diagonal 10,514.0467416939713,0.0
TW,roof_first,strength_lateral_HZ_1,T-W balcony header,190.07596404252186,14.084565207740553
TW,roof_first,strength_lateral_HZ_1,T-W vertical 11,0.0,323.2433841566266
TW,roof_first,strength_lateral_HZ_1,T-W vertical 12,0.0,673.4153241430236
TW,roof_first,strength_lateral_HZ_1,T-W vertical 13,20.281876152602965,0.0
TW,roof_first,strength_lateral_HZ_1,T-W vertical 14,0.0,51.008412801355895
TW,roof_first,strength_lateral_HZ_1,T-W diagonal 15,231.17346655435603,0.0
TW,roof_first,strength_lateral_HZ_1,T-W diagonal 16,69.2177094858742,0.0
TW,roof_first,strength_lateral_HZ_1,T-W top / segment 1,364.52554712533305,2181.419797088141
TW,roof_first,strength_lateral_HZ_1,T-W top / segment 2,199.58019090517087,165.7347416429749
TW,roof_first,strength_lateral_HZ_-1,T-W / B-WO,1019.9546395297808,938.3736320178259
TW,roof_first,strength_lateral_HZ_-1,T-W vertical 1,77.83135946919403,0.0
TW,roof_first,strength_lateral_HZ_-1,T-W vertical 2,188.05616361848521,0.0
TW,roof_first,strength_lateral_HZ_-1,T-W vertical 3,0.0,278.4938460092864
TW,roof_first,strength_lateral_HZ_-1,T-W vertical 4,0.8188755640592286,25.393567424469193
TW,roof_first,strength_lateral_HZ_-1,T-W vertical 5,372.16407104482056,0.0
TW,roof_first,strength_lateral_HZ_-1,T-W vertical 6,67.37153943290907,0.0
TW,roof_first,strength_lateral_HZ_-1,T-W vertical 7,68.74025790417774,0.0
TW,roof_first,strength_lateral_HZ_-1,T-W diagonal 8,0.0,380.4829723684164
TW,roof_first,strength_lateral_HZ_-1,T-W diagonal 9,2763.790880628475,0.0
TW,roof_first,strength_lateral_HZ_-1,T-W diagonal 10,444.3184802377442,0.0
TW,roof_first,strength_lateral_HZ_-1,T-W balcony header,150.69305950763408,38.68377664314932
TW,roof_first,strength_lateral_HZ_-1,T-W vertical 11,0.0,272.8258961565621
TW,roof_first,strength_lateral_HZ_-1,T-W vertical 12,0.0,578.8411532150094
TW,roof_first,strength_lateral_HZ_-1,T-W vertical 13,15.581879648377125,0.0
TW,roof_first,strength_lateral_HZ_-1,T-W vertical 14,0.0,101.96912246314777
TW,roof_first,strength_lateral_HZ_-1,T-W diagonal 15,214.34854222892048,0.0
TW,roof_first,strength_lateral_HZ_-1,T-W diagonal 16,101.07411253135314,0.0
TW,roof_first,strength_lateral_HZ_-1,T-W top / segment 1,822.0009010756156,1503.5167546813084
TW,roof_first,strength_lateral_HZ_-1,T-W top / segment 2,423.2913106164419,0.0
TW,roof_first,strength_lateral_HZ_2,T-W / B-WO,2063.0893897961637,96.8397702232702
TW,roof_first,strength_lateral_HZ_2,T-W vertical 1,97.84298360892255,0.0
TW,roof_first,strength_lateral_HZ_2,T-W vertical 2,198.49333551993664,0.0
TW,roof_first,strength_lateral_HZ_2,T-W vertical 3,0.0,283.61824389564214
TW,roof_first,strength_lateral_HZ_2,T-W vertical 4,51.20441383760174,0.0
TW,roof_first,strength_lateral_HZ_2,T-W vertical 5,442.25280250660967,0.0
TW,roof_first,strength_lateral_HZ_2,T-W vertical 6,173.14727094840848,0.0
TW,roof_first,strength_lateral_HZ_2,T-W vertical 7,135.11447446179534,0.0
TW,roof_first,strength_lateral_HZ_2,T-W diagonal 8,0.0,734.7764292152971
TW,roof_first,strength_lateral_HZ_2,T-W diagonal 9,2866.6404374036433,0.0
TW,roof_first,strength_lateral_HZ_2,T-W diagonal 10,548.9108727586804,0.0
TW,roof_first,strength_lateral_HZ_2,T-W balcony header,209.76741575335242,1.7849594919656486
TW,roof_first,strength_lateral_HZ_2,T-W vertical 11,0.0,348.45212749761976
TW,roof_first,strength_lateral_HZ_2,T-W vertical 12,0.0,720.7024085077859
TW,roof_first,strength_lateral_HZ_2,T-W vertical 13,22.631874313213064,0.0
TW,roof_first,strength_lateral_HZ_2,T-W vertical 14,0.0,25.528059067937267
TW,roof_first,strength_lateral_HZ_2,T-W diagonal 15,239.58592799563164,0.0
TW,roof_first,strength_lateral_HZ_2,T-W diagonal 16,53.28950824273678,0.0
TW,roof_first,strength_lateral_HZ_2,T-W top / segment 1,135.78787772365504,2574.1031022665466
TW,roof_first,strength_lateral_HZ_2,T-W top / segment 2,131.6437126136976,265.67879141169976
TW,roof_first,strength_lateral_HZ_-2,T-W / B-WO,672.2430665921953,1265.3476335171995
TW,roof_first,strength_lateral_HZ_-2,T-W vertical 1,71.16081827973109,0.0
TW,roof_first,strength_lateral_HZ_-2,T-W vertical 2,184.57710616218793,0.0
TW,roof_first,strength_lateral_HZ_-2,T-W vertical 3,0.0,276.78571420801114
TW,roof_first,strength_lateral_HZ_-2,T-W vertical 4,0.0,42.18874405817142
TW,roof_first,strength_lateral_HZ_-2,T-W vertical 5,348.8011620010873,0.0
TW,roof_first,strength_lateral_HZ_-2,T-W vertical 6,33.60328072410871,0.0
TW,roof_first,strength_lateral_HZ_-2,T-W vertical 7,46.615520981125336,0.0
TW,roof_first,strength_lateral_HZ_-2,T-W diagonal 8,0.0,262.38515718473104
TW,roof_first,strength_lateral_HZ_-2,T-W diagonal 9,2729.5077012030406,0.0
TW,roof_first,strength_lateral_HZ_-2,T-W diagonal 10,409.45434917737794,0.0
TW,roof_first,strength_lateral_HZ_-2,T-W balcony header,131.00160839638497,50.9833819338771
TW,roof_first,strength_lateral_HZ_-2,T-W vertical 11,0.0,247.617153951383
TW,roof_first,strength_lateral_HZ_-2,T-W vertical 12,0.0,531.5540711822869
TW,roof_first,strength_lateral_HZ_-2,T-W vertical 13,13.231881644733317,0.0
TW,roof_first,strength_lateral_HZ_-2,T-W vertical 14,0.0,127.4494746501148
TW,roof_first,strength_lateral_HZ_-2,T-W diagonal 15,205.9360811404113,0.0
TW,roof_first,strength_lateral_HZ_-2,T-W diagonal 16,117.00231300880407,0.0
TW,roof_first,strength_lateral_HZ_-2,T-W top / segment 1,1050.7385593536846,1261.1312301850621
TW,roof_first,strength_lateral_HZ_-2,T-W top / segment 2,553.145400547072,0.0
TW,roof_first,basic_Droof,T-W / B-WO,641.2054644492949,277.7872294317787
TW,roof_first,basic_Droof,T-W vertical 1,89.54539119314397,0.0
TW,roof_first,basic_Droof,T-W vertical 2,114.79329294093517,0.0
TW,roof_first,basic_Droof,T-W vertical 3,0.0,41.65406112311159
TW,roof_first,basic_Droof,T-W vertical 4,66.77582014974362,0.0
TW,roof_first,basic_Droof,T-W vertical 5,195.0378098767433,0.0
TW,roof_first,basic_Droof,T-W vertical 6,70.58154722373511,0.0
TW,roof_first,basic_Droof,T-W vertical 7,31.26290168326571,0.0
TW,roof_first,basic_Droof,T-W diagonal 8,0.0,248.09002935338958
TW,roof_first,basic_Droof,T-W diagonal 9,1320.1857494998947,0.0
TW,roof_first,basic_Droof,T-W diagonal 10,206.56994824896336,0.0
TW,roof_first,basic_Droof,T-W balcony header,76.2851603736915,0.0
TW,roof_first,basic_Droof,T-W vertical 11,0.0,138.04251475180095
TW,roof_first,basic_Droof,T-W vertical 12,0.0,283.9125848155419
TW,roof_first,basic_Droof,T-W vertical 13,14.024066872741322,0.0
TW,roof_first,basic_Droof,T-W vertical 14,0.0,34.631268693986975
TW,roof_first,basic_Droof,T-W diagonal 15,68.6284457068463,0.0
TW,roof_first,basic_Droof,T-W diagonal 16,16.728072637608594,0.0
TW,roof_first,basic_Droof,T-W top / segment 1,359.05916441594854,870.6360544431109
TW,roof_first,basic_Droof,T-W top / segment 2,135.52375416550342,30.773930116398045
TW,roof_first,basic_Dsteel,T-W / B-WO,498.51642369266307,231.71242865190925
TW,roof_first,basic_Dsteel,T-W vertical 1,0.0,19.12713982754797
TW,roof_first,basic_Dsteel,T-W vertical 2,44.81939120014075,0.0
TW,roof_first,basic_Dsteel,T-W vertical 3,0.0,212.60475254125993
TW,roof_first,basic_Dsteel,T-W vertical 4,0.0,73.94113914185763
TW,roof_first,basic_Dsteel,T-W vertical 5,134.56801131796007,0.0
TW,roof_first,basic_Dsteel,T-W vertical 6,38.08042822331871,11.66868751746681
TW,roof_first,basic_Dsteel,T-W vertical 7,44.45793267640116,0.0
TW,roof_first,basic_Dsteel,T-W diagonal 8,0.0,167.3941170947291
TW,roof_first,basic_Dsteel,T-W diagonal 9,1011.5427182972094,0.0
TW,roof_first,basic_Dsteel,T-W diagonal 10,192.74907796049212,0.0
TW,roof_first,basic_Dsteel,T-W balcony header,65.7019354365181,39.389508437853245
TW,roof_first,basic_Dsteel,T-W vertical 11,0.0,110.31968868298516
TW,roof_first,basic_Dsteel,T-W vertical 12,0.0,237.86095362099292
TW,roof_first,basic_Dsteel,T-W vertical 13,0.9191650915428012,0.0
TW,roof_first,basic_Dsteel,T-W vertical 14,0.0,29.10936694067514
TW,roof_first,basic_Dsteel,T-W diagonal 15,117.00611746939921,0.0
TW,roof_first,basic_Dsteel,T-W diagonal 16,54.22685125459381,0.0
TW,roof_first,basic_Dsteel,T-W top / segment 1,135.32682371297776,619.9777248494573
TW,roof_first,basic_Dsteel,T-W top / segment 2,109.00723196785425,24.051658881232488
TW,roof_first,basic_Dwall,T-W / B-WO,199.73745413987754,69.03026459436181
TW,roof_first,basic_Dwall,T-W vertical 1,9.889233644810368,0.0
TW,roof_first,basic_Dwall,T-W vertical 2,4.321174085162344,0.0
TW,roof_first,basic_Dwall,T-W vertical 3,0.0,135.39475069111992
TW,roof_first,basic_Dwall,T-W vertical 4,0.0,104.45361202081581
TW,roof_first,basic_Dwall,T-W vertical 5,35.34437515260125,0.0
TW,roof_first,basic_Dwall,T-W vertical 6,0.0,27.502245812319117
TW,roof_first,basic_Dwall,T-W vertical 7,13.071158798624992,0.0
TW,roof_first,basic_Dwall,T-W diagonal 8,0.0,58.936440362148936
TW,roof_first,basic_Dwall,T-W diagonal 9,372.8150078031041,0.0
TW,roof_first,basic_Dwall,T-W diagonal 10,13.381663021301934,0.0
TW,roof_first,basic_Dwall,T-W balcony header,25.875352482542045,0.0
TW,roof_first,basic_Dwall,T-W vertical 11,0.0,42.29258066850952
TW,roof_first,basic_Dwall,T-W vertical 12,0.0,74.46881842513865
TW,roof_first,basic_Dwall,T-W vertical 13,2.4033080407036373,0.0
TW,roof_first,basic_Dwall,T-W vertical 14,0.0,12.502557502571534
TW,roof_first,basic_Dwall,T-W diagonal 15,0.0,8.784813435338819
TW,roof_first,basic_Dwall,T-W diagonal 16,0.0,18.80525050159338
TW,roof_first,basic_Dwall,T-W top / segment 1,74.58911694119354,228.8707504754401
TW,roof_first,basic_Dwall,T-W top / segment 2,48.985052862032674,0.0
TW,roof_first,basic_HX,T-W / B-WO,350.84638423292967,265.0620690338504
TW,roof_first,basic_HX,T-W vertical 1,0.0,5.037160313557498
TW,roof_first,basic_HX,T-W vertical 2,11.93337680837651,0.0
TW,roof_first,basic_HX,T-W vertical 3,79.83014591080739,0.0
TW,roof_first,basic_HX,T-W vertical 4,0.0,171.5954796301281
TW,roof_first,basic_HX,T-W vertical 5,0.0,57.11734908601045
TW,roof_first,basic_HX,T-W vertical 6,0.0,284.43596835034606
TW,roof_first,basic_HX,T-W vertical 7,0.0,218.39485456709073
TW,roof_first,basic_HX,T-W diagonal 8,109.46750299478269,0.0
TW,roof_first,basic_HX,T-W diagonal 9,0.0,276.76480710164276
TW,roof_first,basic_HX,T-W diagonal 10,70.48379059727833,0.0
TW,roof_first,basic_HX,T-W balcony header,32.38781484340652,126.2706090484486
TW,roof_first,basic_HX,T-W vertical 11,54.401360184369395,0.0
TW,roof_first,basic_HX,T-W vertical 12,121.37254199568255,0.0
TW,roof_first,basic_HX,T-W vertical 13,0.0,15.519596478361459
TW,roof_first,basic_HX,T-W vertical 14,0.0,270.8232580845952
TW,roof_first,basic_HX,T-W diagonal 15,0.0,173.5695367723275
TW,roof_first,basic_HX,T-W diagonal 16,38.03077665562152,0.0
TW,roof_first,basic_HX,T-W top / segment 1,1037.4498168356713,0.0
TW,roof_first,basic_HX,T-W top / segment 2,663.823014916707,147.694402065394
TW,roof_first,basic_HZ,T-W / B-WO,348.0674231376512,0.0
TW,roof_first,basic_HZ,T-W vertical 1,6.670541224809202,0.0
TW,roof_first,basic_HZ,T-W vertical 2,3.479057328332378,0.0
TW,roof_first,basic_HZ,T-W vertical 3,0.0,17.882725701227674
TW,roof_first,basic_HZ,T-W vertical 4,16.79517805844421,0.0
TW,roof_first,basic_HZ,T-W vertical 5,23.362909617376182,0.0
TW,roof_first,basic_HZ,T-W vertical 6,35.25857561337882,0.0
TW,roof_first,basic_HZ,T-W vertical 7,22.124737793880293,0.0
TW,roof_first,basic_HZ,T-W diagonal 8,0.0,118.09781602683557
TW,roof_first,basic_HZ,T-W diagonal 9,34.28319028914047,0.0
TW,roof_first,basic_HZ,T-W diagonal 10,34.86415808796732,0.0
TW,roof_first,basic_HZ,T-W balcony header,19.691451319934963,0.38275373414010483
TW,roof_first,basic_HZ,T-W vertical 11,0.0,25.208742858310735
TW,roof_first,basic_HZ,T-W vertical 12,0.0,47.287083454265996
TW,roof_first,basic_HZ,T-W vertical 13,2.349998100120215,0.0
TW,roof_first,basic_HZ,T-W vertical 14,25.480353267481192,0.0
TW,roof_first,basic_HZ,T-W diagonal 15,8.412529145373231,0.0
TW,roof_first,basic_HZ,T-W diagonal 16,0.0,15.928220503038046
TW,roof_first,basic_HZ,T-W top / segment 1,0.0,392.6837163808268
TW,roof_first,basic_HZ,T-W top / segment 2,3.8928265199416776,129.85409500162808
TW,roof_first,basic_R20,T-W / B-WO,1366.2394964622606,507.2840212168331
TW,roof_first,basic_R20,T-W vertical 1,161.8566352716013,0.0
TW,roof_first,basic_R20,T-W vertical 2,212.34113143848452,0.0
TW,roof_first,basic_R20,T-W vertical 3,0.0,89.99984483666182
TW,roof_first,basic_R20,T-W vertical 4,251.12167683638123,0.0
TW,roof_first,basic_R20,T-W vertical 5,469.93658736689196,0.0
TW,roof_first,basic_R20,T-W vertical 6,141.7057877154137,0.0
TW,roof_first,basic_R20,T-W vertical 7,95.29696276719086,0.0
TW,roof_first,basic_R20,T-W diagonal 8,0.0,511.8024652073516
TW,roof_first,basic_R20,T-W diagonal 9,2694.573475664993,0.0
TW,roof_first,basic_R20,T-W diagonal 10,291.96517729066164,0.0
TW,roof_first,basic_R20,T-W balcony header,195.89367321948134,35.01642072689558
TW,roof_first,basic_R20,T-W vertical 11,0.0,274.46260704010405
TW,roof_first,basic_R20,T-W vertical 12,0.0,611.8302433362168
TW,roof_first,basic_R20,T-W vertical 13,39.35044088513619,0.0
TW,roof_first,basic_R20,T-W vertical 14,0.0,76.20754305503047
TW,roof_first,basic_R20,T-W diagonal 15,258.69102670135584,0.0
TW,roof_first,basic_R20,T-W diagonal 16,109.1530065761664,0.0
TW,roof_first,basic_R20,T-W top / segment 1,705.9374293953857,1817.717756680642
TW,roof_first,basic_R20,T-W top / segment 2,287.22479745215287,87.5842149612168
TW,roof_first,basic_U20,T-W / B-WO,507.2840212168331,1366.2394964622606
TW,roof_first,basic_U20,T-W vertical 1,0.0,161.8566352716013
TW,roof_first,basic_U20,T-W vertical 2,0.0,212.34113143848452
TW,roof_first,basic_U20,T-W vertical 3,89.99984483666182,0.0
TW,roof_first,basic_U20,T-W vertical 4,0.0,251.12167683638123
TW,roof_first,basic_U20,T-W vertical 5,0.0,469.93658736689196
TW,roof_first,basic_U20,T-W vertical 6,0.0,141.7057877154137
TW,roof_first,basic_U20,T-W vertical 7,0.0,95.29696276719086
TW,roof_first,basic_U20,T-W diagonal 8,511.8024652073516,0.0
TW,roof_first,basic_U20,T-W diagonal 9,0.0,2694.573475664993
TW,roof_first,basic_U20,T-W diagonal 10,0.0,291.96517729066164
TW,roof_first,basic_U20,T-W balcony header,35.01642072689558,195.89367321948134
TW,roof_first,basic_U20,T-W vertical 11,274.46260704010405,0.0
TW,roof_first,basic_U20,T-W vertical 12,611.8302433362168,0.0
TW,roof_first,basic_U20,T-W vertical 13,0.0,39.35044088513619
TW,roof_first,basic_U20,T-W vertical 14,76.20754305503047,0.0
TW,roof_first,basic_U20,T-W diagonal 15,0.0,258.69102670135584
TW,roof_first,basic_U20,T-W diagonal 16,0.0,109.1530065761664
TW,roof_first,basic_U20,T-W top / segment 1,1817.717756680642,705.9374293953857
TW,roof_first,basic_U20,T-W top / segment 2,87.5842149612168,287.22479745215287
