case,node,CAD_x_in,CAD_y_in,CAD_z_in,FX_lb,FY_lb,FZ_lb,MX_lb_in,MY_lb_in,MZ_lb_in
service40,N50,224.25,-63.0,120.0,2.415233950429036,-588.2421759848075,-5.149591004199233,4453.66792411084,-431.828668848404,-43.19572641900475
service40,N60,224.25,253.0,228.398,-399.015365421772,4072.7625046372414,2482.52940890193,8179.898656249046,-897.4656499624252,1110.1843980168924
service40,N70,224.25,0.0,130.311,7.606650390320277e-13,-9.01856236630505,6.47474806351583e-12,-1.8477027197416902e-11,-2.0795352638884095e-13,2.231685761987527e-12
service40,N71,224.25,0.0,153.373,180.03967534648257,-1475.1266454318527,-335.6614823220002,7367.657947120022,440.0608139623471,3000.638641727874
service40,N72,224.25,0.0,156.373,0.12633132934570312,30.81687819957733,1.19122314453125,-26.473426818847656,4.335842081345618,-1.3666162490844727
service40,N154,224.25,0.0,120.0,-240.43017177336242,11378.9560619056,975.7443641115169,-6898.798298529768,-917.6479734223899,-916.2383466660194
service40,N161,224.25,69.75,120.0,-620.6897283428137,-879.5497374823942,-21.638642210561787,82.57563890700601,-2680.30827410748,9142.70312256407
service40,N169,224.25,122.762,120.0,2.357675728670379,-8185.811393170132,-4556.173405638828,-2138.021598826594,104.03463620353524,-1092.7211021917421
service40,N177,224.25,185.0,120.0,-291.4728973342405,-12950.71323834351,5221.4128621177515,3392.91126237782,-1677.6329005944826,66692.4847990769
service40,N186,224.25,249.0,120.0,-951.4109957931792,1670.0441791717258,-498.2119702657513,5898.125640077435,1816.391922268726,-12701.452195644668
service40,N188,224.25,253.0,120.0,735.6296852668884,2237.451535335667,376.71479091917365,393.37254936444833,-1565.2977077371222,673.4442193030236
service40,N245,224.25,69.75,150.143,1.89250770653598,-33.40343230916187,-0.020939794601872563,-0.10394803830422461,-1.910810635893995,13.72601735824719
service40,N424,224.25,-0.0,121.5,106.11450055000647,-1927.5515103105135,-460.98728944993945,-5173.3275824852535,-169.09776854732044,-903.9060780627109
service40,N425,224.25,-0.0,150.796,-106.11450104446357,1892.9082170682673,460.9872899475723,-8331.756062558154,169.09776854712712,-2204.824344455679
service40,N426,224.25,69.75,121.5,75.15841151917783,135.61721507601743,-3.2018202658152806,-156.05129824836916,-62.65152570694139,-1235.3812674111832
service40,N427,224.25,69.75,144.689,2.3283064365386963e-10,-9.272280334029347,0.0,0.0,0.0,-4.656612873077393e-10
service40,N428,224.25,69.75,152.368,84.19756979565194,-1965.1308447105805,16.131185622737522,393.35794194294454,86.72415515541941,-1888.8779622268296
service40,N466,224.25,69.75,193.643,-116.56963641941547,-717.6813198626041,7.361467599868774,58.92653274536133,174.38849449914414,2706.5196907520294
service40,N527,224.25,249.0,229.319,383.7318170365305,1230.7658721226783,-2566.2008805274113,476.7618339114559,1333.297793896911,6441.446159036448
service40,N555,224.25,69.75,147.143,467.03789657447487,430.0135757755488,-19.86332632554695,-458.74929908441845,-399.8464353450745,4299.535547240172
service40,N631,224.25,-63.0,122.0,1.9163916411910236,90.59378151107893,-876.4234834179932,355.1681237038284,-626.052400314063,-393.1094387385891
service40,N640,224.25,-0.0,156.677,32.52025604248047,1899.2605552375317,306.63922119140625,-6907.753105163574,681.811167200096,-341.89484786987305
service40,N658,224.25,120.0,222.729,192.97244503129824,-35.34763835155068,112.30660021496786,-1526.447122456025,1391.2667174122414,3221.8072263271984
service40,N659,224.25,122.762,224.25,-103.21488101035357,8582.191243872046,-5208.382932186127,2838.702924013138,-2914.1042317945976,-2891.806314341724
service40,N665,224.25,150.0,231.911,222.5022621581884,-118.84254198496357,-70.14786058375307,1551.6422867909746,457.5360972329113,5098.628203579252
service40,N672,224.25,185.0,231.911,-2.357676863670349,8087.562452837825,4556.173403739929,-1437.8805356025696,42.70245252002496,828.8711345791817
service40,N681,224.25,235.0,231.911,342.66318387807746,-89.5578107690356,104.87176945765063,-1286.8803685881144,-613.1463955315754,3217.8614157324564
service_patches,N50,224.25,-63.0,120.0,0.9376344213911783,-642.710735567904,142.5430720580129,4736.816967894086,-467.67463139158605,-34.404810644901154
service_patches,N60,224.25,253.0,228.398,-466.48646887391806,4440.257090270519,2727.661817625165,8767.42143073678,-993.2868694104254,1194.1438384559005
service_patches,N70,224.25,0.0,130.311,-1.0701699673297994e-12,-9.018562366302554,1.8938769809138937e-12,-1.9022215772298247e-11,-1.6391282694640258e-13,2.0520518541019396e-12
service_patches,N71,224.25,0.0,153.373,179.8153032178096,-1531.9282706261613,-363.95133562629314,7867.755813309296,425.049080599624,2995.6201600412833
service_patches,N72,224.25,0.0,156.373,0.110870361328125,31.9109648168087,1.29364013671875,-28.933059692382812,4.086992621421814,-1.2388172149658203
service_patches,N154,224.25,0.0,120.0,-236.7248683310615,12182.292949505192,1042.6741414349935,-7449.4952991505525,-940.5691992019201,-980.377256659106
service_patches,N161,224.25,69.75,120.0,-680.6091252449731,-1235.3024936115473,-22.86893558825192,86.67113468261988,-2839.2184763567298,10098.925707401513
service_patches,N169,224.25,122.762,120.0,2.36921677347853,-9001.785243324373,-5012.578654691368,-2330.965593300655,110.57318395624357,-1200.1023734304151
service_patches,N177,224.25,185.0,120.0,-321.90630634703155,-14561.700712175458,5624.051301778411,3698.579362741657,-1998.7241468124612,73834.79999199149
service_patches,N186,224.25,249.0,120.0,-1121.522316041185,1727.5587842507096,-530.7177093278715,5610.026062363685,1793.6539005462976,-13857.734442385921
service_patches,N188,224.25,253.0,120.0,880.4545688944424,2474.68239408526,399.8252872648824,428.23616404384006,-1867.9617716941918,845.0662620280737
service_patches,N245,224.25,69.75,150.143,2.0162360415561125,-33.27315558260307,-0.023034540005028248,-0.16516777081415057,-2.078906071707479,14.067304407479241
service_patches,N424,224.25,-0.0,121.5,108.80152481974773,-1996.437736322215,-500.21797725871494,-5667.318606473393,-152.0957246026259,-1025.2524499773142
service_patches,N425,224.25,-0.0,150.796,-108.80152545632478,1961.794443081288,500.21797690829703,-8987.067245843718,152.0957246027032,-2162.1970396794295
service_patches,N426,224.25,69.75,121.5,80.47701930454886,215.05483290090788,-3.6153396526869,-176.2853649592347,-70.55176720373423,-1362.321934617072
service_patches,N427,224.25,69.75,144.689,4.656612873077393e-10,-9.27228033496067,-4.656612873077393e-10,4.656612873077393e-10,9.094947017729282e-13,-4.656612873077393e-10
service_patches,N428,224.25,69.75,152.368,86.77983000303394,-2272.7685061955344,18.416751160974336,428.43401598884486,112.0012986262192,-1953.4510644812624
service_patches,N466,224.25,69.75,193.643,-97.48943734914064,-824.4237669110298,7.831479787826538,38.48583173751831,181.3444709191681,2914.7314177304506
service_patches,N527,224.25,249.0,229.319,463.31090776528157,1333.0532718931315,-2823.1053173225873,-30.365205539806887,1480.944027833985,8587.612261124117
service_patches,N555,224.25,69.75,147.143,500.08797279698774,660.8821101486683,-22.428695627488196,-518.4928009025753,-450.26633119217877,4358.223379717208
service_patches,N631,224.25,-63.0,122.0,-0.025653914586224364,-35.04264366963857,-1071.4753993384961,673.4905606199151,-700.1118763595521,-300.67140650924875
service_patches,N640,224.25,-0.0,156.677,28.541763305664062,1965.285598218441,333.0113525390625,-7548.901817321777,642.6795895844698,-310.20786571502686
service_patches,N658,224.25,120.0,222.729,199.4889447830068,-33.147853398754116,115.6160028076577,-1517.9475065796782,1424.8358650480745,3199.663199457375
service_patches,N659,224.25,122.762,224.25,-113.17720620334148,9247.873556226492,-5610.435854434967,3015.2353575229645,-3151.5873911106337,-3098.708903193474
service_patches,N665,224.25,150.0,231.911,245.00957139404468,-117.82163399539539,-77.35413877629924,1585.5783471492912,504.5880048517859,5085.158789850578
service_patches,N672,224.25,185.0,231.911,-2.369217187166214,8903.536303371191,5012.578652858734,-1537.1238470077515,36.882145836018026,934.9609261155128
service_patches,N681,224.25,235.0,231.911,370.9107651494962,-85.85376664446466,113.0510359469494,-1137.4332138922236,-692.1566318240368,2913.0634467375303
typical30,N50,224.25,-63.0,120.0,-1.6696960109578798,-333.16737093900895,178.1382129161737,2449.2871123484997,-441.0875391003607,-78.45925681650418
typical30,N60,224.25,253.0,228.398,-351.75460170581937,2364.268249422312,1567.3200749754906,4239.76312892139,-737.1978867761791,896.2293669711798
typical30,N70,224.25,0.0,130.311,-2.797612019361269e-13,-9.018562366275297,1.8251091937168904e-12,9.214790202516996e-13,-1.8380014814947713e-13,-4.993616093637444e-13
typical30,N71,224.25,0.0,153.373,149.282720970523,-772.8203619165599,-232.16094644231273,5113.070292592341,512.3133839734735,2969.167744685321
typical30,N72,224.25,0.0,156.373,0.06967544555664062,14.926120027899742,0.768096923828125,-15.78915023803711,3.733066873624921,-0.5953903198242188
typical30,N154,224.25,0.0,120.0,-186.93406131090308,6939.588027665763,601.7467701836413,-4638.3004418281525,-653.3733697835828,-698.5037698403694
typical30,N161,224.25,69.75,120.0,-522.9676571822164,-723.0714171592315,-16.531440339561435,63.25330888501002,-2059.0846433386628,7353.21284932822
typical30,N169,224.25,122.762,120.0,2.660090047008008,-5348.432002155736,-2965.473074491626,-1096.5316500847816,95.0179822118087,-894.4301749780209
typical30,N177,224.25,185.0,120.0,-247.6725500293644,-9022.298572584186,3306.179066408273,1928.9828277236666,-1273.2864897984605,55460.88992829079
typical30,N186,224.25,249.0,120.0,-815.8109759440663,976.1273356567103,-315.8570019047999,3379.751952381412,1512.3458853322995,-10381.071777986645
typical30,N188,224.25,253.0,120.0,631.3895356350954,1444.6069067100623,241.9240069360392,244.49342673422308,-1338.2069828367266,602.3316395700202
typical30,N245,224.25,69.75,150.143,1.504232507548295,-27.151537058642134,-0.015222603571601212,-0.05548862740397453,-1.4458493642241592,11.377555362414569
typical30,N424,224.25,-0.0,121.5,94.4498026719006,-996.4624108697309,-308.5605598704026,-3672.0379647151326,-50.55409042277646,-728.1824848696118
typical30,N425,224.25,-0.0,150.796,-94.4498028512303,961.8191176326787,308.56055996041107,-5367.552199431946,50.55409042298546,-2038.818939227578
typical30,N426,224.25,69.75,121.5,60.88349541882799,154.76284627668898,-2.487979397757485,-114.40359889217748,-47.07717840675503,-1007.5556062479947
typical30,N427,224.25,69.75,144.689,-2.3283064365386963e-10,-9.272280334727839,0.0,4.656612873077393e-10,-4.547473508864641e-13,-2.3283064365386963e-10
typical30,N428,224.25,69.75,152.368,58.65972866429845,-1784.3376467621538,12.882581473717142,263.8566732242428,63.189057277584034,-1416.5909787299734
typical30,N466,224.25,69.75,193.643,-67.84835760295391,-637.6931635588408,5.3793381452560425,24.743008255958557,107.03567621915136,2163.863356515765
typical30,N527,224.25,249.0,229.319,348.23466945413026,987.2247709670535,-1625.5737586982218,-1689.0536842996557,1111.4488255502947,4719.937276054868
typical30,N555,224.25,69.75,147.143,378.33290551486425,485.65627926029265,-15.434822025243193,-313.93716814625077,-300.44985751777676,3440.5928266603732
typical30,N631,224.25,-63.0,122.0,6.958880746889508,-234.31320955863004,-730.3390304452679,1304.0877694583533,-403.7681335200057,-529.4630678860522
typical30,N640,224.25,-0.0,156.677,17.936691284179688,940.2980957776308,197.73208618164062,-4124.4001388549805,587.0247657457367,-147.80698204040527
typical30,N658,224.25,120.0,222.729,156.50590904405627,-45.16914689608802,95.22045651441404,-1646.4825638794516,1389.9138162112702,3212.160251519133
typical30,N659,224.25,122.762,224.25,-87.2426229971461,5414.82675793767,-3294.1568524837494,1878.8731966018677,-2472.97309115433,-2508.165490743704
typical30,N665,224.25,150.0,231.911,191.10049530888932,-113.80917854691393,-60.090676886392934,1619.845504485157,408.70338637371674,4714.945551009025
typical30,N672,224.25,185.0,231.911,-2.660089910030365,5250.183063089848,2965.4730739593506,-1055.3242857456207,70.5406816295581,596.7368743121624
typical30,N681,224.25,235.0,231.911,281.0415775580612,-103.30543666890968,85.35700893417278,-1249.2323933639605,-539.0928259659065,3947.4458180489464
storage125_sensitivity,N50,224.25,-63.0,120.0,6.23670129859215,-956.2795462804178,819.3214120002576,6516.127365753577,-692.6817670008363,76.60407599728799
storage125_sensitivity,N60,224.25,253.0,228.398,-974.3402536511421,6308.315104603767,4145.940230756998,11399.54942330718,-2199.8154696151614,3084.540754614398
storage125_sensitivity,N70,224.25,0.0,130.311,2.529699735858099e-12,-9.018562366272393,1.1119512598823256e-11,-5.137471492381245e-12,-2.190077711087632e-13,7.0274218250649064e-12
storage125_sensitivity,N71,224.25,0.0,153.373,251.2506750660611,-1869.405025888172,-567.691501271885,11215.79131041705,-12.426266026348973,3345.5194251968414
storage125_sensitivity,N72,224.25,0.0,156.373,0.1840972900390625,38.88053199648857,1.92828369140625,-45.10150146484375,3.995770899578929,-2.6123085021972656
storage125_sensitivity,N154,224.25,0.0,120.0,-360.435200427068,17384.173111433403,1407.614368949111,-10625.925441865773,-1837.4694669147202,-2563.4635652840734
storage125_sensitivity,N161,224.25,69.75,120.0,-1511.1872199212967,-2112.5000379424882,-47.65815467713318,180.00249722064513,-5889.185118910237,19666.675411717864
storage125_sensitivity,N169,224.25,122.762,120.0,-3.2873890291182106,-13931.293386040685,-7769.565903178299,-3499.7180166500034,35.81448376599477,-2589.2045466656223
storage125_sensitivity,N177,224.25,185.0,120.0,-645.2312876603125,-24572.927843405196,8305.900576398592,5621.560868903565,-4080.5465733443416,170677.71602916214
storage125_sensitivity,N186,224.25,249.0,120.0,-2352.3272057850154,2451.7962987761016,-768.5799200024572,8028.852942348295,4813.568896110879,-33305.574232563486
storage125_sensitivity,N188,224.25,253.0,120.0,1814.8686465397773,3570.4186395081815,575.2402211420111,626.8008683392861,-3848.822121168196,1479.7922353577003
storage125_sensitivity,N245,224.25,69.75,150.143,4.507520562270656,-76.94046866055578,-0.04235923336818814,-0.5011804127134383,-4.293532022207728,30.70299361180514
storage125_sensitivity,N424,224.25,-0.0,121.5,146.64509248309926,-2421.4719135887867,-763.738018362919,-9029.176620309923,-453.5342820038215,-1686.3581253087082
storage125_sensitivity,N425,224.25,-0.0,150.796,-146.64509305142712,2386.8286203483212,763.7380181262643,-13345.292358870904,453.53428200389357,-2609.7565188599324
storage125_sensitivity,N426,224.25,69.75,121.5,175.73314768484113,372.54293207718155,-6.338288437535856,-303.15103333916045,-165.18231352223762,-2920.157136748312
storage125_sensitivity,N427,224.25,69.75,144.689,-4.656612873077393e-10,-9.272280334495008,-4.656612873077393e-10,9.313225746154785e-10,1.8189894035458565e-12,-9.313225746154785e-10
storage125_sensitivity,N428,224.25,69.75,152.368,224.19130791067627,-4682.901038745206,31.6322613657241,639.8180254972322,375.17953281704666,-4587.983865737823
storage125_sensitivity,N466,224.25,69.75,193.643,-192.4351163506508,-1752.266064941883,14.679667472839355,-20.512051582336426,411.5340794327203,6913.734810948372
storage125_sensitivity,N527,224.25,249.0,229.319,954.6533660774455,2512.53973140594,-4271.287638035349,-3170.8578274466945,3204.3332122034326,20191.46556721567
storage125_sensitivity,N555,224.25,69.75,147.143,1092.014035350643,1118.5877620261163,-39.321212166920304,-872.3619811704848,-1054.2051210787358,9856.522272910923
storage125_sensitivity,N631,224.25,-63.0,122.0,-22.314749632264686,-730.2073462766353,-2128.818650759848,2778.979130362788,-1710.5048656061251,291.47960781508624
storage125_sensitivity,N640,224.25,-0.0,156.677,47.39552307128906,2385.8793288469315,496.391357421875,-11760.493209838867,628.3349736146629,-658.0264167785645
storage125_sensitivity,N658,224.25,120.0,222.729,417.2505884976046,24.50091712073137,219.99964618648153,-1502.3006342133413,1708.5463680135888,3382.1177588450814
storage125_sensitivity,N659,224.25,122.762,224.25,-253.3883280903101,13652.718143463135,-8270.845645427704,4204.61798286438,-6821.815324621741,-6389.968132264912
storage125_sensitivity,N665,224.25,150.0,231.911,521.3227491699591,-106.26863755654769,-162.82251182980184,1963.2845613178085,1202.669147830849,5991.939883733141
storage125_sensitivity,N672,224.25,185.0,231.911,3.2873865962028503,13833.04444783926,7769.565902709961,-2102.8436241149902,-240.41487253201194,2957.0993084311485
storage125_sensitivity,N681,224.25,235.0,231.911,802.050979413761,-55.77846368846888,244.75779396445452,-228.29975820743707,-1502.6979546852801,1942.7864161771433
live_only,N50,224.25,-63.0,120.0,1.798286706968476,-173.19405843299458,387.9863509283213,970.5691865797656,-122.75551338019258,56.37629089050268
live_only,N60,224.25,253.0,228.398,-270.7410754710436,1052.02475951612,782.7815664187074,1515.1297843158245,-612.8705751877278,929.108816894237
live_only,N70,224.25,0.0,130.311,5.60543131472895e-13,1.2280555626965297e-12,1.858020518503965e-12,-3.672964455399765e-12,-4.913726973983686e-14,3.4407172064061502e-12
live_only,N71,224.25,0.0,153.373,33.511064640343335,-185.54275631089502,-109.1906012045167,1810.8862699624938,-212.9353766602545,162.29664612266984
live_only,N72,224.25,0.0,156.373,0.02718353271484375,3.7946606688201427,0.346893310546875,-8.766149520874023,-0.16003491124138236,-0.5862064361572266
live_only,N154,224.25,0.0,120.0,-56.47283761306011,2825.98455695572,203.23300710081003,-1753.9425226562416,-432.8576556553717,-775.1659174184301
live_only,N161,224.25,69.75,120.0,-419.05764197693793,-580.2119062957072,-12.244473568094804,45.847920749836646,-1510.0593134752269,4952.457738530569
live_only,N169,224.25,122.762,120.0,-2.6565037211337192,-2703.75622627244,-1512.1847016052475,-640.7983142242367,-32.10362346358322,-704.2273384411852
live_only,N177,224.25,185.0,120.0,-166.4745469749223,-5469.277464226354,1451.5236405801115,1048.7762512537265,-1130.7818825768431,48934.22611197939
live_only,N186,224.25,249.0,120.0,-659.2547010798534,367.883347110283,-127.23197234379161,1002.6951603011125,1410.436578938845,-9696.057466844682
live_only,N188,224.25,253.0,120.0,507.87716384791077,627.2786411099504,93.42373088396333,109.84862002360681,-1074.5997394577926,379.45789976876125
live_only,N245,224.25,69.75,150.143,1.2305943227256648,-20.48801726452075,-0.010079735133331269,-0.18693283782340586,-1.1212803736991646,7.989165480714291
live_only,N424,224.25,-0.0,121.5,19.073194175930453,-232.4331269936606,-142.47093045552245,-1814.5171600142119,-133.85251916368193,-368.21216638421464
live_only,N425,224.25,-0.0,150.796,-19.07319454600107,232.43312699316425,142.47093033711835,-2359.311214773373,133.85251916366684,-190.5561410616224
live_only,N426,224.25,69.75,121.5,47.32928967653813,111.49445474438095,-1.4759849259154545,-69.22340787919197,-48.24977152011856,-792.8357224036057
live_only,N427,224.25,69.75,144.689,1.1641532182693481e-10,1.1641532182693481e-10,0.0,1.1641532182693481e-10,4.547473508864641e-13,-2.3283064365386963e-10
live_only,N428,224.25,69.75,152.368,65.87940886289434,-1278.9506847810596,7.294624835989569,115.98122838930254,135.7436808653379,-1270.1675540750289
live_only,N466,224.25,69.75,193.643,-35.70142990350723,-486.8634064756334,3.443859577178955,-37.382860600948334,111.59793763135167,1979.865942567587
live_only,N527,224.25,249.0,229.319,268.66891099358844,603.1876985608908,-802.3937711874177,-1716.5268987995473,880.4870623326519,6470.597130350363
live_only,N555,224.25,69.75,147.143,294.1064266457688,324.0349102546461,-9.156652827747166,-194.64126446316368,-307.9334290862571,2615.0526700395276
live_only,N631,224.25,-63.0,122.0,-11.402961718996915,-386.2593487599904,-589.3624202182648,1140.6169886536193,-510.33183306936434,322.160138457792
live_only,N640,224.25,-0.0,156.677,7.0001678466796875,228.99707398191094,89.29510498046875,-2283.642412185669,-25.165489865466952,-148.76752090454102
live_only,N658,224.25,120.0,222.729,105.54265983783067,28.163943222814094,50.67899353384622,11.363030135633554,149.30819369323922,75.44026422160938
live_only,N659,224.25,122.762,224.25,-70.66986225021537,2386.1303082592785,-1441.158925652504,642.7835592627525,-1838.9230381612433,-1646.1940277542453
live_only,N665,224.25,150.0,231.911,140.62139013502258,5.917132782609135,-43.61159584139489,193.7139633421036,350.65082241794613,420.38177325481394
live_only,N672,224.25,185.0,231.911,2.656503200531006,2703.7562261521816,1512.1847015619278,-312.92380595207214,-133.23183003102895,1001.5192818641663
live_only,N681,224.25,235.0,231.911,216.18250133725195,15.896163426039083,65.82872075113,498.15557958103057,-418.61246793992257,-600.0353250245039
machine200,N50,224.25,-63.0,120.0,-1.1872433706870518,-380.34865530501054,283.64176413753484,2713.7804527797107,-475.5965166878343,-62.74447653036686
machine200,N60,224.25,253.0,228.398,-426.7549071609974,2648.309626430273,1780.013392187655,4645.8344001322985,-910.3062436692417,1161.9975311951712
machine200,N70,224.25,0.0,130.311,-4.915503567805807e-13,-9.018562366279086,2.6259228134324165e-12,-1.1666573727701152e-11,-3.5942885817029006e-13,-2.3054547277929842e-14
machine200,N71,224.25,0.0,153.373,157.97278831848325,-823.2918938598714,-261.9232854782815,5603.725908466614,452.59102086413907,3010.79317040742
machine200,N72,224.25,0.0,156.373,0.07657623291015625,15.954961627721786,0.861663818359375,-18.16710662841797,3.681702807545662,-0.7450227737426758
machine200,N154,224.25,0.0,120.0,-201.9022201711229,7706.303540572315,656.6054583765053,-5112.799580148281,-773.3594303112218,-909.135883479732
machine200,N161,224.25,69.75,120.0,-637.9519507678813,-867.9583243647552,-19.958555771595808,76.0895238078204,-2481.343242267347,8632.965579350415
machine200,N169,224.25,122.762,120.0,1.8505481636458698,-6085.097854810094,-3377.4828388980986,-1271.258148461181,84.40221587733554,-1090.489255585071
machine200,N177,224.25,185.0,120.0,-294.54203264949297,-10513.865848813555,3700.7424506034586,2214.3545593033123,-1593.0774862827948,69318.46149163836
machine200,N186,224.25,249.0,120.0,-998.6560986798567,1078.440070845873,-350.62487469000644,3678.2069194014307,1918.2021493905206,-13136.031618458224
machine200,N188,224.25,253.0,120.0,771.7650661846865,1612.962228516547,267.5119952222026,274.24492610142687,-1635.535033113479,704.1926692341311
machine200,N245,224.25,69.75,150.143,1.8398556715110317,-32.934509879676625,-0.01799577008932829,-0.10837759193964303,-1.758932746287428,13.59216883010231
machine200,N424,224.25,-0.0,121.5,99.42389918686217,-1059.575399020338,-347.1970600360622,-4163.976591230067,-87.3749286967717,-825.4158787555651
machine200,N425,224.25,-0.0,150.796,-99.4238996614174,1024.9321057836194,347.19706014513355,-6007.508481849559,87.37492869701552,-2087.306685518827
machine200,N426,224.25,69.75,121.5,73.7647522142715,181.91445042668448,-2.888336290525906,-133.22884215650137,-60.63249027758971,-1221.454321860211
machine200,N427,224.25,69.75,144.689,2.3283064365386963e-10,-9.272280334727839,0.0,0.0,9.094947017729282e-13,-2.3283064365386963e-10
machine200,N428,224.25,69.75,152.368,76.8219212497315,-2128.3195403201703,14.848282988373482,294.97051910722263,101.70479180900372,-1762.0139186493527
machine200,N466,224.25,69.75,193.643,-77.15895265340805,-770.2744280695915,6.328762531280518,14.221481323242188,138.3805711257737,2713.628102481365
machine200,N527,224.25,249.0,229.319,422.77865999781517,1155.9315720473398,-1843.3240248247403,-2154.9235984270663,1357.635668282389,6476.752433132848
machine200,N555,224.25,69.75,147.143,458.37765355873853,564.566639774479,-17.91854903055355,-367.03421282954514,-386.96080949286625,4164.003648429876
machine200,N631,224.25,-63.0,122.0,3.776688106719724,-339.45477485632915,-890.7495196233074,1615.0876126945607,-545.7322685414932,-439.83869148273436
machine200,N640,224.25,-0.0,156.677,19.712791442871094,1002.385785639286,221.79617309570312,-4743.827262878418,578.9477664120495,-185.7836742401123
machine200,N658,224.25,120.0,222.729,186.1463475457274,-37.26532859240528,109.4628902714688,-1644.6772226561782,1433.009995581478,3234.211966031207
machine200,N659,224.25,122.762,224.25,-107.26333878887817,6063.213321909308,-3685.776574254036,2053.859538793564,-2993.5038799120084,-2974.4215380917303
machine200,N665,224.25,150.0,231.911,230.8543603196763,-112.17722318520352,-72.3947270700239,1674.824803759007,509.02795799584885,4840.701610454168
machine200,N672,224.25,185.0,231.911,-1.8505482077598572,5986.84891590476,3377.482839345932,-1140.4132361412048,30.77219281264115,883.3925745785236
machine200,N681,224.25,235.0,231.911,341.5292777839855,-98.94331893239855,103.76360972044284,-1113.9122518672868,-657.8927680026111,3793.2580890195136
uplift20_sensitivity,N50,224.25,-63.0,120.0,-5.44646798504276,89.81317992304194,212.57342722319126,-728.9222316500458,-249.36167052561373,-93.61444386166836
uplift20_sensitivity,N60,224.25,253.0,228.398,-109.64372372743674,-500.3382404865697,-131.3735889934469,-1699.3035841491073,-159.4769402727252,137.96075720118824
uplift20_sensitivity,N70,224.25,0.0,130.311,2.9163814308729363e-13,-5.411137419775117,-2.2017387793828208e-13,2.8804167787334334e-13,-2.3939752554662356e-14,9.621905634781349e-13
uplift20_sensitivity,N71,224.25,0.0,153.373,52.110473170284436,275.7226306296478,-13.957917699397166,451.0772523720909,422.2273279278214,1717.5701860063582
uplift20_sensitivity,N72,224.25,0.0,156.373,-0.020284652709960938,-7.694018200971186,-0.03157234191894531,2.9640259742736816,1.66907011391595,0.5312331914901733
uplift20_sensitivity,N154,224.25,0.0,120.0,-47.36961416539843,-840.8120601458813,-53.59610614415163,-171.69406120933974,-41.17848223566648,-46.33585431669758
uplift20_sensitivity,N161,224.25,69.75,120.0,-132.24699330516071,-161.32214642831562,-2.362764931855773,9.460054722095816,-312.2148363945379,1631.9461022671308
uplift20_sensitivity,N169,224.25,122.762,120.0,2.429764173741297,169.07140603644228,113.85341056585953,511.7306102037462,54.414833273901785,-197.5215098661384
uplift20_sensitivity,N177,224.25,185.0,120.0,-71.50828578951926,-391.1090619754018,-221.83102758843756,-516.2940082591208,-133.46788530706186,12258.093427023947
uplift20_sensitivity,N186,224.25,249.0,120.0,-222.0356416911076,-181.81710381681756,18.287161320960102,-691.0615170289735,321.27460194812153,-1969.0511986649815
uplift20_sensitivity,N188,224.25,253.0,120.0,173.01814535015697,-51.536203422044636,-8.321124474854372,-24.152789021778734,-360.9135349280548,214.39483569091396
uplift20_sensitivity,N245,224.25,69.75,150.143,0.2681454829289578,-5.941423717216821,-0.0014004236800246872,0.052552851651853416,-0.17829193563432,2.8802383371221367
uplift20_sensitivity,N424,224.25,-0.0,121.5,41.19051378542895,379.6982828434699,-4.215421013372669,-339.0297336919105,114.98167856434789,-187.54278057235956
uplift20_sensitivity,N425,224.25,-0.0,150.796,-41.19051390841204,-400.4842587863744,4.215421025147429,215.53475931057352,-114.98167856436275,-1019.1745148826654
uplift20_sensitivity,N426,224.25,69.75,121.5,12.78932629748938,89.70444798593998,-0.4837485541409282,-13.149782612955113,-3.021992313700665,-218.14057947158747
uplift20_sensitivity,N427,224.25,69.75,144.689,5.820766091346741e-11,-5.563368200942932,-7.275957614183426e-12,-2.9103830456733704e-11,0.0,0.0
uplift20_sensitivity,N428,224.25,69.75,152.368,-3.517883031718243,-634.0192606433535,3.0220208961676196,5.616503213899754,-12.770430419013168,-123.63416825320337
uplift20_sensitivity,N466,224.25,69.75,193.643,15.152513951063156,-205.2550567695871,0.5567051917314529,-11.861145868897438,-25.45098120335024,359.6884924173355
uplift20_sensitivity,N527,224.25,249.0,229.319,119.70980742078031,228.1562330745325,125.76160801023394,-2835.942381980585,268.9226804939847,-183.6662303659392
uplift20_sensitivity,N555,224.25,69.75,147.143,79.4734762654989,282.22948892197746,-3.0010591210011626,-4.6219186611087935,-19.28656709660345,682.4025439365796
uplift20_sensitivity,N631,224.25,-63.0,122.0,11.49832075172963,-388.24305653916065,-174.24648484525545,1503.2491415330153,82.08817836566931,-518.4627520463389
uplift20_sensitivity,N640,224.25,-0.0,156.677,-5.221529006958008,-440.5830116579309,-8.126968383789062,765.4413454532623,262.4612753735855,135.15752232074738
uplift20_sensitivity,N658,224.25,120.0,222.729,36.32848059377011,-42.555887709786546,29.910326460613526,-1110.1976262206094,802.7339036656531,1902.5611192232464
uplift20_sensitivity,N659,224.25,122.762,224.25,-22.239349018782377,-395.69441609596834,225.96370674669743,38.937497310340405,-674.8683077082969,-792.0199389159679
uplift20_sensitivity,N665,224.25,150.0,231.911,55.13423344992113,-64.43556860159265,-17.274897505470694,1001.367669486393,126.25912607938976,2361.20808381509
uplift20_sensitivity,N672,224.25,185.0,231.911,-2.42976410407573,-228.0207698252052,-113.85341055691242,-188.05356314778328,96.80882524990011,-74.39582110289484
uplift20_sensitivity,N681,224.25,235.0,231.911,63.76685128061865,-78.91012038993827,18.53370474754794,-811.5225768147532,-165.6795950018275,3218.058919011768
strength_screen,N50,224.25,-63.0,120.0,-1.2914196688745716,-714.0745533969751,581.5223017900719,4952.450969324389,-652.6158683184805,-30.037677548569018
strength_screen,N60,224.25,253.0,228.398,-709.3656908348203,4884.274631083012,3180.700036019087,8869.019623547792,-1470.4860207363963,1851.0253166202456
strength_screen,N70,224.25,0.0,130.311,4.4371528365452615e-13,-10.822274839555119,4.7934747797915605e-12,-6.701193629591568e-12,-3.123371370596769e-13,4.5083863565981086e-12
strength_screen,N71,224.25,0.0,153.373,213.42762260251394,-1476.1072397182534,-438.3917749888614,9104.394347118965,432.1925822712929,3664.02735443329
strength_screen,N72,224.25,0.0,156.373,0.10284423828125,29.789191752672195,1.4967041015625,-33.265052795410156,4.290885663591325,-1.2326736450195312
strength_screen,N154,224.25,0.0,120.0,-277.61208454325043,13457.469903176887,1133.041576071484,-8585.841805707387,-1201.7534479324686,-1495.4167157472766
strength_screen,N161,224.25,69.75,120.0,-1013.2513963288138,-1848.7511126678278,-31.400364174249603,118.48045727670052,-3904.0530587934622,14096.220242955093
strength_screen,N169,224.25,122.762,120.0,1.5318698773514354,-10697.026145795115,-5953.672488430039,-2513.75239728088,110.53195395941741,-1749.2020953093831
strength_screen,N177,224.25,185.0,120.0,-463.5235712936453,-18513.380267484783,6403.879479332376,4138.85889144009,-2894.0605493513503,111733.74894099779
strength_screen,N186,224.25,249.0,120.0,-1698.0227731454822,1821.8675331959234,-595.3734550424812,5430.479653012138,2741.4589790220316,-21042.761050439894
strength_screen,N188,224.25,253.0,120.0,1333.5367109931333,2870.2052119036875,448.399642982866,486.77641664726156,-2821.5511239562047,1251.1378373243303
strength_screen,N245,224.25,69.75,150.143,2.9047737473156303,-47.27995956968516,-0.03027315903455019,-0.29625392938032746,-2.8811882264953965,19.967127217445523
strength_screen,N424,224.25,-0.0,121.5,134.4383864704789,-1905.1664449501259,-591.1759235094407,-6990.823391739547,-169.69875648815065,-1367.5558339330073
strength_screen,N425,224.25,-0.0,150.796,-134.43838752223363,1863.5944930633736,591.175923391096,-10328.26645965854,169.69875648861762,-2570.9511668753184
strength_screen,N426,224.25,69.75,121.5,115.92176810261415,367.3520999862981,-4.8528181923540705,-230.28613965480528,-104.663770973738,-1981.9652043254478
strength_screen,N427,224.25,69.75,144.689,0.0,-11.126736401114613,0.0,0.0,0.0,-4.656612873077393e-10
strength_screen,N428,224.25,69.75,152.368,125.17287570790435,-3459.21869022846,24.93471584990744,504.18958937711506,206.09041274465002,-2769.7160973062573
strength_screen,N466,224.25,69.75,193.643,-95.77873003482819,-1255.9602420926094,10.178504943847656,-7.416895627975464,237.41762802912854,4339.5258731245995
strength_screen,N527,224.25,249.0,229.319,717.4412391681177,1816.9330638956737,-3293.425612424052,-2742.3629554357685,2187.1767222953376,13679.137810686872
strength_screen,N555,224.25,69.75,147.143,720.3433149084449,1110.6759119927883,-30.10570611152798,-656.6389995717909,-667.9715339911927,6155.738738993066
strength_screen,N631,224.25,-63.0,122.0,-3.8347120224441302,-541.8397818133758,-1600.4155308140948,2255.6165992105957,-1007.6024833492827,-234.03469061439353
strength_screen,N640,224.25,-0.0,156.677,26.475387573242188,1845.152339488268,385.27191162109375,-8679.889030456543,674.741770580411,-309.25389671325684
strength_screen,N658,224.25,120.0,222.729,277.1537929095449,-29.578469211366745,157.24310327836372,-1895.6282965843632,1808.1361326595547,3867.3634973867984
strength_screen,N659,224.25,122.762,224.25,-169.2521771043539,10518.591126427054,-6382.052409887314,3386.615175008774,-4625.487415120471,-4479.225162871182
strength_screen,N665,224.25,150.0,231.911,361.89044057039405,-134.0518891575619,-113.74410726753139,2075.3961253913167,791.767643643768,6069.944046118843
strength_screen,N672,224.25,185.0,231.911,-1.5318709015846252,10579.12741574645,5953.6724858284,-1796.387761592865,-15.19138631108217,1577.7689163684845
strength_screen,N681,224.25,235.0,231.911,537.5617833367317,-102.02594624905043,163.12413853719895,-992.347953377598,-1051.0566609124066,3539.445652521255
HB0.25,N50,224.25,-63.0,120.0,-3.6568774641073465,-390.6293735393522,309.25931261574624,2767.5975765401017,-546.9084523131909,-65.24965749328103
HB0.25,N60,224.25,253.0,228.398,-468.1085598692298,2699.941419571638,1820.7021204829216,4713.448791533709,-988.7614691145718,1324.4979373356327
HB0.25,N70,224.25,0.0,130.311,-6.126708534476314e-13,-9.018562366289554,1.6644928800783136e-12,-8.500470730949318e-12,-2.9453774729113974e-14,6.089152227847471e-12
HB0.25,N71,224.25,0.0,153.373,148.21305320307425,-832.1030745723428,-265.9879789387545,5631.00665736825,420.1482613947253,2959.5015685867506
HB0.25,N72,224.25,0.0,156.373,0.0570526123046875,16.03206293284893,0.860076904296875,-18.34162139892578,3.3508407343178988,-0.4757347106933594
HB0.25,N154,224.25,0.0,120.0,-186.14676959927613,7770.062011959682,657.5654799291856,-5136.909561480348,-812.4850920014496,-938.6287316447197
HB0.25,N161,224.25,69.75,120.0,-651.059013419448,-857.1903210455104,-21.64076306930544,82.30420190711139,-2689.008855910707,7906.461692199408
HB0.25,N169,224.25,122.762,120.0,1.291082391375142,-6211.592681310715,-3448.232615575538,-1302.313007608228,60.86024510587854,-1185.8554205195278
HB0.25,N177,224.25,185.0,120.0,-307.3588579344919,-10791.765221887676,3736.4659253879727,2251.7220398036516,-1793.2124051054416,76832.85964452446
HB0.25,N186,224.25,249.0,120.0,-1087.9851121507224,1096.5410252192455,-353.86645053827175,3738.411072380702,2227.669610085927,-14667.673240023863
HB0.25,N188,224.25,253.0,120.0,835.2637375267414,1641.0743512700828,271.4689942650085,278.7286618106567,-1766.0142397127863,730.6768150130204
HB0.25,N245,224.25,69.75,150.143,1.80402293917723,-32.20308494148776,-0.018793980940245092,-0.1563694546930492,-1.9178297096527785,13.215235062642023
HB0.25,N424,224.25,-0.0,121.5,96.00786514535777,-1067.150814338603,-349.83043204160225,-4195.251153496266,-73.6610124305114,-813.8214100847937
HB0.25,N425,224.25,-0.0,150.796,-96.00786554737252,1032.5075210997552,349.83043202851076,-6053.381183900528,73.66101243056539,-1998.8250185446861
HB0.25,N426,224.25,69.75,121.5,72.22782661485978,178.86339389100957,-2.922190566940053,-135.84519889922325,-69.33051596500846,-1202.4891314549093
HB0.25,N427,224.25,69.75,144.689,2.3283064365386963e-10,-9.272280334727839,2.3283064365386963e-10,0.0,0.0,-4.656612873077393e-10
HB0.25,N428,224.25,69.75,152.368,76.04966800254225,-2086.32222768777,14.827527561431054,290.96715879765765,134.6866688195535,-1707.6934731017234
HB0.25,N466,224.25,69.75,193.643,-51.100134789943695,-766.0209963768721,6.610397934913635,4.064625263214111,157.90825021860655,2720.1045911610126
HB0.25,N527,224.25,249.0,229.319,441.7309874378147,1200.7462514653955,-1883.8511276974582,-2236.6687633691013,1547.6797406287221,7211.032319350621
HB0.25,N555,224.25,69.75,147.143,448.82709831697866,555.6993931089528,-18.128567804582417,-377.8799520820612,-442.47222005087497,4036.9493159480626
HB0.25,N631,224.25,-63.0,122.0,0.943024626338195,-361.72839926697037,-925.1119584523229,1680.6292942618586,-633.1859289782467,-381.4709241454923
HB0.25,N640,224.25,-0.0,156.677,14.686538696289062,1007.0386330187321,221.39227294921875,-4788.6254806518555,526.9197055315599,-117.99390316009521
HB0.25,N658,224.25,120.0,222.729,186.9883663776375,-36.81135877733867,110.41103142774855,-1656.7105065911667,1490.2686132896426,3226.1741459745363
HB0.25,N659,224.25,122.762,224.25,-116.99742036219686,6120.519021943212,-3720.5629346370697,2072.6736645698547,-3229.836345483025,-3168.6440143324435
HB0.25,N665,224.25,150.0,231.911,250.2554598480964,-110.96637495507143,-78.57109033824104,1693.61495217991,546.3404794750411,4913.851201526788
HB0.25,N672,224.25,185.0,231.911,-1.2910831570625305,6113.343740165234,3448.232614994049,-1154.2516107559204,19.49416038475465,1041.3690647482872
HB0.25,N681,224.25,235.0,231.911,395.36590754544744,-95.62877698354177,121.09875021811241,-1050.96238829907,-687.7558435307302,3719.4094209527007
HB0.5,N50,224.25,-63.0,120.0,-3.262705318155424,-408.9202287886514,368.71423648975764,2852.7374033896535,-549.719901608164,-60.658183152063934
HB0.5,N60,224.25,253.0,228.398,-498.3729420378804,2787.2646584808826,1890.1569873020053,4827.991634294391,-1078.0061700418591,1467.0384816033766
HB0.5,N70,224.25,0.0,130.311,1.3451760531401752e-12,-9.018562366286915,-2.673049434864105e-13,-1.1798338383394339e-12,5.068049760614888e-14,1.1455959470685014e-12
HB0.5,N71,224.25,0.0,153.373,140.82065544934838,-846.9934209401282,-271.86642618077775,5722.403148704657,408.1394293309918,2915.4230762535944
HB0.5,N72,224.25,0.0,156.373,0.0409698486328125,16.26713654398918,0.876739501953125,-18.82599639892578,3.239465477876365,-0.24740028381347656
HB0.5,N154,224.25,0.0,120.0,-180.91226042732302,7936.747323130208,670.567017229494,-5252.895487160964,-825.5677358784451,-938.1516449780602
HB0.5,N161,224.25,69.75,120.0,-660.1433803815918,-847.7277916185138,-22.63751729728279,85.91338359116764,-2804.1059561356515,7358.244312595789
HB0.5,N169,224.25,122.762,120.0,0.4177570398116322,-6471.431548737087,-3593.581842239479,-1365.9857392830302,49.354298185370595,-1250.000625940932
HB0.5,N177,224.25,185.0,120.0,-336.2137312045685,-11307.57436576103,3831.103655696148,2335.2015106013932,-2006.9960473488172,83907.5269161884
HB0.5,N186,224.25,249.0,120.0,-1160.8790278028978,1135.868789816733,-364.5097982665282,3902.9153271534383,2383.147193480086,-16082.246883169233
HB0.5,N188,224.25,253.0,120.0,892.064506990281,1689.0347496812678,279.6044388209879,287.5124740241393,-1890.9349419613322,765.0785288186323
HB0.5,N245,224.25,69.75,150.143,1.8007742998888716,-32.07678450806998,-0.01966065657325089,-0.18841453408822417,-2.0074563914758983,13.053890918148682
HB0.5,N424,224.25,-0.0,121.5,93.65685078028474,-1083.4715762554233,-357.12713295422486,-4282.004787967914,-69.81947141632519,-821.5313124281896
HB0.5,N425,224.25,-0.0,150.796,-93.65685172035147,1048.8282830155715,357.12713294337425,-6180.391699858544,69.81947141652248,-1922.2398156796685
HB0.5,N426,224.25,69.75,121.5,71.80453520334173,175.09109958051127,-3.0308246884126695,-141.34872689679696,-74.69542672968198,-1198.9517246122905
HB0.5,N427,224.25,69.75,144.689,2.3283064365386963e-10,-9.272280334727839,2.3283064365386963e-10,4.656612873077393e-10,0.0,-4.656612873077393e-10
HB0.5,N428,224.25,69.75,152.368,78.02906479511246,-2066.2834895118413,15.323029225882781,296.47531885863975,156.67945428711846,-1694.7386332058456
HB0.5,N466,224.25,69.75,193.643,-38.005612552165985,-773.900850571692,6.936075925827026,-4.729903936386108,177.6118267645943,2797.5093839764595
HB0.5,N527,224.25,249.0,229.319,490.0078495349973,1273.0882051014305,-1954.4322894217346,-2377.219671053408,1618.5724535338825,7750.078620111891
HB0.5,N555,224.25,69.75,147.143,446.19676917232573,544.7360223163851,-18.80250825593248,-394.7406572274631,-476.7114571807351,3991.4814213227946
HB0.5,N631,224.25,-63.0,122.0,1.103768320870779,-404.7143376115819,-993.2649046899426,1771.609342710363,-657.0032818610249,-346.43900988665337
HB0.5,N640,224.25,-0.0,156.677,10.549224853515625,1021.2246627360582,225.67819213867188,-4914.612491607666,509.40594636369497,-60.47653007507324
HB0.5,N658,224.25,120.0,222.729,196.7125492812947,-34.27862006626716,115.34541829554568,-1674.853883247975,1534.270847340525,3249.518759203621
HB0.5,N659,224.25,122.762,224.25,-127.47156965406612,6274.329171776772,-3813.677302479744,2117.951550245285,-3488.180668302346,-3406.720981408842
HB0.5,N665,224.25,150.0,231.911,272.02373542746693,-110.94647001531644,-84.97856632217417,1732.5421838520124,618.9887718697202,5044.483012993258
HB0.5,N672,224.25,185.0,231.911,-0.4177568256855011,6373.182609066367,3593.581841945648,-1184.9047455787659,-23.35396338335704,1203.2490680515766
HB0.5,N681,224.25,235.0,231.911,404.1068189479545,-95.0871078214914,122.91401844933138,-1022.7385636839183,-777.9758833157105,3749.4755489972276
HB0.75,N50,224.25,-63.0,120.0,-2.3843713463789036,-427.63648129579195,435.86781512319675,2934.730750316876,-519.5780290336428,-54.874797097761835
HB0.75,N60,224.25,253.0,228.398,-488.66184044629335,2878.4306802749634,1962.1091306433082,4950.468255966902,-1072.6712151691318,1439.8154745874926
HB0.75,N70,224.25,0.0,130.311,3.676661413881867e-13,-9.018562366289773,2.7065480863743988e-12,2.42524966182137e-12,-8.981165721377226e-14,9.564069609624997e-13
HB0.75,N71,224.25,0.0,153.373,141.52520215171293,-858.8361142952992,-276.46803345744695,5829.735568022153,423.78310369676495,2917.0901398523165
HB0.75,N72,224.25,0.0,156.373,0.0408782958984375,16.535897448658943,0.901641845703125,-19.3411865234375,3.303400047123432,-0.24991321563720703
HB0.75,N154,224.25,0.0,120.0,-183.38511141014044,8113.552165201274,687.6989371368381,-5393.829388422015,-801.7251510158771,-891.5067622487923
HB0.75,N161,224.25,69.75,120.0,-653.6032613817824,-847.8739970820158,-22.02058397270231,83.43246921878563,-2727.927914574917,7388.762129701871
HB0.75,N169,224.25,122.762,120.0,0.30594464543843625,-6745.177699114057,-3746.721436426611,-1433.4750779739625,55.92040240537189,-1221.8198882535269
HB0.75,N177,224.25,185.0,120.0,-341.1041630406544,-11843.179313933128,3930.2467173275145,2430.3572680616635,-2047.3157322614034,82810.57218987697
HB0.75,N186,224.25,249.0,120.0,-1140.860940264636,1180.7360684414855,-377.59043603157573,4098.206406511268,2263.6963887166535,-15848.197280529248
HB0.75,N188,224.25,253.0,120.0,880.1364338158606,1740.3389638815001,288.56769906582133,297.048277542161,-1870.4910602404566,763.8686836318889
HB0.75,N245,224.25,69.75,150.143,1.7953569701639935,-32.08875648328103,-0.01994820637628436,-0.18500507739372551,-1.9652698473469172,13.035644988762215
HB0.75,N424,224.25,-0.0,121.5,94.17904323008895,-1099.1990638444622,-365.01686460882235,-4375.055086694362,-65.79249969632158,-836.561119384253
HB0.75,N425,224.25,-0.0,150.796,-94.17904368065484,1064.555770606086,365.01686448209847,-6318.4789740439455,65.79249969628005,-1922.5081443841627
HB0.75,N426,224.25,69.75,121.5,71.61990407879823,173.50495441299117,-3.1592292444786496,-146.97529856751547,-72.5779777958526,-1196.0347644146686
HB0.75,N427,224.25,69.75,144.689,-2.3283064365386963e-10,-9.272280334727839,-4.656612873077393e-10,0.0,9.094947017729282e-13,-2.3283064365386963e-10
HB0.75,N428,224.25,69.75,152.368,77.5678493283297,-2060.5248788628533,16.15309797515502,309.8040411967714,149.34022976707328,-1684.6901326140032
HB0.75,N466,224.25,69.75,193.643,-40.665906459093094,-772.1360610052943,6.977851748466492,-7.753538131713867,173.87137115275254,2792.5484561622143
HB0.75,N527,224.25,249.0,229.319,499.74321073861057,1340.2830515989172,-2028.305730621278,-2530.363319341593,1550.780046997384,7584.656363989625
HB0.75,N555,224.25,69.75,147.143,445.049449284561,540.1262288726866,-19.59909529192373,-409.2196711200522,-463.19774943272205,3980.1868105415488
HB0.75,N631,224.25,-63.0,122.0,2.261383008979513,-450.040818670901,-1065.9503985970239,1852.8222861665643,-626.8638028744516,-347.25560350859547
HB0.75,N640,224.25,-0.0,156.677,10.527130126953125,1037.4436255842447,232.07388305664062,-5049.170684814453,519.4596573766321,-61.130475997924805
HB0.75,N658,224.25,120.0,222.729,197.564483914941,-34.071486684499746,115.6224951022037,-1672.9476850169888,1524.4986454505959,3253.2650052361873
HB0.75,N659,224.25,122.762,224.25,-126.41370889451355,6438.677447393537,-3913.1410952806473,2165.054169654846,-3458.371238809428,-3390.2883525183424
HB0.75,N665,224.25,150.0,231.911,270.5119280032461,-111.43561943962487,-84.29617456809463,1737.2647343162105,628.2850015825602,5044.873487190874
HB0.75,N672,224.25,185.0,231.911,-0.30594465136528015,6646.928761184216,3746.7214365005493,-1218.007649898529,-36.87902248289902,1187.5813222527504
HB0.75,N681,224.25,235.0,231.911,378.73609346946154,-96.65720432469713,114.33147682665295,-1035.6402195124326,-799.2742535258276,3794.699056880562
HT0.25,N50,224.25,-63.0,120.0,4.523984429422104,-380.0693046359324,255.31152784739868,2737.787801775986,-404.1195734246423,-50.993885002938214
HT0.25,N60,224.25,253.0,228.398,-414.0583161190152,2657.7617130875587,1789.815599910915,4655.7628981769085,-897.8351167738438,1122.808250383474
HT0.25,N70,224.25,0.0,130.311,7.096992531129275e-13,-9.018562366287233,4.873762015450851e-12,-1.2205977720109826e-11,-4.64686874726052e-14,4.8235964562578065e-12
HT0.25,N71,224.25,0.0,153.373,190.3850976797121,-821.2641411937449,-269.31158710404173,5766.280596773227,424.7744742813316,3187.0941582959686
HT0.25,N72,224.25,0.0,156.373,0.1426239013671875,16.20140305161476,0.895538330078125,-18.774478912353516,4.4517676485702395,-1.6570444107055664
HT0.25,N154,224.25,0.0,120.0,-257.322477342561,7883.898759972435,663.0140948957755,-5185.372915901598,-901.354523348004,-1179.6686307746431
HT0.25,N161,224.25,69.75,120.0,-716.3448015663573,-926.0924317964563,-21.37593909657011,82.30330818739529,-2648.5084818028563,11034.204804557738
HT0.25,N169,224.25,122.762,120.0,2.493393744087922,-6122.071250858483,-3398.126651876537,-1277.4998445030888,107.95341020049132,-1121.4550467928532
HT0.25,N177,224.25,185.0,120.0,-295.692226673903,-10592.415135754942,3793.267975671006,2247.3047600075406,-1278.3849169185069,67520.81498134541
HT0.25,N186,224.25,249.0,120.0,-983.6865276960061,1092.9051978443808,-356.88251063068145,3783.5277008915377,1948.7036112799788,-12818.649400184117
HT0.25,N188,224.25,253.0,120.0,759.226724629893,1618.0595574343934,271.1073924308577,277.0535680984539,-1607.3677299535427,697.7167585785004
HT0.25,N245,224.25,69.75,150.143,2.2728337846929207,-37.59224073938094,-0.01894017867743969,-0.019644632004201412,-1.7898230231539856,16.043606038205326
HT0.25,N424,224.25,-0.0,121.5,110.54843787937625,-1066.7042912598986,-358.75476309172916,-4322.224747239744,-192.88661089018672,-848.6957985095688
HT0.25,N425,224.25,-0.0,150.796,-110.54843801834879,1032.0609980215272,358.7547630185648,-6187.854789450563,192.88661089030708,-2389.9312413999965
HT0.25,N426,224.25,69.75,121.5,89.1834090818173,193.45310102559162,-3.0345249215258487,-136.1489034789398,-57.982531842221434,-1441.2851778179945
HT0.25,N427,224.25,69.75,144.689,0.0,-9.272280334727839,-2.3283064365386963e-10,-4.656612873077393e-10,0.0,-4.656612873077393e-10
HT0.25,N428,224.25,69.75,152.368,108.9070341616092,-2364.6713661180042,15.588660277103912,313.6206911014416,76.04619878080695,-2479.786954241255
HT0.25,N466,224.25,69.75,193.643,-162.60782815515995,-833.0702681094408,7.1719642877578735,45.536654233932495,166.55022293992806,3084.7215869277716
HT0.25,N527,224.25,249.0,229.319,408.3974743543879,1166.266321290752,-1852.9415728089555,-2192.859344334756,1326.0686678000593,6325.927395272206
HT0.25,N555,224.25,69.75,147.143,554.1899002175778,598.1012726598419,-18.825462087988853,-361.89360360091086,-370.04858872395744,5254.87781090627
HT0.25,N631,224.25,-63.0,122.0,4.717526568272605,-335.6408342372289,-881.1802868398474,1656.23054777305,-570.2763287934634,-512.143164678374
HT0.25,N640,224.25,-0.0,156.677,36.71266555786133,1017.2578314095736,230.51544189453125,-4902.821788787842,700.0404627602547,-415.3794755935669
HT0.25,N658,224.25,120.0,222.729,214.19530180085232,-30.829050527400742,122.09522836262173,-1622.3934482680538,1372.4353506194466,3305.8051008171938
HT0.25,N659,224.25,122.762,224.25,-106.16343933716416,6214.283077463508,-3776.714163661003,2089.876214504242,-3024.733908340102,-3023.8873250921606
HT0.25,N665,224.25,150.0,231.911,225.9745110229604,-112.08728746974289,-70.96351567477896,1666.022629199365,493.51983097888797,4798.431268215945
HT0.25,N672,224.25,185.0,231.911,-2.493393748998642,6023.822311609983,3398.1266508102417,-1143.2910346984863,47.23040939879138,842.416895955801
HT0.25,N681,224.25,235.0,231.911,337.046521308371,-99.30782243353192,102.46512154954787,-1117.7014468479842,-641.3934111831002,3791.984958166348
HT0.5,N50,224.25,-63.0,120.0,3.255375702942841,-381.6082369777935,237.2523091866292,2767.610844544508,-403.5569659637979,-43.01854107484821
HT0.5,N60,224.25,253.0,228.398,-409.1472788825631,2685.5744431614876,1814.327953159809,4689.821369826794,-904.1580064110458,1117.2980237910524
HT0.5,N70,224.25,0.0,130.311,-3.8361953413837674e-13,-9.018562366282584,6.381208029024145e-12,-9.915902635799359e-12,-2.5813303586875865e-13,-1.2759408280913557e-12
HT0.5,N71,224.25,0.0,153.373,198.52184722386585,-835.9744767803295,-279.48896682662775,5922.667763374058,423.4928763029442,3221.672010278913
HT0.5,N72,224.25,0.0,156.373,0.15456771850585938,16.496546909213066,0.9261474609375,-19.574493408203125,4.400962182320654,-1.801046371459961
HT0.5,N154,224.25,0.0,120.0,-258.7678283434743,8126.177667841188,684.0132303566811,-5341.5944206034565,-884.0208480629371,-1168.585906867112
HT0.5,N161,224.25,69.75,120.0,-755.2748333438647,-928.752547105797,-21.07917908802778,80.90522280596122,-2626.758519970543,11762.385869421036
HT0.5,N169,224.25,122.762,120.0,2.438169432685871,-6211.628400766109,-3448.1849346694175,-1296.676921917713,109.4264983247212,-1119.938170715176
HT0.5,N177,224.25,185.0,120.0,-294.4710172636946,-10778.233593600075,3905.4695349299946,2311.251169955671,-1336.5618861811108,67408.47128504269
HT0.5,N186,224.25,249.0,120.0,-981.6737152904689,1115.689432190092,-365.5569062063602,3924.6887583741905,1937.354571332572,-12810.359205060337
HT0.5,N188,224.25,253.0,120.0,757.8390483445698,1633.3152008859056,276.32269978581274,281.6478548430426,-1606.4749010937041,697.4217987363786
HT0.5,N245,224.25,69.75,150.143,2.367689188220538,-43.556481670122594,-0.018820449244230986,-0.04628039733506739,-1.824556870122251,17.58703398797661
HT0.5,N424,224.25,-0.0,121.5,114.19411305889382,-1084.9405564068911,-371.7233539756106,-4492.574923893649,-188.1453564019205,-906.8985868443326
HT0.5,N425,224.25,-0.0,150.796,-114.19411361216235,1050.2972631696766,371.7233541320166,-6397.432457468807,188.14535640209297,-2438.5321656932165
HT0.5,N426,224.25,69.75,121.5,93.93104368294928,190.68725307441207,-3.0722413189104794,-139.54046417014217,-58.328876738226406,-1513.7605792736597
HT0.5,N427,224.25,69.75,144.689,4.656612873077393e-10,-9.272280334727839,2.3283064365386963e-10,4.656612873077393e-10,0.0,-4.656612873077393e-10
HT0.5,N428,224.25,69.75,152.368,106.0497476067777,-2598.2102844870387,15.900203447225888,320.7509040919534,71.76761518112795,-2433.471108114188
HT0.5,N466,224.25,69.75,193.643,-167.48700864613056,-918.1451512724161,6.681062340736389,35.85312032699585,126.33586177777033,3347.659507237375
HT0.5,N527,224.25,249.0,229.319,402.76664449507723,1192.2902823949116,-1877.553407566298,-2258.8055469925926,1305.9320401077523,6313.052064686083
HT0.5,N555,224.25,69.75,147.143,583.6919296649285,590.0629240302369,-19.059445164632052,-376.93399838125333,-372.25898616491213,5561.0328068046365
HT0.5,N631,224.25,-63.0,122.0,2.7711834526784984,-336.92651109404994,-880.1772772956688,1698.8758247596786,-580.6982807356668,-476.44731958858307
HT0.5,N640,224.25,-0.0,156.677,39.788848876953125,1035.0689316540956,238.40451049804688,-5111.152877807617,692.0513031287119,-451.5121212005615
HT0.5,N658,224.25,120.0,222.729,219.22532473475349,-28.97817004460757,123.95036041983606,-1604.2009068818927,1330.5933743711414,3263.9499245299303
HT0.5,N659,224.25,122.762,224.25,-106.03815053403378,6401.288112893701,-3889.3838967084885,2136.0563139915466,-3020.3717004184728,-3016.75648010429
HT0.5,N665,224.25,150.0,231.911,224.77038816350682,-111.79613358155315,-70.60787847868215,1663.2556815931432,490.32086862611385,4767.6819122972
HT0.5,N672,224.25,185.0,231.911,-2.4381695091724396,6113.379460498691,3448.1849341392517,-1152.32852602005,42.32028849667404,847.0801959633827
HT0.5,N681,224.25,235.0,231.911,337.72619203442883,-99.32085448667284,102.74998067055067,-1109.0971373181242,-636.0590319490007,3782.234744699956
HT0.75,N50,224.25,-63.0,120.0,1.7573410271675194,-382.88734217291614,220.4960860644097,2794.4003061687454,-427.11594496155976,-50.46069145712671
HT0.75,N60,224.25,253.0,228.398,-405.9546397253871,2713.0169386565685,1838.4794646501541,4723.5180196762085,-908.0947886817157,1114.152325136587
HT0.75,N70,224.25,0.0,130.311,-3.7156769890158274e-13,-9.01856236629602,2.6478528263184276e-12,-4.725352437404831e-12,-3.179763207803384e-14,2.617861622229869e-13
HT0.75,N71,224.25,0.0,153.373,193.2228742690006,-856.6173638547184,-287.19579644446844,6075.294761840187,436.4444299568761,3202.3300091913397
HT0.75,N72,224.25,0.0,156.373,0.12493896484375,16.80533342063427,0.965484619140625,-20.39148712158203,4.107823160476983,-1.6184015274047852
HT0.75,N154,224.25,0.0,120.0,-249.15364476774783,8376.044921587029,706.8396726807077,-5502.975037728998,-842.1481562892031,-1177.534482317366
HT0.75,N161,224.25,69.75,120.0,-795.1942680290697,-1059.2653466835966,-20.644953163612815,78.85288962242556,-2581.3891381905682,13040.109144529271
HT0.75,N169,224.25,122.762,120.0,2.645176837747841,-6300.501190528098,-3497.851445145039,-1314.9376278738819,118.66861380821027,-1138.1994086925713
HT0.75,N177,224.25,185.0,120.0,-292.7797547809969,-10962.172556589037,4016.310259615704,2375.5423634848667,-1431.455688930289,67295.39967663701
HT0.75,N186,224.25,249.0,120.0,-979.181783789611,1138.1214711056418,-374.1479075686197,4063.8702695885695,1912.664537838236,-12803.48268765784
HT0.75,N188,224.25,253.0,120.0,756.3350671294069,1648.3702058102551,281.4662211098846,286.1659528664057,-1605.252859581575,696.831123956117
HT0.75,N245,224.25,69.75,150.143,2.400693839881569,-46.370219067670405,-0.018794353352859616,-0.0865095085464418,-1.8440887307801859,18.668075911235064
HT0.75,N424,224.25,-0.0,121.5,115.84463565140699,-1106.9921103478284,-384.51881712182967,-4661.7926959579245,-146.29762287820108,-1023.442706543454
HT0.75,N425,224.25,-0.0,150.796,-115.84463564779927,1072.3488171083318,384.51881714146555,-6603.0705700035205,146.2976228782854,-2370.3417390069117
HT0.75,N426,224.25,69.75,121.5,97.69874561682545,219.64609128283095,-3.0986974292161165,-142.82583905624162,-59.70321323614459,-1618.128616161753
HT0.75,N427,224.25,69.75,144.689,0.0,-9.272280334727839,0.0,0.0,0.0,-4.656612873077393e-10
HT0.75,N428,224.25,69.75,152.368,89.78482110290545,-2827.6225368419423,16.09953647234201,325.1814067251484,78.07632606455306,-2137.3235585411594
HT0.75,N466,224.25,69.75,193.643,-125.80531058460474,-1003.6287142038345,6.311299800872803,22.839230060577393,103.41269699495751,3573.2946550250053
HT0.75,N527,224.25,249.0,229.319,399.0591424279605,1217.9432503585822,-1901.8315496034184,-2323.2551891321086,1292.2459487974095,6311.91701295463
HT0.75,N555,224.25,69.75,147.143,607.1045986437239,674.2256258144043,-19.223573530558497,-393.10692733107135,-381.03009817584825,5512.855992449098
HT0.75,N631,224.25,-63.0,122.0,3.765932446858227,-338.3244872357403,-879.4562756590063,1738.8808894759059,-569.7415876100089,-444.3292821977268
HT0.75,N640,224.25,-0.0,156.677,32.16374206542969,1053.703326612711,248.5321044921875,-5324.531578063965,645.9551920015365,-406.8151435852051
HT0.75,N658,224.25,120.0,222.729,207.56629700005973,-31.41091143878821,118.64493397489741,-1595.3066400879266,1347.0428631858413,3211.7269820100328
HT0.75,N659,224.25,122.762,224.25,-105.40400472655892,6586.457424148917,-4000.9484709501266,2181.947008371353,-2982.807346948539,-2973.933019792661
HT0.75,N665,224.25,150.0,231.911,224.38781046187995,-111.5596474129434,-70.50297913631353,1662.701843301445,488.5447624957638,4745.704072906861
HT0.75,N672,224.25,185.0,231.911,-2.6451776027679443,6202.2522500008345,3497.851444721222,-1161.032039642334,45.96194884320721,842.1749401986599
HT0.75,N681,224.25,235.0,231.911,338.1013902123491,-99.32711261153302,102.92392723972574,-1100.088823713553,-632.0011489898517,3773.3524375734655
storage125_strength_sensitivity,N50,224.25,-63.0,120.0,7.1870140049082645,-1215.7846412602457,1664.3676704645632,7799.347557366482,-1012.6288936706347,147.57640992177127
storage125_strength_sensitivity,N60,224.25,253.0,228.398,-1521.9316752552986,7873.167454957962,5449.945492446423,13080.424420058727,-3400.9318871051073,4875.660298857838
storage125_strength_sensitivity,N70,224.25,0.0,130.311,1.2225271856617608e-12,-10.822274839524008,1.5058631939520285e-11,-4.1601598521851235e-11,6.51845070420837e-14,2.998602605994312e-12
storage125_strength_sensitivity,N71,224.25,0.0,153.373,327.724225393456,-2016.0700318178979,-764.3760450080656,14461.251106394418,-267.76837637879567,4223.865893879518
storage125_strength_sensitivity,N72,224.25,0.0,156.373,0.220001220703125,40.940499275922775,2.5120849609375,-59.13456726074219,4.144928900524974,-3.430255889892578
storage125_strength_sensitivity,N154,224.25,0.0,120.0,-475.54844728726766,21780.478262358483,1716.9460826726308,-13668.130779904157,-2636.7945747961676,-4028.3564298837373
storage125_strength_sensitivity,N161,224.25,69.75,120.0,-2342.1763477671093,-3252.267190768487,-71.06311371032079,267.8106189563688,-8783.999128889162,29404.62006415665
storage125_strength_sensitivity,N169,224.25,122.762,120.0,-7.518706280159521,-18584.239130532296,-10364.852063174238,-4383.756264449502,-9.081999173658744,-3971.7653334646584
storage125_strength_sensitivity,N177,224.25,185.0,120.0,-980.8435560508633,-34531.343609074305,10694.838290266314,7215.629228745995,-6224.974911491943,266682.41410482174
storage125_strength_sensitivity,N186,224.25,249.0,120.0,-3667.3106181195876,2980.647539966933,-975.9529810926043,9300.602520910132,7573.323501915863,-52159.30477310316
storage125_strength_sensitivity,N188,224.25,253.0,120.0,2828.5992438932335,4623.383205521519,729.0635330374164,804.4799401532811,-5990.927706644368,2266.6994094850993
storage125_strength_sensitivity,N245,224.25,69.75,150.143,6.89082904253155,-117.14766072388738,-0.061192667577415705,-0.833874087780714,-6.424589336189456,46.584230220876634
storage125_strength_sensitivity,N424,224.25,-0.0,121.5,194.98805764646983,-2585.2211225203123,-1012.8079867224893,-12369.796118136319,-652.0005128894092,-2425.32409168349
storage125_strength_sensitivity,N425,224.25,-0.0,150.796,-194.988058643702,2543.6491706415122,1012.8079865109352,-17301.42665764097,652.0005128896286,-3287.04607396555
storage125_strength_sensitivity,N426,224.25,69.75,121.5,268.33157589590814,619.3330578236476,-9.209533363816155,-433.27121731023885,-256.07262881188683,-4474.5015572521625
storage125_strength_sensitivity,N427,224.25,69.75,144.689,0.0,-11.126736401580274,9.313225746154785e-10,9.313225746154785e-10,1.8189894035458565e-12,-9.313225746154785e-10
storage125_strength_sensitivity,N428,224.25,69.75,152.368,345.031245016292,-7315.430748370417,46.079533611144896,842.4040246184107,627.1755481586752,-6984.968692138205
storage125_strength_sensitivity,N466,224.25,69.75,193.643,-247.69185256958008,-2740.507915407419,21.135616779327393,-101.81350040435791,605.7210246883333,10737.93131273985
storage125_strength_sensitivity,N527,224.25,249.0,229.319,1503.5890942932688,3704.111388162705,-5610.517320717768,-7767.15111609586,4944.599132451922,32245.3027490405
storage125_strength_sensitivity,N555,224.25,69.75,147.143,1667.425028049387,1843.0049525443465,-57.13373358827084,-1222.8296926021576,-1634.2734939593902,14953.017114759888
storage125_strength_sensitivity,N631,224.25,-63.0,122.0,-39.497368364116085,-1654.103281870314,-3292.164698830155,5624.3981991947385,-2624.2330741281144,713.4077626816638
storage125_strength_sensitivity,N640,224.25,-0.0,156.677,56.641510009765625,2518.10231423378,646.6802978515625,-15418.435272216797,651.7900696247816,-865.7631797790527
storage125_strength_sensitivity,N658,224.25,120.0,222.729,625.5724302538778,62.65944374811381,324.25670543278505,-1870.5933193596377,2262.073114567866,4159.290800104524
storage125_strength_sensitivity,N659,224.25,122.762,224.25,-393.58997927606106,17566.342396736145,-10638.708034038544,5289.627362728119,-10497.852363200858,-9745.24027075246
storage125_strength_sensitivity,N665,224.25,150.0,231.911,803.9915022839155,-115.56709298659919,-250.49349720008624,2679.7259971379654,1908.6974360167642,7520.793516405643
storage125_strength_sensitivity,N672,224.25,185.0,231.911,7.5186991691589355,18466.340400010347,10364.852062225342,-2701.5394020080566,-458.866832630476,4813.190535545349
storage125_strength_sensitivity,N681,224.25,235.0,231.911,1227.3861398001327,-53.90546132983811,373.8549562482804,462.26557104401667,-2347.9227331618877,1987.0023595107848
strength_roof,N50,224.25,-63.0,120.0,2.5151031086645284,-810.4308719394276,-48.19786315083986,6138.1321203193775,-513.5115670614189,-45.851543254955885
strength_roof,N60,224.25,253.0,228.398,-483.9714632257819,5622.599869549274,3355.4169627577066,11524.916448324919,-1053.0260236486793,1223.0300131104887
strength_roof,N70,224.25,0.0,130.311,-2.217703203659267e-12,-10.822274839545145,7.35126502668626e-12,-1.3868330883073588e-11,-2.9716423629122885e-13,-2.5004514385993674e-12
strength_roof,N71,224.25,0.0,153.373,218.07270794107015,-2052.213272146765,-439.72667047030615,9699.856556117222,548.0404759547976,3559.6470075304046
strength_roof,N72,224.25,0.0,156.373,0.15065765380859375,43.29224559664726,1.59710693359375,-35.871604919433594,5.243279830552638,-1.6447696685791016
strength_roof,N154,224.25,0.0,120.0,-289.26734775550267,15386.036092387418,1326.4522542832256,-9207.271891685883,-1099.9519466815968,-1018.1703868971344
strength_roof,N161,224.25,69.75,120.0,-718.1186005666194,-1299.7402020723703,-25.56619730054576,97.16080400616309,-3170.751306223441,11157.525368960914
strength_roof,N169,224.25,122.762,120.0,3.5167345372460175,-10962.77238623388,-6106.4380432417165,-2982.9263914997464,144.617831315662,-1286.694554401816
strength_roof,N177,224.25,185.0,120.0,-347.77867263770383,-17082.42595663434,6998.97029248497,4648.100059747521,-2156.753418385214,76985.66662769493
strength_roof,N186,224.25,249.0,120.0,-1168.2681309719985,2228.7693437231824,-665.1324915059148,7496.192027970811,1855.4201818509835,-14417.35985756997
strength_roof,N188,224.25,253.0,120.0,916.9134239237798,3051.1269629734343,501.05743725888306,533.5077350024295,-1949.4777013482553,894.3627805761519
strength_roof,N245,224.25,69.75,150.143,2.1808694147039205,-36.308195166289806,-0.02648545242846012,-0.14926123479381204,-2.310668239541883,15.355143277905881
strength_roof,N424,224.25,-0.0,121.5,128.96831321005632,-2684.6537348794022,-610.6448462965035,-6758.144756918,-193.17704855284478,-1165.8587399860364
strength_roof,N425,224.25,-0.0,150.796,-128.96831458119237,2643.0817829923485,610.6448461815752,-11131.306656827299,193.17704855291376,-2612.3970042530564
strength_roof,N426,224.25,69.75,121.5,87.01988079404359,201.0716864516768,-4.098446297558962,-203.3876849600681,-74.8368657451523,-1462.6777634694292
strength_roof,N427,224.25,69.75,144.689,0.0,-11.126736401114613,4.656612873077393e-10,4.656612873077393e-10,0.0,-4.656612873077393e-10
strength_roof,N428,224.25,69.75,152.368,94.0706615745283,-2354.4267549072624,20.75404373194861,524.1117600679186,98.03703070330876,-2139.0912792722506
strength_roof,N466,224.25,69.75,193.643,-129.58148355782032,-853.896267965436,9.063463687896729,75.15940117835999,209.68393543933053,3079.138116426766
strength_roof,N527,224.25,249.0,229.319,473.65538923359287,1495.6665720280726,-3471.8782102543005,1446.2714546997831,1572.1968091463964,8623.32560355055
strength_roof,N555,224.25,69.75,147.143,540.7456317101605,627.4172691889107,-25.42576763499528,-609.7751372270286,-477.61413090811584,4777.1919013048755
strength_roof,N631,224.25,-63.0,122.0,1.7614270693626977,228.9167282203987,-1128.3851283780004,22.771203547522106,-761.1380958419564,-421.3991526261624
strength_roof,N640,224.25,-0.0,156.677,38.77922058105469,2660.023575872183,411.11334228515625,-9358.700927734375,824.5057532256469,-411.59137439727783
strength_roof,N658,224.25,120.0,222.729,221.00725623177186,-44.738065286259854,129.70792492425747,-1778.6316986299403,1658.8380655323117,3825.2513672440314
strength_roof,N659,224.25,122.762,224.25,-119.00813308358192,11515.418475985527,-6985.455176353455,3774.07276058197,-3359.1840015170746,-3336.6685822457075
strength_roof,N665,224.25,150.0,231.911,259.8842938033989,-145.37862592598185,-82.32309959766683,1810.5112669514726,510.43303036644375,6132.242715248536
strength_roof,N672,224.25,185.0,231.911,-3.5167348980903625,10844.873656600714,6106.438043117523,-1883.8453116416931,74.25670591613743,893.1332522034645
strength_roof,N681,224.25,235.0,231.911,399.2373058740999,-103.03512739518773,122.08268204740924,-1559.3151546917206,-718.8235598437807,3444.812527510471
strength_HB0.25,N50,224.25,-63.0,120.0,-5.190208982898046,-736.736105392302,636.1215924743105,5073.519782218117,-772.8267865136561,-31.452823164772653
strength_HB0.25,N60,224.25,253.0,228.398,-787.2356050014496,5000.541776776314,3272.998659387231,9020.864746689796,-1627.8395064994693,2164.6115155629814
strength_HB0.25,N70,224.25,0.0,130.311,-1.977751577360909e-13,-10.822274839547447,6.547116384391578e-12,-1.1497871968626308e-11,-4.2227138028969104e-13,-8.097300010253941e-12
strength_HB0.25,N71,224.25,0.0,153.373,198.31172485044002,-1496.742479520458,-448.83878269714893,9208.738008341476,369.90262261160717,3583.6428594106746
strength_HB0.25,N72,224.25,0.0,156.373,0.0717620849609375,30.040836095809937,1.505126953125,-33.84253692626953,3.743338316679001,-0.8067359924316406
strength_HB0.25,N154,224.25,0.0,120.0,-253.76331869222076,13655.8344578906,1141.0584109580032,-8682.039900629792,-1283.1890013053826,-1569.5500000890524
strength_HB0.25,N161,224.25,69.75,120.0,-1050.5745064205569,-1831.2566049131399,-34.677490700920785,130.62272269048276,-4307.908160118038,13000.43528174791
strength_HB0.25,N169,224.25,122.762,120.0,0.4040603111910177,-10996.580658278543,-6121.213827083823,-2586.6832168488786,68.7210291893222,-1933.791593942579
strength_HB0.25,N177,224.25,185.0,120.0,-492.43184423248977,-19156.81574643997,6511.728891154373,4235.731084025014,-3273.629462095362,126355.2101572423
strength_HB0.25,N186,224.25,249.0,120.0,-1869.7995091184393,1867.3760707396339,-605.2957725669892,5603.255999746276,3321.8022398319035,-24022.900400658436
strength_HB0.25,N188,224.25,253.0,120.0,1456.5845680806892,2933.641654585003,458.30212416210696,497.61333927355645,-3076.202837151141,1304.7069566433101
strength_HB0.25,N245,224.25,69.75,150.143,2.892200709320605,-47.167229240294546,-0.03195546776987612,-0.38289012340828776,-3.187844693686202,19.7117485224735
strength_HB0.25,N424,224.25,-0.0,121.5,129.30201583894274,-1925.2946400469607,-600.2193426304543,-7102.1575287848655,-153.12881942129093,-1357.2933884676088
strength_HB0.25,N425,224.25,-0.0,150.796,-129.30201625738638,1883.722688160931,600.2193425180261,-10481.868327449105,153.128819421398,-2430.7384795480775
strength_HB0.25,N426,224.25,69.75,121.5,115.14097790560889,361.3151934784374,-4.957163400326362,-236.90333515746855,-120.96920476144253,-1976.72455781292
strength_HB0.25,N427,224.25,69.75,144.689,9.313225746154785e-10,-11.126736401580274,-4.656612873077393e-10,4.656612873077393e-10,0.0,-1.3969838619232178e-09
strength_HB0.25,N428,224.25,69.75,152.368,126.6450159629832,-3430.813741115107,25.128779507104223,501.17387543851856,266.18912328101607,-2727.4130720812946
strength_HB0.25,N466,224.25,69.75,193.643,-54.700994700193405,-1266.5394135564566,10.770650863647461,-25.54916524887085,274.1745681432076,4437.565487742424
strength_HB0.25,N527,224.25,249.0,229.319,759.5677963173932,1917.2923265159725,-3385.711871750296,-2931.936242968792,2532.9514063646147,15076.65108115455
strength_HB0.25,N555,224.25,69.75,147.143,715.4914524471387,1093.1309276837856,-30.753038158640265,-681.0909503260627,-772.0339571040367,6063.888054167386
strength_HB0.25,N631,224.25,-63.0,122.0,-8.898874533408716,-591.2003091281306,-1676.3072090700587,2401.835813277834,-1170.5378102893965,-126.11153668994567
strength_HB0.25,N640,224.25,-0.0,156.677,18.475067138671875,1860.3383679687977,387.41009521484375,-8829.192565917969,588.6399500146508,-202.04603958129883
strength_HB0.25,N658,224.25,120.0,222.729,283.70866319482803,-27.471560747402865,161.2762101725698,-1916.5382035760285,1908.9804925996477,3859.6096255962866
strength_HB0.25,N659,224.25,122.762,224.25,-188.59190706908703,10693.246450960636,-6487.838465929031,3439.5824613571167,-5100.899375933921,-4877.513143092394
strength_HB0.25,N665,224.25,150.0,231.911,400.2898316642851,-131.87025707153185,-125.86813162984173,2115.941667292608,871.7266702916897,6220.040435621209
strength_HB0.25,N672,224.25,185.0,231.911,-0.40406185388565063,10878.681931346655,6121.213826179504,-1829.5019488334656,-43.573053003288805,1888.5726747512817
strength_HB0.25,N681,224.25,235.0,231.911,634.0077083972426,-96.10175613220221,193.97943542775613,-874.3781815418033,-1121.472510253433,3414.6015584368
strength_HB0.5,N50,224.25,-63.0,120.0,-4.559533562677126,-766.0014738004097,731.249470412709,5209.743505438653,-777.3251057606894,-24.1064642222851
strength_HB0.5,N60,224.25,253.0,228.398,-835.6586163938046,5140.2589591145515,3384.1264463216066,9204.133295059204,-1770.631028138101,2392.67638633959
strength_HB0.5,N70,224.25,0.0,130.311,1.4575798408324145e-12,-10.822274839544404,2.9696365236276378e-12,-3.791217514455518e-12,-2.1761549421134253e-13,1.602633929879463e-12
strength_HB0.5,N71,224.25,0.0,153.373,186.48388836572622,-1520.5670337103138,-458.24429771904295,9354.972395074175,350.68849119179333,3513.117271515717
strength_HB0.5,N72,224.25,0.0,156.373,0.0460357666015625,30.41695386171341,1.53167724609375,-34.61756134033203,3.565137902274728,-0.4414024353027344
strength_HB0.5,N154,224.25,0.0,120.0,-245.38810453788597,13922.53095573555,1161.8608707664562,-8867.617380629137,-1304.121231708842,-1568.7866611624604
strength_HB0.5,N161,224.25,69.75,120.0,-1065.109505748703,-1816.1165531468864,-36.27229807513511,136.3974132873736,-4492.063521352932,12123.287479649462
strength_HB0.5,N169,224.25,122.762,120.0,-0.9932611855583731,-11412.322846292493,-6353.772590321319,-2688.5595877155743,50.311514099155566,-2036.4239229126415
strength_HB0.5,N177,224.25,185.0,120.0,-538.5996404150692,-19982.11037665131,6663.149260094462,4369.298236203031,-3615.683289995177,137674.6777934714
strength_HB0.5,N186,224.25,249.0,120.0,-1986.429774267309,1930.3004941245422,-622.3251289384301,5866.462807577848,3570.5663738267604,-26286.21823036244
strength_HB0.5,N188,224.25,253.0,120.0,1547.4657992975353,3010.3782920462827,471.3188354552807,511.66743882856025,-3276.0759608909975,1359.7496985913633
strength_HB0.5,N245,224.25,69.75,150.143,2.8870028865057975,-46.96514854673296,-0.03334214864298701,-0.4341622502543032,-3.3312473850928654,19.453597890445963
strength_HB0.5,N424,224.25,-0.0,121.5,125.54039367590721,-1951.4078591091977,-611.8940641578222,-7240.9633438967085,-146.98235375807283,-1369.6292314079697
strength_HB0.5,N425,224.25,-0.0,150.796,-125.54039413063836,1909.8359072280846,611.8940639846879,-10685.085153036322,146.98235375801502,-2308.2021549858027
strength_HB0.5,N426,224.25,69.75,121.5,114.46372120654611,355.2795225895023,-5.130977555315241,-245.70898151856727,-129.5530620048349,-1971.0646970127916
strength_HB0.5,N427,224.25,69.75,144.689,4.656612873077393e-10,-11.126736401580274,-4.656612873077393e-10,0.0,9.094947017729282e-13,-4.656612873077393e-10
strength_HB0.5,N428,224.25,69.75,152.368,129.81205080930093,-3398.7517600311753,25.921582167941867,509.9869315163125,301.37758008279377,-2706.6853278911904
strength_HB0.5,N466,224.25,69.75,193.643,-33.74976205825806,-1279.147180274129,11.291736125946045,-39.62041664123535,305.7002906150301,4561.413157761097
strength_HB0.5,N527,224.25,249.0,229.319,836.8107755806502,2033.0394523035297,-3498.6417305189293,-3156.81769538874,2646.3797470266704,15939.125162216988
strength_HB0.5,N555,224.25,69.75,147.143,711.2829257855192,1075.5895344102755,-31.831342880614102,-708.0680785549339,-826.816736641169,5991.139422387816
strength_HB0.5,N631,224.25,-63.0,122.0,-8.64168463955986,-659.9778104501297,-1785.351922968999,2547.403891329737,-1208.6455753598773,-70.06047367945644
strength_HB0.5,N640,224.25,-0.0,156.677,11.855361938476562,1883.0360154807568,394.267578125,-9030.77180480957,560.6179351750761,-110.01823616027832
strength_HB0.5,N658,224.25,120.0,222.729,299.26735578271837,-23.41917879922407,169.17122912843377,-1945.5676063290152,1979.3840671438097,3896.9610065779257
strength_HB0.5,N659,224.25,122.762,224.25,-205.3505459204316,10939.342690616846,-6636.821454286575,3512.02707862854,-5514.250292216428,-5258.4362900704145
strength_HB0.5,N665,224.25,150.0,231.911,435.1190725969805,-131.83840905210246,-136.12009320195924,2178.2252380931313,987.9639380192941,6429.051333992711
strength_HB0.5,N672,224.25,185.0,231.911,0.993259996175766,11294.424118250608,6353.772588253021,-1878.5469632148743,-112.13005089992657,2147.580680191517
strength_HB0.5,N681,224.25,235.0,231.911,647.9931666945615,-95.23508558150449,196.88386461077607,-829.2200622224706,-1265.824573900126,3462.7073633213827
strength_HB0.75,N50,224.25,-63.0,120.0,-3.1541991948709054,-795.9474777971532,838.6951966110106,5340.932860122623,-729.0981092822999,-14.853046542120707
strength_HB0.75,N60,224.25,253.0,228.398,-820.1208538785577,5286.124594032764,3499.249875679612,9400.095889925957,-1762.0951002761722,2349.1195750990883
strength_HB0.75,N70,224.25,0.0,130.311,9.623314829610896e-13,-10.82227483955862,7.984107159334003e-12,-1.2761816232753925e-11,-4.4028372160661225e-13,1.9829794426010736e-12
strength_HB0.75,N71,224.25,0.0,153.373,187.61116314913926,-1539.5153430749742,-465.606869315946,9526.70426583836,375.71837029325525,3515.7845733852314
strength_HB0.75,N72,224.25,0.0,156.373,0.0458831787109375,30.846971333026886,1.57147216796875,-35.44184112548828,3.667433213442564,-0.44542884826660156
strength_HB0.75,N154,224.25,0.0,120.0,-249.3446648039328,14205.418703093144,1189.2719423001327,-9093.11162455288,-1265.9730957429647,-1494.1548495549505
strength_HB0.75,N161,224.25,69.75,120.0,-1054.645300484739,-1816.3504780774765,-35.285207434869555,132.427947171342,-4370.178653647891,12172.115983124595
strength_HB0.75,N169,224.25,122.762,120.0,-1.1721608688848428,-11850.316687157816,-6598.795941445241,-2796.5425306536304,60.817280861013096,-1991.3347404127112
strength_HB0.75,N177,224.25,185.0,120.0,-546.4243306895917,-20839.07829365047,6821.778157809618,4521.5474524829115,-3680.194785377298,135919.55023033463
strength_HB0.75,N186,224.25,249.0,120.0,-1954.4008341577457,2002.0881398910976,-643.2541493506234,6178.928534512702,3379.445085926764,-25911.73886554387
strength_HB0.75,N188,224.25,253.0,120.0,1528.380882189737,3092.465034795514,485.6600518455071,526.9247244449386,-3243.3657500743166,1357.813946401753
strength_HB0.75,N245,224.25,69.75,150.143,2.878335157642141,-46.98430370585993,-0.03380222781561315,-0.42870712000876665,-3.263748914054304,19.42440440552309
strength_HB0.75,N424,224.25,-0.0,121.5,126.37590017241823,-1976.5718392662143,-624.5176345812554,-7389.843821987205,-140.53919904675257,-1393.6769238137906
strength_HB0.75,N425,224.25,-0.0,150.796,-126.37590132664046,1934.999887373258,624.5176344443828,-10906.024791743803,140.53919904691782,-2308.63148086481
strength_HB0.75,N426,224.25,69.75,121.5,114.16830316938014,352.7416903003143,-5.336422450177313,-254.71149800893932,-126.16514369177045,-1966.397569831417
strength_HB0.75,N427,224.25,69.75,144.689,4.656612873077393e-10,-11.126736401114613,0.0,4.656612873077393e-10,9.094947017729282e-13,0.0
strength_HB0.75,N428,224.25,69.75,152.368,129.07410608373073,-3389.5379829973945,27.24969216839493,531.3128872815817,289.63482079995987,-2690.607727278551
strength_HB0.75,N466,224.25,69.75,193.643,-38.00622999668121,-1276.3235170543194,11.358581781387329,-44.45822620391846,299.7155616211239,4553.475672125816
strength_HB0.75,N527,224.25,249.0,229.319,852.3873535366513,2140.5512066933134,-3616.8392364546453,-3401.8475323671923,2537.9118967157597,15674.449552570986
strength_HB0.75,N555,224.25,69.75,147.143,709.4472139938734,1068.213864906691,-33.105882139876485,-731.234500789782,-805.1948041273827,5973.06804549275
strength_HB0.75,N631,224.25,-63.0,122.0,-6.789501120548507,-732.5001801824553,-1901.648713331576,2677.3446000446406,-1160.4224085187986,-71.3670236995784
strength_HB0.75,N640,224.25,-0.0,156.677,11.819992065429688,1908.9863560199738,404.50079345703125,-9246.064903259277,576.7038729637861,-111.0645580291748
strength_HB0.75,N658,224.25,120.0,222.729,300.630451257447,-23.087765384087295,169.61455204529193,-1942.5176891838366,1963.748544062762,3902.955000398722
strength_HB0.75,N659,224.25,122.762,224.25,-203.65796870738268,11202.299931585789,-6795.963522911072,3587.391270160675,-5466.555205222918,-5232.144084133208
strength_HB0.75,N665,224.25,150.0,231.911,432.7001807038237,-132.6210482000654,-135.0282663937332,2185.7813186850785,1002.8379055761845,6429.676092450017
strength_HB0.75,N672,224.25,185.0,231.911,1.1721594780683517,11732.417960226536,6598.795939922333,-1931.5116109848022,-133.77014559018426,2122.5122868083417
strength_HB0.75,N681,224.25,235.0,231.911,607.4000059086292,-97.74724000801893,183.15179800952828,-849.8627114614934,-1299.901966254556,3535.064975701698
strength_HT0.25,N50,224.25,-63.0,120.0,7.899254423334602,-719.8399712052004,549.805194798976,5025.823899696777,-544.3627344501332,-8.643454490065082
strength_HT0.25,N60,224.25,253.0,228.398,-700.7552927434444,4933.054220080376,3223.58020503819,8928.567283660173,-1482.357228063047,1841.9081075396389
strength_HT0.25,N70,224.25,0.0,130.311,-4.632304894557453e-13,-10.822274839535538,9.831563158929231e-12,-8.750933603236985e-12,-3.758643169575218e-13,7.005382564441867e-12
strength_HT0.25,N71,224.25,0.0,153.373,265.78698528258235,-1479.4002033194538,-454.1565465009334,9425.17632813521,377.30502976672585,3947.791315026969
strength_HT0.25,N72,224.25,0.0,156.373,0.2086639404296875,30.31178018450737,1.5616455078125,-34.535125732421875,5.504823782481253,-2.696836471557617
strength_HT0.25,N154,224.25,0.0,120.0,-367.64464322573264,13837.973166683718,1149.7761798057945,-8759.5811634452,-1425.3792943353646,-1955.212035864738
strength_HT0.25,N161,224.25,69.75,120.0,-1155.0317725129498,-1941.4999720302446,-34.25377827500447,130.62131134611792,-4243.108165688436,18004.82398946025
strength_HT0.25,N169,224.25,122.762,120.0,2.3277620439243036,-10853.346316459243,-6041.044254472443,-2546.9821360250753,144.07012888892407,-1830.7512593003369
strength_HT0.25,N177,224.25,185.0,120.0,-473.76521547317486,-18837.855475812423,6602.6120776742755,4228.663454553571,-2449.907099976007,111455.93928589193
strength_HT0.25,N186,224.25,249.0,120.0,-1702.92175284505,1861.5587317898655,-610.1214660668277,5675.442530275973,2875.456081430606,-21064.462201244005
strength_HT0.25,N188,224.25,253.0,120.0,1334.92533918954,2896.817969985321,457.72355807157476,494.93318624197855,-2822.3683979597845,1251.97085096949
strength_HT0.25,N245,224.25,69.75,150.143,3.6422980120405555,-55.78987827152014,-0.03218938526697457,-0.16413047537207603,-2.983034441316704,24.237141808262095
strength_HT0.25,N424,224.25,-0.0,121.5,152.56697233186287,-1924.580209100194,-614.4982701158509,-7305.31525326817,-343.88971231041677,-1413.0933219788942
strength_HT0.25,N425,224.25,-0.0,150.796,-152.5669731503501,1883.0082572100296,614.4982698461744,-10697.02605747698,343.8897123103268,-3056.5087231398493
strength_HT0.25,N426,224.25,69.75,121.5,142.26991192563545,384.65872480449065,-5.136897447227153,-237.38925933251986,-102.81244751847213,-2358.798199624834
strength_HT0.25,N427,224.25,69.75,144.689,0.0,-11.126736401114613,0.0,4.656612873077393e-10,9.094947017729282e-13,-9.313225746154785e-10
strength_HT0.25,N428,224.25,69.75,152.368,179.2167986744956,-3876.172352181716,26.346590365648602,537.4195096455283,172.3644116294453,-3962.7625484718264
strength_HT0.25,N466,224.25,69.75,193.643,-233.11326161026955,-1373.818253800273,11.66915512084961,40.806082248687744,288.0016994413454,5020.9526880681515
strength_HT0.25,N527,224.25,249.0,229.319,706.2342610911488,1862.1244183189604,-3336.256563081709,-2861.841114612407,2178.374000544283,13660.48358373076
strength_HT0.25,N555,224.25,69.75,147.143,884.0719236317091,1160.9739346764982,-31.868068002164364,-655.5127911623567,-656.1562577358327,8012.57351701241
strength_HT0.25,N631,224.25,-63.0,122.0,-2.859552052700139,-549.4601857595169,-1606.0165224482125,2362.797436553432,-1069.8803361396028,-335.1881264969479
strength_HT0.25,N640,224.25,-0.0,156.677,53.71681213378906,1876.6890785694122,402.00726318359375,-9011.906623840332,865.6335397614166,-677.8634128570557
strength_HT0.25,N658,224.25,120.0,222.729,327.2397565787666,-17.89973091962993,179.97088991933316,-1861.6308459364259,1720.4470667088422,3987.0191494251135
strength_HT0.25,N659,224.25,122.762,224.25,-171.25752990692854,10843.26880736649,-6577.680352449417,3467.1065096855164,-4772.735210212908,-4645.902076758444
strength_HT0.25,N665,224.25,150.0,231.911,361.4403386536225,-133.66371921365513,-113.69601984214947,2071.7940280721255,787.2136731915647,6035.368863262266
strength_HT0.25,N672,224.25,185.0,231.911,-2.3277632892131805,10735.44758784771,6041.0442543029785,-1811.9650201797485,0.8051835434744135,1570.2489774227142
strength_HT0.25,N681,224.25,235.0,231.911,540.6966753568696,-101.98822893040284,164.16562415227781,-981.1606759180864,-1047.2926684186207,3530.722470803936
strength_HT0.5,N50,224.25,-63.0,120.0,5.869368682213183,-722.3022979360654,520.9103599928611,5073.541118059999,-543.4650053772216,4.1169217911392115
strength_HT0.5,N60,224.25,253.0,228.398,-692.8975307568908,4977.554625511169,3262.8000012487173,8983.060885339975,-1492.4740024544299,1833.0916249612346
strength_HT0.5,N70,224.25,0.0,130.311,-3.5993809431241076e-13,-10.82227483955514,7.381610393154334e-12,-7.62765427558866e-13,-3.785093864984272e-13,-4.087079589045326e-12
strength_HT0.5,N71,224.25,0.0,153.373,278.8057992432183,-1502.9367175598563,-470.440366005766,9675.395775106954,375.25385691475634,4003.11546893631
strength_HT0.5,N72,224.25,0.0,156.373,0.2277984619140625,30.784010499715805,1.61090087890625,-35.81513977050781,5.423531845211983,-2.9272384643554688
strength_HT0.5,N154,224.25,0.0,120.0,-369.9569494831506,14225.619533469418,1183.3748024027227,-9009.535636093206,-1397.6464658219584,-1937.4820549623482
strength_HT0.5,N161,224.25,69.75,120.0,-1217.3198209201787,-1945.7561628956696,-33.77895698617841,128.38434843385744,-4208.307428978738,19169.9140587422
strength_HT0.5,N169,224.25,122.762,120.0,2.239397438588024,-10996.637836902777,-6121.1375534121025,-2577.665490398001,146.4270224839573,-1828.3239092241836
strength_HT0.5,N177,224.25,185.0,120.0,-471.81130327199435,-19135.165205010475,6782.134709649588,4330.977696590417,-2542.988125868492,111276.18859347011
strength_HT0.5,N186,224.25,249.0,120.0,-1699.7012806327668,1898.0135301420594,-624.0005040059878,5901.30034506847,2857.2983531346717,-21051.19796126547
strength_HT0.5,N188,224.25,253.0,120.0,1332.7050679081044,2921.2270200040375,466.0680547975425,502.28404980647673,-2820.9399026664546,1251.4989353278158
strength_HT0.5,N245,224.25,69.75,150.143,3.794066725531593,-65.33266409486532,-0.0319978182669729,-0.20674761151894927,-3.0386080079870226,26.70662689837627
strength_HT0.5,N424,224.25,-0.0,121.5,158.3999992090493,-1953.7582255098962,-635.2480190756245,-7577.8755829494485,-336.30378887319245,-1506.2165818301555
strength_HT0.5,N425,224.25,-0.0,150.796,-158.400000310922,1912.1862736270461,635.2480188729443,-11032.350380143545,336.30378887345347,-3134.2698266055036
strength_HT0.5,N426,224.25,69.75,121.5,149.86613090633082,380.23336833857377,-5.197242460009668,-242.8157630673311,-103.36657642009796,-2474.758879490289
strength_HT0.5,N427,224.25,69.75,144.689,4.656612873077393e-10,-11.126736401114613,0.0,4.656612873077393e-10,9.094947017729282e-13,-4.656612873077393e-10
strength_HT0.5,N428,224.25,69.75,152.368,174.64514418830743,-4249.834636397687,26.845061393988782,548.8278731656712,165.51862428941828,-3888.657317924174
strength_HT0.5,N466,224.25,69.75,193.643,-240.92000506818295,-1509.9380593150854,10.883718490600586,25.312428951263428,223.65875377261546,5441.65334443748
strength_HT0.5,N527,224.25,249.0,229.319,697.2248203231601,1903.7627856201848,-3375.6355289163585,-2967.3551248856384,2146.1549869542064,13639.882553030413
strength_HT0.5,N555,224.25,69.75,147.143,931.2751865796745,1148.1125777121633,-32.242442248389125,-679.577424549032,-659.692747286219,8502.421682278858
strength_HT0.5,N631,224.25,-63.0,122.0,-5.973859152853128,-551.5172987892317,-1604.411728019992,2431.030434427135,-1086.5582587516865,-278.0734398658595
strength_HT0.5,N640,224.25,-0.0,156.677,58.63877868652344,1905.1868480443954,414.62969970703125,-9345.23641204834,852.8503826493397,-735.6750392913818
strength_HT0.5,N658,224.25,120.0,222.729,335.28779786714097,-14.938503177208187,182.9391764219939,-1832.522865926163,1653.5001742322352,3920.0508938499697
strength_HT0.5,N659,224.25,122.762,224.25,-171.05707774311304,11142.477060183883,-6757.952043533325,3540.9947152137756,-4765.75602946346,-4634.493206232786
strength_HT0.5,N665,224.25,150.0,231.911,359.51370895827074,-133.1978701129627,-113.12699020703754,2067.3668099125352,782.0952798603913,5986.169469261912
strength_HT0.5,N672,224.25,185.0,231.911,-2.2393989264965057,10878.739109575748,6121.137551307678,-1826.4250164031982,-7.051323674619198,1577.710557103157
strength_HT0.5,N681,224.25,235.0,231.911,541.7841684333041,-102.0090802011193,164.6214058859439,-967.3937791067364,-1038.757595694117,3515.1220589989853
strength_HT0.75,N50,224.25,-63.0,120.0,3.4725564306461427,-724.3488436620298,494.1004584920062,5116.404043177839,-581.1584301373491,-7.7904562602622045
strength_HT0.75,N60,224.25,253.0,228.398,-687.7893463894725,5021.462597131729,3301.442400544882,9036.975500524044,-1498.7727979533374,1828.0585519522429
strength_HT0.75,N70,224.25,0.0,130.311,1.1055471590336015e-12,-10.822274839528289,9.448837866275502e-12,-1.3237845765624857e-11,-2.5012310890119416e-13,-9.001818135741069e-13
strength_HT0.75,N71,224.25,0.0,153.373,270.32743605116707,-1535.965345245657,-482.7712879566211,9919.598973368327,395.97657952839705,3972.1684196904266
strength_HT0.75,N72,224.25,0.0,156.373,0.18041229248046875,31.278068870306015,1.673828125,-37.12230682373047,4.9545106664299965,-2.6350059509277344
strength_HT0.75,N154,224.25,0.0,120.0,-354.5743539690596,14625.407102158812,1219.8971465843715,-9267.744797432391,-1330.6497571795371,-1951.7988778455237
strength_HT0.75,N161,224.25,69.75,120.0,-1281.1909154614402,-2154.576637855408,-33.08419844970873,125.10062472290907,-4135.716718332701,21214.271166389713
strength_HT0.75,N169,224.25,122.762,120.0,2.570613884102377,-11138.834241868179,-6200.603938441959,-2606.8826007006005,161.21442526924744,-1857.5420218225177
strength_HT0.75,N177,224.25,185.0,120.0,-469.10527694691496,-19429.46741363406,6959.47978223965,4433.843593623853,-2694.8189908519853,111095.27432210666
strength_HT0.75,N186,224.25,249.0,120.0,-1695.7141805136196,1933.9047743420756,-637.7461001758671,6123.990652990825,2817.7940300271002,-21040.195508799305
strength_HT0.75,N188,224.25,253.0,120.0,1330.2986942922425,2945.3150164092826,474.2976849032428,509.51300296180773,-2818.984625285908,1250.5538484360725
strength_HT0.75,N245,224.25,69.75,150.143,3.8468741453252733,-69.83464380027726,-0.03195606474764645,-0.27111422130838037,-3.0698592059397924,28.43629383551888
strength_HT0.75,N424,224.25,-0.0,121.5,161.0408550262957,-1989.0407145414233,-655.7207573112663,-7848.623964100434,-269.34738622384066,-1692.687626304836
strength_HT0.75,N425,224.25,-0.0,150.796,-161.0408557479301,1947.468762650139,655.720757033265,-11361.371333942527,269.3473862238719,-3025.165283521771
strength_HT0.75,N426,224.25,69.75,121.5,155.89445022312677,426.5675090283732,-5.239572647705927,-248.07236080534847,-105.56552337851697,-2641.747725735399
strength_HT0.75,N427,224.25,69.75,144.689,-4.656612873077393e-10,-11.126736401580274,0.0,4.656612873077393e-10,9.094947017729282e-13,0.0
strength_HT0.75,N428,224.25,69.75,152.368,148.62126068746338,-4616.894232998407,27.163993524606102,555.9166699420964,175.6125814759875,-3414.8211967767115
strength_HT0.75,N466,224.25,69.75,193.643,-174.2292695492506,-1646.711763188243,10.292103290557861,4.490208864212036,186.98167852929328,5802.669596120715
strength_HT0.75,N527,224.25,249.0,229.319,691.2928592479905,1944.8075142942055,-3414.480537506946,-3070.474493287996,2124.2573936802232,13638.066657168374
strength_HT0.75,N555,224.25,69.75,147.143,968.7354512047023,1282.7728992747143,-32.50504716672003,-705.4541111509316,-673.7265811484067,8425.338718232699
strength_HT0.75,N631,224.25,-63.0,122.0,-4.3821995221268395,-553.7540366558015,-1603.2581038456826,2495.0381898075902,-1069.0264621408046,-226.68510780267277
strength_HT0.75,N640,224.25,-0.0,156.677,46.438575744628906,1935.0018763542175,430.833740234375,-9686.642280578613,779.0968021368608,-664.1601066589355
strength_HT0.75,N658,224.25,120.0,222.729,316.6333525846582,-18.83081955961029,174.4503871499687,-1818.2920046325153,1679.8192533693318,3836.494170243954
strength_HT0.75,N659,224.25,122.762,224.25,-170.04244080930948,11438.747826173902,-6936.455282926559,3614.4197969436646,-4705.652934267222,-4565.9754906743765
strength_HT0.75,N665,224.25,150.0,231.911,358.90159711039604,-132.81949316310707,-112.95915506725724,2066.4807067345314,779.2535303736195,5951.005089303883
strength_HT0.75,N672,224.25,185.0,231.911,-2.5706140995025635,11020.935514330864,6200.603937149048,-1840.3506302833557,-1.2245494212256745,1569.8620354682207
strength_HT0.75,N681,224.25,235.0,231.911,542.3844779979966,-102.01909318303909,164.89971769698866,-952.9804795615431,-1032.265008060876,3500.9103951885218
lateral_HX,N50,224.25,-63.0,120.0,-45.509017088014694,-117.56309684880499,-937.7696834112743,1720.4001191937066,-1416.2834535902032,-112.97085852125305
lateral_HX,N60,224.25,253.0,228.398,-1063.8097409009933,1327.1995978951454,804.7513776589185,2712.2512346431613,1402.835512459278,1132.4298291504383
lateral_HX,N70,224.25,0.0,130.311,4.240707769676054e-12,-9.018562366290201,4.51898379141448e-12,-1.0875804815214626e-11,-5.920578507390516e-13,1.1634881052719635e-11
lateral_HX,N71,224.25,0.0,153.373,97.65171432387835,-511.5767596233436,-116.28963984210799,2773.5264323701895,332.2514007390234,2800.4069306263523
lateral_HX,N72,224.25,0.0,156.373,0.04638671875,9.643828518688679,0.26397705078125,-4.284870147705078,0.6191074606031179,-0.043731689453125
lateral_HX,N154,224.25,0.0,120.0,-10.269310398122798,3061.8103309418416,-52.2560959894754,-190.5336351947135,-858.6300020454091,-958.8238470060041
lateral_HX,N161,224.25,69.75,120.0,-125.18274087844186,-103.43232009361034,-20.102449799630108,79.18750845048424,-2470.581528270209,1340.364405189705
lateral_HX,N169,224.25,122.762,120.0,29.70440688994563,-1249.7284399384619,-672.1784636970506,-94.89302432517937,400.0840204102936,-1786.5577442535891
lateral_HX,N177,224.25,185.0,120.0,25.64966577065934,-2440.5167429934518,1222.7391720727865,423.88763919855955,1189.0694852939087,13003.936789074141
lateral_HX,N186,224.25,249.0,120.0,-291.6208365221452,524.5838233535973,-126.10690300661503,1865.0001007517644,913.6284147867348,-1281.6692036106592
lateral_HX,N188,224.25,253.0,120.0,174.93219588204926,806.7398118160181,131.45932430209155,120.27908040402566,8.253584080706755,-134.77076568980226
lateral_HX,N245,224.25,69.75,150.143,-0.29592509125359356,-6.478626875672489,-0.006874661892652512,-0.0060132036451250315,-1.5864629902530396,1.8762911341618747
lateral_HX,N424,224.25,-0.0,121.5,61.625513084882,-671.2317535104571,-132.29150295328867,-1578.2499086023747,167.74546008065073,82.22306980671671
lateral_HX,N425,224.25,-0.0,150.796,-61.62551417226942,636.5884602734462,132.2915028717142,-2297.36195927117,-167.74546008054892,-1887.60413253792
lateral_HX,N426,224.25,69.75,121.5,-3.282090737269068,10.213497156849735,-0.3421678591158098,-16.318706461128688,-51.666442888444955,26.78184593614484
lateral_HX,N427,224.25,69.75,144.689,0.0,-9.27228033496067,0.0,2.3283064365386963e-10,9.094947017729282e-13,-9.313225746154785e-10
lateral_HX,N428,224.25,69.75,152.368,-74.29974276639675,-367.57615485585933,0.18594153277235653,44.56882255690083,69.41458642521775,941.1872389941803
lateral_HX,N466,224.25,69.75,193.643,180.75456833839417,-33.55214086174965,2.359013855457306,62.16335874795914,6.976207767846063,-753.9955317974091
lateral_HX,N527,224.25,249.0,229.319,-1045.0492015993727,432.66975426443344,-813.8908782980106,107.64369398904883,7825.401990006157,2036.4817010369015
lateral_HX,N555,224.25,69.75,147.143,-20.395065386779606,65.55435154016595,-2.1227255342528224,-46.80426166392863,-329.73886561933796,-356.5670251075644
lateral_HX,N631,224.25,-63.0,122.0,-38.42344260447712,366.02914824791617,266.3578282522735,931.1420010947711,-1323.1530005606146,-211.42920425378836
lateral_HX,N640,224.25,-0.0,156.677,11.953521728515625,621.526694200933,67.95626831054688,-1123.629322052002,97.3546480666846,-7.622791290283203
lateral_HX,N658,224.25,120.0,222.729,-120.43219257522443,-114.71168803800639,-32.40501970406802,-1519.7644937712473,1459.0087503620264,2585.9361084917336
lateral_HX,N659,224.25,122.762,224.25,6.336117744445801,1977.661520831287,-1218.9662994742393,989.8350356221199,-4.569373196689412,33.0123752951622
lateral_HX,N665,224.25,150.0,231.911,-70.81774212072975,-151.5351772918775,-1.22049718762655,2074.5315527838297,-1522.0548606595066,7621.63738126751
lateral_HX,N672,224.25,185.0,231.911,-29.704419136047363,1151.4795004315674,672.1784634590149,-507.1820478737354,1448.658912166953,-1537.692234992981
lateral_HX,N681,224.25,235.0,231.911,2412.062653508101,-82.72967053858495,825.406297094319,-2484.0046118642426,2797.7011452297547,6996.142243275046
strength_lateral_HX_1,N50,224.25,-63.0,120.0,-45.75579665532454,-371.83574936275176,-454.62867678637974,3238.557100668324,-1624.5401869720588,-63.40776953293141
strength_lateral_HX_1,N60,224.25,253.0,228.398,-1411.7417529821396,2962.397117346525,1962.157234556973,5279.284240052104,675.1445327997208,2135.6988368183374
strength_lateral_HX_1,N70,224.25,0.0,130.311,-2.283649993864075e-12,-10.82227483955836,4.83604458188567e-12,-9.44989946766222e-12,-2.3837011231345753e-13,-5.886806056652125e-12
strength_lateral_HX_1,N71,224.25,0.0,153.373,153.2972327033744,-865.0732344605768,-274.4430133821592,5676.217726149775,251.28881485364482,3507.2211993176734
strength_lateral_HX_1,N72,224.25,0.0,156.373,0.06695556640625,16.63978962600231,0.781402587890625,-16.585227966308594,0.9601661581546068,-0.5091934204101562
strength_lateral_HX_1,N154,224.25,0.0,120.0,-87.7098675334314,7412.449136014983,287.54228303274385,-2985.1165502244367,-1347.9783121761557,-1798.5709119872608
strength_lateral_HX_1,N161,224.25,69.75,120.0,-620.7899783707117,-1062.0224125799978,-34.209871150536344,131.72251589224587,-4223.361535158465,7659.588945236377
strength_lateral_HX_1,N169,224.25,122.762,120.0,28.06834048926436,-5212.535149629301,-2883.355300786725,-995.2734616113858,398.6292717224628,-2626.674307768045
strength_lateral_HX_1,N177,224.25,185.0,120.0,-185.0565828711342,-10110.168121504961,3393.043991755476,1919.152127204703,-282.8761908241686,69926.55960624889
strength_lateral_HX_1,N186,224.25,249.0,120.0,-1138.0784438635844,1059.2671031271648,-317.4955919592495,3018.35283524448,2326.177884447932,-12203.468244308044
strength_lateral_HX_1,N188,224.25,253.0,120.0,840.2009967427609,1805.2946084473551,272.6187105950487,288.7302380488279,-1396.795763068097,445.41824402642254
strength_lateral_HX_1,N245,224.25,69.75,150.143,1.0973208129871637,-28.096024601254612,-0.019850995857268572,-0.23117820010520518,-2.924833415043395,10.803645779844373
strength_lateral_HX_1,N424,224.25,-0.0,121.5,97.82722877018985,-1117.7909144605153,-341.4094325039579,-4174.665139157793,72.12416113340561,-466.4887140133555
strength_lateral_HX_1,N425,224.25,-0.0,150.796,-97.82723009114262,1076.2189625724989,341.4094323805785,-5827.265590442146,-72.12416113358395,-2399.4578167699933
strength_lateral_HX_1,N426,224.25,69.75,121.5,51.50403842375681,202.82788304851672,-2.3948241496843172,-113.18700655959478,-107.30049343821234,-926.6230515261685
strength_lateral_HX_1,N427,224.25,69.75,144.689,4.656612873077393e-10,-11.126736401813105,-2.3283064365386963e-10,0.0,9.094947017729282e-13,-9.313225746154785e-10
strength_lateral_HX_1,N428,224.25,69.75,152.368,-8.382436632142657,-2024.7816398420225,10.676072052215503,220.95656884137588,216.97888302537325,-400.8923321919142
strength_lateral_HX_1,N466,224.25,69.75,193.643,159.59149360656738,-646.4259489625692,6.580259203910828,15.2876136302948,123.4109665453434,1441.519053220749
strength_lateral_HX_1,N527,224.25,249.0,229.319,-688.0441975792417,1207.7287651660645,-2008.4879587231517,-2077.8807269681247,8885.556969641779,10084.18903021126
strength_lateral_HX_1,N555,224.25,69.75,147.143,320.0485373120755,632.521281008143,-14.856915587093681,-321.20897115103435,-684.7992818663388,2448.925479274476
strength_lateral_HX_1,N631,224.25,-63.0,122.0,-48.4079477081919,-102.66676041314477,-527.2617198504945,2379.169416757905,-1889.0066631863187,53.83483779344444
strength_lateral_HX_1,N640,224.25,-0.0,156.677,17.249237060546875,1051.6229905188084,201.147216796875,-4330.3581466674805,150.98612811602652,-125.82696533203125
strength_lateral_HX_1,N658,224.25,120.0,222.729,-0.05475595824500932,-99.48128307978558,29.589973780909144,-1833.3373138708034,1889.1310451316647,3263.3299668355253
strength_lateral_HX_1,N659,224.25,122.762,224.25,-76.89146867394447,5544.57039141655,-3378.1197633743286,2035.5742623806,-2186.655258452214,-1972.7051486372948
strength_lateral_HX_1,N665,224.25,150.0,231.911,100.84283799879402,-168.64886059988055,-54.80999116074563,2583.2585127748316,-1114.7822066669069,8895.15175776753
strength_lateral_HX_1,N672,224.25,185.0,231.911,-28.06834602355957,5094.636421144009,2883.3553006649017,-1056.3505568504333,1348.2879686430097,-514.4814987182617
strength_lateral_HX_1,N681,224.25,235.0,231.911,2667.0143828258097,-87.36704377455568,902.5910337421833,-2202.3109770917317,2280.905576027383,7038.7493932099
strength_lateral_HX_-1,N50,224.25,-63.0,120.0,39.587762000252724,-402.80961920742186,895.5313147666608,2442.1418623522254,711.4782939905167,6.492953908700222
strength_lateral_HX_-1,N60,224.25,253.0,228.398,618.6792495250702,2464.7794376909733,1647.5730717256665,4498.586001396179,-2320.5181307792664,-227.15314631909132
strength_lateral_HX_-1,N70,224.25,0.0,130.311,1.2111230973697603e-12,-10.822274839541608,2.5507170479126826e-12,-7.787209071192691e-13,-7.991185545519827e-15,-4.771024505197785e-12
strength_lateral_HX_-1,N71,224.25,0.0,153.373,181.5820270052644,-953.440676783527,-248.5928787748181,6046.236312684932,1056.632310096768,3401.768976820557
strength_lateral_HX_-1,N72,224.25,0.0,156.373,0.0625,18.424270436167717,0.9342041015625,-18.761375427246094,7.221387961413711,-0.49224090576171875
strength_lateral_HX_-1,N154,224.25,0.0,120.0,-313.9019043700371,8502.002055232218,1088.4113711339342,-7503.487916709025,33.58914409054978,114.65806087656074
strength_lateral_HX_-1,N161,224.25,69.75,120.0,-536.7265521850842,-1081.4121169346347,-0.3315084274608598,-0.7365312760570996,-120.30452835975758,9084.302085412874
strength_lateral_HX_-1,N169,224.25,122.762,120.0,-21.251532875641285,-7143.843795962699,-3964.86678932681,-1471.8684382889385,-160.43542937231422,661.3611333634178
strength_lateral_HX_-1,N177,224.25,185.0,120.0,-374.3387865547111,-11122.997343881594,4108.9919973748765,2479.5778030866277,-2861.7434013622296,52379.50259356922
strength_lateral_HX_-1,N186,224.25,249.0,120.0,-725.7526054197554,1102.9524733198218,-381.7914542835486,3675.922424928123,747.4292455481079,-10334.723056450452
strength_lateral_HX_-1,N188,224.25,253.0,120.0,616.0041315126526,1532.2678313428908,255.95159322670722,285.561253779189,-1691.1583377413685,1006.0504246427864
strength_lateral_HX_-1,N245,224.25,69.75,150.143,2.078403451188933,-27.735342290485278,-0.014120208215899765,0.010723849525675178,-0.24185442785301348,13.02008430287242
strength_lateral_HX_-1,N424,224.25,-0.0,121.5,118.99125263120581,-1227.7254930564636,-350.98950725627606,-3897.2348287863038,-51.07491676153898,-1222.469127603153
strength_lateral_HX_-1,N425,224.25,-0.0,150.796,-118.99125204827024,1186.1535411722862,350.9895075556545,-6385.353784501675,51.07491676149259,-2263.4985923680206
strength_lateral_HX_-1,N426,224.25,69.75,121.5,79.45058309269876,199.22401464377086,-3.3420290409927307,-154.65783537161198,1.1919863097825503,-1316.4717456586625
strength_lateral_HX_-1,N427,224.25,69.75,144.689,-1.1641532182693481e-10,-11.126736401580274,0.0,2.3283064365386963e-10,0.0,0.0
strength_lateral_HX_-1,N428,224.25,69.75,152.368,114.77342517638223,-1995.800669467892,19.403588254843115,385.1233576705698,-56.415505834395994,-2356.6559527894537
strength_lateral_HX_-1,N466,224.25,69.75,193.643,-247.33606404066086,-772.0012302324176,4.936010956764221,0.43909549713134766,88.26695066079265,3023.879470705986
strength_lateral_HX_-1,N527,224.25,249.0,229.319,1489.6243941477542,1038.228121853504,-1733.6947048938437,-1911.8721694175192,-6445.029586519687,320.6672998733699
strength_lateral_HX_-1,N555,224.25,69.75,147.143,493.7096571949078,622.0474042478018,-20.733142578508705,-427.79989973432384,7.607340309323263,4479.579478423664
strength_lateral_HX_-1,N631,224.25,-63.0,122.0,62.04423449313611,-402.7260512701515,-1152.029130741181,407.7610972364784,942.6807959390625,-1016.6506423158156
strength_lateral_HX_-1,N640,224.25,-0.0,156.677,16.082305908203125,1159.311378031969,240.47344970703125,-4902.47624206543,1135.5632569766603,-121.81864929199219
strength_lateral_HX_-1,N658,224.25,120.0,222.729,323.99242287550635,-21.390834670978975,174.46395911597298,-2128.162830301525,1443.562614519595,4332.434101384616
strength_lateral_HX_-1,N659,224.25,122.762,224.25,-115.51768180727959,6740.208150953054,-4099.602298736572,2320.136159181595,-3234.312967889535,-3564.938360631466
strength_lateral_HX_-1,N665,224.25,150.0,231.911,327.79717970755235,-106.09575209257932,-80.08521130165315,1244.9649170675966,2025.0268374823181,2317.8978793990095
strength_lateral_HX_-1,N672,224.25,185.0,231.911,21.25154209136963,7025.945067718625,3964.8667883872986,-1412.0002737045288,-1162.2174650756642,1716.9191465377808
strength_lateral_HX_-1,N681,224.25,235.0,231.911,-2051.8944870140103,-164.28351044453856,-716.4540772580245,-893.3927900084213,-3506.225471169921,2520.869479125917
strength_lateral_HX_2,N50,224.25,-63.0,120.0,-88.4275759825492,-356.3488144401214,-1129.70867254657,3636.7647198107984,-2792.5494273751165,-98.35813125071692
strength_lateral_HX_2,N60,224.25,253.0,228.398,-2426.9522540569305,3211.2059571146965,2119.449315980077,5669.6333593428135,2172.9758647680283,3317.12482842803
strength_lateral_HX_2,N70,224.25,0.0,130.311,5.767718440803287e-13,-10.822274839543951,3.587399832714482e-12,4.928311504086991e-12,1.546904036784905e-13,-1.233148630174026e-11
strength_lateral_HX_2,N71,224.25,0.0,153.373,139.1548360982094,-820.8895132972794,-287.3680808164942,5491.208432948365,-151.38293275077862,3559.9473098903163
strength_lateral_HX_2,N72,224.25,0.0,156.373,0.06927490234375,15.747549220919609,0.705078125,-15.497154235839844,-2.1704447492957115,-0.5176849365234375
strength_lateral_HX_2,N154,224.25,0.0,120.0,25.38615061066821,6867.672676403229,-112.89226140312985,-725.9308675877546,-2038.7620402592693,-2755.18539902657
strength_lateral_HX_2,N161,224.25,69.75,120.0,-662.8217038727008,-1052.327558517657,-51.14905288419149,197.9520393667071,-6274.890038636085,6947.232377983193
strength_lateral_HX_2,N169,224.25,122.762,120.0,52.72827440986615,-4246.880826352647,-2342.5995567323707,-756.9759737697465,678.1616226223545,-4270.692030000138
strength_lateral_HX_2,N177,224.25,185.0,120.0,-90.41548037105349,-9603.75351031989,3035.069989541931,1638.939289337577,1006.5574140754034,78700.08811409409
strength_lateral_HX_2,N186,224.25,249.0,120.0,-1344.2413630562369,1037.4244180326043,-285.3476607995269,2689.568040396438,3115.5522034972673,-13137.84083815367
strength_lateral_HX_2,N188,224.25,253.0,120.0,952.299429362559,1941.8079969949044,280.952269280587,290.3147301775373,-1249.6144757215948,165.10215371226244
strength_lateral_HX_2,N245,224.25,69.75,150.143,0.606779495254159,-28.276365756522864,-0.022716389037668705,-0.35212922445498407,-4.266322908549228,9.695426518563181
strength_lateral_HX_2,N424,224.25,-0.0,121.5,87.24521701596915,-1062.823625159818,-336.61939465650045,-4313.380294530179,133.72370007742654,-88.49850740423709
strength_lateral_HX_2,N425,224.25,-0.0,150.796,-87.2452190517048,1021.2516732743197,336.61939479310774,-5548.221493545371,-133.72370007692308,-2467.4374290424057
strength_lateral_HX_2,N426,224.25,69.75,121.5,37.530772775671835,204.62981727153783,-1.9212217404437653,-92.4515926666883,-161.54673330858662,-731.6986989351321
strength_lateral_HX_2,N427,224.25,69.75,144.689,9.313225746154785e-10,-11.126736401813105,0.0,0.0,0.0,-9.313225746154785e-10
strength_lateral_HX_2,N428,224.25,69.75,152.368,-69.96036753367915,-2039.2721250316895,6.312313950452061,138.8731744301254,353.67607744454915,576.9894780408728
strength_lateral_HX_2,N466,224.25,69.75,193.643,363.05526185035706,-583.6383084952831,7.40237832069397,22.711870193481445,140.98297439701855,650.3388516902924
strength_lateral_HX_2,N527,224.25,249.0,229.319,-1776.8784934579082,1292.479086781621,-2145.8845856424578,-2160.885005718301,16550.850247939274,14965.949895486388
strength_lateral_HX_2,N555,224.25,69.75,147.143,233.21797737665474,637.7582193892449,-11.91880209185183,-267.91350685979705,-1031.0025929296135,1433.598479775712
strength_lateral_HX_2,N631,224.25,-63.0,122.0,-103.63403880517546,47.36288501251833,-214.87801441230917,3364.873576486608,-3304.850392650794,589.0775778108956
strength_lateral_HX_2,N640,224.25,-0.0,156.677,17.8326416015625,997.7787967473269,181.48406982421875,-4044.299102783203,-341.30243626609445,-127.83111572265625
strength_lateral_HX_2,N658,224.25,120.0,222.729,-162.0783453722767,-138.5265072897048,-42.84701888815148,-1685.9245556727683,2111.915260422217,2728.7778995927165
strength_lateral_HX_2,N659,224.25,122.762,224.25,-57.578362226486206,4946.7515116631985,-3017.378495693207,1893.2933142185211,-1662.8264037652407,-1176.5885429382324
strength_lateral_HX_2,N665,224.25,150.0,231.911,-12.634332616850982,-199.925414898797,-42.17238109248014,3252.4053106773626,-2684.6867288654357,12183.778697056681
strength_lateral_HX_2,N672,224.25,185.0,231.911,-52.72829246520996,4128.982097953558,2342.5995560884476,-878.5256979465485,2603.540685210377,-1630.1818237304688
strength_lateral_HX_2,N681,224.25,235.0,231.911,5026.468817834815,-48.90881038896137,1712.1135892403092,-2856.7700706024225,5174.471099593184,9297.68935028288
strength_lateral_HX_-2,N50,224.25,-63.0,120.0,82.25954132747637,-418.2965541294513,1570.6113105257218,2043.9342432096216,1879.4875344232087,41.44331562809182
strength_lateral_HX_-2,N60,224.25,253.0,228.398,1633.8897507190704,2215.970597833395,1490.2809903100133,4108.2368820905685,-3818.3494626283646,-1408.5791379064322
strength_lateral_HX_-2,N70,224.25,0.0,130.311,-1.8102364287633013e-12,-10.822274839535021,6.470892820320282e-13,-1.0455179559624013e-12,-1.737825034590224e-13,-3.2023396392169946e-11
strength_lateral_HX_-2,N71,224.25,0.0,153.373,195.7244238602454,-997.6243979457329,-235.66781148942331,6231.245606115872,1459.3040576983594,3349.042865536046
strength_lateral_HX_-2,N72,224.25,0.0,156.373,0.06036376953125,19.31651085615158,1.010589599609375,-19.84945297241211,10.35199886187911,-0.4837646484375
strength_lateral_HX_-2,N154,224.25,0.0,120.0,-426.9979241976075,9046.778514848245,1488.8459154271331,-9762.673599500416,724.3728721937769,1071.2725478448046
strength_lateral_HX_-2,N161,224.25,69.75,120.0,-494.6948395827777,-1091.1069728243838,16.607672677376726,-66.96605498297072,1931.2239750101542,9796.658656638581
strength_lateral_HX_-2,N169,224.25,122.762,120.0,-45.91146477055538,-8109.4981191629,-4505.622533643013,-1710.165926589328,-439.96778017854376,2305.378852578461
strength_lateral_HX_-2,N177,224.25,185.0,120.0,-468.97988793460536,-11629.41195510971,4466.96599998021,2759.790640960262,-4151.177006413454,43605.974085169
strength_lateral_HX_-2,N186,224.25,249.0,120.0,-519.5896862173422,1124.795158416922,-413.93938544552384,4004.7072197793586,-41.94507364972656,-9400.350462581497
strength_lateral_HX_-2,N188,224.25,253.0,120.0,503.9056988344908,1395.7544427859216,247.61803453989333,283.9767616448205,-1838.3396250518913,1286.366514955114
strength_lateral_HX_-2,N245,224.25,69.75,150.143,2.5689447703771293,-27.555001134751365,-0.011254814686253667,0.13167487434111536,1.0996350656826053,14.128303563920781
strength_lateral_HX_-2,N424,224.25,-0.0,121.5,129.5732662298433,-1282.6927823590595,-355.7795450974569,-3758.519673456598,-112.67445570606151,-1600.4593338520353
strength_lateral_HX_-2,N425,224.25,-0.0,150.796,-129.57326292715823,1241.120830472714,355.7795451782095,-6664.397881457729,112.67445570584431,-2195.5189801356464
strength_lateral_HX_-2,N426,224.25,69.75,121.5,93.42385782977408,197.42208044445195,-3.8156311818128197,-175.39324970221242,55.43822618135446,-1511.396090532989
strength_lateral_HX_-2,N427,224.25,69.75,144.689,0.0,-11.126736401813105,2.3283064365386963e-10,0.0,-2.2737367544323206e-13,4.656612873077393e-10
strength_lateral_HX_-2,N428,224.25,69.75,152.368,176.35135607830443,-1981.3101842791625,23.767346355975082,467.2067520830558,-193.11270025739398,-3334.5377630438015
strength_lateral_HX_-2,N466,224.25,69.75,193.643,-450.7998425960541,-834.7888708412647,4.113885998725891,-6.985158920288086,70.69494266691618,3815.0596826076508
strength_lateral_HX_-2,N527,224.25,249.0,229.319,2578.458690188122,953.4778002874741,-1596.2980779678996,-1828.8678906731438,-14110.322864522424,-4561.093565360765
strength_lateral_HX_-2,N555,224.25,69.75,147.143,580.5402171323076,616.8104658671655,-23.671256074216217,-481.09536402497906,353.81065138103713,5494.906477947836
strength_lateral_HX_-2,N631,224.25,-63.0,122.0,117.27032559149242,-552.7556966959654,-1464.4128361798919,-577.9430624906856,2358.524525440014,-1551.8933823462355
strength_lateral_HX_-2,N640,224.25,-0.0,156.677,15.49871826171875,1213.1555717885494,260.1365661621094,-5188.535287857056,1627.851821390912,-119.81449127197266
strength_lateral_HX_-2,N658,224.25,120.0,222.729,486.0160122860769,17.654389543284044,246.90095178309085,-2275.5755885295202,1220.7783992094692,4866.986168644065
strength_lateral_HX_-2,N659,224.25,122.762,224.25,-134.8307884335518,7338.0270306915045,-4460.343566536903,2462.4171075820923,-3758.141822593054,-4361.054966568947
strength_lateral_HX_-2,N665,224.25,150.0,231.911,441.274350551865,-74.81919777884048,-92.7228213726835,575.8181191790474,3594.931359613019,-970.7290598400975
strength_lateral_HX_-2,N672,224.25,185.0,231.911,45.911489486694336,7991.599391847849,4505.622533321381,-1589.8251328468323,-2417.4701810516417,2832.6194744110107
strength_lateral_HX_-2,N681,224.25,235.0,231.911,-4411.348922115014,-202.7417438423253,-1525.9766327582613,-238.93369651289345,-6399.790994699194,261.92952207169736
lateral_HZ,N50,224.25,-63.0,120.0,-13.139834046552284,-24.756626157704403,-3922.952598478703,3200.0248978386685,-523.5722702747536,62.719269102837565
lateral_HZ,N60,224.25,253.0,228.398,-197.72115453891456,2136.7368097677827,1358.246825426817,3965.8313213586807,115.98825364746153,130.1748783660587
lateral_HZ,N70,224.25,0.0,130.311,-4.627902183279656e-14,-9.018562366284845,1.545162869127862e-11,-6.9952837046467474e-12,-1.4125126702717123e-13,6.956973484964299e-13
lateral_HZ,N71,224.25,0.0,153.373,152.47934032107568,-347.8419509738867,-87.95846720535248,1775.774152249548,539.9534432563426,2950.293273014085
lateral_HZ,N72,224.25,0.0,156.373,0.12419509887695312,5.845152676105499,0.2393798828125,0.0304718017578125,2.884050845168531,-0.6374049186706543
lateral_HZ,N154,224.25,0.0,120.0,-143.8939252940615,474.2097817065005,-2081.0653155257787,11117.093012020228,-393.18724127375054,-14.947646446925944
lateral_HZ,N161,224.25,69.75,120.0,-85.06614752905375,-114.26846285021419,-10.738241522291474,45.64484588489971,-1247.3171743833616,2157.5706357380836
lateral_HZ,N169,224.25,122.762,120.0,11.396655777211759,3218.617762441286,1829.5276542077584,988.9625291940662,190.58195859337562,-541.2239189356209
lateral_HZ,N177,224.25,185.0,120.0,-80.79034079287544,179.88551423933677,-320.2577346728176,-656.1022201671913,-682.8330263873311,6102.271711269353
lateral_HZ,N186,224.25,249.0,120.0,-81.89338685004898,716.3421260135058,-212.62801066482953,3218.5652440245153,-223.27749474165742,-475.96006394428815
lateral_HZ,N188,224.25,253.0,120.0,65.49034396040307,1251.2661418554371,190.2218701322604,138.507751602543,-105.4796801135386,110.34059560293562
lateral_HZ,N245,224.25,69.75,150.143,0.11777370842901291,-5.762100112289772,0.005542021943256259,0.21617233008146286,-0.48291050120701584,2.8184250895210425
lateral_HZ,N424,224.25,-0.0,121.5,86.70150964788705,-451.00449873066947,-107.373127476346,-2283.43719887447,63.618255448390656,-456.9066600052508
lateral_HZ,N425,224.25,-0.0,150.796,-86.70150997463439,416.3612054906669,107.3731272773861,-862.1659374314496,-63.61825544841709,-2083.1007764649094
lateral_HZ,N426,224.25,69.75,121.5,8.589649510822529,36.3401250011366,2.1911699438723073,100.74920638742775,-10.71845417498578,-138.33199967648142
lateral_HZ,N427,224.25,69.75,144.689,1.4551915228366852e-11,-9.272280334873358,0.0,4.656612873077393e-10,2.2737367544323206e-13,-2.9103830456733704e-11
lateral_HZ,N428,224.25,69.75,152.368,-22.99842401990334,-441.1468026547942,-13.954205754878537,-171.0392609558971,-15.873437887968183,104.74066539035671
lateral_HZ,N466,224.25,69.75,193.643,2.9667191803455353,-109.58994668163359,-0.46293115615844727,144.49371659755707,21.332438770419685,-90.77926322817802
lateral_HZ,N527,224.25,249.0,229.319,215.85977699831975,850.726412802472,-1426.3168219414192,-402.9447460886297,595.1503709473677,-2303.8024820244373
lateral_HZ,N555,224.25,69.75,147.143,53.3764848097926,141.4858364528627,13.593491241335869,276.44587544957176,-68.40592700490288,509.1316552835924
lateral_HZ,N631,224.25,-63.0,122.0,-11.17805567844545,1030.8360763650649,1633.4630441852446,4955.614318439141,-691.7933826135658,-162.9543180297068
lateral_HZ,N640,224.25,-0.0,156.677,31.968658447265625,392.28731536120176,61.60791015625,-10.887916564941406,453.5169953908771,-154.35612535476685
lateral_HZ,N658,224.25,120.0,222.729,6.844524771895097,-85.14916989605531,25.398977044415513,-1687.1486486145218,1334.2292565894052,3066.410725921372
lateral_HZ,N659,224.25,122.762,224.25,-8.641359865665436,-566.4723533350043,316.0669516324997,420.59583735466003,-388.9151958700968,-582.0656868815422
lateral_HZ,N665,224.25,150.0,231.911,84.4398982441336,-124.74739680037435,-26.41085425640481,1368.0552749867654,132.3272237065383,4937.35153119902
lateral_HZ,N672,224.25,185.0,231.911,-11.396656274795532,-3316.866702172905,2666.6529002189636,276.46493196487427,518.7230925394688,-734.1872057914734
lateral_HZ,N681,224.25,235.0,231.911,23.065242404322383,-122.2665059873461,5.529475004396308,-2008.9487007953323,-179.18549721957254,4970.95446236403
strength_lateral_HZ_1,N50,224.25,-63.0,120.0,-13.386613609162199,-279.0292786684626,-3439.8115917815635,4718.181879241153,-731.8290035635839,112.28235809119207
strength_lateral_HZ_1,N60,224.25,253.0,228.398,-545.6531666144729,3771.9343292191625,2515.6526823248714,6532.864326782525,-611.7027258928865,1133.4438860525843
strength_lateral_HZ_1,N70,224.25,0.0,130.311,6.728754979658192e-13,-10.82227483954858,1.992520352352166e-11,-2.5270523501083034e-11,-2.2504162852897499e-13,1.7645559476255267e-12
strength_lateral_HZ_1,N71,224.25,0.0,153.373,208.12485890988052,-701.3384258126623,-246.11184059434757,4678.46544619341,458.9908573999093,3657.107541380354
strength_lateral_HZ_1,N72,224.25,0.0,156.373,0.14476394653320312,12.841113775968552,0.75677490234375,-12.269882202148438,3.2251095417886972,-1.1028647422790527
strength_lateral_HZ_1,N154,224.25,0.0,120.0,-221.33448401080847,4824.848586784978,-1741.2669359653883,8322.510096861177,-882.5355513540312,-854.6947102876225
strength_lateral_HZ_1,N161,224.25,69.75,120.0,-580.6733891181018,-1072.858557048009,-24.845664015339292,98.17985382940547,-3000.097181123185,8476.795177722319
strength_lateral_HZ_1,N169,224.25,122.762,120.0,9.760584636432903,-744.1889471438457,-381.64918229810206,88.58209200069652,189.12721020146535,-1381.340481526605
strength_lateral_HZ_1,N177,224.25,185.0,120.0,-291.496586881598,-7489.765864294823,1850.0470851706505,839.1622680924847,-2154.7787026120777,63024.8945309175
strength_lateral_HZ_1,N186,224.25,249.0,120.0,-928.3509941655898,1251.0254057794223,-404.01669961483105,4371.917978487778,1189.2719746586704,-11397.759104507866
strength_lateral_HZ_1,N188,224.25,253.0,120.0,730.7591448484898,2249.8209384740853,331.38125642623703,306.95890923752046,-1510.529027255204,690.529605323912
strength_lateral_HZ_1,N245,224.25,69.75,150.143,1.5110196134774014,-27.379497837857343,-0.007434312254190445,-0.008992664981633425,-1.821280925890278,11.745779735501856
strength_lateral_HZ_1,N424,224.25,-0.0,121.5,122.90322672445251,-897.5636596791701,-316.4910573573308,-4879.852428551952,-32.00304350640866,-1005.6184426409598
strength_lateral_HZ_1,N425,224.25,-0.0,150.796,-122.90322584061526,855.991707791614,316.49105678893915,-4392.069568711699,32.00304350657606,-2594.954460670645
strength_lateral_HZ_1,N426,224.25,69.75,121.5,63.37578198634502,228.95451090438843,0.1385146842869383,3.8809057464893497,-66.35250472034795,-1091.736893369034
strength_lateral_HZ_1,N427,224.25,69.75,144.689,0.0,-11.126736401580274,9.313225746154785e-10,1.3969838619232178e-09,4.547473508864641e-13,-2.3283064365386963e-10
strength_lateral_HZ_1,N428,224.25,69.75,152.368,42.91888211801131,-2098.352287641959,-3.4640752362410194,5.348485333955917,131.69085870028914,-1237.3389058763146
strength_lateral_HZ_1,N466,224.25,69.75,193.643,-18.196361862123013,-722.4637548327446,3.758315324783325,97.61796927452087,137.76719749634503,2104.735327363014
strength_lateral_HZ_1,N527,224.25,249.0,229.319,572.8647810346339,1625.785423704009,-2620.9139023680336,-2588.4691670426037,1655.305350788717,5743.904847242927
strength_lateral_HZ_1,N555,224.25,69.75,147.143,393.82008751574904,708.4527659218293,0.8593011870980263,2.0411659635137767,-423.4663432232437,3314.6241597543703
strength_lateral_HZ_1,N631,224.25,-63.0,122.0,-21.16256077775958,562.1401676960322,839.8434960595301,6403.6417339539175,-1257.6470451237174,102.30972396582628
strength_lateral_HZ_1,N640,224.25,-0.0,156.677,37.26435470581055,822.3836116492748,194.79888916015625,-3217.616744995117,507.14847548212856,-272.56029653549194
strength_lateral_HZ_1,N658,224.25,120.0,222.729,127.22196139717703,-69.91876493750672,87.39397053663632,-2000.7214687184687,1764.351551340264,3743.8045843049813
strength_lateral_HZ_1,N659,224.25,122.762,224.25,-91.86894631385803,3000.4365172460675,-1843.0865123271942,1466.3350639343262,-2571.001081174705,-2587.783210873604
strength_lateral_HZ_1,N665,224.25,150.0,231.911,256.1004783911923,-141.861080183063,-80.00034823193718,1876.7822350177867,539.5998777039297,6210.865907702445
strength_lateral_HZ_1,N672,224.25,185.0,231.911,-9.760586619377136,626.2902195379138,4877.829736948013,-272.7035765647888,418.35214895009995,289.0235288143158
strength_lateral_HZ_1,N681,224.25,235.0,231.911,278.01697173892967,-126.90387917124998,82.71421165055868,-1727.2550660113359,-695.9810665514584,5013.561612266421
strength_lateral_HZ_-1,N50,224.25,-63.0,120.0,7.218578958546753,-495.6160898890684,3880.71423002404,962.5170835167221,-181.23288930234816,-169.19717372713652
strength_lateral_HZ_-1,N60,224.25,253.0,228.398,-247.40933663398027,1655.2422258257866,1094.0776239782572,3245.0059147775173,-1033.670871950686,775.1018044613302
strength_lateral_HZ_-1,N70,224.25,0.0,130.311,4.2616418348192253e-13,-10.82227483953802,-3.894416403609004e-12,9.769841528957174e-12,-2.1234730447643102e-13,1.6718382523373098e-12
strength_lateral_HZ_-1,N71,224.25,0.0,153.373,126.75440090679318,-1117.1754854331075,-276.92405132123696,7043.988592859733,848.9302675857474,3251.8826342786942
strength_lateral_HZ_-1,N72,224.25,0.0,156.373,-0.015289306640625,22.222946286201477,0.9588775634765625,-23.076719284057617,4.956444576382637,0.10143470764160156
strength_lateral_HZ_-1,N154,224.25,0.0,120.0,-180.27728910654793,11089.602604488777,3117.2205912185455,-18811.11456426177,-431.85361667292545,-829.2181400201134
strength_lateral_HZ_-1,N161,224.25,69.75,120.0,-576.84314577584,-1070.575975370287,-9.695716599613728,32.80613109718248,-1343.56888237623,8267.095854045474
strength_lateral_HZ_-1,N169,224.25,122.762,120.0,-2.943780686525421,-11612.189998505724,-6466.572908065007,-2555.72399244956,49.066632272854264,-583.9726928417545
strength_lateral_HZ_-1,N177,224.25,185.0,120.0,-267.8987811079576,-13743.399601100478,5651.98890377731,3559.567663619331,-989.8408894867698,59281.16767093444
strength_lateral_HZ_-1,N186,224.25,249.0,120.0,-935.4800550835793,911.194170645478,-295.2703466172855,2322.3572815514235,1884.3351551383091,-11140.432196124593
strength_lateral_HZ_-1,N188,224.25,253.0,120.0,725.4459834079696,1087.7415013365908,197.18904739416058,267.3325825855287,-1577.4250735129133,760.9390633478401
strength_lateral_HZ_-1,N245,224.25,69.75,150.143,1.6647046506404877,-28.451869054231793,-0.026536892808508128,-0.21146168356062844,-1.3454069168674323,12.07795034791343
strength_lateral_HZ_-1,N424,224.25,-0.0,121.5,93.91525567710741,-1447.952747840617,-375.90788311123407,-3192.047538205703,53.05228786407624,-683.3393981699445
strength_lateral_HZ_-1,N425,224.25,-0.0,150.796,-93.91525623984208,1406.3807959553983,375.9078831409356,-7820.549806408625,-53.0522878640638,-2068.0019484537625
strength_lateral_HZ_-1,N426,224.25,69.75,121.5,67.57884147626827,173.09738681492803,-5.875366946826337,-271.7257482178089,-39.756002402709285,-1151.3579016995236
strength_lateral_HZ_-1,N427,224.25,69.75,144.689,4.656612873077393e-10,-11.126736401347443,-2.9103830456733704e-11,2.9103830456733704e-11,9.094947017729282e-13,-2.3283064365386963e-10
strength_lateral_HZ_-1,N428,224.25,69.75,152.368,63.472106433091724,-1922.230021667505,33.54373554292065,600.7314411893251,28.872518475055557,-1520.2093792152468
strength_lateral_HZ_-1,N466,224.25,69.75,193.643,-69.54821240901947,-695.9634244740009,7.757955372333527,-81.89125776290894,73.9107196816476,2360.6631991267204
strength_lateral_HZ_-1,N527,224.25,249.0,229.319,228.7154155127605,620.1714633481314,-1121.2687612482316,-1401.283729267663,785.2220325510194,4660.951482921143
strength_lateral_HZ_-1,N555,224.25,69.75,147.143,419.93810700112954,546.115919334814,-36.44935935444664,-751.0500368538487,-253.72559829647253,3613.8807980619604
strength_lateral_HZ_-1,N631,224.25,-63.0,122.0,34.79884756928695,-1067.5329794064555,-2519.1343467291135,-3616.711220498239,311.32117804881665,-1065.1255285909215
strength_lateral_HZ_-1,N640,224.25,-0.0,156.677,-3.9328231811523438,1388.5507568717003,246.82177734375,-6015.21764755249,779.4009096743539,24.914679527282715
strength_lateral_HZ_-1,N658,224.25,120.0,222.729,196.71570553377077,-50.95335280403833,116.6599623693491,-1960.7786754237773,1568.3421082843267,3851.9594839717483
strength_lateral_HZ_-1,N659,224.25,122.762,224.25,-100.54020419716835,9284.342025086284,-5634.635549902916,2889.375357270241,-2849.967145243485,-2949.8602984547615
strength_lateral_HZ_-1,N665,224.25,150.0,231.911,172.53953935079474,-132.883532618935,-54.89485423476301,1951.4411947680605,370.64475306088343,5002.183729427631
strength_lateral_HZ_-1,N672,224.25,185.0,231.911,2.943780779838562,11494.291270241141,1970.392352104187,-2195.6472549438477,-232.28164566750638,913.4141173362732
strength_lateral_HZ_-1,N681,224.25,235.0,231.911,337.10292406866637,-124.74667509283194,103.42274483158417,-1368.4487011209833,-529.3388286563099,4546.057260009112
strength_lateral_HZ_2,N50,224.25,-63.0,120.0,-23.689209892480342,-170.73587305687877,-7100.074502560638,6596.014276984738,-1007.1270606825276,253.022123992324
strength_lateral_HZ_2,N60,224.25,253.0,228.398,-694.7750815963373,4830.280380927026,3226.4402115158737,8176.793532855809,-400.7186528677121,1312.6149268521112
strength_lateral_HZ_2,N70,224.25,0.0,130.311,-1.8308961176848391e-13,-10.822274839545244,2.7670581438160946e-11,-2.2446561555734496e-11,-2.463035334640811e-13,1.6076026219161475e-12
strength_lateral_HZ_2,N71,224.25,0.0,153.373,248.81008780724977,-493.4198960000755,-230.7057355735563,3495.7038718790877,264.0211523124745,3859.7199950593185
strength_lateral_HZ_2,N72,224.25,0.0,156.373,0.22478818893432617,8.150197520852089,0.655517578125,-6.8665008544921875,2.35944202542305,-1.7050139009952545
strength_lateral_HZ_2,N154,224.25,0.0,120.0,-241.8630800815672,1692.4715779357794,-4170.510702845153,21889.322426649625,-1107.8765186888738,-867.4329963883397
strength_lateral_HZ_2,N161,224.25,69.75,120.0,-582.5885078175717,-1073.9998445950118,-32.420636368933145,130.86671555227645,-3828.361330418738,8581.644838415774
strength_lateral_HZ_2,N169,224.25,122.762,120.0,16.11276950768941,4689.81157842071,2660.812681952366,1410.735135982216,259.1574990559751,-1780.0243769478416
strength_lateral_HZ_2,N177,224.25,185.0,120.0,-303.2954895037866,-4362.948995866354,-50.923826467522304,-521.0404308604484,-2737.2476092070137,64896.75796040719
strength_lateral_HZ_2,N186,224.25,249.0,120.0,-924.7864637033331,1420.941023333939,-458.38987610491057,5396.698326894065,841.7403843441439,-11526.422558719152
strength_lateral_HZ_2,N188,224.25,253.0,120.0,733.4157255715129,2830.860657061299,398.477360938941,326.7720725651756,-1477.0810041301122,655.3248763098162
strength_lateral_HZ_2,N245,224.25,69.75,150.143,1.4341770943719894,-26.843312229961157,0.0021169790998101234,0.09224184462800622,-2.059217930388968,11.5796944295289
strength_lateral_HZ_2,N424,224.25,-0.0,121.5,137.39721096086632,-622.3691155978571,-286.78264228576336,-5723.754875435819,-74.53070919433367,-1166.7579658428408
strength_lateral_HZ_2,N425,224.25,-0.0,150.796,-137.39721064275864,580.7971637092753,286.782643543162,-2677.8294495223035,74.53070919455327,-2858.430716783815
strength_lateral_HZ_2,N426,224.25,69.75,121.5,61.27425094384705,256.883072957893,3.1454541476987212,141.68423261989057,-79.65075587864958,-1061.9263908288317
strength_lateral_HZ_2,N427,224.25,69.75,144.689,-1.1641532182693481e-10,-11.12673640192952,9.313225746154785e-10,9.313225746154785e-10,0.0,-2.3283064365386963e-10
strength_lateral_HZ_2,N428,224.25,69.75,152.368,32.642269961708124,-2186.4134206289923,-21.96798062516518,-292.3429925892603,183.1000288107836,-1095.9036692206016
strength_lateral_HZ_2,N466,224.25,69.75,193.643,7.479565292596817,-735.7139200679958,1.758490800857544,187.3725802898407,169.6954363983532,1976.7713905274868
strength_lateral_HZ_2,N527,224.25,249.0,229.319,744.9394637742732,2128.5924038441817,-3370.7364729259994,-3182.0618858317307,2090.347009865696,6285.381529395153
strength_lateral_HZ_2,N555,224.25,69.75,147.143,380.76107777422294,789.6211892154533,19.51363145839423,378.5867673677858,-508.33671568267164,3164.9958406151854
strength_lateral_HZ_2,N631,224.25,-63.0,122.0,-49.143264950012416,1376.9767412340684,2519.3324174183467,11413.818210929563,-2042.1311566746672,686.0273502111706
strength_lateral_HZ_2,N640,224.25,-0.0,156.677,57.86294603347778,539.3000390529633,168.78759765625,-1818.8162994384766,371.0222583981231,-421.2977833747864
strength_lateral_HZ_2,N658,224.25,120.0,222.729,92.4750893314134,-79.40147099964908,72.76097461603962,-2020.6928653716277,1862.356272860487,3689.7271344842993
strength_lateral_HZ_2,N659,224.25,122.762,224.25,-87.5333172082901,-141.5162366963923,52.68800640106201,754.8149170875549,-2431.5180491490755,-2406.744667172432
strength_lateral_HZ_2,N665,224.25,150.0,231.911,297.8809479072158,-146.34985396905677,-92.55309522900568,1839.4527550986354,624.0774400371846,6815.206996868293
strength_lateral_HZ_2,N672,224.25,185.0,231.911,-16.112772226333618,-4807.710306145251,6331.548428535461,688.7682628631592,743.6690465123393,-23.17176628112793
strength_lateral_HZ_2,N681,224.25,235.0,231.911,248.47399559326976,-127.98248121336357,72.35994506025865,-1906.658248440387,-779.302185511905,5247.313788416151
strength_lateral_HZ_-2,N50,224.25,-63.0,120.0,17.521175244387095,-603.9094955031134,7540.977140748699,-915.3153141740531,94.0651678588308,-309.93693962236915
strength_lateral_HZ_-2,N60,224.25,253.0,228.398,-98.28742166608572,596.8961740732193,383.290094807744,1601.0767086446285,-1244.654944948852,595.9307636814192
strength_lateral_HZ_-2,N70,224.25,0.0,130.311,7.645880455390041e-13,-10.82227483954554,-1.2014184583577551e-11,-3.972059381184717e-12,4.280641523763812e-14,2.7171009086082985e-12
strength_lateral_HZ_-2,N71,224.25,0.0,153.373,86.06917187380367,-1325.0940152433088,-292.33015669881894,8226.750166295853,1043.8999726844415,3049.2701807697235
strength_lateral_HZ_-2,N72,224.25,0.0,156.373,-0.095306396484375,26.91386254876852,1.0599365234375,-28.480125427246094,5.8221120946109295,0.703582763671875
strength_lateral_HZ_-2,N154,224.25,0.0,120.0,-159.74869066850493,14221.979613326737,5546.464354199488,-32377.92689540119,-206.51264931289188,-816.4798555307489
strength_lateral_HZ_-2,N161,224.25,69.75,120.0,-574.9280285874817,-1069.4346850427191,-2.1207441629150066,0.11926960492240617,-515.3047330081713,8162.2461930793925
strength_lateral_HZ_-2,N169,224.25,122.762,120.0,-9.295963679525991,-17046.1905241796,-9509.034773480855,-3877.877036849391,-20.96365660821074,-185.2887987545263
strength_lateral_HZ_-2,N177,224.25,185.0,120.0,-256.0998787744478,-16870.216469567793,7552.959814765374,4919.77036136501,-407.37198304742196,57409.30424113978
strength_lateral_HZ_-2,N186,224.25,249.0,120.0,-939.0445855396778,741.2785530957447,-240.89717013156755,1297.5769332115485,2231.866745333003,-11011.76874185435
strength_lateral_HZ_-2,N188,224.25,253.0,120.0,722.7894026876254,506.7017827198908,130.09294288322636,247.51941924974147,-1610.8730966419641,796.1437923647195
strength_lateral_HZ_-2,N245,224.25,69.75,150.143,1.7415471704443917,-28.988054661778733,-0.036088184104301035,-0.3126961924135685,-1.1074699123219034,12.24403565376997
strength_lateral_HZ_-2,N424,224.25,-0.0,121.5,79.42126901047052,-1723.1472919229238,-405.61629572048406,-2348.145093215661,95.57995355053961,-522.1998768471103
strength_lateral_HZ_-2,N425,224.25,-0.0,150.796,-79.42127143971751,1681.575340036174,405.6162963713205,-9534.789925448715,-95.57995355036425,-1804.5256923507307
strength_lateral_HZ_-2,N426,224.25,69.75,121.5,69.68037212022637,145.1688247510864,-8.88230649782971,-409.5290758997138,-26.457751242453558,-1181.1684048718528
strength_lateral_HZ_-2,N427,224.25,69.75,144.689,2.3283064365386963e-10,-11.126736401580274,2.3283064365386963e-10,-2.3283064365386963e-10,9.094947017729282e-13,-6.984919309616089e-10
strength_lateral_HZ_-2,N428,224.25,69.75,152.368,73.74871859055393,-1834.1688886819825,52.04764093209191,898.4229191128571,-22.536651640920642,-1661.6446159053658
strength_lateral_HZ_-2,N466,224.25,69.75,193.643,-95.22413611412048,-682.7132591456175,9.757777631282806,-171.64587059617043,41.98248079197947,2488.6271347403526
strength_lateral_HZ_-2,N527,224.25,249.0,229.319,56.64073277942581,117.36448327780704,-371.44619067691366,-807.6910105104718,350.1803736400158,4119.474800854281
strength_lateral_HZ_-2,N555,224.25,69.75,147.143,432.9971167454496,464.9474960435182,-55.10368962492794,-1127.5956382540753,-168.85522582449812,3763.509117238573
strength_lateral_HZ_-2,N631,224.25,-63.0,122.0,62.779551743002905,-1882.3695529394868,-4198.62326807101,-8626.887697361057,1095.8052896383872,-1648.8431548408973
strength_lateral_HZ_-2,N640,224.25,-0.0,156.677,-24.53143310546875,1671.6343294605613,272.8331298828125,-7414.018112182617,915.5271267760545,173.65216445922852
strength_lateral_HZ_-2,N658,224.25,120.0,222.729,231.46257760432823,-41.47064674176745,131.2929582938154,-1940.807278790615,1470.337386748795,3906.0369338148116
strength_lateral_HZ_-2,N659,224.25,122.762,224.25,-104.87583309412003,12426.29477904737,-7530.4100687503815,3600.8955044150352,-2989.4501772830263,-3130.8988420963287
strength_lateral_HZ_-2,N665,224.25,150.0,231.911,130.75906981208365,-128.3947588256133,-42.342107232882576,1988.7706746895426,286.16719074786033,4397.8426402709865
strength_lateral_HZ_-2,N672,224.25,185.0,231.911,9.29596495628357,16928.29179573059,516.6736602783203,-3157.119092941284,-557.5985431522131,1225.6094114780426
strength_lateral_HZ_-2,N681,224.25,235.0,231.911,366.64590022923716,-123.66807302116011,113.77701141989807,-1189.0455186329552,-446.01770973028664,4312.305083839573
basic_Dfloor,N50,224.25,-63.0,120.0,0.5394926911178431,-51.958218583402505,116.39590250531215,291.17076219455527,-36.826507402577754,16.91289933193719
basic_Dfloor,N60,224.25,253.0,228.398,-81.22232916206121,315.6074279509485,234.83447051327676,454.53893468528986,-183.86116284318268,278.7326527258847
basic_Dfloor,N70,224.25,0.0,130.311,2.0422358314556178e-13,-1.3926540441269753e-12,8.914636957916334e-13,-1.1901331195193053e-12,-3.4842517875947035e-14,2.7688310621506217e-14
basic_Dfloor,N71,224.25,0.0,153.373,10.053318681084937,-55.66282839523386,-32.75717999811276,543.265884330168,-63.88057617357184,48.68901983070349
basic_Dfloor,N72,224.25,0.0,156.373,0.008153915405273438,1.138398190960288,0.10406494140625,-2.6298441886901855,-0.048010290833190084,-0.17586159706115723
basic_Dfloor,N154,224.25,0.0,120.0,-16.941866698838588,847.7953577979854,60.96988815495229,-526.1826842758562,-129.85723294700517,-232.54962714132807
basic_Dfloor,N161,224.25,69.75,120.0,-125.71729247500187,-174.06357143213552,-3.6733425568915106,13.754377870721038,-453.01784506455476,1485.7372941516574
basic_Dfloor,N169,224.25,122.762,120.0,-0.7969505868447737,-811.1268725593044,-453.65541313854044,-192.23949558385647,-9.631084024462364,-211.26822385529215
basic_Dfloor,N177,224.25,185.0,120.0,-49.94236276914168,-1640.7832468218203,435.457095603143,314.6328824248026,-339.23470420353146,14680.267879252267
basic_Dfloor,N186,224.25,249.0,120.0,-197.77640835671343,110.36500584366235,-38.16959280422091,300.8085623013531,423.1309250416517,-2908.8172346968336
basic_Dfloor,N188,224.25,253.0,120.0,152.36314835679403,188.1835923316781,28.027119691941333,32.95458635620562,-322.3799196757262,113.83736856684504
basic_Dfloor,N245,224.25,69.75,150.143,0.3691782912937924,-6.146405157633126,-0.003023920624400489,-0.05607985734241083,-0.3363841497043154,2.3967496180266608
basic_Dfloor,N424,224.25,-0.0,121.5,5.72196166096563,-69.72993866140212,-42.741279396019394,-544.3551576278292,-40.155749839533904,-110.46372516159673
basic_Dfloor,N425,224.25,-0.0,150.796,-5.721961741042302,69.72993866131176,42.74127938447821,-707.793363010327,40.15574983957113,-57.16686599433636
basic_Dfloor,N426,224.25,69.75,121.5,14.198786608768913,33.44833650624713,-0.4427954019252823,-20.767021977748087,-14.474932948848092,-237.8507139824155
basic_Dfloor,N427,224.25,69.75,144.689,5.820766091346741e-11,0.0,0.0,2.9103830456733704e-11,0.0,-5.820766091346741e-11
basic_Dfloor,N428,224.25,69.75,152.368,19.76382223262265,-383.6852048652149,2.18838731782258,34.79436666383492,40.72310788806202,-381.05025578690226
basic_Dfloor,N466,224.25,69.75,193.643,-10.710424937307835,-146.05902230925858,1.0331579446792603,-11.214858561754227,33.479379230533596,593.959781460464
basic_Dfloor,N527,224.25,249.0,229.319,80.60068045810829,180.9563107906571,-240.71813196181776,-514.9580733808104,264.1461447808511,1941.1791713102239
basic_Dfloor,N555,224.25,69.75,147.143,88.23192677955376,97.2104733158485,-2.7469957540743053,-58.39237890491495,-92.38003825321834,784.515787386219
basic_Dfloor,N631,224.25,-63.0,122.0,-3.420879123411098,-115.87780710948851,-176.8087294980772,342.1851098399295,-153.09938537569815,96.64796626914756
basic_Dfloor,N640,224.25,-0.0,156.677,2.100048065185547,68.69912168197334,26.788528442382812,-685.0927219390869,-7.549618249177001,-44.630293130874634
basic_Dfloor,N658,224.25,120.0,222.729,31.66279724044459,8.449193880659035,15.203720561744865,3.408912741774095,44.79244195300588,22.63207601808773
basic_Dfloor,N659,224.25,122.762,224.25,-21.200958017958328,715.8391001019627,-432.3476822823286,192.83506923913956,-551.6768879118026,-493.85817667352967
basic_Dfloor,N665,224.25,150.0,231.911,42.18641912227575,1.7751396577215623,-13.083479388815867,58.114195500943076,105.19525004833727,126.11455753174268
basic_Dfloor,N672,224.25,185.0,231.911,0.7969505861401558,811.1268725451082,453.65541303157806,-93.87714236974716,-39.969529141890234,300.4557655453682
basic_Dfloor,N681,224.25,235.0,231.911,64.85474915231393,4.76884902221943,19.748615779369413,149.4466743354476,-125.58374443043081,-180.01059349207148
basic_Droof,N50,224.25,-63.0,120.0,2.8270468318754873,-91.20075220986007,-234.53145964549415,849.0495678842143,31.304174630781457,6.776831327456929
basic_Droof,N60,224.25,253.0,228.398,9.729011244140565,529.7386142872274,279.47204612381756,1254.3201423808932,-5.236441251356155,-9.608567311137449
basic_Droof,N70,224.25,0.0,130.311,-1.4377574710615665e-14,-6.89002772348789e-13,5.416838661447652e-13,-1.058041061932153e-13,-5.4396165151361216e-15,-1.038392407043943e-13
basic_Droof,N71,224.25,0.0,153.373,12.868930806168313,-342.419386297013,-33.2370248330804,828.3424855090152,-14.282529046544669,-2.077772623834823
basic_Droof,N72,224.25,0.0,156.373,0.03013896942138672,7.827642228454351,0.1510009765625,-3.886002540588379,0.431215281074401,-0.371823787689209
basic_Droof,N154,224.25,0.0,120.0,-25.371944362917496,1792.878609945632,155.22312493245795,-808.0146214171364,-92.95499212471194,-48.782873923509484
basic_Droof,N161,224.25,69.75,120.0,4.893573619096164,-6.947714179768449,-1.2369765047529429,4.839446183080519,-144.87944983097375,359.4997684954914
basic_Droof,N169,224.25,122.762,120.0,0.19605441440968716,-863.8404859033275,-484.48690346554366,-335.9045982510805,9.789041907190219,-16.496630233261506
basic_Droof,N177,224.25,185.0,120.0,-1.5723141514938277,-1136.456208514457,688.9761732530824,502.827955705312,5.077422870804014,-450.7466699908374
basic_Droof,N186,224.25,249.0,120.0,10.862393993160703,236.77748344495768,-63.445371125282186,968.2453330940313,-3.2497484608803733,41.5977614255451
basic_Droof,N188,224.25,253.0,120.0,-8.833742292713113,237.45579845960856,45.23123389499004,47.92080218284172,16.139808336781357,-8.6328695116697
basic_Droof,N245,224.25,69.75,150.143,0.05593813704763306,-0.43865091539919376,-0.0017457056674174964,0.007384599448414519,-0.09842495244203064,0.20920358454895904
basic_Droof,N424,224.25,-0.0,121.5,3.6949736035062872,-456.6482653187415,-51.738171396477895,-420.4866717134985,-58.16202905844549,-34.079637525142275
basic_Droof,N425,224.25,-0.0,150.796,-3.694973624432023,456.6482653188326,51.73817138549351,-1095.2347972751018,58.162029058464206,-74.16830978315589
basic_Droof,N426,224.25,69.75,121.5,1.663410593974886,-18.186904827006632,-0.17714315245870393,-12.410470678077797,-1.66321896015645,-20.5059683010234
basic_Droof,N427,224.25,69.75,144.689,0.0,0.0,-5.820766091346741e-11,5.820766091346741e-11,2.842170943040401e-14,-1.4551915228366852e-11
basic_Droof,N428,224.25,69.75,152.368,6.516788077203003,53.67722742824541,0.6977121405367721,53.77342923124698,-7.08716853720962,-112.10568890286066
basic_Droof,N466,224.25,69.75,193.643,-27.403718549758196,14.093502124771476,0.6714932322502136,26.68185955286026,25.58090200641891,50.94840693473816
basic_Droof,N527,224.25,249.0,229.319,-14.713605679866523,69.81268085537042,-286.4887503042477,777.2966849750196,-1.4182054531520043,30.282527583430625
basic_Droof,N555,224.25,69.75,147.143,10.336513389032916,-52.85636928421445,-1.0989537257701159,-48.811092745905626,-10.614780165523996,137.63416437092383
basic_Droof,N631,224.25,-63.0,122.0,-0.42071466038004585,290.5001051825773,94.45588301394405,-803.8952522021309,-37.950471404708225,6.3569726417597945
basic_Droof,N640,224.25,-0.0,156.677,7.757951259613037,472.37614222988486,38.86786651611328,-1012.112756729126,67.80860295282037,-93.3528116941452
basic_Droof,N658,224.25,120.0,222.729,8.545051569932012,2.133973070420047,3.8526643298497962,56.8548221590393,-19.281584556906353,11.275697362149574
basic_Droof,N659,224.25,122.762,224.25,0.5568447131663561,1140.6118882130831,-689.2298060357571,360.288292914629,-5.099406622350216,-1.061435054987669
basic_Droof,N665,224.25,150.0,231.911,-1.9168238963019628,-1.916134512957774,0.45019098913215005,-40.06202304617099,-16.007178500970664,67.55693388895166
basic_Droof,N672,224.25,185.0,231.911,-0.19605447351932526,863.8404858317226,484.4869033694267,-119.80509638786316,2.412994291231371,-5.444018114358187
basic_Droof,N681,224.25,235.0,231.911,3.5892697611077513,3.2846575336043142,1.3978485442532733,-45.159518026056524,13.326985529297879,-203.865655403028
basic_Dsteel,N50,224.25,-63.0,120.0,-5.664278495026316,-41.84928756321288,-28.158248135292823,473.1429985779445,-279.5782525579273,-84.79731346831231
basic_Dsteel,N60,224.25,253.0,228.398,-58.32825764763402,548.6521490439773,367.9872561022639,1067.5819772779942,-89.75936771044508,-39.38758703664644
basic_Dsteel,N70,224.25,0.0,130.311,1.9355048794667854e-13,-9.018562366290581,8.404109334630074e-13,-2.2573111280825665e-12,5.220016075024483e-15,8.703746397551451e-13
basic_Dsteel,N71,224.25,0.0,153.373,98.92518027631343,-213.34109618771532,-70.12754817588974,2130.193248211781,749.2057110622483,2749.758619201665
basic_Dsteel,N72,224.25,0.0,156.373,0.014033317565917969,2.7084267027676105,0.18938446044921875,-1.4869441986083984,3.318503229878843,0.33656835556030273
basic_Dsteel,N154,224.25,0.0,120.0,-97.99339880275102,1813.708166674321,192.95528023440443,-1641.7044774337037,-74.89122158335363,46.57366187807622
basic_Dsteel,N161,224.25,69.75,120.0,-88.04460062126856,-106.17945852473916,-1.9262928738697902,8.118539894024305,-274.17362921735065,1693.2211689843948
basic_Dsteel,N169,224.25,122.762,120.0,4.848417990582313,-1351.5423027148781,-728.4473187475411,2.7140776878715567,110.76263097252762,-126.0434169404778
basic_Dsteel,N177,224.25,185.0,120.0,-67.41912265551395,-1810.475195648567,891.7370303479274,201.27254159741824,-105.44169796735412,4681.154990568159
basic_Dsteel,N186,224.25,249.0,120.0,-96.320308802464,309.649033507563,-94.80946715591851,1225.5396236018807,127.5037890848924,-388.89436397105897
basic_Dsteel,N188,224.25,253.0,120.0,71.6675044602833,432.7706275321705,77.89453372701256,70.7737878234001,-155.06750890226846,154.17819249722248
basic_Dsteel,N245,224.25,69.75,150.143,0.13867808217764832,-5.859634781721979,-0.0022635626373812556,0.10755321499891579,-0.14654858403162052,2.775306778785307
basic_Dsteel,N424,224.25,-0.0,121.5,68.51255496377993,-269.55077822619086,-85.34337045420774,-1019.0481182038692,164.30795765767522,-261.68757594056905
basic_Dsteel,N425,224.25,-0.0,150.796,-68.5125549889908,234.90748498776082,85.34337041291353,-1481.1712617134203,-164.30795765761212,-1745.456234979535
basic_Dsteel,N426,224.25,69.75,121.5,9.02776857359432,26.59846807377957,-0.6386266052901772,-24.643649852518223,4.243014309285382,-147.63653146369685
basic_Dsteel,N427,224.25,69.75,144.689,0.0,-9.272280334786046,5.820766091346741e-11,1.7462298274040222e-10,0.0,-5.820766091346741e-11
basic_Dsteel,N428,224.25,69.75,152.368,-19.238600750820623,-406.7628973356154,3.851987336988264,72.87878494564681,-60.195435216502425,75.41113390113509
basic_Dsteel,N466,224.25,69.75,193.643,4.694517565891147,-110.43328376859426,0.8653963506221771,28.057240962982178,-36.176704379264265,-13.763740404509008
basic_Dsteel,N527,224.25,249.0,229.319,58.49870735410904,278.10675956078165,-390.0055070098132,-586.6487354526564,161.52694473610404,-2875.5616574260216
basic_Dsteel,N555,224.25,69.75,147.143,56.098979480273556,113.17378331674263,-3.961885184980929,-51.288632075156784,27.079215191192816,521.1257903617661
basic_Dsteel,N631,224.25,-63.0,122.0,17.223371614759685,-74.50061420443485,-140.48177381425913,749.3332094668175,130.64134463425964,-753.0289759306536
basic_Dsteel,N640,224.25,-0.0,156.677,3.612114906311035,202.99474530294538,48.751548767089844,-397.57562255859375,521.8346328656189,87.73413813114166
basic_Dsteel,N658,224.25,120.0,222.729,33.04634365392766,-77.8004267219642,36.17938949655015,-1724.0320747167175,1255.5061046724943,3109.212473796287
basic_Dsteel,N659,224.25,122.762,224.25,-13.533832783345133,1434.8685625325888,-890.4777912199497,771.8277018070221,-523.2987943291664,-762.0427604876459
basic_Dsteel,N665,224.25,150.0,231.911,44.57625474265832,-118.34248863944453,-14.308298898654842,1445.4467848026297,63.856843185182846,4265.453531919867
basic_Dsteel,N672,224.25,185.0,231.911,-4.84841819293797,1253.2933629453182,728.4473186135292,-565.201813519001,190.99322156274866,-416.5479132030159
basic_Dsteel,N681,224.25,235.0,231.911,49.01894754374729,-124.47256147611022,14.485892601554697,-1784.3859986783266,-109.19136773699995,4941.067944900202
basic_Dwall,N50,224.25,-63.0,120.0,-0.7206993555057426,-18.263591671040736,33.44219833562457,107.99710322991795,-63.92091164207116,-59.633927186308114
basic_Dwall,N60,224.25,253.0,228.398,-18.877196453511715,181.25150816701353,97.94014613935724,326.97475783340633,1.3119828263297677,-30.3387710590614
basic_Dwall,N70,224.25,0.0,130.311,-1.4799988129857252e-14,6.419884947872872e-13,3.015679567780716e-13,5.255596726505877e-14,-1.905561154249107e-14,8.469630757414475e-14
basic_Dwall,N71,224.25,0.0,153.373,2.3019972263558977,-22.239978951429485,-14.146247012629509,253.10397774813717,0.9721607674367081,51.07530069820323
basic_Dwall,N72,224.25,0.0,156.373,-0.0030422210693359375,0.40565744787454605,0.06352615356445312,-1.2117466926574707,0.1513840231928043,0.05538225173950195
basic_Dwall,N154,224.25,0.0,120.0,-4.2721611471985605,365.71749230605553,40.17366124789693,-346.941468553121,-31.026933159932938,117.62895531252022
basic_Dwall,N161,224.25,69.75,120.0,0.19389330468081345,-0.7217428443114118,-0.511471676469332,2.1549983328131406,-54.46905438621345,100.41137926600437
basic_Dwall,N169,224.25,122.762,120.0,0.40494387286216815,-294.1052344649197,-164.74494816663193,-90.50291917565038,8.175100473207143,-12.451320167736686
basic_Dwall,N177,224.25,185.0,120.0,-3.8828460050137252,-332.6259596630571,201.36612262238805,123.66728367390101,14.399361291330592,-150.45604961648382
basic_Dwall,N186,224.25,249.0,120.0,-38.13563226805168,43.42332244782236,-24.00859917715405,133.13719160965658,-92.86635687889152,147.08514641254845
basic_Dwall,N188,224.25,253.0,120.0,35.284754149835756,115.73791812727178,20.70332597358713,10.457789412977347,-70.94956409088256,58.3555272909022
basic_Dwall,N245,224.25,69.75,150.143,0.01749226566971629,0.6591666716412874,-0.0006296131541603245,0.025853062339592725,-0.023531265064860918,0.0044213434266566765
basic_Dwall,N424,224.25,-0.0,121.5,2.2154042164744454,-26.20858197682732,-21.8845440846435,-327.2602153251149,-16.154896009522517,-45.79214483392576
basic_Dwall,N425,224.25,-0.0,150.796,-2.215404207644072,26.20858197684096,21.88454407407944,-313.86938778930653,16.15489600954352,-19.110336851798774
basic_Dwall,N426,224.25,69.75,121.5,0.4965634978897649,29.28210599620308,-0.12242548243633161,-4.664901372306655,1.0052928739275422,-6.935607422255686
basic_Dwall,N427,224.25,69.75,144.689,0.0,1.4551915228366852e-11,-1.4551915228366852e-11,1.4551915228366852e-11,0.0,-1.4551915228366852e-11
basic_Dwall,N428,224.25,69.75,152.368,2.2081626501252067,-88.3537634984966,0.6735264534225146,15.4241744019894,-12.05921862376387,-46.22051964370567
basic_Dwall,N466,224.25,69.75,193.643,-7.652671791613102,-30.146802747622132,0.2263997718691826,9.255912087857723,0.45365341678552795,47.81944067031145
basic_Dwall,N527,224.25,249.0,229.319,22.347178423251894,5.958266678030092,-106.56605943728016,-77.34844792685642,26.828552531999897,771.0892748064334
basic_Dwall,N555,224.25,69.75,147.143,3.0856686252664076,85.10221077955794,-0.7594979930727277,-9.464115010028763,6.415849695303507,36.02760992140247
basic_Dwall,N631,224.25,-63.0,122.0,2.1292853732656427,-44.740408749518245,-65.48262145429797,161.00230836404842,39.38855878130389,-121.05878904488895
basic_Dwall,N640,224.25,-0.0,156.677,-0.7835178375244141,24.480283428914845,16.35280418395996,-316.88725447654724,23.80513764586067,14.017768263816833
basic_Dwall,N658,224.25,120.0,222.729,4.094720873743572,0.9251116087288113,1.9755785893101212,8.763480017121127,-3.084225473406338,12.459798473929727
basic_Dwall,N659,224.25,122.762,224.25,-0.06228233780711889,333.90961224911734,-201.23246080428362,71.834493547678,-13.705797584581887,-16.557700999081135
basic_Dwall,N665,224.25,150.0,231.911,0.7885951358949203,0.2364561393917647,-0.44039038871967884,11.061051793400335,-7.3296576533785744,-59.46590464029698
basic_Dwall,N672,224.25,185.0,231.911,-0.4049438739020843,294.1052344562486,164.7449481189251,-41.74738755822182,17.027796243710327,-32.866353503544815
basic_Dwall,N681,224.25,235.0,231.911,1.4417396875890207,1.191495722816377,0.3531130976305302,57.24976720897491,-3.685332808216586,-159.7194020309562
basic_HB0.25,N50,224.25,-63.0,120.0,-2.4367433210775857,-14.163469993437985,34.124556740123055,75.66800798522912,-75.13182389728979,-0.8844660164821525
basic_HB0.25,N60,224.25,253.0,228.398,-48.668696319684386,72.66696598101407,57.6866395897232,94.90320195956156,-98.34592864755541,195.9913743045181
basic_HB0.25,N70,224.25,0.0,130.311,1.2926771652047116e-13,-3.146958169952941e-14,8.310285478207574e-14,1.8223414597878486e-14,9.986191183003274e-15,3.6869722210694277e-13
basic_HB0.25,N71,224.25,0.0,153.373,-9.447436175585217,-12.897024879155717,-6.52937953301483,65.21478834773744,-38.93122479473439,-50.24030935630848
basic_HB0.25,N72,224.25,0.0,156.373,-0.019428253173828125,0.15727773262187839,0.005190849304199219,-0.3609353303909302,-0.34221709286794066,0.26620912551879883
basic_HB0.25,N154,224.25,0.0,120.0,14.90547920754193,123.97784669180288,5.0105219746268475,-60.123809542142084,-50.897220875502285,-46.33330302464276
basic_HB0.25,N161,224.25,69.75,120.0,-23.326943371179322,10.934069122150435,-2.0482040810947826,7.588915616525823,-252.40943843145433,-684.8656001897925
basic_HB0.25,N169,224.25,122.762,120.0,-0.7048807338845119,-187.22157028494505,-104.7133366734387,-45.58176214829514,-26.13182808387958,-115.36843645158055
basic_HB0.25,N177,224.25,185.0,120.0,-18.06766980864718,-402.14717429899974,67.4058822040613,60.545121113348046,-237.2305703666443,9138.413260456848
basic_HB0.25,N186,224.25,249.0,120.0,-107.3604600039839,28.442835963858002,-6.201448450656815,107.98521674547895,362.71453811647325,-1862.5870939292513
basic_HB0.25,N188,224.25,253.0,120.0,76.90491069941572,39.6477766834207,6.1890507370708425,6.773076641656634,-159.15732077925017,33.4806995486604
basic_HB0.25,N245,224.25,69.75,150.143,-0.007858148455852643,0.0704564559055143,-0.0010514434725337196,-0.05414762240980053,-0.19166029203626067,-0.15961168517242186
basic_HB0.25,N424,224.25,-0.0,121.5,-3.210232085461519,-12.580121935790784,-5.652136915920856,-69.58383557735381,10.356210667960328,6.414028066817891
basic_HB0.25,N425,224.25,-0.0,150.796,3.2102320316066746,12.580121935768494,5.652136912755222,-96.00116737308123,-10.356210667962797,87.6329295951388
basic_HB0.25,N426,224.25,69.75,121.5,-0.4879934079053202,-3.7730665683342792,-0.06521569309790565,-4.1357474990685645,-10.190896119041613,3.2754042967772663
basic_HB0.25,N427,224.25,69.75,144.689,5.820766091346741e-11,-3.637978807091713e-12,7.275957614183426e-12,7.275957614183426e-12,0.0,-5.820766091346741e-11
basic_HB0.25,N428,224.25,69.75,152.368,0.9200876578346315,17.75309319601453,0.12128978606765824,-1.8848212117713241,37.56169408904551,26.439390789205085
basic_HB0.25,N466,224.25,69.75,193.643,25.673584461212158,-6.611982204252854,0.3700920343399048,-11.332666702568531,22.9730875625537,61.27475906908512
basic_HB0.25,N527,224.25,249.0,229.319,26.32909815096156,62.724539120572125,-57.67891207518605,-118.48330465575157,216.10917755226512,873.4457940150318
basic_HB0.25,N555,224.25,69.75,147.143,-3.0324140400625765,-10.965615193199483,-0.4045825299472199,-15.28246922382641,-65.03901445626826,-57.406678042905696
basic_HB0.25,N631,224.25,-63.0,122.0,-3.165101569897508,-30.850329574595843,-47.432298923285344,91.38700864647726,-101.83457935585055,67.45197119526331
basic_HB0.25,N640,224.25,-0.0,156.677,-5.000204086303711,9.491267792182043,1.336416244506836,-93.31472206115723,-53.813637860817835,67.00491094589233
basic_HB0.25,N658,224.25,120.0,222.729,4.0967939235802335,1.316817795767685,2.520691804641236,-13.068691923167812,63.02772496561598,-4.846169879853423
basic_HB0.25,N659,224.25,122.762,224.25,-12.087331224232912,109.15957780461758,-66.1162849701941,33.10455408319831,-297.13247549079824,-248.92998759262264
basic_HB0.25,N665,224.25,150.0,231.911,23.999619426241047,1.3635200401686232,-7.577515224962264,25.340963721682613,49.974391612308956,93.81024332050448
basic_HB0.25,N672,224.25,185.0,231.911,0.7048806250095367,187.2215702929534,104.71333666145802,-20.69636669754982,-17.738541672908468,194.25234898924828
basic_HB0.25,N681,224.25,235.0,231.911,60.278703176965095,3.7026188029807905,19.284560561738708,73.73110740973728,-44.00990582912174,-78.02755890942623
basic_HB0.5,N50,224.25,-63.0,120.0,-2.0425711752448548,-32.45432524370834,93.5794805758723,160.80783486904653,-77.94327319677832,3.7070083267605227
basic_HB0.5,N60,224.25,253.0,228.398,-78.9330784957856,159.99020493216813,127.1415064195171,209.44604472722858,-187.59062957018614,338.5319185827393
basic_HB0.5,N70,224.25,0.0,130.311,-1.5280176742625036e-13,5.0349452945322245e-14,2.1020632097280976e-13,-4.959800129341093e-13,-6.744416552498663e-15,-8.878529090584862e-14
basic_HB0.5,N71,224.25,0.0,153.373,-16.839833888192846,-27.787371244005097,-12.40782670030679,156.61127967407407,-50.94005685866068,-94.31880177927677
basic_HB0.5,N72,224.25,0.0,156.373,-0.03549957275390625,0.39235134329646826,0.021841049194335938,-0.8453137874603271,-0.45359234989155084,0.4945406913757324
basic_HB0.5,N154,224.25,0.0,120.0,20.139987966196614,290.6631578530088,18.012059402169605,-176.10973503193202,-63.97986475263235,-45.856216029137386
basic_HB0.5,N161,224.25,69.75,120.0,-32.411315307896295,20.396601469924477,-3.044958394807827,11.19809726493197,-367.50653872861415,-1233.0829774688746
basic_HB0.5,N169,224.25,122.762,120.0,-1.5782068736927313,-447.0604378077528,-250.06256331866464,-109.2544937959865,-37.637774947525045,-179.5136410895697
basic_HB0.5,N177,224.25,185.0,120.0,-46.9225428170933,-917.9563181503281,162.0436125288211,144.02459199582927,-451.0142127860652,16213.080532074775
basic_HB0.5,N186,224.25,249.0,120.0,-180.25437565889223,67.7706005667903,-16.84479618164513,272.4894715895582,518.1921213887224,-3277.160737105067
basic_HB0.5,N188,224.25,253.0,120.0,133.70568017463694,87.60817509822981,14.324495294004578,15.556888861008998,-284.0780230450038,67.88241332675899
basic_HB0.5,N245,224.25,69.75,150.143,-0.01110678815166466,0.19675688927964075,-0.0019181187672074884,-0.08619270144845359,-0.28128697387697343,-0.32095582914189436
basic_HB0.5,N424,224.25,-0.0,121.5,-5.561245910729453,-28.90088385115846,-12.948837846353182,-156.33747005024344,14.197751684715213,-1.2958738343406973
basic_HB0.5,N425,224.25,-0.0,150.796,5.561245848371708,28.900883851113107,12.948837841239294,-223.01168332529008,-14.197751684706803,164.2181324408671
basic_HB0.5,N426,224.25,69.75,121.5,-0.9112810919592995,-7.545360879438326,-0.17384989668063844,-9.639275660772684,-15.555806884388184,6.812814842657465
basic_HB0.5,N427,224.25,69.75,144.689,0.0,1.4551915228366852e-11,1.4551915228366852e-11,0.0,5.684341886080802e-14,-2.9103830456733704e-11
basic_HB0.5,N428,224.25,69.75,152.368,2.899484450058971,37.7918313706009,0.6167914494927424,3.6233388482623767,59.55447955777241,39.394230694797116
basic_HB0.5,N466,224.25,69.75,193.643,38.76810560375452,-14.49183638766408,0.6957706958055496,-20.12719713151455,42.676664103986695,138.67955265939236
basic_HB0.5,N527,224.25,249.0,229.319,74.60596030852433,135.0664927328636,-128.2600738065137,-259.0342123419515,287.00189061562946,1412.4920948337838
basic_HB0.5,N555,224.25,69.75,147.143,-5.662743185472209,-21.928985984966857,-1.07852298146463,-32.1431743678113,-99.27825158976094,-102.8745726763591
basic_HB0.5,N631,224.25,-63.0,122.0,-3.0043578756653315,-73.83626791419535,-115.58524514826013,182.36705716715747,-125.65193224773671,102.48388546171832
basic_HB0.5,N640,224.25,-0.0,156.677,-9.137523651123047,23.677297515328974,5.622367858886719,-219.3017382621765,-71.3273970335722,124.52228736877441
basic_HB0.5,N658,224.25,120.0,222.729,13.820976822830268,3.849556511401418,7.455078668678429,-31.212068616450683,107.02995901106134,18.498443343992065
basic_HB0.5,N659,224.25,122.762,224.25,-22.56148051749915,262.9697276065126,-159.23065281659365,78.38244019448757,-555.4767982981866,-487.00695465225726
basic_HB0.5,N665,224.25,150.0,231.911,45.76789500723996,1.3834250671659,-13.984991208611643,64.26819546500221,122.62268398596574,224.44205476902985
basic_HB0.5,N672,224.25,185.0,231.911,1.5782068371772766,447.06043774355203,250.0625633150339,-51.349501237273216,-60.586665423441445,356.13235238939524
basic_HB0.5,N681,224.25,235.0,231.911,69.01961459364475,4.2442879412782215,21.09982879496189,101.95493203997626,-134.2299456417255,-47.96143090645673
basic_HB0.75,N50,224.25,-63.0,120.0,-1.1642372015111129,-51.17057774488406,160.73305936951286,242.8011816348828,-47.80140056002702,9.490394373448584
basic_HB0.75,N60,224.25,253.0,228.398,-69.2219769032672,251.15622674673796,199.09364976454526,331.9226664509624,-182.25567469140515,311.30891155975405
basic_HB0.75,N70,224.25,0.0,130.311,2.5946781221951216e-15,-3.316224170398773e-13,2.468308809756002e-13,-7.615343861230229e-13,-1.0839139256486074e-14,-1.28644761319193e-13
basic_HB0.75,N71,224.25,0.0,153.373,-16.13528717645719,-39.630064598862724,-17.009433882380204,263.9436989452992,-35.29638247253208,-92.65173811930401
basic_HB0.75,N72,224.25,0.0,156.373,-0.03558349609375,0.6611122451722622,0.04668998718261719,-1.3604984283447266,-0.38965778052806854,0.49202728271484375
basic_HB0.75,N154,224.25,0.0,120.0,17.667137325551828,467.4679999431429,35.14397913809776,-317.04363715935324,-40.13727985981228,0.7886663601593682
basic_HB0.75,N161,224.25,69.75,120.0,-25.87119258940865,20.250397639158706,-2.4280256103888207,8.71718199918158,-291.3284969254968,-1202.5651614317871
basic_HB0.75,N169,224.25,122.762,120.0,-1.6900188514327321,-720.806588277188,-403.2021577955448,-176.74383312236708,-31.071670722661242,-151.3329031746221
basic_HB0.75,N177,224.25,185.0,120.0,-51.81297492351507,-1453.5612662985532,261.1866740215528,239.18035071419672,-491.33389754806785,15116.125806128955
basic_HB0.75,N186,224.25,249.0,120.0,-160.23628811796155,112.63787917705838,-29.9254339396188,467.7805508926159,398.7413166102778,-3043.1111343645434
basic_HB0.75,N188,224.25,253.0,120.0,121.7776070005567,138.91238929287087,23.287755535386797,25.092692364600136,-263.6341413232974,66.67256816054055
basic_HB0.75,N245,224.25,69.75,150.143,-0.01652411821851274,0.18478491475980263,-0.0022056687448639423,-0.082783244914026,-0.2391004296707706,-0.3392017580626998
basic_HB0.75,N424,224.25,-0.0,121.5,-5.0390539147386075,-44.62837144408961,-20.838569308120626,-249.3877687783187,18.224723395764922,-16.325681234776923
basic_HB0.75,N425,224.25,-0.0,150.796,5.039053882001345,44.62837144394266,20.838569306311268,-361.0989575548583,-18.224723395767594,163.9498037505472
basic_HB0.75,N426,224.25,69.75,121.5,-1.0959143101404771,-9.131506046646866,-0.3022538380971201,-15.265847780030034,-13.438357946982272,9.7297726729784
basic_HB0.75,N427,224.25,69.75,144.689,0.0,1.4551915228366852e-11,-1.4551915228366852e-11,0.0,1.4210854715202004e-14,-2.9103830456733704e-11
basic_HB0.75,N428,224.25,69.75,152.368,2.4382689874598493,43.55044201984917,1.4468601999184088,16.952061192750868,52.21525502912242,49.442731224751306
basic_HB0.75,N466,224.25,69.75,193.643,36.107810974121094,-12.727046777494252,0.7375478893518448,-23.1508297175169,38.93620850154548,133.71862576156855
basic_HB0.75,N527,224.25,249.0,229.319,84.3413215038935,202.26133923399038,-202.1335150126521,-412.17786053730316,219.20948416100998,1247.0698387377442
basic_HB0.75,N555,224.25,69.75,147.143,-6.810063068056479,-26.53877942878171,-1.875110017688712,-46.62218826435128,-85.76454382135239,-114.16918339231052
basic_HB0.75,N631,224.25,-63.0,122.0,-1.8467431838333364,-119.16274898961727,-188.2707391018861,263.5800002912654,-95.51245316512991,101.66729178010897
basic_HB0.75,N640,224.25,-0.0,156.677,-9.159626007080078,39.896260348148644,12.018102645874023,-353.85993337631226,-61.27368598768953,123.86833810806274
basic_HB0.75,N658,224.25,120.0,222.729,14.672911471661605,4.056689902145556,7.7321554782162245,-29.305870389915366,97.25775711694337,22.24468940755135
basic_HB0.75,N659,224.25,122.762,224.25,-21.50361975748092,427.31800319906324,-258.694445759058,125.48505951464176,-525.667368843453,-470.5743258204311
basic_HB0.75,N665,224.25,150.0,231.911,44.25608757822952,0.8942755573861552,-13.302599455050263,68.99074585733302,131.91891370350788,224.83252890725905
basic_HB0.75,N672,224.25,185.0,231.911,1.690018929541111,720.8065882101655,403.2021577656269,-84.45240551233292,-74.11172455239739,340.4646065607667
basic_HB0.75,N681,224.25,235.0,231.911,43.64888910183024,2.6741914358456884,12.517287171330253,89.05327621733724,-155.5283158594819,-2.7379230764129523
basic_HT0.25,N50,224.25,-63.0,120.0,5.744174834004403,-3.603389445917912,-19.823200216986994,45.85810856535905,67.65828679501502,13.37139717484153
basic_HT0.25,N60,224.25,253.0,228.398,5.381495000328869,30.48724518995732,26.80010807781946,37.217289159074426,-7.419498820556328,-5.698251188965514
basic_HT0.25,N70,224.25,0.0,130.311,1.0908510449275027e-15,-2.6143872202896274e-13,3.5973008314531034e-14,1.4091042981181794e-13,-5.6741772214505356e-14,4.390505197980721e-14
basic_HT0.25,N71,224.25,0.0,153.373,32.72460155792498,-2.0581031478345477,-9.852982384562464,200.48874161638727,-34.30470064797879,177.35249072862425
basic_HT0.25,N72,224.25,0.0,156.373,0.06614398956298828,0.3266177703626454,0.04063224792480469,-0.7937963008880615,0.75871141476091,-0.9151027202606201
basic_HT0.25,N154,224.25,0.0,120.0,-56.27035720430019,237.81453267601046,10.45910793907457,-108.58700050196785,-139.76611923227648,-287.37199147119196
basic_HT0.25,N161,224.25,69.75,120.0,-88.61273578344719,-57.96803605400441,-1.7833836925230184,7.588035001465342,-211.90947169746192,2442.8773233381794
basic_HT0.25,N169,224.25,122.762,120.0,0.49743281677670736,-97.70011742330676,-54.607360206148975,-20.768590296799278,20.961361038700453,-50.968240107876845
basic_HT0.25,N177,224.25,185.0,120.0,-6.401027068326172,-202.79702606307546,124.20788571776211,56.12786119708767,277.59582070582906,-173.6310109926942
basic_HT0.25,N186,224.25,249.0,120.0,-3.0618609907342846,24.80700274736233,-9.217508699571649,153.10182466446935,83.74815906402992,-13.563215467063625
basic_HT0.25,N188,224.25,253.0,120.0,0.867892074462031,16.632974873676165,5.827447788563055,5.09798173883912,-0.510794833497516,0.5206326534165382
basic_HT0.25,N245,224.25,69.75,150.143,0.4609526612330228,-5.318699176474183,-0.0011976421883446164,0.08257715473155258,-0.06365390622408995,2.668759102059994
basic_HT0.25,N424,224.25,-0.0,121.5,11.330367968207653,-12.133602956005072,-14.576467062466955,-196.55742957703683,-108.86934345514486,-28.460973197511787
basic_HT0.25,N425,224.25,-0.0,150.796,-11.330367967180425,12.133602956000475,14.57646706294599,-230.47474945337774,108.86934345515442,-303.47348676677126
basic_HT0.25,N426,224.25,69.75,121.5,16.467590007857503,10.816640631115785,-0.17754984072913738,-4.439449217766281,1.1570762746074,-235.52062030508512
basic_HT0.25,N427,224.25,69.75,144.689,-2.9103830456733704e-11,0.0,7.275957614183426e-12,1.4551915228366852e-11,0.0,-5.820766091346741e-11
basic_HT0.25,N428,224.25,69.75,152.368,33.77745145327438,-260.59603873181544,0.8824214916764687,20.768698751619024,-21.07874848471411,-745.6540237054967
basic_HT0.25,N466,224.25,69.75,193.643,-85.83408072590828,-73.66125735361129,0.9316562600433826,30.13935900479555,31.615043286321452,425.8917568102479
basic_HT0.25,N527,224.25,249.0,229.319,-7.004357120481909,28.2445997638964,-26.769346586882207,-74.67385923887457,-5.50168581479268,-11.658872842288751
basic_HT0.25,N555,224.25,69.75,147.143,102.33037957927445,31.43626455924823,-1.1014761212281883,0.7038807923636341,7.384542013901182,1160.52172613304
basic_HT0.25,N631,224.25,-63.0,122.0,0.6094798984298987,-4.762757532691381,-3.50062569444124,66.98807101867855,-38.92357303231505,-63.22093360073961
basic_HT0.25,N640,224.25,-0.0,156.677,17.02588176727295,19.710461684037,10.459603309631348,-207.51100206375122,119.3073699706656,-230.38096845149994
basic_HT0.25,N658,224.25,120.0,222.729,31.303726655225756,7.299217250707815,14.204902147236474,21.248401884802533,-54.80567510588142,74.78478330978419
basic_HT0.25,N659,224.25,122.762,224.25,-1.2533451039344072,202.92357151396573,-122.26747673377395,50.30708885937929,-92.02985767257633,-104.17305250139907
basic_HT0.25,N665,224.25,150.0,231.911,-0.2813125097987111,0.24260604426577315,0.03005427633240985,-2.251306931101073,-2.846229670137809,-21.609475566066983
basic_HT0.25,N672,224.25,185.0,231.911,-0.4974329397082329,97.70011742622592,54.60736019164324,-9.735787652432919,9.997867656536982,-4.699972853064537
basic_HT0.25,N681,224.25,235.0,231.911,1.9593067889659876,0.02357328553454238,0.6509282571493267,6.992049138973652,2.3524930730465656,-5.451986595577627
basic_HT0.5,N50,224.25,-63.0,120.0,4.475504808074148,-5.142355164931349,-37.88250093550198,75.68146575562832,68.2195568237137,21.34665326055708
basic_HT0.5,N60,224.25,253.0,228.398,10.292586674448103,58.30000613629818,51.312489312142134,71.27579647954553,-13.742468271404505,-11.208541509520728
basic_HT0.5,N70,224.25,0.0,130.311,-1.6027889329771642e-14,3.549704217239368e-13,1.9492450409966344e-13,1.9282680895018633e-13,-7.299989648204462e-15,6.859417993297746e-14
basic_HT0.5,N71,224.25,0.0,153.373,40.861359827974795,-16.76842697305188,-20.030370183276606,356.87590776444375,-35.586637046876724,211.9301244865888
basic_HT0.5,N72,224.25,0.0,156.373,0.078094482421875,0.6217617196962237,0.07127952575683594,-1.5938143730163574,0.7079041589604458,-1.059104323387146
basic_HT0.5,N154,224.25,0.0,120.0,-57.715568790927776,480.0934919322824,31.45818555769526,-264.80823063607477,-122.43301784934337,-276.290545683381
basic_HT0.5,N161,224.25,69.75,120.0,-127.54276732569963,-60.62815596020834,-1.486620232674239,6.189935865473495,-190.15908792160388,3171.0585625620115
basic_HT0.5,N169,224.25,122.762,120.0,0.44220576495803204,-187.2573543711374,-104.66569160247231,-39.945697459257254,22.43442414012945,-49.451178301893805
basic_HT0.5,N177,224.25,185.0,120.0,-5.179829253669581,-388.6156787107029,236.40957224702606,120.07429135754978,219.41996245659755,-285.975140474196
basic_HT0.5,N186,224.25,249.0,120.0,-1.049062358333539,47.591263941977935,-17.89191334254009,294.2630466730739,72.39950207894631,-5.273055461329759
basic_HT0.5,N188,224.25,253.0,120.0,-0.5197789841647376,31.88863505899421,11.042761123518797,9.692273954505284,0.38201847592470967,0.2256830966049005
basic_HT0.5,N245,224.25,69.75,150.143,0.5558080944902031,-11.282940281002084,-0.0010779118529171683,0.05594143513008021,-0.09838744174555814,4.212187235360034
basic_HT0.5,N424,224.25,-0.0,121.5,14.9760146891812,-30.369864262574794,-27.545062231901763,-366.9076878616055,-104.12813089395641,-86.66311745872629
basic_HT0.5,N425,224.25,-0.0,150.796,-14.976014722053149,30.369864262703686,27.545062225454046,-440.05245505173707,104.12813089395044,-352.07420988876294
basic_HT0.5,N426,224.25,69.75,121.5,21.215226542155335,8.050793267378923,-0.21526631946981803,-7.831012366536347,0.810743378369149,-307.99603913914365
basic_HT0.5,N427,224.25,69.75,144.689,-2.9103830456733704e-11,2.9103830456733704e-11,-2.9103830456733704e-11,2.9103830456733704e-11,0.0,0.0
basic_HT0.5,N428,224.25,69.75,152.368,30.920166214114275,-494.1349666136518,1.1939656567195165,27.89892198105106,-25.357359430476205,-699.3382306101253
basic_HT0.5,N466,224.25,69.75,193.643,-90.71328800916672,-158.73613611608744,0.44075774401426315,20.455828100442886,-8.599300680332817,688.8296590968966
basic_HT0.5,N527,224.25,249.0,229.319,-12.635247253277697,54.26859052738944,-51.38120878612559,-140.62014911125095,-25.638531067486905,-24.534468963049004
basic_HT0.5,N555,224.25,69.75,147.143,131.83241642976645,23.397917680762475,-1.3354598531732336,-14.336513472429942,5.174221156823478,1466.6768002635363
basic_HT0.5,N631,224.25,-63.0,122.0,-1.336950192770939,-6.048470168119819,-2.4976486671588787,109.6338616793932,-49.347073848866266,-27.52433604401868
basic_HT0.5,N640,224.25,-0.0,156.677,20.102105140686035,37.52156702242792,18.348695755004883,-415.84214210510254,111.31792899692664,-266.5132850408554
basic_HT0.5,N658,224.25,120.0,222.729,36.33374991986548,9.149998963248557,16.060197288676026,39.44089671463144,-96.64750281046737,32.92961345201643
basic_HT0.5,N659,224.25,122.762,224.25,-1.1280614552088082,389.928801715374,-234.93732707947493,96.4872325733304,-87.66783126880182,-97.04245845321566
basic_HT0.5,N665,224.25,150.0,231.911,-1.4854530986790593,0.5337615445672838,0.38569688738880376,-5.0183087262580175,-6.04522089494204,-52.35906369224116
basic_HT0.5,N672,224.25,185.0,231.911,-0.4422058016061783,187.25735440198332,104.66569155454636,-18.773290365934372,5.087579600614845,-0.03651340305805206
basic_HT0.5,N681,224.25,235.0,231.911,2.6389882029152107,0.010541264448541456,0.9357912146578439,15.596361997025003,7.686908043538627,-15.202239435448769
basic_HT0.75,N50,224.25,-63.0,120.0,2.9774852142255,-6.421448697979062,-54.638695195700244,102.47082021753857,44.66090562398369,13.9045226433211
basic_HT0.75,N60,224.25,253.0,228.398,13.485212948638946,85.74249141663313,75.46399121405557,104.97243512514979,-17.679231769172475,-14.354225096787559
basic_HT0.75,N70,224.25,0.0,130.311,-1.7904029767629675e-14,-6.386218396931801e-13,3.0279670655386503e-13,-7.453922395779942e-13,-1.4588195818633003e-14,1.339806076984064e-13
basic_HT0.75,N71,224.25,0.0,153.373,35.56238443959785,-37.41131678831155,-27.737197537295163,509.502903813858,-22.63500064848963,192.58817518953518
basic_HT0.75,N72,224.25,0.0,156.373,0.04847145080566406,0.930548201315105,0.11062240600585938,-2.410797595977783,0.4147655851993477,-0.8764582872390747
basic_HT0.75,N154,224.25,0.0,120.0,-48.10141907235044,729.9607356537917,54.284656971550646,-426.18899150164737,-80.56018676145163,-285.23881508903213
basic_HT0.75,N161,224.25,69.75,120.0,-167.4622019354449,-191.14095121053543,-1.0523952308889222,4.137605753129547,-144.78980668167873,4448.7817988457255
basic_HT0.75,N169,224.25,122.762,120.0,0.6492147560880634,-276.1301121884811,-154.33218462180787,-58.20639313022826,31.676545635193584,-67.71246066054782
basic_HT0.75,N177,224.25,185.0,120.0,-3.4885647578437897,-572.5545723835867,347.2502528856762,184.3654729045329,124.52590196519719,-399.04664207229337
basic_HT0.75,N186,224.25,249.0,120.0,1.4428721643469005,70.02329280711643,-26.482910917717973,433.44449349782184,47.70938009214046,1.6034693604792507
basic_HT0.75,N188,224.25,253.0,120.0,-2.023761301534756,46.943634516133415,16.186280175407745,14.210369930328227,1.604063441252678,-0.3649940117765441
basic_HT0.75,N245,224.25,69.75,150.143,0.5888127401995007,-14.096677637076937,-0.001051815808750689,0.01571231323760003,-0.11791937657761764,5.293229115573922
basic_HT0.75,N424,224.25,-0.0,121.5,16.626543662827064,-52.42141904968104,-40.340523712993495,-536.12542614566,-62.280388258854714,-203.20739136068033
basic_HT0.75,N425,224.25,-0.0,150.796,-16.626543635330265,52.4214190495535,40.3405237105808,-645.6905564551395,62.280388258856135,-283.8838309564325
basic_HT0.75,N426,224.25,69.75,121.5,24.98292723976745,37.009631222070716,-0.24172248186004036,-11.116386806137864,-0.5635959450410305,-412.3640719135636
basic_HT0.75,N427,224.25,69.75,144.689,-1.4551915228366852e-11,0.0,0.0,2.9103830456733704e-11,5.684341886080802e-14,0.0
basic_HT0.75,N428,224.25,69.75,152.368,14.655239528097669,-723.5472161919864,1.3932984511094038,32.329422666327346,-19.04864227324714,-403.19067007131383
basic_HT0.75,N466,224.25,69.75,193.643,-49.03158429265022,-244.21970014087856,0.07099658250808716,7.441938117146492,-31.52246953037684,914.4648141488433
basic_HT0.75,N527,224.25,249.0,229.319,-16.342735064484348,79.92154787079608,-75.65934141443316,-205.06975994937943,-39.324570942291025,-25.669458163016913
basic_HT0.75,N555,224.25,69.75,147.143,155.2450837517681,107.56061867886456,-1.4995880713395309,-30.509442932132515,-3.5969088869447887,1418.499968808872
basic_HT0.75,N631,224.25,-63.0,122.0,-0.3421797550653679,-7.446432811778629,-1.7766339024432354,149.63874898963857,-38.389997633254666,4.593511466502698
basic_HT0.75,N640,224.25,-0.0,156.677,12.476991653442383,56.15596068557352,28.47626495361328,-629.2208194732666,65.22188827295759,-221.81638610363007
basic_HT0.75,N658,224.25,120.0,222.729,24.674722520465686,6.717281812748255,10.75470094536762,48.33518444253162,-80.19805026475666,-19.293325189000324
basic_HT0.75,N659,224.25,122.762,224.25,-0.49391446355730295,575.0980436382815,-346.5018594712019,142.37791140377522,-50.1034362228238,-54.218940226361156
basic_HT0.75,N665,224.25,150.0,231.911,-1.868026570032295,0.7702474308867877,0.49059493957429945,-5.572134252841823,-7.821320084342672,-74.33684643162081
basic_HT0.75,N672,224.25,185.0,231.911,-0.6492147140670568,276.13011212833226,154.332184612751,-27.47679916024208,8.72927962970789,-4.9418070435058326
basic_HT0.75,N681,224.25,235.0,231.911,3.014183822837826,0.004283163405180314,1.109736862911487,24.604674170627202,11.744782372003145,-24.084536717092902
basic_HX,N50,224.25,-63.0,120.0,-42.67177932833123,15.486934922366187,-675.0799957710839,398.20761915315364,-1168.0092404578413,-34.9503617198804
basic_HX,N60,224.25,253.0,228.398,-1015.2105014324188,248.80883980169892,157.29208141099662,390.3491193111986,1497.8313318490982,1181.4259915947914
basic_HX,N70,224.25,0.0,130.311,-1.3410085174737312e-13,-2.6016559183296167e-14,9.63259691145012e-13,-3.4590952314342225e-12,-1.4321231590348547e-13,7.927278123099899e-12
basic_HX,N71,224.25,0.0,153.373,-14.142397165701974,44.18372116237252,-12.925067315077362,-185.00929334815223,-402.67174761238107,52.72611111684352
basic_HX,N72,224.25,0.0,156.373,0.002227783203125,-0.8922404134646058,-0.07639312744140625,1.0880765914916992,-3.1306109027937055,-0.00847625732421875
basic_HX,N154,224.25,0.0,120.0,113.09601743792086,-544.7764596108918,-400.4345439989165,2259.1856831851437,-690.7837281180928,-956.6144858217194
basic_HX,N161,224.25,69.75,120.0,-42.031713639593846,9.694853351204877,-16.939181185039004,66.22952369288996,-2051.5285033426853,-712.3565690115918
basic_HX,N169,224.25,122.762,120.0,24.65993665075094,965.6543232205939,540.7557443674598,238.29748832916096,279.5323506699998,-1644.0177214420873
basic_HX,N177,224.25,185.0,120.0,94.6411007706447,506.41461119403357,-357.97400275727523,-280.2128379908577,1289.4336051454266,8773.52850878967
basic_HX,N186,224.25,249.0,120.0,-206.16291921201585,-21.842685096066006,32.147931161871384,-328.7847948429388,789.3743193104751,-934.3725939025621
basic_HX,N188,224.25,253.0,120.0,112.09843265650251,136.51338854844758,8.33355868477279,1.5844921315008484,147.18128731361176,-280.3160903117162
basic_HX,N245,224.25,69.75,150.143,-0.49054131912998855,-0.18034115560294595,-0.0028653937915805727,-0.12095102478633635,-1.3414894935681332,-1.108219260815531
basic_HX,N424,224.25,-0.0,121.5,-10.582011335777038,54.96728929949654,4.790037493020713,-138.7151551565528,61.59953894647033,377.9902071451785
basic_HX,N425,224.25,-0.0,150.796,10.582011000575697,-54.96728929947958,-4.790037609971862,279.044096988689,-61.59953894650877,-67.97961220922107
basic_HX,N426,224.25,69.75,121.5,-13.973269881415908,1.8019342079612686,0.47360215370185543,20.73541447097583,-54.24623987312339,194.92434937167204
basic_HX,N427,224.25,69.75,144.689,0.0,-1.4551915228366852e-11,5.820766091346741e-11,1.1641532182693481e-10,0.0,-4.656612873077393e-10
basic_HX,N428,224.25,69.75,152.368,-61.577930903101354,-14.490485187844616,-4.3637581013130395,-82.08339441373617,136.69719442660903,977.8818102791106
basic_HX,N466,224.25,69.75,193.643,203.4637752175331,62.78764061909169,0.8221237659454346,7.424257650971413,17.572008008908597,-791.1802060604095
basic_HX,N527,224.25,249.0,229.319,-1088.834295800006,84.75032161232944,-137.3966269229468,-83.00427875801715,7665.293278189883,4881.760865219477
basic_HX,N555,224.25,69.75,147.143,-86.83055993914604,5.236938380432548,2.9381134954746813,53.29546429164475,-346.2033110803404,-1015.326999551151
basic_HX,N631,224.25,-63.0,122.0,-55.226091099500685,150.02964542748956,312.3837054429594,985.7041597505582,-1415.8437295320757,535.242740042903
basic_HX,N640,224.25,-0.0,156.677,0.583465576171875,-53.844193753786385,-19.663124084472656,286.0590476989746,-492.28856441844255,-2.0041580200195312
basic_HX,N658,224.25,120.0,222.729,-162.02358941130151,-39.045224205247486,-72.43699266826586,147.41275821049584,222.78421530381152,-534.5520672670199
basic_HX,N659,224.25,122.762,224.25,19.3131066262722,-597.8188797635958,360.7412677332759,-142.28094836324453,523.8288547139964,796.1166060566902
basic_HX,N665,224.25,150.0,231.911,-113.47717082857869,-31.2765542806112,12.637610070919385,669.146797869024,-1569.9045221394633,3288.6269392177915
basic_HX,N672,224.25,185.0,231.911,-24.65994358062744,-965.654323244933,-540.7557443380356,177.8248586654663,1255.252716889605,-1115.7003240585327
basic_HX,N681,224.25,235.0,231.911,2359.454434785435,38.45823336407038,809.5225554995831,-654.459093521227,2893.5655235449126,2258.9399570499027
basic_HZ,N50,224.25,-63.0,120.0,-10.302596283847311,108.29340561216051,-3660.2629108478263,1877.8323978078447,-275.29805713107993,140.73976590526286
basic_HZ,N60,224.25,253.0,228.398,-149.12191498093307,1058.3460517376661,710.7875291854143,1643.929206058383,210.98407302144915,179.1710407952778
basic_HZ,N70,224.25,0.0,130.311,-1.2582733719281878e-13,3.781474598932327e-13,7.52358838115197e-12,-2.0616892354399557e-11,-3.200266418155115e-15,-9.22773650203177e-13
basic_HZ,N71,224.25,0.0,153.373,40.6852289911179,207.91852981151888,15.40610531026918,-1182.7615735601012,-194.96970509255297,202.61245357699045
basic_HZ,N72,224.25,0.0,156.373,0.08002471923828125,-4.690916258841753,-0.10107421875,5.403404235839844,-0.8656675173115218,-0.6021485328674316
basic_HZ,N154,224.25,0.0,120.0,-20.52859676663722,-3132.3770088497113,-2429.2437639543423,13566.81233076196,-225.3409673412615,-12.738285582602884
basic_HZ,N161,224.25,69.75,120.0,-1.9151206547215427,-1.1412904200108445,-7.574972680530281,32.68686161062552,-828.2641493845226,104.84966139401345
basic_HZ,N169,224.25,122.762,120.0,6.352183379704118,5434.000525624766,3042.4618629494807,1322.153042391787,70.03028892249714,-398.68389471271354
basic_HZ,N177,224.25,185.0,120.0,-11.7989027469564,3126.816868417809,-1900.9709095369035,-1360.2026972387248,-582.4689065613525,1871.8634298294899
basic_HZ,N186,224.25,249.0,120.0,3.564530461520284,169.91561756205598,-54.37317649547747,1024.7803484409847,-347.5315902562731,-128.66345421805826
basic_HZ,N188,224.25,253.0,120.0,2.6565807186883403,581.0397185836592,67.09610451469669,19.813163329165747,33.44802313184279,-35.204729015560225
basic_HZ,N245,224.25,69.75,150.143,-0.07684251909086015,0.5361856079543941,0.00955129077192396,0.10123450867831707,-0.23793700451284394,-0.16608530603116378
basic_HZ,N424,224.25,-0.0,121.5,14.493984926582904,275.1945440819711,29.7084128946623,-843.9024452646364,-42.52766568616387,-161.1395226972328
basic_HZ,N425,224.25,-0.0,150.796,-14.493984806711218,-275.1945440815679,-29.7084132097412,1714.240119033161,42.527665686168696,-263.4762561008967
basic_HZ,N426,224.25,69.75,121.5,-2.1015301120592653,27.928562050542293,3.0069397924324623,137.80332744483724,-13.298251158791343,29.81050365600564
basic_HZ,N427,224.25,69.75,144.689,-2.9103830456733704e-11,-5.820766091346741e-11,4.656612873077393e-10,4.656612873077393e-10,0.0,2.9103830456733704e-11
basic_HZ,N428,224.25,69.75,152.368,-10.276612157072483,-88.0611329871429,-18.50390538909153,-297.69147792589774,51.40917011238523,141.43523666852437
basic_HZ,N466,224.25,69.75,193.643,25.675924628973007,-13.250165186822414,-1.9998205304145813,89.75461333990097,31.928238914348185,-127.9639353454113
basic_HZ,N527,224.25,249.0,229.319,172.07468274232738,502.8069801585544,-749.8225705676334,-593.5927188363122,435.0416590656317,541.4766821412524
basic_HZ,N555,224.25,69.75,147.143,-13.05900974269025,81.16842329339124,18.65433027036488,376.54560140601825,-84.87037246339878,-149.62831915297284
basic_HZ,N631,224.25,-63.0,122.0,-27.980704173224773,814.8365735454822,1679.4889213786037,5010.176477113957,-784.4841115771462,583.7176262659201
basic_HZ,N640,224.25,-0.0,156.677,20.598594665527344,-283.0835725981742,-26.01141357421875,1398.8004531860352,-136.1262170929549,-148.7374873161316
basic_HZ,N658,224.25,120.0,222.729,-34.74687206957917,-9.48270606073837,-14.632995919382122,-19.971396637573665,98.00472152218411,-54.07744983103961
basic_HZ,N659,224.25,122.762,224.25,4.335628986358643,-3141.952753931284,1895.7745187878609,-711.5201468467712,139.4830320313922,181.03854376077652
basic_HZ,N665,224.25,150.0,231.911,41.780469513364146,-4.488773803587819,-12.552747001839831,-37.32947992430295,84.47756232204749,604.3410891518696
basic_HZ,N672,224.25,185.0,231.911,-6.352184295654297,-5434.000525768846,1453.7186923027039,961.4718389511108,325.3168973941356,-312.19529461860657
basic_HZ,N681,224.25,235.0,231.911,-29.542976164935375,-1.0786020697512426,-10.354266591030479,-179.40318243889317,-83.32111895021983,233.7521761421908
basic_L125,N50,224.25,-63.0,120.0,5.6196747642340865,-541.2314433893598,1212.457319160419,3033.028788742045,-383.61034614576374,176.17596439398187
basic_L125,N60,224.25,253.0,228.398,-846.0658897310495,3287.577378541231,2446.1924024149776,4734.780577719212,-1915.2205042168498,2903.4650867655873
basic_L125,N70,224.25,0.0,130.311,3.260288052212534e-12,-1.902223606492701e-11,7.603110983203494e-12,-2.266640049217791e-11,-5.044334133770363e-13,5.908115736981841e-12
basic_L125,N71,224.25,0.0,153.373,104.72207416753011,-579.8211202556703,-341.22062795221933,5659.0196122798325,-665.4228935129036,507.17713417642733
basic_L125,N72,224.25,0.0,156.373,0.0849761962890625,11.858314543962479,1.084014892578125,-27.39421844482422,-0.5001083295792341,-1.8318977355957031
basic_L125,N154,224.25,0.0,120.0,-176.47768464232252,8831.201695520427,635.1030598298439,-5481.0699346855035,-1352.6798977547778,-2422.392841873244
basic_L125,N161,224.25,69.75,120.0,-1309.5551266741643,-1813.1622026506823,-38.26398271221304,143.27475823512484,-4718.935580818025,15476.430303100342
basic_L125,N169,224.25,122.762,120.0,-8.301570108670477,-8449.238245944603,-4725.57721482567,-2002.4947435407687,-100.32381013323872,-2200.7105325057414
basic_L125,N177,224.25,185.0,120.0,-520.2329542585105,-17091.49214658767,4536.011414234614,3277.4258276663095,-3533.69400825276,152919.45679432724
basic_L125,N186,224.25,249.0,120.0,-2060.1709317403593,1149.6354732626135,-397.5999211050716,3133.4224799568105,4407.61409005105,-30300.179558623506
basic_L125,N188,224.25,253.0,120.0,1587.1161332710067,1960.2457558897365,291.9491622857139,343.2769403371832,-3358.124175843542,1185.805930593807
basic_L125,N245,224.25,69.75,150.143,3.8456072313711047,-64.02505385666154,-0.03149917279370129,-0.5841651458758861,-3.5040013347388594,24.966142007149756
basic_L125,N424,224.25,-0.0,121.5,59.603746997388384,-726.3535244887471,-445.2216593856901,-5670.366191408021,-418.28909505312237,-1150.6633506576445
basic_L125,N425,224.25,-0.0,150.796,-59.60374784011359,726.3535244857809,445.2216594535894,-7372.847543680143,418.2890950530384,-595.4880449589307
basic_L125,N426,224.25,69.75,121.5,147.90402589401128,348.42017161371666,-4.612451738666483,-216.32314810156103,-150.78054268092293,-2477.6116225086016
basic_L125,N427,224.25,69.75,144.689,0.0,2.3283064365386963e-10,4.656612873077393e-10,4.656612873077393e-10,9.094947017729282e-13,-4.656612873077393e-10
basic_L125,N428,224.25,69.75,152.368,205.8731504708424,-3996.7208881924826,22.795702005424495,362.44132976056375,424.19901920254364,-3969.2735553749653
basic_L125,N466,224.25,69.75,193.643,-111.56694895029068,-1521.4481466561556,10.762058734893799,-116.82144451141357,348.74354596054764,6187.081058681011
basic_L125,N527,224.25,249.0,229.319,839.5903785801428,1884.9615691124975,-2507.4805423764387,-5364.146592436617,2751.5221853898597,20220.616175535473
basic_L125,N555,224.25,69.75,147.143,919.082577525638,1012.6090961578302,-28.614539647940546,-608.2539489301853,-962.2920085326514,8172.039528616006
basic_L125,N631,224.25,-63.0,122.0,-35.63421497505416,-1207.0604840781837,-1841.7575872914854,3564.4282386997297,-1594.786274758065,1006.7501170591436
basic_L125,N640,224.25,-0.0,156.677,21.875473022460938,715.6158540397882,279.04718017578125,-7136.382537841797,-78.6420348957181,-464.89866638183594
basic_L125,N658,224.25,120.0,222.729,329.8208079591501,88.01236988715803,158.37200544936323,35.5094865943634,466.58803698117066,235.75081197013387
basic_L125,N659,224.25,122.762,224.25,-220.84331658296287,7456.657284557819,-4503.621685266495,2008.6986367702484,-5746.63438809989,-5144.356195226312
basic_L125,N665,224.25,150.0,231.911,439.4418533342519,18.49103924177988,-136.28623980643647,605.3561643073756,1095.7838346362207,1313.6931518314063
basic_L125,N672,224.25,185.0,231.911,8.30157083272934,8449.238245233893,4725.577214241028,-977.8868989944458,-416.3493811120279,3129.747671842575
basic_L125,N681,224.25,235.0,231.911,675.5703111628254,49.675510695658076,205.71475038659563,1556.7361892844892,-1308.1639799765285,-1875.110373781044
basic_L30,N50,224.25,-63.0,120.0,1.3487252569838717,-129.89554506630407,290.9897598458757,727.9268962807514,-92.06641073172496,42.28223645655331
basic_L30,N60,224.25,253.0,228.398,-203.05581653863192,789.0185694992542,587.0861754175276,1136.3473370298743,-459.65291659347713,696.8316243370064
basic_L30,N70,224.25,0.0,130.311,-2.832883722723871e-14,-2.236083670363125e-12,1.0448146906668868e-12,-2.736336184688856e-12,-2.5411264039838778e-14,-1.848891133579906e-14
basic_L30,N71,224.25,0.0,153.373,25.133297341536693,-139.1570695178368,-81.8929502939039,1358.1647073075533,-159.7014762133717,121.72252413848766
basic_L30,N72,224.25,0.0,156.373,0.0203857421875,2.8459954857826233,0.26016998291015625,-6.574611663818359,-0.12002590368501842,-0.4396543502807617
basic_L30,N154,224.25,0.0,120.0,-42.35465165910466,2119.4884037679444,152.4247354644816,-1315.456788991401,-324.64314441216493,-581.374212370934
basic_L30,N161,224.25,69.75,120.0,-314.2932319755477,-435.15892938993335,-9.183355976945842,34.385943046246126,-1132.5445627290483,3714.3432626706917
basic_L30,N169,224.25,122.762,120.0,-1.9923773616873692,-2027.8171756908184,-1134.1385295845907,-480.5987372462808,-24.077712990066942,-528.1705378115016
basic_L30,N177,224.25,185.0,120.0,-124.8559069984729,-4101.958107428043,1088.6427342633615,786.5821987383952,-848.0866235989874,36700.66965341878
basic_L30,N186,224.25,249.0,120.0,-494.44102281973846,275.91251258645235,-95.42398078065675,752.021389481262,1057.8273601774117,-7272.043091957557
basic_L30,N188,224.25,253.0,120.0,380.90787167540486,470.45898068147847,70.06779873156594,82.38646547631296,-805.9498013097643,284.5934227714081
basic_L30,N245,224.25,69.75,150.143,0.9229457336477935,-15.36601291532861,-0.007559801451861858,-0.14019963762257248,-0.8409603374934704,5.991874071070924
basic_L30,N424,224.25,-0.0,121.5,14.304900707678682,-174.3248460955328,-106.85319814795567,-1360.8878833131819,-100.38938044975488,-276.15923954795795
basic_L30,N425,224.25,-0.0,150.796,-14.304901060371252,174.3248460961914,106.85319812663164,-1769.483408676569,100.38938044988475,-142.91714173643626
basic_L30,N426,224.25,69.75,121.5,35.49696720492486,83.62084117405144,-1.106988544866077,-51.91755535062393,-36.18733091043777,-594.6267871571886
basic_L30,N427,224.25,69.75,144.689,1.1641532182693481e-10,0.0,-5.820766091346741e-11,1.1641532182693481e-10,2.2737367544323206e-13,-2.3283064365386963e-10
basic_L30,N428,224.25,69.75,152.368,49.409556014316806,-959.2130126754039,5.47096842533098,86.98591851190855,101.80776616008083,-952.6256498964128
basic_L30,N466,224.25,69.75,193.643,-26.776066087186337,-365.14755545556545,2.5828948616981506,-28.037146270275116,83.69845011966754,1484.899455115199
basic_L30,N527,224.25,249.0,229.319,201.50169418407953,452.39077541995465,-601.7953290330572,-1287.3951787516246,660.3653364590702,4852.9478968133235
basic_L30,N555,224.25,69.75,147.143,220.57981815433595,243.02618302067276,-6.867489477968775,-145.9809477207309,-230.9500863053804,1961.2894820144866
basic_L30,N631,224.25,-63.0,122.0,-8.55220690431174,-289.6945148579535,-442.02181985296806,855.4627563459555,-382.7486227543379,241.61998815296374
basic_L30,N640,224.25,-0.0,156.677,5.2501220703125,171.7478046938777,66.97132110595703,-1712.7318058013916,-18.874073365237564,-111.57569694519043
basic_L30,N658,224.25,120.0,222.729,79.15699381534534,21.122974133362266,38.0092764119797,8.522278443661344,111.9811205971937,56.58019358408017
basic_L30,N659,224.25,122.762,224.25,-53.00239568995312,1789.5977405533195,-1080.8691998124123,482.0876711010933,-1379.1922429159167,-1234.6454727859236
basic_L30,N665,224.25,150.0,231.911,105.46604577065011,4.437849330391178,-32.7086978497021,145.28548239470376,262.9881218883288,315.2863689593132
basic_L30,N672,224.25,185.0,231.911,1.9923768192529678,2027.8171757087111,1134.1385295391083,-234.6928552389145,-99.9238422945491,751.139432489872
basic_L30,N681,224.25,235.0,231.911,162.13687409604765,11.922122571577036,49.37153988263587,373.616685346524,-313.95935713857057,-450.0264876483004
basic_L40,N50,224.25,-63.0,120.0,1.798286706968476,-173.19405843299458,387.9863509283213,970.5691865797656,-122.75551338019258,56.37629089050268
basic_L40,N60,224.25,253.0,228.398,-270.7410754710436,1052.02475951612,782.7815664187074,1515.1297843158245,-612.8705751877278,929.108816894237
basic_L40,N70,224.25,0.0,130.311,5.60543131472895e-13,1.2280555626965297e-12,1.858020518503965e-12,-3.672964455399765e-12,-4.913726973983686e-14,3.4407172064061502e-12
basic_L40,N71,224.25,0.0,153.373,33.511064640343335,-185.54275631089502,-109.1906012045167,1810.8862699624938,-212.9353766602545,162.29664612266984
basic_L40,N72,224.25,0.0,156.373,0.02718353271484375,3.7946606688201427,0.346893310546875,-8.766149520874023,-0.16003491124138236,-0.5862064361572266
basic_L40,N154,224.25,0.0,120.0,-56.47283761306011,2825.98455695572,203.23300710081003,-1753.9425226562416,-432.8576556553717,-775.1659174184301
basic_L40,N161,224.25,69.75,120.0,-419.05764197693793,-580.2119062957072,-12.244473568094804,45.847920749836646,-1510.0593134752269,4952.457738530569
basic_L40,N169,224.25,122.762,120.0,-2.6565037211337192,-2703.75622627244,-1512.1847016052475,-640.7983142242367,-32.10362346358322,-704.2273384411852
basic_L40,N177,224.25,185.0,120.0,-166.4745469749223,-5469.277464226354,1451.5236405801115,1048.7762512537265,-1130.7818825768431,48934.22611197939
basic_L40,N186,224.25,249.0,120.0,-659.2547010798534,367.883347110283,-127.23197234379161,1002.6951603011125,1410.436578938845,-9696.057466844682
basic_L40,N188,224.25,253.0,120.0,507.87716384791077,627.2786411099504,93.42373088396333,109.84862002360681,-1074.5997394577926,379.45789976876125
basic_L40,N245,224.25,69.75,150.143,1.2305943227256648,-20.48801726452075,-0.010079735133331269,-0.18693283782340586,-1.1212803736991646,7.989165480714291
basic_L40,N424,224.25,-0.0,121.5,19.073194175930453,-232.4331269936606,-142.47093045552245,-1814.5171600142119,-133.85251916368193,-368.21216638421464
basic_L40,N425,224.25,-0.0,150.796,-19.07319454600107,232.43312699316425,142.47093033711835,-2359.311214773373,133.85251916366684,-190.5561410616224
basic_L40,N426,224.25,69.75,121.5,47.32928967653813,111.49445474438095,-1.4759849259154545,-69.22340787919197,-48.24977152011856,-792.8357224036057
basic_L40,N427,224.25,69.75,144.689,1.1641532182693481e-10,1.1641532182693481e-10,0.0,1.1641532182693481e-10,4.547473508864641e-13,-2.3283064365386963e-10
basic_L40,N428,224.25,69.75,152.368,65.87940886289434,-1278.9506847810596,7.294624835989569,115.98122838930254,135.7436808653379,-1270.1675540750289
basic_L40,N466,224.25,69.75,193.643,-35.70142990350723,-486.8634064756334,3.443859577178955,-37.382860600948334,111.59793763135167,1979.865942567587
basic_L40,N527,224.25,249.0,229.319,268.66891099358844,603.1876985608908,-802.3937711874177,-1716.5268987995473,880.4870623326519,6470.597130350363
basic_L40,N555,224.25,69.75,147.143,294.1064266457688,324.0349102546461,-9.156652827747166,-194.64126446316368,-307.9334290862571,2615.0526700395276
basic_L40,N631,224.25,-63.0,122.0,-11.402961718996915,-386.2593487599904,-589.3624202182648,1140.6169886536193,-510.33183306936434,322.160138457792
basic_L40,N640,224.25,-0.0,156.677,7.0001678466796875,228.99707398191094,89.29510498046875,-2283.642412185669,-25.165489865466952,-148.76752090454102
basic_L40,N658,224.25,120.0,222.729,105.54265983783067,28.163943222814094,50.67899353384622,11.363030135633554,149.30819369323922,75.44026422160938
basic_L40,N659,224.25,122.762,224.25,-70.66986225021537,2386.1303082592785,-1441.158925652504,642.7835592627525,-1838.9230381612433,-1646.1940277542453
basic_L40,N665,224.25,150.0,231.911,140.62139013502258,5.917132782609135,-43.61159584139489,193.7139633421036,350.65082241794613,420.38177325481394
basic_L40,N672,224.25,185.0,231.911,2.656503200531006,2703.7562261521816,1512.1847015619278,-312.92380595207214,-133.23183003102895,1001.5192818641663
basic_L40,N681,224.25,235.0,231.911,216.18250133725195,15.896163426039083,65.82872075113,498.15557958103057,-418.61246793992257,-600.0353250245039
basic_L75patch,N50,224.25,-63.0,120.0,0.3206345299495087,-227.6626273590877,535.6789919162406,1253.718333528561,-158.60262784535735,65.16712080296345
basic_L75patch,N60,224.25,253.0,228.398,-338.21212976053357,1419.5193574279547,1027.9139842316508,2102.6525760143995,-708.6918673347682,1013.0681997062638
basic_L75patch,N70,224.25,0.0,130.311,2.4304772971864666e-13,-7.663245580102475e-13,3.5558848064765277e-12,-3.490223679154031e-12,6.375974174414683e-14,-3.3110360950231057e-13
basic_L75patch,N71,224.25,0.0,153.373,33.28669886528703,-242.34437055431528,-137.4804593077928,2310.9841219273785,-227.9474003386706,157.27796711115354
basic_L75patch,N72,224.25,0.0,156.373,0.01172637939453125,4.888747349381447,0.4493255615234375,-11.225770950317383,-0.40888585429638624,-0.4584083557128906
basic_L75patch,N154,224.25,0.0,120.0,-52.767413907282275,3629.321504084933,270.1628177651155,-2304.639710637838,-455.77937881364005,-839.3059607152923
basic_L75patch,N161,224.25,69.75,120.0,-478.97703445034966,-935.9646601139657,-13.474764250370491,49.94340298503507,-1668.9691316684716,5908.680505033969
basic_L75patch,N169,224.25,122.762,120.0,-2.6449660205316494,-3519.7300927539095,-1968.5899595367234,-833.7423153263738,-25.565098260281427,-811.6084424111509
basic_L75patch,N177,224.25,185.0,120.0,-196.90796426344093,-7080.264986854352,1854.1621180770235,1354.4443313755091,-1451.8720991027321,56076.5409393716
basic_L75patch,N186,224.25,249.0,120.0,-829.3660350666265,425.3979561304921,-159.7377105779659,714.595591364002,1387.6989142610603,-10852.339750081623
basic_L75patch,N188,224.25,253.0,120.0,652.7020528936245,864.5095067373048,116.53422792004874,144.71223550644024,-1377.263818669898,551.0799523624397
basic_L75patch,N245,224.25,69.75,150.143,1.354322693136055,-20.357740692561492,-0.0121744797215797,-0.24815252784173936,-1.2893755263532967,8.33045271190349
basic_L75patch,N424,224.25,-0.0,121.5,21.76019287621956,-301.319349157579,-181.70161797989076,-2308.5081779258135,-116.85051699112594,-489.5579641156802
basic_L75patch,N425,224.25,-0.0,150.796,-21.76019316320091,301.3193491576596,181.70161786029323,-3014.6224192693417,116.85051699107355,-147.9286550833128
basic_L75patch,N426,224.25,69.75,121.5,52.64789851945781,190.93207245602977,-1.8895036052818415,-89.45747759567972,-56.1500019616645,-919.7764089655141
basic_L75patch,N427,224.25,69.75,144.689,0.0,1.1641532182693481e-10,1.1641532182693481e-10,2.3283064365386963e-10,0.0,0.0
basic_L75patch,N428,224.25,69.75,152.368,68.46167151515452,-1586.5883522239722,9.580191326674674,151.05731425976188,161.0207984013489,-1334.7407225126715
basic_L75patch,N466,224.25,69.75,193.643,-16.621261045336723,-593.6058505810797,3.913868010044098,-57.82356309890747,118.55393009407271,2188.0776730179787
basic_L75patch,N527,224.25,249.0,229.319,348.24794754371635,705.4751053796816,-1059.2982167640528,-2223.653958511302,1028.1330996669683,8616.762991265978
basic_L75patch,N555,224.25,69.75,147.143,327.1565109437797,554.9034443476703,-11.722022784641013,-254.38476790941786,-358.3532543791357,2673.7405915806303
basic_L75patch,N631,224.25,-63.0,122.0,-13.345081639922872,-511.8957784116668,-784.4143353882495,1458.9395813376495,-584.3926213721429,414.59878941449483
basic_L75patch,N640,224.25,-0.0,156.677,3.0217056274414062,295.0221211835742,115.66705322265625,-2924.7911415100098,-64.29730062792078,-117.08025455474854
basic_L75patch,N658,224.25,120.0,222.729,112.05916247518338,30.363642636626583,53.98837011931535,19.862616752689195,182.87746978920333,53.29622843752169
basic_L75patch,N659,224.25,122.762,224.25,-80.63219221308827,3051.812669083476,-1843.2118775248528,819.3160047531128,-2076.4063670043834,-1853.0968463849276
basic_L75patch,N665,224.25,150.0,231.911,163.12868354028706,6.938042097683072,-50.817869200100596,227.64997466645116,397.7027045621604,406.91215926734907
basic_L75patch,N672,224.25,185.0,231.911,2.6449658274650574,3519.7300928905606,1968.5899591445923,-412.1671187877655,-139.05228693241952,1107.6092169992626
basic_L75patch,N681,224.25,235.0,231.911,244.4300921145078,19.60020769605,74.0079906432174,647.6027338079421,-497.6226729228036,-904.8333267091526
basic_P200,N50,224.25,-63.0,120.0,0.03289914112049518,-3.8827573630528165,8.506994167607843,21.85092892628511,-3.8197033761904606,1.6207323093918942
basic_P200,N60,224.25,253.0,228.398,-7.3150523765943944,21.0351761195343,16.99791536864359,27.2888128523482,-19.89069001970347,33.49097846154473
basic_P200,N70,224.25,0.0,130.311,9.087372274207707e-15,-4.5474378317085905e-14,2.7336594526787244e-14,-6.700659494077686e-14,-1.5392766983792727e-15,-2.762984735375332e-14
basic_P200,N71,224.25,0.0,153.373,0.3122984148560847,-4.085846236883675,-2.464685971548322,37.934046749840796,-6.488418766444644,1.0513277055979275
basic_P200,N72,224.25,0.0,156.373,0.00010085105895996094,0.08017640199977905,0.006760597229003906,-0.18642395734786987,-0.011354801885318011,-0.003080010414123535
basic_P200,N154,224.25,0.0,120.0,-0.8499909234017409,60.219360337003806,4.050464608012927,-36.01364388088645,-11.771477475601898,-16.840260268606286
basic_P200,N161,224.25,69.75,120.0,-10.219885774464712,0.16606885555502943,-0.3659965143300671,1.3742398124016317,-44.74389310995968,41.63824924892764
basic_P200,N169,224.25,122.762,120.0,-0.14541495585635092,-60.726762751467525,-33.96357072859724,-14.526908981507066,-2.589853277280282,-20.002300309977457
basic_P200,N177,224.25,185.0,120.0,-5.250842579347108,-124.2478370839184,31.68242708191144,23.17765913113604,-37.095844594994986,1624.0151636154137
basic_P200,N186,224.25,249.0,120.0,-18.031443615677034,10.341887979718837,-2.9598758962517127,47.78111105919337,53.24700958222573,-330.94546405226555
basic_P200,N188,224.25,253.0,120.0,13.40623815146478,11.53565561413606,2.232053217624356,2.289342235923015,-28.678111035907783,6.996551814525397
basic_P200,N245,224.25,69.75,150.143,0.02797457556152949,-0.6609684553131956,-0.00025323269073851407,-0.006155767810923862,-0.032763379061989895,0.21732204636646202
basic_P200,N424,224.25,-0.0,121.5,0.20580657399453728,-5.004707467310364,-3.0187659893554795,-38.30930224150373,-3.3576967724467606,-5.180540055416531
basic_P200,N425,224.25,-0.0,150.796,-0.20580658515109856,5.004707467318465,3.0187659900299986,-50.12846619703096,3.357696772447482,-0.8487696549961429
basic_P200,N426,224.25,69.75,121.5,1.0489362975854284,-0.722009778045263,-0.031362221641274876,-1.51938918856728,-1.4928724470250676,-15.689777547880821
basic_P200,N427,224.25,69.75,144.689,3.637978807091713e-12,3.637978807091713e-12,1.8189894035458565e-12,0.0,0.0,-7.275957614183426e-12
basic_P200,N428,224.25,69.75,152.368,1.6923401026609504,-24.244219330562085,0.14204502199600647,2.118536163569364,4.579822048093813,-27.881037835496244
basic_P200,N466,224.25,69.75,193.643,-0.3852292103692889,-10.865414169500582,0.08845745585858822,-1.1758111957460642,3.445405445037977,54.798266414087266
basic_P200,N527,224.25,249.0,229.319,7.376780274524407,17.909865289987973,-17.15181326727974,-36.73815648914899,26.065140282492806,139.16595134895735
basic_P200,N555,224.25,69.75,147.143,6.518139389416319,-2.098367799400876,-0.1945636152086081,-4.436728988151117,-9.527616760000953,69.64763352944829
basic_P200,N631,224.25,-63.0,122.0,-0.33142637699225075,-8.576714116245109,-13.069870802577208,25.84540672753386,-14.380715669262258,9.084115162692635
basic_P200,N640,224.25,-0.0,156.677,0.026044130325317383,4.838419835781679,1.740368127822876,-48.51650911569595,-1.7855425960151479,-0.7849064469337463
basic_P200,N658,224.25,120.0,222.729,3.2547738052120394,0.8628617477104705,1.5726156149468102,-1.0353981563188683,5.769086144155187,3.1916524694776873
basic_P200,N659,224.25,122.762,224.25,-2.353248756728135,51.85391378751956,-31.32994632422924,14.29043584316969,-60.799977742404735,-54.70746898377547
basic_P200,N665,224.25,150.0,231.911,4.598522638516319,0.15267165303275143,-1.4011527978451936,6.550824069945994,12.661874443860333,20.660684548954084
basic_P200,N672,224.25,185.0,231.911,0.1454149540513754,60.726762741222046,33.96357072144747,-6.85799428075552,-6.460482772035903,36.27583349077031
basic_P200,N681,224.25,235.0,231.911,6.442071777114811,0.3880768532301911,1.9494194785020211,10.78124520319539,-14.146835552154636,-4.178886120931141
basic_R20,N50,224.25,-63.0,120.0,3.635395985388416,-211.77626869260268,-280.28433811819866,1761.7383112833481,39.948570605288225,21.16951120442196
basic_R20,N60,224.25,253.0,228.398,20.424471857957542,1445.488045424223,719.5139241628349,3561.353058449924,-7.050070602213964,-18.322134230053052
basic_R20,N70,224.25,0.0,130.311,-3.4499243390490347e-14,-2.5138598556945455e-12,1.3647657880511301e-12,-9.586881559112087e-13,-9.860684182169623e-15,-2.997033844965485e-13
basic_R20,N71,224.25,0.0,153.373,22.37918279337349,-655.9206015583032,-76.20288047240689,1801.866086573514,-19.018517851418594,-9.10313028299072
basic_R20,N72,224.25,0.0,156.373,0.04985809326171875,14.942092955112457,0.3363494873046875,-8.49275016784668,0.6427850371110253,-0.6246744394302368
basic_R20,N154,224.25,0.0,120.0,-39.37798700730745,3732.8718641587766,323.1893830984675,-1822.0124204213334,-156.05983755428713,-23.942313777057592
basic_R20,N161,224.25,69.75,120.0,7.0423383075653625,-11.42534671221362,-2.0460842265411783,7.860359779808691,-243.70906099887947,551.3757340597965
basic_R20,N169,224.25,122.762,120.0,0.361714789340199,-2161.440277288614,-1212.6541237297226,-881.290350682416,17.042574951602695,-22.234206926507838
basic_R20,N177,224.25,185.0,120.0,-2.181703457003664,-2561.095172555295,1552.3528033547009,1201.7343580511042,-121.65161813777104,-1001.9613915065637
basic_R20,N186,224.25,249.0,120.0,29.213663786356985,601.9459890606855,-150.5469691755304,2267.6997884064435,-48.563341346346846,103.6339704236859
basic_R20,N188,224.25,253.0,120.0,-22.72914450097142,636.0249576024272,111.43484731481695,121.41696402412471,41.55921942499724,-23.751901462324913
basic_R20,N245,224.25,69.75,150.143,0.08062659930874361,-1.129890831944067,-0.0031972572905942798,-0.0017262280452996492,-0.18464136911808282,0.3511705165292369
basic_R20,N424,224.25,-0.0,121.5,6.896417225209042,-872.9808199562891,-116.80899460870623,-1047.660272736038,-85.08052274003772,-83.67094599640289
basic_R20,N425,224.25,-0.0,150.796,-6.896417254133159,872.9808199549974,116.80899470823417,-2374.3760356217263,85.08052274004082,-118.36649394377463
basic_R20,N426,224.25,69.75,121.5,2.442591561484815,-47.01924529116898,-0.34484610585264214,-24.34184480810113,-3.5119117396762807,-29.61672055147851
basic_R20,N427,224.25,69.75,144.689,1.4551915228366852e-11,0.0,1.1641532182693481e-10,1.1641532182693481e-10,-2.842170943040401e-14,-2.9103830456733704e-11
basic_R20,N428,224.25,69.75,152.368,9.067988084356918,138.94447902542228,1.4249473380698372,100.50595550351105,-10.400805838212014,-154.74506264929752
basic_R20,N466,224.25,69.75,193.643,-39.79590146243572,41.72769275307655,1.1211639642715454,43.52924025058746,39.45332302083261,47.68985564261675
basic_R20,N527,224.25,249.0,229.319,-31.670043319734482,92.744157191508,-740.0286612256547,2594.947299926556,1.7273359132008823,103.85976262282212
basic_R20,N555,224.25,69.75,147.143,15.178379930061055,-136.65143222617917,-2.139340699533932,-96.15181521847262,-22.41326726697008,205.1795057541094
basic_R20,N631,224.25,-63.0,122.0,-2.191695158426017,421.4718519276489,1.2561739154375067,-1234.0742266426648,-94.70035548783362,55.813130102421624
basic_R20,N640,224.25,-0.0,156.677,12.833490371704102,901.7131877541542,86.58340454101562,-2212.4423446655273,101.077947082842,-156.89618587493896
basic_R20,N658,224.25,120.0,222.729,10.080871110907205,2.780583514915871,4.4162849063796275,117.19470523006055,-35.974239465644494,-9.213077532358284
basic_R20,N659,224.25,122.762,224.25,1.6952106580138206,2570.831781703979,-1553.936271429062,799.1338091492653,18.599728275788948,27.907834112644196
basic_R20,N665,224.25,150.0,231.911,-3.753569838456438,-6.512647614094591,0.8457119518527341,-116.63167542739964,-38.8299770787671,278.58735165619186
basic_R20,N672,224.25,185.0,231.911,-0.36171481385827065,2161.440277300775,1212.6541234254837,-304.32529175281525,5.469830585127966,-18.245657715946436
basic_R20,N681,224.25,235.0,231.911,7.575974446266574,9.773584898493937,3.057577988037115,-162.18687237904138,30.599525493189038,-579.5755469203942
basic_U20,N50,224.25,-63.0,120.0,-3.635395985388416,211.77626869260268,280.28433811819866,-1761.7383112833481,-39.948570605288225,-21.16951120442196
basic_U20,N60,224.25,253.0,228.398,-20.424471857957542,-1445.488045424223,-719.5139241628349,-3561.353058449924,7.050070602213964,18.322134230053052
basic_U20,N70,224.25,0.0,130.311,3.4499243390490347e-14,2.5138598556945455e-12,-1.3647657880511301e-12,9.586881559112087e-13,9.860684182169623e-15,2.997033844965485e-13
basic_U20,N71,224.25,0.0,153.373,-22.37918279337349,655.9206015583032,76.20288047240689,-1801.866086573514,19.018517851418594,9.10313028299072
basic_U20,N72,224.25,0.0,156.373,-0.04985809326171875,-14.942092955112457,-0.3363494873046875,8.49275016784668,-0.6427850371110253,0.6246744394302368
basic_U20,N154,224.25,0.0,120.0,39.37798700730745,-3732.8718641587766,-323.1893830984675,1822.0124204213334,156.05983755428713,23.942313777057592
basic_U20,N161,224.25,69.75,120.0,-7.0423383075653625,11.42534671221362,2.0460842265411783,-7.860359779808691,243.70906099887947,-551.3757340597965
basic_U20,N169,224.25,122.762,120.0,-0.361714789340199,2161.440277288614,1212.6541237297226,881.290350682416,-17.042574951602695,22.234206926507838
basic_U20,N177,224.25,185.0,120.0,2.181703457003664,2561.095172555295,-1552.3528033547009,-1201.7343580511042,121.65161813777104,1001.9613915065637
basic_U20,N186,224.25,249.0,120.0,-29.213663786356985,-601.9459890606855,150.5469691755304,-2267.6997884064435,48.563341346346846,-103.6339704236859
basic_U20,N188,224.25,253.0,120.0,22.72914450097142,-636.0249576024272,-111.43484731481695,-121.41696402412471,-41.55921942499724,23.751901462324913
basic_U20,N245,224.25,69.75,150.143,-0.08062659930874361,1.129890831944067,0.0031972572905942798,0.0017262280452996492,0.18464136911808282,-0.3511705165292369
basic_U20,N424,224.25,-0.0,121.5,-6.896417225209042,872.9808199562891,116.80899460870623,1047.660272736038,85.08052274003772,83.67094599640289
basic_U20,N425,224.25,-0.0,150.796,6.896417254133159,-872.9808199549974,-116.80899470823417,2374.3760356217263,-85.08052274004082,118.36649394377463
basic_U20,N426,224.25,69.75,121.5,-2.442591561484815,47.01924529116898,0.34484610585264214,24.34184480810113,3.5119117396762807,29.61672055147851
basic_U20,N427,224.25,69.75,144.689,-1.4551915228366852e-11,0.0,-1.1641532182693481e-10,-1.1641532182693481e-10,2.842170943040401e-14,2.9103830456733704e-11
basic_U20,N428,224.25,69.75,152.368,-9.067988084356918,-138.94447902542228,-1.4249473380698372,-100.50595550351105,10.400805838212014,154.74506264929752
basic_U20,N466,224.25,69.75,193.643,39.79590146243572,-41.72769275307655,-1.1211639642715454,-43.52924025058746,-39.45332302083261,-47.68985564261675
basic_U20,N527,224.25,249.0,229.319,31.670043319734482,-92.744157191508,740.0286612256547,-2594.947299926556,-1.7273359132008823,-103.85976262282212
basic_U20,N555,224.25,69.75,147.143,-15.178379930061055,136.65143222617917,2.139340699533932,96.15181521847262,22.41326726697008,-205.1795057541094
basic_U20,N631,224.25,-63.0,122.0,2.191695158426017,-421.4718519276489,-1.2561739154375067,1234.0742266426648,94.70035548783362,-55.813130102421624
basic_U20,N640,224.25,-0.0,156.677,-12.833490371704102,-901.7131877541542,-86.58340454101562,2212.4423446655273,-101.077947082842,156.89618587493896
basic_U20,N658,224.25,120.0,222.729,-10.080871110907205,-2.780583514915871,-4.4162849063796275,-117.19470523006055,35.974239465644494,9.213077532358284
basic_U20,N659,224.25,122.762,224.25,-1.6952106580138206,-2570.831781703979,1553.936271429062,-799.1338091492653,-18.599728275788948,-27.907834112644196
basic_U20,N665,224.25,150.0,231.911,3.753569838456438,6.512647614094591,-0.8457119518527341,116.63167542739964,38.8299770787671,-278.58735165619186
basic_U20,N672,224.25,185.0,231.911,0.36171481385827065,-2161.440277300775,-1212.6541234254837,304.32529175281525,-5.469830585127966,18.245657715946436
basic_U20,N681,224.25,235.0,231.911,-7.575974446266574,-9.773584898493937,-3.057577988037115,162.18687237904138,-30.599525493189038,579.5755469203942
