# Garage design study. Units meters. Generated from measured/model parameters.
mtllib garage-model.mtl
o Existing_garage_slab
usemtl slab
v 0.0000000 0.0000000 -0.0508000
v 6.3373000 0.0000000 -0.0508000
v 6.3373000 6.3246000 -0.0508000
v 0.0000000 6.3246000 -0.0508000
v 0.0000000 0.0000000 0.0000000
v 6.3373000 0.0000000 0.0000000
v 6.3373000 6.3246000 0.0000000
v 0.0000000 6.3246000 0.0000000
f 1 4 3 2
f 5 6 7 8
f 1 2 6 5
f 2 3 7 6
f 3 4 8 7
f 4 1 5 8
o South_entry_door_(assumed_height)
usemtl trim
v 2.8321000 0.0762000 0.0000000
v 2.8321000 0.1016000 2.0320000
v 2.8321000 0.1016000 0.0000000
v 2.8321000 0.0762000 2.0320000
v 3.6449000 0.1016000 2.0320000
v 3.6449000 0.0762000 0.0000000
v 3.6449000 0.1016000 0.0000000
v 3.6449000 0.0762000 2.0320000
f 9 10 11
f 9 12 10
f 13 14 15
f 16 14 13
f 14 16 9
f 9 16 12
f 13 15 11
f 13 11 10
f 11 15 9
f 9 15 14
f 13 10 12
f 13 12 16
o South_window_(confirmed_sill_and_height)
usemtl glass
v 1.0668000 0.0762000 1.2192000
v 1.0668000 0.1016000 1.8288000
v 1.0668000 0.1016000 1.2192000
v 1.0668000 0.0762000 1.8288000
v 1.7780000 0.1016000 1.8288000
v 1.7780000 0.0762000 1.2192000
v 1.7780000 0.1016000 1.2192000
v 1.7780000 0.0762000 1.8288000
f 17 18 19
f 17 20 18
f 21 22 23
f 24 22 21
f 17 22 20
f 22 24 20
f 23 19 18
f 21 23 18
f 19 22 17
f 19 23 22
f 24 18 20
f 21 18 24
o West_window_1_(confirmed_sill_and_height)
usemtl glass
v 0.0952500 2.5781000 1.2192000
v 0.0952500 1.8542000 1.2192000
v 0.0952500 2.5781000 1.8288000
v 0.0952500 1.8542000 1.8288000
v 0.1206500 1.8542000 1.2192000
v 0.1206500 2.5781000 1.2192000
v 0.1206500 2.5781000 1.8288000
v 0.1206500 1.8542000 1.8288000
f 25 26 27
f 26 28 27
f 29 30 31
f 32 29 31
f 29 28 26
f 29 32 28
f 27 30 25
f 31 30 27
f 25 30 26
f 26 30 29
f 31 27 28
f 31 28 32
o West_window_2_(confirmed_sill_and_height)
usemtl glass
v 0.0952500 4.6228000 1.2192000
v 0.0952500 3.8925500 1.2192000
v 0.0952500 4.6228000 1.8288000
v 0.0952500 3.8925500 1.8288000
v 0.1206500 3.8925500 1.2192000
v 0.1206500 4.6228000 1.2192000
v 0.1206500 4.6228000 1.8288000
v 0.1206500 3.8925500 1.8288000
f 33 34 35
f 34 36 35
f 37 38 39
f 40 37 39
f 37 36 34
f 37 40 36
f 35 38 33
f 39 38 35
f 33 38 34
f 34 38 37
f 39 35 36
f 39 36 40
o North_garage_door_(assumed_height)
usemtl trim
v 1.4287500 6.2230000 0.0000000
v 1.4287500 6.2230000 2.1336000
v 1.4287500 6.2484000 0.0000000
v 1.4287500 6.2484000 2.1336000
v 5.6197500 6.2230000 2.1336000
v 5.6197500 6.2230000 0.0000000
v 5.6197500 6.2484000 0.0000000
v 5.6197500 6.2484000 2.1336000
f 41 42 43
f 43 42 44
f 45 46 47
f 45 47 48
f 46 45 41
f 41 45 42
f 48 47 43
f 48 43 44
f 43 46 41
f 43 47 46
f 45 44 42
f 48 44 45
o South_window_opening
usemtl glass
v 0.0000000 0.0000000 0.0000000
v 0.0000000 0.0000000 2.5019000
v 0.0000000 0.1524000 0.0000000
v 0.0000000 0.1524000 2.5019000
v 1.0668000 0.0000000 1.2192000
v 2.8321000 0.0000000 0.0000000
v 1.0668000 0.0000000 1.8288000
v 1.7780000 0.0000000 1.2192000
v 1.7780000 0.0000000 1.8288000
v 2.8321000 0.0000000 2.0320000
v 3.6449000 0.0000000 0.0000000
v 6.3373000 0.0000000 0.0000000
v 3.6449000 0.0000000 2.0320000
v 6.3373000 0.0000000 2.5019000
v 6.3373000 0.1524000 2.5019000
v 1.0668000 0.1524000 1.2192000
v 2.8321000 0.1524000 0.0000000
v 1.0668000 0.1524000 1.8288000
v 1.7780000 0.1524000 1.2192000
v 1.7780000 0.1524000 1.8288000
v 2.8321000 0.1524000 2.0320000
v 6.3373000 0.1524000 0.0000000
v 3.6449000 0.1524000 0.0000000
v 3.6449000 0.1524000 2.0320000
f 49 50 51
f 51 50 52
f 53 50 49
f 49 54 53
f 53 55 50
f 54 56 53
f 55 57 50
f 56 58 57
f 54 58 56
f 57 58 50
f 59 60 61
f 60 62 61
f 62 50 61
f 61 50 58
f 62 52 50
f 63 52 62
f 52 64 51
f 65 51 64
f 66 64 52
f 67 65 64
f 68 66 52
f 69 67 68
f 69 65 67
f 69 68 52
f 70 71 72
f 63 70 72
f 52 63 72
f 52 72 69
f 51 65 49
f 49 65 54
f 58 54 65
f 58 65 69
f 69 72 58
f 58 72 61
f 62 60 70
f 62 70 63
f 59 61 71
f 71 61 72
f 71 70 59
f 59 70 60
f 66 68 55
f 55 68 57
f 56 57 67
f 67 57 68
f 67 64 53
f 67 53 56
f 55 53 64
f 55 64 66
o North_garage_door_opening
usemtl trim
v 0.0000000 6.1214000 0.0000000
v 0.0000000 6.1214000 2.5019000
v 0.0000000 6.3246000 0.0000000
v 0.0000000 6.3246000 2.5019000
v 1.4287500 6.1214000 0.0000000
v 1.4287500 6.1214000 2.1336000
v 6.3373000 6.1214000 0.0000000
v 5.6197500 6.1214000 2.1336000
v 5.6197500 6.1214000 0.0000000
v 6.3373000 6.1214000 2.5019000
v 6.3373000 6.3246000 2.5019000
v 1.4287500 6.3246000 2.1336000
v 1.4287500 6.3246000 0.0000000
v 5.6197500 6.3246000 2.1336000
v 6.3373000 6.3246000 0.0000000
v 5.6197500 6.3246000 0.0000000
f 73 74 75
f 75 74 76
f 77 78 73
f 73 78 74
f 79 80 81
f 80 82 78
f 79 82 80
f 82 74 78
f 83 76 74
f 83 74 82
f 84 85 75
f 84 75 76
f 86 87 88
f 83 86 84
f 83 87 86
f 76 83 84
f 75 77 73
f 75 85 77
f 78 77 85
f 78 85 84
f 84 86 78
f 78 86 80
f 81 80 88
f 88 80 86
f 88 87 81
f 81 87 79
f 82 79 87
f 82 87 83
o East_wall
usemtl wall
v 6.1849000 6.1214000 0.0000000
v 6.1849000 0.1524000 0.0000000
v 6.1849000 6.1214000 2.5019000
v 6.1849000 0.1524000 2.5019000
v 6.3373000 0.1524000 0.0000000
v 6.3373000 6.1214000 0.0000000
v 6.3373000 6.1214000 2.5019000
v 6.3373000 0.1524000 2.5019000
f 89 90 91
f 90 92 91
f 93 94 95
f 96 93 95
f 93 92 90
f 93 96 92
f 91 94 89
f 95 94 91
f 90 89 93
f 89 94 93
f 91 92 96
f 95 91 96
o West_window_2_opening
usemtl glass
v 0.0000000 6.1214000 0.0000000
v 0.0000000 4.6228000 1.2192000
v 0.0000000 6.1214000 2.5019000
v 0.0000000 4.6228000 1.8288000
v 0.0000000 3.8925500 1.2192000
v 0.0000000 3.8925500 1.8288000
v 0.0000000 2.5781000 1.2192000
v 0.0000000 2.5781000 1.8288000
v 0.0000000 0.1524000 0.0000000
v 0.0000000 1.8542000 1.2192000
v 0.0000000 0.1524000 2.5019000
v 0.0000000 1.8542000 1.8288000
v 0.1905000 0.1524000 0.0000000
v 0.1905000 0.1524000 2.5019000
v 0.1905000 6.1214000 2.5019000
v 0.1905000 6.1214000 0.0000000
v 0.1905000 3.8925500 1.2192000
v 0.1905000 4.6228000 1.2192000
v 0.1905000 4.6228000 1.8288000
v 0.1905000 3.8925500 1.8288000
v 0.1905000 2.5781000 1.2192000
v 0.1905000 1.8542000 1.2192000
v 0.1905000 2.5781000 1.8288000
v 0.1905000 1.8542000 1.8288000
f 97 98 99
f 98 100 99
f 97 101 98
f 100 102 99
f 97 103 101
f 101 104 102
f 103 104 101
f 103 105 106
f 97 105 103
f 106 107 108
f 108 107 104
f 105 107 106
f 107 99 104
f 104 99 102
f 109 107 105
f 109 110 107
f 111 99 107
f 111 107 110
f 97 112 105
f 105 112 109
f 99 112 97
f 111 112 99
f 98 101 113
f 114 98 113
f 114 115 98
f 98 115 100
f 102 100 116
f 100 115 116
f 116 113 101
f 116 101 102
f 117 103 106
f 117 106 118
f 117 119 103
f 103 119 104
f 120 118 106
f 120 106 108
f 104 119 108
f 108 119 120
f 114 112 111
f 115 114 111
f 113 112 114
f 116 115 111
f 117 112 113
f 119 113 116
f 119 117 113
f 109 117 118
f 109 112 117
f 110 118 120
f 110 120 119
f 110 109 118
f 111 110 119
f 111 119 116
o Floor_datum_surface_(no_thickness_specified)
usemtl wall
v 6.3373000 6.3246000 0.0000000
v 0.0000000 0.0000000 0.0000000
v 6.3373000 0.0000000 0.0000000
v 0.0000000 6.3246000 0.0000000
f 121 122 123
f 121 124 122
o W1_steel_column
usemtl steel
v -0.8636000 -0.5905500 0.0000000
v -0.7620000 -0.5905500 0.0000000
v -0.7620000 -0.4889500 0.0000000
v -0.8636000 -0.4889500 0.0000000
v -0.8636000 -0.5905500 2.5019000
v -0.7620000 -0.5905500 2.5019000
v -0.7620000 -0.4889500 2.5019000
v -0.8636000 -0.4889500 2.5019000
f 125 128 127 126
f 129 130 131 132
f 125 126 130 129
f 126 127 131 130
f 127 128 132 131
f 128 125 129 132
o W1_base_plate
usemtl dark
v -0.9144000 -0.6413500 0.0000000
v -0.7112000 -0.6413500 0.0000000
v -0.7112000 -0.4381500 0.0000000
v -0.9144000 -0.4381500 0.0000000
v -0.9144000 -0.6413500 0.0127000
v -0.7112000 -0.6413500 0.0127000
v -0.7112000 -0.4381500 0.0127000
v -0.9144000 -0.4381500 0.0127000
f 133 136 135 134
f 137 138 139 140
f 133 134 138 137
f 134 135 139 138
f 135 136 140 139
f 136 133 137 140
o W1_cap_plate
usemtl steel
v -0.9144000 -0.6413500 2.4892000
v -0.7112000 -0.6413500 2.4892000
v -0.7112000 -0.4381500 2.4892000
v -0.9144000 -0.4381500 2.4892000
v -0.9144000 -0.6413500 2.5019000
v -0.7112000 -0.6413500 2.5019000
v -0.7112000 -0.4381500 2.5019000
v -0.9144000 -0.4381500 2.5019000
f 141 144 143 142
f 145 146 147 148
f 141 142 146 145
f 142 143 147 146
f 143 144 148 147
f 144 141 145 148
o W1_anchor
usemtl steel
v -0.8902700 -0.6172200 0.0127000
v -0.8775700 -0.6172200 0.0127000
v -0.8775700 -0.6045200 0.0127000
v -0.8902700 -0.6045200 0.0127000
v -0.8902700 -0.6172200 0.0254000
v -0.8775700 -0.6172200 0.0254000
v -0.8775700 -0.6045200 0.0254000
v -0.8902700 -0.6045200 0.0254000
f 149 152 151 150
f 153 154 155 156
f 149 150 154 153
f 150 151 155 154
f 151 152 156 155
f 152 149 153 156
o W1_anchor
usemtl steel
v -0.8902700 -0.4749800 0.0127000
v -0.8775700 -0.4749800 0.0127000
v -0.8775700 -0.4622800 0.0127000
v -0.8902700 -0.4622800 0.0127000
v -0.8902700 -0.4749800 0.0254000
v -0.8775700 -0.4749800 0.0254000
v -0.8775700 -0.4622800 0.0254000
v -0.8902700 -0.4622800 0.0254000
f 157 160 159 158
f 161 162 163 164
f 157 158 162 161
f 158 159 163 162
f 159 160 164 163
f 160 157 161 164
o W1_anchor
usemtl steel
v -0.7480300 -0.6172200 0.0127000
v -0.7353300 -0.6172200 0.0127000
v -0.7353300 -0.6045200 0.0127000
v -0.7480300 -0.6045200 0.0127000
v -0.7480300 -0.6172200 0.0254000
v -0.7353300 -0.6172200 0.0254000
v -0.7353300 -0.6045200 0.0254000
v -0.7480300 -0.6045200 0.0254000
f 165 168 167 166
f 169 170 171 172
f 165 166 170 169
f 166 167 171 170
f 167 168 172 171
f 168 165 169 172
o W1_anchor
usemtl steel
v -0.7480300 -0.4749800 0.0127000
v -0.7353300 -0.4749800 0.0127000
v -0.7353300 -0.4622800 0.0127000
v -0.7480300 -0.4622800 0.0127000
v -0.7480300 -0.4749800 0.0254000
v -0.7353300 -0.4749800 0.0254000
v -0.7353300 -0.4622800 0.0254000
v -0.7480300 -0.4622800 0.0254000
f 173 176 175 174
f 177 178 179 180
f 173 174 178 177
f 174 175 179 178
f 175 176 180 179
f 176 173 177 180
o W2_steel_column
usemtl steel
v -0.8636000 1.7208500 0.0000000
v -0.7620000 1.7208500 0.0000000
v -0.7620000 1.8224500 0.0000000
v -0.8636000 1.8224500 0.0000000
v -0.8636000 1.7208500 2.5019000
v -0.7620000 1.7208500 2.5019000
v -0.7620000 1.8224500 2.5019000
v -0.8636000 1.8224500 2.5019000
f 181 184 183 182
f 185 186 187 188
f 181 182 186 185
f 182 183 187 186
f 183 184 188 187
f 184 181 185 188
o W2_base_plate
usemtl dark
v -0.9144000 1.6700500 0.0000000
v -0.7112000 1.6700500 0.0000000
v -0.7112000 1.8732500 0.0000000
v -0.9144000 1.8732500 0.0000000
v -0.9144000 1.6700500 0.0127000
v -0.7112000 1.6700500 0.0127000
v -0.7112000 1.8732500 0.0127000
v -0.9144000 1.8732500 0.0127000
f 189 192 191 190
f 193 194 195 196
f 189 190 194 193
f 190 191 195 194
f 191 192 196 195
f 192 189 193 196
o W2_cap_plate
usemtl steel
v -0.9144000 1.6700500 2.4892000
v -0.7112000 1.6700500 2.4892000
v -0.7112000 1.8732500 2.4892000
v -0.9144000 1.8732500 2.4892000
v -0.9144000 1.6700500 2.5019000
v -0.7112000 1.6700500 2.5019000
v -0.7112000 1.8732500 2.5019000
v -0.9144000 1.8732500 2.5019000
f 197 200 199 198
f 201 202 203 204
f 197 198 202 201
f 198 199 203 202
f 199 200 204 203
f 200 197 201 204
o W2_anchor
usemtl steel
v -0.8902700 1.6941800 0.0127000
v -0.8775700 1.6941800 0.0127000
v -0.8775700 1.7068800 0.0127000
v -0.8902700 1.7068800 0.0127000
v -0.8902700 1.6941800 0.0254000
v -0.8775700 1.6941800 0.0254000
v -0.8775700 1.7068800 0.0254000
v -0.8902700 1.7068800 0.0254000
f 205 208 207 206
f 209 210 211 212
f 205 206 210 209
f 206 207 211 210
f 207 208 212 211
f 208 205 209 212
o W2_anchor
usemtl steel
v -0.8902700 1.8364200 0.0127000
v -0.8775700 1.8364200 0.0127000
v -0.8775700 1.8491200 0.0127000
v -0.8902700 1.8491200 0.0127000
v -0.8902700 1.8364200 0.0254000
v -0.8775700 1.8364200 0.0254000
v -0.8775700 1.8491200 0.0254000
v -0.8902700 1.8491200 0.0254000
f 213 216 215 214
f 217 218 219 220
f 213 214 218 217
f 214 215 219 218
f 215 216 220 219
f 216 213 217 220
o W2_anchor
usemtl steel
v -0.7480300 1.6941800 0.0127000
v -0.7353300 1.6941800 0.0127000
v -0.7353300 1.7068800 0.0127000
v -0.7480300 1.7068800 0.0127000
v -0.7480300 1.6941800 0.0254000
v -0.7353300 1.6941800 0.0254000
v -0.7353300 1.7068800 0.0254000
v -0.7480300 1.7068800 0.0254000
f 221 224 223 222
f 225 226 227 228
f 221 222 226 225
f 222 223 227 226
f 223 224 228 227
f 224 221 225 228
o W2_anchor
usemtl steel
v -0.7480300 1.8364200 0.0127000
v -0.7353300 1.8364200 0.0127000
v -0.7353300 1.8491200 0.0127000
v -0.7480300 1.8491200 0.0127000
v -0.7480300 1.8364200 0.0254000
v -0.7353300 1.8364200 0.0254000
v -0.7353300 1.8491200 0.0254000
v -0.7480300 1.8491200 0.0254000
f 229 232 231 230
f 233 234 235 236
f 229 230 234 233
f 230 231 235 234
f 231 232 236 235
f 232 229 233 236
o W3_steel_column
usemtl steel
v -0.8636000 4.6482000 0.0000000
v -0.7620000 4.6482000 0.0000000
v -0.7620000 4.7498000 0.0000000
v -0.8636000 4.7498000 0.0000000
v -0.8636000 4.6482000 2.5019000
v -0.7620000 4.6482000 2.5019000
v -0.7620000 4.7498000 2.5019000
v -0.8636000 4.7498000 2.5019000
f 237 240 239 238
f 241 242 243 244
f 237 238 242 241
f 238 239 243 242
f 239 240 244 243
f 240 237 241 244
o W3_base_plate
usemtl dark
v -0.9144000 4.5974000 0.0000000
v -0.7112000 4.5974000 0.0000000
v -0.7112000 4.8006000 0.0000000
v -0.9144000 4.8006000 0.0000000
v -0.9144000 4.5974000 0.0127000
v -0.7112000 4.5974000 0.0127000
v -0.7112000 4.8006000 0.0127000
v -0.9144000 4.8006000 0.0127000
f 245 248 247 246
f 249 250 251 252
f 245 246 250 249
f 246 247 251 250
f 247 248 252 251
f 248 245 249 252
o W3_cap_plate
usemtl steel
v -0.9144000 4.5974000 2.4892000
v -0.7112000 4.5974000 2.4892000
v -0.7112000 4.8006000 2.4892000
v -0.9144000 4.8006000 2.4892000
v -0.9144000 4.5974000 2.5019000
v -0.7112000 4.5974000 2.5019000
v -0.7112000 4.8006000 2.5019000
v -0.9144000 4.8006000 2.5019000
f 253 256 255 254
f 257 258 259 260
f 253 254 258 257
f 254 255 259 258
f 255 256 260 259
f 256 253 257 260
o W3_anchor
usemtl steel
v -0.8902700 4.6215300 0.0127000
v -0.8775700 4.6215300 0.0127000
v -0.8775700 4.6342300 0.0127000
v -0.8902700 4.6342300 0.0127000
v -0.8902700 4.6215300 0.0254000
v -0.8775700 4.6215300 0.0254000
v -0.8775700 4.6342300 0.0254000
v -0.8902700 4.6342300 0.0254000
f 261 264 263 262
f 265 266 267 268
f 261 262 266 265
f 262 263 267 266
f 263 264 268 267
f 264 261 265 268
o W3_anchor
usemtl steel
v -0.8902700 4.7637700 0.0127000
v -0.8775700 4.7637700 0.0127000
v -0.8775700 4.7764700 0.0127000
v -0.8902700 4.7764700 0.0127000
v -0.8902700 4.7637700 0.0254000
v -0.8775700 4.7637700 0.0254000
v -0.8775700 4.7764700 0.0254000
v -0.8902700 4.7764700 0.0254000
f 269 272 271 270
f 273 274 275 276
f 269 270 274 273
f 270 271 275 274
f 271 272 276 275
f 272 269 273 276
o W3_anchor
usemtl steel
v -0.7480300 4.6215300 0.0127000
v -0.7353300 4.6215300 0.0127000
v -0.7353300 4.6342300 0.0127000
v -0.7480300 4.6342300 0.0127000
v -0.7480300 4.6215300 0.0254000
v -0.7353300 4.6215300 0.0254000
v -0.7353300 4.6342300 0.0254000
v -0.7480300 4.6342300 0.0254000
f 277 280 279 278
f 281 282 283 284
f 277 278 282 281
f 278 279 283 282
f 279 280 284 283
f 280 277 281 284
o W3_anchor
usemtl steel
v -0.7480300 4.7637700 0.0127000
v -0.7353300 4.7637700 0.0127000
v -0.7353300 4.7764700 0.0127000
v -0.7480300 4.7764700 0.0127000
v -0.7480300 4.7637700 0.0254000
v -0.7353300 4.7637700 0.0254000
v -0.7353300 4.7764700 0.0254000
v -0.7480300 4.7764700 0.0254000
f 285 288 287 286
f 289 290 291 292
f 285 286 290 289
f 286 287 291 290
f 287 288 292 291
f 288 285 289 292
o W4_steel_column
usemtl steel
v -0.8636000 6.3754000 0.0000000
v -0.7620000 6.3754000 0.0000000
v -0.7620000 6.4770000 0.0000000
v -0.8636000 6.4770000 0.0000000
v -0.8636000 6.3754000 2.5019000
v -0.7620000 6.3754000 2.5019000
v -0.7620000 6.4770000 2.5019000
v -0.8636000 6.4770000 2.5019000
f 293 296 295 294
f 297 298 299 300
f 293 294 298 297
f 294 295 299 298
f 295 296 300 299
f 296 293 297 300
o W4_base_plate
usemtl dark
v -0.9144000 6.3246000 0.0000000
v -0.7112000 6.3246000 0.0000000
v -0.7112000 6.5278000 0.0000000
v -0.9144000 6.5278000 0.0000000
v -0.9144000 6.3246000 0.0127000
v -0.7112000 6.3246000 0.0127000
v -0.7112000 6.5278000 0.0127000
v -0.9144000 6.5278000 0.0127000
f 301 304 303 302
f 305 306 307 308
f 301 302 306 305
f 302 303 307 306
f 303 304 308 307
f 304 301 305 308
o W4_cap_plate
usemtl steel
v -0.9144000 6.3246000 2.4892000
v -0.7112000 6.3246000 2.4892000
v -0.7112000 6.5278000 2.4892000
v -0.9144000 6.5278000 2.4892000
v -0.9144000 6.3246000 2.5019000
v -0.7112000 6.3246000 2.5019000
v -0.7112000 6.5278000 2.5019000
v -0.9144000 6.5278000 2.5019000
f 309 312 311 310
f 313 314 315 316
f 309 310 314 313
f 310 311 315 314
f 311 312 316 315
f 312 309 313 316
o W4_anchor
usemtl steel
v -0.8902700 6.3487300 0.0127000
v -0.8775700 6.3487300 0.0127000
v -0.8775700 6.3614300 0.0127000
v -0.8902700 6.3614300 0.0127000
v -0.8902700 6.3487300 0.0254000
v -0.8775700 6.3487300 0.0254000
v -0.8775700 6.3614300 0.0254000
v -0.8902700 6.3614300 0.0254000
f 317 320 319 318
f 321 322 323 324
f 317 318 322 321
f 318 319 323 322
f 319 320 324 323
f 320 317 321 324
o W4_anchor
usemtl steel
v -0.8902700 6.4909700 0.0127000
v -0.8775700 6.4909700 0.0127000
v -0.8775700 6.5036700 0.0127000
v -0.8902700 6.5036700 0.0127000
v -0.8902700 6.4909700 0.0254000
v -0.8775700 6.4909700 0.0254000
v -0.8775700 6.5036700 0.0254000
v -0.8902700 6.5036700 0.0254000
f 325 328 327 326
f 329 330 331 332
f 325 326 330 329
f 326 327 331 330
f 327 328 332 331
f 328 325 329 332
o W4_anchor
usemtl steel
v -0.7480300 6.3487300 0.0127000
v -0.7353300 6.3487300 0.0127000
v -0.7353300 6.3614300 0.0127000
v -0.7480300 6.3614300 0.0127000
v -0.7480300 6.3487300 0.0254000
v -0.7353300 6.3487300 0.0254000
v -0.7353300 6.3614300 0.0254000
v -0.7480300 6.3614300 0.0254000
f 333 336 335 334
f 337 338 339 340
f 333 334 338 337
f 334 335 339 338
f 335 336 340 339
f 336 333 337 340
o W4_anchor
usemtl steel
v -0.7480300 6.4909700 0.0127000
v -0.7353300 6.4909700 0.0127000
v -0.7353300 6.5036700 0.0127000
v -0.7480300 6.5036700 0.0127000
v -0.7480300 6.4909700 0.0254000
v -0.7353300 6.4909700 0.0254000
v -0.7353300 6.5036700 0.0254000
v -0.7480300 6.5036700 0.0254000
f 341 344 343 342
f 345 346 347 348
f 341 342 346 345
f 342 343 347 346
f 343 344 348 347
f 344 341 345 348
o S1_steel_column
usemtl steel
v 3.7211000 -0.5905500 0.0000000
v 3.8227000 -0.5905500 0.0000000
v 3.8227000 -0.4889500 0.0000000
v 3.7211000 -0.4889500 0.0000000
v 3.7211000 -0.5905500 2.5019000
v 3.8227000 -0.5905500 2.5019000
v 3.8227000 -0.4889500 2.5019000
v 3.7211000 -0.4889500 2.5019000
f 349 352 351 350
f 353 354 355 356
f 349 350 354 353
f 350 351 355 354
f 351 352 356 355
f 352 349 353 356
o S1_base_plate
usemtl dark
v 3.6703000 -0.6413500 0.0000000
v 3.8735000 -0.6413500 0.0000000
v 3.8735000 -0.4381500 0.0000000
v 3.6703000 -0.4381500 0.0000000
v 3.6703000 -0.6413500 0.0127000
v 3.8735000 -0.6413500 0.0127000
v 3.8735000 -0.4381500 0.0127000
v 3.6703000 -0.4381500 0.0127000
f 357 360 359 358
f 361 362 363 364
f 357 358 362 361
f 358 359 363 362
f 359 360 364 363
f 360 357 361 364
o S1_cap_plate
usemtl steel
v 3.6703000 -0.6413500 2.4892000
v 3.8735000 -0.6413500 2.4892000
v 3.8735000 -0.4381500 2.4892000
v 3.6703000 -0.4381500 2.4892000
v 3.6703000 -0.6413500 2.5019000
v 3.8735000 -0.6413500 2.5019000
v 3.8735000 -0.4381500 2.5019000
v 3.6703000 -0.4381500 2.5019000
f 365 368 367 366
f 369 370 371 372
f 365 366 370 369
f 366 367 371 370
f 367 368 372 371
f 368 365 369 372
o S1_anchor
usemtl steel
v 3.6944300 -0.6172200 0.0127000
v 3.7071300 -0.6172200 0.0127000
v 3.7071300 -0.6045200 0.0127000
v 3.6944300 -0.6045200 0.0127000
v 3.6944300 -0.6172200 0.0254000
v 3.7071300 -0.6172200 0.0254000
v 3.7071300 -0.6045200 0.0254000
v 3.6944300 -0.6045200 0.0254000
f 373 376 375 374
f 377 378 379 380
f 373 374 378 377
f 374 375 379 378
f 375 376 380 379
f 376 373 377 380
o S1_anchor
usemtl steel
v 3.6944300 -0.4749800 0.0127000
v 3.7071300 -0.4749800 0.0127000
v 3.7071300 -0.4622800 0.0127000
v 3.6944300 -0.4622800 0.0127000
v 3.6944300 -0.4749800 0.0254000
v 3.7071300 -0.4749800 0.0254000
v 3.7071300 -0.4622800 0.0254000
v 3.6944300 -0.4622800 0.0254000
f 381 384 383 382
f 385 386 387 388
f 381 382 386 385
f 382 383 387 386
f 383 384 388 387
f 384 381 385 388
o S1_anchor
usemtl steel
v 3.8366700 -0.6172200 0.0127000
v 3.8493700 -0.6172200 0.0127000
v 3.8493700 -0.6045200 0.0127000
v 3.8366700 -0.6045200 0.0127000
v 3.8366700 -0.6172200 0.0254000
v 3.8493700 -0.6172200 0.0254000
v 3.8493700 -0.6045200 0.0254000
v 3.8366700 -0.6045200 0.0254000
f 389 392 391 390
f 393 394 395 396
f 389 390 394 393
f 390 391 395 394
f 391 392 396 395
f 392 389 393 396
o S1_anchor
usemtl steel
v 3.8366700 -0.4749800 0.0127000
v 3.8493700 -0.4749800 0.0127000
v 3.8493700 -0.4622800 0.0127000
v 3.8366700 -0.4622800 0.0127000
v 3.8366700 -0.4749800 0.0254000
v 3.8493700 -0.4749800 0.0254000
v 3.8493700 -0.4622800 0.0254000
v 3.8366700 -0.4622800 0.0254000
f 397 400 399 398
f 401 402 403 404
f 397 398 402 401
f 398 399 403 402
f 399 400 404 403
f 400 397 401 404
o S2_steel_column
usemtl steel
v 5.6451500 -0.5905500 0.0000000
v 5.7467500 -0.5905500 0.0000000
v 5.7467500 -0.4889500 0.0000000
v 5.6451500 -0.4889500 0.0000000
v 5.6451500 -0.5905500 2.5019000
v 5.7467500 -0.5905500 2.5019000
v 5.7467500 -0.4889500 2.5019000
v 5.6451500 -0.4889500 2.5019000
f 405 408 407 406
f 409 410 411 412
f 405 406 410 409
f 406 407 411 410
f 407 408 412 411
f 408 405 409 412
o S2_base_plate
usemtl dark
v 5.5943500 -0.6413500 0.0000000
v 5.7975500 -0.6413500 0.0000000
v 5.7975500 -0.4381500 0.0000000
v 5.5943500 -0.4381500 0.0000000
v 5.5943500 -0.6413500 0.0127000
v 5.7975500 -0.6413500 0.0127000
v 5.7975500 -0.4381500 0.0127000
v 5.5943500 -0.4381500 0.0127000
f 413 416 415 414
f 417 418 419 420
f 413 414 418 417
f 414 415 419 418
f 415 416 420 419
f 416 413 417 420
o S2_cap_plate
usemtl steel
v 5.5943500 -0.6413500 2.4892000
v 5.7975500 -0.6413500 2.4892000
v 5.7975500 -0.4381500 2.4892000
v 5.5943500 -0.4381500 2.4892000
v 5.5943500 -0.6413500 2.5019000
v 5.7975500 -0.6413500 2.5019000
v 5.7975500 -0.4381500 2.5019000
v 5.5943500 -0.4381500 2.5019000
f 421 424 423 422
f 425 426 427 428
f 421 422 426 425
f 422 423 427 426
f 423 424 428 427
f 424 421 425 428
o S2_anchor
usemtl steel
v 5.6184800 -0.6172200 0.0127000
v 5.6311800 -0.6172200 0.0127000
v 5.6311800 -0.6045200 0.0127000
v 5.6184800 -0.6045200 0.0127000
v 5.6184800 -0.6172200 0.0254000
v 5.6311800 -0.6172200 0.0254000
v 5.6311800 -0.6045200 0.0254000
v 5.6184800 -0.6045200 0.0254000
f 429 432 431 430
f 433 434 435 436
f 429 430 434 433
f 430 431 435 434
f 431 432 436 435
f 432 429 433 436
o S2_anchor
usemtl steel
v 5.6184800 -0.4749800 0.0127000
v 5.6311800 -0.4749800 0.0127000
v 5.6311800 -0.4622800 0.0127000
v 5.6184800 -0.4622800 0.0127000
v 5.6184800 -0.4749800 0.0254000
v 5.6311800 -0.4749800 0.0254000
v 5.6311800 -0.4622800 0.0254000
v 5.6184800 -0.4622800 0.0254000
f 437 440 439 438
f 441 442 443 444
f 437 438 442 441
f 438 439 443 442
f 439 440 444 443
f 440 437 441 444
o S2_anchor
usemtl steel
v 5.7607200 -0.6172200 0.0127000
v 5.7734200 -0.6172200 0.0127000
v 5.7734200 -0.6045200 0.0127000
v 5.7607200 -0.6045200 0.0127000
v 5.7607200 -0.6172200 0.0254000
v 5.7734200 -0.6172200 0.0254000
v 5.7734200 -0.6045200 0.0254000
v 5.7607200 -0.6045200 0.0254000
f 445 448 447 446
f 449 450 451 452
f 445 446 450 449
f 446 447 451 450
f 447 448 452 451
f 448 445 449 452
o S2_anchor
usemtl steel
v 5.7607200 -0.4749800 0.0127000
v 5.7734200 -0.4749800 0.0127000
v 5.7734200 -0.4622800 0.0127000
v 5.7607200 -0.4622800 0.0127000
v 5.7607200 -0.4749800 0.0254000
v 5.7734200 -0.4749800 0.0254000
v 5.7734200 -0.4622800 0.0254000
v 5.7607200 -0.4622800 0.0254000
f 453 456 455 454
f 457 458 459 460
f 453 454 458 457
f 454 455 459 458
f 455 456 460 459
f 456 453 457 460
o N1_steel_column
usemtl steel
v 1.3017500 6.3754000 0.0000000
v 1.4033500 6.3754000 0.0000000
v 1.4033500 6.4770000 0.0000000
v 1.3017500 6.4770000 0.0000000
v 1.3017500 6.3754000 2.5019000
v 1.4033500 6.3754000 2.5019000
v 1.4033500 6.4770000 2.5019000
v 1.3017500 6.4770000 2.5019000
f 461 464 463 462
f 465 466 467 468
f 461 462 466 465
f 462 463 467 466
f 463 464 468 467
f 464 461 465 468
o N1_base_plate
usemtl dark
v 1.2509500 6.3246000 0.0000000
v 1.4541500 6.3246000 0.0000000
v 1.4541500 6.5278000 0.0000000
v 1.2509500 6.5278000 0.0000000
v 1.2509500 6.3246000 0.0127000
v 1.4541500 6.3246000 0.0127000
v 1.4541500 6.5278000 0.0127000
v 1.2509500 6.5278000 0.0127000
f 469 472 471 470
f 473 474 475 476
f 469 470 474 473
f 470 471 475 474
f 471 472 476 475
f 472 469 473 476
o N1_cap_plate
usemtl steel
v 1.2509500 6.3246000 2.4892000
v 1.4541500 6.3246000 2.4892000
v 1.4541500 6.5278000 2.4892000
v 1.2509500 6.5278000 2.4892000
v 1.2509500 6.3246000 2.5019000
v 1.4541500 6.3246000 2.5019000
v 1.4541500 6.5278000 2.5019000
v 1.2509500 6.5278000 2.5019000
f 477 480 479 478
f 481 482 483 484
f 477 478 482 481
f 478 479 483 482
f 479 480 484 483
f 480 477 481 484
o N1_anchor
usemtl steel
v 1.2750800 6.3487300 0.0127000
v 1.2877800 6.3487300 0.0127000
v 1.2877800 6.3614300 0.0127000
v 1.2750800 6.3614300 0.0127000
v 1.2750800 6.3487300 0.0254000
v 1.2877800 6.3487300 0.0254000
v 1.2877800 6.3614300 0.0254000
v 1.2750800 6.3614300 0.0254000
f 485 488 487 486
f 489 490 491 492
f 485 486 490 489
f 486 487 491 490
f 487 488 492 491
f 488 485 489 492
o N1_anchor
usemtl steel
v 1.2750800 6.4909700 0.0127000
v 1.2877800 6.4909700 0.0127000
v 1.2877800 6.5036700 0.0127000
v 1.2750800 6.5036700 0.0127000
v 1.2750800 6.4909700 0.0254000
v 1.2877800 6.4909700 0.0254000
v 1.2877800 6.5036700 0.0254000
v 1.2750800 6.5036700 0.0254000
f 493 496 495 494
f 497 498 499 500
f 493 494 498 497
f 494 495 499 498
f 495 496 500 499
f 496 493 497 500
o N1_anchor
usemtl steel
v 1.4173200 6.3487300 0.0127000
v 1.4300200 6.3487300 0.0127000
v 1.4300200 6.3614300 0.0127000
v 1.4173200 6.3614300 0.0127000
v 1.4173200 6.3487300 0.0254000
v 1.4300200 6.3487300 0.0254000
v 1.4300200 6.3614300 0.0254000
v 1.4173200 6.3614300 0.0254000
f 501 504 503 502
f 505 506 507 508
f 501 502 506 505
f 502 503 507 506
f 503 504 508 507
f 504 501 505 508
o N1_anchor
usemtl steel
v 1.4173200 6.4909700 0.0127000
v 1.4300200 6.4909700 0.0127000
v 1.4300200 6.5036700 0.0127000
v 1.4173200 6.5036700 0.0127000
v 1.4173200 6.4909700 0.0254000
v 1.4300200 6.4909700 0.0254000
v 1.4300200 6.5036700 0.0254000
v 1.4173200 6.5036700 0.0254000
f 509 512 511 510
f 513 514 515 516
f 509 510 514 513
f 510 511 515 514
f 511 512 516 515
f 512 509 513 516
o N2_steel_column
usemtl steel
v 5.6451500 6.3754000 0.0000000
v 5.7467500 6.3754000 0.0000000
v 5.7467500 6.4770000 0.0000000
v 5.6451500 6.4770000 0.0000000
v 5.6451500 6.3754000 2.5019000
v 5.7467500 6.3754000 2.5019000
v 5.7467500 6.4770000 2.5019000
v 5.6451500 6.4770000 2.5019000
f 517 520 519 518
f 521 522 523 524
f 517 518 522 521
f 518 519 523 522
f 519 520 524 523
f 520 517 521 524
o N2_base_plate
usemtl dark
v 5.5943500 6.3246000 0.0000000
v 5.7975500 6.3246000 0.0000000
v 5.7975500 6.5278000 0.0000000
v 5.5943500 6.5278000 0.0000000
v 5.5943500 6.3246000 0.0127000
v 5.7975500 6.3246000 0.0127000
v 5.7975500 6.5278000 0.0127000
v 5.5943500 6.5278000 0.0127000
f 525 528 527 526
f 529 530 531 532
f 525 526 530 529
f 526 527 531 530
f 527 528 532 531
f 528 525 529 532
o N2_cap_plate
usemtl steel
v 5.5943500 6.3246000 2.4892000
v 5.7975500 6.3246000 2.4892000
v 5.7975500 6.5278000 2.4892000
v 5.5943500 6.5278000 2.4892000
v 5.5943500 6.3246000 2.5019000
v 5.7975500 6.3246000 2.5019000
v 5.7975500 6.5278000 2.5019000
v 5.5943500 6.5278000 2.5019000
f 533 536 535 534
f 537 538 539 540
f 533 534 538 537
f 534 535 539 538
f 535 536 540 539
f 536 533 537 540
o N2_anchor
usemtl steel
v 5.6184800 6.3487300 0.0127000
v 5.6311800 6.3487300 0.0127000
v 5.6311800 6.3614300 0.0127000
v 5.6184800 6.3614300 0.0127000
v 5.6184800 6.3487300 0.0254000
v 5.6311800 6.3487300 0.0254000
v 5.6311800 6.3614300 0.0254000
v 5.6184800 6.3614300 0.0254000
f 541 544 543 542
f 545 546 547 548
f 541 542 546 545
f 542 543 547 546
f 543 544 548 547
f 544 541 545 548
o N2_anchor
usemtl steel
v 5.6184800 6.4909700 0.0127000
v 5.6311800 6.4909700 0.0127000
v 5.6311800 6.5036700 0.0127000
v 5.6184800 6.5036700 0.0127000
v 5.6184800 6.4909700 0.0254000
v 5.6311800 6.4909700 0.0254000
v 5.6311800 6.5036700 0.0254000
v 5.6184800 6.5036700 0.0254000
f 549 552 551 550
f 553 554 555 556
f 549 550 554 553
f 550 551 555 554
f 551 552 556 555
f 552 549 553 556
o N2_anchor
usemtl steel
v 5.7607200 6.3487300 0.0127000
v 5.7734200 6.3487300 0.0127000
v 5.7734200 6.3614300 0.0127000
v 5.7607200 6.3614300 0.0127000
v 5.7607200 6.3487300 0.0254000
v 5.7734200 6.3487300 0.0254000
v 5.7734200 6.3614300 0.0254000
v 5.7607200 6.3614300 0.0254000
f 557 560 559 558
f 561 562 563 564
f 557 558 562 561
f 558 559 563 562
f 559 560 564 563
f 560 557 561 564
o N2_anchor
usemtl steel
v 5.7607200 6.4909700 0.0127000
v 5.7734200 6.4909700 0.0127000
v 5.7734200 6.5036700 0.0127000
v 5.7607200 6.5036700 0.0127000
v 5.7607200 6.4909700 0.0254000
v 5.7734200 6.4909700 0.0254000
v 5.7734200 6.5036700 0.0254000
v 5.7607200 6.5036700 0.0254000
f 565 568 567 566
f 569 570 571 572
f 565 566 570 569
f 566 567 571 570
f 567 568 572 571
f 568 565 569 572
o S3_steel_column
usemtl steel
v 5.6451500 -0.0508000 0.0000000
v 5.7467500 -0.0508000 0.0000000
v 5.7467500 0.0508000 0.0000000
v 5.6451500 0.0508000 0.0000000
v 5.6451500 -0.0508000 2.5019000
v 5.7467500 -0.0508000 2.5019000
v 5.7467500 0.0508000 2.5019000
v 5.6451500 0.0508000 2.5019000
f 573 576 575 574
f 577 578 579 580
f 573 574 578 577
f 574 575 579 578
f 575 576 580 579
f 576 573 577 580
o S3_base_plate
usemtl dark
v 5.5943500 -0.1016000 0.0000000
v 5.7975500 -0.1016000 0.0000000
v 5.7975500 0.1016000 0.0000000
v 5.5943500 0.1016000 0.0000000
v 5.5943500 -0.1016000 0.0127000
v 5.7975500 -0.1016000 0.0127000
v 5.7975500 0.1016000 0.0127000
v 5.5943500 0.1016000 0.0127000
f 581 584 583 582
f 585 586 587 588
f 581 582 586 585
f 582 583 587 586
f 583 584 588 587
f 584 581 585 588
o S3_cap_plate
usemtl steel
v 5.5943500 -0.1016000 2.4892000
v 5.7975500 -0.1016000 2.4892000
v 5.7975500 0.1016000 2.4892000
v 5.5943500 0.1016000 2.4892000
v 5.5943500 -0.1016000 2.5019000
v 5.7975500 -0.1016000 2.5019000
v 5.7975500 0.1016000 2.5019000
v 5.5943500 0.1016000 2.5019000
f 589 592 591 590
f 593 594 595 596
f 589 590 594 593
f 590 591 595 594
f 591 592 596 595
f 592 589 593 596
o S3_anchor
usemtl steel
v 5.6184800 -0.0774700 0.0127000
v 5.6311800 -0.0774700 0.0127000
v 5.6311800 -0.0647700 0.0127000
v 5.6184800 -0.0647700 0.0127000
v 5.6184800 -0.0774700 0.0254000
v 5.6311800 -0.0774700 0.0254000
v 5.6311800 -0.0647700 0.0254000
v 5.6184800 -0.0647700 0.0254000
f 597 600 599 598
f 601 602 603 604
f 597 598 602 601
f 598 599 603 602
f 599 600 604 603
f 600 597 601 604
o S3_anchor
usemtl steel
v 5.6184800 0.0647700 0.0127000
v 5.6311800 0.0647700 0.0127000
v 5.6311800 0.0774700 0.0127000
v 5.6184800 0.0774700 0.0127000
v 5.6184800 0.0647700 0.0254000
v 5.6311800 0.0647700 0.0254000
v 5.6311800 0.0774700 0.0254000
v 5.6184800 0.0774700 0.0254000
f 605 608 607 606
f 609 610 611 612
f 605 606 610 609
f 606 607 611 610
f 607 608 612 611
f 608 605 609 612
o S3_anchor
usemtl steel
v 5.7607200 -0.0774700 0.0127000
v 5.7734200 -0.0774700 0.0127000
v 5.7734200 -0.0647700 0.0127000
v 5.7607200 -0.0647700 0.0127000
v 5.7607200 -0.0774700 0.0254000
v 5.7734200 -0.0774700 0.0254000
v 5.7734200 -0.0647700 0.0254000
v 5.7607200 -0.0647700 0.0254000
f 613 616 615 614
f 617 618 619 620
f 613 614 618 617
f 614 615 619 618
f 615 616 620 619
f 616 613 617 620
o S3_anchor
usemtl steel
v 5.7607200 0.0647700 0.0127000
v 5.7734200 0.0647700 0.0127000
v 5.7734200 0.0774700 0.0127000
v 5.7607200 0.0774700 0.0127000
v 5.7607200 0.0647700 0.0254000
v 5.7734200 0.0647700 0.0254000
v 5.7734200 0.0774700 0.0254000
v 5.7607200 0.0774700 0.0254000
f 621 624 623 622
f 625 626 627 628
f 621 622 626 625
f 622 623 627 626
f 623 624 628 627
f 624 621 625 628
o T-SO_beam
usemtl beam
v -0.8128000 -1.7018000 2.5019000
v -0.8128000 -1.4986000 2.5019000
v -0.8128000 -1.4986000 2.5146000
v -0.8128000 -1.5954375 2.5146000
v -0.8128000 -1.5954375 2.6924000
v -0.8128000 -1.4986000 2.6924000
v -0.8128000 -1.4986000 2.7051000
v -0.8128000 -1.7018000 2.7051000
v -0.8128000 -1.7018000 2.6924000
v -0.8128000 -1.6049625 2.6924000
v -0.8128000 -1.6049625 2.5146000
v -0.8128000 -1.7018000 2.5146000
v 6.3373000 -1.7018000 2.5019000
v 6.3373000 -1.4986000 2.5019000
v 6.3373000 -1.4986000 2.5146000
v 6.3373000 -1.5954375 2.5146000
v 6.3373000 -1.5954375 2.6924000
v 6.3373000 -1.4986000 2.6924000
v 6.3373000 -1.4986000 2.7051000
v 6.3373000 -1.7018000 2.7051000
v 6.3373000 -1.7018000 2.6924000
v 6.3373000 -1.6049625 2.6924000
v 6.3373000 -1.6049625 2.5146000
v 6.3373000 -1.7018000 2.5146000
f 640 639 638 637 636 635 634 633 632 631 630 629
f 641 642 643 644 645 646 647 648 649 650 651 652
f 629 630 642 641
f 630 631 643 642
f 631 632 644 643
f 632 633 645 644
f 633 634 646 645
f 634 635 647 646
f 635 636 648 647
f 636 637 649 648
f 637 638 650 649
f 638 639 651 650
f 639 640 652 651
f 640 629 641 652
o B2_beam
usemtl beam
v 0.0000000 4.5974000 2.5019000
v 0.0000000 4.8006000 2.5019000
v 0.0000000 4.8006000 2.5146000
v 0.0000000 4.7037625 2.5146000
v 0.0000000 4.7037625 2.6924000
v 0.0000000 4.8006000 2.6924000
v 0.0000000 4.8006000 2.7051000
v 0.0000000 4.5974000 2.7051000
v 0.0000000 4.5974000 2.6924000
v 0.0000000 4.6942375 2.6924000
v 0.0000000 4.6942375 2.5146000
v 0.0000000 4.5974000 2.5146000
v 5.6959500 4.5974000 2.5019000
v 5.6959500 4.8006000 2.5019000
v 5.6959500 4.8006000 2.5146000
v 5.6959500 4.7037625 2.5146000
v 5.6959500 4.7037625 2.6924000
v 5.6959500 4.8006000 2.6924000
v 5.6959500 4.8006000 2.7051000
v 5.6959500 4.5974000 2.7051000
v 5.6959500 4.5974000 2.6924000
v 5.6959500 4.6942375 2.6924000
v 5.6959500 4.6942375 2.5146000
v 5.6959500 4.5974000 2.5146000
f 664 663 662 661 660 659 658 657 656 655 654 653
f 665 666 667 668 669 670 671 672 673 674 675 676
f 653 654 666 665
f 654 655 667 666
f 655 656 668 667
f 656 657 669 668
f 657 658 670 669
f 658 659 671 670
f 659 660 672 671
f 660 661 673 672
f 661 662 674 673
f 662 663 675 674
f 663 664 676 675
f 664 653 665 676
o B3_beam
usemtl beam
v 0.0000000 6.2230000 2.5019000
v 0.0000000 6.4262000 2.5019000
v 0.0000000 6.4262000 2.5146000
v 0.0000000 6.3293625 2.5146000
v 0.0000000 6.3293625 2.6924000
v 0.0000000 6.4262000 2.6924000
v 0.0000000 6.4262000 2.7051000
v 0.0000000 6.2230000 2.7051000
v 0.0000000 6.2230000 2.6924000
v 0.0000000 6.3198375 2.6924000
v 0.0000000 6.3198375 2.5146000
v 0.0000000 6.2230000 2.5146000
v 6.2611000 6.2230000 2.5019000
v 6.2611000 6.4262000 2.5019000
v 6.2611000 6.4262000 2.5146000
v 6.2611000 6.3293625 2.5146000
v 6.2611000 6.3293625 2.6924000
v 6.2611000 6.4262000 2.6924000
v 6.2611000 6.4262000 2.7051000
v 6.2611000 6.2230000 2.7051000
v 6.2611000 6.2230000 2.6924000
v 6.2611000 6.3198375 2.6924000
v 6.2611000 6.3198375 2.5146000
v 6.2611000 6.2230000 2.5146000
f 688 687 686 685 684 683 682 681 680 679 678 677
f 689 690 691 692 693 694 695 696 697 698 699 700
f 677 678 690 689
f 678 679 691 690
f 679 680 692 691
f 680 681 693 692
f 681 682 694 693
f 682 683 695 694
f 683 684 696 695
f 684 685 697 696
f 685 686 698 697
f 686 687 699 698
f 687 688 700 699
f 688 677 689 700
o B-WO_beam
usemtl beam
v -0.7112000 -1.6002000 2.5019000
v -0.9144000 -1.6002000 2.5019000
v -0.9144000 -1.6002000 2.5146000
v -0.8175625 -1.6002000 2.5146000
v -0.8175625 -1.6002000 2.6924000
v -0.9144000 -1.6002000 2.6924000
v -0.9144000 -1.6002000 2.7051000
v -0.7112000 -1.6002000 2.7051000
v -0.7112000 -1.6002000 2.6924000
v -0.8080375 -1.6002000 2.6924000
v -0.8080375 -1.6002000 2.5146000
v -0.7112000 -1.6002000 2.5146000
v -0.7112000 6.4262000 2.5019000
v -0.9144000 6.4262000 2.5019000
v -0.9144000 6.4262000 2.5146000
v -0.8175625 6.4262000 2.5146000
v -0.8175625 6.4262000 2.6924000
v -0.9144000 6.4262000 2.6924000
v -0.9144000 6.4262000 2.7051000
v -0.7112000 6.4262000 2.7051000
v -0.7112000 6.4262000 2.6924000
v -0.8080375 6.4262000 2.6924000
v -0.8080375 6.4262000 2.5146000
v -0.7112000 6.4262000 2.5146000
f 712 711 710 709 708 707 706 705 704 703 702 701
f 713 714 715 716 717 718 719 720 721 722 723 724
f 701 702 714 713
f 702 703 715 714
f 703 704 716 715
f 704 705 717 716
f 705 706 718 717
f 706 707 719 718
f 707 708 720 719
f 708 709 721 720
f 709 710 722 721
f 710 711 723 722
f 711 712 724 723
f 712 701 713 724
o O2
usemtl beam
v -0.8128000 1.6954500 2.5019000
v -0.8128000 1.8478500 2.5019000
v -0.8128000 1.8478500 2.5146000
v -0.8128000 1.7764125 2.5146000
v -0.8128000 1.7764125 2.6924000
v -0.8128000 1.8478500 2.6924000
v -0.8128000 1.8478500 2.7051000
v -0.8128000 1.6954500 2.7051000
v -0.8128000 1.6954500 2.6924000
v -0.8128000 1.7668875 2.6924000
v -0.8128000 1.7668875 2.5146000
v -0.8128000 1.6954500 2.5146000
v 0.0000000 1.6954500 2.5019000
v 0.0000000 1.8478500 2.5019000
v 0.0000000 1.8478500 2.5146000
v 0.0000000 1.7764125 2.5146000
v 0.0000000 1.7764125 2.6924000
v 0.0000000 1.8478500 2.6924000
v 0.0000000 1.8478500 2.7051000
v 0.0000000 1.6954500 2.7051000
v 0.0000000 1.6954500 2.6924000
v 0.0000000 1.7668875 2.6924000
v 0.0000000 1.7668875 2.5146000
v 0.0000000 1.6954500 2.5146000
f 736 735 734 733 732 731 730 729 728 727 726 725
f 737 738 739 740 741 742 743 744 745 746 747 748
f 725 726 738 737
f 726 727 739 738
f 727 728 740 739
f 728 729 741 740
f 729 730 742 741
f 730 731 743 742
f 731 732 744 743
f 732 733 745 744
f 733 734 746 745
f 734 735 747 746
f 735 736 748 747
f 736 725 737 748
o O3
usemtl beam
v -0.8128000 4.6228000 2.5019000
v -0.8128000 4.7752000 2.5019000
v -0.8128000 4.7752000 2.5146000
v -0.8128000 4.7037625 2.5146000
v -0.8128000 4.7037625 2.6924000
v -0.8128000 4.7752000 2.6924000
v -0.8128000 4.7752000 2.7051000
v -0.8128000 4.6228000 2.7051000
v -0.8128000 4.6228000 2.6924000
v -0.8128000 4.6942375 2.6924000
v -0.8128000 4.6942375 2.5146000
v -0.8128000 4.6228000 2.5146000
v 0.0000000 4.6228000 2.5019000
v 0.0000000 4.7752000 2.5019000
v 0.0000000 4.7752000 2.5146000
v 0.0000000 4.7037625 2.5146000
v 0.0000000 4.7037625 2.6924000
v 0.0000000 4.7752000 2.6924000
v 0.0000000 4.7752000 2.7051000
v 0.0000000 4.6228000 2.7051000
v 0.0000000 4.6228000 2.6924000
v 0.0000000 4.6942375 2.6924000
v 0.0000000 4.6942375 2.5146000
v 0.0000000 4.6228000 2.5146000
f 760 759 758 757 756 755 754 753 752 751 750 749
f 761 762 763 764 765 766 767 768 769 770 771 772
f 749 750 762 761
f 750 751 763 762
f 751 752 764 763
f 752 753 765 764
f 753 754 766 765
f 754 755 767 766
f 755 756 768 767
f 756 757 769 768
f 757 758 770 769
f 758 759 771 770
f 759 760 772 771
f 760 749 761 772
o T-S_bottom
usemtl truss
v 0.0000000 0.0381000 2.5781000
v 0.0000000 -0.0381000 2.5781000
v 0.0000000 -0.0381000 2.5019000
v 0.0000000 0.0381000 2.5019000
v 6.2611000 0.0381000 2.5781000
v 6.2611000 -0.0381000 2.5781000
v 6.2611000 -0.0381000 2.5019000
v 6.2611000 0.0381000 2.5019000
f 773 776 775 774
f 777 778 779 780
f 773 774 778 777
f 774 775 779 778
f 775 776 780 779
f 776 773 777 780
o T-S_top
usemtl truss
v 0.0000000 0.0381000 3.6289759
v 0.0000000 -0.0381000 3.6289759
v 0.0000000 -0.0381000 3.5527759
v 0.0000000 0.0381000 3.5527759
v 6.2611000 0.0381000 3.6289759
v 6.2611000 -0.0381000 3.6289759
v 6.2611000 -0.0381000 3.5527759
v 6.2611000 0.0381000 3.5527759
f 781 784 783 782
f 785 786 787 788
f 781 782 786 785
f 782 783 787 786
f 783 784 788 787
f 784 781 785 788
o T-S_upright
usemtl truss
v 0.0381000 -0.0381000 2.5400000
v 0.0381000 0.0381000 2.5400000
v -0.0381000 0.0381000 2.5400000
v -0.0381000 -0.0381000 2.5400000
v 0.0381000 -0.0381000 3.5908759
v 0.0381000 0.0381000 3.5908759
v -0.0381000 0.0381000 3.5908759
v -0.0381000 -0.0381000 3.5908759
f 789 792 791 790
f 793 794 795 796
f 789 790 794 793
f 790 791 795 794
f 791 792 796 795
f 792 789 793 796
o T-S_upright
usemtl truss
v 1.0816167 -0.0381000 2.5400000
v 1.0816167 0.0381000 2.5400000
v 1.0054167 0.0381000 2.5400000
v 1.0054167 -0.0381000 2.5400000
v 1.0816167 -0.0381000 3.5908759
v 1.0816167 0.0381000 3.5908759
v 1.0054167 0.0381000 3.5908759
v 1.0054167 -0.0381000 3.5908759
f 797 800 799 798
f 801 802 803 804
f 797 798 802 801
f 798 799 803 802
f 799 800 804 803
f 800 797 801 804
o T-S_upright
usemtl truss
v 2.1251333 -0.0381000 2.5400000
v 2.1251333 0.0381000 2.5400000
v 2.0489333 0.0381000 2.5400000
v 2.0489333 -0.0381000 2.5400000
v 2.1251333 -0.0381000 3.5908759
v 2.1251333 0.0381000 3.5908759
v 2.0489333 0.0381000 3.5908759
v 2.0489333 -0.0381000 3.5908759
f 805 808 807 806
f 809 810 811 812
f 805 806 810 809
f 806 807 811 810
f 807 808 812 811
f 808 805 809 812
o T-S_upright
usemtl truss
v 3.1686500 -0.0381000 2.5400000
v 3.1686500 0.0381000 2.5400000
v 3.0924500 0.0381000 2.5400000
v 3.0924500 -0.0381000 2.5400000
v 3.1686500 -0.0381000 3.5908759
v 3.1686500 0.0381000 3.5908759
v 3.0924500 0.0381000 3.5908759
v 3.0924500 -0.0381000 3.5908759
f 813 816 815 814
f 817 818 819 820
f 813 814 818 817
f 814 815 819 818
f 815 816 820 819
f 816 813 817 820
o T-S_upright
usemtl truss
v 4.2121667 -0.0381000 2.5400000
v 4.2121667 0.0381000 2.5400000
v 4.1359667 0.0381000 2.5400000
v 4.1359667 -0.0381000 2.5400000
v 4.2121667 -0.0381000 3.5908759
v 4.2121667 0.0381000 3.5908759
v 4.1359667 0.0381000 3.5908759
v 4.1359667 -0.0381000 3.5908759
f 821 824 823 822
f 825 826 827 828
f 821 822 826 825
f 822 823 827 826
f 823 824 828 827
f 824 821 825 828
o T-S_upright
usemtl truss
v 5.2556833 -0.0381000 2.5400000
v 5.2556833 0.0381000 2.5400000
v 5.1794833 0.0381000 2.5400000
v 5.1794833 -0.0381000 2.5400000
v 5.2556833 -0.0381000 3.5908759
v 5.2556833 0.0381000 3.5908759
v 5.1794833 0.0381000 3.5908759
v 5.1794833 -0.0381000 3.5908759
f 829 832 831 830
f 833 834 835 836
f 829 830 834 833
f 830 831 835 834
f 831 832 836 835
f 832 829 833 836
o T-S_upright
usemtl truss
v 6.2992000 -0.0381000 2.5400000
v 6.2992000 0.0381000 2.5400000
v 6.2230000 0.0381000 2.5400000
v 6.2230000 -0.0381000 2.5400000
v 6.2992000 -0.0381000 3.5908759
v 6.2992000 0.0381000 3.5908759
v 6.2230000 0.0381000 3.5908759
v 6.2230000 -0.0381000 3.5908759
f 837 840 839 838
f 841 842 843 844
f 837 838 842 841
f 838 839 843 842
f 839 840 844 843
f 840 837 841 844
o T-S_end_brace
usemtl truss
v -0.0225294 0.0317500 2.5623716
v -0.0225294 -0.0317500 2.5623716
v 0.0225294 -0.0317500 2.5176284
v 0.0225294 0.0317500 2.5176284
v 1.0209873 0.0317500 3.6132475
v 1.0209873 -0.0317500 3.6132475
v 1.0660461 -0.0317500 3.5685043
v 1.0660461 0.0317500 3.5685043
f 845 848 847 846
f 849 850 851 852
f 845 846 850 849
f 846 847 851 850
f 847 848 852 851
f 848 845 849 852
o T-S_end_brace
usemtl truss
v 5.2401127 0.0317500 3.6132475
v 5.2401127 -0.0317500 3.6132475
v 5.1950539 -0.0317500 3.5685043
v 5.1950539 0.0317500 3.5685043
v 6.2836294 0.0317500 2.5623716
v 6.2836294 -0.0317500 2.5623716
v 6.2385706 -0.0317500 2.5176284
v 6.2385706 0.0317500 2.5176284
f 853 856 855 854
f 857 858 859 860
f 853 854 858 857
f 854 855 859 858
f 855 856 860 859
f 856 853 857 860
o T-S_joint_plate
usemtl truss
v 0.9673167 -0.0444500 3.4638759
v 1.1197167 -0.0444500 3.4638759
v 1.1197167 -0.0317500 3.4638759
v 0.9673167 -0.0317500 3.4638759
v 0.9673167 -0.0444500 3.6162759
v 1.1197167 -0.0444500 3.6162759
v 1.1197167 -0.0317500 3.6162759
v 0.9673167 -0.0317500 3.6162759
f 861 864 863 862
f 865 866 867 868
f 861 862 866 865
f 862 863 867 866
f 863 864 868 867
f 864 861 865 868
o T-S_joint_plate
usemtl truss
v 2.0108333 -0.0444500 3.4638759
v 2.1632333 -0.0444500 3.4638759
v 2.1632333 -0.0317500 3.4638759
v 2.0108333 -0.0317500 3.4638759
v 2.0108333 -0.0444500 3.6162759
v 2.1632333 -0.0444500 3.6162759
v 2.1632333 -0.0317500 3.6162759
v 2.0108333 -0.0317500 3.6162759
f 869 872 871 870
f 873 874 875 876
f 869 870 874 873
f 870 871 875 874
f 871 872 876 875
f 872 869 873 876
o T-S_joint_plate
usemtl truss
v 3.0543500 -0.0444500 3.4638759
v 3.2067500 -0.0444500 3.4638759
v 3.2067500 -0.0317500 3.4638759
v 3.0543500 -0.0317500 3.4638759
v 3.0543500 -0.0444500 3.6162759
v 3.2067500 -0.0444500 3.6162759
v 3.2067500 -0.0317500 3.6162759
v 3.0543500 -0.0317500 3.6162759
f 877 880 879 878
f 881 882 883 884
f 877 878 882 881
f 878 879 883 882
f 879 880 884 883
f 880 877 881 884
o T-S_joint_plate
usemtl truss
v 4.0978667 -0.0444500 3.4638759
v 4.2502667 -0.0444500 3.4638759
v 4.2502667 -0.0317500 3.4638759
v 4.0978667 -0.0317500 3.4638759
v 4.0978667 -0.0444500 3.6162759
v 4.2502667 -0.0444500 3.6162759
v 4.2502667 -0.0317500 3.6162759
v 4.0978667 -0.0317500 3.6162759
f 885 888 887 886
f 889 890 891 892
f 885 886 890 889
f 886 887 891 890
f 887 888 892 891
f 888 885 889 892
o T-S_joint_plate
usemtl truss
v 5.1413833 -0.0444500 3.4638759
v 5.2937833 -0.0444500 3.4638759
v 5.2937833 -0.0317500 3.4638759
v 5.1413833 -0.0317500 3.4638759
v 5.1413833 -0.0444500 3.6162759
v 5.2937833 -0.0444500 3.6162759
v 5.2937833 -0.0317500 3.6162759
v 5.1413833 -0.0317500 3.6162759
f 893 896 895 894
f 897 898 899 900
f 893 894 898 897
f 894 895 899 898
f 895 896 900 899
f 896 893 897 900
o T1_bottom
usemtl truss
v 0.0000000 1.8097500 2.5781000
v 0.0000000 1.7335500 2.5781000
v 0.0000000 1.7335500 2.5019000
v 0.0000000 1.8097500 2.5019000
v 5.6959500 1.8097500 2.5781000
v 5.6959500 1.7335500 2.5781000
v 5.6959500 1.7335500 2.5019000
v 5.6959500 1.8097500 2.5019000
f 901 904 903 902
f 905 906 907 908
f 901 902 906 905
f 902 903 907 906
f 903 904 908 907
f 904 901 905 908
o T1_top
usemtl truss
v 0.0000000 1.8097500 4.6518385
v 0.0000000 1.7335500 4.6518385
v 0.0000000 1.7335500 4.5756385
v 0.0000000 1.8097500 4.5756385
v 5.6959500 1.8097500 4.6518385
v 5.6959500 1.7335500 4.6518385
v 5.6959500 1.7335500 4.5756385
v 5.6959500 1.8097500 4.5756385
f 909 912 911 910
f 913 914 915 916
f 909 910 914 913
f 910 911 915 914
f 911 912 916 915
f 912 909 913 916
o T1_upright
usemtl truss
v 0.0381000 1.7335500 2.5400000
v 0.0381000 1.8097500 2.5400000
v -0.0381000 1.8097500 2.5400000
v -0.0381000 1.7335500 2.5400000
v 0.0381000 1.7335500 4.6137385
v 0.0381000 1.8097500 4.6137385
v -0.0381000 1.8097500 4.6137385
v -0.0381000 1.7335500 4.6137385
f 917 920 919 918
f 921 922 923 924
f 917 918 922 921
f 918 919 923 922
f 919 920 924 923
f 920 917 921 924
o T1_upright
usemtl truss
v 0.9874250 1.7335500 2.5400000
v 0.9874250 1.8097500 2.5400000
v 0.9112250 1.8097500 2.5400000
v 0.9112250 1.7335500 2.5400000
v 0.9874250 1.7335500 4.6137385
v 0.9874250 1.8097500 4.6137385
v 0.9112250 1.8097500 4.6137385
v 0.9112250 1.7335500 4.6137385
f 925 928 927 926
f 929 930 931 932
f 925 926 930 929
f 926 927 931 930
f 927 928 932 931
f 928 925 929 932
o T1_upright
usemtl truss
v 1.9367500 1.7335500 2.5400000
v 1.9367500 1.8097500 2.5400000
v 1.8605500 1.8097500 2.5400000
v 1.8605500 1.7335500 2.5400000
v 1.9367500 1.7335500 4.6137385
v 1.9367500 1.8097500 4.6137385
v 1.8605500 1.8097500 4.6137385
v 1.8605500 1.7335500 4.6137385
f 933 936 935 934
f 937 938 939 940
f 933 934 938 937
f 934 935 939 938
f 935 936 940 939
f 936 933 937 940
o T1_upright
usemtl truss
v 2.8860750 1.7335500 2.5400000
v 2.8860750 1.8097500 2.5400000
v 2.8098750 1.8097500 2.5400000
v 2.8098750 1.7335500 2.5400000
v 2.8860750 1.7335500 4.6137385
v 2.8860750 1.8097500 4.6137385
v 2.8098750 1.8097500 4.6137385
v 2.8098750 1.7335500 4.6137385
f 941 944 943 942
f 945 946 947 948
f 941 942 946 945
f 942 943 947 946
f 943 944 948 947
f 944 941 945 948
o T1_upright
usemtl truss
v 3.8354000 1.7335500 2.5400000
v 3.8354000 1.8097500 2.5400000
v 3.7592000 1.8097500 2.5400000
v 3.7592000 1.7335500 2.5400000
v 3.8354000 1.7335500 4.6137385
v 3.8354000 1.8097500 4.6137385
v 3.7592000 1.8097500 4.6137385
v 3.7592000 1.7335500 4.6137385
f 949 952 951 950
f 953 954 955 956
f 949 950 954 953
f 950 951 955 954
f 951 952 956 955
f 952 949 953 956
o T1_upright
usemtl truss
v 4.7847250 1.7335500 2.5400000
v 4.7847250 1.8097500 2.5400000
v 4.7085250 1.8097500 2.5400000
v 4.7085250 1.7335500 2.5400000
v 4.7847250 1.7335500 4.6137385
v 4.7847250 1.8097500 4.6137385
v 4.7085250 1.8097500 4.6137385
v 4.7085250 1.7335500 4.6137385
f 957 960 959 958
f 961 962 963 964
f 957 958 962 961
f 958 959 963 962
f 959 960 964 963
f 960 957 961 964
o T1_upright
usemtl truss
v 5.7340500 1.7335500 2.5400000
v 5.7340500 1.8097500 2.5400000
v 5.6578500 1.8097500 2.5400000
v 5.6578500 1.7335500 2.5400000
v 5.7340500 1.7335500 4.6137385
v 5.7340500 1.8097500 4.6137385
v 5.6578500 1.8097500 4.6137385
v 5.6578500 1.7335500 4.6137385
f 965 968 967 966
f 969 970 971 972
f 965 966 970 969
f 966 967 971 970
f 967 968 972 971
f 968 965 969 972
o T1_end_brace
usemtl truss
v -0.0288688 1.8034000 2.5532157
v -0.0288688 1.7399000 2.5532157
v 0.0288688 1.7399000 2.5267843
v 0.0288688 1.8034000 2.5267843
v 0.9204562 1.8034000 4.6269542
v 0.9204562 1.7399000 4.6269542
v 0.9781938 1.7399000 4.6005228
v 0.9781938 1.8034000 4.6005228
f 973 976 975 974
f 977 978 979 980
f 973 974 978 977
f 974 975 979 978
f 975 976 980 979
f 976 973 977 980
o T1_end_brace
usemtl truss
v 4.7754938 1.8034000 4.6269542
v 4.7754938 1.7399000 4.6269542
v 4.7177562 1.7399000 4.6005228
v 4.7177562 1.8034000 4.6005228
v 5.7248188 1.8034000 2.5532157
v 5.7248188 1.7399000 2.5532157
v 5.6670812 1.7399000 2.5267843
v 5.6670812 1.8034000 2.5267843
f 981 984 983 982
f 985 986 987 988
f 981 982 986 985
f 982 983 987 986
f 983 984 988 987
f 984 981 985 988
o T1_joint_plate
usemtl truss
v 0.8731250 1.7272000 4.4867385
v 1.0255250 1.7272000 4.4867385
v 1.0255250 1.7399000 4.4867385
v 0.8731250 1.7399000 4.4867385
v 0.8731250 1.7272000 4.6391385
v 1.0255250 1.7272000 4.6391385
v 1.0255250 1.7399000 4.6391385
v 0.8731250 1.7399000 4.6391385
f 989 992 991 990
f 993 994 995 996
f 989 990 994 993
f 990 991 995 994
f 991 992 996 995
f 992 989 993 996
o T1_joint_plate
usemtl truss
v 1.8224500 1.7272000 4.4867385
v 1.9748500 1.7272000 4.4867385
v 1.9748500 1.7399000 4.4867385
v 1.8224500 1.7399000 4.4867385
v 1.8224500 1.7272000 4.6391385
v 1.9748500 1.7272000 4.6391385
v 1.9748500 1.7399000 4.6391385
v 1.8224500 1.7399000 4.6391385
f 997 1000 999 998
f 1001 1002 1003 1004
f 997 998 1002 1001
f 998 999 1003 1002
f 999 1000 1004 1003
f 1000 997 1001 1004
o T1_joint_plate
usemtl truss
v 2.7717750 1.7272000 4.4867385
v 2.9241750 1.7272000 4.4867385
v 2.9241750 1.7399000 4.4867385
v 2.7717750 1.7399000 4.4867385
v 2.7717750 1.7272000 4.6391385
v 2.9241750 1.7272000 4.6391385
v 2.9241750 1.7399000 4.6391385
v 2.7717750 1.7399000 4.6391385
f 1005 1008 1007 1006
f 1009 1010 1011 1012
f 1005 1006 1010 1009
f 1006 1007 1011 1010
f 1007 1008 1012 1011
f 1008 1005 1009 1012
o T1_joint_plate
usemtl truss
v 3.7211000 1.7272000 4.4867385
v 3.8735000 1.7272000 4.4867385
v 3.8735000 1.7399000 4.4867385
v 3.7211000 1.7399000 4.4867385
v 3.7211000 1.7272000 4.6391385
v 3.8735000 1.7272000 4.6391385
v 3.8735000 1.7399000 4.6391385
v 3.7211000 1.7399000 4.6391385
f 1013 1016 1015 1014
f 1017 1018 1019 1020
f 1013 1014 1018 1017
f 1014 1015 1019 1018
f 1015 1016 1020 1019
f 1016 1013 1017 1020
o T1_joint_plate
usemtl truss
v 4.6704250 1.7272000 4.4867385
v 4.8228250 1.7272000 4.4867385
v 4.8228250 1.7399000 4.4867385
v 4.6704250 1.7399000 4.4867385
v 4.6704250 1.7272000 4.6391385
v 4.8228250 1.7272000 4.6391385
v 4.8228250 1.7399000 4.6391385
v 4.6704250 1.7399000 4.6391385
f 1021 1024 1023 1022
f 1025 1026 1027 1028
f 1021 1022 1026 1025
f 1022 1023 1027 1026
f 1023 1024 1028 1027
f 1024 1021 1025 1028
o T-W_bottom
usemtl truss
v -0.0381000 -1.6002000 2.5781000
v 0.0381000 -1.6002000 2.5781000
v 0.0381000 -1.6002000 2.5019000
v -0.0381000 -1.6002000 2.5019000
v -0.0381000 6.4262000 2.5781000
v 0.0381000 6.4262000 2.5781000
v 0.0381000 6.4262000 2.5019000
v -0.0381000 6.4262000 2.5019000
f 1029 1032 1031 1030
f 1033 1034 1035 1036
f 1029 1030 1034 1033
f 1030 1031 1035 1034
f 1031 1032 1036 1035
f 1032 1029 1033 1036
o T-W_top
usemtl truss
v -0.0381000 -1.6192500 2.6999956
v 0.0381000 -1.6192500 2.6999956
v 0.0381000 -1.5811500 2.6340044
v -0.0381000 -1.5811500 2.6340044
v -0.0381000 -0.5588000 3.3122467
v 0.0381000 -0.5588000 3.3122467
v 0.0381000 -0.5207000 3.2462555
v -0.0381000 -0.5207000 3.2462555
f 1037 1040 1039 1038
f 1041 1042 1043 1044
f 1037 1038 1042 1041
f 1038 1039 1043 1042
f 1039 1040 1044 1043
f 1040 1037 1041 1044
o T-W_web
usemtl truss
v -0.0317500 -1.6170324 2.6050209
v 0.0317500 -1.6170324 2.6050209
v 0.0317500 -1.5833676 2.5511791
v -0.0317500 -1.5833676 2.5511791
v -0.0317500 -0.5565824 3.2680720
v 0.0317500 -0.5565824 3.2680720
v 0.0317500 -0.5229176 3.2142302
v -0.0317500 -0.5229176 3.2142302
f 1045 1048 1047 1046
f 1049 1050 1051 1052
f 1045 1046 1050 1049
f 1046 1047 1051 1050
f 1047 1048 1052 1051
f 1048 1045 1049 1052
o T-W_top
usemtl truss
v -0.0381000 -0.5588000 3.3122467
v 0.0381000 -0.5588000 3.3122467
v 0.0381000 -0.5207000 3.2462555
v -0.0381000 -0.5207000 3.2462555
v -0.0381000 -0.0190500 3.6238715
v 0.0381000 -0.0190500 3.6238715
v 0.0381000 0.0190500 3.5578803
v -0.0381000 0.0190500 3.5578803
f 1053 1056 1055 1054
f 1057 1058 1059 1060
f 1053 1054 1058 1057
f 1054 1055 1059 1058
f 1055 1056 1060 1059
f 1056 1053 1057 1060
o T-W_web
usemtl truss
v -0.0317500 -0.5675255 2.5934813
v 0.0317500 -0.5675255 2.5934813
v 0.0317500 -0.5119745 2.5627187
v -0.0317500 -0.5119745 2.5627187
v -0.0317500 -0.0277755 3.5681572
v 0.0317500 -0.0277755 3.5681572
v 0.0317500 0.0277755 3.5373946
v -0.0317500 0.0277755 3.5373946
f 1061 1064 1063 1062
f 1065 1066 1067 1068
f 1061 1062 1066 1065
f 1062 1063 1067 1066
f 1063 1064 1068 1067
f 1064 1061 1065 1068
o T-W_top
usemtl truss
v -0.0381000 -0.0190500 3.6238715
v 0.0381000 -0.0190500 3.6238715
v 0.0381000 0.0190500 3.5578803
v -0.0381000 0.0190500 3.5578803
v -0.0381000 1.7526000 4.6467341
v 0.0381000 1.7526000 4.6467341
v 0.0381000 1.7907000 4.5807429
v -0.0381000 1.7907000 4.5807429
f 1069 1072 1071 1070
f 1073 1074 1075 1076
f 1069 1070 1074 1073
f 1070 1071 1075 1074
f 1071 1072 1076 1075
f 1072 1069 1073 1076
o T-W_web
usemtl truss
v -0.0317500 -0.0237535 2.5991674
v 0.0317500 -0.0237535 2.5991674
v 0.0317500 0.0237535 2.5570326
v -0.0317500 0.0237535 2.5570326
v -0.0317500 1.7478965 4.5967059
v 0.0317500 1.7478965 4.5967059
v 0.0317500 1.7954035 4.5545711
v -0.0317500 1.7954035 4.5545711
f 1077 1080 1079 1078
f 1081 1082 1083 1084
f 1077 1078 1082 1081
f 1078 1079 1083 1082
f 1079 1080 1084 1083
f 1080 1077 1081 1084
o T-W_top
usemtl truss
v -0.0381000 1.7526000 4.6467341
v 0.0381000 1.7526000 4.6467341
v 0.0381000 1.7907000 4.5807429
v -0.0381000 1.7907000 4.5807429
v -0.0381000 3.6930364 5.7670456
v 0.0381000 3.6930364 5.7670456
v 0.0381000 3.7311364 5.7010544
v -0.0381000 3.7311364 5.7010544
f 1085 1088 1087 1086
f 1089 1090 1091 1092
f 1085 1086 1090 1089
f 1086 1087 1091 1090
f 1087 1088 1092 1091
f 1088 1085 1089 1092
o T-W_web
usemtl truss
v -0.0317500 1.7446942 2.5948763
v 0.0317500 1.7446942 2.5948763
v 0.0317500 1.7986058 2.5613237
v -0.0317500 1.7986058 2.5613237
v -0.0317500 3.6851306 5.7127263
v 0.0317500 3.6851306 5.7127263
v 0.0317500 3.7390423 5.6791737
v -0.0317500 3.7390423 5.6791737
f 1093 1096 1095 1094
f 1097 1098 1099 1100
f 1093 1094 1098 1097
f 1094 1095 1099 1098
f 1095 1096 1100 1099
f 1096 1093 1097 1100
o T-W_top
usemtl truss
v -0.0381000 3.7120864 5.7721500
v 0.0381000 3.7120864 5.7721500
v 0.0381000 3.7120864 5.6959500
v -0.0381000 3.7120864 5.6959500
v -0.0381000 4.6990000 5.7721500
v 0.0381000 4.6990000 5.7721500
v 0.0381000 4.6990000 5.6959500
v -0.0381000 4.6990000 5.6959500
f 1101 1104 1103 1102
f 1105 1106 1107 1108
f 1101 1102 1106 1105
f 1102 1103 1107 1106
f 1103 1104 1108 1107
f 1104 1101 1105 1108
o T-W_web
usemtl truss
v 0.0317500 3.6818167 2.5876815
v 0.0317500 3.7423562 2.5685185
v -0.0317500 3.7423562 2.5685185
v -0.0317500 3.6818167 2.5876815
v 0.0317500 4.6687303 5.7055315
v 0.0317500 4.7292697 5.6863685
v -0.0317500 4.7292697 5.6863685
v -0.0317500 4.6687303 5.7055315
f 1109 1112 1111 1110
f 1113 1114 1115 1116
f 1109 1110 1114 1113
f 1110 1111 1115 1114
f 1111 1112 1116 1115
f 1112 1109 1113 1116
o T-W_top
usemtl truss
v -0.0381000 4.6990000 5.7721500
v 0.0381000 4.6990000 5.7721500
v 0.0381000 4.6990000 5.6959500
v -0.0381000 4.6990000 5.6959500
v -0.0381000 4.7244000 5.7721500
v 0.0381000 4.7244000 5.7721500
v 0.0381000 4.7244000 5.6959500
v -0.0381000 4.7244000 5.6959500
f 1117 1120 1119 1118
f 1121 1122 1123 1124
f 1117 1118 1122 1121
f 1118 1119 1123 1122
f 1119 1120 1124 1123
f 1120 1117 1121 1124
o T-W_top
usemtl truss
v -0.0381000 4.7244000 5.7721500
v 0.0381000 4.7244000 5.7721500
v 0.0381000 4.7244000 5.6959500
v -0.0381000 4.7244000 5.6959500
v -0.0381000 6.2484000 5.7721500
v 0.0381000 6.2484000 5.7721500
v 0.0381000 6.2484000 5.6959500
v -0.0381000 6.2484000 5.6959500
f 1125 1128 1127 1126
f 1129 1130 1131 1132
f 1125 1126 1130 1129
f 1126 1127 1131 1130
f 1127 1128 1132 1131
f 1128 1125 1129 1132
o T-W_top
usemtl truss
v -0.0381000 6.2484000 5.7721500
v 0.0381000 6.2484000 5.7721500
v 0.0381000 6.2484000 5.6959500
v -0.0381000 6.2484000 5.6959500
v -0.0381000 6.4262000 5.7721500
v 0.0381000 6.4262000 5.7721500
v 0.0381000 6.4262000 5.6959500
v -0.0381000 6.4262000 5.6959500
f 1133 1136 1135 1134
f 1137 1138 1139 1140
f 1133 1134 1138 1137
f 1134 1135 1139 1138
f 1135 1136 1140 1139
f 1136 1133 1137 1140
o T-W_vertical
usemtl truss
v 0.0381000 -1.6383000 2.5400000
v 0.0381000 -1.5621000 2.5400000
v -0.0381000 -1.5621000 2.5400000
v -0.0381000 -1.6383000 2.5400000
v 0.0381000 -1.6383000 2.6670000
v 0.0381000 -1.5621000 2.6670000
v -0.0381000 -1.5621000 2.6670000
v -0.0381000 -1.6383000 2.6670000
f 1141 1144 1143 1142
f 1145 1146 1147 1148
f 1141 1142 1146 1145
f 1142 1143 1147 1146
f 1143 1144 1148 1147
f 1144 1141 1145 1148
o T-W_vertical
usemtl truss
v 0.0381000 -0.5778500 2.5400000
v 0.0381000 -0.5016500 2.5400000
v -0.0381000 -0.5016500 2.5400000
v -0.0381000 -0.5778500 2.5400000
v 0.0381000 -0.5778500 3.2792511
v 0.0381000 -0.5016500 3.2792511
v -0.0381000 -0.5016500 3.2792511
v -0.0381000 -0.5778500 3.2792511
f 1149 1152 1151 1150
f 1153 1154 1155 1156
f 1149 1150 1154 1153
f 1150 1151 1155 1154
f 1151 1152 1156 1155
f 1152 1149 1153 1156
o T-W_vertical
usemtl truss
v 0.0381000 -0.0381000 2.5400000
v 0.0381000 0.0381000 2.5400000
v -0.0381000 0.0381000 2.5400000
v -0.0381000 -0.0381000 2.5400000
v 0.0381000 -0.0381000 3.5908759
v 0.0381000 0.0381000 3.5908759
v -0.0381000 0.0381000 3.5908759
v -0.0381000 -0.0381000 3.5908759
f 1157 1160 1159 1158
f 1161 1162 1163 1164
f 1157 1158 1162 1161
f 1158 1159 1163 1162
f 1159 1160 1164 1163
f 1160 1157 1161 1164
o T-W_vertical
usemtl truss
v 0.0381000 1.7335500 2.5400000
v 0.0381000 1.8097500 2.5400000
v -0.0381000 1.8097500 2.5400000
v -0.0381000 1.7335500 2.5400000
v 0.0381000 1.7335500 4.6137385
v 0.0381000 1.8097500 4.6137385
v -0.0381000 1.8097500 4.6137385
v -0.0381000 1.7335500 4.6137385
f 1165 1168 1167 1166
f 1169 1170 1171 1172
f 1165 1166 1170 1169
f 1166 1167 1171 1170
f 1167 1168 1172 1171
f 1168 1165 1169 1172
o T-W_vertical
usemtl truss
v 0.0381000 3.6739864 2.5400000
v 0.0381000 3.7501864 2.5400000
v -0.0381000 3.7501864 2.5400000
v -0.0381000 3.6739864 2.5400000
v 0.0381000 3.6739864 5.7340500
v 0.0381000 3.7501864 5.7340500
v -0.0381000 3.7501864 5.7340500
v -0.0381000 3.6739864 5.7340500
f 1173 1176 1175 1174
f 1177 1178 1179 1180
f 1173 1174 1178 1177
f 1174 1175 1179 1178
f 1175 1176 1180 1179
f 1176 1173 1177 1180
o T-W_vertical
usemtl truss
v 0.0381000 4.6609000 2.5400000
v 0.0381000 4.7371000 2.5400000
v -0.0381000 4.7371000 2.5400000
v -0.0381000 4.6609000 2.5400000
v 0.0381000 4.6609000 5.7340500
v 0.0381000 4.7371000 5.7340500
v -0.0381000 4.7371000 5.7340500
v -0.0381000 4.6609000 5.7340500
f 1181 1184 1183 1182
f 1185 1186 1187 1188
f 1181 1182 1186 1185
f 1182 1183 1187 1186
f 1183 1184 1188 1187
f 1184 1181 1185 1188
o T-W_vertical
usemtl truss
v 0.0381000 4.6863000 2.5400000
v 0.0381000 4.7625000 2.5400000
v -0.0381000 4.7625000 2.5400000
v -0.0381000 4.6863000 2.5400000
v 0.0381000 4.6863000 5.7340500
v 0.0381000 4.7625000 5.7340500
v -0.0381000 4.7625000 5.7340500
v -0.0381000 4.6863000 5.7340500
f 1189 1192 1191 1190
f 1193 1194 1195 1196
f 1189 1190 1194 1193
f 1190 1191 1195 1194
f 1191 1192 1196 1195
f 1192 1189 1193 1196
o T-W_vertical
usemtl truss
v 0.0381000 6.2103000 2.5400000
v 0.0381000 6.2865000 2.5400000
v -0.0381000 6.2865000 2.5400000
v -0.0381000 6.2103000 2.5400000
v 0.0381000 6.2103000 5.7340500
v 0.0381000 6.2865000 5.7340500
v -0.0381000 6.2865000 5.7340500
v -0.0381000 6.2103000 5.7340500
f 1197 1200 1199 1198
f 1201 1202 1203 1204
f 1197 1198 1202 1201
f 1198 1199 1203 1202
f 1199 1200 1204 1203
f 1200 1197 1201 1204
o T-W_vertical
usemtl truss
v 0.0381000 6.3881000 2.5400000
v 0.0381000 6.4643000 2.5400000
v -0.0381000 6.4643000 2.5400000
v -0.0381000 6.3881000 2.5400000
v 0.0381000 6.3881000 5.7340500
v 0.0381000 6.4643000 5.7340500
v -0.0381000 6.4643000 5.7340500
v -0.0381000 6.3881000 5.7340500
f 1205 1208 1207 1206
f 1209 1210 1211 1212
f 1205 1206 1210 1209
f 1206 1207 1211 1210
f 1207 1208 1212 1211
f 1208 1205 1209 1212
o French_door_header
usemtl truss
v -0.0381000 4.7244000 4.8704500
v 0.0381000 4.7244000 4.8704500
v 0.0381000 4.7244000 4.7942500
v -0.0381000 4.7244000 4.7942500
v -0.0381000 6.2484000 4.8704500
v 0.0381000 6.2484000 4.8704500
v 0.0381000 6.2484000 4.7942500
v -0.0381000 6.2484000 4.7942500
f 1213 1216 1215 1214
f 1217 1218 1219 1220
f 1213 1214 1218 1217
f 1214 1215 1219 1218
f 1215 1216 1220 1219
f 1216 1213 1217 1220
o T-E_bottom
usemtl truss
v 5.6578500 -1.6002000 2.5781000
v 5.7340500 -1.6002000 2.5781000
v 5.7340500 -1.6002000 2.5019000
v 5.6578500 -1.6002000 2.5019000
v 5.6578500 6.4262000 2.5781000
v 5.7340500 6.4262000 2.5781000
v 5.7340500 6.4262000 2.5019000
v 5.6578500 6.4262000 2.5019000
f 1221 1224 1223 1222
f 1225 1226 1227 1228
f 1221 1222 1226 1225
f 1222 1223 1227 1226
f 1223 1224 1228 1227
f 1224 1221 1225 1228
o T-E_top
usemtl truss
v 5.6578500 -1.6192500 2.6999956
v 5.7340500 -1.6192500 2.6999956
v 5.7340500 -1.5811500 2.6340044
v 5.6578500 -1.5811500 2.6340044
v 5.6578500 -0.5588000 3.3122467
v 5.7340500 -0.5588000 3.3122467
v 5.7340500 -0.5207000 3.2462555
v 5.6578500 -0.5207000 3.2462555
f 1229 1232 1231 1230
f 1233 1234 1235 1236
f 1229 1230 1234 1233
f 1230 1231 1235 1234
f 1231 1232 1236 1235
f 1232 1229 1233 1236
o T-E_web
usemtl truss
v 5.6642000 -1.6170324 2.6050209
v 5.7277000 -1.6170324 2.6050209
v 5.7277000 -1.5833676 2.5511791
v 5.6642000 -1.5833676 2.5511791
v 5.6642000 -0.5565824 3.2680720
v 5.7277000 -0.5565824 3.2680720
v 5.7277000 -0.5229176 3.2142302
v 5.6642000 -0.5229176 3.2142302
f 1237 1240 1239 1238
f 1241 1242 1243 1244
f 1237 1238 1242 1241
f 1238 1239 1243 1242
f 1239 1240 1244 1243
f 1240 1237 1241 1244
o T-E_top
usemtl truss
v 5.6578500 -0.5588000 3.3122467
v 5.7340500 -0.5588000 3.3122467
v 5.7340500 -0.5207000 3.2462555
v 5.6578500 -0.5207000 3.2462555
v 5.6578500 -0.0190500 3.6238715
v 5.7340500 -0.0190500 3.6238715
v 5.7340500 0.0190500 3.5578803
v 5.6578500 0.0190500 3.5578803
f 1245 1248 1247 1246
f 1249 1250 1251 1252
f 1245 1246 1250 1249
f 1246 1247 1251 1250
f 1247 1248 1252 1251
f 1248 1245 1249 1252
o T-E_web
usemtl truss
v 5.6642000 -0.5675255 2.5934813
v 5.7277000 -0.5675255 2.5934813
v 5.7277000 -0.5119745 2.5627187
v 5.6642000 -0.5119745 2.5627187
v 5.6642000 -0.0277755 3.5681572
v 5.7277000 -0.0277755 3.5681572
v 5.7277000 0.0277755 3.5373946
v 5.6642000 0.0277755 3.5373946
f 1253 1256 1255 1254
f 1257 1258 1259 1260
f 1253 1254 1258 1257
f 1254 1255 1259 1258
f 1255 1256 1260 1259
f 1256 1253 1257 1260
o T-E_top
usemtl truss
v 5.6578500 -0.0190500 3.6238715
v 5.7340500 -0.0190500 3.6238715
v 5.7340500 0.0190500 3.5578803
v 5.6578500 0.0190500 3.5578803
v 5.6578500 1.7526000 4.6467341
v 5.7340500 1.7526000 4.6467341
v 5.7340500 1.7907000 4.5807429
v 5.6578500 1.7907000 4.5807429
f 1261 1264 1263 1262
f 1265 1266 1267 1268
f 1261 1262 1266 1265
f 1262 1263 1267 1266
f 1263 1264 1268 1267
f 1264 1261 1265 1268
o T-E_web
usemtl truss
v 5.6642000 -0.0237535 2.5991674
v 5.7277000 -0.0237535 2.5991674
v 5.7277000 0.0237535 2.5570326
v 5.6642000 0.0237535 2.5570326
v 5.6642000 1.7478965 4.5967059
v 5.7277000 1.7478965 4.5967059
v 5.7277000 1.7954035 4.5545711
v 5.6642000 1.7954035 4.5545711
f 1269 1272 1271 1270
f 1273 1274 1275 1276
f 1269 1270 1274 1273
f 1270 1271 1275 1274
f 1271 1272 1276 1275
f 1272 1269 1273 1276
o T-E_top
usemtl truss
v 5.6578500 1.7526000 4.6467341
v 5.7340500 1.7526000 4.6467341
v 5.7340500 1.7907000 4.5807429
v 5.6578500 1.7907000 4.5807429
v 5.6578500 3.1813500 5.4716233
v 5.7340500 3.1813500 5.4716233
v 5.7340500 3.2194500 5.4056321
v 5.6578500 3.2194500 5.4056321
f 1277 1280 1279 1278
f 1281 1282 1283 1284
f 1277 1278 1282 1281
f 1278 1279 1283 1282
f 1279 1280 1284 1283
f 1280 1277 1281 1284
o T-E_web
usemtl truss
v 5.6642000 1.7433227 2.5924397
v 5.7277000 1.7433227 2.5924397
v 5.7277000 1.7999773 2.5637603
v 5.6642000 1.7999773 2.5637603
v 5.6642000 3.1720727 5.4148674
v 5.7277000 3.1720727 5.4148674
v 5.7277000 3.2287273 5.3861880
v 5.6642000 3.2287273 5.3861880
f 1285 1288 1287 1286
f 1289 1290 1291 1292
f 1285 1286 1290 1289
f 1286 1287 1291 1290
f 1287 1288 1292 1291
f 1288 1285 1289 1292
o T-E_top
usemtl truss
v 5.6578500 3.1813500 5.4716233
v 5.7340500 3.1813500 5.4716233
v 5.7340500 3.2194500 5.4056321
v 5.6578500 3.2194500 5.4056321
v 5.6578500 3.6930364 5.7670456
v 5.7340500 3.6930364 5.7670456
v 5.7340500 3.7311364 5.7010544
v 5.6578500 3.7311364 5.7010544
f 1293 1296 1295 1294
f 1297 1298 1299 1300
f 1293 1294 1298 1297
f 1294 1295 1299 1298
f 1295 1296 1300 1299
f 1296 1293 1297 1300
o T-E_web
usemtl truss
v 5.7277000 3.1690691 2.5832419
v 5.7277000 3.2317309 2.5729581
v 5.6642000 3.2317309 2.5729581
v 5.6642000 3.1690691 2.5832419
v 5.7277000 3.6807556 5.7010919
v 5.7277000 3.7434173 5.6908081
v 5.6642000 3.7434173 5.6908081
v 5.6642000 3.6807556 5.7010919
f 1301 1304 1303 1302
f 1305 1306 1307 1308
f 1301 1302 1306 1305
f 1302 1303 1307 1306
f 1303 1304 1308 1307
f 1304 1301 1305 1308
o T-E_top
usemtl truss
v 5.6578500 3.7120864 5.7721500
v 5.7340500 3.7120864 5.7721500
v 5.7340500 3.7120864 5.6959500
v 5.6578500 3.7120864 5.6959500
v 5.6578500 4.6990000 5.7721500
v 5.7340500 4.6990000 5.7721500
v 5.7340500 4.6990000 5.6959500
v 5.6578500 4.6990000 5.6959500
f 1309 1312 1311 1310
f 1313 1314 1315 1316
f 1309 1310 1314 1313
f 1310 1311 1315 1314
f 1311 1312 1316 1315
f 1312 1309 1313 1316
o T-E_web
usemtl truss
v 5.7277000 3.6818167 2.5876815
v 5.7277000 3.7423562 2.5685185
v 5.6642000 3.7423562 2.5685185
v 5.6642000 3.6818167 2.5876815
v 5.7277000 4.6687303 5.7055315
v 5.7277000 4.7292697 5.6863685
v 5.6642000 4.7292697 5.6863685
v 5.6642000 4.6687303 5.7055315
f 1317 1320 1319 1318
f 1321 1322 1323 1324
f 1317 1318 1322 1321
f 1318 1319 1323 1322
f 1319 1320 1324 1323
f 1320 1317 1321 1324
o T-E_top
usemtl truss
v 5.6578500 4.6990000 5.7721500
v 5.7340500 4.6990000 5.7721500
v 5.7340500 4.6990000 5.6959500
v 5.6578500 4.6990000 5.6959500
v 5.6578500 6.4262000 5.7721500
v 5.7340500 6.4262000 5.7721500
v 5.7340500 6.4262000 5.6959500
v 5.6578500 6.4262000 5.6959500
f 1325 1328 1327 1326
f 1329 1330 1331 1332
f 1325 1326 1330 1329
f 1326 1327 1331 1330
f 1327 1328 1332 1331
f 1328 1325 1329 1332
o T-E_web
usemtl truss
v 5.6642000 4.6712268 2.5934855
v 5.7277000 4.6712268 2.5934855
v 5.7277000 4.7267732 2.5627145
v 5.6642000 4.7267732 2.5627145
v 5.6642000 6.3984268 5.7113355
v 5.7277000 6.3984268 5.7113355
v 5.7277000 6.4539732 5.6805645
v 5.6642000 6.4539732 5.6805645
f 1333 1336 1335 1334
f 1337 1338 1339 1340
f 1333 1334 1338 1337
f 1334 1335 1339 1338
f 1335 1336 1340 1339
f 1336 1333 1337 1340
o T-E_vertical
usemtl truss
v 5.7340500 -1.6383000 2.5400000
v 5.7340500 -1.5621000 2.5400000
v 5.6578500 -1.5621000 2.5400000
v 5.6578500 -1.6383000 2.5400000
v 5.7340500 -1.6383000 2.6670000
v 5.7340500 -1.5621000 2.6670000
v 5.6578500 -1.5621000 2.6670000
v 5.6578500 -1.6383000 2.6670000
f 1341 1344 1343 1342
f 1345 1346 1347 1348
f 1341 1342 1346 1345
f 1342 1343 1347 1346
f 1343 1344 1348 1347
f 1344 1341 1345 1348
o T-E_vertical
usemtl truss
v 5.7340500 -0.5778500 2.5400000
v 5.7340500 -0.5016500 2.5400000
v 5.6578500 -0.5016500 2.5400000
v 5.6578500 -0.5778500 2.5400000
v 5.7340500 -0.5778500 3.2792511
v 5.7340500 -0.5016500 3.2792511
v 5.6578500 -0.5016500 3.2792511
v 5.6578500 -0.5778500 3.2792511
f 1349 1352 1351 1350
f 1353 1354 1355 1356
f 1349 1350 1354 1353
f 1350 1351 1355 1354
f 1351 1352 1356 1355
f 1352 1349 1353 1356
o T-E_vertical
usemtl truss
v 5.7340500 -0.0381000 2.5400000
v 5.7340500 0.0381000 2.5400000
v 5.6578500 0.0381000 2.5400000
v 5.6578500 -0.0381000 2.5400000
v 5.7340500 -0.0381000 3.5908759
v 5.7340500 0.0381000 3.5908759
v 5.6578500 0.0381000 3.5908759
v 5.6578500 -0.0381000 3.5908759
f 1357 1360 1359 1358
f 1361 1362 1363 1364
f 1357 1358 1362 1361
f 1358 1359 1363 1362
f 1359 1360 1364 1363
f 1360 1357 1361 1364
o T-E_vertical
usemtl truss
v 5.7340500 1.7335500 2.5400000
v 5.7340500 1.8097500 2.5400000
v 5.6578500 1.8097500 2.5400000
v 5.6578500 1.7335500 2.5400000
v 5.7340500 1.7335500 4.6137385
v 5.7340500 1.8097500 4.6137385
v 5.6578500 1.8097500 4.6137385
v 5.6578500 1.7335500 4.6137385
f 1365 1368 1367 1366
f 1369 1370 1371 1372
f 1365 1366 1370 1369
f 1366 1367 1371 1370
f 1367 1368 1372 1371
f 1368 1365 1369 1372
o T-E_vertical
usemtl truss
v 5.7340500 3.1623000 2.5400000
v 5.7340500 3.2385000 2.5400000
v 5.6578500 3.2385000 2.5400000
v 5.6578500 3.1623000 2.5400000
v 5.7340500 3.1623000 5.4386277
v 5.7340500 3.2385000 5.4386277
v 5.6578500 3.2385000 5.4386277
v 5.6578500 3.1623000 5.4386277
f 1373 1376 1375 1374
f 1377 1378 1379 1380
f 1373 1374 1378 1377
f 1374 1375 1379 1378
f 1375 1376 1380 1379
f 1376 1373 1377 1380
o T-E_vertical
usemtl truss
v 5.7340500 3.6739864 2.5400000
v 5.7340500 3.7501864 2.5400000
v 5.6578500 3.7501864 2.5400000
v 5.6578500 3.6739864 2.5400000
v 5.7340500 3.6739864 5.7340500
v 5.7340500 3.7501864 5.7340500
v 5.6578500 3.7501864 5.7340500
v 5.6578500 3.6739864 5.7340500
f 1381 1384 1383 1382
f 1385 1386 1387 1388
f 1381 1382 1386 1385
f 1382 1383 1387 1386
f 1383 1384 1388 1387
f 1384 1381 1385 1388
o T-E_vertical
usemtl truss
v 5.7340500 4.6609000 2.5400000
v 5.7340500 4.7371000 2.5400000
v 5.6578500 4.7371000 2.5400000
v 5.6578500 4.6609000 2.5400000
v 5.7340500 4.6609000 5.7340500
v 5.7340500 4.7371000 5.7340500
v 5.6578500 4.7371000 5.7340500
v 5.6578500 4.6609000 5.7340500
f 1389 1392 1391 1390
f 1393 1394 1395 1396
f 1389 1390 1394 1393
f 1390 1391 1395 1394
f 1391 1392 1396 1395
f 1392 1389 1393 1396
o T-E_vertical
usemtl truss
v 5.7340500 6.3881000 2.5400000
v 5.7340500 6.4643000 2.5400000
v 5.6578500 6.4643000 2.5400000
v 5.6578500 6.3881000 2.5400000
v 5.7340500 6.3881000 5.7340500
v 5.7340500 6.4643000 5.7340500
v 5.6578500 6.4643000 5.7340500
v 5.6578500 6.3881000 5.7340500
f 1397 1400 1399 1398
f 1401 1402 1403 1404
f 1397 1398 1402 1401
f 1398 1399 1403 1402
f 1399 1400 1404 1403
f 1400 1397 1401 1404
o T-N_bottom
usemtl truss
v -0.8128000 6.4643000 2.5781000
v -0.8128000 6.3881000 2.5781000
v -0.8128000 6.3881000 2.5019000
v -0.8128000 6.4643000 2.5019000
v 6.3373000 6.4643000 2.5781000
v 6.3373000 6.3881000 2.5781000
v 6.3373000 6.3881000 2.5019000
v 6.3373000 6.4643000 2.5019000
f 1405 1408 1407 1406
f 1409 1410 1411 1412
f 1405 1406 1410 1409
f 1406 1407 1411 1410
f 1407 1408 1412 1411
f 1408 1405 1409 1412
o T-N_upright
usemtl truss
v -0.7747000 6.3881000 2.5400000
v -0.7747000 6.4643000 2.5400000
v -0.8509000 6.4643000 2.5400000
v -0.8509000 6.3881000 2.5400000
v -0.7747000 6.3881000 5.7340500
v -0.7747000 6.4643000 5.7340500
v -0.8509000 6.4643000 5.7340500
v -0.8509000 6.3881000 5.7340500
f 1413 1416 1415 1414
f 1417 1418 1419 1420
f 1413 1414 1418 1417
f 1414 1415 1419 1418
f 1415 1416 1420 1419
f 1416 1413 1417 1420
o T-N_upright
usemtl truss
v 1.3906500 6.3881000 2.5400000
v 1.3906500 6.4643000 2.5400000
v 1.3144500 6.4643000 2.5400000
v 1.3144500 6.3881000 2.5400000
v 1.3906500 6.3881000 5.7340500
v 1.3906500 6.4643000 5.7340500
v 1.3144500 6.4643000 5.7340500
v 1.3144500 6.3881000 5.7340500
f 1421 1424 1423 1422
f 1425 1426 1427 1428
f 1421 1422 1426 1425
f 1422 1423 1427 1426
f 1423 1424 1428 1427
f 1424 1421 1425 1428
o T-N_upright
usemtl truss
v 2.1082000 6.3881000 2.5400000
v 2.1082000 6.4643000 2.5400000
v 2.0320000 6.4643000 2.5400000
v 2.0320000 6.3881000 2.5400000
v 2.1082000 6.3881000 5.7340500
v 2.1082000 6.4643000 5.7340500
v 2.0320000 6.4643000 5.7340500
v 2.0320000 6.3881000 5.7340500
f 1429 1432 1431 1430
f 1433 1434 1435 1436
f 1429 1430 1434 1433
f 1430 1431 1435 1434
f 1431 1432 1436 1435
f 1432 1429 1433 1436
o T-N_upright
usemtl truss
v 2.9210000 6.3881000 2.5400000
v 2.9210000 6.4643000 2.5400000
v 2.8448000 6.4643000 2.5400000
v 2.8448000 6.3881000 2.5400000
v 2.9210000 6.3881000 5.7340500
v 2.9210000 6.4643000 5.7340500
v 2.8448000 6.4643000 5.7340500
v 2.8448000 6.3881000 5.7340500
f 1437 1440 1439 1438
f 1441 1442 1443 1444
f 1437 1438 1442 1441
f 1438 1439 1443 1442
f 1439 1440 1444 1443
f 1440 1437 1441 1444
o T-N_upright
usemtl truss
v 5.7340500 6.3881000 2.5400000
v 5.7340500 6.4643000 2.5400000
v 5.6578500 6.4643000 2.5400000
v 5.6578500 6.3881000 2.5400000
v 5.7340500 6.3881000 5.7340500
v 5.7340500 6.4643000 5.7340500
v 5.6578500 6.4643000 5.7340500
v 5.6578500 6.3881000 5.7340500
f 1445 1448 1447 1446
f 1449 1450 1451 1452
f 1445 1446 1450 1449
f 1446 1447 1451 1450
f 1447 1448 1452 1451
f 1448 1445 1449 1452
o T-N_upright
usemtl truss
v 6.3754000 6.3881000 2.5400000
v 6.3754000 6.4643000 2.5400000
v 6.2992000 6.4643000 2.5400000
v 6.2992000 6.3881000 2.5400000
v 6.3754000 6.3881000 5.7340500
v 6.3754000 6.4643000 5.7340500
v 6.2992000 6.4643000 5.7340500
v 6.2992000 6.3881000 5.7340500
f 1453 1456 1455 1454
f 1457 1458 1459 1460
f 1453 1454 1458 1457
f 1454 1455 1459 1458
f 1455 1456 1460 1459
f 1456 1453 1457 1460
o T-N_header_lower
usemtl truss
v -0.8128000 6.4643000 5.2006500
v -0.8128000 6.3881000 5.2006500
v -0.8128000 6.3881000 5.1244500
v -0.8128000 6.4643000 5.1244500
v 6.3373000 6.4643000 5.2006500
v 6.3373000 6.3881000 5.2006500
v 6.3373000 6.3881000 5.1244500
v 6.3373000 6.4643000 5.1244500
f 1461 1464 1463 1462
f 1465 1466 1467 1468
f 1461 1462 1466 1465
f 1462 1463 1467 1466
f 1463 1464 1468 1467
f 1464 1461 1465 1468
o T-N_top
usemtl truss
v -0.8128000 6.4643000 5.7721500
v -0.8128000 6.3881000 5.7721500
v -0.8128000 6.3881000 5.6959500
v -0.8128000 6.4643000 5.6959500
v 6.3373000 6.4643000 5.7721500
v 6.3373000 6.3881000 5.7721500
v 6.3373000 6.3881000 5.6959500
v 6.3373000 6.4643000 5.6959500
f 1469 1472 1471 1470
f 1473 1474 1475 1476
f 1469 1470 1474 1473
f 1470 1471 1475 1474
f 1471 1472 1476 1475
f 1472 1469 1473 1476
o T-N_header_vertical
usemtl truss
v -0.7810500 6.3944500 5.1625500
v -0.7810500 6.4579500 5.1625500
v -0.8445500 6.4579500 5.1625500
v -0.8445500 6.3944500 5.1625500
v -0.7810500 6.3944500 5.7340500
v -0.7810500 6.4579500 5.7340500
v -0.8445500 6.4579500 5.7340500
v -0.8445500 6.3944500 5.7340500
f 1477 1480 1479 1478
f 1481 1482 1483 1484
f 1477 1478 1482 1481
f 1478 1479 1483 1482
f 1479 1480 1484 1483
f 1480 1477 1481 1484
o T-N_header_brace
usemtl truss
v -0.8299042 6.4579500 5.1892990
v -0.8299042 6.3944500 5.1892990
v -0.7956958 6.3944500 5.1358010
v -0.7956958 6.4579500 5.1358010
v 0.0638583 6.4579500 5.7607990
v 0.0638583 6.3944500 5.7607990
v 0.0980667 6.3944500 5.7073010
v 0.0980667 6.4579500 5.7073010
f 1485 1488 1487 1486
f 1489 1490 1491 1492
f 1485 1486 1490 1489
f 1486 1487 1491 1490
f 1487 1488 1492 1491
f 1488 1485 1489 1492
o T-N_header_vertical
usemtl truss
v 0.1127125 6.3944500 5.1625500
v 0.1127125 6.4579500 5.1625500
v 0.0492125 6.4579500 5.1625500
v 0.0492125 6.3944500 5.1625500
v 0.1127125 6.3944500 5.7340500
v 0.1127125 6.4579500 5.7340500
v 0.0492125 6.4579500 5.7340500
v 0.0492125 6.3944500 5.7340500
f 1493 1496 1495 1494
f 1497 1498 1499 1500
f 1493 1494 1498 1497
f 1494 1495 1499 1498
f 1495 1496 1500 1499
f 1496 1493 1497 1500
o T-N_header_brace
usemtl truss
v 0.0980667 6.4579500 5.7607990
v 0.0980667 6.3944500 5.7607990
v 0.0638583 6.3944500 5.7073010
v 0.0638583 6.4579500 5.7073010
v 0.9918292 6.4579500 5.1892990
v 0.9918292 6.3944500 5.1892990
v 0.9576208 6.3944500 5.1358010
v 0.9576208 6.4579500 5.1358010
f 1501 1504 1503 1502
f 1505 1506 1507 1508
f 1501 1502 1506 1505
f 1502 1503 1507 1506
f 1503 1504 1508 1507
f 1504 1501 1505 1508
o T-N_header_vertical
usemtl truss
v 1.0064750 6.3944500 5.1625500
v 1.0064750 6.4579500 5.1625500
v 0.9429750 6.4579500 5.1625500
v 0.9429750 6.3944500 5.1625500
v 1.0064750 6.3944500 5.7340500
v 1.0064750 6.4579500 5.7340500
v 0.9429750 6.4579500 5.7340500
v 0.9429750 6.3944500 5.7340500
f 1509 1512 1511 1510
f 1513 1514 1515 1516
f 1509 1510 1514 1513
f 1510 1511 1515 1514
f 1511 1512 1516 1515
f 1512 1509 1513 1516
o T-N_header_brace
usemtl truss
v 0.9576208 6.4579500 5.1892990
v 0.9576208 6.3944500 5.1892990
v 0.9918292 6.3944500 5.1358010
v 0.9918292 6.4579500 5.1358010
v 1.8513833 6.4579500 5.7607990
v 1.8513833 6.3944500 5.7607990
v 1.8855917 6.3944500 5.7073010
v 1.8855917 6.4579500 5.7073010
f 1517 1520 1519 1518
f 1521 1522 1523 1524
f 1517 1518 1522 1521
f 1518 1519 1523 1522
f 1519 1520 1524 1523
f 1520 1517 1521 1524
o T-N_header_vertical
usemtl truss
v 1.9002375 6.3944500 5.1625500
v 1.9002375 6.4579500 5.1625500
v 1.8367375 6.4579500 5.1625500
v 1.8367375 6.3944500 5.1625500
v 1.9002375 6.3944500 5.7340500
v 1.9002375 6.4579500 5.7340500
v 1.8367375 6.4579500 5.7340500
v 1.8367375 6.3944500 5.7340500
f 1525 1528 1527 1526
f 1529 1530 1531 1532
f 1525 1526 1530 1529
f 1526 1527 1531 1530
f 1527 1528 1532 1531
f 1528 1525 1529 1532
o T-N_header_brace
usemtl truss
v 1.8855917 6.4579500 5.7607990
v 1.8855917 6.3944500 5.7607990
v 1.8513833 6.3944500 5.7073010
v 1.8513833 6.4579500 5.7073010
v 2.7793542 6.4579500 5.1892990
v 2.7793542 6.3944500 5.1892990
v 2.7451458 6.3944500 5.1358010
v 2.7451458 6.4579500 5.1358010
f 1533 1536 1535 1534
f 1537 1538 1539 1540
f 1533 1534 1538 1537
f 1534 1535 1539 1538
f 1535 1536 1540 1539
f 1536 1533 1537 1540
o T-N_header_vertical
usemtl truss
v 2.7940000 6.3944500 5.1625500
v 2.7940000 6.4579500 5.1625500
v 2.7305000 6.4579500 5.1625500
v 2.7305000 6.3944500 5.1625500
v 2.7940000 6.3944500 5.7340500
v 2.7940000 6.4579500 5.7340500
v 2.7305000 6.4579500 5.7340500
v 2.7305000 6.3944500 5.7340500
f 1541 1544 1543 1542
f 1545 1546 1547 1548
f 1541 1542 1546 1545
f 1542 1543 1547 1546
f 1543 1544 1548 1547
f 1544 1541 1545 1548
o T-N_header_brace
usemtl truss
v 2.7451458 6.4579500 5.1892990
v 2.7451458 6.3944500 5.1892990
v 2.7793542 6.3944500 5.1358010
v 2.7793542 6.4579500 5.1358010
v 3.6389083 6.4579500 5.7607990
v 3.6389083 6.3944500 5.7607990
v 3.6731167 6.3944500 5.7073010
v 3.6731167 6.4579500 5.7073010
f 1549 1552 1551 1550
f 1553 1554 1555 1556
f 1549 1550 1554 1553
f 1550 1551 1555 1554
f 1551 1552 1556 1555
f 1552 1549 1553 1556
o T-N_header_vertical
usemtl truss
v 3.6877625 6.3944500 5.1625500
v 3.6877625 6.4579500 5.1625500
v 3.6242625 6.4579500 5.1625500
v 3.6242625 6.3944500 5.1625500
v 3.6877625 6.3944500 5.7340500
v 3.6877625 6.4579500 5.7340500
v 3.6242625 6.4579500 5.7340500
v 3.6242625 6.3944500 5.7340500
f 1557 1560 1559 1558
f 1561 1562 1563 1564
f 1557 1558 1562 1561
f 1558 1559 1563 1562
f 1559 1560 1564 1563
f 1560 1557 1561 1564
o T-N_header_brace
usemtl truss
v 3.6731167 6.4579500 5.7607990
v 3.6731167 6.3944500 5.7607990
v 3.6389083 6.3944500 5.7073010
v 3.6389083 6.4579500 5.7073010
v 4.5668792 6.4579500 5.1892990
v 4.5668792 6.3944500 5.1892990
v 4.5326708 6.3944500 5.1358010
v 4.5326708 6.4579500 5.1358010
f 1565 1568 1567 1566
f 1569 1570 1571 1572
f 1565 1566 1570 1569
f 1566 1567 1571 1570
f 1567 1568 1572 1571
f 1568 1565 1569 1572
o T-N_header_vertical
usemtl truss
v 4.5815250 6.3944500 5.1625500
v 4.5815250 6.4579500 5.1625500
v 4.5180250 6.4579500 5.1625500
v 4.5180250 6.3944500 5.1625500
v 4.5815250 6.3944500 5.7340500
v 4.5815250 6.4579500 5.7340500
v 4.5180250 6.4579500 5.7340500
v 4.5180250 6.3944500 5.7340500
f 1573 1576 1575 1574
f 1577 1578 1579 1580
f 1573 1574 1578 1577
f 1574 1575 1579 1578
f 1575 1576 1580 1579
f 1576 1573 1577 1580
o T-N_header_brace
usemtl truss
v 4.5326708 6.4579500 5.1892990
v 4.5326708 6.3944500 5.1892990
v 4.5668792 6.3944500 5.1358010
v 4.5668792 6.4579500 5.1358010
v 5.4264333 6.4579500 5.7607990
v 5.4264333 6.3944500 5.7607990
v 5.4606417 6.3944500 5.7073010
v 5.4606417 6.4579500 5.7073010
f 1581 1584 1583 1582
f 1585 1586 1587 1588
f 1581 1582 1586 1585
f 1582 1583 1587 1586
f 1583 1584 1588 1587
f 1584 1581 1585 1588
o T-N_header_vertical
usemtl truss
v 5.4752875 6.3944500 5.1625500
v 5.4752875 6.4579500 5.1625500
v 5.4117875 6.4579500 5.1625500
v 5.4117875 6.3944500 5.1625500
v 5.4752875 6.3944500 5.7340500
v 5.4752875 6.4579500 5.7340500
v 5.4117875 6.4579500 5.7340500
v 5.4117875 6.3944500 5.7340500
f 1589 1592 1591 1590
f 1593 1594 1595 1596
f 1589 1590 1594 1593
f 1590 1591 1595 1594
f 1591 1592 1596 1595
f 1592 1589 1593 1596
o T-N_header_brace
usemtl truss
v 5.4606417 6.4579500 5.7607990
v 5.4606417 6.3944500 5.7607990
v 5.4264333 6.3944500 5.7073010
v 5.4264333 6.4579500 5.7073010
v 6.3544042 6.4579500 5.1892990
v 6.3544042 6.3944500 5.1892990
v 6.3201958 6.3944500 5.1358010
v 6.3201958 6.4579500 5.1358010
f 1597 1600 1599 1598
f 1601 1602 1603 1604
f 1597 1598 1602 1601
f 1598 1599 1603 1602
f 1599 1600 1604 1603
f 1600 1597 1601 1604
o T-N_door_head
usemtl truss
v 2.0701000 6.4643000 4.9339500
v 2.0701000 6.3881000 4.9339500
v 2.0701000 6.3881000 4.8577500
v 2.0701000 6.4643000 4.8577500
v 2.8829000 6.4643000 4.9339500
v 2.8829000 6.3881000 4.9339500
v 2.8829000 6.3881000 4.8577500
v 2.8829000 6.4643000 4.8577500
f 1605 1608 1607 1606
f 1609 1610 1611 1612
f 1605 1606 1610 1609
f 1606 1607 1611 1610
f 1607 1608 1612 1611
f 1608 1605 1609 1612
o Wood_floor_joist
usemtl wood
v 0.1905000 1.8288000 2.5146000
v 0.2286000 1.8288000 2.5146000
v 0.2286000 4.5974000 2.5146000
v 0.1905000 4.5974000 2.5146000
v 0.1905000 1.8288000 2.7051000
v 0.2286000 1.8288000 2.7051000
v 0.2286000 4.5974000 2.7051000
v 0.1905000 4.5974000 2.7051000
f 1613 1616 1615 1614
f 1617 1618 1619 1620
f 1613 1614 1618 1617
f 1614 1615 1619 1618
f 1615 1616 1620 1619
f 1616 1613 1617 1620
o Wood_floor_joist
usemtl wood
v 0.1905000 4.8006000 2.5146000
v 0.2286000 4.8006000 2.5146000
v 0.2286000 6.2230000 2.5146000
v 0.1905000 6.2230000 2.5146000
v 0.1905000 4.8006000 2.7051000
v 0.2286000 4.8006000 2.7051000
v 0.2286000 6.2230000 2.7051000
v 0.1905000 6.2230000 2.7051000
f 1621 1624 1623 1622
f 1625 1626 1627 1628
f 1621 1622 1626 1625
f 1622 1623 1627 1626
f 1623 1624 1628 1627
f 1624 1621 1625 1628
o Wood_floor_joist
usemtl wood
v 0.5969000 1.8288000 2.5146000
v 0.6350000 1.8288000 2.5146000
v 0.6350000 4.5974000 2.5146000
v 0.5969000 4.5974000 2.5146000
v 0.5969000 1.8288000 2.7051000
v 0.6350000 1.8288000 2.7051000
v 0.6350000 4.5974000 2.7051000
v 0.5969000 4.5974000 2.7051000
f 1629 1632 1631 1630
f 1633 1634 1635 1636
f 1629 1630 1634 1633
f 1630 1631 1635 1634
f 1631 1632 1636 1635
f 1632 1629 1633 1636
o Wood_floor_joist
usemtl wood
v 0.5969000 4.8006000 2.5146000
v 0.6350000 4.8006000 2.5146000
v 0.6350000 6.2230000 2.5146000
v 0.5969000 6.2230000 2.5146000
v 0.5969000 4.8006000 2.7051000
v 0.6350000 4.8006000 2.7051000
v 0.6350000 6.2230000 2.7051000
v 0.5969000 6.2230000 2.7051000
f 1637 1640 1639 1638
f 1641 1642 1643 1644
f 1637 1638 1642 1641
f 1638 1639 1643 1642
f 1639 1640 1644 1643
f 1640 1637 1641 1644
o Wood_floor_joist
usemtl wood
v 1.0033000 1.8288000 2.5146000
v 1.0414000 1.8288000 2.5146000
v 1.0414000 4.5974000 2.5146000
v 1.0033000 4.5974000 2.5146000
v 1.0033000 1.8288000 2.7051000
v 1.0414000 1.8288000 2.7051000
v 1.0414000 4.5974000 2.7051000
v 1.0033000 4.5974000 2.7051000
f 1645 1648 1647 1646
f 1649 1650 1651 1652
f 1645 1646 1650 1649
f 1646 1647 1651 1650
f 1647 1648 1652 1651
f 1648 1645 1649 1652
o Wood_floor_joist
usemtl wood
v 1.0033000 4.8006000 2.5146000
v 1.0414000 4.8006000 2.5146000
v 1.0414000 6.2230000 2.5146000
v 1.0033000 6.2230000 2.5146000
v 1.0033000 4.8006000 2.7051000
v 1.0414000 4.8006000 2.7051000
v 1.0414000 6.2230000 2.7051000
v 1.0033000 6.2230000 2.7051000
f 1653 1656 1655 1654
f 1657 1658 1659 1660
f 1653 1654 1658 1657
f 1654 1655 1659 1658
f 1655 1656 1660 1659
f 1656 1653 1657 1660
o Wood_floor_joist
usemtl wood
v 1.4097000 1.8288000 2.5146000
v 1.4478000 1.8288000 2.5146000
v 1.4478000 4.5974000 2.5146000
v 1.4097000 4.5974000 2.5146000
v 1.4097000 1.8288000 2.7051000
v 1.4478000 1.8288000 2.7051000
v 1.4478000 4.5974000 2.7051000
v 1.4097000 4.5974000 2.7051000
f 1661 1664 1663 1662
f 1665 1666 1667 1668
f 1661 1662 1666 1665
f 1662 1663 1667 1666
f 1663 1664 1668 1667
f 1664 1661 1665 1668
o Wood_floor_joist
usemtl wood
v 1.4097000 4.8006000 2.5146000
v 1.4478000 4.8006000 2.5146000
v 1.4478000 6.2230000 2.5146000
v 1.4097000 6.2230000 2.5146000
v 1.4097000 4.8006000 2.7051000
v 1.4478000 4.8006000 2.7051000
v 1.4478000 6.2230000 2.7051000
v 1.4097000 6.2230000 2.7051000
f 1669 1672 1671 1670
f 1673 1674 1675 1676
f 1669 1670 1674 1673
f 1670 1671 1675 1674
f 1671 1672 1676 1675
f 1672 1669 1673 1676
o Wood_floor_joist
usemtl wood
v 1.8161000 1.8288000 2.5146000
v 1.8542000 1.8288000 2.5146000
v 1.8542000 4.5974000 2.5146000
v 1.8161000 4.5974000 2.5146000
v 1.8161000 1.8288000 2.7051000
v 1.8542000 1.8288000 2.7051000
v 1.8542000 4.5974000 2.7051000
v 1.8161000 4.5974000 2.7051000
f 1677 1680 1679 1678
f 1681 1682 1683 1684
f 1677 1678 1682 1681
f 1678 1679 1683 1682
f 1679 1680 1684 1683
f 1680 1677 1681 1684
o Wood_floor_joist
usemtl wood
v 1.8161000 4.8006000 2.5146000
v 1.8542000 4.8006000 2.5146000
v 1.8542000 6.2230000 2.5146000
v 1.8161000 6.2230000 2.5146000
v 1.8161000 4.8006000 2.7051000
v 1.8542000 4.8006000 2.7051000
v 1.8542000 6.2230000 2.7051000
v 1.8161000 6.2230000 2.7051000
f 1685 1688 1687 1686
f 1689 1690 1691 1692
f 1685 1686 1690 1689
f 1686 1687 1691 1690
f 1687 1688 1692 1691
f 1688 1685 1689 1692
o Wood_floor_joist
usemtl wood
v 2.2225000 1.8288000 2.5146000
v 2.2606000 1.8288000 2.5146000
v 2.2606000 4.5974000 2.5146000
v 2.2225000 4.5974000 2.5146000
v 2.2225000 1.8288000 2.7051000
v 2.2606000 1.8288000 2.7051000
v 2.2606000 4.5974000 2.7051000
v 2.2225000 4.5974000 2.7051000
f 1693 1696 1695 1694
f 1697 1698 1699 1700
f 1693 1694 1698 1697
f 1694 1695 1699 1698
f 1695 1696 1700 1699
f 1696 1693 1697 1700
o Wood_floor_joist
usemtl wood
v 2.2225000 4.8006000 2.5146000
v 2.2606000 4.8006000 2.5146000
v 2.2606000 6.2230000 2.5146000
v 2.2225000 6.2230000 2.5146000
v 2.2225000 4.8006000 2.7051000
v 2.2606000 4.8006000 2.7051000
v 2.2606000 6.2230000 2.7051000
v 2.2225000 6.2230000 2.7051000
f 1701 1704 1703 1702
f 1705 1706 1707 1708
f 1701 1702 1706 1705
f 1702 1703 1707 1706
f 1703 1704 1708 1707
f 1704 1701 1705 1708
o Wood_floor_joist
usemtl wood
v 2.6289000 1.8288000 2.5146000
v 2.6670000 1.8288000 2.5146000
v 2.6670000 4.5974000 2.5146000
v 2.6289000 4.5974000 2.5146000
v 2.6289000 1.8288000 2.7051000
v 2.6670000 1.8288000 2.7051000
v 2.6670000 4.5974000 2.7051000
v 2.6289000 4.5974000 2.7051000
f 1709 1712 1711 1710
f 1713 1714 1715 1716
f 1709 1710 1714 1713
f 1710 1711 1715 1714
f 1711 1712 1716 1715
f 1712 1709 1713 1716
o Wood_floor_joist
usemtl wood
v 2.6289000 4.8006000 2.5146000
v 2.6670000 4.8006000 2.5146000
v 2.6670000 6.2230000 2.5146000
v 2.6289000 6.2230000 2.5146000
v 2.6289000 4.8006000 2.7051000
v 2.6670000 4.8006000 2.7051000
v 2.6670000 6.2230000 2.7051000
v 2.6289000 6.2230000 2.7051000
f 1717 1720 1719 1718
f 1721 1722 1723 1724
f 1717 1718 1722 1721
f 1718 1719 1723 1722
f 1719 1720 1724 1723
f 1720 1717 1721 1724
o Wood_floor_joist
usemtl wood
v 3.0353000 1.8288000 2.5146000
v 3.0734000 1.8288000 2.5146000
v 3.0734000 4.5974000 2.5146000
v 3.0353000 4.5974000 2.5146000
v 3.0353000 1.8288000 2.7051000
v 3.0734000 1.8288000 2.7051000
v 3.0734000 4.5974000 2.7051000
v 3.0353000 4.5974000 2.7051000
f 1725 1728 1727 1726
f 1729 1730 1731 1732
f 1725 1726 1730 1729
f 1726 1727 1731 1730
f 1727 1728 1732 1731
f 1728 1725 1729 1732
o Wood_floor_joist
usemtl wood
v 3.0353000 4.8006000 2.5146000
v 3.0734000 4.8006000 2.5146000
v 3.0734000 6.2230000 2.5146000
v 3.0353000 6.2230000 2.5146000
v 3.0353000 4.8006000 2.7051000
v 3.0734000 4.8006000 2.7051000
v 3.0734000 6.2230000 2.7051000
v 3.0353000 6.2230000 2.7051000
f 1733 1736 1735 1734
f 1737 1738 1739 1740
f 1733 1734 1738 1737
f 1734 1735 1739 1738
f 1735 1736 1740 1739
f 1736 1733 1737 1740
o Wood_floor_joist
usemtl wood
v 3.4417000 1.8288000 2.5146000
v 3.4798000 1.8288000 2.5146000
v 3.4798000 4.5974000 2.5146000
v 3.4417000 4.5974000 2.5146000
v 3.4417000 1.8288000 2.7051000
v 3.4798000 1.8288000 2.7051000
v 3.4798000 4.5974000 2.7051000
v 3.4417000 4.5974000 2.7051000
f 1741 1744 1743 1742
f 1745 1746 1747 1748
f 1741 1742 1746 1745
f 1742 1743 1747 1746
f 1743 1744 1748 1747
f 1744 1741 1745 1748
o Wood_floor_joist
usemtl wood
v 3.4417000 4.8006000 2.5146000
v 3.4798000 4.8006000 2.5146000
v 3.4798000 6.2230000 2.5146000
v 3.4417000 6.2230000 2.5146000
v 3.4417000 4.8006000 2.7051000
v 3.4798000 4.8006000 2.7051000
v 3.4798000 6.2230000 2.7051000
v 3.4417000 6.2230000 2.7051000
f 1749 1752 1751 1750
f 1753 1754 1755 1756
f 1749 1750 1754 1753
f 1750 1751 1755 1754
f 1751 1752 1756 1755
f 1752 1749 1753 1756
o Wood_floor_joist
usemtl wood
v 3.8481000 1.8288000 2.5146000
v 3.8862000 1.8288000 2.5146000
v 3.8862000 4.5974000 2.5146000
v 3.8481000 4.5974000 2.5146000
v 3.8481000 1.8288000 2.7051000
v 3.8862000 1.8288000 2.7051000
v 3.8862000 4.5974000 2.7051000
v 3.8481000 4.5974000 2.7051000
f 1757 1760 1759 1758
f 1761 1762 1763 1764
f 1757 1758 1762 1761
f 1758 1759 1763 1762
f 1759 1760 1764 1763
f 1760 1757 1761 1764
o Wood_floor_joist
usemtl wood
v 3.8481000 4.8006000 2.5146000
v 3.8862000 4.8006000 2.5146000
v 3.8862000 6.2230000 2.5146000
v 3.8481000 6.2230000 2.5146000
v 3.8481000 4.8006000 2.7051000
v 3.8862000 4.8006000 2.7051000
v 3.8862000 6.2230000 2.7051000
v 3.8481000 6.2230000 2.7051000
f 1765 1768 1767 1766
f 1769 1770 1771 1772
f 1765 1766 1770 1769
f 1766 1767 1771 1770
f 1767 1768 1772 1771
f 1768 1765 1769 1772
o Wood_floor_joist
usemtl wood
v 4.2545000 1.8288000 2.5146000
v 4.2926000 1.8288000 2.5146000
v 4.2926000 4.5974000 2.5146000
v 4.2545000 4.5974000 2.5146000
v 4.2545000 1.8288000 2.7051000
v 4.2926000 1.8288000 2.7051000
v 4.2926000 4.5974000 2.7051000
v 4.2545000 4.5974000 2.7051000
f 1773 1776 1775 1774
f 1777 1778 1779 1780
f 1773 1774 1778 1777
f 1774 1775 1779 1778
f 1775 1776 1780 1779
f 1776 1773 1777 1780
o Wood_floor_joist
usemtl wood
v 4.2545000 4.8006000 2.5146000
v 4.2926000 4.8006000 2.5146000
v 4.2926000 6.2230000 2.5146000
v 4.2545000 6.2230000 2.5146000
v 4.2545000 4.8006000 2.7051000
v 4.2926000 4.8006000 2.7051000
v 4.2926000 6.2230000 2.7051000
v 4.2545000 6.2230000 2.7051000
f 1781 1784 1783 1782
f 1785 1786 1787 1788
f 1781 1782 1786 1785
f 1782 1783 1787 1786
f 1783 1784 1788 1787
f 1784 1781 1785 1788
o Wood_floor_joist
usemtl wood
v 4.6609000 1.8288000 2.5146000
v 4.6990000 1.8288000 2.5146000
v 4.6990000 4.5974000 2.5146000
v 4.6609000 4.5974000 2.5146000
v 4.6609000 1.8288000 2.7051000
v 4.6990000 1.8288000 2.7051000
v 4.6990000 4.5974000 2.7051000
v 4.6609000 4.5974000 2.7051000
f 1789 1792 1791 1790
f 1793 1794 1795 1796
f 1789 1790 1794 1793
f 1790 1791 1795 1794
f 1791 1792 1796 1795
f 1792 1789 1793 1796
o Wood_floor_joist
usemtl wood
v 4.6609000 4.8006000 2.5146000
v 4.6990000 4.8006000 2.5146000
v 4.6990000 6.2230000 2.5146000
v 4.6609000 6.2230000 2.5146000
v 4.6609000 4.8006000 2.7051000
v 4.6990000 4.8006000 2.7051000
v 4.6990000 6.2230000 2.7051000
v 4.6609000 6.2230000 2.7051000
f 1797 1800 1799 1798
f 1801 1802 1803 1804
f 1797 1798 1802 1801
f 1798 1799 1803 1802
f 1799 1800 1804 1803
f 1800 1797 1801 1804
o Wood_floor_joist
usemtl wood
v 5.0673000 1.8288000 2.5146000
v 5.1054000 1.8288000 2.5146000
v 5.1054000 4.5974000 2.5146000
v 5.0673000 4.5974000 2.5146000
v 5.0673000 1.8288000 2.7051000
v 5.1054000 1.8288000 2.7051000
v 5.1054000 4.5974000 2.7051000
v 5.0673000 4.5974000 2.7051000
f 1805 1808 1807 1806
f 1809 1810 1811 1812
f 1805 1806 1810 1809
f 1806 1807 1811 1810
f 1807 1808 1812 1811
f 1808 1805 1809 1812
o Wood_floor_joist
usemtl wood
v 5.0673000 4.8006000 2.5146000
v 5.1054000 4.8006000 2.5146000
v 5.1054000 6.2230000 2.5146000
v 5.0673000 6.2230000 2.5146000
v 5.0673000 4.8006000 2.7051000
v 5.1054000 4.8006000 2.7051000
v 5.1054000 6.2230000 2.7051000
v 5.0673000 6.2230000 2.7051000
f 1813 1816 1815 1814
f 1817 1818 1819 1820
f 1813 1814 1818 1817
f 1814 1815 1819 1818
f 1815 1816 1820 1819
f 1816 1813 1817 1820
o Wood_floor_joist
usemtl wood
v 5.4737000 1.8288000 2.5146000
v 5.5118000 1.8288000 2.5146000
v 5.5118000 4.5974000 2.5146000
v 5.4737000 4.5974000 2.5146000
v 5.4737000 1.8288000 2.7051000
v 5.5118000 1.8288000 2.7051000
v 5.5118000 4.5974000 2.7051000
v 5.4737000 4.5974000 2.7051000
f 1821 1824 1823 1822
f 1825 1826 1827 1828
f 1821 1822 1826 1825
f 1822 1823 1827 1826
f 1823 1824 1828 1827
f 1824 1821 1825 1828
o Wood_floor_joist
usemtl wood
v 5.4737000 4.8006000 2.5146000
v 5.5118000 4.8006000 2.5146000
v 5.5118000 6.2230000 2.5146000
v 5.4737000 6.2230000 2.5146000
v 5.4737000 4.8006000 2.7051000
v 5.5118000 4.8006000 2.7051000
v 5.5118000 6.2230000 2.7051000
v 5.4737000 6.2230000 2.7051000
f 1829 1832 1831 1830
f 1833 1834 1835 1836
f 1829 1830 1834 1833
f 1830 1831 1835 1834
f 1831 1832 1836 1835
f 1832 1829 1833 1836
o Loft_plywood
usemtl wood
v 0.0000000 1.8288000 2.7051000
v 5.6959500 1.8288000 2.7051000
v 5.6959500 6.4770000 2.7051000
v 0.0000000 6.4770000 2.7051000
v 0.0000000 1.8288000 2.7241500
v 5.6959500 1.8288000 2.7241500
v 5.6959500 6.4770000 2.7241500
v 0.0000000 6.4770000 2.7241500
f 1837 1840 1839 1838
f 1841 1842 1843 1844
f 1837 1838 1842 1841
f 1838 1839 1843 1842
f 1839 1840 1844 1843
f 1840 1837 1841 1844
o Existing_cabinets
usemtl wood
v 5.4165500 1.4097000 0.0254000
v 6.1785500 1.4097000 0.0254000
v 6.1785500 5.1689000 0.0254000
v 5.4165500 5.1689000 0.0254000
v 5.4165500 1.4097000 2.5019000
v 6.1785500 1.4097000 2.5019000
v 6.1785500 5.1689000 2.5019000
v 5.4165500 5.1689000 2.5019000
f 1845 1848 1847 1846
f 1849 1850 1851 1852
f 1845 1846 1850 1849
f 1846 1847 1851 1850
f 1847 1848 1852 1851
f 1848 1845 1849 1852
o Cabinet_door
usemtl endwood
v 5.3975000 1.4224000 0.0762000
v 5.4127400 1.4224000 0.0762000
v 5.4127400 2.0142200 0.0762000
v 5.3975000 2.0142200 0.0762000
v 5.3975000 1.4224000 2.4511000
v 5.4127400 1.4224000 2.4511000
v 5.4127400 2.0142200 2.4511000
v 5.3975000 2.0142200 2.4511000
f 1853 1856 1855 1854
f 1857 1858 1859 1860
f 1853 1854 1858 1857
f 1854 1855 1859 1858
f 1855 1856 1860 1859
f 1856 1853 1857 1860
o Cabinet_pull
usemtl dark
v 5.3797200 1.9050000 1.1430000
v 5.3975000 1.9050000 1.1430000
v 5.3975000 1.9202400 1.1430000
v 5.3797200 1.9202400 1.1430000
v 5.3797200 1.9050000 1.2954000
v 5.3975000 1.9050000 1.2954000
v 5.3975000 1.9202400 1.2954000
v 5.3797200 1.9202400 1.2954000
f 1861 1864 1863 1862
f 1865 1866 1867 1868
f 1861 1862 1866 1865
f 1862 1863 1867 1866
f 1863 1864 1868 1867
f 1864 1861 1865 1868
o Cabinet_door
usemtl endwood
v 5.3975000 2.0447000 0.0762000
v 5.4127400 2.0447000 0.0762000
v 5.4127400 2.6365200 0.0762000
v 5.3975000 2.6365200 0.0762000
v 5.3975000 2.0447000 2.4511000
v 5.4127400 2.0447000 2.4511000
v 5.4127400 2.6365200 2.4511000
v 5.3975000 2.6365200 2.4511000
f 1869 1872 1871 1870
f 1873 1874 1875 1876
f 1869 1870 1874 1873
f 1870 1871 1875 1874
f 1871 1872 1876 1875
f 1872 1869 1873 1876
o Cabinet_pull
usemtl dark
v 5.3797200 2.5273000 1.1430000
v 5.3975000 2.5273000 1.1430000
v 5.3975000 2.5425400 1.1430000
v 5.3797200 2.5425400 1.1430000
v 5.3797200 2.5273000 1.2954000
v 5.3975000 2.5273000 1.2954000
v 5.3975000 2.5425400 1.2954000
v 5.3797200 2.5425400 1.2954000
f 1877 1880 1879 1878
f 1881 1882 1883 1884
f 1877 1878 1882 1881
f 1878 1879 1883 1882
f 1879 1880 1884 1883
f 1880 1877 1881 1884
o Cabinet_door
usemtl endwood
v 5.3975000 2.6670000 0.0762000
v 5.4127400 2.6670000 0.0762000
v 5.4127400 3.2588200 0.0762000
v 5.3975000 3.2588200 0.0762000
v 5.3975000 2.6670000 2.4511000
v 5.4127400 2.6670000 2.4511000
v 5.4127400 3.2588200 2.4511000
v 5.3975000 3.2588200 2.4511000
f 1885 1888 1887 1886
f 1889 1890 1891 1892
f 1885 1886 1890 1889
f 1886 1887 1891 1890
f 1887 1888 1892 1891
f 1888 1885 1889 1892
o Cabinet_pull
usemtl dark
v 5.3797200 3.1496000 1.1430000
v 5.3975000 3.1496000 1.1430000
v 5.3975000 3.1648400 1.1430000
v 5.3797200 3.1648400 1.1430000
v 5.3797200 3.1496000 1.2954000
v 5.3975000 3.1496000 1.2954000
v 5.3975000 3.1648400 1.2954000
v 5.3797200 3.1648400 1.2954000
f 1893 1896 1895 1894
f 1897 1898 1899 1900
f 1893 1894 1898 1897
f 1894 1895 1899 1898
f 1895 1896 1900 1899
f 1896 1893 1897 1900
o Cabinet_door
usemtl endwood
v 5.3975000 3.2893000 0.0762000
v 5.4127400 3.2893000 0.0762000
v 5.4127400 3.8811200 0.0762000
v 5.3975000 3.8811200 0.0762000
v 5.3975000 3.2893000 2.4511000
v 5.4127400 3.2893000 2.4511000
v 5.4127400 3.8811200 2.4511000
v 5.3975000 3.8811200 2.4511000
f 1901 1904 1903 1902
f 1905 1906 1907 1908
f 1901 1902 1906 1905
f 1902 1903 1907 1906
f 1903 1904 1908 1907
f 1904 1901 1905 1908
o Cabinet_pull
usemtl dark
v 5.3797200 3.7719000 1.1430000
v 5.3975000 3.7719000 1.1430000
v 5.3975000 3.7871400 1.1430000
v 5.3797200 3.7871400 1.1430000
v 5.3797200 3.7719000 1.2954000
v 5.3975000 3.7719000 1.2954000
v 5.3975000 3.7871400 1.2954000
v 5.3797200 3.7871400 1.2954000
f 1909 1912 1911 1910
f 1913 1914 1915 1916
f 1909 1910 1914 1913
f 1910 1911 1915 1914
f 1911 1912 1916 1915
f 1912 1909 1913 1916
o Cabinet_door
usemtl endwood
v 5.3975000 3.9116000 0.0762000
v 5.4127400 3.9116000 0.0762000
v 5.4127400 4.5034200 0.0762000
v 5.3975000 4.5034200 0.0762000
v 5.3975000 3.9116000 2.4511000
v 5.4127400 3.9116000 2.4511000
v 5.4127400 4.5034200 2.4511000
v 5.3975000 4.5034200 2.4511000
f 1917 1920 1919 1918
f 1921 1922 1923 1924
f 1917 1918 1922 1921
f 1918 1919 1923 1922
f 1919 1920 1924 1923
f 1920 1917 1921 1924
o Cabinet_pull
usemtl dark
v 5.3797200 4.3942000 1.1430000
v 5.3975000 4.3942000 1.1430000
v 5.3975000 4.4094400 1.1430000
v 5.3797200 4.4094400 1.1430000
v 5.3797200 4.3942000 1.2954000
v 5.3975000 4.3942000 1.2954000
v 5.3975000 4.4094400 1.2954000
v 5.3797200 4.4094400 1.2954000
f 1925 1928 1927 1926
f 1929 1930 1931 1932
f 1925 1926 1930 1929
f 1926 1927 1931 1930
f 1927 1928 1932 1931
f 1928 1925 1929 1932
o Cabinet_door
usemtl endwood
v 5.3975000 4.5339000 0.0762000
v 5.4127400 4.5339000 0.0762000
v 5.4127400 5.1257200 0.0762000
v 5.3975000 5.1257200 0.0762000
v 5.3975000 4.5339000 2.4511000
v 5.4127400 4.5339000 2.4511000
v 5.4127400 5.1257200 2.4511000
v 5.3975000 5.1257200 2.4511000
f 1933 1936 1935 1934
f 1937 1938 1939 1940
f 1933 1934 1938 1937
f 1934 1935 1939 1938
f 1935 1936 1940 1939
f 1936 1933 1937 1940
o Cabinet_pull
usemtl dark
v 5.3797200 5.0165000 1.1430000
v 5.3975000 5.0165000 1.1430000
v 5.3975000 5.0317400 1.1430000
v 5.3797200 5.0317400 1.1430000
v 5.3797200 5.0165000 1.2954000
v 5.3975000 5.0165000 1.2954000
v 5.3975000 5.0317400 1.2954000
v 5.3797200 5.0317400 1.2954000
f 1941 1944 1943 1942
f 1945 1946 1947 1948
f 1941 1942 1946 1945
f 1942 1943 1947 1946
f 1943 1944 1948 1947
f 1944 1941 1945 1948
o Solar_roof_assembly
usemtl roof
v 0.0000000 -1.6002000 2.9083000
v 6.3373000 -1.6002000 2.9083000
v 6.3373000 3.7120864 5.9753500
v 0.0000000 3.7120864 5.9753500
v 0.0000000 -1.6002000 2.7051000
v 6.3373000 -1.6002000 2.7051000
v 6.3373000 3.7120864 5.7721500
v 0.0000000 3.7120864 5.7721500
f 1949 1950 1951 1952
f 1956 1955 1954 1953
f 1949 1950 1954 1953
f 1950 1951 1955 1954
f 1951 1952 1956 1955
f 1952 1949 1953 1956
o Hip_cap_south
usemtl roof
v -0.2032000 3.5088864 5.9753500
v 6.5405000 3.5088864 5.9753500
v 4.9548432 5.0945432 6.4325500
v 1.3824568 5.0945432 6.4325500
v -0.2032000 3.5088864 5.9588400
v 6.5405000 3.5088864 5.9588400
v 4.9548432 5.0945432 6.4160400
v 1.3824568 5.0945432 6.4160400
f 1957 1958 1959 1960
f 1964 1963 1962 1961
f 1957 1958 1962 1961
f 1958 1959 1963 1962
f 1959 1960 1964 1963
f 1960 1957 1961 1964
o Hip_cap_east
usemtl roof
v 6.5405000 3.5088864 5.9753500
v 6.5405000 6.6802000 5.9753500
v 4.9548432 5.0945432 6.4325500
v 6.5405000 3.5088864 5.9588400
v 6.5405000 6.6802000 5.9588400
v 4.9548432 5.0945432 6.4160400
f 1965 1966 1967
f 1970 1969 1968
f 1965 1966 1969 1968
f 1966 1967 1970 1969
f 1967 1965 1968 1970
o Hip_cap_north
usemtl roof
v 6.5405000 6.6802000 5.9753500
v -0.2032000 6.6802000 5.9753500
v 1.3824568 5.0945432 6.4325500
v 4.9548432 5.0945432 6.4325500
v 6.5405000 6.6802000 5.9588400
v -0.2032000 6.6802000 5.9588400
v 1.3824568 5.0945432 6.4160400
v 4.9548432 5.0945432 6.4160400
f 1971 1972 1973 1974
f 1978 1977 1976 1975
f 1971 1972 1976 1975
f 1972 1973 1977 1976
f 1973 1974 1978 1977
f 1974 1971 1975 1978
o Hip_cap_west
usemtl roof
v -0.2032000 6.6802000 5.9753500
v -0.2032000 3.5088864 5.9753500
v 1.3824568 5.0945432 6.4325500
v -0.2032000 6.6802000 5.9588400
v -0.2032000 3.5088864 5.9588400
v 1.3824568 5.0945432 6.4160400
f 1979 1980 1981
f 1984 1983 1982
f 1979 1980 1983 1982
f 1980 1981 1984 1983
f 1981 1979 1982 1984
o Hip_cap_white_soffit
usemtl trim
v -0.2032000 3.5088864 5.7721500
v 6.5405000 3.5088864 5.7721500
v 6.5405000 6.6802000 5.7721500
v -0.2032000 6.6802000 5.7721500
v -0.2032000 3.5088864 5.7912000
v 6.5405000 3.5088864 5.7912000
v 6.5405000 6.6802000 5.7912000
v -0.2032000 6.6802000 5.7912000
f 1985 1988 1987 1986
f 1989 1990 1991 1992
f 1985 1986 1990 1989
f 1986 1987 1991 1990
f 1987 1988 1992 1991
f 1988 1985 1989 1992
o Hip_cap_fascia
usemtl trim
v -0.2032000 3.4961864 5.7721500
v 6.5405000 3.4961864 5.7721500
v 6.5405000 3.5215864 5.7721500
v -0.2032000 3.5215864 5.7721500
v -0.2032000 3.4961864 5.9753500
v 6.5405000 3.4961864 5.9753500
v 6.5405000 3.5215864 5.9753500
v -0.2032000 3.5215864 5.9753500
f 1993 1996 1995 1994
f 1997 1998 1999 2000
f 1993 1994 1998 1997
f 1994 1995 1999 1998
f 1995 1996 2000 1999
f 1996 1993 1997 2000
o Hip_cap_fascia
usemtl trim
v -0.2032000 6.6675000 5.7721500
v 6.5405000 6.6675000 5.7721500
v 6.5405000 6.6929000 5.7721500
v -0.2032000 6.6929000 5.7721500
v -0.2032000 6.6675000 5.9753500
v 6.5405000 6.6675000 5.9753500
v 6.5405000 6.6929000 5.9753500
v -0.2032000 6.6929000 5.9753500
f 2001 2004 2003 2002
f 2005 2006 2007 2008
f 2001 2002 2006 2005
f 2002 2003 2007 2006
f 2003 2004 2008 2007
f 2004 2001 2005 2008
o Hip_cap_fascia
usemtl trim
v -0.2159000 3.5088864 5.7721500
v -0.1905000 3.5088864 5.7721500
v -0.1905000 6.6802000 5.7721500
v -0.2159000 6.6802000 5.7721500
v -0.2159000 3.5088864 5.9753500
v -0.1905000 3.5088864 5.9753500
v -0.1905000 6.6802000 5.9753500
v -0.2159000 6.6802000 5.9753500
f 2009 2012 2011 2010
f 2013 2014 2015 2016
f 2009 2010 2014 2013
f 2010 2011 2015 2014
f 2011 2012 2016 2015
f 2012 2009 2013 2016
o Hip_cap_fascia
usemtl trim
v 6.5278000 3.5088864 5.7721500
v 6.5532000 3.5088864 5.7721500
v 6.5532000 6.6802000 5.7721500
v 6.5278000 6.6802000 5.7721500
v 6.5278000 3.5088864 5.9753500
v 6.5532000 3.5088864 5.9753500
v 6.5532000 6.6802000 5.9753500
v 6.5278000 6.6802000 5.9753500
f 2017 2020 2019 2018
f 2021 2022 2023 2024
f 2017 2018 2022 2021
f 2018 2019 2023 2022
f 2019 2020 2024 2023
f 2020 2017 2021 2024
o Flush_solar_/_infill_panel
usemtl pv
v 0.0508000 -1.5494000 2.9406774
v 1.0744200 -1.5494000 2.9406774
v 1.0744200 -0.5892800 3.4950029
v 0.0508000 -0.5892800 3.4950029
v 0.0508000 -1.5494000 2.9368674
v 1.0744200 -1.5494000 2.9368674
v 1.0744200 -0.5892800 3.4911929
v 0.0508000 -0.5892800 3.4911929
f 2025 2026 2027 2028
f 2032 2031 2030 2029
f 2025 2026 2030 2029
f 2026 2027 2031 2030
f 2027 2028 2032 2031
f 2028 2025 2029 2032
o Flush_solar_/_infill_panel
usemtl pv
v 1.1049000 -1.5494000 2.9406774
v 2.1285200 -1.5494000 2.9406774
v 2.1285200 -0.5892800 3.4950029
v 1.1049000 -0.5892800 3.4950029
v 1.1049000 -1.5494000 2.9368674
v 2.1285200 -1.5494000 2.9368674
v 2.1285200 -0.5892800 3.4911929
v 1.1049000 -0.5892800 3.4911929
f 2033 2034 2035 2036
f 2040 2039 2038 2037
f 2033 2034 2038 2037
f 2034 2035 2039 2038
f 2035 2036 2040 2039
f 2036 2033 2037 2040
o Flush_solar_/_infill_panel
usemtl pv
v 2.1590000 -1.5494000 2.9406774
v 3.1826200 -1.5494000 2.9406774
v 3.1826200 -0.5892800 3.4950029
v 2.1590000 -0.5892800 3.4950029
v 2.1590000 -1.5494000 2.9368674
v 3.1826200 -1.5494000 2.9368674
v 3.1826200 -0.5892800 3.4911929
v 2.1590000 -0.5892800 3.4911929
f 2041 2042 2043 2044
f 2048 2047 2046 2045
f 2041 2042 2046 2045
f 2042 2043 2047 2046
f 2043 2044 2048 2047
f 2044 2041 2045 2048
o Flush_solar_/_infill_panel
usemtl pv
v 3.2131000 -1.5494000 2.9406774
v 4.2367200 -1.5494000 2.9406774
v 4.2367200 -0.5892800 3.4950029
v 3.2131000 -0.5892800 3.4950029
v 3.2131000 -1.5494000 2.9368674
v 4.2367200 -1.5494000 2.9368674
v 4.2367200 -0.5892800 3.4911929
v 3.2131000 -0.5892800 3.4911929
f 2049 2050 2051 2052
f 2056 2055 2054 2053
f 2049 2050 2054 2053
f 2050 2051 2055 2054
f 2051 2052 2056 2055
f 2052 2049 2053 2056
o Flush_solar_/_infill_panel
usemtl pv
v 4.2672000 -1.5494000 2.9406774
v 5.2908200 -1.5494000 2.9406774
v 5.2908200 -0.5892800 3.4950029
v 4.2672000 -0.5892800 3.4950029
v 4.2672000 -1.5494000 2.9368674
v 5.2908200 -1.5494000 2.9368674
v 5.2908200 -0.5892800 3.4911929
v 4.2672000 -0.5892800 3.4911929
f 2057 2058 2059 2060
f 2064 2063 2062 2061
f 2057 2058 2062 2061
f 2058 2059 2063 2062
f 2059 2060 2064 2063
f 2060 2057 2061 2064
o Flush_solar_/_infill_panel
usemtl pv
v 5.3213000 -1.5494000 2.9406774
v 6.3119000 -1.5494000 2.9406774
v 6.3119000 -0.5892800 3.4950029
v 5.3213000 -0.5892800 3.4950029
v 5.3213000 -1.5494000 2.9368674
v 6.3119000 -1.5494000 2.9368674
v 6.3119000 -0.5892800 3.4911929
v 5.3213000 -0.5892800 3.4911929
f 2065 2066 2067 2068
f 2072 2071 2070 2069
f 2065 2066 2070 2069
f 2066 2067 2071 2070
f 2067 2068 2072 2071
f 2068 2065 2069 2072
o Flush_solar_/_infill_panel
usemtl pv
v 0.0508000 -0.5588000 3.5126006
v 1.0744200 -0.5588000 3.5126006
v 1.0744200 0.4013200 4.0669261
v 0.0508000 0.4013200 4.0669261
v 0.0508000 -0.5588000 3.5087906
v 1.0744200 -0.5588000 3.5087906
v 1.0744200 0.4013200 4.0631161
v 0.0508000 0.4013200 4.0631161
f 2073 2074 2075 2076
f 2080 2079 2078 2077
f 2073 2074 2078 2077
f 2074 2075 2079 2078
f 2075 2076 2080 2079
f 2076 2073 2077 2080
o Flush_solar_/_infill_panel
usemtl pv
v 1.1049000 -0.5588000 3.5126006
v 2.1285200 -0.5588000 3.5126006
v 2.1285200 0.4013200 4.0669261
v 1.1049000 0.4013200 4.0669261
v 1.1049000 -0.5588000 3.5087906
v 2.1285200 -0.5588000 3.5087906
v 2.1285200 0.4013200 4.0631161
v 1.1049000 0.4013200 4.0631161
f 2081 2082 2083 2084
f 2088 2087 2086 2085
f 2081 2082 2086 2085
f 2082 2083 2087 2086
f 2083 2084 2088 2087
f 2084 2081 2085 2088
o Flush_solar_/_infill_panel
usemtl pv
v 2.1590000 -0.5588000 3.5126006
v 3.1826200 -0.5588000 3.5126006
v 3.1826200 0.4013200 4.0669261
v 2.1590000 0.4013200 4.0669261
v 2.1590000 -0.5588000 3.5087906
v 3.1826200 -0.5588000 3.5087906
v 3.1826200 0.4013200 4.0631161
v 2.1590000 0.4013200 4.0631161
f 2089 2090 2091 2092
f 2096 2095 2094 2093
f 2089 2090 2094 2093
f 2090 2091 2095 2094
f 2091 2092 2096 2095
f 2092 2089 2093 2096
o Flush_solar_/_infill_panel
usemtl pv
v 3.2131000 -0.5588000 3.5126006
v 4.2367200 -0.5588000 3.5126006
v 4.2367200 0.4013200 4.0669261
v 3.2131000 0.4013200 4.0669261
v 3.2131000 -0.5588000 3.5087906
v 4.2367200 -0.5588000 3.5087906
v 4.2367200 0.4013200 4.0631161
v 3.2131000 0.4013200 4.0631161
f 2097 2098 2099 2100
f 2104 2103 2102 2101
f 2097 2098 2102 2101
f 2098 2099 2103 2102
f 2099 2100 2104 2103
f 2100 2097 2101 2104
o Flush_solar_/_infill_panel
usemtl pv
v 4.2672000 -0.5588000 3.5126006
v 5.2908200 -0.5588000 3.5126006
v 5.2908200 0.4013200 4.0669261
v 4.2672000 0.4013200 4.0669261
v 4.2672000 -0.5588000 3.5087906
v 5.2908200 -0.5588000 3.5087906
v 5.2908200 0.4013200 4.0631161
v 4.2672000 0.4013200 4.0631161
f 2105 2106 2107 2108
f 2112 2111 2110 2109
f 2105 2106 2110 2109
f 2106 2107 2111 2110
f 2107 2108 2112 2111
f 2108 2105 2109 2112
o Flush_solar_/_infill_panel
usemtl pv
v 5.3213000 -0.5588000 3.5126006
v 6.3119000 -0.5588000 3.5126006
v 6.3119000 0.4013200 4.0669261
v 5.3213000 0.4013200 4.0669261
v 5.3213000 -0.5588000 3.5087906
v 6.3119000 -0.5588000 3.5087906
v 6.3119000 0.4013200 4.0631161
v 5.3213000 0.4013200 4.0631161
f 2113 2114 2115 2116
f 2120 2119 2118 2117
f 2113 2114 2118 2117
f 2114 2115 2119 2118
f 2115 2116 2120 2119
f 2116 2113 2117 2120
o Flush_solar_/_infill_panel
usemtl pv
v 0.0508000 0.4318000 4.0845237
v 1.0744200 0.4318000 4.0845237
v 1.0744200 1.3919200 4.6388493
v 0.0508000 1.3919200 4.6388493
v 0.0508000 0.4318000 4.0807137
v 1.0744200 0.4318000 4.0807137
v 1.0744200 1.3919200 4.6350393
v 0.0508000 1.3919200 4.6350393
f 2121 2122 2123 2124
f 2128 2127 2126 2125
f 2121 2122 2126 2125
f 2122 2123 2127 2126
f 2123 2124 2128 2127
f 2124 2121 2125 2128
o Flush_solar_/_infill_panel
usemtl pv
v 1.1049000 0.4318000 4.0845237
v 2.1285200 0.4318000 4.0845237
v 2.1285200 1.3919200 4.6388493
v 1.1049000 1.3919200 4.6388493
v 1.1049000 0.4318000 4.0807137
v 2.1285200 0.4318000 4.0807137
v 2.1285200 1.3919200 4.6350393
v 1.1049000 1.3919200 4.6350393
f 2129 2130 2131 2132
f 2136 2135 2134 2133
f 2129 2130 2134 2133
f 2130 2131 2135 2134
f 2131 2132 2136 2135
f 2132 2129 2133 2136
o Flush_solar_/_infill_panel
usemtl pv
v 2.1590000 0.4318000 4.0845237
v 3.1826200 0.4318000 4.0845237
v 3.1826200 1.3919200 4.6388493
v 2.1590000 1.3919200 4.6388493
v 2.1590000 0.4318000 4.0807137
v 3.1826200 0.4318000 4.0807137
v 3.1826200 1.3919200 4.6350393
v 2.1590000 1.3919200 4.6350393
f 2137 2138 2139 2140
f 2144 2143 2142 2141
f 2137 2138 2142 2141
f 2138 2139 2143 2142
f 2139 2140 2144 2143
f 2140 2137 2141 2144
o Flush_solar_/_infill_panel
usemtl pv
v 3.2131000 0.4318000 4.0845237
v 4.2367200 0.4318000 4.0845237
v 4.2367200 1.3919200 4.6388493
v 3.2131000 1.3919200 4.6388493
v 3.2131000 0.4318000 4.0807137
v 4.2367200 0.4318000 4.0807137
v 4.2367200 1.3919200 4.6350393
v 3.2131000 1.3919200 4.6350393
f 2145 2146 2147 2148
f 2152 2151 2150 2149
f 2145 2146 2150 2149
f 2146 2147 2151 2150
f 2147 2148 2152 2151
f 2148 2145 2149 2152
o Flush_solar_/_infill_panel
usemtl pv
v 4.2672000 0.4318000 4.0845237
v 5.2908200 0.4318000 4.0845237
v 5.2908200 1.3919200 4.6388493
v 4.2672000 1.3919200 4.6388493
v 4.2672000 0.4318000 4.0807137
v 5.2908200 0.4318000 4.0807137
v 5.2908200 1.3919200 4.6350393
v 4.2672000 1.3919200 4.6350393
f 2153 2154 2155 2156
f 2160 2159 2158 2157
f 2153 2154 2158 2157
f 2154 2155 2159 2158
f 2155 2156 2160 2159
f 2156 2153 2157 2160
o Flush_solar_/_infill_panel
usemtl pv
v 5.3213000 0.4318000 4.0845237
v 6.3119000 0.4318000 4.0845237
v 6.3119000 1.3919200 4.6388493
v 5.3213000 1.3919200 4.6388493
v 5.3213000 0.4318000 4.0807137
v 6.3119000 0.4318000 4.0807137
v 6.3119000 1.3919200 4.6350393
v 5.3213000 1.3919200 4.6350393
f 2161 2162 2163 2164
f 2168 2167 2166 2165
f 2161 2162 2166 2165
f 2162 2163 2167 2166
f 2163 2164 2168 2167
f 2164 2161 2165 2168
o Flush_solar_/_infill_panel
usemtl pv
v 0.0508000 1.4224000 4.6564469
v 1.0744200 1.4224000 4.6564469
v 1.0744200 2.3825200 5.2107725
v 0.0508000 2.3825200 5.2107725
v 0.0508000 1.4224000 4.6526369
v 1.0744200 1.4224000 4.6526369
v 1.0744200 2.3825200 5.2069625
v 0.0508000 2.3825200 5.2069625
f 2169 2170 2171 2172
f 2176 2175 2174 2173
f 2169 2170 2174 2173
f 2170 2171 2175 2174
f 2171 2172 2176 2175
f 2172 2169 2173 2176
o Flush_solar_/_infill_panel
usemtl pv
v 1.1049000 1.4224000 4.6564469
v 2.1285200 1.4224000 4.6564469
v 2.1285200 2.3825200 5.2107725
v 1.1049000 2.3825200 5.2107725
v 1.1049000 1.4224000 4.6526369
v 2.1285200 1.4224000 4.6526369
v 2.1285200 2.3825200 5.2069625
v 1.1049000 2.3825200 5.2069625
f 2177 2178 2179 2180
f 2184 2183 2182 2181
f 2177 2178 2182 2181
f 2178 2179 2183 2182
f 2179 2180 2184 2183
f 2180 2177 2181 2184
o Flush_solar_/_infill_panel
usemtl pv
v 2.1590000 1.4224000 4.6564469
v 3.1826200 1.4224000 4.6564469
v 3.1826200 2.3825200 5.2107725
v 2.1590000 2.3825200 5.2107725
v 2.1590000 1.4224000 4.6526369
v 3.1826200 1.4224000 4.6526369
v 3.1826200 2.3825200 5.2069625
v 2.1590000 2.3825200 5.2069625
f 2185 2186 2187 2188
f 2192 2191 2190 2189
f 2185 2186 2190 2189
f 2186 2187 2191 2190
f 2187 2188 2192 2191
f 2188 2185 2189 2192
o Flush_solar_/_infill_panel
usemtl pv
v 3.2131000 1.4224000 4.6564469
v 4.2367200 1.4224000 4.6564469
v 4.2367200 2.3825200 5.2107725
v 3.2131000 2.3825200 5.2107725
v 3.2131000 1.4224000 4.6526369
v 4.2367200 1.4224000 4.6526369
v 4.2367200 2.3825200 5.2069625
v 3.2131000 2.3825200 5.2069625
f 2193 2194 2195 2196
f 2200 2199 2198 2197
f 2193 2194 2198 2197
f 2194 2195 2199 2198
f 2195 2196 2200 2199
f 2196 2193 2197 2200
o Flush_solar_/_infill_panel
usemtl pv
v 4.2672000 1.4224000 4.6564469
v 5.2908200 1.4224000 4.6564469
v 5.2908200 2.3825200 5.2107725
v 4.2672000 2.3825200 5.2107725
v 4.2672000 1.4224000 4.6526369
v 5.2908200 1.4224000 4.6526369
v 5.2908200 2.3825200 5.2069625
v 4.2672000 2.3825200 5.2069625
f 2201 2202 2203 2204
f 2208 2207 2206 2205
f 2201 2202 2206 2205
f 2202 2203 2207 2206
f 2203 2204 2208 2207
f 2204 2201 2205 2208
o Flush_solar_/_infill_panel
usemtl pv
v 5.3213000 1.4224000 4.6564469
v 6.3119000 1.4224000 4.6564469
v 6.3119000 2.3825200 5.2107725
v 5.3213000 2.3825200 5.2107725
v 5.3213000 1.4224000 4.6526369
v 6.3119000 1.4224000 4.6526369
v 6.3119000 2.3825200 5.2069625
v 5.3213000 2.3825200 5.2069625
f 2209 2210 2211 2212
f 2216 2215 2214 2213
f 2209 2210 2214 2213
f 2210 2211 2215 2214
f 2211 2212 2216 2215
f 2212 2209 2213 2216
o Flush_solar_/_infill_panel
usemtl pv
v 0.0508000 2.4130000 5.2283701
v 1.0744200 2.4130000 5.2283701
v 1.0744200 3.3731200 5.7826956
v 0.0508000 3.3731200 5.7826956
v 0.0508000 2.4130000 5.2245601
v 1.0744200 2.4130000 5.2245601
v 1.0744200 3.3731200 5.7788856
v 0.0508000 3.3731200 5.7788856
f 2217 2218 2219 2220
f 2224 2223 2222 2221
f 2217 2218 2222 2221
f 2218 2219 2223 2222
f 2219 2220 2224 2223
f 2220 2217 2221 2224
o Flush_solar_/_infill_panel
usemtl pv
v 1.1049000 2.4130000 5.2283701
v 2.1285200 2.4130000 5.2283701
v 2.1285200 3.3731200 5.7826956
v 1.1049000 3.3731200 5.7826956
v 1.1049000 2.4130000 5.2245601
v 2.1285200 2.4130000 5.2245601
v 2.1285200 3.3731200 5.7788856
v 1.1049000 3.3731200 5.7788856
f 2225 2226 2227 2228
f 2232 2231 2230 2229
f 2225 2226 2230 2229
f 2226 2227 2231 2230
f 2227 2228 2232 2231
f 2228 2225 2229 2232
o Flush_solar_/_infill_panel
usemtl pv
v 2.1590000 2.4130000 5.2283701
v 3.1826200 2.4130000 5.2283701
v 3.1826200 3.3731200 5.7826956
v 2.1590000 3.3731200 5.7826956
v 2.1590000 2.4130000 5.2245601
v 3.1826200 2.4130000 5.2245601
v 3.1826200 3.3731200 5.7788856
v 2.1590000 3.3731200 5.7788856
f 2233 2234 2235 2236
f 2240 2239 2238 2237
f 2233 2234 2238 2237
f 2234 2235 2239 2238
f 2235 2236 2240 2239
f 2236 2233 2237 2240
o Flush_solar_/_infill_panel
usemtl pv
v 3.2131000 2.4130000 5.2283701
v 4.2367200 2.4130000 5.2283701
v 4.2367200 3.3731200 5.7826956
v 3.2131000 3.3731200 5.7826956
v 3.2131000 2.4130000 5.2245601
v 4.2367200 2.4130000 5.2245601
v 4.2367200 3.3731200 5.7788856
v 3.2131000 3.3731200 5.7788856
f 2241 2242 2243 2244
f 2248 2247 2246 2245
f 2241 2242 2246 2245
f 2242 2243 2247 2246
f 2243 2244 2248 2247
f 2244 2241 2245 2248
o Flush_solar_/_infill_panel
usemtl pv
v 4.2672000 2.4130000 5.2283701
v 5.2908200 2.4130000 5.2283701
v 5.2908200 3.3731200 5.7826956
v 4.2672000 3.3731200 5.7826956
v 4.2672000 2.4130000 5.2245601
v 5.2908200 2.4130000 5.2245601
v 5.2908200 3.3731200 5.7788856
v 4.2672000 3.3731200 5.7788856
f 2249 2250 2251 2252
f 2256 2255 2254 2253
f 2249 2250 2254 2253
f 2250 2251 2255 2254
f 2251 2252 2256 2255
f 2252 2249 2253 2256
o Flush_solar_/_infill_panel
usemtl pv
v 5.3213000 2.4130000 5.2283701
v 6.3119000 2.4130000 5.2283701
v 6.3119000 3.3731200 5.7826956
v 5.3213000 3.3731200 5.7826956
v 5.3213000 2.4130000 5.2245601
v 6.3119000 2.4130000 5.2245601
v 6.3119000 3.3731200 5.7788856
v 5.3213000 3.3731200 5.7788856
f 2257 2258 2259 2260
f 2264 2263 2262 2261
f 2257 2258 2262 2261
f 2258 2259 2263 2262
f 2259 2260 2264 2263
f 2260 2257 2261 2264
o Flush_solar_/_infill_panel
usemtl pv
v 0.0508000 3.4036000 5.8002933
v 1.0744200 3.4036000 5.8002933
v 1.0744200 3.6866864 5.9637333
v 0.0508000 3.6866864 5.9637333
v 0.0508000 3.4036000 5.7964833
v 1.0744200 3.4036000 5.7964833
v 1.0744200 3.6866864 5.9599233
v 0.0508000 3.6866864 5.9599233
f 2265 2266 2267 2268
f 2272 2271 2270 2269
f 2265 2266 2270 2269
f 2266 2267 2271 2270
f 2267 2268 2272 2271
f 2268 2265 2269 2272
o Flush_solar_/_infill_panel
usemtl pv
v 1.1049000 3.4036000 5.8002933
v 2.1285200 3.4036000 5.8002933
v 2.1285200 3.6866864 5.9637333
v 1.1049000 3.6866864 5.9637333
v 1.1049000 3.4036000 5.7964833
v 2.1285200 3.4036000 5.7964833
v 2.1285200 3.6866864 5.9599233
v 1.1049000 3.6866864 5.9599233
f 2273 2274 2275 2276
f 2280 2279 2278 2277
f 2273 2274 2278 2277
f 2274 2275 2279 2278
f 2275 2276 2280 2279
f 2276 2273 2277 2280
o Flush_solar_/_infill_panel
usemtl pv
v 2.1590000 3.4036000 5.8002933
v 3.1826200 3.4036000 5.8002933
v 3.1826200 3.6866864 5.9637333
v 2.1590000 3.6866864 5.9637333
v 2.1590000 3.4036000 5.7964833
v 3.1826200 3.4036000 5.7964833
v 3.1826200 3.6866864 5.9599233
v 2.1590000 3.6866864 5.9599233
f 2281 2282 2283 2284
f 2288 2287 2286 2285
f 2281 2282 2286 2285
f 2282 2283 2287 2286
f 2283 2284 2288 2287
f 2284 2281 2285 2288
o Flush_solar_/_infill_panel
usemtl pv
v 3.2131000 3.4036000 5.8002933
v 4.2367200 3.4036000 5.8002933
v 4.2367200 3.6866864 5.9637333
v 3.2131000 3.6866864 5.9637333
v 3.2131000 3.4036000 5.7964833
v 4.2367200 3.4036000 5.7964833
v 4.2367200 3.6866864 5.9599233
v 3.2131000 3.6866864 5.9599233
f 2289 2290 2291 2292
f 2296 2295 2294 2293
f 2289 2290 2294 2293
f 2290 2291 2295 2294
f 2291 2292 2296 2295
f 2292 2289 2293 2296
o Flush_solar_/_infill_panel
usemtl pv
v 4.2672000 3.4036000 5.8002933
v 5.2908200 3.4036000 5.8002933
v 5.2908200 3.6866864 5.9637333
v 4.2672000 3.6866864 5.9637333
v 4.2672000 3.4036000 5.7964833
v 5.2908200 3.4036000 5.7964833
v 5.2908200 3.6866864 5.9599233
v 4.2672000 3.6866864 5.9599233
f 2297 2298 2299 2300
f 2304 2303 2302 2301
f 2297 2298 2302 2301
f 2298 2299 2303 2302
f 2299 2300 2304 2303
f 2300 2297 2301 2304
o Flush_solar_/_infill_panel
usemtl pv
v 5.3213000 3.4036000 5.8002933
v 6.3119000 3.4036000 5.8002933
v 6.3119000 3.6866864 5.9637333
v 5.3213000 3.6866864 5.9637333
v 5.3213000 3.4036000 5.7964833
v 6.3119000 3.4036000 5.7964833
v 6.3119000 3.6866864 5.9599233
v 5.3213000 3.6866864 5.9599233
f 2305 2306 2307 2308
f 2312 2311 2310 2309
f 2305 2306 2310 2309
f 2306 2307 2311 2310
f 2307 2308 2312 2311
f 2308 2305 2309 2312
o Roof_fascia
usemtl trim
v -0.0127000 -1.6510000 2.8946882
v 0.0127000 -1.6510000 2.8946882
v 0.0127000 -1.5494000 2.7187118
v -0.0127000 -1.5494000 2.7187118
v -0.0127000 3.6612864 5.9617382
v 0.0127000 3.6612864 5.9617382
v 0.0127000 3.7628864 5.7857618
v -0.0127000 3.7628864 5.7857618
f 2313 2316 2315 2314
f 2317 2318 2319 2320
f 2313 2314 2318 2317
f 2314 2315 2319 2318
f 2315 2316 2320 2319
f 2316 2313 2317 2320
o Roof_fascia
usemtl trim
v 6.3246000 -1.6510000 2.8946882
v 6.3500000 -1.6510000 2.8946882
v 6.3500000 -1.5494000 2.7187118
v 6.3246000 -1.5494000 2.7187118
v 6.3246000 3.6612864 5.9617382
v 6.3500000 3.6612864 5.9617382
v 6.3500000 3.7628864 5.7857618
v 6.3246000 3.7628864 5.7857618
f 2321 2324 2323 2322
f 2325 2326 2327 2328
f 2321 2322 2326 2325
f 2322 2323 2327 2326
f 2323 2324 2328 2327
f 2324 2321 2325 2328
o South_fascia
usemtl trim
v 0.0000000 -1.6129000 2.7051000
v 6.3373000 -1.6129000 2.7051000
v 6.3373000 -1.5875000 2.7051000
v 0.0000000 -1.5875000 2.7051000
v 0.0000000 -1.6129000 2.9083000
v 6.3373000 -1.6129000 2.9083000
v 6.3373000 -1.5875000 2.9083000
v 0.0000000 -1.5875000 2.9083000
f 2329 2332 2331 2330
f 2333 2334 2335 2336
f 2329 2330 2334 2333
f 2330 2331 2335 2334
f 2331 2332 2336 2335
f 2332 2329 2333 2336
o West_loft_wall
usemtl wall
v -0.0127000 0.0000000 2.5019000
v -0.0127000 3.3274000 2.5019000
v -0.0127000 3.3274000 5.5500512
v -0.0127000 0.0000000 3.6289759
f 2337 2338 2339 2340
o West_loft_wall
usemtl wall
v -0.0127000 3.3274000 2.5019000
v -0.0127000 3.7120864 2.5019000
v -0.0127000 3.7120864 3.4861500
v -0.0127000 3.3274000 3.4861500
f 2341 2342 2343 2344
o West_loft_wall
usemtl wall
v -0.0127000 3.3274000 4.4005500
v -0.0127000 3.7120864 4.4005500
v -0.0127000 3.7120864 5.7721500
v -0.0127000 3.3274000 5.5500512
f 2345 2346 2347 2348
o West_loft_wall_glazing
usemtl glass
v -0.0127000 3.3274000 3.4861500
v -0.0127000 3.7120864 3.4861500
v -0.0127000 3.7120864 4.4005500
v -0.0127000 3.3274000 4.4005500
f 2349 2350 2351 2352
o Opening_vertical_trim
usemtl trim
v -0.0381000 3.3020000 3.4861500
v 0.0127000 3.3020000 3.4861500
v 0.0127000 3.3528000 3.4861500
v -0.0381000 3.3528000 3.4861500
v -0.0381000 3.3020000 4.4005500
v 0.0127000 3.3020000 4.4005500
v 0.0127000 3.3528000 4.4005500
v -0.0381000 3.3528000 4.4005500
f 2353 2356 2355 2354
f 2357 2358 2359 2360
f 2353 2354 2358 2357
f 2354 2355 2359 2358
f 2355 2356 2360 2359
f 2356 2353 2357 2360
o Opening_vertical_trim
usemtl trim
v -0.0381000 3.6866864 3.4861500
v 0.0127000 3.6866864 3.4861500
v 0.0127000 3.7374864 3.4861500
v -0.0381000 3.7374864 3.4861500
v -0.0381000 3.6866864 4.4005500
v 0.0127000 3.6866864 4.4005500
v 0.0127000 3.7374864 4.4005500
v -0.0381000 3.7374864 4.4005500
f 2361 2364 2363 2362
f 2365 2366 2367 2368
f 2361 2362 2366 2365
f 2362 2363 2367 2366
f 2363 2364 2368 2367
f 2364 2361 2365 2368
o Opening_vertical_trim
usemtl trim
v -0.0381000 3.4943432 3.4861500
v 0.0127000 3.4943432 3.4861500
v 0.0127000 3.5451432 3.4861500
v -0.0381000 3.5451432 3.4861500
v -0.0381000 3.4943432 4.4005500
v 0.0127000 3.4943432 4.4005500
v 0.0127000 3.5451432 4.4005500
v -0.0381000 3.5451432 4.4005500
f 2369 2372 2371 2370
f 2373 2374 2375 2376
f 2369 2370 2374 2373
f 2370 2371 2375 2374
f 2371 2372 2376 2375
f 2372 2369 2373 2376
o Opening_horizontal_trim
usemtl trim
v -0.0381000 3.3274000 3.4607500
v 0.0127000 3.3274000 3.4607500
v 0.0127000 3.7120864 3.4607500
v -0.0381000 3.7120864 3.4607500
v -0.0381000 3.3274000 3.5115500
v 0.0127000 3.3274000 3.5115500
v 0.0127000 3.7120864 3.5115500
v -0.0381000 3.7120864 3.5115500
f 2377 2380 2379 2378
f 2381 2382 2383 2384
f 2377 2378 2382 2381
f 2378 2379 2383 2382
f 2379 2380 2384 2383
f 2380 2377 2381 2384
o Opening_horizontal_trim
usemtl trim
v -0.0381000 3.3274000 4.3751500
v 0.0127000 3.3274000 4.3751500
v 0.0127000 3.7120864 4.3751500
v -0.0381000 3.7120864 4.3751500
v -0.0381000 3.3274000 4.4259500
v 0.0127000 3.3274000 4.4259500
v 0.0127000 3.7120864 4.4259500
v -0.0381000 3.7120864 4.4259500
f 2385 2388 2387 2386
f 2389 2390 2391 2392
f 2385 2386 2390 2389
f 2386 2387 2391 2390
f 2387 2388 2392 2391
f 2388 2385 2389 2392
o West_loft_wall
usemtl wall
v -0.0127000 3.7120864 2.5019000
v -0.0127000 4.0894000 2.5019000
v -0.0127000 4.0894000 3.4861500
v -0.0127000 3.7120864 3.4861500
f 2393 2394 2395 2396
o West_loft_wall
usemtl wall
v -0.0127000 3.7120864 4.4005500
v -0.0127000 4.0894000 4.4005500
v -0.0127000 4.0894000 5.7721500
v -0.0127000 3.7120864 5.7721500
f 2397 2398 2399 2400
o West_loft_wall_glazing
usemtl glass
v -0.0127000 3.7120864 3.4861500
v -0.0127000 4.0894000 3.4861500
v -0.0127000 4.0894000 4.4005500
v -0.0127000 3.7120864 4.4005500
f 2401 2402 2403 2404
o Opening_vertical_trim
usemtl trim
v -0.0381000 3.6866864 3.4861500
v 0.0127000 3.6866864 3.4861500
v 0.0127000 3.7374864 3.4861500
v -0.0381000 3.7374864 3.4861500
v -0.0381000 3.6866864 4.4005500
v 0.0127000 3.6866864 4.4005500
v 0.0127000 3.7374864 4.4005500
v -0.0381000 3.7374864 4.4005500
f 2405 2408 2407 2406
f 2409 2410 2411 2412
f 2405 2406 2410 2409
f 2406 2407 2411 2410
f 2407 2408 2412 2411
f 2408 2405 2409 2412
o Opening_vertical_trim
usemtl trim
v -0.0381000 4.0640000 3.4861500
v 0.0127000 4.0640000 3.4861500
v 0.0127000 4.1148000 3.4861500
v -0.0381000 4.1148000 3.4861500
v -0.0381000 4.0640000 4.4005500
v 0.0127000 4.0640000 4.4005500
v 0.0127000 4.1148000 4.4005500
v -0.0381000 4.1148000 4.4005500
f 2413 2416 2415 2414
f 2417 2418 2419 2420
f 2413 2414 2418 2417
f 2414 2415 2419 2418
f 2415 2416 2420 2419
f 2416 2413 2417 2420
o Opening_vertical_trim
usemtl trim
v -0.0381000 3.8753432 3.4861500
v 0.0127000 3.8753432 3.4861500
v 0.0127000 3.9261432 3.4861500
v -0.0381000 3.9261432 3.4861500
v -0.0381000 3.8753432 4.4005500
v 0.0127000 3.8753432 4.4005500
v 0.0127000 3.9261432 4.4005500
v -0.0381000 3.9261432 4.4005500
f 2421 2424 2423 2422
f 2425 2426 2427 2428
f 2421 2422 2426 2425
f 2422 2423 2427 2426
f 2423 2424 2428 2427
f 2424 2421 2425 2428
o Opening_horizontal_trim
usemtl trim
v -0.0381000 3.7120864 3.4607500
v 0.0127000 3.7120864 3.4607500
v 0.0127000 4.0894000 3.4607500
v -0.0381000 4.0894000 3.4607500
v -0.0381000 3.7120864 3.5115500
v 0.0127000 3.7120864 3.5115500
v 0.0127000 4.0894000 3.5115500
v -0.0381000 4.0894000 3.5115500
f 2429 2432 2431 2430
f 2433 2434 2435 2436
f 2429 2430 2434 2433
f 2430 2431 2435 2434
f 2431 2432 2436 2435
f 2432 2429 2433 2436
o Opening_horizontal_trim
usemtl trim
v -0.0381000 3.7120864 4.3751500
v 0.0127000 3.7120864 4.3751500
v 0.0127000 4.0894000 4.3751500
v -0.0381000 4.0894000 4.3751500
v -0.0381000 3.7120864 4.4259500
v 0.0127000 3.7120864 4.4259500
v 0.0127000 4.0894000 4.4259500
v -0.0381000 4.0894000 4.4259500
f 2437 2440 2439 2438
f 2441 2442 2443 2444
f 2437 2438 2442 2441
f 2438 2439 2443 2442
f 2439 2440 2444 2443
f 2440 2437 2441 2444
o West_loft_wall
usemtl wall
v -0.0127000 4.0894000 2.5019000
v -0.0127000 4.7244000 2.5019000
v -0.0127000 4.7244000 5.7721500
v -0.0127000 4.0894000 5.7721500
f 2445 2446 2447 2448
o West_loft_wall
usemtl wall
v -0.0127000 4.7244000 2.5019000
v -0.0127000 6.2484000 2.5019000
v -0.0127000 6.2484000 2.7241500
v -0.0127000 4.7244000 2.7241500
f 2449 2450 2451 2452
o West_loft_wall
usemtl wall
v -0.0127000 4.7244000 4.7561500
v -0.0127000 6.2484000 4.7561500
v -0.0127000 6.2484000 5.7721500
v -0.0127000 4.7244000 5.7721500
f 2453 2454 2455 2456
o West_loft_wall_glazing
usemtl glass
v -0.0127000 4.7244000 2.7241500
v -0.0127000 6.2484000 2.7241500
v -0.0127000 6.2484000 4.7561500
v -0.0127000 4.7244000 4.7561500
f 2457 2458 2459 2460
o Opening_vertical_trim
usemtl trim
v -0.0381000 4.6990000 2.7241500
v 0.0127000 4.6990000 2.7241500
v 0.0127000 4.7498000 2.7241500
v -0.0381000 4.7498000 2.7241500
v -0.0381000 4.6990000 4.7561500
v 0.0127000 4.6990000 4.7561500
v 0.0127000 4.7498000 4.7561500
v -0.0381000 4.7498000 4.7561500
f 2461 2464 2463 2462
f 2465 2466 2467 2468
f 2461 2462 2466 2465
f 2462 2463 2467 2466
f 2463 2464 2468 2467
f 2464 2461 2465 2468
o Opening_vertical_trim
usemtl trim
v -0.0381000 6.2230000 2.7241500
v 0.0127000 6.2230000 2.7241500
v 0.0127000 6.2738000 2.7241500
v -0.0381000 6.2738000 2.7241500
v -0.0381000 6.2230000 4.7561500
v 0.0127000 6.2230000 4.7561500
v 0.0127000 6.2738000 4.7561500
v -0.0381000 6.2738000 4.7561500
f 2469 2472 2471 2470
f 2473 2474 2475 2476
f 2469 2470 2474 2473
f 2470 2471 2475 2474
f 2471 2472 2476 2475
f 2472 2469 2473 2476
o Opening_vertical_trim
usemtl trim
v -0.0381000 5.4610000 2.7241500
v 0.0127000 5.4610000 2.7241500
v 0.0127000 5.5118000 2.7241500
v -0.0381000 5.5118000 2.7241500
v -0.0381000 5.4610000 4.7561500
v 0.0127000 5.4610000 4.7561500
v 0.0127000 5.5118000 4.7561500
v -0.0381000 5.5118000 4.7561500
f 2477 2480 2479 2478
f 2481 2482 2483 2484
f 2477 2478 2482 2481
f 2478 2479 2483 2482
f 2479 2480 2484 2483
f 2480 2477 2481 2484
o Opening_horizontal_trim
usemtl trim
v -0.0381000 4.7244000 2.6987500
v 0.0127000 4.7244000 2.6987500
v 0.0127000 6.2484000 2.6987500
v -0.0381000 6.2484000 2.6987500
v -0.0381000 4.7244000 2.7495500
v 0.0127000 4.7244000 2.7495500
v 0.0127000 6.2484000 2.7495500
v -0.0381000 6.2484000 2.7495500
f 2485 2488 2487 2486
f 2489 2490 2491 2492
f 2485 2486 2490 2489
f 2486 2487 2491 2490
f 2487 2488 2492 2491
f 2488 2485 2489 2492
o Opening_horizontal_trim
usemtl trim
v -0.0381000 4.7244000 4.7307500
v 0.0127000 4.7244000 4.7307500
v 0.0127000 6.2484000 4.7307500
v -0.0381000 6.2484000 4.7307500
v -0.0381000 4.7244000 4.7815500
v 0.0127000 4.7244000 4.7815500
v 0.0127000 6.2484000 4.7815500
v -0.0381000 6.2484000 4.7815500
f 2493 2496 2495 2494
f 2497 2498 2499 2500
f 2493 2494 2498 2497
f 2494 2495 2499 2498
f 2495 2496 2500 2499
f 2496 2493 2497 2500
o West_loft_wall
usemtl wall
v -0.0127000 6.2484000 2.5019000
v -0.0127000 6.4770000 2.5019000
v -0.0127000 6.4770000 5.7721500
v -0.0127000 6.2484000 5.7721500
f 2501 2502 2503 2504
o East_loft_wall
usemtl wall
v 6.3500000 0.0000000 2.5019000
v 6.3500000 3.7120864 2.5019000
v 6.3500000 3.7120864 5.7721500
v 6.3500000 0.0000000 3.6289759
f 2505 2506 2507 2508
o East_loft_wall
usemtl wall
v 6.3500000 3.7120864 2.5019000
v 6.3500000 6.4770000 2.5019000
v 6.3500000 6.4770000 5.7721500
v 6.3500000 3.7120864 5.7721500
f 2509 2510 2511 2512
o South_upper_wall
usemtl wall
v 0.0000000 0.0000000 2.5019000
v 6.3373000 0.0000000 2.5019000
v 6.3373000 0.0000000 3.6289759
v 0.0000000 0.0000000 3.6289759
f 2513 2514 2515 2516
o North_upper_wall
usemtl wall
v 0.0000000 6.4770000 2.5019000
v 0.8509000 6.4770000 2.5019000
v 0.8509000 6.4770000 5.7721500
v 0.0000000 6.4770000 5.7721500
f 2517 2518 2519 2520
o North_upper_wall
usemtl wall
v 0.8509000 6.4770000 2.5019000
v 1.4605000 6.4770000 2.5019000
v 1.4605000 6.4770000 3.6385500
v 0.8509000 6.4770000 3.6385500
f 2521 2522 2523 2524
o North_upper_wall
usemtl wall
v 0.8509000 6.4770000 4.5529500
v 1.4605000 6.4770000 4.5529500
v 1.4605000 6.4770000 5.7721500
v 0.8509000 6.4770000 5.7721500
f 2525 2526 2527 2528
o North_upper_wall_glazing
usemtl glass
v 0.8509000 6.4770000 3.6385500
v 1.4605000 6.4770000 3.6385500
v 1.4605000 6.4770000 4.5529500
v 0.8509000 6.4770000 4.5529500
f 2529 2530 2531 2532
o Opening_vertical_trim
usemtl trim
v 0.8255000 6.4516000 3.6385500
v 0.8763000 6.4516000 3.6385500
v 0.8763000 6.5024000 3.6385500
v 0.8255000 6.5024000 3.6385500
v 0.8255000 6.4516000 4.5529500
v 0.8763000 6.4516000 4.5529500
v 0.8763000 6.5024000 4.5529500
v 0.8255000 6.5024000 4.5529500
f 2533 2536 2535 2534
f 2537 2538 2539 2540
f 2533 2534 2538 2537
f 2534 2535 2539 2538
f 2535 2536 2540 2539
f 2536 2533 2537 2540
o Opening_vertical_trim
usemtl trim
v 1.4351000 6.4516000 3.6385500
v 1.4859000 6.4516000 3.6385500
v 1.4859000 6.5024000 3.6385500
v 1.4351000 6.5024000 3.6385500
v 1.4351000 6.4516000 4.5529500
v 1.4859000 6.4516000 4.5529500
v 1.4859000 6.5024000 4.5529500
v 1.4351000 6.5024000 4.5529500
f 2541 2544 2543 2542
f 2545 2546 2547 2548
f 2541 2542 2546 2545
f 2542 2543 2547 2546
f 2543 2544 2548 2547
f 2544 2541 2545 2548
o Opening_vertical_trim
usemtl trim
v 1.1303000 6.4516000 3.6385500
v 1.1811000 6.4516000 3.6385500
v 1.1811000 6.5024000 3.6385500
v 1.1303000 6.5024000 3.6385500
v 1.1303000 6.4516000 4.5529500
v 1.1811000 6.4516000 4.5529500
v 1.1811000 6.5024000 4.5529500
v 1.1303000 6.5024000 4.5529500
f 2549 2552 2551 2550
f 2553 2554 2555 2556
f 2549 2550 2554 2553
f 2550 2551 2555 2554
f 2551 2552 2556 2555
f 2552 2549 2553 2556
o Opening_horizontal_trim
usemtl trim
v 0.8509000 6.4516000 3.6131500
v 1.4605000 6.4516000 3.6131500
v 1.4605000 6.5024000 3.6131500
v 0.8509000 6.5024000 3.6131500
v 0.8509000 6.4516000 3.6639500
v 1.4605000 6.4516000 3.6639500
v 1.4605000 6.5024000 3.6639500
v 0.8509000 6.5024000 3.6639500
f 2557 2560 2559 2558
f 2561 2562 2563 2564
f 2557 2558 2562 2561
f 2558 2559 2563 2562
f 2559 2560 2564 2563
f 2560 2557 2561 2564
o Opening_horizontal_trim
usemtl trim
v 0.8509000 6.4516000 4.5275500
v 1.4605000 6.4516000 4.5275500
v 1.4605000 6.5024000 4.5275500
v 0.8509000 6.5024000 4.5275500
v 0.8509000 6.4516000 4.5783500
v 1.4605000 6.4516000 4.5783500
v 1.4605000 6.5024000 4.5783500
v 0.8509000 6.5024000 4.5783500
f 2565 2568 2567 2566
f 2569 2570 2571 2572
f 2565 2566 2570 2569
f 2566 2567 2571 2570
f 2567 2568 2572 2571
f 2568 2565 2569 2572
o North_upper_wall
usemtl wall
v 1.4605000 6.4770000 2.5019000
v 2.0701000 6.4770000 2.5019000
v 2.0701000 6.4770000 5.7721500
v 1.4605000 6.4770000 5.7721500
f 2573 2574 2575 2576
o North_upper_wall
usemtl wall
v 2.0701000 6.4770000 2.5019000
v 2.8829000 6.4770000 2.5019000
v 2.8829000 6.4770000 2.7241500
v 2.0701000 6.4770000 2.7241500
f 2577 2578 2579 2580
o North_upper_wall
usemtl wall
v 2.0701000 6.4770000 4.8577500
v 2.8829000 6.4770000 4.8577500
v 2.8829000 6.4770000 5.7721500
v 2.0701000 6.4770000 5.7721500
f 2581 2582 2583 2584
o North_upper_wall_glazing
usemtl glass
v 2.0701000 6.4770000 2.7241500
v 2.8829000 6.4770000 2.7241500
v 2.8829000 6.4770000 4.8577500
v 2.0701000 6.4770000 4.8577500
f 2585 2586 2587 2588
o Opening_vertical_trim
usemtl trim
v 2.0447000 6.4516000 2.7241500
v 2.0955000 6.4516000 2.7241500
v 2.0955000 6.5024000 2.7241500
v 2.0447000 6.5024000 2.7241500
v 2.0447000 6.4516000 4.8577500
v 2.0955000 6.4516000 4.8577500
v 2.0955000 6.5024000 4.8577500
v 2.0447000 6.5024000 4.8577500
f 2589 2592 2591 2590
f 2593 2594 2595 2596
f 2589 2590 2594 2593
f 2590 2591 2595 2594
f 2591 2592 2596 2595
f 2592 2589 2593 2596
o Opening_vertical_trim
usemtl trim
v 2.8575000 6.4516000 2.7241500
v 2.9083000 6.4516000 2.7241500
v 2.9083000 6.5024000 2.7241500
v 2.8575000 6.5024000 2.7241500
v 2.8575000 6.4516000 4.8577500
v 2.9083000 6.4516000 4.8577500
v 2.9083000 6.5024000 4.8577500
v 2.8575000 6.5024000 4.8577500
f 2597 2600 2599 2598
f 2601 2602 2603 2604
f 2597 2598 2602 2601
f 2598 2599 2603 2602
f 2599 2600 2604 2603
f 2600 2597 2601 2604
o Opening_vertical_trim
usemtl trim
v 2.4511000 6.4516000 2.7241500
v 2.5019000 6.4516000 2.7241500
v 2.5019000 6.5024000 2.7241500
v 2.4511000 6.5024000 2.7241500
v 2.4511000 6.4516000 4.8577500
v 2.5019000 6.4516000 4.8577500
v 2.5019000 6.5024000 4.8577500
v 2.4511000 6.5024000 4.8577500
f 2605 2608 2607 2606
f 2609 2610 2611 2612
f 2605 2606 2610 2609
f 2606 2607 2611 2610
f 2607 2608 2612 2611
f 2608 2605 2609 2612
o Opening_horizontal_trim
usemtl trim
v 2.0701000 6.4516000 2.6987500
v 2.8829000 6.4516000 2.6987500
v 2.8829000 6.5024000 2.6987500
v 2.0701000 6.5024000 2.6987500
v 2.0701000 6.4516000 2.7495500
v 2.8829000 6.4516000 2.7495500
v 2.8829000 6.5024000 2.7495500
v 2.0701000 6.5024000 2.7495500
f 2613 2616 2615 2614
f 2617 2618 2619 2620
f 2613 2614 2618 2617
f 2614 2615 2619 2618
f 2615 2616 2620 2619
f 2616 2613 2617 2620
o Opening_horizontal_trim
usemtl trim
v 2.0701000 6.4516000 4.8323500
v 2.8829000 6.4516000 4.8323500
v 2.8829000 6.5024000 4.8323500
v 2.0701000 6.5024000 4.8323500
v 2.0701000 6.4516000 4.8831500
v 2.8829000 6.4516000 4.8831500
v 2.8829000 6.5024000 4.8831500
v 2.0701000 6.5024000 4.8831500
f 2621 2624 2623 2622
f 2625 2626 2627 2628
f 2621 2622 2626 2625
f 2622 2623 2627 2626
f 2623 2624 2628 2627
f 2624 2621 2625 2628
o North_upper_wall
usemtl wall
v 2.8829000 6.4770000 2.5019000
v 3.4925000 6.4770000 2.5019000
v 3.4925000 6.4770000 5.7721500
v 2.8829000 6.4770000 5.7721500
f 2629 2630 2631 2632
o North_upper_wall
usemtl wall
v 3.4925000 6.4770000 2.5019000
v 4.1021000 6.4770000 2.5019000
v 4.1021000 6.4770000 3.6385500
v 3.4925000 6.4770000 3.6385500
f 2633 2634 2635 2636
o North_upper_wall
usemtl wall
v 3.4925000 6.4770000 4.5529500
v 4.1021000 6.4770000 4.5529500
v 4.1021000 6.4770000 5.7721500
v 3.4925000 6.4770000 5.7721500
f 2637 2638 2639 2640
o North_upper_wall_glazing
usemtl glass
v 3.4925000 6.4770000 3.6385500
v 4.1021000 6.4770000 3.6385500
v 4.1021000 6.4770000 4.5529500
v 3.4925000 6.4770000 4.5529500
f 2641 2642 2643 2644
o Opening_vertical_trim
usemtl trim
v 3.4671000 6.4516000 3.6385500
v 3.5179000 6.4516000 3.6385500
v 3.5179000 6.5024000 3.6385500
v 3.4671000 6.5024000 3.6385500
v 3.4671000 6.4516000 4.5529500
v 3.5179000 6.4516000 4.5529500
v 3.5179000 6.5024000 4.5529500
v 3.4671000 6.5024000 4.5529500
f 2645 2648 2647 2646
f 2649 2650 2651 2652
f 2645 2646 2650 2649
f 2646 2647 2651 2650
f 2647 2648 2652 2651
f 2648 2645 2649 2652
o Opening_vertical_trim
usemtl trim
v 4.0767000 6.4516000 3.6385500
v 4.1275000 6.4516000 3.6385500
v 4.1275000 6.5024000 3.6385500
v 4.0767000 6.5024000 3.6385500
v 4.0767000 6.4516000 4.5529500
v 4.1275000 6.4516000 4.5529500
v 4.1275000 6.5024000 4.5529500
v 4.0767000 6.5024000 4.5529500
f 2653 2656 2655 2654
f 2657 2658 2659 2660
f 2653 2654 2658 2657
f 2654 2655 2659 2658
f 2655 2656 2660 2659
f 2656 2653 2657 2660
o Opening_vertical_trim
usemtl trim
v 3.7719000 6.4516000 3.6385500
v 3.8227000 6.4516000 3.6385500
v 3.8227000 6.5024000 3.6385500
v 3.7719000 6.5024000 3.6385500
v 3.7719000 6.4516000 4.5529500
v 3.8227000 6.4516000 4.5529500
v 3.8227000 6.5024000 4.5529500
v 3.7719000 6.5024000 4.5529500
f 2661 2664 2663 2662
f 2665 2666 2667 2668
f 2661 2662 2666 2665
f 2662 2663 2667 2666
f 2663 2664 2668 2667
f 2664 2661 2665 2668
o Opening_horizontal_trim
usemtl trim
v 3.4925000 6.4516000 3.6131500
v 4.1021000 6.4516000 3.6131500
v 4.1021000 6.5024000 3.6131500
v 3.4925000 6.5024000 3.6131500
v 3.4925000 6.4516000 3.6639500
v 4.1021000 6.4516000 3.6639500
v 4.1021000 6.5024000 3.6639500
v 3.4925000 6.5024000 3.6639500
f 2669 2672 2671 2670
f 2673 2674 2675 2676
f 2669 2670 2674 2673
f 2670 2671 2675 2674
f 2671 2672 2676 2675
f 2672 2669 2673 2676
o Opening_horizontal_trim
usemtl trim
v 3.4925000 6.4516000 4.5275500
v 4.1021000 6.4516000 4.5275500
v 4.1021000 6.5024000 4.5275500
v 3.4925000 6.5024000 4.5275500
v 3.4925000 6.4516000 4.5783500
v 4.1021000 6.4516000 4.5783500
v 4.1021000 6.5024000 4.5783500
v 3.4925000 6.5024000 4.5783500
f 2677 2680 2679 2678
f 2681 2682 2683 2684
f 2677 2678 2682 2681
f 2678 2679 2683 2682
f 2679 2680 2684 2683
f 2680 2677 2681 2684
o North_upper_wall
usemtl wall
v 4.1021000 6.4770000 2.5019000
v 6.3373000 6.4770000 2.5019000
v 6.3373000 6.4770000 5.7721500
v 4.1021000 6.4770000 5.7721500
f 2685 2686 2687 2688
o Flat_walkway_slat
usemtl trim
v -0.8128000 -1.6002000 2.6543000
v 0.0000000 -1.6002000 2.6543000
v 0.0000000 -1.5621000 2.6543000
v -0.8128000 -1.5621000 2.6543000
v -0.8128000 -1.6002000 2.7051000
v 0.0000000 -1.6002000 2.7051000
v 0.0000000 -1.5621000 2.7051000
v -0.8128000 -1.5621000 2.7051000
f 2689 2692 2691 2690
f 2693 2694 2695 2696
f 2689 2690 2694 2693
f 2690 2691 2695 2694
f 2691 2692 2696 2695
f 2692 2689 2693 2696
o Flat_walkway_slat
usemtl trim
v -0.8128000 -1.4224000 2.6543000
v 0.0000000 -1.4224000 2.6543000
v 0.0000000 -1.3843000 2.6543000
v -0.8128000 -1.3843000 2.6543000
v -0.8128000 -1.4224000 2.7051000
v 0.0000000 -1.4224000 2.7051000
v 0.0000000 -1.3843000 2.7051000
v -0.8128000 -1.3843000 2.7051000
f 2697 2700 2699 2698
f 2701 2702 2703 2704
f 2697 2698 2702 2701
f 2698 2699 2703 2702
f 2699 2700 2704 2703
f 2700 2697 2701 2704
o Flat_walkway_slat
usemtl trim
v -0.8128000 -1.2446000 2.6543000
v 0.0000000 -1.2446000 2.6543000
v 0.0000000 -1.2065000 2.6543000
v -0.8128000 -1.2065000 2.6543000
v -0.8128000 -1.2446000 2.7051000
v 0.0000000 -1.2446000 2.7051000
v 0.0000000 -1.2065000 2.7051000
v -0.8128000 -1.2065000 2.7051000
f 2705 2708 2707 2706
f 2709 2710 2711 2712
f 2705 2706 2710 2709
f 2706 2707 2711 2710
f 2707 2708 2712 2711
f 2708 2705 2709 2712
o Flat_walkway_slat
usemtl trim
v -0.8128000 -1.0668000 2.6543000
v 0.0000000 -1.0668000 2.6543000
v 0.0000000 -1.0287000 2.6543000
v -0.8128000 -1.0287000 2.6543000
v -0.8128000 -1.0668000 2.7051000
v 0.0000000 -1.0668000 2.7051000
v 0.0000000 -1.0287000 2.7051000
v -0.8128000 -1.0287000 2.7051000
f 2713 2716 2715 2714
f 2717 2718 2719 2720
f 2713 2714 2718 2717
f 2714 2715 2719 2718
f 2715 2716 2720 2719
f 2716 2713 2717 2720
o Flat_walkway_slat
usemtl trim
v -0.8128000 -0.8890000 2.6543000
v 0.0000000 -0.8890000 2.6543000
v 0.0000000 -0.8509000 2.6543000
v -0.8128000 -0.8509000 2.6543000
v -0.8128000 -0.8890000 2.7051000
v 0.0000000 -0.8890000 2.7051000
v 0.0000000 -0.8509000 2.7051000
v -0.8128000 -0.8509000 2.7051000
f 2721 2724 2723 2722
f 2725 2726 2727 2728
f 2721 2722 2726 2725
f 2722 2723 2727 2726
f 2723 2724 2728 2727
f 2724 2721 2725 2728
o Flat_walkway_slat
usemtl trim
v -0.8128000 -0.7112000 2.6543000
v 0.0000000 -0.7112000 2.6543000
v 0.0000000 -0.6731000 2.6543000
v -0.8128000 -0.6731000 2.6543000
v -0.8128000 -0.7112000 2.7051000
v 0.0000000 -0.7112000 2.7051000
v 0.0000000 -0.6731000 2.7051000
v -0.8128000 -0.6731000 2.7051000
f 2729 2732 2731 2730
f 2733 2734 2735 2736
f 2729 2730 2734 2733
f 2730 2731 2735 2734
f 2731 2732 2736 2735
f 2732 2729 2733 2736
o Flat_walkway_slat
usemtl trim
v -0.8128000 -0.5334000 2.6543000
v 0.0000000 -0.5334000 2.6543000
v 0.0000000 -0.4953000 2.6543000
v -0.8128000 -0.4953000 2.6543000
v -0.8128000 -0.5334000 2.7051000
v 0.0000000 -0.5334000 2.7051000
v 0.0000000 -0.4953000 2.7051000
v -0.8128000 -0.4953000 2.7051000
f 2737 2740 2739 2738
f 2741 2742 2743 2744
f 2737 2738 2742 2741
f 2738 2739 2743 2742
f 2739 2740 2744 2743
f 2740 2737 2741 2744
o Flat_walkway_slat
usemtl trim
v -0.8128000 -0.3556000 2.6543000
v 0.0000000 -0.3556000 2.6543000
v 0.0000000 -0.3175000 2.6543000
v -0.8128000 -0.3175000 2.6543000
v -0.8128000 -0.3556000 2.7051000
v 0.0000000 -0.3556000 2.7051000
v 0.0000000 -0.3175000 2.7051000
v -0.8128000 -0.3175000 2.7051000
f 2745 2748 2747 2746
f 2749 2750 2751 2752
f 2745 2746 2750 2749
f 2746 2747 2751 2750
f 2747 2748 2752 2751
f 2748 2745 2749 2752
o Flat_walkway_slat
usemtl trim
v -0.8128000 -0.1778000 2.6543000
v 0.0000000 -0.1778000 2.6543000
v 0.0000000 -0.1397000 2.6543000
v -0.8128000 -0.1397000 2.6543000
v -0.8128000 -0.1778000 2.7051000
v 0.0000000 -0.1778000 2.7051000
v 0.0000000 -0.1397000 2.7051000
v -0.8128000 -0.1397000 2.7051000
f 2753 2756 2755 2754
f 2757 2758 2759 2760
f 2753 2754 2758 2757
f 2754 2755 2759 2758
f 2755 2756 2760 2759
f 2756 2753 2757 2760
o Flat_walkway_slat
usemtl trim
v -0.8128000 0.0000000 2.6543000
v 0.0000000 0.0000000 2.6543000
v 0.0000000 0.0381000 2.6543000
v -0.8128000 0.0381000 2.6543000
v -0.8128000 0.0000000 2.7051000
v 0.0000000 0.0000000 2.7051000
v 0.0000000 0.0381000 2.7051000
v -0.8128000 0.0381000 2.7051000
f 2761 2764 2763 2762
f 2765 2766 2767 2768
f 2761 2762 2766 2765
f 2762 2763 2767 2766
f 2763 2764 2768 2767
f 2764 2761 2765 2768
o Flat_walkway_slat
usemtl trim
v -0.8128000 0.1778000 2.6543000
v 0.0000000 0.1778000 2.6543000
v 0.0000000 0.2159000 2.6543000
v -0.8128000 0.2159000 2.6543000
v -0.8128000 0.1778000 2.7051000
v 0.0000000 0.1778000 2.7051000
v 0.0000000 0.2159000 2.7051000
v -0.8128000 0.2159000 2.7051000
f 2769 2772 2771 2770
f 2773 2774 2775 2776
f 2769 2770 2774 2773
f 2770 2771 2775 2774
f 2771 2772 2776 2775
f 2772 2769 2773 2776
o Flat_walkway_slat
usemtl trim
v -0.8128000 0.3556000 2.6543000
v 0.0000000 0.3556000 2.6543000
v 0.0000000 0.3937000 2.6543000
v -0.8128000 0.3937000 2.6543000
v -0.8128000 0.3556000 2.7051000
v 0.0000000 0.3556000 2.7051000
v 0.0000000 0.3937000 2.7051000
v -0.8128000 0.3937000 2.7051000
f 2777 2780 2779 2778
f 2781 2782 2783 2784
f 2777 2778 2782 2781
f 2778 2779 2783 2782
f 2779 2780 2784 2783
f 2780 2777 2781 2784
o Flat_walkway_slat
usemtl trim
v -0.8128000 0.5334000 2.6543000
v 0.0000000 0.5334000 2.6543000
v 0.0000000 0.5715000 2.6543000
v -0.8128000 0.5715000 2.6543000
v -0.8128000 0.5334000 2.7051000
v 0.0000000 0.5334000 2.7051000
v 0.0000000 0.5715000 2.7051000
v -0.8128000 0.5715000 2.7051000
f 2785 2788 2787 2786
f 2789 2790 2791 2792
f 2785 2786 2790 2789
f 2786 2787 2791 2790
f 2787 2788 2792 2791
f 2788 2785 2789 2792
o Flat_walkway_slat
usemtl trim
v -0.8128000 0.7112000 2.6543000
v 0.0000000 0.7112000 2.6543000
v 0.0000000 0.7493000 2.6543000
v -0.8128000 0.7493000 2.6543000
v -0.8128000 0.7112000 2.7051000
v 0.0000000 0.7112000 2.7051000
v 0.0000000 0.7493000 2.7051000
v -0.8128000 0.7493000 2.7051000
f 2793 2796 2795 2794
f 2797 2798 2799 2800
f 2793 2794 2798 2797
f 2794 2795 2799 2798
f 2795 2796 2800 2799
f 2796 2793 2797 2800
o Flat_walkway_slat
usemtl trim
v -0.8128000 0.8890000 2.6543000
v 0.0000000 0.8890000 2.6543000
v 0.0000000 0.9271000 2.6543000
v -0.8128000 0.9271000 2.6543000
v -0.8128000 0.8890000 2.7051000
v 0.0000000 0.8890000 2.7051000
v 0.0000000 0.9271000 2.7051000
v -0.8128000 0.9271000 2.7051000
f 2801 2804 2803 2802
f 2805 2806 2807 2808
f 2801 2802 2806 2805
f 2802 2803 2807 2806
f 2803 2804 2808 2807
f 2804 2801 2805 2808
o Flat_walkway_slat
usemtl trim
v -0.8128000 1.0668000 2.6543000
v 0.0000000 1.0668000 2.6543000
v 0.0000000 1.1049000 2.6543000
v -0.8128000 1.1049000 2.6543000
v -0.8128000 1.0668000 2.7051000
v 0.0000000 1.0668000 2.7051000
v 0.0000000 1.1049000 2.7051000
v -0.8128000 1.1049000 2.7051000
f 2809 2812 2811 2810
f 2813 2814 2815 2816
f 2809 2810 2814 2813
f 2810 2811 2815 2814
f 2811 2812 2816 2815
f 2812 2809 2813 2816
o Flat_walkway_slat
usemtl trim
v -0.8128000 1.2446000 2.6543000
v 0.0000000 1.2446000 2.6543000
v 0.0000000 1.2827000 2.6543000
v -0.8128000 1.2827000 2.6543000
v -0.8128000 1.2446000 2.7051000
v 0.0000000 1.2446000 2.7051000
v 0.0000000 1.2827000 2.7051000
v -0.8128000 1.2827000 2.7051000
f 2817 2820 2819 2818
f 2821 2822 2823 2824
f 2817 2818 2822 2821
f 2818 2819 2823 2822
f 2819 2820 2824 2823
f 2820 2817 2821 2824
o Flat_walkway_slat
usemtl trim
v -0.8128000 1.4224000 2.6543000
v 0.0000000 1.4224000 2.6543000
v 0.0000000 1.4605000 2.6543000
v -0.8128000 1.4605000 2.6543000
v -0.8128000 1.4224000 2.7051000
v 0.0000000 1.4224000 2.7051000
v 0.0000000 1.4605000 2.7051000
v -0.8128000 1.4605000 2.7051000
f 2825 2828 2827 2826
f 2829 2830 2831 2832
f 2825 2826 2830 2829
f 2826 2827 2831 2830
f 2827 2828 2832 2831
f 2828 2825 2829 2832
o Flat_walkway_slat
usemtl trim
v -0.8128000 1.6002000 2.6543000
v 0.0000000 1.6002000 2.6543000
v 0.0000000 1.6383000 2.6543000
v -0.8128000 1.6383000 2.6543000
v -0.8128000 1.6002000 2.7051000
v 0.0000000 1.6002000 2.7051000
v 0.0000000 1.6383000 2.7051000
v -0.8128000 1.6383000 2.7051000
f 2833 2836 2835 2834
f 2837 2838 2839 2840
f 2833 2834 2838 2837
f 2834 2835 2839 2838
f 2835 2836 2840 2839
f 2836 2833 2837 2840
o Flat_walkway_slat
usemtl trim
v -0.8128000 1.7780000 2.6543000
v 0.0000000 1.7780000 2.6543000
v 0.0000000 1.8161000 2.6543000
v -0.8128000 1.8161000 2.6543000
v -0.8128000 1.7780000 2.7051000
v 0.0000000 1.7780000 2.7051000
v 0.0000000 1.8161000 2.7051000
v -0.8128000 1.8161000 2.7051000
f 2841 2844 2843 2842
f 2845 2846 2847 2848
f 2841 2842 2846 2845
f 2842 2843 2847 2846
f 2843 2844 2848 2847
f 2844 2841 2845 2848
o Flat_walkway_slat
usemtl trim
v -0.8128000 1.9558000 2.6543000
v 0.0000000 1.9558000 2.6543000
v 0.0000000 1.9939000 2.6543000
v -0.8128000 1.9939000 2.6543000
v -0.8128000 1.9558000 2.7051000
v 0.0000000 1.9558000 2.7051000
v 0.0000000 1.9939000 2.7051000
v -0.8128000 1.9939000 2.7051000
f 2849 2852 2851 2850
f 2853 2854 2855 2856
f 2849 2850 2854 2853
f 2850 2851 2855 2854
f 2851 2852 2856 2855
f 2852 2849 2853 2856
o Flat_walkway_slat
usemtl trim
v -0.8128000 2.1336000 2.6543000
v 0.0000000 2.1336000 2.6543000
v 0.0000000 2.1717000 2.6543000
v -0.8128000 2.1717000 2.6543000
v -0.8128000 2.1336000 2.7051000
v 0.0000000 2.1336000 2.7051000
v 0.0000000 2.1717000 2.7051000
v -0.8128000 2.1717000 2.7051000
f 2857 2860 2859 2858
f 2861 2862 2863 2864
f 2857 2858 2862 2861
f 2858 2859 2863 2862
f 2859 2860 2864 2863
f 2860 2857 2861 2864
o Flat_walkway_slat
usemtl trim
v -0.8128000 2.3114000 2.6543000
v 0.0000000 2.3114000 2.6543000
v 0.0000000 2.3495000 2.6543000
v -0.8128000 2.3495000 2.6543000
v -0.8128000 2.3114000 2.7051000
v 0.0000000 2.3114000 2.7051000
v 0.0000000 2.3495000 2.7051000
v -0.8128000 2.3495000 2.7051000
f 2865 2868 2867 2866
f 2869 2870 2871 2872
f 2865 2866 2870 2869
f 2866 2867 2871 2870
f 2867 2868 2872 2871
f 2868 2865 2869 2872
o Flat_walkway_slat
usemtl trim
v -0.8128000 2.4892000 2.6543000
v 0.0000000 2.4892000 2.6543000
v 0.0000000 2.5273000 2.6543000
v -0.8128000 2.5273000 2.6543000
v -0.8128000 2.4892000 2.7051000
v 0.0000000 2.4892000 2.7051000
v 0.0000000 2.5273000 2.7051000
v -0.8128000 2.5273000 2.7051000
f 2873 2876 2875 2874
f 2877 2878 2879 2880
f 2873 2874 2878 2877
f 2874 2875 2879 2878
f 2875 2876 2880 2879
f 2876 2873 2877 2880
o Flat_walkway_slat
usemtl trim
v -0.8128000 2.6670000 2.6543000
v 0.0000000 2.6670000 2.6543000
v 0.0000000 2.7051000 2.6543000
v -0.8128000 2.7051000 2.6543000
v -0.8128000 2.6670000 2.7051000
v 0.0000000 2.6670000 2.7051000
v 0.0000000 2.7051000 2.7051000
v -0.8128000 2.7051000 2.7051000
f 2881 2884 2883 2882
f 2885 2886 2887 2888
f 2881 2882 2886 2885
f 2882 2883 2887 2886
f 2883 2884 2888 2887
f 2884 2881 2885 2888
o Flat_walkway_slat
usemtl trim
v -0.8128000 2.8448000 2.6543000
v 0.0000000 2.8448000 2.6543000
v 0.0000000 2.8829000 2.6543000
v -0.8128000 2.8829000 2.6543000
v -0.8128000 2.8448000 2.7051000
v 0.0000000 2.8448000 2.7051000
v 0.0000000 2.8829000 2.7051000
v -0.8128000 2.8829000 2.7051000
f 2889 2892 2891 2890
f 2893 2894 2895 2896
f 2889 2890 2894 2893
f 2890 2891 2895 2894
f 2891 2892 2896 2895
f 2892 2889 2893 2896
o Flat_walkway_slat
usemtl trim
v -0.8128000 3.0226000 2.6543000
v 0.0000000 3.0226000 2.6543000
v 0.0000000 3.0607000 2.6543000
v -0.8128000 3.0607000 2.6543000
v -0.8128000 3.0226000 2.7051000
v 0.0000000 3.0226000 2.7051000
v 0.0000000 3.0607000 2.7051000
v -0.8128000 3.0607000 2.7051000
f 2897 2900 2899 2898
f 2901 2902 2903 2904
f 2897 2898 2902 2901
f 2898 2899 2903 2902
f 2899 2900 2904 2903
f 2900 2897 2901 2904
o Flat_walkway_slat
usemtl trim
v -0.8128000 3.2004000 2.6543000
v 0.0000000 3.2004000 2.6543000
v 0.0000000 3.2385000 2.6543000
v -0.8128000 3.2385000 2.6543000
v -0.8128000 3.2004000 2.7051000
v 0.0000000 3.2004000 2.7051000
v 0.0000000 3.2385000 2.7051000
v -0.8128000 3.2385000 2.7051000
f 2905 2908 2907 2906
f 2909 2910 2911 2912
f 2905 2906 2910 2909
f 2906 2907 2911 2910
f 2907 2908 2912 2911
f 2908 2905 2909 2912
o Flat_walkway_slat
usemtl trim
v -0.8128000 3.3782000 2.6543000
v 0.0000000 3.3782000 2.6543000
v 0.0000000 3.4163000 2.6543000
v -0.8128000 3.4163000 2.6543000
v -0.8128000 3.3782000 2.7051000
v 0.0000000 3.3782000 2.7051000
v 0.0000000 3.4163000 2.7051000
v -0.8128000 3.4163000 2.7051000
f 2913 2916 2915 2914
f 2917 2918 2919 2920
f 2913 2914 2918 2917
f 2914 2915 2919 2918
f 2915 2916 2920 2919
f 2916 2913 2917 2920
o Flat_walkway_slat
usemtl trim
v -0.8128000 3.5560000 2.6543000
v 0.0000000 3.5560000 2.6543000
v 0.0000000 3.5941000 2.6543000
v -0.8128000 3.5941000 2.6543000
v -0.8128000 3.5560000 2.7051000
v 0.0000000 3.5560000 2.7051000
v 0.0000000 3.5941000 2.7051000
v -0.8128000 3.5941000 2.7051000
f 2921 2924 2923 2922
f 2925 2926 2927 2928
f 2921 2922 2926 2925
f 2922 2923 2927 2926
f 2923 2924 2928 2927
f 2924 2921 2925 2928
o Flat_walkway_slat
usemtl trim
v -0.8128000 3.7338000 2.6543000
v 0.0000000 3.7338000 2.6543000
v 0.0000000 3.7719000 2.6543000
v -0.8128000 3.7719000 2.6543000
v -0.8128000 3.7338000 2.7051000
v 0.0000000 3.7338000 2.7051000
v 0.0000000 3.7719000 2.7051000
v -0.8128000 3.7719000 2.7051000
f 2929 2932 2931 2930
f 2933 2934 2935 2936
f 2929 2930 2934 2933
f 2930 2931 2935 2934
f 2931 2932 2936 2935
f 2932 2929 2933 2936
o Flat_walkway_slat
usemtl trim
v -0.8128000 3.9116000 2.6543000
v 0.0000000 3.9116000 2.6543000
v 0.0000000 3.9497000 2.6543000
v -0.8128000 3.9497000 2.6543000
v -0.8128000 3.9116000 2.7051000
v 0.0000000 3.9116000 2.7051000
v 0.0000000 3.9497000 2.7051000
v -0.8128000 3.9497000 2.7051000
f 2937 2940 2939 2938
f 2941 2942 2943 2944
f 2937 2938 2942 2941
f 2938 2939 2943 2942
f 2939 2940 2944 2943
f 2940 2937 2941 2944
o Flat_walkway_slat
usemtl trim
v -0.8128000 4.0894000 2.6543000
v 0.0000000 4.0894000 2.6543000
v 0.0000000 4.1275000 2.6543000
v -0.8128000 4.1275000 2.6543000
v -0.8128000 4.0894000 2.7051000
v 0.0000000 4.0894000 2.7051000
v 0.0000000 4.1275000 2.7051000
v -0.8128000 4.1275000 2.7051000
f 2945 2948 2947 2946
f 2949 2950 2951 2952
f 2945 2946 2950 2949
f 2946 2947 2951 2950
f 2947 2948 2952 2951
f 2948 2945 2949 2952
o Flat_walkway_slat
usemtl trim
v -0.8128000 4.2672000 2.6543000
v 0.0000000 4.2672000 2.6543000
v 0.0000000 4.3053000 2.6543000
v -0.8128000 4.3053000 2.6543000
v -0.8128000 4.2672000 2.7051000
v 0.0000000 4.2672000 2.7051000
v 0.0000000 4.3053000 2.7051000
v -0.8128000 4.3053000 2.7051000
f 2953 2956 2955 2954
f 2957 2958 2959 2960
f 2953 2954 2958 2957
f 2954 2955 2959 2958
f 2955 2956 2960 2959
f 2956 2953 2957 2960
o Flat_walkway_slat
usemtl trim
v -0.8128000 4.4450000 2.6543000
v 0.0000000 4.4450000 2.6543000
v 0.0000000 4.4831000 2.6543000
v -0.8128000 4.4831000 2.6543000
v -0.8128000 4.4450000 2.7051000
v 0.0000000 4.4450000 2.7051000
v 0.0000000 4.4831000 2.7051000
v -0.8128000 4.4831000 2.7051000
f 2961 2964 2963 2962
f 2965 2966 2967 2968
f 2961 2962 2966 2965
f 2962 2963 2967 2966
f 2963 2964 2968 2967
f 2964 2961 2965 2968
o White_balcony_floor
usemtl trim
v -0.8128000 4.4958000 2.7051000
v 0.0000000 4.4958000 2.7051000
v 0.0000000 6.4770000 2.7051000
v -0.8128000 6.4770000 2.7051000
v -0.8128000 4.4958000 2.7241500
v 0.0000000 4.4958000 2.7241500
v 0.0000000 6.4770000 2.7241500
v -0.8128000 6.4770000 2.7241500
f 2969 2972 2971 2970
f 2973 2974 2975 2976
f 2969 2970 2974 2973
f 2970 2971 2975 2974
f 2971 2972 2976 2975
f 2972 2969 2973 2976
o Balcony_baluster
usemtl trim
v -0.8382000 4.4958000 2.7241500
v -0.8128000 4.4958000 2.7241500
v -0.8128000 4.5212000 2.7241500
v -0.8382000 4.5212000 2.7241500
v -0.8382000 4.4958000 3.7909500
v -0.8128000 4.4958000 3.7909500
v -0.8128000 4.5212000 3.7909500
v -0.8382000 4.5212000 3.7909500
f 2977 2980 2979 2978
f 2981 2982 2983 2984
f 2977 2978 2982 2981
f 2978 2979 2983 2982
f 2979 2980 2984 2983
f 2980 2977 2981 2984
o Balcony_baluster
usemtl trim
v -0.8382000 4.6482000 2.7241500
v -0.8128000 4.6482000 2.7241500
v -0.8128000 4.6736000 2.7241500
v -0.8382000 4.6736000 2.7241500
v -0.8382000 4.6482000 3.7909500
v -0.8128000 4.6482000 3.7909500
v -0.8128000 4.6736000 3.7909500
v -0.8382000 4.6736000 3.7909500
f 2985 2988 2987 2986
f 2989 2990 2991 2992
f 2985 2986 2990 2989
f 2986 2987 2991 2990
f 2987 2988 2992 2991
f 2988 2985 2989 2992
o Balcony_baluster
usemtl trim
v -0.8382000 4.8006000 2.7241500
v -0.8128000 4.8006000 2.7241500
v -0.8128000 4.8260000 2.7241500
v -0.8382000 4.8260000 2.7241500
v -0.8382000 4.8006000 3.7909500
v -0.8128000 4.8006000 3.7909500
v -0.8128000 4.8260000 3.7909500
v -0.8382000 4.8260000 3.7909500
f 2993 2996 2995 2994
f 2997 2998 2999 3000
f 2993 2994 2998 2997
f 2994 2995 2999 2998
f 2995 2996 3000 2999
f 2996 2993 2997 3000
o Balcony_baluster
usemtl trim
v -0.8382000 4.9530000 2.7241500
v -0.8128000 4.9530000 2.7241500
v -0.8128000 4.9784000 2.7241500
v -0.8382000 4.9784000 2.7241500
v -0.8382000 4.9530000 3.7909500
v -0.8128000 4.9530000 3.7909500
v -0.8128000 4.9784000 3.7909500
v -0.8382000 4.9784000 3.7909500
f 3001 3004 3003 3002
f 3005 3006 3007 3008
f 3001 3002 3006 3005
f 3002 3003 3007 3006
f 3003 3004 3008 3007
f 3004 3001 3005 3008
o Balcony_baluster
usemtl trim
v -0.8382000 5.1054000 2.7241500
v -0.8128000 5.1054000 2.7241500
v -0.8128000 5.1308000 2.7241500
v -0.8382000 5.1308000 2.7241500
v -0.8382000 5.1054000 3.7909500
v -0.8128000 5.1054000 3.7909500
v -0.8128000 5.1308000 3.7909500
v -0.8382000 5.1308000 3.7909500
f 3009 3012 3011 3010
f 3013 3014 3015 3016
f 3009 3010 3014 3013
f 3010 3011 3015 3014
f 3011 3012 3016 3015
f 3012 3009 3013 3016
o Balcony_baluster
usemtl trim
v -0.8382000 5.2578000 2.7241500
v -0.8128000 5.2578000 2.7241500
v -0.8128000 5.2832000 2.7241500
v -0.8382000 5.2832000 2.7241500
v -0.8382000 5.2578000 3.7909500
v -0.8128000 5.2578000 3.7909500
v -0.8128000 5.2832000 3.7909500
v -0.8382000 5.2832000 3.7909500
f 3017 3020 3019 3018
f 3021 3022 3023 3024
f 3017 3018 3022 3021
f 3018 3019 3023 3022
f 3019 3020 3024 3023
f 3020 3017 3021 3024
o Balcony_baluster
usemtl trim
v -0.8382000 5.4102000 2.7241500
v -0.8128000 5.4102000 2.7241500
v -0.8128000 5.4356000 2.7241500
v -0.8382000 5.4356000 2.7241500
v -0.8382000 5.4102000 3.7909500
v -0.8128000 5.4102000 3.7909500
v -0.8128000 5.4356000 3.7909500
v -0.8382000 5.4356000 3.7909500
f 3025 3028 3027 3026
f 3029 3030 3031 3032
f 3025 3026 3030 3029
f 3026 3027 3031 3030
f 3027 3028 3032 3031
f 3028 3025 3029 3032
o Balcony_baluster
usemtl trim
v -0.8382000 5.5626000 2.7241500
v -0.8128000 5.5626000 2.7241500
v -0.8128000 5.5880000 2.7241500
v -0.8382000 5.5880000 2.7241500
v -0.8382000 5.5626000 3.7909500
v -0.8128000 5.5626000 3.7909500
v -0.8128000 5.5880000 3.7909500
v -0.8382000 5.5880000 3.7909500
f 3033 3036 3035 3034
f 3037 3038 3039 3040
f 3033 3034 3038 3037
f 3034 3035 3039 3038
f 3035 3036 3040 3039
f 3036 3033 3037 3040
o Balcony_baluster
usemtl trim
v -0.8382000 5.7150000 2.7241500
v -0.8128000 5.7150000 2.7241500
v -0.8128000 5.7404000 2.7241500
v -0.8382000 5.7404000 2.7241500
v -0.8382000 5.7150000 3.7909500
v -0.8128000 5.7150000 3.7909500
v -0.8128000 5.7404000 3.7909500
v -0.8382000 5.7404000 3.7909500
f 3041 3044 3043 3042
f 3045 3046 3047 3048
f 3041 3042 3046 3045
f 3042 3043 3047 3046
f 3043 3044 3048 3047
f 3044 3041 3045 3048
o Balcony_baluster
usemtl trim
v -0.8382000 5.8674000 2.7241500
v -0.8128000 5.8674000 2.7241500
v -0.8128000 5.8928000 2.7241500
v -0.8382000 5.8928000 2.7241500
v -0.8382000 5.8674000 3.7909500
v -0.8128000 5.8674000 3.7909500
v -0.8128000 5.8928000 3.7909500
v -0.8382000 5.8928000 3.7909500
f 3049 3052 3051 3050
f 3053 3054 3055 3056
f 3049 3050 3054 3053
f 3050 3051 3055 3054
f 3051 3052 3056 3055
f 3052 3049 3053 3056
o Balcony_baluster
usemtl trim
v -0.8382000 6.0198000 2.7241500
v -0.8128000 6.0198000 2.7241500
v -0.8128000 6.0452000 2.7241500
v -0.8382000 6.0452000 2.7241500
v -0.8382000 6.0198000 3.7909500
v -0.8128000 6.0198000 3.7909500
v -0.8128000 6.0452000 3.7909500
v -0.8382000 6.0452000 3.7909500
f 3057 3060 3059 3058
f 3061 3062 3063 3064
f 3057 3058 3062 3061
f 3058 3059 3063 3062
f 3059 3060 3064 3063
f 3060 3057 3061 3064
o Balcony_baluster
usemtl trim
v -0.8382000 6.1722000 2.7241500
v -0.8128000 6.1722000 2.7241500
v -0.8128000 6.1976000 2.7241500
v -0.8382000 6.1976000 2.7241500
v -0.8382000 6.1722000 3.7909500
v -0.8128000 6.1722000 3.7909500
v -0.8128000 6.1976000 3.7909500
v -0.8382000 6.1976000 3.7909500
f 3065 3068 3067 3066
f 3069 3070 3071 3072
f 3065 3066 3070 3069
f 3066 3067 3071 3070
f 3067 3068 3072 3071
f 3068 3065 3069 3072
o Balcony_baluster
usemtl trim
v -0.8382000 6.3246000 2.7241500
v -0.8128000 6.3246000 2.7241500
v -0.8128000 6.3500000 2.7241500
v -0.8382000 6.3500000 2.7241500
v -0.8382000 6.3246000 3.7909500
v -0.8128000 6.3246000 3.7909500
v -0.8128000 6.3500000 3.7909500
v -0.8382000 6.3500000 3.7909500
f 3073 3076 3075 3074
f 3077 3078 3079 3080
f 3073 3074 3078 3077
f 3074 3075 3079 3078
f 3075 3076 3080 3079
f 3076 3073 3077 3080
o Balcony_baluster
usemtl trim
v -0.8382000 6.4770000 2.7241500
v -0.8128000 6.4770000 2.7241500
v -0.8128000 6.5024000 2.7241500
v -0.8382000 6.5024000 2.7241500
v -0.8382000 6.4770000 3.7909500
v -0.8128000 6.4770000 3.7909500
v -0.8128000 6.5024000 3.7909500
v -0.8382000 6.5024000 3.7909500
f 3081 3084 3083 3082
f 3085 3086 3087 3088
f 3081 3082 3086 3085
f 3082 3083 3087 3086
f 3083 3084 3088 3087
f 3084 3081 3085 3088
o Balcony_handrail
usemtl trim
v -0.8636000 4.4958000 3.7401500
v -0.7874000 4.4958000 3.7401500
v -0.7874000 6.4770000 3.7401500
v -0.8636000 6.4770000 3.7401500
v -0.8636000 4.4958000 3.7909500
v -0.7874000 4.4958000 3.7909500
v -0.7874000 6.4770000 3.7909500
v -0.8636000 6.4770000 3.7909500
f 3089 3092 3091 3090
f 3093 3094 3095 3096
f 3089 3090 3094 3093
f 3090 3091 3095 3094
f 3091 3092 3096 3095
f 3092 3089 3093 3096
o Balcony_return_handrail
usemtl trim
v -0.8128000 4.4958000 3.7401500
v 0.0000000 4.4958000 3.7401500
v 0.0000000 4.5212000 3.7401500
v -0.8128000 4.5212000 3.7401500
v -0.8128000 4.4958000 3.7909500
v 0.0000000 4.4958000 3.7909500
v 0.0000000 4.5212000 3.7909500
v -0.8128000 4.5212000 3.7909500
f 3097 3100 3099 3098
f 3101 3102 3103 3104
f 3097 3098 3102 3101
f 3098 3099 3103 3102
f 3099 3100 3104 3103
f 3100 3097 3101 3104
o Balcony_return_handrail
usemtl trim
v -0.8128000 6.4516000 3.7401500
v 0.0000000 6.4516000 3.7401500
v 0.0000000 6.4770000 3.7401500
v -0.8128000 6.4770000 3.7401500
v -0.8128000 6.4516000 3.7909500
v 0.0000000 6.4516000 3.7909500
v 0.0000000 6.4770000 3.7909500
v -0.8128000 6.4770000 3.7909500
f 3105 3108 3107 3106
f 3109 3110 3111 3112
f 3105 3106 3110 3109
f 3106 3107 3111 3110
f 3107 3108 3112 3111
f 3108 3105 3109 3112
o Workbench
usemtl wood
v -0.6858000 4.4196000 0.8890000
v 0.0000000 4.4196000 0.8890000
v 0.0000000 6.3246000 0.8890000
v -0.6858000 6.3246000 0.8890000
v -0.6858000 4.4196000 0.9398000
v 0.0000000 4.4196000 0.9398000
v 0.0000000 6.3246000 0.9398000
v -0.6858000 6.3246000 0.9398000
f 3113 3116 3115 3114
f 3117 3118 3119 3120
f 3113 3114 3118 3117
f 3114 3115 3119 3118
f 3115 3116 3120 3119
f 3116 3113 3117 3120
o Workbench_rear_panel
usemtl wood
v -0.0254000 4.4196000 0.0000000
v 0.0000000 4.4196000 0.0000000
v 0.0000000 6.3246000 0.0000000
v -0.0254000 6.3246000 0.0000000
v -0.0254000 4.4196000 2.4384000
v 0.0000000 4.4196000 2.4384000
v 0.0000000 6.3246000 2.4384000
v -0.0254000 6.3246000 2.4384000
f 3121 3124 3123 3122
f 3125 3126 3127 3128
f 3121 3122 3126 3125
f 3122 3123 3127 3126
f 3123 3124 3128 3127
f 3124 3121 3125 3128
o Electrical_pillar
usemtl wall
v -4.4259500 4.4196000 0.0000000
v -4.1719500 4.4196000 0.0000000
v -4.1719500 5.6388000 0.0000000
v -4.4259500 5.6388000 0.0000000
v -4.4259500 4.4196000 2.4384000
v -4.1719500 4.4196000 2.4384000
v -4.1719500 5.6388000 2.4384000
v -4.4259500 5.6388000 2.4384000
f 3129 3132 3131 3130
f 3133 3134 3135 3136
f 3129 3130 3134 3133
f 3130 3131 3135 3134
f 3131 3132 3136 3135
f 3132 3129 3133 3136
o Shelter_column
usemtl steel
v -4.1719500 4.4196000 0.0000000
v -4.1084500 4.4196000 0.0000000
v -4.1084500 4.4831000 0.0000000
v -4.1719500 4.4831000 0.0000000
v -4.1719500 4.4196000 2.4384000
v -4.1084500 4.4196000 2.4384000
v -4.1084500 4.4831000 2.4384000
v -4.1719500 4.4831000 2.4384000
f 3137 3140 3139 3138
f 3141 3142 3143 3144
f 3137 3138 3142 3141
f 3138 3139 3143 3142
f 3139 3140 3144 3143
f 3140 3137 3141 3144
o Shelter_column
usemtl steel
v -4.1719500 5.6388000 0.0000000
v -4.1084500 5.6388000 0.0000000
v -4.1084500 5.7023000 0.0000000
v -4.1719500 5.7023000 0.0000000
v -4.1719500 5.6388000 2.4384000
v -4.1084500 5.6388000 2.4384000
v -4.1084500 5.7023000 2.4384000
v -4.1719500 5.7023000 2.4384000
f 3145 3148 3147 3146
f 3149 3150 3151 3152
f 3145 3146 3150 3149
f 3146 3147 3151 3150
f 3147 3148 3152 3151
f 3148 3145 3149 3152
o Shelter_column
usemtl steel
v -0.6858000 4.4196000 0.0000000
v -0.6223000 4.4196000 0.0000000
v -0.6223000 4.4831000 0.0000000
v -0.6858000 4.4831000 0.0000000
v -0.6858000 4.4196000 2.4384000
v -0.6223000 4.4196000 2.4384000
v -0.6223000 4.4831000 2.4384000
v -0.6858000 4.4831000 2.4384000
f 3153 3156 3155 3154
f 3157 3158 3159 3160
f 3153 3154 3158 3157
f 3154 3155 3159 3158
f 3155 3156 3160 3159
f 3156 3153 3157 3160
o Shelter_column
usemtl steel
v -0.6858000 6.3246000 0.0000000
v -0.6223000 6.3246000 0.0000000
v -0.6223000 6.3881000 0.0000000
v -0.6858000 6.3881000 0.0000000
v -0.6858000 6.3246000 2.4384000
v -0.6223000 6.3246000 2.4384000
v -0.6223000 6.3881000 2.4384000
v -0.6858000 6.3881000 2.4384000
f 3161 3164 3163 3162
f 3165 3166 3167 3168
f 3161 3162 3166 3165
f 3162 3163 3167 3166
f 3163 3164 3168 3167
f 3164 3161 3165 3168
o Existing_shelter_truss_chord
usemtl steel
v -4.1719500 4.4513500 2.0447000
v -4.1719500 4.3878500 2.0447000
v -4.1719500 4.3878500 1.9812000
v -4.1719500 4.4513500 1.9812000
v -0.6858000 4.4513500 2.0447000
v -0.6858000 4.3878500 2.0447000
v -0.6858000 4.3878500 1.9812000
v -0.6858000 4.4513500 1.9812000
f 3169 3172 3171 3170
f 3173 3174 3175 3176
f 3169 3170 3174 3173
f 3170 3171 3175 3174
f 3171 3172 3176 3175
f 3172 3169 3173 3176
o Existing_shelter_truss_chord
usemtl steel
v -4.1719500 4.4513500 2.4384000
v -4.1719500 4.3878500 2.4384000
v -4.1719500 4.3878500 2.3749000
v -4.1719500 4.4513500 2.3749000
v -0.6858000 4.4513500 2.4384000
v -0.6858000 4.3878500 2.4384000
v -0.6858000 4.3878500 2.3749000
v -0.6858000 4.4513500 2.3749000
f 3177 3180 3179 3178
f 3181 3182 3183 3184
f 3177 3178 3182 3181
f 3178 3179 3183 3182
f 3179 3180 3184 3183
f 3180 3177 3181 3184
o Existing_shelter_truss_vertical
usemtl steel
v -4.1719500 4.4196000 1.9812000
v -4.1084500 4.4196000 1.9812000
v -4.1084500 4.4831000 1.9812000
v -4.1719500 4.4831000 1.9812000
v -4.1719500 4.4196000 2.4384000
v -4.1084500 4.4196000 2.4384000
v -4.1084500 4.4831000 2.4384000
v -4.1719500 4.4831000 2.4384000
f 3185 3188 3187 3186
f 3189 3190 3191 3192
f 3185 3186 3190 3189
f 3186 3187 3191 3190
f 3187 3188 3192 3191
f 3188 3185 3189 3192
o Existing_shelter_truss_vertical
usemtl steel
v -3.5909250 4.4196000 1.9812000
v -3.5274250 4.4196000 1.9812000
v -3.5274250 4.4831000 1.9812000
v -3.5909250 4.4831000 1.9812000
v -3.5909250 4.4196000 2.4384000
v -3.5274250 4.4196000 2.4384000
v -3.5274250 4.4831000 2.4384000
v -3.5909250 4.4831000 2.4384000
f 3193 3196 3195 3194
f 3197 3198 3199 3200
f 3193 3194 3198 3197
f 3194 3195 3199 3198
f 3195 3196 3200 3199
f 3196 3193 3197 3200
o Existing_shelter_truss_vertical
usemtl steel
v -3.0099000 4.4196000 1.9812000
v -2.9464000 4.4196000 1.9812000
v -2.9464000 4.4831000 1.9812000
v -3.0099000 4.4831000 1.9812000
v -3.0099000 4.4196000 2.4384000
v -2.9464000 4.4196000 2.4384000
v -2.9464000 4.4831000 2.4384000
v -3.0099000 4.4831000 2.4384000
f 3201 3204 3203 3202
f 3205 3206 3207 3208
f 3201 3202 3206 3205
f 3202 3203 3207 3206
f 3203 3204 3208 3207
f 3204 3201 3205 3208
o Existing_shelter_truss_vertical
usemtl steel
v -2.4288750 4.4196000 1.9812000
v -2.3653750 4.4196000 1.9812000
v -2.3653750 4.4831000 1.9812000
v -2.4288750 4.4831000 1.9812000
v -2.4288750 4.4196000 2.4384000
v -2.3653750 4.4196000 2.4384000
v -2.3653750 4.4831000 2.4384000
v -2.4288750 4.4831000 2.4384000
f 3209 3212 3211 3210
f 3213 3214 3215 3216
f 3209 3210 3214 3213
f 3210 3211 3215 3214
f 3211 3212 3216 3215
f 3212 3209 3213 3216
o Existing_shelter_truss_vertical
usemtl steel
v -1.8478500 4.4196000 1.9812000
v -1.7843500 4.4196000 1.9812000
v -1.7843500 4.4831000 1.9812000
v -1.8478500 4.4831000 1.9812000
v -1.8478500 4.4196000 2.4384000
v -1.7843500 4.4196000 2.4384000
v -1.7843500 4.4831000 2.4384000
v -1.8478500 4.4831000 2.4384000
f 3217 3220 3219 3218
f 3221 3222 3223 3224
f 3217 3218 3222 3221
f 3218 3219 3223 3222
f 3219 3220 3224 3223
f 3220 3217 3221 3224
o Existing_shelter_truss_vertical
usemtl steel
v -1.2668250 4.4196000 1.9812000
v -1.2033250 4.4196000 1.9812000
v -1.2033250 4.4831000 1.9812000
v -1.2668250 4.4831000 1.9812000
v -1.2668250 4.4196000 2.4384000
v -1.2033250 4.4196000 2.4384000
v -1.2033250 4.4831000 2.4384000
v -1.2668250 4.4831000 2.4384000
f 3225 3228 3227 3226
f 3229 3230 3231 3232
f 3225 3226 3230 3229
f 3226 3227 3231 3230
f 3227 3228 3232 3231
f 3228 3225 3229 3232
o Existing_shelter_truss_vertical
usemtl steel
v -0.6858000 4.4196000 1.9812000
v -0.6223000 4.4196000 1.9812000
v -0.6223000 4.4831000 1.9812000
v -0.6858000 4.4831000 1.9812000
v -0.6858000 4.4196000 2.4384000
v -0.6223000 4.4196000 2.4384000
v -0.6223000 4.4831000 2.4384000
v -0.6858000 4.4831000 2.4384000
f 3233 3236 3235 3234
f 3237 3238 3239 3240
f 3233 3234 3238 3237
f 3234 3235 3239 3238
f 3235 3236 3240 3239
f 3236 3233 3237 3240
o Shelter_roof
usemtl shelter
v -4.6799500 4.1656000 2.4701500
v 0.0000000 4.1656000 2.4701500
v 0.0000000 6.5786000 2.4701500
v -4.6799500 6.5786000 2.4701500
v -4.6799500 4.1656000 2.4892000
v 0.0000000 4.1656000 2.4892000
v 0.0000000 6.5786000 2.4892000
v -4.6799500 6.5786000 2.4892000
f 3241 3244 3243 3242
f 3245 3246 3247 3248
f 3241 3242 3246 3245
f 3242 3243 3247 3246
f 3243 3244 3248 3247
f 3244 3241 3245 3248
o Roof_corrugation
usemtl shelter
v -4.6774100 4.1656000 2.4930100
v -4.6697900 4.1656000 2.4930100
v -4.6697900 4.1656000 2.4853900
v -4.6774100 4.1656000 2.4853900
v -4.6774100 6.5786000 2.4930100
v -4.6697900 6.5786000 2.4930100
v -4.6697900 6.5786000 2.4853900
v -4.6774100 6.5786000 2.4853900
f 3249 3252 3251 3250
f 3253 3254 3255 3256
f 3249 3250 3254 3253
f 3250 3251 3255 3254
f 3251 3252 3256 3255
f 3252 3249 3253 3256
o Roof_corrugation
usemtl shelter
v -4.5758100 4.1656000 2.4930100
v -4.5681900 4.1656000 2.4930100
v -4.5681900 4.1656000 2.4853900
v -4.5758100 4.1656000 2.4853900
v -4.5758100 6.5786000 2.4930100
v -4.5681900 6.5786000 2.4930100
v -4.5681900 6.5786000 2.4853900
v -4.5758100 6.5786000 2.4853900
f 3257 3260 3259 3258
f 3261 3262 3263 3264
f 3257 3258 3262 3261
f 3258 3259 3263 3262
f 3259 3260 3264 3263
f 3260 3257 3261 3264
o Roof_corrugation
usemtl shelter
v -4.4742100 4.1656000 2.4930100
v -4.4665900 4.1656000 2.4930100
v -4.4665900 4.1656000 2.4853900
v -4.4742100 4.1656000 2.4853900
v -4.4742100 6.5786000 2.4930100
v -4.4665900 6.5786000 2.4930100
v -4.4665900 6.5786000 2.4853900
v -4.4742100 6.5786000 2.4853900
f 3265 3268 3267 3266
f 3269 3270 3271 3272
f 3265 3266 3270 3269
f 3266 3267 3271 3270
f 3267 3268 3272 3271
f 3268 3265 3269 3272
o Roof_corrugation
usemtl shelter
v -4.3726100 4.1656000 2.4930100
v -4.3649900 4.1656000 2.4930100
v -4.3649900 4.1656000 2.4853900
v -4.3726100 4.1656000 2.4853900
v -4.3726100 6.5786000 2.4930100
v -4.3649900 6.5786000 2.4930100
v -4.3649900 6.5786000 2.4853900
v -4.3726100 6.5786000 2.4853900
f 3273 3276 3275 3274
f 3277 3278 3279 3280
f 3273 3274 3278 3277
f 3274 3275 3279 3278
f 3275 3276 3280 3279
f 3276 3273 3277 3280
o Roof_corrugation
usemtl shelter
v -4.2710100 4.1656000 2.4930100
v -4.2633900 4.1656000 2.4930100
v -4.2633900 4.1656000 2.4853900
v -4.2710100 4.1656000 2.4853900
v -4.2710100 6.5786000 2.4930100
v -4.2633900 6.5786000 2.4930100
v -4.2633900 6.5786000 2.4853900
v -4.2710100 6.5786000 2.4853900
f 3281 3284 3283 3282
f 3285 3286 3287 3288
f 3281 3282 3286 3285
f 3282 3283 3287 3286
f 3283 3284 3288 3287
f 3284 3281 3285 3288
o Roof_corrugation
usemtl shelter
v -4.1694100 4.1656000 2.4930100
v -4.1617900 4.1656000 2.4930100
v -4.1617900 4.1656000 2.4853900
v -4.1694100 4.1656000 2.4853900
v -4.1694100 6.5786000 2.4930100
v -4.1617900 6.5786000 2.4930100
v -4.1617900 6.5786000 2.4853900
v -4.1694100 6.5786000 2.4853900
f 3289 3292 3291 3290
f 3293 3294 3295 3296
f 3289 3290 3294 3293
f 3290 3291 3295 3294
f 3291 3292 3296 3295
f 3292 3289 3293 3296
o Roof_corrugation
usemtl shelter
v -4.0678100 4.1656000 2.4930100
v -4.0601900 4.1656000 2.4930100
v -4.0601900 4.1656000 2.4853900
v -4.0678100 4.1656000 2.4853900
v -4.0678100 6.5786000 2.4930100
v -4.0601900 6.5786000 2.4930100
v -4.0601900 6.5786000 2.4853900
v -4.0678100 6.5786000 2.4853900
f 3297 3300 3299 3298
f 3301 3302 3303 3304
f 3297 3298 3302 3301
f 3298 3299 3303 3302
f 3299 3300 3304 3303
f 3300 3297 3301 3304
o Roof_corrugation
usemtl shelter
v -3.9662100 4.1656000 2.4930100
v -3.9585900 4.1656000 2.4930100
v -3.9585900 4.1656000 2.4853900
v -3.9662100 4.1656000 2.4853900
v -3.9662100 6.5786000 2.4930100
v -3.9585900 6.5786000 2.4930100
v -3.9585900 6.5786000 2.4853900
v -3.9662100 6.5786000 2.4853900
f 3305 3308 3307 3306
f 3309 3310 3311 3312
f 3305 3306 3310 3309
f 3306 3307 3311 3310
f 3307 3308 3312 3311
f 3308 3305 3309 3312
o Roof_corrugation
usemtl shelter
v -3.8646100 4.1656000 2.4930100
v -3.8569900 4.1656000 2.4930100
v -3.8569900 4.1656000 2.4853900
v -3.8646100 4.1656000 2.4853900
v -3.8646100 6.5786000 2.4930100
v -3.8569900 6.5786000 2.4930100
v -3.8569900 6.5786000 2.4853900
v -3.8646100 6.5786000 2.4853900
f 3313 3316 3315 3314
f 3317 3318 3319 3320
f 3313 3314 3318 3317
f 3314 3315 3319 3318
f 3315 3316 3320 3319
f 3316 3313 3317 3320
o Roof_corrugation
usemtl shelter
v -3.7630100 4.1656000 2.4930100
v -3.7553900 4.1656000 2.4930100
v -3.7553900 4.1656000 2.4853900
v -3.7630100 4.1656000 2.4853900
v -3.7630100 6.5786000 2.4930100
v -3.7553900 6.5786000 2.4930100
v -3.7553900 6.5786000 2.4853900
v -3.7630100 6.5786000 2.4853900
f 3321 3324 3323 3322
f 3325 3326 3327 3328
f 3321 3322 3326 3325
f 3322 3323 3327 3326
f 3323 3324 3328 3327
f 3324 3321 3325 3328
o Roof_corrugation
usemtl shelter
v -3.6614100 4.1656000 2.4930100
v -3.6537900 4.1656000 2.4930100
v -3.6537900 4.1656000 2.4853900
v -3.6614100 4.1656000 2.4853900
v -3.6614100 6.5786000 2.4930100
v -3.6537900 6.5786000 2.4930100
v -3.6537900 6.5786000 2.4853900
v -3.6614100 6.5786000 2.4853900
f 3329 3332 3331 3330
f 3333 3334 3335 3336
f 3329 3330 3334 3333
f 3330 3331 3335 3334
f 3331 3332 3336 3335
f 3332 3329 3333 3336
o Roof_corrugation
usemtl shelter
v -3.5598100 4.1656000 2.4930100
v -3.5521900 4.1656000 2.4930100
v -3.5521900 4.1656000 2.4853900
v -3.5598100 4.1656000 2.4853900
v -3.5598100 6.5786000 2.4930100
v -3.5521900 6.5786000 2.4930100
v -3.5521900 6.5786000 2.4853900
v -3.5598100 6.5786000 2.4853900
f 3337 3340 3339 3338
f 3341 3342 3343 3344
f 3337 3338 3342 3341
f 3338 3339 3343 3342
f 3339 3340 3344 3343
f 3340 3337 3341 3344
o Roof_corrugation
usemtl shelter
v -3.4582100 4.1656000 2.4930100
v -3.4505900 4.1656000 2.4930100
v -3.4505900 4.1656000 2.4853900
v -3.4582100 4.1656000 2.4853900
v -3.4582100 6.5786000 2.4930100
v -3.4505900 6.5786000 2.4930100
v -3.4505900 6.5786000 2.4853900
v -3.4582100 6.5786000 2.4853900
f 3345 3348 3347 3346
f 3349 3350 3351 3352
f 3345 3346 3350 3349
f 3346 3347 3351 3350
f 3347 3348 3352 3351
f 3348 3345 3349 3352
o Roof_corrugation
usemtl shelter
v -3.3566100 4.1656000 2.4930100
v -3.3489900 4.1656000 2.4930100
v -3.3489900 4.1656000 2.4853900
v -3.3566100 4.1656000 2.4853900
v -3.3566100 6.5786000 2.4930100
v -3.3489900 6.5786000 2.4930100
v -3.3489900 6.5786000 2.4853900
v -3.3566100 6.5786000 2.4853900
f 3353 3356 3355 3354
f 3357 3358 3359 3360
f 3353 3354 3358 3357
f 3354 3355 3359 3358
f 3355 3356 3360 3359
f 3356 3353 3357 3360
o Roof_corrugation
usemtl shelter
v -3.2550100 4.1656000 2.4930100
v -3.2473900 4.1656000 2.4930100
v -3.2473900 4.1656000 2.4853900
v -3.2550100 4.1656000 2.4853900
v -3.2550100 6.5786000 2.4930100
v -3.2473900 6.5786000 2.4930100
v -3.2473900 6.5786000 2.4853900
v -3.2550100 6.5786000 2.4853900
f 3361 3364 3363 3362
f 3365 3366 3367 3368
f 3361 3362 3366 3365
f 3362 3363 3367 3366
f 3363 3364 3368 3367
f 3364 3361 3365 3368
o Roof_corrugation
usemtl shelter
v -3.1534100 4.1656000 2.4930100
v -3.1457900 4.1656000 2.4930100
v -3.1457900 4.1656000 2.4853900
v -3.1534100 4.1656000 2.4853900
v -3.1534100 6.5786000 2.4930100
v -3.1457900 6.5786000 2.4930100
v -3.1457900 6.5786000 2.4853900
v -3.1534100 6.5786000 2.4853900
f 3369 3372 3371 3370
f 3373 3374 3375 3376
f 3369 3370 3374 3373
f 3370 3371 3375 3374
f 3371 3372 3376 3375
f 3372 3369 3373 3376
o Roof_corrugation
usemtl shelter
v -3.0518100 4.1656000 2.4930100
v -3.0441900 4.1656000 2.4930100
v -3.0441900 4.1656000 2.4853900
v -3.0518100 4.1656000 2.4853900
v -3.0518100 6.5786000 2.4930100
v -3.0441900 6.5786000 2.4930100
v -3.0441900 6.5786000 2.4853900
v -3.0518100 6.5786000 2.4853900
f 3377 3380 3379 3378
f 3381 3382 3383 3384
f 3377 3378 3382 3381
f 3378 3379 3383 3382
f 3379 3380 3384 3383
f 3380 3377 3381 3384
o Roof_corrugation
usemtl shelter
v -2.9502100 4.1656000 2.4930100
v -2.9425900 4.1656000 2.4930100
v -2.9425900 4.1656000 2.4853900
v -2.9502100 4.1656000 2.4853900
v -2.9502100 6.5786000 2.4930100
v -2.9425900 6.5786000 2.4930100
v -2.9425900 6.5786000 2.4853900
v -2.9502100 6.5786000 2.4853900
f 3385 3388 3387 3386
f 3389 3390 3391 3392
f 3385 3386 3390 3389
f 3386 3387 3391 3390
f 3387 3388 3392 3391
f 3388 3385 3389 3392
o Roof_corrugation
usemtl shelter
v -2.8486100 4.1656000 2.4930100
v -2.8409900 4.1656000 2.4930100
v -2.8409900 4.1656000 2.4853900
v -2.8486100 4.1656000 2.4853900
v -2.8486100 6.5786000 2.4930100
v -2.8409900 6.5786000 2.4930100
v -2.8409900 6.5786000 2.4853900
v -2.8486100 6.5786000 2.4853900
f 3393 3396 3395 3394
f 3397 3398 3399 3400
f 3393 3394 3398 3397
f 3394 3395 3399 3398
f 3395 3396 3400 3399
f 3396 3393 3397 3400
o Roof_corrugation
usemtl shelter
v -2.7470100 4.1656000 2.4930100
v -2.7393900 4.1656000 2.4930100
v -2.7393900 4.1656000 2.4853900
v -2.7470100 4.1656000 2.4853900
v -2.7470100 6.5786000 2.4930100
v -2.7393900 6.5786000 2.4930100
v -2.7393900 6.5786000 2.4853900
v -2.7470100 6.5786000 2.4853900
f 3401 3404 3403 3402
f 3405 3406 3407 3408
f 3401 3402 3406 3405
f 3402 3403 3407 3406
f 3403 3404 3408 3407
f 3404 3401 3405 3408
o Roof_corrugation
usemtl shelter
v -2.6454100 4.1656000 2.4930100
v -2.6377900 4.1656000 2.4930100
v -2.6377900 4.1656000 2.4853900
v -2.6454100 4.1656000 2.4853900
v -2.6454100 6.5786000 2.4930100
v -2.6377900 6.5786000 2.4930100
v -2.6377900 6.5786000 2.4853900
v -2.6454100 6.5786000 2.4853900
f 3409 3412 3411 3410
f 3413 3414 3415 3416
f 3409 3410 3414 3413
f 3410 3411 3415 3414
f 3411 3412 3416 3415
f 3412 3409 3413 3416
o Roof_corrugation
usemtl shelter
v -2.5438100 4.1656000 2.4930100
v -2.5361900 4.1656000 2.4930100
v -2.5361900 4.1656000 2.4853900
v -2.5438100 4.1656000 2.4853900
v -2.5438100 6.5786000 2.4930100
v -2.5361900 6.5786000 2.4930100
v -2.5361900 6.5786000 2.4853900
v -2.5438100 6.5786000 2.4853900
f 3417 3420 3419 3418
f 3421 3422 3423 3424
f 3417 3418 3422 3421
f 3418 3419 3423 3422
f 3419 3420 3424 3423
f 3420 3417 3421 3424
o Roof_corrugation
usemtl shelter
v -2.4422100 4.1656000 2.4930100
v -2.4345900 4.1656000 2.4930100
v -2.4345900 4.1656000 2.4853900
v -2.4422100 4.1656000 2.4853900
v -2.4422100 6.5786000 2.4930100
v -2.4345900 6.5786000 2.4930100
v -2.4345900 6.5786000 2.4853900
v -2.4422100 6.5786000 2.4853900
f 3425 3428 3427 3426
f 3429 3430 3431 3432
f 3425 3426 3430 3429
f 3426 3427 3431 3430
f 3427 3428 3432 3431
f 3428 3425 3429 3432
o Roof_corrugation
usemtl shelter
v -2.3406100 4.1656000 2.4930100
v -2.3329900 4.1656000 2.4930100
v -2.3329900 4.1656000 2.4853900
v -2.3406100 4.1656000 2.4853900
v -2.3406100 6.5786000 2.4930100
v -2.3329900 6.5786000 2.4930100
v -2.3329900 6.5786000 2.4853900
v -2.3406100 6.5786000 2.4853900
f 3433 3436 3435 3434
f 3437 3438 3439 3440
f 3433 3434 3438 3437
f 3434 3435 3439 3438
f 3435 3436 3440 3439
f 3436 3433 3437 3440
o Roof_corrugation
usemtl shelter
v -2.2390100 4.1656000 2.4930100
v -2.2313900 4.1656000 2.4930100
v -2.2313900 4.1656000 2.4853900
v -2.2390100 4.1656000 2.4853900
v -2.2390100 6.5786000 2.4930100
v -2.2313900 6.5786000 2.4930100
v -2.2313900 6.5786000 2.4853900
v -2.2390100 6.5786000 2.4853900
f 3441 3444 3443 3442
f 3445 3446 3447 3448
f 3441 3442 3446 3445
f 3442 3443 3447 3446
f 3443 3444 3448 3447
f 3444 3441 3445 3448
o Roof_corrugation
usemtl shelter
v -2.1374100 4.1656000 2.4930100
v -2.1297900 4.1656000 2.4930100
v -2.1297900 4.1656000 2.4853900
v -2.1374100 4.1656000 2.4853900
v -2.1374100 6.5786000 2.4930100
v -2.1297900 6.5786000 2.4930100
v -2.1297900 6.5786000 2.4853900
v -2.1374100 6.5786000 2.4853900
f 3449 3452 3451 3450
f 3453 3454 3455 3456
f 3449 3450 3454 3453
f 3450 3451 3455 3454
f 3451 3452 3456 3455
f 3452 3449 3453 3456
o Roof_corrugation
usemtl shelter
v -2.0358100 4.1656000 2.4930100
v -2.0281900 4.1656000 2.4930100
v -2.0281900 4.1656000 2.4853900
v -2.0358100 4.1656000 2.4853900
v -2.0358100 6.5786000 2.4930100
v -2.0281900 6.5786000 2.4930100
v -2.0281900 6.5786000 2.4853900
v -2.0358100 6.5786000 2.4853900
f 3457 3460 3459 3458
f 3461 3462 3463 3464
f 3457 3458 3462 3461
f 3458 3459 3463 3462
f 3459 3460 3464 3463
f 3460 3457 3461 3464
o Roof_corrugation
usemtl shelter
v -1.9342100 4.1656000 2.4930100
v -1.9265900 4.1656000 2.4930100
v -1.9265900 4.1656000 2.4853900
v -1.9342100 4.1656000 2.4853900
v -1.9342100 6.5786000 2.4930100
v -1.9265900 6.5786000 2.4930100
v -1.9265900 6.5786000 2.4853900
v -1.9342100 6.5786000 2.4853900
f 3465 3468 3467 3466
f 3469 3470 3471 3472
f 3465 3466 3470 3469
f 3466 3467 3471 3470
f 3467 3468 3472 3471
f 3468 3465 3469 3472
o Roof_corrugation
usemtl shelter
v -1.8326100 4.1656000 2.4930100
v -1.8249900 4.1656000 2.4930100
v -1.8249900 4.1656000 2.4853900
v -1.8326100 4.1656000 2.4853900
v -1.8326100 6.5786000 2.4930100
v -1.8249900 6.5786000 2.4930100
v -1.8249900 6.5786000 2.4853900
v -1.8326100 6.5786000 2.4853900
f 3473 3476 3475 3474
f 3477 3478 3479 3480
f 3473 3474 3478 3477
f 3474 3475 3479 3478
f 3475 3476 3480 3479
f 3476 3473 3477 3480
o Roof_corrugation
usemtl shelter
v -1.7310100 4.1656000 2.4930100
v -1.7233900 4.1656000 2.4930100
v -1.7233900 4.1656000 2.4853900
v -1.7310100 4.1656000 2.4853900
v -1.7310100 6.5786000 2.4930100
v -1.7233900 6.5786000 2.4930100
v -1.7233900 6.5786000 2.4853900
v -1.7310100 6.5786000 2.4853900
f 3481 3484 3483 3482
f 3485 3486 3487 3488
f 3481 3482 3486 3485
f 3482 3483 3487 3486
f 3483 3484 3488 3487
f 3484 3481 3485 3488
o Roof_corrugation
usemtl shelter
v -1.6294100 4.1656000 2.4930100
v -1.6217900 4.1656000 2.4930100
v -1.6217900 4.1656000 2.4853900
v -1.6294100 4.1656000 2.4853900
v -1.6294100 6.5786000 2.4930100
v -1.6217900 6.5786000 2.4930100
v -1.6217900 6.5786000 2.4853900
v -1.6294100 6.5786000 2.4853900
f 3489 3492 3491 3490
f 3493 3494 3495 3496
f 3489 3490 3494 3493
f 3490 3491 3495 3494
f 3491 3492 3496 3495
f 3492 3489 3493 3496
o Roof_corrugation
usemtl shelter
v -1.5278100 4.1656000 2.4930100
v -1.5201900 4.1656000 2.4930100
v -1.5201900 4.1656000 2.4853900
v -1.5278100 4.1656000 2.4853900
v -1.5278100 6.5786000 2.4930100
v -1.5201900 6.5786000 2.4930100
v -1.5201900 6.5786000 2.4853900
v -1.5278100 6.5786000 2.4853900
f 3497 3500 3499 3498
f 3501 3502 3503 3504
f 3497 3498 3502 3501
f 3498 3499 3503 3502
f 3499 3500 3504 3503
f 3500 3497 3501 3504
o Roof_corrugation
usemtl shelter
v -1.4262100 4.1656000 2.4930100
v -1.4185900 4.1656000 2.4930100
v -1.4185900 4.1656000 2.4853900
v -1.4262100 4.1656000 2.4853900
v -1.4262100 6.5786000 2.4930100
v -1.4185900 6.5786000 2.4930100
v -1.4185900 6.5786000 2.4853900
v -1.4262100 6.5786000 2.4853900
f 3505 3508 3507 3506
f 3509 3510 3511 3512
f 3505 3506 3510 3509
f 3506 3507 3511 3510
f 3507 3508 3512 3511
f 3508 3505 3509 3512
o Roof_corrugation
usemtl shelter
v -1.3246100 4.1656000 2.4930100
v -1.3169900 4.1656000 2.4930100
v -1.3169900 4.1656000 2.4853900
v -1.3246100 4.1656000 2.4853900
v -1.3246100 6.5786000 2.4930100
v -1.3169900 6.5786000 2.4930100
v -1.3169900 6.5786000 2.4853900
v -1.3246100 6.5786000 2.4853900
f 3513 3516 3515 3514
f 3517 3518 3519 3520
f 3513 3514 3518 3517
f 3514 3515 3519 3518
f 3515 3516 3520 3519
f 3516 3513 3517 3520
o Roof_corrugation
usemtl shelter
v -1.2230100 4.1656000 2.4930100
v -1.2153900 4.1656000 2.4930100
v -1.2153900 4.1656000 2.4853900
v -1.2230100 4.1656000 2.4853900
v -1.2230100 6.5786000 2.4930100
v -1.2153900 6.5786000 2.4930100
v -1.2153900 6.5786000 2.4853900
v -1.2230100 6.5786000 2.4853900
f 3521 3524 3523 3522
f 3525 3526 3527 3528
f 3521 3522 3526 3525
f 3522 3523 3527 3526
f 3523 3524 3528 3527
f 3524 3521 3525 3528
o Roof_corrugation
usemtl shelter
v -1.1214100 4.1656000 2.4930100
v -1.1137900 4.1656000 2.4930100
v -1.1137900 4.1656000 2.4853900
v -1.1214100 4.1656000 2.4853900
v -1.1214100 6.5786000 2.4930100
v -1.1137900 6.5786000 2.4930100
v -1.1137900 6.5786000 2.4853900
v -1.1214100 6.5786000 2.4853900
f 3529 3532 3531 3530
f 3533 3534 3535 3536
f 3529 3530 3534 3533
f 3530 3531 3535 3534
f 3531 3532 3536 3535
f 3532 3529 3533 3536
o Roof_corrugation
usemtl shelter
v -1.0198100 4.1656000 2.4930100
v -1.0121900 4.1656000 2.4930100
v -1.0121900 4.1656000 2.4853900
v -1.0198100 4.1656000 2.4853900
v -1.0198100 6.5786000 2.4930100
v -1.0121900 6.5786000 2.4930100
v -1.0121900 6.5786000 2.4853900
v -1.0198100 6.5786000 2.4853900
f 3537 3540 3539 3538
f 3541 3542 3543 3544
f 3537 3538 3542 3541
f 3538 3539 3543 3542
f 3539 3540 3544 3543
f 3540 3537 3541 3544
o Roof_corrugation
usemtl shelter
v -0.9182100 4.1656000 2.4930100
v -0.9105900 4.1656000 2.4930100
v -0.9105900 4.1656000 2.4853900
v -0.9182100 4.1656000 2.4853900
v -0.9182100 6.5786000 2.4930100
v -0.9105900 6.5786000 2.4930100
v -0.9105900 6.5786000 2.4853900
v -0.9182100 6.5786000 2.4853900
f 3545 3548 3547 3546
f 3549 3550 3551 3552
f 3545 3546 3550 3549
f 3546 3547 3551 3550
f 3547 3548 3552 3551
f 3548 3545 3549 3552
o Roof_corrugation
usemtl shelter
v -0.8166100 4.1656000 2.4930100
v -0.8089900 4.1656000 2.4930100
v -0.8089900 4.1656000 2.4853900
v -0.8166100 4.1656000 2.4853900
v -0.8166100 6.5786000 2.4930100
v -0.8089900 6.5786000 2.4930100
v -0.8089900 6.5786000 2.4853900
v -0.8166100 6.5786000 2.4853900
f 3553 3556 3555 3554
f 3557 3558 3559 3560
f 3553 3554 3558 3557
f 3554 3555 3559 3558
f 3555 3556 3560 3559
f 3556 3553 3557 3560
o Roof_corrugation
usemtl shelter
v -0.7150100 4.1656000 2.4930100
v -0.7073900 4.1656000 2.4930100
v -0.7073900 4.1656000 2.4853900
v -0.7150100 4.1656000 2.4853900
v -0.7150100 6.5786000 2.4930100
v -0.7073900 6.5786000 2.4930100
v -0.7073900 6.5786000 2.4853900
v -0.7150100 6.5786000 2.4853900
f 3561 3564 3563 3562
f 3565 3566 3567 3568
f 3561 3562 3566 3565
f 3562 3563 3567 3566
f 3563 3564 3568 3567
f 3564 3561 3565 3568
o Roof_corrugation
usemtl shelter
v -0.6134100 4.1656000 2.4930100
v -0.6057900 4.1656000 2.4930100
v -0.6057900 4.1656000 2.4853900
v -0.6134100 4.1656000 2.4853900
v -0.6134100 6.5786000 2.4930100
v -0.6057900 6.5786000 2.4930100
v -0.6057900 6.5786000 2.4853900
v -0.6134100 6.5786000 2.4853900
f 3569 3572 3571 3570
f 3573 3574 3575 3576
f 3569 3570 3574 3573
f 3570 3571 3575 3574
f 3571 3572 3576 3575
f 3572 3569 3573 3576
o Roof_corrugation
usemtl shelter
v -0.5118100 4.1656000 2.4930100
v -0.5041900 4.1656000 2.4930100
v -0.5041900 4.1656000 2.4853900
v -0.5118100 4.1656000 2.4853900
v -0.5118100 6.5786000 2.4930100
v -0.5041900 6.5786000 2.4930100
v -0.5041900 6.5786000 2.4853900
v -0.5118100 6.5786000 2.4853900
f 3577 3580 3579 3578
f 3581 3582 3583 3584
f 3577 3578 3582 3581
f 3578 3579 3583 3582
f 3579 3580 3584 3583
f 3580 3577 3581 3584
o Roof_corrugation
usemtl shelter
v -0.4102100 4.1656000 2.4930100
v -0.4025900 4.1656000 2.4930100
v -0.4025900 4.1656000 2.4853900
v -0.4102100 4.1656000 2.4853900
v -0.4102100 6.5786000 2.4930100
v -0.4025900 6.5786000 2.4930100
v -0.4025900 6.5786000 2.4853900
v -0.4102100 6.5786000 2.4853900
f 3585 3588 3587 3586
f 3589 3590 3591 3592
f 3585 3586 3590 3589
f 3586 3587 3591 3590
f 3587 3588 3592 3591
f 3588 3585 3589 3592
o Roof_corrugation
usemtl shelter
v -0.3086100 4.1656000 2.4930100
v -0.3009900 4.1656000 2.4930100
v -0.3009900 4.1656000 2.4853900
v -0.3086100 4.1656000 2.4853900
v -0.3086100 6.5786000 2.4930100
v -0.3009900 6.5786000 2.4930100
v -0.3009900 6.5786000 2.4853900
v -0.3086100 6.5786000 2.4853900
f 3593 3596 3595 3594
f 3597 3598 3599 3600
f 3593 3594 3598 3597
f 3594 3595 3599 3598
f 3595 3596 3600 3599
f 3596 3593 3597 3600
o Roof_corrugation
usemtl shelter
v -0.2070100 4.1656000 2.4930100
v -0.1993900 4.1656000 2.4930100
v -0.1993900 4.1656000 2.4853900
v -0.2070100 4.1656000 2.4853900
v -0.2070100 6.5786000 2.4930100
v -0.1993900 6.5786000 2.4930100
v -0.1993900 6.5786000 2.4853900
v -0.2070100 6.5786000 2.4853900
f 3601 3604 3603 3602
f 3605 3606 3607 3608
f 3601 3602 3606 3605
f 3602 3603 3607 3606
f 3603 3604 3608 3607
f 3604 3601 3605 3608
o Roof_corrugation
usemtl shelter
v -0.1054100 4.1656000 2.4930100
v -0.0977900 4.1656000 2.4930100
v -0.0977900 4.1656000 2.4853900
v -0.1054100 4.1656000 2.4853900
v -0.1054100 6.5786000 2.4930100
v -0.0977900 6.5786000 2.4930100
v -0.0977900 6.5786000 2.4853900
v -0.1054100 6.5786000 2.4853900
f 3609 3612 3611 3610
f 3613 3614 3615 3616
f 3609 3610 3614 3613
f 3610 3611 3615 3614
f 3611 3612 3616 3615
f 3612 3609 3613 3616
