case,point,solver_node,kind,adjacent_members,x_east_in,y_north_in,z_up_in,FX_lb,FY_lb,FZ_lb,MX_lb_in,MY_lb_in,MZ_lb_in
service40,T1-P001,N246,interface_action,T-W / B-WO; T-W vertical 3,-32.0,69.75,116.0,-281.2298231124878,-130.58916825056076,2.710739016532898,1238.8425693511963,2794.127500240691,854.5152568817139
service40,T1-P002,N370,interface_action,T-W / B-WO; T-W vertical 3,-32.0,69.75,117.5,176.33025217056274,-395.63702085614204,30.10701423883438,1178.5492569804192,46.688142283353955,-3181.6943974494934
service40,T1-P003,N547,interface_action,T-W vertical 3,-32.0,69.75,120.0,-176.330252885521,392.0258376816203,-30.107013688193224,-1103.2817229937434,-46.68814228278113,2740.8687636293294
service40,T1-P004,N371,interface_action,T-W vertical 3,-32.0,69.75,142.022,-5.234370882414188e-13,-2.281627018979308,-5.277533540062207e-13,7.404964370992551e-13,3.6757207700527685e-14,5.110202987472471e-12
service40,T1-P005,N548,interface_action,T-W vertical 3,-32.0,69.75,147.143,176.33025309443474,-401.7950375676155,30.107014060020447,286.08705043792725,46.68814228288829,2045.263295531273
service40,T1-P006,N231,interface_action,T-W vertical 3,-32.0,69.75,150.143,7.436485826969147,1504.6646591126919,-28.85889106988907,-322.047691822052,-44.68479249201482,-305.44569036364555
service40,T1-P007,N401,interface_action,T-W diagonal 10; T-W diagonal 9; T-W top / segment 1; T-W vertical 3,-32.0,69.75,193.643,-11.509890971405742,1370.0812552292334,-25.19093473047806,1155.422393518683,-239.01640640836774,2436.618400457509
service40,T1-P008,N232,interior_applied_load,,-31.0,69.75,150.143,-4.303001333028078e-08,-12.535015394205402,-1.2914949820697075e-07,-2.2278800315689296e-07,-1.3751559890806675e-08,-4.380854079499841e-08
service40,T1-P009,N340,interior_applied_load,,-31.0,69.75,152.643,4.830311558460998e-08,-2.725937537338873,4.892655744860582e-08,1.8348767359881218e-07,9.516898729338881e-12,8.311431238524229e-08
service40,T1-P010,N341,interior_applied_load,,-31.0,69.75,172.143,2.2661484428521625e-14,-5.451875032891402,3.3735673380691304e-14,7.71276153872594e-13,-2.3864716051760832e-15,4.705565963462662e-13
service40,T1-P011,N342,interior_applied_load,,-31.0,69.75,191.643,-5.364418029785156e-07,-2.7259375154972076,-1.430511474609375e-06,-4.76837158203125e-07,0.0,4.172325134277344e-07
service40,T1-P012,N566,interior_applied_load,,-31.0,69.75,193.643,4.172325134277344e-07,-8.965190947055817,1.9073486328125e-06,-1.9073486328125e-06,-6.402842700481415e-10,5.960464477539062e-07
service40,T1-P013,N355,interior_applied_load,,-9.979,69.75,164.643,7.275957614183426e-12,-7.13964878830302,-5.684341886080802e-14,0.0,0.0,5.4569682106375694e-12
service40,T1-P014,N247,interior_applied_load,,-3.528,69.75,116.0,7.072439627443946e-11,-28.42382805189806,-1.9155962085784287e-12,-3.950051861120831e-14,-9.364390746912175e-13,6.21080179161014e-10
service40,T1-P015,N233,interior_applied_load,,-3.528,69.75,150.143,1.2597878727723947e-12,-17.615506946413326,4.1547683035876224e-14,-2.7403779401395003e-13,-4.744189289572384e-13,-6.243274287779991e-12
service40,T1-P016,N567,interior_applied_load,,-3.528,69.75,193.643,-1.6261894719492727e-12,-17.615506946412765,7.718050765878777e-13,5.851950944733545e-14,1.6773601801447233e-12,1.338727379408828e-11
service40,T1-P017,N248,interior_applied_load,,9.344,69.75,116.0,-1.0690021061952216e-10,-393.24284007157195,-1.2046671464365751e-12,5.578654461012503e-14,1.837221051560589e-11,1.3748666562117285e-10
service40,T1-P018,N356,interior_applied_load,,11.042,69.75,179.143,-2.078773404348003e-11,-7.139648788292388,-8.082483456229866e-14,4.9890320371369075e-12,-4.556647806834678e-12,-3.368639648899123e-11
service40,T1-P019,N249,interior_applied_load,,24.944,69.75,116.0,-1.0522358775904911e-10,-12.847656378583192,-5.893879133257431e-11,6.385294728657805e-14,3.510288645327273e-11,-5.357041035994618e-09
service40,T1-P020,N234,interior_applied_load,,24.944,69.75,150.143,8.865019681001918e-12,-11.206488715208536,3.635865284837387e-11,-1.2897734650508094e-13,-1.0221311304625652e-10,-2.1525460396473734e-11
service40,T1-P021,N568,interior_applied_load,,24.944,69.75,193.643,-9.009978943577765e-12,-11.206488715303456,4.4427636728784856e-11,7.295401652050618e-13,-8.171077639609048e-11,1.4879919742329793e-10
service40,T1-P022,N250,interior_applied_load,,28.031,69.75,116.0,-2.485956398678756e-11,-378.56185045760697,-2.2769924852243766e-10,-6.716750099735399e-14,4.6175550675892523e-10,-1.1955282310101388e-08
service40,T1-P023,N251,interior_applied_load,,32.062,69.75,116.0,-2.9802322387695312e-08,-12.847656205296516,3.725290298461914e-09,0.0,-1.1641532182693481e-10,5.960464477539063e-08
service40,T1-P024,N549,interior_applied_load,,32.062,69.75,120.0,0.0,-3.7943998873233795,0.0,-1.4901161193847656e-08,-5.820766091346741e-11,-5.960464477539063e-08
service40,T1-P025,N550,interior_applied_load,,32.062,69.75,147.143,-8.940696716308594e-08,-3.7943998873233795,5.960464477539063e-08,2.384185791015625e-07,0.0,1.1920928955078125e-07
service40,T1-P026,N235,interior_applied_load,,32.062,69.75,150.143,-5.066394805908203e-07,-8.965191006660461,2.980232238769531e-07,-1.1920928955078125e-07,1.1641532182693481e-10,5.960464477539062e-07
service40,T1-P027,N343,interior_applied_load,,32.062,69.75,152.643,5.066494850325398e-07,-2.7259374981296367,1.809100638183736e-07,-1.361584054393461e-07,-9.407585821463726e-12,7.85136734293701e-07
service40,T1-P028,N344,interior_applied_load,,32.062,69.75,172.143,2.842170943040401e-14,-5.45187503285706,-2.2737367544323206e-13,0.0,0.0,0.0
service40,T1-P029,N345,interior_applied_load,,32.062,69.75,191.643,1.012530219668406e-07,-2.725937568495283,1.0554458640399389e-08,2.5780173018574715e-07,2.4746370566221133e-11,-9.250834409613162e-08
service40,T1-P030,N357,interior_applied_load,,32.062,69.75,193.643,7.179924416923717e-08,-16.14329371149988,-3.046100272176787e-07,2.0884336873880106e-07,-1.9415050820463632e-10,-8.020326009959953e-08
service40,T1-P031,N252,interior_applied_load,,46.719,69.75,116.0,2.5681878612260485e-11,-388.3491768766812,-3.6204862799569403e-12,2.0954685293837646e-14,-8.244946970419334e-11,5.818812972088217e-09
service40,T1-P032,N253,interior_applied_load,,53.417,69.75,116.0,-5.166782275598573e-12,-12.847656204371923,-2.0505194267006864e-11,-2.4672710533691017e-14,-1.0882284764337135e-11,-2.065873794613802e-09
service40,T1-P033,N236,interior_applied_load,,53.417,69.75,150.143,-4.787195408011732e-12,-15.689084201399623,4.421526149738263e-12,-2.6873730788140775e-13,2.2880995954597888e-11,3.3622734428358885e-10
service40,T1-P034,N358,interior_applied_load,,53.417,69.75,179.143,-6.845810758627295e-13,-7.216556757849611,3.195988728163354e-13,-2.4669263287321594e-11,5.998674972363905e-12,-9.237327951388903e-12
service40,T1-P035,N569,interior_applied_load,,53.417,69.75,193.643,-1.6183610751626086e-12,-15.68908420138643,-4.048047454688143e-13,-7.040785068941239e-12,-1.4334380239748629e-11,-1.0125484925828008e-11
service40,T1-P036,N254,interior_applied_load,,65.406,69.75,116.0,1.592460350802053e-12,-393.2428400717966,2.8797795538169145e-12,-1.7953351012297677e-15,-1.4406512795083676e-11,-5.782236434390258e-09
service40,T1-P037,N359,interior_applied_load,,74.771,69.75,164.643,0.0,-7.216556757848593,-6.252776074688882e-13,-5.9117155615240335e-12,7.275957614183426e-12,-2.546585164964199e-11
service40,T1-P038,N255,interior_applied_load,,81.889,69.75,116.0,1.699831317371698e-10,-12.847656241874411,1.3572129563403156e-10,5.753997723747303e-14,-1.5316348091429246e-10,-7.042622436091779e-09
service40,T1-P039,N237,interior_applied_load,,81.889,69.75,150.143,-4.32045986108348e-12,-13.447786458340321,-2.6737857442098483e-13,4.759893060224721e-13,4.332750249326549e-11,-6.314192483160653e-11
service40,T1-P040,N570,interior_applied_load,,81.889,69.75,193.643,9.11083003951096e-13,-13.447786458306874,-3.347015048044672e-12,-2.670087522037414e-14,1.696651445778236e-10,6.05170775465586e-10
service40,T1-P041,N256,interior_applied_load,,84.094,69.75,116.0,-1.624128280232891e-10,-383.45551366242995,-1.5399861678740924e-10,3.3002927399600964e-14,-1.809744944844378e-10,-3.797610719548111e-08
service40,T1-P042,N257,interior_applied_load,,96.125,69.75,116.0,1.1920928955078125e-07,-12.84765636920929,-7.450580596923828e-09,0.0,1.1641532182693481e-10,-1.1920928955078125e-06
service40,T1-P043,N551,interior_applied_load,,96.125,69.75,120.0,-1.7881393432617188e-07,-3.7943998873233795,-7.450580596923828e-09,-1.4901161193847656e-08,-1.1641532182693481e-10,-4.76837158203125e-07
service40,T1-P044,N552,interior_applied_load,,96.125,69.75,147.143,-1.4901161193847656e-07,-3.7943998873233795,1.1920928955078125e-07,5.960464477539062e-07,-5.820766091346741e-11,5.960464477539063e-08
service40,T1-P045,N238,interior_applied_load,,96.125,69.75,150.143,-2.384185791015625e-07,-16.18174773454666,4.76837158203125e-07,1.1920928955078125e-07,0.0,-3.427267074584961e-07
service40,T1-P046,N346,interior_applied_load,,96.125,69.75,152.643,1.1920928955078125e-07,-2.72593754529953,-2.384185791015625e-07,1.1920928955078125e-07,0.0,-1.7881393432617188e-07
service40,T1-P047,N347,interior_applied_load,,96.125,69.75,172.143,3.4541895979045183e-15,-5.451875032864132,-2.6224646413689487e-12,-1.8526202176686407e-11,2.2607568389848723e-15,-3.644920238264478e-13
service40,T1-P048,N348,interior_applied_load,,96.125,69.75,191.643,-4.762450825368525e-08,-2.725937542315908,-6.097903479940214e-07,-5.319450053775654e-07,-6.508914023416545e-11,8.470463219723001e-11
service40,T1-P049,N571,interior_applied_load,,96.125,69.75,193.643,5.8686798463238835e-08,-8.96519098743268,2.6883427307206323e-07,-3.384160607648592e-08,-1.0263212487457798e-10,-4.0335554313276125e-09
service40,T1-P050,N258,interior_applied_load,,102.781,69.75,116.0,1.314429894477525e-11,-383.4555136839436,-4.5030231885759097e-13,1.7534563516029506e-14,2.8741850562081438e-11,-1.5020795786237888e-09
service40,T1-P051,N259,interior_applied_load,,110.361,69.75,116.0,-2.1360164957959794e-10,-6.423828026104339,-2.4789730315756432e-09,7.705371066641852e-15,3.153558753200172e-11,-2.6201148232558016e-08
service40,T1-P052,N239,interior_applied_load,,110.361,69.75,150.143,-2.1407319970309842e-11,-13.447786458334878,-1.7233997914586e-12,-9.752176930516086e-15,-7.732454672051023e-12,5.479184956151379e-11
service40,T1-P053,N572,interior_applied_load,,110.361,69.75,193.643,-3.826453900058676e-12,-13.447786458282465,-1.9332422391709667e-12,-2.6420352457768334e-13,-4.630374927005624e-12,1.8261366115356212e-10
service40,T1-P054,N260,interior_applied_load,,112.125,69.75,116.0,1.7796314118273112e-10,-7.636501708332493,-2.307688045298302e-10,5.942042952964854e-14,1.0801340924731932e-09,-3.134623001072388e-09
service40,T1-P055,N360,interior_applied_load,,117.479,69.75,164.643,-2.1827872842550278e-11,-7.216556757848593,-2.9558577807620168e-12,-1.4097167877480388e-11,9.094947017729282e-13,-5.4569682106375694e-11
service40,T1-P056,N261,interior_applied_load,,121.469,69.75,116.0,3.720825022675669e-12,-392.0301665301851,-5.846531766073874e-13,3.5524159908431316e-15,-4.499294437995981e-11,8.58677682366588e-09
service40,T1-P057,N262,interior_applied_load,,138.833,69.75,116.0,8.252163450799089e-11,-12.847656237643363,2.4610932485112933e-09,1.2168255965686862e-13,-1.4378451951990728e-09,5.1673969306720414e-08
service40,T1-P058,N240,interior_applied_load,,138.833,69.75,150.143,-4.2334266917992653e-13,-15.689084201418474,5.270303009968707e-12,-1.8507999987492594e-13,-1.4635114113283057e-10,-5.471603441266394e-10
service40,T1-P059,N361,interior_applied_load,,138.833,69.75,179.143,3.1673239741533537e-12,-7.216556757835307,6.69056486808014e-13,-3.670035763301273e-11,1.014878136134129e-10,-7.837247482700312e-12
service40,T1-P060,N573,interior_applied_load,,138.833,69.75,193.643,-1.537760689354471e-11,-15.689084201391573,-8.494137761032602e-13,-2.5934807648875173e-11,-2.7660286327227356e-11,-7.168822188523569e-11
service40,T1-P061,N263,interior_applied_load,,140.156,69.75,116.0,3.31964771225508e-10,-387.4253489521414,8.044982623030876e-10,-8.578677324866072e-14,-6.187252217175662e-10,-5.246214366883765e-08
service40,T1-P062,N264,interior_applied_load,,158.844,69.75,116.0,5.121888017148212e-10,-387.43967179535525,2.5541711591129525e-09,5.994188322270088e-14,2.7083011087461757e-10,-1.1896107869018285e-08
service40,T1-P063,N265,interior_applied_load,,160.188,69.75,116.0,-3.8743019104003906e-07,-5.81749153137207,2.9802322387695312e-08,-5.960464477539063e-08,3.550667315721512e-09,4.172325134277344e-07
service40,T1-P064,N553,interior_applied_load,,160.188,69.75,120.0,1.1920928955078125e-07,-3.7943998873233795,2.5331974029541016e-07,-6.854534149169922e-07,-5.820766091346741e-11,0.0
service40,T1-P065,N554,interior_applied_load,,160.188,69.75,147.143,0.0,-3.7943998724222183,1.1920928955078125e-07,2.384185791015625e-07,0.0,0.0
service40,T1-P066,N241,interior_applied_load,,160.188,69.75,150.143,1.1920928955078125e-07,-8.965190917253494,0.0,-1.7881393432617188e-07,-1.6007106751203537e-10,1.7881393432617188e-07
service40,T1-P067,N349,interior_applied_load,,160.188,69.75,152.643,5.960464477539063e-08,-2.72593754529953,0.0,0.0,0.0,0.0
service40,T1-P068,N350,interior_applied_load,,160.188,69.75,172.143,-5.878696098312246e-13,-5.45187503285996,-6.763527991737329e-14,9.224545483309516e-12,-7.917458246854566e-15,-4.88931631956799e-12
service40,T1-P069,N351,interior_applied_load,,160.188,69.75,191.643,1.9124931738279116e-07,-2.7259375143126885,3.7151837797844145e-07,-1.5465243358159242e-07,-6.253106356217592e-11,-3.0258818894957074e-07
service40,T1-P070,N362,interior_applied_load,,160.188,69.75,193.643,-8.522315688774256e-08,-16.143293710928553,-5.911145968607623e-07,2.4882372612061415e-07,3.0626787469334804e-11,-3.8449805842602854e-07
service40,T1-P071,N266,interior_applied_load,,167.306,69.75,116.0,2.977653724698297e-11,-11.923828156553647,1.183295060113536e-10,1.653985547061591e-14,-1.4708767431601783e-10,3.873815696827887e-09
service40,T1-P072,N242,interior_applied_load,,167.306,69.75,150.143,-1.810499653642723e-13,-11.206488715207689,-1.5769966554389976e-11,-5.065410363776994e-13,1.4781579328249617e-11,-3.188208736509202e-11
service40,T1-P073,N574,interior_applied_load,,167.306,69.75,193.643,-8.836820846563289e-14,-11.206488715277356,-1.6700200440698227e-11,-1.7425779988029958e-13,-5.790498917328031e-11,-3.1323309650874024e-12
service40,T1-P074,N267,interior_applied_load,,177.531,69.75,116.0,-5.5305380484949985e-11,-393.2428400716012,2.2527624129155496e-12,-5.186381138400451e-15,3.875518105116661e-11,-5.961754080146913e-10
service40,T1-P075,N363,interior_applied_load,,181.208,69.75,179.143,-8.465056310246949e-12,-7.139648788309069,-3.8403292294632627e-13,-6.407903880843061e-12,-1.5195231080300606e-11,-8.127757888222128e-12
service40,T1-P076,N268,interior_applied_load,,195.778,69.75,116.0,-7.957940149322642e-10,-12.847658069255392,-6.525911753788414e-08,-1.6662191873243084e-13,6.231032676749257e-09,-3.6188845466457313e-07
service40,T1-P077,N243,interior_applied_load,,195.778,69.75,150.143,-1.0488175560517486e-11,-17.6155069464122,-1.904016873333363e-13,-5.994473105324312e-14,1.7109630780974285e-12,2.0775088036587368e-11
service40,T1-P078,N575,interior_applied_load,,195.778,69.75,193.643,7.16448231927399e-13,-17.61550694641735,-3.835497434461453e-12,3.639796749590357e-13,-3.5497050418816254e-10,2.681080092930917e-10
service40,T1-P079,N269,interior_applied_load,,196.219,69.75,116.0,9.725418793403763e-10,-386.8190103316805,-2.1715175862250317e-08,2.3122404915448006e-13,4.930967055104316e-09,-2.825762508278249e-07
service40,T1-P080,N364,interior_applied_load,,202.229,69.75,164.643,-7.275957614183426e-12,-7.13964878830302,2.2737367544323206e-13,0.0,0.0,2.7284841053187847e-12
service40,T1-P081,N270,interior_applied_load,,214.906,69.75,116.0,1.9196355439622835e-11,-392.9396716859865,-1.1711567759560498e-11,1.1565897695729863e-14,6.365947950550406e-11,2.2942260141418915e-09
service40,T1-P082,N244,interior_applied_load,,223.25,69.75,150.143,5.960464477539063e-08,-12.535015374422073,0.0,1.1920928955078125e-07,-9.313225746154785e-10,-1.1920928955078125e-07
service40,T1-P083,N352,interior_applied_load,,223.25,69.75,152.643,-5.960464477539063e-08,-2.7259375154972076,-2.384185791015625e-07,-1.1920928955078125e-07,0.0,0.0
service40,T1-P084,N353,interior_applied_load,,223.25,69.75,172.143,2.916691470975343e-14,-5.45187503287277,6.155636234052841e-14,-4.6151071903649937e-14,2.226118918004424e-14,1.3609688201369138e-14
service40,T1-P085,N354,interior_applied_load,,223.25,69.75,191.643,-9.549630558547406e-09,-2.7259375280432323,1.2735260260243741e-07,2.649574328272841e-07,7.034841280116776e-11,3.882893506723661e-09
service40,T1-P086,N576,interior_applied_load,,223.25,69.75,193.643,2.4450791752395062e-08,-8.965190951453865,-3.5529954832761817e-07,1.8626347766841648e-07,3.421488211572973e-09,1.9673760531640902e-08
service40,T1-P087,N271,interior_applied_load,,224.25,69.75,116.0,9.196695627267104e-08,-6.42382819180595,-4.49609824455082e-08,-5.974304072551344e-08,5.638501447579295e-09,4.681260937330814e-08
service40,T1-P088,N161,interface_action,T-E; T-E vertical 3,224.25,69.75,120.0,620.6897266295273,860.3270688571502,21.638642443111166,-82.57563898223452,2680.308274091544,-9142.70312216226
service40,T1-P089,N426,interface_action,T-E; T-E vertical 3,224.25,69.75,121.5,-75.15841099130921,-144.98059170809574,3.201821267721243,156.05129623308312,62.65152570713326,1235.3812682374846
service40,T1-P090,N427,interface_action,T-E vertical 3,224.25,69.75,144.689,3.838506850510451e-11,-3.1920965085286825,-5.24633359404027e-11,8.136974964584886e-11,-7.817115702321134e-14,8.968849128548065e-12
service40,T1-P091,N555,interface_action,T-E vertical 3,224.25,69.75,147.143,-467.03789657354355,-433.8079756498337,19.863326251506805,458.74929916858673,399.84643534501083,-4299.53554725647
service40,T1-P092,N245,interface_action,T-E vertical 3,224.25,69.75,150.143,-86.09007757902145,1988.856025338173,-16.11024558544159,-429.1458817720413,-84.81334452878218,2062.4915376901627
service40,T1-P093,N466,interface_action,T-E diagonal 11; T-E diagonal 12; T-E top / segment 1; T-E vertical 3,224.25,69.75,193.643,116.56963399238255,698.0257750511062,-7.361470380913592,-58.92653036400534,-174.38849448138933,-2706.5196890250368
service_patches,T1-P001,N246,interface_action,T-W / B-WO; T-W vertical 3,-32.0,69.75,116.0,-287.61378240585327,-128.86412918567657,1.7099494338035583,1249.2020486593246,2956.5735794561915,823.816764831543
service_patches,T1-P002,N370,interface_action,T-W / B-WO; T-W vertical 3,-32.0,69.75,117.5,187.36701583862305,-398.30507546663284,30.455316483974457,1188.573062479496,52.592423390131444,-3375.358498573303
service_patches,T1-P003,N547,interface_action,T-W vertical 3,-32.0,69.75,120.0,-187.36701621479162,394.69389225057375,-30.455316697605646,-1112.4347701727443,-52.59242338959272,2906.940956676872
service_patches,T1-P004,N371,interface_action,T-W vertical 3,-32.0,69.75,142.022,-2.4231149336552203e-12,-2.281627018982166,7.155736368647378e-13,-7.317269381068266e-13,-7.260119479464618e-15,4.258255649165906e-12
service_patches,T1-P005,N548,interface_action,T-W vertical 3,-32.0,69.75,147.143,187.36701628565788,-404.46309216320515,30.45531690120697,285.78610849380493,52.59242338949116,2178.7619648575783
service_patches,T1-P006,N231,interface_action,T-W vertical 3,-32.0,69.75,150.143,10.11643186211586,1527.991694226861,-29.137592911720276,-325.8617693185806,-45.65450882958248,-363.23404517769814
service_patches,T1-P007,N401,interface_action,T-W diagonal 10; T-W diagonal 9; T-W top / segment 1; T-W vertical 3,-32.0,69.75,193.643,-18.607170241762827,1391.015673614871,-25.71544808503226,1159.7172964035983,-218.5385827039363,2609.5479660816673
service_patches,T1-P008,N232,interior_applied_load,,-31.0,69.75,150.143,8.96397978067398e-09,-12.53501538195269,2.4856774416548433e-08,-1.925172909977846e-08,-1.219086698256433e-08,-5.691072146873921e-08
service_patches,T1-P009,N340,interior_applied_load,,-31.0,69.75,152.643,-2.8204230720211955e-08,-2.7259375465850706,-5.1621307348337546e-08,1.4897278563546048e-07,-3.782761713827079e-11,-6.734994906595162e-08
service_patches,T1-P010,N341,interior_applied_load,,-31.0,69.75,172.143,1.767982809522694e-14,-5.451875032854547,3.341059855816573e-14,-1.1629528779192578e-12,-2.612078726957481e-15,1.9355814347366526e-13
service_patches,T1-P011,N342,interior_applied_load,,-31.0,69.75,191.643,-5.960464477539063e-08,-2.72593754529953,-4.76837158203125e-07,4.76837158203125e-07,0.0,-5.960464477539063e-08
service_patches,T1-P012,N566,interior_applied_load,,-31.0,69.75,193.643,0.0,-8.965190947055817,-9.5367431640625e-07,0.0,8.149072527885437e-10,1.7881393432617188e-07
service_patches,T1-P013,N355,interior_applied_load,,-9.979,69.75,164.643,7.275957614183426e-12,-7.13964878830302,2.8421709430404007e-13,9.094947017729282e-13,-9.094947017729282e-13,0.0
service_patches,T1-P014,N247,interior_applied_load,,-3.528,69.75,116.0,1.3426522179159948e-11,-28.42382805196148,1.740322693036473e-12,-1.2634957518161243e-14,-1.4823985333830556e-12,-2.273427410330014e-11
service_patches,T1-P015,N233,interior_applied_load,,-3.528,69.75,150.143,5.207767667950609e-12,-17.615506946413703,2.996931931466396e-13,-2.615649717812183e-13,-2.240184549839998e-12,2.5472141026409073e-12
service_patches,T1-P016,N567,interior_applied_load,,-3.528,69.75,193.643,-2.4201014213687718e-12,-17.61550694641374,3.3653107728495376e-13,-3.45254354082109e-13,3.101477804359034e-13,9.333297245205085e-12
service_patches,T1-P017,N248,interior_applied_load,,9.344,69.75,116.0,3.16371431127625e-11,-393.24284007160134,-3.97135481457936e-12,-2.2095388244368092e-14,3.014758071291174e-11,-6.859531324354612e-10
service_patches,T1-P018,N356,interior_applied_load,,11.042,69.75,179.143,-1.2655780918940357e-11,-7.139648788287785,-1.533056041486689e-13,2.909098717713972e-12,-3.18143831378472e-12,-1.3914721306451919e-11
service_patches,T1-P019,N249,interior_applied_load,,24.944,69.75,116.0,-6.260120823809546e-11,-12.847656378648809,6.361581378481564e-11,1.7512870884636842e-14,3.252143858040045e-11,-1.2525291067898507e-08
service_patches,T1-P020,N234,interior_applied_load,,24.944,69.75,150.143,-3.633865451657229e-12,-11.206488715232759,2.64207125873274e-11,9.298958482105562e-13,-1.5516386034555053e-11,3.266536874502237e-10
service_patches,T1-P021,N568,interior_applied_load,,24.944,69.75,193.643,-2.5446596122587507e-11,-11.20648871543619,5.360300328748097e-11,2.718487395758485e-13,5.718556018343959e-11,4.85466562821435e-11
service_patches,T1-P022,N250,interior_applied_load,,28.031,69.75,116.0,1.0231930443090035e-10,-378.5618504713483,-3.5988635418814263e-10,-2.2102763551829373e-14,2.62449727067235e-10,-2.20739565399627e-08
service_patches,T1-P023,N251,interior_applied_load,,32.062,69.75,116.0,-5.960464477539063e-08,-12.847656190395355,0.0,7.450580596923828e-09,-4.0745362639427185e-10,-5.960464477539063e-08
service_patches,T1-P024,N549,interior_applied_load,,32.062,69.75,120.0,0.0,-3.7943998724222183,7.450580596923828e-09,-1.4901161193847656e-08,-5.820766091346741e-11,5.960464477539063e-08
service_patches,T1-P025,N550,interior_applied_load,,32.062,69.75,147.143,1.1920928955078125e-07,-3.7943998873233795,-5.960464477539063e-08,0.0,7.275957614183426e-12,-1.4901161193847656e-07
service_patches,T1-P026,N235,interior_applied_load,,32.062,69.75,150.143,-1.4901161193847656e-07,-8.965190976858139,1.1920928955078125e-07,-1.1920928955078125e-07,7.275957614183426e-12,-5.662441253662109e-07
service_patches,T1-P027,N343,interior_applied_load,,32.062,69.75,152.643,-9.560369562677806e-08,-2.725937518301714,-8.641990234536934e-09,1.0705116437748075e-07,5.986322548778844e-12,9.983952509173832e-08
service_patches,T1-P028,N344,interior_applied_load,,32.062,69.75,172.143,2.842170943040401e-14,-5.451875032886164,2.2737367544323206e-13,0.0,8.881784197001252e-16,4.547473508864641e-13
service_patches,T1-P029,N345,interior_applied_load,,32.062,69.75,191.643,1.3973871659800352e-07,-2.72593756657443,-6.022273737471551e-07,-5.823403625981882e-07,2.5544590309053725e-11,-6.563095666933805e-08
service_patches,T1-P030,N357,interior_applied_load,,32.062,69.75,193.643,6.683649604030298e-08,-16.143293753330823,8.485253188110395e-07,-6.604516914679613e-07,-4.1845582740536525e-11,-1.1941374646214506e-07
service_patches,T1-P031,N252,interior_applied_load,,46.719,69.75,116.0,5.5883847283672333e-11,-388.3491768791399,-3.029351788387056e-11,-2.7465934459520106e-14,3.738955218701086e-12,-1.3764045271067675e-10
service_patches,T1-P032,N253,interior_applied_load,,53.417,69.75,116.0,-7.45799349351696e-11,-12.847656201021957,1.4278967169462514e-11,1.6182894202779747e-15,1.332367560911907e-10,-1.5436751377355062e-08
service_patches,T1-P033,N236,interior_applied_load,,53.417,69.75,150.143,-9.06947459083526e-12,-15.689084201388988,2.639355281593225e-12,-1.2964795420714297e-13,1.5377052843902784e-10,6.899486212341192e-10
service_patches,T1-P034,N358,interior_applied_load,,53.417,69.75,179.143,-9.152092752868367e-12,-7.216556757845806,1.2683272834275493e-12,-8.046399610056035e-12,4.219110646199025e-11,-4.516655443654853e-12
service_patches,T1-P035,N569,interior_applied_load,,53.417,69.75,193.643,-6.10902807269366e-13,-15.68908420138655,-1.1809804177361146e-12,-3.7048395889901206e-12,-1.2347381404528985e-11,-1.4914490940186435e-11
service_patches,T1-P036,N254,interior_applied_load,,65.406,69.75,116.0,-6.2706630334531e-11,-393.24284007173793,3.680045209737057e-12,-2.2701016448385204e-14,-7.058851015315114e-11,-3.7035840231036576e-09
service_patches,T1-P037,N359,interior_applied_load,,74.771,69.75,164.643,-1.4551915228366852e-11,-7.2165567578340415,1.1368683772161603e-12,-4.092726157978177e-12,-7.275957614183426e-12,3.637978807091713e-12
service_patches,T1-P038,N255,interior_applied_load,,81.889,69.75,116.0,2.679848349314547e-12,-12.84765621951422,-6.160638854453172e-11,9.061208884875927e-14,1.348913362184124e-10,-3.41689056840602e-09
service_patches,T1-P039,N237,interior_applied_load,,81.889,69.75,150.143,-2.944500200938661e-12,-13.447786458335825,-2.6524175662265665e-12,6.407087933023179e-14,2.95428741999739e-11,1.273049596966576e-10
service_patches,T1-P040,N570,interior_applied_load,,81.889,69.75,193.643,-7.792075022154571e-12,-13.447786458292743,-4.091139951531098e-12,-3.5195557773467477e-13,2.572841934959413e-10,6.131701880236499e-10
service_patches,T1-P041,N256,interior_applied_load,,84.094,69.75,116.0,2.149740854631655e-10,-383.45551370715367,7.817529457802743e-11,-8.13276195095087e-15,1.51781331463604e-10,-4.011191761932544e-08
service_patches,T1-P042,N257,interior_applied_load,,96.125,69.75,116.0,-1.4901161193847656e-07,-12.84765636920929,-1.4901161193847656e-08,0.0,-1.1641532182693481e-10,-5.364418029785156e-07
service_patches,T1-P043,N551,interior_applied_load,,96.125,69.75,120.0,1.4901161193847656e-07,-3.7943999022245407,1.4901161193847656e-08,-1.4901161193847656e-08,0.0,5.960464477539063e-08
service_patches,T1-P044,N552,interior_applied_load,,96.125,69.75,147.143,-3.5762786865234375e-07,-3.7943998873233795,-2.384185791015625e-07,1.1920928955078125e-07,-1.1641532182693481e-10,4.172325134277344e-07
service_patches,T1-P045,N238,interior_applied_load,,96.125,69.75,150.143,-3.5762786865234375e-07,-16.181747794151306,4.76837158203125e-07,-7.748603820800781e-07,2.3283064365386963e-10,5.066394805908203e-07
service_patches,T1-P046,N346,interior_applied_load,,96.125,69.75,152.643,4.76837158203125e-07,-2.7259375154972076,-1.1920928955078125e-07,2.384185791015625e-07,0.0,2.384185791015625e-07
service_patches,T1-P047,N347,interior_applied_load,,96.125,69.75,172.143,-7.346742016544198e-14,-5.451875032817004,2.3755738086873868e-12,1.17737360720814e-11,3.3538349059388543e-15,4.8917284885795746e-14
service_patches,T1-P048,N348,interior_applied_load,,96.125,69.75,191.643,9.609922951847594e-08,-2.72593751224478,-1.8193233408680953e-07,7.855174288806666e-09,6.373273751722561e-11,-8.145084107180622e-08
service_patches,T1-P049,N571,interior_applied_load,,96.125,69.75,193.643,-3.704626760756958e-08,-8.965190985923373,-1.8831127530096743e-08,-3.102495750038118e-07,-2.6374696970942343e-10,-6.478128843691086e-08
service_patches,T1-P050,N258,interior_applied_load,,102.781,69.75,116.0,-1.7879255187144717e-10,-383.4555136850552,1.8283818619308297e-11,2.0282684328023352e-14,4.1858731663534375e-11,7.261554730959888e-09
service_patches,T1-P051,N259,interior_applied_load,,110.361,69.75,116.0,2.597448067926991e-10,-6.423828083913865,-1.6615077638905356e-09,5.066479612996836e-14,-1.5845900583790141e-09,-3.4704212057659934e-08
service_patches,T1-P052,N239,interior_applied_load,,110.361,69.75,150.143,8.786948983868052e-11,-13.447786458327963,-1.0930817593095048e-12,5.951100319922009e-11,-8.876797442650287e-12,-2.7985382925962807e-11
service_patches,T1-P053,N572,interior_applied_load,,110.361,69.75,193.643,4.791122341203901e-13,-13.447786458299836,-6.181038181580796e-12,-3.454250105712575e-13,-6.008884253284487e-12,3.024669513666733e-11
service_patches,T1-P054,N260,interior_applied_load,,112.125,69.75,116.0,-3.836120765315182e-10,-7.636501735392933,-1.1776488513959938e-09,1.5195880738110083e-14,3.689128959540536e-10,-3.532148577660983e-08
service_patches,T1-P055,N360,interior_applied_load,,117.479,69.75,164.643,-2.9103830456733704e-11,-7.2165567578340415,1.4210854715202004e-12,-3.637978807091713e-12,1.3642420526593924e-11,-4.001776687800884e-11
service_patches,T1-P056,N261,interior_applied_load,,121.469,69.75,116.0,2.1954536322038428e-11,-392.0301665287462,2.409965013441855e-12,5.042220931593631e-15,-1.2850320964811388e-10,4.264210448088645e-09
service_patches,T1-P057,N262,interior_applied_load,,138.833,69.75,116.0,5.862730353946334e-10,-12.847656286589194,-3.2187465715036995e-10,2.106175196836828e-14,2.695158969461781e-09,5.2066682118982086e-08
service_patches,T1-P058,N240,interior_applied_load,,138.833,69.75,150.143,6.560281748075859e-12,-15.68908420140176,-4.2236047795046594e-12,1.1332613253877554e-13,1.1203753258036582e-10,1.2885947854578019e-11
service_patches,T1-P059,N361,interior_applied_load,,138.833,69.75,179.143,4.054392349993457e-12,-7.216556757829368,2.717893459556738e-13,-2.776653681228276e-13,2.591549999724039e-11,-5.6080345002171455e-12
service_patches,T1-P060,N573,interior_applied_load,,138.833,69.75,193.643,6.0441339887770036e-12,-15.689084201380282,-1.5178337649021337e-12,1.2381311405803777e-11,2.064421453685214e-11,-2.386227386971084e-11
service_patches,T1-P061,N263,interior_applied_load,,140.156,69.75,116.0,-2.8780882851621574e-10,-387.42534905712836,4.610428560615031e-09,1.2922053080948984e-14,1.3529850478698966e-09,-5.486555380973197e-08
service_patches,T1-P062,N264,interior_applied_load,,158.844,69.75,116.0,1.8917250542843217e-10,-387.43967171011747,6.4170304657246375e-09,-1.2343350341587062e-15,-2.5600660598159007e-09,5.5203843608847324e-08
service_patches,T1-P063,N265,interior_applied_load,,160.188,69.75,116.0,-3.2782554626464844e-07,-5.817491561174393,5.066394805908203e-07,6.258487701416016e-07,1.7462298274040222e-10,3.5762786865234375e-07
service_patches,T1-P064,N553,interior_applied_load,,160.188,69.75,120.0,2.9802322387695312e-08,-3.7943998873233795,-2.086162567138672e-07,5.066394805908203e-07,0.0,-1.7881393432617188e-07
service_patches,T1-P065,N554,interior_applied_load,,160.188,69.75,147.143,0.0,-3.794399857521057,2.384185791015625e-07,2.384185791015625e-07,0.0,0.0
service_patches,T1-P066,N241,interior_applied_load,,160.188,69.75,150.143,1.1920928955078125e-07,-8.965191006660461,-2.384185791015625e-07,-1.1920928955078125e-07,1.1641532182693481e-10,5.960464477539063e-08
service_patches,T1-P067,N349,interior_applied_load,,160.188,69.75,152.643,5.960464477539063e-08,-2.7259375154972076,0.0,0.0,0.0,1.1920928955078125e-07
service_patches,T1-P068,N350,interior_applied_load,,160.188,69.75,172.143,1.0914386177511193e-12,-5.451875032871656,-1.0729351896260688e-14,-7.769690076553216e-12,-9.321971797322805e-16,8.964207077390778e-12
service_patches,T1-P069,N351,interior_applied_load,,160.188,69.75,191.643,-3.0883730539610355e-07,-2.725937535945068,-3.734053678761118e-07,-3.420691693789557e-07,1.5195891992471024e-10,2.058915369307357e-07
service_patches,T1-P070,N362,interior_applied_load,,160.188,69.75,193.643,3.8019503373329634e-07,-16.143293722920962,-5.819085420451097e-08,-1.6855809116113762e-07,2.937494034242722e-10,2.8716235995086788e-08
service_patches,T1-P071,N266,interior_applied_load,,167.306,69.75,116.0,-1.3341588822867953e-10,-11.923828157076995,2.285501569745276e-11,1.8333718674373947e-14,-8.397484364551788e-10,3.3358403539661173e-09
service_patches,T1-P072,N242,interior_applied_load,,167.306,69.75,150.143,-2.3001401923844427e-11,-11.206488715210007,-4.127352510636196e-12,-4.090614779910906e-13,8.565457208612866e-11,-1.2622662013608737e-10
service_patches,T1-P073,N574,interior_applied_load,,167.306,69.75,193.643,-1.411838829815219e-12,-11.206488715284072,1.001904275240556e-11,-7.024771327931356e-13,2.799508782652013e-12,2.2403413345162973e-10
service_patches,T1-P074,N267,interior_applied_load,,177.531,69.75,116.0,5.611515670452276e-11,-393.2428400714135,4.1779796024809914e-12,1.0355358419616575e-14,9.132370020818271e-12,-1.2757245707886651e-09
service_patches,T1-P075,N363,interior_applied_load,,181.208,69.75,179.143,-8.408968899349242e-12,-7.13964878830978,-3.552399428711605e-13,-6.344676869785573e-12,-3.777685747532111e-12,-5.395040913193273e-11
service_patches,T1-P076,N268,interior_applied_load,,195.778,69.75,116.0,1.21999665135249e-09,-12.847657082272958,-7.701861232571303e-08,-1.444005296396627e-14,2.5235185470929662e-08,1.9285296502924052e-07
service_patches,T1-P077,N243,interior_applied_load,,195.778,69.75,150.143,3.262118835110226e-12,-17.615506946412815,-3.197632953993297e-13,-2.4658151720428172e-14,5.376220172595758e-12,-3.921635923740161e-12
service_patches,T1-P078,N575,interior_applied_load,,195.778,69.75,193.643,2.2471709457919074e-12,-17.61550694642565,-3.4978535741239965e-12,1.4675947045902812e-13,-2.5339847756441407e-10,-2.280119576268724e-10
service_patches,T1-P079,N269,interior_applied_load,,196.219,69.75,116.0,5.00706880868195e-10,-638.3264453153188,8.389108222568448e-08,-5.148246075536331e-15,4.2882810602280554e-08,-8.790140903841573e-08
service_patches,T1-P080,N364,interior_applied_load,,202.229,69.75,164.643,0.0,-7.1396487882957445,1.7053025658242404e-13,0.0,-9.094947017729282e-13,5.4569682106375694e-12
service_patches,T1-P081,N270,interior_applied_load,,214.906,69.75,116.0,2.99658782069255e-11,-644.4471054416001,1.9022816665257138e-11,1.3214802932155325e-14,-5.73457550992586e-11,5.357194138847675e-10
service_patches,T1-P082,N244,interior_applied_load,,223.25,69.75,150.143,0.0,-12.535015389323235,2.384185791015625e-07,-2.384185791015625e-07,-5.587935447692871e-09,1.1920928955078125e-07
service_patches,T1-P083,N352,interior_applied_load,,223.25,69.75,152.643,-1.1920928955078125e-07,-2.725937530398369,-2.384185791015625e-07,0.0,0.0,1.1920928955078125e-07
service_patches,T1-P084,N353,interior_applied_load,,223.25,69.75,172.143,-7.336475508405288e-15,-5.451875032844304,8.31601229478751e-14,7.502156609048124e-13,3.168362986554199e-15,-1.049915935693402e-12
service_patches,T1-P085,N354,interior_applied_load,,223.25,69.75,191.643,1.0535910810460791e-08,-2.7259375128577137,2.3196964338279003e-07,5.5305354296208975e-08,-2.351708925447783e-11,7.877220653540462e-09
service_patches,T1-P086,N576,interior_applied_load,,223.25,69.75,193.643,3.0442282472620263e-08,-8.965190904361494,-2.1818820420196698e-07,-2.0571846256299008e-07,-7.132823222665541e-09,3.30101850756004e-08
service_patches,T1-P087,N271,interior_applied_load,,224.25,69.75,116.0,1.6293169924352924e-08,-6.423828190031315,2.449822585902757e-08,2.4692946718868277e-08,1.0266634902147083e-09,1.9301769831857203e-07
service_patches,T1-P088,N161,interface_action,T-E; T-E vertical 3,224.25,69.75,120.0,680.6091221687384,1216.0798188894987,22.868936415179633,-86.67113336746115,2839.218476353175,-10098.925705978181
service_patches,T1-P089,N426,interface_action,T-E; T-E vertical 3,224.25,69.75,121.5,-80.4770183893852,-224.41820951737463,3.6153398220194504,176.28536307497416,70.55176720382042,1362.3219359067734
service_patches,T1-P090,N427,interface_action,T-E vertical 3,224.25,69.75,144.689,9.712562242883692e-11,-3.1920965086980635,1.1964539236407902e-11,1.0427979792209608e-10,-1.385249362287966e-15,-6.600332802114037e-11
service_patches,T1-P091,N555,interface_action,T-E vertical 3,224.25,69.75,147.143,-500.08797270059586,-664.6765100359917,22.428695678710938,518.4928010702133,450.266331192106,-4358.223379850388
service_patches,T1-P092,N245,interface_action,T-E vertical 3,224.25,69.75,150.143,-88.7960661649704,2296.3634100705385,-18.393716394901276,-469.24611926078796,-109.92239256866742,2132.4688818454742
service_patches,T1-P093,N466,interface_action,T-E diagonal 11; T-E diagonal 12; T-E top / segment 1; T-E vertical 3,224.25,69.75,193.643,97.48943959009983,804.768222048227,-7.8314788953597585,-38.48582631352664,-181.3444709072702,-2914.7314197622945
typical30,T1-P001,N246,interface_action,T-W / B-WO; T-W vertical 3,-32.0,69.75,116.0,-229.79422187805176,-91.03331020474434,-0.801535427570343,804.817556977272,2148.4802284268662,987.463029384613
typical30,T1-P002,N370,interface_action,T-W / B-WO; T-W vertical 3,-32.0,69.75,117.5,148.87165069580078,-320.15072470903397,19.934353351593018,766.0914905071259,47.84922309219837,-2682.741655111313
typical30,T1-P003,N547,interface_action,T-W vertical 3,-32.0,69.75,120.0,-148.87165075941854,316.5395415202716,-19.934353056704726,-716.2556079500256,-47.849223091996734,2310.562527744393
typical30,T1-P004,N371,interface_action,T-W vertical 3,-32.0,69.75,142.022,4.4342443843299297e-13,-2.28162701899102,2.4110730904699216e-12,1.7311341908002806e-11,-1.6764431278922135e-14,4.10396355576185e-12
typical30,T1-P005,N548,interface_action,T-W vertical 3,-32.0,69.75,147.143,148.87165081501007,-326.30874137580395,19.934353291988373,175.17746287584305,47.84922309208196,1730.2606889605522
typical30,T1-P006,N231,interface_action,T-W vertical 3,-32.0,69.75,150.143,4.321913853287697,1265.6087176948786,-19.364383697509766,-214.03476709127426,-39.03291793249082,-231.19834157824516
typical30,T1-P007,N401,interface_action,T-W diagonal 10; T-W diagonal 9; T-W top / segment 1; T-W vertical 3,-32.0,69.75,193.643,-14.834996290269554,1130.0837506121331,-15.975974913290635,763.4276921113127,-241.94686166803066,1849.5099327156427
typical30,T1-P008,N232,interior_applied_load,,-31.0,69.75,150.143,-2.472370397299528e-08,-12.535015393576032,-1.1810715250248904e-07,-1.7569664123584516e-07,-1.136140781454742e-08,3.273089532740414e-08
typical30,T1-P009,N340,interior_applied_load,,-31.0,69.75,152.643,1.3559417444181928e-08,-2.72593752574326,6.802354208001978e-09,1.3716773788749484e-07,2.8850993761568505e-11,-1.5734018454731382e-09
typical30,T1-P010,N341,interior_applied_load,,-31.0,69.75,172.143,-5.226079904148616e-15,-5.451875032855227,-7.161089426384652e-14,-4.340390760990063e-13,2.283966396072012e-15,2.0207950215012216e-13
typical30,T1-P011,N342,interior_applied_load,,-31.0,69.75,191.643,-2.384185791015625e-07,-2.7259375154972076,0.0,4.76837158203125e-07,0.0,2.384185791015625e-07
typical30,T1-P012,N566,interior_applied_load,,-31.0,69.75,193.643,2.384185791015625e-07,-8.965190961956978,-4.76837158203125e-07,0.0,3.259629011154175e-09,4.172325134277344e-07
typical30,T1-P013,N355,interior_applied_load,,-9.979,69.75,164.643,0.0,-7.13964878830302,1.7053025658242404e-13,0.0,9.094947017729282e-13,3.637978807091713e-12
typical30,T1-P014,N247,interior_applied_load,,-3.528,69.75,116.0,-2.0062357317026298e-11,-28.423828051950622,1.6860405912141909e-12,-2.63851443808285e-14,-7.414897497141214e-12,-2.2010963112695938e-10
typical30,T1-P015,N233,interior_applied_load,,-3.528,69.75,150.143,2.0815335975580715e-12,-17.615506946413387,2.4279740537879393e-13,1.8047712319235667e-13,2.7968314325455887e-12,2.039552950701473e-11
typical30,T1-P016,N567,interior_applied_load,,-3.528,69.75,193.643,1.8188879831674584e-12,-17.615506946413337,3.3143342691217323e-13,-2.857441322380938e-13,2.3646125109620832e-12,1.97588977488086e-12
typical30,T1-P017,N248,interior_applied_load,,9.344,69.75,116.0,-2.3833987836249793e-11,-321.38357328430317,-2.7658154845254475e-12,2.143866380986906e-14,1.0299465858751372e-11,-1.0183652962270359e-09
typical30,T1-P018,N356,interior_applied_load,,11.042,69.75,179.143,-1.8981937646747562e-11,-7.1396487882874275,-2.1929986958056987e-13,-4.973579553178919e-13,2.0632711928599186e-12,-1.4787100568016853e-11
typical30,T1-P019,N249,interior_applied_load,,24.944,69.75,116.0,2.319604606473235e-11,-12.84765638011017,-8.518483266955401e-11,-2.8176507886406816e-14,4.724915027063789e-11,-1.1286623996962592e-08
typical30,T1-P020,N234,interior_applied_load,,24.944,69.75,150.143,3.883040884897645e-12,-11.206488715191572,2.738437093563474e-11,-6.043615397627018e-13,-3.804696290347483e-12,2.592479119563433e-10
typical30,T1-P021,N568,interior_applied_load,,24.944,69.75,193.643,-1.5812405234261553e-11,-11.20648871536653,2.458500338893228e-11,3.022289367535287e-13,-1.6651225158376823e-10,-4.6206297586916015e-11
typical30,T1-P022,N250,interior_applied_load,,28.031,69.75,116.0,-1.0048890887206834e-10,-306.7025836863314,-1.794975211203003e-10,9.399132115958937e-14,2.3083972070062898e-10,-1.4245992689233609e-08
typical30,T1-P023,N251,interior_applied_load,,32.062,69.75,116.0,0.0,-12.847656205296516,3.725290298461914e-09,7.450580596923828e-09,-1.1641532182693481e-10,-5.960464477539063e-08
typical30,T1-P024,N549,interior_applied_load,,32.062,69.75,120.0,0.0,-3.7943998873233795,0.0,-7.450580596923828e-09,-1.1641532182693481e-10,-2.9802322387695312e-08
typical30,T1-P025,N550,interior_applied_load,,32.062,69.75,147.143,-1.7881393432617188e-07,-3.7943998724222183,5.960464477539063e-08,1.1920928955078125e-07,1.8189894035458565e-12,2.086162567138672e-07
typical30,T1-P026,N235,interior_applied_load,,32.062,69.75,150.143,-3.2782554626464844e-07,-8.965190976858139,1.7881393432617188e-07,1.1920928955078125e-07,-7.457856554538012e-11,7.748603820800781e-07
typical30,T1-P027,N343,interior_applied_load,,32.062,69.75,152.643,3.9592967127077827e-07,-2.7259375172327434,-3.18570982926758e-08,1.545456598250894e-07,-1.3233858453531866e-13,6.069892890536721e-07
typical30,T1-P028,N344,interior_applied_load,,32.062,69.75,172.143,2.842170943040401e-14,-5.45187503285706,0.0,-3.637978807091713e-12,2.220446049250313e-16,-4.547473508864641e-13
typical30,T1-P029,N345,interior_applied_load,,32.062,69.75,191.643,6.464972557296278e-09,-2.7259374970162753,-1.987865516639431e-07,-5.453748599393293e-07,-3.1304903835314465e-12,2.4771907192189246e-08
typical30,T1-P030,N357,interior_applied_load,,32.062,69.75,193.643,8.544209684552807e-08,-16.143293761784935,4.095495846938553e-07,-4.940782709859935e-07,9.036156342311054e-11,-2.1502820862303793e-08
typical30,T1-P031,N252,interior_applied_load,,46.719,69.75,116.0,6.425471869896605e-11,-316.48991009068703,1.6934742807684657e-12,3.2940422062207825e-15,-5.075470010268696e-11,-1.0977390486867433e-09
typical30,T1-P032,N253,interior_applied_load,,53.417,69.75,116.0,-8.90678046643968e-11,-12.847656202186982,-2.3438894987855742e-11,-1.5729466973809907e-14,-2.994606723707847e-12,-7.880066253466483e-09
typical30,T1-P033,N236,interior_applied_load,,53.417,69.75,150.143,-1.1191356368237625e-11,-15.689084201398108,-2.4902929179890687e-12,-1.9552404035163273e-13,-2.7403446959718475e-11,2.943078194975549e-10
typical30,T1-P034,N358,interior_applied_load,,53.417,69.75,179.143,2.4293015744391145e-12,-7.216556757844699,5.124661681255422e-13,-8.67285666660562e-12,1.807452675582838e-11,-3.677258727875303e-12
typical30,T1-P035,N569,interior_applied_load,,53.417,69.75,193.643,-4.3125524644680166e-14,-15.689084201386393,1.2170866592537176e-13,-4.410995311490404e-12,-7.345691561945322e-12,-1.4100654056883654e-11
typical30,T1-P036,N254,interior_applied_load,,65.406,69.75,116.0,-4.4636732023532966e-11,-321.38357328455754,-2.325531009683878e-13,-8.827037467191092e-15,1.359503754332446e-11,-2.0620417829292435e-09
typical30,T1-P037,N359,interior_applied_load,,74.771,69.75,164.643,-1.4551915228366852e-11,-7.2165567578340415,-5.684341886080802e-14,-6.821210263296962e-13,1.000444171950221e-11,0.0
typical30,T1-P038,N255,interior_applied_load,,81.889,69.75,116.0,9.94152116514658e-11,-12.847656207772454,-5.4609442396629905e-11,4.989953887402829e-14,3.2150684005476556e-10,2.450261545657423e-09
typical30,T1-P039,N237,interior_applied_load,,81.889,69.75,150.143,-6.274974368685886e-12,-13.44778645834012,-4.502126720483473e-13,2.8279973067306415e-13,2.6353227634511778e-11,-1.0680754642677101e-10
typical30,T1-P040,N570,interior_applied_load,,81.889,69.75,193.643,-4.411173024395785e-12,-13.447786458311752,-1.7252300319190382e-11,-1.1087566682876655e-13,2.7635128468959274e-10,2.932669849356149e-10
typical30,T1-P041,N256,interior_applied_load,,84.094,69.75,116.0,-9.517258213408784e-11,-311.5962469002038,1.7816860819079301e-12,-2.3555299358569158e-14,1.381344243071198e-10,-1.21565782258321e-08
typical30,T1-P042,N257,interior_applied_load,,96.125,69.75,116.0,-5.960464477539063e-08,-12.84765638411045,7.450580596923828e-09,0.0,1.1641532182693481e-10,-4.470348358154297e-07
typical30,T1-P043,N551,interior_applied_load,,96.125,69.75,120.0,5.960464477539063e-08,-3.7943998873233795,-1.4901161193847656e-08,-7.450580596923828e-09,-1.1641532182693481e-10,-5.960464477539063e-08
typical30,T1-P044,N552,interior_applied_load,,96.125,69.75,147.143,-1.7881393432617188e-07,-3.7943998724222183,1.1920928955078125e-07,3.5762786865234375e-07,-2.9103830456733704e-11,1.1920928955078125e-07
typical30,T1-P045,N238,interior_applied_load,,96.125,69.75,150.143,-1.1920928955078125e-07,-16.18174773454666,1.1920928955078125e-07,2.384185791015625e-07,0.0,8.940696716308594e-08
typical30,T1-P046,N346,interior_applied_load,,96.125,69.75,152.643,2.980232238769531e-07,-2.725937530398369,-1.1920928955078125e-07,0.0,0.0,1.1920928955078125e-07
typical30,T1-P047,N347,interior_applied_load,,96.125,69.75,172.143,-7.15992293210074e-14,-5.451875032853032,-2.0111930630927625e-13,-3.421715282129016e-13,1.1324136682173194e-15,6.131642251197925e-14
typical30,T1-P048,N348,interior_applied_load,,96.125,69.75,191.643,-2.8155853162847855e-08,-2.725937510810505,-5.0050195099515804e-08,-3.0779651538637154e-07,-1.4328862499108445e-11,6.0424935888203635e-09
typical30,T1-P049,N571,interior_applied_load,,96.125,69.75,193.643,5.794069662633588e-08,-8.965190960254256,-1.7091767754649364e-08,2.271285097971466e-07,9.613680649411065e-11,8.606379891932246e-08
typical30,T1-P050,N258,interior_applied_load,,102.781,69.75,116.0,-3.428689108184439e-13,-311.5962468959608,8.97837851254344e-12,1.3279525588631118e-14,-3.8124136117753053e-13,2.595992351018788e-09
typical30,T1-P051,N259,interior_applied_load,,110.361,69.75,116.0,-9.740981822553613e-11,-6.423828017013603,-1.0759660608662938e-09,1.4010879213542168e-14,-3.6007827820125414e-10,-6.35007961369613e-09
typical30,T1-P052,N239,interior_applied_load,,110.361,69.75,150.143,2.7746421722066933e-11,-13.44778645833094,4.482988811166971e-13,9.296202580577348e-12,3.861869960611876e-12,-1.1965969773958088e-11
typical30,T1-P053,N572,interior_applied_load,,110.361,69.75,193.643,-3.264300612415581e-12,-13.447786458337486,-1.5534252837788924e-12,1.0208701993888242e-14,-1.0097990978362931e-10,3.1517088253266325e-10
typical30,T1-P054,N260,interior_applied_load,,112.125,69.75,116.0,-1.3396372809451056e-10,-7.6365017143676965,-1.5966905277567084e-09,-1.925686553224545e-14,1.1064397968108268e-10,-3.63159260637299e-08
typical30,T1-P055,N360,interior_applied_load,,117.479,69.75,164.643,-7.275957614183426e-12,-7.2165567578340415,-8.526512829121202e-13,-2.9558577807620168e-12,-4.547473508864641e-13,-3.8198777474462986e-11
typical30,T1-P056,N261,interior_applied_load,,121.469,69.75,116.0,3.555834817874299e-11,-320.1708997421844,-1.3069667072042655e-12,2.523030303282296e-15,-3.8546020844504775e-11,3.9842306148505235e-09
typical30,T1-P057,N262,interior_applied_load,,138.833,69.75,116.0,-5.152445792968357e-11,-12.847656222231628,-1.1026162440401282e-09,-2.412745212514673e-14,4.884870862604836e-10,-1.5181659557901643e-08
typical30,T1-P058,N240,interior_applied_load,,138.833,69.75,150.143,-4.857775019883288e-12,-15.68908420139854,3.5048199493924806e-12,-2.138064231675795e-14,-9.192771960186117e-11,-7.280003909329936e-11
typical30,T1-P059,N361,interior_applied_load,,138.833,69.75,179.143,4.135201849931144e-12,-7.216556757840366,4.4600342584314824e-13,-8.78132704909598e-12,3.1787406503819875e-11,3.820036092696409e-12
typical30,T1-P060,N573,interior_applied_load,,138.833,69.75,193.643,-1.5150367923115502e-12,-15.689084201385825,-8.973634883587776e-13,1.8465635671150554e-11,-4.989935045252695e-11,-2.0766140025103466e-11
typical30,T1-P061,N263,interior_applied_load,,140.156,69.75,116.0,2.354388524583598e-10,-315.56608213264667,5.135248017145802e-09,6.277082183167392e-14,7.438060516385202e-10,-1.0094931522871967e-07
typical30,T1-P062,N264,interior_applied_load,,158.844,69.75,116.0,1.2547656023667565e-11,-315.58040508658956,-3.5450720560869673e-10,2.7290614083603687e-14,-1.3390974944146956e-09,-9.671939609511693e-08
typical30,T1-P063,N265,interior_applied_load,,160.188,69.75,116.0,5.960464477539063e-08,-5.817491300404072,3.725290298461914e-07,4.76837158203125e-07,1.0186340659856796e-09,-2.086162567138672e-07
typical30,T1-P064,N553,interior_applied_load,,160.188,69.75,120.0,-2.682209014892578e-07,-3.794399879872799,-1.9371509552001953e-07,4.76837158203125e-07,0.0,-9.5367431640625e-07
typical30,T1-P065,N554,interior_applied_load,,160.188,69.75,147.143,0.0,-3.7943998724222183,1.1920928955078125e-07,5.960464477539063e-08,1.8189894035458565e-12,0.0
typical30,T1-P066,N241,interior_applied_load,,160.188,69.75,150.143,0.0,-8.965190976858139,0.0,-1.7881393432617188e-07,-1.8189894035458565e-11,2.9802322387695312e-08
typical30,T1-P067,N349,interior_applied_load,,160.188,69.75,152.643,1.1920928955078125e-07,-2.725937530398369,0.0,0.0,-1.8189894035458565e-12,-5.960464477539063e-08
typical30,T1-P068,N350,interior_applied_load,,160.188,69.75,172.143,-1.6010811714740263e-13,-5.451875032858061,1.3424808043151674e-13,-1.3460885333717895e-11,1.2678341960788903e-15,-9.334930740807738e-13
typical30,T1-P069,N351,interior_applied_load,,160.188,69.75,191.643,-2.2738035082570107e-07,-2.7259375157197603,-3.115229557509869e-07,-5.733813014663358e-07,2.538531988257524e-11,1.7269687890841823e-07
typical30,T1-P070,N362,interior_applied_load,,160.188,69.75,193.643,2.789358915364153e-07,-16.143293750271145,1.1366095853189204e-07,-3.7761407679627536e-07,6.222801606399079e-11,3.5119345018473467e-09
typical30,T1-P071,N266,interior_applied_load,,167.306,69.75,116.0,6.03212113769951e-12,-11.92382815655249,3.6975375867684936e-11,5.015573515658872e-16,-3.9954417061714763e-10,1.906323661878712e-09
typical30,T1-P072,N242,interior_applied_load,,167.306,69.75,150.143,4.530493565768817e-12,-11.206488715221875,3.5569455464273693e-12,-1.9101850743675303e-14,6.654892865758232e-11,-1.9331656745836598e-10
typical30,T1-P073,N574,interior_applied_load,,167.306,69.75,193.643,1.67325334286698e-12,-11.206488715274899,-1.798034495705155e-11,-1.8269629853305744e-13,-3.670603383804465e-11,-2.237898487250607e-11
typical30,T1-P074,N267,interior_applied_load,,177.531,69.75,116.0,5.960223462368233e-11,-321.38357328435734,-6.693157752318443e-12,4.109624947636785e-15,8.793646788629951e-12,-6.281565120459598e-10
typical30,T1-P075,N363,interior_applied_load,,181.208,69.75,179.143,-1.040565825322994e-11,-7.139648788298259,-4.524133441181617e-13,-6.877869328278219e-12,-9.438405321154453e-12,1.7733599956406677e-12
typical30,T1-P076,N268,interior_applied_load,,195.778,69.75,116.0,6.93324876429281e-10,-12.847656936038709,2.5862177771534072e-08,-7.97803849106922e-14,1.7321999709486911e-09,1.266535304426569e-07
typical30,T1-P077,N243,interior_applied_load,,195.778,69.75,150.143,3.757019444217556e-12,-17.61550694641212,-4.4170568228746036e-14,-4.5167589964145745e-14,2.2319632463121667e-12,7.220951155259206e-12
typical30,T1-P078,N575,interior_applied_load,,195.778,69.75,193.643,4.927185639045367e-13,-17.61550694641757,-1.0302781429267488e-12,1.4257143599773801e-13,-2.780686149955885e-10,3.394112271429427e-11
typical30,T1-P079,N269,interior_applied_load,,196.219,69.75,116.0,5.740203058953061e-10,-314.95974562277155,-2.425579961959857e-08,1.2271328821476146e-13,9.683419359557729e-11,1.1691677770455577e-07
typical30,T1-P080,N364,interior_applied_load,,202.229,69.75,164.643,-3.637978807091713e-12,-7.1396487882957445,5.684341886080802e-14,0.0,-9.094947017729282e-13,2.7284841053187847e-12
typical30,T1-P081,N270,interior_applied_load,,214.906,69.75,116.0,-2.5224111257601206e-11,-321.0804048984408,1.6818179719717074e-11,9.691705883809213e-15,-1.8753740592370533e-11,1.4640787340995492e-09
typical30,T1-P082,N244,interior_applied_load,,223.25,69.75,150.143,5.960464477539063e-08,-12.535015396773815,-1.7881393432617188e-07,-1.1920928955078125e-07,-2.2118911147117615e-09,-1.1920928955078125e-07
typical30,T1-P083,N352,interior_applied_load,,223.25,69.75,152.643,-5.960464477539063e-08,-2.7259375154972076,2.384185791015625e-07,-4.76837158203125e-07,0.0,-5.960464477539063e-08
typical30,T1-P084,N353,interior_applied_load,,223.25,69.75,172.143,1.7218117579284853e-14,-5.451875032832575,-1.0979600218562666e-14,1.5212536290032758e-12,1.2194175252432216e-14,-1.8797569982987036e-14
typical30,T1-P085,N354,interior_applied_load,,223.25,69.75,191.643,2.99056746033699e-08,-2.7259375217520887,2.1190885282629246e-08,-9.466248368505958e-09,2.662928008624892e-11,-2.179976155147756e-08
typical30,T1-P086,N576,interior_applied_load,,223.25,69.75,193.643,2.0385744425865937e-08,-8.965190958476192,-1.7084559520950482e-07,1.0364883257380531e-07,-2.863505996701574e-09,-2.8183308446399916e-09
typical30,T1-P087,N271,interior_applied_load,,224.25,69.75,116.0,5.3271716371483535e-08,-6.423828189961736,6.639773542556345e-09,-3.782150520741837e-09,6.281847816024912e-10,8.804399481799244e-08
typical30,T1-P088,N161,interface_action,T-E; T-E vertical 3,224.25,69.75,120.0,522.967656593537,703.8487431037938,16.531441227998585,-63.25330772541929,2059.084643369665,-7353.212849300588
typical30,T1-P089,N426,interface_action,T-E; T-E vertical 3,224.25,69.75,121.5,-60.88349620671943,-164.12622290162835,2.4879791332641616,114.40359811414964,47.07717840659075,1007.5556063888362
typical30,T1-P090,N427,interface_action,T-E vertical 3,224.25,69.75,144.689,1.216529451259198e-11,-3.192096508699896,2.59195169888335e-11,6.921843752928338e-11,-5.4220094399063745e-14,2.0243535691838992e-12
typical30,T1-P091,N555,interface_action,T-E vertical 3,224.25,69.75,147.143,-378.33290553092957,-489.4506791383028,15.434822082519531,313.9371682405472,300.44985751761124,-3440.592826604843
typical30,T1-P092,N245,interface_action,T-E vertical 3,224.25,69.75,150.143,-60.16396123170853,1801.8109321594238,-12.867358803749084,-292.46492820978165,-61.74320791999344,1535.7313197255135
typical30,T1-P093,N466,interface_action,T-E diagonal 11; T-E diagonal 12; T-E top / segment 1; T-E vertical 3,224.25,69.75,193.643,67.84835974529095,618.0376187141294,-5.379342026398475,-24.743006767275602,-107.03567621076255,-2163.863358149482
storage125_sensitivity,T1-P001,N246,interface_action,T-W / B-WO; T-W vertical 3,-32.0,69.75,116.0,-604.6314239501953,4.223316073417664,-9.081851124763489,1903.01240503788,5891.339034933597,2512.625322341919
storage125_sensitivity,T1-P002,N370,interface_action,T-W / B-WO; T-W vertical 3,-32.0,69.75,117.5,442.2992935180664,-640.3685012459755,46.720040678977966,1811.299033522606,117.91598216351122,-7946.642922401428
storage125_sensitivity,T1-P003,N547,interface_action,T-W vertical 3,-32.0,69.75,120.0,-442.2992939804678,636.7573180105826,-46.72004082325825,-1694.498931187108,-117.91598216249537,6840.89468598858
storage125_sensitivity,T1-P004,N371,interface_action,T-W vertical 3,-32.0,69.75,142.022,4.881435093073409e-12,-2.2816270190353505,-1.851104487770015e-12,1.3036953362129927e-11,-1.1265622781430226e-13,2.05325479864092e-12
storage125_sensitivity,T1-P005,N548,interface_action,T-W vertical 3,-32.0,69.75,147.143,442.2992938756943,-646.526517957449,46.720041155815125,426.3768627643585,117.91598216269631,5164.4350472688675
storage125_sensitivity,T1-P006,N231,interface_action,T-W vertical 3,-32.0,69.75,150.143,38.696924567222595,3187.2374564111233,-44.57355272769928,-490.59827876091003,-65.3187718805857,-1043.080026090145
storage125_sensitivity,T1-P007,N401,interface_action,T-W diagonal 10; T-W diagonal 9; T-W top / segment 1; T-W vertical 3,-32.0,69.75,193.643,-83.54111286859833,3023.730300323446,-40.112719036534386,1804.5037097241982,-214.01736373400513,7234.597756752659
storage125_sensitivity,T1-P008,N232,interior_applied_load,,-31.0,69.75,150.143,-2.6193447411060333e-08,-12.53501535209216,-1.8199784790340345e-08,-2.926517481682822e-07,-1.8922037270385772e-08,-1.3387034414336085e-07
storage125_sensitivity,T1-P009,N340,interior_applied_load,,-31.0,69.75,152.643,-1.0858078445769577e-07,-2.725937571798269,1.489014767971495e-08,3.192119442078677e-08,-2.4240548553720065e-10,-7.609269391693616e-08
storage125_sensitivity,T1-P010,N341,interior_applied_load,,-31.0,69.75,172.143,-6.474842329782503e-14,-5.451875032892441,-2.8518051329322107e-14,-6.160950460755402e-12,-1.4741556030326482e-15,1.8776491412602848e-13
storage125_sensitivity,T1-P011,N342,interior_applied_load,,-31.0,69.75,191.643,-4.76837158203125e-07,-2.72593754529953,-1.9073486328125e-06,-9.5367431640625e-07,1.4551915228366852e-11,2.384185791015625e-07
storage125_sensitivity,T1-P012,N566,interior_applied_load,,-31.0,69.75,193.643,0.0,-8.965190887451172,0.0,-1.9073486328125e-06,-4.2637111619114876e-09,7.152557373046875e-07
storage125_sensitivity,T1-P013,N355,interior_applied_load,,-9.979,69.75,164.643,1.4551915228366852e-11,-7.1396487882957445,3.410605131648481e-13,1.8189894035458565e-12,-3.637978807091713e-12,0.0
storage125_sensitivity,T1-P014,N247,interior_applied_load,,-3.528,69.75,116.0,-8.962088092612471e-11,-28.423828051815793,3.3457930069146525e-12,-4.1017931022831564e-14,-2.1195998964951717e-11,8.055245747926963e-10
storage125_sensitivity,T1-P015,N233,interior_applied_load,,-3.528,69.75,150.143,-1.6182696822433237e-12,-17.615506946413486,9.058513751156614e-14,7.60450211669469e-13,1.0364216044053406e-12,-7.731799295373782e-13
storage125_sensitivity,T1-P016,N567,interior_applied_load,,-3.528,69.75,193.643,-1.6504021547889136e-11,-17.615506946414623,7.351502290360105e-13,-9.750944441192053e-13,4.749292607710509e-12,3.62973303369642e-11
storage125_sensitivity,T1-P017,N248,interior_applied_load,,9.344,69.75,116.0,1.880525211073729e-11,-1004.0466077632002,-6.913041663639111e-12,5.966719841096662e-14,1.9034495913671246e-11,-4.253701458619162e-10
storage125_sensitivity,T1-P018,N356,interior_applied_load,,11.042,69.75,179.143,-3.9936224416930085e-11,-7.13964878827533,-2.7701750464428323e-13,-1.7786006255809236e-12,4.902067377048719e-12,-5.728397649566257e-11
storage125_sensitivity,T1-P019,N249,interior_applied_load,,24.944,69.75,116.0,1.2763110624358412e-10,-12.847656373172454,-1.7367198051166892e-10,3.646104435871307e-14,-8.980540277149512e-11,-2.1837231608573118e-08
storage125_sensitivity,T1-P020,N234,interior_applied_load,,24.944,69.75,150.143,-7.232962213292477e-12,-11.206488715169176,3.263596443448132e-12,-1.8856945772477466e-12,1.5717081339479062e-10,8.559949464022541e-11
storage125_sensitivity,T1-P021,N568,interior_applied_load,,24.944,69.75,193.643,-1.1838239608598245e-11,-11.206488715551332,1.1595116056504027e-10,1.128829351712682e-12,-7.742664620959342e-11,-5.264970966381076e-10
storage125_sensitivity,T1-P022,N250,interior_applied_load,,28.031,69.75,116.0,-6.049960355129629e-10,-989.3656181551752,-4.229140279461702e-10,-1.3162902108612703e-14,1.055727359815694e-09,-8.730879664782667e-10
storage125_sensitivity,T1-P023,N251,interior_applied_load,,32.062,69.75,116.0,-5.960464477539063e-08,-12.847656220197678,0.0,-2.9802322387695312e-08,-5.820766091346741e-10,-1.1920928955078125e-07
storage125_sensitivity,T1-P024,N549,interior_applied_load,,32.062,69.75,120.0,0.0,-3.7943998873233795,0.0,-2.9802322387695312e-08,-1.1641532182693481e-10,-1.1920928955078125e-07
storage125_sensitivity,T1-P025,N550,interior_applied_load,,32.062,69.75,147.143,-4.76837158203125e-07,-3.794399857521057,1.1920928955078125e-07,2.384185791015625e-07,0.0,5.960464477539062e-07
storage125_sensitivity,T1-P026,N235,interior_applied_load,,32.062,69.75,150.143,-1.0728836059570312e-06,-8.965190917253494,3.5762786865234375e-07,5.960464477539062e-07,2.0372681319713593e-10,2.6226043701171875e-06
storage125_sensitivity,T1-P027,N343,interior_applied_load,,32.062,69.75,152.643,1.3207682556526379e-06,-2.7259375556005057,-1.6577081396462745e-07,4.471830834518187e-07,-2.6787461138155777e-12,1.5721925592515618e-06
storage125_sensitivity,T1-P028,N344,interior_applied_load,,32.062,69.75,172.143,1.1368683772161603e-13,-5.451875032798853,0.0,-1.8189894035458565e-12,-1.7763568394002505e-15,9.094947017729282e-13
storage125_sensitivity,T1-P029,N345,interior_applied_load,,32.062,69.75,191.643,-8.42494500830071e-08,-2.7259375418070704,-1.4342822396429256e-07,-6.10394636169076e-07,5.564786566022311e-12,-8.939059625845402e-08
storage125_sensitivity,T1-P030,N357,interior_applied_load,,32.062,69.75,193.643,3.3962150630568533e-07,-16.14329378182044,1.2696583534962905e-06,6.647325948773828e-07,1.4444695443544645e-10,2.2918506646871346e-07
storage125_sensitivity,T1-P031,N252,interior_applied_load,,46.719,69.75,116.0,1.5660089948417874e-10,-999.1529445701303,2.741733888141022e-12,-3.096274270442735e-14,-2.7660173326439856e-10,-6.271431507893788e-09
storage125_sensitivity,T1-P032,N253,interior_applied_load,,53.417,69.75,116.0,-1.2129532040237138e-10,-12.847656202323515,-6.655130189176239e-11,4.207140774444513e-14,-1.198719694092513e-10,-1.2397802822482975e-08
storage125_sensitivity,T1-P033,N236,interior_applied_load,,53.417,69.75,150.143,-2.1761615042649968e-11,-15.68908420141539,7.028024522527334e-12,-8.735437266002379e-13,2.1898564877841687e-10,8.992271273387037e-10
storage125_sensitivity,T1-P034,N358,interior_applied_load,,53.417,69.75,179.143,-2.8667060769055812e-11,-7.216556757833671,1.6637858078185214e-12,-5.4172222803908495e-11,-2.8101320392041254e-11,-2.4452939557147845e-11
storage125_sensitivity,T1-P035,N569,interior_applied_load,,53.417,69.75,193.643,3.527089601666575e-12,-15.689084201387914,-8.305773192332857e-13,-9.30311168252337e-12,1.676654405594436e-12,-2.1999897951402348e-11
storage125_sensitivity,T1-P036,N254,interior_applied_load,,65.406,69.75,116.0,-3.456796794253532e-11,-1004.0466077635948,2.4551124294924056e-12,-2.9442404804265984e-14,7.865167408163297e-12,-4.4323131953435265e-10
storage125_sensitivity,T1-P037,N359,interior_applied_load,,74.771,69.75,164.643,0.0,-7.21655675781949,-3.524291969370097e-12,-1.1368683772161603e-11,8.185452315956354e-12,-2.546585164964199e-11
storage125_sensitivity,T1-P038,N255,interior_applied_load,,81.889,69.75,116.0,-1.4290238361434568e-10,-12.847656169169928,-1.789226373670283e-10,1.2842504165558753e-13,4.4190084336447454e-10,3.838904347848757e-08
storage125_sensitivity,T1-P039,N237,interior_applied_load,,81.889,69.75,150.143,5.642888007554465e-12,-13.447786458328112,1.452208964824183e-12,6.007581403234793e-13,4.0426151465102285e-11,1.6133113862771996e-10
storage125_sensitivity,T1-P040,N570,interior_applied_load,,81.889,69.75,193.643,-2.676643827093117e-12,-13.44778645832578,-3.228743529259515e-11,5.284831220659641e-15,6.604583900462369e-10,3.3583682007615014e-10
storage125_sensitivity,T1-P041,N256,interior_applied_load,,84.094,69.75,116.0,4.246549438505804e-10,-994.2592813878442,8.104516087956982e-11,4.1872433434444115e-14,3.1451139657759255e-10,-2.3406655005065904e-08
storage125_sensitivity,T1-P042,N257,interior_applied_load,,96.125,69.75,116.0,-3.5762786865234375e-07,-12.847656399011612,0.0,2.9802322387695312e-08,0.0,-7.152557373046875e-07
storage125_sensitivity,T1-P043,N551,interior_applied_load,,96.125,69.75,120.0,3.5762786865234375e-07,-3.794399857521057,0.0,2.9802322387695312e-08,-2.3283064365386963e-10,3.5762786865234375e-07
storage125_sensitivity,T1-P044,N552,interior_applied_load,,96.125,69.75,147.143,-4.76837158203125e-07,-3.794399917125702,2.384185791015625e-07,7.152557373046875e-07,0.0,3.5762786865234375e-07
storage125_sensitivity,T1-P045,N238,interior_applied_load,,96.125,69.75,150.143,-4.76837158203125e-07,-16.181747674942017,-2.384185791015625e-07,5.960464477539062e-07,0.0,2.384185791015625e-07
storage125_sensitivity,T1-P046,N346,interior_applied_load,,96.125,69.75,152.643,5.960464477539062e-07,-2.72593754529953,-2.384185791015625e-07,-2.384185791015625e-07,1.1641532182693481e-10,1.1920928955078125e-07
storage125_sensitivity,T1-P047,N347,interior_applied_load,,96.125,69.75,172.143,-1.875682597885272e-13,-5.451875032782941,2.8054387021251513e-12,1.3294627121402173e-11,-3.09697634757822e-15,1.8934198387167594e-12
storage125_sensitivity,T1-P048,N348,interior_applied_load,,96.125,69.75,191.643,2.6376105355385704e-08,-2.725937521882898,1.1876227645757353e-07,1.8596650619429056e-07,6.525852251824411e-11,2.7740295061029485e-08
storage125_sensitivity,T1-P049,N571,interior_applied_load,,96.125,69.75,193.643,1.5835064798301747e-07,-8.965190943178243,1.0416384976083754e-06,4.027365223557614e-07,-2.3737059235440213e-10,4.9899479138781524e-08
storage125_sensitivity,T1-P050,N258,interior_applied_load,,102.781,69.75,116.0,-1.1534008533210578e-10,-994.2592813753138,9.066430578284107e-12,5.019236643881684e-14,-3.714098455224303e-11,1.4076221246961875e-08
storage125_sensitivity,T1-P051,N259,interior_applied_load,,110.361,69.75,116.0,-4.2167448992504544e-10,-6.423828168061673,-2.8629341061780464e-09,2.9563735597634148e-15,-1.9251547664444668e-09,-1.937548744391299e-07
storage125_sensitivity,T1-P052,N239,interior_applied_load,,110.361,69.75,150.143,-1.486913500762087e-10,-13.44778645832708,-2.9489527754958987e-12,-3.474051788611547e-11,-1.3653101261291013e-11,-4.658776472393185e-11
storage125_sensitivity,T1-P053,N572,interior_applied_load,,110.361,69.75,193.643,-6.460219320327211e-12,-13.447786458297074,-8.839244652902047e-12,-8.669383417367265e-13,-1.161981789267012e-10,5.576496801148565e-10
storage125_sensitivity,T1-P054,N260,interior_applied_load,,112.125,69.75,116.0,-6.66289596705492e-10,-7.636501607137542,-2.2518317029605416e-09,-1.0434852781086157e-14,1.0377765373315462e-10,-1.1803600982800047e-07
storage125_sensitivity,T1-P055,N360,interior_applied_load,,117.479,69.75,164.643,-5.820766091346741e-11,-7.216556757863145,-3.296918293926865e-12,-8.185452315956354e-12,-2.7284841053187847e-12,-9.822542779147625e-11
storage125_sensitivity,T1-P056,N261,interior_applied_load,,121.469,69.75,116.0,3.015952817131468e-10,-1002.8339342227116,1.7674298174077157e-11,2.197940642658309e-14,2.931372139766924e-10,1.3141162190259515e-08
storage125_sensitivity,T1-P057,N262,interior_applied_load,,138.833,69.75,116.0,4.659429743101428e-10,-12.84765637051034,1.3805824024426878e-08,3.74643218249355e-14,-6.191747207336034e-09,2.3151462220270925e-07
storage125_sensitivity,T1-P058,N240,interior_applied_load,,138.833,69.75,150.143,1.2711697324069038e-11,-15.6890842014507,9.963777655048615e-12,2.9960922549423207e-13,-1.6575873922683105e-10,-1.6750058427235272e-09
storage125_sensitivity,T1-P059,N361,interior_applied_load,,138.833,69.75,179.143,-2.8410973392990328e-11,-7.2165567578412295,4.2075131461503953e-13,-4.090251673254474e-11,1.0066735101041527e-10,9.464668506944222e-12
storage125_sensitivity,T1-P060,N573,interior_applied_load,,138.833,69.75,193.643,-7.01589957887383e-12,-15.689084201371855,-9.959391525262267e-12,-1.5122597181145505e-11,-9.321315700100112e-11,-1.3624985515424574e-11
storage125_sensitivity,T1-P061,N263,interior_applied_load,,140.156,69.75,116.0,-4.855136984179911e-10,-998.2291170787437,1.8921256358803862e-11,4.5047851332314765e-14,-5.415088459308832e-09,-1.2997551276874558e-07
storage125_sensitivity,T1-P062,N264,interior_applied_load,,158.844,69.75,116.0,6.824632084394073e-11,-998.2434397668784,4.60962216305901e-09,6.472960702783396e-14,-8.506612493543498e-09,-1.273074362150812e-07
storage125_sensitivity,T1-P063,N265,interior_applied_load,,160.188,69.75,116.0,1.1324882507324219e-06,-5.81749153137207,3.2782554626464844e-07,2.980232238769531e-07,1.0477378964424133e-09,-1.6689300537109375e-06
storage125_sensitivity,T1-P064,N553,interior_applied_load,,160.188,69.75,120.0,-1.6093254089355469e-06,-3.7943998873233795,8.940696716308594e-08,-2.980232238769531e-07,-1.1641532182693481e-10,-5.0067901611328125e-06
storage125_sensitivity,T1-P065,N554,interior_applied_load,,160.188,69.75,147.143,-1.1920928955078125e-07,-3.7943998873233795,1.1920928955078125e-07,2.384185791015625e-07,-5.820766091346741e-11,1.1920928955078125e-07
storage125_sensitivity,T1-P066,N241,interior_applied_load,,160.188,69.75,150.143,0.0,-8.965191006660461,0.0,-2.384185791015625e-07,-4.0745362639427185e-10,-8.940696716308594e-08
storage125_sensitivity,T1-P067,N349,interior_applied_load,,160.188,69.75,152.643,0.0,-2.7259375154972076,-2.384185791015625e-07,4.76837158203125e-07,0.0,0.0
storage125_sensitivity,T1-P068,N350,interior_applied_load,,160.188,69.75,172.143,3.2040453291918625e-12,-5.45187503281438,-3.024564212873858e-13,3.6777238805188586e-12,3.5238339909784332e-15,3.442961274005338e-11
storage125_sensitivity,T1-P069,N351,interior_applied_load,,160.188,69.75,191.643,-7.178460849632806e-07,-2.725937540762221,1.013793271553709e-08,-1.2064442520554053e-06,-8.243267472889468e-11,3.2706891783806924e-07
storage125_sensitivity,T1-P070,N362,interior_applied_load,,160.188,69.75,193.643,8.412309365960482e-07,-16.14329374925353,5.983791589450646e-07,-1.557921592728734e-06,5.570268097364766e-10,2.7352144884755804e-07
storage125_sensitivity,T1-P071,N266,interior_applied_load,,167.306,69.75,116.0,-1.5999261828082242e-10,-11.923828157159496,4.869566362409611e-11,2.668246319358706e-14,-1.0446518727033648e-09,1.024869809252825e-08
storage125_sensitivity,T1-P072,N242,interior_applied_load,,167.306,69.75,150.143,3.760786833991237e-11,-11.206488715172393,-4.117853878825462e-11,-8.718646563780242e-13,-1.184411688003e-10,-1.0460188614447991e-10
storage125_sensitivity,T1-P073,N574,interior_applied_load,,167.306,69.75,193.643,-1.310994760558464e-11,-11.206488715247117,-9.279718522448787e-12,-1.1714988421936629e-12,-2.192000265239174e-11,-9.724224870154922e-11
storage125_sensitivity,T1-P074,N267,interior_applied_load,,177.531,69.75,116.0,1.3130338053660575e-10,-1004.0466077633489,-1.0611897631485385e-11,7.221234676570405e-15,-4.383584490245808e-11,-5.102907168761352e-10
storage125_sensitivity,T1-P075,N363,interior_applied_load,,181.208,69.75,179.143,-2.916987781125732e-11,-7.13964878829448,5.240459416767478e-13,-5.524295821065471e-12,-1.7940223698782146e-11,1.626115105942132e-11
storage125_sensitivity,T1-P076,N268,interior_applied_load,,195.778,69.75,116.0,2.2996960764248875e-09,-12.847654748092898,-3.458553643548297e-08,-3.2585462203971013e-13,2.021476748525514e-08,-1.318162261530129e-08
storage125_sensitivity,T1-P077,N243,interior_applied_load,,195.778,69.75,150.143,-1.8897364859765494e-11,-17.61550694641202,1.5474083430779643e-13,7.3689947351662e-15,1.0502771590734997e-11,-6.5184935897331054e-12
storage125_sensitivity,T1-P078,N575,interior_applied_load,,195.778,69.75,193.643,3.703134880149663e-12,-17.615506946419547,-5.088510069040583e-12,-9.462447710087968e-15,-3.646735150133624e-10,9.51861235712523e-10
storage125_sensitivity,T1-P079,N269,interior_applied_load,,196.219,69.75,116.0,-1.0948179542894533e-09,-997.6227768914952,9.182117391337727e-08,2.1746083309769646e-13,1.5933534648282595e-08,2.439540893410868e-07
storage125_sensitivity,T1-P080,N364,interior_applied_load,,202.229,69.75,164.643,0.0,-7.1396487882884685,0.0,-1.8189894035458565e-12,-3.637978807091713e-12,1.2732925824820995e-11
storage125_sensitivity,T1-P081,N270,interior_applied_load,,214.906,69.75,116.0,1.67632853156976e-10,-1003.7434393774331,1.32385065249317e-11,-5.098555182122045e-16,9.224450076646728e-11,1.1790692631399716e-09
storage125_sensitivity,T1-P082,N244,interior_applied_load,,223.25,69.75,150.143,2.384185791015625e-07,-12.535015374422073,4.76837158203125e-07,1.1920928955078125e-06,-6.51925802230835e-09,0.0
storage125_sensitivity,T1-P083,N352,interior_applied_load,,223.25,69.75,152.643,-3.5762786865234375e-07,-2.72593754529953,-9.5367431640625e-07,7.152557373046875e-07,0.0,-2.384185791015625e-07
storage125_sensitivity,T1-P084,N353,interior_applied_load,,223.25,69.75,172.143,2.2602513399257242e-13,-5.451875032854505,-1.7861182919141658e-13,6.400427048539753e-13,-2.2391375361929943e-14,-1.5242619545859367e-12
storage125_sensitivity,T1-P085,N354,interior_applied_load,,223.25,69.75,191.643,2.052680886377445e-08,-2.725937530385723,-5.064004512667086e-07,-6.194806000947572e-07,-1.361769743566091e-10,-1.6168066108157575e-08
storage125_sensitivity,T1-P086,N576,interior_applied_load,,223.25,69.75,193.643,6.515486800084958e-08,-8.965190922248196,3.867717224295755e-07,-3.458400574924823e-07,-8.817343427654434e-09,1.2249958682068581e-08
storage125_sensitivity,T1-P087,N271,interior_applied_load,,224.25,69.75,116.0,-1.2199544263680195e-08,-6.42382819347932,1.7620951513358242e-09,1.0320053252678564e-07,3.7551938389867164e-09,4.317920917436827e-07
storage125_sensitivity,T1-P088,N161,interface_action,T-E; T-E vertical 3,224.25,69.75,120.0,1511.1872164472006,2093.2773636190686,47.658156676683575,-180.00249543401878,5889.185118643302,-19666.67541113496
storage125_sensitivity,T1-P089,N426,interface_action,T-E; T-E vertical 3,224.25,69.75,121.5,-175.73314773710445,-381.9063087145332,6.338288528146222,303.1510309053119,165.1823135220784,2920.1571382503025
storage125_sensitivity,T1-P090,N427,interface_action,T-E vertical 3,224.25,69.75,144.689,8.38157345011495e-11,-3.192096508616544,-1.720369064952879e-11,-4.5295533019192724e-11,8.696524539879145e-14,8.296208265621294e-11
storage125_sensitivity,T1-P091,N555,interface_action,T-E vertical 3,224.25,69.75,147.143,-1092.0140353441238,-1122.3821619153023,39.32121193408966,872.3619813919067,1054.2051210785285,-9856.522272825241
storage125_sensitivity,T1-P092,N245,interface_action,T-E vertical 3,224.25,69.75,150.143,-228.6988285779953,4750.163255646825,-31.58990180492401,-709.6986262798309,-370.8860008122865,5056.106532454491
storage125_sensitivity,T1-P093,N466,interface_action,T-E diagonal 11; T-E diagonal 12; T-E top / segment 1; T-E vertical 3,224.25,69.75,193.643,192.4351135541153,1732.610519977798,-14.679671487897416,20.5120551706,-411.53407942405073,-6913.7348091330305
live_only,T1-P001,N246,interface_action,T-W / B-WO; T-W vertical 3,-32.0,69.75,116.0,-152.18899655342102,63.4411648735404,-5.549451291561127,312.5505084693432,1457.5109311460983,780.2869243621826
live_only,T1-P002,N370,interface_action,T-W / B-WO; T-W vertical 3,-32.0,69.75,117.5,125.16189956665039,-115.16775573790073,7.81789493560791,297.7645981013775,33.51897320128046,-2242.3286876678467
live_only,T1-P003,N547,interface_action,T-W vertical 3,-32.0,69.75,120.0,-125.16189981681426,115.16775572675607,-7.817895002663741,-278.2198605569254,-33.51897320088383,1929.4239376401538
live_only,T1-P005,N548,interface_action,T-W vertical 3,-32.0,69.75,147.143,125.16189980506897,-115.1677557528019,7.8178950399160385,66.01873674988747,33.51897320104763,1467.8455085456371
live_only,T1-P006,N231,interface_action,T-W vertical 3,-32.0,69.75,150.143,14.710795134305954,791.798954769969,-7.39513486623764,-79.31792360544205,-9.710110189131228,-347.1220415979624
live_only,T1-P007,N401,interface_action,T-W diagonal 10; T-W diagonal 9; T-W top / segment 1; T-W vertical 3,-32.0,69.75,193.643,-33.89704734967252,778.187791981949,-7.022015558727784,305.45002602531656,11.764195433196674,2257.8727178307877
live_only,T1-P017,N248,interior_applied_load,,9.344,69.75,116.0,-3.7151918911577894e-11,-287.4370671490849,-1.9151522337845265e-12,2.1348671966560616e-15,-2.4353048993298996e-13,-4.2232698021628386e-10
live_only,T1-P022,N250,interior_applied_load,,28.031,69.75,116.0,-8.774738409580457e-11,-287.4370671387922,5.6230325756479934e-12,1.5363834487259061e-15,2.2277695137680174e-10,2.6908045026176437e-09
live_only,T1-P031,N252,interior_applied_load,,46.719,69.75,116.0,2.5058082942949638e-11,-287.4370671484787,-1.0012562342272206e-11,-8.661515806014076e-16,-5.140917739574402e-11,3.6147578617618186e-09
live_only,T1-P036,N254,interior_applied_load,,65.406,69.75,116.0,-4.403669386598207e-11,-287.43706714917573,-5.358026282426949e-13,-3.1704861378229236e-15,1.2775694160810545e-11,-2.350946367773391e-09
live_only,T1-P041,N256,interior_applied_load,,84.094,69.75,116.0,-2.3225435273921954e-11,-287.43706715891807,2.1353225978301657e-11,-1.2068288588129525e-14,4.090672943835306e-11,8.036682144642948e-09
live_only,T1-P050,N258,interior_applied_load,,102.781,69.75,116.0,-7.218213486535216e-11,-287.43706714954396,-6.313486777202087e-13,8.693976083102477e-15,-1.0688184316853194e-11,1.23130053592464e-09
live_only,T1-P056,N261,interior_applied_load,,121.469,69.75,116.0,2.940286744791465e-11,-287.4370671490156,-1.045050839243954e-12,1.93661630125832e-15,-1.1995103652696589e-11,-3.9960487246986683e-10
live_only,T1-P061,N263,interior_applied_load,,140.156,69.75,116.0,-1.2722706694958073e-10,-287.43706718873386,1.6560534536063269e-09,-2.2438370034265356e-15,5.960817284205819e-10,-3.237689092808104e-08
live_only,T1-P062,N264,interior_applied_load,,158.844,69.75,116.0,2.988109084893623e-10,-287.4370671857468,2.397174733227276e-09,1.4580692713883704e-14,-1.304428792902344e-09,8.817306668147431e-09
live_only,T1-P074,N267,interior_applied_load,,177.531,69.75,116.0,-9.440085270959817e-12,-287.43706714904727,-1.8781840995029233e-12,-7.695104107965555e-18,1.1352238724817313e-11,1.4958815415200563e-10
live_only,T1-P079,N269,interior_applied_load,,196.219,69.75,116.0,8.780099866460266e-10,-287.4370680084593,2.2343540612854827e-09,-6.177156280732595e-14,8.591221498817999e-09,9.640940904984006e-08
live_only,T1-P081,N270,interior_applied_load,,214.906,69.75,116.0,3.7957623761186794e-11,-287.4370671490489,4.546057666574021e-12,4.349544064022968e-15,-1.4028901477447623e-12,-2.7937282436773556e-10
live_only,T1-P088,N161,interface_action,T-E; T-E vertical 3,224.25,69.75,120.0,419.05763973784633,580.2119068272877,12.244474129431183,-45.847920239233645,1510.0593133952398,-4952.457737807068
live_only,T1-P089,N426,interface_action,T-E; T-E vertical 3,224.25,69.75,121.5,-47.329289231449366,-111.49445474456297,1.4759847006062046,69.22340767880087,48.24977151999224,792.8357231820701
live_only,T1-P091,N555,interface_action,T-E vertical 3,224.25,69.75,147.143,-294.1064266562462,-324.0349102579057,9.156652823090553,194.64126446843147,307.9334290861734,-2615.052670031786
live_only,T1-P092,N245,interface_action,T-E vertical 3,224.25,69.75,150.143,-67.11000320315361,1299.43870203197,-7.284545034170151,-132.0248357653618,-134.62240049266256,1408.7600733935833
live_only,T1-P093,N466,interface_action,T-E diagonal 11; T-E diagonal 12; T-E top / segment 1; T-E vertical 3,224.25,69.75,193.643,35.70142883205809,486.86340647175194,-3.4438594955094417,37.38286206555418,-111.597937626751,-1979.8659418551495
machine200,T1-P001,N246,interface_action,T-W / B-WO; T-W vertical 3,-32.0,69.75,116.0,-271.02963066101074,-74.9361401796341,-2.4118323922157288,889.3772746026516,2555.8451086059213,1175.3941059112549
machine200,T1-P002,N370,interface_action,T-W / B-WO; T-W vertical 3,-32.0,69.75,117.5,183.03206825256348,-350.24152833223343,22.051633298397064,846.6604527831078,57.29832968721166,-3294.107243537903
machine200,T1-P003,N547,interface_action,T-W vertical 3,-32.0,69.75,120.0,-183.03206870757936,346.63034514446764,-22.051632999899702,-791.5313703365894,-57.29832968716489,2836.5270707861446
machine200,T1-P004,N371,interface_action,T-W vertical 3,-32.0,69.75,142.022,2.126301906407447e-12,-2.2816270190171166,1.0497315640455065e-12,-5.576436311176195e-13,-2.4381349430911975e-14,-7.108728631836012e-12
machine200,T1-P005,N548,interface_action,T-W vertical 3,-32.0,69.75,147.143,183.0320687443018,-356.3995449990034,22.05163323879242,192.983895778656,57.29832968732808,2131.5123694241047
machine200,T1-P006,N231,interface_action,T-W vertical 3,-32.0,69.75,150.143,8.460387200117111,1479.5366962254047,-21.3651824593544,-235.50263357162476,-41.664828276319895,-328.11661356687546
machine200,T1-P007,N401,interface_action,T-W diagonal 10; T-W diagonal 9; T-W top / segment 1; T-W vertical 3,-32.0,69.75,193.643,-24.76954326947288,1340.7038490360064,-17.881007819863633,846.1188815802058,-237.95127521672728,2468.906113628924
machine200,T1-P008,N232,interior_applied_load,,-31.0,69.75,150.143,-1.8982973415404558e-08,-12.53501535346004,3.089951405854663e-08,4.932280717184767e-08,-1.0600615496514365e-08,-5.935726221650839e-08
machine200,T1-P009,N340,interior_applied_load,,-31.0,69.75,152.643,1.4359081258476252e-08,-2.725937535774867,-3.390463495432304e-08,1.3389285469412147e-07,-2.2069546775056396e-11,4.50949272107606e-09
machine200,T1-P010,N341,interior_applied_load,,-31.0,69.75,172.143,2.4702106030846185e-14,-5.451875032843989,-4.0160295526362056e-14,1.3047745816723382e-13,1.1853295746561844e-15,1.3833238930775395e-13
machine200,T1-P011,N342,interior_applied_load,,-31.0,69.75,191.643,-2.384185791015625e-07,-2.7259375154972076,-4.76837158203125e-07,4.76837158203125e-07,0.0,2.384185791015625e-07
machine200,T1-P012,N566,interior_applied_load,,-31.0,69.75,193.643,1.1920928955078125e-07,-8.965190947055817,0.0,-4.76837158203125e-07,-1.8044374883174896e-09,2.384185791015625e-07
machine200,T1-P013,N355,interior_applied_load,,-9.979,69.75,164.643,7.275957614183426e-12,-7.1396487882957445,1.1368683772161603e-13,1.3642420526593924e-12,-1.3642420526593924e-12,-1.8189894035458565e-12
machine200,T1-P014,N247,interior_applied_load,,-3.528,69.75,116.0,4.2762937595640686e-11,-28.423828051839543,2.0014062757543123e-12,-1.1649997075836102e-14,-5.79551976358789e-12,7.798436202093911e-10
machine200,T1-P015,N233,interior_applied_load,,-3.528,69.75,150.143,2.9502591282561095e-13,-17.61550694641269,4.416793995097022e-14,-6.99131050117265e-14,-1.880186020169437e-12,-1.5424421160515275e-12
machine200,T1-P016,N567,interior_applied_load,,-3.528,69.75,193.643,-5.318553688147576e-12,-17.615506946413237,2.2420233024940383e-14,-4.277033186466379e-13,-4.623737522092496e-12,8.168335189833496e-12
machine200,T1-P017,N248,interior_applied_load,,9.344,69.75,116.0,-3.012783729766097e-11,-393.2428400715636,-3.802114248185424e-12,-2.0399903743556076e-14,-1.9587459437412078e-12,9.131475708101449e-11
machine200,T1-P018,N356,interior_applied_load,,11.042,69.75,179.143,-1.803942193306835e-11,-7.139648788292107,8.847184421994775e-14,5.453843128088569e-12,-5.475443646487654e-12,-1.6436874319097625e-11
machine200,T1-P019,N249,interior_applied_load,,24.944,69.75,116.0,-2.897243091520679e-10,-12.84765637530188,-5.127117551801217e-11,2.4224735893983534e-14,5.88755836849512e-11,-1.1533892391337534e-08
machine200,T1-P020,N234,interior_applied_load,,24.944,69.75,150.143,1.2560484032536582e-11,-11.20648871531398,3.2708557002856394e-11,-2.673082154633917e-13,-4.442934391691968e-11,-2.553695121898476e-10
machine200,T1-P021,N568,interior_applied_load,,24.944,69.75,193.643,-5.931057434355899e-12,-11.206488715413503,8.592799722959421e-11,-2.357842311856377e-13,-9.655403273220326e-11,-1.7562194809951848e-10
machine200,T1-P022,N250,interior_applied_load,,28.031,69.75,116.0,-6.609854993787609e-11,-378.56185047003527,-6.72052721104291e-11,-5.3810836955816816e-14,3.5699122892112934e-10,-9.613665361944496e-09
machine200,T1-P023,N251,interior_applied_load,,32.062,69.75,116.0,-2.9802322387695312e-08,-12.847656205296516,0.0,-7.450580596923828e-09,-4.656612873077393e-10,5.960464477539063e-08
machine200,T1-P024,N549,interior_applied_load,,32.062,69.75,120.0,-2.9802322387695312e-08,-3.7943999022245407,-3.725290298461914e-09,0.0,-5.820766091346741e-11,0.0
machine200,T1-P025,N550,interior_applied_load,,32.062,69.75,147.143,1.4901161193847656e-07,-3.7943998724222183,5.960464477539063e-08,1.1920928955078125e-07,1.8189894035458565e-12,-1.1920928955078125e-07
machine200,T1-P026,N235,interior_applied_load,,32.062,69.75,150.143,8.940696716308594e-08,-8.9651909917593,0.0,-1.1920928955078125e-07,-2.7284841053187847e-11,-6.854534149169922e-07
machine200,T1-P027,N343,interior_applied_load,,32.062,69.75,152.643,-2.54845840430562e-07,-2.7259375205023275,-3.5524010399967665e-08,-8.39017957332544e-08,1.1075584893660562e-12,-1.6817028836157988e-07
machine200,T1-P028,N344,interior_applied_load,,32.062,69.75,172.143,2.842170943040401e-14,-5.451875032827957,0.0,-9.094947017729282e-13,-6.661338147750939e-16,4.547473508864641e-13
machine200,T1-P029,N345,interior_applied_load,,32.062,69.75,191.643,-1.3546059562941082e-07,-2.7259375240828376,-4.5965180106577463e-07,-8.891584002412856e-08,2.5276625718024708e-11,1.7245838535018265e-07
machine200,T1-P030,N357,interior_applied_load,,32.062,69.75,193.643,2.4302139444915986e-07,-16.143293790440104,9.407302593293756e-07,-1.1814982971881872e-07,-1.946339318897491e-10,3.9164332517128384e-08
machine200,T1-P031,N252,interior_applied_load,,46.719,69.75,116.0,4.3788369115402934e-11,-388.34917687719735,-6.6140166363367395e-12,-8.159257553566437e-15,-9.812640139303803e-11,6.990736909512716e-10
machine200,T1-P032,N253,interior_applied_load,,53.417,69.75,116.0,-1.0608988750010271e-10,-12.84765620263886,-1.5599932207458386e-11,-3.772578324029832e-15,4.7207462878378303e-11,5.006435338302156e-11
machine200,T1-P033,N236,interior_applied_load,,53.417,69.75,150.143,-5.572373538532991e-12,-15.689084201387601,1.916224270572244e-12,-3.9132095595373963e-13,1.0523280334739012e-10,3.0007608315285766e-10
machine200,T1-P034,N358,interior_applied_load,,53.417,69.75,179.143,5.65145012201391e-13,-7.216556757840843,1.0110383971730957e-13,-8.186326528946696e-12,2.3947446413658682e-11,-1.3005364752922683e-11
machine200,T1-P035,N569,interior_applied_load,,53.417,69.75,193.643,-3.437861403437423e-12,-15.689084201387699,-1.4970541664159469e-12,-6.4435629542112445e-12,-3.750242380558014e-12,6.190391040219917e-12
machine200,T1-P036,N254,interior_applied_load,,65.406,69.75,116.0,-2.2716781890278838e-13,-393.24284007191494,-4.091351289090464e-13,1.049501458268566e-14,-2.1257779703515205e-11,-3.258463492637471e-10
machine200,T1-P037,N359,interior_applied_load,,74.771,69.75,164.643,-7.275957614183426e-12,-7.2165567578340415,1.7053025658242404e-13,4.547473508864641e-13,8.185452315956354e-12,9.094947017729282e-12
machine200,T1-P038,N255,interior_applied_load,,81.889,69.75,116.0,1.7763126705891095e-10,-12.847656193938851,-3.774204172056882e-11,-1.5737920547621927e-15,1.3481131090623136e-10,-7.18088352705038e-10
machine200,T1-P039,N237,interior_applied_load,,81.889,69.75,150.143,-4.447066838880395e-12,-13.447786458329414,5.019671293188669e-13,1.6703029728164148e-13,1.3124720242084311e-11,6.368730682457298e-11
machine200,T1-P040,N570,interior_applied_load,,81.889,69.75,193.643,-4.108435272002955e-12,-13.447786458330901,2.6256750853557586e-12,1.168532647593543e-13,5.4051846248717936e-11,-2.0897486987236297e-11
machine200,T1-P041,N256,interior_applied_load,,84.094,69.75,116.0,-5.0392175615619776e-11,-383.4555136915429,-5.353247737365618e-11,4.517105068771414e-14,9.165969354495374e-11,2.491788143436743e-09
machine200,T1-P042,N257,interior_applied_load,,96.125,69.75,116.0,-5.960464477539063e-08,-12.847656399011612,0.0,0.0,0.0,-7.152557373046875e-07
machine200,T1-P043,N551,interior_applied_load,,96.125,69.75,120.0,2.9802322387695312e-08,-3.7943998724222183,7.450580596923828e-09,-1.4901161193847656e-08,0.0,0.0
machine200,T1-P044,N552,interior_applied_load,,96.125,69.75,147.143,-2.682209014892578e-07,-3.7943998724222183,0.0,2.384185791015625e-07,0.0,2.384185791015625e-07
machine200,T1-P045,N238,interior_applied_load,,96.125,69.75,150.143,-1.1920928955078125e-07,-16.18174770474434,2.384185791015625e-07,-1.1920928955078125e-07,2.3283064365386963e-10,1.1920928955078125e-07
machine200,T1-P046,N346,interior_applied_load,,96.125,69.75,152.643,3.5762786865234375e-07,-2.7259375154972076,-1.1920928955078125e-07,1.1920928955078125e-07,0.0,1.1920928955078125e-07
machine200,T1-P047,N347,interior_applied_load,,96.125,69.75,172.143,-5.2476024971748616e-14,-5.451875032829537,2.3072632026540474e-13,2.8085627274688234e-12,-2.5884010760903634e-15,3.5843085437501425e-13
machine200,T1-P048,N348,interior_applied_load,,96.125,69.75,191.643,3.252124897157316e-08,-2.7259375360776463,2.71306467070076e-07,-1.9289981523229471e-07,-4.398656809642062e-12,-1.9507746640279322e-08
machine200,T1-P049,N571,interior_applied_load,,96.125,69.75,193.643,7.437708064577238e-08,-8.965190979057141,-9.73685037880787e-08,2.4716264544462534e-07,-8.494465024781236e-12,-1.0957086927113114e-08
machine200,T1-P050,N258,interior_applied_load,,102.781,69.75,116.0,2.6889463659103565e-11,-383.4555136836937,8.503190312253304e-12,2.9618803838417834e-14,4.34354576088827e-11,7.283202927296808e-09
machine200,T1-P051,N259,interior_applied_load,,110.361,69.75,116.0,-3.231656402291196e-10,-6.423828027409027,-1.470011472375722e-09,-1.45252622035731e-14,-4.202542300285823e-11,-1.5916431011733832e-08
machine200,T1-P052,N239,interior_applied_load,,110.361,69.75,150.143,-8.239131544555319e-11,-13.447786458337974,-1.902587722312892e-12,4.4177139066853904e-12,-5.412647515778062e-12,3.228322639327743e-11
machine200,T1-P053,N572,interior_applied_load,,110.361,69.75,193.643,-2.2664884169354837e-12,-13.447786458352223,1.5376348726264137e-12,-3.011181721427322e-13,8.798807929563123e-11,3.3710420185156904e-10
machine200,T1-P054,N260,interior_applied_load,,112.125,69.75,116.0,2.1707222988311634e-10,-77.05081843531778,-3.142135793171968e-10,1.2680502972746503e-14,2.1805798586807563e-10,-5.019311789563014e-09
machine200,T1-P055,N360,interior_applied_load,,117.479,69.75,164.643,-7.275957614183426e-12,-7.2165567578267655,-1.1937117960769683e-12,-1.000444171950221e-11,4.547473508864641e-12,-3.456079866737127e-11
machine200,T1-P056,N261,interior_applied_load,,121.469,69.75,116.0,3.293339135707674e-11,-392.03016652969,-1.6496327339509026e-11,1.9042572625421867e-15,-1.7621799400785018e-10,9.718315814268294e-10
machine200,T1-P057,N262,interior_applied_load,,138.833,69.75,116.0,-2.3386960127528505e-10,-12.8476561754005,4.32377617673316e-09,-6.423362099130237e-15,-9.139542533075975e-10,4.8289486828515635e-08
machine200,T1-P058,N240,interior_applied_load,,138.833,69.75,150.143,-2.480546424195504e-12,-15.689084201412946,-1.9154948612645782e-12,1.326127025723537e-13,2.3138295134441108e-11,-3.9991083062276003e-10
machine200,T1-P059,N361,interior_applied_load,,138.833,69.75,179.143,1.3578041961620964e-11,-7.2165567578329615,2.6712205708859024e-13,-2.0218326830385132e-11,6.471175339369882e-11,-3.773344472725161e-12
machine200,T1-P060,N573,interior_applied_load,,138.833,69.75,193.643,1.884722649338157e-12,-15.689084201387924,-1.255660401279113e-13,6.134351776888807e-13,-4.637138995199671e-15,1.999690139379283e-12
machine200,T1-P061,N263,interior_applied_load,,140.156,69.75,116.0,1.0109672251587498e-10,-387.42534898250244,1.9571744320617128e-09,3.393288624774802e-14,2.2872571019732237e-11,-2.4631531020956867e-08
machine200,T1-P062,N264,interior_applied_load,,158.844,69.75,116.0,2.153083289021945e-10,-387.43967188549544,5.453787982980212e-09,6.364265261352484e-14,-3.726892539933583e-09,-2.0292347958315913e-08
machine200,T1-P063,N265,interior_applied_load,,160.188,69.75,116.0,-3.2782554626464844e-07,-5.817491367459297,1.6391277313232422e-07,1.7881393432617188e-07,-1.0477378964424133e-09,4.76837158203125e-07
machine200,T1-P064,N553,interior_applied_load,,160.188,69.75,120.0,1.1920928955078125e-07,-3.7943998724222183,2.9802322387695312e-08,-2.9802322387695312e-08,0.0,5.960464477539063e-08
machine200,T1-P065,N554,interior_applied_load,,160.188,69.75,147.143,-2.9802322387695312e-08,-3.7943998724222183,0.0,0.0,0.0,5.960464477539063e-08
machine200,T1-P066,N241,interior_applied_load,,160.188,69.75,150.143,1.1920928955078125e-07,-8.965190976858139,4.76837158203125e-07,0.0,8.731149137020111e-11,1.1920928955078125e-07
machine200,T1-P067,N349,interior_applied_load,,160.188,69.75,152.643,5.960464477539063e-08,-2.7259375154972076,0.0,0.0,1.8189894035458565e-12,0.0
machine200,T1-P068,N350,interior_applied_load,,160.188,69.75,172.143,-5.394718581729283e-13,-5.451875032854162,-1.3593637837421535e-13,-5.0401664767670245e-12,-3.1333198173758134e-15,-5.312518142300327e-15
machine200,T1-P069,N351,interior_applied_load,,160.188,69.75,191.643,-3.02239625382672e-07,-2.7259375181871217,-6.408637745480839e-08,-6.275948284950594e-07,1.1767236528090698e-12,1.4685549254433994e-07
machine200,T1-P070,N362,interior_applied_load,,160.188,69.75,193.643,3.3360301450105953e-07,-16.14329371477804,-2.7014137223101104e-07,6.249364230619722e-08,1.4970056541690629e-10,1.239371805720311e-07
machine200,T1-P071,N266,interior_applied_load,,167.306,69.75,116.0,-3.7495781853607916e-11,-11.923828154844445,-2.977471523340134e-11,1.2164917905122643e-14,-7.985858822541653e-10,-3.709656495307778e-09
machine200,T1-P072,N242,interior_applied_load,,167.306,69.75,150.143,-2.0005942993979606e-11,-11.206488715256999,1.4774724228395868e-11,1.9232869652399454e-13,5.89998048598782e-11,-4.798714728644226e-11
machine200,T1-P073,N574,interior_applied_load,,167.306,69.75,193.643,3.639231103198416e-13,-11.206488715273213,-7.981063631346392e-12,-7.063434471499867e-13,-3.90576281198237e-12,4.422887563910437e-11
machine200,T1-P074,N267,interior_applied_load,,177.531,69.75,116.0,6.425887542906683e-11,-393.24284007156666,1.46567075882358e-12,2.273904029484104e-15,8.222004011319117e-12,-2.4314346049308087e-10
machine200,T1-P075,N363,interior_applied_load,,181.208,69.75,179.143,-1.2343135544391664e-11,-7.139648788302653,-2.399592488696331e-13,-1.7701103646124525e-12,-4.678304919590563e-12,-5.7617914367225216e-12
machine200,T1-P076,N268,interior_applied_load,,195.778,69.75,116.0,1.6405964662956194e-09,-12.84765541058559,-5.8347715153916685e-08,-6.917492482159456e-14,5.002501578123544e-09,2.0165747173021435e-07
machine200,T1-P077,N243,interior_applied_load,,195.778,69.75,150.143,6.4057968737548935e-12,-17.61550694641225,-4.218684993203168e-13,-7.345585617625437e-14,5.822985138648235e-12,2.134649008704018e-14
machine200,T1-P078,N575,interior_applied_load,,195.778,69.75,193.643,2.248753060207616e-12,-17.615506946419853,-2.043990152969431e-12,-2.4497433744277868e-15,-4.714951999793313e-11,-2.093649308070812e-10
machine200,T1-P079,N269,interior_applied_load,,196.219,69.75,116.0,-5.909327332225659e-10,-386.819013591252,-3.061365212396288e-08,9.07790934286934e-14,8.52732335725737e-10,1.31559335176107e-07
machine200,T1-P080,N364,interior_applied_load,,202.229,69.75,164.643,-1.4551915228366852e-11,-7.1396487882957445,2.8421709430404007e-13,0.0,-2.2737367544323206e-12,1.8189894035458565e-12
machine200,T1-P081,N270,interior_applied_load,,214.906,69.75,116.0,2.5346105734669885e-12,-392.93967168590643,-6.788625440798963e-13,2.7992999279213953e-15,-7.504500294882942e-11,7.566883614630778e-10
machine200,T1-P082,N244,interior_applied_load,,223.25,69.75,150.143,-1.7881393432617188e-07,-12.535015404224396,1.1920928955078125e-07,2.384185791015625e-07,-6.984919309616089e-10,1.1920928955078125e-07
machine200,T1-P083,N352,interior_applied_load,,223.25,69.75,152.643,5.960464477539063e-08,-2.7259375154972076,-3.5762786865234375e-07,2.384185791015625e-07,0.0,3.5762786865234375e-07
machine200,T1-P084,N353,interior_applied_load,,223.25,69.75,172.143,5.3557088845186415e-14,-5.451875032822474,-5.656729861094031e-14,-9.61469316787516e-13,-7.850230656760387e-15,3.291373330184369e-13
machine200,T1-P085,N354,interior_applied_load,,223.25,69.75,191.643,1.197808785491361e-08,-2.7259375124059693,-1.6828084735409643e-07,-1.3391809164375879e-07,-6.568871871267214e-11,5.053124141340959e-09
machine200,T1-P086,N576,interior_applied_load,,223.25,69.75,193.643,-4.527507257989782e-09,-8.965190980313409,1.850051079851451e-07,-1.7533149243427473e-07,-3.185722964497398e-08,-4.2637375568015606e-08
machine200,T1-P087,N271,interior_applied_load,,224.25,69.75,116.0,8.851677457677454e-08,-6.423828194774592,4.2781490644539075e-08,8.098909121759722e-08,5.626850241993744e-09,-2.404454793658021e-08
machine200,T1-P088,N161,interface_action,T-E; T-E vertical 3,224.25,69.75,120.0,637.9519515393768,848.7356517766602,19.958555223420262,-76.08952355978545,2481.3432423351996,-8632.965580211836
machine200,T1-P089,N426,interface_action,T-E; T-E vertical 3,224.25,69.75,121.5,-73.76475512748584,-191.27782706764992,2.8883375544101,133.22883991000708,60.632490277605484,1221.4543196349405
machine200,T1-P090,N427,interface_action,T-E vertical 3,224.25,69.75,144.689,5.256073289732401e-11,-3.192096508647332,-3.409275149004635e-11,-4.867153399384122e-12,1.6794977257280084e-14,-4.715778445739396e-11
machine200,T1-P091,N555,interface_action,T-E vertical 3,224.25,69.75,147.143,-458.37765353918076,-568.3610396534204,17.918549060821533,367.0342130661011,386.96080949285533,-4164.003648459911
machine200,T1-P092,N245,interface_action,T-E vertical 3,224.25,69.75,150.143,-78.66177695989609,2151.575798533857,-14.830287158489227,-327.89957094192505,-99.94585907016881,1919.3505246639252
machine200,T1-P093,N466,interface_action,T-E diagonal 11; T-E diagonal 12; T-E top / segment 1; T-E vertical 3,224.25,69.75,193.643,77.15895305271094,750.6188832321598,-6.328764472200449,-14.221479897667091,-138.38057113815498,-2713.6281032061147
uplift20_sensitivity,T1-P001,N246,interface_action,T-W / B-WO; T-W vertical 3,-32.0,69.75,116.0,-56.00314140319824,-27.752366228727624,-2.8833017721772194,-13.644582502543926,351.93822184816236,569.368009865284
uplift20_sensitivity,T1-P002,N370,interface_action,T-W / B-WO; T-W vertical 3,-32.0,69.75,117.5,36.832006096839905,-93.57058801082894,0.22437205910682678,-12.355794571340084,23.166807845351286,-662.2264804244041
uplift20_sensitivity,T1-P003,N547,interface_action,T-W vertical 3,-32.0,69.75,120.0,-36.83200625909671,91.4038780996096,-0.22437205313907185,12.91672472181559,-23.16680784527341,570.1464646531379
uplift20_sensitivity,T1-P004,N371,interface_action,T-W vertical 3,-32.0,69.75,142.022,-3.2162408901954384e-14,-1.3689762114638881,3.4603249804490853e-14,-5.954723854065913e-14,1.4354252653836923e-15,5.23482015137191e-13
uplift20_sensitivity,T1-P005,N548,interface_action,T-W vertical 3,-32.0,69.75,147.143,36.83200627192855,-97.26539799547754,0.22437205538153648,-19.006855435669422,23.166807845278527,429.58468125388026
uplift20_sensitivity,T1-P006,N231,interface_action,T-W vertical 3,-32.0,69.75,150.143,-3.4635820649564266,361.9494880514685,-0.6450959714129567,-4.544351479038596,-15.825857098519919,4.952749270945787
uplift20_sensitivity,T1-P007,N401,interface_action,T-W diagonal 10; T-W diagonal 9; T-W top / segment 1; T-W vertical 3,-32.0,69.75,193.643,-5.446696491374902,282.4151953351885,1.033778708192319,4.971902013882569,-150.4514848876202,71.02305132002043
uplift20_sensitivity,T1-P008,N232,interior_applied_load,,-31.0,69.75,150.143,-1.1863562576763798e-08,-7.521009220624592,-1.2536587323808135e-09,5.371765254835736e-10,1.0967937669192906e-10,4.337735504122975e-09
uplift20_sensitivity,T1-P009,N340,interior_applied_load,,-31.0,69.75,152.643,6.396594121048148e-09,-1.6355625095817932,9.667761649080506e-10,-2.2278621106812e-09,1.5013101178817205e-11,3.334486141175255e-09
uplift20_sensitivity,T1-P010,N341,interior_applied_load,,-31.0,69.75,172.143,1.7705822226978925e-15,-3.271125019703984,-1.2488799011058165e-16,3.3826973610600658e-15,-1.1130447876390312e-16,9.602363864356499e-15
uplift20_sensitivity,T1-P011,N342,interior_applied_load,,-31.0,69.75,191.643,-2.9802322387695312e-08,-1.6355625092983246,7.450580596923828e-09,0.0,0.0,2.9802322387695312e-08
uplift20_sensitivity,T1-P012,N566,interior_applied_load,,-31.0,69.75,193.643,0.0,-5.379114584065974,0.0,3.725290298461914e-09,-1.1641532182693481e-10,0.0
uplift20_sensitivity,T1-P013,N355,interior_applied_load,,-9.979,69.75,164.643,6.821210263296962e-13,-4.283789272978083,4.440892098500626e-16,8.881784197001252e-15,1.4210854715202004e-14,-4.973799150320701e-14
uplift20_sensitivity,T1-P014,N247,interior_applied_load,,-3.528,69.75,116.0,7.817029223237115e-12,-17.05429683116879,-9.271302755074748e-14,-1.9815431550640047e-16,-5.816183393524328e-14,1.0773716042171454e-11
uplift20_sensitivity,T1-P015,N233,interior_applied_load,,-3.528,69.75,150.143,2.0250175203787455e-13,-10.569304167847466,5.947326018988608e-16,-5.2740665274809375e-15,-1.509093507598799e-14,-1.9419822871228703e-13
uplift20_sensitivity,T1-P016,N567,interior_applied_load,,-3.528,69.75,193.643,1.1419229274377947e-12,-10.569304167847452,1.538308055222153e-14,1.87561035282458e-15,4.999291932456907e-14,-1.5380285444415685e-13
uplift20_sensitivity,T1-P017,N248,interior_applied_load,,9.344,69.75,116.0,-1.0761188655363403e-11,-63.48346375350035,-1.5701853391185462e-13,1.4998992121795678e-16,9.674829048820952e-13,8.088191652989084e-12
uplift20_sensitivity,T1-P018,N356,interior_applied_load,,11.042,69.75,179.143,-4.477611565227087e-13,-4.2837892729788996,4.021453377432149e-15,-1.2497176996419588e-14,5.016924260522116e-14,-9.927921764743593e-13
uplift20_sensitivity,T1-P019,N249,interior_applied_load,,24.944,69.75,116.0,2.2936651694865758e-12,-7.70859382743922,5.784276830776475e-12,1.6640203446317318e-16,-2.0559721663711757e-11,-3.26051884131056e-10
uplift20_sensitivity,T1-P020,N234,interior_applied_load,,24.944,69.75,150.143,8.974513208925502e-13,-6.723893229168352,4.5218719052724426e-13,-1.4396518956621103e-14,-1.861668098570824e-13,-1.4325569252786379e-11
uplift20_sensitivity,T1-P021,N568,interior_applied_load,,24.944,69.75,193.643,-8.003491355563196e-12,-6.723893229171628,2.9876686477357223e-12,-2.8164052583740667e-14,-2.689902041328323e-12,-9.87041605823839e-12
uplift20_sensitivity,T1-P022,N250,interior_applied_load,,28.031,69.75,116.0,1.4133508356310808e-11,-54.6748700026571,-2.011352579327376e-11,3.152229356461795e-16,-1.1890679969033875e-11,-1.0076808588895296e-09
uplift20_sensitivity,T1-P023,N251,interior_applied_load,,32.062,69.75,116.0,-7.450580596923828e-09,-7.708593720570207,0.0,0.0,-2.1827872842550278e-11,7.450580596923828e-09
uplift20_sensitivity,T1-P024,N549,interior_applied_load,,32.062,69.75,120.0,0.0,-2.2766399262472987,2.3283064365386963e-10,0.0,0.0,1.4901161193847656e-08
uplift20_sensitivity,T1-P025,N550,interior_applied_load,,32.062,69.75,147.143,0.0,-2.276639925315976,5.587935447692871e-09,7.450580596923828e-09,-1.4551915228366852e-11,0.0
uplift20_sensitivity,T1-P026,N235,interior_applied_load,,32.062,69.75,150.143,-2.60770320892334e-08,-5.379114584065974,7.450580596923828e-09,1.862645149230957e-08,-2.9103830456733704e-11,4.470348358154297e-08
uplift20_sensitivity,T1-P027,N343,interior_applied_load,,32.062,69.75,152.643,1.4674574444484279e-08,-1.6355625097879314,-2.816813449157962e-09,3.152756278268498e-09,2.7693403126249905e-12,2.8801089513308398e-08
uplift20_sensitivity,T1-P028,N344,interior_applied_load,,32.062,69.75,172.143,0.0,-3.2711250197044137,-7.105427357601002e-15,0.0,1.7763568394002505e-15,0.0
uplift20_sensitivity,T1-P029,N345,interior_applied_load,,32.062,69.75,191.643,3.529691383619138e-08,-1.6355625101859914,9.755140695233422e-09,8.445169896731386e-09,8.012089343831184e-12,1.8196715245721862e-09
uplift20_sensitivity,T1-P030,N357,interior_applied_load,,32.062,69.75,193.643,2.2276198238298066e-08,-9.685976249148958,-8.086222380115048e-09,1.707310829124759e-08,-6.089459021293767e-12,-2.969365606424443e-08
uplift20_sensitivity,T1-P031,N252,interior_applied_load,,46.719,69.75,116.0,2.455621438572501e-12,-60.547265836769824,1.459802481313869e-12,-1.5433951823695578e-16,-7.655092538552384e-12,5.613749159661641e-10
uplift20_sensitivity,T1-P032,N253,interior_applied_load,,53.417,69.75,116.0,-2.3836480831905658e-11,-7.7085937217240215,-2.362144156140085e-12,3.91248323691215e-16,-4.591872235540915e-12,-1.7541376600671728e-10
uplift20_sensitivity,T1-P033,N236,interior_applied_load,,53.417,69.75,150.143,-2.769388097412094e-12,-9.413450520833747,4.540972252247316e-14,-9.494337300896759e-15,1.689257173870739e-12,1.664650616079114e-11
uplift20_sensitivity,T1-P034,N358,interior_applied_load,,53.417,69.75,179.143,-9.383415496538068e-13,-4.329934054706144,2.75547898817275e-14,-9.808950716262124e-13,-2.5636565209638275e-13,-5.802319312727346e-13
uplift20_sensitivity,T1-P035,N569,interior_applied_load,,53.417,69.75,193.643,-1.5031509362085504e-12,-9.413450520833246,-3.757190042795084e-14,-3.1323040069792147e-13,-4.1073229063840934e-13,-2.5371195500693924e-13
uplift20_sensitivity,T1-P036,N254,interior_applied_load,,65.406,69.75,116.0,-4.01213489019724e-12,-63.48346375353952,5.97600609107869e-15,-8.125895252312019e-16,6.651805844307795e-12,-7.420330112971872e-11
uplift20_sensitivity,T1-P037,N359,interior_applied_load,,74.771,69.75,164.643,0.0,-4.329934054705518,-8.881784197001252e-14,-3.126388037344441e-13,4.547473508864641e-13,-1.3642420526593924e-12
uplift20_sensitivity,T1-P038,N255,interior_applied_load,,81.889,69.75,116.0,5.363094592781341e-11,-7.708593721294211,6.432500866267145e-12,3.3545986382219797e-15,2.0137083197007452e-11,2.5276738527901167e-11
uplift20_sensitivity,T1-P039,N237,interior_applied_load,,81.889,69.75,150.143,-9.166117768828076e-13,-8.068671875000184,-4.5334767500998614e-14,6.338511425773194e-16,1.8498779951805407e-12,6.058310180767427e-12
uplift20_sensitivity,T1-P040,N570,interior_applied_load,,81.889,69.75,193.643,1.393262550176355e-12,-8.068671874999762,-5.555644544710896e-13,4.283800666177692e-15,1.0207170230801212e-11,4.613373574112636e-12
uplift20_sensitivity,T1-P041,N256,interior_applied_load,,84.094,69.75,116.0,-6.752571925312725e-11,-57.61106792086974,-9.800461338211212e-12,-1.0792767596939747e-15,1.0110209791120713e-11,-4.086918197529099e-10
uplift20_sensitivity,T1-P042,N257,interior_applied_load,,96.125,69.75,116.0,0.0,-7.70859382674098,-9.313225746154785e-10,0.0,7.275957614183426e-12,-5.21540641784668e-08
uplift20_sensitivity,T1-P043,N551,interior_applied_load,,96.125,69.75,120.0,-7.450580596923828e-09,-2.2766399271786213,4.656612873077393e-10,-9.313225746154785e-10,-7.275957614183426e-12,-2.9802322387695312e-08
uplift20_sensitivity,T1-P044,N552,interior_applied_load,,96.125,69.75,147.143,-1.4901161193847656e-08,-2.276639925315976,3.725290298461914e-09,2.9802322387695312e-08,1.8189894035458565e-12,0.0
uplift20_sensitivity,T1-P045,N238,interior_applied_load,,96.125,69.75,150.143,-4.470348358154297e-08,-9.709048643708229,2.2351741790771484e-08,4.0978193283081055e-08,-3.637978807091713e-12,-7.450580596923828e-09
uplift20_sensitivity,T1-P046,N346,interior_applied_load,,96.125,69.75,152.643,2.9802322387695312e-08,-1.6355625092983246,-2.9802322387695312e-08,7.450580596923828e-09,0.0,2.9802322387695312e-08
uplift20_sensitivity,T1-P047,N347,interior_applied_load,,96.125,69.75,172.143,-1.6228335999633445e-14,-3.271125019704507,8.58467728893951e-14,6.368527922053998e-13,-4.1337107214260504e-16,1.470812852570497e-14
uplift20_sensitivity,T1-P048,N348,interior_applied_load,,96.125,69.75,191.643,-4.603808820280442e-09,-1.6355625081833576,9.914726928350603e-09,-5.30321786484933e-10,1.6122972028121066e-12,1.2570393864708151e-08
uplift20_sensitivity,T1-P049,N571,interior_applied_load,,96.125,69.75,193.643,3.2428620519120186e-08,-5.379114585077044,5.999818898509056e-09,-3.218905837000349e-09,1.6169814434416207e-11,-1.5012207878437299e-09
uplift20_sensitivity,T1-P050,N258,interior_applied_load,,102.781,69.75,116.0,-5.6235397609855195e-12,-57.611067920281194,2.2555616436427316e-12,1.2330733795122504e-15,-1.4978970391397234e-12,5.047648316030386e-10
uplift20_sensitivity,T1-P051,N259,interior_applied_load,,110.361,69.75,116.0,-2.0028339347417355e-11,-3.8542968115374583,-1.9569033571297434e-10,-1.975535082654712e-15,-5.79496399061198e-11,-3.7008076951574802e-09
uplift20_sensitivity,T1-P052,N239,interior_applied_load,,110.361,69.75,150.143,-6.65333374828148e-12,-8.068671874999842,1.4248626470205727e-14,-2.3331373247111673e-12,1.7643102768686466e-13,-1.4646543278335584e-12
uplift20_sensitivity,T1-P053,N572,interior_applied_load,,110.361,69.75,193.643,-1.643859407370169e-12,-8.06867187499897,3.191201149833509e-13,-7.35284864820604e-15,3.213797964876278e-12,1.047002508275718e-11
uplift20_sensitivity,T1-P054,N260,interior_applied_load,,112.125,69.75,116.0,3.436369679278201e-12,-4.581901038296065,-5.505743422336525e-11,5.700950415234606e-16,5.974722823252784e-11,-3.2475517998539362e-09
uplift20_sensitivity,T1-P055,N360,interior_applied_load,,117.479,69.75,164.643,-4.547473508864641e-13,-4.329934054704154,-3.197442310920451e-14,1.7053025658242404e-13,-5.968558980384842e-13,-1.5916157281026244e-12
uplift20_sensitivity,T1-P056,N261,interior_applied_load,,121.469,69.75,116.0,-2.570584823782115e-12,-62.75585962807467,-7.660694567134072e-13,2.5041679664843236e-16,-9.486161858275933e-12,-1.4327052877163633e-11
uplift20_sensitivity,T1-P057,N262,interior_applied_load,,138.833,69.75,116.0,4.9542807600244454e-11,-7.708593719826134,-9.734530683233818e-11,8.570371078071145e-16,-6.819061472872294e-11,4.62654259270121e-09
uplift20_sensitivity,T1-P058,N240,interior_applied_load,,138.833,69.75,150.143,5.263633240244476e-13,-9.413450520833411,3.8145967450019695e-13,-8.247519262965547e-16,-5.961008004177966e-12,-1.309739693333095e-12
uplift20_sensitivity,T1-P059,N361,interior_applied_load,,138.833,69.75,179.143,-4.748770684095276e-13,-4.32993405470572,7.546781066251641e-15,3.101351766129739e-13,-8.504453439458653e-14,-7.489697230153658e-15
uplift20_sensitivity,T1-P060,N573,interior_applied_load,,138.833,69.75,193.643,7.553851959637546e-13,-9.413450520833065,-3.6354219326847333e-14,-6.161916727339672e-13,8.731529198307019e-13,-7.048977755373474e-13
uplift20_sensitivity,T1-P061,N263,interior_applied_load,,140.156,69.75,116.0,-7.678663627216745e-12,-59.992969024205046,2.7985210096866496e-10,7.610518679404726e-17,1.4238266052344177e-10,-1.0131872908616244e-09
uplift20_sensitivity,T1-P062,N264,interior_applied_load,,158.844,69.75,116.0,2.266477577078088e-11,-60.00156275778327,1.800257854229924e-10,-9.343758189715904e-17,-3.751993111204119e-10,-6.144590932908858e-09
uplift20_sensitivity,T1-P063,N265,interior_applied_load,,160.188,69.75,116.0,-1.862645149230957e-08,-3.490494749043137,1.1175870895385742e-08,1.4901161193847656e-08,9.094947017729282e-12,1.4901161193847656e-08
uplift20_sensitivity,T1-P064,N553,interior_applied_load,,160.188,69.75,120.0,0.0,-2.2766399262472987,-7.450580596923828e-09,1.862645149230957e-08,0.0,-1.4901161193847656e-08
uplift20_sensitivity,T1-P065,N554,interior_applied_load,,160.188,69.75,147.143,0.0,-2.276639925315976,1.862645149230957e-09,0.0,1.4551915228366852e-11,0.0
uplift20_sensitivity,T1-P066,N241,interior_applied_load,,160.188,69.75,150.143,1.4901161193847656e-08,-5.379114584997296,0.0,-9.313225746154785e-09,0.0,4.470348358154297e-08
uplift20_sensitivity,T1-P067,N349,interior_applied_load,,160.188,69.75,152.643,1.4901161193847656e-08,-1.6355625092983246,0.0,7.450580596923828e-09,0.0,0.0
uplift20_sensitivity,T1-P068,N350,interior_applied_load,,160.188,69.75,172.143,-9.835221389500276e-14,-3.2711250197040633,1.5556793061067653e-14,-7.526063720823865e-13,-8.686733718030751e-16,-6.235604689037211e-13
uplift20_sensitivity,T1-P069,N351,interior_applied_load,,160.188,69.75,191.643,-2.6163636764053866e-08,-1.635562510406829,9.220412992144711e-10,-1.5470022766278513e-08,-3.044356461411948e-12,-7.548064576146096e-09
uplift20_sensitivity,T1-P070,N362,interior_applied_load,,160.188,69.75,193.643,8.441929871510094e-09,-9.68597624558344,1.1739757987061936e-08,-6.157950187021149e-09,-5.339744283079682e-12,-3.3343711470709465e-08
uplift20_sensitivity,T1-P071,N266,interior_applied_load,,167.306,69.75,116.0,-8.90639665017742e-12,-7.154296893060561,-4.791387617183309e-13,9.280276073517369e-19,-5.237259112689414e-11,4.213320618364019e-11
uplift20_sensitivity,T1-P072,N242,interior_applied_load,,167.306,69.75,150.143,7.250225467537712e-13,-6.723893229160332,-5.248340261133961e-13,-1.0568257658082687e-15,-1.0743547418096383e-12,-1.4217867149905603e-11
uplift20_sensitivity,T1-P073,N574,interior_applied_load,,167.306,69.75,193.643,-4.4383548365220366e-13,-6.723893229166392,-3.318869403161265e-13,-1.7608881147094548e-14,8.247029681672208e-13,6.292642099674535e-12
uplift20_sensitivity,T1-P074,N267,interior_applied_load,,177.531,69.75,116.0,7.301083645435482e-12,-63.483463753502136,-2.6485226868020457e-15,4.2508160202683485e-18,2.06357949569038e-12,-1.2614533691278074e-11
uplift20_sensitivity,T1-P075,N363,interior_applied_load,,181.208,69.75,179.143,-5.093615790187123e-13,-4.283789272978708,-7.389561185629815e-15,-1.8057014183864262e-14,-2.397208562542915e-13,-1.5707607183423893e-12
uplift20_sensitivity,T1-P076,N268,interior_applied_load,,195.778,69.75,116.0,1.8011872474202677e-10,-7.708593719765215,4.437200624051934e-10,6.460562780365137e-16,-1.6548053117504763e-10,1.3906561823172385e-09
uplift20_sensitivity,T1-P077,N243,interior_applied_load,,195.778,69.75,150.143,-1.0023977220495434e-14,-10.569304167847436,4.010820764716619e-15,3.967529928990012e-15,-3.8395113832075724e-14,5.694644977011222e-14
uplift20_sensitivity,T1-P078,N575,interior_applied_load,,195.778,69.75,193.643,4.65194073910685e-13,-10.569304167847925,-1.016787492815058e-14,5.222429240154412e-16,-6.834112967685472e-12,-5.157307878208338e-12
uplift20_sensitivity,T1-P079,N269,interior_applied_load,,196.219,69.75,116.0,-1.0722524552734522e-10,-59.62916687076959,-1.3172690510464327e-09,-1.4718235419987007e-15,-1.1329301079888803e-09,5.5881647472920015e-09
uplift20_sensitivity,T1-P080,N364,interior_applied_load,,202.229,69.75,164.643,-4.547473508864641e-13,-4.283789272978311,-3.552713678800501e-15,-2.842170943040401e-14,9.947598300641403e-14,-3.410605131648481e-13
uplift20_sensitivity,T1-P081,N270,interior_applied_load,,214.906,69.75,116.0,7.134927999485563e-12,-63.30156272214219,-1.5261787283086545e-13,2.1519972152928228e-17,9.092177108579095e-13,-3.7957995621409945e-12
uplift20_sensitivity,T1-P082,N244,interior_applied_load,,223.25,69.75,150.143,1.4901161193847656e-08,-7.521009220508859,3.725290298461914e-09,3.725290298461914e-09,8.731149137020111e-11,0.0
uplift20_sensitivity,T1-P083,N352,interior_applied_load,,223.25,69.75,152.643,-1.4901161193847656e-08,-1.6355625097639859,-3.725290298461914e-09,1.1175870895385742e-08,-2.9103830456733704e-11,-1.4901161193847656e-08
uplift20_sensitivity,T1-P084,N353,interior_applied_load,,223.25,69.75,172.143,-1.5185898269640593e-14,-3.2711250197040114,-2.887396668687558e-15,-2.468681085949579e-14,3.075307428100062e-15,-1.0597634299080087e-14
uplift20_sensitivity,T1-P085,N354,interior_applied_load,,223.25,69.75,191.643,3.194810950513105e-09,-1.6355625099428934,5.569927812921517e-09,7.29305635479259e-09,2.6006729375364598e-11,9.201217357479585e-09
uplift20_sensitivity,T1-P086,N576,interior_applied_load,,223.25,69.75,193.643,3.033280173564412e-08,-5.37911458480396,-6.129426482966416e-09,8.49709921562452e-09,-1.7370734059091338e-10,1.4069523017386464e-08
uplift20_sensitivity,T1-P087,N271,interior_applied_load,,224.25,69.75,116.0,5.2615780135600865e-09,-3.8542969135149905,-1.1326230331853512e-09,-4.142124495812204e-09,1.7586489713350838e-11,2.244256627869021e-08
uplift20_sensitivity,T1-P088,N161,interface_action,T-E; T-E vertical 3,224.25,69.75,120.0,132.2469929860672,149.7885425612003,2.3627649195441336,-9.460054732629942,312.2148363655751,-1631.9461024332268
uplift20_sensitivity,T1-P089,N426,interface_action,T-E; T-E vertical 3,224.25,69.75,121.5,-12.78932659633574,-95.3224739621437,0.4837485303687572,13.149782662549114,3.021992313655062,218.1405794135062
uplift20_sensitivity,T1-P090,N427,interface_action,T-E vertical 3,224.25,69.75,144.689,7.299360802031632e-12,-1.9152579052408754,-1.0581530343308914e-12,-2.0759459202544155e-12,1.372187503612858e-14,-6.284256544155526e-13
uplift20_sensitivity,T1-P091,N555,interface_action,T-E vertical 3,224.25,69.75,147.143,-79.4734762609005,-284.50612884783186,3.0010591205209494,4.62191865965724,19.286567096569343,-682.4025439321995
uplift20_sensitivity,T1-P092,N245,interface_action,T-E vertical 3,224.25,69.75,150.143,3.249737538397312,634.1537333871238,-3.0206204745918512,-12.393052566796541,12.948722354805795,112.92664018273354
uplift20_sensitivity,T1-P093,N466,interface_action,T-E diagonal 11; T-E diagonal 12; T-E top / segment 1; T-E vertical 3,224.25,69.75,193.643,-15.152513878876666,193.461729868472,-0.5567051411918139,11.861145799538402,25.45098120381436,-359.68849249912046
strength_screen,T1-P001,N246,interface_action,T-W / B-WO; T-W vertical 3,-32.0,69.75,116.0,-399.1938886642456,-89.77917754650116,-3.9978981018066406,1379.0852789282799,3998.98166323686,1518.028817653656
strength_screen,T1-P002,N370,interface_action,T-W / B-WO; T-W vertical 3,-32.0,69.75,117.5,282.0021915435791,-492.4143654704094,34.060128688812256,1312.7913987636566,85.5587665005587,-5067.967860221863
strength_screen,T1-P003,N547,interface_action,T-W vertical 3,-32.0,69.75,120.0,-282.00219218783343,488.0809456392557,-34.060128178266524,-1227.6410785207363,-85.55876649955557,4362.962376856429
strength_screen,T1-P004,N371,interface_action,T-W vertical 3,-32.0,69.75,142.022,-7.940166824447232e-13,-2.7379524228200514,4.065457558497906e-12,1.3037583991490614e-11,2.9906481405530544e-14,2.5999225079201574e-12
strength_screen,T1-P005,N548,interface_action,T-W vertical 3,-32.0,69.75,147.143,282.0021923780441,-499.80398550629616,34.06012833118439,303.14701867103577,85.55876649986021,3291.4231286644936
strength_screen,T1-P006,N231,interface_action,T-W vertical 3,-32.0,69.75,150.143,19.490204513072968,2130.866070061922,-32.682639718055725,-362.5585141181946,-56.800303220399655,-606.6182307600975
strength_screen,T1-P007,N401,interface_action,T-W diagonal 10; T-W diagonal 9; T-W top / segment 1; T-W vertical 3,-32.0,69.75,193.643,-46.985896789748644,1957.052316218165,-28.655528931791363,1294.616179643584,-249.34219821853603,4087.930443037593
strength_screen,T1-P008,N232,interior_applied_load,,-31.0,69.75,150.143,3.684544935822487e-08,-15.042018456595542,-1.2760108347720234e-07,-1.985972630791366e-07,-1.761691237334162e-08,-6.433765520341694e-08
strength_screen,T1-P009,N340,interior_applied_load,,-31.0,69.75,152.643,-9.564676926426191e-08,-3.2711250599915087,-1.4638407032402695e-08,1.235873519442307e-07,-4.895951986072753e-11,-7.752704652119901e-08
strength_screen,T1-P010,N341,interior_applied_load,,-31.0,69.75,172.143,-5.1355580368462283e-14,-6.542250039441869,-7.880098788585975e-14,7.305807766790704e-13,-2.3039383215385293e-15,3.1084151075660865e-13
strength_screen,T1-P011,N342,interior_applied_load,,-31.0,69.75,191.643,-2.384185791015625e-07,-3.271124988794327,0.0,4.76837158203125e-07,0.0,1.1920928955078125e-07
strength_screen,T1-P012,N566,interior_applied_load,,-31.0,69.75,193.643,1.1920928955078125e-07,-10.758229106664658,-4.76837158203125e-07,0.0,4.6566128730773926e-09,3.5762786865234375e-07
strength_screen,T1-P013,N355,interior_applied_load,,-9.979,69.75,164.643,-2.1827872842550278e-11,-8.567578545960714,-5.684341886080802e-14,-1.3642420526593924e-12,9.094947017729282e-13,-3.637978807091713e-12
strength_screen,T1-P014,N247,interior_applied_load,,-3.528,69.75,116.0,4.2369103237583834e-11,-34.108593662308365,2.1643056945576593e-12,-3.856200427592738e-14,-8.073388359068042e-12,7.600812013927397e-10
strength_screen,T1-P015,N233,interior_applied_load,,-3.528,69.75,150.143,1.027910944363064e-11,-21.13860833569558,5.288185084720415e-13,4.576575496782119e-13,-5.029846682763894e-13,-6.40808119671761e-12
strength_screen,T1-P016,N567,interior_applied_load,,-3.528,69.75,193.643,-1.0353476472228117e-11,-21.13860833569766,4.674205648919237e-13,-5.28366613286481e-13,-3.662392142764504e-12,-9.686196899166746e-13
strength_screen,T1-P017,N248,interior_applied_load,,9.344,69.75,116.0,-1.4575113455864597e-10,-586.8662349455715,-3.139747890344726e-12,2.0012053269361278e-14,1.7303766675443816e-11,5.687046400779187e-11
strength_screen,T1-P018,N356,interior_applied_load,,11.042,69.75,179.143,-2.923055506344038e-11,-8.56757854595401,-2.283576600858502e-13,-1.869808376878551e-12,2.8075095482605504e-12,-4.3429069679227196e-11
strength_screen,T1-P019,N249,interior_applied_load,,24.944,69.75,116.0,4.965897476900712e-11,-15.417187644796254,8.138529170328045e-11,-1.9939417090015453e-14,-1.5058227525010924e-10,3.5002399002879385e-09
strength_screen,T1-P020,N234,interior_applied_load,,24.944,69.75,150.143,1.0692698322342085e-11,-13.4477864585018,2.3270384228697554e-11,-1.1483198600156919e-12,-2.197798782933634e-11,-3.4941525090211625e-10
strength_screen,T1-P021,N568,interior_applied_load,,24.944,69.75,193.643,-2.7140527175490732e-11,-13.447786458459767,4.9036195160643535e-11,-8.729146081568886e-13,-1.22330277094889e-10,-4.3606605285386995e-11
strength_screen,T1-P022,N250,interior_applied_load,,28.031,69.75,116.0,-8.846350252451915e-11,-569.2490474225646,-4.668080252675995e-10,-1.2597344762935745e-14,6.248535384928813e-11,6.064110980267757e-10
strength_screen,T1-P023,N251,interior_applied_load,,32.062,69.75,116.0,-2.9802322387695312e-08,-15.417187422513962,-7.450580596923828e-09,0.0,-1.1641532182693481e-10,-5.960464477539063e-08
strength_screen,T1-P024,N549,interior_applied_load,,32.062,69.75,120.0,2.9802322387695312e-08,-4.553279876708984,7.450580596923828e-09,-1.4901161193847656e-08,-1.1641532182693481e-10,-5.960464477539063e-08
strength_screen,T1-P025,N550,interior_applied_load,,32.062,69.75,147.143,2.682209014892578e-07,-4.55327981710434,1.1920928955078125e-07,1.1920928955078125e-07,-9.094947017729282e-13,-2.384185791015625e-07
strength_screen,T1-P026,N235,interior_applied_load,,32.062,69.75,150.143,-7.748603820800781e-07,-10.758229225873947,1.7881393432617188e-07,-1.1920928955078125e-07,-7.275957614183426e-11,-6.556510925292969e-07
strength_screen,T1-P027,N343,interior_applied_load,,32.062,69.75,152.643,3.2446389042206647e-07,-3.271125037424889,7.144279834392364e-08,8.856773092702497e-08,-3.2951419370874646e-13,7.236613441818918e-07
strength_screen,T1-P028,N344,interior_applied_load,,32.062,69.75,172.143,5.684341886080802e-14,-6.5422500394051895,2.2737367544323206e-13,-1.8189894035458565e-12,-2.220446049250313e-16,0.0
strength_screen,T1-P029,N345,interior_applied_load,,32.062,69.75,191.643,-1.2647655012187897e-07,-3.271125020866748,-1.5866817193455063e-08,-6.726004357915372e-07,2.650861974010856e-12,1.3913859220338054e-07
strength_screen,T1-P030,N357,interior_applied_load,,32.062,69.75,193.643,3.734519603284694e-07,-19.37195252348153,8.809772241490347e-07,-2.4382062683664156e-07,1.6774392044020388e-10,1.532649270775499e-07
strength_screen,T1-P031,N252,interior_applied_load,,46.719,69.75,116.0,1.1771826562437982e-10,-580.9938391104425,-1.494403141372026e-11,1.6147572063362256e-14,-6.18738320717251e-11,7.53113243562213e-09
strength_screen,T1-P032,N253,interior_applied_load,,53.417,69.75,116.0,-1.3955105658984284e-10,-15.417187445870745,-1.33002675830497e-11,-1.2756370970464042e-14,1.278544179705821e-11,-3.932174509579424e-09
strength_screen,T1-P033,N236,interior_applied_load,,53.417,69.75,150.143,-1.566025030856492e-11,-18.82690104166227,-3.80779413063921e-12,-3.325704343925064e-13,-1.7968582587858018e-10,6.679037688412443e-10
strength_screen,T1-P034,N358,interior_applied_load,,53.417,69.75,179.143,5.731021939518812e-12,-8.65986810942649,7.292018458761824e-13,-1.0084000284292284e-11,4.116020531088316e-11,6.526173273874501e-13
strength_screen,T1-P035,N569,interior_applied_load,,53.417,69.75,193.643,2.6694628412451017e-12,-18.826901041664232,-1.9552317527016706e-12,-8.591719047242744e-12,2.7270306401808862e-12,2.6086585244786927e-13
strength_screen,T1-P036,N254,interior_applied_load,,65.406,69.75,116.0,-7.760210258989259e-11,-586.8662349458228,4.3157117532779154e-13,-2.635668386487044e-14,-3.551358696937425e-11,-1.6257630087002417e-08
strength_screen,T1-P037,N359,interior_applied_load,,74.771,69.75,164.643,-1.4551915228366852e-11,-8.65986810940376,1.7621459846850485e-12,-6.366462912410498e-12,0.0,2.9103830456733704e-11
strength_screen,T1-P038,N255,interior_applied_load,,81.889,69.75,116.0,7.533627726648863e-10,-15.417187442380557,-1.5997333557509906e-10,2.69499981839998e-14,2.2459972833645086e-10,3.667507450604694e-09
strength_screen,T1-P039,N237,interior_applied_load,,81.889,69.75,150.143,-5.65113254315533e-12,-16.13734374999611,1.898872115575991e-12,-5.141409308154337e-14,7.435842650305302e-12,6.415288599386346e-11
strength_screen,T1-P040,N570,interior_applied_load,,81.889,69.75,193.643,-3.951087260114059e-12,-16.137343749967474,-8.925612211840078e-12,-6.980578048599881e-13,2.8732068804219994e-10,8.889943204923724e-10
strength_screen,T1-P041,N256,interior_applied_load,,84.094,69.75,116.0,-1.710417354757309e-10,-575.1214433325142,1.032732402173638e-12,6.265097521824208e-14,1.1915717437252592e-10,-2.2358592247386386e-08
strength_screen,T1-P042,N257,interior_applied_load,,96.125,69.75,116.0,2.9802322387695312e-08,-15.417187660932541,-1.4901161193847656e-08,-2.9802322387695312e-08,0.0,-1.3113021850585938e-06
strength_screen,T1-P043,N551,interior_applied_load,,96.125,69.75,120.0,-5.960464477539063e-08,-4.553279876708984,0.0,0.0,-1.1641532182693481e-10,-3.5762786865234375e-07
strength_screen,T1-P044,N552,interior_applied_load,,96.125,69.75,147.143,-4.172325134277344e-07,-4.553279846906662,-1.1920928955078125e-07,3.5762786865234375e-07,-5.820766091346741e-11,3.5762786865234375e-07
strength_screen,T1-P045,N238,interior_applied_load,,96.125,69.75,150.143,-1.1920928955078125e-07,-19.41809731721878,2.384185791015625e-07,-8.344650268554688e-07,-1.1641532182693481e-10,2.384185791015625e-07
strength_screen,T1-P046,N346,interior_applied_load,,96.125,69.75,152.643,3.5762786865234375e-07,-3.271124988794327,0.0,0.0,1.1641532182693481e-10,-3.5762786865234375e-07
strength_screen,T1-P047,N347,interior_applied_load,,96.125,69.75,172.143,-1.1081358715129653e-13,-6.542250039358463,2.7257532966670587e-12,2.1032683946549872e-11,4.1115858856944076e-15,1.0481609280016502e-12
strength_screen,T1-P048,N348,interior_applied_load,,96.125,69.75,191.643,2.8361398424214812e-08,-3.27112500456807,-9.132463674177416e-10,-4.6554077925975434e-08,2.7699873532477554e-11,-5.3987415926659565e-08
strength_screen,T1-P049,N571,interior_applied_load,,96.125,69.75,193.643,1.1920148297241771e-07,-10.758229137467943,-1.389285149233301e-07,-2.715301466983259e-07,-1.169545972122342e-10,-1.425233908352429e-07
strength_screen,T1-P050,N258,interior_applied_load,,102.781,69.75,116.0,1.0503507758103643e-10,-575.1214432816946,2.3561658386507955e-11,2.0889410585639966e-14,-3.464417220531811e-11,5.9028911125163585e-09
strength_screen,T1-P051,N259,interior_applied_load,,110.361,69.75,116.0,-5.628376977583315e-10,-7.708593636682612,-3.253463068416762e-09,-2.033883622999265e-14,-4.190191571415402e-10,-7.020272421210752e-08
strength_screen,T1-P052,N239,interior_applied_load,,110.361,69.75,150.143,4.448636671748744e-12,-16.137343749998912,-8.020174565056313e-13,9.578914706323564e-12,-2.9040220090797866e-13,-2.3158976790722967e-11
strength_screen,T1-P053,N572,interior_applied_load,,110.361,69.75,193.643,-4.519730815136537e-12,-16.137343749916525,3.2339612672240083e-12,-6.021837534045047e-13,-3.737729149277744e-12,-8.382204648144999e-11
strength_screen,T1-P054,N260,interior_applied_load,,112.125,69.75,116.0,-1.01801795233747e-10,-9.163802049456875,5.049961668895928e-10,1.646117602589049e-14,1.5939517794198425e-09,-7.319028814018959e-08
strength_screen,T1-P055,N360,interior_applied_load,,117.479,69.75,164.643,-4.3655745685100555e-11,-8.659868109432864,4.547473508864641e-13,7.73070496506989e-12,-1.0913936421275139e-11,-5.820766091346741e-11
strength_screen,T1-P056,N261,interior_applied_load,,121.469,69.75,116.0,-9.762737516773582e-12,-585.4110266946743,-4.886038939309762e-12,2.2492509688163436e-14,-1.555046352509097e-10,-1.4319794764622327e-09
strength_screen,T1-P057,N262,interior_applied_load,,138.833,69.75,116.0,2.679086100714118e-10,-15.417187478560274,6.990683616839727e-10,-6.856012875395942e-14,1.1427022198064467e-09,2.8281676818588526e-08
strength_screen,T1-P058,N240,interior_applied_load,,138.833,69.75,150.143,1.4152227508679032e-12,-18.826901041701465,1.2240463882506307e-11,3.8886777016789e-13,-3.368691225534512e-10,-5.382684966209436e-10
strength_screen,T1-P059,N361,interior_applied_load,,138.833,69.75,179.143,-1.2145061525810354e-12,-8.659868109407947,-1.0532629180089207e-13,6.883864196805141e-12,2.3423369348663415e-11,-1.1714931796225914e-11
strength_screen,T1-P060,N573,interior_applied_load,,138.833,69.75,193.643,-1.6086470702109832e-11,-18.826901041661344,-4.362574511937553e-12,1.677526199905461e-12,-7.275533842909426e-11,-1.3747113903028979e-10
strength_screen,T1-P061,N263,interior_applied_load,,140.156,69.75,116.0,-1.5716193272616194e-12,-579.8852456594303,3.919766197900593e-09,3.9013780774592213e-14,-1.776503523319319e-09,-9.340684383108101e-08
strength_screen,T1-P062,N264,interior_applied_load,,158.844,69.75,116.0,7.115491243791354e-10,-579.9024329872656,1.0167985247685644e-09,4.253780455749687e-14,-4.256790369462725e-09,-2.0139640131803536e-08
strength_screen,T1-P063,N265,interior_applied_load,,160.188,69.75,116.0,-7.450580596923828e-07,-6.9809897392988205,3.2782554626464844e-07,4.172325134277344e-07,2.0954757928848267e-09,8.344650268554688e-07
strength_screen,T1-P064,N553,interior_applied_load,,160.188,69.75,120.0,4.172325134277344e-07,-4.553279861807823,0.0,-5.960464477539063e-08,-5.820766091346741e-11,5.960464477539062e-07
strength_screen,T1-P065,N554,interior_applied_load,,160.188,69.75,147.143,-5.960464477539063e-08,-4.553279846906662,0.0,-3.5762786865234375e-07,0.0,5.960464477539063e-08
strength_screen,T1-P066,N241,interior_applied_load,,160.188,69.75,150.143,1.1920928955078125e-07,-10.75822913646698,2.384185791015625e-07,-5.960464477539063e-08,-2.3283064365386963e-10,1.7881393432617188e-07
strength_screen,T1-P067,N349,interior_applied_load,,160.188,69.75,152.643,1.1920928955078125e-07,-3.271124988794327,-2.384185791015625e-07,-2.384185791015625e-07,0.0,0.0
strength_screen,T1-P068,N350,interior_applied_load,,160.188,69.75,172.143,-1.9401268883231875e-13,-6.5422500393669445,6.937032361941071e-13,-2.258458591802415e-11,-1.318991058231364e-15,4.891677271731286e-13
strength_screen,T1-P069,N351,interior_applied_load,,160.188,69.75,191.643,4.2037392000704443e-07,-3.271125039258706,1.8817130820192318e-07,-3.588401999987667e-07,9.546969915790148e-11,-6.304265680601162e-07
strength_screen,T1-P070,N362,interior_applied_load,,160.188,69.75,193.643,-3.5108202851951764e-07,-19.371952443189613,7.508506706181165e-07,-2.048083856920813e-08,3.8728125097386834e-10,-8.123872030556284e-07
strength_screen,T1-P071,N266,interior_applied_load,,167.306,69.75,116.0,-1.795075625765749e-11,-14.308593787044408,8.81842166960528e-11,5.537400455162858e-15,-3.316535972361478e-10,1.4218599514475715e-09
strength_screen,T1-P072,N242,interior_applied_load,,167.306,69.75,150.143,-5.952050344806242e-13,-13.447786458286267,-5.26840966840026e-12,4.629809818132077e-14,8.431768049514958e-11,2.6859124145676473e-10
strength_screen,T1-P073,N574,interior_applied_load,,167.306,69.75,193.643,-1.4529386032034787e-12,-13.447786458296358,-7.805300593467049e-12,-5.4433379809429505e-14,2.2310187997659315e-11,7.853140611183264e-11
strength_screen,T1-P074,N267,interior_applied_load,,177.531,69.75,116.0,9.095937723784294e-11,-586.8662349454119,2.589521952450917e-12,-5.839835320433313e-15,4.80853238903072e-11,1.661795342272534e-10
strength_screen,T1-P075,N363,interior_applied_load,,181.208,69.75,179.143,-2.862874408195896e-11,-8.567578545956781,-1.173892741234319e-13,-7.297200770022818e-12,-1.5342843188678187e-11,-3.3290098337401815e-11
strength_screen,T1-P076,N268,interior_applied_load,,195.778,69.75,116.0,1.578267590489827e-09,-15.417188346173734,-3.202618686493972e-08,-1.3092892599168294e-13,1.781178552810951e-08,-2.1763674390553505e-07
strength_screen,T1-P077,N243,interior_applied_load,,195.778,69.75,150.143,1.866412802704406e-12,-21.13860833569426,-1.4397109757283862e-13,-1.8612804029742175e-13,3.85785696388971e-12,8.677954417698845e-12
strength_screen,T1-P078,N575,interior_applied_load,,195.778,69.75,193.643,2.776018087477716e-12,-21.138608335700308,-2.4458807183270578e-12,2.9523127059965276e-13,1.0194310054769191e-12,1.4324292876537926e-10
strength_screen,T1-P079,N269,interior_applied_load,,196.219,69.75,116.0,-1.0180462286873456e-09,-981.569534980801,4.964076327389071e-09,-8.768511830426068e-14,1.7010850142849285e-08,-1.1753436424581814e-07
strength_screen,T1-P080,N364,interior_applied_load,,202.229,69.75,164.643,7.275957614183426e-12,-8.56757854596799,-1.1368683772161603e-13,0.0,1.8189894035458565e-12,1.0913936421275139e-11
strength_screen,T1-P081,N270,interior_applied_load,,214.906,69.75,116.0,2.404125204191447e-11,-988.9143268918632,4.670751656291582e-12,7.92734782068526e-15,-1.1416023169382802e-10,7.436402460076794e-10
strength_screen,T1-P082,N244,interior_applied_load,,223.25,69.75,150.143,-3.5762786865234375e-07,-15.042018458247185,0.0,7.152557373046875e-07,-1.1641532182693481e-09,2.384185791015625e-07
strength_screen,T1-P083,N352,interior_applied_load,,223.25,69.75,152.643,-1.1920928955078125e-07,-3.2711250334978104,-3.5762786865234375e-07,-2.384185791015625e-07,2.3283064365386963e-10,1.1920928955078125e-07
strength_screen,T1-P084,N353,interior_applied_load,,223.25,69.75,172.143,4.087817036528012e-15,-6.542250039423535,-2.756068016859964e-13,-2.2446489327340878e-12,3.491105528995219e-16,-2.5319938207672286e-13
strength_screen,T1-P085,N354,interior_applied_load,,223.25,69.75,191.643,-5.4805317256656494e-08,-3.2711249976178287,2.591980644006675e-08,-1.3048997754561142e-07,8.677760337905394e-11,9.838964365460612e-09
strength_screen,T1-P086,N576,interior_applied_load,,223.25,69.75,193.643,9.578351053973755e-08,-10.758229123487279,-7.303624282028227e-08,2.5177198725939706e-07,8.686564424946037e-09,6.543759342722016e-08
strength_screen,T1-P087,N271,interior_applied_load,,224.25,69.75,116.0,2.538592593914757e-07,-7.7085938342716815,6.009655813090235e-08,9.907463042497685e-08,4.330224499142988e-09,-4.237342468089992e-07
strength_screen,T1-P088,N161,interface_action,T-E; T-E vertical 3,224.25,69.75,120.0,1013.251393792918,1825.6839074350428,31.40036675275769,-118.48045565898065,3904.0530586528716,-14096.220242250478
strength_screen,T1-P089,N426,interface_action,T-E; T-E vertical 3,224.25,69.75,121.5,-115.92176847788505,-378.58815193665214,4.852817121660337,230.2861387967132,104.66377097338727,1981.9652043087408
strength_screen,T1-P090,N427,interface_action,T-E vertical 3,224.25,69.75,144.689,8.23732333706268e-11,-3.830515810282146,-8.563997094983231e-11,2.7034020008450816e-12,1.2709272985203344e-15,-5.3967466095480986e-11
strength_screen,T1-P091,N555,interface_action,T-E vertical 3,224.25,69.75,147.143,-720.3433147668839,-1115.2291918545961,30.105705976486206,656.638999581337,667.9715339910472,-6155.738739013672
strength_screen,T1-P092,N245,interface_action,T-E vertical 3,224.25,69.75,150.143,-128.07764965295792,3494.8847477585077,-24.90444242954254,-559.3730779886246,-203.20922453061212,3028.2586187124252
strength_screen,T1-P093,N466,interface_action,T-E diagonal 11; T-E diagonal 12; T-E top / segment 1; T-E vertical 3,224.25,69.75,193.643,95.77872958768741,1232.373588247436,-10.178507723299997,7.416900203612324,-237.41762800946046,-4339.525873419894
HB0.25,T1-P001,N246,interface_action,T-W / B-WO; T-W vertical 3,-32.0,69.75,116.0,-273.8902506828308,-78.86745592951775,-3.9322845935821533,885.815412402153,2720.175028990954,444.60769987106323
HB0.25,T1-P002,N370,interface_action,T-W / B-WO; T-W vertical 3,-32.0,69.75,117.5,185.79271364212036,-341.6675728261471,21.967041671276093,843.301904797554,60.543485049623996,-3347.9779744148254
HB0.25,T1-P003,N547,interface_action,T-W vertical 3,-32.0,69.75,120.0,-185.79271406172003,338.0563896248949,-21.967041658430706,-788.3843004573181,-60.54348504930468,2883.4961881276918
HB0.25,T1-P004,N371,interface_action,T-W vertical 3,-32.0,69.75,142.022,-2.0633191416892167e-12,-2.281627019033783,4.286440604586984e-13,6.384647369056426e-12,4.090241272430325e-14,7.1084915914697325e-12
HB0.25,T1-P005,N548,interface_action,T-W vertical 3,-32.0,69.75,147.143,185.79271417856216,-347.8255894780159,21.967041790485382,192.13288855552673,60.54348504944937,2159.475450307131
HB0.25,T1-P006,N231,interface_action,T-W vertical 3,-32.0,69.75,150.143,10.428082019090652,1456.8706761449575,-21.224811673164368,-232.7672101855278,-39.090933914412744,-359.156581223011
HB0.25,T1-P007,N401,interface_action,T-W diagonal 10; T-W diagonal 9; T-W top / segment 1; T-W vertical 3,-32.0,69.75,193.643,-25.581075001622793,1335.1447797014457,-18.08233411412497,847.4432516021385,-200.71227297037845,2623.1600441589017
HB0.25,T1-P008,N232,interior_applied_load,,-31.0,69.75,150.143,-3.948662197217345e-08,-12.535015372755879,-4.593061930791009e-08,-1.5454952517757192e-07,-1.1002612154698e-08,-1.2958480510860682e-08
HB0.25,T1-P009,N340,interior_applied_load,,-31.0,69.75,152.643,9.669579985970946e-09,-2.7259375300841584,4.817178078899585e-08,4.6220506640734614e-08,-1.557971958805212e-11,-4.8987205618613906e-08
HB0.25,T1-P010,N341,interior_applied_load,,-31.0,69.75,172.143,3.3748606900651305e-14,-5.451875032825526,6.868244307559725e-14,-3.652726975947613e-12,4.377091476963178e-15,3.543777789992077e-13
HB0.25,T1-P011,N342,interior_applied_load,,-31.0,69.75,191.643,0.0,-2.7259375154972076,0.0,4.76837158203125e-07,-5.820766091346741e-11,-1.1920928955078125e-07
HB0.25,T1-P012,N566,interior_applied_load,,-31.0,69.75,193.643,0.0,-8.965190947055817,0.0,-4.76837158203125e-07,5.820766091346741e-11,2.384185791015625e-07
HB0.25,T1-P013,N355,interior_applied_load,,-9.979,69.75,164.643,0.0,-7.1396487882957445,0.0,4.547473508864641e-13,-4.547473508864641e-13,-1.8189894035458565e-12
HB0.25,T1-P014,N247,interior_applied_load,,-3.528,69.75,116.0,2.1649468208490066e-11,-28.42382805180265,-3.9893115695736403e-13,-3.0341274759789864e-14,-1.1457900551731374e-11,9.644293594648218e-10
HB0.25,T1-P015,N233,interior_applied_load,,-3.528,69.75,150.143,1.35250583663504e-12,-17.61550694641332,2.6184701773123573e-13,-2.303769136507334e-13,2.578582974710196e-12,-1.7397799151129856e-13
HB0.25,T1-P016,N567,interior_applied_load,,-3.528,69.75,193.643,-4.340076210704026e-12,-17.61550694641278,5.598988035621402e-13,-2.1463901992515877e-13,8.427747525072409e-12,-3.199524061460916e-12
HB0.25,T1-P017,N248,interior_applied_load,,9.344,69.75,116.0,-1.473648167181168e-11,-393.24284007164414,-1.5757172853809583e-12,2.1073790840421893e-14,1.3217501456571659e-11,1.233050707098447e-09
HB0.25,T1-P018,N356,interior_applied_load,,11.042,69.75,179.143,-1.126389999365068e-11,-7.139648788298205,3.392366432543236e-14,1.0941143085104937e-12,-1.294273973516966e-12,-1.2743818329002949e-11
HB0.25,T1-P019,N249,interior_applied_load,,24.944,69.75,116.0,-8.904305145792573e-11,-12.847656379731998,-2.1598860555524528e-10,-6.197458474074107e-14,-6.603239491746635e-11,-3.900194278856154e-09
HB0.25,T1-P020,N234,interior_applied_load,,24.944,69.75,150.143,1.055231101127543e-11,-11.206488715212137,3.7309938610324896e-11,-5.193070586328164e-13,-7.88587497483922e-11,1.0450351342206824e-10
HB0.25,T1-P021,N568,interior_applied_load,,24.944,69.75,193.643,-1.2414231498088501e-11,-11.20648871539345,3.1425009405424414e-11,2.813829192088684e-13,-4.3269460498573564e-11,-4.73922384995021e-11
HB0.25,T1-P022,N250,interior_applied_load,,28.031,69.75,116.0,-4.5964960803736824e-11,-378.5618504739991,-3.687092988583283e-10,6.820719824940155e-14,1.1774511355703186e-09,-6.754570925974378e-09
HB0.25,T1-P023,N251,interior_applied_load,,32.062,69.75,116.0,-5.960464477539063e-08,-12.847656190395355,-7.450580596923828e-09,-7.450580596923828e-09,-5.820766091346741e-11,0.0
HB0.25,T1-P024,N549,interior_applied_load,,32.062,69.75,120.0,0.0,-3.7943998873233795,7.450580596923828e-09,0.0,-1.1641532182693481e-10,0.0
HB0.25,T1-P025,N550,interior_applied_load,,32.062,69.75,147.143,-5.960464477539063e-08,-3.7943998724222183,5.960464477539063e-08,1.7881393432617188e-07,0.0,1.7881393432617188e-07
HB0.25,T1-P026,N235,interior_applied_load,,32.062,69.75,150.143,-3.5762786865234375e-07,-8.965190961956978,1.1920928955078125e-07,1.7881393432617188e-07,-1.8735590856522322e-10,4.172325134277344e-07
HB0.25,T1-P027,N343,interior_applied_load,,32.062,69.75,152.643,3.456279991098654e-07,-2.725937531974517,-1.0911202252827934e-07,2.4144242161128204e-07,-1.2176926134088717e-12,5.429872373952094e-07
HB0.25,T1-P028,N344,interior_applied_load,,32.062,69.75,172.143,0.0,-5.45187503285706,0.0,-3.637978807091713e-12,8.881784197001252e-16,-4.547473508864641e-13
HB0.25,T1-P029,N345,interior_applied_load,,32.062,69.75,191.643,-7.55670157559507e-08,-2.725937537441496,9.474445050727809e-08,-9.518407750874758e-08,6.19743055693779e-12,1.7466845747549087e-09
HB0.25,T1-P030,N357,interior_applied_load,,32.062,69.75,193.643,1.7654912152170476e-07,-16.1432937863884,-5.233358252739051e-07,-4.2353432260443905e-07,-1.26083235288715e-10,-1.7131601341375166e-07
HB0.25,T1-P031,N252,interior_applied_load,,46.719,69.75,116.0,-6.166981099089727e-11,-388.3491768761754,-1.6528522456254385e-11,-1.3270744511849153e-14,-9.99920931838944e-11,9.035227367922187e-09
HB0.25,T1-P032,N253,interior_applied_load,,53.417,69.75,116.0,-4.5495164151403286e-11,-12.847656202995719,-1.87216726095825e-12,4.167390015843324e-15,5.546341971606415e-11,-3.897720195194854e-09
HB0.25,T1-P033,N236,interior_applied_load,,53.417,69.75,150.143,-6.495513169751716e-12,-15.689084201391253,-7.421211247816125e-12,-1.2627993322138254e-13,-1.716691788650957e-10,2.4809788511157394e-10
HB0.25,T1-P034,N358,interior_applied_load,,53.417,69.75,179.143,-6.801058780547792e-12,-7.216556757838923,1.4471125301537364e-13,-1.930307744145142e-11,2.070885640838959e-12,-5.277396870049432e-12
HB0.25,T1-P035,N569,interior_applied_load,,53.417,69.75,193.643,-2.6382718853954196e-12,-15.689084201386795,-1.0427032091691689e-12,-5.0401585318822e-13,3.895319445950966e-12,2.0233280634645173e-12
HB0.25,T1-P036,N254,interior_applied_load,,65.406,69.75,116.0,-5.332270633422398e-11,-393.24284007184,8.452261650429635e-13,1.5482429080864439e-15,-8.362193579846569e-11,3.787578921158549e-09
HB0.25,T1-P037,N359,interior_applied_load,,74.771,69.75,164.643,-7.275957614183426e-12,-7.2165567578340415,-8.526512829121202e-13,-5.4569682106375694e-12,7.73070496506989e-12,-1.8189894035458565e-12
HB0.25,T1-P038,N255,interior_applied_load,,81.889,69.75,116.0,3.8708051594446954e-10,-12.847656193818278,4.382873711107038e-11,6.242627724431927e-14,1.3139072084477462e-11,1.0383455740501816e-08
HB0.25,T1-P039,N237,interior_applied_load,,81.889,69.75,150.143,2.719388054691334e-12,-13.447786458333342,-6.00044708028584e-14,1.0509921212585221e-14,1.5561729748765954e-11,1.3070927707485509e-10
HB0.25,T1-P040,N570,interior_applied_load,,81.889,69.75,193.643,4.046575198653908e-12,-13.44778645832398,1.1849116875860427e-11,1.9666103709393377e-13,3.935940905445049e-11,2.51793207714854e-10
HB0.25,T1-P041,N256,interior_applied_load,,84.094,69.75,116.0,-2.828481930770946e-10,-383.45551368360026,2.5647397317187534e-11,1.457332631684529e-14,1.1427574572612081e-10,-2.1176794464980128e-08
HB0.25,T1-P042,N257,interior_applied_load,,96.125,69.75,116.0,0.0,-12.847656399011612,0.0,0.0,1.1641532182693481e-10,-6.556510925292969e-07
HB0.25,T1-P043,N551,interior_applied_load,,96.125,69.75,120.0,2.9802322387695312e-08,-3.7943998873233795,0.0,0.0,0.0,-5.960464477539063e-08
HB0.25,T1-P044,N552,interior_applied_load,,96.125,69.75,147.143,-1.7881393432617188e-07,-3.7943998873233795,1.7881393432617188e-07,4.76837158203125e-07,0.0,5.960464477539063e-08
HB0.25,T1-P045,N238,interior_applied_load,,96.125,69.75,150.143,-1.1920928955078125e-07,-16.181747674942017,0.0,3.5762786865234375e-07,-1.1641532182693481e-10,-1.043081283569336e-07
HB0.25,T1-P046,N346,interior_applied_load,,96.125,69.75,152.643,2.384185791015625e-07,-2.7259375154972076,-2.384185791015625e-07,1.1920928955078125e-07,0.0,-5.960464477539063e-08
HB0.25,T1-P047,N347,interior_applied_load,,96.125,69.75,172.143,-1.0089824469179689e-13,-5.451875032840854,5.6410261092130226e-14,-4.2807622856934793e-13,-3.112574903062294e-15,4.954944082323423e-13
HB0.25,T1-P048,N348,interior_applied_load,,96.125,69.75,191.643,7.798146717252763e-08,-2.7259375082829713,-3.140142368351917e-07,1.6939502245350013e-07,-4.032791929357353e-11,-1.877047295373302e-08
HB0.25,T1-P049,N571,interior_applied_load,,96.125,69.75,193.643,-3.1528931561684665e-08,-8.965191004665336,2.1455777895098813e-07,-1.1901904643192932e-07,-2.653576727016883e-10,-1.14764728741336e-07
HB0.25,T1-P050,N258,interior_applied_load,,102.781,69.75,116.0,-5.997830873980058e-11,-383.45551368283026,-4.101439401723497e-12,1.3536860488471169e-14,2.3372880041277696e-11,6.296811590787978e-09
HB0.25,T1-P051,N259,interior_applied_load,,110.361,69.75,116.0,1.0110644289636168e-10,-6.4238280168926,-1.8975444855714847e-09,-5.196705502171888e-15,-3.29853728513693e-10,-1.4695149615594098e-08
HB0.25,T1-P052,N239,interior_applied_load,,110.361,69.75,150.143,1.9253178584323308e-10,-13.447786458332082,2.1952904507719678e-13,-3.497737813941163e-11,1.3022004228350366e-12,2.812961473105943e-12
HB0.25,T1-P053,N572,interior_applied_load,,110.361,69.75,193.643,4.355255287222001e-12,-13.447786458334717,-1.4742800249625702e-11,-2.4122246408730715e-13,-6.708795183372869e-11,4.782803813667464e-10
HB0.25,T1-P054,N260,interior_applied_load,,112.125,69.75,116.0,-1.269733724014578e-10,-7.636501735680147,-2.2931811547115928e-10,-2.87346750677934e-14,1.5375995951260657e-09,1.1290030542575843e-09
HB0.25,T1-P055,N360,interior_applied_load,,117.479,69.75,164.643,-1.4551915228366852e-11,-7.2165567578376795,-1.4210854715202004e-12,6.366462912410498e-12,-1.546140993013978e-11,-4.9112713895738125e-11
HB0.25,T1-P056,N261,interior_applied_load,,121.469,69.75,116.0,7.210492129812864e-11,-392.03016652994233,4.556953074526313e-12,8.402221981264022e-15,-8.69819922996997e-11,3.780983257564363e-09
HB0.25,T1-P057,N262,interior_applied_load,,138.833,69.75,116.0,2.644593701624985e-10,-12.847656190783484,-6.335826128664978e-10,3.087106841140826e-14,-1.6689900736917684e-09,6.015616469409172e-08
HB0.25,T1-P058,N240,interior_applied_load,,138.833,69.75,150.143,-2.282870763198845e-12,-15.689084201423674,4.827404588745951e-12,2.9196386780369277e-13,-2.2363140866487536e-10,-7.517024910949268e-10
HB0.25,T1-P059,N361,interior_applied_load,,138.833,69.75,179.143,1.1579466556726973e-11,-7.216556757823281,2.815317871192819e-13,-6.541368746563182e-12,1.9354426990582484e-11,1.003254338693448e-11
HB0.25,T1-P060,N573,interior_applied_load,,138.833,69.75,193.643,-9.059058630052123e-12,-15.689084201383105,-1.1191729396667847e-12,-4.365777697152371e-12,-2.28703370114189e-11,-4.4928625121484496e-11
HB0.25,T1-P061,N263,interior_applied_load,,140.156,69.75,116.0,1.4114345924835056e-10,-387.42534903001274,-6.910564983583026e-10,-2.4805477608201633e-14,-2.025347152112604e-10,-1.6564104972635806e-08
HB0.25,T1-P062,N264,interior_applied_load,,158.844,69.75,116.0,-1.1057352503473006e-10,-387.4396718223216,2.554812891040285e-09,4.490562989529178e-14,-1.951076452363501e-09,-2.978609725209537e-08
HB0.25,T1-P063,N265,interior_applied_load,,160.188,69.75,116.0,-2.086162567138672e-07,-5.817491441965103,1.6391277313232422e-07,1.1920928955078125e-07,2.1827872842550278e-09,2.980232238769531e-07
HB0.25,T1-P064,N553,interior_applied_load,,160.188,69.75,120.0,-2.9802322387695312e-08,-3.7943998873233795,4.470348358154297e-08,-1.4901161193847656e-07,0.0,-2.980232238769531e-07
HB0.25,T1-P065,N554,interior_applied_load,,160.188,69.75,147.143,0.0,-3.7943998724222183,0.0,-1.1920928955078125e-07,-7.275957614183426e-12,0.0
HB0.25,T1-P066,N241,interior_applied_load,,160.188,69.75,150.143,1.1920928955078125e-07,-8.965190976858139,2.384185791015625e-07,5.960464477539063e-08,-4.3655745685100555e-11,1.6391277313232422e-07
HB0.25,T1-P067,N349,interior_applied_load,,160.188,69.75,152.643,-5.960464477539063e-08,-2.725937530398369,0.0,0.0,0.0,-1.1920928955078125e-07
HB0.25,T1-P068,N350,interior_applied_load,,160.188,69.75,172.143,-4.2302950230508684e-13,-5.451875032850809,-2.770270370260941e-13,1.981383546700469e-11,-2.29024262333247e-16,-3.221114292005742e-12
HB0.25,T1-P069,N351,interior_applied_load,,160.188,69.75,191.643,-3.293487800537509e-07,-2.7259375179767797,-1.340302268199034e-07,-5.239706860338256e-07,5.103038283040321e-11,-6.435091404188853e-09
HB0.25,T1-P070,N362,interior_applied_load,,160.188,69.75,193.643,3.337513970773585e-07,-16.14329372664702,4.95232611607225e-07,-3.018521500207777e-07,-1.5494683894360488e-11,1.6542679249099358e-07
HB0.25,T1-P071,N266,interior_applied_load,,167.306,69.75,116.0,-4.9780295486187674e-11,-11.92382815558257,8.833950687262097e-11,-1.861917316516772e-15,-4.494139187995383e-10,2.93456496415398e-10
HB0.25,T1-P072,N242,interior_applied_load,,167.306,69.75,150.143,-1.833075947998383e-11,-11.206488715181397,1.6913667170932395e-11,-8.259981064691986e-14,3.966233422669247e-11,-3.0610184774547083e-10
HB0.25,T1-P073,N574,interior_applied_load,,167.306,69.75,193.643,-1.2992768168163345e-11,-11.206488715287788,-7.89545437590925e-12,-4.1693367063715453e-13,-2.579283181606268e-11,-4.497570845403022e-11
HB0.25,T1-P074,N267,interior_applied_load,,177.531,69.75,116.0,-9.669733906832042e-12,-393.2428400716562,-3.5041169018905795e-12,-7.56806896912283e-15,1.0092653998986642e-11,8.850147829224524e-10
HB0.25,T1-P075,N363,interior_applied_load,,181.208,69.75,179.143,-1.0404466123608394e-11,-7.139648788296814,-1.0977538763006883e-13,-2.261354614708916e-12,-8.328374496575651e-13,5.395462154297362e-12
HB0.25,T1-P076,N268,interior_applied_load,,195.778,69.75,116.0,1.7853471470348286e-09,-12.84765699793529,-1.0856825189072066e-07,3.1936510864729733e-14,2.9588305866101798e-08,2.298999189216183e-07
HB0.25,T1-P077,N243,interior_applied_load,,195.778,69.75,150.143,-5.956488600863184e-12,-17.615506946412506,4.008893292724271e-14,-4.3268214106933296e-14,-1.0410404682420722e-12,-1.687720380658543e-12
HB0.25,T1-P078,N575,interior_applied_load,,195.778,69.75,193.643,1.9164498404912146e-12,-17.615506946409845,-3.3467587889756614e-12,1.9734177121526809e-13,-1.0551782389929747e-10,9.680774185217144e-10
HB0.25,T1-P079,N269,interior_applied_load,,196.219,69.75,116.0,-1.5461350740743116e-10,-386.819012300347,1.0414645656265135e-07,-2.9475857581413597e-14,1.8585793890894522e-08,1.0629140263445195e-07
HB0.25,T1-P080,N364,interior_applied_load,,202.229,69.75,164.643,-7.275957614183426e-12,-7.1396487882921065,2.2737367544323206e-13,0.0,-9.094947017729282e-13,-2.7284841053187847e-12
HB0.25,T1-P081,N270,interior_applied_load,,214.906,69.75,116.0,7.132364741858995e-11,-392.9396716860073,-4.168107699828712e-12,3.591257835954211e-15,-4.171666324158309e-11,5.947170389580842e-10
HB0.25,T1-P082,N244,interior_applied_load,,223.25,69.75,150.143,-1.7881393432617188e-07,-12.535015389323235,-7.152557373046875e-07,-5.960464477539062e-07,-1.0477378964424133e-09,-2.384185791015625e-07
HB0.25,T1-P083,N352,interior_applied_load,,223.25,69.75,152.643,5.960464477539063e-08,-2.7259375229477882,4.76837158203125e-07,-8.344650268554688e-07,0.0,2.384185791015625e-07
HB0.25,T1-P084,N353,interior_applied_load,,223.25,69.75,172.143,3.719441874962902e-14,-5.45187503282058,-3.6935598309523083e-14,-1.444669255603768e-12,3.729135102152172e-15,-1.405931196895888e-13
HB0.25,T1-P085,N354,interior_applied_load,,223.25,69.75,191.643,-1.0439899167380418e-08,-2.725937525398443,-2.7858928364210556e-07,-1.354347700655012e-07,-1.4784925148245803e-11,-4.8368198335424495e-09
HB0.25,T1-P086,N576,interior_applied_load,,223.25,69.75,193.643,1.2302544316611375e-08,-8.965190947349674,3.021788272013905e-07,-2.4502414482599593e-07,-6.862612417160188e-09,-3.39406975677984e-08
HB0.25,T1-P087,N271,interior_applied_load,,224.25,69.75,116.0,6.885293268865667e-08,-6.4238281938661626,4.825650001556076e-08,1.2326591635997066e-07,3.6452479642028654e-09,4.798228744980358e-08
HB0.25,T1-P088,N161,interface_action,T-E; T-E vertical 3,224.25,69.75,120.0,651.0590099899564,837.9676508536795,21.640763334464282,-82.30420155858155,2689.0088559337087,-7906.461690575117
HB0.25,T1-P089,N426,interface_action,T-E; T-E vertical 3,224.25,69.75,121.5,-72.22782512241974,-188.22677052789368,2.9221910265041515,135.8451974488562,69.3305159649235,1202.4891338227317
HB0.25,T1-P090,N427,interface_action,T-E vertical 3,224.25,69.75,144.689,2.6373915934566957e-11,-3.19209650864599,2.303782388446845e-11,6.480047802021671e-11,1.4389795536986827e-14,-5.854524418637073e-11
HB0.25,T1-P091,N555,interface_action,T-E vertical 3,224.25,69.75,147.143,-448.8270982503891,-559.4937929809093,18.128567814826965,377.8799521327019,442.4722200508695,-4036.9493159651756
HB0.25,T1-P092,N245,interface_action,T-E vertical 3,224.25,69.75,150.143,-77.85369104146957,2108.8470609635115,-14.808733463287354,-323.8020380139351,-132.7688391150441,1863.6887494325638
HB0.25,T1-P093,N466,interface_action,T-E diagonal 11; T-E diagonal 12; T-E top / segment 1; T-E vertical 3,224.25,69.75,193.643,51.10013380061518,746.3654515097909,-6.610398966292547,-4.064623751262525,-157.90825019944202,-2720.1045905842534
HB0.5,T1-P001,N246,interface_action,T-W / B-WO; T-W vertical 3,-32.0,69.75,116.0,-269.73237705230713,-79.14633193612099,-4.861088395118713,887.5456191301346,2845.802977806423,451.1613140106201
HB0.5,T1-P002,N370,interface_action,T-W / B-WO; T-W vertical 3,-32.0,69.75,117.5,188.39821434020996,-343.17334347963333,22.048833549022675,845.067678630352,64.78870679065585,-3393.37859582901
HB0.5,T1-P003,N547,interface_action,T-W vertical 3,-32.0,69.75,120.0,-188.39821492497668,339.5621602716571,-22.04883366406549,-789.9455941878737,-64.7887067897103,2922.38305725634
HB0.5,T1-P004,N371,interface_action,T-W vertical 3,-32.0,69.75,142.022,8.199774542204678e-13,-2.2816270190252856,5.156465196091625e-12,2.281903526160328e-11,-3.347681206339981e-16,-8.244136386558282e-12
HB0.5,T1-P005,N548,interface_action,T-W vertical 3,-32.0,69.75,147.143,188.39821508526802,-349.33136013150215,22.048833787441254,191.47410213947296,64.78870678989915,2191.3096921741962
HB0.5,T1-P006,N231,interface_action,T-W vertical 3,-32.0,69.75,150.143,11.246136784553528,1460.6432035118341,-21.27742427587509,-233.89120119810104,-39.89906266669277,-375.61213862895966
HB0.5,T1-P007,N401,interface_action,T-W diagonal 10; T-W diagonal 9; T-W top / segment 1; T-W vertical 3,-32.0,69.75,193.643,-30.22982242605878,1340.168950587541,-18.14172470123526,846.9871877336848,-197.12419903406249,2678.255882774702
HB0.5,T1-P008,N232,interior_applied_load,,-31.0,69.75,150.143,-1.1522206477820873e-07,-12.535015379806282,-1.0983438869516249e-07,-2.9521743272198364e-08,-1.0557869245531037e-08,6.858863343950361e-08
HB0.5,T1-P009,N340,interior_applied_load,,-31.0,69.75,152.643,4.122770210932654e-08,-2.7259375244853783,-8.732588760874742e-08,5.7572725424947636e-09,-3.3804077323925224e-11,5.1549476994984854e-08
HB0.5,T1-P010,N341,interior_applied_load,,-31.0,69.75,172.143,-3.984323802162614e-14,-5.451875032859327,-1.425048544650919e-13,1.227333601356648e-12,-8.744721898708964e-16,-4.603782364979415e-13
HB0.5,T1-P011,N342,interior_applied_load,,-31.0,69.75,191.643,-2.384185791015625e-07,-2.72593754529953,-4.76837158203125e-07,0.0,5.820766091346741e-11,2.384185791015625e-07
HB0.5,T1-P012,N566,interior_applied_load,,-31.0,69.75,193.643,1.1920928955078125e-07,-8.965190947055817,0.0,0.0,-2.3865140974521637e-09,3.5762786865234375e-07
HB0.5,T1-P013,N355,interior_applied_load,,-9.979,69.75,164.643,0.0,-7.1396487882921065,0.0,4.547473508864641e-13,-2.2737367544323206e-12,-1.8189894035458565e-12
HB0.5,T1-P014,N247,interior_applied_load,,-3.528,69.75,116.0,1.0982054335294876e-11,-28.423828051855633,1.5741727224172375e-12,-1.1850820456408905e-14,-1.923634115558449e-11,4.374948183931198e-10
HB0.5,T1-P015,N233,interior_applied_load,,-3.528,69.75,150.143,5.196672236438362e-12,-17.615506946413223,3.470921207585689e-13,-9.949852367266046e-15,5.719381746469246e-12,1.496968545022793e-11
HB0.5,T1-P016,N567,interior_applied_load,,-3.528,69.75,193.643,-3.2726526748721514e-12,-17.615506946413987,4.893134234354289e-14,-5.402059567277703e-13,4.90593670923248e-12,1.1988040329340153e-11
HB0.5,T1-P017,N248,interior_applied_load,,9.344,69.75,116.0,1.4617085246312945e-13,-393.2428400715304,-7.515143262897576e-12,3.681849364612301e-15,2.1781105363369907e-12,-1.4200365479863717e-10
HB0.5,T1-P018,N356,interior_applied_load,,11.042,69.75,179.143,-6.855449738001321e-12,-7.139648788289468,9.011849803351359e-14,2.1270090997301135e-12,-1.7226013619946257e-12,-2.0387629773062258e-11
HB0.5,T1-P019,N249,interior_applied_load,,24.944,69.75,116.0,3.589386427412608e-11,-12.84765637605407,-2.9110480291746844e-10,-1.3958195342479129e-14,2.5701507928931305e-10,-3.3119080742030084e-09
HB0.5,T1-P020,N234,interior_applied_load,,24.944,69.75,150.143,-1.8101904523125286e-12,-11.206488715460212,1.1164101337170598e-11,-4.339151470599887e-13,7.370524864935431e-12,-2.0052077848151284e-10
HB0.5,T1-P021,N568,interior_applied_load,,24.944,69.75,193.643,-1.6854854615313546e-11,-11.206488715383223,2.0670896668235394e-11,-8.164521333880854e-13,2.8464594760881802e-11,-3.0072888464861176e-10
HB0.5,T1-P022,N250,interior_applied_load,,28.031,69.75,116.0,-1.6724939980141948e-10,-378.5618504618835,4.079157039324157e-11,6.170810005011446e-14,5.791877387313405e-10,1.5724303730149593e-08
HB0.5,T1-P023,N251,interior_applied_load,,32.062,69.75,116.0,-2.9802322387695312e-08,-12.847656205296516,-7.450580596923828e-09,-7.450580596923828e-09,-5.820766091346741e-10,0.0
HB0.5,T1-P024,N549,interior_applied_load,,32.062,69.75,120.0,0.0,-3.7943999022245407,7.450580596923828e-09,-1.4901161193847656e-08,-5.820766091346741e-11,-5.960464477539063e-08
HB0.5,T1-P025,N550,interior_applied_load,,32.062,69.75,147.143,4.76837158203125e-07,-3.7943998724222183,0.0,5.960464477539063e-08,-1.8189894035458565e-12,-4.76837158203125e-07
HB0.5,T1-P026,N235,interior_applied_load,,32.062,69.75,150.143,1.1920928955078125e-07,-8.9651909917593,-1.1920928955078125e-07,5.960464477539063e-08,1.3642420526593924e-10,-2.1457672119140625e-06
HB0.5,T1-P027,N343,interior_applied_load,,32.062,69.75,152.643,-6.678389397052342e-07,-2.725937519585251,4.7561542260154965e-08,-9.471432349528186e-08,2.673417043297377e-13,-3.524471310356603e-07
HB0.5,T1-P028,N344,interior_applied_load,,32.062,69.75,172.143,0.0,-5.451875032827957,0.0,-9.094947017729282e-13,4.440892098500626e-16,0.0
HB0.5,T1-P029,N345,interior_applied_load,,32.062,69.75,191.643,6.45483169137151e-08,-2.7259375027788337,2.7831958959723124e-07,4.895682650385424e-07,5.7775063519126435e-12,-4.659477781387977e-08
HB0.5,T1-P030,N357,interior_applied_load,,32.062,69.75,193.643,9.059489541291722e-08,-16.143293805808035,-4.098826293031356e-07,4.6451264581643646e-07,-1.2383352224031202e-10,-1.6802403488447256e-07
HB0.5,T1-P031,N252,interior_applied_load,,46.719,69.75,116.0,-2.149412901286666e-11,-388.3491768769176,-2.6637424546498243e-11,1.2237655648175779e-14,2.344249080919879e-11,-9.41945645314746e-10
HB0.5,T1-P032,N253,interior_applied_load,,53.417,69.75,116.0,-1.3274169074638542e-11,-12.84765620150535,-3.9945934509086e-12,-1.5611530444936002e-16,8.947574784503481e-11,-4.585779437269171e-09
HB0.5,T1-P033,N236,interior_applied_load,,53.417,69.75,150.143,-1.6040628924993748e-11,-15.689084201368209,5.733383604135948e-12,-5.358050362939245e-13,1.5185384411645376e-10,1.2256741000931652e-10
HB0.5,T1-P034,N358,interior_applied_load,,53.417,69.75,179.143,-1.1502500179021754e-11,-7.216556757838685,3.284770566940158e-13,-5.1994240590748894e-12,3.467792916121441e-11,-1.0948349557576897e-11
HB0.5,T1-P035,N569,interior_applied_load,,53.417,69.75,193.643,-4.00604192920767e-12,-15.689084201387848,-2.07467011142627e-12,-3.228545623744952e-12,-1.1072052793113181e-11,-8.397106221209822e-12
HB0.5,T1-P036,N254,interior_applied_load,,65.406,69.75,116.0,3.703103443679893e-11,-393.2428400722869,5.8501978824708e-14,5.662112553405627e-15,9.137985488727881e-12,2.465734975319699e-09
HB0.5,T1-P037,N359,interior_applied_load,,74.771,69.75,164.643,0.0,-7.2165567578340415,5.684341886080801e-13,-1.3642420526593924e-12,-2.7284841053187847e-12,-9.094947017729282e-12
HB0.5,T1-P038,N255,interior_applied_load,,81.889,69.75,116.0,8.317835867506516e-11,-12.847656206931537,-4.5876568219294095e-11,8.386563231608291e-14,1.0412805630203678e-10,1.2284903494068392e-08
HB0.5,T1-P039,N237,interior_applied_load,,81.889,69.75,150.143,7.737948309096724e-13,-13.447786458333885,7.533979604391964e-14,-7.729995398645969e-14,2.7051633799757354e-11,7.174906006581636e-11
HB0.5,T1-P040,N570,interior_applied_load,,81.889,69.75,193.643,4.15448351617258e-12,-13.447786458326,1.457494916726267e-12,-5.925715114466152e-13,4.159830116316096e-11,1.0985677852328743e-10
HB0.5,T1-P041,N256,interior_applied_load,,84.094,69.75,116.0,-1.1116812178700743e-11,-383.4555137045494,-3.583374588706692e-11,8.251773299885049e-16,5.768804250182846e-11,-2.917308049225235e-09
HB0.5,T1-P042,N257,interior_applied_load,,96.125,69.75,116.0,-1.4901161193847656e-07,-12.84765638411045,-7.450580596923828e-09,1.4901161193847656e-08,0.0,-3.5762786865234375e-07
HB0.5,T1-P043,N551,interior_applied_load,,96.125,69.75,120.0,8.940696716308594e-08,-3.7943999022245407,0.0,-1.4901161193847656e-08,0.0,0.0
HB0.5,T1-P044,N552,interior_applied_load,,96.125,69.75,147.143,-2.086162567138672e-07,-3.7943998724222183,-1.1920928955078125e-07,5.960464477539063e-08,0.0,1.7881393432617188e-07
HB0.5,T1-P045,N238,interior_applied_load,,96.125,69.75,150.143,-2.384185791015625e-07,-16.18174773454666,3.5762786865234375e-07,-3.5762786865234375e-07,2.3283064365386963e-10,-8.940696716308594e-08
HB0.5,T1-P046,N346,interior_applied_load,,96.125,69.75,152.643,2.980232238769531e-07,-2.7259375154972076,0.0,1.1920928955078125e-07,0.0,5.960464477539063e-08
HB0.5,T1-P047,N347,interior_applied_load,,96.125,69.75,172.143,-4.6726819164567465e-14,-5.45187503285756,-1.6657936418098188e-13,-2.8152879295107106e-12,-2.072651925635496e-15,1.2533171596349182e-13
HB0.5,T1-P048,N348,interior_applied_load,,96.125,69.75,191.643,-9.859823205116136e-08,-2.7259375161036683,1.0066249878093458e-07,-5.376304592630277e-07,2.0698411574374815e-11,9.025698249898184e-08
HB0.5,T1-P049,N571,interior_applied_load,,96.125,69.75,193.643,1.9103463247268245e-07,-8.965190952091202,-1.4513409455935306e-07,4.0856595430379377e-07,9.61217324053565e-12,1.0719296733482429e-07
HB0.5,T1-P050,N258,interior_applied_load,,102.781,69.75,116.0,-1.6144988107914311e-12,-383.45551368363874,7.359656393309954e-12,2.1009247990233814e-14,4.068278519627674e-11,1.7268826835882444e-09
HB0.5,T1-P051,N259,interior_applied_load,,110.361,69.75,116.0,1.7112690003304613e-10,-6.423828010736932,-2.135362097971337e-09,-2.188022912345217e-14,3.0810473738244395e-10,-2.6993178168316196e-08
HB0.5,T1-P052,N239,interior_applied_load,,110.361,69.75,150.143,-2.949854344719838e-11,-13.44778645833221,-5.56511259224647e-13,7.037166798254213e-12,-3.115699527252939e-12,-5.968088362582987e-12
HB0.5,T1-P053,N572,interior_applied_load,,110.361,69.75,193.643,-2.3715030961637842e-12,-13.447786458306593,5.824543168407387e-12,-2.3975159186763977e-13,2.4424857997417954e-11,-1.6577845295607082e-10
HB0.5,T1-P054,N260,interior_applied_load,,112.125,69.75,116.0,-1.0660688477599923e-10,-7.6365017342941925,8.111589277601585e-10,8.48177284964403e-15,1.6827893694427218e-09,-2.3110446185101805e-08
HB0.5,T1-P055,N360,interior_applied_load,,117.479,69.75,164.643,-7.275957614183426e-12,-7.21655675781949,-1.3642420526593924e-12,-1.1368683772161603e-11,1.3642420526593924e-11,-1.4551915228366852e-11
HB0.5,T1-P056,N261,interior_applied_load,,121.469,69.75,116.0,3.456518864331956e-11,-392.03016652900135,2.3175502495162166e-12,2.1533891617059585e-15,-3.649720176522343e-11,4.8279570812330725e-09
HB0.5,T1-P057,N262,interior_applied_load,,138.833,69.75,116.0,5.837298779849964e-10,-12.847656300373519,4.298671341506437e-09,-8.13472622086233e-15,-1.1223077668400772e-09,1.7177378642229046e-09
HB0.5,T1-P058,N240,interior_applied_load,,138.833,69.75,150.143,-1.055253594753317e-12,-15.689084201400544,-2.522343902762861e-12,4.020088243695522e-13,3.463079998860519e-11,-2.2204223554133882e-11
HB0.5,T1-P059,N361,interior_applied_load,,138.833,69.75,179.143,5.408570504846135e-12,-7.216556757838264,3.710317632286811e-13,-3.097702798790995e-11,6.925410751713327e-11,-2.9199171938819124e-12
HB0.5,T1-P060,N573,interior_applied_load,,138.833,69.75,193.643,3.881523830022076e-12,-15.689084201381391,-1.5549527002544288e-12,-4.8235998871435854e-12,-1.2488158107288062e-11,-6.976937016324914e-11
HB0.5,T1-P061,N263,interior_applied_load,,140.156,69.75,116.0,-5.28442360211154e-10,-387.4253488839966,2.748479713930247e-09,3.588355985684478e-14,-6.596034885879772e-10,-9.673073091243716e-08
HB0.5,T1-P062,N264,interior_applied_load,,158.844,69.75,116.0,4.3274632040237035e-10,-387.43967187456747,3.90622698911033e-09,6.501826358820907e-14,-3.902214725262156e-09,-6.066698597498489e-08
HB0.5,T1-P063,N265,interior_applied_load,,160.188,69.75,116.0,5.960464477539063e-08,-5.817491352558136,1.7881393432617188e-07,1.7881393432617188e-07,1.2223608791828156e-09,-1.7881393432617188e-07
HB0.5,T1-P064,N553,interior_applied_load,,160.188,69.75,120.0,-2.980232238769531e-07,-3.7943998724222183,1.4901161193847656e-08,-8.940696716308594e-08,-2.9103830456733704e-11,-1.0132789611816406e-06
HB0.5,T1-P065,N554,interior_applied_load,,160.188,69.75,147.143,0.0,-3.7943998724222183,1.7881393432617188e-07,1.1920928955078125e-07,-7.275957614183426e-12,5.960464477539063e-08
HB0.5,T1-P066,N241,interior_applied_load,,160.188,69.75,150.143,1.1920928955078125e-07,-8.965190976858139,-2.384185791015625e-07,-5.960464477539063e-08,2.9103830456733704e-11,-2.9802322387695312e-08
HB0.5,T1-P067,N349,interior_applied_load,,160.188,69.75,152.643,0.0,-2.725937530398369,1.1920928955078125e-07,0.0,0.0,1.1920928955078125e-07
HB0.5,T1-P068,N350,interior_applied_load,,160.188,69.75,172.143,7.077171596167567e-13,-5.45187503284498,-1.3486529597837194e-14,1.634008512808847e-11,-2.5826055995961896e-15,5.131891229943944e-12
HB0.5,T1-P069,N351,interior_applied_load,,160.188,69.75,191.643,3.86502257698762e-08,-2.7259375271029356,-4.116849634111519e-07,-3.6572625458641816e-07,-3.4644743461779316e-11,-2.0458075150608934e-07
HB0.5,T1-P070,N362,interior_applied_load,,160.188,69.75,193.643,-7.241746246207623e-08,-16.14329375102302,-2.576093407220343e-07,1.4603447636139758e-08,2.0936836197703123e-10,-4.1667807057792506e-07
HB0.5,T1-P071,N266,interior_applied_load,,167.306,69.75,116.0,-1.4350527951036382e-10,-11.923828156256892,1.4578292119479962e-10,6.891962404534575e-15,-1.9110383300930015e-10,5.100549654907028e-09
HB0.5,T1-P072,N242,interior_applied_load,,167.306,69.75,150.143,1.4444625397814109e-11,-11.206488715228836,-1.2999409609723239e-11,3.090652864527523e-14,-2.5666910711735726e-11,5.877224960920652e-11
HB0.5,T1-P073,N574,interior_applied_load,,167.306,69.75,193.643,-2.27020755302378e-12,-11.206488715274897,-5.5921979849211235e-12,-3.4913807066466246e-13,-1.588831893007434e-11,3.0772781846133864e-11
HB0.5,T1-P074,N267,interior_applied_load,,177.531,69.75,116.0,7.171362023838084e-11,-393.2428400717706,-4.810001622407936e-12,-4.524707833958315e-16,2.479492798244166e-12,3.604067651223134e-10
HB0.5,T1-P075,N363,interior_applied_load,,181.208,69.75,179.143,-7.265613237454812e-12,-7.139648788305562,-1.6342570934281234e-13,-5.063353534016189e-12,-7.205812211097132e-12,-1.6482174957074486e-11
HB0.5,T1-P076,N268,interior_applied_load,,195.778,69.75,116.0,1.7865667644385416e-10,-12.847657009885127,-4.402407028006527e-08,1.2388892956678619e-13,2.751136149520533e-08,4.7379195951544e-08
HB0.5,T1-P077,N243,interior_applied_load,,195.778,69.75,150.143,2.997363120739969e-12,-17.615506946412108,-3.160419530893909e-13,3.62441542411777e-14,5.694177275823771e-13,-1.1173147775295795e-11
HB0.5,T1-P078,N575,interior_applied_load,,195.778,69.75,193.643,2.895800146468529e-12,-17.615506946421924,-2.196579283376538e-12,1.767422785637312e-13,-6.737217140808109e-11,-1.861110740655853e-10
HB0.5,T1-P079,N269,interior_applied_load,,196.219,69.75,116.0,7.917783859966166e-10,-386.8190115748463,1.3307758145960054e-07,-1.8014320858741805e-13,1.2911146161799895e-08,-5.5254070776357665e-08
HB0.5,T1-P080,N364,interior_applied_load,,202.229,69.75,164.643,0.0,-7.1396487882957445,-5.684341886080802e-14,-4.547473508864641e-13,-9.094947017729282e-13,3.637978807091713e-12
HB0.5,T1-P081,N270,interior_applied_load,,214.906,69.75,116.0,2.192523063926456e-11,-392.9396716860491,5.5763383392510395e-12,-3.28126845414861e-16,-3.6207163870448434e-11,8.42190445719642e-10
HB0.5,T1-P082,N244,interior_applied_load,,223.25,69.75,150.143,1.1920928955078125e-07,-12.535015374422073,2.384185791015625e-07,3.5762786865234375e-07,8.149072527885437e-10,1.1920928955078125e-07
HB0.5,T1-P083,N352,interior_applied_load,,223.25,69.75,152.643,-2.384185791015625e-07,-2.7259375229477882,-1.1920928955078125e-07,1.1920928955078125e-07,0.0,-2.384185791015625e-07
HB0.5,T1-P084,N353,interior_applied_load,,223.25,69.75,172.143,2.486270231713902e-14,-5.451875032818831,-5.2712715992744174e-15,-2.3247730224560194e-14,1.0825848090341568e-15,-5.408001396717906e-14
HB0.5,T1-P085,N354,interior_applied_load,,223.25,69.75,191.643,5.221567467295074e-08,-2.725937510308471,5.437933464635947e-09,5.640023487130108e-08,9.453256614202358e-12,1.7964496112909956e-08
HB0.5,T1-P086,N576,interior_applied_load,,223.25,69.75,193.643,4.4641873087059025e-08,-8.965190920845272,-4.204109076366015e-07,-4.897777797735775e-08,-1.5545026689166956e-08,2.4786972116238735e-08
HB0.5,T1-P087,N271,interior_applied_load,,224.25,69.75,116.0,1.4670769865610112e-07,-6.4238281876397565,-1.8208203299622637e-08,1.8824205192688994e-08,2.7807917585628418e-09,-2.187282921422431e-08
HB0.5,T1-P088,N161,interface_action,T-E; T-E vertical 3,224.25,69.75,120.0,660.1433817623183,828.505118557252,22.6375177326845,-85.91338337375782,2804.105956190222,-7358.244313427247
HB0.5,T1-P089,N426,interface_action,T-E; T-E vertical 3,224.25,69.75,121.5,-71.80453750560991,-184.45447621657513,3.030825241934508,141.34872557944618,74.69542672968419,1198.9517232226208
HB0.5,T1-P090,N427,interface_action,T-E vertical 3,224.25,69.75,144.689,3.878995205271785e-11,-3.192096508661783,1.0532796068893288e-11,7.453316934836266e-11,7.755925847363405e-14,-6.75280720563863e-11
HB0.5,T1-P091,N555,interface_action,T-E vertical 3,224.25,69.75,147.143,-446.19676917791367,-548.5304221957922,18.802508294582367,394.7406573295593,476.7114571805578,-3991.481421291828
HB0.5,T1-P092,N245,interface_action,T-E vertical 3,224.25,69.75,150.143,-79.82983911037445,2088.6820223405957,-15.30336844921112,-330.38064420223236,-154.67199790128507,1855.299411535263
HB0.5,T1-P093,N466,interface_action,T-E diagonal 11; T-E diagonal 12; T-E top / segment 1; T-E vertical 3,224.25,69.75,193.643,38.00561267306437,754.2453056680364,-6.936077834390765,4.729906663890738,-177.61182675176437,-2797.5093841622866
HB0.75,T1-P001,N246,interface_action,T-W / B-WO; T-W vertical 3,-32.0,69.75,116.0,-263.4484872817993,-76.62938168644905,-4.360185921192169,887.6101952791214,2799.1202654326335,840.5658626556396
HB0.75,T1-P002,N370,interface_action,T-W / B-WO; T-W vertical 3,-32.0,69.75,117.5,187.2181634902954,-347.2238655090332,22.085019767284393,845.1761775612831,64.96810574410483,-3369.3263535499573
HB0.75,T1-P003,N547,interface_action,T-W vertical 3,-32.0,69.75,120.0,-187.21816412937198,343.6126823151706,-22.08501955085068,-789.9636286869152,-64.9681057435674,2901.280941169251
HB0.75,T1-P004,N371,interface_action,T-W vertical 3,-32.0,69.75,142.022,-2.461389173827286e-12,-2.281627018920618,1.3992424497125953e-12,-7.014251779085151e-12,-2.3268840719060024e-14,-3.6895694951480196e-12
HB0.75,T1-P005,N548,interface_action,T-W vertical 3,-32.0,69.75,147.143,187.21816435456276,-353.3818821758032,22.085019767284393,190.50994277000427,64.96810574352276,2180.381691992283
HB0.75,T1-P006,N231,interface_action,T-W vertical 3,-32.0,69.75,150.143,10.555007994174957,1465.8061225265265,-21.326653361320496,-235.43238884210587,-41.70419393730117,-365.43037581443787
HB0.75,T1-P007,N401,interface_action,T-W diagonal 10; T-W diagonal 9; T-W top / segment 1; T-W vertical 3,-32.0,69.75,193.643,-32.56129090619571,1337.7088892041704,-18.06608454315733,842.2061376735195,-212.44095219474193,2609.1644756201244
HB0.75,T1-P008,N232,interior_applied_load,,-31.0,69.75,150.143,2.3967004381120205e-08,-12.53501537885677,2.5259225822082954e-08,-1.068815436156001e-07,-1.0377334547229111e-08,-4.589310265146196e-09
HB0.75,T1-P009,N340,interior_applied_load,,-31.0,69.75,152.643,-4.362471900257603e-08,-2.7259375160087775,2.0595274428872063e-08,-8.792465970430639e-09,-5.465203399170133e-11,-6.607971780329621e-08
HB0.75,T1-P010,N341,interior_applied_load,,-31.0,69.75,172.143,-4.1421929724882186e-14,-5.451875032843647,1.5379036156030132e-13,-8.690098805385854e-14,-6.490316178113912e-15,-6.711299579363102e-13
HB0.75,T1-P011,N342,interior_applied_load,,-31.0,69.75,191.643,-1.1920928955078125e-07,-2.7259375154972076,-4.76837158203125e-07,4.76837158203125e-07,0.0,-1.1920928955078125e-07
HB0.75,T1-P012,N566,interior_applied_load,,-31.0,69.75,193.643,-1.1920928955078125e-07,-8.965190947055817,0.0,0.0,3.6088749766349792e-09,0.0
HB0.75,T1-P013,N355,interior_applied_load,,-9.979,69.75,164.643,-2.1827872842550278e-11,-7.13964878830302,0.0,-9.094947017729282e-13,0.0,1.8189894035458565e-12
HB0.75,T1-P014,N247,interior_applied_load,,-3.528,69.75,116.0,3.025079977389538e-11,-28.423828052022923,-9.646023103096337e-14,-2.3651492354499047e-14,4.319950282551459e-12,3.7854959275814585e-10
HB0.75,T1-P015,N233,interior_applied_load,,-3.528,69.75,150.143,6.068056974961318e-13,-17.615506946413554,3.047288390449677e-13,-2.469933657903012e-13,1.8050912842228056e-12,1.3185360553276684e-11
HB0.75,T1-P016,N567,interior_applied_load,,-3.528,69.75,193.643,2.2102802898839995e-14,-17.615506946413475,2.0093490818545116e-13,-4.2912753858445045e-13,-5.377647132515382e-12,-8.873879027004423e-12
HB0.75,T1-P017,N248,interior_applied_load,,9.344,69.75,116.0,-3.30799701915977e-11,-393.24284007163465,-3.638703698520462e-12,2.5124467705827446e-14,-2.174020815358045e-11,1.0455042581520128e-10
HB0.75,T1-P018,N356,interior_applied_load,,11.042,69.75,179.143,-5.489793130680115e-12,-7.1396487882908755,1.2632264992975945e-13,6.017574030612352e-13,6.117348323452424e-13,-1.3006784091062283e-11
HB0.75,T1-P019,N249,interior_applied_load,,24.944,69.75,116.0,-1.0035588261189992e-11,-12.847656373115592,-9.801164135683565e-11,-5.844931541640461e-16,-3.4191475191611863e-10,-4.3363220291656704e-10
HB0.75,T1-P020,N234,interior_applied_load,,24.944,69.75,150.143,1.2512854189486086e-11,-11.20648871529404,3.900858799698501e-11,4.905516992722571e-13,-7.360784902049077e-11,-1.4365441170750237e-11
HB0.75,T1-P021,N568,interior_applied_load,,24.944,69.75,193.643,-2.6916884275317412e-11,-11.206488715319786,2.298985482602433e-11,-4.555679022149431e-13,-7.063445079610697e-11,2.5552779541965964e-10
HB0.75,T1-P022,N250,interior_applied_load,,28.031,69.75,116.0,-2.462353600279662e-11,-378.5618504703609,-3.63435830234341e-10,2.3384180044428623e-14,1.8915389465126882e-10,6.048052626500996e-09
HB0.75,T1-P023,N251,interior_applied_load,,32.062,69.75,116.0,-2.9802322387695312e-08,-12.847656190395355,7.450580596923828e-09,0.0,-4.0745362639427185e-10,5.960464477539063e-08
HB0.75,T1-P024,N549,interior_applied_load,,32.062,69.75,120.0,0.0,-3.7943998873233795,-7.450580596923828e-09,0.0,0.0,1.1920928955078125e-07
HB0.75,T1-P025,N550,interior_applied_load,,32.062,69.75,147.143,8.940696716308594e-08,-3.7943998724222183,5.960464477539063e-08,5.960464477539063e-08,-1.8189894035458565e-12,5.960464477539063e-08
HB0.75,T1-P026,N235,interior_applied_load,,32.062,69.75,150.143,-1.7881393432617188e-07,-8.965190976858139,5.960464477539063e-08,5.960464477539063e-08,-1.3460521586239338e-10,-4.470348358154297e-07
HB0.75,T1-P027,N343,interior_applied_load,,32.062,69.75,152.643,-3.514647062274889e-08,-2.725937523386385,3.7091439253345015e-08,5.049878382124007e-08,5.986322548778844e-13,2.1386304638326692e-07
HB0.75,T1-P028,N344,interior_applied_load,,32.062,69.75,172.143,0.0,-5.451875032886164,0.0,9.094947017729282e-13,-4.440892098500626e-16,-4.547473508864641e-13
HB0.75,T1-P029,N345,interior_applied_load,,32.062,69.75,191.643,1.9729100131371524e-08,-2.7259375249559525,9.222458174917847e-08,1.4058605302125216e-07,-4.271868384822458e-12,-8.200868251151405e-08
HB0.75,T1-P030,N357,interior_applied_load,,32.062,69.75,193.643,1.4498925082194974e-08,-16.143293741459445,7.377464198483575e-08,9.171612955733971e-07,-1.135100514007097e-10,-5.744897633352371e-08
HB0.75,T1-P031,N252,interior_applied_load,,46.719,69.75,116.0,7.395510892086962e-11,-388.3491768771443,-3.2209262783459225e-13,7.73491665156838e-15,-1.633377103444085e-10,9.199064351135891e-09
HB0.75,T1-P032,N253,interior_applied_load,,53.417,69.75,116.0,-1.0802616056957891e-10,-12.847656203562627,-2.6662222738774768e-11,-1.6020705334764709e-15,-1.3662647989175445e-11,-8.109124244713264e-09
HB0.75,T1-P033,N236,interior_applied_load,,53.417,69.75,150.143,-3.79513009527778e-12,-15.689084201377439,-4.771570863512316e-13,-3.7001349797530143e-13,9.882190412656163e-11,1.1565019565221855e-10
HB0.75,T1-P034,N358,interior_applied_load,,53.417,69.75,179.143,2.6105002525469998e-12,-7.21655675784531,5.98865716444413e-13,-1.2216009119427258e-11,2.151755802371329e-11,-6.078449176411064e-12
HB0.75,T1-P035,N569,interior_applied_load,,53.417,69.75,193.643,3.4244565197453313e-12,-15.689084201386374,-6.055588707527964e-13,-1.307017647643452e-12,-1.0750423431737672e-11,-5.51702671047464e-12
HB0.75,T1-P036,N254,interior_applied_load,,65.406,69.75,116.0,-3.6275877474962404e-11,-393.24284007187543,2.70578439751573e-12,-1.4261268571794675e-14,3.391713768937618e-11,-2.4550502068475258e-09
HB0.75,T1-P037,N359,interior_applied_load,,74.771,69.75,164.643,-2.9103830456733704e-11,-7.21655675781949,-4.547473508864641e-13,-1.5916157281026244e-12,1.8189894035458565e-12,7.275957614183426e-12
HB0.75,T1-P038,N255,interior_applied_load,,81.889,69.75,116.0,1.4685732937401002e-10,-12.847656172918766,-5.137680186017699e-11,6.822111693091258e-14,4.519758560715038e-11,2.289405662019343e-08
HB0.75,T1-P039,N237,interior_applied_load,,81.889,69.75,150.143,-9.819617383765188e-13,-13.447786458335116,-1.4926421128951515e-13,1.3432317218136024e-13,1.1179786441269099e-11,-1.2002347863684965e-12
HB0.75,T1-P040,N570,interior_applied_load,,81.889,69.75,193.643,-2.6907423095648554e-12,-13.447786458325599,-1.3855063043658642e-12,1.1642485298608121e-13,1.1838046239680503e-10,2.1724444944356808e-10
HB0.75,T1-P041,N256,interior_applied_load,,84.094,69.75,116.0,-8.038181478014266e-11,-383.45551370580665,1.5654605847251366e-11,-3.919670393136337e-14,4.6059437630745675e-11,6.272153748867381e-09
HB0.75,T1-P042,N257,interior_applied_load,,96.125,69.75,116.0,-8.940696716308594e-08,-12.84765636920929,-7.450580596923828e-09,-1.4901161193847656e-08,-1.1641532182693481e-10,-6.556510925292969e-07
HB0.75,T1-P043,N551,interior_applied_load,,96.125,69.75,120.0,5.960464477539063e-08,-3.7943998873233795,0.0,-1.4901161193847656e-08,-1.1641532182693481e-10,-5.960464477539063e-08
HB0.75,T1-P044,N552,interior_applied_load,,96.125,69.75,147.143,-2.384185791015625e-07,-3.794399857521057,1.1920928955078125e-07,3.5762786865234375e-07,0.0,1.7881393432617188e-07
HB0.75,T1-P045,N238,interior_applied_load,,96.125,69.75,150.143,-2.384185791015625e-07,-16.181747764348984,2.384185791015625e-07,0.0,0.0,-1.7881393432617188e-07
HB0.75,T1-P046,N346,interior_applied_load,,96.125,69.75,152.643,1.7881393432617188e-07,-2.72593754529953,-2.384185791015625e-07,1.1920928955078125e-07,5.820766091346741e-11,0.0
HB0.75,T1-P047,N347,interior_applied_load,,96.125,69.75,172.143,-1.3055491828902916e-13,-5.451875032846851,6.256941453303288e-13,2.2781063148878016e-12,-7.905158009337376e-16,3.377166400128735e-13
HB0.75,T1-P048,N348,interior_applied_load,,96.125,69.75,191.643,-2.996668596599861e-08,-2.725937529286238,-4.502220427582415e-07,-4.4791787701115027e-07,-4.751720309356263e-12,2.3237419655153246e-08
HB0.75,T1-P049,N571,interior_applied_load,,96.125,69.75,193.643,1.1206867445776287e-07,-8.965190958414459,-1.1717208697648145e-07,-1.03194311542669e-07,-2.8109729179186422e-11,6.52152445636925e-09
HB0.75,T1-P050,N258,interior_applied_load,,102.781,69.75,116.0,-5.073478639553476e-12,-383.45551368399265,1.6687541545941704e-11,2.5282137486317647e-14,3.497262026838761e-11,-1.069366803601235e-09
HB0.75,T1-P051,N259,interior_applied_load,,110.361,69.75,116.0,1.4545248091575577e-11,-6.423828016756406,-1.7503198846577158e-09,-3.905828994396185e-14,-3.893584289857091e-10,-2.5149718917756797e-08
HB0.75,T1-P052,N239,interior_applied_load,,110.361,69.75,150.143,1.1050932825909614e-10,-13.447786458335367,-8.180798323209576e-13,-2.1597771086117044e-11,3.083042544501253e-13,1.871279937969194e-12
HB0.75,T1-P053,N572,interior_applied_load,,110.361,69.75,193.643,4.572777355969807e-12,-13.447786458357063,-2.8661336416099855e-12,-7.173064765780601e-13,-3.451314353018985e-11,6.179319131747589e-10
HB0.75,T1-P054,N260,interior_applied_load,,112.125,69.75,116.0,-1.2530870518920162e-10,-7.636501738650273,-1.2068888192300365e-11,-9.647558233234729e-17,1.4175704156766362e-09,-6.642820870309196e-09
HB0.75,T1-P055,N360,interior_applied_load,,117.479,69.75,164.643,1.4551915228366852e-11,-7.2165567578267655,-1.7053025658242404e-12,-1.1823431123048067e-11,7.275957614183426e-12,-3.8198777474462986e-11
HB0.75,T1-P056,N261,interior_applied_load,,121.469,69.75,116.0,4.58204941303578e-11,-392.0301665294303,3.510247769771612e-12,6.778580809937243e-15,-4.3390685011653145e-11,3.3315811476359903e-09
HB0.75,T1-P057,N262,interior_applied_load,,138.833,69.75,116.0,1.9304616526073534e-11,-12.847656260547748,-7.535920505350923e-12,8.292374803909365e-15,-1.8122705112044262e-09,-1.7509049316489507e-08
HB0.75,T1-P058,N240,interior_applied_load,,138.833,69.75,150.143,-2.7409535467200717e-12,-15.689084201396808,2.6908573044672105e-12,1.1140348091960587e-13,2.627210928895635e-11,-7.287772328695223e-11
HB0.75,T1-P059,N361,interior_applied_load,,138.833,69.75,179.143,-1.5396135093317035e-11,-7.216556757849678,1.2024191774183248e-13,-3.3440154279599676e-11,7.501930579970807e-11,7.657188682348581e-12
HB0.75,T1-P060,N573,interior_applied_load,,138.833,69.75,193.643,-8.775639648513158e-13,-15.689084201380268,-4.262729300106376e-12,-2.2830323205736736e-11,-1.3704153276980304e-11,-2.0005856494631484e-11
HB0.75,T1-P061,N263,interior_applied_load,,140.156,69.75,116.0,2.7806107332947753e-10,-387.4253489361599,1.8957395098267962e-09,-5.8914135712774105e-15,-1.5505512625291554e-09,-4.4550041166412376e-08
HB0.75,T1-P062,N264,interior_applied_load,,158.844,69.75,116.0,7.872093372945269e-11,-387.43967183112903,7.049676178785402e-09,-5.039126782976346e-15,-3.4937515097846627e-09,-6.433058430277354e-10
HB0.75,T1-P063,N265,interior_applied_load,,160.188,69.75,116.0,2.9802322387695312e-08,-5.817491412162781,1.7881393432617188e-07,2.384185791015625e-07,-1.3096723705530167e-09,-1.1920928955078125e-07
HB0.75,T1-P064,N553,interior_applied_load,,160.188,69.75,120.0,-2.384185791015625e-07,-3.7943998873233795,4.470348358154297e-08,-1.4901161193847656e-07,-2.9103830456733704e-11,-1.0728836059570312e-06
HB0.75,T1-P065,N554,interior_applied_load,,160.188,69.75,147.143,-2.9802322387695312e-08,-3.7943998724222183,0.0,-1.1920928955078125e-07,-7.275957614183426e-12,5.960464477539063e-08
HB0.75,T1-P066,N241,interior_applied_load,,160.188,69.75,150.143,2.384185791015625e-07,-8.965190976858139,2.384185791015625e-07,-1.1920928955078125e-07,-8.731149137020111e-11,1.341104507446289e-07
HB0.75,T1-P067,N349,interior_applied_load,,160.188,69.75,152.643,0.0,-2.72593754529953,-1.1920928955078125e-07,1.1920928955078125e-07,0.0,0.0
HB0.75,T1-P068,N350,interior_applied_load,,160.188,69.75,172.143,4.069545590321865e-13,-5.451875032872115,1.4822133894008675e-13,8.47447178909408e-12,-3.900004846084484e-18,5.423877678645027e-12
HB0.75,T1-P069,N351,interior_applied_load,,160.188,69.75,191.643,-6.517681897799665e-07,-2.7259375190148987,1.4618260377186054e-07,-4.371240886480443e-07,-4.007178850660167e-12,4.1091862129638557e-07
HB0.75,T1-P070,N362,interior_applied_load,,160.188,69.75,193.643,6.597004269049242e-07,-16.143293696920217,9.067584084794992e-07,-1.7158498124285583e-07,5.879616829059158e-12,4.582189134752213e-07
HB0.75,T1-P071,N266,interior_applied_load,,167.306,69.75,116.0,-5.23652614552926e-11,-11.923828155417036,7.680797613054951e-11,-2.193062884824539e-15,-3.491014777353355e-10,1.670160506215305e-09
HB0.75,T1-P072,N242,interior_applied_load,,167.306,69.75,150.143,1.067669984761452e-11,-11.206488715237754,-1.241911709106939e-11,-3.0056025614504634e-13,1.3769311466817756e-11,1.2266303100139819e-10
HB0.75,T1-P073,N574,interior_applied_load,,167.306,69.75,193.643,-5.76560943405098e-12,-11.20648871530461,-1.276360670663473e-12,-7.685157898698175e-14,5.294463731911287e-12,-4.1163093747587574e-11
HB0.75,T1-P074,N267,interior_applied_load,,177.531,69.75,116.0,7.698059482767066e-12,-393.2428400714942,8.294845326790732e-14,2.0103733892479045e-15,4.6831511012187344e-12,-4.1239160780150727e-11
HB0.75,T1-P075,N363,interior_applied_load,,181.208,69.75,179.143,-7.410914388618497e-12,-7.139648788296588,-3.436548413373421e-13,1.2436189453390866e-12,-1.2043307880656534e-11,2.7601404805812165e-11
HB0.75,T1-P076,N268,interior_applied_load,,195.778,69.75,116.0,1.675441564223701e-09,-12.847657475412518,3.805079966408509e-08,-4.7688409436359255e-14,-2.431901622026928e-09,-5.5658450010100304e-08
HB0.75,T1-P077,N243,interior_applied_load,,195.778,69.75,150.143,-5.6865570635183444e-12,-17.615506946412985,1.4387315144833814e-13,-4.622124065877288e-15,4.675164798322821e-12,7.511302599459555e-12
HB0.75,T1-P078,N575,interior_applied_load,,195.778,69.75,193.643,1.7124223927903924e-12,-17.615506946412015,-3.880307859757565e-12,1.9025490613456042e-13,-3.809683027376603e-10,7.232775860317469e-10
HB0.75,T1-P079,N269,interior_applied_load,,196.219,69.75,116.0,-4.061852002025866e-10,-386.81901183626843,-1.3299831376565284e-07,-9.961415085207321e-16,6.759261248820501e-09,-3.196380629647999e-07
HB0.75,T1-P080,N364,interior_applied_load,,202.229,69.75,164.643,-7.275957614183426e-12,-7.1396487882921065,5.684341886080802e-14,1.3642420526593924e-12,3.637978807091713e-12,1.8189894035458565e-12
HB0.75,T1-P081,N270,interior_applied_load,,214.906,69.75,116.0,7.264822130099757e-11,-392.9396716861634,2.08951893411703e-11,-2.8052053252713056e-15,-5.360757560040521e-11,-1.6827751365812497e-10
HB0.75,T1-P082,N244,interior_applied_load,,223.25,69.75,150.143,1.7881393432617188e-07,-12.535015404224396,-1.1920928955078125e-07,2.384185791015625e-07,-1.1641532182693481e-09,-1.1920928955078125e-07
HB0.75,T1-P083,N352,interior_applied_load,,223.25,69.75,152.643,-1.7881393432617188e-07,-2.725937530398369,-2.384185791015625e-07,1.1920928955078125e-07,-1.1641532182693481e-10,0.0
HB0.75,T1-P084,N353,interior_applied_load,,223.25,69.75,172.143,-4.555263392816477e-15,-5.451875032847854,-1.4035678729583839e-14,2.7483519732509723e-12,-9.795682593682052e-15,7.976585344158121e-13
HB0.75,T1-P085,N354,interior_applied_load,,223.25,69.75,191.643,2.1759360008255513e-09,-2.7259375147707203,-9.562118256922769e-08,-1.3390708900051784e-07,-1.8820316486836885e-11,-3.559911840311791e-08
HB0.75,T1-P086,N576,interior_applied_load,,223.25,69.75,193.643,3.8802257282255503e-08,-8.965190975057718,-2.0990770658001854e-08,-2.6446357091063205e-07,-5.640775722563648e-10,-4.128773122716351e-08
HB0.75,T1-P087,N271,interior_applied_load,,224.25,69.75,116.0,-9.904455366971376e-09,-6.423828185779189,-3.1868462462127334e-09,1.8331013334039038e-08,-1.2593463196445964e-09,2.2741211099648045e-07
HB0.75,T1-P088,N161,interface_action,T-E; T-E vertical 3,224.25,69.75,120.0,653.6032593196724,828.6513224377995,22.020584959653206,-83.43246804422233,2727.9279145225787,-7388.762129301205
HB0.75,T1-P089,N426,interface_action,T-E; T-E vertical 3,224.25,69.75,121.5,-71.61990422243252,-182.86833105050027,3.1592291792621836,146.97529768233653,72.57797779546354,1196.0347653739154
HB0.75,T1-P090,N427,interface_action,T-E vertical 3,224.25,69.75,144.689,2.5160660757117936e-11,-3.1920965087676416,-3.894670374373036e-11,3.513507848318862e-12,7.437091913393912e-14,-5.947633768900116e-12
HB0.75,T1-P091,N555,interface_action,T-E vertical 3,224.25,69.75,147.143,-445.0494492650032,-543.9206287488341,19.599095225334167,409.21967113018036,463.1977494327584,-3980.186810553074
HB0.75,T1-P092,N245,interface_action,T-E vertical 3,224.25,69.75,150.143,-79.36320632696152,2082.935383670032,-16.13314962387085,-345.5596789717674,-147.37495992449112,1844.2429525256157
HB0.75,T1-P093,N466,interface_action,T-E diagonal 11; T-E diagonal 12; T-E top / segment 1; T-E vertical 3,224.25,69.75,193.643,40.66590710219078,752.4805160944261,-6.977854926596269,7.753539326508482,-173.87137112549095,-2792.548457160639
HT0.25,T1-P001,N246,interface_action,T-W / B-WO; T-W vertical 3,-32.0,69.75,116.0,-347.11075496673584,-19.84568539261818,-0.008829295635223389,1082.6156829595566,2735.1603539837524,2880.075429916382
HT0.25,T1-P002,N370,interface_action,T-W / B-WO; T-W vertical 3,-32.0,69.75,117.5,231.3341007232666,-443.8556516468525,26.64294809103012,1030.1646668314934,55.38437532680109,-4179.918871879578
HT0.25,T1-P003,N547,interface_action,T-W vertical 3,-32.0,69.75,120.0,-231.33410140903692,440.24446844218414,-26.64294778145533,-963.557297443283,-55.38437532597272,3601.5836168651867
HT0.25,T1-P004,N371,interface_action,T-W vertical 3,-32.0,69.75,142.022,1.710485600647523e-12,-2.281627019018703,-3.5530542685530025e-12,1.601788646998847e-11,6.72568333485967e-15,1.3880960403026118e-12
HT0.25,T1-P005,N548,interface_action,T-W vertical 3,-32.0,69.75,147.143,231.33410155773163,-450.01366828382015,26.64294785261154,240.38776564598083,55.38437532586977,2677.5179014205933
HT0.25,T1-P006,N231,interface_action,T-W vertical 3,-32.0,69.75,150.143,6.232520788908005,1989.253404185176,-25.91067326068878,-283.49326491355896,-48.44702183245681,-315.57704174518585
HT0.25,T1-P007,N401,interface_action,T-W diagonal 10; T-W diagonal 9; T-W top / segment 1; T-W vertical 3,-32.0,69.75,193.643,-14.85531429682961,1833.2302720953753,-21.21768777675471,1040.8796146117625,-326.18085806985664,3311.8415578615172
HT0.25,T1-P008,N232,interior_applied_load,,-31.0,69.75,150.143,-1.0921212378889322e-08,-12.535015354565985,1.5796558727743104e-08,-3.7294739740900695e-08,-1.2453710951376706e-08,-1.4159377315081656e-07
HT0.25,T1-P009,N340,interior_applied_load,,-31.0,69.75,152.643,-2.6544475871611622e-08,-2.7259375208758994,5.4859195441662296e-08,6.614824189721236e-08,-3.3434087150101255e-11,4.068427863294296e-08
HT0.25,T1-P010,N341,interior_applied_load,,-31.0,69.75,172.143,1.2521866560280019e-15,-5.451875032826498,1.9361452295344834e-13,-2.1475648895116214e-12,-4.652817958729645e-16,1.433081978482639e-14
HT0.25,T1-P011,N342,interior_applied_load,,-31.0,69.75,191.643,-4.172325134277344e-07,-2.72593754529953,0.0,4.76837158203125e-07,0.0,4.76837158203125e-07
HT0.25,T1-P012,N566,interior_applied_load,,-31.0,69.75,193.643,3.5762786865234375e-07,-8.965190947055817,0.0,0.0,7.450580596923828e-09,4.76837158203125e-07
HT0.25,T1-P013,N355,interior_applied_load,,-9.979,69.75,164.643,-2.1827872842550278e-11,-7.139648788299382,5.684341886080802e-14,-9.094947017729282e-13,0.0,3.637978807091713e-12
HT0.25,T1-P014,N247,interior_applied_load,,-3.528,69.75,116.0,5.6572573986193016e-11,-28.423828051933093,-7.59799570964146e-14,-2.9063686339718124e-14,6.673578728513645e-13,3.7394812229426736e-10
HT0.25,T1-P015,N233,interior_applied_load,,-3.528,69.75,150.143,1.9752367221692107e-12,-17.615506946412612,4.408665547812882e-13,-1.2034145492153027e-13,1.8583487619959463e-12,2.308089099347611e-12
HT0.25,T1-P016,N567,interior_applied_load,,-3.528,69.75,193.643,-1.9787364114526662e-12,-17.615506946412115,9.103994657114e-13,1.2219796829942634e-13,1.012648921272975e-12,1.0690386934944726e-11
HT0.25,T1-P017,N248,interior_applied_load,,9.344,69.75,116.0,-4.311383157640514e-11,-393.2428400715502,-2.9608331339010913e-12,7.73428141743472e-15,2.888471437037856e-11,-3.8950033274248105e-11
HT0.25,T1-P018,N356,interior_applied_load,,11.042,69.75,179.143,-6.155710332541526e-12,-7.139648788291735,-1.3569962330528732e-14,-6.641922273327405e-13,3.0106521503913715e-12,-2.8905219444678077e-11
HT0.25,T1-P019,N249,interior_applied_load,,24.944,69.75,116.0,-1.2557555757393868e-10,-12.847656375219927,-1.2735741601380137e-10,4.1426206943976046e-14,-2.4523894832227134e-10,-1.5524184757463067e-08
HT0.25,T1-P020,N234,interior_applied_load,,24.944,69.75,150.143,4.5241021524797894e-12,-11.206488715222717,2.1360453946432018e-11,4.84123205781133e-13,-1.3640602597219106e-12,2.378668057205896e-10
HT0.25,T1-P021,N568,interior_applied_load,,24.944,69.75,193.643,-4.824787969668399e-12,-11.20648871537849,5.796512534957156e-11,-5.02116095476823e-15,-3.558359758355562e-11,1.299169640169079e-10
HT0.25,T1-P022,N250,interior_applied_load,,28.031,69.75,116.0,-2.5428184532519435e-11,-378.56185046136994,-1.7006483895797159e-10,-3.2226986910616176e-14,-1.0777719953299712e-11,1.2222428260160261e-08
HT0.25,T1-P023,N251,interior_applied_load,,32.062,69.75,116.0,-2.9802322387695312e-08,-1362.8476562052965,-3.725290298461914e-09,-1.4901161193847656e-08,-4.656612873077393e-10,0.0
HT0.25,T1-P024,N549,interior_applied_load,,32.062,69.75,120.0,0.0,-3.7943999022245407,7.450580596923828e-09,-7.450580596923828e-09,-5.820766091346741e-11,-5.960464477539063e-08
HT0.25,T1-P025,N550,interior_applied_load,,32.062,69.75,147.143,5.960464477539063e-08,-3.794399857521057,1.1920928955078125e-07,1.1920928955078125e-07,0.0,-2.9802322387695312e-08
HT0.25,T1-P026,N235,interior_applied_load,,32.062,69.75,150.143,-5.960464477539063e-08,-8.965190976858139,-5.960464477539063e-08,3.5762786865234375e-07,8.731149137020111e-11,-6.854534149169922e-07
HT0.25,T1-P027,N343,interior_applied_load,,32.062,69.75,152.643,-1.8495992293310337e-07,-2.7259375100820025,-1.209646995903313e-07,9.760083230503369e-08,-2.8634872251132037e-12,8.111666716104082e-08
HT0.25,T1-P028,N344,interior_applied_load,,32.062,69.75,172.143,5.684341886080802e-14,-5.451875032886164,-2.2737367544323206e-13,0.0,3.552713678800501e-15,4.547473508864641e-13
HT0.25,T1-P029,N345,interior_applied_load,,32.062,69.75,191.643,-9.234076969732996e-08,-2.7259375244320836,2.743606728472514e-07,2.947817847598344e-07,-1.475594413209288e-11,6.240361472009681e-08
HT0.25,T1-P030,N357,interior_applied_load,,32.062,69.75,193.643,1.8500721944097783e-07,-16.143293776041485,7.41549868448822e-08,1.685900648070968e-07,-8.172903808502242e-11,4.4183901177578034e-08
HT0.25,T1-P031,N252,interior_applied_load,,46.719,69.75,116.0,6.41043962105322e-11,-388.3491768771429,-1.707157559039729e-12,2.160220824005528e-15,-6.969477538989871e-11,1.4435354263629893e-08
HT0.25,T1-P032,N253,interior_applied_load,,53.417,69.75,116.0,-1.5550668871550266e-10,-12.847656203549109,-1.544227461193268e-11,-1.9204862592090544e-14,3.2178985815102804e-12,-9.103972878862979e-09
HT0.25,T1-P033,N236,interior_applied_load,,53.417,69.75,150.143,-6.23290705847748e-12,-15.68908420138982,5.6691118356960254e-12,-5.120977627827546e-13,2.2034392692389283e-10,4.044352360465548e-10
HT0.25,T1-P034,N358,interior_applied_load,,53.417,69.75,179.143,7.020390632283737e-12,-7.2165567578617935,-1.463983568405051e-15,-3.552664288822453e-11,-2.14787684180427e-11,-1.7137434249577814e-12
HT0.25,T1-P035,N569,interior_applied_load,,53.417,69.75,193.643,-2.7068369345651014e-12,-15.689084201387468,-6.622827588195866e-13,-1.0511437245396931e-11,-1.7124551288128826e-11,-2.5144564657993337e-11
HT0.25,T1-P036,N254,interior_applied_load,,65.406,69.75,116.0,-5.202401208920382e-12,-393.24284007158866,2.3874312759981384e-12,-1.2805377642052604e-14,5.3169869363927543e-11,-5.92561218176274e-09
HT0.25,T1-P037,N359,interior_applied_load,,74.771,69.75,164.643,-1.4551915228366852e-11,-7.2165567578267655,-2.2737367544323206e-12,-5.4569682106375694e-12,8.185452315956354e-12,7.275957614183426e-12
HT0.25,T1-P038,N255,interior_applied_load,,81.889,69.75,116.0,2.661525136671224e-10,-12.847656206752518,-8.667385041233874e-11,6.65843642065724e-14,2.828398959787139e-10,2.501286607515421e-08
HT0.25,T1-P039,N237,interior_applied_load,,81.889,69.75,150.143,-1.2580306940115884e-11,-13.447786458328034,-7.063728175993715e-13,4.648446214337805e-13,3.567911199827886e-11,1.8458019464079735e-10
HT0.25,T1-P040,N570,interior_applied_load,,81.889,69.75,193.643,-4.227986216666211e-12,-13.4477864582935,2.9235168618040683e-14,-2.558835135356858e-13,1.5360439388837684e-10,6.318839819271603e-10
HT0.25,T1-P041,N256,interior_applied_load,,84.094,69.75,116.0,-1.4524397171603572e-10,-383.4555136953211,1.1476584003672138e-10,2.186211239966749e-14,1.708992841438687e-10,-1.0407021832040588e-08
HT0.25,T1-P042,N257,interior_applied_load,,96.125,69.75,116.0,2.9802322387695312e-08,-12.84765638411045,0.0,1.4901161193847656e-08,0.0,-8.344650268554688e-07
HT0.25,T1-P043,N551,interior_applied_load,,96.125,69.75,120.0,-5.960464477539063e-08,-3.7943998873233795,0.0,0.0,-1.1641532182693481e-10,-2.980232238769531e-07
HT0.25,T1-P044,N552,interior_applied_load,,96.125,69.75,147.143,-2.682209014892578e-07,-3.7943998873233795,1.1920928955078125e-07,3.5762786865234375e-07,0.0,2.384185791015625e-07
HT0.25,T1-P045,N238,interior_applied_load,,96.125,69.75,150.143,-2.384185791015625e-07,-16.181747674942017,2.384185791015625e-07,2.384185791015625e-07,1.1641532182693481e-10,7.450580596923828e-08
HT0.25,T1-P046,N346,interior_applied_load,,96.125,69.75,152.643,4.172325134277344e-07,-2.72593754529953,-2.384185791015625e-07,0.0,0.0,1.7881393432617188e-07
HT0.25,T1-P047,N347,interior_applied_load,,96.125,69.75,172.143,-4.770308294600596e-14,-5.451875032836343,-1.6404558266501432e-12,-1.2205538301249533e-11,1.7612828028122004e-15,-6.055673721892407e-14
HT0.25,T1-P048,N348,interior_applied_load,,96.125,69.75,191.643,-5.535679470369814e-08,-2.7259375494691866,-5.7373199524590746e-08,-4.0705253923079e-07,9.949407481516286e-12,1.3931906295283625e-08
HT0.25,T1-P049,N571,interior_applied_load,,96.125,69.75,193.643,7.838650399787164e-08,-8.965190962626297,3.3835168415943646e-07,-1.903360948864137e-08,-1.6655106055070206e-10,1.78906788890744e-08
HT0.25,T1-P050,N258,interior_applied_load,,102.781,69.75,116.0,-3.733203316997796e-11,-383.4555136835387,1.428178389934424e-12,3.0624360197603545e-14,8.929798195036795e-12,-1.5042556686939948e-09
HT0.25,T1-P051,N259,interior_applied_load,,110.361,69.75,116.0,8.39736616962619e-12,-6.423828055375097,-5.421406513967961e-10,-1.1221162221333613e-13,-7.07550167497712e-10,-2.9815200739928215e-08
HT0.25,T1-P052,N239,interior_applied_load,,110.361,69.75,150.143,1.0659345415765213e-10,-13.447786458337458,9.039114811800198e-15,-3.80137929122729e-11,1.2753080966980029e-11,3.88098200018157e-11
HT0.25,T1-P053,N572,interior_applied_load,,110.361,69.75,193.643,-3.376846963838379e-14,-13.447786458335724,2.4020986792615207e-12,-3.995353273997147e-13,1.0897430610703834e-10,3.6050120919119666e-10
HT0.25,T1-P054,N260,interior_applied_load,,112.125,69.75,116.0,-2.1241951985594206e-10,-7.636501740644772,-1.8002703425970075e-09,7.550070639090176e-14,-2.583504411639413e-11,-2.1118683362172558e-08
HT0.25,T1-P055,N360,interior_applied_load,,117.479,69.75,164.643,-7.275957614183426e-12,-7.2165567578340415,-1.0231815394945443e-12,-8.185452315956354e-12,1.0913936421275139e-11,-2.1827872842550278e-11
HT0.25,T1-P056,N261,interior_applied_load,,121.469,69.75,116.0,1.0786006173982633e-10,-392.03016652998315,3.889216141926608e-12,1.4937237611198388e-15,1.6808175409695073e-10,3.590400754117775e-09
HT0.25,T1-P057,N262,interior_applied_load,,138.833,69.75,116.0,3.490267051296134e-10,-12.84765632284428,1.4084032692688066e-09,-3.567824239171385e-14,-1.8664912899119148e-09,-4.346762822295064e-08
HT0.25,T1-P058,N240,interior_applied_load,,138.833,69.75,150.143,2.8648915456017563e-12,-15.689084201405143,3.2281565067361492e-12,4.628294194157255e-13,3.571337796332247e-11,-2.935211234626583e-10
HT0.25,T1-P059,N361,interior_applied_load,,138.833,69.75,179.143,-1.594991972631487e-11,-7.216556757841689,5.850301779966183e-13,-2.741864901693659e-11,4.4976379099365795e-11,2.0946742914231614e-12
HT0.25,T1-P060,N573,interior_applied_load,,138.833,69.75,193.643,5.1150675706743375e-12,-15.689084201385727,-1.2885901359378548e-12,-2.761675830425383e-11,2.286816709483085e-11,-4.1385490271886764e-11
HT0.25,T1-P061,N263,interior_applied_load,,140.156,69.75,116.0,-7.864390551113373e-11,-387.42534896847354,-7.188715525427864e-11,8.963474004924351e-14,1.4916262146427967e-09,-9.524231056846575e-08
HT0.25,T1-P062,N264,interior_applied_load,,158.844,69.75,116.0,2.5813712002826465e-10,-387.43967179692953,5.32208397023966e-09,2.3159585900381974e-14,-3.5804336592296653e-09,-1.1832597254511424e-08
HT0.25,T1-P063,N265,interior_applied_load,,160.188,69.75,116.0,5.960464477539063e-08,-5.817491516470909,2.086162567138672e-07,2.384185791015625e-07,1.4551915228366852e-10,-5.960464477539063e-08
HT0.25,T1-P064,N553,interior_applied_load,,160.188,69.75,120.0,-2.980232238769531e-07,-3.7943998724222183,0.0,-2.9802322387695312e-08,-2.9103830456733704e-11,-1.1324882507324219e-06
HT0.25,T1-P065,N554,interior_applied_load,,160.188,69.75,147.143,0.0,-3.7943998724222183,1.1920928955078125e-07,2.384185791015625e-07,1.4551915228366852e-11,-5.960464477539063e-08
HT0.25,T1-P066,N241,interior_applied_load,,160.188,69.75,150.143,0.0,-8.965190976858139,0.0,-1.1920928955078125e-07,-1.7462298274040222e-10,1.4901161193847656e-08
HT0.25,T1-P067,N349,interior_applied_load,,160.188,69.75,152.643,0.0,-2.72593754529953,0.0,0.0,0.0,0.0
HT0.25,T1-P068,N350,interior_applied_load,,160.188,69.75,172.143,-2.3283930944004657e-13,-5.45187503287787,1.7739737752631436e-13,7.308899527922947e-12,4.799774201069757e-15,-1.806494642720086e-12
HT0.25,T1-P069,N351,interior_applied_load,,160.188,69.75,191.643,-9.156021943401704e-08,-2.7259375254274154,-1.593183128756337e-07,-2.3473472388069183e-07,8.178860430533628e-11,-1.1901555146964782e-07
HT0.25,T1-P070,N362,interior_applied_load,,160.188,69.75,193.643,1.7546084105626995e-07,-16.14329372231569,-3.9161085676400146e-07,1.8337233916069485e-07,3.863842502245494e-10,-2.8084075476513028e-08
HT0.25,T1-P071,N266,interior_applied_load,,167.306,69.75,116.0,-1.6013460263564826e-10,-11.923828156755642,3.1667733976518025e-11,1.1838060270428737e-14,-4.5870670197635714e-10,2.9061478052553945e-09
HT0.25,T1-P072,N242,interior_applied_load,,167.306,69.75,150.143,2.128427080791816e-11,-11.206488715302166,-1.850508129338256e-11,-1.9518231478807682e-13,-1.6671725283857005e-11,1.9477266507719027e-10
HT0.25,T1-P073,N574,interior_applied_load,,167.306,69.75,193.643,-1.0413096907851055e-12,-11.206488715289995,-3.217481663916638e-11,-5.0310591086441425e-15,-1.3032739874676202e-12,5.0367762371816177e-11
HT0.25,T1-P074,N267,interior_applied_load,,177.531,69.75,116.0,7.990037398828259e-11,-393.2428400716502,1.372607801940621e-12,5.334571972305014e-16,6.323768606006535e-13,-2.842381014312526e-10
HT0.25,T1-P075,N363,interior_applied_load,,181.208,69.75,179.143,-1.3427661483667283e-11,-7.1396487882957205,-7.428489742233294e-14,-4.0717671733628045e-12,-1.082531190904284e-11,1.2185194498278138e-11
HT0.25,T1-P076,N268,interior_applied_load,,195.778,69.75,116.0,-1.1959424885422774e-09,-12.847658768984733,1.0058642197190105e-07,-1.72765358539396e-13,-1.587928241367878e-08,-1.7155656998592057e-07
HT0.25,T1-P077,N243,interior_applied_load,,195.778,69.75,150.143,-8.571542972709329e-12,-17.615506946411756,3.485746123913315e-13,-4.3486148822631143e-14,1.3693154678267352e-13,-3.44212748114846e-12
HT0.25,T1-P078,N575,interior_applied_load,,195.778,69.75,193.643,3.6203420943444293e-13,-17.61550694641646,-1.370195803937702e-12,2.2275443387147472e-13,-1.4001885005460994e-12,3.3400413877391233e-10
HT0.25,T1-P079,N269,interior_applied_load,,196.219,69.75,116.0,8.292537991506219e-10,-386.81901182528054,-3.974231136278299e-08,1.5373718533026287e-13,-1.1173479264158958e-08,-2.361677830182e-07
HT0.25,T1-P080,N364,interior_applied_load,,202.229,69.75,164.643,-1.4551915228366852e-11,-7.1396487882921065,1.1368683772161603e-13,4.547473508864641e-13,-4.547473508864641e-13,8.185452315956354e-12
HT0.25,T1-P081,N270,interior_applied_load,,214.906,69.75,116.0,3.258141726693495e-11,-392.9396716856378,1.5676470267397386e-11,1.800745110821838e-14,-9.036244446533787e-12,1.1056373528881864e-09
HT0.25,T1-P082,N244,interior_applied_load,,223.25,69.75,150.143,-1.7881393432617188e-07,-12.535015374422073,-1.1920928955078125e-07,2.384185791015625e-07,-3.4924596548080444e-09,1.1920928955078125e-07
HT0.25,T1-P083,N352,interior_applied_load,,223.25,69.75,152.643,5.960464477539063e-08,-2.7259375154972076,-1.1920928955078125e-07,-1.1920928955078125e-07,-1.1641532182693481e-10,2.384185791015625e-07
HT0.25,T1-P084,N353,interior_applied_load,,223.25,69.75,172.143,-3.637751080930029e-15,-5.451875032833912,2.99312338357466e-13,1.7855239410094136e-12,1.855942426699554e-14,-3.5346856723948236e-13
HT0.25,T1-P085,N354,interior_applied_load,,223.25,69.75,191.643,5.597443841764971e-09,-2.7259375113263875,1.8443334465212402e-07,1.0575972431148273e-08,4.788809669516917e-11,9.306886816773385e-09
HT0.25,T1-P086,N576,interior_applied_load,,223.25,69.75,193.643,2.0479588247468428e-08,-8.965190963035448,-4.226839812175876e-07,-3.9962301786624666e-08,-3.751796187605179e-09,-1.8215130492413118e-08
HT0.25,T1-P087,N271,interior_applied_load,,224.25,69.75,116.0,1.617907197104529e-08,-6.4238281861084,-2.0399271726402264e-08,5.244435627517178e-09,1.1978993737917877e-09,2.4915068185351705e-07
HT0.25,T1-P088,N161,interface_action,T-E; T-E vertical 3,224.25,69.75,120.0,716.3447995199822,906.8697594335536,21.375939683173783,-82.30330789741129,2648.508481625123,-11034.204804265639
HT0.25,T1-P089,N426,interface_action,T-E; T-E vertical 3,224.25,69.75,121.5,-89.18341015512124,-202.8164776582271,3.0345252299448475,136.14890230842866,57.98253184205305,1441.2851776566822
HT0.25,T1-P090,N427,interface_action,T-E vertical 3,224.25,69.75,144.689,5.780806603493829e-12,-3.1920965087047426,-3.8141515149695896e-11,5.3961969762102455e-11,-6.713550680046273e-14,-1.3711225187022745e-11
HT0.25,T1-P091,N555,interface_action,T-E vertical 3,224.25,69.75,147.143,-554.1899001598358,-601.8956725373864,18.825461983680725,361.89360362291336,370.0485887238756,-5254.877810955048
HT0.25,T1-P092,N245,interface_action,T-E vertical 3,224.25,69.75,150.143,-111.17986798286438,2392.5853551849723,-15.569719970226288,-348.2858154773712,-74.25637576554436,2706.061499297619
HT0.25,T1-P093,N466,interface_action,T-E diagonal 11; T-E diagonal 12; T-E top / segment 1; T-E vertical 3,224.25,69.75,193.643,162.60782629512147,813.4147233056948,-7.171963382731014,-45.53665072749585,-166.55022293146627,-3084.7215857597453
HT0.5,T1-P001,N246,interface_action,T-W / B-WO; T-W vertical 3,-32.0,69.75,116.0,-334.2691044807434,-72.7264851629734,-1.2215184569358826,1015.4197884500027,2721.2057709055953,2334.1642656326294
HT0.5,T1-P002,N370,interface_action,T-W / B-WO; T-W vertical 3,-32.0,69.75,117.5,223.01411151885986,-378.47445702552795,25.110791563987732,966.5063712596893,59.471409536432475,-3987.9787788391113
HT0.5,T1-P003,N547,interface_action,T-W vertical 3,-32.0,69.75,120.0,-223.01411142014783,374.86327379665244,-25.110791559777734,-903.7293920947894,-59.47140953564746,3430.443499173959
HT0.5,T1-P004,N371,interface_action,T-W vertical 3,-32.0,69.75,142.022,2.106611192493588e-12,-2.2816270189955916,-4.107998885507803e-12,1.2633294806606299e-11,-4.44141169218548e-14,1.3877511181779938e-12
HT0.5,T1-P005,N548,interface_action,T-W vertical 3,-32.0,69.75,147.143,223.01411154866219,-384.6324736624956,25.110791742801666,222.14717650413513,59.47140953579219,2622.8285288512707
HT0.5,T1-P006,N231,interface_action,T-W vertical 3,-32.0,69.75,150.143,10.029489427804947,1817.810267135501,-24.406497180461884,-268.912650346756,-48.13260325154988,-387.4658430814743
HT0.5,T1-P007,N401,interface_action,T-W diagonal 10; T-W diagonal 9; T-W top / segment 1; T-W vertical 3,-32.0,69.75,193.643,-35.4959260740247,1654.1306586137098,-20.13119374779909,968.2377928508128,-302.45478675645893,3076.9524502101763
HT0.5,T1-P008,N232,interior_applied_load,,-31.0,69.75,150.143,-4.3568434193730354e-08,-12.535015363158891,-1.7094799886763212e-07,2.9162947612348944e-08,-1.4173565432429314e-08,-2.7172063710168004e-08
HT0.5,T1-P009,N340,interior_applied_load,,-31.0,69.75,152.643,1.3119227509662683e-08,-2.725937525563314,7.761809088538892e-08,1.2946713019787113e-07,-8.043793582599346e-12,2.560372913472486e-08
HT0.5,T1-P010,N341,interior_applied_load,,-31.0,69.75,172.143,1.3722141102040979e-14,-5.451875032851874,-3.2249034465095556e-13,1.6277732890287795e-12,2.317590877145751e-16,5.583997328778757e-13
HT0.5,T1-P011,N342,interior_applied_load,,-31.0,69.75,191.643,-2.384185791015625e-07,-2.7259375154972076,-4.76837158203125e-07,0.0,-1.1641532182693481e-10,2.384185791015625e-07
HT0.5,T1-P012,N566,interior_applied_load,,-31.0,69.75,193.643,2.384185791015625e-07,-8.965190947055817,9.5367431640625e-07,-4.76837158203125e-07,4.307366907596588e-09,2.384185791015625e-07
HT0.5,T1-P013,N355,interior_applied_load,,-9.979,69.75,164.643,-7.275957614183426e-12,-7.139648788306658,-1.1368683772161603e-13,-1.3642420526593924e-12,9.094947017729282e-13,1.8189894035458565e-12
HT0.5,T1-P014,N247,interior_applied_load,,-3.528,69.75,116.0,2.912311724960822e-11,-28.423828051913283,-3.879517880543071e-13,-2.467649581791155e-14,-1.3892286243214495e-11,6.271170250982992e-10
HT0.5,T1-P015,N233,interior_applied_load,,-3.528,69.75,150.143,5.7433695554624965e-12,-17.61550694641383,3.7782572207917873e-13,1.5966452333034652e-13,3.596466530842863e-12,7.929588388602986e-12
HT0.5,T1-P016,N567,interior_applied_load,,-3.528,69.75,193.643,3.1270787270512024e-12,-17.615506946413575,6.240359482387109e-13,-9.12027589490039e-13,1.082851768969688e-12,1.114758794662258e-11
HT0.5,T1-P017,N248,interior_applied_load,,9.344,69.75,116.0,-9.492501067587951e-11,-393.2428400716332,-2.77817308336749e-12,1.7308169936299222e-14,1.9201363806417536e-11,-3.006687714052105e-10
HT0.5,T1-P018,N356,interior_applied_load,,11.042,69.75,179.143,-1.8418521760269177e-11,-7.139648788288233,-1.705363777312344e-13,7.987457038300023e-13,1.6586356708212122e-12,-2.4007056894065028e-11
HT0.5,T1-P019,N249,interior_applied_load,,24.944,69.75,116.0,-9.113644596132919e-11,-12.84765638094782,-1.705761577521405e-10,1.96365482710263e-14,-1.5285147031768572e-10,-2.6502499893919945e-08
HT0.5,T1-P020,N234,interior_applied_load,,24.944,69.75,150.143,1.184746977068456e-11,-11.206488715330325,3.6275659130239256e-11,-4.866586486274892e-13,-1.0063823321028984e-10,-4.0357605541022815e-11
HT0.5,T1-P021,N568,interior_applied_load,,24.944,69.75,193.643,-2.880117268465629e-11,-11.206488715472064,2.8769150665355852e-11,5.408462957707535e-13,-1.747109604343906e-11,-3.405356451999391e-10
HT0.5,T1-P022,N250,interior_applied_load,,28.031,69.75,116.0,1.7573162238198163e-10,-378.5618504517763,-3.957077942279077e-11,5.818466193931551e-14,4.0870396186346603e-10,8.179233228512092e-09
HT0.5,T1-P023,N251,interior_applied_load,,32.062,69.75,116.0,-2.9802322387695312e-08,-12.847656175494194,0.0,7.450580596923828e-09,-5.820766091346741e-10,1.1920928955078125e-07
HT0.5,T1-P024,N549,interior_applied_load,,32.062,69.75,120.0,2.9802322387695312e-08,-3.7943998873233795,3.725290298461914e-09,0.0,-5.820766091346741e-11,-5.960464477539063e-08
HT0.5,T1-P025,N550,interior_applied_load,,32.062,69.75,147.143,1.4901161193847656e-07,-3.7943998873233795,2.384185791015625e-07,3.5762786865234375e-07,7.275957614183426e-12,1.1920928955078125e-07
HT0.5,T1-P026,N235,interior_applied_load,,32.062,69.75,150.143,-5.960464477539063e-08,-8.965191006660461,0.0,6.556510925292969e-07,2.1827872842550278e-11,-8.940696716308594e-07
HT0.5,T1-P027,N343,interior_applied_load,,32.062,69.75,152.643,-1.4385000568495343e-07,-2.725937525306265,-1.944860912317381e-07,-2.414117261650972e-08,-2.682298827494378e-13,-2.706690338527551e-08
HT0.5,T1-P028,N344,interior_applied_load,,32.062,69.75,172.143,2.842170943040401e-14,-5.451875032798853,0.0,-1.8189894035458565e-12,0.0,0.0
HT0.5,T1-P029,N345,interior_applied_load,,32.062,69.75,191.643,6.358465043376782e-08,-2.725937550305389,7.484354682674166e-07,6.56467818771489e-07,-2.496278698159484e-11,-6.303525879047811e-08
HT0.5,T1-P030,N357,interior_applied_load,,32.062,69.75,193.643,2.864489539750209e-08,-16.143293754318204,-1.609111239269994e-07,4.4346280137205565e-07,1.7854874785972017e-10,-8.545733243404177e-08
HT0.5,T1-P031,N252,interior_applied_load,,46.719,69.75,116.0,1.1592340134410069e-10,-388.34917687677853,-8.756379299355432e-12,2.5820551252731463e-15,-9.245684536831842e-11,2.1771098305060257e-09
HT0.5,T1-P032,N253,interior_applied_load,,53.417,69.75,116.0,-1.2735985548198526e-10,-12.847656203893601,-2.0145526278948924e-11,-1.184439973056232e-14,1.5976901250665298e-11,2.2790022939806318e-10
HT0.5,T1-P033,N236,interior_applied_load,,53.417,69.75,150.143,-5.953090531367348e-12,-15.689084201384418,5.969060158245217e-12,-2.2415685512490848e-13,2.8485963958083236e-10,3.292964263556263e-10
HT0.5,T1-P034,N358,interior_applied_load,,53.417,69.75,179.143,-4.448551248982123e-12,-7.216556757863998,7.947707739360142e-13,-2.7252268101895643e-11,-7.896959726747198e-12,-1.2936136603575707e-11
HT0.5,T1-P035,N569,interior_applied_load,,53.417,69.75,193.643,1.3013169671832012e-12,-15.689084201386965,-1.0813061207553125e-12,-7.60191798646344e-12,-5.254780330336901e-12,-2.4905147352594807e-11
HT0.5,T1-P036,N254,interior_applied_load,,65.406,69.75,116.0,-5.675840676166173e-11,-393.2428400720682,2.037440172859112e-12,-6.4676883316706144e-15,1.3411498826916308e-11,-3.16510459723529e-09
HT0.5,T1-P037,N359,interior_applied_load,,74.771,69.75,164.643,-2.9103830456733704e-11,-7.2165567578267655,-2.7284841053187847e-12,1.3642420526593924e-12,2.0463630789890885e-11,-2.9103830456733704e-11
HT0.5,T1-P038,N255,interior_applied_load,,81.889,69.75,116.0,6.785802339548902e-11,-12.847656207793117,-7.378824994327885e-12,1.2990301736236603e-13,1.8326957918771447e-10,-2.141452639287389e-08
HT0.5,T1-P039,N237,interior_applied_load,,81.889,69.75,150.143,-3.758539632692813e-12,-13.44778645833836,1.194544454538143e-13,1.658353744668936e-13,3.821679951564719e-12,-7.295282922103778e-11
HT0.5,T1-P040,N570,interior_applied_load,,81.889,69.75,193.643,-2.551727941049842e-12,-13.44778645831923,-1.8785294222446035e-11,-3.2252717242020565e-13,3.8068826257387294e-10,1.828324764512359e-10
HT0.5,T1-P041,N256,interior_applied_load,,84.094,69.75,116.0,6.861713076684149e-11,-383.45551368239995,-9.741463802493617e-12,-2.4020253500010757e-14,1.562921370532266e-10,-5.941965395509073e-08
HT0.5,T1-P042,N257,interior_applied_load,,96.125,69.75,116.0,-1.7881393432617188e-07,-1362.8476563841105,0.0,0.0,-1.1641532182693481e-10,-4.172325134277344e-07
HT0.5,T1-P043,N551,interior_applied_load,,96.125,69.75,120.0,1.4901161193847656e-07,-3.7943998724222183,7.450580596923828e-09,0.0,-1.1641532182693481e-10,0.0
HT0.5,T1-P044,N552,interior_applied_load,,96.125,69.75,147.143,-3.2782554626464844e-07,-3.7943998873233795,1.7881393432617188e-07,5.960464477539062e-07,-2.9103830456733704e-11,3.5762786865234375e-07
HT0.5,T1-P045,N238,interior_applied_load,,96.125,69.75,150.143,-3.5762786865234375e-07,-16.18174773454666,4.76837158203125e-07,3.5762786865234375e-07,1.7462298274040222e-10,2.5331974029541016e-07
HT0.5,T1-P046,N346,interior_applied_load,,96.125,69.75,152.643,3.5762786865234375e-07,-2.7259375154972076,-3.5762786865234375e-07,-1.1920928955078125e-07,2.9103830456733704e-11,5.960464477539063e-08
HT0.5,T1-P047,N347,interior_applied_load,,96.125,69.75,172.143,6.20640845764359e-15,-5.451875032851673,4.2920224245447775e-13,-1.2834470503264896e-12,-2.4988424015992504e-15,-3.408008466792505e-13
HT0.5,T1-P048,N348,interior_applied_load,,96.125,69.75,191.643,2.1723425946973407e-08,-2.7259375278164235,3.679252458255178e-08,9.282533852683628e-08,6.389087501858938e-11,2.8048113609457914e-08
HT0.5,T1-P049,N571,interior_applied_load,,96.125,69.75,193.643,1.7169072716137862e-08,-8.965190977623704,-2.6950396579603183e-07,2.8035361747611673e-07,-7.929904718914656e-12,-9.400784926673819e-09
HT0.5,T1-P050,N258,interior_applied_load,,102.781,69.75,116.0,4.852331157125358e-12,-383.45551368358707,7.109753075072762e-12,2.1274957718407414e-14,1.697209685585618e-11,-6.498689230662884e-09
HT0.5,T1-P051,N259,interior_applied_load,,110.361,69.75,116.0,-1.115261518096941e-13,-6.423828016073472,-1.577468159452709e-09,-6.499145404391664e-15,-2.847464179091654e-10,-2.1388500984059022e-08
HT0.5,T1-P052,N239,interior_applied_load,,110.361,69.75,150.143,-9.175396398932343e-11,-13.447786458333587,-6.612346008469855e-14,-2.7616644359164063e-11,4.589777488299506e-12,2.5859119163780334e-11
HT0.5,T1-P053,N572,interior_applied_load,,110.361,69.75,193.643,-4.829079702615868e-12,-13.447786458363671,1.8792891252951824e-12,-5.109537046592017e-13,2.0764285864406758e-11,8.462227079213067e-10
HT0.5,T1-P054,N260,interior_applied_load,,112.125,69.75,116.0,-2.1909116919668234e-10,-7.6365017351515805,-6.963290643109376e-10,3.309519266817843e-14,1.0741258595686862e-09,-2.4250021214581985e-08
HT0.5,T1-P055,N360,interior_applied_load,,117.479,69.75,164.643,2.1827872842550278e-11,-7.216556757812214,-2.2737367544323206e-13,-5.002220859751105e-12,-4.547473508864641e-12,-3.637978807091713e-11
HT0.5,T1-P056,N261,interior_applied_load,,121.469,69.75,116.0,1.05407237392001e-11,-392.0301665297375,-1.1392484525686348e-12,1.6322277739977385e-15,-5.484359442766401e-11,5.680820539124874e-09
HT0.5,T1-P057,N262,interior_applied_load,,138.833,69.75,116.0,7.130084830104848e-11,-12.84765637670531,3.0301330610121772e-09,3.342657563464965e-14,-9.913696746034707e-10,-1.955997635869308e-08
HT0.5,T1-P058,N240,interior_applied_load,,138.833,69.75,150.143,3.961167044886297e-12,-15.68908420140704,-4.54311685173377e-12,-2.344803621352883e-13,2.0554146615051697e-10,-1.274712934081472e-10
HT0.5,T1-P059,N361,interior_applied_load,,138.833,69.75,179.143,-5.096815891661538e-12,-7.216556757835969,3.886978838638626e-13,-1.1306452405608796e-12,2.7935648450997938e-11,1.2262623513468462e-11
HT0.5,T1-P060,N573,interior_applied_load,,138.833,69.75,193.643,1.1193844572420996e-11,-15.689084201388711,2.445646315155584e-13,-1.1423814406231577e-11,-6.262322687305704e-11,-4.458615828023622e-11
HT0.5,T1-P061,N263,interior_applied_load,,140.156,69.75,116.0,-3.1343931555502817e-10,-387.42534882278034,-6.331430296675619e-10,-3.0291257082535655e-14,-2.1822924637407284e-09,-1.4153321908597022e-07
HT0.5,T1-P062,N264,interior_applied_load,,158.844,69.75,116.0,3.9179772622127854e-10,-387.4396719393747,1.395632355806816e-09,2.4923559636382807e-14,-1.760456760460862e-10,-5.114907738414504e-08
HT0.5,T1-P063,N265,interior_applied_load,,160.188,69.75,116.0,-7.748603820800781e-07,-5.81749139726162,1.4901161193847656e-07,1.1920928955078125e-07,1.3096723705530167e-09,9.5367431640625e-07
HT0.5,T1-P064,N553,interior_applied_load,,160.188,69.75,120.0,5.066394805908203e-07,-3.7943998724222183,5.960464477539063e-08,-1.7881393432617188e-07,-2.9103830456733704e-11,1.0728836059570312e-06
HT0.5,T1-P065,N554,interior_applied_load,,160.188,69.75,147.143,0.0,-3.7943998873233795,0.0,-1.1920928955078125e-07,7.275957614183426e-12,0.0
HT0.5,T1-P066,N241,interior_applied_load,,160.188,69.75,150.143,1.1920928955078125e-07,-8.965190976858139,2.384185791015625e-07,-5.960464477539063e-08,1.6007106751203537e-10,5.960464477539063e-08
HT0.5,T1-P067,N349,interior_applied_load,,160.188,69.75,152.643,0.0,-2.72593754529953,1.1920928955078125e-07,0.0,0.0,1.1920928955078125e-07
HT0.5,T1-P068,N350,interior_applied_load,,160.188,69.75,172.143,8.860034075666467e-13,-5.451875032891807,4.0833547353861684e-14,4.708665944065804e-12,5.484389593634319e-17,7.237236052506315e-12
HT0.5,T1-P069,N351,interior_applied_load,,160.188,69.75,191.643,-1.9706156845211709e-07,-2.7259375399075108,3.838585493354252e-07,-1.3587066349796117e-07,1.2306956160541258e-10,-2.012075983603978e-08
HT0.5,T1-P070,N362,interior_applied_load,,160.188,69.75,193.643,2.960262563619265e-07,-16.143293706961423,3.9749048618846384e-07,4.878779381636553e-07,-2.592657636165407e-11,1.0945582352649203e-07
HT0.5,T1-P071,N266,interior_applied_load,,167.306,69.75,116.0,-4.729793902207564e-11,-11.923828155377954,4.377111830456845e-11,4.101288782284411e-15,-4.166915814737698e-10,-3.607633987335647e-10
HT0.5,T1-P072,N242,interior_applied_load,,167.306,69.75,150.143,-5.4663984596613356e-12,-11.206488715279997,8.850122454610065e-12,-1.0846204789182153e-13,9.476226484962962e-11,3.4449185697564914e-10
HT0.5,T1-P073,N574,interior_applied_load,,167.306,69.75,193.643,-1.3275319764244555e-12,-11.206488715287412,-1.6520671345820828e-11,-5.766187908587555e-13,-5.923874238320516e-11,-2.2878181046759162e-11
HT0.5,T1-P074,N267,interior_applied_load,,177.531,69.75,116.0,9.367664938154226e-11,-393.2428400716656,2.4910155896217283e-12,1.0446867948007107e-15,7.953387158223343e-12,3.5952747310883234e-10
HT0.5,T1-P075,N363,interior_applied_load,,181.208,69.75,179.143,-3.0960396547953684e-11,-7.139648788300343,-2.4422276806986925e-13,-2.375650631896664e-12,-3.919862227832189e-12,3.584187227676423e-11
HT0.5,T1-P076,N268,interior_applied_load,,195.778,69.75,116.0,2.2071593543518516e-09,-12.847656075395273,-8.012135392566457e-08,-2.0037301390035418e-13,2.6757999263224227e-08,2.7406743812526854e-07
HT0.5,T1-P077,N243,interior_applied_load,,195.778,69.75,150.143,-3.5644795953483235e-12,-17.615506946413426,4.2287281362195973e-14,-1.3085977174626369e-13,5.507536689508855e-13,1.2000785372186454e-11
HT0.5,T1-P078,N575,interior_applied_load,,195.778,69.75,193.643,4.0542414060025145e-13,-17.61550694640964,-3.1906452363516847e-12,1.9801650233373624e-13,-7.530745758085581e-11,9.81883730787791e-10
HT0.5,T1-P079,N269,interior_applied_load,,196.219,69.75,116.0,-1.7154510512325792e-09,-386.8190133848881,4.497931494799637e-08,1.2546218308180414e-13,1.5895360390039412e-08,3.5657235385365413e-07
HT0.5,T1-P080,N364,interior_applied_load,,202.229,69.75,164.643,-7.275957614183426e-12,-7.1396487882884685,1.7053025658242404e-13,0.0,-9.094947017729282e-13,4.547473508864641e-12
HT0.5,T1-P081,N270,interior_applied_load,,214.906,69.75,116.0,9.00678274374533e-11,-392.9396716859119,3.975632785677776e-12,5.740992980360355e-15,2.5200092545785092e-11,1.613345405237031e-10
HT0.5,T1-P082,N244,interior_applied_load,,223.25,69.75,150.143,-5.960464477539063e-08,-12.535015374422073,1.1920928955078125e-07,1.1920928955078125e-07,1.5133991837501526e-09,0.0
HT0.5,T1-P083,N352,interior_applied_load,,223.25,69.75,152.643,-1.1920928955078125e-07,-2.725937530398369,-2.384185791015625e-07,1.1920928955078125e-07,-1.1641532182693481e-10,0.0
HT0.5,T1-P084,N353,interior_applied_load,,223.25,69.75,172.143,-3.594410389419772e-14,-5.451875032828818,-1.547124776727614e-14,2.5607070757055574e-12,-1.1947058737370958e-14,2.4763636846606426e-13
HT0.5,T1-P085,N354,interior_applied_load,,223.25,69.75,191.643,2.0438349346285634e-09,-2.725937526880899,1.5623308405321445e-07,-1.1377409309121234e-07,6.758682591430299e-12,-1.362556623085709e-09
HT0.5,T1-P086,N576,interior_applied_load,,223.25,69.75,193.643,1.6814553638333507e-09,-8.96519096180883,2.7465437511761537e-07,-9.155045801648218e-08,-1.0608649336371246e-08,1.542782904061075e-08
HT0.5,T1-P087,N271,interior_applied_load,,224.25,69.75,116.0,1.433775327353004e-07,-6.423828196559044,4.6601261370164484e-08,9.886602164065928e-08,1.4745293206464352e-09,-5.7625229964992395e-08
HT0.5,T1-P088,N161,interface_action,T-E; T-E vertical 3,224.25,69.75,120.0,755.2748334323987,909.5298761579907,21.079179752035998,-80.9052221828606,2626.7585199507516,-11762.385869817343
HT0.5,T1-P089,N426,interface_action,T-E; T-E vertical 3,224.25,69.75,121.5,-93.93104556226172,-200.05062969226856,3.072241570916958,139.5404628207907,58.32887673812684,1513.7605784568004
HT0.5,T1-P090,N427,interface_action,T-E vertical 3,224.25,69.75,144.689,9.327100737714137e-11,-3.192096508649673,4.921849419941343e-11,1.2246352473157182e-10,3.9684897384215635e-14,-8.541334560090559e-11
HT0.5,T1-P091,N555,interface_action,T-E vertical 3,224.25,69.75,147.143,-583.6919296383858,-593.8573239073157,19.059445202350616,376.93399852514267,372.2589861648157,-5561.0328068733215
HT0.5,T1-P092,N245,interface_action,T-E vertical 3,224.25,69.75,150.143,-108.41743689775467,2632.088514484465,-15.881382882595062,-356.08257615566254,-69.94305831566453,2651.84476262331
HT0.5,T1-P093,N466,interface_action,T-E diagonal 11; T-E diagonal 12; T-E top / segment 1; T-E vertical 3,224.25,69.75,193.643,167.48700813026016,898.4896063539185,-6.68106481909545,-35.85311956338228,-126.33586177261914,-3347.659506667065
HT0.75,T1-P001,N246,interface_action,T-W / B-WO; T-W vertical 3,-32.0,69.75,116.0,-320.63290452957153,-63.03579738736153,-2.140508770942688,948.5923762023449,2673.8120191586204,2036.2994351387024
HT0.75,T1-P002,N370,interface_action,T-W / B-WO; T-W vertical 3,-32.0,69.75,117.5,214.42888402938843,-373.58252623677254,23.547470569610596,903.0741310715675,60.84919043304399,-3842.1985182762146
HT0.75,T1-P003,N547,interface_action,T-W vertical 3,-32.0,69.75,120.0,-214.42888548282266,369.97134306586963,-23.54747033506293,-844.2054551576998,-60.849190432541825,3306.1263029642537
HT0.75,T1-P004,N371,interface_action,T-W vertical 3,-32.0,69.75,142.022,-2.3657590356214184e-12,-2.281627019011643,-1.0790574486241884e-12,-4.560123130273972e-12,-8.032932754749809e-16,6.907349604086033e-13
HT0.75,T1-P005,N548,interface_action,T-W vertical 3,-32.0,69.75,147.143,214.42888547480106,-379.74054293334484,23.54747051000595,205.05646753311157,60.84919043275295,2514.116935133934
HT0.75,T1-P006,N231,interface_action,T-W vertical 3,-32.0,69.75,150.143,12.120013743638992,1649.359422340989,-22.835358142852783,-252.44325840473175,-45.470627802889794,-430.5628411471844
HT0.75,T1-P007,N401,interface_action,T-W diagonal 10; T-W diagonal 9; T-W top / segment 1; T-W vertical 3,-32.0,69.75,193.643,-29.926710990231896,1472.8980762402234,-19.146782282945658,899.1835208283455,-259.2783621723598,2790.4720120186644
HT0.75,T1-P008,N232,interior_applied_load,,-31.0,69.75,150.143,-1.100124791264534e-08,-12.535015357570956,6.53885194878967e-08,-4.1436123865423724e-08,-8.83665052242577e-09,-6.971640686970204e-08
HT0.75,T1-P009,N340,interior_applied_load,,-31.0,69.75,152.643,-4.127622394603272e-08,-2.7259375274168667,-1.3402174688387423e-07,1.9731289761204103e-07,-2.7163944731849047e-11,-3.771662735821262e-08
HT0.75,T1-P010,N341,interior_applied_load,,-31.0,69.75,172.143,3.565556729800726e-14,-5.451875032867309,-1.1090115758563418e-13,4.3453448378354974e-14,3.902756235534022e-15,4.168455655262399e-13
HT0.75,T1-P011,N342,interior_applied_load,,-31.0,69.75,191.643,-1.1920928955078125e-07,-2.7259375154972076,-4.76837158203125e-07,0.0,0.0,1.1920928955078125e-07
HT0.75,T1-P012,N566,interior_applied_load,,-31.0,69.75,193.643,1.1920928955078125e-07,-8.965190947055817,0.0,0.0,5.820766091346741e-10,2.384185791015625e-07
HT0.75,T1-P013,N355,interior_applied_load,,-9.979,69.75,164.643,-7.275957614183426e-12,-7.1396487882921065,2.2737367544323206e-13,4.547473508864641e-13,0.0,-7.275957614183426e-12
HT0.75,T1-P014,N247,interior_applied_load,,-3.528,69.75,116.0,-1.6994094125340645e-11,-28.423828051944646,-8.700992358567443e-13,4.224771977775383e-15,1.1327543558198547e-11,7.790006633644366e-12
HT0.75,T1-P015,N233,interior_applied_load,,-3.528,69.75,150.143,9.101123644315606e-12,-17.61550694641174,1.2912421773730045e-14,-1.8069035871806533e-15,4.3972708308263876e-12,-1.2306461128551518e-11
HT0.75,T1-P016,N567,interior_applied_load,,-3.528,69.75,193.643,-2.402511352390611e-12,-17.61550694641373,-2.2018707473246465e-13,-3.221380438621866e-13,2.788851573740696e-12,-1.331685587681986e-12
HT0.75,T1-P017,N248,interior_applied_load,,9.344,69.75,116.0,-6.317726838800285e-11,-393.242840071599,-1.945356634190342e-12,-1.6647586436709623e-14,2.010277848610658e-11,-1.3859819199648145e-09
HT0.75,T1-P018,N356,interior_applied_load,,11.042,69.75,179.143,-1.484213776723251e-11,-7.139648788293375,1.869835024542346e-15,3.690374575128187e-12,-5.073438562232838e-12,-3.2451481858764466e-11
HT0.75,T1-P019,N249,interior_applied_load,,24.944,69.75,116.0,-1.4506300841067012e-10,-12.84765637646279,-8.781217323253579e-11,1.5416202738232205e-14,8.832979172665587e-11,-1.1693697999875911e-08
HT0.75,T1-P020,N234,interior_applied_load,,24.944,69.75,150.143,1.2430737546855703e-12,-11.206488715353208,2.954666043132958e-11,-1.432697339979143e-13,-1.0434625261979138e-10,-2.9401371653172643e-11
HT0.75,T1-P021,N568,interior_applied_load,,24.944,69.75,193.643,-2.0491377900669915e-11,-11.20648871536208,6.592820244732114e-11,-2.1914783747452895e-13,-4.5647598563038974e-11,-1.0676881780848974e-10
HT0.75,T1-P022,N250,interior_applied_load,,28.031,69.75,116.0,-7.078257806379914e-12,-378.561850470286,-5.67192146817672e-11,3.585558616316444e-16,3.7439832961216156e-10,1.1549334934223596e-08
HT0.75,T1-P023,N251,interior_applied_load,,32.062,69.75,116.0,-2.9802322387695312e-08,-12.847656205296516,0.0,7.450580596923828e-09,-3.4924596548080444e-10,0.0
HT0.75,T1-P024,N549,interior_applied_load,,32.062,69.75,120.0,-2.9802322387695312e-08,-3.7943998873233795,0.0,0.0,0.0,0.0
HT0.75,T1-P025,N550,interior_applied_load,,32.062,69.75,147.143,1.1920928955078125e-07,-3.7943998873233795,1.1920928955078125e-07,2.384185791015625e-07,-9.094947017729282e-13,-8.940696716308594e-08
HT0.75,T1-P026,N235,interior_applied_load,,32.062,69.75,150.143,1.7881393432617188e-07,-8.965191021561623,2.384185791015625e-07,7.748603820800781e-07,2.7284841053187847e-12,-9.238719940185547e-07
HT0.75,T1-P027,N343,interior_applied_load,,32.062,69.75,152.643,-3.606787934984368e-07,-2.7259375190653845,-4.5377285573522386e-07,5.313111159921391e-07,3.0375701953744283e-13,-2.602063489121065e-07
HT0.75,T1-P028,N344,interior_applied_load,,32.062,69.75,172.143,5.684341886080802e-14,-5.451875032827957,-2.2737367544323206e-13,0.0,3.3306690738754696e-16,9.094947017729282e-13
HT0.75,T1-P029,N345,interior_applied_load,,32.062,69.75,191.643,-8.276055041278596e-08,-2.725937511830125,1.3186854630475864e-07,1.930311555042863e-07,-1.4731727690755736e-11,-6.1095306591596454e-09
HT0.75,T1-P030,N357,interior_applied_load,,32.062,69.75,193.643,9.213453077008834e-08,-16.143293727973788,7.012379588287513e-08,4.090397117694851e-07,6.568843650594545e-11,-5.766474335548288e-08
HT0.75,T1-P031,N252,interior_applied_load,,46.719,69.75,116.0,2.9957611816287345e-11,-388.34917687637125,-2.5622151265066385e-11,6.405964846063818e-15,5.346076814911618e-11,8.17602119198433e-09
HT0.75,T1-P032,N253,interior_applied_load,,53.417,69.75,116.0,-1.2347529278877252e-10,-12.847656203313315,9.40254710067753e-12,-1.0499636925261332e-14,9.010695343830794e-11,-6.937526180779629e-10
HT0.75,T1-P033,N236,interior_applied_load,,53.417,69.75,150.143,-5.552457049639651e-12,-15.689084201385398,8.764266125338744e-13,-4.1959901837779153e-13,1.6633688152894356e-11,4.101799239237414e-10
HT0.75,T1-P034,N358,interior_applied_load,,53.417,69.75,179.143,-3.3539573999247945e-12,-7.216556757848759,1.31634519922497e-12,-4.6192303144953957e-11,-4.409933337961647e-11,-1.1372626129579837e-11
HT0.75,T1-P035,N569,interior_applied_load,,53.417,69.75,193.643,1.6977934943110724e-12,-15.689084201388274,-1.6763527293539094e-12,9.589413595821502e-13,-3.4289938231560437e-12,-1.9978530809698396e-11
HT0.75,T1-P036,N254,interior_applied_load,,65.406,69.75,116.0,1.685579656078728e-11,-393.24284007204596,3.0652518940082126e-12,-6.415105270346129e-15,-3.826363745285747e-11,3.1237589659079935e-09
HT0.75,T1-P037,N359,interior_applied_load,,74.771,69.75,164.643,0.0,-7.2165567578413174,-2.2168933355715126e-12,-1.7280399333685637e-11,-7.275957614183426e-12,0.0
HT0.75,T1-P038,N255,interior_applied_load,,81.889,69.75,116.0,1.4029579888049834e-10,-12.847656205550196,-8.614738690946485e-11,1.086143889855812e-14,1.1675285124542377e-10,1.7611636304870295e-08
HT0.75,T1-P039,N237,interior_applied_load,,81.889,69.75,150.143,-6.386805702249021e-12,-13.44778645833902,-5.934494657135216e-13,-3.749115649548093e-14,1.1523429894105117e-11,-2.8471701666026215e-11
HT0.75,T1-P040,N570,interior_applied_load,,81.889,69.75,193.643,-4.715932485227891e-12,-13.44778645831005,-1.6165259348246354e-11,1.1543431773370513e-13,3.9181104404386345e-10,2.3751289024036565e-10
HT0.75,T1-P041,N256,interior_applied_load,,84.094,69.75,116.0,2.6209639448177956e-11,-383.45551368862965,-9.70579774015743e-11,5.540606427131009e-14,1.6037420085744646e-10,-1.6726660030148906e-08
HT0.75,T1-P042,N257,interior_applied_load,,96.125,69.75,116.0,8.940696716308594e-08,-12.84765638411045,0.0,0.0,1.1641532182693481e-10,-1.0728836059570312e-06
HT0.75,T1-P043,N551,interior_applied_load,,96.125,69.75,120.0,-8.940696716308594e-08,-3.7943998873233795,0.0,0.0,-1.1641532182693481e-10,-2.980232238769531e-07
HT0.75,T1-P044,N552,interior_applied_load,,96.125,69.75,147.143,-4.172325134277344e-07,-3.7943998873233795,0.0,3.5762786865234375e-07,0.0,4.76837158203125e-07
HT0.75,T1-P045,N238,interior_applied_load,,96.125,69.75,150.143,0.0,-16.18174773454666,0.0,-1.7881393432617188e-07,0.0,4.470348358154297e-07
HT0.75,T1-P046,N346,interior_applied_load,,96.125,69.75,152.643,4.76837158203125e-07,-2.7259375154972076,0.0,0.0,0.0,5.960464477539063e-08
HT0.75,T1-P047,N347,interior_applied_load,,96.125,69.75,172.143,-4.587856259941806e-14,-5.451875032848005,9.071607108800718e-13,6.497227285176446e-12,-1.5275537024206318e-15,7.891355597102648e-13
HT0.75,T1-P048,N348,interior_applied_load,,96.125,69.75,191.643,1.9632016179382816e-08,-2.725937538723496,-2.730413939389109e-07,1.665455329202814e-08,-5.895103566245116e-12,1.3920343877593666e-08
HT0.75,T1-P049,N571,interior_applied_load,,96.125,69.75,193.643,7.409085672541922e-08,-8.965190971767212,3.041263850371423e-07,-3.56822111684504e-07,-1.1619041430531176e-10,1.0312630199407136e-08
HT0.75,T1-P050,N258,interior_applied_load,,102.781,69.75,116.0,-3.613464856105862e-11,-383.45551368265086,2.2541221758823577e-11,1.989952242682832e-14,2.4689186817503126e-11,1.0395894901391492e-08
HT0.75,T1-P051,N259,interior_applied_load,,110.361,69.75,116.0,9.904137055952032e-11,-6.423828013596824,-8.866868085962389e-10,-2.9889862786924636e-14,-5.21918642961949e-10,-2.922932051624864e-09
HT0.75,T1-P052,N239,interior_applied_load,,110.361,69.75,150.143,2.2068713696489664e-11,-13.44778645832319,-1.0979480618040974e-12,1.8097001760210589e-12,9.223545539480892e-12,1.2283305485669914e-11
HT0.75,T1-P053,N572,interior_applied_load,,110.361,69.75,193.643,-2.0888001984613106e-12,-13.447786458343197,-2.287878218392431e-12,-7.041466592354709e-13,1.3934586888674856e-10,4.773061900618524e-10
HT0.75,T1-P054,N260,interior_applied_load,,112.125,69.75,116.0,-1.5410229788135504e-10,-7.636501742622007,-1.4262268746505687e-09,3.490204232403717e-14,8.128845899749422e-11,5.056498145327136e-09
HT0.75,T1-P055,N360,interior_applied_load,,117.479,69.75,164.643,7.275957614183426e-12,-7.2165567578267655,5.684341886080802e-14,-3.637978807091713e-12,0.0,-7.275957614183426e-12
HT0.75,T1-P056,N261,interior_applied_load,,121.469,69.75,116.0,1.273542180525752e-10,-392.03016652986474,2.3864776099481744e-12,-7.162118154922969e-15,-6.049174431253307e-11,5.912947197178154e-09
HT0.75,T1-P057,N262,interior_applied_load,,138.833,69.75,116.0,1.748344120308196e-10,-12.847656295349152,2.4860672363660873e-10,-1.7680311854196354e-14,4.711506919082221e-10,2.522232759359484e-08
HT0.75,T1-P058,N240,interior_applied_load,,138.833,69.75,150.143,7.435485320028967e-12,-15.689084201396543,4.647855957018443e-12,1.6477848364145727e-13,-7.140176871122221e-11,2.0871401767894957e-10
HT0.75,T1-P059,N361,interior_applied_load,,138.833,69.75,179.143,1.993124119674555e-11,-7.216556757823515,-2.3144964803713493e-13,3.8240875465733794e-14,2.5075294684142285e-11,5.586928956175774e-12
HT0.75,T1-P060,N573,interior_applied_load,,138.833,69.75,193.643,1.780998587340448e-12,-15.68908420138158,-2.2604909554060766e-13,3.855954580178344e-12,3.057641127259972e-11,3.852902754245843e-12
HT0.75,T1-P061,N263,interior_applied_load,,140.156,69.75,116.0,-2.3152944331839383e-10,-387.42534893530626,2.111553919789934e-09,5.402314708371938e-14,5.358781144300424e-10,-7.094594411292074e-08
HT0.75,T1-P062,N264,interior_applied_load,,158.844,69.75,116.0,-1.225443502411302e-10,-387.43967187118227,1.844978098522795e-09,5.1828530508343474e-14,-2.0646196335293796e-09,-8.373736191973648e-08
HT0.75,T1-P063,N265,interior_applied_load,,160.188,69.75,116.0,-2.9802322387695312e-08,-1355.8174914568663,3.725290298461914e-07,4.470348358154297e-07,1.8335413187742233e-09,-1.7881393432617188e-07
HT0.75,T1-P064,N553,interior_applied_load,,160.188,69.75,120.0,-2.682209014892578e-07,-3.7943998873233795,-1.4901161193847656e-07,3.8743019104003906e-07,-2.9103830456733704e-11,-1.0132789611816406e-06
HT0.75,T1-P065,N554,interior_applied_load,,160.188,69.75,147.143,-2.9802322387695312e-08,-3.7943998724222183,5.960464477539063e-08,0.0,-1.1368683772161603e-13,0.0
HT0.75,T1-P066,N241,interior_applied_load,,160.188,69.75,150.143,-1.1920928955078125e-07,-8.965190947055817,2.384185791015625e-07,5.960464477539063e-08,-1.6325429896824062e-10,1.043081283569336e-07
HT0.75,T1-P067,N349,interior_applied_load,,160.188,69.75,152.643,0.0,-2.72593754529953,-1.1920928955078125e-07,2.384185791015625e-07,-1.1368683772161603e-13,5.960464477539063e-08
HT0.75,T1-P068,N350,interior_applied_load,,160.188,69.75,172.143,-2.0360893422626422e-13,-5.451875032847652,-1.3111673439635767e-13,8.912577359408525e-12,5.21965397334193e-16,-5.9219177988692e-13
HT0.75,T1-P069,N351,interior_applied_load,,160.188,69.75,191.643,-4.480833518116789e-08,-2.7259375443610754,-4.566657149651654e-08,-4.861715608428518e-07,7.467951263332254e-11,-1.3279878624539165e-07
HT0.75,T1-P070,N362,interior_applied_load,,160.188,69.75,193.643,1.281788526129393e-07,-16.143293756502548,2.3314411195835382e-07,-3.1685811916269475e-07,1.1769259890410605e-10,-1.5180756497205542e-07
HT0.75,T1-P071,N266,interior_applied_load,,167.306,69.75,116.0,2.91507344549218e-11,-11.923828155849634,-7.870465668619504e-13,-5.086812911286201e-16,-6.231314556033403e-10,3.2293995855658678e-09
HT0.75,T1-P072,N242,interior_applied_load,,167.306,69.75,150.143,-6.7130759797733536e-12,-11.20648871521604,-1.477186960730748e-11,-8.12219836078733e-14,-8.13526842261926e-12,-1.4917590205346016e-10
HT0.75,T1-P073,N574,interior_applied_load,,167.306,69.75,193.643,-2.3579768086761478e-12,-11.206488715249574,6.265618919624303e-12,-6.026650985668156e-13,3.869817931462781e-11,5.3911396545189096e-11
HT0.75,T1-P074,N267,interior_applied_load,,177.531,69.75,116.0,1.9035618147384983e-11,-393.2428400716672,-7.109651245028333e-13,-1.1177568379668223e-15,2.0472754150670885e-11,-6.767076941520727e-10
HT0.75,T1-P075,N363,interior_applied_load,,181.208,69.75,179.143,-2.1144156993677794e-11,-7.139648788290629,-1.8251611715584766e-13,-3.3590222069237065e-12,-3.281833197292577e-12,1.4894447202327016e-11
HT0.75,T1-P076,N268,interior_applied_load,,195.778,69.75,116.0,1.4626988022476693e-10,-12.847656593504418,-3.352514967318325e-08,-3.1014079972127496e-14,1.398563516366592e-08,-1.5146324379659387e-07
HT0.75,T1-P077,N243,interior_applied_load,,195.778,69.75,150.143,-6.313099886051652e-12,-17.615506946411777,-8.142423212438859e-14,6.192249263073463e-14,1.3666679624747525e-12,-3.541632690973863e-12
HT0.75,T1-P078,N575,interior_applied_load,,195.778,69.75,193.643,7.229834006907273e-13,-17.615506946414065,-3.719454574685496e-12,2.0102865031154147e-13,-2.1868808772214929e-10,3.394102165025311e-10
HT0.75,T1-P079,N269,interior_applied_load,,196.219,69.75,116.0,3.5770208806903994e-10,-386.81901227164616,3.324216658514861e-08,4.511185648065213e-14,1.3707182003212698e-08,2.14543495051284e-07
HT0.75,T1-P080,N364,interior_applied_load,,202.229,69.75,164.643,7.275957614183426e-12,-7.139648788306658,2.8421709430404007e-13,1.3642420526593924e-12,9.094947017729282e-13,7.275957614183426e-12
HT0.75,T1-P081,N270,interior_applied_load,,214.906,69.75,116.0,1.0604460044147001e-11,-392.93967168605366,-1.2583105007291813e-11,1.4393339810254006e-15,9.75048324114395e-11,-7.448474219883797e-10
HT0.75,T1-P082,N244,interior_applied_load,,223.25,69.75,150.143,-1.7881393432617188e-07,-12.535015389323235,1.1920928955078125e-07,2.384185791015625e-07,3.4924596548080444e-10,1.1920928955078125e-07
HT0.75,T1-P083,N352,interior_applied_load,,223.25,69.75,152.643,5.960464477539063e-08,-2.7259375154972076,-2.384185791015625e-07,0.0,-1.1641532182693481e-10,1.1920928955078125e-07
HT0.75,T1-P084,N353,interior_applied_load,,223.25,69.75,172.143,-4.3063270750058156e-14,-5.451875032843755,-1.6030359589473447e-13,-3.2759277037232692e-12,1.7214919401876985e-14,-1.2489257629294307e-12
HT0.75,T1-P085,N354,interior_applied_load,,223.25,69.75,191.643,1.8695495984655253e-09,-2.7259375132489856,-4.8134963112622664e-08,-3.529416453540435e-09,-4.938501714215645e-11,-1.2463663989770168e-09
HT0.75,T1-P086,N576,interior_applied_load,,223.25,69.75,193.643,5.581030998458303e-09,-8.965190977093556,2.693720907611377e-07,-3.0547218512156096e-07,-9.267768022068748e-09,1.6005848689210308e-09
HT0.75,T1-P087,N271,interior_applied_load,,224.25,69.75,116.0,4.3475101629830704e-08,-6.42382818075215,7.812409667411925e-09,2.435031253469414e-08,5.485639027237945e-09,1.5446704489589368e-07
HT0.75,T1-P088,N161,interface_action,T-E; T-E vertical 3,224.25,69.75,120.0,795.1942677430343,1040.0426721598487,20.644953876035288,-78.85288897075225,2581.3891382174206,-13040.109144432703
HT0.75,T1-P089,N426,interface_action,T-E; T-E vertical 3,224.25,69.75,121.5,-97.69874623580836,-229.00946791702881,3.0986978496657684,142.82583768153563,59.70321323598546,1618.1286154942354
HT0.75,T1-P090,N427,interface_action,T-E vertical 3,224.25,69.75,144.689,7.038993868832481e-11,-3.192096508762123,3.062920522268258e-11,3.932731616962256e-11,-2.394036945618819e-14,-3.054302992927777e-11
HT0.75,T1-P091,N555,interface_action,T-E vertical 3,224.25,69.75,147.143,-607.1045985817909,-678.0200257003307,19.223573565483093,393.1069274544716,381.0300981757464,-5512.855992555618
HT0.75,T1-P092,N245,interface_action,T-E vertical 3,224.25,69.75,150.143,-92.18551504611969,2864.314504235983,-16.08074200153351,-360.91636568307877,-76.23223733867053,2318.4267095923424
HT0.75,T1-P093,N466,interface_action,T-E diagonal 11; T-E diagonal 12; T-E top / segment 1; T-E vertical 3,224.25,69.75,193.643,125.80531053084752,983.9731692948733,-6.311303509324153,-22.83922922652064,-103.41269698930209,-3573.294655551354
storage125_strength_sensitivity,T1-P001,N246,interface_action,T-W / B-WO; T-W vertical 3,-32.0,69.75,116.0,-906.4221267700195,123.16072875261307,-21.264774084091187,2425.1818457841873,8694.60583196953,4220.122265815735
storage125_strength_sensitivity,T1-P002,N370,interface_action,T-W / B-WO; T-W vertical 3,-32.0,69.75,117.5,689.8938293457031,-879.7158468961716,60.08368754386902,2309.1529490947723,190.07644516322762,-12382.022891998291
storage125_strength_sensitivity,T1-P003,N547,interface_action,T-W vertical 3,-32.0,69.75,120.0,-689.8938331116095,875.3824271059369,-60.083686587586,-2158.943732789406,-190.07644516121167,10657.288303442032
storage125_strength_sensitivity,T1-P004,N371,interface_action,T-W vertical 3,-32.0,69.75,142.022,1.8917801567680026e-12,-2.737952422542584,1.3745331549309772e-11,-2.5029090049206423e-12,2.931680013607085e-14,-6.558390922146016e-13
storage125_strength_sensitivity,T1-P005,N548,interface_action,T-W vertical 3,-32.0,69.75,147.143,689.8938339352608,-887.1054670512676,60.08368682861328,528.0922276973724,190.0764451615978,8068.50002682209
storage125_strength_sensitivity,T1-P006,N231,interface_action,T-W vertical 3,-32.0,69.75,150.143,65.21899330615997,4785.659276604652,-57.38017499446869,-626.1369299888611,-88.26312718424015,-1694.3718011379242
storage125_strength_sensitivity,T1-P007,N401,interface_action,T-W diagonal 10; T-W diagonal 9; T-W top / segment 1; T-W vertical 3,-32.0,69.75,193.643,-150.8802068111452,4569.395727211853,-51.691161609480005,2326.2744338752536,-242.1083352415709,11488.010218925623
storage125_strength_sensitivity,T1-P008,N232,interior_applied_load,,-31.0,69.75,150.143,-7.236667443066835e-08,-15.042018423235277,-3.231123173463857e-07,-4.936373443342745e-08,-3.053537511732429e-08,-8.977076504379511e-08
storage125_strength_sensitivity,T1-P009,N340,interior_applied_load,,-31.0,69.75,152.643,-2.902468166422242e-08,-3.2711250155364824,2.020301805438025e-09,1.397521978475146e-07,-2.3946516063648446e-10,-1.2852076246223334e-07
storage125_strength_sensitivity,T1-P010,N341,interior_applied_load,,-31.0,69.75,172.143,-5.606793744620883e-14,-6.542250039384299,3.331636772555065e-13,3.0985125233978296e-12,1.971413979310994e-15,1.1397504810848902e-12
storage125_strength_sensitivity,T1-P011,N342,interior_applied_load,,-31.0,69.75,191.643,-4.76837158203125e-07,-3.271125078201294,0.0,1.9073486328125e-06,-1.4551915228366852e-11,0.0
storage125_strength_sensitivity,T1-P012,N566,interior_applied_load,,-31.0,69.75,193.643,-4.76837158203125e-07,-10.75822901725769,0.0,0.0,1.3780663721263409e-08,9.5367431640625e-07
storage125_strength_sensitivity,T1-P013,N355,interior_applied_load,,-9.979,69.75,164.643,-2.9103830456733704e-11,-8.567578545989818,1.1368683772161603e-13,-9.094947017729282e-13,1.8189894035458565e-12,-7.275957614183426e-12
storage125_strength_sensitivity,T1-P014,N247,interior_applied_load,,-3.528,69.75,116.0,5.357992072859329e-11,-34.10859366221329,7.125142937508384e-12,-4.5890546897520156e-14,-7.907456767720224e-11,1.0609231866358687e-09
storage125_strength_sensitivity,T1-P015,N233,interior_applied_load,,-3.528,69.75,150.143,-4.4591593227862015e-13,-21.138608335697434,6.726325037582442e-14,-2.8705980657887607e-13,-7.825127172509355e-12,-2.0378745659318768e-11
storage125_strength_sensitivity,T1-P016,N567,interior_applied_load,,-3.528,69.75,193.643,1.2358078366565368e-12,-21.13860833569551,9.15442794005701e-13,-6.659880594395333e-14,6.064150715487929e-12,3.929244940646667e-11
storage125_strength_sensitivity,T1-P017,N248,interior_applied_load,,9.344,69.75,116.0,-2.0067016403159143e-11,-1564.1522632526267,-1.8532572844030293e-11,1.1102792847646429e-14,-8.011479613599494e-11,-6.33525032852243e-10
storage125_strength_sensitivity,T1-P018,N356,interior_applied_load,,11.042,69.75,179.143,-3.32606733749885e-11,-8.567578545933133,-5.087223962426501e-14,8.087224842288782e-12,-1.110156307521208e-11,-6.65929646588074e-11
storage125_strength_sensitivity,T1-P019,N249,interior_applied_load,,24.944,69.75,116.0,-4.5707828104010096e-10,-15.417187632041783,-6.58085295847521e-12,1.8023856482005716e-13,-8.011157105251111e-10,6.35483834498089e-09
storage125_strength_sensitivity,T1-P020,N234,interior_applied_load,,24.944,69.75,150.143,4.1081179060387045e-11,-13.447786458668578,8.835531360056305e-11,4.53339752698909e-13,-1.8795371822104801e-10,-8.323506868165068e-10
storage125_strength_sensitivity,T1-P021,N568,interior_applied_load,,24.944,69.75,193.643,-7.703187790061964e-11,-13.447786458480502,7.797833410598363e-11,-3.5751244462662008e-12,-3.2485163673108927e-10,7.033533724481843e-10
storage125_strength_sensitivity,T1-P022,N250,interior_applied_load,,28.031,69.75,116.0,-1.4584171097910862e-12,-1546.5350757009617,-6.207893510903948e-10,4.835989955272213e-14,8.230163149652977e-11,4.865191501286745e-08
storage125_strength_sensitivity,T1-P023,N251,interior_applied_load,,32.062,69.75,116.0,-2.384185791015625e-07,-15.417187452316284,0.0,0.0,-1.1641532182693481e-09,2.384185791015625e-07
storage125_strength_sensitivity,T1-P024,N549,interior_applied_load,,32.062,69.75,120.0,2.384185791015625e-07,-4.553279876708984,-1.4901161193847656e-08,2.9802322387695312e-08,-2.3283064365386963e-10,2.384185791015625e-07
storage125_strength_sensitivity,T1-P025,N550,interior_applied_load,,32.062,69.75,147.143,1.1920928955078125e-06,-4.55327981710434,4.76837158203125e-07,7.152557373046875e-07,0.0,-1.0728836059570312e-06
storage125_strength_sensitivity,T1-P026,N235,interior_applied_load,,32.062,69.75,150.143,9.5367431640625e-07,-10.758229315280914,-3.5762786865234375e-07,9.5367431640625e-07,-3.055902197957039e-10,-6.318092346191406e-06
storage125_strength_sensitivity,T1-P027,N343,interior_applied_load,,32.062,69.75,152.643,-2.5293557897043684e-06,-3.271125052754629,1.4112572443991667e-08,-4.132971298531629e-08,1.3606893389805919e-12,-2.000173253691173e-06
storage125_strength_sensitivity,T1-P028,N344,interior_applied_load,,32.062,69.75,172.143,2.2737367544323206e-13,-6.542250039463397,0.0,0.0,-8.881784197001252e-16,0.0
storage125_strength_sensitivity,T1-P029,N345,interior_applied_load,,32.062,69.75,191.643,6.117488737800159e-08,-3.2711250705760904,-9.004625098896213e-07,-2.215128915850073e-07,5.0337474941282145e-11,-2.804736141115427e-07
storage125_strength_sensitivity,T1-P030,N357,interior_applied_load,,32.062,69.75,193.643,6.799466726243478e-07,-19.371952439146376,8.970188827164731e-07,3.6283467570712766e-07,1.270289296314923e-10,-5.706272239107888e-07
storage125_strength_sensitivity,T1-P031,N252,interior_applied_load,,46.719,69.75,116.0,5.5729051416544297e-11,-1558.279867420371,-5.0314309763316555e-11,-3.767824534761126e-14,-1.0947876223261533e-10,9.592699660854954e-09
storage125_strength_sensitivity,T1-P032,N253,interior_applied_load,,53.417,69.75,116.0,-2.8828990976096265e-10,-15.417187441473521,-3.979384804736386e-11,-2.0555981741481465e-14,1.8708259988686895e-10,-2.483470009660105e-08
storage125_strength_sensitivity,T1-P033,N236,interior_applied_load,,53.417,69.75,150.143,-8.590329436837489e-13,-18.826901041614008,-7.35844120022779e-12,-7.210740470914195e-14,-1.3406182757441534e-10,5.327980523238846e-10
storage125_strength_sensitivity,T1-P034,N358,interior_applied_load,,53.417,69.75,179.143,7.302699288614779e-12,-8.659868109414534,1.6451908245026171e-12,4.57013667167987e-12,1.0744182517523274e-10,-5.3618156762767573e-11
storage125_strength_sensitivity,T1-P035,N569,interior_applied_load,,53.417,69.75,193.643,1.950513830474403e-13,-18.82690104166477,-1.758194703142249e-12,-3.899207336409572e-12,-1.9442372807968757e-11,-5.026948249487804e-11
storage125_strength_sensitivity,T1-P036,N254,interior_applied_load,,65.406,69.75,116.0,4.727255656423578e-12,-1564.152263253942,1.9141877960900565e-12,-2.936655151115952e-14,-2.5162096776263357e-11,1.003392154477856e-08
storage125_strength_sensitivity,T1-P037,N359,interior_applied_load,,74.771,69.75,164.643,2.9103830456733704e-11,-8.659868109447416,6.821210263296962e-13,6.366462912410498e-12,3.637978807091713e-11,-2.1827872842550278e-11
storage125_strength_sensitivity,T1-P038,N255,interior_applied_load,,81.889,69.75,116.0,9.98062986523073e-10,-15.417187426783993,1.8174738156997322e-10,2.0762551821332637e-13,1.2573889627470477e-10,3.6384745143274894e-10
storage125_strength_sensitivity,T1-P039,N237,interior_applied_load,,81.889,69.75,150.143,-3.9490453711488774e-11,-16.13734374998029,4.9217033918681474e-14,9.730396934141603e-14,3.8235070306114134e-11,1.2079752360607196e-10
storage125_strength_sensitivity,T1-P040,N570,interior_applied_load,,81.889,69.75,193.643,-3.6646385539424845e-11,-16.137343749957257,-1.9259059346138225e-11,1.3982229112229359e-13,5.148603226462076e-10,3.690052660893961e-10
storage125_strength_sensitivity,T1-P041,N256,interior_applied_load,,84.094,69.75,116.0,-5.405028626279412e-10,-1552.4074716000093,-2.006708626534188e-10,1.6312382497349123e-14,-3.021099902382793e-11,-7.150668855095895e-08
storage125_strength_sensitivity,T1-P042,N257,interior_applied_load,,96.125,69.75,116.0,-4.76837158203125e-07,-15.417187631130219,0.0,0.0,0.0,-1.3113021850585938e-06
storage125_strength_sensitivity,T1-P043,N551,interior_applied_load,,96.125,69.75,120.0,3.5762786865234375e-07,-4.553279876708984,-1.4901161193847656e-08,0.0,0.0,0.0
storage125_strength_sensitivity,T1-P044,N552,interior_applied_load,,96.125,69.75,147.143,-1.1920928955078125e-06,-4.553279876708984,3.5762786865234375e-07,9.5367431640625e-07,0.0,1.430511474609375e-06
storage125_strength_sensitivity,T1-P045,N238,interior_applied_load,,96.125,69.75,150.143,-4.76837158203125e-07,-19.418097138404846,9.5367431640625e-07,1.9073486328125e-06,0.0,4.172325134277344e-07
storage125_strength_sensitivity,T1-P046,N346,interior_applied_load,,96.125,69.75,152.643,1.1920928955078125e-06,-3.271125078201294,-9.5367431640625e-07,7.152557373046875e-07,0.0,7.152557373046875e-07
storage125_strength_sensitivity,T1-P047,N347,interior_applied_load,,96.125,69.75,172.143,-3.84902398607737e-15,-6.542250039456884,6.86113462609439e-12,3.899175535139904e-11,-8.308356666429249e-15,1.5404859201307778e-12
storage125_strength_sensitivity,T1-P048,N348,interior_applied_load,,96.125,69.75,191.643,1.265988806009588e-07,-3.271124970306147,-1.2306913177440038e-07,7.47451885274586e-07,6.596222209520508e-11,-3.684630600631067e-09
storage125_strength_sensitivity,T1-P049,N571,interior_applied_load,,96.125,69.75,193.643,-1.4349275395893527e-07,-10.758229272889183,3.7587798013966904e-07,-3.209640671175939e-07,4.55642726114903e-11,-2.870731275052065e-07
storage125_strength_sensitivity,T1-P050,N258,interior_applied_load,,102.781,69.75,116.0,-4.2007386968446436e-11,-1552.407471589292,2.3321453982917172e-11,1.7302466758672155e-14,9.08114922393467e-11,1.541838363782679e-08
storage125_strength_sensitivity,T1-P051,N259,interior_applied_load,,110.361,69.75,116.0,-2.500234797865623e-10,-7.708593660364214,-3.8309730496440354e-09,-1.2540658258831958e-13,-1.9739519452390635e-09,-8.22095254112043e-08
storage125_strength_sensitivity,T1-P052,N239,interior_applied_load,,110.361,69.75,150.143,2.9665005359667655e-10,-16.137343749999403,1.2473187139228638e-12,-6.784328222149877e-11,-2.019944353307042e-11,9.35582957374388e-11
storage125_strength_sensitivity,T1-P053,N572,interior_applied_load,,110.361,69.75,193.643,-2.7596364883816863e-11,-16.13734375000254,6.899550899846659e-12,-2.246719927628817e-13,-4.8764701020395115e-11,6.359462213970642e-10
storage125_strength_sensitivity,T1-P054,N260,interior_applied_load,,112.125,69.75,116.0,-3.895682847830012e-10,-9.1638020346738,-2.8220458229817328e-09,6.06009434480705e-14,3.889851485951575e-10,-1.2199970695038984e-07
storage125_strength_sensitivity,T1-P055,N360,interior_applied_load,,117.479,69.75,164.643,2.9103830456733704e-11,-8.659868109345553,-1.1368683772161603e-13,2.000888343900442e-11,-3.8198777474462986e-11,-1.6007106751203537e-10
storage125_strength_sensitivity,T1-P056,N261,interior_applied_load,,121.469,69.75,116.0,2.7902767997538152e-11,-1562.697055002859,2.334060925758234e-11,3.070853465182049e-14,-4.495724907517208e-11,1.5411379312674612e-08
storage125_strength_sensitivity,T1-P057,N262,interior_applied_load,,138.833,69.75,116.0,6.093674670607242e-10,-15.417187519058942,6.6049305126097295e-09,1.5719936486987938e-14,-1.240000466175066e-08,3.5591854011347705e-08
storage125_strength_sensitivity,T1-P058,N240,interior_applied_load,,138.833,69.75,150.143,-1.0849626731518154e-11,-18.82690104168359,1.6584419996384356e-11,5.517155766850508e-13,-3.417952167919285e-10,2.317577624771451e-10
storage125_strength_sensitivity,T1-P059,N361,interior_applied_load,,138.833,69.75,179.143,-5.360640638262515e-11,-8.659868109426515,8.463814172773598e-13,2.199892147099769e-11,2.8620882087657303e-13,-1.619869970293963e-11
storage125_strength_sensitivity,T1-P060,N573,interior_applied_load,,138.833,69.75,193.643,2.3531996216187683e-11,-18.826901041674045,-1.9728603627151287e-12,-3.295936898396081e-11,-1.085332325832499e-11,-2.3202675573442546e-10
storage125_strength_sensitivity,T1-P061,N263,interior_applied_load,,140.156,69.75,116.0,4.98505593307066e-10,-1557.1712744279075,-5.02070098104665e-10,8.581869106127438e-14,-1.4118664101906533e-09,-2.4711911551747564e-07
storage125_strength_sensitivity,T1-P062,N264,interior_applied_load,,158.844,69.75,116.0,1.307944677014946e-10,-1557.188461531995,4.504140815371312e-09,-2.750507502789446e-14,-6.500999678383752e-09,-1.689725561594245e-08
storage125_strength_sensitivity,T1-P063,N265,interior_applied_load,,160.188,69.75,116.0,2.980232238769531e-07,-6.980990082025528,6.556510925292969e-07,7.152557373046875e-07,6.170012056827545e-09,-3.5762786865234375e-07
storage125_strength_sensitivity,T1-P064,N553,interior_applied_load,,160.188,69.75,120.0,-9.5367431640625e-07,-4.553279846906662,0.0,1.1920928955078125e-07,-1.1641532182693481e-10,-3.4570693969726562e-06
storage125_strength_sensitivity,T1-P065,N554,interior_applied_load,,160.188,69.75,147.143,0.0,-4.553279876708984,0.0,-2.384185791015625e-07,-5.820766091346741e-11,0.0
storage125_strength_sensitivity,T1-P066,N241,interior_applied_load,,160.188,69.75,150.143,-4.76837158203125e-07,-10.75822913646698,9.5367431640625e-07,-3.5762786865234375e-07,-3.4924596548080444e-10,4.172325134277344e-07
storage125_strength_sensitivity,T1-P067,N349,interior_applied_load,,160.188,69.75,152.643,0.0,-3.271125078201294,-2.384185791015625e-07,4.76837158203125e-07,0.0,2.384185791015625e-07
storage125_strength_sensitivity,T1-P068,N350,interior_applied_load,,160.188,69.75,172.143,-3.115093100769802e-13,-6.542250039388815,-5.718134953477512e-13,7.381782998235057e-11,-7.893773278405347e-15,9.987301903360895e-12
storage125_strength_sensitivity,T1-P069,N351,interior_applied_load,,160.188,69.75,191.643,-1.4495183170426529e-06,-3.271125065268258,1.7234172705604678e-07,-4.901828842829303e-08,-3.784663458743078e-11,1.2718193491689789e-06
storage125_strength_sensitivity,T1-P070,N362,interior_applied_load,,160.188,69.75,193.643,1.4287744784063521e-06,-19.371952372615585,8.120465865482985e-07,-4.220719748715918e-07,3.546800933929805e-10,1.356244920038853e-07
storage125_strength_sensitivity,T1-P071,N266,interior_applied_load,,167.306,69.75,116.0,-3.654170280565355e-10,-14.308593787464417,3.534716483108813e-10,5.128823817358136e-15,-5.540180960583329e-10,5.74621442428795e-09
storage125_strength_sensitivity,T1-P072,N242,interior_applied_load,,167.306,69.75,150.143,4.01913956510993e-11,-13.447786458257324,-5.887755297385027e-11,5.904488081199707e-13,-3.492580506837436e-11,2.2294417208212224e-10
storage125_strength_sensitivity,T1-P073,N574,interior_applied_load,,167.306,69.75,193.643,-2.753235105592733e-11,-13.447786458205462,-6.912734718046496e-11,-4.697226150849748e-13,-2.185862947684567e-10,9.399618385227809e-11
storage125_strength_sensitivity,T1-P074,N267,interior_applied_load,,177.531,69.75,116.0,3.9317301147503e-10,-1564.1522632527906,-4.372089187305492e-12,2.258825205810083e-14,2.987767569039447e-11,-1.3686745149701497e-09
storage125_strength_sensitivity,T1-P075,N363,interior_applied_load,,181.208,69.75,179.143,-4.4699715420952454e-11,-8.567578545940355,-1.1056372594797323e-12,-2.4241223431980073e-11,-3.463144343144206e-11,-5.85608376643926e-11
storage125_strength_sensitivity,T1-P076,N268,interior_applied_load,,195.778,69.75,116.0,5.8778763354459995e-09,-15.41718962200651,-2.100841721176292e-07,-1.6473450517501076e-13,2.133403851129113e-08,-1.8235348381025545e-08
storage125_strength_sensitivity,T1-P077,N243,interior_applied_load,,195.778,69.75,150.143,-5.201780115584833e-11,-21.1386083356938,3.5621410162666743e-13,-3.121954274197298e-13,5.092349988514887e-12,-6.813032844249522e-12
storage125_strength_sensitivity,T1-P078,N575,interior_applied_load,,195.778,69.75,193.643,4.626789553585321e-12,-21.13860833572363,-1.129302585328597e-11,1.6520277140396358e-13,-9.986055861263853e-10,-3.061899302178389e-10
storage125_strength_sensitivity,T1-P079,N269,interior_applied_load,,196.219,69.75,116.0,-2.6044323627198125e-09,-1556.4436691351455,-1.432692573515478e-07,3.22555988044051e-13,-4.048408695449327e-08,5.871587391069184e-07
storage125_strength_sensitivity,T1-P080,N364,interior_applied_load,,202.229,69.75,164.643,0.0,-8.567578545975266,6.821210263296962e-13,-5.4569682106375694e-12,-1.0913936421275139e-11,-1.4551915228366852e-11
storage125_strength_sensitivity,T1-P081,N270,interior_applied_load,,214.906,69.75,116.0,-6.104333838882088e-11,-1563.7884611890381,2.6069547934491164e-11,1.45447202752959e-14,1.8163626605578853e-11,2.6479307464136114e-09
storage125_strength_sensitivity,T1-P082,N244,interior_applied_load,,223.25,69.75,150.143,2.384185791015625e-07,-15.042018413543701,-4.76837158203125e-07,9.5367431640625e-07,6.05359673500061e-09,-2.384185791015625e-07
storage125_strength_sensitivity,T1-P083,N352,interior_applied_load,,223.25,69.75,152.643,-7.152557373046875e-07,-3.271125018596649,0.0,-9.5367431640625e-07,-4.656612873077393e-10,-2.384185791015625e-07
storage125_strength_sensitivity,T1-P084,N353,interior_applied_load,,223.25,69.75,172.143,-1.0806599790366587e-13,-6.542250039461381,-8.761993596941492e-14,2.6943916954086972e-12,1.589346955656797e-14,-1.131794488391585e-12
storage125_strength_sensitivity,T1-P085,N354,interior_applied_load,,223.25,69.75,191.643,9.135598005860501e-08,-3.2711250289197515,9.449531445104853e-07,1.7796687346027795e-07,5.6324528181126804e-11,1.111829239786033e-08
storage125_strength_sensitivity,T1-P086,N576,interior_applied_load,,223.25,69.75,193.643,-1.9490128955190755e-09,-10.758229115217834,1.7559610139375462e-07,2.840207180026542e-07,-1.8686293664224672e-08,-1.2396356750549648e-07
storage125_strength_sensitivity,T1-P087,N271,interior_applied_load,,224.25,69.75,116.0,1.9556089414507483e-07,-7.708593830708616,1.5900817400407975e-07,3.4445803424464415e-07,6.620635638157243e-09,1.1431371934804739e-07
storage125_strength_sensitivity,T1-P088,N161,interface_action,T-E; T-E vertical 3,224.25,69.75,120.0,2342.1763406777754,3229.1999842156656,71.06311434484087,-267.81061654211953,8783.999128419779,-29404.620063137263
storage125_strength_sensitivity,T1-P089,N426,interface_action,T-E; T-E vertical 3,224.25,69.75,121.5,-268.33157753385603,-630.5691098081879,9.209535216214135,433.27121225069277,256.07262881040424,4474.501558325253
storage125_strength_sensitivity,T1-P090,N427,interface_action,T-E vertical 3,224.25,69.75,144.689,7.293926280389999e-11,-3.8305158104888406,4.23153079037741e-11,1.2080675641562122e-10,3.302122746545222e-13,-1.2582285237434028e-10
storage125_strength_sensitivity,T1-P091,N555,interface_action,T-E vertical 3,224.25,69.75,147.143,-1667.42502784729,-1847.558232396841,57.13373386859894,1222.8296933174133,1634.2734939593356,-14953.0171148777
storage125_strength_sensitivity,T1-P092,N245,interface_action,T-E vertical 3,224.25,69.75,150.143,-351.92207419872284,7420.964506924152,-46.018340826034546,-944.0971119403839,-620.750958831748,7706.078982114792
storage125_strength_sensitivity,T1-P093,N466,interface_action,T-E diagonal 11; T-E diagonal 12; T-E top / segment 1; T-E vertical 3,224.25,69.75,193.643,247.69184884836847,2716.92126122938,-21.135616169532803,101.81350737275585,-605.7210246052442,-10737.931310790591
strength_roof,T1-P001,N246,interface_action,T-W / B-WO; T-W vertical 3,-32.0,69.75,116.0,-318.7773003578186,-189.83666092157364,5.32184636592865,1576.8154118657112,3336.4042242025025,707.4544186592102
strength_roof,T1-P002,N370,interface_action,T-W / B-WO; T-W vertical 3,-32.0,69.75,117.5,196.06793594360352,-473.07667165994644,38.20041489601135,1499.936637878418,51.409914335701615,-3538.579828262329
strength_roof,T1-P003,N547,interface_action,T-W vertical 3,-32.0,69.75,120.0,-196.06793537647417,468.74325180009623,-38.200415039100264,-1404.4355998108795,-51.409914334891894,3048.40998776279
strength_roof,T1-P004,N371,interface_action,T-W vertical 3,-32.0,69.75,142.022,-3.6554057764314515e-12,-2.7379524227112957,-5.160288236521e-12,3.733531171596653e-11,-3.551453368069067e-14,1.2713096237948689e-12
strength_roof,T1-P005,N548,interface_action,T-W vertical 3,-32.0,69.75,147.143,196.06793549656868,-480.4662916660309,38.20041525363922,367.5617343187332,51.40991433488671,2273.4619850218296
strength_roof,T1-P006,N231,interface_action,T-W vertical 3,-32.0,69.75,150.143,8.436319828033447,1687.007304906845,-36.48863351345062,-409.6811013221741,-53.93918683636002,-349.88551101088524
strength_roof,T1-P007,N401,interface_action,T-W diagonal 10; T-W diagonal 9; T-W top / segment 1; T-W vertical 3,-32.0,69.75,193.643,-9.409993892182028,1527.5745962924955,-32.33301354514995,1455.9646415160923,-268.69901642963083,2654.353316054517
strength_roof,T1-P008,N232,interior_applied_load,,-31.0,69.75,150.143,-8.934875950217247e-09,-15.042018421445391,2.0057746041857172e-07,-2.1704545360989869e-07,-1.8102582544088364e-08,-7.017297320999205e-08
strength_roof,T1-P009,N340,interior_applied_load,,-31.0,69.75,152.643,-2.5687261933666376e-08,-3.2711250295737826,-1.4920496369059478e-08,4.885385375187679e-07,-1.1573388499342102e-10,-1.8776839473831354e-08
strength_roof,T1-P010,N341,interior_applied_load,,-31.0,69.75,172.143,-6.096674865136709e-15,-6.542250039408143,-8.165887274984763e-14,3.236852265761659e-13,-2.071252984523615e-15,9.243128822231342e-14
strength_roof,T1-P011,N342,interior_applied_load,,-31.0,69.75,191.643,-1.7881393432617188e-07,-3.271125018596649,-1.9073486328125e-06,9.5367431640625e-07,0.0,5.960464477539063e-08
strength_roof,T1-P012,N566,interior_applied_load,,-31.0,69.75,193.643,1.7881393432617188e-07,-10.758229106664658,-9.5367431640625e-07,0.0,-2.0372681319713593e-09,3.5762786865234375e-07
strength_roof,T1-P013,N355,interior_applied_load,,-9.979,69.75,164.643,2.9103830456733704e-11,-8.567578545953438,1.1368683772161603e-13,-9.094947017729282e-13,1.8189894035458565e-12,-3.637978807091713e-12
strength_roof,T1-P014,N247,interior_applied_load,,-3.528,69.75,116.0,8.5910974215827e-11,-34.10859366223844,-4.465550496304963e-12,-2.6780110323451784e-14,-3.825814819759496e-12,1.1088048142931853e-09
strength_roof,T1-P015,N233,interior_applied_load,,-3.528,69.75,150.143,3.193681815494156e-13,-21.138608335694936,3.095187598655333e-13,3.5945632550896575e-14,-1.3123868097373662e-12,3.700345074419149e-12
strength_roof,T1-P016,N567,interior_applied_load,,-3.528,69.75,193.643,-1.7666584993257973e-12,-21.138608335694812,8.395704919184951e-13,1.2688536305980824e-14,4.3639110821170603e-13,8.211392397856096e-12
strength_roof,T1-P017,N248,interior_applied_load,,9.344,69.75,116.0,-1.0923778433720819e-10,-414.4039946559387,-5.05415946108991e-12,1.055878234929078e-14,4.5283374271954e-11,4.5792271059178986e-11
strength_roof,T1-P018,N356,interior_applied_load,,11.042,69.75,179.143,-5.473026100146853e-11,-8.567578545963414,1.0885282499046209e-13,-1.5901717334058597e-13,4.342400471979026e-12,-4.381476443870053e-11
strength_roof,T1-P019,N249,interior_applied_load,,24.944,69.75,116.0,-2.0958186974239065e-10,-15.417187663287764,-1.9170873288897366e-10,5.70254443586399e-14,1.9346100199779832e-10,-1.354730223444862e-08
strength_roof,T1-P020,N234,interior_applied_load,,24.944,69.75,150.143,1.4446128484382207e-11,-13.44778645838933,2.2457959796828316e-11,-1.1691103312848313e-12,5.939043244155028e-11,-7.319042200375822e-11
strength_roof,T1-P021,N568,interior_applied_load,,24.944,69.75,193.643,-1.5052332667871825e-11,-13.447786458577154,8.50070265461871e-11,-1.538211536630793e-12,-3.543155034468945e-11,-7.539970695031708e-12
strength_roof,T1-P022,N250,interior_applied_load,,28.031,69.75,116.0,9.141720427047839e-11,-396.7868071356763,-1.9470313339135226e-10,3.8300451840204264e-14,1.2020426039360925e-09,-4.771503360710415e-08
strength_roof,T1-P023,N251,interior_applied_load,,32.062,69.75,116.0,-8.940696716308594e-08,-15.417187422513962,-7.450580596923828e-09,7.450580596923828e-09,0.0,0.0
strength_roof,T1-P024,N549,interior_applied_load,,32.062,69.75,120.0,0.0,-4.553279876708984,0.0,-1.4901161193847656e-08,-1.1641532182693481e-10,1.1920928955078125e-07
strength_roof,T1-P025,N550,interior_applied_load,,32.062,69.75,147.143,4.172325134277344e-07,-4.55327981710434,2.384185791015625e-07,2.384185791015625e-07,1.4551915228366852e-11,-4.172325134277344e-07
strength_roof,T1-P026,N235,interior_applied_load,,32.062,69.75,150.143,-4.76837158203125e-07,-10.758229166269302,2.384185791015625e-07,4.76837158203125e-07,1.0186340659856796e-10,-1.3113021850585938e-06
strength_roof,T1-P027,N343,interior_applied_load,,32.062,69.75,152.643,4.665853481355953e-08,-3.27112502203211,-1.4538005643771612e-07,1.8064292817143723e-07,8.135714324453147e-13,4.670544626605988e-07
strength_roof,T1-P028,N344,interior_applied_load,,32.062,69.75,172.143,-2.842170943040401e-14,-6.542250039434293,-2.2737367544323206e-13,0.0,0.0,-4.547473508864641e-13
strength_roof,T1-P029,N345,interior_applied_load,,32.062,69.75,191.643,-2.380261321377475e-09,-3.271125028724782,2.4003861653909553e-07,4.845351213589311e-07,4.2481671592102325e-11,-4.813955456484109e-09
strength_roof,T1-P030,N357,interior_applied_load,,32.062,69.75,193.643,1.107853391781067e-07,-19.37195252364899,-2.973597766346269e-07,4.138286897095676e-07,-1.4298252835838563e-10,-9.801601264924591e-08
strength_roof,T1-P031,N252,interior_applied_load,,46.719,69.75,116.0,-1.2327314763008934e-11,-408.53159882240635,-1.2769076607835665e-11,-7.340986356860563e-15,-9.648102372023827e-11,-2.5563654560322077e-09
strength_roof,T1-P032,N253,interior_applied_load,,53.417,69.75,116.0,-3.790282052141009e-12,-15.417187441636143,-2.1475965910459286e-11,-3.454022828697209e-15,7.188573793749811e-11,-3.2228710161081095e-09
strength_roof,T1-P033,N236,interior_applied_load,,53.417,69.75,150.143,-4.453261708838173e-12,-18.826901041648068,-3.5077238558534258e-12,-7.029626882416258e-13,-1.0420639210358045e-10,4.2705799096090993e-10
strength_roof,T1-P034,N358,interior_applied_load,,53.417,69.75,179.143,-2.6897911370297093e-11,-8.659868109415454,4.821390192833237e-13,-4.4157707276900145e-11,-1.4065928618573872e-11,-1.8492061600410317e-11
strength_roof,T1-P035,N569,interior_applied_load,,53.417,69.75,193.643,-2.4982451423886744e-12,-18.826901041664456,-2.2338430475369363e-12,-7.454706463922232e-12,-8.188099206666518e-12,-2.2890423675196e-11
strength_roof,T1-P036,N254,interior_applied_load,,65.406,69.75,116.0,-7.464018491828718e-11,-414.4039946568558,5.198468176732935e-12,1.1895581930650858e-15,-2.9510810555772604e-11,6.9279300970010725e-09
strength_roof,T1-P037,N359,interior_applied_load,,74.771,69.75,164.643,0.0,-8.659868109425588,-1.4779288903810084e-12,-1.0913936421275139e-11,4.547473508864641e-12,-1.0913936421275139e-11
strength_roof,T1-P038,N255,interior_applied_load,,81.889,69.75,116.0,1.7788344396484132e-10,-15.417187459155485,3.220938208899989e-10,1.5194634239628862e-13,-3.150737266948571e-10,-3.0077776983319325e-08
strength_roof,T1-P039,N237,interior_applied_load,,81.889,69.75,150.143,-1.8242557755544693e-11,-16.13734375000319,-4.736305119087587e-13,1.503456830846153e-13,1.215812236616059e-11,5.401924342913006e-11
strength_roof,T1-P040,N570,interior_applied_load,,81.889,69.75,193.643,2.144360736979444e-13,-16.137343749975425,-5.6820201174820015e-12,-1.0821116219736929e-13,2.60967777158917e-10,4.101003823765088e-10
strength_roof,T1-P041,N256,interior_applied_load,,84.094,69.75,116.0,-1.6198517025961298e-10,-402.6592029774781,-3.2511433219271103e-10,-1.7891081573216734e-14,-2.5870033644794853e-10,-7.852029663459487e-08
strength_roof,T1-P042,N257,interior_applied_load,,96.125,69.75,116.0,-2.980232238769531e-07,-15.417187660932541,1.4901161193847656e-08,1.4901161193847656e-08,0.0,-2.980232238769531e-07
strength_roof,T1-P043,N551,interior_applied_load,,96.125,69.75,120.0,2.980232238769531e-07,-4.553279876708984,-7.450580596923828e-09,0.0,0.0,1.7881393432617188e-07
strength_roof,T1-P044,N552,interior_applied_load,,96.125,69.75,147.143,-2.980232238769531e-07,-4.553279876708984,1.1920928955078125e-07,7.152557373046875e-07,-5.820766091346741e-11,5.960464477539063e-08
strength_roof,T1-P045,N238,interior_applied_load,,96.125,69.75,150.143,-3.5762786865234375e-07,-19.41809719800949,2.384185791015625e-07,5.960464477539063e-08,0.0,1.1920928955078125e-07
strength_roof,T1-P046,N346,interior_applied_load,,96.125,69.75,152.643,5.364418029785156e-07,-3.271125018596649,-2.384185791015625e-07,2.384185791015625e-07,0.0,2.384185791015625e-07
strength_roof,T1-P047,N347,interior_applied_load,,96.125,69.75,172.143,-5.524717297984123e-14,-6.542250039429445,-1.6956567686404059e-13,3.423976871011783e-13,-5.4621793463794346e-15,1.119867060852728e-12
strength_roof,T1-P048,N348,interior_applied_load,,96.125,69.75,191.643,-4.496125813324703e-08,-3.2711250499125164,-5.411931027765604e-07,-8.401160869198065e-07,9.305351996249705e-11,3.3699462387293266e-08
strength_roof,T1-P049,N571,interior_applied_load,,96.125,69.75,193.643,3.244292794097658e-08,-10.758229156873945,5.297308705991618e-07,-7.495347474352345e-07,-6.967564771043991e-11,-1.861884576839049e-08
strength_roof,T1-P050,N258,interior_applied_load,,102.781,69.75,116.0,2.401871426874323e-12,-402.65920299076487,3.568015679977675e-11,7.586280397061534e-15,-9.358372380064289e-11,1.6136012100615475e-09
strength_roof,T1-P051,N259,interior_applied_load,,110.361,69.75,116.0,-2.155272983700241e-10,-7.708593663675549,-2.592769280477605e-09,6.609657514066956e-14,1.1270373244790832e-10,-5.873672477807013e-08
strength_roof,T1-P052,N239,interior_applied_load,,110.361,69.75,150.143,-7.129493170380353e-11,-16.13734374999636,8.61807732255634e-13,3.762810547234807e-11,-5.2362500129744245e-12,3.268472793909306e-11
strength_roof,T1-P053,N572,interior_applied_load,,110.361,69.75,193.643,-1.4171599583138376e-12,-16.137343749971397,-4.556750930354022e-12,2.1359748018851218e-13,-1.5762373669632848e-10,-1.5305335835357757e-10
strength_roof,T1-P054,N260,interior_applied_load,,112.125,69.75,116.0,2.522283812501627e-10,-9.163802019446388,-4.525664888221716e-10,-1.3695695243073064e-14,1.9628801947739802e-09,-8.929171808807819e-08
strength_roof,T1-P055,N360,interior_applied_load,,117.479,69.75,164.643,-7.275957614183426e-11,-8.659868109425588,-3.069544618483633e-12,-5.4569682106375694e-12,-3.637978807091713e-12,-7.275957614183426e-11
strength_roof,T1-P056,N261,interior_applied_load,,121.469,69.75,116.0,1.0398807798265407e-10,-412.94878640571164,-5.319566830154171e-13,8.040979442521308e-15,-1.8037212802110464e-10,4.879772539085089e-09
strength_roof,T1-P057,N262,interior_applied_load,,138.833,69.75,116.0,4.492003752804447e-10,-15.417187315281428,4.084119583991711e-09,6.482365902831708e-14,-2.938292849616781e-09,1.0668615176224474e-07
strength_roof,T1-P058,N240,interior_applied_load,,138.833,69.75,150.143,2.188595579675886e-12,-18.826901041712627,4.910685134468096e-12,3.3658008234770948e-15,-2.648770802624971e-10,-6.408061338811162e-10
strength_roof,T1-P059,N361,interior_applied_load,,138.833,69.75,179.143,-3.085719721244264e-15,-8.659868109410422,3.7981019430730086e-13,-3.368360405693226e-11,9.396057261458712e-11,-1.3830602051968838e-11
strength_roof,T1-P060,N573,interior_applied_load,,138.833,69.75,193.643,-7.800988579420626e-12,-18.826901041663483,-2.295659913573983e-12,2.7656903991453936e-11,-5.553945006585852e-11,-1.027393510882977e-10
strength_roof,T1-P061,N263,interior_applied_load,,140.156,69.75,116.0,3.3171994270639713e-11,-407.4230055058918,2.628978567530029e-09,5.221624768996751e-14,-1.546210984415005e-10,-7.78486988960329e-08
strength_roof,T1-P062,N264,interior_applied_load,,158.844,69.75,116.0,8.491663567583795e-11,-407.4401925864347,-1.429233429961975e-10,3.764185548307058e-14,4.747233560462492e-10,1.1236073985537783e-07
strength_roof,T1-P063,N265,interior_applied_load,,160.188,69.75,116.0,-6.854534149169922e-07,-6.980989992618561,5.364418029785156e-07,5.960464477539062e-07,3.725290298461914e-09,8.940696716308594e-07
strength_roof,T1-P064,N553,interior_applied_load,,160.188,69.75,120.0,3.5762786865234375e-07,-4.553279861807823,-1.7881393432617188e-07,3.5762786865234375e-07,-5.820766091346741e-11,5.364418029785156e-07
strength_roof,T1-P065,N554,interior_applied_load,,160.188,69.75,147.143,0.0,-4.553279876708984,1.1920928955078125e-07,1.1920928955078125e-07,0.0,0.0
strength_roof,T1-P066,N241,interior_applied_load,,160.188,69.75,150.143,1.1920928955078125e-07,-10.75822913646698,0.0,-1.7881393432617188e-07,-1.4551915228366852e-10,0.0
strength_roof,T1-P067,N349,interior_applied_load,,160.188,69.75,152.643,-5.960464477539063e-08,-3.271125078201294,-2.384185791015625e-07,-2.384185791015625e-07,0.0,1.1920928955078125e-07
strength_roof,T1-P068,N350,interior_applied_load,,160.188,69.75,172.143,1.4214895542753522e-12,-6.542250039445276,-3.734703490332162e-13,-1.080205847648225e-11,-1.0897872537385441e-14,1.013407650361557e-11
strength_roof,T1-P069,N351,interior_applied_load,,160.188,69.75,191.643,-3.650299129076551e-07,-3.2711250604892967,-2.8296882681466684e-07,-4.1464682931646735e-07,-2.0790093222066053e-11,2.4956209243587324e-07
strength_roof,T1-P070,N362,interior_applied_load,,160.188,69.75,193.643,4.974493542512238e-07,-19.3719524750231,1.6462623375739522e-07,-7.936089416746837e-08,1.0156477433982034e-10,4.808959755054837e-08
strength_roof,T1-P071,N266,interior_applied_load,,167.306,69.75,116.0,-1.5555883638369096e-10,-14.308593787998237,5.116892980152534e-11,-1.248379840835545e-18,-8.469066933017208e-10,5.286373786627831e-09
strength_roof,T1-P072,N242,interior_applied_load,,167.306,69.75,150.143,1.869145551970892e-11,-13.447786458206787,-1.2989017918474582e-11,-3.28055054219662e-13,-7.732882621252658e-12,-3.793078540428847e-10
strength_roof,T1-P073,N574,interior_applied_load,,167.306,69.75,193.643,-4.3258714166231634e-13,-13.447786458347618,-8.205960709254527e-12,-4.0138221019883964e-13,2.6878404620281905e-11,1.898145319579162e-11
strength_roof,T1-P074,N267,interior_applied_load,,177.531,69.75,116.0,1.0405586805384754e-10,-414.40399465603525,-1.8878389941812014e-11,1.0828131214376184e-14,-2.1444651858164787e-11,-1.5040589201799974e-10
strength_roof,T1-P075,N363,interior_applied_load,,181.208,69.75,179.143,-1.1633257637655455e-11,-8.567578545974492,-6.923808144516961e-13,-3.470809807455268e-12,-7.844318416243689e-12,-5.740765779348619e-11
strength_roof,T1-P076,N268,interior_applied_load,,195.778,69.75,116.0,2.25660191967442e-09,-15.417190168374704,-3.8085498170900835e-08,2.5103150646784875e-13,2.0452528961351043e-09,-5.180469704245634e-07
strength_roof,T1-P077,N243,interior_applied_load,,195.778,69.75,150.143,-7.454301566232276e-12,-21.138608335695448,2.853378415284056e-13,1.7258059532896278e-13,4.727236302784296e-12,1.1022990806378083e-11
strength_roof,T1-P078,N575,interior_applied_load,,195.778,69.75,193.643,8.663045194121698e-13,-21.138608335717084,-3.909933696922138e-12,2.7324181446336245e-13,-3.418807038814602e-10,-7.623105958445384e-10
strength_roof,T1-P079,N269,interior_applied_load,,196.219,69.75,116.0,-1.6219149139141459e-09,-658.2028324897652,2.690642383496332e-08,-1.7809177103157137e-13,-3.1582320729416367e-09,-2.4893206452143445e-07
strength_roof,T1-P080,N364,interior_applied_load,,202.229,69.75,164.643,-2.9103830456733704e-11,-8.567578545938886,2.2737367544323206e-13,3.637978807091713e-12,1.8189894035458565e-12,9.094947017729282e-12
strength_roof,T1-P081,N270,interior_applied_load,,214.906,69.75,116.0,6.421344008928006e-11,-665.5476263487317,1.2617465288740713e-11,2.9565819587609118e-15,-2.7472682499334136e-11,3.80136713884702e-10
strength_roof,T1-P082,N244,interior_applied_load,,223.25,69.75,150.143,5.960464477539063e-08,-15.042018458247185,-4.76837158203125e-07,2.384185791015625e-07,1.1641532182693481e-10,-1.1920928955078125e-07
strength_roof,T1-P083,N352,interior_applied_load,,223.25,69.75,152.643,-1.7881393432617188e-07,-3.2711250483989716,2.384185791015625e-07,-9.5367431640625e-07,-1.1641532182693481e-10,-1.1920928955078125e-07
strength_roof,T1-P084,N353,interior_applied_load,,223.25,69.75,172.143,3.6339016778735295e-14,-6.5422500394087315,-7.178707744734397e-14,-2.042265466568542e-12,2.2529270861144948e-14,-3.711396293396024e-13
strength_roof,T1-P085,N354,interior_applied_load,,223.25,69.75,191.643,8.291870245979993e-10,-3.2711250226832824,-2.6166127817250917e-07,-1.9555083047295696e-07,-4.952393829955016e-11,-5.519845081014552e-09
strength_roof,T1-P086,N576,interior_applied_load,,223.25,69.75,193.643,1.779726446771157e-08,-10.75822913162687,4.6254609249090616e-08,-7.641922069467511e-08,2.2515425493807443e-09,-5.65022464044136e-09
strength_roof,T1-P087,N271,interior_applied_load,,224.25,69.75,116.0,-5.5113454910937776e-08,-7.708593826301665,4.073365466884022e-08,7.075746687060271e-08,1.0784491166763986e-09,4.1129820545575067e-07
strength_roof,T1-P088,N161,interface_action,T-E; T-E vertical 3,224.25,69.75,120.0,718.1186006930657,1276.672995429486,25.5661990493536,-97.16080181417055,3170.7513064373325,-11157.525368477684
strength_roof,T1-P089,N426,interface_action,T-E; T-E vertical 3,224.25,69.75,121.5,-87.01988153043203,-212.30773839191534,4.098445658572018,203.38768342288677,74.83686574535886,1462.6777633205056
strength_roof,T1-P090,N427,interface_action,T-E vertical 3,224.25,69.75,144.689,2.2493718956105505e-11,-3.8305158102535137,2.2878068392581753e-11,1.0594882631586221e-10,-4.994502178802942e-14,-2.7413039472344275e-11
strength_roof,T1-P091,N555,interface_action,T-E vertical 3,224.25,69.75,147.143,-540.745631635189,-631.9705490320921,25.4257675409317,609.775137424469,477.61413090804126,-4777.1919013261795
strength_roof,T1-P092,N245,interface_action,T-E vertical 3,224.25,69.75,150.143,-96.25153112411499,2379.121048003435,-20.727558135986328,-570.1402459144592,-95.72636247461196,2333.043358027935
strength_roof,T1-P093,N466,interface_action,T-E diagonal 11; T-E diagonal 12; T-E top / segment 1; T-E vertical 3,224.25,69.75,193.643,129.58148260473672,830.3096142243468,-9.063466665625333,-75.15940288641123,-209.68393541117476,-3079.1381161789136
strength_HB0.25,T1-P001,N246,interface_action,T-W / B-WO; T-W vertical 3,-32.0,69.75,116.0,-408.8719358444214,-95.69027560949326,-6.787316799163818,1383.6616442203522,4330.689057517797,337.3455505371094
strength_HB0.25,T1-P002,N370,interface_action,T-W / B-WO; T-W vertical 3,-32.0,69.75,117.5,291.0111331939697,-480.7742196917534,34.185271859169006,1317.2222225666046,92.46199819119647,-5235.414495944977
strength_HB0.25,T1-P003,N547,interface_action,T-W vertical 3,-32.0,69.75,120.0,-291.01113369661545,476.4407998580635,-34.185271977386954,-1231.7590423084362,-92.46199819041283,4507.886659395861
strength_HB0.25,T1-P004,N371,interface_action,T-W vertical 3,-32.0,69.75,142.022,-8.068233436219395e-12,-2.737952422808924,3.962019661260117e-12,-1.1632755269591623e-11,-4.613476722290129e-14,1.5986468184700814e-11
strength_HB0.25,T1-P005,N548,interface_action,T-W vertical 3,-32.0,69.75,147.143,291.0111337900162,-488.16383969783783,34.185272097587585,303.8682050704956,92.4619981906144,3391.028544008732
strength_HB0.25,T1-P006,N231,interface_action,T-W vertical 3,-32.0,69.75,150.143,23.37575539946556,2120.1656232476234,-32.70127058029175,-360.80325281620026,-53.009083659853786,-672.5025941133499
strength_HB0.25,T1-P007,N401,interface_action,T-W diagonal 10; T-W diagonal 9; T-W top / segment 1; T-W vertical 3,-32.0,69.75,193.643,-50.62080177082825,1973.8748429769187,-29.216897593477974,1306.8610667184032,-188.07251823623858,4422.621500225888
strength_HB0.25,T1-P008,N232,interior_applied_load,,-31.0,69.75,150.143,-1.0240910341963172e-07,-15.042018417203508,-1.0568663810772705e-07,8.24638846097514e-09,-1.0846633813343942e-08,-5.709443939849734e-08
strength_HB0.25,T1-P009,N340,interior_applied_load,,-31.0,69.75,152.643,2.3969586823461065e-08,-3.2711250352712797,2.777138354095593e-08,1.0435156387011195e-08,-4.1220962319366473e-11,3.515337816765479e-08
strength_HB0.25,T1-P010,N341,interior_applied_load,,-31.0,69.75,172.143,6.380926798194597e-14,-6.5422500394313525,9.786947154796625e-14,2.3097987511271933e-13,3.644935788113468e-15,-5.742684309783784e-13
strength_HB0.25,T1-P011,N342,interior_applied_load,,-31.0,69.75,191.643,-3.5762786865234375e-07,-3.271124988794327,0.0,9.5367431640625e-07,0.0,1.1920928955078125e-07
strength_HB0.25,T1-P012,N566,interior_applied_load,,-31.0,69.75,193.643,1.1920928955078125e-07,-10.75822913646698,-4.76837158203125e-07,0.0,1.1059455573558807e-08,3.5762786865234375e-07
strength_HB0.25,T1-P013,N355,interior_applied_load,,-9.979,69.75,164.643,0.0,-8.567578545953438,-1.1368683772161603e-13,4.547473508864641e-13,-9.094947017729282e-13,0.0
strength_HB0.25,T1-P014,N247,interior_applied_load,,-3.528,69.75,116.0,-9.922984984014154e-13,-34.108593662340915,-6.915529675881693e-13,-4.7829738525515955e-14,2.9130716151878377e-12,-2.774781066321892e-10
strength_HB0.25,T1-P015,N233,interior_applied_load,,-3.528,69.75,150.143,3.1678578860183105e-12,-21.138608335695462,3.4620607574430185e-13,-1.509783181953784e-13,1.6801950292737801e-12,-1.461139450162534e-11
strength_HB0.25,T1-P016,N567,interior_applied_load,,-3.528,69.75,193.643,-1.0411818847401936e-11,-21.138608335696514,8.785006678916689e-13,-5.250300307780117e-13,3.327506464334833e-13,-1.3961157028921118e-11
strength_HB0.25,T1-P017,N248,interior_applied_load,,9.344,69.75,116.0,-6.598826754796232e-11,-586.8662349455587,-1.0413168174060362e-11,8.410413906617332e-15,4.9338832342435486e-11,-9.37364141613865e-10
strength_HB0.25,T1-P018,N356,interior_applied_load,,11.042,69.75,179.143,-3.450678105821505e-11,-8.56757854596102,4.0156852373375736e-13,2.2546340590839347e-12,-1.3990330497841233e-12,-2.4857328045758172e-11
strength_HB0.25,T1-P019,N249,interior_applied_load,,24.944,69.75,116.0,-5.464012536938419e-11,-15.417187641681586,-3.3694757387035895e-10,-1.470421608338583e-14,-6.659772096104897e-12,1.2583570303778246e-08
strength_HB0.25,T1-P020,N234,interior_applied_load,,24.944,69.75,150.143,-1.8233153127841645e-12,-13.447786458543463,3.855443073624892e-11,-3.024586869835141e-13,-4.8350207050058395e-11,-2.995195844770997e-10
strength_HB0.25,T1-P021,N568,interior_applied_load,,24.944,69.75,193.643,-3.0211775314461184e-11,-13.447786458392388,1.1061566654547461e-10,1.9245608778376125e-14,-2.935648205606873e-10,3.256946009448044e-10
strength_HB0.25,T1-P022,N250,interior_applied_load,,28.031,69.75,116.0,-2.2817901988073008e-10,-569.249047420703,-3.5739979191740763e-10,1.996471486812024e-15,8.797132180137471e-10,5.939825508476708e-08
strength_HB0.25,T1-P023,N251,interior_applied_load,,32.062,69.75,116.0,-5.960464477539063e-08,-15.417187452316284,0.0,-1.4901161193847656e-08,-1.1641532182693481e-10,5.960464477539063e-08
strength_HB0.25,T1-P024,N549,interior_applied_load,,32.062,69.75,120.0,-2.9802322387695312e-08,-4.553279876708984,7.450580596923828e-09,-1.4901161193847656e-08,0.0,0.0
strength_HB0.25,T1-P025,N550,interior_applied_load,,32.062,69.75,147.143,6.556510925292969e-07,-4.553279876708984,1.7881393432617188e-07,2.384185791015625e-07,0.0,-4.172325134277344e-07
strength_HB0.25,T1-P026,N235,interior_applied_load,,32.062,69.75,150.143,5.960464477539063e-08,-10.758229196071625,3.5762786865234375e-07,7.152557373046875e-07,-1.7462298274040222e-10,-2.7418136596679688e-06
strength_HB0.25,T1-P027,N343,interior_applied_load,,32.062,69.75,152.643,-6.421594207495218e-07,-3.2711250406390535,-2.0305276393628446e-07,3.0566889108740725e-07,1.7221779557985428e-12,-1.8007423818744428e-07
strength_HB0.25,T1-P028,N344,interior_applied_load,,32.062,69.75,172.143,-5.684341886080802e-14,-6.542250039434293,0.0,-1.8189894035458565e-12,0.0,0.0
strength_HB0.25,T1-P029,N345,interior_applied_load,,32.062,69.75,191.643,1.848367787715688e-07,-3.2711250149295665,8.222059477702715e-08,1.8146238289773464e-08,5.533600924140284e-13,-5.265610525384545e-08
strength_HB0.25,T1-P030,N357,interior_applied_load,,32.062,69.75,193.643,1.0900599122433628e-07,-19.371952566818837,6.03203984199511e-08,5.309326981901632e-07,-3.4819940033339754e-10,-2.8271677815872036e-07
strength_HB0.25,T1-P031,N252,interior_applied_load,,46.719,69.75,116.0,1.3730632605212629e-10,-580.9938391112562,2.1604639654120015e-11,-3.649619123301914e-14,-2.533256572311375e-10,4.25921749204079e-09
strength_HB0.25,T1-P032,N253,interior_applied_load,,53.417,69.75,116.0,-1.5822477315783798e-10,-15.41718744407028,-4.990756533351178e-11,-1.4978993265189377e-15,-8.801555066565978e-11,-2.216200111564273e-09
strength_HB0.25,T1-P033,N236,interior_applied_load,,53.417,69.75,150.143,-9.643410450580398e-12,-18.826901041641445,-5.112911067637745e-12,-3.7846418192353946e-13,-1.3663763568753104e-10,1.9094170609306074e-10
strength_HB0.25,T1-P034,N358,interior_applied_load,,53.417,69.75,179.143,-4.645800908232816e-11,-8.659868109398873,2.476148225640419e-13,-1.8156734777286458e-11,2.5877062214397346e-11,-1.3938007171919558e-11
strength_HB0.25,T1-P035,N569,interior_applied_load,,53.417,69.75,193.643,2.9025547574676128e-12,-18.826901041661674,-2.2589080261030197e-12,-9.019764980838358e-12,2.57915208334454e-13,2.0548916623053327e-12
strength_HB0.25,T1-P036,N254,interior_applied_load,,65.406,69.75,116.0,-7.1218923814128e-11,-586.8662349462824,-8.002016758956483e-13,1.9124214139301315e-14,-6.599634806156903e-11,3.72953580965495e-09
strength_HB0.25,T1-P037,N359,interior_applied_load,,74.771,69.75,164.643,0.0,-8.659868109418312,3.410605131648481e-13,-6.366462912410498e-12,3.637978807091713e-12,-2.546585164964199e-11
strength_HB0.25,T1-P038,N255,interior_applied_load,,81.889,69.75,116.0,9.786046744762641e-11,-15.417187407053598,6.145071176092767e-11,9.303983410341399e-14,2.372386318735731e-10,7.148545190637031e-09
strength_HB0.25,T1-P039,N237,interior_applied_load,,81.889,69.75,150.143,1.1300596047702107e-12,-16.137343750001527,1.3424862740667758e-12,-3.198041563198411e-13,1.65144441907011e-11,3.072966860029487e-11
strength_HB0.25,T1-P040,N570,interior_applied_load,,81.889,69.75,193.643,-6.554773060026108e-12,-16.13734374995015,-3.444619682124641e-12,-9.636508041009772e-13,7.93981889999493e-11,6.048405880608768e-10
strength_HB0.25,T1-P041,N256,interior_applied_load,,84.094,69.75,116.0,-4.062922914703201e-12,-575.1214433023317,6.4642668034375e-11,6.289622735032532e-14,1.6464347888285283e-10,-8.597430356366556e-09
strength_HB0.25,T1-P042,N257,interior_applied_load,,96.125,69.75,116.0,-1.7881393432617188e-07,-15.417187660932541,-2.2351741790771484e-08,-4.470348358154297e-08,0.0,-5.960464477539062e-07
strength_HB0.25,T1-P043,N551,interior_applied_load,,96.125,69.75,120.0,1.4901161193847656e-07,-4.553279846906662,7.450580596923828e-09,-1.4901161193847656e-08,-2.3283064365386963e-10,5.960464477539063e-08
strength_HB0.25,T1-P044,N552,interior_applied_load,,96.125,69.75,147.143,-1.7881393432617188e-07,-4.553279846906662,2.384185791015625e-07,7.152557373046875e-07,0.0,5.960464477539063e-08
strength_HB0.25,T1-P045,N238,interior_applied_load,,96.125,69.75,150.143,-4.76837158203125e-07,-19.418097257614136,2.384185791015625e-07,0.0,0.0,-4.76837158203125e-07
strength_HB0.25,T1-P046,N346,interior_applied_load,,96.125,69.75,152.643,4.76837158203125e-07,-3.2711250483989716,-1.1920928955078125e-07,-2.384185791015625e-07,1.1641532182693481e-10,1.1920928955078125e-07
strength_HB0.25,T1-P047,N347,interior_applied_load,,96.125,69.75,172.143,-6.4021651787281335e-15,-6.542250039413682,1.9329767815077856e-12,5.874898472822889e-12,1.7680106412680781e-15,4.795139287278058e-13
strength_HB0.25,T1-P048,N348,interior_applied_load,,96.125,69.75,191.643,-5.089774879341036e-09,-3.2711250566858148,6.643496881508781e-07,-3.642089296818085e-08,1.2557078817258723e-11,1.4743774146008803e-07
strength_HB0.25,T1-P049,N571,interior_applied_load,,96.125,69.75,193.643,1.6082016155625827e-07,-10.758229190456461,-3.031729492120757e-07,1.7846006257697493e-07,1.0230564929405919e-10,5.8119791302699774e-08
strength_HB0.25,T1-P050,N258,interior_applied_load,,102.781,69.75,116.0,-1.8992002928956014e-10,-575.1214432811572,-1.402533614600906e-12,3.0919873889760784e-14,4.392107584480822e-11,6.9257610838726716e-09
strength_HB0.25,T1-P051,N259,interior_applied_load,,110.361,69.75,116.0,1.9433864356240976e-10,-7.708593663823281,-1.2603149763454309e-09,-9.517886214627287e-14,-1.736263338570248e-09,-9.735628462861372e-09
strength_HB0.25,T1-P052,N239,interior_applied_load,,110.361,69.75,150.143,1.3909647228462028e-11,-16.13734374999771,-8.991059081361613e-13,-5.799597688181934e-11,9.064657346857513e-12,1.7575115623797802e-11
strength_HB0.25,T1-P053,N572,interior_applied_load,,110.361,69.75,193.643,-1.0455907048288896e-12,-16.137343750013397,2.176217506113121e-11,-1.4783986866866312e-13,1.1406665015599854e-10,8.402725117290028e-10
strength_HB0.25,T1-P054,N260,interior_applied_load,,112.125,69.75,116.0,-1.2846841686262115e-10,-9.163802066574712,-1.747908022722857e-10,-1.4396239557908726e-14,4.434945296758784e-10,-7.902720401346823e-08
strength_HB0.25,T1-P055,N360,interior_applied_load,,117.479,69.75,164.643,1.4551915228366852e-11,-8.659868109389208,-2.2737367544323206e-13,1.000444171950221e-11,-2.546585164964199e-11,-6.184563972055912e-11
strength_HB0.25,T1-P056,N261,interior_applied_load,,121.469,69.75,116.0,5.555919662695656e-11,-585.4110266956168,6.42113478202501e-12,4.48350300255632e-15,-2.3065576430471282e-11,8.371167526407797e-09
strength_HB0.25,T1-P057,N262,interior_applied_load,,138.833,69.75,116.0,2.1330003430398845e-10,-15.417187402193541,-1.4783291980460285e-09,-4.900954191069898e-14,-1.9167730770749982e-09,8.803753124940021e-08
strength_HB0.25,T1-P058,N240,interior_applied_load,,138.833,69.75,150.143,-1.6314793366675298e-12,-18.826901041704986,9.196459561660117e-12,1.6130371393257852e-13,-2.5414256251390274e-10,-8.381615959673985e-10
strength_HB0.25,T1-P059,N361,interior_applied_load,,138.833,69.75,179.143,9.8217816871169e-13,-8.659868109401154,-2.7013913750831826e-13,7.076139035535849e-12,2.7358885611686284e-11,3.3576824844736795e-12
strength_HB0.25,T1-P060,N573,interior_applied_load,,138.833,69.75,193.643,-5.036789117241081e-13,-18.826901041666236,-6.172401889419988e-12,-4.706941303388833e-11,3.6575694607791544e-11,-7.706293783283771e-11
strength_HB0.25,T1-P061,N263,interior_applied_load,,140.156,69.75,116.0,-2.5752042956236646e-10,-579.8852457250531,3.998022069822649e-09,2.305033146831432e-14,-1.66206131708004e-09,-6.071642001490761e-08
strength_HB0.25,T1-P062,N264,interior_applied_load,,158.844,69.75,116.0,3.155713463507335e-10,-579.9024330242925,5.5459782248814424e-09,-4.056742482819627e-14,-4.751415398801957e-09,2.6719452375784206e-08
strength_HB0.25,T1-P063,N265,interior_applied_load,,160.188,69.75,116.0,4.172325134277344e-07,-6.980989918112755,1.7881393432617188e-07,1.7881393432617188e-07,1.6880221664905548e-09,-6.556510925292969e-07
strength_HB0.25,T1-P064,N553,interior_applied_load,,160.188,69.75,120.0,-8.046627044677734e-07,-4.553279861807823,2.086162567138672e-07,-5.364418029785156e-07,-5.820766091346741e-11,-2.4437904357910156e-06
strength_HB0.25,T1-P065,N554,interior_applied_load,,160.188,69.75,147.143,-5.960464477539063e-08,-4.553279846906662,1.1920928955078125e-07,0.0,-2.9103830456733704e-11,1.1920928955078125e-07
strength_HB0.25,T1-P066,N241,interior_applied_load,,160.188,69.75,150.143,2.384185791015625e-07,-10.758229196071625,2.384185791015625e-07,1.1920928955078125e-07,-2.9103830456733704e-10,8.940696716308594e-08
strength_HB0.25,T1-P067,N349,interior_applied_load,,160.188,69.75,152.643,0.0,-3.271125018596649,2.384185791015625e-07,2.384185791015625e-07,0.0,0.0
strength_HB0.25,T1-P068,N350,interior_applied_load,,160.188,69.75,172.143,-2.7084009494300512e-14,-6.542250039358332,2.467032709854191e-13,2.666349586014576e-11,-5.342547302228701e-16,8.811735003775257e-12
strength_HB0.25,T1-P069,N351,interior_applied_load,,160.188,69.75,191.643,-4.449974916886923e-07,-3.2711250522732556,-1.8032505028076073e-07,-6.467243957031243e-07,1.3816780535944626e-11,2.2960976908681374e-07
strength_HB0.25,T1-P070,N362,interior_applied_load,,160.188,69.75,193.643,4.417762659802935e-07,-19.37195243836773,4.937943351112319e-07,-1.8410502060755456e-07,4.125641043188841e-10,-7.77816672480278e-08
strength_HB0.25,T1-P071,N266,interior_applied_load,,167.306,69.75,116.0,-1.4286143325214122e-10,-14.308593787991239,7.884318005383186e-11,1.8992314338384854e-14,-7.388912048907124e-10,9.74882527383565e-09
strength_HB0.25,T1-P072,N242,interior_applied_load,,167.306,69.75,150.143,4.820763366544677e-13,-13.447786458312644,-2.2655527652556648e-11,-6.370444991327641e-13,2.5154058389162753e-11,3.361527392020947e-10
strength_HB0.25,T1-P073,N574,interior_applied_load,,167.306,69.75,193.643,-1.0795123827854795e-11,-13.447786458308475,9.60693473391592e-12,-9.578664324021325e-13,9.372738765527185e-11,-6.7438853826439e-11
strength_HB0.25,T1-P074,N267,interior_applied_load,,177.531,69.75,116.0,4.3020996508996494e-11,-586.8662349457094,-4.9159186202073676e-12,1.3661257914549324e-15,-1.473706566797172e-11,2.5932139581370563e-10
strength_HB0.25,T1-P075,N363,interior_applied_load,,181.208,69.75,179.143,-2.1424478389764783e-11,-8.567578545965539,-9.168529759545961e-14,-5.759769625076374e-12,-1.094337174660522e-11,4.381319940550362e-11
strength_HB0.25,T1-P076,N268,interior_applied_load,,195.778,69.75,116.0,-3.1641724277676026e-10,-15.417187933338294,1.7917707478865634e-08,1.0851197802614287e-13,1.9844614949159503e-09,1.5830516782007375e-07
strength_HB0.25,T1-P077,N243,interior_applied_load,,195.778,69.75,150.143,-7.955866654416583e-12,-21.138608335694105,-2.235167458521836e-13,-7.383675461298131e-14,6.24503121434706e-12,1.4669989962035344e-11
strength_HB0.25,T1-P078,N575,interior_applied_load,,195.778,69.75,193.643,5.916811544417244e-12,-21.138608335690503,-2.864506739723731e-12,4.162490901033703e-13,-4.6212971185767993e-10,1.3319311960541625e-09
strength_HB0.25,T1-P079,N269,interior_applied_load,,196.219,69.75,116.0,1.7268482119856849e-09,-981.5695355609384,6.286247404067558e-08,-2.8079569099627627e-13,3.6265673735146374e-09,1.9171204296035392e-07
strength_HB0.25,T1-P080,N364,interior_applied_load,,202.229,69.75,164.643,-7.275957614183426e-12,-8.567578545953438,0.0,4.547473508864641e-13,0.0,5.4569682106375694e-12
strength_HB0.25,T1-P081,N270,interior_applied_load,,214.906,69.75,116.0,3.691565209882152e-11,-988.9143268916802,1.3538390147942345e-11,4.279966836590854e-15,-4.8780660333495395e-12,-1.204352978585878e-09
strength_HB0.25,T1-P082,N244,interior_applied_load,,223.25,69.75,150.143,0.0,-15.042018428444862,2.384185791015625e-07,2.384185791015625e-07,2.3283064365386963e-10,0.0
strength_HB0.25,T1-P083,N352,interior_applied_load,,223.25,69.75,152.643,-2.384185791015625e-07,-3.271125018596649,-5.960464477539062e-07,0.0,0.0,-3.5762786865234375e-07
strength_HB0.25,T1-P084,N353,interior_applied_load,,223.25,69.75,172.143,2.671607795797023e-14,-6.542250039408036,4.3724489488556523e-14,-1.8736171153832788e-12,3.73736699733801e-15,5.582567799359122e-13
strength_HB0.25,T1-P085,N354,interior_applied_load,,223.25,69.75,191.643,5.970564598278827e-09,-3.2711250365102096,1.0157588745118851e-07,-1.259978372192272e-07,4.9188973041191225e-11,-5.222139831673189e-09
strength_HB0.25,T1-P086,N576,interior_applied_load,,223.25,69.75,193.643,8.343640256480711e-08,-10.7582290741759,-4.337809739978074e-07,3.652871525749629e-07,-2.0146856286151826e-09,-2.2400719084214993e-08
strength_HB0.25,T1-P087,N271,interior_applied_load,,224.25,69.75,116.0,4.996538538470929e-08,-7.7085938311368984,2.8007993371475977e-08,1.597020746270654e-07,2.2252453183847208e-09,1.4057919551726785e-07
strength_HB0.25,T1-P088,N161,interface_action,T-E; T-E vertical 3,224.25,69.75,120.0,1050.574503566604,1808.1893968759105,34.677493290626444,-130.6227207951015,4307.908160065383,-13000.435281653889
strength_HB0.25,T1-P089,N426,interface_action,T-E; T-E vertical 3,224.25,69.75,121.5,-115.1409790054895,-372.55124542699195,4.9571622592629865,236.90333474008366,120.96920476117248,1976.7245576924179
strength_HB0.25,T1-P090,N427,interface_action,T-E vertical 3,224.25,69.75,144.689,8.403903998218958e-11,-3.830515810337078,-9.156566607765648e-11,-1.1790550174378681e-11,5.4089186341684266e-14,-7.479136270997006e-11
strength_HB0.25,T1-P091,N555,interface_action,T-E vertical 3,224.25,69.75,147.143,-715.4914524555206,-1097.6842075437307,30.7530380487442,681.0909502506256,772.0339571040822,-6063.888054251671
strength_HB0.25,T1-P092,N245,interface_action,T-E vertical 3,224.25,69.75,150.143,-129.53721672296524,3466.3670682907104,-25.096823692321777,-556.7025195360184,-263.0012785930885,2989.4864844083786
strength_HB0.25,T1-P093,N466,interface_action,T-E diagonal 11; T-E diagonal 12; T-E top / segment 1; T-E vertical 3,224.25,69.75,193.643,54.70099442625222,1242.9527597291356,-10.770655009117844,25.549167086447117,-274.17456811514506,-4437.5654878337145
strength_HB0.5,T1-P001,N246,interface_action,T-W / B-WO; T-W vertical 3,-32.0,69.75,116.0,-402.21934032440186,-96.13647717237473,-8.27340316772461,1386.4299750328064,4531.693776322529,347.83133602142334
strength_HB0.5,T1-P002,N370,interface_action,T-W / B-WO; T-W vertical 3,-32.0,69.75,117.5,295.17993450164795,-483.18345272541046,34.31613898277283,1320.0474606752396,99.25435299938545,-5308.0554895401
strength_HB0.5,T1-P003,N547,interface_action,T-W vertical 3,-32.0,69.75,120.0,-295.1799350491862,478.8500329243949,-34.316139166373155,-1234.2571123041464,-99.25435299846836,4570.1056497675045
strength_HB0.5,T1-P004,N371,interface_action,T-W vertical 3,-32.0,69.75,142.022,4.635651772895146e-13,-2.7379524227591046,4.765765880649305e-12,8.205528553372492e-12,-4.4376084173322265e-14,-8.489921178068199e-12
strength_HB0.5,T1-P005,N548,interface_action,T-W vertical 3,-32.0,69.75,147.143,295.17993527650833,-490.5730727612972,34.316139459609985,302.81414699554443,99.25435299833771,3441.9633310437202
strength_HB0.5,T1-P006,N231,interface_action,T-W vertical 3,-32.0,69.75,150.143,24.68464294075966,2126.201666980982,-32.78545093536377,-362.60163819789886,-54.30208967172075,-698.8314859867096
strength_HB0.5,T1-P007,N401,interface_action,T-W diagonal 10; T-W diagonal 9; T-W top / segment 1; T-W vertical 3,-32.0,69.75,193.643,-58.05879767339102,1981.913516430045,-29.311922499571523,1306.1313645330224,-182.33159994156392,4510.774842192081
strength_HB0.5,T1-P008,N232,interior_applied_load,,-31.0,69.75,150.143,6.551272235810757e-08,-15.042018436419312,-1.5715500012447592e-09,-8.760525815887377e-08,-1.738044375088066e-08,-1.7321508494205773e-07
strength_HB0.5,T1-P009,N340,interior_applied_load,,-31.0,69.75,152.643,-8.862348509678366e-08,-3.2711250325578183,1.4228182920672826e-07,8.883325386869902e-08,1.98197559502428e-11,-1.335636737672131e-07
strength_HB0.5,T1-P010,N341,interior_applied_load,,-31.0,69.75,172.143,1.208503758455365e-14,-6.542250039382349,1.1263654073085442e-13,7.532945648656353e-13,1.2191246152943405e-15,1.777422015716375e-13
strength_HB0.5,T1-P011,N342,interior_applied_load,,-31.0,69.75,191.643,-1.1920928955078125e-07,-3.271125018596649,-9.5367431640625e-07,-4.76837158203125e-07,-5.820766091346741e-11,0.0
strength_HB0.5,T1-P012,N566,interior_applied_load,,-31.0,69.75,193.643,0.0,-10.75822913646698,9.5367431640625e-07,-9.5367431640625e-07,-1.8044374883174896e-09,2.384185791015625e-07
strength_HB0.5,T1-P013,N355,interior_applied_load,,-9.979,69.75,164.643,0.0,-8.56757854596799,-1.1368683772161603e-13,-1.8189894035458565e-12,1.8189894035458565e-12,-3.637978807091713e-12
strength_HB0.5,T1-P014,N247,interior_applied_load,,-3.528,69.75,116.0,5.943698954085992e-11,-34.10859366235918,8.239221164083314e-13,-1.3495415560110293e-14,-3.7551332986883044e-11,1.2594595592716216e-09
strength_HB0.5,T1-P015,N233,interior_applied_load,,-3.528,69.75,150.143,-1.5446117694989897e-12,-21.138608335694684,6.56010926122773e-13,1.6182688382890857e-13,1.0718050671825187e-11,-4.27491921057545e-12
strength_HB0.5,T1-P016,N567,interior_applied_load,,-3.528,69.75,193.643,-1.1365745089358252e-11,-21.13860833569544,7.05045067975185e-13,-3.3299999705658977e-13,3.3865913935486762e-12,8.583343987564891e-12
strength_HB0.5,T1-P017,N248,interior_applied_load,,9.344,69.75,116.0,-9.62803106453366e-11,-586.8662349454993,-2.1662138233746916e-12,3.0368616688511573e-15,-4.7109288618187474e-11,2.668317802014574e-11
strength_HB0.5,T1-P018,N356,interior_applied_load,,11.042,69.75,179.143,-1.218222887187586e-11,-8.567578545940751,-2.9956870179472693e-13,2.0720743276242694e-12,4.727484642139853e-13,-4.976485509551644e-11
strength_HB0.5,T1-P019,N249,interior_applied_load,,24.944,69.75,116.0,8.25995416002032e-11,-15.417187652697788,-5.092476524839563e-10,-3.667343833793906e-14,-9.097706278728275e-11,-5.3663628722934544e-09
strength_HB0.5,T1-P020,N234,interior_applied_load,,24.944,69.75,150.143,4.0045476985306144e-12,-13.447786458402156,4.2958451501308704e-11,1.8173100453231367e-13,-6.09384611211271e-11,-3.132348292372441e-11
strength_HB0.5,T1-P021,N568,interior_applied_load,,24.944,69.75,193.643,-1.6731795181866158e-11,-13.447786458491858,4.8082279458762556e-11,-9.364015698813175e-13,1.9686730053374975e-10,-2.911043233997529e-10
strength_HB0.5,T1-P022,N250,interior_applied_load,,28.031,69.75,116.0,-1.9041660271452072e-10,-569.2490474141068,-1.4123701335664491e-10,1.0219323575629008e-14,1.5559881677492716e-09,-1.8892971339436737e-08
strength_HB0.5,T1-P023,N251,interior_applied_load,,32.062,69.75,116.0,5.960464477539063e-08,-15.417187422513962,7.450580596923828e-09,1.4901161193847656e-08,-8.149072527885437e-10,-2.384185791015625e-07
strength_HB0.5,T1-P024,N549,interior_applied_load,,32.062,69.75,120.0,-5.960464477539063e-08,-4.553279846906662,7.450580596923828e-09,-1.4901161193847656e-08,-1.1641532182693481e-10,-5.960464477539063e-08
strength_HB0.5,T1-P025,N550,interior_applied_load,,32.062,69.75,147.143,1.1920928955078125e-07,-4.553279846906662,2.384185791015625e-07,3.5762786865234375e-07,0.0,-1.1920928955078125e-07
strength_HB0.5,T1-P026,N235,interior_applied_load,,32.062,69.75,150.143,-4.172325134277344e-07,-10.758229166269302,-5.960464477539063e-08,5.960464477539062e-07,7.275957614183426e-12,-2.384185791015625e-07
strength_HB0.5,T1-P027,N343,interior_applied_load,,32.062,69.75,152.643,1.4880352239288186e-07,-3.271125061528196,3.611523879953893e-08,-1.1508245734148659e-07,2.3931967518819874e-12,4.244465969804878e-07
strength_HB0.5,T1-P028,N344,interior_applied_load,,32.062,69.75,172.143,0.0,-6.542250039376086,-2.2737367544323206e-13,-1.8189894035458565e-12,0.0,9.094947017729282e-13
strength_HB0.5,T1-P029,N345,interior_applied_load,,32.062,69.75,191.643,1.9851484012178844e-08,-3.271125064260559,1.404953309247503e-07,3.304976416984573e-07,-1.1019243463842214e-12,8.715687727089971e-09
strength_HB0.5,T1-P030,N357,interior_applied_load,,32.062,69.75,193.643,7.25421809699536e-08,-19.371952539892046,-2.890901294319072e-07,3.4167232756198406e-07,-2.7822274881971423e-11,3.419476353651433e-08
strength_HB0.5,T1-P031,N252,interior_applied_load,,46.719,69.75,116.0,-2.4448398315931834e-12,-580.9938391093106,-3.672975011667756e-11,-8.087462078678623e-16,-8.089623448535904e-11,9.772855114966734e-09
strength_HB0.5,T1-P032,N253,interior_applied_load,,53.417,69.75,116.0,-1.302826022510005e-10,-15.41718744640506,-2.808557587130251e-11,-7.0420053252259695e-15,2.6715765475838902e-11,-1.5217607638760486e-09
strength_HB0.5,T1-P033,N236,interior_applied_load,,53.417,69.75,150.143,-7.05162263116594e-12,-18.826901041662733,-2.816194840499416e-13,-9.38513057709196e-13,-1.592227881636971e-10,5.075475608411624e-10
strength_HB0.5,T1-P034,N358,interior_applied_load,,53.417,69.75,179.143,-1.3031990791591652e-11,-8.65986810939873,8.770021472362147e-13,-2.046585408339465e-11,1.9350572930484744e-11,-2.5575639873018067e-11
strength_HB0.5,T1-P035,N569,interior_applied_load,,53.417,69.75,193.643,9.022060599969529e-13,-18.826901041663987,-4.607534090689489e-13,-3.642268979875843e-12,-9.292586826715837e-12,2.7974567874047226e-12
strength_HB0.5,T1-P036,N254,interior_applied_load,,65.406,69.75,116.0,-4.530645487683738e-11,-586.866234945623,5.989927880970528e-13,-2.1137389932903242e-14,-5.177773603579862e-11,-1.1276578327369618e-08
strength_HB0.5,T1-P037,N359,interior_applied_load,,74.771,69.75,164.643,-5.820766091346741e-11,-8.659868109389208,-3.979039320256561e-13,-7.73070496506989e-12,3.637978807091713e-12,-3.637978807091713e-12
strength_HB0.5,T1-P038,N255,interior_applied_load,,81.889,69.75,116.0,-1.0273807114386349e-10,-15.417187437517404,-1.5426863487424367e-11,1.7365082329528092e-13,7.929048419929442e-11,1.5377245751138466e-08
strength_HB0.5,T1-P039,N237,interior_applied_load,,81.889,69.75,150.143,-1.7571685353113885e-11,-16.13734374999334,2.124050324302484e-12,2.962840742183042e-13,-1.157360010891127e-11,1.9390255351374688e-10
strength_HB0.5,T1-P040,N570,interior_applied_load,,81.889,69.75,193.643,-1.0447349173091622e-11,-16.13734374999016,-1.4867882436578226e-11,1.4605867445689244e-13,4.071970224074413e-10,2.7393828875515555e-10
strength_HB0.5,T1-P041,N256,interior_applied_load,,84.094,69.75,116.0,2.1032221781313988e-10,-575.1214432992903,-7.549532989250517e-11,-1.0999496249713774e-14,2.0425982163475668e-10,-1.0447579536815702e-08
strength_HB0.5,T1-P042,N257,interior_applied_load,,96.125,69.75,116.0,-1.1920928955078125e-07,-15.417187631130219,0.0,0.0,0.0,-8.940696716308594e-07
strength_HB0.5,T1-P043,N551,interior_applied_load,,96.125,69.75,120.0,1.1920928955078125e-07,-4.553279846906662,7.450580596923828e-09,0.0,0.0,-1.1920928955078125e-07
strength_HB0.5,T1-P044,N552,interior_applied_load,,96.125,69.75,147.143,-1.7881393432617188e-07,-4.553279876708984,2.384185791015625e-07,5.960464477539062e-07,0.0,0.0
strength_HB0.5,T1-P045,N238,interior_applied_load,,96.125,69.75,150.143,-2.384185791015625e-07,-19.41809731721878,0.0,4.172325134277344e-07,2.3283064365386963e-10,1.1920928955078125e-07
strength_HB0.5,T1-P046,N346,interior_applied_load,,96.125,69.75,152.643,4.76837158203125e-07,-3.271125018596649,-3.5762786865234375e-07,0.0,1.1641532182693481e-10,2.384185791015625e-07
strength_HB0.5,T1-P047,N347,interior_applied_load,,96.125,69.75,172.143,-8.113251413473299e-14,-6.542250039423769,3.27788016729294e-12,1.8894457388961763e-11,2.1607822949794383e-15,5.882177742724745e-13
strength_HB0.5,T1-P048,N348,interior_applied_load,,96.125,69.75,191.643,1.0858348692410758e-07,-3.271125043654955,-2.694965246519132e-07,-2.4443920665362384e-08,4.444732936577424e-12,-2.0401591516172601e-07
strength_HB0.5,T1-P049,N571,interior_applied_load,,96.125,69.75,193.643,-9.924733211680968e-08,-10.758229153231513,-6.090903449049016e-07,-7.828111568833279e-08,8.694210917918739e-11,-1.1014037987068108e-07
strength_HB0.5,T1-P050,N258,interior_applied_load,,102.781,69.75,116.0,-1.3900551492534353e-10,-575.1214432812267,-2.2723217639183025e-12,1.3891653585253568e-14,3.105387776591489e-11,1.1914128586984833e-09
strength_HB0.5,T1-P051,N259,interior_applied_load,,110.361,69.75,116.0,-8.748976506617762e-11,-7.70859365104053,-2.844731579256175e-09,-8.118499028789134e-14,1.1958466736586197e-09,-7.329084305412329e-08
strength_HB0.5,T1-P052,N239,interior_applied_load,,110.361,69.75,150.143,1.2539672510734467e-10,-16.137343749998298,6.638027944839748e-13,-4.26497112899455e-11,-1.6747573747928685e-12,4.069122350191354e-11
strength_HB0.5,T1-P053,N572,interior_applied_load,,110.361,69.75,193.643,-1.9685860778468693e-11,-16.137343750060364,2.18004908537088e-11,-1.1752083013900575e-13,3.167233428492143e-10,1.3016775917110126e-09
strength_HB0.5,T1-P054,N260,interior_applied_load,,112.125,69.75,116.0,-1.916631265622252e-10,-9.163802004939432,-8.112009794064718e-10,-1.3712938123679606e-14,2.0673896032266013e-09,-7.57812533598713e-08
strength_HB0.5,T1-P055,N360,interior_applied_load,,117.479,69.75,164.643,-5.820766091346741e-11,-8.659868109418312,2.2737367544323206e-13,1.2732925824820995e-11,-1.8189894035458565e-11,-5.820766091346741e-11
strength_HB0.5,T1-P056,N261,interior_applied_load,,121.469,69.75,116.0,4.038263111606233e-11,-585.4110266951867,-8.384287962816543e-12,7.117708799856656e-16,-1.4111626236151096e-10,4.99135752349481e-09
strength_HB0.5,T1-P057,N262,interior_applied_load,,138.833,69.75,116.0,-2.1080054646940714e-10,-15.41718736850627,-3.8014024911607295e-09,-8.655599285226129e-15,-9.648744481065285e-10,5.720245698143579e-08
strength_HB0.5,T1-P058,N240,interior_applied_load,,138.833,69.75,150.143,4.869141951331783e-13,-18.826901041688995,1.5840408692354612e-11,5.129640833751514e-13,-3.497248856159994e-10,-3.485780636840784e-10
strength_HB0.5,T1-P059,N361,interior_applied_load,,138.833,69.75,179.143,6.344501813140837e-12,-8.659868109389814,-5.554998113569982e-13,1.0342747528446227e-11,1.1631015622170643e-12,2.710637585789426e-11
strength_HB0.5,T1-P060,N573,interior_applied_load,,138.833,69.75,193.643,3.7937277825805365e-12,-18.826901041657024,-1.6830340353490436e-13,-3.5023882859275694e-12,-1.6520454859439262e-11,4.5986459221144894e-11
strength_HB0.5,T1-P061,N263,interior_applied_load,,140.156,69.75,116.0,-9.610597380742943e-11,-579.8852457467575,4.28726487837477e-09,3.74359776751123e-16,-1.6247194577041462e-09,-1.2093678977421032e-07
strength_HB0.5,T1-P062,N264,interior_applied_load,,158.844,69.75,116.0,-1.1131017370674711e-10,-579.902433345302,1.061485186772869e-08,8.041465270335258e-14,-4.358563121390799e-09,-1.888125642482729e-07
strength_HB0.5,T1-P063,N265,interior_applied_load,,160.188,69.75,116.0,4.470348358154297e-07,-6.98098960518837,7.748603820800781e-07,9.5367431640625e-07,1.979060471057892e-09,-7.748603820800781e-07
strength_HB0.5,T1-P064,N553,interior_applied_load,,160.188,69.75,120.0,-7.748603820800781e-07,-4.553279861807823,-4.172325134277344e-07,9.5367431640625e-07,-5.820766091346741e-11,-2.5033950805664062e-06
strength_HB0.5,T1-P065,N554,interior_applied_load,,160.188,69.75,147.143,-5.960464477539063e-08,-4.553279846906662,0.0,0.0,-5.820766091346741e-11,0.0
strength_HB0.5,T1-P066,N241,interior_applied_load,,160.188,69.75,150.143,0.0,-10.75822925567627,-2.384185791015625e-07,-5.960464477539063e-08,-1.7462298274040222e-10,2.980232238769531e-07
strength_HB0.5,T1-P067,N349,interior_applied_load,,160.188,69.75,152.643,0.0,-3.271125018596649,0.0,0.0,0.0,0.0
strength_HB0.5,T1-P068,N350,interior_applied_load,,160.188,69.75,172.143,-9.438937167731073e-13,-6.542250039390774,-4.3075345056196096e-13,2.0540831083706128e-11,-2.9355057855535518e-15,-3.4956833325823013e-13
strength_HB0.5,T1-P069,N351,interior_applied_load,,160.188,69.75,191.643,5.815404602871332e-07,-3.2711250245856967,-3.2604151220527733e-07,-7.240004887276719e-07,2.032744693482241e-11,-1.0954987968991858e-06
strength_HB0.5,T1-P070,N362,interior_applied_load,,160.188,69.75,193.643,-5.204776088481793e-07,-19.37195248339641,9.223770730005366e-07,-5.68902225228441e-07,5.347788489810604e-10,-7.742419021684044e-07
strength_HB0.5,T1-P071,N266,interior_applied_load,,167.306,69.75,116.0,-3.430904296257828e-11,-14.308593785641483,2.195099072678545e-10,2.4813813489687283e-15,-3.860283698898534e-10,-8.542870376807881e-09
strength_HB0.5,T1-P072,N242,interior_applied_load,,167.306,69.75,150.143,-8.045762911379363e-12,-13.447786458342504,1.4255231514874047e-13,-7.700827451619801e-13,9.121965830787881e-11,1.9419720032692e-10
strength_HB0.5,T1-P073,N574,interior_applied_load,,167.306,69.75,193.643,1.1456167844043726e-12,-13.447786458371873,-2.2987918097356014e-11,-5.138297498215897e-13,-2.0611621729210626e-11,6.972991255945976e-11
strength_HB0.5,T1-P074,N267,interior_applied_load,,177.531,69.75,116.0,1.3572275833159616e-11,-586.8662349455507,-9.797576520629154e-12,-7.258487402723427e-15,4.056948108247672e-13,-1.1252951815217218e-09
strength_HB0.5,T1-P075,N363,interior_applied_load,,181.208,69.75,179.143,-2.4894606339983824e-11,-8.567578545952163,-5.357121954182683e-13,-8.719661248461202e-12,-1.881029498201087e-11,3.437612354937115e-11
strength_HB0.5,T1-P076,N268,interior_applied_load,,195.778,69.75,116.0,2.0284506444337616e-09,-15.417185975324221,5.2642873440964366e-08,-1.223126543386925e-13,2.4372865399548157e-08,2.4238448692685167e-07
strength_HB0.5,T1-P077,N243,interior_applied_load,,195.778,69.75,150.143,-1.58947394610893e-11,-21.13860833569456,-9.459777517414063e-14,-1.5634566679669407e-14,-2.3780075970691078e-12,1.6170456706909416e-11
strength_HB0.5,T1-P078,N575,interior_applied_load,,195.778,69.75,193.643,3.6298034083895514e-12,-21.13860833569135,-4.239385180455283e-12,9.946537588370923e-14,-3.851539996287781e-10,1.0167188207400968e-09
strength_HB0.5,T1-P079,N269,interior_applied_load,,196.219,69.75,116.0,-1.6595336211892216e-09,-981.5695363687629,-2.0972335909379663e-07,-5.492649241141179e-14,4.1546435558954894e-09,3.6518828666318775e-08
strength_HB0.5,T1-P080,N364,interior_applied_load,,202.229,69.75,164.643,0.0,-8.56757854596799,2.2737367544323206e-13,9.094947017729282e-13,-3.637978807091713e-12,0.0
strength_HB0.5,T1-P081,N270,interior_applied_load,,214.906,69.75,116.0,-5.566217587013097e-12,-988.9143268915097,9.157654885731513e-12,2.463037937722539e-14,3.4647758029478174e-12,7.652688176432911e-10
strength_HB0.5,T1-P082,N244,interior_applied_load,,223.25,69.75,150.143,0.0,-15.042018473148346,-7.152557373046875e-07,0.0,-7.683411240577698e-09,-1.1920928955078125e-07
strength_HB0.5,T1-P083,N352,interior_applied_load,,223.25,69.75,152.643,1.1920928955078125e-07,-3.2711250334978104,1.1920928955078125e-07,-9.5367431640625e-07,-2.3283064365386963e-10,3.5762786865234375e-07
strength_HB0.5,T1-P084,N353,interior_applied_load,,223.25,69.75,172.143,2.1274542506758682e-14,-6.5422500394064995,1.896396042891159e-13,-3.382726217129069e-12,1.6941229512088313e-14,-8.215508493060032e-13
strength_HB0.5,T1-P085,N354,interior_applied_load,,223.25,69.75,191.643,2.022191933348516e-08,-3.2711250252162802,-7.904680882075965e-07,-2.227466844306747e-07,3.4170282139230205e-11,6.386935369473434e-09
strength_HB0.5,T1-P086,N576,interior_applied_load,,223.25,69.75,193.643,1.1388853141114375e-07,-10.758229161436429,1.6638007906275197e-07,-1.6925531005159445e-07,9.523678053289698e-09,-4.550388939495432e-08
strength_HB0.5,T1-P087,N271,interior_applied_load,,224.25,69.75,116.0,1.7394827600547558e-07,-7.708593849482692,2.4921911110113778e-08,8.442457326488323e-08,1.5474800927970144e-09,-9.516786606277688e-08
strength_HB0.5,T1-P088,N161,interface_action,T-E; T-E vertical 3,224.25,69.75,120.0,1065.1094983271323,1793.0493451883085,36.27230021962896,-136.3974113567965,4492.063521187247,-12123.287477683742
strength_HB0.5,T1-P089,N426,interface_action,T-E; T-E vertical 3,224.25,69.75,121.5,-114.46371880918741,-366.51557452697307,5.130977003835142,245.70897974516265,129.5530620050581,1971.064700671006
strength_HB0.5,T1-P090,N427,interface_action,T-E vertical 3,224.25,69.75,144.689,1.0678507427680339e-10,-3.8305158102648047,-8.62802844559094e-11,-2.8381505182871532e-11,1.215376550853534e-13,-4.844309202588613e-11
strength_HB0.5,T1-P091,N555,interface_action,T-E vertical 3,224.25,69.75,147.143,-711.2829256057739,-1080.1428142637014,31.831342816352844,708.0680785179138,826.8167366411071,-5991.139422655106
strength_HB0.5,T1-P092,N245,interface_action,T-E vertical 3,224.25,69.75,150.143,-132.69905388355255,3434.10300655663,-25.88823974132538,-567.2282892465591,-298.0463327112375,2976.0635430812836
strength_HB0.5,T1-P093,N466,interface_action,T-E diagonal 11; T-E diagonal 12; T-E top / segment 1; T-E vertical 3,224.25,69.75,193.643,33.74976054414867,1255.5605264653539,-11.291741159619646,39.620415754009855,-305.70029057596446,-4561.413157344776
strength_HB0.75,T1-P001,N246,interface_action,T-W / B-WO; T-W vertical 3,-32.0,69.75,116.0,-392.1651153564453,-92.10935688018799,-7.471959114074707,1386.5332963466644,4457.001435940154,970.8786134719849
strength_HB0.75,T1-P002,N370,interface_action,T-W / B-WO; T-W vertical 3,-32.0,69.75,117.5,293.2918529510498,-489.6642879843712,34.3740371465683,1320.2210586071014,99.54139130562544,-5269.571900844574
strength_HB0.75,T1-P003,N547,interface_action,T-W vertical 3,-32.0,69.75,120.0,-293.2918539825493,485.33086818499504,-34.37403657434272,-1234.28596748374,-99.54139130514281,4536.342264049567
strength_HB0.75,T1-P004,N371,interface_action,T-W vertical 3,-32.0,69.75,142.022,2.49130378850541e-12,-2.73795242287664,4.982666589147503e-12,1.718015664904182e-11,-9.740623189661702e-14,1.5987723876219613e-12
strength_HB0.75,T1-P005,N548,interface_action,T-W vertical 3,-32.0,69.75,147.143,293.291854172945,-497.0539080500603,34.37403678894043,301.27149188518524,99.54139130527619,3424.4785306453705
strength_HB0.75,T1-P006,N231,interface_action,T-W vertical 3,-32.0,69.75,150.143,23.578836739063263,2134.4623374938965,-32.86421728134155,-365.0675389766693,-57.19029970280826,-682.5406659245491
strength_HB0.75,T1-P007,N401,interface_action,T-W diagonal 10; T-W diagonal 9; T-W top / segment 1; T-W vertical 3,-32.0,69.75,193.643,-61.78914721926652,1977.9774181894143,-29.190898233177514,1298.4816844318023,-206.8384050096033,4400.228590594754
strength_HB0.75,T1-P008,N232,interior_applied_load,,-31.0,69.75,150.143,1.913576852530241e-09,-15.042018403488328,9.685237500889343e-08,9.7898009698838e-08,-1.8472746887709945e-08,-9.401264833286405e-08
strength_HB0.75,T1-P009,N340,interior_applied_load,,-31.0,69.75,152.643,-8.117525590890738e-08,-3.27112501672996,-3.478609981455195e-08,3.1788225117442346e-07,-2.4113043691096093e-11,-9.76723836266866e-08
strength_HB0.75,T1-P010,N341,interior_applied_load,,-31.0,69.75,172.143,-1.1858114366623788e-13,-6.542250039427155,-2.334040281965374e-14,-2.4612615311213603e-12,-6.416952380127539e-16,2.6559970135942875e-13
strength_HB0.75,T1-P011,N342,interior_applied_load,,-31.0,69.75,191.643,-5.960464477539062e-07,-3.271125018596649,-4.76837158203125e-07,9.5367431640625e-07,-5.820766091346741e-11,4.76837158203125e-07
strength_HB0.75,T1-P012,N566,interior_applied_load,,-31.0,69.75,193.643,3.5762786865234375e-07,-10.758229106664658,0.0,4.76837158203125e-07,-4.0745362639427185e-10,5.960464477539062e-07
strength_HB0.75,T1-P013,N355,interior_applied_load,,-9.979,69.75,164.643,1.4551915228366852e-11,-8.567578545938886,2.8421709430404007e-13,0.0,9.094947017729282e-13,3.637978807091713e-12
strength_HB0.75,T1-P014,N247,interior_applied_load,,-3.528,69.75,116.0,7.651453156065567e-11,-34.108593662225836,-3.012260600948292e-13,-2.0506432794124095e-14,-1.1499310452997522e-11,-2.3866158030070377e-10
strength_HB0.75,T1-P015,N233,interior_applied_load,,-3.528,69.75,150.143,-4.429737055114359e-12,-21.13860833569381,2.811186880034175e-13,2.4038277169682085e-13,-1.811835079633131e-12,8.703398984220029e-13
strength_HB0.75,T1-P016,N567,interior_applied_load,,-3.528,69.75,193.643,-6.6804041165821864e-12,-21.138608335696055,2.2450663640119375e-13,1.7645134482294644e-13,-5.564771072673259e-12,4.249490168251454e-12
strength_HB0.75,T1-P017,N248,interior_applied_load,,9.344,69.75,116.0,-9.335117595864977e-11,-586.8662349455077,-2.0204603750750806e-12,3.6084641643606546e-16,2.2822243870053478e-11,-1.9532325903923697e-11
strength_HB0.75,T1-P018,N356,interior_applied_load,,11.042,69.75,179.143,-5.0284500212046044e-11,-8.567578545964682,-1.5000842460156588e-13,3.2336568831889637e-12,-4.2197269055534395e-12,-3.3662462401539296e-11
strength_HB0.75,T1-P019,N249,interior_applied_load,,24.944,69.75,116.0,-3.558244394831372e-10,-15.417187647824782,-1.0888552626185704e-10,4.822878300805722e-14,1.2763252625745058e-10,-1.4279336817240773e-08
strength_HB0.75,T1-P020,N234,interior_applied_load,,24.944,69.75,150.143,4.587575228921029e-12,-13.447786458276488,3.301399557823481e-11,-1.7902898496415129e-12,-7.734006763765839e-13,3.026082895817578e-10
strength_HB0.75,T1-P021,N568,interior_applied_load,,24.944,69.75,193.643,-1.9713363027697973e-11,-13.447786458339966,1.6403008512725e-11,1.6517111998679883e-13,9.292007273550485e-11,2.1851524419018628e-10
strength_HB0.75,T1-P022,N250,interior_applied_load,,28.031,69.75,116.0,2.0711849608130843e-10,-569.2490474190109,-2.1918833742286332e-10,-3.6876212726715545e-14,5.912499664139245e-11,3.660668486180622e-08
strength_HB0.75,T1-P023,N251,interior_applied_load,,32.062,69.75,116.0,-2.9802322387695312e-08,-15.417187452316284,7.450580596923828e-09,1.4901161193847656e-08,-6.984919309616089e-10,1.1920928955078125e-07
strength_HB0.75,T1-P024,N549,interior_applied_load,,32.062,69.75,120.0,0.0,-4.553279846906662,-7.450580596923828e-09,-1.4901161193847656e-08,-1.1641532182693481e-10,0.0
strength_HB0.75,T1-P025,N550,interior_applied_load,,32.062,69.75,147.143,1.4901161193847656e-07,-4.553279846906662,5.960464477539063e-08,0.0,0.0,-5.960464477539063e-08
strength_HB0.75,T1-P026,N235,interior_applied_load,,32.062,69.75,150.143,-2.086162567138672e-07,-10.758229166269302,3.5762786865234375e-07,4.76837158203125e-07,-5.820766091346741e-11,-7.748603820800781e-07
strength_HB0.75,T1-P027,N343,interior_applied_load,,32.062,69.75,152.643,-3.675147297599324e-08,-3.271125016605014,-1.6946188452493516e-07,1.3096769180265255e-07,3.4505731605349865e-12,3.025625971986301e-07
strength_HB0.75,T1-P028,N344,interior_applied_load,,32.062,69.75,172.143,5.684341886080802e-14,-6.5422500394051895,2.2737367544323206e-13,0.0,0.0,9.094947017729282e-13
strength_HB0.75,T1-P029,N345,interior_applied_load,,32.062,69.75,191.643,-1.938080913532758e-07,-3.271125050232513,2.701631274248939e-08,2.5239933165721595e-07,5.710732635968109e-12,1.8567607185104862e-07
strength_HB0.75,T1-P030,N357,interior_applied_load,,32.062,69.75,193.643,3.5214835738287605e-07,-19.371952500694317,-4.588169937942959e-07,3.7919988186145585e-07,2.7308231585963993e-10,1.8164556253333483e-07
strength_HB0.75,T1-P031,N252,interior_applied_load,,46.719,69.75,116.0,1.826292404998689e-11,-580.9938391098852,-3.0804868086904214e-11,-1.922310348469849e-14,-2.771854739139286e-11,9.701133901781118e-09
strength_HB0.75,T1-P032,N253,interior_applied_load,,53.417,69.75,116.0,-1.7147145003373602e-10,-15.41718744489529,-1.2462979883106294e-11,-4.21272528093883e-15,-2.1740065167245415e-11,-3.531222121877056e-09
strength_HB0.75,T1-P033,N236,interior_applied_load,,53.417,69.75,150.143,-6.667688612501935e-12,-18.826901041663543,8.409026354824588e-12,-4.857656859449188e-13,4.4811843848483205e-10,1.8243759558565417e-10
strength_HB0.75,T1-P034,N358,interior_applied_load,,53.417,69.75,179.143,-6.921996260231015e-12,-8.659868109440682,1.3381248607134752e-12,-3.799373263760561e-11,-1.6715172892581864e-11,-1.0930021576729943e-11
strength_HB0.75,T1-P035,N569,interior_applied_load,,53.417,69.75,193.643,9.484871168750703e-12,-18.826901041665664,-1.0534646148554163e-12,-8.46660149462018e-12,-4.9117219383581336e-12,8.098561620804597e-12
strength_HB0.75,T1-P036,N254,interior_applied_load,,65.406,69.75,116.0,-8.715282563640769e-11,-586.8662349459527,-1.9584645344770756e-12,-5.823601515177036e-15,-3.8494883050829475e-11,-1.2569329869779713e-08
strength_HB0.75,T1-P037,N359,interior_applied_load,,74.771,69.75,164.643,-4.3655745685100555e-11,-8.659868109374656,-3.581135388230905e-12,-1.8189894035458565e-12,1.6370904631912708e-11,-2.546585164964199e-11
strength_HB0.75,T1-P038,N255,interior_applied_load,,81.889,69.75,116.0,6.672341283436258e-10,-15.417187437524069,-2.295383098680593e-10,1.4692483109801877e-14,9.475255313639464e-11,-2.2954880318658054e-08
strength_HB0.75,T1-P039,N237,interior_applied_load,,81.889,69.75,150.143,-1.590119792563672e-11,-16.137343750003602,-5.082738456658123e-13,1.2094102575345963e-13,2.0302494244171292e-11,-1.2178074147492875e-10
strength_HB0.75,T1-P040,N570,interior_applied_load,,81.889,69.75,193.643,-9.179439899304242e-13,-16.13734374996512,-2.2634629337527472e-11,-7.855276067932931e-14,5.370727984070416e-10,5.825276474975586e-10
strength_HB0.75,T1-P041,N256,interior_applied_load,,84.094,69.75,116.0,-4.36384662351527e-10,-575.12144328592,1.0570074068013439e-10,5.1149577077012485e-15,-2.329311589609482e-11,-5.234011545376086e-08
strength_HB0.75,T1-P042,N257,interior_applied_load,,96.125,69.75,116.0,1.7881393432617188e-07,-15.417187660932541,7.450580596923828e-09,2.9802322387695312e-08,0.0,-1.430511474609375e-06
strength_HB0.75,T1-P043,N551,interior_applied_load,,96.125,69.75,120.0,-1.4901161193847656e-07,-4.553279846906662,0.0,0.0,0.0,-5.364418029785156e-07
strength_HB0.75,T1-P044,N552,interior_applied_load,,96.125,69.75,147.143,-3.5762786865234375e-07,-4.55327981710434,2.384185791015625e-07,4.76837158203125e-07,-1.1641532182693481e-10,2.384185791015625e-07
strength_HB0.75,T1-P045,N238,interior_applied_load,,96.125,69.75,150.143,-2.384185791015625e-07,-19.418097257614136,0.0,4.172325134277344e-07,6.984919309616089e-10,5.960464477539063e-08
strength_HB0.75,T1-P046,N346,interior_applied_load,,96.125,69.75,152.643,4.76837158203125e-07,-3.2711250483989716,0.0,-2.384185791015625e-07,0.0,1.1920928955078125e-07
strength_HB0.75,T1-P047,N347,interior_applied_load,,96.125,69.75,172.143,-2.5268771928429903e-16,-6.542250039427018,1.3274918053267134e-12,4.10025144591341e-12,-4.320287952501965e-15,1.1135917654301808e-12
strength_HB0.75,T1-P048,N348,interior_applied_load,,96.125,69.75,191.643,-8.58857807373159e-08,-3.27112502482802,1.7807280983106466e-07,3.1988088267098647e-07,1.5264612880054573e-12,2.9317509919746243e-08
strength_HB0.75,T1-P049,N571,interior_applied_load,,96.125,69.75,193.643,1.944192784182859e-07,-10.758229236069065,-1.959136676973071e-07,2.1877597234487789e-07,7.818751156561249e-11,1.63669162706755e-07
strength_HB0.75,T1-P050,N258,interior_applied_load,,102.781,69.75,116.0,-1.7323859273331167e-11,-575.121443280623,2.1096452880649313e-11,5.28527660298996e-15,4.0820511247909634e-11,6.566036172954958e-09
strength_HB0.75,T1-P051,N259,interior_applied_load,,110.361,69.75,116.0,-4.834450694828854e-10,-7.708593631790028,-3.3715082472501435e-09,2.5612722454792126e-14,-1.714384810494826e-10,-2.584487532349194e-08
strength_HB0.75,T1-P052,N239,interior_applied_load,,110.361,69.75,150.143,-2.5704554043229833e-11,-16.137343750001826,-1.1894861655310582e-12,-5.402157678923447e-11,-7.463910636321255e-12,-2.9164270296171445e-11
strength_HB0.75,T1-P053,N572,interior_applied_load,,110.361,69.75,193.643,-8.004652330569405e-12,-16.13734374999034,1.492054433349485e-12,-6.849040267351082e-15,-8.717963590371651e-11,4.859828062571947e-10
strength_HB0.75,T1-P054,N260,interior_applied_load,,112.125,69.75,116.0,4.714246215654174e-11,-9.16380207863139,-8.217965147352452e-10,5.935220497707018e-15,2.0727376367644763e-09,-4.8774025880265645e-08
strength_HB0.75,T1-P055,N360,interior_applied_load,,117.479,69.75,164.643,-4.3655745685100555e-11,-8.659868109411036,6.821210263296962e-13,0.0,-4.547473508864641e-12,-8.36735125631094e-11
strength_HB0.75,T1-P056,N261,interior_applied_load,,121.469,69.75,116.0,3.278034443289948e-11,-585.4110266953425,-1.7251470266206002e-11,1.309879857921741e-14,-2.0968776115350791e-10,7.100757135696184e-09
strength_HB0.75,T1-P057,N262,interior_applied_load,,138.833,69.75,116.0,3.041492895929622e-10,-15.417187530211072,5.285482124028448e-09,7.474812538942812e-14,-2.1261673875536647e-09,-3.414025346153366e-08
strength_HB0.75,T1-P058,N240,interior_applied_load,,138.833,69.75,150.143,1.4861764030545865e-11,-18.826901041711956,-8.280180375822794e-12,5.064107538276241e-13,4.1856144016946817e-10,-1.007458680707571e-09
strength_HB0.75,T1-P059,N361,interior_applied_load,,138.833,69.75,179.143,6.135837704830711e-12,-8.659868109395044,2.1545850416175548e-13,-4.219620663036948e-12,2.4075447998315293e-11,1.1158420826519993e-11
strength_HB0.75,T1-P060,N573,interior_applied_load,,138.833,69.75,193.643,-5.1050067010543665e-12,-18.826901041662587,-4.152429102128104e-12,-1.9018435904476024e-11,-2.8931274764933e-11,-7.988279029309579e-11
strength_HB0.75,T1-P061,N263,interior_applied_load,,140.156,69.75,116.0,-4.06480527406226e-10,-579.8852455825663,1.6095265382779112e-10,-6.47875348167794e-14,-7.352652815911637e-10,-1.320074338879808e-07
strength_HB0.75,T1-P062,N264,interior_applied_load,,158.844,69.75,116.0,6.79672151414051e-11,-579.9024330359572,3.496749526037797e-09,1.3254147256331312e-14,-5.741629211709721e-09,3.5412893783164165e-08
strength_HB0.75,T1-P063,N265,interior_applied_load,,160.188,69.75,116.0,-8.642673492431641e-07,-6.980989784002304,3.8743019104003906e-07,4.172325134277344e-07,-5.820766091346741e-10,1.0132789611816406e-06
strength_HB0.75,T1-P064,N553,interior_applied_load,,160.188,69.75,120.0,4.76837158203125e-07,-4.553279876708984,-8.940696716308594e-08,1.7881393432617188e-07,0.0,8.940696716308594e-07
strength_HB0.75,T1-P065,N554,interior_applied_load,,160.188,69.75,147.143,-5.960464477539063e-08,-4.553279876708984,0.0,-2.384185791015625e-07,0.0,0.0
strength_HB0.75,T1-P066,N241,interior_applied_load,,160.188,69.75,150.143,1.1920928955078125e-07,-10.75822913646698,0.0,5.960464477539063e-08,-1.1641532182693481e-10,0.0
strength_HB0.75,T1-P067,N349,interior_applied_load,,160.188,69.75,152.643,0.0,-3.271125018596649,2.384185791015625e-07,0.0,-5.820766091346741e-11,-1.1920928955078125e-07
strength_HB0.75,T1-P068,N350,interior_applied_load,,160.188,69.75,172.143,3.396171693184385e-13,-6.542250039417743,5.190095738136157e-13,-1.0669752671948993e-12,-2.306127216154491e-15,7.573485672844583e-13
strength_HB0.75,T1-P069,N351,interior_applied_load,,160.188,69.75,191.643,-2.0592862218227204e-07,-3.2711250399237954,4.95495454611028e-07,3.9986905531197436e-07,-2.6140606594147782e-11,-1.8433098097903056e-07
strength_HB0.75,T1-P070,N362,interior_applied_load,,160.188,69.75,193.643,1.9108850821170645e-07,-19.3719524414621,-4.174351810776339e-07,-1.6733538831308176e-07,-3.5890742056003385e-11,-6.857026682262802e-08
strength_HB0.75,T1-P071,N266,interior_applied_load,,167.306,69.75,116.0,-1.0268451355506586e-12,-14.308593786673008,1.0837176414484109e-10,5.820398262023106e-15,-5.234284200607306e-10,1.1938556552364256e-09
strength_HB0.75,T1-P072,N242,interior_applied_load,,167.306,69.75,150.143,3.67758676097169e-11,-13.447786458215543,-3.731445814432069e-11,-3.3815154458592973e-13,-3.202782179590722e-11,-5.48661136562793e-10
strength_HB0.75,T1-P073,N574,interior_applied_load,,167.306,69.75,193.643,-9.609908900815489e-12,-13.447786458299372,-2.8108235569272434e-12,-5.924317808757124e-13,-6.179219734292292e-11,-1.7750844333242864e-10
strength_HB0.75,T1-P074,N267,interior_applied_load,,177.531,69.75,116.0,7.223673657738441e-11,-586.866234945717,-6.323571817804198e-12,-2.9669127955214294e-15,1.4614604789468205e-11,-4.290663177491792e-10
strength_HB0.75,T1-P075,N363,interior_applied_load,,181.208,69.75,179.143,-4.072569595440079e-11,-8.567578545954227,-8.136586209722706e-13,-8.836754036688196e-12,-1.2837246239183797e-11,-4.080714508142216e-11
strength_HB0.75,T1-P076,N268,interior_applied_load,,195.778,69.75,116.0,2.2682650938166936e-09,-15.417188278257957,1.5612951360470216e-09,-5.825460679604807e-14,-1.0812402075304315e-08,4.83919591793032e-09
strength_HB0.75,T1-P077,N243,interior_applied_load,,195.778,69.75,150.143,-1.0412423534329462e-11,-21.13860833569535,-2.9570359536456194e-13,-2.3160595702282433e-13,4.574028150909413e-12,-8.559193636932681e-12
strength_HB0.75,T1-P078,N575,interior_applied_load,,195.778,69.75,193.643,3.3124180679844226e-12,-21.138608335698954,-1.6924360289857142e-12,5.776012408644921e-14,-4.2568835502280813e-10,1.1250813167813446e-09
strength_HB0.75,T1-P079,N269,interior_applied_load,,196.219,69.75,116.0,-8.577246065926054e-10,-981.5695360048167,-1.381115876329702e-07,-9.595340850488658e-14,-3.0718906005480576e-08,-2.0384145098940068e-07
strength_HB0.75,T1-P080,N364,interior_applied_load,,202.229,69.75,164.643,-1.4551915228366852e-11,-8.567578545960714,5.684341886080801e-13,-1.8189894035458565e-12,-4.547473508864641e-12,-5.4569682106375694e-12
strength_HB0.75,T1-P081,N270,interior_applied_load,,214.906,69.75,116.0,3.729390338159909e-11,-988.9143268917971,-9.266109871683725e-12,1.196805344002876e-14,1.3875937714625002e-10,-1.6146805733842717e-09
strength_HB0.75,T1-P082,N244,interior_applied_load,,223.25,69.75,150.143,-1.1920928955078125e-07,-15.042018488049507,-4.76837158203125e-07,2.384185791015625e-07,-2.7939677238464355e-09,0.0
strength_HB0.75,T1-P083,N352,interior_applied_load,,223.25,69.75,152.643,0.0,-3.2711250334978104,2.384185791015625e-07,-4.76837158203125e-07,0.0,-1.1920928955078125e-07
strength_HB0.75,T1-P084,N353,interior_applied_load,,223.25,69.75,172.143,7.542740044148289e-15,-6.542250039421156,-2.2291245092833333e-14,-1.3202766786372107e-12,6.6887674731697225e-15,-1.201705095684323e-12
strength_HB0.75,T1-P085,N354,interior_applied_load,,223.25,69.75,191.643,4.0428630082578465e-08,-3.271125034703328,3.687269657381975e-07,5.425994376029308e-07,-3.645269375046337e-12,3.4707840490533215e-09
strength_HB0.75,T1-P086,N576,interior_applied_load,,223.25,69.75,193.643,1.085829818558981e-07,-10.758229172952474,-2.093633318302232e-07,4.6513969916166753e-07,8.111108801570234e-09,-1.6104476491776598e-08
strength_HB0.75,T1-P087,N271,interior_applied_load,,224.25,69.75,116.0,1.5610409342947662e-07,-7.708593820586163,9.368176342427265e-08,1.251290729698243e-07,4.488355633650633e-09,-9.451757873501359e-08
strength_HB0.75,T1-P088,N161,interface_action,T-E; T-E vertical 3,224.25,69.75,120.0,1054.6453022877686,1793.2832714258693,35.28520775353536,-132.42794674029574,4370.178653881323,-12172.11598368804
strength_HB0.75,T1-P089,N426,interface_action,T-E; T-E vertical 3,224.25,69.75,121.5,-114.16830556513742,-363.97774226381443,5.336423305328935,254.71149511483964,126.16514369197739,1966.3975681725424
strength_HB0.75,T1-P090,N427,interface_action,T-E vertical 3,224.25,69.75,144.689,1.347644766033384e-10,-3.8305158103463635,-4.286645019407532e-11,7.3904575304922e-11,1.9999405083907876e-13,-9.219701089824125e-11
strength_HB0.75,T1-P091,N555,interface_action,T-E vertical 3,224.25,69.75,147.143,-709.4472138881683,-1072.767144754529,33.10588216781616,731.2345008850098,805.1948041272117,-5973.068045735359
strength_HB0.75,T1-P092,N245,interface_action,T-E vertical 3,224.25,69.75,150.143,-131.95244145393372,3424.908384665847,-27.21588957309723,-591.5147449970245,-286.3710718945367,2958.373208999634
strength_HB0.75,T1-P093,N466,interface_action,T-E diagonal 11; T-E diagonal 12; T-E top / segment 1; T-E vertical 3,224.25,69.75,193.643,38.00623170260591,1252.7368631050088,-11.358584565524069,44.458228012775436,-299.71556159366105,-4553.475674360788
strength_HT0.25,T1-P001,N246,interface_action,T-W / B-WO; T-W vertical 3,-32.0,69.75,116.0,-526.0247325897217,-1.2554360032081604,-0.5097923278808594,1698.5420807600021,4354.666183032561,4234.094174861908
strength_HT0.25,T1-P002,N370,interface_action,T-W / B-WO; T-W vertical 3,-32.0,69.75,117.5,363.8773555755615,-644.2751450538635,41.66672158241272,1616.2026460766792,84.2074386710301,-6566.519973278046
strength_HT0.25,T1-P003,N547,interface_action,T-W vertical 3,-32.0,69.75,120.0,-363.87735606011745,639.9417252011585,-41.66672193221914,-1512.035840474783,-84.20743866995453,5656.826581000554
strength_HT0.25,T1-P004,N371,interface_action,T-W vertical 3,-32.0,69.75,142.022,-2.3374355537324195e-12,-2.737952422905547,-3.80620220090045e-12,1.1388050949774186e-11,-1.6260825212791296e-13,-8.608391683591763e-12
strength_HT0.25,T1-P005,N548,interface_action,T-W vertical 3,-32.0,69.75,147.143,363.87735617160797,-651.6647650897503,41.66672217845917,381.0760066509247,84.20743867009878,4219.896495580673
strength_HT0.25,T1-P006,N231,interface_action,T-W vertical 3,-32.0,69.75,150.143,16.662856429815292,2971.978001475334,-40.198649525642395,-441.9649385213852,-67.97882032266352,-602.7753263711929
strength_HT0.25,T1-P007,N401,interface_action,T-W diagonal 10; T-W diagonal 9; T-W top / segment 1; T-W vertical 3,-32.0,69.75,193.643,-33.459580286292415,2770.8116198927555,-34.233464344727146,1616.3592565003028,-388.82215630577514,5524.511782282851
strength_HT0.25,T1-P008,N232,interior_applied_load,,-31.0,69.75,150.143,3.2159732654690742e-09,-15.042018412881589,-2.2500330487673637e-08,-2.0443712855922058e-07,-1.732223608996719e-08,-1.6566627891734242e-07
strength_HT0.25,T1-P009,N340,interior_applied_load,,-31.0,69.75,152.643,9.02683967993422e-09,-3.2711250644971646,7.790472845747291e-08,1.6030626967090113e-07,-1.1085695462991483e-10,2.2607797347273266e-08
strength_HT0.25,T1-P010,N341,interior_applied_load,,-31.0,69.75,172.143,2.5163587777536862e-14,-6.542250039411228,1.137754280955802e-13,-4.025002594383426e-12,-4.3049186728705615e-15,3.0976769677053254e-13
strength_HT0.25,T1-P011,N342,interior_applied_load,,-31.0,69.75,191.643,-4.76837158203125e-07,-3.271125018596649,-9.5367431640625e-07,9.5367431640625e-07,0.0,3.5762786865234375e-07
strength_HT0.25,T1-P012,N566,interior_applied_load,,-31.0,69.75,193.643,4.76837158203125e-07,-10.75822913646698,9.5367431640625e-07,0.0,1.3504177331924438e-08,5.960464477539062e-07
strength_HT0.25,T1-P013,N355,interior_applied_load,,-9.979,69.75,164.643,1.4551915228366852e-11,-8.56757854596799,3.410605131648481e-13,2.7284841053187847e-12,-2.7284841053187847e-12,7.275957614183426e-12
strength_HT0.25,T1-P014,N247,interior_applied_load,,-3.528,69.75,116.0,1.6452533605249942e-11,-34.108593662146006,-3.564164251631517e-12,-1.5885207478439047e-14,-1.0496372531366022e-11,1.5790353647920163e-09
strength_HT0.25,T1-P015,N233,interior_applied_load,,-3.528,69.75,150.143,4.166356985125459e-12,-21.13860833569587,5.982900024342406e-13,2.3096519754435444e-14,5.775395424022924e-12,9.837943105873025e-12
strength_HT0.25,T1-P016,N567,interior_applied_load,,-3.528,69.75,193.643,-4.3364619547085085e-12,-21.13860833569655,2.6960265513999713e-13,-9.202652268435062e-13,9.272463622133113e-12,-5.04315875781466e-12
strength_HT0.25,T1-P017,N248,interior_applied_load,,9.344,69.75,116.0,-1.3940444502742899e-11,-586.8662349456001,-1.0662857335052163e-12,6.874628209673921e-15,4.5650170004910046e-12,-1.093797628095402e-10
strength_HT0.25,T1-P018,N356,interior_applied_load,,11.042,69.75,179.143,-1.5805406800913036e-11,-8.567578545951942,-4.556953307637797e-13,8.267434963075005e-12,-1.0406140913468117e-11,-3.9246115891765375e-11
strength_HT0.25,T1-P019,N249,interior_applied_load,,24.944,69.75,116.0,-2.251293003348069e-10,-15.417187623301547,-2.417222554755698e-11,4.890863537390072e-14,-1.3804808149112962e-10,8.10676814448185e-09
strength_HT0.25,T1-P020,N234,interior_applied_load,,24.944,69.75,150.143,7.532891095156654e-12,-13.447786458440076,-2.73283750019272e-12,-2.13231613806351e-12,4.328906871524553e-11,2.2926174075436203e-12
strength_HT0.25,T1-P021,N568,interior_applied_load,,24.944,69.75,193.643,-6.271709760910772e-12,-13.447786458632049,-2.676709518162597e-11,1.3914478934762189e-13,3.1710365614293713e-10,-3.2766258459405307e-10
strength_HT0.25,T1-P022,N250,interior_applied_load,,28.031,69.75,116.0,1.6457068653152202e-10,-569.2490474126546,-2.0673258734419755e-10,-3.7878513093763194e-14,3.275597060535441e-10,8.29051375872575e-08
strength_HT0.25,T1-P023,N251,interior_applied_load,,32.062,69.75,116.0,0.0,-2175.4171874523163,0.0,-1.4901161193847656e-08,-6.984919309616089e-10,-2.384185791015625e-07
strength_HT0.25,T1-P024,N549,interior_applied_load,,32.062,69.75,120.0,-5.960464477539063e-08,-4.553279876708984,0.0,0.0,-1.1641532182693481e-10,-1.1920928955078125e-07
strength_HT0.25,T1-P025,N550,interior_applied_load,,32.062,69.75,147.143,3.2782554626464844e-07,-4.553279846906662,1.1920928955078125e-07,1.1920928955078125e-07,0.0,-2.384185791015625e-07
strength_HT0.25,T1-P026,N235,interior_applied_load,,32.062,69.75,150.143,-2.086162567138672e-07,-10.75822925567627,-1.1920928955078125e-07,0.0,2.3283064365386963e-10,-1.430511474609375e-06
strength_HT0.25,T1-P027,N343,interior_applied_load,,32.062,69.75,152.643,-1.953185844172367e-07,-3.271125000281595,1.9862028466377524e-07,-3.465061126917135e-07,-1.8605561535878223e-11,2.0741885009556427e-07
strength_HT0.25,T1-P028,N344,interior_applied_load,,32.062,69.75,172.143,0.0,-6.5422500394051895,-9.094947017729282e-13,0.0,0.0,9.094947017729282e-13
strength_HT0.25,T1-P029,N345,interior_applied_load,,32.062,69.75,191.643,1.928412984852912e-07,-3.2711250106221996,-1.941830305440817e-07,3.6394339986145496e-08,4.568034550619305e-11,-3.1552872314932756e-07
strength_HT0.25,T1-P030,N357,interior_applied_load,,32.062,69.75,193.643,-1.3297033396552176e-07,-19.371952557769838,6.673581936476585e-07,-2.983507770767639e-07,2.3846788273047044e-10,-2.363148181600688e-07
strength_HT0.25,T1-P031,N252,interior_applied_load,,46.719,69.75,116.0,-2.5930254002585262e-11,-580.9938391115231,-8.990594016452962e-12,-1.2100135747446334e-14,-8.394097304709043e-11,1.8115069709946772e-08
strength_HT0.25,T1-P032,N253,interior_applied_load,,53.417,69.75,116.0,-1.680125163068808e-10,-15.417187445720385,-1.9460133245656162e-11,2.0970147642295304e-14,1.014381614469845e-10,-1.1271157780156079e-08
strength_HT0.25,T1-P033,N236,interior_applied_load,,53.417,69.75,150.143,-5.789084511287343e-12,-18.826901041656182,7.554162394798315e-12,-1.8169811087008457e-13,3.980646509009041e-10,4.127970567820557e-10
strength_HT0.25,T1-P034,N358,interior_applied_load,,53.417,69.75,179.143,-1.6657515752820534e-12,-8.659868109442346,1.173441556734636e-12,4.993915858185427e-12,8.81939583814796e-11,-1.508354961852014e-11
strength_HT0.25,T1-P035,N569,interior_applied_load,,53.417,69.75,193.643,-3.963977137301836e-12,-18.82690104166458,-1.4521693073277768e-12,6.732662734658801e-12,9.491156223434469e-12,-2.6472346825608996e-11
strength_HT0.25,T1-P036,N254,interior_applied_load,,65.406,69.75,116.0,-1.4811741074160373e-10,-586.8662349459084,5.475250761510115e-12,1.0147861272459524e-15,-2.008432654670169e-11,-7.740015095344318e-09
strength_HT0.25,T1-P037,N359,interior_applied_load,,74.771,69.75,164.643,1.4551915228366852e-11,-8.65986810940376,2.2737367544323206e-13,4.547473508864641e-12,1.546140993013978e-11,-1.4551915228366852e-11
strength_HT0.25,T1-P038,N255,interior_applied_load,,81.889,69.75,116.0,5.169001684305686e-11,-15.417187429154616,7.537237930425102e-11,8.037768812689928e-14,5.60565687308966e-12,1.3606298680812163e-08
strength_HT0.25,T1-P039,N237,interior_applied_load,,81.889,69.75,150.143,-1.5816768995421923e-11,-16.137343749993047,5.16003664754957e-13,1.0457689796405383e-13,4.353542066808107e-11,-6.89663958966154e-11
strength_HT0.25,T1-P040,N570,interior_applied_load,,81.889,69.75,193.643,-5.692907772601142e-12,-16.137343749927034,-1.4431863062670525e-11,-5.784517684235474e-13,3.1187371996987057e-10,7.84419530584581e-10
strength_HT0.25,T1-P041,N256,interior_applied_load,,84.094,69.75,116.0,2.8746220919459466e-11,-575.1214433039752,-3.2319078021370863e-10,-1.4470197761178763e-15,1.1651687113071539e-11,-1.0952617680077535e-09
strength_HT0.25,T1-P042,N257,interior_applied_load,,96.125,69.75,116.0,-5.960464477539063e-08,-15.417187660932541,-1.4901161193847656e-08,0.0,0.0,-1.3113021850585938e-06
strength_HT0.25,T1-P043,N551,interior_applied_load,,96.125,69.75,120.0,0.0,-4.553279876708984,1.4901161193847656e-08,0.0,0.0,-2.384185791015625e-07
strength_HT0.25,T1-P044,N552,interior_applied_load,,96.125,69.75,147.143,-4.172325134277344e-07,-4.553279846906662,2.384185791015625e-07,7.152557373046875e-07,0.0,5.960464477539062e-07
strength_HT0.25,T1-P045,N238,interior_applied_load,,96.125,69.75,150.143,-3.5762786865234375e-07,-19.418097257614136,-2.384185791015625e-07,3.5762786865234375e-07,2.3283064365386963e-10,-1.7881393432617188e-07
strength_HT0.25,T1-P046,N346,interior_applied_load,,96.125,69.75,152.643,4.76837158203125e-07,-3.2711250483989716,-4.76837158203125e-07,-2.384185791015625e-07,5.820766091346741e-11,2.384185791015625e-07
strength_HT0.25,T1-P047,N347,interior_applied_load,,96.125,69.75,172.143,-1.151761349447398e-13,-6.542250039406796,1.2808721367343737e-12,3.776394964384716e-12,-4.009904393591677e-15,-4.835961333380295e-13
strength_HT0.25,T1-P048,N348,interior_applied_load,,96.125,69.75,191.643,-5.0078741098413815e-08,-3.2711249957496804,-2.860403611748552e-07,1.9425309005782765e-07,-1.5125049337770578e-11,7.929677026119464e-09
strength_HT0.25,T1-P049,N571,interior_applied_load,,96.125,69.75,193.643,9.935474563450367e-08,-10.75822921370547,7.878943805846575e-07,-4.499176647352213e-07,2.9776934150745643e-10,-7.64603194382182e-10
strength_HT0.25,T1-P050,N258,interior_applied_load,,102.781,69.75,116.0,-2.4788029851982013e-11,-575.1214432817515,7.91210056755594e-12,1.618332713179176e-14,7.01873501403951e-11,6.361393067503478e-09
strength_HT0.25,T1-P051,N259,interior_applied_load,,110.361,69.75,116.0,-4.0248136523135003e-10,-7.708593619795035,-1.890570869025591e-09,7.68172865746095e-14,-6.392232553363167e-10,-4.90094187081428e-08
strength_HT0.25,T1-P052,N239,interior_applied_load,,110.361,69.75,150.143,1.8213321835642474e-10,-16.137343750003527,-1.0479675756884972e-12,-7.889149665658007e-11,-1.5188426086989558e-11,1.553601676042985e-11
strength_HT0.25,T1-P053,N572,interior_applied_load,,110.361,69.75,193.643,8.252853660428975e-13,-16.137343750040596,1.3212179299310002e-11,3.694339480917169e-14,1.408377990756696e-10,1.1187922011714893e-09
strength_HT0.25,T1-P054,N260,interior_applied_load,,112.125,69.75,116.0,-2.0141131991391448e-10,-9.163802088936439,-2.511769644452255e-09,-7.82208236935677e-14,8.82419360382092e-10,-1.6857961774303488e-08
strength_HT0.25,T1-P055,N360,interior_applied_load,,117.479,69.75,164.643,4.3655745685100555e-11,-8.659868109360104,-7.958078640513122e-13,-4.547473508864641e-12,-1.0913936421275139e-11,-8.36735125631094e-11
strength_HT0.25,T1-P056,N261,interior_applied_load,,121.469,69.75,116.0,1.58545433172356e-11,-585.4110266947607,2.1636873458841913e-11,2.754953192405688e-14,1.6628667011000257e-10,7.66631657350669e-09
strength_HT0.25,T1-P057,N262,interior_applied_load,,138.833,69.75,116.0,-1.8674335044442238e-10,-15.417187370678645,4.222224652057589e-09,-6.205695445784347e-14,2.89604744590582e-10,2.4551117736664564e-08
strength_HT0.25,T1-P058,N240,interior_applied_load,,138.833,69.75,150.143,7.903328013464744e-12,-18.826901041678383,-6.80428314713418e-12,1.736770053406569e-13,2.720803634094732e-10,2.136439955298673e-10
strength_HT0.25,T1-P059,N361,interior_applied_load,,138.833,69.75,179.143,9.55315042730505e-12,-8.659868109403243,1.9201012727687934e-13,-1.6036678936124667e-11,5.579390301428977e-11,6.86360481058025e-12
strength_HT0.25,T1-P060,N573,interior_applied_load,,138.833,69.75,193.643,-1.130921140314915e-11,-18.826901041667604,-2.61244816533587e-12,-1.3500489896326134e-11,2.1537130763618873e-11,-7.897544479957438e-11
strength_HT0.25,T1-P061,N263,interior_applied_load,,140.156,69.75,116.0,8.908187670977079e-11,-579.8852457186654,-7.338624761884705e-10,3.55702357761341e-14,4.009769932818992e-10,-1.636784681631002e-07
strength_HT0.25,T1-P062,N264,interior_applied_load,,158.844,69.75,116.0,1.393477133280192e-12,-579.9024332122654,7.3166562895279215e-09,3.4678667468791186e-14,-5.110565622818048e-09,-6.852420191978048e-08
strength_HT0.25,T1-P063,N265,interior_applied_load,,160.188,69.75,116.0,-6.556510925292969e-07,-6.980989903211594,3.5762786865234375e-07,3.5762786865234375e-07,-1.1641532182693481e-10,8.344650268554688e-07
strength_HT0.25,T1-P064,N553,interior_applied_load,,160.188,69.75,120.0,2.384185791015625e-07,-4.553279861807823,2.9802322387695312e-08,-5.960464477539063e-08,-5.820766091346741e-11,1.1920928955078125e-07
strength_HT0.25,T1-P065,N554,interior_applied_load,,160.188,69.75,147.143,0.0,-4.553279846906662,0.0,-2.384185791015625e-07,1.8189894035458565e-12,0.0
strength_HT0.25,T1-P066,N241,interior_applied_load,,160.188,69.75,150.143,4.76837158203125e-07,-10.75822913646698,0.0,0.0,-2.1827872842550278e-11,5.960464477539063e-08
strength_HT0.25,T1-P067,N349,interior_applied_load,,160.188,69.75,152.643,-1.1920928955078125e-07,-3.271124988794327,-2.384185791015625e-07,2.384185791015625e-07,0.0,1.1920928955078125e-07
strength_HT0.25,T1-P068,N350,interior_applied_load,,160.188,69.75,172.143,8.580215017959501e-13,-6.5422500394193115,-2.3962219029366953e-13,1.627339978534164e-11,-6.487790049198831e-15,6.865066470917265e-12
strength_HT0.25,T1-P069,N351,interior_applied_load,,160.188,69.75,191.643,-4.882433557451549e-07,-3.271125050833046,2.5815115245464426e-07,-7.070677421339155e-07,-9.194347863456344e-11,4.298036988537035e-07
strength_HT0.25,T1-P070,N362,interior_applied_load,,160.188,69.75,193.643,5.649676456746002e-07,-19.371952459537656,-1.0782576722246675e-07,2.871123764359997e-07,2.7024273371779e-10,9.146932191172668e-09
strength_HT0.25,T1-P071,N266,interior_applied_load,,167.306,69.75,116.0,-1.4817158288674037e-10,-14.308593786466057,1.3968281122280287e-11,1.3192119630137855e-15,-1.158350658157838e-09,4.0367713111337056e-10
strength_HT0.25,T1-P072,N242,interior_applied_load,,167.306,69.75,150.143,-3.84458697743348e-12,-13.447786458201264,-1.83010402038702e-11,-4.1168761245765493e-13,1.569713680547743e-11,-3.324184252856733e-10
strength_HT0.25,T1-P073,N574,interior_applied_load,,167.306,69.75,193.643,-3.284251427927008e-12,-13.447786458225169,-9.134314847600375e-12,-7.113255463209313e-13,5.1802015013578943e-11,4.674265789868397e-12
strength_HT0.25,T1-P074,N267,interior_applied_load,,177.531,69.75,116.0,6.612448858630716e-11,-586.866234945584,-1.2673424678825932e-11,6.620478092976757e-15,-1.2880050022112082e-11,-5.37154863070936e-10
strength_HT0.25,T1-P075,N363,interior_applied_load,,181.208,69.75,179.143,-3.3104539227786965e-11,-8.567578545959087,-1.881960395810221e-13,-4.2195000885782546e-12,-8.201482626356061e-12,3.6107656168864136e-11
strength_HT0.25,T1-P076,N268,interior_applied_load,,195.778,69.75,116.0,-3.023608845216335e-10,-15.417188098258732,-1.971727358603991e-08,-2.5390495259475763e-14,1.0691964033102134e-08,4.1304871507342506e-07
strength_HT0.25,T1-P077,N243,interior_applied_load,,195.778,69.75,150.143,-2.6432810838505077e-12,-21.138608335695015,-1.9164012237987994e-13,9.279405472878095e-14,-1.8674628655199333e-12,1.2827896991253262e-13
strength_HT0.25,T1-P078,N575,interior_applied_load,,195.778,69.75,193.643,1.7174049246319458e-12,-21.138608335684502,-2.5334226138280993e-12,3.2788903897918047e-13,-4.3214536867269074e-10,1.31213152653216e-09
strength_HT0.25,T1-P079,N269,interior_applied_load,,196.219,69.75,116.0,7.41396739834599e-10,-981.569536817065,-1.775113459085507e-08,1.6588113000621585e-13,6.7513200039900014e-09,3.240928165047737e-07
strength_HT0.25,T1-P080,N364,interior_applied_load,,202.229,69.75,164.643,0.0,-8.567578545953438,2.2737367544323206e-13,1.8189894035458565e-12,0.0,-7.275957614183426e-12
strength_HT0.25,T1-P081,N270,interior_applied_load,,214.906,69.75,116.0,5.453517837791041e-11,-988.9143268914285,9.806743316739002e-12,1.064015583131301e-14,-2.7016911467152533e-11,2.7165760997482237e-09
strength_HT0.25,T1-P082,N244,interior_applied_load,,223.25,69.75,150.143,-1.1920928955078125e-07,-15.042018473148346,2.384185791015625e-07,2.384185791015625e-07,2.3283064365386963e-09,0.0
strength_HT0.25,T1-P083,N352,interior_applied_load,,223.25,69.75,152.643,0.0,-3.2711250334978104,-1.1920928955078125e-07,-4.76837158203125e-07,0.0,4.76837158203125e-07
strength_HT0.25,T1-P084,N353,interior_applied_load,,223.25,69.75,172.143,-1.7922150431286522e-14,-6.542250039426171,-9.886889635946382e-14,3.694020539820248e-12,3.4898347789024215e-14,-1.8117191543283032e-13
strength_HT0.25,T1-P085,N354,interior_applied_load,,223.25,69.75,191.643,-1.3049834324263543e-08,-3.2711250371194627,2.656796602162892e-08,1.5058066465956088e-07,6.123960515854311e-11,2.2359287310536047e-08
strength_HT0.25,T1-P086,N576,interior_applied_load,,223.25,69.75,193.643,3.167628581657311e-08,-10.758229101413772,7.61133359195144e-08,1.276923310777397e-07,-3.836818058010463e-08,-1.6829287055083916e-08
strength_HT0.25,T1-P087,N271,interior_applied_load,,224.25,69.75,116.0,9.167885961502975e-08,-7.708593843510406,-2.271443247837612e-08,2.120968382554183e-08,6.073091861282121e-09,1.935513745010548e-07
strength_HT0.25,T1-P088,N161,interface_action,T-E; T-E vertical 3,224.25,69.75,120.0,1155.0317711909302,1918.4327657558024,34.25378046091646,-130.62131030403543,4243.108165700069,-18004.823989763623
strength_HT0.25,T1-P089,N426,interface_action,T-E; T-E vertical 3,224.25,69.75,121.5,-142.2699131486006,-395.89477673661895,5.136896821903065,237.3892580731772,102.81244751864506,2358.7981996745802
strength_HT0.25,T1-P090,N427,interface_action,T-E vertical 3,224.25,69.75,144.689,1.193651125170899e-10,-3.830515810186715,-2.622493592445085e-11,4.312014399699339e-11,3.268733355233446e-14,-5.5561526597679883e-11
strength_HT0.25,T1-P091,N555,interface_action,T-E vertical 3,224.25,69.75,147.143,-884.071923494339,-1165.5272145420313,31.868067860603333,655.5127910375595,656.1562577357981,-8012.573517203331
strength_HT0.25,T1-P092,N245,interface_action,T-E vertical 3,224.25,69.75,150.143,-182.85909682512283,3920.348328411579,-26.314400672912598,-595.8765425682068,-169.38137719617225,4337.282783746719
strength_HT0.25,T1-P093,N466,interface_action,T-E diagonal 11; T-E diagonal 12; T-E top / segment 1; T-E vertical 3,224.25,69.75,193.643,233.11326356414378,1350.2315998493648,-11.669157904918656,-40.80607463454112,-288.0016994524183,-5020.952689247286
strength_HT0.5,T1-P001,N246,interface_action,T-W / B-WO; T-W vertical 3,-32.0,69.75,116.0,-505.4781084060669,-85.86472457647324,-2.4500893354415894,1591.0286448001862,4332.338050834369,3360.635973930359
strength_HT0.5,T1-P002,N370,interface_action,T-W / B-WO; T-W vertical 3,-32.0,69.75,117.5,350.5653667449951,-539.6652346253395,39.2152715921402,1514.349367916584,90.7466722978279,-6259.415767192841
strength_HT0.5,T1-P003,N547,interface_action,T-W vertical 3,-32.0,69.75,120.0,-350.5653686067828,535.331814783407,-39.21527176509135,-1416.3111879725766,-90.74667229714441,5383.002344161829
strength_HT0.5,T1-P004,N371,interface_action,T-W vertical 3,-32.0,69.75,142.022,-6.0659020015211255e-12,-2.737952422783745,-7.023460165776691e-12,3.889125376378087e-11,-3.431805896350991e-14,7.245179502527707e-12
strength_HT0.5,T1-P005,N548,interface_action,T-W vertical 3,-32.0,69.75,147.143,350.56536877155304,-547.054854631424,39.215272068977356,351.8910665512085,90.74667229712941,4132.393459022045
strength_HT0.5,T1-P006,N231,interface_action,T-W vertical 3,-32.0,69.75,150.143,22.738007426261902,2697.6689643859863,-37.79196751117706,-418.63595712184906,-67.4757559284335,-717.7974144220352
strength_HT0.5,T1-P007,N401,interface_action,T-W diagonal 10; T-W diagonal 9; T-W top / segment 1; T-W vertical 3,-32.0,69.75,193.643,-66.48456483814125,2484.2522528519976,-32.495072649300816,1500.13232963189,-350.86057159231126,5148.6893955012565
strength_HT0.5,T1-P008,N232,interior_applied_load,,-31.0,69.75,150.143,-1.0634539648890495e-07,-15.042018451102194,2.8051852041244274e-07,2.554315869929269e-08,-2.096840034937486e-08,-5.530455382540822e-08
strength_HT0.5,T1-P009,N340,interior_applied_load,,-31.0,69.75,152.643,5.078894326654018e-09,-3.2711250361769326,-2.873321651776202e-07,3.3408623344482776e-07,-9.694536512789615e-11,1.026714230917256e-08
strength_HT0.5,T1-P010,N341,interior_applied_load,,-31.0,69.75,172.143,2.2718523017351284e-14,-6.5422500394587,3.979654054139015e-14,-4.9383178031589634e-12,2.2907674187964125e-15,-1.7907110821847286e-13
strength_HT0.5,T1-P011,N342,interior_applied_load,,-31.0,69.75,191.643,-3.5762786865234375e-07,-3.2711250483989716,-9.5367431640625e-07,9.5367431640625e-07,-1.1641532182693481e-10,2.384185791015625e-07
strength_HT0.5,T1-P012,N566,interior_applied_load,,-31.0,69.75,193.643,2.384185791015625e-07,-10.758229106664658,-9.5367431640625e-07,0.0,-5.005858838558197e-09,3.5762786865234375e-07
strength_HT0.5,T1-P013,N355,interior_applied_load,,-9.979,69.75,164.643,-2.9103830456733704e-11,-8.567578545953438,2.2737367544323206e-13,9.094947017729282e-13,-1.8189894035458565e-12,-3.637978807091713e-12
strength_HT0.5,T1-P014,N247,interior_applied_load,,-3.528,69.75,116.0,-3.971606111507792e-11,-34.10859366221659,1.0480712267882757e-12,-3.3341611842086026e-14,2.7534926785861936e-12,6.573129151482523e-10
strength_HT0.5,T1-P015,N233,interior_applied_load,,-3.528,69.75,150.143,-6.12598835289337e-14,-21.138608335696013,9.45443850298245e-13,5.968859784633311e-14,4.044351039192749e-12,3.8231443343227325e-13
strength_HT0.5,T1-P016,N567,interior_applied_load,,-3.528,69.75,193.643,5.027667441922822e-12,-21.13860833569516,-1.8471757363085751e-13,-7.424951048318127e-13,4.519923453759221e-12,-2.055190327561497e-12
strength_HT0.5,T1-P017,N248,interior_applied_load,,9.344,69.75,116.0,-3.7260489861891115e-11,-586.8662349454994,-5.935737608443893e-12,3.398931494235162e-15,-9.58969392114582e-12,8.053062211886295e-10
strength_HT0.5,T1-P018,N356,interior_applied_load,,11.042,69.75,179.143,-1.7669990955059836e-11,-8.567578545950367,2.895283534737802e-13,4.172369907391793e-12,-5.133538358195763e-12,-4.9036031472007956e-11
strength_HT0.5,T1-P019,N249,interior_applied_load,,24.944,69.75,116.0,3.0657990924627985e-12,-15.41718765156113,-5.2367556332803925e-11,4.256601298146179e-14,1.558309171474314e-10,-8.331264346192836e-09
strength_HT0.5,T1-P020,N234,interior_applied_load,,24.944,69.75,150.143,3.025093327219341e-11,-13.447786458223655,3.0526026928631785e-11,-1.8017485205161738e-12,-4.411511835792619e-11,2.014694918184054e-10
strength_HT0.5,T1-P021,N568,interior_applied_load,,24.944,69.75,193.643,-1.4228207181927084e-11,-13.44778645864678,1.0857212993091565e-10,-8.74164712155362e-13,-1.7151182554680565e-10,-3.3095412561429896e-10
strength_HT0.5,T1-P022,N250,interior_applied_load,,28.031,69.75,116.0,-2.4614208854120717e-10,-569.2490474160378,-2.413614248816196e-10,8.05448911475716e-14,2.5797826648895767e-10,-1.6860475091462015e-08
strength_HT0.5,T1-P023,N251,interior_applied_load,,32.062,69.75,116.0,-5.960464477539063e-08,-15.417187452316284,0.0,1.4901161193847656e-08,-2.3283064365386963e-10,0.0
strength_HT0.5,T1-P024,N549,interior_applied_load,,32.062,69.75,120.0,-5.960464477539063e-08,-4.553279876708984,0.0,0.0,0.0,0.0
strength_HT0.5,T1-P025,N550,interior_applied_load,,32.062,69.75,147.143,-5.960464477539063e-08,-4.553279846906662,3.5762786865234375e-07,4.76837158203125e-07,7.275957614183426e-12,1.1920928955078125e-07
strength_HT0.5,T1-P026,N235,interior_applied_load,,32.062,69.75,150.143,-1.7881393432617188e-07,-10.758229166269302,2.384185791015625e-07,9.5367431640625e-07,5.093170329928398e-11,0.0
strength_HT0.5,T1-P027,N343,interior_applied_load,,32.062,69.75,152.643,1.4652052016117523e-07,-3.2711250415652375,-4.114190232940018e-07,5.49096967006335e-07,1.5560885913146194e-12,3.2124398785526864e-07
strength_HT0.5,T1-P028,N344,interior_applied_load,,32.062,69.75,172.143,0.0,-6.542250039463397,0.0,-3.637978807091713e-12,-1.7763568394002505e-15,9.094947017729282e-13
strength_HT0.5,T1-P029,N345,interior_applied_load,,32.062,69.75,191.643,1.2715071306956816e-07,-3.2711250693537295,-8.070310286711901e-08,4.3910767999477684e-07,-3.131248695399758e-11,-2.2875065042171627e-07
strength_HT0.5,T1-P030,N357,interior_applied_load,,32.062,69.75,193.643,-1.8006518014428686e-08,-19.371952393319816,6.08596299346071e-08,-4.37824742906455e-07,-8.416602584981486e-11,-3.5538851777795866e-07
strength_HT0.5,T1-P031,N252,interior_applied_load,,46.719,69.75,116.0,-3.5284167216886176e-12,-580.9938391104236,-8.973600034924173e-12,-5.67594623840907e-14,-7.846285584977348e-11,3.3562816702959658e-09
strength_HT0.5,T1-P032,N253,interior_applied_load,,53.417,69.75,116.0,-7.559832045360893e-11,-15.417187444894981,-1.5464610200501087e-11,1.7030228515988283e-14,1.8703521845683354e-11,1.591231565935758e-10
strength_HT0.5,T1-P033,N236,interior_applied_load,,53.417,69.75,150.143,-1.7003575758106374e-11,-18.82690104167104,-3.4848585049909692e-12,-3.1545881402983795e-13,-2.759469006196532e-10,6.502186360221321e-10
strength_HT0.5,T1-P034,N358,interior_applied_load,,53.417,69.75,179.143,-8.834329798877319e-12,-8.659868109403869,1.6326538904819556e-12,-3.217848188605053e-12,7.171353793057203e-11,-1.3988108019071424e-11
strength_HT0.5,T1-P035,N569,interior_applied_load,,53.417,69.75,193.643,1.6800057636929372e-12,-18.826901041661987,-6.219055411380253e-13,-3.891489037155744e-12,-3.523251100910325e-12,-2.490937058479103e-11
strength_HT0.5,T1-P036,N254,interior_applied_load,,65.406,69.75,116.0,-4.533996326391232e-11,-586.8662349467184,-8.624102551325453e-13,6.684934254773974e-16,3.56268487006908e-11,3.4174367707601633e-09
strength_HT0.5,T1-P037,N359,interior_applied_load,,74.771,69.75,164.643,0.0,-8.659868109447416,2.3874235921539366e-12,-4.092726157978177e-12,-5.4569682106375694e-12,-7.275957614183426e-12
strength_HT0.5,T1-P038,N255,interior_applied_load,,81.889,69.75,116.0,-8.715389974676388e-11,-15.41718741188484,-3.255733981749848e-10,6.640355362984019e-14,4.321743844838964e-10,3.375267278370326e-08
strength_HT0.5,T1-P039,N237,interior_applied_load,,81.889,69.75,150.143,-6.986172581335032e-12,-16.13734375000186,4.456836478513375e-13,2.440715482372396e-13,-2.728033142227864e-11,2.0772013612779859e-10
strength_HT0.5,T1-P040,N570,interior_applied_load,,81.889,69.75,193.643,2.009314038869785e-12,-16.13734374997184,-2.5594170193535657e-12,-1.1877143578249267e-14,1.7429520571619236e-10,3.8936768684098516e-10
strength_HT0.5,T1-P041,N256,interior_applied_load,,84.094,69.75,116.0,-1.4782965335833903e-10,-575.1214433037937,1.5877695073029194e-10,1.6742335996097267e-14,1.3304131634551538e-10,1.4204782251101341e-08
strength_HT0.5,T1-P042,N257,interior_applied_load,,96.125,69.75,116.0,-1.7881393432617188e-07,-2175.4171876609325,0.0,0.0,0.0,-8.344650268554688e-07
strength_HT0.5,T1-P043,N551,interior_applied_load,,96.125,69.75,120.0,1.4901161193847656e-07,-4.553279876708984,1.4901161193847656e-08,-1.4901161193847656e-08,0.0,-2.384185791015625e-07
strength_HT0.5,T1-P044,N552,interior_applied_load,,96.125,69.75,147.143,-4.76837158203125e-07,-4.553279846906662,0.0,4.76837158203125e-07,0.0,5.364418029785156e-07
strength_HT0.5,T1-P045,N238,interior_applied_load,,96.125,69.75,150.143,-2.384185791015625e-07,-19.418097257614136,2.384185791015625e-07,-7.152557373046875e-07,0.0,-2.9802322387695312e-08
strength_HT0.5,T1-P046,N346,interior_applied_load,,96.125,69.75,152.643,4.172325134277344e-07,-3.271125078201294,-2.384185791015625e-07,0.0,5.820766091346741e-11,1.1920928955078125e-07
strength_HT0.5,T1-P047,N347,interior_applied_load,,96.125,69.75,172.143,8.940924680997065e-15,-6.542250039423312,6.439977802960754e-13,1.1980591729352132e-12,5.212148363587306e-15,-1.641444015853015e-13
strength_HT0.5,T1-P048,N348,interior_applied_load,,96.125,69.75,191.643,-3.6825993754430186e-08,-3.2711250616195287,9.526730551101537e-07,4.041473715687971e-07,-2.2211858252741928e-12,6.855533585259366e-09
strength_HT0.5,T1-P049,N571,interior_applied_load,,96.125,69.75,193.643,8.928761115714252e-08,-10.758229200782814,-5.635028306427716e-08,-5.481849653985142e-07,-4.717648061805183e-12,-4.8280106851041796e-08
strength_HT0.5,T1-P050,N258,interior_applied_load,,102.781,69.75,116.0,6.987489233729328e-11,-575.1214432806375,4.70973400502152e-12,6.97987128790354e-14,-2.5576057580095523e-11,7.422672217217317e-09
strength_HT0.5,T1-P051,N259,interior_applied_load,,110.361,69.75,116.0,-1.705957716330004e-10,-7.708593695744663,-3.0666104417882945e-09,-1.2973319516049566e-13,-1.4046656266573537e-09,-1.443321364480083e-08
strength_HT0.5,T1-P052,N239,interior_applied_load,,110.361,69.75,150.143,1.864305562166456e-10,-16.13734374999095,-4.335905535275629e-13,1.3080874097444276e-11,5.893422010997282e-12,-2.6621295334026962e-11
strength_HT0.5,T1-P053,N572,interior_applied_load,,110.361,69.75,193.643,-3.831088885535296e-12,-16.137343749952358,4.415849144849621e-12,-7.969402826717076e-13,-2.2361618550525224e-11,2.4405105814836837e-10
strength_HT0.5,T1-P054,N260,interior_applied_load,,112.125,69.75,116.0,-1.9338287504365737e-10,-9.163802100351083,-1.598077491349923e-09,2.0678681423279037e-14,1.0366984335694899e-09,-3.057846181444529e-08
strength_HT0.5,T1-P055,N360,interior_applied_load,,117.479,69.75,164.643,4.3655745685100555e-11,-8.65986810936738,-2.2737367544323206e-13,9.094947017729282e-13,6.366462912410498e-12,-4.001776687800884e-11
strength_HT0.5,T1-P056,N261,interior_applied_load,,121.469,69.75,116.0,-5.152518823491657e-11,-585.4110266958697,-1.1593361217428977e-11,2.7071369902134413e-14,-1.466158113738723e-10,1.2097008389485601e-08
strength_HT0.5,T1-P057,N262,interior_applied_load,,138.833,69.75,116.0,4.3224144496089056e-10,-15.417187543616887,-1.2769618286034962e-09,2.7614426276452625e-15,7.145214884291738e-11,7.582121207957863e-08
strength_HT0.5,T1-P058,N240,interior_applied_load,,138.833,69.75,150.143,-1.36631543456222e-12,-18.826901041703316,1.3031215880119258e-11,9.074007266476706e-14,-4.3682992169152716e-10,-3.2154333882908453e-10
strength_HT0.5,T1-P059,N361,interior_applied_load,,138.833,69.75,179.143,-2.1858792443778075e-11,-8.659868109420676,7.449549362071848e-13,-1.268628073450664e-11,3.783338870576816e-11,3.3492620230382864e-12
strength_HT0.5,T1-P060,N573,interior_applied_load,,138.833,69.75,193.643,5.76876828066105e-12,-18.826901041650142,-3.8649774239579924e-12,-2.386249573521084e-11,1.0477914295083493e-12,4.649709013446457e-12
strength_HT0.5,T1-P061,N263,interior_applied_load,,140.156,69.75,116.0,4.81497126618361e-10,-579.8852457141617,6.371119048290558e-09,9.77167176079316e-14,4.537858151715136e-09,-9.134245362353663e-08
strength_HT0.5,T1-P062,N264,interior_applied_load,,158.844,69.75,116.0,-2.0109337890545304e-12,-579.9024332980588,4.823856445512669e-09,3.343976491424311e-14,-5.779852820703708e-09,-9.024270085719565e-08
strength_HT0.5,T1-P063,N265,interior_applied_load,,160.188,69.75,116.0,2.384185791015625e-07,-6.980989634990692,4.76837158203125e-07,4.76837158203125e-07,3.550667315721512e-09,-7.152557373046875e-07
strength_HT0.5,T1-P064,N553,interior_applied_load,,160.188,69.75,120.0,-6.258487701416016e-07,-4.553279876708984,-5.960464477539063e-08,1.7881393432617188e-07,-5.820766091346741e-11,-2.1457672119140625e-06
strength_HT0.5,T1-P065,N554,interior_applied_load,,160.188,69.75,147.143,0.0,-4.553279846906662,0.0,-2.384185791015625e-07,0.0,0.0
strength_HT0.5,T1-P066,N241,interior_applied_load,,160.188,69.75,150.143,0.0,-10.75822913646698,2.384185791015625e-07,0.0,-1.1641532182693481e-10,-1.4901161193847656e-07
strength_HT0.5,T1-P067,N349,interior_applied_load,,160.188,69.75,152.643,0.0,-3.2711250483989716,0.0,0.0,0.0,2.384185791015625e-07
strength_HT0.5,T1-P068,N350,interior_applied_load,,160.188,69.75,172.143,3.024059667883222e-12,-6.542250039423295,1.1914555339450791e-13,-1.659545814750587e-12,-4.85018856142947e-16,2.177939743847634e-11
strength_HT0.5,T1-P069,N351,interior_applied_load,,160.188,69.75,191.643,2.6730628227555897e-07,-3.271125041648464,3.060383622632834e-07,-5.869777318645575e-07,5.310637022114549e-12,-5.805355404175927e-07
strength_HT0.5,T1-P070,N362,interior_applied_load,,160.188,69.75,193.643,-1.687614242139784e-07,-19.371952464657728,-2.0113247259798887e-07,-1.2076130492504142e-07,2.6630652589063256e-10,-5.219340477837379e-07
strength_HT0.5,T1-P071,N266,interior_applied_load,,167.306,69.75,116.0,-8.732908172650278e-11,-14.30859378409236,1.1579797888211235e-10,7.855028630330728e-15,-6.960274456997109e-10,-9.598022312069667e-09
strength_HT0.5,T1-P072,N242,interior_applied_load,,167.306,69.75,150.143,9.560219960959435e-12,-13.447786458148762,-2.360763975350096e-11,1.7053708031798397e-13,4.9646852232670135e-11,-4.738774187560532e-10
strength_HT0.5,T1-P073,N574,interior_applied_load,,167.306,69.75,193.643,-1.2143742914195576e-12,-13.447786458411539,-2.4252347868750546e-11,-5.684686202703441e-13,6.008616048635969e-11,2.438907597356727e-10
strength_HT0.5,T1-P074,N267,interior_applied_load,,177.531,69.75,116.0,-5.89340294574601e-11,-586.8662349456033,-1.4559222858152948e-12,1.3441336325506525e-15,3.777356091306702e-11,1.4200978342789212e-10
strength_HT0.5,T1-P075,N363,interior_applied_load,,181.208,69.75,179.143,-3.3101981483843545e-11,-8.567578545970848,-4.755932838987905e-13,-7.0954405230531196e-12,-4.120791188502519e-12,-5.3496417494581676e-11
strength_HT0.5,T1-P076,N268,interior_applied_load,,195.778,69.75,116.0,1.142726551194651e-09,-15.417188522555795,-9.202459494684089e-08,-2.0708740320110485e-14,6.536313703078184e-09,-2.625566310435564e-07
strength_HT0.5,T1-P077,N243,interior_applied_load,,195.778,69.75,150.143,-7.97458873498031e-12,-21.138608335696336,8.945106742345029e-14,-1.2887474676923205e-14,3.968914026457361e-12,1.01951552404126e-11
strength_HT0.5,T1-P078,N575,interior_applied_load,,195.778,69.75,193.643,2.36302906689183e-13,-21.13860833571537,-2.8903146351574797e-12,4.0032671738149117e-13,-4.711764967163622e-10,4.360949382941624e-11
strength_HT0.5,T1-P079,N269,interior_applied_load,,196.219,69.75,116.0,1.1801155940734681e-09,-981.5695354050421,-4.1758503828068185e-08,2.333079075014105e-13,1.019652715792454e-08,9.359080820585071e-08
strength_HT0.5,T1-P080,N364,interior_applied_load,,202.229,69.75,164.643,-2.9103830456733704e-11,-8.567578545946162,3.410605131648481e-13,-9.094947017729282e-13,-2.7284841053187847e-12,9.094947017729282e-12
strength_HT0.5,T1-P081,N270,interior_applied_load,,214.906,69.75,116.0,8.732605062400135e-11,-988.914326891178,1.9340637306937393e-11,1.3627727564487634e-14,7.977994547516395e-11,1.5805870261001234e-09
strength_HT0.5,T1-P082,N244,interior_applied_load,,223.25,69.75,150.143,-1.1920928955078125e-07,-15.042018473148346,2.384185791015625e-07,9.5367431640625e-07,1.1641532182693481e-09,0.0
strength_HT0.5,T1-P083,N352,interior_applied_load,,223.25,69.75,152.643,-1.1920928955078125e-07,-3.2711250483989716,-7.152557373046875e-07,7.152557373046875e-07,-2.3283064365386963e-10,-1.1920928955078125e-07
strength_HT0.5,T1-P084,N353,interior_applied_load,,223.25,69.75,172.143,6.326091749569244e-14,-6.542250039402263,1.4058028216947282e-13,1.8405099228090996e-12,1.3224574230801834e-14,5.902851791765497e-14
strength_HT0.5,T1-P085,N354,interior_applied_load,,223.25,69.75,191.643,9.640109821518195e-10,-3.271125007601688,-9.193060293566369e-08,1.9824148883573756e-07,-9.061842273298265e-11,-3.126200853742489e-09
strength_HT0.5,T1-P086,N576,interior_applied_load,,223.25,69.75,193.643,-4.6893012806137335e-09,-10.758229169583664,3.2697677153667724e-07,-4.693849019167311e-07,6.249126578623452e-09,-1.669624766562138e-08
strength_HT0.5,T1-P087,N271,interior_applied_load,,224.25,69.75,116.0,1.503926456702942e-07,-7.708593842975016,9.387325439492308e-08,1.5355819334982918e-07,1.1976297658609521e-09,9.945565961157327e-08
strength_HT0.5,T1-P088,N161,interface_action,T-E; T-E vertical 3,224.25,69.75,120.0,1217.319820678793,1922.688959060004,33.7789578710217,-128.38434734533075,4208.307428957898,-19169.914059076225
strength_HT0.5,T1-P089,N426,interface_action,T-E; T-E vertical 3,224.25,69.75,121.5,-149.86613234877586,-391.4694202807732,5.197243181755766,242.81576065602712,103.36657642012642,2474.758878643159
strength_HT0.5,T1-P090,N427,interface_action,T-E vertical 3,224.25,69.75,144.689,9.414083485318601e-11,-3.8305158102681536,-4.972984217513455e-11,1.0570780961157349e-10,1.2675040832329405e-13,-5.5570809616209984e-11
strength_HT0.5,T1-P091,N555,interface_action,T-E vertical 3,224.25,69.75,147.143,-931.2751865386963,-1152.6658575683832,32.24244225025177,679.5774246454239,659.6927472860552,-8502.421682238579
strength_HT0.5,T1-P092,N245,interface_action,T-E vertical 3,224.25,69.75,150.143,-178.43921101093292,4303.553398445249,-26.813063144683838,-608.3513869047165,-162.4800162888132,4250.536136984825
strength_HT0.5,T1-P093,N466,interface_action,T-E diagonal 11; T-E diagonal 12; T-E top / segment 1; T-E vertical 3,224.25,69.75,193.643,240.920006340181,1486.3514055066298,-10.883720413521043,-25.312426570223156,-223.6587537353363,-5441.653346453627
strength_HT0.75,T1-P001,N246,interface_action,T-W / B-WO; T-W vertical 3,-32.0,69.75,116.0,-483.6601867675781,-70.35962063074112,-3.920476198196411,1484.1047868132591,4256.5083479993045,2884.0523743629456
strength_HT0.75,T1-P002,N370,interface_action,T-W / B-WO; T-W vertical 3,-32.0,69.75,117.5,336.8290100097656,-531.8381450176239,36.71395790576935,1412.8577854037285,92.9511294956319,-6026.167369365692
strength_HT0.75,T1-P003,N547,interface_action,T-W vertical 3,-32.0,69.75,120.0,-336.82900820651747,527.5047251517854,-36.713957892814584,-1321.0728902298142,-92.95112949492753,5184.094848219471
strength_HT0.75,T1-P004,N371,interface_action,T-W vertical 3,-32.0,69.75,142.022,-2.9214289303316288e-12,-2.7379524227975285,-1.8464530463662445e-11,-1.448590780245795e-11,-3.253675271342614e-14,-5.263897189864778e-12
strength_HT0.75,T1-P005,N548,interface_action,T-W vertical 3,-32.0,69.75,147.143,336.8290083706379,-539.2277650237083,36.71395802497864,324.5459314584732,92.951129494817,3958.454924017191
strength_HT0.75,T1-P006,N231,interface_action,T-W vertical 3,-32.0,69.75,150.143,26.082845747470856,2428.147619485855,-35.27814495563507,-392.284929394722,-63.2165930486517,-786.7526086568832
strength_HT0.75,T1-P007,N401,interface_action,T-W diagonal 10; T-W diagonal 9; T-W top / segment 1; T-W vertical 3,-32.0,69.75,193.643,-57.57381817566968,2194.280115170667,-30.92001480083319,1389.6454993577588,-281.7782431114216,4690.320620342623
strength_HT0.75,T1-P008,N232,interior_applied_load,,-31.0,69.75,150.143,-4.835601430386305e-08,-15.042018404994451,1.4664317404822214e-07,-6.9758243625983596e-09,-1.4561010175384581e-08,-6.178015610203147e-08
strength_HT0.75,T1-P009,N340,interior_applied_load,,-31.0,69.75,152.643,-2.737660953261993e-08,-3.2711250235924094,4.728341147564001e-08,2.2970479418253115e-07,-1.0308316851579328e-10,-1.2276129920760766e-08
strength_HT0.75,T1-P010,N341,interior_applied_load,,-31.0,69.75,172.143,-1.4550180471472162e-14,-6.542250039415886,-2.612785074488622e-13,-5.633312535308185e-13,5.101259948065183e-15,1.3224570709833953e-12
strength_HT0.75,T1-P011,N342,interior_applied_load,,-31.0,69.75,191.643,-4.76837158203125e-07,-3.2711250483989716,0.0,1.430511474609375e-06,0.0,4.76837158203125e-07
strength_HT0.75,T1-P012,N566,interior_applied_load,,-31.0,69.75,193.643,3.5762786865234375e-07,-10.758229106664658,-4.76837158203125e-07,9.5367431640625e-07,8.498318493366241e-09,7.152557373046875e-07
strength_HT0.75,T1-P013,N355,interior_applied_load,,-9.979,69.75,164.643,0.0,-8.567578545975266,1.1368683772161603e-13,4.547473508864641e-13,-1.8189894035458565e-12,-3.637978807091713e-12
strength_HT0.75,T1-P014,N247,interior_applied_load,,-3.528,69.75,116.0,-2.5200819186847682e-11,-34.10859366223273,1.0820452535054465e-12,-1.8494807417329928e-14,1.0298019184314728e-11,-4.0548376046039107e-11
strength_HT0.75,T1-P015,N233,interior_applied_load,,-3.528,69.75,150.143,5.399900588429075e-12,-21.138608335696155,1.897286223479405e-13,-2.0656818275571e-13,-7.000967018848332e-13,1.6479391236027498e-11
strength_HT0.75,T1-P016,N567,interior_applied_load,,-3.528,69.75,193.643,-8.572237615972727e-12,-21.138608335696706,1.2611298745961422e-12,-2.591734465975336e-13,6.085187886755345e-12,1.6346965241205676e-11
strength_HT0.75,T1-P017,N248,interior_applied_load,,9.344,69.75,116.0,3.031772533166668e-11,-586.866234945638,-2.719119319260632e-12,-1.9461883728181666e-14,8.88528101079075e-12,-4.227696750431706e-11
strength_HT0.75,T1-P018,N356,interior_applied_load,,11.042,69.75,179.143,-2.8244091572331772e-11,-8.567578545942023,6.828141706358511e-14,2.69145047933462e-12,-2.768767134537836e-12,-3.990047982700868e-11
strength_HT0.75,T1-P019,N249,interior_applied_load,,24.944,69.75,116.0,2.124342333143699e-11,-15.417187653311357,-5.58767951940054e-11,-1.602182038002231e-14,6.833320384757664e-11,-3.2151483907053225e-09
strength_HT0.75,T1-P020,N234,interior_applied_load,,24.944,69.75,150.143,-1.6689983332135368e-12,-13.447786458315306,2.7533534954630157e-11,6.022337108946311e-13,-5.773769640719589e-12,4.394343441007377e-10
strength_HT0.75,T1-P021,N568,interior_applied_load,,24.944,69.75,193.643,-2.810145538650637e-11,-13.447786458589757,8.154543283662778e-11,-1.151889315195466e-12,-1.5195655617720144e-10,-5.976921016066604e-10
strength_HT0.75,T1-P022,N250,interior_applied_load,,28.031,69.75,116.0,-2.2373974971733216e-10,-569.2490474174041,-2.310018262271156e-10,8.387609566124451e-14,1.2270492946318656e-09,3.985722655007342e-08
strength_HT0.75,T1-P023,N251,interior_applied_load,,32.062,69.75,116.0,-8.940696716308594e-08,-15.417187482118607,0.0,0.0,-3.4924596548080444e-10,5.960464477539063e-08
strength_HT0.75,T1-P024,N549,interior_applied_load,,32.062,69.75,120.0,0.0,-4.553279876708984,0.0,1.4901161193847656e-08,0.0,1.1920928955078125e-07
strength_HT0.75,T1-P025,N550,interior_applied_load,,32.062,69.75,147.143,5.960464477539063e-08,-4.553279846906662,-5.960464477539063e-08,0.0,0.0,0.0
strength_HT0.75,T1-P026,N235,interior_applied_load,,32.062,69.75,150.143,-3.2782554626464844e-07,-10.758229166269302,5.364418029785156e-07,1.1920928955078125e-07,-8.003553375601768e-11,-2.980232238769531e-07
strength_HT0.75,T1-P027,N343,interior_applied_load,,32.062,69.75,152.643,2.812011672403969e-07,-3.271125018548468,-2.0406230305525241e-07,3.23551603287342e-07,2.984723579402271e-12,7.241097250698658e-07
strength_HT0.75,T1-P028,N344,interior_applied_load,,32.062,69.75,172.143,-5.684341886080802e-14,-6.542250039434293,2.2737367544323206e-13,-5.4569682106375694e-12,0.0,-9.094947017729282e-13
strength_HT0.75,T1-P029,N345,interior_applied_load,,32.062,69.75,191.643,1.562087845741189e-07,-3.2711250543943606,-5.793021955469158e-07,-3.3919059205800295e-07,-3.850153940482471e-12,-1.899666131066624e-07
strength_HT0.75,T1-P030,N357,interior_applied_load,,32.062,69.75,193.643,2.939684870196622e-08,-19.371952470188756,3.4274304285721156e-07,-2.471794017832334e-07,-4.926237643021405e-13,-2.001315487410991e-07
strength_HT0.75,T1-P031,N252,interior_applied_load,,46.719,69.75,116.0,4.428697497919098e-11,-580.9938391136599,-3.424251943588266e-11,1.506972646103007e-18,6.667500123664992e-11,2.06140660276187e-09
strength_HT0.75,T1-P032,N253,interior_applied_load,,53.417,69.75,116.0,-1.6689775446612175e-10,-15.417187442611315,4.523019389734094e-12,-2.7682776137224886e-14,4.247962839941434e-11,-2.4343430425824364e-08
strength_HT0.75,T1-P033,N236,interior_applied_load,,53.417,69.75,150.143,-6.8548560706058165e-12,-18.826901041659127,2.7368835894830512e-12,-8.564220734751399e-13,2.004149117856508e-10,4.743868777699296e-10
strength_HT0.75,T1-P034,N358,interior_applied_load,,53.417,69.75,179.143,2.2995384277003564e-11,-8.659868109416484,1.5883851331945292e-12,-2.059071528474396e-11,2.383761067795814e-11,-1.974726824859818e-11
strength_HT0.75,T1-P035,N569,interior_applied_load,,53.417,69.75,193.643,-3.440002799536926e-13,-18.826901041661976,-1.4178492710510836e-12,-4.935641252874262e-12,-5.148078343204103e-12,-3.539649604943456e-11
strength_HT0.75,T1-P036,N254,interior_applied_load,,65.406,69.75,116.0,-7.352821414512205e-11,-586.8662349458858,-2.4224563246542563e-12,-6.431572609382432e-16,-5.641987064939936e-11,-6.872820940914499e-09
strength_HT0.75,T1-P037,N359,interior_applied_load,,74.771,69.75,164.643,0.0,-8.65986810940376,-1.3642420526593924e-12,2.7284841053187847e-12,1.7280399333685637e-11,-1.8189894035458565e-11
strength_HT0.75,T1-P038,N255,interior_applied_load,,81.889,69.75,116.0,-2.1690466238315493e-11,-15.4171874136701,-3.3136960273340194e-10,9.604372162716779e-14,5.071685140473668e-10,4.253189399080304e-08
strength_HT0.75,T1-P039,N237,interior_applied_load,,81.889,69.75,150.143,-1.2345943307717423e-11,-16.137343749984677,1.3217054497131672e-13,1.6064253335068338e-13,-9.5691616095332e-12,3.105564260572377e-10
strength_HT0.75,T1-P040,N570,interior_applied_load,,81.889,69.75,193.643,-5.9045499942587235e-12,-16.13734374997258,-3.092615568289039e-11,1.8260669237024949e-13,5.484824705589558e-10,7.619332593202526e-10
strength_HT0.75,T1-P041,N256,interior_applied_load,,84.094,69.75,116.0,2.609774711616522e-10,-575.1214433092175,3.299741197950212e-10,4.718151849106501e-14,1.7504804582683638e-10,-6.1835438884096846e-09
strength_HT0.75,T1-P042,N257,interior_applied_load,,96.125,69.75,116.0,0.0,-15.417187631130219,-1.4901161193847656e-08,-5.960464477539063e-08,0.0,-1.3709068298339844e-06
strength_HT0.75,T1-P043,N551,interior_applied_load,,96.125,69.75,120.0,-2.9802322387695312e-08,-4.553279846906662,0.0,0.0,-2.3283064365386963e-10,-2.980232238769531e-07
strength_HT0.75,T1-P044,N552,interior_applied_load,,96.125,69.75,147.143,-4.172325134277344e-07,-4.553279876708984,-1.1920928955078125e-07,2.384185791015625e-07,5.820766091346741e-11,4.76837158203125e-07
strength_HT0.75,T1-P045,N238,interior_applied_load,,96.125,69.75,150.143,0.0,-19.418097257614136,2.384185791015625e-07,-2.384185791015625e-07,0.0,8.940696716308594e-08
strength_HT0.75,T1-P046,N346,interior_applied_load,,96.125,69.75,152.643,4.76837158203125e-07,-3.271125078201294,0.0,2.384185791015625e-07,0.0,-2.384185791015625e-07
strength_HT0.75,T1-P047,N347,interior_applied_load,,96.125,69.75,172.143,-1.5749319614552906e-13,-6.542250039337491,2.39827981251172e-12,1.6122901294332093e-11,-6.252377072770481e-16,-1.7653103311092562e-13
strength_HT0.75,T1-P048,N348,interior_applied_load,,96.125,69.75,191.643,3.928964537047719e-08,-3.2711250409435237,-4.346300741531195e-08,-2.6491039051279586e-07,1.7313000492579375e-11,-5.180446771557712e-08
strength_HT0.75,T1-P049,N571,interior_applied_load,,96.125,69.75,193.643,4.7391652238249933e-08,-10.758229158887104,4.744093178993396e-07,-1.0709820512299585e-07,2.964646834651654e-10,-8.683605535231234e-08
strength_HT0.75,T1-P050,N258,interior_applied_load,,102.781,69.75,116.0,4.702276433820456e-11,-575.12144327992,3.259187879240881e-11,3.003795753958737e-16,-3.034945704646594e-11,3.5963843057789506e-09
strength_HT0.75,T1-P051,N259,interior_applied_load,,110.361,69.75,116.0,-2.5228638829679863e-10,-7.708593711810436,-1.1984910689831248e-09,-1.0917270315780094e-13,-1.3074392891592294e-09,-7.59855412232674e-08
strength_HT0.75,T1-P052,N239,interior_applied_load,,110.361,69.75,150.143,-2.08941123144167e-10,-16.13734375000466,1.6029158648505184e-13,-5.0706574604730134e-11,3.5860368359092874e-12,1.9333864925829546e-11
strength_HT0.75,T1-P053,N572,interior_applied_load,,110.361,69.75,193.643,-7.126045256799234e-12,-16.137343749949427,2.0921024187439366e-11,-5.94563119141174e-13,2.5364993449830397e-10,3.205093937009413e-10
strength_HT0.75,T1-P054,N260,interior_applied_load,,112.125,69.75,116.0,-3.709145631114821e-11,-9.16380204135426,-7.660894911682131e-10,1.210303110410215e-14,7.798912405463815e-10,-4.19513425350274e-08
strength_HT0.75,T1-P055,N360,interior_applied_load,,117.479,69.75,164.643,-4.3655745685100555e-11,-8.659868109418312,1.1368683772161603e-12,2.7284841053187847e-12,-1.3642420526593924e-11,-8.731149137020111e-11
strength_HT0.75,T1-P056,N261,interior_applied_load,,121.469,69.75,116.0,5.417035649986058e-11,-585.4110266934717,3.132541292208353e-11,-1.4462142185592088e-14,2.409446980854599e-11,-1.9796576261008397e-10
strength_HT0.75,T1-P057,N262,interior_applied_load,,138.833,69.75,116.0,5.691772563873289e-11,-15.417187570480326,-4.928525914985745e-09,1.0444000402873017e-13,1.9328979594927383e-09,1.197181091755384e-07
strength_HT0.75,T1-P058,N240,interior_applied_load,,138.833,69.75,150.143,7.650468978530476e-13,-18.826901041706677,1.2884407311719612e-12,5.155359410945785e-13,3.961994105033054e-11,-6.782986165760327e-10
strength_HT0.75,T1-P059,N361,interior_applied_load,,138.833,69.75,179.143,-2.879570473131619e-12,-8.659868109397367,9.154280930851334e-14,1.1961270912880939e-11,2.2437858541308938e-11,-1.6573230178558719e-12
strength_HT0.75,T1-P060,N573,interior_applied_load,,138.833,69.75,193.643,-4.4205843234414445e-12,-18.8269010416569,-2.679752616102126e-13,-4.090307251131974e-11,-2.571248508701296e-12,2.407845865671738e-11
strength_HT0.75,T1-P061,N263,interior_applied_load,,140.156,69.75,116.0,5.062578475773328e-11,-579.8852456351577,-2.5577942299453415e-10,-1.1184536198382466e-14,3.150415983051133e-10,-1.1295994561924317e-07
strength_HT0.75,T1-P062,N264,interior_applied_load,,158.844,69.75,116.0,-1.6977549763632067e-10,-579.9024331330378,6.395773336698601e-09,4.385834690056195e-14,-4.3962817527718985e-09,3.6442812980834103e-09
strength_HT0.75,T1-P063,N265,interior_applied_load,,160.188,69.75,116.0,2.980232238769531e-07,-2166.9809898734093,3.8743019104003906e-07,4.76837158203125e-07,-8.149072527885437e-10,-4.172325134277344e-07
strength_HT0.75,T1-P064,N553,interior_applied_load,,160.188,69.75,120.0,-7.152557373046875e-07,-4.553279876708984,-2.9802322387695312e-08,5.960464477539063e-08,0.0,-2.5033950805664062e-06
strength_HT0.75,T1-P065,N554,interior_applied_load,,160.188,69.75,147.143,0.0,-4.553279846906662,2.384185791015625e-07,1.1920928955078125e-07,-1.4551915228366852e-11,-5.960464477539063e-08
strength_HT0.75,T1-P066,N241,interior_applied_load,,160.188,69.75,150.143,0.0,-10.758229196071625,4.76837158203125e-07,0.0,-1.1641532182693481e-10,1.7881393432617188e-07
strength_HT0.75,T1-P067,N349,interior_applied_load,,160.188,69.75,152.643,0.0,-3.271125018596649,0.0,0.0,2.9103830456733704e-11,1.1920928955078125e-07
strength_HT0.75,T1-P068,N350,interior_applied_load,,160.188,69.75,172.143,-7.686618731712193e-13,-6.54225003944003,-6.912226145454768e-13,3.083069912081166e-11,-4.550094671115765e-15,4.808398287432564e-13
strength_HT0.75,T1-P069,N351,interior_applied_load,,160.188,69.75,191.643,-2.0300898045944038e-07,-3.2711250328296018,1.6334499078340947e-07,-2.897094014131518e-07,2.103585618350128e-11,6.455880463551722e-08
strength_HT0.75,T1-P070,N362,interior_applied_load,,160.188,69.75,193.643,2.929526711814069e-07,-19.37195245284534,-3.2877271505021264e-07,7.527784680938582e-07,1.1504410210338182e-10,-1.9889890292436015e-07
strength_HT0.75,T1-P071,N266,interior_applied_load,,167.306,69.75,116.0,-1.331356549077585e-10,-14.308593788460456,7.156771706706014e-11,-1.5853508015016428e-15,-8.641092141846062e-10,9.169802925134027e-09
strength_HT0.75,T1-P072,N242,interior_applied_load,,167.306,69.75,150.143,3.097487471182313e-11,-13.447786458345128,-1.5273212983636548e-11,-2.4395244450908693e-13,1.6428397421116222e-11,2.3397687628896855e-10
strength_HT0.75,T1-P073,N574,interior_applied_load,,167.306,69.75,193.643,-2.663782656483765e-12,-13.447786458315571,-3.652761035892237e-12,-1.2296281838478112e-12,4.806499291366002e-11,2.15474176853866e-11
strength_HT0.75,T1-P074,N267,interior_applied_load,,177.531,69.75,116.0,1.1734665047233916e-10,-586.8662349455543,-7.663015430394004e-12,1.6968359197626548e-15,4.893037552105106e-12,-2.562184590295262e-09
strength_HT0.75,T1-P075,N363,interior_applied_load,,181.208,69.75,179.143,-3.1523684016567405e-11,-8.56757854594834,-6.324395918799211e-13,-8.224315051409895e-12,-6.633768036351899e-12,-3.956827675420546e-11
strength_HT0.75,T1-P076,N268,interior_applied_load,,195.778,69.75,116.0,1.078295502029221e-09,-15.417191278394693,-1.4383694882714166e-09,-3.146089152169479e-14,3.412679797700633e-08,-1.7326486228450456e-07
strength_HT0.75,T1-P077,N243,interior_applied_load,,195.778,69.75,150.143,-1.5241435314427922e-11,-21.138608335695046,3.9500583254560543e-13,8.849610279555134e-14,2.747192453742313e-12,1.3344955228600994e-11
strength_HT0.75,T1-P078,N575,interior_applied_load,,195.778,69.75,193.643,8.137491174596271e-13,-21.138608335718445,-5.2808638314557735e-12,3.6488242846147656e-13,-5.347854391118928e-10,-7.866993450026388e-10
strength_HT0.75,T1-P079,N269,interior_applied_load,,196.219,69.75,116.0,7.677548029564265e-10,-981.5695345863563,1.5209607924791154e-07,-5.0440000311922996e-14,2.065698033980936e-08,-3.9092701345598847e-07
strength_HT0.75,T1-P080,N364,interior_applied_load,,202.229,69.75,164.643,-1.4551915228366852e-11,-8.567578545953438,3.410605131648481e-13,4.092726157978177e-12,9.094947017729282e-13,1.0913936421275139e-11
strength_HT0.75,T1-P081,N270,interior_applied_load,,214.906,69.75,116.0,3.8366884926561714e-11,-988.9143268916374,3.502570777292818e-12,2.09289794450517e-14,7.993735059699777e-11,1.1818626437053498e-09
strength_HT0.75,T1-P082,N244,interior_applied_load,,223.25,69.75,150.143,1.1920928955078125e-07,-15.042018443346024,2.384185791015625e-07,9.5367431640625e-07,-5.122274160385132e-09,0.0
strength_HT0.75,T1-P083,N352,interior_applied_load,,223.25,69.75,152.643,-1.1920928955078125e-07,-3.2711250334978104,-9.5367431640625e-07,7.152557373046875e-07,-2.3283064365386963e-10,-4.76837158203125e-07
strength_HT0.75,T1-P084,N353,interior_applied_load,,223.25,69.75,172.143,-5.29878404396251e-16,-6.542250039403006,-8.450974615258255e-14,-3.608758143539192e-13,-7.622518988149218e-15,-3.520952491430383e-13
strength_HT0.75,T1-P085,N354,interior_applied_load,,223.25,69.75,191.643,1.1432689073220814e-08,-3.2711250307481947,-2.6179490622557644e-07,-2.130246039011574e-07,1.1766549441369103e-10,-1.0105319581121819e-08
strength_HT0.75,T1-P086,N576,interior_applied_load,,223.25,69.75,193.643,4.072137510524598e-08,-10.758229144167732,3.308584664639878e-07,-6.269000687382066e-07,-5.208476953427812e-09,1.0554781120378323e-08
strength_HT0.75,T1-P087,N271,interior_applied_load,,224.25,69.75,116.0,2.2384216902260334e-07,-7.708593826406611,-3.99072734334981e-09,4.276893835657787e-08,5.3109226258939714e-09,-2.0571556065600646e-07
strength_HT0.75,T1-P088,N161,interface_action,T-E; T-E vertical 3,224.25,69.75,120.0,1281.1909162313677,2131.509430228267,33.084199025528505,-125.10062400100287,4135.716717997171,-21214.271166920895
strength_HT0.75,T1-P089,N426,interface_action,T-E; T-E vertical 3,224.25,69.75,121.5,-155.89445250248536,-437.80356099596247,5.239573151571676,248.07235854049213,105.56552337891935,2641.7477240359876
strength_HT0.75,T1-P090,N427,interface_action,T-E vertical 3,224.25,69.75,144.689,4.812039499881257e-11,-3.8305158103971366,-7.281990348430005e-12,1.0977288737422738e-10,1.4480019245490099e-13,-3.2631355180238528e-12
strength_HT0.75,T1-P091,N555,interface_action,T-E vertical 3,224.25,69.75,147.143,-968.7354512810707,-1287.3261791318655,32.50504732131958,705.454111456871,673.7265811481047,-8425.338718056679
strength_HT0.75,T1-P092,N245,interface_action,T-E vertical 3,224.25,69.75,150.143,-152.46813482046127,4675.1149747520685,-27.13203740119934,-616.0854408740997,-172.54272228525952,3717.0672080516815
strength_HT0.75,T1-P093,N466,interface_action,T-E diagonal 11; T-E diagonal 12; T-E top / segment 1; T-E vertical 3,224.25,69.75,193.643,174.22927105246018,1623.1251093546844,-10.292102240914781,-4.490201827219688,-186.98167851450768,-5802.669597834066
lateral_HX,T1-P001,N246,interface_action,T-W / B-WO; T-W vertical 3,-32.0,69.75,116.0,-26.21176815032959,-59.622697696089745,-11.930473327636719,446.6362534761429,2539.038023307454,285.8621988296509
lateral_HX,T1-P002,N370,interface_action,T-W / B-WO; T-W vertical 3,-32.0,69.75,117.5,36.562790870666504,-113.7041883468628,11.424647331237793,426.6213492155075,74.71496694907546,-654.9809074401855
lateral_HX,T1-P003,N547,interface_action,T-W vertical 3,-32.0,69.75,120.0,-36.56279252309522,110.09300515730366,-11.42464717980898,-398.0597318098034,-74.71496694884247,563.5739247322697
lateral_HX,T1-P004,N371,interface_action,T-W vertical 3,-32.0,69.75,142.022,1.964701302644873e-12,-2.281627019109467,8.53295149892282e-13,3.491172738382506e-12,1.4722668038637617e-14,-1.3709130874903336e-11
lateral_HX,T1-P005,N548,interface_action,T-W vertical 3,-32.0,69.75,147.143,36.5627925992012,-119.86220499873161,11.424647182226181,87.9605344235897,74.71496694871166,428.84995317459106
lateral_HX,T1-P006,N231,interface_action,T-W vertical 3,-32.0,69.75,150.143,-4.848462700843811,363.77697641402483,-11.281798012554646,-129.51104301214218,-36.33494377468014,19.3055739402771
lateral_HX,T1-P007,N401,interface_action,T-W diagonal 10; T-W diagonal 9; T-W top / segment 1; T-W vertical 3,-32.0,69.75,193.643,-48.203552185048444,268.91454038528224,-8.241638966662869,428.2959454270033,-222.1018518501752,-104.99412791583184
lateral_HX,T1-P008,N232,interior_applied_load,,-31.0,69.75,150.143,-1.0384337656432763e-07,-12.535015378232401,1.6131025404320098e-09,-2.7845317163155414e-08,-2.0548895918182097e-09,-3.0837327358312905e-08
lateral_HX,T1-P009,N340,interior_applied_load,,-31.0,69.75,152.643,-1.5424662496886853e-07,-2.725937515174601,1.2497489262727126e-08,-1.6094218449596868e-08,-1.0647080690147574e-11,-4.768690077435453e-09
lateral_HX,T1-P010,N341,interior_applied_load,,-31.0,69.75,172.143,4.0253146620687063e-14,-5.451875032830406,3.031685571858825e-14,-8.846709722709339e-13,-2.8458023913314223e-15,2.254872466912278e-14
lateral_HX,T1-P011,N342,interior_applied_load,,-31.0,69.75,191.643,-2.384185791015625e-07,-2.7259375154972076,0.0,2.384185791015625e-07,0.0,1.1920928955078125e-07
lateral_HX,T1-P012,N566,interior_applied_load,,-31.0,69.75,193.643,-1.1920928955078125e-07,-8.965190947055817,-1.1920928955078125e-07,2.384185791015625e-07,8.149072527885437e-10,2.384185791015625e-07
lateral_HX,T1-P013,N355,interior_applied_load,,-9.979,69.75,164.643,8.640199666842818e-12,-7.139648788291197,2.842170943040401e-14,5.684341886080802e-14,-2.2737367544323206e-13,0.0
lateral_HX,T1-P014,N247,interior_applied_load,,-3.528,69.75,116.0,3.673419183918079e-12,-28.42382805195075,5.407292152076024e-13,-6.671594035925683e-15,1.2153845723147048e-12,3.277824661116371e-10
lateral_HX,T1-P015,N233,interior_applied_load,,-3.528,69.75,150.143,1.0546915755648306e-12,-17.615506946412353,9.859478561482504e-14,-5.292156260925371e-14,-4.376907663284544e-14,2.007644337149027e-12
lateral_HX,T1-P016,N567,interior_applied_load,,-3.528,69.75,193.643,8.905654463558377e-13,-17.615506946412538,2.0477385985715981e-13,-1.5081812873683773e-13,-2.6654538609203457e-13,-3.396288430094605e-13
lateral_HX,T1-P017,N248,interior_applied_load,,9.344,69.75,116.0,5.103933273037764e-11,-19.57465277778416,-3.4008382016953487e-12,8.933675737424029e-15,1.9653073809060153e-11,-2.672746478027725e-10
lateral_HX,T1-P018,N356,interior_applied_load,,11.042,69.75,179.143,-6.2694048930590325e-12,-7.139648788300239,2.166552662265995e-14,4.1515729788576793e-13,-9.041419698303315e-13,-2.2945648041291322e-11
lateral_HX,T1-P019,N249,interior_applied_load,,24.944,69.75,116.0,3.5110674749112712e-12,-12.847656376935387,3.059714955925997e-11,-2.2024599336910984e-14,1.1544394344385465e-10,-9.317158709901937e-10
lateral_HX,T1-P020,N234,interior_applied_load,,24.944,69.75,150.143,3.880756975444285e-11,-11.206488715287536,3.930272111764612e-12,1.7880188652454876e-15,-2.085750241973138e-12,-2.2931841650545947e-10
lateral_HX,T1-P021,N568,interior_applied_load,,24.944,69.75,193.643,-3.481856567159738e-11,-11.206488715296729,2.72480376275545e-11,-3.36001043309083e-14,-7.44154908410518e-11,2.5467433794504886e-11
lateral_HX,T1-P022,N250,interior_applied_load,,28.031,69.75,116.0,-1.8612906101254513e-10,-4.893663186797453,-3.9394309493802956e-10,3.616025005763232e-15,2.8418275514780003e-10,1.1791223683783996e-09
lateral_HX,T1-P023,N251,interior_applied_load,,32.062,69.75,116.0,-5.960464477539063e-08,-12.847656197845936,-1.4901161193847656e-08,0.0,-8.731149137020111e-10,0.0
lateral_HX,T1-P024,N549,interior_applied_load,,32.062,69.75,120.0,0.0,-3.794399879872799,1.4901161193847656e-08,-2.9802322387695312e-08,0.0,5.960464477539063e-08
lateral_HX,T1-P025,N550,interior_applied_load,,32.062,69.75,147.143,-5.960464477539063e-08,-3.794399879872799,-5.960464477539063e-08,0.0,0.0,2.384185791015625e-07
lateral_HX,T1-P026,N235,interior_applied_load,,32.062,69.75,150.143,-1.1920928955078125e-07,-8.9651909917593,1.4901161193847656e-07,0.0,0.0,3.5762786865234375e-07
lateral_HX,T1-P027,N343,interior_applied_load,,32.062,69.75,152.643,5.2671204286980355e-08,-2.7259375229994878,-6.130507301804755e-08,1.1962458756897831e-07,-2.8368418725222e-11,2.1966110352877877e-07
lateral_HX,T1-P028,N344,interior_applied_load,,32.062,69.75,172.143,0.0,-5.451875032835233,5.684341886080802e-14,-4.547473508864641e-13,0.0,-9.094947017729282e-13
lateral_HX,T1-P029,N345,interior_applied_load,,32.062,69.75,191.643,-1.9949936813645763e-07,-2.7259375092107803,-3.210200816283759e-07,3.3146989153465256e-08,3.411015553530566e-12,2.6243742468068376e-07
lateral_HX,T1-P030,N357,interior_applied_load,,32.062,69.75,193.643,3.3129681313010843e-07,-16.14329375127272,1.2845948502012803e-07,-2.689686291697518e-07,5.5331562077788176e-11,2.1747659968052412e-07
lateral_HX,T1-P031,N252,interior_applied_load,,46.719,69.75,116.0,5.600862843460553e-11,-14.680989583338839,-5.897390604173393e-11,1.2154957770958576e-14,1.2387007915378302e-10,-1.3444158296521714e-09
lateral_HX,T1-P032,N253,interior_applied_load,,53.417,69.75,116.0,-2.3192512043270544e-11,-12.847656202634543,6.6178794731801786e-12,-4.992883121097865e-15,7.452033926725425e-11,-1.774016164075567e-09
lateral_HX,T1-P033,N236,interior_applied_load,,53.417,69.75,150.143,-1.748773373567426e-11,-15.689084201394268,1.6276055419348427e-13,-1.6001482741412702e-13,-6.661410112231961e-12,2.002565625324302e-10
lateral_HX,T1-P034,N358,interior_applied_load,,53.417,69.75,179.143,5.88671903451373e-12,-7.2165567578451455,5.852831916753777e-13,-6.842497349047603e-12,3.165681204582022e-12,-1.0202680787093785e-12
lateral_HX,T1-P035,N569,interior_applied_load,,53.417,69.75,193.643,3.2928057510921643e-12,-15.689084201388487,-4.688158149499564e-13,-1.700709836128918e-12,-1.0873567160989577e-12,2.546873832231555e-12
lateral_HX,T1-P036,N254,interior_applied_load,,65.406,69.75,116.0,-1.0439026759294808e-10,-19.574652777835386,2.1413236305287125e-12,1.0983473413881308e-15,-3.448148694787953e-11,-9.071529277447157e-10
lateral_HX,T1-P037,N359,interior_applied_load,,74.771,69.75,164.643,7.275957614183426e-12,-7.2165567578413174,-3.126388037344441e-13,-3.524291969370097e-12,0.0,5.4569682106375694e-12
lateral_HX,T1-P038,N255,interior_applied_load,,81.889,69.75,116.0,1.457854913623691e-10,-12.8476562080642,5.7413252892258636e-11,1.9761902690885006e-14,-1.4790989336475102e-10,1.3353145023814958e-09
lateral_HX,T1-P039,N237,interior_applied_load,,81.889,69.75,150.143,-1.4884012317634965e-11,-13.44778645833237,5.702332687056462e-14,6.584122434158317e-14,6.7040912773260495e-12,5.4395507181534064e-11
lateral_HX,T1-P040,N570,interior_applied_load,,81.889,69.75,193.643,-4.027930463085083e-12,-13.447786458315047,-1.1625046063269206e-11,1.683691794240858e-14,1.8841056185047095e-10,2.2204333882687315e-10
lateral_HX,T1-P041,N256,interior_applied_load,,84.094,69.75,116.0,-4.3163106887652083e-11,-9.787326387247983,8.970397180950921e-12,-4.493927166374509e-15,1.5373266466030887e-11,-1.285897901953523e-08
lateral_HX,T1-P042,N257,interior_applied_load,,96.125,69.75,116.0,0.0,-12.84765637665987,-1.862645149230957e-09,-3.725290298461914e-09,1.1641532182693481e-10,-2.384185791015625e-07
lateral_HX,T1-P043,N551,interior_applied_load,,96.125,69.75,120.0,2.9802322387695312e-08,-3.7943998761475086,1.862645149230957e-09,0.0,-1.1641532182693481e-10,-1.1920928955078125e-07
lateral_HX,T1-P044,N552,interior_applied_load,,96.125,69.75,147.143,-5.960464477539063e-08,-3.794399879872799,-5.960464477539063e-08,0.0,-5.820766091346741e-11,1.1920928955078125e-07
lateral_HX,T1-P045,N238,interior_applied_load,,96.125,69.75,150.143,-3.5762786865234375e-07,-16.18174773454666,1.7881393432617188e-07,-2.086162567138672e-07,-1.1641532182693481e-10,2.9802322387695312e-08
lateral_HX,T1-P046,N346,interior_applied_load,,96.125,69.75,152.643,2.384185791015625e-07,-2.7259375154972076,0.0,0.0,0.0,-1.1920928955078125e-07
lateral_HX,T1-P047,N347,interior_applied_load,,96.125,69.75,172.143,3.3579845141793434e-14,-5.451875032834597,5.019559864020885e-13,2.0983422480328795e-12,-1.314405880616938e-15,-2.3768741916173914e-13
lateral_HX,T1-P048,N348,interior_applied_load,,96.125,69.75,191.643,1.254176439924315e-07,-2.7259375210755676,1.3696414402630808e-07,9.876000994779588e-08,4.191324339284286e-12,-1.5144309017944835e-07
lateral_HX,T1-P049,N571,interior_applied_load,,96.125,69.75,193.643,6.283351412702854e-08,-8.965190975683864,-7.730282728547051e-08,1.5901306490093602e-07,5.884903007900642e-11,-1.1386918455304666e-07
lateral_HX,T1-P050,N258,interior_applied_load,,102.781,69.75,116.0,-1.458023766477354e-10,-9.787326389074181,1.2669579516568905e-12,7.936064571904293e-15,1.775155042636811e-11,3.2185686054820716e-10
lateral_HX,T1-P051,N259,interior_applied_load,,110.361,69.75,116.0,-1.1492595997203316e-10,-6.4238280086376065,-9.537058626621323e-10,3.228697941333541e-15,4.9850145902655894e-11,-6.040119548620247e-09
lateral_HX,T1-P052,N239,interior_applied_load,,110.361,69.75,150.143,6.709144437688135e-11,-13.447786458333283,-3.843352172319671e-13,-1.4939529985034867e-11,-2.591224506122253e-12,8.876559408406209e-12
lateral_HX,T1-P053,N572,interior_applied_load,,110.361,69.75,193.643,-1.1135972819830293e-11,-13.447786458344423,1.3185488265076712e-12,-1.0010019422665865e-13,-2.9080498664633275e-12,2.2270787115733086e-10
lateral_HX,T1-P054,N260,interior_applied_load,,112.125,69.75,116.0,-5.2608064289477303e-11,-7.636501725046726,-2.684217048918795e-11,-5.716674694058724e-15,4.6376034607162483e-10,-4.8980464515027326e-09
lateral_HX,T1-P055,N360,interior_applied_load,,117.479,69.75,164.643,-9.890754881780595e-12,-7.216556757847314,-7.389644451905042e-13,-5.002220859751105e-12,4.320099833421409e-12,-1.000444171950221e-11
lateral_HX,T1-P056,N261,interior_applied_load,,121.469,69.75,116.0,8.800416731991046e-11,-18.361979235525293,2.9132155291293165e-12,-3.140326852579937e-15,-2.6995563292287896e-11,2.4130366815177187e-09
lateral_HX,T1-P057,N262,interior_applied_load,,138.833,69.75,116.0,-7.482660834514312e-11,-12.847656204595332,1.6897278205928645e-09,-9.449462094365229e-15,-7.213980560895868e-10,1.5719354823972194e-08
lateral_HX,T1-P058,N240,interior_applied_load,,138.833,69.75,150.143,1.0030695063225715e-11,-15.689084201388171,1.2391769918023744e-12,3.648424614973869e-14,-5.2978497392408924e-11,1.2025456643521375e-11
lateral_HX,T1-P059,N361,interior_applied_load,,138.833,69.75,179.143,4.276243262997934e-12,-7.2165567578380045,3.0579197291554624e-13,-1.0028534717322631e-11,3.0288386707681395e-11,4.033796888695677e-12
lateral_HX,T1-P060,N573,interior_applied_load,,138.833,69.75,193.643,-1.7607495796763682e-12,-15.689084201387795,-9.315630868157878e-13,-1.3799156470751534e-11,-3.949286967259952e-12,-6.905032012057994e-12
lateral_HX,T1-P061,N263,interior_applied_load,,140.156,69.75,116.0,3.8418512255808755e-10,-13.757161587681484,4.5708380975615517e-10,2.1997869797932916e-14,2.6199410374837355e-10,-1.1765472954068687e-08
lateral_HX,T1-P062,N264,interior_applied_load,,158.844,69.75,116.0,1.2522278588049861e-10,-13.77148444831378,6.064092290024901e-09,6.583635667984611e-15,-2.2757789513394625e-09,8.64007918641653e-09
lateral_HX,T1-P063,N265,interior_applied_load,,160.188,69.75,116.0,-1.4901161193847656e-07,-5.817491322755814,5.960464477539063e-08,5.960464477539063e-08,9.89530235528946e-10,1.7881393432617188e-07
lateral_HX,T1-P064,N553,interior_applied_load,,160.188,69.75,120.0,0.0,-3.7943998724222183,5.960464477539063e-08,-8.940696716308594e-08,-5.820766091346741e-11,0.0
lateral_HX,T1-P065,N554,interior_applied_load,,160.188,69.75,147.143,-5.960464477539063e-08,-3.7943998761475086,8.940696716308594e-08,1.7881393432617188e-07,0.0,0.0
lateral_HX,T1-P066,N241,interior_applied_load,,160.188,69.75,150.143,0.0,-8.965190976858139,-1.1920928955078125e-07,0.0,-2.9103830456733704e-11,8.940696716308594e-08
lateral_HX,T1-P067,N349,interior_applied_load,,160.188,69.75,152.643,0.0,-2.7259375154972076,5.960464477539063e-08,5.960464477539063e-08,0.0,-1.1920928955078125e-07
lateral_HX,T1-P068,N350,interior_applied_load,,160.188,69.75,172.143,-3.978881160043946e-13,-5.451875032828378,1.4238891506395997e-13,6.313122637829319e-12,-2.485996826432355e-15,3.6877205119715797e-13
lateral_HX,T1-P069,N351,interior_applied_load,,160.188,69.75,191.643,-2.654540943863859e-07,-2.725937514027623,7.687236806830366e-08,-5.25199081446992e-09,2.321420835778789e-11,-7.510858060499892e-08
lateral_HX,T1-P070,N362,interior_applied_load,,160.188,69.75,193.643,-9.971110432561226e-08,-16.14329373118281,1.5138400165423367e-07,-1.9826232358377385e-07,1.7173928597191877e-12,-1.2352094438752556e-07
lateral_HX,T1-P071,N266,interior_applied_load,,167.306,69.75,116.0,-1.2182168270124025e-10,-11.923828155407431,6.73357372041039e-11,2.08271836213279e-15,-3.1509944763147575e-10,8.970134680168371e-10
lateral_HX,T1-P072,N242,interior_applied_load,,167.306,69.75,150.143,1.3708696963210678e-11,-11.206488715229622,-1.0001604491547112e-12,5.1891366528221906e-14,1.7332156919411497e-11,8.641228104151855e-12
lateral_HX,T1-P073,N574,interior_applied_load,,167.306,69.75,193.643,-6.780684137043063e-12,-11.206488715282193,-7.90571514270481e-12,-2.451016028675088e-13,-1.697646389432775e-11,-4.69096413455768e-11
lateral_HX,T1-P074,N267,interior_applied_load,,177.531,69.75,116.0,8.549568548479182e-11,-19.574652777848456,6.85858928446284e-13,4.748879762980092e-16,2.0630812255800074e-11,-2.5320186012414576e-11
lateral_HX,T1-P075,N363,interior_applied_load,,181.208,69.75,179.143,1.1386081501873888e-12,-7.139648788305074,-1.4106847863178025e-13,-3.243645185072071e-12,-5.240278846610129e-12,-2.0347430797628363e-11
lateral_HX,T1-P076,N268,interior_applied_load,,195.778,69.75,116.0,-3.051065687053149e-11,-12.847656240695995,-8.567280451388466e-08,2.3403160291084328e-14,-1.0277265332716856e-09,6.837542685631361e-08
lateral_HX,T1-P077,N243,interior_applied_load,,195.778,69.75,150.143,-1.808914857940112e-11,-17.615506946412438,-1.1551485979298405e-15,2.0022868714362864e-14,8.078851887158662e-13,2.6969863482881454e-12
lateral_HX,T1-P078,N575,interior_applied_load,,195.778,69.75,193.643,1.5728044524394783e-11,-17.61550694641659,-8.819313709869167e-13,1.65308228605986e-14,-1.4051114379027337e-10,1.767534878941346e-10
lateral_HX,T1-P079,N269,interior_applied_load,,196.219,69.75,116.0,-2.053353696733969e-10,-13.15082476180496,-4.044042585335616e-08,-2.9899768053345307e-14,5.234696016626743e-09,1.0587582487002028e-07
lateral_HX,T1-P080,N364,interior_applied_load,,202.229,69.75,164.643,0.0,-7.1396487882957445,2.842170943040401e-14,-9.094947017729282e-13,-1.3642420526593924e-12,-9.592326932761353e-14
lateral_HX,T1-P081,N270,interior_applied_load,,214.906,69.75,116.0,-4.4532103480865415e-11,-19.27148439223725,1.285996876283395e-11,2.03697812412011e-15,1.0937954701740235e-11,-1.5213623974706852e-10
lateral_HX,T1-P082,N244,interior_applied_load,,223.25,69.75,150.143,3.5762786865234375e-07,-12.535015370696783,-1.1920928955078125e-07,0.0,-4.656612873077393e-10,0.0
lateral_HX,T1-P083,N352,interior_applied_load,,223.25,69.75,152.643,0.0,-2.725937519222498,0.0,-1.7881393432617188e-07,0.0,-2.384185791015625e-07
lateral_HX,T1-P084,N353,interior_applied_load,,223.25,69.75,172.143,-7.614373092321389e-14,-5.451875032838748,-4.181052907393322e-14,4.0647464264803976e-13,-1.1951716179896065e-14,3.6879164289908947e-13
lateral_HX,T1-P085,N354,interior_applied_load,,223.25,69.75,191.643,-4.1383791365978695e-08,-2.7259375119773375,1.255620392937029e-07,2.1930295412975198e-08,-1.4132939071241296e-11,3.4418893124499306e-08
lateral_HX,T1-P086,N576,interior_applied_load,,223.25,69.75,193.643,1.7735688725983856e-07,-8.965190974959897,-5.009250202689082e-08,5.018911881626528e-08,3.173662568346565e-10,8.97437983794642e-08
lateral_HX,T1-P087,N271,interior_applied_load,,224.25,69.75,116.0,1.2568953428049312e-07,-6.4238281904394565,5.593265372965495e-09,2.3003832628823507e-08,4.280437244605691e-10,-1.541106502017934e-07
lateral_HX,T1-P088,N161,interface_action,T-E; T-E vertical 3,224.25,69.75,120.0,125.18274085014127,84.20964705978986,20.102450641570613,-79.18750747537706,2470.58152838748,-1340.3644048490096
lateral_HX,T1-P089,N426,interface_action,T-E; T-E vertical 3,224.25,69.75,121.5,3.2820906350389123,-19.57687378535047,0.3421676534344442,16.318705890793353,51.66644288866064,-26.781843977048993
lateral_HX,T1-P090,N427,interface_action,T-E vertical 3,224.25,69.75,144.689,1.201579499369007e-10,-3.192096508750448,-2.0423911913818186e-11,2.1978400980890014e-11,1.427338798473656e-14,-8.97038434764921e-11
lateral_HX,T1-P091,N555,interface_action,T-E vertical 3,224.25,69.75,147.143,20.395065426826477,-69.34875141829252,2.1227255165576935,46.80426174402237,329.73886561917607,356.56702518463135
lateral_HX,T1-P092,N245,interface_action,T-E vertical 3,224.25,69.75,150.143,74.59566777944565,364.3765300810337,-0.17906680703163147,-44.97652921080589,-67.82812343828846,-1108.3804577589035
lateral_HX,T1-P093,N466,interface_action,T-E diagonal 11; T-E diagonal 12; T-E top / segment 1; T-E vertical 3,224.25,69.75,193.643,-180.75457156882885,13.896596006833748,-2.35901365298838,-62.163357981593414,-6.976207759409306,753.9955354695427
strength_lateral_HX_1,T1-P001,N246,interface_action,T-W / B-WO; T-W vertical 3,-32.0,69.75,116.0,-197.63884449005127,-10.595071762800217,-17.65332341194153,850.5637984275818,4265.380137672648,1093.946032524109
strength_lateral_HX_1,T1-P002,N370,interface_action,T-W / B-WO; T-W vertical 3,-32.0,69.75,117.5,176.5835475921631,-256.88423934578896,21.585211515426636,811.5061585903168,116.6179099609144,-3161.405797481537
strength_lateral_HX_1,T1-P003,N547,interface_action,T-W vertical 3,-32.0,69.75,120.0,-176.58354908048872,252.5508195058507,-21.585211190237814,-757.5431311448641,-116.61790996013903,2719.9469220108267
strength_lateral_HX_1,T1-P004,N371,interface_action,T-W vertical 3,-32.0,69.75,142.022,8.054166098594756e-12,-2.737952422912734,3.0362758104132843e-12,1.7618016071492543e-12,-1.3587377839415477e-14,-1.4338823656102273e-11
strength_lateral_HX_1,T1-P005,N548,interface_action,T-W vertical 3,-32.0,69.75,147.143,176.58354949951172,-264.2738593220711,21.5852113366127,171.65574395656586,116.61790996021591,2073.0603588819504
strength_lateral_HX_1,T1-P006,N231,interface_action,T-W vertical 3,-32.0,69.75,150.143,10.388052940368652,1250.81260612607,-20.934273958206177,-235.33134120702744,-52.391914198116865,-359.46583008766174
strength_lateral_HX_1,T1-P007,N401,interface_action,T-W diagonal 10; T-W diagonal 9; T-W top / segment 1; T-W vertical 3,-32.0,69.75,193.643,-86.26378057354277,1116.5127469835538,-17.222744780930725,812.0084416812464,-237.41253886982432,2215.5900964250613
strength_lateral_HX_1,T1-P008,N232,interior_applied_load,,-31.0,69.75,150.143,-8.318602340295911e-08,-15.04201844131785,7.62067884352291e-08,-3.9500264392700046e-08,-5.9576450439635664e-09,-4.576577339321375e-08
strength_lateral_HX_1,T1-P009,N340,interior_applied_load,,-31.0,69.75,152.643,-9.149679821263129e-08,-3.2711250322436918,-1.6290978353640864e-08,1.208957322508699e-07,2.7210310700603956e-11,-1.1234841563580157e-07
strength_lateral_HX_1,T1-P010,N341,interior_applied_load,,-31.0,69.75,172.143,1.705306040979925e-13,-6.542250039381349,2.7316743670880323e-14,5.540073086869155e-13,-4.6629074791289614e-15,1.122778668052249e-12
strength_lateral_HX_1,T1-P011,N342,interior_applied_load,,-31.0,69.75,191.643,-2.384185791015625e-07,-3.271125018596649,0.0,4.76837158203125e-07,1.1641532182693481e-10,-2.384185791015625e-07
strength_lateral_HX_1,T1-P012,N566,interior_applied_load,,-31.0,69.75,193.643,0.0,-10.75822913646698,-4.76837158203125e-07,0.0,1.6298145055770874e-09,2.384185791015625e-07
strength_lateral_HX_1,T1-P013,N355,interior_applied_load,,-9.979,69.75,164.643,-7.275957614183426e-12,-8.567578545962533,-5.684341886080802e-14,-1.5916157281026244e-12,1.8189894035458565e-12,-1.8189894035458565e-12
strength_lateral_HX_1,T1-P014,N247,interior_applied_load,,-3.528,69.75,116.0,6.932979299381412e-11,-34.108593662328445,1.1976169018977298e-12,-2.843228699269754e-14,3.985271544052253e-12,2.6755840812742383e-10
strength_lateral_HX_1,T1-P015,N233,interior_applied_load,,-3.528,69.75,150.143,4.88142353639648e-12,-21.138608335695714,2.288519903587537e-13,-7.050174124648219e-14,4.577369600685754e-12,9.954216011432235e-12
strength_lateral_HX_1,T1-P016,N567,interior_applied_load,,-3.528,69.75,193.643,8.678767714037585e-12,-21.138608335695576,6.954499537378424e-13,-2.9333533608317065e-13,5.739572543879676e-12,-8.57987834793223e-13
strength_lateral_HX_1,T1-P017,N248,interior_applied_load,,9.344,69.75,116.0,-1.0122019190986388e-10,-310.9266504823111,-2.568158897689205e-12,2.4560265484748338e-14,8.199824328058664e-11,-1.69534696109881e-10
strength_lateral_HX_1,T1-P018,N356,interior_applied_load,,11.042,69.75,179.143,-1.3863836680576325e-11,-8.567578545958321,1.0975195240573054e-13,4.980514987249113e-13,1.2303646188575376e-12,-2.4335000843620397e-11
strength_lateral_HX_1,T1-P019,N249,interior_applied_load,,24.944,69.75,116.0,1.353955165881099e-11,-15.417187651942712,-1.393548523782845e-10,6.930333559207518e-14,3.466531288361049e-11,2.1912782647656435e-09
strength_lateral_HX_1,T1-P020,N234,interior_applied_load,,24.944,69.75,150.143,-4.138244794203918e-11,-13.447786458298049,9.662991432489871e-12,5.226995735547639e-13,6.00529097687266e-13,-1.7985630962427905e-11
strength_lateral_HX_1,T1-P021,N568,interior_applied_load,,24.944,69.75,193.643,-4.624800289453496e-11,-13.447786458485732,5.249049907256e-11,-2.2549837412837344e-13,-2.527287243199119e-10,-2.501354546055454e-10
strength_lateral_HX_1,T1-P022,N250,interior_applied_load,,28.031,69.75,116.0,2.760725777647397e-10,-293.30946296708635,-3.6759289986629025e-10,-3.928811488587888e-15,1.838474105102092e-09,1.2725628010524072e-08
strength_lateral_HX_1,T1-P023,N251,interior_applied_load,,32.062,69.75,116.0,-5.960464477539063e-08,-15.417187452316284,-1.4901161193847656e-08,0.0,-2.3283064365386963e-10,-2.384185791015625e-07
strength_lateral_HX_1,T1-P024,N549,interior_applied_load,,32.062,69.75,120.0,0.0,-4.553279861807823,1.4901161193847656e-08,-2.9802322387695312e-08,-1.1641532182693481e-10,0.0
strength_lateral_HX_1,T1-P025,N550,interior_applied_load,,32.062,69.75,147.143,-5.960464477539063e-08,-4.553279832005501,5.960464477539063e-08,1.1920928955078125e-07,-5.820766091346741e-11,1.1920928955078125e-07
strength_lateral_HX_1,T1-P026,N235,interior_applied_load,,32.062,69.75,150.143,-6.556510925292969e-07,-10.758229210972786,2.086162567138672e-07,3.5762786865234375e-07,5.820766091346741e-11,7.152557373046875e-07
strength_lateral_HX_1,T1-P027,N343,interior_applied_load,,32.062,69.75,152.643,2.439925808062071e-07,-3.271125014892836,-1.8400046997157915e-07,2.7377495825930964e-07,5.087130716674437e-11,4.931653165840544e-07
strength_lateral_HX_1,T1-P028,N344,interior_applied_load,,32.062,69.75,172.143,-1.1368683772161603e-13,-6.5422500394051895,-1.1368683772161603e-13,-9.094947017729282e-13,0.0,9.094947017729282e-13
strength_lateral_HX_1,T1-P029,N345,interior_applied_load,,32.062,69.75,191.643,-2.442365030219662e-07,-3.2711250517168082,-8.812492069409927e-08,1.0077201295644045e-09,3.200871999451596e-11,9.836458048084751e-08
strength_lateral_HX_1,T1-P030,N357,interior_applied_load,,32.062,69.75,193.643,4.235815627951709e-07,-19.371952503881207,1.7768266011816838e-07,-1.9681749846109177e-07,-2.5314879175779357e-11,1.9601581520448526e-07
strength_lateral_HX_1,T1-P031,N252,interior_applied_load,,46.719,69.75,116.0,1.2063408521702536e-10,-305.05425464874236,-2.442677646822934e-11,-1.545424506891714e-14,-6.495920127773377e-11,4.8709728386119165e-09
strength_lateral_HX_1,T1-P032,N253,interior_applied_load,,53.417,69.75,116.0,-2.1001179397979003e-10,-15.417187443852882,-3.263667148414609e-11,1.5422708506333137e-14,2.3580537442304884e-11,-4.983864444527616e-09
strength_lateral_HX_1,T1-P033,N236,interior_applied_load,,53.417,69.75,150.143,-3.2991589223459805e-12,-18.826901041670013,2.708862564527555e-12,-2.299735453051441e-13,7.530481542742923e-11,2.9423858669870003e-10
strength_lateral_HX_1,T1-P034,N358,interior_applied_load,,53.417,69.75,179.143,6.083771035367032e-12,-8.659868109421009,9.625724381313733e-13,-2.8310432619906574e-11,-2.213808861841413e-11,-8.639570000698608e-12
strength_lateral_HX_1,T1-P035,N569,interior_applied_load,,53.417,69.75,193.643,-3.212936462516769e-13,-18.826901041664694,-1.6146481476611566e-14,-7.793782837915953e-12,-1.350663404254332e-12,7.907363731221399e-12
strength_lateral_HX_1,T1-P036,N254,interior_applied_load,,65.406,69.75,116.0,1.1089912138572177e-11,-310.9266504825343,4.017973795481644e-13,-1.971292285117005e-14,-3.043188150058213e-11,-6.8754425325828205e-09
strength_lateral_HX_1,T1-P037,N359,interior_applied_load,,74.771,69.75,164.643,2.9103830456733704e-11,-8.659868109411036,-2.1600499167107046e-12,-8.640199666842818e-12,9.094947017729282e-13,-1.2732925824820995e-11
strength_lateral_HX_1,T1-P038,N255,interior_applied_load,,81.889,69.75,116.0,3.2901645186353956e-10,-15.417187453104274,1.7976519976349336e-12,3.3068389742572375e-14,-2.0638649850219985e-11,4.325719350636723e-09
strength_lateral_HX_1,T1-P039,N237,interior_applied_load,,81.889,69.75,150.143,-8.751958064267179e-12,-16.137343749993196,-9.500392586984411e-13,9.35571860304945e-15,-5.093303099427453e-13,1.9679952708009564e-10
strength_lateral_HX_1,T1-P040,N570,interior_applied_load,,81.889,69.75,193.643,-1.1543480759009768e-11,-16.137343749957967,-1.6945746922378846e-11,-4.007398967229856e-13,2.948422160735061e-10,4.1651826019889287e-10
strength_lateral_HX_1,T1-P041,N256,interior_applied_load,,84.094,69.75,116.0,5.652326045935809e-11,-299.18185882259684,2.821413511338824e-11,2.8055329962473383e-14,8.893933333775633e-11,-1.3121934483954593e-08
strength_lateral_HX_1,T1-P042,N257,interior_applied_load,,96.125,69.75,116.0,-5.960464477539063e-08,-15.41718764603138,-3.725290298461914e-09,-1.4901161193847656e-08,2.3283064365386963e-10,-4.76837158203125e-07
strength_lateral_HX_1,T1-P043,N551,interior_applied_load,,96.125,69.75,120.0,5.960464477539063e-08,-4.553279861807823,3.725290298461914e-09,-7.450580596923828e-09,0.0,-1.1920928955078125e-07
strength_lateral_HX_1,T1-P044,N552,interior_applied_load,,96.125,69.75,147.143,-2.384185791015625e-07,-4.553279846906662,1.1920928955078125e-07,4.172325134277344e-07,0.0,1.1920928955078125e-07
strength_lateral_HX_1,T1-P045,N238,interior_applied_load,,96.125,69.75,150.143,-4.76837158203125e-07,-19.418097287416458,3.5762786865234375e-07,2.384185791015625e-07,-2.3283064365386963e-10,1.1920928955078125e-07
strength_lateral_HX_1,T1-P046,N346,interior_applied_load,,96.125,69.75,152.643,3.5762786865234375e-07,-3.271125018596649,-2.384185791015625e-07,2.384185791015625e-07,1.1641532182693481e-10,2.384185791015625e-07
strength_lateral_HX_1,T1-P047,N347,interior_applied_load,,96.125,69.75,172.143,-2.1983781163575878e-13,-6.542250039401714,3.098831811872506e-13,2.114395275764221e-12,7.282090751579783e-15,1.193965921296952e-12
strength_lateral_HX_1,T1-P048,N348,interior_applied_load,,96.125,69.75,191.643,-1.7257116846636222e-09,-3.271125049189985,1.0990789789389055e-07,1.3908539386875418e-07,1.4241168150985584e-13,7.359291620545605e-09
strength_lateral_HX_1,T1-P049,N571,interior_applied_load,,96.125,69.75,193.643,2.486857478621904e-07,-10.758229185312073,1.7410796865902216e-07,3.0796780471078156e-07,7.794080883013796e-11,1.607746645158826e-07
strength_lateral_HX_1,T1-P050,N258,interior_applied_load,,102.781,69.75,116.0,5.525332595927713e-11,-299.1818588167278,4.627008017585982e-12,2.2774616160630397e-14,1.1847832233062298e-11,-2.9751860915232985e-10
strength_lateral_HX_1,T1-P051,N259,interior_applied_load,,110.361,69.75,116.0,-2.5612156497269806e-10,-7.708593650501919,-2.3298466789271317e-09,-1.1172747129510257e-14,-6.317780911275375e-10,-4.0742492818764744e-08
strength_lateral_HX_1,T1-P052,N239,interior_applied_load,,110.361,69.75,150.143,-6.04185178622441e-11,-16.137343749996933,-3.790062991444189e-13,-2.5675289739653973e-11,9.141723364804345e-12,2.1572608128705865e-11
strength_lateral_HX_1,T1-P053,N572,interior_applied_load,,110.361,69.75,193.643,-9.624929611572971e-12,-16.137343750004653,1.4104612192516064e-12,-2.3515578900718156e-13,-3.622910536685053e-11,2.3584311622928604e-10
strength_lateral_HX_1,T1-P054,N260,interior_applied_load,,112.125,69.75,116.0,-6.072515031645571e-10,-9.16380205755199,-1.1212766982362945e-09,4.3002304429182005e-14,1.003504028677936e-09,-4.318804943676453e-08
strength_lateral_HX_1,T1-P055,N360,interior_applied_load,,117.479,69.75,164.643,1.0913936421275139e-11,-8.659868109389208,-1.7053025658242404e-12,-1.546140993013978e-11,1.8189894035458565e-11,-4.001776687800884e-11
strength_lateral_HX_1,T1-P056,N261,interior_applied_load,,121.469,69.75,116.0,1.2513065857394554e-10,-309.47144223139054,-4.857592439451506e-12,-2.8528485426779572e-15,-1.7606461570994076e-10,1.744861113371977e-09
strength_lateral_HX_1,T1-P057,N262,interior_applied_load,,138.833,69.75,116.0,7.433236656689815e-10,-15.417187520157986,-8.007917310807153e-10,-1.923401991283367e-14,2.1669874236705084e-09,2.4999614560266044e-08
strength_lateral_HX_1,T1-P058,N240,interior_applied_load,,138.833,69.75,150.143,-7.58050178618894e-12,-18.826901041701134,-2.0608453041981675e-12,7.558155826011418e-14,3.74619649207128e-11,-8.642393584113242e-10
strength_lateral_HX_1,T1-P059,N361,interior_applied_load,,138.833,69.75,179.143,-6.1854730782402854e-12,-8.659868109408631,7.766537402303787e-13,-3.447776931875073e-11,7.193678635546026e-11,-2.961626948545866e-12
strength_lateral_HX_1,T1-P060,N573,interior_applied_load,,138.833,69.75,193.643,-7.908218458282145e-12,-18.826901041665245,4.109141255301038e-13,-1.5597134752010716e-11,-4.49403122740588e-11,-3.669506310176248e-11
strength_lateral_HX_1,T1-P061,N263,interior_applied_load,,140.156,69.75,116.0,-1.9753279769836747e-10,-303.9456610405417,4.041747267539899e-09,2.3998871558999538e-14,-1.3400062978516652e-09,-4.800228976320419e-08
strength_lateral_HX_1,T1-P062,N264,interior_applied_load,,158.844,69.75,116.0,3.950491031736076e-10,-303.9628485187735,4.055634652154163e-09,2.2713848290013112e-14,-5.0675810617827485e-09,-2.918288271398926e-08
strength_lateral_HX_1,T1-P063,N265,interior_applied_load,,160.188,69.75,116.0,-3.5762786865234375e-07,-6.9809897392988205,1.7881393432617188e-07,2.384185791015625e-07,1.2223608791828156e-09,4.76837158203125e-07
strength_lateral_HX_1,T1-P064,N553,interior_applied_load,,160.188,69.75,120.0,0.0,-4.553279861807823,2.9802322387695312e-08,-1.1920928955078125e-07,-5.820766091346741e-11,-1.1920928955078125e-07
strength_lateral_HX_1,T1-P065,N554,interior_applied_load,,160.188,69.75,147.143,-5.960464477539063e-08,-4.553279846906662,0.0,-2.384185791015625e-07,0.0,0.0
strength_lateral_HX_1,T1-P066,N241,interior_applied_load,,160.188,69.75,150.143,2.384185791015625e-07,-10.758229196071625,2.384185791015625e-07,-2.384185791015625e-07,-5.820766091346741e-11,5.960464477539063e-08
strength_lateral_HX_1,T1-P067,N349,interior_applied_load,,160.188,69.75,152.643,-1.1920928955078125e-07,-3.271125018596649,0.0,1.1920928955078125e-07,2.9103830456733704e-11,0.0
strength_lateral_HX_1,T1-P068,N350,interior_applied_load,,160.188,69.75,172.143,-1.2832025510430799e-12,-6.542250039415278,8.999840957461566e-14,2.047849142278861e-11,1.8355942277610246e-15,-1.5136179465062795e-12
strength_lateral_HX_1,T1-P069,N351,interior_applied_load,,160.188,69.75,191.643,-3.888075520708245e-07,-3.271125019952427,3.4471518657597233e-07,-1.0794952934323199e-07,-7.073436591984059e-12,2.033256802369543e-07
strength_lateral_HX_1,T1-P070,N362,interior_applied_load,,160.188,69.75,193.643,1.6358598802957355e-07,-19.37195248726841,3.8841797013507526e-07,-1.0929037170756943e-07,1.907380040055591e-10,-2.7253868240767226e-07
strength_lateral_HX_1,T1-P071,N266,interior_applied_load,,167.306,69.75,116.0,7.039139550172384e-11,-14.308593786893258,7.294588597669556e-11,3.960860204116478e-15,-7.752840157888295e-10,2.8659042509504974e-09
strength_lateral_HX_1,T1-P072,N242,interior_applied_load,,167.306,69.75,150.143,-1.152225089537356e-11,-13.44778645818257,2.260723480779016e-12,1.0255004577572541e-14,4.736881553853335e-11,-4.6047171950091585e-10
strength_lateral_HX_1,T1-P073,N574,interior_applied_load,,167.306,69.75,193.643,-5.17176044821444e-12,-13.447786458342852,-1.5218029325761684e-11,-3.6400182647704706e-13,-3.7969683467654705e-11,2.747628154180863e-11
strength_lateral_HX_1,T1-P074,N267,interior_applied_load,,177.531,69.75,116.0,-3.1244383187846116e-11,-310.9266504824624,-3.660707200332932e-12,1.23165529373109e-15,-1.1298269970481106e-11,-9.354252216804308e-10
strength_lateral_HX_1,T1-P075,N363,interior_applied_load,,181.208,69.75,179.143,-8.498454046974307e-12,-8.5675785459611,-7.451455575593465e-15,-4.717361610758333e-12,-2.464828804939171e-12,-4.019261927003825e-11
strength_lateral_HX_1,T1-P076,N268,interior_applied_load,,195.778,69.75,116.0,3.0942022132654055e-10,-15.41718700675022,-1.0179492057378587e-07,1.0074740356655184e-13,1.1248405271317707e-08,1.333291808137713e-07
strength_lateral_HX_1,T1-P077,N243,interior_applied_load,,195.778,69.75,150.143,-1.812843759287537e-11,-21.13860833569538,-2.7149433267267135e-13,-1.4612149894325697e-13,3.5772011316887137e-12,-1.646180259533866e-12
strength_lateral_HX_1,T1-P078,N575,interior_applied_load,,195.778,69.75,193.643,9.127375710167949e-12,-21.138608335697377,-1.9352177974890535e-12,3.921239719180895e-14,1.639342611282733e-10,-3.7151559973215366e-11
strength_lateral_HX_1,T1-P079,N269,interior_applied_load,,196.219,69.75,116.0,2.3249574160207144e-09,-554.7254919748007,3.6591634121314755e-08,7.278139715620552e-15,1.3491267562859808e-08,1.034308558690331e-07
strength_lateral_HX_1,T1-P080,N364,interior_applied_load,,202.229,69.75,164.643,7.275957614183426e-12,-8.567578545953438,1.1368683772161603e-13,0.0,-2.2737367544323206e-12,-6.821210263296962e-12
strength_lateral_HX_1,T1-P081,N270,interior_applied_load,,214.906,69.75,116.0,2.872781111674726e-11,-562.0702821752467,1.0895850241103029e-11,8.188392153181976e-15,-5.759625089500625e-11,1.1419758981540955e-09
strength_lateral_HX_1,T1-P082,N244,interior_applied_load,,223.25,69.75,150.143,-4.76837158203125e-07,-15.042018473148346,2.384185791015625e-07,3.5762786865234375e-07,-4.423782229423523e-09,7.152557373046875e-07
strength_lateral_HX_1,T1-P083,N352,interior_applied_load,,223.25,69.75,152.643,2.384185791015625e-07,-3.2711250260472298,-2.384185791015625e-07,0.0,-2.3283064365386963e-10,7.152557373046875e-07
strength_lateral_HX_1,T1-P084,N353,interior_applied_load,,223.25,69.75,172.143,-1.299273209288834e-14,-6.5422500394081435,-1.5953523745011948e-13,3.6470007804314213e-13,-5.5778472840922406e-15,-2.664008625779049e-12
strength_lateral_HX_1,T1-P085,N354,interior_applied_load,,223.25,69.75,191.643,1.4029752432032083e-07,-3.2711250092553303,-7.953872702137765e-08,-1.4988336577426153e-07,2.5851837613204873e-11,-4.82073175822606e-08
strength_lateral_HX_1,T1-P086,N576,interior_applied_load,,223.25,69.75,193.643,3.0673731149510886e-07,-10.75822913289238,2.958639997274786e-07,-3.639435537761262e-07,3.1582689156195214e-09,2.6300249543997365e-07
strength_lateral_HX_1,T1-P087,N271,interior_applied_load,,224.25,69.75,116.0,1.0779748338407558e-07,-7.708593817153829,3.046825337119482e-09,2.1567412411766558e-08,3.4037800161883775e-09,-3.652757081069756e-08
strength_lateral_HX_1,T1-P088,N161,interface_action,T-E; T-E vertical 3,224.25,69.75,120.0,620.7899811929092,1038.9552044643788,34.20987170492299,-131.7225154003827,4223.36153528688,-7659.588946037227
strength_lateral_HX_1,T1-P089,N426,interface_action,T-E; T-E vertical 3,224.25,69.75,121.5,-51.5040421388112,-214.06393501418643,2.3948248910019174,113.18700471916236,107.30049343830842,926.6230501432437
strength_lateral_HX_1,T1-P090,N427,interface_action,T-E vertical 3,224.25,69.75,144.689,1.1558082363730285e-10,-3.8305158104998798,2.3705508904192555e-11,7.878283254973415e-11,8.03419694478705e-14,-1.4857236452408766e-10
strength_lateral_HX_1,T1-P091,N555,interface_action,T-E vertical 3,224.25,69.75,147.143,-320.0485371351242,-637.0745608583093,14.856915533542633,321.20897114276886,684.7992818662897,-2448.925479412079
strength_lateral_HX_1,T1-P092,N245,interface_action,T-E vertical 3,224.25,69.75,150.143,7.285115599632263,2041.2637624517083,-10.656220853328705,-244.4796508550644,-214.05404962191824,371.4377648830414
strength_lateral_HX_1,T1-P093,N466,interface_action,T-E diagonal 11; T-E diagonal 12; T-E top / segment 1; T-E vertical 3,224.25,69.75,193.643,-159.5914917465352,622.8392951945474,-6.580259648106897,-15.287610962914075,-123.4109664831251,-1441.5190545901341
strength_lateral_HX_-1,T1-P001,N246,interface_action,T-W / B-WO; T-W vertical 3,-32.0,69.75,116.0,-273.75650203227997,-52.73544269800186,14.481528043746948,767.4668686389923,251.15626119839726,1107.1760770082474
strength_lateral_HX_-1,T1-P002,N370,interface_action,T-W / B-WO; T-W vertical 3,-32.0,69.75,117.5,141.6789059638977,-282.9182648062706,18.679577589035034,729.2275297641754,-8.01511097708135,-2555.765028178692
strength_lateral_HX_-1,T1-P003,N547,interface_action,T-W vertical 3,-32.0,69.75,120.0,-141.67890494528652,278.584844947473,-18.679577280237986,-682.5285859312586,8.015110977133073,2201.567766261243
strength_lateral_HX_-1,T1-P004,N371,interface_action,T-W vertical 3,-32.0,69.75,142.022,-8.199262086563049e-13,-2.737952422924289,-7.2190759626993066e-12,5.050602503558622e-12,-7.53784621190915e-15,5.912861105440896e-13
strength_lateral_HX_-1,T1-P005,N548,interface_action,T-W vertical 3,-32.0,69.75,147.143,141.6789048910141,-290.3078847527504,18.679577589035034,175.5088187456131,-8.015110977110453,1644.0227513313293
strength_lateral_HX_-1,T1-P006,N231,interface_action,T-W vertical 3,-32.0,69.75,150.143,-1.4572798013687134,1242.3550740480423,-18.157067894935608,-203.192223072052,-33.49345362142776,-136.68702453374863
strength_lateral_HX_-1,T1-P007,N401,interface_action,T-W diagonal 10; T-W diagonal 9; T-W top / segment 1; T-W vertical 3,-32.0,69.75,193.643,39.48432766260024,1063.4435948674832,-15.085237641925346,695.0922504967021,-268.7356913979465,1323.397367427117
strength_lateral_HX_-1,T1-P008,N232,interior_applied_load,,-31.0,69.75,150.143,-2.5247572921216488e-09,-15.042018440522952,-9.629559372115182e-09,-1.8440186977386475e-07,-1.551143213873729e-08,4.5776687329635024e-08
strength_lateral_HX_-1,T1-P009,N340,interior_applied_load,,-31.0,69.75,152.643,6.001883599074694e-08,-3.2711250242727243,-1.0269673089689007e-08,1.1579729129359197e-07,-5.3006925080536116e-11,1.548288727149184e-07
strength_lateral_HX_-1,T1-P010,N341,interior_applied_load,,-31.0,69.75,172.143,-2.593043993262174e-14,-6.5422500394106455,-3.007575917862123e-14,-1.1773412573138383e-12,1.5402133789603145e-15,6.710824000742715e-13
strength_lateral_HX_-1,T1-P011,N342,interior_applied_load,,-31.0,69.75,191.643,1.1920928955078125e-07,-3.271125018596649,-4.76837158203125e-07,0.0,0.0,-1.1920928955078125e-07
strength_lateral_HX_-1,T1-P012,N566,interior_applied_load,,-31.0,69.75,193.643,1.1920928955078125e-07,-10.75822913646698,-4.76837158203125e-07,0.0,0.0,0.0
strength_lateral_HX_-1,T1-P013,N355,interior_applied_load,,-9.979,69.75,164.643,-7.275957614183426e-12,-8.567578545960714,0.0,9.094947017729282e-13,-1.3642420526593924e-12,1.8189894035458565e-12
strength_lateral_HX_-1,T1-P014,N247,interior_applied_load,,-3.528,69.75,116.0,-2.984538325822855e-12,-34.10859366240173,-9.202452392449142e-13,-7.153772273178141e-15,8.727069569673289e-12,5.338305974079874e-10
strength_lateral_HX_-1,T1-P015,N233,interior_applied_load,,-3.528,69.75,150.143,3.293622214717214e-12,-21.138608335695963,1.1452744120278462e-14,-1.4650077378957912e-13,-3.831316532736122e-12,4.840852972774218e-12
strength_lateral_HX_-1,T1-P016,N567,interior_applied_load,,-3.528,69.75,193.643,4.211373639544663e-12,-21.13860833569522,7.218876508060048e-13,-4.0747230893606684e-13,5.110077633606742e-12,-2.6921571435403526e-13
strength_lateral_HX_-1,T1-P017,N248,interior_applied_load,,9.344,69.75,116.0,6.063743628504191e-12,-310.9266504823686,1.946463907716679e-12,1.2393749944261297e-14,6.3089545145423476e-12,1.1444575172915451e-10
strength_lateral_HX_-1,T1-P018,N356,interior_applied_load,,11.042,69.75,179.143,-1.81390460600339e-11,-8.567578545952536,2.8789529923624927e-15,1.3178900750993285e-12,-6.263661082688161e-13,-1.7182340183758182e-11
strength_lateral_HX_-1,T1-P019,N249,interior_applied_load,,24.944,69.75,116.0,1.746402464322546e-11,-15.417187643606972,-1.5970840810191167e-11,9.878949199707129e-15,2.6836834625212924e-10,1.787540832135244e-09
strength_lateral_HX_-1,T1-P020,N234,interior_applied_load,,24.944,69.75,150.143,-2.3593619593248605e-11,-13.447786458405828,2.215829507695872e-11,-5.791696094819633e-14,-6.749711225143619e-11,-4.016151327808232e-10
strength_lateral_HX_-1,T1-P021,N568,interior_applied_load,,24.944,69.75,193.643,1.4390745450084783e-11,-13.44778645844353,5.074099819335283e-11,5.998825700513867e-13,4.120196158854571e-11,-3.693867735390172e-10
strength_lateral_HX_-1,T1-P022,N250,interior_applied_load,,28.031,69.75,116.0,2.4891028725315488e-11,-293.30946296424827,2.6327579120933067e-10,2.2633966237234613e-14,1.1257949540010282e-10,3.438972267283318e-08
strength_lateral_HX_-1,T1-P023,N251,interior_applied_load,,32.062,69.75,116.0,0.0,-15.417187467217445,0.0,0.0,4.220055416226387e-10,2.9802322387695312e-08
strength_lateral_HX_-1,T1-P024,N549,interior_applied_load,,32.062,69.75,120.0,7.450580596923828e-09,-4.553279846906662,0.0,0.0,0.0,0.0
strength_lateral_HX_-1,T1-P025,N550,interior_applied_load,,32.062,69.75,147.143,-5.960464477539063e-08,-4.553279846906662,-5.960464477539063e-08,-1.1920928955078125e-07,0.0,1.1920928955078125e-07
strength_lateral_HX_-1,T1-P026,N235,interior_applied_load,,32.062,69.75,150.143,2.9802322387695312e-08,-10.758229196071625,3.5762786865234375e-07,-1.1920928955078125e-07,5.820766091346741e-11,-3.5762786865234375e-07
strength_lateral_HX_-1,T1-P027,N343,interior_applied_load,,32.062,69.75,152.643,1.6865125296305905e-07,-3.271125013405642,-1.3098826912028017e-08,1.7519016637379536e-07,1.6342482922482304e-11,2.637326659282735e-07
strength_lateral_HX_-1,T1-P028,N344,interior_applied_load,,32.062,69.75,172.143,0.0,-6.5422500393906375,0.0,0.0,-7.105427357601002e-15,4.547473508864641e-13
strength_lateral_HX_-1,T1-P029,N345,interior_applied_load,,32.062,69.75,191.643,9.686237945061293e-08,-3.2711250058491714,-1.3547219168685842e-07,2.576689439592883e-07,-3.204878317272618e-11,-1.2999453247175552e-07
strength_lateral_HX_-1,T1-P030,N357,interior_applied_load,,32.062,69.75,193.643,-9.845269758721591e-08,-19.371952498831195,2.5039006018143135e-07,-3.390975894152529e-08,4.701265812873227e-11,-1.5708699426914854e-07
strength_lateral_HX_-1,T1-P031,N252,interior_applied_load,,46.719,69.75,116.0,-3.814553111951525e-12,-305.0542546483698,1.9490996794008093e-13,-8.35758004215358e-15,1.0702402072911794e-10,6.159358139495549e-09
strength_lateral_HX_-1,T1-P032,N253,interior_applied_load,,53.417,69.75,116.0,2.5937441650279346e-11,-15.417187444179818,5.0126115555850824e-11,1.8782862922949177e-15,1.614495097760313e-10,1.2539598577049637e-09
strength_lateral_HX_-1,T1-P033,N236,interior_applied_load,,53.417,69.75,150.143,1.1706132805519364e-11,-18.82690104166486,1.2120292853838519e-12,-1.9212025505827062e-13,1.732315594940124e-10,2.7093461996760153e-10
strength_lateral_HX_-1,T1-P034,N358,interior_applied_load,,53.417,69.75,179.143,9.692242667204402e-12,-8.659868109420309,9.495636553009152e-13,-1.3238275115234764e-11,1.5293854552507782e-11,-7.131515856816422e-12
strength_lateral_HX_-1,T1-P035,N569,interior_applied_load,,53.417,69.75,193.643,8.374377245254747e-12,-18.826901041665515,-6.448912937215874e-13,1.0116644891822195e-12,4.675136597613472e-12,-1.1818301961209287e-11
strength_lateral_HX_-1,T1-P036,N254,interior_applied_load,,65.406,69.75,116.0,5.375907513356037e-12,-310.9266504829821,1.4194092498815531e-12,-7.072076003409653e-15,-6.818010812761847e-11,-1.0379999941604121e-09
strength_lateral_HX_-1,T1-P037,N359,interior_applied_load,,74.771,69.75,164.643,-7.275957614183426e-12,-8.659868109411036,-7.958078640513122e-13,-2.2737367544323206e-12,6.821210263296962e-12,-1.2732925824820995e-11
strength_lateral_HX_-1,T1-P038,N255,interior_applied_load,,81.889,69.75,116.0,3.1407071939016175e-11,-15.417187436205172,1.3985689761347062e-10,4.1556852406834584e-14,2.5020269490786773e-10,3.576730786680323e-09
strength_lateral_HX_-1,T1-P039,N237,interior_applied_load,,81.889,69.75,150.143,-2.810098858216487e-13,-16.13734374999766,-2.0437439218638775e-13,1.7005093514299106e-13,4.757183678441072e-11,1.18183335242853e-10
strength_lateral_HX_-1,T1-P040,N570,interior_applied_load,,81.889,69.75,193.643,-1.106109921579184e-11,-16.137343749979973,-2.237908408900248e-12,-2.2155268871895114e-14,1.9438552017833134e-10,2.9936496312552713e-10
strength_lateral_HX_-1,T1-P041,N256,interior_applied_load,,84.094,69.75,116.0,-2.8621002750220676e-11,-299.18185882866675,-3.287018294039323e-10,1.2348235962493319e-14,2.3361346600338607e-10,-8.799225749716136e-09
strength_lateral_HX_-1,T1-P042,N257,interior_applied_load,,96.125,69.75,116.0,7.078051567077637e-08,-15.417187660932541,7.450580596923828e-09,0.0,5.729816621169448e-11,-7.450580596923828e-07
strength_lateral_HX_-1,T1-P043,N551,interior_applied_load,,96.125,69.75,120.0,-7.450580596923828e-08,-4.553279861807823,-1.4901161193847656e-08,0.0,0.0,-1.9371509552001953e-07
strength_lateral_HX_-1,T1-P044,N552,interior_applied_load,,96.125,69.75,147.143,-1.4901161193847656e-07,-4.553279846906662,1.1920928955078125e-07,3.5762786865234375e-07,2.9103830456733704e-11,2.384185791015625e-07
strength_lateral_HX_-1,T1-P045,N238,interior_applied_load,,96.125,69.75,150.143,2.980232238769531e-07,-19.418097287416458,3.5762786865234375e-07,4.172325134277344e-07,1.1641532182693481e-10,-2.980232238769531e-07
strength_lateral_HX_-1,T1-P046,N346,interior_applied_load,,96.125,69.75,152.643,0.0,-3.2711250334978104,-2.384185791015625e-07,1.1920928955078125e-07,0.0,-1.7881393432617188e-07
strength_lateral_HX_-1,T1-P047,N347,interior_applied_load,,96.125,69.75,172.143,5.622772869532204e-14,-6.542250039428281,1.1238282184854024e-12,6.579286874206552e-12,1.0713355712925705e-16,-1.2455366938118163e-12
strength_lateral_HX_-1,T1-P048,N348,interior_applied_load,,96.125,69.75,191.643,1.4507869786073435e-07,-3.271125033119814,-3.081757551370856e-07,1.4348502119787554e-07,7.781183240086179e-11,-4.371135536862525e-08
strength_lateral_HX_-1,T1-P049,N571,interior_applied_load,,96.125,69.75,193.643,-2.7048126150780646e-07,-10.758229170299506,6.39073713117479e-07,1.4479816888317012e-07,-1.537988344575714e-10,-1.7101513397037527e-07
strength_lateral_HX_-1,T1-P050,N258,interior_applied_load,,102.781,69.75,116.0,-7.922588790448641e-12,-299.18185881673423,8.234751026828973e-12,7.304840014439036e-15,6.885335563277797e-11,6.8407149602406994e-09
strength_lateral_HX_-1,T1-P051,N259,interior_applied_load,,110.361,69.75,116.0,2.738768992701123e-11,-7.7085936106324215,-1.5111831239763267e-09,-3.496437067756136e-14,2.779569956227727e-10,7.036434415482751e-09
strength_lateral_HX_-1,T1-P052,N239,interior_applied_load,,110.361,69.75,150.143,-7.631984548821171e-12,-16.13734374999886,-1.2777333084828603e-12,-4.7853283875004076e-11,-3.452549493847731e-12,2.1847113105943514e-11
strength_lateral_HX_-1,T1-P053,N572,interior_applied_load,,110.361,69.75,193.643,-6.478626619119267e-12,-16.137343750009503,-1.25650759354737e-12,-1.2560116567645706e-13,-4.299171571013566e-12,5.042337865374698e-10
strength_lateral_HX_-1,T1-P054,N260,interior_applied_load,,112.125,69.75,116.0,-6.371085059660286e-12,-9.163802085398883,2.327326054216518e-11,3.576919446003331e-14,9.345415145156659e-10,1.34853463115035e-08
strength_lateral_HX_-1,T1-P055,N360,interior_applied_load,,117.479,69.75,164.643,0.0,-8.65986810940376,-3.410605131648481e-13,-6.821210263296962e-13,4.092726157978177e-12,-2.3646862246096134e-11
strength_lateral_HX_-1,T1-P056,N261,interior_applied_load,,121.469,69.75,116.0,-1.9236330701803148e-11,-309.4714422321448,-2.181051545572927e-12,7.122452731576284e-15,-8.565600147805601e-11,4.052095232210468e-09
strength_lateral_HX_-1,T1-P057,N262,interior_applied_load,,138.833,69.75,116.0,5.199115357862171e-13,-15.417187431732518,-1.1471671893555733e-09,3.4660280818308263e-14,7.697637734043392e-10,3.717818611984587e-08
strength_lateral_HX_-1,T1-P058,N240,interior_applied_load,,138.833,69.75,150.143,2.5092087558643907e-12,-18.826901041695997,2.303233199916547e-12,2.8750487917554283e-13,4.687130371951763e-11,-6.299968323030062e-10
strength_lateral_HX_-1,T1-P059,N361,interior_applied_load,,138.833,69.75,179.143,4.144957745158326e-12,-8.659868109396067,-2.4760169418558253e-13,-1.3526737923787559e-11,2.819709960458374e-11,5.531718867614303e-12
strength_lateral_HX_-1,T1-P060,N573,interior_applied_load,,138.833,69.75,193.643,-2.646733885059422e-12,-18.826901041660104,-4.730483292666347e-12,-2.0127607832660223e-11,2.9377039161493094e-12,-1.2679696463885741e-11
strength_lateral_HX_-1,T1-P061,N263,interior_applied_load,,140.156,69.75,116.0,2.0452372860317917e-11,-303.94566108421833,2.2623665385221664e-09,5.7239286642197725e-15,8.449197336876313e-10,-8.351788170824661e-08
strength_lateral_HX_-1,T1-P062,N264,interior_applied_load,,158.844,69.75,116.0,1.723693977220617e-11,-303.9628486084451,1.3022116507928966e-09,4.763110309050964e-14,-1.057519691020419e-09,-2.043902915459579e-08
strength_lateral_HX_-1,T1-P063,N265,interior_applied_load,,160.188,69.75,116.0,-2.384185791015625e-07,-6.980989634990692,1.7881393432617188e-07,1.9371509552001953e-07,3.5652192309498787e-10,1.9371509552001953e-07
strength_lateral_HX_-1,T1-P064,N553,interior_applied_load,,160.188,69.75,120.0,1.2293457984924316e-07,-4.553279846906662,0.0,0.0,1.4551915228366852e-11,-2.9802322387695312e-08
strength_lateral_HX_-1,T1-P065,N554,interior_applied_load,,160.188,69.75,147.143,0.0,-4.553279846906662,5.960464477539063e-08,-5.960464477539063e-08,0.0,0.0
strength_lateral_HX_-1,T1-P066,N241,interior_applied_load,,160.188,69.75,150.143,5.960464477539063e-08,-10.75822913646698,0.0,0.0,-5.820766091346741e-11,0.0
strength_lateral_HX_-1,T1-P067,N349,interior_applied_load,,160.188,69.75,152.643,-2.9802322387695312e-08,-3.2711250334978104,-1.1920928955078125e-07,0.0,0.0,-1.1920928955078125e-07
strength_lateral_HX_-1,T1-P068,N350,interior_applied_load,,160.188,69.75,172.143,-2.8823287179018477e-13,-6.54225003940504,8.467914329262722e-14,-1.161996471875609e-11,3.72797980483143e-15,-3.1718678171302592e-12
strength_lateral_HX_-1,T1-P069,N351,interior_applied_load,,160.188,69.75,191.643,2.3895132453266577e-07,-3.2711250245921555,4.978753001538827e-08,-1.6424869914155593e-07,6.350694037120504e-11,-1.4564148526075016e-07
strength_lateral_HX_-1,T1-P070,N362,interior_applied_load,,160.188,69.75,193.643,9.1039071241999e-08,-19.371952465570324,2.0093547400415855e-07,-1.244102722496352e-08,1.4071117836727868e-10,1.5636525843580427e-07
strength_lateral_HX_-1,T1-P071,N266,interior_applied_load,,167.306,69.75,116.0,1.9317940021970306e-12,-14.308593785694745,1.1396932167334095e-11,-3.203926384266051e-16,-1.7282620387876403e-10,-2.3411689527049805e-09
strength_lateral_HX_-1,T1-P072,N242,interior_applied_load,,167.306,69.75,150.143,3.839035273271806e-13,-13.447786458305233,-3.876015018542619e-12,-2.9997858979938064e-13,2.562351777487183e-11,-1.1390373883369509e-10
strength_lateral_HX_-1,T1-P073,N574,interior_applied_load,,167.306,69.75,193.643,-9.415190878174705e-12,-13.44778645832966,4.371617494603427e-12,-7.188539976139486e-13,4.847905514555455e-11,1.8643511478769777e-11
strength_lateral_HX_-1,T1-P074,N267,interior_applied_load,,177.531,69.75,116.0,-7.51612431266563e-12,-310.92665048250825,3.5234321183343388e-12,4.767148954249678e-15,4.1087088234105695e-12,4.386610085840913e-11
strength_lateral_HX_-1,T1-P075,N363,interior_applied_load,,181.208,69.75,179.143,-1.2015413971029177e-11,-8.567578545955596,1.125733946795431e-13,-1.5657195867069184e-13,-6.124215011695127e-12,8.147243461456945e-12
strength_lateral_HX_-1,T1-P076,N268,interior_applied_load,,195.778,69.75,116.0,-2.946848522895751e-10,-15.417187423546062,-5.402553491460837e-09,-2.25929753281697e-13,8.621948497138438e-09,1.2337604185401787e-07
strength_lateral_HX_-1,T1-P077,N243,interior_applied_load,,195.778,69.75,150.143,2.768258977397775e-12,-21.138608335695096,1.2684021353920357e-14,6.096442518562043e-14,2.1348436395134104e-12,1.3973759786041483e-11
strength_lateral_HX_-1,T1-P078,N575,interior_applied_load,,195.778,69.75,193.643,-7.91191051274886e-12,-21.138608335692492,-3.135795381341616e-12,1.8790480911098483e-13,6.438594810136108e-11,9.504552121896786e-10
strength_lateral_HX_-1,T1-P079,N269,interior_applied_load,,196.219,69.75,116.0,1.80442170330729e-11,-554.7254919335134,3.484674910134572e-08,8.818345413392779e-14,5.954607983418315e-09,2.8113213915884177e-07
strength_lateral_HX_-1,T1-P080,N364,interior_applied_load,,202.229,69.75,164.643,3.637978807091713e-12,-8.567578545955257,2.8421709430404007e-13,1.1368683772161603e-12,0.0,1.0913936421275139e-11
strength_lateral_HX_-1,T1-P081,N270,interior_applied_load,,214.906,69.75,116.0,-1.09116490935653e-11,-562.0702821753026,-1.1866020300234761e-12,-1.790390747481945e-15,6.964814801598987e-12,-5.707841019941526e-10
strength_lateral_HX_-1,T1-P082,N244,interior_applied_load,,223.25,69.75,150.143,-2.9802322387695312e-08,-15.042018458247185,5.960464477539063e-08,2.384185791015625e-07,1.2514647096395493e-09,1.1920928955078125e-07
strength_lateral_HX_-1,T1-P083,N352,interior_applied_load,,223.25,69.75,152.643,2.9802322387695312e-08,-3.2711250334978104,-2.384185791015625e-07,0.0,-2.9103830456733704e-11,-8.940696716308594e-08
strength_lateral_HX_-1,T1-P084,N353,interior_applied_load,,223.25,69.75,172.143,-4.325819919390899e-15,-6.542250039406431,9.440849905609638e-14,-2.636142985409308e-12,-3.738079108421362e-15,-1.6329283376730288e-13
strength_lateral_HX_-1,T1-P085,N354,interior_applied_load,,223.25,69.75,191.643,3.782962831877512e-11,-3.2711250199636197,-9.696902229794357e-08,-1.5653650889402293e-07,-3.5683476443846133e-11,-7.786241207341504e-09
strength_lateral_HX_-1,T1-P086,N576,interior_applied_load,,223.25,69.75,193.643,-2.0865408634218596e-07,-10.758229154977032,2.0545575092994858e-07,-1.6767005385837432e-07,1.235558852469486e-08,-4.920034423385584e-08
strength_lateral_HX_-1,T1-P087,N271,interior_applied_load,,224.25,69.75,116.0,3.344225352197583e-08,-7.708593833759897,3.1179347099832334e-08,5.577545350718955e-08,1.238763237871228e-09,-3.032413856589714e-08
strength_lateral_HX_-1,T1-P088,N161,interface_action,T-E; T-E vertical 3,224.25,69.75,120.0,536.7265529513243,1058.3449113343377,0.33150887134252116,0.7365316668874584,120.30452838729519,-9084.302085657313
strength_lateral_HX_-1,T1-P089,N426,interface_action,T-E; T-E vertical 3,224.25,69.75,121.5,-79.4505833425792,-210.46006659930572,3.342029213090427,154.65783435292542,-1.1919863097969596,1316.4717441082466
strength_lateral_HX_-1,T1-P090,N427,interface_action,T-E vertical 3,224.25,69.75,144.689,-1.473354874933079e-11,-3.830515810377049,-1.9261341596192144e-11,1.9218012624194008e-11,1.25414694593094e-14,9.919942224201268e-12
strength_lateral_HX_-1,T1-P091,N555,interface_action,T-E vertical 3,224.25,69.75,147.143,-493.7096572071314,-626.6006840988994,20.73314255475998,427.7998997569084,-7.607340309332358,-4479.579478412867
strength_lateral_HX_-1,T1-P092,N245,interface_action,T-E vertical 3,224.25,69.75,150.143,-116.85182857513428,2011.9221097677946,-19.38946795463562,-428.3070652484894,56.657360258395784,2599.0067394971848
strength_lateral_HX_-1,T1-P093,N466,interface_action,T-E diagonal 11; T-E diagonal 12; T-E top / segment 1; T-E vertical 3,224.25,69.75,193.643,247.3360636893014,748.4145764314131,-4.936012015945818,-0.4390959554521321,-88.26695064030187,-3023.879471181207
strength_lateral_HX_2,T1-P001,N246,interface_action,T-W / B-WO; T-W vertical 3,-32.0,69.75,116.0,-159.58001708984375,10.475113689899445,-33.72074794769287,892.1122636795044,6272.492075772956,1087.3310108184814
strength_lateral_HX_2,T1-P002,N370,interface_action,T-W / B-WO; T-W vertical 3,-32.0,69.75,117.5,194.03586769104004,-243.86722666025162,23.0380277633667,852.6454737186432,178.93442042544484,-3464.226182937622
strength_lateral_HX_2,T1-P003,N547,interface_action,T-W vertical 3,-32.0,69.75,120.0,-194.0358716533279,239.53380677037248,-23.03802818501219,-795.0504037229227,-178.93442042404035,2979.136499566795
strength_lateral_HX_2,T1-P004,N371,interface_action,T-W vertical 3,-32.0,69.75,142.022,-4.5115583518189335e-12,-2.7379524229446206,8.416657945973851e-13,1.5941231452095146e-12,1.5443225048042303e-14,-4.380985047178279e-11
strength_lateral_HX_2,T1-P005,N548,interface_action,T-W vertical 3,-32.0,69.75,147.143,194.03587210178375,-251.25684660673141,23.03802815079689,169.72920671105385,178.9344204243971,2287.5791618824005
strength_lateral_HX_2,T1-P006,N231,interface_action,T-W vertical 3,-32.0,69.75,150.143,16.310718894004822,1255.0413721501827,-22.32287696003914,-251.40090027451515,-61.84114448737819,-470.855233669281
strength_lateral_HX_2,T1-P007,N401,interface_action,T-W diagonal 10; T-W diagonal 9; T-W top / segment 1; T-W vertical 3,-32.0,69.75,193.643,-149.1378346868532,1143.0473230235564,-18.291498346862305,870.4665372723495,-221.75096261322912,2661.686460883746
strength_lateral_HX_2,T1-P008,N232,interior_applied_load,,-31.0,69.75,150.143,5.025958671467379e-08,-15.04201844396448,2.176201974180003e-08,-5.755919119110331e-08,-3.1077433959580958e-09,-3.39390680892393e-07
strength_lateral_HX_2,T1-P009,N340,interior_applied_load,,-31.0,69.75,152.643,-3.9982620489641867e-07,-3.271125016350615,-1.2670450558573463e-08,3.90051156185106e-08,-2.488494775287741e-11,-3.7439952244239946e-07
strength_lateral_HX_2,T1-P010,N341,interior_applied_load,,-31.0,69.75,172.143,1.6737990349840047e-13,-6.542250039415144,-2.5746718959222765e-14,2.274387060737531e-13,-4.418401880309952e-15,-3.904769841524878e-13
strength_lateral_HX_2,T1-P011,N342,interior_applied_load,,-31.0,69.75,191.643,0.0,-3.2711250483989716,-4.76837158203125e-07,0.0,0.0,-4.76837158203125e-07
strength_lateral_HX_2,T1-P012,N566,interior_applied_load,,-31.0,69.75,193.643,-4.76837158203125e-07,-10.758229106664658,0.0,-2.384185791015625e-07,1.1641532182693481e-09,4.76837158203125e-07
strength_lateral_HX_2,T1-P013,N355,interior_applied_load,,-9.979,69.75,164.643,1.2732925824820995e-11,-8.567578545952529,-2.842170943040401e-14,-2.2737367544323206e-13,0.0,-1.8189894035458565e-12
strength_lateral_HX_2,T1-P014,N247,interior_applied_load,,-3.528,69.75,116.0,8.417359013083779e-11,-34.10859366223928,3.802330080819716e-12,-1.6419881983640764e-14,-3.384793920298595e-11,5.562610474457917e-10
strength_lateral_HX_2,T1-P015,N233,interior_applied_load,,-3.528,69.75,150.143,1.5712731905895258e-11,-21.13860833569516,-2.221736088013859e-14,5.955072834704463e-14,-2.1200823337319525e-12,8.820318392857108e-12
strength_lateral_HX_2,T1-P016,N567,interior_applied_load,,-3.528,69.75,193.643,-2.0972348300293974e-11,-21.138608335695846,2.2674819840171584e-13,-4.157847585281761e-13,4.308323791699169e-13,5.0855298879138354e-12
strength_lateral_HX_2,T1-P017,N248,interior_applied_load,,9.344,69.75,116.0,-1.813074697441093e-10,-310.92665048243117,-1.527130440386563e-11,2.935727754851295e-14,-3.971838853379528e-12,1.3523053046753282e-09
strength_lateral_HX_2,T1-P018,N356,interior_applied_load,,11.042,69.75,179.143,-1.8027300117608145e-11,-8.567578545963077,-1.2039276726522513e-13,-1.5660588874428781e-12,2.4114676193208443e-12,-1.9925651887021714e-11
strength_lateral_HX_2,T1-P019,N249,interior_applied_load,,24.944,69.75,116.0,4.942387527747407e-10,-15.417187660013795,-4.0381891611892864e-10,4.6584925105754016e-14,-2.7403173760867754e-10,-9.915769892693406e-09
strength_lateral_HX_2,T1-P020,N234,interior_applied_load,,24.944,69.75,150.143,5.407536063781601e-11,-13.447786458388642,7.414068225326317e-12,-2.9090541108755376e-13,-1.2183479123016446e-11,-3.43847112676223e-10
strength_lateral_HX_2,T1-P021,N568,interior_applied_load,,24.944,69.75,193.643,1.3735090853816428e-11,-13.447786458448281,4.949419276141257e-11,-1.9534665275099275e-13,-1.2274124381997546e-10,2.3043752886443861e-10
strength_lateral_HX_2,T1-P022,N250,interior_applied_load,,28.031,69.75,116.0,-7.531867569282534e-10,-293.30946296822685,-1.3326220328815472e-09,-7.184842661126932e-15,1.047267575262824e-09,-4.2857356122433595e-08
strength_lateral_HX_2,T1-P023,N251,interior_applied_load,,32.062,69.75,116.0,-1.1920928955078125e-07,-15.417187437415123,2.9802322387695312e-08,5.960464477539063e-08,-1.6298145055770874e-09,0.0
strength_lateral_HX_2,T1-P024,N549,interior_applied_load,,32.062,69.75,120.0,0.0,-4.553279861807823,0.0,0.0,-1.1641532182693481e-10,0.0
strength_lateral_HX_2,T1-P025,N550,interior_applied_load,,32.062,69.75,147.143,1.1920928955078125e-07,-4.553279846906662,-5.960464477539063e-08,8.940696716308594e-08,0.0,2.384185791015625e-07
strength_lateral_HX_2,T1-P026,N235,interior_applied_load,,32.062,69.75,150.143,-2.384185791015625e-07,-10.758229151368141,2.2351741790771484e-07,1.7881393432617188e-07,-2.3283064365386963e-10,-2.384185791015625e-07
strength_lateral_HX_2,T1-P027,N343,interior_applied_load,,32.062,69.75,152.643,-4.3439619901164406e-07,-3.2711250191782426,-9.366965514345793e-08,1.2129089554946404e-07,4.651923291021376e-11,1.3629502859657805e-07
strength_lateral_HX_2,T1-P028,N344,interior_applied_load,,32.062,69.75,172.143,2.2737367544323206e-13,-6.5422500394051895,-1.1368683772161603e-13,-1.8189894035458565e-12,-1.4210854715202004e-14,0.0
strength_lateral_HX_2,T1-P029,N345,interior_applied_load,,32.062,69.75,191.643,-1.8039827409666032e-07,-3.271125033352291,-2.3323821096710162e-07,-1.0958137863781303e-07,2.255296964690967e-11,2.1582127374131233e-07
strength_lateral_HX_2,T1-P030,N357,interior_applied_load,,32.062,69.75,193.643,8.341064171683764e-07,-19.37195249536494,-1.6203436278323318e-07,-1.8490248027733187e-07,7.798016398473869e-11,3.051296647978054e-07
strength_lateral_HX_2,T1-P031,N252,interior_applied_load,,46.719,69.75,116.0,-2.0966701721441244e-11,-305.0542546486225,-3.4320434448101654e-11,-2.5874576593042478e-14,-9.944685468876865e-11,6.672442995572641e-09
strength_lateral_HX_2,T1-P032,N253,interior_applied_load,,53.417,69.75,116.0,-1.7809287208182564e-10,-15.417187443770418,-9.518866136566875e-11,2.3033669104429987e-14,-1.083455890851544e-10,-7.358896882800988e-09
strength_lateral_HX_2,T1-P033,N236,interior_applied_load,,53.417,69.75,150.143,-4.1786993373880837e-11,-18.826901041667767,7.212396462219778e-13,-6.751358799646259e-13,4.855797668505047e-11,4.6260478091015006e-10
strength_lateral_HX_2,T1-P034,N358,interior_applied_load,,53.417,69.75,179.143,-1.2124970824388486e-11,-8.659868109419492,4.1323438918093456e-13,5.4545953343560924e-12,4.4659310202099675e-11,-6.025353612034319e-12
strength_lateral_HX_2,T1-P035,N569,interior_applied_load,,53.417,69.75,193.643,1.8681994392767658e-11,-18.826901041666975,-6.315136154766144e-13,-3.672077702058689e-12,-2.6784257066486712e-12,-5.5297433245409815e-12
strength_lateral_HX_2,T1-P036,N254,interior_applied_load,,65.406,69.75,116.0,-1.366211695265443e-10,-310.9266504822894,-5.203541222460827e-12,-3.075508850035241e-14,-7.653592522048757e-11,1.2035319611278042e-09
strength_lateral_HX_2,T1-P037,N359,interior_applied_load,,74.771,69.75,164.643,-1.4551915228366852e-11,-8.659868109389208,7.958078640513122e-13,2.2737367544323206e-12,5.002220859751105e-12,-1.000444171950221e-11
strength_lateral_HX_2,T1-P038,N255,interior_applied_load,,81.889,69.75,116.0,2.9620025780701577e-10,-15.417187447811846,1.312561198390597e-10,9.349070085385102e-14,3.0409148444529214e-11,1.3765416793684403e-08
strength_lateral_HX_2,T1-P039,N237,interior_applied_load,,81.889,69.75,150.143,7.540996976946122e-12,-16.137343749999445,1.847728934805602e-12,4.777265597994527e-13,-1.1185319429385583e-11,7.823788004682182e-11
strength_lateral_HX_2,T1-P040,N570,interior_applied_load,,81.889,69.75,193.643,-3.860650491405985e-11,-16.137343749959246,7.554417922230258e-12,-2.0059695004945356e-13,-6.526314686097806e-12,3.4147134073029836e-10
strength_lateral_HX_2,T1-P041,N256,interior_applied_load,,84.094,69.75,116.0,-3.7474375686113153e-10,-299.18185882608395,-3.859835758500039e-11,-4.1748349414776563e-14,-6.787334704941481e-11,-1.1712930259008861e-08
strength_lateral_HX_2,T1-P042,N257,interior_applied_load,,96.125,69.75,116.0,-2.384185791015625e-07,-15.417187660932541,-7.450580596923828e-09,-1.4901161193847656e-08,-2.3283064365386963e-10,-2.384185791015625e-07
strength_lateral_HX_2,T1-P043,N551,interior_applied_load,,96.125,69.75,120.0,2.384185791015625e-07,-4.553279861807823,3.725290298461914e-09,-1.4901161193847656e-08,-2.3283064365386963e-10,0.0
strength_lateral_HX_2,T1-P044,N552,interior_applied_load,,96.125,69.75,147.143,-4.76837158203125e-07,-4.553279846906662,-1.1920928955078125e-07,5.960464477539063e-08,0.0,2.384185791015625e-07
strength_lateral_HX_2,T1-P045,N238,interior_applied_load,,96.125,69.75,150.143,-4.76837158203125e-07,-19.418097287416458,4.76837158203125e-07,1.1920928955078125e-07,4.656612873077393e-10,8.344650268554688e-07
strength_lateral_HX_2,T1-P046,N346,interior_applied_load,,96.125,69.75,152.643,7.152557373046875e-07,-3.271125018596649,-2.384185791015625e-07,0.0,0.0,7.152557373046875e-07
strength_lateral_HX_2,T1-P047,N347,interior_applied_load,,96.125,69.75,172.143,-3.868506053104434e-13,-6.5422500393833225,1.9468667254549448e-12,1.3949260894838153e-11,-6.042344940218877e-15,2.253033262718587e-12
strength_lateral_HX_2,T1-P048,N348,interior_applied_load,,96.125,69.75,191.643,-2.098208717882244e-09,-3.2711250201727324,1.5497596272950886e-07,-1.3882656091368517e-07,2.561740418432638e-11,-1.320907632162971e-07
strength_lateral_HX_2,T1-P049,N571,interior_applied_load,,96.125,69.75,193.643,6.963228928676924e-07,-10.75822918042873,-1.8062343308447298e-07,-3.8465675433961223e-07,-9.560831560764691e-11,-2.2270833171371776e-08
strength_lateral_HX_2,T1-P050,N258,interior_applied_load,,102.781,69.75,116.0,2.2419572284051038e-10,-299.18185881719813,-2.2703031948688205e-12,2.841876634934239e-14,5.0838651910992445e-11,2.1747930678595406e-09
strength_lateral_HX_2,T1-P051,N259,interior_applied_load,,110.361,69.75,116.0,-6.083020690486753e-10,-7.7085936587742205,-2.6232456438616493e-09,-3.912224957879012e-14,3.4251974105408174e-10,-5.147631105423036e-08
strength_lateral_HX_2,T1-P052,N239,interior_applied_load,,110.361,69.75,150.143,1.219686958121796e-10,-16.137343750006988,-7.243075400528411e-13,-2.5460086493084423e-12,-3.829502079913564e-12,9.164023739038343e-12
strength_lateral_HX_2,T1-P053,N572,interior_applied_load,,110.361,69.75,193.643,-1.6467015602782214e-11,-16.137343750019085,1.185788381522403e-11,1.972421102500727e-13,1.5404084049153767e-10,3.6221653563907937e-10
strength_lateral_HX_2,T1-P054,N260,interior_applied_load,,112.125,69.75,116.0,1.4169861720075902e-11,-9.163802069183118,-5.091306326788474e-10,3.763826098477845e-14,1.6919468886421242e-09,-5.324535922281291e-08
strength_lateral_HX_2,T1-P055,N360,interior_applied_load,,117.479,69.75,164.643,1.8189894035458565e-12,-8.659868109398303,2.6147972675971687e-12,1.318767317570746e-11,-2.1827872842550278e-11,-2.546585164964199e-11
strength_lateral_HX_2,T1-P056,N261,interior_applied_load,,121.469,69.75,116.0,2.302647678884231e-10,-309.47144223220454,2.135790849240302e-11,3.255826465285109e-15,-2.878108789407855e-11,5.385035002732166e-09
strength_lateral_HX_2,T1-P057,N262,interior_applied_load,,138.833,69.75,116.0,-6.632701100920236e-11,-15.41718742176008,-1.7985698024098615e-09,2.1018274082709393e-15,-5.106648941312272e-10,7.690740480950823e-08
strength_lateral_HX_2,T1-P058,N240,interior_applied_load,,138.833,69.75,150.143,3.322189864450678e-11,-18.826901041676688,4.661366303010579e-12,-3.733105753036432e-14,-8.15365645652948e-11,-1.6698811678579703e-10
strength_lateral_HX_2,T1-P059,N361,interior_applied_load,,138.833,69.75,179.143,-3.308166594475503e-12,-8.659868109403845,-5.183146521790722e-13,3.842273927834862e-11,-4.8374918579543784e-11,-5.202795172471716e-13
strength_lateral_HX_2,T1-P060,N573,interior_applied_load,,138.833,69.75,193.643,-1.4554429723383257e-11,-18.826901041666492,-2.1078501453492334e-12,-1.9642463067660637e-11,-3.174892669305165e-11,-7.486425781671167e-11
strength_lateral_HX_2,T1-P061,N263,interior_applied_load,,140.156,69.75,116.0,4.0239942808942834e-10,-303.94566113180866,-4.0605187922053815e-10,1.3971647705837832e-14,1.6011164872548024e-09,-4.287298982628485e-08
strength_lateral_HX_2,T1-P062,N264,interior_applied_load,,158.844,69.75,116.0,4.687985237815901e-10,-303.9628485062279,4.795178079070351e-09,1.4371328874928413e-14,-4.296803885600056e-09,4.9107041060047245e-08
strength_lateral_HX_2,T1-P063,N265,interior_applied_load,,160.188,69.75,116.0,-4.172325134277344e-07,-6.9809896647930145,3.8743019104003906e-07,4.76837158203125e-07,-2.0954757928848267e-09,7.152557373046875e-07
strength_lateral_HX_2,T1-P064,N553,interior_applied_load,,160.188,69.75,120.0,5.960464477539063e-08,-4.553279876708984,-1.4901161193847656e-07,4.172325134277344e-07,0.0,1.1920928955078125e-07
strength_lateral_HX_2,T1-P065,N554,interior_applied_load,,160.188,69.75,147.143,-1.1920928955078125e-07,-4.553279846906662,1.7881393432617188e-07,2.384185791015625e-07,-5.820766091346741e-11,2.384185791015625e-07
strength_lateral_HX_2,T1-P066,N241,interior_applied_load,,160.188,69.75,150.143,0.0,-10.758229166269302,2.384185791015625e-07,0.0,-1.1641532182693481e-10,3.5762786865234375e-07
strength_lateral_HX_2,T1-P067,N349,interior_applied_load,,160.188,69.75,152.643,2.384185791015625e-07,-3.2711250334978104,0.0,0.0,0.0,0.0
strength_lateral_HX_2,T1-P068,N350,interior_applied_load,,160.188,69.75,172.143,7.742250053755608e-13,-6.542250039433206,2.432442348178844e-13,1.7543831581045816e-11,-3.1329116358659346e-15,7.01269069118688e-12
strength_lateral_HX_2,T1-P069,N351,interior_applied_load,,160.188,69.75,191.643,6.530604690357933e-07,-3.271125022917273,2.9102426182814334e-07,-3.16969478053597e-07,-1.3451502911622044e-11,-1.5883509933978246e-06
strength_lateral_HX_2,T1-P070,N362,interior_applied_load,,160.188,69.75,193.643,-1.195812092307459e-06,-19.371952492538366,-3.879958237168413e-08,-6.499051253984886e-08,3.0790215235347174e-10,-1.984206189756286e-06
strength_lateral_HX_2,T1-P071,N266,interior_applied_load,,167.306,69.75,116.0,-2.557425321315447e-10,-14.308593787688963,2.903959546029077e-10,5.727800695799946e-15,-4.613917107882231e-11,6.917427426128084e-09
strength_lateral_HX_2,T1-P072,N242,interior_applied_load,,167.306,69.75,150.143,-1.9738247916265164e-11,-13.44778645823084,-5.4547020275293185e-12,1.0401682706726877e-14,5.760335496584135e-11,3.2398900341425594e-10
strength_lateral_HX_2,T1-P073,N574,interior_applied_load,,167.306,69.75,193.643,-3.0428879881550804e-11,-13.447786458300783,1.0818237469940139e-11,-5.450558243419106e-13,-2.0548048368462997e-11,-2.6037616792095115e-11
strength_lateral_HX_2,T1-P074,N267,interior_applied_load,,177.531,69.75,116.0,3.268308675218325e-10,-310.92665048254355,-2.536332916364922e-11,1.875971906298987e-15,-4.814112287745883e-11,3.792665740722253e-10
strength_lateral_HX_2,T1-P075,N363,interior_applied_load,,181.208,69.75,179.143,-4.080882980553979e-11,-8.56757854595145,2.0726329347995183e-13,-4.48116525051277e-12,-2.0610153975454375e-12,2.7616158930371978e-11
strength_lateral_HX_2,T1-P076,N268,interior_applied_load,,195.778,69.75,116.0,2.62127687642361e-09,-15.41718905536369,7.603115136044585e-08,-1.7136199815704213e-15,-5.48615700057713e-08,2.198292705206971e-07
strength_lateral_HX_2,T1-P077,N243,interior_applied_load,,195.778,69.75,150.143,1.8612377976357524e-11,-21.138608335694634,-9.686734521398927e-14,-1.368618659947108e-13,2.6363340545834492e-12,3.520049958034356e-12
strength_lateral_HX_2,T1-P078,N575,interior_applied_load,,195.778,69.75,193.643,2.215769495845022e-11,-21.13860833569806,-5.797827130647214e-12,1.3653277289630473e-13,-7.403464838553554e-11,5.894880994117046e-11
strength_lateral_HX_2,T1-P079,N269,interior_applied_load,,196.219,69.75,116.0,9.281858977496291e-10,-554.7254916472302,-1.1294439916052939e-07,-1.873131776580197e-14,-4.005159071983601e-08,1.910293485121644e-07
strength_lateral_HX_2,T1-P080,N364,interior_applied_load,,202.229,69.75,164.643,0.0,-8.567578545953438,2.8421709430404007e-13,-1.3642420526593924e-12,-3.637978807091713e-12,-2.8421709430404007e-12
strength_lateral_HX_2,T1-P081,N270,interior_applied_load,,214.906,69.75,116.0,-1.981317605662799e-11,-562.0702821752539,-1.195807303318623e-11,5.866826644838767e-15,7.207088815027575e-11,4.2057662802722763e-10
strength_lateral_HX_2,T1-P082,N244,interior_applied_load,,223.25,69.75,150.143,2.384185791015625e-07,-15.042018443346024,0.0,3.5762786865234375e-07,2.0954757928848267e-09,2.384185791015625e-07
strength_lateral_HX_2,T1-P083,N352,interior_applied_load,,223.25,69.75,152.643,-4.76837158203125e-07,-3.2711250260472298,-2.384185791015625e-07,-1.1920928955078125e-07,-2.3283064365386963e-10,0.0
strength_lateral_HX_2,T1-P084,N353,interior_applied_load,,223.25,69.75,172.143,8.781304083295297e-14,-6.542250039410458,-4.967421923212613e-14,-1.7788738855383861e-12,6.671795511808711e-16,2.4579178557306977e-12
strength_lateral_HX_2,T1-P085,N354,interior_applied_load,,223.25,69.75,191.643,-2.0450043311526223e-07,-3.271125030700139,1.2515482414321433e-08,9.526709524032562e-08,5.144387402523752e-11,9.038837506247788e-08
strength_lateral_HX_2,T1-P086,N576,interior_applied_load,,223.25,69.75,193.643,7.632939778845493e-07,-10.758229107681117,-9.573451846991926e-09,-2.7825164246401674e-07,-5.399650077596936e-09,5.591501670984612e-09
strength_lateral_HX_2,T1-P087,N271,interior_applied_load,,224.25,69.75,116.0,1.3118965325187304e-07,-7.7085938290356575,-1.150376155832616e-09,-3.1698715183516765e-08,5.886921692606396e-09,1.718179551267017e-08
strength_lateral_HX_2,T1-P088,N161,interface_action,T-E; T-E vertical 3,224.25,69.75,120.0,662.8216953985393,1029.2603510416811,51.14905314100906,-197.95203888695687,6274.890038601677,-6947.232376396656
strength_lateral_HX_2,T1-P089,N426,interface_action,T-E; T-E vertical 3,224.25,69.75,121.5,-37.530771533958614,-215.86586922220886,1.9212227300740778,92.451589902048,161.54673330851347,731.6987031758763
strength_lateral_HX_2,T1-P090,N427,interface_action,T-E vertical 3,224.25,69.75,144.689,1.2141179222208336e-10,-3.830515810412261,-3.071950555122529e-11,4.3012420987791574e-11,4.979457579307067e-14,-5.333170428304284e-11
strength_lateral_HX_2,T1-P091,N555,interface_action,T-E vertical 3,224.25,69.75,147.143,-233.21797728538513,-642.3114992454648,11.918801963329315,267.9135067462921,1031.002592929406,-1433.5984799861908
strength_lateral_HX_2,T1-P092,N245,interface_action,T-E vertical 3,224.25,69.75,150.143,69.35358786582947,2055.9345887824893,-6.289597272872925,-152.56594359874725,-349.40975454170257,-742.3467223644257
strength_lateral_HX_2,T1-P093,N466,interface_action,T-E diagonal 11; T-E diagonal 12; T-E top / segment 1; T-E vertical 3,224.25,69.75,193.643,-363.05526944870854,560.0516545737821,-7.4023834483202515,-22.71186846760873,-140.9829743951537,-650.3388463285389
strength_lateral_HX_-2,T1-P001,N246,interface_action,T-W / B-WO; T-W vertical 3,-32.0,69.75,116.0,-311.81533098220825,-73.80562815070152,30.54895329475403,725.9184036254883,-1755.9556769463234,1113.7910990715027
strength_lateral_HX_-2,T1-P002,N370,interface_action,T-W / B-WO; T-W vertical 3,-32.0,69.75,117.5,124.2265853881836,-295.93527749180794,17.226760864257812,688.0882148742676,-70.33162144292146,-2252.944643497467
strength_lateral_HX_-2,T1-P003,N547,interface_action,T-W vertical 3,-32.0,69.75,120.0,-124.22658290302371,291.60185765956743,-17.226760391610945,-645.0213132987521,70.3316214427828,1942.3781883492372
strength_lateral_HX_-2,T1-P004,N371,interface_action,T-W vertical 3,-32.0,69.75,142.022,-3.4667458350152185e-12,-2.737952422948292,-3.4644092751802448e-12,9.813291824329724e-12,-1.0743305213826166e-14,-6.858218287562472e-13
strength_lateral_HX_-2,T1-P005,N548,interface_action,T-W vertical 3,-32.0,69.75,147.143,124.22658240795135,-303.32489746809006,17.226760625839233,177.43535566329956,-70.33162144271773,1429.503947854042
strength_lateral_HX_-2,T1-P006,N231,interface_action,T-W vertical 3,-32.0,69.75,150.143,-7.379945993423462,1238.1263079941273,-16.76846480369568,-187.12266409397125,-24.04422332253307,-25.297621488571167
strength_lateral_HX_-2,T1-P007,N401,interface_action,T-W diagonal 10; T-W diagonal 9; T-W top / segment 1; T-W vertical 3,-32.0,69.75,193.643,102.35838177711548,1036.909018814688,-14.016484077127219,636.634154905018,-284.39726765470834,877.3010029473833
strength_lateral_HX_-2,T1-P008,N232,interior_applied_load,,-31.0,69.75,150.143,2.343804226256907e-07,-15.042018448148156,-1.6121691714943154e-07,-9.44241946854163e-08,-1.1876181815750897e-08,-2.833357939380221e-07
strength_lateral_HX_-2,T1-P009,N340,interior_applied_load,,-31.0,69.75,152.643,-1.13946843058627e-08,-3.271125015008687,1.0139994893376999e-07,-2.3337716893994242e-07,-6.983937206077718e-12,2.5544118982857667e-07
strength_lateral_HX_-2,T1-P010,N341,interior_applied_load,,-31.0,69.75,172.143,-5.6326006674939487e-14,-6.54225003940425,6.885502391263486e-14,4.422082633526021e-14,-2.537167161544823e-15,-1.175193884550765e-12
strength_lateral_HX_-2,T1-P011,N342,interior_applied_load,,-31.0,69.75,191.643,-2.384185791015625e-07,-3.2711250334978104,0.0,0.0,0.0,0.0
strength_lateral_HX_-2,T1-P012,N566,interior_applied_load,,-31.0,69.75,193.643,7.152557373046875e-07,-10.75822913646698,-4.76837158203125e-07,-4.76837158203125e-07,-1.5133991837501526e-09,0.0
strength_lateral_HX_-2,T1-P013,N355,interior_applied_load,,-9.979,69.75,164.643,0.0,-8.567578545946162,2.8421709430404007e-13,-4.547473508864641e-13,9.094947017729282e-13,-3.637978807091713e-12
strength_lateral_HX_-2,T1-P014,N247,interior_applied_load,,-3.528,69.75,116.0,-8.447558879968844e-11,-34.10859366229864,-3.186389502111986e-12,-2.2799765963862464e-14,2.17442524705566e-11,4.3292732482210193e-10
strength_lateral_HX_-2,T1-P015,N233,interior_applied_load,,-3.528,69.75,150.143,-5.365119619777073e-12,-21.13860833569552,4.791821027121725e-13,-1.0520510391867315e-13,2.6241020482582816e-12,8.43416981288896e-12
strength_lateral_HX_-2,T1-P016,N567,interior_applied_load,,-3.528,69.75,193.643,9.98382642567272e-12,-21.138608335695544,5.989473733146218e-13,-4.156564133200935e-13,2.0255769168878666e-13,9.091049027647227e-13
strength_lateral_HX_-2,T1-P017,N248,interior_applied_load,,9.344,69.75,116.0,3.661935298687568e-11,-310.9266504824147,9.461702130177776e-12,1.85078987716112e-14,-3.706893168527811e-11,-3.2449086577173817e-10
strength_lateral_HX_-2,T1-P018,N356,interior_applied_load,,11.042,69.75,179.143,-2.1647685113733527e-11,-8.56757854594942,1.1086730990953826e-13,2.4932609346575315e-12,-3.130706370551033e-12,-1.7242639246477875e-11
strength_lateral_HX_-2,T1-P019,N249,interior_applied_load,,24.944,69.75,116.0,1.973559077163281e-10,-15.417187653274404,6.816945465954821e-10,-3.2884594256347685e-14,2.2671848390601734e-10,-3.6039415365003966e-09
strength_lateral_HX_-2,T1-P020,N234,interior_applied_load,,24.944,69.75,150.143,-8.05480346158922e-12,-13.447786458386458,1.4884598269996084e-11,-4.908726343777581e-13,7.696940735679419e-11,-3.4479335887790223e-10
strength_lateral_HX_-2,T1-P021,N568,interior_applied_load,,24.944,69.75,193.643,5.197309499922096e-11,-13.447786458409508,6.591960798633844e-11,3.134037810448784e-13,-6.560838138958684e-11,-1.2481468303600648e-10
strength_lateral_HX_-2,T1-P022,N250,interior_applied_load,,28.031,69.75,116.0,-2.6056476949994407e-10,-293.30946296846406,2.446940859814111e-10,4.615697818066552e-14,-1.5191952995321562e-09,-3.811535468617981e-09
strength_lateral_HX_-2,T1-P023,N251,interior_applied_load,,32.062,69.75,116.0,0.0,-15.417187422513962,1.4901161193847656e-08,0.0,1.2223608791828156e-09,0.0
strength_lateral_HX_-2,T1-P024,N549,interior_applied_load,,32.062,69.75,120.0,5.960464477539063e-08,-4.553279846906662,0.0,0.0,5.820766091346741e-11,0.0
strength_lateral_HX_-2,T1-P025,N550,interior_applied_load,,32.062,69.75,147.143,-1.1920928955078125e-07,-4.553279846906662,1.7881393432617188e-07,1.1920928955078125e-07,1.1641532182693481e-10,0.0
strength_lateral_HX_-2,T1-P026,N235,interior_applied_load,,32.062,69.75,150.143,-2.384185791015625e-07,-10.758229181170464,0.0,0.0,1.1641532182693481e-10,1.1920928955078125e-07
strength_lateral_HX_-2,T1-P027,N343,interior_applied_load,,32.062,69.75,152.643,5.476484989941355e-07,-3.27112502134122,1.3424752864921174e-07,-4.3176669350941665e-07,-2.4414248400717042e-11,2.4214090998952997e-07
strength_lateral_HX_-2,T1-P028,N344,interior_applied_load,,32.062,69.75,172.143,-3.410605131648481e-13,-6.542250039419741,0.0,0.0,7.105427357601002e-15,0.0
strength_lateral_HX_-2,T1-P029,N345,interior_applied_load,,32.062,69.75,191.643,1.1539896149770357e-07,-3.2711250395223033,6.796381057938561e-08,2.338692866032943e-07,1.4196053775663833e-11,-2.1308551367837936e-07
strength_lateral_HX_-2,T1-P030,N357,interior_applied_load,,32.062,69.75,193.643,-1.427026497053882e-07,-19.37195249139185,5.399416359029142e-07,-4.86370317398058e-08,-9.702383163048577e-11,-6.434436049011691e-08
strength_lateral_HX_-2,T1-P031,N252,interior_applied_load,,46.719,69.75,116.0,4.399003830098802e-11,-305.0542546497628,6.870150509507378e-11,9.836835229289494e-15,7.76055534519295e-12,-2.8889237287450176e-09
strength_lateral_HX_-2,T1-P032,N253,interior_applied_load,,53.417,69.75,116.0,1.4467470530269982e-10,-15.417187442386767,3.149920824233354e-11,-4.365034153470793e-15,8.108596632222314e-11,-6.2631505246122136e-09
strength_lateral_HX_-2,T1-P033,N236,interior_applied_load,,53.417,69.75,150.143,2.11272271245649e-11,-18.826901041666492,-6.028256620927669e-12,-4.829288139010936e-14,-5.440380168937788e-11,2.1699328823192697e-10
strength_lateral_HX_-2,T1-P034,N358,interior_applied_load,,53.417,69.75,179.143,4.466984565875404e-12,-8.659868109423181,8.875301219879289e-14,1.458408336005265e-11,7.44423158280221e-11,9.869572980605885e-13
strength_lateral_HX_-2,T1-P035,N569,interior_applied_load,,53.417,69.75,193.643,1.555079450458769e-12,-18.826901041664385,-8.473885100533567e-13,-8.384829345026737e-13,-6.255036079165694e-12,-9.283622378639884e-12
strength_lateral_HX_-2,T1-P036,N254,interior_applied_load,,65.406,69.75,116.0,2.8371139550522075e-11,-310.9266504826493,2.238001251681824e-11,-2.882145591829794e-15,-1.1256651097261106e-10,2.3646027669172435e-09
strength_lateral_HX_-2,T1-P037,N359,interior_applied_load,,74.771,69.75,164.643,0.0,-8.659868109418312,2.3305801732931286e-12,4.547473508864641e-13,-9.094947017729282e-13,0.0
strength_lateral_HX_-2,T1-P038,N255,interior_applied_load,,81.889,69.75,116.0,-2.788208778258371e-10,-15.417187426905569,7.378800002593577e-10,8.574926240118233e-14,-1.0362744824920252e-09,5.16812872771104e-09
strength_lateral_HX_-2,T1-P039,N237,interior_applied_load,,81.889,69.75,150.143,-1.3073557467489671e-12,-16.13734374999273,1.2364585838122965e-12,-1.6480362413565517e-13,5.2660972513643706e-12,8.197272263790999e-11
strength_lateral_HX_-2,T1-P040,N570,interior_applied_load,,81.889,69.75,193.643,6.749731908268271e-12,-16.137343749990123,4.895787546860491e-12,-3.6106109199684775e-14,-6.152211246234815e-11,3.506124849264069e-10
strength_lateral_HX_-2,T1-P041,N256,interior_applied_load,,84.094,69.75,116.0,-1.6022077097847896e-11,-299.18185882433875,-3.396348331586763e-10,-3.7111231062982104e-14,-9.625427531108869e-11,-9.182389581562888e-09
strength_lateral_HX_-2,T1-P042,N257,interior_applied_load,,96.125,69.75,116.0,-2.9802322387695312e-08,-15.417187660932541,0.0,1.4901161193847656e-08,1.1641532182693481e-10,-2.980232238769531e-07
strength_lateral_HX_-2,T1-P043,N551,interior_applied_load,,96.125,69.75,120.0,2.9802322387695312e-08,-4.553279861807823,7.450580596923828e-09,-1.4901161193847656e-08,1.1641532182693481e-10,1.1920928955078125e-07
strength_lateral_HX_-2,T1-P044,N552,interior_applied_load,,96.125,69.75,147.143,-1.1920928955078125e-07,-4.553279846906662,1.1920928955078125e-07,5.364418029785156e-07,0.0,1.1920928955078125e-07
strength_lateral_HX_-2,T1-P045,N238,interior_applied_load,,96.125,69.75,150.143,0.0,-19.418097287416458,4.76837158203125e-07,1.1920928955078125e-07,0.0,5.960464477539062e-07
strength_lateral_HX_-2,T1-P046,N346,interior_applied_load,,96.125,69.75,152.643,2.384185791015625e-07,-3.271125018596649,-3.5762786865234375e-07,0.0,0.0,0.0
strength_lateral_HX_-2,T1-P047,N347,interior_applied_load,,96.125,69.75,172.143,2.9944989628177114e-13,-6.542250039381693,3.5933019000526376e-13,2.2345665112975805e-12,-3.991104998352442e-15,-2.508929011205786e-13
strength_lateral_HX_-2,T1-P048,N348,interior_applied_load,,96.125,69.75,191.643,6.731681512217591e-08,-3.271125001349514,-9.424754132680846e-08,-2.689644240660982e-07,4.650229337692252e-11,-9.400514255908377e-08
strength_lateral_HX_-2,T1-P049,N571,interior_applied_load,,96.125,69.75,193.643,-5.341279837997825e-07,-10.758229193273584,2.484474112069854e-07,-3.357081444316896e-07,1.4904426639713453e-10,2.5968074760922574e-08
strength_lateral_HX_-2,T1-P050,N258,interior_applied_load,,102.781,69.75,116.0,6.012567178777824e-11,-299.18185881632945,4.353085581861468e-12,2.3579340278070816e-14,-1.4188588271001394e-11,4.897861573260059e-09
strength_lateral_HX_-2,T1-P051,N259,interior_applied_load,,110.361,69.75,116.0,5.71251362363036e-10,-7.708593674002112,-1.541731836470062e-09,-3.2944640092666374e-15,7.223802507018458e-10,-3.058858134525252e-08
strength_lateral_HX_-2,T1-P052,N239,interior_applied_load,,110.361,69.75,150.143,-7.153321258138952e-11,-16.13734375000359,-5.525892787510817e-13,-1.189754174126213e-11,-2.2499003128004997e-12,1.4854537787144574e-11
strength_lateral_HX_-2,T1-P053,N572,interior_applied_load,,110.361,69.75,193.643,2.4259171059422686e-11,-16.137343749995463,8.923182665006462e-12,-5.2431269230355364e-14,3.998606709785292e-11,2.7770091878903353e-10
strength_lateral_HX_-2,T1-P054,N260,interior_applied_load,,112.125,69.75,116.0,-3.286982580178119e-10,-9.163802061139103,3.877932303430632e-10,1.9474406496510237e-14,1.0427061739885488e-09,-3.4497372762735574e-08
strength_lateral_HX_-2,T1-P055,N360,interior_applied_load,,117.479,69.75,164.643,-1.4551915228366852e-11,-8.659868109411036,-8.526512829121202e-13,1.8189894035458565e-12,-1.3642420526593924e-12,-4.729372449219227e-11
strength_lateral_HX_-2,T1-P056,N261,interior_applied_load,,121.469,69.75,116.0,-2.3433168705271474e-11,-309.47144223176616,1.7787172039070868e-11,1.221123997902467e-14,9.479857265682748e-11,2.124082026219171e-09
strength_lateral_HX_-2,T1-P057,N262,interior_applied_load,,138.833,69.75,116.0,-2.5132596478382443e-10,-15.417187440362738,6.739782048081212e-11,8.773732518553604e-14,6.644352112491597e-11,1.6451362876646072e-08
strength_lateral_HX_-2,T1-P058,N240,interior_applied_load,,138.833,69.75,150.143,6.876965074779304e-12,-18.826901041693837,4.640637840837863e-12,2.0693146025745262e-13,-8.860902296654892e-11,-4.0143163816029985e-10
strength_lateral_HX_-2,T1-P059,N361,interior_applied_load,,138.833,69.75,179.143,2.705402314427053e-11,-8.659868109393637,2.653972896780372e-13,-1.3116767592294787e-11,3.199843967458664e-11,4.171016531187301e-12
strength_lateral_HX_-2,T1-P060,N573,interior_applied_load,,138.833,69.75,193.643,-4.493823569019604e-12,-18.82690104166261,1.59900131923402e-15,-1.2909981446202161e-11,-5.0102023513482044e-11,-2.2165215211275496e-11
strength_lateral_HX_-2,T1-P061,N263,interior_applied_load,,140.156,69.75,116.0,5.362563489267933e-10,-303.9456611422788,1.1493821654230032e-10,1.069666236140019e-14,4.1804917422478235e-11,-2.472728698038289e-08
strength_lateral_HX_-2,T1-P062,N264,interior_applied_load,,158.844,69.75,116.0,5.027510519629737e-11,-303.9628485495287,-3.445204846738853e-10,4.328125050685528e-14,4.859961759874128e-10,-1.4810901525454397e-08
strength_lateral_HX_-2,T1-P063,N265,interior_applied_load,,160.188,69.75,116.0,2.9802322387695312e-08,-6.980989694595337,9.499490261077881e-08,1.0058283805847168e-07,-1.7462298274040222e-10,-1.1920928955078125e-07
strength_lateral_HX_-2,T1-P064,N553,interior_applied_load,,160.188,69.75,120.0,-8.940696716308594e-08,-4.553279861807823,4.6566128730773926e-08,-1.1548399925231934e-07,0.0,-5.960464477539062e-07
strength_lateral_HX_-2,T1-P065,N554,interior_applied_load,,160.188,69.75,147.143,1.1920928955078125e-07,-4.553279846906662,0.0,-1.1920928955078125e-07,5.820766091346741e-11,-1.1920928955078125e-07
strength_lateral_HX_-2,T1-P066,N241,interior_applied_load,,160.188,69.75,150.143,-2.384185791015625e-07,-10.758229166269302,-1.1920928955078125e-07,-1.1920928955078125e-07,1.1641532182693481e-10,-5.960464477539063e-08
strength_lateral_HX_-2,T1-P067,N349,interior_applied_load,,160.188,69.75,152.643,0.0,-3.271125018596649,5.960464477539063e-08,-1.1920928955078125e-07,0.0,0.0
strength_lateral_HX_-2,T1-P068,N350,interior_applied_load,,160.188,69.75,172.143,-9.525100332512679e-14,-6.542250039401332,-2.6384242620834593e-14,7.412667704007915e-12,-8.83813515289392e-15,2.316139961922178e-12
strength_lateral_HX_-2,T1-P069,N351,interior_applied_load,,160.188,69.75,191.643,8.897970967813862e-07,-3.2711250219240817,2.1169627495432053e-08,-1.7339319335896164e-07,-4.34742634638729e-11,-3.665762380311577e-07
strength_lateral_HX_-2,T1-P070,N362,interior_applied_load,,160.188,69.75,193.643,-5.86130695457605e-08,-19.37195248083614,2.3144840906702664e-07,3.267843252176077e-09,2.353741520902545e-11,1.9404425785530054e-07
strength_lateral_HX_-2,T1-P071,N266,interior_applied_load,,167.306,69.75,116.0,-6.7029391269603046e-12,-14.308593786714848,-1.5921947659188413e-11,2.7122770753412546e-15,1.0851707945205086e-10,4.472189242264628e-10
strength_lateral_HX_-2,T1-P072,N242,interior_applied_load,,167.306,69.75,150.143,9.289843851781094e-12,-13.447786458346936,2.5255291163297093e-12,7.660768302717305e-14,4.3689321967251166e-11,-2.1534708570348683e-11
strength_lateral_HX_-2,T1-P073,N574,interior_applied_load,,167.306,69.75,193.643,-1.2627412857763701e-11,-13.447786458320708,-1.9704797135343037e-11,-4.400128531518993e-13,-3.804106106620104e-11,1.775764996057829e-11
strength_lateral_HX_-2,T1-P074,N267,interior_applied_load,,177.531,69.75,116.0,-6.178110752388378e-11,-310.9266504824972,6.758434015459654e-14,1.2531164239246452e-14,3.598301458004998e-12,-2.625597186764793e-10
strength_lateral_HX_-2,T1-P075,N363,interior_applied_load,,181.208,69.75,179.143,7.903857913633183e-13,-8.567578545963384,-1.2776549617185937e-13,-3.3783616625092895e-12,-6.09577302812354e-12,1.7372210115812223e-11
strength_lateral_HX_-2,T1-P076,N268,interior_applied_load,,195.778,69.75,116.0,-1.2710897112362418e-09,-15.417188764048927,1.680050170080685e-08,-3.666502243047439e-14,-1.9681196737146303e-09,-1.7527028282808315e-07
strength_lateral_HX_-2,T1-P077,N243,interior_applied_load,,195.778,69.75,150.143,6.584297018521056e-12,-21.13860833569457,3.803067993228978e-14,-1.1842385944276052e-13,9.608177740476684e-13,3.3168277459182567e-12
strength_lateral_HX_-2,T1-P078,N575,interior_applied_load,,195.778,69.75,193.643,-2.6067362995335755e-11,-21.138608335697693,-2.3296408269753576e-12,1.4423080059760734e-13,-1.0594104086693626e-10,3.1306827323784474e-10
strength_lateral_HX_-2,T1-P079,N269,interior_applied_load,,196.219,69.75,116.0,4.3708650418575766e-10,-554.7254888714712,-1.5271331565393994e-08,-1.766969637231699e-13,5.71017923427832e-10,-1.9932619172028373e-07
strength_lateral_HX_-2,T1-P080,N364,interior_applied_load,,202.229,69.75,164.643,-6.821210263296962e-12,-8.567578545953438,8.526512829121202e-14,-4.547473508864641e-13,0.0,1.8189894035458565e-12
strength_lateral_HX_-2,T1-P081,N270,interior_applied_load,,214.906,69.75,116.0,-6.276169358822004e-11,-562.0702821751939,2.0119570671607513e-12,1.865847424723803e-14,-4.583215417291539e-12,1.8439653082826247e-10
strength_lateral_HX_-2,T1-P082,N244,interior_applied_load,,223.25,69.75,150.143,2.384185791015625e-07,-15.042018428444862,5.960464477539063e-08,1.1920928955078125e-07,-6.984919309616089e-10,-1.1920928955078125e-07
strength_lateral_HX_-2,T1-P083,N352,interior_applied_load,,223.25,69.75,152.643,-3.5762786865234375e-07,-3.2711250334978104,-1.1920928955078125e-07,-2.384185791015625e-07,0.0,-2.384185791015625e-07
strength_lateral_HX_-2,T1-P084,N353,interior_applied_load,,223.25,69.75,172.143,2.3726916910458e-14,-6.542250039414153,2.884591328171415e-14,-2.9117970341902816e-12,8.733615455558505e-16,-1.613252589802016e-13
strength_lateral_HX_-2,T1-P085,N354,interior_applied_load,,223.25,69.75,191.643,-8.461120531988442e-08,-3.2711250265962404,-2.037459241460704e-07,-1.0168212169481272e-07,1.275361185453287e-11,1.1083951545476367e-07
strength_lateral_HX_-2,T1-P086,N576,interior_applied_load,,223.25,69.75,193.643,-2.7704754385071695e-07,-10.758229191317819,2.8578652321833964e-07,-9.966282428285057e-08,4.571025472287181e-09,-4.241603526916376e-08
strength_lateral_HX_-2,T1-P087,N271,interior_applied_load,,224.25,69.75,116.0,8.289872677202936e-09,-7.708593824860919,2.1947733175520688e-08,7.422394229969764e-08,-7.432440464511526e-10,-7.653628616234166e-08
strength_lateral_HX_-2,T1-P088,N161,interface_action,T-E; T-E vertical 3,224.25,69.75,120.0,494.6948388055898,1068.0397647658829,-16.607672527228715,66.96605510833615,-1931.2239749728587,-9796.658655381994
strength_lateral_HX_-2,T1-P089,N426,interface_action,T-E; T-E vertical 3,224.25,69.75,121.5,-93.42385394289158,-208.6581323912833,3.8156313742802013,175.3932491697051,-55.438226181324126,1511.3960910835303
strength_lateral_HX_-2,T1-P090,N427,interface_action,T-E vertical 3,224.25,69.75,144.689,-2.321765608943773e-11,-3.8305158104609083,-2.3213704135633977e-12,3.3706187143090997e-11,-2.9238237722480714e-14,-2.4510893305089833e-11
strength_lateral_HX_-2,T1-P091,N555,interface_action,T-E vertical 3,224.25,69.75,147.143,-580.540217101574,-621.3637457191944,23.671256095170975,481.0953640937805,-353.8106513809762,-5494.90647816658
strength_lateral_HX_-2,T1-P092,N245,interface_action,T-E vertical 3,224.25,69.75,150.143,-178.92030084133148,1997.2512833923101,-23.756091445684433,-520.2207725048065,192.01306518682395,3712.7912266254425
strength_lateral_HX_-2,T1-P093,N466,interface_action,T-E diagonal 11; T-E diagonal 12; T-E top / segment 1; T-E vertical 3,224.25,69.75,193.643,450.7998413971931,811.2022170548983,-4.11388823297114,6.985161548838105,-70.6949427373549,-3815.0596794526177
lateral_HZ,T1-P001,N246,interface_action,T-W / B-WO; T-W vertical 3,-32.0,69.75,116.0,-59.10240316390991,-82.05809576809406,-2.9848455749452114,404.41871595941484,1345.8884748562705,231.40634107589722
lateral_HZ,T1-P002,N370,interface_action,T-W / B-WO; T-W vertical 3,-32.0,69.75,117.5,20.882107377052307,-127.77466262876987,9.909094205126166,385.39973621070385,34.38334921124624,-383.6804261803627
lateral_HZ,T1-P003,N547,interface_action,T-W vertical 3,-32.0,69.75,120.0,-20.8821072792456,124.16347944557039,-9.909094229591876,-360.6270004306981,-34.383349211189,331.4751577418886
lateral_HZ,T1-P004,N371,interface_action,T-W vertical 3,-32.0,69.75,142.022,-1.2360413708658873e-13,-2.281627019050572,8.150590271415805e-13,3.488210462912753e-12,9.443980595711058e-15,2.582682019409221e-13
lateral_HZ,T1-P005,N548,interface_action,T-W vertical 3,-32.0,69.75,147.143,20.88210728392005,-133.93267929553986,9.909094333648682,91.66445565223694,34.38334921118803,235.32788028009236
lateral_HZ,T1-P006,N231,interface_action,T-W vertical 3,-32.0,69.75,150.143,-10.161774035543203,362.93280240148306,-9.894986182451248,-113.40989530086517,-29.330248802929418,119.40344090014696
lateral_HZ,T1-P007,N401,interface_action,T-W diagonal 10; T-W diagonal 9; T-W top / segment 1; T-W vertical 3,-32.0,69.75,193.643,5.368124568375364,248.5946297295373,-6.394438874377034,388.7662099550381,-272.5804910597494,-498.92513889425766
lateral_HZ,T1-P008,N232,interior_applied_load,,-31.0,69.75,150.143,2.7852365747094154e-08,-12.53501536038857,6.181301159813302e-08,-4.109529072593432e-08,-5.4285465012071654e-09,-4.7351932153105736e-08
lateral_HZ,T1-P009,N340,interior_applied_load,,-31.0,69.75,152.643,-1.1320069703928693e-08,-2.725937524683689,-2.994098589755942e-08,1.0358539717636888e-07,1.041354279194051e-12,3.030798608224063e-10
lateral_HZ,T1-P010,N341,interior_applied_load,,-31.0,69.75,172.143,-7.217115115922156e-15,-5.4518750328318,-5.825265031901479e-14,2.55005419696882e-13,-4.94934843521129e-16,-2.6277732213616883e-13
lateral_HZ,T1-P011,N342,interior_applied_load,,-31.0,69.75,191.643,0.0,-2.7259375229477882,-2.384185791015625e-07,0.0,0.0,-2.9802322387695312e-08
lateral_HZ,T1-P012,N566,interior_applied_load,,-31.0,69.75,193.643,5.960464477539063e-08,-8.965190961956978,0.0,0.0,6.984919309616089e-10,0.0
lateral_HZ,T1-P013,N355,interior_applied_load,,-9.979,69.75,164.643,3.637978807091713e-12,-7.139648788299382,-2.842170943040401e-14,0.0,-6.821210263296962e-13,-1.8189894035458565e-12
lateral_HZ,T1-P014,N247,interior_applied_load,,-3.528,69.75,116.0,9.702264834163381e-12,-28.42382805197556,1.8457382094998021e-13,-8.363939799417031e-15,-8.041898355749564e-14,1.7544442936598615e-10
lateral_HZ,T1-P015,N233,interior_applied_load,,-3.528,69.75,150.143,6.871217019946058e-14,-17.615506946412346,1.3664314007831546e-13,-5.310287446096881e-14,-4.676572161274017e-13,-3.3620916872802467e-12
lateral_HZ,T1-P016,N567,interior_applied_load,,-3.528,69.75,193.643,1.3361117110830209e-12,-17.61550694641307,4.964831205318092e-13,-5.883717419429889e-14,1.3533456794510862e-12,6.831102020353494e-12
lateral_HZ,T1-P017,N248,interior_applied_load,,9.344,69.75,116.0,-1.3199660752876097e-11,-19.57465277776833,4.802732870037854e-13,8.387587637002037e-15,-2.8303338299329872e-12,-4.954016884567108e-10
lateral_HZ,T1-P018,N356,interior_applied_load,,11.042,69.75,179.143,-8.010791566453579e-12,-7.139648788294986,3.5009071577317753e-14,2.014630180870071e-12,-1.9166843672764034e-12,-1.1795979386501942e-11
lateral_HZ,T1-P019,N249,interior_applied_load,,24.944,69.75,116.0,-1.470668912782041e-11,-12.84765637874058,3.744983361087165e-11,2.5692045130992404e-15,-3.317330805823266e-12,7.557406401759509e-10
lateral_HZ,T1-P020,N234,interior_applied_load,,24.944,69.75,150.143,-4.0375403781539096e-13,-11.206488715269776,2.0484471679316058e-11,5.423073493261786e-14,-1.960755436643021e-11,3.884005196304114e-12
lateral_HZ,T1-P021,N568,interior_applied_load,,24.944,69.75,193.643,6.475770025642067e-12,-11.206488715309737,4.4773068843349297e-11,-1.7414269819239614e-13,7.810508923357254e-11,1.7503852232348748e-12
lateral_HZ,T1-P022,N250,interior_applied_load,,28.031,69.75,116.0,1.0004990930886672e-11,-4.893663191052165,9.319205318876764e-11,1.4572230282405222e-14,5.895494536211553e-11,-1.9630916785880616e-09
lateral_HZ,T1-P023,N251,interior_applied_load,,32.062,69.75,116.0,-7.450580596923828e-09,-12.847656201571226,-3.725290298461914e-09,-7.450580596923828e-09,4.0745362639427185e-10,-7.450580596923828e-09
lateral_HZ,T1-P024,N549,interior_applied_load,,32.062,69.75,120.0,-3.725290298461914e-09,-3.7943998761475086,0.0,7.450580596923828e-09,-1.1641532182693481e-10,-7.450580596923828e-09
lateral_HZ,T1-P025,N550,interior_applied_load,,32.062,69.75,147.143,-6.612390279769897e-08,-3.7943998724222183,8.940696716308594e-08,1.1920928955078125e-07,-5.820766091346741e-11,8.381903171539307e-08
lateral_HZ,T1-P026,N235,interior_applied_load,,32.062,69.75,150.143,-1.3131648302078247e-07,-8.965190976858139,2.086162567138672e-07,1.7881393432617188e-07,-5.820766091346741e-11,3.3248215913772583e-07
lateral_HZ,T1-P027,N343,interior_applied_load,,32.062,69.75,152.643,2.2130779342433016e-07,-2.7259375136062753,-3.166401540966035e-08,4.217793048155727e-08,6.086509074521018e-11,2.6636442385097325e-07
lateral_HZ,T1-P028,N344,interior_applied_load,,32.062,69.75,172.143,0.0,-5.451875032827957,1.1368683772161603e-13,-9.094947017729282e-13,0.0,5.684341886080802e-14
lateral_HZ,T1-P029,N345,interior_applied_load,,32.062,69.75,191.643,-3.733524067683902e-08,-2.7259375225330587,7.97126631368883e-09,3.558852768037468e-08,-5.650952504742852e-12,4.5550109462055843e-08
lateral_HZ,T1-P030,N357,interior_applied_load,,32.062,69.75,193.643,5.505521954582369e-08,-16.14329373966892,-6.865831618964237e-08,-5.3289017763272066e-08,-2.8028512391528087e-11,3.5905366950095462e-09
lateral_HZ,T1-P031,N252,interior_applied_load,,46.719,69.75,116.0,1.0332119185309114e-11,-14.68098958381187,-1.8388750682368203e-11,5.602527985732236e-15,1.7144376870641672e-10,-7.418502419455252e-11
lateral_HZ,T1-P032,N253,interior_applied_load,,53.417,69.75,116.0,-3.0523586400143455e-11,-12.847656202353033,4.776291416009789e-11,-2.3343174693850436e-15,2.9142401403096475e-10,-3.640754997418482e-09
lateral_HZ,T1-P033,N236,interior_applied_load,,53.417,69.75,150.143,7.063258011655082e-14,-15.689084201391404,-1.025246884057591e-12,-2.1125273302148162e-13,-2.8529195616338874e-11,8.98994540672498e-11
lateral_HZ,T1-P034,N358,interior_applied_load,,53.417,69.75,179.143,5.721810927532297e-12,-7.21655675784485,2.491541321974445e-13,-1.0478428342190122e-11,3.6896706262158476e-12,6.852289849271182e-13
lateral_HZ,T1-P035,N569,interior_applied_load,,53.417,69.75,193.643,1.7618027793778453e-12,-15.68908420138872,-2.6286391489012337e-13,-1.370423860566813e-13,-2.265240156152559e-12,-9.530381091114798e-12
lateral_HZ,T1-P036,N254,interior_applied_load,,65.406,69.75,116.0,1.905222392850424e-13,-19.574652777843493,2.0325571403370217e-11,-4.332948103767011e-15,-4.0398126741917434e-11,7.533990362328131e-10
lateral_HZ,T1-P037,N359,interior_applied_load,,74.771,69.75,164.643,0.0,-7.216556757843136,5.684341886080802e-14,-2.5011104298755527e-12,1.3642420526593924e-12,5.002220859751105e-12
lateral_HZ,T1-P038,N255,interior_applied_load,,81.889,69.75,116.0,3.6312864155305565e-11,-12.8476561998202,4.4058066243315775e-10,1.9208512306709736e-14,8.098559412771241e-10,5.230408970260372e-09
lateral_HZ,T1-P039,N237,interior_applied_load,,81.889,69.75,150.143,1.7553613369087126e-14,-13.447786458334775,-6.328199870101032e-13,2.1119063410064594e-13,1.287000766526992e-11,3.688509717774426e-11
lateral_HZ,T1-P040,N570,interior_applied_load,,81.889,69.75,193.643,2.9359108327633153e-12,-13.447786458327172,-4.533386550220289e-12,-1.3037619486524517e-13,1.2170349328922047e-10,1.3288964141661247e-10
lateral_HZ,T1-P041,N256,interior_applied_load,,84.094,69.75,116.0,-4.54591514371739e-11,-9.78732639415649,-3.427221832895732e-11,-3.1273129612783753e-15,-4.823704312338127e-10,3.954436808876162e-09
lateral_HZ,T1-P042,N257,interior_applied_load,,96.125,69.75,116.0,-2.9802322387695312e-08,-12.84765638411045,0.0,5.960464477539063e-08,-1.1641532182693481e-10,-8.940696716308594e-08
lateral_HZ,T1-P043,N551,interior_applied_load,,96.125,69.75,120.0,2.9802322387695312e-08,-3.7943998761475086,-2.9802322387695312e-08,2.9802322387695312e-08,-1.1641532182693481e-10,2.2351741790771484e-08
lateral_HZ,T1-P044,N552,interior_applied_load,,96.125,69.75,147.143,-4.6100467443466187e-08,-3.7943998761475086,-5.960464477539063e-08,1.7881393432617188e-07,0.0,5.820766091346741e-08
lateral_HZ,T1-P045,N238,interior_applied_load,,96.125,69.75,150.143,1.862645149230957e-08,-16.18174772709608,1.1920928955078125e-07,-4.76837158203125e-07,-1.1641532182693481e-10,-5.587935447692871e-08
lateral_HZ,T1-P046,N346,interior_applied_load,,96.125,69.75,152.643,2.0489096641540527e-08,-2.7259375154972076,1.1920928955078125e-07,0.0,5.820766091346741e-11,-2.9802322387695312e-08
lateral_HZ,T1-P047,N347,interior_applied_load,,96.125,69.75,172.143,8.92759573578079e-15,-5.451875032840189,-8.00608493964792e-14,-1.6925612660839661e-12,4.776373598835202e-15,8.337975313966513e-14
lateral_HZ,T1-P048,N348,interior_applied_load,,96.125,69.75,191.643,6.295963935615267e-08,-2.7259375207437797,2.0219119534203855e-07,1.0530224869853555e-07,-1.364912936297446e-12,1.3906261572826928e-08
lateral_HZ,T1-P049,N571,interior_applied_load,,96.125,69.75,193.643,-3.2307810443859445e-08,-8.965190970459975,-4.4838756794003474e-08,1.70539199597659e-07,-6.235264546796343e-11,-2.444529757927933e-08
lateral_HZ,T1-P050,N258,interior_applied_load,,102.781,69.75,116.0,7.474997455595582e-12,-9.78732638906993,1.8622564333562847e-11,1.5603940502917509e-15,7.086495460992858e-11,3.7119788615840426e-10
lateral_HZ,T1-P051,N259,interior_applied_load,,110.361,69.75,116.0,-2.8829630015889802e-11,-6.4238280153996925,-3.4005398757693746e-09,-1.51712711805203e-14,-1.450088910202592e-09,3.457112464798962e-10
lateral_HZ,T1-P052,N239,interior_applied_load,,110.361,69.75,150.143,1.724347554270715e-11,-13.447786458333958,3.048552768255283e-14,-1.1095898015388244e-11,2.390171012048903e-12,-1.963701715308008e-12
lateral_HZ,T1-P053,N572,interior_applied_load,,110.361,69.75,193.643,8.217511013481745e-12,-13.447786458332308,-3.50812485929457e-12,-7.105691131496364e-14,-7.850744005505536e-11,1.101596894699552e-10
lateral_HZ,T1-P054,N260,interior_applied_load,,112.125,69.75,116.0,-2.4736995119160056e-12,-7.636501731908077,-1.6013633375183586e-09,9.025464064932984e-15,3.0834438447288855e-10,-3.0767024899508296e-09
lateral_HZ,T1-P055,N360,interior_applied_load,,117.479,69.75,164.643,-7.275957614183426e-12,-7.2165567578413174,-1.7053025658242404e-13,-4.092726157978177e-12,1.0459189070388675e-11,-1.000444171950221e-11
lateral_HZ,T1-P056,N261,interior_applied_load,,121.469,69.75,116.0,1.557710072924841e-11,-18.36197923553995,-2.201666381233652e-11,-2.3703726984031852e-15,4.547887581329548e-12,2.1589698761179077e-09
lateral_HZ,T1-P057,N262,interior_applied_load,,138.833,69.75,116.0,-5.17271532165065e-11,-12.847656199786032,4.782567415197671e-09,4.777397667382963e-15,4.19100228229227e-11,1.5375606910333068e-08
lateral_HZ,T1-P058,N240,interior_applied_load,,138.833,69.75,150.143,-4.740218986793378e-14,-15.689084201394719,7.501857259826603e-12,4.4305888081950933e-14,-1.6585605608996908e-10,-1.296775581635445e-10
lateral_HZ,T1-P059,N361,interior_applied_load,,138.833,69.75,179.143,-1.1094953509084899e-12,-7.2165567578416265,-2.8909232013085536e-14,-1.4396116088492369e-11,2.974756662616827e-11,-9.05880796862306e-13
lateral_HZ,T1-P060,N573,interior_applied_load,,138.833,69.75,193.643,-8.656416653301045e-12,-15.68908420138866,-3.5607204947166553e-12,-1.4528110550184006e-11,-3.84555275454673e-11,3.885963760431761e-12
lateral_HZ,T1-P061,N263,interior_applied_load,,140.156,69.75,116.0,7.700734546055606e-11,-13.757161569667112,-1.5474696998398888e-09,-3.973486628974546e-15,2.8633554389722677e-10,-2.0179556461438877e-08
lateral_HZ,T1-P062,N264,interior_applied_load,,158.844,69.75,116.0,6.966476496986723e-11,-13.771484474595939,6.201306389849665e-09,2.1906661880384718e-15,-6.162588149379453e-09,-1.8687907999229778e-08
lateral_HZ,T1-P063,N265,interior_applied_load,,160.188,69.75,116.0,-1.862645149230957e-08,-5.817491268739104,3.2782554626464844e-07,2.980232238769531e-07,-9.313225746154785e-10,-1.4901161193847656e-08
lateral_HZ,T1-P064,N553,interior_applied_load,,160.188,69.75,120.0,-2.9802322387695312e-08,-3.7943998761475086,-8.940696716308594e-08,2.384185791015625e-07,-5.820766091346741e-11,-1.4901161193847656e-07
lateral_HZ,T1-P065,N554,interior_applied_load,,160.188,69.75,147.143,9.313225746154785e-10,-3.7943998761475086,5.960464477539063e-08,0.0,-2.9103830456733704e-11,-1.862645149230957e-09
lateral_HZ,T1-P066,N241,interior_applied_load,,160.188,69.75,150.143,0.0,-8.965190976858139,-2.384185791015625e-07,0.0,-1.1641532182693481e-10,1.862645149230957e-09
lateral_HZ,T1-P067,N349,interior_applied_load,,160.188,69.75,152.643,4.656612873077393e-10,-2.7259375154972076,-1.1920928955078125e-07,0.0,0.0,-4.656612873077393e-10
lateral_HZ,T1-P068,N350,interior_applied_load,,160.188,69.75,172.143,1.5148301125304392e-14,-5.45187503284482,2.014546346439245e-13,4.868608293569485e-12,1.2205313199195037e-15,2.830286274061592e-13
lateral_HZ,T1-P069,N351,interior_applied_load,,160.188,69.75,191.643,1.1577629727838046e-07,-2.7259375171419498,8.530675343204619e-09,-1.0886555978223411e-07,3.365959331107335e-11,-2.4098811432504696e-08
lateral_HZ,T1-P070,N362,interior_applied_load,,160.188,69.75,193.643,3.248270935759962e-08,-16.143293741261868,9.418808554383161e-08,-1.1425887997418973e-07,1.4588783235798223e-10,1.1676346284048068e-08
lateral_HZ,T1-P071,N266,interior_applied_load,,167.306,69.75,116.0,-1.4395006222651513e-11,-11.923828155353638,3.073857664091785e-10,5.573965997688133e-16,2.2159647674965474e-10,1.103938414042137e-09
lateral_HZ,T1-P072,N242,interior_applied_load,,167.306,69.75,150.143,4.698538770564864e-14,-11.206488715261136,-1.1912238459830625e-11,4.344074920325535e-14,-1.1760592624371902e-13,-3.811343761905246e-11
lateral_HZ,T1-P073,N574,interior_applied_load,,167.306,69.75,193.643,2.610404913108647e-12,-11.206488715276429,1.1387371710978921e-11,-6.510050019772909e-14,2.5501219488936742e-11,-1.1769732979951432e-11
lateral_HZ,T1-P074,N267,interior_applied_load,,177.531,69.75,116.0,1.2346184264479636e-11,-19.57465277778307,1.5934629657978375e-12,3.9443051719858753e-16,4.392098458772641e-11,-3.772371089674022e-11
lateral_HZ,T1-P075,N363,interior_applied_load,,181.208,69.75,179.143,-2.3339820860924873e-12,-7.139648788297006,3.717316489015624e-15,-9.912311839762044e-13,-5.078715248515188e-12,-5.850746712080984e-13
lateral_HZ,T1-P076,N268,interior_applied_load,,195.778,69.75,116.0,4.393280385822384e-11,-12.847656378484887,7.257418082571681e-09,-7.88209407715862e-15,-1.1385848285204483e-08,-1.2676729602786351e-08
lateral_HZ,T1-P077,N243,interior_applied_load,,195.778,69.75,150.143,-6.139429025940935e-16,-17.615506946412484,1.5290238247447254e-13,-1.1456175615300554e-14,2.5429847568249623e-12,5.276156664672544e-13
lateral_HZ,T1-P078,N575,interior_applied_load,,195.778,69.75,193.643,-4.398735731755814e-12,-17.615506946413333,-1.5805969303665852e-12,1.712904382222992e-14,-1.7404901708605938e-10,9.208219807439544e-11
lateral_HZ,T1-P079,N269,interior_applied_load,,196.219,69.75,116.0,2.853751979279361e-11,-13.150824569407352,-2.0434593429332602e-07,-5.257638304215734e-15,1.815631763333707e-08,-3.975504088378831e-10
lateral_HZ,T1-P080,N364,interior_applied_load,,202.229,69.75,164.643,-4.547473508864641e-13,-7.139648788297563,1.1368683772161603e-13,1.3642420526593924e-12,1.8189894035458565e-12,3.410605131648481e-13
lateral_HZ,T1-P081,N270,interior_applied_load,,214.906,69.75,116.0,-1.0395634308667351e-11,-19.27148439216225,5.891498971716348e-11,-1.4863157168849706e-15,-2.2808280207076484e-10,7.80087412716979e-11
lateral_HZ,T1-P082,N244,interior_applied_load,,223.25,69.75,150.143,-1.862645149230957e-09,-12.535015368834138,-1.1920928955078125e-07,0.0,-1.979060471057892e-09,3.725290298461914e-09
lateral_HZ,T1-P083,N352,interior_applied_load,,223.25,69.75,152.643,-5.587935447692871e-09,-2.725937517359853,-2.384185791015625e-07,1.1920928955078125e-07,-2.9103830456733704e-11,-1.4901161193847656e-08
lateral_HZ,T1-P084,N353,interior_applied_load,,223.25,69.75,172.143,-2.3554545523037967e-14,-5.451875032839884,5.007943142408701e-14,7.852752664540293e-13,-1.4137439837234377e-15,-2.324251810495002e-13
lateral_HZ,T1-P085,N354,interior_applied_load,,223.25,69.75,191.643,4.656506757960699e-08,-2.7259375161336017,-6.224498287459024e-09,5.141924809375087e-08,1.4386160538630903e-11,1.955848150103634e-08
lateral_HZ,T1-P086,N576,interior_applied_load,,223.25,69.75,193.643,-8.381797056422613e-08,-8.965190971914575,-5.446521631317142e-08,-6.312536116096406e-08,6.472471595753709e-10,-5.2630459562975346e-08
lateral_HZ,T1-P087,N271,interior_applied_load,,224.25,69.75,116.0,1.1962578372326504e-08,-6.423828189921467,-3.6780217817470883e-09,-5.098084622544301e-09,4.4977854991513915e-10,2.488940831472776e-08
lateral_HZ,T1-P088,N161,interface_action,T-E; T-E vertical 3,224.25,69.75,120.0,85.06614693833399,95.04578989202855,10.738243748666719,-45.64484408847056,1247.3171743761156,-2157.570635556127
lateral_HZ,T1-P089,N426,interface_action,T-E; T-E vertical 3,224.25,69.75,121.5,-8.589649388246471,-45.703501628144295,-2.191170232137665,-100.74920841353014,10.718454174961607,138.33199973468436
lateral_HZ,T1-P090,N427,interface_action,T-E vertical 3,224.25,69.75,144.689,1.4067274508005825e-12,-3.1920965087224746,-6.919711490535818e-12,7.933829084041134e-11,3.3627240070652146e-14,-5.924208303518348e-13
lateral_HZ,T1-P091,N555,interface_action,T-E vertical 3,224.25,69.75,147.143,-53.37648480385542,-145.28023632988334,-13.593491315841675,-276.44587528705597,68.40592700490379,-509.13165529072285
lateral_HZ,T1-P092,N245,interface_action,T-E vertical 3,224.25,69.75,150.143,22.880650306120515,437.2306511364877,13.94866394996643,201.87119662761688,16.35634838131955,-158.73058393225074
lateral_HZ,T1-P093,N466,interface_action,T-E diagonal 11; T-E diagonal 12; T-E top / segment 1; T-E vertical 3,224.25,69.75,193.643,-2.96671804041558,89.9344018360136,0.4629309513455848,-144.49371319671656,-21.33243875442535,90.77926282549979
strength_lateral_HZ_1,T1-P001,N246,interface_action,T-W / B-WO; T-W vertical 3,-32.0,69.75,116.0,-230.52947854995728,-33.030469834804535,-8.707695960998535,808.3462606072426,3072.2305890591815,1039.4901747703552
strength_lateral_HZ_1,T1-P002,N370,interface_action,T-W / B-WO; T-W vertical 3,-32.0,69.75,117.5,160.90286302566528,-270.9547136425972,20.069658637046814,770.2845453619957,76.2862922179047,-2890.1053166389465
strength_lateral_HZ_1,T1-P003,N547,interface_action,T-W vertical 3,-32.0,69.75,120.0,-160.9028641079491,266.62129378406325,-20.06965826456398,-720.110399796618,-76.28629221719686,2487.8481549928088
strength_lateral_HZ_1,T1-P004,N371,interface_action,T-W vertical 3,-32.0,69.75,142.022,4.559543155488051e-13,-2.737952422895083,-3.021045016143236e-12,1.2931624738960431e-11,2.9502673072538543e-15,-3.5154502621523415e-13
strength_lateral_HZ_1,T1-P005,N548,interface_action,T-W vertical 3,-32.0,69.75,147.143,160.90286415815353,-278.3443336188793,20.06965833902359,175.35966515541077,76.28629221731535,1879.5382859110832
strength_lateral_HZ_1,T1-P006,N231,interface_action,T-W vertical 3,-32.0,69.75,150.143,5.074741616845131,1249.9684321135283,-19.547462046146393,-219.23019367456436,-45.38721922894183,-259.36796344816685
strength_lateral_HZ_1,T1-P007,N401,interface_action,T-W diagonal 10; T-W diagonal 9; T-W top / segment 1; T-W vertical 3,-32.0,69.75,193.643,-32.69210381464329,1096.1928363181942,-15.375544691340504,772.4787062081041,-287.8911780814965,1821.6590854086062
strength_lateral_HZ_1,T1-P008,N232,interior_applied_load,,-31.0,69.75,150.143,2.7110218070447445e-08,-15.042018417570944,1.0571551456450834e-07,-8.069173418334685e-08,-1.1510110198287293e-08,-2.4268956622108817e-08
strength_lateral_HZ_1,T1-P009,N340,interior_applied_load,,-31.0,69.75,152.643,-2.6146277867678376e-08,-3.271125037524047,1.4312572141553115e-08,4.3024114040623646e-08,8.365141063130036e-13,-3.048381521842854e-08
strength_lateral_HZ_1,T1-P010,N341,interior_applied_load,,-31.0,69.75,172.143,5.657367691896986e-15,-6.542250039412372,-6.479430812157897e-14,-8.304467766274865e-13,-2.904880824037031e-15,-3.811722774836122e-14
strength_lateral_HZ_1,T1-P011,N342,interior_applied_load,,-31.0,69.75,191.643,-5.960464477539063e-08,-3.271125018596649,0.0,9.5367431640625e-07,0.0,-2.9802322387695312e-08
strength_lateral_HZ_1,T1-P012,N566,interior_applied_load,,-31.0,69.75,193.643,0.0,-10.75822913646698,-4.76837158203125e-07,0.0,2.3283064365386963e-10,8.940696716308594e-08
strength_lateral_HZ_1,T1-P013,N355,interior_applied_load,,-9.979,69.75,164.643,0.0,-8.567578545953438,1.1368683772161603e-13,1.3642420526593924e-12,-4.547473508864641e-13,1.8189894035458565e-12
strength_lateral_HZ_1,T1-P014,N247,interior_applied_load,,-3.528,69.75,116.0,7.581692185884462e-12,-34.10859366231528,1.428102062955502e-12,-1.518237746337319e-14,-2.764672644756065e-12,1.583134452199607e-10
strength_lateral_HZ_1,T1-P015,N233,interior_applied_load,,-3.528,69.75,150.143,3.0229464551413517e-12,-21.1386083356956,8.793138279534223e-15,-1.8130271376298175e-13,-2.7902313232605767e-14,3.5591286386661332e-12
strength_lateral_HZ_1,T1-P016,N567,interior_applied_load,,-3.528,69.75,193.643,-1.4587499371814314e-12,-21.13860833569585,7.78441031662653e-13,-1.8982274118832849e-13,1.0181867229792736e-11,-3.0138241141345563e-12
strength_lateral_HZ_1,T1-P017,N248,interior_applied_load,,9.344,69.75,116.0,-4.001117604357036e-11,-310.92665048248654,-4.315555499649976e-13,1.008814065531773e-14,3.1481341821208455e-12,-7.266631554734618e-11
strength_lateral_HZ_1,T1-P018,N356,interior_applied_load,,11.042,69.75,179.143,-1.4005926398956492e-11,-8.56757854595642,-1.2222822646264681e-14,2.1145174156033178e-12,-1.956612030977848e-12,-7.487449608725635e-12
strength_lateral_HZ_1,T1-P019,N249,interior_applied_load,,24.944,69.75,116.0,-1.1148110534662153e-10,-15.417187650699619,4.70544343819517e-12,-2.6626267919716527e-14,-1.045308013071244e-10,-1.2261342621751157e-08
strength_lateral_HZ_1,T1-P020,N234,interior_applied_load,,24.944,69.75,150.143,3.113773300618815e-12,-13.44778645841071,1.7417686899004755e-12,4.0097092889839296e-13,7.402624862605985e-11,-1.3424547887882818e-10
strength_lateral_HZ_1,T1-P021,N568,interior_applied_load,,24.944,69.75,193.643,-1.0246008533333354e-11,-13.44778645846175,-2.4713188904429533e-12,-6.510728451987182e-13,1.6726984194356946e-10,-3.9292508676665697e-10
strength_lateral_HZ_1,T1-P022,N250,interior_applied_load,,28.031,69.75,116.0,7.904713861862816e-12,-293.3094629591635,-5.393033026589209e-11,5.045067696035415e-14,5.926400230482092e-12,4.438035775688357e-09
strength_lateral_HZ_1,T1-P023,N251,interior_applied_load,,32.062,69.75,116.0,-5.960464477539063e-08,-15.417187422513962,0.0,0.0,2.3283064365386963e-10,8.940696716308594e-08
strength_lateral_HZ_1,T1-P024,N549,interior_applied_load,,32.062,69.75,120.0,0.0,-4.553279846906662,9.313225746154785e-10,0.0,-1.1641532182693481e-10,0.0
strength_lateral_HZ_1,T1-P025,N550,interior_applied_load,,32.062,69.75,147.143,1.9371509552001953e-07,-4.553279846906662,1.1920928955078125e-07,1.1920928955078125e-07,0.0,-1.7881393432617188e-07
strength_lateral_HZ_1,T1-P026,N235,interior_applied_load,,32.062,69.75,150.143,-1.043081283569336e-07,-10.758229166269302,-5.960464477539063e-08,4.76837158203125e-07,-1.1641532182693481e-10,-7.152557373046875e-07
strength_lateral_HZ_1,T1-P027,N343,interior_applied_load,,32.062,69.75,152.643,-1.417989246021989e-07,-3.2711250356738324,-1.723053060231905e-07,1.9605363377195317e-07,2.211919536421192e-11,5.449464879347943e-09
strength_lateral_HZ_1,T1-P028,N344,interior_applied_load,,32.062,69.75,172.143,2.842170943040401e-14,-6.542250039419741,-2.2737367544323206e-13,1.8189894035458565e-12,0.0,4.547473508864641e-13
strength_lateral_HZ_1,T1-P029,N345,interior_applied_load,,32.062,69.75,191.643,5.653350854117889e-08,-3.2711250492429826,4.208914106129669e-09,2.3324355424847454e-07,-3.1881955208400577e-11,-3.035279405594338e-08
strength_lateral_HZ_1,T1-P030,N357,interior_applied_load,,32.062,69.75,193.643,3.212686556446883e-08,-19.371952480449178,-2.584822066610422e-07,2.3111893057016426e-08,-1.342560091613279e-11,-4.8284638903684796e-08
strength_lateral_HZ_1,T1-P031,N252,interior_applied_load,,46.719,69.75,116.0,6.411804107048603e-11,-305.05425464778705,-1.743719111479637e-11,1.3687231879138977e-15,1.3848840315842227e-10,7.913111098513229e-09
strength_lateral_HZ_1,T1-P032,N253,interior_applied_load,,53.417,69.75,116.0,-7.893448875472769e-11,-15.417187444468544,4.619503538605865e-11,2.1237691901966944e-14,3.6390630999959617e-10,-1.9308439689981962e-09
strength_lateral_HZ_1,T1-P033,N236,interior_applied_load,,53.417,69.75,150.143,-7.271887326575147e-12,-18.82690104166136,-1.0490502089476369e-12,-2.2028189577717975e-13,4.0322937085412504e-11,2.4634952559681586e-10
strength_lateral_HZ_1,T1-P034,N358,interior_applied_load,,53.417,69.75,179.143,-5.2266890773749536e-12,-8.659868109404973,7.244547255138798e-13,-1.5865149227507042e-12,3.8085400996266736e-11,-1.364412586708289e-11
strength_lateral_HZ_1,T1-P035,N569,interior_applied_load,,53.417,69.75,193.643,-1.53564870820455e-12,-18.826901041665607,-8.213615461445204e-13,-9.484948563501419e-12,-2.600265085603069e-12,-1.0972877868972288e-11
strength_lateral_HZ_1,T1-P036,N254,interior_applied_load,,65.406,69.75,116.0,-4.1391235475004435e-11,-310.9266504826546,-8.968169999889118e-12,-1.5199842587169904e-14,1.5150175347906596e-10,1.3481043148826346e-10
strength_lateral_HZ_1,T1-P037,N359,interior_applied_load,,74.771,69.75,164.643,0.0,-8.659868109396484,3.979039320256561e-13,-9.094947017729282e-13,5.4569682106375694e-12,-7.275957614183426e-12
strength_lateral_HZ_1,T1-P038,N255,interior_applied_load,,81.889,69.75,116.0,-3.4095048573350524e-11,-15.417187440497846,2.3032940839538214e-11,6.766036747716028e-14,1.6991493240612235e-09,1.3492987074304759e-08
strength_lateral_HZ_1,T1-P039,N237,interior_applied_load,,81.889,69.75,150.143,-7.842948855804297e-13,-16.137343749999868,-3.5352463916733554e-13,6.910629366856631e-14,3.20102463368283e-11,-1.1845268512853137e-11
strength_lateral_HZ_1,T1-P040,N570,interior_applied_load,,81.889,69.75,193.643,-1.0722483565451359e-13,-16.137343750004955,-2.1527323857901292e-12,-3.755391795732043e-13,1.04020014524185e-10,4.644626104715253e-12
strength_lateral_HZ_1,T1-P041,N256,interior_applied_load,,84.094,69.75,116.0,4.034531622876291e-11,-299.1818588232686,3.961506632710428e-10,6.177488740253208e-15,7.315425334495997e-10,-1.3897232784620658e-08
strength_lateral_HZ_1,T1-P042,N257,interior_applied_load,,96.125,69.75,116.0,-1.4901161193847656e-08,-15.417187660932541,-1.4901161193847656e-08,5.960464477539063e-08,3.4924596548080444e-10,-4.470348358154297e-07
strength_lateral_HZ_1,T1-P043,N551,interior_applied_load,,96.125,69.75,120.0,1.4901161193847656e-08,-4.553279861807823,-1.4901161193847656e-08,0.0,-1.1641532182693481e-10,-1.1920928955078125e-07
strength_lateral_HZ_1,T1-P044,N552,interior_applied_load,,96.125,69.75,147.143,-2.5331974029541016e-07,-4.553279861807823,5.960464477539063e-08,3.5762786865234375e-07,-1.1641532182693481e-10,2.980232238769531e-07
strength_lateral_HZ_1,T1-P045,N238,interior_applied_load,,96.125,69.75,150.143,-5.960464477539063e-08,-19.418097287416458,0.0,-2.384185791015625e-07,0.0,1.1920928955078125e-07
strength_lateral_HZ_1,T1-P046,N346,interior_applied_load,,96.125,69.75,152.643,2.682209014892578e-07,-3.2711250334978104,-1.1920928955078125e-07,-2.384185791015625e-07,0.0,5.960464477539063e-08
strength_lateral_HZ_1,T1-P047,N347,interior_applied_load,,96.125,69.75,172.143,-1.8125111902871075e-14,-6.54225003941493,-3.134628563422044e-13,-4.56561018186021e-13,1.2199979496538562e-16,-1.7305461021134487e-13
strength_lateral_HZ_1,T1-P048,N348,interior_applied_load,,96.125,69.75,191.643,-7.261465123642452e-09,-3.271125035203429,5.1471483075715696e-08,-2.6184625667724504e-07,-1.758510225811604e-12,-2.9200447060340196e-09
strength_lateral_HZ_1,T1-P049,N571,interior_applied_load,,96.125,69.75,193.643,3.607854304876744e-09,-10.758229179946253,-1.4493264353987841e-08,4.7234561573846137e-07,-1.1767260028280402e-10,-5.987980109792238e-10
strength_lateral_HZ_1,T1-P050,N258,interior_applied_load,,102.781,69.75,116.0,-3.478173711663626e-11,-299.18185881598873,3.32539056175097e-11,2.2580695064699148e-14,3.240184104362351e-11,3.657815431893092e-10
strength_lateral_HZ_1,T1-P051,N259,interior_applied_load,,110.361,69.75,116.0,-1.1496355997611813e-10,-7.708593630445788,-6.597918125030173e-09,-2.4804389803178028e-14,-2.5156842696242945e-10,-1.3920576493851351e-08
strength_lateral_HZ_1,T1-P052,N239,interior_applied_load,,110.361,69.75,150.143,9.282864228488264e-11,-16.1373437499989,3.511546956289382e-13,-3.3090498605709755e-12,-7.80358785995134e-12,-9.176843740711711e-12
strength_lateral_HZ_1,T1-P053,N572,interior_applied_load,,110.361,69.75,193.643,-1.8567750515515663e-13,-16.13734374999843,5.012500054209984e-13,-1.3966813903361304e-13,-5.156359737003238e-11,1.770063204401683e-10
strength_lateral_HZ_1,T1-P054,N260,interior_applied_load,,112.125,69.75,116.0,-6.142652111988454e-11,-9.163802075801879,-2.2914005244625091e-10,-1.323359842250556e-14,3.0559800001335157e-09,-3.498603106588871e-08
strength_lateral_HZ_1,T1-P055,N360,interior_applied_load,,117.479,69.75,164.643,0.0,-8.659868109411036,3.069544618483633e-12,2.1827872842550278e-11,-1.7280399333685637e-11,-2.546585164964199e-11
strength_lateral_HZ_1,T1-P056,N261,interior_applied_load,,121.469,69.75,116.0,2.4570081041462454e-11,-309.4714422323618,-2.7525261068391e-13,9.972840081797508e-15,-5.68299365718311e-11,5.108846147516433e-09
strength_lateral_HZ_1,T1-P057,N262,interior_applied_load,,138.833,69.75,116.0,1.0360108540837882e-10,-15.41718741241671,5.719648646457222e-09,3.900466854828041e-14,4.888852780729365e-10,2.4866800899809244e-08
strength_lateral_HZ_1,T1-P058,N240,interior_applied_load,,138.833,69.75,150.143,-2.1317745126392132e-12,-18.826901041665508,7.071903991156465e-12,-3.6200455596926617e-14,-1.3328241035105937e-10,2.731597906138644e-10
strength_lateral_HZ_1,T1-P059,N361,interior_applied_load,,138.833,69.75,179.143,-9.742068024908673e-12,-8.659868109411969,1.5421428793520988e-15,3.4431352214540054e-11,-6.924791424469426e-11,-4.870741022868245e-12
strength_lateral_HZ_1,T1-P060,N573,interior_applied_load,,138.833,69.75,193.643,3.483892045965021e-12,-18.826901041662758,-3.1160057345052836e-12,-1.718861381583683e-11,-6.52275132903935e-11,-4.4785266502438146e-11
strength_lateral_HZ_1,T1-P061,N263,interior_applied_load,,140.156,69.75,116.0,-3.084078784733599e-10,-303.94566115562816,5.292509924624661e-09,-2.792673892204929e-14,-6.088483462220258e-10,-4.9535929298217684e-08
strength_lateral_HZ_1,T1-P062,N264,interior_applied_load,,158.844,69.75,116.0,9.758855378071887e-11,-303.96284858786004,9.857947658817079e-09,3.129163495774005e-14,-1.4126833303040643e-08,-3.073509937254035e-08
strength_lateral_HZ_1,T1-P063,N265,interior_applied_load,,160.188,69.75,116.0,-4.023313522338867e-07,-6.980989620089531,5.662441253662109e-07,5.960464477539062e-07,-7.2177499532699585e-09,3.8743019104003906e-07
strength_lateral_HZ_1,T1-P064,N553,interior_applied_load,,160.188,69.75,120.0,1.9371509552001953e-07,-4.553279861807823,-3.2782554626464844e-07,7.748603820800781e-07,-1.1641532182693481e-10,2.980232238769531e-07
strength_lateral_HZ_1,T1-P065,N554,interior_applied_load,,160.188,69.75,147.143,2.9802322387695312e-08,-4.553279861807823,0.0,-1.1920928955078125e-07,0.0,-2.9802322387695312e-08
strength_lateral_HZ_1,T1-P066,N241,interior_applied_load,,160.188,69.75,150.143,0.0,-10.75822913646698,0.0,-4.172325134277344e-07,-2.3283064365386963e-10,-2.9802322387695312e-08
strength_lateral_HZ_1,T1-P067,N349,interior_applied_load,,160.188,69.75,152.643,0.0,-3.2711250334978104,-2.384185791015625e-07,0.0,0.0,1.1920928955078125e-07
strength_lateral_HZ_1,T1-P068,N350,interior_applied_load,,160.188,69.75,172.143,8.061253886718955e-13,-6.542250039417091,9.323793571664848e-14,7.2295924186052746e-12,1.411546472608111e-15,7.090854244125652e-12
strength_lateral_HZ_1,T1-P069,N351,interior_applied_load,,160.188,69.75,191.643,1.519079470546636e-07,-3.271125027679311,-1.4172564444248081e-07,-6.880466838499188e-07,8.270461180721815e-12,-1.8881628671696404e-07
strength_lateral_HZ_1,T1-P070,N362,interior_applied_load,,160.188,69.75,193.643,-3.499373675322211e-08,-19.37195248620366,2.479695100772566e-08,-3.376525161125715e-07,1.1900001642614594e-10,-2.53884654763466e-07
strength_lateral_HZ_1,T1-P071,N266,interior_applied_load,,167.306,69.75,116.0,-5.554234891348138e-11,-14.308593786807384,8.661261819598267e-11,-2.713330681797066e-15,-7.328808641077051e-10,2.5349447073783714e-09
strength_lateral_HZ_1,T1-P072,N242,interior_applied_load,,167.306,69.75,150.143,1.1982667570073305e-12,-13.44778645827198,-1.635238015656956e-12,-6.731853832222321e-14,2.78108913316468e-11,-2.1543070394191684e-10
strength_lateral_HZ_1,T1-P073,N574,interior_applied_load,,167.306,69.75,193.643,3.0697014320718766e-12,-13.447786458302254,1.4081945362670638e-11,-1.852964099566335e-13,1.7494537925850423e-11,-1.4226479270997417e-10
strength_lateral_HZ_1,T1-P074,N267,interior_applied_load,,177.531,69.75,116.0,3.125102415804776e-11,-310.9266504825053,-2.6175831054595746e-12,1.550363151805804e-15,-1.3603288233952268e-11,2.37172145386738e-10
strength_lateral_HZ_1,T1-P075,N363,interior_applied_load,,181.208,69.75,179.143,-4.4414205501749776e-12,-8.567578545958925,-4.816896837548905e-13,-8.384505501910693e-12,-1.4917708137443032e-11,-2.4752642282753816e-11
strength_lateral_HZ_1,T1-P076,N268,interior_applied_load,,195.778,69.75,116.0,6.357994142698537e-10,-15.417188225723873,5.4257047245738015e-08,2.4713863502354155e-14,1.9458572236818618e-08,2.81029169001032e-07
strength_lateral_HZ_1,T1-P077,N243,interior_applied_load,,195.778,69.75,150.143,1.995039624309381e-12,-21.138608335694997,-2.3108052644942812e-14,-1.806620625693411e-14,3.177861013081209e-12,7.1060678195317644e-12
strength_lateral_HZ_1,T1-P078,N575,interior_applied_load,,195.778,69.75,193.643,-7.316035393541785e-13,-21.138608335704536,-1.0604504409747315e-12,-5.352262117387482e-14,-4.1140742420087413e-10,-1.7473376736738716e-10
strength_lateral_HZ_1,T1-P079,N269,interior_applied_load,,196.219,69.75,116.0,4.2434597736110015e-10,-554.725490464868,4.9254563244381806e-08,-2.0261532403042585e-14,1.8099174534106473e-08,1.827517969657852e-07
strength_lateral_HZ_1,T1-P080,N364,interior_applied_load,,202.229,69.75,164.643,0.0,-8.567578545957076,1.1368683772161603e-13,9.094947017729282e-13,0.0,3.183231456205249e-12
strength_lateral_HZ_1,T1-P081,N270,interior_applied_load,,214.906,69.75,116.0,1.735906086855393e-12,-562.0702821753574,-2.2686980503254355e-11,-1.2068478285290488e-15,3.3124183050166247e-10,-1.417923266694003e-10
strength_lateral_HZ_1,T1-P082,N244,interior_applied_load,,223.25,69.75,150.143,-5.960464477539063e-08,-15.042018435895443,2.384185791015625e-07,4.76837158203125e-07,1.0477378964424133e-09,0.0
strength_lateral_HZ_1,T1-P083,N352,interior_applied_load,,223.25,69.75,152.643,-5.960464477539063e-08,-3.271125018596649,-8.344650268554688e-07,2.384185791015625e-07,0.0,0.0
strength_lateral_HZ_1,T1-P084,N353,interior_applied_load,,223.25,69.75,172.143,-8.605127486670052e-15,-6.5422500394062775,1.089837515739031e-13,-6.561504096416639e-13,4.9207223962306226e-15,-3.8685589847339757e-13
strength_lateral_HZ_1,T1-P085,N354,interior_applied_load,,223.25,69.75,191.643,3.146721244684514e-09,-3.2711250214591443,2.7707393252668355e-07,2.0986166453240696e-07,-9.7023564563217e-12,4.7318847173905e-09
strength_lateral_HZ_1,T1-P086,N576,interior_applied_load,,223.25,69.75,193.643,-1.0597301841608342e-08,-10.758229165055107,-6.090334528189693e-08,-1.9106781545019994e-07,-5.709599728175091e-09,-9.643141559287065e-09
strength_lateral_HZ_1,T1-P087,N271,interior_applied_load,,224.25,69.75,116.0,9.96109612572127e-08,-7.708593822063582,2.2889202772478215e-08,3.4345541884798425e-08,8.604851093329801e-09,-3.786784072022524e-08
strength_lateral_HZ_1,T1-P088,N161,interface_action,T-E; T-E vertical 3,224.25,69.75,120.0,580.6733872257173,1049.7913472966757,24.845664772205055,-98.17985205352306,3000.0971811111935,-8476.795177102671
strength_lateral_HZ_1,T1-P089,N426,interface_action,T-E; T-E vertical 3,224.25,69.75,121.5,-63.37578216101974,-240.19056285719853,-0.13851299416273832,-3.8809095844626427,66.35250472011853,1091.7368938719155
strength_lateral_HZ_1,T1-P090,N427,interface_action,T-E vertical 3,224.25,69.75,144.689,-3.5040114165821243e-12,-3.8305158104172867,1.5498582981071273e-10,1.375365485124325e-10,3.326289916524739e-14,3.588915497487964e-12
strength_lateral_HZ_1,T1-P091,N555,interface_action,T-E vertical 3,224.25,69.75,147.143,-393.8200875520706,-713.0060457736254,-0.859300971031189,-2.0411654710769653,423.4663432231755,-3314.6241596341133
strength_lateral_HZ_1,T1-P092,N245,interface_action,T-E vertical 3,224.25,69.75,150.143,-44.429901748895645,2114.117883503437,3.471509575843811,2.368075132369995,-129.8695777793764,1321.0876389741898
strength_lateral_HZ_1,T1-P093,N466,interface_action,T-E diagonal 11; T-E diagonal 12; T-E top / segment 1; T-E vertical 3,224.25,69.75,193.643,18.19636180008426,698.8771010448686,-3.7583150504305207,-97.61796617849006,-137.76719747888725,-2104.7353272983455
strength_lateral_HZ_-1,T1-P001,N246,interface_action,T-W / B-WO; T-W vertical 3,-32.0,69.75,116.0,-240.86586809158325,-30.300044655799866,5.535900890827179,809.6844065785408,1444.305809598416,1161.6319346427917
strength_lateral_HZ_-1,T1-P002,N370,interface_action,T-W / B-WO; T-W vertical 3,-32.0,69.75,117.5,157.35959005355835,-268.84779050946236,20.195130169391632,770.4491431117058,32.316506759263575,-2827.065509557724
strength_lateral_HZ_-1,T1-P003,N547,interface_action,T-W vertical 3,-32.0,69.75,120.0,-157.35959009846727,264.5143706352859,-20.19513023811006,-719.9613172815657,-32.316506758569645,2433.6665331821914
strength_lateral_HZ_-1,T1-P004,N371,interface_action,T-W vertical 3,-32.0,69.75,142.022,-1.2606264266373705e-12,-2.7379524228824192,-2.5055275913663633e-13,7.487006627763524e-12,1.5937818837935268e-14,-5.546688613754426e-12
strength_lateral_HZ_-1,T1-P005,N548,interface_action,T-W vertical 3,-32.0,69.75,147.143,157.3595902621746,-276.23741045594215,20.195130348205566,171.80489712953568,32.31650675862329,1837.5448242127895
strength_lateral_HZ_-1,T1-P006,N231,interface_action,T-W vertical 3,-32.0,69.75,150.143,3.856031447649002,1243.199248045683,-19.543879508972168,-219.29337108135223,-40.49814859085018,-236.78489142656326
strength_lateral_HZ_-1,T1-P007,N401,interface_action,T-W diagonal 10; T-W diagonal 9; T-W top / segment 1; T-W vertical 3,-32.0,69.75,193.643,-14.087349088929138,1083.763505525838,-16.932437724773216,734.6219859685152,-218.25705218972897,1717.328378392828
strength_lateral_HZ_-1,T1-P008,N232,interior_applied_load,,-31.0,69.75,150.143,7.62520357966423e-09,-15.042018433305202,-4.025321231893031e-08,-4.382854967843741e-09,-9.628820407669991e-09,-1.923253876157105e-07
strength_lateral_HZ_-1,T1-P009,N340,interior_applied_load,,-31.0,69.75,152.643,-7.442866610737101e-08,-3.2711250370697216,-4.299741316462227e-08,4.480537331734225e-08,-4.8706931016214974e-11,-4.7083030402360656e-08
strength_lateral_HZ_-1,T1-P010,N341,interior_applied_load,,-31.0,69.75,172.143,-3.2340904917211136e-14,-6.542250039409091,1.0093382855121435e-13,-2.4674827597382324e-12,4.3086234421898696e-15,-5.150207682376168e-13
strength_lateral_HZ_-1,T1-P011,N342,interior_applied_load,,-31.0,69.75,191.643,-3.5762786865234375e-07,-3.271125018596649,-4.76837158203125e-07,0.0,0.0,2.384185791015625e-07
strength_lateral_HZ_-1,T1-P012,N566,interior_applied_load,,-31.0,69.75,193.643,1.1920928955078125e-07,-10.758229151368141,4.76837158203125e-07,-4.76837158203125e-07,4.0745362639427185e-10,4.76837158203125e-07
strength_lateral_HZ_-1,T1-P013,N355,interior_applied_load,,-9.979,69.75,164.643,-7.275957614183426e-12,-8.567578545957076,5.684341886080802e-14,9.094947017729282e-13,-1.8189894035458565e-12,-1.8189894035458565e-12
strength_lateral_HZ_-1,T1-P014,N247,interior_applied_load,,-3.528,69.75,116.0,2.5442161684611502e-11,-34.108593662304585,1.2528975408760781e-12,-2.4737250360996186e-16,-1.1559121611423757e-11,5.661307413098084e-10
strength_lateral_HZ_-1,T1-P015,N233,interior_applied_load,,-3.528,69.75,150.143,3.5670351823808984e-12,-21.13860833569473,3.046702729535437e-13,-1.4121506253069318e-14,-3.9035062081441693e-13,-1.4688679355532386e-11
strength_lateral_HZ_-1,T1-P016,N567,interior_applied_load,,-3.528,69.75,193.643,-1.0185389574736394e-11,-21.138608335695974,6.750500174254272e-13,2.224225345680636e-14,3.041304383053104e-12,9.475271200935397e-12
strength_lateral_HZ_-1,T1-P017,N248,interior_applied_load,,9.344,69.75,116.0,-4.8431855914302667e-11,-310.92665048244857,-5.5178796006594e-12,4.0485958410737654e-15,-3.1956665783232525e-11,1.6487037956665706e-09
strength_lateral_HZ_-1,T1-P018,N356,interior_applied_load,,11.042,69.75,179.143,-2.186771555054609e-11,-8.567578545962476,-1.7815785011124083e-14,3.124672908605978e-12,-4.133376932710163e-12,-1.482860148486024e-11
strength_lateral_HZ_-1,T1-P019,N249,interior_applied_load,,24.944,69.75,116.0,-6.093215447957032e-11,-15.417187650435407,-3.0598632874608734e-11,1.5249237556042774e-15,-1.1028748149883616e-10,-4.985036108724748e-09
strength_lateral_HZ_-1,T1-P020,N234,interior_applied_load,,24.944,69.75,150.143,5.807415436486269e-12,-13.447786458327535,8.392806739071189e-12,-7.461254918294201e-13,1.091980140801281e-11,1.846787970364064e-10
strength_lateral_HZ_-1,T1-P021,N568,interior_applied_load,,24.944,69.75,193.643,-2.0812134623063943e-11,-13.447786458443796,3.681798711337899e-11,-4.9063017220235804e-14,-6.30567476333192e-11,-2.0209708566857795e-10
strength_lateral_HZ_-1,T1-P022,N250,interior_applied_load,,28.031,69.75,116.0,6.199644852552623e-12,-293.30946296028395,-4.28509733781008e-10,9.217882752386653e-15,5.1998393867702e-10,1.2696318893120672e-08
strength_lateral_HZ_-1,T1-P023,N251,interior_applied_load,,32.062,69.75,116.0,0.0,-15.417187437415123,-7.450580596923828e-09,0.0,-7.366907084360719e-10,0.0
strength_lateral_HZ_-1,T1-P024,N549,interior_applied_load,,32.062,69.75,120.0,-2.9802322387695312e-08,-4.553279861807823,0.0,0.0,0.0,5.960464477539063e-08
strength_lateral_HZ_-1,T1-P025,N550,interior_applied_load,,32.062,69.75,147.143,-2.9802322387695312e-08,-4.553279832005501,0.0,-5.960464477539063e-08,0.0,1.7881393432617188e-07
strength_lateral_HZ_-1,T1-P026,N235,interior_applied_load,,32.062,69.75,150.143,-3.2782554626464844e-07,-10.758229151368141,2.384185791015625e-07,1.7881393432617188e-07,5.820766091346741e-11,2.980232238769531e-07
strength_lateral_HZ_-1,T1-P027,N343,interior_applied_load,,32.062,69.75,152.643,2.492306183654591e-07,-3.2711250275885737,-1.1337940009070735e-07,1.4424267646973021e-07,3.8554048842343036e-11,4.735922205512111e-07
strength_lateral_HZ_-1,T1-P028,N344,interior_applied_load,,32.062,69.75,172.143,0.0,-6.542250039434293,0.0,-1.8189894035458565e-12,7.105427357601002e-15,0.0
strength_lateral_HZ_-1,T1-P029,N345,interior_applied_load,,32.062,69.75,191.643,-8.745627155803959e-08,-3.271125051775016,-2.7762757781601977e-07,-6.818481779191643e-08,5.402796905756037e-13,8.70431904331781e-08
strength_lateral_HZ_-1,T1-P030,N357,interior_applied_load,,32.062,69.75,193.643,2.0242238092476036e-08,-19.371952476841535,2.684048745969451e-07,1.0938507392782566e-07,-1.4620920983039413e-11,3.520437011963254e-08
strength_lateral_HZ_-1,T1-P031,N252,interior_applied_load,,46.719,69.75,116.0,8.971189890245802e-11,-305.0542546488469,-1.6638634370825628e-11,1.1479787943649074e-14,-3.0905213457551653e-10,2.2462479417788735e-09
strength_lateral_HZ_-1,T1-P032,N253,interior_applied_load,,53.417,69.75,116.0,-1.568427604307133e-10,-15.417187443568974,-6.669422262688278e-11,-4.425678206045396e-15,-1.8975136564061643e-10,-6.047097124260196e-09
strength_lateral_HZ_-1,T1-P033,N236,interior_applied_load,,53.417,69.75,150.143,-9.651389198205817e-12,-18.826901041666737,1.3386089765183323e-12,-2.5898941734402894e-13,-1.625371502526887e-11,2.625600199083543e-10
strength_lateral_HZ_-1,T1-P034,N358,interior_applied_load,,53.417,69.75,179.143,1.1948204930014763e-11,-8.659868109425576,3.000390541007346e-13,-6.346721296243173e-12,2.203455556728158e-11,-1.1418282062692951e-12
strength_lateral_HZ_-1,T1-P035,N569,interior_applied_load,,53.417,69.75,193.643,3.7820586463066125e-12,-18.8269010416641,-1.381959794437454e-12,-2.2575056730546207e-12,-9.988647441318816e-12,5.688157123872548e-12
strength_lateral_HZ_-1,T1-P036,N254,interior_applied_load,,65.406,69.75,116.0,-1.892390045406342e-11,-310.9266504828379,-1.5812493029956194e-11,-1.7570198155753855e-14,1.679200928292338e-12,4.897217034002726e-09
strength_lateral_HZ_-1,T1-P037,N359,interior_applied_load,,74.771,69.75,164.643,-1.4551915228366852e-11,-8.659868109396484,5.684341886080802e-14,-1.5916157281026244e-12,6.821210263296962e-12,-1.6370904631912708e-11
strength_lateral_HZ_-1,T1-P038,N255,interior_applied_load,,81.889,69.75,116.0,3.243629672659159e-10,-15.417187442507782,1.0811394828808021e-10,5.280258205773207e-14,-3.286056021719334e-10,2.554678996278605e-08
strength_lateral_HZ_-1,T1-P039,N237,interior_applied_load,,81.889,69.75,150.143,-2.0976952093397467e-12,-16.1373437500002,-1.5465588501234359e-13,-9.949081720670987e-14,-8.512807408810615e-13,4.465283149698965e-11
strength_lateral_HZ_-1,T1-P040,N570,interior_applied_load,,81.889,69.75,193.643,-9.288411902230313e-12,-16.137343749975198,-1.065119191963426e-11,-3.7429710763491267e-13,1.587035168690022e-10,4.533744980623329e-10
strength_lateral_HZ_-1,T1-P041,N256,interior_applied_load,,84.094,69.75,116.0,-1.3560694577989581e-10,-299.1818588346274,4.4165963240924187e-10,-1.1454908762509576e-14,-1.3330744694832972e-11,1.1010541826913615e-08
strength_lateral_HZ_-1,T1-P042,N257,interior_applied_load,,96.125,69.75,116.0,-1.1920928955078125e-07,-15.41718764603138,7.450580596923828e-09,1.4901161193847656e-08,1.4551915228366852e-11,-3.5762786865234375e-07
strength_lateral_HZ_-1,T1-P043,N551,interior_applied_load,,96.125,69.75,120.0,1.1920928955078125e-07,-4.553279861807823,0.0,0.0,0.0,5.960464477539063e-08
strength_lateral_HZ_-1,T1-P044,N552,interior_applied_load,,96.125,69.75,147.143,-1.4901161193847656e-07,-4.553279846906662,5.960464477539063e-08,1.1920928955078125e-07,-2.9103830456733704e-11,5.960464477539063e-08
strength_lateral_HZ_-1,T1-P045,N238,interior_applied_load,,96.125,69.75,150.143,-2.980232238769531e-07,-19.418097287416458,1.1920928955078125e-07,2.9802322387695312e-08,0.0,-1.6391277313232422e-07
strength_lateral_HZ_-1,T1-P046,N346,interior_applied_load,,96.125,69.75,152.643,2.384185791015625e-07,-3.2711250483989716,-1.1920928955078125e-07,0.0,0.0,5.960464477539063e-08
strength_lateral_HZ_-1,T1-P047,N347,interior_applied_load,,96.125,69.75,172.143,-1.1910025808265584e-13,-6.542250039379484,1.1888568926016139e-12,5.869346246493062e-12,-4.815335644316936e-15,9.830899957953252e-14
strength_lateral_HZ_-1,T1-P048,N348,interior_applied_load,,96.125,69.75,191.643,-1.1289900403443909e-09,-3.2711250357031645,9.644963228083725e-08,1.4998143171851552e-07,7.088374841018163e-11,2.085370559568034e-08
strength_lateral_HZ_-1,T1-P049,N571,interior_applied_load,,96.125,69.75,193.643,7.810446442764961e-08,-10.758229170990852,6.664176540307289e-08,1.1021247431831659e-07,1.29514476900838e-10,1.0229174638978654e-07
strength_lateral_HZ_-1,T1-P050,N258,interior_applied_load,,102.781,69.75,116.0,-6.596130475969133e-11,-299.18185881640886,-2.265929532624792e-11,2.4143807850766065e-15,-1.462913164167377e-11,6.418180252346592e-09
strength_lateral_HZ_-1,T1-P051,N259,interior_applied_load,,110.361,69.75,116.0,-8.765514074475785e-11,-7.708593640744716,1.6267652147161466e-09,-1.6930917070810416e-16,7.434855290325217e-11,-1.8290300571252046e-08
strength_lateral_HZ_-1,T1-P052,N239,interior_applied_load,,110.361,69.75,150.143,2.2297204685985973e-11,-16.13734375000223,-4.2643890809594757e-13,-2.84685413829366e-11,4.624698692629311e-12,-1.3320346178566262e-11
strength_lateral_HZ_-1,T1-P053,N572,interior_applied_load,,110.361,69.75,193.643,-1.0661295511097358e-11,-16.137343749965705,1.3956397463462448e-11,-3.153648843692086e-13,1.268249439966817e-10,-4.068650292740098e-11
strength_lateral_HZ_-1,T1-P054,N260,interior_applied_load,,112.125,69.75,116.0,1.7561129347326852e-11,-9.163802086506925,-1.2541514615026712e-10,2.196342732150168e-14,-1.743591252812355e-09,-1.3604084092778987e-08
strength_lateral_HZ_-1,T1-P055,N360,interior_applied_load,,117.479,69.75,164.643,0.0,-8.65986810940376,-2.8421709430404007e-13,8.185452315956354e-12,-1.8189894035458565e-11,-2.7284841053187847e-11
strength_lateral_HZ_-1,T1-P056,N261,interior_applied_load,,121.469,69.75,116.0,6.224953644617288e-11,-309.471442231992,7.620312079382038e-12,-1.4196049016311138e-15,7.693290352354704e-11,4.043760292495429e-09
strength_lateral_HZ_-1,T1-P057,N262,interior_applied_load,,138.833,69.75,116.0,2.4532752151986097e-10,-15.417187387905857,-2.0999647049418877e-09,6.912410082415319e-14,1.4510756992599672e-09,1.1922475202483025e-07
strength_lateral_HZ_-1,T1-P058,N240,interior_applied_load,,138.833,69.75,150.143,2.7956369085091854e-12,-18.826901041670123,3.040897128739729e-12,3.100946269801094e-13,-9.738019438596481e-11,1.3926741385674002e-10
strength_lateral_HZ_-1,T1-P059,N361,interior_applied_load,,138.833,69.75,179.143,-3.137302378665012e-12,-8.659868109403353,-4.071129302838641e-13,6.47314646483145e-12,8.514859237681746e-12,2.1851369962604263e-12
strength_lateral_HZ_-1,T1-P060,N573,interior_applied_load,,138.833,69.75,193.643,6.2231756499513725e-12,-18.826901041661326,-1.544695550335718e-12,-2.3728960258244597e-11,1.7277687854169998e-12,-7.78484558240643e-11
strength_lateral_HZ_-1,T1-P061,N263,interior_applied_load,,140.156,69.75,116.0,1.0478082775827182e-10,-303.9456611806634,6.314358259422305e-10,-1.2013997079552358e-14,9.67427304164819e-10,-1.1886922849887553e-08
strength_lateral_HZ_-1,T1-P062,N264,interior_applied_load,,158.844,69.75,116.0,-2.2334409827526374e-10,-303.96284873968415,-2.4076096602312196e-09,-2.5419931026703106e-14,1.6134107604925956e-09,-1.5988151372816882e-07
strength_lateral_HZ_-1,T1-P063,N265,interior_applied_load,,160.188,69.75,116.0,-1.1920928955078125e-07,-6.980989471077919,4.470348358154297e-08,4.470348358154297e-08,1.4551915228366852e-10,-1.4901161193847656e-07
strength_lateral_HZ_-1,T1-P064,N553,interior_applied_load,,160.188,69.75,120.0,-1.341104507446289e-07,-4.553279861807823,5.21540641784668e-08,-1.1920928955078125e-07,2.9103830456733704e-11,-5.364418029785156e-07
strength_lateral_HZ_-1,T1-P065,N554,interior_applied_load,,160.188,69.75,147.143,0.0,-4.553279846906662,0.0,-2.9802322387695312e-08,2.9103830456733704e-11,0.0
strength_lateral_HZ_-1,T1-P066,N241,interior_applied_load,,160.188,69.75,150.143,1.1920928955078125e-07,-10.758229196071625,5.960464477539063e-08,0.0,0.0,4.470348358154297e-08
strength_lateral_HZ_-1,T1-P067,N349,interior_applied_load,,160.188,69.75,152.643,5.960464477539063e-08,-3.2711250334978104,-5.960464477539063e-08,1.1920928955078125e-07,0.0,5.960464477539063e-08
strength_lateral_HZ_-1,T1-P068,N350,interior_applied_load,,160.188,69.75,172.143,8.886993962270996e-13,-6.5422500393882705,7.751733551895369e-14,4.594824372371624e-12,1.8161214631910494e-15,2.065358079096836e-12
strength_lateral_HZ_-1,T1-P069,N351,interior_applied_load,,160.188,69.75,191.643,-9.5817160872258e-09,-3.271125032115556,9.571142636777275e-08,-3.1617199286460007e-07,-5.1117829783669705e-11,-2.320307683767453e-07
strength_lateral_HZ_-1,T1-P070,N362,interior_applied_load,,160.188,69.75,193.643,-6.595693825588155e-08,-19.371952477641138,2.681676692065355e-07,-2.5091913999104864e-07,3.0842812267550007e-10,-3.3641323899037853e-07
strength_lateral_HZ_-1,T1-P071,N266,interior_applied_load,,167.306,69.75,116.0,-1.0515204425166346e-10,-14.308593785971018,-5.4362579312006914e-11,2.8045796889717956e-14,5.488976724458015e-11,-1.858099835622111e-09
strength_lateral_HZ_-1,T1-P072,N242,interior_applied_load,,167.306,69.75,150.143,4.789963163318694e-12,-13.44778645825646,-1.94419600421934e-12,1.5957520836757244e-13,1.325750453061989e-11,-1.6336737400960349e-10
strength_lateral_HZ_-1,T1-P073,N574,interior_applied_load,,167.306,69.75,193.643,9.227961291665712e-12,-13.447786458314683,3.410254336560303e-14,-7.024564405302342e-13,2.1151346820936162e-11,-1.2372660441371578e-10
strength_lateral_HZ_-1,T1-P074,N267,interior_applied_load,,177.531,69.75,116.0,5.866121684533184e-11,-310.92665048257993,9.929463138172124e-13,2.527743190936026e-15,2.1290994690637457e-11,1.267941188957384e-09
strength_lateral_HZ_-1,T1-P075,N363,interior_applied_load,,181.208,69.75,179.143,-1.8658699285334936e-11,-8.567578545956959,6.284842245908255e-14,-2.1618729523289788e-12,-5.2249395080837775e-12,-1.4536702455626681e-11
strength_lateral_HZ_-1,T1-P076,N268,interior_applied_load,,195.778,69.75,116.0,5.461568870095263e-10,-15.417188114694918,9.267092031975729e-08,-2.880914798138281e-13,-9.76732688461531e-09,1.0333632368170846e-07
strength_lateral_HZ_-1,T1-P077,N243,interior_applied_load,,195.778,69.75,150.143,-8.213800961664471e-12,-21.13860833569498,7.790366672728125e-14,-7.516024619313246e-14,1.6679961115735158e-12,-1.0427618774808477e-12
strength_lateral_HZ_-1,T1-P078,N575,interior_applied_load,,195.778,69.75,193.643,6.12750353105109e-12,-21.138608335702706,-9.700484431057547e-13,1.4791589349343239e-13,-5.822464243123493e-11,-1.376861453971202e-10
strength_lateral_HZ_-1,T1-P079,N269,interior_applied_load,,196.219,69.75,116.0,1.3277115158502178e-10,-554.7254915339867,-2.1580312052572902e-08,2.470266629271794e-13,-1.1935224041001221e-08,-8.982991171806764e-08
strength_lateral_HZ_-1,T1-P080,N364,interior_applied_load,,202.229,69.75,164.643,-1.4551915228366852e-11,-8.567578545946162,-1.4210854715202004e-14,0.0,4.547473508864641e-13,6.366462912410498e-12
strength_lateral_HZ_-1,T1-P081,N270,interior_applied_load,,214.906,69.75,116.0,1.1673183117207944e-11,-562.0702821749593,-1.5883716030848047e-11,2.2139421697953222e-14,4.958867518272546e-11,1.9753184915225974e-09
strength_lateral_HZ_-1,T1-P082,N244,interior_applied_load,,223.25,69.75,150.143,5.960464477539063e-08,-15.042018443346024,-1.4901161193847656e-08,2.9802322387695312e-08,-1.0477378964424133e-09,1.1920928955078125e-07
strength_lateral_HZ_-1,T1-P083,N352,interior_applied_load,,223.25,69.75,152.643,-5.960464477539063e-08,-3.271125018596649,-2.9802322387695312e-08,-1.1920928955078125e-07,-1.1641532182693481e-10,1.1920928955078125e-07
strength_lateral_HZ_-1,T1-P084,N353,interior_applied_load,,223.25,69.75,172.143,-3.603665367507843e-14,-6.542250039387853,-3.2873779935154767e-14,-3.289642457584789e-14,2.6634165145359786e-15,-1.332033587756247e-12
strength_lateral_HZ_-1,T1-P085,N354,interior_applied_load,,223.25,69.75,191.643,-4.172740931951413e-08,-3.271125017947533,1.2702386104068708e-07,-1.4566454276110363e-07,1.1523231824162642e-10,5.855191784198688e-08
strength_lateral_HZ_-1,T1-P086,N576,interior_applied_load,,223.25,69.75,193.643,8.456824775182614e-08,-10.758229105253246,1.553775439671904e-07,-8.339598231161957e-08,5.287077912138786e-09,1.662527328554396e-08
strength_lateral_HZ_-1,T1-P087,N271,interior_applied_load,,224.25,69.75,116.0,7.15087736802289e-08,-7.708593818074265,2.1168911489865614e-08,1.118074880546753e-07,-2.3422746253488575e-09,-2.8887927360370723e-08
strength_lateral_HZ_-1,T1-P088,N161,interface_action,T-E; T-E vertical 3,224.25,69.75,120.0,576.843146916246,1047.508768498432,9.695715764770284,-32.80613170703873,1343.5688823511907,-8267.095854840125
strength_lateral_HZ_-1,T1-P089,N426,interface_action,T-E; T-E vertical 3,224.25,69.75,121.5,-67.5788433207199,-184.3334387561772,5.875367098720744,271.7257486602757,39.75600240254789,1151.3579004009953
strength_lateral_HZ_-1,T1-P090,N427,interface_action,T-E vertical 3,224.25,69.75,144.689,6.419254300500231e-11,-3.83051581027523,-1.8786555773073923e-12,2.8118110456513044e-12,2.6343381341840423e-14,-4.8959200824512395e-11
strength_lateral_HZ_-1,T1-P091,N555,interface_action,T-E vertical 3,224.25,69.75,147.143,-419.9381068944931,-550.6691991686821,36.449359357357025,751.0500368773937,253.72559829626698,-3613.880798280239
strength_lateral_HZ_-1,T1-P092,N245,interface_action,T-E vertical 3,224.25,69.75,150.143,-65.13681122660637,1939.0679886490107,-33.517198629677296,-675.1547910571098,-27.527111560222693,1649.356865644455
strength_lateral_HZ_-1,T1-P093,N466,interface_action,T-E diagonal 11; T-E diagonal 12; T-E top / segment 1; T-E vertical 3,224.25,69.75,193.643,69.54821016690539,672.3767705909803,-7.757956635810052,81.89125926183753,-73.91071965335236,-2360.663198555331
strength_lateral_HZ_2,T1-P001,N246,interface_action,T-W / B-WO; T-W vertical 3,-32.0,69.75,116.0,-225.36128425598145,-34.395682483911514,-15.829493939876556,807.6771878898144,3886.192978764884,978.4192950725555
strength_lateral_HZ_2,T1-P002,N370,interface_action,T-W / B-WO; T-W vertical 3,-32.0,69.75,117.5,162.6744999885559,-272.0081752538681,20.00692230463028,770.2022470235825,98.27118494641036,-2921.62521982193
strength_lateral_HZ_2,T1-P003,N547,interface_action,T-W vertical 3,-32.0,69.75,120.0,-162.67450115076372,267.67475539758135,-20.006922282303645,-720.1849410608261,-98.27118494596807,2514.938965874174
strength_lateral_HZ_2,T1-P004,N371,interface_action,T-W vertical 3,-32.0,69.75,142.022,-2.2675265020729228e-13,-2.737952422887404,9.259488461275793e-13,5.702039769825283e-12,5.414337154754215e-15,-2.091158110435641e-12
strength_lateral_HZ_2,T1-P005,N548,interface_action,T-W vertical 3,-32.0,69.75,147.143,162.67450109124184,-279.39779518544674,20.006922483444214,177.13704925775528,98.27118494577007,1900.5350167676806
strength_lateral_HZ_2,T1-P006,N231,interface_action,T-W vertical 3,-32.0,69.75,150.143,5.684096701443195,1253.3530241250992,-19.549253344535828,-219.1986048221588,-47.83175454591401,-270.65949942171574
strength_lateral_HZ_2,T1-P007,N401,interface_action,T-W diagonal 10; T-W diagonal 9; T-W top / segment 1; T-W vertical 3,-32.0,69.75,193.643,-41.99448117639999,1102.407501700325,-14.597098164175843,791.4070663277811,-322.7082410293433,1873.8244389093118
strength_lateral_HZ_2,T1-P008,N232,interior_applied_load,,-31.0,69.75,150.143,5.420588422566652e-08,-15.042018402760732,2.6871759928326355e-08,-1.7155798559542745e-08,-1.1921656550839543e-08,-1.0050644050352275e-07
strength_lateral_HZ_2,T1-P009,N340,interior_applied_load,,-31.0,69.75,152.643,-4.1852164967309775e-08,-3.2711250302368633,7.70813449967866e-08,1.362843925260308e-07,2.4389891923356125e-12,-4.968933960804445e-08
strength_lateral_HZ_2,T1-P010,N341,interior_applied_load,,-31.0,69.75,172.143,3.402261383345127e-15,-6.542250039407286,2.2371976545625863e-13,-1.1009465499269093e-12,7.668807213669881e-15,-2.744238943499645e-14
strength_lateral_HZ_2,T1-P011,N342,interior_applied_load,,-31.0,69.75,191.643,-7.450580596923828e-08,-3.2711250334978104,-4.76837158203125e-07,0.0,0.0,7.450580596923828e-09
strength_lateral_HZ_2,T1-P012,N566,interior_applied_load,,-31.0,69.75,193.643,1.30385160446167e-07,-10.758229121565819,0.0,0.0,3.259629011154175e-09,1.2293457984924316e-07
strength_lateral_HZ_2,T1-P013,N355,interior_applied_load,,-9.979,69.75,164.643,-7.275957614183426e-12,-8.5675785459498,-1.1368683772161603e-13,9.094947017729282e-13,-1.3642420526593924e-12,-1.8189894035458565e-12
strength_lateral_HZ_2,T1-P014,N247,interior_applied_load,,-3.528,69.75,116.0,2.6565161965797003e-11,-34.108593662275936,1.5140462057259757e-12,4.397533564093085e-15,-6.037681671221503e-12,2.7235503428925647e-10
strength_lateral_HZ_2,T1-P015,N233,interior_applied_load,,-3.528,69.75,150.143,-4.306936593901486e-13,-21.138608335694787,-3.5962081419204257e-13,8.250869421494681e-14,3.5835332485426904e-12,1.9433185772648583e-12
strength_lateral_HZ_2,T1-P016,N567,interior_applied_load,,-3.528,69.75,193.643,5.776628686213586e-14,-21.13860833569548,-2.097190030982596e-13,-2.369995918404781e-13,1.5507183260682104e-12,-2.9462351419583712e-12
strength_lateral_HZ_2,T1-P017,N248,interior_applied_load,,9.344,69.75,116.0,-3.971837298687137e-11,-310.9266504824262,-1.100309522031828e-12,-2.711518090744478e-14,1.863991879589341e-12,1.632537780804844e-10
strength_lateral_HZ_2,T1-P018,N356,interior_applied_load,,11.042,69.75,179.143,-9.970715536333912e-12,-8.56757854595361,-7.577251819914355e-14,2.2612668802785674e-12,-1.4163230760434616e-12,-2.2882618248185502e-11
strength_lateral_HZ_2,T1-P019,N249,interior_applied_load,,24.944,69.75,116.0,-6.918927362501259e-11,-15.417187649407206,-2.800567839614229e-11,-3.7001431978640664e-15,8.676750847503303e-12,4.971559643306712e-09
strength_lateral_HZ_2,T1-P020,N234,interior_applied_load,,24.944,69.75,150.143,-2.6217137148270867e-12,-13.447786458310611,2.5436295814709054e-11,-5.79113641214951e-13,-4.993639238226546e-11,9.983047653798242e-11
strength_lateral_HZ_2,T1-P021,N568,interior_applied_load,,24.944,69.75,193.643,4.034991431709904e-13,-13.44778645843685,5.0928177622357607e-11,2.315728978396563e-13,-1.9758101852428006e-10,-2.194445447424548e-10
strength_lateral_HZ_2,T1-P022,N250,interior_applied_load,,28.031,69.75,116.0,6.892533470576347e-11,-293.3094629674903,6.831645684148271e-11,5.62167851082919e-14,9.859152036046904e-11,2.955022828971339e-08
strength_lateral_HZ_2,T1-P023,N251,interior_applied_load,,32.062,69.75,116.0,-2.9802322387695312e-08,-15.417187467217445,0.0,0.0,2.3283064365386963e-10,2.9802322387695312e-08
strength_lateral_HZ_2,T1-P024,N549,interior_applied_load,,32.062,69.75,120.0,0.0,-4.553279861807823,0.0,-7.450580596923828e-09,0.0,-2.9802322387695312e-08
strength_lateral_HZ_2,T1-P025,N550,interior_applied_load,,32.062,69.75,147.143,5.21540641784668e-08,-4.553279846906662,5.960464477539063e-08,0.0,0.0,-7.450580596923828e-08
strength_lateral_HZ_2,T1-P026,N235,interior_applied_load,,32.062,69.75,150.143,-4.023313522338867e-07,-10.758229181170464,5.960464477539063e-08,1.1920928955078125e-07,-3.4924596548080444e-10,1.7881393432617188e-07
strength_lateral_HZ_2,T1-P027,N343,interior_applied_load,,32.062,69.75,152.643,3.376518051823041e-07,-3.2711250227012805,1.1000682320627675e-07,-8.230153980548494e-08,3.7985614653734956e-11,5.520314516616054e-07
strength_lateral_HZ_2,T1-P028,N344,interior_applied_load,,32.062,69.75,172.143,1.4210854715202004e-14,-6.5422500394051895,-2.2737367544323206e-13,0.0,1.4210854715202004e-14,1.1368683772161603e-13
strength_lateral_HZ_2,T1-P029,N345,interior_applied_load,,32.062,69.75,191.643,1.325999932078048e-08,-3.271125032362761,3.864336122205714e-07,4.3285581341478974e-07,1.585744169876682e-11,8.409159590883064e-09
strength_lateral_HZ_2,T1-P030,N357,interior_applied_load,,32.062,69.75,193.643,3.7826257039332494e-08,-19.371952501045143,-4.1130973741174556e-08,8.006523304562446e-07,-2.2210256715620009e-10,-7.947020908345595e-08
strength_lateral_HZ_2,T1-P031,N252,interior_applied_load,,46.719,69.75,116.0,6.458703347877566e-11,-305.05425464930147,-2.0388424898107313e-11,-2.41663427965808e-16,8.14193119968653e-11,1.2547824982735997e-09
strength_lateral_HZ_2,T1-P032,N253,interior_applied_load,,53.417,69.75,116.0,-1.6268797581244784e-10,-15.41718744264422,8.963169186679764e-11,-4.523745410814665e-15,5.630639752842879e-10,-2.4431027152684108e-09
strength_lateral_HZ_2,T1-P033,N236,interior_applied_load,,53.417,69.75,150.143,-3.597797476155337e-12,-18.826901041660985,-1.5369429151447397e-12,-3.3811763611251234e-13,-1.0170228265362003e-10,5.964657407958169e-11
strength_lateral_HZ_2,T1-P034,N358,interior_applied_load,,53.417,69.75,179.143,-8.394363560602142e-12,-8.65986810941616,5.878255643399318e-13,4.3555978802523765e-12,5.2456092848407616e-11,-1.953306808577599e-12
strength_lateral_HZ_2,T1-P035,N569,interior_applied_load,,53.417,69.75,193.643,-1.922233077512019e-12,-18.826901041665863,-7.225098322417914e-13,-1.2672273594598246e-12,-7.926259078440094e-12,-1.5842057467282347e-11
strength_lateral_HZ_2,T1-P036,N254,interior_applied_load,,65.406,69.75,116.0,4.207906115297147e-11,-310.92665048303854,2.8937206487028844e-11,-9.009338831291741e-15,-2.0020748505085529e-10,4.964270159357604e-09
strength_lateral_HZ_2,T1-P037,N359,interior_applied_load,,74.771,69.75,164.643,-1.4551915228366852e-11,-8.659868109407398,1.0231815394945443e-12,3.183231456205249e-12,1.000444171950221e-11,0.0
strength_lateral_HZ_2,T1-P038,N255,interior_applied_load,,81.889,69.75,116.0,1.8653788952126143e-10,-15.417187450006573,-1.3618180417399216e-09,6.776751193506341e-14,3.2427641960086325e-10,7.699060192657671e-10
strength_lateral_HZ_2,T1-P039,N237,interior_applied_load,,81.889,69.75,150.143,-1.0865215750328552e-12,-16.137343750000028,-1.04628533338685e-12,-1.1359742300612472e-14,2.0213611021649327e-11,4.795972085710473e-11
strength_lateral_HZ_2,T1-P040,N570,interior_applied_load,,81.889,69.75,193.643,1.7690095894416366e-12,-16.137343749982477,-9.631747710777734e-13,-2.358314254641556e-13,1.8583944745547715e-10,3.200824702689216e-10
strength_lateral_HZ_2,T1-P041,N256,interior_applied_load,,84.094,69.75,116.0,-2.169965959842073e-11,-299.1818588298451,-6.433871114872161e-10,-1.8789715480166407e-14,6.445582956140431e-11,-1.800335282125778e-08
strength_lateral_HZ_2,T1-P042,N257,interior_applied_load,,96.125,69.75,116.0,-7.450580596923828e-08,-15.417187660932541,0.0,5.960464477539063e-08,2.3283064365386963e-10,-2.980232238769531e-07
strength_lateral_HZ_2,T1-P043,N551,interior_applied_load,,96.125,69.75,120.0,7.450580596923828e-08,-4.553279846906662,-2.9802322387695312e-08,1.1920928955078125e-07,-2.3283064365386963e-10,-5.960464477539063e-08
strength_lateral_HZ_2,T1-P044,N552,interior_applied_load,,96.125,69.75,147.143,-1.4901161193847656e-07,-4.553279861807823,-2.384185791015625e-07,2.384185791015625e-07,0.0,1.7881393432617188e-07
strength_lateral_HZ_2,T1-P045,N238,interior_applied_load,,96.125,69.75,150.143,-2.9802322387695312e-08,-19.418097257614136,2.384185791015625e-07,-5.960464477539063e-08,-4.656612873077393e-10,-1.8998980522155762e-07
strength_lateral_HZ_2,T1-P046,N346,interior_applied_load,,96.125,69.75,152.643,1.1920928955078125e-07,-3.271125018596649,-2.384185791015625e-07,0.0,2.3283064365386963e-10,0.0
strength_lateral_HZ_2,T1-P047,N347,interior_applied_load,,96.125,69.75,172.143,-1.1398946032816388e-14,-6.542250039411594,2.1734498011874227e-12,1.1377685412487133e-11,-3.767594372763722e-15,-2.494404975717798e-13
strength_lateral_HZ_2,T1-P048,N348,interior_applied_load,,96.125,69.75,191.643,-3.32334112798649e-08,-3.271125020956541,1.3246827990087695e-07,-1.9170546750046924e-07,-1.177288789346639e-11,3.115839240785956e-08
strength_lateral_HZ_2,T1-P049,N571,interior_applied_load,,96.125,69.75,193.643,-3.399369325991121e-08,-10.758229194218153,3.408561293617301e-07,-6.097946776169357e-07,-1.4856236309097196e-10,1.6373438487032908e-08
strength_lateral_HZ_2,T1-P050,N258,interior_applied_load,,102.781,69.75,116.0,-1.1326560408944013e-11,-299.1818588169679,8.219824638490572e-11,5.30687701506012e-15,8.125832515625002e-11,1.1361189913576123e-09
strength_lateral_HZ_2,T1-P051,N259,interior_applied_load,,110.361,69.75,116.0,-8.718384782823124e-11,-7.708593627241461,-1.043352319337835e-08,2.0511874811810967e-14,1.8423789419576741e-09,8.966170654242177e-09
strength_lateral_HZ_2,T1-P052,N239,interior_applied_load,,110.361,69.75,150.143,2.987160704608848e-11,-16.137343749996287,8.671335046453328e-13,1.5607765733074778e-12,4.487074751964766e-14,1.1018466795369554e-11
strength_lateral_HZ_2,T1-P053,N572,interior_applied_load,,110.361,69.75,193.643,2.088893968373926e-12,-16.137343749995477,1.1773612242567863e-12,-1.7877088273732038e-13,3.1925021897334325e-11,1.8888948725508658e-10
strength_lateral_HZ_2,T1-P054,N260,interior_applied_load,,112.125,69.75,116.0,-4.520950523503123e-11,-9.163802098805858,9.768353622983978e-10,-1.5524304891844637e-14,6.329292909196756e-09,2.1481646196409133e-08
strength_lateral_HZ_2,T1-P055,N360,interior_applied_load,,117.479,69.75,164.643,0.0,-8.659868109407398,-2.2737367544323206e-13,-4.547473508864641e-13,-1.8189894035458565e-11,-2.7284841053187847e-11
strength_lateral_HZ_2,T1-P056,N261,interior_applied_load,,121.469,69.75,116.0,4.166340110532657e-11,-309.47144223199126,2.5685878710368392e-11,3.558226878913507e-15,-4.1093755386635734e-10,3.857447848465498e-09
strength_lateral_HZ_2,T1-P057,N262,interior_applied_load,,138.833,69.75,116.0,-2.832983340073779e-10,-15.417187519333721,1.385373222580167e-08,2.818878107204079e-14,9.083144827251451e-10,-7.128978324755922e-09
strength_lateral_HZ_2,T1-P058,N240,interior_applied_load,,138.833,69.75,150.143,-3.638405484612838e-13,-18.826901041685556,1.3589582919523453e-11,1.060953872161594e-13,-3.1286287506628506e-10,-4.581718757112278e-10
strength_lateral_HZ_2,T1-P059,N361,interior_applied_load,,138.833,69.75,179.143,2.2820444713194724e-13,-8.65986810940671,2.8804683675269756e-13,5.3843632274235044e-12,3.301673581676086e-11,-2.940681992651789e-12
strength_lateral_HZ_2,T1-P060,N573,interior_applied_load,,138.833,69.75,193.643,-3.4273087577119248e-12,-18.826901041666716,-2.2640397643342657e-12,1.676837330613967e-11,5.2406201220123904e-12,-6.885150270969693e-11
strength_lateral_HZ_2,T1-P061,N263,interior_applied_load,,140.156,69.75,116.0,1.4284199568026454e-10,-303.94566104836287,5.442621634905058e-09,-2.0165588221579186e-14,-5.865686973309429e-09,-8.57789977073431e-08
strength_lateral_HZ_2,T1-P062,N264,interior_applied_load,,158.844,69.75,116.0,-8.768087925747465e-11,-303.9628486033865,1.885396021628146e-09,-3.186175473245783e-16,-1.1912241017820407e-08,-7.42828236080071e-08
strength_lateral_HZ_2,T1-P063,N265,interior_applied_load,,160.188,69.75,116.0,5.960464477539063e-08,-6.980989523231983,3.5762786865234375e-07,3.5762786865234375e-07,-5.820766091346741e-09,-2.086162567138672e-07
strength_lateral_HZ_2,T1-P064,N553,interior_applied_load,,160.188,69.75,120.0,-2.2351741790771484e-07,-4.553279854357243,5.960464477539063e-08,-3.5762786865234375e-07,0.0,-8.344650268554688e-07
strength_lateral_HZ_2,T1-P065,N554,interior_applied_load,,160.188,69.75,147.143,0.0,-4.553279846906662,3.5762786865234375e-07,4.76837158203125e-07,0.0,0.0
strength_lateral_HZ_2,T1-P066,N241,interior_applied_load,,160.188,69.75,150.143,-5.960464477539063e-08,-10.758229196071625,4.76837158203125e-07,0.0,-4.656612873077393e-10,3.725290298461914e-08
strength_lateral_HZ_2,T1-P067,N349,interior_applied_load,,160.188,69.75,152.643,-2.9802322387695312e-08,-3.271125018596649,0.0,0.0,-1.1641532182693481e-10,0.0
strength_lateral_HZ_2,T1-P068,N350,interior_applied_load,,160.188,69.75,172.143,3.5482505654273877e-13,-6.542250039417533,-6.749653751591341e-13,3.532421939140306e-11,6.942913970473087e-15,3.4330900417483725e-12
strength_lateral_HZ_2,T1-P069,N351,interior_applied_load,,160.188,69.75,191.643,6.232039562181768e-08,-3.2711250318835194,5.182727710190127e-08,-9.557548196065246e-07,6.255319758707576e-12,-1.050284459402917e-08
strength_lateral_HZ_2,T1-P070,N362,interior_applied_load,,160.188,69.75,193.643,1.3578610372516185e-07,-19.371952456687588,4.162400749551404e-07,-5.565038126256266e-07,1.896691212132609e-10,-1.5696748641069586e-07
strength_lateral_HZ_2,T1-P071,N266,interior_applied_load,,167.306,69.75,116.0,4.1931363974448135e-11,-14.308593786581799,-1.9692014234499911e-10,3.51888938331465e-16,-2.555135785887126e-09,2.8723149134921904e-09
strength_lateral_HZ_2,T1-P072,N242,interior_applied_load,,167.306,69.75,150.143,-4.943848182201632e-12,-13.447786458282824,-1.2584065414859357e-11,-1.3194356277304107e-13,9.620745290471747e-11,-1.1862986507240896e-10
strength_lateral_HZ_2,T1-P073,N574,interior_applied_load,,167.306,69.75,193.643,1.7097535227106667e-13,-13.447786458299404,-6.230914341693183e-12,-9.58576081063656e-14,5.383044930567847e-11,-6.930754828797561e-11
strength_lateral_HZ_2,T1-P074,N267,interior_applied_load,,177.531,69.75,116.0,5.986090350862652e-11,-310.9266504824844,3.7678640383588384e-12,-4.1457396318434436e-17,-1.0201859268681057e-11,1.0896873494706781e-10
strength_lateral_HZ_2,T1-P075,N363,interior_applied_load,,181.208,69.75,179.143,-9.669258400880331e-12,-8.567578545958602,-6.677596639427452e-13,-8.089431227578687e-12,-1.1287050429725025e-11,-7.803736530396962e-12
strength_lateral_HZ_2,T1-P076,N268,interior_applied_load,,195.778,69.75,116.0,6.640964415384324e-10,-15.417188104382944,5.201213475224372e-08,-7.05397821539243e-15,5.4397006188509944e-08,-5.6959913740099005e-08
strength_lateral_HZ_2,T1-P077,N243,interior_applied_load,,195.778,69.75,150.143,-4.582823866989597e-12,-21.138608335694848,-1.4649814895924995e-13,5.131350462705247e-14,1.51507741056948e-11,-2.028374377400146e-12
strength_lateral_HZ_2,T1-P078,N575,interior_applied_load,,195.778,69.75,193.643,-5.8606892043301436e-12,-21.13860833569525,-5.120164019272819e-12,1.2993790642754777e-14,-3.4057467123852136e-10,3.847199113321253e-10
strength_lateral_HZ_2,T1-P079,N269,interior_applied_load,,196.219,69.75,116.0,-7.670693628474438e-10,-554.7254901057712,8.36790745059747e-09,1.9147365393916377e-14,6.04496903003377e-08,1.1373239803351804e-08
strength_lateral_HZ_2,T1-P080,N364,interior_applied_load,,202.229,69.75,164.643,-3.637978807091713e-12,-8.567578545955257,6.821210263296962e-13,0.0,-2.7284841053187847e-12,4.547473508864641e-13
strength_lateral_HZ_2,T1-P081,N270,interior_applied_load,,214.906,69.75,116.0,2.6867093859174914e-11,-562.0702821751328,8.051075147388277e-11,-4.049058506185542e-16,-5.022406619533115e-10,3.370464876253051e-10
strength_lateral_HZ_2,T1-P082,N244,interior_applied_load,,223.25,69.75,150.143,-5.960464477539063e-08,-15.042018447071314,0.0,2.384185791015625e-07,-1.3445969671010971e-08,-5.960464477539063e-08
strength_lateral_HZ_2,T1-P083,N352,interior_applied_load,,223.25,69.75,152.643,0.0,-3.2711250223219395,-7.152557373046875e-07,0.0,5.820766091346741e-11,0.0
strength_lateral_HZ_2,T1-P084,N353,interior_applied_load,,223.25,69.75,172.143,-2.0060417910782753e-15,-6.542250039411986,2.4529626727128903e-13,2.8980201703722536e-12,-2.6517149135762305e-15,-1.913055955118643e-13
strength_lateral_HZ_2,T1-P085,N354,interior_applied_load,,223.25,69.75,191.643,-3.439756807166461e-08,-3.2711250250414703,-3.8172274007333695e-07,9.616112262716969e-08,-2.596457742792357e-12,-8.112373772739545e-09
strength_lateral_HZ_2,T1-P086,N576,interior_applied_load,,223.25,69.75,193.643,-9.598759237450238e-08,-10.758229160692162,-2.8761332048756433e-07,-2.5956475985361337e-07,-1.2265228456387802e-08,1.8036924997963134e-08
strength_lateral_HZ_2,T1-P087,N271,interior_applied_load,,224.25,69.75,116.0,3.7219257675857875e-09,-7.708593830138995,-6.231086673088296e-08,-2.390885319728664e-07,6.0187522395541684e-09,1.2710953301367098e-07
strength_lateral_HZ_2,T1-P088,N161,interface_action,T-E; T-E vertical 3,224.25,69.75,120.0,582.588507467648,1050.9326367037138,32.42063936078921,-130.86671234760433,3828.3613304768724,-8581.644838136854
strength_lateral_HZ_2,T1-P089,N426,interface_action,T-E; T-E vertical 3,224.25,69.75,121.5,-61.27425158210099,-268.1191249077674,-3.1454530409537256,-141.6842387043871,79.65075587828369,1061.9263906092383
strength_lateral_HZ_2,T1-P090,N427,interface_action,T-E vertical 3,224.25,69.75,144.689,3.064356038703832e-11,-3.8305158104829293,8.430558826773278e-11,2.256409947527017e-10,-3.945293264621393e-14,-1.8364121030915975e-11
strength_lateral_HZ_2,T1-P091,N555,interface_action,T-E vertical 3,224.25,69.75,147.143,-380.7610777914524,-794.1744690649211,-19.513631105422974,-378.5867667198181,508.33671568264253,-3164.995840549469
strength_lateral_HZ_2,T1-P092,N245,interface_action,T-E vertical 3,224.25,69.75,150.143,-34.076447039842606,2201.642830889672,21.965863704681396,341.12950825691223,-181.04081090301042,1156.9530255496502
strength_lateral_HZ_2,T1-P093,N466,interface_action,T-E diagonal 11; T-E diagonal 12; T-E top / segment 1; T-E vertical 3,224.25,69.75,193.643,-7.479562380222139,712.1272662515003,-1.7584942668935808,-187.3725788972214,-169.69543639872396,-1976.7713916656128
strength_lateral_HZ_-2,T1-P001,N246,interface_action,T-W / B-WO; T-W vertical 3,-32.0,69.75,116.0,-246.03406047821045,-28.934832006692886,12.657698810100555,810.3534792661667,630.3434198317118,1222.70281291008
strength_lateral_HZ_-2,T1-P002,N370,interface_action,T-W / B-WO; T-W vertical 3,-32.0,69.75,117.5,155.58795261383057,-267.79432889819145,20.257866501808167,770.5314413905144,10.331614028662443,-2795.545607328415
strength_lateral_HZ_-2,T1-P003,N547,interface_action,T-W vertical 3,-32.0,69.75,120.0,-155.58795319632307,263.4609090681515,-20.257866213595605,-719.8867760276825,-10.331614028189884,2406.5757222576067
strength_lateral_HZ_-2,T1-P004,N371,interface_action,T-W vertical 3,-32.0,69.75,142.022,7.1661032287659495e-12,-2.7379524229202845,1.577175665978033e-12,1.574967896699371e-12,-2.8296102333115492e-14,-6.533986394749131e-13
strength_lateral_HZ_-2,T1-P005,N548,interface_action,T-W vertical 3,-32.0,69.75,147.143,155.58795335888863,-275.18394888937473,20.25786644220352,170.02751326560974,10.331614028313197,1816.548093289137
strength_lateral_HZ_-2,T1-P006,N231,interface_action,T-W vertical 3,-32.0,69.75,150.143,3.2466763257980347,1239.8146560639143,-19.542088389396667,-219.3249595761299,-38.05361327342689,-225.49335551261902
strength_lateral_HZ_-2,T1-P007,N401,interface_action,T-W diagonal 10; T-W diagonal 9; T-W top / segment 1; T-W vertical 3,-32.0,69.75,193.643,-4.7849717249518875,1077.548840127207,-17.710884247859696,715.6936258480245,-183.43998924221356,1665.1630248767028
strength_lateral_HZ_-2,T1-P008,N232,interior_applied_load,,-31.0,69.75,150.143,-4.222602001391351e-08,-15.042018432483019,-1.9274068563390756e-07,-2.1806044969707727e-08,-9.240920917363837e-09,-4.0832674130797386e-08
strength_lateral_HZ_-2,T1-P009,N340,interior_applied_load,,-31.0,69.75,152.643,-1.913099854245954e-08,-3.2711250185196383,1.2509901944902963e-07,-2.803767579507089e-08,-8.201798852878116e-12,1.7450092466915236e-08
strength_lateral_HZ_-2,T1-P010,N341,interior_applied_load,,-31.0,69.75,172.143,8.77396779865492e-15,-6.542250039392456,-1.4699469564119998e-13,4.258249672899254e-13,-8.041965792122803e-16,1.7523775852669724e-14
strength_lateral_HZ_-2,T1-P011,N342,interior_applied_load,,-31.0,69.75,191.643,-3.5762786865234375e-07,-3.271125018596649,-4.76837158203125e-07,0.0,-1.4551915228366852e-11,2.384185791015625e-07
strength_lateral_HZ_-2,T1-P012,N566,interior_applied_load,,-31.0,69.75,193.643,2.384185791015625e-07,-10.75822913646698,-4.76837158203125e-07,-9.5367431640625e-07,8.149072527885437e-10,4.76837158203125e-07
strength_lateral_HZ_-2,T1-P013,N355,interior_applied_load,,-9.979,69.75,164.643,7.275957614183426e-12,-8.567578545957076,1.1368683772161603e-13,9.094947017729282e-13,-9.094947017729282e-13,9.094947017729282e-12
strength_lateral_HZ_-2,T1-P014,N247,interior_applied_load,,-3.528,69.75,116.0,4.321506647889132e-12,-34.108593662253426,-4.475975871040277e-13,-1.6140751075586662e-14,-2.314188257736623e-12,3.33842215557806e-10
strength_lateral_HZ_-2,T1-P015,N233,interior_applied_load,,-3.528,69.75,150.143,6.271538944232841e-12,-21.13860833569632,4.0225814599464356e-14,1.278300589422359e-13,4.3478787333151556e-13,8.040103324739323e-12
strength_lateral_HZ_-2,T1-P016,N567,interior_applied_load,,-3.528,69.75,193.643,1.7885619402064317e-12,-21.138608335695338,-2.1779756932035893e-14,-1.2943792685844135e-13,4.114877279842506e-12,1.6057361184509876e-11
strength_lateral_HZ_-2,T1-P017,N248,interior_applied_load,,9.344,69.75,116.0,-4.0399626713782294e-11,-310.9266504824119,-3.606815423034228e-12,9.793795218442486e-15,3.107956608336386e-11,5.324586219785337e-10
strength_lateral_HZ_-2,T1-P018,N356,interior_applied_load,,11.042,69.75,179.143,-2.3817497422530123e-11,-8.567578545954094,-9.273776233882644e-14,9.573337959034162e-13,1.2776047753241292e-12,-2.4387993882237832e-11
strength_lateral_HZ_-2,T1-P019,N249,interior_applied_load,,24.944,69.75,116.0,-9.89673121506583e-11,-15.417187656584263,-8.983585325122026e-11,1.6364088837422414e-14,-3.545722092580513e-10,-6.972021209267849e-09
strength_lateral_HZ_-2,T1-P020,N234,interior_applied_load,,24.944,69.75,150.143,4.433971919910974e-12,-13.447786458344549,6.416660038910366e-12,-2.848842023118873e-13,2.029480267424806e-11,2.392904276473058e-10
strength_lateral_HZ_-2,T1-P021,N568,interior_applied_load,,24.944,69.75,193.643,-4.1388441108908807e-11,-13.447786458523316,7.294248056688588e-11,-1.6479728086611843e-13,-1.3803427529488483e-10,-3.934364717247123e-10
strength_lateral_HZ_-2,T1-P022,N250,interior_applied_load,,28.031,69.75,116.0,-7.327038105587055e-11,-293.3094629610388,-4.929937390976594e-10,2.2361779294562764e-15,8.08456598556805e-10,1.3128597930842917e-08
strength_lateral_HZ_-2,T1-P023,N251,interior_applied_load,,32.062,69.75,116.0,-2.9802322387695312e-08,-15.417187437415123,2.9802322387695312e-08,0.0,-1.0477378964424133e-09,-5.960464477539063e-08
strength_lateral_HZ_-2,T1-P024,N549,interior_applied_load,,32.062,69.75,120.0,-2.9802322387695312e-08,-4.553279861807823,0.0,-2.9802322387695312e-08,-5.820766091346741e-11,0.0
strength_lateral_HZ_-2,T1-P025,N550,interior_applied_load,,32.062,69.75,147.143,5.960464477539063e-08,-4.553279861807823,1.1920928955078125e-07,2.086162567138672e-07,0.0,1.7881393432617188e-07
strength_lateral_HZ_-2,T1-P026,N235,interior_applied_load,,32.062,69.75,150.143,-2.980232238769531e-07,-10.758229166269302,-8.940696716308594e-08,2.980232238769531e-07,0.0,-2.980232238769531e-07
strength_lateral_HZ_-2,T1-P027,N343,interior_applied_load,,32.062,69.75,152.643,6.83962468883692e-08,-3.271125023209547,1.7887970216179383e-08,-5.723290996684227e-08,4.888534022029489e-11,3.9972236720586807e-07
strength_lateral_HZ_-2,T1-P028,N344,interior_applied_load,,32.062,69.75,172.143,-5.684341886080802e-14,-6.5422500394051895,0.0,0.0,0.0,-4.547473508864641e-13
strength_lateral_HZ_-2,T1-P029,N345,interior_applied_load,,32.062,69.75,191.643,-2.3975474050530465e-08,-3.2711250113497954,3.073542984566302e-07,3.601317075663246e-07,3.748796304805701e-11,3.337936504976824e-08
strength_lateral_HZ_-2,T1-P030,N357,interior_applied_load,,32.062,69.75,193.643,7.032495985685812e-08,-19.371952532913546,-2.1097159582315343e-07,-1.511401006929619e-08,-1.0477586060462927e-10,-2.107794119721007e-09
strength_lateral_HZ_-2,T1-P031,N252,interior_applied_load,,46.719,69.75,116.0,1.2094795594184245e-10,-305.0542546499114,2.4238731814143648e-11,-7.249818592551413e-15,-6.31155431072535e-10,-4.759085633670676e-09
strength_lateral_HZ_-2,T1-P032,N253,interior_applied_load,,53.417,69.75,116.0,-1.2388742095301617e-10,-15.417187442616125,-1.4194337267125863e-10,-7.011025522411934e-15,-5.842628180105802e-10,-1.2062375138049376e-08
strength_lateral_HZ_-2,T1-P033,N236,interior_applied_load,,53.417,69.75,150.143,-6.518042959121763e-12,-18.826901041663472,-5.350943373435605e-13,-4.993985656423938e-13,7.549184863131064e-12,6.84193529963297e-11
strength_lateral_HZ_-2,T1-P034,N358,interior_applied_load,,53.417,69.75,179.143,-1.1401885699842946e-11,-8.659868109417628,6.962601923081444e-13,-2.7398846068301334e-12,2.7474760509357695e-11,-1.297204514533489e-13
strength_lateral_HZ_-2,T1-P035,N569,interior_applied_load,,53.417,69.75,193.643,2.394521444156507e-12,-18.826901041664456,-1.046334539104278e-12,-8.404010251581533e-12,3.8950908143578434e-13,-4.680075186245817e-13
strength_lateral_HZ_-2,T1-P036,N254,interior_applied_load,,65.406,69.75,116.0,-5.487943607748724e-11,-310.9266504823779,-1.7920001202388538e-11,-4.487427556120462e-15,2.0123155680170604e-10,-2.134563525260873e-09
strength_lateral_HZ_-2,T1-P037,N359,interior_applied_load,,74.771,69.75,164.643,2.9103830456733704e-11,-8.659868109432864,3.410605131648481e-13,-2.9558577807620168e-12,-3.637978807091713e-12,-3.637978807091713e-12
strength_lateral_HZ_-2,T1-P038,N255,interior_applied_load,,81.889,69.75,116.0,7.1571721886873426e-12,-15.417187434247738,-5.946557198415242e-10,8.551914356047478e-14,-6.1101218142569e-10,6.0378951630496656e-09
strength_lateral_HZ_-2,T1-P039,N237,interior_applied_load,,81.889,69.75,150.143,5.4271411684534625e-12,-16.1373437499988,1.8472887792677891e-13,1.7295276779031718e-13,3.16285202249496e-13,2.153146182400525e-11
strength_lateral_HZ_-2,T1-P040,N570,interior_applied_load,,81.889,69.75,193.643,-9.864523605924112e-12,-16.137343749976516,-5.420725848686287e-12,-1.7496140451505783e-13,1.2192592775241193e-10,4.762418965236485e-10
strength_lateral_HZ_-2,T1-P041,N256,interior_applied_load,,84.094,69.75,116.0,-1.2074177519642025e-11,-299.18185882721406,-1.456717561520803e-10,2.7285278984705992e-14,-2.732725379900549e-10,-1.1685128073006388e-08
strength_lateral_HZ_-2,T1-P042,N257,interior_applied_load,,96.125,69.75,116.0,-1.1920928955078125e-07,-15.417187675833702,0.0,-2.9802322387695312e-08,5.820766091346741e-11,-3.5762786865234375e-07
strength_lateral_HZ_-2,T1-P043,N551,interior_applied_load,,96.125,69.75,120.0,1.1920928955078125e-07,-4.553279846906662,0.0,0.0,0.0,5.960464477539063e-08
strength_lateral_HZ_-2,T1-P044,N552,interior_applied_load,,96.125,69.75,147.143,-1.1920928955078125e-07,-4.553279846906662,1.30385160446167e-07,1.1175870895385742e-07,0.0,0.0
strength_lateral_HZ_-2,T1-P045,N238,interior_applied_load,,96.125,69.75,150.143,-2.384185791015625e-07,-19.418097257614136,4.470348358154297e-08,1.4901161193847656e-08,0.0,-1.7881393432617188e-07
strength_lateral_HZ_-2,T1-P046,N346,interior_applied_load,,96.125,69.75,152.643,2.384185791015625e-07,-3.2711250483989716,-2.9802322387695312e-08,-1.4901161193847656e-08,-1.1641532182693481e-10,5.960464477539063e-08
strength_lateral_HZ_-2,T1-P047,N347,interior_applied_load,,96.125,69.75,172.143,-1.1117383319546113e-13,-6.542250039388122,9.328145558931547e-13,6.0701736080699674e-12,-5.170357162456422e-15,1.074656966291799e-12
strength_lateral_HZ_-2,T1-P048,N348,interior_applied_load,,96.125,69.75,191.643,4.031838796159093e-08,-3.271125036684083,2.954193671911298e-07,2.3099364199197225e-08,-5.963588570074376e-11,-3.910253409955544e-08
strength_lateral_HZ_-2,T1-P049,N571,interior_applied_load,,96.125,69.75,193.643,4.7119557400940507e-08,-10.758229167483421,2.8467002568517643e-09,1.3658391000324836e-07,4.507564202360246e-11,4.661801123543267e-08
strength_lateral_HZ_-2,T1-P050,N258,interior_applied_load,,102.781,69.75,116.0,-1.351617548628629e-11,-299.1818588177843,-5.225640519330611e-11,9.922127462896359e-15,-1.879615133881228e-10,2.7559849581598615e-09
strength_lateral_HZ_-2,T1-P051,N259,interior_applied_load,,110.361,69.75,116.0,-3.5110798545727517e-10,-7.708593651443698,4.366748286607957e-09,-6.051328824417614e-14,1.7134892038470195e-09,-4.3507375625753747e-08
strength_lateral_HZ_-2,T1-P052,N239,interior_applied_load,,110.361,69.75,150.143,-7.294282850404814e-11,-16.137343749995296,-6.04140690077777e-14,-8.195716320808637e-12,-4.933554730732011e-13,1.5066259085094727e-11
strength_lateral_HZ_-2,T1-P053,N572,interior_applied_load,,110.361,69.75,193.643,-1.7520774868350383e-11,-16.137343750000575,3.004149133261666e-12,5.282858944650732e-14,3.871152182310613e-11,4.80068986903495e-10
strength_lateral_HZ_-2,T1-P054,N260,interior_applied_load,,112.125,69.75,116.0,-2.740590235551093e-11,-9.163802056593141,3.011612149186166e-09,7.016072393010296e-14,-5.212931979487211e-10,-4.093770279149863e-08
strength_lateral_HZ_-2,T1-P055,N360,interior_applied_load,,117.479,69.75,164.643,-7.275957614183426e-12,-8.659868109392846,-3.979039320256561e-13,3.694822225952521e-13,2.5011104298755527e-12,-4.547473508864641e-11
strength_lateral_HZ_-2,T1-P056,N261,interior_applied_load,,121.469,69.75,116.0,7.272348639319119e-12,-309.47144223215327,-2.8529429840606855e-12,1.333596957974863e-15,4.364484674903865e-10,5.527964745383643e-09
strength_lateral_HZ_-2,T1-P057,N262,interior_applied_load,,138.833,69.75,116.0,-8.041209345735578e-11,-15.417187390825545,-1.9586724719541967e-09,8.047243364311131e-14,-1.6298501618602177e-09,1.023066413365445e-07
strength_lateral_HZ_-2,T1-P058,N240,interior_applied_load,,138.833,69.75,150.143,-7.429198810903775e-13,-18.82690104169445,-3.9358546128750887e-13,1.8470369408816654e-13,3.78716724031414e-12,-6.671861706562998e-10
strength_lateral_HZ_-2,T1-P059,N361,interior_applied_load,,138.833,69.75,179.143,1.4377668938516193e-11,-8.659868109394226,1.6880399104401038e-13,-6.372098642091154e-13,1.1116324939395364e-11,-2.166049290528424e-12
strength_lateral_HZ_-2,T1-P060,N573,interior_applied_load,,138.833,69.75,193.643,-1.3454625059609172e-12,-18.826901041664136,-2.485325039896963e-13,-1.734832067280897e-11,-1.1485547992961847e-11,-4.153134645418394e-11
strength_lateral_HZ_-2,T1-P061,N263,interior_applied_load,,140.156,69.75,116.0,3.302121839231644e-10,-303.9456612376983,-3.6118553091971765e-09,3.4028551288833085e-15,3.6478798002481204e-10,-3.8944784477467906e-08
strength_lateral_HZ_-2,T1-P062,N264,interior_applied_load,,158.844,69.75,116.0,1.7387941798018244e-10,-303.96284853798056,-1.1524495833830197e-08,6.714544163372441e-14,1.05771194878731e-08,3.185592174196244e-08
strength_lateral_HZ_-2,T1-P063,N265,interior_applied_load,,160.188,69.75,116.0,-4.172325134277344e-07,-6.980989769101143,-2.9802322387695312e-08,-5.960464477539063e-08,1.9208528101444244e-09,4.172325134277344e-07
strength_lateral_HZ_-2,T1-P064,N553,interior_applied_load,,160.188,69.75,120.0,1.7881393432617188e-07,-4.553279846906662,2.9802322387695312e-08,0.0,5.820766091346741e-11,2.384185791015625e-07
strength_lateral_HZ_-2,T1-P065,N554,interior_applied_load,,160.188,69.75,147.143,2.9802322387695312e-08,-4.553279846906662,0.0,2.9802322387695312e-08,1.1641532182693481e-10,0.0
strength_lateral_HZ_-2,T1-P066,N241,interior_applied_load,,160.188,69.75,150.143,1.1920928955078125e-07,-10.758229225873947,-5.960464477539063e-08,1.30385160446167e-08,2.3283064365386963e-10,1.1920928955078125e-07
strength_lateral_HZ_-2,T1-P067,N349,interior_applied_load,,160.188,69.75,152.643,0.0,-3.271125018596649,1.4901161193847656e-08,0.0,0.0,1.1920928955078125e-07
strength_lateral_HZ_-2,T1-P068,N350,interior_applied_load,,160.188,69.75,172.143,4.987910099600274e-13,-6.542250039419297,-2.3596299449921865e-14,2.9768270489765513e-12,-1.7767977882061515e-14,3.7800182170717506e-12
strength_lateral_HZ_-2,T1-P069,N351,interior_applied_load,,160.188,69.75,191.643,-8.636787311028238e-07,-3.2711250496408315,-1.260851513196215e-07,-1.287602511279573e-07,-7.388635726965977e-11,6.024837345408596e-07
strength_lateral_HZ_-2,T1-P070,N362,interior_applied_load,,160.188,69.75,193.643,5.311347464709253e-07,-19.371952457621727,1.430761290004657e-07,-2.765580775809235e-08,2.988842949324655e-11,2.5070227806547103e-07
strength_lateral_HZ_-2,T1-P071,N266,interior_applied_load,,167.306,69.75,116.0,1.5521743476913664e-11,-14.308593786978834,-1.2091767915196426e-10,2.3089400136839624e-14,4.938400090388997e-10,9.396397334201754e-10
strength_lateral_HZ_-2,T1-P072,N242,interior_applied_load,,167.306,69.75,150.143,1.369769435018684e-11,-13.447786458307494,-7.575003144925246e-13,9.047492329985852e-14,-8.117330806459326e-12,1.5266216976169143e-10
strength_lateral_HZ_-2,T1-P073,N574,interior_applied_load,,167.306,69.75,193.643,-9.405065237787731e-12,-13.44778645832995,-6.36252054624097e-13,-1.0522579644342315e-13,9.709654374237911e-12,4.003578273306408e-11
strength_lateral_HZ_-2,T1-P074,N267,interior_applied_load,,177.531,69.75,116.0,-2.474602099105129e-11,-310.9266504824243,-1.0854009392624235e-11,-6.339555266844068e-15,-1.2186377196693577e-10,1.3781971180982648e-10
strength_lateral_HZ_-2,T1-P075,N363,interior_applied_load,,181.208,69.75,179.143,-1.747732359539302e-11,-8.567578545948917,-8.492720835802131e-14,4.902927897320762e-14,4.085952727770358e-13,9.532919637591913e-12
strength_lateral_HZ_-2,T1-P076,N268,interior_applied_load,,195.778,69.75,116.0,1.0910535442016932e-09,-15.417188525794048,-5.8960039029787724e-09,-3.7913311581246324e-13,-3.382956786041479e-08,-6.273938484226968e-08
strength_lateral_HZ_-2,T1-P077,N243,interior_applied_load,,195.778,69.75,150.143,-9.083523667528393e-12,-21.138608335694922,3.268281066061631e-15,-4.697762047384624e-13,-1.4947131021443587e-12,1.938967075393203e-11
strength_lateral_HZ_-2,T1-P078,N575,interior_applied_load,,195.778,69.75,193.643,7.6481591565187e-12,-21.138608335700052,6.987398371622791e-13,4.244979553946087e-13,-8.872496990772714e-11,3.2554567361846687e-10
strength_lateral_HZ_-2,T1-P079,N269,interior_applied_load,,196.219,69.75,116.0,-2.0015928858476847e-10,-554.7254896958418,-2.3685467894191478e-07,3.620516589292141e-13,6.307697067628785e-09,-2.566690947185207e-07
strength_lateral_HZ_-2,T1-P080,N364,interior_applied_load,,202.229,69.75,164.643,0.0,-8.567578545960714,2.842170943040401e-14,-4.547473508864641e-13,-4.547473508864641e-13,8.185452315956354e-12
strength_lateral_HZ_-2,T1-P081,N270,interior_applied_load,,214.906,69.75,116.0,3.718968521251438e-11,-562.070282175077,-9.131434762596066e-11,-3.4887816716524612e-15,-4.3806601343559617e-11,3.503194017104393e-10
strength_lateral_HZ_-2,T1-P082,N244,interior_applied_load,,223.25,69.75,150.143,1.1920928955078125e-07,-15.042018428444862,1.1920928955078125e-07,2.384185791015625e-07,-2.561137080192566e-09,0.0
strength_lateral_HZ_-2,T1-P083,N352,interior_applied_load,,223.25,69.75,152.643,-2.384185791015625e-07,-3.2711250334978104,-1.1920928955078125e-07,1.1920928955078125e-07,0.0,-2.384185791015625e-07
strength_lateral_HZ_-2,T1-P084,N353,interior_applied_load,,223.25,69.75,172.143,5.4066985352579416e-14,-6.542250039412577,2.8117730971834027e-15,-1.917900897354259e-13,1.3724586316733773e-14,-4.3663818087965624e-13
strength_lateral_HZ_-2,T1-P085,N354,interior_applied_load,,223.25,69.75,191.643,-6.648258096819681e-09,-3.271125019339012,-3.642589385677297e-08,-3.1739508798978022e-09,-1.9670908748313932e-11,-6.665878446443507e-08
strength_lateral_HZ_-2,T1-P086,N576,interior_applied_load,,223.25,69.75,193.643,2.9931322462206644e-08,-10.758229143372617,-5.40527939294907e-09,-7.177902152402112e-08,1.7497852368226565e-08,2.120817453597255e-09
strength_lateral_HZ_-2,T1-P087,N271,interior_applied_load,,224.25,69.75,116.0,-9.358448349594539e-08,-7.708593830893243,-4.201010489214466e-08,4.0696332966568615e-08,3.654602012569939e-09,4.4926120784712334e-07
strength_lateral_HZ_-2,T1-P088,N161,interface_action,T-E; T-E vertical 3,224.25,69.75,120.0,574.9280269404408,1046.3674791080412,2.120741348247975,-0.11927171004936099,515.3047329169403,-8162.246193580446
strength_lateral_HZ_-2,T1-P089,N426,interface_action,T-E; T-E vertical 3,224.25,69.75,121.5,-69.68037390033714,-156.40487670642324,8.8823071452789,409.5290777795017,26.45775124241709,1181.1684036700753
strength_lateral_HZ_-2,T1-P090,N427,interface_action,T-E vertical 3,224.25,69.75,144.689,4.076270933280744e-11,-3.8305158104184187,3.031281686326352e-11,-5.528642102818953e-11,3.688984545845655e-14,-7.21616363360116e-12
strength_lateral_HZ_-2,T1-P091,N555,interface_action,T-E vertical 3,224.25,69.75,147.143,-432.99711668491364,-469.50077590346336,55.103689670562744,1127.5956382751465,168.8552258244017,-3763.509117245674
strength_lateral_HZ_-2,T1-P092,N245,interface_action,T-E vertical 3,224.25,69.75,150.143,-75.49026590585709,1851.5430413037539,-52.01155284047127,-1013.9162240624428,23.644121554214507,1813.4914791584015
strength_lateral_HZ_-2,T1-P093,N466,interface_action,T-E diagonal 11; T-E diagonal 12; T-E top / segment 1; T-E vertical 3,224.25,69.75,193.643,95.2241343548568,659.126605387356,-9.757777417298682,171.6458719790894,-41.982480733394056,-2488.6271342083555
basic_Dfloor,T1-P001,N246,interface_action,T-W / B-WO; T-W vertical 3,-32.0,69.75,116.0,-45.65669775009155,19.03235002607107,-1.6648357808589935,93.76515287160873,437.25333057472017,234.08609998226166
basic_Dfloor,T1-P002,N370,interface_action,T-W / B-WO; T-W vertical 3,-32.0,69.75,117.5,37.54857009649277,-34.55032670125365,2.345368519425392,89.32937978208065,10.055693369533401,-672.6986107230186
basic_Dfloor,T1-P003,N547,interface_action,T-W vertical 3,-32.0,69.75,120.0,-37.548570196010736,34.550326701671814,-2.3453685180306776,-83.46595847306557,-10.055693369498602,578.827185030955
basic_Dfloor,T1-P005,N548,interface_action,T-W vertical 3,-32.0,69.75,147.143,37.548570200800896,-34.55032670684159,2.3453685268759727,19.805620804429054,10.055693369533401,440.3536557145417
basic_Dfloor,T1-P006,N231,interface_action,T-W vertical 3,-32.0,69.75,150.143,4.413238488137722,237.5396876204759,-2.218540459871292,-23.795377038419247,-2.9130327792663593,-104.13661247491837
basic_Dfloor,T1-P007,N401,interface_action,T-W diagonal 10; T-W diagonal 9; T-W top / segment 1; T-W vertical 3,-32.0,69.75,193.643,-10.169114035280545,233.45633685267927,-2.1066047453490673,91.63500845057712,3.52926660140979,677.3618053474057
basic_Dfloor,T1-P017,N248,interior_applied_load,,9.344,69.75,116.0,-1.4445022569974976e-11,-86.23112014472458,-5.10869453049981e-13,2.5546616143650917e-15,5.628048128243895e-12,-1.248084038586965e-10
basic_Dfloor,T1-P022,N250,interior_applied_load,,28.031,69.75,116.0,2.850030416107752e-11,-86.23112014150169,-5.570958231549435e-11,-1.035373584854539e-15,1.2226724027338316e-10,3.5910952042758333e-09
basic_Dfloor,T1-P031,N252,interior_applied_load,,46.719,69.75,116.0,1.8338225210839075e-11,-86.23112014471079,-2.514459414351257e-12,-2.3091942190159284e-15,-3.1535582360979474e-12,1.5466679379209867e-09
basic_Dfloor,T1-P036,N254,interior_applied_load,,65.406,69.75,116.0,-4.760989496044499e-13,-86.23112014476787,2.5388033059095956e-13,-1.0037603573265984e-15,-1.9776481435723118e-12,-6.911145358157965e-10
basic_Dfloor,T1-P041,N256,interior_applied_load,,84.094,69.75,116.0,-3.231764868902829e-11,-86.2311201423761,-2.7356242174698445e-12,4.854870610210301e-15,9.46311423986015e-12,-4.35842058284927e-09
basic_Dfloor,T1-P050,N258,interior_applied_load,,102.781,69.75,116.0,-1.5629780147508486e-11,-86.23112014475977,1.7079302629693863e-12,7.553199303899693e-16,6.417831508982773e-12,1.2125313477888784e-09
basic_Dfloor,T1-P056,N261,interior_applied_load,,121.469,69.75,116.0,6.798260996792588e-12,-86.23112014467755,1.4585397040878494e-12,3.1964469101100497e-16,1.8185689838428982e-12,2.17151288937525e-10
basic_Dfloor,T1-P061,N263,interior_applied_load,,140.156,69.75,116.0,1.1007608083022552e-11,-86.23112016849858,-3.687337064541956e-10,1.8737533700745118e-15,-4.0717112312160616e-10,-4.620720881856908e-09
basic_Dfloor,T1-P062,N264,interior_applied_load,,158.844,69.75,116.0,4.757353259726888e-11,-86.23112017013334,1.8296120631879196e-10,8.718003836120817e-16,-2.0367212283836764e-10,-1.177773457424611e-08
basic_Dfloor,T1-P074,N267,interior_applied_load,,177.531,69.75,116.0,9.67283711437232e-12,-86.23112014472827,8.726553156397849e-14,-2.866161202009115e-16,2.367102136502059e-12,5.783106134476186e-11
basic_Dfloor,T1-P079,N269,interior_applied_load,,196.219,69.75,116.0,8.369394373196503e-11,-86.23112025751617,8.407672273959165e-09,2.6824022930147723e-15,4.0709017458911415e-10,3.830208283926375e-08
basic_Dfloor,T1-P081,N270,interior_applied_load,,214.906,69.75,116.0,-2.081939867642593e-11,-86.23112014474185,-8.010589437506509e-13,1.3267628380639513e-15,-3.521157396994782e-12,-1.7053838197860298e-11
basic_Dfloor,T1-P088,N161,interface_action,T-E; T-E vertical 3,224.25,69.75,120.0,125.7172922573518,174.06357155696605,3.6733426666614832,-13.754377718883916,453.01784504209036,-1485.7372940687055
basic_Dfloor,T1-P089,N426,interface_action,T-E; T-E vertical 3,224.25,69.75,121.5,-14.198786574066617,-33.44833650570945,0.4427953950216761,20.76702184395981,14.474932948826904,237.85071413690457
basic_Dfloor,T1-P091,N555,interface_action,T-E vertical 3,224.25,69.75,147.143,-88.23192677646875,-97.21047331485897,2.746995747089386,58.39237890392542,92.3800382532063,-784.5157873779535
basic_Dfloor,T1-P092,N245,interface_action,T-E vertical 3,224.25,69.75,150.143,-20.133000530302525,389.83161001559347,-2.1853633746504784,-39.60744857043028,-40.3867237396189,422.62801064550877
basic_Dfloor,T1-P093,N466,interface_action,T-E diagonal 11; T-E diagonal 12; T-E top / segment 1; T-E vertical 3,224.25,69.75,193.643,10.710424840052882,146.05902231047503,-1.033157826357155,11.214858917374043,-33.47937923045634,-593.9597813786276
basic_Droof,T1-P001,N246,interface_action,T-W / B-WO; T-W vertical 3,-32.0,69.75,116.0,-9.11318689584732,-31.50382924824953,2.530399851500988,194.31340891867876,165.04517467833648,-207.65885144472122
basic_Droof,T1-P002,N370,interface_action,T-W / B-WO; T-W vertical 3,-32.0,69.75,117.5,-2.624716281890869,-25.97102614492178,4.4572941064834595,184.53653812408447,-5.521051402145531,42.576670467853546
basic_Droof,T1-P003,N547,interface_action,T-W vertical 3,-32.0,69.75,120.0,2.6247163463772907,25.97102613489368,-4.457294056995221,-173.39330296040592,5.521051402160768,-36.014879699907205
basic_Droof,T1-P005,N548,interface_action,T-W vertical 3,-32.0,69.75,147.143,-2.624716330319643,-25.97102614119649,4.457294091582298,52.40897026658058,-5.521051402145531,-35.2277958355844
basic_Droof,T1-P006,N231,interface_action,T-W vertical 3,-32.0,69.75,150.143,-0.486176785081625,22.463784866034985,-4.1519302278757095,-47.70605485141277,-1.4412651979509974,10.295577812939882
basic_Droof,T1-P007,N401,interface_action,T-W diagonal 10; T-W diagonal 9; T-W top / segment 1; T-W vertical 3,-32.0,69.75,193.643,8.28658500551255,24.352161026918978,-3.9813774768898553,174.44081265720675,-3.2814351982485372,0.14104553387004118
basic_Droof,T1-P088,N161,interface_action,T-E; T-E vertical 3,224.25,69.75,120.0,-4.893573402106995,6.947714145935606,1.236976612432045,-4.839446052137646,144.8794498337325,-359.49976863242773
basic_Droof,T1-P089,N426,interface_action,T-E; T-E vertical 3,224.25,69.75,121.5,-1.6634108865400776,18.18690482605598,0.17714321125822607,12.410470442307997,1.6632189601539267,20.505968002304144
basic_Droof,T1-P091,N555,interface_action,T-E vertical 3,224.25,69.75,147.143,-10.336513388901949,52.856369284912944,1.098953701555729,48.81109273433685,10.614780165520642,-137.6341643705964
basic_Droof,T1-P092,N245,interface_action,T-E vertical 3,224.25,69.75,150.143,-6.572726218029857,-53.238576520234346,-0.6959663853049278,-55.33322332799435,7.185593488418817,126.39633879065514
basic_Droof,T1-P093,N466,interface_action,T-E diagonal 11; T-E diagonal 12; T-E top / segment 1; T-E vertical 3,224.25,69.75,193.643,27.403718832093958,-14.093502127063118,-0.6714931824757494,-26.68185924925628,-25.58090201040201,-50.94840718778909
basic_Dsteel,T1-P001,N246,interface_action,T-W / B-WO; T-W vertical 3,-32.0,69.75,116.0,-55.15740901231766,-49.18905331939459,1.6065523065626621,210.7743803523481,366.88096497999504,500.1360981464386
basic_Dsteel,T1-P002,N370,interface_action,T-W / B-WO; T-W vertical 3,-32.0,69.75,117.5,21.735187232494354,-100.75017499923706,5.514536201953888,200.94549714773893,17.91950950169121,-394.73719930648804
basic_Dsteel,T1-P003,N547,interface_action,T-W vertical 3,-32.0,69.75,120.0,-21.735187014261538,97.13899180366593,-5.5145361811117795,-187.15915664374506,-17.91950950163657,340.39923174394664
basic_Dsteel,T1-P004,N371,interface_action,T-W vertical 3,-32.0,69.75,142.022,3.400688327951127e-13,-2.2816270190905295,-1.46694658471035e-12,-1.3640475436520538e-12,3.2258326565710142e-15,2.7073920030046857e-13
basic_Dsteel,T1-P005,N548,interface_action,T-W vertical 3,-32.0,69.75,147.143,21.735187029466033,-106.90819163993001,5.514536201953888,37.478101044893265,17.91950950161845,249.55894968658686
basic_Dsteel,T1-P006,N231,interface_action,T-W vertical 3,-32.0,69.75,150.143,-10.284952349960804,337.08442687243223,-5.741264715790749,-65.73542931675911,-25.44444812493748,120.39939834177494
basic_Dsteel,T1-P007,N401,interface_action,T-W diagonal 10; T-W diagonal 9; T-W top / segment 1; T-W vertical 3,-32.0,69.75,193.643,6.383916687048446,218.02780290679632,-3.191508006482115,195.3970375870073,-234.4819850864432,-551.2315447010598
basic_Dsteel,T1-P008,N232,interior_applied_load,,-31.0,69.75,150.143,-1.7553247744217515e-09,-12.535015357222619,3.275130211477517e-08,2.4605583348602522e-08,-2.9875764084863476e-09,-9.949872037395835e-10
basic_Dsteel,T1-P009,N340,interior_applied_load,,-31.0,69.75,152.643,3.3806216686480035e-09,-2.725937518487483,-4.7167863628306035e-09,2.5131223486099116e-08,8.600977339789615e-12,5.370063903168273e-09
basic_Dsteel,T1-P010,N341,interior_applied_load,,-31.0,69.75,172.143,3.206529238925026e-15,-5.451875032842097,-6.483643636270059e-15,1.26587176129838e-13,5.3600134459451456e-15,1.2751875124854094e-14
basic_Dsteel,T1-P011,N342,interior_applied_load,,-31.0,69.75,191.643,0.0,-2.725937519222498,0.0,1.1920928955078125e-07,1.1641532182693481e-10,-2.2351741790771484e-08
basic_Dsteel,T1-P012,N566,interior_applied_load,,-31.0,69.75,193.643,3.725290298461914e-09,-8.965190969407558,0.0,0.0,0.0,2.2351741790771484e-08
basic_Dsteel,T1-P013,N355,interior_applied_load,,-9.979,69.75,164.643,1.8189894035458565e-12,-7.139648788296654,0.0,0.0,-1.1368683772161603e-13,4.547473508864641e-13
basic_Dsteel,T1-P014,N247,interior_applied_load,,-3.528,69.75,116.0,3.0471486486456715e-12,-28.423828051936237,1.1228122001502967e-13,-5.775830962914265e-15,-1.3104856433523334e-12,1.4080293038644244e-10
basic_Dsteel,T1-P015,N233,interior_applied_load,,-3.528,69.75,150.143,1.0716625497800717e-12,-17.615506946412662,7.985839411531187e-14,-2.7129391719055042e-14,1.4663864684991613e-12,7.22778134757478e-13
basic_Dsteel,T1-P016,N567,interior_applied_load,,-3.528,69.75,193.643,-1.9986739526819875e-13,-17.615506946412598,1.224731086623933e-13,-3.6894658847911816e-14,-1.4365942222096115e-12,-5.296680801890618e-13
basic_Dsteel,T1-P017,N248,interior_applied_load,,9.344,69.75,116.0,-8.851202119357057e-12,-19.57465277780832,-2.536206583743994e-13,3.845688052967266e-15,-2.7485295207186613e-12,2.2483558344107706e-10
basic_Dsteel,T1-P018,N356,interior_applied_load,,11.042,69.75,179.143,-2.5423659056514674e-12,-7.139648788296589,-3.203743177556911e-14,2.7746331227743425e-13,8.405358587983263e-14,-3.4267711670209522e-12
basic_Dsteel,T1-P019,N249,interior_applied_load,,24.944,69.75,116.0,-1.5766825411826447e-11,-12.847656380627994,-1.1556429580049144e-11,9.244648004611532e-15,-6.277749465277013e-14,-2.2372159135736043e-09
basic_Dsteel,T1-P020,N234,interior_applied_load,,24.944,69.75,150.143,-4.432908221711032e-13,-11.206488715312167,1.317384844974283e-11,-3.270919455282393e-13,-2.75174229639953e-11,-1.0647946893795543e-10
basic_Dsteel,T1-P021,N568,interior_applied_load,,24.944,69.75,193.643,-1.0196732315022183e-12,-11.206488715306635,6.649266432704361e-12,-2.0308057194066817e-13,-2.45190984212852e-11,-2.524828725952161e-11
basic_Dsteel,T1-P022,N250,interior_applied_load,,28.031,69.75,116.0,-2.843327502351726e-12,-4.893663189490027,-7.011306076084554e-12,5.070128638639461e-15,9.67270764700569e-12,-2.918671663378382e-09
basic_Dsteel,T1-P023,N251,interior_applied_load,,32.062,69.75,116.0,-3.725290298461914e-09,-12.847656201571226,-2.3283064365386963e-10,0.0,0.0,-7.450580596923828e-09
basic_Dsteel,T1-P024,N549,interior_applied_load,,32.062,69.75,120.0,0.0,-3.7943998761475086,-2.3283064365386963e-10,-1.6298145055770874e-09,-1.4551915228366852e-11,7.450580596923828e-09
basic_Dsteel,T1-P025,N550,interior_applied_load,,32.062,69.75,147.143,4.842877388000488e-08,-3.7943998761475086,0.0,-2.9802322387695312e-08,-7.275957614183426e-12,-4.0978193283081055e-08
basic_Dsteel,T1-P026,N235,interior_applied_load,,32.062,69.75,150.143,-1.4901161193847656e-08,-8.965190969407558,7.450580596923828e-08,0.0,-1.4551915228366852e-11,-1.8998980522155762e-07
basic_Dsteel,T1-P027,N343,interior_applied_load,,32.062,69.75,152.643,-3.5301161993572805e-08,-2.7259375149102163,1.801033278070463e-08,1.626119683351135e-08,-1.7994494783124537e-12,-1.2653757153202605e-08
basic_Dsteel,T1-P028,N344,interior_applied_load,,32.062,69.75,172.143,-7.105427357601002e-15,-5.4518750328461465,0.0,-4.547473508864641e-13,-8.881784197001252e-16,0.0
basic_Dsteel,T1-P029,N345,interior_applied_load,,32.062,69.75,191.643,6.598803281576693e-09,-2.725937521423475,1.38095401780447e-07,1.9318667909828946e-07,9.14257900096032e-12,-4.694868493970716e-09
basic_Dsteel,T1-P030,N357,interior_applied_load,,32.062,69.75,193.643,1.71189105509654e-08,-16.143293747523348,-1.1989775273972036e-07,2.453546940067281e-07,2.895891676777001e-11,-1.574072888363638e-08
basic_Dsteel,T1-P031,N252,interior_applied_load,,46.719,69.75,116.0,2.2040169777468156e-12,-14.680989583420027,3.652397376359032e-13,-5.049560570602155e-15,6.372334789908193e-12,-3.4457576254379203e-10
basic_Dsteel,T1-P032,N253,interior_applied_load,,53.417,69.75,116.0,-2.1360916301709097e-12,-12.847656202651091,1.4889274280780099e-12,1.5015273308838582e-15,1.6636372476981363e-11,-1.4894274458277174e-09
basic_Dsteel,T1-P033,N236,interior_applied_load,,53.417,69.75,150.143,-9.785153557737448e-13,-15.689084201387663,9.074962543740265e-13,-4.4292400516095937e-14,3.18452812431638e-11,1.1935207652803213e-10
basic_Dsteel,T1-P034,N358,interior_applied_load,,53.417,69.75,179.143,1.1624238201345168e-12,-7.21655675784397,2.6399510385077585e-13,-1.0261207069595378e-11,-7.191355668975648e-12,-3.1854466022929067e-12
basic_Dsteel,T1-P035,N569,interior_applied_load,,53.417,69.75,193.643,2.0564026362923974e-13,-15.689084201388386,-3.665928640008066e-13,2.013100043979103e-12,-4.833927734549628e-13,-1.4124171218953891e-12
basic_Dsteel,T1-P036,N254,interior_applied_load,,65.406,69.75,116.0,-8.415299221315374e-12,-19.574652777841656,2.3191900295917676e-12,-2.609074348415416e-15,-8.585561296610482e-13,-7.252039610967673e-10
basic_Dsteel,T1-P037,N359,interior_applied_load,,74.771,69.75,164.643,1.8189894035458565e-12,-7.2165567578413174,-5.684341886080801e-13,-3.069544618483633e-12,-4.547473508864641e-13,-2.7284841053187847e-12
basic_Dsteel,T1-P038,N255,interior_applied_load,,81.889,69.75,116.0,1.1735043692442498e-11,-12.8476562039741,3.3265939596124323e-11,1.4875406507450374e-14,-5.559928461154681e-11,1.3307845298195391e-09
basic_Dsteel,T1-P039,N237,interior_applied_load,,81.889,69.75,150.143,1.453261841472976e-13,-13.44778645833282,-2.5388637348411375e-13,1.1067085897257397e-13,-1.0899333085378554e-12,4.011958532647804e-11
basic_Dsteel,T1-P040,N570,interior_applied_load,,81.889,69.75,193.643,-1.0177332431542997e-13,-13.44778645832962,-3.758919271273756e-12,-4.933980559169586e-14,8.798685376261623e-11,3.960496865822069e-11
basic_Dsteel,T1-P041,N256,interior_applied_load,,84.094,69.75,116.0,3.7161007531289794e-13,-9.787326392233071,-3.9474974343677326e-11,1.295872673492276e-15,3.020831892670065e-11,-2.8828062004693724e-09
basic_Dsteel,T1-P042,N257,interior_applied_load,,96.125,69.75,116.0,1.4901161193847656e-08,-12.84765638038516,0.0,3.725290298461914e-09,0.0,-1.7136335372924805e-07
basic_Dsteel,T1-P043,N551,interior_applied_load,,96.125,69.75,120.0,-1.862645149230957e-08,-3.7943998761475086,-1.862645149230957e-09,3.725290298461914e-09,0.0,-4.470348358154297e-08
basic_Dsteel,T1-P044,N552,interior_applied_load,,96.125,69.75,147.143,-5.960464477539063e-08,-3.794399879872799,4.470348358154297e-08,1.4901161193847656e-07,4.547473508864641e-13,7.450580596923828e-08
basic_Dsteel,T1-P045,N238,interior_applied_load,,96.125,69.75,150.143,-6.705522537231445e-08,-16.18174773454666,0.0,4.470348358154297e-08,1.7280399333685637e-11,8.940696716308594e-08
basic_Dsteel,T1-P046,N346,interior_applied_load,,96.125,69.75,152.643,1.1175870895385742e-07,-2.7259375154972076,-5.960464477539063e-08,0.0,-4.547473508864641e-13,8.940696716308594e-08
basic_Dsteel,T1-P047,N347,interior_applied_load,,96.125,69.75,172.143,-4.495046996504948e-15,-5.451875032842841,4.948113076559443e-13,2.1700727609923973e-12,6.254739453035028e-16,-2.694100981928943e-14
basic_Dsteel,T1-P048,N348,interior_applied_load,,96.125,69.75,191.643,-2.1944695019482374e-10,-2.7259375212695045,4.5227949829751424e-08,1.192484928580484e-07,1.0370571654506077e-11,1.1940358632389625e-09
basic_Dsteel,T1-P049,N571,interior_applied_load,,96.125,69.75,193.643,1.83449385913448e-09,-8.965190972004104,-1.2220107119135259e-08,-2.2027203384965603e-08,-3.7916130945206476e-11,1.0278426365421394e-09
basic_Dsteel,T1-P050,N258,interior_applied_load,,102.781,69.75,116.0,-2.725048492683369e-12,-9.787326389163193,4.734225232164219e-12,1.8702275152705873e-15,-1.2227295568187032e-12,1.147034467549277e-09
basic_Dsteel,T1-P051,N259,interior_applied_load,,110.361,69.75,116.0,-2.5237496499253664e-11,-6.4238280180582015,-6.688323893368354e-10,4.239722669848366e-15,1.8600061967231054e-10,-2.084803891650941e-10
basic_Dsteel,T1-P052,N239,interior_applied_load,,110.361,69.75,150.143,-3.8856902631872776e-12,-13.447786458333479,1.7518440760204356e-13,-9.087270975895581e-12,6.798303677013118e-13,1.4695900901253061e-12
basic_Dsteel,T1-P053,N572,interior_applied_load,,110.361,69.75,193.643,-1.4998921032002507e-14,-13.447786458334626,-1.014286772138731e-12,4.955494892673198e-14,1.4140819088539624e-13,5.7243390339495124e-11
basic_Dsteel,T1-P054,N260,interior_applied_load,,112.125,69.75,116.0,-1.8475786817912274e-11,-7.636501733160796,1.6407247632762465e-10,-1.5694926433242201e-15,3.7776527908008985e-10,-7.519080207525451e-09
basic_Dsteel,T1-P055,N360,interior_applied_load,,117.479,69.75,164.643,3.637978807091713e-12,-7.2165567578376795,3.552713678800501e-13,-3.410605131648481e-13,1.3642420526593924e-12,-6.366462912410498e-12
basic_Dsteel,T1-P056,N261,interior_applied_load,,121.469,69.75,116.0,5.865368093569605e-12,-18.361979235493155,-1.793029018666704e-13,1.2287555921079467e-15,-7.038840465766511e-12,9.656753720897587e-10
basic_Dsteel,T1-P057,N262,interior_applied_load,,138.833,69.75,116.0,-4.1600350888430777e-13,-12.847656213155867,-2.2312996954695432e-10,2.836721102316825e-15,3.728236431151887e-10,-1.408450720942895e-09
basic_Dsteel,T1-P058,N240,interior_applied_load,,138.833,69.75,150.143,9.124479572811598e-13,-15.689084201393088,-1.1349297490504112e-13,4.3119714572231987e-14,2.400068476618073e-12,-4.693263544204186e-11
basic_Dsteel,T1-P059,N361,interior_applied_load,,138.833,69.75,179.143,2.0018392640239408e-12,-7.216556757840968,1.7284182786813217e-13,2.7511034987627275e-12,-1.980352119635114e-12,-1.6785836405470377e-12
basic_Dsteel,T1-P060,N573,interior_applied_load,,138.833,69.75,193.643,3.279580179729971e-13,-15.689084201388164,-9.103439547788727e-14,-7.212307565113708e-12,-4.191160093100677e-12,-5.312523287225311e-12
basic_Dsteel,T1-P061,N263,interior_applied_load,,140.156,69.75,116.0,8.111969968704652e-12,-13.757161555979001,4.2949245741000194e-10,1.9414021592358056e-14,5.258547027215927e-10,-1.336170413579849e-08
basic_Dsteel,T1-P062,N264,interior_applied_load,,158.844,69.75,116.0,6.769156279505063e-12,-13.771484457791614,1.4965104741457322e-10,1.0425032225250785e-14,-2.0186674422650728e-10,-7.598561663711598e-09
basic_Dsteel,T1-P063,N265,interior_applied_load,,160.188,69.75,116.0,-4.470348358154297e-08,-5.8174912836402655,6.332993507385254e-08,7.450580596923828e-08,5.711626727133989e-10,5.21540641784668e-08
basic_Dsteel,T1-P064,N553,interior_applied_load,,160.188,69.75,120.0,1.1175870895385742e-08,-3.7943998761475086,-7.450580596923828e-09,2.2351741790771484e-08,-3.637978807091713e-12,-4.470348358154297e-08
basic_Dsteel,T1-P065,N554,interior_applied_load,,160.188,69.75,147.143,-3.725290298461914e-09,-3.794399879872799,2.9802322387695312e-08,5.960464477539063e-08,1.4551915228366852e-11,-7.450580596923828e-09
basic_Dsteel,T1-P066,N241,interior_applied_load,,160.188,69.75,150.143,1.4901161193847656e-08,-8.965190969407558,0.0,0.0,0.0,3.725290298461914e-09
basic_Dsteel,T1-P067,N349,interior_applied_load,,160.188,69.75,152.643,0.0,-2.7259375154972076,2.9802322387695312e-08,0.0,0.0,0.0
basic_Dsteel,T1-P068,N350,interior_applied_load,,160.188,69.75,172.143,5.1103379766437946e-14,-5.451875032837368,-6.1484129346537046e-15,1.4658301885694112e-12,-6.927720810118506e-16,2.80919952034225e-13
basic_Dsteel,T1-P069,N351,interior_applied_load,,160.188,69.75,191.643,-3.6617934587312995e-09,-2.7259375145095217,7.723658548841605e-08,-4.195164132747564e-08,4.173343958852608e-11,2.5964160682567794e-09
basic_Dsteel,T1-P070,N362,interior_applied_load,,160.188,69.75,193.643,3.062413470804706e-08,-16.143293741289032,-1.0273611079750226e-07,-1.8489326843351718e-09,4.751227274612963e-12,-3.03458265568589e-08
basic_Dsteel,T1-P071,N266,interior_applied_load,,167.306,69.75,116.0,6.229663019784981e-13,-11.92382815536392,3.997245277387453e-12,4.1836885036156045e-15,-1.0286069642378473e-10,5.133530952181645e-10
basic_Dsteel,T1-P072,N242,interior_applied_load,,167.306,69.75,150.143,-2.9586833985563497e-13,-11.206488715269122,3.2864970232803748e-12,-6.191276477418946e-14,1.3160873745115408e-11,-1.0162256506456832e-11
basic_Dsteel,T1-P073,N574,interior_applied_load,,167.306,69.75,193.643,8.9435565870297e-13,-11.20648871527457,-3.429564784586164e-13,-1.3049324162965484e-13,4.668306881767111e-12,6.168359342086723e-12
basic_Dsteel,T1-P074,N267,interior_applied_load,,177.531,69.75,116.0,-2.675068780905134e-12,-19.57465277779035,-5.487282090983509e-13,-8.569400348991223e-16,1.8364853072262192e-12,7.430167069548189e-11
basic_Dsteel,T1-P075,N363,interior_applied_load,,181.208,69.75,179.143,-1.7427314453756644e-12,-7.139648788298076,-6.112141391636562e-14,-1.002570347759648e-12,-1.5837755355919554e-12,-4.051931369350071e-12
basic_Dsteel,T1-P076,N268,interior_applied_load,,195.778,69.75,116.0,-1.1525925492981658e-12,-12.847656410437695,-7.1282333681439786e-09,-1.8482938672568446e-14,3.526512321230384e-09,-1.1726631023161675e-08
basic_Dsteel,T1-P077,N243,interior_applied_load,,195.778,69.75,150.143,1.1562649953123788e-13,-17.61550694641241,-2.274422053698397e-14,-1.329849010962921e-15,1.2094834634639687e-12,9.26066160093724e-13
basic_Dsteel,T1-P078,N575,interior_applied_load,,195.778,69.75,193.643,-4.954017333472386e-13,-17.615506946413667,-7.245529186424112e-13,5.026584214857341e-14,-1.3041085740581637e-11,-3.0880336953157545e-11
basic_Dsteel,T1-P079,N269,interior_applied_load,,196.219,69.75,116.0,-2.8870084234250172e-11,-13.15082460926994,5.188430564116905e-09,1.1440935823973311e-14,1.8131570087826673e-09,3.844914407966004e-08
basic_Dsteel,T1-P080,N364,interior_applied_load,,202.229,69.75,164.643,0.0,-7.139648788298473,2.842170943040401e-14,-5.684341886080802e-14,-5.684341886080801e-13,4.547473508864641e-13
basic_Dsteel,T1-P081,N270,interior_applied_load,,214.906,69.75,116.0,5.813211372066152e-12,-19.271484392209196,-1.2929378046553223e-12,2.1391578909942616e-15,1.058204990148912e-11,-9.758529198148947e-11
basic_Dsteel,T1-P082,N244,interior_applied_load,,223.25,69.75,150.143,-7.450580596923828e-09,-12.535015363246202,-2.9802322387695312e-08,2.9802322387695312e-08,1.1641532182693481e-10,1.4901161193847656e-08
basic_Dsteel,T1-P083,N352,interior_applied_load,,223.25,69.75,152.643,-7.450580596923828e-09,-2.725937519222498,-2.9802322387695312e-08,0.0,-2.9103830456733704e-11,1.4901161193847656e-08
basic_Dsteel,T1-P084,N353,interior_applied_load,,223.25,69.75,172.143,-5.387508694921244e-15,-5.451875032838009,1.9341086831659152e-14,-2.1128664367805324e-13,9.003580197922297e-17,-5.742689770542927e-14
basic_Dsteel,T1-P085,N354,interior_applied_load,,223.25,69.75,191.643,-1.2107452124210383e-09,-2.7259375191712247,2.933362505327941e-08,-2.9959566848203334e-08,7.371662289781538e-11,-1.2415909966811967e-10
basic_Dsteel,T1-P086,N576,interior_applied_load,,223.25,69.75,193.643,-6.518999368099188e-10,-8.965190964094576,3.786441638997576e-09,1.472149296383494e-08,-4.607309966515728e-09,1.5241037047231182e-09
basic_Dsteel,T1-P087,N271,interior_applied_load,,224.25,69.75,116.0,7.570287396951869e-09,-6.423828191145992,7.550366718989696e-10,9.495007151181457e-09,8.434506938161093e-10,2.3170050619397195e-09
basic_Dsteel,T1-P088,N161,interface_action,T-E; T-E vertical 3,224.25,69.75,120.0,88.0446006921702,86.95678568692529,1.9262930861732457,-8.118539693110506,274.1736292118535,-1693.2211690887925
basic_Dsteel,T1-P089,N426,interface_action,T-E; T-E vertical 3,224.25,69.75,121.5,-9.02776881059981,-35.9618447041139,0.6386265842593275,24.64364959098748,-4.24301430927062,147.63653122210235
basic_Dsteel,T1-P090,N427,interface_action,T-E vertical 3,224.25,69.75,144.689,8.559395793593936e-12,-3.1920965087003057,1.1626077482426971e-11,2.26499164737927e-11,1.7111497017953746e-14,-4.947755973611816e-12
basic_Dsteel,T1-P091,N555,interface_action,T-E vertical 3,224.25,69.75,147.143,-56.09897946566343,-116.9681831933558,3.9618851840496063,51.2886321246624,-27.079215191217372,-521.125790387392
basic_Dsteel,T1-P092,N245,interface_action,T-E vertical 3,224.25,69.75,150.143,19.09992264956236,402.9442804772407,-3.849723756313324,-81.55700995028019,60.341983799182344,-120.99232736229897
basic_Dsteel,T1-P093,N466,interface_action,T-E diagonal 11; T-E diagonal 12; T-E top / segment 1; T-E vertical 3,224.25,69.75,193.643,-4.694517669576195,90.77773889857524,-0.8653966575281031,-28.057240528824504,36.17670437547815,13.76374049490515
basic_Dwall,T1-P001,N246,interface_action,T-W / B-WO; T-W vertical 3,-32.0,69.75,116.0,-5.72518390417099,-76.9536534063518,0.8884383202530444,71.55173289589584,86.16738026827807,-124.3155820518732
basic_Dwall,T1-P002,N370,interface_action,T-W / B-WO; T-W vertical 3,-32.0,69.75,117.5,-1.6588155180215836,-72.50338050536811,1.7537330472841859,67.95662634627661,0.2558372323110234,23.864009827375412
basic_Dwall,T1-P003,N547,interface_action,T-W vertical 3,-32.0,69.75,120.0,1.658815527091513,72.50338050286095,-1.7537330154805488,-63.57229380242364,-0.2558372323122336,-19.716971034961652
basic_Dwall,T1-P005,N548,interface_action,T-W vertical 3,-32.0,69.75,147.143,-1.6588155245408416,-72.50338050629944,1.7537330314517021,15.970718525350094,0.25583723231829936,-25.308258904144168
basic_Dwall,T1-P006,N231,interface_action,T-W vertical 3,-32.0,69.75,150.143,-0.3532914938405156,74.67159843724221,-1.706297092139721,-17.309464029967785,-1.9515906706656097,2.5848230235278606
basic_Dwall,T1-P007,N401,interface_action,T-W diagonal 10; T-W diagonal 9; T-W top / segment 1; T-W vertical 3,-32.0,69.75,193.643,6.086399482005576,70.60660994494718,-1.4299727414569865,72.86731058816994,-16.53588500922962,29.83413820088897
basic_Dwall,T1-P088,N161,interface_action,T-E; T-E vertical 3,224.25,69.75,120.0,-0.19389339939516503,0.7217427735449746,0.5114717471005861,-2.154998254718521,54.46905438382606,-100.41137922803318
basic_Dwall,T1-P089,N426,interface_action,T-E; T-E vertical 3,224.25,69.75,121.5,-0.49656345322728157,-29.282105995807797,0.12242545818298822,4.664901354615722,-1.0052928739292248,6.935607471270487
basic_Dwall,T1-P091,N555,interface_action,T-E vertical 3,224.25,69.75,147.143,-3.085668624378741,-85.10221077967435,0.7594979889690876,9.464115004986525,-6.415849695305951,-36.027609921991825
basic_Dwall,T1-P092,N245,interface_action,T-E vertical 3,224.25,69.75,150.143,-2.2256549187004566,87.69459682283923,-0.6728968247771263,-16.948623821139336,12.082749888533726,51.12926019914448
basic_Dwall,T1-P093,N466,interface_action,T-E diagonal 11; T-E diagonal 12; T-E top / segment 1; T-E vertical 3,224.25,69.75,193.643,7.6526717942475475,30.14680274354141,-0.22639981743042908,-9.255912036894069,-0.45365341557078265,-47.819440697130695
basic_HB0.25,T1-P001,N246,interface_action,T-W / B-WO; T-W vertical 3,-32.0,69.75,116.0,-6.0487788915634155,-3.694436307065189,-1.743387058377266,2.8602282255887985,207.31712149787927,-737.9270423650742
basic_HB0.25,T1-P002,N370,interface_action,T-W / B-WO; T-W vertical 3,-32.0,69.75,117.5,5.630588322877884,7.275091112591326,0.0782148540019989,2.7692644745111465,4.314519809180638,-104.65414774417877
basic_HB0.25,T1-P003,N547,interface_action,T-W vertical 3,-32.0,69.75,120.0,-5.630588406201081,-7.275091112932022,-0.07821485461205142,-2.573727370875798,-4.314519809132237,90.57767663185682
basic_HB0.25,T1-P005,N548,interface_action,T-W vertical 3,-32.0,69.75,147.143,5.630588427186012,7.275091112591326,0.07821485213935375,0.45074158906936646,4.314519809136982,62.25338455289602
basic_HB0.25,T1-P006,N231,interface_action,T-W vertical 3,-32.0,69.75,150.143,2.428469270467758,-6.68777923489688,-0.011644309386610985,1.0970382690429688,2.3695122223725775,-41.17772716283798
basic_HB0.25,T1-P007,N401,interface_action,T-W diagonal 10; T-W diagonal 9; T-W top / segment 1; T-W vertical 3,-32.0,69.75,193.643,-2.2718156146955315,10.51407922277408,-0.350855398106891,7.653054421518764,38.29354998292638,209.18191075523953
basic_HB0.25,T1-P088,N161,interface_action,T-E; T-E vertical 3,224.25,69.75,120.0,23.32694345379423,-10.934069094957522,2.048204081342192,-7.5889156149896735,252.40943844466278,684.8656002335047
basic_HB0.25,T1-P089,N426,interface_action,T-E; T-E vertical 3,224.25,69.75,121.5,0.48799342062557116,3.7730665684866835,0.06521571098892309,4.135747465581517,10.19089611904846,-3.275404138956219
basic_HB0.25,T1-P091,N555,interface_action,T-E vertical 3,224.25,69.75,147.143,3.032414048910141,10.965615193126723,0.40458253026008606,15.282469229772687,65.03901445626616,57.40667802095413
basic_HB0.25,T1-P092,N245,interface_action,T-E vertical 3,224.25,69.75,150.143,-0.9122295267879963,-17.8235496529378,-0.120238340459764,1.6690990664064884,-37.37003379716043,-24.232584074139595
basic_HB0.25,T1-P093,N466,interface_action,T-E diagonal 11; T-E diagonal 12; T-E top / segment 1; T-E vertical 3,224.25,69.75,193.643,-25.6735844818301,6.6119822027452795,-0.3700920435293151,11.332666802870824,-22.97308756259595,-61.274759001869036
basic_HB0.5,T1-P001,N246,interface_action,T-W / B-WO; T-W vertical 3,-32.0,69.75,116.0,-1.8909063935279846,-3.9733122588368133,-2.672191023826599,4.5904348865151405,332.94507033831906,-731.3734274804592
basic_HB0.5,T1-P002,N370,interface_action,T-W / B-WO; T-W vertical 3,-32.0,69.75,117.5,8.23608922958374,5.76932045223657,0.16000686585903168,4.535038203001022,8.559741550532635,-150.0547690987587
basic_HB0.5,T1-P003,N547,interface_action,T-W vertical 3,-32.0,69.75,120.0,-8.236089304238837,-5.769320452393547,-0.1600068532916807,-4.135021120161035,-8.55974155047659,129.46454570432675
basic_HB0.5,T1-P005,N548,interface_action,T-W vertical 3,-32.0,69.75,147.143,8.236089315265417,5.769320452178363,0.16000684723258018,-0.20804480835795403,8.559741550496256,94.0876264795661
basic_HB0.5,T1-P006,N231,interface_action,T-W vertical 3,-32.0,69.75,150.143,3.2465240210294724,-2.9152518944465555,-0.06425692234188318,-0.02695258893072605,1.5613834701944143,-57.63328451663256
basic_HB0.5,T1-P007,N401,interface_action,T-W diagonal 10; T-W diagonal 9; T-W top / segment 1; T-W vertical 3,-32.0,69.75,193.643,-6.920563039490482,15.538250123605701,-0.41024598107197213,7.1969905526183755,41.88162392104748,264.2777493829721
basic_HB0.5,T1-P088,N161,interface_action,T-E; T-E vertical 3,224.25,69.75,120.0,32.41131524715456,-20.39660139152693,3.044958404323552,-11.198097257518384,367.5065387232736,1233.0829774974409
basic_HB0.5,T1-P089,N426,interface_action,T-E; T-E vertical 3,224.25,69.75,121.5,0.9112810390361119,7.545360879696091,0.1738499263956328,9.639275595494837,15.555806884378512,-6.8128147385432385
basic_HB0.5,T1-P091,N555,interface_action,T-E vertical 3,224.25,69.75,147.143,5.662743184715509,21.92898598499596,1.0785229858011007,32.14317437633872,99.27825158975611,102.87457268685102
basic_HB0.5,T1-P092,N245,interface_action,T-E vertical 3,224.25,69.75,150.143,-2.8883776664733887,-37.988588261883706,-0.6148733273148537,-4.909507110714912,-59.27319258428906,-32.621921956539154
basic_HB0.5,T1-P093,N466,interface_action,T-E diagonal 11; T-E diagonal 12; T-E top / segment 1; T-E vertical 3,224.25,69.75,193.643,-38.76810561128248,14.491836388444856,-0.6957709013342416,20.12719721763836,-42.67666410320398,-138.67955258303874
basic_HB0.75,T1-P001,N246,interface_action,T-W / B-WO; T-W vertical 3,-32.0,69.75,116.0,4.392983764410019,-1.4563620853004977,-2.171288013458252,4.65501107648015,286.26235785277095,-341.9688783586025
basic_HB0.75,T1-P002,N370,interface_action,T-W / B-WO; T-W vertical 3,-32.0,69.75,117.5,7.056038588285446,1.7187984123593196,0.19619274511933327,4.643537487834692,8.739140500430949,-126.0025261938572
basic_HB0.75,T1-P003,N547,interface_action,T-W vertical 3,-32.0,69.75,120.0,-7.056038599640113,-1.7187984124663287,-0.19619275262172686,-4.153055608307563,-8.739140500371425,108.36242959567436
basic_HB0.75,T1-P005,N548,interface_action,T-W vertical 3,-32.0,69.75,147.143,7.0560386180877686,1.7187984124175273,0.19619275070726871,-1.172204252332449,8.739140500372741,83.15962621197104
basic_HB0.75,T1-P006,N231,interface_action,T-W vertical 3,-32.0,69.75,150.143,2.555395171046257,2.247667151968926,-0.11348586808890104,-1.5681404573842883,-0.24374780101061333,-47.45152187719941
basic_HB0.75,T1-P007,N401,interface_action,T-W diagonal 10; T-W diagonal 9; T-W top / segment 1; T-W vertical 3,-32.0,69.75,193.643,-9.252031515513556,13.078188735316125,-0.3346058140088982,2.4159404918602463,26.56487075242459,195.1863422011964
basic_HB0.75,T1-P088,N161,interface_action,T-E; T-E vertical 3,224.25,69.75,120.0,25.87119272974087,-20.250397503346903,2.428025651097414,-8.717181985233765,291.32849693798676,1202.5651614429953
basic_HB0.75,T1-P089,N426,interface_action,T-E; T-E vertical 3,224.25,69.75,121.5,1.0959143202053383,9.13150604563998,0.3022538639852428,15.265847700669838,13.438357946962128,-9.729772576669347
basic_HB0.75,T1-P091,N555,interface_action,T-E vertical 3,224.25,69.75,147.143,6.810063071548939,26.538779428228736,1.8751100152730942,46.62218826264143,85.76454382135125,114.1691833883524
basic_HB0.75,T1-P092,N245,interface_action,T-E vertical 3,224.25,69.75,150.143,-2.4217448756098747,-43.735226938501,-1.4446545131504536,-20.08854189515114,-51.976154600048176,-43.67838096246123
basic_HB0.75,T1-P093,N466,interface_action,T-E diagonal 11; T-E diagonal 12; T-E top / segment 1; T-E vertical 3,224.25,69.75,193.643,-36.107811169000335,12.72704678361965,-0.7375480246991496,23.150829881356717,-38.93620849235532,-133.71862561364892
basic_HT0.25,T1-P001,N246,interface_action,T-W / B-WO; T-W vertical 3,-32.0,69.75,116.0,-79.26927602291107,55.32733880728483,2.180065294727683,199.66050114110112,222.30285489402013,1697.5408619642258
basic_HT0.25,T1-P002,N370,interface_action,T-W / B-WO; T-W vertical 3,-32.0,69.75,117.5,51.17197775840759,-94.91298723965883,4.754121104255319,189.6320292800665,-0.8445790219120681,-936.5950744152069
basic_HT0.25,T1-P003,N547,interface_action,T-W vertical 3,-32.0,69.75,120.0,-51.17197757113082,94.91298724133875,-4.754121096521386,-177.74672645547497,0.8445790219187599,808.6651303969027
basic_HT0.25,T1-P005,N548,interface_action,T-W vertical 3,-32.0,69.75,147.143,51.1719775646925,-94.9129872508347,4.754121124744415,48.70561742782593,-0.8445790218975162,580.2958565959707
basic_HT0.25,T1-P006,N231,interface_action,T-W vertical 3,-32.0,69.75,150.143,-1.7670925976708531,525.694957844913,-4.697506070137024,-49.62901520729065,-6.986573077287176,2.401814928278327
basic_HT0.25,T1-P007,N401,interface_action,T-W diagonal 10; T-W diagonal 9; T-W top / segment 1; T-W vertical 3,-32.0,69.75,193.643,8.453947795867757,508.5995644972177,-3.486209671733238,201.08942330407496,-87.1749693419849,897.8633325992258
basic_HT0.25,T1-P023,N251,interior_applied_load,,32.062,69.75,116.0,-3.725290298461914e-09,-1350.0000000037253,-2.9103830456733704e-10,-4.656612873077393e-10,-1.0913936421275139e-11,-7.450580596923828e-09
basic_HT0.25,T1-P088,N161,interface_action,T-E; T-E vertical 3,224.25,69.75,120.0,88.6127360110695,57.968036119633325,1.7833837601720006,-7.58803494384847,211.90947170870854,-2442.8773234019754
basic_HT0.25,T1-P089,N426,interface_action,T-E; T-E vertical 3,224.25,69.75,121.5,-16.467590278742136,-10.816640631353948,0.17754980269819498,4.43944921419461,-1.1570762745953687,235.5206201323308
basic_HT0.25,T1-P091,N555,interface_action,T-E vertical 3,224.25,69.75,147.143,-102.33037958294153,-31.43626455939375,1.1014761235564947,-0.7038807831704617,-7.384542013896862,-1160.5217261239886
basic_HT0.25,T1-P092,N245,interface_action,T-E vertical 3,224.25,69.75,150.143,-34.23840411007404,265.91473790677264,-0.8812238480895758,-22.814663719385862,21.14240239057108,818.140094101429
basic_HT0.25,T1-P093,N466,interface_action,T-E diagonal 11; T-E diagonal 12; T-E top / segment 1; T-E vertical 3,224.25,69.75,193.643,85.83408106724025,73.66125734916132,-0.9316562979804853,-30.139358933478672,-31.615043283730994,-425.89175708734825
basic_HT0.5,T1-P001,N246,interface_action,T-W / B-WO; T-W vertical 3,-32.0,69.75,116.0,-66.42763262987137,2.446534264832735,0.9673792514950037,132.46460448391736,208.3478496586613,1151.6295230984688
basic_HT0.5,T1-P002,N370,interface_action,T-W / B-WO; T-W vertical 3,-32.0,69.75,117.5,42.851985931396484,-29.531793348491192,3.2219647970050573,125.97373126988532,3.2424442960473243,-744.6549552679062
basic_HT0.5,T1-P003,N547,interface_action,T-W vertical 3,-32.0,69.75,120.0,-42.85198596962504,29.53179335144129,-3.2219647759001613,-117.91881928424718,-3.2424442960225908,637.5249902178152
basic_HT0.5,T1-P005,N548,interface_action,T-W vertical 3,-32.0,69.75,147.143,42.851985986344516,-29.531793359667063,3.221964806318283,30.465029299259186,3.2424442960254964,525.6064654886723
basic_HT0.5,T1-P006,N231,interface_action,T-W vertical 3,-32.0,69.75,150.143,2.0298767974600196,354.2518116477877,-3.193329766392708,-35.04840214550495,-6.672157611938019,-69.48699126206338
basic_HT0.5,T1-P007,N401,interface_action,T-W diagonal 10; T-W diagonal 9; T-W top / segment 1; T-W vertical 3,-32.0,69.75,193.643,-12.18666800938073,329.4999595907711,-2.3997150042313717,128.44759460109327,-63.448967969149656,662.9743317610643
basic_HT0.5,T1-P042,N257,interior_applied_load,,96.125,69.75,116.0,-4.0978193283081055e-08,-1349.9999999962747,-9.313225746154785e-10,1.862645149230957e-09,7.275957614183426e-12,-5.21540641784668e-08
basic_HT0.5,T1-P088,N161,interface_action,T-E; T-E vertical 3,224.25,69.75,120.0,127.54276743283845,60.62815593874984,1.4866203577403212,-6.189935762067762,190.15908792557312,-3171.05856266935
basic_HT0.5,T1-P089,N426,interface_action,T-E; T-E vertical 3,224.25,69.75,121.5,-21.215226877247915,-8.05079326768464,0.21526624940452166,7.831012353839469,-0.8107433783706028,307.996038894853
basic_HT0.5,T1-P091,N555,interface_action,T-E vertical 3,224.25,69.75,147.143,-131.8324164301157,-23.397917680442333,1.3354598470032215,14.336513474583626,-5.174221156805288,-1466.6768002584577
basic_HT0.5,T1-P092,N245,interface_action,T-E vertical 3,224.25,69.75,150.143,-31.475974306464195,505.4179068901576,-1.1928877346217632,-30.611436996608973,25.45574687187036,763.9234132170677
basic_HT0.5,T1-P093,N466,interface_action,T-E diagonal 11; T-E diagonal 12; T-E top / segment 1; T-E vertical 3,224.25,69.75,193.643,90.71328799953577,158.7361361073211,-0.44075787948294815,-20.455827922608893,8.59930067819872,-688.8296591209695
basic_HT0.75,T1-P001,N246,interface_action,T-W / B-WO; T-W vertical 3,-32.0,69.75,116.0,-52.79143276810646,12.137223202735186,0.048388277646154165,65.63719275058247,160.95419830121682,853.7647350728512
basic_HT0.75,T1-P002,N370,interface_action,T-W / B-WO; T-W vertical 3,-32.0,69.75,117.5,34.266760379076004,-24.639862418174744,1.6586435615317896,62.541491721756756,4.620227722029085,-598.8746998906136
basic_HT0.75,T1-P003,N547,interface_action,T-W vertical 3,-32.0,69.75,120.0,-34.26676030242028,24.639862415937014,-1.6586435761276979,-58.39488273362184,-4.62022772200987,513.2077990764744
basic_HT0.75,T1-P005,N548,interface_action,T-W vertical 3,-32.0,69.75,147.143,34.26676030084491,-24.63986241724342,1.6586435846984386,13.374320104718208,4.620227722004984,416.8948758877814
basic_HT0.75,T1-P006,N231,interface_action,T-W vertical 3,-32.0,69.75,150.143,4.120400872081518,185.80096905771643,-1.6221907548606396,-18.579009994864464,-4.010181360934894,-112.58398794010282
basic_HT0.75,T1-P007,N401,interface_action,T-W diagonal 10; T-W diagonal 9; T-W top / segment 1; T-W vertical 3,-32.0,69.75,193.643,-6.617451823365553,148.2673750028148,-1.4153036971749735,59.393324396143505,-20.27252648194076,376.4938663111987
basic_HT0.75,T1-P063,N265,interior_applied_load,,160.188,69.75,116.0,-3.725290298461914e-09,-1350.0000000186265,1.6763806343078613e-08,1.4901161193847656e-08,3.092281986027956e-11,-2.60770320892334e-08
basic_HT0.75,T1-P088,N161,interface_action,T-E; T-E vertical 3,224.25,69.75,120.0,167.46220194634225,191.14095124122105,1.0523952860021382,-4.137605690360942,144.789806697133,-4448.781798849188
basic_HT0.75,T1-P089,N426,interface_action,T-E; T-E vertical 3,224.25,69.75,121.5,-24.982927284101606,-37.00963122199755,0.24172250410629204,11.116386683424935,0.5635959450335974,412.36407184571726
basic_HT0.75,T1-P091,N555,interface_action,T-E vertical 3,224.25,69.75,147.143,-155.24508375674486,-107.56061867903918,1.499588068574667,30.509442940354347,3.5969088869314874,-1418.4999687969685
basic_HT0.75,T1-P092,N245,interface_action,T-E vertical 3,224.25,69.75,150.143,-15.24405226483941,737.6438938239589,-1.3922466225922108,-35.44522402435541,19.16656164926826,430.50534891709685
basic_HT0.75,T1-P093,N466,interface_action,T-E diagonal 11; T-E diagonal 12; T-E top / segment 1; T-E vertical 3,224.25,69.75,193.643,49.03158464305674,244.21970013795152,-0.07099654103906272,-7.441937804428981,31.522469530281548,-914.4648144815515
basic_HX,T1-P001,N246,interface_action,T-W / B-WO; T-W vertical 3,-32.0,69.75,116.0,38.058828353881836,21.070185471326113,-16.06742572784424,41.54846489429474,2007.1119381950703,-6.615021705627441
basic_HX,T1-P002,N370,interface_action,T-W / B-WO; T-W vertical 3,-32.0,69.75,117.5,17.45232105255127,13.017012717202306,1.4528172016143799,41.13931465148926,62.316510467324406,-302.82038497924805
basic_HX,T1-P003,N547,interface_action,T-W vertical 3,-32.0,69.75,120.0,-17.452322060947523,-13.017012716752662,-1.4528169796761181,-37.507272623745315,-62.31651046717162,259.18957802808075
basic_HX,T1-P005,N548,interface_action,T-W vertical 3,-32.0,69.75,147.143,17.452322244644165,13.01701271533966,1.4528168886899948,-1.9265372455120087,62.316510467288026,214.51880371570587
basic_HX,T1-P006,N231,interface_action,T-W vertical 3,-32.0,69.75,150.143,5.922666370868683,4.2287660436704755,-1.3886030614376068,-16.06955897808075,-9.449230290447304,-111.38940292596817
basic_HX,T1-P007,N401,interface_action,T-W diagonal 10; T-W diagonal 9; T-W top / segment 1; T-W vertical 3,-32.0,69.75,193.643,-62.874054116589626,26.534576051239075,-1.0687535663687615,58.458095591946275,15.66157626012607,446.0963644883328
basic_HX,T1-P088,N161,interface_action,T-E; T-E vertical 3,224.25,69.75,120.0,42.03171409154311,-9.694853432076343,16.93918140232563,-66.22952348733088,2051.5285034082617,712.3565696536098
basic_HX,T1-P089,N426,interface_action,T-E; T-E vertical 3,224.25,69.75,121.5,13.973270602757111,-1.8019342076368048,-0.4736021611315664,-20.735414816852426,54.24623987287896,-194.92434697714634
basic_HX,T1-P091,N555,interface_action,T-E vertical 3,224.25,69.75,147.143,86.83055996894836,-5.236938380636275,-2.938113495707512,-53.295464277267456,346.2033110803459,1015.3269995450974
basic_HX,T1-P092,N245,interface_action,T-E vertical 3,224.25,69.75,150.143,62.068472146987915,14.670826342888176,4.366623505949974,91.9137072339654,-135.3557049340452,-1113.7844871878624
basic_HX,T1-P093,N466,interface_action,T-E diagonal 11; T-E diagonal 12; T-E top / segment 1; T-E vertical 3,224.25,69.75,193.643,-203.46377771318376,-62.787640613332805,-0.822123802331242,-7.4242575040322,-17.572007913756234,791.18020828231
basic_HZ,T1-P001,N246,interface_action,T-W / B-WO; T-W vertical 3,-32.0,69.75,116.0,5.168194144964218,-1.365212615026394,-7.121798254549503,-0.6690728813409805,813.9623897299534,-61.07087951898575
basic_HZ,T1-P002,N370,interface_action,T-W / B-WO; T-W vertical 3,-32.0,69.75,117.5,1.7716369479894638,-1.0534615781652974,-0.06273598223924637,-0.08229866623878479,21.98489272932784,-31.519903253763914
basic_HZ,T1-P003,N547,interface_action,T-W vertical 3,-32.0,69.75,120.0,-1.7716369509139231,1.0534615781570227,0.06273598290939801,-0.0745412608479523,-21.98489272932226,27.090810889903594
basic_HZ,T1-P005,N548,interface_action,T-W vertical 3,-32.0,69.75,147.143,1.7716369405388832,-1.0534615781725734,-0.06273597944527864,1.7773839980363846,21.984892729262356,20.996730864048004
basic_HZ,T1-P006,N231,interface_action,T-W vertical 3,-32.0,69.75,150.143,0.6093550845980644,3.3845920216481318,-0.0017912490293383598,0.03158870339393616,-2.444535318209091,-11.29153598099947
basic_HZ,T1-P007,N401,interface_action,T-W diagonal 10; T-W diagonal 9; T-W top / segment 1; T-W vertical 3,-32.0,69.75,193.643,-9.302377362664062,6.214665395715021,0.7784465222760448,18.92836011984436,-34.81706294752387,52.16535350756318
basic_HZ,T1-P088,N161,interface_action,T-E; T-E vertical 3,224.25,69.75,120.0,1.9151201621789369,1.141289396560751,7.574974506627768,-32.68686017871369,828.2641493812159,-104.8496611084629
basic_HZ,T1-P089,N426,interface_action,T-E; T-E vertical 3,224.25,69.75,121.5,2.101530579620885,-27.928562050510664,-3.0069400467909873,-137.8033291210886,13.298251158787181,-29.810503264554427
basic_HZ,T1-P091,N555,interface_action,T-E vertical 3,224.25,69.75,147.143,13.059009730815887,-81.16842329315841,-18.65433031320572,-376.54560136795044,84.87037246339605,149.6283191666007
basic_HZ,T1-P092,N245,interface_action,T-E vertical 3,224.25,69.75,150.143,10.353454694151878,87.52494739182293,18.494354248046875,338.76143300533295,-51.171233113098424,-164.13461340218782
basic_HZ,T1-P093,N466,interface_action,T-E diagonal 11; T-E diagonal 12; T-E top / segment 1; T-E vertical 3,224.25,69.75,193.643,-25.675924183090807,13.250165211850362,1.9998207993370765,-89.75461271941406,-31.928238909899115,127.96393563685872
basic_L125,T1-P001,N246,interface_action,T-W / B-WO; T-W vertical 3,-32.0,69.75,116.0,-475.59060764312744,198.25364273786545,-17.342037200927734,976.7203406691551,4554.721887623426,2438.396740436554
basic_L125,T1-P002,N370,interface_action,T-W / B-WO; T-W vertical 3,-32.0,69.75,117.5,391.1309356689453,-359.89923667907715,24.4309219121933,930.5143706798553,104.74679762497544,-7007.277170181274
basic_L125,T1-P003,N547,interface_action,T-W vertical 3,-32.0,69.75,120.0,-391.1309379750955,359.89923665781873,-24.430921937795897,-869.4370657032541,-104.7467976249671,6029.449822808511
basic_L125,T1-P005,N548,interface_action,T-W vertical 3,-32.0,69.75,147.143,391.1309382021427,-359.89923670887947,24.430922150611877,206.30855131149292,104.74679762497544,4587.017229139805
basic_L125,T1-P006,N231,interface_action,T-W vertical 3,-32.0,69.75,150.143,45.971234530210495,2474.3717390298843,-23.109796583652496,-247.86851114034653,-30.344093227526173,-1084.7563806176186
basic_L125,T1-P007,N401,interface_action,T-W diagonal 10; T-W diagonal 9; T-W top / segment 1; T-W vertical 3,-32.0,69.75,193.643,-105.92827265853556,2431.8368469864427,-21.943798969501312,954.5313339438924,36.76314554545197,7055.85220222838
basic_L125,T1-P017,N248,interior_applied_load,,9.344,69.75,116.0,-3.5435309331388324e-11,-898.2408348408351,-8.099699619322176e-12,1.965407706036295e-14,-2.182066465464564e-11,-1.1245952011975372e-09
basic_L125,T1-P022,N250,interior_applied_load,,28.031,69.75,116.0,1.9413698721926546e-10,-898.2408348159844,-6.889089636322185e-10,7.812677554340647e-15,5.53273494093005e-10,-1.2351157393797571e-08
basic_L125,T1-P031,N252,interior_applied_load,,46.719,69.75,116.0,1.6082804063521508e-10,-898.240834842037,-1.2353189134412107e-11,2.6390217557057107e-14,-1.1726952272422307e-10,1.3014188103881059e-08
basic_L125,T1-P036,N254,interior_applied_load,,65.406,69.75,116.0,-3.425902758400389e-11,-898.2408348408192,4.7719210541912215e-12,2.58354921496043e-15,-2.3083182981286475e-12,7.101748317875244e-09
basic_L125,T1-P041,N256,interior_applied_load,,84.094,69.75,116.0,2.1238997119857698e-10,-898.2408348837116,-1.679143339878788e-10,2.1164631907065815e-14,-2.7972764925078767e-11,1.9466766633241318e-08
basic_L125,T1-P050,N258,interior_applied_load,,102.781,69.75,116.0,-9.614430793898873e-11,-898.2408348433984,1.3903506260586417e-11,4.089265794538747e-14,4.212333630435292e-11,1.4166737282437732e-09
basic_L125,T1-P056,N261,interior_applied_load,,121.469,69.75,116.0,-2.6149707135806817e-11,-898.2408348421793,5.3181601439596785e-12,1.0160133307074064e-14,-4.481629783469677e-11,1.27313221680569e-08
basic_L125,T1-P061,N263,interior_applied_load,,140.156,69.75,116.0,-1.8908751000533866e-10,-898.24083505937,4.647788214706845e-09,1.1059380923469306e-14,-1.518543655605428e-09,-9.373297069253005e-08
basic_L125,T1-P062,N264,interior_applied_load,,158.844,69.75,116.0,-2.988535952292854e-11,-898.2408352288971,8.223712390063773e-09,2.2940375622823497e-14,-4.663187872148929e-09,-1.7718760846839494e-07
basic_L125,T1-P074,N267,interior_applied_load,,177.531,69.75,116.0,1.0703971750825248e-10,-898.2408348408759,-1.1427779666582975e-11,3.068269241832522e-15,2.350579645424149e-11,-2.832260838914755e-10
basic_L125,T1-P079,N269,interior_applied_load,,196.219,69.75,116.0,-1.397151273846399e-09,-898.2408324592819,3.077174813828277e-08,5.4393480612428264e-14,2.8486186503194214e-08,-2.2187632805633777e-07
basic_L125,T1-P081,N270,interior_applied_load,,214.906,69.75,116.0,6.82295724960019e-11,-898.2408348407782,2.6226524967019172e-11,1.0323547201952405e-14,-4.7496049132285546e-11,2.3717200387076117e-09
basic_L125,T1-P088,N161,interface_action,T-E; T-E vertical 3,224.25,69.75,120.0,1309.5551256472245,1813.1622065317351,38.26398359693121,-143.2747581889853,4718.935580987317,-15476.430302878143
basic_L125,T1-P089,N426,interface_action,T-E; T-E vertical 3,224.25,69.75,121.5,-147.90402792580426,-348.42017163103446,4.612452119123191,216.32314677757677,150.78054268089454,2477.611621748423
basic_L125,T1-P091,N555,interface_action,T-E vertical 3,224.25,69.75,147.143,-919.0825774669647,-1012.6090961545706,28.614539623260498,608.253949046135,962.2920085325604,-8172.039528727531
basic_L125,T1-P092,N245,interface_action,T-E vertical 3,224.25,69.75,150.143,-209.7187578678131,4060.7459419369698,-22.76420271396637,-412.5776014328003,-420.6950178765692,4402.375173211098
basic_L125,T1-P093,N466,interface_action,T-E diagonal 11; T-E diagonal 12; T-E top / segment 1; T-E vertical 3,224.25,69.75,193.643,111.56694739328492,1521.4481466335692,-10.762060838413898,116.82144559148502,-348.7435459707169,-6187.081058472721
basic_L30,T1-P001,N246,interface_action,T-W / B-WO; T-W vertical 3,-32.0,69.75,116.0,-114.1417453289032,47.580874532461166,-4.162089079618454,234.4128818809986,1093.1332763303071,585.2152274847031
basic_L30,T1-P002,N370,interface_action,T-W / B-WO; T-W vertical 3,-32.0,69.75,117.5,93.8714246749878,-86.37581676989794,5.8634212911129,223.32344907522202,25.1392320394516,-1681.7465226650238
basic_L30,T1-P003,N547,interface_action,T-W vertical 3,-32.0,69.75,120.0,-93.87142514805805,86.3758167648112,-5.863421279708893,-208.66489587230433,-25.139232039312905,1447.0679587772197
basic_L30,T1-P005,N548,interface_action,T-W vertical 3,-32.0,69.75,147.143,93.8714252486825,-86.37581677362323,5.863421276211739,49.51405221223831,25.139232039422495,1100.88413618505
basic_L30,T1-P006,N231,interface_action,T-W vertical 3,-32.0,69.75,150.143,11.033096253871918,593.8492178842425,-5.546351134777069,-59.48844265937805,-7.282582212879788,-260.34153112769127
basic_L30,T1-P007,N401,interface_action,T-W diagonal 10; T-W diagonal 9; T-W top / segment 1; T-W vertical 3,-32.0,69.75,193.643,-25.42278525189578,583.640842836684,-5.2665117853652585,229.08752051303028,8.823158733615232,1693.4045229439043
basic_L30,T1-P017,N248,interior_applied_load,,9.344,69.75,116.0,-5.935528931285153e-12,-215.57780036181074,-6.218043533473536e-13,1.2117956143190853e-14,3.2611869382699295e-12,1.416403644796035e-10
basic_L30,T1-P022,N250,interior_applied_load,,28.031,69.75,116.0,-2.738395098215094e-11,-215.57780035696774,-5.635497866732067e-11,1.6175746937925585e-14,1.33915771187636e-10,1.4852052743378723e-09
basic_L30,T1-P031,N252,interior_applied_load,,46.719,69.75,116.0,1.8475475673567947e-11,-215.57780036191377,-3.6944363370431e-12,1.6759166680059762e-15,-1.77395559125621e-11,1.2208134662796878e-09
basic_L30,T1-P036,N254,interior_applied_load,,65.406,69.75,116.0,2.2506623956640483e-13,-215.57780036186773,4.800872854193021e-13,-8.621871081515017e-16,-2.6962882146646608e-12,-2.074987810995378e-09
basic_L30,T1-P041,N256,interior_applied_load,,84.094,69.75,116.0,-1.2431786471292807e-10,-215.5778003605446,1.8861212304466548e-11,8.460907338189028e-15,3.191649741036827e-11,-7.977650676974741e-09
basic_L30,T1-P050,N258,interior_applied_load,,102.781,69.75,116.0,-5.531686389687239e-11,-215.57780036228866,8.832213828767986e-13,2.236089523764645e-15,2.560552662300353e-12,3.841530579466694e-11
basic_L30,T1-P056,N261,interior_applied_load,,121.469,69.75,116.0,1.4668620525370736e-11,-215.57780036183297,1.4536778398004429e-12,2.998995428500094e-16,-1.154545836169265e-11,1.005026368130332e-09
basic_L30,T1-P061,N263,interior_applied_load,,140.156,69.75,116.0,2.2832925515552442e-11,-215.57780041036614,4.935390532880113e-10,-4.714721996666254e-15,7.127878302463679e-11,-1.7159539293587772e-08
basic_L30,T1-P062,N264,interior_applied_load,,158.844,69.75,116.0,2.948112478288761e-11,-215.57780042490222,2.4483770705988587e-09,6.031326174162163e-15,-1.93760031809945e-09,-3.816208275686722e-08
basic_L30,T1-P074,N267,interior_applied_load,,177.531,69.75,116.0,2.4336472346903266e-12,-215.57780036189942,2.2772245793188886e-12,6.371056443631877e-16,1.3991469910723686e-11,-3.663123230302734e-11
basic_L30,T1-P079,N269,interior_applied_load,,196.219,69.75,116.0,-1.8559987990492633e-10,-215.5778007064185,2.3583460718005402e-08,1.7741867489162613e-14,2.648586138932701e-10,7.008687625481293e-08
basic_L30,T1-P081,N270,interior_applied_load,,214.906,69.75,116.0,2.7284772542965258e-11,-215.57780036182805,5.200154887098459e-12,1.4435787195309535e-15,-5.701641753078918e-12,-1.3278148231314224e-10
basic_L30,T1-P088,N161,interface_action,T-E; T-E vertical 3,224.25,69.75,120.0,314.29323024640325,435.15892937610624,9.183356253342936,-34.385942693275865,1132.5445627112613,-3714.3432622472756
basic_L30,T1-P089,N426,interface_action,T-E; T-E vertical 3,224.25,69.75,121.5,-35.49696662905626,-83.62084117170889,1.106988502520835,51.917555068124784,36.187330910525134,594.6267881367821
basic_L30,T1-P091,N555,interface_action,T-E vertical 3,224.25,69.75,147.143,-220.57981814444065,-243.02618302032351,6.867489472031593,145.9809477031231,230.95008630532539,-1961.2894820272923
basic_L30,T1-P092,N245,interface_action,T-E vertical 3,224.25,69.75,150.143,-50.33250178396702,974.5790255758911,-5.463408559560776,-99.01862356066704,-100.96680582407862,1056.5700379908085
basic_L30,T1-P093,N466,interface_action,T-E diagonal 11; T-E diagonal 12; T-E top / segment 1; T-E vertical 3,224.25,69.75,193.643,26.776065876996462,365.1475554260099,-2.582894580551443,28.037146982702478,-83.69845010327454,-1484.8994548173405
basic_L40,T1-P001,N246,interface_action,T-W / B-WO; T-W vertical 3,-32.0,69.75,116.0,-152.18899655342102,63.4411648735404,-5.549451291561127,312.5505084693432,1457.5109311460983,780.2869243621826
basic_L40,T1-P002,N370,interface_action,T-W / B-WO; T-W vertical 3,-32.0,69.75,117.5,125.16189956665039,-115.16775573790073,7.81789493560791,297.7645981013775,33.51897320128046,-2242.3286876678467
basic_L40,T1-P003,N547,interface_action,T-W vertical 3,-32.0,69.75,120.0,-125.16189981681426,115.16775572675607,-7.817895002663741,-278.2198605569254,-33.51897320088383,1929.4239376401538
basic_L40,T1-P005,N548,interface_action,T-W vertical 3,-32.0,69.75,147.143,125.16189980506897,-115.1677557528019,7.8178950399160385,66.01873674988747,33.51897320104763,1467.8455085456371
basic_L40,T1-P006,N231,interface_action,T-W vertical 3,-32.0,69.75,150.143,14.710795134305954,791.798954769969,-7.39513486623764,-79.31792360544205,-9.710110189131228,-347.1220415979624
basic_L40,T1-P007,N401,interface_action,T-W diagonal 10; T-W diagonal 9; T-W top / segment 1; T-W vertical 3,-32.0,69.75,193.643,-33.89704734967252,778.187791981949,-7.022015558727784,305.45002602531656,11.764195433196674,2257.8727178307877
basic_L40,T1-P017,N248,interior_applied_load,,9.344,69.75,116.0,-3.7151918911577894e-11,-287.4370671490849,-1.9151522337845265e-12,2.1348671966560616e-15,-2.4353048993298996e-13,-4.2232698021628386e-10
basic_L40,T1-P022,N250,interior_applied_load,,28.031,69.75,116.0,-8.774738409580457e-11,-287.4370671387922,5.6230325756479934e-12,1.5363834487259061e-15,2.2277695137680174e-10,2.6908045026176437e-09
basic_L40,T1-P031,N252,interior_applied_load,,46.719,69.75,116.0,2.5058082942949638e-11,-287.4370671484787,-1.0012562342272206e-11,-8.661515806014076e-16,-5.140917739574402e-11,3.6147578617618186e-09
basic_L40,T1-P036,N254,interior_applied_load,,65.406,69.75,116.0,-4.403669386598207e-11,-287.43706714917573,-5.358026282426949e-13,-3.1704861378229236e-15,1.2775694160810545e-11,-2.350946367773391e-09
basic_L40,T1-P041,N256,interior_applied_load,,84.094,69.75,116.0,-2.3225435273921954e-11,-287.43706715891807,2.1353225978301657e-11,-1.2068288588129525e-14,4.090672943835306e-11,8.036682144642948e-09
basic_L40,T1-P050,N258,interior_applied_load,,102.781,69.75,116.0,-7.218213486535216e-11,-287.43706714954396,-6.313486777202087e-13,8.693976083102477e-15,-1.0688184316853194e-11,1.23130053592464e-09
basic_L40,T1-P056,N261,interior_applied_load,,121.469,69.75,116.0,2.940286744791465e-11,-287.4370671490156,-1.045050839243954e-12,1.93661630125832e-15,-1.1995103652696589e-11,-3.9960487246986683e-10
basic_L40,T1-P061,N263,interior_applied_load,,140.156,69.75,116.0,-1.2722706694958073e-10,-287.43706718873386,1.6560534536063269e-09,-2.2438370034265356e-15,5.960817284205819e-10,-3.237689092808104e-08
basic_L40,T1-P062,N264,interior_applied_load,,158.844,69.75,116.0,2.988109084893623e-10,-287.4370671857468,2.397174733227276e-09,1.4580692713883704e-14,-1.304428792902344e-09,8.817306668147431e-09
basic_L40,T1-P074,N267,interior_applied_load,,177.531,69.75,116.0,-9.440085270959817e-12,-287.43706714904727,-1.8781840995029233e-12,-7.695104107965555e-18,1.1352238724817313e-11,1.4958815415200563e-10
basic_L40,T1-P079,N269,interior_applied_load,,196.219,69.75,116.0,8.780099866460266e-10,-287.4370680084593,2.2343540612854827e-09,-6.177156280732595e-14,8.591221498817999e-09,9.640940904984006e-08
basic_L40,T1-P081,N270,interior_applied_load,,214.906,69.75,116.0,3.7957623761186794e-11,-287.4370671490489,4.546057666574021e-12,4.349544064022968e-15,-1.4028901477447623e-12,-2.7937282436773556e-10
basic_L40,T1-P088,N161,interface_action,T-E; T-E vertical 3,224.25,69.75,120.0,419.05763973784633,580.2119068272877,12.244474129431183,-45.847920239233645,1510.0593133952398,-4952.457737807068
basic_L40,T1-P089,N426,interface_action,T-E; T-E vertical 3,224.25,69.75,121.5,-47.329289231449366,-111.49445474456297,1.4759847006062046,69.22340767880087,48.24977151999224,792.8357231820701
basic_L40,T1-P091,N555,interface_action,T-E vertical 3,224.25,69.75,147.143,-294.1064266562462,-324.0349102579057,9.156652823090553,194.64126446843147,307.9334290861734,-2615.052670031786
basic_L40,T1-P092,N245,interface_action,T-E vertical 3,224.25,69.75,150.143,-67.11000320315361,1299.43870203197,-7.284545034170151,-132.0248357653618,-134.62240049266256,1408.7600733935833
basic_L40,T1-P093,N466,interface_action,T-E diagonal 11; T-E diagonal 12; T-E top / segment 1; T-E vertical 3,224.25,69.75,193.643,35.70142883205809,486.86340647175194,-3.4438594955094417,37.38286206555418,-111.597937626751,-1979.8659418551495
basic_L75patch,T1-P001,N246,interface_action,T-W / B-WO; T-W vertical 3,-32.0,69.75,116.0,-158.57296347618103,65.16619962453842,-6.550238341093063,322.90998512506485,1619.9566255605314,749.5882661342621
basic_L75patch,T1-P002,N370,interface_action,T-W / B-WO; T-W vertical 3,-32.0,69.75,117.5,136.1986608505249,-117.8358107060194,8.166197746992111,307.7884005308151,39.423244008561596,-2435.992760181427
basic_L75patch,T1-P003,N547,interface_action,T-W vertical 3,-32.0,69.75,120.0,-136.19866121544212,117.83581070434911,-8.166197889382612,-287.3729057128819,-39.423244008378724,2095.4961059998113
basic_L75patch,T1-P005,N548,interface_action,T-W vertical 3,-32.0,69.75,147.143,136.19866135716438,-117.83581071346998,8.166197925806046,65.7177964746952,39.42324400841608,1601.3441571444273
basic_L75patch,T1-P006,N231,interface_action,T-W vertical 3,-32.0,69.75,150.143,17.390741631388664,815.12598118186,-7.673836886882782,-83.13200134038925,-10.679828944208566,-404.9103984981775
basic_L75patch,T1-P007,N401,interface_action,T-W diagonal 10; T-W diagonal 9; T-W top / segment 1; T-W vertical 3,-32.0,69.75,193.643,-40.994328867670575,799.1222169222694,-7.546528298750664,309.74492342256747,32.24195751153184,2430.8023685380413
basic_L75patch,T1-P017,N248,interior_applied_load,,9.344,69.75,116.0,9.289131845228453e-12,-287.4370671490535,-3.2284893863731802e-12,-3.354798891302648e-17,-3.6842014579028767e-13,-1.9135452344750334e-10
basic_L75patch,T1-P022,N250,interior_applied_load,,28.031,69.75,116.0,3.302749762433245e-11,-287.437067140805,-1.0543939790002055e-10,3.602595313963525e-14,1.4358621561447007e-10,-1.9866724916555e-09
basic_L75patch,T1-P031,N252,interior_applied_load,,46.719,69.75,116.0,5.584388498109318e-11,-287.4370671479692,-8.787865356206126e-12,3.726505727606345e-15,-8.106449572844541e-11,6.045447059192374e-09
basic_L75patch,T1-P036,N254,interior_applied_load,,65.406,69.75,116.0,-2.7102504768904536e-11,-287.4370671494116,3.4692851697299464e-12,-2.924595575184125e-15,-1.5208418964200538e-11,-2.57211676208458e-09
basic_L75patch,T1-P041,N256,interior_applied_load,,84.094,69.75,116.0,7.562029190348773e-11,-287.43706715839903,-6.524063172607463e-11,8.807387178689264e-15,-2.320824212804361e-11,-1.769440468304394e-08
basic_L75patch,T1-P050,N258,interior_applied_load,,102.781,69.75,116.0,-3.699677373583712e-11,-287.4370671492209,4.934724195611713e-13,2.5751958650707968e-15,1.376438214069281e-11,3.3464186651607897e-09
basic_L75patch,T1-P056,N261,interior_applied_load,,121.469,69.75,116.0,2.0624693218187502e-11,-287.43706714903635,7.47636296480847e-12,-1.0288537183700772e-15,1.7668623442469843e-11,-1.656450424536565e-10
basic_L75patch,T1-P061,N263,interior_applied_load,,140.156,69.75,116.0,-1.7243136854979558e-10,-287.43706715125865,-3.613869679510411e-09,1.564294004511504e-14,-2.3133298768916685e-09,-6.20142279022572e-08
basic_L75patch,T1-P062,N264,interior_applied_load,,158.844,69.75,116.0,-1.8236878335976984e-11,-287.4370671965487,8.576316533797184e-10,1.2269339044489818e-14,1.4406031916922678e-10,-7.815689421809352e-09
basic_L75patch,T1-P074,N267,interior_applied_load,,177.531,69.75,116.0,1.0746401416157596e-11,-287.43706714916885,-3.1281010721545364e-12,1.7241402128580164e-15,4.779296783507836e-12,-1.0210872417479268e-10
basic_L75patch,T1-P079,N269,interior_applied_load,,196.219,69.75,116.0,-7.649190736588949e-10,-538.9445013626786,-7.664556137226919e-08,5.1914991476127817e-14,-1.2856475018497944e-08,1.5021274774481937e-07
basic_L75patch,T1-P081,N270,interior_applied_load,,214.906,69.75,116.0,2.8375926283432316e-11,-538.9445009047338,-1.3871207176089868e-12,1.3739784785896316e-15,5.897560409829535e-11,2.529381266709699e-10
basic_L75patch,T1-P088,N161,interface_action,T-E; T-E vertical 3,224.25,69.75,120.0,478.9770326468861,935.9646601406275,13.474764969199896,-49.94340243854094,1668.9691316994129,-5908.68050484953
basic_L75patch,T1-P089,N426,interface_action,T-E; T-E vertical 3,224.25,69.75,121.5,-52.64789792930242,-190.93207245710073,1.8895033606677316,89.45747748983558,56.150001961611,919.7764098400949
basic_L75patch,T1-P091,N555,interface_action,T-E vertical 3,224.25,69.75,147.143,-327.1565109193325,-554.9034443460405,11.72202280163765,254.3847680389881,358.3532543791225,-2673.740591675043
basic_L75patch,T1-P092,N245,interface_action,T-E vertical 3,224.25,69.75,150.143,-69.81599429249763,1606.9460928887129,-9.568016827106476,-172.12508735060692,-159.73142287827795,1478.7374889552593
basic_L75patch,T1-P093,N466,interface_action,T-E diagonal 11; T-E diagonal 12; T-E top / segment 1; T-E vertical 3,224.25,69.75,193.643,16.621260474489592,593.6058505408363,-3.913868162242631,57.82356485838632,-118.55393007984232,-2188.0776726530116
basic_P200,T1-P001,N246,interface_action,T-W / B-WO; T-W vertical 3,-32.0,69.75,116.0,-3.1881584748625755,0.23688023444265127,-0.22293511871248484,6.4220909690484405,42.98726981080836,-7.140605017542839
basic_P200,T1-P002,N370,interface_action,T-W / B-WO; T-W vertical 3,-32.0,69.75,117.5,2.8699433729052544,-1.2988644377328455,0.16280622594058514,6.127813293598592,1.0693664088466903,-50.78342320024967
basic_P200,T1-P003,N547,interface_action,T-W vertical 3,-32.0,69.75,120.0,-2.869943376732064,1.2988644376200151,-0.16280622474485532,-5.7207977322713806,-1.069366408826378,43.60856474640952
basic_P200,T1-P005,N548,interface_action,T-W vertical 3,-32.0,69.75,147.143,2.8699433780275285,-1.2988644379656762,0.16280622547492385,1.3017483721487224,1.0693664088303194,34.290308330673724
basic_P200,T1-P006,N231,interface_action,T-W vertical 3,-32.0,69.75,150.143,0.46077435789629817,15.978242453886196,-0.15201498800888658,-1.638385308906436,-0.20438184106751578,-10.137759814038873
basic_P200,T1-P007,N401,interface_action,T-W diagonal 10; T-W diagonal 9; T-W top / segment 1; T-W vertical 3,-32.0,69.75,193.643,-1.4602838531613356,16.073147804917568,-0.14952920922406895,6.328685081958037,1.054558139491779,54.92796893798087
basic_P200,T1-P054,N260,interior_applied_load,,112.125,69.75,116.0,-8.246703560499933e-13,-69.41431670257933,-8.516968103374667e-12,3.2746854117472683e-16,5.240964374021517e-12,-1.6272958929565847e-10
basic_P200,T1-P088,N161,interface_action,T-E; T-E vertical 3,224.25,69.75,120.0,10.219885742186307,-0.16606887463603925,0.3659965282122357,-1.3742397936739508,44.74389310949557,-41.63824924144865
basic_P200,T1-P089,N426,interface_action,T-E; T-E vertical 3,224.25,69.75,121.5,-1.0489362912994693,0.7220097780918877,0.031362215510853275,1.5193891851972694,1.4928724470227124,15.689777564162796
basic_P200,T1-P091,N555,interface_action,T-E vertical 3,224.25,69.75,147.143,-6.51813938934356,2.0983677994227037,0.1945636156015098,4.436728989705443,9.527616760000456,-69.64763353019953
basic_P200,T1-P092,N245,interface_action,T-E vertical 3,224.25,69.75,150.143,-1.7203146796673536,24.905187785509042,-0.14179178839549422,-2.4284305684268475,-4.547058669082617,31.42917251866311
basic_P200,T1-P093,N466,interface_action,T-E diagonal 11; T-E diagonal 12; T-E top / segment 1; T-E vertical 3,224.25,69.75,193.643,0.38522922012644994,10.865414168709027,-0.0884574724043666,1.1758112210442355,-3.445405445020302,-54.79826642887222
basic_R20,T1-P001,N246,interface_action,T-W / B-WO; T-W vertical 3,-32.0,69.75,116.0,-13.388348042964935,-55.41614629328251,4.899635493755341,355.88738667964935,281.26979763800045,-328.0193967819214
basic_R20,T1-P002,N370,interface_action,T-W / B-WO; T-W vertical 3,-32.0,69.75,117.5,-3.8318716287612915,-46.69435676932335,8.21818682551384,338.01661862432957,-9.540817452245392,61.62941429018974
basic_R20,T1-P003,N547,interface_action,T-W vertical 3,-32.0,69.75,120.0,3.831871734324283,46.69435676170958,-8.218186957574186,-317.47115100182253,9.54081745227004,-52.04973503204768
basic_R20,T1-P005,N548,interface_action,T-W vertical 3,-32.0,69.75,147.143,-3.8318717293441296,-46.69435676932335,8.218187034130096,94.4049024283886,-9.540817452245392,-51.95875941962004
basic_R20,T1-P006,N231,interface_action,T-W vertical 3,-32.0,69.75,150.143,-0.563127251341939,41.10620829463005,-7.6457235515117645,-88.18344327807426,-3.2243450834066607,12.533164784312248
basic_R20,T1-P007,N401,interface_action,T-W diagonal 10; T-W diagonal 9; T-W top / segment 1; T-W vertical 3,-32.0,69.75,193.643,11.799369620959558,45.45055131502106,-7.459456339537886,315.6321991919997,-0.01055061670352386,22.640222122596068
basic_R20,T1-P088,N161,interface_action,T-E; T-E vertical 3,224.25,69.75,120.0,-7.042338335799286,11.425347187265288,2.0460847953509074,-7.86035939847352,243.709061003515,-551.3757341469027
basic_R20,T1-P089,N426,interface_action,T-E; T-E vertical 3,224.25,69.75,121.5,-2.4425917583721457,47.01924528484233,0.3448458951606881,24.34184463537531,3.5119117396796184,29.616720229096245
basic_R20,T1-P091,N555,interface_action,T-E vertical 3,224.25,69.75,147.143,-15.17837992683053,136.65143222361803,2.1393406987190247,96.1518152654171,22.413267266965704,-205.17950575985014
basic_R20,T1-P092,N245,interface_action,T-E vertical 3,224.25,69.75,150.143,-9.148614689707756,-137.81458821892738,-1.4217500239610672,-103.67473703622818,10.585447205059609,174.5701656229794
basic_R20,T1-P093,N466,interface_action,T-E diagonal 11; T-E diagonal 12; T-E top / segment 1; T-E vertical 3,224.25,69.75,193.643,39.79590186500112,-41.72769282436835,-1.1211633897107462,-43.5292390888782,-39.453323016589586,-47.68985594640097
basic_U20,T1-P001,N246,interface_action,T-W / B-WO; T-W vertical 3,-32.0,69.75,116.0,13.388348042964935,55.41614629328251,-4.899635493755341,-355.88738667964935,-281.26979763800045,328.0193967819214
basic_U20,T1-P002,N370,interface_action,T-W / B-WO; T-W vertical 3,-32.0,69.75,117.5,3.8318716287612915,46.69435676932335,-8.21818682551384,-338.01661862432957,9.540817452245392,-61.62941429018974
basic_U20,T1-P003,N547,interface_action,T-W vertical 3,-32.0,69.75,120.0,-3.831871734324283,-46.69435676170958,8.218186957574186,317.47115100182253,-9.54081745227004,52.04973503204768
basic_U20,T1-P005,N548,interface_action,T-W vertical 3,-32.0,69.75,147.143,3.8318717293441296,46.69435676932335,-8.218187034130096,-94.4049024283886,9.540817452245392,51.95875941962004
basic_U20,T1-P006,N231,interface_action,T-W vertical 3,-32.0,69.75,150.143,0.563127251341939,-41.10620829463005,7.6457235515117645,88.18344327807426,3.2243450834066607,-12.533164784312248
basic_U20,T1-P007,N401,interface_action,T-W diagonal 10; T-W diagonal 9; T-W top / segment 1; T-W vertical 3,-32.0,69.75,193.643,-11.799369620959558,-45.45055131502106,7.459456339537886,-315.6321991919997,0.01055061670352386,-22.640222122596068
basic_U20,T1-P088,N161,interface_action,T-E; T-E vertical 3,224.25,69.75,120.0,7.042338335799286,-11.425347187265288,-2.0460847953509074,7.86035939847352,-243.709061003515,551.3757341469027
basic_U20,T1-P089,N426,interface_action,T-E; T-E vertical 3,224.25,69.75,121.5,2.4425917583721457,-47.01924528484233,-0.3448458951606881,-24.34184463537531,-3.5119117396796184,-29.616720229096245
basic_U20,T1-P091,N555,interface_action,T-E vertical 3,224.25,69.75,147.143,15.17837992683053,-136.65143222361803,-2.1393406987190247,-96.1518152654171,-22.413267266965704,205.17950575985014
basic_U20,T1-P092,N245,interface_action,T-E vertical 3,224.25,69.75,150.143,9.148614689707756,137.81458821892738,1.4217500239610672,103.67473703622818,-10.585447205059609,-174.5701656229794
basic_U20,T1-P093,N466,interface_action,T-E diagonal 11; T-E diagonal 12; T-E top / segment 1; T-E vertical 3,224.25,69.75,193.643,-39.79590186500112,41.72769282436835,1.1211633897107462,43.5292390888782,39.453323016589586,47.68985594640097
