case,point,solver_node,kind,adjacent_members,x_east_in,y_north_in,z_up_in,FX_lb,FY_lb,FZ_lb,MX_lb_in,MY_lb_in,MZ_lb_in
roof_first_service,TN-P001,N147,interface_action,BR-N-upper-1; T-W / B-WO; W4,-32.0,249.0,115.0,-147.96177107843027,321.8777489103761,4.595886389791929,228.74730892318044,19.267693646132802,550.0634178208284
roof_first_service,TN-P002,N555,interface_action,BR-N-upper-2; T-W top / segment 2; W4,-32.0,249.0,226.093,41.38136197357563,-191.2193361569282,-4.534417436051689,160.92933136010683,49.702343457847235,-1503.5112117722022
roof_first_service,TN-P003,N188,interior_applied_load,,-31.0,249.0,115.0,-7.252083378261887e-10,-7.501450311748044,1.2787346292952861e-08,-2.718297764658928e-08,8.750191682338482e-10,-1.0996785704264767e-09
roof_first_service,TN-P004,N424,interior_applied_load,,-31.0,249.0,117.5,-8.989507856757512e-10,-3.7252154036942526,-3.6680042072391086e-09,1.2734228832653994e-08,1.2753901505255786e-11,2.84478587085472e-09
roof_first_service,TN-P005,N425,interior_applied_load,,-31.0,249.0,144.148,-2.093590843826663e-15,-7.450430807086208,1.7782748596782468e-14,3.952261496402212e-13,-2.4860970910577406e-16,-8.572101933600515e-14
roof_first_service,TN-P006,N426,interior_applied_load,,-31.0,249.0,170.797,-1.4244728099677162e-15,-7.450430807086005,-2.319477281994945e-14,-5.069907871314364e-14,-2.0249359277303127e-16,-1.296255321308518e-14
roof_first_service,TN-P007,N427,interior_applied_load,,-31.0,249.0,197.445,2.2650842661662166e-15,-7.4504308070856125,-4.2359699347350974e-15,7.476444874392143e-13,2.9924963629190685e-16,1.666294090277626e-15
roof_first_service,TN-P008,N428,interior_applied_load,,-31.0,249.0,224.093,0.0,-3.7252154035959393,0.0,0.0,3.637978807091713e-12,-7.450580596923828e-09
roof_first_service,TN-P009,N613,interior_applied_load,,-31.0,249.0,226.324,0.0,-3.1277812633197755,3.5762786865234375e-07,-5.960464477539062e-07,8.149072527885437e-09,1.4901161193847656e-08
roof_first_service,TN-P010,N449,interior_applied_load,,-23.25,249.0,143.58,8.526512829121202e-14,-8.279007407834683,-1.1368683772161603e-13,-9.094947017729282e-13,8.242295734817162e-13,5.684341886080802e-14
roof_first_service,TN-P011,N189,interior_applied_load,,-21.323,249.0,115.0,1.2815849084066348e-13,-8.548856238349826,3.3305717221452385e-14,-1.716166014162747e-14,-3.3062090639498313e-12,3.4337700126555845e-13
roof_first_service,TN-P012,N614,interior_applied_load,,-18.0,249.0,229.319,-1.1612470480546089e-13,-6.823118306104685,7.352439862155765e-12,6.369268213616035e-12,5.327979553774432e-11,-1.288303204771328e-12
roof_first_service,TN-P013,N450,interior_applied_load,,-15.5,249.0,172.16,-5.443034802549302e-14,-8.279007407834593,3.9965495756619254e-14,-3.930134997652227e-12,2.878429939743311e-13,4.340934873046521e-14
roof_first_service,TN-P014,N451,interior_applied_load,,-7.75,249.0,200.739,-1.4458665788060945e-13,-8.279007407834886,1.2355625314205713e-13,1.262278693587829e-13,3.627133575390979e-13,-4.28116251858865e-14
roof_first_service,TN-P015,N190,interior_applied_load,,-3.85,249.0,115.0,-2.213241733577109e-12,-6.714053410398191,1.1038716735836628e-12,-3.2143050965245494e-13,-2.7659937151512877e-12,5.251096007746636e-13
roof_first_service,TN-P016,N191,interior_applied_load,,0.0,249.0,115.0,2.7359449705777195e-09,-1.2221072750073247,-2.065421321351124e-05,-2.8321961220711955e-08,3.6383764192147044e-07,7.560189616007129e-08
roof_first_service,TN-P017,N429,interior_applied_load,,0.0,249.0,117.5,-1.53934573683446e-09,-3.8379523854006963,-1.4965901902281764e-09,5.326075048551768e-10,-1.6177822919935976e-11,-6.209201037776056e-09
roof_first_service,TN-P018,N430,interior_applied_load,,0.0,249.0,144.955,-2.6712342908848726e-16,-7.6759047715695825,4.496803610689998e-14,-1.8035835206800691e-12,9.07114434686517e-16,-8.172754674875996e-14
roof_first_service,TN-P019,N431,interior_applied_load,,0.0,249.0,172.41,-1.085688188877469e-15,-7.675904771569663,2.459760914324231e-14,9.050212781594806e-14,-1.7295467400423047e-16,-2.4032627192299812e-14
roof_first_service,TN-P020,N432,interior_applied_load,,0.0,249.0,199.864,-1.6869285902819521e-15,-7.675904771569706,7.537255164426663e-14,-6.682663574849315e-13,-4.140558537270074e-16,-2.2969886145271863e-14
roof_first_service,TN-P021,N433,interior_applied_load,,0.0,249.0,227.319,3.725290298461914e-09,-3.8379523858893663,0.0,0.0,0.0,-3.725290298461914e-09
roof_first_service,TN-P022,N452,interior_applied_load,,-0.0,249.0,229.319,3.725290298461914e-09,-10.271621759980917,4.76837158203125e-07,-2.384185791015625e-07,0.0,-7.450580596923828e-09
roof_first_service,TN-P023,N192,interior_applied_load,,0.031,249.0,115.0,1.102191323446038e-10,-0.31487229042757864,1.4857241656418594e-05,-4.199867020707934e-11,5.493569783576243e-07,3.7146099643359464e-09
roof_first_service,TN-P024,N193,interior_applied_load,,1.0,249.0,115.0,4.547473508864641e-12,-10.190374840126651,-1.0429488384033903e-09,7.958078640513122e-12,-6.716049938404467e-10,1.198259269585833e-10
roof_first_service,TN-P025,N615,interior_applied_load,,10.167,249.0,229.319,1.608792523845034e-13,-8.345486119928365,3.2101850418743056e-12,-6.611368925230455e-14,-4.890367755293828e-14,9.667947794473554e-14
roof_first_service,TN-P026,N453,interior_applied_load,,10.6,249.0,137.864,1.1368683772161603e-13,-6.9329632482417765,-5.684341886080802e-14,6.0254023992456496e-12,-3.183231456205249e-12,-1.4210854715202004e-14
roof_first_service,TN-P027,N454,interior_applied_load,,20.2,249.0,160.728,-1.0507011386104574e-13,-6.932963248241928,3.435583537366133e-14,6.468477622680115e-12,-1.1347840801248246e-12,-7.498494923317046e-15
roof_first_service,TN-P028,N194,interior_applied_load,,21.385,249.0,115.0,8.551155548226899e-13,-7.336587470093687,-1.059307783571569e-11,5.795634498046488e-14,3.572019999045153e-11,8.647220387178563e-12
roof_first_service,TN-P029,N195,interior_applied_load,,24.3,249.0,115.0,-1.0746127077579973e-12,-6.723893304357861,1.7356458720984218e-11,1.3764343274648248e-13,4.771284573451934e-11,5.290338817799182e-12
roof_first_service,TN-P030,N455,interior_applied_load,,29.8,249.0,183.592,-6.899765699778826e-14,-6.9329632482422845,-5.905367889954092e-14,8.30672186587894e-12,-3.0030645834045566e-12,-2.2029165929119761e-13
roof_first_service,TN-P031,N616,interior_applied_load,,38.333,249.0,229.319,-3.6492160123130655e-13,-8.454340290949165,-1.2634438272310385e-12,6.508407072559355e-16,-1.0219441751784242e-11,-1.7866824175833205e-12
roof_first_service,TN-P032,N456,interior_applied_load,,39.4,249.0,206.455,-1.2339950594446627e-13,-6.93296324824251,-4.3298780714102624e-13,4.390283312341726e-14,-1.470268211070757e-13,-4.903103136116135e-14
roof_first_service,TN-P033,N196,interior_applied_load,,42.74,249.0,115.0,-6.178726186450562e-13,-8.171006277550978,2.5002921678395604e-12,8.798219326162502e-15,-7.959410046966497e-12,1.48426328993804e-13
roof_first_service,TN-P034,N457,interior_applied_load,,49.0,249.0,229.319,-2.682853939006691e-13,-6.060839250235391,3.6127484684400635e-10,3.1924892839731726e-11,6.486114917728103e-10,-2.4201916512534005e-12
roof_first_service,TN-P035,N197,interface_action,BR-N-upper-2,50.25,249.0,115.0,-3.877673762866607,-48.03091908536346,-1.9473987775009312,-97.21544299107333,-79.21401350949178,694.2517042885097
roof_first_service,TN-P036,N617,interface_action,BR-N-upper-1,50.25,249.0,229.319,63.04916911824646,42.205959147831905,1.2077009304613504,-21.26512027498052,68.37282107694577,603.6969286713224
roof_first_service,TN-P037,N198,interior_applied_load,,52.45,249.0,115.0,8.004565059130583e-12,-0.9446249462126506,2.1428355040221196e-09,8.128432776011777e-12,-9.341236200021363e-10,-2.3374408367375594e-11
roof_first_service,TN-P038,N199,interface_action,N1 / U-W,53.25,249.0,115.0,-32.68324144861892,108.50699963214949,-0.9815125940416587,194.52935040310828,152.70113650481017,617.0184848490036
roof_first_service,TN-P039,N618,interface_action,N1 / U-W,53.25,249.0,229.319,-127.37020394215995,-14.719023743513604,4.422917545247209,15.601469025958087,-104.82319118665036,-996.9170234329358
roof_first_service,TN-P040,N417,interface_action,N1 / U-W,56.25,249.0,207.0,164.2767220775475,147.9983686131486,-3.5353874651571755,-9.420791327292138,36.45798048052846,229.72090532282755
roof_first_service,TN-P041,N418,interior_applied_load,,57.25,249.0,207.0,0.0,-5.595100788865238,-1.1920928955078125e-07,0.0,-2.9103830456733704e-11,2.2351741790771484e-08
roof_first_service,TN-P042,N467,interior_applied_load,,57.25,249.0,209.5,0.0,-2.4909762099850923,-1.1920928955078125e-07,-1.1920928955078125e-07,0.0,0.0
roof_first_service,TN-P043,N468,interior_applied_load,,57.25,249.0,227.319,-3.2651443840348016e-09,-2.490976209965189,6.158548823687049e-09,-1.871258694385869e-07,1.9368170332091597e-11,2.642424209997607e-09
roof_first_service,TN-P044,N619,interior_applied_load,,57.25,249.0,229.319,9.06494182376394e-09,-2.884635403015378,-4.069334152510873e-08,5.1771169475409886e-08,2.627336915425936e-10,1.1635259977259367e-08
roof_first_service,TN-P045,N200,interior_applied_load,,64.094,249.0,115.0,-4.0333233599716e-14,-8.611831276133383,3.238312976339966e-12,2.1461808178572097e-13,6.795676718555578e-12,-2.8944665901132622e-12
roof_first_service,TN-P046,N620,interior_applied_load,,66.5,249.0,229.319,7.028310024925811e-13,-5.007291664597717,5.868686679144827e-12,1.9338317481911457e-14,-1.167577341133999e-12,4.1994544481204703e-13
roof_first_service,TN-P047,N477,interior_applied_load,,68.75,249.0,218.16,4.547473508864641e-13,-4.480201577765911,-9.094947017729282e-13,4.547473508864641e-12,-6.366462912410498e-12,7.105427357601002e-14
roof_first_service,TN-P048,N419,interior_applied_load,,80.25,249.0,207.0,7.450580596923828e-09,-6.5702083283104,1.1920928955078125e-07,2.384185791015625e-07,-1.4551915228366852e-11,0.0
roof_first_service,TN-P049,N469,interior_applied_load,,80.25,249.0,209.5,0.0,-2.490976210217923,-1.1920928955078125e-07,0.0,0.0,7.450580596923828e-09
roof_first_service,TN-P050,N470,interior_applied_load,,80.25,249.0,227.319,1.1168609478223734e-08,-2.4909762104633297,3.7545863973420524e-08,4.851920198944981e-09,-3.763435145446938e-11,-1.2369224880459662e-09
roof_first_service,TN-P051,N478,interior_applied_load,,80.25,249.0,229.319,1.2287204744654947e-09,-10.662997454830927,2.006411223023238e-07,-8.7897252888425e-08,2.1282498728485775e-11,3.391591612501942e-09
roof_first_service,TN-P052,N201,interior_applied_load,,80.6,249.0,115.0,1.7554810800673403e-13,-6.723893215726828,-2.5232490334761137e-12,-3.864231725838439e-15,-1.4847551990959673e-11,4.8258282920209884e-12
roof_first_service,TN-P053,N202,interior_applied_load,,85.448,249.0,115.0,4.924754448443455e-13,-8.250380990899162,3.400063451685021e-12,8.497248975469087e-14,-1.2650023717492786e-11,2.916478631454174e-11
roof_first_service,TN-P054,N479,interior_applied_load,,92.25,249.0,218.16,2.2737367544323206e-12,-4.581557218968555,0.0,-8.185452315956354e-12,2.7284841053187847e-12,9.094947017729282e-13
roof_first_service,TN-P055,N621,interior_applied_load,,94.667,249.0,229.319,-3.705967011786659e-14,-5.225000043434189,1.0007203933512862e-11,4.1988547173781654e-11,8.335460277570564e-11,6.324710488524608e-12
roof_first_service,TN-P056,N420,interior_applied_load,,104.25,249.0,207.0,1.4901161193847656e-08,-11.291557218879461,2.384185791015625e-07,1.1920928955078125e-07,-8.454662747681141e-09,0.0
roof_first_service,TN-P057,N471,interior_applied_load,,104.25,249.0,209.5,-7.450580596923828e-09,-2.490976210683584,0.0,4.76837158203125e-07,-7.275957614183426e-11,1.4901161193847656e-08
roof_first_service,TN-P058,N472,interior_applied_load,,104.25,249.0,227.319,4.446815624059575e-09,-2.490976208947223,1.7129122674430786e-07,6.949066758132894e-08,3.5002704293179065e-12,-4.827188898604007e-09
roof_first_service,TN-P059,N622,interior_applied_load,,104.25,249.0,229.319,8.062378050647149e-10,-6.13211805608814,-1.1200570829807043e-07,-8.160906894331741e-08,-4.074946458986923e-11,-6.456169328655141e-09
roof_first_service,TN-P060,N203,interior_applied_load,,106.802,249.0,115.0,1.702098353365433e-12,-7.337243475034981,8.134692602725692e-11,2.6589101364154274e-13,-1.0108799443811707e-10,-6.893831196157095e-11
roof_first_service,TN-P061,N204,interior_applied_load,,108.75,249.0,115.0,-1.5261742162192187e-12,-6.723893215737926,-5.776057343257546e-11,-3.561527185364097e-13,-4.850688298213593e-11,2.8381520961440183e-11
roof_first_service,TN-P062,N480,interior_applied_load,,116.25,249.0,218.16,0.0,-4.581557218969465,0.0,1.3642420526593924e-11,-5.4569682106375694e-12,-5.684341886080801e-13
roof_first_service,TN-P063,N623,interior_applied_load,,122.833,249.0,229.319,6.1447125077516345e-12,-5.224999988247285,1.1829538940116314e-11,-3.716775031499865e-11,-2.376180792143368e-10,3.126552603493717e-11
roof_first_service,TN-P064,N205,interior_applied_load,,128.156,249.0,115.0,-4.7648603161838346e-14,-8.863731250007495,1.939381739618295e-12,-1.4205683178320802e-13,-9.7707666783988e-13,-3.2288917562813147e-11
roof_first_service,TN-P065,N421,interior_applied_load,,128.25,249.0,207.0,1.4901161193847656e-08,-6.570208327844739,0.0,1.1920928955078125e-07,-1.4551915228366852e-11,0.0
roof_first_service,TN-P066,N473,interior_applied_load,,128.25,249.0,209.5,0.0,-2.490976208820939,-1.1920928955078125e-07,1.1920928955078125e-07,0.0,-1.4901161193847656e-08
roof_first_service,TN-P067,N474,interior_applied_load,,128.25,249.0,227.319,-8.733898854140776e-09,-2.490976211610631,7.42974449324807e-08,-1.3238671295323634e-07,-2.4156842078551187e-11,2.491471201571116e-08
roof_first_service,TN-P068,N481,interior_applied_load,,128.25,249.0,229.319,-2.5233161214011963e-08,-10.662997453564573,-2.4982906503532175e-07,3.4438137787858983e-07,-4.206983117379065e-10,4.779067730213136e-08
roof_first_service,TN-P069,N206,interior_applied_load,,136.9,249.0,115.0,7.548131106392229e-14,-6.7238932157298885,-2.18205737220808e-12,1.202245263199095e-13,4.126353639657053e-12,-2.756252744590994e-11
roof_first_service,TN-P070,N482,interior_applied_load,,139.75,249.0,218.16,9.094947017729282e-13,-4.48020157776773,-4.547473508864641e-13,4.547473508864641e-12,-3.637978807091713e-12,0.0
roof_first_service,TN-P071,N207,interior_applied_load,,149.51,249.0,115.0,-1.3028166112088177e-14,-8.863731249999198,4.078852006659183e-13,-1.037733721899582e-13,-5.182697674907424e-12,-1.137608804888627e-11
roof_first_service,TN-P072,N624,interior_applied_load,,151.0,249.0,229.319,2.0471777051334072e-11,-5.0072916724787015,-5.907580566573423e-08,-3.9358540170099466e-12,2.1366041683731213e-08,-1.3342489058043583e-09
roof_first_service,TN-P073,N422,interior_applied_load,,151.25,249.0,207.0,0.0,-5.595100792124867,2.384185791015625e-07,1.1920928955078125e-07,-3.2014213502407074e-10,7.450580596923828e-09
roof_first_service,TN-P074,N475,interior_applied_load,,151.25,249.0,209.5,7.450580596923828e-09,-2.490976210683584,0.0,1.1920928955078125e-07,-1.4551915228366852e-11,1.4901161193847656e-08
roof_first_service,TN-P075,N476,interior_applied_load,,151.25,249.0,227.319,4.842282602668391e-09,-2.490976208329779,2.1234177834117407e-07,-6.395066257103288e-08,-2.0084513794890878e-11,-5.894411070350714e-10
roof_first_service,TN-P076,N625,interior_applied_load,,151.25,249.0,229.319,3.7343198845685155e-10,-0.925260399542062,-2.0979430250752686e-07,1.1189372371512556e-07,7.375501867720128e-09,1.3397891272977358e-09
roof_first_service,TN-P077,N423,interior_applied_load,,152.25,249.0,207.0,5.645460718791396e-10,-0.13979166022264927,-1.2500136197764873e-08,-1.7544808324571755e-09,-2.449254100024576e-09,3.464974658969945e-08
roof_first_service,TN-P078,N411,interior_applied_load,,155.25,249.0,120.0,1.1350589312984258e-13,-11.509154224684194,-1.2296289832993887e-14,-1.2029390847079118e-12,7.008522571033587e-16,-4.845157236182535e-13
roof_first_service,TN-P079,N412,interior_applied_load,,155.25,249.0,146.657,-4.378016081298268e-14,-23.018308449371794,1.4391298374737294e-13,-8.73846369837229e-14,5.979396536292527e-15,-1.7523958484439593e-12
roof_first_service,TN-P080,N413,interior_applied_load,,155.25,249.0,173.314,-1.0239389815171537e-13,-23.018308449374707,4.87803161327011e-13,-5.878895966450869e-12,7.008522571033587e-16,2.1449000751751316e-12
roof_first_service,TN-P081,N414,interior_applied_load,,155.25,249.0,199.971,4.612473266220469e-12,-14.54394155122981,1.7664931712571188e-11,-3.051239146444035e-11,5.1828881350136416e-14,-1.7678596617747333e-11
roof_first_service,TN-P082,N415,interior_applied_load,,155.25,249.0,207.0,8.172027411471154e-11,-11.509154245450596,-6.84720885022458e-08,4.240208556598772e-09,-4.594572372873391e-08,-3.1704579601664754e-08
roof_first_service,TN-P083,N416,interior_applied_load,,155.25,249.0,226.628,0.0,-8.474366897717118,-1.1920928955078125e-07,0.0,0.0,-3.725290298461914e-09
roof_first_service,TN-P084,N626,interior_applied_load,,155.25,249.0,229.319,0.0,-1.9049479011446238,0.0,0.0,2.9103830456733704e-11,-3.725290298461914e-09
roof_first_service,TN-P085,N458,interior_applied_load,,160.0,249.0,229.319,4.0301891176617146e-12,-8.873232788145584,-1.3114685978229307e-10,5.177376622285596e-12,-1.3047509713660563e-10,1.2980110243554116e-10
roof_first_service,TN-P086,N208,interior_applied_load,,165.05,249.0,115.0,-1.2992212232706292e-13,-6.723893215761098,6.8180671776304394e-12,3.7876707548261944e-14,-2.597435781995339e-11,-8.32198918383585e-11
roof_first_service,TN-P087,N209,interior_applied_load,,170.865,249.0,115.0,8.156158511264106e-14,-4.707381238017765,-5.30005829706318e-13,2.327051393176132e-13,-2.4216217403403744e-11,-4.9109508546184017e-11
roof_first_service,TN-P088,N459,interior_applied_load,,172.85,249.0,206.455,1.3024334009175538e-12,-7.332750335666448,-1.2412075292630377e-14,1.1731073693121358e-12,-6.302517815705735e-13,2.858583984736338e-13
roof_first_service,TN-P089,N627,interior_applied_load,,179.167,249.0,229.319,-5.574755595158698e-12,-4.3541666955458975,-4.712476304044571e-10,2.1545320745224487e-12,3.114568552660236e-10,-8.846075009540564e-10
roof_first_service,TN-P090,N210,interior_applied_load,,180.0,249.0,115.0,8.357421421578692e-10,-6.723893300329538,-7.703938820213807e-09,1.0343857326233774e-08,-1.730955046716933e-10,-1.162113072439297e-09
roof_first_service,TN-P091,N434,interior_applied_load,,180.0,249.0,117.5,-4.1439555833630084e-10,-3.8379523827749846,-8.956951646803262e-09,1.0029987878404313e-08,3.643708013429229e-11,1.0008112539022878e-09
roof_first_service,TN-P092,N435,interior_applied_load,,180.0,249.0,144.955,-5.24646140668836e-15,-7.675904771569108,-2.3069229716812027e-14,1.8443882834327955e-13,7.287124592412054e-15,-1.983973193469447e-14
roof_first_service,TN-P093,N436,interior_applied_load,,180.0,249.0,172.41,-3.2075682745335415e-15,-7.675904771571537,2.7775258598576035e-16,-3.636494371136771e-14,-4.733567695493615e-15,-2.0270604466798403e-14
roof_first_service,TN-P094,N437,interior_applied_load,,180.0,249.0,199.864,-4.716993422572145e-16,-7.675904771568363,-7.393431314700445e-14,2.0594681509006677e-12,-1.3116313752459007e-15,-2.8710010785628157e-13
roof_first_service,TN-P095,N438,interior_applied_load,,180.0,249.0,227.319,-7.450580596923828e-09,-3.8379523903131485,2.384185791015625e-07,4.76837158203125e-07,0.0,7.450580596923828e-09
roof_first_service,TN-P096,N628,interior_applied_load,,180.0,249.0,229.319,4.470348358154297e-08,-6.1321180537343025,0.0,-2.384185791015625e-07,3.4124241210520267e-09,1.4901161193847656e-08
roof_first_service,TN-P097,N460,interior_applied_load,,185.7,249.0,183.592,-1.110862667791193e-12,-7.332750335666053,2.6549439615659543e-14,2.100612620875769e-12,1.4140701162063466e-12,-2.350177834216214e-13
roof_first_service,TN-P098,N211,interior_applied_load,,192.219,249.0,115.0,-3.5935896812067675e-14,-4.156350012860597,-2.67052960324487e-10,1.1336358218032357e-12,5.40958992008733e-10,-2.0403641535755493e-10
roof_first_service,TN-P099,N212,interior_applied_load,,193.2,249.0,115.0,9.662708206612193e-15,-6.723893215488926,1.892306097335622e-09,1.5730946773629432e-12,2.235039359575693e-11,-5.280018753877351e-10
roof_first_service,TN-P100,N461,interior_applied_load,,198.55,249.0,160.728,-6.459854906529744e-13,-7.332750335666594,3.242753475878821e-14,2.4276264071811715e-12,-5.512466422619502e-13,1.3543460280884074e-12
roof_first_service,TN-P101,N629,interior_applied_load,,207.333,249.0,229.319,-1.2239223244820484e-12,-9.633593749020736,1.8018125684590978e-12,-8.267372369395118e-13,-8.450539517438804e-11,1.8844025947501943e-11
roof_first_service,TN-P102,N462,interior_applied_load,,211.4,249.0,137.864,-4.547473508864641e-13,-7.332750335668607,2.7000623958883807e-13,-2.2737367544323206e-12,5.684341886080801e-13,-9.094947017729282e-13
roof_first_service,TN-P103,N213,interior_applied_load,,213.573,249.0,115.0,-6.669551618937541e-14,-8.863731249998336,3.284896870475623e-13,2.000790595298777e-13,7.161907901828264e-12,2.4389597583717974e-12
roof_first_service,TN-P104,N214,interior_applied_load,,221.35,249.0,115.0,-2.5205771543210933e-13,-3.361946607916877,-2.3585647292915893e-10,1.912927154269426e-12,3.1312868079068214e-10,-2.0330510148810972e-10
roof_first_service,TN-P105,N215,interface_action,N2; T-E,224.25,249.0,115.0,45.14447412543814,1073.8788802694871,-150.119282565408,971.7533750513637,346.75561400666993,-523.5021020086666
roof_first_service,TN-P106,N439,interface_action,T-E,224.25,249.0,117.5,34.53994265643977,-791.1173257593013,148.22509349186794,-1690.3119909808677,-345.3037009090334,-200.12260193326827
roof_first_service,TN-P107,N185,interface_action,T-E,224.25,249.0,120.0,-1.0845102116284595,475.7539990166196,-2.091460635569806,-130.95366542687725,-13.708720552632986,26.70489966273717
roof_first_service,TN-P108,N440,interior_applied_load,,224.25,249.0,144.955,1.2434497875801753e-14,-7.675904771571239,-7.105427357601002e-15,-7.389644451905042e-13,7.105427357601002e-15,2.7711166694643907e-13
roof_first_service,TN-P109,N441,interior_applied_load,,224.25,249.0,172.41,7.105427357601002e-15,-7.675904771569549,-2.842170943040401e-14,-3.410605131648481e-13,7.105427357601002e-15,-1.1368683772161603e-13
roof_first_service,TN-P110,N442,interior_applied_load,,224.25,249.0,199.864,-1.0658141036401503e-14,-7.675904771572277,4.263256414560601e-14,2.2737367544323206e-13,-2.427400189271014e-15,2.8421709430404007e-13
roof_first_service,TN-P111,N443,interior_applied_load,,224.25,249.0,227.319,-3.50906382978744e-08,-3.8379523843265266,9.518354827375841e-07,-3.5512846746632576e-07,-9.660756215949605e-12,-3.7452649342961664e-08
roof_first_service,TN-P112,N463,interface_action,N2; T-E top / segment 4,224.25,249.0,229.319,-35.41426954655015,-392.1902314120701,4.757865354550809,-341.10295649054314,-11.785802636150947,1665.7248133163703
roof_first_service,TN-P113,N464,interior_applied_load,,230.312,249.0,200.739,5.22527363482845e-14,-8.168231420219913,2.7807968149339163e-14,-6.300377288442336e-13,6.742082833568281e-13,-3.307888626007007e-13
roof_first_service,TN-P114,N630,interior_applied_load,,235.5,249.0,229.319,2.858870491054823e-12,-5.353587052513305,-7.363743677072577e-12,-1.9743961479191067e-11,-3.224529730292179e-11,-4.896889765208386e-12
roof_first_service,TN-P115,N465,interior_applied_load,,236.375,249.0,172.16,6.850990388544355e-13,-8.168231420218689,-1.539195377273652e-14,6.249938408520998e-13,-9.042806479963068e-14,-1.0684234893697611e-13
roof_first_service,TN-P116,N466,interior_applied_load,,242.438,249.0,143.58,0.0,-8.168231420218945,1.1368683772161603e-13,-2.5011104298755527e-12,-6.821210263296962e-13,7.105427357601002e-14
roof_first_service,TN-P117,N216,interior_applied_load,,248.5,249.0,115.0,9.313225746154785e-10,-12.034709447994828,-1.1920928955078125e-07,-1.1920928955078125e-07,1.3969838619232178e-09,0.0
roof_first_service,TN-P118,N444,interior_applied_load,,248.5,249.0,117.5,9.313225746154785e-10,-3.725215405225754,5.960464477539063e-08,-1.1920928955078125e-07,-2.3283064365386963e-10,-1.862645149230957e-09
roof_first_service,TN-P119,N445,interior_applied_load,,248.5,249.0,144.148,6.762754317241839e-15,-7.450430807087836,1.0911892689888861e-13,3.895243902090943e-12,-6.13523859694611e-15,4.134214653763873e-14
roof_first_service,TN-P120,N446,interior_applied_load,,248.5,249.0,170.797,7.80622827052695e-15,-7.450430807085834,-1.5076980609235902e-13,1.6277878568383458e-11,5.025254191497324e-15,-2.1597827522052797e-13
roof_first_service,TN-P121,N447,interior_applied_load,,248.5,249.0,197.445,-5.913492886486087e-14,-7.450430807084771,1.8764179131382357e-13,-5.868995830575411e-12,1.9357965301434988e-16,1.156160139421172e-13
roof_first_service,TN-P122,N448,interior_applied_load,,248.5,249.0,224.093,5.2942082084348404e-09,-3.725215403961476,1.1527210319403548e-07,1.1754629456870865e-07,9.79658644233208e-13,1.6105026109983383e-08
roof_first_service,TN-P123,N631,interior_applied_load,,248.5,249.0,226.324,1.569868236879265e-08,-3.1277812573813204,-1.3168378660874812e-07,1.1310407606939225e-07,-6.928820172732895e-10,-1.4608080848296595e-08
roof_first_service,TN-P124,N217,interior_applied_load,,249.5,249.0,115.0,-2.1779908605801257e-13,-0.31487501170237614,-2.017983466093276e-09,4.2210384493257536e-12,2.869175140529645e-10,1.5332057845540703e-10
roof_first_service,TN-P125,N632,interior_applied_load,,249.5,249.0,226.093,-9.902924398338735e-11,-0.2234129464499349,1.2986261625811312e-09,7.742690414656849e-11,1.273805483419462e-10,-4.32096425247426e-11
strength_roof_first,TN-P001,N147,interface_action,BR-N-upper-1; T-W / B-WO; W4,-32.0,249.0,115.0,-177.67907248296058,415.3682314802818,7.217776346872574,332.5510032249152,-3.4496053651349254,691.5132700311198
strength_roof_first,TN-P002,N555,interface_action,BR-N-upper-2; T-W top / segment 2; W4,-32.0,249.0,226.093,36.703696141041455,-258.2932235205726,-7.105047719732292,229.73680837026555,97.0716688335615,-1834.3476136565052
strength_roof_first,TN-P003,N188,interior_applied_load,,-31.0,249.0,115.0,-3.651280167105142e-09,-9.001740374234714,-2.7062654339715664e-08,-9.001689704746241e-08,2.456033598718932e-09,-4.791004926119058e-09
strength_roof_first,TN-P004,N424,interior_applied_load,,-31.0,249.0,117.5,-2.032979165933292e-09,-4.470258484506781,2.0192303541679033e-08,-3.86721109025759e-08,-5.098161901798915e-11,3.975966162051119e-10
strength_roof_first,TN-P005,N425,interior_applied_load,,-31.0,249.0,144.148,1.1790269005206193e-15,-8.940516968503283,-1.7704346199377027e-15,4.993233224917269e-13,3.0749874755455134e-15,-6.022683909764102e-14
strength_roof_first,TN-P006,N426,interior_applied_load,,-31.0,249.0,170.797,-7.200310117622829e-15,-8.94051696850296,-4.5810644687999005e-14,2.6125452669225715e-13,-3.8528604770583483e-16,3.307129996087179e-14
strength_roof_first,TN-P007,N427,interior_applied_load,,-31.0,249.0,197.445,-1.4629785936356025e-14,-8.940516968503445,-6.539208250695471e-15,-3.554834785084397e-13,1.779020919160317e-15,-7.74043886907825e-15
strength_roof_first,TN-P008,N428,interior_applied_load,,-31.0,249.0,224.093,0.0,-4.470258484594524,2.384185791015625e-07,2.384185791015625e-07,1.4551915228366852e-11,7.450580596923828e-09
strength_roof_first,TN-P009,N613,interior_applied_load,,-31.0,249.0,226.324,0.0,-3.7533375141210854,4.76837158203125e-07,-4.76837158203125e-07,9.42964106798172e-09,0.0
strength_roof_first,TN-P010,N449,interior_applied_load,,-23.25,249.0,143.58,0.0,-9.934808889401666,1.2079226507921703e-13,-3.524291969370097e-12,-1.9895196601282805e-13,-2.984279490192421e-13
strength_roof_first,TN-P011,N189,interior_applied_load,,-21.323,249.0,115.0,-2.4313423169771536e-13,-10.258627486019671,-6.060072230262221e-14,-9.052277195136664e-14,-1.0298086890030313e-12,1.4220793391710033e-12
strength_roof_first,TN-P012,N614,interior_applied_load,,-18.0,249.0,229.319,1.4712368154809533e-13,-8.187741967325158,5.247067138733648e-12,8.80884376921168e-12,-2.7618146671305858e-11,-4.781330147369304e-12
strength_roof_first,TN-P013,N450,interior_applied_load,,-15.5,249.0,172.16,2.4716717843227567e-13,-9.934808889400596,8.104906456327313e-15,-5.866479598519043e-13,-6.767974163646394e-13,-5.829840953176304e-14
strength_roof_first,TN-P014,N451,interior_applied_load,,-7.75,249.0,200.739,-1.189599662732393e-13,-9.934808889402353,-6.91162528209546e-14,-7.700045052720379e-13,8.668878577207545e-14,5.983645742522941e-14
strength_roof_first,TN-P015,N190,interior_applied_load,,-3.85,249.0,115.0,-1.2314809412664086e-12,-8.056864092474765,9.03979777222735e-12,-2.528434106709718e-13,-2.3468847615388145e-11,-2.4209755884464105e-12
strength_roof_first,TN-P016,N191,interior_applied_load,,0.0,249.0,115.0,1.2052606468415661e-08,-1.466527352632212,1.3694506213468571e-05,-1.073808686413713e-08,-4.2417139081125325e-07,1.9370432591259146e-08
strength_roof_first,TN-P017,N429,interior_applied_load,,0.0,249.0,117.5,-9.45166107672544e-09,-4.605542862842141,1.6339269208558515e-08,9.93583730437312e-09,4.380731586713178e-12,-1.3414907604178419e-08
strength_roof_first,TN-P018,N430,interior_applied_load,,0.0,249.0,144.955,-1.585737282145053e-15,-9.211085725883496,1.31580691328329e-14,-1.986808424887007e-12,4.6793272762414706e-15,-7.147716740317414e-14
strength_roof_first,TN-P019,N431,interior_applied_load,,0.0,249.0,172.41,7.422416021752777e-16,-9.211085725883292,4.7045624981774976e-14,-3.799366797041415e-13,4.3304144094638664e-16,8.556650262395112e-17
strength_roof_first,TN-P020,N432,interior_applied_load,,0.0,249.0,199.864,2.0285750494255898e-15,-9.211085725883693,-5.794022397953894e-14,-1.0042977905032699e-12,-3.317470442523879e-16,-6.951498994081248e-14
strength_roof_first,TN-P021,N433,interior_applied_load,,0.0,249.0,227.319,0.0,-4.605542863719165,0.0,0.0,0.0,0.0
strength_roof_first,TN-P022,N452,interior_applied_load,,-0.0,249.0,229.319,7.450580596923828e-09,-12.325946112163365,4.76837158203125e-07,-2.384185791015625e-07,0.0,3.725290298461914e-09
strength_roof_first,TN-P023,N192,interior_applied_load,,0.031,249.0,115.0,2.722872643410652e-10,-0.37784924755709,-2.299957887666424e-05,-9.554760229311804e-12,-3.249609537454336e-07,-3.32735666094268e-08
strength_roof_first,TN-P024,N193,interior_applied_load,,1.0,249.0,115.0,-1.8189894035458565e-12,-12.228449808359755,6.021423359925393e-10,4.092726157978177e-11,-9.936229616869241e-11,1.276703187613748e-10
strength_roof_first,TN-P025,N615,interior_applied_load,,10.167,249.0,229.319,-6.166067456032554e-13,-10.014583343914001,2.4323370222856428e-12,3.828884431869775e-14,6.758067828579444e-12,8.897810336002526e-13
strength_roof_first,TN-P026,N453,interior_applied_load,,10.6,249.0,137.864,3.410605131648481e-13,-8.319555897889131,0.0,2.5011104298755527e-12,-2.1600499167107046e-12,-7.460698725481052e-13
strength_roof_first,TN-P027,N454,interior_applied_load,,20.2,249.0,160.728,-3.29404847954977e-13,-8.319555897891131,-8.065349932500476e-14,7.124412499879251e-12,-7.811960272867294e-13,-1.8379919199491138e-13
strength_roof_first,TN-P028,N194,interior_applied_load,,21.385,249.0,115.0,5.572988059052361e-13,-8.803904964095757,-4.7646748845806686e-11,-2.048287035206591e-13,-2.6110512227930438e-11,-2.9733647512121145e-13
strength_roof_first,TN-P029,N195,interior_applied_load,,24.3,249.0,115.0,5.62758695332591e-13,-8.068671965229916,2.2209204103001224e-11,1.368478715288087e-13,2.713405582545364e-12,2.012682400843538e-11
strength_roof_first,TN-P030,N455,interior_applied_load,,29.8,249.0,183.592,2.8470164203306267e-15,-8.319555897890993,-1.9329224274568266e-13,9.018504101013956e-13,2.7238985055467466e-13,1.6028105950694228e-13
strength_roof_first,TN-P031,N616,interior_applied_load,,38.333,249.0,229.319,4.2559105031952013e-13,-10.145208349138562,2.767695782919168e-12,-1.97521351498874e-13,6.478480173859153e-13,6.523067349582386e-14
strength_roof_first,TN-P032,N456,interior_applied_load,,39.4,249.0,206.455,1.236060535620815e-13,-8.319555897889776,-2.526466737000717e-13,-2.081262118410587e-12,1.1110440813195741e-13,1.5390512933235938e-14
strength_roof_first,TN-P033,N196,interior_applied_load,,42.74,249.0,115.0,-1.2591292259813065e-12,-9.805207533061553,6.435775257340055e-13,-2.1062914076766088e-13,-5.592238582689994e-12,1.3753975157290592e-12
strength_roof_first,TN-P034,N457,interior_applied_load,,49.0,249.0,229.319,2.2714052860806078e-12,-7.273007100226542,-2.148757166121895e-09,9.790857217614607e-11,4.4583562514542707e-10,1.6033096725265317e-11
strength_roof_first,TN-P035,N197,interface_action,BR-N-upper-2,50.25,249.0,115.0,9.102463220891806,-76.11694444645119,-2.8495333988942524,-141.78982329669773,-114.55679535292224,826.9271367151218
strength_roof_first,TN-P036,N617,interface_action,BR-N-upper-1,50.25,249.0,229.319,79.47371367985859,55.68380125122811,1.858187594083628,-38.85598008411906,100.91964499470294,739.5611074112977
strength_roof_first,TN-P037,N198,interior_applied_load,,52.45,249.0,115.0,3.467021696482736e-12,-1.1335499356084155,6.177078993836372e-10,-8.472348289125741e-11,1.7528603446435384e-09,-5.418177814788048e-11
strength_roof_first,TN-P038,N199,interface_action,N1 / U-W,53.25,249.0,115.0,-49.929083929559276,148.76735185737178,-2.0627124699255956,278.8425604668005,200.92367063560576,759.2820835238067
strength_roof_first,TN-P039,N618,interface_action,N1 / U-W,53.25,249.0,229.319,-165.43442702445398,-29.65796319515054,6.7186426871114,37.895849501104905,-144.91475793904814,-1241.2460887815557
strength_roof_first,TN-P040,N417,interface_action,N1 / U-W,56.25,249.0,207.0,213.93866478650338,188.96494744219103,-4.858754669325805,-10.144188449019433,41.708689938329684,298.78112519780666
strength_roof_first,TN-P041,N418,interior_applied_load,,57.25,249.0,207.0,0.0,-6.714120947290212,1.1920928955078125e-07,-1.1920928955078125e-07,5.529727786779404e-10,0.0
strength_roof_first,TN-P042,N467,interior_applied_load,,57.25,249.0,209.5,0.0,-2.9891714518889785,0.0,-1.1920928955078125e-07,-2.9103830456733704e-11,1.4901161193847656e-08
strength_roof_first,TN-P043,N468,interior_applied_load,,57.25,249.0,227.319,-4.55176053446027e-09,-2.989171451122127,-4.2397503369207e-08,-1.6299633470717723e-07,6.415544156138291e-12,-3.174310141129677e-09
strength_roof_first,TN-P044,N619,interior_applied_load,,57.25,249.0,229.319,5.231013282550476e-09,-3.4615624847293844,-1.6784926060505006e-07,-2.1247200385510838e-07,4.6486949495079303e-10,1.2986087228750789e-08
strength_roof_first,TN-P045,N200,interior_applied_load,,64.094,249.0,115.0,8.685876879193912e-13,-10.334197531361898,2.4488584066040323e-12,1.61566720791507e-13,6.612760876485407e-12,1.682705472284189e-11
strength_roof_first,TN-P046,N620,interior_applied_load,,66.5,249.0,229.319,-6.8226950609594e-15,-6.008749997516924,1.2455623961287316e-11,6.606201165110385e-14,-3.273301106353999e-11,9.204803929388643e-14
strength_roof_first,TN-P047,N477,interior_applied_load,,68.75,249.0,218.16,-1.3642420526593924e-12,-5.376241893320184,4.547473508864641e-13,-1.8189894035458565e-12,-3.637978807091713e-12,-3.552713678800501e-13
strength_roof_first,TN-P048,N419,interior_applied_load,,80.25,249.0,207.0,1.4901161193847656e-08,-7.884249993599951,-2.384185791015625e-07,-3.5762786865234375e-07,1.4551915228366852e-11,0.0
strength_roof_first,TN-P049,N469,interior_applied_load,,80.25,249.0,209.5,7.450580596923828e-09,-2.9891714518889785,3.5762786865234375e-07,-1.1920928955078125e-07,0.0,0.0
strength_roof_first,TN-P050,N470,interior_applied_load,,80.25,249.0,227.319,1.5720066505464647e-08,-2.989171452184541,-2.2104867818117935e-07,-2.0945395709515147e-07,-2.7089314361915337e-11,-6.444313180309358e-09
strength_roof_first,TN-P051,N478,interior_applied_load,,80.25,249.0,229.319,-9.757594513968239e-09,-12.795596945725185,3.261397553005085e-07,-6.9150779627827e-08,1.9665625872004838e-11,1.0057338196200805e-08
strength_roof_first,TN-P052,N201,interior_applied_load,,80.6,249.0,115.0,-1.3171507107442634e-13,-8.06867185888345,-9.744079696448645e-12,1.0022407053252805e-13,-4.90938570648519e-13,2.081745562671404e-12
strength_roof_first,TN-P053,N202,interior_applied_load,,85.448,249.0,115.0,6.922050550820242e-13,-9.900457189077324,1.0931606177869023e-11,3.842212316783754e-13,-7.170944735635437e-12,3.18652000254863e-11
strength_roof_first,TN-P054,N479,interior_applied_load,,92.25,249.0,218.16,3.183231456205249e-12,-5.497868662762812,4.547473508864641e-13,9.094947017729282e-13,9.094947017729282e-12,-9.094947017729282e-13
strength_roof_first,TN-P055,N621,interior_applied_load,,94.667,249.0,229.319,1.2367936555567971e-12,-6.270000052121726,1.893893284325454e-11,1.1826584731772074e-12,2.09913902461896e-10,-6.088719217201559e-11
strength_roof_first,TN-P056,N420,interior_applied_load,,104.25,249.0,207.0,2.9802322387695312e-08,-13.549868665635586,-2.384185791015625e-07,-2.384185791015625e-07,6.781192496418953e-09,-1.4901161193847656e-08
strength_roof_first,TN-P057,N471,interior_applied_load,,104.25,249.0,209.5,-1.4901161193847656e-08,-2.989171452820301,3.5762786865234375e-07,-1.1920928955078125e-07,-1.862645149230957e-08,-1.4901161193847656e-08
strength_roof_first,TN-P058,N472,interior_applied_load,,104.25,249.0,227.319,3.6045868755107957e-09,-2.989171452124904,1.074886299967659e-07,2.746874079306849e-07,2.62004856574367e-11,-2.299719095710806e-10
strength_roof_first,TN-P059,N622,interior_applied_load,,104.25,249.0,229.319,1.7573443516326455e-09,-7.358541666423192,-2.5167524685096016e-07,3.294870736173464e-08,-4.299023541966941e-12,2.9143217700689936e-09
strength_roof_first,TN-P060,N203,interior_applied_load,,106.802,249.0,115.0,-9.886556086378065e-13,-8.80469216953294,-3.18856142211613e-11,2.4579638794475696e-13,3.973939432153689e-11,1.3600506696525723e-10
strength_roof_first,TN-P061,N204,interior_applied_load,,108.75,249.0,115.0,6.795792316267312e-13,-8.068671858877911,5.204852520995392e-11,6.320188192157426e-13,1.2150060444569273e-10,-7.28629099528415e-11
strength_roof_first,TN-P062,N480,interior_applied_load,,116.25,249.0,218.16,-9.094947017729282e-13,-5.497868662762812,3.637978807091713e-12,1.3642420526593924e-11,-7.275957614183426e-12,2.0463630789890885e-12
strength_roof_first,TN-P063,N623,interior_applied_load,,122.833,249.0,229.319,1.6862250710779677e-13,-6.269999985910675,4.875892516196124e-11,-5.3777257480103066e-11,1.0387715244603471e-12,-4.597005930951598e-11
strength_roof_first,TN-P064,N205,interior_applied_load,,128.156,249.0,115.0,2.420775864621307e-13,-10.636477500008878,-2.5403367025676286e-12,2.543526393293782e-14,2.6099423300808717e-11,-1.5039149718450714e-11
strength_roof_first,TN-P065,N421,interior_applied_load,,128.25,249.0,207.0,0.0,-7.8842499908059835,1.1920928955078125e-07,1.1920928955078125e-07,-5.820766091346741e-11,-1.4901161193847656e-08
strength_roof_first,TN-P066,N473,interior_applied_load,,128.25,249.0,209.5,0.0,-2.989171454682946,0.0,0.0,2.9103830456733704e-11,2.9802322387695312e-08
strength_roof_first,TN-P067,N474,interior_applied_load,,128.25,249.0,227.319,6.9822529008556344e-09,-2.9891714538069323,2.056467125616246e-07,-2.6194083041497507e-08,-3.726758564409505e-11,1.2574632363149263e-08
strength_roof_first,TN-P068,N481,interior_applied_load,,128.25,249.0,229.319,-4.493289293069615e-08,-12.795596945537879,-1.5731427391748117e-07,-3.413422533029852e-08,-6.765037322495701e-10,6.400538395071663e-08
strength_roof_first,TN-P069,N206,interior_applied_load,,136.9,249.0,115.0,-6.633030310862497e-14,-8.068671858872717,1.4393921199399973e-12,4.902895981208481e-13,1.3005454857756572e-11,-3.6307057172011222e-12
strength_roof_first,TN-P070,N482,interior_applied_load,,139.75,249.0,218.16,9.094947017729282e-13,-5.376241893321094,-9.094947017729282e-13,5.4569682106375694e-12,-5.4569682106375694e-12,9.094947017729282e-13
strength_roof_first,TN-P071,N207,interior_applied_load,,149.51,249.0,115.0,1.8632360912838877e-13,-10.636477499999213,2.3248046234919423e-13,-1.586195689458313e-14,-3.319687561985318e-12,-1.0378403092797727e-11
strength_roof_first,TN-P072,N624,interior_applied_load,,151.0,249.0,229.319,3.4636460366499477e-12,-6.008750014833833,-2.9230941910908526e-07,-4.1345169743753634e-12,1.5687389442586158e-08,2.819660078340336e-09
strength_roof_first,TN-P073,N422,interior_applied_load,,151.25,249.0,207.0,0.0,-6.714120946824551,0.0,-1.1920928955078125e-07,-1.4551915228366852e-10,0.0
strength_roof_first,TN-P074,N475,interior_applied_load,,151.25,249.0,209.5,0.0,-2.989171452820301,1.1920928955078125e-07,0.0,-2.9103830456733704e-11,0.0
strength_roof_first,TN-P075,N476,interior_applied_load,,151.25,249.0,227.319,4.173346491304075e-09,-2.9891714505990574,1.4715949435417652e-07,-1.6142222789006233e-07,-3.2563156210113906e-11,5.59967217733659e-09
strength_roof_first,TN-P076,N625,interior_applied_load,,151.25,249.0,229.319,3.95266714497966e-09,-1.1103125123348117,-4.077202550096848e-08,-1.8439859453151963e-07,4.0136157169150385e-08,3.84299858255388e-09
strength_roof_first,TN-P077,N423,interior_applied_load,,152.25,249.0,207.0,4.1006146087995936e-10,-0.1677500414156431,4.6095994580187515e-08,-3.088080722686188e-09,-2.174512281651548e-08,1.714952470498739e-09
strength_roof_first,TN-P078,N411,interior_applied_load,,155.25,249.0,120.0,-2.9120392014743506e-14,-13.810985069620857,4.480023731150759e-14,-1.2578488136366852e-12,-9.745058297074155e-15,1.4313256430779237e-12
strength_roof_first,TN-P079,N412,interior_applied_load,,155.25,249.0,146.657,1.9312344798846794e-13,-27.621970139249896,5.561560448787079e-14,-1.5952814208438006e-12,2.2424360817098208e-14,1.4056990220548038e-12
strength_roof_first,TN-P080,N413,interior_applied_load,,155.25,249.0,173.314,-4.098374069773231e-13,-27.621970139241697,3.1781849170587686e-13,-8.771918789299706e-12,1.8676651133329852e-14,2.545458755372317e-12
strength_roof_first,TN-P081,N414,interior_applied_load,,155.25,249.0,199.971,1.0889262460423529e-12,-17.452729861469383,3.6446616176739234e-11,7.088681318826413e-11,6.542203746019618e-14,-1.1315187021802854e-13
strength_roof_first,TN-P082,N415,interior_applied_load,,155.25,249.0,207.0,1.8608825204813635e-10,-13.810985075558166,-4.406742962398303e-08,6.325257000630172e-09,-5.2682163439176204e-08,1.7943423271788855e-08
strength_roof_first,TN-P083,N416,interior_applied_load,,155.25,249.0,226.628,-3.725290298461914e-09,-10.169240277260542,-1.1920928955078125e-07,2.384185791015625e-07,2.9103830456733704e-11,-3.725290298461914e-09
strength_roof_first,TN-P084,N626,interior_applied_load,,155.25,249.0,229.319,0.0,-2.2859374806284904,1.1920928955078125e-07,0.0,3.2014213502407074e-10,-7.450580596923828e-09
strength_roof_first,TN-P085,N458,interior_applied_load,,160.0,249.0,229.319,6.679387875234383e-13,-10.647879345669127,-1.515312799727553e-10,2.2452197903820372e-11,-3.8286751479444886e-10,-9.031564615001238e-11
strength_roof_first,TN-P086,N208,interior_applied_load,,165.05,249.0,115.0,-2.4526679195557544e-13,-8.068671858902716,4.544023523038845e-12,-2.0683891479029079e-13,-2.555905818747921e-11,-8.24230801611908e-11
strength_roof_first,TN-P087,N209,interior_applied_load,,170.865,249.0,115.0,1.6792745641417732e-13,-5.648857485637669,7.940950243385029e-14,1.409563735434894e-13,-2.689513008579782e-11,3.4535268176303027e-11
strength_roof_first,TN-P088,N459,interior_applied_load,,172.85,249.0,206.455,-1.0409009650567647e-12,-8.799300402799714,-2.0800066226959e-13,-1.0770057359453575e-12,-1.071385478538515e-12,-5.315964865228396e-13
strength_roof_first,TN-P089,N627,interior_applied_load,,179.167,249.0,229.319,-4.050090065897216e-12,-5.225000032771723,1.8152916605830624e-09,3.2123389977595173e-12,1.92879054284946e-09,4.318559520253317e-10
strength_roof_first,TN-P090,N210,interior_applied_load,,180.0,249.0,115.0,1.5666009600678876e-09,-8.068671960011082,2.417956324052284e-08,3.0083743496334137e-08,-1.9010316456430022e-10,-1.1502803709539933e-09
strength_roof_first,TN-P091,N434,interior_applied_load,,180.0,249.0,117.5,-1.889841361233709e-10,-4.605542860787426,-1.9250173977295864e-08,-3.035965336726349e-08,-3.2908741575655296e-11,2.793650875027647e-09
strength_roof_first,TN-P092,N435,interior_applied_load,,180.0,249.0,144.955,-2.148695824287314e-15,-9.21108572588103,6.357843775817966e-14,-6.360390853263552e-13,-4.144072786799248e-15,1.2248589058491957e-13
strength_roof_first,TN-P093,N436,interior_applied_load,,180.0,249.0,172.41,3.0485171884377712e-15,-9.21108572588065,-5.575803985365423e-15,7.395721286183875e-13,-9.317969523888678e-15,-8.350957748738712e-15
strength_roof_first,TN-P094,N437,interior_applied_load,,180.0,249.0,199.864,-1.6244903713328625e-14,-9.211085725883095,-4.1403695609582485e-14,4.277000482163633e-12,-4.1432257643808113e-16,-1.2461435676967168e-13
strength_roof_first,TN-P095,N438,interior_applied_load,,180.0,249.0,227.319,-7.450580596923828e-09,-4.6055428721010685,-2.384185791015625e-07,2.384185791015625e-07,0.0,7.450580596923828e-09
strength_roof_first,TN-P096,N628,interior_applied_load,,180.0,249.0,229.319,5.21540641784668e-08,-7.358541663736105,2.384185791015625e-07,-7.152557373046875e-07,3.026798367500305e-09,0.0
strength_roof_first,TN-P097,N460,interior_applied_load,,185.7,249.0,183.592,1.320613262536474e-12,-8.799300402804773,4.1800042019411445e-14,7.867997466579453e-13,1.1205661788357887e-12,1.92208188630545e-13
strength_roof_first,TN-P098,N211,interior_applied_load,,192.219,249.0,115.0,-7.107496307464229e-14,-4.987620013968235,1.8327318894517814e-10,-2.2515316860099694e-12,3.067885179898047e-10,2.561195322013723e-10
strength_roof_first,TN-P099,N212,interior_applied_load,,193.2,249.0,115.0,-9.723325386132109e-14,-8.068671861165022,2.7638529903028296e-09,4.232455653307277e-12,3.5271632407144087e-10,1.3181339429950888e-10
strength_roof_first,TN-P100,N461,interior_applied_load,,198.55,249.0,160.728,-2.489739206124962e-13,-8.799300402798158,-8.351052780809764e-14,2.243008907389178e-12,1.2639505274796946e-12,5.511357575788151e-13
strength_roof_first,TN-P101,N629,interior_applied_load,,207.333,249.0,229.319,-1.8068033734788747e-12,-11.560312498826123,-8.568960591841952e-12,-2.3081458377219357e-13,-6.952407157619419e-11,-5.0189527111127584e-12
strength_roof_first,TN-P102,N462,interior_applied_load,,211.4,249.0,137.864,-3.637978807091713e-12,-8.799300402796689,1.7053025658242404e-13,4.547473508864641e-13,1.0231815394945443e-12,-5.684341886080801e-13
strength_roof_first,TN-P103,N213,interior_applied_load,,213.573,249.0,115.0,-1.626779949318438e-14,-10.636477499997405,-6.661287751193049e-12,-4.433199661779404e-13,2.696784228735464e-11,-4.466770655247745e-12
strength_roof_first,TN-P104,N214,interior_applied_load,,221.35,249.0,115.0,-2.3268842640409526e-13,-4.034335929385469,-5.0087158732290336e-11,-2.6501877920714096e-12,1.8456449051883904e-10,-8.243199783653498e-12
strength_roof_first,TN-P105,N215,interface_action,N2; T-E,224.25,249.0,115.0,57.05547313455281,1464.0590831761738,-210.45610681188157,1393.0196798521185,461.0216266702845,-548.1543602568242
strength_roof_first,TN-P106,N439,interface_action,T-E,224.25,249.0,117.5,38.483651389562574,-1118.5586588007532,208.1509362332951,-2394.616254289416,-418.5877244011098,-211.52191691889882
strength_roof_first,TN-P107,N185,interface_action,T-E,224.25,249.0,120.0,-1.2661961317909476,671.2524150083668,-2.8696829200987355,-180.3750073528729,-17.29731072564805,30.323939282773562
strength_roof_first,TN-P108,N440,interior_applied_load,,224.25,249.0,144.955,2.398081733190338e-14,-9.211085725886699,0.0,-1.1368683772161603e-13,7.105427357601002e-15,3.339550858072471e-13
strength_roof_first,TN-P109,N441,interior_applied_load,,224.25,249.0,172.41,7.105427357601002e-15,-9.211085725886733,2.842170943040401e-14,1.1368683772161603e-13,1.4210854715202004e-14,-1.1368683772161603e-13
strength_roof_first,TN-P110,N442,interior_applied_load,,224.25,249.0,199.864,0.0,-9.211085725881276,1.4210854715202004e-14,2.0463630789890885e-12,-4.146421102792754e-15,1.1368683772161603e-13
strength_roof_first,TN-P111,N443,interior_applied_load,,224.25,249.0,227.319,-5.3130427307701567e-08,-4.605542860902607,3.1069134973082946e-07,-1.3947472618514034e-06,-6.148145990020559e-12,-3.070361792589793e-08
strength_roof_first,TN-P112,N463,interface_action,N2; T-E top / segment 4,224.25,249.0,229.319,-40.44888281686666,-581.9348971675819,6.256302207408327,-471.6762473832885,-39.12310107373629,1981.411933757487
strength_roof_first,TN-P113,N464,interior_applied_load,,230.312,249.0,200.739,-4.232579865020254e-13,-9.801877704264149,2.1808435679479755e-13,8.784087729168803e-13,-1.886273808856749e-12,-2.0289593628618952e-13
strength_roof_first,TN-P114,N630,interior_applied_load,,235.5,249.0,229.319,-1.093630688602802e-12,-6.424304463013179,1.3919669240896099e-11,-3.1944218244948194e-11,3.221191985710864e-11,-3.132537992774428e-11
strength_roof_first,TN-P115,N465,interior_applied_load,,236.375,249.0,172.16,-5.632763057336539e-13,-9.801877704260399,-4.283894590636311e-15,9.460780661328896e-13,-1.5969737715436198e-13,-2.0738054392019328e-13
strength_roof_first,TN-P116,N466,interior_applied_load,,242.438,249.0,143.58,4.547473508864641e-13,-9.80187770426528,4.263256414560601e-14,-3.183231456205249e-12,-7.958078640513122e-13,2.842170943040401e-14
strength_roof_first,TN-P117,N216,interior_applied_load,,248.5,249.0,115.0,9.313225746154785e-10,-14.4416513312608,1.1920928955078125e-07,-1.1920928955078125e-07,1.862645149230957e-09,-1.862645149230957e-09
strength_roof_first,TN-P118,N444,interior_applied_load,,248.5,249.0,117.5,9.313225746154785e-10,-4.470258489251137,-1.1920928955078125e-07,0.0,-1.1641532182693481e-10,-1.862645149230957e-09
strength_roof_first,TN-P119,N445,interior_applied_load,,248.5,249.0,144.148,3.940265362829969e-14,-8.940516968502736,4.4131093666663684e-13,5.02547545000601e-12,9.409560449893986e-15,7.710668502637037e-14
strength_roof_first,TN-P120,N446,interior_applied_load,,248.5,249.0,170.797,1.0401376824316136e-14,-8.940516968506602,-1.0695584762412863e-13,3.331191826572326e-11,1.1003812253424427e-15,-1.2098951910288486e-12
strength_roof_first,TN-P121,N447,interior_applied_load,,248.5,249.0,197.445,-4.7055964517092755e-14,-8.940516968501283,2.842032356693288e-13,-1.96489044081503e-12,-5.844767557464752e-17,-4.0824659277027404e-13
strength_roof_first,TN-P122,N448,interior_applied_load,,248.5,249.0,224.093,9.709864072643213e-09,-4.470258483909444,-6.612313170393125e-08,2.2049020192448765e-08,5.8647765146756906e-12,6.573106861032202e-09
strength_roof_first,TN-P123,N631,interior_applied_load,,248.5,249.0,226.324,1.5595378054223393e-08,-3.7533375124463904,-1.8677220637732875e-07,-5.43955540868812e-08,8.267948847041692e-11,-1.2278222148866605e-08
strength_roof_first,TN-P124,N217,interior_applied_load,,249.5,249.0,115.0,-3.600722150998159e-13,-0.3778500135756871,-5.65550133634074e-09,6.899978852170641e-12,-1.3086352314284344e-09,-6.707296731911505e-10
strength_roof_first,TN-P125,N632,interior_applied_load,,249.5,249.0,226.093,4.275070585871665e-12,-0.26809553550387755,5.076914542330558e-10,-2.912855143973775e-10,4.215444059577846e-10,2.7458005007127765e-10
lateral_HX,TN-P001,N147,interface_action,BR-N-upper-1; T-W / B-WO; W4,-32.0,249.0,115.0,-493.3079074365222,-472.2524286349171,144.84537464349785,1165.4623242171083,-4931.5470939761,-1082.9530132546408
lateral_HX,TN-P002,N555,interface_action,BR-N-upper-2; T-W top / segment 2; W4,-32.0,249.0,226.093,-263.64072023735764,259.9613057064337,-1.7083641070715043,1460.3481249242468,-3159.826222240705,-746.8917899723222
lateral_HX,TN-P003,N188,interior_applied_load,,-31.0,249.0,115.0,7.733433449175209e-08,-7.501450303221645,-4.246699347731919e-08,-6.264622243179474e-08,2.1947030859337247e-09,8.242341209552251e-08
lateral_HX,TN-P004,N424,interior_applied_load,,-31.0,249.0,117.5,1.3781959492002668e-07,-3.7252154023588533,-1.8369626964341093e-08,-5.161032387177917e-09,1.703695118192681e-10,5.312018247745626e-08
lateral_HX,TN-P005,N425,interior_applied_load,,-31.0,249.0,144.148,2.519310445649743e-14,-7.450430807084899,-7.901671462047731e-14,1.856457050326215e-12,1.1342350871592874e-14,1.7433917829771765e-12
lateral_HX,TN-P006,N426,interior_applied_load,,-31.0,249.0,170.797,9.273573368617673e-14,-7.450430807085607,-3.1583253598050085e-13,-3.168323823070984e-14,-1.6162694179562272e-14,1.5761611763196995e-13
lateral_HX,TN-P007,N427,interior_applied_load,,-31.0,249.0,197.445,5.619394468885983e-14,-7.450430807085909,-1.5410458924256364e-13,-3.4832604802702356e-12,8.956515652166554e-14,-2.0155213054706973e-12
lateral_HX,TN-P008,N428,interior_applied_load,,-31.0,249.0,224.093,-2.384185791015625e-07,-3.7252154033631086,9.5367431640625e-07,0.0,3.725290298461914e-09,0.0
lateral_HX,TN-P009,N613,interior_applied_load,,-31.0,249.0,226.324,0.0,-3.1277812579646707,2.86102294921875e-06,-3.814697265625e-06,7.450580596923828e-08,-4.76837158203125e-07
lateral_HX,TN-P010,N449,interior_applied_load,,-23.25,249.0,143.58,-4.547473508864641e-13,-8.279007407834797,3.552713678800501e-13,0.0,1.2505552149377763e-12,-9.549694368615746e-12
lateral_HX,TN-P011,N189,interior_applied_load,,-21.323,249.0,115.0,2.0347985510482475e-11,-8.548856238349575,-1.8910776257985899e-13,1.593840232068493e-13,8.931066293479161e-12,3.192621201845108e-12
lateral_HX,TN-P012,N614,interior_applied_load,,-18.0,249.0,229.319,-2.3261630050561767e-11,-6.823118306100425,1.6393597842295516e-11,3.04769542420322e-11,-5.2638187616773e-11,2.1465283191732872e-11
lateral_HX,TN-P013,N450,interior_applied_load,,-15.5,249.0,172.16,9.903281612025816e-13,-8.279007407829827,-3.4450821443693925e-14,1.7235910497874468e-12,-2.7017868675627296e-12,2.24043508762726e-12
lateral_HX,TN-P014,N451,interior_applied_load,,-7.75,249.0,200.739,-6.395175782530064e-13,-8.279007407838993,2.218019606242459e-13,3.844626428535547e-12,1.7439570977285347e-13,1.8400603896723863e-12
lateral_HX,TN-P015,N190,interior_applied_load,,-3.85,249.0,115.0,-4.960665372654401e-11,-6.714053410395714,-7.604401651785597e-12,-3.4825631764135833e-15,2.4979647858220772e-11,2.1352336851012611e-13
lateral_HX,TN-P016,N191,interior_applied_load,,0.0,249.0,115.0,-8.316104782579714e-08,-1.2221099100984538,-1.6663473308753396e-05,2.0591367722033738e-08,2.1416976901830174e-07,4.495909244894847e-07
lateral_HX,TN-P017,N429,interior_applied_load,,0.0,249.0,117.5,1.3267607151352787e-07,-3.8379523854236144,-2.152689674918717e-08,-1.3852165079994695e-09,4.6610306061437654e-11,2.703616287565666e-07
lateral_HX,TN-P018,N430,interior_applied_load,,0.0,249.0,144.955,-1.4911322744910857e-13,-7.6759047715696855,8.19751616853026e-15,-1.9135778044490608e-12,-4.3473785636988946e-14,-6.689943796206128e-13
lateral_HX,TN-P019,N431,interior_applied_load,,0.0,249.0,172.41,1.8168307364121857e-14,-7.675904771569446,3.979411089981903e-14,6.32815981786654e-13,-1.0766511815904584e-13,5.4886464253137373e-14
lateral_HX,TN-P020,N432,interior_applied_load,,0.0,249.0,199.864,1.1804552119789963e-14,-7.675904771569397,2.588539579091009e-14,-2.0614706932802304e-12,-4.259094632729591e-14,-2.6841595006342022e-12
lateral_HX,TN-P021,N433,interior_applied_load,,0.0,249.0,227.319,0.0,-3.837952386587858,0.0,0.0,-1.862645149230957e-09,0.0
lateral_HX,TN-P022,N452,interior_applied_load,,-0.0,249.0,229.319,0.0,-10.271621759980917,9.5367431640625e-07,-1.9073486328125e-06,3.725290298461914e-09,4.76837158203125e-07
lateral_HX,TN-P023,N192,interior_applied_load,,0.031,249.0,115.0,-8.208872523195461e-09,-0.31486445798635493,2.6956121838070687e-05,-3.787404831178201e-11,1.867543386678924e-07,9.355107424356917e-09
lateral_HX,TN-P024,N193,interior_applied_load,,1.0,249.0,115.0,3.892637323588133e-10,-10.190374840527511,-9.4497210056943e-10,-5.786660040030256e-11,9.92486093309708e-11,1.7462298274040222e-10
lateral_HX,TN-P025,N615,interior_applied_load,,10.167,249.0,229.319,1.0240201396498779e-11,-8.345486119924198,2.4286064350103827e-12,-4.4380550019749294e-13,-8.085581061416897e-12,8.970789558348286e-12
lateral_HX,TN-P026,N453,interior_applied_load,,10.6,249.0,137.864,2.7284841053187847e-12,-6.932963248242231,-2.7000623958883807e-13,-1.8530954548623413e-11,-4.263256414560601e-13,6.093614501878619e-11
lateral_HX,TN-P027,N454,interior_applied_load,,20.2,249.0,160.728,2.623332171642396e-13,-6.9329632482441905,-7.867105688680817e-14,-2.7935972467986448e-12,5.035764608740766e-12,-1.1364371243524121e-11
lateral_HX,TN-P028,N194,interior_applied_load,,21.385,249.0,115.0,-9.843579864637153e-12,-7.336587470082693,5.742615282183452e-11,1.6915256053098632e-13,-4.947261818192652e-11,3.0623075899241186e-11
lateral_HX,TN-P029,N195,interior_applied_load,,24.3,249.0,115.0,-6.082815411272837e-11,-6.72389330435862,-3.287644124891248e-11,1.315761350923046e-13,-8.446695935871037e-12,9.11926639154525e-12
lateral_HX,TN-P030,N455,interior_applied_load,,29.8,249.0,183.592,1.7025445305247247e-12,-6.932963248237249,3.319722048666302e-13,-6.60724589570055e-12,5.4738813864393744e-12,4.9272329108091276e-12
lateral_HX,TN-P031,N616,interior_applied_load,,38.333,249.0,229.319,7.457167041101589e-12,-8.4543402909481,2.456434880569612e-12,-6.800821988871411e-13,-6.643960231361668e-12,3.1904839659449356e-12
lateral_HX,TN-P032,N456,interior_applied_load,,39.4,249.0,206.455,-2.7930469476014367e-12,-6.932963248255991,-8.52043966773838e-13,-1.4351809516508403e-12,1.5198272694700808e-12,-3.3779731441193163e-12
lateral_HX,TN-P033,N196,interior_applied_load,,42.74,249.0,115.0,4.3297066556936746e-11,-8.171006277549614,-5.0776250906887276e-12,-8.400780104334587e-14,6.850094032613147e-12,4.351965510573982e-12
lateral_HX,TN-P034,N457,interior_applied_load,,49.0,249.0,229.319,1.8278711877428577e-11,-6.060839250522327,1.3567058032570856e-09,6.732006247173258e-11,-3.5186599467440516e-10,3.813527549301199e-10
lateral_HX,TN-P035,N197,interface_action,BR-N-upper-2,50.25,249.0,115.0,1905.1316815317778,-2627.2642618326718,6.365153692063087,-171.00806529945302,-951.666331982997,688.044828789337
lateral_HX,TN-P036,N617,interface_action,BR-N-upper-1,50.25,249.0,229.319,-1166.653626630928,-1646.9883307467746,9.070996677083219,-324.45757116387296,139.15328964468566,-563.2864195112863
lateral_HX,TN-P037,N198,interior_applied_load,,52.45,249.0,115.0,1.1115893293239234e-10,-0.9446249458350962,-2.274025243116082e-09,5.0768972097904035e-11,-8.292025672598063e-10,-3.1191291113547915e-10
lateral_HX,TN-P038,N199,interface_action,N1 / U-W,53.25,249.0,115.0,-1890.3665525873146,2680.321109227214,-95.24389404854358,704.5629501510386,-6761.905569358517,-9405.821918387019
lateral_HX,TN-P039,N618,interface_action,N1 / U-W,53.25,249.0,229.319,518.171869865001,2034.731057883358,-30.272758727514155,169.51362658515873,-979.2742732708731,-3618.570705995977
lateral_HX,TN-P040,N417,interface_action,N1 / U-W,56.25,249.0,207.0,-797.6294268382894,-113.16192128706903,30.507882472139126,452.83672277828504,-1204.9451256072427,-829.6012536119871
lateral_HX,TN-P041,N418,interior_applied_load,,57.25,249.0,207.0,0.0,-5.595100790262222,2.9802322387695312e-08,2.9802322387695312e-08,1.862645149230957e-09,-4.76837158203125e-07
lateral_HX,TN-P042,N467,interior_applied_load,,57.25,249.0,209.5,0.0,-2.490976210683584,7.450580596923828e-09,0.0,9.313225746154785e-10,0.0
lateral_HX,TN-P043,N468,interior_applied_load,,57.25,249.0,227.319,-3.9282060650125405e-07,-2.4909762098119423,7.144826785765446e-09,-1.4455993069262263e-09,-4.4963096345717445e-10,1.6874814687262152e-07
lateral_HX,TN-P044,N619,interior_applied_load,,57.25,249.0,229.319,-1.7875903746360572e-07,-2.884635403714115,-1.323108577457367e-08,6.92218437035646e-09,7.820950942954299e-10,5.152718532134863e-08
lateral_HX,TN-P045,N200,interior_applied_load,,64.094,249.0,115.0,-2.3204123689825272e-11,-8.611831276132026,-9.983229089032838e-12,-6.42382350820388e-14,1.283142018231258e-10,-1.1773251037140391e-12
lateral_HX,TN-P046,N620,interior_applied_load,,66.5,249.0,229.319,1.4281040586084303e-11,-5.007291664592226,2.540656839916017e-12,1.090462115549063e-12,7.301510381355151e-12,-2.129406112223082e-11
lateral_HX,TN-P047,N477,interior_applied_load,,68.75,249.0,218.16,-7.275957614183426e-12,-4.48020157776773,-2.842170943040401e-14,2.2737367544323206e-13,1.1368683772161603e-13,7.275957614183426e-12
lateral_HX,TN-P048,N419,interior_applied_load,,80.25,249.0,207.0,-2.384185791015625e-07,-6.570208327844739,5.960464477539063e-08,5.960464477539063e-08,1.1641532182693481e-10,2.384185791015625e-07
lateral_HX,TN-P049,N469,interior_applied_load,,80.25,249.0,209.5,0.0,-2.4909762097522616,-5.960464477539063e-08,5.960464477539063e-08,-1.1641532182693481e-10,0.0
lateral_HX,TN-P050,N470,interior_applied_load,,80.25,249.0,227.319,4.259738277390124e-09,-2.4909762107850493,-1.4558293182087567e-08,-8.46376535523774e-09,7.519079605915344e-11,-2.856514473431604e-07
lateral_HX,TN-P051,N478,interior_applied_load,,80.25,249.0,229.319,4.849437050272461e-07,-10.662997453452672,1.1168415591828845e-08,-1.1273775948545285e-08,-1.7822764620699638e-10,3.13265082625593e-07
lateral_HX,TN-P052,N201,interior_applied_load,,80.6,249.0,115.0,-1.7404585488155795e-11,-6.723893215745954,7.101156822300502e-11,-1.9604273773095255e-14,-2.4518239992620982e-11,-1.8368350291572818e-12
lateral_HX,TN-P053,N202,interior_applied_load,,85.448,249.0,115.0,2.16032874529872e-11,-8.250380990883638,-4.4358813012856845e-12,6.608357527099359e-15,-2.0080225160010946e-11,3.59674541709089e-12
lateral_HX,TN-P054,N479,interior_applied_load,,92.25,249.0,218.16,7.275957614183426e-12,-4.58155721899675,-1.1937117960769683e-12,-3.183231456205249e-12,-8.640199666842818e-12,1.8189894035458565e-12
lateral_HX,TN-P055,N621,interior_applied_load,,94.667,249.0,229.319,2.989832699696052e-11,-5.225000043434524,-1.5673088926153185e-12,1.4813784699763593e-11,2.5217594421847697e-13,1.8123759010910076e-10
lateral_HX,TN-P056,N420,interior_applied_load,,104.25,249.0,207.0,-4.76837158203125e-07,-11.2915572184138,1.1920928955078125e-07,0.0,-1.1641532182693481e-09,-2.384185791015625e-07
lateral_HX,TN-P057,N471,interior_applied_load,,104.25,249.0,209.5,0.0,-2.4909762097522616,-5.960464477539063e-08,-1.1920928955078125e-07,-3.026798367500305e-09,0.0
lateral_HX,TN-P058,N472,interior_applied_load,,104.25,249.0,227.319,-1.4723938009802984e-07,-2.4909762100941824,-1.734282806253873e-08,2.097512386001199e-09,-2.7729346166977252e-11,7.332431807560713e-08
lateral_HX,TN-P059,N622,interior_applied_load,,104.25,249.0,229.319,-7.600271582366079e-08,-6.132118055388139,-4.252544953174713e-09,-2.4620714891735294e-08,-2.0391707543475411e-10,-1.0785369721890094e-07
lateral_HX,TN-P060,N203,interior_applied_load,,106.802,249.0,115.0,1.0027681640253363e-10,-7.337243474900935,-2.2472934894011436e-10,-4.688821247102343e-14,1.2083555002234138e-09,3.3718282417580914e-11
lateral_HX,TN-P061,N204,interior_applied_load,,108.75,249.0,115.0,-5.871954669657165e-11,-6.723893215788581,4.525915303641025e-10,1.5479214507348496e-13,-3.3858744858589945e-11,-2.1020143735573557e-10
lateral_HX,TN-P062,N480,interior_applied_load,,116.25,249.0,218.16,-1.4551915228366852e-11,-4.581557218982198,-2.2737367544323206e-13,6.821210263296962e-12,-9.094947017729282e-13,-7.275957614183426e-12
lateral_HX,TN-P063,N623,interior_applied_load,,122.833,249.0,229.319,-1.673615021648433e-10,-5.224999988265792,3.096902543697345e-11,-5.411822779209013e-11,-1.9157088450674605e-10,-1.4814223597883944e-10
lateral_HX,TN-P064,N205,interior_applied_load,,128.156,249.0,115.0,2.4640768321716734e-11,-8.863731250000663,1.873518929523689e-11,1.2016005169077312e-13,-1.1291838985302792e-10,7.622159102901095e-12
lateral_HX,TN-P065,N421,interior_applied_load,,128.25,249.0,207.0,-2.384185791015625e-07,-6.570208330638707,-3.725290298461914e-09,-2.60770320892334e-08,0.0,0.0
lateral_HX,TN-P066,N473,interior_applied_load,,128.25,249.0,209.5,0.0,-2.490976208820939,3.725290298461914e-09,-7.450580596923828e-09,-4.656612873077393e-10,0.0
lateral_HX,TN-P067,N474,interior_applied_load,,128.25,249.0,227.319,-4.97739772918615e-07,-2.4909762101926174,4.443061585313046e-08,7.432389415029661e-08,-2.672401240074594e-10,3.877058697560054e-07
lateral_HX,TN-P068,N481,interior_applied_load,,128.25,249.0,229.319,1.2031683428850805e-06,-10.662997449537977,8.579974356343915e-09,1.787291744861359e-08,-1.991035653592055e-11,-1.6353297504235312e-08
lateral_HX,TN-P069,N206,interior_applied_load,,136.9,249.0,115.0,-3.836485200436624e-11,-6.723893215733982,-5.6443894962412946e-12,-1.0618222188890135e-13,-8.783798008593793e-11,-1.8871074545309708e-11
lateral_HX,TN-P070,N482,interior_applied_load,,139.75,249.0,218.16,-1.4551915228366852e-11,-4.480201577760454,-4.547473508864641e-13,2.7284841053187847e-12,4.547473508864641e-13,-1.8189894035458565e-11
lateral_HX,TN-P071,N207,interior_applied_load,,149.51,249.0,115.0,-4.8344175296949643e-11,-8.863731249998526,-5.614349522389323e-12,4.969940499273337e-15,-3.1095692912022004e-11,1.1253934331770102e-11
lateral_HX,TN-P072,N624,interior_applied_load,,151.0,249.0,229.319,-1.6457466500696682e-09,-5.007291662345938,8.958940958536665e-08,-5.646561596530617e-12,1.8271703268457617e-08,-6.906033897524644e-09
lateral_HX,TN-P073,N422,interior_applied_load,,151.25,249.0,207.0,4.76837158203125e-07,-5.595100784674287,1.1920928955078125e-07,-5.960464477539063e-08,-4.656612873077393e-10,-7.152557373046875e-07
lateral_HX,TN-P074,N475,interior_applied_load,,151.25,249.0,209.5,0.0,-2.490976208820939,5.960464477539063e-08,0.0,0.0,-2.384185791015625e-07
lateral_HX,TN-P075,N476,interior_applied_load,,151.25,249.0,227.319,-4.1531526422111664e-07,-2.490976211473843,3.043493250753926e-07,1.0604200229025196e-07,1.5905048592999686e-10,-3.6387308852137146e-07
lateral_HX,TN-P076,N625,interior_applied_load,,151.25,249.0,229.319,-5.473886236506686e-07,-0.925260430779091,-1.3041345465840924e-07,1.6211401102685614e-07,-1.9389095355301644e-09,-3.278801358446836e-07
lateral_HX,TN-P077,N423,interior_applied_load,,152.25,249.0,207.0,-6.138546965988695e-09,-0.13979169425361843,4.1225244076864415e-09,1.312494869384088e-09,5.0958491820541095e-09,7.540154557208373e-09
lateral_HX,TN-P078,N411,interior_applied_load,,155.25,249.0,120.0,-1.3314157202615855e-14,-11.50915422469412,5.725167439391671e-13,1.8478197878986598e-13,2.4715459771726226e-14,-1.923747799828128e-11
lateral_HX,TN-P079,N412,interior_applied_load,,155.25,249.0,146.657,-1.3868434291170525e-12,-23.01830844937159,-7.864786581497266e-13,8.801527046386454e-12,-1.222806443155576e-13,-2.7783510913776694e-11
lateral_HX,TN-P080,N413,interior_applied_load,,155.25,249.0,173.314,4.516159821560507e-13,-23.01830844937501,4.924907539300852e-14,1.2543205569149495e-11,2.4715459771726226e-14,3.952885389447542e-11
lateral_HX,TN-P081,N414,interior_applied_load,,155.25,249.0,199.971,-4.983830431725562e-11,-14.543941551240113,4.088158966015948e-12,-3.3274665282849606e-11,9.952557745880854e-13,3.926462711644722e-11
lateral_HX,TN-P082,N415,interior_applied_load,,155.25,249.0,207.0,4.225978195964813e-09,-11.509154231607992,-4.0097880941732376e-08,7.397191884901108e-11,-2.8449779571132334e-09,1.9682951700074027e-07
lateral_HX,TN-P083,N416,interior_applied_load,,155.25,249.0,226.628,2.384185791015625e-07,-8.474366899579763,0.0,-1.1920928955078125e-07,0.0,2.384185791015625e-07
lateral_HX,TN-P084,N626,interior_applied_load,,155.25,249.0,229.319,-2.384185791015625e-07,-1.9049479011446238,5.960464477539063e-08,0.0,2.3283064365386963e-10,-2.384185791015625e-07
lateral_HX,TN-P085,N458,interior_applied_load,,160.0,249.0,229.319,-1.1292697057377506e-10,-8.873232788121884,-7.306586127208675e-11,-4.386996265458212e-12,-4.1781435662421335e-11,-4.916196368802394e-11
lateral_HX,TN-P086,N208,interior_applied_load,,165.05,249.0,115.0,3.156086516048748e-11,-6.723893215730508,2.688894621715861e-11,5.11750604097502e-14,-3.800012536370901e-11,3.2404683866854017e-12
lateral_HX,TN-P087,N209,interior_applied_load,,170.865,249.0,115.0,-2.3382172221066307e-11,-4.707381238045583,-7.668231545844947e-12,1.6721201943526522e-13,2.356434768881959e-11,-1.3136883407056538e-10
lateral_HX,TN-P088,N459,interior_applied_load,,172.85,249.0,206.455,8.442530066506055e-13,-7.332750335667159,1.1454047734621365e-13,1.434999308214128e-12,2.514702727448135e-13,-8.042004905334385e-13
lateral_HX,TN-P089,N627,interior_applied_load,,179.167,249.0,229.319,-5.244788479563313e-10,-4.354166694411293,2.5991255774490106e-09,2.62930960667475e-12,-1.3698256757283525e-09,-3.6551667107041235e-11
lateral_HX,TN-P090,N210,interior_applied_load,,180.0,249.0,115.0,1.2707905688857934e-07,-6.723893305966197,1.2978311758615746e-09,2.7158558069118044e-08,4.797978556227656e-10,-2.6284647045016207e-07
lateral_HX,TN-P091,N434,interior_applied_load,,180.0,249.0,117.5,-2.7638045402154376e-08,-3.8379523867703638,-1.7998799146823728e-08,8.539123624682377e-09,-3.0093632508501565e-11,-3.876637937755659e-08
lateral_HX,TN-P092,N435,interior_applied_load,,180.0,249.0,144.955,-3.9807143332104115e-13,-7.67590477157064,-7.42101189338411e-14,3.4923503544252615e-13,1.8890815328105123e-14,-3.194954693760464e-13
lateral_HX,TN-P093,N436,interior_applied_load,,180.0,249.0,172.41,-1.9885931437261365e-13,-7.675904771569217,-1.66571411504263e-15,3.568175003094519e-14,1.08298041770333e-14,1.0427742246545936e-11
lateral_HX,TN-P094,N437,interior_applied_load,,180.0,249.0,199.864,5.970110847987681e-13,-7.675904771569435,-5.442553362523679e-14,2.2604285166624458e-12,-6.372428814429402e-15,7.986308515249586e-12
lateral_HX,TN-P095,N438,interior_applied_load,,180.0,249.0,227.319,0.0,-3.837952384725213,2.384185791015625e-07,2.384185791015625e-07,1.4551915228366852e-11,-4.76837158203125e-07
lateral_HX,TN-P096,N628,interior_applied_load,,180.0,249.0,229.319,0.0,-6.132118057459593,0.0,-2.384185791015625e-07,2.371962182223797e-09,4.76837158203125e-07
lateral_HX,TN-P097,N460,interior_applied_load,,185.7,249.0,183.592,-2.1510674035945962e-13,-7.332750335663642,-4.378282052092407e-15,4.034741160531143e-12,1.7220075276831708e-12,5.180264160482014e-12
lateral_HX,TN-P098,N211,interior_applied_load,,192.219,249.0,115.0,7.608488642309616e-12,-4.156350012039793,1.091819385191098e-09,1.0384708373436384e-12,-2.0401661843601942e-10,-4.4630487595864495e-10
lateral_HX,TN-P099,N212,interior_applied_load,,193.2,249.0,115.0,1.5376135815621452e-10,-6.723893214832428,-1.1816082877973973e-10,2.9165561976155564e-13,-2.5599804797576666e-10,1.5804518292950473e-10
lateral_HX,TN-P100,N461,interior_applied_load,,198.55,249.0,160.728,6.049112824688678e-12,-7.332750335676307,1.6771084424650914e-13,-3.468040154681601e-13,-2.6523556290947314e-13,-9.688240931819593e-12
lateral_HX,TN-P101,N629,interior_applied_load,,207.333,249.0,229.319,7.944145182171823e-11,-9.633593749008428,4.772973109457921e-13,-2.0434385334270378e-12,1.1406624674111059e-11,1.7945200921973818e-10
lateral_HX,TN-P102,N462,interior_applied_load,,211.4,249.0,137.864,-1.2732925824820995e-11,-7.332750335655874,-3.552713678800501e-14,-1.7053025658242404e-12,1.7053025658242404e-12,6.366462912410498e-12
lateral_HX,TN-P103,N213,interior_applied_load,,213.573,249.0,115.0,-8.268335264702245e-11,-8.863731249999088,-4.607795716660543e-13,2.412158835366549e-13,-5.035659644703962e-12,4.593914404327916e-13
lateral_HX,TN-P104,N214,interior_applied_load,,221.35,249.0,115.0,1.491575673355035e-10,-3.361946607619594,4.742410202202925e-11,1.6113703553755875e-12,-9.990550680351745e-11,5.164386428009416e-10
lateral_HX,TN-P105,N215,interface_action,N2; T-E,224.25,249.0,115.0,-73.94484954961263,870.563424314154,-92.42503080854004,143.28193194490171,-2045.1903704335923,618.3289960764341
lateral_HX,TN-P106,N439,interface_action,T-E,224.25,249.0,117.5,58.18095717625677,-367.337459162578,56.95609932381033,-622.6171693358536,45.72836751750614,-725.5306973753708
lateral_HX,TN-P107,N185,interface_action,T-E,224.25,249.0,120.0,0.5400878044137113,252.7639183354472,-1.583093979181308,-95.96779399502863,104.48157811944382,-31.017077564253356
lateral_HX,TN-P108,N440,interior_applied_load,,224.25,249.0,144.955,2.6290081223123707e-13,-7.67590477157016,3.552713678800501e-15,7.105427357601002e-15,5.684341886080802e-14,2.7284841053187847e-12
lateral_HX,TN-P109,N441,interior_applied_load,,224.25,249.0,172.41,1.1368683772161603e-13,-7.675904771571368,1.7763568394002505e-14,3.410605131648481e-13,1.7053025658242404e-13,-2.7284841053187847e-12
lateral_HX,TN-P110,N442,interior_applied_load,,224.25,249.0,199.864,-2.2737367544323206e-13,-7.675904771569549,0.0,1.1368683772161603e-13,3.4906710757956704e-14,9.094947017729282e-13
lateral_HX,TN-P111,N443,interior_applied_load,,224.25,249.0,227.319,-7.967877314052352e-07,-3.837952385003547,1.7424483636507837e-07,4.3591730819469987e-07,-3.1684728850669076e-10,3.2810769429181263e-06
lateral_HX,TN-P112,N463,interface_action,N2; T-E top / segment 4,224.25,249.0,229.319,2203.5184890303544,-138.3912950735806,-26.51237755504162,-178.73544527919495,-3281.7367335936265,-507.6253464387184
lateral_HX,TN-P113,N464,interior_applied_load,,230.312,249.0,200.739,8.03599184222641e-13,-8.16823142021837,-4.0380135296783e-14,-2.1709533361619716e-12,-4.450805576847323e-13,4.5318759916330285e-12
lateral_HX,TN-P114,N630,interior_applied_load,,235.5,249.0,229.319,-7.99167624594448e-11,-5.353587052527252,-1.1167193381174174e-12,7.897498927227106e-12,-4.8965952119897926e-11,1.3581526120706763e-10
lateral_HX,TN-P115,N465,interior_applied_load,,236.375,249.0,172.16,-2.2057879671786657e-13,-8.168231420208892,2.6091674937720392e-15,-3.3222475838633183e-12,3.975728777616376e-13,-3.939953139010107e-12
lateral_HX,TN-P116,N466,interior_applied_load,,242.438,249.0,143.58,9.094947017729282e-13,-8.16823142022622,-4.831690603168681e-13,1.3642420526593924e-12,3.410605131648481e-13,6.366462912410498e-12
lateral_HX,TN-P117,N216,interior_applied_load,,248.5,249.0,115.0,0.0,-12.034709449857473,1.1920928955078125e-07,1.1920928955078125e-07,0.0,-1.1920928955078125e-07
lateral_HX,TN-P118,N444,interior_applied_load,,248.5,249.0,117.5,1.1920928955078125e-07,-3.7252154145389795,0.0,1.1920928955078125e-07,0.0,-1.1920928955078125e-07
lateral_HX,TN-P119,N445,interior_applied_load,,248.5,249.0,144.148,-3.459947613846925e-14,-7.450430807086419,-8.778569259890898e-14,-2.643700344693679e-12,2.6579035087869363e-14,-3.1584245879554284e-12
lateral_HX,TN-P120,N446,interior_applied_load,,248.5,249.0,170.797,1.508265751260118e-13,-7.450430807090458,1.4356708872255416e-13,-1.822907100018115e-11,8.941309691634047e-15,-5.116091729511376e-13
lateral_HX,TN-P121,N447,interior_applied_load,,248.5,249.0,197.445,4.911067800352376e-13,-7.450430807084256,-3.406519779890224e-13,6.350334551112365e-12,2.2495304975533686e-14,-1.240524649919648e-11
lateral_HX,TN-P122,N448,interior_applied_load,,248.5,249.0,224.093,2.5234741231329656e-07,-3.725215402045234,4.3011830876499695e-08,-2.371848714256853e-08,-4.65890572311301e-10,-2.733479835780448e-07
lateral_HX,TN-P123,N631,interior_applied_load,,248.5,249.0,226.324,-3.5885350404221217e-07,-3.1277812622200916,3.648383678415565e-07,2.246036787253098e-07,-1.2585597680884818e-09,-4.03347831142066e-07
lateral_HX,TN-P124,N217,interior_applied_load,,249.5,249.0,115.0,-3.950584304135418e-11,-0.31487501018389674,-1.3924211228477645e-09,6.628653789059191e-13,-8.797743644706202e-10,5.828532587126567e-10
lateral_HX,TN-P125,N632,interior_applied_load,,249.5,249.0,226.093,-1.713484720547769e-10,-0.22341294719909952,-3.4852088907508145e-09,5.6860583887734226e-11,-4.687348034471479e-10,9.35632890228284e-10
strength_lateral_HX_1,TN-P001,N147,interface_action,BR-N-upper-1; T-W / B-WO; W4,-32.0,249.0,115.0,-522.8377880936908,-422.43434521776425,144.91319556890403,1182.1846696904515,-4914.408136029227,-988.6589139411712
strength_lateral_HX_1,TN-P002,N555,interface_action,BR-N-upper-2; T-W top / segment 2; W4,-32.0,249.0,226.093,-248.88747873211858,236.13244853424885,-1.7833741297512784,1474.2231857891497,-3168.600181894725,-1032.5269526332215
strength_lateral_HX_1,TN-P003,N188,interior_applied_load,,-31.0,249.0,115.0,9.785708243725821e-08,-9.00174037481338,1.0659154270342697e-07,-8.728352440812159e-08,3.483474841914358e-09,7.669950718991458e-08
strength_lateral_HX_1,TN-P004,N424,interior_applied_load,,-31.0,249.0,117.5,6.156143314926344e-08,-4.470258483627989,-2.289706373888496e-08,4.837447423651193e-08,1.3060991257589928e-10,-5.400672103966336e-09
strength_lateral_HX_1,TN-P005,N425,interior_applied_load,,-31.0,249.0,144.148,9.848122212573847e-14,-8.940516968502928,-2.7917475110634065e-14,3.0675969701256753e-12,1.1848132523296754e-14,1.976224919239571e-12
strength_lateral_HX_1,TN-P006,N426,interior_applied_load,,-31.0,249.0,170.797,1.4060961108351472e-13,-8.940516968503184,-8.300316420207899e-14,1.2385178860624755e-12,1.6717009518893198e-13,-5.652079147083434e-13
strength_lateral_HX_1,TN-P007,N427,interior_applied_load,,-31.0,249.0,197.445,1.3645452824443019e-13,-8.940516968502342,-1.3579315773429597e-13,3.402247896635281e-12,-1.0940520138045775e-13,-3.865838802469214e-12
strength_lateral_HX_1,TN-P008,N428,interior_applied_load,,-31.0,249.0,224.093,-2.384185791015625e-07,-4.470258483663201,1.9073486328125e-06,9.5367431640625e-07,0.0,-4.76837158203125e-07
strength_lateral_HX_1,TN-P009,N613,interior_applied_load,,-31.0,249.0,226.324,2.384185791015625e-07,-3.7533375173807144,0.0,-1.9073486328125e-06,4.470348358154297e-08,-4.76837158203125e-07
strength_lateral_HX_1,TN-P010,N449,interior_applied_load,,-23.25,249.0,143.58,9.094947017729282e-13,-9.93480888940212,-9.947598300641403e-14,1.5916157281026244e-12,-3.865352482534945e-12,9.094947017729282e-13
strength_lateral_HX_1,TN-P011,N189,interior_applied_load,,-21.323,249.0,115.0,-6.385312024248488e-12,-10.258627486019666,2.0539969253898716e-12,-3.242614568672512e-13,5.145623414633275e-12,1.528767670513923e-13
strength_lateral_HX_1,TN-P012,N614,interior_applied_load,,-18.0,249.0,229.319,1.193256763083319e-11,-8.187741967331318,-1.6690740607846157e-11,-1.7119159981901887e-11,-2.2854403061480587e-10,2.4460912826991972e-11
strength_lateral_HX_1,TN-P013,N450,interior_applied_load,,-15.5,249.0,172.16,-5.0763594882956334e-14,-9.934808889404852,-9.17443650070999e-14,-6.248135619662645e-12,-1.054180778910409e-12,-5.197909994101404e-13
strength_lateral_HX_1,TN-P014,N451,interior_applied_load,,-7.75,249.0,200.739,1.077480136084761e-12,-9.934808889398791,7.738061746015239e-14,-3.460021461142029e-12,-5.493061382833897e-13,-7.357058583288221e-13
strength_lateral_HX_1,TN-P015,N190,interior_applied_load,,-3.85,249.0,115.0,9.918711909340885e-12,-8.05686409247371,-4.711283553990752e-12,2.9599835330165204e-14,-2.765854403501366e-12,-1.088064034040958e-12
strength_lateral_HX_1,TN-P016,N191,interior_applied_load,,0.0,249.0,115.0,8.46583922964328e-08,-1.4665255648467743,1.1999266835260869e-05,1.020309170485234e-09,-3.341786397259304e-07,1.5064045122414882e-07
strength_lateral_HX_1,TN-P017,N429,interior_applied_load,,0.0,249.0,117.5,-1.016224078953959e-08,-4.605542862494277,3.900065680246023e-10,3.709461972994554e-08,1.6703575092497485e-11,1.8502793963490902e-08
strength_lateral_HX_1,TN-P018,N430,interior_applied_load,,0.0,249.0,144.955,-1.2861840024493588e-13,-9.211085725883363,1.520985424501879e-14,-1.192451946016314e-12,-1.1893989294315e-14,-5.886830022321968e-13
strength_lateral_HX_1,TN-P019,N431,interior_applied_load,,0.0,249.0,172.41,4.696485050360212e-14,-9.211085725883759,1.4168150604853226e-14,-9.706581991298745e-13,-1.309313339640713e-13,-2.076304166371892e-13
strength_lateral_HX_1,TN-P020,N432,interior_applied_load,,0.0,249.0,199.864,-5.6779509809707614e-14,-9.21108572588379,6.941830852542781e-14,-3.0198877203818533e-12,3.5977959607968117e-14,-2.71962055935158e-12
strength_lateral_HX_1,TN-P021,N433,interior_applied_load,,0.0,249.0,227.319,0.0,-4.605542863719165,0.0,0.0,0.0,4.76837158203125e-07
strength_lateral_HX_1,TN-P022,N452,interior_applied_load,,-0.0,249.0,229.319,-4.76837158203125e-07,-12.325946113094687,9.5367431640625e-07,-9.5367431640625e-07,1.862645149230957e-09,-4.76837158203125e-07
strength_lateral_HX_1,TN-P023,N192,interior_applied_load,,0.031,249.0,115.0,2.250384916240924e-09,-0.37784548314462685,-5.44521837272737e-06,4.835093984105756e-11,-1.2408358838543014e-07,8.943217623576936e-09
strength_lateral_HX_1,TN-P024,N193,interior_applied_load,,1.0,249.0,115.0,-2.7830537874251604e-10,-12.228449808173536,1.6912800049340149e-09,3.339550858072471e-11,1.1329177596053341e-09,4.547473508864641e-11
strength_lateral_HX_1,TN-P025,N615,interior_applied_load,,10.167,249.0,229.319,4.802631317535169e-11,-10.014583343908642,8.970744744454889e-12,-6.187802201373485e-13,1.627405541010338e-11,4.62742938507461e-12
strength_lateral_HX_1,TN-P026,N453,interior_applied_load,,10.6,249.0,137.864,3.637978807091713e-12,-8.319555897885948,-2.8066438062523957e-13,1.261923898709938e-11,-1.1510792319313623e-11,1.1823431123048067e-11
strength_lateral_HX_1,TN-P027,N454,interior_applied_load,,20.2,249.0,160.728,1.933627629044222e-12,-8.319555897887955,-9.310192529084026e-13,6.071469121823547e-12,-8.314755399109386e-15,-2.882562623023568e-13
strength_lateral_HX_1,TN-P028,N194,interior_applied_load,,21.385,249.0,115.0,-8.442849985546146e-11,-8.803904964100441,8.325977884908662e-12,-4.806163996794845e-13,8.209880408114796e-11,1.107531325817103e-11
strength_lateral_HX_1,TN-P029,N195,interior_applied_load,,24.3,249.0,115.0,6.685938665854117e-11,-8.068671965242634,-8.057168213437313e-12,3.5018492337494087e-13,3.5678501082271035e-11,2.1413466286637813e-11
strength_lateral_HX_1,TN-P030,N455,interior_applied_load,,29.8,249.0,183.592,-4.98023710790861e-12,-8.319555897898942,4.3314563644371755e-13,-1.4529932912881202e-12,3.6517845226900014e-12,-5.171111873972802e-12
strength_lateral_HX_1,TN-P031,N616,interior_applied_load,,38.333,249.0,229.319,3.4516597263705665e-11,-10.145208349138805,-3.69169249715015e-14,-6.487631758664842e-13,1.8553334729948325e-11,2.2900641731571482e-12
strength_lateral_HX_1,TN-P032,N456,interior_applied_load,,39.4,249.0,206.455,2.1266143757112332e-12,-8.319555897886309,-6.712571858260147e-13,3.864750454356695e-12,-2.4313432563305496e-12,-5.3950661276721065e-12
strength_lateral_HX_1,TN-P033,N196,interior_applied_load,,42.74,249.0,115.0,1.8342814565879343e-12,-9.805207533060688,-3.3465302751967725e-12,-6.007609876465387e-14,-8.14073988016093e-12,-1.876834965506833e-12
strength_lateral_HX_1,TN-P034,N457,interior_applied_load,,49.0,249.0,229.319,-1.765805279774213e-10,-7.273007099747488,-3.0868999578714806e-09,2.0406404379495495e-10,5.125314894716126e-10,4.883360521512614e-10
strength_lateral_HX_1,TN-P035,N197,interface_action,BR-N-upper-2,50.25,249.0,115.0,1897.47831086531,-2627.6305248163594,6.23200137002519,-177.88550801999924,-957.75914507342,829.9826238765785
strength_lateral_HX_1,TN-P036,N617,interface_action,BR-N-upper-1,50.25,249.0,229.319,-1155.9511481571863,-1641.065464029779,9.1080636235909,-322.0416772981833,143.39172400497972,-450.10943026710174
strength_lateral_HX_1,TN-P037,N198,interior_applied_load,,52.45,249.0,115.0,-3.926005961842959e-10,-1.1335499344259214,-4.479272088538725e-09,1.4864778049182105e-10,-1.6075104518283515e-09,2.808628105542981e-10
strength_lateral_HX_1,TN-P038,N199,interface_action,N1 / U-W,53.25,249.0,115.0,-1891.5486037259607,2692.7430329435997,-94.99774788915363,720.7651502130632,-6740.206495066203,-9291.848172076483
strength_lateral_HX_1,TN-P039,N618,interface_action,N1 / U-W,53.25,249.0,229.319,498.99292019731973,2037.784820455975,-30.093746033703983,163.04687701605917,-990.6754472851882,-3795.481280286546
strength_lateral_HX_1,TN-P040,N417,interface_action,N1 / U-W,56.25,249.0,207.0,-773.1773815569272,-89.2457001162817,30.10894983325878,450.3721839335308,-1196.6330861628462,-795.2150919377948
strength_lateral_HX_1,TN-P041,N418,interior_applied_load,,57.25,249.0,207.0,0.0,-6.7141209449619055,7.2177499532699585e-09,7.450580596923828e-09,0.0,-2.384185791015625e-07
strength_lateral_HX_1,TN-P042,N467,interior_applied_load,,57.25,249.0,209.5,-2.384185791015625e-07,-2.989171452820301,-7.62520357966423e-09,3.725290298461914e-09,0.0,0.0
strength_lateral_HX_1,TN-P043,N468,interior_applied_load,,57.25,249.0,227.319,7.165690340954489e-07,-2.989171451900864,-3.793244718330868e-09,-1.7429991006068235e-08,6.124524226829859e-10,-1.8962357298257793e-07
strength_lateral_HX_1,TN-P044,N619,interior_applied_load,,57.25,249.0,229.319,-4.687087369088225e-07,-3.461562483909119,-4.161029303809289e-08,1.3283043306255211e-09,4.331129855437656e-11,-2.1565345369661687e-07
strength_lateral_HX_1,TN-P045,N200,interior_applied_load,,64.094,249.0,115.0,-2.0107346990051747e-11,-10.334197531357303,-2.1600446115759003e-11,-2.5973878706411234e-14,-7.439403223213662e-11,-1.5697867473704537e-11
strength_lateral_HX_1,TN-P046,N620,interior_applied_load,,66.5,249.0,229.319,-5.6094296619596286e-11,-6.008749997514163,8.317974255456886e-13,9.252133942555124e-13,-4.247420511466729e-12,-1.6278894140753007e-11
strength_lateral_HX_1,TN-P047,N477,interior_applied_load,,68.75,249.0,218.16,7.275957614183426e-12,-5.376241893311089,-2.842170943040401e-14,7.958078640513122e-13,-4.0927677913416005e-13,1.0913936421275139e-11
strength_lateral_HX_1,TN-P048,N419,interior_applied_load,,80.25,249.0,207.0,-2.384185791015625e-07,-7.884249993599951,-5.960464477539063e-08,1.1920928955078125e-07,1.1641532182693481e-10,0.0
strength_lateral_HX_1,TN-P049,N469,interior_applied_load,,80.25,249.0,209.5,-2.384185791015625e-07,-2.9891714518889785,0.0,0.0,-1.1641532182693481e-10,0.0
strength_lateral_HX_1,TN-P050,N470,interior_applied_load,,80.25,249.0,227.319,-3.5418020487981705e-07,-2.9891714524516257,-1.2526965298409465e-08,-2.32524713927873e-08,3.3442635442669626e-11,1.4081479311756073e-07
strength_lateral_HX_1,TN-P051,N478,interior_applied_load,,80.25,249.0,229.319,-8.548561118441863e-08,-12.795596943724993,4.45844805935628e-08,4.444555942838797e-09,-3.737092659063324e-11,3.2833931406579305e-08
strength_lateral_HX_1,TN-P052,N201,interior_applied_load,,80.6,249.0,115.0,-3.161108185288319e-11,-8.068671858883114,5.1644553313889064e-11,-1.829742863055215e-14,-1.5851668031836743e-11,-1.0286355167008364e-11
strength_lateral_HX_1,TN-P053,N202,interior_applied_load,,85.448,249.0,115.0,5.1542806982429077e-11,-9.900457189083063,-3.226363373667964e-11,2.4565423763009037e-14,-3.589238756160402e-11,3.469458319903277e-11
strength_lateral_HX_1,TN-P054,N479,interior_applied_load,,92.25,249.0,218.16,7.275957614183426e-12,-5.497868662780093,-5.684341886080802e-14,-2.2737367544323206e-12,-3.865352482534945e-12,-2.000888343900442e-11
strength_lateral_HX_1,TN-P055,N621,interior_applied_load,,94.667,249.0,229.319,2.4842982368603227e-11,-6.270000052092782,1.1351507573595932e-12,-3.105643005874351e-12,4.670969183836493e-11,-2.5702595171465453e-11
strength_lateral_HX_1,TN-P056,N420,interior_applied_load,,104.25,249.0,207.0,2.384185791015625e-07,-13.549868662841618,2.9802322387695312e-08,5.960464477539063e-08,-5.3551048040390015e-09,2.384185791015625e-07
strength_lateral_HX_1,TN-P057,N471,interior_applied_load,,104.25,249.0,209.5,2.384185791015625e-07,-2.9891714515397325,-5.960464477539063e-08,-5.960464477539063e-08,0.0,0.0
strength_lateral_HX_1,TN-P058,N472,interior_applied_load,,104.25,249.0,227.319,4.314291574686324e-08,-2.989171451630369,5.208201309114813e-08,3.223781519512414e-08,-2.0376926273515006e-11,-2.668700820745995e-07
strength_lateral_HX_1,TN-P059,N622,interior_applied_load,,104.25,249.0,229.319,-4.062081619632223e-07,-7.358541666790554,-3.9442680135268033e-08,2.6040826826362695e-08,-4.410488674389364e-11,-3.353904799541935e-07
strength_lateral_HX_1,TN-P060,N203,interior_applied_load,,106.802,249.0,115.0,-7.266047908029456e-11,-8.804692169971752,5.356832197240079e-10,-5.1566033254243965e-14,-5.171602886345882e-10,5.755311323139119e-11
strength_lateral_HX_1,TN-P061,N204,interior_applied_load,,108.75,249.0,115.0,3.521633826828157e-11,-8.068671859021837,2.7350488477785706e-10,1.3524885775930513e-13,-5.192229318444147e-10,1.4254484290425285e-10
strength_lateral_HX_1,TN-P062,N480,interior_applied_load,,116.25,249.0,218.16,-1.4551915228366852e-11,-5.497868662765541,8.526512829121202e-14,1.5916157281026244e-12,-1.5916157281026244e-12,3.637978807091713e-12
strength_lateral_HX_1,TN-P063,N623,interior_applied_load,,122.833,249.0,229.319,-1.7243229976424448e-10,-6.269999985901718,-3.1109957403812525e-11,1.9201388652306604e-11,6.38902273712169e-11,-1.8414371640199256e-10
strength_lateral_HX_1,TN-P064,N205,interior_applied_load,,128.156,249.0,115.0,3.599197202098442e-12,-10.636477499995273,-1.0462952799220785e-11,-1.1080703875689394e-14,6.110802357169939e-11,4.122136199397264e-11
strength_lateral_HX_1,TN-P065,N421,interior_applied_load,,128.25,249.0,207.0,0.0,-7.884249994531274,2.2351741790771484e-08,1.4901161193847656e-08,4.656612873077393e-10,-2.384185791015625e-07
strength_lateral_HX_1,TN-P066,N473,interior_applied_load,,128.25,249.0,209.5,0.0,-2.989171450957656,-7.450580596923828e-09,-7.450580596923828e-09,0.0,-2.384185791015625e-07
strength_lateral_HX_1,TN-P067,N474,interior_applied_load,,128.25,249.0,227.319,-5.920283995403119e-07,-2.989171450438027,8.641854992719189e-08,4.912487083785777e-10,-4.2593460682844194e-10,7.408271565922941e-07
strength_lateral_HX_1,TN-P068,N481,interior_applied_load,,128.25,249.0,229.319,1.5682140520138687e-06,-12.79559694580502,-5.2070160823551414e-08,-3.241840394194422e-08,-2.634846646443658e-10,2.7976116058244546e-07
strength_lateral_HX_1,TN-P069,N206,interior_applied_load,,136.9,249.0,115.0,-2.987679867897375e-11,-8.068671858886546,1.8526685360793435e-11,7.247471048135365e-14,5.358452407160379e-11,-3.995347759306982e-12
strength_lateral_HX_1,TN-P070,N482,interior_applied_load,,139.75,249.0,218.16,0.0,-5.376241893332917,-3.410605131648481e-13,3.637978807091713e-12,-4.547473508864641e-13,-2.546585164964199e-11
strength_lateral_HX_1,TN-P071,N207,interior_applied_load,,149.51,249.0,115.0,-2.0868581696226648e-11,-10.636477499997866,-3.5118229690230186e-12,-2.6624571738477263e-14,5.439062603107869e-11,-6.008850296196687e-12
strength_lateral_HX_1,TN-P072,N624,interior_applied_load,,151.0,249.0,229.319,-1.3303207424542052e-09,-6.008750023362507,8.456988331850823e-09,-7.575508695790308e-12,2.3558144296442762e-08,-5.433805488896937e-09
strength_lateral_HX_1,TN-P073,N422,interior_applied_load,,151.25,249.0,207.0,2.384185791015625e-07,-6.7141209449619055,1.1920928955078125e-07,0.0,0.0,-4.76837158203125e-07
strength_lateral_HX_1,TN-P074,N475,interior_applied_load,,151.25,249.0,209.5,-2.384185791015625e-07,-2.989171450957656,0.0,0.0,-4.656612873077393e-10,-2.384185791015625e-07
strength_lateral_HX_1,TN-P075,N476,interior_applied_load,,151.25,249.0,227.319,-1.4085779284633837e-07,-2.9891714523571253,2.5784399712569517e-07,-6.9006107883407e-08,-1.4108354645302843e-10,-8.118344879681771e-08
strength_lateral_HX_1,TN-P076,N625,interior_applied_load,,151.25,249.0,229.319,-1.8498901122043776e-07,-1.110312521428064,-1.6880264678447495e-07,-1.7413535279669214e-07,2.9766516113517022e-08,-6.265035403332266e-07
strength_lateral_HX_1,TN-P077,N423,interior_applied_load,,152.25,249.0,207.0,-6.817711668565195e-11,-0.1677500146038528,1.9530838848590984e-08,9.106781147346406e-10,1.2927537929808802e-08,-2.7573767388888166e-08
strength_lateral_HX_1,TN-P078,N411,interior_applied_load,,155.25,249.0,120.0,-3.3282650078643743e-13,-13.810985069629515,-1.2452746182203302e-13,-1.23724455842551e-11,-2.7646378392036174e-14,8.281304861126734e-12
strength_lateral_HX_1,TN-P079,N412,interior_applied_load,,155.25,249.0,146.657,-4.513065963970991e-13,-27.62197013924691,1.3219716708832578e-13,9.221725376582732e-12,-1.6092481807246763e-13,7.250389257313446e-12
strength_lateral_HX_1,TN-P080,N413,interior_applied_load,,155.25,249.0,173.314,2.860587743891014e-12,-27.621970139252873,-7.938803563880989e-13,6.9707574230381794e-12,-2.7646378392036174e-14,2.998572765663661e-11
strength_lateral_HX_1,TN-P081,N414,interior_applied_load,,155.25,249.0,199.971,-8.441678008680303e-11,-17.452729861493236,9.048441622617881e-12,4.962881386984049e-12,1.4339045399312106e-12,3.3212239823429486e-10
strength_lateral_HX_1,TN-P082,N415,interior_applied_load,,155.25,249.0,207.0,1.2984684091788145e-08,-13.810985045375435,-2.238662477924093e-08,7.776045713525844e-10,-2.6111915077702844e-08,1.9544562592750143e-07
strength_lateral_HX_1,TN-P083,N416,interior_applied_load,,155.25,249.0,226.628,2.384185791015625e-07,-10.169240277260542,-1.1920928955078125e-07,0.0,2.3283064365386963e-10,0.0
strength_lateral_HX_1,TN-P084,N626,interior_applied_load,,155.25,249.0,229.319,-2.384185791015625e-07,-2.2859374806284904,0.0,-1.1920928955078125e-07,2.3283064365386963e-10,0.0
strength_lateral_HX_1,TN-P085,N458,interior_applied_load,,160.0,249.0,229.319,-2.8536887433394576e-11,-10.647879345809859,-1.7790119778052147e-11,1.8150610167052278e-11,3.218514265427076e-11,-7.482191990432761e-12
strength_lateral_HX_1,TN-P086,N208,interior_applied_load,,165.05,249.0,115.0,1.720124166618644e-11,-8.068671858874303,8.556148682083718e-12,-2.465761508173062e-13,-1.8546566959168277e-11,9.467860437931934e-12
strength_lateral_HX_1,TN-P087,N209,interior_applied_load,,170.865,249.0,115.0,2.9678561012835165e-12,-5.648857485642137,3.999279541941622e-12,3.161652925120622e-13,1.9479089592662987e-11,-7.151957490245492e-11
strength_lateral_HX_1,TN-P088,N459,interior_applied_load,,172.85,249.0,206.455,3.185137666412831e-12,-8.799300402801693,1.4808328633716285e-13,1.3575955296880655e-12,-9.470976429311782e-13,-5.221413625309439e-12
strength_lateral_HX_1,TN-P089,N627,interior_applied_load,,179.167,249.0,229.319,-1.2403130235987188e-10,-5.225000032348905,5.916997241875584e-09,2.6140022296360344e-12,-9.962006071653544e-10,4.141851806145439e-10
strength_lateral_HX_1,TN-P090,N210,interior_applied_load,,180.0,249.0,115.0,1.3951972710479765e-07,-8.068671966412655,-6.9818284487155324e-09,2.9106406174150834e-08,2.7442954605516564e-10,-1.722622090527537e-07
strength_lateral_HX_1,TN-P091,N434,interior_applied_load,,180.0,249.0,117.5,-5.899749317439369e-08,-4.605542863997077,9.217553288944012e-09,-3.64998488096541e-08,-1.1569687930952316e-11,-1.4041420691375514e-08
strength_lateral_HX_1,TN-P092,N435,interior_applied_load,,180.0,249.0,144.955,-3.7295295524130114e-13,-9.211085725884303,-9.073788991520382e-14,5.03386781245221e-13,-7.148896189266116e-15,1.2386483802525024e-12
strength_lateral_HX_1,TN-P093,N436,interior_applied_load,,180.0,249.0,172.41,-1.9721823489033628e-13,-9.211085725883775,-1.2386627288978827e-14,-1.1367213595957814e-13,7.497481232846237e-15,9.59519077872204e-12
strength_lateral_HX_1,TN-P094,N437,interior_applied_load,,180.0,249.0,199.864,6.753950425506357e-13,-9.211085725884395,-3.293765992031085e-14,2.330113485262079e-12,-3.814007017089437e-15,9.56214412556395e-12
strength_lateral_HX_1,TN-P095,N438,interior_applied_load,,180.0,249.0,227.319,9.5367431640625e-07,-4.60554286185652,-2.384185791015625e-07,2.384185791015625e-07,-1.4551915228366852e-11,-9.5367431640625e-07
strength_lateral_HX_1,TN-P096,N628,interior_applied_load,,180.0,249.0,229.319,0.0,-7.35854166559875,2.384185791015625e-07,-4.76837158203125e-07,-1.4551915228366852e-11,-9.5367431640625e-07
strength_lateral_HX_1,TN-P097,N460,interior_applied_load,,185.7,249.0,183.592,-3.1399789891622876e-12,-8.799300402797565,6.556392156361665e-14,9.39739889077625e-13,1.2928837448918792e-13,3.781850702539638e-12
strength_lateral_HX_1,TN-P098,N211,interior_applied_load,,192.219,249.0,115.0,-8.897816133324083e-11,-4.987620014406289,1.7982802309610628e-09,-7.059576233617779e-13,-2.5713569885452285e-10,-1.1984773774895004e-10
strength_lateral_HX_1,TN-P099,N212,interior_applied_load,,193.2,249.0,115.0,2.4903671246550237e-10,-8.06867185866895,3.41937502045561e-10,1.008128507404983e-12,-3.0669400333173563e-10,-1.2143831373107988e-10
strength_lateral_HX_1,TN-P100,N461,interior_applied_load,,198.55,249.0,160.728,4.258843138166744e-12,-8.799300402805851,1.849654787261498e-15,-1.5717544972368646e-12,-2.855224532283335e-13,-1.0555525955654236e-11
strength_lateral_HX_1,TN-P101,N629,interior_applied_load,,207.333,249.0,229.319,-5.702314862178475e-11,-11.560312498821308,-7.97480736803317e-12,-2.796397083586438e-12,9.591540395048665e-11,-8.66755082057376e-11
strength_lateral_HX_1,TN-P102,N462,interior_applied_load,,211.4,249.0,137.864,-1.0913936421275139e-11,-8.79930040279578,-1.7763568394002505e-13,-7.958078640513122e-13,2.2737367544323206e-13,-1.8189894035458565e-12
strength_lateral_HX_1,TN-P103,N213,interior_applied_load,,213.573,249.0,115.0,-3.506972849257023e-11,-10.63647749999938,-2.079205824050676e-12,1.3845164197151768e-13,6.762261041495161e-12,-6.067344269763666e-13
strength_lateral_HX_1,TN-P104,N214,interior_applied_load,,221.35,249.0,115.0,-4.5559033913867176e-11,-4.034335929238083,-4.0346647066126296e-11,6.031257321086014e-12,1.0530172156207085e-11,4.912282899393739e-10
strength_lateral_HX_1,TN-P105,N215,interface_action,N2; T-E,224.25,249.0,115.0,-66.35700695431842,997.6369869329283,-107.29240342367338,224.17479212382864,-1998.296692696642,473.6044949411762
strength_lateral_HX_1,TN-P106,N439,interface_action,T-E,224.25,249.0,117.5,66.57108586421421,-440.9519903687499,71.46070597455848,-777.5586349674833,-21.220730274631038,-779.8678202585157
strength_lateral_HX_1,TN-P107,N185,interface_action,T-E,224.25,249.0,120.0,0.30557770120301525,297.74091004477066,-1.8214210276330811,-110.54322265830889,102.16325706062815,-24.81512748956806
strength_lateral_HX_1,TN-P108,N440,interior_applied_load,,224.25,249.0,144.955,4.760636329592671e-13,-9.211085725884681,-2.3092638912203256e-14,1.4210854715202004e-13,1.1368683772161603e-13,2.7284841053187847e-12
strength_lateral_HX_1,TN-P109,N441,interior_applied_load,,224.25,249.0,172.41,1.1368683772161603e-13,-9.211085725884004,3.552713678800501e-15,1.1368683772161603e-13,0.0,-1.8189894035458565e-12
strength_lateral_HX_1,TN-P110,N442,interior_applied_load,,224.25,249.0,199.864,5.684341886080802e-14,-9.211085725883095,-1.4210854715202004e-14,-1.1368683772161603e-13,2.6066743635039575e-14,9.094947017729282e-13
strength_lateral_HX_1,TN-P111,N443,interior_applied_load,,224.25,249.0,227.319,1.55312384980677e-06,-4.605542862717789,3.715824213601504e-07,5.268079457665387e-07,-1.2185675105737492e-09,8.694492060756787e-07
strength_lateral_HX_1,TN-P112,N463,interface_action,N2; T-E top / segment 4,224.25,249.0,229.319,2195.411512754205,-161.17603161516178,-25.834235920511034,-215.77968708015823,-3271.603825178248,-165.7514649749898
strength_lateral_HX_1,TN-P113,N464,interior_applied_load,,230.312,249.0,200.739,1.3619195375679565e-12,-9.801877704272208,4.1585629751806336e-14,6.848273142314742e-13,-2.1433526912019674e-12,-1.41844729913696e-12
strength_lateral_HX_1,TN-P114,N630,interior_applied_load,,235.5,249.0,229.319,4.9410974642092314e-11,-6.424304463035139,8.662609924757331e-12,1.0998362362738897e-11,2.1376755117188864e-11,1.738429069147869e-10
strength_lateral_HX_1,TN-P115,N465,interior_applied_load,,236.375,249.0,172.16,-2.4489057185087747e-13,-9.801877704258027,2.0432601105952987e-14,-1.5254452439180808e-12,2.8177519098073597e-13,-6.736120213227512e-12
strength_lateral_HX_1,TN-P116,N466,interior_applied_load,,242.438,249.0,143.58,-4.547473508864641e-13,-9.801877704263461,1.4210854715202004e-13,-3.183231456205249e-12,-9.094947017729282e-13,-5.4569682106375694e-12
strength_lateral_HX_1,TN-P117,N216,interior_applied_load,,248.5,249.0,115.0,1.1920928955078125e-07,-14.441651344299316,-1.1920928955078125e-07,-1.1920928955078125e-07,1.862645149230957e-09,-3.5762786865234375e-07
strength_lateral_HX_1,TN-P118,N444,interior_applied_load,,248.5,249.0,117.5,0.0,-4.470258489251137,1.1920928955078125e-07,-1.1920928955078125e-07,-4.656612873077393e-10,-1.1920928955078125e-07
strength_lateral_HX_1,TN-P119,N445,interior_applied_load,,248.5,249.0,144.148,-6.643877756982231e-14,-8.940516968505696,-1.2069804751123703e-13,1.821336214617203e-12,-7.275535189418416e-14,-3.879085547900878e-12
strength_lateral_HX_1,TN-P120,N446,interior_applied_load,,248.5,249.0,170.797,-7.060226821139094e-14,-8.940516968504662,-2.203802477293348e-14,-1.9945184317156413e-11,9.543666489685178e-14,1.015393106412302e-12
strength_lateral_HX_1,TN-P121,N447,interior_applied_load,,248.5,249.0,197.445,1.2655511383006401e-13,-8.940516968501504,-1.9232461617461287e-13,4.597157132754264e-12,1.3310957108124122e-15,-1.1310999125333918e-11
strength_lateral_HX_1,TN-P122,N448,interior_applied_load,,248.5,249.0,224.093,1.1617846293893032e-07,-4.470258484246722,1.0770953487937715e-07,3.430273267269484e-08,2.83775354673051e-10,-4.055588787005907e-07
strength_lateral_HX_1,TN-P123,N631,interior_applied_load,,248.5,249.0,226.324,-6.165776287010032e-07,-3.7533375132462847,3.0637077640222775e-07,-1.4891584346573984e-07,2.556100726802608e-09,-1.8303302423371577e-07
strength_lateral_HX_1,TN-P124,N217,interior_applied_load,,249.5,249.0,115.0,5.6408211435154954e-11,-0.3778500106993228,-2.5261815903010465e-09,7.982082876611951e-13,-1.2669661569875146e-09,-4.952553853132535e-10
strength_lateral_HX_1,TN-P125,N632,interior_applied_load,,249.5,249.0,226.093,5.077455928641158e-10,-0.26809553470398306,-8.969719283508177e-10,5.90211619311956e-11,1.963653673343287e-10,-8.129762354235332e-10
strength_lateral_HX_-1,TN-P001,N147,interface_action,BR-N-upper-1; T-W / B-WO; W4,-32.0,249.0,115.0,168.47922029963078,1020.2513459276588,-144.09934434274848,-981.5165236106346,5120.075628088469,2120.1881049700746
strength_lateral_HX_-1,TN-P002,N555,interface_action,BR-N-upper-2; T-W top / segment 2; W4,-32.0,249.0,226.093,425.92637682193373,-522.0787345455855,0.8832531498353906,-1307.7224551135785,3063.3126662610507,-2395.0949986478163
strength_lateral_HX_-1,TN-P003,N188,interior_applied_load,,-31.0,249.0,115.0,-1.8961554815177806e-07,-9.001740376994348,1.0545448958509951e-08,3.490367816993967e-08,6.225775450729998e-10,1.077482920663897e-07
strength_lateral_HX_-1,TN-P004,N424,interior_applied_load,,-31.0,249.0,117.5,7.451704752319182e-08,-4.470258485795489,1.3677807901700098e-08,3.5927579291973703e-08,-8.21227562920363e-10,2.1698476643144966e-07
strength_lateral_HX_-1,TN-P005,N425,interior_applied_load,,-31.0,249.0,144.148,1.2356691194803912e-14,-8.940516968502925,-3.160501655530562e-14,-2.1881250456349415e-12,2.9935324543119026e-14,-1.567764994748789e-13
strength_lateral_HX_-1,TN-P006,N426,interior_applied_load,,-31.0,249.0,170.797,6.903356200101362e-15,-8.940516968506067,4.1111085784958367e-13,2.439678460880583e-12,-1.5383543118643378e-13,-1.9583512194107248e-13
strength_lateral_HX_-1,TN-P007,N427,interior_applied_load,,-31.0,249.0,197.445,-1.8390619102284772e-13,-8.940516968502225,1.2358203709444661e-13,1.0050990718312688e-11,2.1194943706204931e-13,1.5413969791191896e-12
strength_lateral_HX_-1,TN-P008,N428,interior_applied_load,,-31.0,249.0,224.093,4.76837158203125e-07,-4.470258483663201,-9.5367431640625e-07,0.0,0.0,-4.76837158203125e-07
strength_lateral_HX_-1,TN-P009,N613,interior_applied_load,,-31.0,249.0,226.324,-2.384185791015625e-07,-3.7533375173807144,-9.5367431640625e-07,2.86102294921875e-06,-6.705522537231445e-08,0.0
strength_lateral_HX_-1,TN-P010,N449,interior_applied_load,,-23.25,249.0,143.58,9.094947017729282e-13,-9.934808889398482,8.526512829121202e-14,-7.958078640513122e-13,-2.2737367544323206e-13,1.5916157281026244e-11
strength_lateral_HX_-1,TN-P011,N189,interior_applied_load,,-21.323,249.0,115.0,-2.7857990754466872e-11,-10.25862748602022,-6.223256552700196e-13,1.1941689495714677e-13,-1.926326360014014e-11,2.303671467730931e-12
strength_lateral_HX_-1,TN-P012,N614,interior_applied_load,,-18.0,249.0,229.319,3.1817491063967795e-11,-8.18774196733149,-2.7278356414328548e-11,-5.159781962957744e-11,-2.0498539973687053e-11,-6.986387757510009e-11
strength_lateral_HX_-1,TN-P013,N450,interior_applied_load,,-15.5,249.0,172.16,-9.634123735364469e-13,-9.934808889403051,-7.13749780931185e-14,3.5356473062949473e-12,9.471235255408724e-13,5.6543953433183924e-12
strength_lateral_HX_-1,TN-P014,N451,interior_applied_load,,-7.75,249.0,200.739,2.546434106823961e-13,-9.934808889400324,-1.4219171991742759e-13,-1.8646473943470653e-12,4.738613573484469e-13,3.890452967605007e-12
strength_lateral_HX_-1,TN-P015,N190,interior_applied_load,,-3.85,249.0,115.0,-1.5373364528939167e-11,-8.056864092477609,-1.7897061201489117e-11,-1.6836805303253087e-13,1.7706648704919693e-11,-2.4629962329048463e-12
strength_lateral_HX_-1,TN-P016,N191,interior_applied_load,,0.0,249.0,115.0,1.2738041021975732e-07,-1.4665283141237928,-4.4190122896914374e-05,-5.7418490850835724e-08,7.459945678449892e-07,-1.6150582737850527e-07
strength_lateral_HX_-1,TN-P017,N429,interior_applied_load,,0.0,249.0,117.5,-2.6653749717113152e-08,-4.605542862924876,3.059028237929672e-08,-8.214716275913735e-08,-2.6563518814622423e-11,-3.1482284869821266e-07
strength_lateral_HX_-1,TN-P018,N430,interior_applied_load,,0.0,249.0,144.955,8.159619002405874e-14,-9.211085725883684,-2.421708661548487e-14,1.885924475328826e-12,9.580893041803802e-15,1.1133814718406257e-12
strength_lateral_HX_-1,TN-P019,N431,interior_applied_load,,0.0,249.0,172.41,-1.8817172046961275e-15,-9.211085725883441,-4.3596262358061796e-14,-3.975079552368688e-13,9.287043652042914e-14,1.1886580662398257e-12
strength_lateral_HX_-1,TN-P020,N432,interior_applied_load,,0.0,249.0,199.864,3.220164174559901e-14,-9.211085725883619,-5.1517526052116425e-14,-5.33575575232413e-13,2.6942525330035046e-14,3.53542335713573e-12
strength_lateral_HX_-1,TN-P021,N433,interior_applied_load,,0.0,249.0,227.319,0.0,-4.605542862904258,0.0,0.0,0.0,4.76837158203125e-07
strength_lateral_HX_-1,TN-P022,N452,interior_applied_load,,-0.0,249.0,229.319,4.76837158203125e-07,-12.325946111115627,-4.76837158203125e-07,4.76837158203125e-07,-1.862645149230957e-09,-4.76837158203125e-07
strength_lateral_HX_-1,TN-P023,N192,interior_applied_load,,0.031,249.0,115.0,6.060468034094534e-09,-0.37784905591585544,3.232777955309566e-05,2.4272558957965668e-11,5.905791459504179e-07,5.024438488908709e-09
strength_lateral_HX_-1,TN-P024,N193,interior_applied_load,,1.0,249.0,115.0,8.36735125631094e-11,-12.228449807966172,-3.118174163319054e-09,-5.2523319027386606e-11,-1.727926246530842e-09,-1.8189894035458565e-12
strength_lateral_HX_-1,TN-P025,N615,interior_applied_load,,10.167,249.0,229.319,-5.0787057959610484e-11,-10.01458334392001,5.458808919632477e-14,3.580626485387464e-13,1.2669633419332639e-11,-1.876089934441459e-12
strength_lateral_HX_-1,TN-P026,N453,interior_applied_load,,10.6,249.0,137.864,-3.637978807091713e-12,-8.319555897893224,4.547473508864641e-13,-2.2282620193436742e-11,1.4779288903810084e-11,-3.092281986027956e-11
strength_lateral_HX_-1,TN-P027,N454,interior_applied_load,,20.2,249.0,160.728,1.9108891740959343e-13,-8.31955589788503,7.798638407009145e-13,-1.9630984984496227e-12,-2.836863205957881e-13,-2.4650317917878578e-12
strength_lateral_HX_-1,TN-P028,N194,interior_applied_load,,21.385,249.0,115.0,-6.585582365037848e-11,-8.803904964104719,-6.831954532986809e-11,3.490758698614827e-14,1.5954373319877745e-10,9.551855945507554e-13
strength_lateral_HX_-1,TN-P029,N195,interior_applied_load,,24.3,249.0,115.0,1.0223986847010864e-11,-8.068671965238625,1.0204008481343901e-10,4.6617675054332173e-14,4.935663915835188e-11,3.0128747388731143e-12
strength_lateral_HX_-1,TN-P030,N455,interior_applied_load,,29.8,249.0,183.592,6.831069036691796e-13,-8.31955589789285,-1.7957242260430508e-13,-6.440348878842227e-12,3.673241867770536e-13,-1.4602456610526316e-11
strength_lateral_HX_-1,TN-P031,N616,interior_applied_load,,38.333,249.0,229.319,-1.3497439414712978e-11,-10.145208349141539,4.66869517008727e-14,4.190143434875981e-13,-6.33845120640343e-12,-2.278964335573513e-11
strength_lateral_HX_-1,TN-P032,N456,interior_applied_load,,39.4,249.0,206.455,-2.2643977651491465e-14,-8.319555897888668,1.090900538308847e-13,-2.5844940741131808e-12,1.2030627609305279e-12,-9.582323106657813e-13
strength_lateral_HX_-1,TN-P033,N196,interior_applied_load,,42.74,249.0,115.0,-5.230417136309522e-11,-9.80520753306246,1.2079323509793628e-11,-2.814484100260531e-14,-1.1981023017940203e-11,-1.4182010256206774e-12
strength_lateral_HX_-1,TN-P034,N457,interior_applied_load,,49.0,249.0,229.319,-2.610835991845306e-10,-7.273007100940717,-1.017112283285826e-09,-1.4416998425658959e-10,1.0689316931600246e-09,2.6324331603433393e-11
strength_lateral_HX_-1,TN-P035,N197,interface_action,BR-N-upper-2,50.25,249.0,115.0,-1989.3187584690263,2623.235368482735,-7.8298292410071255,95.35619513551177,884.6453876574589,873.2709170720807
strength_lateral_HX_-1,TN-P036,N617,interface_action,BR-N-upper-1,50.25,249.0,229.319,1284.380889662278,1712.1398644082735,-8.663260257608215,351.032403285301,-92.5305116381042,1808.2333010829832
strength_lateral_HX_-1,TN-P037,N198,interior_applied_load,,52.45,249.0,115.0,3.6493833697293403e-10,-1.133549936549148,1.4534880410405891e-08,-1.0288819400054194e-10,-1.3741111228090416e-09,8.37935668420098e-11
strength_lateral_HX_-1,TN-P038,N199,interface_action,N1 / U-W,53.25,249.0,115.0,1877.3639893583,-2543.6799478290804,97.95150183425913,-526.3387491480609,7000.595382453111,10659.533126026738
strength_lateral_HX_-1,TN-P039,N618,interface_action,N1 / U-W,53.25,249.0,229.319,-729.1403160406459,-2001.1396693148556,32.241898352588784,-240.647871473657,853.8613592628108,1672.554388197378
strength_lateral_HX_-1,TN-P040,N417,interface_action,N1 / U-W,56.25,249.0,207.0,1066.6019248252908,376.2403541633258,-34.896141488468785,-479.9466499878944,1296.37755915696,1207.8490319117718
strength_lateral_HX_-1,TN-P041,N418,interior_applied_load,,57.25,249.0,207.0,0.0,-6.714120945893228,0.0,-2.384185791015625e-07,-9.313225746154785e-10,2.384185791015625e-07
strength_lateral_HX_-1,TN-P042,N467,interior_applied_load,,57.25,249.0,209.5,-2.384185791015625e-07,-2.9891714518889785,1.1920928955078125e-07,-2.384185791015625e-07,-9.313225746154785e-10,-4.76837158203125e-07
strength_lateral_HX_-1,TN-P043,N468,interior_applied_load,,57.25,249.0,227.319,-4.4039105806525924e-08,-2.989171451706743,1.609794283985444e-08,1.5291387495119935e-07,-1.896284675963458e-10,-1.302071972464347e-07
strength_lateral_HX_-1,TN-P044,N619,interior_applied_load,,57.25,249.0,229.319,-4.397937549773416e-08,-3.461562484057574,-3.491550860547081e-08,-1.8490666766152822e-07,-1.1959239761073262e-09,-9.019410147039018e-07
strength_lateral_HX_-1,TN-P045,N200,interior_applied_load,,64.094,249.0,115.0,5.7165104427429095e-12,-10.334197531362989,1.656209385946315e-11,3.361399282589168e-13,4.3496942790524515e-11,1.425139328599464e-12
strength_lateral_HX_-1,TN-P046,N620,interior_applied_load,,66.5,249.0,229.319,5.746824514712118e-11,-6.008749997519673,9.36533207889007e-12,-1.9226743816272301e-13,-1.1438874266916496e-11,2.9720031622348844e-11
strength_lateral_HX_-1,TN-P047,N477,interior_applied_load,,68.75,249.0,218.16,0.0,-5.376241893318365,9.094947017729282e-13,1.8189894035458565e-12,-1.8189894035458565e-12,-2.1827872842550278e-11
strength_lateral_HX_-1,TN-P048,N419,interior_applied_load,,80.25,249.0,207.0,2.384185791015625e-07,-7.884249994647689,3.5762786865234375e-07,0.0,-1.1641532182693481e-10,0.0
strength_lateral_HX_-1,TN-P049,N469,interior_applied_load,,80.25,249.0,209.5,0.0,-2.989171451656148,-1.1920928955078125e-07,2.384185791015625e-07,1.1641532182693481e-10,2.384185791015625e-07
strength_lateral_HX_-1,TN-P050,N470,interior_applied_load,,80.25,249.0,227.319,9.776712386472264e-07,-2.989171451750115,3.7026004159890213e-07,9.161959863002167e-08,-3.349184602826812e-11,-6.027311701684024e-07
strength_lateral_HX_-1,TN-P051,N478,interior_applied_load,,80.25,249.0,229.319,-2.1180019737954616e-08,-12.795596944761156,1.576500481734322e-08,-3.4830191669081754e-08,-4.838417549504671e-10,-1.264430792332454e-07
strength_lateral_HX_-1,TN-P052,N201,interior_applied_load,,80.6,249.0,115.0,3.246802717373644e-11,-8.06867185887587,-1.2949619346924988e-12,5.153860883171188e-14,-5.720454060441853e-14,2.713433398706427e-12
strength_lateral_HX_-1,TN-P053,N202,interior_applied_load,,85.448,249.0,115.0,1.2554894921389362e-11,-9.900457189075329,-1.5946319400610203e-11,2.406708403499256e-13,-1.5530055688670138e-10,1.9379498606119123e-12
strength_lateral_HX_-1,TN-P054,N479,interior_applied_load,,92.25,249.0,218.16,7.275957614183426e-12,-5.497868662743713,-9.094947017729282e-13,-1.6370904631912708e-11,-5.4569682106375694e-12,3.637978807091713e-12
strength_lateral_HX_-1,TN-P055,N621,interior_applied_load,,94.667,249.0,229.319,-1.852879122156076e-11,-6.270000052126851,1.8073774007875935e-12,3.8235273346570027e-11,1.241539014838066e-10,-3.09412981994802e-11
strength_lateral_HX_-1,TN-P056,N420,interior_applied_load,,104.25,249.0,207.0,0.0,-13.54986866004765,-1.1920928955078125e-07,-2.384185791015625e-07,-9.313225746154785e-10,0.0
strength_lateral_HX_-1,TN-P057,N471,interior_applied_load,,104.25,249.0,209.5,0.0,-2.989171452820301,1.1920928955078125e-07,2.384185791015625e-07,-4.889443516731262e-09,0.0
strength_lateral_HX_-1,TN-P058,N472,interior_applied_load,,104.25,249.0,227.319,3.519731233553314e-07,-2.989171451099611,-1.6038407886498351e-07,-2.4345450960749915e-08,-9.488297431701403e-11,4.2845292422266645e-07
strength_lateral_HX_-1,TN-P059,N622,interior_applied_load,,104.25,249.0,229.319,1.667064919206094e-07,-7.3585416689910605,-1.0817850114912827e-07,2.1282660411613315e-08,1.4474544284940474e-10,-2.5895794299614705e-07
strength_lateral_HX_-1,TN-P060,N203,interior_applied_load,,106.802,249.0,115.0,1.107060864520586e-10,-8.804692169790412,-8.95039686806443e-10,1.6746070192781366e-13,4.256258678430765e-10,1.3436066865793802e-10
strength_lateral_HX_-1,TN-P061,N204,interior_applied_load,,108.75,249.0,115.0,-1.1016298488677368e-10,-8.06867185890657,-3.137253694968006e-10,1.333824193948341e-13,2.68225838959419e-10,2.5584578733856548e-11
strength_lateral_HX_-1,TN-P062,N480,interior_applied_load,,116.25,249.0,218.16,2.9103830456733704e-11,-5.497868662772817,6.821210263296962e-13,-1.4551915228366852e-11,2.3646862246096134e-11,-3.637978807091713e-12
strength_lateral_HX_-1,TN-P063,N623,interior_applied_load,,122.833,249.0,229.319,-1.5749717902774708e-10,-6.2699999859942945,5.2144029444262506e-11,-1.5870063157893153e-11,-7.214022248136262e-11,-2.0841931665160905e-10
strength_lateral_HX_-1,TN-P064,N205,interior_applied_load,,128.156,249.0,115.0,1.2848929020581076e-11,-10.63647750000589,8.40676743711381e-12,4.1316865095252036e-14,-3.4173009183497736e-11,6.275754375342103e-12
strength_lateral_HX_-1,TN-P065,N421,interior_applied_load,,128.25,249.0,207.0,2.384185791015625e-07,-7.884249988943338,1.1920928955078125e-07,1.1920928955078125e-07,0.0,-2.384185791015625e-07
strength_lateral_HX_-1,TN-P066,N473,interior_applied_load,,128.25,249.0,209.5,0.0,-2.9891714565455914,0.0,0.0,0.0,0.0
strength_lateral_HX_-1,TN-P067,N474,interior_applied_load,,128.25,249.0,227.319,-6.827351415189531e-07,-2.9891714533052194,-1.5048993966260138e-07,-1.773159592766138e-07,2.4963314138431035e-10,6.286932007493196e-07
strength_lateral_HX_-1,TN-P068,N481,interior_applied_load,,128.25,249.0,229.319,-2.010025844614223e-08,-12.795596947400911,3.393982988275777e-08,2.4349787627167846e-07,-5.047922382494467e-11,9.401191634281751e-07
strength_lateral_HX_-1,TN-P069,N206,interior_applied_load,,136.9,249.0,115.0,4.6093578195039776e-11,-8.068671858872145,-1.4656940140971004e-11,6.79060807186938e-14,-7.13063762685581e-11,2.965228456557335e-11
strength_lateral_HX_-1,TN-P070,N482,interior_applied_load,,139.75,249.0,218.16,1.4551915228366852e-11,-5.376241893318365,-3.410605131648481e-13,3.637978807091713e-12,-2.7284841053187847e-12,2.546585164964199e-11
strength_lateral_HX_-1,TN-P071,N207,interior_applied_load,,149.51,249.0,115.0,3.1412786627200514e-11,-10.63647749999971,-1.8571953140947492e-12,-1.3940374367709762e-14,-4.6420239298378596e-11,2.441757485262149e-12
strength_lateral_HX_-1,TN-P072,N624,interior_applied_load,,151.0,249.0,229.319,1.085167511405416e-09,-6.008749947486129,-5.1323701844019354e-08,2.36471560441574e-12,1.4636048761840215e-09,8.953412400369842e-09
strength_lateral_HX_-1,TN-P073,N422,interior_applied_load,,151.25,249.0,207.0,-2.384185791015625e-07,-6.714120950549841,1.1920928955078125e-07,-1.1920928955078125e-07,4.656612873077393e-10,2.384185791015625e-07
strength_lateral_HX_-1,TN-P074,N475,interior_applied_load,,151.25,249.0,209.5,2.384185791015625e-07,-2.989171452820301,0.0,-1.1920928955078125e-07,0.0,0.0
strength_lateral_HX_-1,TN-P075,N476,interior_applied_load,,151.25,249.0,227.319,-7.846605526440342e-08,-2.9891714506317104,-4.1777898016071013e-08,-2.040135141379018e-08,-3.0412461543608917e-10,6.256949686145319e-07
strength_lateral_HX_-1,TN-P076,N625,interior_applied_load,,151.25,249.0,229.319,2.1586723497613036e-07,-1.1103125424275346,2.5138112870817797e-08,-5.390516495042504e-08,7.367334665941971e-09,8.082211235692534e-07
strength_lateral_HX_-1,TN-P077,N423,interior_applied_load,,152.25,249.0,207.0,3.754059980823948e-09,-0.16774992542831077,-3.0273520761418877e-08,-2.0922650076830954e-09,-3.297269223975484e-08,-1.5887162244890904e-08
strength_lateral_HX_-1,TN-P078,N411,interior_applied_load,,155.25,249.0,120.0,-1.3375671950754092e-12,-13.810985069616146,9.154230103018756e-13,1.4302183359830688e-11,1.1023651895524505e-13,-1.4303088765472862e-11
strength_lateral_HX_-1,TN-P079,N412,interior_applied_load,,155.25,249.0,146.657,2.8407712790304555e-12,-27.62197013924512,-3.0202024108765185e-13,-3.667750053821766e-12,-4.662042019264277e-14,8.112432750589239e-12
strength_lateral_HX_-1,TN-P080,N413,interior_applied_load,,155.25,249.0,173.314,9.37891020276207e-13,-27.621970139244205,1.4557673090299693e-12,9.945914218248458e-12,1.1023651895524505e-13,-4.428390493662616e-11
strength_lateral_HX_-1,TN-P081,N414,interior_applied_load,,155.25,249.0,199.971,1.3693823561761734e-10,-17.45272986148047,7.682214281735259e-12,-1.0323649075495162e-11,-6.960237417681815e-13,-2.625447997368515e-10
strength_lateral_HX_-1,TN-P082,N415,interior_applied_load,,155.25,249.0,207.0,-8.270433922322789e-09,-13.810985151447047,-2.807944376494031e-08,3.4737310299547284e-09,4.642636220429797e-08,-1.627470655928487e-07
strength_lateral_HX_-1,TN-P083,N416,interior_applied_load,,155.25,249.0,226.628,0.0,-10.169240277260542,0.0,0.0,-4.656612873077393e-10,0.0
strength_lateral_HX_-1,TN-P084,N626,interior_applied_load,,155.25,249.0,229.319,0.0,-2.2859374806284904,0.0,0.0,4.656612873077393e-10,0.0
strength_lateral_HX_-1,TN-P085,N458,interior_applied_load,,160.0,249.0,229.319,5.872297355145143e-11,-10.647879345784935,-2.569992051085454e-11,-1.646740524067771e-12,-3.6324652865049756e-11,3.0611195561998765e-10
strength_lateral_HX_-1,TN-P086,N208,interior_applied_load,,165.05,249.0,115.0,-6.5528038893341126e-12,-8.068671858874023,-1.6608248261777246e-11,-1.1235471745385334e-13,6.617442861316287e-11,-5.596988372485452e-11
strength_lateral_HX_-1,TN-P087,N209,interior_applied_load,,170.865,249.0,115.0,2.7678680892620153e-11,-5.648857485663002,8.439788865000382e-12,3.108490528950747e-13,1.4362622179160882e-11,1.739610781941353e-10
strength_lateral_HX_-1,TN-P088,N459,interior_applied_load,,172.85,249.0,206.455,-6.844954003024784e-13,-8.7993004027938,5.1822379116181245e-14,6.926585760979688e-13,-3.1395975035136533e-13,4.864845657965684e-12
strength_lateral_HX_-1,TN-P089,N627,interior_applied_load,,179.167,249.0,229.319,7.013821215218418e-11,-5.22500003498016,3.639729017269635e-10,-3.497201662166561e-13,-1.2717853908414865e-10,-1.5768776904604963e-09
strength_lateral_HX_-1,TN-P090,N210,interior_applied_load,,180.0,249.0,115.0,-3.813719806622373e-08,-8.068671959038769,3.46498651992988e-09,2.8654079997636472e-08,-5.187310177335008e-10,5.599538532852222e-08
strength_lateral_HX_-1,TN-P091,N434,interior_applied_load,,180.0,249.0,117.5,-3.010928048268439e-08,-4.605542856479111,2.369385545676882e-09,1.155419704679561e-08,2.2106248618878106e-10,3.108107898213484e-08
strength_lateral_HX_-1,TN-P092,N435,interior_applied_load,,180.0,249.0,144.955,-1.2589757979723476e-13,-9.211085725881357,7.703539007218479e-14,-4.3256097058715484e-13,2.8228800911098315e-14,5.645109319087111e-12
strength_lateral_HX_-1,TN-P093,N436,interior_applied_load,,180.0,249.0,172.41,-8.194786153008574e-14,-9.211085725881082,-8.47110120380476e-15,5.273936190724264e-13,-1.9870021269783056e-14,1.847951184674277e-11
strength_lateral_HX_-1,TN-P094,N437,interior_applied_load,,180.0,249.0,199.864,1.531652938061326e-13,-9.211085725880203,-2.0911126241269342e-15,1.2054092008301405e-12,1.6296895028317519e-15,2.0700796132324953e-12
strength_lateral_HX_-1,TN-P095,N438,interior_applied_load,,180.0,249.0,227.319,4.76837158203125e-07,-4.605542868375778,7.450580596923828e-08,5.960464477539063e-08,-5.820766091346741e-11,4.76837158203125e-07
strength_lateral_HX_-1,TN-P096,N628,interior_applied_load,,180.0,249.0,229.319,-4.76837158203125e-07,-7.358541667461395,-1.4901161193847656e-08,0.0,5.820766091346741e-11,0.0
strength_lateral_HX_-1,TN-P097,N460,interior_applied_load,,185.7,249.0,183.592,6.458805524466005e-13,-8.799300402799908,-1.9033077995839608e-14,1.1599545119452852e-12,8.752931787071803e-13,-1.0931000616261458e-12
strength_lateral_HX_-1,TN-P098,N211,interior_applied_load,,192.219,249.0,115.0,8.3398772713653e-11,-4.987620011806474,-1.2258046777016905e-10,-3.716006504910837e-13,2.647292210710873e-11,1.251994315803774e-09
strength_lateral_HX_-1,TN-P099,N212,interior_applied_load,,193.2,249.0,115.0,-2.4036956765856267e-10,-8.068671861075334,-1.2744267462663575e-10,1.3615193866532741e-12,1.1715444171527457e-11,1.6286773518437676e-09
strength_lateral_HX_-1,TN-P100,N461,interior_applied_load,,198.55,249.0,160.728,-4.492438243907453e-12,-8.799300402792511,6.911346395937596e-15,6.594291711021532e-13,1.306475015991312e-12,7.247849601658373e-12
strength_lateral_HX_-1,TN-P101,N629,interior_applied_load,,207.333,249.0,229.319,-1.676198736335814e-11,-11.560312498838496,-6.635460048471799e-12,-9.571164833178143e-13,3.100653412369282e-11,-3.120094135906278e-11
strength_lateral_HX_-1,TN-P102,N462,interior_applied_load,,211.4,249.0,137.864,5.4569682106375694e-12,-8.799300402803055,7.283063041541027e-14,5.684341886080802e-14,-6.927791673660977e-13,-1.546140993013978e-11
strength_lateral_HX_-1,TN-P103,N213,interior_applied_load,,213.573,249.0,115.0,3.5926635973730937e-11,-10.636477499998577,-4.756116630435397e-13,4.707588367719452e-13,1.9208529140414877e-12,5.064401133916427e-12
strength_lateral_HX_-1,TN-P104,N214,interior_applied_load,,221.35,249.0,115.0,6.103835119269288e-11,-4.034335929677052,-3.871782219642809e-12,7.132446112045062e-12,-6.724236433603553e-11,-4.6476585997546753e-10
strength_lateral_HX_-1,TN-P105,N215,interface_action,N2; T-E,224.25,249.0,115.0,157.41111973843726,527.2457645651175,-71.11606803374615,746.5395290139928,2561.0208266104605,-2210.298512041348
strength_lateral_HX_-1,TN-P106,N439,interface_action,T-E,224.25,249.0,117.5,34.11045611045456,-442.42238413644577,102.59457413165235,-1081.7389523641043,-782.168449602989,127.82234356297285
strength_lateral_HX_-1,TN-P107,N185,interface_action,T-E,224.25,249.0,120.0,-3.119698941378804,241.98299046659608,-1.0385035541640855,-64.36192131328517,-129.9831099412645,99.23852848759223
strength_lateral_HX_-1,TN-P108,N440,interior_applied_load,,224.25,249.0,144.955,-2.2382096176443156e-13,-9.211085725884963,-4.973799150320701e-14,1.7053025658242404e-13,0.0,-1.7337242752546445e-12
strength_lateral_HX_-1,TN-P109,N441,interior_applied_load,,224.25,249.0,172.41,-5.684341886080802e-14,-9.211085725884004,-2.842170943040401e-14,-6.821210263296962e-13,-1.7053025658242404e-13,2.7284841053187847e-12
strength_lateral_HX_-1,TN-P110,N442,interior_applied_load,,224.25,249.0,199.864,2.2737367544323206e-13,-9.211085725883095,5.684341886080802e-14,6.821210263296962e-13,4.953837975411559e-14,-2.7284841053187847e-12
strength_lateral_HX_-1,TN-P111,N443,interior_applied_load,,224.25,249.0,227.319,-5.758659515353592e-07,-4.605542862317423,2.3571725335513882e-06,7.158733504875059e-07,-8.882069668632349e-11,-1.5693832454699574e-06
strength_lateral_HX_-1,TN-P112,N463,interface_action,N2; T-E top / segment 4,224.25,249.0,229.319,-2292.6952040289098,-112.2408069022799,33.97193528999752,-228.75121408795306,3393.198726116832,4268.238068744041
strength_lateral_HX_-1,TN-P113,N464,interior_applied_load,,230.312,249.0,200.739,-1.0250091212193617e-12,-9.80187770426051,-8.215593669627625e-14,-2.685417016781847e-12,5.0633760867462084e-14,-1.7309775563242162e-14
strength_lateral_HX_-1,TN-P114,N630,interior_applied_load,,235.5,249.0,229.319,5.003831408596711e-11,-6.424304462980768,3.320032326128161e-12,-5.970010839953108e-11,3.729768334095593e-11,-3.396820097388763e-10
strength_lateral_HX_-1,TN-P115,N465,interior_applied_load,,236.375,249.0,172.16,3.8291054347712046e-13,-9.801877704266149,-5.346100272947869e-14,1.8527700438330075e-12,-6.174983387368855e-13,4.01945919111512e-12
strength_lateral_HX_-1,TN-P116,N466,interior_applied_load,,242.438,249.0,143.58,-9.094947017729282e-13,-9.801877704254366,5.684341886080802e-14,-4.547473508864641e-13,8.526512829121202e-14,-3.637978807091713e-12
strength_lateral_HX_-1,TN-P117,N216,interior_applied_load,,248.5,249.0,115.0,-1.1920928955078125e-07,-14.441651322413236,-7.450580596923828e-09,-2.9802322387695312e-08,0.0,2.384185791015625e-07
strength_lateral_HX_-1,TN-P118,N444,interior_applied_load,,248.5,249.0,117.5,0.0,-4.470258477609605,0.0,0.0,2.3283064365386963e-10,1.1920928955078125e-07
strength_lateral_HX_-1,TN-P119,N445,interior_applied_load,,248.5,249.0,144.148,1.4487713540616088e-13,-8.940516968502271,3.651057610441334e-13,-1.0029723184097366e-11,-1.1231732922533736e-14,4.592232936535647e-12
strength_lateral_HX_-1,TN-P120,N446,interior_applied_load,,248.5,249.0,170.797,-1.3481136318987957e-13,-8.940516968502763,2.709399642229583e-14,3.654382052773217e-11,3.759530552282719e-14,-4.4746473968305697e-13
strength_lateral_HX_-1,TN-P121,N447,interior_applied_load,,248.5,249.0,197.445,-2.452026157474883e-14,-8.940516968503589,-8.1878010387096e-13,-2.7855068773193194e-11,5.908403054935744e-15,8.331122495893666e-12
strength_lateral_HX_-1,TN-P122,N448,interior_applied_load,,248.5,249.0,224.093,-1.8528814872392082e-08,-4.4702584847436615,-4.157637494937649e-07,-3.0821942486417003e-07,8.622343748146383e-10,-2.7334684887549244e-08
strength_lateral_HX_-1,TN-P123,N631,interior_applied_load,,248.5,249.0,226.324,-2.892394376132124e-07,-3.753337507573312,3.188013125965336e-08,9.324748128317659e-08,-2.5778198344668485e-09,-5.498026110836418e-07
strength_lateral_HX_-1,TN-P124,N217,interior_applied_load,,249.5,249.0,115.0,9.870970707481774e-11,-0.37785001822234676,3.885340590925601e-10,5.80445240483396e-12,4.0743977636203965e-11,1.4011334453778446e-09
strength_lateral_HX_-1,TN-P125,N632,interior_applied_load,,249.5,249.0,226.093,-4.0188309220140924e-10,-0.2680955394456334,-2.0778088719580503e-09,-2.825896937763719e-10,5.731599214652414e-10,1.858345298260069e-09
strength_lateral_HX_2,TN-P001,N147,interface_action,BR-N-upper-1; T-W / B-WO; W4,-32.0,249.0,115.0,-868.496292290019,-1143.7771907775664,289.4194655197627,2264.0352663406857,-9931.650018083761,-2543.082423389498
strength_lateral_HX_2,TN-P002,N555,interface_action,BR-N-upper-2; T-W top / segment 2; W4,-32.0,249.0,226.093,-586.2944065070152,615.2380400676533,-3.1166877145917,2865.196006243164,-6284.556605988315,-351.24292962850376
strength_lateral_HX_2,TN-P003,N188,interior_applied_load,,-31.0,249.0,115.0,3.4941058402182534e-07,-9.001740386102028,1.7547478137203143e-07,-9.870518624666147e-08,6.453802825490129e-09,9.475934348301962e-08
strength_lateral_HX_2,TN-P004,N424,interior_applied_load,,-31.0,249.0,117.5,6.179067119561233e-08,-4.4702584811017685,-1.407076205058143e-08,2.7503198672007348e-08,-4.303048502610426e-10,-1.3345835153274908e-07
strength_lateral_HX_2,TN-P005,N425,interior_applied_load,,-31.0,249.0,144.148,2.787580275427412e-13,-8.940516968500214,-3.399695110384115e-14,8.38660011996345e-12,-2.0463592810915048e-13,4.132929796673176e-12
strength_lateral_HX_2,TN-P006,N426,interior_applied_load,,-31.0,249.0,170.797,1.1585925089611317e-13,-8.940516968501651,-3.0746964787031487e-13,2.283750908499854e-12,1.6351459769662774e-13,-3.787873757471074e-12
strength_lateral_HX_2,TN-P007,N427,interior_applied_load,,-31.0,249.0,197.445,2.8762673446453603e-13,-8.940516968505388,-2.7366774508422687e-13,-4.294832553852114e-12,1.2619584473071373e-13,-4.137176107977074e-12
strength_lateral_HX_2,TN-P008,N428,interior_applied_load,,-31.0,249.0,224.093,-9.5367431640625e-07,-4.470258483663201,1.9073486328125e-06,0.0,0.0,0.0
strength_lateral_HX_2,TN-P009,N613,interior_applied_load,,-31.0,249.0,226.324,4.76837158203125e-07,-3.753337509930134,0.0,-3.814697265625e-06,8.195638656616211e-08,0.0
strength_lateral_HX_2,TN-P010,N449,interior_applied_load,,-23.25,249.0,143.58,1.8189894035458565e-12,-9.934808889396663,-2.8421709430404007e-13,-4.092726157978177e-12,-5.002220859751105e-12,2.7284841053187847e-12
strength_lateral_HX_2,TN-P011,N189,interior_applied_load,,-21.323,249.0,115.0,-2.0271580915871776e-11,-10.25862748601949,8.241606966312037e-13,3.240056811831102e-13,8.497308944234904e-13,4.2129094668166596e-12
strength_lateral_HX_2,TN-P012,N614,interior_applied_load,,-18.0,249.0,229.319,1.0238139278142319e-10,-8.187741967345511,4.059374039224217e-11,3.5973267678493494e-11,1.4561511274721996e-11,2.354362482345881e-10
strength_lateral_HX_2,TN-P013,N450,interior_applied_load,,-15.5,249.0,172.16,1.4202986354637163e-12,-9.934808889401731,5.92674995605342e-14,-3.260159377302486e-12,-2.938118180543943e-12,1.1295519950340769e-11
strength_lateral_HX_2,TN-P014,N451,interior_applied_load,,-7.75,249.0,200.739,-1.888045125289649e-12,-9.934808889413063,3.229242644365223e-13,3.43040562976022e-12,-1.0609063468506735e-12,2.352323776737605e-12
strength_lateral_HX_2,TN-P015,N190,interior_applied_load,,-3.85,249.0,115.0,-5.965929562543105e-11,-8.056864092473177,-8.902261034061995e-12,1.5527303170426144e-12,-1.549581988714786e-11,3.614791186884173e-12
strength_lateral_HX_2,TN-P016,N191,interior_applied_load,,0.0,249.0,115.0,1.6989174156378795e-07,-1.466535715011136,-2.6521672808144103e-05,9.445678017527825e-09,1.2181098999476546e-06,-4.025019926245932e-07
strength_lateral_HX_2,TN-P017,N429,interior_applied_load,,0.0,249.0,117.5,-1.6822754001395933e-07,-4.605542862039224,-5.0272215175782075e-08,4.9013481612428255e-08,1.4466903717011784e-10,-2.924237000545342e-08
strength_lateral_HX_2,TN-P018,N430,interior_applied_load,,0.0,249.0,144.955,-2.4748076201331473e-13,-9.211085725883503,4.1611785607971186e-14,-5.312416961338522e-12,-1.2068689125069904e-13,-4.7152370576777284e-12
strength_lateral_HX_2,TN-P019,N431,interior_applied_load,,0.0,249.0,172.41,4.811980888859346e-14,-9.211085725883336,1.3571831000234989e-13,-2.3032633436304277e-12,4.538999056052501e-15,2.2521693375879167e-12
strength_lateral_HX_2,TN-P020,N432,interior_applied_load,,0.0,249.0,199.864,-5.011041232616318e-13,-9.211085725884082,5.972056589016957e-14,-1.977065437097181e-12,-1.2416244830418882e-13,-3.3583621894251335e-12
strength_lateral_HX_2,TN-P021,N433,interior_applied_load,,0.0,249.0,227.319,1.9073486328125e-06,-4.605542863719165,-9.5367431640625e-07,-9.5367431640625e-07,0.0,-9.5367431640625e-07
strength_lateral_HX_2,TN-P022,N452,interior_applied_load,,-0.0,249.0,229.319,-1.9073486328125e-06,-12.325946113094687,2.86102294921875e-06,-1.9073486328125e-06,0.0,-9.5367431640625e-07
strength_lateral_HX_2,TN-P023,N192,interior_applied_load,,0.031,249.0,115.0,-1.1727605516536243e-08,-0.37784529304770503,6.123666323557636e-05,-2.562590724406266e-12,-1.5161252686486413e-07,-4.486515874997337e-08
strength_lateral_HX_2,TN-P024,N193,interior_applied_load,,1.0,249.0,115.0,-9.00399754755199e-10,-12.228449808440928,1.890839484985918e-09,3.069544618483633e-11,3.659238245745655e-09,-5.293259164318442e-10
strength_lateral_HX_2,TN-P025,N615,interior_applied_load,,10.167,249.0,229.319,8.476981438024652e-11,-10.014583343901991,3.5395090173944123e-12,-5.765321498285921e-13,3.268051676322937e-11,7.015297314820489e-12
strength_lateral_HX_2,TN-P026,N453,interior_applied_load,,10.6,249.0,137.864,-3.637978807091713e-12,-8.319555897895043,-1.9895196601282805e-13,-3.865352482534945e-11,7.958078640513122e-13,-1.0913936421275139e-11
strength_lateral_HX_2,TN-P027,N454,interior_applied_load,,20.2,249.0,160.728,9.455054379834631e-12,-8.319555897873677,2.7520066050118046e-13,5.317471258518652e-12,2.835677112525637e-12,7.595096592300711e-12
strength_lateral_HX_2,TN-P028,N194,interior_applied_load,,21.385,249.0,115.0,2.237143400866222e-10,-8.80390496411555,-2.4441590780365494e-11,-2.289410287974628e-13,2.015767934694339e-11,2.1422912198607645e-11
strength_lateral_HX_2,TN-P029,N195,interior_applied_load,,24.3,249.0,115.0,-3.020157220441889e-11,-8.068671965242487,-4.080923242688972e-11,4.2311492510851517e-13,3.519977826145777e-11,7.787947238671241e-13
strength_lateral_HX_2,TN-P030,N455,interior_applied_load,,29.8,249.0,183.592,-4.2870120686201566e-12,-8.319555897904808,3.62168311621274e-13,2.2380709968037045e-13,7.348093136178513e-12,2.7572985142448094e-11
strength_lateral_HX_2,TN-P031,N616,interior_applied_load,,38.333,249.0,229.319,1.2325251002055934e-10,-10.145208349135494,-1.1628250106399811e-12,4.0735031671437703e-13,1.5865408185155447e-11,2.183111593092665e-12
strength_lateral_HX_2,TN-P032,N456,interior_applied_load,,39.4,249.0,206.455,2.5917600059370487e-12,-8.319555897893462,-1.440870142105659e-12,1.3854900726258354e-12,-2.8892802786582044e-12,1.5148936448349783e-12
strength_lateral_HX_2,TN-P033,N196,interior_applied_load,,42.74,249.0,115.0,1.575011860154471e-10,-9.805207533059454,-1.6983072446422537e-12,-1.4099225078264683e-13,4.72734165729917e-11,7.409088175493709e-12
strength_lateral_HX_2,TN-P034,N457,interior_applied_load,,49.0,249.0,229.319,1.0579981335467892e-11,-7.27300710017026,-1.9760850733518964e-09,2.549635777981111e-10,2.1136385974784844e-09,2.6367458216824957e-10
strength_lateral_HX_2,TN-P035,N197,interface_action,BR-N-upper-2,50.25,249.0,115.0,3840.876845532532,-5253.063471466008,13.262916674528054,-314.506359597688,-1878.961411437544,808.3384772789872
strength_lateral_HX_2,TN-P036,N617,interface_action,BR-N-upper-1,50.25,249.0,229.319,-2376.1171670681956,-3317.668128247643,17.993725565793582,-658.5787175898304,261.3528418265411,-1579.280795942873
strength_lateral_HX_2,TN-P037,N198,interior_applied_load,,52.45,249.0,115.0,-1.0350447004469836e-09,-1.1335499334965262,-2.5067831125204598e-09,1.290797675860441e-10,-6.7179218521286865e-09,-6.507266196214159e-10
strength_lateral_HX_2,TN-P038,N199,interface_action,N1 / U-W,53.25,249.0,115.0,-3776.0049002686565,5310.954523332413,-191.47237274764402,1344.3170998938754,-13610.607433828329,-19267.53882113112
strength_lateral_HX_2,TN-P039,N618,interface_action,N1 / U-W,53.25,249.0,229.319,1113.0595383179848,4057.2470653410173,-61.261568227401995,364.8942512612164,-1912.9438505603282,-6529.499114523867
strength_lateral_HX_2,TN-P040,N417,interface_action,N1 / U-W,56.25,249.0,207.0,-1693.0670347487899,-321.9887272573551,62.611495494422336,915.5316008944751,-2443.1384088233976,-1796.7471538637174
strength_lateral_HX_2,TN-P041,N418,interior_applied_load,,57.25,249.0,207.0,4.76837158203125e-07,-6.714120946824551,5.960464477539063e-08,5.960464477539063e-08,1.862645149230957e-09,-4.76837158203125e-07
strength_lateral_HX_2,TN-P042,N467,interior_applied_load,,57.25,249.0,209.5,0.0,-2.9891714490950108,-5.960464477539063e-08,0.0,1.862645149230957e-09,0.0
strength_lateral_HX_2,TN-P043,N468,interior_applied_load,,57.25,249.0,227.319,-8.047797840082804e-07,-2.989171449356588,-5.3437658187327486e-08,-1.824041739872939e-08,-1.052977630101654e-09,4.924372541403876e-07
strength_lateral_HX_2,TN-P044,N619,interior_applied_load,,57.25,249.0,229.319,-1.6206448825498647e-07,-3.4615624840906465,-1.7623886231175002e-09,-1.9133551849848452e-08,2.423839999620993e-09,8.553432343939346e-07
strength_lateral_HX_2,TN-P045,N200,interior_applied_load,,64.094,249.0,115.0,-2.1435118832668282e-11,-10.334197531352856,-1.209885523330622e-12,-1.5189953955529858e-13,2.305837791196956e-10,-5.5281397879513713e-11
strength_lateral_HX_2,TN-P046,N620,interior_applied_load,,66.5,249.0,229.319,-9.224579715671106e-11,-6.008749997520763,-4.3523987542495475e-12,9.098252017222975e-13,1.3935989052415843e-11,-1.2413789636042953e-10
strength_lateral_HX_2,TN-P047,N477,interior_applied_load,,68.75,249.0,218.16,-2.9103830456733704e-11,-5.376241893332917,-2.2737367544323206e-13,-9.094947017729282e-13,9.094947017729282e-13,1.4551915228366852e-11
strength_lateral_HX_2,TN-P048,N419,interior_applied_load,,80.25,249.0,207.0,-4.76837158203125e-07,-7.884249992668629,-2.384185791015625e-07,-7.152557373046875e-07,0.0,-4.76837158203125e-07
strength_lateral_HX_2,TN-P049,N469,interior_applied_load,,80.25,249.0,209.5,0.0,-2.989171450957656,1.1920928955078125e-07,0.0,-4.656612873077393e-10,-4.76837158203125e-07
strength_lateral_HX_2,TN-P050,N470,interior_applied_load,,80.25,249.0,227.319,2.3217120012630765e-07,-2.989171452495026,-6.625795678782964e-08,1.5432673583504197e-08,1.674079228011704e-11,-1.1183892239530202e-06
strength_lateral_HX_2,TN-P051,N478,interior_applied_load,,80.25,249.0,229.319,-1.325407081509798e-07,-12.795596944448183,5.4188589214375325e-08,-2.761199968432568e-08,6.637863857721264e-11,-1.4629698501672364e-06
strength_lateral_HX_2,TN-P052,N201,interior_applied_load,,80.6,249.0,115.0,-1.3481385167575848e-10,-8.068671858882473,-1.3439061443430021e-13,-1.3946343788647602e-13,2.3654998411085675e-11,-6.9200862399489834e-12
strength_lateral_HX_2,TN-P053,N202,interior_applied_load,,85.448,249.0,115.0,1.433111363181465e-10,-9.900457189089169,-4.894789323701172e-11,-1.0918491149963442e-13,4.4226932754703397e-10,3.3539783296829464e-11
strength_lateral_HX_2,TN-P054,N479,interior_applied_load,,92.25,249.0,218.16,5.820766091346741e-11,-5.49786866280192,-1.3642420526593924e-12,5.4569682106375694e-12,-1.0913936421275139e-11,0.0
strength_lateral_HX_2,TN-P055,N621,interior_applied_load,,94.667,249.0,229.319,-7.889705025791036e-11,-6.270000052131313,-1.2352072594105785e-12,1.4486873895527984e-11,5.653605439846493e-11,5.134011901320347e-10
strength_lateral_HX_2,TN-P056,N420,interior_applied_load,,104.25,249.0,207.0,0.0,-13.54986866377294,1.1920928955078125e-07,-1.1920928955078125e-07,4.656612873077393e-10,0.0
strength_lateral_HX_2,TN-P057,N471,interior_applied_load,,104.25,249.0,209.5,-4.76837158203125e-07,-2.989171450957656,-3.5762786865234375e-07,0.0,-5.122274160385132e-09,0.0
strength_lateral_HX_2,TN-P058,N472,interior_applied_load,,104.25,249.0,227.319,1.3041103250066577e-07,-2.9891714522142925,1.0321067961394093e-07,8.619180780211622e-08,-1.672089293880868e-10,4.5633081352525195e-07
strength_lateral_HX_2,TN-P059,N622,interior_applied_load,,104.25,249.0,229.319,2.3083710513433625e-07,-7.358541665802442,-3.6074093125744293e-08,6.419991352403454e-08,2.693978937370464e-10,-2.7704138338878557e-07
strength_lateral_HX_2,TN-P060,N203,interior_applied_load,,106.802,249.0,115.0,-1.1778754072962476e-10,-8.804692170289796,4.2382841316250476e-10,-2.6802077815614342e-14,-3.817809358056146e-10,-4.171695989493627e-10
strength_lateral_HX_2,TN-P061,N204,interior_applied_load,,108.75,249.0,115.0,5.175317789993306e-11,-8.068671858757025,9.009333340404402e-12,8.571287261288892e-15,-3.9438011672928097e-10,-2.9519890828690335e-10
strength_lateral_HX_2,TN-P062,N480,interior_applied_load,,116.25,249.0,218.16,-5.820766091346741e-11,-5.4978686627873685,1.3642420526593924e-12,2.7284841053187847e-12,-2.7284841053187847e-12,-1.4551915228366852e-11
strength_lateral_HX_2,TN-P063,N623,interior_applied_load,,122.833,249.0,229.319,-3.93025221469502e-10,-6.26999998600681,2.3866405356594008e-11,-4.89197758889515e-11,-8.534526032797524e-11,-6.423760379857651e-10
strength_lateral_HX_2,TN-P064,N205,interior_applied_load,,128.156,249.0,115.0,-4.357629306081085e-11,-10.636477499983087,-4.655245334698674e-13,1.667914070994426e-14,-1.774338330620247e-10,8.90119425944495e-11
strength_lateral_HX_2,TN-P065,N421,interior_applied_load,,128.25,249.0,207.0,4.76837158203125e-07,-7.884250000119209,0.0,-5.960464477539063e-08,0.0,-4.76837158203125e-07
strength_lateral_HX_2,TN-P066,N473,interior_applied_load,,128.25,249.0,209.5,-9.5367431640625e-07,-2.9891714490950108,-1.1920928955078125e-07,0.0,-9.313225746154785e-10,-9.5367431640625e-07
strength_lateral_HX_2,TN-P067,N474,interior_applied_load,,128.25,249.0,227.319,-1.5697764112893031e-06,-2.9891714482158096,-2.517237224219926e-08,-1.2605676358301565e-07,-8.018440370657708e-10,1.9679060746791155e-06
strength_lateral_HX_2,TN-P068,N481,interior_applied_load,,128.25,249.0,229.319,2.244349759898642e-06,-12.795596945013191,-1.0684816064099109e-07,6.720575352540368e-08,1.646864581364261e-09,5.941321461253905e-07
strength_lateral_HX_2,TN-P069,N206,interior_applied_load,,136.9,249.0,115.0,7.939308999116015e-11,-8.068671858897643,1.3985971532586069e-11,4.314181841040742e-14,-8.385069676492055e-11,3.576016321234041e-11
strength_lateral_HX_2,TN-P070,N482,interior_applied_load,,139.75,249.0,218.16,-7.275957614183426e-11,-5.37624189327471,-5.684341886080801e-13,1.8189894035458565e-12,-2.7284841053187847e-12,-5.093170329928398e-11
strength_lateral_HX_2,TN-P071,N207,interior_applied_load,,149.51,249.0,115.0,-1.1974221465071108e-10,-10.636477500000824,-6.401361970335516e-12,3.061153995599711e-14,4.52506148305696e-11,-1.1036541086878385e-11
strength_lateral_HX_2,TN-P072,N624,interior_applied_load,,151.0,249.0,229.319,-4.593793789808842e-09,-6.008750085691508,3.4256502079443862e-09,-1.6492503730516635e-11,2.372678997719646e-09,6.570049518317411e-09
strength_lateral_HX_2,TN-P073,N422,interior_applied_load,,151.25,249.0,207.0,-4.76837158203125e-07,-6.71412093937397,1.1920928955078125e-07,5.960464477539063e-08,-9.313225746154785e-10,-4.76837158203125e-07
strength_lateral_HX_2,TN-P074,N475,interior_applied_load,,151.25,249.0,209.5,0.0,-2.9891714490950108,5.960464477539063e-08,0.0,0.0,-4.76837158203125e-07
strength_lateral_HX_2,TN-P075,N476,interior_applied_load,,151.25,249.0,227.319,-4.7839531211457675e-08,-2.989171453557632,4.034126875329669e-07,1.0751254542196165e-07,1.0170552270428068e-09,-8.230611026893708e-07
strength_lateral_HX_2,TN-P076,N625,interior_applied_load,,151.25,249.0,229.319,-1.521982961882884e-07,-1.1103125849827857,-1.5612938541022595e-07,6.121725454976382e-08,2.2593151632541164e-08,-1.9017273635100335e-07
strength_lateral_HX_2,TN-P077,N423,interior_applied_load,,152.25,249.0,207.0,7.607652310779124e-09,-0.1677502411551181,7.924905456690517e-09,-1.7774765364324486e-09,1.9802161905025785e-08,-1.8138988386103452e-07
strength_lateral_HX_2,TN-P078,N411,interior_applied_load,,155.25,249.0,120.0,2.9509087330938077e-13,-13.810985069632165,7.272770554779988e-13,1.7551186137659006e-11,-2.653916168592835e-13,2.6299941758098023e-11
strength_lateral_HX_2,TN-P079,N412,interior_applied_load,,155.25,249.0,146.657,1.8624431137497157e-12,-27.621970139246788,-2.228108933773326e-12,1.3967937950861979e-11,2.9524021952347263e-13,-1.84099359885176e-11
strength_lateral_HX_2,TN-P080,N413,interior_applied_load,,155.25,249.0,173.314,-2.7429490125802583e-12,-27.621970139260444,5.737447473318678e-13,1.2218748049848024e-11,-2.653916168592835e-13,-8.208926634410184e-12
strength_lateral_HX_2,TN-P081,N414,interior_applied_load,,155.25,249.0,199.971,-1.2989352779447793e-10,-17.45272986151748,2.0434887133964137e-11,-4.7606995768744175e-11,5.118853827851205e-13,1.958973147020023e-10
strength_lateral_HX_2,TN-P082,N415,interior_applied_load,,155.25,249.0,207.0,8.266762360878054e-09,-13.810984777271935,-5.136609270133215e-08,3.646185336135905e-09,-3.6464931507484495e-08,5.0276705641815455e-08
strength_lateral_HX_2,TN-P083,N416,interior_applied_load,,155.25,249.0,226.628,0.0,-10.169240277260542,0.0,1.1920928955078125e-07,-4.656612873077393e-10,0.0
strength_lateral_HX_2,TN-P084,N626,interior_applied_load,,155.25,249.0,229.319,0.0,-2.2859374843537807,0.0,0.0,4.656612873077393e-10,0.0
strength_lateral_HX_2,TN-P085,N458,interior_applied_load,,160.0,249.0,229.319,-2.4372187142309137e-10,-10.647879345721655,-1.292454901248996e-10,3.888014257829227e-12,-1.719193780621028e-10,-2.2276837118819426e-10
strength_lateral_HX_2,TN-P086,N208,interior_applied_load,,165.05,249.0,115.0,1.3945077122147358e-10,-8.068671858877728,1.6000783469626664e-11,-3.9913505094421195e-14,-9.339411362325535e-11,-1.011755952845698e-11
strength_lateral_HX_2,TN-P087,N209,interior_applied_load,,170.865,249.0,115.0,-6.572515754528509e-11,-5.64885748557067,-7.62861590095568e-12,2.944411304131737e-13,3.021143217595718e-11,-4.935337157675754e-12
strength_lateral_HX_2,TN-P088,N459,interior_applied_load,,172.85,249.0,206.455,4.065365979476845e-12,-8.799300402815538,-4.117282973065478e-14,-1.4409244129382143e-12,-9.685356778317823e-13,-3.118287121590624e-12
strength_lateral_HX_2,TN-P089,N627,interior_applied_load,,179.167,249.0,229.319,-5.743382154267622e-10,-5.225000029179314,-4.880285851422021e-09,3.2897027328554996e-12,2.3658935280553362e-09,1.9191044878837114e-09
strength_lateral_HX_2,TN-P090,N210,interior_applied_load,,180.0,249.0,115.0,1.1390001702915598e-07,-8.068671975543833,2.4531736642074975e-08,-1.8672434265454285e-08,7.873926885632091e-10,-1.8620336106334179e-09
strength_lateral_HX_2,TN-P091,N434,interior_applied_load,,180.0,249.0,117.5,-7.767142718122894e-08,-4.605542867026282,4.983008817460675e-08,2.1655716783527427e-08,-2.3159577475074545e-12,-2.428410905901283e-07
strength_lateral_HX_2,TN-P092,N435,interior_applied_load,,180.0,249.0,144.955,-2.963669022439756e-13,-9.211085725891971,1.0499429360983611e-13,-2.2125250384243832e-12,-3.895459988437645e-15,-2.427984020366135e-12
strength_lateral_HX_2,TN-P093,N436,interior_applied_load,,180.0,249.0,172.41,-3.789779893783199e-13,-9.211085725878917,-1.9112129776063343e-14,-4.983578448253522e-13,2.0970997070713853e-14,-1.5009157823428224e-11
strength_lateral_HX_2,TN-P094,N437,interior_applied_load,,180.0,249.0,199.864,5.681779095836957e-13,-9.211085725889,-3.9375017433081734e-14,2.7077804367654796e-12,-5.3817983700543394e-15,1.4193746525423237e-11
strength_lateral_HX_2,TN-P095,N438,interior_applied_load,,180.0,249.0,227.319,0.0,-4.605542857199907,-4.76837158203125e-07,4.76837158203125e-07,0.0,-9.5367431640625e-07
strength_lateral_HX_2,TN-P096,N628,interior_applied_load,,180.0,249.0,229.319,9.5367431640625e-07,-7.358541674911976,0.0,-9.5367431640625e-07,6.51925802230835e-09,1.9073486328125e-06
strength_lateral_HX_2,TN-P097,N460,interior_applied_load,,185.7,249.0,183.592,2.746991972141212e-12,-8.79930040280783,1.156709414405925e-13,4.5551032673254955e-12,1.5045799182213805e-12,2.5544524057432656e-11
strength_lateral_HX_2,TN-P098,N211,interior_applied_load,,192.219,249.0,115.0,-2.5184412248260433e-10,-4.987620013712083,8.570558290373669e-10,-6.696914822835157e-13,-1.1820307457435572e-10,3.2937894688316844e-10
strength_lateral_HX_2,TN-P099,N212,interior_applied_load,,193.2,249.0,115.0,4.1982088102588087e-10,-8.0686718577711,7.538680118237347e-10,1.154111615520343e-12,-9.032671870822735e-10,3.8129989924277404e-10
strength_lateral_HX_2,TN-P100,N461,interior_applied_load,,198.55,249.0,160.728,3.1640833405108977e-12,-8.799300402804688,1.8547935553734673e-13,-2.3423270125996147e-12,-1.4085952362947942e-12,-9.458444660596676e-12
strength_lateral_HX_2,TN-P101,N629,interior_applied_load,,207.333,249.0,229.319,5.962556069076276e-11,-11.56031249880171,-1.2197438810263431e-11,-8.129696379656515e-13,1.7305438364294034e-10,3.952407306483014e-10
strength_lateral_HX_2,TN-P102,N462,interior_applied_load,,211.4,249.0,137.864,-1.8189894035458565e-11,-8.799300402784866,-1.7053025658242404e-13,-3.637978807091713e-12,5.684341886080801e-13,3.54702933691442e-11
strength_lateral_HX_2,TN-P103,N213,interior_applied_load,,213.573,249.0,115.0,-4.8382256672004776e-11,-10.63647749999866,-1.8708960686765546e-12,3.031009022710265e-14,-2.004316004985771e-12,7.884577868318731e-13
strength_lateral_HX_2,TN-P104,N214,interior_applied_load,,221.35,249.0,115.0,-5.989378328336551e-11,-4.034335929054598,1.4956971154426073e-11,1.1184873742734431e-12,-1.4539483781785366e-10,3.8372678125283783e-10
strength_lateral_HX_2,TN-P105,N215,interface_action,N2; T-E,224.25,249.0,115.0,-178.24106967074113,1232.8325981221788,-125.38057104123031,-37.00757632306966,-4277.955452353033,1815.5559978727943
strength_lateral_HX_2,TN-P106,N439,interface_action,T-E,224.25,249.0,117.5,82.80140003649358,-440.2167934908368,55.89377185684554,-625.4684761676888,359.2531293920475,-1233.712903153843
strength_lateral_HX_2,TN-P107,N185,interface_action,T-E,224.25,249.0,120.0,2.0182160228913504,325.61986983381775,-2.212879764332404,-133.63387333091927,218.23644056160566,-86.84195547771844
strength_lateral_HX_2,TN-P108,N440,interior_applied_load,,224.25,249.0,144.955,7.815970093361102e-13,-9.211085725884491,3.9968028886505635e-14,-1.2967404927621828e-12,-1.1368683772161603e-13,9.322320693172514e-12
strength_lateral_HX_2,TN-P109,N441,interior_applied_load,,224.25,249.0,172.41,2.2737367544323206e-13,-9.211085725885823,0.0,4.547473508864641e-13,2.2737367544323206e-13,-1.8189894035458565e-12
strength_lateral_HX_2,TN-P110,N442,interior_applied_load,,224.25,249.0,199.864,-1.1368683772161603e-13,-9.211085725884914,-1.4210854715202004e-14,-1.5916157281026244e-12,1.713742917566917e-13,5.4569682106375694e-12
strength_lateral_HX_2,TN-P111,N443,interior_applied_load,,224.25,249.0,227.319,-1.3774814366929178e-07,-4.605542860712221,2.961260165620927e-07,1.3317682402563813e-06,-5.208549456188423e-09,6.118110035258084e-06
strength_lateral_HX_2,TN-P112,N463,interface_action,N2; T-E top / segment 4,224.25,249.0,229.319,4439.464874135772,-185.64364397168453,-55.737322428134235,-209.2939227453439,-6604.005100827639,-2382.7462291670276
strength_lateral_HX_2,TN-P113,N464,interior_applied_load,,230.312,249.0,200.739,3.0134471746065494e-12,-9.801877704264156,6.077412056586235e-14,-5.9787982655104274e-12,2.0724364680319848e-13,-9.477212348171755e-12
strength_lateral_HX_2,TN-P114,N630,interior_applied_load,,235.5,249.0,229.319,-1.9969804076119096e-10,-6.424304463010649,2.3798758367515892e-11,-4.440718553155041e-11,2.3012238115503468e-11,-4.363448576966341e-11
strength_lateral_HX_2,TN-P115,N465,interior_applied_load,,236.375,249.0,172.16,7.362928762611586e-13,-9.801877704254457,-6.9771300961046575e-15,-8.578669160344281e-12,1.7232648975249043e-14,-1.2253313634321476e-11
strength_lateral_HX_2,TN-P116,N466,interior_applied_load,,242.438,249.0,143.58,-2.7284841053187847e-12,-9.801877704252547,-1.4779288903810084e-12,8.640199666842818e-12,2.5011104298755527e-12,1.9099388737231493e-11
strength_lateral_HX_2,TN-P117,N216,interior_applied_load,,248.5,249.0,115.0,-4.76837158203125e-07,-14.441651362925768,0.0,4.76837158203125e-07,4.6566128730773926e-09,0.0
strength_lateral_HX_2,TN-P118,N444,interior_applied_load,,248.5,249.0,117.5,4.76837158203125e-07,-4.470258489251137,-2.384185791015625e-07,4.76837158203125e-07,-9.313225746154785e-10,0.0
strength_lateral_HX_2,TN-P119,N445,interior_applied_load,,248.5,249.0,144.148,2.7101566491933124e-13,-8.94051696850472,-6.266285984684424e-13,5.325733713052369e-12,3.5633445884602265e-14,-9.897871817610689e-12
strength_lateral_HX_2,TN-P120,N446,interior_applied_load,,248.5,249.0,170.797,9.008863905038627e-14,-8.94051696850767,8.853454432450324e-14,-5.2661454229001096e-11,-8.883483244211461e-14,-1.1422544626330949e-11
strength_lateral_HX_2,TN-P121,N447,interior_applied_load,,248.5,249.0,197.445,-7.586202253018616e-13,-8.940516968501532,6.131635698348449e-13,2.630498192696893e-11,2.0054559087118553e-13,-1.6265775843460803e-11
strength_lateral_HX_2,TN-P122,N448,interior_applied_load,,248.5,249.0,224.093,-9.740158008821309e-07,-4.470258483599413,1.6147282103093943e-07,-4.6663928252347285e-08,2.7232061048547418e-09,-5.984368257301314e-07
strength_lateral_HX_2,TN-P123,N631,interior_applied_load,,248.5,249.0,226.324,-4.1881947400455453e-07,-3.7533375111014955,-4.202638091510833e-07,3.3743809637270213e-07,1.9043732396073197e-09,1.7843060137535122e-06
strength_lateral_HX_2,TN-P124,N217,interior_applied_load,,249.5,249.0,115.0,-9.703349235223868e-14,-0.37785000408828817,-7.097576137926609e-10,-1.515193677990856e-13,1.1892098417121133e-11,-2.128046613925072e-09
strength_lateral_HX_2,TN-P125,N632,interior_applied_load,,249.5,249.0,226.093,-2.7568457241081134e-10,-0.2680955349861273,3.0312957233489284e-09,-1.0854985686291176e-10,9.183619293886582e-10,4.678615962437912e-10
strength_lateral_HX_-2,TN-P001,N147,interface_action,BR-N-upper-1; T-W / B-WO; W4,-32.0,249.0,115.0,514.1377244988156,1741.5941915023914,-288.6056142861693,-2063.367120264616,10137.317510137185,3674.611614424281
strength_lateral_HX_-2,TN-P002,N555,interface_action,BR-N-upper-2; T-W top / segment 2; W4,-32.0,249.0,226.093,763.3333046016497,-901.1843261120315,2.2165667047271755,-2698.6952755765037,6179.26909037796,-3076.3790216690913
strength_lateral_HX_-2,TN-P003,N188,interior_applied_load,,-31.0,249.0,115.0,-4.3804902816191316e-08,-9.00174037976467,-1.3300788737069524e-07,4.649336915463209e-08,-1.0080611900775693e-08,4.766479833051562e-08
strength_lateral_HX_-2,TN-P004,N424,interior_applied_load,,-31.0,249.0,117.5,-3.2648690772506567e-07,-4.4702584861874906,5.2010736193883814e-08,-1.5786154049683865e-07,1.777426575373967e-10,-3.7420409343042427e-07
strength_lateral_HX_-2,TN-P005,N425,interior_applied_load,,-31.0,249.0,144.148,-1.1737040146246056e-13,-8.940516968503706,2.748908517661254e-13,-6.0327243475583905e-12,1.395067739948827e-13,-6.827128009991067e-12
strength_lateral_HX_-2,TN-P006,N426,interior_applied_load,,-31.0,249.0,170.797,-9.656627115094563e-14,-8.940516968506794,2.665551599448832e-13,2.598155341135856e-12,5.720625809927896e-14,-5.156080199121467e-14
strength_lateral_HX_-2,TN-P007,N427,interior_applied_load,,-31.0,249.0,197.445,-5.580793698398034e-13,-8.940516968501075,1.7319733934529077e-12,2.2686783205279925e-11,-4.769752142155557e-13,3.69228617085107e-12
strength_lateral_HX_-2,TN-P008,N428,interior_applied_load,,-31.0,249.0,224.093,4.76837158203125e-07,-4.4702584855258465,0.0,0.0,0.0,-9.5367431640625e-07
strength_lateral_HX_-2,TN-P009,N613,interior_applied_load,,-31.0,249.0,226.324,-4.76837158203125e-07,-3.7533374950289726,-1.9073486328125e-06,7.62939453125e-06,-8.195638656616211e-08,9.5367431640625e-07
strength_lateral_HX_-2,TN-P010,N449,interior_applied_load,,-23.25,249.0,143.58,-9.094947017729282e-13,-9.934808889411215,1.4210854715202004e-13,2.2737367544323206e-12,-5.9117155615240335e-12,7.275957614183426e-12
strength_lateral_HX_-2,TN-P011,N189,interior_applied_load,,-21.323,249.0,115.0,1.424686376044997e-11,-10.258627486019067,-7.322185094837267e-12,5.48056755671736e-13,-1.9206982387303444e-11,6.612607032294626e-12
strength_lateral_HX_-2,TN-P012,N614,interior_applied_load,,-18.0,249.0,229.319,-2.656304268687463e-11,-8.187741967355072,-4.3271975199014504e-11,-1.3985740674690794e-10,1.1093181312565558e-10,5.3686360142803385e-11
strength_lateral_HX_-2,TN-P013,N450,interior_applied_load,,-15.5,249.0,172.16,-2.15996218090834e-12,-9.934808889400461,-1.9048149499436254e-13,9.42083849377724e-12,2.093015637652687e-12,-1.2293726131736965e-11
strength_lateral_HX_-2,TN-P014,N451,interior_applied_load,,-7.75,249.0,200.739,-9.3037709340709e-13,-9.934808889395978,-3.010220828233343e-13,-3.969104439816659e-12,-1.52325633250637e-13,-5.311019813386614e-12
strength_lateral_HX_-2,TN-P015,N190,interior_applied_load,,-3.85,249.0,115.0,-4.246477693783809e-11,-8.056864092473086,-7.87126969857269e-12,-1.1440005660667534e-12,-4.0852450470122924e-11,-2.0333395689959407e-12
strength_lateral_HX_-2,TN-P016,N191,interior_applied_load,,0.0,249.0,115.0,-5.000379985631298e-07,-1.4665297108704785,8.197327604264615e-05,-3.3422887568690385e-08,-1.8176949178427131e-06,2.25932424768871e-07
strength_lateral_HX_-2,TN-P017,N429,interior_applied_load,,0.0,249.0,117.5,5.543376670337318e-07,-4.605542862760368,8.84170260791727e-08,-7.145800292233883e-08,-3.456466779674057e-11,4.187710964921413e-07
strength_lateral_HX_-2,TN-P018,N430,interior_applied_load,,0.0,249.0,144.955,1.31662673737868e-13,-9.211085725883619,1.869831547649264e-14,3.603398968014e-12,9.094831177023537e-14,5.896462040967592e-12
strength_lateral_HX_-2,TN-P019,N431,interior_applied_load,,0.0,249.0,172.41,1.868621212590331e-13,-9.211085725883564,-3.8173203796779744e-14,-4.3292492934947243e-13,-4.7561712027752804e-14,2.318742135552747e-12
strength_lateral_HX_-2,TN-P020,N432,interior_applied_load,,0.0,249.0,199.864,6.936297057933607e-14,-9.211085725883834,-2.2107678678495287e-14,3.794681231379315e-12,1.1225130402421383e-13,4.0219907840145965e-12
strength_lateral_HX_-2,TN-P021,N433,interior_applied_load,,0.0,249.0,227.319,0.0,-4.6055428623221815,9.5367431640625e-07,0.0,-3.725290298461914e-09,0.0
strength_lateral_HX_-2,TN-P022,N452,interior_applied_load,,-0.0,249.0,229.319,1.9073486328125e-06,-12.325946110766381,-9.5367431640625e-07,9.5367431640625e-07,3.725290298461914e-09,0.0
strength_lateral_HX_-2,TN-P023,N192,interior_applied_load,,0.031,249.0,115.0,3.1810859919984853e-09,-0.3778470198383539,-8.26770506296447e-05,7.459246592902145e-11,-1.0057718133650846e-06,-3.0532244188906615e-08
strength_lateral_HX_-2,TN-P024,N193,interior_applied_load,,1.0,249.0,115.0,-4.5292836148291826e-10,-12.228449807815196,2.669622745088418e-09,1.000444171950221e-11,-1.710759534034878e-09,8.185452315956354e-11
strength_lateral_HX_-2,TN-P025,N615,interior_applied_load,,10.167,249.0,229.319,-1.4725592937168786e-10,-10.014583343926143,-7.715293989731845e-12,6.532917681882401e-13,-2.05121197807977e-11,6.566070296151956e-12
strength_lateral_HX_-2,TN-P026,N453,interior_applied_load,,10.6,249.0,137.864,-3.637978807091713e-12,-8.319555897891405,3.410605131648481e-13,-7.275957614183426e-12,1.6370904631912708e-11,-8.185452315956354e-11
strength_lateral_HX_-2,TN-P027,N454,interior_applied_load,,20.2,249.0,160.728,-1.3844269568534372e-12,-8.319555897877677,4.3521573398261417e-13,-1.3093034381798153e-11,1.3010935129802962e-12,2.3528620999024435e-11
strength_lateral_HX_-2,TN-P028,N194,interior_applied_load,,21.385,249.0,115.0,1.874206857626944e-10,-8.80390496410185,5.480179826024914e-11,-1.7371176720332835e-13,-2.307176513528456e-10,-1.1293491802595556e-12
strength_lateral_HX_-2,TN-P029,N195,interior_applied_load,,24.3,249.0,115.0,-1.4461849148146647e-11,-8.068671965249653,-1.771863709088134e-11,2.2582030599135562e-13,7.320644631607612e-11,-3.9361234385207836e-14
strength_lateral_HX_-2,TN-P030,N455,interior_applied_load,,29.8,249.0,183.592,5.544975473972308e-12,-8.319555897881065,-6.624013681752606e-14,-1.3736248837647265e-11,4.755535820278157e-13,1.1844616115926108e-11
strength_lateral_HX_-2,TN-P031,N616,interior_applied_load,,38.333,249.0,229.319,-1.1126826228966941e-10,-10.14520834913647,1.3034485580621466e-12,-3.093184052254789e-13,-1.2773993066422716e-11,3.118760349823684e-11
strength_lateral_HX_-2,TN-P032,N456,interior_applied_load,,39.4,249.0,206.455,-1.5495472969275138e-11,-8.31955589791415,8.742634427445845e-13,-4.871890488380049e-12,1.810505106833879e-12,8.794062763401679e-12
strength_lateral_HX_-2,TN-P033,N196,interior_applied_load,,42.74,249.0,115.0,-7.649178685920544e-11,-9.805207533063143,7.650175730361957e-12,3.651139320819687e-13,2.990347922837021e-11,1.4217132985517928e-12
strength_lateral_HX_-2,TN-P034,N457,interior_applied_load,,49.0,249.0,229.319,-2.1437784880617983e-10,-7.2730071004983765,-9.554415036916453e-10,-1.9194172749831018e-10,6.406325470109664e-10,-1.855979259168805e-11
strength_lateral_HX_-2,TN-P035,N197,interface_action,BR-N-upper-2,50.25,249.0,115.0,-3932.71729313664,5248.668315132997,-14.860744545806595,231.97704671294963,1805.8476540228423,894.9150636702274
strength_lateral_HX_-2,TN-P036,N617,interface_action,BR-N-upper-1,50.25,249.0,229.319,2504.5469085722207,3388.7425286254784,-17.548922200152,687.569443577529,-210.49162946024126,2937.4046667592793
strength_lateral_HX_-2,TN-P037,N198,interior_applied_load,,52.45,249.0,115.0,9.496283064168677e-10,-1.133549936955241,2.256171672578486e-08,-1.2153501685035906e-10,-7.734290624731451e-10,1.0622218094145583e-10
strength_lateral_HX_-2,TN-P038,N199,interface_action,N1 / U-W,53.25,249.0,115.0,3761.8202858978816,-5161.891438215644,194.4261266976165,-1149.8906988273718,13870.996321209732,20635.22377507896
strength_lateral_HX_-2,TN-P039,N618,interface_action,N1 / U-W,53.25,249.0,229.319,-1343.2069341602642,-4020.6019142004902,63.40972054613666,-442.49524571929004,1776.1297625372365,4406.57222243727
strength_lateral_HX_-2,TN-P040,N417,interface_action,N1 / U-W,56.25,249.0,207.0,1986.491578017004,608.9833813048117,-67.39868715449536,-945.1060669486272,2542.882881817579,2209.3810938376137
strength_lateral_HX_-2,TN-P041,N418,interior_applied_load,,57.25,249.0,207.0,0.0,-6.71412094309926,0.0,4.76837158203125e-07,3.725290298461914e-09,4.76837158203125e-07
strength_lateral_HX_-2,TN-P042,N467,interior_applied_load,,57.25,249.0,209.5,0.0,-2.9891714490950108,0.0,0.0,1.862645149230957e-09,0.0
strength_lateral_HX_-2,TN-P043,N468,interior_applied_load,,57.25,249.0,227.319,2.7334310892523916e-07,-2.9891714516641485,1.2548646710630607e-07,-1.4234330003581874e-07,-1.226290210852677e-09,3.629054077247673e-07
strength_lateral_HX_-2,TN-P044,N619,interior_applied_load,,57.25,249.0,229.319,4.6580499823784275e-07,-3.4615624847852704,-2.580026009585088e-07,1.35517311190189e-07,-1.4291085015771195e-09,2.3668595738930413e-07
strength_lateral_HX_-2,TN-P045,N200,interior_applied_load,,64.094,249.0,115.0,3.9181001355801365e-11,-10.334197531363252,1.772623839651233e-11,3.239101792259701e-13,-1.1064068876227059e-10,-2.2334464721093766e-11
strength_lateral_HX_-2,TN-P046,N620,interior_applied_load,,66.5,249.0,229.319,7.393748494896499e-11,-6.00874999751551,1.6359221372609506e-11,-4.818540692434663e-13,-6.154555211843037e-11,1.6236620574754093e-10
strength_lateral_HX_-2,TN-P047,N477,interior_applied_load,,68.75,249.0,218.16,-1.4551915228366852e-11,-5.376241893347469,-9.094947017729282e-13,1.8189894035458565e-12,-9.094947017729282e-12,-2.1827872842550278e-11
strength_lateral_HX_-2,TN-P048,N419,interior_applied_load,,80.25,249.0,207.0,0.0,-7.8842499947641045,0.0,0.0,0.0,0.0
strength_lateral_HX_-2,TN-P049,N469,interior_applied_load,,80.25,249.0,209.5,4.76837158203125e-07,-2.989171451656148,4.76837158203125e-07,-4.76837158203125e-07,0.0,0.0
strength_lateral_HX_-2,TN-P050,N470,interior_applied_load,,80.25,249.0,227.319,2.372121165328256e-07,-2.9891714514493426,2.414460031907595e-08,8.64581961579347e-09,-3.0422352162570456e-10,2.110560380741422e-06
strength_lateral_HX_-2,TN-P051,N478,interior_applied_load,,80.25,249.0,229.319,1.657278369760012e-06,-12.7955969447441,-2.1835984659054192e-07,2.9504749927903475e-07,7.759203584703661e-10,1.6670991643609117e-06
strength_lateral_HX_-2,TN-P052,N201,interior_applied_load,,80.6,249.0,115.0,-4.294388875160456e-11,-8.068671858878165,-1.1231312830848072e-10,7.410424959955093e-13,3.453053619388822e-11,-1.5374778613337893e-11
strength_lateral_HX_-2,TN-P053,N202,interior_applied_load,,85.448,249.0,115.0,-1.7170934775927332e-11,-9.90045718908514,1.412039660131319e-11,-7.511055019909093e-14,-1.0408037895979076e-11,6.45151998832894e-12
strength_lateral_HX_-2,TN-P054,N479,interior_applied_load,,92.25,249.0,218.16,-1.4551915228366852e-11,-5.497868662729161,-5.002220859751105e-12,3.456079866737127e-11,2.546585164964199e-11,1.4551915228366852e-11
strength_lateral_HX_-2,TN-P055,N621,interior_applied_load,,94.667,249.0,229.319,-1.931823987125768e-10,-6.270000052160833,2.226095708055415e-11,5.745748890174292e-11,1.9040660891139874e-10,-4.009961641350894e-10
strength_lateral_HX_-2,TN-P056,N420,interior_applied_load,,104.25,249.0,207.0,0.0,-13.549868661910295,-2.384185791015625e-07,-4.76837158203125e-07,-1.5832483768463135e-08,-4.76837158203125e-07
strength_lateral_HX_-2,TN-P057,N471,interior_applied_load,,104.25,249.0,209.5,0.0,-2.989171452820301,4.76837158203125e-07,4.76837158203125e-07,8.847564458847046e-09,0.0
strength_lateral_HX_-2,TN-P058,N472,interior_applied_load,,104.25,249.0,227.319,-6.101996979368529e-07,-2.989171450829909,2.2200856664156277e-07,-2.8324696366155422e-08,8.816474085085561e-11,1.9369607584529547e-08
strength_lateral_HX_-2,TN-P059,N622,interior_applied_load,,104.25,249.0,229.319,6.325026890642681e-07,-7.358541669137878,-5.390922462744458e-08,3.7397802564806306e-07,3.071749804956532e-11,6.345065067851665e-07
strength_lateral_HX_-2,TN-P060,N203,interior_applied_load,,106.802,249.0,115.0,-1.667895757847929e-10,-8.804692169665973,9.689516756375627e-11,-1.0165328399504611e-12,-7.475931271836914e-10,1.4598041891688454e-10
strength_lateral_HX_-2,TN-P061,N204,interior_applied_load,,108.75,249.0,115.0,1.5087965555812548e-10,-8.068671859004157,3.9908660570825854e-11,5.938215376455596e-13,9.4539450540467e-10,3.750770645637057e-11
strength_lateral_HX_-2,TN-P062,N480,interior_applied_load,,116.25,249.0,218.16,2.9103830456733704e-11,-5.497868662743713,-1.3642420526593924e-12,1.8189894035458565e-12,9.094947017729282e-12,2.9103830456733704e-11
strength_lateral_HX_-2,TN-P063,N623,interior_applied_load,,122.833,249.0,229.319,-2.8941759409990813e-10,-6.26999998587453,8.164498290032729e-12,3.531571736604346e-11,2.1812906864931395e-11,2.688143053603365e-10
strength_lateral_HX_-2,TN-P064,N205,interior_applied_load,,128.156,249.0,115.0,-9.084341618120679e-12,-10.63647750001083,-3.500976793922338e-11,8.154864772442656e-14,3.1825566163094043e-10,5.4256226088641296e-12
strength_lateral_HX_-2,TN-P065,N421,interior_applied_load,,128.25,249.0,207.0,4.76837158203125e-07,-7.884249985218048,0.0,2.384185791015625e-07,0.0,-4.76837158203125e-07
strength_lateral_HX_-2,TN-P066,N473,interior_applied_load,,128.25,249.0,209.5,0.0,-2.989171452820301,2.384185791015625e-07,0.0,-9.313225746154785e-10,9.5367431640625e-07
strength_lateral_HX_-2,TN-P067,N474,interior_applied_load,,128.25,249.0,227.319,-1.6910282953919165e-06,-2.9891714542070433,-7.568883741981836e-09,-4.3540588912094336e-08,6.11522747858441e-10,7.473725864848291e-07
strength_lateral_HX_-2,TN-P068,N481,interior_applied_load,,128.25,249.0,229.319,8.672030738681824e-07,-12.795596936803367,5.936603274063355e-08,-4.01825701892061e-07,-8.223408632941374e-10,1.8357041095763615e-06
strength_lateral_HX_-2,TN-P069,N206,interior_applied_load,,136.9,249.0,115.0,7.201166488637722e-11,-8.068671858867393,8.70740584819592e-12,3.075452487391618e-14,2.44518142262365e-10,-4.2042099003055186e-11
strength_lateral_HX_-2,TN-P070,N482,interior_applied_load,,139.75,249.0,218.16,2.9103830456733704e-11,-5.376241893318365,-4.547473508864641e-13,2.7284841053187847e-12,-1.8189894035458565e-12,3.637978807091713e-11
strength_lateral_HX_-2,TN-P071,N207,interior_applied_load,,149.51,249.0,115.0,3.348523951666371e-12,-10.636477499994855,7.781059788136655e-12,-2.913264397439413e-14,1.0510606813484307e-10,-3.09865850196275e-11
strength_lateral_HX_-2,TN-P072,N624,interior_applied_load,,151.0,249.0,229.319,4.722252811006911e-09,-6.008750026597281,1.1972574598395624e-09,1.3411420509138583e-11,1.1807970851096528e-09,-5.356549329094129e-09
strength_lateral_HX_-2,TN-P073,N422,interior_applied_load,,151.25,249.0,207.0,9.5367431640625e-07,-6.71412093937397,0.0,1.1920928955078125e-07,0.0,-4.76837158203125e-07
strength_lateral_HX_-2,TN-P074,N475,interior_applied_load,,151.25,249.0,209.5,0.0,-2.989171452820301,5.960464477539063e-08,0.0,9.313225746154785e-10,-4.76837158203125e-07
strength_lateral_HX_-2,TN-P075,N476,interior_applied_load,,151.25,249.0,227.319,5.851286899311026e-07,-2.989171447988097,-6.148669851047117e-09,-3.2659672188906086e-08,8.593629490704594e-11,5.04604760059868e-07
strength_lateral_HX_-2,TN-P076,N625,interior_applied_load,,151.25,249.0,229.319,1.027270517761636e-06,-1.110312260424857,-1.2742983751534709e-12,-3.113605328910243e-08,2.3845751831452766e-09,1.0058430723906484e-06
strength_lateral_HX_-2,TN-P077,N423,interior_applied_load,,152.25,249.0,207.0,-1.2321571485755814e-08,-0.1677497296880949,3.455675529284438e-08,-1.3621476620826762e-09,-3.433693091414162e-08,1.3100166748880816e-07
strength_lateral_HX_-2,TN-P078,N411,interior_applied_load,,155.25,249.0,120.0,-1.25446869375636e-12,-13.81098506961827,-1.9798197992112803e-12,1.4721557873623375e-12,-2.694678507220661e-13,1.6446329888671952e-11
strength_lateral_HX_-2,TN-P079,N412,interior_applied_load,,155.25,249.0,146.657,9.47676951862852e-13,-27.621970139234236,3.0087959466819083e-12,-2.610545792921865e-12,2.4400698672087196e-13,7.131504316237773e-11
strength_lateral_HX_-2,TN-P080,N413,interior_applied_load,,155.25,249.0,173.314,-4.61669173409694e-12,-27.62197013924141,2.9116390095941736e-12,3.3117675165174947e-11,-2.694678507220661e-13,2.296875183547618e-11
strength_lateral_HX_-2,TN-P081,N414,interior_applied_load,,155.25,249.0,199.971,1.2103037521607675e-10,-17.452729861460565,2.605120240713787e-11,1.352653728452593e-10,5.36438430096971e-13,-5.063599801523673e-10
strength_lateral_HX_-2,TN-P082,N415,interior_applied_load,,155.25,249.0,207.0,6.629189808619887e-09,-13.810985345920118,-5.8768440900633346e-08,2.539242153240951e-09,-1.4064957319090374e-08,-2.834430147743871e-08
strength_lateral_HX_-2,TN-P083,N416,interior_applied_load,,155.25,249.0,226.628,-4.76837158203125e-07,-10.169240273535252,9.313225746154785e-10,0.0,0.0,0.0
strength_lateral_HX_-2,TN-P084,N626,interior_applied_load,,155.25,249.0,229.319,4.76837158203125e-07,-2.2859374806284904,9.313225746154785e-10,-2.270098775625229e-09,0.0,-4.76837158203125e-07
strength_lateral_HX_-2,TN-P085,N458,interior_applied_load,,160.0,249.0,229.319,3.162058933888748e-10,-10.647879345563556,5.250539261832569e-11,5.7271563310954066e-12,6.425300065974469e-11,1.8525306927458158e-10
strength_lateral_HX_-2,TN-P086,N208,interior_applied_load,,165.05,249.0,115.0,-1.914775625226729e-11,-8.068671858912438,-2.3072374411315732e-11,4.4036767743775816e-14,1.4795716372829463e-10,-1.4341816509299172e-10
strength_lateral_HX_-2,TN-P087,N209,interior_applied_load,,170.865,249.0,115.0,1.1405266233990576e-10,-5.6488574857218685,1.8597557536070698e-11,4.581351170844368e-14,5.7195655275878085e-11,-1.2405713768318217e-10
strength_lateral_HX_-2,TN-P088,N459,interior_applied_load,,172.85,249.0,206.455,-1.5730204517198684e-12,-8.79930040279879,9.498371907013757e-14,4.1677758217546555e-13,-1.7234003469276006e-13,1.1305940012049315e-11
strength_lateral_HX_-2,TN-P089,N627,interior_applied_load,,179.167,249.0,229.319,1.9849607063010044e-10,-5.225000033089308,4.000350575041854e-09,-5.764689032956104e-13,-1.3456323220253363e-09,-1.9464682693324637e-09
strength_lateral_HX_-2,TN-P090,N210,interior_applied_load,,180.0,249.0,115.0,4.192904468069969e-08,-8.068671944377087,1.3939924770056678e-08,9.000292067185e-08,-6.841112405303801e-10,9.8859139319174e-08
strength_lateral_HX_-2,TN-P091,N434,interior_applied_load,,180.0,249.0,117.5,-6.578714190516354e-08,-4.605542853405332,-5.1442465198470266e-08,1.6703406930042362e-08,-1.3831753936664116e-10,-2.6510747465907737e-08
strength_lateral_HX_-2,TN-P092,N435,interior_applied_load,,180.0,249.0,144.955,-1.1633758239948793e-13,-9.21108572587938,1.2553627167824941e-13,-7.766102041014041e-13,1.2299397035783674e-15,1.9473902996385992e-11
strength_lateral_HX_-2,TN-P093,N436,interior_applied_load,,180.0,249.0,172.41,6.425104257201652e-13,-9.211085725878922,-6.024599204192847e-15,1.5093592586223916e-13,-5.714901914832978e-14,3.9748649575443265e-12
strength_lateral_HX_-2,TN-P094,N437,interior_applied_load,,180.0,249.0,199.864,-7.123243428329444e-13,-9.21108572587818,4.662509230289e-14,5.461381925939189e-13,1.819718355599332e-14,-8.706386659306164e-12
strength_lateral_HX_-2,TN-P095,N438,interior_applied_load,,180.0,249.0,227.319,1.9073486328125e-06,-4.605542868375778,-2.384185791015625e-07,-3.5762786865234375e-07,1.1641532182693481e-10,-1.9073486328125e-06
strength_lateral_HX_-2,TN-P096,N628,interior_applied_load,,180.0,249.0,229.319,-1.9073486328125e-06,-7.358541660010815,2.384185791015625e-07,1.1920928955078125e-07,-2.7939677238464355e-09,-2.86102294921875e-06
strength_lateral_HX_-2,TN-P097,N460,interior_applied_load,,185.7,249.0,183.592,-7.251043845857536e-12,-8.799300402800426,1.4956185752464187e-14,-2.953168531165403e-13,-5.804050942795718e-14,-1.5617622210750706e-11
strength_lateral_HX_-2,TN-P098,N211,interior_applied_load,,192.219,249.0,115.0,-9.082342170500788e-11,-4.987620020455093,-2.997902322522372e-10,-5.353848324800776e-13,-1.645608717112881e-10,-1.7024140689107537e-09
strength_lateral_HX_-2,TN-P099,N212,interior_applied_load,,193.2,249.0,115.0,-3.268430391680008e-11,-8.068671857250408,-1.4077419045018568e-09,5.961412557203205e-13,-2.0309016478753492e-10,-9.738064495057603e-10
strength_lateral_HX_-2,TN-P100,N461,interior_applied_load,,198.55,249.0,160.728,-8.473562879756043e-12,-8.79930040279425,-5.5163903890810385e-14,-5.972305142459571e-13,-8.812630218542534e-13,2.3575974515888657e-11
strength_lateral_HX_-2,TN-P101,N629,interior_applied_load,,207.333,249.0,229.319,1.6824996934549115e-10,-11.560312498818847,-4.4573458454655856e-11,2.441927896131664e-12,2.2934426016771227e-10,1.890742442241176e-10
strength_lateral_HX_-2,TN-P102,N462,interior_applied_load,,211.4,249.0,137.864,2.7284841053187847e-11,-8.799300402828521,-1.4210854715202004e-14,2.8883562208648073e-12,2.4442670110147446e-12,-1.6370904631912708e-11
strength_lateral_HX_-2,TN-P103,N213,interior_applied_load,,213.573,249.0,115.0,1.8478664778099723e-10,-10.636477499998014,-2.109669155277938e-13,-7.35429047175873e-14,2.732818746960925e-12,1.4240602519158221e-11
strength_lateral_HX_-2,TN-P104,N214,interior_applied_load,,221.35,249.0,115.0,-1.2490003084825385e-10,-4.03433592979705,-1.6964713387158162e-11,9.076564342974812e-13,1.3734857361365644e-12,-8.922188417165307e-10
strength_lateral_HX_-2,TN-P105,N215,interface_action,N2; T-E,224.25,249.0,115.0,269.2951833275929,292.05015338147496,-53.02790034186247,1007.7218975317885,4840.6795862576055,-3552.25001547208
strength_lateral_HX_-2,TN-P106,N439,interface_action,T-E,224.25,249.0,117.5,17.880140956277966,-443.1575810213846,118.16150817949824,-1233.8291110674993,-1162.6423092623024,581.6674252613893
strength_lateral_HX_-2,TN-P107,N185,interface_action,T-E,224.25,249.0,120.0,-4.832337262478578,214.10403067732753,-0.6470448173936455,-41.271270640798015,-246.05629344222137,161.26535647631226
strength_lateral_HX_-2,TN-P108,N440,interior_applied_load,,224.25,249.0,144.955,-1.8474111129762605e-13,-9.211085725884686,-5.684341886080802e-14,1.3642420526593924e-12,-1.1368683772161603e-13,-5.343281372915953e-12
strength_lateral_HX_-2,TN-P109,N441,interior_applied_load,,224.25,249.0,172.41,-1.1368683772161603e-13,-9.211085725884914,-2.842170943040401e-14,-2.2737367544323206e-13,-5.684341886080802e-14,0.0
strength_lateral_HX_-2,TN-P110,N442,interior_applied_load,,224.25,249.0,199.864,4.547473508864641e-13,-9.21108572588264,-1.1368683772161603e-13,1.8189894035458565e-12,-5.353446122738134e-14,-1.0913936421275139e-11
strength_lateral_HX_-2,TN-P111,N443,interior_applied_load,,224.25,249.0,227.319,-4.754349838043126e-06,-4.6055428623195285,1.790141802182621e-06,-6.977778400640844e-07,2.4074040626085323e-09,-1.079747908416806e-06
strength_lateral_HX_-2,TN-P112,N463,interface_action,N2; T-E top / segment 4,224.25,249.0,229.319,-4536.7485600249265,-87.77319454654757,63.875022172581524,-235.23697871387998,6725.600001765563,6485.232838437312
strength_lateral_HX_-2,TN-P113,N464,interior_applied_load,,230.312,249.0,200.739,-3.0704373207875586e-12,-9.801877704265435,5.838911760408764e-13,1.945251581408897e-12,-8.870422215434123e-12,8.263438946489372e-12
strength_lateral_HX_-2,TN-P114,N630,interior_applied_load,,235.5,249.0,229.319,4.016312821540102e-11,-6.42430446298201,8.723255419132352e-11,-7.064096727051251e-11,4.5143877526973033e-10,-2.6919473719981873e-10
strength_lateral_HX_-2,TN-P115,N465,interior_applied_load,,236.375,249.0,172.16,-3.787419893900387e-13,-9.801877704269424,-1.099927401984194e-13,4.535616716490099e-12,-1.0623460749278917e-12,1.1935297209491761e-11
strength_lateral_HX_-2,TN-P116,N466,interior_applied_load,,242.438,249.0,143.58,1.8189894035458565e-12,-9.801877704252547,4.547473508864641e-13,-2.7284841053187847e-12,-6.821210263296962e-13,2.7284841053187847e-12
strength_lateral_HX_-2,TN-P117,N216,interior_applied_load,,248.5,249.0,115.0,-2.384185791015625e-07,-14.441651297733188,0.0,-2.980232238769531e-07,-4.656612873077393e-10,7.152557373046875e-07
strength_lateral_HX_-2,TN-P118,N444,interior_applied_load,,248.5,249.0,117.5,0.0,-4.470258491113782,5.960464477539063e-08,-5.960464477539063e-08,4.656612873077393e-10,0.0
strength_lateral_HX_-2,TN-P119,N445,interior_applied_load,,248.5,249.0,144.148,8.398827834604428e-14,-8.940516968503506,5.609827679226451e-13,-1.5661757048696333e-12,4.5042182117886163e-14,1.093939436681083e-11
strength_lateral_HX_-2,TN-P120,N446,interior_applied_load,,248.5,249.0,170.797,2.737255091842876e-13,-8.940516968502,-1.2519384317163295e-13,6.41828367239466e-11,2.596781828872841e-14,4.73503068265615e-13
strength_lateral_HX_-2,TN-P121,N447,interior_applied_load,,248.5,249.0,197.445,2.8030014697865017e-13,-8.940516968502129,-3.6153071793900407e-13,-2.648577675073225e-11,-3.277691540092763e-14,1.0138098317480169e-11
strength_lateral_HX_-2,TN-P122,N448,interior_applied_load,,248.5,249.0,224.093,-2.3740220748722686e-07,-4.470258486471637,-1.659342418863057e-07,2.901812124915979e-07,-1.6097931196915641e-09,1.000957662603374e-06
strength_lateral_HX_-2,TN-P123,N631,interior_applied_load,,248.5,249.0,226.324,9.763960294932012e-07,-3.753337512548641,-2.7173276697711327e-07,2.767015387424759e-07,6.29556288787651e-09,-7.624518336659212e-08
strength_lateral_HX_-2,TN-P124,N217,interior_applied_load,,249.5,249.0,115.0,9.178080517813214e-11,-0.37785001605145774,4.0712722151892144e-09,6.395215954024813e-12,1.5791320889801952e-09,-1.0987144388741044e-09
strength_lateral_HX_-2,TN-P125,N632,interior_applied_load,,249.5,249.0,226.093,1.4926738530512827e-09,-0.26809552981369145,3.5118654878554385e-09,-1.3672019746122612e-09,-2.6360478235992895e-09,-3.2750279815105477e-09
lateral_HZ,TN-P001,N147,interface_action,BR-N-upper-1; T-W / B-WO; W4,-32.0,249.0,115.0,-145.45043266570494,252.60475132994213,-0.10127631429311122,2.1441081093793137,92.1254153720523,418.8035735513873
lateral_HZ,TN-P002,N555,interface_action,BR-N-upper-2; T-W top / segment 2; W4,-32.0,249.0,226.093,66.73857892885205,-125.92381762725508,0.410495380783979,11.441575571791612,-123.54193563455998,-1436.2589562649073
lateral_HZ,TN-P003,N188,interior_applied_load,,-31.0,249.0,115.0,1.416339046045323e-09,-7.501450311577059,1.541911487379366e-09,-3.0966873509896686e-09,2.6219382220915577e-10,-4.442284762262716e-09
lateral_HZ,TN-P004,N424,interior_applied_load,,-31.0,249.0,117.5,-3.2664296119694587e-09,-3.7252154036740333,2.0182704180494615e-09,2.006815039077421e-09,5.321042833674716e-13,-1.902691625076193e-09
lateral_HZ,TN-P005,N425,interior_applied_load,,-31.0,249.0,144.148,-2.2619009735353864e-15,-7.450430807086198,3.6289802372606916e-15,-5.218633967945926e-15,3.0846075919725844e-16,-9.978167531231002e-14
lateral_HZ,TN-P006,N426,interior_applied_load,,-31.0,249.0,170.797,-7.374104124998171e-15,-7.450430807086046,-5.104870150946903e-15,-1.1580806983205032e-13,3.818508382745296e-16,-1.422330533254215e-14
lateral_HZ,TN-P007,N427,interior_applied_load,,-31.0,249.0,197.445,-6.185051793997e-15,-7.4504308070859615,-3.79175944871763e-14,-2.938557749738161e-13,-1.1504279655526453e-14,2.7083856623346784e-13
lateral_HZ,TN-P008,N428,interior_applied_load,,-31.0,249.0,224.093,0.0,-3.725215403130278,0.0,0.0,1.1641532182693481e-10,7.450580596923828e-09
lateral_HZ,TN-P009,N613,interior_applied_load,,-31.0,249.0,226.324,7.450580596923828e-09,-3.127781260991469,5.960464477539063e-08,-1.7881393432617188e-07,2.444721758365631e-09,1.4901161193847656e-08
lateral_HZ,TN-P010,N449,interior_applied_load,,-23.25,249.0,143.58,-5.684341886080802e-14,-8.27900740783491,-3.552713678800501e-14,1.2789769243681803e-13,1.4210854715202004e-14,-2.2182256032010628e-13
lateral_HZ,TN-P011,N189,interior_applied_load,,-21.323,249.0,115.0,9.803103677829711e-14,-8.54885623834976,1.0249533063067595e-13,-2.926470960396275e-14,-3.756062531036302e-13,6.491890495190635e-13
lateral_HZ,TN-P012,N614,interior_applied_load,,-18.0,249.0,229.319,-1.1950522608440463e-12,-6.823118306104521,6.529324947742475e-13,3.2556726241436975e-12,-3.5303807520218433e-12,5.220285878080095e-13
lateral_HZ,TN-P013,N450,interior_applied_load,,-15.5,249.0,172.16,1.269983468144299e-13,-8.279007407834488,8.813489574777514e-15,-7.869825724268395e-13,3.325618184530882e-14,-3.0649977098533825e-14
lateral_HZ,TN-P014,N451,interior_applied_load,,-7.75,249.0,200.739,-2.2541009335534213e-14,-8.279007407834987,6.940400014701659e-15,8.761333571920146e-14,-1.8715584070522128e-14,1.598361586847311e-14
lateral_HZ,TN-P015,N190,interior_applied_load,,-3.85,249.0,115.0,-1.1847831317473192e-13,-6.714053410395827,-1.1462273475490262e-13,2.857875785254117e-14,-7.163159875982845e-13,-6.755710511126425e-13
lateral_HZ,TN-P016,N191,interior_applied_load,,0.0,249.0,115.0,8.21507606385552e-09,-1.2221074149495652,5.874189004106967e-07,1.2504880464447865e-09,5.156459979460992e-09,2.8874204527351566e-08
lateral_HZ,TN-P017,N429,interior_applied_load,,0.0,249.0,117.5,-7.352262075995314e-09,-3.8379523853539963,8.112747301033809e-10,-1.4238100759824504e-09,-1.4270734422267885e-11,-6.675464517298099e-09
lateral_HZ,TN-P018,N430,interior_applied_load,,0.0,249.0,144.955,-2.1296988407771566e-16,-7.675904771569518,4.849341782040346e-15,-1.2511454781266941e-13,-3.805386478675159e-15,-3.907382480703346e-14
lateral_HZ,TN-P019,N431,interior_applied_load,,0.0,249.0,172.41,-2.86965167751288e-16,-7.675904771569463,4.937980869021872e-15,-6.444512814581971e-15,-6.817207294081326e-15,-1.782512262878701e-15
lateral_HZ,TN-P020,N432,interior_applied_load,,0.0,249.0,199.864,-2.6135737465554536e-15,-7.675904771569794,6.029917818836482e-17,-1.5753371697836152e-14,-2.0049611093547488e-15,2.192271631421399e-15
lateral_HZ,TN-P021,N433,interior_applied_load,,0.0,249.0,227.319,3.725290298461914e-09,-3.837952386122197,0.0,2.9802322387695312e-08,0.0,-3.725290298461914e-09
lateral_HZ,TN-P022,N452,interior_applied_load,,-0.0,249.0,229.319,3.725290298461914e-09,-10.271621759748086,2.9802322387695312e-08,-2.9802322387695312e-08,0.0,-3.725290298461914e-09
lateral_HZ,TN-P023,N192,interior_applied_load,,0.031,249.0,115.0,1.2774797010022523e-11,-0.31487384582540817,-8.095932769475422e-07,-1.716736102278374e-12,-3.051949475877691e-09,1.732852793983598e-09
lateral_HZ,TN-P024,N193,interior_applied_load,,1.0,249.0,115.0,3.979039320256561e-13,-10.190374839784113,-3.4355629452420544e-11,6.536993168992922e-13,-2.90683033199457e-11,-6.446043698815629e-11
lateral_HZ,TN-P025,N615,interior_applied_load,,10.167,249.0,229.319,-7.144997107942353e-13,-8.345486119928408,7.939338035014793e-14,-1.984344854924104e-14,-6.589190801876177e-13,9.207266497248687e-13
lateral_HZ,TN-P026,N453,interior_applied_load,,10.6,249.0,137.864,-2.2737367544323206e-13,-6.932963248242004,-2.1316282072803006e-14,7.176481631177012e-13,-6.608047442568932e-13,9.947598300641403e-14
lateral_HZ,TN-P027,N454,interior_applied_load,,20.2,249.0,160.728,-1.350483310177279e-13,-6.932963248242261,-9.858927426522322e-15,5.309181022874248e-13,6.521661802904897e-16,1.982970060122263e-13
lateral_HZ,TN-P028,N194,interior_applied_load,,21.385,249.0,115.0,-2.763012157125644e-14,-7.3365874700886256,-8.636673695143934e-13,-9.475387514036349e-15,6.014282210502855e-12,-5.48244267653984e-12
lateral_HZ,TN-P029,N195,interior_applied_load,,24.3,249.0,115.0,8.09139917781024e-15,-6.723893304356367,1.267895184482481e-13,1.9680654253108325e-14,7.330668992566311e-13,-6.621747897884395e-12
lateral_HZ,TN-P030,N455,interior_applied_load,,29.8,249.0,183.592,1.1807358198145732e-13,-6.932963248241693,-2.3551237893169967e-15,8.832255725455224e-13,-2.4450119375793743e-13,-2.0323923047128427e-14
lateral_HZ,TN-P031,N616,interior_applied_load,,38.333,249.0,229.319,1.4634550569157646e-13,-8.454340290948972,2.5065507303684244e-14,-1.837728056354532e-15,9.270678622375622e-14,2.2219543407090548e-12
lateral_HZ,TN-P032,N456,interior_applied_load,,39.4,249.0,206.455,1.4319223553085495e-14,-6.932963248241832,-2.6191788333986848e-14,9.943911409750749e-14,-7.564252998430701e-14,-8.654441028296334e-14
lateral_HZ,TN-P033,N196,interior_applied_load,,42.74,249.0,115.0,1.8810837775335707e-14,-8.171006277551639,-5.078189590843901e-13,-6.268124973671721e-15,1.7626034899524144e-12,-3.2444321838952073e-13
lateral_HZ,TN-P034,N457,interior_applied_load,,49.0,249.0,229.319,-3.1366576003222235e-12,-6.060839250254984,9.173791240546514e-11,8.828687976765804e-12,-9.218748247413755e-11,-9.96112800534174e-12
lateral_HZ,TN-P035,N197,interface_action,BR-N-upper-2,50.25,249.0,115.0,-54.35321364051053,19.80760404877653,0.47173108637374317,-19.57747798427286,-53.03150328318615,713.4152174985898
lateral_HZ,TN-P036,N617,interface_action,BR-N-upper-1,50.25,249.0,229.319,51.584440489573346,26.399266975047432,-0.2466942836763338,-11.59039742232299,35.53951521662793,588.5859136122393
lateral_HZ,TN-P037,N198,interior_applied_load,,52.45,249.0,115.0,-1.5682060204273148e-13,-0.9446249462812825,-3.972799496023423e-10,2.6336672511894586e-10,-3.659005198896171e-11,-2.8420426735242225e-11
lateral_HZ,TN-P038,N199,interface_action,N1 / U-W,53.25,249.0,115.0,22.757039360951445,40.593837314384594,-1.5167434274180531,27.475351857421884,285.7306505139021,699.0367874299833
lateral_HZ,TN-P039,N618,interface_action,N1 / U-W,53.25,249.0,229.319,-120.27441302750755,9.210783971091923,-3.44101803198314,-17.8016573135197,246.42254520857247,-983.4451889754882
lateral_HZ,TN-P040,N417,interface_action,N1 / U-W,56.25,249.0,207.0,157.5424138712652,141.63048051313822,-1.5161412692204024,-54.863526899951424,165.46862246746298,229.76578286603328
lateral_HZ,TN-P041,N418,interior_applied_load,,57.25,249.0,207.0,0.0,-5.595100788981654,7.450580596923828e-09,1.4901161193847656e-08,5.820766091346741e-11,1.4901161193847656e-08
lateral_HZ,TN-P042,N467,interior_applied_load,,57.25,249.0,209.5,0.0,-2.490976209868677,0.0,7.450580596923828e-09,0.0,0.0
lateral_HZ,TN-P043,N468,interior_applied_load,,57.25,249.0,227.319,-7.846357254898129e-09,-2.4909762097023216,-5.014849691325346e-09,-5.741873821026033e-09,-5.3137555580207075e-11,4.377192476534564e-09
lateral_HZ,TN-P044,N619,interior_applied_load,,57.25,249.0,229.319,9.057968541492712e-09,-2.884635403302515,7.798457686251003e-09,5.436238101836387e-09,2.0597347434108114e-10,5.2753259528101896e-09
lateral_HZ,TN-P045,N200,interior_applied_load,,64.094,249.0,115.0,-4.256884288569065e-14,-8.611831276132985,-1.059086756859174e-12,-2.2893415376027332e-14,-2.644956808692359e-12,-7.303428344562567e-12
lateral_HZ,TN-P046,N620,interior_applied_load,,66.5,249.0,229.319,-2.626545395490141e-14,-5.007291664598221,-7.096862736812276e-13,-8.423058739349791e-15,2.5950574167052963e-12,2.4501213284983213e-13
lateral_HZ,TN-P047,N477,interior_applied_load,,68.75,249.0,218.16,-4.547473508864641e-13,-4.480201577765911,4.263256414560601e-14,2.2737367544323206e-13,1.1368683772161603e-13,-3.126388037344441e-13
lateral_HZ,TN-P048,N419,interior_applied_load,,80.25,249.0,207.0,7.450580596923828e-09,-6.570208329241723,0.0,-5.960464477539063e-08,0.0,7.450580596923828e-09
lateral_HZ,TN-P049,N469,interior_applied_load,,80.25,249.0,209.5,-7.450580596923828e-09,-2.4909762092866004,0.0,2.9802322387695312e-08,0.0,7.450580596923828e-09
lateral_HZ,TN-P050,N470,interior_applied_load,,80.25,249.0,227.319,7.962487839213717e-09,-2.490976210607931,-1.4496841343678013e-08,4.3265605428194354e-08,-5.079249696406037e-11,7.419749960269062e-09
lateral_HZ,TN-P051,N478,interior_applied_load,,80.25,249.0,229.319,1.6519747608177009e-09,-10.662997453780216,9.156695632605348e-09,-3.32922685421411e-08,1.639082922840796e-10,8.242391037960894e-09
lateral_HZ,TN-P052,N201,interior_applied_load,,80.6,249.0,115.0,-9.587114522678652e-15,-6.723893215736472,8.491829819037858e-13,-4.710059480519063e-14,5.398435339434027e-12,-3.1233133350408242e-12
lateral_HZ,TN-P053,N202,interior_applied_load,,85.448,249.0,115.0,2.1671609107921715e-13,-8.250380990895996,2.3309865028145304e-12,1.9163791642266965e-14,1.3873587982526426e-11,2.3625944088420862e-12
lateral_HZ,TN-P054,N479,interior_applied_load,,92.25,249.0,218.16,1.7053025658242404e-12,-4.581557218969692,1.1368683772161603e-13,9.094947017729282e-13,-3.183231456205249e-12,2.2737367544323206e-13
lateral_HZ,TN-P055,N621,interior_applied_load,,94.667,249.0,229.319,-1.7781023453693824e-16,-5.225000043434234,-1.869064102739875e-13,-4.937250536111958e-13,-9.862009188857252e-11,-9.744679076202329e-12
lateral_HZ,TN-P056,N420,interior_applied_load,,104.25,249.0,207.0,2.2351741790771484e-08,-11.291557220742106,1.1920928955078125e-07,1.1920928955078125e-07,2.561137080192566e-09,0.0
lateral_HZ,TN-P057,N471,interior_applied_load,,104.25,249.0,209.5,-7.450580596923828e-09,-2.4909762097522616,-5.960464477539063e-08,5.960464477539063e-08,5.122274160385132e-09,7.450580596923828e-09
lateral_HZ,TN-P058,N472,interior_applied_load,,104.25,249.0,227.319,-3.627189489735505e-09,-2.4909762100890003,2.560270031051748e-08,-2.2590352762030808e-08,-7.636546686952846e-11,4.002607481567999e-10
lateral_HZ,TN-P059,N622,interior_applied_load,,104.25,249.0,229.319,-6.704719152949803e-10,-6.132118055564042,-7.996236831973097e-08,3.622179363951931e-08,5.7774900544208545e-11,-4.433096150632765e-09
lateral_HZ,TN-P060,N203,interior_applied_load,,106.802,249.0,115.0,-5.710055414019156e-13,-7.337243474929187,-8.620271324633287e-11,2.9589066423362924e-14,-1.3217506179113892e-11,4.887704354116686e-11
lateral_HZ,TN-P061,N204,interior_applied_load,,108.75,249.0,115.0,1.1421443237460658e-12,-6.723893215800629,2.2725821740637435e-11,-7.142083274738925e-14,-3.052413233969822e-11,-5.0871740343481616e-11
lateral_HZ,TN-P062,N480,interior_applied_load,,116.25,249.0,218.16,-1.8189894035458565e-12,-4.581557218967646,-1.7053025658242404e-12,-1.8189894035458565e-12,-2.2737367544323206e-12,5.684341886080801e-13
lateral_HZ,TN-P063,N623,interior_applied_load,,122.833,249.0,229.319,4.659008906462883e-12,-5.224999988245649,8.456733324606275e-12,-2.1994556672566342e-11,-1.6485267836084463e-10,2.667221841850168e-11
lateral_HZ,TN-P064,N205,interior_applied_load,,128.156,249.0,115.0,1.2754740060558684e-13,-8.863731250005886,-6.679253562827757e-13,3.411383273042403e-15,1.4506799909464264e-11,-1.4674563712075513e-11
lateral_HZ,TN-P065,N421,interior_applied_load,,128.25,249.0,207.0,7.450580596923828e-09,-6.570208327844739,0.0,0.0,-2.3283064365386963e-10,7.450580596923828e-09
lateral_HZ,TN-P066,N473,interior_applied_load,,128.25,249.0,209.5,0.0,-2.4909762097522616,0.0,1.1920928955078125e-07,0.0,-7.450580596923828e-09
lateral_HZ,TN-P067,N474,interior_applied_load,,128.25,249.0,227.319,3.334054490995719e-08,-2.4909762106623403,1.725299431445948e-08,9.345838277580176e-08,2.0638317906155942e-10,-1.2836193979265387e-08
lateral_HZ,TN-P068,N481,interior_applied_load,,128.25,249.0,229.319,-5.343220165140008e-08,-10.662997454308353,1.8243079832532893e-08,-5.328140819774413e-08,4.572490205548548e-10,2.114504961396595e-09
lateral_HZ,TN-P069,N206,interior_applied_load,,136.9,249.0,115.0,-4.4341871890660917e-13,-6.723893215727994,2.0618808979624657e-13,-1.773676095006824e-14,2.494650196839206e-11,-1.265483818831382e-12
lateral_HZ,TN-P070,N482,interior_applied_load,,139.75,249.0,218.16,-9.094947017729282e-13,-4.48020157776682,9.094947017729282e-13,-5.4569682106375694e-12,1.8189894035458565e-12,6.821210263296962e-13
lateral_HZ,TN-P071,N207,interior_applied_load,,149.51,249.0,115.0,-2.722533335354466e-13,-8.863731249999553,-9.27000844597799e-13,3.4632629750534754e-14,6.2481380139044615e-12,3.4075594745464814e-12
lateral_HZ,TN-P072,N624,interior_applied_load,,151.0,249.0,229.319,8.857359290459499e-13,-5.0072916692067615,4.8886498071887274e-08,1.5860962293240165e-12,-7.546931940494161e-09,-5.758217916373987e-09
lateral_HZ,TN-P073,N422,interior_applied_load,,151.25,249.0,207.0,0.0,-5.5951007893309,-1.1920928955078125e-07,0.0,0.0,7.450580596923828e-09
lateral_HZ,TN-P074,N475,interior_applied_load,,151.25,249.0,209.5,0.0,-2.4909762097522616,0.0,0.0,2.3283064365386963e-10,0.0
lateral_HZ,TN-P075,N476,interior_applied_load,,151.25,249.0,227.319,9.675494058725143e-09,-2.4909762089031693,-7.833545860591595e-09,9.24112859984616e-08,-9.480620061059954e-11,8.4503079533782e-10
lateral_HZ,TN-P076,N625,interior_applied_load,,151.25,249.0,229.319,-1.5335369848989977e-09,-0.9252603831440233,-1.2221538675581765e-07,1.0049677620697671e-07,-1.0803294776557532e-08,-4.354379155532308e-09
lateral_HZ,TN-P077,N423,interior_applied_load,,152.25,249.0,207.0,-2.2049946479320372e-10,-0.13979168006736178,-6.206168928068806e-09,-2.2549251861290856e-09,-1.0943914807299881e-07,-1.3654203414065855e-08
lateral_HZ,TN-P078,N411,interior_applied_load,,155.25,249.0,120.0,-7.029000765230772e-14,-11.509154224683266,-7.428989273953195e-14,2.50809978898466e-12,1.4760695086688556e-14,3.173219241159465e-13
lateral_HZ,TN-P079,N412,interior_applied_load,,155.25,249.0,146.657,-5.542440824412288e-16,-23.018308449377052,2.554193090694009e-13,7.855160823989589e-12,-6.709553014108788e-14,2.024305558479449e-12
lateral_HZ,TN-P080,N413,interior_applied_load,,155.25,249.0,173.314,-5.173460531246727e-14,-23.01830844937258,-1.323461396034968e-12,2.341353465220438e-11,1.4760695086688556e-14,1.4809891896730399e-12
lateral_HZ,TN-P081,N414,interior_applied_load,,155.25,249.0,199.971,2.146326271108183e-12,-14.543941551236045,-3.5775390147962804e-11,-7.168019187494871e-12,-9.506216336329674e-13,-4.05848338452661e-12
lateral_HZ,TN-P082,N415,interior_applied_load,,155.25,249.0,207.0,8.133046586151918e-10,-11.50915422339407,1.0463403012638796e-07,-6.798779382784689e-10,-4.9965517259781485e-08,-3.6764467930651045e-08
lateral_HZ,TN-P083,N416,interior_applied_load,,155.25,249.0,226.628,0.0,-8.47436689864844,0.0,-1.1920928955078125e-07,-2.3283064365386963e-10,0.0
lateral_HZ,TN-P084,N626,interior_applied_load,,155.25,249.0,229.319,3.725290298461914e-09,-1.9049479002133012,0.0,0.0,-2.3283064365386963e-10,-3.725290298461914e-09
lateral_HZ,TN-P085,N458,interior_applied_load,,160.0,249.0,229.319,1.6592838096919068e-12,-8.873232788097512,8.036727238122838e-11,2.1093278428266084e-11,1.924397555196434e-10,1.2984654503624969e-11
lateral_HZ,TN-P086,N208,interior_applied_load,,165.05,249.0,115.0,1.2847901455947445e-13,-6.723893215742396,2.325984783075207e-11,-7.179589171235533e-14,-7.085875644037502e-12,-2.806573684502154e-11
lateral_HZ,TN-P087,N209,interior_applied_load,,170.865,249.0,115.0,4.5026241648444815e-13,-4.707381238037927,-6.934111133487838e-12,1.0588633341821504e-14,-9.265643951174491e-11,-4.054679514387113e-11
lateral_HZ,TN-P088,N459,interior_applied_load,,172.85,249.0,206.455,-4.048514259888187e-14,-7.332750335666874,8.440079724373033e-14,-7.982788140113392e-14,3.2486013849742883e-13,8.265186013361074e-13
lateral_HZ,TN-P089,N627,interior_applied_load,,179.167,249.0,229.319,-4.978490113985145e-12,-4.354166697912414,-5.177192843297755e-09,-3.6433461370459647e-13,-2.079950535241292e-10,-1.5526563572302194e-09
lateral_HZ,TN-P090,N210,interior_applied_load,,180.0,249.0,115.0,6.292105725336228e-10,-6.723893302785962,-7.186684314319791e-08,-9.842250747738035e-08,9.86217124982002e-12,1.6487438636580976e-09
lateral_HZ,TN-P091,N434,interior_applied_load,,180.0,249.0,117.5,8.149656397243119e-10,-3.837952383917047,9.017081179465623e-09,-2.6697998245044734e-08,1.1742134746998906e-11,-2.815172187887125e-10
lateral_HZ,TN-P092,N435,interior_applied_load,,180.0,249.0,144.955,-1.5326429076022707e-14,-7.675904771568678,1.424537871481192e-13,-2.5831164020829684e-12,-1.7576296779780135e-14,-4.988229071384413e-14
lateral_HZ,TN-P093,N436,interior_applied_load,,180.0,249.0,172.41,-5.1451844144001136e-15,-7.675904771569707,5.742194134325577e-15,-3.552275249901636e-13,-3.6129268132598934e-15,-2.0532746452296007e-13
lateral_HZ,TN-P094,N437,interior_applied_load,,180.0,249.0,199.864,-6.4288050186598694e-15,-7.675904771567982,-4.3164406652270363e-14,-4.613129118532128e-12,3.569063654165874e-15,9.636159947111263e-15
lateral_HZ,TN-P095,N438,interior_applied_load,,180.0,249.0,227.319,-7.450580596923828e-09,-3.8379523884505033,-2.384185791015625e-07,-4.76837158203125e-07,0.0,0.0
lateral_HZ,TN-P096,N628,interior_applied_load,,180.0,249.0,229.319,2.9802322387695312e-08,-6.1321180537343025,0.0,2.384185791015625e-07,-1.862645149230957e-09,1.4901161193847656e-08
lateral_HZ,TN-P097,N460,interior_applied_load,,185.7,249.0,183.592,7.561375379418999e-13,-7.332750335668795,-1.597722490121944e-13,-4.930254222470763e-12,-2.5249264729815563e-12,-3.7942211877566474e-13
lateral_HZ,TN-P098,N211,interior_applied_load,,192.219,249.0,115.0,2.5187766089222152e-12,-4.156350012614364,2.1594433717547942e-09,4.94635475863001e-14,-4.688472959162913e-10,-6.36266629984919e-11
lateral_HZ,TN-P099,N212,interior_applied_load,,193.2,249.0,115.0,-1.31456927848248e-12,-6.723893216172912,8.292724272358121e-10,-2.67137504363988e-13,1.849711639211006e-12,-1.541427727701566e-11
lateral_HZ,TN-P100,N461,interior_applied_load,,198.55,249.0,160.728,5.465941038656878e-13,-7.3327503356660575,1.634737946593947e-16,1.07649427301599e-12,-7.371472456337251e-13,1.2099910058971176e-12
lateral_HZ,TN-P101,N629,interior_applied_load,,207.333,249.0,229.319,-7.838028146905382e-13,-9.633593749021104,-2.2434148728294324e-11,2.50794259254908e-13,2.2791948500713258e-10,1.376910917319589e-11
lateral_HZ,TN-P102,N462,interior_applied_load,,211.4,249.0,137.864,9.094947017729282e-13,-7.332750335669971,1.7053025658242404e-13,-7.275957614183426e-12,-4.547473508864641e-13,-1.1652900866465643e-12
lateral_HZ,TN-P103,N213,interior_applied_load,,213.573,249.0,115.0,-4.164091581120208e-13,-8.863731249999015,5.465922366701037e-12,-1.992751648077375e-14,-4.6821490489270474e-12,3.61426079653793e-12
lateral_HZ,TN-P104,N214,interior_applied_load,,221.35,249.0,115.0,-7.51871484091514e-13,-3.3619466078981857,3.9568895208127083e-10,-1.4656758782168943e-11,-1.0828465237558562e-09,-1.3915347182741468e-10
lateral_HZ,TN-P105,N215,interface_action,N2; T-E,224.25,249.0,115.0,34.83878638878332,813.6292787079656,-104.01546636472415,616.3867005786897,222.59090146645326,-491.3281007987254
lateral_HZ,TN-P106,N439,interface_action,T-E,224.25,249.0,117.5,34.58677075410731,-540.3316172768452,100.36017898470584,-1173.599483103969,-155.00343296021154,-328.6288016848892
lateral_HZ,TN-P107,N185,interface_action,T-E,224.25,249.0,120.0,-0.9955305829180121,402.8748392171806,-2.622181462892724,-160.49582891160009,2.4184667205302883,22.945760795371196
lateral_HZ,TN-P108,N440,interior_applied_load,,224.25,249.0,144.955,5.773159728050814e-15,-7.675904771569062,-2.842170943040401e-14,-3.524291969370097e-12,0.0,-1.1368683772161603e-13
lateral_HZ,TN-P109,N441,interior_applied_load,,224.25,249.0,172.41,0.0,-7.675904771571368,1.1368683772161603e-13,1.8189894035458565e-12,4.263256414560601e-14,-5.684341886080802e-14
lateral_HZ,TN-P110,N442,interior_applied_load,,224.25,249.0,199.864,-7.105427357601002e-15,-7.675904771570458,0.0,-9.094947017729282e-13,1.9456333141099575e-14,1.7053025658242404e-13
lateral_HZ,TN-P111,N443,interior_applied_load,,224.25,249.0,227.319,9.689675325996738e-09,-3.8379523848280606,-2.614959379029086e-06,-2.561393214542407e-07,-3.518422927867433e-10,-1.0362777216887942e-07
lateral_HZ,TN-P112,N463,interface_action,N2; T-E top / segment 4,224.25,249.0,229.319,-46.974439945460325,-307.5502866364711,12.217119520324841,-338.4999803961663,265.37601251365044,1550.6019295301737
lateral_HZ,TN-P113,N464,interior_applied_load,,230.312,249.0,200.739,-2.83238580986994e-13,-8.168231420217904,8.77631181053522e-15,5.767098609349662e-13,-3.1223129924412074e-12,-2.2717133934809746e-13
lateral_HZ,TN-P114,N630,interior_applied_load,,235.5,249.0,229.319,1.3897208900135347e-12,-5.353587052510153,6.672802529337619e-11,-3.017861980290283e-13,2.061462517387916e-10,-2.929317635561643e-11
lateral_HZ,TN-P115,N465,interior_applied_load,,236.375,249.0,172.16,4.4056549066110274e-14,-8.168231420216632,7.868714664803505e-14,-2.1341117824361553e-12,7.653846090952102e-13,-2.562031553467172e-13
lateral_HZ,TN-P116,N466,interior_applied_load,,242.438,249.0,143.58,2.2737367544323206e-13,-8.168231420218945,-7.389644451905042e-13,1.3642420526593924e-12,3.410605131648481e-13,1.816324868286756e-13
lateral_HZ,TN-P117,N216,interior_applied_load,,248.5,249.0,115.0,-3.725290298461914e-09,-12.034709444269538,0.0,0.0,9.313225746154785e-10,0.0
lateral_HZ,TN-P118,N444,interior_applied_load,,248.5,249.0,117.5,1.862645149230957e-09,-3.725215404294431,0.0,-2.384185791015625e-07,-2.3283064365386963e-10,0.0
lateral_HZ,TN-P119,N445,interior_applied_load,,248.5,249.0,144.148,9.82450638125801e-15,-7.450430807085944,-7.484214226752762e-13,1.8461053395193505e-13,-9.92836765276705e-15,5.070150930930764e-14
lateral_HZ,TN-P120,N446,interior_applied_load,,248.5,249.0,170.797,6.395978732376515e-15,-7.450430807087163,1.3091297600388368e-13,-4.9683715710537634e-11,9.209561056607216e-15,-2.0425806900575853e-13
lateral_HZ,TN-P121,N447,interior_applied_load,,248.5,249.0,197.445,-2.123475649531425e-14,-7.4504308070845555,-4.4868162824502686e-13,4.615948254719263e-12,-6.374984085762971e-16,-6.277932467423276e-14
lateral_HZ,TN-P122,N448,interior_applied_load,,248.5,249.0,224.093,-2.563722011739835e-09,-3.725215403340331,-1.8582491388987234e-07,1.1133553379807863e-08,1.7823854108169872e-10,2.096713568489914e-08
lateral_HZ,TN-P123,N631,interior_applied_load,,248.5,249.0,226.324,7.193463298787091e-09,-3.127781259889241,2.0957998428632704e-07,-1.8317249056086202e-07,-2.370822111309532e-09,5.9378438710499035e-09
lateral_HZ,TN-P124,N217,interior_applied_load,,249.5,249.0,115.0,2.695097617300135e-12,-0.3148750110189359,-1.6606227639520688e-08,-5.61224461001486e-13,-4.735884663598089e-09,1.4819677342930992e-10
lateral_HZ,TN-P125,N632,interior_applied_load,,249.5,249.0,226.093,-9.212866734406684e-11,-0.22341294673598233,-9.63727572459847e-10,-2.3260204225791237e-11,1.398676827973055e-09,-2.959790410782337e-11
strength_lateral_HZ_1,TN-P001,N147,interface_action,BR-N-upper-1; T-W / B-WO; W4,-32.0,249.0,115.0,-174.98031332481918,302.42283473670483,-0.03345538355737425,18.86645358197715,109.26437329989214,513.0976728561834
strength_lateral_HZ_1,TN-P002,N555,interface_action,BR-N-upper-2; T-W top / segment 2; W4,-32.0,249.0,226.093,81.4918204325895,-149.7526748056584,0.3354852942251643,25.316636430829167,-132.31589525651526,-1721.8941189241557
strength_lateral_HZ_1,TN-P003,N188,interior_applied_load,,-31.0,249.0,115.0,-1.4492229638563003e-09,-9.001740374113638,4.250935603522521e-09,2.1688322249246994e-09,1.680433570072637e-10,-1.472557187298662e-09
strength_lateral_HZ_1,TN-P004,N424,interior_applied_load,,-31.0,249.0,117.5,-4.33479414730634e-10,-4.470258484324019,-4.404707915262823e-09,5.389013064170366e-09,-4.235103972493057e-12,2.6158751254196535e-09
strength_lateral_HZ_1,TN-P005,N425,interior_applied_load,,-31.0,249.0,144.148,-2.9041215423950772e-15,-8.940516968503223,-4.4953719306076374e-15,1.8604999945560368e-13,2.2447981887324118e-15,-1.1010729121737751e-13
strength_lateral_HZ_1,TN-P006,N426,interior_applied_load,,-31.0,249.0,170.797,-8.064101642544801e-15,-8.940516968503472,-1.8945986426875018e-14,1.891204252507843e-14,6.786005868341346e-15,5.1623421439007475e-14
strength_lateral_HZ_1,TN-P007,N427,interior_applied_load,,-31.0,249.0,197.445,3.3929248890947733e-15,-8.940516968502822,-2.712184352878461e-14,-1.1115661495118704e-13,2.3815497947256747e-15,1.8401734892496241e-13
strength_lateral_HZ_1,TN-P008,N428,interior_applied_load,,-31.0,249.0,224.093,7.450580596923828e-09,-4.470258484361693,1.1920928955078125e-07,0.0,-1.1641532182693481e-10,-7.450580596923828e-09
strength_lateral_HZ_1,TN-P009,N613,interior_applied_load,,-31.0,249.0,226.324,-7.450580596923828e-09,-3.7533375134225935,5.960464477539063e-08,-2.384185791015625e-07,3.3760443329811096e-09,0.0
strength_lateral_HZ_1,TN-P010,N449,interior_applied_load,,-23.25,249.0,143.58,-1.7053025658242404e-13,-9.934808889402234,-2.842170943040401e-14,5.400124791776761e-13,-4.618527782440651e-13,-4.831690603168681e-13
strength_lateral_HZ_1,TN-P011,N189,interior_applied_load,,-21.323,249.0,115.0,-2.074552729200687e-13,-10.258627486019698,4.222698729847222e-14,-2.6608679820989318e-14,-9.41123471944081e-13,1.7965979586497864e-13
strength_lateral_HZ_1,TN-P012,N614,interior_applied_load,,-18.0,249.0,229.319,2.7946637839752945e-13,-8.18774196732524,2.4206755097435777e-13,1.5301531696586627e-12,-4.523092765185617e-12,-2.4295326176770508e-12
strength_lateral_HZ_1,TN-P013,N450,interior_applied_load,,-15.5,249.0,172.16,2.1491806526687687e-13,-9.934808889400612,-1.2154549952454868e-14,-2.7774507814477255e-13,-1.7448617547151717e-13,-2.8180418650242835e-14
strength_lateral_HZ_1,TN-P014,N451,interior_applied_load,,-7.75,249.0,200.739,-9.698725156456282e-14,-9.934808889402044,4.898228153936189e-15,8.009428315149683e-15,-1.436744788881557e-14,3.750157739124039e-14
strength_lateral_HZ_1,TN-P015,N190,interior_applied_load,,-3.85,249.0,115.0,-1.7737227590972175e-13,-8.056864092479378,-1.6826610723268068e-12,-5.189803383391845e-15,3.955107225806094e-12,-6.471769238409076e-12
strength_lateral_HZ_1,TN-P016,N191,interior_applied_load,,0.0,249.0,115.0,-1.4451446705976423e-09,-1.4665270233873846,-8.450487518629757e-07,2.744151128553085e-09,3.4834551298867634e-08,4.02034200375212e-08
strength_lateral_HZ_1,TN-P017,N429,interior_applied_load,,0.0,249.0,117.5,2.4236245752640834e-09,-4.60554286283181,-4.104474875515191e-09,5.4450051818610485e-09,8.152169030934594e-14,5.478912203194772e-09
strength_lateral_HZ_1,TN-P018,N430,interior_applied_load,,0.0,249.0,144.955,-2.1159841055976748e-16,-9.211085725883507,-3.6160195838516725e-15,-1.3861739527423856e-13,-3.9245078658268895e-15,-5.738377282790912e-14
strength_lateral_HZ_1,TN-P019,N431,interior_applied_load,,0.0,249.0,172.41,-6.04058626870674e-17,-9.211085725883635,-5.402505759466518e-15,-1.4289102050721795e-13,-5.407217932309035e-15,1.7075006018699166e-14
strength_lateral_HZ_1,TN-P020,N432,interior_applied_load,,0.0,249.0,199.864,-1.790701603432364e-15,-9.2110857258836,8.15627203718769e-15,-2.8977026837830564e-13,-3.3770745619552993e-15,5.358372130735032e-16
strength_lateral_HZ_1,TN-P021,N433,interior_applied_load,,0.0,249.0,227.319,0.0,-4.605542863020673,0.0,0.0,2.3283064365386963e-10,7.450580596923828e-09
strength_lateral_HZ_1,TN-P022,N452,interior_applied_load,,-0.0,249.0,229.319,7.450580596923828e-09,-12.325946111697704,1.1920928955078125e-07,-1.1920928955078125e-07,0.0,0.0
strength_lateral_HZ_1,TN-P023,N192,interior_applied_load,,0.031,249.0,115.0,2.3286336390884892e-11,-0.37785196611932226,2.104878768874406e-06,1.612250795586307e-12,-1.947417612493324e-09,2.059602313729393e-08
strength_lateral_HZ_1,TN-P024,N193,interior_applied_load,,1.0,249.0,115.0,-1.0231815394945443e-12,-12.228449808194455,-3.948663618302817e-11,5.400124791776761e-13,-6.933476015547058e-11,8.128608897095546e-12
strength_lateral_HZ_1,TN-P025,N615,interior_applied_load,,10.167,249.0,229.319,-5.613432987385591e-13,-10.014583343914023,3.9173162617276996e-13,-4.743088298314971e-15,3.5033762624369592e-12,6.719084340479336e-13
strength_lateral_HZ_1,TN-P026,N453,interior_applied_load,,10.6,249.0,137.864,-1.7053025658242404e-13,-8.31955589789004,-3.730349362740526e-14,-1.3073986337985843e-12,1.7053025658242404e-13,2.5579538487363607e-13
strength_lateral_HZ_1,TN-P027,N454,interior_applied_load,,20.2,249.0,160.728,-5.0529884697419326e-14,-8.319555897890417,2.0820843771955013e-14,-3.139337732444527e-13,1.3182369727804403e-13,-2.7941901195643977e-13
strength_lateral_HZ_1,TN-P028,N194,interior_applied_load,,21.385,249.0,115.0,-1.0732704730708744e-13,-8.803904964115427,2.9746110801514593e-13,-1.6803665885957482e-14,-6.108989511501403e-13,-9.374965205911717e-12
strength_lateral_HZ_1,TN-P029,N195,interior_applied_load,,24.3,249.0,115.0,-1.3328369123584876e-14,-8.068671965232983,5.839084438922564e-14,3.891084027805051e-14,-2.8999948639382526e-12,2.5874626464336062e-12
strength_lateral_HZ_1,TN-P030,N455,interior_applied_load,,29.8,249.0,183.592,-1.3382511091321596e-13,-8.319555897891046,1.6142780883720065e-14,2.3681645188112414e-13,2.831003633254995e-13,-3.419503395913117e-13
strength_lateral_HZ_1,TN-P031,N616,interior_applied_load,,38.333,249.0,229.319,-8.415757332346364e-13,-10.145208349138878,6.374664265098128e-14,-1.2881174273290291e-14,6.333627344396354e-13,-1.4639628485072807e-13
strength_lateral_HZ_1,TN-P032,N456,interior_applied_load,,39.4,249.0,206.455,3.322650937296873e-14,-8.319555897889762,1.6937165519182523e-14,3.1427397750070725e-13,-2.1308192433387216e-13,-2.3401977051775153e-13
strength_lateral_HZ_1,TN-P033,N196,interior_applied_load,,42.74,249.0,115.0,-4.4504110679228694e-14,-9.805207533061994,-6.231789877703618e-14,-1.459953405258787e-14,1.5023196485929518e-13,-5.022858987323804e-13
strength_lateral_HZ_1,TN-P034,N457,interior_applied_load,,49.0,249.0,229.319,4.863331959370498e-13,-7.273007100343528,-2.4571134016326823e-10,1.6928599344084722e-11,2.355685091437465e-11,-5.648479947661933e-12
strength_lateral_HZ_1,TN-P035,N197,interface_action,BR-N-upper-2,50.25,249.0,115.0,-62.006584304147616,19.441341061145803,0.3385787640497503,-26.45492070624509,-59.12431637310807,855.3530125864528
strength_lateral_HZ_1,TN-P036,N617,interface_action,BR-N-upper-1,50.25,249.0,229.319,62.28691896088698,32.322133690677326,-0.20962733725467847,-9.174503557910736,39.77794957590299,701.7629028539305
strength_lateral_HZ_1,TN-P037,N198,interior_applied_load,,52.45,249.0,115.0,4.3265443182237436e-13,-1.133549935493117,-9.363567431880003e-11,9.280354571705906e-11,-1.1888077432834169e-11,-5.851001288542528e-12
strength_lateral_HZ_1,TN-P038,N199,interface_action,N1 / U-W,53.25,249.0,115.0,21.574988213810038,53.01576103370298,-1.2705972633138354,43.6775519229494,307.4297247796831,813.0105337209679
strength_lateral_HZ_1,TN-P039,N618,interface_action,N1 / U-W,53.25,249.0,229.319,-139.4533626933843,12.264546546664722,-3.262005338209742,-24.268406881283514,235.0213711896754,-1160.355763267322
strength_lateral_HZ_1,TN-P040,N417,interface_action,N1 / U-W,56.25,249.0,207.0,181.99445914989394,165.54670168382037,-1.915073908228321,-57.328065743430514,173.78066190786754,264.15194453823614
strength_lateral_HZ_1,TN-P041,N418,interior_applied_load,,57.25,249.0,207.0,0.0,-6.71412094659172,-3.725290298461914e-09,-1.862645149230957e-09,0.0,1.4901161193847656e-08
strength_lateral_HZ_1,TN-P042,N467,interior_applied_load,,57.25,249.0,209.5,0.0,-2.9891714518889785,0.0,0.0,5.820766091346741e-11,0.0
strength_lateral_HZ_1,TN-P043,N468,interior_applied_load,,57.25,249.0,227.319,-2.722561689982861e-09,-2.989171451709578,-4.15545785715371e-09,-2.9255256672050534e-09,9.776313449043047e-11,-1.8326389572553836e-09
strength_lateral_HZ_1,TN-P044,N619,interior_applied_load,,57.25,249.0,229.319,6.490189540211144e-09,-3.4615624839075134,5.037481441302059e-09,-2.9954408425583e-09,-1.1437355019727925e-10,3.6388044592925115e-09
strength_lateral_HZ_1,TN-P045,N200,interior_applied_load,,64.094,249.0,115.0,-1.45112391499061e-13,-10.334197531359226,-3.213874046948432e-13,6.416978517726682e-15,3.8540878380380355e-12,-1.2471163296115398e-11
strength_lateral_HZ_1,TN-P046,N620,interior_applied_load,,66.5,249.0,229.319,1.4946324154098488e-12,-6.008749997517459,1.6101129723232764e-13,1.2555991907040556e-14,2.7338945113546735e-13,-2.0660051122413053e-12
strength_lateral_HZ_1,TN-P047,N477,interior_applied_load,,68.75,249.0,218.16,4.547473508864641e-13,-5.376241893320184,1.0658141036401503e-14,2.2737367544323206e-13,-1.4210854715202004e-13,-4.263256414560601e-13
strength_lateral_HZ_1,TN-P048,N419,interior_applied_load,,80.25,249.0,207.0,1.4901161193847656e-08,-7.8842499940656126,0.0,2.9802322387695312e-08,0.0,-1.4901161193847656e-08
strength_lateral_HZ_1,TN-P049,N469,interior_applied_load,,80.25,249.0,209.5,-7.450580596923828e-09,-2.9891714518889785,0.0,1.4901161193847656e-08,-1.1641532182693481e-10,1.4901161193847656e-08
strength_lateral_HZ_1,TN-P050,N470,interior_applied_load,,80.25,249.0,227.319,-1.6460466219225811e-09,-2.9891714521304955,-2.3765132944886247e-08,7.905303689437204e-09,6.961103993712953e-11,1.1341912735385318e-08
strength_lateral_HZ_1,TN-P051,N478,interior_applied_load,,80.25,249.0,229.319,-3.3493525819636827e-09,-12.795596944208018,-1.730154356406553e-08,6.079227777519883e-09,8.413093112938277e-11,1.0787578034155262e-08
strength_lateral_HZ_1,TN-P052,N201,interior_applied_load,,80.6,249.0,115.0,1.428103940736743e-15,-8.068671858880204,1.127906701882278e-12,9.614652398685926e-16,-2.2793040551646852e-12,-3.654767242705213e-12
strength_lateral_HZ_1,TN-P053,N202,interior_applied_load,,85.448,249.0,115.0,1.4224612943627616e-13,-9.900457189070877,-2.265234505578309e-12,-3.412910967291049e-16,1.2618014211855653e-11,5.8875815351630325e-12
strength_lateral_HZ_1,TN-P054,N479,interior_applied_load,,92.25,249.0,218.16,2.0463630789890885e-12,-5.4978686627630395,2.2737367544323206e-13,1.5916157281026244e-12,-4.547473508864641e-12,-4.547473508864641e-13
strength_lateral_HZ_1,TN-P055,N621,interior_applied_load,,94.667,249.0,229.319,-8.999685941275955e-13,-6.270000052121192,-2.2881889942460905e-13,-3.0520806105793892e-12,-2.199557467618016e-11,-2.0464218993491622e-11
strength_lateral_HZ_1,TN-P056,N420,interior_applied_load,,104.25,249.0,207.0,7.450580596923828e-09,-13.54986866377294,-8.940696716308594e-08,-5.960464477539063e-08,8.847564458847046e-09,-1.4901161193847656e-08
strength_lateral_HZ_1,TN-P057,N471,interior_applied_load,,104.25,249.0,209.5,0.0,-2.9891714518889785,2.9802322387695312e-08,-8.940696716308594e-08,-1.3969838619232178e-09,0.0
strength_lateral_HZ_1,TN-P058,N472,interior_applied_load,,104.25,249.0,227.319,-5.400545181194483e-09,-2.9891714517501775,5.0577125676812273e-08,-2.0376235757707528e-08,6.584245692482915e-11,-2.1427924226657957e-09
strength_lateral_HZ_1,TN-P059,N622,interior_applied_load,,104.25,249.0,229.319,-2.18530106771388e-09,-7.3585416667709955,3.985346960842629e-08,-1.644712777958333e-09,6.23403472099098e-11,-1.907017209415702e-09
strength_lateral_HZ_1,TN-P060,N203,interior_applied_load,,106.802,249.0,115.0,1.8214069521819597e-14,-8.804692169991169,-8.260455506477597e-11,2.3485551831556035e-15,4.46639198328717e-11,1.3862074920430033e-11
strength_lateral_HZ_1,TN-P061,N204,interior_applied_load,,108.75,249.0,115.0,3.248597821787212e-13,-8.068671858851278,4.0713558726710635e-12,-3.4700719703422596e-15,-7.36692868883771e-11,-4.0310663835378923e-10
strength_lateral_HZ_1,TN-P062,N480,interior_applied_load,,116.25,249.0,218.16,0.0,-5.497868662761903,6.252776074688882e-13,-4.092726157978177e-12,-1.3642420526593924e-12,6.821210263296962e-13
strength_lateral_HZ_1,TN-P063,N623,interior_applied_load,,122.833,249.0,229.319,1.280667693180416e-12,-6.269999985897138,-4.948434245815026e-11,1.7603100826732538e-11,1.9096266898454003e-10,3.115644412901711e-11
strength_lateral_HZ_1,TN-P064,N205,interior_applied_load,,128.156,249.0,115.0,-2.2583764054830215e-13,-10.636477499998119,8.753626271299585e-13,-1.3063531411516894e-14,-6.66681270309855e-12,2.2632599187971868e-11
strength_lateral_HZ_1,TN-P065,N421,interior_applied_load,,128.25,249.0,207.0,1.4901161193847656e-08,-7.884249995462596,5.960464477539063e-08,-5.960464477539063e-08,0.0,-1.4901161193847656e-08
strength_lateral_HZ_1,TN-P066,N473,interior_applied_load,,128.25,249.0,209.5,-1.4901161193847656e-08,-2.9891714518889785,-5.960464477539063e-08,0.0,0.0,0.0
strength_lateral_HZ_1,TN-P067,N474,interior_applied_load,,128.25,249.0,227.319,-3.241205610501896e-08,-2.989171452023454,-1.1368636618561134e-07,7.135805599883804e-08,-1.4700195888119733e-11,4.28732361903994e-08
strength_lateral_HZ_1,TN-P068,N481,interior_applied_load,,128.25,249.0,229.319,-7.769508096746978e-10,-12.795596945028587,2.5281208566032485e-07,-7.543506687714375e-08,8.136343763937094e-10,7.189441611579993e-08
strength_lateral_HZ_1,TN-P069,N206,interior_applied_load,,136.9,249.0,115.0,-3.708012296734632e-13,-8.06867185888051,-3.5692316027270297e-12,4.386260708220223e-15,1.2593906876491467e-11,-1.4421405759422121e-11
strength_lateral_HZ_1,TN-P070,N482,interior_applied_load,,139.75,249.0,218.16,-9.094947017729282e-13,-5.376241893319275,6.821210263296962e-13,-1.8189894035458565e-12,2.7284841053187847e-12,-4.547473508864641e-13
strength_lateral_HZ_1,TN-P071,N207,interior_applied_load,,149.51,249.0,115.0,-4.003345678950969e-13,-10.636477499997387,-8.240828252399086e-13,-1.0922334777776932e-14,1.653057822554352e-11,1.4082235669439757e-11
strength_lateral_HZ_1,TN-P072,N624,interior_applied_load,,151.0,249.0,229.319,9.683809309990465e-12,-6.008749993554211,-1.0447243758981983e-07,-4.760426715424987e-13,1.5671553221796586e-08,1.6704522019100887e-09
strength_lateral_HZ_1,TN-P073,N422,interior_applied_load,,151.25,249.0,207.0,0.0,-6.714120948687196,-1.1920928955078125e-07,-1.1920928955078125e-07,6.984919309616089e-10,0.0
strength_lateral_HZ_1,TN-P074,N475,interior_applied_load,,151.25,249.0,209.5,0.0,-2.989171450957656,0.0,0.0,0.0,1.4901161193847656e-08
strength_lateral_HZ_1,TN-P075,N476,interior_applied_load,,151.25,249.0,227.319,5.2142232146584755e-09,-2.9891714517732737,-8.016327620111174e-08,1.0472743312145427e-07,-3.342589887752432e-10,1.1804640633050756e-09
strength_lateral_HZ_1,TN-P076,N625,interior_applied_load,,151.25,249.0,229.319,4.7620376947277165e-09,-1.110312504883868,-6.310825533716513e-08,4.1030069442209536e-07,-2.4478430772590862e-08,-8.979408230424396e-10
strength_lateral_HZ_1,TN-P077,N423,interior_applied_load,,152.25,249.0,207.0,2.513352499538514e-11,-0.16775000952576452,6.771310329078237e-08,6.94367761257368e-09,-3.986536783949442e-08,5.792516015375023e-09
strength_lateral_HZ_1,TN-P078,N411,interior_applied_load,,155.25,249.0,120.0,9.015279116864231e-14,-13.810985069622003,2.669719770937399e-14,1.5465543063807955e-12,3.0825301990065433e-15,-2.2250838114270375e-12
strength_lateral_HZ_1,TN-P079,N412,interior_applied_load,,155.25,249.0,146.657,9.035218017978521e-14,-27.621970139246,3.128678207861981e-13,7.571594586748551e-12,-6.50560306365151e-14,-2.871002482236629e-12
strength_lateral_HZ_1,TN-P080,N413,interior_applied_load,,155.25,249.0,173.314,3.340500902557294e-14,-27.62197013925135,-1.0883191161698165e-12,1.6412664564463398e-11,3.0825301990065433e-15,-5.0022893453246885e-12
strength_lateral_HZ_1,TN-P081,N414,interior_applied_load,,155.25,249.0,199.971,1.6304494188942881e-12,-17.452729861474893,-2.5207568673689845e-11,-2.7512942260254566e-11,-7.624202646404325e-13,-1.8441719381492994e-11
strength_lateral_HZ_1,TN-P082,N415,interior_applied_load,,155.25,249.0,207.0,-7.109974462080001e-10,-13.81098507318536,2.6562702794615275e-08,-9.677364236665679e-09,8.244205727154399e-08,-1.0040754385091323e-08
strength_lateral_HZ_1,TN-P083,N416,interior_applied_load,,155.25,249.0,226.628,-7.450580596923828e-09,-10.169240277260542,0.0,-1.1920928955078125e-07,0.0,0.0
strength_lateral_HZ_1,TN-P084,N626,interior_applied_load,,155.25,249.0,229.319,1.1175870895385742e-08,-2.2859374824911356,0.0,0.0,-4.656612873077393e-10,7.450580596923828e-09
strength_lateral_HZ_1,TN-P085,N458,interior_applied_load,,160.0,249.0,229.319,3.680226966546715e-12,-10.647879345721053,7.960454419779313e-11,5.566427825560819e-12,5.064635068265434e-11,3.9378279212066186e-11
strength_lateral_HZ_1,TN-P086,N208,interior_applied_load,,165.05,249.0,115.0,6.231714793787174e-13,-8.068671858892756,2.426124429623863e-11,1.8531193478677318e-14,-2.425729448554686e-11,-1.9025787832770637e-11
strength_lateral_HZ_1,TN-P087,N209,interior_applied_load,,170.865,249.0,115.0,-8.331603449457866e-13,-5.648857485650462,-1.2411431381898814e-11,-9.140270771909169e-15,-4.1825391977945e-11,-1.110901470125619e-11
strength_lateral_HZ_1,TN-P088,N459,interior_applied_load,,172.85,249.0,206.455,1.0730930923481474e-12,-8.79930040280325,-1.2397674507086113e-13,-1.4826777454743818e-12,6.971037716573875e-13,3.746304780364534e-13
strength_lateral_HZ_1,TN-P089,N627,interior_applied_load,,179.167,249.0,229.319,3.133836528604472e-12,-5.225000035638339,1.9911464454876472e-09,-6.772820866232335e-13,-1.370590531069983e-09,-1.4842310857548488e-09
strength_lateral_HZ_1,TN-P090,N210,interior_applied_load,,180.0,249.0,115.0,8.546114926843984e-10,-8.068671958383536,-6.892010873116305e-08,-6.51362377368514e-08,-2.9638838531877927e-10,-1.488278389416564e-09
strength_lateral_HZ_1,TN-P091,N434,interior_applied_load,,180.0,249.0,117.5,6.683933384039609e-10,-4.605542862146958,2.4298701062405333e-08,1.6599997978214758e-07,-9.504183891861032e-11,-9.1081295482686e-10
strength_lateral_HZ_1,TN-P092,N435,interior_applied_load,,180.0,249.0,144.955,-4.566747256794091e-15,-9.211085725884358,-2.31813677284694e-13,1.2977905894086633e-12,-2.3827399106587048e-14,2.8046343982570752e-14
strength_lateral_HZ_1,TN-P093,N436,interior_applied_load,,180.0,249.0,172.41,4.580395471210736e-15,-9.211085725883647,-3.570271050116055e-14,3.880578589208849e-13,1.1256961720267713e-14,-1.3353162745361288e-14
strength_lateral_HZ_1,TN-P094,N437,interior_applied_load,,180.0,249.0,199.864,-2.4994415709422706e-15,-9.211085725880862,5.413539118294599e-14,-5.263754922453601e-12,1.2884171570707617e-15,-5.640001508381794e-13
strength_lateral_HZ_1,TN-P095,N438,interior_applied_load,,180.0,249.0,227.319,0.0,-4.605542864650488,-2.384185791015625e-07,-4.76837158203125e-07,0.0,2.9802322387695312e-08
strength_lateral_HZ_1,TN-P096,N628,interior_applied_load,,180.0,249.0,229.319,0.0,-7.358541663736105,0.0,2.384185791015625e-07,-4.656612873077393e-10,-1.4901161193847656e-08
strength_lateral_HZ_1,TN-P097,N460,interior_applied_load,,185.7,249.0,183.592,-8.88968243110237e-14,-8.799300402800885,-2.453612429218475e-13,7.973918564489537e-13,8.391703854574137e-14,-9.699885379771864e-13
strength_lateral_HZ_1,TN-P098,N211,interior_applied_load,,192.219,249.0,115.0,-1.0840224194054502e-12,-4.987620014864689,1.2349624006539173e-09,1.4837729077470017e-14,6.323109244047501e-10,4.4852058766509357e-10
strength_lateral_HZ_1,TN-P099,N212,interior_applied_load,,193.2,249.0,115.0,3.664361025817926e-12,-8.068671859836957,2.082513780010381e-09,-6.653901201204515e-16,-9.637907353384684e-10,-2.121264833307174e-10
strength_lateral_HZ_1,TN-P100,N461,interior_applied_load,,198.55,249.0,160.728,-8.812188167235999e-14,-8.799300402798833,2.940560541888994e-13,-2.168129970137159e-12,-2.402196021812015e-13,1.0472076967771272e-12
strength_lateral_HZ_1,TN-P101,N629,interior_applied_load,,207.333,249.0,229.319,-2.179686359165426e-12,-11.560312498825363,1.4854031158065734e-12,5.44330325863117e-13,2.073589815646846e-11,-6.757761334508611e-12
strength_lateral_HZ_1,TN-P102,N462,interior_applied_load,,211.4,249.0,137.864,0.0,-8.799300402800782,-3.410605131648481e-13,-6.821210263296962e-12,9.094947017729282e-13,-1.1084466677857563e-12
strength_lateral_HZ_1,TN-P103,N213,interior_applied_load,,213.573,249.0,115.0,-9.734665705143081e-13,-10.636477499998795,-1.0010998362229486e-11,8.252585319560533e-15,4.8886850353568455e-12,8.55700034749977e-13
strength_lateral_HZ_1,TN-P104,N214,interior_applied_load,,221.35,249.0,115.0,1.9797906351649692e-13,-4.034335929348454,-4.3262323360826514e-10,-1.1878499764436212e-12,3.1545741168698963e-10,9.836306416679462e-11
strength_lateral_HZ_1,TN-P105,N215,interface_action,N2; T-E,224.25,249.0,115.0,42.42662911679781,940.7028413359812,-118.88283844997744,697.2795612045566,269.48457920165015,-636.0526021252092
strength_lateral_HZ_1,TN-P106,N439,interface_action,T-E,224.25,249.0,117.5,42.97689923543284,-613.9461484920294,114.86478512242942,-1328.5409477331302,-221.9525307551784,-382.96592486333196
strength_lateral_HZ_1,TN-P107,N185,interface_action,T-E,224.25,249.0,120.0,-1.2300406860185604,447.8518309259333,-2.8605085118259534,-175.07125757430427,0.10014566178084665,29.147710869194412
strength_lateral_HZ_1,TN-P108,N440,interior_applied_load,,224.25,249.0,144.955,4.440892098500626e-15,-9.211085725883171,3.552713678800501e-14,-5.115907697472721e-13,-1.4210854715202004e-14,4.263256414560601e-14
strength_lateral_HZ_1,TN-P109,N441,interior_applied_load,,224.25,249.0,172.41,0.0,-9.211085725885823,5.684341886080802e-14,9.094947017729282e-13,0.0,-1.1368683772161603e-13
strength_lateral_HZ_1,TN-P110,N442,interior_applied_load,,224.25,249.0,199.864,-1.7763568394002505e-14,-9.211085725883095,-2.8421709430404007e-13,-6.366462912410498e-12,2.0898513548094114e-14,1.7053025658242404e-13
strength_lateral_HZ_1,TN-P111,N443,interior_applied_load,,224.25,249.0,227.319,-4.93005996027307e-08,-4.605542861501863,-3.614050629773685e-06,-1.782586993799573e-06,-2.5608075954039765e-10,-8.54109005743453e-08
strength_lateral_HZ_1,TN-P112,N463,interface_action,N2; T-E top / segment 4,224.25,249.0,229.319,-55.081414126594126,-330.335023176922,12.895262330072383,-375.5442227659684,275.50892092195073,1892.4758130067287
strength_lateral_HZ_1,TN-P113,N464,interior_applied_load,,230.312,249.0,200.739,-8.956135157580342e-14,-9.801877704262894,-9.457931648610824e-14,-1.1462113829867915e-12,-3.240530956518003e-12,8.127361853545804e-14
strength_lateral_HZ_1,TN-P114,N630,interior_applied_load,,235.5,249.0,229.319,3.9425685311304357e-13,-6.424304463012183,1.5570790680387908e-11,2.5397209414347825e-11,5.3381204031467396e-11,-3.870532841739076e-11
strength_lateral_HZ_1,TN-P115,N465,interior_applied_load,,236.375,249.0,172.16,1.2780712924687506e-13,-9.801877704261315,6.535549938140297e-14,-5.5087694754204495e-12,-6.753827925615846e-13,-1.1509528558113237e-13
strength_lateral_HZ_1,TN-P116,N466,interior_applied_load,,242.438,249.0,143.58,-2.2737367544323206e-13,-9.801877704260733,1.1368683772161603e-13,-8.185452315956354e-12,-2.0463630789890885e-12,7.815970093361102e-14
strength_lateral_HZ_1,TN-P117,N216,interior_applied_load,,248.5,249.0,115.0,-3.725290298461914e-09,-14.441651333123446,0.0,-2.384185791015625e-07,-2.0954757928848267e-09,0.0
strength_lateral_HZ_1,TN-P118,N444,interior_applied_load,,248.5,249.0,117.5,0.0,-4.4702584855258465,1.1920928955078125e-07,0.0,-2.3283064365386963e-10,0.0
strength_lateral_HZ_1,TN-P119,N445,interior_applied_load,,248.5,249.0,144.148,2.1951646138441956e-15,-8.940516968501706,-1.508095291034464e-13,4.288333973515261e-12,1.9334802175761717e-14,-1.2552627386113592e-13
strength_lateral_HZ_1,TN-P120,N446,interior_applied_load,,248.5,249.0,170.797,9.748543004753125e-15,-8.940516968505369,3.349898156361452e-14,-2.7733540297255847e-11,-1.0692562697637083e-14,-1.676974081148373e-13
strength_lateral_HZ_1,TN-P121,N447,interior_applied_load,,248.5,249.0,197.445,-1.142480172433315e-14,-8.940516968501093,2.2513886915800887e-13,1.634403091922898e-11,-7.74084178157337e-15,-4.3300212424730395e-13
strength_lateral_HZ_1,TN-P122,N448,interior_applied_load,,248.5,249.0,224.093,5.618327720346352e-09,-4.470258483754977,8.994432530297163e-08,1.0794619431536025e-07,1.3858910277387114e-10,7.989381896732138e-09
strength_lateral_HZ_1,TN-P123,N631,interior_applied_load,,248.5,249.0,226.324,-4.3831516667477735e-10,-3.7533375132627076,-2.881290287996983e-07,-1.126846967980645e-07,-3.056385596787306e-09,-5.141525586940884e-09
strength_lateral_HZ_1,TN-P124,N217,interior_applied_load,,249.5,249.0,115.0,2.017079211991124e-12,-0.37785001468316975,-3.957050371400372e-09,-2.98264776592283e-13,-3.1942842121379655e-10,4.4715459026484217e-10
strength_lateral_HZ_1,TN-P125,N632,interior_applied_load,,249.5,249.0,226.093,-2.7346120632961914e-11,-0.2680955351532216,-2.443614480330995e-09,-4.57069588603703e-10,-3.1248001481044485e-09,-9.852950342851898e-11
strength_lateral_HZ_-1,TN-P001,N147,interface_action,BR-N-upper-1; T-W / B-WO; W4,-32.0,249.0,115.0,-179.37825447391393,295.3941659690147,0.847306613735731,181.80169249751054,96.40311873983654,618.4315181671831
strength_lateral_HZ_-1,TN-P002,N555,interface_action,BR-N-upper-2; T-W top / segment 2; W4,-32.0,249.0,226.093,95.54707765469662,-136.1936112166189,-1.2356063264422377,141.1840942393223,27.028379648244435,-1705.7278323570943
strength_lateral_HZ_-1,TN-P003,N188,interior_applied_load,,-31.0,249.0,115.0,-4.752166660182411e-09,-9.001740373491884,1.2590202658202543e-08,-2.7350210984877776e-09,1.3027090517425677e-09,4.892420690794097e-09
strength_lateral_HZ_-1,TN-P004,N424,interior_applied_load,,-31.0,249.0,117.5,-4.209806027562052e-09,-4.470258484364522,-9.516376749573242e-09,1.5440484805727022e-08,-6.607047303440289e-11,-1.4306575819459727e-09
strength_lateral_HZ_-1,TN-P005,N425,interior_applied_load,,-31.0,249.0,144.148,-1.2957440847899147e-14,-8.940516968503399,-5.0410909656550605e-15,2.336871967008287e-13,-8.49394102169904e-15,-1.0298181172116893e-13
strength_lateral_HZ_-1,TN-P006,N426,interior_applied_load,,-31.0,249.0,170.797,-4.961296431478468e-15,-8.940516968503085,-1.06019152498043e-14,4.200978034240537e-15,-7.87721777117842e-16,-3.4510405826736597e-14
strength_lateral_HZ_-1,TN-P007,N427,interior_applied_load,,-31.0,249.0,197.445,-7.108741969577453e-15,-8.940516968503136,-1.4989900571444876e-14,7.648288367185098e-13,8.63059472720796e-15,1.2275585576514575e-13
strength_lateral_HZ_-1,TN-P008,N428,interior_applied_load,,-31.0,249.0,224.093,-3.725290298461914e-09,-4.470258484128863,1.1920928955078125e-07,1.1920928955078125e-07,-2.3283064365386963e-10,0.0
strength_lateral_HZ_-1,TN-P009,N613,interior_applied_load,,-31.0,249.0,226.324,7.450580596923828e-09,-3.7533375138882548,1.1920928955078125e-07,-3.5762786865234375e-07,2.7939677238464355e-09,1.4901161193847656e-08
strength_lateral_HZ_-1,TN-P010,N449,interior_applied_load,,-23.25,249.0,143.58,1.4210854715202004e-13,-9.934808889400756,-7.815970093361102e-14,1.7621459846850485e-12,1.5631940186722204e-13,-8.526512829121202e-14
strength_lateral_HZ_-1,TN-P011,N189,interior_applied_load,,-21.323,249.0,115.0,3.044456767897942e-13,-10.258627486019675,2.2537574212511724e-13,-9.917196207856395e-14,6.438668843799484e-15,6.318492372860941e-13
strength_lateral_HZ_-1,TN-P012,N614,interior_applied_load,,-18.0,249.0,229.319,4.100567492474309e-13,-8.187741967325247,2.1186265529416795e-12,3.482237628528359e-12,1.0934465402228638e-11,-4.235252349819209e-12
strength_lateral_HZ_-1,TN-P013,N450,interior_applied_load,,-15.5,249.0,172.16,-1.1172831678433238e-13,-9.934808889401753,-3.994957037056081e-14,-1.656932519763778e-12,-3.1798118916196267e-13,-1.054569479227306e-13
strength_lateral_HZ_-1,TN-P014,N451,interior_applied_load,,-7.75,249.0,200.739,-2.1084574028894646e-13,-9.934808889402461,2.414366423593657e-14,-5.608607821034915e-13,8.132175188310342e-15,1.0750861026550052e-14
strength_lateral_HZ_-1,TN-P015,N190,interior_applied_load,,-3.85,249.0,115.0,-2.1696737962249542e-13,-8.056864092475086,-8.151479761247702e-12,1.1003285288112613e-14,-8.215939515891114e-12,-4.3199021199325625e-12
strength_lateral_HZ_-1,TN-P016,N191,interior_applied_load,,0.0,249.0,115.0,1.2812264749140212e-08,-1.4665278936115906,2.44906883377638e-05,1.977226293803369e-08,-5.520303169189421e-07,-2.6160125093932507e-08
strength_lateral_HZ_-1,TN-P017,N429,interior_applied_load,,0.0,249.0,117.5,-1.3570299409088627e-08,-4.605542862706508,-3.2714206692497686e-08,-9.298617026737271e-09,-1.9025345118569525e-11,-1.423677153110861e-08
strength_lateral_HZ_-1,TN-P018,N430,interior_applied_load,,0.0,249.0,144.955,1.7313015722745351e-15,-9.211085725883216,1.0823147261602123e-14,-4.42361280937387e-13,9.660462150242804e-15,-1.7735820016030575e-14
strength_lateral_HZ_-1,TN-P019,N431,interior_applied_load,,0.0,249.0,172.41,-1.785486509864419e-15,-9.211085725883615,-1.3194472082165879e-14,-2.6669102142783167e-13,9.473658735861021e-15,-5.713900473527576e-15
strength_lateral_HZ_-1,TN-P020,N432,interior_applied_load,,0.0,249.0,199.864,1.342076677081221e-16,-9.211085725883384,6.425215652083547e-14,-4.246343891472513e-13,-4.7390086831542184e-15,-2.2822913847020045e-14
strength_lateral_HZ_-1,TN-P021,N433,interior_applied_load,,0.0,249.0,227.319,3.725290298461914e-09,-4.605542863253504,0.0,0.0,2.3283064365386963e-10,0.0
strength_lateral_HZ_-1,TN-P022,N452,interior_applied_load,,-0.0,249.0,229.319,3.725290298461914e-09,-12.325946111697704,4.76837158203125e-07,-2.384185791015625e-07,0.0,-3.725290298461914e-09
strength_lateral_HZ_-1,TN-P023,N192,interior_applied_load,,0.031,249.0,115.0,5.762342849165645e-10,-0.3778507911544557,-3.8266743808315696e-05,2.569344804348743e-12,-2.9540054339119843e-07,-1.04640427570307e-07
strength_lateral_HZ_-1,TN-P024,N193,interior_applied_load,,1.0,249.0,115.0,-1.3301360013429075e-11,-12.228449807769039,5.755822485298268e-10,1.1368683772161603e-12,3.781224222620949e-10,-9.666223377280403e-11
strength_lateral_HZ_-1,TN-P025,N615,interior_applied_load,,10.167,249.0,229.319,-3.0784175644539803e-13,-10.014583343913957,3.3914508067398605e-12,-7.31292349627011e-14,1.206350144842966e-11,9.054985753008447e-13
strength_lateral_HZ_-1,TN-P026,N453,interior_applied_load,,10.6,249.0,137.864,-4.547473508864641e-13,-8.319555897890496,5.684341886080802e-14,-7.048583938740194e-12,2.1032064978498966e-12,-7.815970093361102e-14
strength_lateral_HZ_-1,TN-P027,N454,interior_applied_load,,20.2,249.0,160.728,3.0098936508830084e-13,-8.319555897889733,2.131734480071552e-13,4.0385271882011016e-12,1.871048669586639e-13,-3.161420695817484e-13
strength_lateral_HZ_-1,TN-P028,N194,interior_applied_load,,21.385,249.0,115.0,-5.007652843954565e-13,-8.803904964108511,1.73010729849501e-11,6.528674742265492e-14,-8.77494746300054e-11,8.506371886880136e-12
strength_lateral_HZ_-1,TN-P029,N195,interior_applied_load,,24.3,249.0,115.0,1.224832165253999e-12,-8.06867196523714,-1.654516087823094e-11,-3.081955075443015e-13,-2.4405243562820235e-11,-1.5329056038559465e-13
strength_lateral_HZ_-1,TN-P030,N455,interior_applied_load,,29.8,249.0,183.592,-7.102886478577766e-14,-8.319555897890432,-1.8465272210045383e-13,1.3335684256272663e-12,-1.8577091892528545e-13,4.6555572450780006e-14
strength_lateral_HZ_-1,TN-P031,N616,interior_applied_load,,38.333,249.0,229.319,-8.294130422518807e-15,-10.14520834913841,-1.482356782516986e-12,-5.1692695652232575e-14,4.0564478073157724e-12,1.3493944821348655e-12
strength_lateral_HZ_-1,TN-P032,N456,interior_applied_load,,39.4,249.0,206.455,1.131125940083032e-13,-8.319555897890211,-4.084815575907921e-13,-3.1041341089585857e-12,1.3317330295792646e-12,1.1161000076345783e-13
strength_lateral_HZ_-1,TN-P033,N196,interior_applied_load,,42.74,249.0,115.0,-1.1742194680214075e-12,-9.805207533060834,4.682366913720548e-12,-5.176169552901603e-14,-1.578614265813261e-13,1.5402806469988384e-12
strength_lateral_HZ_-1,TN-P034,N457,interior_applied_load,,49.0,249.0,229.319,-4.139105724831893e-12,-7.273007100278422,-1.016614313564812e-09,-1.2117422371789442e-11,6.018502588661656e-10,4.86832525247588e-11
strength_lateral_HZ_-1,TN-P035,N197,interface_action,BR-N-upper-2,50.25,249.0,115.0,-29.83386329521197,-23.836497400705856,-1.9364066339523607,-56.074392179203286,-13.989441043712446,847.9005283627798
strength_lateral_HZ_-1,TN-P036,N617,interface_action,BR-N-upper-1,50.25,249.0,229.319,66.14282254092296,38.75226668374577,0.65443069958541,38.16522954385805,11.083262791085199,656.3609679580798
strength_lateral_HZ_-1,TN-P037,N198,interior_applied_load,,52.45,249.0,115.0,-2.6622440330905042e-12,-1.133549935285471,3.2425654998015057e-10,1.920289039105004e-10,6.602873379290601e-10,8.466134781095975e-11
strength_lateral_HZ_-1,TN-P038,N199,interface_action,N1 / U-W,53.25,249.0,115.0,-35.75960258898049,96.04732408614657,4.2243512250077275,150.74884914415745,-47.040837411137446,554.674420202421
strength_lateral_HZ_-1,TN-P039,N618,interface_action,N1 / U-W,53.25,249.0,229.319,-90.69403314765772,24.38060460023281,5.4101576576276775,-53.33258757570725,-371.835459215659,-962.5711288263275
strength_lateral_HZ_-1,TN-P040,N417,interface_action,N1 / U-W,56.25,249.0,207.0,111.43008411465537,121.44795236377985,-2.8721177473042436,27.75359969056342,-74.03618891776149,148.48199543305856
strength_lateral_HZ_-1,TN-P041,N418,interior_applied_load,,57.25,249.0,207.0,7.450580596923828e-09,-6.714120947290212,1.1920928955078125e-07,0.0,3.4924596548080444e-10,2.2351741790771484e-08
strength_lateral_HZ_-1,TN-P042,N467,interior_applied_load,,57.25,249.0,209.5,0.0,-2.9891714518889785,-1.1920928955078125e-07,-1.1920928955078125e-07,0.0,0.0
strength_lateral_HZ_-1,TN-P043,N468,interior_applied_load,,57.25,249.0,227.319,-7.051405596578131e-09,-2.9891714515243777,-1.2887876904565942e-08,1.2520809195004645e-07,3.310175096126117e-11,3.924834918872522e-09
strength_lateral_HZ_-1,TN-P044,N619,interior_applied_load,,57.25,249.0,229.319,3.0561343409796434e-09,-3.4615624835918837,-2.7451251458155117e-07,1.8510205943463157e-07,5.017474846932479e-10,-3.263802204836118e-09
strength_lateral_HZ_-1,TN-P045,N200,interior_applied_load,,64.094,249.0,115.0,9.720108281519985e-14,-10.334197531358223,4.637388993578393e-12,3.032688706491919e-13,5.978578459135335e-12,-2.90290244327562e-11
strength_lateral_HZ_-1,TN-P046,N620,interior_applied_load,,66.5,249.0,229.319,-2.501852662445532e-13,-6.008749997517648,9.887192835453611e-12,1.9156149348389492e-13,-1.5912169208541372e-12,-2.8371930160098094e-13
strength_lateral_HZ_-1,TN-P047,N477,interior_applied_load,,68.75,249.0,218.16,-4.547473508864641e-13,-5.37624189331973,-9.094947017729282e-13,1.8189894035458565e-12,-5.4569682106375694e-12,-3.268496584496461e-13
strength_lateral_HZ_-1,TN-P048,N419,interior_applied_load,,80.25,249.0,207.0,0.0,-7.8842499940656126,2.384185791015625e-07,4.76837158203125e-07,2.3283064365386963e-10,7.450580596923828e-09
strength_lateral_HZ_-1,TN-P049,N469,interior_applied_load,,80.25,249.0,209.5,7.450580596923828e-09,-2.9891714518889785,-1.1920928955078125e-07,2.384185791015625e-07,0.0,7.450580596923828e-09
strength_lateral_HZ_-1,TN-P050,N470,interior_applied_load,,80.25,249.0,227.319,3.5183879872058288e-09,-2.9891714519370245,-1.8695152671777127e-07,-1.6188725412979998e-07,3.86084090062193e-11,-1.1814387732012044e-09
strength_lateral_HZ_-1,TN-P051,N478,interior_applied_load,,80.25,249.0,229.319,1.0801325188625664e-09,-12.795596943771216,3.268282429140386e-07,-1.1479916511496356e-07,2.47522478350126e-11,1.1886977926779023e-08
strength_lateral_HZ_-1,TN-P052,N201,interior_applied_load,,80.6,249.0,115.0,1.1651474881991638e-12,-8.068671858883777,-1.655381527945517e-11,5.819959517174202e-13,-5.752644347777743e-14,-1.0661113250667307e-11
strength_lateral_HZ_-1,TN-P053,N202,interior_applied_load,,85.448,249.0,115.0,-7.773834971736049e-13,-9.900457189064753,1.3378735097226318e-11,-2.449811370151516e-13,1.9554024718370053e-12,-1.1222036818982461e-11
strength_lateral_HZ_-1,TN-P054,N479,interior_applied_load,,92.25,249.0,218.16,1.8189894035458565e-12,-5.497868662762585,-4.547473508864641e-13,-2.1827872842550278e-11,-7.275957614183426e-12,-9.094947017729282e-13
strength_lateral_HZ_-1,TN-P055,N621,interior_applied_load,,94.667,249.0,229.319,-8.8094367831533e-13,-6.270000052121511,1.755429725017216e-11,7.902562583560109e-11,1.9579033917135403e-10,-3.7341092113816576e-11
strength_lateral_HZ_-1,TN-P056,N420,interior_applied_load,,104.25,249.0,207.0,2.9802322387695312e-08,-13.54986866377294,1.1920928955078125e-07,0.0,4.656612873077393e-10,7.450580596923828e-09
strength_lateral_HZ_-1,TN-P057,N471,interior_applied_load,,104.25,249.0,209.5,0.0,-2.9891714518889785,2.384185791015625e-07,7.152557373046875e-07,-1.816079020500183e-08,1.4901161193847656e-08
strength_lateral_HZ_-1,TN-P058,N472,interior_applied_load,,104.25,249.0,227.319,-3.6353366046626423e-09,-2.9891714520788963,-2.7309012468057503e-08,2.872677961618386e-07,-2.436307843957739e-10,4.519033529326588e-09
strength_lateral_HZ_-1,TN-P059,N622,interior_applied_load,,104.25,249.0,229.319,-2.584427105224882e-10,-7.358541666521277,-3.267102096423226e-07,2.268023933129249e-07,3.5040195508684634e-10,1.2673103564583619e-09
strength_lateral_HZ_-1,TN-P060,N203,interior_applied_load,,106.802,249.0,115.0,-1.1130425344695884e-12,-8.804692169606705,1.1033376692992329e-10,-5.685209469367679e-13,-3.261611457496624e-10,7.413244334590837e-11
strength_lateral_HZ_-1,TN-P061,N204,interior_applied_load,,108.75,249.0,115.0,-1.2018415438001522e-12,-8.06867185906776,-1.0641892355965638e-10,5.53357811863961e-13,-1.9607713353061183e-10,8.223739471178395e-11
strength_lateral_HZ_-1,TN-P062,N480,interior_applied_load,,116.25,249.0,218.16,-9.094947017729282e-13,-5.497868662762812,6.59383658785373e-12,1.8189894035458565e-11,0.0,-7.958078640513122e-13
strength_lateral_HZ_-1,TN-P063,N623,interior_applied_load,,122.833,249.0,229.319,1.53610097751983e-12,-6.269999985903483,6.567908861825886e-11,-6.12162012977091e-11,-3.872925123634485e-11,-4.661888849798126e-12
strength_lateral_HZ_-1,TN-P064,N205,interior_applied_load,,128.156,249.0,115.0,-1.8489305868662123e-14,-10.636477499998508,1.438948494768665e-13,-4.793507434708967e-14,3.3103816213057925e-11,3.275349289475429e-11
strength_lateral_HZ_-1,TN-P065,N421,interior_applied_load,,128.25,249.0,207.0,7.450580596923828e-09,-7.884249993599951,-2.384185791015625e-07,4.76837158203125e-07,-2.3283064365386963e-10,0.0
strength_lateral_HZ_-1,TN-P066,N473,interior_applied_load,,128.25,249.0,209.5,0.0,-2.9891714518889785,2.384185791015625e-07,-2.384185791015625e-07,0.0,0.0
strength_lateral_HZ_-1,TN-P067,N474,interior_applied_load,,128.25,249.0,227.319,1.5442827639919332e-08,-2.9891714531659606,3.0189506804167987e-07,5.1630885039566365e-08,6.974030027699105e-11,1.5015341851831732e-09
strength_lateral_HZ_-1,TN-P068,N481,interior_applied_load,,128.25,249.0,229.319,-3.2674547832964965e-08,-12.79559694456653,3.1498552703731034e-07,2.0907919808935832e-07,-5.666450157339378e-10,1.8852921982958953e-08
strength_lateral_HZ_-1,TN-P069,N206,interior_applied_load,,136.9,249.0,115.0,1.002880256336335e-12,-8.068671858882505,6.083853439529528e-13,5.6199299142152416e-14,1.3411393409695593e-11,1.7935020232674163e-11
strength_lateral_HZ_-1,TN-P070,N482,interior_applied_load,,139.75,249.0,218.16,0.0,-5.376241893320184,-2.2737367544323206e-12,1.4551915228366852e-11,-5.4569682106375694e-12,-6.821210263296962e-13
strength_lateral_HZ_-1,TN-P071,N207,interior_applied_load,,149.51,249.0,115.0,2.9694037769669105e-13,-10.636477499999499,1.2494060779226696e-12,5.750321619390805e-14,1.1177463818220676e-11,2.4579725106922604e-11
strength_lateral_HZ_-1,TN-P072,N624,interior_applied_load,,151.0,249.0,229.319,5.795253166240855e-12,-6.0087499907594575,-6.811436985415531e-07,-7.134334957316315e-12,4.280183753604949e-08,2.801322809137252e-09
strength_lateral_HZ_-1,TN-P073,N422,interior_applied_load,,151.25,249.0,207.0,0.0,-6.714120947755873,4.76837158203125e-07,2.384185791015625e-07,0.0,7.450580596923828e-09
strength_lateral_HZ_-1,TN-P074,N475,interior_applied_load,,151.25,249.0,209.5,7.450580596923828e-09,-2.9891714518889785,2.384185791015625e-07,0.0,-2.3283064365386963e-10,7.450580596923828e-09
strength_lateral_HZ_-1,TN-P075,N476,interior_applied_load,,151.25,249.0,227.319,1.0256263002078603e-08,-2.9891714525558615,1.066986095463185e-06,3.91569979690809e-07,-5.278018594083584e-12,-5.479329913404829e-09
strength_lateral_HZ_-1,TN-P076,N625,interior_applied_load,,151.25,249.0,229.319,-3.747262406622598e-09,-1.1103125422227418,-9.385821167849206e-07,3.3784558283146706e-07,1.1678936792745148e-07,4.759198656478433e-09
strength_lateral_HZ_-1,TN-P077,N423,interior_applied_load,,152.25,249.0,207.0,1.1154244778515005e-10,-0.1677499897586958,-3.711625432873342e-08,4.108246653938435e-09,-3.399361751453949e-08,1.2653530411418583e-08
strength_lateral_HZ_-1,TN-P078,N411,interior_applied_load,,155.25,249.0,120.0,-2.5511014610739587e-14,-13.810985069623483,1.298110330426335e-13,-1.538739725392438e-13,2.2427986106572163e-14,8.674252568004965e-13
strength_lateral_HZ_-1,TN-P079,N412,interior_applied_load,,155.25,249.0,146.657,1.046075543244192e-13,-27.62197013924949,-1.1645452211258004e-12,-3.010613966331176e-11,2.7804843543607822e-14,1.1350371499001538e-12
strength_lateral_HZ_-1,TN-P080,N413,interior_applied_load,,155.25,249.0,173.314,-8.513922238394482e-14,-27.621970139246784,1.8196849422845405e-12,-4.210945846833834e-11,2.2427986106572163e-14,9.632479211469543e-13
strength_lateral_HZ_-1,TN-P081,N414,interior_applied_load,,155.25,249.0,199.971,1.606782859149434e-12,-17.45272986147193,-5.225708185104482e-12,-1.2252263583790176e-10,9.232645682705223e-14,-1.7306790213820284e-12
strength_lateral_HZ_-1,TN-P082,N415,interior_applied_load,,155.25,249.0,207.0,-2.75758421937321e-10,-13.810985095222819,-2.1208479969963613e-07,1.5157714181501034e-09,-1.4644413881154696e-08,-1.652504925095596e-08
strength_lateral_HZ_-1,TN-P083,N416,interior_applied_load,,155.25,249.0,226.628,-3.725290298461914e-09,-10.169240278191864,0.0,-2.384185791015625e-07,0.0,0.0
strength_lateral_HZ_-1,TN-P084,N626,interior_applied_load,,155.25,249.0,229.319,-3.725290298461914e-09,-2.285937481559813,0.0,0.0,2.3283064365386963e-10,-3.725290298461914e-09
strength_lateral_HZ_-1,TN-P085,N458,interior_applied_load,,160.0,249.0,229.319,2.540802949344431e-12,-10.647879345723053,-2.7812960319551014e-10,3.1284376137598716e-11,-3.8081184849256174e-10,4.873996892009133e-11
strength_lateral_HZ_-1,TN-P086,N208,interior_applied_load,,165.05,249.0,115.0,-6.311598422346915e-13,-8.06867185889179,-2.042632209915782e-11,2.821049349313124e-13,1.8488338838378618e-11,-3.999741554385275e-11
strength_lateral_HZ_-1,TN-P087,N209,interior_applied_load,,170.865,249.0,115.0,2.9614160039319807e-13,-5.6488574856424005,-1.4299184100964728e-12,1.4891740068575479e-15,3.566201262015586e-11,2.8193200218169062e-11
strength_lateral_HZ_-1,TN-P088,N459,interior_applied_load,,172.85,249.0,206.455,2.1158240570784073e-13,-8.799300402800338,-2.0097595812652428e-13,-2.568254215381668e-13,-1.1514253679315371e-12,5.624190571736579e-13
strength_lateral_HZ_-1,TN-P089,N627,interior_applied_load,,179.167,249.0,229.319,2.8845271908574506e-12,-5.2250000315406755,1.7459103008742986e-08,1.6987616198657833e-12,-9.287108031739045e-09,3.2115738479834116e-10
strength_lateral_HZ_-1,TN-P090,N210,interior_applied_load,,180.0,249.0,115.0,2.101335772053403e-09,-8.068671960627409,8.727504052785662e-09,-3.743056353755492e-08,-5.996456903580814e-11,-3.541292814546182e-10
strength_lateral_HZ_-1,TN-P091,N434,interior_applied_load,,180.0,249.0,117.5,4.2774242076924084e-10,-4.605542862787611,1.230445626922166e-08,6.873611968500361e-08,4.74926817436743e-12,-9.99631993627354e-11
strength_lateral_HZ_-1,TN-P092,N435,interior_applied_load,,180.0,249.0,144.955,-2.052312792927276e-15,-9.211085725882912,-1.916000898846853e-14,1.570895617384857e-12,7.913708027834717e-15,-6.04266251007443e-14
strength_lateral_HZ_-1,TN-P093,N436,interior_applied_load,,180.0,249.0,172.41,-1.556946448621387e-14,-9.211085725882775,-4.0801610609298456e-14,7.452238711279327e-13,3.868208129112941e-15,-4.487196723957586e-14
strength_lateral_HZ_-1,TN-P094,N437,interior_applied_load,,180.0,249.0,199.864,-8.6882909344471e-15,-9.21108572588153,-5.0849960518978753e-14,8.069701988490044e-12,3.1525167048570537e-15,-2.483189165136058e-13
strength_lateral_HZ_-1,TN-P095,N438,interior_applied_load,,180.0,249.0,227.319,-2.2351741790771484e-08,-4.605542862787843,0.0,4.76837158203125e-07,-2.3283064365386963e-10,7.450580596923828e-09
strength_lateral_HZ_-1,TN-P096,N628,interior_applied_load,,180.0,249.0,229.319,2.9802322387695312e-08,-7.358541667461395,4.76837158203125e-07,-1.430511474609375e-06,-4.190951585769653e-09,0.0
strength_lateral_HZ_-1,TN-P097,N460,interior_applied_load,,185.7,249.0,183.592,4.765328254528908e-13,-8.799300402802245,2.50364898935968e-13,5.290784595003541e-12,3.244143497278744e-12,-2.3049283765042826e-13
strength_lateral_HZ_-1,TN-P098,N211,interior_applied_load,,192.219,249.0,115.0,2.0586232640847393e-12,-4.987620014903188,-7.834295312705286e-10,-2.2479005044193724e-12,3.320207871729071e-10,6.877984094556541e-11
strength_lateral_HZ_-1,TN-P099,N212,interior_applied_load,,193.2,249.0,115.0,-2.187232538767141e-12,-8.068671859775035,-7.668265877362351e-10,3.7049295403722605e-12,4.6402088785175954e-11,-2.0927458325895091e-10
strength_lateral_HZ_-1,TN-P100,N461,interior_applied_load,,198.55,249.0,160.728,-1.7084885096978573e-12,-8.79930040279913,1.6062747416762909e-13,4.463288275035267e-12,-9.19357339036206e-13,6.450095964581452e-13
strength_lateral_HZ_-1,TN-P101,N629,interior_applied_load,,207.333,249.0,229.319,-9.003123435813026e-13,-11.56031249882428,-1.0894939554641322e-10,-5.8084658627820006e-12,5.693401709002057e-10,1.7364755239158317e-11
strength_lateral_HZ_-1,TN-P102,N462,interior_applied_load,,211.4,249.0,137.864,4.547473508864641e-13,-8.799300402803055,6.252776074688882e-13,-5.9117155615240335e-12,-4.547473508864641e-13,-5.968558980384842e-13
strength_lateral_HZ_-1,TN-P103,N213,interior_applied_load,,213.573,249.0,115.0,5.898028571100722e-13,-10.636477500000382,4.108824894062259e-12,3.1638607705056295e-13,-3.105394811679095e-11,-1.7978202587989668e-12
strength_lateral_HZ_-1,TN-P104,N214,interior_applied_load,,221.35,249.0,115.0,-7.19504790530254e-13,-4.034335929438442,6.887560428874445e-11,3.2869963739075276e-11,1.2191206060359516e-10,-5.933415682999645e-11
strength_lateral_HZ_-1,TN-P105,N215,interface_action,N2; T-E,224.25,249.0,115.0,48.62748371456087,584.1799101628967,-59.52563261323104,273.4347601919453,293.23955470937085,-1100.6414150246292
strength_lateral_HZ_-1,TN-P106,N439,interface_action,T-E,224.25,249.0,117.5,57.70464248036069,-269.42822601451917,59.19049452621392,-530.7566387756101,-581.43664912438,-269.0795521422824
strength_lateral_HZ_-1,TN-P107,N185,interface_action,T-E,224.25,249.0,120.0,-1.5840805538766596,91.87206958455074,0.0005839295253515533,0.16611360344982634,-27.919998542384626,45.27569012780001
strength_lateral_HZ_-1,TN-P108,N440,interior_applied_load,,224.25,249.0,144.955,1.7763568394002505e-14,-9.211085725885091,-5.684341886080802e-14,1.0231815394945443e-12,3.552713678800501e-15,1.1368683772161603e-13
strength_lateral_HZ_-1,TN-P109,N441,interior_applied_load,,224.25,249.0,172.41,0.0,-9.211085725884004,0.0,-9.094947017729282e-13,-7.993605777301127e-15,-1.1368683772161603e-13
strength_lateral_HZ_-1,TN-P110,N442,interior_applied_load,,224.25,249.0,199.864,-7.105427357601002e-15,-9.211085725884459,0.0,8.185452315956354e-12,-4.0306553123670465e-15,3.410605131648481e-13
strength_lateral_HZ_-1,TN-P111,N443,interior_applied_load,,224.25,249.0,227.319,-3.989931460224305e-08,-4.605542861449326,3.796961962482248e-06,3.383537526269187e-07,1.4600693667060797e-10,-2.648584368492024e-08
strength_lateral_HZ_-1,TN-P112,N463,interface_action,N2; T-E top / segment 4,224.25,249.0,229.319,-42.2022764542591,56.91818466030862,-4.75755984651082,-68.98668083803913,-153.9140199859145,2210.010791310098
strength_lateral_HZ_-1,TN-P113,N464,interior_applied_load,,230.312,249.0,200.739,-1.3400562856914078e-14,-9.801877704261184,1.3263430335503462e-12,1.8799240561911965e-11,-1.1682293202632422e-11,-1.866458809268268e-13
strength_lateral_HZ_-1,TN-P114,N630,interior_applied_load,,235.5,249.0,229.319,-1.8080629686974655e-12,-6.424304463012791,2.1569791440202946e-10,-2.977425149557421e-11,8.008123941175839e-10,-1.902633319753776e-11
strength_lateral_HZ_-1,TN-P115,N465,interior_applied_load,,236.375,249.0,172.16,8.456973386390244e-15,-9.80187770426087,2.6536752947542776e-14,5.524528132964022e-12,-2.1345131207174348e-13,-3.6626112398778986e-14
strength_lateral_HZ_-1,TN-P116,N466,interior_applied_load,,242.438,249.0,143.58,-1.1368683772161603e-13,-9.801877704261187,-8.526512829121202e-14,4.092726157978177e-12,9.094947017729282e-13,0.0
strength_lateral_HZ_-1,TN-P117,N216,interior_applied_load,,248.5,249.0,115.0,0.0,-14.441651332192123,5.960464477539063e-08,1.7881393432617188e-07,-1.1641532182693481e-09,0.0
strength_lateral_HZ_-1,TN-P118,N444,interior_applied_load,,248.5,249.0,117.5,-1.3969838619232178e-09,-4.470258483663201,0.0,5.960464477539063e-08,0.0,9.313225746154785e-10
strength_lateral_HZ_-1,TN-P119,N445,interior_applied_load,,248.5,249.0,144.148,9.462690639006464e-15,-8.940516968502457,-1.1390204716894166e-13,-1.0270280297284766e-12,1.681199249679627e-15,1.386286981233357e-13
strength_lateral_HZ_-1,TN-P120,N446,interior_applied_load,,248.5,249.0,170.797,-1.5751142779236943e-15,-8.940516968504271,-3.229617485187102e-14,3.626208126885487e-11,-8.657059823237148e-16,-2.0644448297088137e-13
strength_lateral_HZ_-1,TN-P121,N447,interior_applied_load,,248.5,249.0,197.445,7.017942573859553e-15,-8.940516968503614,-5.413706720173741e-13,-3.255260937271464e-11,-1.2427464095518913e-15,-2.2650701745609684e-13
strength_lateral_HZ_-1,TN-P122,N448,interior_applied_load,,248.5,249.0,224.093,1.2204978008895796e-10,-4.4702584846259334,-4.4649095764557304e-07,-2.8729312022884195e-07,3.7033845341948856e-11,1.0276815139818131e-08
strength_lateral_HZ_-1,TN-P123,N631,interior_applied_load,,248.5,249.0,226.324,1.2527284411856453e-08,-3.7533375129769606,1.867302976428664e-07,-1.505385478006549e-07,-7.865391657719412e-10,-9.129292850142447e-09
strength_lateral_HZ_-1,TN-P124,N217,interior_applied_load,,249.5,249.0,115.0,-2.489024611418422e-13,-0.3778500144322928,2.327773947555234e-09,4.459902933073856e-12,6.569065118255946e-10,2.1108486703350082e-10
strength_lateral_HZ_-1,TN-P125,N632,interior_applied_load,,249.5,249.0,226.093,4.557034545250788e-11,-0.268095534507646,6.9847978771531435e-09,-8.753865205287948e-10,3.3397207388951016e-10,-2.3603868995254723e-10
strength_lateral_HZ_2,TN-P001,N147,interface_action,BR-N-upper-1; T-W / B-WO; W4,-32.0,249.0,115.0,-172.78134273935976,305.93716912079,-0.4738363841478245,-62.60116587337537,115.69500060884029,460.43075020838995
strength_lateral_HZ_2,TN-P002,N555,interface_action,BR-N-upper-2; T-W top / segment 2; W4,-32.0,249.0,226.093,74.46419182490824,-156.53220660056132,1.1210311046994357,-32.61709247266695,-211.98803271811636,-1729.9772622139685
strength_lateral_HZ_2,TN-P003,N188,interior_applied_load,,-31.0,249.0,115.0,-9.492850949754938e-10,-9.001740373111488,2.266612675327906e-09,-5.391640911511786e-09,4.026681210689276e-10,-7.556195669167209e-10
strength_lateral_HZ_2,TN-P004,N424,interior_applied_load,,-31.0,249.0,117.5,-6.727925123553575e-10,-4.470258484420178,-1.8413089693963963e-10,2.7589469710622825e-09,3.1407741973353146e-11,-2.9653134321205836e-10
strength_lateral_HZ_2,TN-P005,N425,interior_applied_load,,-31.0,249.0,144.148,9.555660198047615e-16,-8.940516968503331,3.527954676818779e-15,1.0275300555748368e-13,-1.323791273316367e-14,-1.729173154292999e-14
strength_lateral_HZ_2,TN-P006,N426,interior_applied_load,,-31.0,249.0,170.797,-6.0183328615944184e-15,-8.940516968503276,-1.3205105155901478e-14,-4.881990120261664e-14,1.5404199644538762e-15,7.935212622172428e-14
strength_lateral_HZ_2,TN-P007,N427,interior_applied_load,,-31.0,249.0,197.445,-2.986452465370934e-15,-8.940516968502994,-6.798643270248945e-15,7.496824964730868e-14,-3.854427688915244e-15,4.782124387908592e-14
strength_lateral_HZ_2,TN-P008,N428,interior_applied_load,,-31.0,249.0,224.093,0.0,-4.470258484361693,5.960464477539063e-08,0.0,2.3283064365386963e-10,0.0
strength_lateral_HZ_2,TN-P009,N613,interior_applied_load,,-31.0,249.0,226.324,-7.450580596923828e-09,-3.753337513655424,2.9802322387695312e-08,-1.1920928955078125e-07,3.4924596548080444e-09,2.2351741790771484e-08
strength_lateral_HZ_2,TN-P010,N449,interior_applied_load,,-23.25,249.0,143.58,8.526512829121202e-14,-9.934808889401666,4.440892098500626e-15,9.947598300641403e-14,-8.526512829121202e-14,-3.055333763768431e-13
strength_lateral_HZ_2,TN-P011,N189,interior_applied_load,,-21.323,249.0,115.0,3.2434583267757575e-13,-10.258627486019682,6.91951641532677e-14,-1.0928946301148197e-14,2.489906189412337e-13,3.2714186401632563e-13
strength_lateral_HZ_2,TN-P012,N614,interior_applied_load,,-18.0,249.0,229.319,-1.0811669838745532e-12,-8.187741967325563,4.2197819859905806e-13,2.3377227631392473e-12,-3.841498373064709e-12,-1.7729662332496299e-12
strength_lateral_HZ_2,TN-P013,N450,interior_applied_load,,-15.5,249.0,172.16,-4.0908792501408867e-14,-9.934808889401728,-1.4068019227338763e-15,6.628789463982559e-14,-2.2584955530470823e-14,3.4046431242084975e-15
strength_lateral_HZ_2,TN-P014,N451,interior_applied_load,,-7.75,249.0,200.739,-1.3413624029733012e-13,-9.934808889402102,-1.2225135825545572e-15,-2.343152354453809e-14,2.1899639215275656e-14,2.2174733667202803e-14
strength_lateral_HZ_2,TN-P015,N190,interior_applied_load,,-3.85,249.0,115.0,-2.2460964324741284e-13,-8.05686409247568,-2.1749659800422774e-12,1.0036153317279786e-14,1.944423287051924e-12,3.719402247573128e-12
strength_lateral_HZ_2,TN-P016,N191,interior_applied_load,,0.0,249.0,115.0,2.4876580795307746e-09,-1.4665343314604118,2.6507033890066367e-06,-2.0014961910064244e-09,-6.261613809319047e-08,-1.3915208985082472e-07
strength_lateral_HZ_2,TN-P017,N429,interior_applied_load,,0.0,249.0,117.5,-1.3636487306717088e-09,-4.605542862648073,-3.964081421236194e-09,-6.982534827146114e-10,8.114420749848523e-12,1.5858032377347026e-09
strength_lateral_HZ_2,TN-P018,N430,interior_applied_load,,0.0,249.0,144.955,-1.8114616611275656e-15,-9.211085725883038,-8.441406851369976e-16,9.839182442221662e-14,-9.592194459909634e-15,-3.3942261426044295e-14
strength_lateral_HZ_2,TN-P019,N431,interior_applied_load,,0.0,249.0,172.41,1.4663991065037895e-15,-9.211085725883734,-3.7379043247141605e-15,3.977601653937671e-14,-1.336091910923726e-14,-1.2578216549828542e-14
strength_lateral_HZ_2,TN-P020,N432,interior_applied_load,,0.0,249.0,199.864,7.566987069318151e-16,-9.211085725883521,8.432380954148637e-15,1.3758998394846575e-13,-1.9563801539085913e-14,-2.366280448628612e-14
strength_lateral_HZ_2,TN-P021,N433,interior_applied_load,,0.0,249.0,227.319,0.0,-4.605542863253504,-1.4901161193847656e-08,-1.4901161193847656e-08,0.0,0.0
strength_lateral_HZ_2,TN-P022,N452,interior_applied_load,,-0.0,249.0,229.319,1.4901161193847656e-08,-12.325946111464873,0.0,0.0,2.3283064365386963e-10,0.0
strength_lateral_HZ_2,TN-P023,N192,interior_applied_load,,0.031,249.0,115.0,1.553565526165633e-11,-0.37784222750829893,-2.503394593158952e-06,2.1063243532186e-12,-1.0998613624111067e-07,-1.1313177737578595e-07
strength_lateral_HZ_2,TN-P024,N193,interior_applied_load,,1.0,249.0,115.0,-9.663381206337363e-13,-12.228449807902962,2.0258639210624096e-10,9.208633855450898e-12,2.645492713782005e-10,-2.2794210963184014e-11
strength_lateral_HZ_2,TN-P025,N615,interior_applied_load,,10.167,249.0,229.319,-7.85822020588262e-15,-10.014583343913902,-8.161470730129482e-13,5.805350050643892e-15,-1.3877383618422742e-12,5.777134536115303e-13
strength_lateral_HZ_2,TN-P026,N453,interior_applied_load,,10.6,249.0,137.864,2.2737367544323206e-13,-8.319555897889586,-3.552713678800501e-15,-1.5916157281026244e-12,-4.405364961712621e-13,9.947598300641403e-13
strength_lateral_HZ_2,TN-P027,N454,interior_applied_load,,20.2,249.0,160.728,-4.505689788826834e-13,-8.319555897891986,1.5818732449601113e-14,-5.801307464660035e-13,3.4307056001273413e-13,-1.3531902108097463e-13
strength_lateral_HZ_2,TN-P028,N194,interior_applied_load,,21.385,249.0,115.0,2.3875718697815816e-13,-8.80390496410104,-2.740716851028829e-11,3.410519215396018e-14,3.390899751818359e-11,1.238867964861699e-11
strength_lateral_HZ_2,TN-P029,N195,interior_applied_load,,24.3,249.0,115.0,-1.8276050443681693e-13,-8.068671965241583,-1.944847155555035e-11,-2.9268900854387637e-14,2.329702935411519e-11,2.655364039728066e-12
strength_lateral_HZ_2,TN-P030,N455,interior_applied_load,,29.8,249.0,183.592,1.6790639963221707e-13,-8.319555897889698,2.655705409620939e-14,-3.0500880453481116e-13,-3.14059737020792e-14,1.1827802881500686e-13
strength_lateral_HZ_2,TN-P031,N616,interior_applied_load,,38.333,249.0,229.319,-7.116048881940582e-13,-10.145208349139006,-1.0996536178490807e-12,1.6043708484084938e-14,5.427749129516415e-12,2.1535446075165531e-13
strength_lateral_HZ_2,TN-P032,N456,interior_applied_load,,39.4,249.0,206.455,-3.950140278460658e-15,-8.319555897890174,9.633182197819721e-15,1.035009108617451e-12,-4.3521337440457814e-13,9.298850970165149e-14
strength_lateral_HZ_2,TN-P033,N196,interior_applied_load,,42.74,249.0,115.0,7.775178025545226e-13,-9.805207533061749,-1.4064374325402767e-12,4.310824855160473e-14,2.574395486033892e-12,7.532479389380917e-13
strength_lateral_HZ_2,TN-P034,N457,interior_applied_load,,49.0,249.0,229.319,-2.206457239140036e-12,-7.273007100325044,1.3038066459802877e-10,-5.137251479349403e-12,1.8434299225988937e-11,4.092409869099409e-12
strength_lateral_HZ_2,TN-P035,N197,interface_action,BR-N-upper-2,50.25,249.0,115.0,-78.09294481193866,41.0802602966069,1.4760714632191942,-11.645184967420562,-81.69175403922911,859.0792546968812
strength_lateral_HZ_2,TN-P036,N617,interface_action,BR-N-upper-1,50.25,249.0,229.319,60.3589671734154,29.107067197668634,-0.6416563567231934,-32.84437010686886,54.12529296772258,724.4638703037349
strength_lateral_HZ_2,TN-P037,N198,interior_applied_load,,52.45,249.0,115.0,-5.001321800127841e-12,-1.1335499355725245,-1.5648357719904155e-09,9.118306244884177e-10,1.2025947752177414e-10,-7.625511387606984e-12
strength_lateral_HZ_2,TN-P038,N199,interface_action,N1 / U-W,53.25,249.0,115.0,50.24228363265712,31.499979502709767,-4.01807150535761,-9.858096694642194,484.665005927718,942.1785905048506
strength_lateral_HZ_2,TN-P039,N618,interface_action,N1 / U-W,53.25,249.0,229.319,-163.83302746733446,6.2065175161442205,-7.5980868363838026,-9.736316536073886,538.4497864015742,-1259.2480804819834
strength_lateral_HZ_2,TN-P040,N417,interface_action,N1 / U-W,56.25,249.0,207.0,217.27664666886633,187.59607634381805,-1.436551988625597,-99.86889846252593,297.68908732840237,321.986919092334
strength_lateral_HZ_2,TN-P041,N418,interior_applied_load,,57.25,249.0,207.0,7.450580596923828e-09,-6.714120946475305,0.0,0.0,-1.1641532182693481e-10,-1.4901161193847656e-08
strength_lateral_HZ_2,TN-P042,N467,interior_applied_load,,57.25,249.0,209.5,-7.450580596923828e-09,-2.9891714518889785,5.960464477539063e-08,-1.1920928955078125e-07,0.0,0.0
strength_lateral_HZ_2,TN-P043,N468,interior_applied_load,,57.25,249.0,227.319,5.428524969819382e-09,-2.98917145178906,-1.2112351448212433e-08,-1.5370261133296204e-08,3.4007164609512906e-12,-2.3772532137256164e-09
strength_lateral_HZ_2,TN-P044,N619,interior_applied_load,,57.25,249.0,229.319,-1.0526940273588762e-10,-3.461562483810224,1.0388450570723476e-07,-2.4567936826441856e-08,1.2445910091863e-10,-7.20247632470577e-09
strength_lateral_HZ_2,TN-P045,N200,interior_applied_load,,64.094,249.0,115.0,-1.757060158517329e-13,-10.334197531359857,-2.974852593800829e-12,-1.6715503513643882e-13,4.0778848702231555e-12,-9.102730732619983e-12
strength_lateral_HZ_2,TN-P046,N620,interior_applied_load,,66.5,249.0,229.319,1.7164392435494698e-12,-6.008749997518006,-4.72239687661318e-12,-2.704244310121681e-14,1.220285988031774e-11,2.2693626651852567e-12
strength_lateral_HZ_2,TN-P047,N477,interior_applied_load,,68.75,249.0,218.16,-4.547473508864641e-13,-5.376241893320184,3.410605131648481e-13,-1.3642420526593924e-12,4.092726157978177e-12,-5.684341886080801e-13
strength_lateral_HZ_2,TN-P048,N419,interior_applied_load,,80.25,249.0,207.0,7.450580596923828e-09,-7.884249994996935,-1.1920928955078125e-07,0.0,-2.3283064365386963e-10,0.0
strength_lateral_HZ_2,TN-P049,N469,interior_applied_load,,80.25,249.0,209.5,7.450580596923828e-09,-2.9891714518889785,0.0,-2.384185791015625e-07,0.0,-1.4901161193847656e-08
strength_lateral_HZ_2,TN-P050,N470,interior_applied_load,,80.25,249.0,227.319,-3.5539345563662117e-09,-2.989171451892285,-2.3404696510020973e-07,-9.813665852176356e-09,3.793108212055222e-10,1.9909198192835653e-08
strength_lateral_HZ_2,TN-P051,N478,interior_applied_load,,80.25,249.0,229.319,2.7271522225246094e-09,-12.795596945229699,-1.3493612885101027e-08,-5.404428482133341e-08,-2.3174347417625174e-10,2.571937720383893e-08
strength_lateral_HZ_2,TN-P052,N201,interior_applied_load,,80.6,249.0,115.0,-8.960781088905631e-13,-8.068671858879565,2.0808388174244495e-11,-6.540036423097238e-14,1.6886123278031693e-11,-1.1912590637162811e-11
strength_lateral_HZ_2,TN-P053,N202,interior_applied_load,,85.448,249.0,115.0,6.409357354221393e-13,-9.90045718907018,2.7109557137410754e-12,-1.6750896524270697e-13,1.8631692280954317e-11,1.1564538124551169e-11
strength_lateral_HZ_2,TN-P054,N479,interior_applied_load,,92.25,249.0,218.16,1.5916157281026244e-12,-5.497868662762812,-6.821210263296962e-13,-1.1823431123048067e-11,-1.8189894035458565e-11,0.0
strength_lateral_HZ_2,TN-P055,N621,interior_applied_load,,94.667,249.0,229.319,3.592445130638219e-13,-6.2700000521211265,-9.453400082239471e-12,-3.253346697699074e-11,-1.9762048832285685e-10,1.3075519091874207e-11
strength_lateral_HZ_2,TN-P056,N420,interior_applied_load,,104.25,249.0,207.0,7.450580596923828e-09,-13.549868661910295,0.0,2.384185791015625e-07,1.0710209608078003e-08,1.4901161193847656e-08
strength_lateral_HZ_2,TN-P057,N471,interior_applied_load,,104.25,249.0,209.5,7.450580596923828e-09,-2.9891714518889785,-3.5762786865234375e-07,-2.384185791015625e-07,8.381903171539307e-09,1.4901161193847656e-08
strength_lateral_HZ_2,TN-P058,N472,interior_applied_load,,104.25,249.0,227.319,2.7186089351927123e-09,-2.9891714516856207,-3.846774634941319e-09,-5.533946231817133e-08,-3.0209920341403927e-10,-2.60201665769344e-10
strength_lateral_HZ_2,TN-P059,N622,interior_applied_load,,104.25,249.0,229.319,5.967374910736236e-09,-7.358541666480175,3.300698571014022e-08,-9.266013271123195e-08,8.458571246861655e-11,5.154205480521771e-09
strength_lateral_HZ_2,TN-P060,N203,interior_applied_load,,106.802,249.0,115.0,-3.843445502046259e-12,-8.804692169833531,-3.089744647161514e-10,-9.715736945301977e-14,4.653335503072317e-10,7.601165099412936e-12
strength_lateral_HZ_2,TN-P061,N204,interior_applied_load,,108.75,249.0,115.0,2.374153685447916e-12,-8.06867185882989,5.72219317459394e-10,-7.395165481662865e-13,3.486245975982557e-10,1.7844312597905192e-11
strength_lateral_HZ_2,TN-P062,N480,interior_applied_load,,116.25,249.0,218.16,0.0,-5.497868662760993,6.821210263296962e-12,3.637978807091713e-12,-2.7284841053187847e-11,1.1368683772161603e-13
strength_lateral_HZ_2,TN-P063,N623,interior_applied_load,,122.833,249.0,229.319,9.70040730683888e-12,-6.269999985890369,1.1143501307131633e-10,9.447265025220918e-11,6.415449619389812e-12,6.880093955143783e-11
strength_lateral_HZ_2,TN-P064,N205,interior_applied_load,,128.156,249.0,115.0,-1.7060898366364117e-13,-10.63647750000251,1.155093538672617e-11,2.3246794707813145e-13,9.765928103725222e-12,1.3860222465685737e-11
strength_lateral_HZ_2,TN-P065,N421,interior_applied_load,,128.25,249.0,207.0,0.0,-7.884249993599951,2.384185791015625e-07,0.0,4.656612873077393e-10,1.4901161193847656e-08
strength_lateral_HZ_2,TN-P066,N473,interior_applied_load,,128.25,249.0,209.5,7.450580596923828e-09,-2.989171452820301,-2.384185791015625e-07,0.0,-4.656612873077393e-10,0.0
strength_lateral_HZ_2,TN-P067,N474,interior_applied_load,,128.25,249.0,227.319,1.7760792090509847e-08,-2.9891714536543894,-2.849728164278087e-07,-1.564542649323819e-07,7.309596718774346e-10,-7.028694758159926e-09
strength_lateral_HZ_2,TN-P068,N481,interior_applied_load,,128.25,249.0,229.319,-4.713743575905258e-08,-12.795596945529642,5.800307881893792e-07,-4.977319966017445e-07,2.994498330312491e-10,3.4550884395013265e-08
strength_lateral_HZ_2,TN-P069,N206,interior_applied_load,,136.9,249.0,115.0,-5.851461044398562e-13,-8.068671858877742,1.1542211809018191e-12,-1.2643924275839804e-13,8.317328488984787e-12,-1.571072997482302e-12
strength_lateral_HZ_2,TN-P070,N482,interior_applied_load,,139.75,249.0,218.16,4.547473508864641e-13,-5.376241893320639,1.8189894035458565e-12,-7.275957614183426e-12,1.0913936421275139e-11,0.0
strength_lateral_HZ_2,TN-P071,N207,interior_applied_load,,149.51,249.0,115.0,-3.170637557728299e-13,-10.636477499999256,1.5448788875020259e-12,-9.109926554833639e-14,-1.745842265503853e-11,-1.3146100917524247e-12
strength_lateral_HZ_2,TN-P072,N624,interior_applied_load,,151.0,249.0,229.319,3.2388897119872695e-11,-6.008749951504593,1.0152466387025605e-07,-1.7860113421053123e-12,-1.4882633909973908e-08,3.969203431208879e-09
strength_lateral_HZ_2,TN-P073,N422,interior_applied_load,,151.25,249.0,207.0,7.450580596923828e-09,-6.714120948687196,-7.152557373046875e-07,0.0,0.0,-1.4901161193847656e-08
strength_lateral_HZ_2,TN-P074,N475,interior_applied_load,,151.25,249.0,209.5,0.0,-2.989171450957656,-4.76837158203125e-07,-2.384185791015625e-07,4.656612873077393e-10,0.0
strength_lateral_HZ_2,TN-P075,N476,interior_applied_load,,151.25,249.0,227.319,1.5905024373930043e-08,-2.989171453507656,-5.481410791513541e-07,-4.3189775283947185e-08,-1.5686394810207734e-10,2.8232175347531197e-09
strength_lateral_HZ_2,TN-P076,N625,interior_applied_load,,151.25,249.0,229.319,-4.040383005596282e-09,-1.1103125062790427,4.733769399907972e-07,-3.2274724607256586e-07,-8.81790884897822e-08,2.700765330126975e-09
strength_lateral_HZ_2,TN-P077,N423,interior_applied_load,,152.25,249.0,207.0,-9.237803389728271e-11,-0.16775001075480148,1.3815136124588923e-07,8.379020330935893e-09,-2.5088346717977906e-08,3.3956469568795902e-09
strength_lateral_HZ_2,TN-P078,N411,interior_applied_load,,155.25,249.0,120.0,5.847206169631026e-15,-13.81098506962206,-6.74635261048695e-13,1.3024013984655002e-12,-9.72410005197495e-14,7.392534365026645e-13
strength_lateral_HZ_2,TN-P079,N412,interior_applied_load,,155.25,249.0,146.657,9.099717695655872e-14,-27.621970139247487,3.2946771390089055e-13,1.4286827345956236e-11,1.3892324270616868e-13,1.6163443324950048e-12
strength_lateral_HZ_2,TN-P080,N413,interior_applied_load,,155.25,249.0,173.314,-1.8304717931715618e-13,-27.621970139251406,-1.3920794624526469e-12,4.576325877232909e-11,-9.72410005197495e-14,1.1834458796120786e-12
strength_lateral_HZ_2,TN-P081,N414,interior_applied_load,,155.25,249.0,199.971,1.0625324729842082e-12,-17.452729861479604,-7.190126373257317e-11,-3.775241629253506e-10,-8.894036802613456e-13,-1.3991208252775729e-12
strength_lateral_HZ_2,TN-P082,N415,interior_applied_load,,155.25,249.0,207.0,1.4686134065234257e-10,-13.81098506464511,1.2788304468584177e-07,-1.530813746807398e-08,-2.6140979150342825e-07,-1.5321375780221922e-08
strength_lateral_HZ_2,TN-P083,N416,interior_applied_load,,155.25,249.0,226.628,0.0,-10.169240277260542,2.384185791015625e-07,2.384185791015625e-07,0.0,0.0
strength_lateral_HZ_2,TN-P084,N626,interior_applied_load,,155.25,249.0,229.319,3.725290298461914e-09,-2.2859374806284904,-4.76837158203125e-07,2.384185791015625e-07,-4.656612873077393e-10,0.0
strength_lateral_HZ_2,TN-P085,N458,interior_applied_load,,160.0,249.0,229.319,4.604211657729771e-12,-10.64787934572354,1.6613053728720553e-10,-6.767036682484353e-11,1.4595690845441118e-10,2.5380266216266567e-11
strength_lateral_HZ_2,TN-P086,N208,interior_applied_load,,165.05,249.0,115.0,5.465571452168396e-13,-8.06867185890303,2.2038692555497383e-11,8.42044030864731e-14,-2.6577272734841564e-11,-1.3294248337508217e-11
strength_lateral_HZ_2,TN-P087,N209,interior_applied_load,,170.865,249.0,115.0,-9.918860224076703e-13,-5.648857485645418,8.601488161462099e-12,-5.73313169278264e-14,1.2543768979566597e-10,-1.8129210433811212e-12
strength_lateral_HZ_2,TN-P088,N459,interior_applied_load,,172.85,249.0,206.455,4.162790321322912e-13,-8.799300402802858,2.8966935162676406e-13,3.953390290263491e-12,1.7729715069826596e-12,2.0783018597011533e-14
strength_lateral_HZ_2,TN-P089,N627,interior_applied_load,,179.167,249.0,229.319,-2.0988521250070505e-12,-5.225000033347521,7.320438569213435e-10,-1.1360923327542116e-12,-3.92722620725116e-09,-5.860895292401744e-10
strength_lateral_HZ_2,TN-P090,N210,interior_applied_load,,180.0,249.0,115.0,4.174895207320617e-09,-8.06867195942598,8.701277920408756e-09,2.8168078358703497e-07,-2.1633848224414395e-10,-4.7208427722544855e-09
strength_lateral_HZ_2,TN-P091,N434,interior_applied_load,,180.0,249.0,117.5,-3.284377690731569e-09,-4.605542860016697,3.3540998211186326e-08,-2.744874983214713e-07,1.7089780697556196e-10,7.808495294297774e-10
strength_lateral_HZ_2,TN-P092,N435,interior_applied_load,,180.0,249.0,144.955,-9.896183854021622e-15,-9.211085725883436,-2.0308623695102745e-13,-2.58972553176188e-12,-5.6363710440840263e-14,-5.1536276786576593e-14
strength_lateral_HZ_2,TN-P093,N436,interior_applied_load,,180.0,249.0,172.41,-2.643258729782873e-15,-9.211085725882219,2.700586735416862e-13,-2.2424674535273364e-12,1.3003584938526442e-14,-3.316456204839898e-13
strength_lateral_HZ_2,TN-P094,N437,interior_applied_load,,180.0,249.0,199.864,-7.871857871751068e-15,-9.211085725882183,1.5646836791183593e-13,-7.509503486235835e-12,-2.6464392255318214e-14,-3.3859075884243746e-13
strength_lateral_HZ_2,TN-P095,N438,interior_applied_load,,180.0,249.0,227.319,0.0,-4.605542864650488,0.0,-9.5367431640625e-07,0.0,-1.4901161193847656e-08
strength_lateral_HZ_2,TN-P096,N628,interior_applied_load,,180.0,249.0,229.319,1.4901161193847656e-08,-7.358541663736105,0.0,0.0,-5.587935447692871e-09,-2.9802322387695312e-08
strength_lateral_HZ_2,TN-P097,N460,interior_applied_load,,185.7,249.0,183.592,8.242272703545803e-14,-8.79930040280281,-1.4614293650954846e-14,-7.31872067823559e-12,-5.0656455320493044e-12,-2.212874493510539e-13
strength_lateral_HZ_2,TN-P098,N211,interior_applied_load,,192.219,249.0,115.0,4.867009779098588e-12,-4.987620014404394,-4.619109853957267e-09,3.6330782835203306e-13,3.277953049497873e-09,-3.1533661425017415e-10
strength_lateral_HZ_2,TN-P099,N212,interior_applied_load,,193.2,249.0,115.0,-4.3915161814391484e-13,-8.068671858998544,1.0203079403853615e-08,1.8618741898828846e-13,1.9521961112863616e-09,7.827243909224089e-11
strength_lateral_HZ_2,TN-P100,N461,interior_applied_load,,198.55,249.0,160.728,-6.396098311460868e-13,-8.799300402800215,6.453209519082223e-14,-1.0744427034658966e-11,6.255572004471324e-12,1.1296384058660134e-12
strength_lateral_HZ_2,TN-P101,N629,interior_applied_load,,207.333,249.0,229.319,1.8869975319957808e-13,-11.560312498823437,4.655779974869741e-11,-1.575201724944239e-13,-8.29472523514353e-11,5.5960774367188467e-11
strength_lateral_HZ_2,TN-P102,N462,interior_applied_load,,211.4,249.0,137.864,-2.2737367544323206e-12,-8.799300402798508,-3.410605131648481e-13,-6.366462912410498e-12,-1.5006662579253316e-11,-1.2221335055073723e-12
strength_lateral_HZ_2,TN-P103,N213,interior_applied_load,,213.573,249.0,115.0,-2.1901447160480217e-12,-10.636477500000648,-2.1134965268434254e-11,-4.983240992553335e-13,2.5526268887341832e-11,-3.086174191424874e-12
strength_lateral_HZ_2,TN-P104,N214,interior_applied_load,,221.35,249.0,115.0,-8.085808605953434e-13,-4.034335929446156,-3.413793989174429e-10,-3.990866053282982e-11,-4.21304619557885e-11,-1.1145504693776378e-10
strength_lateral_HZ_2,TN-P105,N215,interface_action,N2; T-E,224.25,249.0,115.0,39.32620183899098,1118.9643069236622,-148.56144169061326,909.201961637551,257.6070914516213,-403.7581957064463
strength_lateral_HZ_2,TN-P106,N439,interface_action,T-E,224.25,249.0,117.5,35.61302756400805,-786.2051097324908,142.70193081932203,-1727.4331029169439,-42.210471563937375,-439.9091112573834
strength_lateral_HZ_2,TN-P107,N185,interface_action,T-E,224.25,249.0,120.0,-1.053020752103946,625.8417115968314,-4.291054731780579,-262.68994316409044,14.11021776373167,21.08372124167684
strength_lateral_HZ_2,TN-P108,N440,interior_applied_load,,224.25,249.0,144.955,2.90878432451791e-14,-9.211085725885198,4.831690603168681e-13,-8.86757334228605e-12,0.0,1.8829382497642655e-13
strength_lateral_HZ_2,TN-P109,N441,interior_applied_load,,224.25,249.0,172.41,0.0,-9.211085725884914,2.2737367544323206e-13,3.637978807091713e-12,5.684341886080802e-14,-1.7053025658242404e-13
strength_lateral_HZ_2,TN-P110,N442,interior_applied_load,,224.25,249.0,199.864,0.0,-9.211085725883095,-2.2737367544323206e-13,-7.275957614183426e-12,4.40072455101396e-15,-5.684341886080802e-14
strength_lateral_HZ_2,TN-P111,N443,interior_applied_load,,224.25,249.0,227.319,-1.5672487807538715e-08,-4.605542860155486,-4.502317376947618e-06,-9.253164582889717e-07,-3.8058924839921443e-10,-1.6091502852422224e-07
strength_lateral_HZ_2,TN-P112,N463,interface_action,N2; T-E top / segment 4,224.25,249.0,229.319,-61.52098300090049,-523.9616270978185,21.721671079986205,-528.8229914445631,490.22039138790035,1733.708323817303
strength_lateral_HZ_2,TN-P113,N464,interior_applied_load,,230.312,249.0,200.739,-6.703308092875703e-14,-9.801877704261903,-3.334061364713631e-13,-4.3599333939986644e-12,6.488764587215626e-12,-1.5938483945472727e-14
strength_lateral_HZ_2,TN-P114,N630,interior_applied_load,,235.5,249.0,229.319,6.891434655153008e-13,-6.424304463011797,-5.7802099009766586e-11,2.8544840648619093e-12,-2.5870511232521645e-10,-4.924915178511041e-11
strength_lateral_HZ_2,TN-P115,N465,interior_applied_load,,236.375,249.0,172.16,7.959776637531908e-13,-9.801877704262479,1.2040762035503256e-14,-4.387457331861757e-12,1.499936495822048e-12,-2.477784823487912e-13
strength_lateral_HZ_2,TN-P116,N466,interior_applied_load,,242.438,249.0,143.58,-6.821210263296962e-13,-9.801877704258004,1.0231815394945443e-12,-1.6370904631912708e-11,-4.547473508864641e-12,-9.237055564881302e-14
strength_lateral_HZ_2,TN-P117,N216,interior_applied_load,,248.5,249.0,115.0,3.725290298461914e-09,-14.44165133498609,0.0,-7.152557373046875e-07,-2.7939677238464355e-09,-7.450580596923828e-09
strength_lateral_HZ_2,TN-P118,N444,interior_applied_load,,248.5,249.0,117.5,-3.725290298461914e-09,-4.470258483663201,0.0,-2.384185791015625e-07,0.0,-1.4901161193847656e-08
strength_lateral_HZ_2,TN-P119,N445,interior_applied_load,,248.5,249.0,144.148,9.547602248180712e-16,-8.940516968503632,-5.527572238787352e-13,-1.0225069572348718e-11,-2.556934388822952e-15,-2.34290286424553e-13
strength_lateral_HZ_2,TN-P120,N446,interior_applied_load,,248.5,249.0,170.797,1.622045164222067e-14,-8.940516968503765,5.224658539268649e-13,-7.598184292480552e-11,1.5985087219427487e-14,-2.0689503771553853e-13
strength_lateral_HZ_2,TN-P121,N447,interior_applied_load,,248.5,249.0,197.445,-1.3441856740243813e-14,-8.940516968503815,5.42064354877059e-13,3.6833797800782e-11,2.827186363650521e-15,-6.280514994999317e-13
strength_lateral_HZ_2,TN-P122,N448,interior_applied_load,,248.5,249.0,224.093,1.1493805556692934e-08,-4.47025848394219,3.7612836987132546e-07,1.0810205236951529e-06,4.126805616248223e-11,2.950844287417211e-09
strength_lateral_HZ_2,TN-P123,N631,interior_applied_load,,248.5,249.0,226.324,5.989057701828116e-09,-3.753337514661924,-4.272423743765859e-07,5.55387942289051e-07,-4.320838746361522e-10,-9.74711222986381e-09
strength_lateral_HZ_2,TN-P124,N217,interior_applied_load,,249.5,249.0,115.0,1.5925941121430753e-12,-0.37785001310139155,-2.3748899756481645e-08,-3.923666079541643e-12,-8.255902642084756e-09,-2.2537645534559392e-10
strength_lateral_HZ_2,TN-P125,N632,interior_applied_load,,249.5,249.0,226.093,1.8095435499942906e-10,-0.2680955342196663,-4.891300244996129e-09,-1.5455936850606468e-09,-4.482426644048857e-09,7.160935687506823e-12
strength_lateral_HZ_-2,TN-P001,N147,interface_action,BR-N-upper-1; T-W / B-WO; W4,-32.0,249.0,115.0,-181.5772250757035,291.8798315863814,1.287687615307761,263.2693119504707,89.97249142494364,671.0984408138518
strength_lateral_HZ_-2,TN-P002,N555,interface_action,BR-N-upper-2; T-W top / segment 2; W4,-32.0,249.0,226.093,102.57470626435183,-129.41407942195409,-2.0211521388624933,199.11782314113066,106.7005171195468,-1697.6446890687218
strength_lateral_HZ_-2,TN-P003,N188,interior_applied_load,,-31.0,249.0,115.0,-6.5563199314055964e-09,-9.001740375608506,-1.4968108530410973e-08,-1.5798150343471207e-08,4.374953732622089e-10,-8.669552187257068e-09
strength_lateral_HZ_-2,TN-P004,N424,interior_applied_load,,-31.0,249.0,117.5,-3.793187979969302e-09,-4.470258484411581,4.735498190304457e-09,-2.9248621858101356e-09,-1.6340871619510204e-10,1.44142725768249e-09
strength_lateral_HZ_-2,TN-P005,N425,interior_applied_load,,-31.0,249.0,144.148,-1.0765525428648877e-14,-8.940516968503273,-2.151447503970039e-14,3.6691212641369217e-13,-2.927353323004137e-14,-1.6785999781423945e-13
strength_lateral_HZ_-2,TN-P006,N426,interior_applied_load,,-31.0,249.0,170.797,-6.208069688179183e-15,-8.940516968503555,-1.4490148504551556e-15,-3.42831643370893e-13,-4.890778418372839e-17,3.7979316338108614e-14
strength_lateral_HZ_-2,TN-P007,N427,interior_applied_load,,-31.0,249.0,197.445,-8.319126447452641e-15,-8.940516968502841,-2.2343006107708245e-14,-1.3577827847080347e-13,3.4776078832674307e-14,4.397340102618266e-13
strength_lateral_HZ_-2,TN-P008,N428,interior_applied_load,,-31.0,249.0,224.093,3.725290298461914e-09,-4.470258484361693,0.0,0.0,-4.656612873077393e-10,0.0
strength_lateral_HZ_-2,TN-P009,N613,interior_applied_load,,-31.0,249.0,226.324,0.0,-3.753337512956932,1.1920928955078125e-07,-4.76837158203125e-07,5.122274160385132e-09,0.0
strength_lateral_HZ_-2,TN-P010,N449,interior_applied_load,,-23.25,249.0,143.58,0.0,-9.934808889401666,-4.263256414560601e-14,-1.7621459846850485e-12,2.6858515411731787e-12,-1.7053025658242404e-13
strength_lateral_HZ_-2,TN-P011,N189,interior_applied_load,,-21.323,249.0,115.0,-1.7760017574054313e-12,-10.25862748601975,-9.252338101697988e-13,-7.049668927649701e-14,-6.703092289182159e-12,-2.1953429892229027e-15
strength_lateral_HZ_-2,TN-P012,N614,interior_applied_load,,-18.0,249.0,229.319,3.2628419391989024e-13,-8.187741967325454,-8.049181936917138e-13,1.69133002440768e-11,-4.2355243046213996e-11,2.4394305958058096e-12
strength_lateral_HZ_-2,TN-P013,N450,interior_applied_load,,-15.5,249.0,172.16,-2.629476830855967e-13,-9.934808889402886,4.6724670382563644e-14,-2.5081872517380903e-12,-2.4762941467069514e-13,-2.6440925866072243e-13
strength_lateral_HZ_-2,TN-P014,N451,interior_applied_load,,-7.75,249.0,200.739,-5.205568289151893e-14,-9.934808889401763,-6.536789298659947e-15,-3.556042039368488e-13,-5.52939777073857e-13,-3.923635578707369e-14
strength_lateral_HZ_-2,TN-P015,N190,interior_applied_load,,-3.85,249.0,115.0,-2.5039307692973953e-13,-8.056864092477891,-3.891145318451643e-12,-1.501522849533169e-13,4.0243239015729864e-11,-8.127146916867283e-12
strength_lateral_HZ_-2,TN-P016,N191,interior_applied_load,,0.0,249.0,115.0,1.9661785810587418e-09,-1.4665247152019423,2.004376877806635e-07,-6.06656946899875e-10,-6.024804025319716e-07,4.5199282330821156e-08
strength_lateral_HZ_-2,TN-P017,N429,interior_applied_load,,0.0,249.0,117.5,6.221397058295185e-09,-4.605542862775546,1.8690590811669477e-08,8.271254480228416e-09,2.5652750532884072e-11,9.828763624917136e-10
strength_lateral_HZ_-2,TN-P018,N430,interior_applied_load,,0.0,249.0,144.955,-7.55344926277001e-16,-9.211085725883239,1.20130915567757e-14,-3.188766518471838e-13,3.774367290642057e-14,-1.321219758906675e-14
strength_lateral_HZ_-2,TN-P019,N431,interior_applied_load,,0.0,249.0,172.41,5.704552210169536e-16,-9.21108572588367,-2.909184821037041e-14,-5.953801400190343e-13,-2.821962604977057e-15,8.647414740790943e-15
strength_lateral_HZ_-2,TN-P020,N432,interior_applied_load,,0.0,249.0,199.864,1.2308158605797235e-15,-9.211085725883594,-2.2024288274724892e-14,-1.9317097157352887e-12,1.3724903213956797e-14,-2.7949575058399314e-14
strength_lateral_HZ_-2,TN-P021,N433,interior_applied_load,,0.0,249.0,227.319,1.862645149230957e-09,-4.605542862787843,-2.384185791015625e-07,0.0,0.0,-1.862645149230957e-09
strength_lateral_HZ_-2,TN-P022,N452,interior_applied_load,,-0.0,249.0,229.319,1.862645149230957e-09,-12.325946112163365,4.76837158203125e-07,-4.76837158203125e-07,-4.656612873077393e-10,-1.862645149230957e-09
strength_lateral_HZ_-2,TN-P023,N192,interior_applied_load,,0.031,249.0,115.0,6.702425025910337e-10,-0.37784582346946866,-3.47715905876665e-05,-2.5980667173940836e-11,-1.5447117673080373e-07,8.712291486367815e-08
strength_lateral_HZ_-2,TN-P024,N193,interior_applied_load,,1.0,249.0,115.0,-1.1937117960769683e-11,-12.228449807825655,-2.9999682737980038e-09,2.864908310584724e-11,-1.658349901845213e-09,-7.818812264304142e-11
strength_lateral_HZ_-2,TN-P025,N615,interior_applied_load,,10.167,249.0,229.319,-5.801683743787415e-13,-10.014583343913829,5.051571647552247e-12,-2.5557451174167417e-14,1.1807166624839793e-11,1.4502152880630565e-12
strength_lateral_HZ_-2,TN-P026,N453,interior_applied_load,,10.6,249.0,137.864,-3.410605131648481e-13,-8.31955589789004,-4.263256414560601e-13,1.8417267710901797e-11,-6.821210263296962e-12,1.8971491044794675e-12
strength_lateral_HZ_-2,TN-P027,N454,interior_applied_load,,20.2,249.0,160.728,-1.593170990233403e-13,-8.319555897890577,-2.416446468004997e-13,2.185212307473824e-12,-3.6237762237209996e-13,5.632922637152523e-14
strength_lateral_HZ_-2,TN-P028,N194,interior_applied_load,,21.385,249.0,115.0,-2.3469166263665904e-12,-8.803904964100061,-8.125550396835079e-11,1.8033930164049738e-13,6.252610154025136e-11,2.29595217470843e-11
strength_lateral_HZ_-2,TN-P029,N195,interior_applied_load,,24.3,249.0,115.0,2.8838288134100626e-12,-8.06867196524442,3.380947002392551e-11,-1.3877776292998474e-14,6.135694030033345e-11,2.0227480614416823e-12
strength_lateral_HZ_-2,TN-P030,N455,interior_applied_load,,29.8,249.0,183.592,4.0546584007821257e-13,-8.319555897890297,6.506688915730832e-14,9.860046296010722e-12,-3.0667061645989544e-12,-3.824737929703274e-13
strength_lateral_HZ_-2,TN-P031,N616,interior_applied_load,,38.333,249.0,229.319,2.1485233283095901e-13,-10.145208349138873,3.72146046789531e-12,-1.070909475872808e-13,-9.49794244975827e-12,3.591123677194673e-13
strength_lateral_HZ_-2,TN-P032,N456,interior_applied_load,,39.4,249.0,206.455,4.700487003633436e-13,-8.319555897889279,-1.967743044028303e-13,-2.397557119567223e-12,4.779275367960839e-13,-4.045440410218093e-13
strength_lateral_HZ_-2,TN-P033,N196,interior_applied_load,,42.74,249.0,115.0,-7.35585098987155e-13,-9.805207533061614,-1.0189495999107186e-12,-5.6216595007743257e-14,1.5103745819734302e-11,2.868739822279533e-13
strength_lateral_HZ_-2,TN-P034,N457,interior_applied_load,,49.0,249.0,229.319,-3.975625384455839e-12,-7.273007100337575,1.5645896661586889e-09,7.058901462060174e-11,2.666772878912038e-10,-7.314748676559568e-11
strength_lateral_HZ_-2,TN-P035,N197,interface_action,BR-N-upper-2,50.25,249.0,115.0,-13.747502790351135,-45.47541663222532,-3.0738993332688045,-70.88412791957029,8.577996623363545,844.1742862533913
strength_lateral_HZ_-2,TN-P036,N617,interface_action,BR-N-upper-1,50.25,249.0,229.319,68.07077432935584,41.967333177949136,1.0864597200048713,61.83509609297447,-3.2640806004179588,633.6600005097306
strength_lateral_HZ_-2,TN-P037,N198,interior_applied_load,,52.45,249.0,115.0,8.137330111392827e-12,-1.133549935279608,1.7548021793868904e-09,-3.971599017325302e-10,-1.3581037074229257e-09,1.0372010137349886e-12
strength_lateral_HZ_-2,TN-P038,N199,interface_action,N1 / U-W,53.25,249.0,115.0,-64.42689801624627,117.56310561343003,6.971825464127043,204.2844977653575,-224.27611858028283,425.50636342894984
strength_lateral_HZ_-2,TN-P039,N618,interface_action,N1 / U-W,53.25,249.0,229.319,-66.3143683750733,30.438633628564798,9.746239155904039,-67.8646779205395,-675.2638744307487,-863.6788116126359
strength_lateral_HZ_-2,TN-P040,N417,interface_action,N1 / U-W,56.25,249.0,207.0,76.14789659768942,99.39857770485932,-3.3506396667019556,70.294432409921,-197.9446143409725,90.64702088117681
strength_lateral_HZ_-2,TN-P041,N418,interior_applied_load,,57.25,249.0,207.0,0.0,-6.714120947290212,0.0,-2.384185791015625e-07,0.0,1.4901161193847656e-08
strength_lateral_HZ_-2,TN-P042,N467,interior_applied_load,,57.25,249.0,209.5,0.0,-2.9891714518889785,0.0,-2.384185791015625e-07,0.0,0.0
strength_lateral_HZ_-2,TN-P043,N468,interior_applied_load,,57.25,249.0,227.319,4.886143302462731e-09,-2.9891714517322416,-1.5871387865074027e-07,9.846083226516811e-08,-1.3127662102160717e-10,-1.6276143627314e-09
strength_lateral_HZ_-2,TN-P044,N619,interior_applied_load,,57.25,249.0,229.319,-3.8830555764514016e-09,-3.4615624840295487,-5.354814211756672e-07,-1.1822842567734317e-07,4.278160956107573e-10,-6.881559346218612e-10
strength_lateral_HZ_-2,TN-P045,N200,interior_applied_load,,64.094,249.0,115.0,1.5066487329417828e-12,-10.33419753135928,7.376587438666988e-12,1.64963316348818e-13,1.8901964403718607e-11,-1.1858994939727979e-11
strength_lateral_HZ_-2,TN-P046,N620,interior_applied_load,,66.5,249.0,229.319,8.775371245792206e-14,-6.008749997517844,1.165787315875742e-11,5.323926161965512e-13,-7.442049677417774e-11,-7.069638942488784e-13
strength_lateral_HZ_-2,TN-P047,N477,interior_applied_load,,68.75,249.0,218.16,4.547473508864641e-13,-5.376241893319275,-4.547473508864641e-13,1.8189894035458565e-12,-9.094947017729282e-12,-1.1368683772161603e-13
strength_lateral_HZ_-2,TN-P048,N419,interior_applied_load,,80.25,249.0,207.0,3.725290298461914e-09,-7.884249994531274,2.384185791015625e-07,2.384185791015625e-07,0.0,0.0
strength_lateral_HZ_-2,TN-P049,N469,interior_applied_load,,80.25,249.0,209.5,3.725290298461914e-09,-2.989171451423317,-2.384185791015625e-07,0.0,0.0,0.0
strength_lateral_HZ_-2,TN-P050,N470,interior_applied_load,,80.25,249.0,227.319,2.0916289134725874e-09,-2.9891714524365773,-2.819648412255571e-07,-4.841371395447602e-07,2.4788433637915633e-12,6.832263466788335e-09
strength_lateral_HZ_-2,TN-P051,N478,interior_applied_load,,80.25,249.0,229.319,5.119032966197689e-09,-12.795596943850395,1.0469825622184242e-07,-3.36641342591673e-07,-6.590458043893284e-10,1.7722112278273498e-08
strength_lateral_HZ_-2,TN-P052,N201,interior_applied_load,,80.6,249.0,115.0,7.365119223407993e-14,-8.068671858879389,-3.328085497370274e-11,4.656233288895499e-13,-2.4013905584128978e-11,1.8659250469501748e-11
strength_lateral_HZ_-2,TN-P053,N202,interior_applied_load,,85.448,249.0,115.0,-9.016274592165279e-13,-9.900457189079072,2.9701792715545308e-12,3.621226796485954e-14,-5.914385533701151e-11,1.4686305390031704e-11
strength_lateral_HZ_-2,TN-P054,N479,interior_applied_load,,92.25,249.0,218.16,1.5916157281026244e-12,-5.497868662761903,4.547473508864641e-12,-3.637978807091713e-12,2.1827872842550278e-11,0.0
strength_lateral_HZ_-2,TN-P055,N621,interior_applied_load,,94.667,249.0,229.319,5.037311260247368e-13,-6.270000052120595,8.191264383238674e-12,1.7666727713129234e-11,2.099200301772959e-10,1.1712125095452842e-11
strength_lateral_HZ_-2,TN-P056,N420,interior_applied_load,,104.25,249.0,207.0,1.1175870895385742e-08,-13.549868660978973,-7.152557373046875e-07,-4.76837158203125e-07,-4.0978193283081055e-08,-7.450580596923828e-09
strength_lateral_HZ_-2,TN-P057,N471,interior_applied_load,,104.25,249.0,209.5,0.0,-2.9891714518889785,9.5367431640625e-07,-4.76837158203125e-07,1.0244548320770264e-08,0.0
strength_lateral_HZ_-2,TN-P058,N472,interior_applied_load,,104.25,249.0,227.319,-7.249734562675414e-09,-2.989171451009097,1.639236271999689e-07,-2.83114826638009e-07,-5.0243845161304034e-11,7.627124098963378e-09
strength_lateral_HZ_-2,TN-P059,N622,interior_applied_load,,104.25,249.0,229.319,4.088981673952712e-09,-7.35854166657023,-1.0591898190142379e-07,-4.1164761797583743e-07,1.7451415506227248e-10,5.429220355343894e-09
strength_lateral_HZ_-2,TN-P060,N203,interior_applied_load,,106.802,249.0,115.0,-3.4175770720015026e-12,-8.804692170012778,-1.7881738624278884e-10,7.176409027062945e-13,-6.164868180328753e-10,-9.270186967932966e-11
strength_lateral_HZ_-2,TN-P061,N204,interior_applied_load,,108.75,249.0,115.0,3.0173996782335107e-12,-8.068671858786884,-3.34159502684119e-10,1.6693758687381732e-13,-9.229866960056459e-11,-1.9861921279432057e-10
strength_lateral_HZ_-2,TN-P062,N480,interior_applied_load,,116.25,249.0,218.16,0.0,-5.497868662764631,-5.002220859751105e-12,4.3655745685100555e-11,-3.637978807091713e-12,9.094947017729282e-13
strength_lateral_HZ_-2,TN-P063,N623,interior_applied_load,,122.833,249.0,229.319,-1.6922384598437629e-12,-6.269999985896434,-1.692991637005101e-11,-1.3729893920054327e-10,-1.9932106550710388e-10,1.2850396026517407e-11
strength_lateral_HZ_-2,TN-P064,N205,interior_applied_load,,128.156,249.0,115.0,1.795179224905251e-13,-10.636477499994752,5.532398885969643e-12,-4.7145276407247636e-14,-9.750722821050531e-11,3.054047571722185e-11
strength_lateral_HZ_-2,TN-P065,N421,interior_applied_load,,128.25,249.0,207.0,3.725290298461914e-09,-7.884249993599951,-2.384185791015625e-07,-4.76837158203125e-07,-4.656612873077393e-10,0.0
strength_lateral_HZ_-2,TN-P066,N473,interior_applied_load,,128.25,249.0,209.5,0.0,-2.989171452820301,2.384185791015625e-07,-4.76837158203125e-07,0.0,7.450580596923828e-09
strength_lateral_HZ_-2,TN-P067,N474,interior_applied_load,,128.25,249.0,227.319,9.72613503104347e-09,-2.9891714525252455,7.512989552982408e-07,1.3206223065109768e-07,-9.088203411234511e-11,7.397310888834774e-11
strength_lateral_HZ_-2,TN-P068,N481,interior_applied_load,,128.25,249.0,229.319,-3.314410323311009e-08,-12.79559694442174,-1.5897270986505038e-06,1.269356513545076e-06,-1.0799654599826317e-09,1.909481004531412e-08
strength_lateral_HZ_-2,TN-P069,N206,interior_applied_load,,136.9,249.0,115.0,5.315818201563311e-13,-8.068671858880853,-1.5867396683065667e-11,-5.814331975566148e-14,-3.397436953869706e-11,4.741213534397492e-11
strength_lateral_HZ_-2,TN-P070,N482,interior_applied_load,,139.75,249.0,218.16,9.094947017729282e-13,-5.376241893321094,0.0,1.8189894035458565e-11,-1.0913936421275139e-11,-4.547473508864641e-13
strength_lateral_HZ_-2,TN-P071,N207,interior_applied_load,,149.51,249.0,115.0,7.691056594830883e-13,-10.636477500000842,3.692921784437e-12,-1.2469820986721466e-13,-1.9973913377792786e-11,1.7215776117661438e-11
strength_lateral_HZ_-2,TN-P072,N624,interior_applied_load,,151.0,249.0,229.319,7.96329668872886e-12,-6.008750048301983,-3.1771107100730944e-07,1.152456411872971e-12,9.892505786757155e-08,-5.254729336552633e-09
strength_lateral_HZ_-2,TN-P073,N422,interior_applied_load,,151.25,249.0,207.0,-7.450580596923828e-09,-6.714120947755873,9.5367431640625e-07,0.0,-1.3969838619232178e-09,2.2351741790771484e-08
strength_lateral_HZ_-2,TN-P074,N475,interior_applied_load,,151.25,249.0,209.5,7.450580596923828e-09,-2.9891714518889785,0.0,0.0,0.0,0.0
strength_lateral_HZ_-2,TN-P075,N476,interior_applied_load,,151.25,249.0,227.319,7.912272395431408e-09,-2.9891714505440703,8.806387850335273e-07,6.679364500383755e-08,2.1899434413143234e-10,1.283214865963056e-09
strength_lateral_HZ_-2,TN-P076,N625,interior_applied_load,,151.25,249.0,229.319,-9.632183408520012e-09,-1.110312464647734,-2.10901731240653e-06,4.281917439945662e-07,3.9989946249829184e-08,-5.511102101529632e-09
strength_lateral_HZ_-2,TN-P077,N423,interior_applied_load,,152.25,249.0,207.0,2.434304742835339e-10,-0.16774999301924798,1.6769994479710954e-08,-5.572936852091679e-09,5.400294552545247e-08,1.7491408080905998e-08
strength_lateral_HZ_-2,TN-P078,N411,interior_applied_load,,155.25,249.0,120.0,5.027610222828587e-15,-13.810985069623246,-2.342336590133713e-13,5.043371187247682e-12,1.1220235475912086e-13,1.5954610924427874e-13
strength_lateral_HZ_-2,TN-P079,N412,interior_applied_load,,155.25,249.0,146.657,2.1773887953326444e-14,-27.621970139249644,6.132709246490024e-13,-2.3476722353188948e-11,4.0650083564318755e-14,3.820773259164309e-13
strength_lateral_HZ_-2,TN-P080,N413,interior_applied_load,,155.25,249.0,173.314,8.026084953634425e-16,-27.621970139248983,-2.117063721377379e-12,-6.620679219957673e-11,1.1220235475912086e-13,-1.1218663608972058e-12
strength_lateral_HZ_-2,TN-P081,N414,interior_applied_load,,155.25,249.0,199.971,2.095302309763383e-12,-17.45272986148186,5.850001683047644e-11,-1.5117160722471112e-11,2.8786258852236517e-13,-8.386242984186186e-12
strength_lateral_HZ_-2,TN-P082,N415,interior_applied_load,,155.25,249.0,207.0,4.794174885092984e-12,-13.81098508137893,-3.210801660586863e-07,1.526066696342453e-08,5.096595704983205e-07,-7.551533626407771e-09
strength_lateral_HZ_-2,TN-P083,N416,interior_applied_load,,155.25,249.0,226.628,-3.725290298461914e-09,-10.169240278191864,0.0,0.0,0.0,0.0
strength_lateral_HZ_-2,TN-P084,N626,interior_applied_load,,155.25,249.0,229.319,3.725290298461914e-09,-2.2859374806284904,0.0,0.0,0.0,0.0
strength_lateral_HZ_-2,TN-P085,N458,interior_applied_load,,160.0,249.0,229.319,2.88430462042386e-12,-10.647879345728493,-6.02487866417744e-10,6.18455496309031e-11,-1.1873168976549378e-09,1.74508512902892e-11
strength_lateral_HZ_-2,TN-P086,N208,interior_applied_load,,165.05,249.0,115.0,-1.4958373069358788e-12,-8.06867185889046,1.6603102756794696e-11,-6.552269756668107e-13,-1.9717593236430137e-11,8.870663185821571e-12
strength_lateral_HZ_-2,TN-P087,N209,interior_applied_load,,170.865,249.0,115.0,1.720049680138546e-12,-5.64885748564129,-4.311599958378573e-12,1.9897036417754461e-13,-2.5973614119199884e-10,-5.561491945995599e-12
strength_lateral_HZ_-2,TN-P088,N459,interior_applied_load,,172.85,249.0,206.455,1.5511974021578332e-13,-8.799300402801364,4.7734971602105934e-14,9.521322787532628e-13,-3.391336888815551e-12,7.552943570969875e-14
strength_lateral_HZ_-2,TN-P089,N627,interior_applied_load,,179.167,249.0,229.319,6.207222815480856e-13,-5.225000031954197,-8.687654620656044e-09,2.113858686264822e-12,-5.980483431417915e-09,-3.9672382640852333e-10
strength_lateral_HZ_-2,TN-P090,N210,interior_applied_load,,180.0,249.0,115.0,-4.190369606860145e-09,-8.06867196411248,-5.0237645154993515e-09,6.162699150991102e-08,-4.0293519194575e-11,-7.80951969758803e-11
strength_lateral_HZ_-2,TN-P091,N434,interior_applied_load,,180.0,249.0,117.5,3.117975758182159e-09,-4.605542861644934,5.73658634125261e-08,-2.489510327913466e-07,8.191423759049992e-12,3.1462968918072897e-09
strength_lateral_HZ_-2,TN-P092,N435,interior_applied_load,,180.0,249.0,144.955,-2.8498187258795706e-14,-9.211085725884367,6.583228072841235e-13,-3.0063501260391255e-12,1.6208406234911312e-14,4.84135385969083e-13
strength_lateral_HZ_-2,TN-P093,N436,interior_applied_load,,180.0,249.0,172.41,1.4926805197468296e-14,-9.2110857258818,-3.0403736762626513e-14,2.1646630909522762e-12,3.0121375677391704e-14,6.018039863405669e-13
strength_lateral_HZ_-2,TN-P094,N437,interior_applied_load,,180.0,249.0,199.864,-4.659971913189863e-16,-9.21108572588233,-2.756613074200467e-13,9.21566061145341e-12,-2.643387327746359e-14,-2.727910328274931e-13
strength_lateral_HZ_-2,TN-P095,N438,interior_applied_load,,180.0,249.0,227.319,0.0,-4.605542864650488,9.5367431640625e-07,1.9073486328125e-06,0.0,-7.450580596923828e-09
strength_lateral_HZ_-2,TN-P096,N628,interior_applied_load,,180.0,249.0,229.319,7.450580596923828e-09,-7.358541663736105,0.0,0.0,-9.313225746154785e-10,-1.4901161193847656e-08
strength_lateral_HZ_-2,TN-P097,N460,interior_applied_load,,185.7,249.0,183.592,-5.122446478055621e-13,-8.799300402801226,3.2696787554074323e-13,7.370523155458147e-12,5.154773453151164e-12,-6.713743646365241e-13
strength_lateral_HZ_-2,TN-P098,N211,interior_applied_load,,192.219,249.0,115.0,-5.695611346599562e-13,-4.987620014453214,-3.582451501622369e-09,1.419802460648014e-12,1.2705836979955639e-09,3.742208854669997e-10
strength_lateral_HZ_-2,TN-P099,N212,interior_applied_load,,193.2,249.0,115.0,1.7862237152647546e-12,-8.068671859301912,-1.6415143235513583e-10,2.760438082027444e-12,2.5707832303603288e-09,-8.919201695530338e-11
strength_lateral_HZ_-2,TN-P100,N461,interior_applied_load,,198.55,249.0,160.728,4.370723450933995e-13,-8.79930040280202,-2.5467335055037867e-13,2.243592038636839e-12,4.400620072604459e-12,1.0551332317805106e-12
strength_lateral_HZ_-2,TN-P101,N629,interior_applied_load,,207.333,249.0,229.319,7.641935666227011e-13,-11.56031249882425,-9.851665300681159e-11,3.747762509707941e-12,5.438826099134755e-10,9.759147873105532e-12
strength_lateral_HZ_-2,TN-P102,N462,interior_applied_load,,211.4,249.0,137.864,4.547473508864641e-13,-8.799300402802146,7.958078640513122e-13,7.275957614183426e-12,-5.9117155615240335e-12,-8.810729923425242e-13
strength_lateral_HZ_-2,TN-P103,N213,interior_applied_load,,213.573,249.0,115.0,4.334736350739287e-13,-10.636477499999453,1.3519082792782962e-11,5.471513693018235e-13,-2.6146679856113562e-11,1.685694224878648e-12
strength_lateral_HZ_-2,TN-P104,N214,interior_applied_load,,221.35,249.0,115.0,3.409044272569187e-13,-4.0343359293920855,-9.135862234522458e-11,4.6444858130158766e-11,4.949240406827768e-10,2.6498461395355403e-11
strength_lateral_HZ_-2,TN-P105,N215,interface_action,N2; T-E,224.25,249.0,115.0,51.727911038019556,405.9184445844817,-29.847030012393134,61.51235903837369,305.1170424605107,-1332.9358214865579
strength_lateral_HZ_-2,TN-P106,N439,interface_action,T-E,224.25,249.0,117.5,65.06851413403682,-97.16926478431458,31.353349424376397,-131.86448450968982,-761.1787083195885,-212.13636578885476
strength_lateral_HZ_-2,TN-P107,N185,interface_action,T-E,224.25,249.0,120.0,-1.761100487785139,-86.1178110854542,1.4311301499501141,87.78479919256671,-41.93007064422854,53.3396797535141
strength_lateral_HZ_-2,TN-P108,N440,interior_applied_load,,224.25,249.0,144.955,5.329070518200751e-15,-9.211085725884189,-2.5579538487363607e-13,8.185452315956354e-12,-1.4210854715202004e-14,2.4158453015843406e-13
strength_lateral_HZ_-2,TN-P109,N441,interior_applied_load,,224.25,249.0,172.41,0.0,-9.211085725884459,0.0,-3.637978807091713e-12,-1.4210854715202004e-14,-1.1368683772161603e-13
strength_lateral_HZ_-2,TN-P110,N442,interior_applied_load,,224.25,249.0,199.864,-2.842170943040401e-14,-9.211085725883095,2.2737367544323206e-13,1.4551915228366852e-11,-1.1411662475154579e-14,2.8421709430404007e-13
strength_lateral_HZ_-2,TN-P111,N443,interior_applied_load,,224.25,249.0,227.319,-4.574310044636043e-08,-4.60554286248177,1.2701000274284446e-06,-5.263984501291397e-06,3.1337522670756893e-10,3.173716373039426e-08
strength_lateral_HZ_-2,TN-P112,N463,interface_action,N2; T-E top / segment 4,224.25,249.0,229.319,-35.762707595931765,250.54478858110986,-13.583965182545361,84.29208481007356,-368.62549045971525,2368.77828047238
strength_lateral_HZ_-2,TN-P113,N464,interior_applied_load,,230.312,249.0,200.739,3.7474452364736223e-14,-9.801877704262209,5.367820767531253e-13,-4.2275299459526855e-12,-1.0080177878492548e-11,-4.028766830357597e-13
strength_lateral_HZ_-2,TN-P114,N630,interior_applied_load,,235.5,249.0,229.319,-7.342937363154323e-13,-6.42430446301298,1.5772585450233464e-10,-3.649507686724553e-11,7.620223336048073e-10,-1.645446137942027e-11
strength_lateral_HZ_-2,TN-P115,N465,interior_applied_load,,236.375,249.0,172.16,-1.405724230802296e-13,-9.80187770426005,-3.8572663998741343e-13,8.282835440244227e-12,-1.9913311037966205e-12,-1.1049631123331075e-14
strength_lateral_HZ_-2,TN-P116,N466,interior_applied_load,,242.438,249.0,143.58,1.1368683772161603e-13,-9.801877704261187,5.684341886080802e-14,4.547473508864641e-12,1.3642420526593924e-12,-1.4210854715202004e-13
strength_lateral_HZ_-2,TN-P117,N216,interior_applied_load,,248.5,249.0,115.0,-1.862645149230957e-09,-14.441651332192123,3.5762786865234375e-07,0.0,-5.8498699218034744e-09,0.0
strength_lateral_HZ_-2,TN-P118,N444,interior_applied_load,,248.5,249.0,117.5,0.0,-4.470258484594524,0.0,2.384185791015625e-07,2.9103830456733704e-11,7.450580596923828e-09
strength_lateral_HZ_-2,TN-P119,N445,interior_applied_load,,248.5,249.0,144.148,4.88429001424586e-15,-8.940516968503804,5.157954059151372e-13,4.772326783288138e-12,6.574530898275909e-15,1.4985252617066833e-13
strength_lateral_HZ_-2,TN-P120,N446,interior_applied_load,,248.5,249.0,170.797,5.0779329006520885e-15,-8.94051696850378,-4.177866820910736e-13,8.371815461794059e-11,-5.3191143795046314e-15,1.1403190642038567e-14
strength_lateral_HZ_-2,TN-P121,N447,interior_applied_load,,248.5,249.0,197.445,1.8711027016886387e-15,-8.940516968503063,1.303436780007961e-12,-2.8425808019295428e-11,-1.4413789524105262e-14,-8.199079018381208e-14
strength_lateral_HZ_-2,TN-P122,N448,interior_applied_load,,248.5,249.0,224.093,3.9446139929272055e-09,-4.4702584842538755,-6.149190347727224e-07,6.409771144246273e-07,-3.2516132963815896e-10,2.630014594745475e-09
strength_lateral_HZ_-2,TN-P123,N631,interior_applied_load,,248.5,249.0,226.324,7.159962724749999e-09,-3.753337513137017,-1.6369273281733167e-08,-2.773449003114021e-07,-2.7726293600149813e-09,-1.1425987174324994e-08
strength_lateral_HZ_-2,TN-P124,N217,interior_applied_load,,249.5,249.0,115.0,-1.7361043158636846e-12,-0.3778500137670228,2.5218869516546033e-09,1.164978877254974e-11,4.776933124235605e-10,-1.678543562824708e-10
strength_lateral_HZ_-2,TN-P125,N632,interior_applied_load,,249.5,249.0,226.093,-4.204323935075008e-13,-0.2680955348132507,1.468112087885512e-09,9.499154746873424e-10,4.253972446957498e-09,-1.6381376535306795e-11
basic_Droof,TN-P001,N147,interface_action,BR-N-upper-1; T-W / B-WO; W4,-32.0,249.0,115.0,-0.35256101529865835,30.85142419291006,2.433304309604802,81.8839848265526,-44.61945900426756,34.77596397618469
basic_Droof,TN-P002,N555,interface_action,BR-N-upper-2; T-W top / segment 2; W4,-32.0,249.0,226.093,-13.364088538796471,-30.01892459211709,-2.358566264453692,46.944591951091525,53.93493715450736,-31.657804645653908
basic_Droof,TN-P035,N197,interface_action,BR-N-upper-2,50.25,249.0,115.0,14.431245054256971,-19.393415052215797,-0.6535433112929391,-33.73621645091694,-26.535639308340034,-6.169596455122469
basic_Droof,TN-P036,N617,interface_action,BR-N-upper-1,50.25,249.0,229.319,5.08474380385535,6.827414287677615,0.6236321163121,-21.494818615204593,27.664446661070127,13.80702408186082
basic_Droof,TN-P038,N199,interface_action,N1 / U-W,53.25,249.0,115.0,-12.30720750326424,19.45847375741483,-1.1228456904639275,52.59790531933605,6.498112402535399,11.197910442124133
basic_Droof,TN-P039,N618,interface_action,N1 / U-W,53.25,249.0,229.319,-10.514319474067362,-13.734622693968246,1.6163493038565455,29.98967135746177,-14.91780304100333,-31.672248203965502
basic_Droof,TN-P040,N417,interface_action,N1 / U-W,56.25,249.0,207.0,14.031299839784195,10.043225950943825,-0.6086977198611341,1.7917589682846617,-3.4633011732026633,20.246520159424556
basic_Droof,TN-P105,N215,interface_action,N2; T-E,224.25,249.0,115.0,3.198832108917145,171.8819443372157,-31.79310850151053,256.19220358844007,50.55916301082186,78.04182029308696
basic_Droof,TN-P106,N439,interface_action,T-E,224.25,249.0,117.5,-2.275737290845152,-165.24264879335553,31.823215217810937,-393.76641312395174,-15.54643046523325,30.40891269540057
basic_Droof,TN-P107,N185,interface_action,T-E,224.25,249.0,120.0,0.02983214172408954,96.53601512622717,-0.3089260802557567,-20.280208178362823,-1.1172966103691098,-1.4506870841073176
basic_Droof,TN-P112,N463,interface_action,N2; T-E top / segment 4,224.25,249.0,229.319,2.0379608883635143,-107.20888668557996,0.34918716192883037,-56.10673715355075,-28.531443827667328,-11.686693639501863
basic_Dsteel,TN-P001,N147,interface_action,BR-N-upper-1; T-W / B-WO; W4,-32.0,249.0,115.0,-147.29684220008977,218.23899275704264,-2.094199624746639,1.7277427549593487,130.31424710340042,436.694532239523
basic_Dsteel,TN-P002,N555,interface_action,BR-N-upper-2; T-W top / segment 2; W4,-32.0,249.0,226.093,87.13029608385825,-89.12536124272012,1.9835158333314338,22.430712529507936,-97.80473534698854,-1396.5180083401187
basic_Dsteel,TN-P003,N188,interior_applied_load,,-31.0,249.0,115.0,-2.9120030831109034e-09,-7.501450312127986,6.146123610051291e-10,-2.488320660631871e-09,1.3886847227695398e-10,1.969496565834561e-09
basic_Dsteel,TN-P004,N424,interior_applied_load,,-31.0,249.0,117.5,8.082284468920189e-10,-3.7252154037127627,2.1988114622828854e-09,-1.484819451371372e-09,-2.0214234624830866e-11,3.89911026387243e-09
basic_Dsteel,TN-P005,N425,interior_applied_load,,-31.0,249.0,144.148,2.05282372033974e-15,-7.450430807086238,2.0516186129196833e-15,5.773618375491497e-14,-1.044156966738198e-15,-4.479524678781217e-15
basic_Dsteel,TN-P006,N426,interior_applied_load,,-31.0,249.0,170.797,-7.099205628882267e-15,-7.450430807086132,-5.953830707582342e-15,-1.0408859175195342e-13,1.3292941387615389e-15,7.903212214864805e-14
basic_Dsteel,TN-P007,N427,interior_applied_load,,-31.0,249.0,197.445,-9.894568423601649e-15,-7.450430807085944,-3.3612320226188005e-15,-1.8476580369240635e-13,-1.2351944748004044e-15,2.1453790807391236e-13
basic_Dsteel,TN-P008,N428,interior_applied_load,,-31.0,249.0,224.093,0.0,-3.72521540382877,2.9802322387695312e-08,2.9802322387695312e-08,0.0,0.0
basic_Dsteel,TN-P009,N613,interior_applied_load,,-31.0,249.0,226.324,-7.450580596923828e-09,-3.1277812607586384,5.960464477539063e-08,-8.940696716308594e-08,1.775333657860756e-09,0.0
basic_Dsteel,TN-P010,N449,interior_applied_load,,-23.25,249.0,143.58,-2.842170943040401e-14,-8.279007407835024,-2.842170943040401e-14,6.536993168992922e-13,1.2967404927621828e-13,-2.6290081223123707e-13
basic_Dsteel,TN-P011,N189,interior_applied_load,,-21.323,249.0,115.0,-7.113706831642622e-13,-8.548856238349842,-2.407379748466538e-13,-1.0306807046513122e-14,-1.3073543218035794e-12,-5.985268281827934e-14
basic_Dsteel,TN-P012,N614,interior_applied_load,,-18.0,249.0,229.319,-4.838700171597698e-13,-6.823118306104253,1.316479260190987e-12,1.0390318543394076e-12,-2.716461139336883e-12,-2.6859663054323516e-12
basic_Dsteel,TN-P013,N450,interior_applied_load,,-15.5,249.0,172.16,3.631500264248672e-14,-8.279007407834383,-1.7512216442018046e-14,-7.555201073320037e-13,-7.128623681705447e-14,2.697352069522958e-14
basic_Dsteel,TN-P014,N451,interior_applied_load,,-7.75,249.0,200.739,3.479782505890047e-14,-8.279007407834717,1.0972956192867218e-14,4.254963527813057e-15,-2.7055953703094108e-14,-5.788443211954686e-15
basic_Dsteel,TN-P015,N190,interior_applied_load,,-3.85,249.0,115.0,8.863469130069369e-13,-6.7140534103940315,9.35425472784541e-13,1.5874561785551165e-14,5.040298357260407e-12,1.4231423192708767e-12
basic_Dsteel,TN-P016,N191,interior_applied_load,,0.0,249.0,115.0,4.287633942334779e-09,-1.2221106518945515,-1.1541834392891914e-05,-4.7344662634785095e-09,1.4140730784008253e-07,5.080510637189839e-09
basic_Dsteel,TN-P017,N429,interior_applied_load,,0.0,249.0,117.5,-2.4346007488596373e-09,-3.8379523854986117,4.462215684639213e-09,-7.972957323591468e-09,6.7353223482491456e-12,-3.116474842665389e-09
basic_Dsteel,TN-P018,N430,interior_applied_load,,0.0,249.0,144.955,-1.0416789485458345e-15,-7.675904771569679,1.0265887699223329e-14,-1.7178941215642107e-13,1.0620229221910707e-15,-5.436746786168686e-15
basic_Dsteel,TN-P019,N431,interior_applied_load,,0.0,249.0,172.41,-1.1151443895136095e-15,-7.675904771569504,6.624159007301627e-15,2.7310164472643267e-14,3.3047434992948533e-15,-7.996566040864218e-15
basic_Dsteel,TN-P020,N432,interior_applied_load,,0.0,249.0,199.864,2.6099001293649205e-17,-7.675904771569839,-3.144211302058286e-15,-7.488228753124895e-14,-3.525964128075383e-16,6.802329839090377e-15
basic_Dsteel,TN-P021,N433,interior_applied_load,,0.0,249.0,227.319,0.0,-3.837952386122197,0.0,5.960464477539063e-08,0.0,0.0
basic_Dsteel,TN-P022,N452,interior_applied_load,,-0.0,249.0,229.319,1.1175870895385742e-08,-10.271621759515256,5.960464477539063e-08,-1.1920928955078125e-07,0.0,0.0
basic_Dsteel,TN-P023,N192,interior_applied_load,,0.031,249.0,115.0,-5.606090955489754e-11,-0.3148736724943484,6.875047408339279e-06,-4.88440377429099e-12,1.5128591966325133e-07,-4.2773510342237276e-08
basic_Dsteel,TN-P024,N193,interior_applied_load,,1.0,249.0,115.0,-2.0463630789890885e-12,-10.190374840289905,-3.196873876731843e-10,-2.1032064978498966e-12,-2.405897703283699e-10,-6.446043698815629e-11
basic_Dsteel,TN-P025,N615,interior_applied_load,,10.167,249.0,229.319,-6.916898760403762e-13,-8.34548611992827,7.34345962053856e-13,-4.6454074725626174e-14,1.6912123256985132e-12,-3.3575996432447453e-13
basic_Dsteel,TN-P026,N453,interior_applied_load,,10.6,249.0,137.864,-5.684341886080802e-14,-6.932963248242459,-7.105427357601002e-15,5.684341886080802e-14,4.263256414560601e-13,-2.8421709430404007e-13
basic_Dsteel,TN-P027,N454,interior_applied_load,,20.2,249.0,160.728,-1.600156520644604e-16,-6.932963248241932,-4.656300872322553e-14,5.369886935344138e-13,-3.0490803389645187e-13,-1.981004595299725e-13
basic_Dsteel,TN-P028,N194,interior_applied_load,,21.385,249.0,115.0,-4.4359669226060997e-13,-7.336587470089998,-3.640845150759437e-12,-1.2573531506138703e-15,-1.5170392717943184e-11,-8.265565798676169e-12
basic_Dsteel,TN-P029,N195,interior_applied_load,,24.3,249.0,115.0,7.077759830267558e-13,-6.723893304364723,2.026338060888741e-12,-2.7776107847443896e-14,-7.889107176162992e-12,5.3043542959456156e-12
basic_Dsteel,TN-P030,N455,interior_applied_load,,29.8,249.0,183.592,-1.810149669938567e-14,-6.932963248242194,5.022988846219956e-14,-2.4272175426102746e-13,5.148797802176881e-13,-2.1399752356112582e-13
basic_Dsteel,TN-P031,N616,interior_applied_load,,38.333,249.0,229.319,-4.799664315896174e-13,-8.454340290949087,1.0615292901404536e-12,-4.17677722112483e-14,6.0409336118096675e-12,-1.3533520746401462e-12
basic_Dsteel,TN-P032,N456,interior_applied_load,,39.4,249.0,206.455,3.1897510309780666e-13,-6.932963248241169,-6.908754384578769e-14,-1.5770643971137617e-14,-3.1939374665401414e-13,1.652219968368284e-14
basic_Dsteel,TN-P033,N196,interior_applied_load,,42.74,249.0,115.0,-2.706507771745869e-13,-8.171006277551365,1.6104508278392806e-12,5.382361195006255e-14,-4.0012448282273215e-12,6.150120936685348e-13
basic_Dsteel,TN-P034,N457,interior_applied_load,,49.0,249.0,229.319,1.267708160668235e-12,-6.060839250287373,-5.948038294539826e-10,2.0127161595918018e-11,-5.15618060401013e-12,-9.79246024546132e-12
basic_Dsteel,TN-P035,N197,interface_action,BR-N-upper-2,50.25,249.0,115.0,-52.69809819057215,17.562099870522022,-0.012218301392575001,-0.6509972689279384,-3.928426315911137,715.8585718380666
basic_Dsteel,TN-P036,N617,interface_action,BR-N-upper-1,50.25,249.0,229.319,48.42764847990189,22.78691918956505,-0.43829738033296217,33.57428774096691,-6.472274836229552,552.077922084453
basic_Dsteel,TN-P037,N198,interior_applied_load,,52.45,249.0,115.0,3.015911133278873e-12,-0.9446249461878155,4.057971584163582e-10,-1.187217029128982e-11,2.2070588917719406e-10,2.6160445948218845e-11
basic_Dsteel,TN-P038,N199,interface_action,N1 / U-W,53.25,249.0,115.0,6.39695148288168,42.651145082527954,2.3535765070067076,28.413095141257912,101.99725704854043,558.6708202441157
basic_Dsteel,TN-P039,N618,interface_action,N1 / U-W,53.25,249.0,229.319,-85.38042877768643,29.003435686551974,-0.7212858383848748,-62.32341901476049,-42.088066935835755,-852.8806235371494
basic_Dsteel,TN-P040,N417,interface_action,N1 / U-W,56.25,249.0,207.0,108.22892651385516,109.53787990100896,-1.3859654690471308,-14.114453153161751,45.02349823440616,151.6842881530126
basic_Dsteel,TN-P041,N418,interior_applied_load,,57.25,249.0,207.0,0.0,-5.595100789098069,0.0,0.0,-5.820766091346741e-11,1.4901161193847656e-08
basic_Dsteel,TN-P042,N467,interior_applied_load,,57.25,249.0,209.5,7.450580596923828e-09,-2.4909762097522616,0.0,0.0,-2.9103830456733704e-11,0.0
basic_Dsteel,TN-P043,N468,interior_applied_load,,57.25,249.0,227.319,-1.0244149323962448e-08,-2.4909762098758197,3.864416505544588e-08,3.693864759901633e-08,1.6354992490906607e-11,5.510059235269704e-09
basic_Dsteel,TN-P044,N619,interior_applied_load,,57.25,249.0,229.319,6.41215232062109e-09,-2.884635403121937,-2.2687056884982155e-08,5.7999276557279596e-08,4.823249807197336e-11,9.838069573139274e-09
basic_Dsteel,TN-P045,N200,interior_applied_load,,64.094,249.0,115.0,1.5381188284349156e-13,-8.611831276133415,1.7237684819876825e-12,6.500143968677776e-14,9.051680991989235e-12,-1.900780102480466e-12
basic_Dsteel,TN-P046,N620,interior_applied_load,,66.5,249.0,229.319,5.732420437350985e-13,-5.007291664598154,2.809248667828295e-12,1.3955834655665897e-14,1.085305206227316e-12,3.553661701221399e-13
basic_Dsteel,TN-P047,N477,interior_applied_load,,68.75,249.0,218.16,0.0,-4.480201577767275,0.0,-1.3642420526593924e-12,0.0,-1.9895196601282805e-13
basic_Dsteel,TN-P048,N419,interior_applied_load,,80.25,249.0,207.0,0.0,-6.570208329241723,0.0,-5.960464477539063e-08,0.0,-7.450580596923828e-09
basic_Dsteel,TN-P049,N469,interior_applied_load,,80.25,249.0,209.5,7.450580596923828e-09,-2.490976210217923,2.9802322387695312e-08,0.0,0.0,0.0
basic_Dsteel,TN-P050,N470,interior_applied_load,,80.25,249.0,227.319,1.6583128314984208e-08,-2.4909762096409893,-1.8628694177513783e-09,-5.8207810425814355e-08,-7.937949473505401e-13,-1.4004607029605154e-08
basic_Dsteel,TN-P051,N478,interior_applied_load,,80.25,249.0,229.319,-1.0206581477904453e-08,-10.662997454074677,4.0650529863760256e-08,-2.6774578728649327e-08,-4.330015405633593e-11,-5.465770609934404e-09
basic_Dsteel,TN-P052,N201,interior_applied_load,,80.6,249.0,115.0,4.1890432992144135e-13,-6.723893215736727,1.3528022920513729e-12,7.707639172937482e-14,-1.3526088037538275e-11,-1.0150655586557112e-11
basic_Dsteel,TN-P053,N202,interior_applied_load,,85.448,249.0,115.0,-4.750323499950714e-13,-8.250380990894406,-3.8183798714713506e-12,-2.365284654440758e-14,-1.880354469399555e-11,7.641186737953756e-13
basic_Dsteel,TN-P054,N479,interior_applied_load,,92.25,249.0,218.16,1.7053025658242404e-12,-4.581557218969351,7.958078640513122e-13,1.3642420526593924e-12,3.183231456205249e-12,-9.094947017729282e-13
basic_Dsteel,TN-P055,N621,interior_applied_load,,94.667,249.0,229.319,-1.0717136098154525e-12,-5.225000043433867,1.0322865004352111e-12,-1.2653617567493378e-11,1.2508650346769322e-11,-1.3614125364123783e-11
basic_Dsteel,TN-P056,N420,interior_applied_load,,104.25,249.0,207.0,7.450580596923828e-09,-11.291557219810784,-1.1920928955078125e-07,-2.980232238769531e-07,-3.1359377317130566e-09,-7.450580596923828e-09
basic_Dsteel,TN-P057,N471,interior_applied_load,,104.25,249.0,209.5,-7.450580596923828e-09,-2.4909762092866004,2.086162567138672e-07,-1.7881393432617188e-07,2.3283064365386963e-10,-7.450580596923828e-09
basic_Dsteel,TN-P058,N472,interior_applied_load,,104.25,249.0,227.319,7.590939985965828e-09,-2.490976209709032,5.7704223573040725e-08,-1.4221678973358465e-09,1.4177266383055252e-12,1.6914620086516674e-09
basic_Dsteel,TN-P059,N622,interior_applied_load,,104.25,249.0,229.319,-5.2804243914119946e-09,-6.132118054683349,2.4328343470014276e-08,4.0503605433765996e-08,-9.92072239371922e-12,-7.0500814770848055e-09
basic_Dsteel,TN-P060,N203,interior_applied_load,,106.802,249.0,115.0,-8.394352044047197e-13,-7.337243474769739,6.806063494183908e-12,4.351604062231877e-15,-3.123466871950837e-11,1.762426741890502e-10
basic_Dsteel,TN-P061,N204,interior_applied_load,,108.75,249.0,115.0,5.512124432954357e-13,-6.723893215770356,4.596965728460205e-12,1.5929576930602665e-13,-3.241414467193892e-11,1.0901896276926724e-10
basic_Dsteel,TN-P062,N480,interior_applied_load,,116.25,249.0,218.16,-9.094947017729282e-13,-4.581557218971739,8.526512829121202e-13,-3.637978807091713e-12,4.547473508864641e-12,4.547473508864641e-13
basic_Dsteel,TN-P063,N623,interior_applied_load,,122.833,249.0,229.319,-2.161247409951499e-12,-5.224999988239831,4.847979274546008e-12,-8.485593563055678e-12,-1.8805203507355094e-11,5.6191163786707235e-11
basic_Dsteel,TN-P064,N205,interior_applied_load,,128.156,249.0,115.0,-3.373722621128832e-14,-8.863731249997578,1.5605827634436202e-13,2.841579967303757e-15,-2.3211364947350676e-12,2.999625191617465e-11
basic_Dsteel,TN-P065,N421,interior_applied_load,,128.25,249.0,207.0,0.0,-6.570208327844739,0.0,0.0,0.0,7.450580596923828e-09
basic_Dsteel,TN-P066,N473,interior_applied_load,,128.25,249.0,209.5,7.450580596923828e-09,-2.4909762097522616,5.960464477539063e-08,5.960464477539063e-08,-1.4551915228366852e-11,0.0
basic_Dsteel,TN-P067,N474,interior_applied_load,,128.25,249.0,227.319,-1.6247024137508448e-08,-2.490976209826744,5.7388303262295715e-08,4.42081529716809e-09,-1.2800610279941675e-12,3.6326304905104356e-08
basic_Dsteel,TN-P068,N481,interior_applied_load,,128.25,249.0,229.319,7.14370425129983e-09,-10.662997454273674,-1.0743097632954266e-07,8.020631456156909e-08,-1.2109540357383886e-10,5.073114586524984e-08
basic_Dsteel,TN-P069,N206,interior_applied_load,,136.9,249.0,115.0,9.589582091263266e-14,-6.723893215735636,-1.0200573350154997e-12,-1.6515125061724342e-14,-2.170977775769962e-12,2.6784717020990108e-11
basic_Dsteel,TN-P070,N482,interior_applied_load,,139.75,249.0,218.16,-2.2737367544323206e-13,-4.48020157776682,-2.8421709430404007e-13,2.7284841053187847e-12,4.547473508864641e-13,4.547473508864641e-13
basic_Dsteel,TN-P071,N207,interior_applied_load,,149.51,249.0,115.0,-9.633386658106606e-15,-8.863731250000201,-1.222859270866151e-13,-1.4772788083087607e-14,-2.142583599097343e-12,1.2082321446335095e-12
basic_Dsteel,TN-P072,N624,interior_applied_load,,151.0,249.0,229.319,4.421119026432052e-11,-5.007291643125592,-3.2228245293829116e-08,-5.240942048024667e-13,-1.039603190642821e-09,2.6743554289512805e-09
basic_Dsteel,TN-P073,N422,interior_applied_load,,151.25,249.0,207.0,0.0,-5.595100788399577,2.9802322387695312e-08,0.0,-1.4551915228366852e-10,1.4901161193847656e-08
basic_Dsteel,TN-P074,N475,interior_applied_load,,151.25,249.0,209.5,1.4901161193847656e-08,-2.4909762097522616,2.9802322387695312e-08,0.0,2.9103830456733704e-11,1.4901161193847656e-08
basic_Dsteel,TN-P075,N476,interior_applied_load,,151.25,249.0,227.319,1.0211290190145772e-09,-2.4909762091655745,2.5136490684057877e-08,-3.601728543883853e-08,8.991310453619999e-12,4.053470408285631e-09
basic_Dsteel,TN-P076,N625,interior_applied_load,,151.25,249.0,229.319,3.619643243121806e-09,-0.9252604561616785,-3.517284355887822e-08,-1.459779548529985e-08,1.239839909119569e-08,1.3693658280976122e-08
basic_Dsteel,TN-P077,N423,interior_applied_load,,152.25,249.0,207.0,2.871460775235918e-11,-0.13979167385426833,1.4854395710715336e-09,1.713551002100949e-09,2.506109243342474e-08,2.734020338928964e-09
basic_Dsteel,TN-P078,N411,interior_applied_load,,155.25,249.0,120.0,1.4261509056343053e-14,-11.509154224685227,3.1062129633862016e-14,-5.960044018868373e-13,1.019116784442497e-14,-2.7618302858288397e-13
basic_Dsteel,TN-P079,N412,interior_applied_load,,155.25,249.0,146.657,3.0297424391380096e-14,-23.01830844937397,-6.919515494480761e-14,-2.3623638723440025e-12,-1.6811484634161897e-14,2.4407723915016537e-13
basic_Dsteel,TN-P080,N413,interior_applied_load,,155.25,249.0,173.314,3.279300221674884e-14,-23.018308449375155,6.041472433004398e-14,-3.3764520472151674e-12,-1.8230541585979037e-14,-2.852001050694403e-12
basic_Dsteel,TN-P081,N414,interior_applied_load,,155.25,249.0,199.971,3.4535482642844198e-12,-14.543941551228212,7.711110025908582e-13,-1.1349739408986907e-12,-4.965064499852439e-14,-9.20080622319442e-12
basic_Dsteel,TN-P082,N415,interior_applied_load,,155.25,249.0,207.0,-5.943390985443714e-11,-11.509154228764622,-1.1608066024057802e-08,-8.897549486310722e-10,-1.5963483469414088e-09,-3.011334855311533e-08
basic_Dsteel,TN-P083,N416,interior_applied_load,,155.25,249.0,226.628,-3.725290298461914e-09,-8.47436689864844,2.9802322387695312e-08,2.9802322387695312e-08,0.0,0.0
basic_Dsteel,TN-P084,N626,interior_applied_load,,155.25,249.0,229.319,0.0,-1.9049479002133012,-5.960464477539063e-08,2.9802322387695312e-08,2.9103830456733704e-11,-3.725290298461914e-09
basic_Dsteel,TN-P085,N458,interior_applied_load,,160.0,249.0,229.319,3.6258839271447494e-12,-8.873232788097544,-4.289983199416434e-11,2.636778290367317e-12,-3.7907088657847126e-11,1.708307361821258e-11
basic_Dsteel,TN-P086,N208,interior_applied_load,,165.05,249.0,115.0,-3.212411277860772e-14,-6.723893215747078,-1.740124179213146e-12,-1.1506222922087718e-13,4.456017684324973e-12,-2.344862703355464e-11
basic_Dsteel,TN-P087,N209,interior_applied_load,,170.865,249.0,115.0,-3.767628449075962e-14,-4.707381238038235,1.2734386221301198e-12,7.339799400531197e-14,-2.8546259710746096e-12,-5.88880858296225e-11
basic_Dsteel,TN-P088,N459,interior_applied_load,,172.85,249.0,206.455,-1.0136795773954938e-13,-7.3327503356673915,4.1141653768697615e-14,5.233742574436609e-13,-2.783516933114222e-13,3.5431262076834566e-13
basic_Dsteel,TN-P089,N627,interior_applied_load,,179.167,249.0,229.319,6.58794875047181e-12,-4.354166693484249,1.5182346530013004e-09,1.4091357587184483e-13,-9.371887600604934e-10,-4.13056991916471e-10
basic_Dsteel,TN-P090,N210,interior_applied_load,,180.0,249.0,115.0,1.3531596954052816e-09,-6.723893302346966,2.4219264371794225e-09,4.064526493152698e-13,-4.3330683969120444e-11,-5.067513630940823e-10
basic_Dsteel,TN-P091,N434,interior_applied_load,,180.0,249.0,117.5,2.1937619666695986e-10,-3.8379523840563206,-1.9600379892042425e-09,-1.2715622720105318e-09,-4.49588101670524e-13,1.1724049620805428e-09
basic_Dsteel,TN-P092,N435,interior_applied_load,,180.0,249.0,144.955,-3.160978051959128e-15,-7.675904771569271,1.4702627300593877e-14,-8.963952767481325e-15,-3.660286916960438e-15,3.3386869015151846e-14
basic_Dsteel,TN-P093,N436,interior_applied_load,,180.0,249.0,172.41,1.0069276685880074e-14,-7.675904771569055,-9.001362932295977e-15,2.6871982010461325e-13,-4.045880661419015e-16,-3.7271496676144233e-13
basic_Dsteel,TN-P094,N437,interior_applied_load,,180.0,249.0,199.864,-1.1915269199409176e-14,-7.6759047715699,-1.5185040634150968e-14,7.773586807319161e-13,-2.0414783765330337e-15,-4.904917444748375e-13
basic_Dsteel,TN-P095,N438,interior_applied_load,,180.0,249.0,227.319,0.0,-3.8379523884505033,1.1920928955078125e-07,1.7881393432617188e-07,0.0,7.450580596923828e-09
basic_Dsteel,TN-P096,N628,interior_applied_load,,180.0,249.0,229.319,7.450580596923828e-09,-6.1321180537343025,-5.960464477539063e-08,0.0,-2.9103830456733704e-10,-1.4901161193847656e-08
basic_Dsteel,TN-P097,N460,interior_applied_load,,185.7,249.0,183.592,-3.8007956605070457e-13,-7.332750335666314,-3.1330564192414916e-15,2.461483101958334e-13,1.6596173701532565e-13,-4.418434377692774e-13
basic_Dsteel,TN-P098,N211,interior_applied_load,,192.219,249.0,115.0,3.095690642554769e-13,-4.156350012291914,7.730080657134454e-11,-3.894160016149444e-14,-3.8279013493243755e-11,9.401201827656673e-11
basic_Dsteel,TN-P099,N212,interior_applied_load,,193.2,249.0,115.0,2.0064265168222e-13,-6.723893217052978,4.237617044261178e-11,-5.247320977911697e-14,-3.201838303987845e-11,1.8099555675163769e-10
basic_Dsteel,TN-P100,N461,interior_applied_load,,198.55,249.0,160.728,8.601445960695043e-14,-7.332750335667671,-1.6198493066875345e-14,1.6119085460120953e-12,-3.4604375345005437e-13,1.0684618500305666e-12
basic_Dsteel,TN-P101,N629,interior_applied_load,,207.333,249.0,229.319,-6.602570506506894e-13,-9.633593749020488,3.379393347158645e-12,-1.020054755309137e-12,-5.5126148591118944e-11,1.0268425474008494e-12
basic_Dsteel,TN-P102,N462,interior_applied_load,,211.4,249.0,137.864,-5.684341886080801e-13,-7.33275033566747,1.7763568394002505e-15,3.694822225952521e-13,5.684341886080801e-13,-7.105427357601002e-14
basic_Dsteel,TN-P103,N213,interior_applied_load,,213.573,249.0,115.0,-2.622742112138248e-13,-8.86373124999843,-7.601907477239898e-13,3.1687914829210374e-13,1.6488874586356705e-12,1.4746196563842541e-12
basic_Dsteel,TN-P104,N214,interior_applied_load,,221.35,249.0,115.0,-8.617828941112916e-13,-3.361946607822385,-5.235954022324445e-12,1.9394062266683134e-12,-2.0196479303737537e-11,3.540339162385778e-11
basic_Dsteel,TN-P105,N215,interface_action,N2; T-E,224.25,249.0,115.0,34.74038154480127,463.48586878861784,-42.54375458552525,148.27209682476013,183.90922623920298,-801.6643275286845
basic_Dsteel,TN-P106,N439,interface_action,T-E,224.25,249.0,117.5,44.22637965524985,-202.83000724658095,40.69981814100414,-380.9409148345857,-319.1990617553008,-302.09452800257367
basic_Dsteel,TN-P107,N185,interface_action,T-E,224.25,249.0,120.0,-1.202382658647898,128.34894341872283,-0.8827091622350278,-52.596935144681304,-10.474308773334995,32.46043751227943
basic_Dsteel,TN-P108,N440,interior_applied_load,,224.25,249.0,144.955,1.509903313490213e-14,-7.675904771570052,-1.9539925233402755e-14,1.5631940186722204e-13,3.552713678800501e-15,1.4210854715202004e-13
basic_Dsteel,TN-P109,N441,interior_applied_load,,224.25,249.0,172.41,3.552713678800501e-15,-7.6759047715700035,0.0,-5.684341886080802e-14,0.0,-1.1368683772161603e-13
basic_Dsteel,TN-P110,N442,interior_applied_load,,224.25,249.0,199.864,0.0,-7.675904771570458,-3.552713678800501e-15,4.547473508864641e-13,1.3389645102526654e-15,1.7053025658242404e-13
basic_Dsteel,TN-P111,N443,interior_applied_load,,224.25,249.0,227.319,-5.269220296200139e-08,-3.837952384869481,7.976760002526007e-08,-2.1131721117395585e-07,-1.041992752276524e-11,-7.091821407900767e-09
basic_Dsteel,TN-P112,N463,interface_action,N2; T-E top / segment 4,224.25,249.0,229.319,-42.57283192981078,-6.7147960325303435,3.0415213915534727,-129.11447207023846,79.19598590035567,1721.0561124356316
basic_Dsteel,TN-P113,N464,interior_applied_load,,230.312,249.0,200.739,-1.1857164173840912e-13,-8.168231420217827,-1.419891598960416e-14,-2.868642026848518e-13,4.806360618660939e-13,-3.9158856557663687e-13
basic_Dsteel,TN-P114,N630,interior_applied_load,,235.5,249.0,229.319,2.0370238603676366e-12,-5.353587052511038,-7.893752536133113e-12,-6.5439183713247365e-12,-3.42434748335665e-11,-1.1226903177926506e-11
basic_Dsteel,TN-P115,N465,interior_applied_load,,236.375,249.0,172.16,1.1682672704870914e-14,-8.168231420217618,4.9647445117760914e-15,-9.934871784793704e-14,3.332125996216286e-14,-8.351821487382613e-14
basic_Dsteel,TN-P116,N466,interior_applied_load,,242.438,249.0,143.58,5.684341886080802e-14,-8.168231420217126,-1.1723955140041653e-13,3.410605131648481e-13,1.4210854715202004e-13,4.973799150320701e-14
basic_Dsteel,TN-P117,N216,interior_applied_load,,248.5,249.0,115.0,0.0,-12.034709443803877,0.0,5.960464477539063e-08,8.149072527885437e-10,-1.862645149230957e-09
basic_Dsteel,TN-P118,N444,interior_applied_load,,248.5,249.0,117.5,9.313225746154785e-10,-3.725215404294431,0.0,2.9802322387695312e-08,0.0,0.0
basic_Dsteel,TN-P119,N445,interior_applied_load,,248.5,249.0,144.148,4.807669518342421e-15,-7.450430807086315,1.1816303739860249e-14,1.1399775689049814e-13,2.626518063298773e-15,9.618248083763574e-15
basic_Dsteel,TN-P120,N446,interior_applied_load,,248.5,249.0,170.797,1.3347126418981128e-15,-7.4504308070861525,-6.4090220332764144e-15,3.221633987323551e-12,3.0804594400756956e-15,-1.2699997422084514e-13
basic_Dsteel,TN-P121,N447,interior_applied_load,,248.5,249.0,197.445,-2.4655072898602775e-15,-7.450430807086158,4.02341320529698e-14,-1.4458932834426291e-12,-5.632434332526142e-15,-2.6579624101507027e-14
basic_Dsteel,TN-P122,N448,interior_applied_load,,248.5,249.0,224.093,1.0659798197904468e-08,-3.7252154036862555,9.065549669074867e-09,8.354005839277611e-09,-1.369129564526781e-11,-2.767824313083663e-10
basic_Dsteel,TN-P123,N631,interior_applied_load,,248.5,249.0,226.324,-9.253619083964075e-09,-3.1277812602387387,1.6798126521421088e-08,-2.604011538704771e-08,-1.085889623548196e-10,2.0241485871872753e-09
basic_Dsteel,TN-P124,N217,interior_applied_load,,249.5,249.0,115.0,7.432179871535993e-13,-0.31487501136226764,-9.032774927336673e-10,1.3308516615129218e-12,1.0600821262474192e-10,-8.031540319961006e-11
basic_Dsteel,TN-P125,N632,interior_applied_load,,249.5,249.0,226.093,-1.3990012772416043e-12,-0.22341294568799236,-9.656427529579526e-10,-3.461163402261309e-12,-3.9208780990917454e-10,-3.533403658589693e-11
basic_Dwall,TN-P001,N147,interface_action,BR-N-upper-1; T-W / B-WO; W4,-32.0,249.0,115.0,-52.94639203377318,86.52153270069535,1.8606277076366606,-9.463521366631529,-74.17729359851629,341.25349821674445
basic_Dwall,TN-P002,N555,interface_action,BR-N-upper-2; T-W top / segment 2; W4,-32.0,249.0,226.093,49.4369738282222,20.600783479160707,1.0595638104678906,15.429477992797676,-50.80725516831863,22.598244506172527
basic_Dwall,TN-P011,N189,interior_applied_load,,-21.323,249.0,115.0,1.3331444857838521e-14,-66.13859953703711,-1.977840755677845e-15,-4.0639641858376817e-14,-3.0942355045692963e-13,1.3517658284434931e-13
basic_Dwall,TN-P023,N192,interior_applied_load,,0.031,249.0,115.0,-1.2311122100797197e-11,-66.13859507091668,-2.892430714992661e-06,-3.1798900715470914e-12,-4.300266106360616e-08,-1.6496423341796512e-08
basic_Dwall,TN-P028,N194,interior_applied_load,,21.385,249.0,115.0,9.938529866542143e-14,-66.13859953703894,2.1915136572735687e-12,-9.731711610634398e-14,-5.545065754737271e-12,7.585893767476185e-12
basic_Dwall,TN-P033,N196,interior_applied_load,,42.74,249.0,115.0,1.991139134920941e-13,-66.13859953703714,5.076732466549172e-13,1.8991522164588615e-14,3.125052852336739e-13,9.672451721965712e-13
basic_Dwall,TN-P035,N197,interface_action,BR-N-upper-2,50.25,249.0,115.0,-47.37020797863217,63.42044293845957,0.2758672854861016,25.78806023200756,13.411552861067445,31.262228535112108
basic_Dwall,TN-P036,N617,interface_action,BR-N-upper-1,50.25,249.0,229.319,46.9716990320444,64.5961497782738,0.12657009524040327,-13.37191089350381,3.1665591807218547,24.823327258896942
basic_Dwall,TN-P038,N199,interface_action,N1 / U-W,53.25,249.0,115.0,-34.471441673098376,248.6815990133796,-2.4284079947124786,-23.279391425648303,-65.99965868818089,3980.9116884881537
basic_Dwall,TN-P039,N618,interface_action,N1 / U-W,53.25,249.0,229.319,-63.3786208421825,-34.137528087076205,-0.6558031830858415,5.580565321573858,-18.468778703148033,-246.54291198381242
basic_Dwall,TN-P040,N417,interface_action,N1 / U-W,56.25,249.0,207.0,103.63124453194334,35.14801066950496,-1.128912273868211,-15.88443195690154,37.166496611403225,85.39661515144384
basic_Dwall,TN-P045,N200,interior_applied_load,,64.094,249.0,115.0,-4.805492894950342e-14,-66.13859953702955,1.1252670380593532e-12,8.4778356455393e-14,6.653767655276154e-12,-5.3146738084103074e-11
basic_Dwall,TN-P053,N202,interior_applied_load,,85.448,249.0,115.0,1.4490293988661847e-13,-66.13859953702223,-1.435180339819162e-13,2.789014679867839e-14,-4.636448209204976e-12,1.6790250509853434e-11
basic_Dwall,TN-P060,N203,interior_applied_load,,106.802,249.0,115.0,2.2891082676933767e-13,-66.13859953737024,-1.4416470087257226e-12,-4.400613124356887e-15,2.327557237692563e-11,-1.8502454792484406e-10
basic_Dwall,TN-P064,N205,interior_applied_load,,128.156,249.0,115.0,-3.207164718193872e-13,-66.13859953703634,1.2433788366695483e-12,-4.697421268336076e-14,-4.355880198947471e-12,2.598131174989677e-11
basic_Dwall,TN-P071,N207,interior_applied_load,,149.51,249.0,115.0,-4.6384165810039234e-14,-66.13859953703812,-1.0345846402211954e-13,-1.0458400120572468e-14,-2.16354940548412e-12,4.593069689968618e-11
basic_Dwall,TN-P087,N209,interior_applied_load,,170.865,249.0,115.0,-3.148052873165783e-13,-66.13859953703802,-2.2470079777848512e-13,1.5584641945660464e-14,-1.9512178156924755e-12,-1.5600217710510158e-12
basic_Dwall,TN-P098,N211,interior_applied_load,,192.219,249.0,115.0,1.5541540277209623e-13,-66.1385995373687,-4.28598314274327e-11,-1.3877626888663799e-13,4.9377684479204356e-11,1.1647105496947553e-11
basic_Dwall,TN-P103,N213,interior_applied_load,,213.573,249.0,115.0,-6.025065950875707e-13,-66.13859953703661,-1.4996561369534193e-13,4.048210769870747e-14,-5.313750237160592e-13,4.663113759536274e-13
basic_Dwall,TN-P105,N215,interface_action,N2; T-E,224.25,249.0,115.0,-10.428794056989545,263.1579568926978,-12.385949157955135,-47.43818048988162,0.25611117339655465,-544.5299796297961
basic_Dwall,TN-P106,N439,interface_action,T-E,224.25,249.0,117.5,21.724932517187142,-35.13827472219096,12.0910625771301,-25.506828252913312,17.451164054465938,-111.89125702288347
basic_Dwall,TN-P107,N185,interface_action,T-E,224.25,249.0,120.0,-0.3544619992122855,27.554519432590936,-0.3379183575092271,-20.95431473637809,-0.3629531505602588,14.346278900055625
basic_Dwall,TN-P112,N463,interface_action,N2; T-E top / segment 4,224.25,249.0,229.319,-12.814931364405881,53.257999871001154,1.5233000006557806,-46.928556169647045,37.09840290076382,-1230.7381671770934
basic_HX,TN-P001,N147,interface_action,BR-N-upper-1; T-W / B-WO; W4,-32.0,249.0,115.0,-345.65850419673296,-721.342845562983,144.5062699568804,1081.850596650771,-5017.241882058501,-1554.423509450571
basic_HX,TN-P002,N555,interface_action,BR-N-upper-2; T-W top / segment 2; W4,-32.0,249.0,226.093,-337.4069277773045,379.105591543638,-1.3333136104721526,1390.9728204554522,-3115.9564241018466,681.284023009477
basic_HX,TN-P035,N197,interface_action,BR-N-upper-2,50.25,249.0,115.0,1943.3985346673653,-2625.4329466496315,7.030915304439931,-136.62085157771193,-921.2022663646474,-21.644146597758564
basic_HX,TN-P036,N617,interface_action,BR-N-upper-1,50.25,249.0,229.319,-1220.166018910018,-1676.6026642182214,8.885661941284146,-336.53704029182325,117.96111782172322,-1129.1713656747315
basic_HX,TN-P038,N199,interface_action,N1 / U-W,53.25,249.0,115.0,-1884.4562965426342,2618.2114903853267,-96.47462486263466,623.5519496807299,-6870.40093876008,-9975.690649051612
basic_HX,TN-P039,N618,interface_action,N1 / U-W,53.25,249.0,229.319,614.0666181194302,2019.4622448849184,-31.167822193158866,201.84737424523894,-922.2684032742424,-2734.0178342402733
basic_HX,TN-P040,N417,interface_action,N1 / U-W,56.25,249.0,207.0,-919.8896531910501,-232.74302714092642,32.5025456611076,465.15941696079955,-1246.505322660179,-1001.5320619253564
basic_HX,TN-P105,N215,interface_action,N2; T-E,224.25,249.0,115.0,-111.88406328480596,235.19561118852835,-18.08816769001001,-261.18236847296504,-2279.658759650921,1341.951503466391
basic_HX,TN-P106,N439,interface_action,T-E,224.25,249.0,117.5,16.230314826850947,0.7351968797849601,-15.566934074483314,152.09015870605117,380.4738596615621,-453.84508180768483
basic_HX,TN-P107,N185,interface_action,T-E,224.25,249.0,120.0,1.7126383213768073,27.878959789055454,-0.3914587367680164,-23.090650672480447,116.07318350094407,-62.026827988546785
basic_HX,TN-P112,N463,interface_action,N2; T-E top / segment 4,224.25,249.0,229.319,2244.0533590844143,-24.467612355823352,-29.90308652062592,6.485764342129858,-3332.401275649102,-2216.994766060549
basic_HZ,TN-P001,N147,interface_action,BR-N-upper-1; T-W / B-WO; W4,-32.0,249.0,115.0,2.1989705820188776,3.514334384333933,-0.4403810000656161,-81.46761945602466,6.43062729387862,-52.66692265171045
basic_HZ,TN-P002,N555,interface_action,BR-N-upper-2; T-W top / segment 2; W4,-32.0,249.0,226.093,-7.02762860985545,-6.779531795189044,0.7855458122025245,-57.933728903319654,-79.67213745888007,-8.083143286268418
basic_HZ,TN-P035,N197,interface_action,BR-N-upper-2,50.25,249.0,115.0,-16.08636050526603,21.638919232025057,1.1374926990611094,14.809735737747237,-22.567437665444167,3.7262421110227715
basic_HZ,TN-P036,N617,interface_action,BR-N-upper-1,50.25,249.0,229.319,-1.9279517891171434,-3.215066495269422,-0.43202901950693906,-23.66986655025714,14.347343391556517,22.70096744843882
basic_HZ,TN-P038,N199,interface_action,N1 / U-W,53.25,249.0,115.0,28.667295410278847,-21.515781527439746,-2.7474742419912244,-53.53564861416217,177.2352811215797,129.16805676741924
basic_HZ,TN-P039,N618,interface_action,N1 / U-W,53.25,249.0,229.319,-24.379664773075657,-6.058029027934288,-4.336081498302439,14.532090346512973,303.42841520668895,-98.89231721783689
basic_HZ,TN-P040,N417,interface_action,N1 / U-W,56.25,249.0,207.0,35.282187517802946,22.04937465981948,0.47852191915851205,-42.5408327179319,123.9084254167383,57.83497455280197
basic_HZ,TN-P105,N215,interface_action,N2; T-E,224.25,249.0,115.0,-3.100427299850878,178.26146558063465,-29.678603283638864,211.92240043456377,-11.877487757157496,232.29440644691024
basic_HZ,TN-P106,N439,interface_action,T-E,224.25,249.0,117.5,-7.363871638494224,-172.25896123329298,27.837145580395173,-398.8921550959151,179.7420591923749,-56.943186364035235
basic_HZ,TN-P107,N185,interface_action,T-E,224.25,249.0,120.0,0.17701993393059767,177.98988067065577,-1.4305462203193977,-87.61868558920874,14.0100721020102,-8.063989628068423
basic_HZ,TN-P112,N463,interface_action,N2; T-E top / segment 4,224.25,249.0,229.319,-6.439568857626934,-193.62660391957243,8.826410916887726,-153.27877085569554,214.71147046137034,-158.76748917947367
basic_R20,TN-P001,N147,interface_action,BR-N-upper-1; T-W / B-WO; W4,-32.0,249.0,115.0,-0.3123678651615793,72.78733196271651,4.256781704804561,145.1355813445262,-66.42709445066166,78.59292160808448
basic_R20,TN-P002,N555,interface_action,BR-N-upper-2; T-W top / segment 2; W4,-32.0,249.0,226.093,-32.38484556878287,-72.07505032553998,-4.159367003393957,91.55402687875333,93.57214164949602,-75.33539879182845
basic_R20,TN-P035,N197,interface_action,BR-N-upper-2,50.25,249.0,115.0,34.389179371491856,-46.19960390100596,-1.2816371647732963,-62.82822927043113,-48.74994788544201,-15.437271094650429
basic_R20,TN-P036,N617,interface_action,BR-N-upper-1,50.25,249.0,229.319,9.536776836408006,12.591625673134514,1.0223661941652968,-33.344589401926434,47.18064925279254,37.811982506303096
basic_R20,TN-P038,N199,interface_action,N1 / U-W,53.25,249.0,115.0,-26.772985425155664,46.397380789264325,-2.2122434049187887,113.51834994101917,44.205767067161894,47.149754173690646
basic_R20,TN-P039,N618,interface_action,N1 / U-W,53.25,249.0,229.319,-31.475455693398445,-29.987836739143702,3.527854080016617,47.93521668573341,-47.817321206072016,-112.36415168601887
basic_R20,TN-P040,N417,interface_action,N1 / U-W,56.25,249.0,207.0,42.01649572442556,28.41726276131736,-1.540724275980566,2.90190285708573,-5.102216578284602,57.79009701124384
basic_R20,TN-P105,N215,interface_action,N2; T-E,224.25,249.0,115.0,7.205260427379926,438.5110671499633,-75.78241944069657,567.2890745437728,112.28722476336338,200.12040529048807
basic_R20,TN-P106,N439,interface_action,T-E,224.25,249.0,117.5,-7.410699662888534,-423.04466972574687,75.70206009696656,-915.6046629073855,-10.55820869242502,71.56301342104688
basic_R20,TN-P107,N185,interface_action,T-E,224.25,249.0,120.0,0.08804030524368948,250.86904047206204,-0.8998253932514698,-58.07652210284809,-2.1171151691311834,-4.304850765535642
basic_R20,TN-P112,N463,interface_action,N2; T-E top / segment 4,224.25,249.0,229.319,5.120601574317697,-278.26654869530546,1.3671566550733538,-155.88174701262065,-62.450344705809286,-43.64460538645866
basic_U20,TN-P001,N147,interface_action,BR-N-upper-1; T-W / B-WO; W4,-32.0,249.0,115.0,0.3123678651615793,-72.78733196271651,-4.256781704804561,-145.1355813445262,66.42709445066166,-78.59292160808448
basic_U20,TN-P002,N555,interface_action,BR-N-upper-2; T-W top / segment 2; W4,-32.0,249.0,226.093,32.38484556878287,72.07505032553998,4.159367003393957,-91.55402687875333,-93.57214164949602,75.33539879182845
basic_U20,TN-P035,N197,interface_action,BR-N-upper-2,50.25,249.0,115.0,-34.389179371491856,46.19960390100596,1.2816371647732963,62.82822927043113,48.74994788544201,15.437271094650429
basic_U20,TN-P036,N617,interface_action,BR-N-upper-1,50.25,249.0,229.319,-9.536776836408006,-12.591625673134514,-1.0223661941652968,33.344589401926434,-47.18064925279254,-37.811982506303096
basic_U20,TN-P038,N199,interface_action,N1 / U-W,53.25,249.0,115.0,26.772985425155664,-46.397380789264325,2.2122434049187887,-113.51834994101917,-44.205767067161894,-47.149754173690646
basic_U20,TN-P039,N618,interface_action,N1 / U-W,53.25,249.0,229.319,31.475455693398445,29.987836739143702,-3.527854080016617,-47.93521668573341,47.817321206072016,112.36415168601887
basic_U20,TN-P040,N417,interface_action,N1 / U-W,56.25,249.0,207.0,-42.01649572442556,-28.41726276131736,1.540724275980566,-2.90190285708573,5.102216578284602,-57.79009701124384
basic_U20,TN-P105,N215,interface_action,N2; T-E,224.25,249.0,115.0,-7.205260427379926,-438.5110671499633,75.78241944069657,-567.2890745437728,-112.28722476336338,-200.12040529048807
basic_U20,TN-P106,N439,interface_action,T-E,224.25,249.0,117.5,7.410699662888534,423.04466972574687,-75.70206009696656,915.6046629073855,10.55820869242502,-71.56301342104688
basic_U20,TN-P107,N185,interface_action,T-E,224.25,249.0,120.0,-0.08804030524368948,-250.86904047206204,0.8998253932514698,58.07652210284809,2.1171151691311834,4.304850765535642
basic_U20,TN-P112,N463,interface_action,N2; T-E top / segment 4,224.25,249.0,229.319,-5.120601574317697,278.26654869530546,-1.3671566550733538,155.88174701262065,62.450344705809286,43.64460538645866
