case,point,solver_node,kind,adjacent_members,x_east_in,y_north_in,z_up_in,FX_lb,FY_lb,FZ_lb,MX_lb_in,MY_lb_in,MZ_lb_in
roof_first_service,TS-P001,N5,interface_action,T-W / B-WO; T-W diagonal 9; T-W vertical 2; W1,-32.0,0.0,115.0,-109.89726484847677,698.8623614069314,7.187556326789567,-27.532817856562122,196.01607314252212,1039.4836387793753
roof_first_service,TS-P002,N7,interface_action,BR-R-main-1; T-W top / segment 1; T-W vertical 2; W1,-32.0,0.0,153.373,12.241504095742988,-453.8047454429891,-8.060891281087969,431.7007005983029,-160.22445889573936,-984.0902991157328
roof_first_service,TS-P003,N90,interior_applied_load,,-31.0,0.0,115.0,2.2928629018021513e-08,-7.323306382146582,-9.995285206044936e-09,-1.0883793133346187e-08,8.664120925852102e-11,1.3789678222521305e-08
roof_first_service,TS-P004,N246,interior_applied_load,,-31.0,0.0,117.5,-1.746165498630446e-08,-2.367586242422485,5.466687329578304e-09,9.088281646181886e-10,2.055485559626444e-11,1.6320358457929452e-08
roof_first_service,TS-P005,N247,interior_applied_load,,-31.0,0.0,134.437,4.878883787578324e-16,-4.735172485302726,-4.8227804642264704e-14,3.463280228043926e-13,2.7948050368228022e-15,-4.038500316017986e-14
roof_first_service,TS-P006,N248,interior_applied_load,,-31.0,0.0,151.373,5.502519689892793e-10,-2.367586243075926,-3.71626975304018e-08,1.744482502896716e-08,9.931396607470896e-11,-2.22947979522381e-09
roof_first_service,TS-P007,N483,interior_applied_load,,-31.0,0.0,153.373,-2.2187012322883412e-10,-8.96519097260375,1.3779921001278574e-08,1.0833545522332505e-09,8.03034942852614e-10,4.821700330666945e-09
roof_first_service,TS-P008,N91,interior_applied_load,,-21.323,0.0,115.0,5.222293853806761e-13,-8.650315974190551,4.001075320393534e-13,-4.431898985766824e-13,-1.1643465757152647e-12,2.6553585845040537e-12
roof_first_service,TS-P009,N267,interior_applied_load,,-10.146,-0.0,134.187,1.473950248191351e-12,-7.92271948548797,-2.6658820527301224e-14,1.4949641839959195e-13,-1.9100443154815706e-13,3.5011791936700205e-13
roof_first_service,TS-P010,N92,interior_applied_load,,-3.528,0.0,115.0,-1.648487540375099e-13,-6.723893202267995,5.819142718226607e-13,6.204818172068966e-13,8.072352691754418e-12,-1.412288121390457e-10
roof_first_service,TS-P011,N484,interior_applied_load,,-3.528,0.0,153.373,7.040497652460598e-14,-13.132911487196894,-3.8226616993859246e-13,1.3532942684263878e-13,-2.541461285246966e-12,-3.4191286819872502e-12
roof_first_service,TS-P012,N93,interior_applied_load,,0.031,0.0,115.0,-1.3784522804710487e-12,-4.482595512973949,7.655714236933138e-12,1.9443598765504036e-13,6.283862857983423e-12,-5.052768822969435e-11
roof_first_service,TS-P013,N94,interior_applied_load,,10.708,0.0,115.0,1.1998227716913945e-08,-6.723893203044848,-3.1731262062351107e-09,-3.886035271349897e-09,1.243237868998373e-11,-5.8000440797401076e-08
roof_first_service,TS-P014,N249,interior_applied_load,,10.708,0.0,117.5,-1.5860051935349765e-08,-2.3675862427290144,2.1402349183346072e-09,-6.152394547814537e-09,1.393026382044575e-11,-2.1241170285326942e-08
roof_first_service,TS-P015,N250,interior_applied_load,,10.708,0.0,134.437,-2.4176143333501474e-16,-4.735172485303395,-1.8134995589279308e-14,-1.8131904004758778e-13,-2.4008892137761355e-16,-2.911098373655731e-14
roof_first_service,TS-P016,N251,interior_applied_load,,10.708,0.0,151.373,2.2874833104091774e-10,-2.3675862455531167,9.392440214472941e-09,-1.1123061249840305e-08,1.1753819241993548e-11,8.384624713281275e-09
roof_first_service,TS-P017,N268,interior_applied_load,,10.708,-0.0,153.373,6.1941571365582484e-09,-16.939627155388827,-6.21571601373851e-08,-6.0683146067273056e-09,-5.674344053410408e-11,1.0534868587913972e-08
roof_first_service,TS-P018,N95,interior_applied_load,,21.385,0.0,115.0,6.312871777701958e-13,-4.482595459177501,1.2650757570300999e-12,5.699242495062345e-13,-2.011090363383271e-12,-4.745335192534273e-11
roof_first_service,TS-P019,N96,interior_applied_load,,24.944,0.0,115.0,-4.906933103606425e-13,-6.723893282949817,-1.1582042586452332e-12,-1.8742023351251624e-13,-5.075814127274262e-13,-6.28430752320323e-11
roof_first_service,TS-P020,N485,interior_applied_load,,24.944,0.0,153.373,1.086229386524861e-13,-13.447786404540329,-6.0115247488075e-13,-2.0898620040475285e-12,-1.2081797520048484e-11,1.574867835152232e-11
roof_first_service,TS-P021,N269,interior_applied_load,,32.062,0.0,134.187,8.996897998079063e-13,-8.026152881102417,-2.2245040363233537e-14,2.2693904508504387e-12,-2.627511469014463e-13,5.229935794625568e-13
roof_first_service,TS-P022,N97,interior_applied_load,,42.74,0.0,115.0,-7.375910686855891e-14,-8.965190945332198,-1.7752986115772125e-12,1.8582766564236917e-14,5.955119716336742e-12,-1.719643393239177e-10
roof_first_service,TS-P023,N98,interior_applied_load,,53.417,0.0,115.0,-3.005390342005969e-08,-14.750046057296952,2.9820871251401365e-08,3.734923074904305e-08,-2.0507300196563085e-11,3.357381771745188e-08
roof_first_service,TS-P024,N252,interior_applied_load,,53.417,0.0,117.5,-1.4619778696330448e-08,-2.367586242467276,-2.5042087980916578e-08,3.345636727032984e-08,5.795021036050869e-11,-1.0686825120371907e-08
roof_first_service,TS-P025,N253,interior_applied_load,,53.417,0.0,134.437,-8.34820711094847e-15,-4.735172485306016,-8.938386965864535e-14,-2.48725410064069e-13,7.545886476017362e-15,-9.357819847263964e-15
roof_first_service,TS-P026,N254,interior_applied_load,,53.417,0.0,151.373,4.872352209195352e-10,-2.3675862437623634,-4.881822467106556e-08,6.803735494442797e-08,1.924790461098679e-11,3.736684503485854e-10
roof_first_service,TS-P027,N486,interior_applied_load,,53.417,0.0,153.373,-1.028129166566041e-09,-17.93038191592847,5.019999353360143e-08,5.695748031940936e-08,2.5374506049399028e-11,-4.6106143167845355e-10
roof_first_service,TS-P028,N99,interior_applied_load,,64.094,0.0,115.0,-7.792480857680626e-12,-8.965190972223414,5.191067046578347e-13,1.5109757068635614e-11,2.0545123113631952e-13,1.0131063694609343e-12
roof_first_service,TS-P029,N270,interior_applied_load,,74.771,0.0,134.187,1.5972698623798537e-13,-8.026152881103346,1.6810503521831714e-14,8.3195289444698e-13,-3.6152715603914014e-12,8.833704746464857e-13
roof_first_service,TS-P030,N100,interior_applied_load,,81.889,0.0,115.0,3.402464148673322e-14,-6.723893202251846,-7.464268378090071e-12,8.092765781045522e-14,4.470574429891374e-12,-6.928168478143057e-12
roof_first_service,TS-P031,N487,interior_applied_load,,81.889,0.0,153.373,-1.0526020211106578e-11,-13.447786458330697,2.80978958824128e-12,3.16953204526017e-12,-8.290903584423041e-12,7.057304093706262e-11
roof_first_service,TS-P032,N101,interior_applied_load,,85.448,0.0,115.0,4.0782456343516174e-15,-4.4825954860946275,1.0769740850401382e-11,-1.721676182574286e-13,-8.885336696050346e-12,-7.126077837006651e-11
roof_first_service,TS-P033,N102,interior_applied_load,,96.125,0.0,115.0,1.9073465029606496e-11,-6.723893285435607,4.084163496287374e-08,3.2327271082266407e-08,-1.0204982365598874e-10,7.626757558831798e-11
roof_first_service,TS-P034,N255,interior_applied_load,,96.125,0.0,117.5,-9.750086408317693e-11,-2.367586242628146,-1.0693261819223965e-08,1.430057176779132e-08,1.0604586398080786e-10,-5.132672145824189e-10
roof_first_service,TS-P035,N256,interior_applied_load,,96.125,0.0,134.437,-3.4513210268063164e-15,-4.73517248530601,-1.6349395351555837e-13,-3.013216060240818e-13,3.060339196200389e-16,2.3048284616253475e-14
roof_first_service,TS-P036,N257,interior_applied_load,,96.125,0.0,151.373,-1.5616024917619598e-08,-2.367586245302678,1.394310882307792e-07,1.7987749911796413e-07,3.8358784044521736e-11,2.366262741304581e-08
roof_first_service,TS-P037,N271,interior_applied_load,,96.125,0.0,153.373,-6.657033814830384e-09,-16.991343848447272,-3.3626828418578916e-07,4.2668726335910956e-07,-5.943699950021908e-11,6.313035044011074e-08
roof_first_service,TS-P038,N103,interior_applied_load,,106.802,0.0,115.0,1.4643845065801495e-13,-4.482595486123083,-1.7472115732271648e-12,8.307080757031317e-14,1.1668928710177855e-11,9.028830341065957e-12
roof_first_service,TS-P039,N104,interior_applied_load,,110.361,0.0,115.0,-3.074458905621022e-14,-6.7238932022555025,4.184098138377077e-12,-2.92918166752483e-13,3.661512593464253e-11,3.938786455189147e-11
roof_first_service,TS-P040,N488,interior_applied_load,,110.361,0.0,153.373,1.0834881272671187e-13,-13.447786458333027,-4.684363192153009e-12,3.372247936839371e-14,-5.3982367000428554e-12,-5.984194924050623e-12
roof_first_service,TS-P041,N272,interior_applied_load,,117.479,0.0,134.187,-2.6691455069835846e-13,-8.026152881102364,2.5711826469617667e-14,-2.393852144426578e-13,-7.662832860651104e-13,1.480575952919408e-13
roof_first_service,TS-P042,N105,interior_applied_load,,128.156,0.0,115.0,3.4259475691014645e-13,-8.965190972222677,-3.0175094049031207e-13,-4.898720734377921e-13,3.8749260190847875e-12,-5.354359766542499e-12
roof_first_service,TS-P043,N106,interior_applied_load,,138.833,0.0,115.0,1.7499905219257563e-08,-14.750046056811621,-3.692306729321327e-08,-6.728144648523335e-08,4.400716285483374e-10,5.386668027519043e-09
roof_first_service,TS-P044,N258,interior_applied_load,,138.833,0.0,117.5,-2.534670099043006e-08,-2.3675862436484514,4.406965646699008e-08,-3.1148235376426776e-08,-1.7537360870421057e-09,-1.7290049407815478e-08
roof_first_service,TS-P045,N259,interior_applied_load,,138.833,0.0,134.437,-7.279639928300947e-16,-4.735172485302685,-1.4248822770842471e-13,-5.574675736539675e-13,-2.2551504107591444e-16,2.993766117071033e-14
roof_first_service,TS-P046,N260,interior_applied_load,,138.833,0.0,151.373,3.815726207223591e-10,-2.3675862447871756,-5.6700659709085777e-08,-4.272827119899958e-09,-7.243652162412371e-14,1.7254003781275173e-11
roof_first_service,TS-P047,N489,interior_applied_load,,138.833,0.0,153.373,-1.5285311821764249e-09,-17.930381920817208,8.174666902249325e-08,-6.31202687481409e-08,2.309508294323781e-12,2.2323572763617648e-10
roof_first_service,TS-P048,N107,interior_applied_load,,149.51,0.0,115.0,4.658650991344881e-13,-8.965190945321028,-6.646012983398022e-12,5.391354975617193e-12,-9.747514242375627e-12,-1.4245762550626357e-11
roof_first_service,TS-P049,N273,interior_applied_load,,160.188,0.0,134.187,-1.5819373364047242e-13,-8.02615288109906,1.8059652788391502e-13,1.0433979664982088e-12,3.0209573228387727e-12,1.569001335977697e-13
roof_first_service,TS-P050,N108,interior_applied_load,,167.306,0.0,115.0,-2.6495186326496866e-14,-6.723893282898506,-1.6720353473220427e-12,-5.181863901060188e-13,-9.415309853629526e-12,-6.782286920315402e-11
roof_first_service,TS-P051,N490,interior_applied_load,,167.306,0.0,153.373,-2.961016587872433e-14,-13.447786404542406,2.8724694772677325e-12,3.893366593819842e-12,-3.0253746886885026e-11,-1.0680330967364169e-10
roof_first_service,TS-P052,N109,interior_applied_load,,170.865,0.0,115.0,1.2929176427251012e-12,-4.482595459170615,-2.889057045140548e-11,-6.6784856174720426e-15,-1.6342211746990356e-11,-5.660287424975229e-11
roof_first_service,TS-P053,N110,interior_applied_load,,181.542,0.0,115.0,-1.60671085325248e-08,-6.723893199339654,-5.886792675546815e-08,7.133189705577081e-09,2.4389907530356663e-12,2.146071942377148e-08
roof_first_service,TS-P054,N261,interior_applied_load,,181.542,0.0,117.5,3.709039517352327e-08,-2.3675862436998805,1.0049224586349553e-08,-1.768639976087937e-08,9.60205401316854e-12,5.2378458163849585e-08
roof_first_service,TS-P055,N262,interior_applied_load,,181.542,0.0,134.437,1.3604770246025041e-15,-4.735172485307134,-6.011520551814583e-14,1.1184665975852858e-13,-2.984166957888009e-15,5.050583379690074e-14
roof_first_service,TS-P056,N263,interior_applied_load,,181.542,0.0,151.373,-4.489261327261795e-09,-2.367586244308849,2.0877384272754984e-08,9.71164061808194e-08,-1.8852437798613306e-11,6.252469895995372e-09
roof_first_service,TS-P057,N274,interior_applied_load,,181.542,0.0,153.373,-5.669540270897405e-10,-16.939627156965994,-3.091421981351537e-07,-4.402799134589217e-08,-4.356960589175615e-12,-2.9074158930962975e-09
roof_first_service,TS-P058,N111,interior_applied_load,,192.219,0.0,115.0,8.58201606458345e-14,-4.482595513002934,-2.7362219319685562e-11,1.820746332492405e-13,-2.615118511089115e-11,2.4442969839467682e-11
roof_first_service,TS-P059,N112,interior_applied_load,,195.778,0.0,115.0,2.8670785776920875e-13,-6.72389320226118,-2.7587622487277554e-12,6.508978764162172e-15,-2.734992894165532e-11,-2.60046153200119e-11
roof_first_service,TS-P060,N491,interior_applied_load,,195.778,0.0,153.373,3.7374507080192196e-13,-13.132911487198287,-4.621533990137375e-13,-3.0528647296222364e-14,1.4822540080769553e-11,-4.308617376994447e-12
roof_first_service,TS-P061,N275,interior_applied_load,,202.396,0.0,134.187,5.207241824085217e-14,-7.922719485491205,-4.3372019966397496e-14,1.5140954905762548e-13,-2.2429809252841486e-13,9.454959581845154e-13
roof_first_service,TS-P062,N113,interior_applied_load,,213.573,0.0,115.0,-8.765717716102665e-13,-8.650315974199446,1.6770198158884072e-12,-3.090538386584719e-14,8.767179636845807e-12,-6.420592682084633e-11
roof_first_service,TS-P063,N114,interior_applied_load,,223.25,0.0,115.0,-2.8207525513601804e-09,-7.3233063813778205,3.638162891528812e-08,5.2192270851179076e-08,9.8660367132922e-10,4.121445328573379e-09
roof_first_service,TS-P064,N264,interior_applied_load,,223.25,0.0,117.5,-1.4959252624363635e-09,-2.367586243453079,-3.0810339263385935e-08,-7.983432070473404e-09,-4.483081868185e-11,1.6720650699449393e-09
roof_first_service,TS-P065,N265,interior_applied_load,,223.25,0.0,134.437,3.6751717318924266e-14,-4.735172485305294,1.4361536271396318e-13,1.2536810124192382e-12,8.125860653681511e-16,-4.3186352205264887e-14
roof_first_service,TS-P066,N266,interior_applied_load,,223.25,0.0,151.373,8.50123502843525e-10,-2.3675862439270614,-1.5503711925379804e-09,9.334044009934317e-08,-5.789222923922948e-11,2.6928800092584915e-09
roof_first_service,TS-P067,N492,interior_applied_load,,223.25,0.0,153.373,-1.7814460774590035e-09,-8.965190965668564,-8.605943468700296e-09,2.715184419556768e-08,-2.102913480328908e-09,5.826774513545531e-09
roof_first_service,TS-P068,N68,interface_action,BR-E-ground-1; S3; T-E,224.25,0.0,115.0,136.05680990452873,667.2069735327445,13.602943670263288,78.34689378731971,192.79633688385894,-1084.9924354664006
roof_first_service,TS-P069,N70,interface_action,BR-R-main-2; S3; T-E top / segment 1; T-E vertical 2,224.25,0.0,153.373,-38.40104910244394,-428.5846989194532,-12.729608193408593,315.27907854734576,-4.795798782188706,850.3069844228712
strength_roof_first,TS-P001,N5,interface_action,T-W / B-WO; T-W diagonal 9; T-W vertical 2; W1,-32.0,0.0,115.0,-128.23000186936554,923.8081311398336,10.145146861973576,-40.84392045945997,256.8348436354817,1312.4752297826492
strength_roof_first,TS-P002,N7,interface_action,BR-R-main-1; T-W top / segment 1; T-W vertical 2; W1,-32.0,0.0,153.373,9.682485144186693,-627.4279435255621,-11.402726149711658,606.8192271903405,-187.70883998894186,-1257.0805363572783
strength_roof_first,TS-P003,N90,interior_applied_load,,-31.0,0.0,115.0,-1.0663626664569752e-08,-8.787967657052835,4.609838733821285e-09,-2.5030119825237405e-08,1.9208087466542266e-09,9.24597224406582e-08
strength_roof_first,TS-P004,N246,interior_applied_load,,-31.0,0.0,117.5,1.9282245003969705e-08,-2.8411034924507135,1.5587407272954306e-08,6.862447607815593e-09,1.9677648451376407e-11,5.454245330074701e-08
strength_roof_first,TS-P005,N247,interior_applied_load,,-31.0,0.0,134.437,5.816110445943269e-15,-5.682206982361506,6.664088599825149e-14,2.655002576006926e-13,2.406208681502191e-14,-1.1748880802719707e-13
strength_roof_first,TS-P006,N248,interior_applied_load,,-31.0,0.0,151.373,1.0390344695743181e-09,-2.8411034944361346,6.185200179809058e-08,1.1449871040181137e-07,2.829712923343319e-10,8.341249913002002e-11
strength_roof_first,TS-P007,N483,interior_applied_load,,-31.0,0.0,153.373,-1.2255937862572463e-10,-10.758229162001143,-6.546922894452912e-08,8.417975028918529e-08,8.465501018280701e-10,-7.701138776631614e-10
strength_roof_first,TS-P008,N91,interior_applied_load,,-21.323,0.0,115.0,-7.712010548711619e-13,-10.38037916902823,1.0955438459339638e-12,-6.15899506708134e-13,-4.409074880318778e-12,-6.802689255362442e-12
strength_roof_first,TS-P009,N267,interior_applied_load,,-10.146,-0.0,134.187,3.1010749451331266e-13,-9.50726338258787,-5.395368906182769e-14,-1.2840686282851133e-13,1.7249906115230613e-13,3.0102211674472954e-13
strength_roof_first,TS-P010,N92,interior_applied_load,,-3.528,0.0,115.0,3.2809071063665337e-13,-8.068671842697091,5.82118945464977e-12,3.631430862288014e-13,-1.807191086068911e-11,-9.167131836077286e-11
strength_roof_first,TS-P011,N484,interior_applied_load,,-3.528,0.0,153.373,3.18618574837543e-13,-15.759493784635271,4.198439234717082e-13,3.4953972251446623e-13,-9.947243896397415e-13,-4.120663933777843e-12
strength_roof_first,TS-P012,N93,interior_applied_load,,0.031,0.0,115.0,-1.4276518985535961e-12,-5.379114615553228,1.079464301115487e-11,2.45121444998596e-13,-1.2321890482257876e-11,-1.0020954485309984e-10
strength_roof_first,TS-P013,N94,interior_applied_load,,10.708,0.0,115.0,3.3930998122322364e-08,-8.068671839659586,-2.1697297292178064e-09,1.6818343384628065e-08,-2.524701099429587e-11,-9.93667882975835e-08
strength_roof_first,TS-P014,N249,interior_applied_load,,10.708,0.0,117.5,-4.085483426856257e-08,-2.8411034935858837,5.1521643850386295e-09,-1.0498391918723354e-08,9.00793625861398e-11,-5.325979119621725e-08
strength_roof_first,TS-P015,N250,interior_applied_load,,10.708,0.0,134.437,-2.1615321816012266e-15,-5.682206982366559,-4.080264383014856e-14,-3.615148315098032e-13,7.350664962215035e-15,-4.378364514981786e-14
strength_roof_first,TS-P016,N251,interior_applied_load,,10.708,0.0,151.373,7.061457982585062e-09,-2.8411034958624257,-1.0303438824355027e-08,-4.3854323505954085e-09,-1.736957670325761e-11,7.360749707668868e-09
strength_roof_first,TS-P017,N268,interior_applied_load,,10.708,-0.0,153.373,3.60165572691124e-09,-20.327552585033697,-3.2278689033712355e-07,-6.449040114640521e-08,4.100699199894477e-11,-8.316193567830741e-09
strength_roof_first,TS-P018,N95,interior_applied_load,,21.385,0.0,115.0,4.816938829105463e-13,-5.379114551002251,1.613409186715338e-12,1.1424850303582594e-13,8.264687206486486e-13,-5.513645865802276e-11
strength_roof_first,TS-P019,N96,interior_applied_load,,24.944,0.0,115.0,-6.204205215562599e-15,-8.068671939558316,4.484950476380531e-12,-1.9205590159965961e-13,2.728818121506823e-12,4.084379096858185e-11
strength_roof_first,TS-P020,N485,interior_applied_load,,24.944,0.0,153.373,1.7370956850176753e-12,-16.1373436854522,-1.007170866005646e-12,-3.2164467923234088e-12,-2.4578574003782776e-11,1.2400486488474073e-10
strength_roof_first,TS-P021,N269,interior_applied_load,,32.062,0.0,134.187,5.161966224876481e-13,-9.631383457318144,7.121382649981399e-14,4.393827792697305e-12,-2.59457365100188e-13,4.4355519506157073e-13
strength_roof_first,TS-P022,N97,interior_applied_load,,42.74,0.0,115.0,-5.203761857171404e-13,-10.758229134388761,-9.003661477089703e-13,-1.939552750727699e-13,-7.318044872587256e-13,-8.590220853222537e-11
strength_roof_first,TS-P023,N98,interior_applied_load,,53.417,0.0,115.0,-5.744619641782266e-08,-17.700055265551743,1.3328271149729568e-08,7.499789532540336e-09,-3.769397744103392e-11,7.446070188211635e-08
strength_roof_first,TS-P024,N252,interior_applied_load,,53.417,0.0,117.5,-1.2504968745554328e-09,-2.8411034929245966,-4.294703772453344e-09,5.078155290692474e-09,8.481234438591207e-11,-3.767932023889377e-09
strength_roof_first,TS-P025,N253,interior_applied_load,,53.417,0.0,134.437,1.3964430373286734e-14,-5.682206982360431,-5.2676882822597263e-14,8.369838726123583e-13,-1.3883185530561315e-15,1.9228417873850185e-13
strength_roof_first,TS-P026,N254,interior_applied_load,,53.417,0.0,151.373,2.0440230931451087e-10,-2.8411034957006294,-2.3820589239997858e-07,-1.823974334902445e-07,9.488354813181825e-12,5.775733016855078e-11
strength_roof_first,TS-P027,N486,interior_applied_load,,53.417,0.0,153.373,2.771824329808251e-10,-21.516458301011685,2.4896202119833954e-07,-2.317411511025526e-07,2.0171728997040108e-11,5.132970473874858e-11
strength_roof_first,TS-P028,N99,interior_applied_load,,64.094,0.0,115.0,-2.2294806361145902e-11,-10.758229166667189,2.5993989520606743e-13,5.945548806632164e-11,-1.8530770265426974e-12,3.9626756654178057e-13
strength_roof_first,TS-P029,N270,interior_applied_load,,74.771,0.0,134.187,-8.470711511915956e-13,-9.631383457325859,-3.4277154689823855e-13,-2.7347489057940557e-12,-1.6977141853281473e-12,-2.0188972354000254e-13
strength_roof_first,TS-P030,N100,interior_applied_load,,81.889,0.0,115.0,-3.1165761409125653e-13,-8.068671842712465,-1.2138973082362404e-13,-1.0198715550302706e-13,9.14315107842237e-12,9.251781162080364e-11
strength_roof_first,TS-P031,N487,interior_applied_load,,81.889,0.0,153.373,-1.90290277378123e-11,-16.137343750007986,-4.716685260540727e-12,2.4813978419972966e-11,-8.279212730127049e-13,-8.817175407392412e-11
strength_roof_first,TS-P032,N101,interior_applied_load,,85.448,0.0,115.0,4.2073297821149356e-13,-5.379114583407278,7.019376404553591e-12,-4.6733182530978e-13,2.0067528934867233e-11,1.1292143559443568e-10
strength_roof_first,TS-P033,N102,interior_applied_load,,96.125,0.0,115.0,1.632001200846389e-10,-8.068671935044694,4.604611270053738e-08,1.7261782225830302e-08,-9.935473913387112e-11,-7.180767092052065e-10
strength_roof_first,TS-P034,N255,interior_applied_load,,96.125,0.0,117.5,-1.0565441368951798e-10,-2.8411034950904117,-8.7311815551769e-09,-9.907694339604377e-09,9.782167351331102e-11,-5.141380635728057e-11
strength_roof_first,TS-P035,N256,interior_applied_load,,96.125,0.0,134.437,2.650321835432554e-16,-5.682206982356514,-1.5496430236215524e-13,-6.030320399237561e-13,1.480745610690087e-14,9.570669137073108e-15
strength_roof_first,TS-P036,N257,interior_applied_load,,96.125,0.0,151.373,1.641313163158742e-08,-2.8411034913908715,1.4601569975347672e-07,3.525562819461925e-08,4.168073793605512e-11,8.198531409320253e-09
strength_roof_first,TS-P037,N271,interior_applied_load,,96.125,0.0,153.373,-4.658624257334624e-08,-20.389612628515703,-2.918289881790618e-07,3.729415352242956e-07,1.0922213558409332e-10,3.344520507724112e-08
strength_roof_first,TS-P038,N103,interior_applied_load,,106.802,0.0,115.0,1.5501167434369188e-13,-5.3791145833498595,2.4897391309691018e-11,-2.1632120680851546e-13,-3.823219183477104e-11,2.4960413573392265e-11
strength_roof_first,TS-P039,N104,interior_applied_load,,110.361,0.0,115.0,1.7393793544879462e-14,-8.06867184267215,-1.4351884928221653e-11,1.4964503348586504e-13,1.1150203244143748e-11,2.6026497537753173e-11
strength_roof_first,TS-P040,N488,interior_applied_load,,110.361,0.0,153.373,-2.352806047539517e-14,-16.137343749999975,3.290011418912807e-12,-3.936857026205565e-14,5.064789910384484e-11,1.6266654673627737e-11
strength_roof_first,TS-P041,N272,interior_applied_load,,117.479,0.0,134.187,2.3297466734668647e-12,-9.631383457321563,3.7641746169275066e-14,-1.4967561452372321e-12,-1.865954660520788e-12,-6.066737111796808e-13
strength_roof_first,TS-P042,N105,interior_applied_load,,128.156,0.0,115.0,1.6702005892991338e-13,-10.758229166669256,8.890084128208217e-14,-6.661697961249158e-13,-8.492540639953109e-14,-1.298898733566448e-11
strength_roof_first,TS-P043,N106,interior_applied_load,,138.833,0.0,115.0,3.3503218459534256e-08,-17.70005526706592,-5.5105466264653227e-08,-8.22798630271766e-08,-9.58888228822463e-10,-2.3117685941997518e-08
strength_roof_first,TS-P044,N258,interior_applied_load,,138.833,0.0,117.5,-4.670134287903859e-08,-2.841103490406808,4.8180250105620613e-08,-2.6120304084855528e-08,-7.867434146255297e-10,-2.3858106942035526e-08
strength_roof_first,TS-P045,N259,interior_applied_load,,138.833,0.0,134.437,1.558751945083993e-14,-5.682206982362791,-1.380453170002232e-13,1.5753459270629107e-14,2.5351095500181647e-15,1.9772887138709583e-13
strength_roof_first,TS-P046,N260,interior_applied_load,,138.833,0.0,151.373,-2.6978879737876715e-09,-2.8411034902801546,-1.9130785207377432e-07,-1.0084065424353916e-07,5.5923933813001885e-12,3.738847346307361e-09
strength_roof_first,TS-P047,N489,interior_applied_load,,138.833,0.0,153.373,2.0482864918396362e-10,-21.516458306719557,1.464766588601408e-07,-2.167292387231976e-07,2.4877795833765175e-12,4.102774653251185e-09
strength_roof_first,TS-P048,N107,interior_applied_load,,149.51,0.0,115.0,1.7543371714041257e-12,-10.758229134389753,-1.0769752683274135e-11,2.055193045339659e-11,5.120635147774022e-12,3.763469550387162e-11
strength_roof_first,TS-P049,N273,interior_applied_load,,160.188,0.0,134.187,-1.773828739303696e-12,-9.631383457319494,-5.950505975154247e-14,-6.584145896754956e-13,6.1413067065412545e-12,-1.9578531905238355e-12
strength_roof_first,TS-P050,N108,interior_applied_load,,167.306,0.0,115.0,8.589670228372166e-13,-8.068671939565437,-1.9242613074963526e-11,-8.813051205998089e-13,9.269824771243067e-11,-1.4750124162387411e-10
strength_roof_first,TS-P051,N490,interior_applied_load,,167.306,0.0,153.373,2.929341771414525e-13,-16.13734368545324,-3.634868668280482e-14,1.536361985073477e-11,-1.4840034448680485e-11,-1.0764964866905665e-10
strength_roof_first,TS-P052,N109,interior_applied_load,,170.865,0.0,115.0,-1.4999537022501716e-12,-5.379114550985736,2.04356768907528e-11,-1.2982766082014928e-13,1.4639331754624642e-11,-2.3062026982808578e-10
strength_roof_first,TS-P053,N110,interior_applied_load,,181.542,0.0,115.0,6.733743163067629e-08,-8.068671842237407,-4.939001430059875e-08,1.302888907872557e-10,-1.003622006772204e-11,-5.54160344279353e-08
strength_roof_first,TS-P054,N261,interior_applied_load,,181.542,0.0,117.5,-4.08037551732845e-08,-2.8411034907930492,2.4003224808540953e-08,2.646599638492615e-08,7.945604060394385e-12,-6.818131139908165e-08
strength_roof_first,TS-P055,N262,interior_applied_load,,181.542,0.0,134.437,5.322782315190624e-15,-5.682206982364864,-7.120262131559673e-14,-1.0195586402437516e-12,-5.3223298603220445e-15,6.29689928990308e-14
strength_roof_first,TS-P056,N263,interior_applied_load,,181.542,0.0,151.373,2.5757066340892365e-09,-2.8411034936432378,1.2882612372699942e-07,2.1813188808006423e-07,9.87291423510032e-12,6.887788950304952e-10
strength_roof_first,TS-P057,N274,interior_applied_load,,181.542,0.0,153.373,-9.372358349157557e-09,-20.327552590681393,-1.3888638959363743e-07,1.0148030556581784e-07,-9.439468549588687e-11,-1.0481881159602732e-08
strength_roof_first,TS-P058,N111,interior_applied_load,,192.219,0.0,115.0,-1.1880624316121424e-13,-5.379114615556594,-4.789710276185379e-11,-9.774633594309015e-14,5.129052946131143e-11,-4.0116248466737144e-11
strength_roof_first,TS-P059,N112,interior_applied_load,,195.778,0.0,115.0,-6.860185980402568e-13,-8.06867184272761,1.2801957083871396e-11,1.9083243792971187e-13,-2.6149251348565873e-11,4.649535675981303e-11
strength_roof_first,TS-P060,N491,interior_applied_load,,195.778,0.0,153.373,6.77669438282264e-14,-15.759493784636895,6.716859179811563e-14,7.171939112662019e-14,3.7433394150446584e-11,1.3464820350114805e-11
strength_roof_first,TS-P061,N275,interior_applied_load,,202.396,0.0,134.187,-1.6802132444487291e-12,-9.507263382586473,-2.6153154241081586e-14,1.318204829883528e-12,4.801010284851634e-13,-5.9074513287336e-13
strength_roof_first,TS-P062,N113,interior_applied_load,,213.573,0.0,115.0,4.61799334520499e-13,-10.380379169041863,-1.4808378667830115e-12,7.592305782448467e-15,1.2364324200551595e-11,-9.371501221727144e-11
strength_roof_first,TS-P063,N114,interior_applied_load,,223.25,0.0,115.0,-1.4606291738501407e-09,-8.78796765971748,-3.510543928266454e-09,2.7681107921268148e-08,-1.7983137781471432e-09,8.13414796399972e-09
strength_roof_first,TS-P064,N264,interior_applied_load,,223.25,0.0,117.5,2.48794397183725e-09,-2.8411034920590867,1.7163630553096648e-08,-4.0219855720719016e-08,-1.4109615296783716e-11,-1.958763603571796e-09
strength_roof_first,TS-P065,N265,interior_applied_load,,223.25,0.0,134.437,1.7875510311237626e-14,-5.682206982358436,3.130361372842333e-13,-2.418948176265391e-12,-1.1777478565490549e-14,-1.8378520361255585e-13
strength_roof_first,TS-P066,N266,interior_applied_load,,223.25,0.0,151.373,6.2676345224943475e-09,-2.8411034933830055,-5.066270802878137e-08,7.425827996954126e-08,-1.5291292406877805e-10,-8.990256317176204e-09
strength_roof_first,TS-P067,N492,interior_applied_load,,223.25,0.0,153.373,-1.2786892544802697e-08,-10.758229166158829,1.0785025955140692e-07,-9.57632135840304e-08,-8.028411261994992e-10,-9.907874449954557e-09
strength_roof_first,TS-P068,N68,interface_action,BR-E-ground-1; S3; T-E,224.25,0.0,115.0,174.4679552804494,881.6129682524445,19.189395365692576,112.09853615703015,274.4328917499145,-1377.4893564336894
strength_roof_first,TS-P069,N70,interface_action,BR-R-main-2; S3; T-E top / segment 1; T-E vertical 2,224.25,0.0,153.373,-55.92043849469375,-597.5772871753798,-17.931815385373145,447.5805445921223,-21.3041098753354,1129.445578482606
lateral_HX,TS-P001,N5,interface_action,T-W / B-WO; T-W diagonal 9; T-W vertical 2; W1,-32.0,0.0,115.0,-204.01684319640026,439.56223012532206,-1.624204304922297,-61.3902148892999,686.2281152218766,615.3452478769755
lateral_HX,TS-P002,N7,interface_action,BR-R-main-1; T-W top / segment 1; T-W vertical 2; W1,-32.0,0.0,153.373,186.0559633619278,-233.81057934347044,-5.579962456880672,223.15595669175127,174.401136027689,-768.6413031587389
lateral_HX,TS-P003,N90,interior_applied_load,,-31.0,0.0,115.0,6.022248479049764e-08,-7.323306384143846,-6.9334722777621955e-09,-2.942391848054469e-08,2.2211276045051265e-09,6.300972702106672e-08
lateral_HX,TS-P004,N246,interior_applied_load,,-31.0,0.0,117.5,-2.532039778297677e-08,-2.367586243113663,-2.033324920495174e-08,1.2332481932372844e-08,-1.7346322984079945e-10,-9.975088192123344e-08
lateral_HX,TS-P005,N247,interior_applied_load,,-31.0,0.0,134.437,1.5336731518852704e-13,-4.735172485302275,-2.2305114959663823e-14,7.644612648401845e-13,-1.0552099386986468e-14,1.0232305424533606e-12
lateral_HX,TS-P006,N248,interior_applied_load,,-31.0,0.0,151.373,-5.674231513125294e-08,-2.3675862427298076,-3.3862251974658975e-08,-6.106950106721243e-08,-4.4272995655125904e-11,-4.195509047122403e-08
lateral_HX,TS-P007,N483,interior_applied_load,,-31.0,0.0,153.373,7.215151628902166e-08,-8.965190971912143,1.1689300390092694e-09,-7.209192531831027e-08,5.329109444255894e-10,1.4705405492557736e-07
lateral_HX,TS-P008,N91,interior_applied_load,,-21.323,0.0,115.0,5.5170046727433466e-12,-8.650315974189375,4.9300507566623804e-12,-1.2327599585340111e-13,1.3141368600608919e-11,-3.1433658241341104e-11
lateral_HX,TS-P009,N267,interior_applied_load,,-10.146,-0.0,134.187,7.065927250915212e-13,-7.922719485489074,5.2524209250236636e-15,1.0577829339558655e-12,-7.617947580287344e-13,1.472488383954016e-12
lateral_HX,TS-P010,N92,interior_applied_load,,-3.528,0.0,115.0,1.283323516554793e-11,-6.723893202266113,6.223758179643612e-11,-2.199418902598872e-13,-5.248651886015211e-11,-7.440067364599194e-11
lateral_HX,TS-P011,N484,interior_applied_load,,-3.528,0.0,153.373,-2.427519889939808e-12,-13.13291148719663,4.144077824180873e-13,6.435368999198836e-14,7.427853726156166e-13,4.339550105150519e-12
lateral_HX,TS-P012,N93,interior_applied_load,,0.031,0.0,115.0,-2.635140149679041e-11,-4.482595513008296,3.622957879681345e-11,5.544116891838835e-13,2.3304747357387875e-11,-3.521568784371806e-11
lateral_HX,TS-P013,N94,interior_applied_load,,10.708,0.0,115.0,-9.99731128437098e-09,-6.7238932022953435,3.33916400085954e-08,1.63400549202386e-08,1.3612131477546142e-11,2.45516275781954e-08
lateral_HX,TS-P014,N249,interior_applied_load,,10.708,0.0,117.5,6.166412044934029e-08,-2.3675862426575045,3.9439037401392895e-08,-2.489781245356493e-08,-2.433279352331176e-11,1.963253745387859e-08
lateral_HX,TS-P015,N250,interior_applied_load,,10.708,0.0,134.437,-1.0401466414007632e-13,-4.73517248529955,1.2631019393349867e-13,2.2596388968703e-13,-2.0839288265079685e-15,1.4287512891441118e-12
lateral_HX,TS-P016,N251,interior_applied_load,,10.708,0.0,151.373,-3.325768936635054e-08,-2.367586242818721,-4.556594986049323e-08,-3.679386101351767e-09,1.6782727866203165e-11,-2.466597157080308e-08
lateral_HX,TS-P017,N268,interior_applied_load,,10.708,-0.0,153.373,1.530829383834867e-07,-16.93962715603503,8.444317603248841e-08,9.948117233789233e-09,-5.503818111745593e-12,1.4308174373493547e-07
lateral_HX,TS-P018,N95,interior_applied_load,,21.385,0.0,115.0,2.087718404258508e-11,-4.482595459213035,5.7696247754407553e-11,-1.0357017804586949e-13,-4.7601793648082455e-11,-7.204636372165648e-11
lateral_HX,TS-P019,N96,interior_applied_load,,24.944,0.0,115.0,-6.8966390376886794e-12,-6.723893282942411,-2.06338897960763e-11,1.819276452517396e-13,-5.834776518742763e-11,-3.065828794125398e-12
lateral_HX,TS-P020,N485,interior_applied_load,,24.944,0.0,153.373,4.630981887891078e-12,-13.447786404540054,1.6044463841940867e-12,-3.2964301049441247e-13,5.377740700883429e-11,5.979623761814094e-11
lateral_HX,TS-P021,N269,interior_applied_load,,32.062,0.0,134.187,-3.0606720125363928e-12,-8.026152881099838,-4.9603369372519296e-14,3.2806433759420113e-12,-3.1135686704673173e-12,1.3104112131426555e-12
lateral_HX,TS-P022,N97,interior_applied_load,,42.74,0.0,115.0,1.0545272743516124e-12,-8.965190945324135,1.932804617054856e-12,-1.2434718359490897e-13,-3.932161392439569e-11,-2.795135634344413e-11
lateral_HX,TS-P023,N98,interior_applied_load,,53.417,0.0,115.0,-2.2441818506287e-08,-14.750046056820905,-8.189936245794593e-08,-6.769814028898893e-08,-1.0107334893192266e-10,1.4110058672083623e-07
lateral_HX,TS-P024,N252,interior_applied_load,,53.417,0.0,117.5,-8.351740721159293e-08,-2.3675862414294264,5.194606069118565e-08,-8.296083543247225e-08,1.648187828992905e-10,-1.750196545974393e-08
lateral_HX,TS-P025,N253,interior_applied_load,,53.417,0.0,134.437,-5.5783097658549087e-14,-4.735172485302255,8.302349871139053e-15,9.555781419381973e-14,-2.484926567917717e-15,-2.350192326989605e-12
lateral_HX,TS-P026,N254,interior_applied_load,,53.417,0.0,151.373,-5.894994140748233e-08,-2.367586243252615,-2.3077095720469565e-09,-2.1593547644416233e-09,9.834378495399459e-11,-6.791855046428541e-08
lateral_HX,TS-P027,N486,interior_applied_load,,53.417,0.0,153.373,-1.0900933913200114e-07,-17.930381918067518,2.9222466319786007e-09,-3.560998129968031e-09,9.101481298283256e-11,6.528674006422911e-08
lateral_HX,TS-P028,N99,interior_applied_load,,64.094,0.0,115.0,-1.4133929735480341e-11,-8.965190972222585,-3.4210118486196084e-13,-1.4532035134914435e-12,-4.774950195512729e-12,-1.4186019861741837e-12
lateral_HX,TS-P029,N270,interior_applied_load,,74.771,0.0,134.187,4.1527162529300256e-12,-8.02615288110167,-1.127361821737079e-13,2.668992446692294e-12,-1.3411949712162157e-12,-1.1001609504819543e-12
lateral_HX,TS-P030,N100,interior_applied_load,,81.889,0.0,115.0,2.2216994437117506e-11,-6.723893202233226,-1.900139202973157e-12,-2.4411926127829336e-13,-2.9489431848217095e-12,-4.925063080319097e-12
lateral_HX,TS-P031,N487,interior_applied_load,,81.889,0.0,153.373,-2.6200423448026613e-11,-13.447786458346553,1.8914118160456925e-12,-1.4905473065501984e-11,9.224429036267332e-12,-1.801070547512723e-11
lateral_HX,TS-P032,N101,interior_applied_load,,85.448,0.0,115.0,-1.8379987174939427e-12,-4.482595486139324,-7.232094966946668e-12,1.1010502922236661e-13,-9.015084722758935e-12,-3.398835385934778e-11
lateral_HX,TS-P033,N102,interior_applied_load,,96.125,0.0,115.0,6.63112587062642e-09,-6.723893283696433,-2.4124535702441108e-09,-6.133941132802079e-10,-2.9122706540740733e-10,3.506420398480259e-08
lateral_HX,TS-P034,N255,interior_applied_load,,96.125,0.0,117.5,1.046520865168395e-08,-2.367586243918548,-7.620782505625258e-11,1.668880584673281e-10,2.6472874447524837e-10,1.6516883093007616e-08
lateral_HX,TS-P035,N256,interior_applied_load,,96.125,0.0,134.437,-2.814131184572533e-13,-4.735172485303851,-4.831284655340688e-14,-1.2704914542274765e-13,2.4570879950829134e-14,5.408196664734097e-13
lateral_HX,TS-P036,N257,interior_applied_load,,96.125,0.0,151.373,6.287847881258912e-08,-2.36758624371085,1.1453643256054136e-07,5.897293364753864e-08,1.4258102955930461e-10,1.753071540155915e-07
lateral_HX,TS-P037,N271,interior_applied_load,,96.125,0.0,153.373,1.0210032554834051e-07,-16.991343852662478,-1.0051937884179279e-07,2.3967453309148714e-07,4.385641466282841e-11,-8.904684949167401e-08
lateral_HX,TS-P038,N103,interior_applied_load,,106.802,0.0,115.0,-1.773833849975566e-11,-4.482595486110565,-6.5160283266222445e-12,-5.567080058975227e-14,-1.1491387505741926e-11,8.235392500922247e-11
lateral_HX,TS-P039,N104,interior_applied_load,,110.361,0.0,115.0,1.2374447965260355e-11,-6.7238932022766065,7.737215290706437e-14,8.685060993422052e-14,5.249989478984406e-12,3.870436551942689e-11
lateral_HX,TS-P040,N488,interior_applied_load,,110.361,0.0,153.373,-8.225224522633716e-12,-13.447786458333537,-8.382115912673684e-12,5.033641055542047e-14,-3.8225962564770684e-11,9.559482545771817e-12
lateral_HX,TS-P041,N272,interior_applied_load,,117.479,0.0,134.187,-3.5142947731660322e-12,-8.026152881102146,-2.3742651749190316e-13,-1.263514796672171e-12,-1.2295378503083756e-13,-7.573083924183143e-13
lateral_HX,TS-P042,N105,interior_applied_load,,128.156,0.0,115.0,-1.744376069997062e-11,-8.965190972223908,4.382248195176339e-13,-3.652984772080072e-14,-8.233836771000496e-13,2.3528672032332518e-12
lateral_HX,TS-P043,N106,interior_applied_load,,138.833,0.0,115.0,1.3780575086133163e-07,-14.750046055071689,5.00923396172558e-08,2.6972632491667555e-08,-1.1506745454809764e-09,-8.882629811887873e-08
lateral_HX,TS-P044,N258,interior_applied_load,,138.833,0.0,117.5,-1.410150798695762e-07,-2.367586242067766,-4.482143310400572e-08,1.8156922951907124e-08,-6.101214682539721e-10,-1.8958433991353996e-07
lateral_HX,TS-P045,N259,interior_applied_load,,138.833,0.0,134.437,-2.2451456765485218e-13,-4.735172485305656,-9.009287492679504e-14,-5.222548995719811e-13,-5.166550921891033e-15,-9.577977741302476e-13
lateral_HX,TS-P046,N260,interior_applied_load,,138.833,0.0,151.373,-7.431133293780978e-08,-2.3675862450191554,3.998094455504031e-08,-1.3446484237178424e-07,1.0477438437755407e-10,2.792644387267229e-08
lateral_HX,TS-P047,N489,interior_applied_load,,138.833,0.0,153.373,2.5470946366014384e-08,-17.930381914178028,1.3690256341713288e-07,1.2510733058597289e-08,1.1843027579572354e-10,4.219838008538312e-08
lateral_HX,TS-P048,N107,interior_applied_load,,149.51,0.0,115.0,-2.814616934154886e-12,-8.965190945323004,-7.994452104469768e-12,3.0015996973015744e-12,3.961582744217729e-12,2.0605733708233772e-11
lateral_HX,TS-P049,N273,interior_applied_load,,160.188,0.0,134.187,-4.09515907447263e-13,-8.026152881098549,-4.784659542513027e-14,2.8645712724252757e-12,2.1390262700490246e-12,1.349104027181423e-12
lateral_HX,TS-P050,N108,interior_applied_load,,167.306,0.0,115.0,1.3466482841619934e-11,-6.723893282972349,-2.0294119990819997e-11,-2.786674173232931e-13,4.430936760563108e-11,-1.2128108104222604e-10
lateral_HX,TS-P051,N490,interior_applied_load,,167.306,0.0,153.373,-1.5096998037034547e-11,-13.447786404537483,1.2723976572949676e-12,9.184140248755973e-12,-1.940825668642926e-11,3.232068532754571e-11
lateral_HX,TS-P052,N109,interior_applied_load,,170.865,0.0,115.0,-1.965870670751948e-11,-4.482595459181288,1.4351419087905257e-11,9.646815082273209e-14,6.471273739233401e-11,-1.1939191217944495e-10
lateral_HX,TS-P053,N110,interior_applied_load,,181.542,0.0,115.0,3.287072303237437e-08,-6.72389320199699,-8.052872491060015e-08,-8.05338378762066e-08,-3.382226049363216e-12,-3.336825571409463e-08
lateral_HX,TS-P054,N261,interior_applied_load,,181.542,0.0,117.5,1.6907258971332653e-08,-2.367586243171421,1.2183772644258956e-08,1.1693682330217078e-08,1.8375326662191942e-11,-7.00878188698382e-08
lateral_HX,TS-P055,N262,interior_applied_load,,181.542,0.0,134.437,1.362733799119442e-14,-4.7351724853019155,-1.7028616009927516e-13,-1.6967234370492036e-12,-1.9153982549889487e-15,1.9558821819041607e-12
lateral_HX,TS-P056,N263,interior_applied_load,,181.542,0.0,151.373,-6.398399758807127e-08,-2.3675862443466897,6.207597352814176e-08,1.8760162656672463e-07,-7.896862856406717e-12,-1.2606860804245668e-07
lateral_HX,TS-P057,N274,interior_applied_load,,181.542,0.0,153.373,4.143957834641005e-08,-16.93962715521904,-1.80305934526757e-07,7.420944299843416e-08,-4.5400918520788726e-11,6.552008782478043e-08
lateral_HX,TS-P058,N111,interior_applied_load,,192.219,0.0,115.0,-4.3186403602078356e-11,-4.482595512997565,-6.731174642188399e-11,1.5129237824673955e-13,3.192830563078635e-11,3.009515531684138e-12
lateral_HX,TS-P059,N112,interior_applied_load,,195.778,0.0,115.0,4.06339267188217e-11,-6.723893202265048,4.060296772636e-11,-3.5532145612676445e-14,4.1689421706784955e-11,-1.8279028404084962e-11
lateral_HX,TS-P060,N491,interior_applied_load,,195.778,0.0,153.373,8.004667582640722e-13,-13.132911487194512,-1.1045893386069925e-12,1.0084694500506143e-14,-2.366419910403904e-11,-9.744492293489278e-12
lateral_HX,TS-P061,N275,interior_applied_load,,202.396,0.0,134.187,-7.006671278246936e-12,-7.922719485486357,-2.3779455684550087e-14,6.785774239376819e-13,3.2541583404366667e-13,-4.796477990248154e-12
lateral_HX,TS-P062,N113,interior_applied_load,,213.573,0.0,115.0,7.489300309307874e-12,-8.650315974205323,7.768004335041921e-13,-2.997509724328398e-15,3.6061714823690877e-11,-1.4785053741888635e-12
lateral_HX,TS-P063,N114,interior_applied_load,,223.25,0.0,115.0,-2.2600416733936e-09,-7.323306383508376,2.130711995129714e-08,4.419566162045425e-08,-1.879049027472124e-09,-8.65064014182712e-09
lateral_HX,TS-P064,N264,interior_applied_load,,223.25,0.0,117.5,1.0833114022390492e-08,-2.367586242923922,-1.6530294338897043e-08,-6.002959415119009e-09,-5.325365656526163e-11,8.03624403088453e-09
lateral_HX,TS-P065,N265,interior_applied_load,,223.25,0.0,134.437,1.3698817596109823e-13,-4.735172485300996,2.0709596993526565e-13,9.099108076301326e-13,-4.871853789211131e-14,2.428160344507994e-13
lateral_HX,TS-P066,N266,interior_applied_load,,223.25,0.0,151.373,3.282861444839358e-08,-2.3675862423797427,-3.498779082428127e-08,-3.9933779796830216e-08,-1.4097839071079002e-10,-2.762889884239117e-08
lateral_HX,TS-P067,N492,interior_applied_load,,223.25,0.0,153.373,5.005909469238401e-08,-8.965190972818679,1.3685083785086453e-07,-6.473371689363459e-08,-5.1878521697497055e-09,-3.020957158760895e-08
lateral_HX,TS-P068,N68,interface_action,BR-E-ground-1; S3; T-E,224.25,0.0,115.0,-22.074316947345896,507.11986611842843,9.585177983106389,49.79136711195474,531.6222885362331,-1077.4304769131898
lateral_HX,TS-P069,N70,interface_action,BR-R-main-2; S3; T-E top / segment 1; T-E vertical 2,224.25,0.0,153.373,40.03519710711337,-229.19162632042642,-2.3810110925186034,93.92933360579585,453.81618273428955,658.8971545599358
strength_lateral_HX_1,TS-P001,N5,interface_action,T-W / B-WO; T-W diagonal 9; T-W vertical 2; W1,-32.0,0.0,115.0,-227.81965383043385,536.7480538444204,-0.9467326692887552,-62.994508927575836,714.6235509302273,790.694544995125
strength_lateral_HX_1,TS-P002,N7,interface_action,BR-R-main-1; T-W top / segment 1; T-W vertical 2; W1,-32.0,0.0,153.373,191.0079237013089,-283.1404039938462,-6.327312397951861,265.10690355337505,140.07598791732602,-927.3732742513663
strength_lateral_HX_1,TS-P003,N90,interior_applied_load,,-31.0,0.0,115.0,4.176082328326536e-08,-8.7879676589191,7.121495340216139e-08,9.180370759989943e-09,2.774372119686588e-09,1.9556550800334545e-08
strength_lateral_HX_1,TS-P004,N246,interior_applied_load,,-31.0,0.0,117.5,-1.7575791369220025e-08,-2.841103490837902,-1.2615517607055327e-08,-2.855487761758987e-08,-1.344674851793208e-10,-2.846405269357976e-08
strength_lateral_HX_1,TS-P005,N247,interior_applied_load,,-31.0,0.0,134.437,-3.687193340105302e-14,-5.682206982361611,2.6991393950146094e-14,1.5470091280733244e-13,-7.112143194823573e-15,1.9005557395150492e-12
strength_lateral_HX_1,TS-P006,N248,interior_applied_load,,-31.0,0.0,151.373,-3.694922959263103e-08,-2.841103493045585,3.0576995949105346e-08,-4.170350767496167e-08,-4.9119861055892876e-11,-6.849943773312717e-08
strength_lateral_HX_1,TS-P007,N483,interior_applied_load,,-31.0,0.0,153.373,5.92824389979161e-08,-10.758229166551828,-3.568882419647709e-08,-3.881554043604313e-09,-1.0166788350423712e-10,1.1898958761950503e-07
strength_lateral_HX_1,TS-P008,N91,interior_applied_load,,-21.323,0.0,115.0,-8.835570605197303e-12,-10.380379169025975,2.8799201833676103e-12,-3.205562054397528e-13,-6.066260963883452e-12,-4.325351956306699e-11
strength_lateral_HX_1,TS-P009,N267,interior_applied_load,,-10.146,-0.0,134.187,1.0394745445241489e-13,-9.507263382588032,4.597891093683078e-14,1.2025337265209007e-12,-1.2906385872276458e-12,1.3575171366696163e-12
strength_lateral_HX_1,TS-P010,N92,interior_applied_load,,-3.528,0.0,115.0,9.321749836202615e-12,-8.06867184274484,2.7879340611836437e-11,3.078363936288963e-13,-3.165223260635113e-11,-1.4192027277531888e-10
strength_lateral_HX_1,TS-P011,N484,interior_applied_load,,-3.528,0.0,153.373,2.6022741322289603e-12,-15.759493784635556,4.1312400917279483e-14,-5.3921758501182074e-14,9.265000776497786e-13,2.1211232129128447e-12
strength_lateral_HX_1,TS-P012,N93,interior_applied_load,,0.031,0.0,115.0,2.050112812499473e-11,-5.379114615578787,3.382680594236998e-11,2.832377897405827e-13,-3.9273241754963235e-11,-1.0570635338292095e-10
strength_lateral_HX_1,TS-P013,N94,interior_applied_load,,10.708,0.0,115.0,7.64253242913071e-08,-8.068671843346305,6.662620311015388e-08,4.9157798331922464e-08,5.994943635019409e-11,-2.193347481416197e-08
strength_lateral_HX_1,TS-P014,N249,interior_applied_load,,10.708,0.0,117.5,-5.70763897235487e-08,-2.84110349059092,-5.333747281768949e-08,1.8068024044438646e-09,3.989929076034295e-11,-6.454971062670784e-08
strength_lateral_HX_1,TS-P015,N250,interior_applied_load,,10.708,0.0,134.437,-7.089513972226667e-14,-5.682206982360739,8.67480020186823e-14,1.0394152712467428e-12,3.710227063445471e-15,6.28899590798737e-13
strength_lateral_HX_1,TS-P016,N251,interior_applied_load,,10.708,0.0,151.373,-6.604730437217987e-08,-2.8411034926577727,8.731337597378541e-09,3.438145068646037e-08,3.072028703715296e-11,4.046146637876058e-08
strength_lateral_HX_1,TS-P017,N268,interior_applied_load,,10.708,-0.0,153.373,-1.1923435733890833e-07,-20.32755258790965,4.1681916795658336e-08,1.1997218019758885e-08,-1.296649638923953e-10,1.4620546570314807e-07
strength_lateral_HX_1,TS-P018,N95,interior_applied_load,,21.385,0.0,115.0,1.3628575183568988e-11,-5.379114551015724,1.0666219935035098e-11,3.2084792233923907e-13,-1.605560180763424e-11,1.6754730334101966e-11
strength_lateral_HX_1,TS-P019,N96,interior_applied_load,,24.944,0.0,115.0,-1.9797128520338063e-11,-8.068671939552036,1.3585787520291617e-11,-2.237409672997287e-13,5.535314437933448e-11,2.7815533141678753e-11
strength_lateral_HX_1,TS-P020,N485,interior_applied_load,,24.944,0.0,153.373,-3.4247621974534846e-12,-16.13734368544774,1.6885722171560018e-13,-8.99759258617001e-12,1.6979029249372638e-11,2.236968642256722e-12
strength_lateral_HX_1,TS-P021,N269,interior_applied_load,,32.062,0.0,134.187,-7.139211530184564e-12,-9.631383457320178,-1.4246190612114546e-13,9.934146604726241e-12,1.7293143672498483e-12,1.1604901563283866e-12
strength_lateral_HX_1,TS-P022,N97,interior_applied_load,,42.74,0.0,115.0,4.639187045515476e-12,-10.75822913439141,-1.0875813792680014e-12,-5.925244083072308e-14,-1.8070720990061333e-11,-4.6186407875798274e-11
strength_lateral_HX_1,TS-P023,N98,interior_applied_load,,53.417,0.0,115.0,-2.3930255537919372e-08,-17.70005526751623,5.289055616148994e-08,6.75966692739142e-08,-5.913595726736089e-11,1.0326233700218792e-07
strength_lateral_HX_1,TS-P024,N252,interior_applied_load,,53.417,0.0,117.5,-8.299644708659588e-08,-2.8411034923936844,-4.430179334204716e-08,2.8718109260091053e-08,1.066645323715042e-10,-2.2032736241197087e-08
strength_lateral_HX_1,TS-P025,N253,interior_applied_load,,53.417,0.0,134.437,5.642466763625387e-13,-5.682206982358412,6.772930706659455e-15,-1.7204834516075735e-13,-4.010866051332563e-15,-6.291238198955282e-12
strength_lateral_HX_1,TS-P026,N254,interior_applied_load,,53.417,0.0,151.373,2.1831040093733822e-08,-2.8411034909018857,-1.528262141836656e-09,8.43803721339853e-10,4.922940889708773e-11,-3.709979405630559e-08
strength_lateral_HX_1,TS-P027,N486,interior_applied_load,,53.417,0.0,153.373,1.224358770973232e-07,-21.516458302063583,4.768070773889802e-09,-2.884676663402554e-09,1.5215405777698837e-10,-3.903522200374734e-08
strength_lateral_HX_1,TS-P028,N99,interior_applied_load,,64.094,0.0,115.0,-1.3564245928781676e-11,-10.75822916666807,-3.0673814867229303e-13,6.200450028706103e-12,8.046434969271099e-13,6.703497669107105e-13
strength_lateral_HX_1,TS-P029,N270,interior_applied_load,,74.771,0.0,134.187,4.816834451634658e-12,-9.631383457321109,2.320337654468062e-13,2.19346057348707e-12,-3.9958562114073915e-12,-2.432335984514737e-12
strength_lateral_HX_1,TS-P030,N100,interior_applied_load,,81.889,0.0,115.0,2.6134036416078137e-11,-8.068671842742182,2.1668410198310185e-12,-2.731009349716198e-13,9.589856936216966e-12,-5.5333054058527885e-11
strength_lateral_HX_1,TS-P031,N487,interior_applied_load,,81.889,0.0,153.373,-1.3815994968345031e-11,-16.137343750003776,5.592973699356327e-12,-1.9407164095293603e-11,-4.205151401181065e-11,9.664435757659921e-11
strength_lateral_HX_1,TS-P032,N101,interior_applied_load,,85.448,0.0,115.0,-2.7419189720332036e-11,-5.379114583353601,-4.126163114188698e-12,-3.4283519076818104e-13,1.190306833258467e-11,-1.6688428066698722e-10
strength_lateral_HX_1,TS-P033,N102,interior_applied_load,,96.125,0.0,115.0,3.556937677728911e-08,-8.068671940830587,2.790221498294443e-09,-2.952310007575676e-09,-1.621289918421767e-10,-6.228109317163444e-08
strength_lateral_HX_1,TS-P034,N255,interior_applied_load,,96.125,0.0,117.5,1.7680246165475684e-08,-2.8411034914617197,-1.6190426376466868e-11,-8.77310951875043e-10,1.6791182647147834e-10,-5.487387366770613e-08
strength_lateral_HX_1,TS-P035,N256,interior_applied_load,,96.125,0.0,134.437,-6.052823280126544e-13,-5.682206982360261,-4.989750591112675e-14,-1.8195203320977097e-13,2.114700846710254e-14,1.230704041872432e-12
strength_lateral_HX_1,TS-P036,N257,interior_applied_load,,96.125,0.0,151.373,8.912653248760449e-08,-2.8411034937708664,3.38309373182355e-07,2.1902032409926164e-07,7.009381485532347e-11,1.754211196303146e-07
strength_lateral_HX_1,TS-P037,N271,interior_applied_load,,96.125,0.0,153.373,-1.329257006984421e-07,-20.389612621895633,-4.14401875144573e-07,5.686610443204757e-07,-1.3362790612994855e-10,8.655159155815927e-08
strength_lateral_HX_1,TS-P038,N103,interior_applied_load,,106.802,0.0,115.0,-4.446182803583914e-11,-5.3791145833463245,7.008605000122752e-13,-1.0219860678295706e-13,-3.584450545569266e-11,1.1306602960162618e-11
strength_lateral_HX_1,TS-P039,N104,interior_applied_load,,110.361,0.0,115.0,2.0331260142660072e-11,-8.068671842719542,2.800003326777385e-13,7.371005815437546e-14,-7.359638685493704e-13,4.972663782995079e-11
strength_lateral_HX_1,TS-P040,N488,interior_applied_load,,110.361,0.0,153.373,-1.1650815222584362e-11,-16.137343749998493,-6.086127626182214e-12,-2.8739567934508176e-14,9.685517049533402e-14,-1.1395597635553122e-11
strength_lateral_HX_1,TS-P041,N272,interior_applied_load,,117.479,0.0,134.187,-1.1217430802807628e-12,-9.631383457317655,4.614210896330551e-14,1.3306380419957034e-13,1.0568279433818393e-12,2.494979122730492e-13
strength_lateral_HX_1,TS-P042,N105,interior_applied_load,,128.156,0.0,115.0,8.57490537239013e-12,-10.758229166667823,-4.4241435025699833e-13,5.6720718071787826e-14,-3.266802312743074e-12,-5.3283337313539575e-12
strength_lateral_HX_1,TS-P043,N106,interior_applied_load,,138.833,0.0,115.0,-1.7148978806518147e-08,-17.700055266079723,3.0325841660628685e-08,3.281423569366087e-08,-8.649682049413697e-10,6.255845787524796e-08
strength_lateral_HX_1,TS-P044,N258,interior_applied_load,,138.833,0.0,117.5,-1.7617491603566743e-08,-2.8411034925621568,-6.766216014734969e-09,-4.180763484231473e-08,-8.91498583374594e-10,-4.1467339740502926e-08
strength_lateral_HX_1,TS-P045,N259,interior_applied_load,,138.833,0.0,134.437,-2.734858677893221e-13,-5.682206982361777,-4.717644934221216e-14,6.400711843648582e-14,4.4598491912263295e-15,-9.249757831285245e-13
strength_lateral_HX_1,TS-P046,N260,interior_applied_load,,138.833,0.0,151.373,8.75245611039327e-08,-2.8411034916396933,-6.12338940386703e-08,3.368320994345808e-08,1.2327818086835122e-10,-5.555573967877536e-08
strength_lateral_HX_1,TS-P047,N489,interior_applied_load,,138.833,0.0,153.373,7.823179389299696e-08,-21.516458301574975,2.0129883474960736e-07,-7.779142893293543e-08,1.1931694197386117e-11,-1.6085451854673158e-08
strength_lateral_HX_1,TS-P048,N107,interior_applied_load,,149.51,0.0,115.0,2.5975078937238763e-11,-10.758229134385878,-1.0437170470638642e-11,8.22940203996747e-12,-2.2006489806121114e-11,2.355263979226532e-12
strength_lateral_HX_1,TS-P049,N273,interior_applied_load,,160.188,0.0,134.187,5.937166371567002e-12,-9.631383457314369,-1.6994140932542077e-13,3.747950517868461e-12,1.4589524120354045e-12,4.2978519562301916e-13
strength_lateral_HX_1,TS-P050,N108,interior_applied_load,,167.306,0.0,115.0,-4.540000445355016e-12,-8.068671939548498,-2.276317617930478e-11,-9.982578948050261e-15,-6.142514682454922e-12,-9.607697427185157e-11
strength_lateral_HX_1,TS-P051,N490,interior_applied_load,,167.306,0.0,153.373,-7.62202459711454e-12,-16.137343685451146,-2.216958724303272e-12,-1.8393463491703485e-12,4.0736168354655165e-12,-4.5707156521233144e-11
strength_lateral_HX_1,TS-P052,N109,interior_applied_load,,170.865,0.0,115.0,1.3135843333187579e-11,-5.379114551035537,-1.3533812487253329e-11,-1.8934706137225827e-13,2.001433108526864e-11,-1.1517598362349847e-10
strength_lateral_HX_1,TS-P053,N110,interior_applied_load,,181.542,0.0,115.0,1.7397130847029985e-08,-8.068671842968854,-9.217480856360538e-08,-2.776268487325595e-08,-1.837708444041142e-11,-5.7416057686054955e-08
strength_lateral_HX_1,TS-P054,N261,interior_applied_load,,181.542,0.0,117.5,6.317334263112542e-08,-2.841103490834545,3.0208449201642e-08,4.020262375614264e-08,1.2844004384353497e-11,-8.825264921490695e-08
strength_lateral_HX_1,TS-P055,N262,interior_applied_load,,181.542,0.0,134.437,6.161225962770791e-14,-5.682206982360652,-2.3932146430437533e-14,-9.23335683872147e-13,-8.651317824530131e-16,9.16678818957125e-13
strength_lateral_HX_1,TS-P056,N263,interior_applied_load,,181.542,0.0,151.373,-4.823187738263457e-08,-2.8411034915346822,1.0930498943462208e-07,2.5447789500643303e-07,-2.070398920959729e-12,-1.6854542990787924e-07
strength_lateral_HX_1,TS-P057,N274,interior_applied_load,,181.542,0.0,153.373,-9.435033471100565e-09,-20.327552588237854,-1.4672348617823646e-07,5.9394789852818645e-08,-9.589352546382905e-13,1.3930703226078302e-07
strength_lateral_HX_1,TS-P058,N111,interior_applied_load,,192.219,0.0,115.0,-7.980577961659421e-12,-5.379114615596881,-3.292067935098184e-11,-7.855685334157872e-14,-6.985326013857949e-11,-2.927232004364272e-11
strength_lateral_HX_1,TS-P059,N112,interior_applied_load,,195.778,0.0,115.0,3.062232155463911e-11,-8.06867184271897,-1.5095108070868743e-11,-5.3036713250395974e-14,-7.782277031622158e-11,-4.4224401850596026e-11
strength_lateral_HX_1,TS-P060,N491,interior_applied_load,,195.778,0.0,153.373,3.5803134073741726e-12,-15.759493784633458,-5.08177863194875e-13,5.357957433269931e-14,-6.830559034729274e-12,-6.617568839704431e-13
strength_lateral_HX_1,TS-P061,N275,interior_applied_load,,202.396,0.0,134.187,-2.305901536231569e-13,-9.507263382588887,5.0939881782595505e-14,4.612858015743785e-13,6.737758331997963e-14,-5.608206193621762e-12
strength_lateral_HX_1,TS-P062,N113,interior_applied_load,,213.573,0.0,115.0,-6.1689323387134265e-12,-10.38037916904954,2.6299443785224187e-12,-1.3533999647731733e-14,3.5167087900290393e-12,-7.521507650130033e-11
strength_lateral_HX_1,TS-P063,N114,interior_applied_load,,223.25,0.0,115.0,5.4827593972346925e-08,-8.787967663466087,4.543772718584577e-08,1.8775970370743885e-08,1.4181102180795498e-09,1.9251477706111664e-08
strength_lateral_HX_1,TS-P064,N264,interior_applied_load,,223.25,0.0,117.5,-3.769097631419007e-08,-2.841103491311297,7.055320991996601e-10,1.5035718534785857e-08,-1.2285964159609499e-10,-4.11804057433959e-09
strength_lateral_HX_1,TS-P065,N265,interior_applied_load,,223.25,0.0,134.437,4.445773938635981e-13,-5.682206982362411,6.69684276914475e-14,7.667092505390397e-13,-1.0123152867173714e-14,-1.4986080609797098e-12
strength_lateral_HX_1,TS-P066,N266,interior_applied_load,,223.25,0.0,151.373,3.4180358994551074e-08,-2.8411034919325324,-8.642674854952848e-08,-2.5952864829426048e-08,8.707563972491518e-11,-9.341220123804117e-08
strength_lateral_HX_1,TS-P067,N492,interior_applied_load,,223.25,0.0,153.373,9.71361240262314e-08,-10.758229165895305,1.2303712652921406e-07,-7.778547460895605e-08,-1.3178610025004048e-09,-9.010689381231815e-08
strength_lateral_HX_1,TS-P068,N68,interface_action,BR-E-ground-1; S3; T-E,224.25,0.0,115.0,-0.4628462919513986,600.0789606910425,10.87283523263943,56.41961404667324,548.642911119732,-1256.6797465221175
strength_lateral_HX_1,TS-P069,N70,interface_action,BR-R-main-2; S3; T-E top / segment 1; T-E vertical 2,224.25,0.0,153.373,37.274576756059616,-273.2707418447065,-3.5987899559495813,122.36232416462931,460.6315976480055,774.4199530225136
strength_lateral_HX_-1,TS-P001,N5,interface_action,T-W / B-WO; T-W diagonal 9; T-W vertical 2; W1,-32.0,0.0,115.0,-57.81407645288941,629.4818293829948,9.076392231021188,43.74298031587642,-373.8783138829214,1313.4970119388065
strength_lateral_HX_-1,TS-P002,N7,interface_action,BR-R-main-1; T-W top / segment 1; T-W vertical 2; W1,-32.0,0.0,153.373,-131.58439648728032,-308.8174913258811,-2.640886984712245,238.3044589745592,-551.9777566952552,-977.4103790588246
strength_lateral_HX_-1,TS-P003,N90,interior_applied_load,,-31.0,0.0,115.0,-1.5027040477323415e-09,-8.787967658879579,2.9380062083355562e-08,7.259660283991718e-08,-8.970282286241811e-10,2.357512997205388e-09
strength_lateral_HX_-1,TS-P004,N246,interior_applied_load,,-31.0,0.0,117.5,-6.921447785944135e-08,-2.8411034915302924,1.3931417975722567e-08,-9.392803086641096e-09,1.4446845191659515e-10,5.5462314710346875e-08
strength_lateral_HX_-1,TS-P005,N247,interior_applied_load,,-31.0,0.0,134.437,1.3200232769425993e-13,-5.682206982361423,-8.265472894323221e-14,-1.1594766621503214e-12,-1.4114127674200008e-14,-1.363390779106205e-12
strength_lateral_HX_-1,TS-P006,N248,interior_applied_load,,-31.0,0.0,151.373,8.72575994376179e-08,-2.841103491990652,2.3373383048475027e-08,1.996736842813096e-07,3.710347064577593e-11,6.662549204006218e-08
strength_lateral_HX_-1,TS-P007,N483,interior_applied_load,,-31.0,0.0,153.373,-6.503493474222164e-08,-10.758229165989903,-9.415312446859609e-08,1.3908511571277743e-07,4.817626546692124e-09,-1.169793545009792e-07
strength_lateral_HX_-1,TS-P008,N91,interior_applied_load,,-21.323,0.0,115.0,-5.768296999839563e-13,-10.380379169025723,-2.12428860172377e-12,-1.216054572749904e-13,-2.3465685185135756e-11,1.3176561851207714e-12
strength_lateral_HX_-1,TS-P009,N267,interior_applied_load,,-10.146,-0.0,134.187,-1.173403707446918e-12,-9.507263382588617,-9.874349571548063e-14,-1.3086193774119316e-12,6.710755191337341e-13,-3.569548535704964e-13
strength_lateral_HX_-1,TS-P010,N92,interior_applied_load,,-3.528,0.0,115.0,-7.167809795518324e-12,-8.06867184271294,-1.9694448059754275e-11,8.09103814361555e-14,-1.1241110093234124e-11,-9.268112694573542e-11
strength_lateral_HX_-1,TS-P011,N484,interior_applied_load,,-3.528,0.0,153.373,2.6206571477681466e-12,-15.759493784636064,-1.7378511821002607e-12,1.8107308545654836e-13,3.2228063932936542e-12,-1.598297820631133e-13
strength_lateral_HX_-1,TS-P012,N93,interior_applied_load,,0.031,0.0,115.0,1.3728616778507263e-11,-5.37911461559874,-3.756753480108278e-11,2.9514839100736897e-13,1.004059458553062e-10,-2.273615454603288e-11
strength_lateral_HX_-1,TS-P013,N94,interior_applied_load,,10.708,0.0,115.0,3.8564916482464184e-08,-8.068671842077535,-2.1223462653985337e-08,-7.91535088029427e-08,7.204431595749944e-13,-8.840483595173865e-08
strength_lateral_HX_-1,TS-P014,N249,interior_applied_load,,10.708,0.0,117.5,-5.786334886938558e-08,-2.841103490735285,1.0561581202545143e-08,2.230276686911786e-09,6.062805419699253e-12,-6.561873425301379e-08
strength_lateral_HX_-1,TS-P015,N250,interior_applied_load,,10.708,0.0,134.437,1.1599066097916036e-13,-5.682206982364802,-3.417678251551703e-13,-2.7410125096247033e-12,2.35465218662225e-15,-1.9748670007198644e-12
strength_lateral_HX_-1,TS-P016,N251,interior_applied_load,,10.708,0.0,151.373,-1.129313753622796e-08,-2.8411034916286813,-8.894085942734442e-08,-9.095887382182255e-08,-1.8323881638176724e-11,1.2153816353333013e-07
strength_lateral_HX_-1,TS-P017,N268,interior_applied_load,,10.708,-0.0,153.373,1.1347209871683243e-07,-20.327552587835257,-3.0040056604031644e-07,-1.6034777265235695e-07,1.0701167580155942e-10,-3.428585130659012e-08
strength_lateral_HX_-1,TS-P018,N95,interior_applied_load,,21.385,0.0,115.0,2.6129880037366152e-11,-5.379114551030186,-6.063316502146202e-11,-3.5397295688271193e-13,-7.529566351409583e-12,-3.105563592993711e-11
strength_lateral_HX_-1,TS-P019,N96,interior_applied_load,,24.944,0.0,115.0,4.316868847346849e-12,-8.068671939553726,-3.125038670813217e-11,5.085959570710783e-13,-1.734579543440113e-11,-3.1759627324735547e-12
strength_lateral_HX_-1,TS-P020,N485,interior_applied_load,,24.944,0.0,153.373,-4.628784691360779e-13,-16.13734368546615,2.309900498822681e-12,-6.8402210058081164e-12,-2.4872161266888526e-11,2.5506353097804e-10
strength_lateral_HX_-1,TS-P021,N269,interior_applied_load,,32.062,0.0,134.187,1.4242897720486713e-12,-9.631383457320185,4.025541753683812e-13,-5.484993228120236e-12,-7.763589399000126e-13,-4.0527059521637483e-13
strength_lateral_HX_-1,TS-P022,N97,interior_applied_load,,42.74,0.0,115.0,-1.449610831437414e-11,-10.758229134391344,-9.366517602657289e-12,-2.420610688283914e-14,7.122877955319814e-11,-3.839203362078237e-11
strength_lateral_HX_-1,TS-P023,N98,interior_applied_load,,53.417,0.0,115.0,-5.55460247134969e-09,-17.700055270403574,9.792380144857028e-08,1.4188290205559058e-07,8.846557401340336e-11,-1.388299576554517e-07
strength_lateral_HX_-1,TS-P024,N252,interior_applied_load,,53.417,0.0,117.5,1.6340697224271074e-08,-2.8411034900430896,-6.389672905236222e-08,7.195965542227453e-08,-1.0097770011937638e-10,-8.554784743683312e-08
strength_lateral_HX_-1,TS-P025,N253,interior_applied_load,,53.417,0.0,134.437,3.832517743674074e-13,-5.6822069823602925,-8.247784700049655e-14,3.631658150552452e-13,-6.521498766993456e-15,1.193838201997488e-12
strength_lateral_HX_-1,TS-P026,N254,interior_applied_load,,53.417,0.0,151.373,-5.069595419328332e-08,-2.8411034926844723,-2.735420390198584e-08,-8.715400645620264e-08,-1.0169044979833582e-10,-1.2825141816608099e-09
strength_lateral_HX_-1,TS-P027,N486,interior_applied_load,,53.417,0.0,153.373,3.2413167001707166e-08,-21.516458302062333,7.937157491691628e-08,-1.5902943352435466e-07,1.9161737872963157e-12,2.4675696445976404e-08
strength_lateral_HX_-1,TS-P028,N99,interior_applied_load,,64.094,0.0,115.0,-2.0967656077229145e-12,-10.758229166667798,-1.7168993292718484e-13,2.585643019985369e-11,-2.566545685232697e-12,2.4642366177412887e-12
strength_lateral_HX_-1,TS-P029,N270,interior_applied_load,,74.771,0.0,134.187,-9.137358404065065e-12,-9.631383457322872,3.466546383269653e-13,-3.892118713839942e-12,-1.80441579418212e-12,-8.299957290983323e-13
strength_lateral_HX_-1,TS-P030,N100,interior_applied_load,,81.889,0.0,115.0,-1.7546050882575413e-11,-8.068671842714187,9.025478707509641e-12,2.4256291078657997e-13,-8.442590035155215e-11,1.2917945026603565e-11
strength_lateral_HX_-1,TS-P031,N487,interior_applied_load,,81.889,0.0,153.373,1.1869683310422018e-11,-16.137343750000863,9.894787830362558e-14,3.317147097737201e-11,-1.3388786927493177e-12,-1.3022150124180087e-10
strength_lateral_HX_-1,TS-P032,N101,interior_applied_load,,85.448,0.0,115.0,-7.029872993541451e-12,-5.379114583314118,4.637360092099216e-12,-2.7617033057702275e-13,-3.0354734678064935e-11,-8.216357854976695e-11
strength_lateral_HX_-1,TS-P033,N102,interior_applied_load,,96.125,0.0,115.0,-5.995158502969389e-08,-8.068671939760712,2.6924514173742864e-08,-1.3729264836115362e-08,8.153140788334857e-11,-1.347396327844308e-08
strength_lateral_HX_-1,TS-P034,N255,interior_applied_load,,96.125,0.0,117.5,5.597793997175317e-09,-2.8411034912541173,1.6475235109109354e-08,-3.262943271711519e-08,-2.0074925286964627e-10,-1.5052355457391313e-09
strength_lateral_HX_-1,TS-P035,N256,interior_applied_load,,96.125,0.0,134.437,3.06177443418692e-13,-5.682206982359209,5.4697225229122085e-14,-2.1125205567281347e-12,-1.3510372099464701e-14,-2.3181063500339625e-12
strength_lateral_HX_-1,TS-P036,N257,interior_applied_load,,96.125,0.0,151.373,-1.7405092639366515e-07,-2.8411034932416737,1.838689722422071e-07,1.8094219617070806e-07,-2.1647547155799628e-10,2.046864355786937e-08
strength_lateral_HX_-1,TS-P037,N271,interior_applied_load,,96.125,0.0,153.373,1.2777164730767744e-07,-20.389612625773402,-1.7541948732631612e-07,2.7551272941892403e-07,-1.2659895849383314e-11,1.119878896198873e-07
strength_lateral_HX_-1,TS-P038,N103,interior_applied_load,,106.802,0.0,115.0,2.6585300052558148e-11,-5.37911458336604,1.2707996922513075e-11,-2.919443391492343e-14,-2.8766024592922992e-11,8.934425115397078e-11
strength_lateral_HX_-1,TS-P039,N104,interior_applied_load,,110.361,0.0,115.0,-7.086090829648939e-12,-8.068671842710087,-2.2926429008557497e-12,-9.007642990673357e-14,1.9980212587686333e-11,2.1468187608178828e-11
strength_lateral_HX_-1,TS-P040,N488,interior_applied_load,,110.361,0.0,153.373,1.3614092530682758e-11,-16.13734374999891,-2.712504951438396e-12,-2.105905363319297e-14,-7.522669659196176e-12,-7.972161226449173e-12
strength_lateral_HX_-1,TS-P041,N272,interior_applied_load,,117.479,0.0,134.187,3.1309582429418678e-12,-9.63138345732245,-5.730723268241049e-14,-3.8392772836007385e-13,1.828467885504957e-14,3.75917364556372e-13
strength_lateral_HX_-1,TS-P042,N105,interior_applied_load,,128.156,0.0,115.0,-5.708821410129858e-12,-10.758229166667826,9.4971218213994e-14,9.439693168140483e-13,9.528579190313844e-13,-3.0429739327901666e-12
strength_lateral_HX_-1,TS-P043,N106,interior_applied_load,,138.833,0.0,115.0,1.5394449512722214e-07,-17.700055269378037,3.636310569240482e-09,8.287030042021106e-09,1.0026697060655282e-09,-1.3138351539082677e-07
strength_lateral_HX_-1,TS-P044,N258,interior_applied_load,,138.833,0.0,117.5,-7.034973846107911e-08,-2.8411034915941977,-1.9720909849215036e-08,-1.5657260398032825e-09,-1.4171520543688432e-09,-1.2783088488520947e-07
strength_lateral_HX_-1,TS-P045,N259,interior_applied_load,,138.833,0.0,134.437,5.3140269988377174e-15,-5.682206982364388,9.73791086225836e-15,-2.0125889129480234e-13,-8.249919605055177e-15,3.553836075216815e-13
strength_lateral_HX_-1,TS-P046,N260,interior_applied_load,,138.833,0.0,151.373,1.0631646415841522e-07,-2.8411034921819924,2.1147508820484884e-08,1.347745749724627e-08,-1.9389520669293448e-10,-4.794382437237066e-08
strength_lateral_HX_-1,TS-P047,N489,interior_applied_load,,138.833,0.0,153.373,-2.8845758347861007e-08,-21.516458301657647,1.1954960121691206e-08,-3.249676106815815e-08,3.9216095457483536e-11,-5.5966769412918275e-08
strength_lateral_HX_-1,TS-P048,N107,interior_applied_load,,149.51,0.0,115.0,-5.2608972354578086e-12,-10.758229134393071,-1.2615691068399558e-12,3.408121678781414e-12,-2.584202756813801e-12,-6.422369979253708e-12
strength_lateral_HX_-1,TS-P049,N273,interior_applied_load,,160.188,0.0,134.187,1.6175703895285526e-12,-9.631383457318215,1.982759919213604e-14,-3.735222793883306e-13,-6.304894805761496e-13,-1.984745851106321e-12
strength_lateral_HX_-1,TS-P050,N108,interior_applied_load,,167.306,0.0,115.0,1.2742649914535173e-11,-8.068671939539534,-4.2228235502708903e-13,9.889368371460624e-15,-3.8307042120224876e-13,-9.341228009553441e-11
strength_lateral_HX_-1,TS-P051,N490,interior_applied_load,,167.306,0.0,153.373,3.006375273260444e-11,-16.137343685452986,4.8638533806571086e-14,4.2294312883513446e-12,-7.049340137503171e-12,-7.169881792589426e-11
strength_lateral_HX_-1,TS-P052,N109,interior_applied_load,,170.865,0.0,115.0,1.5279830648180062e-11,-5.379114551039936,-3.0545670694446226e-13,-2.0800676151354621e-13,-4.920488163650902e-13,-6.337793096418552e-11
strength_lateral_HX_-1,TS-P053,N110,interior_applied_load,,181.542,0.0,115.0,7.273200708368677e-09,-8.068671841265548,9.201126471847232e-09,-1.335179494743599e-09,3.488345216651191e-12,9.719938987018395e-08
strength_lateral_HX_-1,TS-P054,N261,interior_applied_load,,181.542,0.0,117.5,-9.88180795089408e-08,-2.8411034923744536,-1.4012700840190313e-09,-2.1921091646941885e-09,-2.3293737286013872e-11,2.031042123781611e-08
strength_lateral_HX_-1,TS-P055,N262,interior_applied_load,,181.542,0.0,134.437,3.8339939469387115e-14,-5.682206982361259,-1.2903211676385297e-15,4.6778235257393833e-14,-9.306870039452482e-15,-7.048574457467301e-13
strength_lateral_HX_-1,TS-P056,N263,interior_applied_load,,181.542,0.0,151.373,7.073985673101968e-08,-2.8411034925918237,-1.2749879416129595e-09,2.072564768418328e-08,-3.889298280588835e-12,7.616272643465316e-08
strength_lateral_HX_-1,TS-P057,N274,interior_applied_load,,181.542,0.0,153.373,-1.0755002460245749e-07,-20.32755258735856,-4.447465901858333e-08,-1.669791000702192e-08,-3.613182441342336e-11,-1.1492570765311001e-07
strength_lateral_HX_-1,TS-P058,N111,interior_applied_load,,192.219,0.0,115.0,2.09437811546809e-12,-5.379114615599331,1.0468830681813865e-12,-1.1404723786681196e-13,4.250394993569138e-12,-3.1275584028755504e-11
strength_lateral_HX_-1,TS-P059,N112,interior_applied_load,,195.778,0.0,115.0,-2.1880399272655122e-11,-8.068671842724598,3.84134318355698e-12,2.2880491027686083e-14,7.343417012258333e-12,-3.634270946696105e-11
strength_lateral_HX_-1,TS-P060,N491,interior_applied_load,,195.778,0.0,153.373,7.613420434741387e-12,-15.759493784634902,-1.858638204345346e-13,5.4313016119029446e-14,-4.4509129861261085e-12,-4.566630647229578e-11
strength_lateral_HX_-1,TS-P061,N275,interior_applied_load,,202.396,0.0,134.187,9.908011705254604e-13,-9.50726338258751,-1.6098970896317184e-15,3.4424306956011287e-14,-9.390585800596504e-15,1.5694156092201294e-12
strength_lateral_HX_-1,TS-P062,N113,interior_applied_load,,213.573,0.0,115.0,1.515103885121059e-11,-10.380379169021804,-5.0187600016348166e-14,3.201980702524273e-14,-2.5248877609405748e-12,2.7969466267588717e-12
strength_lateral_HX_-1,TS-P063,N114,interior_applied_load,,223.25,0.0,115.0,2.3948566229158016e-08,-8.787967662915516,-2.668906555960057e-10,-6.6750397205704e-11,6.188320584382141e-10,-5.43688582040209e-08
strength_lateral_HX_-1,TS-P064,N264,interior_applied_load,,223.25,0.0,117.5,5.940225622886549e-08,-2.8411034906883073,-2.031818794374236e-10,1.1357464885714595e-09,7.692783960390014e-11,7.052629943466354e-08
strength_lateral_HX_-1,TS-P065,N265,interior_applied_load,,223.25,0.0,134.437,-9.076457820241157e-14,-5.682206982361755,-1.0864026551052997e-14,6.536310890637798e-14,4.463859859794413e-15,1.9582887210422802e-12
strength_lateral_HX_-1,TS-P066,N266,interior_applied_load,,223.25,0.0,151.373,-3.97017841102798e-08,-2.8411034916464764,1.668666926163409e-08,1.0814005316217568e-08,1.6033242117044809e-10,3.997203340544431e-08
strength_lateral_HX_-1,TS-P067,N492,interior_applied_load,,223.25,0.0,153.373,-6.83316345451157e-08,-10.758229164142014,1.498878735922124e-08,6.0634509156146215e-09,-1.3271863120649786e-10,1.9562802627338322e-07
strength_lateral_HX_-1,TS-P068,N68,interface_action,BR-E-ground-1; S3; T-E,224.25,0.0,115.0,259.8004909715054,515.4301752970777,4.579051751951529,23.119349312932357,-344.3954310991871,-894.3114935559352
strength_lateral_HX_-1,TS-P069,N70,interface_action,BR-R-main-2; S3; T-E top / segment 1; T-E vertical 2,224.25,0.0,153.373,-70.40201825001408,-255.6786446593354,-11.014556416209619,218.83356237893273,-378.84661003755997,611.8536272308215
strength_lateral_HX_2,TS-P001,N5,interface_action,T-W / B-WO; T-W diagonal 9; T-W vertical 2; W1,-32.0,0.0,115.0,-312.8224425196162,490.38116607883757,-5.958295121513373,-116.36325354935508,1258.8744833381281,529.2933115243746
strength_lateral_HX_2,TS-P002,N7,interface_action,BR-R-main-1; T-W top / segment 1; T-W vertical 2; W1,-32.0,0.0,153.373,352.3040837964828,-270.30186033218826,-8.17052510624151,278.50812584283864,486.10286022512696,-902.3547218494148
strength_lateral_HX_2,TS-P003,N90,interior_applied_load,,-31.0,0.0,115.0,-2.165929605671799e-07,-8.787967662503121,-1.409414234957636e-08,-2.2557912308701864e-07,6.153024463767785e-09,2.1175410904181384e-07
strength_lateral_HX_2,TS-P004,N246,interior_applied_load,,-31.0,0.0,117.5,1.9737403061905324e-07,-2.8411034910839104,6.717215444175936e-08,-1.1637817557772455e-07,-3.314633907524606e-10,7.062310782855786e-08
strength_lateral_HX_2,TS-P005,N247,interior_applied_load,,-31.0,0.0,134.437,-1.4673666373818293e-13,-5.682206982361794,2.0083129041802628e-13,1.3936962742022654e-12,-1.9663295252201187e-14,2.896674924837993e-13
strength_lateral_HX_2,TS-P006,N248,interior_applied_load,,-31.0,0.0,151.373,6.982543618999637e-08,-2.841103491952073,-7.103242014028233e-08,-1.5973453743045596e-07,-3.1923732568065157e-10,-2.2319113911206667e-07
strength_lateral_HX_2,TS-P007,N483,interior_applied_load,,-31.0,0.0,153.373,-1.438745653640452e-07,-10.758229163648457,-1.0099394214648052e-08,-2.915389267035492e-08,-1.800204932481928e-09,1.2056453509795102e-07
strength_lateral_HX_2,TS-P008,N91,interior_applied_load,,-21.323,0.0,115.0,-2.745653876453166e-11,-10.380379169030538,4.296274640343361e-12,-1.5874022559990917e-13,-1.6213543294031347e-11,-1.2229777647817916e-11
strength_lateral_HX_2,TS-P009,N267,interior_applied_load,,-10.146,-0.0,134.187,5.729357715436521e-13,-9.507263382587277,1.1090028109038278e-13,1.093263856327457e-12,1.0860461247301095e-12,1.1840991444666788e-12
strength_lateral_HX_2,TS-P010,N92,interior_applied_load,,-3.528,0.0,115.0,6.032965967516116e-11,-8.06867184273373,-1.2888780462679653e-11,9.544421111103708e-14,1.1081464056302597e-10,-8.468532253054707e-11
strength_lateral_HX_2,TS-P011,N484,interior_applied_load,,-3.528,0.0,153.373,1.726203631953828e-11,-15.759493784635726,1.215881053273876e-12,5.994993296112238e-14,4.004295214803569e-12,5.360060934047291e-12
strength_lateral_HX_2,TS-P012,N93,interior_applied_load,,0.031,0.0,115.0,-2.7341858055050578e-11,-5.379114615596977,1.6119578381737066e-10,-9.876829861780626e-14,-9.443260860627674e-11,-9.199135355857248e-11
strength_lateral_HX_2,TS-P013,N94,interior_applied_load,,10.708,0.0,115.0,1.6302036259796537e-07,-8.068671842022283,8.04464428405538e-09,1.7899854654057634e-07,9.035854865421963e-11,-2.432240339966807e-07
strength_lateral_HX_2,TS-P014,N249,interior_applied_load,,10.708,0.0,117.5,-3.498249720028153e-08,-2.8411034915450877,1.7582362577599987e-08,-5.188260706843269e-08,7.145761870182208e-11,-1.1165313687472473e-07
strength_lateral_HX_2,TS-P015,N250,interior_applied_load,,10.708,0.0,134.437,-4.479651937063524e-13,-5.682206982363672,6.058950963148896e-14,3.087654479922659e-12,-7.66313096408103e-15,1.9166498567658946e-12
strength_lateral_HX_2,TS-P016,N251,interior_applied_load,,10.708,0.0,151.373,-2.0074636503455978e-08,-2.8411034924476484,1.3927294539861634e-08,-3.0451566823685994e-08,8.70334720769066e-13,-3.333825815757252e-08
strength_lateral_HX_2,TS-P017,N268,interior_applied_load,,10.708,-0.0,153.373,-6.949065656936077e-08,-20.327552589164597,2.2770438188860476e-07,-9.998274529151915e-09,-1.0047586548561747e-10,2.4256369442191535e-07
strength_lateral_HX_2,TS-P018,N95,interior_applied_load,,21.385,0.0,115.0,-2.2618523362116565e-11,-5.379114551024599,9.116139344059873e-12,-1.0631115886609282e-13,5.823367984263837e-11,2.931729061972277e-11
strength_lateral_HX_2,TS-P019,N96,interior_applied_load,,24.944,0.0,115.0,-2.1288196310047796e-11,-8.068671939564295,1.2097818302241751e-11,4.572372778858026e-13,-5.328728724208486e-11,5.254741927963452e-11
strength_lateral_HX_2,TS-P020,N485,interior_applied_load,,24.944,0.0,153.373,2.1842545358580095e-11,-16.137343685453274,-8.250152697040544e-13,1.755364590377254e-11,2.128301699583784e-11,2.545515536260665e-10
strength_lateral_HX_2,TS-P021,N269,interior_applied_load,,32.062,0.0,134.187,-2.309313250896544e-12,-9.631383457322046,-2.2040037256375444e-13,3.194300033350322e-12,-9.463954002626037e-12,-1.252630119380143e-12
strength_lateral_HX_2,TS-P022,N97,interior_applied_load,,42.74,0.0,115.0,1.879684724525471e-11,-10.758229134394275,-1.5752915392756005e-12,-3.176262026378127e-14,-2.7765414471987112e-11,-7.13284018625477e-11
strength_lateral_HX_2,TS-P023,N98,interior_applied_load,,53.417,0.0,115.0,-4.501822658004318e-08,-17.70005526755328,6.72718232237206e-08,-1.4297716673112715e-07,-1.27102124426086e-10,2.309100203089829e-07
strength_lateral_HX_2,TS-P024,N252,interior_applied_load,,53.417,0.0,117.5,-1.5474584462420411e-07,-2.8411034917994518,-7.102042473247645e-08,1.0841511774082744e-07,2.5778850079919666e-10,-1.707032951793709e-07
strength_lateral_HX_2,TS-P025,N253,interior_applied_load,,53.417,0.0,134.437,-1.6735460574147351e-12,-5.682206982361298,2.283189743276845e-13,-9.974984854457594e-13,4.791534191258291e-14,4.296157565180374e-12
strength_lateral_HX_2,TS-P026,N254,interior_applied_load,,53.417,0.0,151.373,-1.8089543895802307e-08,-2.8411034908865584,5.4397790799631807e-08,-2.458121434179006e-08,5.050180521466077e-10,5.1214049171660614e-08
strength_lateral_HX_2,TS-P027,N486,interior_applied_load,,53.417,0.0,153.373,1.4235406727912974e-08,-21.516458303113193,2.9189619171268212e-08,-2.6251729333310776e-08,-1.4402936907135204e-10,3.6073163580621025e-08
strength_lateral_HX_2,TS-P028,N99,interior_applied_load,,64.094,0.0,115.0,8.216424909399367e-12,-10.75822916666812,-1.6028808076377665e-12,4.0748946719472223e-11,2.5320921371120442e-12,3.140129366832254e-12
strength_lateral_HX_2,TS-P029,N270,interior_applied_load,,74.771,0.0,134.187,9.938249806079082e-12,-9.631383457320476,-2.9100523189749225e-13,8.691590801326902e-13,2.9398807498405018e-12,-8.370933602499458e-13
strength_lateral_HX_2,TS-P030,N100,interior_applied_load,,81.889,0.0,115.0,1.819910993268124e-11,-8.068671842711815,2.262933051934316e-12,-4.3531509726024796e-13,5.383772127540387e-11,-4.6309591813719524e-11
strength_lateral_HX_2,TS-P031,N487,interior_applied_load,,81.889,0.0,153.373,-2.4339006841386507e-11,-16.13734375002482,6.9319962928349464e-12,-3.853236497680832e-11,-7.26465881326157e-11,-1.689898417256042e-11
strength_lateral_HX_2,TS-P032,N101,interior_applied_load,,85.448,0.0,115.0,-3.497726168322545e-11,-5.37911458334569,-6.0115184969277015e-12,-3.418725810573135e-14,8.533618780194675e-11,-1.210639590713643e-10
strength_lateral_HX_2,TS-P033,N102,interior_applied_load,,96.125,0.0,115.0,-1.091188330804016e-07,-8.068671940913635,-2.6541938424884393e-08,1.3200027737525488e-09,-1.471726256565612e-10,7.685095759768501e-08
strength_lateral_HX_2,TS-P034,N255,interior_applied_load,,96.125,0.0,117.5,1.2676746509372425e-07,-2.8411034920181755,2.771396297724906e-09,1.2333014251675309e-09,2.7165539894615717e-10,-3.219008230923065e-08
strength_lateral_HX_2,TS-P035,N256,interior_applied_load,,96.125,0.0,134.437,-1.179361423255001e-12,-5.68220698235947,1.8836534864733557e-14,5.932999433127097e-13,6.969430887350493e-14,9.504739640267451e-14
strength_lateral_HX_2,TS-P036,N257,interior_applied_load,,96.125,0.0,151.373,-1.9302920661878886e-07,-2.8411034925392795,1.9927386407658787e-08,-6.77401397197741e-08,2.565091920889399e-10,5.458895473431369e-07
strength_lateral_HX_2,TS-P037,N271,interior_applied_load,,96.125,0.0,153.373,9.239185848726539e-08,-20.389612624793962,-5.0835549490206175e-08,1.1188772367650308e-07,2.391198563657378e-10,1.9144143263472404e-07
strength_lateral_HX_2,TS-P038,N103,interior_applied_load,,106.802,0.0,115.0,2.1428350828603507e-11,-5.37911458333834,-3.8310590760931575e-12,-7.803203508384167e-14,-2.5429307846092608e-11,1.2911965437787413e-11
strength_lateral_HX_2,TS-P039,N104,interior_applied_load,,110.361,0.0,115.0,-5.806775734523516e-12,-8.068671842722967,-1.738203704773108e-13,1.1039502071969964e-13,-1.991517660685088e-12,-3.274646897912521e-11
strength_lateral_HX_2,TS-P040,N488,interior_applied_load,,110.361,0.0,153.373,-2.4134832655164742e-11,-16.137343749998955,-4.217829667244549e-12,-1.9336061824021544e-13,3.374956543002062e-11,-3.267015178445313e-11
strength_lateral_HX_2,TS-P041,N272,interior_applied_load,,117.479,0.0,134.187,-6.946254723277723e-12,-9.631383457321895,-5.068939993551689e-13,-1.1170641182544076e-12,-1.0636002665812988e-12,-1.1392327044761971e-12
strength_lateral_HX_2,TS-P042,N105,interior_applied_load,,128.156,0.0,115.0,2.2829942375207774e-12,-10.758229166666545,-9.686882106729078e-13,-3.297746598066151e-13,1.0348828764317295e-13,-4.608888159089924e-12
strength_lateral_HX_2,TS-P043,N106,interior_applied_load,,138.833,0.0,115.0,-1.9060466609505437e-07,-17.700055267848033,-3.741944253623125e-08,8.605701282562778e-08,-2.9345887946028705e-10,2.2162929684912427e-07
strength_lateral_HX_2,TS-P044,N258,interior_applied_load,,138.833,0.0,117.5,1.520008833655341e-07,-2.8411034912223814,-1.634968253639121e-08,9.091129306029786e-09,-2.2890488893807903e-09,9.016342303584516e-08
strength_lateral_HX_2,TS-P045,N259,interior_applied_load,,138.833,0.0,134.437,4.1243208688501437e-13,-5.682206982361135,-2.0413203013099606e-14,1.4621894185040194e-13,4.3315723418492104e-14,-5.318450786067211e-12
strength_lateral_HX_2,TS-P046,N260,interior_applied_load,,138.833,0.0,151.373,1.5356314039469132e-07,-2.841103492116871,1.6149422606831498e-07,6.326977465553885e-08,2.768002320333873e-10,1.1565992816264803e-09
strength_lateral_HX_2,TS-P047,N489,interior_applied_load,,138.833,0.0,153.373,1.8416193533060565e-07,-21.516458301776744,-8.600584628496966e-08,5.1336584055473456e-08,1.1962445190755154e-10,-2.7787218323356627e-08
strength_lateral_HX_2,TS-P048,N107,interior_applied_load,,149.51,0.0,115.0,-1.0212392239494763e-11,-10.75822913439151,-1.8132794659819015e-12,1.0358411669436146e-11,2.6524190700447235e-11,1.9407195122674905e-10
strength_lateral_HX_2,TS-P049,N273,interior_applied_load,,160.188,0.0,134.187,-4.270000857550754e-12,-9.631383457317098,2.1902778829344802e-13,-5.1228661999145744e-12,1.0291138024396566e-11,6.8701632491748156e-12
strength_lateral_HX_2,TS-P050,N108,interior_applied_load,,167.306,0.0,115.0,5.1433591893453634e-11,-8.068671939526293,3.410212068021681e-11,-3.404119568612688e-13,-4.153936427117276e-11,-3.3881952798784684e-11
strength_lateral_HX_2,TS-P051,N490,interior_applied_load,,167.306,0.0,153.373,-3.3814479237290386e-11,-16.137343685440122,4.740250536298161e-12,1.666849537673221e-11,-2.0774181693537248e-11,-3.3995063398783313e-11
strength_lateral_HX_2,TS-P052,N109,interior_applied_load,,170.865,0.0,115.0,-1.9076717134921364e-12,-5.379114551021557,3.799520305697858e-11,6.878618262072051e-14,7.385016093506357e-11,-9.888279782058204e-11
strength_lateral_HX_2,TS-P053,N110,interior_applied_load,,181.542,0.0,115.0,-2.2648085362675374e-07,-8.068671845827403,-1.803860375515498e-07,-8.800069567493907e-08,-1.2404287022425981e-11,1.0600155597728644e-07
strength_lateral_HX_2,TS-P054,N261,interior_applied_load,,181.542,0.0,117.5,3.34162814422469e-07,-2.8411034899179883,7.69736847297501e-08,9.400562705395984e-08,2.418818650521441e-11,3.1751197556999354e-08
strength_lateral_HX_2,TS-P055,N262,interior_applied_load,,181.542,0.0,134.437,-1.4931511690096605e-13,-5.682206982361532,-7.522687634935724e-14,-2.5923339956895057e-12,-9.872382434984906e-16,4.686591914241378e-12
strength_lateral_HX_2,TS-P056,N263,interior_applied_load,,181.542,0.0,151.373,-6.395951763354946e-08,-2.841103493560522,1.0441875389344268e-07,3.3410811378642435e-07,-2.1621943516363383e-12,-2.618251932623439e-07
strength_lateral_HX_2,TS-P057,N274,interior_applied_load,,181.542,0.0,153.373,1.1617916907479885e-07,-20.327552587592656,-4.3544371058284157e-07,-6.648576403211988e-08,-1.484371844278096e-10,9.105705411885281e-08
strength_lateral_HX_2,TS-P058,N111,interior_applied_load,,192.219,0.0,115.0,9.578271075748571e-12,-5.379114615591644,-4.349816543494728e-11,8.241981659230903e-14,-5.589116832727551e-11,-7.08236687918887e-12
strength_lateral_HX_2,TS-P059,N112,interior_applied_load,,195.778,0.0,115.0,-1.640443009174469e-11,-8.068671842743264,1.2562165547614732e-12,-3.1886184556123264e-13,-1.5272092395596507e-10,1.4542118157905007e-11
strength_lateral_HX_2,TS-P060,N491,interior_applied_load,,195.778,0.0,153.373,3.4293112151535283e-12,-15.7594937846429,3.2504986191033557e-13,-2.7044599176159553e-14,3.4357889471782095e-12,8.921299100571857e-11
strength_lateral_HX_2,TS-P061,N275,interior_applied_load,,202.396,0.0,134.187,-3.529629588734776e-12,-9.507263382586993,1.396462127626667e-13,1.1515868066504088e-12,4.2479542059803624e-13,2.088427407742685e-12
strength_lateral_HX_2,TS-P062,N113,interior_applied_load,,213.573,0.0,115.0,-1.9735714434690678e-11,-10.380379169012011,3.3723197470907478e-12,7.767341534388048e-14,7.523344427392298e-12,2.898297463498594e-10
strength_lateral_HX_2,TS-P063,N114,interior_applied_load,,223.25,0.0,115.0,-1.3329849100505519e-07,-8.78796765531459,-3.707944312639603e-08,2.137673223949441e-08,1.4018205138546178e-09,3.2418392429079226e-07
strength_lateral_HX_2,TS-P064,N264,interior_applied_load,,223.25,0.0,117.5,8.483038591785974e-08,-2.841103491983815,1.8446830161166572e-08,-2.975944032650891e-08,-1.8433515860416022e-10,1.0346764542588615e-07
strength_lateral_HX_2,TS-P065,N265,interior_applied_load,,223.25,0.0,134.437,2.192490506636997e-13,-5.682206982362321,3.248622375333586e-13,-8.623421276123706e-13,-1.5473727704559317e-15,-3.730748966343475e-12
strength_lateral_HX_2,TS-P066,N266,interior_applied_load,,223.25,0.0,151.373,-2.0180856055707075e-07,-2.8411034920147413,-6.566016953063469e-08,-1.2574140104137932e-08,-6.310451383597338e-10,-1.5634404376685396e-07
strength_lateral_HX_2,TS-P067,N492,interior_applied_load,,223.25,0.0,153.373,1.6734962529629804e-07,-10.758229166449231,1.4834018437135173e-07,9.212372508574966e-08,-5.793806825247536e-09,5.7551411354078306e-08
strength_lateral_HX_2,TS-P068,N68,interface_action,BR-E-ground-1; S3; T-E,224.25,0.0,115.0,-130.59451492409917,642.4033533784515,14.0197269750061,73.06974641376816,995.1620822304831,-1437.8638730008586
strength_lateral_HX_2,TS-P069,N70,interface_action,BR-R-main-2; S3; T-E top / segment 1; T-E vertical 2,224.25,0.0,153.373,91.11287425981224,-282.0667904359826,0.10909326539758293,74.12670505756577,880.3707014882968,855.7031159174994
strength_lateral_HX_-2,TS-P001,N5,interface_action,T-W / B-WO; T-W diagonal 9; T-W vertical 2; W1,-32.0,0.0,115.0,27.18871223555655,675.8487171519555,14.087954676763916,97.11172493786884,-918.1292462881112,1574.8982454111463
strength_lateral_HX_-2,TS-P002,N7,interface_action,BR-R-main-1; T-W top / segment 1; T-W vertical 2; W1,-32.0,0.0,153.373,-292.88055658203757,-321.6560349888583,-0.7976742752204993,224.90323668486238,-898.004629004456,-1002.4289314610377
strength_lateral_HX_-2,TS-P003,N90,interior_applied_load,,-31.0,0.0,115.0,-3.045187508286022e-08,-8.787967660485164,-6.323735547581937e-08,-2.7504302590111383e-08,-1.7728840413084055e-09,2.6755824389819883e-08
strength_lateral_HX_-2,TS-P004,N246,interior_applied_load,,-31.0,0.0,117.5,6.839200851257236e-08,-2.841103491310536,-3.5339972440358594e-08,5.593821339389753e-08,2.3920585903419163e-10,1.4399058015476276e-07
strength_lateral_HX_-2,TS-P005,N247,interior_applied_load,,-31.0,0.0,134.437,-1.3889098111398497e-13,-5.682206982361383,2.1511549421017962e-14,-7.209562108323904e-13,-1.6676771004871619e-15,-1.4229310726181578e-12
strength_lateral_HX_-2,TS-P006,N248,interior_applied_load,,-31.0,0.0,151.373,-4.055992572360445e-08,-2.841103490572562,-1.0086703196299229e-07,3.1490800847522316e-07,3.3171225022947415e-10,2.322413577560134e-07
strength_lateral_HX_-2,TS-P007,N483,interior_applied_load,,-31.0,0.0,153.373,-4.7529329761980025e-09,-10.758229169628057,-1.9483740427798282e-07,4.837717024830978e-08,5.39156979249693e-09,-3.0806398991112124e-07
strength_lateral_HX_-2,TS-P008,N91,interior_applied_load,,-21.323,0.0,115.0,3.6383958370136226e-12,-10.380379169027957,-7.717270937384056e-12,-2.4273470824664785e-13,-5.081307286115432e-11,1.6368312913570017e-11
strength_lateral_HX_-2,TS-P009,N267,interior_applied_load,,-10.146,-0.0,134.187,-8.614473875656627e-13,-9.507263382587034,8.453829051791747e-14,-5.26941961811311e-13,2.2164499237343392e-12,-1.1568888792997495e-12
strength_lateral_HX_-2,TS-P010,N92,interior_applied_load,,-3.528,0.0,115.0,8.149499916370943e-12,-8.068671842738718,5.5370907538325173e-11,2.7244543428138077e-13,-2.670761964437825e-10,-9.765992704824392e-11
strength_lateral_HX_-2,TS-P011,N484,interior_applied_load,,-3.528,0.0,153.373,-2.6750222251839852e-11,-15.759493784636287,-8.331430376664083e-13,6.071857629627361e-14,-8.433255569705446e-12,-8.041971432379485e-12
strength_lateral_HX_-2,TS-P012,N93,interior_applied_load,,0.031,0.0,115.0,-2.2960210203823987e-11,-5.379114615593874,-1.338881416552849e-10,1.237986219167604e-13,5.7710286167818174e-11,-7.869808545924882e-11
strength_lateral_HX_-2,TS-P013,N94,interior_applied_load,,10.708,0.0,115.0,-2.3234632451352155e-07,-8.068671844463957,-7.613083352620009e-08,-1.1877844424690309e-07,-6.285701008150553e-11,-8.228237563523422e-08
strength_lateral_HX_-2,TS-P014,N249,interior_applied_load,,10.708,0.0,117.5,1.6364241684452896e-07,-2.8411034905807906,-6.607145635261051e-08,1.6025351930242451e-07,2.962989148135346e-11,9.090706347453785e-08
strength_lateral_HX_-2,TS-P015,N250,interior_applied_load,,10.708,0.0,134.437,4.376230076726812e-14,-5.682206982364804,-6.99680277976049e-14,-2.162618123503429e-12,-2.3809996300120853e-15,6.39575187798082e-13
strength_lateral_HX_-2,TS-P016,N251,interior_applied_load,,10.708,0.0,151.373,-2.5436143412729817e-07,-2.841103491443474,-2.63340590479777e-07,-3.213671716240096e-08,-1.3193883503702827e-11,1.4858072638207487e-07
strength_lateral_HX_-2,TS-P017,N268,interior_applied_load,,10.708,-0.0,153.373,2.548035165860136e-07,-20.327552588197676,-2.575064652895138e-07,-1.71717461930442e-07,1.7694351277023858e-10,7.118225467192457e-08
strength_lateral_HX_-2,TS-P018,N95,interior_applied_load,,21.385,0.0,115.0,7.953015198443625e-12,-5.379114551016005,-1.8059213183089943e-10,-2.198609990764672e-13,-4.5144825811006335e-11,-7.386017100530618e-13
strength_lateral_HX_-2,TS-P019,N96,interior_applied_load,,24.944,0.0,115.0,-1.5131678917293116e-11,-8.068671939545348,8.860665584611631e-11,2.4057605597338797e-13,1.2278604095448325e-10,6.528373151019267e-11
strength_lateral_HX_-2,TS-P020,N485,interior_applied_load,,24.944,0.0,153.373,-8.049006911761105e-13,-16.13734368545094,3.1269407959230716e-12,-2.795502331230701e-11,-3.478595676288925e-11,-9.603475146402918e-11
strength_lateral_HX_-2,TS-P021,N269,interior_applied_load,,32.062,0.0,134.187,6.505112458052953e-12,-9.631383457315765,5.175979611839821e-13,-5.414021883825156e-12,3.069816332130982e-12,5.791080627572352e-13
strength_lateral_HX_-2,TS-P022,N97,interior_applied_load,,42.74,0.0,115.0,-2.239424693769262e-11,-10.75822913438955,-1.1729342233625979e-11,-3.426420936586709e-14,1.7528244930242765e-10,-7.971107134861404e-12
strength_lateral_HX_-2,TS-P023,N98,interior_applied_load,,53.417,0.0,115.0,-2.4522138719509805e-08,-17.70005526773478,3.605787758199392e-07,3.7596136102128287e-07,2.3159742701049809e-10,-1.9015305803433935e-07
strength_lateral_HX_-2,TS-P024,N252,interior_applied_load,,53.417,0.0,117.5,7.896623178061255e-08,-2.8411034917931164,-1.3414655247497318e-07,2.1370447993692091e-07,-2.418105041824583e-10,-3.7875467855501066e-08
strength_lateral_HX_-2,TS-P025,N253,interior_applied_load,,53.417,0.0,134.437,9.080194055205085e-13,-5.682206982361824,-1.2152232787059241e-14,2.2615659984604942e-12,-3.014136372355457e-14,2.839513628859429e-13
strength_lateral_HX_-2,TS-P026,N254,interior_applied_load,,53.417,0.0,151.373,8.707583080275194e-08,-2.84110348882607,5.256335077752361e-07,3.954362629565722e-07,-1.3856115825137367e-10,-4.307178246010235e-08
strength_lateral_HX_-2,TS-P027,N486,interior_applied_load,,53.417,0.0,153.373,-2.1808545514689483e-07,-21.516458303014247,-1.6584979652466165e-07,2.757808321878445e-07,3.5359508853489077e-10,6.47657999983933e-08
strength_lateral_HX_-2,TS-P028,N99,interior_applied_load,,64.094,0.0,115.0,-3.567329654179362e-11,-10.758229166668636,-1.5165771111025023e-12,3.6612488483314005e-11,6.877436782508626e-12,4.951235180400487e-12
strength_lateral_HX_-2,TS-P029,N270,interior_applied_load,,74.771,0.0,134.187,-5.138785585518933e-12,-9.631383457323896,3.6603094331379526e-13,-7.97255365006544e-12,-3.1754923652002002e-12,-8.507886326882857e-13
strength_lateral_HX_-2,TS-P030,N100,interior_applied_load,,81.889,0.0,115.0,4.169151263343111e-12,-8.068671842704308,-3.0256779839819825e-11,3.572294942933773e-14,3.493245208322597e-11,4.1640358703283046e-12
strength_lateral_HX_-2,TS-P031,N487,interior_applied_load,,81.889,0.0,153.373,2.7366984333954212e-11,-16.137343749984314,-3.596047018052001e-12,1.0100286113110131e-10,4.254173515039404e-11,2.393806829466388e-12
strength_lateral_HX_-2,TS-P032,N101,interior_applied_load,,85.448,0.0,115.0,-2.3186070753150238e-11,-5.37911458330783,2.096368761615347e-11,5.992727575759745e-14,6.991154878273521e-11,-6.148518800023352e-12
strength_lateral_HX_-2,TS-P033,N102,interior_applied_load,,96.125,0.0,115.0,-1.6300021954407384e-07,-8.068671938916319,-5.074860354170596e-08,-4.384270724244743e-08,2.572136427568397e-10,1.5013319831780336e-07
strength_lateral_HX_-2,TS-P034,N255,interior_applied_load,,96.125,0.0,117.5,2.0386214664389637e-07,-2.841103491455825,2.643220469012702e-08,-5.785064466096648e-08,-3.889359855257062e-10,1.1360090434729195e-07
strength_lateral_HX_-2,TS-P035,N256,interior_applied_load,,96.125,0.0,134.437,4.949737496489227e-13,-5.6822069823608885,-1.5981925504761608e-13,-1.1763802206640624e-12,-2.5140285550334384e-14,3.0377228325870473e-12
strength_lateral_HX_-2,TS-P036,N257,interior_applied_load,,96.125,0.0,151.373,-4.019955885392612e-07,-2.8411034934261155,2.4205931892229415e-07,1.9257218553114797e-07,-3.357020387203921e-10,-7.882843788831195e-08
strength_lateral_HX_-2,TS-P037,N271,interior_applied_load,,96.125,0.0,153.373,2.884802857595152e-07,-20.389612624545546,-2.491092258031321e-07,2.807875833160589e-07,-7.02615792308741e-11,3.9765951769982224e-07
strength_lateral_HX_-2,TS-P038,N103,interior_applied_load,,106.802,0.0,115.0,3.7459870844872385e-11,-5.379114583356792,-1.708169679384885e-12,-3.39312341021922e-14,-6.7968660047789055e-12,2.0204439557961934e-11
strength_lateral_HX_-2,TS-P039,N104,interior_applied_load,,110.361,0.0,115.0,-4.128721180725505e-11,-8.068671842725406,-1.4273246555320097e-11,-7.325211115726506e-14,-4.2275133909233895e-12,-8.637795315342892e-12
strength_lateral_HX_-2,TS-P040,N488,interior_applied_load,,110.361,0.0,153.373,2.289189049551765e-11,-16.137343750000213,3.6776243699962645e-13,-5.476437061253594e-14,-7.0943543655189144e-12,-1.0359964992724395e-11
strength_lateral_HX_-2,TS-P041,N272,interior_applied_load,,117.479,0.0,134.187,9.150801109805694e-12,-9.631383457323876,6.458679561520725e-14,5.102875235071666e-14,-4.41315264406759e-14,-2.9640811772799853e-13
strength_lateral_HX_-2,TS-P042,N105,interior_applied_load,,128.156,0.0,115.0,-5.440843060246548e-13,-10.758229166665625,9.000234699249662e-13,2.1657349328781795e-12,-1.3809770436702921e-12,-4.010659353738166e-12
strength_lateral_HX_-2,TS-P043,N106,interior_applied_load,,138.833,0.0,115.0,-6.064029151217721e-08,-17.700055267530708,4.065041422118654e-10,2.1648442932681725e-10,-2.1049804270168893e-09,-1.333129875818042e-07
strength_lateral_HX_-2,TS-P044,N258,interior_applied_load,,138.833,0.0,117.5,3.915389173094542e-08,-2.841103492619772,-2.5988766407539995e-09,1.7566711132393516e-09,2.38143090225179e-09,4.145944555870053e-08
strength_lateral_HX_-2,TS-P045,N259,interior_applied_load,,138.833,0.0,134.437,7.903999006777266e-13,-5.682206982360221,-2.8749538102602264e-14,-6.172688231860729e-14,1.642628095800235e-14,8.043329415347563e-13
strength_lateral_HX_-2,TS-P046,N260,interior_applied_load,,138.833,0.0,151.373,9.69845097616856e-08,-2.8411034929425782,3.622989618728978e-08,3.020686085986046e-08,-1.8700372949365146e-11,1.2125892911649117e-07
strength_lateral_HX_-2,TS-P047,N489,interior_applied_load,,138.833,0.0,153.373,2.497288376154162e-08,-21.516458300156973,1.1480017704689855e-09,2.9610200062121002e-08,-2.724616919844636e-10,-2.6665644199371026e-08
strength_lateral_HX_-2,TS-P048,N107,interior_applied_load,,149.51,0.0,115.0,4.081149315242032e-11,-10.758229134399828,9.790292461259045e-13,-1.1233268456429283e-12,-6.534344056569752e-12,6.0279008565077795e-12
strength_lateral_HX_-2,TS-P049,N273,interior_applied_load,,160.188,0.0,134.187,-4.591876230240305e-12,-9.631383457322404,3.2524102281518465e-14,-4.010625725451981e-12,-2.6440972785489964e-14,-1.0255768361592882e-12
strength_lateral_HX_-2,TS-P050,N108,interior_applied_load,,167.306,0.0,115.0,-3.794474229928342e-11,-8.06867193953048,-1.947844616174184e-12,7.030748482125777e-14,-2.730641671666304e-11,-2.8772585880957428e-11
strength_lateral_HX_-2,TS-P051,N490,interior_applied_load,,167.306,0.0,153.373,2.837531924080338e-11,-16.137343685449697,1.2053203663317195e-12,3.488954022685023e-12,-4.109026525976539e-12,-8.185690287328023e-11
strength_lateral_HX_-2,TS-P052,N109,interior_applied_load,,170.865,0.0,115.0,3.201158707450203e-11,-5.379114551021376,-1.5016621647396025e-12,-9.685769675303127e-14,-4.896501857337433e-11,-9.745644816639803e-11
strength_lateral_HX_-2,TS-P053,N110,interior_applied_load,,181.542,0.0,115.0,8.083587133000947e-08,-8.068671841327246,6.290203513614756e-08,2.835919610255644e-08,3.4955656504296064e-11,-6.36159747102738e-09
strength_lateral_HX_-2,TS-P054,N261,interior_applied_load,,181.542,0.0,117.5,-1.9935044046195774e-07,-2.8411034903688486,-2.8040474987014496e-08,-1.889909907953707e-08,-7.098689741818861e-11,2.849477859590667e-08
strength_lateral_HX_-2,TS-P055,N262,interior_applied_load,,181.542,0.0,134.437,5.593205824463767e-14,-5.682206982361558,-2.6629101902800074e-15,1.7697500502573424e-14,-8.63269340172359e-15,-3.3490425104508255e-12
strength_lateral_HX_-2,TS-P056,N263,interior_applied_load,,181.542,0.0,151.373,3.2155355287645515e-07,-2.8411034923536493,7.255436251796255e-10,-4.7013755555269654e-08,-5.1319968096401404e-11,8.567205420431656e-08
strength_lateral_HX_-2,TS-P057,N274,interior_applied_load,,181.542,0.0,153.373,-2.3474631540540864e-07,-20.327552590085993,3.8845934963454616e-08,-1.0201274992740487e-08,-8.796644638330106e-11,-3.3425082426823844e-07
strength_lateral_HX_-2,TS-P058,N111,interior_applied_load,,192.219,0.0,115.0,6.097623013611039e-12,-5.3791146155966745,5.064474727048982e-12,1.3425979950565483e-13,3.299925177175861e-11,-3.512984143452199e-11
strength_lateral_HX_-2,TS-P059,N112,interior_applied_load,,195.778,0.0,115.0,-1.380788361066194e-11,-8.068671842718121,-1.5065508893562223e-11,-1.0901949910419856e-13,4.815035374704151e-11,-2.5964212172794128e-11
strength_lateral_HX_-2,TS-P060,N491,interior_applied_load,,195.778,0.0,153.373,9.758417174507432e-12,-15.759493784644246,-2.5284600988213706e-12,1.1216769335285402e-13,-4.769549045436281e-11,5.5387011388421645e-11
strength_lateral_HX_-2,TS-P061,N275,interior_applied_load,,202.396,0.0,134.187,7.976903422083024e-13,-9.50726338258659,-3.011394458199129e-14,-6.790019254554328e-13,-5.49483685619401e-13,6.048858055749806e-12
strength_lateral_HX_-2,TS-P062,N113,interior_applied_load,,213.573,0.0,115.0,1.5596606040722575e-11,-10.380379169018983,6.739379961564967e-13,-5.685017344532091e-15,-7.819320804822746e-12,-5.6473637734941715e-11
strength_lateral_HX_-2,TS-P063,N114,interior_applied_load,,223.25,0.0,115.0,4.8378362219101114e-08,-8.787967661212283,-2.0811630011055596e-08,-4.089413317375443e-08,-1.3698830885483852e-09,-1.7383744101975321e-07
strength_lateral_HX_-2,TS-P064,N264,interior_applied_load,,223.25,0.0,117.5,-7.166596229545561e-08,-2.841103491834394,9.37589900467227e-09,-4.455541759580388e-09,1.1054178298848657e-11,-3.567599339866511e-08
strength_lateral_HX_-2,TS-P065,N265,interior_applied_load,,223.25,0.0,134.437,-3.856033476182651e-13,-5.682206982362923,-7.175887557570032e-14,1.204274891955847e-12,1.564369108139229e-14,-3.6179756230362524e-12
strength_lateral_HX_-2,TS-P066,N266,interior_applied_load,,223.25,0.0,151.373,8.8791503680824e-08,-2.84110349229237,2.023728277317227e-08,-4.514047927117737e-09,-1.272384262896887e-11,3.580056682356281e-08
strength_lateral_HX_-2,TS-P067,N492,interior_applied_load,,223.25,0.0,153.373,-3.3372934080469485e-07,-10.75822916039028,-2.020201166996623e-08,1.4315942160125587e-08,2.9674075402022887e-10,1.6639993350400028e-07
strength_lateral_HX_-2,TS-P068,N68,interface_action,BR-E-ground-1; S3; T-E,224.25,0.0,115.0,389.932159603452,473.1057825990371,1.432160008424275,6.469216945854296,-790.9146022104293,-713.1273670721565
strength_lateral_HX_-2,TS-P069,N70,interface_action,BR-R-main-2; S3; T-E top / segment 1; T-E vertical 2,224.25,0.0,153.373,-124.24031575303609,-246.88259606901968,-14.722439646593747,267.06918148612834,-798.585713881661,530.5704643368343
lateral_HZ,TS-P001,N5,interface_action,T-W / B-WO; T-W diagonal 9; T-W vertical 2; W1,-32.0,0.0,115.0,-110.95724901263611,496.4362367131363,1.4771422465942696,-27.793943148130584,339.17219873921704,943.4756608442234
lateral_HZ,TS-P002,N7,interface_action,BR-R-main-1; T-W top / segment 1; T-W vertical 2; W1,-32.0,0.0,153.373,44.585142668523964,-252.29860079247837,-4.274254349248442,201.3468578638083,-59.14257438425957,-805.8778268188025
lateral_HZ,TS-P003,N90,interior_applied_load,,-31.0,0.0,115.0,-1.175205160832099e-08,-7.32330638478987,-4.334034739438296e-09,-3.846696123853165e-09,-3.54467298048659e-10,5.6227370847613036e-08
lateral_HZ,TS-P004,N246,interior_applied_load,,-31.0,0.0,117.5,6.038007598974091e-09,-2.3675862428738164,1.6316243859771464e-09,7.439264933559361e-10,2.0617215333309288e-11,2.4172752651532027e-08
lateral_HZ,TS-P005,N247,interior_applied_load,,-31.0,0.0,134.437,2.0146996419546158e-14,-4.735172485301223,-1.941909108933497e-14,1.5354959198787059e-13,7.937133267550198e-15,-1.7856119279857557e-13
lateral_HZ,TS-P006,N248,interior_applied_load,,-31.0,0.0,151.373,-2.9225909192742705e-10,-2.367586243394534,2.053375881827524e-08,3.510959176167283e-08,3.7258086301831306e-11,1.6958645737696898e-08
lateral_HZ,TS-P007,N483,interior_applied_load,,-31.0,0.0,153.373,3.0171307001056315e-09,-8.965190969614909,-3.252252852797305e-08,2.6023142627095284e-08,9.467028940028017e-11,-1.1472996049924701e-09
lateral_HZ,TS-P008,N91,interior_applied_load,,-21.323,0.0,115.0,-1.4304962764129785e-12,-8.650315974199826,2.2563149687290244e-13,-1.7382688264695606e-13,2.3008202791664123e-12,6.073808699748395e-11
lateral_HZ,TS-P009,N267,interior_applied_load,,-10.146,-0.0,134.187,6.283066350602632e-13,-7.922719485490102,-4.092790491288444e-14,-1.7678764923708093e-13,1.5955236609093996e-13,1.1746874401087657e-12
lateral_HZ,TS-P010,N92,interior_applied_load,,-3.528,0.0,115.0,-3.006580593026079e-12,-6.723893202269024,1.1977176224382266e-12,1.9720802048946752e-13,-7.514589569306478e-12,-1.0701074428913597e-10
lateral_HZ,TS-P011,N484,interior_applied_load,,-3.528,0.0,153.373,1.039514672874106e-15,-13.132911487196573,-3.880883237410714e-13,2.0115882172151432e-13,2.9735635282266237e-12,8.699739847827108e-13
lateral_HZ,TS-P012,N93,interior_applied_load,,0.031,0.0,115.0,-1.8529297276957955e-12,-4.482595512994882,-3.6280673050246092e-12,1.4689456835926945e-13,5.331606161193952e-12,-4.1068520017231993e-11
lateral_HZ,TS-P013,N94,interior_applied_load,,10.708,0.0,115.0,-2.2553311607165227e-08,-6.7238932030900065,1.0540597839003851e-08,5.368982092246455e-09,-2.6331238301542442e-11,8.355852482155868e-09
lateral_HZ,TS-P014,N249,interior_applied_load,,10.708,0.0,117.5,1.3511323820219082e-08,-2.3675862428587133,-7.1186298694267745e-09,-3.726307849708742e-09,5.5845768866228603e-11,-2.6113316183097272e-09
lateral_HZ,TS-P015,N250,interior_applied_load,,10.708,0.0,134.437,7.747537263372311e-15,-4.735172485305252,3.6425963657935974e-14,-3.5249392068573984e-13,-2.797594713952102e-15,-5.204497580471911e-14
lateral_HZ,TS-P016,N251,interior_applied_load,,10.708,0.0,151.373,-9.700630713635472e-09,-2.3675862451174656,-6.280712130241062e-08,1.2798650889100927e-09,-1.1697561163288661e-11,1.2598294091975548e-08
lateral_HZ,TS-P017,N268,interior_applied_load,,10.708,-0.0,153.373,2.023107759130462e-08,-16.93962715408577,-4.790101505123837e-08,-3.61756846995643e-08,-3.1056679969929154e-12,1.2934795032071087e-08
lateral_HZ,TS-P018,N95,interior_applied_load,,21.385,0.0,115.0,2.931210327989285e-12,-4.482595459185254,-2.6264184459846734e-11,-1.6863226466097477e-13,1.839697270054279e-11,-6.386752441080784e-11
lateral_HZ,TS-P019,N96,interior_applied_load,,24.944,0.0,115.0,-3.21405702038057e-12,-6.723893282953197,1.1961646879436397e-11,7.749758210304206e-14,6.029203419523202e-12,6.924716491043052e-12
lateral_HZ,TS-P020,N485,interior_applied_load,,24.944,0.0,153.373,1.5195798531564132e-12,-13.447786404544924,-1.1341494164979035e-12,-8.525501768012849e-13,-3.195029919706716e-11,8.01344983403322e-11
lateral_HZ,TS-P021,N269,interior_applied_load,,32.062,0.0,134.187,-1.6852602664581723e-12,-8.026152881097914,1.81915551937637e-14,7.723131695983765e-13,1.7426401009016412e-12,-3.9728706204790403e-13
lateral_HZ,TS-P022,N97,interior_applied_load,,42.74,0.0,115.0,-7.870189547897633e-13,-8.965190945325281,-5.436012772171829e-12,-1.1490766110893972e-13,3.150402518020625e-11,-1.1427314599753014e-11
lateral_HZ,TS-P023,N98,interior_applied_load,,53.417,0.0,115.0,-7.382881944990689e-09,-14.750046054535124,9.481454445748393e-08,1.4891898162683487e-07,-9.420752117948292e-11,-1.3518446612873103e-08
lateral_HZ,TS-P024,N252,interior_applied_load,,53.417,0.0,117.5,-1.7448232686495696e-08,-2.3675862442239892,-6.132798874755649e-08,7.095039236160329e-08,9.33790583012669e-11,-2.392936223195133e-08
lateral_HZ,TS-P025,N253,interior_applied_load,,53.417,0.0,134.437,1.5475269320073002e-14,-4.735172485301457,5.749035070875293e-14,-3.4089074361810387e-13,1.962914748825263e-14,2.959957069861344e-13
lateral_HZ,TS-P026,N254,interior_applied_load,,53.417,0.0,151.373,-1.0858399977775601e-09,-2.36758624401257,5.12765596927256e-08,1.5247480777969002e-08,2.1970173387285997e-10,4.138742772108461e-09
lateral_HZ,TS-P027,N486,interior_applied_load,,53.417,0.0,153.373,-1.4213396887248248e-09,-17.93038191885147,2.4331338608868074e-08,-3.923378949869017e-08,-1.030352643466028e-10,8.538776339950886e-10
lateral_HZ,TS-P028,N99,interior_applied_load,,64.094,0.0,115.0,-1.0820126128968346e-11,-8.96519097222311,1.3104916432758901e-12,8.841009357846494e-12,7.028870509383246e-12,5.115418611885041e-12
lateral_HZ,TS-P029,N270,interior_applied_load,,74.771,0.0,134.187,4.649815122483515e-13,-8.026152881100725,-5.064127204415971e-13,-7.910159135664475e-12,-4.565385220666309e-13,-1.0457452264740382e-13
lateral_HZ,TS-P030,N100,interior_applied_load,,81.889,0.0,115.0,1.2253295733228765e-12,-6.723893202255518,-5.7698280414093815e-11,-4.2007811535010925e-13,2.684712784351845e-12,-1.0045809980638423e-12
lateral_HZ,TS-P031,N487,interior_applied_load,,81.889,0.0,153.373,1.3488430722623213e-12,-13.447786458332242,6.261712338132664e-13,-8.14723474754448e-12,-2.487069638276186e-11,7.633373164166044e-12
lateral_HZ,TS-P032,N101,interior_applied_load,,85.448,0.0,115.0,1.6461991295180168e-12,-4.4825954861478365,2.6708410318851812e-11,1.7227873253730914e-13,-2.924719957038744e-11,-6.416258132448813e-11
lateral_HZ,TS-P033,N102,interior_applied_load,,96.125,0.0,115.0,-3.01151614756634e-09,-6.723893283404878,1.2703461393925863e-07,2.32849100001431e-08,9.642707504013061e-12,5.825008142501531e-09
lateral_HZ,TS-P034,N255,interior_applied_load,,96.125,0.0,117.5,7.4273570012444764e-09,-2.3675862429321644,-1.6340369551330703e-08,-5.875899712405009e-08,1.692158741185852e-10,1.5205250181898975e-08
lateral_HZ,TS-P035,N256,interior_applied_load,,96.125,0.0,134.437,2.5556956835003045e-14,-4.735172485305265,1.070489065803799e-13,-3.868922672026911e-12,1.8731354261923955e-14,5.956032872126554e-14
lateral_HZ,TS-P036,N257,interior_applied_load,,96.125,0.0,151.373,-3.3674313948406365e-08,-2.3675862432892574,1.2280616035198477e-07,1.823039763593215e-08,1.0952045103757813e-10,7.768902188232119e-10
lateral_HZ,TS-P037,N271,interior_applied_load,,96.125,0.0,153.373,1.4459988626578863e-08,-16.991343853845056,-1.230501317814503e-07,3.2347075048869163e-07,1.7388113082203673e-10,7.8035040034392e-08
lateral_HZ,TS-P038,N103,interior_applied_load,,106.802,0.0,115.0,1.3348359175627166e-12,-4.482595486114239,1.3664390690725188e-11,9.403269203915663e-14,1.3488331674244025e-10,1.1436913007305418e-10
lateral_HZ,TS-P039,N104,interior_applied_load,,110.361,0.0,115.0,-7.284082756175588e-13,-6.72389320226504,-2.9745348711687694e-11,1.3123854154353252e-13,1.2732624562934226e-10,6.116280348428829e-12
lateral_HZ,TS-P040,N488,interior_applied_load,,110.361,0.0,153.373,1.7642448276609036e-12,-13.447786458332315,-2.4386505298891857e-12,-1.4671059129955738e-13,5.88889401252064e-11,-3.287125717860175e-11
lateral_HZ,TS-P041,N272,interior_applied_load,,117.479,0.0,134.187,2.1053504869414968e-12,-8.026152881100343,2.6161662639278668e-14,-1.8481593330746383e-12,-1.969867829938334e-12,-2.4200769905730115e-13
lateral_HZ,TS-P042,N105,interior_applied_load,,128.156,0.0,115.0,-5.994957238942263e-13,-8.965190972222592,-1.7899600758431103e-12,-1.2742892466158831e-12,4.065984845902009e-12,-1.0116051240027213e-12
lateral_HZ,TS-P043,N106,interior_applied_load,,138.833,0.0,115.0,-1.8098365172641978e-10,-14.750046055889227,-2.858094223863159e-08,-1.6101765270030072e-07,2.8293030275265085e-09,1.1401165602835066e-08
lateral_HZ,TS-P044,N258,interior_applied_load,,138.833,0.0,117.5,-3.1233939297852542e-09,-2.3675862437515898,2.7941665129685144e-08,3.901282161155799e-08,-7.207989833104506e-09,4.403848823585915e-09
lateral_HZ,TS-P045,N259,interior_applied_load,,138.833,0.0,134.437,-3.2090654218092904e-14,-4.735172485303924,-7.245006225364405e-14,1.0316115295357257e-12,6.0852520777031325e-15,3.895823655175554e-13
lateral_HZ,TS-P046,N260,interior_applied_load,,138.833,0.0,151.373,5.211534200716406e-09,-2.36758624395922,-6.502762556204189e-08,-1.7948006669765704e-07,3.8623943450593636e-11,6.498556436029812e-09
lateral_HZ,TS-P047,N489,interior_applied_load,,138.833,0.0,153.373,-7.123080652057235e-09,-17.930381917008024,-1.6242546156972723e-07,8.741207180788186e-08,9.514552821284222e-11,1.5458254397898124e-08
lateral_HZ,TS-P048,N107,interior_applied_load,,149.51,0.0,115.0,6.666560892582074e-13,-8.965190945325004,-1.1912765395628621e-11,4.453427297317755e-11,-1.2788147132443933e-11,-1.1928154948711751e-11
lateral_HZ,TS-P049,N273,interior_applied_load,,160.188,0.0,134.187,-4.3070499301126776e-13,-8.026152881099463,7.640464231582991e-13,1.466429922729389e-12,1.3073725659672608e-11,-2.877492192047962e-14
lateral_HZ,TS-P050,N108,interior_applied_load,,167.306,0.0,115.0,-2.9685517900421297e-13,-6.723893282911883,1.3134230005878262e-11,-8.732464135691532e-14,6.419172635101002e-11,-1.242734217257071e-10
lateral_HZ,TS-P051,N490,interior_applied_load,,167.306,0.0,153.373,4.32689131309864e-12,-13.447786404541299,7.2540058428106814e-12,6.3478688576778075e-12,-3.014912599101816e-11,-5.229901264259687e-11
lateral_HZ,TS-P052,N109,interior_applied_load,,170.865,0.0,115.0,2.70237593120922e-12,-4.4825954591824155,-7.490837179279625e-11,-2.8028213427010943e-13,1.851750032672214e-11,-5.2831355999742735e-11
lateral_HZ,TS-P053,N110,interior_applied_load,,181.542,0.0,115.0,3.28073213040625e-08,-6.7238932011634605,-1.5228206318163018e-07,-2.492545392307477e-09,-4.199835893777989e-11,-2.0082879359506478e-08
lateral_HZ,TS-P054,N261,interior_applied_load,,181.542,0.0,117.5,-2.522160115508594e-08,-2.367586243784606,7.850475230984911e-08,9.307962846789565e-09,7.206911067361221e-11,-2.93284238263204e-08
lateral_HZ,TS-P055,N262,interior_applied_load,,181.542,0.0,134.437,8.619019330740248e-15,-4.735172485298908,1.319122317298926e-13,-1.1740019031056693e-12,-1.7839859546451727e-15,1.6327610598079344e-15
lateral_HZ,TS-P056,N263,interior_applied_load,,181.542,0.0,151.373,2.3737367989620783e-08,-2.367586245000577,-2.756978051028647e-07,-1.3056064722405392e-08,-7.6345666220395e-12,8.583500483300144e-09
lateral_HZ,TS-P057,N274,interior_applied_load,,181.542,0.0,153.373,-2.0971853792916757e-08,-16.93962715459265,1.4407796744582347e-07,-2.9406267783696675e-07,-2.4368714560604795e-10,-3.724599219222296e-08
lateral_HZ,TS-P058,N111,interior_applied_load,,192.219,0.0,115.0,-3.470833533784097e-13,-4.482595513001503,-5.1047446625125185e-11,3.570120383895656e-14,-1.0527940916904779e-10,-2.4478692874794285e-11
lateral_HZ,TS-P059,N112,interior_applied_load,,195.778,0.0,115.0,2.1635093638372033e-12,-6.723893202278427,-2.082141265934478e-12,-2.6401444024833756e-14,-1.681497953815136e-10,2.970015537889e-12
lateral_HZ,TS-P060,N491,interior_applied_load,,195.778,0.0,153.373,1.0083106720316201e-12,-13.132911487198692,-6.511506688994078e-12,-1.4456106791985952e-14,-5.0500719930934085e-11,4.310886402883753e-12
lateral_HZ,TS-P061,N275,interior_applied_load,,202.396,0.0,134.187,-1.2119654447830708e-12,-7.922719485488651,2.4821488086080264e-14,3.787236934434822e-13,-9.510249165278348e-13,6.590941980540408e-13
lateral_HZ,TS-P062,N113,interior_applied_load,,213.573,0.0,115.0,8.28943672786542e-13,-8.650315974194053,5.0330424143135134e-12,-2.134118472524522e-14,7.839792230973267e-11,-1.9161772916207855e-11
lateral_HZ,TS-P063,N114,interior_applied_load,,223.25,0.0,115.0,2.2147264527462906e-10,-7.323306384499397,1.502224764469371e-07,1.6056570358636546e-07,2.1905711286867715e-09,-4.100996497279108e-09
lateral_HZ,TS-P064,N264,interior_applied_load,,223.25,0.0,117.5,1.693274843301708e-09,-2.36758624344932,-1.0017231293762884e-07,2.1141012567239473e-08,-1.9733709690636954e-11,-5.803212879884778e-10
lateral_HZ,TS-P065,N265,interior_applied_load,,223.25,0.0,134.437,-3.9227959651882424e-14,-4.735172485302708,1.7767781679307425e-13,-5.715807928341586e-12,-7.598642413942948e-15,9.449687277058398e-14
lateral_HZ,TS-P066,N266,interior_applied_load,,223.25,0.0,151.373,2.20888367631622e-08,-2.3675862443913998,-3.51301002336768e-07,-5.996573655686621e-08,-4.0915658410197586e-11,-4.791783712876363e-09
lateral_HZ,TS-P067,N492,interior_applied_load,,223.25,0.0,153.373,-3.2333385083932464e-08,-8.965190972444454,1.1427160217858858e-07,-3.577251283313249e-07,1.049415960960638e-08,-1.269645880419615e-09
lateral_HZ,TS-P068,N68,interface_action,BR-E-ground-1; S3; T-E,224.25,0.0,115.0,129.01162977617116,398.66849756725225,5.854810518585784,142.5434921784731,260.3160270136111,-809.8151286657364
lateral_HZ,TS-P069,N70,interface_action,BR-R-main-2; S3; T-E top / segment 1; T-E vertical 2,224.25,0.0,153.373,-62.639523421656484,-159.12624290722556,-3.057697590017324,-34.74738722136938,176.41441837619863,568.1997668670722
strength_lateral_HZ_1,TS-P001,N5,interface_action,T-W / B-WO; T-W diagonal 9; T-W vertical 2; W1,-32.0,0.0,115.0,-134.7600596471041,593.6220604350931,2.1546138809179936,-29.398237186677964,367.5676344495945,1118.824957962618
strength_lateral_HZ_1,TS-P002,N7,interface_action,BR-R-main-1; T-W top / segment 1; T-W vertical 2; W1,-32.0,0.0,153.373,49.53710300850165,-301.6284254443784,-5.021604286944415,243.2978047254629,-93.46772249512493,-964.6097979118132
strength_lateral_HZ_1,TS-P003,N90,interior_applied_load,,-31.0,0.0,115.0,1.0993136415167118e-08,-8.787967660401268,6.566220983577692e-09,4.194874403358923e-09,4.1145323152450605e-10,2.4153915692202562e-08
strength_lateral_HZ_1,TS-P004,N246,interior_applied_load,,-31.0,0.0,117.5,-2.3885739303991253e-08,-2.8411034912805344,-1.7972314046507653e-09,2.322486362907433e-09,2.0764561002973246e-11,8.484092194045841e-09
strength_lateral_HZ_1,TS-P005,N247,interior_applied_load,,-31.0,0.0,134.437,-9.6194932648124e-15,-5.682206982363043,-3.867496052825777e-15,-1.3546233793032072e-13,6.707761104075224e-15,-1.1412448180767502e-13
strength_lateral_HZ_1,TS-P006,N248,interior_applied_load,,-31.0,0.0,151.373,-4.323078395263025e-09,-2.841103492793503,-6.511988212554165e-09,5.029626556907196e-08,4.068819829532969e-11,1.4057923158894425e-08
strength_lateral_HZ_1,TS-P007,N483,interior_applied_load,,-31.0,0.0,153.373,1.941285681459039e-09,-10.758229163192054,-6.389036972983495e-10,3.6498621845124784e-08,-2.270413735338991e-09,-2.2894538255786503e-10
strength_lateral_HZ_1,TS-P008,N91,interior_applied_load,,-21.323,0.0,115.0,-1.9199032687398363e-12,-10.380379169028986,3.350759377313822e-13,-1.562743601058918e-13,3.3607409031507937e-12,-1.5950215747168998e-11
strength_lateral_HZ_1,TS-P009,N267,interior_applied_load,,-10.146,-0.0,134.187,-2.1822146188543213e-14,-9.507263382587636,-4.182699487899438e-14,1.6771122348453585e-13,-2.2542327292493338e-13,5.12203538432904e-13
strength_lateral_HZ_1,TS-P010,N92,interior_applied_load,,-3.528,0.0,115.0,2.0356010622207718e-12,-8.068671842752572,1.831954029097593e-12,1.4399216994538667e-13,-4.468990289025721e-12,-1.7322262372775587e-10
strength_lateral_HZ_1,TS-P011,N484,interior_applied_load,,-3.528,0.0,153.373,2.9220419690959296e-13,-15.759493784635463,-6.090354821340939e-13,5.70580603874254e-14,2.903888086261634e-12,-2.1728094624795004e-13
strength_lateral_HZ_1,TS-P012,N93,interior_applied_load,,0.031,0.0,115.0,3.043028321846056e-12,-5.3791146155750384,-3.921858555926962e-12,2.2654372910804165e-13,2.9329156619699484e-12,-5.663356304334837e-11
strength_lateral_HZ_1,TS-P013,N94,interior_applied_load,,10.708,0.0,115.0,-2.3072098120913154e-09,-8.068671841195568,7.2898779235330835e-09,1.2283715433714093e-08,-6.219578345659791e-11,-3.075122548268361e-08
strength_lateral_HZ_1,TS-P014,N249,interior_applied_load,,10.708,0.0,117.5,-1.8831801204048725e-09,-2.8411034918949984,-3.138813653070485e-09,1.0750048010813622e-08,1.3840712793469865e-10,-1.7805021524037556e-08
strength_lateral_HZ_1,TS-P015,N250,interior_applied_load,,10.708,0.0,134.437,2.4660481193787453e-14,-5.682206982362677,-1.615603555152844e-14,-5.811176530157474e-13,3.6473831769686e-15,-3.4459551613845545e-13
strength_lateral_HZ_1,TS-P016,N251,interior_applied_load,,10.708,0.0,151.373,5.794892024568732e-09,-2.8411034929620427,2.8215032935041684e-08,-5.197049371408191e-08,3.465084178147355e-11,1.0261821670187743e-09
strength_lateral_HZ_1,TS-P017,N268,interior_applied_load,,10.708,-0.0,153.373,1.386339921510704e-09,-20.327552586871235,-1.2515415169519986e-07,-4.655347051839672e-08,-4.4946801851630655e-11,3.4070684504688983e-10
strength_lateral_HZ_1,TS-P018,N95,interior_applied_load,,21.385,0.0,115.0,-9.400849300158053e-13,-5.37911455104692,-1.277971321281243e-11,2.7317954878989474e-13,-5.2877296513749954e-12,1.9701378547972548e-11
strength_lateral_HZ_1,TS-P019,N96,interior_applied_load,,24.944,0.0,115.0,2.666258169359096e-12,-8.068671939532306,6.57614304073951e-12,-1.437667274695331e-13,-6.718648969803892e-12,-9.25833651758591e-13
strength_lateral_HZ_1,TS-P020,N485,interior_applied_load,,24.944,0.0,153.373,1.9733435971120142e-12,-16.13734368544978,-8.527491080898127e-13,-2.9375504342822294e-12,-1.8696658680719746e-11,3.569558301162287e-11
strength_lateral_HZ_1,TS-P021,N269,interior_applied_load,,32.062,0.0,134.187,-2.6874104314852475e-12,-9.631383457318403,1.052830020811625e-14,2.370847966122681e-12,2.5441601024512952e-12,6.375734986861622e-14
strength_lateral_HZ_1,TS-P022,N97,interior_applied_load,,42.74,0.0,115.0,-2.6803620184982974e-12,-10.758229134390772,-3.810178439804416e-12,-5.36443367882707e-14,1.6646125548389857e-11,-5.4029824406786663e-11
strength_lateral_HZ_1,TS-P023,N98,interior_applied_load,,53.417,0.0,115.0,-1.4476918835111774e-08,-17.700055269208743,5.116558053597284e-08,-1.0582305692022864e-08,-3.063592738064332e-11,3.4832462199850033e-09
strength_lateral_HZ_1,TS-P024,N252,interior_applied_load,,53.417,0.0,117.5,-1.2272379370681431e-08,-2.8411034901803474,2.1074317342797763e-08,7.512745641983447e-09,1.24392267255233e-10,-3.043016451824621e-08
strength_lateral_HZ_1,TS-P025,N253,interior_applied_load,,53.417,0.0,134.437,5.317788733784877e-14,-5.682206982362476,-1.1981261869952383e-13,9.287728496361822e-13,2.075081462963749e-14,-1.5082527094905632e-13
strength_lateral_HZ_1,TS-P026,N254,interior_applied_load,,53.417,0.0,151.373,-2.2631214575963288e-09,-2.841103489453535,1.686386278537677e-07,1.468846871632845e-07,2.298684474684133e-10,1.896798711154002e-09
strength_lateral_HZ_1,TS-P027,N486,interior_applied_load,,53.417,0.0,153.373,2.5743664520826255e-09,-21.516458303166395,-1.5045213628718471e-07,8.093267826676976e-08,4.4282299315451644e-11,4.433447355807081e-09
strength_lateral_HZ_1,TS-P028,N99,interior_applied_load,,64.094,0.0,115.0,-8.221401974496871e-12,-10.758229166667032,5.073099867734835e-13,-3.2499237411094925e-11,-2.32627253612967e-13,-7.751671757152438e-12
strength_lateral_HZ_1,TS-P029,N270,interior_applied_load,,74.771,0.0,134.187,1.195576471161439e-12,-9.631383457322322,-5.502072402506707e-13,-3.363278852327182e-14,-4.475440681806911e-12,-1.7003978064363423e-13
strength_lateral_HZ_1,TS-P030,N100,interior_applied_load,,81.889,0.0,115.0,1.2003158691733482e-12,-8.0686718426943,-7.574128930856852e-11,3.594185872717108e-15,6.86353981467542e-11,1.4269320178184095e-11
strength_lateral_HZ_1,TS-P031,N487,interior_applied_load,,81.889,0.0,153.373,1.5853534891208922e-12,-16.137343750001058,5.892705655464411e-12,7.266024258107189e-12,-3.2696092171697344e-11,6.1626976755949645e-12
strength_lateral_HZ_1,TS-P032,N101,interior_applied_load,,85.448,0.0,115.0,-8.112550649950896e-13,-5.379114583348775,1.3215621190860148e-11,-3.2845920545246394e-13,1.693327692565342e-10,-5.2087869691216227e-11
strength_lateral_HZ_1,TS-P033,N102,interior_applied_load,,96.125,0.0,115.0,-1.1898516394381886e-08,-8.068671941270434,1.4889770127979318e-07,4.429811717443499e-08,3.97862570072894e-11,1.5011025977784698e-08
strength_lateral_HZ_1,TS-P034,N255,interior_applied_load,,96.125,0.0,117.5,7.768900022017733e-09,-2.841103491611155,-5.992777211660633e-08,3.221763338717566e-08,4.552281273455072e-11,6.374332005008011e-09
strength_lateral_HZ_1,TS-P035,N256,interior_applied_load,,96.125,0.0,134.437,3.104718115038722e-14,-5.68220698236397,5.3758843364910346e-14,-3.432341696598413e-12,2.4709691330063898e-14,-2.671258279706024e-13
strength_lateral_HZ_1,TS-P036,N257,interior_applied_load,,96.125,0.0,151.373,5.309167860900743e-08,-2.841103493614715,2.5386462754184436e-07,1.0342962308840242e-07,1.1327061172049348e-10,-6.018121467832316e-08
strength_lateral_HZ_1,TS-P037,N271,interior_applied_load,,96.125,0.0,153.373,-6.036767856003212e-08,-20.38961262494542,-5.245957986004258e-07,4.861443693762008e-07,-1.4785944308645823e-10,3.482976933975629e-09
strength_lateral_HZ_1,TS-P038,N103,interior_applied_load,,106.802,0.0,115.0,1.6437097100627276e-12,-5.379114583331158,-1.243847079925899e-11,2.2734085424478728e-13,3.367109859536902e-11,-1.3742006176545743e-11
strength_lateral_HZ_1,TS-P039,N104,interior_applied_load,,110.361,0.0,115.0,-1.8537412992446852e-12,-8.068671842699187,-4.365251464008407e-11,-2.4912536453390234e-13,1.1228736541186052e-10,4.9519170297540614e-11
strength_lateral_HZ_1,TS-P040,N488,interior_applied_load,,110.361,0.0,153.373,1.0067564296076323e-12,-16.13734374999759,-1.572966690744539e-11,-1.3514540525505423e-13,-6.888940195005757e-11,-2.181976708627169e-11
strength_lateral_HZ_1,TS-P041,N272,interior_applied_load,,117.479,0.0,134.187,-2.3963041667799853e-12,-9.631383457319313,-6.805853562130297e-13,-3.4724776531769285e-12,-6.436828096856711e-12,-7.81825546210991e-14
strength_lateral_HZ_1,TS-P042,N105,interior_applied_load,,128.156,0.0,115.0,-1.6240285128204778e-13,-10.758229166665338,2.847141975530731e-12,-1.1346809893247054e-12,-1.7681456604285253e-12,7.551205317460881e-12
strength_lateral_HZ_1,TS-P043,N106,interior_applied_load,,138.833,0.0,115.0,6.754765818575215e-10,-17.70005526749465,1.8127731156661356e-08,-3.827405591025879e-08,-3.85372597832036e-09,1.4280454169709402e-08
strength_lateral_HZ_1,TS-P044,N258,interior_applied_load,,138.833,0.0,117.5,-6.48023074878535e-09,-2.841103490188908,-9.024158995669824e-08,2.930670959909807e-08,-7.578791458318758e-10,8.91771451480963e-09
strength_lateral_HZ_1,TS-P045,N259,interior_applied_load,,138.833,0.0,134.437,1.7501852447086504e-14,-5.682206982362051,-2.4423478010609024e-13,1.4393221197154001e-12,-5.285869873197445e-15,4.30154481678051e-13
strength_lateral_HZ_1,TS-P046,N260,interior_applied_load,,138.833,0.0,151.373,-4.860986346083562e-09,-2.841103492763803,-6.162802537734713e-08,6.3533218963574e-08,4.4826051961070306e-11,-1.8040063817781338e-09
strength_lateral_HZ_1,TS-P047,N489,interior_applied_load,,138.833,0.0,153.373,-3.3754624715367236e-09,-21.516458300265043,1.5628855059060713e-07,9.857899081591273e-09,1.2197851326904656e-10,1.5616068672181485e-08
strength_lateral_HZ_1,TS-P048,N107,interior_applied_load,,149.51,0.0,115.0,1.8730744382514027e-12,-10.758229134383786,-8.91522031951042e-12,1.9376568252908364e-11,3.88616643890268e-11,-6.213372440544751e-12
strength_lateral_HZ_1,TS-P049,N273,interior_applied_load,,160.188,0.0,134.187,7.777438527197327e-13,-9.631383457319211,5.626193332586512e-13,1.5727339783803953e-12,1.119727580760481e-11,-6.945394115351169e-13
strength_lateral_HZ_1,TS-P050,N108,interior_applied_load,,167.306,0.0,115.0,-2.950137828049455e-12,-8.068671939472626,3.8347415496556537e-16,-3.498414880710949e-13,1.0277787502282503e-10,3.329676623874061e-11
strength_lateral_HZ_1,TS-P051,N490,interior_applied_load,,167.306,0.0,153.373,3.722200367406066e-12,-16.1373436854484,9.668375400384865e-12,1.2141574295567217e-11,-1.0428974351085351e-10,-5.1593384400696494e-11
strength_lateral_HZ_1,TS-P052,N109,interior_applied_load,,170.865,0.0,115.0,2.298645044804359e-12,-5.379114551050922,1.7371103960761167e-11,-5.902000339343673e-14,1.199242457393701e-10,-8.789760822401953e-11
strength_lateral_HZ_1,TS-P053,N110,interior_applied_load,,181.542,0.0,115.0,-2.569385060269269e-08,-8.068671843455082,-1.9159487973929856e-07,5.330002894599062e-08,-3.911436508398834e-11,5.451229867503571e-08
strength_lateral_HZ_1,TS-P054,N261,interior_applied_load,,181.542,0.0,117.5,3.8391009551145514e-08,-2.8411034919760123,6.476551197661424e-08,1.4311054779646467e-07,3.3265070220616814e-11,5.1634203403698476e-08
strength_lateral_HZ_1,TS-P055,N262,interior_applied_load,,181.542,0.0,134.437,5.487242956689477e-15,-5.6822069823657815,-1.8281469648246503e-13,-2.4886820724538785e-12,-2.8924037090194194e-15,-5.949386888823536e-14
strength_lateral_HZ_1,TS-P056,N263,interior_applied_load,,181.542,0.0,151.373,-5.714990772287543e-09,-2.841103492248406,1.008519470366287e-07,6.235446492613983e-07,-6.187068693149947e-12,1.312321959434648e-08
strength_lateral_HZ_1,TS-P057,N274,interior_applied_load,,181.542,0.0,153.373,-1.4106693987382806e-08,-20.32755258877874,-2.71141998151199e-07,-9.965320518906526e-08,-2.0441431197471632e-10,-2.1498402118902297e-08
strength_lateral_HZ_1,TS-P058,N111,interior_applied_load,,192.219,0.0,115.0,1.754354605094554e-13,-5.379114615555913,-1.645055051097978e-10,-1.534940107959337e-14,7.760277603251628e-11,-1.2757271985540397e-11
strength_lateral_HZ_1,TS-P059,N112,interior_applied_load,,195.778,0.0,115.0,-1.165394309108133e-12,-8.068671842742685,4.607777519627627e-11,1.2501231442235872e-13,2.1756240140559294e-11,2.140291861346413e-11
strength_lateral_HZ_1,TS-P060,N491,interior_applied_load,,195.778,0.0,153.373,1.5368966140111817e-12,-15.759493784636957,5.037874533541579e-13,6.377516234948009e-14,7.726391168142629e-11,-1.3489973942897851e-11
strength_lateral_HZ_1,TS-P061,N275,interior_applied_load,,202.396,0.0,134.187,3.98628664789148e-13,-9.507263382588645,6.192752384685037e-14,7.589195850646571e-13,7.239433295874136e-13,3.774003849495026e-13
strength_lateral_HZ_1,TS-P062,N113,interior_applied_load,,213.573,0.0,115.0,5.669209879691918e-13,-10.380379169033978,1.5531494840804633e-11,-1.1258150808861129e-13,1.6451998949066033e-11,-1.7997166125241237e-11
strength_lateral_HZ_1,TS-P063,N114,interior_applied_load,,223.25,0.0,115.0,3.653154306857926e-11,-8.787967657521,2.1637042835762959e-10,1.5300276953508391e-07,4.286065746117071e-09,-1.5436137828069126e-09
strength_lateral_HZ_1,TS-P064,N264,interior_applied_load,,223.25,0.0,117.5,-1.0462881634910562e-09,-2.8411034914929254,-8.692067295283963e-08,3.6838533499522636e-08,-2.138300634316858e-11,9.43129103243691e-10
strength_lateral_HZ_1,TS-P065,N265,interior_applied_load,,223.25,0.0,134.437,1.118736996924761e-16,-5.682206982362349,3.9805075929951966e-13,7.450866992498905e-12,-1.0042293995437334e-15,-1.1777765329239145e-14
strength_lateral_HZ_1,TS-P066,N266,interior_applied_load,,223.25,0.0,151.373,4.5093358005954265e-09,-2.841103492873989,2.074372475180386e-08,9.469899339697996e-08,-9.40872067810096e-12,1.748287277447691e-08
strength_lateral_HZ_1,TS-P067,N492,interior_applied_load,,223.25,0.0,153.373,-1.3822561546750212e-08,-10.75822916568981,3.6269160728261596e-07,-8.87935054759698e-08,1.289159136431818e-09,1.4113294089530995e-08
strength_lateral_HZ_1,TS-P068,N68,interface_action,BR-E-ground-1; S3; T-E,224.25,0.0,115.0,150.62310043121002,491.6275921325835,7.142467767296976,149.17173911312784,277.33664959668454,-989.0643982722145
strength_lateral_HZ_1,TS-P069,N70,interface_action,BR-R-main-2; S3; T-E top / segment 1; T-E vertical 2,224.25,0.0,153.373,-65.40014377171953,-203.205358432746,-4.275476473680559,-6.314396662661406,183.22983328250106,683.7225653294245
strength_lateral_HZ_-1,TS-P001,N5,interface_action,T-W / B-WO; T-W diagonal 9; T-W vertical 2; W1,-32.0,0.0,115.0,-150.8736706365482,572.6078227964094,5.975045682053373,10.146708574557882,-26.82239740197867,985.3665989724749
strength_lateral_HZ_-1,TS-P002,N7,interface_action,BR-R-main-1; T-W top / segment 1; T-W vertical 2; W1,-32.0,0.0,153.373,9.886424205863165,-290.3294698790797,-3.9465950844291418,260.1135578020925,-318.4340462878962,-940.1738554004327
strength_lateral_HZ_-1,TS-P003,N90,interior_applied_load,,-31.0,0.0,115.0,2.4303204852535142e-08,-8.787967661134621,2.0813383374330708e-10,-3.347031465092513e-09,5.759548715056889e-10,-1.798433876321364e-08
strength_lateral_HZ_-1,TS-P004,N246,interior_applied_load,,-31.0,0.0,117.5,-2.5262351871704014e-08,-2.841103491454376,4.580038700613675e-09,2.5224627529387316e-09,9.222758909950625e-12,-5.80208129825745e-09
strength_lateral_HZ_-1,TS-P005,N247,interior_applied_load,,-31.0,0.0,134.437,-1.0616158705545645e-14,-5.682206982361474,-8.520181391315396e-15,-2.314978043108393e-14,6.263816513020024e-15,4.265379747949349e-14
strength_lateral_HZ_-1,TS-P006,N248,interior_applied_load,,-31.0,0.0,151.373,-7.703479416865111e-09,-2.8411034919019995,7.841921764728532e-09,4.496437769341277e-08,5.6707689677393514e-11,-4.51557660846591e-08
strength_lateral_HZ_-1,TS-P007,N483,interior_applied_load,,-31.0,0.0,153.373,-1.7132961320904837e-08,-10.75822916409386,-5.861748795933061e-09,1.866617761384512e-08,1.2895956577922383e-09,3.3845427727363216e-08
strength_lateral_HZ_-1,TS-P008,N91,interior_applied_load,,-21.323,0.0,115.0,-7.032840152265431e-13,-10.380379169023563,1.338604221853882e-13,-2.7339588981574385e-13,2.905983715291333e-12,-2.4625688499736e-11
strength_lateral_HZ_-1,TS-P009,N267,interior_applied_load,,-10.146,-0.0,134.187,1.1022041503191856e-12,-9.507263382586844,-1.2992277261705969e-14,8.819355498969195e-14,-2.519603465758107e-13,-2.973443752222999e-13
strength_lateral_HZ_-1,TS-P010,N92,interior_applied_load,,-3.528,0.0,115.0,3.794054855794501e-12,-8.068671842737269,-8.058276413352496e-12,3.499156088889806e-13,2.469142833577643e-11,-8.13582504697596e-11
strength_lateral_HZ_-1,TS-P011,N484,interior_applied_load,,-3.528,0.0,153.373,-2.0460704824818546e-12,-15.759493784635156,-6.052803191954564e-13,-2.4661092772062735e-14,1.4577484349863902e-12,2.3228348868119785e-12
strength_lateral_HZ_-1,TS-P012,N93,interior_applied_load,,0.031,0.0,115.0,1.1187520886301951e-12,-5.379114615583792,1.1708590132123455e-11,-1.0136352603131636e-13,5.736717719155177e-12,-7.258142048786837e-11
strength_lateral_HZ_-1,TS-P013,N94,interior_applied_load,,10.708,0.0,115.0,-3.898153022596773e-09,-8.068671842921049,7.936833412713895e-10,-7.099618670736163e-09,-1.1413162805897222e-11,-1.778390729123558e-08
strength_lateral_HZ_-1,TS-P014,N249,interior_applied_load,,10.708,0.0,117.5,7.88546560602743e-09,-2.8411034926223513,5.9387669048266895e-09,-3.6423151696015588e-09,-9.243557705540842e-12,-1.6550508201383912e-08
strength_lateral_HZ_-1,TS-P015,N250,interior_applied_load,,10.708,0.0,134.437,-2.6442003069989116e-14,-5.682206982361338,-1.4570925420859968e-14,1.8237344320068023e-13,-1.6194373767371678e-15,3.4225694329738317e-13
strength_lateral_HZ_-1,TS-P016,N251,interior_applied_load,,10.708,0.0,151.373,-5.900210595273514e-09,-2.8411034915647018,1.0803250710678114e-08,3.048523150583904e-08,-3.717076100470772e-12,1.2936258618131968e-08
strength_lateral_HZ_-1,TS-P017,N268,interior_applied_load,,10.708,-0.0,153.373,1.9285576920140918e-09,-20.327552586874617,-7.36632258749409e-08,-1.6894749818912942e-08,-3.317132076113648e-11,-3.2372140062743546e-09
strength_lateral_HZ_-1,TS-P018,N95,interior_applied_load,,21.385,0.0,115.0,-8.513185766483141e-13,-5.37911455102958,5.6787624550084055e-12,-2.918989141502681e-13,1.625465442069202e-12,-3.4680442104427016e-11
strength_lateral_HZ_-1,TS-P019,N96,interior_applied_load,,24.944,0.0,115.0,2.8952098477346343e-12,-8.068671939541282,-3.1138103552248325e-12,2.2093340559995983e-13,9.930378510486644e-12,5.501006239323096e-12
strength_lateral_HZ_-1,TS-P020,N485,interior_applied_load,,24.944,0.0,153.373,-1.1974006836955428e-12,-16.137343685448023,-9.300968180683095e-13,-1.9441308310465313e-12,-7.882586738821011e-12,-1.838814884612311e-12
strength_lateral_HZ_-1,TS-P021,N269,interior_applied_load,,32.062,0.0,134.187,-4.251584179895374e-12,-9.631383457317508,-1.6210379040075162e-14,2.677937759705044e-12,-3.730024850143712e-13,7.919778892321695e-13
strength_lateral_HZ_-1,TS-P022,N97,interior_applied_load,,42.74,0.0,115.0,4.955745872704007e-13,-10.758229134389866,1.2213942249636858e-12,-1.3430317271429131e-13,-1.269473105490785e-13,-3.653349690283598e-11
strength_lateral_HZ_-1,TS-P023,N98,interior_applied_load,,53.417,0.0,115.0,-4.090368377814289e-08,-17.700055268364117,-4.851030183749823e-08,-6.546051772216932e-08,7.539921480391005e-11,7.240726749318596e-08
strength_lateral_HZ_-1,TS-P024,N252,interior_applied_load,,53.417,0.0,117.5,2.1084547016194037e-09,-2.8411034911881345,3.45926339429269e-08,-5.346944163398739e-08,-7.530048283580583e-11,2.3531293392131066e-08
strength_lateral_HZ_-1,TS-P025,N253,interior_applied_load,,53.417,0.0,134.437,-5.437824832479661e-14,-5.682206982360928,3.18025635736323e-14,-2.624862462496161e-13,-3.083298467527633e-15,4.717214471625388e-14
strength_lateral_HZ_-1,TS-P026,N254,interior_applied_load,,53.417,0.0,151.373,8.919238063398449e-09,-2.841103490988086,-9.583722704320508e-11,-1.0618880663670893e-08,-7.175088226810936e-11,1.0778842526870669e-08
strength_lateral_HZ_-1,TS-P027,N486,interior_applied_load,,53.417,0.0,153.373,3.951236877681043e-09,-21.516458302054193,7.68052418506834e-09,-4.629440764854361e-09,4.3902017934312786e-11,-9.345562353671924e-09
strength_lateral_HZ_-1,TS-P028,N99,interior_applied_load,,64.094,0.0,115.0,-3.522333494288363e-12,-10.758229166667448,-4.97537599847605e-13,6.404258901212438e-13,-4.548420229908018e-12,-5.413906716195686e-12
strength_lateral_HZ_-1,TS-P029,N270,interior_applied_load,,74.771,0.0,134.187,-8.567212134560904e-14,-9.63138345732198,-4.2282958795309655e-14,-2.714912731031174e-12,5.632628462994925e-12,-9.7841168724841e-13
strength_lateral_HZ_-1,TS-P030,N100,interior_applied_load,,81.889,0.0,115.0,3.3054819211821815e-12,-8.068671842729549,7.725364459675166e-12,1.722316956459593e-13,1.717463381930134e-11,-5.925934264157984e-11
strength_lateral_HZ_-1,TS-P031,N487,interior_applied_load,,81.889,0.0,153.373,-1.1222904717326562e-11,-16.137343750002742,-2.6557374580128965e-12,4.0280400795233334e-11,1.4404139474552905e-11,2.0736241302044715e-11
strength_lateral_HZ_-1,TS-P032,N101,interior_applied_load,,85.448,0.0,115.0,-1.2398058194816687e-13,-5.379114583345808,-2.2441084592643897e-11,-1.0495055149029894e-13,8.558779000690881e-11,-1.544039854737779e-10
strength_lateral_HZ_-1,TS-P033,N102,interior_applied_load,,96.125,0.0,115.0,1.2045910935398751e-08,-8.068671940189912,-5.42766169786546e-08,1.3132367193691152e-08,8.442795049212553e-11,-1.4476593257484183e-08
strength_lateral_HZ_-1,TS-P034,N255,interior_applied_load,,96.125,0.0,117.5,5.891090670414524e-09,-2.841103490238654,6.652630797393456e-09,1.8585087817975653e-08,-6.148386983273838e-11,-1.4091323396301812e-08
strength_lateral_HZ_-1,TS-P035,N256,interior_applied_load,,96.125,0.0,134.437,-8.882667128871225e-14,-5.682206982360859,-8.738551190326951e-15,9.011990362274569e-13,-1.0050850460794497e-14,2.0335413881391935e-13
strength_lateral_HZ_-1,TS-P036,N257,interior_applied_load,,96.125,0.0,151.373,4.446143220260268e-08,-2.8411034911329316,-1.1648793396545898e-07,-2.8298526189018958e-08,-2.090440414124131e-10,1.9602726331058307e-08
strength_lateral_HZ_-1,TS-P037,N271,interior_applied_load,,96.125,0.0,153.373,-3.970891275007155e-08,-20.389612626259087,1.6281182146431922e-07,-2.899852404130636e-07,1.599609781495423e-10,-1.9634897208882206e-08
strength_lateral_HZ_-1,TS-P038,N103,interior_applied_load,,106.802,0.0,115.0,-5.661831789832742e-13,-5.379114583349884,-1.624274362652856e-11,-3.8735582821170704e-13,2.632195426722891e-11,8.03891500592001e-11
strength_lateral_HZ_-1,TS-P039,N104,interior_applied_load,,110.361,0.0,115.0,7.797096367096766e-12,-8.06867184270473,1.8764800263350777e-12,1.8791977848807147e-13,2.9718544870523235e-12,3.322855575785923e-11
strength_lateral_HZ_-1,TS-P040,N488,interior_applied_load,,110.361,0.0,153.373,-2.1686235244505567e-12,-16.137343749998667,6.301979556639289e-12,-1.035025392025449e-13,4.1429236741968903e-11,-1.369913294897919e-11
strength_lateral_HZ_-1,TS-P041,N272,interior_applied_load,,117.479,0.0,134.187,8.442100048980314e-13,-9.63138345731976,-3.8018214412285825e-14,1.2019272499273316e-13,-5.07768417723164e-13,-2.447559738365363e-13
strength_lateral_HZ_-1,TS-P042,N105,interior_applied_load,,128.156,0.0,115.0,-1.6602334394438519e-12,-10.758229166667261,1.4461655527925574e-12,-9.36320661418911e-14,-2.9854123999974725e-12,-1.00990943990199e-11
strength_lateral_HZ_-1,TS-P043,N106,interior_applied_load,,138.833,0.0,115.0,3.9122910607726766e-09,-17.700055267795143,2.61172599428903e-08,4.084766913230563e-08,9.346241208789267e-10,4.257158622639131e-09
strength_lateral_HZ_-1,TS-P044,N258,interior_applied_load,,138.833,0.0,117.5,-1.5213082743950833e-08,-2.8411034904443584,-5.110612737992291e-08,4.766749679159397e-08,1.540492345076696e-09,-1.7649033755446152e-08
strength_lateral_HZ_-1,TS-P045,N259,interior_applied_load,,138.833,0.0,134.437,-1.637016369945142e-13,-5.682206982359574,8.539504747827805e-14,-3.562674311003681e-13,-1.7612182370367972e-14,7.856054926763098e-13
strength_lateral_HZ_-1,TS-P046,N260,interior_applied_load,,138.833,0.0,151.373,1.3427234907270602e-08,-2.841103491650697,7.695683909569873e-09,-4.547140394772775e-08,-1.3755546182488485e-10,-1.5009093412565733e-09
strength_lateral_HZ_-1,TS-P047,N489,interior_applied_load,,138.833,0.0,153.373,-1.5985135309340154e-09,-21.516458302112362,1.0199078592881745e-08,-1.724856035843778e-09,-9.921356729017266e-11,2.385209772889294e-10
strength_lateral_HZ_-1,TS-P048,N107,interior_applied_load,,149.51,0.0,115.0,4.949949835620814e-12,-10.75822913438642,4.280890195266409e-12,-8.962242008468484e-12,-1.9991358192403147e-12,-3.8529817099332713e-11
strength_lateral_HZ_-1,TS-P049,N273,interior_applied_load,,160.188,0.0,134.187,-5.551228031934703e-13,-9.631383457319888,-6.421991979166429e-14,5.972274290958929e-13,-8.918565761624237e-12,-4.575660614229688e-13
strength_lateral_HZ_-1,TS-P050,N108,interior_applied_load,,167.306,0.0,115.0,3.225502079144928e-12,-8.068671939549278,1.3046175367675376e-11,-6.210541849429563e-14,2.852038189137067e-11,-1.2428290123632302e-10
strength_lateral_HZ_-1,TS-P051,N490,interior_applied_load,,167.306,0.0,153.373,-2.776554469173582e-12,-16.137343685450443,-2.429680651308961e-13,5.083198985367991e-12,2.500378337607258e-11,-1.715390696498678e-11
strength_lateral_HZ_-1,TS-P052,N109,interior_applied_load,,170.865,0.0,115.0,-2.337827689635648e-12,-5.37911455103111,1.650366796128154e-11,-1.3334628859524121e-13,-2.382315741846828e-11,-5.1753264520796105e-11
strength_lateral_HZ_-1,TS-P053,N110,interior_applied_load,,181.542,0.0,115.0,3.2415275796893184e-08,-8.068671842961551,1.2250106140587746e-07,1.1357877027773355e-08,-2.525288303665101e-11,-3.32991572093988e-08
strength_lateral_HZ_-1,TS-P054,N261,interior_applied_load,,181.542,0.0,117.5,3.751066401275376e-09,-2.841103490898981,-3.4469748474018414e-08,2.9464329269535577e-09,-5.309364523994943e-11,-8.203188252236397e-09
strength_lateral_HZ_-1,TS-P055,N262,interior_applied_load,,181.542,0.0,134.437,-1.0795120977933942e-14,-5.682206982362741,4.7241526101060907e-14,1.106710313264247e-12,-1.1382884507054656e-14,2.705255032953683e-13
strength_lateral_HZ_-1,TS-P056,N263,interior_applied_load,,181.542,0.0,151.373,1.0142613551117341e-08,-2.841103492178227,-3.308352515551949e-09,-1.984041907293621e-07,-2.387597996787448e-11,-1.5609306826258607e-08
strength_lateral_HZ_-1,TS-P057,N274,interior_applied_load,,181.542,0.0,153.373,1.817027657665048e-08,-20.327552588715506,9.058266245119923e-08,-1.0092596470426486e-07,-5.276665687747425e-11,9.889700552017286e-09
strength_lateral_HZ_-1,TS-P058,N111,interior_applied_load,,192.219,0.0,115.0,-6.839884693134285e-12,-5.379114615594803,6.776205301302529e-11,4.5912610870864297e-14,8.077018919649703e-11,-1.19789912591565e-11
strength_lateral_HZ_-1,TS-P059,N112,interior_applied_load,,195.778,0.0,115.0,7.111786211378947e-13,-8.068671842727602,4.0167892350762455e-11,-2.882815218041635e-14,2.1493455343743775e-10,-5.0644994623628544e-11
strength_lateral_HZ_-1,TS-P060,N491,interior_applied_load,,195.778,0.0,153.373,-1.1066229117768491e-12,-15.759493784635868,1.0466630811344036e-12,1.3728576727210403e-14,1.1195938056525248e-11,3.3069842956318124e-12
strength_lateral_HZ_-1,TS-P061,N275,interior_applied_load,,202.396,0.0,134.187,-3.653618318829022e-12,-9.507263382586192,-6.939282052287586e-14,-1.1230699930395705e-13,9.703373999937824e-13,-9.443658453674717e-13
strength_lateral_HZ_-1,TS-P062,N113,interior_applied_load,,213.573,0.0,115.0,-2.8751736038839335e-12,-10.380379169037775,-2.762961264625956e-12,4.517812041232439e-15,5.763227087463903e-11,-6.204505084411517e-11
strength_lateral_HZ_-1,TS-P063,N114,interior_applied_load,,223.25,0.0,115.0,-9.052713359646594e-09,-8.787967661841867,-1.3304065264716823e-08,5.279213500268705e-09,-1.3931068871942294e-09,2.5029241214477983e-08
strength_lateral_HZ_-1,TS-P064,N264,interior_applied_load,,223.25,0.0,117.5,1.251989146158153e-08,-2.841103491452396,-3.4323884611987425e-08,-1.6075415936133365e-09,-3.177532042729344e-11,-3.361074769408788e-09
strength_lateral_HZ_-1,TS-P065,N265,interior_applied_load,,223.25,0.0,134.437,1.6249405026844027e-13,-5.682206982362414,-6.173683468979525e-13,-3.6259332103700555e-12,-5.699621225664683e-15,-3.7165410027429366e-13
strength_lateral_HZ_-1,TS-P066,N266,interior_applied_load,,223.25,0.0,151.373,2.1510973190197458e-08,-2.841103491659946,1.4947386224595238e-07,-3.911782212040471e-08,-1.417638997069632e-10,-3.25014389984668e-08
strength_lateral_HZ_-1,TS-P067,N492,interior_applied_load,,223.25,0.0,153.373,1.4810607219806204e-08,-10.75822916591794,-2.437682166616735e-07,9.996906455436387e-08,-2.0361917679923057e-09,1.6659823882398283e-09
strength_lateral_HZ_-1,TS-P068,N68,interface_action,BR-E-ground-1; S3; T-E,224.25,0.0,115.0,108.71454424765088,623.8815438483368,8.309419219473646,-69.63277575382678,-73.08916957472846,-1161.9268418030606
strength_lateral_HZ_-1,TS-P069,N70,interface_action,BR-R-main-2; S3; T-E top / segment 1; T-E vertical 2,224.25,0.0,153.373,32.272702278540976,-325.7440280693892,-10.337869898915168,347.5102832062008,-101.4448456698176,702.5510149219884
strength_lateral_HZ_2,TS-P001,N5,interface_action,T-W / B-WO; T-W diagonal 9; T-W vertical 2; W1,-32.0,0.0,115.0,-126.70325415224275,604.1291792555128,0.2443979788470645,-49.17071006714116,564.7626503748057,1185.5541374583504
strength_lateral_HZ_2,TS-P002,N7,interface_action,BR-R-main-1; T-W top / segment 1; T-W vertical 2; W1,-32.0,0.0,153.373,69.36244240941832,-307.277903224017,-5.55910890108903,234.88992818709653,19.015439406470385,-976.8277691664296
strength_lateral_HZ_2,TS-P003,N90,interior_applied_load,,-31.0,0.0,115.0,-2.555880833554335e-08,-8.787967662362668,2.867201827623123e-09,1.2499252290716615e-09,1.0894540182723277e-09,6.521346614080725e-08
strength_lateral_HZ_2,TS-P004,N246,interior_applied_load,,-31.0,0.0,117.5,2.4359789512095397e-08,-2.841103492343279,2.804944122979656e-10,1.931588624755336e-09,2.4109007413139787e-11,1.0251418673756938e-07
strength_lateral_HZ_2,TS-P005,N247,interior_applied_load,,-31.0,0.0,134.437,2.4346149524089553e-14,-5.682206982361358,-1.905325728240458e-14,1.2040289877542835e-13,8.78772460784546e-15,4.328628316981963e-14
strength_lateral_HZ_2,TS-P006,N248,interior_applied_load,,-31.0,0.0,151.373,-7.683203420705276e-09,-2.8411034931290517,2.526314731021717e-08,6.030381835553378e-08,2.818251921682864e-10,5.386135035201356e-08
strength_lateral_HZ_2,TS-P007,N483,interior_applied_load,,-31.0,0.0,153.373,4.079732918861404e-09,-10.758229164455921,6.101824994293955e-09,-2.902629055034541e-09,2.803704522082059e-09,-2.345697773260265e-09
strength_lateral_HZ_2,TS-P008,N91,interior_applied_load,,-21.323,0.0,115.0,4.834008961897262e-12,-10.380379169033441,2.81034497699726e-13,-1.6924647167396772e-13,4.64450168241042e-12,5.407126298673276e-11
strength_lateral_HZ_2,TS-P009,N267,interior_applied_load,,-10.146,-0.0,134.187,-1.4066893201425496e-12,-9.507263382589223,-6.23317608895062e-14,-2.5155776511272964e-13,3.2784110160379024e-13,1.2160196779006953e-12
strength_lateral_HZ_2,TS-P010,N92,interior_applied_load,,-3.528,0.0,115.0,3.6143185220176086e-12,-8.068671842695224,-6.6286981984762335e-12,9.554420876550816e-15,3.598289234903047e-12,-4.3119426777876196e-11
strength_lateral_HZ_2,TS-P011,N484,interior_applied_load,,-3.528,0.0,153.373,-2.2896539393936736e-13,-15.759493784635326,6.736381289867935e-14,1.8061941472488205e-13,1.4679714348216347e-12,4.293411300625857e-13
strength_lateral_HZ_2,TS-P012,N93,interior_applied_load,,0.031,0.0,115.0,-1.3343479514596639e-12,-5.379114615624024,9.902345938857565e-14,-5.17185521474077e-14,1.1570650726909488e-11,-3.098825521219561e-12
strength_lateral_HZ_2,TS-P013,N94,interior_applied_load,,10.708,0.0,115.0,-4.993860619473267e-08,-8.068671842511502,-3.4344832533506064e-09,4.0289209912725e-08,-2.0495609078189169e-10,3.4941026710866296e-08
strength_lateral_HZ_2,TS-P014,N249,interior_applied_load,,10.708,0.0,117.5,4.156013813536573e-08,-2.8411034912027886,-1.9224866301360345e-08,2.8634918428577418e-08,1.515920475850005e-10,5.4833715771998876e-08
strength_lateral_HZ_2,TS-P015,N250,interior_applied_load,,10.708,0.0,134.437,-9.4334458335088e-16,-5.682206982363108,-1.7475974730063583e-13,-1.5666436756568276e-12,-1.24548200041378e-15,-4.265215453495846e-13
strength_lateral_HZ_2,TS-P016,N251,interior_applied_load,,10.708,0.0,151.373,-1.8102086274396356e-08,-2.841103493723563,4.433646115520329e-08,-4.060199318423052e-08,3.99543282632244e-11,1.8276874680367428e-08
strength_lateral_HZ_2,TS-P017,N268,interior_applied_load,,10.708,-0.0,153.373,4.2671140268920636e-08,-20.327552585832354,-2.171856917909896e-07,-7.370896256059366e-08,-9.43129453640269e-11,9.35309487981912e-09
strength_lateral_HZ_2,TS-P018,N95,interior_applied_load,,21.385,0.0,115.0,-4.06433663692361e-12,-5.37911455102992,-2.0487467949739372e-11,2.632996696519824e-13,-6.438116784171483e-11,1.9030120561509457e-11
strength_lateral_HZ_2,TS-P019,N96,interior_applied_load,,24.944,0.0,115.0,1.29264294659476e-11,-8.068671939553738,-4.874986225553432e-12,1.5553909634596948e-13,-1.416750423290652e-11,3.07319904156912e-11
strength_lateral_HZ_2,TS-P020,N485,interior_applied_load,,24.944,0.0,153.373,2.107666542933174e-12,-16.13734368544537,2.655473517681269e-12,-2.188264970301676e-12,2.2677559083628567e-11,-7.186888166509082e-11
strength_lateral_HZ_2,TS-P021,N269,interior_applied_load,,32.062,0.0,134.187,-4.592196059242144e-13,-9.631383457320947,1.0514875977545983e-13,7.94453716470737e-12,8.179397648988548e-12,1.6770693185649842e-12
strength_lateral_HZ_2,TS-P022,N97,interior_applied_load,,42.74,0.0,115.0,-8.587504051279894e-12,-10.758229134390362,-8.52293962049543e-12,-1.0214821002125848e-13,1.718113017314572e-11,-5.3870195416945564e-11
strength_lateral_HZ_2,TS-P023,N98,interior_applied_load,,53.417,0.0,115.0,-6.049673570248719e-08,-17.700055267419156,1.6104073154656532e-07,1.1695383969249118e-07,-2.1682284544515602e-10,1.0863799354411778e-08
strength_lateral_HZ_2,TS-P024,N252,interior_applied_load,,53.417,0.0,117.5,1.2065460588696596e-08,-2.841103492776193,-1.568786341292356e-07,2.114461736390521e-07,2.763627909659201e-10,1.3228569014083482e-08
strength_lateral_HZ_2,TS-P025,N253,interior_applied_load,,53.417,0.0,134.437,6.414224421978477e-14,-5.682206982361399,8.660863280772318e-14,-9.10909543112588e-13,5.805142288295325e-14,-2.296498494875484e-13
strength_lateral_HZ_2,TS-P026,N254,interior_applied_load,,53.417,0.0,151.373,2.0379444277962566e-08,-2.841103491278527,1.9543890122930563e-07,4.564053246447486e-09,4.0755028669421875e-10,6.66996981257828e-09
strength_lateral_HZ_2,TS-P027,N486,interior_applied_load,,53.417,0.0,153.373,-1.2845083543958487e-08,-21.516458303960796,9.595381756787323e-08,-6.602599114525436e-08,4.030324284381411e-12,1.2254203465262792e-08
strength_lateral_HZ_2,TS-P028,N99,interior_applied_load,,64.094,0.0,115.0,-7.575435425423662e-13,-10.758229166668945,5.316317080126642e-12,2.3777661932048717e-11,4.723270769309223e-12,-5.860671479070681e-12
strength_lateral_HZ_2,TS-P029,N270,interior_applied_load,,74.771,0.0,134.187,3.3676108926963233e-12,-9.631383457319977,-1.1172479011595072e-12,-2.043358650145899e-11,1.9945168934932015e-12,-9.451942178991544e-13
strength_lateral_HZ_2,TS-P030,N100,interior_applied_load,,81.889,0.0,115.0,8.082790218860882e-12,-8.068671842716142,3.081084430403506e-11,1.3288079629341053e-13,-1.7364851789355731e-10,-7.25077155241836e-11
strength_lateral_HZ_2,TS-P031,N487,interior_applied_load,,81.889,0.0,153.373,1.4825362408512852e-11,-16.137343749998223,-2.2671680743452103e-11,-4.153766496277202e-11,1.2117396305670869e-10,3.2798306848653404e-11
strength_lateral_HZ_2,TS-P032,N101,interior_applied_load,,85.448,0.0,115.0,-9.185241864817352e-12,-5.37911458333479,-3.451942207198984e-11,-2.1264952190208465e-13,-1.5227973153159367e-10,-1.6843121760223428e-10
strength_lateral_HZ_2,TS-P033,N102,interior_applied_load,,96.125,0.0,115.0,1.5253438956364107e-08,-8.068671939959433,2.2322990389511688e-07,6.745324299117783e-09,-3.737592012026379e-10,-2.818473565646684e-08
strength_lateral_HZ_2,TS-P034,N255,interior_applied_load,,96.125,0.0,117.5,-8.074210750883269e-09,-2.841103492291545,-3.5653161929653795e-08,-8.872937079827807e-08,1.9887458732169584e-10,2.78712915281296e-09
strength_lateral_HZ_2,TS-P035,N256,interior_applied_load,,96.125,0.0,134.437,1.17202450954222e-13,-5.682206982360392,3.357607213063729e-13,-2.6524587606577673e-12,4.80097380761796e-14,-5.484534456426097e-13
strength_lateral_HZ_2,TS-P036,N257,interior_applied_load,,96.125,0.0,151.373,2.031748369546449e-08,-2.841103490865923,8.634812882490905e-07,6.200472348893982e-07,2.36011266733709e-10,-1.063280006263767e-07
strength_lateral_HZ_2,TS-P037,N271,interior_applied_load,,96.125,0.0,153.373,-5.192763082467227e-08,-20.389612624943464,-9.546460034059806e-07,1.080851833095808e-06,4.923382151526371e-10,1.8614744926916406e-08
strength_lateral_HZ_2,TS-P038,N103,interior_applied_load,,106.802,0.0,115.0,-2.37057335615383e-12,-5.379114583339937,-1.0098442224594086e-10,7.773445356165489e-14,1.1635347848203293e-10,1.8802976578004862e-11
strength_lateral_HZ_2,TS-P039,N104,interior_applied_load,,110.361,0.0,115.0,-6.129115433119297e-13,-8.06867184270676,4.492198927681584e-11,-2.583358607277707e-13,1.826851987508073e-10,-1.7465393372233782e-11
strength_lateral_HZ_2,TS-P040,N488,interior_applied_load,,110.361,0.0,153.373,3.357712442890132e-12,-16.137343749998497,6.857122641984696e-12,-4.799240858334372e-13,5.820103144252962e-11,-1.74952012400646e-11
strength_lateral_HZ_2,TS-P041,N272,interior_applied_load,,117.479,0.0,134.187,-3.0726115577196746e-13,-9.631383457320629,-4.098740583284205e-13,7.64932676945063e-12,1.4643645902789688e-11,1.254588546054597e-12
strength_lateral_HZ_2,TS-P042,N105,interior_applied_load,,128.156,0.0,115.0,-3.973958185475229e-12,-10.758229166665428,-1.0610943082072722e-12,5.4309203527578305e-14,6.5210545276946484e-12,-5.6010166224527676e-12
strength_lateral_HZ_2,TS-P043,N106,interior_applied_load,,138.833,0.0,115.0,6.8913003865483915e-09,-17.70005526835523,2.451683995051746e-07,2.622894503736699e-07,-5.467298269818026e-09,2.9542164419691587e-08
strength_lateral_HZ_2,TS-P044,N258,interior_applied_load,,138.833,0.0,117.5,3.1342651653157237e-09,-2.841103490524808,-2.508139523773616e-07,-5.777641329123533e-08,-2.250711091768902e-09,-9.996828848203267e-09
strength_lateral_HZ_2,TS-P045,N259,interior_applied_load,,138.833,0.0,134.437,3.866505484989313e-14,-5.68220698236225,-3.0779660762607803e-13,-4.3820671046275177e-13,2.6689404047626162e-15,2.359298325773938e-13
strength_lateral_HZ_2,TS-P046,N260,interior_applied_load,,138.833,0.0,151.373,-6.6993613772811655e-09,-2.841103495261125,1.7850458838147842e-07,2.86647691832842e-08,3.6401241335472936e-10,-4.691764398864762e-09
strength_lateral_HZ_2,TS-P047,N489,interior_applied_load,,138.833,0.0,153.373,-1.592387798623641e-08,-21.51645830215444,-1.9503908085800314e-07,2.374634200767911e-07,-1.4326695520382609e-10,-1.72056530868357e-08
strength_lateral_HZ_2,TS-P048,N107,interior_applied_load,,149.51,0.0,115.0,4.6570505676473185e-12,-10.758229134393561,-1.2523364765305385e-11,-2.1818443213617104e-11,1.1194997924643969e-10,1.8891170347103676e-11
strength_lateral_HZ_2,TS-P049,N273,interior_applied_load,,160.188,0.0,134.187,-6.378153770812772e-13,-9.631383457320787,-4.202413386638795e-13,1.0341302399172361e-11,7.244498925018607e-12,1.5697760656981593e-13
strength_lateral_HZ_2,TS-P050,N108,interior_applied_load,,167.306,0.0,115.0,-5.6557985894433055e-12,-8.068671939563487,1.0614226786231993e-10,-7.880933550052155e-13,-6.418922635733185e-11,-1.37488520014753e-10
strength_lateral_HZ_2,TS-P051,N490,interior_applied_load,,167.306,0.0,153.373,6.256907122407062e-12,-16.137343685451228,3.746952789240528e-12,-5.8970533262227794e-12,-5.4492487288081744e-11,-9.872902257275907e-11
strength_lateral_HZ_2,TS-P052,N109,interior_applied_load,,170.865,0.0,115.0,5.045193015887227e-13,-5.379114550995462,-9.20111238776793e-11,1.1218450365938665e-13,-6.053314808689994e-11,-1.790247662574768e-10
strength_lateral_HZ_2,TS-P053,N110,interior_applied_load,,181.542,0.0,115.0,4.5172740215093654e-08,-8.068671844043028,-4.049747828194228e-07,-9.098894426795567e-08,5.6902655319067104e-11,-1.05191801935689e-08
strength_lateral_HZ_2,TS-P054,N261,interior_applied_load,,181.542,0.0,117.5,-2.9413597934047158e-08,-2.841103489388827,2.2967566517836804e-07,4.451959898531466e-08,1.2304382573762771e-10,-2.4821958414476808e-08
strength_lateral_HZ_2,TS-P055,N262,interior_applied_load,,181.542,0.0,134.437,3.026503434152026e-14,-5.682206982361295,-6.514527706996467e-13,-7.704268807820358e-12,1.3080269091509356e-14,-5.70686748155298e-13
strength_lateral_HZ_2,TS-P056,N263,interior_applied_load,,181.542,0.0,151.373,2.0877704613730952e-08,-2.8411034940650572,3.6235236541143356e-07,4.34507236982129e-07,3.951592386657523e-11,-8.25292408024314e-09
strength_lateral_HZ_2,TS-P057,N274,interior_applied_load,,181.542,0.0,153.373,-4.667341274068492e-08,-20.32755258361141,-4.820906592917072e-07,3.240010125763778e-07,-3.431109356607824e-10,-3.520495307828031e-08
strength_lateral_HZ_2,TS-P058,N111,interior_applied_load,,192.219,0.0,115.0,-7.262767005454122e-13,-5.379114615556462,-2.712945982761801e-10,-1.9053410909320893e-13,-1.465506227379927e-10,6.192499121574978e-12
strength_lateral_HZ_2,TS-P059,N112,interior_applied_load,,195.778,0.0,115.0,-2.864705008271355e-12,-8.068671842739075,-1.1868062669379586e-11,4.989030718796063e-13,-2.734032518409774e-10,1.191692919904486e-11
strength_lateral_HZ_2,TS-P060,N491,interior_applied_load,,195.778,0.0,153.373,6.658069643848829e-13,-15.759493784638089,-1.979023638200031e-12,2.3916172051502263e-14,-7.126083026193192e-11,1.2381710435141436e-11
strength_lateral_HZ_2,TS-P061,N275,interior_applied_load,,202.396,0.0,134.187,1.24540755807863e-12,-9.507263382589764,5.089229818940593e-13,4.497100581971257e-12,-1.476039031769334e-12,3.174885266906618e-13
strength_lateral_HZ_2,TS-P062,N113,interior_applied_load,,213.573,0.0,115.0,1.0062564294613059e-12,-10.380379169038443,1.2470846474546584e-11,4.6542706770672905e-14,3.1627766905569024e-11,-7.478586035391473e-11
strength_lateral_HZ_2,TS-P063,N114,interior_applied_load,,223.25,0.0,115.0,-7.331559120666301e-09,-8.787967661384407,1.292491664356164e-07,6.979742841934537e-08,-6.525397087010129e-09,1.4296218585381348e-08
strength_lateral_HZ_2,TS-P064,N264,interior_applied_load,,223.25,0.0,117.5,7.577686999475082e-09,-2.841103491528276,3.0861666736757137e-09,-1.0719317927508051e-07,-3.5601135839949904e-11,3.928076675131912e-09
strength_lateral_HZ_2,TS-P065,N265,interior_applied_load,,223.25,0.0,134.437,1.1688039608387092e-14,-5.682206982359903,5.809814413858921e-13,3.099260139367832e-12,-3.834956340295982e-15,-5.423575662806527e-13
strength_lateral_HZ_2,TS-P066,N266,interior_applied_load,,223.25,0.0,151.373,-1.3579757859871755e-08,-2.841103493255457,-2.9532040196926165e-07,1.6420125522036838e-07,-4.880510393826705e-11,9.05317190658117e-09
strength_lateral_HZ_2,TS-P067,N492,interior_applied_load,,223.25,0.0,153.373,-2.3673145124747386e-08,-10.758229166081096,3.8108371205237156e-07,-3.8636719622026724e-07,-7.376618111165303e-09,-2.323724541720819e-09
strength_lateral_HZ_2,TS-P068,N68,interface_action,BR-E-ground-1; S3; T-E,224.25,0.0,115.0,171.57737852331732,425.50061628132926,6.55899201429727,258.57399654700174,452.54955916747616,-902.6331765092173
strength_lateral_HZ_2,TS-P069,N70,interface_action,BR-R-main-2; S3; T-E top / segment 1; T-E vertical 2,224.25,0.0,153.373,-114.23656679722464,-141.93602361196105,-1.244279779892379,-183.22673659667873,325.56717275187106,674.3083405321037
strength_lateral_HZ_-2,TS-P001,N5,interface_action,T-W / B-WO; T-W diagonal 9; T-W vertical 2; W1,-32.0,0.0,115.0,-158.9304761314188,562.1007039768032,7.8852615832568445,29.91918145515458,-224.0174133258557,918.6374194771786
strength_lateral_HZ_-2,TS-P002,N7,interface_action,BR-R-main-1; T-W top / segment 1; T-W vertical 2; W1,-32.0,0.0,153.373,-9.93891519460393,-284.679992094237,-3.4090904800505166,268.5214343408004,-430.91720818450267,-927.955884143759
strength_lateral_HZ_-2,TS-P003,N90,interior_applied_load,,-31.0,0.0,115.0,2.205325110044425e-08,-8.78796765940652,-1.1430392072688736e-08,-2.1378957879526245e-08,6.864824911153042e-10,2.3120107723281254e-08
strength_lateral_HZ_-2,TS-P004,N246,interior_applied_load,,-31.0,0.0,117.5,-1.3591195988498709e-08,-2.8411034916522087,7.486939708681138e-09,-1.7148471324216353e-09,2.4099447653467647e-12,-6.1840001484663536e-09
strength_lateral_HZ_-2,TS-P005,N247,interior_applied_load,,-31.0,0.0,134.437,-1.2233603077227163e-14,-5.6822069823623345,-2.129570065874933e-14,6.853961657301705e-15,-1.287737450512894e-16,4.188916429628891e-13
strength_lateral_HZ_-2,TS-P006,N248,interior_applied_load,,-31.0,0.0,151.373,-3.288901435916092e-08,-2.8411034916408546,3.4395840481371565e-09,2.588656125568356e-08,5.2871520094190015e-11,-2.4435977963310762e-09
strength_lateral_HZ_-2,TS-P007,N483,interior_applied_load,,-31.0,0.0,153.373,5.154280351887435e-08,-10.758229167962524,-2.556145748146607e-09,-7.239940593983381e-09,1.5777066620378088e-09,8.597345184269249e-08
strength_lateral_HZ_-2,TS-P008,N91,interior_applied_load,,-21.323,0.0,115.0,1.2153451937723128e-13,-10.380379169030425,1.6141510091210406e-12,-1.5655260157877685e-13,-4.067313681855572e-12,4.719512990222878e-12
strength_lateral_HZ_-2,TS-P009,N267,interior_applied_load,,-10.146,-0.0,134.187,2.020155641191493e-12,-9.507263382587217,4.061916170241842e-14,-2.6841013475516466e-13,2.8432469806707463e-13,5.605102009000594e-13
strength_lateral_HZ_-2,TS-P010,N92,interior_applied_load,,-3.528,0.0,115.0,7.96428359348253e-12,-8.068671842740482,-1.7305388478169227e-12,3.303992415582053e-13,1.5387161091965363e-11,-1.5900632122897566e-10
strength_lateral_HZ_-2,TS-P011,N484,interior_applied_load,,-3.528,0.0,153.373,2.1422533560105064e-12,-15.759493784635913,-1.559527001854565e-13,4.1180313619525154e-14,3.7814953105716927e-13,1.410025547748515e-12
strength_lateral_HZ_-2,TS-P012,N93,interior_applied_load,,0.031,0.0,115.0,6.796885793836238e-12,-5.379114615577426,1.324460688035284e-11,3.96527115755835e-14,-2.089873746335346e-12,-4.200493547766103e-11
strength_lateral_HZ_-2,TS-P013,N94,interior_applied_load,,10.708,0.0,115.0,-2.9980118942951606e-09,-8.068671841010204,1.834550888979436e-08,2.351460681726536e-08,5.933856166227188e-11,-3.050787095171259e-09
strength_lateral_HZ_-2,TS-P014,N249,interior_applied_load,,10.708,0.0,117.5,1.118328052784044e-08,-2.841103492036564,-7.667398143577979e-09,-6.923591298995954e-09,-9.425067422680362e-11,3.4724230510372407e-09
strength_lateral_HZ_-2,TS-P015,N250,interior_applied_load,,10.708,0.0,134.437,-6.946447696973235e-14,-5.682206982363186,-1.1447472003637638e-14,2.610577503479032e-13,-7.387232834441497e-15,8.911655166924369e-13
strength_lateral_HZ_-2,TS-P016,N251,interior_applied_load,,10.708,0.0,151.373,1.1709742175902704e-08,-2.841103493315283,-1.3740322324373722e-08,-2.468225779317379e-08,-6.826152814759832e-11,-1.490782941537816e-08
strength_lateral_HZ_-2,TS-P017,N268,interior_applied_load,,10.708,-0.0,153.373,-3.961786008774641e-08,-20.327552583741962,-3.3074587958939076e-08,-2.0418541666532154e-08,5.1492015268785724e-11,1.8475713901591753e-08
strength_lateral_HZ_-2,TS-P018,N95,interior_applied_load,,21.385,0.0,115.0,-1.1561211846792152e-12,-5.379114551037218,2.2090652547353483e-11,-3.9287084955601283e-14,1.9607563144583732e-11,-1.021470077782111e-12
strength_lateral_HZ_-2,TS-P019,N96,interior_applied_load,,24.944,0.0,115.0,-5.107431264863702e-12,-8.068671939558042,-5.948731467975135e-12,-1.413174960743106e-13,1.3710115143066954e-11,4.968176870686461e-11
strength_lateral_HZ_-2,TS-P020,N485,interior_applied_load,,24.944,0.0,153.373,-7.391074212426789e-13,-16.137343685446822,-5.994462809069364e-13,1.107916398026545e-12,-5.049176913067604e-12,-4.534565989637028e-12
strength_lateral_HZ_-2,TS-P021,N269,interior_applied_load,,32.062,0.0,134.187,-3.528931282439765e-12,-9.631383457319387,2.0131063839974516e-14,3.798196526536065e-12,-1.6318818104713326e-12,1.0644463620709234e-12
strength_lateral_HZ_-2,TS-P022,N97,interior_applied_load,,42.74,0.0,115.0,4.824718093978052e-12,-10.758229134389582,5.01955364222897e-12,-2.3747622373560612e-14,-2.2234441158526904e-11,-2.943109083839819e-11
strength_lateral_HZ_-2,TS-P023,N98,interior_applied_load,,53.417,0.0,115.0,-2.4634825586687368e-08,-17.700055267823775,-7.656199662655638e-08,-3.540928500299068e-08,1.535012064493979e-10,6.202459516220134e-08
strength_lateral_HZ_-2,TS-P024,N252,interior_applied_load,,53.417,0.0,117.5,-3.779247088839375e-08,-2.8411034919006712,5.6566866760793e-08,-8.69386778917581e-08,-1.3191472286649952e-10,-3.122792701819105e-08
strength_lateral_HZ_-2,TS-P025,N253,interior_applied_load,,53.417,0.0,134.437,-2.107054479335287e-13,-5.682206982357083,6.773150712532661e-14,-3.609915726471772e-13,2.0529631602805737e-15,-6.939610703800925e-14
strength_lateral_HZ_-2,TS-P026,N254,interior_applied_load,,53.417,0.0,151.373,1.8260946513595777e-09,-2.8411034933190846,3.5783817811663177e-08,9.575599063671447e-09,-1.7830915078597142e-10,9.182372315633125e-09
strength_lateral_HZ_-2,TS-P027,N486,interior_applied_load,,53.417,0.0,153.373,4.895144049374382e-10,-21.516458299347992,-4.797591591779657e-09,4.972067990470335e-09,1.2570006752939767e-10,-3.1843697846797674e-08
strength_lateral_HZ_-2,TS-P028,N99,interior_applied_load,,64.094,0.0,115.0,7.23875437531908e-12,-10.75822916666921,-1.0805241940221526e-12,-1.9035610527084083e-11,3.5136169343450632e-12,-1.3687534413627886e-12
strength_lateral_HZ_-2,TS-P029,N270,interior_applied_load,,74.771,0.0,134.187,2.4391223403589983e-12,-9.631383457320823,5.966501715697418e-13,-5.86977943121515e-14,8.143125192726993e-12,1.0003870791494357e-12
strength_lateral_HZ_-2,TS-P030,N100,interior_applied_load,,81.889,0.0,115.0,5.347985267404014e-13,-8.0686718427391,1.507525259009032e-11,-3.918765689311923e-13,1.7924633108505033e-11,-5.13665579614101e-12
strength_lateral_HZ_-2,TS-P031,N487,interior_applied_load,,81.889,0.0,153.373,-1.5635334033680744e-11,-16.137343750001968,-3.4569272884544654e-12,4.072025497766431e-11,3.454984505853208e-11,3.2378915243134745e-11
strength_lateral_HZ_-2,TS-P032,N101,interior_applied_load,,85.448,0.0,115.0,-3.1307789540831205e-12,-5.379114583333883,-1.4198171683453681e-11,1.4174139140030497e-13,1.6926752891902286e-10,-9.843756745534037e-11
strength_lateral_HZ_-2,TS-P033,N102,interior_applied_load,,96.125,0.0,115.0,1.746005118263838e-09,-8.068671939263634,-8.032853315853572e-08,8.486513536354323e-08,1.0382315566807237e-10,-1.666660631727268e-08
strength_lateral_HZ_-2,TS-P034,N255,interior_applied_load,,96.125,0.0,117.5,4.892856108073079e-09,-2.841103491795166,-5.863002123736657e-09,3.096420549432728e-08,-1.6606170954413126e-10,-1.4601700786155514e-08
strength_lateral_HZ_-2,TS-P035,N256,interior_applied_load,,96.125,0.0,134.437,-9.94199277078215e-14,-5.682206982358609,2.438582347879849e-13,1.56845482525542e-12,-1.327163348467597e-15,3.21952765244912e-13
strength_lateral_HZ_-2,TS-P036,N257,interior_applied_load,,96.125,0.0,151.373,1.6046052764284724e-08,-2.8411034918294034,-2.7059095408787925e-08,5.863949503748245e-08,-3.971315013161576e-10,7.948570079907569e-08
strength_lateral_HZ_-2,TS-P037,N271,interior_applied_load,,96.125,0.0,153.373,-2.4670393084089763e-08,-20.389612624295797,1.6888963913749723e-07,-4.191450117176468e-07,1.0998407994350051e-10,1.4799046524445355e-08
strength_lateral_HZ_-2,TS-P038,N103,interior_applied_load,,106.802,0.0,115.0,6.553500396803416e-12,-5.379114583318572,-7.1637412289056e-11,-5.4239464937911566e-14,-2.9050437624827228e-11,4.3079580968635785e-11
strength_lateral_HZ_-2,TS-P039,N104,interior_applied_load,,110.361,0.0,115.0,-1.0545939813624712e-11,-8.068671842719032,8.211855819262769e-11,-3.471394347043892e-15,-1.650174367023912e-11,5.039262844658964e-12
strength_lateral_HZ_-2,TS-P040,N488,interior_applied_load,,110.361,0.0,153.373,-4.8382352798023e-12,-16.13734374999859,1.3592444677320436e-11,-1.4826861614925537e-13,6.346364034146842e-11,-8.920995822276715e-12
strength_lateral_HZ_-2,TS-P041,N272,interior_applied_load,,117.479,0.0,134.187,2.0952449390266506e-12,-9.631383457320286,4.01410180569803e-13,1.8646616746608826e-12,5.682954355360984e-13,-6.705077615955154e-13
strength_lateral_HZ_-2,TS-P042,N105,interior_applied_load,,128.156,0.0,115.0,3.0407976283268566e-12,-10.75822916666644,1.9035512599906865e-13,-3.2524261799831435e-12,-9.217562263350385e-12,-1.855624056915384e-12
strength_lateral_HZ_-2,TS-P043,N106,interior_applied_load,,138.833,0.0,115.0,7.138575821497606e-08,-17.700055266674855,9.148319655465047e-09,-2.7039008382025053e-09,-5.663665204125171e-09,-6.93091241394964e-08
strength_lateral_HZ_-2,TS-P044,N258,interior_applied_load,,138.833,0.0,117.5,-9.203943065992615e-08,-2.841103490815766,7.74431018270632e-08,-5.105482448324715e-08,1.1357675240534903e-08,-7.950217371030622e-08
strength_lateral_HZ_-2,TS-P045,N259,interior_applied_load,,138.833,0.0,134.437,-2.378661184464588e-13,-5.682206982366068,1.421986229034568e-13,3.4152243226923634e-13,-6.089194092547542e-14,2.225956156711648e-13
strength_lateral_HZ_-2,TS-P046,N260,interior_applied_load,,138.833,0.0,151.373,1.1879261012370801e-08,-2.841103490141628,2.1804399333996693e-07,3.6981140270897495e-07,-2.8910555830655627e-10,-2.7244450764851713e-08
strength_lateral_HZ_-2,TS-P047,N489,interior_applied_load,,138.833,0.0,153.373,-1.184787417594137e-08,-21.516458303466667,-2.65930095487933e-07,1.7286352068065266e-07,-1.5542245636262633e-10,-1.4130061208290293e-08
strength_lateral_HZ_-2,TS-P048,N107,interior_applied_load,,149.51,0.0,115.0,-2.4149597612475543e-13,-10.758229134384832,1.540665273051288e-12,-3.146131600965114e-11,-9.513948880115144e-11,-1.2370031149303015e-11
strength_lateral_HZ_-2,TS-P049,N273,interior_applied_load,,160.188,0.0,134.187,-5.050863437739055e-13,-9.631383457319311,-4.0549472893459785e-13,-3.144780643578608e-11,3.4728986893673214e-12,5.813946505259058e-13
strength_lateral_HZ_-2,TS-P050,N108,interior_applied_load,,167.306,0.0,115.0,5.4311432954705e-12,-8.068671939529821,-5.74837710519956e-11,-1.8011189765952178e-13,5.000326217912297e-11,-4.961280509272926e-11
strength_lateral_HZ_-2,TS-P051,N490,interior_applied_load,,167.306,0.0,153.373,-3.1566919357411215e-12,-16.137343685451334,-6.405971203538062e-12,6.035097119992911e-12,8.520155011024149e-11,-6.574413865047525e-11
strength_lateral_HZ_-2,TS-P052,N109,interior_applied_load,,170.865,0.0,115.0,3.193855915229368e-12,-5.379114551032221,-2.764911021684683e-11,2.105359524074834e-14,-2.2569898530716466e-10,-3.9815977920057074e-11
strength_lateral_HZ_-2,TS-P053,N110,interior_applied_load,,181.542,0.0,115.0,-7.507097166126186e-10,-8.068671842432323,2.869970717606085e-07,1.3279697015644576e-08,-1.1895095498758128e-10,2.4762368155961667e-08
strength_lateral_HZ_-2,TS-P054,N261,interior_applied_load,,181.542,0.0,117.5,4.900018347500143e-08,-2.8411034925034158,-1.5098822315936508e-07,-1.459909076556841e-07,-8.507867651008226e-11,2.3370304618643865e-08
strength_lateral_HZ_-2,TS-P055,N262,interior_applied_load,,181.542,0.0,134.437,8.714624590778748e-15,-5.682206982362817,4.0563289401197e-13,4.139338421224058e-12,-2.030332189077612e-14,5.052209146614294e-13
strength_lateral_HZ_-2,TS-P056,N263,interior_applied_load,,181.542,0.0,151.373,8.019414849194662e-09,-2.841103491975155,-5.635498324940702e-09,-4.6287396457400654e-08,-7.931119690240318e-11,-2.12563705491442e-08
strength_lateral_HZ_-2,TS-P057,N274,interior_applied_load,,181.542,0.0,153.373,3.176726100910769e-08,-20.32755258761124,4.0058446990723636e-07,2.6379796347083708e-08,2.3145262648756555e-10,-1.2114036258328874e-08
strength_lateral_HZ_-2,TS-P058,N111,interior_applied_load,,192.219,0.0,115.0,5.923982352836005e-12,-5.379114615592287,2.5013190739953696e-10,1.6375789556857187e-14,-1.1989259663558812e-10,-1.2532758764136532e-11
strength_lateral_HZ_-2,TS-P059,N112,interior_applied_load,,195.778,0.0,115.0,8.944291704879073e-13,-8.068671842714068,2.5873063302932686e-11,-2.3611353703770218e-14,1.606569770524149e-10,-3.233355229234666e-11
strength_lateral_HZ_-2,TS-P060,N491,interior_applied_load,,195.778,0.0,153.373,1.1130104604197617e-12,-15.759493784636112,-4.037441503766069e-12,3.6083048242048605e-14,-2.8451480957693223e-10,1.9995985555723196e-12
strength_lateral_HZ_-2,TS-P061,N275,interior_applied_load,,202.396,0.0,134.187,6.269514389761981e-13,-9.507263382590425,2.602734643494265e-13,-2.8946249701102e-12,-7.281765138144908e-13,-1.2150401501736923e-12
strength_lateral_HZ_-2,TS-P062,N113,interior_applied_load,,213.573,0.0,115.0,2.7172411131270325e-12,-10.380379169036354,-8.630224721014333e-12,-4.3116727994156604e-14,-6.143201683603366e-11,-1.4017347846268e-11
strength_lateral_HZ_-2,TS-P063,N114,interior_applied_load,,223.25,0.0,115.0,-1.3208100473757014e-08,-8.787967665474923,-2.800360194231411e-07,-2.386671931634338e-07,1.1145366344496266e-08,5.3695719785925866e-08
strength_lateral_HZ_-2,TS-P064,N264,interior_applied_load,,223.25,0.0,117.5,2.113962343797782e-08,-2.8411034915855056,1.322232822256709e-07,-1.1759663261509762e-07,-9.07971160692547e-11,5.425523477517625e-09
strength_lateral_HZ_-2,TS-P065,N265,interior_applied_load,,223.25,0.0,134.437,1.9253417087179993e-13,-5.682206982362676,-8.341395581376434e-13,-3.1788133580326967e-13,7.68150150436169e-15,1.6624870136600148e-12
strength_lateral_HZ_-2,TS-P066,N266,interior_applied_load,,223.25,0.0,151.373,-4.398352912091119e-08,-2.8411034920355576,-2.436989982729232e-07,-1.9413096638554173e-07,-2.5739255151750622e-11,3.7238594631505695e-08
strength_lateral_HZ_-2,TS-P067,N492,interior_applied_load,,223.25,0.0,153.373,3.839559367321832e-08,-10.758229165672166,-2.577385667335277e-07,-8.044187458182491e-08,-5.412783595753449e-09,6.914265841434353e-08
strength_lateral_HZ_-2,TS-P068,N68,interface_action,BR-E-ground-1; S3; T-E,224.25,0.0,115.0,87.76026615561392,690.0085197082068,8.892894975920525,-179.03503318689576,-248.30207914827062,-1248.358063569911
strength_lateral_HZ_-2,TS-P069,N70,interface_action,BR-R-main-2; S3; T-E top / segment 1; T-E vertical 2,224.25,0.0,153.373,81.1091253036094,-387.01336288901206,-13.369066610655926,524.4226231403585,-243.782185146151,711.9652397189376
basic_Droof,TS-P001,N5,interface_action,T-W / B-WO; T-W diagonal 9; T-W vertical 2; W1,-32.0,0.0,115.0,5.427340744092658,115.83851313820315,2.0024604746309675,-9.030473476071746,31.947803597724704,82.10293913453417
basic_Droof,TS-P002,N7,interface_action,BR-R-main-1; T-W top / segment 1; T-W vertical 2; W1,-32.0,0.0,153.373,-8.59490448954592,-112.39350994694124,-2.278095072195948,122.28951526305691,2.290356140989576,-97.930572399838
basic_Droof,TS-P068,N68,interface_action,BR-E-ground-1; S3; T-E,224.25,0.0,115.0,16.830528030417682,106.64268550332305,3.448098879852181,15.244529351151668,60.20278032802495,-105.66843638037636
basic_Droof,TS-P069,N70,interface_action,BR-R-main-2; S3; T-E top / segment 1; T-E vertical 2,224.25,0.0,153.373,-13.662964282007808,-110.08768869341084,-3.172464180472271,80.65074269616838,-23.809560452034365,150.17693888907107
basic_Dsteel,TS-P001,N5,interface_action,T-W / B-WO; T-W diagonal 9; T-W vertical 2; W1,-32.0,0.0,115.0,-124.4413952800596,370.09060473886086,1.3848976718017156,1.0090032077425346,110.02937930360474,794.643542118717
basic_Dsteel,TS-P002,N7,interface_action,BR-R-main-1; T-W top / segment 1; T-W vertical 2; W1,-32.0,0.0,153.373,33.35470779124142,-134.25561305571046,-1.4586546726390803,87.4652191414726,-173.91609233688345,-695.7292831621808
basic_Dsteel,TS-P003,N90,interior_applied_load,,-31.0,0.0,115.0,3.4049180540737304e-08,-7.323306383958174,-4.560556836167615e-10,-2.634512196655186e-09,-3.511532434587614e-10,-2.034875505725281e-08
basic_Dsteel,TS-P004,N246,interior_applied_load,,-31.0,0.0,117.5,-3.47249901657562e-08,-2.3675862429519223,4.437116777266676e-10,1.1563254653877922e-09,1.4451345193059055e-11,-3.314057504421472e-08
basic_Dsteel,TS-P005,N247,interior_applied_load,,-31.0,0.0,134.437,2.520648231318461e-15,-4.735172485302718,-7.914340206424261e-15,-4.364560494919591e-14,1.13308927213677e-14,1.0009264539186258e-14
basic_Dsteel,TS-P006,N248,interior_applied_load,,-31.0,0.0,151.373,9.766614988970801e-09,-2.367586242944026,-5.263782253822624e-09,1.88425536215564e-08,9.404697124937571e-11,-1.5669081976366073e-08
basic_Dsteel,TS-P007,N483,interior_applied_load,,-31.0,0.0,153.373,-4.000752994912116e-09,-8.965190971886535,-7.053312387125818e-09,1.2379762900743076e-08,-6.268932295357414e-10,6.36682794718491e-10
basic_Dsteel,TS-P008,N91,interior_applied_load,,-21.323,0.0,115.0,3.5515205782305933e-14,-8.65031597419112,1.8361399771127823e-13,-9.910580490588734e-14,1.0659320071167088e-12,4.118544695904224e-11
basic_Dsteel,TS-P009,N267,interior_applied_load,,-10.146,-0.0,134.187,9.405295316777435e-14,-7.922719485489871,-4.882100037039082e-15,5.405902990582602e-14,-1.809454422723601e-13,-5.034768653174334e-13
basic_Dsteel,TS-P010,N92,interior_applied_load,,-3.528,0.0,115.0,-2.8353875865858592e-14,-6.723893202243018,1.4003735396810794e-13,1.8787712053886462e-13,-4.491606292146007e-12,9.873728097198537e-12
basic_Dsteel,TS-P011,N484,interior_applied_load,,-3.528,0.0,153.373,-6.665165834453698e-13,-13.132911487196528,-1.0437660047692209e-13,4.571698700067191e-14,-1.7844339562693674e-12,3.90094302499255e-13
basic_Dsteel,TS-P012,N93,interior_applied_load,,0.031,0.0,115.0,1.3106286108139136e-14,-4.4825955130272215,-2.2483108394766254e-12,1.1077570877203323e-13,5.456000800752288e-13,-6.665176282206431e-12
basic_Dsteel,TS-P013,N94,interior_applied_load,,10.708,0.0,115.0,-4.128827668647972e-09,-6.723893201725018,-1.1245568365403358e-09,-4.119149493719831e-09,2.8909275447920856e-11,-2.4576865820247207e-09
basic_Dsteel,TS-P014,N249,interior_applied_load,,10.708,0.0,117.5,2.9315163922390845e-09,-2.3675862430723567,-3.804893762929057e-10,7.324477534884424e-10,1.044402070401491e-11,-1.1942731044112004e-08
basic_Dsteel,TS-P015,N250,interior_applied_load,,10.708,0.0,134.437,-2.982563127792628e-15,-4.735172485303001,-1.9704177323634673e-14,-1.6053702040457629e-13,-6.321403388543113e-16,3.359645061900359e-14
basic_Dsteel,TS-P016,N251,interior_applied_load,,10.708,0.0,151.373,4.520622216841463e-09,-2.367586243389742,-1.197002918659762e-08,-1.170530975619366e-08,-2.5677397587515886e-11,-6.6614282284716e-09
basic_Dsteel,TS-P017,N268,interior_applied_load,,10.708,-0.0,153.373,-9.70116659135169e-09,-16.939627155167816,-8.178021452370631e-08,-1.9111975343227618e-08,3.487775822702132e-11,5.9801154171686605e-09
basic_Dsteel,TS-P018,N95,interior_applied_load,,21.385,0.0,115.0,-2.231621168807621e-13,-4.482595459210379,-7.995692604583574e-12,-1.3252690711120495e-14,4.526817432963449e-12,-2.613107950421298e-12
basic_Dsteel,TS-P019,N96,interior_applied_load,,24.944,0.0,115.0,1.4968275417370108e-13,-6.723893282951727,3.476303646481012e-12,6.722111739143393e-14,4.9067459205661895e-12,-1.6519917810914373e-11
basic_Dsteel,TS-P020,N485,interior_applied_load,,24.944,0.0,153.373,-7.064752771320877e-13,-13.447786404541242,-1.2295320291842568e-12,-8.911370560664601e-13,-2.191177363508228e-11,2.2753239161821102e-11
basic_Dsteel,TS-P021,N269,interior_applied_load,,32.062,0.0,134.187,-8.79457688923713e-13,-8.026152881099701,3.140021244359308e-14,5.186420429372388e-13,3.3959538496458424e-13,4.2219195391505307e-13
basic_Dsteel,TS-P022,N97,interior_applied_load,,42.74,0.0,115.0,1.29523324591284e-13,-8.965190945324743,-1.48979914691074e-12,-3.2608160195591084e-14,7.587087014101223e-12,-2.4580242742448542e-11
basic_Dsteel,TS-P023,N98,interior_applied_load,,53.417,0.0,115.0,4.156235363245797e-09,-14.750046055884281,4.037254927020218e-09,-1.705468938214947e-10,-1.4525475222792611e-13,-7.18643690398254e-10
basic_Dsteel,TS-P024,N252,interior_applied_load,,53.417,0.0,117.5,-2.762802782102482e-08,-2.3675862436513615,-2.0923046881937592e-09,-1.720008572523488e-09,3.411276039238925e-11,-3.152012299375833e-08
basic_Dsteel,TS-P025,N253,interior_applied_load,,53.417,0.0,134.437,4.129234564531568e-14,-4.735172485304196,-3.69069625606311e-14,3.90661701748644e-14,-7.437235804705811e-16,-4.826724540410913e-13
basic_Dsteel,TS-P026,N254,interior_applied_load,,53.417,0.0,151.373,-1.4048349289419448e-11,-2.367586243456633,3.7414599557417105e-08,-2.220508721340053e-09,2.3673995579908998e-11,-5.500959666948635e-09
basic_Dsteel,TS-P027,N486,interior_applied_load,,53.417,0.0,153.373,9.373682196296543e-09,-17.930381917642304,2.8074798796752307e-08,1.2890170216884356e-08,-1.972895721861788e-11,7.69324064249482e-09
basic_Dsteel,TS-P028,N99,interior_applied_load,,64.094,0.0,115.0,-3.140193216848909e-12,-8.965190972222555,3.3826044316230203e-13,7.98181968352625e-12,-8.014701765316605e-13,1.9501093012995113e-12
basic_Dsteel,TS-P029,N270,interior_applied_load,,74.771,0.0,134.187,1.47477950349181e-13,-8.026152881101979,3.8643710079707794e-14,-9.132862262066007e-13,-1.293339010490117e-12,-1.352470753220824e-12
basic_Dsteel,TS-P030,N100,interior_applied_load,,81.889,0.0,115.0,3.190001164315097e-13,-6.723893202275995,-1.5263142072057046e-11,-1.5982935379312956e-14,5.932272161776214e-13,2.847450526067556e-11
basic_Dsteel,TS-P031,N487,interior_applied_load,,81.889,0.0,153.373,-6.901889194091334e-12,-13.447786458336761,9.406014963858226e-13,-2.0410396637546575e-13,-1.9085959879073406e-11,-7.821121734162501e-12
basic_Dsteel,TS-P032,N101,interior_applied_load,,85.448,0.0,115.0,-8.609223856648896e-13,-4.482595486148695,1.8028561032998407e-11,7.586669582958625e-15,9.001619512711351e-12,-1.9220442447392098e-11
basic_Dsteel,TS-P033,N102,interior_applied_load,,96.125,0.0,115.0,1.2348500000314289e-09,-6.723893283903581,2.087972816866568e-08,-3.1669333822037515e-09,-2.9206432507965194e-11,5.062450680881625e-09
basic_Dsteel,TS-P034,N255,interior_applied_load,,96.125,0.0,117.5,-9.891196769822857e-10,-2.3675862429924095,-9.186587146574527e-09,-4.364222309632608e-09,1.2386786280560784e-11,-3.724206726173786e-09
basic_Dsteel,TS-P035,N256,interior_applied_load,,96.125,0.0,134.437,-2.093802077976908e-14,-4.735172485303378,-1.2455526943501828e-13,2.534392820664454e-13,3.1090323134256395e-16,8.443842959081718e-15
basic_Dsteel,TS-P036,N257,interior_applied_load,,96.125,0.0,151.373,2.596015002964691e-08,-2.3675862422215945,1.1907771291230773e-07,1.0670393746359252e-07,1.8798623567676337e-12,-2.660264009080038e-09
basic_Dsteel,TS-P037,N271,interior_applied_load,,96.125,0.0,153.373,-3.646287617294879e-08,-16.991343853486843,-1.6064097616686865e-07,2.056270205191879e-07,-1.9089184465454743e-11,-1.2936531930210846e-08
basic_Dsteel,TS-P038,N103,interior_applied_load,,106.802,0.0,115.0,5.849599407222412e-13,-4.482595486140611,1.7905167937613306e-12,-3.4887211812985074e-14,-9.321698311313115e-13,2.6936995467877394e-11
basic_Dsteel,TS-P039,N104,interior_applied_load,,110.361,0.0,115.0,-3.3662462727268467e-14,-6.723893202263663,-7.920051582269701e-12,-1.3706733176813135e-13,3.0226631138443496e-11,2.727771891560485e-11
basic_Dsteel,TS-P040,N488,interior_applied_load,,110.361,0.0,153.373,-3.210087483629235e-13,-13.447786458332473,-1.6774492440930431e-12,3.0717672553998204e-14,-1.7498418623582468e-12,7.936341353876611e-13
basic_Dsteel,TS-P041,N272,interior_applied_load,,117.479,0.0,134.187,-9.59028069512909e-14,-8.026152881099515,1.917288683195594e-14,-4.2583335237943383e-13,-2.459782944878909e-13,5.394995399730251e-14
basic_Dsteel,TS-P042,N105,interior_applied_load,,128.156,0.0,115.0,1.1461319401636597e-12,-8.965190972221766,1.6251361354312516e-13,1.6648427678640837e-13,2.614839322297673e-13,5.110790646430799e-12
basic_Dsteel,TS-P043,N106,interior_applied_load,,138.833,0.0,115.0,1.9556501582333005e-08,-14.750046056852371,-1.398792161444322e-08,-1.9308957657795583e-08,-7.0191891590865e-10,1.5218191212763527e-09
basic_Dsteel,TS-P044,N258,interior_applied_load,,138.833,0.0,117.5,-2.403765707284634e-08,-2.367586242929262,4.85217446694723e-09,-7.405393638920805e-09,-3.2453834802533944e-11,-3.2986996338853137e-08
basic_Dsteel,TS-P045,N259,interior_applied_load,,138.833,0.0,134.437,3.0802450500823023e-15,-4.735172485302265,-3.68198596392894e-14,1.1892670312734613e-13,-1.7652644643748544e-15,7.821955467666067e-14
basic_Dsteel,TS-P046,N260,interior_applied_load,,138.833,0.0,151.373,1.5142012123325888e-09,-2.367586243436013,3.603352129177839e-08,-1.0436587732920444e-08,-1.201283954173494e-12,3.9963913636698045e-09
basic_Dsteel,TS-P047,N489,interior_applied_load,,138.833,0.0,153.373,-7.981126518061667e-10,-17.930381916813587,-7.103564595230384e-08,3.2531568210485594e-08,-6.398209969930928e-12,5.218616038393337e-10
basic_Dsteel,TS-P048,N107,interior_applied_load,,149.51,0.0,115.0,-8.286917911842023e-13,-8.965190945330141,-4.036597304547865e-12,4.3199182865804444e-12,-7.926787162450797e-12,8.635659209984106e-11
basic_Dsteel,TS-P049,N273,interior_applied_load,,160.188,0.0,134.187,2.1349902147062638e-13,-8.026152881099609,2.2963825048200894e-14,3.65458329199318e-13,8.045920824017792e-13,4.457513491141604e-13
basic_Dsteel,TS-P050,N108,interior_applied_load,,167.306,0.0,115.0,-5.087188472089153e-13,-6.72389328293021,7.532021699581394e-12,-1.6932786646032502e-13,-1.7428665707981595e-11,-1.762061173090648e-12
basic_Dsteel,TS-P051,N490,interior_applied_load,,167.306,0.0,153.373,-5.109682716276822e-13,-13.447786404541302,-1.8759721823422486e-13,3.194993183721277e-12,-6.165850909281421e-12,-2.3851929439862735e-11
basic_Dsteel,TS-P052,N109,interior_applied_load,,170.865,0.0,115.0,1.5223003325680377e-12,-4.482595459209168,-1.717044397042893e-11,5.469272040516932e-14,3.6538800832183656e-12,-3.975973073160011e-11
basic_Dsteel,TS-P053,N110,interior_applied_load,,181.542,0.0,115.0,-2.9814870572408836e-09,-6.723893203244728,-7.624979314613256e-09,8.636005244255784e-10,1.0367147864842139e-11,1.9131963568952415e-08
basic_Dsteel,TS-P054,N261,interior_applied_load,,181.542,0.0,117.5,1.2972200586981466e-08,-2.36758624212524,2.429621660378144e-09,7.940094433574572e-09,-2.093946161357592e-11,-3.284705821688248e-09
basic_Dsteel,TS-P055,N262,interior_applied_load,,181.542,0.0,134.437,-1.7634722725889798e-16,-4.735172485303242,-1.558669771242953e-14,-4.3676345440136334e-13,-3.2713252089644098e-15,6.176016151275899e-14
basic_Dsteel,TS-P056,N263,interior_applied_load,,181.542,0.0,151.373,1.3585340578187166e-09,-2.3675862432478834,1.3559040390465071e-08,4.536094067031371e-08,2.173421602341985e-11,-3.3892162375204204e-09
basic_Dsteel,TS-P057,N274,interior_applied_load,,181.542,0.0,153.373,3.16319415208371e-10,-16.93962715593023,-7.952284421895442e-08,7.664147946937767e-09,-2.3337703224769367e-11,2.8374220070714386e-10
basic_Dsteel,TS-P058,N111,interior_applied_load,,192.219,0.0,115.0,-6.198547179274987e-13,-4.482595513001558,-1.5164260953657258e-11,7.204013380676117e-14,-8.312171369708334e-12,-1.28734559342626e-11
basic_Dsteel,TS-P059,N112,interior_applied_load,,195.778,0.0,115.0,2.5123621762720063e-12,-6.72389320226468,2.2523550544454684e-12,-8.17311896825517e-14,-5.279223677342852e-12,8.392646146171612e-13
basic_Dsteel,TS-P060,N491,interior_applied_load,,195.778,0.0,153.373,-7.896162101109651e-14,-13.132911487196695,-1.5352093244860692e-13,5.309502254034908e-14,3.6042213967752274e-13,-1.1713001693751958e-12
basic_Dsteel,TS-P061,N275,interior_applied_load,,202.396,0.0,134.187,2.0297433438403888e-13,-7.922719485490434,9.939896080435995e-15,1.8867195480317047e-13,1.86472424307621e-13,-4.700860188755428e-13
basic_Dsteel,TS-P062,N113,interior_applied_load,,213.573,0.0,115.0,-4.589173683073836e-13,-8.650315974189587,3.6728182734740274e-13,5.387809273320487e-15,2.7227741817179168e-12,3.71421807571115e-11
basic_Dsteel,TS-P063,N114,interior_applied_load,,223.25,0.0,115.0,1.6422041838007452e-09,-7.323306385417507,-2.186135005623979e-09,1.5922475450841953e-08,1.1387162033248018e-09,8.292554756601515e-10
basic_Dsteel,TS-P064,N264,interior_applied_load,,223.25,0.0,117.5,-1.93620008140146e-09,-2.36758624251465,2.406462069530599e-09,-7.807437119755733e-10,-1.117373884790592e-11,-2.027035205143154e-09
basic_Dsteel,TS-P065,N265,interior_applied_load,,223.25,0.0,134.437,2.2572514009222662e-14,-4.735172485302101,3.472291495169626e-14,2.6871550580582806e-13,-6.1208571922862786e-15,-7.235145667923546e-14
basic_Dsteel,TS-P066,N266,interior_applied_load,,223.25,0.0,151.373,5.4151199115060056e-09,-2.3675862431527603,8.624503101267722e-09,1.0406281607255874e-08,-4.706915553086408e-11,-8.887574530491715e-09
basic_Dsteel,TS-P067,N492,interior_applied_load,,223.25,0.0,153.373,-1.6898296130440915e-09,-8.965190971078506,2.697718193567674e-08,2.8809061085124994e-08,5.5966397254143355e-11,2.0863210542952145e-09
basic_Dsteel,TS-P068,N68,interface_action,BR-E-ground-1; S3; T-E,224.25,0.0,115.0,91.22682361676047,358.1527879272073,2.9901873709164652,17.89670539546743,24.900337198618097,-790.5779140932287
basic_Dsteel,TS-P069,N70,interface_action,BR-R-main-2; S3; T-E top / segment 1; T-E vertical 2,224.25,0.0,153.373,-0.14013608317339643,-110.30788903052414,-2.9164301347321757,61.51421001846993,57.88663942890697,427.43705273840413
basic_Dwall,TS-P001,N5,interface_action,T-W / B-WO; T-W diagonal 9; T-W vertical 2; W1,-32.0,0.0,115.0,2.5894578705689617,128.95173845484538,1.382570549006719,36.74011149114751,7.767462117722133,332.26972680040126
basic_Dwall,TS-P002,N7,interface_action,BR-R-main-1; T-W top / segment 1; T-W vertical 2; W1,-32.0,0.0,153.373,-3.184183886671439,0.7493367783402454,-1.5099018443824614,32.09856561532839,1.6941266557300712,89.29108065066622
basic_Dwall,TS-P008,N91,interior_applied_load,,-21.323,0.0,115.0,-9.256813415540213e-14,-21.57545927893541,2.975937868394547e-14,-4.506818562094725e-14,1.5355685914325199e-13,4.331967688407019e-12
basic_Dwall,TS-P012,N93,interior_applied_load,,0.031,0.0,115.0,-6.953826017259846e-14,-21.575459278928204,1.3511752723507818e-13,9.731254657823222e-16,-1.5287014046788856e-13,-2.577416839877755e-11
basic_Dwall,TS-P018,N95,interior_applied_load,,21.385,0.0,115.0,-5.018939779947069e-13,-21.575459278928513,-2.0059972115085968e-13,3.895120504536743e-14,2.917994391664119e-13,-1.0874466341558276e-11
basic_Dwall,TS-P022,N97,interior_applied_load,,42.74,0.0,115.0,-7.002134773863849e-14,-21.575459278934527,-1.609203583545224e-13,-9.4251595740446e-16,4.547641120728493e-13,-6.552155789992169e-12
basic_Dwall,TS-P028,N99,interior_applied_load,,64.094,0.0,115.0,-2.700808547712008e-12,-21.575459278935377,3.088872018839235e-14,-1.0114835734209963e-12,-3.205705108176118e-14,1.0021066637029035e-12
basic_Dwall,TS-P032,N101,interior_applied_load,,85.448,0.0,115.0,-3.9191873169575956e-15,-21.575459278940095,5.978408869194389e-13,-1.148051937077069e-14,2.0210817048757514e-12,-2.853916625774714e-11
basic_Dwall,TS-P038,N103,interior_applied_load,,106.802,0.0,115.0,1.115250518419731e-13,-21.57545927893245,9.258799139497373e-13,-2.30146225375386e-14,5.913560151588184e-13,2.3610992822436393e-11
basic_Dwall,TS-P042,N105,interior_applied_load,,128.156,0.0,115.0,5.7209062317933e-14,-21.57545927893529,-2.3205137027758243e-14,-1.1907424155357945e-14,-6.998365844542193e-13,1.8247038499538595e-12
basic_Dwall,TS-P048,N107,interior_applied_load,,149.51,0.0,115.0,3.676618166114144e-13,-21.575459278933437,-2.2200594537684085e-13,-2.4745855510739984e-13,-1.573117612758403e-13,-1.3137619030657436e-11
basic_Dwall,TS-P052,N109,interior_applied_load,,170.865,0.0,115.0,-4.416145928970752e-13,-21.57545927893696,7.487831509206095e-14,-2.0015690708485107e-14,-6.397041108044763e-13,-9.654018624760077e-12
basic_Dwall,TS-P058,N111,interior_applied_load,,192.219,0.0,115.0,1.4503698912559634e-13,-21.575459278932804,-2.388346054128884e-12,-1.417439487415754e-14,-1.5639660043744315e-12,-6.593397491160919e-12
basic_Dwall,TS-P062,N113,interior_applied_load,,213.573,0.0,115.0,-1.7854826959171215e-13,-21.57545927893672,1.1613957051494847e-13,1.425948598076786e-16,2.3900436215041217e-12,-3.229127473854479e-12
basic_Dwall,TS-P068,N68,interface_action,BR-E-ground-1; S3; T-E,224.25,0.0,115.0,-0.5622268273012458,129.67968103872494,1.3626021980499283,20.571181638073323,29.516781720840385,-355.2357488794117
basic_Dwall,TS-P069,N70,interface_action,BR-R-main-2; S3; T-E top / segment 1; T-E vertical 2,224.25,0.0,153.373,1.1569528590041958,-0.4752449236750198,-1.2352708513744475,15.93065494659566,-6.349718769817238,-80.48410802062769
basic_HX,TS-P001,N5,interface_action,T-W / B-WO; T-W diagonal 9; T-W vertical 2; W1,-32.0,0.0,115.0,-85.0027886891118,-46.366887768516364,-5.011562446406535,-53.36874462177346,544.2509324050606,-261.40123347170794
basic_HX,TS-P002,N7,interface_action,BR-R-main-1; T-W top / segment 1; T-W vertical 2; W1,-32.0,0.0,153.373,161.29616009447034,12.838543665200278,-1.84321271214553,13.401222289455376,346.02687230982235,25.018552403200626
basic_HX,TS-P068,N68,interface_action,BR-E-ground-1; S3; T-E,224.25,0.0,115.0,-130.13166863197057,42.32439269721922,3.146891740363059,16.650132366952967,446.51917110932163,-181.18412648321925
basic_HX,TS-P069,N70,interface_action,BR-R-main-2; S3; T-E top / segment 1; T-E vertical 2,224.25,0.0,153.373,53.838297503323645,-8.796048594555192,3.7078832295261326,-48.23561910712808,419.7391038431644,81.28316289671274
basic_HZ,TS-P001,N5,interface_action,T-W / B-WO; T-W diagonal 9; T-W vertical 2; W1,-32.0,0.0,115.0,8.056805494735084,10.507118819285793,-1.9102159009264235,-19.77247288056239,197.19501592527126,66.72917949512954
basic_HZ,TS-P002,N7,interface_action,BR-R-main-1; T-W top / segment 1; T-W vertical 2; W1,-32.0,0.0,153.373,19.82533940107296,-5.649477782043593,-0.5375046051594999,-8.407876538381945,112.48316189771867,-12.217971255445294
basic_HZ,TS-P068,N68,interface_action,BR-E-ground-1; S3; T-E,224.25,0.0,115.0,20.954278091896924,-66.12697585409533,-0.5834757480207379,109.40225743363985,175.21290957445783,86.43122176381902
basic_HZ,TS-P069,N70,interface_action,BR-R-main-2; S3; T-E top / segment 1; T-E vertical 2,224.25,0.0,153.373,-48.836423025145955,61.26933481891702,3.031196695155881,-176.91233993410208,142.33733946836023,-9.414224796522285
basic_R20,TS-P001,N5,interface_action,T-W / B-WO; T-W diagonal 9; T-W vertical 2; W1,-32.0,0.0,115.0,9.116789683470206,212.93324352761363,3.800198181371205,-19.511347589390752,54.038890256949415,162.73715751639364
basic_R20,TS-P002,N7,interface_action,BR-R-main-1; T-W top / segment 1; T-W vertical 2; W1,-32.0,0.0,153.373,-12.518299200303208,-207.15562244367823,-4.324141530934851,221.9459661933931,11.401277313918849,-190.43044355756467
basic_R20,TS-P068,N68,interface_action,BR-E-ground-1; S3; T-E,224.25,0.0,115.0,27.999458252721446,202.41150011278347,7.164657419533216,45.20565904293931,107.69321937410764,-188.74608500280016
basic_R20,TS-P069,N70,interface_action,BR-R-main-2; S3; T-E top / segment 1; T-E vertical 2,224.25,0.0,153.373,-24.597948734216164,-208.18912119863697,-6.640713878245461,173.11412582970956,-38.87287774215361,272.6929927951299
basic_U20,TS-P001,N5,interface_action,T-W / B-WO; T-W diagonal 9; T-W vertical 2; W1,-32.0,0.0,115.0,-9.116789683470206,-212.93324352761363,-3.800198181371205,19.511347589390752,-54.038890256949415,-162.73715751639364
basic_U20,TS-P002,N7,interface_action,BR-R-main-1; T-W top / segment 1; T-W vertical 2; W1,-32.0,0.0,153.373,12.518299200303208,207.15562244367823,4.324141530934851,-221.9459661933931,-11.401277313918849,190.43044355756467
basic_U20,TS-P068,N68,interface_action,BR-E-ground-1; S3; T-E,224.25,0.0,115.0,-27.999458252721446,-202.41150011278347,-7.164657419533216,-45.20565904293931,-107.69321937410764,188.74608500280016
basic_U20,TS-P069,N70,interface_action,BR-R-main-2; S3; T-E top / segment 1; T-E vertical 2,224.25,0.0,153.373,24.597948734216164,208.18912119863697,6.640713878245461,-173.11412582970956,38.87287774215361,-272.6929927951299
