case,point,solver_node,kind,adjacent_members,x_east_in,y_north_in,z_up_in,FX_lb,FY_lb,FZ_lb,MX_lb_in,MY_lb_in,MZ_lb_in
roof_first_service,TW-P001,N76,interface_action,SW0; T-SO,-32.0,-63.0,115.0,-10.440610994732532,-738.6110523904713,2484.33531958181,4242.446025821526,-282.14700563317905,-337.1375657892849
roof_first_service,TW-P002,N78,interface_action,SW0,-32.0,-63.0,117.0,-5.293084771103167,-792.8352205216961,-2441.5476253305387,-2503.591233174453,181.9233411798723,-74.56100574019558
roof_first_service,TW-P003,N115,interior_applied_load,,-32.0,-61.0,115.0,2.2585638293276313e-11,-21.284457898999264,-2.0424382447254304e-13,-6.617790366234833e-11,-4.589072266525043e-11,1.896214378285797e-12
roof_first_service,TW-P004,N504,interior_applied_load,,-32.0,-57.84,119.979,0.0,-293.764803210639,-9.094947017729282e-12,-1.4551915228366852e-11,0.0,-1.8189894035458565e-12
roof_first_service,TW-P005,N505,interior_applied_load,,-32.0,-47.52,125.937,1.7360949311459853e-13,-295.789767636561,5.99314708208457e-12,2.4276433489039435e-13,2.9321796659301176e-12,1.1224710531369764e-12
roof_first_service,TW-P006,N332,interior_applied_load,,-32.0,-41.0,128.124,0.0,-10.415915797636046,4.547473508864641e-12,2.7284841053187847e-12,5.684341886080802e-14,-2.2737367544323206e-13
roof_first_service,TW-P007,N506,interior_applied_load,,-32.0,-39.78,130.406,1.024370626621137e-11,-8.099857703720337,4.866026020095116e-11,2.8462558063680705e-10,-1.801121646896338e-11,-5.282245124562506e-12
roof_first_service,TW-P008,N507,interior_applied_load,,-32.0,-37.2,131.896,9.985462965984357e-13,-291.7398387846763,-9.001399421139296e-11,-2.5522742069415223e-10,9.095864961350235e-12,1.2807979032821138e-11
roof_first_service,TW-P009,N116,interior_applied_load,,-32.0,-34.273,115.0,-2.608121783535246e-13,-22.384999914944412,4.106590299443371e-12,1.0234357296309448e-10,-5.11494441837553e-12,-6.305521735495808e-14
roof_first_service,TW-P010,N508,interior_applied_load,,-32.0,-26.88,137.854,-3.676977302646945e-12,-294.32947493650704,6.847515336552227e-12,1.1688506689102032e-11,-1.1085511691808789e-11,5.744907789395656e-12
roof_first_service,TW-P011,N117,interior_applied_load,,-32.0,-21.0,115.0,9.024481162356324e-10,-16.076500000882067,1.5221608973270406e-09,1.96620882630949e-08,-7.7768449007615e-13,4.0209880980413004e-09
roof_first_service,TW-P012,N301,interior_applied_load,,-32.0,-21.0,117.5,6.972858951310328e-10,-2.959579845448654,-9.679183756421906e-09,-1.9475171950542683e-09,1.7945911535981367e-12,6.421233166432205e-10
roof_first_service,TW-P013,N302,interior_applied_load,,-32.0,-21.0,138.671,0.0,-2.95957984495908,4.470348358154297e-08,2.9802322387695312e-08,0.0,0.0
roof_first_service,TW-P014,N333,interior_applied_load,,-32.0,-21.0,141.249,-7.450580596923828e-09,-13.307815603911877,-2.9802322387695312e-08,5.960464477539063e-08,-5.820766091346741e-11,-3.725290298461914e-09
roof_first_service,TW-P015,N509,interior_applied_load,,-32.0,-16.559,143.812,8.553912433730245e-12,-293.200131630497,2.6054761428264822e-12,5.222486047605719e-11,-5.371736516390733e-11,3.387761499711187e-11
roof_first_service,TW-P016,N510,interior_applied_load,,-32.0,-6.239,149.771,-1.8189894035458565e-12,-294.61181079943344,-1.4551915228366852e-11,0.0,-2.546585164964199e-11,5.4569682106375694e-12
roof_first_service,TW-P017,N118,interior_applied_load,,-32.0,-5.545,115.0,3.820124098527822e-12,-11.752125141001512,1.1731834567295075e-11,1.8139166135831213e-10,3.827672960339099e-12,-6.251148549557457e-12
roof_first_service,TW-P018,N5,interface_action,T-S; W1,-32.0,0.0,115.0,112.2558734729421,6537.516597451371,22.513196138748754,-2263.6533288008814,-179.44626451029092,-814.9515125767059
roof_first_service,TW-P019,N303,interface_action,W1,-32.0,-0.0,117.5,-98.77455970283462,-1517.9993887474197,-203.41757778345345,-1507.6000570242218,-445.3686690677781,893.220165418301
roof_first_service,TW-P020,N6,interface_action,W1,-32.0,0.0,130.311,8.092417981606912e-13,-4.284703844528292,-5.712346141188945e-13,6.908834444782911e-13,3.421382510012526e-14,-2.864753224308604e-13
roof_first_service,TW-P021,N304,interface_action,W1,-32.0,-0.0,134.148,-6.462036716171096e-13,-0.9286815991331421,4.250691798357132e-13,-1.3204788368906106e-12,-8.79910924867215e-15,5.693114762890146e-13
roof_first_service,TW-P022,N305,interface_action,W1,-32.0,-0.0,150.796,98.7745597018693,1493.4329008656694,203.41757786326718,-5265.391612959661,445.36866906785696,2395.577574350363
roof_first_service,TW-P023,N7,interface_action,BR-R-main-1; T-S top / segment 1; W1,-32.0,0.0,153.373,-117.55720483771438,375.525071520824,-15.681399623223115,1715.034059519763,-1294.2262668459211,-2520.201463829466
roof_first_service,TW-P024,N511,interior_applied_load,,-32.0,4.081,155.729,1.8189894035458565e-11,-286.84290249011246,-1.7462298274040222e-10,3.4924596548080444e-10,4.3655745685100555e-11,-1.4551915228366852e-11
roof_first_service,TW-P025,N512,interior_applied_load,,-32.0,6.661,157.219,-1.2285123597951242e-12,-8.099857703568748,4.1730609769695066e-11,3.4273376977817147e-10,1.0008824681345778e-11,-8.496027225168877e-12
roof_first_service,TW-P026,N119,interior_applied_load,,-32.0,7.781,115.0,7.400958914837343e-13,-12.97312493059034,-2.3522315523005368e-11,1.3323131141253633e-10,-3.435489209713975e-12,-3.578486249479132e-12
roof_first_service,TW-P027,N513,interior_applied_load,,-32.0,14.401,161.688,-1.9452661679700663e-13,-295.7897676365536,-3.925752859011142e-11,3.0847764261392676e-10,2.865624412491524e-12,-5.92163732861157e-12
roof_first_service,TW-P028,N334,interior_applied_load,,-32.0,17.438,134.661,1.0658141036401503e-14,-11.44254734271999,1.8189894035458565e-12,1.3642420526593924e-12,-5.684341886080802e-14,0.0
roof_first_service,TW-P029,N120,interior_applied_load,,-32.0,23.182,115.0,-1.6799273531491936e-07,-8.709165343280082,2.3429633097840484e-10,9.356052615748558e-08,-9.085044544459108e-09,-3.3610703864734896e-12
roof_first_service,TW-P030,N121,interior_applied_load,,-32.0,23.344,115.0,6.626666484000325e-09,-8.799784506653287,-2.436788222129684e-10,2.3026331806475812e-07,-6.967957134646724e-09,-4.827789355176424e-13
roof_first_service,TW-P031,N514,interior_applied_load,,-32.0,24.721,167.646,-2.2707809662484464e-12,-293.7648032110308,2.6631847809531473e-11,1.5314648288275749e-09,-6.648476123088411e-13,1.3129065078662638e-12
roof_first_service,TW-P032,N515,interior_applied_load,,-32.0,29.881,170.625,-8.136731859572212e-13,-8.099857703483972,-1.7143960144907429e-10,8.918714140011926e-10,-5.0721438099426964e-12,3.761630789588123e-12
roof_first_service,TW-P033,N335,interior_applied_load,,-32.0,34.875,154.322,-2.271146196780429e-15,-11.442547342724575,-5.311374572550456e-12,4.125829031724566e-12,-2.31558760427951e-13,6.605208170897777e-14
roof_first_service,TW-P034,N516,interior_applied_load,,-32.0,35.041,173.604,1.2434303676642397e-13,-293.7648032106733,1.918905885825807e-10,2.0829039176522124e-09,-7.837570511537793e-12,2.4602300888604673e-12
roof_first_service,TW-P035,N122,interior_applied_load,,-32.0,38.906,115.0,-7.585504806180719e-13,-15.9858789398588,-8.865848834874297e-13,1.2041277817254557e-10,-2.4673774914611665e-12,-3.989194803726046e-15
roof_first_service,TW-P036,N517,interior_applied_load,,-32.0,45.361,179.562,-1.8364697757366443e-13,-295.78976763664343,-9.540530512298689e-11,8.633230426743202e-10,-3.332742603719722e-12,-3.015672318968948e-13
roof_first_service,TW-P037,N123,interior_applied_load,,-32.0,51.909,115.0,3.983535165945705e-13,-8.709164111384487,-2.197105386784816e-11,3.485028468607868e-10,-2.0584521664273537e-11,-1.3028214719338119e-13
roof_first_service,TW-P038,N336,interior_applied_load,,-32.0,52.313,173.982,4.1746872227964683e-13,-11.44254734269538,2.8740074247399908e-11,-1.5781791122493625e-11,-6.656705282403963e-13,6.087627857092964e-12
roof_first_service,TW-P039,N518,interior_applied_load,,-32.0,53.102,184.031,3.5627285750902314e-12,-8.099857702636738,4.951264821790826e-10,6.723834725330794e-10,-7.802307100165264e-12,1.996753512352966e-12
roof_first_service,TW-P040,N124,interior_applied_load,,-32.0,54.469,115.0,2.133363917435751e-11,-9.984218801784111,-2.4220115835297855e-11,2.1919698057423058e-09,-5.829111191282163e-11,5.361264026037538e-13
roof_first_service,TW-P041,N519,interior_applied_load,,-32.0,55.682,185.521,-3.3346079812651396e-12,-291.73983878400617,5.2017717916490565e-11,-6.355907429364695e-10,-4.472056293303821e-12,1.1792265810950955e-11
roof_first_service,TW-P042,N520,interior_applied_load,,-32.0,66.002,191.479,3.8454528188733524e-10,-292.65676295064503,5.069231381410736e-10,1.1008744746397245e-09,1.3732530215703511e-09,-9.867090542601736e-10
roof_first_service,TW-P043,N125,interior_applied_load,,-32.0,69.75,115.0,8.225672143424845e-09,-8.709164101353458,5.690394822011058e-09,-1.0701671326884821e-07,1.1889257599376044e-08,-3.8279284186870655e-09
roof_first_service,TW-P044,N306,interior_applied_load,,-32.0,69.75,117.5,-6.268103412234725e-10,-3.4279664897729343,1.3023677481864367e-08,-1.19971268043547e-08,-1.4273971793704834e-11,-3.0779299422506895e-09
roof_first_service,TW-P045,N307,interior_applied_load,,-32.0,69.75,142.022,-1.2041399567131193e-13,-4.5632540381835645,5.515323079161539e-13,-1.5517125770981318e-13,1.8342733572254475e-14,-1.111852587719737e-12
roof_first_service,TW-P046,N218,interface_action,T1 upper lower chord,-32.0,69.75,150.143,45.68735732468714,-15.591318778673134,-8.461993275329183,22.513483238830613,6.082165587380273,197.001443280262
roof_first_service,TW-P047,N308,interior_applied_load,,-32.0,69.75,166.544,2.3764964165901614e-14,-5.720645448266467,3.354076871124785e-13,2.882001790608749e-12,3.0788848267822916e-16,2.0225080645963483e-13
roof_first_service,TW-P048,N309,interior_applied_load,,-32.0,69.75,191.066,8.195638656616211e-08,-3.4279665052890778,-1.1920928955078125e-07,0.0,-1.1641532182693481e-10,-6.332993507385254e-08
roof_first_service,TW-P049,N337,interface_action,T1 top / segment 1,-32.0,69.75,193.643,-9.531288165599108,-228.71748133003712,7.570303201675415,-567.8248398303986,236.08345552848186,945.3896621391177
roof_first_service,TW-P050,N126,interior_applied_load,,-32.0,70.031,115.0,1.700889412670669e-07,-6.09228041449321,1.2655569285088249e-10,4.402979836473262e-07,3.084048933304379e-08,9.698654177343266e-13
roof_first_service,TW-P051,N521,interior_applied_load,,-32.0,76.322,197.438,1.090579223546387e-10,-294.87284361599404,5.874156530857537e-10,-2.466375565777541e-10,4.716187240074572e-10,2.5308196677634667e-10
roof_first_service,TW-P052,N127,interior_applied_load,,-32.0,80.636,115.0,-6.8471388962256334e-12,-8.709164111892807,4.151676601705721e-12,-7.02769060235971e-10,2.9980391156875846e-11,-1.6223403882453923e-13
roof_first_service,TW-P053,N338,interior_applied_load,,-32.0,82.753,173.982,-2.912725900622955e-13,-10.263542617906998,-3.060213590222087e-11,3.621306814952484e-12,-1.8534836354235953e-12,8.328659783368587e-11
roof_first_service,TW-P054,N128,interior_applied_load,,-32.0,85.594,115.0,5.22914601055079e-12,-11.483441442213097,-4.323595224303006e-12,2.9164874826904463e-10,-1.1344873187164684e-11,1.556442596300223e-14
roof_first_service,TW-P055,N522,interior_applied_load,,-32.0,86.642,203.396,6.762279169525741e-13,-297.8147320626463,-4.090534424033263e-11,-2.1789109128317156e-10,-9.877041208635795e-12,1.4997353043786147e-12
roof_first_service,TW-P056,N339,interior_applied_load,,-32.0,95.756,154.322,3.986678645847779e-15,-10.26354261799211,9.993047423806514e-12,1.012135013078836e-11,-6.586056871435588e-13,-8.614605266077431e-13
roof_first_service,TW-P057,N523,interior_applied_load,,-32.0,96.962,209.354,4.1120736166827616e-11,-291.7398387865349,9.53085386830976e-10,1.8110824579009135e-09,3.3788571551841864e-14,9.418368569706706e-12
roof_first_service,TW-P058,N524,interior_applied_load,,-32.0,99.542,210.844,4.043310689335103e-12,-8.099857702454829,4.988364701565649e-12,3.842700904604238e-09,4.2424030319188565e-11,-1.1249194185276082e-11
roof_first_service,TW-P059,N129,interior_applied_load,,-32.0,101.156,115.0,-4.073955327081884e-12,-13.302222669841935,5.853659204295785e-12,9.371979437270901e-11,6.808799279203275e-11,-6.424935649119334e-14
roof_first_service,TW-P060,N525,interior_applied_load,,-32.0,107.282,215.313,-7.222460343305842e-13,-295.78976763633875,-2.729489066331655e-10,2.355823943225459e-09,-1.4426271004523834e-11,-1.5617265296574844e-11
roof_first_service,TW-P061,N340,interior_applied_load,,-32.0,108.759,134.661,1.2505552149377763e-12,-10.263542617947678,-1.4551915228366852e-11,-2.1827872842550278e-11,4.547473508864641e-11,1.9099388737231493e-11
roof_first_service,TW-P062,N130,interior_applied_load,,-32.0,109.364,115.0,-1.949127456516536e-12,-8.709164111504421,-5.973870405831877e-12,1.5825014404489722e-09,-1.0130646750326818e-10,-6.733155279051173e-14
roof_first_service,TW-P063,N131,interior_applied_load,,-32.0,116.719,115.0,5.687761650692507e-11,-6.938685644832081,2.1932396463436642e-11,1.2981173639280147e-09,4.77960376883509e-11,-5.103073175198822e-14
roof_first_service,TW-P064,N526,interior_applied_load,,-32.0,117.602,221.271,3.4006755148493798e-12,-291.5966686166866,-2.5672381663103553e-09,-3.78912725911555e-09,1.8661841515341813e-11,-4.34541134290238e-11
roof_first_service,TW-P065,N527,interface_action,BR-R-main-2,-32.0,120.0,222.655,-6.610455495741545,-70.68922957330108,16.372556064941772,-1059.2780157502125,-616.3967770375281,-1948.488462273016
roof_first_service,TW-P066,N132,interior_applied_load,,-32.0,121.762,115.0,-2.6814745979208965e-09,-8.513976454923977,-1.4551915228366852e-10,7.174094207584858e-09,-1.2082637113053352e-09,-3.637978807091713e-11
roof_first_service,TW-P067,N133,interior_applied_load,,-32.0,122.762,115.0,2.041898206073256e-09,-5.886583803641798,-9.971397085806188e-08,-1.886448675048058e-07,-5.166622301777809e-10,1.9563616948659046e-08
roof_first_service,TW-P068,N310,interior_applied_load,,-32.0,122.762,117.5,6.796311891588779e-09,-3.640617076698385,9.942638905140537e-08,-1.4816707119188766e-07,1.0823614157609223e-10,7.692266944139775e-09
roof_first_service,TW-P069,N311,interior_applied_load,,-32.0,122.762,143.543,-2.5028459225861973e-14,-7.2812341634856965,1.3509706623198039e-14,-5.898075558626311e-13,-1.5028805969913922e-15,-2.391941515613753e-13
roof_first_service,TW-P070,N312,interior_applied_load,,-32.0,122.762,169.586,2.5339147342058862e-14,-7.281234163510609,-2.2043902831591315e-14,2.30758371525384e-13,1.3727928016473734e-14,-1.515042393643375e-13
roof_first_service,TW-P071,N313,interior_applied_load,,-32.0,122.762,195.629,-1.0594167324800363e-14,-7.28123416348658,7.285624250050934e-14,-3.955667691942445e-13,-2.4826545634225964e-14,6.398181293894104e-13
roof_first_service,TW-P072,N314,interior_applied_load,,-32.0,122.762,221.673,0.0,-3.640617072582245,2.384185791015625e-07,0.0,0.0,1.4901161193847656e-08
roof_first_service,TW-P073,N528,interior_applied_load,,-32.0,122.762,224.25,-7.450580596923828e-09,-2.1681345999240875,2.384185791015625e-07,4.76837158203125e-07,-2.3283064365386963e-10,-7.450580596923828e-09
roof_first_service,TW-P074,N529,interior_applied_load,,-32.0,122.762,226.093,5.420852832307152e-12,-2.79884160146916,-1.2815736970959707e-11,2.4398621636074244e-09,-9.925552094460319e-12,-3.2762089620451694e-12
roof_first_service,TW-P075,N530,interior_applied_load,,-32.0,126.88,226.093,-6.099205644916728e-12,-213.71327287659753,7.94763177288958e-11,3.1255877405058787e-10,-1.9403475658636024e-11,3.116434930218528e-12
roof_first_service,TW-P076,N134,interior_applied_load,,-32.0,132.281,115.0,-1.2638524533925684e-11,-8.578189348548344,7.149802817447932e-12,1.4011267423995194e-10,2.0310913923337634e-11,1.7019623860401366e-13
roof_first_service,TW-P077,N531,interior_applied_load,,-32.0,135.116,226.093,1.4830111405919286e-12,-216.51211456631495,3.682503122232929e-11,-9.259255368802139e-10,2.538168887702355e-11,2.013185441366253e-12
roof_first_service,TW-P078,N135,interior_applied_load,,-32.0,138.091,115.0,3.2961904586931337e-12,-8.709164111940742,5.835973513210729e-12,-6.694135922042554e-10,1.5666990569495292e-11,2.6368606648063596e-13
roof_first_service,TW-P079,N532,interior_applied_load,,-32.0,143.351,226.093,-3.194288478716526e-12,-214.62493281883613,-5.426257607954553e-11,-1.5390084962443386e-09,1.93778144363096e-11,-4.347078385116717e-12
roof_first_service,TW-P080,N136,interior_applied_load,,-32.0,147.844,115.0,8.957778327575971e-13,-14.16709771225351,1.1549126260066165e-12,-7.538589170722465e-10,3.8742061620756057e-11,1.0563560584317903e-14
roof_first_service,TW-P081,N533,interior_applied_load,,-32.0,148.81,226.093,-7.936043515151205e-11,-4.5193821530662905,2.0269733926703306e-11,4.878527384995724e-09,9.917012248505888e-11,2.4321523990816545e-11
roof_first_service,TW-P082,N534,interface_action,BR-R-cap-1,-32.0,150.0,226.093,-19.844796113946146,-115.56537605583928,-2.9578541910103264,3778.178105710531,-306.68437648175495,-3548.930351338261
roof_first_service,TW-P083,N535,interior_applied_load,,-32.0,151.586,226.093,1.2811823100537808e-10,-211.9927323681675,3.875629965358264e-10,1.8842293703765716e-09,-1.1508056541545046e-10,3.377613932621381e-13
roof_first_service,TW-P084,N536,interior_applied_load,,-32.0,159.822,226.093,-8.576550717467604e-13,-216.5121144778671,-3.4618239174181286e-11,-3.161987059234063e-10,3.3019284044003817e-12,-3.254150788021664e-12
roof_first_service,TW-P085,N137,interior_applied_load,,-32.0,163.406,115.0,-1.697935486975974e-10,-10.618566400331064,-1.6159837161317295e-11,4.3318132165268317e-10,4.5840624543856317e-11,-9.40222934089951e-13
roof_first_service,TW-P086,N138,interior_applied_load,,-32.0,166.818,115.0,1.1650084952315126e-10,-8.70916393395552,6.25188302902609e-12,9.250170902586934e-10,1.856517025603601e-11,1.7670184220972073e-13
roof_first_service,TW-P087,N537,interior_applied_load,,-32.0,168.057,226.093,1.1190319569971586e-12,-215.53659276173775,6.408476984427259e-11,-5.72928619346806e-10,5.976444736194977e-12,1.2818202348561523e-12
roof_first_service,TW-P088,N538,interior_applied_load,,-32.0,174.857,226.093,-7.465717544026967e-11,-5.597683293037283,1.8732793792397988e-10,-4.6759695882829744e-09,2.6984319350520986e-11,-1.2982378162491152e-12
roof_first_service,TW-P089,N539,interior_applied_load,,-32.0,176.293,226.093,6.953048227106954e-11,-211.8899529854618,-6.769503180274985e-11,1.4622880269715475e-09,-4.7753149252454197e-11,-2.060324273286367e-12
roof_first_service,TW-P090,N139,interior_applied_load,,-32.0,178.969,115.0,9.387918369999059e-12,-10.175000073851256,-2.6346056669822144e-12,1.176087068330284e-09,-1.0764749450722689e-10,1.4994382604230538e-13
roof_first_service,TW-P091,N540,interior_applied_load,,-32.0,184.528,226.093,-9.313225746154785e-09,-211.23518881201744,-9.313225746154785e-10,-1.4901161193847656e-08,2.3283064365386963e-09,0.0
roof_first_service,TW-P092,N15,interface_action,BR-W-2; W3,-32.0,185.0,115.0,2.1300771733353776,4445.168802989284,-522.4447960014494,7327.3607697751495,-110.63515298200556,-159.21261253002868
roof_first_service,TW-P093,N315,interface_action,W3,-32.0,185.0,117.5,-35.5105408562369,-2758.802832666814,46.514022035958355,3836.879256964102,-70.69404410902975,454.4810953758064
roof_first_service,TW-P094,N16,interface_action,W3,-32.0,185.0,143.183,-5.634863195844106e-10,-6.344473756043129,-9.773243174544818e-11,3.695106324887088e-10,1.3396519495951146e-14,2.2715664724870227e-10
roof_first_service,TW-P095,N316,interface_action,W3,-32.0,185.0,144.148,2.651934564054152e-11,-1.4865467643405834,-6.215191398732749e-10,2.9625063070422626e-10,6.857251051839298e-14,-9.640632185877257e-11
roof_first_service,TW-P096,N317,interface_action,W3,-32.0,185.0,170.797,-3.8819290589257027e-10,-1.486546764354771,-4.625988396738757e-10,-1.9126784408080084e-10,-8.070951318526228e-15,1.263593192624583e-10
roof_first_service,TW-P097,N17,interface_action,W3,-32.0,185.0,171.82,1.0722971078372406e-10,-6.395091802984221,-2.457346610100267e-10,3.9261415750502415e-10,3.855366528301161e-15,1.2424790463640616e-11
roof_first_service,TW-P098,N318,interface_action,W3,-32.0,185.0,197.445,1.5158125276270418e-12,-1.0097804336165606,-2.7069144080588336e-11,2.224747296108674e-11,6.892032623572328e-17,-1.508231152640441e-11
roof_first_service,TW-P099,N18,interface_action,W3,-32.0,185.0,200.457,-1.6442136140454793e-12,-6.0601143618790205,-7.029433391988022e-13,2.2509213426076723e-11,2.8223576206445443e-15,-1.5367839911389397e-12
roof_first_service,TW-P100,N319,interface_action,W3,-32.0,185.0,207.0,-0.4109621047973633,-790.6325078010559,1549.9654947966337,6281.548247337341,40.65699219703674,485.1418821099214
roof_first_service,TW-P101,N320,interface_action,W3,-32.0,185.0,224.093,35.91812429810964,3420.0671104626394,-1583.7359031218637,21167.02133103879,30.582838415155365,2856.5076984534367
roof_first_service,TW-P102,N19,interface_action,W3,-32.0,185.0,226.093,0.29776239208877087,125.83994060754776,-13.12921616435051,201.73365287482738,0.41613552579656243,24.27605619005044
roof_first_service,TW-P103,N341,interior_applied_load,,-32.0,186.0,207.0,0.0,-0.31487464904785156,1.4901161193847656e-08,0.0,2.384185791015625e-07,0.0
roof_first_service,TW-P104,N342,interior_applied_load,,-32.0,187.0,207.0,7.462976971731803e-08,-5.946263726752442,-1.471877070840704e-07,2.6263996146487878e-08,3.052237659193319e-11,-1.6963939220920223e-07
roof_first_service,TW-P105,N347,interior_applied_load,,-32.0,187.0,209.5,-1.3481324673506397e-08,-2.0400282816405144,1.3804482870336666e-07,-3.977835882339283e-08,7.870081867807271e-12,-8.321353212367154e-08
roof_first_service,TW-P106,N348,interior_applied_load,,-32.0,187.0,224.093,-8.064667905705036e-09,-2.040028281359694,-1.5626144336811087e-08,2.3110183128283168e-08,1.2065970775363916e-11,6.618208703290662e-09
roof_first_service,TW-P107,N541,interior_applied_load,,-32.0,187.0,226.093,-5.093170329928398e-10,-5.276925649959594,7.962808012962341e-08,1.1641532182693481e-08,1.0040821507573128e-09,4.292814992368221e-09
roof_first_service,TW-P108,N542,interior_applied_load,,-32.0,192.764,226.093,-4.605545722406025e-08,-209.31426451223427,3.9785102190762935e-09,7.004703568430454e-08,-2.1155072130145514e-09,-1.3514092208385116e-10
roof_first_service,TW-P109,N343,interior_applied_load,,-32.0,192.881,207.0,-2.636059770466659e-08,-9.131374993851733,-1.2735807486397022e-07,-8.502175069535767e-08,7.72850257665503e-11,-3.4843512297655366e-08
roof_first_service,TW-P110,N349,interior_applied_load,,-32.0,192.881,209.5,2.761488332838613e-09,-2.040028282028599,-1.953897831311286e-08,-8.210309868806163e-08,2.8331014761649467e-12,-9.05149819568815e-09
roof_first_service,TW-P111,N350,interior_applied_load,,-32.0,192.881,224.093,-1.4231198441905235e-09,-2.040028280648131,5.22381216339074e-08,-2.1170477038090496e-09,-1.1760739308660084e-12,3.2786484638336333e-10
roof_first_service,TW-P112,N543,interior_applied_load,,-32.0,192.881,226.093,-4.3318977811852845e-08,-5.533822012298174,-1.348913660699227e-07,-6.490392511685054e-08,-1.2564192343361835e-09,-1.3318623369079716e-09
roof_first_service,TW-P113,N140,interior_applied_load,,-32.0,194.531,115.0,-4.730458850666736e-09,-5.9014999261543695,-3.603324999065242e-11,9.763006625153415e-11,-1.2144197022647144e-09,3.2850751479455713e-12
roof_first_service,TW-P114,N141,interior_applied_load,,-32.0,195.545,115.0,3.075877848185402e-09,-8.709164111473166,-1.464599088579754e-11,2.0959097954329373e-10,-8.265264166866453e-10,6.53932883347721e-13
roof_first_service,TW-P115,N544,interior_applied_load,,-32.0,200.905,226.093,-1.5092843725920943e-07,-5.5176778143637915,-2.889874831128758e-09,1.2808418326464073e-07,-9.069567368037168e-09,5.857781806968763e-12
roof_first_service,TW-P116,N545,interior_applied_load,,-32.0,200.999,226.093,5.381484630101843e-08,-210.97829297256237,3.280045301097167e-09,3.588609038877597e-08,8.639268625301013e-10,3.253672691611748e-11
roof_first_service,TW-P117,N355,interior_applied_load,,-32.0,201.5,216.547,-1.0709054044139322e-12,-7.559076290534725,9.613123328828394e-12,-3.253268948312279e-14,5.015129398064842e-12,-3.1718233928794565e-12
roof_first_service,TW-P118,N546,interior_applied_load,,-32.0,209.234,226.093,-3.987055641249491e-12,-215.51309737253936,1.7617029837786378e-10,-5.601815187633329e-11,1.1817794391155146e-11,2.3317910189971723e-11
roof_first_service,TW-P119,N142,interior_applied_load,,-32.0,210.094,115.0,-3.228089691078035e-13,-16.076500000001023,5.0065606835246164e-12,1.8486341838615766e-12,-1.6142274814774446e-12,3.976842266831936e-14
roof_first_service,TW-P120,N344,interior_applied_load,,-32.0,216.0,207.0,2.6504487493639317e-10,-16.410899409776604,2.4101661610931302e-08,2.0782382700867963e-07,7.574190943611125e-11,2.7097924792940375e-08
roof_first_service,TW-P121,N351,interior_applied_load,,-32.0,216.0,209.5,2.288143269984017e-08,-2.0400282817288735,3.456574914155088e-08,-3.725432523648272e-08,1.1831666706058791e-11,2.4967122527677512e-08
roof_first_service,TW-P122,N352,interior_applied_load,,-32.0,216.0,224.093,-1.1160790458486503e-08,-2.040028281214785,-4.27163755342512e-07,-2.714656850994618e-07,9.095989450568593e-12,1.852591524631464e-09
roof_first_service,TW-P123,N356,interior_applied_load,,-32.0,216.0,226.093,4.910487251380307e-09,-13.15675949127639,3.570385726038823e-07,-3.238908405749171e-07,8.713761438120844e-11,6.6246448073724894e-09
roof_first_service,TW-P124,N547,interior_applied_load,,-32.0,217.47,226.093,-2.8785089201364422e-11,-211.9134483797219,-1.5976551619847961e-10,-6.264698685145177e-10,3.6252600499061877e-11,-5.540765362050583e-12
roof_first_service,TW-P125,N143,interior_applied_load,,-32.0,224.273,115.0,-7.00569468946922e-11,-8.70916411182789,3.6336662752135375e-12,3.284426436463848e-11,-9.893510652395163e-11,3.8092933159301953e-14
roof_first_service,TW-P126,N144,interior_applied_load,,-32.0,225.656,115.0,7.686406319318985e-10,-9.483417917359251,-2.8851664746173303e-13,6.403393847875983e-11,2.956005347110113e-10,-3.1619896294131783e-13
roof_first_service,TW-P127,N548,interior_applied_load,,-32.0,225.705,226.093,-6.064882480877759e-11,-211.76222944242946,-1.7937601292152186e-10,-1.007641509061344e-09,-1.1661681353491237e-10,-1.3807825877249968e-11
roof_first_service,TW-P128,N549,interior_applied_load,,-32.0,226.952,226.093,1.55920242250053e-10,-5.597683204600504,2.0819360104384356e-10,-1.1583414317480764e-09,-4.837035503459744e-11,9.207357197556534e-12
roof_first_service,TW-P129,N357,interior_applied_load,,-32.0,230.5,216.547,3.29663896151451e-14,-7.559076290540308,-1.1329862826875794e-11,2.4842712916762796e-11,-4.9083731350198094e-12,-3.004894334681988e-12
roof_first_service,TW-P130,N550,interior_applied_load,,-32.0,233.941,226.093,4.059291196637534e-10,-210.78670772927626,1.8683907243157386e-11,2.2800905973867547e-10,2.181636222812304e-10,1.816554400992521e-11
roof_first_service,TW-P131,N551,interface_action,BR-R-cap-2,-32.0,235.0,226.093,-20.733427112039312,-123.18908200929218,3.5580042486718297,-2556.2363297809925,223.8068102353085,-4452.180321802101
roof_first_service,TW-P132,N145,interior_applied_load,,-32.0,241.219,115.0,2.975354106758016e-12,-11.944495977347653,-7.373585074583167e-12,1.2341130274965292e-11,8.030215007145818e-12,-1.2126546971510728e-14
roof_first_service,TW-P133,N552,interior_applied_load,,-32.0,242.176,226.093,5.0000841341731436e-12,-212.11383125804892,2.52223619592689e-11,-5.339135241919716e-11,5.5054386470931395e-12,7.791323575977103e-13
roof_first_service,TW-P134,N345,interior_applied_load,,-32.0,245.0,207.0,-5.8169934554678106e-08,-13.225788146608085,-1.0067664784877887e-07,1.806363502008998e-07,-5.655963854944121e-10,-2.4323299745200117e-08
roof_first_service,TW-P135,N353,interior_applied_load,,-32.0,245.0,209.5,-9.722286061905573e-09,-2.040028281183077,-1.3144518893551072e-08,5.321958076507886e-08,1.0914524258115151e-11,-1.1973375311886471e-08
roof_first_service,TW-P136,N354,interior_applied_load,,-32.0,245.0,224.093,-4.948568638196704e-10,-2.0400282810680914,-1.989219552411825e-07,-7.81741182898088e-09,1.064113854259152e-12,3.299045758797803e-10
roof_first_service,TW-P137,N553,interior_applied_load,,-32.0,245.0,226.093,-1.0556025147726348e-08,-3.2788914388500894,1.554299059045542e-07,-7.329076593814514e-08,-9.364409425040021e-11,-1.0159919568379313e-08
roof_first_service,TW-P138,N346,interior_applied_load,,-32.0,246.0,207.0,0.0,-0.3148750066757202,-1.4901161193847656e-08,0.0,-2.384185791015625e-07,0.0
roof_first_service,TW-P139,N146,interior_applied_load,,-32.0,247.0,115.0,-6.329813434513554e-08,-4.354582054053946,-1.2829342255216147e-08,2.958858280610599e-08,1.6197746495592507e-10,7.197637594269501e-08
roof_first_service,TW-P140,N321,interior_applied_load,,-32.0,247.0,117.5,3.5806550511189294e-08,-3.725215403367653,-1.4414143630604553e-08,-4.172441608516892e-08,-2.930334313879371e-11,7.469298829996245e-08
roof_first_service,TW-P141,N322,interior_applied_load,,-32.0,247.0,144.148,-8.405351481131747e-15,-7.4504308070861756,-3.068640714347982e-15,7.572258542795623e-13,3.3139190284766372e-15,-4.9506065160896654e-15
roof_first_service,TW-P142,N323,interior_applied_load,,-32.0,247.0,170.797,-9.546164317693908e-15,-7.450430807086333,-3.174835479177763e-14,2.976822356650278e-13,-1.6169744292113974e-15,1.2578425316913623e-13
roof_first_service,TW-P143,N324,interior_applied_load,,-32.0,247.0,197.445,5.749898059459173e-13,-5.0609233637328215,-4.2693649279987557e-13,3.3583529279786832e-12,4.95619944855203e-16,1.2159286883623997e-13
roof_first_service,TW-P144,N325,interior_applied_load,,-32.0,247.0,207.0,-4.76837158203125e-07,-3.7252153158187866,1.4901161193847656e-08,5.960464477539063e-08,-2.384185791015625e-07,0.0
roof_first_service,TW-P145,N326,interior_applied_load,,-32.0,247.0,224.093,2.2351741790771484e-08,-2.389507443178445,2.384185791015625e-07,0.0,0.0,2.2351741790771484e-08
roof_first_service,TW-P146,N554,interior_applied_load,,-32.0,247.0,226.093,1.4901161193847656e-08,-2.7188333990052342,0.0,2.384185791015625e-07,-1.964508555829525e-10,-7.450580596923828e-09
roof_first_service,TW-P147,N147,interface_action,BR-N-upper-1; T-N; W4,-32.0,249.0,115.0,31.994569575259977,-46.762982090041035,397.9436274806721,-4297.000283703816,-744.0457817065993,-412.41820853089115
roof_first_service,TW-P148,N555,interface_action,BR-N-upper-2; T-N top / segment 1; W4,-32.0,249.0,226.093,-2.2607536513841366,-6.545390969209512,44.04009365045545,1793.9234390909478,187.2576742635358,3980.207055344936
roof_first_service,TW-P149,N556,interface_action,T-N top / segment 1; W4,-32.0,250.411,226.093,-1.7582427972654007e-10,-1.8780671448275108,-1.146452103820063e-09,-3.7934296158049835e-10,1.7895144729237154e-10,5.692528907275661e-12
roof_first_service,TW-P150,N148,interface_action,T-N; W4,-32.0,252.0,115.0,1.7705285870826002,109.26637033269937,1.918962921651481,114.24249592414314,8.101287480264807,-66.53339278543773
roof_first_service,TW-P151,N327,interior_applied_load,,-32.0,252.0,117.5,-1.7477518815902992e-09,-3.7252154036114913,-2.9481197090203064e-09,8.950796840482012e-09,9.406651422464958e-12,-5.177557493774167e-09
roof_first_service,TW-P152,N328,interior_applied_load,,-32.0,252.0,144.148,1.787781551498718e-15,-7.450430807086195,3.3426977031072056e-15,-1.07035144339726e-12,-5.765301370043658e-15,2.5418100218076496e-13
roof_first_service,TW-P153,N329,interior_applied_load,,-32.0,252.0,170.797,4.03001728868189e-15,-7.450430807086032,4.719674542043296e-14,5.933541933815978e-14,2.849451365235676e-15,-4.213116780315617e-14
roof_first_service,TW-P154,N330,interior_applied_load,,-32.0,252.0,197.445,-3.0094226005644416e-15,-7.450430807085704,-2.2947195596852993e-14,1.6434547614277368e-12,5.212534982945608e-16,-1.4153860695029878e-13
roof_first_service,TW-P155,N331,interior_applied_load,,-32.0,252.0,224.093,0.0,-3.7252154033631086,0.0,0.0,0.0,7.450580596923828e-09
roof_first_service,TW-P156,N557,interface_action,T-N top / segment 1; W4,-32.0,252.0,226.093,-1.7681775763630867,-79.62271492555737,-1.9055061340332031,104.28091216087341,-8.090530077926815,-128.87079679965973
roof_first_service,TW-P157,N27,interface_action,BR-N-ground-2; BR-W-1; T-N; W4,-32.0,253.0,115.0,-0.39895052961514743,4.068116977218392,13.670950188557645,-16.267003062575114,-4.194339082878515,8.473516362675051
roof_first_service,TW-P158,N31,interface_action,T-N top / segment 1; W4,-32.0,253.0,226.093,0.3059592773206532,-0.2333685588091612,1.4617636115290225,18.46088551543653,1.559516733046621,38.12931818788638
strength_roof_first,TW-P001,N76,interface_action,SW0; T-SO,-32.0,-63.0,115.0,-12.268241006821802,-1040.6149067507533,3462.307311190123,6013.0504858789955,-344.1297489739699,-403.0476862322874
strength_roof_first,TW-P002,N78,interface_action,SW0,-32.0,-63.0,117.0,-6.812312274661053,-1069.7172015548385,-3401.360560768099,-3686.865553819727,203.6455389685143,-91.91483321145324
strength_roof_first,TW-P003,N115,interior_applied_load,,-32.0,-61.0,115.0,3.729397556326187e-11,-25.541349478759162,-2.2122843849761706e-11,-5.512016297406554e-10,-9.90276956692597e-11,5.858081598164356e-12
strength_roof_first,TW-P004,N504,interior_applied_load,,-32.0,-57.84,119.979,-9.094947017729282e-13,-425.2638156273315,-4.547473508864641e-12,-4.3655745685100555e-11,-1.8189894035458565e-12,-1.8189894035458565e-12
strength_roof_first,TW-P005,N505,interior_applied_load,,-32.0,-47.52,125.937,5.643227160041457e-13,-427.69377293843496,-6.820909024022534e-13,2.382452065768328e-11,2.2607560693189247e-12,8.806976447804028e-13
strength_roof_first,TW-P006,N332,interior_applied_load,,-32.0,-41.0,128.124,6.394884621840902e-14,-12.499098957165472,4.774847184307873e-12,-1.4551915228366852e-11,-6.252776074688882e-13,1.1368683772161603e-13
strength_roof_first,TW-P007,N506,interior_applied_load,,-32.0,-39.78,130.406,1.3420518439693828e-11,-9.719829244469452,8.828666885418121e-11,1.726268398581388e-10,-1.2024061511373206e-11,-1.9931194169518065e-11
strength_roof_first,TW-P008,N507,interior_applied_load,,-32.0,-37.2,131.896,-3.69315218889434e-11,-422.8338583161148,-9.67487958655519e-11,-6.089259434185547e-11,2.9250347205873334e-11,3.853905169285759e-13
strength_roof_first,TW-P009,N116,interior_applied_load,,-32.0,-34.273,115.0,1.2863903845031972e-13,-26.8619998979236,3.859240552444102e-12,-2.385818461311256e-10,-5.722774910904912e-12,-3.3261663654192667e-14
strength_roof_first,TW-P010,N508,interior_applied_load,,-32.0,-26.88,137.854,-2.0532838461550667e-12,-425.94142169831724,6.20591469492961e-12,-3.247111970175426e-11,-9.38159946718477e-12,-1.2847474212163829e-12
strength_roof_first,TW-P011,N117,interior_applied_load,,-32.0,-21.0,115.0,-3.2596570442855466e-09,-19.291799998294316,-1.7965519072404845e-09,-2.710849739129273e-08,2.4841320126560982e-12,1.5522276519686073e-09
strength_roof_first,TW-P012,N301,interior_applied_load,,-32.0,-21.0,117.5,5.961061278783565e-10,-3.55149581483669,8.293410504900607e-09,-1.5102939771422373e-08,4.729072502269839e-13,1.3403976060911863e-09
strength_roof_first,TW-P013,N302,interior_applied_load,,-32.0,-21.0,138.671,0.0,-3.5514958146959543,0.0,-2.9802322387695312e-08,5.820766091346741e-11,0.0
strength_roof_first,TW-P014,N333,interior_applied_load,,-32.0,-21.0,141.249,-3.725290298461914e-09,-15.969378724694252,2.9802322387695312e-08,0.0,-1.1641532182693481e-10,-3.725290298461914e-09
strength_roof_first,TW-P015,N509,interior_applied_load,,-32.0,-16.559,143.812,6.411057228060043e-12,-424.58620973125744,4.9526718930954377e-11,-2.390808067938555e-10,-2.7114755581838545e-11,7.1650373593675725e-12
strength_roof_first,TW-P016,N510,interior_applied_load,,-32.0,-6.239,149.771,-9.094947017729282e-13,-426.2802247338841,-1.4551915228366852e-11,-1.7462298274040222e-10,0.0,0.0
strength_roof_first,TW-P017,N118,interior_applied_load,,-32.0,-5.545,115.0,1.4216263199923142e-12,-14.102550169122187,-9.913024282226447e-12,-3.2697320581748473e-10,2.34695882313922e-12,-1.486278181770709e-12
strength_roof_first,TW-P018,N5,interface_action,T-S; W1,-32.0,0.0,115.0,131.66879481310653,9194.911101359423,31.348987995468633,-3147.65162911779,-238.11010469880478,-1003.5847066181148
strength_roof_first,TW-P019,N303,interface_action,W1,-32.0,-0.0,117.5,-117.9965974026602,-2162.2431947041277,-278.0716359261981,-1970.1611279259116,-550.2156924479444,1102.8800658853856
strength_roof_first,TW-P020,N6,interface_action,W1,-32.0,0.0,130.311,4.3436803498413574e-13,-5.141644613434071,3.722872778350231e-13,2.46936877717758e-12,1.8074145586071875e-14,-2.0027842108093433e-13
strength_roof_first,TW-P021,N304,interface_action,W1,-32.0,-0.0,134.148,8.569377054861811e-14,-1.114417918964972,-8.47645672680587e-14,-1.4170224327665352e-12,1.4872057369888494e-14,-5.883343551301786e-14
strength_roof_first,TW-P022,N305,interface_action,W1,-32.0,-0.0,150.796,117.99659740396999,2132.763409246104,278.0716359355173,-7288.512061286778,550.2156924480213,2825.934641258107
strength_roof_first,TW-P023,N7,interface_action,BR-R-main-1; T-S top / segment 1; W1,-32.0,0.0,153.373,-138.56184100911742,546.3264323475305,-17.4091666075401,2000.3934388021007,-1587.5244840237565,-2999.080287252831
strength_roof_first,TW-P024,N511,interior_applied_load,,-32.0,4.081,155.729,2.000888343900442e-11,-416.9575347630889,-1.1641532182693481e-10,-4.656612873077393e-10,-3.637978807091713e-12,9.094947017729282e-13
strength_roof_first,TW-P025,N512,interior_applied_load,,-32.0,6.661,157.219,4.963690084913055e-13,-9.71982924457652,2.0060474499166042e-10,-4.256404553986019e-10,7.158886612006843e-12,-5.623058948249035e-14
strength_roof_first,TW-P026,N119,interior_applied_load,,-32.0,7.781,115.0,1.8105349371796218e-12,-15.56774991674947,6.259373207723191e-11,-3.837260579648597e-11,-9.24288084927464e-12,4.874790600544474e-12
strength_roof_first,TW-P027,N513,interior_applied_load,,-32.0,14.401,161.688,-6.843254493255336e-13,-427.69377293845497,-2.0089576637797604e-10,3.127860142490153e-10,2.496672715632909e-12,-7.205167658930801e-12
strength_roof_first,TW-P028,N334,interior_applied_load,,-32.0,17.438,134.661,-1.4210854715202004e-14,-13.731056811264352,5.4569682106375694e-12,4.547473508864641e-13,0.0,5.684341886080802e-14
strength_roof_first,TW-P029,N120,interior_applied_load,,-32.0,23.182,115.0,1.0731847865192553e-08,-10.450996889408062,5.8196163370866794e-11,-1.1843925237202122e-07,-4.64207315183209e-09,-2.0088459014501776e-12
strength_roof_first,TW-P030,N121,interior_applied_load,,-32.0,23.344,115.0,2.341760774931641e-08,-10.559743472826224,-7.842123485798218e-11,-1.1253624112646022e-07,7.321541752536298e-09,1.1520696563212766e-12
strength_roof_first,TW-P031,N514,interior_applied_load,,-32.0,24.721,167.646,3.6237739107552205e-13,-425.2638156273878,-1.659491949693145e-10,-1.265729368857207e-10,-4.6307135663540774e-12,5.565677279365404e-13
strength_roof_first,TW-P032,N515,interior_applied_load,,-32.0,29.881,170.625,-1.2444479000610046e-12,-9.719829244739588,6.589106505107571e-11,4.480515476925511e-10,-5.8656508606823226e-12,9.404110780689492e-12
strength_roof_first,TW-P033,N335,interior_applied_load,,-32.0,34.875,154.322,-5.658620598201043e-15,-13.731056811275256,-1.2781072904950481e-11,3.696632350804763e-12,-4.90599413893073e-13,4.933430906649651e-13
strength_roof_first,TW-P034,N516,interior_applied_load,,-32.0,35.041,173.604,1.0735540238845618e-12,-425.26381562724436,3.8971680668769305e-11,3.0455759540099202e-09,1.1089708627936899e-12,8.030196922848195e-13
strength_roof_first,TW-P035,N122,interior_applied_load,,-32.0,38.906,115.0,-8.411502589879479e-13,-19.183054727828484,4.078881941738365e-13,1.4171427196455263e-10,-3.647730542671886e-12,-2.2369376208254224e-13
strength_roof_first,TW-P036,N517,interior_applied_load,,-32.0,45.361,179.562,-2.1256893101155958e-12,-427.6937729383741,-1.546507051971533e-10,-5.581773611099711e-10,-8.98762276895196e-12,-2.4685394789672063e-12
strength_roof_first,TW-P037,N123,interior_applied_load,,-32.0,51.909,115.0,4.9374725685493065e-12,-10.45099693416369,-5.247977771895478e-11,3.1806090434786693e-09,-5.4476205874200016e-11,3.6725159467752997e-14
strength_roof_first,TW-P038,N336,interior_applied_load,,-32.0,52.313,173.982,-6.47594924494058e-13,-13.731056811240904,2.8281593167847458e-11,1.1271009811321742e-11,-7.782794356564317e-12,1.952998722015554e-11
strength_roof_first,TW-P039,N518,interior_applied_load,,-32.0,53.102,184.031,-1.519083460548107e-11,-9.719829242331,-7.618686877950642e-11,-1.6296329798327163e-09,-1.0667679536044019e-11,-4.3156509977544416e-12
strength_roof_first,TW-P040,N124,interior_applied_load,,-32.0,54.469,115.0,8.710481478351506e-11,-11.98106255833372,-1.0570570767788445e-11,3.6883114597500227e-09,4.05477275225472e-11,5.272010444387044e-13
strength_roof_first,TW-P041,N519,interior_applied_load,,-32.0,55.682,185.521,2.1866083911721132e-12,-422.8338583156844,4.6303166544517286e-10,-4.561256160199136e-09,4.308002400528872e-11,6.447245624457327e-12
strength_roof_first,TW-P042,N520,interior_applied_load,,-32.0,66.002,191.479,-3.3987817072695955e-10,-423.9341673149335,-5.276146162236854e-11,6.280580008964617e-10,1.8952615564283344e-10,-1.8682143995286723e-10
strength_roof_first,TW-P043,N125,interior_applied_load,,-32.0,69.75,115.0,1.1111025077781278e-07,-10.450995999967517,-1.106670310946356e-10,-2.2981845759773023e-07,4.299096614923e-08,-8.151962216373931e-09
strength_roof_first,TW-P044,N306,interior_applied_load,,-32.0,69.75,117.5,2.6917819596050813e-09,-4.113559779256439,3.89171988810755e-09,7.892946393617107e-09,-7.1923308481867324e-12,1.3017867667003684e-10
strength_roof_first,TW-P045,N307,interior_applied_load,,-32.0,69.75,142.022,-3.0026628049596476e-13,-5.475904845853772,2.5933474465274128e-12,6.039385270004796e-12,5.93825454520089e-15,7.388263565564457e-13
strength_roof_first,TW-P046,N218,interface_action,T1 upper lower chord,-32.0,69.75,150.143,57.8579141059222,3.0369689142626024,-11.900722570510924,26.52745053734185,6.566848524481305,284.72788390263406
strength_roof_first,TW-P047,N308,interior_applied_load,,-32.0,69.75,166.544,1.0017175479383876e-14,-6.864774537898971,1.3611628770986013e-13,1.0445867822517508e-11,7.423390298149774e-15,5.833107555535845e-13
strength_roof_first,TW-P048,N309,interior_applied_load,,-32.0,69.75,191.066,0.0,-4.113559797406197,2.384185791015625e-07,2.384185791015625e-07,0.0,2.9802322387695312e-08
strength_roof_first,TW-P049,N337,interface_action,T1 top / segment 1,-32.0,69.75,193.643,-13.752100847661495,-293.30903565883636,10.800570249557495,-789.9824035167694,285.952593794791,1140.6385281383991
strength_roof_first,TW-P050,N126,interior_applied_load,,-32.0,70.031,115.0,5.5043260750920485e-08,-7.310735824636565,2.069556012369275e-10,5.225897467080433e-07,5.90788245318714e-08,1.996505733391182e-12
strength_roof_first,TW-P051,N521,interior_applied_load,,-32.0,76.322,197.438,9.38644058607169e-11,-426.5934641141036,-5.887946519772504e-10,2.1863384086072597e-09,8.288062723409136e-10,-3.100838967189381e-10
strength_roof_first,TW-P052,N127,interior_applied_load,,-32.0,80.636,115.0,5.154464777418559e-12,-10.450996933785824,6.922106529140977e-12,-7.754171533780351e-11,2.2538498906893245e-11,1.3370813949185332e-14
strength_roof_first,TW-P053,N338,interior_applied_load,,-32.0,82.753,173.982,-1.7658871164431989e-12,-12.316251141574867,2.394305732739135e-11,-1.177043128541249e-11,-9.057672559717747e-13,-1.264606137202004e-11
strength_roof_first,TW-P054,N128,interior_applied_load,,-32.0,85.594,115.0,-6.166169060822726e-12,-13.78012973080122,2.4981502404561464e-12,-9.456707637535977e-10,-3.4648854199757916e-11,-1.4779350705918683e-13
strength_roof_first,TW-P055,N522,interior_applied_load,,-32.0,86.642,203.396,-1.4231832950412484e-13,-430.12373024961187,-2.405348084469959e-10,1.9105429189588701e-10,2.4952747190822704e-12,-4.184480391424146e-12
strength_roof_first,TW-P056,N339,interior_applied_load,,-32.0,95.756,154.322,2.025833739916002e-14,-12.316251141550667,-1.0703109196747168e-11,8.473404008032088e-12,5.064121764845698e-13,-5.196453320481127e-13
strength_roof_first,TW-P057,N523,interior_applied_load,,-32.0,96.962,209.354,-2.6615072800955138e-11,-422.83385831755567,-2.2276785294947396e-10,-3.800834673593355e-09,-4.5666693169707166e-11,3.692774716813794e-11
strength_roof_first,TW-P058,N524,interior_applied_load,,-32.0,99.542,210.844,-1.3244955187491824e-12,-9.71982924129649,2.6957470721490573e-09,-4.3754412038050055e-09,-3.9366653692439394e-11,2.7620586155098953e-11
strength_roof_first,TW-P059,N129,interior_applied_load,,-32.0,101.156,115.0,7.126735517713439e-12,-15.962667203513831,-1.5147945432975688e-12,-3.5326463206707487e-09,1.8862670026524803e-12,-1.4097711231942398e-14
strength_roof_first,TW-P060,N525,interior_applied_load,,-32.0,107.282,215.313,-2.0746360562532947e-12,-427.69377293839506,-1.0956433764716106e-10,1.552953342580108e-09,-2.869083443897753e-11,-2.4675550982580542e-11
strength_roof_first,TW-P061,N340,interior_applied_load,,-32.0,108.759,134.661,-7.958078640513122e-13,-12.316251141543034,1.4551915228366852e-11,-1.0913936421275139e-10,-1.5006662579253316e-11,-9.913492249324918e-11
strength_roof_first,TW-P062,N130,interior_applied_load,,-32.0,109.364,115.0,1.1005370044592414e-11,-10.450996934420093,2.1811867035923445e-12,1.049224833115151e-09,8.413024114588173e-11,-2.968178820902965e-14
strength_roof_first,TW-P063,N131,interior_applied_load,,-32.0,116.719,115.0,-1.458020532163522e-11,-8.326422772881582,-5.184398846901032e-12,1.180863891015745e-09,2.9775971555721216e-11,1.0103261528453018e-13
strength_roof_first,TW-P064,N526,interior_applied_load,,-32.0,117.602,221.271,1.136281006455344e-11,-422.6620541118973,-4.010066369612508e-09,-1.186201461861018e-08,-9.404571436142081e-11,-2.6131795776461972e-11
strength_roof_first,TW-P065,N527,interface_action,BR-R-main-2,-32.0,120.0,222.655,-6.814849997867397,-84.00636577763697,18.48746194721706,-1200.5795967188394,-703.0067477236006,-2265.7763741826057
strength_roof_first,TW-P066,N132,interior_applied_load,,-32.0,121.762,115.0,-4.2566057345538866e-09,-10.216771688021254,-2.0372681319713593e-10,-2.6222551241517067e-08,-1.7403181118424982e-09,-2.9103830456733704e-11
strength_roof_first,TW-P067,N133,interior_applied_load,,-32.0,122.762,115.0,3.266195580664544e-08,-7.063900593156404,2.808698429390688e-08,-2.9990007366365035e-08,-2.1840512025210268e-10,1.2828574202927712e-08
strength_roof_first,TW-P068,N310,interior_applied_load,,-32.0,122.762,117.5,-1.488277360824797e-08,-4.368740484587208,-4.2312464064505256e-09,-2.896317215889997e-08,1.2177179027383462e-10,7.770917684089339e-08
strength_roof_first,TW-P069,N311,interior_applied_load,,-32.0,122.762,143.543,-1.5466874651542654e-14,-8.737480996137439,2.2869080549309366e-14,-3.373837882874716e-13,3.217614109263715e-15,-1.535850627926669e-13
strength_roof_first,TW-P070,N312,interior_applied_load,,-32.0,122.762,169.586,2.073141623602315e-14,-8.737480996250756,-4.096277886557324e-14,-2.570239659247728e-13,1.617987370611684e-14,2.005041120804352e-13
strength_roof_first,TW-P071,N313,interior_applied_load,,-32.0,122.762,195.629,-3.7996685615124135e-14,-8.737480996170785,1.0167624074803259e-13,1.8023438879438123e-12,1.4385232027705277e-14,5.679130983813585e-13
strength_roof_first,TW-P072,N314,interior_applied_load,,-32.0,122.762,221.673,0.0,-4.368740499019623,-2.384185791015625e-07,0.0,0.0,1.4901161193847656e-08
strength_roof_first,TW-P073,N528,interior_applied_load,,-32.0,122.762,224.25,0.0,-2.601761519908905,9.5367431640625e-07,0.0,0.0,-1.4901161193847656e-08
strength_roof_first,TW-P074,N529,interior_applied_load,,-32.0,122.762,226.093,1.0276942128089203e-11,-3.358609920756824,-9.45163693649658e-11,1.5765465088719464e-10,8.819531087370806e-12,-1.9957173837483397e-12
strength_roof_first,TW-P075,N530,interior_applied_load,,-32.0,126.88,226.093,-1.0781468406321632e-11,-317.8064549493772,1.154380678932151e-10,-4.925498957426979e-09,2.4869749989830476e-12,1.977889156136317e-12
strength_roof_first,TW-P076,N134,interior_applied_load,,-32.0,132.281,115.0,-2.7172015857742753e-11,-10.293827218560361,6.984036261838861e-12,-4.6918728414783e-11,6.326221100400486e-11,1.5031489940942272e-14
strength_roof_first,TW-P077,N531,interior_applied_load,,-32.0,135.116,226.093,-2.8231686367429314e-12,-321.165064976757,-5.253727440344961e-11,-6.066768256728707e-09,3.626807819601528e-12,-1.4080570065852554e-12
strength_roof_first,TW-P078,N135,interior_applied_load,,-32.0,138.091,115.0,-5.2361605219127686e-12,-10.450996934110663,1.3161840283277065e-11,1.503622575892218e-10,8.293772729434311e-11,1.3888982046281723e-13
strength_roof_first,TW-P079,N532,interior_applied_load,,-32.0,143.351,226.093,-1.0597141361437177e-12,-318.9004468807659,1.7520691920040812e-11,-7.136731614675606e-09,9.708986135310209e-12,9.020860984647448e-12
strength_roof_first,TW-P080,N136,interior_applied_load,,-32.0,147.844,115.0,3.2384231523375155e-12,-17.000517254586505,-1.0387315752370385e-11,-8.123685451857807e-10,-4.1903406851421884e-11,1.6599359769024217e-13
strength_roof_first,TW-P081,N533,interior_applied_load,,-32.0,148.81,226.093,-3.5252633451810436e-10,-5.423258576515608,-2.627960306319036e-10,-2.4512821667209198e-09,1.9313945222240355e-11,6.964396118860896e-12
strength_roof_first,TW-P082,N534,interface_action,BR-R-cap-1,-32.0,150.0,226.093,-25.456303958338122,-141.2670724270256,-3.2605031527210095,5290.027359781067,-426.81873175819106,-4477.086709618092
strength_roof_first,TW-P083,N535,interior_applied_load,,-32.0,151.586,226.093,6.396213566235848e-11,-315.7418063332766,-1.272925562466915e-10,3.478174214242011e-09,-5.768024065612126e-11,-7.341298318646034e-12
strength_roof_first,TW-P084,N536,interior_applied_load,,-32.0,159.822,226.093,5.261633413274411e-13,-321.165064870655,-1.621420108419257e-10,-1.0392780331696761e-09,4.741055242984045e-12,-8.908884752850951e-12
strength_roof_first,TW-P085,N137,interior_applied_load,,-32.0,163.406,115.0,-1.0045214917587309e-10,-12.742279680498546,4.932771467040762e-12,7.978471587177232e-10,-5.195567074953405e-11,-6.505073399068154e-14
strength_roof_first,TW-P086,N138,interior_applied_load,,-32.0,166.818,115.0,1.624228544756356e-10,-10.450996720828018,-7.060164129221784e-12,1.4205270389885247e-09,1.2842495700412062e-10,-3.9794757921760265e-13
strength_roof_first,TW-P087,N537,interior_applied_load,,-32.0,168.057,226.093,3.456449345595282e-14,-319.9944388111479,3.0381387306931656e-11,-2.4064530011094533e-09,8.762890686647761e-12,2.616225536623875e-13
strength_roof_first,TW-P088,N538,interior_applied_load,,-32.0,174.857,226.093,-5.23770848977412e-11,-6.717219956029024,-2.9639062696712384e-10,-8.419730083910308e-10,5.456657691026787e-11,-3.2735729131925612e-12
strength_roof_first,TW-P089,N539,interior_applied_load,,-32.0,176.293,226.093,5.612564544056724e-11,-315.6184710697842,1.413902353751424e-10,1.9634996095105206e-09,2.239393108878897e-11,-6.694738487681759e-12
strength_roof_first,TW-P090,N139,interior_applied_load,,-32.0,178.969,115.0,-1.2926994030434627e-11,-12.210000088570018,6.345483726378618e-12,1.1458717793650503e-09,-6.470904903132542e-11,-4.001641696809437e-13
strength_roof_first,TW-P091,N540,interior_applied_load,,-32.0,184.528,226.093,-3.725290298461914e-08,-314.83275413513184,1.862645149230957e-09,-1.4901161193847656e-08,-2.7939677238464355e-09,2.9103830456733704e-11
strength_roof_first,TW-P092,N15,interface_action,BR-W-2; W3,-32.0,185.0,115.0,2.6525604572286556,6383.862410189795,-738.082366094602,10175.239279812315,-128.49947748229664,-192.68042806645775
strength_roof_first,TW-P093,N315,interface_action,W3,-32.0,185.0,117.5,-43.94039719327426,-4005.1693187206415,66.94012472812791,5451.142659332856,-81.6202516725718,564.4487328768598
strength_roof_first,TW-P094,N16,interface_action,W3,-32.0,185.0,143.183,-4.5237355514665413e-10,-7.613368507184545,-3.231198788749824e-10,1.8352077846212756e-11,-4.504938437729685e-14,-2.699202777561963e-10
strength_roof_first,TW-P095,N316,interface_action,W3,-32.0,185.0,144.148,-7.384003488801e-10,-1.7838561172374967,-6.617544044298526e-10,5.39480980410201e-10,5.3099249856013155e-15,-2.0947117166051195e-10
strength_roof_first,TW-P096,N317,interface_action,W3,-32.0,185.0,170.797,1.2040874086847458e-10,-1.7838561172060585,-1.6784563354729783e-09,-7.426907438113239e-10,3.937438767030608e-14,2.6806037228603785e-10
strength_roof_first,TW-P097,N17,interface_action,W3,-32.0,185.0,171.82,-6.92364419898684e-10,-7.674110163575015,7.879175684786982e-10,-2.516569571338844e-10,-4.295551932546367e-14,-2.0003735892340778e-10
strength_roof_first,TW-P098,N318,interface_action,W3,-32.0,185.0,197.445,-1.2123928317079026e-11,-1.2117365203461397,-2.2520474951459103e-11,4.502678406220543e-11,1.34140333091645e-15,-3.3296114072595358e-12
strength_roof_first,TW-P099,N18,interface_action,W3,-32.0,185.0,200.457,6.303616652985072e-12,-7.272137234248225,3.789866948579734e-11,2.6712264341481663e-11,-1.6011964027022423e-14,4.4742664968729334e-12
strength_roof_first,TW-P100,N319,interface_action,W3,-32.0,185.0,207.0,-2.1678056716918945,-1179.4182715415955,2278.566154360771,9287.928671360016,28.755892038345337,597.0864834841341
strength_roof_first,TW-P101,N320,interface_action,W3,-32.0,185.0,224.093,46.09037967307831,5019.9515429565,-2326.7722054389874,31099.951288971515,53.25038363836205,3563.8623575048537
strength_roof_first,TW-P102,N19,interface_action,W3,-32.0,185.0,226.093,0.3820906151086092,189.89273059368134,-19.28900872543454,296.3975148797035,0.7245689786504954,30.308703313174192
strength_roof_first,TW-P103,N341,interior_applied_load,,-32.0,186.0,207.0,0.0,-0.3778500556945801,0.0,0.0,2.384185791015625e-07,0.0
strength_roof_first,TW-P104,N342,interior_applied_load,,-32.0,187.0,207.0,5.913514122139507e-08,-7.135516478174018,3.6818522014230624e-09,2.6988785126542966e-07,2.009751184409461e-10,-1.854466328171533e-07
strength_roof_first,TW-P105,N347,interior_applied_load,,-32.0,187.0,209.5,-3.9279852301242666e-08,-2.4480339387241132,2.1569147619415102e-07,-1.1974664174020151e-07,7.745221954185439e-12,-4.05629157954547e-08
strength_roof_first,TW-P106,N348,interior_applied_load,,-32.0,187.0,224.093,-4.239876338907322e-09,-2.4480339376203393,1.8800548368114178e-07,1.0671053762845162e-07,1.016401019115439e-11,3.430573602969389e-10
strength_roof_first,TW-P107,N541,interior_applied_load,,-32.0,187.0,226.093,-6.213667802512646e-09,-6.332310780882835,-4.1443854570388794e-08,1.2479722499847412e-07,-2.0372681319713593e-10,1.206353772431612e-08
strength_roof_first,TW-P108,N542,interior_applied_load,,-32.0,192.764,226.093,7.619459461394614e-08,-312.5276455532259,1.7492747996587173e-09,-5.939672960687094e-09,2.515814780136981e-09,5.506393812348579e-11
strength_roof_first,TW-P109,N343,interior_applied_load,,-32.0,192.881,207.0,8.493387992913881e-09,-10.957649993042004,1.1420879841850251e-07,-1.7516032846387475e-08,1.1658980446411606e-11,-4.4330726312047375e-08
strength_roof_first,TW-P110,N349,interior_applied_load,,-32.0,192.881,209.5,-1.617718739945555e-08,-2.448033938004034,-1.204977044572009e-07,-1.560350437942479e-08,7.488534220597713e-12,-1.875777293194598e-08
strength_roof_first,TW-P111,N350,interior_applied_load,,-32.0,192.881,224.093,-1.3519119990146322e-09,-2.448033936031142,-8.499155254582114e-09,-4.943826450998223e-08,2.1086529082967378e-13,-2.8240156324521593e-09
strength_roof_first,TW-P112,N543,interior_applied_load,,-32.0,192.881,226.093,-4.71041669806402e-08,-6.64058606942669,-3.413355458932268e-08,-8.407604523107523e-08,3.5517228183916444e-10,-6.944027505625585e-09
strength_roof_first,TW-P113,N140,interior_applied_load,,-32.0,194.531,115.0,-9.056097661212126e-09,-7.081799911274503,-5.004152874934177e-12,-9.299477027732799e-12,-2.556240844298237e-09,4.241686481640033e-12
strength_roof_first,TW-P114,N141,interior_applied_load,,-32.0,195.545,115.0,4.195164337422582e-09,-10.450996934104076,-4.106465414876781e-11,-2.723142111505285e-11,-7.301420983727747e-10,-5.731897471925649e-13
strength_roof_first,TW-P115,N544,interior_applied_load,,-32.0,200.905,226.093,5.760276537528736e-08,-6.6212083268555615,5.215668982298804e-09,5.7818710410544755e-09,1.6508608519250026e-09,1.729955448211521e-11
strength_roof_first,TW-P116,N545,interior_applied_load,,-32.0,200.999,226.093,-1.527332706054677e-08,-314.52448152992906,-4.737682539467959e-11,-8.348295737349674e-08,-9.966484335337986e-10,-1.1438764497002068e-10
strength_roof_first,TW-P117,N355,interior_applied_load,,-32.0,201.5,216.547,-7.527792484314589e-13,-9.07089154864371,3.739682780787063e-12,-4.4267245640980525e-12,1.4462749891530604e-12,-1.336908923189867e-12
strength_roof_first,TW-P118,N546,interior_applied_load,,-32.0,209.234,226.093,-1.7063824982288838e-12,-319.96624434435233,1.5548790656512883e-11,1.6477679618003584e-10,-1.7910386020169235e-11,2.6221829606819694e-11
strength_roof_first,TW-P119,N142,interior_applied_load,,-32.0,210.094,115.0,7.520807325386799e-13,-19.29180000000088,4.277633654657666e-12,4.572335516004611e-12,7.112500329423922e-12,-2.0560224633566535e-13
strength_roof_first,TW-P120,N344,interior_applied_load,,-32.0,216.0,207.0,1.5126539354426427e-08,-19.69307929334174,-8.337060763974335e-08,1.222217235752332e-07,1.0918694017878063e-10,-4.427041699894829e-08
strength_roof_first,TW-P121,N351,interior_applied_load,,-32.0,216.0,209.5,5.4664440703562805e-09,-2.4480339374112448,7.696605924648822e-08,-4.756781364492068e-08,-1.2285356875361618e-14,-4.996910686659477e-08
strength_roof_first,TW-P122,N352,interior_applied_load,,-32.0,216.0,224.093,3.102512524666423e-09,-2.4480339356616208,3.527894244619023e-08,2.015571271447858e-07,8.435262667186386e-12,-8.277158847214139e-09
strength_roof_first,TW-P123,N356,interior_applied_load,,-32.0,216.0,226.093,1.0561235277937865e-08,-15.788111392154406,6.746194197273165e-09,2.1602669518487917e-07,9.937269279495844e-11,1.0803361891718185e-09
strength_roof_first,TW-P124,N547,interior_applied_load,,-32.0,217.47,226.093,-9.791544048445771e-11,-315.6466655530447,4.037102103865711e-11,-2.2869326416666863e-10,1.2936982473641569e-11,-7.210182543897267e-12
strength_roof_first,TW-P125,N143,interior_applied_load,,-32.0,224.273,115.0,4.299989317535725e-10,-10.45099693421305,1.1005127483269061e-12,-1.1679032905970279e-11,3.991986194233858e-10,1.6746081631877607e-14
strength_roof_first,TW-P126,N144,interior_applied_load,,-32.0,225.656,115.0,1.0334983906519706e-10,-11.380101501016625,4.348441708926701e-11,8.545866751300167e-11,1.0847046225425924e-09,-2.077458217820431e-13
strength_roof_first,TW-P127,N548,interior_applied_load,,-32.0,225.705,226.093,-2.2231220378521387e-11,-315.465202830622,-3.884385535223194e-10,-3.702405266470488e-10,-8.211747383634495e-11,1.0206349754677407e-12
strength_roof_first,TW-P128,N549,interior_applied_load,,-32.0,226.952,226.093,3.431874023022635e-10,-6.717219843839602,1.0938219692035094e-10,5.43002475206887e-11,-1.6359705214326901e-10,-4.6991172771089575e-12
strength_roof_first,TW-P129,N357,interior_applied_load,,-32.0,230.5,216.547,5.764429507773541e-13,-9.070891548675945,3.2054006708340143e-11,4.953387899030896e-11,-2.8654527739044914e-12,5.00635583440799e-13
strength_roof_first,TW-P130,N550,interior_applied_load,,-32.0,233.941,226.093,-8.58741873587372e-10,-314.2945767707606,7.947072802939424e-10,-1.4553182960921992e-09,-5.081351255916541e-10,3.3515234185735244e-11
strength_roof_first,TW-P131,N551,interface_action,BR-R-cap-2,-32.0,235.0,226.093,-24.067636925321136,-146.34306007355093,3.406643138596963,-3267.04599903125,308.05444338524967,-5301.397922868761
strength_roof_first,TW-P132,N145,interior_applied_load,,-32.0,241.219,115.0,3.1924199769282447e-12,-14.333395172818138,-5.509345912537621e-12,7.1023678429821045e-12,1.1466378912939037e-11,9.442047667112919e-14
strength_roof_first,TW-P133,N552,interior_applied_load,,-32.0,242.176,226.093,-3.5011151648736005e-11,-315.8871250068048,-3.744978635022127e-11,-9.15135393209678e-11,-5.896661284936135e-12,3.6553152288274514e-12
strength_roof_first,TW-P134,N345,interior_applied_load,,-32.0,245.0,207.0,1.4299892310907906e-08,-15.870945776092125,-1.4600237973521077e-07,1.1284823062197183e-07,-5.093596355447118e-10,-1.1344522573368333e-08
strength_roof_first,TW-P135,N353,interior_applied_load,,-32.0,245.0,209.5,1.0183815157855918e-08,-2.448033937504655,8.34925136153992e-08,-5.579955200387869e-08,2.8778981250503942e-11,-3.13868522737744e-08
strength_roof_first,TW-P136,N354,interior_applied_load,,-32.0,245.0,224.093,-1.0324344337786506e-08,-2.4480339376382605,8.52958240288304e-08,2.1332607522128733e-07,-5.931575324545745e-12,-2.430329520963781e-09
strength_roof_first,TW-P137,N553,interior_applied_load,,-32.0,245.0,226.093,7.4671210470857e-09,-3.9346697266959696,-2.040170499784196e-07,3.560749711819593e-07,-2.129942662139477e-10,9.196907470826195e-09
strength_roof_first,TW-P138,N346,interior_applied_load,,-32.0,246.0,207.0,0.0,-0.3778500556945801,0.0,5.960464477539063e-08,0.0,0.0
strength_roof_first,TW-P139,N146,interior_applied_load,,-32.0,247.0,115.0,-1.686877559858857e-08,-5.225498465919988,-3.3514581332383386e-08,2.569984047795515e-08,1.3943411473726757e-10,9.43950523302206e-09
strength_roof_first,TW-P140,N321,interior_applied_load,,-32.0,247.0,117.5,-1.4798244835048407e-08,-4.470258484210398,-2.1152930066223853e-08,-5.1553414299238845e-08,-2.8522903353837006e-11,9.106469587267296e-09
strength_roof_first,TW-P141,N322,interior_applied_load,,-32.0,247.0,144.148,-1.7287674855935975e-14,-8.940516968503225,-1.1711365866852682e-14,4.318067069078544e-15,-3.7145462379144784e-15,-3.637657311816483e-13
strength_roof_first,TW-P142,N323,interior_applied_load,,-32.0,247.0,170.797,8.773744684990676e-15,-8.940516968503196,-3.968188972558373e-14,1.2676019895619432e-13,4.046860048305267e-15,1.3408259526102374e-13
strength_roof_first,TW-P143,N324,interior_applied_load,,-32.0,247.0,197.445,-5.62536314331634e-13,-6.073108036479938,6.257317451576687e-13,9.27675891942252e-12,-7.0910435860923e-15,2.7038753910615806e-12
strength_roof_first,TW-P144,N325,interior_applied_load,,-32.0,247.0,207.0,0.0,-4.470258474349976,-1.4901161193847656e-08,0.0,-2.384185791015625e-07,0.0
strength_roof_first,TW-P145,N326,interior_applied_load,,-32.0,247.0,224.093,2.9802322387695312e-08,-2.867408932186663,0.0,0.0,0.0,7.450580596923828e-09
strength_roof_first,TW-P146,N554,interior_applied_load,,-32.0,247.0,226.093,1.4901161193847656e-08,-3.2626000782474875,2.384185791015625e-07,-4.76837158203125e-07,-1.4551915228366852e-10,-2.2351741790771484e-08
strength_roof_first,TW-P147,N147,interface_action,BR-N-upper-1; T-N; W4,-32.0,249.0,115.0,38.641188094760004,-70.52150267178223,560.5280808049055,-5921.379060119422,-867.031622326438,-504.82434076561435
strength_roof_first,TW-P148,N555,interface_action,BR-N-upper-2; T-N top / segment 1; W4,-32.0,249.0,226.093,-3.3746624089278527,-18.14509559022924,64.26674435295895,2859.8385282925874,186.60391132487638,4813.873774021977
strength_roof_first,TW-P149,N556,interface_action,T-N top / segment 1; W4,-32.0,250.411,226.093,3.820340902425838e-10,-2.809345617306831,-1.5042999280899293e-09,-1.5246575319057887e-09,-1.18645462608177e-10,4.965525925724014e-13
strength_roof_first,TW-P150,N148,interface_action,T-N; W4,-32.0,252.0,115.0,2.130189479007753,152.09200234728533,2.774921658751989,165.2363295597998,10.693096462651962,-80.06485387310805
strength_roof_first,TW-P151,N327,interior_applied_load,,-32.0,252.0,117.5,-6.433834761998202e-10,-4.470258484264134,1.79637189783453e-08,-3.587411687981607e-09,-1.5527314597706032e-11,-4.848058652417105e-09
strength_roof_first,TW-P152,N328,interior_applied_load,,-32.0,252.0,144.148,1.116016093861226e-14,-8.940516968503385,8.50734950228038e-15,2.1327576113522798e-13,5.109646868509948e-15,-2.1511233605625097e-13
strength_roof_first,TW-P153,N329,interior_applied_load,,-32.0,252.0,170.797,-6.959049814111818e-15,-8.94051696850301,-2.6984296304129045e-14,-9.963674456843888e-15,-1.0150599600316043e-15,-3.0602259745037013e-13
strength_roof_first,TW-P154,N330,interior_applied_load,,-32.0,252.0,197.445,-1.3478622288370482e-14,-8.940516968502967,-1.3165922108557086e-13,4.595055376567928e-13,-2.175241837390422e-15,-1.1597402991860279e-13
strength_roof_first,TW-P155,N331,interior_applied_load,,-32.0,252.0,224.093,-7.450580596923828e-09,-4.470258484361693,-2.384185791015625e-07,-2.384185791015625e-07,0.0,-7.450580596923828e-09
strength_roof_first,TW-P156,N557,interface_action,T-N top / segment 1; W4,-32.0,252.0,226.093,-2.1273608803749084,-116.49176743719727,-2.755462884902954,150.76009917259216,-10.678897492587566,-155.0333091467619
strength_roof_first,TW-P157,N27,interface_action,BR-N-ground-2; BR-W-1; T-N; W4,-32.0,253.0,115.0,-0.44798505350398515,5.199340905611608,19.28917116751832,-23.77461448715762,-5.269507793312646,10.354910921848829
strength_roof_first,TW-P158,N31,interface_action,T-N top / segment 1; W4,-32.0,253.0,226.093,0.3683798029087484,-0.44227850483730435,2.1138247149065137,28.617305040126666,2.0584685979411006,45.89471415162552
lateral_HX,TW-P001,N76,interface_action,SW0; T-SO,-32.0,-63.0,115.0,-39.168038364906714,-417.0700570162127,1714.1924104204415,1851.0622498039309,-1305.2499018361677,-252.79206944009704
lateral_HX,TW-P002,N78,interface_action,SW0,-32.0,-63.0,117.0,-27.91144864018497,-724.0584818624611,-1662.7292804900208,-1017.2636717212736,-541.9191857152546,303.08755242642656
lateral_HX,TW-P003,N115,interior_applied_load,,-32.0,-61.0,115.0,-6.589584098363394e-12,-21.284457898794763,-2.338311528009886e-11,-2.332759765437216e-10,1.3501500220426747e-11,-1.983731898548128e-12
lateral_HX,TW-P004,N504,interior_applied_load,,-32.0,-57.84,119.979,3.637978807091713e-12,-111.89967377424728,2.9103830456733704e-11,-1.7462298274040222e-10,-3.637978807091713e-12,1.8189894035458565e-12
lateral_HX,TW-P005,N505,interior_applied_load,,-32.0,-47.52,125.937,1.3536824105980603e-12,-113.92463820016644,1.9640233502403088e-11,-7.228462726147329e-11,-2.41076584171582e-13,4.837559429232693e-12
lateral_HX,TW-P006,N332,interior_applied_load,,-32.0,-41.0,128.124,-1.7053025658242404e-13,-10.415915797632806,-5.4569682106375694e-12,-1.3415046851150692e-11,0.0,-1.8189894035458565e-12
lateral_HX,TW-P007,N506,interior_applied_load,,-32.0,-39.78,130.406,-6.66757710070991e-11,-8.099857703726954,-6.401663185620516e-11,4.3030149770916457e-10,-2.45531785463901e-10,-7.096856184801895e-11
lateral_HX,TW-P008,N507,interior_applied_load,,-32.0,-37.2,131.896,-7.734035952543296e-13,-109.87470934823456,9.194530220844368e-11,-6.737014093306332e-11,-2.774624679380039e-10,9.789422050237372e-11
lateral_HX,TW-P009,N116,interior_applied_load,,-32.0,-34.273,115.0,-2.316317331479759e-13,-22.384999914932376,3.619548556332632e-12,-1.731931996647224e-10,2.2251788674253977e-11,-9.864000366685068e-14
lateral_HX,TW-P010,N508,interior_applied_load,,-32.0,-26.88,137.854,-6.142890237661019e-11,-112.46434550007731,4.0721456500872844e-11,1.3499202051305368e-10,-7.317554672761238e-11,7.840229107654058e-11
lateral_HX,TW-P011,N117,interior_applied_load,,-32.0,-21.0,115.0,4.2990219273342234e-08,-16.076499999857212,5.365766941878292e-09,-9.591734007052821e-08,-1.1121801746412886e-10,-2.3873209686886554e-08
lateral_HX,TW-P012,N301,interior_applied_load,,-32.0,-21.0,117.5,-3.0708016367056805e-09,-2.959579845319266,3.708333126719084e-08,-1.9008918578266305e-08,5.168958779815749e-11,2.544921900061785e-08
lateral_HX,TW-P013,N302,interior_applied_load,,-32.0,-21.0,138.671,2.9802322387695312e-08,-2.95957984495908,-2.9802322387695312e-08,2.9802322387695312e-08,-1.1641532182693481e-10,5.960464477539063e-08
lateral_HX,TW-P014,N333,interior_applied_load,,-32.0,-21.0,141.249,-2.9802322387695312e-08,-13.307815603446215,2.9802322387695312e-08,0.0,2.3283064365386963e-10,0.0
lateral_HX,TW-P015,N509,interior_applied_load,,-32.0,-16.559,143.812,3.2652907119626643e-11,-111.33500219424864,-9.122686496764186e-13,-1.802385380090235e-10,-1.3535951304619512e-10,3.395387379118726e-11
lateral_HX,TW-P016,N510,interior_applied_load,,-32.0,-6.239,149.771,0.0,-112.74668136301625,1.4551915228366852e-11,-3.41970007866621e-10,-5.820766091346741e-11,2.9103830456733704e-11
lateral_HX,TW-P017,N118,interior_applied_load,,-32.0,-5.545,115.0,-5.819187099593974e-11,-11.752125140947017,-3.807233996092108e-11,-1.9832057890560577e-11,-1.9229907900317357e-10,2.2587753482998144e-11
lateral_HX,TW-P018,N5,interface_action,T-S; W1,-32.0,0.0,115.0,181.68239767537602,3562.6927134299895,39.828976469792906,-2499.892867955103,-934.1589652270122,-1742.0842054984196
lateral_HX,TW-P019,N303,interface_action,W1,-32.0,-0.0,117.5,-119.68266055564186,-705.3490016451861,-121.42989855612612,-995.7956205675886,-558.7106104175643,1361.6352649514356
lateral_HX,TW-P020,N6,interface_action,W1,-32.0,0.0,130.311,-6.584094398266506e-12,-4.284703844527842,4.540773535789655e-12,-2.112642553071316e-12,-9.562667397245218e-14,-1.0447202037640856e-11
lateral_HX,TW-P021,N304,interface_action,W1,-32.0,-0.0,134.148,-9.938332252354436e-13,-0.9286815991236622,-6.794262960755255e-12,-2.2822189989096852e-12,1.8349304088492218e-14,-8.094472154316075e-12
lateral_HX,TW-P022,N305,interface_action,W1,-32.0,-0.0,150.796,119.68266063246425,680.7825137627755,121.4298985116901,-3047.3342815000165,558.7106104178779,2623.3186001768177
lateral_HX,TW-P023,N7,interface_action,BR-R-main-1; T-S top / segment 1; W1,-32.0,0.0,153.373,-127.90897015831433,168.74822849282646,61.15477025319706,1907.9909602199332,-1992.3230416391743,-2543.9898110293434
lateral_HX,TW-P024,N511,interior_applied_load,,-32.0,4.081,155.729,4.656612873077393e-10,-104.97777305351337,2.9103830456733704e-11,6.257323548197746e-10,1.0477378964424133e-09,-4.656612873077393e-10
lateral_HX,TW-P025,N512,interior_applied_load,,-32.0,6.661,157.219,9.11288156367836e-11,-8.099857703613122,9.701208326702808e-12,4.793758757309541e-11,1.0767194147324469e-10,8.47930148277454e-11
lateral_HX,TW-P026,N119,interior_applied_load,,-32.0,7.781,115.0,3.257922913558398e-12,-12.973124930607744,5.18153013016602e-11,2.6918352145125166e-11,3.665354742801797e-11,-5.904459680280957e-12
lateral_HX,TW-P027,N513,interior_applied_load,,-32.0,14.401,161.688,3.5389792604749396e-11,-113.9246382001594,-1.5748606865874283e-11,1.1804553992610207e-10,-1.6686716826999623e-10,-3.236901052561219e-11
lateral_HX,TW-P028,N334,interior_applied_load,,-32.0,17.438,134.661,-3.410605131648481e-13,-11.442547342718171,1.8189894035458565e-12,9.094947017729282e-13,0.0,-1.8189894035458565e-12
lateral_HX,TW-P029,N120,interior_applied_load,,-32.0,23.182,115.0,1.0792181981046455e-06,-8.709164465045513,6.709529985308691e-10,1.4369227716188298e-08,-1.7685016307100577e-08,-7.197310264705017e-13
lateral_HX,TW-P030,N121,interior_applied_load,,-32.0,23.344,115.0,6.096369661594239e-07,-8.799784398472337,4.167982322929096e-11,2.0204077049643713e-08,5.494234232772332e-10,-2.596381366679346e-13
lateral_HX,TW-P031,N514,interior_applied_load,,-32.0,24.721,167.646,5.6723231550606626e-11,-111.89967377437209,1.9259164420644414e-11,6.353272606581239e-10,8.508854179293844e-10,-2.716062811627508e-10
lateral_HX,TW-P032,N515,interior_applied_load,,-32.0,29.881,170.625,-1.393001976113428e-10,-8.09985770368705,1.5010048740042657e-11,1.2287734837535166e-09,1.1248774851093191e-10,-3.2273021663950543e-10
lateral_HX,TW-P033,N335,interior_applied_load,,-32.0,34.875,154.322,-1.1251510370195693e-13,-11.442547342716143,-4.978002950705878e-13,1.5347388132690454e-12,1.1738503806207081e-12,6.134416923854939e-13
lateral_HX,TW-P034,N516,interior_applied_load,,-32.0,35.041,173.604,-4.375968784901649e-11,-111.89967377410267,-1.0718218072837876e-10,1.1574092554788533e-09,3.2161870725687084e-10,-6.195620947031346e-11
lateral_HX,TW-P035,N122,interior_applied_load,,-32.0,38.906,115.0,1.7553482114359465e-11,-15.985878939834533,1.6639051278594222e-11,4.908820284896456e-11,6.558673312638556e-11,2.919001735001018e-14
lateral_HX,TW-P036,N517,interior_applied_load,,-32.0,45.361,179.562,1.0420833285613299e-11,-113.92463820012566,-3.3694576805573796e-11,-8.414017571342102e-10,2.3106934382263903e-10,6.615515895028907e-12
lateral_HX,TW-P037,N123,interior_applied_load,,-32.0,51.909,115.0,-4.012155672803357e-10,-8.709164110510153,-1.278964895386878e-10,9.009531069998757e-10,5.000026399357342e-10,-1.0599849744144887e-13
lateral_HX,TW-P038,N336,interior_applied_load,,-32.0,52.313,173.982,-2.0500768997515347e-12,-11.442547342726916,-3.947788211741779e-13,-4.085558914817237e-12,-1.739302425303338e-11,5.655208385797161e-12
lateral_HX,TW-P039,N518,interior_applied_load,,-32.0,53.102,184.031,2.690145299600746e-10,-8.099857703407016,-2.0312144447241774e-12,-1.085580768065548e-09,6.630620932926708e-11,1.890513856436552e-10
lateral_HX,TW-P040,N124,interior_applied_load,,-32.0,54.469,115.0,-9.57836943455324e-10,-9.984218801243337,-1.8923549300522052e-11,4.433887937409048e-10,1.231123346525744e-09,6.804401425394017e-14
lateral_HX,TW-P041,N519,interior_applied_load,,-32.0,55.682,185.521,-1.762493976546994e-11,-109.8747093474759,1.3493548588163265e-10,6.334034357596421e-11,-6.933412210663747e-11,-1.9602418717500547e-10
lateral_HX,TW-P042,N520,interior_applied_load,,-32.0,66.002,191.479,-3.650810141080854e-11,-110.7916335144721,2.740037489990173e-10,2.6020914930691352e-09,1.12088416808551e-09,-5.182544946950791e-10
lateral_HX,TW-P043,N125,interior_applied_load,,-32.0,69.75,115.0,1.3089980299696435e-06,-8.709162717357348,3.683883154081968e-08,-1.97785445354981e-07,1.0289077917661566e-07,7.3140391521064885e-09
lateral_HX,TW-P044,N306,interior_applied_load,,-32.0,69.75,117.5,6.217038699269116e-08,-3.427966496190073,-7.556409581979172e-09,-6.513424173428464e-08,2.0656997283766908e-10,-1.2572356981938556e-09
lateral_HX,TW-P045,N307,interior_applied_load,,-32.0,69.75,142.022,3.739454271349644e-13,-4.563254038224428,2.058961787766637e-13,-1.8184537475069293e-13,-1.2415884439202776e-14,3.747840287870615e-12
lateral_HX,TW-P046,N218,interface_action,T1 upper lower chord,-32.0,69.75,150.143,-30.883182712381338,-91.5451897409103,-3.520051328566697,13.794490809006358,-131.08916616460945,-603.6159381367032
lateral_HX,TW-P047,N308,interior_applied_load,,-32.0,69.75,166.544,-1.747287672394742e-13,-5.720645448261833,1.0454756610936378e-13,-4.0546413167032384e-12,-4.201123475133451e-15,-5.808688774298612e-13
lateral_HX,TW-P048,N309,interior_applied_load,,-32.0,69.75,191.066,-1.1920928955078125e-07,-3.4279664903879166,-5.960464477539063e-08,-1.1920928955078125e-07,0.0,2.384185791015625e-07
lateral_HX,TW-P049,N337,interface_action,T1 top / segment 1,-32.0,69.75,193.643,35.68365651369095,-204.2168001756072,4.784384489059448,-363.5922574996948,116.1674753461266,105.06066155433655
lateral_HX,TW-P050,N126,interior_applied_load,,-32.0,70.031,115.0,-1.5753029239694367e-06,-6.092281537208535,4.0432079395750363e-10,1.0914985945736329e-07,-2.1634453140680363e-07,-2.5000079783947747e-12
lateral_HX,TW-P051,N521,interior_applied_load,,-32.0,76.322,197.438,1.6867356923107237e-10,-113.00771417942576,1.4190980833652796e-10,8.740423526227593e-10,1.122459079043917e-11,2.7295478653495686e-10
lateral_HX,TW-P052,N127,interior_applied_load,,-32.0,80.636,115.0,-1.9291261307717738e-10,-8.709164111869915,5.829230758618835e-11,2.54505461030383e-10,1.1005757660339049e-10,-3.9217295503432826e-14
lateral_HX,TW-P053,N338,interior_applied_load,,-32.0,82.753,173.982,-1.5955955330466785e-12,-10.263542617956404,1.0476766249261393e-12,-4.784687191310279e-13,7.251002679464996e-12,7.190008682023638e-11
lateral_HX,TW-P054,N128,interior_applied_load,,-32.0,85.594,115.0,1.6647476338990248e-10,-11.48344144205202,-3.834038148157787e-11,5.845171979326406e-10,-2.5969634336676165e-10,-3.3275974061202243e-14
lateral_HX,TW-P055,N522,interior_applied_load,,-32.0,86.642,203.396,2.7504426593650938e-12,-115.94960262610769,-9.658236263351392e-11,9.120479014988547e-11,3.447321391289851e-11,-4.351305941689107e-11
lateral_HX,TW-P056,N339,interior_applied_load,,-32.0,95.756,154.322,-1.9676592407581497e-13,-10.263542617969755,6.315395156239134e-12,3.9429339576744495e-12,8.630901506847765e-13,-7.534702751057478e-13
lateral_HX,TW-P057,N523,interior_applied_load,,-32.0,96.962,209.354,-1.908503487200768e-10,-109.87470934809566,-1.4313668573909539e-11,2.9102104524658884e-10,-1.7184117372996473e-10,-6.094586135854108e-11
lateral_HX,TW-P058,N524,interior_applied_load,,-32.0,99.542,210.844,7.063911452327933e-11,-8.09985770261076,5.654044597248413e-12,6.268147277139784e-10,1.0482832249492543e-10,7.530215700720959e-11
lateral_HX,TW-P059,N129,interior_applied_load,,-32.0,101.156,115.0,4.810329046656747e-11,-13.30222266963253,2.212374377111066e-11,-3.1314327156428674e-10,-1.6990601798216738e-10,1.7728846339277907e-13
lateral_HX,TW-P060,N525,interior_applied_load,,-32.0,107.282,215.313,3.1072706746899736e-12,-113.9246382000063,-6.37484729044449e-11,4.762839521392303e-10,2.634529071668484e-10,5.762435097760089e-11
lateral_HX,TW-P061,N340,interior_applied_load,,-32.0,108.759,134.661,4.547473508864641e-13,-10.263542617976782,0.0,3.637978807091713e-11,1.0913936421275139e-11,1.0913936421275139e-11
lateral_HX,TW-P062,N130,interior_applied_load,,-32.0,109.364,115.0,-5.495896791583898e-11,-8.709164111689569,-7.40856549585198e-12,-1.3549039119451266e-09,4.809044375928583e-10,3.0345743738108404e-14
lateral_HX,TW-P063,N131,interior_applied_load,,-32.0,116.719,115.0,1.381523286022205e-10,-6.938685645240079,3.5911363157230943e-11,1.0246631077054316e-09,6.485515612771322e-10,-1.2110532611242161e-14
lateral_HX,TW-P064,N526,interior_applied_load,,-32.0,117.602,221.271,2.030421517892884e-10,-109.73153918058905,-2.8200113127004956e-09,-3.855696488591504e-09,1.4239233246320909e-10,1.4135909075210277e-10
lateral_HX,TW-P065,N527,interface_action,BR-R-main-2,-32.0,120.0,222.655,-58.8800497864616,-63.601481571280914,39.43311607935786,-1338.5101850128053,-489.7602966385143,-2563.157194252639
lateral_HX,TW-P066,N132,interior_applied_load,,-32.0,121.762,115.0,4.718458512797952e-08,-8.513976468821056,-1.7462298274040222e-10,1.0542862582951784e-08,5.737092578783631e-09,4.147295840084553e-10
lateral_HX,TW-P067,N133,interior_applied_load,,-32.0,122.762,115.0,1.5102274630862667e-07,-5.886583810208229,6.842521682592917e-08,1.0172449760315061e-07,-1.8699733226630967e-08,-4.9018176184745244e-08
lateral_HX,TW-P068,N310,interior_applied_load,,-32.0,122.762,117.5,-1.014429514717299e-07,-3.6406170856100877,-1.1360719362095037e-07,5.3846352541933325e-08,-7.908766191775371e-10,-2.2607652340630726e-07
lateral_HX,TW-P069,N311,interior_applied_load,,-32.0,122.762,143.543,1.4786289456232102e-13,-7.281234163493963,1.395083748108664e-14,-1.275348434810589e-13,-1.1483871252199545e-14,-5.539656098619835e-13
lateral_HX,TW-P070,N312,interior_applied_load,,-32.0,122.762,169.586,-7.341852876392423e-14,-7.281234163490345,-4.787296528611521e-15,5.707429436999975e-13,-5.687268092281023e-15,1.1924792372756078e-12
lateral_HX,TW-P071,N313,interior_applied_load,,-32.0,122.762,195.629,8.012331376389008e-14,-7.281234163482475,-4.757372293973992e-15,1.5842804360207446e-13,-1.5715749996533654e-14,8.303331190407796e-14
lateral_HX,TW-P072,N314,interior_applied_load,,-32.0,122.762,221.673,0.0,-3.640617072582245,0.0,0.0,0.0,-5.960464477539063e-08
lateral_HX,TW-P073,N528,interior_applied_load,,-32.0,122.762,224.25,2.9802322387695312e-08,-2.1681346148252487,2.384185791015625e-07,0.0,0.0,0.0
lateral_HX,TW-P074,N529,interior_applied_load,,-32.0,122.762,226.093,5.350803188108507e-10,-2.7988416021101714,-4.134320789270955e-10,-3.849681462556706e-10,-1.0013182617214635e-09,4.802143550606443e-12
lateral_HX,TW-P075,N530,interior_applied_load,,-32.0,126.88,226.093,-3.7353995107944973e-10,-60.336954132537635,6.63720933095116e-10,-8.504459727278286e-10,-5.125555586973783e-10,-2.087007665653358e-12
lateral_HX,TW-P076,N134,interior_applied_load,,-32.0,132.281,115.0,1.5068285713637628e-11,-8.57818934857124,5.0548246538669584e-11,3.177023968603647e-11,-1.3067460652638086e-10,-9.964573129286262e-13
lateral_HX,TW-P077,N531,interior_applied_load,,-32.0,135.116,226.093,1.4736519262133694e-10,-63.13579582324639,-1.4190550427889632e-10,-9.99153499642528e-10,1.2873563030633088e-09,1.5261539504070276e-12
lateral_HX,TW-P078,N135,interior_applied_load,,-32.0,138.091,115.0,1.3560575840936549e-10,-8.709164111754674,3.864696861499043e-11,-2.779639873350974e-10,-5.803554100828024e-10,2.760244147079989e-13
lateral_HX,TW-P079,N532,interior_applied_load,,-32.0,143.351,226.093,4.762799991381283e-10,-61.2486140759923,8.153715447842204e-10,-6.623822745124811e-10,-4.0889331659403727e-10,1.6718638049736584e-12
lateral_HX,TW-P080,N136,interior_applied_load,,-32.0,147.844,115.0,1.094386415468101e-12,-14.16709771218658,6.538109915930673e-12,-4.4486490949801604e-10,-4.815019216249303e-10,-2.8175457839347387e-12
lateral_HX,TW-P081,N533,interior_applied_load,,-32.0,148.81,226.093,6.537790078306524e-08,-4.519382126031126,-1.9198339885488987e-10,7.144516761237592e-09,-1.5008680605527247e-08,1.9254249190243633e-11
lateral_HX,TW-P082,N534,interface_action,BR-R-cap-1,-32.0,150.0,226.093,-2435.2383403994468,-137.3111459469207,-580.8897014837104,1718.7157415721508,-19867.348780168424,-58.28390770588268
lateral_HX,TW-P083,N535,interior_applied_load,,-32.0,151.586,226.093,9.175483151413715e-09,-58.616413630187026,4.6042839177764e-10,7.284107467036684e-10,1.7119198903864877e-08,-7.72875263934823e-11
lateral_HX,TW-P084,N536,interior_applied_load,,-32.0,159.822,226.093,-8.335367378275961e-11,-63.13579573471362,-1.4678619718692344e-10,-2.1529252121132565e-11,-1.0528612445710058e-09,-2.7747482779045477e-12
lateral_HX,TW-P085,N137,interior_applied_load,,-32.0,163.406,115.0,1.1067646729078868e-09,-10.618566399925136,-3.012257395244743e-11,5.486013556445135e-10,1.297796709947456e-09,3.6556615614020045e-12
lateral_HX,TW-P086,N138,interior_applied_load,,-32.0,166.818,115.0,-1.5869379977780006e-09,-8.709163934424577,2.4368047475719072e-11,-5.153236308807038e-10,5.681501752578342e-10,-7.492704825431767e-13
lateral_HX,TW-P087,N537,interior_applied_load,,-32.0,168.057,226.093,-9.990040475761234e-10,-62.160274018573375,1.519838860752572e-10,-4.615282791330562e-10,-6.84862051046742e-09,-1.2331991633498964e-11
lateral_HX,TW-P088,N538,interior_applied_load,,-32.0,174.857,226.093,8.146539555227436e-08,-5.597683294045962,-5.63295012436617e-10,3.3388287979559405e-10,1.6400196269885215e-08,4.173073433745024e-12
lateral_HX,TW-P089,N539,interior_applied_load,,-32.0,176.293,226.093,-7.878652036877444e-08,-58.51363424357943,5.228572929424139e-10,4.5791958511588404e-10,3.189535300561406e-08,-1.7925561610696007e-12
lateral_HX,TW-P090,N139,interior_applied_load,,-32.0,178.969,115.0,-2.500394730162208e-10,-10.175000073777602,-2.388850860562915e-11,-1.3924031566312659e-11,1.2571097664526583e-10,-5.274938470036803e-12
lateral_HX,TW-P091,N540,interior_applied_load,,-32.0,184.528,226.093,-9.5367431640625e-07,-57.85887014865875,0.0,0.0,2.384185791015625e-07,0.0
lateral_HX,TW-P092,N15,interface_action,BR-W-2; W3,-32.0,185.0,115.0,-33.70349232436679,2723.859493193036,485.76826339352425,9160.744577842977,191.28130241135327,717.8946252983185
lateral_HX,TW-P093,N315,interface_action,W3,-32.0,185.0,117.5,64.55472002846255,-1581.504269717067,-427.1092027943694,-17693.797622574686,-922.4218668672364,-4451.972054747695
lateral_HX,TW-P094,N16,interface_action,W3,-32.0,185.0,143.183,-3.989154846752129e-09,-6.344473756041247,-1.3597460832188488e-09,6.89802404407324e-10,-3.851000775374469e-14,1.2903405588706411e-09
lateral_HX,TW-P095,N316,interface_action,W3,-32.0,185.0,144.148,5.373551636001116e-09,-1.4865467643395884,-2.867320636302443e-09,1.9550735998694066e-09,1.3085204477429886e-13,3.2362821482308077e-09
lateral_HX,TW-P096,N317,interface_action,W3,-32.0,185.0,170.797,8.40438332831215e-09,-1.486546764343031,5.055903014831347e-09,2.165749274591745e-09,2.1186067117828244e-13,-2.6331060043230437e-10
lateral_HX,TW-P097,N17,interface_action,W3,-32.0,185.0,171.82,1.0104343388669372e-09,-6.395091802973621,-4.5034103032985704e-09,2.1391410791618265e-09,5.094664093690826e-13,7.175643169601423e-11
lateral_HX,TW-P098,N318,interface_action,W3,-32.0,185.0,197.445,1.597363690069817e-10,-1.0097804336179899,-2.94856096576844e-10,5.887629700343599e-11,5.471672787553923e-14,2.1332663118661515e-10
lateral_HX,TW-P099,N18,interface_action,W3,-32.0,185.0,200.457,-1.1958057386942416e-10,-6.060114361872095,2.685017966519038e-10,1.0762544172691512e-10,-1.4921131408408973e-15,-4.78676927625592e-11
lateral_HX,TW-P100,N319,interface_action,W3,-32.0,185.0,207.0,-140.409423828125,1317.145354270935,1796.743152141571,-7741.922875761986,8549.618591308594,161.807871889323
lateral_HX,TW-P101,N320,interface_action,W3,-32.0,185.0,224.093,74.70026822597588,220.83517426675928,-1354.8613612671518,10304.439059669076,-7512.4251775385155,-209.30126622978528
lateral_HX,TW-P102,N19,interface_action,W3,-32.0,185.0,226.093,3977.7025995254517,-9.988684326410294,-11.231838434934616,107.88778173178434,-102.22030019760132,-0.4965818845666945
lateral_HX,TW-P103,N341,interior_applied_load,,-32.0,186.0,207.0,0.0,-0.31487512588500977,1.1920928955078125e-07,1.1920928955078125e-07,0.0,0.0
lateral_HX,TW-P104,N342,interior_applied_load,,-32.0,187.0,207.0,1.2536434821768473e-06,-5.94626372532266,7.673819635081729e-07,8.986142382835164e-07,-8.28874149664867e-09,-1.687007427964822e-06
lateral_HX,TW-P105,N347,interior_applied_load,,-32.0,187.0,209.5,-1.5962771145047796e-06,-2.0400282819389663,-6.98205035201359e-07,9.021483883568358e-08,-1.3824409775641535e-10,-1.7949228930896475e-06
lateral_HX,TW-P106,N348,interior_applied_load,,-32.0,187.0,224.093,5.08954085420843e-06,-2.040028282422642,1.5963406341246156e-07,-1.891169880696708e-07,-3.652193253135952e-11,-3.8350950182231e-06
lateral_HX,TW-P107,N541,interior_applied_load,,-32.0,187.0,226.093,-4.395842552185059e-06,-5.276925640646368,2.3096799850463867e-07,-6.612390279769897e-08,-2.9802322387695312e-08,-4.6147615648806095e-06
lateral_HX,TW-P108,N542,interior_applied_load,,-32.0,192.764,226.093,-6.776533580559016e-05,-55.93794673292462,1.745139007858905e-08,1.6887446764392215e-08,-2.610730822740298e-06,-3.665368647540729e-10
lateral_HX,TW-P109,N343,interior_applied_load,,-32.0,192.881,207.0,1.1018830470277408e-06,-9.131374993768336,-6.270030271648963e-07,-8.745424558420645e-07,-1.311621403393092e-09,-1.1233140462252322e-07
lateral_HX,TW-P110,N349,interior_applied_load,,-32.0,192.881,209.5,-1.0899021892251817e-06,-2.04002828125273,6.61340686707793e-08,7.005921608253473e-08,1.6083847423978024e-10,-4.07235018473664e-08
lateral_HX,TW-P111,N350,interior_applied_load,,-32.0,192.881,224.093,2.141215177386968e-08,-2.0400282801233667,-8.986457325499408e-08,-7.493988615769887e-07,1.0857189568269668e-09,9.34432494825721e-07
lateral_HX,TW-P112,N543,interior_applied_load,,-32.0,192.881,226.093,4.792401866531e-05,-5.533820803869212,-7.431666691756929e-07,-7.305613855045675e-07,-4.004727691843911e-06,-7.182225581023194e-08
lateral_HX,TW-P113,N140,interior_applied_load,,-32.0,194.531,115.0,7.177527637631496e-09,-5.901499924504172,1.4599913392675687e-10,-1.5790092367597625e-10,1.1697485920706028e-08,-4.548550799712261e-11
lateral_HX,TW-P114,N141,interior_applied_load,,-32.0,195.545,115.0,9.692434625301363e-09,-8.709164112365379,-1.4736683262988037e-10,1.9980265516877828e-10,-4.853201679506665e-10,6.435021715095997e-12
lateral_HX,TW-P115,N544,interior_applied_load,,-32.0,200.905,226.093,1.6138533247620163e-05,-5.517674297734542,-2.0075164947362794e-09,-4.95546161339775e-08,3.3070335882469174e-06,-9.788243881388441e-11
lateral_HX,TW-P116,N545,interior_applied_load,,-32.0,200.999,226.093,6.516159292471288e-05,-57.60197526002163,6.074804424617591e-09,-6.151346505641674e-08,-1.5549694144492169e-06,-1.5062127186007703e-10
lateral_HX,TW-P117,N355,interior_applied_load,,-32.0,201.5,216.547,-1.9219156210031875e-12,-7.559076290538502,2.13415675211025e-11,-1.7214589729462756e-11,-2.5872308597717736e-11,2.256611128303711e-11
lateral_HX,TW-P118,N546,interior_applied_load,,-32.0,209.234,226.093,1.4728930172567615e-11,-62.136778629401284,1.1876579065297896e-09,8.196857391360131e-11,2.966731903060826e-10,1.8095902781840244e-09
lateral_HX,TW-P119,N142,interior_applied_load,,-32.0,210.094,115.0,-1.613030368693597e-11,-16.076500000001047,3.716171585747253e-11,4.1600868373343035e-12,-3.2564492814747045e-11,-2.3360855273251124e-12
lateral_HX,TW-P120,N344,interior_applied_load,,-32.0,216.0,207.0,-7.379871824753081e-08,-16.410899410317885,-1.432361462772036e-08,1.0255570025985428e-06,-3.604967881156396e-09,1.0424920438012464e-06
lateral_HX,TW-P121,N351,interior_applied_load,,-32.0,216.0,209.5,-1.4036220242181213e-07,-2.0400282809527206,-3.958244808513902e-07,-1.415176233832611e-07,-4.073227264736198e-10,-2.9488194273100246e-07
lateral_HX,TW-P122,N352,interior_applied_load,,-32.0,216.0,224.093,2.280936016063606e-06,-2.0400282807283157,-7.678166245445039e-07,1.0007453319083037e-06,1.580196284373542e-09,-2.2422298684432462e-07
lateral_HX,TW-P123,N356,interior_applied_load,,-32.0,216.0,226.093,-3.324330368659362e-06,-13.156759494208924,2.578224469925492e-07,-2.6957651531535304e-06,-7.023136448181396e-09,-1.3078863484111359e-06
lateral_HX,TW-P124,N547,interior_applied_load,,-32.0,217.47,226.093,-4.2915495613477634e-08,-58.53712963634677,-2.1940307205129187e-10,6.234805764801685e-11,7.337979538294961e-09,-7.359014671863911e-13
lateral_HX,TW-P125,N143,interior_applied_load,,-32.0,224.273,115.0,-3.5063507693023144e-09,-8.709164111866414,1.5023651819500107e-10,7.120825196154926e-11,-3.0173393188369048e-09,1.056318864850566e-11
lateral_HX,TW-P126,N144,interior_applied_load,,-32.0,225.656,115.0,-1.0752904312330184e-08,-9.483417917656768,-4.734238330597865e-11,8.510767917354009e-12,7.831153814949976e-10,-4.9267186387560486e-12
lateral_HX,TW-P127,N548,interior_applied_load,,-32.0,225.705,226.093,6.555026694720893e-08,-58.385910700832625,2.671183041207802e-10,1.1025850802295874e-11,5.6825523365864254e-08,4.631924316396552e-12
lateral_HX,TW-P128,N549,interior_applied_load,,-32.0,226.952,226.093,-5.9334136035867396e-08,-5.597683203481639,6.81040889409566e-10,-4.560931102634661e-13,3.254339669671712e-08,-2.8493649894171298e-11
lateral_HX,TW-P129,N357,interior_applied_load,,-32.0,230.5,216.547,4.775303980489123e-11,-7.55907629054582,1.0481914351721358e-10,9.678051771257534e-11,-3.0239389907548983e-10,-6.734770492575054e-11
lateral_HX,TW-P130,N550,interior_applied_load,,-32.0,233.941,226.093,3.139712861642407e-10,-57.41038897417492,3.4271879880138165e-10,-7.538321136912699e-09,-2.809962526196479e-08,6.910092339241204e-10
lateral_HX,TW-P131,N551,interface_action,BR-R-cap-2,-32.0,235.0,226.093,92.74797977045509,-111.8181557226059,-262.73152379194994,-1980.753906091723,19285.495633855266,-2744.5500666921876
lateral_HX,TW-P132,N145,interior_applied_load,,-32.0,241.219,115.0,-4.040420256537171e-11,-11.94449597735213,-1.0728480725876481e-11,2.1982745438108243e-11,-5.11495333039717e-10,8.129486977635437e-13
lateral_HX,TW-P133,N552,interior_applied_load,,-32.0,242.176,226.093,-1.0556799344984186e-09,-58.73751251489572,-3.117932245029658e-10,2.291724006937801e-11,-2.1194532629806277e-09,2.8367612433059977e-12
lateral_HX,TW-P134,N345,interior_applied_load,,-32.0,245.0,207.0,1.133283559037403e-07,-13.225788151489196,-9.361394753768986e-07,-2.83561738040505e-07,-5.882137835974954e-09,6.999022316936658e-08
lateral_HX,TW-P135,N353,interior_applied_load,,-32.0,245.0,209.5,-1.2211936315391965e-07,-2.040028280458154,-1.9056034100806487e-07,-7.578267117377485e-07,8.955460853430758e-10,3.477203825095667e-08
lateral_HX,TW-P136,N354,interior_applied_load,,-32.0,245.0,224.093,3.4325032979842796e-07,-2.040028280477328,2.911191519516798e-07,-3.875120901941642e-08,-1.54971910588344e-09,1.5362958410980454e-07
lateral_HX,TW-P137,N553,interior_applied_load,,-32.0,245.0,226.093,5.504372224962584e-07,-3.278891438553372,-2.328241047381634e-07,1.7605407026353717e-06,7.265566865061005e-09,3.145606109730968e-07
lateral_HX,TW-P138,N346,interior_applied_load,,-32.0,246.0,207.0,3.814697265625e-06,-0.31487512588500977,-1.1920928955078125e-07,0.0,-1.9073486328125e-06,9.313225746154785e-10
lateral_HX,TW-P139,N146,interior_applied_load,,-32.0,247.0,115.0,-4.4030554602336736e-07,-4.35458205955709,2.9511758370404095e-08,3.133031301061351e-07,8.244797093594725e-09,1.2507464116628952e-06
lateral_HX,TW-P140,N321,interior_applied_load,,-32.0,247.0,117.5,1.0862856724405215e-06,-3.725215403459365,-1.4446200646051793e-07,-2.8252091161870166e-08,-6.502398380376679e-12,5.932367151570524e-07
lateral_HX,TW-P141,N322,interior_applied_load,,-32.0,247.0,144.148,1.0743379048002589e-13,-7.450430807085877,-1.9497834212543504e-13,3.5622791637853793e-12,-6.896745399396687e-14,1.333017752139764e-12
lateral_HX,TW-P142,N323,interior_applied_load,,-32.0,247.0,170.797,-1.7255070603774647e-14,-7.450430807084039,-2.492041620133593e-14,1.254563325337527e-12,-1.2113554767398115e-13,-2.748101561804068e-13
lateral_HX,TW-P143,N324,interior_applied_load,,-32.0,247.0,197.445,4.496430306477879e-13,-5.060923363733687,2.44284802147024e-11,1.2828551532351257e-10,2.907313213340119e-13,3.99515368079123e-11
lateral_HX,TW-P144,N325,interior_applied_load,,-32.0,247.0,207.0,-3.814697265625e-06,-3.725215435028076,-1.1920928955078125e-07,0.0,-1.9073486328125e-06,0.0
lateral_HX,TW-P145,N326,interior_applied_load,,-32.0,247.0,224.093,-4.76837158203125e-07,-2.389507442712784,1.9073486328125e-06,-1.9073486328125e-06,0.0,0.0
lateral_HX,TW-P146,N554,interior_applied_load,,-32.0,247.0,226.093,-4.76837158203125e-07,-2.7188333943486214,0.0,-5.7220458984375e-06,1.4901161193847656e-08,9.5367431640625e-07
lateral_HX,TW-P147,N147,interface_action,BR-N-upper-1; T-N; W4,-32.0,249.0,115.0,50.44547535711329,-740.5620182121446,-187.7903901191474,-10730.769168865014,-5656.586924847803,1681.7164123643222
lateral_HX,TW-P148,N555,interface_action,BR-N-upper-2; T-N top / segment 1; W4,-32.0,249.0,226.093,-1571.4997180052098,-223.43242897956773,336.12766846997897,-9647.771783675302,9632.268223285797,5072.283924965957
lateral_HX,TW-P149,N556,interface_action,T-N top / segment 1; W4,-32.0,250.411,226.093,-4.216309960906192e-09,-0.48890452940028056,-4.2923123957446454e-09,1.4875501452467147e-09,5.883896055853497e-10,1.1931320360962123e-11
lateral_HX,TW-P150,N148,interface_action,T-N; W4,-32.0,252.0,115.0,3.210498440516705,-333.76050806284536,17.409331832416704,994.588958653901,213.95487240632258,-153.04830953142726
lateral_HX,TW-P151,N327,interior_applied_load,,-32.0,252.0,117.5,-9.720667841055281e-08,-3.7252154032694245,1.1236669570218311e-07,-1.0640243629749955e-07,-8.820286792543693e-10,-2.3773482337987157e-09
lateral_HX,TW-P152,N328,interior_applied_load,,-32.0,252.0,144.148,6.876785140094267e-14,-7.450430807084851,1.1240379678767542e-13,-5.536623314073422e-12,1.736767657683377e-13,-1.471368712602072e-12
lateral_HX,TW-P153,N329,interior_applied_load,,-32.0,252.0,170.797,-3.453730135933466e-14,-7.450430807084621,9.585424866216928e-14,-2.7482342883356042e-12,-1.4390512501174e-13,3.921925296726903e-13
lateral_HX,TW-P154,N330,interior_applied_load,,-32.0,252.0,197.445,3.918970087995143e-14,-7.45043080708546,-2.8443212999070637e-13,3.6867877379890614e-12,-8.728463583985412e-14,-5.095176630259467e-13
lateral_HX,TW-P155,N331,interior_applied_load,,-32.0,252.0,224.093,4.76837158203125e-07,-3.7252154033631086,-1.9073486328125e-06,-1.9073486328125e-06,3.725290298461914e-09,-4.76837158203125e-07
lateral_HX,TW-P156,N557,interface_action,T-N top / segment 1; W4,-32.0,252.0,226.093,-3.206235408782959,362.8158843293786,-17.287248611450195,987.856803894043,-213.670769572258,-201.35777854919434
lateral_HX,TW-P157,N27,interface_action,BR-N-ground-2; BR-W-1; T-N; W4,-32.0,253.0,115.0,-12.529183376121699,-24.169056007855456,-0.554859948386436,-150.21247689139227,-35.460840452188506,19.35074501154394
lateral_HX,TW-P158,N31,interface_action,T-N top / segment 1; W4,-32.0,253.0,226.093,0.6104150116443634,-19.011391572654247,13.263385500758886,-160.56223478540778,41.192264065146446,64.22555359741091
strength_lateral_HX_1,TW-P001,N76,interface_action,SW0; T-SO,-32.0,-63.0,115.0,-41.38640654797664,-487.6514455224693,1970.5070103699177,2238.4938273308494,-1358.9026287802608,-320.97827919002356
strength_lateral_HX_1,TW-P002,N78,interface_action,SW0,-32.0,-63.0,117.0,-28.739760254671637,-823.4680574462145,-1915.2871002797037,-1176.7038814674597,-498.20328048795636,289.3961634994048
strength_lateral_HX_1,TW-P003,N115,interior_applied_load,,-32.0,-61.0,115.0,1.8015864698129648e-11,-25.541349478599187,7.89402297336767e-11,1.8290630909643975e-10,-3.008507956806176e-11,6.574463987947707e-12
strength_lateral_HX_1,TW-P004,N504,interior_applied_load,,-32.0,-57.84,119.979,1.8189894035458565e-12,-134.27960852907017,0.0,0.0,-7.275957614183426e-12,-1.8189894035458565e-12
strength_lateral_HX_1,TW-P005,N505,interior_applied_load,,-32.0,-47.52,125.937,-5.691272396852507e-13,-136.7095658402166,-1.2628016644536443e-11,-4.489453050297958e-11,1.077839713524071e-11,3.539718095941363e-12
strength_lateral_HX_1,TW-P006,N332,interior_applied_load,,-32.0,-41.0,128.124,2.8421709430404007e-13,-12.499098957157912,-9.094947017729282e-12,-2.7284841053187847e-12,3.637978807091713e-12,-2.2737367544323206e-12
strength_lateral_HX_1,TW-P007,N506,interior_applied_load,,-32.0,-39.78,130.406,-1.1421828525375622e-10,-9.719829244483721,-2.2225642809944646e-12,4.4424996822844203e-10,-2.8261981537145445e-10,1.0111566154250892e-10
strength_lateral_HX_1,TW-P008,N507,interior_applied_load,,-32.0,-37.2,131.896,1.3156769316779028e-10,-131.8496512178813,-5.264333861901148e-11,-1.3162162952472376e-10,-3.556223414649516e-10,1.0030224554711283e-10
strength_lateral_HX_1,TW-P009,N116,interior_applied_load,,-32.0,-34.273,115.0,-2.9690755895345262e-12,-26.86199989791873,7.104996512721255e-12,-4.6364934456238214e-11,-5.4623115695566984e-11,-1.233163441295262e-13
strength_lateral_HX_1,TW-P010,N508,interior_applied_load,,-32.0,-26.88,137.854,-4.0938362947166354e-11,-134.95721460009912,1.7909549447639368e-11,1.3608231742405618e-10,6.064055445814929e-11,2.751747354401479e-11
strength_lateral_HX_1,TW-P011,N117,interior_applied_load,,-32.0,-21.0,115.0,6.037916278067712e-09,-19.291799999586306,6.358259418970391e-09,-8.31770950726618e-08,-1.78527619237485e-10,-3.712223251017832e-09
strength_lateral_HX_1,TW-P012,N301,interior_applied_load,,-32.0,-21.0,117.5,8.28112473098534e-10,-3.551495814029185,6.151393974319885e-08,-4.361588831028935e-08,2.6299521869968236e-11,-3.9656830491065e-08
strength_lateral_HX_1,TW-P013,N302,interior_applied_load,,-32.0,-21.0,138.671,2.9802322387695312e-08,-3.551495814230293,-5.960464477539063e-08,-2.9802322387695312e-08,0.0,0.0
strength_lateral_HX_1,TW-P014,N333,interior_applied_load,,-32.0,-21.0,141.249,-2.9802322387695312e-08,-15.96937872376293,-2.9802322387695312e-08,-5.960464477539063e-08,3.4924596548080444e-10,-5.960464477539063e-08
strength_lateral_HX_1,TW-P015,N509,interior_applied_load,,-32.0,-16.559,143.812,-2.961633397504192e-11,-133.6020026331014,7.839818894223728e-12,-1.3969236154192358e-10,3.1579231481812406e-11,-3.7464569127639374e-13
strength_lateral_HX_1,TW-P016,N510,interior_applied_load,,-32.0,-6.239,149.771,-8.731149137020111e-11,-135.29601763565734,1.4551915228366852e-11,-4.3655745685100555e-11,-1.7462298274040222e-10,2.9103830456733704e-11
strength_lateral_HX_1,TW-P017,N118,interior_applied_load,,-32.0,-5.545,115.0,-2.9093499202351037e-10,-14.102550169207746,1.9601820911405932e-11,2.3528908428869765e-10,-8.272185502037329e-10,4.7915957682298713e-11
strength_lateral_HX_1,TW-P018,N5,interface_action,T-S; W1,-32.0,0.0,115.0,205.65269882472614,4195.250440670432,42.16503937394555,-2736.9897166292085,-958.6609228397365,-1892.2530591965851
strength_lateral_HX_1,TW-P019,N303,interface_action,W1,-32.0,-0.0,117.5,-139.7040094071963,-838.6269152393005,-145.128142801304,-1216.7951022004167,-639.8976995825691,1524.7713618012215
strength_lateral_HX_1,TW-P020,N6,interface_action,W1,-32.0,0.0,130.311,-6.350130153794658e-12,-5.141644613422403,9.800226590324361e-12,1.5030347332231007e-11,-1.4092114860309268e-13,4.1480169065717405e-12
strength_lateral_HX_1,TW-P021,N304,interface_action,W1,-32.0,-0.0,134.148,5.839074676922994e-12,-1.1144179189508858,-3.17727460890323e-12,1.1034325703383047e-12,3.886908384106496e-14,-1.3348172668520105e-11
strength_lateral_HX_1,TW-P022,N305,interface_action,W1,-32.0,-0.0,150.796,139.70400960758872,809.1471297796728,145.12814280068173,-3615.39154123516,639.8976995827398,3126.8133378125303
strength_lateral_HX_1,TW-P023,N7,interface_action,BR-R-main-1; T-S top / segment 1; W1,-32.0,0.0,153.373,-152.67381345352624,196.00506952387514,57.31423374978476,2279.82148826748,-2233.9418110924307,-3060.61083872983
strength_lateral_HX_1,TW-P024,N511,interior_applied_load,,-32.0,4.081,155.729,1.280568540096283e-09,-125.97332766439649,4.3655745685100555e-11,-1.4551915228366852e-10,1.1641532182693481e-09,-3.4924596548080444e-10
strength_lateral_HX_1,TW-P025,N512,interior_applied_load,,-32.0,6.661,157.219,-1.5379421777911006e-10,-9.719829244463838,1.1552177259710047e-11,-1.5553360323349483e-10,6.243111654180485e-10,-1.1546623192549795e-10
strength_lateral_HX_1,TW-P026,N119,interior_applied_load,,-32.0,7.781,115.0,-8.818025410533629e-12,-15.567749916712653,2.0299044725118475e-11,2.6969219407992623e-11,8.533906134918547e-11,-1.7955029227050695e-11
strength_lateral_HX_1,TW-P027,N513,interior_applied_load,,-32.0,14.401,161.688,-1.8392956151308764e-11,-136.709565840189,-2.9895156627893355e-11,1.7578923202836308e-10,-7.641062294230909e-11,-5.0932396287889374e-11
strength_lateral_HX_1,TW-P028,N334,interior_applied_load,,-32.0,17.438,134.661,-1.1368683772161603e-13,-13.731056811266171,-3.637978807091713e-12,1.8189894035458565e-12,9.094947017729282e-13,0.0
strength_lateral_HX_1,TW-P029,N120,interior_applied_load,,-32.0,23.182,115.0,-4.6803646114364215e-07,-10.450999470552256,5.54792271107457e-10,1.1362121215819081e-07,-1.616108245608402e-07,-2.9114270120495926e-12
strength_lateral_HX_1,TW-P030,N121,interior_applied_load,,-32.0,23.344,115.0,8.671251748108086e-07,-10.559741761532958,-1.6773461758328108e-10,2.1473842987918282e-07,-1.8929148741004613e-07,2.4541096024935724e-12
strength_lateral_HX_1,TW-P031,N514,interior_applied_load,,-32.0,24.721,167.646,-2.180821491105259e-11,-134.27960852918005,1.9403462028877974e-11,4.4326825353152264e-10,1.0424948707698203e-10,-1.0615761824182409e-10
strength_lateral_HX_1,TW-P032,N515,interior_applied_load,,-32.0,29.881,170.625,7.259782381644912e-11,-9.719829244375022,-3.374648878965317e-11,1.2393271706786263e-09,5.705613216036029e-10,-3.800708202900196e-10
strength_lateral_HX_1,TW-P033,N335,interior_applied_load,,-32.0,34.875,154.322,1.1025645400333067e-13,-13.731056811266159,-3.899343556901983e-13,2.017030229778497e-12,8.215826838446003e-12,-8.313844421365281e-12
strength_lateral_HX_1,TW-P034,N516,interior_applied_load,,-32.0,35.041,173.604,-1.497048089942767e-10,-134.2796085290182,1.3667967303324655e-11,2.924542951034449e-10,5.238742600807239e-10,-1.9365554770190458e-10
strength_lateral_HX_1,TW-P035,N122,interior_applied_load,,-32.0,38.906,115.0,2.0259048798521915e-11,-19.18305472780799,1.6099651916500125e-11,6.890307150784212e-11,1.2728040083804185e-10,2.0299596546603573e-14
strength_lateral_HX_1,TW-P036,N517,interior_applied_load,,-32.0,45.361,179.562,-4.077640495949707e-11,-136.70956584026936,-1.5677084647848594e-12,4.156658616410747e-10,1.5091885478091018e-10,3.513276032059059e-11
strength_lateral_HX_1,TW-P037,N123,interior_applied_load,,-32.0,51.909,115.0,-2.101883986957751e-10,-10.450996933417887,-1.2694380127685168e-10,1.3299808176346067e-09,1.9157185648684884e-09,5.188424710884019e-15
strength_lateral_HX_1,TW-P038,N336,interior_applied_load,,-32.0,52.313,173.982,-3.4411297226320228e-12,-13.73105681125719,5.9355958275369014e-12,1.5593902801726773e-12,-1.8308216946703368e-11,-4.1170937322173345e-13
strength_lateral_HX_1,TW-P039,N518,interior_applied_load,,-32.0,53.102,184.031,3.910544542688378e-11,-9.71982924530298,6.040827004112844e-10,1.5836013093562252e-09,-2.477997121458223e-10,1.1530262076592586e-10
strength_lateral_HX_1,TW-P040,N124,interior_applied_load,,-32.0,54.469,115.0,-1.1323859570672006e-09,-11.981062560858925,-1.2781449058864465e-11,2.4887150933210217e-09,1.4548667967882663e-09,-7.320618899065983e-14
strength_lateral_HX_1,TW-P041,N519,interior_applied_load,,-32.0,55.682,185.521,2.378334629797846e-10,-131.84965121626064,-8.148067966900618e-10,3.4155366699394854e-09,-3.940313912887833e-10,-3.2181371200605834e-10
strength_lateral_HX_1,TW-P042,N520,interior_applied_load,,-32.0,66.002,191.479,-3.9503188890601427e-10,-132.94996021729776,-1.2143761749179407e-10,2.033275817798634e-09,4.5969758413409024e-10,-4.1869632884774123e-10
strength_lateral_HX_1,TW-P043,N125,interior_applied_load,,-32.0,69.75,115.0,-8.177751809057554e-07,-10.450994868745212,3.293878947374651e-09,-1.9159107811361764e-07,-1.9805795189244698e-07,2.565360190942556e-08
strength_lateral_HX_1,TW-P044,N306,interior_applied_load,,-32.0,69.75,117.5,-1.4791943020832555e-08,-4.113559794130493,5.9308982485446096e-08,-4.4715901246970084e-08,-2.1009663827178515e-11,-1.6655197888884572e-07
strength_lateral_HX_1,TW-P045,N307,interior_applied_load,,-32.0,69.75,142.022,1.3624149378769513e-12,-5.475904845872997,2.148871380039427e-13,2.569511946208242e-13,-1.448324643296324e-14,6.87291664784237e-12
strength_lateral_HX_1,TW-P046,N218,interface_action,T1 upper lower chord,-32.0,69.75,150.143,-23.262253939873837,-105.53672926731862,-4.33928466372985,18.541552124830545,-129.50685800067794,-588.3787259712345
strength_lateral_HX_1,TW-P047,N308,interior_applied_load,,-32.0,69.75,166.544,-1.0272412569082448e-13,-6.864774537891126,1.3057409303994616e-13,-6.203508983430492e-13,-2.2626077037364763e-15,1.5831375139465148e-13
strength_lateral_HX_1,TW-P048,N309,interior_applied_load,,-32.0,69.75,191.066,-1.1920928955078125e-07,-4.113559789955616,5.960464477539063e-08,0.0,0.0,0.0
strength_lateral_HX_1,TW-P049,N337,interface_action,T1 top / segment 1,-32.0,69.75,193.643,34.9346764087677,-240.53626740723848,5.440341949462891,-422.86092734336853,162.0579426685581,291.05312728881836
strength_lateral_HX_1,TW-P050,N126,interior_applied_load,,-32.0,70.031,115.0,-3.9517496808910827e-07,-7.310738381533882,9.423182158450805e-10,2.148017307421616e-07,-4.576545622570707e-07,-1.7465435298400359e-12
strength_lateral_HX_1,TW-P051,N521,interior_applied_load,,-32.0,76.322,197.438,1.4161569157637345e-10,-135.6092570155968,-1.743024226778145e-10,-6.890518195690064e-10,3.794060917492046e-10,5.366927315302792e-12
strength_lateral_HX_1,TW-P052,N127,interior_applied_load,,-32.0,80.636,115.0,-3.195825593625445e-11,-10.450996933907206,4.325570059049291e-12,-3.5334603987961453e-10,4.4050626840579444e-11,-7.297720609277243e-14
strength_lateral_HX_1,TW-P053,N338,interior_applied_load,,-32.0,82.753,173.982,-3.4156050269174153e-12,-12.31625114151337,-1.8858215057670726e-11,1.818659423782069e-11,4.3526905743296255e-12,6.433644155024442e-11
strength_lateral_HX_1,TW-P054,N128,interior_applied_load,,-32.0,85.594,115.0,-9.604948473990921e-11,-13.780129730563283,-2.718080409934625e-12,1.7339708926810315e-10,5.948945235473644e-10,4.43897895701086e-14
strength_lateral_HX_1,TW-P055,N522,interior_applied_load,,-32.0,86.642,203.396,-1.0938688048432706e-11,-139.1395231514189,1.9539998096416848e-11,-4.699446397820703e-10,1.7311612949390263e-11,-4.3196054494683714e-11
strength_lateral_HX_1,TW-P056,N339,interior_applied_load,,-32.0,95.756,154.322,2.2474016949395844e-13,-12.316251141597412,1.925345067315425e-11,-4.39741924200453e-13,1.866099042883316e-12,3.2475065026012025e-12
strength_lateral_HX_1,TW-P057,N523,interior_applied_load,,-32.0,96.962,209.354,-3.023028418407559e-11,-131.84965121817766,2.8428625831773585e-11,-2.580716086866547e-09,-1.4982665551494467e-10,-2.1138027917875945e-10
strength_lateral_HX_1,TW-P058,N524,interior_applied_load,,-32.0,99.542,210.844,-4.2403071777579385e-11,-9.719829244448816,-4.417136613685102e-10,-3.2876672351503813e-09,3.1273829902609246e-10,-2.1375037867801269e-10
strength_lateral_HX_1,TW-P059,N129,interior_applied_load,,-32.0,101.156,115.0,8.93370820383745e-12,-15.962667203580066,3.5607310677083784e-12,-4.995086440438905e-10,-5.919197588359831e-10,2.442653748926923e-13
strength_lateral_HX_1,TW-P060,N525,interior_applied_load,,-32.0,107.282,215.313,-9.906671711679903e-12,-136.7095658401272,-2.197258050932714e-10,2.319123205865356e-10,2.07672749526465e-10,7.456824794433437e-11
strength_lateral_HX_1,TW-P061,N340,interior_applied_load,,-32.0,108.759,134.661,-9.094947017729282e-13,-12.316251141528483,7.275957614183426e-12,7.275957614183426e-12,-3.2741809263825417e-11,-3.637978807091713e-12
strength_lateral_HX_1,TW-P062,N130,interior_applied_load,,-32.0,109.364,115.0,7.893418288060475e-11,-10.45099693396216,-6.431361500040078e-12,-1.194847478479637e-09,1.0917856938221384e-09,-1.6936802445881364e-13
strength_lateral_HX_1,TW-P063,N131,interior_applied_load,,-32.0,116.719,115.0,-2.3264439067899973e-10,-8.326422773926677,5.058309728303903e-11,5.514259195373802e-10,2.905255247860102e-10,5.457029233536594e-13
strength_lateral_HX_1,TW-P064,N526,interior_applied_load,,-32.0,117.602,221.271,-1.848099478808495e-10,-131.67784701523144,-1.6464026191416091e-09,-5.788237265987739e-09,5.631054438099929e-10,1.239010667842739e-10
strength_lateral_HX_1,TW-P065,N527,interface_action,BR-R-main-2,-32.0,120.0,222.655,-60.76098908760481,-78.14968237031084,43.2874299250576,-1585.642799284269,-631.3743452918354,-2989.0597765739694
strength_lateral_HX_1,TW-P066,N132,interior_applied_load,,-32.0,121.762,115.0,4.5186425268184394e-08,-10.216771771010826,0.0,1.1154043022543192e-08,8.796632755547762e-09,-1.6007106751203537e-09
strength_lateral_HX_1,TW-P067,N133,interior_applied_load,,-32.0,122.762,115.0,-3.307550997533326e-07,-7.06390058393584,1.357966850079606e-09,7.035995042148357e-08,-6.356025740428624e-10,1.003853853376313e-07
strength_lateral_HX_1,TW-P068,N310,interior_applied_load,,-32.0,122.762,117.5,2.896534914761433e-07,-4.368740490721281,-2.429178556291703e-08,-1.3940354346215995e-08,-7.554974067951222e-10,-2.848544374141434e-07
strength_lateral_HX_1,TW-P069,N311,interior_applied_load,,-32.0,122.762,143.543,-5.2602125507083684e-14,-8.737480996172483,1.6876449881155203e-14,1.160317286556152e-13,2.669458135243535e-14,-1.5994881034121994e-12
strength_lateral_HX_1,TW-P070,N312,interior_applied_load,,-32.0,122.762,169.586,-9.075597894946502e-14,-8.737480996198665,-2.4972563431517763e-14,-8.823044083992006e-14,-1.1599433226399028e-14,1.2536474511683112e-12
strength_lateral_HX_1,TW-P071,N313,interior_applied_load,,-32.0,122.762,195.629,-1.0450161703219406e-14,-8.737480996176682,7.61580571157738e-14,1.284896243203982e-13,-2.5346335524958626e-14,3.7086822844601767e-13
strength_lateral_HX_1,TW-P072,N314,interior_applied_load,,-32.0,122.762,221.673,0.0,-4.368740499019623,-1.1920928955078125e-07,0.0,0.0,-2.9802322387695312e-08
strength_lateral_HX_1,TW-P073,N528,interior_applied_load,,-32.0,122.762,224.25,2.9802322387695312e-08,-2.601761519908905,2.384185791015625e-07,1.1920928955078125e-07,-4.656612873077393e-10,5.960464477539063e-08
strength_lateral_HX_1,TW-P074,N529,interior_applied_load,,-32.0,122.762,226.093,4.173483352053484e-10,-3.3586099223916825,2.667929243092169e-10,1.9728115645859098e-10,1.939705904458138e-10,3.901646945533499e-12
strength_lateral_HX_1,TW-P075,N530,interior_applied_load,,-32.0,126.88,226.093,-2.465547248305421e-10,-72.40434495925817,-7.495595844289212e-11,3.622428908440488e-11,7.139336226033708e-10,-4.22327505388629e-12
strength_lateral_HX_1,TW-P076,N134,interior_applied_load,,-32.0,132.281,115.0,1.1078939515793347e-10,-10.293827218429628,2.971219959890199e-11,-6.276286141387407e-11,1.6206343483591844e-10,2.0595438728285335e-12
strength_lateral_HX_1,TW-P077,N531,interior_applied_load,,-32.0,135.116,226.093,1.4852532854705982e-10,-75.76295498793151,-4.4815244437500837e-10,-2.8404304065007243e-10,-4.5978331154234815e-10,-8.102483639556698e-12
strength_lateral_HX_1,TW-P078,N135,interior_applied_load,,-32.0,138.091,115.0,6.19902849344368e-11,-10.450996934107632,1.1902910645803122e-11,-1.5173930638575683e-10,-2.9097194157272557e-10,-1.9800345239577522e-12
strength_lateral_HX_1,TW-P079,N532,interior_applied_load,,-32.0,143.351,226.093,3.1466017639639666e-10,-73.49833689108246,2.367652919195848e-10,-3.1035309149306305e-10,5.342208959038836e-10,1.858023216582338e-12
strength_lateral_HX_1,TW-P080,N136,interior_applied_load,,-32.0,147.844,115.0,-1.7354721014276926e-11,-17.00051725464046,-3.546451837163385e-12,-2.1042555821015852e-10,4.8407775673802753e-11,-2.1340901135804727e-12
strength_lateral_HX_1,TW-P081,N533,interior_applied_load,,-32.0,148.81,226.093,-1.6637168772527472e-08,-5.423258533455752,-2.991298067150107e-09,-7.4015857624588564e-09,-1.3840230813242062e-08,3.959650856072702e-11
strength_lateral_HX_1,TW-P082,N534,interface_action,BR-R-cap-1,-32.0,150.0,226.093,-2438.3860252783634,-159.1299105893569,-581.6257332554567,2096.2445461778075,-19899.2869153209,-658.8848336568744
strength_lateral_HX_1,TW-P083,N535,interior_applied_load,,-32.0,151.586,226.093,-5.69639351757189e-10,-70.33969635161306,2.446256271812718e-09,1.3586619958754458e-09,-2.695642288881746e-10,-7.927729775100363e-11
strength_lateral_HX_1,TW-P084,N536,interior_applied_load,,-32.0,159.822,226.093,-1.80984708486988e-11,-75.76295488161176,-8.256964225348792e-10,-1.03749017064069e-10,-1.2940404185874303e-09,-4.2053994815830785e-12
strength_lateral_HX_1,TW-P085,N137,interior_applied_load,,-32.0,163.406,115.0,9.953974227461037e-10,-12.742279679493299,1.58278629079197e-11,-5.076273890886376e-10,-5.590105666591832e-10,-8.093216486452762e-13
strength_lateral_HX_1,TW-P086,N138,interior_applied_load,,-32.0,166.818,115.0,-1.327159809212459e-09,-10.450996721772547,-4.5328022691659834e-11,-9.034246731274686e-10,1.0554423962066814e-09,7.125057244772523e-13
strength_lateral_HX_1,TW-P087,N537,interior_applied_load,,-32.0,168.057,226.093,6.514456248181107e-11,-74.59232882226782,-1.4914511930648766e-10,-4.81756562933749e-10,9.445582512089772e-10,-2.483143521516544e-12
strength_lateral_HX_1,TW-P088,N538,interior_applied_load,,-32.0,174.857,226.093,1.189690126781658e-07,-6.717219951566214,-1.2725807450147516e-09,-4.4498839099339465e-09,2.260735408071875e-08,-2.0370496620414464e-11
strength_lateral_HX_1,TW-P089,N539,interior_applied_load,,-32.0,176.293,226.093,-1.3260221507799341e-07,-70.21636109459452,5.652667773621742e-10,1.081419117777553e-10,3.924330131104648e-08,4.296425160695765e-12
strength_lateral_HX_1,TW-P090,N139,interior_applied_load,,-32.0,178.969,115.0,-9.246338816604002e-11,-12.210000088663355,-2.2558111956861025e-11,8.220755718748789e-10,1.9877284133018042e-10,4.48597560674429e-12
strength_lateral_HX_1,TW-P091,N540,interior_applied_load,,-32.0,184.528,226.093,-1.9073486328125e-06,-69.43064430356026,-7.450580596923828e-09,2.9802322387695312e-08,-2.384185791015625e-07,0.0
strength_lateral_HX_1,TW-P092,N15,interface_action,BR-W-2; W3,-32.0,185.0,115.0,-33.3257106111776,3088.0633304531057,436.8536096627563,9935.01355339049,167.0229182225038,686.8647502903997
strength_lateral_HX_1,TW-P093,N315,interface_action,W3,-32.0,185.0,117.5,58.11648586477623,-1785.961876467526,-423.3680473995398,-17349.865546293127,-938.1669767505347,-4370.61154615866
strength_lateral_HX_1,TW-P094,N16,interface_action,W3,-32.0,185.0,143.183,3.415759101512708e-09,-7.613368507223965,-2.9896532533369724e-09,1.2772830084289664e-10,4.310257545255126e-13,5.354888128048477e-10
strength_lateral_HX_1,TW-P095,N316,interface_action,W3,-32.0,185.0,144.148,1.4068481974028373e-09,-1.7838561172184983,-1.0265526907678076e-09,9.79248966725696e-10,-3.3343150962724645e-13,2.276440806039285e-09
strength_lateral_HX_1,TW-P096,N317,interface_action,W3,-32.0,185.0,170.797,6.237535372292887e-09,-1.7838561172148437,-7.063021721455012e-09,-2.6770746046673488e-09,9.788830776784869e-14,-1.676988214734771e-09
strength_lateral_HX_1,TW-P097,N17,interface_action,W3,-32.0,185.0,171.82,1.7717299359665443e-09,-7.674110163564306,3.149855077403545e-09,-8.05561019156908e-10,-2.394228506476445e-13,6.414251135612451e-10
strength_lateral_HX_1,TW-P098,N318,interface_action,W3,-32.0,185.0,197.445,-3.946754945755557e-11,-1.2117365203449157,-9.356668174586528e-11,-1.1728013531122026e-10,3.469501104008748e-13,3.322060363514702e-10
strength_lateral_HX_1,TW-P099,N18,interface_action,W3,-32.0,185.0,200.457,-1.5891088661756653e-11,-7.272137234254021,2.9436903913102066e-10,3.8422187559511827e-10,5.337225658161051e-14,3.4466055698943955e-10
strength_lateral_HX_1,TW-P100,N319,interface_action,W3,-32.0,185.0,207.0,-139.65426635742188,1274.3484840393066,1897.4324707984924,-7360.648613214493,8567.766235351562,251.3781356215477
strength_lateral_HX_1,TW-P101,N320,interface_action,W3,-32.0,185.0,224.093,80.38957371898579,446.9130911828664,-1458.4639775663652,11688.0804816496,-7514.58409826477,293.97371829627724
strength_lateral_HX_1,TW-P102,N19,interface_action,W3,-32.0,185.0,226.093,3977.749767303467,-4.263096988201141,-12.090709559619427,121.07594747841358,-102.24967670440674,3.769913726602681
strength_lateral_HX_1,TW-P103,N341,interior_applied_load,,-32.0,186.0,207.0,-1.52587890625e-05,-0.3778500556945801,0.0,2.384185791015625e-07,-7.62939453125e-06,0.0
strength_lateral_HX_1,TW-P104,N342,interior_applied_load,,-32.0,187.0,207.0,-1.0429490052155972e-06,-7.1355164764505385,5.341209632981618e-07,3.017462441653707e-06,5.5150317230425913e-11,-1.0507677251107255e-06
strength_lateral_HX_1,TW-P105,N347,interior_applied_load,,-32.0,187.0,209.5,-1.0171326120120392e-06,-2.4480339382671206,-5.20949997350932e-07,6.62708413688899e-07,2.2497664085699888e-10,-8.618333915559878e-07
strength_lateral_HX_1,TW-P106,N348,interior_applied_load,,-32.0,187.0,224.093,4.480986137478382e-06,-2.4480339385804104,-1.4285121084228747e-06,1.8112031141270801e-06,-2.5424267513302074e-10,-3.1661380259784266e-06
strength_lateral_HX_1,TW-P107,N541,interior_applied_load,,-32.0,187.0,226.093,-2.7120113372802734e-06,-6.332310767844319,-1.2516975402832031e-06,2.5490298867225647e-06,1.4901161193847656e-08,-2.362212399020791e-06
strength_lateral_HX_1,TW-P108,N542,interior_applied_load,,-32.0,192.764,226.093,-0.00010090569030760799,-67.1255359954645,1.8642934548549325e-09,4.1435675365664904e-08,-4.624464194492796e-06,-2.2700812484492488e-10
strength_lateral_HX_1,TW-P109,N343,interior_applied_load,,-32.0,192.881,207.0,3.3590751336021185e-07,-10.957649990438615,1.3967122433067303e-06,8.033498126169825e-07,2.4082858516490558e-11,2.0933186473115484e-07
strength_lateral_HX_1,TW-P110,N349,interior_applied_load,,-32.0,192.881,209.5,5.218370288977579e-07,-2.448033937820047,-7.978313198844306e-07,9.231929753483132e-08,-2.3950985769453144e-10,-9.299021202222869e-07
strength_lateral_HX_1,TW-P111,N350,interior_applied_load,,-32.0,192.881,224.093,-4.876757294658418e-07,-2.4480339364354595,5.071667360800891e-07,-1.3333024231898527e-06,1.7666105938933484e-09,6.976461828234193e-07
strength_lateral_HX_1,TW-P112,N543,interior_applied_load,,-32.0,192.881,226.093,5.1316602584883475e-05,-6.640585688655556,1.3796223388628608e-06,-5.700715988405393e-07,-5.482072528514591e-06,-8.446646190346986e-07
strength_lateral_HX_1,TW-P113,N140,interior_applied_load,,-32.0,194.531,115.0,3.8678829528251165e-08,-7.081799909676923,-5.334201465261198e-11,-1.962092841070808e-10,-6.500817147511083e-10,-1.4057103959853367e-11
strength_lateral_HX_1,TW-P114,N141,interior_applied_load,,-32.0,195.545,115.0,-3.686698822344829e-08,-10.450996934612931,-2.261878003495429e-11,-1.0788206277690801e-10,-5.363882135058884e-09,-3.1565878405884265e-11
strength_lateral_HX_1,TW-P115,N544,interior_applied_load,,-32.0,200.905,226.093,7.269662281092502e-05,-6.621210284545048,1.7937139391957705e-09,-2.670272501304393e-08,6.250052299111987e-06,-5.3628694931245707e-11
strength_lateral_HX_1,TW-P116,N545,interior_applied_load,,-32.0,200.999,226.093,-1.024541254156646e-05,-69.12236907197003,-3.169539363105175e-09,-4.5804167889928385e-08,1.0848587003691237e-06,-1.7810188336699043e-10
strength_lateral_HX_1,TW-P117,N355,interior_applied_load,,-32.0,201.5,216.547,1.1465857357271604e-11,-9.07089154858879,5.058218150215416e-11,1.1243320092035663e-10,-1.2798002787644966e-11,-2.537822149304167e-11
strength_lateral_HX_1,TW-P118,N546,interior_applied_load,,-32.0,209.234,226.093,8.296903348675646e-10,-74.56413435536577,7.924084915404538e-10,3.0275589251583363e-10,4.9806948413887955e-09,-2.7141279176881884e-09
strength_lateral_HX_1,TW-P119,N142,interior_applied_load,,-32.0,210.094,115.0,-6.433138804791699e-12,-19.291800000000407,1.8875899714902278e-11,1.6431229746375904e-12,1.1010485030934648e-10,-2.2611655683681073e-12
strength_lateral_HX_1,TW-P120,N344,interior_applied_load,,-32.0,216.0,207.0,-2.648222956480595e-07,-19.693079292219135,4.961798605318535e-08,1.0201683476318557e-06,-1.506803875263427e-09,-4.995375446625872e-07
strength_lateral_HX_1,TW-P121,N351,interior_applied_load,,-32.0,216.0,209.5,-5.870755065219258e-07,-2.4480339372003512,3.384903361731653e-07,4.182019291980195e-07,1.7331338151664597e-10,3.358863439145646e-07
strength_lateral_HX_1,TW-P122,N352,interior_applied_load,,-32.0,216.0,224.093,1.1368683772161603e-09,-2.4480339369097193,-1.3165320287243654e-06,-6.503677007288489e-07,2.412105719383827e-09,7.126436685211957e-08
strength_lateral_HX_1,TW-P123,N356,interior_applied_load,,-32.0,216.0,226.093,-1.2262589286217168e-06,-15.788111392722211,-7.407158122808531e-07,3.450338284939279e-06,-6.477248428934471e-09,1.3635951255546943e-06
strength_lateral_HX_1,TW-P124,N547,interior_applied_load,,-32.0,217.47,226.093,-1.050997029508062e-09,-70.24455556353873,4.074169244381109e-10,4.492636834929147e-11,1.1168106445782169e-08,-1.4221003995937317e-11
strength_lateral_HX_1,TW-P125,N143,interior_applied_load,,-32.0,224.273,115.0,-2.502337991470387e-11,-10.450996934191021,8.435634318239991e-11,3.730686461562147e-11,1.4009172222491851e-09,1.700703934967287e-12
strength_lateral_HX_1,TW-P126,N144,interior_applied_load,,-32.0,225.656,115.0,-7.165255378694381e-09,-11.380101500928328,6.380124661213494e-11,3.167701157082881e-10,-6.72657687446002e-09,-2.2069855990044634e-12
strength_lateral_HX_1,TW-P127,N548,interior_applied_load,,-32.0,225.705,226.093,1.3341496568476557e-08,-70.06309284103206,-1.69945860401127e-09,2.882836262895797e-11,7.173571737243087e-09,9.884255215094492e-12
strength_lateral_HX_1,TW-P128,N549,interior_applied_load,,-32.0,226.952,226.093,-1.3614654702614573e-08,-6.717219844217842,2.6087184557168727e-09,7.064588208909258e-11,2.7588578661995742e-08,-4.563657224271598e-12
strength_lateral_HX_1,TW-P129,N357,interior_applied_load,,-32.0,230.5,216.547,-2.850523645370383e-11,-9.070891548655954,9.440728072956273e-11,2.7399058794445436e-10,-1.3365130308377177e-10,-7.741973410757729e-11
strength_lateral_HX_1,TW-P130,N550,interior_applied_load,,-32.0,233.941,226.093,-4.71837397350868e-08,-68.89246677808438,3.373600756482439e-09,-2.1030119949320683e-09,-3.8261886469819065e-08,1.8645928585866454e-10
strength_lateral_HX_1,TW-P131,N551,interface_action,BR-R-cap-2,-32.0,235.0,226.093,88.19505650057987,-137.1978912866195,-261.5884419443776,-2392.2199703338792,19310.513860118503,-3655.5953625334473
strength_lateral_HX_1,TW-P132,N145,interior_applied_load,,-32.0,241.219,115.0,-2.0392581655572346e-10,-14.333395172814692,-2.4238052862897404e-11,-5.503596661872905e-12,-8.553752752406893e-10,2.715063378332474e-13
strength_lateral_HX_1,TW-P133,N552,interior_applied_load,,-32.0,242.176,226.093,1.8657542485293583e-09,-70.4850150178775,-9.57918058879346e-10,-1.3365344006898979e-11,-2.5230319897385746e-10,3.6121328976760728e-12
strength_lateral_HX_1,TW-P134,N345,interior_applied_load,,-32.0,245.0,207.0,1.5796694212472362e-07,-15.870945788099037,4.680290247401981e-07,2.9500350504728714e-07,-6.866930909745908e-09,1.5772081214240293e-07
strength_lateral_HX_1,TW-P135,N353,interior_applied_load,,-32.0,245.0,209.5,-1.8330878663903613e-07,-2.4480339364716097,-7.039322490049819e-07,7.839138519121836e-07,-1.4571717690305738e-09,1.6062037725372518e-07
strength_lateral_HX_1,TW-P136,N354,interior_applied_load,,-32.0,245.0,224.093,-3.120286110602777e-07,-2.448033936636664,-8.732643756031999e-07,-1.459482115689914e-06,3.0045035950243564e-10,3.7814066433661253e-07
strength_lateral_HX_1,TW-P137,N553,interior_applied_load,,-32.0,245.0,226.093,-7.004800764431884e-08,-3.9346697274313085,2.019392823968606e-06,-7.438344570798859e-07,1.0220413681763536e-08,7.730085399189399e-07
strength_lateral_HX_1,TW-P138,N346,interior_applied_load,,-32.0,246.0,207.0,0.0,-0.3778500556945801,0.0,0.0,0.0,9.313225746154785e-10
strength_lateral_HX_1,TW-P139,N146,interior_applied_load,,-32.0,247.0,115.0,1.2764756420757806e-06,-5.225498465737059,3.083734156916762e-08,3.7742727698741874e-07,6.967899395394532e-09,-1.0997408412816156e-06
strength_lateral_HX_1,TW-P140,N321,interior_applied_load,,-32.0,247.0,117.5,-6.694984540272257e-07,-4.470258484127683,-2.043594281424975e-07,2.662794499005909e-08,1.1659574166778925e-10,-1.404556383752349e-06
strength_lateral_HX_1,TW-P141,N322,interior_applied_load,,-32.0,247.0,144.148,1.2499178784191476e-13,-8.940516968503008,4.86562180348552e-14,3.7480494134447336e-12,-4.8940493578420076e-14,2.3818884076000106e-12
strength_lateral_HX_1,TW-P142,N323,interior_applied_load,,-32.0,247.0,170.797,1.251868622780724e-13,-8.940516968502182,-1.904035365981509e-13,-2.3147786583438405e-13,-9.169331079375412e-15,-1.4960928879919006e-12
strength_lateral_HX_1,TW-P143,N324,interior_applied_load,,-32.0,247.0,197.445,2.5337699398284863e-12,-6.073108036478958,1.668090574355602e-11,1.048050774360965e-10,6.49280974864117e-13,3.6558433833847864e-11
strength_lateral_HX_1,TW-P144,N325,interior_applied_load,,-32.0,247.0,207.0,-3.814697265625e-06,-4.4702582359313965,0.0,1.1920928955078125e-07,1.9073486328125e-06,0.0
strength_lateral_HX_1,TW-P145,N326,interior_applied_load,,-32.0,247.0,224.093,-4.76837158203125e-07,-2.8674089312553406,0.0,0.0,-3.725290298461914e-09,-4.76837158203125e-07
strength_lateral_HX_1,TW-P146,N554,interior_applied_load,,-32.0,247.0,226.093,-9.5367431640625e-07,-3.2626000782474875,1.9073486328125e-06,-1.9073486328125e-06,1.4901161193847656e-08,0.0
strength_lateral_HX_1,TW-P147,N147,interface_action,BR-N-upper-1; T-N; W4,-32.0,249.0,115.0,56.720536969469016,-742.7116525384561,-149.69952843432227,-11207.67986556708,-5818.307739886675,1604.1940158324785
strength_lateral_HX_1,TW-P148,N555,interface_action,BR-N-upper-2; T-N top / segment 1; W4,-32.0,249.0,226.093,-1571.6209896789817,-219.59619393179332,339.2263712051419,-9642.552296198322,9688.772407036586,5849.512682446795
strength_lateral_HX_1,TW-P149,N556,interface_action,T-N top / segment 1; W4,-32.0,250.411,226.093,1.5679440090833074e-10,-0.5866854433102648,-6.3732208001929195e-09,-3.3953970615715507e-09,-6.364470147592229e-09,1.1186193132344111e-11
strength_lateral_HX_1,TW-P150,N148,interface_action,T-N; W4,-32.0,252.0,115.0,3.561826419436967,-322.3934129656626,17.557041514913976,1003.3647907930949,215.0893541686806,-166.2425964789602
strength_lateral_HX_1,TW-P151,N327,interior_applied_load,,-32.0,252.0,117.5,3.1700160198477485e-08,-4.470258483955899,-2.0393305248398904e-08,5.623628496387279e-08,7.761960968439667e-10,5.6199677072580897e-08
strength_lateral_HX_1,TW-P152,N328,interior_applied_load,,-32.0,252.0,144.148,7.679210292431955e-14,-8.940516968502717,-2.0000769915382973e-13,2.5888771939229776e-12,7.713044176556862e-14,-4.002167180647867e-12
strength_lateral_HX_1,TW-P153,N329,interior_applied_load,,-32.0,252.0,170.797,-3.655320113817925e-14,-8.940516968501944,4.92156159276327e-15,1.8920237056490454e-13,-5.463484772306368e-14,-1.8108073803306462e-12
strength_lateral_HX_1,TW-P154,N330,interior_applied_load,,-32.0,252.0,197.445,6.830308165159052e-14,-8.940516968503246,-3.119233358230096e-13,4.7060844582017315e-12,-1.2712810746944669e-13,-1.4580034283605454e-12
strength_lateral_HX_1,TW-P155,N331,interior_applied_load,,-32.0,252.0,224.093,0.0,-4.4702584855258465,0.0,0.0,0.0,0.0
strength_lateral_HX_1,TW-P156,N557,interface_action,T-N top / segment 1; W4,-32.0,252.0,226.093,-3.557096481323242,357.36359610408545,-17.433921813964844,995.9014854431152,-214.8037448823452,-226.9377613067627
strength_lateral_HX_1,TW-P157,N27,interface_action,BR-N-ground-2; BR-W-1; T-N; W4,-32.0,253.0,115.0,-12.62435126557374,-23.514232876799277,0.7373146217237502,-151.33877209622537,-36.18155782348822,20.952102639456655
strength_lateral_HX_1,TW-P158,N31,interface_action,T-N top / segment 1; W4,-32.0,253.0,226.093,0.6709924638271332,-18.97694716602564,13.375884030014277,-160.10217888839543,41.41064316034317,71.78165107389214
strength_lateral_HX_-1,TW-P001,N76,interface_action,SW0; T-SO,-32.0,-63.0,115.0,14.76598740869152,-359.3252168198078,1105.2681900776724,2410.685104638643,715.0698789180547,-497.2562357859754
strength_lateral_HX_-1,TW-P002,N78,interface_action,SW0,-32.0,-63.0,117.0,18.800020319558826,-369.4468500487601,-1115.4067379884655,-736.5786344886874,1022.7941279606239,-453.6928225040647
strength_lateral_HX_-1,TW-P003,N115,interior_applied_load,,-32.0,-61.0,115.0,-5.892713655439104e-11,-25.54134947855428,6.486797029940038e-12,1.1690726624686135e-10,1.132022552664406e-11,-9.895480122798439e-15
strength_lateral_HX_-1,TW-P004,N504,interior_applied_load,,-32.0,-57.84,119.979,-1.8189894035458565e-12,-134.27960852906835,5.820766091346741e-11,0.0,0.0,-3.637978807091713e-12
strength_lateral_HX_-1,TW-P005,N505,interior_applied_load,,-32.0,-47.52,125.937,-2.1727052179088597e-12,-136.70956584018703,-3.4216945598740295e-11,-1.4139781431827128e-10,-4.6134131601951505e-14,2.5607178716961562e-12
strength_lateral_HX_-1,TW-P006,N332,interior_applied_load,,-32.0,-41.0,128.124,-1.1368683772161603e-13,-12.499098957176102,3.637978807091713e-12,1.546140993013978e-11,-2.7284841053187847e-12,2.0463630789890885e-12
strength_lateral_HX_-1,TW-P007,N506,interior_applied_load,,-32.0,-39.78,130.406,-1.1108897579728807e-10,-9.719829244436925,1.8807729122285864e-10,7.714042786042212e-14,1.1193686566355463e-10,-3.41439198345975e-11
strength_lateral_HX_-1,TW-P008,N507,interior_applied_load,,-32.0,-37.2,131.896,-1.2733851599072436e-11,-131.84965121777614,-2.0123198142848234e-10,4.760421334817447e-11,2.662650810006785e-11,-4.552615470905455e-11
strength_lateral_HX_-1,TW-P009,N116,interior_applied_load,,-32.0,-34.273,115.0,-9.97539564961958e-13,-26.861999897910312,-8.328974829070566e-12,-8.933280466258283e-11,-1.3506562385511132e-11,3.330433775465051e-14
strength_lateral_HX_-1,TW-P010,N508,interior_applied_load,,-32.0,-26.88,137.854,3.22232306999204e-11,-134.95721460017145,3.771138915815841e-11,-4.440279533131242e-11,-4.393553276113279e-11,-3.2478400814640064e-11
strength_lateral_HX_-1,TW-P011,N117,interior_applied_load,,-32.0,-21.0,115.0,-2.7562497839639377e-09,-19.291799999205285,5.271761083225357e-09,2.9111987570606956e-08,-9.560486732951573e-11,6.263881663359783e-08
strength_lateral_HX_-1,TW-P012,N301,interior_applied_load,,-32.0,-21.0,117.5,2.4215118037153813e-08,-3.551495814293976,-2.857803472069222e-08,3.8880806894443605e-08,-1.6698433300127287e-11,1.8027542566541084e-09
strength_lateral_HX_-1,TW-P013,N302,interior_applied_load,,-32.0,-21.0,138.671,2.9802322387695312e-08,-3.551495814230293,5.960464477539063e-08,0.0,0.0,0.0
strength_lateral_HX_-1,TW-P014,N333,interior_applied_load,,-32.0,-21.0,141.249,2.9802322387695312e-08,-15.969378722365946,0.0,1.1920928955078125e-07,0.0,2.9802322387695312e-08
strength_lateral_HX_-1,TW-P015,N509,interior_applied_load,,-32.0,-16.559,143.812,5.84718279770329e-11,-133.60200263276676,-2.3432522561598423e-11,2.823578845832329e-10,-4.339503480499539e-10,2.0494160964099038e-10
strength_lateral_HX_-1,TW-P016,N510,interior_applied_load,,-32.0,-6.239,149.771,8.731149137020111e-11,-135.29601763561186,-2.9103830456733704e-11,-5.820766091346741e-11,0.0,2.9103830456733704e-11
strength_lateral_HX_-1,TW-P017,N118,interior_applied_load,,-32.0,-5.545,115.0,7.681109841599825e-11,-14.10255016922097,-7.718412056538714e-11,-3.53931220038658e-10,3.3406048940170796e-10,-7.19463086326573e-11
strength_lateral_HX_-1,TW-P018,N5,interface_action,T-S; W1,-32.0,0.0,115.0,81.99091680350455,3395.4422865606753,-14.132284357561275,-108.17246556471673,664.6374172753649,90.22678851537603
strength_lateral_HX_-1,TW-P019,N303,interface_action,W1,-32.0,-0.0,117.5,-100.55217875069793,-760.7080483395533,-139.25078847930658,-1435.1986776720157,-334.34736924217856,432.8618223386129
strength_lateral_HX_-1,TW-P020,N6,interface_action,W1,-32.0,0.0,130.311,5.034823466602683e-13,-5.141644613423039,-4.0222959840514005e-12,3.298918099998727e-12,1.2371898001903594e-13,1.9666540198621e-11
strength_lateral_HX_-1,TW-P021,N304,interface_action,W1,-32.0,-0.0,134.148,1.2107520456023595e-12,-1.1144179189555106,4.69353104069827e-12,9.014820455389414e-13,5.4709723457152e-14,5.344705777482001e-12
strength_lateral_HX_-1,TW-P022,N305,interface_action,W1,-32.0,-0.0,150.796,100.5521788125823,731.2282628790291,139.2507885639867,-3201.2955757070467,334.3473692424828,2915.1235244308773
strength_lateral_HX_-1,TW-P023,N7,interface_action,BR-R-main-1; T-S top / segment 1; W1,-32.0,0.0,153.373,-144.5043066375656,131.07702294978662,-103.4006707239896,2182.1448494074866,-665.4834397359518,-3138.8414913114393
strength_lateral_HX_-1,TW-P024,N511,interior_applied_load,,-32.0,4.081,155.729,-1.1641532182693481e-10,-125.97332766416366,-1.7462298274040222e-10,-6.984919309616089e-10,-1.280568540096283e-09,4.656612873077393e-10
strength_lateral_HX_-1,TW-P025,N512,interior_applied_load,,-32.0,6.661,157.219,6.065994728114259e-11,-9.719829244691498,1.0484628555584766e-10,5.814116472737377e-11,-5.433061213588552e-10,1.2599338243773852e-10
strength_lateral_HX_-1,TW-P026,N119,interior_applied_load,,-32.0,7.781,115.0,6.442660118394786e-12,-15.567749916734552,-3.864304809864033e-11,-5.8355868925704604e-12,-4.1831352493129484e-11,8.31538736332357e-12
strength_lateral_HX_-1,TW-P027,N513,interior_applied_load,,-32.0,14.401,161.688,-1.4768128356934996e-11,-136.70956584017677,-7.599121415389491e-11,8.068708540902494e-11,2.4863186823190827e-10,-8.18734917247346e-12
strength_lateral_HX_-1,TW-P028,N334,interior_applied_load,,-32.0,17.438,134.661,5.684341886080801e-13,-13.731056811264352,-1.8189894035458565e-12,-2.7284841053187847e-12,9.094947017729282e-13,9.094947017729282e-13
strength_lateral_HX_-1,TW-P029,N120,interior_applied_load,,-32.0,23.182,115.0,-2.869549991314204e-07,-10.45099673851223,-1.0075784760722253e-09,-2.081942634428786e-08,8.747311875421388e-08,-2.37026638648687e-12
strength_lateral_HX_-1,TW-P030,N121,interior_applied_load,,-32.0,23.344,115.0,-3.3710685357310424e-07,-10.559742787362717,3.276020484733142e-10,4.9746964178960834e-08,2.0001754412883273e-07,2.6263427037176383e-12
strength_lateral_HX_-1,TW-P031,N514,interior_applied_load,,-32.0,24.721,167.646,-2.4265357603701148e-11,-134.27960852913347,-4.0631551309148753e-11,4.21656666827869e-10,-8.780201272188204e-10,2.6010750896279344e-10
strength_lateral_HX_-1,TW-P032,N515,interior_applied_load,,-32.0,29.881,170.625,2.0901025306339207e-10,-9.719829244309683,3.4586879928145976e-12,2.550998319289686e-10,1.456121860114437e-10,2.71980556592088e-11
strength_lateral_HX_-1,TW-P033,N335,interior_applied_load,,-32.0,34.875,154.322,-3.7195394776705724e-14,-13.731056811275277,-8.830583791382697e-12,3.796049342295735e-12,7.607131715394941e-13,-4.066065797185116e-12
strength_lateral_HX_-1,TW-P034,N516,interior_applied_load,,-32.0,35.041,173.604,-2.9920358018160813e-11,-134.2796085291376,1.370282701404861e-10,9.547332178117507e-10,2.70573283490448e-10,-1.7752097516397757e-10
strength_lateral_HX_-1,TW-P035,N122,interior_applied_load,,-32.0,38.906,115.0,-2.6804527294875448e-11,-19.183054727803523,-9.595651161922986e-12,7.883983605285614e-11,-6.686645913648956e-11,-1.3800941799980108e-13
strength_lateral_HX_-1,TW-P036,N517,interior_applied_load,,-32.0,45.361,179.562,-1.866087475846205e-11,-136.7095658402292,1.0042066344296497e-13,1.0089749799719666e-09,-1.7450833056375194e-11,-1.1337951470254566e-10
strength_lateral_HX_-1,TW-P037,N123,interior_applied_load,,-32.0,51.909,115.0,1.745155247597864e-10,-10.45099693450908,5.820053049559017e-11,1.2923258631556181e-09,-1.4847132681086505e-09,5.111249892096196e-13
strength_lateral_HX_-1,TW-P038,N336,interior_applied_load,,-32.0,52.313,173.982,-4.555636042257174e-13,-13.731056811249232,2.274858624645884e-11,-3.3572574928891224e-12,-7.54872658528545e-12,2.2259269647469392e-11
strength_lateral_HX_-1,TW-P039,N518,interior_applied_load,,-32.0,53.102,184.031,-3.6781013821984476e-10,-9.71982924388781,-3.025552171544702e-12,2.791950795871248e-10,-4.3321671086135703e-10,1.7887338662607215e-10
strength_lateral_HX_-1,TW-P040,N124,interior_applied_load,,-32.0,54.469,115.0,1.7024772677307263e-09,-11.981062560819092,-3.6696024840766846e-13,2.2703043476884455e-09,-2.4496020276546767e-09,-2.83247716972576e-15
strength_lateral_HX_-1,TW-P041,N519,interior_applied_load,,-32.0,55.682,185.521,8.685169202836671e-11,-131.84965121793917,-8.944656747052523e-11,-1.967047657659475e-09,8.150109201351351e-10,1.7037584047552676e-10
strength_lateral_HX_-1,TW-P042,N520,interior_applied_load,,-32.0,66.002,191.479,-2.7636583883546316e-10,-132.94996021884475,3.672129400705995e-11,3.98546889082582e-09,-3.7839932533822304e-10,-2.7328427064330437e-10
strength_lateral_HX_-1,TW-P043,N125,interior_applied_load,,-32.0,69.75,115.0,6.594087267330906e-07,-10.45099623307939,-3.429151762546212e-08,-1.1239529640327817e-07,2.503123401468249e-07,-1.0511118375688966e-07
strength_lateral_HX_-1,TW-P044,N306,interior_applied_load,,-32.0,69.75,117.5,-8.03667919783753e-08,-4.113559794892543,2.24406385150827e-08,-3.130920724679001e-08,-9.373627690070428e-11,5.084205313577457e-08
strength_lateral_HX_-1,TW-P045,N307,interior_applied_load,,-32.0,69.75,142.022,-7.94332178320975e-13,-5.4759048458433925,1.5819867397700998e-12,6.311574434732965e-12,1.58645880540719e-14,-1.3489978776097292e-11
strength_lateral_HX_-1,TW-P046,N218,interface_action,T1 upper lower chord,-32.0,69.75,150.143,114.7133995029504,-62.36174465999701,-5.491515356834097,38.423183721200985,148.49455633202538,771.2252762947288
strength_lateral_HX_-1,TW-P047,N308,interior_applied_load,,-32.0,69.75,166.544,2.7585044661285043e-13,-6.864774537901237,-3.188631829504815e-14,2.6475344242630403e-11,-2.0457823215535223e-14,-1.1240549942405406e-12
strength_lateral_HX_-1,TW-P048,N309,interior_applied_load,,-32.0,69.75,191.066,0.0,-4.113559797406197,-1.1920928955078125e-07,-1.1920928955078125e-07,0.0,0.0
strength_lateral_HX_-1,TW-P049,N337,interface_action,T1 top / segment 1,-32.0,69.75,193.643,-43.92243731021881,-195.2973393574357,2.4311472177505493,-288.36311280727386,388.62766690470744,1940.8564620614052
strength_lateral_HX_-1,TW-P050,N126,interior_applied_load,,-32.0,70.031,115.0,9.361799186443326e-07,-7.310737436192509,-7.500040320333263e-10,1.56856170137781e-07,5.591115174603262e-07,-9.452775118488505e-13
strength_lateral_HX_-1,TW-P051,N521,interior_applied_load,,-32.0,76.322,197.438,2.1223824966678003e-10,-135.6092570153626,4.971776709444532e-10,-1.1860217199916383e-09,-2.0477279447691647e-10,2.3193806229337282e-10
strength_lateral_HX_-1,TW-P052,N127,interior_applied_load,,-32.0,80.636,115.0,-6.244781425527545e-11,-10.450996933999964,1.0727245228389806e-11,-4.8296318807592e-10,2.135317010775196e-10,-2.597918910046406e-13
strength_lateral_HX_-1,TW-P053,N338,interior_applied_load,,-32.0,82.753,173.982,-1.509063440274511e-12,-12.316251141524573,-6.097685651155997e-12,4.585303535400831e-12,-6.2566427748143685e-12,3.245907526487643e-11
strength_lateral_HX_-1,TW-P054,N128,interior_applied_load,,-32.0,85.594,115.0,1.5860387226029982e-10,-13.780129730434371,-1.9857818747119175e-11,-3.021992205566073e-10,-3.814087796515395e-10,-2.0066384768947884e-13
strength_lateral_HX_-1,TW-P055,N522,interior_applied_load,,-32.0,86.642,203.396,1.7911252271450533e-12,-139.13952315131212,3.3612607124268604e-11,-1.1448344078442068e-10,-1.0834973463278056e-12,4.976704672514311e-11
strength_lateral_HX_-1,TW-P056,N339,interior_applied_load,,-32.0,95.756,154.322,-8.208542885256407e-13,-12.316251141563715,1.616977183435819e-11,6.557868960972952e-12,7.625465330459698e-13,-4.565898626973438e-12
strength_lateral_HX_-1,TW-P057,N523,interior_applied_load,,-32.0,96.962,209.354,4.871767831940352e-10,-131.84965121837004,-3.5186242108470064e-10,8.236627629071969e-10,3.9876978753644025e-10,2.026376445295183e-11
strength_lateral_HX_-1,TW-P058,N524,interior_applied_load,,-32.0,99.542,210.844,-9.043861809007524e-11,-9.719829244194386,-2.963555583951389e-11,3.8088921516532656e-10,8.19993713897992e-10,-3.5797152986552524e-10
strength_lateral_HX_-1,TW-P059,N129,interior_applied_load,,-32.0,101.156,115.0,1.0445028575891527e-10,-15.9626672036567,-1.749954438366869e-11,1.647420160396805e-10,6.350170996238078e-10,7.450023753860796e-14
strength_lateral_HX_-1,TW-P060,N525,interior_applied_load,,-32.0,107.282,215.313,-3.488263706433368e-11,-136.70956584016344,-2.5265581649265704e-10,9.089721782986857e-10,-1.3096118057304215e-10,-1.6903681507704665e-10
strength_lateral_HX_-1,TW-P061,N340,interior_applied_load,,-32.0,108.759,134.661,9.094947017729282e-13,-12.316251141572138,1.4551915228366852e-11,-7.275957614183426e-12,0.0,1.4551915228366852e-11
strength_lateral_HX_-1,TW-P062,N130,interior_applied_load,,-32.0,109.364,115.0,1.7686032157782378e-11,-10.450996934000486,2.8157210408853755e-11,-1.3252913828162728e-10,1.4544742505334706e-09,-1.1867730003057268e-13
strength_lateral_HX_-1,TW-P063,N131,interior_applied_load,,-32.0,116.719,115.0,-1.489428507992403e-10,-8.3264227737446,-6.767576729669671e-11,8.214541057846646e-10,-1.6959502114383865e-10,2.6326073065120934e-13
strength_lateral_HX_-1,TW-P064,N526,interior_applied_load,,-32.0,117.602,221.271,-4.540307720326558e-10,-131.6778470159948,-2.15001816286267e-09,-6.797063768274431e-09,-5.788505786707658e-10,5.0611571585289184e-11
strength_lateral_HX_-1,TW-P065,N527,interface_action,BR-R-main-2,-32.0,120.0,222.655,38.18971663939567,-96.42872700587426,2.964336523787134,-1379.9485717179944,-1067.994230908096,-2121.771214826885
strength_lateral_HX_-1,TW-P066,N132,interior_applied_load,,-32.0,121.762,115.0,-4.875937520409934e-08,-10.216771708161104,-8.003553375601768e-11,-1.2023519957438111e-09,-2.546585164964199e-10,-9.094947017729282e-10
strength_lateral_HX_-1,TW-P067,N133,interior_applied_load,,-32.0,122.762,115.0,-8.934008377536884e-08,-7.063900599950074,-8.738947609998604e-08,-6.84783914017828e-08,1.1922866139831831e-08,1.6789276813256038e-07
strength_lateral_HX_-1,TW-P068,N310,interior_applied_load,,-32.0,122.762,117.5,-6.494477282328143e-09,-4.368740491082952,6.988878425417497e-08,-9.286130685306489e-08,5.492122757083255e-10,4.0406701945419514e-07
strength_lateral_HX_-1,TW-P069,N311,interior_applied_load,,-32.0,122.762,143.543,-1.2431784439047232e-13,-8.737480996170799,7.586133258562185e-15,-3.824126898308326e-13,1.814126528915948e-14,-6.4024689249094e-13
strength_lateral_HX_-1,TW-P070,N312,interior_applied_load,,-32.0,122.762,169.586,9.189371858677467e-14,-8.737480996184566,1.1250031411506215e-14,1.847348582917527e-13,4.228060532575477e-14,2.0641259565214727e-13
strength_lateral_HX_-1,TW-P071,N313,interior_applied_load,,-32.0,122.762,195.629,-4.21458434391e-14,-8.737480996176144,7.734514214326944e-14,1.7965317467408163e-12,7.975475605736421e-15,1.5673527316824369e-12
strength_lateral_HX_-1,TW-P072,N314,interior_applied_load,,-32.0,122.762,221.673,2.9802322387695312e-08,-4.368740499019623,0.0,0.0,-2.3283064365386963e-10,-2.9802322387695312e-08
strength_lateral_HX_-1,TW-P073,N528,interior_applied_load,,-32.0,122.762,224.25,-2.9802322387695312e-08,-2.6017615124583244,2.384185791015625e-07,0.0,-2.3283064365386963e-10,-8.940696716308594e-08
strength_lateral_HX_-1,TW-P074,N529,interior_applied_load,,-32.0,122.762,226.093,-4.6446252419413914e-10,-3.358609921645779,-1.7938170386753256e-10,-4.2893843881338754e-10,-7.683397195208824e-10,-1.3201997182430651e-12
strength_lateral_HX_-1,TW-P075,N530,interior_applied_load,,-32.0,126.88,226.093,3.5926916047111185e-10,-72.40434495999209,1.4674029666481552e-10,-4.12987675412071e-10,4.180839410553338e-10,1.6526742960696236e-12
strength_lateral_HX_-1,TW-P076,N134,interior_applied_load,,-32.0,132.281,115.0,-1.0769578243765264e-10,-10.293827218220803,-2.107471128981331e-11,-6.938594970971387e-11,7.483341242820659e-10,3.316347371416064e-13
strength_lateral_HX_-1,TW-P077,N531,interior_applied_load,,-32.0,135.116,226.093,-6.993305468423957e-11,-75.7629549879097,-2.376732697736176e-10,7.08902790059212e-11,-8.388455648837541e-10,1.1046486517963562e-12
strength_lateral_HX_-1,TW-P078,N135,interior_applied_load,,-32.0,138.091,115.0,-9.071340386085984e-11,-10.45099693415814,-1.820467255991239e-11,-6.434461543066879e-10,1.1383733546564647e-09,4.2431502075165004e-12
strength_lateral_HX_-1,TW-P079,N532,interior_applied_load,,-32.0,143.351,226.093,-7.952271191327947e-10,-73.49833689103191,1.272744676069917e-10,4.269299139861075e-11,2.5748884879587246e-10,-2.448293910572256e-12
strength_lateral_HX_-1,TW-P080,N136,interior_applied_load,,-32.0,147.844,115.0,2.8901348424093795e-11,-17.000517254652138,1.434561760988046e-12,-2.460918667697983e-10,7.914424423845295e-10,4.4203332526137997e-13
strength_lateral_HX_-1,TW-P081,N533,interior_applied_load,,-32.0,148.81,226.093,-3.604219025913301e-08,-5.423258542293793,-9.963633952716498e-10,9.439598023879376e-09,-1.757958962541344e-08,3.294140420127939e-12
strength_lateral_HX_-1,TW-P082,N534,interface_action,BR-R-cap-1,-32.0,150.0,226.093,2400.61380652385,-102.69526483701402,572.7933519619038,2434.1011097235855,19516.029292144984,-6548.326280448317
strength_lateral_HX_-1,TW-P083,N535,interior_applied_load,,-32.0,151.586,226.093,-2.487684634675464e-08,-70.3396963521315,-1.4663624936745518e-09,1.2956922447970271e-09,-1.8036117655555672e-09,-6.490377498388474e-11
strength_lateral_HX_-1,TW-P084,N536,interior_applied_load,,-32.0,159.822,226.093,-2.995968102871903e-10,-75.76295488165965,-7.17980976890285e-11,-1.5123983970794072e-10,-5.021735220046605e-12,2.1285560924406344e-12
strength_lateral_HX_-1,TW-P085,N137,interior_applied_load,,-32.0,163.406,115.0,-6.037639600652495e-10,-12.742279679554208,6.333760027028559e-11,-1.9660284368955827e-10,1.5279228931935145e-09,-6.150948818018662e-12
strength_lateral_HX_-1,TW-P086,N138,interior_applied_load,,-32.0,166.818,115.0,-1.6988391140397638e-10,-10.450996721912887,-3.889903690248272e-11,-3.0414345780051316e-10,4.577833992200009e-09,-2.8549912583148155e-12
strength_lateral_HX_-1,TW-P087,N537,interior_applied_load,,-32.0,168.057,226.093,5.155340798948712e-10,-74.59232882235935,-2.7239790963474124e-11,-4.345448678756027e-11,3.0178191722300554e-09,-1.0427925174644816e-12
strength_lateral_HX_-1,TW-P088,N538,interior_applied_load,,-32.0,174.857,226.093,-8.051205591503156e-08,-6.717219952625191,2.654420426618239e-09,8.494526945153354e-11,-4.8044105854906205e-08,-5.416483774140929e-12
strength_lateral_HX_-1,TW-P089,N539,interior_applied_load,,-32.0,176.293,226.093,1.667040734395144e-07,-70.2163610946353,-1.085739784483299e-09,1.1696297507375241e-09,-5.71306335154822e-08,2.2446065901435716e-12
strength_lateral_HX_-1,TW-P090,N139,interior_applied_load,,-32.0,178.969,115.0,2.1184141513415364e-10,-12.210000088701054,2.469428280180581e-11,4.779652558800885e-10,-1.0537187491278857e-09,-5.647957270949383e-12
strength_lateral_HX_-1,TW-P091,N540,interior_applied_load,,-32.0,184.528,226.093,-9.5367431640625e-07,-69.43064415082335,0.0,1.862645149230957e-08,-2.384185791015625e-07,0.0
strength_lateral_HX_-1,TW-P092,N15,interface_action,BR-W-2; W3,-32.0,185.0,115.0,37.859089587598916,1282.382716988155,-1023.8294543446184,-643.785842908791,-458.12352387195034,-1059.2232594353209
strength_lateral_HX_-1,TW-P093,N315,interface_action,W3,-32.0,185.0,117.5,-135.37529532198937,-667.5294047245567,468.26191068435674,21477.050459253413,749.2256618425045,5346.937660472234
strength_lateral_HX_-1,TW-P094,N16,interface_action,W3,-32.0,185.0,143.183,-1.2540494491588092e-08,-7.613368507254662,2.8263045346705597e-09,2.608350306168563e-10,3.572881334621513e-13,3.977989304609682e-09
strength_lateral_HX_-1,TW-P095,N316,interface_action,W3,-32.0,185.0,144.148,2.7934771638880305e-09,-1.7838561172311254,-3.3745146418684565e-10,-4.277929436801304e-11,-1.2322475085233805e-13,2.527675408783851e-10
strength_lateral_HX_-1,TW-P096,N317,interface_action,W3,-32.0,185.0,170.797,-1.8603854440712159e-09,-1.7838561172304956,1.9349327700562568e-09,8.415462343610965e-10,-2.4926668749280853e-13,1.9121984569791507e-09
strength_lateral_HX_-1,TW-P097,N17,interface_action,W3,-32.0,185.0,171.82,-7.046276505333678e-09,-7.674110163574787,1.8504871124824059e-09,-1.520349083145284e-09,-4.219123829228533e-13,-1.6209725790353301e-09
strength_lateral_HX_-1,TW-P098,N318,interface_action,W3,-32.0,185.0,197.445,1.0243658922348273e-10,-1.2117365203426285,1.9040955848397165e-10,1.7559122828818254e-10,-1.4237253560418703e-13,-7.615171288015483e-10
strength_lateral_HX_-1,TW-P099,N18,interface_action,W3,-32.0,185.0,200.457,-2.0999347869422838e-10,-7.272137234258361,-2.952266774967272e-10,-6.642184335534913e-11,-2.2319852925089385e-13,-1.1586528053589232e-10
strength_lateral_HX_-1,TW-P100,N319,interface_action,W3,-32.0,185.0,207.0,148.71588134765625,-1787.9109291732311,-689.1606469750404,11935.939763218164,-8349.99446105957,823.465031022206
strength_lateral_HX_-1,TW-P101,N320,interface_action,W3,-32.0,185.0,224.093,-12.117859966640726,2266.021911607085,215.2325452631288,4915.616564048245,7488.677046438509,5745.326041415543
strength_lateral_HX_-1,TW-P102,N19,interface_action,W3,-32.0,185.0,226.093,-3977.1837873458862,72.97014350816607,1.784283086657524,37.18203304708004,101.8971631526947,47.42800660117064
strength_lateral_HX_-1,TW-P103,N341,interior_applied_load,,-32.0,186.0,207.0,1.52587890625e-05,-0.3778499662876129,0.0,1.4901161193847656e-08,7.62939453125e-06,-1.862645149230957e-09
strength_lateral_HX_-1,TW-P104,N342,interior_applied_load,,-32.0,187.0,207.0,4.890728055170299e-07,-7.135516473744994,-1.234547012869544e-06,-9.866717998231889e-07,2.818929851597481e-08,-1.699249673444742e-06
strength_lateral_HX_-1,TW-P105,N347,interior_applied_load,,-32.0,187.0,209.5,-6.328647643374803e-07,-2.448033937354397,4.515793105164403e-07,-1.4356078637760847e-07,5.942280546380492e-11,-1.6863185073507993e-06
strength_lateral_HX_-1,TW-P106,N348,interior_applied_load,,-32.0,187.0,224.093,7.181031934366811e-07,-2.448033937278562,-5.414212223241177e-07,-5.866767905718384e-07,1.7688845175307419e-10,-1.9415327861538323e-06
strength_lateral_HX_-1,TW-P107,N541,interior_applied_load,,-32.0,187.0,226.093,-2.115964889526367e-06,-6.332310786121525,6.631016731262207e-07,-2.2093881852924824e-06,0.0,-3.2872267183847725e-06
strength_lateral_HX_-1,TW-P108,N542,interior_applied_load,,-32.0,192.764,226.093,-6.073255581300357e-05,-67.12553572194271,-4.69747345351273e-10,3.2521486574047167e-09,-3.6157424863923534e-06,4.1156123273790405e-11
strength_lateral_HX_-1,TW-P109,N343,interior_applied_load,,-32.0,192.881,207.0,-1.3673771999123119e-06,-10.957649992078194,-3.464346591264267e-07,9.499634749665642e-07,3.0251286014450658e-09,-1.1097477692345592e-07
strength_lateral_HX_-1,TW-P110,N349,interior_applied_load,,-32.0,192.881,209.5,2.1689278519940847e-07,-2.4480339373904143,3.280964471971295e-07,-1.1883782619566972e-07,-1.8176162806709927e-10,1.0841354204365994e-06
strength_lateral_HX_-1,TW-P111,N350,interior_applied_load,,-32.0,192.881,224.093,-1.6210219940526738e-06,-2.448033936722899,-8.861540734539375e-08,2.3056438247515132e-07,-9.4374904351883e-10,6.932511383284101e-07
strength_lateral_HX_-1,TW-P112,N543,interior_applied_load,,-32.0,192.881,226.093,4.4883141516154545e-05,-6.640585658859661,-7.643572981758462e-07,1.3040881802421496e-06,-3.4628641017375535e-06,1.5932875480620043e-06
strength_lateral_HX_-1,TW-P113,N140,interior_applied_load,,-32.0,194.531,115.0,-3.7268849116779735e-09,-7.081799912279518,-1.5980245510325544e-10,3.4050839415628005e-10,2.9197218256062664e-09,2.1912125526789e-11
strength_lateral_HX_-1,TW-P114,N141,interior_applied_load,,-32.0,195.545,115.0,-1.0217154006313326e-08,-10.450996933581552,9.295404943756991e-11,2.2126892126838283e-10,1.9954851537983366e-08,1.1340227418272644e-11
strength_lateral_HX_-1,TW-P115,N544,interior_applied_load,,-32.0,200.905,226.093,-4.9606094655189224e-05,-6.6212114672942075,2.8249112363177803e-09,4.5080010450016026e-08,-1.3596395457461937e-06,9.066992483614776e-11
strength_lateral_HX_-1,TW-P116,N545,interior_applied_load,,-32.0,200.999,226.093,5.105297615275425e-06,-69.12236861207349,1.0226786753257274e-08,4.5898463098070603e-08,1.7823609016180156e-06,-4.291616918909519e-11
strength_lateral_HX_-1,TW-P117,N355,interior_applied_load,,-32.0,201.5,216.547,-4.471554365358652e-11,-9.07089154866599,-7.696070227556808e-12,-8.062708819225511e-11,2.4396855248835407e-10,-1.1104145866074674e-10
strength_lateral_HX_-1,TW-P118,N546,interior_applied_load,,-32.0,209.234,226.093,-6.432519628629081e-10,-74.56413435533567,-1.1904989702915482e-09,-6.031925928491547e-10,-4.011404611483719e-09,2.3006526243389643e-10
strength_lateral_HX_-1,TW-P119,N142,interior_applied_load,,-32.0,210.094,115.0,2.39739831466275e-11,-19.291799999999782,-3.320193787412634e-11,-2.78441285310175e-12,2.165069191319854e-11,2.775441753372809e-12
strength_lateral_HX_-1,TW-P120,N344,interior_applied_load,,-32.0,216.0,207.0,5.553079325260057e-07,-19.693079292140006,7.298203053007768e-08,-8.147800817925877e-07,2.7107535516421407e-09,-6.104613992086172e-08
strength_lateral_HX_-1,TW-P121,N351,interior_applied_load,,-32.0,216.0,209.5,6.775374691123937e-07,-2.4480339370360804,8.582005247254694e-08,2.7401428358502663e-07,1.176917127925265e-10,-1.5622397809579425e-07
strength_lateral_HX_-1,TW-P122,N352,interior_applied_load,,-32.0,216.0,224.093,1.3607440507712454e-07,-2.448033936250837,8.092456799217718e-07,-3.9164639746569474e-08,-3.758233042650221e-09,-6.029436860899295e-07
strength_lateral_HX_-1,TW-P123,N356,interior_applied_load,,-32.0,216.0,226.093,1.2829752007334237e-06,-15.788111394416886,-9.912460358099e-07,7.788541202897785e-07,-5.120313386366203e-08,-4.656837019861125e-07
strength_lateral_HX_-1,TW-P124,N547,interior_applied_load,,-32.0,217.47,226.093,1.5870214930350405e-08,-70.24455556275606,-7.588278625021893e-10,5.893983357962133e-10,2.0589650132841483e-08,5.99845324176643e-12
strength_lateral_HX_-1,TW-P125,N143,interior_applied_load,,-32.0,224.273,115.0,4.021269006445035e-09,-10.450996934187454,-9.107090599927014e-11,1.9801809324749437e-11,7.849140226952768e-09,-8.809296152497884e-12
strength_lateral_HX_-1,TW-P126,N144,interior_applied_load,,-32.0,225.656,115.0,3.794131933406868e-09,-11.380101500497409,4.025928670964616e-11,3.855687136128842e-12,5.430905975535138e-09,-6.173947401508704e-12
strength_lateral_HX_-1,TW-P127,N548,interior_applied_load,,-32.0,225.705,226.093,-1.9310981159267642e-08,-70.06309284196358,5.433430032637375e-10,9.567278461526386e-10,-1.3240971603941148e-08,2.460615760157741e-13
strength_lateral_HX_-1,TW-P128,N549,interior_applied_load,,-32.0,226.952,226.093,1.552664011661876e-09,-6.717219843498422,7.993923234288647e-10,4.852391497461965e-10,-2.0516930153944683e-08,1.0151415570874533e-12
strength_lateral_HX_-1,TW-P129,N357,interior_applied_load,,-32.0,230.5,216.547,1.5468735951511435e-11,-9.070891548639958,-6.598066601220083e-11,-7.131552711315773e-12,4.907884506746126e-12,-5.754140974335331e-11
strength_lateral_HX_-1,TW-P130,N550,interior_applied_load,,-32.0,233.941,226.093,-3.514802699106952e-08,-68.89246677926093,-2.959368561625271e-09,-4.2992840879232744e-09,-2.4542631802551556e-08,-4.748625506830966e-11
strength_lateral_HX_-1,TW-P131,N551,interface_action,BR-R-cap-2,-32.0,235.0,226.093,-142.83013531166182,-167.35893557509058,275.3054239712595,-2545.3728011727057,-19010.29514297195,-7276.948189002477
strength_lateral_HX_-1,TW-P132,N145,interior_applied_load,,-32.0,241.219,115.0,-1.2223851290918508e-11,-14.333395172817218,1.401200701742279e-11,-3.834618644341422e-12,-5.078072610417644e-12,-5.317877054831395e-13
strength_lateral_HX_-1,TW-P133,N552,interior_applied_load,,-32.0,242.176,226.093,-4.2491822471757393e-11,-70.48501501802998,9.21435073403288e-10,2.4932702798389642e-11,2.2377589649747943e-09,-6.278089406467074e-13
strength_lateral_HX_-1,TW-P134,N345,interior_applied_load,,-32.0,245.0,207.0,-3.752334454436238e-07,-15.870945779625057,4.925534330084816e-07,-1.4147050726328956e-06,-3.177787097354263e-09,3.1364407534298085e-07
strength_lateral_HX_-1,TW-P135,N353,interior_applied_load,,-32.0,245.0,209.5,1.2513791878231657e-07,-2.448033937295755,1.4333209160267762e-07,-1.7219965693765847e-07,2.6952919687825423e-10,5.015600071070496e-08
strength_lateral_HX_-1,TW-P136,N354,interior_applied_load,,-32.0,245.0,224.093,3.067313443412545e-07,-2.448033937901914,1.5617703080228473e-06,6.096674124433932e-07,2.4046333242281247e-09,-2.400330411586604e-07
strength_lateral_HX_-1,TW-P137,N553,interior_applied_load,,-32.0,245.0,226.093,9.363050809674256e-08,-3.934669728154268,-1.495204006599599e-06,1.0688586194669445e-06,4.1046918137353915e-09,6.076497644589585e-08
strength_lateral_HX_-1,TW-P138,N346,interior_applied_load,,-32.0,246.0,207.0,0.0,-0.3778500556945801,0.0,0.0,0.0,-5.820766091346741e-11
strength_lateral_HX_-1,TW-P139,N146,interior_applied_load,,-32.0,247.0,115.0,-2.467639581560377e-08,-5.22549846748085,2.23037091018341e-08,-1.7637043470131175e-07,2.27972459340954e-09,-2.079208084593276e-07
strength_lateral_HX_-1,TW-P140,N321,interior_applied_load,,-32.0,247.0,117.5,-6.053936989638318e-07,-4.470258484365564,1.0744335267920009e-07,1.1865508536305225e-07,-8.48858497345019e-11,-2.258086497158115e-07
strength_lateral_HX_-1,TW-P141,N322,interior_applied_load,,-32.0,247.0,144.148,-1.9714616941686346e-13,-8.940516968503015,1.7364645809620672e-13,-4.0797038757559606e-12,-1.8264443020370463e-14,-3.3959721894275136e-12
strength_lateral_HX_-1,TW-P142,N323,interior_applied_load,,-32.0,247.0,170.797,-1.4534090158883435e-13,-8.940516968504978,3.715196868003902e-13,1.0910639904953344e-12,-7.009194064215346e-14,1.7654536993106454e-12
strength_lateral_HX_-1,TW-P143,N324,interior_applied_load,,-32.0,247.0,197.445,-2.9519431369484525e-11,-6.0731080364839745,4.747061776982786e-12,2.297963504383436e-11,3.832459247350363e-13,5.5278665680688516e-11
strength_lateral_HX_-1,TW-P144,N325,interior_applied_load,,-32.0,247.0,207.0,0.0,-4.4702582359313965,5.960464477539063e-08,0.0,-1.9073486328125e-06,-5.820766091346741e-11
strength_lateral_HX_-1,TW-P145,N326,interior_applied_load,,-32.0,247.0,224.093,0.0,-2.8674089331179857,-9.5367431640625e-07,0.0,0.0,4.76837158203125e-07
strength_lateral_HX_-1,TW-P146,N554,interior_applied_load,,-32.0,247.0,226.093,4.76837158203125e-07,-3.2626000810414553,0.0,0.0,-3.725290298461914e-09,-4.76837158203125e-07
strength_lateral_HX_-1,TW-P147,N147,interface_action,BR-N-upper-1; T-N; W4,-32.0,249.0,115.0,18.580202397365788,716.9160405409174,606.7898677478798,5484.751503083661,3877.6579658454275,-2534.4627734266596
strength_lateral_HX_-1,TW-P148,N555,interface_action,BR-N-upper-2; T-N top / segment 1; W4,-32.0,249.0,226.093,1570.1657292233615,265.631014249909,-302.0419383129191,9705.186142885657,-9010.722202358069,3477.2324054249284
strength_lateral_HX_-1,TW-P149,N556,interface_action,T-N top / segment 1; W4,-32.0,250.411,226.093,-1.1762916494210813e-08,-0.5866854456020388,3.3836032247480995e-09,1.2996111427422974e-09,4.5656990570902996e-09,3.9102590824472046e-13
strength_lateral_HX_-1,TW-P150,N148,interface_action,T-N; W4,-32.0,252.0,115.0,0.6541110141506952,458.79855409549464,-15.784527420904148,-898.0548071795296,-201.47557312282197,7.911149320012069
strength_lateral_HX_-1,TW-P151,N327,interior_applied_load,,-32.0,252.0,117.5,5.9580445187594896e-08,-4.470258484505085,-6.201155767837425e-09,-4.7262603389627744e-08,-4.379672438650324e-10,-1.5275680997710173e-07
strength_lateral_HX_-1,TW-P152,N328,interior_applied_load,,-32.0,252.0,144.148,-1.8430106792414532e-13,-8.94051696850492,2.873995445698686e-13,-3.800757040643151e-12,-7.957059808739523e-15,2.036963799350485e-12
strength_lateral_HX_-1,TW-P153,N329,interior_applied_load,,-32.0,252.0,170.797,8.843826705743786e-14,-8.940516968504562,-1.223531144732373e-13,-2.474511780011077e-12,-7.654297469985422e-14,-7.633162961678904e-13
strength_lateral_HX_-1,TW-P154,N330,interior_applied_load,,-32.0,252.0,197.445,-8.149095178140589e-14,-8.940516968503154,3.340146752075082e-14,-7.501341183017839e-12,-1.6198191053188986e-13,-1.0938608967651946e-12
strength_lateral_HX_-1,TW-P155,N331,interior_applied_load,,-32.0,252.0,224.093,0.0,-4.470258483663201,9.5367431640625e-07,-9.5367431640625e-07,0.0,0.0
strength_lateral_HX_-1,TW-P156,N557,interface_action,T-N top / segment 1; W4,-32.0,252.0,226.093,-0.6532416343688965,-422.79105481505394,15.67383861541748,-899.3653268814087,201.2080411016941,-80.02203321456909
strength_lateral_HX_-1,TW-P157,N27,interface_action,BR-N-ground-2; BR-W-1; T-N; W4,-32.0,253.0,115.0,11.482336502034068,31.37211043489865,14.768780194072601,137.82322962128208,27.532949378100582,-1.7358110927367851
strength_lateral_HX_-1,TW-P158,N31,interface_action,T-N top / segment 1; W4,-32.0,253.0,226.093,0.05593770742416382,19.390280056744814,-12.025901660323143,165.62284963577986,-38.79009407758713,18.89151862674862
strength_lateral_HX_2,TW-P001,N76,interface_action,SW0; T-SO,-32.0,-63.0,115.0,-69.46260352624172,-551.8145598737856,2403.126420516654,2152.398188676585,-2395.888882630006,-232.8393008920112
strength_lateral_HX_2,TW-P002,N78,interface_action,SW0,-32.0,-63.0,117.0,-52.509650541811425,-1050.4786611453128,-2315.227281426196,-1396.7665049575735,-1258.701984712825,660.9406565014506
strength_lateral_HX_2,TW-P003,N115,interior_applied_load,,-32.0,-61.0,115.0,-1.860760786170302e-11,-25.54134947877241,2.5898675309741027e-10,-6.3945875355803035e-12,4.726119509777097e-11,-9.20142161822377e-13
strength_lateral_HX_2,TW-P004,N504,interior_applied_load,,-32.0,-57.84,119.979,1.0913936421275139e-11,-134.2796085291302,0.0,-3.4924596548080444e-10,-7.275957614183426e-12,3.637978807091713e-12
strength_lateral_HX_2,TW-P005,N505,interior_applied_load,,-32.0,-47.52,125.937,-1.0878626511867514e-12,-136.70956584024154,5.743856193062099e-11,-2.5400135991908164e-10,-1.978950424380164e-11,1.3032430658820602e-11
strength_lateral_HX_2,TW-P006,N332,interior_applied_load,,-32.0,-41.0,128.124,-5.684341886080801e-13,-12.499098957152455,-1.0913936421275139e-11,-6.366462912410498e-12,5.4569682106375694e-12,-3.637978807091713e-12
strength_lateral_HX_2,TW-P007,N506,interior_applied_load,,-32.0,-39.78,130.406,6.789671957912996e-11,-9.719829244728253,-3.898749186471549e-10,1.3933452833900858e-09,-7.239209520227533e-11,-3.6105871448065683e-10
strength_lateral_HX_2,TW-P008,N507,interior_applied_load,,-32.0,-37.2,131.896,-2.928373912162447e-10,-131.8496512177242,-4.682097406421231e-11,-1.6913487247609444e-10,6.669460546836285e-11,1.3893308107872122e-10
strength_lateral_HX_2,TW-P009,N116,interior_applied_load,,-32.0,-34.273,115.0,3.4893059735044246e-12,-26.86199989792768,-1.2409643604060268e-11,3.127098774368596e-10,1.2044297897369997e-10,3.136855841165756e-13
strength_lateral_HX_2,TW-P010,N508,interior_applied_load,,-32.0,-26.88,137.854,-1.6748314328940574e-11,-134.95721460011904,5.5889929794266364e-11,6.125663184903522e-10,1.2904401655132861e-10,-9.92088229490015e-11
strength_lateral_HX_2,TW-P011,N117,interior_applied_load,,-32.0,-21.0,115.0,3.6294985850116035e-08,-19.29180000031894,5.581187484393624e-08,-1.8011193078648624e-07,1.743720423591564e-11,9.362008088209528e-08
strength_lateral_HX_2,TW-P012,N301,interior_applied_load,,-32.0,-21.0,117.5,-3.653910678807813e-08,-3.5514958140930193,5.773080214108346e-08,-4.884451786682815e-08,-1.8146815936679484e-10,-9.898318014688124e-08
strength_lateral_HX_2,TW-P013,N302,interior_applied_load,,-32.0,-21.0,138.671,5.960464477539063e-08,-3.551495814230293,-5.960464477539063e-08,0.0,-2.3283064365386963e-10,-1.1920928955078125e-07
strength_lateral_HX_2,TW-P014,N333,interior_applied_load,,-32.0,-21.0,141.249,-1.7881393432617188e-07,-15.969378722831607,-5.960464477539063e-08,-1.1920928955078125e-07,-2.3283064365386963e-10,-1.1920928955078125e-07
strength_lateral_HX_2,TW-P015,N509,interior_applied_load,,-32.0,-16.559,143.812,3.793409180838714e-11,-133.60200263320775,-5.25318734719723e-11,-1.6723953363565536e-10,4.808318528902821e-11,1.649419584059089e-10
strength_lateral_HX_2,TW-P016,N510,interior_applied_load,,-32.0,-6.239,149.771,-1.1641532182693481e-10,-135.29601763561368,-5.820766091346741e-11,-2.473825588822365e-10,-4.656612873077393e-10,1.7462298274040222e-10
strength_lateral_HX_2,TW-P017,N118,interior_applied_load,,-32.0,-5.545,115.0,-3.175607575611029e-10,-14.102550169397047,1.3982570690357505e-11,1.5988778603252372e-09,-1.0871282222057988e-09,1.397028102813792e-10
strength_lateral_HX_2,TW-P018,N5,interface_action,T-S; W1,-32.0,0.0,115.0,267.4835898187812,4595.154517726714,70.31370112142758,-4051.3983421152643,-1770.310092897078,-2883.4929829165503
strength_lateral_HX_2,TW-P019,N303,interface_action,W1,-32.0,-0.0,117.5,-159.27992477867107,-877.5863486898022,-148.06681994604867,-1107.5933147602068,-792.6728647528183,2070.7261313027107
strength_lateral_HX_2,TW-P020,N6,interface_action,W1,-32.0,0.0,130.311,-1.0113558807089492e-11,-5.141644613426235,1.992431283950515e-11,3.3118837612093082e-12,-1.4605838955081688e-13,-1.766909739371947e-11
strength_lateral_HX_2,TW-P021,N304,interface_action,W1,-32.0,-0.0,134.148,1.4358467704669716e-12,-1.1144179189554069,-4.848296967088076e-12,-1.6835689016845807e-11,-3.260571105738944e-14,-9.504883971492845e-12
strength_lateral_HX_2,TW-P022,N305,interface_action,W1,-32.0,-0.0,150.796,159.27992501699097,848.10656323031,148.06681991208526,-3822.4395240745384,792.672864753142,3232.6582444649925
strength_lateral_HX_2,TW-P023,N7,interface_action,BR-R-main-1; T-S top / segment 1; W1,-32.0,0.0,153.373,-156.758566852659,228.46909280965338,137.67168599215802,2328.659807683158,-3018.17099677003,-3021.4955124497646
strength_lateral_HX_2,TW-P024,N511,interior_applied_load,,-32.0,4.081,155.729,1.280568540096283e-09,-125.97332766425097,5.820766091346741e-11,9.022187441587448e-10,2.0954757928848267e-09,-1.1641532182693481e-09
strength_lateral_HX_2,TW-P025,N512,interior_applied_load,,-32.0,6.661,157.219,-5.951010651481971e-10,-9.719829244393217,4.564566794874246e-11,-6.791292494529635e-11,-3.877972174098941e-10,-3.017071357755445e-10
strength_lateral_HX_2,TW-P026,N119,interior_applied_load,,-32.0,7.781,115.0,-1.376140652770657e-11,-15.56774991671358,1.3444197431050907e-10,7.511887658240043e-11,-1.6592815258261957e-11,3.8103844564499385e-11
strength_lateral_HX_2,TW-P027,N513,interior_applied_load,,-32.0,14.401,161.688,-7.192601172207755e-12,-136.70956584018302,-1.1402188300105166e-11,2.4081933629354725e-10,-5.102370882292467e-10,4.643899569726001e-11
strength_lateral_HX_2,TW-P028,N334,interior_applied_load,,-32.0,17.438,134.661,-4.547473508864641e-13,-13.731056811262533,0.0,2.7284841053187847e-12,1.8189894035458565e-12,-5.4569682106375694e-12
strength_lateral_HX_2,TW-P029,N120,interior_applied_load,,-32.0,23.182,115.0,5.134644221371923e-07,-10.450996846233002,1.5978783616240405e-09,-1.1514776301880222e-07,1.617646349924877e-07,5.528478251513603e-13
strength_lateral_HX_2,TW-P030,N121,interior_applied_load,,-32.0,23.344,115.0,3.9671526185654913e-07,-10.559742856562329,7.977444950094942e-10,-7.077632595333571e-08,-6.20727847365816e-08,-2.0773222808938058e-13
strength_lateral_HX_2,TW-P031,N514,interior_applied_load,,-32.0,24.721,167.646,1.1470719989781683e-11,-134.27960852926773,-2.391274642716922e-12,8.671465493343208e-10,6.432783208452646e-10,-2.415835778110821e-10
strength_lateral_HX_2,TW-P032,N515,interior_applied_load,,-32.0,29.881,170.625,-5.7478822891754134e-11,-9.719829244460335,-6.695888935025437e-11,1.177067690352071e-09,1.956187262348834e-09,-9.642594957324178e-10
strength_lateral_HX_2,TW-P033,N335,interior_applied_load,,-32.0,34.875,154.322,-5.410443786118208e-13,-13.731056811258243,8.2309939723304e-13,-6.3411886755776916e-12,1.0190144087826394e-11,-7.443929438844843e-12
strength_lateral_HX_2,TW-P034,N516,interior_applied_load,,-32.0,35.041,173.604,-4.0277280166150265e-10,-134.27960852894734,2.6328619263607177e-11,2.0919306561015605e-09,-1.0060292450164844e-10,1.3633509578412998e-10
strength_lateral_HX_2,TW-P035,N122,interior_applied_load,,-32.0,38.906,115.0,2.5580902013156302e-11,-19.183054727807974,4.145379427845381e-11,7.328575308434678e-11,5.205892039903358e-11,1.391508127965882e-13
strength_lateral_HX_2,TW-P036,N517,interior_applied_load,,-32.0,45.361,179.562,7.794976412397848e-11,-136.70956584015582,-1.3328041088188876e-10,-5.164928674963533e-10,-1.5103487199359363e-10,3.808484366146791e-10
strength_lateral_HX_2,TW-P037,N123,interior_applied_load,,-32.0,51.909,115.0,-1.8797030290831142e-09,-10.450996933954093,-2.412475494095145e-10,2.778488556873813e-10,3.559406786725526e-10,-4.0104436132162767e-13
strength_lateral_HX_2,TW-P038,N336,interior_applied_load,,-32.0,52.313,173.982,-8.378300475078711e-13,-13.73105681126314,8.381721230872243e-12,-9.67993464675524e-12,-8.012533284021409e-12,-8.700948509233356e-12
strength_lateral_HX_2,TW-P039,N518,interior_applied_load,,-32.0,53.102,184.031,-7.138466311471054e-10,-9.719829243853608,-6.559340771538157e-10,-2.0652576106634368e-09,-8.869720646441429e-10,4.624220045494502e-10
strength_lateral_HX_2,TW-P040,N124,interior_applied_load,,-32.0,54.469,115.0,2.8015178891347864e-10,-11.981062560685155,-3.967888831883921e-11,3.0337163233726245e-09,1.6321655009982219e-09,7.796791237653514e-14
strength_lateral_HX_2,TW-P041,N519,interior_applied_load,,-32.0,55.682,185.521,1.4915568079741656e-09,-131.8496512183704,4.5333459413620204e-10,-1.2161239562910305e-09,-2.276963726647208e-09,1.7699753026731133e-12
strength_lateral_HX_2,TW-P042,N520,interior_applied_load,,-32.0,66.002,191.479,7.503009516109558e-10,-132.9499602172133,2.153939334082778e-10,3.4481973282786703e-09,3.6465910366106597e-09,-8.371706411721033e-10
strength_lateral_HX_2,TW-P043,N125,interior_applied_load,,-32.0,69.75,115.0,-8.903417523242751e-07,-10.450994614577187,-3.845630169863057e-08,-3.7166921695863664e-07,-4.500422707496983e-07,-1.497899049240914e-07
strength_lateral_HX_2,TW-P044,N306,interior_applied_load,,-32.0,69.75,117.5,-5.2388762067985316e-08,-4.113559787353597,8.082151313255558e-08,-2.7130871320758124e-08,-3.106894010705717e-10,8.758280605321079e-08
strength_lateral_HX_2,TW-P045,N307,interior_applied_load,,-32.0,69.75,142.022,1.4228028678611379e-12,-5.475904845883692,-8.895223086605038e-14,-1.6569340668712457e-12,-1.4541815631332276e-14,9.39083567111205e-12
strength_lateral_HX_2,TW-P046,N218,interface_action,T1 upper lower chord,-32.0,69.75,150.143,-92.25008066131467,-127.12422157068984,-3.763169317179814,8.600736326650688,-268.5075651670772,-1268.180727104438
strength_lateral_HX_2,TW-P047,N308,interior_applied_load,,-32.0,69.75,166.544,-1.0950072730471296e-12,-6.864774537900513,1.6593607340956958e-13,-1.1966256846052386e-11,6.996876243560447e-15,-2.3844026520213163e-11
strength_lateral_HX_2,TW-P048,N309,interior_applied_load,,-32.0,69.75,191.066,0.0,-4.113559797406197,0.0,-1.1920928955078125e-07,-1.1641532182693481e-10,-2.384185791015625e-07
strength_lateral_HX_2,TW-P049,N337,interface_action,T1 top / segment 1,-32.0,69.75,193.643,74.36323308944702,-263.15573140978813,6.944939196109772,-490.10983461141586,48.773080553044565,-533.8485405445099
strength_lateral_HX_2,TW-P050,N126,interior_applied_load,,-32.0,70.031,115.0,9.101800572099595e-07,-7.3107378367678395,1.7966293173603477e-09,1.8195011802518935e-07,-1.123340811488671e-06,-1.4876917214686914e-11
strength_lateral_HX_2,TW-P051,N521,interior_applied_load,,-32.0,76.322,197.438,2.2378076733273336e-10,-135.60925701550244,2.5840228227999575e-10,1.2264091056219422e-09,2.406105955579134e-10,3.8966570700554893e-10
strength_lateral_HX_2,TW-P052,N127,interior_applied_load,,-32.0,80.636,115.0,-1.271812284253255e-10,-10.450996933905135,8.01787278399978e-11,-7.987556888824458e-10,-4.4978594552910007e-10,-1.8550550339493524e-13
strength_lateral_HX_2,TW-P053,N338,interior_applied_load,,-32.0,82.753,173.982,1.2329671038320352e-12,-12.316251141561443,1.496117783354176e-11,-1.3973296828387289e-12,-2.0522495235315865e-11,5.291192677262515e-11
strength_lateral_HX_2,TW-P054,N128,interior_applied_load,,-32.0,85.594,115.0,1.757940014888754e-10,-13.780129730705912,-1.0416842553158276e-10,-2.074396576537124e-10,-9.581414238688003e-10,1.8485116782046753e-13
strength_lateral_HX_2,TW-P055,N522,interior_applied_load,,-32.0,86.642,203.396,-7.696918722946018e-12,-139.1395231512879,-1.3443862299960904e-10,4.371779276458539e-10,2.409725917111233e-11,-2.572275070818366e-11
strength_lateral_HX_2,TW-P056,N339,interior_applied_load,,-32.0,95.756,154.322,1.1115512667194333e-12,-12.316251141557837,1.2157334165079584e-11,2.458371316219116e-12,1.5154934419688513e-12,8.188055297823134e-12
strength_lateral_HX_2,TW-P057,N523,interior_applied_load,,-32.0,96.962,209.354,-4.9437857773581496e-11,-131.84965121830135,-5.073530900526827e-10,-2.4896250072145033e-09,-3.886850579958126e-12,-2.2723061882071623e-10
strength_lateral_HX_2,TW-P058,N524,interior_applied_load,,-32.0,99.542,210.844,3.6370208407400427e-10,-9.719829243925583,9.227147192785574e-10,-2.7947424779866222e-09,-6.463467892969521e-11,-4.696738679607436e-10
strength_lateral_HX_2,TW-P059,N129,interior_applied_load,,-32.0,101.156,115.0,3.5045235875802774e-11,-15.962667203596942,3.6344149585089596e-11,1.579088855230894e-10,-1.1162905439235315e-09,-2.7683487962204386e-13
strength_lateral_HX_2,TW-P060,N525,interior_applied_load,,-32.0,107.282,215.313,1.670440847151006e-11,-136.70956584013993,-1.0676974836666176e-10,-1.338414877840857e-10,6.218611304772608e-10,5.673291351155236e-11
strength_lateral_HX_2,TW-P061,N340,interior_applied_load,,-32.0,108.759,134.661,1.8189894035458565e-12,-12.316251141557586,-7.275957614183426e-12,-2.1827872842550278e-11,7.275957614183426e-11,-5.820766091346741e-11
strength_lateral_HX_2,TW-P062,N130,interior_applied_load,,-32.0,109.364,115.0,-7.111009842474191e-11,-10.450996933825603,-7.926349483191491e-11,-2.1424289267628775e-09,4.0738977539145827e-10,4.0037596817247834e-14
strength_lateral_HX_2,TW-P063,N131,interior_applied_load,,-32.0,116.719,115.0,-3.3909664516833295e-10,-8.326422773486074,6.66287558192017e-11,-1.2331309700791031e-09,7.648073439032657e-10,-2.9313674216521933e-16
strength_lateral_HX_2,TW-P064,N526,interior_applied_load,,-32.0,117.602,221.271,6.282389853318835e-10,-131.67784701698878,-1.4427139825469948e-09,-2.5287312382690025e-09,1.4682211484974315e-09,8.685152268421625e-13
strength_lateral_HX_2,TW-P065,N527,interface_action,BR-R-main-2,-32.0,120.0,222.655,-110.2363419520516,-69.01016005697022,63.44897662709806,-1688.4899130671677,-413.06440248295667,-3422.7040574475454
strength_lateral_HX_2,TW-P066,N132,interior_applied_load,,-32.0,121.762,115.0,1.0467920219525695e-07,-10.216771766106831,-4.147295840084553e-10,1.9121216610074043e-08,8.09086486697197e-09,6.402842700481415e-10
strength_lateral_HX_2,TW-P067,N133,interior_applied_load,,-32.0,122.762,115.0,-2.6141294995341013e-07,-7.0639005576327705,-2.7010370828861596e-08,8.862918488006244e-08,-1.4089792005498358e-08,-2.794821298834904e-07
strength_lateral_HX_2,TW-P068,N310,interior_applied_load,,-32.0,122.762,117.5,2.4709908526630033e-07,-4.368740497661082,-2.8206539914788424e-08,-4.2173124563749326e-08,-1.4374800503935793e-09,-8.796727960224705e-07
strength_lateral_HX_2,TW-P069,N311,interior_applied_load,,-32.0,122.762,143.543,-4.389944155054461e-13,-8.737480996182498,2.627273887360457e-14,2.5425923044237156e-17,-5.5078906299855564e-14,-1.0856363845377969e-12
strength_lateral_HX_2,TW-P070,N312,interior_applied_load,,-32.0,122.762,169.586,6.662589680033223e-14,-8.737480996181256,3.7740350879686796e-14,7.670364906565638e-13,-2.2565632872255427e-14,1.165469926785781e-12
strength_lateral_HX_2,TW-P071,N313,interior_applied_load,,-32.0,122.762,195.629,3.389180262623599e-13,-8.737480996182958,7.289002246303187e-14,1.3404171692096942e-12,-3.346186363987799e-14,-8.617601257374619e-12
strength_lateral_HX_2,TW-P072,N314,interior_applied_load,,-32.0,122.762,221.673,0.0,-4.368740484118462,-1.1920928955078125e-07,0.0,0.0,-5.960464477539063e-08
strength_lateral_HX_2,TW-P073,N528,interior_applied_load,,-32.0,122.762,224.25,5.960464477539063e-08,-2.601761519908905,2.384185791015625e-07,0.0,-1.862645149230957e-09,5.960464477539063e-08
strength_lateral_HX_2,TW-P074,N529,interior_applied_load,,-32.0,122.762,226.093,2.889435621711603e-10,-3.358609922099928,-8.23667217069007e-10,3.975543908403105e-10,-8.101556235152777e-10,2.2023129099258606e-13
strength_lateral_HX_2,TW-P075,N530,interior_applied_load,,-32.0,126.88,226.093,-5.822868678181888e-10,-72.40434495962194,1.9189076115708878e-09,3.72037624518009e-10,-2.6946168480559975e-09,-2.1219669061379995e-12
strength_lateral_HX_2,TW-P076,N134,interior_applied_load,,-32.0,132.281,115.0,4.410963990928711e-10,-10.29382721821919,2.856358567837971e-11,-4.052385283317249e-10,4.3332879691075785e-10,-1.3766663557081569e-12
strength_lateral_HX_2,TW-P077,N531,interior_applied_load,,-32.0,135.116,226.093,5.009394762116253e-10,-75.76295498789818,-1.3204550640733613e-09,4.737390866598247e-10,-2.4824607446349996e-09,7.746720954429247e-13
strength_lateral_HX_2,TW-P078,N135,interior_applied_load,,-32.0,138.091,115.0,1.5114315731838723e-10,-10.450996934324172,6.37862140055272e-11,7.47768723139542e-11,-5.150309223219934e-10,-3.5868534197020513e-12
strength_lateral_HX_2,TW-P079,N532,interior_applied_load,,-32.0,143.351,226.093,2.303724540954556e-10,-73.49833689112613,8.891632592700961e-10,-1.1898192103190226e-09,-1.561394077740609e-09,-1.4645149945312687e-11
strength_lateral_HX_2,TW-P080,N136,interior_applied_load,,-32.0,147.844,115.0,-1.1126946946854566e-10,-17.00051725454445,3.2288090505400745e-11,7.593276024834127e-10,6.993283514784272e-10,-1.124860319600377e-12
strength_lateral_HX_2,TW-P081,N533,interior_applied_load,,-32.0,148.81,226.093,1.6597726280538794e-07,-5.423258529996677,2.2991008243661852e-10,-3.291908055941893e-09,7.984425276600471e-08,1.1837570849322455e-11
strength_lateral_HX_2,TW-P082,N534,interface_action,BR-R-cap-1,-32.0,150.0,226.093,-4857.8859414147555,-187.34723345293622,-1158.8352758610902,1927.3162643960984,-39606.94501887151,2285.835889740567
strength_lateral_HX_2,TW-P083,N535,interior_applied_load,,-32.0,151.586,226.093,-7.323906106322963e-09,-70.33969635463123,4.974909742174511e-09,-5.041060417522585e-09,4.979445116988281e-08,-8.574643011185757e-12
strength_lateral_HX_2,TW-P084,N536,interior_applied_load,,-32.0,159.822,226.093,9.309274775408615e-11,-75.7629548816291,1.2576717552936457e-10,-2.0178733114211681e-10,-1.1071721119029519e-09,-2.618420401676917e-12
strength_lateral_HX_2,TW-P085,N137,interior_applied_load,,-32.0,163.406,115.0,3.759280693150459e-09,-12.74227968000372,-1.3521483176349122e-11,6.215695107849456e-10,8.10869098875764e-10,6.065603789508914e-12
strength_lateral_HX_2,TW-P086,N138,interior_applied_load,,-32.0,166.818,115.0,-1.9825550917980012e-09,-10.450996721810702,1.6946876101415248e-11,-1.4512320863795022e-09,8.346605319834633e-10,-4.202025762246542e-12
strength_lateral_HX_2,TW-P087,N537,interior_applied_load,,-32.0,168.057,226.093,-1.2602895767961115e-09,-74.59232882224555,1.6850637474940714e-09,-3.4106335020473805e-10,-1.363085179692721e-08,-3.676451107286169e-12
strength_lateral_HX_2,TW-P088,N538,interior_applied_load,,-32.0,174.857,226.093,-1.076956124875386e-07,-6.7172199514099376,-1.38030011105528e-09,-7.307345054030688e-09,-8.109643097820148e-08,5.629071725836769e-11
strength_lateral_HX_2,TW-P089,N539,interior_applied_load,,-32.0,176.293,226.093,-7.487467682018273e-08,-70.21636109941515,-9.355666843301205e-10,-2.212799648170598e-09,-5.7324153038798003e-08,-5.873432167908944e-11
strength_lateral_HX_2,TW-P090,N139,interior_applied_load,,-32.0,178.969,115.0,1.1142864918493185e-10,-12.21000008865468,-2.5349840124730597e-11,9.007273500372232e-10,3.504347423766843e-09,-3.771817168796168e-12
strength_lateral_HX_2,TW-P091,N540,interior_applied_load,,-32.0,184.528,226.093,0.0,-69.43064415454865,0.0,0.0,0.0,0.0
strength_lateral_HX_2,TW-P092,N15,interface_action,BR-W-2; W3,-32.0,185.0,115.0,-68.91811135552473,3990.903637186428,1167.1951417478267,15224.413251574035,479.59613930492515,1559.9087559306965
strength_lateral_HX_2,TW-P093,N315,interface_action,W3,-32.0,185.0,117.5,154.86237686102118,-2345.178112339075,-869.183026645869,-36763.32354875753,-1781.8632960802342,-9229.386149119584
strength_lateral_HX_2,TW-P094,N16,interface_action,W3,-32.0,185.0,143.183,2.71145328181501e-09,-7.613368507241602,-6.37891049043662e-09,2.2350097168206996e-09,-2.1196445930093794e-13,4.82422514381618e-09
strength_lateral_HX_2,TW-P095,N316,interface_action,W3,-32.0,185.0,144.148,1.1311547739027507e-08,-1.7838561172032719,-2.7880898664270662e-09,2.7407258407559897e-09,-1.1349083747210155e-12,7.136016793801592e-09
strength_lateral_HX_2,TW-P096,N317,interface_action,W3,-32.0,185.0,170.797,4.294126198747301e-09,-1.7838561171717762,-8.41223978405614e-09,-2.711416760096213e-09,1.2534318991561297e-12,-4.798235561983193e-09
strength_lateral_HX_2,TW-P097,N17,interface_action,W3,-32.0,185.0,171.82,1.0099082135364173e-08,-7.674110163593511,-2.834972160928936e-09,-5.365174590876282e-10,-8.207183600128899e-13,5.8060861988621975e-09
strength_lateral_HX_2,TW-P098,N318,interface_action,W3,-32.0,185.0,197.445,9.079182139571406e-11,-1.2117365203575452,-2.6571759243921113e-10,-2.432986629986829e-10,-5.150828627488197e-14,6.210074225339542e-10
strength_lateral_HX_2,TW-P099,N18,interface_action,W3,-32.0,185.0,200.457,2.4526540852464875e-11,-7.272137234252299,7.960790618566799e-10,1.2330083429794571e-11,9.416868732295213e-13,2.3191574746389674e-10
strength_lateral_HX_2,TW-P100,N319,interface_action,W3,-32.0,185.0,207.0,-283.8393859863281,2805.478189468384,3190.729029893875,-17008.942800998688,17026.646560668945,-34.665312089025974
strength_lateral_HX_2,TW-P101,N320,interface_action,W3,-32.0,185.0,224.093,126.64328871849827,-462.64131902930416,-2295.312243547625,15074.312436943796,-15016.214670617217,-2431.702435457747
strength_lateral_HX_2,TW-P102,N19,interface_action,W3,-32.0,185.0,226.093,7955.216547012329,-42.87971746921539,-19.0282009691,163.02290025353432,-204.32309675216675,-18.059132728958502
strength_lateral_HX_2,TW-P103,N341,interior_applied_load,,-32.0,186.0,207.0,0.0,-0.3778495788574219,-2.384185791015625e-07,2.384185791015625e-07,0.0,0.0
strength_lateral_HX_2,TW-P104,N342,interior_applied_load,,-32.0,187.0,207.0,-3.1179870505586033e-06,-7.135516485096841,3.315725496512061e-06,5.707587404299306e-06,-1.7896481567594106e-08,4.7652107893388434e-06
strength_lateral_HX_2,TW-P105,N347,interior_applied_load,,-32.0,187.0,209.5,5.662759548704505e-07,-2.4480339380341443,-1.3467109861699472e-06,2.584219615049075e-06,-4.408860937644748e-10,3.320095400662844e-06
strength_lateral_HX_2,TW-P106,N348,interior_applied_load,,-32.0,187.0,224.093,3.636221657554728e-06,-2.4480339399672477,-8.981943376284995e-07,8.541542639850519e-08,6.980788884665556e-11,-2.5830934911041936e-06
strength_lateral_HX_2,TW-P107,N541,interior_applied_load,,-32.0,187.0,226.093,7.152557373046875e-07,-6.3323107752949,-1.2814998626708984e-06,2.580694854259491e-06,-5.960464477539063e-08,-5.040201358497143e-07
strength_lateral_HX_2,TW-P108,N542,interior_applied_load,,-32.0,192.764,226.093,-9.983147082114759e-05,-67.12553400775879,6.275654618160805e-08,-1.0911065570241383e-07,-4.921319256120081e-06,-2.0308303904973717e-10
strength_lateral_HX_2,TW-P109,N343,interior_applied_load,,-32.0,192.881,207.0,9.620500378559882e-07,-10.957649992606568,1.5754887106034232e-07,-5.745731590511838e-08,-1.5772178178523069e-09,4.77307970925267e-07
strength_lateral_HX_2,TW-P110,N349,interior_applied_load,,-32.0,192.881,209.5,-5.344489940151171e-07,-2.4480339375503966,-2.04890396642361e-07,1.1887007462108522e-07,3.1317201908420494e-10,-1.220963179456658e-06
strength_lateral_HX_2,TW-P111,N350,interior_applied_load,,-32.0,192.881,224.093,-3.9550082731043545e-06,-2.448033936716401,4.271536522409969e-07,7.783700660402015e-07,2.904138031438483e-09,-9.644417731102806e-07
strength_lateral_HX_2,TW-P112,N543,interior_applied_load,,-32.0,192.881,226.093,0.00016234472929207725,-6.640587181454091,-1.4079465108271176e-06,2.1630552781710366e-06,-6.04340187460649e-06,3.0335733427946645e-07
strength_lateral_HX_2,TW-P113,N140,interior_applied_load,,-32.0,194.531,115.0,9.874517124383158e-08,-7.081799909253778,2.791630536589102e-10,-1.5781356372182775e-10,2.376616584322567e-08,-4.3964494286267247e-11
strength_lateral_HX_2,TW-P114,N141,interior_applied_load,,-32.0,195.545,115.0,3.672378634202354e-10,-10.45099693464452,-8.16298881386745e-11,5.313838297175603e-10,2.9037719990783936e-08,-3.543212696393106e-11
strength_lateral_HX_2,TW-P115,N544,interior_applied_load,,-32.0,200.905,226.093,0.00023240985056942556,-6.621210190350871,7.789096630953938e-09,-8.221531592226188e-09,2.0332011818225646e-05,-1.454893237907919e-10
strength_lateral_HX_2,TW-P116,N545,interior_applied_load,,-32.0,200.999,226.093,5.483661547819992e-06,-69.12236975576967,-2.084947577812991e-09,-9.35983379853079e-09,-2.255920856730657e-06,-2.367655509024884e-10
strength_lateral_HX_2,TW-P117,N355,interior_applied_load,,-32.0,201.5,216.547,6.242016528542864e-11,-9.070891548532451,4.366089408458257e-11,1.177909569388839e-10,-2.1483235111418465e-10,1.1129059183000127e-10
strength_lateral_HX_2,TW-P118,N546,interior_applied_load,,-32.0,209.234,226.093,2.0939755129484505e-10,-74.56413435518674,1.8253770494151652e-09,2.1169531057989895e-10,2.347588861806218e-10,-1.3139784102908456e-09
strength_lateral_HX_2,TW-P119,N142,interior_applied_load,,-32.0,210.094,115.0,5.199327265357186e-12,-19.2918000000018,3.5016682089147927e-11,-8.543637541405629e-12,1.0982520015248841e-10,-3.360420052998821e-12
strength_lateral_HX_2,TW-P120,N344,interior_applied_load,,-32.0,216.0,207.0,-1.3437856622999789e-06,-19.69307929241794,1.3845465351991493e-07,9.748343938742465e-07,-3.880046185037594e-09,1.1446566539063951e-06
strength_lateral_HX_2,TW-P121,N351,interior_applied_load,,-32.0,216.0,209.5,-3.154202917710211e-07,-2.448033937034596,6.034080578826933e-07,-4.415869536224926e-07,-3.2118120429159375e-10,-3.0294440254745276e-07
strength_lateral_HX_2,TW-P122,N352,interior_applied_load,,-32.0,216.0,224.093,-9.791980772888564e-07,-2.4480339371370583,-3.3237365218638515e-06,-3.0707784714062436e-06,1.064523251118408e-08,1.4872637450480397e-06
strength_lateral_HX_2,TW-P123,N356,interior_applied_load,,-32.0,216.0,226.093,-6.278658959651385e-06,-15.788111393073471,1.155004548133444e-06,-3.3316119399384e-06,1.0064163926727206e-08,-1.2237096402398082e-06
strength_lateral_HX_2,TW-P124,N547,interior_applied_load,,-32.0,217.47,226.093,-2.759467082343756e-08,-70.24455556374703,1.122340890462803e-09,-4.609513200324753e-12,-2.2799128559175367e-08,-2.6348153097724466e-11
strength_lateral_HX_2,TW-P125,N143,interior_applied_load,,-32.0,224.273,115.0,-2.210775607690651e-08,-10.450996933441363,1.554666692864975e-10,-3.951667024893079e-10,-2.1773131647535874e-08,1.7464460310970492e-11
strength_lateral_HX_2,TW-P126,N144,interior_applied_load,,-32.0,225.656,115.0,1.7042485983875963e-10,-11.380101502139459,-2.4364620739844426e-12,-1.1182134367151237e-10,-2.5161048297919452e-08,-2.1593148651954468e-12
strength_lateral_HX_2,TW-P127,N548,interior_applied_load,,-32.0,225.705,226.093,-9.334023066093666e-08,-70.06309284135315,8.26134534430652e-10,-1.2719393541718601e-10,-8.532688811595576e-08,8.22801841124596e-12
strength_lateral_HX_2,TW-P128,N549,interior_applied_load,,-32.0,226.952,226.093,5.6867967919023544e-08,-6.71721984428633,-2.9068124258471225e-09,1.3170447931394353e-10,-6.02796398104836e-08,9.939617083855511e-12
strength_lateral_HX_2,TW-P129,N357,interior_applied_load,,-32.0,230.5,216.547,-1.3608117732563129e-11,-9.070891548676123,9.300754561445586e-11,3.1089626380837223e-10,-3.785575746564409e-10,-1.5292568912588458e-10
strength_lateral_HX_2,TW-P130,N550,interior_applied_load,,-32.0,233.941,226.093,3.727991347204289e-08,-68.89246676682164,1.0558151067451804e-08,-8.8891637554709e-09,-5.5424004600138025e-08,5.245064446335234e-10
strength_lateral_HX_2,TW-P131,N551,interface_action,BR-R-cap-2,-32.0,235.0,226.093,203.7076523455031,-122.1173691508857,-530.0353749024546,-2315.6435549190987,38470.918361652315,-1844.918949298361
strength_lateral_HX_2,TW-P132,N145,interior_applied_load,,-32.0,241.219,115.0,-4.661856689271128e-10,-14.333395172805922,9.158315563034081e-12,-7.98912477538087e-12,-1.4694625559380078e-09,1.8356717309869057e-12
strength_lateral_HX_2,TW-P133,N552,interior_applied_load,,-32.0,242.176,226.093,1.604152556663985e-09,-70.48501501784416,-6.281015176116232e-10,2.6531614841274275e-10,-3.5309943293044334e-09,-5.421762210789458e-12
strength_lateral_HX_2,TW-P134,N345,interior_applied_load,,-32.0,245.0,207.0,5.056977631785629e-07,-15.870945795911174,-1.7536471133979724e-06,2.778833680034959e-06,-5.603541232342716e-09,3.074710593386994e-07
strength_lateral_HX_2,TW-P135,N353,interior_applied_load,,-32.0,245.0,209.5,-6.430080894788739e-08,-2.4480339349666043,3.640591690024264e-08,5.693711286132543e-07,-3.2481678632010247e-09,3.958823389169721e-07
strength_lateral_HX_2,TW-P136,N354,interior_applied_load,,-32.0,245.0,224.093,1.046861977438418e-06,-2.4480339373358913,5.2085192325801444e-08,-6.842575660526151e-07,-1.9284195582409884e-09,-8.133919842112647e-07
strength_lateral_HX_2,TW-P137,N553,interior_applied_load,,-32.0,245.0,226.093,-5.902071876784376e-07,-3.934669724970754,2.934296338778864e-07,3.242325725665407e-06,2.2468004927087738e-09,-4.887207315582485e-07
strength_lateral_HX_2,TW-P138,N346,interior_applied_load,,-32.0,246.0,207.0,0.0,-0.3778500556945801,0.0,0.0,0.0,-1.862645149230957e-09
strength_lateral_HX_2,TW-P139,N146,interior_applied_load,,-32.0,247.0,115.0,-3.7335175480102123e-06,-5.225498461845003,-7.015919578634566e-08,3.9601941992373213e-07,-2.4477810725055433e-09,6.611795740463222e-06
strength_lateral_HX_2,TW-P140,N321,interior_applied_load,,-32.0,247.0,117.5,4.958840996241441e-06,-4.4702584844807784,-1.765215485759291e-07,-1.1911655219299656e-07,9.027097257362113e-10,4.028491712783009e-06
strength_lateral_HX_2,TW-P141,N322,interior_applied_load,,-32.0,247.0,144.148,1.105371610913243e-13,-8.940516968500868,-4.2729076630610763e-14,1.585694468324576e-11,6.050741460359828e-14,1.2696853465776147e-12
strength_lateral_HX_2,TW-P142,N323,interior_applied_load,,-32.0,247.0,170.797,2.3333881798332507e-14,-8.94051696850165,-7.908307719734604e-13,-6.486319125975597e-12,-2.1699647545234856e-13,-2.9378407175927707e-13
strength_lateral_HX_2,TW-P143,N324,interior_applied_load,,-32.0,247.0,197.445,4.924240409997162e-12,-6.0731080364746415,2.2483714922197342e-11,1.0957854075813102e-10,7.799657668618588e-13,6.208390822785449e-11
strength_lateral_HX_2,TW-P144,N325,interior_applied_load,,-32.0,247.0,207.0,7.62939453125e-06,-4.470258712768555,-2.384185791015625e-07,0.0,0.0,1.862645149230957e-09
strength_lateral_HX_2,TW-P145,N326,interior_applied_load,,-32.0,247.0,224.093,-9.5367431640625e-07,-2.8674089312553406,-1.9073486328125e-06,-3.814697265625e-06,0.0,0.0
strength_lateral_HX_2,TW-P146,N554,interior_applied_load,,-32.0,247.0,226.093,-9.5367431640625e-07,-3.262600077316165,3.814697265625e-06,-3.814697265625e-06,-1.4901161193847656e-08,1.9073486328125e-06
strength_lateral_HX_2,TW-P147,N147,interface_action,BR-N-upper-1; T-N; W4,-32.0,249.0,115.0,75.79070426977789,-1472.525499080475,-527.9442265278636,-19553.89554989618,-10666.290592759557,3673.5224104536446
strength_lateral_HX_2,TW-P148,N555,interface_action,BR-N-upper-2; T-N top / segment 1; W4,-32.0,249.0,226.093,-3142.5143490848195,-462.2097980346974,659.8605259696751,-19316.42151573826,19038.51971172025,7035.652820957057
strength_lateral_HX_2,TW-P149,N556,interface_action,T-N top / segment 1; W4,-32.0,250.411,226.093,-8.062117139681006e-10,-0.5866854345525397,-1.4061919556760998e-08,-7.079168999588212e-10,2.3282045604335675e-08,4.071740461207245e-11
strength_lateral_HX_2,TW-P150,N148,interface_action,T-N; W4,-32.0,252.0,115.0,5.015683710661744,-712.9893964962537,34.227826145445405,1954.0745899765484,423.3718178241709,-253.3194690235681
strength_lateral_HX_2,TW-P151,N327,interior_applied_load,,-32.0,252.0,117.5,3.0557178056670395e-07,-4.47025848231994,-2.1967071141767625e-07,4.758047515130612e-07,2.9182177170075344e-09,1.7188954643256208e-07
strength_lateral_HX_2,TW-P152,N328,interior_applied_load,,-32.0,252.0,144.148,1.6611631136672017e-13,-8.940516968500862,-5.421545048216183e-13,-1.1216572300327017e-11,2.6077005829585993e-13,-5.742066343969529e-12
strength_lateral_HX_2,TW-P153,N329,interior_applied_load,,-32.0,252.0,170.797,-1.3877854333078688e-13,-8.940516968502147,-4.4204740476585276e-14,-6.227561442726486e-13,-1.7443789449064589e-13,-2.018162848099292e-12
strength_lateral_HX_2,TW-P154,N330,interior_applied_load,,-32.0,252.0,197.445,-2.0373639778411028e-13,-8.940516968503893,1.2674179203231387e-13,1.433182974611695e-11,1.6043988467531917e-13,6.45627305147888e-13
strength_lateral_HX_2,TW-P155,N331,interior_applied_load,,-32.0,252.0,224.093,0.0,-4.4702584855258465,0.0,1.9073486328125e-06,7.450580596923828e-09,-9.5367431640625e-07
strength_lateral_HX_2,TW-P156,N557,interface_action,T-N top / segment 1; W4,-32.0,252.0,226.093,-5.0090227127075195,747.4409215152264,-33.98780822753906,1943.53489112854,-422.8096379041672,-300.3956241607666
strength_lateral_HX_2,TW-P157,N27,interface_action,BR-N-ground-2; BR-W-1; T-N; W4,-32.0,253.0,115.0,-24.677695181752124,-50.95740452706658,-6.278418163186106,-295.91977295188644,-68.03881140803901,32.29605950319695
strength_lateral_HX_2,TW-P158,N31,interface_action,T-N top / segment 1; W4,-32.0,253.0,226.093,0.9785199165344238,-38.160560734570026,26.07677687704563,-322.96469312533736,81.511011749506,98.22671729652211
strength_lateral_HX_-2,TW-P001,N76,interface_action,SW0; T-SO,-32.0,-63.0,115.0,42.84218438694956,-295.1621024684178,672.6487799316175,2496.7807432923996,1752.0561327686582,-585.3952140840602
strength_lateral_HX_-2,TW-P002,N78,interface_action,SW0,-32.0,-63.0,117.0,42.56991060671862,-142.43624634981825,-715.4665568425553,-516.5160109993303,1783.2928321860527,-825.2373155064852
strength_lateral_HX_-2,TW-P003,N115,interior_applied_load,,-32.0,-61.0,115.0,3.6780052661932485e-11,-25.541349478537608,-3.9540079410478086e-10,3.4850749243604903e-10,-1.0788871589694521e-10,-3.6337238655130258e-12
strength_lateral_HX_-2,TW-P004,N504,interior_applied_load,,-32.0,-57.84,119.979,-1.0913936421275139e-11,-134.279608529112,1.1641532182693481e-10,-3.4924596548080444e-10,-2.1827872842550278e-11,0.0
strength_lateral_HX_-2,TW-P005,N505,interior_applied_load,,-32.0,-47.52,125.937,-4.535561581259797e-12,-136.70956584020945,-8.713798138394374e-11,1.3424143146081247e-10,1.98384718779209e-11,3.178872055398461e-12
strength_lateral_HX_-2,TW-P006,N332,interior_applied_load,,-32.0,-41.0,128.124,-3.410605131648481e-13,-12.499098957167007,2.1827872842550278e-11,1.8189894035458565e-12,-7.275957614183426e-12,4.547473508864641e-12
strength_lateral_HX_-2,TW-P007,N506,interior_applied_load,,-32.0,-39.78,130.406,-4.014367297701131e-10,-9.719829244131404,1.1215653362261505e-10,-1.0671338233677402e-09,-1.2890711363805663e-10,2.4512260316408716e-10
strength_lateral_HX_-2,TW-P008,N507,interior_applied_load,,-32.0,-37.2,131.896,4.190939864561644e-10,-131.84965121793343,1.3077726927247074e-10,-6.378721959204694e-10,-3.9073770572911375e-10,2.095450465810213e-10
strength_lateral_HX_-2,TW-P009,N116,interior_applied_load,,-32.0,-34.273,115.0,1.0059754996218572e-12,-26.861999897909765,-2.0774730601528533e-11,6.085753578802288e-12,3.934364655199216e-11,-3.991692200635917e-14
strength_lateral_HX_-2,TW-P010,N508,interior_applied_load,,-32.0,-26.88,137.854,5.195463247857253e-11,-134.95721460001587,-8.87669509193323e-11,-5.699412305452618e-10,-1.7812341034358073e-10,-6.699905176186429e-11
strength_lateral_HX_-2,TW-P011,N117,interior_applied_load,,-32.0,-21.0,115.0,1.6745365231593534e-08,-19.291799999913025,-1.025743441573912e-08,-3.38196881263797e-08,-1.3932903695875078e-10,9.110914426287836e-08
strength_lateral_HX_-2,TW-P012,N301,interior_applied_load,,-32.0,-21.0,117.5,1.2025359397204602e-08,-3.551495814677822,7.085600775876775e-10,6.515801161110506e-08,3.096143451047794e-11,-5.4358562733626826e-08
strength_lateral_HX_-2,TW-P013,N302,interior_applied_load,,-32.0,-21.0,138.671,0.0,-3.5514958137646317,5.960464477539063e-08,1.1920928955078125e-07,4.656612873077393e-10,5.960464477539063e-08
strength_lateral_HX_-2,TW-P014,N333,interior_applied_load,,-32.0,-21.0,141.249,1.1920928955078125e-07,-15.969378722831607,5.960464477539063e-08,0.0,0.0,1.1920928955078125e-07
strength_lateral_HX_-2,TW-P015,N509,interior_applied_load,,-32.0,-16.559,143.812,6.676311762186367e-12,-133.60200263297867,2.4832645949386225e-10,-6.316146834972307e-10,3.0507515954248624e-10,-1.5443761157652427e-10
strength_lateral_HX_-2,TW-P016,N510,interior_applied_load,,-32.0,-6.239,149.771,1.1641532182693481e-10,-135.29601763556275,-1.1641532182693481e-10,-4.0745362639427185e-10,3.4924596548080444e-10,-5.820766091346741e-11
strength_lateral_HX_-2,TW-P017,N118,interior_applied_load,,-32.0,-5.545,115.0,1.8005725830966654e-10,-14.102550169289348,4.79557521285072e-11,-3.3155101586304435e-10,2.4932740760804906e-10,-4.5831132321931656e-11
strength_lateral_HX_-2,TW-P018,N5,interface_action,T-S; W1,-32.0,0.0,115.0,20.160025744899485,2995.538209504708,-42.28094612352834,1206.2361601114208,1476.2865873337178,1081.4667121831808
strength_lateral_HX_-2,TW-P019,N303,interface_action,W1,-32.0,-0.0,117.5,-80.97626355408221,-721.7486148876809,-136.31211136345337,-1544.4004651602463,-181.57220407197872,-113.09294739406447
strength_lateral_HX_-2,TW-P020,N6,interface_action,W1,-32.0,0.0,130.311,2.0877916511670306e-11,-5.141644613419717,-9.412581921972491e-12,1.1800182218734385e-11,3.3626798492036445e-13,8.977252035858273e-12
strength_lateral_HX_-2,TW-P021,N304,interface_action,W1,-32.0,-0.0,134.148,-1.3320630843481671e-11,-1.1144179189545835,1.0945810702180274e-11,4.195548929817493e-12,6.955179967317547e-14,1.1445144487788473e-11
strength_lateral_HX_-2,TW-P022,N305,interface_action,W1,-32.0,-0.0,150.796,80.97626349809286,692.2688294285213,136.31211138276043,-2994.247593010107,181.57220407193057,2809.2786176320606
strength_lateral_HX_-2,TW-P023,N7,interface_action,BR-R-main-1; T-S top / segment 1; W1,-32.0,0.0,153.373,-140.4195532903541,98.61299966389197,-183.75812287884764,2133.306529877009,118.74574594362639,-3177.9568177817855
strength_lateral_HX_-2,TW-P024,N511,interior_applied_load,,-32.0,4.081,155.729,-1.7462298274040222e-09,-125.9733276644256,0.0,-1.862645149230957e-09,1.3969838619232178e-09,-6.984919309616089e-10
strength_lateral_HX_-2,TW-P025,N512,interior_applied_load,,-32.0,6.661,157.219,-1.6288085597147802e-10,-9.719829244596466,-5.538872914498978e-11,3.634625088141629e-10,-1.0011707998075968e-10,7.787474026452818e-11
strength_lateral_HX_-2,TW-P026,N119,interior_applied_load,,-32.0,7.781,115.0,5.124240439180307e-12,-15.567749916726585,3.722179953436435e-11,5.4375721639879246e-11,-1.6105454067554878e-10,5.757995210108427e-12
strength_lateral_HX_-2,TW-P027,N513,interior_applied_load,,-32.0,14.401,161.688,1.7503186698127986e-11,-136.70956584021513,-4.6357418072242615e-12,2.857188286582043e-10,4.0645115174995506e-10,-7.977237471652119e-11
strength_lateral_HX_-2,TW-P028,N334,interior_applied_load,,-32.0,17.438,134.661,-6.821210263296962e-13,-13.73105681126981,-1.8189894035458565e-12,-3.637978807091713e-12,7.275957614183426e-12,-1.4551915228366852e-11
strength_lateral_HX_-2,TW-P029,N120,interior_applied_load,,-32.0,23.182,115.0,-1.2969657563128293e-06,-10.450997242201812,1.1777608601103537e-09,-1.1050919623924897e-07,-6.435277952973634e-08,-2.8991061689117887e-12
strength_lateral_HX_-2,TW-P030,N121,interior_applied_load,,-32.0,23.344,115.0,-3.6529194005824273e-06,-10.559742856291257,-1.2350051731055452e-09,-1.497334933101809e-07,6.072471082534929e-07,4.428952728000398e-12
strength_lateral_HX_-2,TW-P031,N514,interior_applied_load,,-32.0,24.721,167.646,-1.4254714416414308e-10,-134.2796085292011,1.333339910733569e-10,1.5395195263465443e-09,2.9671343046758865e-11,8.429470697315938e-11
strength_lateral_HX_-2,TW-P032,N515,interior_applied_load,,-32.0,29.881,170.625,-1.578722395899875e-10,-9.719829244340279,-1.8458436092654853e-10,6.055339059761767e-10,-2.669258796402549e-09,1.308129939844712e-09
strength_lateral_HX_-2,TW-P033,N335,interior_applied_load,,-32.0,34.875,154.322,2.7812213315528397e-13,-13.731056811264654,-2.7183254499569648e-12,-6.9863287722250395e-12,2.8755928656426973e-12,-4.669038555122675e-13
strength_lateral_HX_-2,TW-P034,N516,interior_applied_load,,-32.0,35.041,173.604,5.654078201259962e-10,-134.2796085290254,1.780690143828264e-10,8.24332503351252e-10,-5.446049463850575e-10,3.5696630033666444e-10
strength_lateral_HX_-2,TW-P035,N122,interior_applied_load,,-32.0,38.906,115.0,-3.784575978547232e-11,-19.183054727807153,-3.7842521989664343e-11,7.346975352177492e-11,-1.0351318408335777e-10,-3.357271536035883e-14
strength_lateral_HX_-2,TW-P036,N517,interior_applied_load,,-32.0,45.361,179.562,-4.761891961025896e-11,-136.7095658401705,-6.433205365470615e-11,-3.366040374264036e-10,-5.338759209361806e-11,-2.461329083889511e-10
strength_lateral_HX_-2,TW-P037,N123,interior_applied_load,,-32.0,51.909,115.0,3.2677808311939685e-10,-10.450996933430435,1.814771696342445e-10,1.39631996521202e-09,-1.3060955264995158e-09,1.3836215883263549e-12
strength_lateral_HX_-2,TW-P038,N336,interior_applied_load,,-32.0,52.313,173.982,3.0646565207162182e-12,-13.73105681127506,-1.180011891358721e-12,-1.1029897483045303e-11,2.5486825733672397e-11,-3.2340300469241836e-12
strength_lateral_HX_-2,TW-P039,N518,interior_applied_load,,-32.0,53.102,184.031,-1.4833650892687224e-09,-9.719829244536124,-2.2864153972945795e-10,-1.1139670390695997e-10,-8.637010271457904e-10,4.604619851206361e-10
strength_lateral_HX_-2,TW-P040,N124,interior_applied_load,,-32.0,54.469,115.0,9.204893915251536e-10,-11.981062561479755,5.18924277065821e-11,2.7254625582096287e-10,-3.864083755824185e-09,-6.949753988306014e-13
strength_lateral_HX_-2,TW-P041,N519,interior_applied_load,,-32.0,55.682,185.521,1.5251569608243204e-10,-131.84965121782483,2.0380980608204008e-10,-2.3534671190665678e-09,-1.805433405189718e-09,1.8084739517085836e-09
strength_lateral_HX_-2,TW-P042,N520,interior_applied_load,,-32.0,66.002,191.479,5.655026696302008e-10,-132.94996021780332,-2.4477376644247694e-10,5.707170388036796e-11,-3.716623022946154e-10,-6.823582110206328e-10
strength_lateral_HX_-2,TW-P043,N125,interior_applied_load,,-32.0,69.75,115.0,2.531625995061404e-06,-10.4509952931435,-9.516700183453963e-08,-3.1555132795624274e-07,5.451659145725537e-07,-5.860557905634778e-08
strength_lateral_HX_-2,TW-P044,N306,interior_applied_load,,-32.0,69.75,117.5,-1.732722460217691e-07,-4.1135597894805915,-1.9198176501395357e-08,1.2200701406869687e-07,-2.556257232482924e-10,-4.3169814160055434e-08
strength_lateral_HX_-2,TW-P045,N307,interior_applied_load,,-32.0,69.75,142.022,6.461147857576998e-13,-5.475904845866456,1.8051964699720562e-12,1.2333241943067703e-11,-8.320927020490088e-15,-2.467226397616663e-11
strength_lateral_HX_-2,TW-P046,N218,interface_action,T1 upper lower chord,-32.0,69.75,150.143,183.7012262243843,-40.77425235628134,-6.06763070338383,48.36399951937089,287.4952634983722,1451.0272774279663
strength_lateral_HX_-2,TW-P047,N308,interior_applied_load,,-32.0,69.75,166.544,-1.7533810358001135e-14,-6.864774537907468,1.478372495851653e-14,2.2733476844585832e-11,-3.67660303812175e-15,-1.1943999160664209e-11
strength_lateral_HX_-2,TW-P048,N309,interior_applied_load,,-32.0,69.75,191.066,1.1920928955078125e-07,-4.113559797406197,2.384185791015625e-07,0.0,-1.1641532182693481e-10,1.1920928955078125e-07
strength_lateral_HX_-2,TW-P049,N337,interface_action,T1 top / segment 1,-32.0,69.75,193.643,-83.35099446773529,-172.6778753325343,0.9265497922897339,-221.1142053604126,501.912529023597,2765.7581290006638
strength_lateral_HX_-2,TW-P050,N126,interior_applied_load,,-32.0,70.031,115.0,-7.500495604800776e-07,-7.310738278587004,-7.238232993564894e-10,-9.54946627416449e-09,1.3987465195113385e-06,4.621746532622497e-12
strength_lateral_HX_-2,TW-P051,N521,interior_applied_load,,-32.0,76.322,197.438,2.021098003479628e-10,-135.6092570150484,-5.452420640484125e-12,1.999265679650899e-09,-5.563166654830617e-10,-8.618479353180499e-11
strength_lateral_HX_-2,TW-P052,N127,interior_applied_load,,-32.0,80.636,115.0,-5.939690214198819e-11,-10.450996934020381,9.202238494927174e-12,-1.1049011530849261e-10,2.3093347506154877e-10,1.3049360084540549e-13
strength_lateral_HX_-2,TW-P053,N338,interior_applied_load,,-32.0,82.753,173.982,2.108309066164819e-12,-12.316251141536814,-1.2028253638448075e-11,5.019881728517537e-11,-2.0145370247594867e-11,-4.4062278295601035e-11
strength_lateral_HX_-2,TW-P054,N128,interior_applied_load,,-32.0,85.594,115.0,2.295363488510874e-11,-13.780129730564182,-1.5706866506688253e-12,-4.731150328254424e-10,-1.5342374413653278e-09,-4.339932587043409e-13
strength_lateral_HX_-2,TW-P055,N522,interior_applied_load,,-32.0,86.642,203.396,-3.8904882698420674e-14,-139.13952315126986,-3.196807546368686e-10,3.6444975107608685e-10,-3.1956878493678495e-11,5.0253257818422153e-11
strength_lateral_HX_-2,TW-P056,N339,interior_applied_load,,-32.0,95.756,154.322,7.282235657291493e-13,-12.316251141569433,8.055128286271365e-12,6.520437233879913e-12,-1.4206347125192309e-11,-1.4383702399278423e-11
strength_lateral_HX_-2,TW-P057,N523,interior_applied_load,,-32.0,96.962,209.354,9.994219826479686e-11,-131.8496512184905,1.2274135198466947e-09,-4.878492350992093e-10,-1.1867596838303047e-09,3.7949481247692376e-10
strength_lateral_HX_-2,TW-P058,N524,interior_applied_load,,-32.0,99.542,210.844,-6.939693363380351e-12,-9.719829245210516,-1.2597774212873002e-10,-3.155850437745386e-09,-1.260842336938122e-09,6.642805600612217e-10
strength_lateral_HX_-2,TW-P059,N129,interior_applied_load,,-32.0,101.156,115.0,-6.478172673839289e-11,-15.962667203542326,-9.05839008722537e-11,-8.15522125869228e-10,3.7688758753436313e-10,-3.037801304048791e-13
strength_lateral_HX_-2,TW-P060,N525,interior_applied_load,,-32.0,107.282,215.313,2.7667932094408274e-11,-136.7095658402461,5.893690695725726e-11,-2.7469921506527144e-10,-1.01158176918236e-09,1.0500484975449505e-10
strength_lateral_HX_-2,TW-P061,N340,interior_applied_load,,-32.0,108.759,134.661,1.000444171950221e-11,-12.316251141543034,0.0,2.8194335754960775e-11,1.1641532182693481e-10,2.9103830456733704e-11
strength_lateral_HX_-2,TW-P062,N130,interior_applied_load,,-32.0,109.364,115.0,1.6645490041817996e-11,-10.450996934072428,7.638070064734846e-11,-9.320491784809572e-10,6.871653242540313e-10,1.2740943956532927e-13
strength_lateral_HX_-2,TW-P063,N131,interior_applied_load,,-32.0,116.719,115.0,7.047234660473493e-10,-8.326422773664643,-3.252269555794536e-11,3.691530609150828e-11,-8.266924652829784e-10,3.2189420710950746e-13
strength_lateral_HX_-2,TW-P064,N526,interior_applied_load,,-32.0,117.602,221.271,1.1631071221126467e-09,-131.67784701642066,-1.484157250322395e-09,-5.135709365495289e-09,7.597107530155949e-11,-6.11753007073256e-10
strength_lateral_HX_-2,TW-P065,N527,interface_action,BR-R-main-2,-32.0,120.0,222.655,87.6650695027796,-105.56824931928611,-17.19721018025832,-1277.101457933945,-1286.304173714949,-1688.1269339542714
strength_lateral_HX_-2,TW-P066,N132,interior_applied_load,,-32.0,121.762,115.0,-1.015096131595783e-07,-10.216771710358444,-5.093170329928398e-11,-1.3906173990108073e-09,1.928128767758608e-08,-1.913576852530241e-09
strength_lateral_HX_-2,TW-P067,N133,interior_applied_load,,-32.0,122.762,115.0,4.1073652568002217e-07,-7.06390062014815,-7.001713164811463e-08,-1.4278752313856558e-07,1.5003461724115536e-08,-2.805027072838584e-07
strength_lateral_HX_-2,TW-P068,N310,interior_applied_load,,-32.0,122.762,117.5,-5.344217490527123e-07,-4.368740490244565,8.495605001064708e-08,-1.0962018082837394e-07,1.8467284912723518e-09,1.635196877614258e-07
strength_lateral_HX_-2,TW-P069,N311,interior_applied_load,,-32.0,122.762,143.543,-4.640152862034734e-13,-8.737480996173005,2.4391553625063366e-15,-2.376609372222468e-13,1.1629633125255498e-14,-2.7245901232613785e-14
strength_lateral_HX_-2,TW-P070,N312,interior_applied_load,,-32.0,122.762,169.586,4.983010389891638e-14,-8.737480996180173,-3.0924276830946296e-14,-3.117159464748859e-13,5.3621571524348413e-14,-2.8673476396736915e-12
strength_lateral_HX_-2,TW-P071,N313,interior_applied_load,,-32.0,122.762,195.629,-3.414460939631167e-14,-8.737480996178657,7.808740570844096e-14,1.4438365828253807e-12,1.1044618993691332e-15,4.036435969056323e-12
strength_lateral_HX_-2,TW-P072,N314,interior_applied_load,,-32.0,122.762,221.673,-5.960464477539063e-08,-4.368740499019623,0.0,2.384185791015625e-07,-2.3283064365386963e-10,1.1920928955078125e-07
strength_lateral_HX_-2,TW-P073,N528,interior_applied_load,,-32.0,122.762,224.25,5.960464477539063e-08,-2.601761519908905,2.384185791015625e-07,2.384185791015625e-07,6.984919309616089e-10,5.960464477539063e-08
strength_lateral_HX_-2,TW-P074,N529,interior_applied_load,,-32.0,122.762,226.093,-4.91705819745531e-10,-3.358609922290059,-8.397913840715013e-10,-1.9060056952623603e-11,5.269104144033535e-10,-1.4687317775759032e-14
strength_lateral_HX_-2,TW-P075,N530,interior_applied_load,,-32.0,126.88,226.093,5.019861793452509e-10,-72.40434495938241,9.37767517238202e-10,-1.5744466667111683e-10,-1.3442890648578312e-09,6.871708709843054e-14
strength_lateral_HX_-2,TW-P076,N134,interior_applied_load,,-32.0,132.281,115.0,-3.0718517457435164e-10,-10.29382721830942,-1.0866459647803694e-11,2.0623619839978296e-11,1.32808091748867e-10,-7.700416725602598e-13
strength_lateral_HX_-2,TW-P077,N531,interior_applied_load,,-32.0,135.116,226.093,-1.3056662278549316e-10,-75.76295498790802,2.136093013095963e-10,-6.348467070694959e-11,9.448896968911121e-10,-5.14940130839303e-14
strength_lateral_HX_-2,TW-P078,N135,interior_applied_load,,-32.0,138.091,115.0,3.500946734191414e-10,-10.45099693408993,2.780835269435684e-11,-3.9872021231960805e-10,7.838281171069477e-10,3.0133502613248934e-12
strength_lateral_HX_-2,TW-P079,N532,interior_applied_load,,-32.0,143.351,226.093,-5.581911346682752e-10,-73.49833689096016,1.8965689388879976e-10,-1.933290099999096e-10,2.469363562749885e-09,2.997052386096719e-13
strength_lateral_HX_-2,TW-P080,N136,interior_applied_load,,-32.0,147.844,115.0,3.958190488459192e-12,-17.000517254679668,-2.9538842828775726e-11,-3.0169284909837323e-10,2.0145904620818236e-10,1.5119535849678857e-12
strength_lateral_HX_-2,TW-P081,N533,interior_applied_load,,-32.0,148.81,226.093,-1.4792542417940216e-07,-5.423258542332139,-1.992394803573785e-09,6.528667130110362e-10,-2.5625242216276384e-08,-4.363314546235927e-14
strength_lateral_HX_-2,TW-P082,N534,interface_action,BR-R-cap-1,-32.0,150.0,226.093,4820.113722366442,-74.47794196644931,1150.0028945680915,2603.0293914870504,39223.68739595525,-9493.047003846856
strength_lateral_HX_-2,TW-P083,N535,interior_applied_load,,-32.0,151.586,226.093,-5.4116986039423504e-08,-70.33969635611795,-6.794992890577883e-10,-8.823848924702938e-10,1.6094317514823476e-08,1.7569591870233968e-10
strength_lateral_HX_-2,TW-P084,N536,interior_applied_load,,-32.0,159.822,226.093,-1.5958233927726023e-10,-75.76295488161307,7.541928135349602e-10,-6.96680083643704e-11,2.974041750069718e-09,1.4897769286733911e-12
strength_lateral_HX_-2,TW-P085,N137,interior_applied_load,,-32.0,163.406,115.0,-2.4671319540128183e-09,-12.742279679493315,2.68105870168349e-11,4.295970688470778e-11,-2.88444896097053e-09,-5.683063534855421e-12
strength_lateral_HX_-2,TW-P086,N138,interior_applied_load,,-32.0,166.818,115.0,3.31557184377849e-09,-10.450996721859509,-4.710560275006855e-11,2.0081555547089276e-10,2.84561318355452e-09,5.6190658296793884e-12
strength_lateral_HX_-2,TW-P087,N537,interior_applied_load,,-32.0,168.057,226.093,1.6372414059756579e-09,-74.59232882235135,-8.957866063507396e-11,-2.68501484911185e-10,6.737500460004572e-09,5.187535014744664e-12
strength_lateral_HX_-2,TW-P088,N538,interior_applied_load,,-32.0,174.857,226.093,-5.0097699904447874e-08,-6.717219950837267,3.3077095126565886e-09,1.5456918601785335e-10,7.326789488279955e-08,-2.2491683701906623e-11
strength_lateral_HX_-2,TW-P089,N539,interior_applied_load,,-32.0,176.293,226.093,6.870661934197874e-08,-70.21636109607492,4.709846279856987e-10,2.6166412851180654e-10,6.347786193718627e-08,1.1180007775691787e-11
strength_lateral_HX_-2,TW-P090,N139,interior_applied_load,,-32.0,178.969,115.0,2.749552277014268e-10,-12.210000088699287,3.096513836413449e-11,2.0100952303497617e-10,-7.22081327451275e-10,-2.5590406191024607e-12
strength_lateral_HX_-2,TW-P091,N540,interior_applied_load,,-32.0,184.528,226.093,0.0,-69.43064406514168,0.0,-3.725290298461914e-09,-4.76837158203125e-07,1.1641532182693481e-10
strength_lateral_HX_-2,TW-P092,N15,interface_action,BR-W-2; W3,-32.0,185.0,115.0,73.4514888347145,379.5424102559827,-1754.170986549322,-5933.185541316671,-770.6967449537799,-1932.2672654341457
strength_lateral_HX_-2,TW-P093,N315,interface_action,W3,-32.0,185.0,117.5,-232.12118483586124,-108.31316885317656,914.0768899273896,40890.5084615598,1592.9219811741987,10205.712262968691
strength_lateral_HX_-2,TW-P094,N16,interface_action,W3,-32.0,185.0,143.183,-4.385339486059432e-09,-7.613368507279196,2.0457875232669494e-09,-2.4014352824567467e-09,9.214283633177964e-13,1.5406552583890834e-09
strength_lateral_HX_-2,TW-P095,N316,interface_action,W3,-32.0,185.0,144.148,-1.0843021509961266e-08,-1.7838561172249148,5.567446018377929e-09,-2.5232719406827525e-09,-7.444644200247114e-13,-8.53628397283565e-09
strength_lateral_HX_-2,TW-P096,N317,interface_action,W3,-32.0,185.0,170.797,-5.099538463790133e-09,-1.7838561172308516,1.2381296833229915e-08,-2.420646630365278e-09,-3.178782161153153e-14,7.640419536713754e-10
strength_lateral_HX_-2,TW-P097,N17,interface_action,W3,-32.0,185.0,171.82,-6.497243155218524e-09,-7.67411016357998,-1.1967873509448573e-09,-1.782214431260185e-09,-7.468005931821431e-14,1.86829528038371e-09
strength_lateral_HX_-2,TW-P098,N318,interface_action,W3,-32.0,185.0,197.445,-4.3388092261382055e-10,-1.2117365203430148,4.3033668218427187e-10,3.1797979116300655e-10,1.5516786739279232e-13,-8.274979882732877e-10
strength_lateral_HX_-2,TW-P099,N18,interface_action,W3,-32.0,185.0,200.457,6.519009567290866e-10,-7.272137234256951,-3.227483877161992e-10,-5.97249351519965e-11,-8.035889829638987e-13,6.724232603961481e-11
strength_lateral_HX_-2,TW-P100,N319,interface_action,W3,-32.0,185.0,207.0,292.9010009765625,-3319.040635585785,-1982.4572058916092,21584.23395138979,-16808.874801635742,1109.508478719741
strength_lateral_HX_-2,TW-P101,N320,interface_action,W3,-32.0,185.0,224.093,-58.37157956305635,3175.5763218191623,1052.080810763423,1529.3846095670008,14990.307618788827,8471.002205099434
strength_lateral_HX_-2,TW-P102,N19,interface_action,W3,-32.0,185.0,226.093,-7954.650556564331,111.58676373958588,8.721775993704796,-4.76492085121572,203.97058248519897,69.25705612055026
strength_lateral_HX_-2,TW-P103,N341,interior_applied_load,,-32.0,186.0,207.0,0.0,-0.3778500556945801,-1.1920928955078125e-07,-5.960464477539063e-08,0.0,-3.725290298461914e-09
strength_lateral_HX_-2,TW-P104,N342,interior_applied_load,,-32.0,187.0,207.0,-1.0652739580811972e-06,-7.135516469715128,7.842420241149623e-07,-3.0600183374368575e-06,1.1344787340005787e-09,7.268952863417967e-07
strength_lateral_HX_-2,TW-P105,N347,interior_applied_load,,-32.0,187.0,209.5,2.3532977765881496e-06,-2.4480339367977737,-1.5707181042509707e-06,1.3533559853633747e-06,-3.7610593342617354e-10,-7.209178980557648e-07
strength_lateral_HX_-2,TW-P106,N348,interior_applied_load,,-32.0,187.0,224.093,2.2854447686571078e-06,-2.4480339369601234,1.135001928762036e-06,2.4858235327107625e-06,2.0418347714773794e-10,-5.574262163632326e-06
strength_lateral_HX_-2,TW-P107,N541,interior_applied_load,,-32.0,187.0,226.093,-8.225440979003906e-06,-6.332310781814158,-1.519918441772461e-06,-1.2337695807218552e-06,5.960464477539063e-08,-5.428591975942254e-06
strength_lateral_HX_-2,TW-P108,N542,interior_applied_load,,-32.0,192.764,226.093,0.00010083141871793017,-67.12553584212715,-5.118359210306584e-08,2.1687413979228177e-09,2.6116721105183373e-06,3.431119483117291e-10
strength_lateral_HX_-2,TW-P109,N343,interior_applied_load,,-32.0,192.881,207.0,2.2675707498365227e-06,-10.957649991932698,-3.46072818957488e-07,1.4693221233597065e-06,3.430068779966175e-09,-3.5436711840475255e-06
strength_lateral_HX_-2,TW-P110,N349,interior_applied_load,,-32.0,192.881,209.5,-1.2998002176815695e-07,-2.448033937097558,1.99095822119028e-08,1.627366830868796e-06,-5.379107134959823e-10,9.736515118134899e-08
strength_lateral_HX_-2,TW-P111,N350,interior_applied_load,,-32.0,192.881,224.093,9.57953740221562e-07,-2.44803393701682,3.357204883674969e-07,6.83887010771711e-07,-1.6757734866333339e-09,-5.914488163671905e-07
strength_lateral_HX_-2,TW-P112,N543,interior_applied_load,,-32.0,192.881,226.093,-8.104293537055627e-05,-6.6405857943563475,-1.1375751406121236e-06,-1.4996357032292963e-06,1.0853724123445714e-05,-3.6582165048853703e-07
strength_lateral_HX_-2,TW-P113,N140,interior_applied_load,,-32.0,194.531,115.0,-1.226146959262563e-07,-7.081799912916002,-1.380295046741872e-10,4.730870649358778e-10,-1.1596116233737361e-08,7.326982972361519e-11
strength_lateral_HX_-2,TW-P114,N141,interior_applied_load,,-32.0,195.545,115.0,7.084370191892137e-08,-10.450996935568554,5.934536371412953e-11,-2.1383926388013168e-10,-1.8480684820766813e-08,2.187322513189372e-12
strength_lateral_HX_-2,TW-P115,N544,interior_applied_load,,-32.0,200.905,226.093,8.869736016307117e-05,-6.6212111416292165,2.5519204505816925e-08,-2.4989969345764928e-08,1.1700015372009202e-05,-7.420625761593259e-11
strength_lateral_HX_-2,TW-P116,N545,interior_applied_load,,-32.0,200.999,226.093,-0.0003086602463645094,-69.12237025623543,9.728663145365644e-09,-1.9284564917648857e-08,9.834608213037274e-06,-7.671374632984945e-11
strength_lateral_HX_-2,TW-P117,N355,interior_applied_load,,-32.0,201.5,216.547,-1.7435306785294886e-11,-9.070891548737453,6.843417017363358e-11,9.714442639329354e-11,3.323029076143733e-11,2.1947235072571437e-11
strength_lateral_HX_-2,TW-P118,N546,interior_applied_load,,-32.0,209.234,226.093,-2.6253176296420535e-09,-74.56413435549273,-3.235695961476729e-10,-3.1037355111115247e-10,-1.167271363115971e-08,4.20007452005937e-09
strength_lateral_HX_-2,TW-P119,N142,interior_applied_load,,-32.0,210.094,115.0,7.671314822461926e-11,-19.291799999999107,-4.4649541238896904e-11,-2.781253061390336e-12,5.8044383764415845e-12,3.172578657101715e-12
strength_lateral_HX_-2,TW-P120,N344,interior_applied_load,,-32.0,216.0,207.0,1.6770099708907082e-07,-19.69307929295151,2.4870402848264916e-08,1.2028841237521348e-06,5.003889683315161e-09,9.294074847510103e-07
strength_lateral_HX_-2,TW-P121,N351,interior_applied_load,,-32.0,216.0,209.5,1.3926131817283866e-06,-2.4480339378306297,-6.961358143007958e-07,1.1709793503011858e-06,2.797044458805793e-09,1.0024564941151909e-07
strength_lateral_HX_-2,TW-P122,N352,interior_applied_load,,-32.0,216.0,224.093,6.094011553159362e-07,-2.4480339360701633,2.701048551559393e-06,1.6085361431439349e-06,-2.486971310380806e-09,-1.8094601159646118e-06
strength_lateral_HX_-2,TW-P123,N356,interior_applied_load,,-32.0,216.0,226.093,1.1674615751947927e-06,-15.788111392141968,-9.124585070665805e-07,2.4499780384576887e-06,3.179291244234454e-08,9.694199056808383e-08
strength_lateral_HX_-2,TW-P124,N547,interior_applied_load,,-32.0,217.47,226.093,2.3122033226612115e-08,-70.24455556374006,-2.2193515737318803e-09,2.221411334402209e-11,-2.13501023440224e-08,1.0737408788404182e-11
strength_lateral_HX_-2,TW-P125,N143,interior_applied_load,,-32.0,224.273,115.0,-7.348188021971687e-09,-10.4509969342598,-7.75336578719218e-11,1.7341197211066728e-10,3.178235733919538e-09,4.579749473163417e-13
strength_lateral_HX_-2,TW-P126,N144,interior_applied_load,,-32.0,225.656,115.0,2.98765890451216e-08,-11.380101499469923,7.209857408300396e-11,-2.447520501155086e-10,6.5294670420283216e-09,1.0001798789138967e-11
strength_lateral_HX_-2,TW-P127,N548,interior_applied_load,,-32.0,225.705,226.093,-3.31082041172488e-08,-70.06309284132308,1.6292938382967404e-09,-7.876043011623818e-11,-3.634776216943982e-08,3.3560498550796624e-12
strength_lateral_HX_-2,TW-P128,N549,interior_applied_load,,-32.0,226.952,226.093,2.0713029929376237e-08,-6.717219842891291,7.099748551488077e-11,3.304614616396602e-10,-1.9092450778678597e-08,1.0558350086843871e-11
strength_lateral_HX_-2,TW-P129,N357,interior_applied_load,,-32.0,230.5,216.547,1.8197428721777235e-10,-9.07089154864774,-3.1506341276526405e-10,-1.167572843518577e-10,-7.686812078479417e-10,-4.1722319108738783e-10
strength_lateral_HX_-2,TW-P130,N550,interior_applied_load,,-32.0,233.941,226.093,-1.277548107810513e-07,-68.89246678838944,-6.246967266356477e-09,2.420753421410044e-09,-1.015963629185418e-07,1.1602392851638425e-09
strength_lateral_HX_-2,TW-P131,N551,interface_action,BR-R-cap-2,-32.0,235.0,226.093,-258.3427310905307,-182.43945771134975,543.7523569275356,-2621.9492165887104,-38170.69964453943,-9087.624602236117
strength_lateral_HX_-2,TW-P132,N145,interior_applied_load,,-32.0,241.219,115.0,-1.9219818070864478e-10,-14.333395172819372,-4.558456085021411e-11,-1.475759772460051e-11,-5.062310318039571e-10,-1.9120706555451485e-12
strength_lateral_HX_-2,TW-P133,N552,interior_applied_load,,-32.0,242.176,226.093,-2.83416468115907e-09,-70.4850150182343,-2.486258417915544e-10,2.4436386459712553e-10,-5.033349234070782e-09,-1.3507248631492612e-12
strength_lateral_HX_-2,TW-P134,N345,interior_applied_load,,-32.0,245.0,207.0,-7.984191854357777e-07,-15.87094577178291,2.194386643074556e-06,-2.7380797737825423e-06,-1.5551017911992533e-08,7.545334702635477e-07
strength_lateral_HX_-2,TW-P135,N353,interior_applied_load,,-32.0,245.0,209.5,3.1455924881842415e-07,-2.448033939789376,-5.020059128271273e-07,-8.696421266088199e-07,-1.7390631404383328e-10,-1.0059901783933888e-07
strength_lateral_HX_-2,TW-P136,N354,interior_applied_load,,-32.0,245.0,224.093,-2.2185999407758894e-07,-2.448033938035345,-9.610371562440712e-08,-1.211902616593541e-07,1.7439541291676714e-09,2.1620365152352772e-07
strength_lateral_HX_-2,TW-P137,N553,interior_applied_load,,-32.0,245.0,226.093,-9.655796167906683e-07,-3.9346697281879592,6.106469003303981e-07,-2.0347548039523734e-06,-1.9639361879024056e-08,-1.0338210401272235e-06
strength_lateral_HX_-2,TW-P138,N346,interior_applied_load,,-32.0,246.0,207.0,0.0,-0.3778505325317383,1.1920928955078125e-07,4.76837158203125e-07,0.0,0.0
strength_lateral_HX_-2,TW-P139,N146,interior_applied_load,,-32.0,247.0,115.0,-6.171131339272051e-07,-5.225498472560682,8.114429661532085e-08,-2.546173636375215e-07,1.3466489109958915e-08,-5.399962095253841e-07
strength_lateral_HX_-2,TW-P140,N321,interior_applied_load,,-32.0,247.0,117.5,-6.317736579939884e-07,-4.470258484073931,2.1506449913332395e-07,1.1674070567289336e-07,-8.365120204570086e-10,1.2607848026055026e-06
strength_lateral_HX_-2,TW-P141,N322,interior_applied_load,,-32.0,247.0,144.148,9.493229153432567e-15,-8.94051696850483,4.439747352567889e-13,-6.845378925763218e-12,-1.2364781527782934e-13,2.9596392575449265e-13
strength_lateral_HX_-2,TW-P142,N323,interior_applied_load,,-32.0,247.0,170.797,-1.3313590721424262e-13,-8.940516968507227,-2.2364113938326222e-13,-2.057087373027988e-12,-9.625448647875287e-14,3.18054119712858e-12
strength_lateral_HX_-2,TW-P143,N324,interior_applied_load,,-32.0,247.0,197.445,-2.1520843196670626e-11,-6.073108036481954,-7.143605662685443e-13,-9.617418218773482e-11,-6.765904229113531e-14,-1.0257018401672788e-12
strength_lateral_HX_-2,TW-P144,N325,interior_applied_load,,-32.0,247.0,207.0,0.0,-4.470258712768555,-1.1920928955078125e-07,-2.384185791015625e-07,0.0,-9.313225746154785e-10
strength_lateral_HX_-2,TW-P145,N326,interior_applied_load,,-32.0,247.0,224.093,0.0,-2.8674089312553406,3.814697265625e-06,5.7220458984375e-06,0.0,9.5367431640625e-07
strength_lateral_HX_-2,TW-P146,N554,interior_applied_load,,-32.0,247.0,226.093,1.9073486328125e-06,-3.26260007917881,-5.7220458984375e-06,7.62939453125e-06,-3.725290298461914e-08,-9.5367431640625e-07
strength_lateral_HX_-2,TW-P147,N147,interface_action,BR-N-upper-1; T-N; W4,-32.0,249.0,115.0,-0.4899649152205838,1446.7298870843256,985.0345658394555,13830.96718738347,8725.640818705826,-4603.791168050966
strength_lateral_HX_-2,TW-P148,N555,interface_action,BR-N-upper-2; T-N top / segment 1; W4,-32.0,249.0,226.093,3141.0590887008098,508.2446183353335,-622.676093067966,19379.05536242725,-18360.46950706637,2291.092266912386
strength_lateral_HX_-2,TW-P149,N556,interface_action,T-N top / segment 1; W4,-32.0,250.411,226.093,3.737941298538568e-08,-0.5866854448521219,1.071692694306152e-08,8.099090460211786e-09,1.6096801801877364e-08,-2.686749445269771e-12
strength_lateral_HX_-2,TW-P150,N148,interface_action,T-N; W4,-32.0,252.0,115.0,-0.7997470177676398,849.3945376265825,-32.455311665120874,-1848.7646059432652,-409.75803679633566,94.98802262916881
strength_lateral_HX_-2,TW-P151,N327,interior_applied_load,,-32.0,252.0,117.5,2.847473640986399e-07,-4.470258485540732,-2.5266462475056667e-07,1.20830105904172e-07,4.892090833547693e-10,2.1780161582069164e-07
strength_lateral_HX_-2,TW-P152,N328,interior_applied_load,,-32.0,252.0,144.148,-1.2507380929690438e-13,-8.9405169685029,3.816749788439067e-13,-2.718695239362825e-12,1.2045689308345974e-13,-2.555783461206283e-12
strength_lateral_HX_-2,TW-P153,N329,interior_applied_load,,-32.0,252.0,170.797,5.21709365887332e-14,-8.940516968508955,6.418148685518229e-14,4.647682787949917e-12,-4.3510384644403707e-13,-2.1112698988576273e-12
strength_lateral_HX_-2,TW-P154,N330,interior_applied_load,,-32.0,252.0,197.445,-1.5562228481432275e-13,-8.940516968503278,-4.461691814982955e-14,-5.228111257904854e-12,-1.51744842409927e-13,-1.2439064221602597e-12
strength_lateral_HX_-2,TW-P155,N331,interior_applied_load,,-32.0,252.0,224.093,0.0,-4.470258481800556,1.9073486328125e-06,1.9073486328125e-06,-7.450580596923828e-09,0.0
strength_lateral_HX_-2,TW-P156,N557,interface_action,T-N top / segment 1; W4,-32.0,252.0,226.093,0.7986841201782227,-812.8683802783489,32.227718353271484,-1846.9987316131592,409.2139340788126,-6.564168930053711
strength_lateral_HX_-2,TW-P157,N27,interface_action,BR-N-ground-2; BR-W-1; T-N; W4,-32.0,253.0,115.0,23.535680386304943,58.81528208834192,21.784512979895485,282.40423047743917,59.390202984346665,-13.079767957278145
strength_lateral_HX_-2,TW-P158,N31,interface_action,T-N top / segment 1; W4,-32.0,253.0,226.093,-0.2515895962715149,38.573893673717976,-24.726794503629208,328.48536390438676,-78.89046275615692,-7.5535475974174915
lateral_HZ,TW-P001,N76,interface_action,SW0; T-SO,-32.0,-63.0,115.0,-18.06441925590091,-357.55436534294853,1295.4535763600688,1972.205225769343,-510.71892281512976,-336.2313399004412
lateral_HZ,TW-P002,N78,interface_action,SW0,-32.0,-63.0,117.0,-11.145915827459248,-504.21296427261495,-1273.9149938403589,-773.8718147936816,26.405908889079,51.692684922745684
lateral_HZ,TW-P003,N115,interior_applied_load,,-32.0,-61.0,115.0,1.9181457601870135e-10,-21.28445789880721,-2.381348847686016e-12,-6.643022419439919e-11,-2.624393887402745e-10,3.0435318737524185e-12
lateral_HZ,TW-P004,N504,interior_applied_load,,-32.0,-57.84,119.979,0.0,-111.89967377423272,0.0,-2.5011104298755527e-11,2.9103830456733704e-11,0.0
lateral_HZ,TW-P005,N505,interior_applied_load,,-32.0,-47.52,125.937,-2.7854706962784803e-12,-113.92463820015386,5.6477790396398894e-12,-1.0308725063989788e-11,2.258001709580298e-12,1.4974820596969805e-12
lateral_HZ,TW-P006,N332,interior_applied_load,,-32.0,-41.0,128.124,2.877698079828406e-13,-10.415915797638263,1.1368683772161603e-12,9.094947017729282e-13,-2.2168933355715126e-12,1.907363156306019e-12
lateral_HZ,TW-P007,N506,interior_applied_load,,-32.0,-39.78,130.406,-1.717948872512102e-11,-8.099857703688002,4.431956465183303e-11,7.790574681135813e-11,3.4163887268947556e-11,2.0562016418839897e-11
lateral_HZ,TW-P008,N507,interior_applied_load,,-32.0,-37.2,131.896,3.9599164597282324e-12,-109.87470934826031,-4.4677339418339205e-11,2.9591990543013037e-12,1.3782472828720566e-11,-3.6252023463469572e-12
lateral_HZ,TW-P009,N116,interior_applied_load,,-32.0,-34.273,115.0,6.466230543417356e-13,-22.384999914937076,4.0052649935234677e-13,-3.7633799603884046e-11,-2.8803007457196532e-11,2.6301936090240062e-14
lateral_HZ,TW-P010,N508,interior_applied_load,,-32.0,-26.88,137.854,-7.012049960139862e-13,-112.4643455001131,8.969999555357155e-12,-4.2569393724746074e-11,-1.2642841902078167e-11,3.1853584375847492e-12
lateral_HZ,TW-P011,N117,interior_applied_load,,-32.0,-21.0,115.0,-3.805633225217875e-09,-16.07650000008416,1.1396106280869844e-11,-1.5815126430673843e-09,-5.799413616017861e-13,3.8698529519765046e-09
lateral_HZ,TW-P012,N301,interior_applied_load,,-32.0,-21.0,117.5,-5.063704908036319e-10,-2.959579844951846,-2.261336948314386e-10,-4.815463650238005e-10,5.554456155056098e-12,4.657434209283938e-09
lateral_HZ,TW-P013,N302,interior_applied_load,,-32.0,-21.0,138.671,1.862645149230957e-09,-2.95957984495908,0.0,0.0,0.0,0.0
lateral_HZ,TW-P014,N333,interior_applied_load,,-32.0,-21.0,141.249,-1.862645149230957e-09,-13.307815602514893,1.4901161193847656e-08,0.0,-5.820766091346741e-11,3.725290298461914e-09
lateral_HZ,TW-P015,N509,interior_applied_load,,-32.0,-16.559,143.812,3.4943404508747323e-12,-111.33500219411985,2.5839749329468066e-11,6.643985120131245e-11,7.77582324249057e-12,-1.013416655117581e-12
lateral_HZ,TW-P016,N510,interior_applied_load,,-32.0,-6.239,149.771,8.185452315956354e-12,-112.7466813630308,-7.275957614183426e-12,5.820766091346741e-11,2.546585164964199e-11,-2.000888343900442e-11
lateral_HZ,TW-P017,N118,interior_applied_load,,-32.0,-5.545,115.0,-3.5772383360029595e-12,-11.752125140992867,3.5749282442991603e-12,-4.70182891385774e-11,-3.008102788742717e-11,-2.3491775556494166e-11
lateral_HZ,TW-P018,N5,interface_action,T-S; W1,-32.0,0.0,115.0,116.01389293647381,3158.7205469012424,12.980477403449186,-1133.142145013142,-313.30533542213357,-582.0634609174617
lateral_HZ,TW-P019,N303,interface_action,W1,-32.0,-0.0,117.5,-92.29617997267435,-663.1348256466798,-118.51235836641865,-1109.6761718453224,-491.5148751078075,625.1559360718995
lateral_HZ,TW-P020,N6,interface_action,W1,-32.0,0.0,130.311,2.0468532390059964e-12,-4.284703844525837,-5.127184639119361e-13,1.509221437123095e-12,5.789844564106926e-14,2.9827598878605696e-13
lateral_HZ,TW-P021,N304,interface_action,W1,-32.0,-0.0,134.148,-1.134547660939102e-12,-0.9286815991262939,2.970911420832693e-13,-7.491517558038196e-13,-1.2686812032408502e-15,-5.676565027655275e-13
lateral_HZ,TW-P022,N305,interface_action,W1,-32.0,-0.0,150.796,92.29617997093487,638.5683377633371,118.51235835958185,-2836.311312271859,491.5148751078939,2447.937672215843
lateral_HZ,TW-P023,N7,interface_action,BR-R-main-1; T-S top / segment 1; W1,-32.0,0.0,153.373,-106.55949912536016,152.02082163200248,0.3668896593444515,1860.2655635785195,-1451.3080766972998,-2536.033346387161
lateral_HZ,TW-P024,N511,interior_applied_load,,-32.0,4.081,155.729,-2.9103830456733704e-11,-104.97777305362979,-5.820766091346741e-11,1.1641532182693481e-10,-1.4551915228366852e-11,0.0
lateral_HZ,TW-P025,N512,interior_applied_load,,-32.0,6.661,157.219,-1.298790017351944e-11,-8.099857703628619,4.0421738072308894e-11,4.137779233334777e-11,5.406741023034363e-12,-1.2498129776444265e-11
lateral_HZ,TW-P026,N119,interior_applied_load,,-32.0,7.781,115.0,-2.345102020988038e-13,-12.973124930608346,1.9021791744801995e-11,9.823874947371796e-12,-5.088946555573844e-12,7.535002250887525e-12
lateral_HZ,TW-P027,N513,interior_applied_load,,-32.0,14.401,161.688,9.951659112393652e-13,-113.92463820015966,-3.6432166318543745e-11,1.4049565333092428e-10,1.8504652685391927e-11,-1.2020590882324323e-11
lateral_HZ,TW-P028,N334,interior_applied_load,,-32.0,17.438,134.661,2.842170943040401e-14,-11.44254734272181,-4.547473508864641e-13,1.1368683772161603e-12,6.821210263296962e-13,-7.958078640513122e-13
lateral_HZ,TW-P029,N120,interior_applied_load,,-32.0,23.182,115.0,-9.364717558183406e-08,-8.709163115349632,1.266694880936458e-10,-2.6820696228562052e-08,1.5848065284259722e-08,7.784196245446153e-13
lateral_HZ,TW-P030,N121,interior_applied_load,,-32.0,23.344,115.0,2.04048349716998e-07,-8.799785864763855,-8.014687417004607e-11,-1.7574623075847418e-07,-2.2529193417240355e-08,-7.821925031198235e-13
lateral_HZ,TW-P031,N514,interior_applied_load,,-32.0,24.721,167.646,-3.2011950780001995e-12,-111.89967377429417,-2.445250026986048e-11,1.203359581618122e-10,-4.480024686203012e-11,1.8521628018265477e-11
lateral_HZ,TW-P032,N515,interior_applied_load,,-32.0,29.881,170.625,2.9613926350430947e-12,-8.099857703674827,4.795923945339454e-11,6.734669791090738e-10,-8.854461153926956e-11,4.595152372729187e-11
lateral_HZ,TW-P033,N335,interior_applied_load,,-32.0,34.875,154.322,4.297465083648766e-15,-11.442547342717283,-3.0385755800431966e-12,4.7249722146184094e-12,3.7896940788960436e-13,-4.1455234320029403e-13
lateral_HZ,TW-P034,N516,interior_applied_load,,-32.0,35.041,173.604,9.996687123492889e-12,-111.89967377424206,4.497960647894112e-11,1.0660308118012147e-09,1.853462410023769e-11,-4.364975973344221e-12
lateral_HZ,TW-P035,N122,interior_applied_load,,-32.0,38.906,115.0,-2.112026535828433e-12,-15.985878939839278,9.336194499656416e-13,3.195213549882069e-11,8.469036875901898e-13,-3.508276413946708e-14
lateral_HZ,TW-P036,N517,interior_applied_load,,-32.0,45.361,179.562,-4.621035157240994e-12,-113.92463820016569,-7.374828756683759e-11,9.272712034652941e-11,-1.609738059774025e-11,-1.9446162295225894e-11
lateral_HZ,TW-P037,N123,interior_applied_load,,-32.0,51.909,115.0,4.8108917100949385e-11,-8.709164111060513,-8.154980050793696e-12,3.036438046193695e-10,-1.1602555077949675e-10,6.064954757773718e-14
lateral_HZ,TW-P038,N336,interior_applied_load,,-32.0,52.313,173.982,-1.1654780749305616e-13,-11.442547342714127,1.2101480769877737e-11,2.145630381208163e-12,-3.23437967531896e-12,9.50166399805554e-12
lateral_HZ,TW-P039,N518,interior_applied_load,,-32.0,53.102,184.031,1.9698901004429384e-11,-8.099857703465453,3.612393602331441e-10,-5.235112897100237e-10,8.526972169597693e-11,-6.551299729716175e-11
lateral_HZ,TW-P040,N124,interior_applied_load,,-32.0,54.469,115.0,5.283968931960352e-11,-9.984218800771295,-4.8432443468028306e-12,8.601379687402475e-10,3.3200797101952014e-11,2.579955538579464e-14
lateral_HZ,TW-P041,N519,interior_applied_load,,-32.0,55.682,185.521,-7.841561286779515e-11,-109.87470934775723,1.6471033345462304e-10,3.963174379015262e-11,3.023713142789283e-11,6.710461224349149e-11
lateral_HZ,TW-P042,N520,interior_applied_load,,-32.0,66.002,191.479,7.935092138275244e-11,-110.79163351453414,-2.1351671999316263e-11,3.338138832452958e-10,2.3818207258971847e-10,-3.393478163140567e-10
lateral_HZ,TW-P043,N125,interior_applied_load,,-32.0,69.75,115.0,5.375174616517597e-08,-8.709163204877449,-5.2577879827708784e-09,-7.826641423847036e-08,4.8864451122990694e-08,3.790872504794152e-09
lateral_HZ,TW-P044,N306,interior_applied_load,,-32.0,69.75,117.5,-3.347309029272129e-09,-3.4279664942662387,6.233648106544497e-09,-1.975765186384328e-09,-1.1168653417475874e-11,4.741038135686613e-09
lateral_HZ,TW-P045,N307,interior_applied_load,,-32.0,69.75,142.022,-2.5460372341890078e-14,-4.563254038210673,5.4828816662876704e-14,1.0242338140014154e-12,-1.6722346380379986e-14,-6.575594993215718e-13
lateral_HZ,TW-P046,N218,interface_action,T1 upper lower chord,-32.0,69.75,150.143,32.342246423633966,-70.33624960591331,-3.2774379035871886,3.9455637070085694,-27.897277513970877,26.879426093791533
lateral_HZ,TW-P047,N308,interior_applied_load,,-32.0,69.75,166.544,3.793102893721509e-14,-5.720645448260106,1.5433714936690282e-13,5.917917417034523e-12,-4.19073298806644e-15,3.9981251639056824e-14
lateral_HZ,TW-P048,N309,interior_applied_load,,-32.0,69.75,191.066,4.470348358154297e-08,-3.4279664903879166,5.960464477539063e-08,-1.1920928955078125e-07,0.0,-2.9802322387695312e-08
lateral_HZ,TW-P049,N337,interface_action,T1 top / segment 1,-32.0,69.75,193.643,3.8672119826078415,-187.75447971373796,2.7873294353485107,-321.30588805675507,241.89942894200794,858.8520311713219
lateral_HZ,TW-P050,N126,interior_applied_load,,-32.0,70.031,115.0,2.291832278165447e-08,-6.092281548432593,4.27364153452265e-12,1.057828891227431e-07,6.25945756880418e-08,7.970220996439505e-13
lateral_HZ,TW-P051,N521,interior_applied_load,,-32.0,76.322,197.438,1.6232081798188728e-11,-113.0077141794767,4.7766435689010086e-11,5.324747111071585e-10,2.8781850562822047e-10,1.4249705326681093e-10
lateral_HZ,TW-P052,N127,interior_applied_load,,-32.0,80.636,115.0,-1.0312235938254909e-11,-8.709164111765936,2.8227884860002802e-12,-3.1865380349005807e-10,-1.2895290016789037e-11,8.680788853289908e-14
lateral_HZ,TW-P053,N338,interior_applied_load,,-32.0,82.753,173.982,-3.7596606640979696e-13,-10.263542617955949,8.132512431546192e-12,-3.963077831230453e-12,4.974503916087022e-12,2.2424116389889814e-11
lateral_HZ,TW-P054,N128,interior_applied_load,,-32.0,85.594,115.0,1.9624592066578375e-11,-11.48344144198328,-3.1837999662526674e-12,1.1699832670328332e-10,-3.745772116994645e-11,2.4573871521820615e-14
lateral_HZ,TW-P055,N522,interior_applied_load,,-32.0,86.642,203.396,3.679455765587916e-12,-115.94960262603834,-9.614261494678329e-11,4.067045489546552e-10,-1.7652568676972017e-11,3.0109426300914844e-11
lateral_HZ,TW-P056,N339,interior_applied_load,,-32.0,95.756,154.322,-1.0943162021873185e-14,-10.263542617965147,-1.4059437351261057e-11,4.123289249868261e-12,-1.1068510141085253e-12,-1.5991874579637493e-12
lateral_HZ,TW-P057,N523,interior_applied_load,,-32.0,96.962,209.354,9.068583030299889e-11,-109.87470934900522,5.2477376607679287e-11,-1.4541786768538598e-09,-9.208028134315025e-11,8.584721774496057e-11
lateral_HZ,TW-P058,N524,interior_applied_load,,-32.0,99.542,210.844,1.7115047762126407e-11,-8.099857703430827,3.777747519643363e-10,1.2694870524453908e-09,-4.878847175120972e-11,4.638232510655035e-11
lateral_HZ,TW-P059,N129,interior_applied_load,,-32.0,101.156,115.0,8.457454577979156e-12,-13.302222669549733,7.576155572155102e-13,-7.245265798726865e-10,2.2379296415497525e-11,-1.5416485395841743e-13
lateral_HZ,TW-P060,N525,interior_applied_load,,-32.0,107.282,215.313,-1.2887947494007128e-11,-113.92463819996433,-1.1067778675867675e-10,1.7114313427436565e-09,-1.9517835795572259e-10,-6.438786500396465e-11
lateral_HZ,TW-P061,N340,interior_applied_load,,-32.0,108.759,134.661,4.547473508864641e-13,-10.26354261796223,7.275957614183426e-12,-2.546585164964199e-11,1.7962520360015333e-11,-9.094947017729282e-13
lateral_HZ,TW-P062,N130,interior_applied_load,,-32.0,109.364,115.0,1.3064302107404102e-11,-8.709164111730628,-1.5151799883538742e-12,-8.657632123348996e-10,1.218808165670021e-10,1.6062139017860365e-13
lateral_HZ,TW-P063,N131,interior_applied_load,,-32.0,116.719,115.0,1.9180102822247643e-11,-6.9386856446694205,2.591099840646628e-12,-1.9344806700784678e-11,7.146087067381814e-11,-1.9240482106097342e-13
lateral_HZ,TW-P064,N526,interior_applied_load,,-32.0,117.602,221.271,-2.262284590063733e-12,-109.73153917938131,-1.2452721449165967e-09,-2.564673949384718e-09,-8.068374210003709e-10,-1.9436324898977775e-10
lateral_HZ,TW-P065,N527,interface_action,BR-R-main-2,-32.0,120.0,222.655,-20.1724172271757,-70.50304911685058,23.28431523735325,-1272.0408789151004,-638.7412714430169,-2212.7260097640014
lateral_HZ,TW-P066,N132,interior_applied_load,,-32.0,121.762,115.0,-2.184492586820852e-09,-8.51397645441466,-2.1827872842550278e-11,8.429196896031499e-09,-8.301412890432402e-10,6.45741238258779e-11
lateral_HZ,TW-P067,N133,interior_applied_load,,-32.0,122.762,115.0,-1.1299317037583023e-08,-5.886583829578882,1.91882243427699e-09,-1.0508174774770396e-08,-3.8175258587995084e-10,-2.0702142222717157e-09
lateral_HZ,TW-P068,N310,interior_applied_load,,-32.0,122.762,117.5,1.5802875780126873e-09,-3.640617077110325,8.448011948690318e-10,-1.1865378114958354e-08,8.243448244840353e-12,4.3943186665564845e-08
lateral_HZ,TW-P069,N311,interior_applied_load,,-32.0,122.762,143.543,-1.6559856301263066e-14,-7.281234163480504,5.926814384656885e-15,-1.67181988092706e-13,3.471963030287396e-15,-1.816195126521308e-13
lateral_HZ,TW-P070,N312,interior_applied_load,,-32.0,122.762,169.586,1.5789954684851e-14,-7.281234163476933,-4.361038361239569e-14,2.0256927922850064e-14,1.6106212184178436e-14,-1.538524884504582e-13
lateral_HZ,TW-P071,N313,interior_applied_load,,-32.0,122.762,195.629,-8.458869900471316e-14,-7.281234163484329,5.942257050504456e-14,3.00189105676716e-13,8.529486092841558e-15,2.3648221876838563e-12
lateral_HZ,TW-P072,N314,interior_applied_load,,-32.0,122.762,221.673,5.960464477539063e-08,-3.6406170800328255,0.0,0.0,0.0,5.960464477539063e-08
lateral_HZ,TW-P073,N528,interior_applied_load,,-32.0,122.762,224.25,-1.1920928955078125e-07,-2.1681345999240875,1.1920928955078125e-07,1.1920928955078125e-07,0.0,-5.960464477539063e-08
lateral_HZ,TW-P074,N529,interior_applied_load,,-32.0,122.762,226.093,1.3202843965277883e-10,-2.798841602367414,3.729039912969896e-12,1.6697428177280411e-09,1.203522876524618e-10,2.8325760320401356e-12
lateral_HZ,TW-P075,N530,interior_applied_load,,-32.0,126.88,226.093,-1.179185019208786e-10,-60.33695413238843,-4.357196365634305e-12,5.584056890904307e-10,9.302339996375963e-11,-1.7111091351648666e-12
lateral_HZ,TW-P076,N134,interior_applied_load,,-32.0,132.281,115.0,-1.3688678832827102e-11,-8.578189348711952,3.4188791706429033e-12,1.75953230094194e-10,4.054793512977182e-12,-3.433542942725019e-14
lateral_HZ,TW-P077,N531,interior_applied_load,,-32.0,135.116,226.093,1.2038385688868207e-11,-63.135795823342285,1.9763486320693995e-11,5.45732298500441e-10,-2.405122989685222e-10,9.514965466808628e-13
lateral_HZ,TW-P078,N135,interior_applied_load,,-32.0,138.091,115.0,2.5746084627669984e-12,-8.70916411183797,2.287873397098877e-13,8.223182237911069e-11,-1.558322202420951e-11,1.615668541296521e-13
lateral_HZ,TW-P079,N532,interior_applied_load,,-32.0,143.351,226.093,1.0125224064685365e-10,-61.24861407570079,1.1536944574074757e-12,-1.0619722545199505e-09,-1.8131449579500293e-10,3.7547829529713587e-13
lateral_HZ,TW-P080,N136,interior_applied_load,,-32.0,147.844,115.0,5.643194847832623e-12,-14.167097712164358,2.0959949274123723e-12,3.282437108064372e-10,-2.9667939348937836e-11,1.6060240030727267e-13
lateral_HZ,TW-P081,N533,interior_applied_load,,-32.0,148.81,226.093,9.052625520774624e-09,-4.519382119257224,-8.414894710792872e-11,4.640033384198403e-09,-1.1637349169592035e-09,-6.3633650137680094e-12
lateral_HZ,TW-P082,N534,interface_action,BR-R-cap-1,-32.0,150.0,226.093,4.878487417408776,-103.18172422567896,1.394360285527121,1903.069886290399,1.8211644153413478,-2575.7329920017078
lateral_HZ,TW-P083,N535,interior_applied_load,,-32.0,151.586,226.093,-6.227115455475731e-10,-58.61641362863333,8.070004761929152e-11,2.298055634570299e-09,2.904492489780941e-09,-5.320222016809008e-12
lateral_HZ,TW-P084,N536,interior_applied_load,,-32.0,159.822,226.093,4.5910452777429475e-11,-63.135795734698036,-1.3366672593417219e-11,-1.1997864283564726e-10,8.16707205575942e-11,1.484299815976895e-13
lateral_HZ,TW-P085,N137,interior_applied_load,,-32.0,163.406,115.0,-3.0551687166968745e-11,-10.618566399619473,-2.25982848784777e-12,-3.4105919103650825e-10,-1.59332923762443e-11,5.883300221592364e-14
lateral_HZ,TW-P086,N138,interior_applied_load,,-32.0,166.818,115.0,6.867211532491447e-11,-8.709163934849265,-3.790043033950956e-12,-7.909743757899668e-11,1.1806846709482582e-11,8.196233228569952e-14
lateral_HZ,TW-P087,N537,interior_applied_load,,-32.0,168.057,226.093,1.026754431321752e-11,-62.16027401858256,3.79275862650592e-11,-1.873577699161669e-10,1.7394876551386345e-10,-3.2661948815801578e-12
lateral_HZ,TW-P088,N538,interior_applied_load,,-32.0,174.857,226.093,2.285278263575285e-09,-5.597683291336916,-1.7450202068228987e-10,-2.8260653226207933e-09,6.084904496710955e-10,7.124163000275241e-12
lateral_HZ,TW-P089,N539,interior_applied_load,,-32.0,176.293,226.093,-5.9329106804992664e-09,-58.51363424702899,1.7643353166457004e-10,-1.2396831018944667e-09,1.6620707906344343e-09,1.7482483437314886e-13
lateral_HZ,TW-P090,N139,interior_applied_load,,-32.0,178.969,115.0,3.172736263814824e-12,-10.175000073894667,1.2488081962214123e-13,5.32263044613796e-10,-5.371946285202344e-11,-5.3058472427358744e-14
lateral_HZ,TW-P091,N540,interior_applied_load,,-32.0,184.528,226.093,-1.7881393432617188e-07,-57.85887008905411,0.0,-3.725290298461914e-09,-2.9802322387695312e-08,2.9103830456733704e-11
lateral_HZ,TW-P092,N15,interface_action,BR-W-2; W3,-32.0,185.0,115.0,2.6507924152574605,1787.7806767200173,-267.4372314749148,3794.679487377572,-61.31362766459566,66.22267325718894
lateral_HZ,TW-P093,N315,interface_action,W3,-32.0,185.0,117.5,-20.38668182498349,-999.0197073970886,29.262238698118576,2185.244276829146,-452.8757777552897,-169.10196777731258
lateral_HZ,TW-P094,N16,interface_action,W3,-32.0,185.0,143.183,2.2424146628513575e-10,-6.344473756035409,1.4686922381012824e-10,2.3732509822280115e-10,-1.4966161579709407e-14,-6.685068698540738e-11
lateral_HZ,TW-P095,N316,interface_action,W3,-32.0,185.0,144.148,-2.4252713772877226e-10,-1.4865467643601737,-6.207308818978699e-10,3.2562833084145883e-10,-1.6614299112843e-14,-1.7085450603504277e-10
lateral_HZ,TW-P096,N317,interface_action,W3,-32.0,185.0,170.797,5.192426607301774e-11,-1.4865467643650925,-3.554160715876387e-10,-1.9104664946366552e-10,2.0387361197402752e-14,5.005585189211104e-11
lateral_HZ,TW-P097,N17,interface_action,W3,-32.0,185.0,171.82,-1.3058735097529337e-10,-6.395091802974381,1.43887442197571e-10,-7.323327214023196e-11,-9.774491108785646e-14,-3.0990797893452044e-11
lateral_HZ,TW-P098,N318,interface_action,W3,-32.0,185.0,197.445,3.4571557203827284e-12,-1.009780433616804,-8.90825499640757e-12,-1.2241062263553734e-11,-2.5921867758758153e-15,-3.695808025750738e-12
lateral_HZ,TW-P099,N18,interface_action,W3,-32.0,185.0,200.457,-1.9330144756462973e-12,-6.060114361880626,9.306072706192629e-12,5.090432634151327e-12,5.443091085262563e-14,9.509926137935769e-13
lateral_HZ,TW-P100,N319,interface_action,W3,-32.0,185.0,207.0,7.9266510009765625,-248.23989474773407,466.83123786374927,2109.0032979846,159.23065781593323,232.78604842256755
lateral_HZ,TW-P101,N320,interface_action,W3,-32.0,185.0,224.093,12.525202383087212,1139.9816583631684,-492.2552510578865,6756.1817480909685,295.7826593893179,1976.9311663003234
lateral_HZ,TW-P102,N19,interface_action,W3,-32.0,185.0,226.093,0.10383450984954834,29.035183146595955,-4.080810230690986,64.17056300491095,4.024664640426636,16.59648521395866
lateral_HZ,TW-P103,N341,interior_applied_load,,-32.0,186.0,207.0,0.0,-0.3148750066757202,-3.725290298461914e-09,5.960464477539063e-08,-2.384185791015625e-07,-9.313225746154785e-10
lateral_HZ,TW-P104,N342,interior_applied_load,,-32.0,187.0,207.0,4.169625194003355e-08,-5.946263729361626,3.1935772509735635e-08,1.0260069209235335e-07,-3.5847146748723255e-10,-5.8758450790325826e-08
lateral_HZ,TW-P105,N347,interior_applied_load,,-32.0,187.0,209.5,-8.37042221491009e-08,-2.0400282810889685,1.5046414222194514e-08,1.3283148595633012e-09,4.2554485134880344e-11,-3.14316942729386e-08
lateral_HZ,TW-P106,N348,interior_applied_load,,-32.0,187.0,224.093,-1.6969390004284435e-08,-2.040028280930843,-1.9961431889370385e-08,5.172973853440066e-08,-3.441481624437469e-10,1.3859367853363835e-07
lateral_HZ,TW-P107,N541,interior_applied_load,,-32.0,187.0,226.093,8.940696716308594e-08,-5.276925649261102,4.668254405260086e-08,6.984919309616089e-08,0.0,1.1279917089268565e-07
lateral_HZ,TW-P108,N542,interior_applied_load,,-32.0,192.764,226.093,4.746644747217657e-07,-55.93794665845391,1.4349781787991287e-09,1.2572640067409318e-08,8.663429301555703e-08,-9.258402857414139e-12
lateral_HZ,TW-P109,N343,interior_applied_load,,-32.0,192.881,207.0,1.5518771157019273e-08,-9.131374993430383,2.7034510768908504e-08,2.4197378586943152e-08,-9.119401926530572e-11,1.6249131373768932e-08
lateral_HZ,TW-P110,N349,interior_applied_load,,-32.0,192.881,209.5,1.9874726196984505e-09,-2.0400282810293193,-1.595288306287028e-08,1.7042287265110986e-08,-2.2913124053345587e-10,6.422344856667192e-09
lateral_HZ,TW-P111,N350,interior_applied_load,,-32.0,192.881,224.093,5.4785442793470196e-08,-2.040028280756558,-2.2175285184500293e-09,3.267014205693419e-08,1.6253332102019738e-10,3.177336027615496e-08
lateral_HZ,TW-P112,N543,interior_applied_load,,-32.0,192.881,226.093,1.3703291373113538e-06,-5.5338222244757205,-3.9091078756293776e-08,4.479593470885207e-08,-7.872447297245334e-08,-6.227806207269264e-08
lateral_HZ,TW-P113,N140,interior_applied_load,,-32.0,194.531,115.0,-2.2807436627604542e-09,-5.901499925928273,4.7311143353918495e-12,-6.993202111414282e-14,-7.949821871286895e-10,5.394681681737704e-13
lateral_HZ,TW-P114,N141,interior_applied_load,,-32.0,195.545,115.0,5.348832555607237e-10,-8.709164111954502,4.527476264407032e-12,5.35503065817002e-11,-3.571071064795462e-10,6.737781865312214e-13
lateral_HZ,TW-P115,N544,interior_applied_load,,-32.0,200.905,226.093,4.090806608986779e-06,-5.517676184168526,-9.332161971565735e-10,1.1813328529497968e-07,1.239630982887799e-07,-1.2896022323577906e-10
lateral_HZ,TW-P116,N545,interior_applied_load,,-32.0,200.999,226.093,2.4197155340887823e-06,-57.60197246900398,6.868655009944493e-11,3.926614179750991e-08,8.748414637917628e-08,1.1365772563451132e-10
lateral_HZ,TW-P117,N355,interior_applied_load,,-32.0,201.5,216.547,5.541015517310377e-13,-7.5590762905446125,5.068564501122087e-12,1.4325830102236101e-12,-1.182694578812979e-12,-8.481409446115814e-13
lateral_HZ,TW-P118,N546,interior_applied_load,,-32.0,209.234,226.093,8.035908360442201e-11,-62.13677862948166,8.172068728904802e-11,3.63439415912961e-11,8.493236887243453e-11,-8.803272692549903e-11
lateral_HZ,TW-P119,N142,interior_applied_load,,-32.0,210.094,115.0,-9.182346856117759e-14,-16.076500000000088,1.1419911146801806e-12,1.2949305002415916e-12,1.6059397498792863e-12,1.0523687775127115e-14
lateral_HZ,TW-P120,N344,interior_applied_load,,-32.0,216.0,207.0,-2.152848344039171e-09,-16.41089941082605,4.751513169032329e-09,-3.921108753662805e-08,-2.657622588838001e-10,-2.552131728172924e-09
lateral_HZ,TW-P121,N351,interior_applied_load,,-32.0,216.0,209.5,4.497417883714544e-11,-2.040028280988908,1.3295906907654874e-08,1.1433672199600955e-08,-4.9595032469887634e-11,-1.5818576271114218e-09
lateral_HZ,TW-P122,N352,interior_applied_load,,-32.0,216.0,224.093,5.959073456907049e-09,-2.040028280534473,-1.7088311052206734e-08,-4.540488389524061e-08,1.1347790026222872e-10,-1.4527704816913456e-08
lateral_HZ,TW-P123,N356,interior_applied_load,,-32.0,216.0,226.093,-1.5325369602053463e-07,-13.156759494451732,-6.077518837542162e-08,3.6513928233687684e-08,-2.9322309893355626e-10,1.594946908122962e-08
lateral_HZ,TW-P124,N547,interior_applied_load,,-32.0,217.47,226.093,2.809683905921184e-10,-58.53712963646048,5.198808553413741e-11,9.915219107294286e-11,-5.484132596971631e-10,-2.6455519423549864e-12
lateral_HZ,TW-P125,N143,interior_applied_load,,-32.0,224.273,115.0,-1.9691812084614792e-10,-8.709164111725846,7.116704966632292e-13,-3.072402995021351e-11,-7.161322050747402e-11,-3.6400797052073875e-13
lateral_HZ,TW-P126,N144,interior_applied_load,,-32.0,225.656,115.0,4.605512908832909e-10,-9.483417917354744,8.03771633038149e-13,9.761565917817107e-12,-1.0359312528175151e-10,1.1179030135832862e-13
lateral_HZ,TW-P127,N548,interior_applied_load,,-32.0,225.705,226.093,-1.2410354786150044e-09,-58.385910701388575,-9.94926355855126e-11,3.077505726166311e-10,-1.096619854726646e-09,-1.3679495367612978e-11
lateral_HZ,TW-P128,N549,interior_applied_load,,-32.0,226.952,226.093,1.1590309563694268e-09,-5.59768320304274,8.569468327679454e-11,6.336627869269001e-10,-9.72941377294322e-10,1.063751222788155e-11
lateral_HZ,TW-P129,N357,interior_applied_load,,-32.0,230.5,216.547,-1.3666113162427826e-12,-7.559076290543703,6.228387818644136e-12,2.132451121099659e-12,-5.387887900331498e-14,2.248465633864905e-12
lateral_HZ,TW-P130,N550,interior_applied_load,,-32.0,233.941,226.093,3.709119922153219e-10,-57.410388987572325,1.183543072606086e-10,1.1087890210155444e-09,6.471277448268725e-10,1.3054783131123544e-11
lateral_HZ,TW-P131,N551,interface_action,BR-R-cap-2,-32.0,235.0,226.093,-56.94477920275582,-127.81190727457694,20.44283705217355,-1878.3836646941122,-153.5663440033805,-4401.049061617685
lateral_HZ,TW-P132,N145,interior_applied_load,,-32.0,241.219,115.0,-1.1487434252922837e-12,-11.944495977346502,-9.766608304510145e-13,-5.781548720861368e-12,-8.67501412907938e-12,9.580851491725452e-15
lateral_HZ,TW-P133,N552,interior_applied_load,,-32.0,242.176,226.093,2.032041476166978e-12,-58.737512514910414,2.5027782701680552e-11,1.8156813120299643e-11,-2.2206799423962728e-11,-7.589168092833526e-13
lateral_HZ,TW-P134,N345,interior_applied_load,,-32.0,245.0,207.0,-1.9335884208762236e-08,-13.225788144946657,-4.576895904439398e-08,3.523264317402083e-08,-9.074306643580169e-10,1.6588226805410898e-08
lateral_HZ,TW-P135,N353,interior_applied_load,,-32.0,245.0,209.5,3.9343039848478445e-09,-2.040028280991568,-1.3850934962545138e-08,1.818413270176113e-08,4.297408616279724e-11,1.5506345404008032e-08
lateral_HZ,TW-P136,N354,interior_applied_load,,-32.0,245.0,224.093,-2.7316068573757235e-09,-2.0400282810416557,-3.2866705645256955e-08,3.986659368598877e-08,-4.128898035046885e-11,1.8210712382504823e-09
lateral_HZ,TW-P137,N553,interior_applied_load,,-32.0,245.0,226.093,-3.6322609130515215e-09,-3.278891439015504,-4.036432346024621e-08,8.473550978486546e-08,-1.0925088862885563e-10,-2.132133972192675e-09
lateral_HZ,TW-P138,N346,interior_applied_load,,-32.0,246.0,207.0,-4.76837158203125e-07,-0.3148750066757202,0.0,0.0,-2.384185791015625e-07,0.0
lateral_HZ,TW-P139,N146,interior_applied_load,,-32.0,247.0,115.0,1.6329052554553414e-08,-4.3545820572552145,-4.600031910939606e-09,1.6966177573962682e-08,1.3418293257408861e-09,-5.157731686189493e-09
lateral_HZ,TW-P140,N321,interior_applied_load,,-32.0,247.0,117.5,-1.1916986424109215e-08,-3.7252154035811476,-4.505532651186711e-09,-8.816269327707468e-09,8.419376515669478e-13,-2.1736151077465595e-08
lateral_HZ,TW-P141,N322,interior_applied_load,,-32.0,247.0,144.148,3.57225687464251e-15,-7.450430807086076,-5.171607591369568e-16,1.9765581893692666e-13,2.244165086883398e-15,-1.3707388688542638e-13
lateral_HZ,TW-P142,N323,interior_applied_load,,-32.0,247.0,170.797,-5.727098580678151e-15,-7.450430807086283,-3.5074680389103714e-15,3.741211793584859e-14,3.1678689733507318e-15,-1.0636240977321604e-13
lateral_HZ,TW-P143,N324,interior_applied_load,,-32.0,247.0,197.445,1.439385270814148e-12,-5.0609233637319795,3.722564094529241e-13,1.6702504638652547e-12,-1.9097484842980607e-15,-2.6334133927533495e-12
lateral_HZ,TW-P144,N325,interior_applied_load,,-32.0,247.0,207.0,4.76837158203125e-07,-3.725215435028076,-3.725290298461914e-09,-2.9802322387695312e-08,0.0,-4.656612873077393e-10
lateral_HZ,TW-P145,N326,interior_applied_load,,-32.0,247.0,224.093,-2.9802322387695312e-08,-2.389507443178445,0.0,0.0,-2.3283064365386963e-10,3.3527612686157227e-08
lateral_HZ,TW-P146,N554,interior_applied_load,,-32.0,247.0,226.093,5.960464477539063e-08,-2.7188333990052342,5.960464477539063e-08,-1.1920928955078125e-07,-2.3283064365386963e-10,6.705522537231445e-08
lateral_HZ,TW-P147,N147,interface_action,BR-N-upper-1; T-N; W4,-32.0,249.0,115.0,27.95165073671796,5.646516142172544,174.01993993068584,-2113.9947249405136,-857.3992134118284,-233.9936460928462
lateral_HZ,TW-P148,N555,interface_action,BR-N-upper-2; T-N top / segment 1; W4,-32.0,249.0,226.093,25.18448267111756,36.03566749137388,7.928536029897779,404.7643328943013,733.7903973332021,4031.0955973610844
lateral_HZ,TW-P149,N556,interface_action,T-N top / segment 1; W4,-32.0,250.411,226.093,2.756251169239816e-10,-0.4889045381341619,-7.429659586441847e-11,-1.95267887320109e-10,2.0103556989395733e-10,5.385833227432872e-12
lateral_HZ,TW-P150,N148,interface_action,T-N; W4,-32.0,252.0,115.0,1.875188503899378,62.25782282147959,0.450427631184696,27.738128366793394,16.77080068662376,-73.23138843394467
lateral_HZ,TW-P151,N327,interior_applied_load,,-32.0,252.0,117.5,-6.420965493180405e-10,-3.7252154036113585,1.0122395281287449e-08,-7.180086231130678e-09,1.2124733366857054e-12,-3.7648713232342945e-09
lateral_HZ,TW-P152,N328,interior_applied_load,,-32.0,252.0,144.148,-1.2050110935886985e-14,-7.450430807086089,8.815308666411549e-15,1.5996528196713285e-13,-1.201350324123086e-15,2.117499172625543e-13
lateral_HZ,TW-P153,N329,interior_applied_load,,-32.0,252.0,170.797,4.799004119671352e-15,-7.4504308070859935,-4.946361509922367e-15,1.7240093823700045e-14,4.477017070241242e-16,3.4538783874232867e-13
lateral_HZ,TW-P154,N330,interior_applied_load,,-32.0,252.0,197.445,-6.9443006016339245e-15,-7.450430807085971,-1.3870292103024953e-14,1.612523166789682e-13,3.1671523368534947e-15,5.62090007661722e-15
lateral_HZ,TW-P155,N331,interior_applied_load,,-32.0,252.0,224.093,0.0,-3.7252154033631086,-5.960464477539063e-08,0.0,0.0,0.0
lateral_HZ,TW-P156,N557,interface_action,T-N top / segment 1; W4,-32.0,252.0,226.093,-1.8726985156536102,-32.676588342990726,-0.4472690224647522,23.555897772312164,-16.748531355988234,-133.73038959503174
lateral_HZ,TW-P157,N27,interface_action,BR-N-ground-2; BR-W-1; T-N; W4,-32.0,253.0,115.0,-0.49950539307014113,3.4466228136558645,5.8679247778734895,-4.289179593018872,-3.3609474605809915,8.932928693568375
lateral_HZ,TW-P158,N31,interface_action,T-N top / segment 1; W4,-32.0,253.0,226.093,0.32627194467931986,0.4125924468971789,0.34290322894230485,5.169766914565116,3.2288133283145726,39.73098482774367
strength_lateral_HZ_1,TW-P001,N76,interface_action,SW0; T-SO,-32.0,-63.0,115.0,-20.282787438927055,-428.1357538492406,1551.7681763099279,2359.636803295604,-564.3716497620849,-404.41754965007465
strength_lateral_HZ_1,TW-P002,N78,interface_action,SW0,-32.0,-63.0,117.0,-11.974227442020492,-603.6225398564711,-1526.4728136303056,-933.3120245407808,70.12181411401252,38.00129599680076
strength_lateral_HZ_1,TW-P003,N115,interior_applied_load,,-32.0,-61.0,115.0,1.1005200087667561e-10,-25.541349478549805,1.8135087886684043e-13,4.234751130976907e-11,-3.550476817462057e-10,-9.397199287487534e-13
strength_lateral_HZ_1,TW-P004,N504,interior_applied_load,,-32.0,-57.84,119.979,-7.275957614183426e-12,-134.27960852907472,-3.637978807091713e-12,2.3646862246096134e-11,-1.4551915228366852e-11,-7.275957614183426e-12
strength_lateral_HZ_1,TW-P005,N505,interior_applied_load,,-32.0,-47.52,125.937,-3.417552889076032e-12,-136.7095658401851,-1.70194721149381e-12,2.3220996473793114e-11,-1.0760966205577258e-12,4.205668139179895e-12
strength_lateral_HZ_1,TW-P006,N332,interior_applied_load,,-32.0,-41.0,128.124,3.375077994860476e-13,-12.49909895716496,2.0463630789890885e-12,9.094947017729282e-13,-2.2168933355715126e-12,1.4779288903810084e-12
strength_lateral_HZ_1,TW-P007,N506,interior_applied_load,,-32.0,-39.78,130.406,-3.265589303998722e-11,-9.719829244343218,1.3003789986190393e-11,-8.215497163187448e-12,-1.5240755228172447e-11,5.3920993653858736e-11
strength_lateral_HZ_1,TW-P008,N507,interior_applied_load,,-32.0,-37.2,131.896,3.7706990064430305e-11,-131.8496512179754,3.998282285456214e-12,2.1477952496435585e-11,-2.331884682823297e-11,4.1078252872135624e-12
strength_lateral_HZ_1,TW-P009,N116,interior_applied_load,,-32.0,-34.273,115.0,6.699620853592517e-13,-26.86199989792449,8.343704082987683e-13,-1.1584891504333073e-11,-1.246674526604048e-11,6.569978742734123e-14
strength_lateral_HZ_1,TW-P010,N508,interior_applied_load,,-32.0,-26.88,137.854,5.286971194347673e-12,-134.9572146001233,2.2596491182499245e-11,1.1465083669857383e-10,-1.2269481325918898e-11,1.2102285158112469e-11
strength_lateral_HZ_1,TW-P011,N117,interior_applied_load,,-32.0,-21.0,115.0,-4.467300029897814e-09,-19.291800000195718,9.159016323145863e-10,2.237845436736663e-09,-2.0731469349690892e-14,-6.172552330374614e-09
strength_lateral_HZ_1,TW-P012,N301,interior_applied_load,,-32.0,-21.0,117.5,4.147582744726581e-09,-3.551495813785908,3.3073120101096693e-10,1.3308893621905974e-09,2.434098817709293e-12,1.2006467271174413e-08
strength_lateral_HZ_1,TW-P013,N302,interior_applied_load,,-32.0,-21.0,138.671,-1.862645149230957e-09,-3.551495814230293,0.0,0.0,5.820766091346741e-11,1.862645149230957e-09
strength_lateral_HZ_1,TW-P014,N333,interior_applied_load,,-32.0,-21.0,141.249,0.0,-15.969378723297268,-1.4901161193847656e-08,-2.9802322387695312e-08,-5.820766091346741e-11,0.0
strength_lateral_HZ_1,TW-P015,N509,interior_applied_load,,-32.0,-16.559,143.812,-2.9078989435390723e-12,-133.60200263294416,-1.2717961549070128e-11,3.364439645878888e-11,1.2628003534652567e-11,-4.943871179536622e-12
strength_lateral_HZ_1,TW-P016,N510,interior_applied_load,,-32.0,-6.239,149.771,1.8189894035458565e-12,-135.29601763564278,-7.275957614183426e-12,-5.820766091346741e-11,-1.0913936421275139e-11,-4.547473508864641e-12
strength_lateral_HZ_1,TW-P017,N118,interior_applied_load,,-32.0,-5.545,115.0,2.6212384255719047e-11,-14.10255016922993,5.108559929909873e-12,8.785800183227418e-11,1.1729127799914285e-10,-2.145753580986538e-11
strength_lateral_HZ_1,TW-P018,N5,interface_action,T-S; W1,-32.0,0.0,115.0,139.98419407175493,3791.2782741432256,15.316540329114105,-1370.2389936044578,-337.8072930367106,-732.2323146596511
strength_lateral_HZ_1,TW-P019,N303,interface_action,W1,-32.0,-0.0,117.5,-112.31752891952108,-796.4127392411256,-142.21060264311967,-1330.6756535405914,-572.7019642733851,788.2920328839773
strength_lateral_HZ_1,TW-P020,N6,interface_action,W1,-32.0,0.0,130.311,1.5143965882221185e-12,-5.141644613431187,-6.466017179311951e-13,1.0400592232240574e-12,9.283053703891001e-14,-1.5573724007645308e-12
strength_lateral_HZ_1,TW-P021,N304,interface_action,W1,-32.0,-0.0,134.148,-1.5890450604478802e-12,-1.1144179189542283,4.178763501182937e-13,-1.1001300204013836e-13,-4.0201857019914183e-14,2.275357013351658e-13
strength_lateral_HZ_1,TW-P022,N305,interface_action,W1,-32.0,-0.0,150.796,112.31752891173713,766.9329537809057,142.2106026526094,-3404.368572041681,572.7019642737744,2951.432409913176
strength_lateral_HZ_1,TW-P023,N7,interface_action,BR-R-main-1; T-S top / segment 1; W1,-32.0,0.0,153.373,-131.3243423697022,179.27766266147955,-3.4736468614428304,2232.0960916405893,-1692.926846152397,-3052.6543740066318
strength_lateral_HZ_1,TW-P024,N511,interior_applied_load,,-32.0,4.081,155.729,-2.546585164964199e-11,-125.97332766433829,-8.731149137020111e-11,-1.1641532182693481e-10,7.275957614183426e-12,-7.275957614183426e-12
strength_lateral_HZ_1,TW-P025,N512,interior_applied_load,,-32.0,6.661,157.219,-6.533433400182778e-12,-9.719829244365226,3.0483397359187966e-11,2.329459595674693e-10,2.5897987867197068e-12,-1.4250263429886185e-11
strength_lateral_HZ_1,TW-P026,N119,interior_applied_load,,-32.0,7.781,115.0,-2.8014165716121938e-12,-15.567749916731186,1.9840136660263385e-11,-4.088863438701298e-13,4.011409627835523e-12,6.085677831537278e-12
strength_lateral_HZ_1,TW-P027,N513,interior_applied_load,,-32.0,14.401,161.688,-6.333926358254121e-13,-136.7095658402031,-6.714562137777673e-11,1.3024396536147993e-10,1.4537975730354252e-11,-5.406048473457192e-12
strength_lateral_HZ_1,TW-P028,N334,interior_applied_load,,-32.0,17.438,134.661,-2.842170943040401e-14,-13.73105681126799,-3.637978807091713e-12,4.547473508864641e-13,1.1368683772161603e-13,-2.2737367544323206e-13
strength_lateral_HZ_1,TW-P029,N120,interior_applied_load,,-32.0,23.182,115.0,-2.1704237777557935e-07,-10.450997430078269,2.5052020867478302e-11,-7.084220010268973e-08,1.2287489817680643e-08,-1.3541594604413935e-12
strength_lateral_HZ_1,TW-P030,N121,interior_applied_load,,-32.0,23.344,115.0,-8.92497265614268e-09,-10.559742011372347,7.453110307763895e-11,-9.091312264568357e-08,-1.1897815466701893e-08,2.7455719282521416e-12
strength_lateral_HZ_1,TW-P031,N514,interior_applied_load,,-32.0,24.721,167.646,3.460428882724272e-12,-134.27960852918446,-5.380403444896275e-11,3.8778849799180306e-10,-6.569137614358595e-12,-5.343023772840613e-12
strength_lateral_HZ_1,TW-P032,N515,interior_applied_load,,-32.0,29.881,170.625,2.705019644987109e-12,-9.719829244453978,-8.883605810078791e-11,4.597325383347541e-10,-2.9278877926019906e-11,7.96665747991561e-12
strength_lateral_HZ_1,TW-P033,N335,interior_applied_load,,-32.0,34.875,154.322,5.584010213071498e-14,-13.73105681126841,-3.212139222714971e-12,2.5131413217667896e-12,4.3369310131532094e-13,-3.586164094645721e-13
strength_lateral_HZ_1,TW-P034,N516,interior_applied_load,,-32.0,35.041,173.604,3.460209323898738e-12,-134.27960852908868,5.1871270781169816e-11,1.2525689682934345e-09,3.3606897435053413e-11,-2.0483657396227373e-11
strength_lateral_HZ_1,TW-P035,N122,interior_applied_load,,-32.0,38.906,115.0,-1.6390299387027914e-12,-19.183054727810287,1.0215890714415348e-12,6.947800598891026e-11,-5.067521603419567e-12,-6.013755837688465e-14
strength_lateral_HZ_1,TW-P036,N517,interior_applied_load,,-32.0,45.361,179.562,-5.709722355063088e-12,-136.7095658402219,-2.4499096832662837e-11,4.686880233483466e-10,-1.6713559869155756e-11,-1.4741076569565864e-11
strength_lateral_HZ_1,TW-P037,N123,interior_applied_load,,-32.0,51.909,115.0,4.5626950672555326e-11,-10.45099693381543,-1.9881144657741167e-11,1.0460052908463823e-09,-1.3749612239426562e-10,1.457846594710133e-13
strength_lateral_HZ_1,TW-P038,N336,interior_applied_load,,-32.0,52.313,173.982,-3.188699186140266e-13,-13.7310568112601,1.4517382732831776e-11,-1.0657189540090919e-11,-3.465810420554297e-12,1.0273637617676914e-11
strength_lateral_HZ_1,TW-P039,N518,interior_applied_load,,-32.0,53.102,184.031,1.729371709775073e-11,-9.719829243848153,-2.0208009174935297e-10,-1.2074138445256303e-09,2.444104733912222e-12,-3.6043290235123707e-12
strength_lateral_HZ_1,TW-P040,N124,interior_applied_load,,-32.0,54.469,115.0,3.601044985908592e-11,-11.981062561491216,5.623734736732629e-12,3.308221631427856e-09,-2.2651661859289459e-10,-5.595063983257029e-14
strength_lateral_HZ_1,TW-P041,N519,interior_applied_load,,-32.0,55.682,185.521,-5.2133445701029853e-11,-131.84965121747055,1.2506879069185857e-10,-1.735704096555814e-09,1.5690880273221032e-10,-2.0813197635865616e-11
strength_lateral_HZ_1,TW-P042,N520,interior_applied_load,,-32.0,66.002,191.479,-4.679645846583282e-10,-132.94996021756808,4.959383920594176e-10,1.5654203752268695e-09,-4.804668319224431e-10,-3.1368606419424864e-11
strength_lateral_HZ_1,TW-P043,N125,interior_applied_load,,-32.0,69.75,115.0,-9.552041824179014e-09,-10.450995556109422,-2.293218948068443e-09,-2.2170314339930997e-07,2.5870064021744828e-08,-7.93065657589409e-09
strength_lateral_HZ_1,TW-P044,N306,interior_applied_load,,-32.0,69.75,117.5,-1.2877158290277985e-08,-4.113559793315281,-3.532962801226675e-10,2.358960993484219e-09,-3.9234871660054055e-12,-9.141516969882422e-09
strength_lateral_HZ_1,TW-P045,N307,interior_applied_load,,-32.0,69.75,142.022,-5.299787579595395e-14,-5.475904845859736,-4.828516982690906e-13,-1.861753617418211e-12,-8.256044349698013e-15,-4.557277180491843e-13
strength_lateral_HZ_1,TW-P046,N218,interface_action,T1 upper lower chord,-32.0,69.75,150.143,39.96317519595238,-84.32778913240242,-4.0966712387485495,8.692625022807414,-26.314969350341137,42.11663825725806
strength_lateral_HZ_1,TW-P047,N308,interior_applied_load,,-32.0,69.75,166.544,1.4356880361096575e-14,-6.864774537911221,3.582833461248298e-13,1.6450409770575627e-12,4.561099981540023e-15,2.828264394824658e-13
strength_lateral_HZ_1,TW-P048,N309,interior_applied_load,,-32.0,69.75,191.066,4.470348358154297e-08,-4.113559789955616,1.1920928955078125e-07,1.1920928955078125e-07,-2.3283064365386963e-10,-2.9802322387695312e-08
strength_lateral_HZ_1,TW-P049,N337,interface_action,T1 top / segment 1,-32.0,69.75,193.643,3.118231773376465,-224.07394690811634,3.4432867765426636,-380.5745577812195,287.7898962642066,1044.8444969952106
strength_lateral_HZ_1,TW-P050,N126,interior_applied_load,,-32.0,70.031,115.0,2.0265534838866856e-07,-7.3107377717131365,7.305633578542455e-11,1.9765897687117167e-07,4.6701957631099883e-08,8.577786227022666e-13
strength_lateral_HZ_1,TW-P051,N521,interior_applied_load,,-32.0,76.322,197.438,3.37983275432896e-12,-135.60925701527597,-2.4595515043986224e-10,2.127192342389195e-09,6.031331602573275e-10,-1.0406226419280093e-10
strength_lateral_HZ_1,TW-P052,N127,interior_applied_load,,-32.0,80.636,115.0,-5.346127270956587e-12,-10.450996933913487,-3.822683135617446e-12,-5.771180744819645e-10,5.571777441848003e-12,-2.1387835020890163e-15
strength_lateral_HZ_1,TW-P053,N338,interior_applied_load,,-32.0,82.753,173.982,-9.41342473765861e-13,-12.316251141522361,6.508597355167953e-14,1.525327400366953e-11,5.515036159480745e-12,1.5943478884966621e-12
strength_lateral_HZ_1,TW-P054,N128,interior_applied_load,,-32.0,85.594,115.0,1.1568571189423532e-12,-13.780129730628493,4.749029015090446e-13,-1.059039996836782e-09,-4.120329756708147e-11,-9.35296010883032e-16
strength_lateral_HZ_1,TW-P055,N522,interior_applied_load,,-32.0,86.642,203.396,8.421511205788532e-12,-139.1395231513682,-2.8902151679197567e-10,1.2143045648931734e-10,-3.907826083977663e-11,2.824331677153117e-11
strength_lateral_HZ_1,TW-P056,N339,interior_applied_load,,-32.0,95.756,154.322,1.51588503694416e-14,-12.3162511415591,1.058469494780304e-12,-3.425081255557903e-13,-1.2288533390310457e-12,-1.803039705822692e-12
strength_lateral_HZ_1,TW-P057,N523,interior_applied_load,,-32.0,96.962,209.354,2.474547743459074e-10,-131.84965121744932,2.139917702265956e-11,-1.174941171818459e-09,3.2046758042701833e-11,-1.071586016419622e-12
strength_lateral_HZ_1,TW-P058,N524,interior_applied_load,,-32.0,99.542,210.844,-1.0025914571541234e-11,-9.719829245068006,4.746101627276932e-10,-2.114225590608354e-09,-3.4567439243556333e-10,9.244806977663235e-11
strength_lateral_HZ_1,TW-P059,N129,interior_applied_load,,-32.0,101.156,115.0,3.0271991027557524e-12,-15.962667203618464,3.596873478641131e-12,-1.162293354971855e-09,2.3654208553272396e-11,-1.0674951987214406e-13
strength_lateral_HZ_1,TW-P060,N525,interior_applied_load,,-32.0,107.282,215.313,1.0636248767705112e-11,-136.7095658402992,-7.068722438742851e-11,4.587377754613662e-11,-1.7283240070203302e-10,-6.44398905723084e-11
strength_lateral_HZ_1,TW-P061,N340,interior_applied_load,,-32.0,108.759,134.661,-5.684341886080802e-14,-12.316251141528483,-1.4551915228366852e-11,0.0,-1.3642420526593924e-12,-2.9103830456733704e-11
strength_lateral_HZ_1,TW-P062,N130,interior_applied_load,,-32.0,109.364,115.0,1.183371266418962e-12,-10.450996934095972,-2.192330425157542e-12,1.7063651085890775e-11,6.104092049459616e-11,-1.1402801405330315e-13
strength_lateral_HZ_1,TW-P063,N131,interior_applied_load,,-32.0,116.719,115.0,2.5329333108389974e-11,-8.326422773258564,3.853185662150301e-12,-4.3025007719932225e-10,1.6756194543863642e-11,2.563494453315981e-13
strength_lateral_HZ_1,TW-P064,N526,interior_applied_load,,-32.0,117.602,221.271,-1.3531367957314322e-10,-131.67784701512576,-9.262445430890781e-10,-5.288881370086852e-09,-4.1250789491340736e-10,-5.0438839983426104e-11
strength_lateral_HZ_1,TW-P065,N527,interface_action,BR-R-main-2,-32.0,120.0,222.655,-22.05335652891702,-85.05124991405164,27.138629082405135,-1519.1734931952092,-780.355320094928,-2638.6285920869727
strength_lateral_HZ_1,TW-P066,N132,interior_applied_load,,-32.0,121.762,115.0,-1.0649614523572382e-09,-10.216771725506987,-7.275957614183426e-12,2.815795596688986e-09,2.5920599000528455e-10,-9.094947017729282e-12
strength_lateral_HZ_1,TW-P067,N133,interior_applied_load,,-32.0,122.762,115.0,4.244051687862793e-08,-7.063900579278858,3.2423463247610584e-08,6.799774598942321e-08,1.474415671355005e-09,-1.9845054488598635e-08
strength_lateral_HZ_1,TW-P068,N310,interior_applied_load,,-32.0,122.762,117.5,-2.321732362269968e-08,-4.368740506240285,-1.7395284886798758e-08,-3.34248818614502e-08,2.6820161019989585e-11,4.946289464558655e-08
strength_lateral_HZ_1,TW-P069,N311,interior_applied_load,,-32.0,122.762,143.543,-2.5255147501225348e-15,-8.73748099618011,2.600746763397325e-15,-2.682140120527588e-13,-3.461542563199568e-15,-3.3514021519649585e-13
strength_lateral_HZ_1,TW-P070,N312,interior_applied_load,,-32.0,122.762,169.586,-2.0009137427780323e-14,-8.73748099617645,1.6833972083859537e-15,4.544429670311086e-13,1.3794764300959376e-14,-5.211678105029441e-13
strength_lateral_HZ_1,TW-P071,N313,interior_applied_load,,-32.0,122.762,195.629,-6.849919316098238e-14,-8.737480996189282,-1.8306048533060367e-14,1.3693663099072158e-12,1.7400670928813974e-14,1.1253621027206523e-12
strength_lateral_HZ_1,TW-P072,N314,interior_applied_load,,-32.0,122.762,221.673,-5.960464477539063e-08,-4.368740499019623,1.1920928955078125e-07,2.384185791015625e-07,0.0,5.960464477539063e-08
strength_lateral_HZ_1,TW-P073,N528,interior_applied_load,,-32.0,122.762,224.25,0.0,-2.6017615348100662,1.1920928955078125e-07,2.384185791015625e-07,0.0,0.0
strength_lateral_HZ_1,TW-P074,N529,interior_applied_load,,-32.0,122.762,226.093,-7.615181858377754e-12,-3.3586099224154604,1.8166865024573255e-11,3.341394456492257e-10,5.902635539663839e-10,4.003328663666697e-13
strength_lateral_HZ_1,TW-P075,N530,interior_applied_load,,-32.0,126.88,226.093,4.207360472685074e-11,-72.40434495924144,-3.1462373890547036e-12,-1.1075752054300512e-10,-2.1235291397485537e-11,-9.752709965752622e-13
strength_lateral_HZ_1,TW-P076,N134,interior_applied_load,,-32.0,132.281,115.0,-5.274299401698598e-12,-10.293827218332396,4.087523641334452e-12,-2.590779441353089e-10,1.952604055552646e-11,2.2228083822432246e-14
strength_lateral_HZ_1,TW-P077,N531,interior_applied_load,,-32.0,135.116,226.093,8.458807241525083e-12,-75.76295498792378,-2.4304527241541436e-12,-5.80870770453358e-11,5.6914719133699274e-11,4.2118275112678357e-13
strength_lateral_HZ_1,TW-P078,N135,interior_applied_load,,-32.0,138.091,115.0,-1.2872491917301469e-12,-10.450996934107117,1.2818886585622155e-12,1.0398206110689934e-10,7.469429310840157e-11,-3.9935594814123516e-14
strength_lateral_HZ_1,TW-P079,N532,interior_applied_load,,-32.0,143.351,226.093,7.567296155320186e-11,-73.49833689104221,1.0011290503972876e-11,-1.0193450183186497e-09,-4.2963738061614935e-10,-2.5489495580307247e-12
strength_lateral_HZ_1,TW-P080,N136,interior_applied_load,,-32.0,147.844,115.0,7.078868870435539e-13,-17.000517254647676,-4.313095222578652e-13,-9.387817389181135e-11,6.658537353421319e-12,1.122081395889046e-13
strength_lateral_HZ_1,TW-P081,N533,interior_applied_load,,-32.0,148.81,226.093,5.3071092920108755e-09,-5.4232585324876785,-5.8179104840945466e-11,-3.8068386576912543e-10,-1.5840396004584275e-09,2.0088197590831794e-11
strength_lateral_HZ_1,TW-P082,N534,interface_action,BR-R-cap-1,-32.0,150.0,226.093,1.7308025340172193,-125.00048885099602,0.6583285154852253,2280.5986908894506,-30.11697071639671,-3176.33391795238
strength_lateral_HZ_1,TW-P083,N535,interior_applied_load,,-32.0,151.586,226.093,-2.397711427447735e-09,-70.33969635237145,2.732556513100074e-11,2.1589090573842736e-09,2.325360046282494e-09,-1.093840222134509e-11
strength_lateral_HZ_1,TW-P084,N536,interior_applied_load,,-32.0,159.822,226.093,3.725383421081667e-11,-75.7629548816972,-1.5051330133668168e-11,-4.867040959790519e-11,4.748417733522892e-12,-2.517622849434037e-12
strength_lateral_HZ_1,TW-P085,N137,interior_applied_load,,-32.0,163.406,115.0,-1.0564908484786701e-10,-12.742279679392096,-5.006729335699476e-12,-4.3862572376157636e-10,-1.3112646314470439e-11,-5.0156841071421515e-14
strength_lateral_HZ_1,TW-P086,N138,interior_applied_load,,-32.0,166.818,115.0,3.402676809391137e-11,-10.450996721882888,7.53139173861558e-13,-9.575022604300313e-10,8.675094680403632e-12,-2.4138520971133193e-13
strength_lateral_HZ_1,TW-P087,N537,interior_applied_load,,-32.0,168.057,226.093,-3.630492946032163e-11,-74.59232882232051,-1.7442518961267294e-11,5.0634316206198337e-11,-2.4054831570634566e-10,1.4480054486733629e-12
strength_lateral_HZ_1,TW-P088,N538,interior_applied_load,,-32.0,174.857,226.093,5.796450805403419e-09,-6.717219952011262,-4.641015118917935e-11,-1.131933004825299e-09,1.6030835654762894e-09,-2.4445834786540934e-13
strength_lateral_HZ_1,TW-P089,N539,interior_applied_load,,-32.0,176.293,226.093,-7.519739128393865e-09,-70.21636109377938,-7.528474161591061e-11,1.459847171033108e-09,2.4048543978008797e-09,-2.731861209336491e-12
strength_lateral_HZ_1,TW-P090,N139,interior_applied_load,,-32.0,178.969,115.0,-2.2117906732573665e-12,-12.210000088591263,-1.4933314519628238e-12,7.047479019107014e-11,-1.0276848800935573e-10,-1.2278819992124245e-13
strength_lateral_HZ_1,TW-P091,N540,interior_applied_load,,-32.0,184.528,226.093,-1.1920928955078125e-07,-69.43064408004284,0.0,0.0,-1.4901161193847656e-08,2.9103830456733704e-11
strength_lateral_HZ_1,TW-P092,N15,interface_action,BR-W-2; W3,-32.0,185.0,115.0,3.028573930300749,2151.984513981248,-316.35188512660085,4568.948463088153,-85.57201185363623,35.19279831862079
strength_lateral_HZ_1,TW-P093,N315,interface_action,W3,-32.0,185.0,117.5,-26.824915862273336,-1203.4773141481503,33.00339397098785,2529.1763533318936,-468.6208876414043,-87.74145905221987
strength_lateral_HZ_1,TW-P094,N16,interface_action,W3,-32.0,185.0,143.183,-1.865984092588757e-10,-7.6133685072583255,-2.630662651205253e-11,1.7493458967763408e-10,5.590413482908687e-15,-8.79696949115322e-11
strength_lateral_HZ_1,TW-P095,N316,interface_action,W3,-32.0,185.0,144.148,-3.293983951976368e-10,-1.783856117221496,-2.4248047556467394e-10,2.1877008562818117e-10,-1.2488887993176723e-14,-1.829414903931455e-10
strength_lateral_HZ_1,TW-P096,N317,interface_action,W3,-32.0,185.0,170.797,-1.2550019858098357e-10,-1.7838561172362002,-1.9265800345916984e-11,1.0801748788559703e-10,-2.7993050386983836e-13,1.128864718700501e-10
strength_lateral_HZ_1,TW-P097,N17,interface_action,W3,-32.0,185.0,171.82,1.1759294213919837e-11,-7.674110163570157,-4.524899209941781e-10,2.2881010937263301e-10,1.9890206309570994e-13,1.1296719149008025e-11
strength_lateral_HZ_1,TW-P098,N318,interface_action,W3,-32.0,185.0,197.445,1.464651569490637e-12,-1.2117365203444788,-1.303368982063726e-11,-2.689015884096487e-11,-7.305545001955375e-15,-1.932513510582012e-12
strength_lateral_HZ_1,TW-P099,N18,interface_action,W3,-32.0,185.0,200.457,-4.299434528572591e-12,-7.272137234254384,1.2583570797129716e-11,7.860783455076802e-12,5.0927844560092935e-14,-1.769867401457773e-12
strength_lateral_HZ_1,TW-P100,N319,interface_action,W3,-32.0,185.0,207.0,8.681783676147461,-291.0367650985718,567.5205564796925,2490.2775605916977,177.37830567359924,322.35631215851754
strength_lateral_HZ_1,TW-P101,N320,interface_action,W3,-32.0,185.0,224.093,18.214511930607113,1366.0595752802553,-595.8578706148478,8139.823168268536,293.62373866242945,2480.206145825103
strength_lateral_HZ_1,TW-P102,N19,interface_action,W3,-32.0,185.0,226.093,0.15099918842315674,34.76077030599117,-4.939678840804845,77.35872773453593,3.9952885657548904,20.86297839868348
strength_lateral_HZ_1,TW-P103,N341,interior_applied_load,,-32.0,186.0,207.0,0.0,-0.3778500556945801,0.0,0.0,1.1920928955078125e-07,-9.313225746154785e-10
strength_lateral_HZ_1,TW-P104,N342,interior_applied_load,,-32.0,187.0,207.0,-1.4511212424505935e-08,-7.135516475334266,6.596835781071904e-08,1.246970365234758e-07,-7.098103808020813e-11,-3.0183498129170448e-09
strength_lateral_HZ_1,TW-P105,N347,interior_applied_load,,-32.0,187.0,209.5,-8.697958110830262e-09,-2.4480339373642317,-6.595463891765312e-08,7.023390838031809e-08,-3.755205600693272e-11,1.4117801046441455e-08
strength_lateral_HZ_1,TW-P106,N348,interior_applied_load,,-32.0,187.0,224.093,2.58263134711445e-07,-2.4480339375545084,-2.5747628966399372e-08,2.1950462156250516e-08,-3.368907077446926e-11,-1.2374664926095846e-07
strength_lateral_HZ_1,TW-P107,N541,interior_applied_load,,-32.0,187.0,226.093,-1.1641532182693481e-07,-6.3323107794858515,2.0372681319713593e-08,1.1594966053962708e-07,9.313225746154785e-10,-1.892476575449109e-08
strength_lateral_HZ_1,TW-P108,N542,interior_applied_load,,-32.0,192.764,226.093,1.895455703710196e-06,-67.12553597307728,3.174570766772089e-09,8.644092942465683e-09,7.541969305028833e-08,-1.2102372990275908e-10
strength_lateral_HZ_1,TW-P109,N343,interior_applied_load,,-32.0,192.881,207.0,9.252904664691641e-09,-10.957649993158881,5.34920920336468e-08,-3.1923436949465867e-09,-1.3690394125336525e-10,3.0783912530196744e-08
strength_lateral_HZ_1,TW-P110,N349,interior_applied_load,,-32.0,192.881,209.5,8.72990361160136e-09,-2.4480339371414126,-4.440047768544666e-08,-7.545831581435404e-08,-5.8024193994827014e-11,-8.696046883136485e-09
strength_lateral_HZ_1,TW-P111,N350,interior_applied_load,,-32.0,192.881,224.093,3.350919217104398e-08,-2.448033936462855,-2.0862589043477153e-08,-1.2433798619176928e-08,1.523933490150057e-10,7.46286094033266e-09
strength_lateral_HZ_1,TW-P112,N543,interior_applied_load,,-32.0,192.881,226.093,-5.260986101364135e-06,-6.640585427437862,-1.0013773865412053e-07,-2.8064894339727425e-08,2.537448974641685e-07,-1.493802677553054e-08
strength_lateral_HZ_1,TW-P113,N140,interior_applied_load,,-32.0,194.531,115.0,-2.747150592907101e-09,-7.081799910825992,-1.1073936139781847e-11,-1.2947618237018859e-10,-4.0999983361257215e-10,3.4670163397019865e-13
strength_lateral_HZ_1,TW-P114,N141,interior_applied_load,,-32.0,195.545,115.0,1.221463694205646e-09,-10.450996934440973,1.2788047886908835e-11,-1.3712897701148832e-10,1.3208015041390533e-10,1.4947266554536037e-12
strength_lateral_HZ_1,TW-P115,N544,interior_applied_load,,-32.0,200.905,226.093,-4.532194926990727e-06,-6.621211426205723,-2.426424558268803e-09,-3.451997667855714e-08,9.157121894442452e-08,-1.1494267901785782e-11
strength_lateral_HZ_1,TW-P116,N545,interior_applied_load,,-32.0,200.999,226.093,-1.7673923691640515e-07,-69.12236892936332,1.0913899254399245e-09,-1.9390291890643997e-08,-3.0646660678197763e-07,3.68494681077119e-12
strength_lateral_HZ_1,TW-P117,N355,interior_applied_load,,-32.0,201.5,216.547,5.801109980839207e-13,-9.070891548653051,-3.66777092938356e-13,9.820727575217438e-12,-5.656863023385426e-12,5.218199506010833e-13
strength_lateral_HZ_1,TW-P118,N546,interior_applied_load,,-32.0,209.234,226.093,3.0225663198215816e-11,-74.5641343553733,7.093094523748475e-11,-3.940692037705782e-11,3.562183837389026e-11,1.0843290905461574e-10
strength_lateral_HZ_1,TW-P119,N142,interior_applied_load,,-32.0,210.094,115.0,-2.9268195680820296e-15,-19.291800000000112,1.148588877134434e-12,-7.372628432024912e-13,-2.724444203714551e-12,-3.698977007050842e-14
strength_lateral_HZ_1,TW-P120,N344,interior_applied_load,,-32.0,216.0,207.0,-1.8473853558020892e-09,-19.693079291823388,3.561053860123842e-08,1.852186917727927e-09,-1.7920915007831424e-10,-9.44039069139535e-10
strength_lateral_HZ_1,TW-P121,N351,interior_applied_load,,-32.0,216.0,209.5,7.981517694579416e-09,-2.4480339374670503,3.594636435255828e-08,9.503189347431539e-09,3.600924791231928e-11,3.3952607443192742e-09
strength_lateral_HZ_1,TW-P122,N352,interior_applied_load,,-32.0,216.0,224.093,4.737878489535774e-08,-2.448033936605463,-1.2485240561506059e-07,-3.86284662633532e-08,2.6382421629532357e-10,-1.295940510459559e-08
strength_lateral_HZ_1,TW-P123,N356,interior_applied_load,,-32.0,216.0,226.093,-1.3778934218828297e-07,-15.788111392023097,9.873283639237624e-08,1.5245256105052008e-09,-2.2460753301048436e-10,-1.8032419061934278e-08
strength_lateral_HZ_1,TW-P124,N547,interior_applied_load,,-32.0,217.47,226.093,-1.2966285601630531e-09,-70.24455556408648,1.1446996196923802e-10,-1.9586485527306276e-10,8.32426420258754e-10,-3.290621493500867e-13
strength_lateral_HZ_1,TW-P125,N143,interior_applied_load,,-32.0,224.273,115.0,-3.8582304967847454e-10,-10.450996934118917,2.8779921430848282e-12,1.513259652813417e-11,-3.0127159442191987e-10,-3.819415828574676e-14
strength_lateral_HZ_1,TW-P126,N144,interior_applied_load,,-32.0,225.656,115.0,8.238212269439889e-10,-11.380101500781842,8.484706448728984e-12,4.791530711582877e-11,-2.5407808915915616e-10,-3.7486446729796616e-13
strength_lateral_HZ_1,TW-P127,N548,interior_applied_load,,-32.0,225.705,226.093,4.971014507492275e-10,-70.06309284077415,1.5877678938604666e-10,3.271764530300285e-11,6.110669838520088e-10,-1.2686665737573168e-11
strength_lateral_HZ_1,TW-P128,N549,interior_applied_load,,-32.0,226.952,226.093,-6.211669079274438e-10,-6.717219844946945,-1.2112992985018653e-10,-3.0523702478159687e-10,7.478255282776702e-10,4.2146399180385124e-12
strength_lateral_HZ_1,TW-P129,N357,interior_applied_load,,-32.0,230.5,216.547,-2.0097902203669608e-12,-9.070891548653396,2.9356719334211987e-12,-6.747399032114099e-13,2.3459594539678326e-12,3.5553946143657573e-12
strength_lateral_HZ_1,TW-P130,N550,interior_applied_load,,-32.0,233.941,226.093,-1.6844976590618023e-09,-68.89246678276227,1.6548257010653084e-10,-1.7508630914416225e-10,-1.8645032830519588e-10,-1.3529712917784528e-11
strength_lateral_HZ_1,TW-P131,N551,interface_action,BR-R-cap-2,-32.0,235.0,226.093,-61.497702481452,-153.19164284696825,21.58591890233893,-2289.84972894004,-128.5481177591996,-5312.094357457666
strength_lateral_HZ_1,TW-P132,N145,interior_applied_load,,-32.0,241.219,115.0,1.6051732207802152e-12,-14.333395172817985,-1.5294982323075394e-12,1.146019607820127e-12,9.196401234291055e-12,-1.0026152341728026e-16
strength_lateral_HZ_1,TW-P133,N552,interior_applied_load,,-32.0,242.176,226.093,-1.1132907281069305e-11,-70.48501501787169,2.1611593189933256e-11,-2.816968803031363e-11,-1.948432811969346e-11,-5.848421008934825e-13
strength_lateral_HZ_1,TW-P134,N345,interior_applied_load,,-32.0,245.0,207.0,-1.6102168587465803e-08,-15.870945773902685,-4.747088369466968e-08,6.643072324861084e-08,-4.949741789185657e-10,-6.914459698553049e-09
strength_lateral_HZ_1,TW-P135,N353,interior_applied_load,,-32.0,245.0,209.5,-7.91278530922816e-09,-2.4480339371361763,-1.2927346883029919e-08,-2.5590150985647233e-08,-1.464073303128723e-11,-5.403310665965539e-09
strength_lateral_HZ_1,TW-P136,N354,interior_applied_load,,-32.0,245.0,224.093,3.0353193847254545e-09,-2.4480339371194275,8.713120336345526e-09,6.137766050962057e-08,-1.4023543437704196e-10,-5.127954838535231e-09
strength_lateral_HZ_1,TW-P137,N553,interior_applied_load,,-32.0,245.0,226.093,-4.555543288951858e-09,-3.9346697267036284,4.176281754568716e-08,-6.164864770986262e-08,-2.0571896365410038e-10,-8.053313969512513e-09
strength_lateral_HZ_1,TW-P138,N346,interior_applied_load,,-32.0,246.0,207.0,0.0,-0.3778500556945801,0.0,0.0,-2.384185791015625e-07,0.0
strength_lateral_HZ_1,TW-P139,N146,interior_applied_load,,-32.0,247.0,115.0,1.8468368279123126e-08,-5.22549846814348,-1.1523719534167753e-08,1.2477006428035509e-08,2.679301132508154e-10,-3.82638493112708e-09
strength_lateral_HZ_1,TW-P140,N321,interior_applied_load,,-32.0,247.0,117.5,-2.0044203134945758e-08,-4.470258484153824,1.862554151189367e-09,-2.0439506710892933e-08,3.1486372612936365e-12,-3.248303250160253e-08
strength_lateral_HZ_1,TW-P141,N322,interior_applied_load,,-32.0,247.0,144.148,6.9543738561234755e-15,-8.940516968503426,-1.4782885719656738e-15,1.948340820906819e-13,-1.4528556027701984e-15,-1.0673585964009154e-13
strength_lateral_HZ_1,TW-P142,N323,interior_applied_load,,-32.0,247.0,170.797,-1.2473396093951646e-14,-8.940516968503282,-7.776692378008912e-15,7.895296239065822e-14,2.4377644756379845e-15,-4.471890231796882e-14
strength_lateral_HZ_1,TW-P143,N324,interior_applied_load,,-32.0,247.0,197.445,-1.3347881190374704e-13,-6.073108036478896,-3.687723892844562e-13,1.387007471877336e-13,-3.365617398349734e-15,1.5461794613420643e-12
strength_lateral_HZ_1,TW-P144,N325,interior_applied_load,,-32.0,247.0,207.0,-1.430511474609375e-06,-4.470258474349976,0.0,-2.9802322387695312e-08,0.0,0.0
strength_lateral_HZ_1,TW-P145,N326,interior_applied_load,,-32.0,247.0,224.093,-3.725290298461914e-08,-2.867408932186663,-2.384185791015625e-07,-2.384185791015625e-07,0.0,3.725290298461914e-08
strength_lateral_HZ_1,TW-P146,N554,interior_applied_load,,-32.0,247.0,226.093,6.705522537231445e-08,-3.2626000789459795,3.5762786865234375e-07,-2.384185791015625e-07,-2.3283064365386963e-10,8.940696716308594e-08
strength_lateral_HZ_1,TW-P147,N147,interface_action,BR-N-upper-1; T-N; W4,-32.0,249.0,115.0,34.22671235272706,3.4968818206585386,212.11080161358132,-2590.9054216408726,-1019.1200284883047,-311.5160426244718
strength_lateral_HZ_1,TW-P148,N555,interface_action,BR-N-upper-2; T-N top / segment 1; W4,-32.0,249.0,226.093,25.06321100265689,39.87190252902193,11.027238763124103,409.98382037811194,790.2945810586765,4808.324354835903
strength_lateral_HZ_1,TW-P149,N556,interface_action,T-N top / segment 1; W4,-32.0,250.411,226.093,1.0080492823880497e-09,-0.5866854454987505,-4.520621915083101e-10,-3.277556847206247e-11,-1.6702947990345058e-11,-3.489197236238121e-12
strength_lateral_HZ_1,TW-P150,N148,interface_action,T-N; W4,-32.0,252.0,115.0,2.2265166318071357,73.62491792133171,0.59813713646379,36.51396030700515,17.905282441535974,-86.42567572492635
strength_lateral_HZ_1,TW-P151,N327,interior_applied_load,,-32.0,252.0,117.5,1.8646377146406013e-09,-4.4702584842725,9.918907394798688e-09,-7.860904563159982e-09,-8.941784188332007e-13,-9.641199273268189e-10
strength_lateral_HZ_1,TW-P152,N328,interior_applied_load,,-32.0,252.0,144.148,1.9320455099578764e-14,-8.940516968503267,1.4973353980619922e-14,1.9953519254992413e-13,-9.511602724122793e-16,1.3727894328961148e-13
strength_lateral_HZ_1,TW-P153,N329,interior_applied_load,,-32.0,252.0,170.797,6.932482401296667e-15,-8.940516968503148,-1.7881276991888392e-14,-1.3992813167055576e-14,1.3537653722301484e-15,-3.295300281196574e-13
strength_lateral_HZ_1,TW-P154,N330,interior_applied_load,,-32.0,252.0,197.445,-1.8446797106039644e-14,-8.94051696850305,-9.953683475231466e-15,7.95678200674734e-14,-3.204995672438918e-15,-4.450380831671501e-13
strength_lateral_HZ_1,TW-P155,N331,interior_applied_load,,-32.0,252.0,224.093,-2.9802322387695312e-08,-4.470258484128863,0.0,0.0,2.3283064365386963e-10,2.9802322387695312e-08
strength_lateral_HZ_1,TW-P156,N557,interface_action,T-N top / segment 1; W4,-32.0,252.0,226.093,-2.223560109734535,-38.12887657340616,-0.5939427614212036,31.60057771205902,-17.88150667352602,-159.31037244200706
strength_lateral_HZ_1,TW-P157,N27,interface_action,BR-N-ground-2; BR-W-1; T-N; W4,-32.0,253.0,115.0,-0.5946732900170056,4.101445944029229,7.160099348353842,-5.4154747976915285,-4.0816648334449965,10.534286322463506
strength_lateral_HZ_1,TW-P158,N31,interface_action,T-N top / segment 1; W4,-32.0,253.0,226.093,0.38684946577996016,0.447036852594465,0.45540176052600145,5.629822811577469,3.447192416526377,47.28708230391203
strength_lateral_HZ_-1,TW-P001,N76,interface_action,SW0; T-SO,-32.0,-63.0,115.0,-6.337631700425804,-418.84090849259206,1524.0070241365484,2289.542128671378,-79.46110010216486,-413.8169653256289
strength_lateral_HZ_-1,TW-P002,N78,interface_action,SW0,-32.0,-63.0,117.0,2.034487506862206,-589.2923676376868,-1504.221024636557,-979.9704914169433,454.46903335666866,-202.29795500062755
strength_lateral_HZ_-1,TW-P003,N115,interior_applied_load,,-32.0,-61.0,115.0,-9.922890782349755e-11,-25.54134947861315,1.137775046087611e-11,2.3452149928766473e-11,1.3674019019902457e-10,6.403110987354362e-13
strength_lateral_HZ_-1,TW-P004,N504,interior_applied_load,,-32.0,-57.84,119.979,7.275957614183426e-12,-134.2796085290829,2.2737367544323206e-13,-2.546585164964199e-11,-1.4551915228366852e-11,0.0
strength_lateral_HZ_-1,TW-P005,N505,interior_applied_load,,-32.0,-47.52,125.937,3.6305104453174238e-12,-136.7095658401903,-2.205675097343388e-12,6.958990737710324e-12,1.897880055474202e-12,-3.044943007584411e-12
strength_lateral_HZ_-1,TW-P006,N332,interior_applied_load,,-32.0,-41.0,128.124,-1.1368683772161603e-13,-12.49909895716388,1.7053025658242404e-12,9.094947017729282e-13,9.094947017729282e-13,-6.821210263296962e-13
strength_lateral_HZ_-1,TW-P007,N506,interior_applied_load,,-32.0,-39.78,130.406,8.323063546960458e-11,-9.719829244488755,4.173858052018482e-11,1.5878734589790178e-10,-1.4814875996190128e-10,-3.9022798082507903e-11
strength_lateral_HZ_-1,TW-P008,N507,interior_applied_load,,-32.0,-37.2,131.896,-2.5031527136738993e-11,-131.8496512179062,-5.559331678127354e-11,9.025735118467422e-11,-5.362017183742201e-11,-1.8430337074460147e-12
strength_lateral_HZ_-1,TW-P009,N116,interior_applied_load,,-32.0,-34.273,115.0,1.0494134960583892e-13,-26.861999897925518,1.0820167260937505e-12,2.5506675381427318e-11,2.191579023455336e-11,7.836344155854092e-14
strength_lateral_HZ_-1,TW-P010,N508,interior_applied_load,,-32.0,-26.88,137.854,-1.2625799959433247e-11,-134.9572146001046,-9.380335476475238e-12,-6.290371349607715e-11,2.6762235452027684e-11,1.6276906589808355e-11
strength_lateral_HZ_-1,TW-P011,N117,interior_applied_load,,-32.0,-21.0,115.0,2.6334199820787774e-09,-19.291799999844116,-7.119266121069501e-09,-6.708823913070816e-09,1.5731554326706226e-12,1.7636042903834692e-09
strength_lateral_HZ_-1,TW-P012,N301,interior_applied_load,,-32.0,-21.0,117.5,-3.757697177329013e-09,-3.5514958137987085,2.286333943509172e-09,-4.153746473400477e-09,-3.0098528325571796e-12,-4.184672256960372e-09
strength_lateral_HZ_-1,TW-P013,N302,interior_applied_load,,-32.0,-21.0,138.671,0.0,-3.5514958137646317,0.0,0.0,5.820766091346741e-11,-1.4901161193847656e-08
strength_lateral_HZ_-1,TW-P014,N333,interior_applied_load,,-32.0,-21.0,141.249,0.0,-15.969378723297268,0.0,-1.4901161193847656e-08,-5.820766091346741e-11,0.0
strength_lateral_HZ_-1,TW-P015,N509,interior_applied_load,,-32.0,-16.559,143.812,4.430965599947894e-12,-133.60200263299248,4.029942678100054e-11,-1.0957799242152393e-10,-2.672319982118874e-11,1.53444017174635e-11
strength_lateral_HZ_-1,TW-P016,N510,interior_applied_load,,-32.0,-6.239,149.771,-1.4551915228366852e-11,-135.29601763565006,0.0,8.731149137020111e-11,-4.3655745685100555e-11,2.1827872842550278e-11
strength_lateral_HZ_-1,TW-P017,N118,interior_applied_load,,-32.0,-5.545,115.0,-2.926534980334485e-12,-14.102550169225408,1.5729826956960375e-12,1.2163897629325324e-10,-2.8568082500550798e-11,-4.878123641680654e-12
strength_lateral_HZ_-1,TW-P018,N5,interface_action,T-S; W1,-32.0,0.0,115.0,147.65942160801865,3799.414453083513,12.71621473932737,-1474.9231884730086,43.783787470320306,-1069.793956078825
strength_lateral_HZ_-1,TW-P019,N303,interface_action,W1,-32.0,-0.0,117.5,-127.93865939195987,-802.9222243368271,-142.16832866724673,-1321.3181263399865,-401.54310455229756,1169.3411511494937
strength_lateral_HZ_-1,TW-P020,N6,interface_action,W1,-32.0,0.0,130.311,-7.368700323738425e-13,-5.141644613427647,-3.4248835488369306e-13,1.1329018339067739e-12,6.796273681980303e-14,-1.4795010702894414e-12
strength_lateral_HZ_-1,TW-P021,N304,interface_action,W1,-32.0,-0.0,134.148,1.2193929706816649e-12,-1.1144179189574754,2.2946790953226735e-13,-1.0963542327008151e-12,-2.6320050725394867e-14,-9.284912167274227e-14
strength_lateral_HZ_-1,TW-P022,N305,interface_action,W1,-32.0,-0.0,150.796,127.93865941309147,773.4424388780682,142.16832868979742,-3412.318544997263,401.5431045522365,3090.5044524352006
strength_lateral_HZ_-1,TW-P023,N7,interface_action,BR-R-main-1; T-S top / segment 1; W1,-32.0,0.0,153.373,-165.85377759634866,147.80442981081433,-42.612790025625145,2229.8702460091445,-1206.4984046772006,-3146.797955883143
strength_lateral_HZ_-1,TW-P024,N511,interior_applied_load,,-32.0,4.081,155.729,1.1641532182693481e-10,-125.97332766425097,2.9103830456733704e-11,1.1641532182693481e-10,5.820766091346741e-11,-1.4551915228366852e-11
strength_lateral_HZ_-1,TW-P025,N512,interior_applied_load,,-32.0,6.661,157.219,7.784452595011764e-11,-9.719829244443458,-1.8152696060502855e-11,1.1116289028429583e-12,-1.513464949931124e-11,1.6444525332061377e-11
strength_lateral_HZ_-1,TW-P026,N119,interior_applied_load,,-32.0,7.781,115.0,2.2522011829736846e-12,-15.567749916727475,-5.702010832344631e-11,-1.5976734689639525e-11,-1.011937857271566e-11,9.293265547476498e-13
strength_lateral_HZ_-1,TW-P027,N513,interior_applied_load,,-32.0,14.401,161.688,5.957870281519607e-12,-136.70956584018978,-8.520821455830014e-11,1.65068557894678e-10,6.389197689094971e-13,-2.495613971073561e-11
strength_lateral_HZ_-1,TW-P028,N334,interior_applied_load,,-32.0,17.438,134.661,7.105427357601002e-14,-13.731056811262533,9.094947017729282e-13,4.547473508864641e-13,1.1368683772161603e-13,2.2737367544323206e-13
strength_lateral_HZ_-1,TW-P029,N120,interior_applied_load,,-32.0,23.182,115.0,7.793943093959319e-08,-10.450997501465181,1.5150111997931446e-10,1.2582254048356067e-08,-1.001278369305648e-08,-2.556807778199e-12
strength_lateral_HZ_-1,TW-P030,N121,interior_applied_load,,-32.0,23.344,115.0,4.198743802501065e-08,-10.559740952573582,-1.5860818174687527e-10,-2.2207352710641348e-08,5.532748190490428e-09,-1.8137236762123588e-12
strength_lateral_HZ_-1,TW-P031,N514,interior_applied_load,,-32.0,24.721,167.646,-6.1325108648375015e-12,-134.27960852911679,-9.288553723651958e-11,1.6505478003743818e-10,1.534159451872253e-10,-5.0531107627132046e-11
strength_lateral_HZ_-1,TW-P032,N515,interior_applied_load,,-32.0,29.881,170.625,-1.8512015539379034e-11,-9.719829244262547,-9.48410515662119e-11,-2.2913506493167817e-11,-5.189625630943981e-11,1.1567708985228142e-12
strength_lateral_HZ_-1,TW-P033,N335,interior_applied_load,,-32.0,34.875,154.322,-2.6063209946238203e-14,-13.731056811266622,-4.32974337473121e-12,4.6064229311132134e-12,1.6673885537708702e-12,-2.668795071065772e-12
strength_lateral_HZ_-1,TW-P034,N516,interior_applied_load,,-32.0,35.041,173.604,2.1967979262309634e-11,-134.27960852917258,3.827755190314066e-11,-1.0936261165839499e-10,3.0498691045675044e-11,2.073161232658559e-11
strength_lateral_HZ_-1,TW-P035,N122,interior_applied_load,,-32.0,38.906,115.0,5.303381303270634e-13,-19.18305472780145,7.467526884544733e-13,1.7231385886862992e-11,1.0301061543270637e-12,-2.8545439727055407e-13
strength_lateral_HZ_-1,TW-P036,N517,interior_applied_load,,-32.0,45.361,179.562,7.297672651705726e-12,-136.70956584019558,-7.183614066393077e-11,-7.5362205051658e-10,5.955564013235167e-11,1.5954217473827429e-12
strength_lateral_HZ_-1,TW-P037,N123,interior_applied_load,,-32.0,51.909,115.0,3.357905796225572e-12,-10.450996934219997,-1.2240402458784518e-11,-3.410697921308808e-11,-4.701454223091517e-12,8.734424040452922e-13
strength_lateral_HZ_-1,TW-P038,N336,interior_applied_load,,-32.0,52.313,173.982,-4.079339923451795e-13,-13.731056811253678,9.745030653448008e-12,-3.05098343200755e-12,-3.938288215670942e-12,6.110484842657935e-12
strength_lateral_HZ_-1,TW-P039,N518,interior_applied_load,,-32.0,53.102,184.031,1.3633118371091888e-10,-9.719829244088038,3.673127359308792e-11,-1.4127474282670302e-09,1.2463663480856957e-10,-9.354352125160014e-11
strength_lateral_HZ_-1,TW-P040,N124,interior_applied_load,,-32.0,54.469,115.0,3.553232033544778e-11,-11.98106256111019,-1.0148432700267081e-11,1.1999834990994256e-09,1.4025921512522678e-10,-2.889478953829662e-13
strength_lateral_HZ_-1,TW-P041,N519,interior_applied_load,,-32.0,55.682,185.521,5.117112122949352e-12,-131.84965121786746,5.868199851866329e-10,-1.0817565330206304e-09,1.3708185694755312e-10,-2.4808534982415064e-10
strength_lateral_HZ_-1,TW-P042,N520,interior_applied_load,,-32.0,66.002,191.479,-1.7715611331993246e-10,-132.94996021732985,1.3331875225675832e-10,2.241711353505625e-09,8.60341070600885e-10,-4.050500518535922e-10
strength_lateral_HZ_-1,TW-P043,N125,interior_applied_load,,-32.0,69.75,115.0,7.527590062395006e-08,-10.450996053249884,7.89076093354879e-09,-2.703376114077116e-07,3.097641747034942e-08,7.274496338638414e-09
strength_lateral_HZ_-1,TW-P044,N306,interior_applied_load,,-32.0,69.75,117.5,1.0455865000160733e-11,-4.11355979254451,-2.60360884465879e-09,-3.833106517709663e-09,-6.072673715576388e-11,-2.6836207595049394e-09
strength_lateral_HZ_-1,TW-P045,N307,interior_applied_load,,-32.0,69.75,142.022,3.341815302666034e-15,-5.475904845875264,-2.6985209929014525e-13,2.1686426936420962e-12,-2.1035498782085127e-16,-1.0856846447766516e-12
strength_lateral_HZ_-1,TW-P046,N218,interface_action,T1 upper lower chord,-32.0,69.75,150.143,51.48797036685696,-83.57068479602891,-5.73412878180844,48.27211082318293,45.302667681384435,140.7299120630255
strength_lateral_HZ_-1,TW-P047,N308,interior_applied_load,,-32.0,69.75,166.544,-8.971697478463767e-14,-6.864774537898242,1.2276260597124426e-13,7.349713628208145e-12,-5.836793977222392e-16,-2.5126164025639634e-13
strength_lateral_HZ_-1,TW-P048,N309,interior_applied_load,,-32.0,69.75,191.066,-2.9802322387695312e-08,-4.113559797406197,1.1920928955078125e-07,0.0,0.0,0.0
strength_lateral_HZ_-1,TW-P049,N337,interface_action,T1 top / segment 1,-32.0,69.75,193.643,-12.1059929728508,-211.75965984910727,4.428202271461487,-330.6494822502136,262.89571331016487,1187.0650921165943
strength_lateral_HZ_-1,TW-P050,N126,interior_applied_load,,-32.0,70.031,115.0,-8.705052948598693e-10,-7.310738091495231,5.5532004628220095e-11,1.7639138000444634e-08,3.598460006608594e-08,7.0076830824570345e-12
strength_lateral_HZ_-1,TW-P051,N521,interior_applied_load,,-32.0,76.322,197.438,-1.033619316820971e-11,-135.60925701544696,-3.7193604981278477e-10,1.2083143676044866e-09,9.171381813030574e-10,-3.051185071615587e-10
strength_lateral_HZ_-1,TW-P052,N127,interior_applied_load,,-32.0,80.636,115.0,-1.2912482874520503e-11,-10.450996934058974,-5.377562355177464e-12,-4.1915501401675657e-10,1.4558654492663866e-11,-1.1429979253293147e-13
strength_lateral_HZ_-1,TW-P053,N338,interior_applied_load,,-32.0,82.753,173.982,-1.1361135486839071e-13,-12.316251141515973,-1.35293935252934e-11,6.83421755954303e-12,-5.107218952372893e-12,-1.8136071012387243e-12
strength_lateral_HZ_-1,TW-P054,N128,interior_applied_load,,-32.0,85.594,115.0,4.083543902613077e-13,-13.780129730441432,1.2442648259861913e-12,6.329046849523796e-10,-5.865064680896824e-11,-3.125291456951053e-13
strength_lateral_HZ_-1,TW-P055,N522,interior_applied_load,,-32.0,86.642,203.396,3.499599095333028e-13,-139.13952315133463,-1.2747494628378553e-10,2.4342642564945026e-10,-1.936302074024561e-11,-1.2009969833064583e-11
strength_lateral_HZ_-1,TW-P056,N339,interior_applied_load,,-32.0,95.756,154.322,-1.4111953022094513e-13,-12.316251141592163,9.194379533713643e-12,5.059219201072848e-12,-6.763322604517135e-13,-1.0483681699436439e-12
strength_lateral_HZ_-1,TW-P057,N523,interior_applied_load,,-32.0,96.962,209.354,-8.728577700972611e-11,-131.84965121751577,-3.0522154930769675e-10,-1.6848229687727044e-09,-1.1082151958531372e-11,-4.089530735381433e-11
strength_lateral_HZ_-1,TW-P058,N524,interior_applied_load,,-32.0,99.542,210.844,1.8515871211481814e-10,-9.719829244685098,5.039715160620194e-11,-2.1054748597061882e-09,-1.7869370382694934e-10,4.5709314976846467e-11
strength_lateral_HZ_-1,TW-P059,N129,interior_applied_load,,-32.0,101.156,115.0,7.771075559842538e-12,-15.962667203620855,6.696862799630998e-13,4.975519218528326e-10,5.875612515407939e-11,-4.098230887287465e-14
strength_lateral_HZ_-1,TW-P060,N525,interior_applied_load,,-32.0,107.282,215.313,2.6752119526269134e-11,-136.70956584020536,9.260264985323139e-11,-1.4848269484528652e-09,1.4996278840996948e-10,1.1584539893962283e-10
strength_lateral_HZ_-1,TW-P061,N340,interior_applied_load,,-32.0,108.759,134.661,1.1368683772161603e-13,-12.316251141557586,0.0,-1.4551915228366852e-11,-8.640199666842818e-12,-2.7284841053187847e-11
strength_lateral_HZ_-1,TW-P062,N130,interior_applied_load,,-32.0,109.364,115.0,-4.2436329642093714e-12,-10.450996933909686,-5.976304156571739e-13,-6.818479241388829e-10,-1.7299219528209062e-11,-4.5543513106520525e-14
strength_lateral_HZ_-1,TW-P063,N131,interior_applied_load,,-32.0,116.719,115.0,2.4415552628428572e-11,-8.326422773426154,8.109408797240922e-12,-5.81429571263209e-10,-4.009737592088093e-12,-1.6119927606275356e-14
strength_lateral_HZ_-1,TW-P064,N526,interior_applied_load,,-32.0,117.602,221.271,-1.9225390898596056e-10,-131.6778470173028,-3.9617489001374976e-10,-1.865790207761225e-09,7.283050282805538e-10,3.384817901625883e-10
strength_lateral_HZ_-1,TW-P065,N527,interface_action,BR-R-main-2,-32.0,120.0,222.655,-0.517915919722934,-89.52715946057334,19.113137364024254,-1446.417877807163,-919.0132561048055,-2472.2023993151506
strength_lateral_HZ_-1,TW-P066,N132,interior_applied_load,,-32.0,121.762,115.0,-7.183530215115752e-09,-10.216771717969095,5.820766091346741e-11,-9.604264050722122e-09,3.942659532185644e-10,4.43833414465189e-10
strength_lateral_HZ_-1,TW-P067,N133,interior_applied_load,,-32.0,122.762,115.0,7.614943342559854e-09,-7.063900618588633,-2.103153988741724e-07,-2.98507853102592e-07,1.9797172168652428e-10,8.72999805778818e-09
strength_lateral_HZ_-1,TW-P068,N310,interior_applied_load,,-32.0,122.762,117.5,-1.4809487145392688e-08,-4.368740498889267,2.221639001788952e-07,-2.8104576847065734e-07,2.6797448936253274e-10,6.621061112619003e-08
strength_lateral_HZ_-1,TW-P069,N311,interior_applied_load,,-32.0,122.762,143.543,-1.2285069497790645e-14,-8.737480996201704,1.180336051314635e-14,-2.8159437316056117e-13,4.248132135075996e-15,-1.1839775686018939e-13
strength_lateral_HZ_-1,TW-P070,N312,interior_applied_load,,-32.0,122.762,169.586,-1.152287128620759e-14,-8.737480996165484,1.7151799803834927e-14,-1.0943937687574748e-13,1.789928664232204e-14,-2.0337220648015345e-14
strength_lateral_HZ_-1,TW-P071,N313,interior_applied_load,,-32.0,122.762,195.629,1.7306463335492938e-14,-8.737480996176966,6.214337137648781e-14,2.3305086277157934e-12,-1.1334855012890521e-14,4.0322737194953924e-13
strength_lateral_HZ_-1,TW-P072,N314,interior_applied_load,,-32.0,122.762,221.673,0.0,-4.368740484118462,1.1920928955078125e-07,2.384185791015625e-07,0.0,0.0
strength_lateral_HZ_-1,TW-P073,N528,interior_applied_load,,-32.0,122.762,224.25,0.0,-2.601761519908905,2.384185791015625e-07,0.0,-4.656612873077393e-10,0.0
strength_lateral_HZ_-1,TW-P074,N529,interior_applied_load,,-32.0,122.762,226.093,7.769416949580259e-11,-3.3586099219838603,2.7555628564665633e-12,1.2733704772344674e-10,-7.602513777576764e-11,-3.5041088474063746e-12
strength_lateral_HZ_-1,TW-P075,N530,interior_applied_load,,-32.0,126.88,226.093,-1.8640869978780556e-10,-72.40434495960321,3.098135769312424e-12,-1.1786847491262425e-11,-5.249698137578167e-10,4.657005652358675e-12
strength_lateral_HZ_-1,TW-P076,N134,interior_applied_load,,-32.0,132.281,115.0,-1.5460759694696644e-11,-10.293827218428083,2.394005224962239e-13,2.3212943835379777e-10,3.847912681380768e-11,-1.8222906595533303e-13
strength_lateral_HZ_-1,TW-P077,N531,interior_applied_load,,-32.0,135.116,226.093,-3.409667684580342e-12,-75.76295498789604,9.849544669304422e-12,-1.1830023008143821e-09,-3.2166176308949595e-10,-1.950118049157972e-12
strength_lateral_HZ_-1,TW-P078,N135,interior_applied_load,,-32.0,138.091,115.0,-8.245372963311705e-12,-10.450996933999306,1.6402498714019234e-12,-5.216435663684713e-10,1.2479674643782044e-10,1.8171185757830775e-13
strength_lateral_HZ_-1,TW-P079,N532,interior_applied_load,,-32.0,143.351,226.093,-9.608006623603532e-11,-73.49833689118574,-4.860878520327288e-11,-9.943312022908105e-10,4.901300864754838e-12,2.8313368533183313e-13
strength_lateral_HZ_-1,TW-P080,N136,interior_applied_load,,-32.0,147.844,115.0,-1.0805159056517816e-11,-17.00051725468223,4.5095560965777484e-12,-9.152006926491498e-10,8.639246515281763e-11,2.7851546385727264e-13
strength_lateral_HZ_-1,TW-P081,N533,interior_applied_load,,-32.0,148.81,226.093,-1.5009857630370543e-08,-5.4232585361483805,-2.3546263254109384e-10,5.787204191642295e-09,-2.955371771742351e-09,7.647507392954104e-12
strength_lateral_HZ_-1,TW-P082,N534,interface_action,BR-R-cap-1,-32.0,150.0,226.093,-39.50302139184853,-136.8246865740389,-9.490709809060455,2249.746965008159,-353.14065240741047,-4030.877196152154
strength_lateral_HZ_-1,TW-P083,N535,interior_applied_load,,-32.0,151.586,226.093,1.268487141740032e-09,-70.33969635646928,-1.8104502906199013e-11,-7.794388378336546e-10,-2.674916315688481e-09,-3.601419587410959e-11
strength_lateral_HZ_-1,TW-P084,N536,interior_applied_load,,-32.0,159.822,226.093,7.378551014496513e-12,-75.76295488165134,1.4528429200672613e-11,1.2374894259198058e-10,5.182098438329607e-11,-2.718052184908109e-12
strength_lateral_HZ_-1,TW-P085,N137,interior_applied_load,,-32.0,163.406,115.0,-1.6645583312451729e-10,-12.742279680018429,-1.4021190701910586e-12,2.9478618093783144e-10,-2.922210463011388e-11,-7.085992682626446e-15
strength_lateral_HZ_-1,TW-P086,N138,interior_applied_load,,-32.0,166.818,115.0,1.9162910444988835e-10,-10.450996721460493,-2.016671847745674e-13,6.191022241988167e-10,3.0756685595805424e-10,-4.78368942360558e-13
strength_lateral_HZ_-1,TW-P087,N537,interior_applied_load,,-32.0,168.057,226.093,6.073608172663072e-11,-74.59232882226938,6.578292450008653e-12,-1.3742697936545553e-10,3.8969216383965296e-10,-1.908029646995446e-12
strength_lateral_HZ_-1,TW-P088,N538,interior_applied_load,,-32.0,174.857,226.093,-4.9164135543597576e-11,-6.717219949729024,1.1907132219971475e-10,-2.7079311257089866e-09,3.602013865988771e-09,2.095595751096664e-12
strength_lateral_HZ_-1,TW-P089,N539,interior_applied_load,,-32.0,176.293,226.093,3.622967648401956e-09,-70.21636109499255,-6.943456223866763e-11,-4.4380740625522503e-13,-3.607262067195681e-10,-8.932938885285877e-14
strength_lateral_HZ_-1,TW-P090,N139,interior_applied_load,,-32.0,178.969,115.0,9.080998167620933e-12,-12.210000088583298,-3.9116865460172436e-12,2.837355450776607e-10,-1.3301655914826794e-10,4.260070366509496e-13
strength_lateral_HZ_-1,TW-P091,N540,interior_applied_load,,-32.0,184.528,226.093,1.1920928955078125e-07,-69.43064410984516,0.0,-3.725290298461914e-09,-1.4901161193847656e-08,2.9103830456733704e-11
strength_lateral_HZ_-1,TW-P092,N15,interface_action,BR-W-2; W3,-32.0,185.0,115.0,1.5048040289988602,2218.4615334596956,-270.6239594543307,4722.279247427518,-205.52859379457107,-407.55130657511745
strength_lateral_HZ_-1,TW-P093,N315,interface_action,W3,-32.0,185.0,117.5,-50.4338926197656,-1250.013967044163,11.890469220362,1598.0085597412594,279.6795727295164,1064.0675741809755
strength_lateral_HZ_-1,TW-P094,N16,interface_action,W3,-32.0,185.0,143.183,-1.6064070879982342e-09,-7.613368507234727,-2.811497121317328e-10,4.2531596080974006e-10,5.602823825560779e-14,3.3901115885310555e-10
strength_lateral_HZ_-1,TW-P095,N316,interface_action,W3,-32.0,185.0,144.148,2.392766987137241e-10,-1.7838561172272196,-4.909982428127549e-10,3.4328542278313393e-10,-7.812163611061706e-14,-6.341228356936988e-11
strength_lateral_HZ_-1,TW-P096,N317,interface_action,W3,-32.0,185.0,170.797,-1.2147389512110933e-09,-1.7838561172436385,-3.6741362815908893e-10,-1.2453469123730257e-10,4.18100225446212e-14,2.8698070424222973e-10
strength_lateral_HZ_-1,TW-P097,N17,interface_action,W3,-32.0,185.0,171.82,-1.906758294561039e-10,-7.674110163568975,-1.06333316979906e-10,2.79530736823099e-10,-1.5922163952387346e-14,9.715531887573024e-11
strength_lateral_HZ_-1,TW-P098,N318,interface_action,W3,-32.0,185.0,197.445,-7.639223771873804e-12,-1.211736520341394,-2.3718693312762714e-11,4.328110702720831e-12,-3.869128199466212e-14,-3.850281924896166e-11
strength_lateral_HZ_-1,TW-P099,N18,interface_action,W3,-32.0,185.0,200.457,-1.2784309351591314e-11,-7.272137234258784,3.3190980933517654e-11,2.293159849574238e-11,-1.079528257507275e-13,-2.8496376126686068e-11
strength_lateral_HZ_-1,TW-P100,N319,interface_action,W3,-32.0,185.0,207.0,0.3798103332519531,-222.5256803035736,640.7512672394514,2085.013589501381,40.393465995788574,752.4868544829078
strength_lateral_HZ_-1,TW-P101,N320,interface_action,W3,-32.0,185.0,224.093,50.05720417986543,1346.875427510084,-647.3735631801135,8463.873876732832,-319.53079049006385,3559.09361140314
strength_lateral_HZ_-1,TW-P102,N19,interface_action,W3,-32.0,185.0,226.093,0.41497552394866943,33.94627594947815,-5.3667453695088625,80.89925095066428,-4.347801446914673,30.334940368222306
strength_lateral_HZ_-1,TW-P103,N341,interior_applied_load,,-32.0,186.0,207.0,-1.9073486328125e-06,-0.377849817276001,0.0,1.1920928955078125e-07,9.5367431640625e-07,4.656612873077393e-10
strength_lateral_HZ_-1,TW-P104,N342,interior_applied_load,,-32.0,187.0,207.0,1.2805050833701726e-07,-7.13551647498867,1.1567712276705313e-08,2.2075586631176364e-07,1.2861843648748371e-09,-8.703654188881349e-08
strength_lateral_HZ_-1,TW-P105,N347,interior_applied_load,,-32.0,187.0,209.5,1.1671679468568558e-07,-2.448033937609624,6.095970415715349e-08,6.186450946771417e-08,-2.867646433387873e-11,-9.44443170020448e-10
strength_lateral_HZ_-1,TW-P106,N348,interior_applied_load,,-32.0,187.0,224.093,-3.0001272274815527e-07,-2.4480339376530376,-9.882807915778669e-08,1.0483065013278114e-08,1.710881202514728e-10,1.6461822399671533e-07
strength_lateral_HZ_-1,TW-P107,N541,interior_applied_load,,-32.0,187.0,226.093,7.82310962677002e-08,-6.3323107794858515,-7.12461769580841e-08,2.4400651454925537e-07,0.0,7.409835234284401e-08
strength_lateral_HZ_-1,TW-P108,N542,interior_applied_load,,-32.0,192.764,226.093,2.7315327827460032e-06,-67.12553636697344,2.130419835961149e-09,-1.7044424601971013e-08,1.6141094664541452e-07,-6.0062506667911e-11
strength_lateral_HZ_-1,TW-P109,N343,interior_applied_load,,-32.0,192.881,207.0,2.9091750786136572e-08,-10.957649992188097,3.653608088294291e-08,1.0929871205322961e-07,2.669651207402361e-10,2.2012562217454956e-08
strength_lateral_HZ_-1,TW-P110,N349,interior_applied_load,,-32.0,192.881,209.5,1.786268092913701e-08,-2.4480339370902966,-6.100234112653685e-08,-1.8660521871027475e-08,6.631810858545051e-11,4.986471158664862e-08
strength_lateral_HZ_-1,TW-P111,N350,interior_applied_load,,-32.0,192.881,224.093,-9.354545332795894e-08,-2.448033936574664,-6.188210752502976e-08,-3.737422762245535e-08,-1.741965972155707e-10,7.229774301453773e-08
strength_lateral_HZ_-1,TW-P112,N543,interior_applied_load,,-32.0,192.881,226.093,-4.399114311100736e-06,-6.640586113875611,3.1325805176922484e-08,-8.37048303420016e-08,2.898019047232357e-07,5.3584085198560586e-08
strength_lateral_HZ_-1,TW-P113,N140,interior_applied_load,,-32.0,194.531,115.0,-9.06723888400958e-09,-7.081799910879231,1.1845274056601554e-11,-8.381012452248797e-11,-1.0318290413117048e-09,3.652048391312374e-12
strength_lateral_HZ_-1,TW-P114,N141,interior_applied_load,,-32.0,195.545,115.0,1.69851161736623e-09,-10.450996934252434,-1.453722015270635e-11,-1.4670732869036045e-10,4.428125938226707e-10,3.434684058144793e-12
strength_lateral_HZ_-1,TW-P115,N544,interior_applied_load,,-32.0,200.905,226.093,-6.455634891768294e-06,-6.621209067796243,-1.3451544009241421e-09,4.564931002799985e-09,-2.3426894370870317e-07,-6.770111667959162e-11
strength_lateral_HZ_-1,TW-P116,N545,interior_applied_load,,-32.0,200.999,226.093,-1.410100421519871e-06,-69.12237001389647,3.0523366151840123e-09,6.459570565110698e-09,1.483775574772785e-07,-3.8764379394408044e-11
strength_lateral_HZ_-1,TW-P117,N355,interior_applied_load,,-32.0,201.5,216.547,-5.850125731194505e-13,-9.070891548650339,1.315505626202703e-13,7.871347071080292e-12,-1.073460003583975e-11,2.430863644379081e-12
strength_lateral_HZ_-1,TW-P118,N546,interior_applied_load,,-32.0,209.234,226.093,-6.915869386532053e-11,-74.56413435535706,1.4150226356271205e-10,4.41076097681682e-11,-3.174031734367518e-10,5.778791720225116e-11
strength_lateral_HZ_-1,TW-P119,N142,interior_applied_load,,-32.0,210.094,115.0,1.1440390338221432e-12,-19.29180000000043,1.951115562121498e-12,1.7895950324759591e-12,-1.1703300094260201e-11,-7.05839485010271e-14
strength_lateral_HZ_-1,TW-P120,N344,interior_applied_load,,-32.0,216.0,207.0,5.846840589462943e-08,-19.693079292545715,-4.3503182334259094e-08,9.521905150466914e-08,7.666871078989229e-12,-1.1781209452443875e-08
strength_lateral_HZ_-1,TW-P121,N351,interior_applied_load,,-32.0,216.0,209.5,-1.4260078366877915e-08,-2.4480339368025863,4.223978987278927e-08,4.6666146293521536e-08,6.984985178726665e-11,-4.3612682792774564e-08
strength_lateral_HZ_-1,TW-P122,N352,interior_applied_load,,-32.0,216.0,224.093,-1.2897924728250132e-07,-2.448033936730463,-1.2657802816659625e-07,-2.5673224803013373e-08,-1.6405975505508816e-10,3.9420036124226954e-08
strength_lateral_HZ_-1,TW-P123,N356,interior_applied_load,,-32.0,216.0,226.093,1.7735933563502935e-07,-15.788111392542985,1.0659618910535779e-07,4.291273663997499e-08,1.5285435440900525e-11,5.145781433164305e-08
strength_lateral_HZ_-1,TW-P124,N547,interior_applied_load,,-32.0,217.47,226.093,-6.470934926986405e-10,-70.24455556385507,8.325096778457738e-11,2.1742181699796294e-11,4.0248324074549865e-10,2.0834499409610933e-12
strength_lateral_HZ_-1,TW-P125,N143,interior_applied_load,,-32.0,224.273,115.0,1.933330563550357e-10,-10.45099693407687,1.061667324718054e-11,3.605217869173444e-12,5.345214609288376e-10,-2.0990655328550385e-12
strength_lateral_HZ_-1,TW-P126,N144,interior_applied_load,,-32.0,225.656,115.0,1.2133559886044966e-09,-11.380101500751605,5.2256237700313085e-14,2.925517166405437e-12,-2.0281377049420246e-10,8.356543349970731e-13
strength_lateral_HZ_-1,TW-P127,N548,interior_applied_load,,-32.0,225.705,226.093,1.475962717556726e-10,-70.0630928412924,-2.9826214755289816e-10,5.897868304318079e-11,5.991320502184318e-10,5.2539760981808545e-12
strength_lateral_HZ_-1,TW-P128,N549,interior_applied_load,,-32.0,226.952,226.093,-5.91438419657544e-10,-6.7172198447267455,2.716450515017609e-10,9.991966257946301e-11,4.2517026319989424e-10,-1.928324970315353e-12
strength_lateral_HZ_-1,TW-P129,N357,interior_applied_load,,-32.0,230.5,216.547,7.553844453249049e-13,-9.070891548655446,-5.6101670420657514e-12,2.373616270196554e-13,-2.0363843477549045e-12,-5.4398658271231904e-12
strength_lateral_HZ_-1,TW-P130,N550,interior_applied_load,,-32.0,233.941,226.093,-1.2658607826641181e-10,-68.89246678348586,3.02511835269912e-10,-1.3968033157918966e-10,9.660649303021567e-12,-1.1817145623983802e-11
strength_lateral_HZ_-1,TW-P131,N551,interface_action,BR-R-cap-2,-32.0,235.0,226.093,6.862623577651132,-151.36518400658628,-7.86893687645789,-2647.74304256315,428.76683492309684,-5620.4491940746975
strength_lateral_HZ_-1,TW-P132,N145,interior_applied_load,,-32.0,241.219,115.0,-1.536511431371598e-11,-14.333395172816807,-4.605164425108989e-12,-6.9599661631147475e-12,-3.045543055437491e-11,-1.495407347128321e-13
strength_lateral_HZ_-1,TW-P133,N552,interior_applied_load,,-32.0,242.176,226.093,5.296690153066884e-12,-70.48501501787308,-4.405369375945747e-11,-5.1875946482460936e-11,1.067851059794249e-11,4.038786934636882e-12
strength_lateral_HZ_-1,TW-P134,N345,interior_applied_load,,-32.0,245.0,207.0,1.4581246670600324e-08,-15.870945774519074,-5.972606230281059e-08,-6.094448999477118e-09,-5.3749383592868716e-11,2.5442247427964844e-09
strength_lateral_HZ_-1,TW-P135,N353,interior_applied_load,,-32.0,245.0,209.5,4.93075265603289e-09,-2.4480339372230175,2.263488345099997e-08,3.505194009967478e-08,-1.5427400596674294e-10,6.242667469576525e-09
strength_lateral_HZ_-1,TW-P136,N354,interior_applied_load,,-32.0,245.0,224.093,-1.2921640035745696e-08,-2.4480339369366146,6.373871578799206e-08,1.3931918237120033e-08,1.5124818648790834e-10,5.510018108445536e-09
strength_lateral_HZ_-1,TW-P137,N553,interior_applied_load,,-32.0,245.0,226.093,5.136936300810524e-09,-3.934669727001215,-1.1483922256735558e-07,1.577094061273528e-07,-1.4113502499969682e-10,4.956912248278803e-09
strength_lateral_HZ_-1,TW-P138,N346,interior_applied_load,,-32.0,246.0,207.0,0.0,-0.3778499364852905,0.0,-2.9802322387695312e-08,-2.384185791015625e-07,4.656612873077393e-10
strength_lateral_HZ_-1,TW-P139,N146,interior_applied_load,,-32.0,247.0,115.0,-2.5725628072237328e-08,-5.22549846580483,-2.4404452347859262e-08,-9.549223800586759e-09,-7.522780053229997e-10,-2.0626712893268007e-08
strength_lateral_HZ_-1,TW-P140,N321,interior_applied_load,,-32.0,247.0,117.5,-3.606552396844897e-08,-4.470258484244947,5.1022777500543855e-09,-4.4615994986988e-08,-7.865200976343812e-11,9.42018664550361e-09
strength_lateral_HZ_-1,TW-P141,N322,interior_applied_load,,-32.0,247.0,144.148,-6.198531959577767e-15,-8.940516968503395,-4.934330717955613e-15,1.0553385775935568e-13,2.698638226276972e-15,-1.639664455609164e-14
strength_lateral_HZ_-1,TW-P142,N323,interior_applied_load,,-32.0,247.0,170.797,-8.596486203847897e-15,-8.94051696850348,-2.975593473043882e-14,-4.86620709810913e-13,1.0325439955164446e-14,1.295630211872107e-13
strength_lateral_HZ_-1,TW-P143,N324,interior_applied_load,,-32.0,247.0,197.445,1.9539395642545416e-12,-6.073108036479267,7.367809263756493e-13,5.407625513914767e-12,5.290449841419864e-15,-6.287559156930894e-12
strength_lateral_HZ_-1,TW-P144,N325,interior_applied_load,,-32.0,247.0,207.0,0.0,-4.47025853395462,-7.450580596923828e-09,-2.9802322387695312e-08,0.0,0.0
strength_lateral_HZ_-1,TW-P145,N326,interior_applied_load,,-32.0,247.0,224.093,-1.4901161193847656e-08,-2.8674089319538325,-1.1920928955078125e-07,-1.1920928955078125e-07,2.3283064365386963e-10,3.725290298461914e-08
strength_lateral_HZ_-1,TW-P146,N554,interior_applied_load,,-32.0,247.0,226.093,5.960464477539063e-08,-3.262600078480318,2.384185791015625e-07,-3.5762786865234375e-07,-2.3283064365386963e-10,4.470348358154297e-08
strength_lateral_HZ_-1,TW-P147,N147,interface_action,BR-N-upper-1; T-N; W4,-32.0,249.0,115.0,41.074027022695724,-29.292493816086782,244.97953769779974,-3132.022940835419,-921.5297455965123,-618.7527149669928
strength_lateral_HZ_-1,TW-P148,N555,interface_action,BR-N-upper-2; T-N top / segment 1; W4,-32.0,249.0,226.093,-26.51847143616345,6.162917788536302,26.157194129430827,-347.3499736755388,-112.24437640672093,4518.420733029424
strength_lateral_HZ_-1,TW-P149,N556,interface_action,T-N top / segment 1; W4,-32.0,250.411,226.093,3.200943180942927e-10,-0.5866854444075672,-3.1849223155706065e-10,-1.7405725405484093e-10,1.702379389095603e-10,8.784051947303794e-12
strength_lateral_HZ_-1,TW-P150,N148,interface_action,T-N; W4,-32.0,252.0,115.0,1.9894209382387755,62.780223204927985,1.1743768794849405,68.79602323630948,-4.291501402153951,-71.90577178573841
strength_lateral_HZ_-1,TW-P151,N327,interior_applied_load,,-32.0,252.0,117.5,-4.4310391119636005e-10,-4.4702584843365,8.284264148269937e-09,-5.072398472839329e-09,2.4523283875068384e-11,2.2002215552759016e-09
strength_lateral_HZ_-1,TW-P152,N328,interior_applied_load,,-32.0,252.0,144.148,1.9570979018984268e-14,-8.940516968503154,1.914210906484109e-14,5.6645520709536955e-14,-1.2352595546760073e-14,-6.615153296718456e-13
strength_lateral_HZ_-1,TW-P153,N329,interior_applied_load,,-32.0,252.0,170.797,-2.4234587457910032e-14,-8.940516968503056,-1.66142659607093e-14,-5.5231057009724876e-14,1.3975703359759484e-14,-3.5324453943783665e-13
strength_lateral_HZ_-1,TW-P154,N330,interior_applied_load,,-32.0,252.0,197.445,-1.1367794758877333e-14,-8.940516968503244,-4.264706689686787e-14,-7.296418784000402e-14,-1.4300513114050987e-14,-8.123256054474248e-14
strength_lateral_HZ_-1,TW-P155,N331,interior_applied_load,,-32.0,252.0,224.093,-3.725290298461914e-09,-4.470258484128863,1.1920928955078125e-07,1.1920928955078125e-07,-2.3283064365386963e-10,-1.862645149230957e-09
strength_lateral_HZ_-1,TW-P156,N557,interface_action,T-N top / segment 1; W4,-32.0,252.0,226.093,-1.986779261380434,-27.298582130111754,-1.1661417484283447,64.93558013439178,4.285802875179797,-147.6494220159948
strength_lateral_HZ_-1,TW-P157,N27,interface_action,BR-N-ground-2; BR-W-1; T-N; W4,-32.0,253.0,115.0,-0.54734147544172,3.756431615827696,8.34599546885118,-8.100067675444752,-4.5669436152759335,8.68200522591043
strength_lateral_HZ_-1,TW-P158,N31,interface_action,T-N top / segment 1; W4,-32.0,253.0,226.093,0.3400807875877945,-0.03370397910475731,0.8945806161500514,-0.10915207769721746,-0.8266433672106359,43.38608739569463
strength_lateral_HZ_2,TW-P001,N76,interface_action,SW0; T-SO,-32.0,-63.0,115.0,-27.255365308101272,-432.78317652756226,1565.648752396497,2394.6841406087137,-806.8269245900474,-399.7178418124845
strength_lateral_HZ_2,TW-P002,N78,interface_action,SW0,-32.0,-63.0,117.0,-18.978584916418185,-610.7876259658387,-1537.5987081271196,-909.982791101851,-122.05179550577304,158.15092149483098
strength_lateral_HZ_2,TW-P003,N115,interior_applied_load,,-32.0,-61.0,115.0,1.9080421827301763e-10,-25.541349478597848,-8.043252881533475e-12,-1.9509752070358915e-12,-6.480467094640228e-10,3.0901751111382144e-12
strength_lateral_HZ_2,TW-P004,N504,interior_applied_load,,-32.0,-57.84,119.979,0.0,-134.27960852907927,-3.637978807091713e-12,-2.091837814077735e-11,2.9103830456733704e-11,0.0
strength_lateral_HZ_2,TW-P005,N505,interior_applied_load,,-32.0,-47.52,125.937,-4.859897825231454e-13,-136.7095658401825,-1.2646888218710883e-11,-3.0167615317421937e-11,7.16970124075291e-12,5.373281314984221e-13
strength_lateral_HZ_2,TW-P006,N332,interior_applied_load,,-32.0,-41.0,128.124,3.268496584496461e-13,-12.499098957164279,3.183231456205249e-12,0.0,-1.5916157281026244e-12,1.9326762412674725e-12
strength_lateral_HZ_2,TW-P007,N506,interior_applied_load,,-32.0,-39.78,130.406,-4.183750550720273e-11,-9.719829244302517,-1.554349629180516e-11,-1.1338056618922952e-10,1.76684638304313e-10,4.634591378028397e-11
strength_lateral_HZ_2,TW-P008,N507,interior_applied_load,,-32.0,-37.2,131.896,2.6342692562003248e-11,-131.84965121796972,-3.467766944282575e-11,-1.881484640795186e-10,-5.358273838223478e-11,-1.6105459138294684e-11
strength_lateral_HZ_2,TW-P009,N116,interior_applied_load,,-32.0,-34.273,115.0,-1.035611793866394e-13,-26.861999897924928,3.689472094461804e-13,-9.674135339898669e-12,-4.6085611841809275e-11,-1.7693584492957043e-13
strength_lateral_HZ_2,TW-P010,N508,interior_applied_load,,-32.0,-26.88,137.854,1.3038684159662596e-12,-134.95721460010827,6.501703672057141e-12,-6.735244711473781e-11,-4.1759040501559576e-11,-1.0580903488104188e-11
strength_lateral_HZ_2,TW-P011,N117,interior_applied_load,,-32.0,-21.0,115.0,-6.4387166154311615e-09,-19.291799999832236,-5.088922894191938e-10,5.460507740417953e-10,5.959072512167005e-12,7.477894137242203e-10
strength_lateral_HZ_2,TW-P012,N301,interior_applied_load,,-32.0,-21.0,117.5,-8.50622439802253e-09,-3.5514958138149257,1.0698514104003776e-09,-1.320497117176732e-09,7.277532801044418e-13,5.3863699334735524e-09
strength_lateral_HZ_2,TW-P013,N302,interior_applied_load,,-32.0,-21.0,138.671,0.0,-3.551495814230293,0.0,1.4901161193847656e-08,5.820766091346741e-11,1.4901161193847656e-08
strength_lateral_HZ_2,TW-P014,N333,interior_applied_load,,-32.0,-21.0,141.249,2.2351741790771484e-08,-15.969378723297268,4.470348358154297e-08,0.0,-1.7462298274040222e-10,0.0
strength_lateral_HZ_2,TW-P015,N509,interior_applied_load,,-32.0,-16.559,143.812,3.492562338279826e-11,-133.60200263298674,3.2337104418485655e-11,-5.133028501740289e-11,-5.683083754353257e-11,1.354874099174882e-11
strength_lateral_HZ_2,TW-P016,N510,interior_applied_load,,-32.0,-6.239,149.771,7.275957614183426e-12,-135.2960176356246,-2.9103830456733704e-11,-1.4551915228366852e-10,0.0,-2.1827872842550278e-11
strength_lateral_HZ_2,TW-P017,N118,interior_applied_load,,-32.0,-5.545,115.0,-2.212386490540122e-11,-14.10255016924467,1.0431554096942881e-12,2.379513750804581e-11,-4.5255001515027733e-11,-6.999028599711861e-11
strength_lateral_HZ_2,TW-P018,N5,interface_action,T-S; W1,-32.0,0.0,115.0,136.14658028997508,3787.210184674678,16.61670312221304,-1317.8968961662,-528.6028332887197,-563.4514938856471
strength_lateral_HZ_2,TW-P019,N303,interface_action,W1,-32.0,-0.0,117.5,-104.50696367862581,-793.1579966939051,-142.23173963282704,-1335.3544171476576,-658.2813941336653,597.7674737484022
strength_lateral_HZ_2,TW-P020,N6,interface_action,W1,-32.0,0.0,130.311,3.886129902665999e-12,-5.141644613424024,-8.182257343205559e-13,-9.98284682832087e-13,4.367053454769502e-14,-1.2970064875559198e-12
strength_lateral_HZ_2,TW-P021,N304,interface_action,W1,-32.0,-0.0,134.148,-2.5856008471817653e-12,-1.1144179189513777,1.1983666264498446e-12,-2.211463426083848e-12,-1.8116712165514136e-14,3.0434478813129777e-12
strength_lateral_HZ_2,TW-P022,N305,interface_action,W1,-32.0,-0.0,150.796,104.50696366005576,763.6782112344453,142.23173964137004,-3400.393585596072,658.281394133629,2881.8963886453944
strength_lateral_HZ_2,TW-P023,N7,interface_action,BR-R-main-1; T-S top / segment 1; W1,-32.0,0.0,153.373,-114.0596247537469,195.01427908585174,16.095924757799366,2233.209014412423,-1936.1410668878234,-3005.5825830756876
strength_lateral_HZ_2,TW-P024,N511,interior_applied_load,,-32.0,4.081,155.729,-1.3096723705530167e-10,-125.97332766439649,-8.731149137020111e-11,0.0,-2.9103830456733704e-11,0.0
strength_lateral_HZ_2,TW-P025,N512,interior_applied_load,,-32.0,6.661,157.219,-6.090509355666801e-12,-9.719829244317163,9.992919049930228e-11,-1.763837294695226e-10,-1.2120578628786778e-11,-8.64710455909571e-12
strength_lateral_HZ_2,TW-P026,N119,interior_applied_load,,-32.0,7.781,115.0,6.7943290236812516e-12,-15.567749916731126,2.6914739412245725e-12,-2.278227491523637e-11,-1.8535937498682113e-11,1.543670320991751e-11
strength_lateral_HZ_2,TW-P027,N513,interior_applied_load,,-32.0,14.401,161.688,-1.131296405880312e-12,-136.70956584021147,-3.7326195285071845e-11,1.5288321300021766e-10,4.4576492158783154e-11,7.456184333908694e-13
strength_lateral_HZ_2,TW-P028,N334,interior_applied_load,,-32.0,17.438,134.661,-2.842170943040401e-14,-13.73105681126799,-4.547473508864641e-12,9.094947017729282e-13,-4.547473508864641e-13,4.547473508864641e-13
strength_lateral_HZ_2,TW-P029,N120,interior_applied_load,,-32.0,23.182,115.0,-4.589234670769317e-07,-10.450996500207767,4.609315395398512e-11,-6.53607973079141e-08,-5.6109335467909544e-08,-8.434793877829885e-14
strength_lateral_HZ_2,TW-P030,N121,interior_applied_load,,-32.0,23.344,115.0,5.963936114992443e-07,-10.55974343380195,-1.8480462106047633e-11,9.467530107365233e-09,-4.433061416245034e-08,7.444702327323401e-15
strength_lateral_HZ_2,TW-P031,N514,interior_applied_load,,-32.0,24.721,167.646,9.741630211713696e-12,-134.2796085291783,-5.94799012147709e-11,6.734231262097383e-10,-9.004597362060481e-11,2.300463760446907e-11
strength_lateral_HZ_2,TW-P032,N515,interior_applied_load,,-32.0,29.881,170.625,-1.9431172717379827e-11,-9.719829244429983,-3.260926750642854e-11,1.1798575030607485e-09,-1.1864132167610377e-10,9.330869670681473e-11
strength_lateral_HZ_2,TW-P033,N335,interior_applied_load,,-32.0,34.875,154.322,-1.5288202190455978e-14,-13.731056811262812,-3.8472329572946717e-13,5.456235571861569e-12,-2.8979870050373907e-12,3.744928578095357e-12
strength_lateral_HZ_2,TW-P034,N516,interior_applied_load,,-32.0,35.041,173.604,2.4521928976587934e-11,-134.27960852900034,-4.479443180520829e-12,9.7111175704377e-10,-3.590384056108925e-11,1.7547849996710516e-11
strength_lateral_HZ_2,TW-P035,N122,interior_applied_load,,-32.0,38.906,115.0,-3.446198265773739e-12,-19.183054727803604,2.534049940892787e-13,1.710819635651143e-11,1.0382014242332472e-11,4.3953292882283435e-15
strength_lateral_HZ_2,TW-P036,N517,interior_applied_load,,-32.0,45.361,179.562,-7.0326959294545035e-12,-136.70956584016255,-7.82440503549057e-11,-7.539177256951919e-11,-5.0481658180549504e-11,-1.1842983586859093e-11
strength_lateral_HZ_2,TW-P037,N123,interior_applied_load,,-32.0,51.909,115.0,-9.919214826730212e-11,-10.450996933526655,-7.32323253224857e-12,4.703381794451643e-10,-3.0473456590887484e-10,-2.7457725606714023e-14
strength_lateral_HZ_2,TW-P038,N336,interior_applied_load,,-32.0,52.313,173.982,2.1240662888908684e-12,-13.731056811252646,1.566263343932721e-11,3.2659477671649426e-12,1.2084104603084065e-11,-1.892679481348062e-12
strength_lateral_HZ_2,TW-P039,N518,interior_applied_load,,-32.0,53.102,184.031,2.9449346550158326e-11,-9.719829243587263,-3.1410823082889953e-10,-1.1128316954501554e-09,4.7715016800342127e-11,-1.0758315894699642e-10
strength_lateral_HZ_2,TW-P040,N124,interior_applied_load,,-32.0,54.469,115.0,2.0063942144074627e-10,-11.981062562231571,2.9835617008361e-12,6.921479910641582e-10,-6.1949549787086e-10,3.3731472732995624e-14
strength_lateral_HZ_2,TW-P041,N519,interior_applied_load,,-32.0,55.682,185.521,-5.971774228796021e-11,-131.849651218341,3.123896789437232e-10,-2.5309219698751293e-09,4.539836726221762e-10,4.171735220126296e-12
strength_lateral_HZ_2,TW-P042,N520,interior_applied_load,,-32.0,66.002,191.479,-3.554618239520335e-11,-132.94996021672623,1.0033097458045702e-10,-1.2940971966105348e-09,2.7056133998746296e-10,-4.674782668989574e-10
strength_lateral_HZ_2,TW-P043,N125,interior_applied_load,,-32.0,69.75,115.0,-1.2274164795655906e-07,-10.45099556576216,4.310184209543877e-09,-1.7149682385309006e-07,4.59076953347142e-08,2.7216226605730753e-08
strength_lateral_HZ_2,TW-P044,N306,interior_applied_load,,-32.0,69.75,117.5,-4.756210272755355e-09,-4.113559792866587,-3.768576732259314e-09,5.2213311540453265e-09,2.990941967139342e-12,-9.81850773401691e-09
strength_lateral_HZ_2,TW-P045,N307,interior_applied_load,,-32.0,69.75,142.022,3.185999814768033e-13,-5.4759048458661415,1.6012307483609728e-12,6.356835192567073e-13,1.3192054448738863e-14,-7.920161516646119e-13
strength_lateral_HZ_2,TW-P046,N218,interface_action,T1 upper lower chord,-32.0,69.75,150.143,34.20077761070107,-84.7063413004545,-3.2779424672217146,-11.097117877343452,-62.12378786574763,-7.189998643517066
strength_lateral_HZ_2,TW-P047,N308,interior_applied_load,,-32.0,69.75,166.544,8.207624347339132e-15,-6.864774537903519,2.9208631703775124e-13,1.6751745459997245e-12,-1.3768573100683175e-14,1.5107317418081024e-12
strength_lateral_HZ_2,TW-P048,N309,interior_applied_load,,-32.0,69.75,191.066,5.960464477539063e-08,-4.113559797406197,0.0,1.1920928955078125e-07,-2.3283064365386963e-10,0.0
strength_lateral_HZ_2,TW-P049,N337,interface_action,T1 top / segment 1,-32.0,69.75,193.643,10.730344086885452,-230.2310904338956,2.9508289098739624,-405.5370956659317,300.23698774399236,973.7341994047165
strength_lateral_HZ_2,TW-P050,N126,interior_applied_load,,-32.0,70.031,115.0,3.2832052528702147e-07,-7.3107377309877775,4.5308656678584636e-11,1.5433186998934778e-07,6.568485190367322e-08,-1.643279203626711e-12
strength_lateral_HZ_2,TW-P051,N521,interior_applied_load,,-32.0,76.322,197.438,-4.787337384878396e-11,-135.60925701533782,2.9314287630245375e-10,3.5597479051194373e-10,6.434107968914782e-10,-1.0144459666065233e-10
strength_lateral_HZ_2,TW-P052,N127,interior_applied_load,,-32.0,80.636,115.0,1.3311663562821974e-12,-10.450996934008655,3.308640255253586e-13,-4.150041523855091e-10,-9.84312471848326e-12,7.438389451805129e-14
strength_lateral_HZ_2,TW-P053,N338,interior_applied_load,,-32.0,82.753,173.982,1.3139594491467342e-12,-12.316251141526706,-1.3615030218141876e-11,-9.994083004518958e-12,-7.391145371684036e-12,-1.4741652976135384e-11
strength_lateral_HZ_2,TW-P054,N128,interior_applied_load,,-32.0,85.594,115.0,-3.709375922344826e-12,-13.78012973047325,7.187106611465941e-13,-9.030001166876959e-10,1.138109412995522e-11,-3.3541639792804115e-16
strength_lateral_HZ_2,TW-P055,N522,interior_applied_load,,-32.0,86.642,203.396,2.6382400322373565e-12,-139.1395231513629,-7.866194080053688e-11,-5.926910387040713e-11,3.0580659687715427e-11,3.6527620347052045e-11
strength_lateral_HZ_2,TW-P056,N339,interior_applied_load,,-32.0,95.756,154.322,-1.309694868323571e-13,-12.316251141572065,2.741762388146643e-12,7.753556917689222e-12,-4.793735411367457e-13,-4.4004160228709177e-13
strength_lateral_HZ_2,TW-P057,N523,interior_applied_load,,-32.0,96.962,209.354,4.613463045876968e-10,-131.84965121911392,3.0334828369003946e-10,-9.94538515078414e-10,-4.1206909977378005e-11,-3.752002311097662e-11
strength_lateral_HZ_2,TW-P058,N524,interior_applied_load,,-32.0,99.542,210.844,-1.1057629626674484e-10,-9.719829244183527,4.1523249980921973e-10,1.860438364197124e-09,4.4799659170610175e-10,-1.1732768605518362e-10
strength_lateral_HZ_2,TW-P059,N129,interior_applied_load,,-32.0,101.156,115.0,-5.201236050078133e-12,-15.962667203592103,1.0574760282087921e-12,-9.595340144681389e-10,-1.3959191302515267e-11,-7.384715522833522e-14
strength_lateral_HZ_2,TW-P060,N525,interior_applied_load,,-32.0,107.282,215.313,-3.262117740958979e-11,-136.7095658400618,-1.8045716661411126e-10,-5.560387651792595e-10,-5.440622380501368e-10,-1.468344754579451e-10
strength_lateral_HZ_2,TW-P061,N340,interior_applied_load,,-32.0,108.759,134.661,-4.831690603168681e-13,-12.316251141572138,1.4551915228366852e-11,-2.9103830456733704e-11,1.1368683772161603e-12,-3.0468072509393096e-11
strength_lateral_HZ_2,TW-P062,N130,interior_applied_load,,-32.0,109.364,115.0,1.0550774911800185e-11,-10.450996934136178,-1.5840873343506977e-12,-4.970458144474901e-10,1.7060225948218053e-12,2.829985400105334e-13
strength_lateral_HZ_2,TW-P063,N131,interior_applied_load,,-32.0,116.719,115.0,5.502859923705736e-12,-8.326422773336548,5.040567859061362e-12,3.651126650017958e-11,-3.457022825903684e-11,-3.642804704271735e-13
strength_lateral_HZ_2,TW-P064,N526,interior_applied_load,,-32.0,117.602,221.271,1.2745308556323832e-09,-131.67784701736835,-1.1625691419690045e-09,-2.6600181188326554e-09,1.0781019622405138e-10,-6.492922809336669e-10
strength_lateral_HZ_2,TW-P065,N527,interface_action,BR-R-main-2,-32.0,120.0,222.655,-32.8210768334742,-82.8132951415481,31.151374942414964,-1555.5513008883736,-711.0263520889644,-2721.8416884714843
strength_lateral_HZ_2,TW-P066,N132,interior_applied_load,,-32.0,121.762,115.0,-3.089610345341498e-09,-10.21677172521595,-1.4551915228366852e-11,-4.507455741986632e-09,-5.722995410906151e-10,7.048583938740194e-11
strength_lateral_HZ_2,TW-P067,N133,interior_applied_load,,-32.0,122.762,115.0,2.10024593272351e-08,-7.063900636844757,2.339400646533818e-07,3.067087628316756e-07,-1.545890287746002e-10,-1.6958777937503555e-08
strength_lateral_HZ_2,TW-P068,N310,interior_applied_load,,-32.0,122.762,117.5,-3.388999462162177e-09,-4.368740484840783,-2.2688380218075485e-07,2.1663507787778778e-07,-5.278802069506679e-11,3.3099742628886576e-08
strength_lateral_HZ_2,TW-P069,N311,interior_applied_load,,-32.0,122.762,143.543,3.8021513267768924e-14,-8.737480996181805,1.3379501495187558e-15,-2.9674686552642513e-13,-5.356424083192052e-15,-4.697575287950564e-13
strength_lateral_HZ_2,TW-P070,N312,interior_applied_load,,-32.0,122.762,169.586,2.1490679683310107e-14,-8.73748099617338,-1.3780949282837793e-14,5.731671195896312e-14,-1.2915159391395595e-14,1.2727502254695247e-13
strength_lateral_HZ_2,TW-P071,N313,interior_applied_load,,-32.0,122.762,195.629,-4.808498242055481e-14,-8.73748099617851,1.3510062632191732e-13,8.414981496220755e-13,3.610151706817706e-15,1.5119801241274132e-12
strength_lateral_HZ_2,TW-P072,N314,interior_applied_load,,-32.0,122.762,221.673,-1.1920928955078125e-07,-4.368740499019623,1.1920928955078125e-07,2.384185791015625e-07,-4.656612873077393e-10,1.1920928955078125e-07
strength_lateral_HZ_2,TW-P073,N528,interior_applied_load,,-32.0,122.762,224.25,0.0,-2.601761505007744,1.1920928955078125e-07,2.384185791015625e-07,-9.313225746154785e-10,0.0
strength_lateral_HZ_2,TW-P074,N529,interior_applied_load,,-32.0,122.762,226.093,6.519042807892783e-10,-3.358609921874707,-1.871698968893105e-11,-1.2780849250096905e-09,1.9380875609443898e-09,-1.6274184609620296e-12
strength_lateral_HZ_2,TW-P075,N530,interior_applied_load,,-32.0,126.88,226.093,-5.746371718182065e-10,-72.4043449599033,1.9152856137202643e-11,-6.301903089141991e-10,1.2226614862191206e-09,3.313551604534043e-12
strength_lateral_HZ_2,TW-P076,N134,interior_applied_load,,-32.0,132.281,115.0,-7.277557360544108e-12,-10.293827218227424,-4.441352117886669e-13,-3.792655280659352e-10,8.980354408101465e-12,1.4126380076818403e-13
strength_lateral_HZ_2,TW-P077,N531,interior_applied_load,,-32.0,135.116,226.093,2.2397819799432564e-10,-75.76295498788593,2.5242264681125225e-11,4.74214990043864e-10,6.453405348187841e-10,-6.689991199309273e-13
strength_lateral_HZ_2,TW-P078,N135,interior_applied_load,,-32.0,138.091,115.0,3.0980405729703814e-12,-10.450996934176754,3.3576909816084333e-12,-3.4714201091441463e-10,1.5057649643490867e-11,5.938609683138086e-13
strength_lateral_HZ_2,TW-P079,N532,interior_applied_load,,-32.0,143.351,226.093,-1.9016637129465823e-10,-73.49833689117831,-1.9785206171001887e-11,7.567625039921017e-10,-7.063596418441216e-11,-4.413569795946001e-12
strength_lateral_HZ_2,TW-P080,N136,interior_applied_load,,-32.0,147.844,115.0,4.724799162649636e-13,-17.00051725463006,1.6264919716737086e-12,3.31639795110551e-10,-4.025347059349612e-12,2.578052737536745e-13
strength_lateral_HZ_2,TW-P081,N533,interior_applied_load,,-32.0,148.81,226.093,7.2261833529050635e-09,-5.423258533852981,-1.4406191927968418e-11,5.344727308735262e-10,-2.1613216456965385e-09,2.2795543884791507e-11
strength_lateral_HZ_2,TW-P082,N534,interface_action,BR-R-cap-1,-32.0,150.0,226.093,22.347714487128968,-119.08838998189997,5.732847677426251,2296.0245538276404,131.39487013868077,-2749.062278851384
strength_lateral_HZ_2,TW-P083,N535,interior_applied_load,,-32.0,151.586,226.093,4.120496287124528e-09,-70.3396963616432,1.0862599702791981e-10,-6.562048492635306e-10,2.211567399415438e-09,-2.7627367454940094e-11
strength_lateral_HZ_2,TW-P084,N536,interior_applied_load,,-32.0,159.822,226.093,1.1394816437217462e-10,-75.76295488166643,-1.4637655134550656e-11,6.804407561917962e-12,-8.598836563251398e-16,-3.5114581408846827e-12
strength_lateral_HZ_2,TW-P085,N137,interior_applied_load,,-32.0,163.406,115.0,-1.3538939976936286e-11,-12.742279679436349,-1.081946842988904e-12,-4.209857657962622e-10,7.232567027254033e-12,-2.2358838089091853e-13
strength_lateral_HZ_2,TW-P086,N138,interior_applied_load,,-32.0,166.818,115.0,1.3634438830821975e-11,-10.450996721964609,1.1811823737656246e-12,-4.1898636713973226e-10,-3.139550557982186e-11,-8.62160037643994e-14
strength_lateral_HZ_2,TW-P087,N537,interior_applied_load,,-32.0,168.057,226.093,5.67123003901169e-11,-74.5923288223353,2.5329019031533948e-12,1.4593871797008197e-10,1.105157662800287e-10,1.4042660447226347e-12
strength_lateral_HZ_2,TW-P088,N538,interior_applied_load,,-32.0,174.857,226.093,1.4136398048066386e-09,-6.717219953502412,7.402594465183372e-11,1.2093449307210696e-09,-8.826703953326187e-10,-4.186990464539166e-12
strength_lateral_HZ_2,TW-P089,N539,interior_applied_load,,-32.0,176.293,226.093,-1.0945785712656873e-08,-70.2163610929528,-1.1036771502807043e-10,1.7242314216626128e-09,1.1550899448834129e-09,-1.309428917517602e-11
strength_lateral_HZ_2,TW-P090,N139,interior_applied_load,,-32.0,178.969,115.0,5.105433141963397e-12,-12.21000008868255,-7.08096491266664e-13,5.987234349687151e-10,-6.317506884339095e-12,-4.781373581267281e-14
strength_lateral_HZ_2,TW-P091,N540,interior_applied_load,,-32.0,184.528,226.093,0.0,-69.43064412474632,0.0,0.0,2.9802322387695312e-08,-2.9103830456733704e-11
strength_lateral_HZ_2,TW-P092,N15,interface_action,BR-W-2; W3,-32.0,185.0,115.0,3.790458827785433,2118.7460042425514,-339.21584798707244,4492.283070892293,-25.59372087663317,256.56485087199974
strength_lateral_HZ_2,TW-P093,N315,interface_action,W3,-32.0,185.0,117.5,-15.020427425547307,-1180.2089877008373,43.55985636691681,2994.7602501047386,-842.7711178252838,-663.6459756323542
strength_lateral_HZ_2,TW-P094,N16,interface_action,W3,-32.0,185.0,143.183,1.6096370999343564e-10,-7.613368507246578,1.9250646767582998e-10,8.562621702847161e-11,8.250869784322296e-14,-1.5689155093178784e-11
strength_lateral_HZ_2,TW-P095,N316,interface_action,W3,-32.0,185.0,144.148,-6.383020452540648e-11,-1.783856117216702,-4.3571242604166605e-10,2.8449025339970456e-10,1.5629745378927308e-13,-4.5746223268877625e-11
strength_lateral_HZ_2,TW-P096,N317,interface_action,W3,-32.0,185.0,170.797,2.769613487699403e-10,-1.7838561172320442,-2.3133222216146705e-10,-1.2906929228084576e-10,2.715104946426523e-13,7.459435070830784e-12
strength_lateral_HZ_2,TW-P097,N17,interface_action,W3,-32.0,185.0,171.82,1.6641225994623994e-10,-7.674110163573984,-2.168571609793305e-10,7.426200331332892e-11,-9.68755001475195e-14,6.741552843105773e-11
strength_lateral_HZ_2,TW-P098,N318,interface_action,W3,-32.0,185.0,197.445,-3.017827714288353e-12,-1.211736520343069,-1.389647864927127e-11,-1.1487949783415833e-11,1.1418820819825441e-13,5.020238614286986e-12
strength_lateral_HZ_2,TW-P099,N18,interface_action,W3,-32.0,185.0,200.457,-1.941902708103537e-12,-7.2721372342543456,1.2749502566763507e-11,4.540690173905842e-12,1.1914080113885776e-13,6.475495942645394e-12
strength_lateral_HZ_2,TW-P100,N319,interface_action,W3,-32.0,185.0,207.0,12.832771301269531,-325.2923073768616,530.9052010923624,2692.909546136856,245.87072563171387,107.29104099422693
strength_lateral_HZ_2,TW-P101,N320,interface_action,W3,-32.0,185.0,224.093,2.293165728892116,1375.6516491645552,-570.1000242236889,7977.7978142709235,600.2010032409618,1940.762413090452
strength_lateral_HZ_2,TW-P102,N19,interface_action,W3,-32.0,185.0,226.093,0.019010424613952637,35.168017506599426,-4.726145590655506,75.58846635371447,8.166833639144897,16.126997605198994
strength_lateral_HZ_2,TW-P103,N341,interior_applied_load,,-32.0,186.0,207.0,-9.5367431640625e-07,-0.3778500556945801,3.725290298461914e-09,0.0,4.76837158203125e-07,9.313225746154785e-10
strength_lateral_HZ_2,TW-P104,N342,interior_applied_load,,-32.0,187.0,207.0,-3.940413925378352e-08,-7.135516474124214,3.172349360029728e-08,1.2019068926219095e-07,-7.432570589378716e-10,4.180076164397275e-09
strength_lateral_HZ_2,TW-P105,N347,interior_applied_load,,-32.0,187.0,209.5,-6.202806658727014e-08,-2.448033937680166,-1.2381126581950748e-08,2.0319385971141378e-08,2.6738503747244596e-10,1.277295716988854e-07
strength_lateral_HZ_2,TW-P106,N348,interior_applied_load,,-32.0,187.0,224.093,5.731909674400182e-07,-2.4480339374864206,2.999619456295344e-08,2.589583934786699e-08,-8.04046909239563e-10,-5.90743568340546e-07
strength_lateral_HZ_2,TW-P107,N541,interior_applied_load,,-32.0,187.0,226.093,-4.842877388000488e-07,-6.332310779253021,-7.3225237429142e-08,1.264270395040512e-07,1.862645149230957e-09,-3.5678385756909847e-07
strength_lateral_HZ_2,TW-P108,N542,interior_applied_load,,-32.0,192.764,226.093,-6.806508652049434e-07,-67.12553596910843,1.0613571449039312e-09,1.3676473884895442e-08,3.376593513916025e-07,-8.07480053233634e-11
strength_lateral_HZ_2,TW-P109,N343,interior_applied_load,,-32.0,192.881,207.0,7.393557011070584e-08,-10.957649993122951,-2.4693437850054067e-09,-4.191063165959186e-08,-1.9790727818500885e-10,2.841487378724139e-08
strength_lateral_HZ_2,TW-P110,N349,interior_applied_load,,-32.0,192.881,209.5,-7.039868028910293e-08,-2.4480339368504755,-1.4943137690626179e-09,-1.3949815049129959e-08,-2.7739805235164795e-10,-2.3179965943094605e-08
strength_lateral_HZ_2,TW-P111,N350,interior_applied_load,,-32.0,192.881,224.093,-8.815868626776968e-08,-2.4480339365327612,-5.229856044758341e-09,2.5229208687471694e-08,4.937469161746766e-10,1.742564567641658e-07
strength_lateral_HZ_2,TW-P112,N543,interior_applied_load,,-32.0,192.881,226.093,-6.923044245687094e-06,-6.640585199124603,-2.6037955593853178e-08,2.016750417517989e-08,3.91008207638384e-07,1.7870808959171183e-07
strength_lateral_HZ_2,TW-P113,N140,interior_applied_load,,-32.0,194.531,115.0,-8.067933378974385e-11,-7.081799910668371,1.3106055538050167e-12,-1.4283296618310127e-10,1.0544420138634132e-11,-2.218262494330679e-13
strength_lateral_HZ_2,TW-P114,N141,interior_applied_load,,-32.0,195.545,115.0,-3.2437748122225195e-11,-10.450996934556818,2.8407150849735267e-12,-9.833352631190563e-11,1.6478899757856413e-11,-2.1392084988562425e-13
strength_lateral_HZ_2,TW-P115,N544,interior_applied_load,,-32.0,200.905,226.093,-4.327619811533619e-06,-6.6212118248288565,2.3525819413707257e-09,4.7758816760748135e-08,1.3571478316331394e-07,-1.1114306495567883e-10
strength_lateral_HZ_2,TW-P116,N545,interior_applied_load,,-32.0,200.999,226.093,1.1919843398328373e-06,-69.12236821409611,-1.6946270358233401e-09,-2.1302326837501563e-08,3.226018612067725e-07,2.216897579605561e-11
strength_lateral_HZ_2,TW-P117,N355,interior_applied_load,,-32.0,201.5,216.547,3.979660149921949e-13,-9.070891548655158,2.8341154376044096e-12,3.056781515697491e-12,-1.3988772537895292e-11,5.432640566606436e-12
strength_lateral_HZ_2,TW-P118,N546,interior_applied_load,,-32.0,209.234,226.093,9.15232795395363e-11,-74.56413435535215,2.5021192468144106e-11,-4.5970348466463825e-11,3.274837991364697e-10,2.4138863192720544e-10
strength_lateral_HZ_2,TW-P119,N142,interior_applied_load,,-32.0,210.094,115.0,-2.8281395350913693e-14,-19.291800000000087,6.611664503506766e-13,1.3506043375425126e-12,3.386955784929121e-13,7.903455417256568e-16
strength_lateral_HZ_2,TW-P120,N344,interior_applied_load,,-32.0,216.0,207.0,-1.7350305636654184e-08,-19.693079293068596,-2.5993331806417608e-08,2.5816938913070242e-08,-8.617632264162772e-10,7.318448291826485e-09
strength_lateral_HZ_2,TW-P121,N351,interior_applied_load,,-32.0,216.0,209.5,-9.445626581653778e-09,-2.4480339371002655,4.460529103520277e-08,1.0468289155115932e-08,1.723159745860858e-10,1.0571461573921664e-08
strength_lateral_HZ_2,TW-P122,N352,interior_applied_load,,-32.0,216.0,224.093,6.266502250440453e-08,-2.448033936833202,-7.747166147313578e-09,-3.0611226527546553e-08,1.4004497385098636e-10,3.272912429963526e-08
strength_lateral_HZ_2,TW-P123,N356,interior_applied_load,,-32.0,216.0,226.093,-1.5203098952388385e-07,-15.788111392101435,1.2592788653488792e-08,1.2122333622486061e-08,-3.0866453424044883e-10,5.3323621758872583e-08
strength_lateral_HZ_2,TW-P124,N547,interior_applied_load,,-32.0,217.47,226.093,-3.0928983457010582e-09,-70.24455556355794,-8.825073692978195e-11,-1.7393369085710424e-10,6.279587165999429e-10,-1.4188715620841814e-11
strength_lateral_HZ_2,TW-P125,N143,interior_applied_load,,-32.0,224.273,115.0,6.166889406367337e-11,-10.450996934034073,-1.8032552460876035e-12,-4.953296864235506e-11,-3.651026495195997e-11,-8.307843480014182e-15
strength_lateral_HZ_2,TW-P126,N144,interior_applied_load,,-32.0,225.656,115.0,-1.144461139157274e-10,-11.38010150091207,4.496578745162236e-12,-5.925733574510535e-11,-1.043253127772663e-12,-1.1473951294618952e-14
strength_lateral_HZ_2,TW-P127,N548,interior_applied_load,,-32.0,225.705,226.093,7.829005767868791e-10,-70.06309284044022,6.64639720204984e-11,-1.43693266374418e-10,-3.1125195572419844e-10,1.827506703287116e-11
strength_lateral_HZ_2,TW-P128,N549,interior_applied_load,,-32.0,226.952,226.093,-9.165430564303646e-10,-6.7172198439053945,-5.478817783047412e-11,1.7663388244861706e-11,1.2042462907850472e-09,-1.0055586101210098e-11
strength_lateral_HZ_2,TW-P129,N357,interior_applied_load,,-32.0,230.5,216.547,-2.334494249528653e-12,-9.07089154865472,1.420316845714026e-13,1.2526121620322627e-11,2.040365733934194e-12,-1.7854002175930413e-12
strength_lateral_HZ_2,TW-P130,N550,interior_applied_load,,-32.0,233.941,226.093,-1.694582195558149e-09,-68.89246678399597,6.519435679355561e-11,1.0251643287454998e-09,3.454358229124583e-10,-9.716141827949382e-12
strength_lateral_HZ_2,TW-P131,N551,interface_action,BR-R-cap-2,-32.0,235.0,226.093,-95.67786551204823,-154.10487226433625,36.313346791963454,-2110.903072127641,-407.2055941046093,-5157.916939149914
strength_lateral_HZ_2,TW-P132,N145,interior_applied_load,,-32.0,241.219,115.0,3.632077532777205e-13,-14.333395172816575,-1.9671717779746463e-13,-1.7039304875504593e-11,-3.87657262678415e-12,1.9403601072315422e-14
strength_lateral_HZ_2,TW-P133,N552,interior_applied_load,,-32.0,242.176,226.093,3.24962264467522e-11,-70.48501501787425,-4.060965836496095e-11,2.81412131098915e-12,4.19585275751948e-12,-9.49554571857286e-13
strength_lateral_HZ_2,TW-P134,N345,interior_applied_load,,-32.0,245.0,207.0,-2.9461561832853383e-08,-15.87094577503698,5.5667714996301645e-09,7.439622081423118e-08,-3.2463511345934905e-10,1.1976674796059121e-09
strength_lateral_HZ_2,TW-P135,N353,interior_applied_load,,-32.0,245.0,209.5,-2.4400732552075086e-09,-2.4480339373813864,-1.52277350953945e-08,1.2003969162001312e-08,-1.0280866640189672e-10,-6.195241458129696e-09
strength_lateral_HZ_2,TW-P136,N354,interior_applied_load,,-32.0,245.0,224.093,4.668580799727096e-10,-2.4480339370738387,1.0221279887409618e-07,6.658966162503832e-08,-4.559315889431214e-10,9.305247128388316e-10
strength_lateral_HZ_2,TW-P137,N553,interior_applied_load,,-32.0,245.0,226.093,1.479405943236034e-09,-3.934669726685713,-6.761664077848304e-08,1.3875842108466435e-07,-9.370816359473698e-11,-1.2973928310660385e-10
strength_lateral_HZ_2,TW-P138,N346,interior_applied_load,,-32.0,246.0,207.0,4.76837158203125e-07,-0.3778499960899353,0.0,2.9802322387695312e-08,2.384185791015625e-07,0.0
strength_lateral_HZ_2,TW-P139,N146,interior_applied_load,,-32.0,247.0,115.0,1.5281667042899016e-09,-5.225498468154126,-9.123221345053167e-09,2.5534976910712714e-10,-3.2973377094500624e-10,2.7374398192669958e-08
strength_lateral_HZ_2,TW-P140,N321,interior_applied_load,,-32.0,247.0,117.5,2.3244585935738626e-08,-4.4702584843585145,4.848375575322327e-10,-1.67692007997025e-08,-2.408167545307828e-11,-2.083266314028611e-09
strength_lateral_HZ_2,TW-P141,N322,interior_applied_load,,-32.0,247.0,144.148,7.220476282091761e-16,-8.940516968503143,-2.6603509984664127e-16,1.3843046706677794e-13,1.1909571628281924e-14,-7.059866150017084e-14
strength_lateral_HZ_2,TW-P142,N323,interior_applied_load,,-32.0,247.0,170.797,-3.2271385043141384e-15,-8.940516968503381,-1.5203601847447398e-14,-7.157059412456187e-15,-4.992385938512526e-15,-1.8274490226105023e-14
strength_lateral_HZ_2,TW-P143,N324,interior_applied_load,,-32.0,247.0,197.445,6.473417215029988e-13,-6.073108036479337,3.1311088877606486e-13,2.9990426812993205e-12,-3.798809244259392e-14,1.9039157542637136e-12
strength_lateral_HZ_2,TW-P144,N325,interior_applied_load,,-32.0,247.0,207.0,-4.76837158203125e-07,-4.470258474349976,0.0,0.0,0.0,9.313225746154785e-10
strength_lateral_HZ_2,TW-P145,N326,interior_applied_load,,-32.0,247.0,224.093,2.9802322387695312e-08,-2.8674089319538325,0.0,-5.960464477539063e-08,-4.656612873077393e-10,-3.725290298461914e-09
strength_lateral_HZ_2,TW-P146,N554,interior_applied_load,,-32.0,247.0,226.093,-2.9802322387695312e-08,-3.2626000789459795,5.960464477539063e-08,-1.1920928955078125e-07,0.0,-1.4901161193847656e-08
strength_lateral_HZ_2,TW-P147,N147,interface_action,BR-N-upper-1; T-N; W4,-32.0,249.0,115.0,30.80305501781489,19.8915696396976,195.6764335735506,-2320.346662044149,-1067.9151698625308,-157.89770645441686
strength_lateral_HZ_2,TW-P148,N555,interface_action,BR-N-upper-2; T-N top / segment 1; W4,-32.0,249.0,226.093,50.85405222239313,56.726394898084564,3.4622610793875457,788.6507173917952,1241.5640598158368,4953.27616574584
strength_lateral_HZ_2,TW-P149,N556,interface_action,T-N top / segment 1; W4,-32.0,250.411,226.093,5.389321253922677e-10,-0.5866854454878029,-3.0784494076378945e-10,-1.114929009340165e-10,5.999985314331313e-10,4.975724873387213e-12
strength_lateral_HZ_2,TW-P150,N148,interface_action,T-N; W4,-32.0,252.0,115.0,2.345064480370703,79.04726527927976,0.31001727699182813,20.37292886379386,29.003674364572714,-93.68562769715274
strength_lateral_HZ_2,TW-P151,N327,interior_applied_load,,-32.0,252.0,117.5,7.855335942190793e-10,-4.4702584844641065,-2.953600968195729e-09,4.158566027469652e-09,5.875408517760155e-11,-2.051975607520751e-09
strength_lateral_HZ_2,TW-P152,N328,interior_applied_load,,-32.0,252.0,144.148,-1.5219483317444039e-15,-8.940516968503253,-7.48722277899369e-15,-1.1773559530213055e-13,7.279819797987909e-15,3.023872903710659e-13
strength_lateral_HZ_2,TW-P153,N329,interior_applied_load,,-32.0,252.0,170.797,2.031788600335878e-14,-8.940516968503253,-1.0861804849760627e-14,-3.04959547025984e-14,7.992289419372115e-15,-9.298598718412104e-14
strength_lateral_HZ_2,TW-P154,N330,interior_applied_load,,-32.0,252.0,197.445,-2.019417386221126e-14,-8.940516968503312,-3.6366601414023524e-14,-3.287976942450457e-13,-1.1487264691390395e-14,-2.9599167251167966e-13
strength_lateral_HZ_2,TW-P155,N331,interior_applied_load,,-32.0,252.0,224.093,0.0,-4.470258484361693,5.960464477539063e-08,1.1920928955078125e-07,0.0,2.9802322387695312e-08
strength_lateral_HZ_2,TW-P156,N557,interface_action,T-N top / segment 1; W4,-32.0,252.0,226.093,-2.3419505804777145,-43.54402379505336,-0.3078433871269226,14.933076441287994,-28.96516144927591,-165.14084766805172
strength_lateral_HZ_2,TW-P157,N27,interface_action,BR-N-ground-2; BR-W-1; T-N; W4,-32.0,253.0,115.0,-0.618339197506453,4.273953108490682,6.567151288159713,-4.073178358213868,-3.8390254421101337,11.460426870873196
strength_lateral_HZ_2,TW-P158,N31,interface_action,T-N top / segment 1; W4,-32.0,253.0,226.093,0.41023380495607853,0.6874072677455842,0.23581233224831522,8.499310256447643,5.584110307507217,49.23757975799526
strength_lateral_HZ_-2,TW-P001,N76,interface_action,SW0; T-SO,-32.0,-63.0,115.0,0.6349461687335856,-414.19348581501487,1510.126448053327,2254.494791360964,162.99417472419458,-418.5166731632098
strength_lateral_HZ_-2,TW-P002,N78,interface_action,SW0,-32.0,-63.0,117.0,9.038844981230795,-582.1272815302455,-1493.0951301429977,-1003.2997248549709,646.6426429752319,-322.4475804978574
strength_lateral_HZ_-2,TW-P003,N115,interior_applied_load,,-32.0,-61.0,115.0,-2.085229416249189e-10,-25.541349478604783,-3.9316627599499365e-12,-5.2222409915704774e-11,4.5118085476798253e-10,3.724097167599834e-12
strength_lateral_HZ_-2,TW-P004,N504,interior_applied_load,,-32.0,-57.84,119.979,-1.4551915228366852e-11,-134.2796085290829,-2.7284841053187847e-12,-7.275957614183426e-12,2.9103830456733704e-11,0.0
strength_lateral_HZ_-2,TW-P005,N505,interior_applied_load,,-32.0,-47.52,125.937,7.46433057463791e-12,-136.70956584018685,-8.416985487527957e-13,-7.982511547189417e-12,3.641748893857326e-12,-3.952745864130526e-12
strength_lateral_HZ_-2,TW-P006,N332,interior_applied_load,,-32.0,-41.0,128.124,-3.410605131648481e-13,-12.499098957164087,1.1368683772161603e-12,-1.3642420526593924e-12,3.183231456205249e-12,-2.5011104298755527e-12
strength_lateral_HZ_-2,TW-P007,N506,interior_applied_load,,-32.0,-39.78,130.406,1.790038532072921e-10,-9.719829244493466,6.116232903158292e-11,7.507141591193614e-11,-9.83433050935697e-11,-6.599796855637295e-11
strength_lateral_HZ_-2,TW-P008,N507,interior_applied_load,,-32.0,-37.2,131.896,-1.3174018118598556e-10,-131.84965121790907,-1.1953769289963134e-10,3.955963480359815e-11,9.859155476400171e-14,2.097327806437351e-12
strength_lateral_HZ_-2,TW-P009,N116,interior_applied_load,,-32.0,-34.273,115.0,-1.4031369768810664e-12,-26.86199989792376,1.4242084182700347e-12,-7.134237851129108e-11,-7.018947757712914e-12,4.43100238070127e-14
strength_lateral_HZ_-2,TW-P010,N508,interior_applied_load,,-32.0,-26.88,137.854,-3.7208595530733053e-13,-134.95721460010168,2.5798706886388346e-12,-8.262036892182763e-11,1.0908365411061883e-10,-1.5743970827459307e-11
strength_lateral_HZ_-2,TW-P011,N117,interior_applied_load,,-32.0,-21.0,115.0,-6.222428322599782e-09,-19.291800000377584,4.400162734174984e-09,-3.783778318444675e-09,-2.8317001374387315e-13,-2.8473002705586836e-09
strength_lateral_HZ_-2,TW-P012,N301,interior_applied_load,,-32.0,-21.0,117.5,4.74818780034066e-09,-3.5514958140905613,6.062370423259122e-10,2.3391039729881387e-09,9.67844210294733e-13,-2.011471471590999e-09
strength_lateral_HZ_-2,TW-P013,N302,interior_applied_load,,-32.0,-21.0,138.671,0.0,-3.551495814230293,-7.450580596923828e-09,0.0,5.820766091346741e-11,-2.9802322387695312e-08
strength_lateral_HZ_-2,TW-P014,N333,interior_applied_load,,-32.0,-21.0,141.249,-1.4901161193847656e-08,-15.969378723297268,1.4901161193847656e-08,1.4901161193847656e-08,5.820766091346741e-11,5.960464477539063e-08
strength_lateral_HZ_-2,TW-P015,N509,interior_applied_load,,-32.0,-16.559,143.812,4.448791646158487e-11,-133.60200263301596,1.9315138758724495e-11,-3.2801927653370494e-10,-1.3161984114057326e-10,2.3342680927580638e-11
strength_lateral_HZ_-2,TW-P016,N510,interior_applied_load,,-32.0,-6.239,149.771,-7.275957614183426e-12,-135.29601763565734,7.275957614183426e-12,-8.731149137020111e-11,5.820766091346741e-11,-2.9103830456733704e-11
strength_lateral_HZ_-2,TW-P017,N118,interior_applied_load,,-32.0,-5.545,115.0,-4.329150093089709e-11,-14.102550169183898,6.530657438713346e-12,-3.706764473143211e-11,-1.795138979239431e-10,2.928855916654008e-11
strength_lateral_HZ_-2,TW-P018,N5,interface_action,T-S; W1,-32.0,0.0,115.0,151.49703538962504,3803.482542561367,11.41605193520627,-1527.2652859293094,234.57932772106278,-1238.5747768144531
strength_lateral_HZ_-2,TW-P019,N303,interface_action,W1,-32.0,-0.0,117.5,-135.7492246628456,-806.1769668852834,-142.1471916801224,-1316.6393627599607,-315.96367469262583,1359.8657102788227
strength_lateral_HZ_-2,TW-P020,N6,interface_action,W1,-32.0,0.0,130.311,-1.8245629435305774e-12,-5.14164461342702,-1.9361881793388e-13,5.747779285410328e-14,4.433603247936082e-14,7.656172444162968e-13
strength_lateral_HZ_-2,TW-P021,N304,interface_action,W1,-32.0,-0.0,134.148,1.632073082222761e-12,-1.1144179189498806,1.0860966922406932e-13,-5.708773001011731e-13,-4.918435188053298e-15,7.641083930066657e-13
strength_lateral_HZ_-2,TW-P022,N305,interface_action,W1,-32.0,-0.0,150.796,135.74922468460005,776.6971814258658,142.14719170845945,-3416.2935314824263,315.96367469247315,3160.040473683393
strength_lateral_HZ_-2,TW-P023,N7,interface_action,BR-R-main-1; T-S top / segment 1; W1,-32.0,0.0,153.373,-183.11849523728597,132.0678133862384,-62.18236163913389,2228.7573232050636,-963.2841839430621,-3193.869746823475
strength_lateral_HZ_-2,TW-P024,N511,interior_applied_load,,-32.0,4.081,155.729,3.2014213502407074e-10,-125.97332766425097,-2.9103830456733704e-11,2.3283064365386963e-10,3.4924596548080444e-10,-5.820766091346741e-11
strength_lateral_HZ_-2,TW-P025,N512,interior_applied_load,,-32.0,6.661,157.219,-3.3917226023446265e-11,-9.719829244228787,-3.56948378231448e-11,-2.2098298795709356e-10,-3.463820835239659e-11,3.4332055264924867e-11
strength_lateral_HZ_-2,TW-P026,N119,interior_applied_load,,-32.0,7.781,115.0,1.2442983933405845e-12,-15.567749916726076,1.498481267872562e-11,4.823620212800892e-11,1.2590275119158743e-11,-1.3946474721051046e-12
strength_lateral_HZ_-2,TW-P027,N513,interior_applied_load,,-32.0,14.401,161.688,3.5043741703476393e-12,-136.70956584019189,-3.785156492497315e-11,9.282690964848644e-11,-4.562509014958702e-11,-2.5293231520957592e-11
strength_lateral_HZ_-2,TW-P028,N334,interior_applied_load,,-32.0,17.438,134.661,-1.1368683772161603e-13,-13.73105681126799,0.0,0.0,-2.2737367544323206e-13,0.0
strength_lateral_HZ_-2,TW-P029,N120,interior_applied_load,,-32.0,23.182,115.0,-1.379786924154306e-07,-10.450997452856504,1.2388461287920587e-10,7.99132920504005e-08,-8.476066339035148e-09,1.0495545099818343e-13
strength_lateral_HZ_-2,TW-P030,N121,interior_applied_load,,-32.0,23.344,115.0,2.517593424532595e-07,-10.559740508056565,-2.241407686388872e-11,1.4562837934169869e-08,-3.486652615951688e-08,1.2712551885590747e-12
strength_lateral_HZ_-2,TW-P031,N514,interior_applied_load,,-32.0,24.721,167.646,-7.449518447312281e-12,-134.27960852918528,7.569012387184167e-12,6.456742494108896e-10,1.8851418961454813e-10,-3.862380147405605e-11
strength_lateral_HZ_-2,TW-P032,N515,interior_applied_load,,-32.0,29.881,170.625,-3.862538963013874e-11,-9.719829244359785,4.9714194265304933e-11,1.1745507099033951e-09,1.1108001814265825e-10,-7.034322780283587e-11
strength_lateral_HZ_-2,TW-P033,N335,interior_applied_load,,-32.0,34.875,154.322,-8.598606611227838e-14,-13.731056811259757,2.906586129484143e-12,7.58317063299373e-13,1.9998222345828407e-13,4.825918684612691e-13
strength_lateral_HZ_-2,TW-P034,N516,interior_applied_load,,-32.0,35.041,173.604,-1.1636830894733387e-11,-134.2796085290654,5.860744800478774e-11,1.710946103674799e-09,-9.73045717935733e-11,4.12746567802855e-11
strength_lateral_HZ_-2,TW-P035,N122,interior_applied_load,,-32.0,38.906,115.0,2.2881015293730466e-12,-19.183054727812106,2.527705313249005e-12,7.763091244669674e-11,-4.815983926940699e-12,-1.705349365958879e-13
strength_lateral_HZ_-2,TW-P036,N517,interior_applied_load,,-32.0,45.361,179.562,1.112448854695739e-12,-136.70956584028042,1.7513299910381105e-11,1.2871856906654821e-09,3.6298250282158695e-13,9.769044185542939e-11
strength_lateral_HZ_-2,TW-P037,N123,interior_applied_load,,-32.0,51.909,115.0,-2.1539236351053613e-12,-10.450996934446387,-2.6799117916635822e-11,1.0265513113494562e-09,6.323109827999965e-11,4.846631976791718e-13
strength_lateral_HZ_-2,TW-P038,N336,interior_applied_load,,-32.0,52.313,173.982,-2.356431291185099e-12,-13.731056811254355,1.1664898323491243e-11,-1.579246835867001e-11,-2.1755027140340325e-11,1.3395379037777229e-11
strength_lateral_HZ_-2,TW-P039,N518,interior_applied_load,,-32.0,53.102,184.031,-3.4030232154158564e-10,-9.719829244208867,-4.02535481386166e-11,8.743290955006213e-10,-4.15923606424344e-10,3.2217451752419565e-10
strength_lateral_HZ_-2,TW-P040,N124,interior_applied_load,,-32.0,54.469,115.0,-4.770636298677985e-11,-11.981062560196731,-1.2358231063244808e-12,1.563908186773128e-09,2.614657122743277e-11,-1.9359152342540602e-14
strength_lateral_HZ_-2,TW-P041,N519,interior_applied_load,,-32.0,55.682,185.521,5.788401908089441e-10,-131.84965121814483,-1.2706424401347352e-10,-9.344109673255696e-10,-8.14480248806587e-10,2.6685592676003287e-10
strength_lateral_HZ_-2,TW-P042,N520,interior_applied_load,,-32.0,66.002,191.479,-4.743582166144085e-10,-132.9499602167232,9.280549361288418e-11,2.3782218588509104e-10,4.77572051620658e-10,-1.308381691694253e-10
strength_lateral_HZ_-2,TW-P043,N125,interior_applied_load,,-32.0,69.75,115.0,3.4536658866102243e-08,-10.450995705845855,7.851365335653782e-09,-1.6429819060803652e-08,-2.131376465756858e-09,-1.073702460274717e-09
strength_lateral_HZ_-2,TW-P044,N306,interior_applied_load,,-32.0,69.75,117.5,-1.2378310942797344e-09,-4.1135597846165,1.909341219158392e-09,1.1369845258214172e-09,-8.437215129832219e-11,-1.371570765045456e-09
strength_lateral_HZ_-2,TW-P045,N307,interior_applied_load,,-32.0,69.75,142.022,1.9525493603121513e-13,-5.475904845843159,-2.573370555066925e-13,4.510091022315572e-13,1.7415457715087233e-15,-1.3396657387972151e-13
strength_lateral_HZ_-2,TW-P046,N218,interface_action,T1 upper lower chord,-32.0,69.75,150.143,57.25036795202977,-83.19213262609522,-6.552857553343197,68.06185372337846,81.11148619653856,190.03654896338506
strength_lateral_HZ_-2,TW-P047,N308,interior_applied_load,,-32.0,69.75,166.544,-1.2235183312035676e-14,-6.864774537908874,4.3776062941973194e-13,-1.4532798158713377e-12,-4.287514882613521e-15,3.974993848373369e-12
strength_lateral_HZ_-2,TW-P048,N309,interior_applied_load,,-32.0,69.75,191.066,-1.1920928955078125e-07,-4.113559797406197,-1.1920928955078125e-07,-1.1920928955078125e-07,0.0,0.0
strength_lateral_HZ_-2,TW-P049,N337,interface_action,T1 top / segment 1,-32.0,69.75,193.643,-19.718105256557465,-205.60251632332802,4.920660376548767,-305.6869447231293,250.44862183037912,1258.1753898262978
strength_lateral_HZ_-2,TW-P050,N126,interior_applied_load,,-32.0,70.031,115.0,7.235125264853427e-08,-7.310737995636219,4.426473432981349e-11,2.084972661450662e-07,1.0164956356935781e-08,8.055317477313073e-12
strength_lateral_HZ_-2,TW-P051,N521,interior_applied_load,,-32.0,76.322,197.438,1.9913800926677335e-10,-135.60925701523595,3.987034357939827e-10,1.1359723102231393e-09,9.111799281734487e-11,-7.070823053809719e-11
strength_lateral_HZ_-2,TW-P052,N127,interior_applied_load,,-32.0,80.636,115.0,1.6765129135799026e-12,-10.450996934007431,7.431140952565085e-12,-2.788954190945076e-10,2.1214772851234452e-11,-3.3537530062925003e-13
strength_lateral_HZ_-2,TW-P053,N338,interior_applied_load,,-32.0,82.753,173.982,-2.477135804798049e-12,-12.31625114153272,-4.1818513749126666e-12,1.1659766341459962e-11,6.390380038938036e-12,1.46061858150076e-11
strength_lateral_HZ_-2,TW-P054,N128,interior_applied_load,,-32.0,85.594,115.0,-6.4503370282886295e-12,-13.780129730735162,-2.32985823818462e-12,-3.2106583032688047e-10,-3.928095233754865e-12,-4.715059282675213e-13
strength_lateral_HZ_-2,TW-P055,N522,interior_applied_load,,-32.0,86.642,203.396,-4.881829827912526e-12,-139.13952315134082,-1.712037321275273e-10,3.1313951159823217e-10,-3.1358006531103767e-11,-3.519760570039622e-11
strength_lateral_HZ_-2,TW-P056,N339,interior_applied_load,,-32.0,95.756,154.322,-2.2912438847913988e-14,-12.316251141576096,9.288433653817577e-12,7.017309463548498e-12,-2.578526170186145e-13,-7.45138476199237e-13
strength_lateral_HZ_-2,TW-P057,N523,interior_applied_load,,-32.0,96.962,209.354,1.1195361628354329e-10,-131.84965121742752,-6.6025412763194e-11,-2.2872333761503564e-09,6.057081834807096e-10,-2.929347751429699e-10
strength_lateral_HZ_-2,TW-P058,N524,interior_applied_load,,-32.0,99.542,210.844,-2.0095762339310425e-10,-9.719829245396793,1.0026726696963682e-09,-3.5233033791260045e-10,4.045697469874979e-10,-4.656685128546842e-10
strength_lateral_HZ_-2,TW-P059,N129,interior_applied_load,,-32.0,101.156,115.0,2.0807082185514245e-12,-15.962667203722473,-2.423584944150366e-13,2.5333668999779837e-10,4.014326208555746e-11,-1.519262051611946e-13
strength_lateral_HZ_-2,TW-P060,N525,interior_applied_load,,-32.0,107.282,215.313,-2.4262511974846008e-11,-136.70956584013808,-1.8779192528469302e-10,2.385716869908546e-10,7.434153226648552e-10,-1.4484113585553906e-11
strength_lateral_HZ_-2,TW-P061,N340,interior_applied_load,,-32.0,108.759,134.661,-1.1368683772161603e-13,-12.316251141557586,0.0,7.275957614183426e-12,-2.4556356947869062e-11,-3.728928277269006e-11
strength_lateral_HZ_-2,TW-P062,N130,interior_applied_load,,-32.0,109.364,115.0,1.9896967289943756e-11,-10.45099693402998,-1.030609386095496e-12,6.081107526927472e-10,4.9384742851202796e-11,4.927580147305011e-14
strength_lateral_HZ_-2,TW-P063,N131,interior_applied_load,,-32.0,116.719,115.0,4.7348970010501455e-11,-8.32642277362334,2.492478688878436e-12,1.6103395394467465e-09,2.902152077106071e-10,-1.261581618959147e-14
strength_lateral_HZ_-2,TW-P064,N526,interior_applied_load,,-32.0,117.602,221.271,1.1503777514382656e-10,-131.6778470147289,-2.7410038469883817e-09,-5.068114558151695e-09,2.484553141527767e-10,1.6519330276135374e-10
strength_lateral_HZ_-2,TW-P065,N527,interface_action,BR-R-main-2,-32.0,120.0,222.655,10.249804384317544,-91.76511423095607,15.100391505325248,-1410.0400701309532,-988.3422241093144,-2388.9893029311015
strength_lateral_HZ_-2,TW-P066,N132,interior_applied_load,,-32.0,121.762,115.0,-6.4985670178430155e-09,-10.216771701074322,7.275957614183426e-12,-1.2696546036750078e-09,-1.8308128346689045e-09,2.7284841053187847e-11
strength_lateral_HZ_-2,TW-P067,N133,interior_applied_load,,-32.0,122.762,115.0,1.5733536695705652e-08,-7.063900636323886,-2.3108409696881438e-07,-4.117413267001879e-07,-1.5464086507997817e-09,-3.5771037909526626e-08
strength_lateral_HZ_-2,TW-P068,N310,interior_applied_load,,-32.0,122.762,117.5,-2.1237931742668548e-08,-4.3687404895736455,2.3806522981028343e-07,-2.0763284049508831e-07,3.147577976613862e-10,6.714894427686062e-08
strength_lateral_HZ_-2,TW-P069,N311,interior_applied_load,,-32.0,122.762,143.543,1.1247769463298029e-14,-8.73748099619629,4.472250088540881e-15,4.5497607278724895e-14,1.0833195574978015e-15,-8.073985147168137e-14
strength_lateral_HZ_-2,TW-P070,N312,interior_applied_load,,-32.0,122.762,169.586,-7.842077318039494e-15,-8.73748099616442,2.746994710206635e-14,6.451088571674027e-13,4.567249381262562e-15,-1.3864096590164997e-13
strength_lateral_HZ_-2,TW-P071,N313,interior_applied_load,,-32.0,122.762,195.629,1.020841675114355e-14,-8.737480996187665,2.0833942336464166e-14,2.784180878255937e-12,8.814782920679392e-15,3.516619155112545e-13
strength_lateral_HZ_-2,TW-P072,N314,interior_applied_load,,-32.0,122.762,221.673,-1.1920928955078125e-07,-4.368740499019623,-2.384185791015625e-07,0.0,0.0,0.0
strength_lateral_HZ_-2,TW-P073,N528,interior_applied_load,,-32.0,122.762,224.25,2.384185791015625e-07,-2.601761519908905,3.5762786865234375e-07,0.0,-1.862645149230957e-09,2.384185791015625e-07
strength_lateral_HZ_-2,TW-P074,N529,interior_applied_load,,-32.0,122.762,226.093,-1.652504044840141e-10,-3.3586099216420258,-3.600579396316485e-11,-1.3397439932140404e-09,-8.601821787561234e-10,3.5807306096762075e-12
strength_lateral_HZ_-2,TW-P075,N530,interior_applied_load,,-32.0,126.88,226.093,4.0222189727666385e-11,-72.40434496006078,1.1353913189725806e-10,-7.650359126073761e-10,-2.8482309295597145e-10,-4.37923049807256e-12
strength_lateral_HZ_-2,TW-P076,N134,interior_applied_load,,-32.0,132.281,115.0,-1.8958819807067928e-11,-10.293827218349051,4.531263897585533e-12,-5.984539378846488e-11,6.626619353407789e-11,-4.720098140774926e-14
strength_lateral_HZ_-2,TW-P077,N531,interior_applied_load,,-32.0,135.116,226.093,-2.8028997503579927e-11,-75.76295498779203,-4.4157274065148586e-11,-4.0449011052263307e-10,4.1366996965168753e-10,2.190203944633417e-12
strength_lateral_HZ_-2,TW-P078,N135,interior_applied_load,,-32.0,138.091,115.0,-5.305963138785956e-12,-10.450996934089591,6.515547432920577e-12,-6.884957807796595e-10,-4.15398819427171e-11,1.1986286971818655e-13
strength_lateral_HZ_-2,TW-P079,N532,interior_applied_load,,-32.0,143.351,226.093,-4.3581965042247406e-11,-73.49833689123432,9.594868335929697e-11,-5.843227005673351e-10,7.362360906850939e-10,-3.404150892486742e-13
strength_lateral_HZ_-2,TW-P080,N136,interior_applied_load,,-32.0,147.844,115.0,2.342569534156667e-12,-17.00051725467582,-6.364793938328404e-13,-7.977574429191212e-10,1.0664000117103557e-10,1.4728168051277863e-13
strength_lateral_HZ_-2,TW-P081,N533,interior_applied_load,,-32.0,148.81,226.093,-2.866081312437436e-08,-5.423258543444309,1.0169920608309328e-10,3.2963779540179615e-09,-6.105264092098269e-09,1.803797575121235e-11
strength_lateral_HZ_-2,TW-P082,N534,interface_action,BR-R-cap-1,-32.0,150.0,226.093,-60.11993334437459,-142.73678543393956,-14.565228971106873,2234.3211020828026,-514.6524932487814,-4458.148835254515
strength_lateral_HZ_-2,TW-P083,N535,interior_applied_load,,-32.0,151.586,226.093,-2.045959484590909e-09,-70.33969634898342,1.9103516908964856e-10,7.868249786225332e-09,4.614955565343147e-09,-5.967934301328704e-12
strength_lateral_HZ_-2,TW-P084,N536,interior_applied_load,,-32.0,159.822,226.093,-2.28234914803492e-11,-75.76295488162336,-7.113011504634237e-11,-1.0277231648382387e-11,4.044595402986255e-11,-4.7240615914502455e-12
strength_lateral_HZ_-2,TW-P085,N137,interior_applied_load,,-32.0,163.406,115.0,-3.872872887231108e-10,-12.742279679366025,-1.4371712022666984e-11,-4.979175775838388e-10,-4.365874653725449e-10,2.707538778713334e-13
strength_lateral_HZ_-2,TW-P086,N138,interior_applied_load,,-32.0,166.818,115.0,8.971212693795009e-11,-10.45099672175153,6.869991118440915e-12,-8.346703128355007e-10,2.146743934107338e-11,-7.430123856956855e-13
strength_lateral_HZ_-2,TW-P087,N537,interior_applied_load,,-32.0,168.057,226.093,8.733991934902459e-11,-74.59232882234764,1.3075138660412397e-10,-4.4186643354238755e-10,4.518928735220507e-10,-5.038439888092409e-12
strength_lateral_HZ_-2,TW-P088,N538,interior_applied_load,,-32.0,174.857,226.093,-9.112095242786125e-09,-6.717219952818618,6.12360966670886e-11,-8.453682095385338e-10,4.079363206221992e-09,1.1641010013405923e-11
strength_lateral_HZ_-2,TW-P089,N539,interior_applied_load,,-32.0,176.293,226.093,9.444893916079123e-09,-70.21636109325665,1.0441658615950014e-10,6.447595782348513e-10,-1.5645153261104754e-10,-1.0301746838524759e-11
strength_lateral_HZ_-2,TW-P090,N139,interior_applied_load,,-32.0,178.969,115.0,-2.803774177978158e-11,-12.210000088592782,-3.976826063442987e-12,-1.9327762672723175e-10,-2.3893280516988863e-10,3.223238930511869e-13
strength_lateral_HZ_-2,TW-P091,N540,interior_applied_load,,-32.0,184.528,226.093,0.0,-69.43064410984516,-9.313225746154785e-10,-3.725290298461914e-09,-2.9802322387695312e-08,0.0
strength_lateral_HZ_-2,TW-P092,N15,interface_action,BR-W-2; W3,-32.0,185.0,115.0,0.7429194311836156,2251.700043199836,-247.75999665603473,4798.944639572497,-265.5068847838769,-628.9233593202849
strength_lateral_HZ_-2,TW-P093,N315,interface_action,W3,-32.0,185.0,117.5,-62.23838118856008,-1273.2822934915869,1.3340068920986692,1132.4246628947778,653.8298029224267,1639.9720906371774
strength_lateral_HZ_-2,TW-P094,N16,interface_action,W3,-32.0,185.0,143.183,-7.123434280121754e-10,-7.613368507236071,3.2503968282673477e-10,-1.3409695553343757e-11,1.035624371223238e-13,1.404743789181604e-10
strength_lateral_HZ_-2,TW-P095,N316,interface_action,W3,-32.0,185.0,144.148,-4.82550611522132e-10,-1.7838561172330198,-6.666241369393176e-10,3.4451818408877783e-10,-4.780495601539696e-14,-2.190360394817984e-10
strength_lateral_HZ_-2,TW-P096,N317,interface_action,W3,-32.0,185.0,170.797,-1.0217882778857364e-10,-1.7838561172344956,-5.895329597490799e-10,-3.83989844411133e-10,2.1507895941012916e-13,7.215445226729059e-10
strength_lateral_HZ_-2,TW-P097,N17,interface_action,W3,-32.0,185.0,171.82,-1.6038608941516182e-09,-7.674110163565112,1.0828875836677603e-10,-1.0545934629013694e-10,-4.635041386946812e-13,-5.672371177576293e-10
strength_lateral_HZ_-2,TW-P098,N318,interface_action,W3,-32.0,185.0,197.445,-1.6769869492589566e-11,-1.2117365203383708,-5.5487339970582294e-11,-4.1115998566226435e-11,1.0077556152192775e-13,-4.421972342990717e-11
strength_lateral_HZ_-2,TW-P099,N18,interface_action,W3,-32.0,185.0,200.457,4.6861082453113853e-11,-7.272137234259722,4.582375473239588e-11,1.0909662733555768e-11,5.1747585351133986e-14,5.460888855026445e-11
strength_lateral_HZ_-2,TW-P100,N319,interface_action,W3,-32.0,185.0,207.0,-3.771169662475586,-188.27013778686523,677.3666226267815,1882.381603717804,-28.098952293395996,967.5521256469656
strength_lateral_HZ_-2,TW-P101,N320,interface_action,W3,-32.0,185.0,224.093,65.97854992370462,1337.2833536248888,-673.1314098107229,8625.899230741185,-626.1080550679932,4098.537344837997
strength_lateral_HZ_-2,TW-P102,N19,interface_action,W3,-32.0,185.0,226.093,0.5469642877578735,33.539028733968735,-5.580278585664928,82.66951208561659,-8.519346445798874,35.07092184913927
strength_lateral_HZ_-2,TW-P103,N341,interior_applied_load,,-32.0,186.0,207.0,-3.814697265625e-06,-0.3778500556945801,-1.4901161193847656e-08,-1.1920928955078125e-07,9.5367431640625e-07,-2.3283064365386963e-10
strength_lateral_HZ_-2,TW-P104,N342,interior_applied_load,,-32.0,187.0,207.0,-1.0602585872739568e-07,-7.13551647299831,-1.8343926507799865e-07,2.103684329824003e-08,1.2634142507545618e-09,6.493560015679349e-08
strength_lateral_HZ_-2,TW-P105,N347,interior_applied_load,,-32.0,187.0,209.5,3.4122985822518816e-07,-2.4480339371081414,2.943589302781046e-07,-2.1717778360341478e-07,4.4029215959636884e-11,2.2980956320626946e-07
strength_lateral_HZ_-2,TW-P106,N348,interior_applied_load,,-32.0,187.0,224.093,-1.787934420932613e-07,-2.4480339374978115,-2.0482495044493731e-07,-6.732165558354097e-08,-1.939557263473121e-10,-1.876306637837999e-09
strength_lateral_HZ_-2,TW-P107,N541,interior_applied_load,,-32.0,187.0,226.093,-2.3096799850463867e-07,-6.33231077902019,1.8975697457790375e-07,-9.918585419654846e-08,1.862645149230957e-09,-1.8961145542562008e-07
strength_lateral_HZ_-2,TW-P108,N542,interior_applied_load,,-32.0,192.764,226.093,8.406568609905119e-06,-67.12553418826658,-8.583089182819068e-12,-4.3515457514542525e-08,1.5020421092000135e-07,-1.1357616444188108e-10
strength_lateral_HZ_-2,TW-P109,N343,interior_applied_load,,-32.0,192.881,207.0,-8.172952392637711e-08,-10.957649992120187,-9.436266806828186e-08,5.252570586811167e-08,3.3050964715296926e-10,2.1386587445437755e-08
strength_lateral_HZ_-2,TW-P110,N349,interior_applied_load,,-32.0,192.881,209.5,8.318739852017002e-08,-2.4480339371773154,-6.842648494954032e-09,-7.86423256533628e-08,-1.5433503950206711e-10,-3.616052761108345e-08
strength_lateral_HZ_-2,TW-P111,N350,interior_applied_load,,-32.0,192.881,224.093,-2.0305548036059218e-07,-2.4480339362545775,1.2442303289408874e-07,-7.312545286658478e-08,-4.659951835300084e-10,1.926543927166513e-08
strength_lateral_HZ_-2,TW-P112,N543,interior_applied_load,,-32.0,192.881,226.093,-1.1325346401776084e-05,-6.640587024016362,-2.3339624492007018e-07,1.5646572860881537e-07,8.345947702102827e-07,-1.621516802927018e-07
strength_lateral_HZ_-2,TW-P113,N140,interior_applied_load,,-32.0,194.531,115.0,-1.4419884093596999e-08,-7.081799910814995,5.1379461930945975e-12,-1.6051671307060544e-10,-5.225310264317399e-09,8.275071303885766e-12
strength_lateral_HZ_-2,TW-P114,N141,interior_applied_load,,-32.0,195.545,115.0,4.657192252601653e-09,-10.450996934475915,-1.632716469404747e-12,-1.3353298272794622e-10,-4.576426806576234e-09,5.775682200196987e-12
strength_lateral_HZ_-2,TW-P115,N544,interior_applied_load,,-32.0,200.905,226.093,6.942300312630506e-06,-6.621209462086505,-2.6900132597473322e-09,-1.8613321203088347e-08,-8.740265367951153e-07,-7.722914867222642e-11
strength_lateral_HZ_-2,TW-P116,N545,interior_applied_load,,-32.0,200.999,226.093,-1.126422621030759e-06,-69.1223680288608,6.491728526574324e-10,-1.531003687592591e-08,6.587825000311124e-07,2.2799003969340998e-11
strength_lateral_HZ_-2,TW-P117,N355,interior_applied_load,,-32.0,201.5,216.547,6.506452254344903e-13,-9.070891548651293,3.0436289787827436e-12,-7.568270529028792e-12,-8.846132342424433e-12,3.6733319739229196e-13
strength_lateral_HZ_-2,TW-P118,N546,interior_applied_load,,-32.0,209.234,226.093,-3.1177955193288507e-11,-74.56413435537557,2.878916805618319e-11,7.664344391028653e-11,-1.9313252445711396e-10,-2.0788331613733208e-10
strength_lateral_HZ_-2,TW-P119,N142,interior_applied_load,,-32.0,210.094,115.0,-6.789344110739745e-13,-19.291800000000183,5.57426991300797e-13,-8.907445982772931e-14,2.5477720827258365e-11,-5.158778603432411e-13
strength_lateral_HZ_-2,TW-P120,N344,interior_applied_load,,-32.0,216.0,207.0,-5.1838930925640625e-09,-19.693079292293763,-5.27685535267608e-08,2.8251647687937975e-09,-2.085639025471397e-10,8.332710932368315e-08
strength_lateral_HZ_-2,TW-P121,N351,interior_applied_load,,-32.0,216.0,209.5,8.219819812086457e-08,-2.4480339375378226,1.3432783921329016e-07,1.1423828947546769e-08,3.522120584341155e-10,2.9930821918650034e-10
strength_lateral_HZ_-2,TW-P122,N352,interior_applied_load,,-32.0,216.0,224.093,-1.889480096828322e-07,-2.4480339366639354,-1.4999992165552756e-07,-1.7997727386545592e-07,-4.840310040912522e-10,1.1102222252645788e-08
strength_lateral_HZ_-2,TW-P123,N356,interior_applied_load,,-32.0,216.0,226.093,2.4634991065608067e-07,-15.788111392254367,-1.8947096027293537e-08,-5.305496615018144e-08,-7.034044415585421e-10,-7.169738277892581e-08
strength_lateral_HZ_-2,TW-P124,N547,interior_applied_load,,-32.0,217.47,226.093,2.527435916922552e-09,-70.24455556346668,-7.267630829370839e-11,-9.63110611233728e-11,-2.589788995395962e-09,-1.2722953388740614e-11
strength_lateral_HZ_-2,TW-P125,N143,interior_applied_load,,-32.0,224.273,115.0,-2.4382936132454944e-11,-10.450996934088934,-6.013826410420969e-12,1.1640497799263238e-11,-5.249384644549483e-10,-1.1946504543978546e-13
strength_lateral_HZ_-2,TW-P126,N144,interior_applied_load,,-32.0,225.656,115.0,1.4032611571031128e-09,-11.380101500723645,-4.873199432318233e-12,-6.816001220439338e-12,-5.554608494155654e-10,-7.483172877618469e-13
strength_lateral_HZ_-2,TW-P127,N548,interior_applied_load,,-32.0,225.705,226.093,-1.430156590717331e-10,-70.06309284162977,1.0370495530380422e-13,1.6220015331355767e-10,-7.605242081566537e-10,1.0534982856792914e-11
strength_lateral_HZ_-2,TW-P128,N549,interior_applied_load,,-32.0,226.952,226.093,7.952392035907733e-10,-6.7172198446527815,9.853942926121829e-11,6.494875790658028e-11,-1.7014357342351125e-09,-1.5293631266604682e-12
strength_lateral_HZ_-2,TW-P129,N357,interior_applied_load,,-32.0,230.5,216.547,3.5296166063497067e-12,-9.070891548654574,1.2656349944507767e-11,1.3510295586607984e-11,-1.1023566278873017e-11,-6.588685609902053e-12
strength_lateral_HZ_-2,TW-P130,N550,interior_applied_load,,-32.0,233.941,226.093,5.5015677117163845e-09,-68.89246678263459,2.8983951814505134e-10,-7.466377684808311e-10,1.7028057756613494e-09,2.1043667004481706e-11
strength_lateral_HZ_-2,TW-P131,N551,interface_action,BR-R-cap-2,-32.0,235.0,226.093,41.042786602615145,-150.45195458773833,-22.596364765538937,-2826.6896993759296,707.4243112747822,-5774.626612384477
strength_lateral_HZ_-2,TW-P132,N145,interior_applied_load,,-32.0,241.219,115.0,1.488728072354294e-11,-14.333395172816141,-4.501888117551349e-12,4.335396329491906e-12,4.855157184016225e-11,-1.5782061810966364e-14
strength_lateral_HZ_-2,TW-P133,N552,interior_applied_load,,-32.0,242.176,226.093,-1.587494111421466e-11,-70.48501501786231,1.5321213434793252e-10,-3.208490390625153e-11,6.764595737745321e-11,5.243284806422619e-13
strength_lateral_HZ_-2,TW-P134,N345,interior_applied_load,,-32.0,245.0,207.0,1.8655887479284768e-08,-15.870945775623081,-2.1360588276689686e-07,-4.3740628420868505e-08,3.5659393564738895e-11,-3.660352180563226e-08
strength_lateral_HZ_-2,TW-P135,N353,interior_applied_load,,-32.0,245.0,209.5,-1.883562622806001e-09,-2.448033937029468,1.2222144456163203e-08,1.1719741820838657e-08,-7.94291711102112e-11,-1.1606100078808887e-08
strength_lateral_HZ_-2,TW-P136,N354,interior_applied_load,,-32.0,245.0,224.093,-4.975386228012191e-09,-2.448033937437031,-1.7792692274393174e-07,-1.3041470110775055e-07,1.699824197818037e-11,1.2630149898162912e-08
strength_lateral_HZ_-2,TW-P137,N553,interior_applied_load,,-32.0,245.0,226.093,1.8185185017560723e-08,-3.9346697268013275,7.886216164295817e-08,-7.688100737626548e-08,-1.6935223493694606e-10,7.2259956602891465e-09
strength_lateral_HZ_-2,TW-P138,N346,interior_applied_load,,-32.0,246.0,207.0,4.76837158203125e-07,-0.3778499960899353,0.0,-5.960464477539063e-08,2.384185791015625e-07,-4.656612873077393e-10
strength_lateral_HZ_-2,TW-P139,N146,interior_applied_load,,-32.0,247.0,115.0,-1.6894131210642982e-07,-5.225498463867592,-1.496275991996754e-08,2.8354006254005526e-08,6.808878293503056e-10,1.6988825721209189e-07
strength_lateral_HZ_-2,TW-P140,N321,interior_applied_load,,-32.0,247.0,117.5,8.741469862260545e-08,-4.470258484180303,-8.88907767662342e-09,-2.6753780998509446e-08,-1.7564616597788463e-10,1.8489340932876942e-07
strength_lateral_HZ_-2,TW-P141,N322,interior_applied_load,,-32.0,247.0,144.148,4.276051095466655e-15,-8.940516968503365,-9.107236332863873e-15,1.1343353930635917e-13,-4.453691762155863e-15,1.5466363836095178e-13
strength_lateral_HZ_-2,TW-P142,N323,interior_applied_load,,-32.0,247.0,170.797,-3.002181292783749e-14,-8.94051696850299,-1.3888251969482135e-14,5.0016145108318444e-14,4.211428007165965e-15,3.278112813844448e-13
strength_lateral_HZ_-2,TW-P143,N324,interior_applied_load,,-32.0,247.0,197.445,-1.4529906353012403e-12,-6.073108036479441,1.386446810670193e-12,1.4519718696845973e-11,-6.567141225910524e-14,-5.278722936411706e-13
strength_lateral_HZ_-2,TW-P144,N325,interior_applied_load,,-32.0,247.0,207.0,0.0,-4.47025853395462,1.4901161193847656e-08,0.0,2.384185791015625e-07,4.656612873077393e-10
strength_lateral_HZ_-2,TW-P145,N326,interior_applied_load,,-32.0,247.0,224.093,0.0,-2.867408932186663,0.0,0.0,0.0,5.960464477539063e-08
strength_lateral_HZ_-2,TW-P146,N554,interior_applied_load,,-32.0,247.0,226.093,8.940696716308594e-08,-3.262600078713149,2.384185791015625e-07,-2.384185791015625e-07,0.0,1.4901161193847656e-08
strength_lateral_HZ_-2,TW-P147,N147,interface_action,BR-N-upper-1; T-N; W4,-32.0,249.0,115.0,44.497684356654105,-45.68718163695338,261.4139057361567,-3402.5817004455434,-872.7346042399955,-772.3710511371394
strength_lateral_HZ_-2,TW-P148,N555,interface_action,BR-N-upper-2; T-N top / segment 1; W4,-32.0,249.0,226.093,-52.309312654507735,-10.691574580136852,33.72217181246738,-726.0168706958095,-563.5138551779272,4373.468922120923
strength_lateral_HZ_-2,TW-P149,N556,interface_action,T-N top / segment 1; W4,-32.0,250.411,226.093,5.402898882058654e-10,-0.5866854452981696,-9.256304208579589e-10,-1.7926507958901955e-10,-2.7683938012437488e-11,2.6578371651766824e-12
strength_lateral_HZ_-2,TW-P150,N148,interface_action,T-N; W4,-32.0,252.0,115.0,1.870873089642238,57.3578758484091,1.4624967224562369,84.93705465564207,-15.389893326503353,-64.64581981075848
strength_lateral_HZ_-2,TW-P151,N327,interior_applied_load,,-32.0,252.0,117.5,1.6618057632180792e-09,-4.470258484346656,3.4133578510265635e-08,-2.575495681719771e-08,-2.1587243887111385e-10,-4.218149700663763e-09
strength_lateral_HZ_-2,TW-P152,N328,interior_applied_load,,-32.0,252.0,144.148,1.2900502236441278e-14,-8.940516968503164,-1.7319888937442996e-14,1.4356266680925912e-12,-2.3057011153934348e-14,-3.3396013839951267e-15
strength_lateral_HZ_-2,TW-P153,N329,interior_applied_load,,-32.0,252.0,170.797,-7.018986058156961e-15,-8.94051696850319,-3.4180156752944973e-14,-4.212912284724088e-13,3.525617286624006e-14,-2.679545729313928e-13
strength_lateral_HZ_-2,TW-P154,N330,interior_applied_load,,-32.0,252.0,197.445,-1.3721355963034793e-15,-8.94051696850322,-4.408967032005714e-14,-1.5418531743493186e-13,-5.5120900382000584e-15,-2.8421895197614425e-13
strength_lateral_HZ_-2,TW-P155,N331,interior_applied_load,,-32.0,252.0,224.093,0.0,-4.470258484245278,0.0,0.0,0.0,-3.725290298461914e-09
strength_lateral_HZ_-2,TW-P156,N557,interface_action,T-N top / segment 1; W4,-32.0,252.0,226.093,-1.868388820439577,-21.883434910792857,-1.4522411823272705,81.60308122634888,15.369457650464028,-141.81894679553807
strength_lateral_HZ_-2,TW-P157,N27,interface_action,BR-N-ground-2; BR-W-1; T-N; W4,-32.0,253.0,115.0,-0.5236755670435982,3.5839244505727854,8.938943528768037,-9.442364115194174,-4.809583007170469,7.755864677433688
strength_lateral_HZ_-2,TW-P158,N31,interface_action,T-N top / segment 1; W4,-32.0,253.0,226.093,0.3166964487172663,-0.27407439216040075,1.1141700437292457,-2.9786395211704075,-2.963561258977279,41.435589941596845
basic_Droof,TW-P001,N76,interface_action,SW0; T-SO,-32.0,-63.0,115.0,0.7182823651358555,-210.5965336920661,650.4705165327495,1271.666208726831,-1.3382555428413103,1.8411885616364467
basic_Droof,TW-P002,N78,interface_action,SW0,-32.0,-63.0,117.0,-0.4578516330378761,-157.5241472856428,-638.0000657943983,-926.8160291554409,-17.325773587328058,-8.79312490159839
basic_Droof,TW-P004,N504,interior_applied_load,,-32.0,-57.84,119.979,-1.1368683772161603e-13,-99.74988736449768,-6.821210263296962e-13,-3.637978807091713e-12,0.0,0.0
basic_Droof,TW-P005,N505,interior_applied_load,,-32.0,-47.52,125.937,-7.6045465577679e-14,-99.74988736449691,-2.8689676716005412e-12,-1.3180567780281434e-11,-1.3589068603174955e-13,-1.3376323392318471e-14
basic_Droof,TW-P008,N507,interior_applied_load,,-32.0,-37.2,131.896,1.6403617432001817e-13,-99.74988736450649,-2.009725590512133e-11,-1.0453284711606288e-10,3.295668214569145e-14,-1.477603415126826e-14
basic_Droof,TW-P010,N508,interior_applied_load,,-32.0,-26.88,137.854,4.026690171336036e-13,-99.7498873644915,1.0936712776729017e-12,1.4077939416924669e-11,6.840713430820746e-14,-3.455644469064312e-13
basic_Droof,TW-P015,N509,interior_applied_load,,-32.0,-16.559,143.812,5.883962168188708e-13,-99.74988736450659,1.7614438976777465e-11,-1.0031374532734004e-10,-3.260392826038338e-13,3.112722720162445e-13
basic_Droof,TW-P016,N510,interior_applied_load,,-32.0,-6.239,149.771,9.094947017729282e-13,-99.74988736449995,-3.637978807091713e-12,-2.9103830456733704e-11,1.8189894035458565e-12,-9.094947017729282e-13
basic_Droof,TW-P018,N5,interface_action,T-S; W1,-32.0,0.0,115.0,-4.9243377412866565,1844.0436370650086,5.334517566676823,-552.8403546747606,-36.908759616803536,-47.18227212369253
basic_Droof,TW-P019,N303,interface_action,W1,-32.0,-0.0,117.5,0.5150302719884423,-467.38274607437387,-46.497172308617905,-223.93170521986227,-22.788191551834704,57.40682439184072
basic_Droof,TW-P022,N305,interface_action,W1,-32.0,-0.0,150.796,-0.5150302729199417,467.38274607477626,46.49717231639198,-1324.2381440683334,22.788191551835638,-74.55527233458788
basic_Droof,TW-P023,N7,interface_action,BR-R-main-1; T-S top / segment 1; W1,-32.0,0.0,153.373,3.385603279015413,129.49451670979033,0.9689369870175142,-83.73790831226506,-38.61190012349289,29.26210739045564
basic_Droof,TW-P024,N511,interior_applied_load,,-32.0,4.081,155.729,-1.000444171950221e-11,-99.7498873645527,-1.4551915228366852e-11,2.9103830456733704e-11,1.8189894035458565e-12,0.0
basic_Droof,TW-P027,N513,interior_applied_load,,-32.0,14.401,161.688,-1.3830812751972717e-13,-99.74988736449286,-3.3050681236797424e-11,5.509675609143344e-11,3.0273110844198167e-12,-3.2667818474387034e-13
basic_Droof,TW-P031,N514,interior_applied_load,,-32.0,24.721,167.646,1.8114550382147327e-12,-99.74988736454641,4.241818543311716e-13,1.628278504466881e-10,-2.7544783731016e-14,-4.752935112307757e-13
basic_Droof,TW-P034,N516,interior_applied_load,,-32.0,35.041,173.604,7.208702709680721e-13,-99.74988736443385,7.918542795413998e-13,7.124730918897458e-10,-9.734985733836148e-12,3.80370016283786e-12
basic_Droof,TW-P036,N517,interior_applied_load,,-32.0,45.361,179.562,2.310665983723912e-13,-99.74988736449157,-1.9436350440196467e-11,-1.803860417583767e-10,-1.5874814315746737e-12,-2.046766701314466e-12
basic_Droof,TW-P041,N519,interior_applied_load,,-32.0,55.682,185.521,-6.50154812465617e-13,-99.74988736446848,3.3642200716464378e-12,-1.4331082674082996e-09,3.6553441495925675e-12,6.4164654328117336e-12
basic_Droof,TW-P042,N520,interior_applied_load,,-32.0,66.002,191.479,8.009152469102441e-11,-99.74988736436094,1.0373025033278792e-10,9.029131571130934e-10,2.8002434086638094e-10,-1.7370153508273222e-10
basic_Droof,TW-P046,N218,interface_action,T1 upper lower chord,-32.0,69.75,150.143,5.155231619713088,30.866201733625072,-2.3244792521060593,-3.1287318883765134,-0.8827965117959032,79.34034712215524
basic_Droof,TW-P049,N337,interface_action,T1 top / segment 1,-32.0,69.75,193.643,-4.263262782245874,-25.784455381333828,2.255539894104004,-150.8045470714569,6.900098276411882,22.031498573720455
basic_Droof,TW-P051,N521,interior_applied_load,,-32.0,76.322,197.438,6.540696200570592e-11,-99.74988736452147,2.4901728862139945e-10,5.682284880825977e-10,-3.63385538103954e-11,1.2780708242529903e-10
basic_Droof,TW-P055,N522,interior_applied_load,,-32.0,86.642,203.396,3.5195581908681256e-13,-99.74988736447749,-4.8961330429340766e-11,8.877458854612194e-11,-8.44526315326949e-14,2.225458447689696e-12
basic_Droof,TW-P057,N523,interior_applied_load,,-32.0,96.962,209.354,1.309014740223768e-11,-99.74988736453524,1.4363666861693043e-12,-1.4302555223739876e-10,2.4424992100173383e-12,1.3242394204634695e-11
basic_Droof,TW-P060,N525,interior_applied_load,,-32.0,107.282,215.313,1.0366024595055174e-12,-99.74988736451554,-4.558256782194232e-11,5.080021182327373e-10,-7.368523246258937e-12,-3.040156073016586e-12
basic_Droof,TW-P064,N526,interior_applied_load,,-32.0,117.602,221.271,1.0348515171003283e-11,-99.74988736504517,2.243344893456031e-12,-7.302609916133285e-11,1.1149733478761278e-11,-1.1317108913099149e-11
basic_Droof,TW-P065,N527,interface_action,BR-R-main-2,-32.0,120.0,222.655,2.0959794401364693,1.0625847138695435,-1.8449019913706544,95.6473801289786,48.320745663967664,105.37319833623918
basic_Droof,TW-P075,N530,interior_applied_load,,-32.0,126.88,226.093,8.537526442052376e-13,-51.94042923923361,9.378717514113676e-12,3.107273832220023e-10,4.995234547602378e-12,-1.5564679686269035e-13
basic_Droof,TW-P077,N531,interior_applied_load,,-32.0,135.116,226.093,-4.939861395505596e-14,-51.94042923919857,5.617108973959883e-12,-1.7228874945832328e-10,-6.214296182413318e-12,-1.714647419510916e-13
basic_Droof,TW-P079,N532,interior_applied_load,,-32.0,143.351,226.093,1.6031493341711761e-12,-51.94042923928552,1.0881758574534152e-11,-8.401872319570281e-10,-7.294457923243182e-12,-8.376900036924485e-17
basic_Droof,TW-P082,N534,interface_action,BR-R-cap-1,-32.0,150.0,226.093,-1.8174123395765929,-2.434488751531398,0.14434650661974138,636.5575355601991,-53.75375504213322,-200.8645570900811
basic_Droof,TW-P083,N535,interior_applied_load,,-32.0,151.586,226.093,-3.0576983082956873e-11,-51.94042923955006,4.1855831375371714e-11,-1.34674802562956e-10,1.0612662613011608e-10,2.128910029440712e-13
basic_Droof,TW-P084,N536,interior_applied_load,,-32.0,159.822,226.093,6.099582214626545e-13,-51.940429239193975,3.1519783432143627e-12,-1.2355874920970926e-10,-3.062218634201221e-13,-2.9200873903341223e-13
basic_Droof,TW-P087,N537,interior_applied_load,,-32.0,168.057,226.093,-1.2894031203527373e-12,-51.94042923920267,1.839398343750696e-12,-1.5369906075031327e-10,-4.452505108634979e-12,-2.5201679244431786e-14
basic_Droof,TW-P089,N539,interior_applied_load,,-32.0,176.293,226.093,-9.521947828255247e-11,-51.940429237508404,1.9573474347089488e-11,6.089657046185111e-10,-1.0553336351062376e-12,-4.426579915001531e-13
basic_Droof,TW-P091,N540,interior_applied_load,,-32.0,184.528,226.093,0.0,-51.940429255366325,0.0,0.0,4.656612873077393e-10,9.094947017729282e-13
basic_Droof,TW-P092,N15,interface_action,BR-W-2; W3,-32.0,185.0,115.0,-0.10911093684099354,983.6015105555865,-108.73124137628412,1922.605390666708,12.52989818715476,-8.17061091084436
basic_Droof,TW-P093,N315,interface_action,W3,-32.0,185.0,117.5,-1.3370493012331852,-588.5014039630175,15.204714292053067,1164.2393713987287,6.6066397254627605,26.15036560571069
basic_Droof,TW-P100,N319,interface_action,W3,-32.0,185.0,207.0,-1.597058542072773,-199.27134215831757,345.8655527420342,1513.7776873707771,-17.826710626482964,15.576134089264087
basic_Droof,TW-P101,N320,interface_action,W3,-32.0,185.0,224.093,2.9209770425571344,779.6569258018231,-358.22660564354067,4818.418323954272,10.980762092286875,127.99573823451591
basic_Droof,TW-P102,N19,interface_action,W3,-32.0,185.0,226.093,0.024214977398514748,33.101610109210014,-2.969708797056228,45.884245313704014,0.14941337425261736,1.1095183401812392
basic_Droof,TW-P108,N542,interior_applied_load,,-32.0,192.764,226.093,1.0838299804055832e-07,-51.94042937984497,8.389525133993873e-10,-8.351111838131045e-09,-5.1976361068539154e-09,-2.0046339600877196e-12
basic_Droof,TW-P116,N545,interior_applied_load,,-32.0,200.999,226.093,-4.757188539540328e-08,-51.94042957517932,3.3533286651024275e-10,1.4922341903449171e-09,3.5974871432678223e-09,7.317295903407247e-13
basic_Droof,TW-P118,N546,interior_applied_load,,-32.0,209.234,226.093,7.649010198020448e-13,-51.940429239188155,3.9399582737854934e-11,-9.006036412946759e-12,2.4839182426511485e-12,-1.4332571537337154e-12
basic_Droof,TW-P124,N547,interior_applied_load,,-32.0,217.47,226.093,2.7773038552264096e-11,-51.940429239132094,-5.4752137273253336e-11,-2.5178057091590995e-11,-7.278130270528806e-12,-6.78272546616083e-14
basic_Droof,TW-P127,N548,interior_applied_load,,-32.0,225.705,226.093,-1.1758173643194702e-11,-51.94042923907167,-1.1170994797158006e-11,-8.373044673947173e-11,-5.666719779282159e-12,-4.1182515469914813e-14
basic_Droof,TW-P130,N550,interior_applied_load,,-32.0,233.941,226.093,7.946466226146673e-11,-51.94042923891574,8.48067875386401e-11,-1.6541300259321988e-10,5.0505954567643164e-12,7.334893047008457e-14
basic_Droof,TW-P131,N551,interface_action,BR-R-cap-2,-32.0,235.0,226.093,1.215896416872472,1.2833861447254806,-1.005122971697887,-178.71841367733026,41.49248827505988,26.997120517776704
basic_Droof,TW-P133,N552,interior_applied_load,,-32.0,242.176,226.093,3.688180519854771e-12,-51.94042923919889,-4.191003410968913e-11,-7.736902641061684e-12,2.9986600686478843e-12,-1.6652666990988977e-15
basic_Droof,TW-P147,N147,interface_action,BR-N-upper-1; T-N; W4,-32.0,249.0,115.0,-0.15349205369702018,-22.93008063352997,74.1992692165889,-1051.5917659346258,51.59626529857317,-6.763660341389019
basic_Droof,TW-P148,N555,interface_action,BR-N-upper-2; T-N top / segment 1; W4,-32.0,249.0,226.093,-0.8939072183617538,-20.935569963301706,15.541493247576973,413.48748297338216,-52.85581457374349,41.29560279681101
basic_Droof,TW-P149,N556,interface_action,T-N top / segment 1; W4,-32.0,250.411,226.093,-4.1599432738712785e-12,-0.4704357405505481,-1.0908064221098172e-10,-1.3868191977448526e-10,1.03652593793327e-12,5.386317714805004e-14
basic_Droof,TW-P150,N148,interface_action,T-N; W4,-32.0,252.0,115.0,0.0068024528006171555,16.285910630611436,0.6404324131748742,38.886954148447344,1.2514725076030953,-0.2835057535416096
basic_Droof,TW-P156,N557,interface_action,T-N top / segment 1; W4,-32.0,252.0,226.093,-0.0067934198305010796,-16.26428516834858,-0.6359414458274841,34.04379892349243,-1.249810723169503,-0.4673148444853723
basic_Droof,TW-P157,N27,interface_action,BR-N-ground-2; BR-W-1; T-N; W4,-32.0,253.0,115.0,0.03576684687796087,0.24207041380325656,2.62511670262061,-6.284785288966387,-0.263036135250241,0.2791400987433767
basic_Droof,TW-P158,N31,interface_action,T-N top / segment 1; W4,-32.0,253.0,226.093,0.001521406724350527,-0.321199718004209,0.48763113107997924,3.3721448165888432,0.240943251963472,0.1698729259695142
basic_Dsteel,TW-P001,N76,interface_action,SW0; T-SO,-32.0,-63.0,115.0,-11.81012376165188,-142.31040897502044,631.1024837499833,665.4916797468268,-266.925392721335,-342.77223627828334
basic_Dsteel,TW-P002,N78,interface_action,SW0,-32.0,-63.0,117.0,-3.6837067258753535,-339.5237308817809,-624.7890335557568,129.6149809343001,235.90529193817179,-59.663815590732156
basic_Dsteel,TW-P003,N115,interior_applied_load,,-32.0,-61.0,115.0,-8.501741189565532e-12,-21.28445789879367,1.5377745869139063e-13,-5.659553375327008e-13,-3.006902326617524e-11,-7.18596787402531e-13
basic_Dsteel,TW-P004,N504,interior_applied_load,,-32.0,-57.84,119.979,9.947598300641403e-13,-12.149786409733679,-9.094947017729282e-13,3.637978807091713e-12,-5.684341886080801e-13,9.094947017729282e-13
basic_Dsteel,TW-P005,N505,interior_applied_load,,-32.0,-47.52,125.937,5.713954006260949e-13,-14.174750835655475,-2.588657366321037e-13,-2.030344032636305e-12,2.977218724942261e-13,-7.309230401020198e-13
basic_Dsteel,TW-P006,N332,interior_applied_load,,-32.0,-41.0,128.124,7.105427357601002e-14,-10.415915797636785,4.547473508864641e-13,-1.5916157281026244e-12,-2.2737367544323206e-13,2.2737367544323206e-13
basic_Dsteel,TW-P007,N506,interior_applied_load,,-32.0,-39.78,130.406,-2.7281184101386513e-11,-8.099857703699477,2.873569402512663e-12,-6.32633978743029e-12,-5.791055817984757e-11,2.99781634957361e-12
basic_Dsteel,TW-P008,N507,interior_applied_load,,-32.0,-37.2,131.896,-6.0267006951444265e-12,-10.12482198379876,-2.564070491560521e-11,3.953393746344088e-11,-2.0156690101115234e-11,6.526160838184361e-12
basic_Dsteel,TW-P009,N116,interior_applied_load,,-32.0,-34.273,115.0,1.7199713703789198e-13,-22.384999914937413,1.0452564647252551e-13,-5.466928562542303e-12,8.445719474761152e-14,-1.229853075713747e-13
basic_Dsteel,TW-P010,N508,interior_applied_load,,-32.0,-26.88,137.854,-2.6587558329412468e-12,-12.714458135589938,-6.227241843060693e-12,-5.802637058857299e-12,3.192542216604817e-12,6.81967172280139e-12
basic_Dsteel,TW-P011,N117,interior_applied_load,,-32.0,-21.0,115.0,2.1874668743038228e-11,-16.076499999993136,-1.518244974185734e-10,-6.69791916374507e-10,-5.467328305602388e-12,2.146017530346711e-10
basic_Dsteel,TW-P012,N301,interior_applied_load,,-32.0,-21.0,117.5,-3.379036979275695e-11,-2.9595798450077098,3.914981291189726e-10,-6.036785988094723e-10,1.2667206560381594e-12,5.514523475919977e-10
basic_Dsteel,TW-P013,N302,interior_applied_load,,-32.0,-21.0,138.671,3.725290298461914e-09,-2.95957984495908,-3.725290298461914e-09,-7.450580596923828e-09,5.820766091346741e-11,7.450580596923828e-09
basic_Dsteel,TW-P014,N333,interior_applied_load,,-32.0,-21.0,141.249,-7.450580596923828e-09,-13.307815602514893,3.725290298461914e-09,-1.4901161193847656e-08,-5.820766091346741e-11,0.0
basic_Dsteel,TW-P015,N509,interior_applied_load,,-32.0,-16.559,143.812,-2.9009128672270456e-12,-11.585114829673618,1.4882777502828065e-11,-6.677223075075512e-11,-2.5554429357919855e-12,6.254114049978158e-14
basic_Dsteel,TW-P016,N510,interior_applied_load,,-32.0,-6.239,149.771,-5.4569682106375694e-12,-12.996793998538124,-1.4551915228366852e-11,0.0,-1.4551915228366852e-11,3.637978807091713e-12
basic_Dsteel,TW-P017,N118,interior_applied_load,,-32.0,-5.545,115.0,4.545954718531606e-12,-11.75212514101966,1.969917932547832e-12,-2.7967241980294686e-12,1.6767386610973637e-11,1.380927024432494e-13
basic_Dsteel,TW-P018,N5,interface_action,T-S; W1,-32.0,0.0,115.0,124.77584446404977,1318.744999307092,6.345797042102731,-632.6438877567858,-85.60103570092133,-703.6620098055284
basic_Dsteel,TW-P019,N303,interface_action,W1,-32.0,-0.0,117.5,-100.6217754971801,-199.00682212523049,-71.99404906504788,-881.065703017567,-383.1472536817799,758.2736710447523
basic_Dsteel,TW-P020,N6,interface_action,W1,-32.0,0.0,130.311,1.8764405067422214e-13,-4.284703844523971,-5.018139092321552e-13,5.539696572131235e-14,4.071869583454308e-14,-1.0356090109894611e-13
basic_Dsteel,TW-P021,N304,interface_action,W1,-32.0,-0.0,134.148,-1.2143761978134395e-13,-0.9286815991214543,2.887846580729365e-13,6.21364872268452e-14,-1.2058954671479821e-14,1.7333514512936676e-13
basic_Dsteel,TW-P022,N305,interface_action,W1,-32.0,-0.0,150.796,100.62177549534961,174.44033424174614,71.99404907324757,-1516.0481546646872,383.1472536816915,2592.0289659197388
basic_Dsteel,TW-P023,N7,interface_action,BR-R-main-1; T-S top / segment 1; W1,-32.0,0.0,153.373,-127.20982002839446,6.789688498101896,-20.17161892025615,1942.8905490935722,-1169.4819560124852,-2612.3672446886303
basic_Dsteel,TW-P024,N511,interior_applied_load,,-32.0,4.081,155.729,7.275957614183426e-11,-5.227885689077084,2.9103830456733704e-11,-2.9103830456733704e-11,4.3655745685100555e-11,-2.9103830456733704e-11
basic_Dsteel,TW-P025,N512,interior_applied_load,,-32.0,6.661,157.219,1.2419086832629028e-11,-8.099857703661504,-4.5763695972849186e-11,-1.7857454917333506e-11,1.4288279816008012e-11,-2.6291427798137782e-12
basic_Dsteel,TW-P026,N119,interior_applied_load,,-32.0,7.781,115.0,4.572701302513509e-13,-12.973124930604207,3.98252620515169e-12,2.9464340037709715e-11,-2.5366519699714758e-12,-1.4389861421644643e-12
basic_Dsteel,TW-P027,N513,interior_applied_load,,-32.0,14.401,161.688,9.239869252359957e-13,-14.174750835658998,-3.210169288537654e-11,-7.646584197848406e-12,-1.067493193801444e-11,-1.0002860947315099e-11
basic_Dsteel,TW-P028,N334,interior_applied_load,,-32.0,17.438,134.661,-5.329070518200751e-15,-11.442547342719536,9.094947017729282e-13,4.547473508864641e-13,-8.526512829121202e-14,1.4210854715202004e-14
basic_Dsteel,TW-P029,N120,interior_applied_load,,-32.0,23.182,115.0,1.671111821284574e-08,-8.709163783026098,-1.7104855159409377e-11,-1.6770874901532858e-08,4.933864073211829e-09,-1.4356004030527855e-12
basic_Dsteel,TW-P030,N121,interior_applied_load,,-32.0,23.344,115.0,-4.0654630941298745e-08,-8.799785687629845,-8.360407867207675e-12,-4.3887528597862566e-08,3.0898945004303678e-09,1.827248413077663e-12
basic_Dsteel,TW-P031,N514,interior_applied_load,,-32.0,24.721,167.646,-1.3084748281758948e-11,-12.149786409731178,-4.378905287176224e-11,-1.7256814586302732e-10,8.992344631121949e-12,1.5589358999366273e-12
basic_Dsteel,TW-P032,N515,interior_applied_load,,-32.0,29.881,170.625,-1.4048797299257804e-13,-8.099857703732694,3.059160151754486e-11,5.680493110675542e-11,-2.442826387255286e-11,8.584312687855136e-12
basic_Dsteel,TW-P033,N335,interior_applied_load,,-32.0,34.875,154.322,-5.39084047056551e-16,-11.442547342720244,-1.4859676637194351e-12,2.321469601841078e-12,-5.596927457791622e-14,-1.8716868518080912e-13
basic_Dsteel,TW-P034,N516,interior_applied_load,,-32.0,35.041,173.604,7.435638584366584e-13,-12.149786409745568,4.4515789800303257e-11,4.1046879750153566e-10,3.74568762775228e-12,8.54991170985942e-12
basic_Dsteel,TW-P035,N122,interior_applied_load,,-32.0,38.906,115.0,-5.648910337325694e-13,-15.985878939833462,2.58573307324175e-13,2.0775173016076236e-11,-6.51398961331603e-13,-7.1166022334413e-14
basic_Dsteel,TW-P036,N517,interior_applied_load,,-32.0,45.361,179.562,2.1990555145144957e-12,-14.174750835664183,-3.8345209588434635e-11,5.1570765770526713e-11,7.224969821965408e-12,5.94450540938729e-12
basic_Dsteel,TW-P037,N123,interior_applied_load,,-32.0,51.909,115.0,2.3263655561994646e-11,-8.709164111189278,-6.6892155327587565e-12,3.485164578898162e-10,-9.380997373127741e-11,1.1206679864844273e-14
basic_Dsteel,TW-P038,N336,interior_applied_load,,-32.0,52.313,173.982,1.4523902885620503e-14,-11.442547342717878,6.749761947612181e-12,-2.686621001195138e-12,3.9640230821844744e-13,6.342900873977898e-13
basic_Dsteel,TW-P039,N518,interior_applied_load,,-32.0,53.102,184.031,8.242763211497833e-11,-8.099857703381431,-1.5718244339692077e-10,-4.071732404944922e-10,9.359347939756098e-11,-2.0948538977404792e-11
basic_Dsteel,TW-P040,N124,interior_applied_load,,-32.0,54.469,115.0,8.834151269315337e-11,-9.984218801470105,1.553424734199378e-12,1.9709222579468555e-10,1.4373602211946003e-10,1.1354152092453571e-13
basic_Dsteel,TW-P041,N519,interior_applied_load,,-32.0,55.682,185.521,-4.2577333670817164e-11,-10.124821983732767,1.03737541780722e-10,-3.000291087218064e-10,3.589187509236977e-11,-5.780961762762222e-11
basic_Dsteel,TW-P042,N520,interior_applied_load,,-32.0,66.002,191.479,5.436010551640057e-11,-11.041746150377337,-9.447223457620856e-12,4.7848227960248e-10,4.949803705987558e-10,-2.2938705073700636e-10
basic_Dsteel,TW-P043,N125,interior_applied_load,,-32.0,69.75,115.0,1.925914521194727e-07,-8.709163400179332,1.6708083805383467e-09,-9.158469671532998e-08,4.959003448599446e-08,-1.0142488626740942e-08
basic_Dsteel,TW-P044,N306,interior_applied_load,,-32.0,69.75,117.5,-1.172300650530629e-08,-3.4279664936251666,2.2132541529218467e-10,3.933885838833051e-10,-2.4786955146540903e-11,-5.279318596458043e-09
basic_Dsteel,TW-P045,N307,interior_applied_load,,-32.0,69.75,142.022,-1.151338254083627e-13,-4.563254038216382,-5.078597645338138e-14,-4.932113533770721e-13,-1.1783388093669631e-15,-2.775706105762236e-13
basic_Dsteel,TW-P046,N218,interface_action,T1 upper lower chord,-32.0,69.75,150.143,32.94941239292843,-100.82389916638004,-1.7716874230012705,26.864038496118546,8.794337519629702,-3.1542840734312447
basic_Dsteel,TW-P047,N308,interior_applied_load,,-32.0,69.75,166.544,1.9101678135396106e-14,-5.720645448258875,7.550308428925054e-14,-1.3700006544973304e-13,6.487395103076789e-15,7.989172572216976e-13
basic_Dsteel,TW-P048,N309,interior_applied_load,,-32.0,69.75,191.066,0.0,-3.427966494113207,0.0,-5.960464477539063e-08,-1.1641532182693481e-10,0.0
basic_Dsteel,TW-P049,N337,interface_action,T1 top / segment 1,-32.0,69.75,193.643,0.518362432718277,-155.81288078427315,1.0242472290992737,-145.53880316019058,222.5522392122075,907.9308301284909
basic_Dsteel,TW-P050,N126,interior_applied_load,,-32.0,70.031,115.0,-8.330394930631253e-08,-6.0922812058299005,1.5356092327311486e-11,3.503124066330862e-08,5.762490542968731e-08,3.2936955908705666e-12
basic_Dsteel,TW-P051,N521,interior_applied_load,,-32.0,76.322,197.438,9.119400280734829e-11,-13.257826814776841,1.9522891804276805e-10,7.409721257390896e-10,7.595131484530516e-11,9.671498698069735e-11
basic_Dsteel,TW-P052,N127,interior_applied_load,,-32.0,80.636,115.0,-8.390959006134372e-15,-8.709164111738,3.7832588251091235e-13,-1.4783249495917294e-10,5.600536683724748e-12,1.1921689047233236e-14
basic_Dsteel,TW-P053,N338,interior_applied_load,,-32.0,82.753,173.982,2.308544084459053e-13,-10.263542617952703,-2.019398495983497e-12,3.2692664470273732e-12,-4.57490938868803e-12,-1.5739568991749467e-11
basic_Dsteel,TW-P054,N128,interior_applied_load,,-32.0,85.594,115.0,-3.5961692055029583e-12,-11.483441442042485,1.520393203663532e-13,4.6022147386833477e-10,-3.165589393495602e-11,-7.778974991187181e-14
basic_Dsteel,TW-P055,N522,interior_applied_load,,-32.0,86.642,203.396,-1.1482577205567788e-14,-16.199715261567714,-7.760192680730784e-11,1.8520208486568239e-10,-5.2633598736429034e-12,-2.503143104854479e-12
basic_Dsteel,TW-P056,N339,interior_applied_load,,-32.0,95.756,154.322,-8.10057721673436e-15,-10.2635426179639,-3.000079152619482e-12,1.688019826130706e-12,-2.3046947979235704e-13,-1.0536017723803993e-12
basic_Dsteel,TW-P057,N523,interior_applied_load,,-32.0,96.962,209.354,4.495120062133873e-12,-10.124821983899132,-8.015767724340889e-11,5.240165121797801e-11,-7.265598111891613e-12,-9.20023153922993e-12
basic_Dsteel,TW-P058,N524,interior_applied_load,,-32.0,99.542,210.844,-5.673742204797319e-12,-8.09985770373584,-1.3806769532431214e-11,-1.1101615053251777e-09,3.66419090351476e-12,6.973467668554057e-12
basic_Dsteel,TW-P059,N129,interior_applied_load,,-32.0,101.156,115.0,-8.895063952732548e-13,-13.302222669634686,4.481788433758661e-13,-1.9078748522875678e-11,1.6373644010072353e-11,-7.756892155680267e-14
basic_Dsteel,TW-P060,N525,interior_applied_load,,-32.0,107.282,215.313,-2.0407778176366814e-12,-14.17475083563652,4.330520866488286e-11,-5.799018038534511e-10,3.282762791102631e-11,-4.337398661245016e-12
basic_Dsteel,TW-P061,N340,interior_applied_load,,-32.0,108.759,134.661,-3.979039320256561e-13,-10.263542617969506,7.275957614183426e-12,-1.8189894035458565e-12,-1.3642420526593924e-11,-3.456079866737127e-11
basic_Dsteel,TW-P062,N130,interior_applied_load,,-32.0,109.364,115.0,9.397760290488715e-12,-8.709164111612347,-4.835026995692167e-13,-1.0213961704385398e-09,-1.6483785006358158e-11,-5.198721419065142e-14
basic_Dsteel,TW-P063,N131,interior_applied_load,,-32.0,116.719,115.0,4.846294741084967e-11,-6.93868564485585,7.491240458825201e-14,-4.2471192402202195e-10,1.027212515806891e-10,1.3731709163452658e-15
basic_Dsteel,TW-P064,N526,interior_applied_load,,-32.0,117.602,221.271,-1.4772881979337378e-11,-9.981651816489261,-7.267635461291648e-10,-2.45526149976777e-10,1.3575562782974727e-11,-3.1627450079462612e-12
basic_Dsteel,TW-P065,N527,interface_action,BR-R-main-2,-32.0,120.0,222.655,-11.5006763715744,-73.8035886022201,21.116471371585206,-1331.3104513387614,-756.3909850317712,-2234.8861117448755
basic_Dsteel,TW-P066,N132,interior_applied_load,,-32.0,121.762,115.0,-3.3195988180523273e-09,-8.513976423841086,-3.637978807091713e-12,2.2100721253082156e-09,-2.5265762815251946e-09,-4.5929482439532876e-11
basic_Dsteel,TW-P067,N133,interior_applied_load,,-32.0,122.762,115.0,5.381267698112424e-08,-5.886583837572685,-1.3578013602355554e-08,-7.744941465936961e-09,-3.3211885056436655e-10,2.4207231774653337e-09
basic_Dsteel,TW-P068,N310,interior_applied_load,,-32.0,122.762,117.5,7.734734847136661e-09,-3.640617077935743,1.5391465255189766e-08,-3.3122441745861005e-08,1.2365761618260982e-10,8.029013553224011e-09
basic_Dsteel,TW-P069,N311,interior_applied_load,,-32.0,122.762,143.543,4.04412407221436e-15,-7.281234163475802,6.295634609210992e-15,-1.919483287634195e-13,5.924765611369362e-15,-5.574121733890976e-13
basic_Dsteel,TW-P070,N312,interior_applied_load,,-32.0,122.762,169.586,-3.088459755542142e-14,-7.281234163485181,-2.0945588671697864e-14,-4.3490309273789804e-14,1.572966558710139e-14,-2.67375038055185e-13
basic_Dsteel,TW-P071,N313,interior_applied_load,,-32.0,122.762,195.629,2.3293591665860282e-14,-7.281234163476211,7.729643942361282e-15,1.9873900824602726e-13,-1.1836903721727273e-14,9.945896497948048e-13
basic_Dsteel,TW-P072,N314,interior_applied_load,,-32.0,122.762,221.673,5.587935447692871e-09,-3.6406170800328255,0.0,0.0,-4.656612873077393e-10,-9.313225746154785e-09
basic_Dsteel,TW-P073,N528,interior_applied_load,,-32.0,122.762,224.25,-3.725290298461914e-09,-2.1681345961987972,1.1920928955078125e-07,-5.960464477539063e-08,-2.3283064365386963e-10,-7.450580596923828e-09
basic_Dsteel,TW-P074,N529,interior_applied_load,,-32.0,122.762,226.093,-7.778449198703368e-12,-2.798841601871855,-3.864650651606011e-12,1.4867430533404398e-10,-2.853741568732523e-11,3.4771668181566694e-12
basic_Dsteel,TW-P075,N530,interior_applied_load,,-32.0,126.88,226.093,7.02644823352649e-12,-8.39652489363047,1.2173754296330804e-11,-1.5216687249834797e-10,-4.717868042842539e-11,-2.1404240165240517e-12
basic_Dsteel,TW-P076,N134,interior_applied_load,,-32.0,132.281,115.0,-9.261419740744669e-12,-8.578189348633403,1.2552906970229645e-12,7.610699768375464e-11,1.2814228064373887e-11,-3.5012650546584504e-13
basic_Dsteel,TW-P077,N531,interior_applied_load,,-32.0,135.116,226.093,5.6930841762695795e-12,-11.195366584018045,3.86330805645117e-12,-1.41942259239342e-10,3.99635380230208e-11,-9.861952267158259e-13
basic_Dsteel,TW-P078,N135,interior_applied_load,,-32.0,138.091,115.0,6.355736620250076e-12,-8.709164111755959,2.8367922594296673e-13,2.0862831548329656e-10,9.404726905489529e-11,4.3985312343376585e-13
basic_Dsteel,TW-P079,N532,interior_applied_load,,-32.0,143.351,226.093,-5.784468029919348e-12,-9.308184836613027,6.667787120422592e-12,-2.82742931486286e-10,7.72962483504657e-11,1.859837543066235e-13
basic_Dsteel,TW-P080,N136,interior_applied_load,,-32.0,147.844,115.0,-8.261351687858104e-13,-14.167097712199409,2.4217991235780363e-13,3.007238660551793e-11,3.0979384885101834e-11,2.6246039854939774e-13
basic_Dsteel,TW-P081,N533,interior_applied_load,,-32.0,148.81,226.093,-1.3195212388666022e-09,-4.519382107623346,-1.298033037306395e-13,-1.904078758029288e-10,-2.82149251657413e-10,-8.234118177871445e-13
basic_Dsteel,TW-P082,N534,interface_action,BR-R-cap-1,-32.0,150.0,226.093,-13.92101220713107,-106.6593343427091,-3.8245053837390195,1251.0864877808265,-105.93692139516874,-2802.140074040188
basic_Dsteel,TW-P083,N535,interior_applied_load,,-32.0,151.586,226.093,2.1370388300722653e-10,-6.675984389078139,7.206546756650471e-11,-2.9642049697282176e-10,-1.7448258120746143e-11,-1.2612542685625171e-11
basic_Dsteel,TW-P084,N536,interior_applied_load,,-32.0,159.822,226.093,-1.3139460754605294e-12,-11.195366495492065,-1.8313235080658045e-11,-5.779330678774025e-13,2.5310656602972293e-12,7.008069221220064e-13
basic_Dsteel,TW-P085,N137,interior_applied_load,,-32.0,163.406,115.0,-1.6071041290445087e-10,-10.618566399548222,-1.8120073581365265e-12,-6.765828978655104e-12,-6.796512677478078e-11,-6.733216466358323e-13
basic_Dsteel,TW-P086,N138,interior_applied_load,,-32.0,166.818,115.0,1.3637083766572982e-10,-8.709163934816132,-1.3681817920253793e-13,-2.7903075661091643e-10,1.1159038927428496e-10,-1.9090418148414716e-13
basic_Dsteel,TW-P087,N537,interior_applied_load,,-32.0,168.057,226.093,-3.6905370079306753e-13,-10.2198447794089,-8.476151269162313e-12,-1.0342113389964181e-10,-7.0970793861301044e-12,-4.655804442817826e-12
basic_Dsteel,TW-P088,N538,interior_applied_load,,-32.0,174.857,226.093,-2.203554384873202e-10,-5.597683292357132,8.951487803066066e-12,-4.81071429816958e-10,7.326195057873137e-12,-3.5748936508775542e-12
basic_Dsteel,TW-P089,N539,interior_applied_load,,-32.0,176.293,226.093,3.071896020681209e-10,-6.573205007460184,2.8652588647462694e-11,1.6082492245434325e-10,-3.264789337474092e-11,5.242959289442916e-12
basic_Dsteel,TW-P090,N139,interior_applied_load,,-32.0,178.969,115.0,7.012696857912223e-12,-10.175000073872566,-1.5230886585562005e-12,4.108868227730135e-11,1.0699383084136817e-11,2.0429263494504713e-13
basic_Dsteel,TW-P091,N540,interior_applied_load,,-32.0,184.528,226.093,-2.2351741790771484e-08,-5.9184408485889435,0.0,0.0,1.862645149230957e-09,0.0
basic_Dsteel,TW-P092,N15,interface_action,BR-W-2; W3,-32.0,185.0,115.0,1.998018462452129,837.4176759040708,-135.84202726933498,1948.7394889065115,-133.82181676562683,-146.9787684288334
basic_Dsteel,TW-P093,N315,interface_action,W3,-32.0,185.0,117.5,-30.85412096910273,-433.7866298839667,3.5010620336783056,555.4210086009192,-85.33218724428825,380.6521831866315
basic_Dsteel,TW-P094,N16,interface_action,W3,-32.0,185.0,143.183,-7.478511466316528e-10,-6.344473756042873,-4.03684273261191e-10,-5.909044536726999e-11,-6.125434397179608e-14,2.3498302086257025e-10
basic_Dsteel,TW-P095,N316,interface_action,W3,-32.0,185.0,144.148,2.594184138813993e-10,-1.4865467643543304,1.1677516671643434e-10,-4.1616858011397376e-11,5.90934552202441e-14,1.1191076225646817e-10
basic_Dsteel,TW-P096,N317,interface_action,W3,-32.0,185.0,170.797,-2.985797979955235e-10,-1.4865467643606227,-1.677547375839716e-10,-1.0293726729429069e-10,3.192173840694167e-14,1.816063692719996e-10
basic_Dsteel,TW-P097,N17,interface_action,W3,-32.0,185.0,171.82,-3.4567235403213956e-11,-6.395091802975759,5.853184662616914e-11,-3.616329514403656e-12,6.416971242641249e-15,6.815176757381622e-11
basic_Dsteel,TW-P098,N318,interface_action,W3,-32.0,185.0,197.445,-4.5417619352755895e-12,-1.0097804336194447,-1.0017192411163177e-11,-1.4025143793224176e-11,6.159139663968844e-15,2.1924246783157708e-14
basic_Dsteel,TW-P099,N18,interface_action,W3,-32.0,185.0,200.457,3.2359268286557854e-12,-6.060114361881524,1.1993454420977938e-11,-3.797011180420958e-12,-9.16623606338213e-15,1.4739859419246426e-12
basic_Dsteel,TW-P100,N319,interface_action,W3,-32.0,185.0,207.0,5.372723579406738,-14.713010013103485,157.58104050904512,392.5936248898506,108.56494903564453,432.2751855170354
basic_Dsteel,TW-P101,N320,interface_action,W3,-32.0,185.0,224.093,25.52557135422091,350.73265867535434,-159.78649175603684,2099.7887782147577,-21.775367314404377,2388.3791610061367
basic_Dsteel,TW-P102,N19,interface_action,W3,-32.0,185.0,226.093,0.21160773187875748,-4.473674148321152,-1.3246345953084528,20.056579113006592,-0.2962937420234084,20.222947875066893
basic_Dsteel,TW-P103,N341,interior_applied_load,,-32.0,186.0,207.0,-4.76837158203125e-07,-0.314875066280365,0.0,0.0,0.0,0.0
basic_Dsteel,TW-P104,N342,interior_applied_load,,-32.0,187.0,207.0,1.4506222560658324e-07,-5.946263728287727,-7.724981217884226e-09,7.492277266490674e-08,6.014509844299966e-10,-2.006424075051801e-07
basic_Dsteel,TW-P105,N347,interior_applied_load,,-32.0,187.0,209.5,-1.3161519859801665e-07,-2.0400282810388206,6.212960593200942e-09,1.4121712560484442e-08,-3.854491270909255e-12,-1.4972031652813767e-07
basic_Dsteel,TW-P106,N348,interior_applied_load,,-32.0,187.0,224.093,5.68918281929065e-09,-2.040028281012999,-6.746555852171765e-09,-3.911185959132313e-08,8.643726401175696e-12,-1.0001605710296957e-08
basic_Dsteel,TW-P107,N541,interior_applied_load,,-32.0,187.0,226.093,-1.1641532182693481e-08,-5.276925649261102,3.4458935260772705e-08,1.7229467630386353e-08,-9.313225746154785e-10,-1.9863364286720753e-09
basic_Dsteel,TW-P108,N542,interior_applied_load,,-32.0,192.764,226.093,-1.970809826416081e-07,-3.997517732893871,6.621210753174938e-10,-1.2031747013901158e-08,-5.6672443875861065e-09,4.065364295462767e-12
basic_Dsteel,TW-P109,N343,interior_applied_load,,-32.0,192.881,207.0,-2.513146579730119e-09,-9.13137499384744,1.6465928939779495e-08,-2.8866997785204074e-08,2.962221073031909e-11,-1.0323345511764614e-08
basic_Dsteel,TW-P110,N349,interior_applied_load,,-32.0,192.881,209.5,-3.6248487661664005e-09,-2.0400282807652723,-2.834517538250871e-08,1.0448621956272015e-08,6.444485644269378e-12,-3.406278685416045e-08
basic_Dsteel,TW-P111,N350,interior_applied_load,,-32.0,192.881,224.093,-4.327565972239711e-09,-2.040028280944847,-1.507738237472439e-08,-5.88003921768443e-09,-9.368128185294255e-12,8.472979429186012e-09
basic_Dsteel,TW-P112,N543,interior_applied_load,,-32.0,192.881,226.093,-4.512485883804862e-08,-5.533821366416015,2.6582729957871308e-08,-5.485968758832446e-08,-3.758677165857315e-09,-2.2041595143301355e-09
basic_Dsteel,TW-P113,N140,interior_applied_load,,-32.0,194.531,115.0,-1.994135607864104e-09,-5.901499926111282,2.952183139548569e-12,-4.924590392355077e-12,-1.63071291577899e-10,1.1565244359580394e-12
basic_Dsteel,TW-P114,N141,interior_applied_load,,-32.0,195.545,115.0,3.3580031866958863e-09,-8.709164111777703,1.0741101439536896e-12,-4.007959769878748e-12,-1.1818254826044016e-10,1.4039449381797718e-12
basic_Dsteel,TW-P115,N544,interior_applied_load,,-32.0,200.905,226.093,-1.4632541701805248e-07,-5.517674123173294,-1.1289355761544255e-09,-1.3186030734520045e-08,-2.205783837127313e-08,3.1217683392655874e-11
basic_Dsteel,TW-P116,N545,interior_applied_load,,-32.0,200.999,226.093,-8.461213491604026e-08,-5.661544951827294,1.134537478000249e-09,-1.052848929503129e-08,-3.5913903419097177e-10,-4.088232280267986e-11
basic_Dsteel,TW-P117,N355,interior_applied_load,,-32.0,201.5,216.547,-1.871221452511383e-12,-7.5590762905429,3.27522421933209e-12,6.847014932165442e-13,8.50666781166854e-12,-6.0740232739465805e-12
basic_Dsteel,TW-P118,N546,interior_applied_load,,-32.0,209.234,226.093,-7.150350515711692e-12,-10.196349390272118,3.615995778227546e-11,-1.9656947508244566e-11,-3.411108461610639e-11,-1.2664203022956625e-11
basic_Dsteel,TW-P119,N142,interior_applied_load,,-32.0,210.094,115.0,4.726647559159171e-13,-16.076500000000024,9.37928863935521e-13,-2.822940291083857e-13,-1.3246121511261448e-11,-1.837904228442801e-13
basic_Dsteel,TW-P120,N344,interior_applied_load,,-32.0,216.0,207.0,-1.7413389841181015e-08,-16.41089941034965,-1.38732828385002e-08,5.3621809914181084e-08,-1.3113390869268931e-10,1.4821599059189339e-08
basic_Dsteel,TW-P121,N351,interior_applied_load,,-32.0,216.0,209.5,1.7217251412514844e-08,-2.040028280900521,3.2139135007907325e-08,1.3082726687690323e-08,2.7407674621717874e-12,2.0425348209699915e-08
basic_Dsteel,TW-P122,N352,interior_applied_load,,-32.0,216.0,224.093,1.0574558284570656e-08,-2.0400282810065478,-3.118354170630194e-08,5.193174323035732e-08,9.884115378879016e-13,-1.01541141050987e-08
basic_Dsteel,TW-P123,N356,interior_applied_load,,-32.0,216.0,226.093,-7.0221994964203294e-09,-13.156759494030062,-3.8243737149720604e-08,8.290061792086243e-08,7.396675177930091e-11,-1.2927601388243329e-08
basic_Dsteel,TW-P124,N547,interior_applied_load,,-32.0,217.47,226.093,-1.0649095616723591e-10,-6.59670039737542,7.988267579148657e-11,-1.1788687370308045e-10,4.5910481176380355e-11,2.5044895784097707e-12
basic_Dsteel,TW-P125,N143,interior_applied_load,,-32.0,224.273,115.0,6.08377611131604e-10,-8.709164111655978,4.134371882240873e-12,-6.611783231265664e-11,1.170526457178576e-10,-3.778640965321902e-13
basic_Dsteel,TW-P126,N144,interior_applied_load,,-32.0,225.656,115.0,3.606958580680104e-10,-9.483417917262694,-4.323144322339775e-12,-7.594361476353956e-11,1.3458443029445647e-10,-4.944289284480848e-13
basic_Dsteel,TW-P127,N548,interior_applied_load,,-32.0,225.705,226.093,2.1183644202930963e-12,-6.445481460933002,-4.5902824293235934e-11,-2.497727563024883e-10,-4.5880262693417213e-11,6.195756642590759e-12
basic_Dsteel,TW-P128,N549,interior_applied_load,,-32.0,226.952,226.093,1.7497578309884664e-10,-5.597683203834315,9.740149099441483e-11,-4.323013404332822e-10,-1.0602906624333487e-10,-1.1765393408055206e-11
basic_Dsteel,TW-P129,N357,interior_applied_load,,-32.0,230.5,216.547,5.876733644590479e-13,-7.559076290548122,4.545781985422793e-12,6.987126949894213e-12,-4.1941349535818064e-12,-1.757418398508851e-12
basic_Dsteel,TW-P130,N550,interior_applied_load,,-32.0,233.941,226.093,-7.034795835145833e-11,-5.4699597460128855,2.1119358964247573e-10,-2.87126956448223e-10,-5.761232256901191e-12,2.6838328468382012e-11
basic_Dsteel,TW-P131,N551,interface_action,BR-R-cap-2,-32.0,235.0,226.093,-23.98051258331039,-128.18206400112973,6.720532132089199,-1878.6119078365487,83.59864408022223,-4582.223600461595
basic_Dsteel,TW-P132,N145,interior_applied_load,,-32.0,241.219,115.0,-2.5494458737413197e-12,-11.944495977347335,2.412988417185629e-13,-1.2295476352224634e-11,-9.527255765403113e-12,4.548757741697758e-14
basic_Dsteel,TW-P133,N552,interior_applied_load,,-32.0,242.176,226.093,2.0536086650417476e-11,-6.797083275697791,2.3488903785458638e-11,-3.360573304450062e-11,1.4870148170905713e-11,-3.243609257965254e-13
basic_Dsteel,TW-P134,N345,interior_applied_load,,-32.0,245.0,207.0,-4.362524387804287e-08,-13.225788145583534,-4.0213985993485285e-08,6.595436862298371e-08,1.755104553697374e-11,2.1565632633634205e-09
basic_Dsteel,TW-P135,N353,interior_applied_load,,-32.0,245.0,209.5,4.670307391574497e-09,-2.0400282809497963,-2.0875641569244465e-08,-4.609700683898901e-09,4.2113784187229844e-12,9.787838688633453e-09
basic_Dsteel,TW-P136,N354,interior_applied_load,,-32.0,245.0,224.093,-2.8257932938036134e-09,-2.0400282807962498,3.2934206022072754e-09,6.001522357551581e-08,1.0851947509001796e-11,4.367389061510352e-09
basic_Dsteel,TW-P137,N553,interior_applied_load,,-32.0,245.0,226.093,4.797992781373347e-09,-3.2788914388523667,4.486482118718852e-08,4.0398520504081816e-08,-3.850201612908904e-12,-6.022499340563665e-10
basic_Dsteel,TW-P138,N346,interior_applied_load,,-32.0,246.0,207.0,0.0,-0.3148750066757202,0.0,-2.9802322387695312e-08,0.0,9.313225746154785e-10
basic_Dsteel,TW-P139,N146,interior_applied_load,,-32.0,247.0,115.0,1.8577683280618373e-09,-4.354582054818241,2.8003227514616924e-09,6.369333449551817e-09,-1.6078838838958462e-10,-9.561394925805544e-09
basic_Dsteel,TW-P140,N321,interior_applied_load,,-32.0,247.0,117.5,-2.4623545119014197e-08,-3.7252154036458935,-6.493051588167406e-09,8.892545020678856e-10,8.64191735251647e-12,-1.0838477359323728e-08
basic_Dsteel,TW-P141,N322,interior_applied_load,,-32.0,247.0,144.148,2.547027479030443e-16,-7.450430807086186,-2.042456798387157e-15,9.155256844169005e-14,-4.958460252745996e-16,-4.807867902947361e-14
basic_Dsteel,TW-P142,N323,interior_applied_load,,-32.0,247.0,170.797,5.235348644429709e-15,-7.450430807086004,-1.8148874051459506e-15,-1.7218566799303922e-15,1.1287756753359042e-15,-1.5623680448233353e-13
basic_Dsteel,TW-P143,N324,interior_applied_load,,-32.0,247.0,197.445,-3.167216724033218e-13,-5.060923363732861,4.80331341055871e-13,3.3092278202905005e-12,-1.970702897261226e-15,1.397813108941293e-12
basic_Dsteel,TW-P144,N325,interior_applied_load,,-32.0,247.0,207.0,0.0,-3.7252153754234314,-3.725290298461914e-09,2.9802322387695312e-08,2.384185791015625e-07,-4.656612873077393e-10
basic_Dsteel,TW-P145,N326,interior_applied_load,,-32.0,247.0,224.093,-7.450580596923828e-09,-2.3895074434112757,5.960464477539063e-08,-5.960464477539063e-08,1.4551915228366852e-11,2.2351741790771484e-08
basic_Dsteel,TW-P146,N554,interior_applied_load,,-32.0,247.0,226.093,2.9802322387695312e-08,-2.718833398539573,0.0,-1.1920928955078125e-07,-5.820766091346741e-11,1.4901161193847656e-08
basic_Dsteel,TW-P147,N147,interface_action,BR-N-upper-1; T-N; W4,-32.0,249.0,115.0,31.528800124917257,12.181908962226933,116.25503874718066,-1332.9617185358295,-860.2003370866406,-380.8483219170838
basic_Dsteel,TW-P148,N555,interface_action,BR-N-upper-2; T-N top / segment 1; W4,-32.0,249.0,226.093,0.2875486644729403,40.116745077445394,-0.04797953333819486,-387.3900471446933,335.37673320172394,3844.848183647171
basic_Dsteel,TW-P149,N556,interface_action,T-N top / segment 1; W4,-32.0,250.411,226.093,4.5376327549926595e-10,-0.01846879731613106,-4.345405440723504e-11,-6.890555324135439e-11,-1.2782276244311265e-10,6.921770452892337e-12
basic_Dsteel,TW-P150,N148,interface_action,T-N; W4,-32.0,252.0,115.0,1.7498382034692346,40.54956483219822,0.09811509513026007,4.992205682759405,4.42093625756166,-65.68793071163076
basic_Dsteel,TW-P151,N327,interior_applied_load,,-32.0,252.0,117.5,-3.160784252977379e-09,-3.725215403569925,-1.347573329741734e-09,9.240259587013755e-10,7.938928067126122e-12,-4.997897629367708e-09
basic_Dsteel,TW-P152,N328,interior_applied_load,,-32.0,252.0,144.148,4.952696563844776e-15,-7.450430807086007,-3.792159613451741e-17,-9.584435684452214e-14,-1.6236334836865956e-15,3.983327097989089e-13
basic_Dsteel,TW-P153,N329,interior_applied_load,,-32.0,252.0,170.797,4.896883692400761e-15,-7.4504308070858825,-3.446431327814567e-15,8.25808753510323e-14,2.786932758926878e-15,-3.8049860325195324e-14
basic_Dsteel,TW-P154,N330,interior_applied_load,,-32.0,252.0,197.445,-6.760135791506207e-16,-7.450430807085968,1.6989532331840317e-15,3.104954135027642e-13,7.484465591855776e-16,-2.040053819078932e-13
basic_Dsteel,TW-P155,N331,interior_applied_load,,-32.0,252.0,224.093,-7.450580596923828e-09,-3.725215403479524,0.0,5.960464477539063e-08,0.0,7.450580596923828e-09
basic_Dsteel,TW-P156,N557,interface_action,T-N top / segment 1; W4,-32.0,252.0,226.093,-1.7475146502256393,-10.997155954129994,-0.09742707014083862,6.179600238800049,-4.415065858513117,-127.43259951472282
basic_Dsteel,TW-P157,N27,interface_action,BR-N-ground-2; BR-W-1; T-N; W4,-32.0,253.0,115.0,-0.5116063320468394,3.032045235693108,3.8357561352224425,0.6533092571212045,-3.3405507156478267,7.727648046736493
basic_Dsteel,TW-P158,N31,interface_action,T-N top / segment 1; W4,-32.0,253.0,226.093,0.3013661988079548,0.49342175060883164,0.07486152625642717,-1.0718653466319665,0.8509521852247417,37.61061444745428
basic_Dwall,TW-P001,N76,interface_action,SW0; T-SO,-32.0,-63.0,115.0,1.0256724026704072,-80.9314353020395,317.2518112773509,335.02781476709436,32.40346899693982,43.23230272640009
basic_Dwall,TW-P002,N78,interface_action,SW0,-32.0,-63.0,117.0,-1.4839475985188528,-190.0113659319959,-315.44231935840617,159.1630533753978,-41.28642163859331,49.142798171368895
basic_Dwall,TW-P018,N5,interface_action,T-S; W1,-32.0,0.0,115.0,-0.1965549119370129,529.2273879464872,2.974810281978762,-386.1829902728248,-7.9883440978778495,-154.55394555941487
basic_Dwall,TW-P019,N303,interface_action,W1,-32.0,-0.0,117.5,-3.451924151830621,-32.954555744985726,-25.403682376543692,-429.93865414694216,-18.165620905719138,98.53385955783543
basic_Dwall,TW-P022,N305,interface_action,W1,-32.0,-0.0,150.796,3.451924153139777,32.954555745213675,25.403682385911196,-415.90235426536805,18.165620905718594,16.401406949669713
basic_Dwall,TW-P023,N7,interface_action,BR-R-main-1; T-S top / segment 1; W1,-32.0,0.0,153.373,0.7256773455865186,-0.2779204269172624,0.9886984211625531,-19.79146733773814,-23.180844535188953,-92.12085911231406
basic_Dwall,TW-P026,N119,interior_applied_load,,-32.0,7.781,115.0,3.285146182557965e-13,-17.665846981820746,-1.7675342371900236e-13,8.27648230219113e-12,-1.391269098706592e-12,5.098588846766444e-14
basic_Dwall,TW-P030,N121,interior_applied_load,,-32.0,23.344,115.0,-1.2668641903891479e-08,-21.549993419273353,-3.8510611269099e-12,-1.1610017434119061e-08,1.4339015931155392e-09,-1.2441104616678685e-12
basic_Dwall,TW-P035,N122,interior_applied_load,,-32.0,38.906,115.0,-7.527016209804175e-14,-25.434139959259664,-1.0185463745233712e-13,1.7794031846931855e-11,-3.9478465298588424e-13,-4.582125553227226e-14
basic_Dwall,TW-P040,N124,interior_applied_load,,-32.0,54.469,115.0,1.0078947181526338e-11,-29.318286447852437,-6.106188260314237e-13,5.129202652865496e-10,3.822458217734709e-11,-7.225696855315197e-14
basic_Dwall,TW-P046,N218,interface_action,T1 upper lower chord,-32.0,69.75,150.143,3.586172101283581,71.65121876601039,-0.8775106572710951,3.2745477957060136,-1.093005987831208,62.22314552298578
basic_Dwall,TW-P049,N337,interface_action,T1 top / segment 1,-32.0,69.75,193.643,-3.839712393004447,-70.1671828404069,0.8264935463666916,-65.07552313804626,15.533701774423093,-12.492652553133667
basic_Dwall,TW-P050,N126,interior_applied_load,,-32.0,70.031,115.0,-1.3658553429175145e-08,-33.20243287582007,5.877347227469897e-12,3.9145668435090675e-08,6.159060161478455e-10,2.6725038694526606e-12
basic_Dwall,TW-P054,N128,interior_applied_load,,-32.0,85.594,115.0,2.5027613169875453e-13,-37.086579425356874,-2.758334361037468e-13,2.81079765345487e-10,2.490610352853195e-13,-9.888035766688929e-14
basic_Dwall,TW-P059,N129,interior_applied_load,,-32.0,101.156,115.0,1.7984508855715164e-13,-40.970725914132586,1.9583454430617272e-13,4.635107067862798e-12,-4.639625352389771e-13,1.1502879237953096e-14
basic_Dwall,TW-P063,N131,interior_applied_load,,-32.0,116.719,115.0,9.486637503912155e-13,-44.85487240282971,4.537257970110343e-13,4.096993820277161e-11,3.693092505273901e-12,6.266278815293737e-15
basic_Dwall,TW-P065,N527,interface_action,BR-R-main-2,-32.0,120.0,222.655,0.915535047235037,0.2778848892246443,-0.6290280337886672,15.18424098580668,12.772833093167788,34.48848179620203
basic_Dwall,TW-P076,N134,interior_applied_load,,-32.0,132.281,115.0,-5.684235143927504e-15,-47.16014473956025,5.178842078200365e-13,-1.0072545790672774e-11,-1.0777485063703685e-13,1.632346351084224e-14
basic_Dwall,TW-P080,N136,interior_applied_load,,-32.0,147.844,115.0,-4.902066260627589e-15,-47.16014473955545,3.4435670420729563e-13,-1.4725917369800354e-10,-3.4559770940059494e-13,-2.1670409414392893e-14
basic_Dwall,TW-P082,N534,interface_action,BR-R-cap-1,-32.0,150.0,226.093,0.4739610249539309,-0.6717781906972781,-0.07344845663228224,2.567162353059116,10.824315839736284,-50.9202813630914
basic_Dwall,TW-P085,N137,interior_applied_load,,-32.0,163.406,115.0,-2.0618604120118056e-13,-47.16014473967727,-6.137830124820276e-13,1.8297626170050468e-10,-7.250433083323541e-13,1.9244929883468477e-14
basic_Dwall,TW-P090,N139,interior_applied_load,,-32.0,178.969,115.0,2.6666457168762427e-13,-47.160144739556195,-2.914754452971766e-13,1.2246377402080274e-10,-1.0196469472028385e-13,-3.347636188572243e-15
basic_Dwall,TW-P092,N15,interface_action,BR-W-2; W3,-32.0,185.0,115.0,0.15960773259896646,324.22894363638227,-43.76490616272907,756.8038490331905,4.81929677677143,10.442107419163733
basic_Dwall,TW-P093,N315,interface_action,W3,-32.0,185.0,117.5,-0.6256965399614852,-10.278026350926224,0.045530731698477836,190.87279756938636,-1.152313523689157,26.39777545381348
basic_Dwall,TW-P100,N319,interface_action,W3,-32.0,185.0,207.0,0.08572398126125336,17.89128114283085,7.275772729888558,-94.4149931371212,-4.005031161010265,2.8505072243933682
basic_Dwall,TW-P101,N320,interface_action,W3,-32.0,185.0,224.093,0.5406774116048831,-6.884587943322391,-7.261482985691295,30.961457974246994,5.103580480085065,36.01679317360106
basic_Dwall,TW-P102,N19,interface_action,W3,-32.0,185.0,226.093,0.004482230171561241,-0.29229644499719143,-0.06019786116667092,0.3770672045648098,0.06944355764426291,0.3075447247683769
basic_Dwall,TW-P113,N140,interior_applied_load,,-32.0,194.531,115.0,-7.537901543226865e-11,-47.16014473955255,7.244604854065103e-13,1.0706194214682779e-12,-5.568139999294826e-11,-1.1079399311376459e-14
basic_Dwall,TW-P119,N142,interior_applied_load,,-32.0,210.094,115.0,9.45190588658067e-16,-47.16014473955295,4.0156186470658226e-13,1.2089702496260633e-12,5.537157173678174e-15,-7.048932744984154e-15
basic_Dwall,TW-P126,N144,interior_applied_load,,-32.0,225.656,115.0,2.8313149674864882e-11,-47.16014473939745,-4.011111538280016e-13,7.716124447717204e-11,-1.182997063919078e-12,6.60034874453139e-14
basic_Dwall,TW-P131,N551,interface_action,BR-R-cap-2,-32.0,235.0,226.093,-1.1947718910849883,-0.6618607964431213,0.42331128175456995,-28.25516378039831,-11.066975473890894,-66.60094089669472
basic_Dwall,TW-P132,N145,interior_applied_load,,-32.0,241.219,115.0,-1.2469409303272464e-13,-47.160144739553076,-2.6033180923000095e-13,-5.932348035085501e-12,-6.892039716640507e-14,1.672715423771988e-14
basic_Dwall,TW-P147,N147,interface_action,BR-N-upper-1; T-N; W4,-32.0,249.0,115.0,-0.024128185950564034,34.32836827274775,37.683556325848755,-150.92346680394428,38.75478371625987,-35.25491025681662
basic_Dwall,TW-P148,N555,interface_action,BR-N-upper-2; T-N top / segment 1; W4,-32.0,249.0,226.093,-0.12366676687253877,7.651041391859319,-0.7231010172628075,-478.4923334740465,71.88520762575075,63.705935137269734
basic_Dwall,TW-P150,N148,interface_action,T-N; W4,-32.0,252.0,115.0,0.09900107204106497,9.049653431051578,0.03031784351919775,-1.7966041948335478,0.1870535682943996,-7.183480611456192
basic_Dwall,TW-P156,N557,interface_action,T-N top / segment 1; W4,-32.0,252.0,226.093,-0.09886961244046688,-9.037636728491634,-0.03010520339012146,5.244289755821228,-0.18680518685141578,-3.7512891869992018
basic_Dwall,TW-P157,N27,interface_action,BR-N-ground-2; BR-W-1; T-N; W4,-32.0,253.0,115.0,-0.04601859690300891,1.5170664926719297,1.3379261253193857,4.600032214933326,-0.14494742923146534,3.416500380442736
basic_Dwall,TW-P158,N31,interface_action,T-N top / segment 1; W4,-32.0,253.0,226.093,0.016856257105246186,0.7552805282175541,0.023871217272244394,-0.9599375967518426,0.036003275599796325,1.0350149463882872
basic_HX,TW-P001,N76,interface_action,SW0; T-SO,-32.0,-63.0,115.0,-28.07619697828976,-64.16311435135354,432.61941014635283,-86.09563865381824,-1036.9862538495672,88.13897829801297
basic_HX,TW-P002,N78,interface_action,SW0,-32.0,-63.0,117.0,-23.769890287128874,-227.01060369883635,-399.94018114588107,-220.0626234895899,-760.4987042246721,371.5444930019439
basic_HX,TW-P018,N5,interface_action,T-S; W1,-32.0,0.0,115.0,61.830891092748516,399.90407705545294,28.148661892564633,-1314.408625476497,-811.6491700571514,-991.239923803465
basic_HX,TW-P019,N303,interface_action,W1,-32.0,-0.0,117.5,-19.575915290933914,-38.95943345058219,-2.938677183805226,109.20178771284179,-152.77516517016227,545.9547697554469
basic_HX,TW-P022,N305,interface_action,W1,-32.0,-0.0,150.796,19.575915468460348,38.95943345069859,2.9386770256204735,-207.04798281931213,152.77516517055574,105.8449066544392
basic_HX,TW-P023,N7,interface_action,BR-R-main-1; T-S top / segment 1; W1,-32.0,0.0,153.373,-4.084753502393141,32.46402328648037,80.35745227348525,48.838319387927186,-784.2291856786469,39.11532621533843
basic_HX,TW-P046,N218,interface_action,T1 upper lower chord,-32.0,69.75,150.143,-68.98782672143159,-21.587492303574763,0.5761153465509441,-9.940815798181053,-139.0007071663717,-679.8020011331652
basic_HX,TW-P049,N337,interface_action,T1 top / segment 1,-32.0,69.75,193.643,39.428556740283966,-22.6194640211761,1.5045973062515259,-67.24890729784966,-113.28486211699783,-824.9016674757004
basic_HX,TW-P065,N527,interface_action,BR-R-main-2,-32.0,120.0,222.655,-49.475352864043295,9.139522315445486,20.161546701767104,-102.84711378236061,218.30994280790912,-433.64428087345914
basic_HX,TW-P082,N534,interface_action,BR-R-cap-1,-32.0,150.0,226.093,-2419.499916005338,-28.217322867324977,-577.2095426072623,-168.92828176753,-19707.65810368043,2944.7207233962754
basic_HX,TW-P092,N15,interface_action,BR-W-2; W3,-32.0,185.0,115.0,-35.592399028424765,902.8403067330848,730.3415318659869,5289.399698007805,312.5732210803262,873.0440031604505
basic_HX,TW-P093,N315,interface_action,W3,-32.0,185.0,117.5,96.74588952615706,-559.2162358714094,-445.8149789042627,-19413.45800284113,-843.6963193278323,-4858.774604887636
basic_HX,TW-P100,N319,interface_action,W3,-32.0,185.0,207.0,-144.18508911132812,1531.1297065019608,1293.296558856964,-9648.294188141823,8458.880355834961,-286.0434476993978
basic_HX,TW-P101,N320,interface_action,W3,-32.0,185.0,224.093,46.253713848369436,-909.5544102128571,-836.8482638435086,3386.231956705981,-7501.630572351914,-2725.6761572341566
basic_HX,TW-P102,N19,interface_action,W3,-32.0,185.0,226.093,3977.466784477234,-38.61662042140961,-6.937493868172169,41.9469533264637,-102.07342028617859,-21.829044738668017
basic_HX,TW-P131,N551,interface_action,BR-R-cap-2,-32.0,235.0,226.093,115.51259587579402,15.080522148877677,-268.44693295555237,76.57641541917151,19160.404501521196,1810.6764132343035
basic_HX,TW-P147,N147,interface_action,BR-N-upper-1; T-N; W4,-32.0,249.0,115.0,19.070167289751318,-729.8138465432155,-378.24469809145506,-8346.215684327099,-4847.982852866994,2069.328394628815
basic_HX,TW-P148,N555,interface_action,BR-N-upper-2; T-N top / segment 1; W4,-32.0,249.0,226.093,-1570.8933594553473,-242.6136040918105,320.6341547555178,-9673.869219544518,9349.747304685667,1186.140138510252
basic_HX,TW-P150,N148,interface_action,T-N; W4,-32.0,252.0,115.0,1.4538577106024633,-390.5959835336772,16.670784340686552,950.7097988798279,208.28246365248697,-87.07687284084872
basic_HX,TW-P156,N557,interface_action,T-N top / segment 1; W4,-32.0,252.0,226.093,-1.4519271850585938,390.0773254483938,-16.553881645202637,947.6334066390991,-208.0058929771185,-73.45786380767822
basic_HX,TW-P157,N27,interface_action,BR-N-ground-2; BR-W-1; T-N; W4,-32.0,253.0,115.0,-12.053343893279745,-27.44317165180772,-7.015732787265639,-144.5810008580372,-31.85725360464011,11.343956865383817
basic_HX,TW-P158,N31,interface_action,T-N top / segment 1; W4,-32.0,253.0,226.093,0.3075273633003235,-19.18361359834671,12.700892847031355,-162.8625142518431,40.10036861896515,26.445066223976028
basic_HZ,TW-P001,N76,interface_action,SW0; T-SO,-32.0,-63.0,115.0,-6.972577869215928,-4.647422678190456,13.880576086052704,35.04733731207792,-242.4552748287635,4.699707837693974
basic_HZ,TW-P002,N78,interface_action,SW0,-32.0,-63.0,117.0,-7.004357474412245,-7.165086109047024,-11.125894496281944,23.329233438296797,-192.17360962042585,120.14962549823395
basic_HZ,TW-P018,N5,interface_action,T-S; W1,-32.0,0.0,115.0,-3.837613774385801,-4.068089471309349,1.3001627948381156,52.34209743492153,-190.79554025254697,168.78082070694813
basic_HZ,TW-P019,N303,interface_action,W1,-32.0,-0.0,117.5,7.810565234522841,3.254742547911259,-0.021136986874621407,-4.678763598983568,-85.57942986029646,-190.5245591338872
basic_HZ,TW-P022,N305,interface_action,W1,-32.0,-0.0,150.796,-7.810565255856764,-3.254742547909229,0.02113699112446375,3.9749864839775153,85.57942986029028,-69.53602124364389
basic_HZ,TW-P023,N7,interface_action,BR-R-main-1; T-S top / segment 1; W1,-32.0,0.0,153.373,17.26471762053552,15.73661642486519,19.569571587660903,1.1129228215340845,-243.2142207363504,47.07179093713057
basic_HZ,TW-P046,N218,interface_action,T1 upper lower chord,-32.0,69.75,150.143,-5.762397585345253,-0.3785521684574022,0.8187287715301431,-19.78974290018585,-35.80881851561056,-49.30663690181481
basic_HZ,TW-P049,N337,interface_action,T1 top / segment 1,-32.0,69.75,193.643,7.612112373113632,-6.157143528282177,-0.49245775677263737,-24.962537858635187,12.447091477632057,-71.11029747128487
basic_HZ,TW-P065,N527,interface_action,BR-R-main-2,-32.0,120.0,222.655,-10.767720304423815,2.23795477342007,4.012745858744672,-36.37780769370883,69.32896800487393,-83.21309638513858
basic_HZ,TW-P082,N534,interface_action,BR-R-cap-1,-32.0,150.0,226.093,20.616911953898867,5.912098863282863,5.074519162163055,15.425862939855396,161.5118408475052,427.27163910068697
basic_HZ,TW-P092,N15,interface_action,BR-W-2; W3,-32.0,185.0,115.0,0.7618849078999927,-33.23850973922704,-22.863962841607503,-76.66539217858875,59.97829097426597,221.37205253154457
basic_HZ,TW-P093,N315,interface_action,W3,-32.0,185.0,117.5,11.804488441958778,23.268326447680558,10.556462376026037,465.583896788449,-374.1502301851193,-575.9045165700472
basic_HZ,TW-P100,N319,interface_action,W3,-32.0,185.0,207.0,4.150984764099121,-34.25554237514734,-36.61535538174212,202.63198563084006,68.49241924285889,-215.06527116335928
basic_HZ,TW-P101,N320,interface_action,W3,-32.0,185.0,224.093,-15.921346241736272,9.592073884634505,25.757846346687682,-162.02535404003913,306.57726457687994,-539.4437327500972
basic_HZ,TW-P102,N19,interface_action,W3,-32.0,185.0,226.093,-0.13198798894882202,0.4072471880353987,0.21353320963680744,-1.7702614436857402,4.171544969081879,-4.7359809289228
basic_HZ,TW-P131,N551,interface_action,BR-R-cap-2,-32.0,235.0,226.093,-34.18016302982857,-0.9132294197901365,14.727427889180637,178.94665681172756,-278.6574763425052,154.17741830865094
basic_HZ,TW-P147,N147,interface_action,BR-N-upper-1; T-N; W4,-32.0,249.0,115.0,-3.423657336609543,16.394687821329317,-16.43436804089322,270.55875960304303,-48.79514141069267,153.61833617084673
basic_HZ,TW-P148,N555,interface_action,BR-N-upper-2; T-N top / segment 1; W4,-32.0,249.0,226.093,25.790841219382887,16.854492369476134,-7.564977683153429,378.6668970219755,451.2694787459184,144.95181090586863
basic_HZ,TW-P150,N148,interface_action,T-N; W4,-32.0,252.0,115.0,0.11854784676607724,5.422347357885274,-0.2881198689491862,-16.14103145797748,11.09839192181513,-7.25995196964255
basic_HZ,TW-P156,N557,interface_action,T-N top / segment 1; W4,-32.0,252.0,226.093,-0.11839043349027634,-5.415147221530788,0.2860994040966034,-16.66750118136406,-11.08365477481857,-5.830475218594074
basic_HZ,TW-P157,N27,interface_action,BR-N-ground-2; BR-W-1; T-N; W4,-32.0,253.0,115.0,-0.023665907444203195,0.17250716406084754,-0.5929480601077247,1.3422964390652135,0.2426393910914982,0.926140548338824
basic_HZ,TW-P158,N31,interface_action,T-N top / segment 1; W4,-32.0,253.0,226.093,0.02338433964177966,0.24037041544215754,-0.21958942781202495,2.8694874446373433,2.136917891446501,1.9504974541221145
basic_R20,TW-P001,N76,interface_action,SW0; T-SO,-32.0,-63.0,115.0,0.6512304000831066,-385.7041097239784,1202.7623193008296,2305.2881373513737,-13.883357416747327,3.7934819306551932
basic_R20,TW-P002,N78,interface_action,SW0,-32.0,-63.0,117.0,-1.1515264132667653,-295.787342355065,-1178.7585259816442,-1706.390184951235,-36.656177199209196,-6.104065231196728
basic_R20,TW-P004,N504,interior_applied_load,,-32.0,-57.84,119.979,0.0,-181.86512943640446,-1.8189894035458565e-12,-3.637978807091713e-12,-9.094947017729282e-13,-9.094947017729282e-13
basic_R20,TW-P005,N505,interior_applied_load,,-32.0,-47.52,125.937,-3.084158587401826e-13,-181.86512943640415,2.0893485264006483e-12,7.154739764058885e-12,1.3269296120156782e-14,2.074903190410988e-13
basic_R20,TW-P008,N507,interior_applied_load,,-32.0,-37.2,131.896,4.7525003009056525e-12,-181.86512943641293,7.393412071287168e-12,-1.0556581531333661e-10,-2.458099364538525e-12,2.13369944650775e-12
basic_R20,TW-P010,N508,interior_applied_load,,-32.0,-26.88,137.854,-9.985977445274956e-14,-181.86512943639087,-1.2266832823799189e-12,5.5273597116169693e-11,-4.745358190617273e-12,-4.809622633620132e-13
basic_R20,TW-P015,N509,interior_applied_load,,-32.0,-16.559,143.812,4.980897648902948e-13,-181.86512943640662,-7.666191949047762e-13,-4.33521548398223e-11,1.4148499074679918e-11,-6.036556764338916e-12
basic_R20,TW-P016,N510,interior_applied_load,,-32.0,-6.239,149.771,9.094947017729282e-13,-181.865129436399,-1.0913936421275139e-11,-2.9103830456733704e-11,1.8189894035458565e-12,-3.637978807091713e-12
basic_R20,TW-P018,N5,interface_action,T-S; W1,-32.0,0.0,115.0,-7.595633244314184,3374.727961074605,10.832881549054946,-1078.1690863435556,-56.93646921665804,-64.10723067503004
basic_R20,TW-P019,N303,interface_action,W1,-32.0,-0.0,117.5,1.3321855211452742,-851.6098205475229,-84.92635640674997,-402.60264876446513,-39.4332238337908,77.5396700087103
basic_R20,TW-P022,N305,interface_action,W1,-32.0,-0.0,150.796,-1.3321855277681083,851.609820549653,84.92635643983363,-2425.105314250154,39.43322383379843,-121.89611920909493
basic_R20,TW-P023,N7,interface_action,BR-R-main-1; T-S top / segment 1; W1,-32.0,0.0,153.373,6.267011916523188,239.2408663147653,3.5212823219480924,-144.11858130263863,-86.13241074407051,62.90367348232576
basic_R20,TW-P024,N511,interior_applied_load,,-32.0,4.081,155.729,-1.0913936421275139e-11,-181.86512943657,4.3655745685100555e-11,0.0,-7.275957614183426e-12,-7.275957614183426e-12
basic_R20,TW-P027,N513,interior_applied_load,,-32.0,14.401,161.688,-1.0722677766716153e-12,-181.86512943641304,-2.4430324555736812e-11,8.210381378198174e-11,5.973631768691927e-12,2.639274287886141e-12
basic_R20,TW-P031,N514,interior_applied_load,,-32.0,24.721,167.646,1.8700229867508642e-12,-181.86512943644124,-1.651676515337898e-11,1.299177849096978e-10,-3.2594001163465866e-11,1.388297102776712e-11
basic_R20,TW-P034,N516,interior_applied_load,,-32.0,35.041,173.604,7.656361354705998e-13,-181.86512943637837,-1.843568304556133e-11,9.37437683000187e-10,5.365026467014625e-12,-4.3612045182942445e-12
basic_R20,TW-P036,N517,interior_applied_load,,-32.0,45.361,179.562,2.0886244489060175e-12,-181.8651294364143,-1.035030266132122e-11,6.026686312569652e-11,7.729123581342993e-12,-1.4567021017629022e-11
basic_R20,TW-P041,N519,interior_applied_load,,-32.0,55.682,185.521,-4.959329786381074e-11,-181.86512943585515,-3.034112943045448e-10,1.2952793284861042e-11,1.2003846558020002e-11,-3.060851344809099e-12
basic_R20,TW-P042,N520,interior_applied_load,,-32.0,66.002,191.479,1.2405337007558277e-10,-181.86512943546626,-4.930961325994144e-11,8.843941879776693e-10,5.09680958709845e-10,-4.1972025456490674e-10
basic_R20,TW-P046,N218,interface_action,T1 upper lower chord,-32.0,69.75,150.143,7.5827133122320785,54.366378654129335,-4.365826600215108,-1.221823368686807,-1.8293754204448909,120.81538023514234
basic_R20,TW-P049,N337,interface_action,T1 top / segment 1,-32.0,69.75,193.643,-5.786387771368027,-47.1201451420784,4.290515959262848,-271.4814898967743,6.631118042583694,15.42733347415924
basic_R20,TW-P051,N521,interior_applied_load,,-32.0,76.322,197.438,1.2325774760220206e-10,-181.86512943663445,1.003336025340979e-11,1.1975380003692354e-09,-5.60211635298919e-11,8.793077639761968e-11
basic_R20,TW-P055,N522,interior_applied_load,,-32.0,86.642,203.396,9.644803739408996e-13,-181.8651294363926,-7.226578509739673e-11,1.0176227097653536e-10,-8.498984042044513e-13,5.117874090708592e-12
basic_R20,TW-P057,N523,interior_applied_load,,-32.0,96.962,209.354,4.989843831847915e-11,-181.8651294369469,4.728464915752033e-10,7.204551405675928e-11,3.342928873591654e-11,1.5025153006029438e-11
basic_R20,TW-P060,N525,interior_applied_load,,-32.0,107.282,215.313,-5.892540716570112e-12,-181.8651294362917,-1.20563914118899e-10,1.1342351348294486e-10,-1.2324570456817688e-11,-1.8652595473624594e-11
basic_R20,TW-P064,N526,interior_applied_load,,-32.0,117.602,221.271,1.1798416444041653e-12,-181.86512943548857,-2.5002711647683946e-09,-5.046535349800184e-09,-1.932936443895758e-11,-1.8480833906772335e-11
basic_R20,TW-P065,N527,interface_action,BR-R-main-2,-32.0,120.0,222.655,2.794241434008356,2.0517743141229463,-2.899013314930738,176.38505545518706,91.67346234420273,181.02445112755427
basic_R20,TW-P075,N530,interior_applied_load,,-32.0,126.88,226.093,-4.890771157130245e-13,-153.37631874362404,-1.077550179170473e-12,-1.4804026001476676e-09,-3.0108432667279653e-12,1.525824160209879e-14
basic_R20,TW-P077,N531,interior_applied_load,,-32.0,135.116,226.093,1.9632975624059505e-13,-153.37631874334988,-1.9578860930856264e-13,-6.562959408084941e-10,-1.983360205870098e-11,-9.908523148107188e-14
basic_R20,TW-P079,N532,interior_applied_load,,-32.0,143.351,226.093,1.3214884949449977e-12,-153.37631874306504,6.752629886391637e-12,-7.891400987259035e-10,-1.2937737634863561e-11,-2.509344875670818e-13
basic_R20,TW-P082,N534,interface_action,BR-R-cap-1,-32.0,150.0,226.093,-4.106371566914249,-6.471552946706833,0.7223046860406492,1890.5340823573308,-146.99370004406472,-545.9257202105512
basic_R20,TW-P083,N535,interior_applied_load,,-32.0,151.586,226.093,-8.738876355237967e-11,-153.37631874396303,1.665833588725325e-10,1.2582520224813054e-09,7.02436554314897e-11,-1.3369367972544707e-12
basic_R20,TW-P084,N536,interior_applied_load,,-32.0,159.822,226.093,8.806188334938017e-13,-153.3763187430278,8.830099069197842e-12,-4.338556896903714e-10,1.775371056349314e-13,-4.3741237525436714e-13
basic_R20,TW-P087,N537,interior_applied_load,,-32.0,168.057,226.093,-1.0637915872658479e-12,-153.3763187430643,-5.0613963820155394e-11,-1.1836537725694078e-09,5.370409410845497e-13,-5.692765431952745e-13
basic_R20,TW-P089,N539,interior_applied_load,,-32.0,176.293,226.093,-1.2867396951108447e-10,-153.37631873941763,1.1538969290051292e-10,2.9015891229131133e-09,6.197108096395242e-11,2.5688438038111343e-13
basic_R20,TW-P091,N540,interior_applied_load,,-32.0,184.528,226.093,-7.450580596923828e-09,-153.37631872296333,0.0,-7.450580596923828e-09,-9.313225746154785e-10,0.0
basic_R20,TW-P092,N15,interface_action,BR-W-2; W3,-32.0,185.0,115.0,0.2411696008170212,2624.1496165276167,-277.8715273352952,3456.0158902417047,10.656765600206421,-4.0632331388815235
basic_R20,TW-P093,N315,interface_action,W3,-32.0,185.0,117.5,-3.3193705143576753,-1736.5147988186511,27.808245698996835,2117.2188770205803,8.03150341549254,47.678546607166794
basic_R20,TW-P100,N319,interface_action,W3,-32.0,185.0,207.0,-4.186627388000488,-576.6481559276581,1046.5189015492797,4375.176935195923,-50.08124624192715,37.290562505077105
basic_R20,TW-P101,N320,interface_action,W3,-32.0,185.0,224.093,7.471576013996696,2289.6775259873793,-1065.7228053966119,14248.81422897879,41.37744363603529,340.13279905639035
basic_R20,TW-P102,N19,interface_action,W3,-32.0,185.0,226.093,0.06193958595395088,97.21200466156006,-8.834872915409505,135.7928284034133,0.5630158842541277,2.943589912425523
basic_R20,TW-P108,N542,interior_applied_load,,-32.0,192.764,226.093,2.3738345921159627e-08,-153.3763185703376,2.0102317005103673e-09,-5.356749491711006e-08,2.2222014502911156e-09,4.6817497738520056e-12
basic_R20,TW-P116,N545,interior_applied_load,,-32.0,200.999,226.093,-9.707382082822274e-08,-153.37631754089833,-7.211074322608541e-10,-1.8798905623925287e-09,4.7944231599204605e-09,-1.0680459048811444e-11
basic_R20,TW-P118,N546,interior_applied_load,,-32.0,209.234,226.093,1.424201603327444e-12,-153.37631874310347,1.7164751906265815e-10,-5.116970372050249e-11,7.770476779927773e-12,1.0044708359407924e-12
basic_R20,TW-P124,N547,interior_applied_load,,-32.0,217.47,226.093,-3.0976182381355975e-11,-153.3763187426203,-4.806605005787104e-11,8.422083465267493e-11,2.318105934667383e-12,-1.205295156038894e-13
basic_R20,TW-P127,N548,interior_applied_load,,-32.0,225.705,226.093,1.0188071792696927e-11,-153.3763187434043,-1.518636531496137e-10,-1.3169961587185794e-10,1.4172858494494023e-11,-4.023260013982872e-13
basic_R20,TW-P130,N550,interior_applied_load,,-32.0,233.941,226.093,2.6135417346082317e-11,-153.37631874176128,1.550216055676281e-10,-9.469857763298113e-10,-1.5089592662647073e-11,2.2222256651322648e-13
basic_R20,TW-P131,N551,interface_action,BR-R-cap-2,-32.0,235.0,226.093,2.0311890549693636,3.709595844527669,-2.157404911917253,-498.9060082704795,98.7156778801973,103.04615813891502
basic_R20,TW-P133,N552,interior_applied_load,,-32.0,242.176,226.093,-9.209907156025283e-14,-153.37631874310992,6.238075938898031e-11,-2.3754995664470073e-11,-1.1929130146692377e-13,6.235335818183813e-15
basic_R20,TW-P147,N147,interface_action,BR-N-upper-1; T-N; W4,-32.0,249.0,115.0,0.619261504364171,-36.01481041376105,207.4893195142915,-1912.4467991892752,64.55829010105387,-24.806226271181686
basic_R20,TW-P148,N555,interface_action,BR-N-upper-2; T-N top / segment 1; W4,-32.0,249.0,226.093,-1.6543950983300146,-25.72656608602625,28.546579936219675,1767.8260032634223,-95.26324435879387,94.06326890358002
basic_R20,TW-P149,N556,interface_action,T-N top / segment 1; W4,-32.0,250.411,226.093,-9.355872673170206e-13,-1.3891626069960417,-6.842768330647419e-10,-9.569741940601773e-11,2.945715816860283e-13,1.0482586058011244e-13
basic_R20,TW-P150,N148,interface_action,T-N; W4,-32.0,252.0,115.0,0.013887932169661603,52.4308948681529,1.180415407964594,70.3633361101388,2.4288787155192804,-0.5619563237777033
basic_R20,TW-P156,N557,interface_action,T-N top / segment 1; W4,-32.0,252.0,226.093,-0.013869490940123796,-52.36127380817197,-1.17213773727417,64.05751276016235,-2.4256534966116305,-0.9708824385888875
basic_R20,TW-P157,N27,interface_action,BR-N-ground-2; BR-W-1; T-N; W4,-32.0,253.0,115.0,0.07688895560415526,0.7940013292836554,7.210077350885052,-10.635527030440857,-0.5907522318740186,0.4667282172622347
basic_R20,TW-P158,N31,interface_action,T-N top / segment 1; W4,-32.0,253.0,226.093,0.0030716726323589683,-0.40559058741200715,0.8992709536105394,16.16060604818631,0.4676212959602708,0.34883081444922936
basic_U20,TW-P001,N76,interface_action,SW0; T-SO,-32.0,-63.0,115.0,-0.6512304000831066,385.7041097239784,-1202.7623193008296,-2305.2881373513737,13.883357416747327,-3.7934819306551932
basic_U20,TW-P002,N78,interface_action,SW0,-32.0,-63.0,117.0,1.1515264132667653,295.787342355065,1178.7585259816442,1706.390184951235,36.656177199209196,6.104065231196728
basic_U20,TW-P004,N504,interior_applied_load,,-32.0,-57.84,119.979,0.0,181.86512943640446,1.8189894035458565e-12,3.637978807091713e-12,9.094947017729282e-13,9.094947017729282e-13
basic_U20,TW-P005,N505,interior_applied_load,,-32.0,-47.52,125.937,3.084158587401826e-13,181.86512943640415,-2.0893485264006483e-12,-7.154739764058885e-12,-1.3269296120156782e-14,-2.074903190410988e-13
basic_U20,TW-P008,N507,interior_applied_load,,-32.0,-37.2,131.896,-4.7525003009056525e-12,181.86512943641293,-7.393412071287168e-12,1.0556581531333661e-10,2.458099364538525e-12,-2.13369944650775e-12
basic_U20,TW-P010,N508,interior_applied_load,,-32.0,-26.88,137.854,9.985977445274956e-14,181.86512943639087,1.2266832823799189e-12,-5.5273597116169693e-11,4.745358190617273e-12,4.809622633620132e-13
basic_U20,TW-P015,N509,interior_applied_load,,-32.0,-16.559,143.812,-4.980897648902948e-13,181.86512943640662,7.666191949047762e-13,4.33521548398223e-11,-1.4148499074679918e-11,6.036556764338916e-12
basic_U20,TW-P016,N510,interior_applied_load,,-32.0,-6.239,149.771,-9.094947017729282e-13,181.865129436399,1.0913936421275139e-11,2.9103830456733704e-11,-1.8189894035458565e-12,3.637978807091713e-12
basic_U20,TW-P018,N5,interface_action,T-S; W1,-32.0,0.0,115.0,7.595633244314184,-3374.727961074605,-10.832881549054946,1078.1690863435556,56.93646921665804,64.10723067503004
basic_U20,TW-P019,N303,interface_action,W1,-32.0,-0.0,117.5,-1.3321855211452742,851.6098205475229,84.92635640674997,402.60264876446513,39.4332238337908,-77.5396700087103
basic_U20,TW-P022,N305,interface_action,W1,-32.0,-0.0,150.796,1.3321855277681083,-851.609820549653,-84.92635643983363,2425.105314250154,-39.43322383379843,121.89611920909493
basic_U20,TW-P023,N7,interface_action,BR-R-main-1; T-S top / segment 1; W1,-32.0,0.0,153.373,-6.267011916523188,-239.2408663147653,-3.5212823219480924,144.11858130263863,86.13241074407051,-62.90367348232576
basic_U20,TW-P024,N511,interior_applied_load,,-32.0,4.081,155.729,1.0913936421275139e-11,181.86512943657,-4.3655745685100555e-11,0.0,7.275957614183426e-12,7.275957614183426e-12
basic_U20,TW-P027,N513,interior_applied_load,,-32.0,14.401,161.688,1.0722677766716153e-12,181.86512943641304,2.4430324555736812e-11,-8.210381378198174e-11,-5.973631768691927e-12,-2.639274287886141e-12
basic_U20,TW-P031,N514,interior_applied_load,,-32.0,24.721,167.646,-1.8700229867508642e-12,181.86512943644124,1.651676515337898e-11,-1.299177849096978e-10,3.2594001163465866e-11,-1.388297102776712e-11
basic_U20,TW-P034,N516,interior_applied_load,,-32.0,35.041,173.604,-7.656361354705998e-13,181.86512943637837,1.843568304556133e-11,-9.37437683000187e-10,-5.365026467014625e-12,4.3612045182942445e-12
basic_U20,TW-P036,N517,interior_applied_load,,-32.0,45.361,179.562,-2.0886244489060175e-12,181.8651294364143,1.035030266132122e-11,-6.026686312569652e-11,-7.729123581342993e-12,1.4567021017629022e-11
basic_U20,TW-P041,N519,interior_applied_load,,-32.0,55.682,185.521,4.959329786381074e-11,181.86512943585515,3.034112943045448e-10,-1.2952793284861042e-11,-1.2003846558020002e-11,3.060851344809099e-12
basic_U20,TW-P042,N520,interior_applied_load,,-32.0,66.002,191.479,-1.2405337007558277e-10,181.86512943546626,4.930961325994144e-11,-8.843941879776693e-10,-5.09680958709845e-10,4.1972025456490674e-10
basic_U20,TW-P046,N218,interface_action,T1 upper lower chord,-32.0,69.75,150.143,-7.5827133122320785,-54.366378654129335,4.365826600215108,1.221823368686807,1.8293754204448909,-120.81538023514234
basic_U20,TW-P049,N337,interface_action,T1 top / segment 1,-32.0,69.75,193.643,5.786387771368027,47.1201451420784,-4.290515959262848,271.4814898967743,-6.631118042583694,-15.42733347415924
basic_U20,TW-P051,N521,interior_applied_load,,-32.0,76.322,197.438,-1.2325774760220206e-10,181.86512943663445,-1.003336025340979e-11,-1.1975380003692354e-09,5.60211635298919e-11,-8.793077639761968e-11
basic_U20,TW-P055,N522,interior_applied_load,,-32.0,86.642,203.396,-9.644803739408996e-13,181.8651294363926,7.226578509739673e-11,-1.0176227097653536e-10,8.498984042044513e-13,-5.117874090708592e-12
basic_U20,TW-P057,N523,interior_applied_load,,-32.0,96.962,209.354,-4.989843831847915e-11,181.8651294369469,-4.728464915752033e-10,-7.204551405675928e-11,-3.342928873591654e-11,-1.5025153006029438e-11
basic_U20,TW-P060,N525,interior_applied_load,,-32.0,107.282,215.313,5.892540716570112e-12,181.8651294362917,1.20563914118899e-10,-1.1342351348294486e-10,1.2324570456817688e-11,1.8652595473624594e-11
basic_U20,TW-P064,N526,interior_applied_load,,-32.0,117.602,221.271,-1.1798416444041653e-12,181.86512943548857,2.5002711647683946e-09,5.046535349800184e-09,1.932936443895758e-11,1.8480833906772335e-11
basic_U20,TW-P065,N527,interface_action,BR-R-main-2,-32.0,120.0,222.655,-2.794241434008356,-2.0517743141229463,2.899013314930738,-176.38505545518706,-91.67346234420273,-181.02445112755427
basic_U20,TW-P075,N530,interior_applied_load,,-32.0,126.88,226.093,4.890771157130245e-13,153.37631874362404,1.077550179170473e-12,1.4804026001476676e-09,3.0108432667279653e-12,-1.525824160209879e-14
basic_U20,TW-P077,N531,interior_applied_load,,-32.0,135.116,226.093,-1.9632975624059505e-13,153.37631874334988,1.9578860930856264e-13,6.562959408084941e-10,1.983360205870098e-11,9.908523148107188e-14
basic_U20,TW-P079,N532,interior_applied_load,,-32.0,143.351,226.093,-1.3214884949449977e-12,153.37631874306504,-6.752629886391637e-12,7.891400987259035e-10,1.2937737634863561e-11,2.509344875670818e-13
basic_U20,TW-P082,N534,interface_action,BR-R-cap-1,-32.0,150.0,226.093,4.106371566914249,6.471552946706833,-0.7223046860406492,-1890.5340823573308,146.99370004406472,545.9257202105512
basic_U20,TW-P083,N535,interior_applied_load,,-32.0,151.586,226.093,8.738876355237967e-11,153.37631874396303,-1.665833588725325e-10,-1.2582520224813054e-09,-7.02436554314897e-11,1.3369367972544707e-12
basic_U20,TW-P084,N536,interior_applied_load,,-32.0,159.822,226.093,-8.806188334938017e-13,153.3763187430278,-8.830099069197842e-12,4.338556896903714e-10,-1.775371056349314e-13,4.3741237525436714e-13
basic_U20,TW-P087,N537,interior_applied_load,,-32.0,168.057,226.093,1.0637915872658479e-12,153.3763187430643,5.0613963820155394e-11,1.1836537725694078e-09,-5.370409410845497e-13,5.692765431952745e-13
basic_U20,TW-P089,N539,interior_applied_load,,-32.0,176.293,226.093,1.2867396951108447e-10,153.37631873941763,-1.1538969290051292e-10,-2.9015891229131133e-09,-6.197108096395242e-11,-2.5688438038111343e-13
basic_U20,TW-P091,N540,interior_applied_load,,-32.0,184.528,226.093,7.450580596923828e-09,153.37631872296333,0.0,7.450580596923828e-09,9.313225746154785e-10,0.0
basic_U20,TW-P092,N15,interface_action,BR-W-2; W3,-32.0,185.0,115.0,-0.2411696008170212,-2624.1496165276167,277.8715273352952,-3456.0158902417047,-10.656765600206421,4.0632331388815235
basic_U20,TW-P093,N315,interface_action,W3,-32.0,185.0,117.5,3.3193705143576753,1736.5147988186511,-27.808245698996835,-2117.2188770205803,-8.03150341549254,-47.678546607166794
basic_U20,TW-P100,N319,interface_action,W3,-32.0,185.0,207.0,4.186627388000488,576.6481559276581,-1046.5189015492797,-4375.176935195923,50.08124624192715,-37.290562505077105
basic_U20,TW-P101,N320,interface_action,W3,-32.0,185.0,224.093,-7.471576013996696,-2289.6775259873793,1065.7228053966119,-14248.81422897879,-41.37744363603529,-340.13279905639035
basic_U20,TW-P102,N19,interface_action,W3,-32.0,185.0,226.093,-0.06193958595395088,-97.21200466156006,8.834872915409505,-135.7928284034133,-0.5630158842541277,-2.943589912425523
basic_U20,TW-P108,N542,interior_applied_load,,-32.0,192.764,226.093,-2.3738345921159627e-08,153.3763185703376,-2.0102317005103673e-09,5.356749491711006e-08,-2.2222014502911156e-09,-4.6817497738520056e-12
basic_U20,TW-P116,N545,interior_applied_load,,-32.0,200.999,226.093,9.707382082822274e-08,153.37631754089833,7.211074322608541e-10,1.8798905623925287e-09,-4.7944231599204605e-09,1.0680459048811444e-11
basic_U20,TW-P118,N546,interior_applied_load,,-32.0,209.234,226.093,-1.424201603327444e-12,153.37631874310347,-1.7164751906265815e-10,5.116970372050249e-11,-7.770476779927773e-12,-1.0044708359407924e-12
basic_U20,TW-P124,N547,interior_applied_load,,-32.0,217.47,226.093,3.0976182381355975e-11,153.3763187426203,4.806605005787104e-11,-8.422083465267493e-11,-2.318105934667383e-12,1.205295156038894e-13
basic_U20,TW-P127,N548,interior_applied_load,,-32.0,225.705,226.093,-1.0188071792696927e-11,153.3763187434043,1.518636531496137e-10,1.3169961587185794e-10,-1.4172858494494023e-11,4.023260013982872e-13
basic_U20,TW-P130,N550,interior_applied_load,,-32.0,233.941,226.093,-2.6135417346082317e-11,153.37631874176128,-1.550216055676281e-10,9.469857763298113e-10,1.5089592662647073e-11,-2.2222256651322648e-13
basic_U20,TW-P131,N551,interface_action,BR-R-cap-2,-32.0,235.0,226.093,-2.0311890549693636,-3.709595844527669,2.157404911917253,498.9060082704795,-98.7156778801973,-103.04615813891502
basic_U20,TW-P133,N552,interior_applied_load,,-32.0,242.176,226.093,9.209907156025283e-14,153.37631874310992,-6.238075938898031e-11,2.3754995664470073e-11,1.1929130146692377e-13,-6.235335818183813e-15
basic_U20,TW-P147,N147,interface_action,BR-N-upper-1; T-N; W4,-32.0,249.0,115.0,-0.619261504364171,36.01481041376105,-207.4893195142915,1912.4467991892752,-64.55829010105387,24.806226271181686
basic_U20,TW-P148,N555,interface_action,BR-N-upper-2; T-N top / segment 1; W4,-32.0,249.0,226.093,1.6543950983300146,25.72656608602625,-28.546579936219675,-1767.8260032634223,95.26324435879387,-94.06326890358002
basic_U20,TW-P149,N556,interface_action,T-N top / segment 1; W4,-32.0,250.411,226.093,9.355872673170206e-13,1.3891626069960417,6.842768330647419e-10,9.569741940601773e-11,-2.945715816860283e-13,-1.0482586058011244e-13
basic_U20,TW-P150,N148,interface_action,T-N; W4,-32.0,252.0,115.0,-0.013887932169661603,-52.4308948681529,-1.180415407964594,-70.3633361101388,-2.4288787155192804,0.5619563237777033
basic_U20,TW-P156,N557,interface_action,T-N top / segment 1; W4,-32.0,252.0,226.093,0.013869490940123796,52.36127380817197,1.17213773727417,-64.05751276016235,2.4256534966116305,0.9708824385888875
basic_U20,TW-P157,N27,interface_action,BR-N-ground-2; BR-W-1; T-N; W4,-32.0,253.0,115.0,-0.07688895560415526,-0.7940013292836554,-7.210077350885052,10.635527030440857,0.5907522318740186,-0.4667282172622347
basic_U20,TW-P158,N31,interface_action,T-N top / segment 1; W4,-32.0,253.0,226.093,-0.0030716726323589683,0.40559058741200715,-0.8992709536105394,-16.16060604818631,-0.4676212959602708,-0.34883081444922936
