case,node,CAD_x_in,CAD_y_in,CAD_z_in,FX_lb,FY_lb,FZ_lb,MX_lb_in,MY_lb_in,MZ_lb_in
service40,N162,224.25,69.75,120.0,618.1395359904272,855.3703243811615,25.842570081469603,-101.10704176436411,3120.097333521312,-9030.203417836805
service40,N233,-32.0,69.75,150.143,11.228018566966057,1408.0973678976297,-26.68223935365677,-237.40927439928055,-27.35013193555642,-349.00431881845
service40,N247,224.25,69.75,150.143,-111.16858034580946,2106.399516798556,-0.04073441028594971,-223.55487579107285,-103.11317308957223,2398.596636995673
service40,N248,-32.0,69.75,116.0,-281.2048659324646,-66.5607297718525,-2.679473638534546,1046.247770667076,3166.7038637767546,890.1620507240295
service40,N372,-32.0,69.75,117.5,176.5128083229065,-332.88239961862564,26.952144742012024,994.1180602312088,63.85462139127776,-3175.4413385391235
service40,N373,-32.0,69.75,142.022,-1.0773335992375482e-12,-2.281627018936283,-1.9565130973778624e-12,-4.110577473655099e-12,9.63885408645e-15,2.2169117292232828e-12
service40,N403,-32.0,69.75,193.643,-23.82941456752913,1333.8015630802115,-22.592057972186232,1210.9418585317148,-151.23209934152092,2812.3976564720515
service40,N428,224.25,69.75,121.5,-76.85379523411393,-198.4346335186856,0.6131224563578144,52.30998173105763,68.85719391235807,1251.669359034684
service40,N429,224.25,69.75,144.689,2.0973623582237664e-11,-3.1920965086485555,-2.0449713503036862e-11,5.1304727659193143e-11,9.417948342718225e-14,-1.1021303730780484e-11
service40,N468,224.25,69.75,193.643,164.74938637585757,800.3097922603246,-5.216994441381069,-162.57496936272295,-170.6020983492227,-3220.3287706538
service40,N549,-32.0,69.75,120.0,-176.51280756505344,329.27121641152877,-26.95214447520932,-926.7376991636481,-63.85462139074966,2734.159319263284
service40,N550,-32.0,69.75,147.143,176.51280756294727,-339.04041627049446,26.95214456319809,195.17564195394516,63.8546213908121,2056.92781701684
service40,N557,224.25,69.75,147.143,-477.5730938911438,-589.1607748568058,3.803663671016693,226.9811516404152,439.4514454829041,-4468.474650889635
service_patches,N162,224.25,69.75,120.0,676.8490078144241,1212.4508453620365,27.512132614152506,-107.26025846169796,3322.218703107344,-10069.875881126733
service_patches,N233,-32.0,69.75,150.143,13.898218251764774,1428.0857111215591,-26.802986800670624,-238.53441321849823,-26.911066941800527,-405.3752041012049
service_patches,N247,224.25,69.75,150.143,-116.61332230269909,2418.3928092494607,-0.7836560308933258,-236.32664549350739,-126.74541509116534,2515.989190801978
service_patches,N248,-32.0,69.75,116.0,-289.7238087654114,-64.42083662748337,-4.185414910316467,1051.607098698616,3367.8200427424163,820.3516926765442
service_patches,N372,-32.0,69.75,117.5,186.99893164634705,-334.15791606903076,27.133260250091553,999.3461500406265,69.54552541999146,-3359.586269378662
service_patches,N373,-32.0,69.75,142.022,2.491711431988292e-13,-2.281627018911233,5.038600001048258e-12,7.392005907226354e-12,-4.233658154699884e-14,-1.6148663014942693e-12
service_patches,N403,-32.0,69.75,193.643,-22.383317584256172,1353.4686273950024,-22.92940800148687,1216.5975798539494,-126.92869283999703,2989.404613800082
service_patches,N428,224.25,69.75,121.5,-82.63878006918821,-279.9418459959561,0.7732675921870396,60.578792041982524,76.44158192148006,1384.1302076969878
service_patches,N429,224.25,69.75,144.689,5.426528459221854e-12,-3.1920965087341067,9.248969558792389e-12,-2.181349803936859e-12,5.242550476555572e-14,-2.7928357958706106e-13
service_patches,N468,224.25,69.75,193.643,147.13433164678355,912.1216456489162,-5.51435914953087,-152.86007010240886,-179.755196541489,-3466.306934775247
service_patches,N549,-32.0,69.75,120.0,-186.9989315526368,330.5467328458229,-27.13326026613079,-931.5129991743406,-69.54552541975157,2892.088939842726
service_patches,N550,-32.0,69.75,147.143,186.9989315494895,-340.3159327059984,27.133260428905487,195.03491586446762,69.5455254202243,2183.6230600625277
service_patches,N557,224.25,69.75,147.143,-513.521261408925,-826.0441457927227,4.79716557264328,252.80248922109604,487.85554219875485,-4567.175574555993
typical30,N162,224.25,69.75,120.0,522.3212087542051,698.4240585672087,18.647851707472,-72.96120042644907,2266.192069442314,-7138.433436740655
typical30,N233,-32.0,69.75,150.143,9.060009371489286,1181.01510566473,-16.564098805189133,-145.63523203134537,-25.80816382658668,-290.85869596898556
typical30,N247,224.25,69.75,150.143,-74.88625819981098,1842.900988921523,-1.3945802748203278,-125.63438284397125,-76.93989726353902,1704.9800953865051
typical30,N248,-32.0,69.75,116.0,-223.82868576049805,-38.28627505898476,-4.799738824367523,623.6962995529175,2305.1121194770094,1056.586990594864
typical30,N372,-32.0,69.75,117.5,150.6131181716919,-269.72507463395596,16.49351543188095,593.0944224596024,58.11327655403875,-2703.310240507126
typical30,N373,-32.0,69.75,142.022,-2.5638798016296687e-13,-2.281627019018592,8.390023801750678e-13,2.1451750956626837e-12,-1.0282322159533868e-14,-7.793156882892966e-13
typical30,N403,-32.0,69.75,193.643,-44.81531099667,1113.3222182565787,-13.229067416544074,738.8457450171446,-163.83743004406102,2323.48867212963
typical30,N428,224.25,69.75,121.5,-61.19071098067798,-188.68037744850153,0.6108371781883761,36.91498405649327,50.013219642487684,1006.7034864362795
typical30,N429,224.25,69.75,144.689,1.0934169126928413e-11,-3.1920965086948505,1.3360155279264251e-11,2.0257514753684622e-11,1.1184354261395708e-14,-2.0220655631337233e-12
typical30,N468,224.25,69.75,193.643,102.9685820804505,676.4702857974527,-3.554204647544519,-84.5989229736663,-94.06433818646434,-2492.8489711410234
typical30,N549,-32.0,69.75,120.0,-150.61311758610572,266.11389142934803,-16.493515380146718,-551.8606339372518,-58.113276553686205,2326.7774457340215
typical30,N550,-32.0,69.75,147.143,150.61311764083803,-275.88309129327536,16.49351543188095,104.17714613676071,58.1132765536895,1761.3144064247608
typical30,N557,224.25,69.75,147.143,-380.2419525682926,-560.8121049851179,3.789486438035965,131.83785086870193,319.1878788021859,-3494.8416332900524
storage125_sensitivity,N162,224.25,69.75,120.0,1507.4858086647,2085.1652844088385,53.24838649830781,-205.65463424567133,6426.907428949058,-19452.663501707837
storage125_sensitivity,N233,-32.0,69.75,150.143,48.80678305029869,3001.240201354027,-38.83105260133743,-332.6709772348404,-27.44350056955591,-1170.6585445329547
storage125_sensitivity,N247,224.25,69.75,150.143,-269.62631660699844,4869.297586046159,-3.54729300737381,-293.03074884414673,-398.7424223301932,5573.601939201355
storage125_sensitivity,N248,-32.0,69.75,116.0,-594.6756963729858,118.5851936340332,-17.944910764694214,1519.638606786728,6298.868880100548,2569.5670499801636
storage125_sensitivity,N372,-32.0,69.75,117.5,445.58425521850586,-528.955211520195,39.55867314338684,1444.5205254554749,135.9135986547917,-7983.188293933868
storage125_sensitivity,N373,-32.0,69.75,142.022,-9.231792117903809e-13,-2.2816270189473222,1.2947946433557378e-12,-3.784843706214437e-12,-3.746544381332093e-15,-5.0420644214254026e-12
storage125_sensitivity,N403,-32.0,69.75,193.643,-36.36188516035828,2981.3286133983024,-34.803927478980256,1811.3059232068292,20.18560545846638,8223.671567613077
storage125_sensitivity,N428,224.25,69.75,121.5,-177.49741577240638,-448.09068409877364,1.7554047990124673,110.908208621433,170.79903194600956,2928.800582082942
storage125_sensitivity,N429,224.25,69.75,144.689,7.501530893291427e-11,-3.1920965085706134,-7.086137208381748e-12,5.1996843809165854e-11,1.1874588873617106e-13,-7.568925869975085e-11
storage125_sensitivity,N468,224.25,69.75,193.643,179.26174634989863,1882.7472235439075,-10.325387012277266,-134.04720007417154,-386.1027758840119,-7753.5989773061165
storage125_sensitivity,N549,-32.0,69.75,120.0,-445.58425588910933,525.3440282569403,-39.55867311914286,-1345.6238426733378,-135.91359865297542,6869.227651563228
storage125_sensitivity,N550,-32.0,69.75,147.143,445.5842558518052,-535.1132281422615,39.558673322200775,271.8827774524689,135.91359865292907,5225.265804566443
storage125_sensitivity,N557,224.25,69.75,147.143,-1102.9772797822952,-1314.7329670265317,10.890107691287994,408.7927255630493,1090.0514123670291,-10083.941984534264
live_only,N162,224.25,69.75,120.0,418.5158930948237,578.727040082158,12.896854756807443,-49.198866891354555,1556.1459202667363,-4904.687101978285
live_only,N233,-32.0,69.75,150.143,17.68412447720766,749.714273866266,-5.717088520526886,-44.82903656363487,-0.043938436021562666,-386.66081215441227
live_only,N247,224.25,69.75,150.143,-74.56834670901299,1300.1873268298805,-1.6501452252268791,-32.69452826678753,-139.11964637844358,1494.1201466917992
live_only,N248,-32.0,69.75,116.0,-147.51568603515625,87.12749353796244,-7.183735132217407,222.77215668559074,1473.9600006833207,790.3082299232483
live_only,N372,-32.0,69.75,117.5,126.6218581199646,-92.26955819129944,5.9324840903282166,211.95409986376762,33.91010693623684,-2262.469153881073
live_only,N373,-32.0,69.75,142.022,-2.880842430914915e-14,3.1287087747063137e-12,9.948303113851805e-13,1.3367185051198565e-13,-1.1418422771147207e-15,8.115927010628335e-13
live_only,N403,-32.0,69.75,193.643,-5.897634111209978,775.3068470472513,-5.7467620650730655,282.5242634281494,80.66715203080453,2546.4818434123817
live_only,N428,224.25,69.75,121.5,-47.361703838570975,-117.48520033396198,0.5375446307007223,27.575636092355126,47.97262947060494,789.2382233769167
live_only,N429,224.25,69.75,144.689,1.5469002635962335e-11,2.39662445560508e-12,-3.445423747032126e-12,1.3750002479016787e-11,2.5952801100345505e-14,6.46589297117912e-12
live_only,N468,224.25,69.75,193.643,6.829347835481304,509.38232092824114,-2.403949452226031,13.424832688269262,-101.41208386195072,-2133.3036300392546
live_only,N549,-32.0,69.75,120.0,-126.62185794713704,92.26955819603776,-5.932484043199786,-197.12288981556802,-33.910106936188875,1945.914508412395
live_only,N550,-32.0,69.75,147.143,126.62185797095299,-92.2695582062006,5.932484067976475,36.09747523069382,33.91010693629505,1490.9825816005468
live_only,N557,224.25,69.75,147.143,-294.30785255134106,-341.4457376729697,3.3347971439361572,85.55838732421398,306.1646890710108,-2642.5728670060635
machine200,N162,224.25,69.75,120.0,637.1441472023726,842.9163357467623,22.251038147252984,-86.70299374742899,2700.691767816559,-8405.877889673924
machine200,N233,-32.0,69.75,150.143,14.036555980332196,1383.3899416029453,-18.110962450504303,-157.73821395635605,-25.759304014674854,-398.9431553389877
machine200,N247,224.25,69.75,150.143,-95.43268346786499,2192.7678909040987,-1.8277337849140167,-134.08329465985298,-116.37055855698418,2111.8843057453632
machine200,N248,-32.0,69.75,116.0,-263.73153162002563,-15.810727596282959,-6.847854495048523,684.0533002614975,2716.629865990486,1246.750598192215
machine200,N372,-32.0,69.75,117.5,185.1858036518097,-293.6439697742462,18.101791977882385,650.5269387364388,67.60934236552566,-3320.3881497383118
machine200,N373,-32.0,69.75,142.022,-9.922630245198101e-13,-2.2816270190177756,7.248187849752665e-13,3.656516495751737e-12,1.3022539827070233e-14,1.6502191578312817e-12
machine200,N403,-32.0,69.75,193.643,-46.87695391248916,1323.4187593055617,-14.794367267813373,815.5297384851847,-140.61124587946097,3024.4365852278715
machine200,N428,224.25,69.75,121.5,-74.07421928853728,-217.46428819658468,0.7564645686070435,44.43119270418538,63.48922502795995,1219.491070068092
machine200,N429,224.25,69.75,144.689,2.983855223634131e-11,-3.192096508715597,-1.4626029832970884e-12,4.742113215048038e-11,-3.677689867129762e-14,-3.863945081127429e-11
machine200,N468,224.25,69.75,193.643,104.04955967688566,815.2468185223906,-4.221299608361508,-80.58515755407076,-122.70239501943547,-3084.884370750299
machine200,N549,-32.0,69.75,120.0,-185.18580330086195,290.0327865520808,-18.10179195096563,-605.2724588898656,-67.60934236477583,2857.423640586995
machine200,N550,-32.0,69.75,147.143,185.1858033570461,-299.8019864112139,18.10179203748703,113.93552035093307,67.60934236471076,2169.0746198920533
machine200,N557,224.25,69.75,147.143,-460.3006783425808,-644.4664172790945,4.6929236352443695,155.2997555732727,405.19269121892285,-4225.51549950242
uplift20_sensitivity,N162,224.25,69.75,120.0,133.8712192356179,146.36276113618442,1.414621807554795,-5.791106100918114,194.58080955977272,-1410.3526515810227
uplift20_sensitivity,N233,-32.0,69.75,150.143,-0.26882848143577576,331.583947988227,1.3230988383293152,13.358710281550884,-13.934141935082152,-39.037432454526424
uplift20_sensitivity,N247,224.25,69.75,150.143,6.264237210154533,582.204600196681,-1.8605649545788765,29.078769098967314,7.833265966663021,30.547474533319473
uplift20_sensitivity,N248,-32.0,69.75,116.0,-47.417893171310425,-12.122809525579214,-3.563361633569002,-92.88811949826777,226.68354330951115,642.3155009150505
uplift20_sensitivity,N372,-32.0,69.75,117.5,39.14380919933319,-80.22380895353854,-1.7490166183561087,-87.55780131183565,22.344599743606523,-697.3612178564072
uplift20_sensitivity,N373,-32.0,69.75,142.022,-3.8818666612243865e-14,-1.368976211467602,6.037416909862308e-13,6.819234121832613e-13,9.337332549661416e-15,-2.0856033341476634e-12
uplift20_sensitivity,N403,-32.0,69.75,193.643,-46.69555427339763,292.4526170098922,2.574902383903224,-85.29351377377485,-127.04121201712094,395.88784492545943
uplift20_sensitivity,N428,224.25,69.75,121.5,-11.579001426813193,-79.95693028161077,0.2567081013257848,1.2388655417598784,1.5694320546284928,201.20857267430983
uplift20_sensitivity,N429,224.25,69.75,144.689,3.8459157368406755e-12,-1.915257905239852,3.8257318800983717e-13,-7.857452515572673e-13,5.287342788425474e-15,1.5196917189714856e-12
uplift20_sensitivity,N468,224.25,69.75,193.643,-1.3655292972390487,180.16620000660762,0.011056897491107949,24.531725822840436,40.381574725259455,-341.56884778877355
uplift20_sensitivity,N549,-32.0,69.75,120.0,-39.14380922353225,78.05709904266557,1.7490165906330444,83.18525984690807,-22.344599743536463,599.5016945753332
uplift20_sensitivity,N550,-32.0,69.75,147.143,39.14380922168493,-83.91861893702298,-1.7490166053175926,-35.71170251816511,22.344599743490107,462.9787188693881
uplift20_sensitivity,N557,224.25,69.75,147.143,-71.95245879888535,-239.84944543766323,1.592555096372962,-33.15226762369275,10.016225550396484,-594.7573785036802
strength_screen,N162,224.25,69.75,120.0,1009.2764074571896,1820.6788848218275,36.06177275930531,-139.7608563028043,4364.561207152202,-13995.676140511408
strength_screen,N233,-32.0,69.75,150.143,26.396706955507398,1993.8263141959906,-28.41651064157486,-248.2262178659439,-31.063541414681822,-690.6266303248703
strength_screen,N247,224.25,69.75,150.143,-159.59305742383003,3590.0274319052696,-3.1340814232826233,-238.9556906223297,-223.21989837591536,3439.731556236744
strength_screen,N248,-32.0,69.75,116.0,-395.7343416213989,-6.558619529008865,-11.239708185195923,1096.3802090883255,4366.243298579007,1527.4225754737854
strength_screen,N372,-32.0,69.75,117.5,283.2709541320801,-410.34457421302795,28.72249662876129,1042.4636759757996,101.2103622299619,-5075.589489936829
strength_screen,N373,-32.0,69.75,142.022,1.489007964718206e-15,-2.737952422903994,-1.395482983214694e-12,-3.7238345422180234e-12,-7.827677820833827e-14,-1.360082897272523e-12
strength_screen,N403,-32.0,69.75,193.643,-44.3628100268611,1923.4950742540273,-24.400524385055807,1294.1635552287523,-105.0331897763503,4780.079093355566
strength_screen,N428,224.25,69.75,121.5,-117.74935075966641,-429.25911124655977,1.2994676285889,81.08156669721939,109.15713335867486,1996.276456487365
strength_screen,N429,224.25,69.75,144.689,3.601207286560722e-11,-3.8305158104978614,4.606547230898913e-12,7.533716752369739e-11,6.657204794881842e-14,-3.1411854599801615e-11
strength_screen,N468,224.25,69.75,193.643,130.19548886896496,1345.4778962493783,-6.954494941098518,-117.24361316607612,-224.10299144683788,-4975.373315284234
strength_screen,N549,-32.0,69.75,120.0,-283.2709527137454,406.01115436214184,-28.72249661188479,-970.6574344572324,-101.21036222882414,4367.41210676344
strength_screen,N550,-32.0,69.75,147.143,283.2709528338164,-417.7341941744089,28.722496688365936,191.04270958900452,101.21036222879775,3321.41136623919
strength_screen,N557,224.25,69.75,147.143,-731.6999970078468,-1262.4935539215803,8.061583578586578,296.28728330135345,696.6484881783836,-6358.027345895767
HB0.25,N162,224.25,69.75,120.0,649.7294071475044,832.3675962668494,23.691808496543672,-92.01073621824617,2876.792394115234,-7694.96820346266
HB0.25,N233,-32.0,69.75,150.143,16.723315097391605,1356.9037174582481,-17.88272386789322,-154.0818902850151,-21.52085336856544,-439.6434928998351
HB0.25,N247,224.25,69.75,150.143,-94.5914776623249,2150.345091253519,-1.736171007156372,-128.1428206861019,-145.14400327636395,2056.687458217144
HB0.25,N248,-32.0,69.75,116.0,-265.9130368232727,-20.751440346240997,-8.12917685508728,680.4547220468521,2847.814146575518,498.8264214992523
HB0.25,N372,-32.0,69.75,117.5,188.15763568878174,-285.7271400690079,17.96443486213684,647.0713906884193,68.63792006252334,-3377.1323425769806
HB0.25,N373,-32.0,69.75,142.022,-7.224630738807954e-13,-2.2816270190217423,7.394403791381267e-13,8.357334605936832e-12,4.587378222489507e-15,2.47598724559712e-12
HB0.25,N403,-32.0,69.75,193.643,-39.30612275640269,1323.7531431255404,-15.076684198348177,816.0856064060789,-88.14015127132923,3255.313895274183
HB0.25,N428,224.25,69.75,121.5,-72.5181547915563,-214.58667653152952,0.7740084959077649,46.093775032204576,71.07890146951286,1200.0264852802502
HB0.25,N429,224.25,69.75,144.689,2.4637891811748688e-11,-3.1920965087006032,-6.976654579170144e-12,3.441059853397116e-11,-1.8946059808777453e-14,-3.136238913372871e-11
HB0.25,N468,224.25,69.75,193.643,68.34965488822911,810.7389866226714,-4.4072572445013405,-71.16568122311732,-137.5853244279725,-3088.4174517781958
HB0.25,N549,-32.0,69.75,120.0,-188.15763546590037,282.1159568305823,-17.964434879618327,-602.1603035577617,-68.63792006172086,2906.7382526031965
HB0.25,N550,-32.0,69.75,147.143,188.15763550251722,-291.88515669107437,17.964434921741486,114.55164849758148,68.63792006182484,2200.424447543919
HB0.25,N557,224.25,69.75,147.143,-450.6312205195427,-636.1032512374222,4.801761895418167,162.8230747282505,453.6305390817579,-4098.515435248613
HB0.5,N162,224.25,69.75,120.0,658.6787999069784,823.3004445242696,24.940359531668946,-96.69320212298771,3018.997588786704,-7171.421611706028
HB0.5,N233,-32.0,69.75,150.143,17.508610628545284,1360.5924411267042,-17.94151610136032,-154.70533502101898,-21.914375659660436,-455.711672231555
HB0.5,N247,224.25,69.75,150.143,-97.19946476817131,2130.987840279937,-1.823996365070343,-126.9083152115345,-167.87818852381315,2057.1166471242905
HB0.5,N248,-32.0,69.75,116.0,-261.8295750617981,-20.913934469223022,-9.277626156806946,682.5017826557159,2999.302634018939,498.70010137557983
HB0.5,N372,-32.0,69.75,117.5,190.74900102615356,-286.9870613217354,18.049753069877625,649.1257728934288,73.19954473013058,-3422.3700602054596
HB0.5,N373,-32.0,69.75,142.022,9.038362746192047e-14,-2.2816270189587557,1.96200873175495e-12,8.51725743537582e-13,-1.8376054506015863e-14,-2.2739515979219354e-12
HB0.5,N403,-32.0,69.75,193.643,-38.56072574298526,1328.1214608251032,-15.130722363738965,818.8224555914118,-82.71135287516461,3305.4990377657773
HB0.5,N428,224.25,69.75,121.5,-72.1168374804547,-211.4603194068186,0.8179613889660686,48.44308519846527,76.78427189874947,1196.2240989683196
HB0.5,N429,224.25,69.75,144.689,9.315426692270604e-12,-3.1920965087403084,2.803754700000583e-11,4.088743209893717e-11,7.492010353739543e-14,-1.4331000450230781e-11
HB0.5,N468,224.25,69.75,193.643,50.90760707054225,820.3163145235542,-4.708647324720139,-65.11757207873748,-158.91900567971248,-3176.595096059416
HB0.5,N549,-32.0,69.75,120.0,-190.74900140251358,283.37587814910364,-18.049752915888426,-604.0013906483032,-73.19954472923018,2945.497555387454
HB0.5,N550,-32.0,69.75,147.143,190.74900148063898,-293.14507798850536,18.049752920866013,114.07694762945175,73.19954472943209,2232.0025904923677
HB0.5,N557,224.25,69.75,147.143,-448.13741585612297,-627.0171594433486,5.074435085058212,170.40547063946724,490.0426136914175,-4058.195010572672
HB0.75,N162,224.25,69.75,120.0,651.9389593441738,824.0121682223398,24.623628564935643,-95.49367328954395,2976.6626414773764,-7234.823779018247
HB0.75,N233,-32.0,69.75,150.143,16.349313102662563,1367.7057508826256,-18.036506295204163,-156.56177985668182,-24.329087047022767,-438.78790118545294
HB0.75,N247,224.25,69.75,150.143,-97.58696782588959,2127.224699512124,-2.215174823999405,-133.7756508886814,-162.26607345952652,2061.12029337883
HB0.75,N248,-32.0,69.75,116.0,-256.7985038757324,-18.379001259803772,-9.057247519493103,683.3684471845627,2985.9291916098446,879.7632746696472
HB0.75,N372,-32.0,69.75,117.5,189.21836376190186,-290.7766950428486,18.109538555145264,650.0177142620087,74.45447394996881,-3392.8411519527435
HB0.75,N373,-32.0,69.75,142.022,-4.377580894730118e-13,-2.281627019096813,1.1200648725747876e-12,-1.100169663605961e-11,-3.4492329182978556e-15,1.2017970985505913e-13
HB0.75,N403,-32.0,69.75,193.643,-42.479970330021516,1322.104269004643,-14.964140857365827,816.9136141452461,-107.93732179637723,3189.0477662950234
HB0.75,N428,224.25,69.75,121.5,-72.0952586880885,-210.62588432221673,0.8769887910457328,50.64570245024515,75.12026845326182,1195.293428283534
HB0.75,N429,224.25,69.75,144.689,-3.8729545973967606e-13,-3.1920965087247124,-7.316532888727162e-13,4.19423906563831e-11,2.1209066379042764e-14,-5.336444619128164e-12
HB0.75,N468,224.25,69.75,193.643,59.45738853882416,820.2667710083726,-4.777712564251349,-65.4438693975012,-160.29054762625668,-3183.8667935667604
HB0.75,N549,-32.0,69.75,120.0,-189.2183629080351,287.1655118713806,-18.109538239962255,-604.7438688679498,-74.45447394957328,2919.795243684035
HB0.75,N550,-32.0,69.75,147.143,189.21836299821734,-296.93471170961857,18.109538316726685,113.1966724395752,74.45447394967778,2216.1587826386094
HB0.75,N557,224.25,69.75,147.143,-448.0033242702484,-624.5920514166355,5.44062677025795,174.67972126603127,479.42282688536216,-4060.5397301614285
HT0.25,N162,224.25,69.75,120.0,718.5267467694357,897.0147295527859,23.54101534630172,-92.24698170751799,2856.324988974185,-10578.187357094488
HT0.25,N233,-32.0,69.75,150.143,12.317088276147842,1879.1945788264275,-21.903615027666092,-189.31725305318832,-31.839934806572273,-395.2429049909115
HT0.25,N247,224.25,69.75,150.143,-126.59018214046955,2428.0292737446725,-1.9916058480739594,-144.6634023487568,-99.77980725758243,2853.7276824712753
HT0.25,N248,-32.0,69.75,116.0,-334.6246020793915,56.31840270757675,-4.9531718492507935,824.1155045628548,2876.4539647065103,3065.6585726737976
HT0.25,N372,-32.0,69.75,117.5,234.99197435379028,-373.2505161166191,21.763754844665527,783.3857070803642,70.06361103476956,-4230.375564098358
HT0.25,N373,-32.0,69.75,142.022,-1.2049826363341111e-13,-2.281627019000335,6.154431825479834e-13,3.250809524463444e-12,3.364990298032081e-14,9.346854967854265e-13
HT0.25,N403,-32.0,69.75,193.643,-47.742896099148524,1804.3670454502765,-17.444227354464235,987.7235941209602,-216.5123674994197,3893.821898267377
HT0.25,N428,224.25,69.75,121.5,-88.73781117459293,-228.5541826633853,0.8029492745408788,44.49307999602752,62.50089831295145,1429.427602906595
HT0.25,N429,224.25,69.75,144.689,2.355941063161922e-11,-3.1920965086832025,3.137194576393143e-11,4.19392496394075e-11,9.76138271889882e-14,-1.603690573095055e-11
HT0.25,N468,224.25,69.75,193.643,183.28060901150158,880.5175311722983,-4.796402193505187,-105.45387216786895,-140.9236063972619,-3464.3751355035365
HT0.25,N549,-32.0,69.75,120.0,-234.9919737390905,369.6393329400475,-21.763754735692057,-728.9763201740715,-70.06361103412873,3642.895628512511
HT0.25,N550,-32.0,69.75,147.143,234.99197372049093,-379.4085328131914,21.763754814863205,138.24272537231445,70.06361103418749,2735.4915145635605
HT0.25,N557,224.25,69.75,147.143,-551.4209271967411,-676.6968359686434,4.981303542852402,148.2887637913227,398.88512074085884,-5257.556562960148
HT0.5,N162,224.25,69.75,120.0,755.6945209371625,901.47137637774,23.37614882417256,-91.49894914665492,2845.6761465441764,-11412.837865062756
HT0.5,N233,-32.0,69.75,150.143,16.114015378057957,1710.0975837409496,-20.654101073741913,-180.1279039978981,-31.58076370001072,-465.5634995549917
HT0.5,N247,224.25,69.75,150.143,-126.31039988994598,2668.473023492843,-2.0428114533424377,-149.46670693159103,-93.90717404615134,2844.3685316443443
HT0.5,N248,-32.0,69.75,116.0,-324.36025953292847,-2.8787695467472076,-6.057631134986877,775.5006890892982,2875.5081963189878,2461.902425289154
HT0.5,N372,-32.0,69.75,117.5,225.8745620250702,-312.6428339481354,20.542404413223267,737.4072200059891,72.43225707253441,-4025.065675497055
HT0.5,N373,-32.0,69.75,142.022,-4.895281717704754e-13,-2.281627019059029,3.681691741494594e-12,1.2232950085901937e-11,-1.9845124427339997e-14,-3.3021019707844026e-13
HT0.5,N403,-32.0,69.75,193.643,-70.53708243547281,1630.7568922684472,-16.539424225532564,924.6642702733178,-199.35930595017905,3674.3996826840666
HT0.5,N428,224.25,69.75,121.5,-93.98082402825821,-226.4154704780085,0.8020890522748232,45.762630163750146,62.34449208371234,1507.902710332186
HT0.5,N429,224.25,69.75,144.689,2.2851455139454687e-12,-3.192096508723331,2.9162738615234602e-12,4.2153016085142864e-11,8.827388385809093e-14,-1.6363790378806896e-11
HT0.5,N468,224.25,69.75,193.643,201.5067227524563,968.5593489250118,-4.40264054613144,-101.29359274425045,-109.88292412501615,-3759.034285561083
HT0.5,N549,-32.0,69.75,120.0,-225.87456166083354,309.0316507726135,-20.54240397805849,-686.0512104530899,-72.4322570721633,3460.3792701645966
HT0.5,N550,-32.0,69.75,147.143,225.87456166744232,-318.8008506447077,20.542404055595398,128.46873939037323,72.43225707201054,2670.533957540989
HT0.5,N557,224.25,69.75,147.143,-584.0012554526329,-670.4811240546405,4.975966900587082,156.30159318447113,397.88692520582117,-5605.365914076567
HT0.75,N162,224.25,69.75,120.0,794.2418240139959,1033.8718266597716,23.101614109473303,-90.21969569206703,2816.181081421848,-12798.860629866598
HT0.75,N233,-32.0,69.75,150.143,17.869097538292408,1546.692050948739,-19.332128643989563,-169.09887915849686,-29.06347789807478,-503.0469829849899
HT0.75,N247,224.25,69.75,150.143,-111.17700245976448,2904.2387247271836,-1.9909909963607788,-151.62308543920517,-96.80472831218503,2538.943415135145
HT0.75,N248,-32.0,69.75,116.0,-313.42522716522217,0.7435147762298584,-6.92121946811676,726.8697401285172,2845.876230807975,2112.973861694336
HT0.75,N372,-32.0,69.75,117.5,216.53032684326172,-312.46634954214096,19.283803820610046,691.3019028306007,72.3567522233352,-3867.0058715343475
HT0.75,N373,-32.0,69.75,142.022,-9.333100106616933e-13,-2.281627019066752,2.2884732090597854e-12,1.4285429583599415e-11,-6.702276484880816e-14,6.626576641224835e-13
HT0.75,N403,-32.0,69.75,193.643,-59.28003745143224,1452.341075887593,-15.741381522160701,864.4586608468268,-162.509049081792,3363.881438819966
HT0.75,N428,224.25,69.75,121.5,-98.16168035357259,-256.0215543229715,0.7902491993736476,46.9037104640156,63.088005391753995,1617.636163751944
HT0.75,N429,224.25,69.75,144.689,2.143653659971836e-11,-3.192096508687184,4.7538849297971136e-12,-1.6759431577061568e-12,3.6469863178708626e-14,-2.2172332023388398e-11
HT0.75,N468,224.25,69.75,193.643,163.38399136813578,1054.065645076414,-4.0924612110649665,-94.21963845297067,-92.08204365973876,-3988.595604102561
HT0.75,N549,-32.0,69.75,120.0,-216.53032692768684,308.8551663254186,-19.283803818401854,-643.092393324016,-72.35675222247913,3325.6800535631855
HT0.75,N550,-32.0,69.75,147.143,216.53032692149282,-318.6243661791086,19.283803910017014,119.67210644483566,72.3567522225203,2551.602610334754
HT0.75,N557,224.25,69.75,147.143,-609.9812929928303,-756.5249075219035,4.902515321969986,165.26409912109375,402.6320793341147,-5589.683184176683
storage125_strength_sensitivity,N162,224.25,69.75,120.0,2338.295288966503,3217.0219872749876,77.23977887886576,-297.1918571755523,9332.063154753036,-29008.136332350317
storage125_strength_sensitivity,N233,-32.0,69.75,150.143,82.25041073560715,4510.873497247696,-47.66141563653946,-398.8447207212448,-31.915435902308673,-1915.0799766778946
storage125_strength_sensitivity,N247,224.25,69.75,150.143,-404.4138481616974,7511.475077345967,-7.555900454521179,-329.6822512149811,-658.4151100926101,8331.911951065063
storage125_strength_sensitivity,N248,-32.0,69.75,116.0,-883.6573619842529,286.2510290145874,-33.25490140914917,1845.2306196689606,9055.921424704604,4326.167136192322
storage125_strength_sensitivity,N372,-32.0,69.75,117.5,697.0074710845947,-722.020246565342,48.60315752029419,1754.7426748275757,207.3992794873193,-12473.352728843689
storage125_strength_sensitivity,N373,-32.0,69.75,142.022,3.452964355175167e-12,-2.7379524228417877,-1.124126477331877e-12,2.7054897509656596e-11,-3.596294748929918e-15,-8.831718779533768e-12
storage125_strength_sensitivity,N403,-32.0,69.75,193.643,-66.72852099511671,4528.071052750981,-43.399755432120365,2245.696900791686,130.34967950794908,13154.906235854398
storage125_strength_sensitivity,N428,224.25,69.75,121.5,-269.523167878855,-698.297252956545,2.8708871237467974,161.60863148525823,260.12905302652143,4467.749055604916
storage125_strength_sensitivity,N429,224.25,69.75,144.689,1.5579820421970495e-10,-3.8305158104139165,-4.616910873765143e-12,6.829985105315656e-11,5.2343215215364344e-14,-2.1379439970555932e-11
storage125_strength_sensitivity,N468,224.25,69.75,193.643,181.5993549770726,2898.4788211522723,-14.6521395224564,-87.14302139082554,-554.2591200603811,-11835.040579984054
storage125_strength_sensitivity,N549,-32.0,69.75,120.0,-697.007471465688,717.6868266570814,-48.60315719419851,-1633.2347821519445,-207.3992794849943,10730.83404589389
storage125_strength_sensitivity,N550,-32.0,69.75,147.143,697.0074717402458,-729.4098665118217,48.603157222270966,313.99928736686707,207.39927948522381,8188.03975763917
storage125_strength_sensitivity,N557,224.25,69.75,147.143,-1674.8296262025833,-2044.395670056343,17.8102907538414,545.8716562986374,1660.1618780768476,-15184.853600740433
strength_roof,N162,224.25,69.75,120.0,713.2494779315311,1272.6853043757146,31.689477689564228,-123.98034364928026,3820.956507468125,-11161.218417711032
strength_roof,N233,-32.0,69.75,150.143,11.705788314342499,1575.6238082796335,-34.47156435251236,-309.27717423439026,-32.98469883366488,-382.4360741972923
strength_roof,N247,224.25,69.75,150.143,-130.9894625581801,2555.015926733613,0.24477910995483398,-310.3974575996399,-116.10146679030731,2824.919079862535
strength_roof,N248,-32.0,69.75,116.0,-324.6605486869812,-115.18101286888123,-1.7180837392807007,1363.0455960035324,3903.6095211952925,694.7216658592224
strength_roof,N372,-32.0,69.75,117.5,194.67481350898743,-398.31645905971527,34.927396178245544,1294.9929885864258,74.43995562102646,-3504.7862327098846
strength_roof,N373,-32.0,69.75,142.022,-7.021354304991248e-13,-2.7379524227388727,-2.734932497279688e-12,-5.627263361467059e-12,-3.2780202676637e-14,-2.3131886379303946e-12
strength_roof,N403,-32.0,69.75,193.643,-16.985551162931248,1475.8286244731135,-29.46898725751627,1562.8671209165038,-176.33312319925733,2983.5031876595795
strength_roof,N428,224.25,69.75,121.5,-90.06626153923571,-288.2849152616691,0.7355427925940603,68.926096005016,83.35882178618795,1495.6789598573232
strength_roof,N429,224.25,69.75,144.689,6.184238789548837e-12,-3.830515810532884,-5.2323236696562345e-11,3.204386770021492e-11,1.2025026113773377e-13,-4.422226960803178e-12
strength_roof,N468,224.25,69.75,193.643,202.74772323721393,968.9047098504599,-6.501689104857424,-220.59293258807682,-214.06709510762911,-3761.3735108303154
strength_roof,N549,-32.0,69.75,120.0,-194.67481181802327,393.9830391509256,-34.92739565399623,-1207.6744999153414,-74.43995561936042,3018.0992026325644
strength_roof,N550,-32.0,69.75,147.143,194.67481181025505,-405.70607902109623,34.92739588022232,259.64020013809204,74.43995561928023,2265.959215015173
strength_roof,N557,224.25,69.75,147.143,-559.6759801842272,-852.7820480912924,4.563129961490631,310.5885218977928,532.0018526216736,-5057.5518418848515
strength_HB0.25,N162,224.25,69.75,120.0,1045.7231679898687,1803.4977295491844,38.97336144314613,-150.56056550180074,4719.063319616354,-12924.256949215895
strength_HB0.25,N233,-32.0,69.75,150.143,31.584346383810043,1975.3623796105385,-28.239475071430206,-243.80925607681274,-24.18627064838074,-774.0179800391197
strength_HB0.25,N247,224.25,69.75,150.143,-161.2940716445446,3561.8630646169186,-3.0205684304237366,-229.89138048887253,-276.69860755302943,3404.815307497978
strength_HB0.25,N248,-32.0,69.75,116.0,-404.06303310394287,-13.353880256414413,-13.693314552307129,1098.0848144292831,4644.98250267515,318.8823447227478
strength_HB0.25,N372,-32.0,69.75,117.5,292.6934394836426,-399.04005366563797,28.70297408103943,1044.0451776981354,104.48574896203354,-5248.7171840667725
strength_HB0.25,N373,-32.0,69.75,142.022,1.4148110648914926e-13,-2.7379524229762597,4.0248870822489785e-13,-2.9100110958557567e-12,1.7690087232513383e-14,-3.018298748972984e-13
strength_HB0.25,N403,-32.0,69.75,193.643,-33.1890597210058,1950.0618142234887,-25.058006090155974,1304.7376150687664,-16.184421553403713,5252.406725138948
strength_HB0.25,N428,224.25,69.75,121.5,-116.92857967223972,-423.715109747136,1.3455238897586241,84.73737787804566,123.67317144554454,1989.8979700603522
strength_HB0.25,N429,224.25,69.75,144.689,1.4017303506056013e-11,-3.830515810482335,3.1638012800859e-11,1.046457619574791e-10,4.06039471674655e-14,-5.809077343964486e-11
strength_HB0.25,N468,224.25,69.75,193.643,72.07347763143335,1356.5548912646182,-7.357799345944808,-101.12035882653704,-253.17173760363858,-5074.96145586829
strength_HB0.25,N549,-32.0,69.75,120.0,-292.69343767809033,394.7066338005574,-28.702973900333483,-972.2877428148915,-104.48574896018353,4516.983588325898
strength_HB0.25,N550,-32.0,69.75,147.143,292.6934378221631,-406.4296736419201,28.702974021434784,193.20292180776596,104.48574896063656,3427.5943945795298
strength_HB0.25,N557,224.25,69.75,147.143,-726.5996869504452,-1246.3810931369662,8.347305417060852,311.64028602838516,789.2908623083495,-6266.876308619976
strength_HB0.5,N162,224.25,69.75,120.0,1060.042196676135,1788.9902869196376,40.97104292619042,-158.05251029436477,4946.591609104189,-12086.58241067268
strength_HB0.5,N233,-32.0,69.75,150.143,32.84081932902336,1981.2643353492022,-28.333542585372925,-244.80676728487015,-24.815907167154364,-799.7270675748587
strength_HB0.5,N247,224.25,69.75,150.143,-165.46685147285461,3530.8914639875293,-3.1610889434814453,-227.91617000102997,-313.0733032512944,3405.5020211935043
strength_HB0.5,N248,-32.0,69.75,116.0,-397.52949619293213,-13.613870352506638,-15.53083336353302,1101.3601069450378,4887.3640606328845,318.6802134513855
strength_HB0.5,N372,-32.0,69.75,117.5,296.8396248817444,-401.05592676997185,28.83948266506195,1047.332184791565,111.78434842359275,-5321.097529411316
strength_HB0.5,N373,-32.0,69.75,142.022,6.993042547911712e-13,-2.7379524229118855,-1.144459732635686e-12,2.8119583387801714e-12,3.748198235385106e-14,-5.214895618693412e-12
strength_HB0.5,N403,-32.0,69.75,193.643,-31.996427538724042,1957.0511225749112,-25.144466969884714,1309.1165667285516,-7.4983546156357965,5332.702965382093
strength_HB0.5,N428,224.25,69.75,121.5,-116.28647211520001,-418.71293871244416,1.4158485054504126,88.49627341306768,132.8017635418164,1983.8141539304052
strength_HB0.5,N429,224.25,69.75,144.689,1.5205232655180197e-11,-3.8305158104403922,1.4355346055285732e-11,8.918349849802917e-11,-3.570018801556147e-14,-3.360694059088345e-11
strength_HB0.5,N468,224.25,69.75,193.643,44.166206852876996,1371.878616933104,-7.840023473687516,-91.44338404229369,-287.3056290634189,-5216.0456955842765
strength_HB0.5,N549,-32.0,69.75,120.0,-296.839623185766,396.72250696679845,-28.839482670244053,-975.2334783307188,-111.78434842372339,4578.998470755344
strength_HB0.5,N550,-32.0,69.75,147.143,296.8396232202649,-408.4455468058586,28.83948278427124,192.44339978694916,111.78434842359275,3478.119421571493
strength_HB0.5,N557,224.25,69.75,147.143,-722.6096004247665,-1231.8433473408222,8.783582329750061,323.77211701869965,847.5501779152546,-6202.3636392354965
strength_HB0.75,N162,224.25,69.75,120.0,1049.2584515542258,1790.1290448567597,40.464273451128975,-156.13326448074076,4878.855706845152,-12188.025880067376
strength_HB0.75,N233,-32.0,69.75,150.143,30.985943160951138,1992.6456321626902,-28.485526859760284,-247.77707904577255,-28.679444735054858,-772.6490323096514
strength_HB0.75,N247,224.25,69.75,150.143,-166.0868565440178,3524.8704364970326,-3.7869746685028076,-238.9039112329483,-304.0939190662466,3411.907856822014
strength_HB0.75,N248,-32.0,69.75,116.0,-389.47977924346924,-9.557977318763733,-15.178227066993713,1102.7467725276947,4865.966566096991,928.3812999725342
strength_HB0.75,N372,-32.0,69.75,117.5,294.3906021118164,-407.1193411052227,28.935139060020447,1048.7592936754227,113.7922350987792,-5273.851277828217
strength_HB0.75,N373,-32.0,69.75,142.022,9.668143722299544e-14,-2.7379524228847965,3.425638563072718e-12,6.4670340842054306e-12,-8.895638623547146e-14,-3.2421480004835314e-14
strength_HB0.75,N403,-32.0,69.75,193.643,-38.26721626790508,1947.4236148781933,-24.87793666248014,1306.0624242239821,-47.859897195391945,5146.380915638301
strength_HB0.75,N428,224.25,69.75,121.5,-116.25194605160505,-417.3778418963775,1.5102923795348033,92.02046259387862,130.13935839201804,1982.3250807968434
strength_HB0.75,N429,224.25,69.75,144.689,1.5405916898180985e-11,-3.8305158104257506,2.6935946264489255e-11,1.1951713573727776e-11,1.1757528850556455e-13,1.6431530932262723e-11
strength_HB0.75,N468,224.25,69.75,193.643,57.84585483216348,1371.7993469033242,-7.950527870556398,-91.96545955523223,-289.50009462281315,-5227.680413314389
strength_HB0.75,N549,-32.0,69.75,120.0,-294.39060152203587,402.7859212714001,-28.93513926899011,-976.4214453389066,-113.79223509866848,4537.874771560378
strength_HB0.75,N550,-32.0,69.75,147.143,294.3906016498804,-414.508961096406,28.93513947725296,191.03495997190475,113.7922350987792,3452.7693286389112
strength_HB0.75,N557,224.25,69.75,147.143,-722.39505392313,-1227.9631725102663,9.36948937177658,330.6109228730202,830.5585213419981,-6206.115191757679
strength_HT0.25,N162,224.25,69.75,120.0,1155.7989114809316,1906.933142455062,38.73209261207376,-150.93855909234844,4686.315489218483,-17537.40757656668
strength_HT0.25,N233,-32.0,69.75,150.143,24.534383535385132,2811.0277596712112,-34.67290115356445,-300.1858365535736,-40.696800469071604,-702.9770409911871
strength_HT0.25,N247,224.25,69.75,150.143,-212.49199733138084,4006.1577584519982,-3.4292641282081604,-256.3243075609207,-204.11589529947378,4680.0796437859535
strength_HT0.25,N248,-32.0,69.75,116.0,-514.0015339851379,109.95786798000336,-8.611706614494324,1327.9420706033707,4690.806229664013,4425.813799858093
strength_HT0.25,N372,-32.0,69.75,117.5,367.6283802986145,-539.0774565637112,34.781885504722595,1262.148087978363,106.76685464568436,-6613.906344413757
strength_HT0.25,N373,-32.0,69.75,142.022,-3.509254548511277e-13,-2.7379524228357845,1.9181890699038927e-12,6.050044178047655e-12,8.043909836376444e-14,3.669602985029851e-12
strength_HT0.25,N403,-32.0,69.75,193.643,-46.68789570218257,2719.044059314668,-28.84607526713413,1579.3584019568445,-221.57996097753164,6274.019532695911
strength_HT0.25,N428,224.25,69.75,121.5,-142.88002962060273,-446.0631199997151,1.3918291099835187,82.17626462527551,109.94836686869303,2356.939754762687
strength_HT0.25,N429,224.25,69.75,144.689,3.612808641615484e-11,-3.8305158104489863,2.639210789286168e-11,6.019854884171969e-11,2.582400147059666e-13,4.1212541292842854e-12
strength_HT0.25,N468,224.25,69.75,193.643,255.96299762130658,1468.2005613751428,-7.980431228387669,-155.98146485080625,-258.5129885990642,-5676.493731625108
strength_HT0.25,N549,-32.0,69.75,120.0,-367.6283793321491,534.7440366617661,-34.781885848040595,-1175.1933731208348,-106.76685464400254,5694.835394361021
strength_HT0.25,N550,-32.0,69.75,147.143,367.62837931513786,-546.4670765250921,34.7818860411644,231.10864567756653,106.76685464428738,4283.701705634594
strength_HT0.25,N557,224.25,69.75,147.143,-887.8632160425186,-1311.330830000341,8.634571969509125,288.38538521528244,701.6981959859841,-8121.34209254384
strength_HT0.5,N162,224.25,69.75,120.0,1215.267349821981,1914.0637776941294,38.46830603212584,-149.74170650995802,4669.277331019245,-18872.848406485282
strength_HT0.5,N233,-32.0,69.75,150.143,30.609466768801212,2540.472566410899,-32.6736786365509,-285.4828780889511,-40.28212683147285,-815.4899902492762
strength_HT0.5,N247,224.25,69.75,150.143,-212.0443471968174,4390.8677553758025,-3.51119327545166,-264.00959980487823,-194.7196808331646,4665.105023443699
strength_HT0.5,N248,-32.0,69.75,116.0,-497.5785880088806,15.242392838001251,-10.378840923309326,1250.1583632230759,4689.292989769485,3459.803954601288
strength_HT0.5,N372,-32.0,69.75,117.5,353.0405206680298,-442.1051642000675,32.8277245759964,1188.5825066566467,110.55668814480305,-6285.410517692566
strength_HT0.5,N373,-32.0,69.75,142.022,-8.096222881883737e-13,-2.737952422923775,-4.62477816684183e-12,8.448628873872144e-12,-1.0879556258678147e-13,4.269999450052043e-12
strength_HT0.5,N403,-32.0,69.75,193.643,-83.15859376902868,2441.2678126880915,-27.398390168909977,1478.4634796966682,-194.13506487718087,5922.943978626967
strength_HT0.5,N428,224.25,69.75,121.5,-151.26885042409413,-442.64117981970776,1.3904527898412198,84.20754661364481,109.69811662414804,2482.4999297467293
strength_HT0.5,N429,224.25,69.75,144.689,3.1200967333867326e-11,-3.8305158104529586,4.339075707608416e-11,5.4326240767350725e-11,3.725701753275999e-14,-5.55299013480672e-12
strength_HT0.5,N468,224.25,69.75,193.643,285.12478431556457,1609.0674706986733,-7.3504126131060135,-149.32501727310145,-208.8478963209665,-6147.948389188308
strength_HT0.5,N549,-32.0,69.75,120.0,-353.04051966936674,437.77174438799915,-32.82772454559654,-1106.5131950226078,-110.55668814310148,5402.809217128839
strength_HT0.5,N550,-32.0,69.75,147.143,353.0405197441578,-449.4947842359543,32.82772469520569,215.4702674150467,110.55668814352248,4179.769610852003
strength_HT0.5,N557,224.25,69.75,147.143,-939.9917425513268,-1301.3856889531016,8.626033544540405,301.2059174180031,700.1010813568719,-8677.837073266506
strength_HT0.75,N162,224.25,69.75,120.0,1276.943034713855,2125.904497644631,38.029050819342956,-147.6949022222543,4622.085267041059,-21090.484802986146
strength_HT0.75,N233,-32.0,69.75,150.143,33.41759819537401,2279.023717984557,-30.55852299928665,-267.8364388346672,-36.254468201776035,-875.4635646119714
strength_HT0.75,N247,224.25,69.75,150.143,-187.83090928196907,4768.092877820134,-3.428280293941498,-267.4598043560982,-199.3557697373908,4176.424804151058
strength_HT0.75,N248,-32.0,69.75,116.0,-480.0825333595276,21.038046538829803,-11.76058316230774,1172.3488528728485,4641.881885273848,2901.5182843208313
strength_HT0.75,N372,-32.0,69.75,117.5,338.08974504470825,-441.82279112935066,30.81396484375,1114.8140062093735,110.43588052270934,-6032.514840126038
strength_HT0.75,N373,-32.0,69.75,142.022,-1.6874435811477279e-12,-2.7379524229262184,8.364796874053568e-12,7.978349529285161e-12,3.9622808101590857e-16,1.9828969330819345e-12
strength_HT0.75,N403,-32.0,69.75,193.643,-65.14731734128085,2155.8025077702114,-26.12152221281471,1382.1345180303051,-135.174636725397,5426.11477776618
strength_HT0.75,N428,224.25,69.75,121.5,-157.95822014380246,-490.0109139509732,1.3715090153273195,86.03327481891029,110.88773900189108,2658.07344974461
strength_HT0.75,N429,224.25,69.75,144.689,1.6184501348339853e-11,-3.8305158104837695,-4.51094088177709e-11,-1.7546689432911024e-12,4.2826153112777004e-14,-3.1532018408075844e-11
strength_HT0.75,N468,224.25,69.75,193.643,224.1284018308903,1745.8775424280843,-6.854125670943548,-138.0066910838569,-180.3664859905816,-6515.246473302621
strength_HT0.75,N549,-32.0,69.75,120.0,-338.08974460893535,437.48937126419406,-30.81396450663765,-1037.7790950542033,-110.43588052241937,5187.2904771682715
strength_HT0.75,N550,-32.0,69.75,147.143,338.0897445976734,-449.21241112053394,30.813964664936066,201.39565628767014,110.43588052259292,3989.4794608950615
strength_HT0.75,N557,224.25,69.75,147.143,-981.5598002970219,-1439.0557424351573,8.508510828018188,315.5459263920784,707.6933348858729,-8652.744675278664
lateral_HX,N162,224.25,69.75,120.0,128.02171886106953,66.35214640334016,6.135841021721717,-25.364062619250035,826.4897375054817,-359.5264446551446
lateral_HX,N233,-32.0,69.75,150.143,8.854569911956787,276.9276534020901,-7.483075700700283,-90.29897604137659,-44.82436260470422,-171.4055107831955
lateral_HX,N247,224.25,69.75,150.143,103.07226049900055,387.30692125856876,-0.9247448742389679,-96.19629611074924,77.83555598999374,-1636.601229429245
lateral_HX,N248,-32.0,69.75,116.0,13.09358024597168,-36.14358054101467,-2.431176543235779,258.0854797363281,943.6285356816952,374.21914291381836
lateral_HX,N372,-32.0,69.75,117.5,46.54492473602295,-95.27159254997969,6.950352787971497,246.84398847818375,44.36811031232355,-811.4543581008911
lateral_HX,N373,-32.0,69.75,142.022,4.768824330852754e-12,-2.2816270190989654,5.853006626923987e-13,4.974252835929337e-13,3.525054367284139e-15,-8.789255085903384e-12
lateral_HX,N403,-32.0,69.75,193.643,-242.75274698270354,354.4749787242214,-2.927223508476529,235.8875111639949,-418.2202241838419,1329.5418585825414
lateral_HX,N428,224.25,69.75,121.5,9.350990732200444,-26.78091028550989,0.21758759237127379,13.18512528410065,2.1794453948122054,-102.23964327410795
lateral_HX,N429,224.25,69.75,144.689,-1.6547399675971597e-11,-3.192096508705034,4.032373418378471e-12,1.1345048028455352e-11,-5.581658649638885e-14,-1.5055563277730778e-11
lateral_HX,N468,224.25,69.75,193.643,-124.29279177625416,-3.6580870699623733,-0.8874214421918999,-84.28125046227404,64.23412979828701,1065.369968692292
lateral_HX,N549,-32.0,69.75,120.0,-46.54492496122201,91.6604093613152,-6.9503528494387155,-229.46810641926965,-44.36811031223678,695.0920438582501
lateral_HX,N550,-32.0,69.75,147.143,46.54492509365082,-101.42960919812322,6.950352851301432,40.81467908620834,44.36811031214893,568.2768532037735
lateral_HX,N557,224.25,69.75,147.143,58.10749578475952,-90.28575071506202,1.3498608767986298,47.18285159766674,13.909373511734884,854.7285655736923
strength_lateral_HX_1,N162,224.25,69.75,120.0,621.6881906455383,1020.4098843493266,21.598458148248028,-84.44937067903811,2697.6835343301227,-6694.4962927470915
strength_lateral_HX_1,N233,-32.0,69.75,150.143,27.3760769367218,1111.619531787932,-15.167882576584816,-154.00237041711807,-49.28992979172472,-591.847775220871
strength_lateral_HX_1,N247,224.25,69.75,150.143,24.23073399066925,2076.90886201337,-3.2542143762111664,-158.72445851564407,-72.92978042701725,-7.609050273895264
strength_lateral_HX_1,N248,-32.0,69.75,116.0,-155.76927185058594,41.126380294561386,-10.662190914154053,554.6958714723587,2751.208628272405,1158.0122337341309
strength_lateral_HX_1,N372,-32.0,69.75,117.5,187.4535837173462,-210.13689720630646,14.857670545578003,529.1439390182495,88.02558314683847,-3327.3999910354614
strength_lateral_HX_1,N373,-32.0,69.75,142.022,1.7138825429552157e-11,-2.73795242286707,3.1164912215944167e-13,2.78130834750472e-12,4.9328511353689e-15,-3.909732667332491e-11
strength_lateral_HX_1,N403,-32.0,69.75,193.643,-255.72248659325112,1196.4941797749739,-10.241820642005917,600.0208103885248,-360.35933291002044,3978.588374143459
strength_lateral_HX_1,N428,224.25,69.75,121.5,-46.00996335409582,-232.6807509564096,0.9231023595202714,50.599485979473684,57.743059358469964,853.9344563735649
strength_lateral_HX_1,N429,224.25,69.75,144.689,9.220924597651802e-11,-3.8305158104372414,1.0440956312347355e-11,4.8585866740004864e-11,9.360697485680568e-14,-8.315262152185077e-11
strength_lateral_HX_1,N468,224.25,69.75,193.643,-117.33878954286004,639.2049932934923,-3.7798262948040695,-78.77674831211661,-44.45714996441607,-1352.4005031876984
strength_lateral_HX_1,N549,-32.0,69.75,120.0,-187.45358528661185,205.80347737665412,-14.857670682196986,-491.9997623071276,-88.02558314640538,2858.7660244468643
strength_lateral_HX_1,N550,-32.0,69.75,147.143,187.4535857439041,-217.526517175138,14.857670694589615,88.7180073261261,88.02558314648195,2229.2866435050964
strength_lateral_HX_1,N557,224.25,69.75,147.143,-285.90807354450226,-691.1803753301501,5.7267042100429535,167.05712136626244,368.5202585221268,-2025.151906490326
strength_lateral_HX_-1,N162,224.25,69.75,120.0,530.0558219810482,1070.20735307812,18.28877858602209,-71.05350678926334,2173.969608215525,-9881.545841417741
strength_lateral_HX_-1,N233,-32.0,69.75,150.143,-8.661234974861145,1207.6568862646818,-18.671443104743958,-150.89661574363708,-8.24812742951326,-23.142444849014282
strength_lateral_HX_-1,N247,224.25,69.75,150.143,-170.19813644886017,2076.508260808885,-0.7687490880489349,-136.95045936107635,-108.73540420236532,3440.3877108097076
strength_lateral_HX_-1,N248,-32.0,69.75,116.0,-310.23862171173096,-6.560733586549759,-1.2132162442430854,723.3140898421407,2188.991167742526,1042.5265307426453
strength_lateral_HX_-1,N372,-32.0,69.75,117.5,132.3705291748047,-232.79603850841522,18.894147554878145,686.6336728297174,39.85398369375616,-2397.806869029999
strength_lateral_HX_-1,N373,-32.0,69.75,142.022,7.121772003916641e-12,-2.737952422946644,-4.713840942109941e-12,-1.0816539370837502e-12,-2.2584343626211245e-14,4.546878121614298e-12
strength_lateral_HX_-1,N403,-32.0,69.75,193.643,144.60102683346807,957.9971437657098,-16.692228072145518,887.7790993217709,4.984633041033692,575.0817679660305
strength_lateral_HX_-1,N428,224.25,69.75,121.5,-86.85459325788543,-248.1932141703437,0.566176796099171,39.928362129605375,53.45014638948237,1403.163942964282
strength_lateral_HX_-1,N429,224.25,69.75,144.689,-9.46313731458535e-12,-3.8305158104371717,-1.0678013200485412e-12,8.033725495946129e-12,-7.101768399095677e-14,7.290149988484202e-11
strength_lateral_HX_-1,N468,224.25,69.75,193.643,308.6437288994018,863.210199600156,-3.9158899466660344,-86.56655588005222,-154.18637662117314,-3868.026829463498
strength_lateral_HX_-1,N549,-32.0,69.75,120.0,-132.37052754960823,228.46261866398254,-18.89414753769808,-639.3983038423702,-39.8539836936322,2066.880552445179
strength_lateral_HX_-1,N550,-32.0,69.75,147.143,132.37052714824677,-240.18565848469734,18.89414769411087,126.55445700883865,39.85398369375616,1526.0526732206345
strength_lateral_HX_-1,N557,224.25,69.75,147.143,-539.7185226082802,-736.2640491090715,3.5124241411685944,157.6368277668953,341.1225865817396,-5120.675418496132
strength_lateral_HX_2,N162,224.25,69.75,120.0,667.5043750964105,995.511149981292,23.253297925868537,-91.14730261062505,2959.540497462565,-5100.9715178841725
strength_lateral_HX_2,N233,-32.0,69.75,150.143,45.39473295211792,1063.60085452348,-13.416102342307568,-155.55524769052863,-69.81083097367082,-876.2004401683807
strength_lateral_HX_2,N247,224.25,69.75,150.143,121.4451687335968,2077.109162610024,-4.4969470500946045,-169.61145809292793,-55.026968544581905,-1731.6074311733246
strength_lateral_HX_2,N248,-32.0,69.75,116.0,-78.53459548950195,64.96993723511696,-15.386678218841553,470.3867621421814,3032.31735861348,1215.7550868988037
strength_lateral_HX_2,N372,-32.0,69.75,117.5,214.99511337280273,-198.80732657015324,12.839431762695312,450.399071931839,112.11138287582435,-3792.1965522766113
strength_lateral_HX_2,N373,-32.0,69.75,142.022,1.9907721707034304e-11,-2.7379524228877234,3.717748977507453e-13,4.864348690991659e-13,1.675519380789071e-14,3.874190849876776e-11
strength_lateral_HX_2,N403,-32.0,69.75,193.643,-455.8842433096219,1315.7426978084557,-7.01661691995516,456.14166592191276,-543.0313158917693,5680.341677264767
strength_lateral_HX_2,N428,224.25,69.75,121.5,-25.587648403830826,-224.92451934912242,1.1015651407069527,55.935047904844396,59.889515845271944,579.3197130681947
strength_lateral_HX_2,N429,224.25,69.75,144.689,2.9619753336800993e-10,-3.830515810430796,-4.616385970689153e-12,1.6931542848811222e-11,1.0593666312631259e-13,-3.3832203191386373e-10
strength_lateral_HX_2,N468,224.25,69.75,193.643,-330.33004877264534,527.2023901348463,-3.711794472039566,-74.88184452730229,10.407463360926407,-94.58734002815213
strength_lateral_HX_2,N549,-32.0,69.75,120.0,-214.9951140004686,194.4739067140903,-12.839432216329952,-418.3004915366058,-112.11138287534308,3254.7087611952875
strength_lateral_HX_2,N550,-32.0,69.75,147.143,214.9951150417328,-206.1969465315342,12.839432243257761,69.79978248476982,112.11138287532958,2580.9036288261414
strength_lateral_HX_2,N557,224.25,69.75,147.143,-159.0028486251831,-668.6385384425521,6.833844214677811,171.7672682106495,382.2190945072798,-477.3901505470276
strength_lateral_HX_-2,N162,224.25,69.75,120.0,484.2396376533434,1095.1060874453397,16.633938793791458,-64.35557481349679,1912.1126451071432,-11475.070615877863
strength_lateral_HX_-2,N233,-32.0,69.75,150.143,-26.679890632629395,1255.6755634099245,-20.423223316669464,-149.3437386751175,12.272773750824854,261.2102200984955
strength_lateral_HX_-2,N247,224.25,69.75,150.143,-267.4125714302063,2076.30796020478,0.4739835560321808,-126.06345975399017,-126.63821608771104,5164.386091709137
strength_lateral_HX_-2,N248,-32.0,69.75,116.0,-387.4732971191406,-30.4042906165123,3.5112708806991577,807.6231989264488,1907.8824374279939,984.7836799621582
strength_lateral_HX_-2,N372,-32.0,69.75,117.5,104.8290023803711,-244.12560918927193,20.912386119365692,765.3785395622253,15.76818396593444,-1933.010308265686
strength_lateral_HX_-2,N373,-32.0,69.75,142.022,-3.426576454466828e-12,-2.7379524228907286,5.3665434804446e-12,7.993622913457227e-12,-4.300803287387866e-14,8.869807807503413e-11
strength_lateral_HX_-2,N403,-32.0,69.75,193.643,344.762783548916,838.7486256516371,-19.917431774411565,1031.6582437885083,187.65661601429284,-1126.671535193078
strength_lateral_HX_-2,N428,224.25,69.75,121.5,-107.2769082095474,-255.94944577751448,0.3877140146214515,34.592800204409286,51.3036899035867,1677.7786862645298
strength_lateral_HX_-2,N429,224.25,69.75,144.689,-7.073574102030056e-11,-3.8305158104524373,-1.4616254455470673e-11,2.0055635789582753e-11,8.175767459692102e-15,-7.642282366318897e-12
strength_lateral_HX_-2,N468,224.25,69.75,193.643,521.6349881269562,975.2128027685476,-3.983921762493976,-90.46145966450767,-209.05098994433197,-5125.8399926236
strength_lateral_HX_-2,N549,-32.0,69.75,120.0,-104.82899846304255,239.79218931755491,-20.912385963821244,-713.0975745783459,-15.768183965781718,1670.9378162715666
strength_lateral_HX_-2,N550,-32.0,69.75,147.143,104.82899785041809,-251.51522913575172,20.912386119365692,145.4726818203926,15.768183965818025,1174.435688495636
strength_lateral_HX_-2,N557,224.25,69.75,147.143,-666.6237471103668,-758.8058859966695,2.405284136533737,152.9266810119152,327.4237506024656,-6668.4371745586395
lateral_HZ,N162,224.25,69.75,120.0,87.58672620670404,85.8335680818127,4.8961303231772035,-21.391341428039595,581.7623044922263,-1660.2950437729014
lateral_HZ,N233,-32.0,69.75,150.143,-5.645754486322403,327.932309217751,-10.085007101297379,-96.89199656248093,-29.520508260990027,57.356680542230606
lateral_HZ,N247,224.25,69.75,150.143,28.934426367282867,455.92216975800693,9.048993587493896,55.99554145336151,36.936831595012336,-288.0112373828888
lateral_HZ,N248,-32.0,69.75,116.0,-47.314878940582275,-67.92276707291603,2.8828953206539154,367.2936926782131,684.9963215940516,340.4174402952194
lateral_HZ,N372,-32.0,69.75,117.5,23.973989725112915,-116.77066391706467,9.7290680706501,349.3199760019779,23.76413054583827,-430.6297746896744
lateral_HZ,N373,-32.0,69.75,142.022,7.64935923269681e-13,-2.2816270191024337,-2.6869679135275326e-12,-1.5585231974787498e-12,2.4374124970311214e-14,-4.0574525911854735e-12
lateral_HZ,N403,-32.0,69.75,193.643,-74.30247420039464,271.5425809760237,-6.394032685252344,407.5590573230607,-288.15261711421323,-26.49532237810426
lateral_HZ,N428,224.25,69.75,121.5,-7.033690692158416,-53.07234946868266,-1.409450920065865,-53.97826036415063,0.32315182827329636,120.88697770016734
lateral_HZ,N429,224.25,69.75,144.689,3.745829182300141e-12,-3.1920965087249757,6.578838290792995e-11,1.4542481929699798e-10,-1.9243321098782352e-17,-8.926215851173317e-12
lateral_HZ,N468,224.25,69.75,193.643,37.50934071290583,96.15315581669938,0.07529728214092724,-125.39506647683363,-21.233585978461267,123.8366533408436
lateral_HZ,N549,-32.0,69.75,120.0,-23.973989474190994,113.1594807144672,-9.729068192436014,-324.99730526553503,-23.76413054597494,370.6948005774736
lateral_HZ,N550,-32.0,69.75,147.143,23.97398951649666,-122.92868055403233,9.729068249464035,60.921207278966904,23.764130545896478,280.03119575977325
lateral_HZ,N557,224.25,69.75,147.143,-43.70768438279629,-166.69622472301126,-8.743893146514893,-110.64844214916229,2.0623776540596737,-369.5987922549248
strength_lateral_HZ_1,N162,224.25,69.75,120.0,581.2531979572959,1039.8913058628095,20.358747645048425,-80.47665001358837,2452.9561154494672,-7995.264882982126
strength_lateral_HZ_1,N233,-32.0,69.75,150.143,12.875752478837967,1162.6241889968514,-17.76981407403946,-160.5953912138939,-33.98607497419289,-363.0855838358402
strength_lateral_HZ_1,N247,224.25,69.75,150.143,-49.90709945559502,2145.524110671133,6.719524383544922,-6.532620906829834,-113.82850552327,1340.9809305667877
strength_lateral_HZ_1,N248,-32.0,69.75,116.0,-216.17773008346558,9.347193360328674,-5.348119229078293,663.9040871560574,2492.576428350061,1124.2105431556702
strength_lateral_HZ_1,N372,-32.0,69.75,117.5,164.8826503753662,-231.63596929609776,17.63638609647751,631.6199290454388,67.42160342936404,-2946.575409412384
strength_lateral_HZ_1,N373,-32.0,69.75,142.022,2.553731536217771e-12,-2.737952422928329,-2.5725953167673043e-12,6.859009830365958e-12,3.6377464335154145e-15,2.221750121095447e-12
strength_lateral_HZ_1,N403,-32.0,69.75,193.643,-87.27221224815739,1113.561782414751,-13.708629937153756,771.6923612121421,-230.29171980320137,2622.5511891701763
strength_lateral_HZ_1,N428,224.25,69.75,121.5,-62.39464464527555,-258.9721901185112,-0.7039361568167806,-16.563899715663865,55.886766171020554,1077.0610755454982
strength_lateral_HZ_1,N429,224.25,69.75,144.689,5.768752374643104e-11,-3.8305158104223116,-7.436366178175093e-11,-3.616342322661939e-12,1.3062531884918619e-14,-6.1426275092420104e-12
strength_lateral_HZ_1,N468,224.25,69.75,193.643,44.463338780314906,739.0162354081418,-2.8171075760810123,-119.89056453362274,-129.9248651331448,-2293.933809592343
strength_lateral_HZ_1,N549,-32.0,69.75,120.0,-164.88265017580972,227.30254941394702,-17.636386086755966,-587.5289637234393,-67.42160342915025,2534.3687837896878
strength_lateral_HZ_1,N550,-32.0,69.75,147.143,164.88265012204647,-239.0255892202258,17.636386156082153,108.8245359659195,67.42160342914576,1941.0409879684448
strength_lateral_HZ_1,N557,224.25,69.75,147.143,-387.7232528924942,-767.5908492766321,-4.3670501708984375,9.22582721710205,356.6732650838094,-3249.479254245758
strength_lateral_HZ_-1,N162,224.25,69.75,120.0,570.4908147870738,1050.725931394787,19.52848928712774,-75.02622799039818,2418.6970412152887,-8580.777242080745
strength_lateral_HZ_-1,N233,-32.0,69.75,150.143,5.839089423418045,1156.6522303894162,-16.069511622190475,-144.3035953938961,-23.551981772645377,-251.90463650226593
strength_lateral_HZ_-1,N247,224.25,69.75,150.143,-96.06030224263668,2007.8930123113096,-10.742487728595734,-289.142296731472,-67.8366798046045,2091.797718860209
strength_lateral_HZ_-1,N248,-32.0,69.75,116.0,-249.83016216754913,25.218452900648117,-6.52728796005249,614.1058770418167,2447.6233818219043,1076.3282336592674
strength_lateral_HZ_-1,N372,-32.0,69.75,117.5,154.9414633512497,-211.29696713387966,16.115432143211365,584.1576856374741,60.45796346012503,-2778.6314529776573
strength_lateral_HZ_-1,N373,-32.0,69.75,142.022,-2.5133289757343695e-13,-2.7379524228843515,-1.6324780044075087e-12,1.4342220413671282e-12,-4.1065222820038415e-15,-9.099318124626724e-13
strength_lateral_HZ_-1,N403,-32.0,69.75,193.643,-23.849245948295717,1040.9295414722997,-13.225418889898144,716.1075531629172,-125.08297402850276,1931.1189488950954
strength_lateral_HZ_-1,N428,224.25,69.75,121.5,-70.46991183377395,-221.90177498629782,2.1932153092930093,107.0917477728799,55.30643995591208,1180.0373219918547
strength_lateral_HZ_-1,N429,224.25,69.75,144.689,-3.988204234172598e-12,-3.830515810438521,5.049598831812241e-12,-5.020111858530427e-11,6.809590428756261e-15,-8.927963691260789e-13
strength_lateral_HZ_-1,N468,224.25,69.75,193.643,146.84159641231568,763.3989567150182,-4.8786086569541105,-45.45273987817569,-68.71866083686282,-2926.4935141222345
strength_lateral_HZ_-1,N549,-32.0,69.75,120.0,-154.94146285297123,206.96354729925218,-16.11543219917694,-543.8691049993906,-60.45796345951917,2391.2777956135146
strength_lateral_HZ_-1,N550,-32.0,69.75,147.143,154.9414628148079,-218.68658712506294,16.115432262420654,106.4479288160801,60.45796345965937,1814.298330783844
strength_lateral_HZ_-1,N557,224.25,69.75,147.143,-437.90334256738424,-659.8535750992596,13.606178402900696,315.4681217074394,352.96958243870176,-3896.3480604216456
strength_lateral_HZ_2,N162,224.25,69.75,120.0,586.6343895483296,1034.473993173102,20.773876742925495,-83.20186087768525,2470.085645516344,-7702.508707838133
strength_lateral_HZ_2,N233,-32.0,69.75,150.143,16.394083857536316,1165.610167592764,-18.619965255260468,-168.74128890037537,-39.20312181150075,-418.6760575771332
strength_lateral_HZ_2,N247,224.25,69.75,150.143,-26.830498456954956,2214.339659780264,15.450530171394348,134.77221703529358,-136.82441802325775,965.5725418329239
strength_lateral_HZ_2,N248,-32.0,69.75,116.0,-199.35151481628418,1.4115637391805649,-4.758534654974937,688.8031907975674,2515.0529445543652,1148.1516914367676
strength_lateral_HZ_2,N372,-32.0,69.75,117.5,169.85324430465698,-241.80546993017197,18.396862879395485,655.3510495573282,70.90342339046765,-3030.547387599945
strength_lateral_HZ_2,N373,-32.0,69.75,142.022,6.518311307269963e-12,-2.737952422908751,-9.557082760572564e-13,-7.933658403681735e-12,3.643949796900901e-14,7.329508294652535e-12
strength_lateral_HZ_2,N403,-32.0,69.75,193.643,-118.98369618109831,1149.8779027155824,-13.950235397681153,799.4847629043009,-282.89609571441946,2968.2673113309215
strength_lateral_HZ_2,N428,224.25,69.75,121.5,-58.3570111177396,-277.5073976954445,-2.152511887717992,-78.39172343537211,56.17692908975437,1025.5729532199912
strength_lateral_HZ_2,N429,224.25,69.75,144.689,8.179030350042448e-11,-3.8305158104578583,5.619630034364896e-11,2.0670190814099556e-10,-6.804929763637017e-15,-4.4698915539182236e-11
strength_lateral_HZ_2,N468,224.25,69.75,193.643,-6.725787955036024,726.8248751376232,-1.78635703544485,-157.10947675136785,-160.52796759245425,-1977.6539617969272
strength_lateral_HZ_2,N549,-32.0,69.75,120.0,-169.853243630901,237.47205011520467,-18.396862991807094,-609.3588917921309,-70.90342339028082,2605.9142765317906
strength_lateral_HZ_2,N550,-32.0,69.75,147.143,169.85324388742447,-249.1950899362564,18.396863043308258,110.01283937692642,70.90342339023482,2004.412315428257
strength_lateral_HZ_2,N557,224.25,69.75,147.143,-362.6332083940506,-821.4594864025712,-13.35366404056549,-143.8953197002411,358.52510520129,-2926.0448564291
strength_lateral_HZ_-2,N162,224.25,69.75,120.0,565.1096232398995,1056.1432442458463,19.11335999518633,-72.30101670278236,2401.5674971228505,-8873.53342591459
strength_lateral_HZ_-2,N233,-32.0,69.75,150.143,2.3207579851150513,1153.666250422597,-15.219360366463661,-136.15769742429256,-18.334935411112383,-196.31416273117065
strength_lateral_HZ_-2,N247,224.25,69.75,150.143,-119.13690394163132,1939.0774630382657,-19.473493695259094,-430.44713485240936,-44.840766611974686,2467.206118583679
strength_lateral_HZ_-2,N248,-32.0,69.75,116.0,-266.65637838840485,33.15408290922642,-7.116872549057007,589.2067704200745,2425.146851565223,1052.3870733380318
strength_lateral_HZ_-2,N372,-32.0,69.75,117.5,149.9708696603775,-201.1274657547474,15.354955434799194,560.4265621900558,56.97614345420152,-2694.659473180771
strength_lateral_HZ_-2,N373,-32.0,69.75,142.022,-1.1701094465363292e-12,-2.7379524228846948,1.18969127502935e-12,6.620139135556344e-12,-2.1756703238820603e-15,1.4023628853874184e-12
strength_lateral_HZ_-2,N403,-32.0,69.75,193.643,7.862236417080659,1004.6134208205622,-12.983813297572619,688.31514680585,-72.47860416320395,1585.402830805239
strength_lateral_HZ_-2,N428,224.25,69.75,121.5,-74.50754549354315,-203.3665674306103,3.641791043803096,168.91957154404372,55.01627666138711,1231.525446106214
strength_lateral_HZ_-2,N429,224.25,69.75,144.689,-6.840392487311776e-12,-3.8305158104534467,-3.3618489565597755e-11,-1.6856476103657874e-10,2.0526513329849482e-14,-1.2857841193080578e-11
strength_lateral_HZ_-2,N468,224.25,69.75,193.643,198.03072729846906,775.5903177454438,-5.9093592000637765,-8.233827439419501,-38.1155589951908,-3242.7733708193937
strength_lateral_HZ_-2,N549,-32.0,69.75,120.0,-149.97086919710378,196.79404590529947,-15.354955231881105,-522.0391743533169,-56.97614345328313,2319.7323004955983
strength_lateral_HZ_-2,N550,-32.0,69.75,147.143,149.9708691239357,-208.51708572357893,15.35495525598526,105.25962497293949,56.97614345350303,1750.9270014166832
strength_lateral_HZ_-2,N557,224.25,69.75,147.143,-462.99338778853416,-605.9849380366504,22.592792630195618,468.5892686843872,351.1177399230655,-4219.7824684381485
basic_Dfloor,N162,224.25,69.75,120.0,125.55476792267291,173.61811203276739,3.8690564172065933,-14.759660035342677,466.8437753471024,-1471.4061310231336
basic_Dfloor,N233,-32.0,69.75,150.143,5.305237341672182,224.91428209096193,-1.7151265535503626,-13.448710963129997,-0.01318155562330503,-115.9982436299324
basic_Dfloor,N247,224.25,69.75,150.143,-22.370504051446915,390.05619803164154,-0.4950435683131218,-9.808358505368233,-41.735893875185866,448.2360445782542
basic_Dfloor,N248,-32.0,69.75,116.0,-44.25470584630966,26.138248087838292,-2.15512053668499,66.83164684474468,442.1879994707415,237.09246844053268
basic_Dfloor,N372,-32.0,69.75,117.5,37.98655724525452,-27.680867424234748,1.7797452360391617,63.58622982352972,10.173032078659162,-678.7407459616661
basic_Dfloor,N373,-32.0,69.75,142.022,1.6006946435943056e-13,4.6816939983064114e-12,1.4453586002187911e-15,7.889294104973775e-13,-2.484197620814664e-15,-1.0009069247308014e-12
basic_Dfloor,N403,-32.0,69.75,193.643,-1.7692903143969667,232.59205409324318,-1.724028612369926,84.75727878000558,24.20014529377454,763.9445532200317
basic_Dfloor,N428,224.25,69.75,121.5,-14.208511158300098,-35.24556009967637,0.16126338939648122,8.272690833953675,14.391788821442447,236.77146710158559
basic_Dfloor,N429,224.25,69.75,144.689,6.329455429984814e-12,7.356513205830211e-12,-2.9524867159251423e-12,2.729064348215854e-12,1.1188880428068517e-14,-1.0287676047920292e-11
basic_Dfloor,N468,224.25,69.75,193.643,2.0488045619273914,152.81469631985863,-0.7211848356137567,4.027449818833157,-30.423625187236805,-639.991089493507
basic_Dfloor,N549,-32.0,69.75,120.0,-37.98655735720843,27.680867421149387,-1.7797452140881298,-59.13686680263458,-10.17303207855835,583.7743524247426
basic_Dfloor,N550,-32.0,69.75,147.143,37.98655738122761,-27.680867424234748,1.7797452174127102,10.829242542386055,10.173032078600954,447.2947743907571
basic_Dfloor,N557,224.25,69.75,147.143,-88.29235579818487,-102.43372129974887,1.000439140945673,25.667516201734543,91.84940659532731,-792.771860614419
basic_Droof,N162,224.25,69.75,120.0,-4.47384454649,6.097357951948652,1.939999968293705,-7.76537073867803,226.7354510352045,-334.01539956279885
basic_Droof,N233,-32.0,69.75,150.143,-1.109698161482811,17.96990785561502,-4.1695441752672195,-38.83571609854698,-0.6871596853161464,19.159924805164337
basic_Droof,N247,224.25,69.75,150.143,-8.831127673387527,-26.65945966914296,1.0786420926451683,-42.86700865626335,4.28446915911627,160.65775064378977
basic_Droof,N248,-32.0,69.75,116.0,-10.233624875545502,-23.34297189116478,1.8404338508844376,176.69649459421635,240.7392627238878,-182.54484064877033
basic_Droof,N372,-32.0,69.75,117.5,-2.8668573200702667,-18.38467738032341,4.310059189796448,167.63349571079016,-1.3887734895106405,46.656237468123436
basic_Droof,N373,-32.0,69.75,142.022,-5.972309356503229e-13,1.0037518823548644e-11,-3.336974389912346e-13,9.837980821177615e-13,1.142009290027453e-15,1.4924675023932698e-12
basic_Droof,N403,-32.0,69.75,193.643,11.22628166182222,11.81949306502179,-3.7923574280208094,192.97686515033493,-4.246126279432379,-73.09838259375972
basic_Droof,N428,224.25,69.75,121.5,-1.9120729943388142,8.42474630716606,-0.09878230457252357,3.04763545023161,3.290961974964489,23.863267456006724
basic_Droof,N429,224.25,69.75,144.689,2.1377081844349815e-12,3.5128323810662844e-12,-5.942087669064092e-12,-2.7390798035851207e-12,3.273975583972942e-15,-1.0246837274655848e-12
basic_Droof,N468,224.25,69.75,193.643,30.082655113541577,-0.409128790597743,-0.49562945453024815,-41.6396082906261,-25.55775983153195,-98.26347152008046
basic_Droof,N549,-32.0,69.75,120.0,2.8668574471518142,18.38467738442478,-4.31005914305054,-156.85834787625612,1.38877348957778,-39.48909378373021
basic_Droof,N550,-32.0,69.75,147.143,-2.866857461631298,-18.3846773840487,4.310059174895287,39.87041254341602,-1.3887734895688482,-38.32601788640022
basic_Droof,N557,224.25,69.75,147.143,-11.881711401045322,24.484732625074685,-0.6128215864300728,34.62137835472822,21.003150357370032,-156.3952606767416
basic_Dsteel,N162,224.25,69.75,120.0,86.67937900126708,85.15352322485705,2.5410011060303077,-10.900759247131646,337.89730550158947,-1619.035841310877
basic_Dsteel,N233,-32.0,69.75,150.143,-8.054387915879488,306.9764209035784,-5.065311647951603,-49.9103821516037,-23.616302144466317,93.7872316390276
basic_Dsteel,N247,224.25,69.75,150.143,14.688951313961297,413.7660775128752,-0.760654591023922,-42.44229306280613,55.6482766472036,-73.26057215407491
basic_Dsteel,N248,-32.0,69.75,116.0,-53.90747135877609,-36.6441648080945,0.4528769254684448,165.69808985292912,421.780524591275,499.02111664414406
basic_Dsteel,N372,-32.0,69.75,117.5,21.870253056287766,-88.21648460254073,4.658531963825226,157.95535542815924,21.671083896770142,-393.3140287697315
basic_Dsteel,N373,-32.0,69.75,142.022,-6.424153094557872e-14,-2.2816270190920105,-6.89507043747963e-13,-1.933707270244554e-12,2.606782260431109e-15,1.9975945669529412e-13
basic_Dsteel,N403,-32.0,69.75,193.643,-53.81727278806934,223.40696587027165,-2.360069635081214,186.78978371974185,-231.30212068347075,-299.11306901998745
basic_Dsteel,N428,224.25,69.75,121.5,-9.159251536810189,-42.96188751026057,0.1379071534902323,4.801929700188339,-3.2579735447182543,148.51183666261932
basic_Dsteel,N429,224.25,69.75,144.689,6.100055459406184e-13,-3.1920965087153266,-2.503054822129182e-12,2.6447822984285536e-12,1.2400763864332299e-14,-2.8020294792654825e-13
basic_Dsteel,N468,224.25,69.75,193.643,58.61581941216742,108.75364619463883,-0.45982383935491455,-46.5365453222864,34.9272766089121,-94.17974518685106
basic_Dsteel,N549,-32.0,69.75,120.0,-21.870253014105902,84.60530140936295,-4.6585320161649735,-146.30902532515034,-21.671083896767833,338.6383961341979
basic_Dsteel,N550,-32.0,69.75,147.143,21.87025300785899,-94.37450124137104,4.658532023429871,19.86249077320099,21.671083896741038,254.98588148131967
basic_Dsteel,N557,224.25,69.75,147.143,-56.91601931815967,-137.31231822352856,0.8555426970124245,7.851331561803818,-20.79261587970541,-536.6379538038746
basic_Dwall,N162,224.25,69.75,120.0,0.6739862654867466,-0.49021468971841387,0.6251532569767733,-2.636260754945397,67.6061149562187,-35.4607392275866
basic_Dwall,N233,-32.0,69.75,150.143,-0.3442354127764702,68.86879108380526,-1.3263001386076212,-9.818645272403955,-1.458565791723231,2.1880022026598454
basic_Dwall,N247,224.25,69.75,150.143,-2.4473178666085005,90.59767530299723,0.02008451521396637,-5.995831238105893,9.202985580697714,48.75676292553544
basic_Dwall,N248,-32.0,69.75,116.0,-4.796118468046188,-69.78300685249269,0.44987213239073753,47.390953540802,94.93434965361666,-89.71291337162256
basic_Dwall,N372,-32.0,69.75,117.5,-1.3432287275791168,-66.24087708629668,1.2958160415291786,44.95376916974783,2.2253537838114426,18.940162263810635
basic_Dwall,N373,-32.0,69.75,142.022,-4.608358276798151e-13,4.989463098236054e-12,-1.447364389017551e-13,-6.538125836149365e-13,-9.31343249198026e-16,7.413645913142642e-13
basic_Dwall,N403,-32.0,69.75,193.643,3.9681993010274654,64.02356902680701,-1.0425403274443727,62.42862485775203,-12.989682625905587,21.89416949805549
basic_Dwall,N428,224.25,69.75,121.5,-0.3895974022016162,-30.783775093659642,0.007290501849638531,0.11100280639584525,-0.39102923513479126,5.628247417575039
basic_Dwall,N429,224.25,69.75,144.689,-7.849398574401087e-13,3.2418881871878708e-12,9.54745367239544e-13,2.2369003836383684e-12,-2.547037282671685e-16,-8.107736246585128e-13
basic_Dwall,N468,224.25,69.75,193.643,7.09928880421432,33.27433083850619,-0.0746044462611386,-10.518843572999954,3.0488349965793193,-60.43694345698891
basic_Dwall,N549,-32.0,69.75,120.0,1.3432287642599072,66.24087708550881,-1.2958160335893374,-41.71422908361123,-2.22535378379114,-15.582090351655369
basic_Dwall,N550,-32.0,69.75,147.143,-1.3432287704199553,-66.240877087228,1.2958160396665335,6.541894484311342,2.2253537837968906,-20.877167988568544
basic_Dwall,N557,224.25,69.75,147.143,-2.420976562425494,-89.46649250527844,0.045228514820337296,-0.4711601585149765,-2.4955760297889356,-27.106908060610294
basic_HB0.25,N162,224.25,69.75,120.0,22.77922528187628,-10.738222083246,1.8197429601425483,-6.749818388552967,221.56382388449572,669.6369964121259
basic_HB0.25,N233,-32.0,69.75,150.143,3.2422746047377586,-11.53995875507826,0.11064722202718258,2.7606011033058167,4.298294353859092,-52.11959362030029
basic_HB0.25,N247,224.25,69.75,150.143,-1.063133716583252,-17.602729593287222,0.07094559306278825,5.665193764260039,-33.42419338349282,-21.82265791296959
basic_HB0.25,N248,-32.0,69.75,116.0,-5.205431520938873,-4.2470380468294024,-1.533504158258438,1.0653789937496185,174.21200615999987,-755.3376423716545
basic_HB0.25,N372,-32.0,69.75,117.5,5.889053165912628,7.065325183793902,-0.012201622128486633,0.9884391576051712,2.047116716799792,-108.20480954647064
basic_HB0.25,N373,-32.0,69.75,142.022,-3.655637488884462e-13,3.789437141294918e-13,-1.8130392379734486e-13,-9.158747553463158e-14,-3.762076319851055e-15,2.0230052465242496e-13
basic_HB0.25,N403,-32.0,69.75,193.643,6.983594370120938,16.60421257708127,-0.4109260959575496,6.6087885558166635,55.53048173166005,295.2047684834541
basic_HB0.25,N428,224.25,69.75,121.5,0.5129819582798518,3.465000964828505,0.028785163661723345,2.284882029561686,9.07252390045116,-3.986554419141612
basic_HB0.25,N429,224.25,69.75,144.689,4.7769230199954785e-12,5.620660047563299e-13,-1.0345344402786988e-13,3.47535080725198e-13,1.3492041298722518e-15,-7.482455818359605e-12
basic_HB0.25,N468,224.25,69.75,193.643,-36.3262580237901,6.923121694774461,-0.2520652483641828,10.077033920277449,-18.167966151999938,-62.242585905475394
basic_HB0.25,N549,-32.0,69.75,120.0,-5.889053167854821,-7.065325183997513,0.01220164804510806,-1.0189433329189572,-2.0471167167547923,93.48217658533132
basic_HB0.25,N550,-32.0,69.75,147.143,5.889053173363209,7.065325183910318,-0.012201657518744469,1.3501327596604824,2.047116716763412,66.36439310014248
basic_HB0.25,N557,224.25,69.75,147.143,3.187693990767002,10.070288062735926,0.1785762079525739,9.595626925118268,57.90148444485749,56.969400465488434
basic_HB0.5,N162,224.25,69.75,120.0,31.728618176741293,-19.80537373370862,3.0682938882182498,-11.432283881827061,363.7690057922421,1193.1835832775978
basic_HB0.5,N233,-32.0,69.75,150.143,4.027570232748985,-7.851236325863283,0.051854982040822506,2.1371565852314234,3.9047715677443193,-68.18777324259281
basic_HB0.5,N247,224.25,69.75,150.143,-3.671121120452881,-36.959980040672235,-0.01687975786626339,6.89970023650676,-56.158378220810846,-21.39346234500408
basic_HB0.5,N248,-32.0,69.75,116.0,-1.121970534324646,-4.409531847923063,-2.68195328861475,3.1124371588230133,325.70048085658345,-755.4639729261398
basic_HB0.5,N372,-32.0,69.75,117.5,8.480418980121613,5.805404414888471,0.07311633974313736,3.042819030582905,6.608741381438449,-153.44252574443817
basic_HB0.5,N373,-32.0,69.75,142.022,5.067889393693954e-13,4.1090690835149106e-13,3.689750451100432e-14,-3.2320491441591336e-14,-3.624498569937208e-15,-1.168877256991765e-12
basic_HB0.5,N403,-32.0,69.75,193.643,7.728989619293643,20.972530228247802,-0.46496416255138834,9.34563364970803,60.95927403874957,345.38991803725736
basic_HB0.5,N428,224.25,69.75,121.5,0.9142991868720856,6.591357879349744,0.07273804926626326,4.634191774933242,14.777893986382708,-7.788939582242165
basic_HB0.5,N429,224.25,69.75,144.689,1.0445192857091102e-11,1.075177890735987e-12,-6.358388404076485e-14,5.569674198110897e-13,-5.340825601829263e-15,-2.067204233969722e-12
basic_HB0.5,N468,224.25,69.75,193.643,-53.76830250751445,16.50045018950773,-0.553455330561414,16.12514315219535,-39.50164824213134,-150.42023533544472
basic_HB0.5,N549,-32.0,69.75,120.0,-8.480418995979738,-5.805404414851104,-0.07311633314336899,-2.860028212238878,-6.60874138137476,132.24147810972596
basic_HB0.5,N550,-32.0,69.75,147.143,8.480419017374516,5.805404414713848,0.07311633042991161,0.875431539490819,6.608741381394793,97.9425350651145
basic_HB0.5,N557,224.25,69.75,147.143,5.6814981028437614,19.15637924580369,0.45124930050224066,17.178021400235593,94.31355686346069,97.28981924802065
basic_HB0.75,N162,224.25,69.75,120.0,24.9887775387906,-19.09365009470639,2.7515629878453183,-10.232755312992595,321.43406758484514,1129.7814190369681
basic_HB0.75,N233,-32.0,69.75,150.143,2.8682726584374905,-0.7379256997373886,-0.043135159416124225,0.2807115730829537,1.490060542622814,-51.26400189846754
basic_HB0.75,N247,224.25,69.75,150.143,-4.058624010533094,-40.72312131454237,-0.408058263361454,0.032363662496209145,-50.54626341387484,-17.389820262789726
basic_HB0.75,N248,-32.0,69.75,116.0,3.909102201461792,-1.8745988247683272,-2.4615745320916176,3.979103472083807,312.32704753318103,-374.4007930755615
basic_HB0.75,N372,-32.0,69.75,117.5,6.949780583381653,2.015770330792293,0.13290172070264816,3.934762254357338,7.863670598191675,-123.91361871361732
basic_HB0.75,N373,-32.0,69.75,142.022,1.59060719521774e-13,3.9235742568768303e-13,2.62804834460682e-14,2.649038843337408e-14,-9.064679853519238e-17,4.873672336672831e-13
basic_HB0.75,N403,-32.0,69.75,193.643,3.809746342968853,14.95533840148195,-0.29838272173529334,7.436795088092883,35.73330954625738,228.93864099060445
basic_HB0.75,N428,224.25,69.75,121.5,0.9358780317998026,7.425793145543139,0.13176545798705774,6.836809405080203,13.113890785916169,-8.719611006134073
basic_HB0.75,N429,224.25,69.75,144.689,2.3172303328431905e-12,1.6378206699975953e-12,-1.0249445997775951e-12,6.885138395867528e-13,5.838794164773996e-16,-5.470620586504051e-12
basic_HB0.75,N468,224.25,69.75,193.643,-45.21852333978571,16.450906262623718,-0.622520570617302,15.798845790742659,-40.87318954605992,-157.6919296647436
basic_HB0.75,N549,-32.0,69.75,120.0,-6.949780611284884,-2.015770330988777,-0.13290171806820877,-3.602507964627984,-7.863670598152101,106.53916716033748
basic_HB0.75,N550,-32.0,69.75,147.143,6.9497806169092655,2.015770330792293,0.13290171651169658,-0.004843356553465128,7.863670598148019,82.09872782975435
basic_HB0.75,N557,224.25,69.75,147.143,5.8155900575220585,21.581487805815414,0.8174410965293646,21.45227329991758,83.69377162120509,94.94510333240032
basic_HT0.25,N162,224.25,69.75,120.0,91.57656503189992,53.90891099991859,1.6689498800551519,-6.986064121207164,201.09642417194925,-2213.5821464677415
basic_HT0.25,N233,-32.0,69.75,150.143,-1.163952112197876,510.7509032022208,-3.910244032740593,-32.47476179897785,-6.020787039433344,-7.719007141888142
basic_HT0.25,N247,224.25,69.75,150.143,-33.06183735001832,260.0814547170885,-0.18448910489678383,-10.855384573340416,11.940001848503016,775.217553075403
basic_HT0.25,N248,-32.0,69.75,116.0,-73.91699557751417,72.82280470058322,1.6425009742379189,144.72616311907768,202.8518298403069,1811.494513336569
basic_HT0.25,N372,-32.0,69.75,117.5,52.72339178994298,-80.4580514356494,3.7871182784438133,137.30275711417198,3.472807789570652,-961.4480341151357
basic_HT0.25,N373,-32.0,69.75,142.022,1.7407027069729972e-13,5.753453100554766e-13,7.17071609743337e-14,-6.866153713265659e-14,-2.0311297683817445e-15,-4.199974637673037e-13
basic_HT0.25,N403,-32.0,69.75,193.643,-1.4531791380276788,497.2181159081779,-2.7784692970548623,178.24677861652975,-72.84173347874732,933.712778243465
basic_HT0.25,N428,224.25,69.75,121.5,-15.706674275881596,-10.50250564237649,0.05772591747881961,0.6841857986983086,0.4945208847833271,225.4145612772113
basic_HT0.25,N429,224.25,69.75,144.689,5.0191637193423204e-14,2.580846027234405e-12,-3.2044519331922446e-13,2.1483030215055502e-12,-1.0216894304357718e-15,1.2026989353999512e-13
basic_HT0.25,N468,224.25,69.75,193.643,78.60469325976673,76.70166569017444,-0.6412101752408613,-24.211157379393583,-21.506248549072133,-438.20025859119784
basic_HT0.25,N549,-32.0,69.75,120.0,-52.72339157649694,80.45805142914853,-3.78711827646089,-127.83496139635207,-3.4728077895508886,829.6395552116909
basic_HT0.25,N550,-32.0,69.75,147.143,52.72339156270027,-80.4580514356494,3.787118285894394,25.04120998084545,3.472807789552462,601.4314623624086
basic_HT0.25,N557,224.25,69.75,147.143,-97.60201179329306,-30.52329805167392,0.3581176586449146,-4.9386875703930855,3.156067003190401,-1102.0717154657468
basic_HT0.5,N162,224.25,69.75,120.0,128.7443387293315,58.3655578323669,1.5040834827013896,-6.238032135464891,190.44760100571753,-3048.2326551250662
basic_HT0.5,N233,-32.0,69.75,150.143,2.632974822074175,341.6539099700749,-2.6607300899922848,-23.285412825644016,-5.7616150295525586,-78.03959971666336
basic_HT0.5,N247,224.25,69.75,150.143,-32.78205523453653,500.525201682467,-0.23569493927061558,-15.658694222569466,17.81263504625531,765.8584022969007
basic_HT0.5,N248,-32.0,69.75,116.0,-63.652652353048325,13.625632125884295,0.5380418635904789,96.11135107278824,201.9060805812187,1207.7383808344603
basic_HT0.5,N372,-32.0,69.75,117.5,43.6059795320034,-19.850369825959206,2.5657676085829735,91.3242735080421,5.841453737870324,-756.1381458193064
basic_HT0.5,N373,-32.0,69.75,142.022,-2.3422252753559547e-13,1.0117067719973617e-11,-5.913089574665931e-13,-1.6818671983779703e-12,5.81667692482189e-16,1.0621679184893623e-12
basic_HT0.5,N403,-32.0,69.75,193.643,-24.247361883178097,323.6079617684789,-1.8736663193332552,115.1874603792455,-55.688661222484015,714.2905427958211
basic_HT0.5,N428,224.25,69.75,121.5,-20.94968711276306,-8.363792606302013,0.056865732636651956,1.9537378894965514,0.3381151744578119,303.8896683379571
basic_HT0.5,N429,224.25,69.75,144.689,5.72728525662289e-13,2.138329871776204e-12,1.8872338627131444e-13,2.57499787173294e-12,3.739666482261988e-16,-4.203958426821538e-13
basic_HT0.5,N468,224.25,69.75,193.643,96.83080324722366,164.74348283845953,-0.24744853929317273,-20.050877808781152,9.534435794337082,-732.8594094310963
basic_HT0.5,N549,-32.0,69.75,120.0,-43.605979511823,19.850369825822067,-2.5657676026216873,-84.90985448629006,-5.84145373784705,647.1231969310189
basic_HT0.5,N550,-32.0,69.75,147.143,43.60597950965166,-19.850369829684496,2.565767616033554,15.267224445939064,5.8414537378503155,536.4739052280784
basic_HT0.5,N557,224.25,69.75,147.143,-130.1823398564011,-24.30758366268128,0.3527812771499157,3.074147943407297,2.15787477986305,-1449.8810663297772
basic_HT0.75,N162,224.25,69.75,120.0,167.29164185901755,190.76600798887375,1.2295488370291423,-4.958778865628119,160.95254154145354,-4434.25541310104
basic_HT0.75,N233,-32.0,69.75,150.143,4.388057004660368,178.2483777590096,-1.3387576919049025,-12.256388142704964,-3.2443290890269054,-115.52308379113674
basic_HT0.75,N247,224.25,69.75,150.143,-17.648657279089093,736.2909035705961,-0.18387440219521523,-17.815071366727352,14.915080286256853,460.43327789381146
basic_HT0.75,N248,-32.0,69.75,116.0,-52.7176194190979,17.247916216030717,-0.3255467936396599,47.480403278023005,172.27412078027555,858.8098216354847
basic_HT0.75,N372,-32.0,69.75,117.5,34.26174494624138,-19.6738857422024,1.3071674704551697,45.218957263976336,5.765948938933434,-598.0783442556858
basic_HT0.75,N373,-32.0,69.75,142.022,1.1113394284632447e-13,4.308615245302496e-12,1.5548918160752444e-13,3.333317997489544e-13,1.2731184647041536e-15,4.136841021156009e-13
basic_HT0.75,N403,-32.0,69.75,193.643,-12.99031654796363,145.19214595428875,-1.0756236772826644,54.98185301762042,-18.838402432819,403.77230051174155
basic_HT0.75,N428,224.25,69.75,121.5,-25.130543343548197,-37.969876622410084,0.04502586981834611,3.0948177282480174,1.0816286350686255,413.6231204826254
basic_HT0.75,N429,224.25,69.75,144.689,8.409657733260496e-13,2.9617044206772344e-12,-9.917587109187957e-13,3.1377818439632995e-13,4.901619553133693e-15,-2.7441919426719542e-12
basic_HT0.75,N468,224.25,69.75,193.643,58.7080696351142,250.24977863457596,0.06273080055565318,-12.976923700967722,27.33531621627894,-962.4207218534788
basic_HT0.75,N549,-32.0,69.75,120.0,-34.261744881711536,19.673885740710404,-1.3071674758357688,-41.95103855889178,-5.7659489389095855,512.4239819248904
basic_HT0.75,N550,-32.0,69.75,147.143,34.26174487173557,-19.673885743133724,1.3071674853563309,6.470591768622398,5.76594893889478,417.5425594225526
basic_HT0.75,N557,224.25,69.75,147.143,-156.16237687692046,-110.35136762587354,0.2793296277523041,12.0366525426507,6.903029881839757,-1434.1983291134238
basic_HX,N162,224.25,69.75,120.0,45.81618443643674,-24.89873436569178,1.6548397873430076,-6.697931950817292,261.8569631006761,1593.5247745942324
basic_HX,N233,-32.0,69.75,150.143,18.018656015396118,-48.0186772281304,1.751780241727829,-1.5528772473335266,-20.520901180745568,-284.35266518592834
basic_HX,N247,224.25,69.75,150.143,97.21443510055542,0.2003006055019796,-1.2427326473407447,-10.886999581940472,17.902811884414405,-1723.99838078022
basic_HX,N248,-32.0,69.75,116.0,77.23467350006104,23.843556959182024,-4.7244874238967896,-84.30910921096802,281.10873030870425,57.742852210998535
basic_HX,N372,-32.0,69.75,117.5,27.541528701782227,11.329570651054382,-2.0182384848594666,-78.74486696720123,24.085799727829,-464.79655933380127
basic_HX,N373,-32.0,69.75,142.022,1.8762446082679363e-12,-3.461860506228093e-12,-2.0288351623058784e-13,4.3834951340937095e-13,1.5830573098065033e-14,-1.513670538508935e-11
basic_HX,N403,-32.0,69.75,193.643,-200.16175671536672,119.24851803279124,3.2252037138203966,-143.87914446664954,-182.67198297449548,1701.7533031143823
basic_HX,N428,224.25,69.75,121.5,20.422314951661974,7.7562316071671376,0.17846278146498662,5.335561925108777,2.146456485777037,-274.61474330048077
basic_HX,N429,224.25,69.75,144.689,1.4172740800987378e-10,9.798414943187604e-13,-5.009242448507889e-13,1.934547678520117e-13,6.6708309780868894e-15,-9.828615203810886e-11
basic_HX,N468,224.25,69.75,193.643,-212.99125922628943,-112.00260315522394,0.0680318220474311,3.894903784387102,54.86461332609995,1257.81316315099
basic_HX,N549,-32.0,69.75,120.0,-27.541528757142597,-11.329570649537324,2.0182384233193487,73.69927075671625,-24.085799727824075,395.94273619542474
basic_HX,N550,-32.0,69.75,147.143,27.541529178619385,11.329570652917027,-2.0182384699583054,-18.918224841356277,24.08579972779262,351.61698520183563
basic_HX,N557,224.25,69.75,147.143,126.90522456169128,22.541836887714453,1.107140019070357,4.7101467894390225,13.69883597844455,1547.7617560625076
basic_HZ,N162,224.25,69.75,120.0,5.381191609310918,-5.417312795754697,0.41512925387360156,-2.7252110990229994,17.12953736583313,292.7561810690677
basic_HZ,N233,-32.0,69.75,150.143,3.518331468105316,2.9859793265350163,-0.8501512482762337,-8.145897909998894,-5.217046616890002,-55.59047392010689
basic_HZ,N247,224.25,69.75,150.143,23.07660150527954,68.81554951705039,8.73100608587265,141.30483853816986,-22.99591296998551,-375.40839606523514
basic_HZ,N248,-32.0,69.75,116.0,16.826215982437134,-7.93562982743606,0.5895845890045166,24.89910528063774,22.476523526129313,23.941154956817627
basic_HZ,N372,-32.0,69.75,117.5,4.970593690872192,-10.16950110765174,0.76047682762146,23.731121987104416,3.481820000568405,-83.97197890281677
basic_HZ,N373,-32.0,69.75,142.022,-5.490461257112689e-13,6.269610727947492e-13,-7.272845541348852e-14,-7.494614939348742e-13,2.4536448394324838e-14,-2.6066114971658078e-12
basic_HZ,N403,-32.0,69.75,193.643,-31.711483267744548,36.31612063715559,-0.2416055309056172,27.792404211524833,-52.604373025473336,345.7161216197169
basic_HZ,N428,224.25,69.75,121.5,4.037633614731021,-18.535207656423154,-1.4485757374204695,-61.82782397069968,0.2901631137626737,-51.488123485585675
basic_HZ,N429,224.25,69.75,144.689,2.8926068448180624e-11,4.079300025587201e-12,2.639287348230872e-11,9.155831241326622e-11,-1.469054551990082e-15,-2.953953439987119e-11
basic_HZ,N468,224.25,69.75,193.643,-51.189129116571515,-12.191360712323945,1.0307505421095797,-37.218912391808885,-30.603102272317635,316.2798538278017
basic_HZ,N549,-32.0,69.75,120.0,-4.970593664722663,10.169501107408868,-0.7604769582219846,-21.829929494967054,-3.481820000698193,71.54549437124572
basic_HZ,N550,-32.0,69.75,147.143,4.970593690872192,-10.169501108350232,0.7604769840836525,1.188303604722023,3.4818200006266125,63.37132886052132
basic_HZ,N557,224.25,69.75,147.143,25.09004497528076,-53.86863735271618,-8.986614227294922,-153.12114775180817,1.8518413621932268,323.4344047009945
basic_L125,N162,224.25,69.75,120.0,1307.8621658133343,1808.5220002700808,40.302671087381896,-153.74645892489934,4862.9559998538025,-15327.14719431568
basic_L125,N233,-32.0,69.75,150.143,55.26288902759552,2342.857105702162,-17.86590164899826,-140.09073927998543,-0.13730766368098557,-1208.3150379359722
basic_L125,N247,224.25,69.75,150.143,-233.02608358860016,4063.0853964053094,-5.156703919172287,-102.17040067911148,-434.7488949622493,4669.125458717346
basic_L125,N248,-32.0,69.75,116.0,-460.9865198135376,272.2734173834324,-22.449172258377075,696.1629891395569,4606.125001152512,2469.7132177352905
basic_L125,N372,-32.0,69.75,117.5,395.6933059692383,-288.3423693180084,18.539012789726257,662.3565617799759,105.96908418415114,-7070.216106414795
basic_L125,N373,-32.0,69.75,142.022,-1.4055022588383284e-12,2.476285807709288e-11,4.1013425945307903e-13,4.6633934984222136e-12,1.2845638036672067e-14,6.91156803559525e-12
basic_L125,N403,-32.0,69.75,193.643,-18.43010685594242,2422.8338970025534,-17.958631444586594,882.8883228032697,252.08484946505348,7957.755761295615
basic_L125,N428,224.25,69.75,121.5,-148.00532450387254,-367.1412510566879,1.6798269701539539,86.17386276368052,149.91446707661817,2466.3694481679704
basic_L125,N429,224.25,69.75,144.689,7.605354651644262e-11,-1.2175312823978375e-11,3.6655023377985036e-11,5.313034551154976e-11,2.2919674342912643e-13,-1.7605538509173392e-11
basic_L125,N468,224.25,69.75,193.643,21.341712383456898,1591.819752915588,-7.5123420338002305,41.95260217549706,-316.9127622485155,-6666.573844042318
basic_L125,N549,-32.0,69.75,120.0,-395.693306077377,288.342369295571,-18.53901265232337,-616.0090304483477,-105.96908418391696,6080.98283834735
basic_L125,N550,-32.0,69.75,147.143,395.69330608844757,-288.3423693329096,18.539012730121613,112.80461010336876,105.96908418426756,4659.32056748867
basic_L125,N557,224.25,69.75,147.143,-919.7120391726494,-1067.0179302580655,10.421241164207458,267.36996042728424,956.7646532254294,-8258.04021012783
basic_L30,N162,224.25,69.75,120.0,313.8869198031607,434.0452800951025,9.672641038137954,-36.89915006261435,1167.1094373645956,-3678.515328368696
basic_L30,N233,-32.0,69.75,150.143,13.263093367218971,562.2857051156461,-4.287816382944584,-33.62177738547325,-0.0329539229569491,-289.99560905247927
basic_L30,N247,224.25,69.75,150.143,-55.92626020312309,975.1404950888827,-1.2376089245080948,-24.52089625597,-104.33973464250448,1120.5901122689247
basic_L30,N248,-32.0,69.75,116.0,-110.63676476478577,65.34562025219202,-5.387801378965378,167.07911694049835,1105.4699976721313,592.7311700582504
basic_L30,N372,-32.0,69.75,117.5,94.96639347076416,-69.20216850936413,4.449363052845001,158.96557438373566,25.432580193155445,-1696.8518649339676
basic_L30,N373,-32.0,69.75,142.022,-1.3580045213702388e-13,1.348480521064691e-11,3.930500760978921e-14,-8.770344639243233e-13,-2.287066493329942e-14,6.86668574890386e-13
basic_L30,N403,-32.0,69.75,193.643,-4.423225896449757,581.4801352001151,-4.310071523670422,211.89319662470535,60.50036280647293,1909.8613833546924
basic_L30,N428,224.25,69.75,121.5,-35.52127790701343,-88.11390025325818,0.4031584736367222,20.681727083428996,35.979472026857366,591.9286679063807
basic_L30,N429,224.25,69.75,144.689,1.4074747016001276e-11,5.092218979906458e-12,4.957165514158253e-14,2.2209063793204084e-12,-2.365173751883739e-14,-7.985087318726439e-13
basic_L30,N468,224.25,69.75,193.643,5.122011725806733,382.03674085009163,-1.802962090003555,10.068624561498343,-76.05906301641119,-1599.977724346199
basic_L30,N549,-32.0,69.75,120.0,-94.96639342147601,69.20216850906998,-4.449363017789219,-147.84216683991184,-25.432580192975713,1459.4358808932145
basic_L30,N550,-32.0,69.75,147.143,94.96639344096184,-69.20216851308942,4.449363045394421,27.073106341063976,25.432580192980822,1118.2369358465075
basic_L30,N557,224.25,69.75,147.143,-220.73088954389095,-256.0843032617122,2.501097857952118,64.16879050433636,229.62351631763158,-1981.9296523332596
basic_L40,N162,224.25,69.75,120.0,418.5158930948237,578.727040082158,12.896854756807443,-49.198866891354555,1556.1459202667363,-4904.687101978285
basic_L40,N233,-32.0,69.75,150.143,17.68412447720766,749.714273866266,-5.717088520526886,-44.82903656363487,-0.043938436021562666,-386.66081215441227
basic_L40,N247,224.25,69.75,150.143,-74.56834670901299,1300.1873268298805,-1.6501452252268791,-32.69452826678753,-139.11964637844358,1494.1201466917992
basic_L40,N248,-32.0,69.75,116.0,-147.51568603515625,87.12749353796244,-7.183735132217407,222.77215668559074,1473.9600006833207,790.3082299232483
basic_L40,N372,-32.0,69.75,117.5,126.6218581199646,-92.26955819129944,5.9324840903282166,211.95409986376762,33.91010693623684,-2262.469153881073
basic_L40,N373,-32.0,69.75,142.022,-2.880842430914915e-14,3.1287087747063137e-12,9.948303113851805e-13,1.3367185051198565e-13,-1.1418422771147207e-15,8.115927010628335e-13
basic_L40,N403,-32.0,69.75,193.643,-5.897634111209978,775.3068470472513,-5.7467620650730655,282.5242634281494,80.66715203080453,2546.4818434123817
basic_L40,N428,224.25,69.75,121.5,-47.361703838570975,-117.48520033396198,0.5375446307007223,27.575636092355126,47.97262947060494,789.2382233769167
basic_L40,N429,224.25,69.75,144.689,1.5469002635962335e-11,2.39662445560508e-12,-3.445423747032126e-12,1.3750002479016787e-11,2.5952801100345505e-14,6.46589297117912e-12
basic_L40,N468,224.25,69.75,193.643,6.829347835481304,509.38232092824114,-2.403949452226031,13.424832688269262,-101.41208386195072,-2133.3036300392546
basic_L40,N549,-32.0,69.75,120.0,-126.62185794713704,92.26955819603776,-5.932484043199786,-197.12288981556802,-33.910106936188875,1945.914508412395
basic_L40,N550,-32.0,69.75,147.143,126.62185797095299,-92.2695582062006,5.932484067976475,36.09747523069382,33.91010693629505,1490.9825816005468
basic_L40,N557,224.25,69.75,147.143,-294.30785255134106,-341.4457376729697,3.3347971439361572,85.55838732421398,306.1646890710108,-2642.5728670060635
basic_L75patch,N162,224.25,69.75,120.0,477.2253649934428,935.8075614074478,14.566417040565284,-55.3520825819287,1758.26725859206,-5944.359583690297
basic_L75patch,N233,-32.0,69.75,150.143,20.354324221611023,769.7026140093803,-5.837835796177387,-45.954175129532814,0.3951254884013906,-443.0316971540451
basic_L75patch,N247,224.25,69.75,150.143,-80.01309004426003,1612.180619141087,-2.3930668085813522,-45.4662983417511,-162.75188683060696,1611.5127237737179
basic_L75patch,N248,-32.0,69.75,116.0,-156.03463196754456,89.2673875913024,-8.689676523208618,228.1314781010151,1675.0761483500246,720.4978477954865
basic_L75patch,N372,-32.0,69.75,117.5,137.1079821586609,-93.54507315158844,6.113599717617035,217.182183355093,39.601010873913765,-2446.614078760147
basic_L75patch,N373,-32.0,69.75,142.022,8.680712380382844e-13,3.285048099646205e-11,6.568539369122854e-13,1.1715715530586228e-12,-1.9881628835503067e-14,-2.50570402015821e-13
basic_L75patch,N403,-32.0,69.75,193.643,-4.451540665864974,794.9739105431189,-6.08411183454344,288.17997444553635,104.97054500088237,2723.4888107262573
basic_L75patch,N428,224.25,69.75,121.5,-53.146688952925615,-198.9924129206338,0.6976897695567459,35.84444637710112,55.55701663117998,921.6990758167813
basic_L75patch,N429,224.25,69.75,144.689,3.560109336247696e-11,-2.3347512702961246e-12,2.803508130442843e-12,2.0290875114518163e-12,3.5098142742022046e-14,-2.07924836682281e-11
basic_L75patch,N468,224.25,69.75,193.643,-10.785697919855524,621.1941759734934,-2.7013141738589415,23.13973240563137,-110.56518335628745,-2379.281812853963
basic_L75patch,N549,-32.0,69.75,120.0,-137.10798163686516,93.54507314078268,-6.113599685964081,-201.89818417104297,-39.60101087366388,2103.8441242645017
basic_L75patch,N550,-32.0,69.75,147.143,137.1079816520214,-93.54507314786315,6.113599702715874,35.95674802362919,39.60101087373914,1617.6778209507465
basic_L75patch,N557,224.25,69.75,147.143,-330.256021797657,-578.329108921811,4.328298926353455,111.37972417473793,354.5687803713954,-2741.2738116681576
basic_P200,N162,224.25,69.75,120.0,10.19396524086551,-0.18948247132675533,0.3789725849937895,-1.4420758237588416,45.46319686677881,-41.27269697419615
basic_P200,N233,-32.0,69.75,150.143,0.5555154397152364,14.946265269943979,-0.11759131634607911,-0.8957223906181753,0.05984380538939149,-11.41925483662635
basic_P200,N247,224.25,69.75,150.143,-1.904339985921979,24.82006850760081,-0.020617380971089005,-0.27528311568312347,-4.650748125000973,33.37419825326651
basic_P200,N248,-32.0,69.75,116.0,-3.0239263772964478,0.6936748914886266,-0.2521818447858095,4.663956496864557,43.02772476786049,-7.41346774995327
basic_P200,N372,-32.0,69.75,117.5,2.917220890522003,-0.8515043016523123,0.12515541724860668,4.443986652418971,1.018538943186286,-51.46061507612467
basic_P200,N373,-32.0,69.75,142.022,-9.765004698990345e-15,1.0719928238768876e-13,-1.7432349886181749e-15,-3.9327781279662585e-15,-3.131869065129128e-17,7.847573797917244e-14
basic_P200,N403,-32.0,69.75,193.643,-0.5872361620691037,16.26982800293295,-0.1286091495630943,6.052919934738991,3.059388016363529,64.32745127731854
basic_P200,N428,224.25,69.75,121.5,-1.043082632972073,0.5873897254659823,0.011241258145673783,0.6223007623339072,1.482847437982322,15.478031588514568
basic_P200,N429,224.25,69.75,144.689,1.002922916984899e-12,2.1264953763695407e-13,-1.725733322395192e-13,-5.283880762383721e-14,4.729404812790536e-17,5.465978200577102e-13
basic_P200,N468,224.25,69.75,193.643,-0.6263519296870016,11.430953826819518,-0.06610761681192347,0.6575578668615905,-3.2850360981945874,-58.70951183105692
basic_P200,N549,-32.0,69.75,120.0,-2.917220895839508,0.8515043013655023,-0.12515541898235275,-4.131098105158164,-1.0185389431683916,44.16756281242363
basic_P200,N550,-32.0,69.75,147.143,2.9172208975069225,-0.8515043014776893,0.1251554189948365,0.7340045762248337,1.018538943171734,35.01456397399306
basic_P200,N557,224.25,69.75,147.143,-6.481764481402934,1.7071232592861634,0.06973805231973529,2.072310852119699,9.463636448526813,-70.03067120723426
basic_R20,N162,224.25,69.75,120.0,-8.810645962745184,12.264505827741232,3.9705046810850035,-15.846124497649726,464.86878124783465,-665.598207199946
basic_R20,N233,-32.0,69.75,150.143,-2.253021940588951,39.65369348973036,-8.688868388533592,-80.56678313016891,-1.530983596254373,38.51958025991917
basic_R20,N247,224.25,69.75,150.143,-17.6402355581522,-61.54830392636359,1.7663821578025818,-89.74686107039452,8.606635919044493,320.0865073055029
basic_R20,N248,-32.0,69.75,116.0,-20.49725878238678,-50.05632798373699,3.916199028491974,366.85843144357204,493.10174135147827,-364.00199949741364
basic_R20,N372,-32.0,69.75,117.5,-5.755774259567261,-40.08993527293205,8.975508153438568,348.03511238098145,-2.736181902990211,93.4861906170845
basic_R20,N373,-32.0,69.75,142.022,2.016745749956152e-13,3.738158174444692e-11,3.767389292745479e-12,6.1305921596972565e-12,-1.0069797921245443e-14,1.8197869347956632e-13
basic_R20,N403,-32.0,69.75,193.643,22.4603046214856,26.652633040994598,-7.9263000168684865,401.46504665482155,-7.561458530898561,-147.71147588490555
basic_R20,N428,224.25,69.75,121.5,-3.822658320335904,19.61704402731266,-0.1321008782251738,8.501088709570467,6.850816828349821,47.65631711794413
basic_R20,N429,224.25,69.75,144.689,-1.4159784722320882e-11,-7.09148382728111e-12,1.1943538231162705e-13,1.685535084757762e-11,-9.713692125810057e-15,1.1917793680865699e-11
basic_R20,N468,224.25,69.75,193.643,60.07346820921693,-3.5060736205625296,-1.061802428872246,-81.33225449423684,-51.1847392998973,-194.15389391703528
basic_R20,N549,-32.0,69.75,120.0,5.755774567842152,40.08993526335826,-8.975508059710373,-325.59634221927007,2.7361819030355035,-79.09675404217299
basic_R20,N550,-32.0,69.75,147.143,-5.755774587392807,-40.08993528038263,8.975508123636246,81.97412684559822,-2.7361819030193146,-77.13223521411419
basic_R20,N557,224.25,69.75,147.143,-23.754178404808044,57.0127645842731,-0.819521963596344,73.75370419025421,43.72239394173084,-312.98980279266834
basic_U20,N162,224.25,69.75,120.0,8.810645962745184,-12.264505827741232,-3.9705046810850035,15.846124497649726,-464.86878124783465,665.598207199946
basic_U20,N233,-32.0,69.75,150.143,2.253021940588951,-39.65369348973036,8.688868388533592,80.56678313016891,1.530983596254373,-38.51958025991917
basic_U20,N247,224.25,69.75,150.143,17.6402355581522,61.54830392636359,-1.7663821578025818,89.74686107039452,-8.606635919044493,-320.0865073055029
basic_U20,N248,-32.0,69.75,116.0,20.49725878238678,50.05632798373699,-3.916199028491974,-366.85843144357204,-493.10174135147827,364.00199949741364
basic_U20,N372,-32.0,69.75,117.5,5.755774259567261,40.08993527293205,-8.975508153438568,-348.03511238098145,2.736181902990211,-93.4861906170845
basic_U20,N373,-32.0,69.75,142.022,-2.016745749956152e-13,-3.738158174444692e-11,-3.767389292745479e-12,-6.1305921596972565e-12,1.0069797921245443e-14,-1.8197869347956632e-13
basic_U20,N403,-32.0,69.75,193.643,-22.4603046214856,-26.652633040994598,7.9263000168684865,-401.46504665482155,7.561458530898561,147.71147588490555
basic_U20,N428,224.25,69.75,121.5,3.822658320335904,-19.61704402731266,0.1321008782251738,-8.501088709570467,-6.850816828349821,-47.65631711794413
basic_U20,N429,224.25,69.75,144.689,1.4159784722320882e-11,7.09148382728111e-12,-1.1943538231162705e-13,-1.685535084757762e-11,9.713692125810057e-15,-1.1917793680865699e-11
basic_U20,N468,224.25,69.75,193.643,-60.07346820921693,3.5060736205625296,1.061802428872246,81.33225449423684,51.1847392998973,194.15389391703528
basic_U20,N549,-32.0,69.75,120.0,-5.755774567842152,-40.08993526335826,8.975508059710373,325.59634221927007,-2.7361819030355035,79.09675404217299
basic_U20,N550,-32.0,69.75,147.143,5.755774587392807,40.08993528038263,-8.975508123636246,-81.97412684559822,2.7361819030193146,77.13223521411419
basic_U20,N557,224.25,69.75,147.143,23.754178404808044,-57.0127645842731,0.819521963596344,-73.75370419025421,-43.72239394173084,312.98980279266834
