case,point,solver_node,kind,adjacent_members,x_east_in,y_north_in,z_up_in,FX_lb,FY_lb,FZ_lb,MX_lb_in,MY_lb_in,MZ_lb_in
service40,TN-P001,N148,interface_action,BR-N-upper-1; T-W / B-WO; W4,-32.0,249.0,115.0,-111.19601163665695,276.83770132691444,59.44349855302369,429.343232674719,-2696.782546655847,-2500.7786281433528
service40,TN-P002,N628,interface_action,BR-N-upper-2; T-W top / segment 2; W4,-32.0,249.0,226.093,106.7884338586715,48.56820109954343,-15.379192840602883,275.47714315300624,262.0350662878162,1256.033370468425
service40,TN-P003,N189,interior_applied_load,,-31.0,249.0,115.0,-1.1645084896372282e-09,-7.501450308336132,-2.042339986019215e-08,3.906370693584904e-08,-5.024247684559668e-10,1.3607177606900223e-08
service40,TN-P004,N488,interior_applied_load,,-31.0,249.0,117.5,2.4126768737051794e-08,-3.7252154039114758,2.057426076881844e-08,-1.33937743655682e-08,2.343321624706209e-11,-9.274997239289495e-09
service40,TN-P005,N489,interior_applied_load,,-31.0,249.0,144.148,3.632563947984894e-14,-7.4504308070861285,-1.1843710875489401e-14,1.1017277822316196e-12,6.127450516681863e-14,7.711141459924609e-13
service40,TN-P006,N490,interior_applied_load,,-31.0,249.0,170.797,4.8837041387639035e-14,-7.450430807086128,-1.0745815145813201e-13,-5.701619835848635e-13,-4.5706254543835035e-14,-4.711824334443094e-13
service40,TN-P007,N491,interior_applied_load,,-31.0,249.0,197.445,3.515393097043128e-14,-7.450430807085888,-9.543025825955751e-14,-2.4696829691082822e-12,1.0352841784660358e-14,-1.3229558098401107e-12
service40,TN-P008,N492,interior_applied_load,,-31.0,249.0,224.093,-5.960464477539063e-08,-3.72521540382877,2.384185791015625e-07,0.0,2.3283064365386963e-10,0.0
service40,TN-P009,N686,interior_applied_load,,-31.0,249.0,226.324,0.0,-3.1277812607586384,2.384185791015625e-07,-7.152557373046875e-07,1.909211277961731e-08,0.0
service40,TN-P010,N513,interior_applied_load,,-23.25,249.0,143.58,2.8421709430404007e-13,-8.2790074078344,2.1316282072803006e-14,-1.2732925824820995e-11,1.5347723092418164e-12,-1.0231815394945443e-12
service40,TN-P011,N190,interior_applied_load,,-21.323,249.0,115.0,3.998726814954434e-12,-74.68745577538625,6.904816345389093e-13,-1.8039690803618622e-13,-6.1295037940137136e-12,-1.6589377997963174e-12
service40,TN-P012,N687,interior_applied_load,,-18.0,249.0,229.319,1.0093347235205705e-12,-6.823118306105394,9.201362405600188e-12,1.4911379302925507e-11,2.1134672193088432e-11,1.83829075426981e-13
service40,TN-P013,N514,interior_applied_load,,-15.5,249.0,172.16,-6.40696188883343e-14,-8.27900740783602,6.717550268169333e-13,1.241416661480877e-12,4.3389306074940454e-13,-2.475224825293067e-13
service40,TN-P014,N515,interior_applied_load,,-7.75,249.0,200.739,2.473279804595545e-13,-8.279007407835314,4.615046221318686e-14,9.800659451597928e-12,-2.6165980815080314e-12,-1.7645539906514247e-12
service40,TN-P015,N191,interior_applied_load,,-3.85,249.0,115.0,3.1678549982651435e-12,-6.714053410418679,4.937766419190939e-14,4.76346080618695e-13,-7.317446780860129e-13,2.0895118369094606e-11
service40,TN-P016,N192,interior_applied_load,,0.0,249.0,115.0,-3.418311855796219e-08,-1.2220984398931165,-2.948395294577466e-07,1.1008743916463004e-09,8.261534980946239e-09,-1.359701125025481e-07
service40,TN-P017,N493,interior_applied_load,,0.0,249.0,117.5,2.3781158129473615e-08,-3.837952384485718,-1.3915831972300863e-09,-1.6665852576259835e-10,-5.865710047804877e-11,2.0537023526007984e-08
service40,TN-P018,N494,interior_applied_load,,0.0,249.0,144.955,-4.96760576930633e-15,-7.67590477156973,-3.7954448223844854e-14,-2.1231668802972997e-13,-4.648880608822241e-15,-3.602047084431225e-13
service40,TN-P019,N495,interior_applied_load,,0.0,249.0,172.41,-1.988764066677486e-14,-7.675904771568745,1.7032331354208516e-14,-1.1831318933812036e-12,-2.592222843163738e-16,7.016732876869394e-13
service40,TN-P020,N496,interior_applied_load,,0.0,249.0,199.864,-3.2351668008130125e-14,-7.675904771569212,-9.718765517600491e-14,1.2484511840609234e-12,8.966244780006613e-15,-1.2254683416581576e-13
service40,TN-P021,N497,interior_applied_load,,0.0,249.0,227.319,2.9802322387695312e-08,-3.837952386587858,-2.384185791015625e-07,0.0,0.0,-5.960464477539063e-08
service40,TN-P022,N516,interior_applied_load,,-0.0,249.0,229.319,-5.960464477539063e-08,-10.271621760446578,4.76837158203125e-07,-2.384185791015625e-07,0.0,-2.9802322387695312e-08
service40,TN-P023,N193,interior_applied_load,,0.031,249.0,115.0,-6.480734291545245e-10,-66.45351290821016,3.4855567897579735e-07,-1.956981510920018e-13,-7.823033092623057e-09,4.324784985720636e-07
service40,TN-P024,N194,interior_applied_load,,1.0,249.0,115.0,-9.00399754755199e-11,-6.3987550487854605,7.695177828281885e-12,2.7966962079517543e-11,-4.1524117477820255e-11,1.680291461525485e-10
service40,TN-P025,N195,interior_applied_load,,9.344,249.0,115.0,-2.81074354975323e-12,-222.0659241257511,8.548641187250596e-13,-3.0425969092716223e-13,2.248706698104147e-11,-2.175749763173459e-11
service40,TN-P026,N688,interior_applied_load,,10.167,249.0,229.319,4.035034041143402e-12,-8.345486119927873,1.8256139630352264e-12,-2.143487438159755e-13,7.713503941064908e-12,-1.4229098483641206e-12
service40,TN-P027,N517,interior_applied_load,,10.6,249.0,137.864,6.821210263296962e-13,-6.93296324824405,-1.4210854715202004e-14,2.8421709430404007e-13,-5.684341886080802e-14,2.2737367544323206e-13
service40,TN-P028,N518,interior_applied_load,,20.2,249.0,160.728,7.720796713772652e-14,-6.932963248240416,-4.700390752898649e-14,-3.618267403377246e-13,3.80199356640256e-14,-3.631702137524317e-12
service40,TN-P029,N196,interior_applied_load,,21.385,249.0,115.0,1.1831289226701326e-11,-70.84794878933886,-3.051826380931413e-11,-8.536049955505654e-14,-4.152885785734351e-12,-4.032642614074388e-11
service40,TN-P030,N197,interior_applied_load,,24.3,249.0,115.0,-7.54358531046618e-12,-2.0926068446069794,-3.262275068722612e-11,1.602475302696974e-14,3.5228832628647005e-11,1.1401683007333272e-10
service40,TN-P031,N198,interior_applied_load,,28.031,249.0,115.0,8.59855145993957e-12,-221.4532299601074,-9.31699583370112e-12,-5.407330783908399e-13,1.312480800612144e-11,5.6778913799601735e-11
service40,TN-P032,N519,interior_applied_load,,29.8,249.0,183.592,3.157134687761401e-13,-6.932963248240429,-4.993640098841735e-15,-3.022621228731312e-13,1.8409904314094844e-13,1.1416000165809453e-12
service40,TN-P033,N689,interior_applied_load,,38.333,249.0,229.319,1.828425027502864e-12,-8.454340290949132,3.1850020530567585e-12,-1.9594675330431314e-13,-8.729271208659973e-12,-2.2345406760314589e-13
service40,TN-P034,N520,interior_applied_load,,39.4,249.0,206.455,-2.459942176206181e-13,-6.932963248242265,1.6066158264217127e-13,1.4174795962014805e-12,1.7639432658480065e-13,-3.1652897888295223e-13
service40,TN-P035,N199,interior_applied_load,,42.74,249.0,115.0,1.33397005299513e-11,-72.02282608459,-4.6199945644493034e-12,5.165008592929325e-13,-5.614047153659966e-12,-4.592152325997902e-12
service40,TN-P036,N200,interior_applied_load,,46.719,249.0,115.0,-2.5844324933132536e-11,-218.01190855020462,-6.012323794986682e-13,2.2532433208467973e-13,-7.944548769303466e-12,-3.567038534584669e-11
service40,TN-P037,N521,interior_applied_load,,49.0,249.0,229.319,5.08759701034478e-12,-6.060839250083848,-1.2028536222619124e-09,-1.7219438575910616e-11,1.3496580936189773e-10,-1.6217934460660555e-10
service40,TN-P038,N201,interface_action,BR-N-upper-2,50.25,249.0,115.0,-99.46611009530996,94.93365314362144,-2.1687537197355216,-164.99400211817667,-169.44741033045182,459.1172918326111
service40,TN-P039,N690,interface_action,BR-N-upper-1,50.25,249.0,229.319,381.19465509495683,467.52305237506914,9.131283594578884,-418.6108245254883,138.57017735226307,1092.300373969119
service40,TN-P040,N202,interior_applied_load,,52.45,249.0,115.0,-6.04629277025226e-10,-0.9446249466100581,4.2880606180423386e-10,-4.4477615227993554e-10,-1.3796514980437758e-11,2.3027913109036235e-11
service40,TN-P041,N203,interface_action,N1 / U-W,53.25,249.0,115.0,-681.0920902115147,1437.4889297647258,-43.2366770339567,429.88245291543564,-2070.113512317621,19024.619486615604
service40,TN-P042,N691,interface_action,N1 / U-W,53.25,249.0,229.319,-433.83782520586095,-348.52755905772693,13.093280617939513,490.9385798890965,-246.53491157878753,-2027.5764389443298
service40,TN-P043,N481,interface_action,N1 / U-W,56.25,249.0,207.0,672.7737583689791,313.4108735396144,-7.489343132933469,-37.37196328329877,-54.17560809289506,650.9622349583584
service40,TN-P044,N482,interior_applied_load,,57.25,249.0,207.0,-7.450580596923828e-09,-5.595100788865238,0.0,0.0,2.6193447411060333e-10,-1.4901161193847656e-08
service40,TN-P045,N531,interior_applied_load,,57.25,249.0,209.5,7.450580596923828e-09,-2.490976210217923,-1.1920928955078125e-07,0.0,0.0,1.4901161193847656e-08
service40,TN-P046,N532,interior_applied_load,,57.25,249.0,227.319,2.2817864160640244e-08,-2.490976209894924,-2.1826706053662548e-08,-2.133503040901985e-09,2.159080718504959e-12,-4.3617247966198924e-08
service40,TN-P047,N692,interior_applied_load,,57.25,249.0,229.319,-1.963005588629509e-08,-2.884635403718505,-1.8987666756144778e-07,-2.0654295417286226e-07,-2.6122121456805125e-11,-3.4254998475795146e-08
service40,TN-P048,N204,interior_applied_load,,64.094,249.0,115.0,5.816727833794332e-12,-69.96629879043448,1.6351176978638452e-10,1.2688394382112317e-12,1.948877684074062e-10,-1.7327619075919984e-09
service40,TN-P049,N205,interior_applied_load,,65.406,249.0,115.0,5.663848784858259e-11,-220.84447155763306,9.128122846599706e-11,7.039307676912283e-13,-2.5308351360846778e-11,4.688086505539791e-10
service40,TN-P050,N693,interior_applied_load,,66.5,249.0,229.319,-6.0339103018563575e-12,-5.007291664598172,5.084987904330228e-12,1.8316882671326144e-13,1.8570092629897712e-11,-2.862011276902411e-12
service40,TN-P051,N541,interior_applied_load,,68.75,249.0,218.16,4.547473508864641e-13,-4.4802015777663655,0.0,3.637978807091713e-12,-5.4569682106375694e-12,6.821210263296962e-13
service40,TN-P052,N483,interior_applied_load,,80.25,249.0,207.0,-1.4901161193847656e-08,-6.570208326913416,1.1920928955078125e-07,1.1920928955078125e-07,5.820766091346741e-11,7.450580596923828e-09
service40,TN-P053,N533,interior_applied_load,,80.25,249.0,209.5,0.0,-2.490976210683584,1.1920928955078125e-07,-1.1920928955078125e-07,-5.820766091346741e-11,0.0
service40,TN-P054,N534,interior_applied_load,,80.25,249.0,227.319,-4.895236552920901e-08,-2.4909762107061892,-5.667931071706711e-08,2.9889899944013365e-08,-5.777982687812493e-11,2.4563448039471858e-08
service40,TN-P055,N542,interior_applied_load,,80.25,249.0,229.319,7.618370665359061e-08,-10.66299745431441,2.2233250361386355e-07,1.0601945342953952e-07,9.778949113544144e-12,5.026174924059265e-08
service40,TN-P056,N206,interior_applied_load,,80.6,249.0,115.0,1.1943395398078991e-11,-5.884226547066334,2.357005525347203e-13,-5.023017152146047e-13,-5.078219952822597e-13,-8.202499349588922e-11
service40,TN-P057,N207,interior_applied_load,,84.094,249.0,115.0,-3.084301093322849e-11,-217.17355389162918,8.113396715195873e-12,2.382256801763111e-12,5.825966878466927e-12,4.279180763219414e-09
service40,TN-P058,N208,interior_applied_load,,85.448,249.0,115.0,1.835159033136239e-11,-72.02282608864378,1.9961412078555347e-12,-9.982102392426478e-13,-6.3421680551446445e-12,-3.3050043700861015e-09
service40,TN-P059,N543,interior_applied_load,,92.25,249.0,218.16,5.4569682106375694e-12,-4.581557218969465,1.8189894035458565e-12,-2.000888343900442e-11,-8.185452315956354e-12,-6.821210263296962e-13
service40,TN-P060,N694,interior_applied_load,,94.667,249.0,229.319,4.791242466369486e-12,-5.225000043433772,7.99878595689403e-12,5.840166270701644e-11,9.697790938727137e-11,-3.0540336800190975e-11
service40,TN-P061,N209,interior_applied_load,,102.781,249.0,115.0,8.729789005485583e-12,-222.37095933204705,-5.661093045758662e-12,1.4727592890885756e-13,5.7698516984481905e-12,-5.795692064135188e-10
service40,TN-P062,N484,interior_applied_load,,104.25,249.0,207.0,3.725290298461914e-09,-11.291557222604752,-1.1920928955078125e-07,-4.76837158203125e-07,5.820766091346741e-10,2.2351741790771484e-08
service40,TN-P063,N535,interior_applied_load,,104.25,249.0,209.5,3.725290298461914e-09,-2.490976206958294,4.76837158203125e-07,0.0,-1.3154931366443634e-08,3.725290298461914e-08
service40,TN-P064,N536,interior_applied_load,,104.25,249.0,227.319,-1.8856933334254755e-08,-2.4909762095392636,9.214458397688308e-08,-1.8133502846517935e-07,5.53929463614259e-11,-4.502958311780603e-09
service40,TN-P065,N695,interior_applied_load,,104.25,249.0,229.319,1.729727885888033e-08,-6.13211805609809,-1.508961583304416e-07,-1.0594121539526429e-09,-3.2792200134567417e-11,8.578097277530433e-09
service40,TN-P066,N210,interior_applied_load,,106.802,249.0,115.0,1.7583664504579425e-11,-68.0180097166383,3.486229342518197e-11,5.107972550474979e-13,-1.5529545994995137e-11,-6.022807254101306e-09
service40,TN-P067,N211,interior_applied_load,,108.75,249.0,115.0,1.230141432987065e-11,-4.618166638459894,4.221412541124527e-11,1.7798416173922749e-13,4.263792051939459e-11,6.655871422306257e-09
service40,TN-P068,N544,interior_applied_load,,116.25,249.0,218.16,9.094947017729282e-13,-4.581557218965827,-1.3642420526593924e-12,-2.546585164964199e-11,3.54702933691442e-11,4.547473508864641e-12
service40,TN-P069,N212,interior_applied_load,,121.469,249.0,115.0,4.1499915772184466e-12,-221.75760907307827,9.498452702108078e-15,-1.359178516170179e-13,2.653964122351518e-12,-3.000442916646983e-10
service40,TN-P070,N696,interior_applied_load,,122.833,249.0,229.319,1.1591029681529762e-11,-5.224999988240922,-2.0625829549071262e-11,-3.268699947925055e-11,-2.966333979468792e-10,6.656796628286984e-11
service40,TN-P071,N213,interior_applied_load,,128.156,249.0,115.0,-4.5628526563511125e-12,-70.99751441531173,1.4700748558168964e-12,1.9643229477021693e-13,-1.1943418545268721e-11,-6.75560402895041e-10
service40,TN-P072,N485,interior_applied_load,,128.25,249.0,207.0,0.0,-6.570208325982094,0.0,0.0,0.0,0.0
service40,TN-P073,N537,interior_applied_load,,128.25,249.0,209.5,-3.725290298461914e-09,-2.4909762144088745,1.1920928955078125e-07,0.0,0.0,-3.725290298461914e-09
service40,TN-P074,N538,interior_applied_load,,128.25,249.0,227.319,4.2778435238588486e-08,-2.490976213775769,3.7462704802204705e-07,2.1746551609469478e-07,1.5160320150629337e-10,4.6297290001717784e-08
service40,TN-P075,N545,interior_applied_load,,128.25,249.0,229.319,-1.4663581772764518e-08,-10.662997450634144,-3.9767669795647403e-07,2.21107259146846e-07,-2.269878617110887e-10,7.117895751006485e-08
service40,TN-P076,N214,interior_applied_load,,136.9,249.0,115.0,7.253538512266104e-12,-3.7785000517485976,1.8496615293646343e-12,4.299266605311131e-13,-2.164912135253162e-12,7.526920586116169e-10
service40,TN-P077,N546,interior_applied_load,,139.75,249.0,218.16,-1.8189894035458565e-12,-4.480201577764092,-6.821210263296962e-13,3.637978807091713e-12,-9.094947017729282e-12,-9.094947017729282e-13
service40,TN-P078,N215,interior_applied_load,,140.156,249.0,115.0,1.4655793549923894e-11,-219.6177710391967,3.192189596455189e-12,1.6115664373129351e-12,4.491040884373726e-11,-1.1229079099910706e-09
service40,TN-P079,N216,interior_applied_load,,149.51,249.0,115.0,-3.420864189348858e-12,-72.0228260845015,1.2435158528320588e-12,-7.413705035567143e-13,-1.6154274585382917e-11,-1.1581035702006582e-09
service40,TN-P080,N697,interior_applied_load,,151.0,249.0,229.319,-1.7798096330068347e-10,-5.007291508419632,1.2687258754695563e-07,-3.8576606173771166e-12,2.4507101348270055e-08,2.107212731389252e-08
service40,TN-P081,N486,interior_applied_load,,151.25,249.0,207.0,-1.862645149230957e-09,-5.595100782811642,1.1920928955078125e-07,-4.76837158203125e-07,4.656612873077393e-10,0.0
service40,TN-P082,N539,interior_applied_load,,151.25,249.0,209.5,0.0,-2.4909762144088745,2.384185791015625e-07,0.0,-2.3283064365386963e-10,0.0
service40,TN-P083,N540,interior_applied_load,,151.25,249.0,227.319,-1.3338980482668905e-08,-2.490976209941028,5.236089516968967e-07,-6.443458866467466e-08,-2.2807113408945138e-10,-4.512405567258515e-08
service40,TN-P084,N698,interior_applied_load,,151.25,249.0,229.319,-3.706050815538431e-08,-0.925260557515372,-5.123871624917748e-07,-2.7054169879409646e-07,3.413047801933272e-08,-1.820880477648723e-10
service40,TN-P085,N487,interior_applied_load,,152.25,249.0,207.0,-4.6438645805876715e-12,-0.13979173179033832,-1.2253156219251987e-07,7.654475304207958e-09,7.508308454977952e-08,-2.7810286884352786e-08
service40,TN-P086,N475,interior_applied_load,,155.25,249.0,120.0,-2.874950985760879e-13,-11.509154224675905,5.345417271343482e-14,-2.1688536115206287e-12,9.324347650571858e-15,2.9495313353354063e-12
service40,TN-P087,N476,interior_applied_load,,155.25,249.0,146.657,4.811267810967066e-13,-23.018308449375215,-1.3777912992444963e-13,2.571557120573362e-12,7.976584700072279e-14,6.39662108020448e-12
service40,TN-P088,N477,interior_applied_load,,155.25,249.0,173.314,3.9498014950166173e-14,-23.01830844937241,1.6006508873206556e-13,-9.446559884234518e-12,9.324347650571858e-15,-3.9447610708298554e-12
service40,TN-P089,N478,interior_applied_load,,155.25,249.0,199.971,1.2208812395332785e-12,-14.543941551210375,1.3416091611719162e-11,1.9775129232104393e-11,8.873609274393577e-14,-2.7714057398098883e-12
service40,TN-P090,N479,interior_applied_load,,155.25,249.0,207.0,-3.6978446871907696e-12,-11.509154226778941,-5.006549106862992e-09,-3.7851433582863735e-09,1.6728812719700053e-07,-4.455546823167736e-08
service40,TN-P091,N480,interior_applied_load,,155.25,249.0,226.628,1.4901161193847656e-08,-8.474366899579763,-1.1920928955078125e-07,0.0,0.0,0.0
service40,TN-P092,N699,interior_applied_load,,155.25,249.0,229.319,-1.4901161193847656e-08,-1.9049478992819786,0.0,-2.384185791015625e-07,9.313225746154785e-10,0.0
service40,TN-P093,N217,interior_applied_load,,158.844,249.0,115.0,1.0267219866828902e-11,-220.5400924439217,-6.763765631594177e-14,-9.02470211510732e-13,-1.8083338164441546e-11,-7.344494920873105e-11
service40,TN-P094,N522,interior_applied_load,,160.0,249.0,229.319,-9.527272264153495e-12,-8.873232788123222,-8.184855611082181e-11,-2.6687254193639157e-11,-2.814353761059937e-10,2.9243144375671845e-10
service40,TN-P095,N218,interior_applied_load,,165.05,249.0,115.0,4.185309771724754e-12,-3.7850598329151035,1.0075737064888093e-11,6.903545212741761e-13,-1.172475671235846e-11,-9.905912366706808e-11
service40,TN-P096,N219,interior_applied_load,,170.865,249.0,115.0,-2.7793476635234697e-12,-70.06863313984216,-3.900950851215253e-12,2.895784277421053e-13,-2.6046854218562136e-11,-2.568249430958789e-10
service40,TN-P097,N523,interior_applied_load,,172.85,249.0,206.455,-1.4975049649947574e-12,-7.332750335662319,-2.459111938873514e-13,-2.4946394010972997e-13,-2.3857487758629425e-12,3.9108241883977055e-12
service40,TN-P098,N220,interior_applied_load,,177.531,249.0,115.0,-2.6019895754382678e-11,-218.52358046634814,1.6014635750246745e-10,5.230335295953801e-13,-2.676532096667546e-10,7.499838831507802e-10
service40,TN-P099,N700,interior_applied_load,,179.167,249.0,229.319,-4.269864484247015e-12,-4.3541666902440825,1.3435474492635152e-09,4.0472952005806396e-12,-4.967274036913698e-10,2.7323260853763623e-09
service40,TN-P100,N221,interior_applied_load,,180.0,249.0,115.0,3.7667964747356564e-08,-4.624726567531489,3.591534358804438e-08,2.6825044407985388e-08,-2.325830115722908e-10,5.862932361822004e-09
service40,TN-P101,N498,interior_applied_load,,180.0,249.0,117.5,-4.1242032011723495e-09,-3.8379523808526668,-3.0280560281426006e-08,1.583919129188871e-08,1.3648104868480004e-10,-4.421883659233572e-08
service40,TN-P102,N499,interior_applied_load,,180.0,249.0,144.955,-1.1368683772161603e-13,-7.675904771560454,-2.842170943040401e-14,1.4210854715202004e-14,1.4210854715202004e-14,-1.3642420526593924e-12
service40,TN-P103,N500,interior_applied_load,,180.0,249.0,172.41,5.684341886080802e-14,-7.67590477156773,-2.842170943040401e-14,-4.547473508864641e-13,-4.3374721463665424e-15,-6.366462912410498e-12
service40,TN-P104,N501,interior_applied_load,,180.0,249.0,199.864,-2.471742029185206e-13,-7.6759047715743325,-9.277017946349716e-14,3.293646084864818e-12,9.143965317500277e-15,-3.5580439665482994e-12
service40,TN-P105,N502,interior_applied_load,,180.0,249.0,227.319,2.4424177821891213e-07,-3.837952395359183,-1.5933025201975148e-07,2.0794598049045376e-07,-3.070460318826585e-11,-1.81454303638251e-07
service40,TN-P106,N701,interior_applied_load,,180.0,249.0,229.319,-1.0454767880171348e-07,-6.13211805540264,2.304516879373959e-07,9.972427308279352e-08,3.804217175552177e-09,-3.0491743627361385e-07
service40,TN-P107,N524,interior_applied_load,,185.7,249.0,183.592,2.5210450589425547e-12,-7.3327503356644215,2.2711830859917615e-13,-4.621296520313528e-13,9.939901125553786e-13,-5.844527407460059e-13
service40,TN-P108,N222,interior_applied_load,,192.219,249.0,115.0,-5.6154716072690735e-11,-70.2949495386633,-1.166714642797662e-10,-1.0591374693750244e-12,-7.477548004707995e-10,2.2231734750096893e-09
service40,TN-P109,N223,interior_applied_load,,193.2,249.0,115.0,4.0639981944241025e-11,-1.2594999598239958,-2.0514328691001946e-09,-8.25907123885028e-12,-5.485107407104961e-10,-9.706022357260967e-10
service40,TN-P110,N224,interior_applied_load,,196.219,249.0,115.0,2.428650820139604e-11,-222.06198827454733,4.940477600673165e-11,1.9375624317105813e-12,4.985730602190516e-11,-1.8935909862810708e-10
service40,TN-P111,N525,interior_applied_load,,198.55,249.0,160.728,-1.2345983607338087e-13,-7.3327503356645245,-2.7736948337761927e-14,-3.1442382062809477e-13,-1.5951869355927247e-12,3.27539948536955e-12
service40,TN-P112,N702,interior_applied_load,,207.333,249.0,229.319,8.741313744060872e-12,-9.633593749014556,-1.5925025321794446e-12,2.7399084578684123e-12,-1.0354300634172832e-10,6.2869824249438435e-12
service40,TN-P113,N526,interior_applied_load,,211.4,249.0,137.864,4.547473508864641e-12,-7.3327503356740635,-1.4210854715202004e-13,2.0463630789890885e-12,-2.2737367544323206e-13,3.410605131648481e-13
service40,TN-P114,N225,interior_applied_load,,213.573,249.0,115.0,1.588018144675086e-11,-72.0228260844975,-6.323615177174452e-10,7.383154663885744e-12,-9.774126293535267e-10,-1.57820797152791e-10
service40,TN-P115,N226,interior_applied_load,,214.906,249.0,115.0,-3.04844692576779e-11,-218.09587520799587,-6.319665724646082e-10,-5.7361875868038696e-12,-6.386195457334206e-10,1.3086589240843577e-10
service40,TN-P116,N227,interior_applied_load,,221.35,249.0,115.0,-5.619252015287033e-11,-2.9421133180141146,-1.1040550003160724e-10,1.2039060933014034e-11,-3.2424747401479637e-10,2.4913886201687273e-10
service40,TN-P117,N228,interface_action,N2; T-E,224.25,249.0,115.0,-270.7972515821457,2722.455666894093,-263.73014736175537,889.7113807201385,-119.99457497755066,-2138.549917280674
service40,TN-P118,N503,interface_action,T-E,224.25,249.0,117.5,476.4233747124672,-1241.8649643696845,250.84477877616882,-2202.6743570566177,-880.4111921833828,5065.660725712776
service40,TN-P119,N186,interface_action,T-E,224.25,249.0,120.0,-1.899062685595709,820.1670914556598,-3.7215270672459155,-235.80114255909575,-54.166806721187186,181.92938130811672
service40,TN-P120,N504,interior_applied_load,,224.25,249.0,144.955,-1.7763568394002505e-14,-7.675904771573187,-2.842170943040401e-14,-6.821210263296962e-13,0.0,-2.2737367544323206e-13
service40,TN-P121,N505,interior_applied_load,,224.25,249.0,172.41,1.5990983858970435e-16,-7.675904771572049,-2.6057612748921924e-14,-5.331185786809677e-13,3.3227378422168714e-14,-6.207205239777983e-14
service40,TN-P122,N506,interior_applied_load,,224.25,249.0,199.864,-3.5311208075585547e-15,-7.675904771572876,3.7290837527944036e-14,1.870384529402226e-12,7.540000354896878e-16,1.5344976520958565e-13
service40,TN-P123,N507,interior_applied_load,,224.25,249.0,227.319,5.867037159009922e-08,-3.8379523824429294,9.603967510152245e-07,1.9267314170789973e-06,1.0133078252944414e-11,-1.4660918518181326e-07
service40,TN-P124,N527,interface_action,N2; T-E top / segment 4,224.25,249.0,229.319,-38.891870676181675,-475.3665839809697,3.2127966879673973,-574.8385098143038,-199.20710107504104,-9124.745482102915
service40,TN-P125,N528,interior_applied_load,,230.312,249.0,200.739,-5.832657200420983e-13,-8.168231420222043,-2.3326077555198226e-13,-3.518536217302173e-12,5.000706265106836e-12,9.634236606904704e-13
service40,TN-P126,N703,interior_applied_load,,235.5,249.0,229.319,-6.5579625366141e-12,-5.353587052505703,-2.195737616328043e-11,-2.341208431322265e-11,-8.693851607208872e-11,-9.85600829379223e-11
service40,TN-P127,N529,interior_applied_load,,236.375,249.0,172.16,1.7715246916660707e-12,-8.168231420221845,-6.212808411928526e-14,6.502093360483948e-13,4.375374023680452e-15,-4.425374006777374e-14
service40,TN-P128,N530,interior_applied_load,,242.438,249.0,143.58,-1.3642420526593924e-12,-8.168231420215307,-5.968558980384842e-13,1.8189894035458565e-12,6.821210263296962e-13,-2.5011104298755527e-12
service40,TN-P129,N229,interior_applied_load,,248.5,249.0,115.0,8.940696716308594e-08,-12.034709442406893,0.0,0.0,2.3283064365386963e-09,-1.1920928955078125e-07
service40,TN-P130,N508,interior_applied_load,,248.5,249.0,117.5,-5.960464477539063e-08,-3.725215408951044,-1.1920928955078125e-07,0.0,0.0,-8.940696716308594e-08
service40,TN-P131,N509,interior_applied_load,,248.5,249.0,144.148,6.831426295404683e-15,-7.450430807081177,2.237409901046262e-13,2.659561413287193e-12,1.8669609339105894e-14,9.73199789861222e-15
service40,TN-P132,N510,interior_applied_load,,248.5,249.0,170.797,4.872119570196912e-14,-7.450430807089848,-1.3176957267835096e-13,3.0157831365381765e-11,-1.1181958380043672e-14,-7.137861958589809e-13
service40,TN-P133,N511,interior_applied_load,,248.5,249.0,197.445,-2.3864830279698734e-14,-7.45043080708502,-2.5582380811306406e-14,-1.3770435079791159e-11,3.4249112098976765e-15,-1.9209828518325352e-12
service40,TN-P134,N512,interior_applied_load,,248.5,249.0,224.093,4.749831532562985e-09,-3.725215404818601,-1.4519663041287551e-08,-1.8497165087751994e-07,-3.5129891048937486e-13,-2.8075596143940765e-08
service40,TN-P135,N704,interior_applied_load,,248.5,249.0,226.324,4.361708306621521e-09,-3.127781262983676,1.63026213469432e-07,-1.859939178371295e-07,-6.375347939704737e-10,1.364464953364857e-08
service40,TN-P136,N230,interior_applied_load,,249.5,249.0,115.0,-2.3313434516225584e-11,-0.3148750093575889,-4.31332152633912e-09,1.0346720008547194e-11,2.6929852098289686e-09,-9.284450638857855e-10
service40,TN-P137,N705,interior_applied_load,,249.5,249.0,226.093,-1.7075672085186806e-10,-0.22341294550419252,8.865596628922021e-10,-1.8527712279646986e-10,1.5169757437710555e-09,5.501548351730502e-10
service_patches,TN-P001,N148,interface_action,BR-N-upper-1; T-W / B-WO; W4,-32.0,249.0,115.0,-192.1711125719575,311.9215918732765,65.05494340851386,438.9452634292613,-2996.6308690396454,-2814.8722289734033
service_patches,TN-P002,N628,interface_action,BR-N-upper-2; T-W top / segment 2; W4,-32.0,249.0,226.093,191.7679125709545,71.77669014707666,-14.058029369184641,281.20782219036147,199.66538040518162,1442.6932085404887
service_patches,TN-P003,N189,interior_applied_load,,-31.0,249.0,115.0,-4.063320702130113e-08,-7.501450311652775,-4.927269969812187e-08,-6.679329089820385e-09,-2.5483757326583145e-09,6.176856004458386e-08
service_patches,TN-P004,N488,interior_applied_load,,-31.0,249.0,117.5,5.668457147622843e-08,-3.7252154037746497,-3.338126461061929e-10,2.2685221200320584e-08,7.607970523356508e-11,1.5564374822795364e-08
service_patches,TN-P005,N489,interior_applied_load,,-31.0,249.0,144.148,5.948578641000509e-15,-7.450430807085883,-1.9742658651911494e-14,1.1697453363965165e-12,3.742105832155675e-14,8.346156788433411e-14
service_patches,TN-P006,N490,interior_applied_load,,-31.0,249.0,170.797,4.2175027383857586e-15,-7.450430807086784,-1.0032062464192552e-13,-6.004167859537601e-13,-2.6651338995919545e-14,-1.3129764087088682e-13
service_patches,TN-P007,N491,interior_applied_load,,-31.0,249.0,197.445,-2.6401733706798965e-14,-7.450430807085715,-2.1683903068039988e-13,-2.1036251476813013e-12,8.384766610849483e-15,-8.207268798516721e-13
service_patches,TN-P008,N492,interior_applied_load,,-31.0,249.0,224.093,-5.960464477539063e-08,-3.72521540382877,0.0,0.0,0.0,2.9802322387695312e-08
service_patches,TN-P009,N686,interior_applied_load,,-31.0,249.0,226.324,5.960464477539063e-08,-3.127781258430332,0.0,-4.76837158203125e-07,1.6763806343078613e-08,0.0
service_patches,TN-P010,N513,interior_applied_load,,-23.25,249.0,143.58,4.263256414560601e-14,-8.279007407835998,8.526512829121202e-14,6.934897101018578e-12,-2.1032064978498966e-12,-2.2737367544323206e-12
service_patches,TN-P011,N190,interior_applied_load,,-21.323,249.0,115.0,2.3676502108385617e-12,-74.6874557753871,-6.740433769348331e-13,-3.4346233688199144e-13,-1.4650759900769535e-12,-1.398428722679664e-13
service_patches,TN-P012,N687,interior_applied_load,,-18.0,249.0,229.319,5.463899469521082e-12,-6.823118306104618,7.431460807338897e-12,-3.3130103792157987e-12,-8.606854956715473e-12,-4.477922336958604e-12
service_patches,TN-P013,N514,interior_applied_load,,-15.5,249.0,172.16,4.1348849480598473e-13,-8.279007407834243,-2.1283145745990171e-13,2.7020301433874326e-12,-2.616204222279595e-13,8.69592695822096e-13
service_patches,TN-P014,N515,interior_applied_load,,-7.75,249.0,200.739,8.239385497389004e-14,-8.279007407835516,1.2350188271404524e-13,-2.790746787932905e-12,8.32487141048441e-13,-7.017008587280468e-12
service_patches,TN-P015,N191,interior_applied_load,,-3.85,249.0,115.0,1.5271192382718002e-11,-6.714053410407223,2.602990542624336e-14,2.0129775396992054e-13,-1.6064642240773974e-13,3.557189771227459e-11
service_patches,TN-P016,N192,interior_applied_load,,0.0,249.0,115.0,-7.124661749458028e-09,-1.2221064531003916,-2.9293213366088366e-07,-1.3453602676349874e-09,-2.1177719885523427e-09,-2.9006814017407123e-07
service_patches,TN-P017,N493,interior_applied_load,,0.0,249.0,117.5,7.874175080960802e-09,-3.8379523840726435,9.995024282464532e-10,5.281989438356479e-10,2.229847051624623e-12,-8.286975542172801e-09
service_patches,TN-P018,N494,interior_applied_load,,0.0,249.0,144.955,-6.088597385925751e-14,-7.675904771568314,-2.769154715936134e-14,3.2064794671953647e-13,-3.666125763157758e-15,8.965539217562848e-13
service_patches,TN-P019,N495,interior_applied_load,,0.0,249.0,172.41,-1.0735544225154958e-14,-7.675904771570008,5.637678840100226e-15,-2.455945378730036e-13,-1.7894500548376618e-15,2.2576280073483915e-12
service_patches,TN-P020,N496,interior_applied_load,,0.0,249.0,199.864,-8.630551832791143e-15,-7.67590477156973,-5.4807194322026927e-14,2.675188330531632e-12,-2.4722188644867144e-14,1.9217423800030226e-12
service_patches,TN-P021,N497,interior_applied_load,,0.0,249.0,227.319,-2.9802322387695312e-08,-3.837952386587858,-4.76837158203125e-07,0.0,-2.3283064365386963e-10,0.0
service_patches,TN-P022,N516,interior_applied_load,,-0.0,249.0,229.319,0.0,-10.271621759980917,4.76837158203125e-07,-4.76837158203125e-07,-2.3283064365386963e-10,0.0
service_patches,TN-P023,N193,interior_applied_load,,0.031,249.0,115.0,-2.7993424902379494e-09,-66.45350557576704,-3.4963803974359894e-08,9.288907257158113e-12,6.54112256563843e-09,2.335187577456814e-07
service_patches,TN-P024,N194,interior_applied_load,,1.0,249.0,115.0,4.388311936054379e-11,-6.398755049013062,1.8604850993142463e-10,3.171862772433087e-11,4.860112312599085e-11,-4.5201886678114533e-10
service_patches,TN-P025,N195,interior_applied_load,,9.344,249.0,115.0,-1.1560543642921239e-11,-333.7231734572232,1.89261238551303e-12,-1.2432410971784127e-13,1.0223262133307226e-11,-9.622927656066817e-12
service_patches,TN-P026,N688,interior_applied_load,,10.167,249.0,229.319,1.6430439193202666e-12,-8.345486119927932,-7.471476341601513e-13,-2.8167130452959044e-13,2.5767589917222637e-12,-2.0594504514897603e-12
service_patches,TN-P027,N517,interior_applied_load,,10.6,249.0,137.864,5.684341886080801e-13,-6.932963248243141,0.0,3.979039320256561e-13,-1.1368683772161603e-13,-2.9558577807620168e-12
service_patches,TN-P028,N518,interior_applied_load,,20.2,249.0,160.728,-9.519068502812694e-14,-6.932963248242235,-2.427426343021332e-14,3.446360334521648e-13,-3.5411685349202e-13,-5.185283450661122e-12
service_patches,TN-P029,N196,interior_applied_load,,21.385,249.0,115.0,2.2840380214101922e-11,-70.84794878934338,-2.1808953748745625e-12,-1.0764261876383148e-13,-1.969472753863136e-11,5.581849751505315e-11
service_patches,TN-P030,N197,interior_applied_load,,24.3,249.0,115.0,8.130666472626676e-12,-2.0926068446041635,-2.1195851882988942e-11,-8.125535801499675e-13,-1.145890834828558e-10,3.535250454361277e-11
service_patches,TN-P031,N198,interior_applied_load,,28.031,249.0,115.0,-9.824790118391022e-12,-333.110479291563,-6.170073094335827e-11,-8.55974616822104e-15,-2.8181237746742755e-11,-4.406354756906052e-11
service_patches,TN-P032,N519,interior_applied_load,,29.8,249.0,183.592,2.1923053415189516e-13,-6.932963248242755,-5.608408173897298e-14,3.845935286648258e-13,5.412500739087365e-14,1.7195701050702882e-12
service_patches,TN-P033,N689,interior_applied_load,,38.333,249.0,229.319,3.686501259831795e-12,-8.454340290948942,7.051558057741296e-12,-3.143454213606896e-13,-2.2590449162011847e-11,8.863922057511251e-13
service_patches,TN-P034,N520,interior_applied_load,,39.4,249.0,206.455,4.975773779496786e-13,-6.932963248242041,1.3871502910960882e-13,-1.4379322695277572e-12,1.2446924465822355e-13,7.143568285580586e-13
service_patches,TN-P035,N199,interior_applied_load,,42.74,249.0,115.0,1.3397565935115924e-11,-72.02282608457611,2.623576905286805e-12,3.0247970500473106e-13,-3.806557525115992e-11,2.028286083436558e-11
service_patches,TN-P036,N200,interior_applied_load,,46.719,249.0,115.0,-6.617008493587522e-12,-329.6691578816608,-4.5884435880075874e-11,-3.9266233402048636e-14,-1.316106173659465e-10,6.856503342610057e-11
service_patches,TN-P037,N521,interior_applied_load,,49.0,249.0,229.319,1.0896727964393449e-11,-6.060839250017528,-5.982865900616696e-09,-3.396737171238304e-11,2.5524326948897502e-09,-9.013207367958298e-11
service_patches,TN-P038,N201,interface_action,BR-N-upper-2,50.25,249.0,115.0,-192.39153982741593,220.62455394000875,-1.3171742457005924,-103.54849103503356,-131.85907234864132,487.3289289828876
service_patches,TN-P039,N690,interface_action,BR-N-upper-1,50.25,249.0,229.319,482.1636231372372,605.7591587232121,10.168873647215003,-474.83255442031594,146.38523848663513,1172.4369032001234
service_patches,TN-P040,N202,interior_applied_load,,52.45,249.0,115.0,8.036307915326603e-10,-0.9446249472839813,-5.571289985048644e-10,8.237773570884918e-11,8.550930583210661e-10,7.19570248367046e-12
service_patches,TN-P041,N203,interface_action,N1 / U-W,53.25,249.0,115.0,-773.3542197449225,1916.9365467878179,-49.55587229823428,369.9041803801091,-2293.7320060994484,26661.38946440993
service_patches,TN-P042,N691,interface_action,N1 / U-W,53.25,249.0,229.319,-554.217286034928,-469.25445644249834,12.698061262341731,553.8877904642947,-307.2981024562146,-2329.6459203233785
service_patches,TN-P043,N481,interface_action,N1 / U-W,56.25,249.0,207.0,872.8728530226163,374.6636670427327,-9.846218999025247,-65.74636380986566,-5.439874998003752,815.1875241677383
service_patches,TN-P044,N482,interior_applied_load,,57.25,249.0,207.0,0.0,-5.595100788865238,1.1920928955078125e-07,-1.1920928955078125e-07,-1.8189894035458565e-10,-1.4901161193847656e-08
service_patches,TN-P045,N531,interior_applied_load,,57.25,249.0,209.5,0.0,-2.4909762097522616,0.0,-2.384185791015625e-07,-7.275957614183426e-12,-7.450580596923828e-09
service_patches,TN-P046,N532,interior_applied_load,,57.25,249.0,227.319,-2.0607866801913843e-09,-2.490976209482646,-2.610858124141302e-08,1.33778977118304e-07,5.6222903869049874e-12,1.6842986449994157e-09
service_patches,TN-P047,N692,interior_applied_load,,57.25,249.0,229.319,-3.813211963503217e-08,-2.8846354030235015,-1.4867064982058518e-07,-1.586330412190734e-08,2.491956161783863e-10,-1.5312678373764077e-08
service_patches,TN-P048,N204,interior_applied_load,,64.094,249.0,115.0,1.5975287890584807e-11,-69.96629879093356,-1.7792457415013724e-10,8.926104931165819e-13,3.947815831473061e-10,-2.4788579171188506e-09
service_patches,TN-P049,N205,interior_applied_load,,65.406,249.0,115.0,5.987129186512856e-11,-332.5017208881807,2.0480193771851064e-10,-2.916429560766688e-13,1.9308278058697891e-10,5.4942211570212144e-11
service_patches,TN-P050,N693,interior_applied_load,,66.5,249.0,229.319,-5.380623579100409e-12,-5.007291664597951,6.688664993195159e-12,3.2664003320049605e-15,2.852738327559768e-12,-1.9731911115658278e-12
service_patches,TN-P051,N541,interior_applied_load,,68.75,249.0,218.16,-2.2737367544323206e-13,-4.480201577767048,-4.547473508864641e-13,2.7284841053187847e-12,-6.366462912410498e-12,2.2737367544323206e-13
service_patches,TN-P052,N483,interior_applied_load,,80.25,249.0,207.0,0.0,-6.570208327844739,0.0,2.384185791015625e-07,0.0,0.0
service_patches,TN-P053,N533,interior_applied_load,,80.25,249.0,209.5,-3.725290298461914e-09,-2.490976210683584,0.0,-1.1920928955078125e-07,5.820766091346741e-11,-7.450580596923828e-09
service_patches,TN-P054,N534,interior_applied_load,,80.25,249.0,227.319,-6.147232388398205e-08,-2.4909762100083195,3.2784980377731365e-07,-7.434408921813684e-09,-2.4625519559007625e-11,5.370962444239957e-08
service_patches,TN-P055,N542,interior_applied_load,,80.25,249.0,229.319,4.435142578753729e-08,-10.662997455031705,3.9451871923376745e-08,1.1831799350680769e-07,5.622887486086693e-11,4.456314711282804e-08
service_patches,TN-P056,N206,interior_applied_load,,80.6,249.0,115.0,-8.798816231549214e-12,-5.8842265468640775,-2.640214305907602e-13,6.328307624865758e-13,1.0767078371806638e-11,2.1408192987189388e-10
service_patches,TN-P057,N207,interior_applied_load,,84.094,249.0,115.0,-3.0226401117000916e-11,-328.83080321294045,-7.014802143269066e-11,-4.701715494416296e-13,3.784310865159561e-11,1.3135736249338641e-08
service_patches,TN-P058,N208,interior_applied_load,,85.448,249.0,115.0,2.600126557018674e-11,-72.02282610116922,2.1048472486695283e-11,7.24720506537127e-13,1.6507137489095348e-11,2.1014766027916455e-09
service_patches,TN-P059,N543,interior_applied_load,,92.25,249.0,218.16,7.275957614183426e-12,-4.581557218969465,3.637978807091713e-12,0.0,1.6370904631912708e-11,-2.2737367544323206e-12
service_patches,TN-P060,N694,interior_applied_load,,94.667,249.0,229.319,7.805858201994488e-12,-5.225000043436411,8.662942791713329e-12,-5.68121431570981e-12,8.520468351753777e-11,-5.73862144346532e-11
service_patches,TN-P061,N209,interior_applied_load,,102.781,249.0,115.0,1.5856463488326996e-12,-334.0282086630056,1.9394835642791514e-12,4.97906684734406e-13,-1.355564544339352e-12,-7.330201020164811e-10
service_patches,TN-P062,N484,interior_applied_load,,104.25,249.0,207.0,2.3283064365386963e-08,-11.291557220742106,-1.1920928955078125e-07,-3.5762786865234375e-07,-1.7811544239521027e-08,-5.587935447692871e-09
service_patches,TN-P063,N535,interior_applied_load,,104.25,249.0,209.5,-1.210719347000122e-08,-2.490976210683584,4.76837158203125e-07,-1.1920928955078125e-07,3.3760443329811096e-09,4.0046870708465576e-08
service_patches,TN-P064,N536,interior_applied_load,,104.25,249.0,227.319,1.2825362584456546e-08,-2.490976211525761,2.1314566603369833e-07,3.3208691591068984e-07,1.3071096522546618e-10,1.1007532343954018e-08
service_patches,TN-P065,N695,interior_applied_load,,104.25,249.0,229.319,6.5427124032492676e-09,-6.132118058541004,-3.956391776173097e-07,2.0042888880386997e-07,-1.8050614863378028e-10,1.5594804158094142e-08
service_patches,TN-P066,N210,interior_applied_load,,106.802,249.0,115.0,1.796235615148766e-11,-68.0180097163389,1.3926430788540154e-11,-2.567976880792455e-13,-2.2858579242171803e-11,-1.556923855080719e-09
service_patches,TN-P067,N211,interior_applied_load,,108.75,249.0,115.0,6.637127640577793e-12,-4.618166636389266,2.372558293831327e-11,-7.767466073613545e-13,1.0664900128660482e-11,7.839654172145854e-09
service_patches,TN-P068,N544,interior_applied_load,,116.25,249.0,218.16,-5.4569682106375694e-12,-4.581557218969465,-1.5916157281026244e-12,-1.2732925824820995e-11,2.000888343900442e-11,-1.3642420526593924e-12
service_patches,TN-P069,N212,interior_applied_load,,121.469,249.0,115.0,-5.7793139258664464e-12,-333.4148584042735,4.038344697532734e-13,8.541975091097846e-13,3.77933483907311e-12,1.0298727477892046e-09
service_patches,TN-P070,N696,interior_applied_load,,122.833,249.0,229.319,7.956293334427999e-12,-5.224999988249263,-9.51033926561791e-12,-2.3907802245583632e-11,-6.920504980937345e-11,6.293353667265592e-11
service_patches,TN-P071,N213,interior_applied_load,,128.156,249.0,115.0,-7.307832164463705e-12,-70.99751441556846,4.823950193539699e-13,4.983472522516042e-13,-4.297297001885351e-12,-6.46521071492957e-10
service_patches,TN-P072,N485,interior_applied_load,,128.25,249.0,207.0,-9.313225746154785e-10,-6.570208325982094,1.1920928955078125e-07,2.384185791015625e-07,0.0,0.0
service_patches,TN-P073,N537,interior_applied_load,,128.25,249.0,209.5,9.313225746154785e-10,-2.490976210683584,1.1920928955078125e-07,2.384185791015625e-07,0.0,1.862645149230957e-09
service_patches,TN-P074,N538,interior_applied_load,,128.25,249.0,227.319,-8.264380207956279e-09,-2.490976211270483,1.8961382942939142e-07,-5.613000500503951e-08,-8.289540504152808e-11,6.200982299864322e-08
service_patches,TN-P075,N545,interior_applied_load,,128.25,249.0,229.319,-6.020129795826445e-09,-10.66299745728193,3.2609120297454465e-07,-3.5384497720853517e-07,-4.609979052697528e-10,8.938122617748567e-08
service_patches,TN-P076,N214,interior_applied_load,,136.9,249.0,115.0,1.8108363015054385e-11,-3.7785000522399605,1.502277453158337e-11,5.91633581510901e-13,-2.1087313049906554e-11,6.010081695243307e-10
service_patches,TN-P077,N546,interior_applied_load,,139.75,249.0,218.16,-3.637978807091713e-12,-4.480201577760454,-1.1368683772161603e-12,7.275957614183426e-12,-1.8189894035458565e-12,-9.094947017729282e-13
service_patches,TN-P078,N215,interior_applied_load,,140.156,249.0,115.0,-1.3256005758648032e-11,-331.27502036950176,1.3121849067496964e-12,2.3025640411655056e-12,-7.470026161076425e-12,-1.0732796617399913e-09
service_patches,TN-P079,N216,interior_applied_load,,149.51,249.0,115.0,2.78733924006036e-12,-72.02282608444582,-1.183024601652239e-12,-5.588701844314198e-13,-9.644556077528135e-12,-8.766556453063146e-10
service_patches,TN-P080,N697,interior_applied_load,,151.0,249.0,229.319,-2.29315344490999e-10,-5.007291817830405,1.682419736859231e-08,9.178401344893884e-12,1.62494567246263e-08,-1.4165998027393378e-08
service_patches,TN-P081,N486,interior_applied_load,,151.25,249.0,207.0,3.725290298461914e-09,-5.595100790262222,3.5762786865234375e-07,-2.384185791015625e-07,-1.1641532182693481e-09,3.725290298461914e-09
service_patches,TN-P082,N539,interior_applied_load,,151.25,249.0,209.5,0.0,-2.490976206958294,1.1920928955078125e-07,0.0,0.0,0.0
service_patches,TN-P083,N540,interior_applied_load,,151.25,249.0,227.319,-1.7864726351013438e-08,-2.4909762112673,7.061764622229294e-07,1.7089843912243552e-07,2.8569679656563147e-10,1.0668054134521654e-08
service_patches,TN-P084,N698,interior_applied_load,,151.25,249.0,229.319,-1.9995980989062634e-08,-0.925260241049735,8.915751395553815e-08,9.739223093676769e-08,-3.5133456521667383e-09,2.0771029934224527e-08
service_patches,TN-P085,N487,interior_applied_load,,152.25,249.0,207.0,1.292522645531062e-10,-0.13979169104528474,-1.643645904655304e-07,-4.696639916826824e-09,6.85763466283648e-08,-5.7699047411461035e-08
service_patches,TN-P086,N475,interior_applied_load,,155.25,249.0,120.0,-3.4825009415233785e-14,-11.50915422466665,4.5627343950984754e-14,4.739730503203917e-13,8.205475955664648e-14,3.783134688971398e-14
service_patches,TN-P087,N476,interior_applied_load,,155.25,249.0,146.657,3.10546110513138e-13,-23.018308449383472,1.9128184972169414e-13,-5.7273901704541255e-12,-7.191954472574374e-14,5.407202018328184e-13
service_patches,TN-P088,N477,interior_applied_load,,155.25,249.0,173.314,2.2209682881051515e-14,-23.018308449360692,9.238935721360075e-13,-5.712689311972075e-12,8.205475955664648e-14,-2.7880956155868035e-12
service_patches,TN-P089,N478,interior_applied_load,,155.25,249.0,199.971,-5.765493635564983e-14,-14.543941551221426,5.853999981980381e-11,1.2866924871433618e-10,1.4915285765458525e-13,-5.141000537166677e-12
service_patches,TN-P090,N479,interior_applied_load,,155.25,249.0,207.0,2.1634335701166978e-10,-11.50915421155425,-2.2097139795416346e-07,9.503119425654592e-09,3.048569719201574e-08,-2.9694822443000492e-09
service_patches,TN-P091,N480,interior_applied_load,,155.25,249.0,226.628,2.9802322387695312e-08,-8.474366895854473,0.0,2.384185791015625e-07,2.3283064365386963e-10,-1.4901161193847656e-08
service_patches,TN-P092,N699,interior_applied_load,,155.25,249.0,229.319,-1.4901161193847656e-08,-1.9049478992819786,0.0,2.384185791015625e-07,6.984919309616089e-10,-2.9802322387695312e-08
service_patches,TN-P093,N217,interior_applied_load,,158.844,249.0,115.0,2.1671284659173256e-11,-332.1973417753761,1.8671837342174976e-12,-1.064717853995462e-12,-6.065246887474344e-12,-1.4839032321393657e-10
service_patches,TN-P094,N522,interior_applied_load,,160.0,249.0,229.319,1.6628886245278976e-13,-8.873232788094798,7.898746198924027e-12,1.830019466830842e-12,9.125536556136017e-11,3.6955209006730907e-10
service_patches,TN-P095,N218,interior_applied_load,,165.05,249.0,115.0,6.8048287362784524e-12,-3.785059833012523,4.64225883878451e-12,5.912028277000304e-13,2.950429751137965e-11,2.8519345451593174e-10
service_patches,TN-P096,N219,interior_applied_load,,170.865,249.0,115.0,-5.29689089372502e-12,-70.06863313991306,8.900350921890636e-12,7.704718156942739e-13,-3.536005708797198e-11,-6.281058666242565e-11
service_patches,TN-P097,N523,interior_applied_load,,172.85,249.0,206.455,1.3803098446655812e-12,-7.332750335665604,2.583561154182979e-13,4.5195988164607645e-12,-1.0145328890313672e-12,4.7787849270481985e-12
service_patches,TN-P098,N220,interior_applied_load,,177.531,249.0,115.0,5.3900948882844795e-12,-330.1808297982024,2.0037540536590377e-10,3.821169476864068e-14,-3.947868964106527e-10,7.998602335807005e-10
service_patches,TN-P099,N700,interior_applied_load,,179.167,249.0,229.319,-1.9792631087217217e-11,-4.354166694600044,8.710283759716975e-09,-6.543386284609417e-13,9.946958703655904e-10,-4.688881911222925e-09
service_patches,TN-P100,N221,interior_applied_load,,180.0,249.0,115.0,8.575895549256529e-10,-4.624726552243587,-5.0463899725627925e-09,-6.194732460329533e-08,-2.1748334520596112e-10,3.405471815653982e-08
service_patches,TN-P101,N498,interior_applied_load,,180.0,249.0,117.5,1.4241180679164245e-08,-3.837952369744224,1.4893103639224137e-08,-2.639728791109519e-08,7.214140396172297e-11,9.134464562521316e-08
service_patches,TN-P102,N499,interior_applied_load,,180.0,249.0,144.955,0.0,-7.67590477153135,-1.1368683772161603e-13,1.2789769243681803e-12,1.4210854715202004e-14,0.0
service_patches,TN-P103,N500,interior_applied_load,,180.0,249.0,172.41,1.1368683772161603e-13,-7.675904771589558,-2.842170943040401e-14,-2.2737367544323206e-13,-6.836443556559885e-15,-5.4569682106375694e-12
service_patches,TN-P104,N501,interior_applied_load,,180.0,249.0,199.864,-1.209065941001353e-13,-7.675904771559783,-6.540230389553984e-14,4.941577304992319e-12,7.333606575239297e-15,-2.4793240168334436e-12
service_patches,TN-P105,N502,interior_applied_load,,180.0,249.0,227.319,-1.4067950332430357e-07,-3.83795238685377,4.774153187225849e-07,5.591789851155937e-07,-5.260082776900815e-11,8.136870122132933e-08
service_patches,TN-P106,N701,interior_applied_load,,180.0,249.0,229.319,2.9382868103509063e-07,-6.13211806056183,1.0756045413213088e-07,-4.872995591738954e-07,1.4659765028048388e-09,1.786663088211419e-07
service_patches,TN-P107,N524,interior_applied_load,,185.7,249.0,183.592,-3.1198220147922195e-12,-7.3327503356557315,1.1026561865277375e-13,9.52569448448934e-12,4.126762909522493e-12,-4.520896954638271e-12
service_patches,TN-P108,N222,interior_applied_load,,192.219,249.0,115.0,-7.683427937227623e-12,-70.2949495433932,-1.921384118906809e-09,-2.1867673099196138e-12,1.3181407659828313e-09,-9.591885778638383e-10
service_patches,TN-P109,N223,interior_applied_load,,193.2,249.0,115.0,2.7704661603494988e-11,-1.259499957880051,2.32912937617254e-10,-6.1166623470973e-12,-2.3495339202455157e-11,-4.134391892021456e-09
service_patches,TN-P110,N224,interior_applied_load,,196.219,249.0,115.0,1.6637388528588217e-11,-367.2090520069018,-3.477012325882272e-11,8.135623730442108e-14,-1.2090175921501193e-10,1.4678483349075393e-10
service_patches,TN-P111,N525,interior_applied_load,,198.55,249.0,160.728,2.216882459098816e-12,-7.332750335667918,2.8903162351101675e-13,-2.333125006052592e-12,-3.0947805651163398e-12,1.2240703994260957e-12
service_patches,TN-P112,N702,interior_applied_load,,207.333,249.0,229.319,-4.095288459460223e-12,-9.633593749019866,-2.009116820624991e-11,1.090391173608049e-12,-4.5802585777740175e-11,-1.896085383033628e-11
service_patches,TN-P113,N526,interior_applied_load,,211.4,249.0,137.864,-1.8189894035458565e-12,-7.33275033566315,-3.836930773104541e-13,2.0463630789890885e-12,-1.1368683772161603e-13,-2.8421709430404007e-13
service_patches,TN-P114,N225,interior_applied_load,,213.573,249.0,115.0,3.810772598320692e-12,-72.02282608411979,-4.943709009630974e-10,7.765602706407316e-12,3.421938121344023e-10,-5.279802480028181e-10
service_patches,TN-P115,N226,interior_applied_load,,214.906,249.0,115.0,-1.80433751379834e-11,-363.24293894037623,-4.162705096048207e-10,2.9317615888217774e-13,-5.41324871560837e-10,-5.568028889335476e-10
service_patches,TN-P116,N227,interior_applied_load,,221.35,249.0,115.0,-4.20693833718918e-11,-2.9421133181362054,-5.6190974643286e-11,5.0070478888894225e-12,-5.347716335004377e-10,-4.219607192324033e-11
service_patches,TN-P117,N228,interface_action,N2; T-E,224.25,249.0,115.0,-326.9738521575928,3305.4257092289627,-281.03151071071625,575.7138639688492,-181.05825410271063,-3357.9875795841217
service_patches,TN-P118,N503,interface_action,T-E,224.25,249.0,117.5,561.7791073620319,-1305.8667411059141,267.32984149456024,-2002.4828732013702,-866.5072200638242,5408.442291855812
service_patches,TN-P119,N186,interface_action,T-E,224.25,249.0,120.0,-2.582213746602065,891.7403781555768,-4.201944210799411,-265.8138231249177,-59.25888200446752,225.32897186549962
service_patches,TN-P120,N504,interior_applied_load,,224.25,249.0,144.955,4.618527782440651e-14,-7.675904771576825,-7.105427357601002e-14,2.2737367544323206e-13,5.684341886080802e-14,5.684341886080801e-13
service_patches,TN-P121,N505,interior_applied_load,,224.25,249.0,172.41,2.6787564530969062e-15,-7.675904771570957,-6.560194414219342e-14,-7.572381435640924e-13,3.0089192120420004e-14,-8.685156011229497e-14
service_patches,TN-P122,N506,interior_applied_load,,224.25,249.0,199.864,-6.389093321711776e-15,-7.675904771572277,-5.906164478716605e-15,1.329128969504711e-12,-6.3099752479359566e-15,3.9201747358116557e-13
service_patches,TN-P123,N507,interior_applied_load,,224.25,249.0,227.319,9.716718321270412e-08,-3.837952380797917,1.508450346299206e-07,1.4155908317770027e-06,1.1276121654188417e-11,-2.0439889811957324e-07
service_patches,TN-P124,N527,interface_action,N2; T-E top / segment 4,224.25,249.0,229.319,-66.89327224141967,-401.23441349807797,4.759028203941319,-645.1216164962963,-155.57101406816017,-12125.771319589143
service_patches,TN-P125,N528,interior_applied_load,,230.312,249.0,200.739,-1.4446365866688013e-12,-8.168231420218378,9.327865122702179e-14,-4.876549860932194e-13,5.573140568286238e-12,-8.272291026791214e-13
service_patches,TN-P126,N703,interior_applied_load,,235.5,249.0,229.319,5.267002127828093e-12,-5.353587052511467,4.1562427330162965e-11,-8.826472162772492e-11,1.731284263670259e-10,-4.811120731869457e-11
service_patches,TN-P127,N529,interior_applied_load,,236.375,249.0,172.16,1.5450053745392415e-12,-8.168231420219964,-2.8912086410865634e-14,-1.383606460300029e-13,-2.8803679874707595e-13,-1.541914446567503e-12
service_patches,TN-P128,N530,interior_applied_load,,242.438,249.0,143.58,-4.547473508864641e-13,-8.168231420211669,-5.684341886080802e-14,-5.4569682106375694e-12,-1.1368683772161603e-12,2.5011104298755527e-12
service_patches,TN-P129,N229,interior_applied_load,,248.5,249.0,115.0,5.960464477539063e-08,-12.034709453582764,-2.384185791015625e-07,2.384185791015625e-07,1.3969838619232178e-09,-1.1920928955078125e-07
service_patches,TN-P130,N508,interior_applied_load,,248.5,249.0,117.5,-2.9802322387695312e-08,-3.725215408951044,0.0,-4.76837158203125e-07,0.0,0.0
service_patches,TN-P131,N509,interior_applied_load,,248.5,249.0,144.148,6.282989849376338e-14,-7.450430807089368,-1.5142174547598474e-13,1.0087547066553328e-11,-3.129024148940725e-14,-1.5135649147171095e-12
service_patches,TN-P132,N510,interior_applied_load,,248.5,249.0,170.797,5.369740019952254e-15,-7.450430807087692,-4.0069301441509054e-13,2.1985765351688165e-11,2.6641628042680465e-14,-1.2684147236078105e-12
service_patches,TN-P133,N511,interior_applied_load,,248.5,249.0,197.445,-1.4118404005901835e-13,-7.450430807089684,1.3619463453113208e-12,-9.16471024899477e-12,-8.563812537104825e-15,-9.70528611847522e-13
service_patches,TN-P134,N512,interior_applied_load,,248.5,249.0,224.093,1.970318416638405e-08,-3.7252154020853854,5.244018666932984e-07,4.0351286807859494e-07,-3.9610241266075164e-12,2.550845037978769e-09
service_patches,TN-P135,N704,interior_applied_load,,248.5,249.0,226.324,-4.8217190861977304e-08,-3.1277812604579704,-1.4923604690768266e-07,5.436443704288078e-07,3.1636502130097788e-09,-1.7556044409713962e-08
service_patches,TN-P136,N230,interior_applied_load,,249.5,249.0,115.0,-3.792216540787763e-11,-0.3148750096454121,2.0738805811548744e-10,1.162991578040895e-11,1.7874757646252348e-09,-7.171603519373626e-10
service_patches,TN-P137,N705,interior_applied_load,,249.5,249.0,226.093,-2.1158301802758038e-10,-0.22341294802989786,2.2443496920609803e-10,8.883462179373125e-10,-2.9382689005056085e-09,5.3206054283812806e-12
typical30,TN-P001,N148,interface_action,BR-N-upper-1; T-W / B-WO; W4,-32.0,249.0,115.0,-116.37303520207315,228.75374972772184,46.05120777121041,245.13767644082088,-2182.253977756241,-1956.0451684066843
typical30,TN-P002,N628,interface_action,BR-N-upper-2; T-W top / segment 2; W4,-32.0,249.0,226.093,131.91789134215588,79.65707239439942,-9.359622665899296,163.30930665569485,137.9294737750596,840.4910761725473
typical30,TN-P003,N189,interior_applied_load,,-31.0,249.0,115.0,-2.599468507114011e-08,-7.501450307884284,-9.750756646553782e-09,6.751599812560016e-08,-6.032001564904022e-10,1.09857865027152e-08
typical30,TN-P004,N488,interior_applied_load,,-31.0,249.0,117.5,3.377211144580852e-08,-3.7252154037306267,-2.594982710317237e-08,3.084310691004927e-08,-1.254567043860144e-11,2.497990261052236e-08
typical30,TN-P005,N489,interior_applied_load,,-31.0,249.0,144.148,4.929537968990994e-15,-7.450430807086255,-1.4580390141979386e-14,4.051704838272222e-13,-1.6899929251936667e-14,5.617643237268496e-13
typical30,TN-P006,N490,interior_applied_load,,-31.0,249.0,170.797,1.58533163883896e-14,-7.450430807086162,-4.8985258063112624e-14,-1.0633367906835891e-13,-1.1747144094751863e-14,-2.2062079763153288e-13
typical30,TN-P007,N491,interior_applied_load,,-31.0,249.0,197.445,-1.5189631228420512e-15,-7.450430807085954,-4.982928660284868e-14,1.4858657189482933e-13,1.2130914695968621e-14,3.9430720306147215e-13
typical30,TN-P008,N492,interior_applied_load,,-31.0,249.0,224.093,0.0,-3.7252154033631086,2.384185791015625e-07,0.0,2.3283064365386963e-10,0.0
typical30,TN-P009,N686,interior_applied_load,,-31.0,249.0,226.324,2.9802322387695312e-08,-3.127781260292977,0.0,4.76837158203125e-07,1.1175870895385742e-08,2.9802322387695312e-08
typical30,TN-P010,N513,interior_applied_load,,-23.25,249.0,143.58,4.405364961712621e-13,-8.279007407833861,-2.0250467969162855e-13,-5.172751116333529e-12,1.1368683772161603e-12,4.774847184307873e-12
typical30,TN-P011,N190,interior_applied_load,,-21.323,249.0,115.0,3.0925797783900087e-12,-74.68745577538651,8.504526910339767e-14,-6.830357292495406e-14,1.2804623247797422e-13,-3.310578474914452e-13
typical30,TN-P012,N687,interior_applied_load,,-18.0,249.0,229.319,5.565006447279164e-13,-6.823118306105041,-3.6688671653489436e-12,-6.242691662686957e-12,-2.338733207801235e-11,-7.475920304485645e-12
typical30,TN-P013,N514,interior_applied_load,,-15.5,249.0,172.16,1.275773910533404e-13,-8.27900740783534,8.567723970359208e-14,-5.534826934970336e-12,1.549203074271619e-12,1.5537952406627436e-12
typical30,TN-P014,N515,interior_applied_load,,-7.75,249.0,200.739,2.1410798767145667e-13,-8.279007407834904,8.135579946033107e-14,-6.433301888109373e-12,1.1149544448865847e-12,-5.41112653916406e-13
typical30,TN-P015,N191,interior_applied_load,,-3.85,249.0,115.0,-9.284577831624571e-12,-6.714053410425141,1.4607333047304376e-12,7.05041912079257e-14,-2.9365052577376915e-12,-5.2077284567312e-12
typical30,TN-P016,N192,interior_applied_load,,0.0,249.0,115.0,4.428198252526272e-09,-1.2221060567705153,-6.8548684435398854e-06,3.136270798620444e-09,9.393575554072572e-08,-4.0470214379695335e-07
typical30,TN-P017,N493,interior_applied_load,,0.0,249.0,117.5,-1.1099147778078953e-08,-3.8379523845585766,3.263454408742859e-10,-6.474023026229382e-10,4.918095185610023e-12,9.380554398199957e-09
typical30,TN-P018,N494,interior_applied_load,,0.0,249.0,144.955,-1.3170249737219251e-14,-7.675904771569886,-2.867301379402059e-14,-1.4593605754486383e-13,-4.54524587817668e-15,-4.805530643873775e-13
typical30,TN-P019,N495,interior_applied_load,,0.0,249.0,172.41,-7.795918860036232e-15,-7.675904771569311,2.244412927277062e-14,-1.2387380109558722e-12,-1.6316325980483893e-14,6.389926318836167e-13
typical30,TN-P020,N496,interior_applied_load,,0.0,249.0,199.864,-2.9194284895501096e-14,-7.6759047715698525,-4.6186015415336694e-14,1.8017357814972787e-12,1.0833479835756352e-14,-1.3178448940227104e-13
typical30,TN-P021,N497,interior_applied_load,,0.0,249.0,227.319,2.9802322387695312e-08,-3.837952386587858,0.0,0.0,-2.3283064365386963e-10,-5.960464477539063e-08
typical30,TN-P022,N516,interior_applied_load,,-0.0,249.0,229.319,-8.940696716308594e-08,-10.271621759515256,4.76837158203125e-07,0.0,0.0,-8.940696716308594e-08
typical30,TN-P023,N193,interior_applied_load,,0.031,249.0,115.0,-8.291928672211116e-10,-66.45348344907585,5.017282144801084e-06,4.087527989616317e-11,1.9017762453465978e-07,1.4462642814605403e-07
typical30,TN-P024,N194,interior_applied_load,,1.0,249.0,115.0,-3.0240698833949864e-11,-6.398755048367775,-2.1792345705762273e-11,2.9956481739645824e-11,-9.666933920016163e-11,1.807620719773695e-10
typical30,TN-P025,N195,interior_applied_load,,9.344,249.0,115.0,-4.03391141829042e-12,-180.59533448799436,6.813856569188116e-13,4.4986812476218755e-14,6.796442081087636e-12,-1.5431156924054788e-11
typical30,TN-P026,N688,interior_applied_load,,10.167,249.0,229.319,-1.8312822274709124e-13,-8.345486119928228,2.0489976986809538e-13,-2.10376580909429e-14,-3.688852099394778e-12,-7.96515417304602e-13
typical30,TN-P027,N517,interior_applied_load,,10.6,249.0,137.864,2.8421709430404007e-13,-6.932963248242459,-1.2434497875801753e-14,8.526512829121202e-14,1.7763568394002505e-15,7.958078640513122e-13
typical30,TN-P028,N518,interior_applied_load,,20.2,249.0,160.728,-3.479032261634105e-13,-6.932963248241118,-2.0136654914471e-14,-4.937582057547146e-15,5.7986738231545145e-15,-4.0007595733497827e-13
typical30,TN-P029,N196,interior_applied_load,,21.385,249.0,115.0,1.4397841501850992e-11,-70.84794878930246,1.9035279491234362e-12,9.64078429607918e-14,-1.4591231940150003e-12,1.8437684417920258e-11
typical30,TN-P030,N197,interior_applied_load,,24.3,249.0,115.0,-4.644987044602845e-12,-2.092606844633383,-1.3789645225508145e-12,-5.330774907398523e-13,-1.0402429980149185e-11,1.538963736220042e-10
typical30,TN-P031,N198,interior_applied_load,,28.031,249.0,115.0,6.7536896663400215e-12,-179.98264032233996,-6.489360564601643e-12,2.4667898308700323e-13,-4.306692617190241e-12,9.615616411283092e-12
typical30,TN-P032,N519,interior_applied_load,,29.8,249.0,183.592,3.4784097421466417e-13,-6.9329632482413315,-2.5302601725889442e-14,-2.233986093613143e-13,1.1900794028147527e-13,2.775175493139245e-13
typical30,TN-P033,N689,interior_applied_load,,38.333,249.0,229.319,9.832769964275726e-13,-8.454340290949117,-1.0442224942042772e-12,-1.2573594224129457e-14,1.0465556161160847e-11,3.5859298041335987e-13
typical30,TN-P034,N520,interior_applied_load,,39.4,249.0,206.455,1.840605357269269e-13,-6.932963248241416,1.437047047084458e-13,4.0105312322425293e-13,6.073403743578734e-13,-1.8032339699919017e-12
typical30,TN-P035,N199,interior_applied_load,,42.74,249.0,115.0,3.153751023360502e-12,-72.02282608457814,3.0093537648925045e-12,4.1042953761672863e-13,-1.383144284191207e-12,-1.4501090526956966e-11
typical30,TN-P036,N200,interior_applied_load,,46.719,249.0,115.0,-6.468996751179407e-12,-176.54131891242346,-1.186895325260774e-11,1.4752007173833698e-13,-4.4850065628600504e-11,6.783651042785445e-11
typical30,TN-P037,N521,interior_applied_load,,49.0,249.0,229.319,2.9496183273636234e-11,-6.0608392501616235,-9.25022256709207e-10,-7.718688675191904e-12,-2.9282973615374353e-12,-1.5987337755735131e-10
typical30,TN-P038,N201,interface_action,BR-N-upper-2,50.25,249.0,115.0,-125.5411060279998,127.54979666821312,-0.8767363667019635,-90.67462809061524,-104.09882126836342,521.5848418019582
typical30,TN-P039,N690,interface_action,BR-N-upper-1,50.25,249.0,229.319,323.7552163830175,391.27822734450535,6.773360861931203,-319.5600785829269,78.92997370508034,971.5063254668647
typical30,TN-P040,N202,interior_applied_load,,52.45,249.0,115.0,-4.58970067078151e-10,-0.9446249470111755,-3.573423980975348e-11,-2.5745418952401776e-10,1.491810528696317e-10,-2.464783300164125e-10
typical30,TN-P041,N203,interface_action,N1 / U-W,53.25,249.0,115.0,-544.3871305732321,1181.7283862291642,-34.33149494432826,277.8237790510133,-1727.5008736524426,16208.875585185911
typical30,TN-P042,N691,interface_action,N1 / U-W,53.25,249.0,229.319,-356.88627092634397,-267.49802610834814,8.180606018896778,363.54799451744964,-172.88026039866023,-1758.2316131223374
typical30,TN-P043,N481,interface_action,N1 / U-W,56.25,249.0,207.0,555.0165806445639,260.849329119915,-5.45950677841891,-37.53223511537908,-28.486758733913618,531.3648359543782
typical30,TN-P044,N482,interior_applied_load,,57.25,249.0,207.0,7.450580596923828e-09,-5.595100788865238,-5.960464477539063e-08,-5.960464477539063e-08,-1.3096723705530167e-10,-1.4901161193847656e-08
typical30,TN-P045,N531,interior_applied_load,,57.25,249.0,209.5,7.450580596923828e-09,-2.490976210217923,0.0,-5.960464477539063e-08,0.0,7.450580596923828e-09
typical30,TN-P046,N532,interior_applied_load,,57.25,249.0,227.319,1.828639805204202e-08,-2.4909762101682604,9.14110367955523e-09,5.473187403293167e-09,-4.392651216049568e-11,-7.999980448925026e-09
typical30,TN-P047,N692,interior_applied_load,,57.25,249.0,229.319,-2.0704161538978906e-08,-2.8846354032049493,-1.963220079192581e-07,-1.8611486320153734e-08,-1.6083702769454868e-09,-8.931527020591938e-09
typical30,TN-P048,N204,interior_applied_load,,64.094,249.0,115.0,2.6972082625067856e-11,-69.9662987910273,5.38417601495567e-12,6.17628268587554e-13,1.313163788928055e-11,-9.428554786238295e-10
typical30,TN-P049,N205,interior_applied_load,,65.406,249.0,115.0,6.488163529250711e-12,-179.37388191949273,-2.0454450290603532e-12,-5.941037291627781e-13,-1.4759106099346874e-12,3.2479939978492975e-10
typical30,TN-P050,N693,interior_applied_load,,66.5,249.0,229.319,-1.5039928170800057e-12,-5.007291664598287,4.800606111682863e-12,8.717222070630415e-14,-4.843450695179451e-12,1.9204069471068087e-13
typical30,TN-P051,N541,interior_applied_load,,68.75,249.0,218.16,-3.979039320256561e-13,-4.480201577768071,2.2737367544323206e-13,-3.183231456205249e-12,-9.094947017729282e-13,4.547473508864641e-13
typical30,TN-P052,N483,interior_applied_load,,80.25,249.0,207.0,0.0,-6.570208326913416,-5.960464477539063e-08,-5.960464477539063e-08,0.0,7.450580596923828e-09
typical30,TN-P053,N533,interior_applied_load,,80.25,249.0,209.5,0.0,-2.490976210683584,1.1920928955078125e-07,5.960464477539063e-08,0.0,0.0
typical30,TN-P054,N534,interior_applied_load,,80.25,249.0,227.319,-5.066338101822332e-08,-2.4909762100619206,-1.5616713987254283e-07,-2.3884275904273444e-07,4.362606383204179e-12,3.020551747612288e-08
typical30,TN-P055,N542,interior_applied_load,,80.25,249.0,229.319,2.048665410146081e-08,-10.662997454177589,6.295207498232837e-08,-5.6194750708011045e-08,-1.1568710586003665e-10,2.700428864750812e-08
typical30,TN-P056,N206,interior_applied_load,,80.6,249.0,115.0,-1.1422120670950928e-11,-5.884226547021911,-2.1598848476649938e-12,-2.0184595343574287e-13,-3.7423629246134024e-12,-1.0329436516472854e-10
typical30,TN-P057,N207,interior_applied_load,,84.094,249.0,115.0,9.513611716587623e-12,-175.7029642585553,4.466964639744352e-11,3.8585899539126786e-13,-3.155594312439528e-11,1.7964811314801924e-09
typical30,TN-P058,N208,interior_applied_load,,85.448,249.0,115.0,-5.2923420889616544e-12,-72.02282608664288,-1.1861140926143422e-11,-4.631687523763972e-13,-6.63818404797296e-11,-2.2679412191979938e-09
typical30,TN-P059,N543,interior_applied_load,,92.25,249.0,218.16,5.4569682106375694e-12,-4.581557218971284,1.1368683772161603e-13,-9.094947017729282e-12,1.8189894035458565e-12,-1.1368683772161603e-12
typical30,TN-P060,N694,interior_applied_load,,94.667,249.0,229.319,6.2731604928886445e-12,-5.225000043435112,2.186267012426208e-12,1.744922559505593e-11,1.2495068074147705e-10,1.7226790252231732e-11
typical30,TN-P061,N209,interior_applied_load,,102.781,249.0,115.0,1.0129886188176268e-12,-180.90036969382527,9.064515641260615e-13,1.8337638927898348e-13,-3.12507768934748e-12,-2.2698973735933176e-10
typical30,TN-P062,N484,interior_applied_load,,104.25,249.0,207.0,2.2351741790771484e-08,-11.291557224467397,5.960464477539063e-08,-2.384185791015625e-07,-8.498318493366241e-09,-1.1175870895385742e-08
typical30,TN-P063,N535,interior_applied_load,,104.25,249.0,209.5,-1.862645149230957e-08,-2.490976210683584,1.1920928955078125e-07,1.1920928955078125e-07,3.4924596548080444e-10,1.862645149230957e-08
typical30,TN-P064,N536,interior_applied_load,,104.25,249.0,227.319,2.4711483109784993e-08,-2.4909762109633276,1.828069640663621e-07,2.2897340545835476e-07,-7.736733476861146e-11,9.137048728735664e-09
typical30,TN-P065,N695,interior_applied_load,,104.25,249.0,229.319,1.2088731270776874e-08,-6.132118053283909,-5.969293832117115e-08,1.4370862334926677e-07,1.3578958157559742e-10,2.6368673734555443e-08
typical30,TN-P066,N210,interior_applied_load,,106.802,249.0,115.0,3.1845148604800306e-11,-68.01800971174313,4.9059239355648854e-11,7.225394532030153e-13,-5.886260049956522e-11,-2.09073848470957e-09
typical30,TN-P067,N211,interior_applied_load,,108.75,249.0,115.0,-7.742654743994478e-12,-4.618166637410581,1.4940251094849704e-11,-3.4442859728473857e-13,7.999760321824048e-12,4.387978830260119e-09
typical30,TN-P068,N544,interior_applied_load,,116.25,249.0,218.16,-2.7284841053187847e-12,-4.581557218968555,1.8189894035458565e-12,-8.185452315956354e-12,1.0913936421275139e-11,4.547473508864641e-12
typical30,TN-P069,N212,interior_applied_load,,121.469,249.0,115.0,-2.528671853541232e-12,-180.28701943512868,1.2105690837635452e-12,-1.7430221252618416e-13,-9.49008921308635e-13,3.3419968902504627e-10
typical30,TN-P070,N696,interior_applied_load,,122.833,249.0,229.319,3.924088144000198e-13,-5.224999988226721,4.960836186186296e-11,-4.008577026541643e-11,-2.617351846565495e-12,1.6304280906157351e-10
typical30,TN-P071,N213,interior_applied_load,,128.156,249.0,115.0,-7.024761497619025e-12,-70.99751441553771,-3.0225874646654943e-15,-4.892971458832364e-14,-1.1604231151780279e-11,7.213943824333267e-10
typical30,TN-P072,N485,interior_applied_load,,128.25,249.0,207.0,0.0,-6.570208325982094,0.0,2.384185791015625e-07,0.0,0.0
typical30,TN-P073,N537,interior_applied_load,,128.25,249.0,209.5,-3.725290298461914e-09,-2.490976210683584,5.960464477539063e-08,-1.1920928955078125e-07,0.0,-3.725290298461914e-09
typical30,TN-P074,N538,interior_applied_load,,128.25,249.0,227.319,6.247433001482783e-09,-2.490976212561462,9.581126877988844e-09,-4.421444196878177e-08,5.64830992848625e-11,6.234813415550988e-09
typical30,TN-P075,N545,interior_applied_load,,128.25,249.0,229.319,-1.505405140385271e-08,-10.66299745420759,1.3476703509749187e-08,-1.0290684860686546e-07,-5.454939984329292e-10,6.887254879787522e-08
typical30,TN-P076,N214,interior_applied_load,,136.9,249.0,115.0,8.322942190017409e-12,-3.778500050044045,3.090885152236717e-13,2.832231527501551e-14,-1.4941146841338905e-12,2.267885310825344e-09
typical30,TN-P077,N546,interior_applied_load,,139.75,249.0,218.16,0.0,-4.48020157776773,-9.094947017729282e-13,8.185452315956354e-12,0.0,4.547473508864641e-13
typical30,TN-P078,N215,interior_applied_load,,140.156,249.0,115.0,-3.6308648692807542e-12,-178.14718140170862,3.0557875132691633e-12,1.0102245540803987e-12,9.701465113201392e-12,4.412964965406277e-09
typical30,TN-P079,N216,interior_applied_load,,149.51,249.0,115.0,2.684339296084833e-12,-72.02282608468805,2.709338105419182e-13,-1.6065999202887407e-13,-1.6152318872637257e-12,2.3970908196283965e-10
typical30,TN-P080,N697,interior_applied_load,,151.0,249.0,229.319,-2.582600799883039e-11,-5.007291787550752,-4.1947613216297697e-08,-1.485953090103193e-12,2.375136962107227e-09,-2.066488102858699e-08
typical30,TN-P081,N486,interior_applied_load,,151.25,249.0,207.0,-1.862645149230957e-09,-5.595100786536932,1.1920928955078125e-07,0.0,2.3283064365386963e-10,-1.862645149230957e-09
typical30,TN-P082,N539,interior_applied_load,,151.25,249.0,209.5,1.862645149230957e-09,-2.4909762144088745,1.1920928955078125e-07,-1.1920928955078125e-07,0.0,1.862645149230957e-09
typical30,TN-P083,N540,interior_applied_load,,151.25,249.0,227.319,-3.7621732063009006e-08,-2.4909762059171134,5.196003963897633e-07,1.0503255681859613e-08,6.283325112802794e-11,1.1111316089440493e-08
typical30,TN-P084,N698,interior_applied_load,,151.25,249.0,229.319,2.1535054781085528e-08,-0.9252603495176098,-6.471453523374752e-07,2.0716619497145217e-07,7.460390717521637e-09,1.079364314593434e-08
typical30,TN-P085,N487,interior_applied_load,,152.25,249.0,207.0,-1.553470268146658e-12,-0.13979168392111632,-1.4369888234618585e-08,-7.49042819296584e-11,2.063639929163316e-08,3.404109940972871e-08
typical30,TN-P086,N475,interior_applied_load,,155.25,249.0,120.0,-7.30104823881585e-14,-11.509154224676017,9.606757492451172e-15,-1.0273007253060908e-12,5.629463502114667e-14,-2.6324511794848937e-14
typical30,TN-P087,N476,interior_applied_load,,155.25,249.0,146.657,2.5033975159588286e-13,-23.01830844937543,1.0849286187887956e-13,-3.007392038382114e-12,-3.758618711672051e-14,3.144008590722708e-13
typical30,TN-P088,N477,interior_applied_load,,155.25,249.0,173.314,-2.886597788918058e-14,-23.018308449372523,6.383154273468547e-13,4.3314423138945785e-12,5.629463502114667e-14,-4.938406523429938e-12
typical30,TN-P089,N478,interior_applied_load,,155.25,249.0,199.971,2.2868377656172437e-13,-14.543941551214985,-5.4982272473578814e-12,-1.930211127773325e-11,1.4921676059365665e-13,1.2435946515232715e-13
typical30,TN-P090,N479,interior_applied_load,,155.25,249.0,207.0,6.935166787974821e-11,-11.50915421083419,-4.4198986718430826e-08,2.61238822196728e-09,5.405554490350216e-08,-1.1917354135430547e-07
typical30,TN-P091,N480,interior_applied_load,,155.25,249.0,226.628,0.0,-8.474366899579763,-1.1920928955078125e-07,0.0,0.0,1.4901161193847656e-08
typical30,TN-P092,N699,interior_applied_load,,155.25,249.0,229.319,7.450580596923828e-09,-1.9049478992819786,0.0,0.0,2.3283064365386963e-10,2.9802322387695312e-08
typical30,TN-P093,N217,interior_applied_load,,158.844,249.0,115.0,1.7154959224269505e-11,-179.06950280630207,2.202823798564177e-12,-5.329846309352298e-13,-9.794387833169922e-12,-3.3929570282354187e-10
typical30,TN-P094,N522,interior_applied_load,,160.0,249.0,229.319,8.648728918883383e-14,-8.873232788126801,-1.3637680850585294e-10,2.685114891531758e-13,-2.525018065274529e-10,1.8316865391035067e-10
typical30,TN-P095,N218,interior_applied_load,,165.05,249.0,115.0,-1.1836409549009055e-11,-3.785059832838963,-3.044790905352627e-14,6.407582472707899e-13,-3.0383249093107037e-12,-7.361461488167003e-10
typical30,TN-P096,N219,interior_applied_load,,170.865,249.0,115.0,-6.301852370984081e-14,-70.06863313979623,3.704735446113357e-13,-2.8939389740097415e-13,-9.119809803253781e-12,-8.692485397271267e-11
typical30,TN-P097,N523,interior_applied_load,,172.85,249.0,206.455,-2.9214519960964096e-13,-7.33275033566752,-2.2650000346301728e-13,-1.2999449356298283e-12,-1.3137606198036726e-12,-4.634306373957472e-13
typical30,TN-P098,N220,interior_applied_load,,177.531,249.0,115.0,4.512922172344434e-12,-177.05299082831294,9.431853380007055e-11,-6.040733964455231e-13,-1.679781769688548e-10,1.0608888504270197e-09
typical30,TN-P099,N700,interior_applied_load,,179.167,249.0,229.319,-8.341407292895347e-12,-4.354166700462623,-5.295959045322931e-09,2.7049144429023115e-13,1.0459279947898446e-09,-5.856347904072884e-09
typical30,TN-P100,N221,interior_applied_load,,180.0,249.0,115.0,2.9635200959887698e-08,-4.624726570797293,1.275877181683427e-09,4.4234926832587007e-10,-1.538261119233851e-10,-4.70477425906779e-08
typical30,TN-P101,N498,interior_applied_load,,180.0,249.0,117.5,-2.507648844130017e-08,-3.8379523759167133,1.1706703162417398e-08,-3.447610197326867e-09,9.586642590875272e-11,-2.1560936147579923e-08
typical30,TN-P102,N499,interior_applied_load,,180.0,249.0,144.955,-5.684341886080802e-14,-7.67590477156773,0.0,8.526512829121202e-14,7.105427357601002e-15,0.0
typical30,TN-P103,N500,interior_applied_load,,180.0,249.0,172.41,0.0,-7.675904771560454,-1.4210854715202004e-14,4.547473508864641e-13,7.027993008651726e-16,-3.637978807091713e-12
typical30,TN-P104,N501,interior_applied_load,,180.0,249.0,199.864,-1.386009077857275e-13,-7.675904771561981,-6.822399049760936e-14,4.546730068970002e-12,8.95544038558783e-16,-2.1620098413074004e-12
typical30,TN-P105,N502,interior_applied_load,,180.0,249.0,227.319,-1.9390945649178093e-07,-3.8379523919278444,-2.6878315195766334e-07,2.3680198202313818e-07,-4.880321781799944e-12,1.6280058368067785e-07
typical30,TN-P106,N701,interior_applied_load,,180.0,249.0,229.319,2.878733995772335e-07,-6.132118049607938,1.495585770678263e-07,-8.481480234389463e-08,3.8748893847874374e-09,1.9689818804266843e-07
typical30,TN-P107,N524,interior_applied_load,,185.7,249.0,183.592,-3.4903913456846684e-14,-7.332750335669041,8.747105462427135e-14,1.0826823073736642e-12,8.936411178129318e-13,-6.987684334725809e-13
typical30,TN-P108,N222,interior_applied_load,,192.219,249.0,115.0,4.7800978917610726e-11,-70.29494954992289,-5.414166294522363e-10,2.184950424623211e-12,7.961957418820532e-10,-9.138971475292583e-10
typical30,TN-P109,N223,interior_applied_load,,193.2,249.0,115.0,2.0383796392680698e-11,-1.259499952458302,3.1828083037218034e-10,-5.832785209004069e-12,3.2572731821110904e-10,-1.6776982287661707e-09
typical30,TN-P110,N224,interior_applied_load,,196.219,249.0,115.0,1.3578781096989225e-11,-180.59139863688532,9.416697462592537e-12,1.4582517769062213e-12,4.861905588289891e-12,2.4656938405736525e-10
typical30,TN-P111,N525,interior_applied_load,,198.55,249.0,160.728,7.79637783233245e-13,-7.332750335665747,8.525236951764377e-14,3.899057710293085e-13,-1.5217586514758877e-12,8.504145404797744e-13
typical30,TN-P112,N702,interior_applied_load,,207.333,249.0,229.319,-5.1185341737626586e-12,-9.63359374902033,-2.554554695297838e-12,1.8652422816401455e-12,-2.7984792662532903e-11,-8.997355864150377e-12
typical30,TN-P113,N526,interior_applied_load,,211.4,249.0,137.864,-3.637978807091713e-12,-7.332750335657693,2.1316282072803006e-13,-3.183231456205249e-12,6.821210263296962e-13,-2.0747847884194925e-12
typical30,TN-P114,N225,interior_applied_load,,213.573,249.0,115.0,-4.029100261823804e-11,-72.0228260848298,6.653153346771741e-11,6.1962944519600345e-12,-2.991054223258066e-10,-1.0981789793670052e-10
typical30,TN-P115,N226,interior_applied_load,,214.906,249.0,115.0,-4.770991045987804e-12,-176.6252855701266,-3.3362562251436674e-10,-3.278915801221033e-12,-3.2847305327037885e-10,-7.508115432213664e-10
typical30,TN-P116,N227,interior_applied_load,,221.35,249.0,115.0,-4.720591136740396e-12,-2.942113318016446,-1.301833098131743e-10,8.783396538165852e-12,4.284124450683566e-11,1.9452480672467123e-10
typical30,TN-P117,N228,interface_action,N2; T-E,224.25,249.0,115.0,-226.86749175190926,2026.0257648546249,-169.85231560468674,339.1274603009224,-162.43864288646728,-2110.7461981773376
typical30,TN-P118,N503,interface_action,T-E,224.25,249.0,117.5,408.64382749795914,-745.2029535640031,159.14206683635712,-1210.1315315365791,-733.536673521623,4085.9858117699623
typical30,TN-P119,N186,interface_action,T-E,224.25,249.0,120.0,-1.8740741702349624,512.3453089046234,-2.581893292546738,-162.21483161661308,-44.10381759697589,160.9140195591317
typical30,TN-P120,N504,interior_applied_load,,224.25,249.0,144.955,-2.4868995751603507e-14,-7.675904771569549,-2.1316282072803006e-14,0.0,2.842170943040401e-14,-1.7053025658242404e-13
typical30,TN-P121,N505,interior_applied_load,,224.25,249.0,172.41,-9.94010874415389e-16,-7.675904771572006,-1.6967562698824827e-14,-5.25574918115296e-13,2.191041049410185e-14,-6.751854881620834e-14
typical30,TN-P122,N506,interior_applied_load,,224.25,249.0,199.864,-1.3669956194634813e-14,-7.675904771570355,-8.949875315184505e-15,6.257599046054774e-13,6.3841578191155816e-15,3.335954781497183e-13
typical30,TN-P123,N507,interior_applied_load,,224.25,249.0,227.319,5.379829707066741e-08,-3.8379523856886575,8.976931054893722e-07,1.5720046016576283e-06,9.310489327277327e-12,-6.178734304057576e-08
typical30,TN-P124,N527,interface_action,N2; T-E top / segment 4,224.25,249.0,229.319,-47.404407271892275,-177.50767083292106,2.3143308234618147,-385.8101876404402,-100.79090622390162,-7367.587129450267
typical30,TN-P125,N528,interior_applied_load,,230.312,249.0,200.739,-1.1553403185813908e-12,-8.168231420217626,-1.5512906976588337e-13,-2.81480671486474e-12,1.5968932287633102e-12,7.278350489007635e-13
typical30,TN-P126,N703,interior_applied_load,,235.5,249.0,229.319,7.58303746457579e-13,-5.35358705250857,-7.20200271401689e-12,-2.641581816641248e-11,-2.9246109266005264e-11,-2.7403171980233452e-11
typical30,TN-P127,N529,interior_applied_load,,236.375,249.0,172.16,3.949471935076239e-13,-8.168231420215053,-3.7746207315978007e-14,-2.928943952685892e-13,-1.0675342264170058e-15,-1.541978642862012e-12
typical30,TN-P128,N530,interior_applied_load,,242.438,249.0,143.58,9.094947017729282e-13,-8.168231420220764,9.947598300641403e-14,-3.637978807091713e-12,-1.0231815394945443e-12,1.9326762412674725e-12
typical30,TN-P129,N229,interior_applied_load,,248.5,249.0,115.0,-2.9802322387695312e-08,-12.034709440544248,-1.1920928955078125e-07,-1.1920928955078125e-07,2.3283064365386963e-09,2.9802322387695312e-08
typical30,TN-P130,N508,interior_applied_load,,248.5,249.0,117.5,2.9802322387695312e-08,-3.725215408951044,1.1920928955078125e-07,0.0,-4.656612873077393e-10,-2.9802322387695312e-08
typical30,TN-P131,N509,interior_applied_load,,248.5,249.0,144.148,3.11260232594774e-14,-7.450430807088139,1.4879017032400148e-13,-1.7161479044027125e-12,-1.5138333895792947e-15,6.53952733232119e-14
typical30,TN-P132,N510,interior_applied_load,,248.5,249.0,170.797,2.926686847370384e-14,-7.450430807088325,-1.1738364109091762e-13,1.7710464280620114e-11,-3.2281342131646606e-15,2.938574832777249e-14
typical30,TN-P133,N511,interior_applied_load,,248.5,249.0,197.445,-2.5207509613630867e-14,-7.450430807083721,8.088541168228599e-13,-7.100606196132679e-12,1.2886851771532512e-15,-1.111114288287267e-12
typical30,TN-P134,N512,interior_applied_load,,248.5,249.0,224.093,-1.1582933134179752e-08,-3.725215405381455,1.9589109492783284e-07,1.7696469958741805e-07,-1.6563206477012565e-13,-1.8158293005992328e-08
typical30,TN-P135,N704,interior_applied_load,,248.5,249.0,226.324,-4.883415099867945e-09,-3.127781258890438,-4.3867360235122183e-07,-2.894273011927738e-08,1.200573087847007e-09,1.1568178412042683e-08
typical30,TN-P136,N230,interior_applied_load,,249.5,249.0,115.0,-7.403910817771475e-12,-0.3148750144512666,-1.178197418100213e-09,5.109355646903957e-12,1.4361274461305307e-09,1.009723214762115e-09
typical30,TN-P137,N705,interior_applied_load,,249.5,249.0,226.093,-6.028416863316669e-12,-0.2234129458721398,2.814637431177872e-09,-2.7818990317520905e-10,1.6118023823570505e-09,-1.8672530817960605e-10
storage125_sensitivity,TN-P001,N148,interface_action,BR-N-upper-1; T-W / B-WO; W4,-32.0,249.0,115.0,-87.0673016784123,111.08898098257488,132.1352789466716,731.4626889548275,-6291.064757395461,-7443.881879392361
storage125_sensitivity,TN-P002,N628,interface_action,BR-N-upper-2; T-W top / segment 2; W4,-32.0,249.0,226.093,192.95166288601214,365.1805247147184,-30.71728597377139,418.5821747604736,560.8228238332798,5141.284581158826
storage125_sensitivity,TN-P003,N189,interior_applied_load,,-31.0,249.0,115.0,6.465938895416912e-10,-7.501450305358617,2.1057218191344873e-08,3.2060825105872937e-08,-3.815245008809143e-09,-1.8949776858789846e-08
storage125_sensitivity,TN-P004,N488,interior_applied_load,,-31.0,249.0,117.5,-5.540192929822038e-09,-3.725215404230051,-1.4557465967473729e-08,2.406274611763401e-08,-6.70587048027704e-11,-9.849081869458108e-08
storage125_sensitivity,TN-P005,N489,interior_applied_load,,-31.0,249.0,144.148,-1.7409671625717106e-14,-7.45043080708644,4.655592269195872e-15,1.218032129686617e-12,1.51119600827143e-14,4.4485327783681504e-13
storage125_sensitivity,TN-P006,N490,interior_applied_load,,-31.0,249.0,170.797,4.5256033601173127e-14,-7.450430807086538,1.1994290386914746e-15,5.060482191661496e-13,-8.012961160412091e-14,8.128825124318476e-13
storage125_sensitivity,TN-P007,N491,interior_applied_load,,-31.0,249.0,197.445,2.0066358808567106e-13,-7.450430807085319,-1.7004162581014301e-13,-2.5772494079359395e-13,1.0565227555412348e-13,-1.2661772373655333e-12
storage125_sensitivity,TN-P008,N492,interior_applied_load,,-31.0,249.0,224.093,5.960464477539063e-08,-3.7252154033631086,9.5367431640625e-07,0.0,0.0,-1.1920928955078125e-07
storage125_sensitivity,TN-P009,N686,interior_applied_load,,-31.0,249.0,226.324,0.0,-3.1277812612242997,0.0,0.0,2.514570951461792e-08,-1.1920928955078125e-07
storage125_sensitivity,TN-P010,N513,interior_applied_load,,-23.25,249.0,143.58,2.2737367544323206e-13,-8.279007407836161,-1.2789769243681803e-13,-1.1823431123048067e-11,2.1600499167107046e-12,6.366462912410498e-12
storage125_sensitivity,TN-P011,N190,interior_applied_load,,-21.323,249.0,115.0,9.248027438062521e-12,-74.6874557753872,1.5156018392957206e-12,-3.879249787354334e-13,-9.099878046919718e-13,1.2943450774360124e-12
storage125_sensitivity,TN-P012,N687,interior_applied_load,,-18.0,249.0,229.319,9.563052394584726e-12,-6.823118306104991,5.796425159389427e-12,-2.7192745145359955e-11,4.568908921028477e-12,-7.407392734540658e-11
storage125_sensitivity,TN-P013,N514,interior_applied_load,,-15.5,249.0,172.16,3.8348268425065637e-13,-8.27900740783636,3.366632072006296e-13,-8.058771786999218e-12,2.5446680399277565e-12,1.6492501762688142e-12
storage125_sensitivity,TN-P014,N515,interior_applied_load,,-7.75,249.0,200.739,2.844858927528159e-13,-8.27900740783581,1.271629251029067e-13,-4.839813352801306e-12,-5.171068967894186e-13,1.4412618979813368e-11
storage125_sensitivity,TN-P015,N191,interior_applied_load,,-3.85,249.0,115.0,1.955992492930352e-11,-6.714053410549815,1.739116870521822e-11,4.252370006151887e-13,-3.2389193233252936e-11,-8.378970618684605e-11
storage125_sensitivity,TN-P016,N192,interior_applied_load,,0.0,249.0,115.0,2.1834949848198448e-08,-1.2221334446590562,1.710637724450237e-05,8.014842123316157e-10,-7.371517656992694e-07,-1.4072634115791516e-06
storage125_sensitivity,TN-P017,N493,interior_applied_load,,0.0,249.0,117.5,-3.2283627628813116e-08,-3.837952384033474,1.4295395896858155e-08,5.971412921600476e-10,-5.0046004628956044e-11,6.70471562357691e-08
storage125_sensitivity,TN-P018,N494,interior_applied_load,,0.0,249.0,144.955,6.883653948555682e-14,-7.67590477156892,-1.3078783485289954e-14,1.6166976839315174e-12,9.093401110209437e-16,-1.671490323362062e-12
storage125_sensitivity,TN-P019,N495,interior_applied_load,,0.0,249.0,172.41,3.464717252716582e-14,-7.675904771569235,-7.320393856252244e-16,1.2579585343180244e-12,-2.714675778239246e-14,-3.5510026740075687e-12
storage125_sensitivity,TN-P020,N496,interior_applied_load,,0.0,249.0,199.864,-2.2563798685529055e-13,-7.675904771569719,-1.0691950341425223e-13,5.348015958578934e-12,3.1581928773408713e-14,-2.1857724212267374e-12
storage125_sensitivity,TN-P021,N497,interior_applied_load,,0.0,249.0,227.319,0.0,-3.8379523875191808,-4.76837158203125e-07,0.0,0.0,0.0
storage125_sensitivity,TN-P022,N516,interior_applied_load,,-0.0,249.0,229.319,-2.384185791015625e-07,-10.271621759049594,0.0,-4.76837158203125e-07,0.0,0.0
storage125_sensitivity,TN-P023,N193,interior_applied_load,,0.031,249.0,115.0,1.4755694608741105e-09,-66.45348942488098,-4.462234517040249e-05,4.5012271011176106e-10,2.728316669557393e-07,-2.695403653772105e-07
storage125_sensitivity,TN-P024,N194,interior_applied_load,,1.0,249.0,115.0,5.822897719554021e-10,-6.398755052386093,3.574314177967608e-09,-5.258016244624741e-12,8.899405656848103e-10,1.9972503650933504e-09
storage125_sensitivity,TN-P025,N195,interior_applied_load,,9.344,249.0,115.0,8.993546446587805e-13,-574.5659360466847,2.1314886421244367e-12,2.7415560914858183e-13,9.659396296213082e-12,6.146552518196212e-12
storage125_sensitivity,TN-P026,N688,interior_applied_load,,10.167,249.0,229.319,6.785293651594128e-12,-8.345486119927855,2.436868509674063e-12,-3.4550553845392954e-13,3.0689512400487315e-11,-2.1791574701769154e-12
storage125_sensitivity,TN-P027,N517,interior_applied_load,,10.6,249.0,137.864,1.5631940186722204e-12,-6.93296324824189,3.197442310920451e-14,1.1368683772161603e-13,-5.684341886080802e-14,-1.3642420526593924e-12
storage125_sensitivity,TN-P028,N518,interior_applied_load,,20.2,249.0,160.728,-5.744294995612489e-14,-6.93296324824011,2.880333269253214e-15,3.9507094506693585e-13,-7.679050206656267e-14,-2.0835554482468665e-12
storage125_sensitivity,TN-P029,N196,interior_applied_load,,21.385,249.0,115.0,-4.4800208586915864e-11,-70.84794878938355,6.136332661353935e-12,-3.8120882476037135e-13,-3.824182377269686e-12,-4.1079975991598185e-11
storage125_sensitivity,TN-P030,N197,interior_applied_load,,24.3,249.0,115.0,-3.6709548681181625e-12,-2.0926068446473947,4.280604496546193e-12,9.110529651500903e-14,-3.0419639436653267e-11,2.666250553153094e-10
storage125_sensitivity,TN-P031,N198,interior_applied_load,,28.031,249.0,115.0,3.620132395956846e-11,-573.9532418810783,8.309342372925399e-13,-3.801923396971284e-13,-5.304529718417217e-12,2.540257521020096e-11
storage125_sensitivity,TN-P032,N519,interior_applied_load,,29.8,249.0,183.592,2.667760859576775e-13,-6.932963248242252,-2.954922521027661e-14,8.271748853829992e-14,8.919498838993284e-15,4.4346253418714906e-12
storage125_sensitivity,TN-P033,N689,interior_applied_load,,38.333,249.0,229.319,-4.5106145364560356e-12,-8.454340290948785,5.3135676734658395e-12,1.6409841798891485e-13,7.924475623755592e-12,2.447732284593039e-13
storage125_sensitivity,TN-P034,N520,interior_applied_load,,39.4,249.0,206.455,-2.4401174818122478e-14,-6.932963248243669,3.618017003875967e-13,2.0679793273196465e-12,9.086564068194643e-13,-3.3603636509110883e-12
storage125_sensitivity,TN-P035,N199,interior_applied_load,,42.74,249.0,115.0,2.2375873607381502e-11,-72.02282608456797,3.2083667910267336e-12,3.995545596410732e-13,-2.7983649709093843e-11,3.896107365530504e-11
storage125_sensitivity,TN-P036,N200,interior_applied_load,,46.719,249.0,115.0,-3.678567946065063e-11,-570.5119204711106,-9.804883519466403e-12,2.9168092246414773e-13,-7.48808384978743e-11,1.0321124686454452e-10
storage125_sensitivity,TN-P037,N521,interior_applied_load,,49.0,249.0,229.319,-2.153321965181476e-11,-6.06083925013965,-1.1843746400286292e-09,2.338305670224385e-12,3.8616905853605665e-10,-4.839927070232619e-11
storage125_sensitivity,TN-P038,N201,interface_action,BR-N-upper-2,50.25,249.0,115.0,-231.6936041836929,292.0585952875436,-2.2165638194957844,-248.99356600224093,-286.5686139095346,98.500316512153
storage125_sensitivity,TN-P039,N690,interface_action,BR-N-upper-1,50.25,249.0,229.319,814.4297512489283,1045.5822090748168,19.951900768670292,-956.1844900728157,240.00864936720436,1796.0724383997765
storage125_sensitivity,TN-P040,N202,interior_applied_load,,52.45,249.0,115.0,-7.969733737278018e-10,-0.944624945743368,-1.9256306895872006e-10,-4.923351644503256e-10,-2.4993853686408745e-10,3.1262541624578785e-10
storage125_sensitivity,TN-P041,N203,interface_action,N1 / U-W,53.25,249.0,115.0,-1577.7071101702418,3136.3584612110308,-94.88862440540112,728.7109085934524,-5246.968587889615,42798.09193560884
storage125_sensitivity,TN-P042,N691,interface_action,N1 / U-W,53.25,249.0,229.319,-837.8281655719408,-834.8189167606955,25.30642602764915,1147.1483251457544,-441.84373565787075,-3269.3677714411842
storage125_sensitivity,TN-P043,N481,interface_action,N1 / U-W,56.25,249.0,207.0,1342.908234932325,527.1616085350503,-12.204796711934463,-73.84727951759082,-199.3833724743547,1206.8449722637897
storage125_sensitivity,TN-P044,N482,interior_applied_load,,57.25,249.0,207.0,2.9802322387695312e-08,-5.595100788399577,0.0,-2.384185791015625e-07,-2.3283064365386963e-10,-5.960464477539063e-08
storage125_sensitivity,TN-P045,N531,interior_applied_load,,57.25,249.0,209.5,-5.960464477539063e-08,-2.490976210683584,-1.1920928955078125e-07,-1.1920928955078125e-07,5.820766091346741e-11,0.0
storage125_sensitivity,TN-P046,N532,interior_applied_load,,57.25,249.0,227.319,1.0314336330169427e-07,-2.490976209885504,-9.036978210197333e-08,-2.1751854983875774e-08,-1.6882298228222603e-10,-1.1377616664087764e-07
storage125_sensitivity,TN-P047,N692,interior_applied_load,,57.25,249.0,229.319,-2.138827458921394e-07,-2.8846354024116256,-2.040419071267612e-07,-1.5774034249065488e-07,-4.898675398316865e-09,-5.4604882656420385e-08
storage125_sensitivity,TN-P048,N204,interior_applied_load,,64.094,249.0,115.0,7.370007611190591e-11,-69.96629878894012,-2.0873093203372077e-10,-7.516423170183092e-15,-3.391553063111877e-10,-1.6532658101485672e-09
storage125_sensitivity,TN-P049,N205,interior_applied_load,,65.406,249.0,115.0,7.041859238530984e-11,-573.3444834781511,7.140685755080845e-11,8.341810091579234e-13,-2.5361966828459076e-11,5.507570731826904e-10
storage125_sensitivity,TN-P050,N693,interior_applied_load,,66.5,249.0,229.319,-6.759160539198436e-12,-5.007291664597442,5.7996214117211774e-12,1.9679051939508547e-14,7.565331520284243e-12,-1.1057385718031337e-11
storage125_sensitivity,TN-P051,N541,interior_applied_load,,68.75,249.0,218.16,2.2737367544323206e-12,-4.4802015777645465,-2.2737367544323206e-13,0.0,-9.094947017729282e-13,9.094947017729282e-13
storage125_sensitivity,TN-P052,N483,interior_applied_load,,80.25,249.0,207.0,-2.9802322387695312e-08,-6.570208327844739,0.0,0.0,1.1641532182693481e-10,5.960464477539063e-08
storage125_sensitivity,TN-P053,N533,interior_applied_load,,80.25,249.0,209.5,-2.9802322387695312e-08,-2.490976210683584,2.384185791015625e-07,0.0,0.0,-2.9802322387695312e-08
storage125_sensitivity,TN-P054,N534,interior_applied_load,,80.25,249.0,227.319,-1.5731398794738283e-08,-2.4909762109709273,-1.1574297664740385e-07,-5.54311243572414e-08,1.817275965303417e-11,-8.016113139941439e-08
storage125_sensitivity,TN-P055,N542,interior_applied_load,,80.25,249.0,229.319,-7.761031793378285e-09,-10.662997454180946,2.2156126326546673e-07,-4.0239896243265945e-07,3.332137920825586e-10,-7.90981979350808e-08
storage125_sensitivity,TN-P056,N206,interior_applied_load,,80.6,249.0,115.0,-1.6883021811950844e-11,-5.884226546718561,-5.178807376419435e-11,-7.267555863756193e-13,-7.479509339557219e-12,7.5319315064321e-11
storage125_sensitivity,TN-P057,N207,interior_applied_load,,84.094,249.0,115.0,3.490706067802565e-11,-569.6735658143518,-1.1810717780213662e-11,1.7227094103675677e-12,3.2561609524548573e-10,3.243803914544265e-09
storage125_sensitivity,TN-P058,N208,interior_applied_load,,85.448,249.0,115.0,-1.911979655049845e-11,-72.02282608759252,4.3593213850867037e-10,-5.267883046747059e-13,-5.917335164008407e-11,-1.0802305630558111e-08
storage125_sensitivity,TN-P059,N543,interior_applied_load,,92.25,249.0,218.16,7.275957614183426e-12,-4.581557218971284,4.320099833421409e-12,-2.091837814077735e-11,1.8189894035458565e-12,-9.094947017729282e-13
storage125_sensitivity,TN-P060,N694,interior_applied_load,,94.667,249.0,229.319,8.058746140049144e-12,-5.22500004343458,1.9939466927133838e-11,4.0445955617475985e-11,2.0825148213930936e-10,-8.311267202771541e-11
storage125_sensitivity,TN-P061,N209,interior_applied_load,,102.781,249.0,115.0,2.3944542231571767e-12,-574.8709712528167,-1.3218542559495582e-11,-7.257423745813713e-13,3.4971592625114145e-11,-1.177709171331087e-11
storage125_sensitivity,TN-P062,N484,interior_applied_load,,104.25,249.0,207.0,5.960464477539063e-08,-11.291557218879461,0.0,-4.76837158203125e-07,-1.30385160446167e-08,2.9802322387695312e-08
storage125_sensitivity,TN-P063,N535,interior_applied_load,,104.25,249.0,209.5,-2.9802322387695312e-08,-2.4909762144088745,2.384185791015625e-07,3.5762786865234375e-07,-5.587935447692871e-09,0.0
storage125_sensitivity,TN-P064,N536,interior_applied_load,,104.25,249.0,227.319,1.2271638663574613e-08,-2.490976211145142,2.348803962437529e-07,1.5720781254557892e-07,1.452461929814963e-10,5.701148778070042e-08
storage125_sensitivity,TN-P065,N695,interior_applied_load,,104.25,249.0,229.319,5.571763032624697e-08,-6.132118054204038,-1.725016178616059e-07,3.1399990159375383e-07,-5.046310846431694e-10,8.692240270656952e-08
storage125_sensitivity,TN-P066,N210,interior_applied_load,,106.802,249.0,115.0,-7.98791787265221e-11,-68.01800971729912,7.562622797487298e-11,-1.3042063888054623e-12,-1.2458789703619205e-10,-4.9546790034135475e-09
storage125_sensitivity,TN-P067,N211,interior_applied_load,,108.75,249.0,115.0,7.556085944980128e-11,-4.618166647495265,1.5146831313839512e-10,-1.1507093501999276e-12,1.1638611226935493e-10,1.2306710183340398e-08
storage125_sensitivity,TN-P068,N544,interior_applied_load,,116.25,249.0,218.16,-3.637978807091713e-12,-4.581557218969465,-3.410605131648481e-12,-2.546585164964199e-11,3.8198777474462986e-11,7.275957614183426e-12
storage125_sensitivity,TN-P069,N212,interior_applied_load,,121.469,249.0,115.0,-4.750426705848116e-12,-574.2576209938146,1.355039107009252e-13,1.66450664025819e-14,2.154969898201399e-12,1.069885331823604e-10
storage125_sensitivity,TN-P070,N696,interior_applied_load,,122.833,249.0,229.319,7.726397720590852e-12,-5.224999988267965,-1.272311069313436e-10,-8.38790612648962e-11,1.1750526355748634e-10,-9.693115783804543e-12
storage125_sensitivity,TN-P071,N213,interior_applied_load,,128.156,249.0,115.0,1.049310805888971e-11,-70.99751441580793,7.798310684587932e-13,1.5377491131113302e-13,-1.720016181621541e-11,-1.2416498174270005e-10
storage125_sensitivity,TN-P072,N485,interior_applied_load,,128.25,249.0,207.0,1.4901161193847656e-08,-6.570208325982094,0.0,0.0,4.656612873077393e-10,-2.9802322387695312e-08
storage125_sensitivity,TN-P073,N537,interior_applied_load,,128.25,249.0,209.5,0.0,-2.490976206958294,2.384185791015625e-07,2.384185791015625e-07,0.0,2.9802322387695312e-08
storage125_sensitivity,TN-P074,N538,interior_applied_load,,128.25,249.0,227.319,1.1728351921591607e-07,-2.490976211696049,6.547165809500655e-07,2.9119139899336233e-07,-8.441667539468776e-12,-1.5145305534702835e-07
storage125_sensitivity,TN-P075,N545,interior_applied_load,,128.25,249.0,229.319,-1.4287321641461498e-07,-10.662997447991135,-6.859851503941065e-07,4.325056313942671e-07,5.814746076809744e-10,1.2084436810370707e-07
storage125_sensitivity,TN-P076,N214,interior_applied_load,,136.9,249.0,115.0,2.91008436776787e-11,-3.7785000511454165,-7.607308425011945e-12,7.509561757602928e-13,1.6709977515590047e-11,-3.169671644821143e-09
storage125_sensitivity,TN-P077,N546,interior_applied_load,,139.75,249.0,218.16,-3.637978807091713e-12,-4.480201577756816,-2.2737367544323206e-12,1.4551915228366852e-11,0.0,-6.366462912410498e-12
storage125_sensitivity,TN-P078,N215,interior_applied_load,,140.156,249.0,115.0,-4.843275000002554e-11,-572.1177829585048,1.1164645618143761e-11,1.4012204007701764e-12,2.1880245236556167e-11,4.2668203965320743e-10
storage125_sensitivity,TN-P079,N216,interior_applied_load,,149.51,249.0,115.0,-1.3837749905240083e-11,-72.02282608458351,-1.18510663015054e-12,-1.3579834802783597e-13,-3.4954914163761787e-13,-2.11490523367613e-09
storage125_sensitivity,TN-P080,N697,interior_applied_load,,151.0,249.0,229.319,-4.011426746330926e-10,-5.007291570270422,-2.3505956558977914e-07,-4.3004515992352e-12,2.6243373030254702e-08,1.6369004166016943e-08
storage125_sensitivity,TN-P081,N486,interior_applied_load,,151.25,249.0,207.0,1.4901161193847656e-08,-5.595100790262222,2.384185791015625e-07,0.0,0.0,0.0
storage125_sensitivity,TN-P082,N539,interior_applied_load,,151.25,249.0,209.5,-2.9802322387695312e-08,-2.4909762144088745,2.384185791015625e-07,0.0,-4.656612873077393e-10,0.0
storage125_sensitivity,TN-P083,N540,interior_applied_load,,151.25,249.0,227.319,-3.709322710099272e-10,-2.4909762077038486,-6.879726838215916e-08,-7.126918090127887e-07,3.1267303875224955e-11,1.576933109093126e-08
storage125_sensitivity,TN-P084,N698,interior_applied_load,,151.25,249.0,229.319,-6.158747031803635e-08,-0.9252604381066669,-1.5704164679872668e-07,-4.433688196586055e-07,3.326460707017351e-08,-5.478844129595817e-08
storage125_sensitivity,TN-P085,N487,interior_applied_load,,152.25,249.0,207.0,-9.792117444468405e-11,-0.13979164829557664,1.1205034041133651e-07,-4.4144454332469005e-09,-1.107382692259106e-07,-1.045074427573737e-07
storage125_sensitivity,TN-P086,N475,interior_applied_load,,155.25,249.0,120.0,-3.0120399191891965e-13,-11.509154224678642,8.363059554729995e-14,-1.5515602591044483e-12,1.5041315794417072e-13,3.3123132758004082e-12
storage125_sensitivity,TN-P087,N476,interior_applied_load,,155.25,249.0,146.657,5.50521057706602e-13,-23.01830844935264,3.119275110586123e-13,-6.277314915585523e-12,-1.4669254614031787e-13,-2.3887798242552383e-12
storage125_sensitivity,TN-P088,N477,interior_applied_load,,155.25,249.0,173.314,-4.804994088107283e-14,-23.018308449387238,1.130165932639617e-12,-2.0811439229186135e-11,1.5041315794417072e-13,-4.79355509981698e-12
storage125_sensitivity,TN-P089,N478,interior_applied_load,,155.25,249.0,199.971,-1.0745525648373458e-13,-14.54394155126085,5.992442167342818e-11,1.0192562580475816e-11,1.0072501715916603e-12,-1.4874407041871143e-11
storage125_sensitivity,TN-P090,N479,interior_applied_load,,155.25,249.0,207.0,6.06087239227895e-10,-11.509154268600541,-1.5661809678909784e-07,1.0939915010051403e-08,-1.4730487104294305e-07,-6.699512648917235e-08
storage125_sensitivity,TN-P091,N480,interior_applied_load,,155.25,249.0,226.628,2.9802322387695312e-08,-8.474366903305054,-2.384185791015625e-07,0.0,4.656612873077393e-10,0.0
storage125_sensitivity,TN-P092,N699,interior_applied_load,,155.25,249.0,229.319,0.0,-1.9049478992819786,4.76837158203125e-07,-4.76837158203125e-07,0.0,0.0
storage125_sensitivity,TN-P093,N217,interior_applied_load,,158.844,249.0,115.0,4.5629368940342926e-11,-573.0401043645503,1.6332163396811025e-12,-7.651494612833372e-13,-3.697312030412016e-12,-8.009810549066532e-10
storage125_sensitivity,TN-P094,N522,interior_applied_load,,160.0,249.0,229.319,-3.675067007655525e-11,-8.873232788267543,-3.776608821803289e-10,6.503080446642783e-11,-5.101336774217623e-10,7.47965544071122e-10
storage125_sensitivity,TN-P095,N218,interior_applied_load,,165.05,249.0,115.0,-3.6240940688157804e-11,-3.7850598329035563,3.1857909431956422e-12,1.1191396183888626e-12,2.8488357930489854e-12,2.1451537353333658e-09
storage125_sensitivity,TN-P096,N219,interior_applied_load,,170.865,249.0,115.0,1.0535933276519523e-11,-70.06863313999524,5.032833977511061e-13,1.5125237613651161e-12,-1.6156946295258824e-11,8.307281953338573e-10
storage125_sensitivity,TN-P097,N523,interior_applied_load,,172.85,249.0,206.455,5.756904016775831e-12,-7.332750335655049,-5.645573523985101e-13,-9.016512643197716e-13,1.934761341161353e-13,2.6357704656792776e-12
storage125_sensitivity,TN-P098,N220,interior_applied_load,,177.531,249.0,115.0,-3.236650964478868e-11,-571.0235923868977,2.12838946324564e-10,-1.0939417414623234e-12,-2.2590199806050745e-10,3.122225373505689e-09
storage125_sensitivity,TN-P099,N700,interior_applied_load,,179.167,249.0,229.319,-9.035187934819398e-13,-4.354166693531493,1.1163032091026046e-08,2.1620260072506924e-12,-4.062757054672958e-09,-4.341441730598899e-10
storage125_sensitivity,TN-P100,N221,interior_applied_load,,180.0,249.0,115.0,1.1555970758081457e-07,-4.6247265510212685,2.3556339989738717e-08,-5.204985331630496e-09,-6.079803512519871e-10,4.774480188984853e-08
storage125_sensitivity,TN-P101,N498,interior_applied_load,,180.0,249.0,117.5,-5.713212658520206e-08,-3.837952367939418,-2.2305499669528217e-09,4.866365088673774e-09,3.076650045841234e-11,1.3299086276674643e-08
storage125_sensitivity,TN-P102,N499,interior_applied_load,,180.0,249.0,144.955,-4.547473508864641e-13,-7.675904771545902,5.684341886080802e-14,2.2737367544323206e-13,0.0,-9.094947017729282e-13
storage125_sensitivity,TN-P103,N500,interior_applied_load,,180.0,249.0,172.41,1.1368683772161603e-13,-7.675904771589558,-1.1368683772161603e-13,4.547473508864641e-13,7.197535706139618e-17,-1.8189894035458565e-12
storage125_sensitivity,TN-P104,N501,interior_applied_load,,180.0,249.0,199.864,-1.297136754629974e-14,-7.675904771539546,-1.4137211248219041e-13,5.6056140928799875e-12,1.1439374205310913e-14,-4.9412410451255655e-12
storage125_sensitivity,TN-P105,N502,interior_applied_load,,180.0,249.0,227.319,-3.6686867965762815e-07,-3.8379524170021284,-7.2534815931390995e-09,8.234205552959395e-07,8.858020026583784e-11,2.420955929061108e-07
storage125_sensitivity,TN-P106,N701,interior_applied_load,,180.0,249.0,229.319,6.325495001087522e-07,-6.132118051140851,-7.049979294574354e-08,-7.083732514925286e-07,3.2194531918502186e-09,4.1051194233347813e-07
storage125_sensitivity,TN-P107,N524,interior_applied_load,,185.7,249.0,183.592,-5.038443397202761e-12,-7.332750335657772,1.8046757056779215e-13,7.722442299418038e-12,4.407899359041636e-12,1.824886027349702e-12
storage125_sensitivity,TN-P108,N222,interior_applied_load,,192.219,249.0,115.0,7.248105534281362e-11,-70.29494954523965,-3.080724587359135e-10,4.508957137860194e-12,1.2152240011151085e-10,-2.3085061491712409e-10
storage125_sensitivity,TN-P109,N223,interior_applied_load,,193.2,249.0,115.0,1.0627709983058231e-10,-1.2594999542202772,-1.2396509842040316e-10,-6.510309564584349e-12,2.9730886515602275e-10,-1.9585563877474976e-09
storage125_sensitivity,TN-P110,N224,interior_applied_load,,196.219,249.0,115.0,-8.962303803031243e-12,-574.5620001952865,3.821608196723731e-12,3.1372148983272022e-12,-6.3036564334392595e-12,-1.0656749702807396e-10
storage125_sensitivity,TN-P111,N525,interior_applied_load,,198.55,249.0,160.728,4.4268283067393004e-12,-7.332750335674593,1.9779568951538998e-13,3.2910788820664924e-12,-1.4745464730213632e-12,2.0010392893133085e-12
storage125_sensitivity,TN-P112,N702,interior_applied_load,,207.333,249.0,229.319,1.6619388302758591e-12,-9.633593749029073,-4.60085858160979e-13,-1.8349390168800903e-12,-2.0521466934444443e-10,-2.820270214406805e-10
storage125_sensitivity,TN-P113,N526,interior_applied_load,,211.4,249.0,137.864,-5.4569682106375694e-12,-7.332750335655874,-7.105427357601002e-14,4.547473508864641e-12,7.73070496506989e-12,-8.213874025386758e-12
storage125_sensitivity,TN-P114,N225,interior_applied_load,,213.573,249.0,115.0,1.3540621025507099e-11,-72.02282608282557,-1.3155732349360437e-09,1.247790708017763e-11,8.175891959632218e-10,8.404069398371378e-10
storage125_sensitivity,TN-P115,N226,interior_applied_load,,214.906,249.0,115.0,3.325381030136625e-12,-570.595887129073,7.569230724122121e-10,-8.205812333233607e-13,2.766866617800173e-10,-5.775400913434174e-10
storage125_sensitivity,TN-P116,N227,interior_applied_load,,221.35,249.0,115.0,-8.127877675555279e-11,-2.942113318299806,-5.178912560464134e-10,-8.548448077908466e-13,2.7190551473825697e-10,-3.674543079309787e-10
storage125_sensitivity,TN-P117,N228,interface_action,N2; T-E,224.25,249.0,115.0,-710.6903807520866,4922.7201633267105,-418.6388326883316,745.538464307785,-621.8792673749849,-4052.8039088249207
storage125_sensitivity,TN-P118,N503,interface_action,T-E,224.25,249.0,117.5,1177.0354456305504,-1870.2212623097003,386.9834945201874,-2861.1765491962433,-2336.978201358579,13496.004393100739
storage125_sensitivity,TN-P119,N186,interface_action,T-E,224.25,249.0,120.0,-2.888320622907486,1305.7733783492004,-5.763400224386714,-367.8591274296632,-135.8890602477095,412.4021353291173
storage125_sensitivity,TN-P120,N504,interior_applied_load,,224.25,249.0,144.955,7.105427357601002e-15,-7.675904771578644,-1.7053025658242404e-13,2.2737367544323206e-12,1.1368683772161603e-13,-2.2737367544323206e-13
storage125_sensitivity,TN-P121,N505,interior_applied_load,,224.25,249.0,172.41,8.063790026785524e-16,-7.675904771574874,-1.291151373916327e-13,-2.6782580738094344e-13,6.813249989509666e-14,-1.1025717266776446e-13
storage125_sensitivity,TN-P122,N506,interior_applied_load,,224.25,249.0,199.864,2.0464940683867462e-15,-7.675904771571561,9.806026910997823e-16,2.1260502701916827e-12,1.7477433108913087e-14,3.923524752469193e-14
storage125_sensitivity,TN-P123,N507,interior_applied_load,,224.25,249.0,227.319,2.2175351051256786e-07,-3.8379523795628927,1.286941350098214e-06,2.8572000269067033e-06,5.727463347378582e-11,-2.8567141471813606e-07
storage125_sensitivity,TN-P124,N527,interface_action,N2; T-E top / segment 4,224.25,249.0,229.319,-79.45021182581175,-655.2575286471179,0.0524185334056184,-846.5861206744391,-365.5994614854112,-24053.39048004523
storage125_sensitivity,TN-P125,N528,interior_applied_load,,230.312,249.0,200.739,8.267836840445547e-13,-8.168231420225927,-2.6722395147214693e-13,-2.47785955543346e-12,3.656659627810392e-12,-3.4706666738638536e-12
storage125_sensitivity,TN-P126,N703,interior_applied_load,,235.5,249.0,229.319,-9.736584444638594e-12,-5.353587052515996,-2.1408252369638552e-11,-2.0322044093880593e-11,-1.1881585632190824e-10,6.190969227882466e-11
storage125_sensitivity,TN-P127,N529,interior_applied_load,,236.375,249.0,172.16,1.3253114796052687e-12,-8.168231420216797,-5.073724451113438e-14,6.558872551400064e-13,-2.7840927100291773e-13,-1.4001472098076243e-12
storage125_sensitivity,TN-P128,N530,interior_applied_load,,242.438,249.0,143.58,-1.8189894035458565e-12,-8.16823142020803,-1.4210854715202004e-12,6.366462912410498e-12,2.0463630789890885e-12,9.094947017729282e-13
storage125_sensitivity,TN-P129,N229,interior_applied_load,,248.5,249.0,115.0,0.0,-12.034709442406893,0.0,-2.384185791015625e-07,6.51925802230835e-09,0.0
storage125_sensitivity,TN-P130,N508,interior_applied_load,,248.5,249.0,117.5,5.960464477539063e-08,-3.7252154126763344,-2.384185791015625e-07,4.76837158203125e-07,-9.313225746154785e-10,0.0
storage125_sensitivity,TN-P131,N509,interior_applied_load,,248.5,249.0,144.148,-5.054336162350515e-14,-7.4504308070897505,7.015108866185661e-13,3.3567461887359206e-12,-4.5887849179956284e-14,-1.5497796695714193e-12
storage125_sensitivity,TN-P132,N510,interior_applied_load,,248.5,249.0,170.797,2.582991557777843e-15,-7.4504308070909335,-1.204870376223218e-13,6.361505274215005e-11,5.297320131612581e-14,-2.5897250599724572e-14
storage125_sensitivity,TN-P133,N511,interior_applied_load,,248.5,249.0,197.445,-2.166242870944044e-14,-7.450430807082369,-2.8648626609702364e-12,-4.409599297188333e-11,2.183177267996365e-14,-1.1446185735797204e-12
storage125_sensitivity,TN-P134,N512,interior_applied_load,,248.5,249.0,224.093,-9.949721217488883e-08,-3.7252153984092926,-4.1772019836356945e-07,-1.0162089251158576e-06,-2.448690528375702e-11,-3.529979316880031e-10
storage125_sensitivity,TN-P135,N704,interior_applied_load,,248.5,249.0,226.324,8.652697412971695e-09,-3.1277812571068186,1.2880172120043666e-06,-6.457467972293969e-07,-1.2704083311901725e-09,7.594598520224667e-08
storage125_sensitivity,TN-P136,N230,interior_applied_load,,249.5,249.0,115.0,3.6390557234255994e-11,-0.3148750107591838,-2.9070168078293435e-09,1.1049047093925068e-11,-3.703643586261407e-09,8.111575022784479e-10
storage125_sensitivity,TN-P137,N705,interior_applied_load,,249.5,249.0,226.093,1.948670458753507e-10,-0.2234129439304691,9.3323126345558e-10,5.0572883111273134e-11,-1.5263607709749736e-09,1.0094265739871437e-10
live_only,TN-P001,N148,interface_action,BR-N-upper-1; T-W / B-WO; W4,-32.0,249.0,115.0,11.354698065685753,-77.99940315730474,34.20790065654701,142.17387744066164,-1691.427124952776,-2326.1662644910357
live_only,TN-P002,N628,interface_action,BR-N-upper-2; T-W top / segment 2; W4,-32.0,249.0,226.093,40.547401617613524,148.99403888041192,-7.217927108079746,67.34355589574658,140.60602239651735,1828.353544905278
live_only,TN-P025,N195,interior_applied_load,,9.344,249.0,115.0,2.327301819298748e-12,-165.882358551025,5.395447669136102e-14,-1.3492890479335118e-14,-2.4515781617964834e-12,-1.03684117243489e-11
live_only,TN-P031,N198,interior_applied_load,,28.031,249.0,115.0,4.736973258133273e-12,-165.88235855104872,6.927278420876267e-12,-2.5907134076506014e-14,-7.803655525050915e-12,6.4264448789466154e-12
live_only,TN-P036,N200,interior_applied_load,,46.719,249.0,115.0,-1.7573757260896308e-11,-165.8823585510218,2.844330179618624e-12,-2.09475052245198e-14,1.918419256010673e-11,4.2244843886532255e-11
live_only,TN-P038,N201,interface_action,BR-N-upper-2,50.25,249.0,115.0,-62.224690318594384,92.76466156559677,-0.022499045735636013,-39.529222420646306,-55.11587611066528,-169.70211010094232
live_only,TN-P039,N690,interface_action,BR-N-upper-1,50.25,249.0,229.319,203.87533722826475,272.0278354010602,5.092055699520771,-252.97586864470847,47.73575486993228,331.1868547107247
live_only,TN-P041,N203,interface_action,N1 / U-W,53.25,249.0,115.0,-421.93651520626594,799.4680320590613,-24.306800952253205,140.6251804625739,-1494.990811814723,11187.516391811974
live_only,TN-P042,N691,interface_action,N1 / U-W,53.25,249.0,229.319,-190.1131010896804,-228.84298996251079,5.747362810231022,308.80461411811467,-91.91003632891085,-584.3724089468346
live_only,TN-P043,N481,interface_action,N1 / U-W,56.25,249.0,207.0,315.3574009872386,100.58858323592109,-2.2190365990243377,-17.164851019161684,-68.33308449644005,261.5918775782312
live_only,TN-P049,N205,interior_applied_load,,65.406,249.0,115.0,4.674817451380305e-11,-165.88235855096903,5.5610405501540915e-11,8.962402720704932e-14,-2.0012109124196823e-11,-1.709561627007297e-11
live_only,TN-P057,N207,interior_applied_load,,84.094,249.0,115.0,-8.817153849563609e-12,-165.88235854949002,6.627125622866847e-11,3.232257320684239e-13,1.0532431396550217e-10,1.0276358313055443e-09
live_only,TN-P061,N209,interior_applied_load,,102.781,249.0,115.0,4.3289743049259885e-12,-165.8823585511208,-2.0681186904521405e-12,-9.776690113779998e-14,5.918901951444411e-12,-3.6720430975281336e-10
live_only,TN-P069,N212,interior_applied_load,,121.469,249.0,115.0,-1.1397048788847282e-12,-165.88235855098466,8.37829373787255e-14,2.0813487673432454e-14,5.8356929107749655e-12,2.628649959462092e-10
live_only,TN-P078,N215,interior_applied_load,,140.156,249.0,115.0,1.038626009673632e-11,-165.8823585504463,-4.473620999752164e-12,2.1866617025839285e-13,-5.2781098853335105e-12,-7.520846543580841e-11
live_only,TN-P093,N217,interior_applied_load,,158.844,249.0,115.0,6.048979339759632e-12,-165.88235855105066,2.2129798678979146e-13,-2.0336068788201724e-13,2.485688810555938e-12,9.013764298074833e-11
live_only,TN-P098,N220,interior_applied_load,,177.531,249.0,115.0,-1.5180662592558093e-11,-165.8823585506573,-2.2566281315094988e-11,1.0401812331600711e-13,1.0243796867447582e-10,6.402793472499165e-10
live_only,TN-P110,N224,interior_applied_load,,196.219,249.0,115.0,1.2014096216896418e-11,-165.88235855102448,4.538684168152333e-12,8.935086311725704e-14,4.358470902531613e-12,5.5555104348049986e-11
live_only,TN-P115,N226,interior_applied_load,,214.906,249.0,115.0,-1.277247433232328e-11,-165.88235855077178,3.860565199865094e-11,5.049443967815422e-13,-1.478456146866885e-10,-2.5206540115301385e-10
live_only,TN-P117,N228,interface_action,N2; T-E,224.25,249.0,115.0,-207.00852817296982,1035.4185844492167,-72.89820432662964,-67.84609925746918,-236.18101248401217,-900.8254526555538
live_only,TN-P118,N503,interface_action,T-E,224.25,249.0,117.5,329.6998050957918,-295.69707994908094,64.06527605652809,-309.88336887955666,-685.4434740408324,3967.22055003047
live_only,TN-P119,N186,interface_action,T-E,224.25,249.0,120.0,-0.465533197777404,228.52060599489778,-0.9608815020619659,-62.144934941243264,-38.4575355344989,108.45776773538091
live_only,TN-P124,N527,interface_action,N2; T-E top / segment 4,224.25,249.0,229.319,-19.086275077287638,-84.65456194860771,-1.4872373031798016,-127.88122550804816,-78.30231289171195,-7025.244587102296
machine200,TN-P001,N148,interface_action,BR-N-upper-1; T-W / B-WO; W4,-32.0,249.0,115.0,-108.32314082324663,204.35115632027833,55.525755620515284,283.32812014836395,-2652.245094595001,-2606.033239484893
machine200,TN-P002,N628,interface_action,BR-N-upper-2; T-W top / segment 2; W4,-32.0,249.0,226.093,139.29416676573007,121.36118016681473,-11.463207768114753,181.05802696121444,181.7990720787973,1355.3443223780475
machine200,TN-P003,N189,interior_applied_load,,-31.0,249.0,115.0,-3.1570856151574844e-08,-7.501450308139525,7.559670223145076e-09,3.174102403136203e-08,-8.72173444577129e-10,5.5745886129443534e-08
machine200,TN-P004,N488,interior_applied_load,,-31.0,249.0,117.5,5.302433178278679e-08,-3.7252154037471708,-1.5734947028155284e-08,2.4978233189666964e-08,1.5469545959427686e-10,3.552958682109727e-08
machine200,TN-P005,N489,interior_applied_load,,-31.0,249.0,144.148,4.383457315359623e-14,-7.450430807086114,5.687934027795132e-16,2.8255402502765657e-13,7.50876450469168e-15,6.083251657925295e-13
machine200,TN-P006,N490,interior_applied_load,,-31.0,249.0,170.797,1.9932343316160347e-14,-7.450430807086158,1.618561428218611e-14,1.6880823677036506e-13,6.806317411444834e-15,9.254953138642116e-14
machine200,TN-P007,N491,interior_applied_load,,-31.0,249.0,197.445,3.7298792468780914e-14,-7.450430807085737,-1.3959110825689382e-13,1.5335260452185454e-15,-2.6039313114681303e-15,-8.702985576982377e-13
machine200,TN-P008,N492,interior_applied_load,,-31.0,249.0,224.093,-5.960464477539063e-08,-3.7252154033631086,2.384185791015625e-07,2.384185791015625e-07,0.0,0.0
machine200,TN-P009,N686,interior_applied_load,,-31.0,249.0,226.324,2.9802322387695312e-08,-3.1277812586631626,0.0,-2.384185791015625e-07,1.4202669262886047e-08,2.9802322387695312e-08
machine200,TN-P010,N513,interior_applied_load,,-23.25,249.0,143.58,5.684341886080802e-14,-8.279007407835849,1.4921397450962104e-13,1.0800249583553523e-12,-1.4779288903810084e-12,6.366462912410498e-12
machine200,TN-P011,N190,interior_applied_load,,-21.323,249.0,115.0,3.730485900193498e-12,-74.68745577538682,-3.003911810696961e-13,1.2284342540502234e-13,-3.1728677771691296e-12,-1.0622118241588943e-12
machine200,TN-P012,N687,interior_applied_load,,-18.0,249.0,229.319,4.000577432042482e-12,-6.8231183061052905,3.9198581885127344e-12,6.7787568457643064e-12,-2.6237289591863447e-12,1.091064118854906e-11
machine200,TN-P013,N514,interior_applied_load,,-15.5,249.0,172.16,3.4026195784484524e-13,-8.279007407833921,2.9174348594160295e-13,9.738332740877825e-12,-1.798795601322172e-12,2.3621966969072463e-12
machine200,TN-P014,N515,interior_applied_load,,-7.75,249.0,200.739,3.2561706613697517e-13,-8.279007407835186,-1.4336933070154017e-13,8.40734169976236e-12,-2.4915171180057616e-12,6.2732798334354364e-12
machine200,TN-P015,N191,interior_applied_load,,-3.85,249.0,115.0,3.6203217700055564e-12,-6.714053410394772,8.683670256884188e-12,-3.312608726690895e-13,-7.41712818369863e-12,5.482482957419703e-11
machine200,TN-P016,N192,interior_applied_load,,0.0,249.0,115.0,-1.2949920247251612e-08,-1.2221264594858035,-2.8268422660460146e-06,-1.373605407195555e-08,-2.1486853480094553e-07,-6.156780516519689e-07
machine200,TN-P017,N493,interior_applied_load,,0.0,249.0,117.5,1.3560224844934528e-08,-3.837952385314035,3.1629014556611397e-09,-5.062167713707939e-09,-1.5512108941019763e-11,1.6933610052228676e-08
machine200,TN-P018,N494,interior_applied_load,,0.0,249.0,144.955,1.5824733348348495e-14,-7.6759047715698925,1.8816832094150456e-14,-2.174375186705611e-15,-1.1503697287162335e-14,-8.614161124989179e-13
machine200,TN-P019,N495,interior_applied_load,,0.0,249.0,172.41,-2.3258355358805765e-14,-7.67590477156944,1.6461190930725568e-14,-1.8505610506785876e-13,5.267882606817672e-15,4.1374921780171496e-13
machine200,TN-P020,N496,interior_applied_load,,0.0,249.0,199.864,-1.4093814725605826e-14,-7.675904771569445,-4.2168538592454025e-14,1.959877900349862e-12,2.148662052502445e-15,-4.5203577428833073e-14
machine200,TN-P021,N497,interior_applied_load,,0.0,249.0,227.319,-2.9802322387695312e-08,-3.837952386122197,-2.384185791015625e-07,2.384185791015625e-07,-4.656612873077393e-10,2.9802322387695312e-08
machine200,TN-P022,N516,interior_applied_load,,-0.0,249.0,229.319,-2.9802322387695312e-08,-10.271621759980917,0.0,0.0,0.0,0.0
machine200,TN-P023,N193,interior_applied_load,,0.031,249.0,115.0,-1.1128136846878284e-09,-66.45346637456608,-1.3837226241306552e-05,-2.2173816438020463e-10,1.9925278364843294e-07,-9.20272791650761e-08
machine200,TN-P024,N194,interior_applied_load,,1.0,249.0,115.0,-7.401013135677204e-11,-6.39875504901147,6.057843116025197e-10,1.6342482922482304e-11,9.777068044058979e-12,5.475158104673028e-10
machine200,TN-P025,N195,interior_applied_load,,9.344,249.0,115.0,5.775862669093675e-12,-222.0659241257492,6.728634389721363e-13,9.491906277979098e-14,6.652932450441691e-12,-2.1833463858291993e-11
machine200,TN-P026,N688,interior_applied_load,,10.167,249.0,229.319,5.5482617071712934e-12,-8.345486119928184,1.4833450592825585e-12,-2.663746922889368e-14,-1.0126227830474752e-12,-3.2655034990245823e-13
machine200,TN-P027,N517,interior_applied_load,,10.6,249.0,137.864,5.684341886080802e-14,-6.932963248243368,4.440892098500626e-16,1.7053025658242404e-13,-2.1316282072803006e-14,-2.2737367544323206e-13
machine200,TN-P028,N518,interior_applied_load,,20.2,249.0,160.728,-6.494092029752982e-13,-6.932963248241177,-2.7942522969513488e-15,-7.651894535893008e-15,-1.0487812808258548e-13,-1.3661006476515734e-12
machine200,TN-P029,N196,interior_applied_load,,21.385,249.0,115.0,-4.6134795901766385e-12,-70.84794878928162,-1.6704459221822356e-13,1.2239690162854201e-13,4.596401014302982e-12,2.1356463305341643e-11
machine200,TN-P030,N197,interior_applied_load,,24.3,249.0,115.0,7.524046331756598e-12,-2.09260684462743,-4.1041711717790925e-13,-5.748552141040941e-13,-6.628892294915287e-13,1.9228204471135048e-10
machine200,TN-P031,N198,interior_applied_load,,28.031,249.0,115.0,1.2354858760836389e-11,-221.4532299600931,-2.592609314955111e-12,1.0761408676522935e-13,-4.503518195919594e-12,-8.96842006037995e-12
machine200,TN-P032,N519,interior_applied_load,,29.8,249.0,183.592,3.40978177203915e-13,-6.932963248240637,-1.6034414261322793e-15,9.111037811113927e-13,-2.8970076243067627e-13,7.431534511383083e-13
machine200,TN-P033,N689,interior_applied_load,,38.333,249.0,229.319,4.3583516652044344e-13,-8.454340290948634,3.064312224884795e-12,-1.7520550080658354e-13,-3.930345203332951e-12,6.942273715239061e-13
machine200,TN-P034,N520,interior_applied_load,,39.4,249.0,206.455,2.4289020278457893e-13,-6.932963248242068,8.813829676161223e-14,1.5654246525111376e-12,1.3923022994077182e-12,-7.063508028223594e-13
machine200,TN-P035,N199,interior_applied_load,,42.74,249.0,115.0,1.1529273850755905e-11,-72.02282608458309,1.2516668168830316e-12,1.0119930511689405e-13,-1.1359335589725663e-11,-2.229610093152812e-11
machine200,TN-P036,N200,interior_applied_load,,46.719,249.0,115.0,-6.611826732823168e-12,-218.01190855018496,-1.4436707759721406e-11,-1.7419584952477084e-14,-3.8107857898513704e-11,4.563689665405259e-11
machine200,TN-P037,N521,interior_applied_load,,49.0,249.0,229.319,4.998335079164917e-12,-6.060839250037495,-8.929098953280867e-10,5.3583923218788956e-12,7.043145207677459e-10,-9.397301513336398e-12
machine200,TN-P038,N201,interface_action,BR-N-upper-2,50.25,249.0,115.0,-139.3590196689328,148.70812326284593,-0.9224076404074965,-104.85014933524107,-121.33377544863616,471.3084834609525
machine200,TN-P039,N690,interface_action,BR-N-upper-1,50.25,249.0,229.319,377.24809379820834,462.4755774165855,8.16877268703348,-388.8154423909872,91.38576166121055,1062.9504617316993
machine200,TN-P040,N202,interior_applied_load,,52.45,249.0,115.0,-1.5813468853026648e-10,-0.9446249472441173,-2.623730263589804e-10,-1.8671659660411704e-10,3.0245706207746064e-11,-1.7831883942600695e-10
machine200,TN-P041,N203,interface_action,N1 / U-W,53.25,249.0,115.0,-660.2667302068211,1383.3634556284028,-40.9614176754734,321.2899474959091,-2143.627031695954,19004.86196425959
machine200,TN-P042,N691,interface_action,N1 / U-W,53.25,249.0,229.319,-405.475787067597,-327.56708368226634,9.869233172057706,448.47642974204393,-196.28186377956163,-1909.8349180415814
machine200,TN-P043,N481,interface_action,N1 / U-W,56.25,249.0,207.0,635.4480223283665,286.68420272245004,-5.986010131879846,-41.06926452893512,-50.5715126996507,598.3650182480667
machine200,TN-P044,N482,interior_applied_load,,57.25,249.0,207.0,7.450580596923828e-09,-5.595100789796561,5.960464477539063e-08,0.0,-2.9103830456733704e-11,0.0
machine200,TN-P045,N531,interior_applied_load,,57.25,249.0,209.5,7.450580596923828e-09,-2.490976210217923,-5.960464477539063e-08,0.0,0.0,0.0
machine200,TN-P046,N532,interior_applied_load,,57.25,249.0,227.319,-1.1891832199517616e-08,-2.4909762094763437,-2.4597882244958846e-08,-4.3717383685359934e-08,-1.0300581726341608e-11,1.9879861173910385e-08
machine200,TN-P047,N692,interior_applied_load,,57.25,249.0,229.319,-7.0694653555538815e-09,-2.8846354031307353,1.348013725778905e-08,-9.738207205954942e-08,-5.739541141434868e-10,2.3876499981381705e-08
machine200,TN-P048,N204,interior_applied_load,,64.094,249.0,115.0,4.460306421788068e-11,-69.96629879012904,-6.6063009799685e-11,-5.990944062991085e-14,-3.283872180143243e-11,-1.2746122425341012e-09
machine200,TN-P049,N205,interior_applied_load,,65.406,249.0,115.0,2.9204032020762726e-11,-220.84447155668337,6.718801538307428e-12,2.316136538965467e-13,2.0838206792231053e-11,6.82842493797e-10
machine200,TN-P050,N693,interior_applied_load,,66.5,249.0,229.319,-5.154706926136372e-12,-5.007291664598034,3.2465512496491503e-12,1.048939890838884e-13,-1.3564080817561312e-11,1.5428058826680455e-12
machine200,TN-P051,N541,interior_applied_load,,68.75,249.0,218.16,1.3358203432289883e-12,-4.480201577766536,-3.410605131648481e-13,1.3642420526593924e-12,-2.7284841053187847e-12,1.3642420526593924e-12
machine200,TN-P052,N483,interior_applied_load,,80.25,249.0,207.0,-7.450580596923828e-09,-6.570208329707384,1.1920928955078125e-07,5.960464477539063e-08,0.0,1.4901161193847656e-08
machine200,TN-P053,N533,interior_applied_load,,80.25,249.0,209.5,-7.450580596923828e-09,-2.4909762097522616,0.0,1.7881393432617188e-07,5.820766091346741e-11,-7.450580596923828e-09
machine200,TN-P054,N534,interior_applied_load,,80.25,249.0,227.319,-6.894967292253584e-08,-2.4909762113266094,4.8565383867216205e-08,1.9027965675322278e-08,-3.6066594660965954e-11,5.465879264476836e-08
machine200,TN-P055,N542,interior_applied_load,,80.25,249.0,229.319,9.455991223030533e-08,-10.66299745352547,1.4380777211616675e-08,-1.8903030418889902e-07,1.1879820874332458e-11,1.0367662556655211e-07
machine200,TN-P056,N206,interior_applied_load,,80.6,249.0,115.0,1.838069298309888e-12,-5.884226547128586,-7.730547299372546e-12,-1.4405821853480594e-13,1.697297619355991e-12,4.397701725722847e-10
machine200,TN-P057,N207,interior_applied_load,,84.094,249.0,115.0,-1.60238175150069e-11,-217.17355388450804,-7.788638398331779e-12,-4.503600184568864e-14,1.0060348851367957e-10,6.944635768716122e-09
machine200,TN-P058,N208,interior_applied_load,,85.448,249.0,115.0,8.149761612366034e-12,-72.02282609828403,4.352233303795087e-11,1.113693465826658e-12,-3.3246197709592336e-11,1.3375843324117298e-09
machine200,TN-P059,N543,interior_applied_load,,92.25,249.0,218.16,5.4569682106375694e-12,-4.581557218969465,4.547473508864641e-13,2.7284841053187847e-12,6.366462912410498e-12,4.547473508864641e-13
machine200,TN-P060,N694,interior_applied_load,,94.667,249.0,229.319,4.6129041534092784e-12,-5.225000043436531,4.2031590211838575e-12,2.3469353950050165e-11,1.6806500742784276e-11,-3.495969001477867e-11
machine200,TN-P061,N209,interior_applied_load,,102.781,249.0,115.0,2.3091598543535197e-11,-222.37095933226837,1.5538780512625667e-12,4.0048138557163875e-13,-1.3173647583621453e-11,-8.13514248510376e-10
machine200,TN-P062,N484,interior_applied_load,,104.25,249.0,207.0,7.450580596923828e-09,-11.291557220742106,-5.960464477539063e-08,-1.1920928955078125e-07,6.984919309616089e-10,0.0
machine200,TN-P063,N535,interior_applied_load,,104.25,249.0,209.5,-2.2351741790771484e-08,-2.490976210683584,1.7881393432617188e-07,0.0,-9.42964106798172e-09,1.4901161193847656e-08
machine200,TN-P064,N536,interior_applied_load,,104.25,249.0,227.319,-5.359607216370854e-09,-2.490976209312903,1.001447382381615e-07,-5.182524900892993e-08,-1.0557124289614484e-10,-1.5221882088134464e-10
machine200,TN-P065,N695,interior_applied_load,,104.25,249.0,229.319,2.069449843488403e-09,-6.132118054882432,3.703288130574973e-08,-1.4468319808468514e-07,1.9738416118155352e-11,2.172181830341423e-08
machine200,TN-P066,N210,interior_applied_load,,106.802,249.0,115.0,-1.3194743267836513e-11,-68.01800972032474,5.487761035625352e-11,-5.478491613567357e-14,-8.776816342819372e-11,-9.883938784894315e-09
machine200,TN-P067,N211,interior_applied_load,,108.75,249.0,115.0,2.745020062475884e-11,-4.61816662973544,1.0679736738207151e-11,-5.757312523042746e-13,1.0727202588819848e-11,2.5669499967144205e-09
machine200,TN-P068,N544,interior_applied_load,,116.25,249.0,218.16,-2.7284841053187847e-12,-4.581557218968555,-3.410605131648481e-13,-1.8189894035458565e-12,1.0913936421275139e-11,2.7284841053187847e-12
machine200,TN-P069,N212,interior_applied_load,,121.469,249.0,115.0,-7.631668776760702e-12,-221.7576090730237,-9.125892584510469e-13,-1.3403928293445158e-13,5.631931627801233e-12,-2.407945961045492e-10
machine200,TN-P070,N696,interior_applied_load,,122.833,249.0,229.319,2.861471630341127e-12,-5.2249999882589835,1.6613254626127036e-11,-7.459593270029003e-11,-1.6434448099426383e-10,5.018125063547405e-11
machine200,TN-P071,N213,interior_applied_load,,128.156,249.0,115.0,1.3984411561653082e-11,-70.99751441549265,1.0028603253413045e-12,-1.0028810572746499e-13,1.4992016208186259e-12,-1.5539696319413689e-09
machine200,TN-P072,N485,interior_applied_load,,128.25,249.0,207.0,0.0,-6.570208329707384,1.1920928955078125e-07,-1.1920928955078125e-07,1.1641532182693481e-10,0.0
machine200,TN-P073,N537,interior_applied_load,,128.25,249.0,209.5,-7.450580596923828e-09,-2.490976210683584,1.1920928955078125e-07,0.0,0.0,0.0
machine200,TN-P074,N538,interior_applied_load,,128.25,249.0,227.319,-5.145683830420911e-09,-2.490976213841595,-9.628702911379516e-08,-9.33727934138151e-08,-2.3713723763941304e-10,3.168057398361679e-08
machine200,TN-P075,N545,interior_applied_load,,128.25,249.0,229.319,-1.7742315784092975e-08,-10.662997455625652,1.1107949200542668e-08,5.2428139160939753e-08,-1.6291379653844823e-10,9.153826744824904e-08
machine200,TN-P076,N214,interior_applied_load,,136.9,249.0,115.0,1.9000371143462354e-11,-3.7785000518784884,1.7404088389350445e-12,4.665670438662978e-13,2.6539442611806634e-14,-7.893769977546529e-10
machine200,TN-P077,N546,interior_applied_load,,139.75,249.0,218.16,0.0,-4.480201577769549,-4.547473508864641e-13,4.547473508864641e-12,-3.637978807091713e-12,-4.547473508864641e-13
machine200,TN-P078,N215,interior_applied_load,,140.156,249.0,115.0,7.640988084269882e-12,-219.61777103866635,4.937051271864659e-13,-1.2757233674432373e-13,7.213766146345414e-12,-8.713751763751412e-10
machine200,TN-P079,N216,interior_applied_load,,149.51,249.0,115.0,-1.305755477629888e-12,-72.02282608447021,1.1992284379293462e-14,-1.1208006561315936e-13,-4.0983485427473165e-12,-6.59148496681132e-10
machine200,TN-P080,N697,interior_applied_load,,151.0,249.0,229.319,-5.167977157327641e-11,-5.007291611217705,1.866654342763674e-07,-4.375358703938593e-12,-6.780647973658738e-09,2.4782586989513522e-08
machine200,TN-P081,N486,interior_applied_load,,151.25,249.0,207.0,3.725290298461914e-09,-5.595100793987513,1.1920928955078125e-07,0.0,0.0,-3.725290298461914e-09
machine200,TN-P082,N539,interior_applied_load,,151.25,249.0,209.5,-7.450580596923828e-09,-2.490976210683584,1.1920928955078125e-07,0.0,0.0,0.0
machine200,TN-P083,N540,interior_applied_load,,151.25,249.0,227.319,-2.338249065897413e-08,-2.4909762091945553,8.083612562659326e-08,-3.4471531151769597e-07,1.1983923518856727e-10,-3.408221020684277e-08
machine200,TN-P084,N698,interior_applied_load,,151.25,249.0,229.319,-1.993048263232433e-08,-0.9252604907196751,-8.520690218021335e-08,-3.259946667693621e-07,-1.88449762218712e-09,-2.5820264153327e-08
machine200,TN-P085,N487,interior_applied_load,,152.25,249.0,207.0,8.261540270392086e-11,-0.13979172634191372,1.1469670327355829e-09,-6.021612799636442e-09,-2.144629688615583e-08,-5.302639968092402e-09
machine200,TN-P086,N475,interior_applied_load,,155.25,249.0,120.0,1.1197155755753694e-13,-11.509154224672466,-2.8474634266703285e-14,-1.5268066730781865e-12,1.2232592816548247e-14,-3.2496610543342547e-13
machine200,TN-P087,N476,interior_applied_load,,155.25,249.0,146.657,2.6348063601619908e-14,-23.018308449373688,1.9613359164367234e-13,-8.781381876507531e-13,2.1069016075786453e-14,-8.635404443578728e-13
machine200,TN-P088,N477,interior_applied_load,,155.25,249.0,173.314,-8.9717379008819e-14,-23.018308449376246,3.309393222564428e-13,-1.1599215362575882e-11,1.2232592816548247e-14,-4.516760569937002e-12
machine200,TN-P089,N478,interior_applied_load,,155.25,249.0,199.971,2.228709589614366e-12,-14.54394155121352,3.85544905140891e-11,-2.7233191047807246e-11,4.913393091157244e-13,-7.106026762194242e-12
machine200,TN-P090,N479,interior_applied_load,,155.25,249.0,207.0,-9.655170620402696e-11,-11.50915421481175,-1.3684207894531334e-08,8.862329140888574e-09,3.6607211134704506e-08,-1.0215746582709832e-07
machine200,TN-P091,N480,interior_applied_load,,155.25,249.0,226.628,1.4901161193847656e-08,-8.474366895854473,0.0,0.0,0.0,0.0
machine200,TN-P092,N699,interior_applied_load,,155.25,249.0,229.319,0.0,-1.9049478992819786,0.0,0.0,0.0,-1.4901161193847656e-08
machine200,TN-P093,N217,interior_applied_load,,158.844,249.0,115.0,2.953004030810453e-11,-220.54009244393617,1.0236764736244519e-12,-3.674888267502314e-13,-5.783237151086535e-12,-3.162656429516573e-10
machine200,TN-P094,N522,interior_applied_load,,160.0,249.0,229.319,3.563023133485709e-13,-8.873232788079012,-1.5224927965191388e-10,-6.414262639060123e-12,-1.7073735807034484e-10,3.723721439326873e-11
machine200,TN-P095,N218,interior_applied_load,,165.05,249.0,115.0,-3.277211276471892e-11,-3.785059832838783,9.308039995961589e-13,1.3237043413597732e-12,-5.404456927724824e-12,7.906384449461343e-10
machine200,TN-P096,N219,interior_applied_load,,170.865,249.0,115.0,-9.944532331486498e-12,-70.06863313998393,-1.6535108787199003e-12,-2.547717204998896e-13,-6.237644427988404e-12,-1.0334666620175203e-10
machine200,TN-P097,N523,interior_applied_load,,172.85,249.0,206.455,-1.7824819349054018e-12,-7.332750335663573,-3.365838825232477e-14,8.546490454854451e-14,-3.479355778433928e-13,-3.0267209639103623e-12
machine200,TN-P098,N220,interior_applied_load,,177.531,249.0,115.0,6.9875735478907766e-12,-218.52358046629035,3.5590326808174126e-11,4.139461591642626e-13,-6.184029934009385e-11,6.927426871416853e-10
machine200,TN-P099,N700,interior_applied_load,,179.167,249.0,229.319,-1.0210215720748935e-11,-4.354166694810654,3.1758450095165926e-09,7.148700069666122e-13,-3.4124354616626304e-09,-2.0770407948502555e-09
machine200,TN-P100,N221,interior_applied_load,,180.0,249.0,115.0,3.458685071677792e-08,-4.624726577118128,1.6031913574465761e-09,3.5090788053082633e-09,-1.593400553487037e-10,2.3331688581151866e-08
machine200,TN-P101,N498,interior_applied_load,,180.0,249.0,117.5,-4.606349079949723e-09,-3.8379523684490975,7.822798409051757e-09,-4.517403340287274e-09,5.1173287829442415e-11,-1.7688421394268516e-08
machine200,TN-P102,N499,interior_applied_load,,180.0,249.0,144.955,-5.684341886080802e-14,-7.67590477156773,2.842170943040401e-14,-5.684341886080802e-14,0.0,-4.547473508864641e-13
machine200,TN-P103,N500,interior_applied_load,,180.0,249.0,172.41,5.684341886080802e-14,-7.67590477156773,-1.4210854715202004e-14,0.0,-1.9145831445021963e-16,-4.547473508864641e-12
machine200,TN-P104,N501,interior_applied_load,,180.0,249.0,199.864,-3.0850999507240534e-13,-7.6759047715563185,-1.1687185157795087e-14,3.3842819789502068e-12,4.178739761034879e-15,-1.1740974686026257e-13
machine200,TN-P105,N502,interior_applied_load,,180.0,249.0,227.319,-2.495289307680171e-07,-3.8379524001746876,3.5326572560279157e-07,5.999680512680516e-07,1.1332607219822682e-10,1.700779108104733e-07
machine200,TN-P106,N701,interior_applied_load,,180.0,249.0,229.319,3.5316375920284893e-07,-6.1321180487660465,-6.284555188085761e-08,-1.193384250087033e-07,-2.7830757838085005e-09,2.7566688415581775e-07
machine200,TN-P107,N524,interior_applied_load,,185.7,249.0,183.592,1.51711756897542e-12,-7.332750335673424,4.2954237382445494e-14,6.042228281343203e-13,3.4109581564869106e-13,1.1942692425337277e-12
machine200,TN-P108,N222,interior_applied_load,,192.219,249.0,115.0,1.0950830799899678e-11,-70.29494954165793,2.0217669434131086e-10,-1.942260616137547e-12,2.2333455630514896e-10,2.2858275826322257e-09
machine200,TN-P109,N223,interior_applied_load,,193.2,249.0,115.0,3.076176716239983e-11,-1.2594999611927813,-1.4794365952501353e-09,-1.5931355446666998e-12,-5.60122053609862e-10,1.9483419777250888e-09
machine200,TN-P110,N224,interior_applied_load,,196.219,249.0,115.0,2.5716988837357117e-11,-222.06198827440278,1.58783061008058e-11,-3.9636548734519967e-13,6.909475032689104e-11,-1.4547689559603964e-10
machine200,TN-P111,N525,interior_applied_load,,198.55,249.0,160.728,-1.4316766752350894e-12,-7.332750335666581,-1.1717435600538237e-13,1.696902723997188e-12,-1.868529644943639e-12,2.326739952800816e-12
machine200,TN-P112,N702,interior_applied_load,,207.333,249.0,229.319,-2.627176888862687e-12,-9.633593749022841,-8.503415778739988e-13,-9.482151312554066e-13,-1.838963662695043e-10,-7.852511193181029e-11
machine200,TN-P113,N526,interior_applied_load,,211.4,249.0,137.864,-9.094947017729282e-13,-7.332750335664969,2.3447910280083306e-13,9.094947017729282e-13,2.5011104298755527e-12,4.973799150320701e-14
machine200,TN-P114,N225,interior_applied_load,,213.573,249.0,115.0,-3.3446405272901706e-11,-72.02282608481602,-1.0582043759344555e-10,4.516446797987474e-12,-2.1016695389961718e-10,1.1737647099554992e-10
machine200,TN-P115,N226,interior_applied_load,,214.906,249.0,115.0,1.3659117070038383e-11,-218.09587520809006,6.316098790305359e-10,1.1309686417978867e-12,8.934617823939215e-11,7.047070101025037e-11
machine200,TN-P116,N227,interior_applied_load,,221.35,249.0,115.0,-2.4658949859817815e-11,-2.9421133181505508,1.679161956085394e-10,5.4284207325783505e-12,-3.380290163694722e-10,-2.1996264588477335e-10
machine200,TN-P117,N228,interface_action,N2; T-E,224.25,249.0,115.0,-284.39896085858345,2295.025719817728,-189.84983384609222,333.41880440711975,-228.21979512367398,-2315.8150669038296
machine200,TN-P118,N503,interface_action,T-E,224.25,249.0,117.5,500.07157108187675,-826.6606171280146,176.64381515979767,-1307.3419479131699,-930.8531242245808,5219.540150284767
machine200,TN-P119,N186,interface_action,T-E,224.25,249.0,120.0,-1.9733494123065611,574.3279822800541,-2.8345369693415705,-178.60314014725736,-55.01280221607158,190.30183782466338
machine200,TN-P120,N504,interior_applied_load,,224.25,249.0,144.955,4.973799150320701e-14,-7.675904771575006,0.0,-1.3642420526593924e-12,2.842170943040401e-14,3.410605131648481e-13
machine200,TN-P121,N505,interior_applied_load,,224.25,249.0,172.41,1.0434380495231547e-15,-7.675904771572319,-2.5576374853266974e-14,-7.367897271522468e-13,4.1139688791112505e-14,-7.037833829781709e-14
machine200,TN-P122,N506,interior_applied_load,,224.25,249.0,199.864,2.0105999983394316e-15,-7.675904771573102,4.064629259946443e-14,-5.714848778130154e-13,-1.505941063733785e-15,-2.1353598707828016e-14
machine200,TN-P123,N507,interior_applied_load,,224.25,249.0,227.319,5.7829018461005854e-08,-3.8379523856580944,3.4362748549399136e-07,1.4087602515089337e-06,3.436484403236851e-12,-7.919860352603725e-08
machine200,TN-P124,N527,interface_action,N2; T-E top / segment 4,224.25,249.0,229.319,-52.26486597098591,-206.44363504003402,1.80984342491305,-419.1196361474966,-124.5204698833198,-9237.984946196151
machine200,TN-P125,N528,interior_applied_load,,230.312,249.0,200.739,5.681445268921186e-15,-8.168231420221725,2.577993712618802e-14,2.0529351017452024e-12,-3.708550532779534e-12,-2.8255560174287606e-13
machine200,TN-P126,N703,interior_applied_load,,235.5,249.0,229.319,-2.213635336121785e-12,-5.353587052513648,-1.3099948820965137e-12,-3.244105097817495e-11,-2.8733365047182125e-11,-1.2688330524303217e-11
machine200,TN-P127,N529,interior_applied_load,,236.375,249.0,172.16,4.55670650058156e-13,-8.168231420216337,-2.990813051613333e-14,9.593846242865427e-13,3.9778018874779816e-14,-1.550625264772362e-12
machine200,TN-P128,N530,interior_applied_load,,242.438,249.0,143.58,-9.094947017729282e-13,-8.168231420220764,-1.7053025658242404e-13,-2.7284841053187847e-12,-5.684341886080801e-13,-1.0231815394945443e-12
machine200,TN-P129,N229,interior_applied_load,,248.5,249.0,115.0,0.0,-12.034709446132183,0.0,0.0,-1.3969838619232178e-09,-5.960464477539063e-08
machine200,TN-P130,N508,interior_applied_load,,248.5,249.0,117.5,0.0,-3.7252154033631086,-1.1920928955078125e-07,-2.384185791015625e-07,0.0,-5.960464477539063e-08
machine200,TN-P131,N509,interior_applied_load,,248.5,249.0,144.148,1.9351619026600604e-14,-7.450430807086811,2.0680533448054953e-13,4.34242005633436e-12,-2.4856045510843155e-14,-1.2351382805611532e-12
machine200,TN-P132,N510,interior_applied_load,,248.5,249.0,170.797,-4.61042543540478e-16,-7.450430807090754,-1.7674915219812077e-13,2.4080449013029494e-11,-3.134104493582485e-15,-1.216058462873916e-12
machine200,TN-P133,N511,interior_applied_load,,248.5,249.0,197.445,-3.9143206226236164e-14,-7.450430807083438,-9.398951710455899e-14,-1.3176609196056435e-11,-5.054338370589183e-15,-1.381809078415279e-12
machine200,TN-P134,N512,interior_applied_load,,248.5,249.0,224.093,-9.12583435303017e-09,-3.7252154051120443,1.4837587263051027e-07,1.1727169846218494e-07,-3.327516625339745e-12,-4.166964017766342e-08
machine200,TN-P135,N704,interior_applied_load,,248.5,249.0,226.324,-9.712576228839845e-09,-3.1277812582143936,2.7040121745581113e-08,3.129823664843926e-07,1.2774265795893336e-10,8.360870824966795e-09
machine200,TN-P136,N230,interior_applied_load,,249.5,249.0,115.0,-1.4312828700013824e-11,-0.314875011634637,-5.847415496251784e-09,6.370235935970747e-12,-1.4632565159544697e-09,3.8343487065994886e-10
machine200,TN-P137,N705,interior_applied_load,,249.5,249.0,226.093,-6.631080462267886e-11,-0.22341294561686187,-9.630896563477149e-10,3.8291792885786333e-10,-1.0930972271690998e-09,2.0167988693012313e-10
uplift20_sensitivity,TN-P001,N148,interface_action,BR-N-upper-1; T-W / B-WO; W4,-32.0,249.0,115.0,-77.27177101025099,104.76817250908175,7.396858628919599,-65.55770675916195,-456.5386384634646,-163.66042289273378
uplift20_sensitivity,TN-P002,N628,interface_action,BR-N-upper-2; T-W top / segment 2; W4,-32.0,249.0,226.093,96.17071134831349,49.084312118715616,1.8473809022102172,-27.650949337709804,-69.4690912602267,-276.91831618989784
uplift20_sensitivity,TN-P003,N189,interior_applied_load,,-31.0,249.0,115.0,-7.3317920623594546e-09,-4.500870186844679,2.768695495092288e-09,-7.001517587923445e-09,1.857998199739086e-10,2.0737218164867954e-08
uplift20_sensitivity,TN-P004,N488,interior_applied_load,,-31.0,249.0,117.5,8.30567158266013e-09,-2.2351292422086924,8.058236761397188e-10,-2.834192860224219e-09,-5.090686679389943e-12,5.011339602690528e-09
uplift20_sensitivity,TN-P005,N489,interior_applied_load,,-31.0,249.0,144.148,1.928084095244103e-15,-4.470258484251634,7.213606306397724e-16,-3.609397427158333e-15,1.984333235955192e-15,3.1609719870057624e-14
uplift20_sensitivity,TN-P006,N490,interior_applied_load,,-31.0,249.0,170.797,-1.7663860074086237e-16,-4.4702584842516755,2.81460546572089e-16,4.924240619118126e-16,2.8479369417071384e-15,-8.594476069154731e-14
uplift20_sensitivity,TN-P007,N491,interior_applied_load,,-31.0,249.0,197.445,1.4336060598614034e-15,-4.470258484251552,-5.59949981853124e-17,7.032737587938757e-15,-8.983641405385576e-16,7.120245925396664e-14
uplift20_sensitivity,TN-P008,N492,interior_applied_load,,-31.0,249.0,224.093,-3.725290298461914e-09,-2.2351292420644313,-1.862645149230957e-09,-1.862645149230957e-09,2.9103830456733704e-11,-3.725290298461914e-09
uplift20_sensitivity,TN-P009,N686,interior_applied_load,,-31.0,249.0,226.324,3.725290298461914e-09,-1.876668756478466,1.862645149230957e-09,-9.313225746154785e-10,0.0,3.725290298461914e-09
uplift20_sensitivity,TN-P010,N513,interior_applied_load,,-23.25,249.0,143.58,8.526512829121202e-14,-4.967404444700861,-1.7763568394002505e-15,5.684341886080802e-14,-3.552713678800501e-14,5.968558980384842e-13
uplift20_sensitivity,TN-P011,N190,interior_applied_load,,-21.323,249.0,115.0,-1.275695523060105e-13,-44.81247346523205,-1.0555350483641394e-14,-9.593759891234922e-15,-4.078594465085229e-13,4.983253647821929e-13
uplift20_sensitivity,TN-P012,N687,interior_applied_load,,-18.0,249.0,229.319,-1.9840765332613017e-13,-4.093870983662705,-1.4337803433161087e-15,-3.167223805679205e-14,2.0451678776504887e-13,8.788309920125146e-13
uplift20_sensitivity,TN-P013,N514,interior_applied_load,,-15.5,249.0,172.16,-2.0042322641723037e-14,-4.967404444700923,1.3572914290828586e-15,4.108112654753037e-14,-5.227079945137064e-15,4.576426825597752e-13
uplift20_sensitivity,TN-P014,N515,interior_applied_load,,-7.75,249.0,200.739,1.3487961887422705e-13,-4.9674044447006835,2.582560587977937e-15,4.109397596809545e-13,-6.527283046327553e-14,1.4885467172153444e-12
uplift20_sensitivity,TN-P015,N191,interior_applied_load,,-3.85,249.0,115.0,-2.79529726976836e-13,-4.028432046249585,1.3187985604628775e-12,-1.7614818862172757e-14,2.4535162336827534e-12,-8.260594995010127e-12
uplift20_sensitivity,TN-P016,N192,interior_applied_load,,0.0,249.0,115.0,-1.3412848609561934e-10,-0.7332693482106848,2.0552698117626278e-05,-2.587796643638285e-10,-1.7867175563918028e-07,-2.305457839080205e-07
uplift20_sensitivity,TN-P017,N493,interior_applied_load,,0.0,249.0,117.5,-2.0919744855674593e-09,-2.3027714309430314,-3.48200551759144e-09,7.146223300423684e-09,8.823496755317167e-13,-4.117675878714401e-10
uplift20_sensitivity,TN-P018,N494,interior_applied_load,,0.0,249.0,144.955,5.6096972283170395e-15,-4.605542862941421,-2.3636623596242125e-14,-7.249972650797916e-13,-2.2736931616573714e-16,-1.3448206963639858e-14
uplift20_sensitivity,TN-P019,N495,interior_applied_load,,0.0,249.0,172.41,-4.524868311970368e-15,-4.605542862942105,2.303679871687609e-14,-8.701058044492238e-13,-1.7537226260384152e-16,1.0225523550533444e-14
uplift20_sensitivity,TN-P020,N496,interior_applied_load,,0.0,249.0,199.864,-9.161646249215671e-15,-4.605542862941736,2.7446979670904424e-14,-1.2618182764612318e-13,4.6556423797203035e-17,3.21707919999791e-14
uplift20_sensitivity,TN-P021,N497,interior_applied_load,,0.0,249.0,227.319,3.725290298461914e-09,-2.302771431626752,0.0,0.0,-7.275957614183426e-12,0.0
uplift20_sensitivity,TN-P022,N516,interior_applied_load,,-0.0,249.0,229.319,-1.1175870895385742e-08,-6.162973055848852,7.450580596923828e-09,-7.450580596923828e-09,-7.275957614183426e-12,-7.450580596923828e-09
uplift20_sensitivity,TN-P023,N193,interior_applied_load,,0.031,249.0,115.0,-1.5542466321468258e-10,-39.87208356081383,1.0464828753145473e-05,8.598478989160753e-11,3.373270767933323e-07,-9.603825308993979e-08
uplift20_sensitivity,TN-P024,N194,interior_applied_load,,1.0,249.0,115.0,-9.833911462919787e-12,-3.8392530288522266,7.182698880114913e-10,-1.1368683772161603e-11,-8.86615225681453e-11,-1.6865442376001738e-10
uplift20_sensitivity,TN-P025,N195,interior_applied_load,,9.344,249.0,115.0,-2.810369568875273e-13,-33.710139344835625,6.49818366376325e-14,1.7630099638382598e-15,-1.1389381225440108e-12,-2.3021996373235874e-13
uplift20_sensitivity,TN-P026,N688,interior_applied_load,,10.167,249.0,229.319,5.806002170118723e-13,-5.007291671956937,-4.878090360712085e-15,-1.0828759143673658e-14,2.570679581161425e-13,-4.760001302730148e-13
uplift20_sensitivity,TN-P027,N517,interior_applied_load,,10.6,249.0,137.864,-1.7053025658242404e-13,-4.159777948946044,3.552713678800501e-15,1.1368683772161603e-13,1.4210854715202004e-14,-6.252776074688882e-13
uplift20_sensitivity,TN-P028,N518,interior_applied_load,,20.2,249.0,160.728,9.300503813037716e-14,-4.159777948944825,3.7725122200970384e-15,1.5467373571083072e-14,-1.673888211581866e-15,-8.51956054323828e-13
uplift20_sensitivity,TN-P029,N196,interior_applied_load,,21.385,249.0,115.0,-1.8606713956447054e-13,-42.50876927357675,2.043065664072188e-12,2.076341357356399e-15,1.6383284851555433e-11,6.507150194848285e-12
uplift20_sensitivity,TN-P030,N197,interior_applied_load,,24.3,249.0,115.0,2.2787682866627844e-12,-1.2555641067590655,1.9438521361406905e-11,-7.764435247199226e-15,3.083280136901887e-11,4.956307851844329e-11
uplift20_sensitivity,TN-P031,N198,interior_applied_load,,28.031,249.0,115.0,-6.927657075983371e-13,-33.342522845429464,9.006644584023877e-12,-1.1447981083904642e-14,-6.748220693523152e-12,1.9417555500574412e-11
uplift20_sensitivity,TN-P032,N519,interior_applied_load,,29.8,249.0,183.592,1.6104932453984785e-14,-4.159777948945213,-1.0995584680103874e-15,-6.982348765144346e-14,-1.62801887781055e-14,4.242341149363359e-13
uplift20_sensitivity,TN-P033,N689,interior_applied_load,,38.333,249.0,229.319,-1.2529704503011207e-13,-5.07260417456945,-9.184745161194964e-14,1.4521105272933486e-15,-3.5631531560003626e-13,-2.6823680746830068e-14
uplift20_sensitivity,TN-P034,N520,interior_applied_load,,39.4,249.0,206.455,2.401014678359506e-13,-4.159777948945006,-1.4351647628680553e-14,4.155851153121787e-14,1.3531062724293006e-13,-5.29402829263175e-13
uplift20_sensitivity,TN-P035,N199,interior_applied_load,,42.74,249.0,115.0,1.0867452159834135e-12,-43.213695650746644,2.298032950194897e-12,1.0945324163027625e-14,3.2274980496127092e-12,1.0228982703403364e-11
uplift20_sensitivity,TN-P036,N200,interior_applied_load,,46.719,249.0,115.0,-1.8160481951892192e-12,-31.27772999950139,3.240540651951274e-12,-5.20813625412786e-15,5.184227198884307e-12,-1.3349701887959816e-12
uplift20_sensitivity,TN-P037,N521,interior_applied_load,,49.0,249.0,229.319,-4.0256686872908176e-13,-3.6365035501078458,2.1790173601577388e-11,1.5860254922131532e-12,-1.3482235486583999e-11,-5.850338789803455e-11
uplift20_sensitivity,TN-P038,N201,interface_action,BR-N-upper-2,50.25,249.0,115.0,-88.95470556647882,90.59306792234464,0.7704751375678958,27.820422734602207,13.912452805816834,409.3588719765613
uplift20_sensitivity,TN-P039,N690,interface_action,BR-N-upper-1,50.25,249.0,229.319,96.03862075481435,104.11654014535083,0.6876833200587474,-42.09015890955289,-21.829366322534995,395.8723770994433
uplift20_sensitivity,TN-P040,N202,interior_applied_load,,52.45,249.0,115.0,5.032599387100855e-11,-0.5667749676349023,-8.451146825228414e-10,-2.2588223663223933e-11,3.832849636280372e-10,7.531085849381598e-11
uplift20_sensitivity,TN-P041,N203,interface_action,N1 / U-W,53.25,249.0,115.0,-105.5400583545119,293.3829033048245,-6.832357476358962,-13.489411569661375,-394.88994409072217,4672.078104952184
uplift20_sensitivity,TN-P042,N691,interface_action,N1 / U-W,53.25,249.0,229.319,-99.15758777901458,-33.70068180189388,-1.1537832094538476,28.97732265624128,-11.691499615189086,-668.7196862827259
uplift20_sensitivity,TN-P043,N481,interface_action,N1 / U-W,56.25,249.0,207.0,152.18129138115467,83.83033941521131,-0.8020599950808448,-19.246638190429014,22.263389396264618,146.90312920964737
uplift20_sensitivity,TN-P044,N482,interior_applied_load,,57.25,249.0,207.0,2.3283064365386963e-10,-3.3570604734122753,3.725290298461914e-09,-3.725290298461914e-09,-1.4551915228366852e-11,-9.313225746154785e-10
uplift20_sensitivity,TN-P045,N531,interior_applied_load,,57.25,249.0,209.5,0.0,-1.494585725828074,3.725290298461914e-09,3.725290298461914e-09,-7.275957614183426e-12,2.3283064365386963e-10
uplift20_sensitivity,TN-P046,N532,interior_applied_load,,57.25,249.0,227.319,-2.822406105704167e-09,-1.4945857258941815,2.204194347009414e-09,4.8843123382630305e-09,7.364539527991877e-14,-7.95948331550056e-10
uplift20_sensitivity,TN-P047,N692,interior_applied_load,,57.25,249.0,229.319,2.4097874611181793e-10,-1.7307812419574897,3.400920529663292e-09,-3.506600632567712e-09,2.227458626328096e-10,2.276929341073099e-09
uplift20_sensitivity,TN-P048,N204,interior_applied_load,,64.094,249.0,115.0,-3.475969695751184e-12,-41.979779275384374,-9.222426609574395e-11,-2.936441965421327e-15,-2.9994823320062504e-11,-3.1497889963435597e-10
uplift20_sensitivity,TN-P049,N205,interior_applied_load,,65.406,249.0,115.0,1.337339716676137e-11,-32.9772678036759,6.757754062510059e-11,7.156638669607262e-16,-1.78574348999412e-11,8.324760293469615e-11
uplift20_sensitivity,TN-P050,N693,interior_applied_load,,66.5,249.0,229.319,-3.807939955425113e-13,-3.0043749987589647,-1.4983459033505497e-13,-7.633073455253268e-16,4.943266719659665e-13,2.5417390520782064e-13
uplift20_sensitivity,TN-P051,N541,interior_applied_load,,68.75,249.0,218.16,0.0,-2.688120946660206,7.105427357601002e-15,5.684341886080802e-14,1.1368683772161603e-13,0.0
uplift20_sensitivity,TN-P052,N483,interior_applied_load,,80.25,249.0,207.0,1.7462298274040222e-10,-3.942124997265637,0.0,7.450580596923828e-09,0.0,-3.4924596548080444e-10
uplift20_sensitivity,TN-P053,N533,interior_applied_load,,80.25,249.0,209.5,-1.1641532182693481e-10,-1.4945857259444892,-3.725290298461914e-09,3.725290298461914e-09,0.0,1.1641532182693481e-10
uplift20_sensitivity,TN-P054,N534,interior_applied_load,,80.25,249.0,227.319,-1.0733261501805202e-11,-1.4945857259135453,-1.6055787662935805e-09,3.848056786409648e-10,6.766113593909502e-14,-1.894294748838732e-09
uplift20_sensitivity,TN-P055,N542,interior_applied_load,,80.25,249.0,229.319,-3.1019195757521e-09,-6.3977984725013215,-1.4091400202269327e-09,3.827886891669017e-09,5.759790872976722e-12,5.285026148041507e-10
uplift20_sensitivity,TN-P056,N206,interior_applied_load,,80.6,249.0,115.0,-4.122968744298181e-13,-3.5305359285286846,-1.3486990143344963e-14,2.432242194318821e-15,-4.5167975610414e-12,-6.265004679701558e-11
uplift20_sensitivity,TN-P057,N207,interior_applied_load,,84.094,249.0,115.0,9.001234280990614e-12,-30.77471720303158,7.038816249734269e-11,-1.0763333356015133e-14,-5.878897566975268e-11,2.9654050850021307e-10
uplift20_sensitivity,TN-P058,N208,interior_applied_load,,85.448,249.0,115.0,-7.2208930561946785e-12,-43.21369565292645,-9.45901105809003e-11,-8.174566883206077e-15,-5.220674732591323e-11,-5.348287243175268e-10
uplift20_sensitivity,TN-P059,N543,interior_applied_load,,92.25,249.0,218.16,1.1368683772161603e-12,-2.7489343313816335,-4.263256414560601e-14,1.9895196601282805e-13,-2.2737367544323206e-13,5.684341886080802e-14
uplift20_sensitivity,TN-P060,N694,interior_applied_load,,94.667,249.0,229.319,2.6215788381699545e-13,-3.1350000260602378,-9.262960395661611e-14,-3.669739065890007e-13,-4.459952886112654e-14,5.967257260673237e-12
uplift20_sensitivity,TN-P061,N209,interior_applied_load,,102.781,249.0,115.0,1.5446334577892299e-12,-33.893160468749294,-1.9612609149184227e-12,-6.8016492177661066e-15,3.5400396202271066e-12,-3.549393826466245e-10
uplift20_sensitivity,TN-P062,N484,interior_applied_load,,104.25,249.0,207.0,2.3283064365386963e-09,-6.774934330955148,1.862645149230957e-09,7.450580596923828e-09,2.388560460531153e-10,3.259629011154175e-09
uplift20_sensitivity,TN-P063,N535,interior_applied_load,,104.25,249.0,209.5,-9.313225746154785e-10,-1.4945857261773199,-7.450580596923828e-09,-3.725290298461914e-09,2.660272002685815e-11,5.122274160385132e-09
uplift20_sensitivity,TN-P064,N536,interior_applied_load,,104.25,249.0,227.319,-1.417597452618713e-09,-1.494585726077958,-6.3547074486206e-09,-8.097579806340405e-09,-1.6534807823333947e-12,5.254750107264172e-11
uplift20_sensitivity,TN-P065,N695,interior_applied_load,,104.25,249.0,229.319,6.425720958693537e-10,-3.679270833238334,1.1956293543621201e-08,-6.8021089414419615e-09,-1.2773362892248254e-13,-1.5984030371198705e-09
uplift20_sensitivity,TN-P066,N210,interior_applied_load,,106.802,249.0,115.0,-1.616319662783666e-12,-40.81080583013102,1.26804067518784e-11,1.845458666554403e-14,-1.1360253550270168e-11,-2.931443101268651e-09
uplift20_sensitivity,TN-P067,N211,interior_applied_load,,108.75,249.0,115.0,2.1682885480467388e-13,-2.770899977495401,-3.0972546760353266e-12,7.370588482142489e-16,-4.79914450127672e-12,-1.5092467857087199e-10
uplift20_sensitivity,TN-P068,N544,interior_applied_load,,116.25,249.0,218.16,-1.1368683772161603e-12,-2.748934331382088,5.3290705182007514e-14,-2.2737367544323206e-13,0.0,0.0
uplift20_sensitivity,TN-P069,N212,interior_applied_load,,121.469,249.0,115.0,-1.422442733097322e-13,-33.525150313209224,4.42743230466907e-13,1.783488560100808e-15,-7.646426680014023e-13,-1.567190974919989e-10
uplift20_sensitivity,TN-P070,N696,interior_applied_load,,122.833,249.0,229.319,2.4395149956189573e-13,-3.134999992948983,6.645282840244177e-13,1.356734506748087e-12,3.9378160014709064e-12,2.0053613344449532e-11
uplift20_sensitivity,TN-P071,N213,interior_applied_load,,128.156,249.0,115.0,-2.4227045963852567e-12,-42.59850864923833,-2.9125137326910516e-13,-1.3134780725668159e-15,-2.733236373232347e-12,-3.8029997051534127e-10
uplift20_sensitivity,TN-P072,N485,interior_applied_load,,128.25,249.0,207.0,0.0,-3.942124997265637,0.0,-3.725290298461914e-09,0.0,1.862645149230957e-09
uplift20_sensitivity,TN-P073,N537,interior_applied_load,,128.25,249.0,209.5,9.313225746154785e-10,-1.494585725478828,0.0,0.0,0.0,9.313225746154785e-10
uplift20_sensitivity,TN-P074,N538,interior_applied_load,,128.25,249.0,227.319,-3.101101469366041e-09,-1.4945857259240103,3.278949733693387e-09,7.269435542238412e-09,-6.705824538241573e-13,7.771751749097167e-09
uplift20_sensitivity,TN-P075,N545,interior_applied_load,,128.25,249.0,229.319,-2.50596398242305e-09,-6.397798473017569,-5.883714893862441e-10,2.0940691363864825e-09,1.225556887259047e-12,1.5992672423045567e-08
uplift20_sensitivity,TN-P076,N214,interior_applied_load,,136.9,249.0,115.0,7.29832723865722e-13,-2.2671000306491886,-5.152376420735261e-12,-2.1751661342658808e-14,-1.0998387623756337e-12,-3.446125918530106e-10
uplift20_sensitivity,TN-P077,N546,interior_applied_load,,139.75,249.0,218.16,0.0,-2.688120946659865,2.842170943040401e-14,-2.5579538487363607e-13,2.842170943040401e-14,-2.2737367544323206e-13
uplift20_sensitivity,TN-P078,N215,interior_applied_load,,140.156,249.0,115.0,2.708870700810087e-12,-32.24124749271874,-2.670777014349898e-12,1.4170369610568519e-14,-7.42095043383875e-12,9.827740325150717e-10
uplift20_sensitivity,TN-P079,N216,interior_applied_load,,149.51,249.0,115.0,8.29887083842409e-13,-43.21369565078536,-6.37611300483679e-13,6.156778336609058e-15,2.162735759102569e-12,8.363343409939099e-11
uplift20_sensitivity,TN-P080,N697,interior_applied_load,,151.0,249.0,229.319,-4.103401646249338e-12,-3.00437500053638,-6.653979759980305e-09,7.256562705011227e-13,-8.773495121594879e-10,-4.4029214822660645e-10
uplift20_sensitivity,TN-P081,N486,interior_applied_load,,151.25,249.0,207.0,9.313225746154785e-10,-3.3570604738779366,-3.725290298461914e-09,0.0,3.637978807091713e-12,0.0
uplift20_sensitivity,TN-P082,N539,interior_applied_load,,151.25,249.0,209.5,0.0,-1.4945857264101505,-3.725290298461914e-09,0.0,3.637978807091713e-12,9.313225746154785e-10
uplift20_sensitivity,TN-P083,N540,interior_applied_load,,151.25,249.0,227.319,-1.1592183862124683e-09,-1.4945857256171067,-1.2327375108547867e-08,-7.015291746820251e-09,7.416986950871777e-13,5.011765065454643e-10
uplift20_sensitivity,TN-P084,N698,interior_applied_load,,151.25,249.0,229.319,-2.401242544646659e-10,-0.5551562548448229,2.0290494126938975e-08,-3.0066036838877036e-09,-9.614228788632807e-10,-4.704623657878285e-10
uplift20_sensitivity,TN-P085,N487,interior_applied_load,,152.25,249.0,207.0,-5.7732834722800486e-12,-0.0838750019526194,3.6726035259412716e-10,-2.5055179547357742e-11,-1.7829092565078666e-09,8.2942311357424e-09
uplift20_sensitivity,TN-P086,N475,interior_applied_load,,155.25,249.0,120.0,1.3533795103749622e-14,-6.905492534811355,6.654328887015285e-15,9.171680914581204e-14,-1.3871790944950745e-15,-1.903426268485361e-13
uplift20_sensitivity,TN-P087,N476,interior_applied_load,,155.25,249.0,146.657,3.4838123919511004e-15,-13.810985069625273,-5.787589803452625e-15,-8.094594880867884e-14,-7.11171803477204e-17,-1.6722679505466093e-13
uplift20_sensitivity,TN-P088,N477,interior_applied_load,,155.25,249.0,173.314,-2.3757743933938308e-14,-13.810985069625133,1.5029888266855736e-14,1.7243227810499634e-13,-1.3871790944950745e-15,2.519160591933643e-15
uplift20_sensitivity,TN-P089,N478,interior_applied_load,,155.25,249.0,199.971,4.609574795176758e-13,-8.72636493073631,-5.825475277576516e-13,-1.6635757398765338e-12,-1.0200229538505408e-14,-2.4607986149742723e-13
uplift20_sensitivity,TN-P090,N479,interior_applied_load,,155.25,249.0,207.0,-3.503263073091019e-11,-6.9054925384900265,3.237116251743487e-10,-6.261884686704577e-11,-1.8008679981672116e-09,-1.077733813376445e-08
uplift20_sensitivity,TN-P091,N480,interior_applied_load,,155.25,249.0,226.628,-1.1641532182693481e-10,-5.084620139095932,0.0,-3.725290298461914e-09,7.275957614183426e-12,-2.3283064365386963e-10
uplift20_sensitivity,TN-P092,N699,interior_applied_load,,155.25,249.0,229.319,2.3283064365386963e-10,-1.1429687403142452,0.0,0.0,-7.275957614183426e-12,1.1641532182693481e-10
uplift20_sensitivity,TN-P093,N217,interior_applied_load,,158.844,249.0,115.0,2.2064104606413445e-12,-32.7946403357827,1.0154550621173399e-12,5.702336514586656e-15,-4.863210893970847e-13,-9.86202985931456e-11
uplift20_sensitivity,TN-P094,N522,interior_applied_load,,160.0,249.0,229.319,4.229256622120118e-13,-5.323939672850509,3.4222241490130923e-12,2.5373554337100085e-14,1.066739024500231e-11,-4.081007106922832e-12
uplift20_sensitivity,TN-P095,N218,interior_applied_load,,165.05,249.0,115.0,-1.5927788921562794e-12,-2.2710358996548323,-1.389934235211604e-12,-1.281244538870394e-14,-6.574310943675916e-12,1.9074901193370058e-10
uplift20_sensitivity,TN-P096,N219,interior_applied_load,,170.865,249.0,115.0,-1.1338257572636656e-12,-42.041179883980526,-1.1697822628129255e-12,1.1625088884048435e-14,-3.655669178240472e-12,-8.93261295651242e-11
uplift20_sensitivity,TN-P097,N523,interior_applied_load,,172.85,249.0,206.455,3.6295030974215577e-13,-4.399650201400809,7.304194061129505e-15,5.97790954156065e-14,4.524092222505997e-14,-2.525308514549427e-13
uplift20_sensitivity,TN-P098,N220,interior_applied_load,,177.531,249.0,115.0,3.9112538453258796e-12,-31.584733149030573,-6.340233279291207e-11,2.933169165500602e-14,1.3132809724523766e-10,4.923477175152166e-10
uplift20_sensitivity,TN-P099,N700,interior_applied_load,,179.167,249.0,229.319,1.498787545825776e-14,-2.612500017042007,1.8769911617997391e-10,5.507007278898917e-16,-5.951311594417635e-11,6.559205580818618e-10
uplift20_sensitivity,TN-P100,N221,interior_applied_load,,180.0,249.0,115.0,3.995626496333671e-09,-2.7748359485263956,-1.2916816061192549e-08,-1.4828848371450931e-08,2.812355215102349e-11,-1.4670435977137686e-09
uplift20_sensitivity,TN-P101,N498,interior_applied_load,,180.0,249.0,117.5,8.492477832078293e-10,-2.302771429119707,8.184995792248628e-09,-1.929363691033359e-08,-1.303020191745219e-13,-3.088274524998269e-09
uplift20_sensitivity,TN-P102,N499,interior_applied_load,,180.0,249.0,144.955,-5.684341886080802e-14,-4.605542862940638,2.842170943040401e-14,-1.7053025658242404e-13,-2.220446049250313e-16,0.0
uplift20_sensitivity,TN-P103,N500,interior_applied_load,,180.0,249.0,172.41,-4.263256414560601e-14,-4.605542862942457,0.0,-2.842170943040401e-14,-3.4532572735742445e-16,-2.2737367544323206e-13
uplift20_sensitivity,TN-P104,N501,interior_applied_load,,180.0,249.0,199.864,-1.3320882563335104e-14,-4.605542862939325,3.218950627967626e-15,1.3759866697648297e-13,-2.416813946457471e-16,3.533581207779742e-13
uplift20_sensitivity,TN-P105,N502,interior_applied_load,,180.0,249.0,227.319,-1.6297208103865923e-08,-2.3027714362227485,-1.3424039517137554e-08,-2.1444604220849373e-08,-6.469486121437628e-13,2.0178031148732067e-08
uplift20_sensitivity,TN-P106,N701,interior_applied_load,,180.0,249.0,229.319,4.4901641378111784e-08,-3.6792708290320273,5.8738174674725236e-09,-3.4612050631141214e-09,-1.0178921701735899e-10,1.507762641431875e-08
uplift20_sensitivity,TN-P107,N524,interior_applied_load,,185.7,249.0,183.592,2.2008606623994457e-13,-4.399650201400889,6.192028857496992e-16,-8.574485736408776e-15,-1.8696010492596522e-14,1.624306959286505e-13
uplift20_sensitivity,TN-P108,N222,interior_applied_load,,192.219,249.0,115.0,1.881621546146784e-12,-42.17696972865072,-1.2910426195168983e-10,-1.2848335930956407e-14,4.335293098293032e-11,-3.5324196627201573e-10
uplift20_sensitivity,TN-P109,N223,interior_applied_load,,193.2,249.0,115.0,3.277575422858906e-12,-0.7556999751543121,4.4918195470236094e-10,5.819815008288673e-14,-3.563435469275984e-12,-7.114384990726473e-11
uplift20_sensitivity,TN-P110,N224,interior_applied_load,,196.219,249.0,115.0,2.7099941986743294e-12,-33.70777783408367,-1.2564301528577642e-11,-8.927183212407702e-15,-1.875100553005339e-11,5.249582796602708e-11
uplift20_sensitivity,TN-P111,N525,interior_applied_load,,198.55,249.0,160.728,7.435283234822624e-14,-4.399650201400382,-5.983786259998975e-15,-4.593171158159168e-14,-4.1787962988931333e-14,1.3290180660999381e-12
uplift20_sensitivity,TN-P112,N702,interior_applied_load,,207.333,249.0,229.319,-1.9778075274402517e-12,-5.780156249412706,5.915838165423048e-13,2.837572242590257e-14,3.5193910970615356e-12,-2.5569054930779096e-11
uplift20_sensitivity,TN-P113,N526,interior_applied_load,,211.4,249.0,137.864,-2.8421709430404007e-13,-4.399650201400277,7.105427357601002e-15,-5.684341886080802e-14,-6.394884621840902e-14,1.4495071809506044e-12
uplift20_sensitivity,TN-P114,N225,interior_applied_load,,213.573,249.0,115.0,-2.2359134257509046e-12,-43.21369565069916,2.6170107165822405e-12,-2.760389121236266e-14,-2.4463052197434754e-11,2.659489623665847e-11
uplift20_sensitivity,TN-P115,N226,interior_applied_load,,214.906,249.0,115.0,-1.0146375044464924e-11,-31.328109994295218,-3.5228118928435446e-11,-3.5619307822280015e-14,2.2816502982070388e-11,-8.41816115226703e-12
uplift20_sensitivity,TN-P116,N227,interior_applied_load,,221.35,249.0,115.0,-7.988829885007196e-12,-1.765267990850744,9.793787651441942e-12,-3.9736298458632157e-13,-1.864683232792268e-13,3.27307698854252e-12
uplift20_sensitivity,TN-P117,N228,interface_action,N2; T-E,224.25,249.0,115.0,-50.78902576863766,312.10184512267006,6.5460813492536545,-333.5382219366729,-92.67102249024902,-1058.4789609834552
uplift20_sensitivity,TN-P118,N503,interface_action,T-E,224.25,249.0,117.5,111.46679636836052,108.67964892619784,-9.030526729300618,328.44056545197964,-156.15899954049382,678.4724636524916
uplift20_sensitivity,TN-P119,N186,interface_action,T-E,224.25,249.0,120.0,-1.0063494079258817,-46.11871458068896,-0.21732591326235706,-11.313601824944271,-8.707799693347738,53.84149774918842
uplift20_sensitivity,TN-P120,N504,interior_applied_load,,224.25,249.0,144.955,-5.329070518200751e-15,-4.605542862941782,0.0,-4.263256414560601e-14,7.105427357601002e-15,-2.842170943040401e-14
uplift20_sensitivity,TN-P121,N505,interior_applied_load,,224.25,249.0,172.41,3.1406104050738613e-15,-4.605542862941768,5.535097143818906e-16,3.5223140404799796e-15,2.201221357963273e-15,-4.300430065677472e-14
uplift20_sensitivity,TN-P122,N506,interior_applied_load,,224.25,249.0,199.864,-4.505727286747378e-15,-4.6055428629418,3.095162182525332e-16,-4.316950546684853e-14,3.911154899583397e-15,1.5030560959897956e-13
uplift20_sensitivity,TN-P123,N507,interior_applied_load,,224.25,249.0,227.319,1.287637500096972e-08,-2.3027714315469416,-9.101888749207115e-09,-4.6929703794058863e-08,2.4233976632899666e-12,-1.4441102619278112e-09
uplift20_sensitivity,TN-P124,N527,interface_action,N2; T-E top / segment 4,224.25,249.0,229.319,-33.13792201054252,208.28521959843863,0.7875801779079474,-16.881542407667656,53.60208333346007,-1258.3448649970865
uplift20_sensitivity,TN-P125,N528,interior_applied_load,,230.312,249.0,200.739,3.672859989739509e-14,-4.900938852130248,-3.8775036140632195e-15,-1.1795714802184788e-13,-7.86218238932609e-14,-2.417220434050034e-13
uplift20_sensitivity,TN-P126,N703,interior_applied_load,,235.5,249.0,229.319,-3.362685747827943e-14,-3.2121522315072024,-1.0349317245017557e-12,2.364300523710786e-13,-2.992145778491931e-12,2.287581193042684e-12
uplift20_sensitivity,TN-P127,N529,interior_applied_load,,236.375,249.0,172.16,3.7119320095290844e-14,-4.900938852130493,-4.666333669900346e-16,-1.227748920562057e-13,5.549281333962706e-15,-2.0169988402502313e-13
uplift20_sensitivity,TN-P128,N530,interior_applied_load,,242.438,249.0,143.58,-6.394884621840902e-14,-4.900938852130253,-3.552713678800501e-15,-1.1368683772161603e-13,-3.552713678800501e-14,3.410605131648481e-13
uplift20_sensitivity,TN-P129,N229,interior_applied_load,,248.5,249.0,115.0,7.450580596923828e-09,-7.2208256660960615,-1.4901161193847656e-08,0.0,-5.820766091346741e-11,-7.450580596923828e-09
uplift20_sensitivity,TN-P130,N508,interior_applied_load,,248.5,249.0,117.5,7.450580596923828e-09,-2.235129241948016,0.0,0.0,0.0,-7.450580596923828e-09
uplift20_sensitivity,TN-P131,N509,interior_applied_load,,248.5,249.0,144.148,1.8579284037076215e-15,-4.470258484251419,-1.240511408112103e-14,-1.1868700724146758e-13,3.7085487455605355e-15,-4.8905511823641944e-14
uplift20_sensitivity,TN-P132,N510,interior_applied_load,,248.5,249.0,170.797,8.670177337814083e-16,-4.470258484251636,4.5792449135683e-15,-1.0317817347106545e-12,-6.426137320802096e-16,7.217346235031282e-14
uplift20_sensitivity,TN-P133,N511,interior_applied_load,,248.5,249.0,197.445,5.1528711431993e-15,-4.470258484251396,1.273563965685214e-14,3.152222343088449e-13,4.3614207381589586e-16,2.667039307790128e-14
uplift20_sensitivity,TN-P134,N512,interior_applied_load,,248.5,249.0,224.093,3.6868419250339777e-10,-2.235129242217263,-4.433362901441255e-09,7.207487155816174e-09,2.5589585606871616e-14,-9.404592737124767e-10
uplift20_sensitivity,TN-P135,N704,interior_applied_load,,248.5,249.0,226.324,-1.3949673591897235e-09,-1.8766687566903493,6.284705270464796e-09,-1.0750027314755512e-08,7.83322363204737e-12,-4.5232905002030324e-10
uplift20_sensitivity,TN-P136,N230,interior_applied_load,,249.5,249.0,115.0,-6.502388905094136e-12,-0.18892500710966217,-2.882474762350151e-10,-2.8651113057574784e-14,-9.51522159675644e-11,6.911374120580072e-11
uplift20_sensitivity,TN-P137,N705,interior_applied_load,,249.5,249.0,226.093,1.2535412494872614e-11,-0.1340477674594076,1.1813743001661927e-10,1.0169262490459654e-11,5.200496238920699e-11,-2.699571282973073e-11
strength_screen,TN-P001,N148,interface_action,BR-N-upper-1; T-W / B-WO; W4,-32.0,249.0,115.0,-260.0903178455146,309.83103303238505,90.60545744179701,483.3812503496617,-4328.297376817122,-4459.716352763165
strength_screen,TN-P002,N628,interface_action,BR-N-upper-2; T-W top / segment 2; W4,-32.0,249.0,226.093,305.0186623644412,202.8492145390915,-16.277780632301823,299.9467411022469,208.62516547124167,2566.319535441004
strength_screen,TN-P003,N189,interior_applied_load,,-31.0,249.0,115.0,-3.0636130077255075e-08,-9.001740378490638,3.9119697703426937e-08,7.299604476429522e-08,-1.8644747967755393e-09,3.4569438867038116e-08
strength_screen,TN-P004,N488,interior_applied_load,,-31.0,249.0,117.5,5.651178351856211e-09,-4.470258484903121,-5.002959105683585e-08,5.7421781416794376e-08,9.73095746598786e-11,-6.760911927825841e-08
strength_screen,TN-P005,N489,interior_applied_load,,-31.0,249.0,144.148,1.1612109038304581e-15,-8.94051696850398,-4.6283961883358635e-14,1.2429321358279548e-12,4.335200297281869e-14,4.248982310024225e-13
strength_screen,TN-P006,N490,interior_applied_load,,-31.0,249.0,170.797,4.9334470042293666e-14,-8.940516968503282,3.3571243941205735e-15,6.071289958299364e-13,-4.471521855626959e-14,-9.662670259293847e-13
strength_screen,TN-P007,N491,interior_applied_load,,-31.0,249.0,197.445,-1.999072019464594e-14,-8.940516968502916,-2.642604595684653e-13,-5.960707483386206e-13,-2.465638639783478e-14,-1.214099629480794e-12
strength_screen,TN-P008,N492,interior_applied_load,,-31.0,249.0,224.093,0.0,-4.470258484128863,-4.76837158203125e-07,0.0,4.656612873077393e-10,0.0
strength_screen,TN-P009,N686,interior_applied_load,,-31.0,249.0,226.324,0.0,-3.7533375122584403,4.76837158203125e-07,-1.430511474609375e-06,1.6763806343078613e-08,5.960464477539063e-08
strength_screen,TN-P010,N513,interior_applied_load,,-23.25,249.0,143.58,4.547473508864641e-13,-9.93480888939996,1.2079226507921703e-13,-9.777068044058979e-12,6.821210263296962e-13,1.6370904631912708e-11
strength_screen,TN-P011,N190,interior_applied_load,,-21.323,249.0,115.0,1.2829261038055539e-11,-89.6249469304633,1.0924833764013479e-12,-1.5470738025869874e-13,1.2567668393494615e-13,-1.8319784675181057e-12
strength_screen,TN-P012,N687,interior_applied_load,,-18.0,249.0,229.319,3.963765460575235e-12,-8.18774196732498,1.7240119646039197e-11,4.578605451780486e-11,5.305230363386481e-11,-2.9975247676059806e-12
strength_screen,TN-P013,N514,interior_applied_load,,-15.5,249.0,172.16,2.0814371634773019e-13,-9.934808889402522,-2.040851040706915e-13,1.321800538642565e-12,9.726648516301827e-13,4.8748268772111705e-12
strength_screen,TN-P014,N515,interior_applied_load,,-7.75,249.0,200.739,2.9160789911195987e-13,-9.934808889402271,-1.1717111436518318e-13,-2.1953913106773022e-11,4.805563065259361e-12,1.5369447671946043e-13
strength_screen,TN-P015,N191,interior_applied_load,,-3.85,249.0,115.0,4.9325868867934475e-12,-8.056864092505766,7.86610200110961e-13,2.355590715371216e-13,-7.209626620381938e-12,-1.8521092352525146e-11
strength_screen,TN-P016,N192,interior_applied_load,,0.0,249.0,115.0,-2.6614642933964205e-08,-1.4665355600354566,-1.1577331990864081e-06,6.281338560398808e-09,-1.1397230603998735e-07,-8.855502002802496e-07
strength_screen,TN-P017,N493,interior_applied_load,,0.0,249.0,117.5,2.904154394986357e-08,-4.605542861905537,1.0730550302064746e-08,-3.1115556405435375e-09,-1.1695432459061364e-11,-2.8714927984329496e-08
strength_screen,TN-P018,N494,interior_applied_load,,0.0,249.0,144.955,2.2052736768761933e-14,-9.21108572588263,3.88135939409968e-15,1.9440987246073819e-13,-1.078972142055008e-14,-1.5259798782030552e-12
strength_screen,TN-P019,N495,interior_applied_load,,0.0,249.0,172.41,-4.296035927717585e-14,-9.211085725883487,1.0903200702152461e-13,4.572308442237611e-13,-4.1968942468157656e-15,-3.0254540467337535e-12
strength_screen,TN-P020,N496,interior_applied_load,,0.0,249.0,199.864,-1.5749341749132471e-13,-9.211085725883501,-1.300851479961679e-13,4.219399270621965e-12,4.1995774685467533e-16,5.474904234462912e-13
strength_screen,TN-P021,N497,interior_applied_load,,0.0,249.0,227.319,-1.1920928955078125e-07,-4.605542862787843,-4.76837158203125e-07,0.0,0.0,1.1920928955078125e-07
strength_screen,TN-P022,N516,interior_applied_load,,-0.0,249.0,229.319,5.960464477539063e-08,-12.325946113094687,0.0,4.76837158203125e-07,-4.656612873077393e-10,0.0
strength_screen,TN-P023,N193,interior_applied_load,,0.031,249.0,115.0,-5.405183687927909e-10,-79.74418478012088,-5.589562539055073e-06,4.275934610302493e-10,3.956630543624793e-07,5.449109685515113e-08
strength_screen,TN-P024,N194,interior_applied_load,,1.0,249.0,115.0,-9.28821464185603e-11,-7.678506058891344,1.1203820093896866e-09,2.927436071331613e-11,1.1756640105886618e-10,-2.0236257114447653e-10
strength_screen,TN-P025,N195,interior_applied_load,,9.344,249.0,115.0,-1.0486230275219699e-11,-511.4836513016712,-2.463549679207079e-13,-1.40838659192372e-13,-3.714587967808869e-12,-1.8369136814180864e-11
strength_screen,TN-P026,N688,interior_applied_load,,10.167,249.0,229.319,5.874362431088014e-12,-10.014583343914065,-4.075754070836814e-12,-1.9834390802452594e-13,1.1230256879636402e-11,-1.2211346878186353e-12
strength_screen,TN-P027,N517,interior_applied_load,,10.6,249.0,137.864,1.5916157281026244e-12,-8.319555897888222,2.842170943040401e-14,1.6342482922482304e-13,-9.592326932761353e-14,-1.3642420526593924e-12
strength_screen,TN-P028,N518,interior_applied_load,,20.2,249.0,160.728,-1.2996238393441603e-12,-8.319555897891048,-3.12170535927272e-14,-3.921528279199013e-14,-1.6665621381780045e-13,-6.795426511700778e-12
strength_screen,TN-P029,N196,interior_applied_load,,21.385,249.0,115.0,6.029800102413211e-12,-85.01753854727818,6.14282382642682e-12,1.0523159764684352e-12,-1.3589135596955874e-11,-1.210328015663531e-10
strength_screen,TN-P030,N197,interior_applied_load,,24.3,249.0,115.0,3.529516509929483e-11,-2.5111282135575483,-1.513932139839978e-11,-1.0852142065020374e-12,-3.870945967252668e-11,-1.179590295842523e-10
strength_screen,TN-P031,N198,interior_applied_load,,28.031,249.0,115.0,-1.2764734376104776e-11,-510.74841830284697,-1.9652514525773732e-11,-4.2613687518847233e-13,-2.9561607564685643e-12,-1.5462509589529333e-10
strength_screen,TN-P032,N519,interior_applied_load,,29.8,249.0,183.592,-3.6526835801214747e-13,-8.319555897890213,2.8830074911480953e-14,9.532235905230878e-13,-2.7989814884379324e-13,-5.081515576549568e-12
strength_screen,TN-P033,N689,interior_applied_load,,38.333,249.0,229.319,9.717004727773474e-13,-10.145208349139226,-2.2215450884206523e-13,1.0180620587146791e-13,5.579854594272425e-12,-1.750548896139648e-12
strength_screen,TN-P034,N520,interior_applied_load,,39.4,249.0,206.455,1.815235985172517e-13,-8.319555897891147,1.2405565645226595e-13,1.1811351526891789e-12,5.772571071715408e-12,-2.330270134071266e-12
strength_screen,TN-P035,N199,interior_applied_load,,42.74,249.0,115.0,2.5193145651174096e-11,-86.42739130147507,-3.104401316056038e-12,6.399155057200971e-13,-4.21756657429432e-11,3.384074564214111e-11
strength_screen,TN-P036,N200,interior_applied_load,,46.719,249.0,115.0,-1.4189217802000962e-11,-506.6188326109917,-2.8868063803929935e-11,-4.002747323769116e-13,-6.616936329406107e-11,1.0088789045865359e-10
strength_screen,TN-P037,N521,interior_applied_load,,49.0,249.0,229.319,-1.0771383784913269e-11,-7.273007099808564,-1.9725770288026023e-09,1.5060918043764718e-11,2.221619441362954e-09,-1.3692420114397308e-10
strength_screen,TN-P038,N201,interface_action,BR-N-upper-2,50.25,249.0,115.0,-322.0716879648926,391.1967714105238,-0.34850244473919423,-70.3857570549869,-129.1431989767347,542.2279327743006
strength_screen,TN-P039,N690,interface_action,BR-N-upper-1,50.25,249.0,229.319,696.0046423910042,885.2500545600484,13.895071635939567,-668.4134120934987,164.48823442284262,1544.8555057151095
strength_screen,TN-P040,N202,interior_applied_load,,52.45,249.0,115.0,4.909826076988333e-10,-1.1335499367715824,-1.6432397155032466e-09,-6.196733300686372e-10,-1.7055669890285266e-11,-1.5870416753707913e-10
strength_screen,TN-P041,N203,interface_action,N1 / U-W,53.25,249.0,115.0,-1111.8500106935285,2772.7646757830175,-69.7375125997003,394.3121658675575,-3461.7170380407447,39510.17643695334
strength_screen,TN-P042,N691,interface_action,N1 / U-W,53.25,249.0,229.319,-768.6614740555732,-686.2601489139096,14.945447753472743,778.2343334490095,-394.3530196380033,-3063.875695975581
strength_screen,TN-P043,N481,interface_action,N1 / U-W,56.25,249.0,207.0,1226.3875446287238,495.1428772774164,-12.61327311140071,-100.22736912138406,-8.34292130327414,1110.6122992778592
strength_screen,TN-P044,N482,interior_applied_load,,57.25,249.0,207.0,7.450580596923828e-09,-6.714120947755873,-2.384185791015625e-07,-2.384185791015625e-07,-5.384208634495735e-10,-1.4901161193847656e-08
strength_screen,TN-P045,N531,interior_applied_load,,57.25,249.0,209.5,-7.450580596923828e-09,-2.9891714518889785,-2.384185791015625e-07,-1.1920928955078125e-07,0.0,-1.4901161193847656e-08
strength_screen,TN-P046,N532,interior_applied_load,,57.25,249.0,227.319,-3.694675336507469e-08,-2.989171452468127,-2.1433362187850413e-07,-1.1929557602874397e-07,6.070345881138079e-12,-6.102476052260997e-09
strength_screen,TN-P047,N692,interior_applied_load,,57.25,249.0,229.319,-4.251500435341468e-08,-3.461562482524612,-2.1481592755370285e-07,1.3878476435775561e-07,-1.976393966403136e-09,-1.0776334229407755e-08
strength_screen,TN-P048,N204,interior_applied_load,,64.094,249.0,115.0,6.334816088632311e-11,-83.95955854708468,6.145844662118526e-11,1.5354788602475654e-12,1.0607531811749608e-10,-1.5894769106439831e-09
strength_screen,TN-P049,N205,interior_applied_load,,65.406,249.0,115.0,-1.9052565629216975e-11,-510.0179082216737,-5.261607237877398e-11,9.019863579546087e-13,-2.8055202054031435e-11,1.2822974310489482e-10
strength_screen,TN-P050,N693,interior_applied_load,,66.5,249.0,229.319,-6.544590512679599e-12,-6.008749997517006,6.5012214184873276e-12,3.725947653034466e-13,-4.446680777607304e-11,9.07017528844719e-13
strength_screen,TN-P051,N541,interior_applied_load,,68.75,249.0,218.16,-2.9558577807620168e-12,-5.376241893320866,0.0,9.094947017729282e-13,-3.637978807091713e-12,2.2737367544323206e-13
strength_screen,TN-P052,N483,interior_applied_load,,80.25,249.0,207.0,0.0,-7.884249992668629,0.0,-1.1920928955078125e-07,1.1641532182693481e-10,1.4901161193847656e-08
strength_screen,TN-P053,N533,interior_applied_load,,80.25,249.0,209.5,0.0,-2.989171452820301,1.1920928955078125e-07,0.0,1.1641532182693481e-10,7.450580596923828e-09
strength_screen,TN-P054,N534,interior_applied_load,,80.25,249.0,227.319,-9.35492334014354e-08,-2.989171453239755,2.0770739242448322e-07,1.8441684196401908e-07,-1.2889220587435013e-10,1.1143413997105611e-08
strength_screen,TN-P055,N542,interior_applied_load,,80.25,249.0,229.319,1.0829508873653285e-07,-12.795596944864165,5.415654444790788e-08,-5.51274171077343e-08,-9.011176929898982e-11,1.2163524996960623e-07
strength_screen,TN-P056,N206,interior_applied_load,,80.6,249.0,115.0,-1.0310850602644989e-11,-7.061071856454148,-5.135584829032516e-12,1.6475747204840324e-13,4.678223981749705e-12,7.336543421267094e-11
strength_screen,TN-P057,N207,interior_applied_load,,84.094,249.0,115.0,3.6197605585816104e-11,-505.61280703163493,-2.4450629987420307e-11,1.3673607911631649e-12,8.98354383220138e-12,5.137641127385163e-09
strength_screen,TN-P058,N208,interior_applied_load,,85.448,249.0,115.0,-4.0624818754736245e-11,-86.42739130770977,9.085371193201844e-11,-9.400704074478465e-13,-1.9984883112511788e-11,-9.135027207386588e-09
strength_screen,TN-P059,N543,interior_applied_load,,92.25,249.0,218.16,7.275957614183426e-12,-5.497868662761903,4.547473508864641e-13,0.0,1.0913936421275139e-11,-9.094947017729282e-13
strength_screen,TN-P060,N694,interior_applied_load,,94.667,249.0,229.319,1.0713059211287858e-11,-6.270000052123044,6.719135227026187e-12,2.354356011285589e-12,3.656661503629229e-11,-1.0170438851630092e-10
strength_screen,TN-P061,N209,interior_applied_load,,102.781,249.0,115.0,1.3158903073225133e-11,-511.84969354912687,3.1440257781534272e-12,-1.4628728247389993e-12,1.3255901368606406e-12,-1.7227521370405406e-09
strength_screen,TN-P062,N484,interior_applied_load,,104.25,249.0,207.0,5.587935447692871e-08,-13.549868661910295,2.384185791015625e-07,-2.384185791015625e-07,-5.587935447692871e-09,-2.2351741790771484e-08
strength_screen,TN-P063,N535,interior_applied_load,,104.25,249.0,209.5,-3.725290298461914e-08,-2.9891714490950108,2.384185791015625e-07,0.0,-1.0244548320770264e-08,1.1175870895385742e-08
strength_screen,TN-P064,N536,interior_applied_load,,104.25,249.0,227.319,-1.6113832670971995e-08,-2.9891714509862055,-1.7909432591112218e-07,-1.957646683925507e-07,-6.504311851152432e-11,-1.471359525884175e-08
strength_screen,TN-P065,N695,interior_applied_load,,104.25,249.0,229.319,-4.298173813769172e-09,-7.3585416682991385,1.44966020907401e-07,-1.724169258808503e-07,6.418868427380866e-11,-2.2528820122831647e-08
strength_screen,TN-P066,N210,interior_applied_load,,106.802,249.0,115.0,2.56198255701169e-11,-81.62161166700858,5.0705437043576167e-11,4.759512756702806e-13,-1.196431970144408e-10,-6.932093295422541e-09
strength_screen,TN-P067,N211,interior_applied_load,,108.75,249.0,115.0,-5.11106481270832e-11,-5.541799971807569,-3.3589308653536356e-12,8.496967647894983e-13,-1.1823226469668515e-11,8.656768089531602e-09
strength_screen,TN-P068,N544,interior_applied_load,,116.25,249.0,218.16,-1.8189894035458565e-12,-5.497868662761903,9.094947017729282e-13,-4.001776687800884e-11,4.18367562815547e-11,4.547473508864641e-12
strength_screen,TN-P069,N212,interior_applied_load,,121.469,249.0,115.0,-3.0870609764517873e-12,-511.11367323833605,-9.842879419828246e-13,-7.07678516537105e-13,7.706688167772733e-12,-5.627381549975791e-10
strength_screen,TN-P070,N696,interior_applied_load,,122.833,249.0,229.319,1.1889998746693213e-11,-6.269999985929115,-4.202903368558186e-12,-1.0519787692053192e-11,-2.1245754437372282e-10,-8.39119724340538e-11
strength_screen,TN-P071,N213,interior_applied_load,,128.156,249.0,115.0,-1.9309639135011474e-12,-85.19701729844861,1.393415824289535e-12,1.246456221157823e-12,-4.847829796762744e-12,-1.0516489657135248e-09
strength_screen,TN-P072,N485,interior_applied_load,,128.25,249.0,207.0,0.0,-7.884249992668629,1.1920928955078125e-07,0.0,0.0,-5.587935447692871e-09
strength_screen,TN-P073,N537,interior_applied_load,,128.25,249.0,209.5,0.0,-2.989171452820301,0.0,-2.384185791015625e-07,2.3283064365386963e-10,0.0
strength_screen,TN-P074,N538,interior_applied_load,,128.25,249.0,227.319,-9.699003622465341e-08,-2.9891714588168914,2.4302123757813376e-07,2.7439374905569025e-07,3.686965523311533e-11,1.255064323579802e-07
strength_screen,TN-P075,N545,interior_applied_load,,128.25,249.0,229.319,1.0645735744654172e-07,-12.795596949748345,-2.9285087864013926e-07,1.257912586404857e-07,-6.265916907557762e-10,2.682840051767137e-07
strength_screen,TN-P076,N214,interior_applied_load,,136.9,249.0,115.0,3.6753326333994364e-11,-4.534200063064861,-2.606541463174583e-12,1.7093905408996406e-12,1.3014480748672397e-11,-1.0124098717465214e-09
strength_screen,TN-P077,N546,interior_applied_load,,139.75,249.0,218.16,-3.637978807091713e-12,-5.376241893322003,-1.3642420526593924e-12,1.8189894035458565e-11,0.0,0.0
strength_screen,TN-P078,N215,interior_applied_load,,140.156,249.0,115.0,2.2320636666522077e-12,-508.5458675973409,6.087538760045695e-12,6.145808282472438e-13,2.2093236651020392e-11,-4.188897733969475e-09
strength_screen,TN-P079,N216,interior_applied_load,,149.51,249.0,115.0,6.745434658691438e-12,-86.42739130111225,3.681020958867483e-13,2.5004558913096107e-13,-3.0853082058491412e-12,-1.7463815026925781e-09
strength_screen,TN-P080,N697,interior_applied_load,,151.0,249.0,229.319,-1.0180756238042932e-10,-6.00875003084298,-1.5455051394219765e-07,7.300382069034375e-13,8.981326238277632e-10,-2.2212229458529187e-08
strength_screen,TN-P081,N486,interior_applied_load,,151.25,249.0,207.0,-3.725290298461914e-09,-6.714120946824551,2.384185791015625e-07,0.0,-4.656612873077393e-10,1.862645149230957e-09
strength_screen,TN-P082,N539,interior_applied_load,,151.25,249.0,209.5,3.725290298461914e-09,-2.9891714602708817,2.384185791015625e-07,0.0,-2.3283064365386963e-10,-3.725290298461914e-09
strength_screen,TN-P083,N540,interior_applied_load,,151.25,249.0,227.319,-6.533341603831566e-09,-2.989171447083533,2.974472853300991e-07,-1.344944097758649e-07,1.390403416383729e-10,-4.158968594514256e-08
strength_screen,TN-P084,N698,interior_applied_load,,151.25,249.0,229.319,-2.2000786116527227e-08,-1.1103122913025327,-8.358904963076349e-07,-5.339916297295081e-07,1.4919596502249027e-09,-8.500591986218553e-08
strength_screen,TN-P085,N487,interior_applied_load,,152.25,249.0,207.0,1.846173655901751e-10,-0.1677499838436442,2.354404043607276e-08,2.4943241149837624e-09,-3.0791047976622347e-09,1.85205001775748e-07
strength_screen,TN-P086,N475,interior_applied_load,,155.25,249.0,120.0,-2.469966698497519e-13,-13.810985069614487,5.949518193570016e-14,5.610879543877388e-13,1.4634365866366148e-15,-3.2940548542145422e-12
strength_screen,TN-P087,N476,interior_applied_load,,155.25,249.0,146.657,3.72454652600034e-13,-27.621970139238115,4.91949181477458e-13,-4.333573021215804e-12,8.690101589760273e-14,6.785104909757964e-14
strength_screen,TN-P088,N477,interior_applied_load,,155.25,249.0,173.314,3.5581135288448123e-13,-27.621970139237625,1.2032256839228912e-12,-1.05492988097612e-11,1.4634365866366148e-15,-1.1524977700014429e-11
strength_screen,TN-P089,N478,interior_applied_load,,155.25,249.0,199.971,1.8550503005192227e-12,-17.452729861462128,1.2175537440643028e-11,-1.3254920063170478e-10,5.260670851598345e-13,-2.2561913773546092e-11
strength_screen,TN-P090,N479,interior_applied_load,,155.25,249.0,207.0,-1.8202885285268593e-10,-13.8109851250577,-2.435966083604731e-07,3.0144488420384934e-09,-3.9636964519683275e-08,6.278634294247917e-08
strength_screen,TN-P091,N480,interior_applied_load,,155.25,249.0,226.628,0.0,-10.169240280985832,-2.384185791015625e-07,0.0,0.0,0.0
strength_screen,TN-P092,N699,interior_applied_load,,155.25,249.0,229.319,0.0,-2.2859374806284904,0.0,0.0,4.656612873077393e-10,4.470348358154297e-08
strength_screen,TN-P093,N217,interior_applied_load,,158.844,249.0,115.0,2.4382040334774126e-11,-509.65265328352103,8.335362704241746e-13,-1.1561502164891415e-13,-4.059997731280241e-12,-8.194485644063881e-10
strength_screen,TN-P094,N522,interior_applied_load,,160.0,249.0,229.319,-9.022852338753646e-12,-10.647879345616763,-2.563474580207177e-10,9.4126981944041e-12,-1.1453425558404792e-10,5.364192016360184e-13
strength_screen,TN-P095,N218,interior_applied_load,,165.05,249.0,115.0,-2.740072896471974e-11,-4.54207179943008,5.265252650113259e-12,1.4194012208563568e-12,1.4238493168848827e-11,8.159000855457854e-10
strength_screen,TN-P096,N219,interior_applied_load,,170.865,249.0,115.0,2.2369472511421563e-11,-84.08235976789824,1.1390209561014416e-12,9.266111386740812e-13,9.967247242981393e-12,-3.036871630730657e-11
strength_screen,TN-P097,N523,interior_applied_load,,172.85,249.0,206.455,2.1164543210585644e-12,-8.799300402793325,5.373686191054238e-13,4.791806606812314e-12,-1.0215834370793568e-12,-4.299158698873172e-12
strength_screen,TN-P098,N220,interior_applied_load,,177.531,249.0,115.0,1.8566705996360727e-11,-507.2328389106181,1.6093353003148179e-10,4.4751223065937593e-13,-2.299086730650347e-10,6.352179568688025e-10
strength_screen,TN-P099,N700,interior_applied_load,,179.167,249.0,229.319,4.687348300984613e-12,-5.225000055006151,9.082640293353163e-09,1.9938139302467305e-12,-3.3187393129070246e-09,-1.0856570326606496e-08
strength_screen,TN-P100,N221,interior_applied_load,,180.0,249.0,115.0,2.6760218929666735e-08,-5.549671865270362,1.6329291696592918e-08,3.673635617928994e-09,-4.823249224287731e-10,4.227151606528423e-08
strength_screen,TN-P101,N498,interior_applied_load,,180.0,249.0,117.5,5.2954476359445835e-09,-4.6055428251368795,-6.7181247231928864e-09,-5.448328010970727e-09,2.2679103039990878e-10,5.205379238759633e-08
strength_screen,TN-P102,N499,interior_applied_load,,180.0,249.0,144.955,-2.2737367544323206e-13,-9.211085725866724,-5.684341886080802e-14,3.410605131648481e-13,1.4210854715202004e-14,-1.8189894035458565e-12
strength_screen,TN-P103,N500,interior_applied_load,,180.0,249.0,172.41,-1.1368683772161603e-13,-9.211085725895828,0.0,-4.547473508864641e-13,5.676593627976881e-15,-1.2732925824820995e-11
strength_screen,TN-P104,N501,interior_applied_load,,180.0,249.0,199.864,-2.7995724496547443e-13,-9.211085725866939,-1.0218354154444852e-13,6.7368240358651566e-12,-9.704202655029466e-16,-5.464155565230892e-12
strength_screen,TN-P105,N502,interior_applied_load,,180.0,249.0,227.319,1.8763240272612336e-07,-4.6055429060535875,1.1533310473321734e-07,9.337055051350518e-07,1.1211086376180923e-10,-2.020776013189618e-07
strength_screen,TN-P106,N701,interior_applied_load,,180.0,249.0,229.319,4.725026536800223e-08,-7.358541626283994,3.1850477768929447e-07,-1.0009835608605919e-07,1.4908527940880574e-09,-2.3119082012559395e-07
strength_screen,TN-P107,N524,interior_applied_load,,185.7,249.0,183.592,1.2440586195148804e-12,-8.799300402807356,3.2546169185547607e-13,3.5438405822717475e-12,1.546557594371457e-12,-5.711284311120248e-12
strength_screen,TN-P108,N222,interior_applied_load,,192.219,249.0,115.0,7.337062866466258e-11,-84.35393946529867,-1.901904147935432e-09,-1.757975218856897e-12,1.0167600764672405e-09,8.565997577780814e-10
strength_screen,TN-P109,N223,interior_applied_load,,193.2,249.0,115.0,9.630939002018857e-11,-1.5113999356752514,8.604852488073993e-10,-4.202529488846527e-12,-6.09229563881432e-10,-3.3454693217599263e-09
strength_screen,TN-P110,N224,interior_applied_load,,196.219,249.0,115.0,2.3310428051726864e-11,-565.0626313213191,-4.634125308809322e-11,2.2858013136069346e-12,-6.623744124070007e-11,2.819044629230491e-11
strength_screen,TN-P111,N525,interior_applied_load,,198.55,249.0,160.728,1.374010450341858e-12,-8.799300402804352,-4.914514918118503e-14,-3.955952757148395e-12,-4.771748535535211e-13,2.3048011189112732e-12
strength_screen,TN-P112,N702,interior_applied_load,,207.333,249.0,229.319,-4.165132869779962e-12,-11.560312498820352,-1.2403246260765924e-11,3.5250559588693314e-12,-2.0454331718015988e-10,-1.9649138019870104e-11
strength_screen,TN-P113,N526,interior_applied_load,,211.4,249.0,137.864,1.8189894035458565e-12,-8.799300402803055,5.968558980384842e-13,-6.59383658785373e-12,-1.3642420526593924e-12,-8.384404281969182e-12
strength_screen,TN-P114,N225,interior_applied_load,,213.573,249.0,115.0,-5.6462526986702344e-11,-86.42739130165846,-1.3345379168121184e-09,4.286581804507136e-13,-3.9249264581502416e-10,9.191513698335091e-10
strength_screen,TN-P115,N226,interior_applied_load,,214.906,249.0,115.0,-4.2276275884232226e-11,-560.3032956415661,1.2362161725785376e-10,-3.5324678879411455e-12,3.774634062574365e-10,-4.947726811283383e-10
strength_screen,TN-P116,N227,interior_applied_load,,221.35,249.0,115.0,-1.5004136906621523e-11,-3.530535981851011,1.517162755471637e-10,8.246272357227057e-12,-5.737277194015275e-10,-1.171135129709073e-10
strength_screen,TN-P117,N228,interface_action,N2; T-E,224.25,249.0,115.0,-503.11832827329636,4307.563633125275,-320.3603472709656,140.8373907804489,-407.210257191211,-5015.872277259827
strength_screen,TN-P118,N503,interface_action,T-E,224.25,249.0,117.5,850.4089401960373,-1415.003224927932,300.0354710817337,-1806.3058470487595,-1325.5652550105006,8222.622753798962
strength_screen,TN-P119,N186,interface_action,T-E,224.25,249.0,120.0,-3.6221066486323252,1014.6418763705005,-4.989263151190244,-315.20458114356734,-88.21648795086821,335.40706784362555
strength_screen,TN-P120,N504,interior_applied_load,,224.25,249.0,144.955,-9.237055564881302e-14,-9.211085725884914,-1.4210854715202004e-14,-2.2737367544323206e-13,0.0,-7.958078640513122e-13
strength_screen,TN-P121,N505,interior_applied_load,,224.25,249.0,172.41,-2.9173945933051085e-15,-9.211085725886107,-1.167918333611284e-14,-5.307508092561848e-13,3.1956694035887585e-14,-1.1938666501205967e-15
strength_screen,TN-P122,N506,interior_applied_load,,224.25,249.0,199.864,-1.139253854847287e-14,-9.211085725890483,7.661795754053016e-14,2.713138120067e-12,2.7235039086565966e-14,3.4108495936671884e-13
strength_screen,TN-P123,N507,interior_applied_load,,224.25,249.0,227.319,2.1538510740042038e-07,-4.605542860232434,7.82177813740681e-07,2.001633887749321e-06,6.642338485613752e-11,-2.7502296994288966e-07
strength_screen,TN-P124,N527,interface_action,N2; T-E top / segment 4,224.25,249.0,229.319,-108.40586441471454,-292.0035686193901,4.845237022224205,-743.4710554349547,-145.36332622053598,-18560.840472790966
strength_screen,TN-P125,N528,interior_applied_load,,230.312,249.0,200.739,-5.52365457002105e-13,-9.801877704259013,-1.9631266632226511e-13,-3.6508698554152426e-12,1.7759530405065298e-12,6.946146174659876e-13
strength_screen,TN-P126,N703,interior_applied_load,,235.5,249.0,229.319,-7.306553932943014e-12,-6.424304463018097,1.0254429940471277e-11,-2.622026158710866e-11,4.604476286049838e-11,-1.3198915149610998e-11
strength_screen,TN-P127,N529,interior_applied_load,,236.375,249.0,172.16,7.179023526155043e-13,-9.801877704263637,-2.7051334017535916e-14,9.85101366855926e-13,-2.9737650729053686e-13,-3.1004888648090496e-12
strength_screen,TN-P128,N530,interior_applied_load,,242.438,249.0,143.58,-9.094947017729282e-13,-9.801877704259823,-5.684341886080801e-13,-4.547473508864641e-13,2.2737367544323206e-13,-1.1368683772161603e-12
strength_screen,TN-P129,N229,interior_applied_load,,248.5,249.0,115.0,5.960464477539063e-08,-14.441651333123446,0.0,0.0,2.7939677238464355e-09,-2.384185791015625e-07
strength_screen,TN-P130,N508,interior_applied_load,,248.5,249.0,117.5,-1.1920928955078125e-07,-4.470258489251137,-4.76837158203125e-07,2.384185791015625e-07,-4.656612873077393e-10,-1.7881393432617188e-07
strength_screen,TN-P131,N509,interior_applied_load,,248.5,249.0,144.148,1.950670279333782e-15,-8.940516968505975,7.022964664615586e-13,2.247683961942914e-12,5.732197179643968e-14,-2.533965301972083e-12
strength_screen,TN-P132,N510,interior_applied_load,,248.5,249.0,170.797,6.725384160944001e-15,-8.940516968508712,-1.8293398976453687e-13,5.3631134018546755e-11,1.3483427115463675e-14,-1.31677973054037e-12
strength_screen,TN-P133,N511,interior_applied_load,,248.5,249.0,197.445,-1.4315757499103042e-13,-8.940516968500429,-2.665539748738277e-13,-1.8379296572245793e-11,-8.247063531935503e-15,-1.1361355461474803e-12
strength_screen,TN-P134,N512,interior_applied_load,,248.5,249.0,224.093,-1.6139790177018706e-08,-4.470258484178277,-1.7255898196293788e-07,-1.4267576406262302e-07,8.737184185572972e-12,8.131383950085528e-09
strength_screen,TN-P135,N704,interior_applied_load,,248.5,249.0,226.324,-9.309267458806189e-09,-3.7533375141559184,-2.4816560803068894e-07,-3.590726333240744e-07,-2.7223289124913914e-09,-1.6744196478004578e-08
strength_screen,TN-P136,N230,interior_applied_load,,249.5,249.0,115.0,-4.204242509686651e-11,-0.37785001358606474,-3.971001645564076e-09,1.3086639411019618e-11,3.6196903946406067e-09,3.1515484666400084e-12
strength_screen,TN-P137,N705,interior_applied_load,,249.5,249.0,226.093,-3.958287348595614e-12,-0.26809553565699457,2.2964483322025963e-09,3.228113972013754e-10,1.2917416357759286e-09,-3.682338962461993e-10
HB0.25,TN-P001,N148,interface_action,BR-N-upper-1; T-W / B-WO; W4,-32.0,249.0,115.0,-86.54419585068715,150.12322278486448,61.10393530022293,286.848638071518,-2917.8750515107663,-3223.273448562733
HB0.25,TN-P002,N628,interface_action,BR-N-upper-2; T-W top / segment 2; W4,-32.0,249.0,226.093,119.70189900695709,166.89302141363294,-12.708108701119599,187.65755329572517,191.15350027347304,1835.064104393205
HB0.25,TN-P003,N189,interior_applied_load,,-31.0,249.0,115.0,-4.155251076554123e-08,-7.501450314016637,-2.4107187357458315e-08,-1.9361095837666653e-08,4.036238010485249e-11,6.574782673851587e-08
HB0.25,TN-P004,N488,interior_applied_load,,-31.0,249.0,117.5,3.636150037952531e-08,-3.7252154037601812,-1.91046809730644e-09,-2.1536513595719443e-08,-1.7215870876216122e-10,3.5551730190721406e-08
HB0.25,TN-P005,N489,interior_applied_load,,-31.0,249.0,144.148,5.588379225000503e-14,-7.450430807086017,1.4842878111604875e-14,6.692249660304439e-13,5.3171284030660724e-14,5.199765079757776e-13
HB0.25,TN-P006,N490,interior_applied_load,,-31.0,249.0,170.797,3.4070692975645833e-14,-7.450430807086143,-8.654546423737817e-14,5.220194502552899e-13,-6.414821749712884e-14,-7.8796829135217e-13
HB0.25,TN-P007,N491,interior_applied_load,,-31.0,249.0,197.445,2.4589030690663718e-14,-7.450430807085699,-1.2885067822099702e-13,8.996382502905506e-14,3.13807615999659e-14,-1.2656550020009614e-12
HB0.25,TN-P008,N492,interior_applied_load,,-31.0,249.0,224.093,-2.9802322387695312e-08,-3.7252154033631086,2.384185791015625e-07,0.0,0.0,0.0
HB0.25,TN-P009,N686,interior_applied_load,,-31.0,249.0,226.324,2.9802322387695312e-08,-3.1277812579646707,4.76837158203125e-07,-2.384185791015625e-07,8.381903171539307e-09,0.0
HB0.25,TN-P010,N513,interior_applied_load,,-23.25,249.0,143.58,3.694822225952521e-13,-8.279007407835422,7.105427357601002e-15,1.8758328224066645e-12,-9.094947017729282e-13,4.547473508864641e-12
HB0.25,TN-P011,N190,interior_applied_load,,-21.323,249.0,115.0,6.159267880382486e-12,-74.68745577538701,2.8346249040244793e-13,8.506888746558553e-14,4.449053090558338e-14,2.058413951775024e-12
HB0.25,TN-P012,N687,interior_applied_load,,-18.0,249.0,229.319,6.89713391406467e-12,-6.823118306105066,6.46026820101688e-12,-7.809852315261525e-13,2.105947114713637e-11,9.049884951541209e-12
HB0.25,TN-P013,N514,interior_applied_load,,-15.5,249.0,172.16,2.19294924850848e-13,-8.279007407835296,-2.7506367115635023e-13,-1.1509936647811327e-12,7.181971825249441e-13,1.0827683545271434e-12
HB0.25,TN-P014,N515,interior_applied_load,,-7.75,249.0,200.739,3.4768095801677296e-13,-8.27900740783551,6.307657267627239e-14,-9.24218926605351e-12,1.699634278364512e-12,3.84213971277231e-12
HB0.25,TN-P015,N191,interior_applied_load,,-3.85,249.0,115.0,9.8643926337006e-12,-6.714053410401032,1.2731496280925661e-11,-7.067589831989794e-14,-5.735032583278342e-12,5.33432629441977e-11
HB0.25,TN-P016,N192,interior_applied_load,,0.0,249.0,115.0,-3.6297494787618234e-08,-1.2221117688126868,-2.0662019615258487e-06,-3.544817772649367e-09,1.162163484532813e-07,-5.443005060001838e-07
HB0.25,TN-P017,N493,interior_applied_load,,0.0,249.0,117.5,1.4157697976879345e-08,-3.8379523848115564,-5.880689325123167e-09,-6.569877301351834e-09,-1.4194043085097521e-11,3.7865423783451625e-08
HB0.25,TN-P018,N494,interior_applied_load,,0.0,249.0,144.955,6.225416595749545e-14,-7.675904771569308,1.7758744963678e-14,9.273166505729621e-14,-1.3669621789350974e-14,-4.84604112199841e-13
HB0.25,TN-P019,N495,interior_applied_load,,0.0,249.0,172.41,-1.022327652924135e-14,-7.675904771569627,1.6315496610005457e-14,-1.7252780160485263e-13,-1.4644587556402626e-14,-6.679113461401541e-13
HB0.25,TN-P020,N496,interior_applied_load,,0.0,249.0,199.864,-8.298039362471837e-14,-7.675904771569578,-2.223955219176163e-14,2.228749844527437e-12,-2.1847209098626802e-14,-2.4423453883222936e-13
HB0.25,TN-P021,N497,interior_applied_load,,0.0,249.0,227.319,0.0,-3.837952386587858,-4.76837158203125e-07,-2.384185791015625e-07,0.0,0.0
HB0.25,TN-P022,N516,interior_applied_load,,-0.0,249.0,229.319,-5.960464477539063e-08,-10.271621759980917,4.76837158203125e-07,-7.152557373046875e-07,0.0,-5.960464477539063e-08
HB0.25,TN-P023,N193,interior_applied_load,,0.031,249.0,115.0,-2.327936690671012e-09,-66.45347673216627,1.1729172446944349e-05,3.6095264834005644e-10,4.910306657733302e-07,1.3031043248153636e-07
HB0.25,TN-P024,N194,interior_applied_load,,1.0,249.0,115.0,2.05773176276125e-11,-6.398755049034776,1.2989431752430391e-09,1.4377832258105627e-11,4.34127400694706e-10,4.431512934388593e-10
HB0.25,TN-P025,N195,interior_applied_load,,9.344,249.0,115.0,4.589460932827953e-12,-222.06592412575156,-6.171255615296132e-13,1.7423973618373125e-13,1.5118844801680908e-12,-2.0104019535796943e-12
HB0.25,TN-P026,N688,interior_applied_load,,10.167,249.0,229.319,3.3426536415275745e-12,-8.345486119928049,-7.537750321675114e-13,2.9861110263985474e-14,-8.151065203610727e-12,-5.015404508741794e-13
HB0.25,TN-P027,N517,interior_applied_load,,10.6,249.0,137.864,5.684341886080801e-13,-6.932963248243141,-5.329070518200751e-15,1.1368683772161603e-13,-4.263256414560601e-14,-6.821210263296962e-13
HB0.25,TN-P028,N518,interior_applied_load,,20.2,249.0,160.728,-1.0297554899010433e-12,-6.932963248242775,-7.596296861516844e-15,6.256547063602759e-14,-8.867873439705174e-14,-3.503219033494328e-12
HB0.25,TN-P029,N196,interior_applied_load,,21.385,249.0,115.0,8.881009385483911e-12,-70.8479487893568,1.5936691836517877e-12,-2.4798207628482546e-13,2.577199143053546e-12,-5.0601021077728876e-11
HB0.25,TN-P030,N197,interior_applied_load,,24.3,249.0,115.0,-3.774048888187006e-12,-2.092606844577109,-1.025776180205105e-13,-3.824389867241658e-13,3.0278949328482993e-12,-8.545892833969993e-11
HB0.25,TN-P031,N198,interior_applied_load,,28.031,249.0,115.0,2.8168653146748558e-12,-221.45322996007988,2.0801955175357837e-12,-1.0270036956666273e-13,-1.1426484296085258e-12,2.0321656328617926e-11
HB0.25,TN-P032,N519,interior_applied_load,,29.8,249.0,183.592,6.685820592774871e-13,-6.932963248240023,-1.7969075975852236e-14,2.232242772400289e-13,-1.1801516450740697e-14,-9.038613634163973e-13
HB0.25,TN-P033,N689,interior_applied_load,,38.333,249.0,229.319,-5.700668364851782e-13,-8.454340290948943,-8.681935486152365e-13,-3.0611712200323295e-13,7.225537534866865e-12,-3.048763817305497e-14
HB0.25,TN-P034,N520,interior_applied_load,,39.4,249.0,206.455,-2.3079353109995945e-13,-6.932963248242266,3.882405659965152e-14,3.868774352206703e-13,5.808862087868102e-13,-3.2259253757969533e-12
HB0.25,TN-P035,N199,interior_applied_load,,42.74,249.0,115.0,-4.882386288829376e-12,-72.02282608457855,1.4600250619975873e-12,4.2710289192538166e-13,-1.0675627627524138e-11,9.925971906629157e-12
HB0.25,TN-P036,N200,interior_applied_load,,46.719,249.0,115.0,4.5295630814129214e-13,-218.0119085502024,-4.90163100295526e-12,-3.109101991285148e-13,-1.7413307330688143e-11,2.0592411334506553e-11
HB0.25,TN-P037,N521,interior_applied_load,,49.0,249.0,229.319,7.38864525118288e-12,-6.060839249941036,-1.3541846394238277e-09,3.171636726219992e-12,6.197227765680768e-10,1.0631996671950361e-10
HB0.25,TN-P038,N201,interface_action,BR-N-upper-2,50.25,249.0,115.0,-106.93475438753921,107.49965737243039,-0.9102508961721464,-123.05737306621889,-142.3848635142034,406.42957497584337
HB0.25,TN-P039,N690,interface_action,BR-N-upper-1,50.25,249.0,229.319,381.1738315522937,465.5066423291952,8.66061917328171,-416.09456591617993,90.94055672090326,1118.911947077965
HB0.25,TN-P040,N202,interior_applied_load,,52.45,249.0,115.0,-1.1345780595967487e-10,-0.9446249476333108,-2.657451442219033e-10,-1.443113637526395e-10,-6.166815085744028e-12,-3.7607818833183004e-10
HB0.25,TN-P041,N203,interface_action,N1 / U-W,53.25,249.0,115.0,-738.8699774439021,1422.2974389569683,-44.266436463620344,362.5738807681568,-2453.1344393417653,18907.640689166066
HB0.25,TN-P042,N691,interface_action,N1 / U-W,53.25,249.0,229.319,-403.3652388376938,-319.21910218770535,10.758812449775595,481.93105010377553,-201.22733318183663,-1981.3957041965864
HB0.25,TN-P043,N481,interface_action,N1 / U-W,56.25,249.0,207.0,632.3031922287026,284.8296096435126,-5.2841922518103495,-32.99805793492952,-90.03244524773092,591.2866752878863
HB0.25,TN-P044,N482,interior_applied_load,,57.25,249.0,207.0,-1.4901161193847656e-08,-5.5951007893309,5.960464477539063e-08,-5.960464477539063e-08,1.7462298274040222e-10,-1.4901161193847656e-08
HB0.25,TN-P045,N531,interior_applied_load,,57.25,249.0,209.5,-1.4901161193847656e-08,-2.490976210217923,0.0,0.0,5.820766091346741e-11,0.0
HB0.25,TN-P046,N532,interior_applied_load,,57.25,249.0,227.319,-2.380198282567192e-08,-2.4909762096959565,-2.2395723886514673e-08,2.6358151550276432e-08,6.917873058175736e-12,4.365244535980972e-08
HB0.25,TN-P047,N692,interior_applied_load,,57.25,249.0,229.319,6.1836952026347785e-09,-2.8846354040285838,-1.5063557872386422e-07,4.067537898562066e-08,1.0770860391109318e-09,4.486964171857787e-08
HB0.25,TN-P048,N204,interior_applied_load,,64.094,249.0,115.0,2.5666728120605594e-11,-69.96629879072965,-1.1815695520106381e-10,1.2405172442703833e-13,-5.036835362645012e-11,-1.0658352234574428e-09
HB0.25,TN-P049,N205,interior_applied_load,,65.406,249.0,115.0,4.012130754904984e-12,-220.8444715575979,1.2018463294681813e-10,4.813056393439193e-13,1.4393839390844605e-11,-4.123422130616348e-10
HB0.25,TN-P050,N693,interior_applied_load,,66.5,249.0,229.319,-5.111607382398284e-12,-5.007291664597872,4.797197607195942e-12,1.761439177125868e-13,1.5719698052296007e-12,-3.542267340913098e-12
HB0.25,TN-P051,N541,interior_applied_load,,68.75,249.0,218.16,-2.2737367544323206e-13,-4.480201577766934,-2.2737367544323206e-13,9.094947017729282e-13,-2.2737367544323206e-12,6.821210263296962e-13
HB0.25,TN-P052,N483,interior_applied_load,,80.25,249.0,207.0,-1.4901161193847656e-08,-6.5702083287760615,-5.960464477539063e-08,-1.1920928955078125e-07,5.820766091346741e-11,1.4901161193847656e-08
HB0.25,TN-P053,N533,interior_applied_load,,80.25,249.0,209.5,-1.4901161193847656e-08,-2.4909762097522616,1.7881393432617188e-07,0.0,0.0,1.4901161193847656e-08
HB0.25,TN-P054,N534,interior_applied_load,,80.25,249.0,227.319,-6.463060933659115e-08,-2.490976211137035,3.433692162546631e-08,-5.358837013025308e-09,-3.7682297985365405e-11,2.9427675130033748e-08
HB0.25,TN-P055,N542,interior_applied_load,,80.25,249.0,229.319,5.748591673238115e-08,-10.662997453296798,-1.4546013126566326e-09,-7.946113454523395e-08,-1.195245101732163e-10,3.560808920880339e-08
HB0.25,TN-P056,N206,interior_applied_load,,80.6,249.0,115.0,-3.023048948822583e-11,-5.884226547318372,-1.0588255312947028e-11,2.581172125245471e-13,-2.948701326176011e-11,-2.3279055366805115e-10
HB0.25,TN-P057,N207,interior_applied_load,,84.094,249.0,115.0,2.173742958250457e-11,-217.17355388721626,1.2222962748251076e-10,5.183592106757616e-13,7.62392024217194e-11,5.825294968180419e-09
HB0.25,TN-P058,N208,interior_applied_load,,85.448,249.0,115.0,-2.5700238609838306e-12,-72.02282608207152,1.5830444432383327e-10,8.209808436240415e-15,-1.0544830340130214e-10,-1.010329687650414e-09
HB0.25,TN-P059,N543,interior_applied_load,,92.25,249.0,218.16,5.4569682106375694e-12,-4.581557218969465,3.410605131648481e-13,0.0,5.4569682106375694e-12,0.0
HB0.25,TN-P060,N694,interior_applied_load,,94.667,249.0,229.319,2.620121338435117e-12,-5.225000043434161,2.910477147953188e-12,-1.4708627319911297e-11,3.739474318476699e-11,1.2927551770295298e-11
HB0.25,TN-P061,N209,interior_applied_load,,102.781,249.0,115.0,1.6538029049891368e-12,-222.3709593319039,3.123497492777651e-12,-3.6191704556984606e-13,-2.0576927997057343e-11,-7.658194393942881e-10
HB0.25,TN-P062,N484,interior_applied_load,,104.25,249.0,207.0,-1.4901161193847656e-08,-11.291557220742106,-5.960464477539063e-08,-1.7881393432617188e-07,-3.259629011154175e-09,1.4901161193847656e-08
HB0.25,TN-P063,N535,interior_applied_load,,104.25,249.0,209.5,0.0,-2.4909762125462294,2.384185791015625e-07,1.1920928955078125e-07,-5.3551048040390015e-09,4.470348358154297e-08
HB0.25,TN-P064,N536,interior_applied_load,,104.25,249.0,227.319,2.6890425573744547e-08,-2.490976211719625,1.098235653806956e-07,4.558647387353787e-08,4.87540512047773e-11,1.2806694579814426e-08
HB0.25,TN-P065,N695,interior_applied_load,,104.25,249.0,229.319,1.3700472220482837e-08,-6.132118054846538,-1.6711383159676684e-07,-2.3668123308357182e-09,-4.349613140415413e-11,3.532789562139148e-08
HB0.25,TN-P066,N210,interior_applied_load,,106.802,249.0,115.0,5.2100624842899117e-11,-68.01800972044609,9.591040609835517e-11,-5.904234096727271e-13,-1.1129836484577547e-10,-7.853901432588533e-09
HB0.25,TN-P067,N211,interior_applied_load,,108.75,249.0,115.0,-1.1976897767362726e-11,-4.618166634813529,8.547332892057759e-11,3.307006090784131e-13,2.16201785581518e-11,-1.1941617213941264e-09
HB0.25,TN-P068,N544,interior_applied_load,,116.25,249.0,218.16,-9.094947017729282e-13,-4.581557218970374,-4.547473508864641e-13,-1.0913936421275139e-11,1.4551915228366852e-11,3.183231456205249e-12
HB0.25,TN-P069,N212,interior_applied_load,,121.469,249.0,115.0,-1.3843248541803687e-12,-221.7576090730174,-3.034942226930498e-14,5.1001945524821367e-14,9.203419351796316e-12,6.843216548481973e-10
HB0.25,TN-P070,N696,interior_applied_load,,122.833,249.0,229.319,4.043538281241468e-12,-5.224999988241751,-3.5160158301128076e-11,2.3444602117119374e-11,-3.10666463598072e-12,6.300205292795162e-11
HB0.25,TN-P071,N213,interior_applied_load,,128.156,249.0,115.0,4.446692238346473e-12,-70.99751441552303,2.3372602706027253e-13,4.305144578308022e-14,-7.421875989397584e-12,-8.749807454825062e-10
HB0.25,TN-P072,N485,interior_applied_load,,128.25,249.0,207.0,-1.4901161193847656e-08,-6.570208327844739,-1.1920928955078125e-07,0.0,2.3283064365386963e-10,1.4901161193847656e-08
HB0.25,TN-P073,N537,interior_applied_load,,128.25,249.0,209.5,0.0,-2.490976210683584,1.1920928955078125e-07,-1.1920928955078125e-07,0.0,-1.4901161193847656e-08
HB0.25,TN-P074,N538,interior_applied_load,,128.25,249.0,227.319,2.4867419651242173e-09,-2.4909762100220574,-1.582592917964698e-07,-2.354980796481776e-08,-7.872297754147317e-11,-8.797967715468147e-09
HB0.25,TN-P075,N545,interior_applied_load,,128.25,249.0,229.319,2.777641331969089e-08,-10.662997455657322,-3.5968581824952305e-08,-1.1871361272408262e-07,-1.0070182848040319e-10,9.543221115448787e-08
HB0.25,TN-P076,N214,interior_applied_load,,136.9,249.0,115.0,3.56968078143166e-12,-3.778500051395742,1.63359500719744e-13,6.358273435002354e-13,1.8112395748026145e-12,2.6726668508105095e-10
HB0.25,TN-P077,N546,interior_applied_load,,139.75,249.0,218.16,0.0,-4.480201577769549,-1.3642420526593924e-12,4.547473508864641e-12,-1.8189894035458565e-12,-1.3642420526593924e-12
HB0.25,TN-P078,N215,interior_applied_load,,140.156,249.0,115.0,1.4407880709776376e-12,-219.61777103952446,2.6652745540617434e-12,-1.1683665074301793e-13,8.380656764496877e-12,3.169612051779576e-09
HB0.25,TN-P079,N216,interior_applied_load,,149.51,249.0,115.0,-1.350367717074988e-13,-72.02282608464508,-5.591740707530365e-13,-9.21380886917897e-14,2.8171708761715114e-12,9.688096038117485e-12
HB0.25,TN-P080,N697,interior_applied_load,,151.0,249.0,229.319,-2.6018187604393006e-11,-5.007291521913551,-4.4738524399012825e-08,-3.912677528050228e-12,1.1683257358091614e-08,1.936070680857993e-08
HB0.25,TN-P081,N486,interior_applied_load,,151.25,249.0,207.0,7.450580596923828e-09,-5.595100790262222,1.1920928955078125e-07,1.1920928955078125e-07,-2.3283064365386963e-10,0.0
HB0.25,TN-P082,N539,interior_applied_load,,151.25,249.0,209.5,-7.450580596923828e-09,-2.4909762144088745,1.1920928955078125e-07,2.384185791015625e-07,0.0,0.0
HB0.25,TN-P083,N540,interior_applied_load,,151.25,249.0,227.319,-1.3045119269528005e-08,-2.490976211156311,-4.0281991575685794e-08,-2.6341059500278874e-07,-1.8085577626429535e-10,-1.800116762595838e-08
HB0.25,TN-P084,N698,interior_applied_load,,151.25,249.0,229.319,-1.587924457202572e-08,-0.9252605829060104,-3.9046423127198256e-07,-2.126525642735537e-07,1.4156239575534302e-08,-4.621652889644917e-08
HB0.25,TN-P085,N487,interior_applied_load,,152.25,249.0,207.0,2.3177045474976574e-10,-0.13979165845468056,-1.112971325874463e-08,1.0057282483186064e-09,1.3610534441869007e-07,2.991955989904064e-08
HB0.25,TN-P086,N475,interior_applied_load,,155.25,249.0,120.0,1.658068583185611e-14,-11.509154224675777,4.3688128987193585e-14,3.47454029275595e-14,6.646350883883437e-14,1.046140659150683e-12
HB0.25,TN-P087,N476,interior_applied_load,,155.25,249.0,146.657,1.887897656131958e-13,-23.01830844936975,-6.740679871085266e-14,-1.7315277139013367e-12,-7.944401304453463e-14,-1.2576497876170746e-12
HB0.25,TN-P088,N477,interior_applied_load,,155.25,249.0,173.314,-9.13453006294882e-14,-23.018308449372284,1.2428472258934816e-13,-6.047989879345818e-12,6.646350883883437e-14,-3.676734197842991e-12
HB0.25,TN-P089,N478,interior_applied_load,,155.25,249.0,199.971,-1.1404782331522408e-12,-14.543941551206615,3.9192413338131265e-11,-2.2640520878169953e-11,8.407709714082933e-14,7.277711708209173e-12
HB0.25,TN-P090,N479,interior_applied_load,,155.25,249.0,207.0,-3.390560240671493e-10,-11.509154246505283,-5.0020534597930926e-08,1.4911085033663436e-09,2.5416593945922837e-08,-4.764653031668801e-08
HB0.25,TN-P091,N480,interior_applied_load,,155.25,249.0,226.628,0.0,-8.474366899579763,0.0,-1.1920928955078125e-07,0.0,2.9802322387695312e-08
HB0.25,TN-P092,N699,interior_applied_load,,155.25,249.0,229.319,1.4901161193847656e-08,-1.9049478992819786,0.0,-1.1920928955078125e-07,4.656612873077393e-10,0.0
HB0.25,TN-P093,N217,interior_applied_load,,158.844,249.0,115.0,1.6813645056170535e-11,-220.54009244397642,5.214756782831136e-13,-1.353137420974257e-12,2.810351785069019e-13,5.023600146523423e-11
HB0.25,TN-P094,N522,interior_applied_load,,160.0,249.0,229.319,1.2143529802609176e-11,-8.873232788177296,-1.1777891307988695e-10,2.534628470756628e-11,1.0769717020504544e-11,4.799420335479573e-10
HB0.25,TN-P095,N218,interior_applied_load,,165.05,249.0,115.0,-2.0687132713434904e-11,-3.785059832812394,1.3480175706253341e-12,1.9074372839483904e-12,3.201869170276188e-12,3.2577768468514033e-10
HB0.25,TN-P096,N219,interior_applied_load,,170.865,249.0,115.0,5.6551980073992e-12,-70.06863313986536,-4.762815723806071e-13,-3.8969969431160825e-13,-2.263330656708593e-12,4.9915280532996e-10
HB0.25,TN-P097,N523,interior_applied_load,,172.85,249.0,206.455,4.037540728052242e-12,-7.332750335668079,1.084685866399693e-13,1.669073302983959e-12,-1.7403036568444694e-13,4.907125297563537e-12
HB0.25,TN-P098,N220,interior_applied_load,,177.531,249.0,115.0,6.6549789466575095e-12,-218.5235804659121,5.116183693629999e-11,-5.190761812999603e-13,-4.34534371729369e-11,2.4475520799483203e-09
HB0.25,TN-P099,N700,interior_applied_load,,179.167,249.0,229.319,-4.2968951642797223e-13,-4.354166690002445,4.80831516709036e-09,-1.7678502442474844e-14,-8.921435075646836e-10,2.553708842122585e-09
HB0.25,TN-P100,N221,interior_applied_load,,180.0,249.0,115.0,3.623708266786707e-08,-4.624726572485244,5.360734522952271e-09,1.191785936605072e-08,-4.428079733854201e-11,-4.509873008373688e-08
HB0.25,TN-P101,N498,interior_applied_load,,180.0,249.0,117.5,-5.7567788758206007e-08,-3.837952373682358,7.282352498805267e-11,5.84816461923765e-09,-1.5585044366162037e-10,-1.4127181202638894e-08
HB0.25,TN-P102,N499,interior_applied_load,,180.0,249.0,144.955,-5.684341886080802e-14,-7.675904771560454,0.0,1.1368683772161603e-13,-7.105427357601002e-15,0.0
HB0.25,TN-P103,N500,interior_applied_load,,180.0,249.0,172.41,-5.684341886080802e-14,-7.675904771575006,-5.684341886080802e-14,0.0,5.2160911660248326e-15,-4.547473508864641e-12
HB0.25,TN-P104,N501,interior_applied_load,,180.0,249.0,199.864,-1.6358178614131572e-13,-7.675904771556199,-8.713481884608365e-14,3.3169677179665225e-12,1.0604337233989333e-15,7.773149013847089e-13
HB0.25,TN-P105,N502,interior_applied_load,,180.0,249.0,227.319,-7.885227720771937e-08,-3.8379523991929156,-1.672000818353503e-07,5.131402854852141e-07,6.101250783499743e-11,5.2568184805146245e-08
HB0.25,TN-P106,N701,interior_applied_load,,180.0,249.0,229.319,1.984377983006448e-07,-6.132118054532382,2.646349550442342e-07,-4.7655773647427113e-07,-1.873520423563612e-09,1.408918940157007e-08
HB0.25,TN-P107,N524,interior_applied_load,,185.7,249.0,183.592,-4.317703849762339e-12,-7.332750335664856,-1.692283112809543e-14,3.226081209353286e-12,1.6268167994407303e-12,1.3859038297782938e-14
HB0.25,TN-P108,N222,interior_applied_load,,192.219,249.0,115.0,5.471041735975738e-12,-70.29494954259954,2.955337395124686e-10,-1.6087619779739615e-12,1.3629265596132737e-11,7.552642405874938e-10
HB0.25,TN-P109,N223,interior_applied_load,,193.2,249.0,115.0,1.6688802811122694e-11,-1.2594999609297344,-2.7104913165974106e-10,-1.172997934235011e-12,-1.4854546612406507e-10,9.654014791967102e-10
HB0.25,TN-P110,N224,interior_applied_load,,196.219,249.0,115.0,6.940018107205237e-12,-222.06198827446136,-8.529457200794008e-12,-4.765823834830423e-13,1.2607401507812147e-11,-1.0586770738127172e-10
HB0.25,TN-P111,N525,interior_applied_load,,198.55,249.0,160.728,4.0308065853979744e-12,-7.332750335670492,1.3746868214632304e-14,4.100203870677074e-12,1.936632730521428e-12,3.1599159344977995e-12
HB0.25,TN-P112,N702,interior_applied_load,,207.333,249.0,229.319,1.4446630257108395e-12,-9.633593749012237,5.946617537560381e-12,3.980275489471577e-13,-2.3267873991567668e-10,1.739363792788148e-10
HB0.25,TN-P113,N526,interior_applied_load,,211.4,249.0,137.864,9.094947017729282e-13,-7.332750335670426,4.547473508864641e-13,-9.094947017729282e-13,-1.5916157281026244e-12,-3.3431035717512714e-12
HB0.25,TN-P114,N225,interior_applied_load,,213.573,249.0,115.0,-2.7947989786721438e-11,-72.02282608418352,4.296476279068335e-10,4.1039752672311865e-12,-3.6720402664069917e-10,8.008146214927785e-11
HB0.25,TN-P115,N226,interior_applied_load,,214.906,249.0,115.0,-1.3838618794663184e-11,-218.09587520851576,-5.069055105310838e-10,-1.2149207289489173e-12,-7.605027355640588e-10,7.860021696905685e-11
HB0.25,TN-P116,N227,interior_applied_load,,221.35,249.0,115.0,-5.953033068719685e-11,-2.9421133180140076,9.048953812753434e-11,1.1179237457462796e-11,-2.622463115175869e-10,8.820361130141218e-11
HB0.25,TN-P117,N228,interface_action,N2; T-E,224.25,249.0,115.0,-310.9924160540104,2322.672562411055,-193.58991438150406,336.107238471508,-289.15562366414815,-2215.472129523754
HB0.25,TN-P118,N503,interface_action,T-E,224.25,249.0,117.5,544.6576032936573,-840.9375719372183,178.28289717435837,-1332.088860988617,-1082.818743643351,5868.868783533573
HB0.25,TN-P119,N186,interface_action,T-E,224.25,249.0,120.0,-1.8597593101439998,585.0228221879952,-2.8727187459007837,-181.0900079095445,-60.30690207670068,199.61617996773566
HB0.25,TN-P120,N504,interior_applied_load,,224.25,249.0,144.955,4.263256414560601e-14,-7.675904771571368,-8.526512829121202e-14,0.0,2.842170943040401e-14,5.684341886080801e-13
HB0.25,TN-P121,N505,interior_applied_load,,224.25,249.0,172.41,2.5142212786976307e-15,-7.675904771572357,-2.5984971785696388e-14,-4.947858939119089e-13,2.7102535291678496e-14,-9.481128416312346e-14
HB0.25,TN-P122,N506,interior_applied_load,,224.25,249.0,199.864,-2.323785681052396e-15,-7.6759047715707105,2.139716090233692e-14,1.6142399061453063e-12,8.79818547073006e-15,2.683492718848873e-13
HB0.25,TN-P123,N507,interior_applied_load,,224.25,249.0,227.319,-4.3072085204043375e-09,-3.8379523810837006,1.6917316333631138e-06,2.4353979836688744e-06,3.137042256803585e-12,-3.150985269928519e-08
HB0.25,TN-P124,N527,interface_action,N2; T-E top / segment 4,224.25,249.0,229.319,-29.27018417575525,-229.0622409358811,0.8253633512585081,-417.5705811205152,-177.6034967504058,-9807.3336868213
HB0.25,TN-P125,N528,interior_applied_load,,230.312,249.0,200.739,8.97712594881132e-14,-8.168231420222188,5.3605215768995174e-14,3.5823307269897827e-12,1.3380751379882352e-12,-1.3314215712872598e-13
HB0.25,TN-P126,N703,interior_applied_load,,235.5,249.0,229.319,5.407192193274179e-12,-5.353587052510963,-8.552223285246794e-12,2.552362300347281e-12,-4.702489165973363e-11,-2.276083997827093e-11
HB0.25,TN-P127,N529,interior_applied_load,,236.375,249.0,172.16,2.691336639371784e-13,-8.168231420216323,5.3362023934511224e-14,1.5566493372772999e-12,1.175984374333127e-13,-1.3273357810988465e-12
HB0.25,TN-P128,N530,interior_applied_load,,242.438,249.0,143.58,-4.547473508864641e-13,-8.168231420217126,-4.263256414560601e-13,-4.547473508864641e-13,1.1368683772161603e-13,1.5916157281026244e-12
HB0.25,TN-P129,N229,interior_applied_load,,248.5,249.0,115.0,0.0,-12.034709447994828,-1.1920928955078125e-07,-1.1920928955078125e-07,-2.3283064365386963e-09,-5.960464477539063e-08
HB0.25,TN-P130,N508,interior_applied_load,,248.5,249.0,117.5,5.960464477539063e-08,-3.725215405225754,0.0,-1.1920928955078125e-07,4.656612873077393e-10,-5.960464477539063e-08
HB0.25,TN-P131,N509,interior_applied_load,,248.5,249.0,144.148,-4.782523605109452e-16,-7.450430807089476,2.1800066221265703e-13,-3.3668690749263608e-12,3.926894240875601e-14,-9.197799400901605e-13
HB0.25,TN-P132,N510,interior_applied_load,,248.5,249.0,170.797,1.8325614208079668e-14,-7.450430807088453,-1.745141508439604e-14,2.3010489661138846e-11,-2.912679612687955e-14,-1.5122513846544718e-13
HB0.25,TN-P133,N511,interior_applied_load,,248.5,249.0,197.445,3.110667683215996e-14,-7.450430807085623,-2.9495698690462525e-15,-1.2476127190287569e-11,-5.583553355595169e-15,-1.5562929156299677e-12
HB0.25,TN-P134,N512,interior_applied_load,,248.5,249.0,224.093,-9.04742937053522e-09,-3.7252154022589363,-1.3088284705130513e-07,-3.9281475918651924e-07,4.7558492483444284e-12,-4.7722970865468276e-08
HB0.25,TN-P135,N704,interior_applied_load,,248.5,249.0,226.324,3.327777239119797e-08,-3.127781262747662,1.3726263522014307e-07,-2.391041363977185e-07,-9.321245587716578e-11,-1.4230592705978685e-09
HB0.25,TN-P136,N230,interior_applied_load,,249.5,249.0,115.0,-5.4250604009098424e-11,-0.31487501132134904,-7.439484125959517e-09,6.516341286011418e-12,-2.0395717614807296e-09,-4.535814224215784e-10
HB0.25,TN-P137,N705,interior_applied_load,,249.5,249.0,226.093,1.7009651305384287e-11,-0.22341294574020643,-3.1521844755141547e-09,-1.638291013996368e-10,-1.2000166668797196e-09,5.6988546863450204e-11
HB0.5,TN-P001,N148,interface_action,BR-N-upper-1; T-W / B-WO; W4,-32.0,249.0,115.0,-64.89852295541073,148.84530248633632,63.1761840116314,283.2141919506225,-3056.6118689604705,-3296.1207234321423
HB0.5,TN-P002,N628,interface_action,BR-N-upper-2; T-W top / segment 2; W4,-32.0,249.0,226.093,115.27008663554795,170.82575853231344,-13.39223949866453,179.32543917040377,233.5943899734988,1924.7887431671443
HB0.5,TN-P003,N189,interior_applied_load,,-31.0,249.0,115.0,-6.308732736215461e-08,-7.5014503122150415,-9.398497979873355e-09,1.1969632396358065e-08,-9.93892967926513e-10,1.4265651770983823e-08
HB0.5,TN-P004,N488,interior_applied_load,,-31.0,249.0,117.5,3.591770272089417e-08,-3.7252154036628626,-1.758671376900735e-08,1.3389918763169538e-08,4.810219145749559e-10,2.4347771918813587e-08
HB0.5,TN-P005,N489,interior_applied_load,,-31.0,249.0,144.148,3.375455644077007e-14,-7.450430807086096,-2.4474320847324564e-14,3.5373825274630654e-13,-2.7331442041538387e-16,5.545432507941815e-13
HB0.5,TN-P006,N490,interior_applied_load,,-31.0,249.0,170.797,2.0204414405851955e-14,-7.450430807086168,-3.5743047656249286e-14,-5.543311515241948e-13,-1.3849877298358518e-14,-4.346497839152597e-13
HB0.5,TN-P007,N491,interior_applied_load,,-31.0,249.0,197.445,7.115364843358213e-15,-7.450430807085743,-2.6439262055446704e-14,-1.9058277274096144e-12,6.467929661986923e-15,-1.3379424909596975e-13
HB0.5,TN-P008,N492,interior_applied_load,,-31.0,249.0,224.093,-5.960464477539063e-08,-3.7252154033631086,-2.384185791015625e-07,0.0,0.0,2.9802322387695312e-08
HB0.5,TN-P009,N686,interior_applied_load,,-31.0,249.0,226.324,5.960464477539063e-08,-3.127781259594485,4.76837158203125e-07,-4.76837158203125e-07,8.381903171539307e-09,8.940696716308594e-08
HB0.5,TN-P010,N513,interior_applied_load,,-23.25,249.0,143.58,6.821210263296962e-13,-8.279007407834627,-1.4210854715202004e-14,-2.2737367544323206e-13,2.8421709430404007e-13,5.002220859751105e-12
HB0.5,TN-P011,N190,interior_applied_load,,-21.323,249.0,115.0,-7.14031464367464e-12,-74.68745577538719,6.029673026324559e-13,-5.201557113443295e-14,-1.7120228135892864e-12,3.461798037158372e-13
HB0.5,TN-P012,N687,interior_applied_load,,-18.0,249.0,229.319,9.384825934399918e-12,-6.823118306106168,4.94955486504227e-12,2.0157199794105185e-11,-1.103981282162189e-11,-1.1053781123079856e-11
HB0.5,TN-P013,N514,interior_applied_load,,-15.5,249.0,172.16,3.0352683746451783e-13,-8.279007407835367,-9.458072311279427e-14,8.019499802533003e-13,-1.6220744537534097e-13,-1.2464936009081037e-12
HB0.5,TN-P014,N515,interior_applied_load,,-7.75,249.0,200.739,1.5614084909797008e-13,-8.279007407834975,-3.645200400384607e-14,-7.149734519849785e-12,1.3250810740021827e-12,-1.3136473612064303e-12
HB0.5,TN-P015,N191,interior_applied_load,,-3.85,249.0,115.0,-5.899891004285767e-12,-6.714053410509444,2.2004473230552244e-11,1.2329231628650053e-13,-3.3834156324710024e-11,-1.1108021404791524e-10
HB0.5,TN-P016,N192,interior_applied_load,,0.0,249.0,115.0,3.430608686016967e-09,-1.2220968673666928,-1.0682475734213881e-05,1.225481049971222e-09,6.896773895652007e-08,-7.670673873860778e-09
HB0.5,TN-P017,N493,interior_applied_load,,0.0,249.0,117.5,-1.646921952726259e-08,-3.837952384830095,-3.785856366690434e-09,5.567055173526408e-09,-8.388124583575947e-12,2.0315609800543947e-08
HB0.5,TN-P018,N494,interior_applied_load,,0.0,249.0,144.955,8.539936676282578e-15,-7.675904771569595,-2.419993354204035e-14,-2.7372934290904945e-14,-3.0010060106356737e-15,-1.2153587019454677e-12
HB0.5,TN-P019,N495,interior_applied_load,,0.0,249.0,172.41,-5.57520185739067e-14,-7.675904771569404,5.5532554052786746e-14,-2.0910837406631759e-13,-1.7426123872827865e-14,-1.336927976703634e-12
HB0.5,TN-P020,N496,interior_applied_load,,0.0,249.0,199.864,-1.0650799981173702e-13,-7.675904771569938,-4.2689629677093246e-14,1.6135719437575885e-12,1.3624298123579058e-14,1.3194743446394366e-12
HB0.5,TN-P021,N497,interior_applied_load,,0.0,249.0,227.319,-5.960464477539063e-08,-3.837952386122197,0.0,0.0,0.0,0.0
HB0.5,TN-P022,N516,interior_applied_load,,-0.0,249.0,229.319,0.0,-10.271621759515256,-4.76837158203125e-07,0.0,0.0,0.0
HB0.5,TN-P023,N193,interior_applied_load,,0.031,249.0,115.0,2.782688876811186e-09,-66.45351364945395,2.3997971364120693e-07,4.0049689020388256e-10,6.725311350676502e-07,5.530376359827708e-07
HB0.5,TN-P024,N194,interior_applied_load,,1.0,249.0,115.0,-5.616129783447832e-11,-6.398755046842098,1.616285771888215e-09,-8.753886504564434e-12,4.020535016024951e-10,-5.92763171880506e-10
HB0.5,TN-P025,N195,interior_applied_load,,9.344,249.0,115.0,8.29957490515487e-12,-222.0659241257516,8.486684025763057e-13,9.170369591832001e-14,5.658625349453836e-13,9.839373712981325e-13
HB0.5,TN-P026,N688,interior_applied_load,,10.167,249.0,229.319,5.991748157876811e-12,-8.345486119928264,-1.0535607149990587e-12,-1.7612301635604993e-13,9.650372955295222e-12,3.1757051607212906e-13
HB0.5,TN-P027,N517,interior_applied_load,,10.6,249.0,137.864,7.673861546209082e-13,-6.932963248242004,0.0,2.2737367544323206e-13,-1.1368683772161603e-13,-1.8189894035458565e-12
HB0.5,TN-P028,N518,interior_applied_load,,20.2,249.0,160.728,-8.544244370849168e-13,-6.932963248244198,-4.3059265153895805e-15,-4.007573722161262e-14,5.086894905045326e-15,-7.993186542515044e-13
HB0.5,TN-P029,N196,interior_applied_load,,21.385,249.0,115.0,9.940259273675453e-12,-70.84794878932641,-5.231020248542873e-12,-4.10278336750464e-13,9.698083549304632e-12,-8.140886493363124e-12
HB0.5,TN-P030,N197,interior_applied_load,,24.3,249.0,115.0,5.888280376100007e-12,-2.092606844567871,1.2108618547030982e-11,-3.0552250232311784e-13,4.024751591082091e-11,9.286921441349011e-11
HB0.5,TN-P031,N198,interior_applied_load,,28.031,249.0,115.0,6.28738238067933e-12,-221.45322996009045,1.499822701198394e-11,-1.0227084075514787e-13,5.152522319848961e-12,4.296299201254138e-11
HB0.5,TN-P032,N519,interior_applied_load,,29.8,249.0,183.592,6.653853738076468e-13,-6.932963248239945,-5.650663045419722e-14,2.2256327015502552e-13,4.471165605753174e-14,3.740677022302396e-13
HB0.5,TN-P033,N689,interior_applied_load,,38.333,249.0,229.319,4.012939704645797e-12,-8.45434029094925,1.29195147019544e-12,-3.35043500797377e-14,1.1003177717907151e-14,-3.11361970579141e-13
HB0.5,TN-P034,N520,interior_applied_load,,39.4,249.0,206.455,-2.2745069051752756e-13,-6.932963248242906,6.220671574472084e-14,-8.457454866631056e-13,4.476017906382362e-13,-1.925221952170748e-12
HB0.5,TN-P035,N199,interior_applied_load,,42.74,249.0,115.0,3.2135012780092317e-12,-72.02282608457199,-1.0349775888593666e-12,2.825233137059645e-13,-2.5580002763612787e-12,2.1458573198770157e-11
HB0.5,TN-P036,N200,interior_applied_load,,46.719,249.0,115.0,-1.5967756418075597e-11,-218.01190855018103,-2.614534457526849e-12,1.7540904781295467e-13,-2.154604855303529e-11,7.59977059631276e-11
HB0.5,TN-P037,N521,interior_applied_load,,49.0,249.0,229.319,-1.1250556042341486e-11,-6.060839250000653,1.223665682670294e-10,-3.989424513208937e-12,5.216924271050916e-10,1.9975422357876305e-11
HB0.5,TN-P038,N201,interface_action,BR-N-upper-2,50.25,249.0,115.0,-120.3437819677696,126.09691719657732,-1.0676532094808673,-133.1334605658206,-146.23562662101736,394.9927010751187
HB0.5,TN-P039,N690,interface_action,BR-N-upper-1,50.25,249.0,229.319,396.42979008042573,486.0797397176697,9.030648122886959,-434.27709955356977,87.7886390368424,1143.1562637830607
HB0.5,TN-P040,N202,interior_applied_load,,52.45,249.0,115.0,9.96654899692954e-10,-0.9446249470546851,-5.006877095332431e-10,-2.668967188875726e-10,4.422148063003541e-11,-1.8476826884995823e-10
HB0.5,TN-P041,N203,interface_action,N1 / U-W,53.25,249.0,115.0,-755.2064853279016,1403.3294007736908,-45.65037775639374,383.67891905969884,-2533.3456567101643,18979.792649843683
HB0.5,TN-P042,N691,interface_action,N1 / U-W,53.25,249.0,229.319,-413.22522951236886,-344.92685273273173,11.66415144298344,506.034776864398,-200.09991655183057,-1974.564955881066
HB0.5,TN-P043,N481,interface_action,N1 / U-W,56.25,249.0,207.0,647.042376234479,291.12832853425033,-5.538574128089237,-34.1895584789946,-96.20452273081077,608.4009802349404
HB0.5,TN-P044,N482,interior_applied_load,,57.25,249.0,207.0,0.0,-5.595100788399577,0.0,0.0,-1.7462298274040222e-10,0.0
HB0.5,TN-P045,N531,interior_applied_load,,57.25,249.0,209.5,0.0,-2.4909762097522616,-5.960464477539063e-08,5.960464477539063e-08,2.9103830456733704e-11,0.0
HB0.5,TN-P046,N532,interior_applied_load,,57.25,249.0,227.319,-7.680233348947296e-08,-2.4909762099662194,-4.454043232154925e-08,4.667482957076974e-08,2.5658642884634843e-12,8.162475976375427e-08
HB0.5,TN-P047,N692,interior_applied_load,,57.25,249.0,229.319,3.82060397775093e-08,-2.8846354039235007,-1.8595350545975793e-08,-8.428896296303865e-08,-5.889866405756374e-10,5.242606873898507e-08
HB0.5,TN-P048,N204,interior_applied_load,,64.094,249.0,115.0,1.7137543283280643e-11,-69.96629879020745,-3.6761093782246486e-10,3.179589222828375e-13,-1.9698951389172317e-10,-1.0087687936581116e-09
HB0.5,TN-P049,N205,interior_applied_load,,65.406,249.0,115.0,5.195114598143907e-11,-220.84447155895276,8.733421969255151e-11,4.829290959936575e-13,-3.955973063006274e-11,3.744423471191561e-11
HB0.5,TN-P050,N693,interior_applied_load,,66.5,249.0,229.319,-9.597604946692803e-12,-5.007291664597961,1.2778191366484265e-12,7.074603519344676e-14,-2.846744405967411e-13,-2.2747296017577076e-12
HB0.5,TN-P051,N541,interior_applied_load,,68.75,249.0,218.16,9.094947017729282e-13,-4.480201577766252,-4.547473508864641e-13,-9.094947017729282e-13,-9.094947017729282e-13,6.821210263296962e-13
HB0.5,TN-P052,N483,interior_applied_load,,80.25,249.0,207.0,0.0,-6.570208326913416,-1.7881393432617188e-07,-2.384185791015625e-07,0.0,1.4901161193847656e-08
HB0.5,TN-P053,N533,interior_applied_load,,80.25,249.0,209.5,-1.4901161193847656e-08,-2.490976210683584,1.1920928955078125e-07,-1.1920928955078125e-07,0.0,-1.4901161193847656e-08
HB0.5,TN-P054,N534,interior_applied_load,,80.25,249.0,227.319,-2.621419264992042e-08,-2.490976210688257,6.383339546528477e-08,-1.5186402649303155e-08,-5.377168727746606e-11,-5.806935932106683e-09
HB0.5,TN-P055,N542,interior_applied_load,,80.25,249.0,229.319,-5.078491640914478e-08,-10.662997454278667,-2.259877994530321e-07,-6.788285274656389e-09,4.993282976203753e-11,-1.231133081461323e-08
HB0.5,TN-P056,N206,interior_applied_load,,80.6,249.0,115.0,-9.349828974948121e-12,-5.884226547068421,-1.5023869969981947e-11,1.573447738913432e-13,-1.9152080692836014e-11,7.385585404544664e-12
HB0.5,TN-P057,N207,interior_applied_load,,84.094,249.0,115.0,2.6934812238710692e-11,-217.1735538941635,-1.4085193996345066e-10,4.595772109598241e-13,8.135562349070296e-11,-3.63409942507645e-10
HB0.5,TN-P058,N208,interior_applied_load,,85.448,249.0,115.0,2.723427180386309e-11,-72.02282608369566,1.471716781107813e-10,-6.79430604523951e-13,-8.550214551216859e-11,-4.381533786268553e-09
HB0.5,TN-P059,N543,interior_applied_load,,92.25,249.0,218.16,3.637978807091713e-12,-4.581557218965827,1.7053025658242404e-12,-6.821210263296962e-12,9.094947017729282e-13,-9.094947017729282e-13
HB0.5,TN-P060,N694,interior_applied_load,,94.667,249.0,229.319,6.112113868758953e-12,-5.225000043434666,3.0761410763294627e-12,1.3214544694961126e-11,7.844727803910875e-11,2.1964108067783552e-11
HB0.5,TN-P061,N209,interior_applied_load,,102.781,249.0,115.0,3.053969179622104e-12,-222.37095933149644,-2.995274545754604e-11,-2.1984047821871433e-13,5.532334677564425e-12,-6.376748324496083e-10
HB0.5,TN-P062,N484,interior_applied_load,,104.25,249.0,207.0,1.4901161193847656e-08,-11.291557220742106,-5.960464477539063e-08,-1.7881393432617188e-07,-2.6775524020195007e-09,0.0
HB0.5,TN-P063,N535,interior_applied_load,,104.25,249.0,209.5,-1.4901161193847656e-08,-2.4909762125462294,2.384185791015625e-07,0.0,-5.820766091346741e-09,2.9802322387695312e-08
HB0.5,TN-P064,N536,interior_applied_load,,104.25,249.0,227.319,-9.475388570989729e-09,-2.490976208034147,-1.2948267930079638e-08,-8.344842544749653e-08,1.4991432108009953e-11,7.55868914681379e-09
HB0.5,TN-P065,N695,interior_applied_load,,104.25,249.0,229.319,-8.156604783710107e-09,-6.132118058928474,-8.27800877841176e-09,-1.242874410337686e-07,-1.3841647413581286e-10,-1.0453143206039474e-08
HB0.5,TN-P066,N210,interior_applied_load,,106.802,249.0,115.0,1.692948884312253e-11,-68.01800971408397,-2.7503840868369527e-11,5.994165454856544e-13,1.068003414904515e-10,-1.6553960013035488e-09
HB0.5,TN-P067,N211,interior_applied_load,,108.75,249.0,115.0,-7.613377170147764e-12,-4.618166638406737,1.8071470976549927e-10,-7.173392354924782e-13,9.623976903761839e-11,4.468796371886883e-09
HB0.5,TN-P068,N544,interior_applied_load,,116.25,249.0,218.16,9.094947017729282e-13,-4.581557218966736,-2.8421709430404007e-12,-7.73070496506989e-12,1.6370904631912708e-11,4.547473508864641e-13
HB0.5,TN-P069,N212,interior_applied_load,,121.469,249.0,115.0,2.1782810132148263e-12,-221.75760907304056,2.6652245075698836e-12,2.651180076416232e-13,-6.258522032058231e-12,-4.723258327892381e-10
HB0.5,TN-P070,N696,interior_applied_load,,122.833,249.0,229.319,1.4591907606375075e-11,-5.224999988245881,-4.991517531382032e-11,-3.723760184473277e-11,-7.230939848041261e-11,6.223826241190652e-11
HB0.5,TN-P071,N213,interior_applied_load,,128.156,249.0,115.0,-7.956338765380251e-12,-70.99751441533165,-1.764349693935504e-12,-1.347002130840416e-13,-1.9535617343113663e-11,6.463888479998095e-11
HB0.5,TN-P072,N485,interior_applied_load,,128.25,249.0,207.0,-7.450580596923828e-09,-6.570208329707384,0.0,0.0,2.3283064365386963e-10,-1.4901161193847656e-08
HB0.5,TN-P073,N537,interior_applied_load,,128.25,249.0,209.5,0.0,-2.490976208820939,5.960464477539063e-08,0.0,0.0,1.4901161193847656e-08
HB0.5,TN-P074,N538,interior_applied_load,,128.25,249.0,227.319,3.8792470596904494e-08,-2.4909762098023034,-1.0174936124207612e-07,3.568489892469273e-09,3.612460314511077e-11,-1.9963270758704965e-08
HB0.5,TN-P075,N545,interior_applied_load,,128.25,249.0,229.319,7.613387975293256e-09,-10.662997456485312,-2.9678613387169024e-07,2.0450184797794082e-08,2.4694619972550134e-10,6.29693228217591e-08
HB0.5,TN-P076,N214,interior_applied_load,,136.9,249.0,115.0,1.2082658145013804e-11,-3.7785000516627014,-1.3361707448248269e-12,5.275932622906688e-15,5.059305619492577e-12,1.5873839702379092e-09
HB0.5,TN-P077,N546,interior_applied_load,,139.75,249.0,218.16,1.8189894035458565e-12,-4.48020157776773,-6.821210263296962e-13,9.094947017729282e-12,0.0,-3.183231456205249e-12
HB0.5,TN-P078,N215,interior_applied_load,,140.156,249.0,115.0,-4.3563039446215995e-13,-219.61777103925772,4.64826079195753e-12,1.0339747766322788e-12,6.131577296090422e-12,2.615402720774034e-09
HB0.5,TN-P079,N216,interior_applied_load,,149.51,249.0,115.0,4.786143378153068e-12,-72.02282608466975,-1.2238993606411088e-12,-1.310546222756768e-13,-1.8440152054011995e-12,-1.543490516946611e-10
HB0.5,TN-P080,N697,interior_applied_load,,151.0,249.0,229.319,-2.0582646698130702e-11,-5.00729162125931,3.1140105244409355e-08,3.012710354641936e-13,5.263025452950654e-09,1.2866928453258986e-08
HB0.5,TN-P081,N486,interior_applied_load,,151.25,249.0,207.0,0.0,-5.595100790262222,3.5762786865234375e-07,2.384185791015625e-07,-6.984919309616089e-10,0.0
HB0.5,TN-P082,N539,interior_applied_load,,151.25,249.0,209.5,-1.4901161193847656e-08,-2.4909762144088745,0.0,0.0,0.0,-7.450580596923828e-09
HB0.5,TN-P083,N540,interior_applied_load,,151.25,249.0,227.319,-1.1969773686115737e-08,-2.4909762101001673,3.205508778275634e-07,-5.389943455447188e-08,5.2069357561958195e-11,-3.641319359926065e-08
HB0.5,TN-P084,N698,interior_applied_load,,151.25,249.0,229.319,-3.3308448200985996e-08,-0.9252604002179914,-3.5012706790815175e-07,-4.2127945104162855e-08,2.2109552281872336e-08,4.369385988439722e-09
HB0.5,TN-P085,N487,interior_applied_load,,152.25,249.0,207.0,-1.2275306930592923e-11,-0.1397916455043887,5.33934036840199e-08,7.467982397377929e-09,-1.1441325927405769e-08,-3.5295289826159495e-10
HB0.5,TN-P086,N475,interior_applied_load,,155.25,249.0,120.0,4.437001366671922e-15,-11.509154224672063,1.811720828719397e-13,7.754148335134746e-13,-1.3867873808035394e-14,-1.00223738984985e-12
HB0.5,TN-P087,N476,interior_applied_load,,155.25,249.0,146.657,1.1628029493526892e-13,-23.018308449379305,-2.3009965382785245e-13,-2.5893735111781806e-12,-6.437541085868426e-14,-3.763492506791097e-13
HB0.5,TN-P088,N477,interior_applied_load,,155.25,249.0,173.314,1.182194758060266e-13,-23.018308449375844,-7.526036857163184e-15,-1.6190998668593625e-11,-1.3867873808035394e-14,-4.916311300963661e-12
HB0.5,TN-P089,N478,interior_applied_load,,155.25,249.0,199.971,1.2795365144403975e-12,-14.543941551202684,-2.023267994866499e-11,-1.5433836236358546e-11,4.0476836655685073e-13,-5.7709985111787776e-12
HB0.5,TN-P090,N479,interior_applied_load,,155.25,249.0,207.0,-3.950941368028367e-10,-11.509154238390662,-8.609105737801981e-08,-4.8214852296998915e-09,-2.369244487878275e-08,2.572957562696873e-08
HB0.5,TN-P091,N480,interior_applied_load,,155.25,249.0,226.628,0.0,-8.474366895854473,0.0,1.1920928955078125e-07,0.0,0.0
HB0.5,TN-P092,N699,interior_applied_load,,155.25,249.0,229.319,-1.4901161193847656e-08,-1.9049478992819786,0.0,1.1920928955078125e-07,2.3283064365386963e-10,1.4901161193847656e-08
HB0.5,TN-P093,N217,interior_applied_load,,158.844,249.0,115.0,2.455706950803616e-11,-220.54009244403898,6.93394453286684e-13,-2.0276341369228037e-13,-1.8760701966522424e-12,-9.53664468209944e-10
HB0.5,TN-P094,N522,interior_applied_load,,160.0,249.0,229.319,1.9576055089522737e-12,-8.8732327881086,-9.58406353163607e-11,-8.302805567237142e-12,-1.1037995802952373e-10,1.348115684518265e-10
HB0.5,TN-P095,N218,interior_applied_load,,165.05,249.0,115.0,4.98810357418615e-12,-3.7850598329181038,1.1278318443735638e-12,8.277962081200241e-13,-1.0748824092832708e-12,-5.203604516038442e-10
HB0.5,TN-P096,N219,interior_applied_load,,170.865,249.0,115.0,-8.753732514755795e-12,-70.06863313977519,1.5369336017621848e-13,-8.851952874028216e-13,-2.1475234183186147e-12,-8.989067906998694e-10
HB0.5,TN-P097,N523,interior_applied_load,,172.85,249.0,206.455,-1.894525604960237e-12,-7.332750335666099,2.2567478645080635e-14,2.37384370102187e-12,-4.36784036077023e-13,-3.100125245349671e-13
HB0.5,TN-P098,N220,interior_applied_load,,177.531,249.0,115.0,1.8471186688242408e-13,-218.5235804668448,8.421047452280596e-11,-6.346022402728898e-13,-7.338551613946219e-11,8.54848870223474e-12
HB0.5,TN-P099,N700,interior_applied_load,,179.167,249.0,229.319,-1.0104878651640913e-11,-4.354166689077737,-5.007926417930096e-10,1.2238863849181818e-12,-4.015725745875036e-10,4.2739417867017585e-09
HB0.5,TN-P100,N221,interior_applied_load,,180.0,249.0,115.0,5.772422184691095e-08,-4.624726574891238,1.7829178133865753e-09,3.3484099937197698e-09,-1.930888524989879e-10,-2.3268249549346365e-08
HB0.5,TN-P101,N498,interior_applied_load,,180.0,249.0,117.5,-2.0066835304533015e-08,-3.8379523667564346,-2.6178810230703675e-09,1.7201955415657721e-09,1.851319098022941e-11,-5.989136298012454e-09
HB0.5,TN-P102,N499,interior_applied_load,,180.0,249.0,144.955,-1.1368683772161603e-13,-7.675904771575006,2.842170943040401e-14,1.1368683772161603e-13,0.0,-4.547473508864641e-13
HB0.5,TN-P103,N500,interior_applied_load,,180.0,249.0,172.41,1.7053025658242404e-13,-7.67590477156773,0.0,4.547473508864641e-13,3.676526971851487e-15,-5.4569682106375694e-12
HB0.5,TN-P104,N501,interior_applied_load,,180.0,249.0,199.864,-1.237514545362473e-13,-7.6759047715587725,-4.153783610687701e-14,5.4766179894076495e-12,-2.6900406906392705e-15,-2.189045325486156e-12
HB0.5,TN-P105,N502,interior_applied_load,,180.0,249.0,227.319,-2.1165693883662406e-07,-3.8379524005565173,6.256874102161802e-09,3.431726665614754e-07,-1.8054006204339227e-10,1.1378583036902867e-07
HB0.5,TN-P106,N701,interior_applied_load,,180.0,249.0,229.319,2.7718958656974945e-07,-6.132118053369117,3.4686122174792814e-07,-2.9979905750064877e-07,3.145643224435567e-09,2.110725082668008e-07
HB0.5,TN-P107,N524,interior_applied_load,,185.7,249.0,183.592,1.3944445324213278e-12,-7.332750335672845,2.1046460378487508e-13,1.4920096170900454e-12,2.7547925049679145e-13,1.9584271310119872e-13
HB0.5,TN-P108,N222,interior_applied_load,,192.219,249.0,115.0,-4.232965424987851e-11,-70.29494954384947,-7.228066783556194e-10,-3.0634210984045925e-12,1.6525637783980424e-10,2.9981028478725228e-09
HB0.5,TN-P109,N223,interior_applied_load,,193.2,249.0,115.0,4.526887430968847e-11,-1.2594999612318507,2.904026814263711e-10,-2.572126380625345e-12,-6.509261820801672e-11,6.780977496158054e-10
HB0.5,TN-P110,N224,interior_applied_load,,196.219,249.0,115.0,4.784255075635233e-12,-222.06198827428236,1.1463804450460065e-12,2.791701709906689e-13,-4.726867718696267e-12,-1.1392039480377457e-10
HB0.5,TN-P111,N525,interior_applied_load,,198.55,249.0,160.728,7.198753995364063e-13,-7.332750335666902,-1.538623274424268e-14,-3.098203463241248e-12,-3.1337934885515745e-12,2.8347011166190297e-12
HB0.5,TN-P112,N702,interior_applied_load,,207.333,249.0,229.319,4.1126794075922787e-13,-9.633593749017724,-6.35528303519923e-12,4.6412680893847134e-12,-7.907190474096029e-11,-2.7151575685522597e-11
HB0.5,TN-P113,N526,interior_applied_load,,211.4,249.0,137.864,-1.8189894035458565e-12,-7.332750335666788,1.5631940186722204e-13,-1.1368683772161603e-12,6.821210263296962e-13,-1.0622613899613498e-12
HB0.5,TN-P114,N225,interior_applied_load,,213.573,249.0,115.0,-6.580084899744845e-11,-72.02282608533972,-3.1855060427032114e-10,-7.591190228146651e-13,3.018014234114986e-11,-2.0585599134627018e-10
HB0.5,TN-P115,N226,interior_applied_load,,214.906,249.0,115.0,4.919331408226036e-11,-218.09587520796023,-1.551211864525047e-10,1.662535529573907e-12,-1.1911803960715296e-10,-2.8898706824629834e-10
HB0.5,TN-P116,N227,interior_applied_load,,221.35,249.0,115.0,-2.7292997021307922e-11,-2.9421133182730554,1.5813104397532935e-10,2.9860059258597716e-12,-3.541588490156315e-10,-3.8557333921804035e-10
HB0.5,TN-P117,N228,interface_action,N2; T-E,224.25,249.0,115.0,-336.4239756166935,2360.9789224863052,-199.5790758728981,370.813560962677,-304.6120526609011,-2141.1917440891266
HB0.5,TN-P118,N503,interface_action,T-E,224.25,249.0,117.5,581.0632019937038,-870.0920651685447,183.63071298599243,-1399.0077788829803,-1157.6555235688575,6479.421882748604
HB0.5,TN-P119,N186,interface_action,T-E,224.25,249.0,120.0,-1.8124443149426952,604.497988676696,-2.9302034191205166,-184.9392689934175,-65.99169054628192,210.3733772720734
HB0.5,TN-P120,N504,interior_applied_load,,224.25,249.0,144.955,-1.0658141036401503e-14,-7.675904771569549,-4.263256414560601e-14,2.2737367544323206e-13,0.0,-2.2737367544323206e-13
HB0.5,TN-P121,N505,interior_applied_load,,224.25,249.0,172.41,3.714502357265096e-15,-7.675904771572458,-1.5255451471760576e-15,1.1075211585855374e-13,2.880914687149051e-14,-9.353635028411391e-14
HB0.5,TN-P122,N506,interior_applied_load,,224.25,249.0,199.864,-1.9801536995509813e-15,-7.675904771571394,5.5266062892306586e-14,2.9128426906557177e-12,-7.778169569079225e-15,9.84683894583493e-14
HB0.5,TN-P123,N507,interior_applied_load,,224.25,249.0,227.319,3.2213306140616016e-08,-3.837952383996947,9.656150131986951e-07,1.6793740451048755e-06,4.477083030639992e-11,-9.53604616799053e-08
HB0.5,TN-P124,N527,interface_action,N2; T-E top / segment 4,224.25,249.0,229.319,-47.89501532523565,-261.1373784442516,0.656436488957666,-425.46482887584745,-161.19548071703053,-10271.540573334685
HB0.5,TN-P125,N528,interior_applied_load,,230.312,249.0,200.739,1.516026427789133e-13,-8.16823142022375,7.580296702284409e-14,1.4376583836778408e-12,-8.870504030724052e-13,9.073299369299528e-13
HB0.5,TN-P126,N703,interior_applied_load,,235.5,249.0,229.319,1.0670055289429646e-12,-5.353587052521078,1.365330227878637e-12,-1.50715709184811e-11,-8.418860827556359e-12,2.7073937561348414e-11
HB0.5,TN-P127,N529,interior_applied_load,,236.375,249.0,172.16,9.735143569763527e-13,-8.168231420218998,5.476910673021787e-15,2.687102293780825e-13,-4.8462827944537283e-14,-1.6554252785000294e-12
HB0.5,TN-P128,N530,interior_applied_load,,242.438,249.0,143.58,-9.094947017729282e-13,-8.168231420217126,-1.0800249583553523e-12,5.9117155615240335e-12,1.8189894035458565e-12,-4.547473508864641e-13
HB0.5,TN-P129,N229,interior_applied_load,,248.5,249.0,115.0,5.960464477539063e-08,-12.034709446132183,0.0,2.384185791015625e-07,1.862645149230957e-09,-5.960464477539063e-08
HB0.5,TN-P130,N508,interior_applied_load,,248.5,249.0,117.5,-5.960464477539063e-08,-3.725215407088399,0.0,0.0,-4.656612873077393e-10,-5.960464477539063e-08
HB0.5,TN-P131,N509,interior_applied_load,,248.5,249.0,144.148,-7.293997011765963e-16,-7.450430807087465,1.850371862312804e-13,3.0118667800681456e-12,4.4866168400121924e-14,-5.041492337994643e-13
HB0.5,TN-P132,N510,interior_applied_load,,248.5,249.0,170.797,3.266733867781188e-14,-7.450430807087481,-1.7939103445216168e-13,2.5468898082093114e-11,-3.0031960284150815e-14,8.753574109671879e-14
HB0.5,TN-P133,N511,interior_applied_load,,248.5,249.0,197.445,-1.1356355611412569e-14,-7.45043080708555,6.763697167329248e-13,-5.7757656378865765e-12,1.0163751391727737e-14,-1.4563801128716932e-12
HB0.5,TN-P134,N512,interior_applied_load,,248.5,249.0,224.093,9.915815504857707e-09,-3.72521540487819,3.107338966892216e-07,1.5728167465113114e-07,-3.700899177523331e-12,-2.2777361804231167e-08
HB0.5,TN-P135,N704,interior_applied_load,,248.5,249.0,226.324,-3.186114014013836e-09,-3.1277812589115306,-1.9456662328294964e-07,7.755892358323872e-07,-4.314529070565122e-10,-4.938024046948585e-08
HB0.5,TN-P136,N230,interior_applied_load,,249.5,249.0,115.0,-3.037234352909479e-11,-0.31487500962532833,-8.37585853452616e-09,6.671883531761402e-12,-2.101147311694973e-09,-4.3466058530228224e-10
HB0.5,TN-P137,N705,interior_applied_load,,249.5,249.0,226.093,1.5931564651353115e-10,-0.2234129439884022,-2.873762535531795e-09,-1.8248514518486416e-10,1.2807419996912562e-09,-5.641569779521895e-10
HB0.75,TN-P001,N148,interface_action,BR-N-upper-1; T-W / B-WO; W4,-32.0,249.0,115.0,-65.5033121901727,177.48992550562184,60.834147189161094,277.8630470709779,-2958.708526372725,-2990.8393238292774
HB0.75,TN-P002,N628,interface_action,BR-N-upper-2; T-W top / segment 2; W4,-32.0,249.0,226.093,123.4282104620396,147.72551660838457,-12.97463204873276,171.39448777463815,247.8250889559032,1700.263074555835
HB0.75,TN-P003,N189,interior_applied_load,,-31.0,249.0,115.0,-5.3833929314350826e-08,-7.501450308066689,-2.6853193446640944e-08,-1.4308511708804872e-08,-8.838654252940614e-10,6.432810550904833e-08
HB0.75,TN-P004,N488,interior_applied_load,,-31.0,249.0,117.5,6.005384829246882e-08,-3.7252154037048286,3.0470152497766714e-09,-2.6111802582913922e-08,1.0012590097526805e-10,5.9583560605343396e-08
HB0.75,TN-P005,N489,interior_applied_load,,-31.0,249.0,144.148,5.1753934403365816e-14,-7.450430807086132,4.181246990939672e-15,8.438914054340596e-13,2.9938698081819205e-14,2.475780725506016e-13
HB0.75,TN-P006,N490,interior_applied_load,,-31.0,249.0,170.797,1.089836059499449e-14,-7.450430807086012,-3.850036173129457e-14,2.846630964487554e-13,-2.9518649322941385e-14,-8.79600763612686e-13
HB0.75,TN-P007,N491,interior_applied_load,,-31.0,249.0,197.445,4.771837763677972e-14,-7.450430807085895,5.0476946016589995e-15,-4.061234753019806e-13,3.023735397494867e-15,-1.3745288469906173e-12
HB0.75,TN-P008,N492,interior_applied_load,,-31.0,249.0,224.093,2.9802322387695312e-08,-3.7252154035959393,4.76837158203125e-07,2.384185791015625e-07,0.0,-2.9802322387695312e-08
HB0.75,TN-P009,N686,interior_applied_load,,-31.0,249.0,226.324,0.0,-3.1277812586631626,4.76837158203125e-07,-4.76837158203125e-07,7.916241884231567e-09,-2.9802322387695312e-08
HB0.75,TN-P010,N513,interior_applied_load,,-23.25,249.0,143.58,2.8421709430404007e-13,-8.27900740783457,-5.3290705182007514e-14,5.343281372915953e-12,-1.5347723092418164e-12,5.6843418860808015e-12
HB0.75,TN-P011,N190,interior_applied_load,,-21.323,249.0,115.0,1.9978707856560144e-13,-74.68745577538688,-7.864054077420911e-13,9.722478369804012e-14,-3.622808029075049e-12,8.095175927281081e-14
HB0.75,TN-P012,N687,interior_applied_load,,-18.0,249.0,229.319,8.815657025154886e-12,-6.823118306102749,6.3650151044040124e-12,9.528906173669605e-12,-1.3428137145074903e-13,-9.510453780615383e-13
HB0.75,TN-P013,N514,interior_applied_load,,-15.5,249.0,172.16,-4.02048422065695e-14,-8.27900740783455,-2.6448428908322465e-13,-5.001261834765085e-13,8.049967432817934e-13,2.6866005068289262e-12
HB0.75,TN-P014,N515,interior_applied_load,,-7.75,249.0,200.739,3.051179210920523e-13,-8.279007407834962,1.1033603202217273e-13,-6.145074590864158e-12,1.1472469429716243e-12,9.89527432704777e-12
HB0.75,TN-P015,N191,interior_applied_load,,-3.85,249.0,115.0,-5.096217964012252e-12,-6.714053410425693,1.2614667601884476e-11,5.998398116801177e-14,5.109219469068421e-12,-1.0301152188748851e-11
HB0.75,TN-P016,N192,interior_applied_load,,0.0,249.0,115.0,1.6866199104015323e-08,-1.2221038363185142,1.4876482599568419e-05,1.125469273333124e-08,-2.3364057737914716e-07,-3.5445356694197017e-07
HB0.75,TN-P017,N493,interior_applied_load,,0.0,249.0,117.5,9.151404301655587e-09,-3.8379523851298765,-8.07526524641911e-09,-1.0739285804882106e-08,-6.145163499657205e-14,1.1818582567121069e-08
HB0.75,TN-P018,N494,interior_applied_load,,0.0,249.0,144.955,2.164403655511107e-14,-7.675904771569438,2.6945835441566347e-14,-7.194284314835792e-13,-4.618837707535661e-16,7.182221680380091e-13
HB0.75,TN-P019,N495,interior_applied_load,,0.0,249.0,172.41,-1.9002935349149284e-14,-7.67590477156957,8.477867110983914e-14,-1.1035569527792025e-12,-9.911176846043017e-16,2.157836515396068e-12
HB0.75,TN-P020,N496,interior_applied_load,,0.0,249.0,199.864,-1.0889820382216507e-14,-7.675904771569564,2.6482289082926995e-14,3.970951976436043e-12,-1.1715614658467966e-14,7.621888120155248e-13
HB0.75,TN-P021,N497,interior_applied_load,,0.0,249.0,227.319,2.9802322387695312e-08,-3.837952386122197,0.0,2.384185791015625e-07,0.0,-2.9802322387695312e-08
HB0.75,TN-P022,N516,interior_applied_load,,-0.0,249.0,229.319,-5.960464477539063e-08,-10.271621760446578,2.384185791015625e-07,0.0,4.656612873077393e-10,-5.960464477539063e-08
HB0.75,TN-P023,N193,interior_applied_load,,0.031,249.0,115.0,-2.1726593922247583e-09,-66.45349094663834,-1.570911603191116e-05,-7.520350399854848e-11,2.4980927093395794e-07,3.601484213058601e-07
HB0.75,TN-P024,N194,interior_applied_load,,1.0,249.0,115.0,1.3017142919125035e-11,-6.398755048217481,2.4278108412545407e-09,1.4978240869822912e-11,7.743636842860724e-10,-9.57243173616007e-11
HB0.75,TN-P025,N195,interior_applied_load,,9.344,249.0,115.0,4.118754928852714e-12,-222.06592412575318,-1.9429486989897236e-13,6.036627067106931e-14,-5.138733744637232e-12,3.698449917099731e-12
HB0.75,TN-P026,N688,interior_applied_load,,10.167,249.0,229.319,1.2470974587297996e-12,-8.345486119928061,2.1004353290733638e-13,-8.884423526023247e-14,-6.375351455707844e-13,-6.591250201946316e-13
HB0.75,TN-P027,N517,interior_applied_load,,10.6,249.0,137.864,9.094947017729282e-13,-6.932963248242231,-1.4210854715202004e-14,3.410605131648481e-13,-8.526512829121202e-14,-2.0463630789890885e-12
HB0.75,TN-P028,N518,interior_applied_load,,20.2,249.0,160.728,-4.527031203366232e-13,-6.932963248240828,-1.7408552825994854e-14,-1.8429338521764107e-13,3.096945426118317e-14,-2.5592130618786643e-12
HB0.75,TN-P029,N196,interior_applied_load,,21.385,249.0,115.0,3.945411840118131e-12,-70.84794878930076,8.215191651624505e-12,3.7984372907987193e-13,-3.5521517893659096e-12,3.4167553948194396e-12
HB0.75,TN-P030,N197,interior_applied_load,,24.3,249.0,115.0,2.3273031766910765e-11,-2.092606844583355,6.294157467763596e-12,-3.888328471646762e-13,-3.93088357977248e-13,1.972456086068395e-10
HB0.75,TN-P031,N198,interior_applied_load,,28.031,249.0,115.0,2.308223708291841e-12,-221.45322996010887,6.7797476917426755e-12,-2.103384562394025e-14,-5.6379584066563816e-12,3.254301252167444e-11
HB0.75,TN-P032,N519,interior_applied_load,,29.8,249.0,183.592,3.053572587279e-13,-6.9329632482424985,-2.586665601088183e-14,-1.7794047920371977e-13,4.8070720082891775e-14,-1.064205818857887e-12
HB0.75,TN-P033,N689,interior_applied_load,,38.333,249.0,229.319,1.3697853453430585e-12,-8.454340290949258,6.524818017426813e-13,-1.357896872064262e-13,-2.747883167078918e-12,-3.421453466724245e-14
HB0.75,TN-P034,N520,interior_applied_load,,39.4,249.0,206.455,-2.530316542509195e-13,-6.932963248241816,8.15862719782522e-14,8.291958712374909e-13,-3.194217299881198e-13,-3.8595789587283373e-13
HB0.75,TN-P035,N199,interior_applied_load,,42.74,249.0,115.0,1.2814460648483287e-11,-72.02282608458904,-2.5524565004647404e-13,7.832604524153152e-14,-1.2671296979595596e-11,-4.340196470923997e-12
HB0.75,TN-P036,N200,interior_applied_load,,46.719,249.0,115.0,1.113652634798577e-11,-218.01190855020565,-6.15039281416393e-12,3.436132365624831e-13,-2.8060134199894914e-11,-6.955204197019194e-11
HB0.75,TN-P037,N521,interior_applied_load,,49.0,249.0,229.319,-4.980682533073377e-12,-6.060839250123833,9.610512385904713e-11,-1.5501749850352967e-12,7.102893273547295e-10,-8.015938433858505e-11
HB0.75,TN-P038,N201,interface_action,BR-N-upper-2,50.25,249.0,115.0,-142.82186363276313,155.25560244316338,-1.1417236844745804,-127.31129749141417,-134.53801513530047,424.9668922454524
HB0.75,TN-P039,N690,interface_action,BR-N-upper-1,50.25,249.0,229.319,400.2569851775051,492.423965077941,8.864930911736538,-424.07382280912157,85.91964543807242,1124.665711675757
HB0.75,TN-P040,N202,interior_applied_load,,52.45,249.0,115.0,-8.599708906157924e-10,-0.9446249464598706,-1.7817820465919287e-10,-2.371751779166604e-10,1.1019995172359422e-11,-1.4911329147237908e-10
HB0.75,TN-P041,N203,interface_action,N1 / U-W,53.25,249.0,115.0,-721.3002261856695,1375.2862405427045,-44.420160340321004,374.8554774918523,-2389.966031171737,19069.567404511774
HB0.75,TN-P042,N691,interface_action,N1 / U-W,53.25,249.0,229.319,-420.48737367039234,-360.29015225899514,11.803100513125028,495.31702074516414,-205.01231123567516,-1944.3930610143366
HB0.75,TN-P043,N481,interface_action,N1 / U-W,56.25,249.0,207.0,657.4740080266602,296.42756307782173,-6.1345714820405,-38.48365665096273,-78.44734244134828,622.4411992130584
HB0.75,TN-P044,N482,interior_applied_load,,57.25,249.0,207.0,0.0,-5.595100788399577,0.0,0.0,4.656612873077393e-10,-1.4901161193847656e-08
HB0.75,TN-P045,N531,interior_applied_load,,57.25,249.0,209.5,0.0,-2.490976210217923,0.0,-5.960464477539063e-08,2.9103830456733704e-11,1.4901161193847656e-08
HB0.75,TN-P046,N532,interior_applied_load,,57.25,249.0,227.319,2.781721968395101e-08,-2.490976209620986,2.7614272937737105e-08,-6.115312506382864e-09,-3.822168032444718e-11,-4.5553167786482884e-08
HB0.75,TN-P047,N692,interior_applied_load,,57.25,249.0,229.319,-8.509405491265745e-08,-2.8846354032416732,-1.343873718834556e-07,6.809560504779419e-08,-2.804179549344419e-10,-5.954887100593052e-08
HB0.75,TN-P048,N204,interior_applied_load,,64.094,249.0,115.0,4.3584626027540165e-11,-69.96629879110358,-3.917867607461254e-11,8.710445761442902e-13,-1.0427490614692182e-10,-8.335089125228889e-10
HB0.75,TN-P049,N205,interior_applied_load,,65.406,249.0,115.0,4.823122320177802e-11,-220.84447155864785,7.935986210369174e-12,2.752128405106299e-13,7.989422499680972e-12,6.737134951411198e-10
HB0.75,TN-P050,N693,interior_applied_load,,66.5,249.0,229.319,-6.044378909292079e-13,-5.007291664597944,2.7830156839984765e-12,5.979352068004411e-14,-1.34776578584112e-11,-3.2476455600118093e-12
HB0.75,TN-P051,N541,interior_applied_load,,68.75,249.0,218.16,-1.1937117960769683e-12,-4.48020157776665,-2.2737367544323206e-13,0.0,-1.8189894035458565e-12,-2.2737367544323206e-13
HB0.75,TN-P052,N483,interior_applied_load,,80.25,249.0,207.0,-7.450580596923828e-09,-6.570208327844739,0.0,0.0,-5.820766091346741e-11,-1.4901161193847656e-08
HB0.75,TN-P053,N533,interior_applied_load,,80.25,249.0,209.5,-7.450580596923828e-09,-2.490976210683584,5.960464477539063e-08,0.0,5.820766091346741e-11,-1.4901161193847656e-08
HB0.75,TN-P054,N534,interior_applied_load,,80.25,249.0,227.319,-4.432458511338666e-09,-2.4909762117929373,8.635906728615694e-08,8.523055927689427e-09,-1.9024077346176324e-11,-3.647101665116281e-08
HB0.75,TN-P055,N542,interior_applied_load,,80.25,249.0,229.319,-2.6998900938129978e-08,-10.662997454821245,1.2845945512434598e-08,-2.3863193907651435e-08,6.089058162808597e-12,-7.198438852293843e-08
HB0.75,TN-P056,N206,interior_applied_load,,80.6,249.0,115.0,-1.3692338885734226e-11,-5.884226547066306,5.195663526663908e-12,-3.553059980224195e-13,-2.8007788019076625e-11,2.9105498731565384e-10
HB0.75,TN-P057,N207,interior_applied_load,,84.094,249.0,115.0,-4.158021893304643e-11,-217.17355388589414,1.9173580106105268e-10,4.70894160240911e-13,-1.1302153730004332e-10,-1.0834300202703606e-10
HB0.75,TN-P058,N208,interior_applied_load,,85.448,249.0,115.0,5.738687274304075e-11,-72.02282608499053,-2.9614072808787835e-10,-4.605168029138329e-13,-1.9494499330677814e-10,-2.7439686532138274e-09
HB0.75,TN-P059,N543,interior_applied_load,,92.25,249.0,218.16,5.4569682106375694e-12,-4.581557218969465,5.684341886080801e-13,-5.4569682106375694e-12,9.094947017729282e-13,9.094947017729282e-13
HB0.75,TN-P060,N694,interior_applied_load,,94.667,249.0,229.319,3.7210209852097255e-12,-5.225000043434488,3.671734449346838e-12,2.5786419870853325e-11,1.3451239827436532e-10,5.3704288050546125e-11
HB0.75,TN-P061,N209,interior_applied_load,,102.781,249.0,115.0,-2.016163157572205e-12,-222.3709593325187,1.602305442386986e-12,1.875464615475596e-14,2.799142137478308e-12,-1.3542975366970765e-09
HB0.75,TN-P062,N484,interior_applied_load,,104.25,249.0,207.0,2.2351741790771484e-08,-11.291557222604752,5.960464477539063e-08,-1.1920928955078125e-07,-2.9103830456733704e-09,-2.9802322387695312e-08
HB0.75,TN-P063,N535,interior_applied_load,,104.25,249.0,209.5,-1.4901161193847656e-08,-2.490976210683584,1.1920928955078125e-07,1.1920928955078125e-07,-5.820766091346741e-09,7.450580596923828e-09
HB0.75,TN-P064,N536,interior_applied_load,,104.25,249.0,227.319,-1.643117000793559e-08,-2.490976209495238,-2.9706417153940734e-07,-1.893504369965271e-07,-9.391525940071757e-11,2.9580564830933298e-08
HB0.75,TN-P065,N695,interior_applied_load,,104.25,249.0,229.319,2.0169377865029513e-08,-6.1321180560002775,1.9002290916307747e-07,-1.3587685646248883e-07,1.4018085484788664e-10,2.259364236052837e-09
HB0.75,TN-P066,N210,interior_applied_load,,106.802,249.0,115.0,1.848708356211312e-11,-68.01800972127371,1.6444087298346899e-10,-1.1423847659013353e-12,-1.9271258168369198e-10,-9.757215605799153e-09
HB0.75,TN-P067,N211,interior_applied_load,,108.75,249.0,115.0,1.9584291445562463e-11,-4.61816662796152,-2.420780010950713e-11,6.639660725724086e-13,-2.1787670958200786e-11,-1.0537232465389172e-09
HB0.75,TN-P068,N544,interior_applied_load,,116.25,249.0,218.16,-6.366462912410498e-12,-4.581557218972193,2.3874235921539366e-12,1.3642420526593924e-11,-6.366462912410498e-12,-9.094947017729282e-13
HB0.75,TN-P069,N212,interior_applied_load,,121.469,249.0,115.0,-2.8357003963534546e-12,-221.7576090731509,3.626613070030168e-13,-2.1042250256806577e-13,-4.549438545668834e-12,-9.724538952666925e-11
HB0.75,TN-P070,N696,interior_applied_load,,122.833,249.0,229.319,9.480132658308183e-12,-5.224999988234692,5.4350354358502025e-11,-2.7948151074841883e-11,-1.5891743752122317e-10,1.4747639412817225e-10
HB0.75,TN-P071,N213,interior_applied_load,,128.156,249.0,115.0,-2.4402115207599467e-12,-70.99751441538196,6.01907947605094e-13,3.19665161310894e-13,-1.2794677346227971e-11,-4.77864371280204e-10
HB0.75,TN-P072,N485,interior_applied_load,,128.25,249.0,207.0,0.0,-6.570208327844739,0.0,-1.1920928955078125e-07,0.0,-1.4901161193847656e-08
HB0.75,TN-P073,N537,interior_applied_load,,128.25,249.0,209.5,7.450580596923828e-09,-2.490976210683584,1.1920928955078125e-07,1.1920928955078125e-07,2.3283064365386963e-10,-7.450580596923828e-09
HB0.75,TN-P074,N538,interior_applied_load,,128.25,249.0,227.319,1.571994244498054e-08,-2.4909762133870506,2.131696835439012e-07,-2.012344668123056e-07,-2.30442466073844e-10,3.018779079488887e-08
HB0.75,TN-P075,N545,interior_applied_load,,128.25,249.0,229.319,1.4834594191332305e-08,-10.66299745479902,-2.859146271933095e-07,2.1583047801932165e-07,-2.7684789106117666e-10,1.3571404648558665e-07
HB0.75,TN-P076,N214,interior_applied_load,,136.9,249.0,115.0,-4.9266476013561235e-12,-3.7785000511328746,5.569204669287283e-12,-5.027283064360474e-13,-1.733623410357193e-11,5.306214616041008e-12
HB0.75,TN-P077,N546,interior_applied_load,,139.75,249.0,218.16,0.0,-4.480201577765911,-2.2737367544323206e-13,1.8189894035458565e-12,-4.547473508864641e-12,-1.3642420526593924e-12
HB0.75,TN-P078,N215,interior_applied_load,,140.156,249.0,115.0,-5.932150715912939e-12,-219.6177710403139,-4.388509397986477e-12,9.977739455275588e-13,1.284861312552226e-12,2.344115192707036e-09
HB0.75,TN-P079,N216,interior_applied_load,,149.51,249.0,115.0,1.1317338411260113e-11,-72.02282608462647,-4.921263106472064e-13,-3.3581273420185634e-13,-4.189035461827175e-12,-3.404906671875312e-10
HB0.75,TN-P080,N697,interior_applied_load,,151.0,249.0,229.319,8.031020293230995e-12,-5.007291523461314,-4.52778762399797e-08,1.071377206025939e-12,2.781292031059368e-08,2.130779984399478e-08
HB0.75,TN-P081,N486,interior_applied_load,,151.25,249.0,207.0,0.0,-5.595100786536932,1.1920928955078125e-07,0.0,-2.3283064365386963e-10,-7.450580596923828e-09
HB0.75,TN-P082,N539,interior_applied_load,,151.25,249.0,209.5,-7.450580596923828e-09,-2.490976210683584,1.1920928955078125e-07,-2.384185791015625e-07,0.0,0.0
HB0.75,TN-P083,N540,interior_applied_load,,151.25,249.0,227.319,-9.99757811259716e-09,-2.4909762076262725,1.7126106727216595e-07,-1.6832713611858452e-07,-1.6219225200593731e-10,-2.3758152029040858e-08
HB0.75,TN-P084,N698,interior_applied_load,,151.25,249.0,229.319,-1.3472561732896793e-08,-0.9252605768379615,-2.834745193846795e-07,-9.49447554066732e-08,5.269737235317519e-08,3.3796001266614417e-09
HB0.75,TN-P085,N487,interior_applied_load,,152.25,249.0,207.0,1.3471104507009885e-11,-0.13979166235233564,3.6481375826610796e-08,2.1301956902577896e-09,-2.61215518315427e-08,2.986018980051361e-08
HB0.75,TN-P086,N475,interior_applied_load,,155.25,249.0,120.0,1.8154335027417702e-13,-11.509154224676053,2.054499142865265e-14,-5.374167263677096e-13,-1.1130515597636537e-13,-1.969796511972176e-12
HB0.75,TN-P087,N476,interior_applied_load,,155.25,249.0,146.657,-5.27508984462978e-14,-23.018308449374814,-3.5524626351927886e-14,-4.168948999203332e-12,6.951697793558469e-14,1.819840893137847e-12
HB0.75,TN-P088,N477,interior_applied_load,,155.25,249.0,173.314,1.4471945574771204e-13,-23.018308449372558,8.645510607838281e-13,-6.91133020589086e-12,-1.1130515597636537e-13,-4.443295328822962e-12
HB0.75,TN-P089,N478,interior_applied_load,,155.25,249.0,199.971,3.0073769523369885e-13,-14.543941551232251,2.5167551049263184e-12,-1.379718168105899e-10,2.9221763842406817e-13,-6.030219697697418e-12
HB0.75,TN-P090,N479,interior_applied_load,,155.25,249.0,207.0,-4.357394720164437e-12,-11.509154260991842,-1.1880027202099129e-07,4.807448157264664e-10,5.628837200671868e-08,-2.7572034631718437e-08
HB0.75,TN-P091,N480,interior_applied_load,,155.25,249.0,226.628,0.0,-8.474366895854473,0.0,0.0,0.0,1.4901161193847656e-08
HB0.75,TN-P092,N699,interior_applied_load,,155.25,249.0,229.319,0.0,-1.9049478992819786,0.0,-1.1920928955078125e-07,2.3283064365386963e-10,1.4901161193847656e-08
HB0.75,TN-P093,N217,interior_applied_load,,158.844,249.0,115.0,1.943556034601415e-11,-220.5400924440581,6.501442326992981e-13,-2.9117151375644153e-13,-4.651556423253713e-12,-7.880524370293857e-10
HB0.75,TN-P094,N522,interior_applied_load,,160.0,249.0,229.319,-1.9260792614491856e-12,-8.87323278812621,-1.539871082153578e-10,-1.6339430258987583e-11,-1.340363673857943e-10,1.4922438283363915e-10
HB0.75,TN-P095,N218,interior_applied_load,,165.05,249.0,115.0,-8.536155010427714e-12,-3.785059832743753,1.0489376341016109e-12,1.1660189784051291e-12,-6.986110932153861e-13,2.982883977142206e-10
HB0.75,TN-P096,N219,interior_applied_load,,170.865,249.0,115.0,6.748217891373399e-12,-70.06863313992586,1.6265336015976856e-12,-7.554544953826172e-13,-5.11844139744816e-12,-3.6972572207798015e-10
HB0.75,TN-P097,N523,interior_applied_load,,172.85,249.0,206.455,1.4769193049664922e-14,-7.332750335669778,7.105137852977182e-14,2.5144196448275956e-13,-8.149286521099258e-13,-3.877645833671731e-13
HB0.75,TN-P098,N220,interior_applied_load,,177.531,249.0,115.0,-2.7030822848864272e-11,-218.52358046617934,-8.51608405540136e-12,3.0742386586914634e-13,-6.0937862216315645e-12,7.647274089253777e-10
HB0.75,TN-P099,N700,interior_applied_load,,179.167,249.0,229.319,-1.0755441000987261e-11,-4.3541666883668215,8.786186281677754e-09,-8.760711566614662e-13,-5.032254227860347e-10,4.3372688777622776e-10
HB0.75,TN-P100,N221,interior_applied_load,,180.0,249.0,115.0,3.2754554624148113e-08,-4.624726559476969,-7.702721571689608e-09,-2.1011747897148325e-10,-3.260727703111714e-11,-2.2328408455507542e-08
HB0.75,TN-P101,N498,interior_applied_load,,180.0,249.0,117.5,-7.409767022181768e-09,-3.8379523678735756,-1.7912427097144246e-09,-4.230628292134497e-09,7.612399599565833e-11,7.193307283159811e-09
HB0.75,TN-P102,N499,interior_applied_load,,180.0,249.0,144.955,-1.1368683772161603e-13,-7.67590477156773,0.0,-2.2737367544323206e-13,7.105427357601002e-15,0.0
HB0.75,TN-P103,N500,interior_applied_load,,180.0,249.0,172.41,-1.1368683772161603e-13,-7.675904771560454,-2.842170943040401e-14,-6.821210263296962e-13,5.986225874078873e-16,-2.7284841053187847e-12
HB0.75,TN-P104,N501,interior_applied_load,,180.0,249.0,199.864,-1.1544039602186949e-13,-7.6759047715576605,4.891785436624159e-14,4.222579590516065e-12,-3.598594843049366e-15,1.3812998746853782e-12
HB0.75,TN-P105,N502,interior_applied_load,,180.0,249.0,227.319,3.864183389934439e-09,-3.8379523963267754,2.771420737485153e-07,3.840644134667226e-07,-2.748916838327603e-10,4.874458336967535e-09
HB0.75,TN-P106,N701,interior_applied_load,,180.0,249.0,229.319,9.468675259947339e-08,-6.132118063655077,-1.1253510660768809e-07,-1.3745310865194305e-07,5.587975874292484e-10,-7.769707441653998e-08
HB0.75,TN-P107,N524,interior_applied_load,,185.7,249.0,183.592,1.9742001103578137e-12,-7.3327503356680435,1.474294975630812e-13,-2.357842393760687e-13,4.816072981714335e-13,1.6027176708881983e-14
HB0.75,TN-P108,N222,interior_applied_load,,192.219,249.0,115.0,7.788545731418577e-11,-70.29494955355064,-4.5245166228457005e-10,1.1473079851325585e-12,2.071638621573966e-10,-2.680772120560382e-09
HB0.75,TN-P109,N223,interior_applied_load,,193.2,249.0,115.0,3.837613528489966e-11,-1.2594999508790292,1.891601297416581e-10,-4.106495212890935e-12,-1.3933540364233798e-10,-2.8294964745061437e-09
HB0.75,TN-P110,N224,interior_applied_load,,196.219,249.0,115.0,4.249030230980607e-11,-222.06198827468327,-3.4092375592997525e-11,2.831192276588534e-14,-3.2687007587246604e-11,3.900555328737368e-10
HB0.75,TN-P111,N525,interior_applied_load,,198.55,249.0,160.728,-2.7097223272439298e-12,-7.332750335661012,-1.1716805264264398e-13,1.1173391453376806e-12,-1.9885810202316763e-12,3.3024272367595676e-12
HB0.75,TN-P112,N702,interior_applied_load,,207.333,249.0,229.319,-4.147381218748883e-12,-9.633593749016004,-3.741777139773099e-12,1.5555783966368783e-12,-6.971063112732925e-11,3.695612726056274e-12
HB0.75,TN-P113,N526,interior_applied_load,,211.4,249.0,137.864,1.8189894035458565e-12,-7.332750335666788,1.6342482922482304e-13,1.8189894035458565e-12,2.5011104298755527e-12,-1.0516032489249483e-12
HB0.75,TN-P114,N225,interior_applied_load,,213.573,249.0,115.0,-1.5021616351697053e-11,-72.02282608342597,-5.343733904535051e-11,4.363028347481434e-12,-2.2477639987529277e-10,-4.5852349262941725e-11
HB0.75,TN-P115,N226,interior_applied_load,,214.906,249.0,115.0,1.4760097172888012e-11,-218.09587520769287,-2.746303962335314e-10,-1.779836395950447e-12,-2.3097155733893185e-10,1.5948855273164324e-10
HB0.75,TN-P116,N227,interior_applied_load,,221.35,249.0,115.0,-3.586042986361822e-11,-2.9421133181623844,-1.0495439401714262e-10,5.087699207142687e-12,-9.651828053547054e-11,-1.810458228863057e-10
HB0.75,TN-P117,N228,interface_action,N2; T-E,224.25,249.0,115.0,-332.47131195664406,2391.6175881605595,-205.22411167621613,424.48570770025253,-272.54641633760184,-2149.8381507992744
HB0.75,TN-P118,N503,interface_action,T-E,224.25,249.0,117.5,571.0775136053562,-902.8519294392318,190.19835662841797,-1478.1449595689774,-1098.2324875527993,6387.830569386482
HB0.75,TN-P119,N186,interface_action,T-E,224.25,249.0,120.0,-1.8494443483505165,625.7054665507021,-2.991239746392239,-189.02484318381175,-65.48163466284313,209.54818962673016
HB0.75,TN-P120,N504,interior_applied_load,,224.25,249.0,144.955,3.197442310920451e-14,-7.675904771571368,-9.237055564881302e-14,0.0,0.0,3.410605131648481e-13
HB0.75,TN-P121,N505,interior_applied_load,,224.25,249.0,172.41,-2.0196123442134647e-15,-7.675904771571682,-1.118334435664476e-14,-8.341516846493924e-13,1.1531000674763067e-14,2.1587832684009993e-14
HB0.75,TN-P122,N506,interior_applied_load,,224.25,249.0,199.864,-9.326328221608979e-16,-7.675904771571165,1.8294945112749273e-14,9.37906525398834e-13,9.709296826798423e-15,2.0695313817125657e-13
HB0.75,TN-P123,N507,interior_applied_load,,224.25,249.0,227.319,3.0890371947867035e-08,-3.837952385091337,3.6079093532204176e-07,1.103552876025038e-06,7.88592204858277e-12,-4.3876645663964986e-08
HB0.75,TN-P124,N527,interface_action,N2; T-E top / segment 4,224.25,249.0,229.319,-67.80318525690332,-283.1637243514772,1.1859133098240044,-439.96677224060966,-130.52318757346544,-10158.373651045003
HB0.75,TN-P125,N528,interior_applied_load,,230.312,249.0,200.739,2.281664275852451e-13,-8.168231420220229,-2.018007558287861e-13,-2.8170175356168125e-12,4.235384663101752e-12,4.4545099488859847e-13
HB0.75,TN-P126,N703,interior_applied_load,,235.5,249.0,229.319,-5.032588611885541e-12,-5.353587052511073,-7.712195192477019e-12,-2.861983944966346e-11,-6.17203977694655e-11,-2.7550873021061832e-11
HB0.75,TN-P127,N529,interior_applied_load,,236.375,249.0,172.16,9.427024330459337e-13,-8.168231420217879,-3.879714120025933e-14,-1.0850733797994181e-13,-1.484353710036229e-13,-1.5694298611826042e-12
HB0.75,TN-P128,N530,interior_applied_load,,242.438,249.0,143.58,-9.094947017729282e-13,-8.168231420217126,-7.958078640513122e-13,3.637978807091713e-12,9.094947017729282e-13,9.094947017729282e-13
HB0.75,TN-P129,N229,interior_applied_load,,248.5,249.0,115.0,2.9802322387695312e-08,-12.034709447994828,-1.1920928955078125e-07,2.384185791015625e-07,4.190951585769653e-09,-5.960464477539063e-08
HB0.75,TN-P130,N508,interior_applied_load,,248.5,249.0,117.5,0.0,-3.725215405225754,-1.1920928955078125e-07,-1.1920928955078125e-07,0.0,-5.960464477539063e-08
HB0.75,TN-P131,N509,interior_applied_load,,248.5,249.0,144.148,-3.182571725754498e-14,-7.450430807086528,2.7541922065146907e-13,-1.871423669048023e-13,1.896563187729469e-14,-1.3917311928897573e-12
HB0.75,TN-P132,N510,interior_applied_load,,248.5,249.0,170.797,4.519197796534394e-14,-7.45043080709104,-1.5159285679700794e-13,2.6393584698900428e-11,-3.018347597245401e-14,-1.0763391866727982e-12
HB0.75,TN-P133,N511,interior_applied_load,,248.5,249.0,197.445,-4.320331451071635e-14,-7.450430807084032,-1.1449034338664141e-12,-2.6267675531933992e-11,1.2560333837851743e-14,-2.146141804329575e-12
HB0.75,TN-P134,N512,interior_applied_load,,248.5,249.0,224.093,-1.6679861605694788e-08,-3.7252154029945546,-1.5361592526753005e-07,-5.165778211613608e-07,-4.7777070613866595e-12,1.1567719237269898e-08
HB0.75,TN-P135,N704,interior_applied_load,,248.5,249.0,226.324,6.458374428961295e-10,-3.1277812634060393,5.626678384437804e-08,-3.308916702261057e-07,2.107886306035993e-09,1.2550306390716099e-08
HB0.75,TN-P136,N230,interior_applied_load,,249.5,249.0,115.0,2.976618951322507e-11,-0.31487500978807187,-1.7744576086275998e-09,7.495391460277112e-12,8.736989465241152e-10,-3.552687519170483e-10
HB0.75,TN-P137,N705,interior_applied_load,,249.5,249.0,226.093,5.265448806547938e-11,-0.22341294508182916,-3.8742936744933e-10,3.192194205063274e-10,1.2304898972233254e-09,-3.5796291059560877e-10
HT0.25,TN-P001,N148,interface_action,BR-N-upper-1; T-W / B-WO; W4,-32.0,249.0,115.0,-108.00640890441153,224.99420518926345,57.84733693279243,362.4234998377149,-2702.8056519036695,-2526.2277298237123
HT0.25,TN-P002,N628,interface_action,BR-N-upper-2; T-W top / segment 2; W4,-32.0,249.0,226.093,134.30358045507853,103.22969496347119,-13.87535003778575,218.37484773540896,238.77276367820173,1297.3352647390166
HT0.25,TN-P003,N189,interior_applied_load,,-31.0,249.0,115.0,-2.3519717728959222e-08,-7.501450308902672,4.958494059792429e-09,2.8894760362163652e-08,-8.869953660450847e-10,2.4307610146934167e-08
HT0.25,TN-P004,N488,interior_applied_load,,-31.0,249.0,117.5,-3.6875352773426318e-09,-3.7252154040230785,-8.65289299722503e-09,3.6514241028028055e-08,-9.998901383855015e-11,-1.58147334672535e-08
HT0.25,TN-P005,N489,interior_applied_load,,-31.0,249.0,144.148,3.9662233002426435e-14,-7.450430807086377,2.203147003941747e-14,3.5799494088188895e-13,1.6948039588094643e-14,9.158405657712063e-13
HT0.25,TN-P006,N490,interior_applied_load,,-31.0,249.0,170.797,-5.4423725728843126e-15,-7.450430807085743,-1.1198573629423416e-13,-5.438700139476022e-13,-4.062789547759029e-14,-1.2395490782285101e-13
HT0.25,TN-P007,N491,interior_applied_load,,-31.0,249.0,197.445,1.1060988645531872e-14,-7.4504308070861285,-8.193772002416394e-14,-2.0392152215852905e-12,-2.1102169051608278e-15,7.061735493667409e-13
HT0.25,TN-P008,N492,interior_applied_load,,-31.0,249.0,224.093,-2.9802322387695312e-08,-3.725215403130278,2.384185791015625e-07,2.384185791015625e-07,2.3283064365386963e-10,0.0
HT0.25,TN-P009,N686,interior_applied_load,,-31.0,249.0,226.324,0.0,-3.1277812621556222,0.0,0.0,1.1175870895385742e-08,0.0
HT0.25,TN-P010,N513,interior_applied_load,,-23.25,249.0,143.58,1.1368683772161603e-13,-8.279007407835252,6.394884621840902e-14,-3.922195901395753e-12,3.410605131648481e-13,-1.9326762412674725e-12
HT0.25,TN-P011,N190,interior_applied_load,,-21.323,249.0,115.0,-2.618940277540872e-12,-74.68745577538644,5.60018398602382e-13,1.6216380065044443e-13,1.542058550763623e-12,1.9887322930036441e-13
HT0.25,TN-P012,N687,interior_applied_load,,-18.0,249.0,229.319,-3.4590299660690824e-13,-6.823118306103813,-7.029361736663982e-14,-5.478180038921523e-12,-2.2553864273452207e-11,-2.874035854620156e-11
HT0.25,TN-P013,N514,interior_applied_load,,-15.5,249.0,172.16,2.8964263850122153e-13,-8.279007407834856,-8.133903482404052e-15,1.4438618508121505e-12,1.0568699445657548e-13,-8.354279932809204e-13
HT0.25,TN-P014,N515,interior_applied_load,,-7.75,249.0,200.739,2.917593760874672e-13,-8.279007407835039,-1.0212179783819345e-13,-6.837533080241459e-12,1.3403853251417208e-12,-1.1681142083705271e-12
HT0.25,TN-P015,N191,interior_applied_load,,-3.85,249.0,115.0,1.4002216165085579e-11,-6.714053410425099,7.0884096288266186e-12,-1.0423385661159855e-13,-1.009315192553604e-11,9.602877839479361e-12
HT0.25,TN-P016,N192,interior_applied_load,,0.0,249.0,115.0,1.3737750492737177e-08,-1.2220855607419594,-1.2705861240469574e-05,1.851295561294819e-09,2.199665365561095e-07,-2.4652946528647135e-07
HT0.25,TN-P017,N493,interior_applied_load,,0.0,249.0,117.5,-2.374468946248866e-08,-3.8379523846992596,-1.040810183443671e-08,5.117297677835059e-09,3.573876645501348e-11,-7.930179120183387e-09
HT0.25,TN-P018,N494,interior_applied_load,,0.0,249.0,144.955,-2.2721916342137777e-14,-7.675904771569349,-7.500366875151346e-14,-3.58494528123351e-13,-7.761551839805426e-15,-1.3485015439336018e-12
HT0.25,TN-P019,N495,interior_applied_load,,0.0,249.0,172.41,-1.2830035490309712e-14,-7.67590477157002,5.3811155494678013e-14,-1.9174985473793624e-12,-7.13904183074681e-15,-1.1879376767226698e-12
HT0.25,TN-P020,N496,interior_applied_load,,0.0,249.0,199.864,-8.104832584150778e-14,-7.67590477156935,-2.2795210225913676e-14,3.0500701095846724e-12,-1.4784700191720214e-14,-4.3666197418916687e-13
HT0.25,TN-P021,N497,interior_applied_load,,0.0,249.0,227.319,-5.960464477539063e-08,-3.837952386587858,0.0,-2.384185791015625e-07,0.0,2.9802322387695312e-08
HT0.25,TN-P022,N516,interior_applied_load,,-0.0,249.0,229.319,-2.9802322387695312e-08,-10.271621759049594,2.384185791015625e-07,-2.384185791015625e-07,4.656612873077393e-10,0.0
HT0.25,TN-P023,N193,interior_applied_load,,0.031,249.0,115.0,-5.135447888425001e-10,-66.4535082808494,4.269553903536799e-06,3.579746317385036e-11,2.952301611850972e-07,2.8733226341056404e-07
HT0.25,TN-P024,N194,interior_applied_load,,1.0,249.0,115.0,2.7853275241795927e-12,-6.398755048436328,1.0206857581351869e-10,1.1823431123048067e-11,-2.927365017058037e-10,1.90084392670542e-10
HT0.25,TN-P025,N195,interior_applied_load,,9.344,249.0,115.0,-7.456736099910599e-12,-222.06592412575114,5.334297774919444e-13,-3.9121655015282407e-14,6.785101840521613e-12,-1.7291018810743486e-11
HT0.25,TN-P026,N688,interior_applied_load,,10.167,249.0,229.319,4.821858123992905e-12,-8.345486119928289,4.045454780323074e-12,-1.2337456847655634e-14,7.610350405852405e-12,2.924440572509202e-13
HT0.25,TN-P027,N517,interior_applied_load,,10.6,249.0,137.864,6.821210263296962e-13,-6.932963248243368,-4.884981308350689e-15,1.4210854715202004e-13,-7.460698725481052e-14,4.547473508864641e-13
HT0.25,TN-P028,N518,interior_applied_load,,20.2,249.0,160.728,-6.420879950624149e-13,-6.9329632482412125,-6.453039525108139e-15,-2.552206128522762e-13,-1.210773875930349e-13,-2.480366297458317e-12
HT0.25,TN-P029,N196,interior_applied_load,,21.385,249.0,115.0,4.021408416547081e-12,-70.84794878935759,8.897009648522952e-12,-6.14238451547239e-13,-4.64389483796923e-12,1.678028112191764e-11
HT0.25,TN-P030,N197,interior_applied_load,,24.3,249.0,115.0,1.3053430487087629e-11,-2.092606844600676,-3.920098275099484e-12,4.122439442248819e-13,-3.773877004124359e-11,-2.4575098639998656e-11
HT0.25,TN-P031,N198,interior_applied_load,,28.031,249.0,115.0,-5.749714812278153e-13,-221.45322996008645,-1.3899066038366849e-11,-3.082946722092289e-13,-1.7429988455278494e-11,7.069573069671733e-12
HT0.25,TN-P032,N519,interior_applied_load,,29.8,249.0,183.592,2.282304785052836e-13,-6.932963248240928,1.9552873817592667e-14,4.909547204822553e-13,-5.538840731263216e-14,9.141673356776486e-13
HT0.25,TN-P033,N689,interior_applied_load,,38.333,249.0,229.319,4.173659157531388e-12,-8.454340290949292,-9.11642546228219e-13,4.898288313435531e-15,9.397139058361432e-12,-9.357787461137968e-13
HT0.25,TN-P034,N520,interior_applied_load,,39.4,249.0,206.455,-4.698294818302063e-13,-6.932963248242769,7.83794468245441e-14,1.375626698352381e-12,5.2583274240021754e-15,-3.6368161738432243e-13
HT0.25,TN-P035,N199,interior_applied_load,,42.74,249.0,115.0,3.199856365268722e-12,-72.02282608458756,-7.172663013694505e-12,3.4738202136429164e-13,2.768759919443522e-12,-2.193401436529222e-11
HT0.25,TN-P036,N200,interior_applied_load,,46.719,249.0,115.0,-1.0719554545088892e-12,-218.01190855019638,-1.2884063339094315e-11,-1.5341896031498562e-13,-2.0313477535122835e-11,2.0488601702029135e-11
HT0.25,TN-P037,N521,interior_applied_load,,49.0,249.0,229.319,-5.0891735270397476e-11,-6.060839250122897,3.716760753336157e-10,2.6205982514629547e-12,3.976683479040011e-11,-7.946631287031325e-11
HT0.25,TN-P038,N201,interface_action,BR-N-upper-2,50.25,249.0,115.0,-133.56874370885012,140.662787937834,-1.4571857181991597,-136.33198879574525,-147.989582824902,476.33029756218536
HT0.25,TN-P039,N690,interface_action,BR-N-upper-1,50.25,249.0,229.319,381.2547407744537,468.3247628717128,8.847569430475142,-415.5849668882473,121.34117316500269,1055.3012557837294
HT0.25,TN-P040,N202,interior_applied_load,,52.45,249.0,115.0,9.802111408928753e-11,-0.9446249464331707,-1.2750684690217982e-10,-2.2885204655564632e-10,-1.6188569505251943e-10,-7.977805152748214e-11
HT0.25,TN-P041,N203,interface_action,N1 / U-W,53.25,249.0,115.0,-664.6571986935594,1391.6332476576204,-41.597350251849974,346.9583939088305,-2173.8181884897294,18975.89824782877
HT0.25,TN-P042,N691,interface_action,N1 / U-W,53.25,249.0,229.319,-400.63637556664395,-335.2398796332016,10.484450319291032,482.47844031121866,-173.12067817309097,-1865.4870564694675
HT0.25,TN-P043,N481,interface_action,N1 / U-W,56.25,249.0,207.0,629.1093217490488,284.2731048597257,-5.884198846796232,-40.5739070239287,-52.97233279970401,593.8524610890393
HT0.25,TN-P044,N482,interior_applied_load,,57.25,249.0,207.0,0.0,-5.5951007893309,5.960464477539063e-08,1.1920928955078125e-07,5.820766091346741e-10,-1.4901161193847656e-08
HT0.25,TN-P045,N531,interior_applied_load,,57.25,249.0,209.5,0.0,-2.4909762097522616,-5.960464477539063e-08,-1.1920928955078125e-07,2.9103830456733704e-11,0.0
HT0.25,TN-P046,N532,interior_applied_load,,57.25,249.0,227.319,-2.6254693211158475e-09,-2.490976209658225,2.852594977592604e-08,-6.231820499913443e-08,1.0557069259208259e-11,-2.9062999923334942e-09
HT0.25,TN-P047,N692,interior_applied_load,,57.25,249.0,229.319,-1.2843732366774335e-08,-2.884635402976062,-4.7507836069118714e-08,1.19782048312806e-07,5.391640689801455e-10,4.0968598390958445e-08
HT0.25,TN-P048,N204,interior_applied_load,,64.094,249.0,115.0,1.1174704493232606e-11,-69.96629879089524,-7.098891888307893e-12,4.3469068900121087e-13,1.103560452797722e-12,-5.535524393304009e-10
HT0.25,TN-P049,N205,interior_applied_load,,65.406,249.0,115.0,-1.9034452991970574e-11,-220.84447155839604,-1.605539585549501e-12,6.433303531397007e-13,-2.046269983567552e-12,-3.059947246018876e-10
HT0.25,TN-P050,N693,interior_applied_load,,66.5,249.0,229.319,6.592281240628176e-13,-5.007291664597239,7.028234602831512e-12,1.6285431925179205e-13,7.610443661419893e-12,-9.90143289630787e-13
HT0.25,TN-P051,N541,interior_applied_load,,68.75,249.0,218.16,-6.821210263296962e-13,-4.480201577767637,-4.547473508864641e-13,0.0,-2.7284841053187847e-12,1.5916157281026244e-12
HT0.25,TN-P052,N483,interior_applied_load,,80.25,249.0,207.0,7.450580596923828e-09,-6.570208327844739,1.1920928955078125e-07,1.1920928955078125e-07,2.9103830456733704e-11,-1.4901161193847656e-08
HT0.25,TN-P053,N533,interior_applied_load,,80.25,249.0,209.5,-1.4901161193847656e-08,-2.490976210683584,5.960464477539063e-08,0.0,0.0,-1.4901161193847656e-08
HT0.25,TN-P054,N534,interior_applied_load,,80.25,249.0,227.319,-7.437882596633694e-08,-2.490976210365514,5.766672787205218e-08,7.290342050880749e-08,-2.1463247881277982e-11,3.8720453940377375e-08
HT0.25,TN-P055,N542,interior_applied_load,,80.25,249.0,229.319,4.7242362071591724e-08,-10.662997455319017,-4.9870218508256984e-08,-7.824196048667417e-08,-2.4099484096680774e-12,7.106211805320261e-08
HT0.25,TN-P056,N206,interior_applied_load,,80.6,249.0,115.0,-8.240827039826672e-12,-5.8842265473558575,-1.4154014322346111e-11,-1.969030197805769e-13,2.4800150137786622e-12,-2.4257749149351046e-10
HT0.25,TN-P057,N207,interior_applied_load,,84.094,249.0,115.0,7.746925622330007e-12,-217.1735538903746,1.5470257813486963e-11,1.477243500124045e-12,1.0889032674504671e-10,4.636835583185851e-09
HT0.25,TN-P058,N208,interior_applied_load,,85.448,249.0,115.0,2.6953110804613717e-11,-72.02282609103733,3.133695836720186e-11,-3.189797580297821e-13,-5.506915312767514e-11,1.0213569145231906e-09
HT0.25,TN-P059,N543,interior_applied_load,,92.25,249.0,218.16,9.094947017729282e-12,-4.581557218971284,9.094947017729282e-13,9.094947017729282e-13,8.185452315956354e-12,4.547473508864641e-13
HT0.25,TN-P060,N694,interior_applied_load,,94.667,249.0,229.319,5.96506982040621e-12,-5.225000043436791,3.866298318788764e-12,2.5541614961560066e-12,6.366856076688247e-11,-4.99831434539814e-12
HT0.25,TN-P061,N209,interior_applied_load,,102.781,249.0,115.0,7.241643306553669e-13,-222.37095933249512,-1.6026998558943945e-13,6.210147342504338e-13,-1.438821079669537e-13,-1.2252500539211952e-09
HT0.25,TN-P062,N484,interior_applied_load,,104.25,249.0,207.0,1.4901161193847656e-08,-11.291557222604752,-2.384185791015625e-07,-2.384185791015625e-07,-9.546056389808655e-09,1.4901161193847656e-08
HT0.25,TN-P063,N535,interior_applied_load,,104.25,249.0,209.5,-7.450580596923828e-09,-2.490976208820939,1.7881393432617188e-07,0.0,2.3283064365386963e-10,1.4901161193847656e-08
HT0.25,TN-P064,N536,interior_applied_load,,104.25,249.0,227.319,2.3091901099614454e-09,-2.4909762093764813,-2.0600329343756218e-07,5.3275157979593146e-08,-1.1423962302782533e-11,-1.1784008394077894e-08
HT0.25,TN-P065,N695,interior_applied_load,,104.25,249.0,229.319,1.9456519985300103e-08,-6.132118054913357,7.251973778545303e-08,-4.553203042402399e-08,-7.065274266237217e-11,-2.348025703129247e-09
HT0.25,TN-P066,N210,interior_applied_load,,106.802,249.0,115.0,1.1827287105620392e-11,-68.01800971848904,9.342715504155072e-11,-1.3679315599969647e-12,-1.0760797638330954e-10,-9.425708288455268e-09
HT0.25,TN-P067,N211,interior_applied_load,,108.75,249.0,115.0,1.22911398475375e-11,-4.6181666302569875,-3.241753451867246e-11,8.274204660340068e-13,1.517277327529654e-12,1.3522586923065408e-09
HT0.25,TN-P068,N544,interior_applied_load,,116.25,249.0,218.16,-1.8189894035458565e-12,-4.581557218969465,2.2737367544323206e-13,-1.6370904631912708e-11,2.000888343900442e-11,4.092726157978177e-12
HT0.25,TN-P069,N212,interior_applied_load,,121.469,249.0,115.0,-4.264207395537067e-12,-221.7576090728387,-7.497338279551299e-13,3.418841935871669e-13,7.672580321064469e-12,8.251573470471379e-10
HT0.25,TN-P070,N696,interior_applied_load,,122.833,249.0,229.319,8.076915546776798e-12,-5.22499998822229,-1.105733398066203e-11,-7.392432797624118e-12,-7.244327888381447e-11,1.3173966710204307e-10
HT0.25,TN-P071,N213,interior_applied_load,,128.156,249.0,115.0,-8.451290805113998e-12,-70.99751441552287,8.410867268029849e-13,7.8650925313107e-14,-5.4752255074765294e-12,4.1999167280260083e-10
HT0.25,TN-P072,N485,interior_applied_load,,128.25,249.0,207.0,-1.4901161193847656e-08,-6.570208325982094,0.0,1.1920928955078125e-07,-1.1641532182693481e-10,7.450580596923828e-09
HT0.25,TN-P073,N537,interior_applied_load,,128.25,249.0,209.5,2.2351741790771484e-08,-2.490976210683584,0.0,-1.1920928955078125e-07,1.1641532182693481e-10,1.4901161193847656e-08
HT0.25,TN-P074,N538,interior_applied_load,,128.25,249.0,227.319,-5.1055308668279675e-08,-2.490976213732562,2.445826089159109e-07,1.5560449201368343e-07,-4.082164026081515e-11,7.035845285552345e-08
HT0.25,TN-P075,N545,interior_applied_load,,128.25,249.0,229.319,6.133501880922214e-08,-10.66299745366397,-2.827496097769857e-07,3.253346165740131e-07,-4.8772769716007014e-11,1.5476145873027444e-07
HT0.25,TN-P076,N214,interior_applied_load,,136.9,249.0,115.0,2.297470485298002e-11,-3.7785000514707603,2.608873496557501e-13,6.426059992085066e-13,8.293062654095788e-13,2.992940826490882e-10
HT0.25,TN-P077,N546,interior_applied_load,,139.75,249.0,218.16,-1.8189894035458565e-12,-4.480201577765911,0.0,6.366462912410498e-12,-2.7284841053187847e-12,4.547473508864641e-13
HT0.25,TN-P078,N215,interior_applied_load,,140.156,249.0,115.0,-1.4314738931457933e-11,-219.61777103951084,3.7263588857446695e-12,1.1439776819656924e-12,2.657036248306373e-12,2.212693009077022e-09
HT0.25,TN-P079,N216,interior_applied_load,,149.51,249.0,115.0,1.2307340162116178e-11,-72.0228260846616,1.1580936844894657e-13,-4.932177637129607e-13,-4.244348037316127e-12,-4.850174159265497e-10
HT0.25,TN-P080,N697,interior_applied_load,,151.0,249.0,229.319,-1.4966949901662474e-10,-5.007291574859347,-1.3397878084742132e-09,-4.836203480536043e-12,2.5815181915744834e-08,7.075971024395056e-09
HT0.25,TN-P081,N486,interior_applied_load,,151.25,249.0,207.0,-7.450580596923828e-09,-5.595100786536932,2.384185791015625e-07,-1.1920928955078125e-07,0.0,0.0
HT0.25,TN-P082,N539,interior_applied_load,,151.25,249.0,209.5,3.725290298461914e-09,-2.490976210683584,0.0,-1.1920928955078125e-07,0.0,0.0
HT0.25,TN-P083,N540,interior_applied_load,,151.25,249.0,227.319,-2.0369512694629055e-08,-2.490976211993807,2.5082482010829743e-07,-1.7302663385398986e-07,6.385101585314707e-11,-2.988204501896963e-08
HT0.25,TN-P084,N698,interior_applied_load,,151.25,249.0,229.319,-4.5828166955752536e-10,-0.9252604402497939,-4.817576421852203e-07,-1.4804462529103066e-07,4.68940068489845e-08,2.407882454102256e-08
HT0.25,TN-P085,N487,interior_applied_load,,152.25,249.0,207.0,-1.8229261722684356e-10,-0.13979162322079453,-2.0026324284696003e-08,-4.03850859541016e-09,-1.4691692282783271e-08,6.685359022152883e-08
HT0.25,TN-P086,N475,interior_applied_load,,155.25,249.0,120.0,-1.1839489962673148e-13,-11.50915422467096,9.406907639364418e-14,1.6090721514427395e-13,5.314050364879016e-14,8.940134564878992e-13
HT0.25,TN-P087,N476,interior_applied_load,,155.25,249.0,146.657,1.211350966586398e-13,-23.018308449379504,-3.4622604999273225e-14,-3.2157458913168116e-12,-4.642982746461133e-15,4.373059447813549e-12
HT0.25,TN-P088,N477,interior_applied_load,,155.25,249.0,173.314,2.097667697176066e-14,-23.01830844937474,8.243883080272036e-13,-6.213006264378877e-12,5.314050364879016e-14,7.949451499624996e-13
HT0.25,TN-P089,N478,interior_applied_load,,155.25,249.0,199.971,3.4399104440146595e-13,-14.543941551223906,3.090744694182187e-11,8.241006507964558e-11,2.588256244255965e-13,-2.4344577029226525e-12
HT0.25,TN-P090,N479,interior_applied_load,,155.25,249.0,207.0,6.954620779602408e-11,-11.509154244600383,-1.434126109485204e-09,7.16132525183156e-09,4.2851903974575296e-10,4.930940270930172e-09
HT0.25,TN-P091,N480,interior_applied_load,,155.25,249.0,226.628,1.4901161193847656e-08,-8.474366899579763,0.0,1.1920928955078125e-07,0.0,0.0
HT0.25,TN-P092,N699,interior_applied_load,,155.25,249.0,229.319,0.0,-1.9049478955566883,0.0,0.0,6.984919309616089e-10,1.4901161193847656e-08
HT0.25,TN-P093,N217,interior_applied_load,,158.844,249.0,115.0,1.3312229484823318e-11,-220.54009244414314,4.394927004833236e-13,-5.815436128010183e-13,-4.993947022103336e-12,-1.2486971770398778e-09
HT0.25,TN-P094,N522,interior_applied_load,,160.0,249.0,229.319,-4.067028669272631e-12,-8.873232788131308,-6.152752204958869e-11,1.5995771630637127e-11,-5.1333442891441124e-12,3.5619573305499356e-10
HT0.25,TN-P095,N218,interior_applied_load,,165.05,249.0,115.0,5.440637761670217e-12,-3.7850598327192,-6.006551416307368e-13,5.783803115801747e-13,4.837327726476051e-12,-7.371052512868938e-10
HT0.25,TN-P096,N219,interior_applied_load,,170.865,249.0,115.0,-1.1687804094619487e-11,-70.06863313982629,1.205847212850511e-12,9.235874425348249e-13,6.826077424233866e-13,-5.227535791318212e-10
HT0.25,TN-P097,N523,interior_applied_load,,172.85,249.0,206.455,1.412516968532089e-12,-7.332750335669647,1.3099628367988452e-13,1.2618358273999426e-12,-5.421938666284991e-13,3.21971843364728e-12
HT0.25,TN-P098,N220,interior_applied_load,,177.531,249.0,115.0,-3.4354366898464314e-12,-218.5235804659201,1.108117110160694e-10,-1.2978278143446308e-12,-1.591927603894759e-10,1.5894769433698217e-09
HT0.25,TN-P099,N700,interior_applied_load,,179.167,249.0,229.319,-1.4531272113502232e-11,-4.354166686626697,7.37157070013962e-10,7.067467060776895e-13,-4.829948792043424e-10,1.9866163976258684e-09
HT0.25,TN-P100,N221,interior_applied_load,,180.0,249.0,115.0,3.1273508227513958e-09,-4.624726567151061,-5.969173155762064e-09,7.132882506866167e-09,-1.5853362233320164e-10,3.7130304164634254e-08
HT0.25,TN-P101,N498,interior_applied_load,,180.0,249.0,117.5,2.6503812478040345e-09,-3.8379523724158937,-1.150650774661699e-08,-1.2416307981766295e-09,3.3860914072647574e-11,1.1382326192688197e-08
HT0.25,TN-P102,N499,interior_applied_load,,180.0,249.0,144.955,-1.7053025658242404e-13,-7.67590477156773,0.0,5.684341886080802e-14,0.0,-4.547473508864641e-13
HT0.25,TN-P103,N500,interior_applied_load,,180.0,249.0,172.41,5.684341886080802e-14,-7.67590477156773,-7.105427357601002e-14,-4.547473508864641e-13,5.760527318436562e-16,-5.4569682106375694e-12
HT0.25,TN-P104,N501,interior_applied_load,,180.0,249.0,199.864,-2.0276997247072174e-13,-7.675904771552727,-2.1560351526948658e-14,3.1485733137354323e-12,2.3743616939572536e-15,-1.765718368783767e-12
HT0.25,TN-P105,N502,interior_applied_load,,180.0,249.0,227.319,-5.2380766196735706e-08,-3.8379524054203413,2.0150241655803036e-08,5.846446735346955e-07,-9.419081834817429e-11,8.831633840911124e-08
HT0.25,TN-P106,N701,interior_applied_load,,180.0,249.0,229.319,1.623372204257427e-07,-6.132118057183185,-1.6609226232990218e-07,-3.8389616143928935e-08,-7.540728283641171e-10,-1.4370650313664049e-08
HT0.25,TN-P107,N524,interior_applied_load,,185.7,249.0,183.592,1.3016166904775852e-12,-7.332750335666696,-3.8003167737711726e-14,3.078193715743184e-12,2.222265328254353e-12,-7.521881798777488e-13
HT0.25,TN-P108,N222,interior_applied_load,,192.219,249.0,115.0,4.6957994024551086e-11,-70.29494955108146,-8.262101610104524e-10,-2.184429870604627e-12,2.2702842829172994e-10,-1.3001759732663154e-09
HT0.25,TN-P109,N223,interior_applied_load,,193.2,249.0,115.0,-3.809857059031272e-11,-1.2594999485801022,6.125638543165205e-10,-3.2976021074119733e-12,6.481393080187872e-11,-1.209579104573023e-09
HT0.25,TN-P110,N224,interior_applied_load,,196.219,249.0,115.0,-1.3795509605072466e-12,-222.061988274723,-3.0370277662659954e-12,3.525702338912072e-13,-4.96210959494957e-11,2.8476304279958265e-10
HT0.25,TN-P111,N525,interior_applied_load,,198.55,249.0,160.728,-4.2624203144430154e-13,-7.332750335662555,6.05006880983141e-14,3.8895469469683855e-12,-2.0914775404243566e-12,2.33870465688364e-12
HT0.25,TN-P112,N702,interior_applied_load,,207.333,249.0,229.319,-1.8995455470376406e-12,-9.633593749015285,1.0126277072989456e-12,1.7638558703967942e-12,-1.051471713180028e-10,-1.6397892584167493e-11
HT0.25,TN-P113,N526,interior_applied_load,,211.4,249.0,137.864,-1.8189894035458565e-12,-7.332750335666788,-3.623767952376511e-13,4.547473508864641e-12,3.296918293926865e-12,-1.1013412404281553e-12
HT0.25,TN-P114,N225,interior_applied_load,,213.573,249.0,115.0,-2.3321201731183606e-11,-72.0228260851206,-4.718367506194434e-10,2.6765759836666815e-12,3.049345165876874e-10,8.394837747586705e-11
HT0.25,TN-P115,N226,interior_applied_load,,214.906,249.0,115.0,2.617484921391287e-11,-218.09587520774855,2.0363215184588307e-10,-8.153698256492611e-13,2.5921434193920477e-10,-3.842597694226877e-10
HT0.25,TN-P116,N227,interior_applied_load,,221.35,249.0,115.0,-7.001163246601948e-12,-2.942113318045748,-4.689193751015537e-10,2.1788890238134806e-12,2.607207082409423e-10,9.416648067795841e-11
HT0.25,TN-P117,N228,interface_action,N2; T-E,224.25,249.0,115.0,-277.784798681736,2303.706439718604,-193.02683329582214,371.89695930480957,-214.82762688584626,-2324.4822474718094
HT0.25,TN-P118,N503,interface_action,T-E,224.25,249.0,117.5,492.5985249876976,-835.7446248885244,179.76728737354279,-1352.324874162674,-946.4849182278849,5080.769799053669
HT0.25,TN-P119,N186,interface_action,T-E,224.25,249.0,120.0,-1.9895609445666196,578.1847749284352,-2.8268830779998098,-178.28936934328522,-54.22577048089943,187.97867088098428
HT0.25,TN-P120,N504,interior_applied_load,,224.25,249.0,144.955,-2.1316282072803006e-14,-7.675904771571368,-9.947598300641403e-14,1.1368683772161603e-12,0.0,-2.2737367544323206e-13
HT0.25,TN-P121,N505,interior_applied_load,,224.25,249.0,172.41,5.22965046895343e-15,-7.6759047715706386,2.845215037501721e-14,-5.068202996476151e-13,4.987552228942341e-14,-8.302107821812691e-14
HT0.25,TN-P122,N506,interior_applied_load,,224.25,249.0,199.864,-8.791654471828928e-15,-7.675904771572125,9.99841835843505e-14,3.149396413798434e-12,-1.5790793980612472e-14,2.367480564047795e-14
HT0.25,TN-P123,N507,interior_applied_load,,224.25,249.0,227.319,7.159034414328663e-09,-3.837952382861995,3.2929077270482665e-08,6.229662196655106e-07,6.103357070758945e-12,-2.6852795649394412e-08
HT0.25,TN-P124,N527,interface_action,N2; T-E top / segment 4,224.25,249.0,229.319,-50.62308141950111,-208.39845192192192,1.72116220392023,-418.2891390522679,-138.7650741986634,-9117.168488939244
HT0.25,TN-P125,N528,interior_applied_load,,230.312,249.0,200.739,-3.40277055674181e-13,-8.168231420219369,5.158963307508404e-14,1.3512563855307869e-12,1.0713376077015624e-12,1.2459216007625492e-12
HT0.25,TN-P126,N703,interior_applied_load,,235.5,249.0,229.319,4.486880187854183e-12,-5.3535870525143325,-1.6453011317571706e-11,-1.9064016710496717e-11,-7.808028151496551e-11,-2.6568319477580683e-12
HT0.25,TN-P127,N529,interior_applied_load,,236.375,249.0,172.16,5.464022637139587e-13,-8.168231420218369,-2.7153998927213293e-14,-1.3269781200220767e-13,1.122497824005983e-13,-1.84076599243347e-12
HT0.25,TN-P128,N530,interior_applied_load,,242.438,249.0,143.58,-4.547473508864641e-13,-8.168231420217126,-2.5579538487363607e-13,-4.547473508864641e-13,0.0,1.9326762412674725e-12
HT0.25,TN-P129,N229,interior_applied_load,,248.5,249.0,115.0,0.0,-12.034709446132183,-3.5762786865234375e-07,0.0,1.3969838619232178e-09,-5.960464477539063e-08
HT0.25,TN-P130,N508,interior_applied_load,,248.5,249.0,117.5,-2.9802322387695312e-08,-3.725215407088399,1.1920928955078125e-07,-1.1920928955078125e-07,4.656612873077393e-10,0.0
HT0.25,TN-P131,N509,interior_applied_load,,248.5,249.0,144.148,2.2122837045972944e-14,-7.4504308070839445,-7.12622882382514e-14,3.4660456083767737e-12,1.6111754087316824e-14,-1.4185385547210581e-12
HT0.25,TN-P132,N510,interior_applied_load,,248.5,249.0,170.797,-1.8430941307379764e-15,-7.4504308070880345,-6.189813294173483e-14,1.7488998872291356e-11,9.467991188894224e-15,-6.205962805076679e-13
HT0.25,TN-P133,N511,interior_applied_load,,248.5,249.0,197.445,4.629726156008828e-14,-7.450430807086751,-6.22146981384677e-13,-1.5453621243939733e-11,-1.2757885975693944e-14,-2.101474591318183e-12
HT0.25,TN-P134,N512,interior_applied_load,,248.5,249.0,224.093,1.0706351597652028e-08,-3.725215402119703,-2.6939570955283004e-07,-2.6452075655225927e-07,9.929568840924187e-12,-3.972387333387843e-08
HT0.25,TN-P135,N704,interior_applied_load,,248.5,249.0,226.324,-2.476610652511698e-08,-3.127781259693217,4.3774450724084e-07,-4.1786947608984905e-07,5.072586162331254e-10,-1.6880110468288744e-08
HT0.25,TN-P136,N230,interior_applied_load,,249.5,249.0,115.0,-1.4857642893773004e-11,-0.3148750106019463,-6.814169214997001e-09,7.186249859070237e-12,-1.5780235451678948e-10,-8.385958351342371e-10
HT0.25,TN-P137,N705,interior_applied_load,,249.5,249.0,226.093,-1.4677234584707033e-10,-0.22341294506936135,1.8397479776658593e-09,1.5102624291383808e-10,-5.33288587638415e-10,1.1136329654884599e-11
HT0.5,TN-P001,N148,interface_action,BR-N-upper-1; T-W / B-WO; W4,-32.0,249.0,115.0,-108.83666306549219,218.6937501527439,57.01308998456951,337.28854277578563,-2681.491057906378,-2534.308717251253
HT0.5,TN-P002,N628,interface_action,BR-N-upper-2; T-W top / segment 2; W4,-32.0,249.0,226.093,136.31710621544696,108.43696163818689,-12.981860743820471,207.73651783799104,217.6187155908649,1300.6447053024415
HT0.5,TN-P003,N189,interior_applied_load,,-31.0,249.0,115.0,-1.824659534577222e-08,-7.501450310058143,-1.4763045896870608e-08,-2.7400119506637566e-08,-4.575468892653589e-10,2.710135049710516e-08
HT0.5,TN-P004,N488,interior_applied_load,,-31.0,249.0,117.5,3.998490018666016e-08,-3.7252154037629714,-1.4414839590191596e-09,4.168612820626979e-08,-1.369113326982423e-10,3.048005794441632e-08
HT0.5,TN-P005,N489,interior_applied_load,,-31.0,249.0,144.148,2.979152902504723e-14,-7.450430807086271,-4.283109232339109e-14,1.1773839472026196e-12,-7.31901256077619e-15,4.2388508415556713e-13
HT0.5,TN-P006,N490,interior_applied_load,,-31.0,249.0,170.797,-9.626479771424708e-15,-7.450430807086144,-9.48722082788272e-14,3.0007722670142013e-13,2.8620344826365596e-14,-3.7982955138486246e-14
HT0.5,TN-P007,N491,interior_applied_load,,-31.0,249.0,197.445,-1.2269184748360388e-14,-7.45043080708596,5.233437269430787e-14,-4.2948660598089193e-14,9.485723114785578e-15,7.797892023213526e-13
HT0.5,TN-P008,N492,interior_applied_load,,-31.0,249.0,224.093,-2.9802322387695312e-08,-3.7252154035959393,2.384185791015625e-07,0.0,0.0,2.9802322387695312e-08
HT0.5,TN-P009,N686,interior_applied_load,,-31.0,249.0,226.324,5.960464477539063e-08,-3.1277812607586384,4.76837158203125e-07,-2.384185791015625e-07,1.0477378964424133e-08,5.960464477539063e-08
HT0.5,TN-P010,N513,interior_applied_load,,-23.25,249.0,143.58,5.400124791776761e-13,-8.279007407834115,-1.3500311979441904e-13,7.901235221652314e-12,-2.1032064978498966e-12,2.7284841053187847e-12
HT0.5,TN-P011,N190,interior_applied_load,,-21.323,249.0,115.0,-6.875821484816888e-13,-74.68745577538674,7.109264760529535e-14,-1.5863761860167411e-13,-1.0796834945005932e-12,-1.0421803676214572e-12
HT0.5,TN-P012,N687,interior_applied_load,,-18.0,249.0,229.319,4.403078233447781e-12,-6.82311830610441,5.173197317015304e-12,1.8614775886860335e-11,1.047486430726094e-11,-1.2994195475652346e-11
HT0.5,TN-P013,N514,interior_applied_load,,-15.5,249.0,172.16,-2.1049612887988412e-13,-8.279007407836039,1.2614873206917916e-13,-5.659798092914786e-13,-6.312063173644299e-14,3.254783636116144e-12
HT0.5,TN-P014,N515,interior_applied_load,,-7.75,249.0,200.739,9.56480490851016e-14,-8.279007407834916,7.587228880373255e-14,7.370933473668977e-12,-2.631022496020908e-12,3.524907134388446e-12
HT0.5,TN-P015,N191,interior_applied_load,,-3.85,249.0,115.0,-6.3076668287130055e-12,-6.714053410427174,6.602835642980268e-12,3.889481300504425e-14,-7.474815067202943e-12,1.5445384535886553e-11
HT0.5,TN-P016,N192,interior_applied_load,,0.0,249.0,115.0,4.358722272002069e-08,-1.2221273350739175,-1.9224102261627962e-05,5.492764243442139e-09,9.399719338656241e-08,-7.105226194070724e-07
HT0.5,TN-P017,N493,interior_applied_load,,0.0,249.0,117.5,-4.2751788163694904e-08,-3.837952385541622,-9.898973625209701e-10,-5.055534571979014e-09,1.835133596506166e-11,-2.3623864471575753e-08
HT0.5,TN-P018,N494,interior_applied_load,,0.0,249.0,144.955,-2.70511107351289e-14,-7.675904771568756,1.8311426570819115e-16,-6.282353492835969e-13,-1.022767118194824e-14,-8.066021304915057e-13
HT0.5,TN-P019,N495,interior_applied_load,,0.0,249.0,172.41,-1.3575669011363908e-14,-7.675904771569918,1.482763596794255e-14,-6.382707971722872e-13,-7.055295015960725e-15,1.018352249856284e-12
HT0.5,TN-P020,N496,interior_applied_load,,0.0,249.0,199.864,-1.4437812377625767e-14,-7.675904771569795,-6.244300358115286e-14,2.145231582930616e-12,3.921575568864409e-15,-4.154088610652712e-13
HT0.5,TN-P021,N497,interior_applied_load,,0.0,249.0,227.319,0.0,-3.837952386587858,-2.384185791015625e-07,2.384185791015625e-07,0.0,0.0
HT0.5,TN-P022,N516,interior_applied_load,,-0.0,249.0,229.319,-5.960464477539063e-08,-10.271621759980917,0.0,2.384185791015625e-07,-4.656612873077393e-10,-5.960464477539063e-08
HT0.5,TN-P023,N193,interior_applied_load,,0.031,249.0,115.0,-1.4152248334036346e-10,-66.4534832578026,5.0962096694845704e-06,1.507829059562941e-10,4.910097524341736e-07,3.718133962395116e-08
HT0.5,TN-P024,N194,interior_applied_load,,1.0,249.0,115.0,5.866240826435387e-11,-6.398755048017961,1.0083325285847877e-09,1.2846612662542611e-11,3.193036945958738e-10,-1.298303686780855e-10
HT0.5,TN-P025,N195,interior_applied_load,,9.344,249.0,115.0,8.837086210395074e-13,-222.06592412575125,-2.918908329033605e-14,1.459584537540776e-13,1.4750286232106391e-12,-9.795651377387908e-12
HT0.5,TN-P026,N688,interior_applied_load,,10.167,249.0,229.319,3.155011017095004e-12,-8.345486119928264,1.1780243258059222e-12,1.5448563576466695e-14,1.4660784802233115e-11,-6.032054590118906e-13
HT0.5,TN-P027,N517,interior_applied_load,,10.6,249.0,137.864,5.684341886080801e-13,-6.9329632482435954,1.3322676295501878e-15,1.5631940186722204e-13,-3.552713678800501e-14,-9.094947017729282e-13
HT0.5,TN-P028,N518,interior_applied_load,,20.2,249.0,160.728,-7.37696461821106e-13,-6.932963248240523,-3.09110280795606e-14,-3.8736355878551326e-13,2.879968532093495e-14,-4.389339862964709e-12
HT0.5,TN-P029,N196,interior_applied_load,,21.385,249.0,115.0,2.5256183878486883e-12,-70.84794878930859,-2.066858692222596e-12,5.081095918255293e-13,2.061671366014619e-12,2.1877157944291312e-11
HT0.5,TN-P030,N197,interior_applied_load,,24.3,249.0,115.0,1.9299161306140554e-11,-2.092606844618672,-1.0312460312545869e-11,-3.060771696551411e-13,2.8636272719204757e-12,1.3836286459154842e-10
HT0.5,TN-P031,N198,interior_applied_load,,28.031,249.0,115.0,-1.4644285277036558e-11,-221.4532299600911,-5.427280802736501e-13,-2.2397535411305633e-13,1.4483070053980133e-11,2.09751089629142e-11
HT0.5,TN-P032,N519,interior_applied_load,,29.8,249.0,183.592,4.885497021139873e-13,-6.932963248241233,2.7163942847323063e-14,4.619249252852967e-13,-1.2329825278950222e-13,2.5231948721776786e-12
HT0.5,TN-P033,N689,interior_applied_load,,38.333,249.0,229.319,3.335541534051069e-12,-8.454340290948927,3.5364775105611998e-12,-1.4401114088233936e-13,3.853362249618048e-12,9.63612695067548e-13
HT0.5,TN-P034,N520,interior_applied_load,,39.4,249.0,206.455,2.630509838667069e-13,-6.9329632482424595,1.4529548445263837e-14,-4.752225203792151e-13,-2.360792970565194e-12,4.827992946633761e-13
HT0.5,TN-P035,N199,interior_applied_load,,42.74,249.0,115.0,1.0037945637373075e-11,-72.02282608458493,5.356879899338168e-12,1.0731524709645557e-13,-1.3265052973851112e-11,-2.9352850167918826e-11
HT0.5,TN-P036,N200,interior_applied_load,,46.719,249.0,115.0,-4.58881050056127e-12,-218.01190855018984,-1.1129646514214133e-11,1.0067963213154464e-13,-5.184508893390722e-11,-1.161707114623656e-11
HT0.5,TN-P037,N521,interior_applied_load,,49.0,249.0,229.319,1.8749113372962256e-11,-6.060839249995932,-2.571488785796383e-10,-4.1961574076029247e-11,1.5928972897649718e-10,8.704692869287989e-11
HT0.5,TN-P038,N201,interface_action,BR-N-upper-2,50.25,249.0,115.0,-134.28793081196787,141.62335522277598,-1.2917793712090841,-125.13407151111029,-137.6315398104123,476.46861061964194
HT0.5,TN-P039,N690,interface_action,BR-N-upper-1,50.25,249.0,229.319,378.24355124169125,464.1237221963651,8.613174656847136,-404.9272489654038,110.83196507707773,1056.148808641266
HT0.5,TN-P040,N202,interior_applied_load,,52.45,249.0,115.0,-1.4891900492845669e-10,-0.944624946651995,-3.115805338228669e-10,-2.9144619646433165e-10,1.6542718637191398e-11,6.725519079691381e-11
HT0.5,TN-P041,N203,interface_action,N1 / U-W,53.25,249.0,115.0,-662.9036003376632,1390.7170614791064,-41.48315682996998,341.53858222478516,-2150.939709020136,18984.785276589977
HT0.5,TN-P042,N691,interface_action,N1 / U-W,53.25,249.0,229.319,-403.13614928420026,-331.01356390858535,10.411682090732258,469.4892457803598,-191.97813657894412,-1889.413593201846
HT0.5,TN-P043,N481,interface_action,N1 / U-W,56.25,249.0,207.0,632.2429426343633,286.12704847189,-6.054798492864287,-39.702595349930114,-52.83058291096711,596.5444920273892
HT0.5,TN-P044,N482,interior_applied_load,,57.25,249.0,207.0,7.450580596923828e-09,-5.595100788399577,-5.960464477539063e-08,0.0,9.313225746154785e-10,-1.4901161193847656e-08
HT0.5,TN-P045,N531,interior_applied_load,,57.25,249.0,209.5,7.450580596923828e-09,-2.490976210217923,-5.960464477539063e-08,-5.960464477539063e-08,2.9103830456733704e-11,2.9802322387695312e-08
HT0.5,TN-P046,N532,interior_applied_load,,57.25,249.0,227.319,-3.2177230442631544e-08,-2.4909762098747024,2.4020254507650662e-08,6.754668546715692e-08,-7.402145617441665e-12,1.5397890226753752e-08
HT0.5,TN-P047,N692,interior_applied_load,,57.25,249.0,229.319,1.2957801295291255e-08,-2.884635403626022,1.3414852709574757e-08,-3.705869262042809e-08,1.5889671055245768e-09,5.3611184941041854e-08
HT0.5,TN-P048,N204,interior_applied_load,,64.094,249.0,115.0,-2.369530036136096e-11,-69.96629879204343,-1.9964130460605473e-11,7.018163064003357e-13,-6.282602423925097e-12,-1.4138710224674506e-09
HT0.5,TN-P049,N205,interior_applied_load,,65.406,249.0,115.0,4.400701670706403e-11,-220.84447155655067,4.612831883343515e-12,3.94397500171241e-13,5.906270607290148e-12,-4.716293377535691e-11
HT0.5,TN-P050,N693,interior_applied_load,,66.5,249.0,229.319,-5.328656678279317e-12,-5.007291664597077,8.770007113305216e-12,1.0984339373489992e-13,-2.665177791098941e-12,-4.356694435173485e-12
HT0.5,TN-P051,N541,interior_applied_load,,68.75,249.0,218.16,4.547473508864641e-13,-4.480201577766124,-1.1368683772161603e-13,0.0,-3.637978807091713e-12,0.0
HT0.5,TN-P052,N483,interior_applied_load,,80.25,249.0,207.0,-7.450580596923828e-09,-6.5702083287760615,0.0,0.0,5.820766091346741e-11,0.0
HT0.5,TN-P053,N533,interior_applied_load,,80.25,249.0,209.5,-7.450580596923828e-09,-2.490976210683584,1.1920928955078125e-07,0.0,-5.820766091346741e-11,0.0
HT0.5,TN-P054,N534,interior_applied_load,,80.25,249.0,227.319,-3.5478757570706065e-08,-2.490976211427203,-3.1556428387036206e-08,5.970735739158073e-09,3.963204441143996e-11,3.7001461949959236e-08
HT0.5,TN-P055,N542,interior_applied_load,,80.25,249.0,229.319,3.3661671024747905e-08,-10.662997452948373,2.1975218895206372e-07,-1.9933651027073307e-07,9.32523437848752e-11,8.266110203045821e-09
HT0.5,TN-P056,N206,interior_applied_load,,80.6,249.0,115.0,-1.602594351407636e-11,-5.884226547278232,-9.492354962614723e-12,2.0546640092857827e-13,-2.6541861078836223e-12,2.0572494626057806e-10
HT0.5,TN-P057,N207,interior_applied_load,,84.094,249.0,115.0,1.3795817579600611e-11,-217.1735538872845,3.7537593317300286e-11,4.716249375885527e-13,1.400869894008761e-12,4.335472711144342e-09
HT0.5,TN-P058,N208,interior_applied_load,,85.448,249.0,115.0,-1.9426670191118098e-11,-72.02282608956521,4.123895951635488e-11,-3.448705531270572e-13,-9.780528785973199e-11,-4.439682572917161e-09
HT0.5,TN-P059,N543,interior_applied_load,,92.25,249.0,218.16,5.4569682106375694e-12,-4.581557218971284,4.547473508864641e-13,4.547473508864641e-12,9.094947017729282e-12,-1.5916157281026244e-12
HT0.5,TN-P060,N694,interior_applied_load,,94.667,249.0,229.319,4.673516213587769e-12,-5.225000043435615,5.6850843710567035e-12,7.123080986698803e-12,-3.67966495125866e-11,-3.658953269313586e-11
HT0.5,TN-P061,N209,interior_applied_load,,102.781,249.0,115.0,-6.158844184780736e-13,-222.37095933198773,-2.4244924584243015e-12,-1.7647834125347856e-13,1.9638159414656477e-12,-2.408918821868004e-10
HT0.5,TN-P062,N484,interior_applied_load,,104.25,249.0,207.0,2.2351741790771484e-08,-11.291557222604752,-1.7881393432617188e-07,-1.1920928955078125e-07,-6.6356733441352844e-09,7.450580596923828e-09
HT0.5,TN-P063,N535,interior_applied_load,,104.25,249.0,209.5,-7.450580596923828e-09,-2.490976208820939,2.980232238769531e-07,-1.1920928955078125e-07,-2.7939677238464355e-09,1.4901161193847656e-08
HT0.5,TN-P064,N536,interior_applied_load,,104.25,249.0,227.319,-1.2889436566687618e-08,-2.4909762102223407,-3.649368139624354e-08,1.6317715742508732e-07,9.535136916710128e-11,9.213839427535397e-09
HT0.5,TN-P065,N695,interior_applied_load,,104.25,249.0,229.319,3.3162320508548866e-08,-6.132118054803964,9.332998519511794e-08,-1.987202156880503e-07,-4.433237435342557e-11,4.50671884111666e-08
HT0.5,TN-P066,N210,interior_applied_load,,106.802,249.0,115.0,-3.383049795849148e-12,-68.01800971315977,1.0335541437472834e-11,-5.503787521393803e-13,4.4128717337310684e-12,-2.771064892154874e-09
HT0.5,TN-P067,N211,interior_applied_load,,108.75,249.0,115.0,2.380638451359333e-11,-4.618166638532629,9.339858162781541e-11,-7.626363037498281e-14,5.889926630079726e-11,5.834779665413202e-09
HT0.5,TN-P068,N544,interior_applied_load,,116.25,249.0,218.16,-1.8189894035458565e-12,-4.581557218968555,-2.1600499167107046e-12,-8.185452315956354e-12,1.546140993013978e-11,0.0
HT0.5,TN-P069,N212,interior_applied_load,,121.469,249.0,115.0,3.406782200373383e-13,-221.75760907306906,5.392002924609226e-13,8.094052098645399e-14,7.768307858297601e-13,2.135383250489552e-10
HT0.5,TN-P070,N696,interior_applied_load,,122.833,249.0,229.319,1.2625203950811907e-11,-5.224999988258721,-4.275818334060752e-11,-2.864912671551679e-11,-4.326211923742532e-11,-2.5688707208485872e-11
HT0.5,TN-P071,N213,interior_applied_load,,128.156,249.0,115.0,-7.0841576949408106e-12,-70.99751441548436,-3.2519192298433165e-14,3.115368863392867e-13,-2.678425576677314e-12,-1.1276201540901152e-09
HT0.5,TN-P072,N485,interior_applied_load,,128.25,249.0,207.0,-7.450580596923828e-09,-6.570208327844739,0.0,1.1920928955078125e-07,0.0,0.0
HT0.5,TN-P073,N537,interior_applied_load,,128.25,249.0,209.5,0.0,-2.490976208820939,0.0,0.0,0.0,-7.450580596923828e-09
HT0.5,TN-P074,N538,interior_applied_load,,128.25,249.0,227.319,-2.299413347228718e-09,-2.490976212424364,-1.7629176882194564e-08,-8.936299913941959e-08,-5.841822055074473e-11,2.202203887302634e-08
HT0.5,TN-P075,N545,interior_applied_load,,128.25,249.0,229.319,-1.5377902351460855e-09,-10.662997453276912,-3.133222769619339e-07,1.857632077354534e-07,2.7907848551022102e-11,3.988985443447062e-08
HT0.5,TN-P076,N214,interior_applied_load,,136.9,249.0,115.0,-3.4214216631029782e-12,-3.7785000522497616,-1.2279557443423087e-12,8.35258404783489e-13,-9.661601125880989e-12,4.247462266948594e-10
HT0.5,TN-P077,N546,interior_applied_load,,139.75,249.0,218.16,-5.4569682106375694e-12,-4.480201577760454,-1.1368683772161603e-12,1.1823431123048067e-11,2.7284841053187847e-12,-1.3642420526593924e-12
HT0.5,TN-P078,N215,interior_applied_load,,140.156,249.0,115.0,1.769613905574317e-11,-219.6177710389162,6.9603465655338904e-12,4.922878801526519e-13,1.6796166111274368e-11,-2.664950912467095e-10
HT0.5,TN-P079,N216,interior_applied_load,,149.51,249.0,115.0,-4.930377568868315e-12,-72.02282608460958,2.026451591269592e-13,-1.868595498757848e-13,-4.377568483282303e-12,-3.5808101724957195e-10
HT0.5,TN-P080,N697,interior_applied_load,,151.0,249.0,229.319,-6.991929257793572e-11,-5.007291836065567,1.1483499734454838e-08,3.8283234204578555e-12,2.5469319743509633e-08,-2.242798229079579e-08
HT0.5,TN-P081,N486,interior_applied_load,,151.25,249.0,207.0,-3.725290298461914e-09,-5.595100786536932,0.0,0.0,4.656612873077393e-10,0.0
HT0.5,TN-P082,N539,interior_applied_load,,151.25,249.0,209.5,0.0,-2.490976210683584,1.1920928955078125e-07,-1.1920928955078125e-07,0.0,7.450580596923828e-09
HT0.5,TN-P083,N540,interior_applied_load,,151.25,249.0,227.319,-2.962057581157307e-08,-2.4909762084018996,2.75400362167999e-07,3.148422092480452e-08,3.1000946756441483e-11,4.535448488995897e-09
HT0.5,TN-P084,N698,interior_applied_load,,151.25,249.0,229.319,-3.604374101268126e-08,-0.9252604153873606,-9.54884349195495e-08,9.558698328980801e-08,2.816843881758846e-08,-5.352589114038936e-08
HT0.5,TN-P085,N487,interior_applied_load,,152.25,249.0,207.0,1.1454378662890095e-10,-0.1397916859989952,3.634161410187464e-08,2.0558442710145924e-09,5.057703088601428e-08,-3.782736876501027e-08
HT0.5,TN-P086,N475,interior_applied_load,,155.25,249.0,120.0,1.6397301069694486e-13,-11.509154224669278,-1.3232017023300194e-14,-1.9418767082635524e-12,1.246707273279846e-15,4.0095472426722473e-13
HT0.5,TN-P087,N476,interior_applied_load,,155.25,249.0,146.657,-1.5307208867084853e-13,-23.01830844937745,2.0973741055564757e-13,2.2047550482535408e-13,1.1538370503664954e-14,3.620072347666366e-12
HT0.5,TN-P088,N477,interior_applied_load,,155.25,249.0,173.314,1.6294885720130392e-14,-23.01830844937306,9.241387776976602e-13,-1.421785375177298e-12,1.246707273279846e-15,-5.43280234628551e-12
HT0.5,TN-P089,N478,interior_applied_load,,155.25,249.0,199.971,8.255218593357308e-13,-14.543941551224366,1.8826746952634285e-13,3.519674214265638e-12,1.7029149554681595e-13,-5.211602445717328e-12
HT0.5,TN-P090,N479,interior_applied_load,,155.25,249.0,207.0,3.4250370921745895e-11,-11.509154222945254,-9.652262109303173e-08,9.65950005384555e-10,5.993957144236866e-08,-5.118312274005128e-08
HT0.5,TN-P091,N480,interior_applied_load,,155.25,249.0,226.628,0.0,-8.474366895854473,1.1920928955078125e-07,1.1920928955078125e-07,0.0,0.0
HT0.5,TN-P092,N699,interior_applied_load,,155.25,249.0,229.319,0.0,-1.9049478992819786,0.0,0.0,1.1641532182693481e-10,0.0
HT0.5,TN-P093,N217,interior_applied_load,,158.844,249.0,115.0,1.575708044329453e-11,-220.54009244413973,-1.295958570856572e-13,-4.328398625530119e-13,-7.01954740242158e-13,-1.2610084490485643e-09
HT0.5,TN-P094,N522,interior_applied_load,,160.0,249.0,229.319,-6.870556503367542e-13,-8.873232788139694,-1.330557152008116e-10,1.0801751265607873e-11,-8.841671719928386e-11,2.97750476808463e-10
HT0.5,TN-P095,N218,interior_applied_load,,165.05,249.0,115.0,-1.70608244486328e-11,-3.7850598327160982,3.997800861787126e-12,1.3739099620549721e-12,-5.655677176972919e-12,-2.648430190678123e-10
HT0.5,TN-P096,N219,interior_applied_load,,170.865,249.0,115.0,1.696822759521037e-14,-70.06863313984003,-4.178300421760047e-12,-8.247642404570877e-13,-9.782480713564548e-12,-1.0434569395807519e-10
HT0.5,TN-P097,N523,interior_applied_load,,172.85,249.0,206.455,-2.25916787428305e-12,-7.332750335662668,4.193181286014639e-13,3.1290391611294886e-12,-7.818841774284332e-13,2.352256694282705e-12
HT0.5,TN-P098,N220,interior_applied_load,,177.531,249.0,115.0,6.53606146402297e-12,-218.52358046590396,1.572326707995625e-11,3.78065944591122e-13,-5.4966133629187684e-11,1.2006736582055778e-09
HT0.5,TN-P099,N700,interior_applied_load,,179.167,249.0,229.319,-2.6837470338336045e-11,-4.354166700886785,-1.0708895482298618e-08,1.7423901428043982e-12,5.199273193936409e-09,-3.8941970307449475e-09
HT0.5,TN-P100,N221,interior_applied_load,,180.0,249.0,115.0,9.327306926820711e-09,-4.6247265632115315,3.348687993565136e-09,8.378508775663818e-09,-2.5520303489725e-10,-3.012449756312208e-08
HT0.5,TN-P101,N498,interior_applied_load,,180.0,249.0,117.5,1.568831464737741e-08,-3.8379523712224333,-7.47512984844434e-09,1.2600480658875313e-08,7.624478826073755e-11,2.0595393834810238e-08
HT0.5,TN-P102,N499,interior_applied_load,,180.0,249.0,144.955,-1.1368683772161603e-13,-7.67590477156773,-2.842170943040401e-14,3.410605131648481e-13,0.0,1.3642420526593924e-12
HT0.5,TN-P103,N500,interior_applied_load,,180.0,249.0,172.41,5.684341886080802e-14,-7.67590477156773,0.0,-2.2737367544323206e-13,-9.110679641792096e-16,-3.637978807091713e-12
HT0.5,TN-P104,N501,interior_applied_load,,180.0,249.0,199.864,-1.0408109663612782e-13,-7.675904771561093,-7.065111445485158e-14,2.999766764268144e-12,1.0071973610841891e-14,-2.555890631447518e-12
HT0.5,TN-P105,N502,interior_applied_load,,180.0,249.0,227.319,2.9637190762654697e-07,-3.8379523969175784,2.1824352738897268e-07,5.248544136526867e-07,-2.5655987951435324e-11,-2.857464754812966e-07
HT0.5,TN-P106,N701,interior_applied_load,,180.0,249.0,229.319,-1.9540943314862602e-07,-6.132118047488847,-4.150965723407261e-07,5.503754233908974e-08,8.548519727623331e-09,-3.6457813272849884e-07
HT0.5,TN-P107,N524,interior_applied_load,,185.7,249.0,183.592,-1.1217683847106713e-12,-7.332750335671811,2.1478009959953803e-14,5.398572557032735e-12,2.1108951939080215e-12,5.521735584327283e-13
HT0.5,TN-P108,N222,interior_applied_load,,192.219,249.0,115.0,2.608819240121703e-11,-70.29494954577727,-1.164478765531521e-09,-1.058992667453376e-12,5.33332713562822e-10,8.408642279718514e-10
HT0.5,TN-P109,N223,interior_applied_load,,193.2,249.0,115.0,1.8256782997093295e-11,-1.2594999584536508,-5.714349156544415e-10,-3.945771162242614e-12,-3.958857742600585e-11,9.747260221805713e-11
HT0.5,TN-P110,N224,interior_applied_load,,196.219,249.0,115.0,1.1881656017702226e-11,-222.06198827445735,-6.574041372842909e-12,1.5116464834853584e-12,-4.942199907322928e-11,-1.7833313447432173e-10
HT0.5,TN-P111,N525,interior_applied_load,,198.55,249.0,160.728,9.227500235052783e-13,-7.3327503356680825,2.8929226119019885e-13,-3.6275701056908957e-12,-3.639689436124401e-12,2.1003980936487755e-12
HT0.5,TN-P112,N702,interior_applied_load,,207.333,249.0,229.319,5.866644268083556e-12,-9.633593749020244,-1.1429013525764074e-11,-2.1889019765110146e-12,1.5493111014688759e-12,-7.264024294364524e-11
HT0.5,TN-P113,N526,interior_applied_load,,211.4,249.0,137.864,0.0,-7.332750335664969,-1.9895196601282805e-13,-1.8189894035458565e-12,-1.1368683772161603e-13,-1.1937117960769683e-12
HT0.5,TN-P114,N225,interior_applied_load,,213.573,249.0,115.0,-4.4598045523899864e-11,-72.02282608434389,-5.432787391992894e-10,5.718048964230429e-12,-2.5251790416588746e-10,-5.941632014885822e-11
HT0.5,TN-P115,N226,interior_applied_load,,214.906,249.0,115.0,1.2947310088496172e-11,-218.0958752080979,6.60665158833992e-10,-3.4479061158453314e-12,1.3630752715177099e-11,-3.057632087561484e-10
HT0.5,TN-P116,N227,interior_applied_load,,221.35,249.0,115.0,-4.461557995558811e-11,-2.9421133180587233,-1.760848143503423e-10,7.180730580137503e-12,-2.3624986060005944e-12,-1.2978374144574343e-10
HT0.5,TN-P117,N228,interface_action,N2; T-E,224.25,249.0,115.0,-277.2913026511669,2318.9132583308965,-197.14870631694794,416.5578818321228,-204.6409528409131,-2324.7132825553417
HT0.5,TN-P118,N503,interface_action,T-E,224.25,249.0,117.5,491.5930979549885,-851.0058024916798,184.10442966222763,-1411.7847555875778,-940.6338729490526,5079.221853762865
HT0.5,TN-P119,N186,interface_action,T-E,224.25,249.0,120.0,-1.9905413021770073,586.1814554754965,-2.830989747599233,-178.7765853527526,-54.58814336004889,187.81545207959425
HT0.5,TN-P120,N504,interior_applied_load,,224.25,249.0,144.955,0.0,-7.675904771575006,-4.973799150320701e-14,-2.2737367544323206e-13,0.0,1.1368683772161603e-13
HT0.5,TN-P121,N505,interior_applied_load,,224.25,249.0,172.41,3.4506845693529537e-15,-7.6759047715735,2.4223135870948894e-15,6.611383787419465e-14,2.5788085245632897e-14,-1.3033122517941286e-13
HT0.5,TN-P122,N506,interior_applied_load,,224.25,249.0,199.864,-9.647660866455561e-15,-7.675904771571034,5.402534565746197e-14,2.793767767438854e-12,8.302705361729218e-15,1.62860914815741e-13
HT0.5,TN-P123,N507,interior_applied_load,,224.25,249.0,227.319,5.66073621263187e-08,-3.8379523834659066,6.566476878355765e-07,1.695671482671024e-06,2.069532746541502e-11,-8.13454807185518e-08
HT0.5,TN-P124,N527,interface_action,N2; T-E top / segment 4,224.25,249.0,229.319,-49.95051065820717,-217.17118485958036,1.6489195061546948,-422.5619997937354,-140.21235352446524,-9109.227260636075
HT0.5,TN-P125,N528,interior_applied_load,,230.312,249.0,200.739,-1.8631619261226066e-13,-8.168231420223275,2.4954265081733862e-14,2.3490590595095288e-12,-1.759460736070286e-12,-3.3056231892223934e-13
HT0.5,TN-P126,N703,interior_applied_load,,235.5,249.0,229.319,2.685263111789243e-12,-5.353587052509202,1.0459772007510691e-11,-2.0570735541834564e-11,3.8763354917082163e-11,-3.9232771672622594e-11
HT0.5,TN-P127,N529,interior_applied_load,,236.375,249.0,172.16,1.1239563503795302e-12,-8.168231420221499,5.368577437446038e-15,1.7704899687276258e-12,2.529230818734661e-13,-1.0313758851583485e-12
HT0.5,TN-P128,N530,interior_applied_load,,242.438,249.0,143.58,-1.3642420526593924e-12,-8.168231420211669,-8.526512829121202e-13,4.092726157978177e-12,1.5916157281026244e-12,-4.547473508864641e-13
HT0.5,TN-P129,N229,interior_applied_load,,248.5,249.0,115.0,2.9802322387695312e-08,-12.034709444269538,0.0,-1.1920928955078125e-07,-2.3283064365386963e-09,0.0
HT0.5,TN-P130,N508,interior_applied_load,,248.5,249.0,117.5,2.9802322387695312e-08,-3.725215405225754,2.384185791015625e-07,0.0,0.0,-5.960464477539063e-08
HT0.5,TN-P131,N509,interior_applied_load,,248.5,249.0,144.148,7.229156141495879e-14,-7.450430807087763,4.690367992608274e-13,7.343001523355771e-13,-1.163580036587673e-14,1.8771864818972165e-14
HT0.5,TN-P132,N510,interior_applied_load,,248.5,249.0,170.797,3.0964089479697245e-14,-7.450430807086722,1.925033414976698e-14,3.359547854710647e-11,-1.459173167466443e-14,-1.670643480456921e-12
HT0.5,TN-P133,N511,interior_applied_load,,248.5,249.0,197.445,-8.33307575060723e-15,-7.450430807086543,-4.926757934010703e-13,-9.361368199981996e-12,2.0026566933529524e-14,-2.517999734813109e-12
HT0.5,TN-P134,N512,interior_applied_load,,248.5,249.0,224.093,-2.8614028490945894e-08,-3.7252154007576546,-2.5295893418821545e-09,-7.639162337803568e-08,1.7597972922574197e-12,-2.4840516957574878e-08
HT0.5,TN-P135,N704,interior_applied_load,,248.5,249.0,226.324,4.286224236331816e-08,-3.127781262867609,1.4461153472443713e-07,1.2584526045216796e-07,-1.2902346269354447e-09,3.0760368774063676e-08
HT0.5,TN-P136,N230,interior_applied_load,,249.5,249.0,115.0,2.3688828676426965e-12,-0.31487501090619185,-8.833007103525858e-09,1.910803112958881e-12,-4.239454343135662e-09,4.4835226156725305e-10
HT0.5,TN-P137,N705,interior_applied_load,,249.5,249.0,226.093,-2.140393100615198e-11,-0.22341294562025935,-3.0505033828843853e-09,8.528019243479848e-11,-1.763401800169479e-09,-3.0671227839630554e-10
HT0.75,TN-P001,N148,interface_action,BR-N-upper-1; T-W / B-WO; W4,-32.0,249.0,115.0,-110.29332700821539,212.6402030222329,56.03488183537637,311.85933957042164,-2653.01827021999,-2541.7874811176557
HT0.75,TN-P002,N628,interface_action,BR-N-upper-2; T-W top / segment 2; W4,-32.0,249.0,226.093,138.24767369832063,113.43484916452309,-12.053387176773356,196.7509617315302,195.68261471459803,1303.2812592314867
HT0.75,TN-P003,N189,interior_applied_load,,-31.0,249.0,115.0,3.078831412040017e-08,-7.501450308278031,-3.3448415592829406e-08,-8.610300028522033e-09,-2.605602844596433e-09,-4.1870180211844854e-08
HT0.75,TN-P004,N488,interior_applied_load,,-31.0,249.0,117.5,1.2233800503977491e-08,-3.7252154038958913,1.0584357541542581e-08,-1.3457275486453713e-08,6.395191766649541e-10,-3.6274814585467214e-08
HT0.75,TN-P005,N489,interior_applied_load,,-31.0,249.0,144.148,2.0679242162108096e-14,-7.450430807086362,1.0243594210468297e-14,6.161253271221745e-13,-2.4902004194898366e-15,5.411615537355365e-13
HT0.75,TN-P006,N490,interior_applied_load,,-31.0,249.0,170.797,1.9490559308290645e-14,-7.450430807086052,3.07652516227795e-14,-1.5702358042793547e-13,3.0564673600180916e-14,-4.590030710228441e-13
HT0.75,TN-P007,N491,interior_applied_load,,-31.0,249.0,197.445,4.7650862888643795e-14,-7.4504308070859535,-1.4856477020236624e-13,-9.868741969136908e-13,9.286104087947595e-15,-1.1756452214182415e-12
HT0.75,TN-P008,N492,interior_applied_load,,-31.0,249.0,224.093,-2.9802322387695312e-08,-3.7252154035959393,2.384185791015625e-07,0.0,2.3283064365386963e-10,-2.9802322387695312e-08
HT0.75,TN-P009,N686,interior_applied_load,,-31.0,249.0,226.324,2.9802322387695312e-08,-3.127781259128824,2.384185791015625e-07,-2.384185791015625e-07,1.3271346688270569e-08,5.960464477539063e-08
HT0.75,TN-P010,N513,interior_applied_load,,-23.25,249.0,143.58,5.400124791776761e-13,-8.279007407833632,-5.684341886080802e-14,3.410605131648481e-12,-1.8189894035458565e-12,4.092726157978177e-12
HT0.75,TN-P011,N190,interior_applied_load,,-21.323,249.0,115.0,4.402609712988018e-12,-74.6874557753866,4.514587240875604e-13,1.1027165552851106e-14,-1.5487563559163258e-12,-9.19037046004499e-13
HT0.75,TN-P012,N687,interior_applied_load,,-18.0,249.0,229.319,1.1877765746452397e-12,-6.823118306104711,4.8259326855783425e-12,1.2044529058059112e-11,-9.79776472193783e-12,-2.452796497007643e-11
HT0.75,TN-P013,N514,interior_applied_load,,-15.5,249.0,172.16,-1.3817670157568164e-13,-8.27900740783616,-1.836538335094164e-13,-1.5831885385107186e-12,1.5750917801418485e-12,3.814299646219133e-12
HT0.75,TN-P014,N515,interior_applied_load,,-7.75,249.0,200.739,4.625756377717388e-13,-8.279007407834532,1.8234452717548402e-13,-4.2229020571414994e-12,4.25628117721205e-13,3.6277964679797084e-12
HT0.75,TN-P015,N191,interior_applied_load,,-3.85,249.0,115.0,-9.96458224932557e-12,-6.714053410442125,4.179177534738942e-12,-1.9641140545866379e-13,-1.1964172878396954e-11,-1.6026585090149844e-11
HT0.75,TN-P016,N192,interior_applied_load,,0.0,249.0,115.0,6.635428206891447e-09,-1.2220858860955528,7.628806728998683e-06,1.0841256115057263e-08,8.34811298111645e-09,-1.1146746636825355e-07
HT0.75,TN-P017,N493,interior_applied_load,,0.0,249.0,117.5,6.0598058436413645e-09,-3.8379523855423323,-1.5626318950149203e-09,4.9665818842727925e-09,1.626859474664807e-12,-1.765478533517158e-09
HT0.75,TN-P018,N494,interior_applied_load,,0.0,249.0,144.955,-2.883841453038504e-14,-7.6759047715693365,2.98950770621451e-14,-7.53170767180865e-14,-7.65309383981934e-15,-2.5864938963177244e-13
HT0.75,TN-P019,N495,interior_applied_load,,0.0,249.0,172.41,-1.0877908004624667e-14,-7.675904771569638,3.4268688486448526e-14,-3.2653571424578673e-13,7.482907834220764e-15,2.614409440479293e-12
HT0.75,TN-P020,N496,interior_applied_load,,0.0,249.0,199.864,3.4168380008140485e-14,-7.675904771569748,-3.303904332746129e-15,1.8336071592184253e-12,-1.08798275698343e-14,-4.911796479332005e-13
HT0.75,TN-P021,N497,interior_applied_load,,0.0,249.0,227.319,0.0,-3.837952386587858,0.0,0.0,-2.3283064365386963e-10,2.9802322387695312e-08
HT0.75,TN-P022,N516,interior_applied_load,,-0.0,249.0,229.319,-2.9802322387695312e-08,-10.271621759515256,0.0,0.0,0.0,0.0
HT0.75,TN-P023,N193,interior_applied_load,,0.031,249.0,115.0,2.0163650099635805e-09,-66.45350409482246,-5.999237946654865e-06,-3.3043434934277766e-10,2.1064535793239745e-07,5.10812202133212e-07
HT0.75,TN-P024,N194,interior_applied_load,,1.0,249.0,115.0,-1.411422090313863e-10,-6.398755047596524,3.1040570114271304e-10,4.2376768760732375e-11,-6.3806737671257e-12,-2.8330759960226715e-10
HT0.75,TN-P025,N195,interior_applied_load,,9.344,249.0,115.0,4.234460473453704e-12,-222.06592412575165,2.570361734445126e-13,1.3016997121444577e-14,3.504175710305604e-12,-1.260188057997812e-11
HT0.75,TN-P026,N688,interior_applied_load,,10.167,249.0,229.319,3.130341281934855e-12,-8.345486119928282,2.0203229736113497e-12,-4.0349035529435127e-14,-5.196727427608322e-12,2.4228222348252655e-14
HT0.75,TN-P027,N517,interior_applied_load,,10.6,249.0,137.864,5.684341886080801e-13,-6.932963248242459,-7.993605777301127e-15,4.263256414560601e-13,-9.237055564881302e-14,-1.1368683772161603e-12
HT0.75,TN-P028,N518,interior_applied_load,,20.2,249.0,160.728,-5.918990681528907e-13,-6.9329632482426184,-1.1679564415618362e-14,2.519611871788317e-13,-2.552883423163582e-13,-4.4578848165065833e-13
HT0.75,TN-P029,N196,interior_applied_load,,21.385,249.0,115.0,4.582841595641263e-12,-70.84794878933812,-2.9063065472112696e-12,-1.4875061412979279e-13,6.073385680519168e-13,-3.056095493925643e-11
HT0.75,TN-P030,N197,interior_applied_load,,24.3,249.0,115.0,2.048272719448595e-11,-2.0926068445823263,-8.71960923446059e-12,-4.0415913897550823e-13,-3.451283798251852e-12,1.9372314242163627e-11
HT0.75,TN-P031,N198,interior_applied_load,,28.031,249.0,115.0,-7.98406382875983e-12,-221.45322996005953,-3.033314705810988e-12,-3.825685224999236e-14,3.5313666515669953e-12,-4.0421278785878104e-11
HT0.75,TN-P032,N519,interior_applied_load,,29.8,249.0,183.592,4.0688467856994744e-13,-6.9329632482403385,-2.400063108009987e-14,1.2571099545023857e-12,-9.9126225648857e-14,9.059054996726802e-13
HT0.75,TN-P033,N689,interior_applied_load,,38.333,249.0,229.319,3.6242562369573707e-12,-8.454340290948906,-1.189878212124262e-13,2.6744370231529493e-14,-2.8549919574143575e-12,-1.115281564019373e-12
HT0.75,TN-P034,N520,interior_applied_load,,39.4,249.0,206.455,-3.01897957870069e-13,-6.932963248242131,7.889548234552976e-14,1.2662775997986182e-13,2.5886189831282892e-12,-2.3272366990305245e-13
HT0.75,TN-P035,N199,interior_applied_load,,42.74,249.0,115.0,8.386497776102808e-12,-72.0228260845881,2.2150653173241245e-12,2.5470349192693585e-13,-2.1943982372423e-11,-1.461252948796542e-11
HT0.75,TN-P036,N200,interior_applied_load,,46.719,249.0,115.0,-3.8242207095244125e-12,-218.0119085501891,-1.764533444050456e-11,1.0254321210798255e-14,-1.4172818568951013e-11,3.5423793392853196e-12
HT0.75,TN-P037,N521,interior_applied_load,,49.0,249.0,229.319,3.694833328182767e-11,-6.06083924993316,-1.938505758691811e-09,1.2574781332431563e-11,1.3049011697574553e-09,4.4156096314085236e-11
HT0.75,TN-P038,N201,interface_action,BR-N-upper-2,50.25,249.0,115.0,-135.5722927827583,143.34505142701113,-1.1198927011160975,-113.31095550372872,-126.70464565005535,476.6318425986106
HT0.75,TN-P039,N690,interface_action,BR-N-upper-1,50.25,249.0,229.319,375.3400550222127,460.0705993300566,8.362119635616747,-393.4414139729005,100.27563579745708,1057.145686776386
HT0.75,TN-P040,N202,interior_applied_load,,52.45,249.0,115.0,-2.404003014410909e-10,-0.944624945548001,-6.812152899679446e-10,-1.3420096780082192e-10,3.42854325808258e-10,4.107415394655279e-10
HT0.75,TN-P041,N203,interface_action,N1 / U-W,53.25,249.0,115.0,-659.4409037681437,1389.029424798511,-41.29191771600513,335.0708766579218,-2120.694261627152,18996.655356147472
HT0.75,TN-P042,N691,interface_action,N1 / U-W,53.25,249.0,229.319,-405.75528225558503,-326.9388452770726,10.321769930933229,455.5896695483201,-210.76153709501764,-1913.1905676033712
HT0.75,TN-P043,N481,interface_action,N1 / U-W,56.25,249.0,207.0,635.5282150378649,288.0002699847599,-6.243087958361609,-39.01328200448497,-51.82955356124765,599.4029179940086
HT0.75,TN-P044,N482,interior_applied_load,,57.25,249.0,207.0,1.4901161193847656e-08,-5.595100788865238,5.960464477539063e-08,0.0,-1.0186340659856796e-10,-2.9802322387695312e-08
HT0.75,TN-P045,N531,interior_applied_load,,57.25,249.0,209.5,0.0,-2.490976210217923,-1.1920928955078125e-07,-5.960464477539063e-08,1.4551915228366852e-11,0.0
HT0.75,TN-P046,N532,interior_applied_load,,57.25,249.0,227.319,-3.107369749358324e-08,-2.490976209924248,2.2655298165252802e-08,7.905434890043139e-08,1.0312502041601082e-11,2.4751529485722568e-08
HT0.75,TN-P047,N692,interior_applied_load,,57.25,249.0,229.319,4.9427623845780874e-08,-2.8846354039043396,-1.682417166571393e-07,1.0895486093007317e-07,-1.1369279666709421e-09,4.420457995338566e-08
HT0.75,TN-P048,N204,interior_applied_load,,64.094,249.0,115.0,1.2187518721723622e-11,-69.96629879036038,-4.896174276572618e-11,3.5045587175087953e-13,2.068692674158119e-12,-1.6583096282360808e-09
HT0.75,TN-P049,N205,interior_applied_load,,65.406,249.0,115.0,4.235643309717231e-11,-220.84447155628905,1.5578509689352598e-11,7.070860511029947e-13,1.9863852388708533e-11,1.3817738976724057e-10
HT0.75,TN-P050,N693,interior_applied_load,,66.5,249.0,229.319,3.5562193144109827e-13,-5.0072916645972265,9.075056001306633e-13,3.555440053061122e-14,-5.648326741514857e-12,-4.2509175139664854e-12
HT0.75,TN-P051,N541,interior_applied_load,,68.75,249.0,218.16,-2.5295321393059567e-12,-4.480201577769009,-2.2737367544323206e-13,-1.8189894035458565e-12,-9.094947017729282e-13,2.2737367544323206e-13
HT0.75,TN-P052,N483,interior_applied_load,,80.25,249.0,207.0,0.0,-6.570208327844739,0.0,-1.1920928955078125e-07,0.0,0.0
HT0.75,TN-P053,N533,interior_applied_load,,80.25,249.0,209.5,0.0,-2.490976211614907,1.1920928955078125e-07,-5.960464477539063e-08,0.0,-1.4901161193847656e-08
HT0.75,TN-P054,N534,interior_applied_load,,80.25,249.0,227.319,7.430550008624692e-09,-2.4909762108185434,-1.1720471350396e-08,-1.1274265764027458e-07,-3.327632856482406e-12,-1.1472958028058144e-08
HT0.75,TN-P055,N542,interior_applied_load,,80.25,249.0,229.319,-3.2025479171867175e-08,-10.662997453681228,6.964779797421242e-08,-3.0319212292312225e-08,1.0204433536558523e-10,1.5837678186804526e-08
HT0.75,TN-P056,N206,interior_applied_load,,80.6,249.0,115.0,-2.4127656803371833e-12,-5.884226546949086,1.4518986688273686e-12,-6.77767675119522e-13,1.433051456991735e-13,1.1096542731920808e-10
HT0.75,TN-P057,N207,interior_applied_load,,84.094,249.0,115.0,-1.799493452429796e-11,-217.17355388672493,-4.001024549915787e-13,9.35828686791265e-13,-1.0624017283398796e-11,2.196767594176478e-09
HT0.75,TN-P058,N208,interior_applied_load,,85.448,249.0,115.0,-1.1163840019638977e-11,-72.02282608847274,-2.1476053299121947e-11,3.3298993636682965e-13,-8.460605757479877e-11,-3.7688101612040774e-09
HT0.75,TN-P059,N543,interior_applied_load,,92.25,249.0,218.16,7.275957614183426e-12,-4.581557218968555,2.0463630789890885e-12,-3.637978807091713e-12,9.094947017729282e-12,1.8189894035458565e-12
HT0.75,TN-P060,N694,interior_applied_load,,94.667,249.0,229.319,7.387217068034764e-12,-5.225000043434197,7.45597313264289e-12,6.7785283266355276e-12,1.588839032177267e-10,4.114462135345592e-11
HT0.75,TN-P061,N209,interior_applied_load,,102.781,249.0,115.0,2.4701020209475965e-11,-222.37095933152412,-6.12830083136341e-12,1.1497126504791034e-14,9.815295142012083e-12,-1.020742954093083e-09
HT0.75,TN-P062,N484,interior_applied_load,,104.25,249.0,207.0,0.0,-11.291557218879461,5.960464477539063e-08,-2.384185791015625e-07,-1.30385160446167e-08,2.2351741790771484e-08
HT0.75,TN-P063,N535,interior_applied_load,,104.25,249.0,209.5,-7.450580596923828e-09,-2.490976210683584,1.7881393432617188e-07,0.0,3.725290298461914e-09,7.450580596923828e-09
HT0.75,TN-P064,N536,interior_applied_load,,104.25,249.0,227.319,-3.345144996419469e-08,-2.490976208890108,-2.2183833525701857e-07,-1.6217250298211638e-07,2.2898500085373653e-11,2.6957579515873853e-08
HT0.75,TN-P065,N695,interior_applied_load,,104.25,249.0,229.319,1.6872549995551952e-08,-6.13211805437178,1.65066601944757e-07,-1.6749763877047244e-07,-4.9336959335976024e-11,2.930776120387599e-08
HT0.75,TN-P066,N210,interior_applied_load,,106.802,249.0,115.0,1.8243692802744617e-11,-68.01800971364173,2.145982052200905e-11,-1.1080201380724692e-12,2.8407614328941936e-11,3.2325743301732846e-09
HT0.75,TN-P067,N211,interior_applied_load,,108.75,249.0,115.0,5.588713809449362e-12,-4.6181666399217605,1.0526483644091887e-10,5.730703873243432e-13,5.7229971822808086e-11,6.98137605786512e-09
HT0.75,TN-P068,N544,interior_applied_load,,116.25,249.0,218.16,-5.4569682106375694e-12,-4.581557218971284,2.1600499167107046e-12,1.4551915228366852e-11,-8.185452315956354e-12,1.8189894035458565e-12
HT0.75,TN-P069,N212,interior_applied_load,,121.469,249.0,115.0,-5.020018979016635e-12,-221.75760907286008,-3.113139853965335e-13,1.2576858011601315e-13,3.0175767231037958e-12,6.399673837635669e-10
HT0.75,TN-P070,N696,interior_applied_load,,122.833,249.0,229.319,5.342923453851814e-12,-5.2249999882350355,1.2181484011601092e-11,-3.169713482440409e-11,-4.067009216330858e-11,1.3148022936736763e-10
HT0.75,TN-P071,N213,interior_applied_load,,128.156,249.0,115.0,-4.6054567401011104e-12,-70.99751441544869,1.201350289469997e-12,3.821533361653655e-13,-6.783723999631912e-12,7.854405937839794e-10
HT0.75,TN-P072,N485,interior_applied_load,,128.25,249.0,207.0,-7.450580596923828e-09,-6.570208325982094,0.0,1.1920928955078125e-07,1.1641532182693481e-10,-7.450580596923828e-09
HT0.75,TN-P073,N537,interior_applied_load,,128.25,249.0,209.5,0.0,-2.490976210683584,0.0,-1.1920928955078125e-07,-1.1641532182693481e-10,0.0
HT0.75,TN-P074,N538,interior_applied_load,,128.25,249.0,227.319,2.7967571564202487e-08,-2.490976214307147,3.6649657642051636e-08,2.4236258755472306e-07,-1.3696871665281022e-10,1.8297414416945657e-08
HT0.75,TN-P075,N545,interior_applied_load,,128.25,249.0,229.319,-1.437276692592579e-09,-10.662997454753468,-4.3068035403980965e-07,5.085884059876344e-07,-3.6613439887229005e-10,9.583136742261888e-08
HT0.75,TN-P076,N214,interior_applied_load,,136.9,249.0,115.0,3.9808809404011975e-12,-3.7785000515148712,6.7074377631318875e-12,1.2450106355180637e-12,-6.155366780058891e-12,3.4005919591894265e-10
HT0.75,TN-P077,N546,interior_applied_load,,139.75,249.0,218.16,3.637978807091713e-12,-4.480201577773187,-1.5916157281026244e-12,6.366462912410498e-12,0.0,-2.2737367544323206e-12
HT0.75,TN-P078,N215,interior_applied_load,,140.156,249.0,115.0,1.8092191298382413e-11,-219.6177710397332,5.564681287157045e-13,3.8786730111886124e-14,2.437360570936014e-11,1.425018312070992e-09
HT0.75,TN-P079,N216,interior_applied_load,,149.51,249.0,115.0,1.4472119038849234e-12,-72.02282608448662,3.723090923517971e-13,1.7399697840725038e-13,-3.2883408882046963e-12,-7.917391921560267e-10
HT0.75,TN-P080,N697,interior_applied_load,,151.0,249.0,229.319,-3.961120320639111e-11,-5.00729164330726,-1.8461856418627853e-08,-8.739979834549271e-12,3.311614408044172e-08,1.0656100148109804e-08
HT0.75,TN-P081,N486,interior_applied_load,,151.25,249.0,207.0,3.725290298461914e-09,-5.595100797712803,1.1920928955078125e-07,0.0,2.3283064365386963e-10,-7.450580596923828e-09
HT0.75,TN-P082,N539,interior_applied_load,,151.25,249.0,209.5,-3.725290298461914e-09,-2.490976210683584,0.0,0.0,-4.656612873077393e-10,-3.725290298461914e-09
HT0.75,TN-P083,N540,interior_applied_load,,151.25,249.0,227.319,-1.5512089598934686e-09,-2.490976214120084,2.932709318170801e-07,-8.7561301542749e-09,-1.1092769043322199e-10,-3.5597881961613176e-08
HT0.75,TN-P084,N698,interior_applied_load,,151.25,249.0,229.319,-6.839452088014397e-09,-0.9252604795792476,3.7707256336761384e-08,-6.308609308805778e-08,2.9333851618140033e-08,-4.8587609231993956e-08
HT0.75,TN-P085,N487,interior_applied_load,,152.25,249.0,207.0,-2.3922281485361302e-11,-0.13979169595381702,-6.230666792936435e-08,7.166316229858202e-09,3.305987725272019e-08,-2.0704492099527393e-08
HT0.75,TN-P086,N475,interior_applied_load,,155.25,249.0,120.0,7.027779946508972e-14,-11.509154224674532,7.943549258327612e-15,-1.0672895630460714e-12,4.213427032766356e-14,-4.4404858549019527e-13
HT0.75,TN-P087,N476,interior_applied_load,,155.25,249.0,146.657,-6.852602989836381e-14,-23.018308449375045,1.4208503335748234e-14,-5.189049525410952e-12,9.667325553523925e-15,1.6675328659903683e-12
HT0.75,TN-P088,N477,interior_applied_load,,155.25,249.0,173.314,-2.055690665091673e-14,-23.018308449371037,7.382627808918871e-13,-9.260192446115079e-12,4.213427032766356e-14,-3.0945741998376806e-12
HT0.75,TN-P089,N478,interior_applied_load,,155.25,249.0,199.971,5.645820151492697e-13,-14.543941551208492,9.724459581738058e-12,2.7982963886136723e-11,4.414264830073394e-13,-4.448319564376414e-12
HT0.75,TN-P090,N479,interior_applied_load,,155.25,249.0,207.0,-2.49229380503812e-11,-11.50915421465402,-5.8173217199820605e-08,-4.165378863229247e-09,2.4714491940956983e-08,-1.0836879340051807e-07
HT0.75,TN-P091,N480,interior_applied_load,,155.25,249.0,226.628,0.0,-8.474366895854473,0.0,0.0,2.3283064365386963e-10,2.9802322387695312e-08
HT0.75,TN-P092,N699,interior_applied_load,,155.25,249.0,229.319,0.0,-1.9049478992819786,0.0,1.1920928955078125e-07,0.0,1.4901161193847656e-08
HT0.75,TN-P093,N217,interior_applied_load,,158.844,249.0,115.0,1.326106429372732e-11,-220.54009244396124,1.4606592930523274e-12,-6.389694686057429e-13,-3.538323900091171e-12,-3.588683470195197e-10
HT0.75,TN-P094,N522,interior_applied_load,,160.0,249.0,229.319,3.677667070012459e-12,-8.873232788154164,-1.3203272738338556e-10,-2.923695677883817e-11,-1.995948803937447e-10,3.6415089350627925e-10
HT0.75,TN-P095,N218,interior_applied_load,,165.05,249.0,115.0,-9.071144871791124e-12,-3.785059832746862,3.322756032304533e-12,3.4338832810551194e-13,-3.294639808957722e-13,3.174307415182884e-10
HT0.75,TN-P096,N219,interior_applied_load,,170.865,249.0,115.0,-4.38454742545057e-12,-70.06863313995308,-3.2700355811693868e-12,7.952106767420337e-13,6.108544344723228e-13,4.727591239746191e-10
HT0.75,TN-P097,N523,interior_applied_load,,172.85,249.0,206.455,9.513397067138854e-13,-7.332750335665993,-1.853193384237012e-13,-1.0819627959143473e-13,-1.327491708382459e-12,1.8336494388575916e-12
HT0.75,TN-P098,N220,interior_applied_load,,177.531,249.0,115.0,7.565103274333994e-12,-218.5235804658749,9.873052756745484e-11,4.916176256721191e-13,-1.702212741199948e-10,2.600310202967544e-09
HT0.75,TN-P099,N700,interior_applied_load,,179.167,249.0,229.319,4.334104234369132e-12,-4.354166687210146,-3.393476546533628e-09,1.3405743250613696e-12,4.2996935380005033e-10,-3.792304541420857e-10
HT0.75,TN-P100,N221,interior_applied_load,,180.0,249.0,115.0,-8.118362870845885e-09,-4.624726567843453,1.027957008403746e-08,5.461899821312954e-09,-1.6666259120601644e-10,9.248829258012847e-09
HT0.75,TN-P101,N498,interior_applied_load,,180.0,249.0,117.5,3.422091765514779e-08,-3.8379523719877797,3.5212366356063285e-10,-7.347182418016018e-09,5.639932965095795e-11,3.565037332009524e-08
HT0.75,TN-P102,N499,interior_applied_load,,180.0,249.0,144.955,0.0,-7.675904771575006,2.842170943040401e-14,-5.684341886080802e-14,0.0,-4.547473508864641e-13
HT0.75,TN-P103,N500,interior_applied_load,,180.0,249.0,172.41,-5.684341886080802e-14,-7.675904771553178,-5.684341886080802e-14,-4.547473508864641e-13,-2.8556271804761942e-15,-5.4569682106375694e-12
HT0.75,TN-P104,N501,interior_applied_load,,180.0,249.0,199.864,-1.2118593156173646e-13,-7.67590477156992,-4.6596829263043594e-14,2.023340696038235e-12,1.0165239036784705e-15,-3.1657161403826547e-12
HT0.75,TN-P105,N502,interior_applied_load,,180.0,249.0,227.319,3.694851113955622e-08,-3.8379524000402183,4.7491964129398045e-07,8.22631693070397e-07,1.2653813916369408e-10,-4.077526538637244e-08
HT0.75,TN-P106,N701,interior_applied_load,,180.0,249.0,229.319,5.673275463850131e-08,-6.132118063699904,-2.5346118221705626e-07,3.2838314822235114e-07,5.622264901458142e-09,-8.816811044280459e-08
HT0.75,TN-P107,N524,interior_applied_load,,185.7,249.0,183.592,-1.1755111337613467e-12,-7.332750335665863,8.14356753337974e-14,1.861683260520288e-12,1.0056939404837846e-12,3.9634986184847207e-13
HT0.75,TN-P108,N222,interior_applied_load,,192.219,249.0,115.0,3.5668508654653235e-11,-70.29494954497159,-2.738333489708039e-10,-8.623685157165282e-13,-1.1824302326367436e-10,1.7992152787958922e-09
HT0.75,TN-P109,N223,interior_applied_load,,193.2,249.0,115.0,2.9745795902216825e-12,-1.2594999592461849,2.400123717404133e-10,-4.577551067295545e-12,-2.0385252325831376e-10,-2.6632734333115067e-10
HT0.75,TN-P110,N224,interior_applied_load,,196.219,249.0,115.0,3.524652646560802e-11,-222.06198827430222,-2.0477525930540255e-11,1.4337945549212871e-12,-3.131222814161131e-11,-2.3698487179850936e-11
HT0.75,TN-P111,N525,interior_applied_load,,198.55,249.0,160.728,-1.2043828164225797e-12,-7.332750335662396,4.6281984272980964e-14,1.6967136443892683e-12,-1.0348160945648161e-13,2.7234085699759117e-12
HT0.75,TN-P112,N702,interior_applied_load,,207.333,249.0,229.319,3.058516694903015e-13,-9.633593749019816,-1.6293359033407046e-11,-1.445339403890867e-12,2.0987125871840906e-11,-4.354894096624215e-11
HT0.75,TN-P113,N526,interior_applied_load,,211.4,249.0,137.864,1.8189894035458565e-12,-7.3327503356722445,2.7000623958883807e-13,-4.320099833421409e-12,1.0231815394945443e-12,-3.0269120543380268e-12
HT0.75,TN-P114,N225,interior_applied_load,,213.573,249.0,115.0,-1.921763612883433e-11,-72.0228260836813,-2.597774119835027e-10,5.349208847842003e-12,-2.122943344477027e-10,7.234367404921965e-10
HT0.75,TN-P115,N226,interior_applied_load,,214.906,249.0,115.0,1.797259423329543e-11,-218.09587520881468,1.673682069001109e-10,4.0697061088587435e-13,-1.1501237299001858e-10,2.2785677557395768e-10
HT0.75,TN-P116,N227,interior_applied_load,,221.35,249.0,115.0,-2.151762897748474e-11,-2.942113317966395,1.9077064518093426e-10,-3.4322551958426947e-12,-4.037135824661977e-10,1.7458132860692974e-10
HT0.75,TN-P117,N228,interface_action,N2; T-E,224.25,249.0,115.0,-276.99645790457726,2333.883989531547,-201.17694354057312,460.70974946022034,-195.25515665765852,-2322.9231981039047
HT0.75,TN-P118,N503,interface_action,T-E,224.25,249.0,117.5,490.3470720052719,-866.0333765596151,188.39996778964996,-1470.3567106723785,-928.1917667165399,5078.992576003075
HT0.75,TN-P119,N186,interface_action,T-E,224.25,249.0,120.0,-1.9892098594427807,594.0591665890825,-2.835241825407138,-179.269093806186,-54.80214593198707,187.6308698293724
HT0.75,TN-P120,N504,interior_applied_load,,224.25,249.0,144.955,1.0658141036401503e-14,-7.675904771573187,1.4210854715202004e-14,-1.5916157281026244e-12,2.842170943040401e-14,0.0
HT0.75,TN-P121,N505,interior_applied_load,,224.25,249.0,172.41,-3.434113350585807e-15,-7.675904771572673,-5.687883260684016e-14,-6.418584268786589e-13,6.035705627097554e-15,-4.534327441225743e-14
HT0.75,TN-P122,N506,interior_applied_load,,224.25,249.0,199.864,-1.5858032249423959e-15,-7.6759047715728315,6.840453009270485e-14,-3.542076239639979e-13,2.5033527001318494e-14,2.1424726174729725e-13
HT0.75,TN-P123,N507,interior_applied_load,,224.25,249.0,227.319,4.180419865872434e-08,-3.8379523836496805,-4.598605912731202e-08,6.249937197777555e-07,-1.0582275978056371e-12,-5.5634520028206846e-08
HT0.75,TN-P124,N527,interface_action,N2; T-E top / segment 4,224.25,249.0,229.319,-49.41554223574781,-225.8652702810581,1.6017370259098505,-427.0345156397506,-140.37103936517286,-9107.736914359864
HT0.75,TN-P125,N528,interior_applied_load,,230.312,249.0,200.739,3.682392185815142e-13,-8.168231420219609,5.2127828953310164e-14,6.984431019239344e-13,-4.472679519135131e-12,-1.0877572001421981e-13
HT0.75,TN-P126,N703,interior_applied_load,,235.5,249.0,229.319,8.69001634115233e-14,-5.353587052508821,-5.464675995789964e-13,2.926448967870483e-12,-4.069444153830111e-11,-2.7983389647638936e-11
HT0.75,TN-P127,N529,interior_applied_load,,236.375,249.0,172.16,3.8223572675682247e-13,-8.168231420217742,-3.6223217154354265e-14,1.3956556474130614e-13,8.079583827270548e-14,-7.308263252230902e-13
HT0.75,TN-P128,N530,interior_applied_load,,242.438,249.0,143.58,-1.3642420526593924e-12,-8.168231420213488,-2.2737367544323206e-13,-9.094947017729282e-13,-2.2737367544323206e-13,5.684341886080801e-13
HT0.75,TN-P129,N229,interior_applied_load,,248.5,249.0,115.0,5.960464477539063e-08,-12.034709447994828,-1.1920928955078125e-07,-1.1920928955078125e-07,2.7939677238464355e-09,0.0
HT0.75,TN-P130,N508,interior_applied_load,,248.5,249.0,117.5,-2.9802322387695312e-08,-3.725215405225754,1.1920928955078125e-07,-1.1920928955078125e-07,-4.656612873077393e-10,-2.9802322387695312e-08
HT0.75,TN-P131,N509,interior_applied_load,,248.5,249.0,144.148,5.917468767271003e-14,-7.45043080708723,1.9139600214586603e-13,5.455740761916215e-12,2.5595831999429905e-14,-4.797021714135973e-13
HT0.75,TN-P132,N510,interior_applied_load,,248.5,249.0,170.797,5.88628262831311e-14,-7.450430807090275,-2.9409326094096915e-13,2.5956522929119917e-11,1.0843502907052027e-14,-1.2394079159084885e-12
HT0.75,TN-P133,N511,interior_applied_load,,248.5,249.0,197.445,-2.472157271371678e-14,-7.450430807083295,7.247926240229829e-13,-7.667592476383912e-12,-7.798917903622446e-15,-2.7590263257958153e-12
HT0.75,TN-P134,N512,interior_applied_load,,248.5,249.0,224.093,1.3389503541694992e-08,-3.725215403925755,-7.719819147601323e-08,8.676432064452056e-08,2.9484910479556036e-12,-5.4433956470110574e-08
HT0.75,TN-P135,N704,interior_applied_load,,248.5,249.0,226.324,-1.4186941840114522e-08,-3.1277812597264503,-5.2818312107697384e-08,1.0983798916359549e-07,-2.0232746866234374e-09,-1.6235187729196896e-08
HT0.75,TN-P136,N230,interior_applied_load,,249.5,249.0,115.0,-2.874128712804236e-11,-0.314875011420199,-2.776240612401004e-09,5.7691611904386875e-12,-1.1814389744291276e-09,2.0894709573671122e-10
HT0.75,TN-P137,N705,interior_applied_load,,249.5,249.0,226.093,2.1710322088234423e-10,-0.2234129450361278,-3.061042369231329e-09,-1.5562958494019355e-10,-1.0403913282480442e-09,-6.344229175342152e-10
storage125_strength_sensitivity,TN-P001,N148,interface_action,BR-N-upper-1; T-W / B-WO; W4,-32.0,249.0,115.0,-91.92420391294493,-11.501153019080602,197.93400012999564,951.4091541798238,-9599.391894341896,-11866.131837649638
storage125_strength_sensitivity,TN-P002,N628,interface_action,BR-N-upper-2; T-W top / segment 2; W4,-32.0,249.0,226.093,306.9126624775374,672.2953559507416,-42.93259261789422,519.7457218857568,786.4771044871604,8484.065780984552
storage125_strength_sensitivity,TN-P003,N189,interior_applied_load,,-31.0,249.0,115.0,-1.6681462966516847e-07,-9.001740387992186,6.864729584776796e-08,1.6929993762460072e-07,-1.5254499885486439e-09,1.4588840713258833e-07
storage125_strength_sensitivity,TN-P004,N488,interior_applied_load,,-31.0,249.0,117.5,1.4678755636345451e-07,-4.470258484856723,-3.242344741496425e-08,7.672649774875151e-08,1.7043170554661333e-10,1.5593797226932372e-07
storage125_strength_sensitivity,TN-P005,N489,interior_applied_load,,-31.0,249.0,144.148,-2.503317446209825e-14,-8.940516968503513,-3.6279801392991377e-14,1.424013598097349e-12,6.878037807724673e-14,1.8388487655597904e-12
storage125_strength_sensitivity,TN-P006,N490,interior_applied_load,,-31.0,249.0,170.797,-2.795466171570713e-14,-8.940516968503562,-1.2914462761498036e-13,-1.272480296362582e-12,-2.1502999606044315e-14,-2.000292394777253e-14
storage125_strength_sensitivity,TN-P007,N491,interior_applied_load,,-31.0,249.0,197.445,3.7460555476470327e-13,-8.94051696850313,-2.5084071911193214e-13,-3.945394832201976e-12,-1.1070487564297942e-13,-2.284203680805328e-12
storage125_strength_sensitivity,TN-P008,N492,interior_applied_load,,-31.0,249.0,224.093,0.0,-4.470258484128863,4.76837158203125e-07,0.0,0.0,-1.1920928955078125e-07
storage125_strength_sensitivity,TN-P009,N686,interior_applied_load,,-31.0,249.0,226.324,0.0,-3.753337506670505,9.5367431640625e-07,-1.9073486328125e-06,3.91155481338501e-08,-1.1920928955078125e-07
storage125_strength_sensitivity,TN-P010,N513,interior_applied_load,,-23.25,249.0,143.58,1.8189894035458565e-12,-9.934808889399392,9.947598300641403e-14,3.660716174636036e-11,-1.1141310096718371e-11,2.2282620193436742e-11
storage125_strength_sensitivity,TN-P011,N190,interior_applied_load,,-21.323,249.0,115.0,3.677545882768486e-12,-89.62494693046449,1.1658905901892285e-13,-1.4521390939655474e-13,-1.2245254816502045e-11,-1.276446432097433e-12
storage125_strength_sensitivity,TN-P012,N687,interior_applied_load,,-18.0,249.0,229.319,3.4424409706142017e-12,-8.187741967322257,1.1688771027023359e-11,4.699625448159143e-11,3.564849163829599e-11,-6.158041626540906e-11
storage125_strength_sensitivity,TN-P013,N514,interior_applied_load,,-15.5,249.0,172.16,-3.3438267762379465e-13,-9.934808889408451,-6.676001012746864e-13,2.920230303112953e-11,-7.58837724595897e-12,6.366680697427034e-12
storage125_strength_sensitivity,TN-P014,N515,interior_applied_load,,-7.75,249.0,200.739,1.0674570461100368e-12,-9.934808889399678,-5.951698295244389e-13,2.715314105512096e-12,-1.6762537038580867e-12,7.44515826153601e-14
storage125_strength_sensitivity,TN-P015,N191,interior_applied_load,,-3.85,249.0,115.0,5.8641308872726595e-12,-8.056864092611182,2.3287994970356636e-11,5.065267502005848e-13,-4.5580691002265064e-11,-1.0581792331253552e-11
storage125_strength_sensitivity,TN-P016,N192,interior_applied_load,,0.0,249.0,115.0,-1.3354215866456798e-07,-1.4665414741121756,8.372601074668751e-05,-5.920146328719511e-08,-2.8288581493162586e-06,-4.903492509811258e-07
storage125_strength_sensitivity,TN-P017,N493,interior_applied_load,,0.0,249.0,117.5,2.5869734879043732e-08,-4.605542860579933,-6.447239949454542e-09,-5.498526031816947e-10,-2.4213535324792543e-11,-9.922455314109882e-09
storage125_strength_sensitivity,TN-P018,N494,interior_applied_load,,0.0,249.0,144.955,-3.156241030233512e-14,-9.211085725884757,7.063316900851933e-14,7.22542425815487e-13,-1.7791614431889164e-14,-1.3877965752814222e-15
storage125_strength_sensitivity,TN-P019,N495,interior_applied_load,,0.0,249.0,172.41,1.9437006855032085e-14,-9.211085725882288,8.649453819342321e-14,4.111468539791504e-12,-2.6756424949711276e-14,3.0208015214705406e-12
storage125_strength_sensitivity,TN-P020,N496,interior_applied_load,,0.0,249.0,199.864,-1.1877899586127567e-13,-9.211085725882137,-2.80350524520232e-13,4.5169296840202536e-12,-6.599893421950142e-15,-8.283351161792985e-13
storage125_strength_sensitivity,TN-P021,N497,interior_applied_load,,0.0,249.0,227.319,-2.384185791015625e-07,-4.605542864650488,0.0,4.76837158203125e-07,0.0,1.1920928955078125e-07
storage125_strength_sensitivity,TN-P022,N516,interior_applied_load,,-0.0,249.0,229.319,-2.384185791015625e-07,-12.325946113094687,-4.76837158203125e-07,0.0,9.313225746154785e-10,1.1920928955078125e-07
storage125_strength_sensitivity,TN-P023,N193,interior_applied_load,,0.031,249.0,115.0,5.366881199891888e-09,-79.74421507273232,-0.0001729210291955108,3.0314902654043624e-09,-1.299018440018271e-06,1.0702447716845037e-06
storage125_strength_sensitivity,TN-P024,N194,interior_applied_load,,1.0,249.0,115.0,-1.354578671453055e-10,-7.678506057929248,-1.9390711258893134e-10,-6.673417374258861e-11,-1.278181116504129e-09,-9.094947017729282e-10
storage125_strength_sensitivity,TN-P025,N195,interior_applied_load,,9.344,249.0,115.0,2.2881003655180957e-11,-896.8320714448021,5.630725521424623e-13,-3.853838021404551e-13,-8.015799694640988e-12,3.176421240105082e-11
storage125_strength_sensitivity,TN-P026,N688,interior_applied_load,,10.167,249.0,229.319,1.550854704588549e-11,-10.01458334391398,6.38534106591288e-12,-5.051334349151923e-13,-2.0068337249411703e-11,1.620382772324828e-12
storage125_strength_sensitivity,TN-P027,N517,interior_applied_load,,10.6,249.0,137.864,2.4442670110147446e-12,-8.31955589789186,5.684341886080802e-14,4.547473508864641e-13,1.1368683772161603e-13,-4.547473508864641e-12
storage125_strength_sensitivity,TN-P028,N518,interior_applied_load,,20.2,249.0,160.728,-3.051893619187927e-12,-8.319555897896448,-6.257641746607883e-14,-3.028166413079431e-13,9.433817958063833e-14,-8.38801607272766e-12
storage125_strength_sensitivity,TN-P029,N196,interior_applied_load,,21.385,249.0,115.0,-3.134003043923652e-11,-85.01753854723468,2.5369693403652903e-11,-9.816848666678831e-14,-3.085272437234266e-11,3.8112005206754594e-13
storage125_strength_sensitivity,TN-P030,N197,interior_applied_load,,24.3,249.0,115.0,6.788336348479317e-11,-2.5111282135911144,-1.3667177369580939e-11,1.3778076175232827e-13,2.9287825262041623e-11,1.811340766167594e-10
storage125_strength_sensitivity,TN-P031,N198,interior_applied_load,,28.031,249.0,115.0,6.897642818668613e-12,-896.0968384460402,5.1655614404222086e-11,-2.6409628344248077e-13,-3.275717593478511e-11,-1.292753722388954e-10
storage125_strength_sensitivity,TN-P032,N519,interior_applied_load,,29.8,249.0,183.592,1.110912433625834e-12,-8.319555897885923,-3.090837257885723e-14,-1.1595641111082067e-12,4.581577307266046e-13,1.0733160841886188e-12
storage125_strength_sensitivity,TN-P033,N689,interior_applied_load,,38.333,249.0,229.319,2.2130714165059727e-11,-10.145208349138507,1.614113729275085e-12,-1.1163741368618592e-13,-5.252041640904619e-12,-8.183083582099976e-13
storage125_strength_sensitivity,TN-P034,N520,interior_applied_load,,39.4,249.0,206.455,1.1399703734961338e-12,-8.319555897889924,1.9240814592203944e-13,1.2059334838391321e-12,2.194161620888862e-12,-8.211212508371188e-12
storage125_strength_sensitivity,TN-P035,N199,interior_applied_load,,42.74,249.0,115.0,4.656666367761405e-11,-86.42739130147488,-9.352876960407963e-12,4.437305469985522e-13,-1.307300778167426e-11,5.783774365058628e-11
storage125_strength_sensitivity,TN-P036,N200,interior_applied_load,,46.719,249.0,115.0,-5.1937022631662416e-11,-891.9672527542044,-3.445868385104594e-11,8.221354833364387e-13,6.43318273315484e-11,-1.4935596613124994e-10
storage125_strength_sensitivity,TN-P037,N521,interior_applied_load,,49.0,249.0,229.319,-5.070344144542105e-11,-7.273007099776705,4.0423410452294917e-10,1.0434688994846208e-11,8.574791467153009e-10,1.4442145396253991e-11
storage125_strength_sensitivity,TN-P038,N201,interface_action,BR-N-upper-2,50.25,249.0,115.0,-384.9549723522604,505.49121272022444,-1.7875260276172886,-303.0979006372124,-376.6784886800779,-79.89785291356485
storage125_strength_sensitivity,TN-P039,N690,interface_action,BR-N-upper-1,50.25,249.0,229.319,1227.6304442262297,1588.9669306480678,29.547915847370106,-1438.5765470695353,314.2856961231226,2542.6723631558375
storage125_strength_sensitivity,TN-P040,N202,interior_applied_load,,52.45,249.0,115.0,-1.941529324456578e-09,-1.133549937327738,2.866733629809859e-10,-1.578477791637351e-09,-6.014075195235475e-10,-2.0595759325723787e-10
storage125_strength_sensitivity,TN-P041,N203,interface_action,N1 / U-W,53.25,249.0,115.0,-2398.8146873725213,4723.83976390016,-142.2699190400052,968.4029665325797,-8186.895850315791,65328.900310063495
storage125_strength_sensitivity,TN-P042,N691,interface_action,N1 / U-W,53.25,249.0,229.319,-1222.438880193858,-1271.1632834642492,35.11883175585459,1727.4512298594234,-609.6260310583659,-4567.430676112276
storage125_strength_sensitivity,TN-P043,N481,interface_action,N1 / U-W,56.25,249.0,207.0,1978.4441552677947,739.139586058213,-16.386996831647192,-113.18882885155556,-318.65254593909214,1737.2642169670742
storage125_strength_sensitivity,TN-P044,N482,interior_applied_load,,57.25,249.0,207.0,0.0,-6.714120946824551,-1.1920928955078125e-07,0.0,5.820766091346741e-10,0.0
storage125_strength_sensitivity,TN-P045,N531,interior_applied_load,,57.25,249.0,209.5,0.0,-2.9891714518889785,-1.1920928955078125e-07,-1.1920928955078125e-07,1.1641532182693481e-10,0.0
storage125_strength_sensitivity,TN-P046,N532,interior_applied_load,,57.25,249.0,227.319,3.140952403724029e-08,-2.9891714512078447,7.17826640211916e-08,-5.8315664158703484e-08,2.3038510547954253e-11,-1.4884131627201924e-07
storage125_strength_sensitivity,TN-P047,N692,interior_applied_load,,57.25,249.0,229.319,-1.9414315190269827e-07,-3.461562482190766,-1.5483197297702566e-07,6.096278361411427e-08,-1.1683404250607013e-09,5.671274879314271e-08
storage125_strength_sensitivity,TN-P048,N204,interior_applied_load,,64.094,249.0,115.0,1.5060896833686355e-10,-83.95955854665422,-6.712848925501918e-10,5.332985585889698e-13,-2.3622810130007014e-10,-4.891054660791436e-09
storage125_strength_sensitivity,TN-P049,N205,interior_applied_load,,65.406,249.0,115.0,3.752766698260577e-12,-895.3663283609355,3.697738926475825e-10,-2.287610747963997e-13,-8.751706227254034e-11,-2.720663662229243e-09
storage125_strength_sensitivity,TN-P050,N693,interior_applied_load,,66.5,249.0,229.319,-4.84655855959147e-12,-6.008749997518137,1.3693528897428001e-11,2.979840951393884e-13,-2.8612559414735175e-11,1.5282899711185642e-12
storage125_strength_sensitivity,TN-P051,N541,interior_applied_load,,68.75,249.0,218.16,5.4569682106375694e-12,-5.376241893319275,-4.547473508864641e-13,3.637978807091713e-12,-5.4569682106375694e-12,2.7284841053187847e-12
storage125_strength_sensitivity,TN-P052,N483,interior_applied_load,,80.25,249.0,207.0,0.0,-7.884249992668629,-1.1920928955078125e-07,1.1920928955078125e-07,0.0,5.960464477539063e-08
storage125_strength_sensitivity,TN-P053,N533,interior_applied_load,,80.25,249.0,209.5,-5.960464477539063e-08,-2.9891714490950108,1.1920928955078125e-07,1.1920928955078125e-07,2.3283064365386963e-10,0.0
storage125_strength_sensitivity,TN-P054,N534,interior_applied_load,,80.25,249.0,227.319,-2.510963807017541e-07,-2.989171453679469,-4.441804257737658e-08,-2.512668011434016e-07,-2.0533119640512033e-11,1.4069967332885902e-07
storage125_strength_sensitivity,TN-P055,N542,interior_applied_load,,80.25,249.0,229.319,7.51272828412404e-08,-12.795596944639842,2.8500574088155715e-07,-4.3389073572672965e-07,2.8488951848055907e-11,1.3700823628549832e-07
storage125_strength_sensitivity,TN-P056,N206,interior_applied_load,,80.6,249.0,115.0,-6.991418208817344e-11,-7.061071857233969,-2.838560613405527e-11,2.1908806585096977e-13,-4.7474225779108825e-11,-2.550351308846417e-09
storage125_strength_sensitivity,TN-P057,N207,interior_applied_load,,84.094,249.0,115.0,1.2951592297580222e-10,-890.9612271753005,-4.4580164710517594e-10,-1.0421490299042325e-12,8.38828689325097e-10,7.041973522949565e-10
storage125_strength_sensitivity,TN-P058,N208,interior_applied_load,,85.448,249.0,115.0,-6.614479627584798e-11,-86.42739129861002,3.066227906742199e-10,3.5720007050093013e-12,5.7773946020170154e-11,-5.166286642506076e-09
storage125_strength_sensitivity,TN-P059,N543,interior_applied_load,,92.25,249.0,218.16,1.8189894035458565e-11,-5.497868662769179,1.8189894035458565e-12,-3.637978807091713e-12,0.0,9.094947017729282e-13
storage125_strength_sensitivity,TN-P060,N694,interior_applied_load,,94.667,249.0,229.319,1.0757034030445433e-11,-6.270000052127556,1.4456302246289243e-11,5.438994614708185e-12,1.0298855379917795e-10,-1.3046640736291458e-10
storage125_strength_sensitivity,TN-P061,N209,interior_applied_load,,102.781,249.0,115.0,4.3392219247240265e-11,-897.1981136919309,5.186981488417012e-12,-9.915817476352925e-13,-1.231064144262111e-10,-3.92263501567071e-09
storage125_strength_sensitivity,TN-P062,N484,interior_applied_load,,104.25,249.0,207.0,2.9802322387695312e-08,-13.549868665635586,-5.960464477539062e-07,-4.76837158203125e-07,1.1175870895385742e-08,-1.1920928955078125e-07
storage125_strength_sensitivity,TN-P063,N535,interior_applied_load,,104.25,249.0,209.5,-1.1920928955078125e-07,-2.989171452820301,8.344650268554688e-07,-4.76837158203125e-07,-3.4924596548080444e-08,5.960464477539063e-08
storage125_strength_sensitivity,TN-P064,N536,interior_applied_load,,104.25,249.0,227.319,4.6765813457860794e-08,-2.989171452127318,2.0843227779843154e-07,3.239776033558961e-07,4.6312196441272277e-10,1.7295219978397114e-09
storage125_strength_sensitivity,TN-P065,N695,interior_applied_load,,104.25,249.0,229.319,4.619914098155267e-08,-7.358541666635835,-8.249686718933172e-07,-5.0932052813705886e-08,-5.205594699701333e-10,-6.754362263342485e-08
storage125_strength_sensitivity,TN-P066,N210,interior_applied_load,,106.802,249.0,115.0,2.923277754959937e-11,-81.62161167834985,2.391081298004645e-10,-1.6800670745569818e-12,-3.496790906196126e-10,-2.4051394427794034e-08
storage125_strength_sensitivity,TN-P067,N211,interior_applied_load,,108.75,249.0,115.0,-3.622533065781284e-12,-5.541799961484469,3.0634510035561934e-10,-9.65076152634914e-13,9.138787913568725e-11,9.08291137129431e-09
storage125_strength_sensitivity,TN-P068,N544,interior_applied_load,,116.25,249.0,218.16,-5.4569682106375694e-12,-5.497868662750989,7.503331289626658e-12,1.0913936421275139e-11,1.0913936421275139e-11,-1.8189894035458565e-12
storage125_strength_sensitivity,TN-P069,N212,interior_applied_load,,121.469,249.0,115.0,-7.010218553068364e-12,-896.4620933813833,1.7614239402042189e-12,1.9363940665530036e-13,-5.5909396766535185e-12,-7.155422268881304e-10
storage125_strength_sensitivity,TN-P070,N696,interior_applied_load,,122.833,249.0,229.319,6.821134226541137e-11,-6.26999998592342,1.551889211003765e-10,-1.3141384655431156e-10,-4.583033869456194e-10,-5.816890935601116e-11
storage125_strength_sensitivity,TN-P071,N213,interior_applied_load,,128.156,249.0,115.0,-2.7745215651719835e-11,-85.19701729847851,-2.700999232303788e-12,3.0830290372623163e-13,-3.9872815818939874e-11,-1.5209768159191782e-09
storage125_strength_sensitivity,TN-P072,N485,interior_applied_load,,128.25,249.0,207.0,0.0,-7.884249992668629,0.0,0.0,-4.656612873077393e-10,0.0
storage125_strength_sensitivity,TN-P073,N537,interior_applied_load,,128.25,249.0,209.5,0.0,-2.9891714453697205,0.0,0.0,4.656612873077393e-10,0.0
storage125_strength_sensitivity,TN-P074,N538,interior_applied_load,,128.25,249.0,227.319,2.018223757976889e-07,-2.9891714568778225,1.115752143454607e-07,2.631315180190441e-07,3.719348134914153e-10,1.1979834541042678e-08
storage125_strength_sensitivity,TN-P075,N545,interior_applied_load,,128.25,249.0,229.319,-1.0785822366666137e-07,-12.795596948790894,3.365918894062435e-08,3.7412954628602034e-07,-2.091402397629026e-09,1.4973831724087113e-07
storage125_strength_sensitivity,TN-P076,N214,interior_applied_load,,136.9,249.0,115.0,2.481284519481636e-11,-4.534200061810664,-4.716291763828071e-12,1.3117544613292503e-13,-6.618615749058876e-12,1.4473346436235273e-09
storage125_strength_sensitivity,TN-P077,N546,interior_applied_load,,139.75,249.0,218.16,0.0,-5.376241893325641,-1.8189894035458565e-12,1.0913936421275139e-11,-1.0913936421275139e-11,-9.094947017729282e-12
storage125_strength_sensitivity,TN-P078,N215,interior_applied_load,,140.156,249.0,115.0,6.701351267131857e-12,-893.8942877415193,-2.135122988529342e-12,2.8443492050516664e-12,-8.845973583875905e-12,8.807026495824233e-09
storage125_strength_sensitivity,TN-P079,N216,interior_applied_load,,149.51,249.0,115.0,-2.3530990890198293e-11,-86.42739130163159,-4.539059020633217e-12,-1.420401786998641e-12,4.4418745187150395e-11,-1.9019104293348704e-09
storage125_strength_sensitivity,TN-P080,N697,interior_applied_load,,151.0,249.0,229.319,-2.8618707403893495e-10,-6.008750020142618,2.853087855969605e-07,-3.152889979794609e-12,-6.090830895200128e-10,1.7199997814909551e-09
storage125_strength_sensitivity,TN-P081,N486,interior_applied_load,,151.25,249.0,207.0,-2.9802322387695312e-08,-6.71412093937397,0.0,-4.76837158203125e-07,-2.7939677238464355e-09,2.9802322387695312e-08
storage125_strength_sensitivity,TN-P082,N539,interior_applied_load,,151.25,249.0,209.5,-2.9802322387695312e-08,-2.989171452820301,2.384185791015625e-07,-4.76837158203125e-07,-9.313225746154785e-10,0.0
storage125_strength_sensitivity,TN-P083,N540,interior_applied_load,,151.25,249.0,227.319,-8.854127889201813e-08,-2.9891714538908936,1.9645069354590206e-07,-1.819572560401994e-07,-5.955846946167921e-10,-4.302415812507121e-09
storage125_strength_sensitivity,TN-P084,N698,interior_applied_load,,151.25,249.0,229.319,4.190687899474632e-08,-1.11031265537959,-2.458978581641822e-07,-2.9473235555581933e-07,1.3817715682588882e-08,9.853379998731038e-08
storage125_strength_sensitivity,TN-P085,N487,interior_applied_load,,152.25,249.0,207.0,1.4034783939332643e-10,-0.16774997969789987,8.407864855231317e-08,3.5114601962440225e-09,3.8889493163546405e-08,-1.0414243709047509e-07
storage125_strength_sensitivity,TN-P086,N475,interior_applied_load,,155.25,249.0,120.0,1.29121624857058e-13,-13.810985069608295,9.956504727907027e-14,2.135782941467361e-12,1.7689543105627128e-13,-5.891753473850085e-15
storage125_strength_sensitivity,TN-P087,N476,interior_applied_load,,155.25,249.0,146.657,1.2624682276737485e-13,-27.621970139251747,7.370308630094379e-14,-2.1314001602069565e-11,-2.395258066909441e-13,7.250892163956483e-13
storage125_strength_sensitivity,TN-P088,N477,interior_applied_load,,155.25,249.0,173.314,-8.380210407662546e-14,-27.621970139211957,1.7989616061107111e-12,-2.104184921579143e-11,-2.7785191983019284e-13,-6.494158237331514e-12
storage125_strength_sensitivity,TN-P089,N478,interior_applied_load,,155.25,249.0,199.971,4.026848545517212e-12,-17.45272986153249,4.617332605327408e-11,-1.2990108884880905e-10,1.4086669793461057e-12,-6.729566206024065e-12
storage125_strength_sensitivity,TN-P090,N479,interior_applied_load,,155.25,249.0,207.0,8.100820521183235e-11,-13.81098513842795,-6.138413410406162e-08,3.9383031211305935e-09,3.919870395441006e-08,2.9590464776477877e-08
storage125_strength_sensitivity,TN-P091,N480,interior_applied_load,,155.25,249.0,226.628,-5.960464477539063e-08,-10.169240273535252,-2.384185791015625e-07,0.0,4.656612873077393e-10,5.960464477539063e-08
storage125_strength_sensitivity,TN-P092,N699,interior_applied_load,,155.25,249.0,229.319,0.0,-2.28593747317791,0.0,-4.76837158203125e-07,-4.656612873077393e-10,0.0
storage125_strength_sensitivity,TN-P093,N217,interior_applied_load,,158.844,249.0,115.0,7.673804656627541e-11,-895.0010734264421,5.82814447536504e-12,-3.082743637785617e-13,5.676100360500327e-12,3.425226458907646e-10
storage125_strength_sensitivity,TN-P094,N522,interior_applied_load,,160.0,249.0,229.319,-2.2168663630431983e-12,-10.647879345719302,-5.158275310764581e-10,3.90062576251854e-11,-7.910823951366188e-10,6.593081954830267e-10
storage125_strength_sensitivity,TN-P095,N218,interior_applied_load,,165.05,249.0,115.0,-3.460304526862407e-11,-4.542071799642691,-4.048696242822522e-12,7.561705649332607e-13,-2.43959586363701e-11,3.2826826004677178e-09
storage125_strength_sensitivity,TN-P096,N219,interior_applied_load,,170.865,249.0,115.0,-6.669586610200825e-12,-84.08235976804687,1.9211154694434054e-12,9.886881292705425e-13,-7.598076323093058e-12,-9.399135034103046e-11
storage125_strength_sensitivity,TN-P097,N523,interior_applied_load,,172.85,249.0,206.455,-2.1527919580144254e-12,-8.799300402792367,8.319829961434995e-14,4.8764702438627244e-12,-2.4011842884115814e-12,3.178764798314844e-12
storage125_strength_sensitivity,TN-P098,N220,interior_applied_load,,177.531,249.0,115.0,-9.517761999929609e-11,-892.5812590552227,2.4786441276151896e-10,-1.9581171042726998e-12,-1.2340116803397563e-10,3.360282039374255e-09
storage125_strength_sensitivity,TN-P099,N700,interior_applied_load,,179.167,249.0,229.319,-2.5839300534099065e-11,-5.225000051393158,2.626013220004444e-08,1.7762291391078492e-12,-1.9691485118831947e-09,-8.285142416975272e-09
storage125_strength_sensitivity,TN-P100,N221,interior_applied_load,,180.0,249.0,115.0,1.7130948748445007e-07,-5.549671841490891,-9.118017452180993e-09,1.3511630481133352e-08,-8.13312112111e-10,-3.348272414882558e-08
storage125_strength_sensitivity,TN-P101,N498,interior_applied_load,,180.0,249.0,117.5,-5.929058488618466e-08,-4.605542815566656,-1.004167415885604e-09,5.054062057752162e-09,2.3149482331064064e-10,-2.5650479074101895e-08
storage125_strength_sensitivity,TN-P102,N499,interior_applied_load,,180.0,249.0,144.955,-4.547473508864641e-13,-9.21108572583762,1.1368683772161603e-13,-4.547473508864641e-13,0.0,-3.637978807091713e-12
storage125_strength_sensitivity,TN-P103,N500,interior_applied_load,,180.0,249.0,172.41,-4.547473508864641e-13,-9.21108572583762,-1.1368683772161603e-13,-9.094947017729282e-13,1.5544019949584996e-14,-2.9103830456733704e-11
storage125_strength_sensitivity,TN-P104,N501,interior_applied_load,,180.0,249.0,199.864,-5.004590379427174e-13,-9.211085725887452,-9.045218847715918e-14,8.808070557299338e-12,3.81047044496739e-15,-2.3397432278637556e-12
storage125_strength_sensitivity,TN-P105,N502,interior_applied_load,,180.0,249.0,227.319,9.868404331481173e-07,-4.605542894674009,1.2382329214188914e-06,2.491935141124557e-06,-1.5594573448512286e-10,-1.099961404182892e-06
storage125_strength_sensitivity,TN-P106,N701,interior_applied_load,,180.0,249.0,229.319,-5.413799967665389e-07,-7.358541609255619,4.6854497248738574e-07,5.457797157787624e-07,5.566014483083072e-09,-1.0949375035767698e-06
storage125_strength_sensitivity,TN-P107,N524,interior_applied_load,,185.7,249.0,183.592,2.7920878029864237e-12,-8.799300402822247,4.5033378237975567e-13,1.288328694497725e-11,5.6958419093297766e-12,-6.4258733430090805e-12
storage125_strength_sensitivity,TN-P108,N222,interior_applied_load,,192.219,249.0,115.0,9.298087706405778e-11,-84.3539394378592,-4.4319333339504107e-10,-9.450811729667392e-12,5.84632124493274e-10,-1.4259422197253031e-09
storage125_strength_sensitivity,TN-P109,N223,interior_applied_load,,193.2,249.0,115.0,-6.203174705596148e-11,-1.5113999549310653,6.778390833587114e-10,-6.532255780249534e-13,-5.765522960091937e-11,-1.0609534979356591e-09
storage125_strength_sensitivity,TN-P110,N224,interior_applied_load,,196.219,249.0,115.0,5.107343320530785e-11,-896.8273484228199,4.0162779053410543e-11,-9.234261504849605e-13,8.073851549475165e-12,-5.865857765818434e-10
storage125_strength_sensitivity,TN-P111,N525,interior_applied_load,,198.55,249.0,160.728,-5.279311849069263e-12,-8.799300402799451,5.254291283529341e-13,-1.434248654625235e-11,-7.336807188014498e-12,1.2189855243777932e-11
storage125_strength_sensitivity,TN-P112,N702,interior_applied_load,,207.333,249.0,229.319,1.72469306745978e-11,-11.560312498805754,2.2477844398462632e-11,-2.967099290685875e-12,-5.169707469555827e-10,2.594202190482964e-10
storage125_strength_sensitivity,TN-P113,N526,interior_applied_load,,211.4,249.0,137.864,-3.637978807091713e-12,-8.799300402803055,3.979039320256561e-13,-1.0913936421275139e-11,4.092726157978177e-12,-1.0416556506243069e-11
storage125_strength_sensitivity,TN-P114,N225,interior_applied_load,,213.573,249.0,115.0,-3.0426045640659995e-11,-86.42739129689305,-2.9592494643151194e-09,1.8816518945406125e-12,7.939658424639952e-11,1.1195915502587476e-09
storage125_strength_sensitivity,TN-P115,N226,interior_applied_load,,214.906,249.0,115.0,-1.7603202800442887e-10,-892.0680127473472,3.123596622920079e-10,-3.851687413228946e-12,2.3584870566592226e-10,-3.9298320730451813e-10
storage125_strength_sensitivity,TN-P116,N227,interior_applied_load,,221.35,249.0,115.0,-2.143153919512843e-11,-3.530535982029523,-1.397945295948824e-10,-1.5723902282318063e-11,-3.227438888128483e-10,-8.694817480077564e-10
storage125_strength_sensitivity,TN-P117,N228,interface_action,N2; T-E,224.25,249.0,115.0,-1117.064769268036,6895.234749004245,-540.5320587158203,412.5566918849945,-1112.5238552484661,-6127.57847237587
storage125_strength_sensitivity,TN-P118,N503,interface_action,T-E,224.25,249.0,117.5,1834.8190920352936,-2317.9704493284225,491.48131108283997,-3180.2156722545624,-3678.319086583331,21162.722117066383
storage125_strength_sensitivity,TN-P119,N186,interface_action,T-E,224.25,249.0,120.0,-4.111877726681996,1677.0946739461506,-7.487592804071028,-478.4770696130581,-210.82477973516507,634.7241311336402
storage125_strength_sensitivity,TN-P120,N504,interior_applied_load,,224.25,249.0,144.955,1.5631940186722204e-13,-9.21108572589219,-2.5579538487363607e-13,2.2737367544323206e-12,0.0,1.1368683772161603e-12
storage125_strength_sensitivity,TN-P121,N505,interior_applied_load,,224.25,249.0,172.41,-1.8481707007510286e-14,-9.211085725876003,-1.1970590792788454e-14,3.1278088078594856e-13,1.5929791829679138e-14,2.026785261713445e-13
storage125_strength_sensitivity,TN-P122,N506,interior_applied_load,,224.25,249.0,199.864,4.7306230551025896e-15,-9.211085725899196,1.6192922352096005e-13,9.80855693910064e-12,4.35822928332108e-14,4.87795872691369e-13
storage125_strength_sensitivity,TN-P123,N507,interior_applied_load,,224.25,249.0,227.319,5.374866488550012e-07,-4.605542862889966,2.1631027380397683e-07,2.329710490966974e-06,5.0502425531166305e-11,-7.494799139085018e-07
storage125_strength_sensitivity,TN-P124,N527,interface_action,N2; T-E top / segment 4,224.25,249.0,229.319,-128.4969635150556,-698.4405487930827,-2.685335649843575,-1065.8142602778653,-481.40887964856364,-37645.03095660548
storage125_strength_sensitivity,TN-P125,N528,interior_applied_load,,230.312,249.0,200.739,-8.720234423871707e-13,-9.801877704265307,-5.598132444485313e-13,-8.046931569844622e-12,1.3606162723956732e-11,-1.2588908375727143e-12
storage125_strength_sensitivity,TN-P126,N703,interior_applied_load,,235.5,249.0,229.319,8.289011491429373e-12,-6.424304463014295,-9.670892275713885e-11,-6.069403599709107e-11,-4.203629525357287e-10,-1.3297129834160007e-10
storage125_strength_sensitivity,TN-P127,N529,interior_applied_load,,236.375,249.0,172.16,3.183384488513968e-12,-9.801877704259647,7.281234851040413e-15,-1.069435673588171e-12,4.241746861945186e-15,-4.748477018231955e-12
storage125_strength_sensitivity,TN-P128,N530,interior_applied_load,,242.438,249.0,143.58,-9.094947017729282e-13,-9.801877704267099,-1.3073986337985843e-12,-9.094947017729282e-13,0.0,6.366462912410498e-12
storage125_strength_sensitivity,TN-P129,N229,interior_applied_load,,248.5,249.0,115.0,-1.1920928955078125e-07,-14.441651344299316,-4.76837158203125e-07,0.0,-1.862645149230957e-09,-1.1920928955078125e-07
storage125_strength_sensitivity,TN-P130,N508,interior_applied_load,,248.5,249.0,117.5,0.0,-4.470258489251137,4.76837158203125e-07,-9.5367431640625e-07,-1.862645149230957e-09,-2.384185791015625e-07
storage125_strength_sensitivity,TN-P131,N509,interior_applied_load,,248.5,249.0,144.148,-1.728505085448355e-14,-8.94051696851388,5.903354721037012e-14,2.1633817131347793e-11,9.854662649818432e-14,-2.8468794690296714e-12
storage125_strength_sensitivity,TN-P132,N510,interior_applied_load,,248.5,249.0,170.797,9.355961838865699e-14,-8.940516968504063,-8.830942822245993e-13,5.931541338818647e-11,-1.0101736985966479e-13,-1.3907630970881142e-12
storage125_strength_sensitivity,TN-P133,N511,interior_applied_load,,248.5,249.0,197.445,-2.1089685157923505e-13,-8.940516968502893,-8.256426302892573e-13,-5.2053643258768914e-11,9.64363929622219e-15,-3.982449134073991e-12
storage125_strength_sensitivity,TN-P134,N512,interior_applied_load,,248.5,249.0,224.093,6.567949711974815e-08,-4.470258490955216,-3.307284533583979e-07,-1.413052787547448e-06,-1.79979152198748e-11,-3.032984110427332e-07
storage125_strength_sensitivity,TN-P135,N704,interior_applied_load,,248.5,249.0,226.324,-1.789699504462836e-07,-3.7533375081222116,1.718283789860873e-06,-8.32663404145739e-07,-8.12728685268138e-09,-2.0242887909020883e-07
storage125_strength_sensitivity,TN-P136,N230,interior_applied_load,,249.5,249.0,115.0,8.274192442314643e-11,-0.37785002001730916,-1.8433333193179635e-09,2.524801895331663e-11,3.3113086717051488e-09,5.163762736848376e-09
storage125_strength_sensitivity,TN-P137,N705,interior_applied_load,,249.5,249.0,226.093,-3.096451671960155e-10,-0.26809553610276604,-4.6502525683924285e-09,-3.195556556660971e-10,-3.985978971386194e-09,-1.1294220846077262e-09
strength_roof,TN-P001,N148,interface_action,BR-N-upper-1; T-W / B-WO; W4,-32.0,249.0,115.0,-215.74590045618908,409.9225272748979,72.03819429908901,555.8439891471164,-3234.3709246862354,-2835.0714942602613
strength_roof,TN-P002,N628,interface_action,BR-N-upper-2; T-W top / segment 2; W4,-32.0,249.0,226.093,190.90959580252033,24.356575583750637,-17.376319015553424,360.96733337686334,259.532847862659,1311.610780116325
strength_roof,TN-P003,N189,interior_applied_load,,-31.0,249.0,115.0,-2.159909229249024e-08,-9.001740373370922,6.242458994165645e-09,3.6872734199278057e-08,-2.4275692567243823e-09,6.951040631975047e-09
strength_roof,TN-P004,N488,interior_applied_load,,-31.0,249.0,117.5,1.3518611633737927e-08,-4.470258484553935,-3.09669115480488e-08,3.2163812148418856e-08,2.6171160116058906e-10,3.1286893819506835e-08
strength_roof,TN-P005,N489,interior_applied_load,,-31.0,249.0,144.148,2.685765960737526e-14,-8.94051696850338,-1.1527276901088842e-13,8.126863413320767e-13,2.7499481757215108e-14,6.05396901312186e-14
strength_roof,TN-P006,N490,interior_applied_load,,-31.0,249.0,170.797,-9.088921452131728e-15,-8.940516968503294,-3.517308886511547e-15,1.4127333457400506e-13,2.723393272350108e-15,-8.197254093683713e-13
strength_roof,TN-P007,N491,interior_applied_load,,-31.0,249.0,197.445,-2.1375526148707567e-14,-8.940516968503195,-1.6652313419754285e-13,1.4792517446629156e-12,-3.451951459299886e-14,7.000334479462614e-13
strength_roof,TN-P008,N492,interior_applied_load,,-31.0,249.0,224.093,-5.960464477539063e-08,-4.470258484594524,0.0,0.0,0.0,0.0
strength_roof,TN-P009,N686,interior_applied_load,,-31.0,249.0,226.324,5.960464477539063e-08,-3.753337516915053,4.76837158203125e-07,-9.5367431640625e-07,6.51925802230835e-09,-2.9802322387695312e-08
strength_roof,TN-P010,N513,interior_applied_load,,-23.25,249.0,143.58,2.0605739337042905e-13,-9.934808889401694,1.2789769243681803e-13,2.2737367544323206e-12,-2.4442670110147446e-12,1.0459189070388675e-11
strength_roof,TN-P011,N190,interior_applied_load,,-21.323,249.0,115.0,8.240734994632509e-12,-89.62494693046403,4.113506782555339e-13,-1.3685344358542603e-13,8.106182097661925e-13,3.429413052567243e-13
strength_roof,TN-P012,N687,interior_applied_load,,-18.0,249.0,229.319,2.416202153639967e-14,-8.187741967325465,5.9239811934246806e-12,4.2896071681391033e-11,2.84850478929911e-11,-4.4385036691476255e-11
strength_roof,TN-P013,N514,interior_applied_load,,-15.5,249.0,172.16,4.855128799891073e-13,-9.934808889401829,3.8904502650750607e-13,9.682403516393565e-12,-2.900696932392354e-12,2.4611584352070233e-12
strength_roof,TN-P014,N515,interior_applied_load,,-7.75,249.0,200.739,5.468768286527635e-13,-9.93480888940161,5.0490748604133346e-14,1.6409425735481308e-11,-4.942136367377601e-12,-5.436958909884024e-13
strength_roof,TN-P015,N191,interior_applied_load,,-3.85,249.0,115.0,-3.742035217508215e-12,-8.056864092496971,-3.607047261230745e-12,4.561512658474983e-13,3.450316136094572e-12,-2.8302766489041412e-12
strength_roof,TN-P016,N192,interior_applied_load,,0.0,249.0,115.0,3.709050844236117e-09,-1.4665252696853046,9.562553016095876e-08,-6.925057638440535e-09,1.2950970297914716e-08,-4.7185657159332095e-07
strength_roof,TN-P017,N493,interior_applied_load,,0.0,249.0,117.5,-6.829099330108517e-09,-4.6055428621358185,-1.1744444017088355e-09,7.840534647216372e-09,-5.861384055426489e-11,-1.9997410111856053e-08
strength_roof,TN-P018,N494,interior_applied_load,,0.0,249.0,144.955,-2.899188345388643e-14,-9.211085725882777,-1.3196074993332451e-14,9.041539919548147e-13,-3.139083944746602e-15,1.5236939878685334e-13
strength_roof,TN-P019,N495,interior_applied_load,,0.0,249.0,172.41,-1.7458226475286347e-14,-9.2110857258841,-2.0760010003628157e-14,-3.4909679687761313e-13,-1.136292966188233e-14,2.9019257572282854e-12
strength_roof,TN-P020,N496,interior_applied_load,,0.0,249.0,199.864,2.8272587964102538e-14,-9.211085725884296,-9.710862855623305e-14,2.9749321094772467e-12,-4.609921801542302e-15,8.748147326342802e-13
strength_roof,TN-P021,N497,interior_applied_load,,0.0,249.0,227.319,-2.9802322387695312e-08,-4.605542863719165,0.0,0.0,4.656612873077393e-10,2.9802322387695312e-08
strength_roof,TN-P022,N516,interior_applied_load,,-0.0,249.0,229.319,-2.9802322387695312e-08,-12.325946112163365,-4.76837158203125e-07,0.0,0.0,-2.9802322387695312e-08
strength_roof,TN-P023,N193,interior_applied_load,,0.031,249.0,115.0,-2.4315195997057745e-09,-79.74417905073629,2.5391948267715976e-08,-1.2056951928317478e-10,-1.7302746112626287e-07,4.4101755694821843e-07
strength_roof,TN-P024,N194,interior_applied_load,,1.0,249.0,115.0,-9.356426744488999e-11,-7.67850605848389,2.2704682578478241e-10,2.319211489520967e-11,1.085140866052825e-10,3.1445779313798994e-10
strength_roof,TN-P025,N195,interior_applied_load,,9.344,249.0,115.0,-3.0487596748916222e-12,-344.95988657216935,-2.2473350049169473e-12,-2.1421865263705076e-13,-2.074739476083734e-11,-5.357116575101362e-11
strength_roof,TN-P026,N688,interior_applied_load,,10.167,249.0,229.319,4.469779702650849e-12,-10.014583343913404,2.0240501374086577e-12,-1.4374078008189748e-13,3.961106706232258e-12,3.867880223045751e-15
strength_roof,TN-P027,N517,interior_applied_load,,10.6,249.0,137.864,2.5011104298755527e-12,-8.319555897886403,1.4210854715202004e-14,-1.1368683772161603e-13,5.684341886080802e-14,-1.5916157281026244e-12
strength_roof,TN-P028,N518,interior_applied_load,,20.2,249.0,160.728,-7.941356463301777e-13,-8.319555897892574,-2.7973889003332934e-14,-4.518194260210247e-14,-6.081822234917207e-13,-4.131520196951248e-12
strength_roof,TN-P029,N196,interior_applied_load,,21.385,249.0,115.0,1.0655593668408594e-11,-85.01753854717685,2.6187193753541534e-11,1.1349863212336602e-12,1.4260723112210774e-11,7.968913729318737e-11
strength_roof,TN-P030,N197,interior_applied_load,,24.3,249.0,115.0,-2.0844053955852153e-11,-2.5111282136330044,-6.304403660960553e-11,-2.1592919903493255e-12,-7.105388850353194e-11,-3.0117724456022675e-11
strength_roof,TN-P031,N198,interior_applied_load,,28.031,249.0,115.0,5.538175089175324e-12,-344.22465357334863,-5.889602015244215e-11,3.010924553196122e-13,-5.481610045246193e-11,-9.463977219107778e-11
strength_roof,TN-P032,N519,interior_applied_load,,29.8,249.0,183.592,9.15774723018982e-13,-8.319555897889712,-4.48012444424484e-14,4.98562129205998e-13,1.4169423357599492e-13,-4.644886954192616e-12
strength_roof,TN-P033,N689,interior_applied_load,,38.333,249.0,229.319,1.105807079284203e-12,-10.14520834913867,6.850977755570679e-12,-1.2409826183463534e-13,-3.0897180388217057e-11,1.243411620150639e-12
strength_roof,TN-P034,N520,interior_applied_load,,39.4,249.0,206.455,2.8524867450770926e-13,-8.31955589788979,1.0680259493341696e-13,-1.4918164715977197e-12,-4.701385623141297e-13,-2.676500269469527e-13
strength_roof,TN-P035,N199,interior_applied_load,,42.74,249.0,115.0,6.630424598887397e-12,-86.4273913015106,-2.479552335050671e-11,2.549512357663124e-13,-1.328379819326538e-10,-4.5542977171290866e-11
strength_roof,TN-P036,N200,interior_applied_load,,46.719,249.0,115.0,-1.084008800377302e-11,-340.0950678815044,-7.730071801993996e-11,-2.7474585540155063e-13,3.810206638164531e-11,9.528001834400886e-12
strength_roof,TN-P037,N521,interior_applied_load,,49.0,249.0,229.319,-2.2753798845087658e-11,-7.2730071000294485,-1.5924828504487731e-09,-3.264942896465927e-11,-1.2385220652874618e-09,-3.842010390386896e-11
strength_roof,TN-P038,N201,interface_action,BR-N-upper-2,50.25,249.0,115.0,-183.1873404751284,198.73540743174954,-2.26098244095676,-154.41629448237066,-175.35324701495446,605.0759952010425
strength_roof,TN-P039,N690,interface_action,BR-N-upper-1,50.25,249.0,229.319,520.2157261381938,648.1533452525069,11.410683459540405,-522.2822902209493,183.63463322258718,1339.8585419795052
strength_roof,TN-P040,N202,interior_applied_load,,52.45,249.0,115.0,-1.3633890995728136e-10,-1.1335499366330395,2.278100290169298e-09,-1.4404620782525946e-10,-5.54135155739313e-10,-2.9968641777090175e-10
strength_roof,TN-P041,N203,interface_action,N1 / U-W,53.25,249.0,115.0,-837.6737121750789,2066.898162020746,-54.47324297283553,474.51661723780705,-2396.302762120368,28236.35593574042
strength_roof,TN-P042,N691,interface_action,N1 / U-W,53.25,249.0,229.319,-614.7315425007187,-502.7188822642231,15.557578692801476,610.3903919264213,-358.4939365834949,-2667.587436088735
strength_roof,TN-P043,N481,interface_action,N1 / U-W,56.25,249.0,207.0,959.923255618693,428.19388697613584,-11.490310679578148,-68.00718780268231,-6.050635467192577,914.7413687713369
strength_roof,TN-P044,N482,interior_applied_load,,57.25,249.0,207.0,0.0,-6.714120947755873,0.0,0.0,5.093170329928398e-10,0.0
strength_roof,TN-P045,N531,interior_applied_load,,57.25,249.0,209.5,7.450580596923828e-09,-2.989171450957656,-3.5762786865234375e-07,0.0,-3.637978807091713e-12,7.450580596923828e-09
strength_roof,TN-P046,N532,interior_applied_load,,57.25,249.0,227.319,-1.0649337113532997e-08,-2.989171451416648,-6.507093630592209e-08,-1.0112262383010773e-07,-4.621496274189232e-12,-1.2147775133031224e-08
strength_roof,TN-P047,N692,interior_applied_load,,57.25,249.0,229.319,1.6425735680087302e-08,-3.461562485095301,-5.524243444170153e-07,2.0409160688151007e-07,2.156450612494332e-10,-4.936634764854916e-10
strength_roof,TN-P048,N204,interior_applied_load,,64.094,249.0,115.0,3.2223378187997026e-11,-83.9595585461538,2.589333394753261e-10,2.954299297228031e-13,3.460610176735079e-10,1.3647457413011314e-09
strength_roof,TN-P049,N205,interior_applied_load,,65.406,249.0,115.0,1.0723949746365769e-11,-343.494143491308,7.25091231190167e-11,1.3367106126808085e-12,-5.758378224431973e-11,1.0220039482793903e-09
strength_roof,TN-P050,N693,interior_applied_load,,66.5,249.0,229.319,-3.188786351268911e-12,-6.008749997517883,1.2559376541955286e-11,3.598367484335617e-13,-7.411021640452482e-11,-3.511353423426387e-12
strength_roof,TN-P051,N541,interior_applied_load,,68.75,249.0,218.16,-2.2737367544323206e-12,-5.376241893322458,-6.821210263296962e-13,1.8189894035458565e-12,-1.0913936421275139e-11,0.0
strength_roof,TN-P052,N483,interior_applied_load,,80.25,249.0,207.0,-1.862645149230957e-09,-7.884249994531274,-1.1920928955078125e-07,-2.384185791015625e-07,0.0,3.725290298461914e-09
strength_roof,TN-P053,N533,interior_applied_load,,80.25,249.0,209.5,0.0,-2.989171452820301,2.384185791015625e-07,0.0,0.0,0.0
strength_roof,TN-P054,N534,interior_applied_load,,80.25,249.0,227.319,-1.8314891062076732e-09,-2.989171453154296,7.537962425085976e-08,-3.2041330186305395e-07,-5.069699314593907e-11,-2.6718684500992573e-08
strength_roof,TN-P055,N542,interior_applied_load,,80.25,249.0,229.319,-1.3895866130521146e-08,-12.795596942922385,-6.308109507862011e-08,-2.4997336701668e-07,-2.5631894462374754e-11,-1.2165615866745544e-08
strength_roof,TN-P056,N206,interior_applied_load,,80.6,249.0,115.0,4.1601608649339955e-12,-7.061071857249601,1.2412859079769041e-11,-4.585853247907945e-13,4.093375187284498e-12,-9.71260529940602e-10
strength_roof,TN-P057,N207,interior_applied_load,,84.094,249.0,115.0,-1.6330268237362898e-11,-339.0890423013951,5.181433671157897e-11,2.0987569028061667e-12,-9.0696728842764e-11,-8.759803934370442e-10
strength_roof,TN-P058,N208,interior_applied_load,,85.448,249.0,115.0,4.985457364471129e-11,-86.4273912906749,-1.3761199240609694e-10,-2.5907500572379726e-12,9.836328258935239e-11,-1.3673348190706215e-08
strength_roof,TN-P059,N543,interior_applied_load,,92.25,249.0,218.16,1.2732925824820995e-11,-5.497868662765541,2.7284841053187847e-12,-1.4551915228366852e-11,0.0,1.8189894035458565e-12
strength_roof,TN-P060,N694,interior_applied_load,,94.667,249.0,229.319,7.686898094368497e-12,-6.2700000521267745,1.2120091094093139e-11,3.1456431678820757e-11,2.5874043310704396e-10,-1.6480569577936327e-11
strength_roof,TN-P061,N209,interior_applied_load,,102.781,249.0,115.0,-1.6506227833900992e-11,-345.32592881872995,-3.7003237048211045e-12,8.096673181567083e-13,4.278307295251241e-12,1.896850043138436e-09
strength_roof,TN-P062,N484,interior_applied_load,,104.25,249.0,207.0,5.611218512058258e-08,-13.549868665635586,-4.76837158203125e-07,-1.1920928955078125e-06,-1.6065314412117004e-08,-2.4330802261829376e-08
strength_roof,TN-P063,N535,interior_applied_load,,104.25,249.0,209.5,-4.330649971961975e-08,-2.9891714565455914,7.152557373046875e-07,0.0,-1.7462298274040222e-09,0.0
strength_roof,TN-P064,N536,interior_applied_load,,104.25,249.0,227.319,2.374891033829485e-09,-2.989171452241249,-9.47793162009436e-08,5.688713765050757e-07,4.97442972398505e-12,-3.4459058384506136e-09
strength_roof,TN-P065,N695,interior_applied_load,,104.25,249.0,229.319,-5.664651235162062e-09,-7.358541666570992,-2.3187882867458534e-07,-3.201706905955353e-07,7.280705837625248e-11,1.595705621942009e-09
strength_roof,TN-P066,N210,interior_applied_load,,106.802,249.0,115.0,1.5888780622413664e-11,-81.62161165949767,-2.014240428953258e-11,-2.0706111248846895e-12,5.0836939620290327e-11,3.77637040975087e-09
strength_roof,TN-P067,N211,interior_applied_load,,108.75,249.0,115.0,4.530160695050486e-12,-5.5417999721241245,5.2991234121580594e-11,9.912055937326739e-13,4.3020393977444935e-11,4.215772862345124e-09
strength_roof,TN-P068,N544,interior_applied_load,,116.25,249.0,218.16,-3.637978807091713e-12,-5.497868662761903,-2.2737367544323206e-12,-3.092281986027956e-11,4.001776687800884e-11,2.2737367544323206e-12
strength_roof,TN-P069,N212,interior_applied_load,,121.469,249.0,115.0,-1.1777741871412068e-11,-344.58990850899977,-1.0354923043394923e-13,-1.1353990021392664e-13,-3.642022153729779e-12,-8.036766384164109e-10
strength_roof,TN-P070,N696,interior_applied_load,,122.833,249.0,229.319,2.5360918861415883e-11,-6.269999985880992,-3.718110049601393e-11,7.455259974435699e-12,1.418401859141704e-10,8.929066801910311e-11
strength_roof,TN-P071,N213,interior_applied_load,,128.156,249.0,115.0,-3.450649840353483e-12,-85.19701729838509,1.4479202851984676e-12,3.4353898166330595e-13,-1.1152165197276354e-11,-2.3568624488240416e-09
strength_roof,TN-P072,N485,interior_applied_load,,128.25,249.0,207.0,3.725290298461914e-09,-7.884249988943338,-2.384185791015625e-07,-2.384185791015625e-07,0.0,-9.313225746154785e-09
strength_roof,TN-P073,N537,interior_applied_load,,128.25,249.0,209.5,-1.862645149230957e-09,-2.9891714565455914,0.0,0.0,0.0,3.725290298461914e-09
strength_roof,TN-P074,N538,interior_applied_load,,128.25,249.0,227.319,-3.0374274012645586e-08,-2.9891714535579585,-3.441081219968112e-08,-5.593823444449697e-07,-4.161975213657798e-11,5.284580611997214e-08
strength_roof,TN-P075,N545,interior_applied_load,,128.25,249.0,229.319,-7.378126765492725e-09,-12.795596948324322,-2.8154779225053897e-07,8.825989345838247e-08,-1.7018876460943787e-10,1.463152658993488e-07
strength_roof,TN-P076,N214,interior_applied_load,,136.9,249.0,115.0,2.5908263970481553e-11,-4.534200061387209,9.38561478108238e-12,5.972460867530891e-13,-8.33548278258126e-12,2.1599296857508734e-09
strength_roof,TN-P077,N546,interior_applied_load,,139.75,249.0,218.16,7.275957614183426e-12,-5.376241893322003,-2.7284841053187847e-12,1.2732925824820995e-11,-5.4569682106375694e-12,9.094947017729282e-13
strength_roof,TN-P078,N215,interior_applied_load,,140.156,249.0,115.0,-5.9684548143706666e-12,-342.02210286874924,7.793194613006464e-12,-2.990454104550502e-14,4.6669112605877445e-11,3.5441210200944226e-09
strength_roof,TN-P079,N216,interior_applied_load,,149.51,249.0,115.0,-3.238650790025281e-12,-86.42739130154624,3.1055580286668852e-12,-4.015602353781431e-13,-5.833157444798319e-12,-7.019193247544308e-10
strength_roof,TN-P080,N697,interior_applied_load,,151.0,249.0,229.319,-1.3883827421068418e-10,-6.008749980516011,-1.919477785466972e-07,-7.48907255680921e-12,5.3626900992781446e-08,-1.0790864202192552e-08
strength_roof,TN-P081,N486,interior_applied_load,,151.25,249.0,207.0,3.725290298461914e-09,-6.71412094309926,4.76837158203125e-07,-2.384185791015625e-07,-1.3969838619232178e-09,-3.725290298461914e-09
strength_roof,TN-P082,N539,interior_applied_load,,151.25,249.0,209.5,0.0,-2.989171452820301,2.384185791015625e-07,-2.384185791015625e-07,-2.3283064365386963e-10,-7.450580596923828e-09
strength_roof,TN-P083,N540,interior_applied_load,,151.25,249.0,227.319,-3.513758972673031e-08,-2.9891714524263313,2.5076465703932627e-07,-5.629804604723176e-07,-1.515671316947001e-10,9.76566205679319e-09
strength_roof,TN-P084,N698,interior_applied_load,,151.25,249.0,229.319,2.641315727247573e-08,-1.1103124225327847,-2.2296954640412502e-07,6.946892211041738e-08,6.012318882770568e-08,-4.564373129456456e-09
strength_roof,TN-P085,N487,interior_applied_load,,152.25,249.0,207.0,-1.5675033368038447e-10,-0.16775006156791658,3.518317132805602e-08,1.5148141307514566e-09,1.0246823939286313e-07,-7.424354048215096e-08
strength_roof,TN-P086,N475,interior_applied_load,,155.25,249.0,120.0,-1.0744069809395069e-13,-13.810985069608378,-3.1277876887238446e-15,-3.086101864167868e-12,-1.0623441084231265e-13,2.4783581473393256e-12
strength_roof,TN-P087,N476,interior_applied_load,,155.25,249.0,146.657,4.601348934535978e-13,-27.621970139250976,1.9280281717360116e-13,-1.5538561571157911e-13,1.8621564524966886e-14,-1.2122288765684941e-12
strength_roof,TN-P088,N477,interior_applied_load,,155.25,249.0,173.314,7.753950499802196e-14,-27.62197013925099,1.9870962422724766e-13,-1.994463503620415e-11,-1.0623441084231265e-13,-1.1740613301588229e-11
strength_roof,TN-P089,N478,interior_applied_load,,155.25,249.0,199.971,1.1722187261833125e-12,-17.45272986144404,2.711224284682637e-11,6.2717224953176315e-12,2.0006476229974614e-13,-6.0130463582081605e-12
strength_roof,TN-P090,N479,interior_applied_load,,155.25,249.0,207.0,1.477044749913068e-11,-13.81098505583088,-1.6315397600509437e-07,4.3900309109991594e-09,1.1531147380493369e-07,-4.6487347899965716e-08
strength_roof,TN-P091,N480,interior_applied_load,,155.25,249.0,226.628,0.0,-10.169240273535252,-2.384185791015625e-07,0.0,2.3283064365386963e-10,0.0
strength_roof,TN-P092,N699,interior_applied_load,,155.25,249.0,229.319,0.0,-2.2859374806284904,0.0,-2.384185791015625e-07,2.0954757928848267e-09,1.4901161193847656e-08
strength_roof,TN-P093,N217,interior_applied_load,,158.844,249.0,115.0,4.209782190701625e-12,-343.12888855398256,-7.451554183617458e-12,-9.21751809696602e-13,-3.478870201838898e-12,-6.633614428557942e-10
strength_roof,TN-P094,N522,interior_applied_load,,160.0,249.0,229.319,1.6268927770511202e-11,-10.64787934571834,1.5595137442223597e-11,6.991436173164117e-12,9.306795992942793e-11,5.17058147747899e-10
strength_roof,TN-P095,N218,interior_applied_load,,165.05,249.0,115.0,1.0610844218291725e-11,-4.542071799445067,1.0372362874095394e-11,1.850104140453566e-12,5.090961834018478e-11,1.251610279493693e-09
strength_roof,TN-P096,N219,interior_applied_load,,170.865,249.0,115.0,-9.164758721088337e-12,-84.08235976804673,6.340645747508726e-12,-1.568955658666854e-12,-5.1126057788163124e-12,-8.400945731253181e-10
strength_roof,TN-P097,N523,interior_applied_load,,172.85,249.0,206.455,2.0119268094664379e-13,-8.79930040280591,8.367280822912258e-14,2.0770343387725133e-12,-1.5373350976503577e-12,6.935465015834445e-12
strength_roof,TN-P098,N220,interior_applied_load,,177.531,249.0,115.0,3.896965302445324e-12,-340.7090741801057,3.421429175057737e-10,1.8188027689825626e-12,-6.023971221269869e-10,2.8324658434463814e-09
strength_roof,TN-P099,N700,interior_applied_load,,179.167,249.0,229.319,-2.4936760048219392e-11,-5.225000028329803,-1.6821582802893262e-08,4.84034572327077e-13,4.539744905154289e-09,1.151481430137931e-09
strength_roof,TN-P100,N221,interior_applied_load,,180.0,249.0,115.0,2.354229167167432e-08,-5.5496718795072155,-4.3766810620127217e-08,1.630260371143777e-08,-4.813372862602242e-10,9.710718629207804e-08
strength_roof,TN-P101,N498,interior_applied_load,,180.0,249.0,117.5,3.6510414247459266e-08,-4.605542841736508,-3.611141607962054e-08,3.6288838600739837e-09,1.5297985100914957e-10,6.192976798047312e-09
strength_roof,TN-P102,N499,interior_applied_load,,180.0,249.0,144.955,-2.2737367544323206e-13,-9.211085725881276,5.684341886080802e-14,-1.1368683772161603e-12,-1.4210854715202004e-14,-1.8189894035458565e-12
strength_roof,TN-P103,N500,interior_applied_load,,180.0,249.0,172.41,2.2737367544323206e-13,-9.211085725881276,5.684341886080802e-14,-4.547473508864641e-13,2.841650688579536e-15,-5.4569682106375694e-12
strength_roof,TN-P104,N501,interior_applied_load,,180.0,249.0,199.864,-3.317490589516628e-13,-9.211085725862999,5.846362349036613e-14,6.269080795775892e-12,1.1060344672542901e-14,-1.847298865954865e-12
strength_roof,TN-P105,N502,interior_applied_load,,180.0,249.0,227.319,3.0633123043743993e-07,-4.605542894290252,-4.1833178471284427e-07,6.338082666479394e-07,-1.496921731276529e-10,-2.6134193820137597e-07
strength_roof,TN-P106,N701,interior_applied_load,,180.0,249.0,229.319,-1.2164340317338302e-07,-7.358541651236401,-1.3035185993034496e-07,-9.648176789133997e-07,7.541781003098859e-09,-3.805362973971976e-07
strength_roof,TN-P107,N524,interior_applied_load,,185.7,249.0,183.592,3.6731342940820087e-13,-8.799300402809413,1.8393577445336761e-13,-1.4915876460283149e-12,1.881303938222336e-13,-4.259658484001548e-12
strength_roof,TN-P108,N222,interior_applied_load,,192.219,249.0,115.0,2.1203518073172956e-11,-84.35393945083322,-4.48101633505353e-09,3.829285500763671e-12,1.1652644099688721e-09,1.8907895000340894e-09
strength_roof,TN-P109,N223,interior_applied_load,,193.2,249.0,115.0,2.351658276025779e-11,-1.511399952978374,-1.5264051743961226e-09,-1.2034547467151988e-11,-4.4481420132224245e-10,-7.382330098707697e-11
strength_roof,TN-P110,N224,interior_applied_load,,196.219,249.0,115.0,3.140499566679118e-12,-378.44497795122555,-7.192526644611411e-12,2.5419201677095542e-12,-6.992669979267017e-11,-4.403015412330849e-10
strength_roof,TN-P111,N525,interior_applied_load,,198.55,249.0,160.728,-3.4783312126394984e-12,-8.799300402792674,-2.392631106900817e-13,2.9162081153572194e-12,-1.728594239329381e-13,2.955443643924071e-12
strength_roof,TN-P112,N702,interior_applied_load,,207.333,249.0,229.319,-7.856126830008207e-13,-11.560312498809795,-1.7974659748558615e-11,-8.113629504878346e-12,-1.1459405695898629e-10,2.585917745648583e-10
strength_roof,TN-P113,N526,interior_applied_load,,211.4,249.0,137.864,3.637978807091713e-12,-8.799300402810331,8.810729923425242e-13,-3.637978807091713e-12,-4.547473508864641e-13,1.7053025658242404e-13
strength_roof,TN-P114,N225,interior_applied_load,,213.573,249.0,115.0,2.6785019111464416e-12,-86.4273912991932,-2.4611347817499183e-09,7.236808593226044e-12,2.931567927408301e-10,5.617470128144292e-11
strength_roof,TN-P115,N226,interior_applied_load,,214.906,249.0,115.0,-7.5926863760231e-12,-373.6856422728895,5.859387949254597e-11,-6.600342988515603e-13,-1.6355575145581709e-10,7.80125111523796e-11
strength_roof,TN-P116,N227,interior_applied_load,,221.35,249.0,115.0,-4.2097864867116734e-11,-3.530535982008561,-5.756646496114449e-11,-1.0806253602654715e-12,2.659093358120571e-11,-4.97701883904195e-10
strength_roof,TN-P117,N228,interface_action,N2; T-E,224.25,249.0,115.0,-336.60264390707016,3817.863221820444,-349.45920956134796,994.2434991598129,-117.22521608974785,-3526.5714730620384
strength_roof,TN-P118,N503,interface_action,T-E,224.25,249.0,117.5,585.2656688094139,-1664.195409025997,334.9602952003479,-2747.0698277950287,-895.7064485810697,5623.278238534927
strength_roof,TN-P119,N186,interface_action,T-E,224.25,249.0,120.0,-2.8323617954010842,1110.346326619736,-5.113838707795367,-323.76509678777074,-62.58018402808921,237.5836639928457
strength_roof,TN-P120,N504,interior_applied_load,,224.25,249.0,144.955,0.0,-9.211085725881276,-1.4210854715202004e-14,-1.3642420526593924e-12,2.842170943040401e-14,1.1368683772161603e-13
strength_roof,TN-P121,N505,interior_applied_load,,224.25,249.0,172.41,8.356670956747089e-16,-9.21108572588919,-2.1328474307169044e-14,-3.915618356077414e-13,2.6798446884638744e-14,-5.963603171863151e-14
strength_roof,TN-P122,N506,interior_applied_load,,224.25,249.0,199.864,-1.9758672334324782e-14,-9.211085725882478,2.179364906558531e-13,1.5839618665165163e-12,3.4554578222580823e-15,4.719121209538257e-13
strength_roof,TN-P123,N507,interior_applied_load,,224.25,249.0,227.319,2.5911688440738434e-08,-4.605542858089278,1.8816671873422841e-06,3.0897711452704257e-06,6.569102909109461e-12,-1.3788073237319676e-07
strength_roof,TN-P124,N527,interface_action,N2; T-E top / segment 4,224.25,249.0,229.319,-65.54074517971323,-590.0549249202911,6.2071428161939854,-797.3362734890841,-211.28825093632366,-12546.01023108357
strength_roof,TN-P125,N528,interior_applied_load,,230.312,249.0,200.739,-7.289547703741932e-13,-9.80187770426863,1.944013846968688e-13,1.3624458606208251e-12,-4.74210441701414e-13,3.3490010914664663e-13
strength_roof,TN-P126,N703,interior_applied_load,,235.5,249.0,229.319,-2.9804210239426492e-12,-6.424304463011698,3.0641897591262246e-11,-3.8771030324833897e-11,1.5956384372162871e-10,-6.255350757234047e-11
strength_roof,TN-P127,N529,interior_applied_load,,236.375,249.0,172.16,6.850800454022774e-13,-9.801877704258665,-8.934606843770968e-14,2.0092510204816943e-12,3.8461003967613764e-13,-3.905417992479012e-13
strength_roof,TN-P128,N530,interior_applied_load,,242.438,249.0,143.58,-1.8189894035458565e-12,-9.801877704256185,-3.126388037344441e-13,-1.8189894035458565e-12,-3.410605131648481e-13,4.547473508864641e-13
strength_roof,TN-P129,N229,interior_applied_load,,248.5,249.0,115.0,0.0,-14.441651333123446,-4.76837158203125e-07,0.0,0.0,-2.384185791015625e-07
strength_roof,TN-P130,N508,interior_applied_load,,248.5,249.0,117.5,0.0,-4.4702584855258465,4.76837158203125e-07,-4.76837158203125e-07,0.0,-5.960464477539063e-08
strength_roof,TN-P131,N509,interior_applied_load,,248.5,249.0,144.148,5.9419972586542826e-15,-8.940516968506802,5.682431516447015e-13,4.450665759948026e-12,6.258468341743647e-14,-2.871683366385626e-13
strength_roof,TN-P132,N510,interior_applied_load,,248.5,249.0,170.797,4.6221880107647196e-14,-8.940516968508463,-3.850217533650364e-13,4.8432768730315284e-11,-4.0454109895634193e-14,-4.284076824749006e-13
strength_roof,TN-P133,N511,interior_applied_load,,248.5,249.0,197.445,-1.1026917277064426e-13,-8.940516968502953,3.7728686861551394e-13,-2.056903293155379e-11,-3.856877337840405e-16,-1.3734691040832984e-12
strength_roof,TN-P134,N512,interior_applied_load,,248.5,249.0,224.093,-2.013905383543902e-08,-4.470258487707887,1.6458061452977132e-07,-6.014884494078494e-09,-5.2619962151944534e-12,-3.0070395157776767e-09
strength_roof,TN-P135,N704,interior_applied_load,,248.5,249.0,226.324,8.556544863997472e-09,-3.753337511917795,-1.4384742730409371e-07,6.859594095355646e-07,-1.5629514012188187e-09,1.0805204067091791e-08
strength_roof,TN-P136,N230,interior_applied_load,,249.5,249.0,115.0,-1.1997736137914217e-11,-0.3778500148133654,-1.0834957354932673e-08,1.3050002051206988e-11,-2.692808628856902e-09,1.0250787926824323e-09
strength_roof,TN-P137,N705,interior_applied_load,,249.5,249.0,226.093,2.9101959484957353e-10,-0.26809553416982784,-5.164184634382845e-09,2.7775203722616323e-10,1.2003031513668666e-10,-5.048650341269416e-10
strength_HB0.25,TN-P001,N148,interface_action,BR-N-upper-1; T-W / B-WO; W4,-32.0,249.0,115.0,-216.9060554834956,215.22195243410326,101.0066602100967,493.24923429076034,-4828.720194896377,-5556.81508731845
strength_HB0.25,TN-P002,N628,interface_action,BR-N-upper-2; T-W top / segment 2; W4,-32.0,249.0,226.093,269.2541140174452,282.8291163752574,-18.748187272784868,311.966510305041,237.5411958537988,3426.2949549991627
strength_HB0.25,TN-P003,N189,interior_applied_load,,-31.0,249.0,115.0,-8.133213214023272e-09,-9.001740365581554,-5.054317853137036e-08,3.693617145472672e-08,-9.993890159876173e-10,3.253444447182119e-08
strength_HB0.25,TN-P004,N488,interior_applied_load,,-31.0,249.0,117.5,-7.231153082459251e-09,-4.470258484717117,1.4632850409293447e-08,-4.409447974353787e-09,5.538295060148846e-11,-7.929858405140428e-09
strength_HB0.25,TN-P005,N489,interior_applied_load,,-31.0,249.0,144.148,8.339225454380178e-14,-8.940516968503124,-2.736077937157405e-17,1.2471169016278352e-12,3.571757945403508e-15,9.579731449964447e-13
strength_HB0.25,TN-P006,N490,interior_applied_load,,-31.0,249.0,170.797,6.92940678380602e-14,-8.940516968503227,-1.631805572986674e-13,-9.302266780020774e-13,1.185168392549768e-14,-8.104537408569237e-13
strength_HB0.25,TN-P007,N491,interior_applied_load,,-31.0,249.0,197.445,-2.8869681992062136e-14,-8.940516968503223,-2.3765873732878906e-13,-4.603214294283538e-12,-2.0170615545439635e-14,-4.443443819396693e-13
strength_HB0.25,TN-P008,N492,interior_applied_load,,-31.0,249.0,224.093,-5.960464477539063e-08,-4.470258484128863,4.76837158203125e-07,0.0,0.0,0.0
strength_HB0.25,TN-P009,N686,interior_applied_load,,-31.0,249.0,226.324,-5.960464477539063e-08,-3.7533375113271177,0.0,-4.76837158203125e-07,2.0954757928848267e-08,1.1920928955078125e-07
strength_HB0.25,TN-P010,N513,interior_applied_load,,-23.25,249.0,143.58,7.958078640513122e-13,-9.93480888939996,2.1316282072803006e-13,1.2505552149377763e-12,-1.3642420526593924e-12,1.3415046851150692e-11
strength_HB0.25,TN-P011,N190,interior_applied_load,,-21.323,249.0,115.0,1.605242278854722e-11,-89.62494693046403,-5.73422468686429e-13,4.421121876286393e-14,3.803142035777818e-13,4.0049728985863616e-13
strength_HB0.25,TN-P012,N687,interior_applied_load,,-18.0,249.0,229.319,1.286941665426854e-11,-8.187741967326204,2.3846833953045042e-12,1.4746807479173976e-11,-8.305429558606089e-12,9.52682727264924e-12
strength_HB0.25,TN-P013,N514,interior_applied_load,,-15.5,249.0,172.16,-1.6635531357196706e-13,-9.934808889403946,-2.9250417318999427e-13,5.28127510498834e-12,8.967634955541328e-14,5.936631952663939e-12
strength_HB0.25,TN-P014,N515,interior_applied_load,,-7.75,249.0,200.739,5.662225610321744e-13,-9.934808889401678,-5.909544015518276e-14,-1.1054158168888208e-11,1.5866865438878861e-12,9.991071980110099e-12
strength_HB0.25,TN-P015,N191,interior_applied_load,,-3.85,249.0,115.0,-1.8787757694147835e-11,-8.05686409249071,8.193441387533912e-12,4.2181223197031364e-13,-2.2296349852861807e-11,4.9750093566181385e-11
strength_HB0.25,TN-P016,N192,interior_applied_load,,0.0,249.0,115.0,-7.83830103046057e-08,-1.4665423669723197,2.425752677570614e-05,1.5460766444874707e-08,-2.8134801657046427e-07,-3.266124082301758e-07
strength_HB0.25,TN-P017,N493,interior_applied_load,,0.0,249.0,117.5,-5.3383502382860236e-09,-4.605542862697243,-5.915603462397145e-09,-7.193422430397009e-09,-5.507968324599043e-11,1.8821848990589073e-08
strength_HB0.25,TN-P018,N494,interior_applied_load,,0.0,249.0,144.955,-1.588602196571511e-13,-9.211085725882766,2.3833332138630122e-14,-2.9995772835635134e-13,-6.73549525340456e-16,-5.680861687012447e-13
strength_HB0.25,TN-P019,N495,interior_applied_load,,0.0,249.0,172.41,6.92802166974528e-15,-9.211085725883304,-1.045337636613665e-14,1.166849685206465e-12,-2.2083535936204844e-14,3.557877378868202e-12
strength_HB0.25,TN-P020,N496,interior_applied_load,,0.0,249.0,199.864,2.8530704276112025e-14,-9.211085725883574,-1.504418111303706e-13,1.1446836957840798e-12,-8.288966216204539e-16,-8.311200104417501e-13
strength_HB0.25,TN-P021,N497,interior_applied_load,,0.0,249.0,227.319,1.1920928955078125e-07,-4.605542864650488,-9.5367431640625e-07,-4.76837158203125e-07,0.0,-5.960464477539063e-08
strength_HB0.25,TN-P022,N516,interior_applied_load,,-0.0,249.0,229.319,-1.1920928955078125e-07,-12.32594611030072,4.76837158203125e-07,-9.5367431640625e-07,0.0,-5.960464477539063e-08
strength_HB0.25,TN-P023,N193,interior_applied_load,,0.031,249.0,115.0,-1.2092005226002544e-09,-79.74420532521408,-3.738993798031299e-05,-5.184524805179925e-11,1.331776071966612e-07,1.6596737943191247e-07
strength_HB0.25,TN-P024,N194,interior_applied_load,,1.0,249.0,115.0,1.858211362559814e-10,-7.678506059198298,-1.323350429238701e-09,-1.0174971976084635e-11,-6.572236088686623e-10,-4.965841071680188e-10
strength_HB0.25,TN-P025,N195,interior_applied_load,,9.344,249.0,115.0,-1.0249301904382629e-11,-511.48365130166934,-5.478704161940249e-13,1.7929962517511908e-13,1.5383376271191337e-12,-4.048402301795621e-11
strength_HB0.25,TN-P026,N688,interior_applied_load,,10.167,249.0,229.319,8.267770811613033e-12,-10.014583343913747,5.2507575356896655e-12,-3.0093029689752177e-13,2.944347262198454e-11,5.883243378668357e-13
strength_HB0.25,TN-P027,N517,interior_applied_load,,10.6,249.0,137.864,1.7053025658242404e-12,-8.319555897892315,2.6978419498391304e-14,-2.8421709430404007e-13,2.5579538487363607e-13,-2.2737367544323206e-12
strength_HB0.25,TN-P028,N518,interior_applied_load,,20.2,249.0,160.728,-1.0171198528882497e-13,-8.319555897889611,-3.2745686610891714e-14,-2.3343010631538413e-13,-6.920328750815107e-14,-8.828934165772348e-12
strength_HB0.25,TN-P029,N196,interior_applied_load,,21.385,249.0,115.0,-4.024831949328777e-13,-85.0175385472308,-3.263312699506026e-12,-4.312906128247797e-13,4.474214746929406e-12,-3.978489080789072e-13
strength_HB0.25,TN-P030,N197,interior_applied_load,,24.3,249.0,115.0,-4.930463562958657e-12,-2.511128213544904,-1.2569287993205549e-11,3.410360555803927e-13,-2.883944042352483e-12,-1.7511094990581752e-10
strength_HB0.25,TN-P031,N198,interior_applied_load,,28.031,249.0,115.0,3.440587681144982e-11,-510.7484183028339,-1.1400102903250263e-11,-3.7849791592964673e-13,-2.8845637976704148e-12,-1.060499695217621e-10
strength_HB0.25,TN-P032,N519,interior_applied_load,,29.8,249.0,183.592,-9.608787905065034e-13,-8.319555897890856,4.2138301136758196e-14,-1.7104260353886883e-13,2.823224453304333e-13,2.16937036867973e-13
strength_HB0.25,TN-P033,N689,interior_applied_load,,38.333,249.0,229.319,-6.649598541949038e-14,-10.145208349138356,-5.955170130625012e-14,2.9902593733592084e-14,-8.94606977665186e-12,-6.165014581084053e-13
strength_HB0.25,TN-P034,N520,interior_applied_load,,39.4,249.0,206.455,1.450629508840445e-12,-8.319555897888065,5.6635080377681246e-14,1.4077964972319822e-12,2.1365109329836067e-12,-3.1921261473592435e-12
strength_HB0.25,TN-P035,N199,interior_applied_load,,42.74,249.0,115.0,-4.230718763347067e-12,-86.4273913015098,-1.51367943814238e-11,4.458871278312581e-13,-2.7711572784757146e-11,-4.333967646302853e-11
strength_HB0.25,TN-P036,N200,interior_applied_load,,46.719,249.0,115.0,-3.231385229801078e-12,-506.6188326109907,-2.405958311422425e-11,2.223036322696393e-14,7.011813054405307e-12,-1.6407418938400468e-11
strength_HB0.25,TN-P037,N521,interior_applied_load,,49.0,249.0,229.319,-6.831890608793856e-11,-7.273007099825489,2.233788584660168e-09,-2.1232864496971918e-11,9.215922990024605e-10,-1.2972748049400185e-10
strength_HB0.25,TN-P038,N201,interface_action,BR-N-upper-2,50.25,249.0,115.0,-267.4116525905778,322.01068843154314,-0.3931260383073654,-106.38645613321215,-168.35451215395804,425.8603510596288
strength_HB0.25,TN-P039,N690,interface_action,BR-N-upper-1,50.25,249.0,229.319,706.3242926557314,895.2043856457351,14.87786252033997,-721.678238096651,164.61086427348206,1648.229757178093
strength_HB0.25,TN-P040,N202,interior_applied_load,,52.45,249.0,115.0,1.481830152827205e-10,-1.1335499370327113,-1.639631200482307e-09,-6.093511484201479e-10,2.3222329333809525e-10,3.423197225575948e-11
strength_HB0.25,TN-P041,N203,interface_action,N1 / U-W,53.25,249.0,115.0,-1254.2479531851961,2837.887942726692,-75.91069782276108,473.662247206836,-4024.734391629899,39353.19405652169
strength_HB0.25,TN-P042,N691,interface_action,N1 / U-W,53.25,249.0,229.319,-766.9825805232281,-677.4766753925061,16.771632737079607,844.1253691853644,-402.9443205004265,-3187.1892651584276
strength_HB0.25,TN-P043,N481,interface_action,N1 / U-W,56.25,249.0,207.0,1223.903160981543,493.2758910822119,-11.445155159626804,-86.1067460280462,-79.48278419133865,1101.850488652242
strength_HB0.25,TN-P044,N482,interior_applied_load,,57.25,249.0,207.0,-1.4901161193847656e-08,-6.7141209449619055,0.0,-1.1920928955078125e-07,6.111804395914078e-10,-2.9802322387695312e-08
strength_HB0.25,TN-P045,N531,interior_applied_load,,57.25,249.0,209.5,0.0,-2.989171452820301,-1.1920928955078125e-07,-1.1920928955078125e-07,0.0,0.0
strength_HB0.25,TN-P046,N532,interior_applied_load,,57.25,249.0,227.319,1.6874530425758927e-08,-2.9891714511186382,1.8572031673658174e-07,2.9439523596686e-08,-7.083843114773654e-11,-5.005479422615089e-08
strength_HB0.25,TN-P047,N692,interior_applied_load,,57.25,249.0,229.319,-4.463897186744206e-08,-3.4615624843910506,-2.9051409383572357e-07,2.1571057000005664e-07,5.187598884198682e-10,-1.6851803604567016e-09
strength_HB0.25,TN-P048,N204,interior_applied_load,,64.094,249.0,115.0,2.3343539125307356e-11,-83.95955855105129,-7.920325268539818e-11,1.4554735612781893e-12,-3.4666157891002346e-11,-2.887276342088167e-09
strength_HB0.25,TN-P049,N205,interior_applied_load,,65.406,249.0,115.0,-3.2775659266570614e-11,-510.01790821677747,9.14372565885634e-12,1.0489763634850013e-13,2.6573338258724644e-11,-1.025389332059613e-09
strength_HB0.25,TN-P050,N693,interior_applied_load,,66.5,249.0,229.319,-1.1977385576539125e-11,-6.008749997517909,1.0024665268951194e-11,1.4519393697335167e-13,-2.3528422393490126e-11,-2.8025918327167666e-12
strength_HB0.25,TN-P051,N541,interior_applied_load,,68.75,249.0,218.16,-7.958078640513122e-13,-5.37624189332081,-2.2737367544323206e-13,-9.094947017729282e-13,-3.637978807091713e-12,9.094947017729282e-13
strength_HB0.25,TN-P052,N483,interior_applied_load,,80.25,249.0,207.0,0.0,-7.8842499908059835,-1.1920928955078125e-07,-1.1920928955078125e-07,0.0,2.9802322387695312e-08
strength_HB0.25,TN-P053,N533,interior_applied_load,,80.25,249.0,209.5,-1.4901161193847656e-08,-2.989171454682946,0.0,1.1920928955078125e-07,0.0,0.0
strength_HB0.25,TN-P054,N534,interior_applied_load,,80.25,249.0,227.319,1.430575374827825e-08,-2.989171454846689,-8.013295468844994e-08,3.971028766924789e-08,-8.800334233921197e-11,-7.100445909014041e-08
strength_HB0.25,TN-P055,N542,interior_applied_load,,80.25,249.0,229.319,-3.3317274410882184e-08,-12.795596942432171,9.995641436694662e-08,-6.25399393253554e-09,-3.58224958609634e-11,-3.2842773287606095e-08
strength_HB0.25,TN-P056,N206,interior_applied_load,,80.6,249.0,115.0,4.989358630065797e-12,-7.061071856397085,-1.4222303973098318e-11,2.1907350927009437e-13,-2.1072115741046616e-11,5.385079773528143e-10
strength_HB0.25,TN-P057,N207,interior_applied_load,,84.094,249.0,115.0,-6.609375373016335e-11,-505.6128070179031,-6.542330724200887e-11,3.3535640885782384e-13,2.466468669882884e-10,8.629027329853552e-09
strength_HB0.25,TN-P058,N208,interior_applied_load,,85.448,249.0,115.0,2.0561442688433124e-11,-86.42739130615533,1.3139173180176285e-10,-6.630840879875947e-13,-1.216135503122793e-10,-6.572196648825106e-10
strength_HB0.25,TN-P059,N543,interior_applied_load,,92.25,249.0,218.16,3.637978807091713e-12,-5.497868662761903,9.094947017729282e-13,-9.094947017729282e-13,1.2732925824820995e-11,-3.637978807091713e-12
strength_HB0.25,TN-P060,N694,interior_applied_load,,94.667,249.0,229.319,1.038219795632022e-11,-6.270000052122239,6.514822494121695e-12,-6.108404446691654e-12,7.807339451229732e-11,-1.0609902025541876e-10
strength_HB0.25,TN-P061,N209,interior_applied_load,,102.781,249.0,115.0,3.4766370261268497e-13,-511.8496935494905,-1.4912844845206245e-12,-9.982246138070233e-13,-2.8488779100786684e-11,-4.103710224789976e-09
strength_HB0.25,TN-P062,N484,interior_applied_load,,104.25,249.0,207.0,4.470348358154297e-08,-13.549868661910295,-1.1920928955078125e-07,-2.384185791015625e-07,-1.0477378964424133e-08,-1.4901161193847656e-08
strength_HB0.25,TN-P063,N535,interior_applied_load,,104.25,249.0,209.5,-2.9802322387695312e-08,-2.9891714490950108,4.76837158203125e-07,0.0,-5.820766091346741e-09,2.9802322387695312e-08
strength_HB0.25,TN-P064,N536,interior_applied_load,,104.25,249.0,227.319,5.448040278632771e-08,-2.9891714470197486,-2.8421073446083245e-07,-9.758332894516109e-08,1.513576893376426e-10,-1.5210290166267626e-08
strength_HB0.25,TN-P065,N695,interior_applied_load,,104.25,249.0,229.319,-1.5464099524586358e-08,-7.358541665464367,-1.0386602960833517e-08,-2.709396348628242e-07,-5.692984779771235e-11,-3.184775198753687e-08
strength_HB0.25,TN-P066,N210,interior_applied_load,,106.802,249.0,115.0,-1.467192872291013e-11,-81.62161165861785,5.499856623961994e-11,-7.72741543018087e-13,-1.1968171974045678e-10,-8.279972762887625e-09
strength_HB0.25,TN-P067,N211,interior_applied_load,,108.75,249.0,115.0,-4.33054766211492e-12,-5.541799964609813,4.534134083770869e-11,1.2336976213653213e-12,7.071956935481123e-11,8.938855441791406e-09
strength_HB0.25,TN-P068,N544,interior_applied_load,,116.25,249.0,218.16,0.0,-5.497868662760084,-1.8189894035458565e-12,-2.3646862246096134e-11,3.092281986027956e-11,1.8189894035458565e-12
strength_HB0.25,TN-P069,N212,interior_applied_load,,121.469,249.0,115.0,-8.643273495435994e-13,-511.1136732388098,-7.961397589288615e-13,-2.262935417351956e-13,7.78679635174331e-12,-8.346969163934958e-10
strength_HB0.25,TN-P070,N696,interior_applied_load,,122.833,249.0,229.319,1.1629430357584925e-11,-6.269999985944804,-9.852677151116012e-12,-8.443500453713947e-11,-1.6238429101785026e-10,-9.195141328893517e-11
strength_HB0.25,TN-P071,N213,interior_applied_load,,128.156,249.0,115.0,-1.4617576622818892e-11,-85.19701729835528,1.2692937802120524e-12,3.1661981017036103e-13,-6.601940620998656e-12,-3.0233624073841302e-09
strength_HB0.25,TN-P072,N485,interior_applied_load,,128.25,249.0,207.0,0.0,-7.884249988943338,0.0,2.384185791015625e-07,0.0,-1.4901161193847656e-08
strength_HB0.25,TN-P073,N537,interior_applied_load,,128.25,249.0,209.5,-1.4901161193847656e-08,-2.9891714565455914,0.0,2.384185791015625e-07,0.0,0.0
strength_HB0.25,TN-P074,N538,interior_applied_load,,128.25,249.0,227.319,1.1150501394441292e-07,-2.9891714566710337,5.289125801499761e-07,1.719318072912479e-07,-2.243968188372081e-10,-9.793018118653407e-08
strength_HB0.25,TN-P075,N545,interior_applied_load,,128.25,249.0,229.319,-1.390162516584034e-07,-12.795596951600775,-3.655466383299805e-08,-4.390945977165924e-08,-7.584908201148201e-10,4.709555750187109e-09
strength_HB0.25,TN-P076,N214,interior_applied_load,,136.9,249.0,115.0,3.6750758970634126e-11,-4.5342000607239,1.1743627064426668e-11,3.0056981696548697e-13,-1.889263586944508e-11,-5.305754127007721e-10
strength_HB0.25,TN-P077,N546,interior_applied_load,,139.75,249.0,218.16,-7.275957614183426e-12,-5.376241893318365,-2.2737367544323206e-12,1.6370904631912708e-11,3.637978807091713e-12,-1.8189894035458565e-12
strength_HB0.25,TN-P078,N215,interior_applied_load,,140.156,249.0,115.0,-2.3321859462681508e-11,-508.54586759858114,7.104568180996256e-13,1.9889317014931287e-12,-1.0843717412081705e-11,4.3271877749596505e-09
strength_HB0.25,TN-P079,N216,interior_applied_load,,149.51,249.0,115.0,-6.7343868263045354e-12,-86.42739130165546,-1.2122676081046852e-12,-2.4847837663329926e-13,8.214913661674683e-13,-1.149370912959723e-09
strength_HB0.25,TN-P080,N697,interior_applied_load,,151.0,249.0,229.319,-3.8251624090435143e-11,-6.008749931384116,-9.176466421456642e-08,-8.678520032175429e-12,-5.090015025091543e-08,1.128962760776897e-08
strength_HB0.25,TN-P081,N486,interior_applied_load,,151.25,249.0,207.0,0.0,-6.714120946824551,9.5367431640625e-07,2.384185791015625e-07,-9.313225746154785e-10,-1.4901161193847656e-08
strength_HB0.25,TN-P082,N539,interior_applied_load,,151.25,249.0,209.5,-7.450580596923828e-09,-2.989171452820301,2.384185791015625e-07,-2.384185791015625e-07,-2.3283064365386963e-10,-7.450580596923828e-09
strength_HB0.25,TN-P083,N540,interior_applied_load,,151.25,249.0,227.319,1.3192340594936347e-08,-2.9891714508440335,4.950331927433549e-07,1.263729255129853e-07,1.577843735328254e-10,-7.771276425150297e-08
strength_HB0.25,TN-P084,N698,interior_applied_load,,151.25,249.0,229.319,-3.245391617945348e-08,-1.110312480700305,-2.3401549828527043e-08,9.371266733302696e-08,-3.209270150734793e-08,-5.927092222406116e-08
strength_HB0.25,TN-P085,N487,interior_applied_load,,152.25,249.0,207.0,-3.7419494689350884e-11,-0.16774999965732443,-1.123629826269993e-07,-3.9479937214645474e-09,2.0069836987520324e-08,2.703285652925062e-08
strength_HB0.25,TN-P086,N475,interior_applied_load,,155.25,249.0,120.0,-1.4943712300817955e-14,-13.810985069605572,2.470647141717125e-13,2.1910868157804912e-13,-9.379235522650303e-14,2.574496999666102e-12
strength_HB0.25,TN-P087,N476,interior_applied_load,,155.25,249.0,146.657,1.747104071991424e-13,-27.62197013924346,3.5716540206943176e-13,-6.294258925252278e-13,1.4343694525859457e-13,1.7818428617685894e-12
strength_HB0.25,TN-P088,N477,interior_applied_load,,155.25,249.0,173.314,-1.8528269544776471e-13,-27.62197013924326,8.331604903169205e-13,5.2735210478341e-12,1.3358132021672903e-13,-2.9799140681292002e-12
strength_HB0.25,TN-P089,N478,interior_applied_load,,155.25,249.0,199.971,1.7934424988797189e-12,-17.452729861437803,4.6308050230441667e-11,1.0834056295453441e-10,9.087788410960835e-13,-6.8017896888370895e-12
strength_HB0.25,TN-P090,N479,interior_applied_load,,155.25,249.0,207.0,1.0187364503963023e-10,-13.810985098576968,-9.569954849371252e-08,8.599856051565762e-09,1.419651531091394e-08,-2.8099380185838496e-09
strength_HB0.25,TN-P091,N480,interior_applied_load,,155.25,249.0,226.628,0.0,-10.169240273535252,-2.384185791015625e-07,0.0,2.3283064365386963e-10,0.0
strength_HB0.25,TN-P092,N699,interior_applied_load,,155.25,249.0,229.319,0.0,-2.2859374806284904,2.384185791015625e-07,-2.384185791015625e-07,0.0,0.0
strength_HB0.25,TN-P093,N217,interior_applied_load,,158.844,249.0,115.0,2.819471182620253e-11,-509.65265328359897,1.4825305391562208e-12,-4.215837560272036e-13,-5.4745597571439376e-12,-4.3088758683454995e-10
strength_HB0.25,TN-P094,N522,interior_applied_load,,160.0,249.0,229.319,-6.313826680815676e-12,-10.647879345759694,-3.237945121410159e-10,1.517949323953681e-11,-7.015974674115187e-10,4.080693297244897e-11
strength_HB0.25,TN-P095,N218,interior_applied_load,,165.05,249.0,115.0,-4.980123371169077e-12,-4.542071799742412,1.0101522423932703e-13,-2.527513771423462e-13,7.022007989179404e-13,-1.4656110827964635e-10
strength_HB0.25,TN-P096,N219,interior_applied_load,,170.865,249.0,115.0,1.473896945910707e-11,-84.08235976773226,1.2142881880707084e-12,1.3470962112326551e-12,6.076318745696534e-12,-2.174559188481663e-09
strength_HB0.25,TN-P097,N523,interior_applied_load,,172.85,249.0,206.455,-1.815262498804554e-12,-8.799300402803789,-4.313634010160137e-13,-6.2107418285274104e-12,-2.3594547341671988e-12,-8.592290300907635e-12
strength_HB0.25,TN-P098,N220,interior_applied_load,,177.531,249.0,115.0,-9.618766638756792e-12,-507.23283891012534,1.1334242898335324e-10,-1.3258890339515987e-12,-2.1666765546606603e-10,2.335889620999444e-09
strength_HB0.25,TN-P099,N700,interior_applied_load,,179.167,249.0,229.319,3.6282052040119835e-11,-5.225000019742049,-1.3821937020916919e-08,-1.3775426418468758e-12,-2.2305375290684614e-09,9.33815220258969e-09
strength_HB0.25,TN-P100,N221,interior_applied_load,,180.0,249.0,115.0,4.53681536782824e-08,-5.549671863184237,-1.170690389074025e-08,1.1354225115667305e-08,-9.995686675354703e-11,3.173195750605373e-08
strength_HB0.25,TN-P101,N498,interior_applied_load,,180.0,249.0,117.5,-4.8584354317426914e-09,-4.605542824067481,1.6330446328538528e-08,-1.1371071195753757e-08,-5.3361759455583524e-11,-4.4152329792268574e-08
strength_HB0.25,TN-P102,N499,interior_applied_load,,180.0,249.0,144.955,-2.2737367544323206e-13,-9.211085725866724,1.1368683772161603e-13,0.0,0.0,9.094947017729282e-13
strength_HB0.25,TN-P103,N500,interior_applied_load,,180.0,249.0,172.41,1.1368683772161603e-13,-9.211085725881276,-1.4210854715202004e-13,0.0,9.009447177261169e-15,-5.4569682106375694e-12
strength_HB0.25,TN-P104,N501,interior_applied_load,,180.0,249.0,199.864,-3.2939673823142943e-13,-9.211085725875524,-1.71034607206831e-13,3.758493194591714e-12,1.99523078984928e-15,-6.495669118578177e-12
strength_HB0.25,TN-P105,N502,interior_applied_load,,180.0,249.0,227.319,-1.250448775080848e-07,-4.605542873080539,-2.8516820435586787e-07,4.2331899957614993e-07,9.182131578993015e-11,1.181326277910344e-07
strength_HB0.25,TN-P106,N701,interior_applied_load,,180.0,249.0,229.319,3.2467746425827345e-07,-7.358541648191015,7.69775077823115e-07,-4.832026917103778e-07,6.058375698697884e-09,3.199840338583236e-08
strength_HB0.25,TN-P107,N524,interior_applied_load,,185.7,249.0,183.592,2.3102859603815926e-13,-8.799300402804327,9.042044277858945e-14,-3.0734545968695796e-13,-2.500928946106895e-13,-4.2602370498360554e-12
strength_HB0.25,TN-P108,N222,interior_applied_load,,192.219,249.0,115.0,3.9725903494744526e-11,-84.35393943565767,-2.5539477900330443e-09,-8.43055464195233e-12,9.001260988130423e-10,9.644446575180188e-09
strength_HB0.25,TN-P109,N223,interior_applied_load,,193.2,249.0,115.0,1.2485223499599967e-10,-1.511399969005901,9.246755591029702e-10,4.956848827926521e-12,5.812020025411489e-10,6.148290995513322e-09
strength_HB0.25,TN-P110,N224,interior_applied_load,,196.219,249.0,115.0,4.921525225517011e-11,-565.0626313205412,-1.4472338575074028e-11,2.670176701278701e-13,-8.421278749570831e-11,-9.51394200892668e-10
strength_HB0.25,TN-P111,N525,interior_applied_load,,198.55,249.0,160.728,-4.001438678864124e-12,-8.799300402791635,-3.353760579280766e-13,2.5225904075815735e-12,4.1113135259194143e-13,3.3316115133593084e-12
strength_HB0.25,TN-P112,N702,interior_applied_load,,207.333,249.0,229.319,-9.348052247201461e-12,-11.560312498835064,-1.0232314507026927e-11,-7.472588779778493e-13,-1.708199217208853e-10,-4.303709732913514e-10
strength_HB0.25,TN-P113,N526,interior_applied_load,,211.4,249.0,137.864,3.637978807091713e-12,-8.799300402806693,3.836930773104541e-13,5.6843418860808015e-12,1.8189894035458565e-12,-6.153300091682468e-12
strength_HB0.25,TN-P114,N225,interior_applied_load,,213.573,249.0,115.0,-1.27667855572589e-10,-86.42739129949769,-2.6094924305305596e-10,1.146184173702932e-11,3.9691999306067897e-10,1.1433624835336626e-09
strength_HB0.25,TN-P115,N226,interior_applied_load,,214.906,249.0,115.0,9.553539186727354e-12,-560.303295642782,3.811300401743008e-10,-5.088884200617012e-12,5.31036932834038e-10,6.633348197429082e-10
strength_HB0.25,TN-P116,N227,interior_applied_load,,221.35,249.0,115.0,-2.3365312607131312e-11,-3.5305359820626565,-3.7749489336750084e-10,1.0128570407555374e-11,2.016494567284437e-10,-6.531208104115985e-10
strength_HB0.25,TN-P117,N228,interface_action,N2; T-E,224.25,249.0,115.0,-554.914796590805,4368.031057853252,-329.1812175512314,163.14341568946838,-515.4850385589525,-4823.1035813093185
strength_HB0.25,TN-P118,N503,interface_action,T-E,224.25,249.0,117.5,936.1510587334633,-1449.8997650258243,305.0346827507019,-1877.4841493368149,-1610.239144503139,9488.347289323807
strength_HB0.25,TN-P119,N186,interface_action,T-E,224.25,249.0,120.0,-3.4129895840596873,1039.5176472178136,-5.0702312890207395,-320.5468896891107,-98.7584079272392,353.94741732196417
strength_HB0.25,TN-P120,N504,interior_applied_load,,224.25,249.0,144.955,4.973799150320701e-14,-9.211085725888552,-5.684341886080802e-14,-2.0463630789890885e-12,5.684341886080802e-14,6.821210263296962e-13
strength_HB0.25,TN-P121,N505,interior_applied_load,,224.25,249.0,172.41,-8.573819871955255e-16,-9.211085725888537,-5.966024831215426e-14,-8.118866941734661e-13,-1.0633104793422355e-14,1.1011008982930473e-14
strength_HB0.25,TN-P122,N506,interior_applied_load,,224.25,249.0,199.864,-3.9017331773201443e-16,-9.211085725885688,9.092897448007457e-14,4.616316612124195e-13,5.5962885297689423e-14,3.638409040386942e-13
strength_HB0.25,TN-P123,N507,interior_applied_load,,224.25,249.0,227.319,1.2093381494479583e-07,-4.60554286130284,-3.775087656920917e-07,9.230356969869291e-07,1.8052034967740806e-11,-1.6009540299705138e-07
strength_HB0.25,TN-P124,N527,interface_action,N2; T-E top / segment 4,224.25,249.0,229.319,-71.75659857889194,-340.6290472398709,3.057786778322281,-743.1351965589329,-236.94254017490906,-19654.33715789381
strength_HB0.25,TN-P125,N528,interior_applied_load,,230.312,249.0,200.739,5.607135836880448e-13,-9.801877704266566,-1.0114584149913631e-13,3.805752797700968e-13,1.0102581434946598e-12,8.595019223507365e-13
strength_HB0.25,TN-P126,N703,interior_applied_load,,235.5,249.0,229.319,6.923602978388722e-12,-6.42430446300355,-2.1908857294326187e-12,-2.6015030973522742e-11,-4.2356423620730135e-11,-9.58638225074204e-11
strength_HB0.25,TN-P127,N529,interior_applied_load,,236.375,249.0,172.16,-3.2196162324134177e-13,-9.801877704256075,1.0255651706466393e-14,1.4439822226049058e-12,1.3504748318434154e-13,-1.951066886577425e-12
strength_HB0.25,TN-P128,N530,interior_applied_load,,242.438,249.0,143.58,0.0,-9.801877704259823,5.115907697472721e-13,-1.1823431123048067e-11,-2.9558577807620168e-12,5.6843418860808015e-12
strength_HB0.25,TN-P129,N229,interior_applied_load,,248.5,249.0,115.0,-5.960464477539063e-08,-14.441651340574026,-4.76837158203125e-07,-2.384185791015625e-07,9.313225746154785e-10,1.7881393432617188e-07
strength_HB0.25,TN-P130,N508,interior_applied_load,,248.5,249.0,117.5,2.384185791015625e-07,-4.470258481800556,0.0,-2.384185791015625e-07,0.0,0.0
strength_HB0.25,TN-P131,N509,interior_applied_load,,248.5,249.0,144.148,-3.435619851289928e-14,-8.940516968502344,5.813908615894219e-13,3.2898515694173934e-12,4.0331481062272145e-14,-2.502177885851358e-12
strength_HB0.25,TN-P132,N510,interior_applied_load,,248.5,249.0,170.797,3.1827048194213664e-14,-8.940516968505749,-3.5973411688552397e-13,4.654895238762914e-11,-5.86150077795661e-14,3.7380784111961505e-13
strength_HB0.25,TN-P133,N511,interior_applied_load,,248.5,249.0,197.445,-3.5761799844393856e-14,-8.940516968503294,-3.127760372392386e-13,-2.4165325435527306e-11,-2.1187553619459745e-15,-2.4609604576358613e-12
strength_HB0.25,TN-P134,N512,interior_applied_load,,248.5,249.0,224.093,-6.324371973860223e-08,-4.470258486787926,-6.203780931389221e-08,-2.8717399494507985e-07,9.977876454354273e-14,-1.2859533487142537e-08
strength_HB0.25,TN-P135,N704,interior_applied_load,,248.5,249.0,226.324,7.492413849062527e-09,-3.753337509895026,2.797050476068519e-07,6.531252475933313e-07,-1.6559741904278177e-09,4.7689022959490234e-08
strength_HB0.25,TN-P136,N230,interior_applied_load,,249.5,249.0,115.0,4.4264703014107454e-11,-0.377850013434407,-6.476188321724585e-09,8.798291956102489e-12,-1.7951269082328025e-09,1.2359719497867516e-09
strength_HB0.25,TN-P137,N705,interior_applied_load,,249.5,249.0,226.093,-5.07494539446438e-10,-0.2680955361925966,-4.0335655206703e-09,4.0424996762751577e-10,-2.3824029233346704e-09,-2.0620925854719505e-10
strength_HB0.5,TN-P001,N148,interface_action,BR-N-upper-1; T-W / B-WO; W4,-32.0,249.0,115.0,-182.27298025632956,213.1772798875196,104.3222581485806,487.4341201756117,-5050.699103778278,-5673.370727554715
strength_HB0.5,TN-P002,N628,interface_action,BR-N-upper-2; T-W top / segment 2; W4,-32.0,249.0,226.093,262.16321414797864,289.12149583360656,-19.84279658043302,298.6351275019539,305.4466206886717,3569.854377323729
strength_HB0.5,TN-P003,N189,interior_applied_load,,-31.0,249.0,115.0,-2.749399641288619e-08,-9.001740369595524,-3.106970325461589e-08,-1.3760882211499847e-08,-1.3002363630221225e-09,2.7047917683376e-08
strength_HB0.5,TN-P004,N488,interior_applied_load,,-31.0,249.0,117.5,6.172787946961471e-08,-4.470258484975663,5.186441885905624e-10,1.1648261341678652e-08,5.907497433846919e-11,3.8375128683927e-08
strength_HB0.5,TN-P005,N489,interior_applied_load,,-31.0,249.0,144.148,8.072341050867574e-14,-8.940516968503632,-2.5463248062018006e-14,1.1289100054861868e-12,8.491615834565255e-14,8.142816519618759e-13
strength_HB0.5,TN-P006,N490,interior_applied_load,,-31.0,249.0,170.797,6.050568849901761e-14,-8.940516968503333,-1.111516717636049e-13,-1.2095090629576753e-12,4.8597481121067457e-14,1.325466605523497e-13
strength_HB0.5,TN-P007,N491,interior_applied_load,,-31.0,249.0,197.445,8.764554718270487e-14,-8.940516968503353,-1.781374585548404e-13,-5.2095788889829025e-12,-1.971059466272057e-14,-1.3396954556251816e-12
strength_HB0.5,TN-P008,N492,interior_applied_load,,-31.0,249.0,224.093,-5.960464477539063e-08,-4.470258484128863,4.76837158203125e-07,0.0,0.0,-5.960464477539063e-08
strength_HB0.5,TN-P009,N686,interior_applied_load,,-31.0,249.0,226.324,1.1920928955078125e-07,-3.7533375122584403,0.0,-4.76837158203125e-07,2.7008354663848877e-08,1.1920928955078125e-07
strength_HB0.5,TN-P010,N513,interior_applied_load,,-23.25,249.0,143.58,5.684341886080801e-13,-9.934808889400983,-7.105427357601002e-14,7.73070496506989e-12,-3.637978807091713e-12,1.1596057447604835e-11
strength_HB0.5,TN-P011,N190,interior_applied_load,,-21.323,249.0,115.0,1.517780848923954e-11,-89.62494693046465,-6.17222241037161e-14,-1.2965166120633893e-13,5.3174659622317616e-15,2.582729160789237e-12
strength_HB0.5,TN-P012,N687,interior_applied_load,,-18.0,249.0,229.319,1.2074714463803371e-12,-8.187741967327971,3.030943747367958e-13,1.016361120959575e-11,-2.4444333398855346e-11,5.731495878258362e-12
strength_HB0.5,TN-P013,N514,interior_applied_load,,-15.5,249.0,172.16,-1.3568045533496194e-13,-9.934808889404506,9.032643127071784e-14,1.5804535575161163e-13,2.1754176323020765e-12,2.6276821136217175e-12
strength_HB0.5,TN-P014,N515,interior_applied_load,,-7.75,249.0,200.739,7.949833830787576e-13,-9.93480888940061,-4.8820156610618867e-14,4.245039462458139e-12,-2.309937098796047e-12,2.6076943893414457e-12
strength_HB0.5,TN-P015,N191,interior_applied_load,,-3.85,249.0,115.0,5.23696015576281e-12,-8.056864092499717,2.5210633409078995e-11,-2.4502124514874163e-13,-2.8089079390747712e-11,4.677581020227593e-11
strength_HB0.5,TN-P016,N192,interior_applied_load,,0.0,249.0,115.0,-7.624239017900436e-08,-1.4664885333191089,4.044508164646743e-05,5.258665503049542e-09,-2.5127776986885576e-07,-3.1706516701035525e-07
strength_HB0.5,TN-P017,N493,interior_applied_load,,0.0,249.0,117.5,4.304515140672433e-08,-4.605542861770662,4.0949839226604055e-09,-1.4568207528942623e-08,2.4405164989695973e-11,8.429129258687848e-09
strength_HB0.5,TN-P018,N494,interior_applied_load,,0.0,249.0,144.955,-4.923661016141825e-14,-9.211085725882915,-3.9180872863444445e-14,-5.327865334766874e-13,-4.967401452936805e-16,6.690689843852485e-13
strength_HB0.5,TN-P019,N495,interior_applied_load,,0.0,249.0,172.41,-2.198174696361942e-14,-9.211085725884686,1.131887827369379e-13,-1.5957973703237737e-12,-2.88379272069155e-14,2.1060665554028188e-12
strength_HB0.5,TN-P020,N496,interior_applied_load,,0.0,249.0,199.864,-5.774047669289874e-14,-9.211085725883008,2.1531754461811692e-14,4.441288107623095e-12,-3.492341057308745e-16,1.5027903379023722e-12
strength_HB0.5,TN-P021,N497,interior_applied_load,,0.0,249.0,227.319,-5.960464477539063e-08,-4.605542864650488,0.0,0.0,4.656612873077393e-10,5.960464477539063e-08
strength_HB0.5,TN-P022,N516,interior_applied_load,,-0.0,249.0,229.319,-5.960464477539063e-08,-12.325946112163365,-4.76837158203125e-07,0.0,-9.313225746154785e-10,0.0
strength_HB0.5,TN-P023,N193,interior_applied_load,,0.031,249.0,115.0,-1.4305869082366451e-09,-79.74422713319426,-2.8202306309954132e-05,-2.8286535047436703e-10,7.499879954397982e-07,4.158124899079763e-07
strength_HB0.5,TN-P024,N194,interior_applied_load,,1.0,249.0,115.0,-8.86188900039997e-11,-7.678506058695348,1.4928680514003645e-09,3.9953818031790433e-11,-2.6766144856082974e-11,-9.035829862114042e-10
strength_HB0.5,TN-P025,N195,interior_applied_load,,9.344,249.0,115.0,5.353183071083194e-12,-511.4836513016683,9.529875870745773e-13,2.2288813934616e-14,7.730626876674554e-12,-6.141265990317056e-11
strength_HB0.5,TN-P026,N688,interior_applied_load,,10.167,249.0,229.319,2.589905874853042e-12,-10.014583343913761,5.791437819459662e-12,-2.193585218368635e-13,2.236676454023803e-11,2.6938003119433702e-14
strength_HB0.5,TN-P027,N517,interior_applied_load,,10.6,249.0,137.864,7.958078640513122e-13,-8.319555897894588,2.842170943040401e-14,0.0,0.0,-4.547473508864641e-13
strength_HB0.5,TN-P028,N518,interior_applied_load,,20.2,249.0,160.728,-4.470321007680682e-13,-8.319555897889368,-4.230498073993307e-15,-1.7776247803957463e-13,-1.0486425135821735e-13,-5.1487631469703046e-12
strength_HB0.5,TN-P029,N196,interior_applied_load,,21.385,249.0,115.0,-2.3531049878845525e-11,-85.01753854724664,-5.26424177704934e-12,-4.177303720551543e-13,7.831414390651007e-13,2.996560056431605e-11
strength_HB0.5,TN-P030,N197,interior_applied_load,,24.3,249.0,115.0,1.821168467246763e-11,-2.511128213513746,-3.0292192684642936e-12,7.785419311504368e-15,1.1010554467768272e-11,1.955415042107256e-10
strength_HB0.5,TN-P031,N198,interior_applied_load,,28.031,249.0,115.0,1.3045324425320073e-11,-510.748418302956,7.032591243780958e-12,-2.5044922398264253e-13,9.587035284492571e-12,1.6003683896285428e-10
strength_HB0.5,TN-P032,N519,interior_applied_load,,29.8,249.0,183.592,3.701627986056284e-13,-8.319555897888394,-2.8585790809954057e-14,1.9843779754138744e-13,2.800759102659321e-13,2.6705522795667473e-12
strength_HB0.5,TN-P033,N689,interior_applied_load,,38.333,249.0,229.319,1.4098526782090387e-12,-10.145208349138667,2.013729625546649e-12,-7.450909768983676e-14,1.1683318892068072e-11,1.446300503922125e-12
strength_HB0.5,TN-P034,N520,interior_applied_load,,39.4,249.0,206.455,3.3743625100067745e-14,-8.319555897892178,-2.165038728182486e-14,5.322335794024418e-13,8.269888592297256e-13,-3.584422010764424e-12
strength_HB0.5,TN-P035,N199,interior_applied_load,,42.74,249.0,115.0,3.3337918109038443e-12,-86.42739130149435,-9.743208653590503e-12,6.289800870465355e-13,8.124850661194034e-12,-2.972431030095471e-11
strength_HB0.5,TN-P036,N200,interior_applied_load,,46.719,249.0,115.0,-1.0492985257732888e-11,-506.61883261096165,-1.5266859635940596e-11,-9.953657731228711e-14,-5.665831286519298e-12,1.5776695077116428e-10
strength_HB0.5,TN-P037,N521,interior_applied_load,,49.0,249.0,229.319,-4.6486814397894705e-11,-7.273007099904769,-5.957706272763374e-10,-4.0988621301189855e-11,1.7931660947767547e-09,-1.7397789459083768e-10
strength_HB0.5,TN-P038,N201,interface_action,BR-N-upper-2,50.25,249.0,115.0,-288.8660966673031,351.7663040773827,-0.6449697501188894,-122.50819691221211,-174.51573373590148,407.561352984392
strength_HB0.5,TN-P039,N690,interface_action,BR-N-upper-1,50.25,249.0,229.319,730.7338262098318,928.1213413402453,15.469908835316776,-750.7702916950924,159.5677955335391,1687.0206638157886
strength_HB0.5,TN-P040,N202,interior_applied_load,,52.45,249.0,115.0,-1.3463866284472923e-10,-1.1335499363634736,-7.948716386428845e-10,-3.451316108118543e-10,1.5031463923344142e-10,-2.514215432988592e-11
strength_HB0.5,TN-P041,N203,interface_action,N1 / U-W,53.25,249.0,115.0,-1280.3863644749447,2807.5390817183466,-78.12500388388347,507.4303095943699,-4153.072338303405,39468.637192261434
strength_HB0.5,TN-P042,N691,interface_action,N1 / U-W,53.25,249.0,229.319,-782.7585654534713,-718.6090761583022,18.220175170003117,882.6913318069899,-401.14045188282387,-3176.2600678544686
strength_HB0.5,TN-P043,N481,interface_action,N1 / U-W,56.25,249.0,207.0,1247.4858553665274,503.35384131078166,-11.852166161514958,-88.01314686714882,-89.35810824989152,1129.2333765404198
strength_HB0.5,TN-P044,N482,interior_applied_load,,57.25,249.0,207.0,2.9802322387695312e-08,-6.714120946824551,-2.384185791015625e-07,-1.1920928955078125e-07,9.022187441587448e-10,-5.960464477539063e-08
strength_HB0.5,TN-P045,N531,interior_applied_load,,57.25,249.0,209.5,-2.9802322387695312e-08,-2.9891714518889785,1.1920928955078125e-07,0.0,0.0,-2.9802322387695312e-08
strength_HB0.5,TN-P046,N532,interior_applied_load,,57.25,249.0,227.319,2.582357424424364e-08,-2.9891714505448794,-3.698801173679378e-08,-2.481760923989107e-07,-5.3323383509443554e-11,-3.087511392385611e-08
strength_HB0.5,TN-P047,N692,interior_applied_load,,57.25,249.0,229.319,-4.6332208265262384e-08,-3.4615624847212842,-3.696946036465044e-07,1.0698789678079912e-07,-2.461856302040334e-09,-1.8606938493970787e-09
strength_HB0.5,TN-P048,N204,interior_applied_load,,64.094,249.0,115.0,1.0387695685491895e-10,-83.9595585479389,3.579433579288782e-12,-4.684094550262068e-13,-2.8179648081111287e-10,-2.406392625676203e-09
strength_HB0.5,TN-P049,N205,interior_applied_load,,65.406,249.0,115.0,-4.4223597757714304e-13,-510.01790821993825,-9.025724630160793e-11,1.9437724433537683e-12,-2.2864032859774453e-11,-2.0412821869322188e-10
strength_HB0.5,TN-P050,N693,interior_applied_load,,66.5,249.0,229.319,2.227150407746441e-12,-6.008749997517569,7.995508291265081e-12,2.171260277983476e-14,-3.8858972705576294e-13,-1.010174615360278e-11
strength_HB0.5,TN-P051,N541,interior_applied_load,,68.75,249.0,218.16,1.1368683772161603e-13,-5.376241893319104,-1.1368683772161603e-12,0.0,-1.8189894035458565e-12,-1.3642420526593924e-12
strength_HB0.5,TN-P052,N483,interior_applied_load,,80.25,249.0,207.0,-1.4901161193847656e-08,-7.884249992668629,0.0,0.0,0.0,0.0
strength_HB0.5,TN-P053,N533,interior_applied_load,,80.25,249.0,209.5,1.4901161193847656e-08,-2.989171452820301,1.1920928955078125e-07,0.0,1.1641532182693481e-10,0.0
strength_HB0.5,TN-P054,N534,interior_applied_load,,80.25,249.0,227.319,2.5052691657312387e-08,-2.989171452475731,-6.304524752254181e-08,-2.3015732508735454e-07,-1.9375934727039358e-10,-5.736954686308415e-08
strength_HB0.5,TN-P055,N542,interior_applied_load,,80.25,249.0,229.319,-7.532426503479724e-08,-12.795596944889468,-7.250602801211016e-11,-2.3679232865341233e-07,1.4827679620011742e-10,-7.661295957183591e-08
strength_HB0.5,TN-P056,N206,interior_applied_load,,80.6,249.0,115.0,-2.386556858664881e-11,-7.0610718561689865,-1.1472084648177799e-11,-1.9096480529475773e-13,-2.9555706243159346e-11,-2.2618664639147957e-11
strength_HB0.5,TN-P057,N207,interior_applied_load,,84.094,249.0,115.0,-2.3321425450082276e-11,-505.6128070147552,2.2376968917230145e-10,-5.932908190291105e-14,9.014269685878606e-11,1.3713882448117363e-09
strength_HB0.5,TN-P058,N208,interior_applied_load,,85.448,249.0,115.0,8.646140395607087e-11,-86.4273913088319,-2.3648918747786426e-10,-5.428320367924742e-13,-2.355571951932836e-10,-1.3731677324975248e-09
strength_HB0.5,TN-P059,N543,interior_applied_load,,92.25,249.0,218.16,1.2732925824820995e-11,-5.49786866276736,6.821210263296962e-13,-6.366462912410498e-12,-9.094947017729282e-13,-3.183231456205249e-12
strength_HB0.5,TN-P060,N694,interior_applied_load,,94.667,249.0,229.319,1.0101951936739261e-11,-6.270000052122523,1.3368244109875978e-11,3.2119849146022696e-11,1.4251244655308487e-10,3.869389369313253e-11
strength_HB0.5,TN-P061,N209,interior_applied_load,,102.781,249.0,115.0,6.96159942070258e-12,-511.84969354923567,-3.37137730023407e-11,9.591240942997603e-14,4.254436119213654e-11,-2.6262458849133965e-11
strength_HB0.5,TN-P062,N484,interior_applied_load,,104.25,249.0,207.0,4.470348358154297e-08,-13.549868669360876,-2.384185791015625e-07,-3.5762786865234375e-07,-3.4924596548080444e-09,-1.4901161193847656e-08
strength_HB0.5,TN-P063,N535,interior_applied_load,,104.25,249.0,209.5,-4.470348358154297e-08,-2.989171452820301,4.76837158203125e-07,1.1920928955078125e-07,-1.210719347000122e-08,0.0
strength_HB0.5,TN-P064,N536,interior_applied_load,,104.25,249.0,227.319,-2.7953165976368766e-08,-2.9891714520247965,6.613537917310452e-08,1.7261276807900572e-07,3.562360459155757e-10,-5.338683511935116e-08
strength_HB0.5,TN-P065,N695,interior_applied_load,,104.25,249.0,229.319,2.8103427563261153e-09,-7.358541665987919,-1.777170790601329e-07,1.7383561033806997e-07,2.208099179492899e-10,-4.417089844928607e-08
strength_HB0.5,TN-P066,N210,interior_applied_load,,106.802,249.0,115.0,5.262259991235668e-12,-81.62161166135309,2.132777949405524e-10,-2.5852633468156343e-12,-2.424579363694939e-11,-1.4387243814996427e-08
strength_HB0.5,TN-P067,N211,interior_applied_load,,108.75,249.0,115.0,3.6187802782480326e-11,-5.541799969006608,6.502268930957103e-11,1.911050816611624e-12,4.5582645774975326e-11,9.373071985821071e-09
strength_HB0.5,TN-P068,N544,interior_applied_load,,116.25,249.0,218.16,-1.8189894035458565e-12,-5.497868662763722,9.094947017729282e-13,-7.275957614183426e-12,2.000888343900442e-11,-9.094947017729282e-13
strength_HB0.5,TN-P069,N212,interior_applied_load,,121.469,249.0,115.0,-1.9267572416126273e-11,-511.1136732384392,3.6241519681873288e-12,1.958440509591957e-13,-8.042878886655328e-12,-4.879538009072154e-10
strength_HB0.5,TN-P070,N696,interior_applied_load,,122.833,249.0,229.319,3.864876950419557e-11,-6.2699999858801645,8.372255589019589e-12,-1.8533749440655824e-12,-1.3160598541411347e-10,2.2882413006131214e-10
strength_HB0.5,TN-P071,N213,interior_applied_load,,128.156,249.0,115.0,-1.1432551567774676e-11,-85.1970172983575,-1.5259735603985277e-12,4.01381928820726e-14,-1.8011190682223084e-11,-1.5365391653095133e-09
strength_HB0.5,TN-P072,N485,interior_applied_load,,128.25,249.0,207.0,0.0,-7.884249992668629,0.0,0.0,2.3283064365386963e-10,0.0
strength_HB0.5,TN-P073,N537,interior_applied_load,,128.25,249.0,209.5,0.0,-2.989171452820301,1.1920928955078125e-07,0.0,-2.3283064365386963e-10,0.0
strength_HB0.5,TN-P074,N538,interior_applied_load,,128.25,249.0,227.319,8.209907785550197e-08,-2.989171455591017,9.431022851558168e-09,-2.960820473241199e-07,-1.0557689926270022e-10,-7.211740662982358e-08
strength_HB0.5,TN-P075,N545,interior_applied_load,,128.25,249.0,229.319,-1.3834212703529787e-07,-12.795596943482279,5.7418944823851106e-08,1.226536719351203e-07,-1.314675590470804e-10,4.6124955359397284e-08
strength_HB0.5,TN-P076,N214,interior_applied_load,,136.9,249.0,115.0,-4.354946411967257e-12,-4.534200062486159,-7.0591871510129476e-12,1.0105593944279033e-12,-5.480407836168611e-12,2.436060200983185e-09
strength_HB0.5,TN-P077,N546,interior_applied_load,,139.75,249.0,218.16,-3.637978807091713e-12,-5.376241893314727,-4.547473508864641e-13,1.8189894035458565e-12,-1.0913936421275139e-11,0.0
strength_HB0.5,TN-P078,N215,interior_applied_load,,140.156,249.0,115.0,1.3230906466528129e-11,-508.5458675984621,2.6273943306696662e-12,3.476849438221606e-13,1.4547636665884356e-11,2.2749199884945673e-09
strength_HB0.5,TN-P079,N216,interior_applied_load,,149.51,249.0,115.0,-9.924762484246716e-12,-86.42739130155358,-4.701362110914004e-13,-6.742194939104135e-13,1.4415612844427927e-12,-8.490652424605823e-10
strength_HB0.5,TN-P080,N697,interior_applied_load,,151.0,249.0,229.319,-1.0963496777094406e-10,-6.008749723879076,-5.394156313842657e-07,-1.492257157534407e-11,4.9181059308400776e-08,4.163963296388573e-08
strength_HB0.5,TN-P081,N486,interior_applied_load,,151.25,249.0,207.0,0.0,-6.714120954275131,2.384185791015625e-07,-4.76837158203125e-07,-4.656612873077393e-10,0.0
strength_HB0.5,TN-P082,N539,interior_applied_load,,151.25,249.0,209.5,0.0,-2.9891714453697205,2.384185791015625e-07,0.0,0.0,-7.450580596923828e-09
strength_HB0.5,TN-P083,N540,interior_applied_load,,151.25,249.0,227.319,-5.412679204841453e-08,-2.989171454660494,2.2003269636861056e-07,1.8890842096164207e-07,2.2417607075437343e-10,-2.1657471593883315e-08
strength_HB0.5,TN-P084,N698,interior_applied_load,,151.25,249.0,229.319,-4.692004551554163e-08,-1.110312770958022,1.3471212570383313e-07,-1.296481699028686e-07,6.845033129285888e-08,5.131182857429084e-08
strength_HB0.5,TN-P085,N487,interior_applied_load,,152.25,249.0,207.0,5.3002943185784117e-11,-0.16775000416161973,-1.3899989418436344e-07,7.660934261796604e-09,1.6585233886123322e-07,-2.057129201561591e-07
strength_HB0.5,TN-P086,N475,interior_applied_load,,155.25,249.0,120.0,-3.2934411674259345e-14,-13.810985069618265,7.720150145719979e-14,-6.119923551250199e-13,9.622711999892571e-14,-9.106271037254354e-14
strength_HB0.5,TN-P087,N476,interior_applied_load,,155.25,249.0,146.657,6.126749268510272e-14,-27.621970139239547,-1.165399916938026e-13,-1.0896281948446468e-11,-1.0507516125911357e-13,1.6411203566234436e-12
strength_HB0.5,TN-P088,N477,interior_applied_load,,155.25,249.0,173.314,-1.833495072046017e-13,-27.6219701392414,1.3238193783999098e-12,-2.3339704740814307e-11,9.622711999892571e-14,-1.1217252592664349e-13
strength_HB0.5,TN-P089,N478,interior_applied_load,,155.25,249.0,199.971,9.055594395693909e-13,-17.452729861460586,-2.4911688465833224e-11,1.4672803094778273e-10,7.602128989539026e-13,-5.049623509363757e-12
strength_HB0.5,TN-P090,N479,interior_applied_load,,155.25,249.0,207.0,8.12372035905369e-11,-13.810984999693847,-4.880738230826907e-08,-2.980567314932419e-09,-2.241253577495144e-09,-1.687482824393127e-07
strength_HB0.5,TN-P091,N480,interior_applied_load,,155.25,249.0,226.628,2.9802322387695312e-08,-10.169240280985832,-2.384185791015625e-07,2.384185791015625e-07,2.3283064365386963e-10,0.0
strength_HB0.5,TN-P092,N699,interior_applied_load,,155.25,249.0,229.319,-2.9802322387695312e-08,-2.28593747317791,0.0,2.384185791015625e-07,9.313225746154785e-10,2.9802322387695312e-08
strength_HB0.5,TN-P093,N217,interior_applied_load,,158.844,249.0,115.0,3.820054220047902e-11,-509.65265328359413,1.2520726554237003e-12,-9.443739542983114e-13,-1.0973300005893901e-12,-1.2907338008643236e-09
strength_HB0.5,TN-P094,N522,interior_applied_load,,160.0,249.0,229.319,-2.0458556202080065e-11,-10.647879345623906,-4.7043002123076023e-11,3.351943595606188e-11,-1.2332608337821662e-10,1.203198579703634e-10
strength_HB0.5,TN-P095,N218,interior_applied_load,,165.05,249.0,115.0,-4.4795393459403795e-12,-4.54207179908035,3.534659711458511e-12,4.5094416520712554e-13,-7.222943562973791e-13,1.1968126400346602e-09
strength_HB0.5,TN-P096,N219,interior_applied_load,,170.865,249.0,115.0,-3.2184271020516143e-12,-84.08235976807846,-1.4603944652318255e-12,1.2692805900934705e-12,-7.699571138296499e-12,6.803928262969551e-10
strength_HB0.5,TN-P097,N523,interior_applied_load,,172.85,249.0,206.455,3.753873498590083e-12,-8.799300402799744,-1.5353744151083512e-14,-8.490869847902384e-14,-8.016319547489854e-13,1.1712624304623576e-12
strength_HB0.5,TN-P098,N220,interior_applied_load,,177.531,249.0,115.0,-4.371831093985254e-12,-507.2328389096527,2.1991079120275731e-10,-2.319497552355474e-12,-2.2157596015712083e-10,3.664454973545508e-09
strength_HB0.5,TN-P099,N700,interior_applied_load,,179.167,249.0,229.319,-1.5898763013330876e-11,-5.225000035287322,-1.3013215308534768e-08,4.903375806708746e-12,1.2014766123422087e-09,-1.6720692500866378e-09
strength_HB0.5,TN-P100,N221,interior_applied_load,,180.0,249.0,115.0,4.800206809818519e-08,-5.5496718756200565,2.5304718320739994e-09,1.1421952272883118e-08,-4.456933430750243e-10,1.4635867628953747e-08
strength_HB0.5,TN-P101,N498,interior_applied_load,,180.0,249.0,117.5,4.8097518856593524e-08,-4.605542848958279,-7.675993174416362e-10,-9.499785846855957e-09,-4.050093593832571e-13,5.99127361056162e-08
strength_HB0.5,TN-P102,N499,interior_applied_load,,180.0,249.0,144.955,-1.1368683772161603e-13,-9.211085725852172,5.684341886080802e-14,4.547473508864641e-13,0.0,-1.8189894035458565e-12
strength_HB0.5,TN-P103,N500,interior_applied_load,,180.0,249.0,172.41,-4.547473508864641e-13,-9.21108572591038,5.684341886080802e-14,9.094947017729282e-13,3.4808606742349708e-15,-7.275957614183426e-12
strength_HB0.5,TN-P104,N501,interior_applied_load,,180.0,249.0,199.864,-3.397000770031883e-13,-9.21108572586471,-9.006499574054618e-14,7.788609636537018e-12,7.222715648450581e-15,2.2940487596067678e-12
strength_HB0.5,TN-P105,N502,interior_applied_load,,180.0,249.0,227.319,-3.020004885057048e-08,-4.6055428741210225,9.753534089551597e-07,1.5703823096901992e-06,2.955106410879583e-10,2.5100419631662874e-08
strength_HB0.5,TN-P106,N701,interior_applied_load,,180.0,249.0,229.319,2.3880118731375743e-07,-7.358541683464572,9.296961324736292e-09,6.365558399708557e-07,9.362814064866117e-09,-3.194675352482296e-08
strength_HB0.5,TN-P107,N524,interior_applied_load,,185.7,249.0,183.592,-2.451167054946529e-12,-8.7993004027917,-5.973588146028134e-14,-1.014946516958767e-12,9.81971768797261e-13,3.891310806603475e-12
strength_HB0.5,TN-P108,N222,interior_applied_load,,192.219,249.0,115.0,1.4310323730922816e-10,-84.35393944474939,-2.7194117372885217e-10,8.748006915086048e-14,-9.744757684454368e-12,5.067065817968571e-09
strength_HB0.5,TN-P109,N223,interior_applied_load,,193.2,249.0,115.0,-6.991880002501077e-12,-1.5113999583442441,-8.093058206492285e-10,-7.908825397353018e-12,-1.2105255788756212e-10,1.999880684551299e-09
strength_HB0.5,TN-P110,N224,interior_applied_load,,196.219,249.0,115.0,-1.1688754309457403e-11,-565.0626313209649,-2.5244558649794418e-11,9.128033163245261e-13,1.9465577295894765e-11,-4.859887895511692e-10
strength_HB0.5,TN-P111,N525,interior_applied_load,,198.55,249.0,160.728,1.9353474594314907e-12,-8.799300402807619,-9.880792300609484e-14,3.1287053391277857e-12,6.790223963378945e-12,1.724326443745185e-12
strength_HB0.5,TN-P112,N702,interior_applied_load,,207.333,249.0,229.319,-7.398594884298566e-13,-11.5603124988201,-2.3928823007017714e-12,-2.6551167289797515e-12,-9.402373223015504e-11,1.7403454845698824e-11
strength_HB0.5,TN-P113,N526,interior_applied_load,,211.4,249.0,137.864,-7.275957614183426e-12,-8.799300402788504,9.663381206337363e-13,-2.5011104298755527e-12,-4.092726157978177e-12,-5.5706550483591855e-12
strength_HB0.5,TN-P114,N225,interior_applied_load,,213.573,249.0,115.0,-1.416906544528471e-10,-86.42739130171586,-1.8434755656933034e-09,1.2333507996002256e-11,1.336356778214835e-09,-3.1099594815553412e-12
strength_HB0.5,TN-P115,N226,interior_applied_load,,214.906,249.0,115.0,1.609444739266085e-10,-560.3032956393572,1.601163466837431e-09,-6.0532687375104745e-12,-9.439209965170183e-11,1.2084219360191112e-10
strength_HB0.5,TN-P116,N227,interior_applied_load,,221.35,249.0,115.0,-1.6598886585354738e-11,-3.530535981842137,-4.9841732940782287e-11,9.5059128910595e-14,-2.834942088097161e-10,-1.0262623359210709e-10
strength_HB0.5,TN-P117,N228,interface_action,N2; T-E,224.25,249.0,115.0,-595.6052916049957,4429.321233980358,-338.76387572288513,218.6735314130783,-540.215325076133,-4704.254965662956
strength_HB0.5,TN-P118,N503,interface_action,T-E,224.25,249.0,117.5,994.4000164270401,-1496.546954214573,313.59118831157684,-1984.5544183254242,-1729.977992657572,10465.232247829437
strength_HB0.5,TN-P119,N186,interface_action,T-E,224.25,249.0,120.0,-3.337285590969259,1070.6779136037803,-5.162206765555311,-326.7057074184413,-107.85406948781201,371.15893298058654
strength_HB0.5,TN-P120,N504,interior_applied_load,,224.25,249.0,144.955,-7.815970093361102e-14,-9.211085725884914,-1.4210854715202004e-13,0.0,5.684341886080802e-14,-5.684341886080801e-13
strength_HB0.5,TN-P121,N505,interior_applied_load,,224.25,249.0,172.41,-6.515027345611189e-15,-9.211085725887497,-5.654983189697358e-14,-2.11394594127091e-12,1.9226201812052024e-14,-5.760807918588662e-14
strength_HB0.5,TN-P122,N506,interior_applied_load,,224.25,249.0,199.864,4.435007833089309e-15,-9.21108572588674,1.252441347518637e-13,3.4709636608474584e-13,-1.5392140459211048e-16,3.306576629918906e-13
strength_HB0.5,TN-P123,N507,interior_applied_load,,224.25,249.0,227.319,4.041261267850871e-07,-4.605542862505571,-1.3749686005315453e-06,-2.8086285608353023e-07,3.965818732384681e-11,-4.345719544218696e-07
strength_HB0.5,TN-P124,N527,interface_action,N2; T-E top / segment 4,224.25,249.0,229.319,-101.55632854971347,-391.9492672477251,2.7875036395487354,-755.7659927441827,-210.68971486934802,-20397.06817633801
strength_HB0.5,TN-P125,N528,interior_applied_load,,230.312,249.0,200.739,-1.1633836256719744e-13,-9.801877704257386,-8.130077374352439e-15,-1.0665636493964287e-12,1.1016623995289509e-11,-5.1483801176352265e-12
strength_HB0.5,TN-P126,N703,interior_applied_load,,235.5,249.0,229.319,-8.362864045051427e-12,-6.424304463008653,-3.9190584668985394e-11,-7.77356864425046e-11,-1.3986795214996853e-10,-3.741602242495603e-11
strength_HB0.5,TN-P127,N529,interior_applied_load,,236.375,249.0,172.16,1.171845378563768e-12,-9.801877704262528,6.4015759536346294e-15,5.134987566439713e-13,-2.1308003105722593e-13,-3.075028359192875e-12
strength_HB0.5,TN-P128,N530,interior_applied_load,,242.438,249.0,143.58,-9.094947017729282e-13,-9.801877704259823,-5.115907697472721e-13,-1.8189894035458565e-12,-2.2737367544323206e-13,6.139089236967266e-12
strength_HB0.5,TN-P129,N229,interior_applied_load,,248.5,249.0,115.0,0.0,-14.441651340574026,-2.384185791015625e-07,2.384185791015625e-07,0.0,5.960464477539063e-08
strength_HB0.5,TN-P130,N508,interior_applied_load,,248.5,249.0,117.5,5.960464477539063e-08,-4.470258489251137,-2.384185791015625e-07,0.0,-9.313225746154785e-10,-5.960464477539063e-08
strength_HB0.5,TN-P131,N509,interior_applied_load,,248.5,249.0,144.148,3.1123993646725176e-14,-8.940516968504983,6.931152489776846e-13,6.319178039405992e-12,9.636953594350502e-14,-1.5403375831342188e-13
strength_HB0.5,TN-P132,N510,interior_applied_load,,248.5,249.0,170.797,6.31019706191794e-14,-8.940516968508717,-1.5970383054206495e-13,5.567388299608528e-11,2.525968157743766e-15,-2.2370839750464426e-13
strength_HB0.5,TN-P133,N511,interior_applied_load,,248.5,249.0,197.445,-1.8822596137742758e-14,-8.940516968504229,-1.485106976499336e-12,-2.9339561689083615e-11,5.779551886768954e-16,-2.5815100600588693e-12
strength_HB0.5,TN-P134,N512,interior_applied_load,,248.5,249.0,224.093,-5.2353634808347585e-08,-4.470258480633005,-4.762982416123784e-07,-5.223661855329324e-07,-1.981868283044078e-11,-1.9697065756192765e-08
strength_HB0.5,TN-P135,N704,interior_applied_load,,248.5,249.0,226.324,6.72286740479817e-08,-3.7533375082093494,-2.454833983725677e-07,-1.5804772857352594e-07,1.5943775100356094e-09,5.216697063620023e-08
strength_HB0.5,TN-P136,N230,interior_applied_load,,249.5,249.0,115.0,4.087880034475688e-11,-0.3778500167304131,-1.6994305809814314e-08,8.220309849482632e-12,-4.829681737872349e-09,2.021773554128359e-09
strength_HB0.5,TN-P137,N705,interior_applied_load,,249.5,249.0,226.093,2.9221261164049464e-10,-0.26809553601562824,-3.8576132591864603e-10,-6.358077156012346e-10,-1.983003793728346e-09,7.606846344993895e-10
strength_HB0.75,TN-P001,N148,interface_action,BR-N-upper-1; T-W / B-WO; W4,-32.0,249.0,115.0,-183.24064209556565,259.0086768906085,100.5749992217109,478.87228852399636,-4894.053754627635,-5184.920487763034
strength_HB0.75,TN-P002,N628,interface_action,BR-N-upper-2; T-W top / segment 2; W4,-32.0,249.0,226.093,275.21621274944016,252.16110869301124,-19.17462461487951,285.9456053055183,328.2157384307195,3210.613306937367
strength_HB0.75,TN-P003,N189,interior_applied_load,,-31.0,249.0,115.0,-9.287211355513136e-08,-9.001740370422638,1.9825066033263283e-09,6.748928171873558e-08,-1.3665868436874007e-09,3.193508746335283e-08
strength_HB0.75,TN-P004,N488,interior_applied_load,,-31.0,249.0,117.5,3.893365259319656e-08,-4.4702584847321285,-2.7269449197731303e-08,-2.4216801544288746e-09,-3.2365163396534234e-10,9.457160441158102e-09
strength_HB0.75,TN-P005,N489,interior_applied_load,,-31.0,249.0,144.148,8.55532571577137e-14,-8.940516968503522,2.29287221691499e-14,6.786812803811573e-13,4.683063613942194e-14,1.7384461184179469e-12
strength_HB0.75,TN-P006,N490,interior_applied_load,,-31.0,249.0,170.797,2.2325717517386143e-14,-8.940516968503166,-2.7413170462360127e-14,1.8645312275615835e-13,1.9788562432169164e-14,-3.6901246298245134e-13
strength_HB0.75,TN-P007,N491,interior_applied_load,,-31.0,249.0,197.445,8.199060268580754e-14,-8.940516968502795,-2.1293390224254709e-13,-1.9805439832558755e-12,2.4797728323954652e-15,-1.2415310163186236e-12
strength_HB0.75,TN-P008,N492,interior_applied_load,,-31.0,249.0,224.093,-5.960464477539063e-08,-4.470258484128863,4.76837158203125e-07,4.76837158203125e-07,0.0,0.0
strength_HB0.75,TN-P009,N686,interior_applied_load,,-31.0,249.0,226.324,5.960464477539063e-08,-3.7533375145867467,-4.76837158203125e-07,-4.76837158203125e-07,1.4901161193847656e-08,5.960464477539063e-08
strength_HB0.75,TN-P010,N513,interior_applied_load,,-23.25,249.0,143.58,1.7053025658242404e-13,-9.934808889402689,-2.5579538487363607e-13,5.684341886080801e-13,-1.1368683772161603e-12,4.547473508864641e-13
strength_HB0.75,TN-P011,N190,interior_applied_load,,-21.323,249.0,115.0,-2.6088761973793516e-12,-89.62494693046456,1.3382155944692449e-12,2.0801528683989567e-13,-6.82811251443387e-12,2.260773011623319e-13
strength_HB0.75,TN-P012,N687,interior_applied_load,,-18.0,249.0,229.319,1.3874359486608136e-12,-8.187741967327016,6.139404521295931e-12,5.014326621590222e-13,-1.212549474827567e-11,-6.46295338567576e-12
strength_HB0.75,TN-P013,N514,interior_applied_load,,-15.5,249.0,172.16,1.8985639413239953e-13,-9.93480888940184,3.791058591883163e-13,1.013001152832867e-12,8.661350112530596e-13,2.2185725078130878e-12
strength_HB0.75,TN-P014,N515,interior_applied_load,,-7.75,249.0,200.739,3.670611020074393e-14,-9.934808889402502,3.761115872698087e-15,7.658487111329573e-12,-3.35824013871964e-12,-2.979316925351525e-12
strength_HB0.75,TN-P015,N191,interior_applied_load,,-3.85,249.0,115.0,2.1228334451869732e-11,-8.056864092537632,1.1995713293194865e-11,-3.9207710933049394e-13,-3.1128914362175797e-11,2.7709267911079898e-11
strength_HB0.75,TN-P016,N192,interior_applied_load,,0.0,249.0,115.0,-2.5167313566498706e-08,-1.4665278639456583,-1.325090138948326e-05,-2.3940444293657492e-08,-1.1213629998124207e-07,-6.3700663766042e-07
strength_HB0.75,TN-P017,N493,interior_applied_load,,0.0,249.0,117.5,2.035952505658826e-08,-4.605542861303603,3.2171587466986276e-09,-2.4334860386278643e-08,1.7399349431263823e-11,5.983066776243193e-08
strength_HB0.75,TN-P018,N494,interior_applied_load,,0.0,249.0,144.955,4.496407004783195e-14,-9.211085725883084,-6.3615514626627644e-15,-7.476838241756884e-13,-6.119139485654625e-15,-1.1438800987422148e-12
strength_HB0.75,TN-P019,N495,interior_applied_load,,0.0,249.0,172.41,1.4786210302876335e-14,-9.21108572588316,1.9692928294044184e-14,-1.1810977318251442e-12,-7.205704090751592e-15,1.7492050003089212e-12
strength_HB0.75,TN-P020,N496,interior_applied_load,,0.0,249.0,199.864,-1.0103657718940934e-14,-9.211085725883384,-3.5805166289180366e-14,2.8701900660595964e-12,-1.495405101512361e-14,-2.6520656271715797e-12
strength_HB0.75,TN-P021,N497,interior_applied_load,,0.0,249.0,227.319,0.0,-4.605542863719165,0.0,4.76837158203125e-07,4.656612873077393e-10,-5.960464477539063e-08
strength_HB0.75,TN-P022,N516,interior_applied_load,,-0.0,249.0,229.319,-1.1920928955078125e-07,-12.325946111232042,0.0,4.76837158203125e-07,0.0,-5.960464477539063e-08
strength_HB0.75,TN-P023,N193,interior_applied_load,,0.031,249.0,115.0,2.1021439301754495e-10,-79.74418779061308,5.431955843952147e-06,-3.935656693926924e-11,6.367284086877271e-07,-1.2639419578867262e-08
strength_HB0.75,TN-P024,N194,interior_applied_load,,1.0,249.0,115.0,4.331468517193571e-11,-7.678506058355197,1.8697825510116672e-09,1.1048939541069558e-11,2.544666699577647e-10,-7.580638339277357e-10
strength_HB0.75,TN-P025,N195,interior_applied_load,,9.344,249.0,115.0,1.9710594423402426e-11,-511.4836513016716,4.648158759131711e-13,2.3114054471807937e-13,-1.2077172201915713e-12,-2.837782106953036e-11
strength_HB0.75,TN-P026,N688,interior_applied_load,,10.167,249.0,229.319,5.7640070463823346e-12,-10.014583343913634,-2.223078710679233e-12,-1.9887829881919633e-13,4.557828591896348e-12,-1.5941267336138234e-12
strength_HB0.75,TN-P027,N517,interior_applied_load,,10.6,249.0,137.864,1.7053025658242404e-12,-8.319555897889586,1.7763568394002505e-14,3.979039320256561e-13,-5.684341886080802e-14,0.0
strength_HB0.75,TN-P028,N518,interior_applied_load,,20.2,249.0,160.728,-1.3755292642402439e-12,-8.319555897893927,-2.753796422192315e-14,-5.078281098041805e-14,-1.527911894822839e-13,-4.048268485817049e-12
strength_HB0.75,TN-P029,N196,interior_applied_load,,21.385,249.0,115.0,2.3608848224214275e-13,-85.01753854723195,-1.1535683122806196e-12,-5.040657217838027e-13,-9.099995277463548e-14,-2.0559654824027437e-11
strength_HB0.75,TN-P030,N197,interior_applied_load,,24.3,249.0,115.0,3.4530357117803045e-11,-2.5111282135119524,-2.921187729801343e-12,-8.062805890338984e-14,7.067213679746933e-13,-9.288183583949304e-11
strength_HB0.75,TN-P031,N198,interior_applied_load,,28.031,249.0,115.0,-1.8372459593416232e-11,-510.74841830284936,4.318650483142638e-13,-2.323202747911718e-13,-4.148463195708598e-12,-8.094506427073076e-11
strength_HB0.75,TN-P032,N519,interior_applied_load,,29.8,249.0,183.592,2.0511632044760843e-13,-8.319555897889645,-5.3982418256108017e-14,3.4042268150062766e-13,-4.345115710357864e-14,-4.676309312453454e-12
strength_HB0.75,TN-P033,N689,interior_applied_load,,38.333,249.0,229.319,3.9198173310229684e-12,-10.145208349138862,2.690123119412041e-12,-1.2616267087325314e-13,-7.383558982461284e-12,1.5065390138452588e-12
strength_HB0.75,TN-P034,N520,interior_applied_load,,39.4,249.0,206.455,-1.737907176317165e-13,-8.319555897891512,1.4311153789704719e-13,1.8212973717783814e-13,2.931402726897644e-13,1.159324944799426e-12
strength_HB0.75,TN-P035,N199,interior_applied_load,,42.74,249.0,115.0,4.2184816851560357e-13,-86.42739130148304,-1.1117818065293154e-11,4.978992237678657e-13,-5.451259441816169e-12,2.6190534332398807e-12
strength_HB0.75,TN-P036,N200,interior_applied_load,,46.719,249.0,115.0,-7.175656054615344e-12,-506.61883261102133,-3.634329459449551e-11,-8.921060130523095e-14,-2.1665211622896614e-11,-2.8701157994920508e-11
strength_HB0.75,TN-P037,N521,interior_applied_load,,49.0,249.0,229.319,-4.53690418567021e-11,-7.273007100003851,-1.3009342214598263e-09,-1.3681124218017046e-11,1.3539315293908949e-09,-1.1885568917957556e-10
strength_HB0.75,TN-P038,N201,interface_action,BR-N-upper-2,50.25,249.0,115.0,-324.83102779249674,398.4202010973928,-0.763482503829269,-113.1927355458868,-155.7995550197431,455.52005875023406
strength_HB0.75,TN-P039,N690,interface_action,BR-N-upper-1,50.25,249.0,229.319,736.8573387634004,938.2721024662587,15.20476130017221,-734.4450492192775,156.57740623266557,1657.4357807665092
strength_HB0.75,TN-P040,N202,interior_applied_load,,52.45,249.0,115.0,-6.419283988284455e-10,-1.1335499362973809,-3.500500100785338e-10,-2.14695037416579e-10,1.3140994407277039e-12,-2.7624048466816017e-10
strength_HB0.75,TN-P041,N203,interface_action,N1 / U-W,53.25,249.0,115.0,-1226.1363501516644,2762.670024720002,-76.15665601562094,493.31280244092454,-3923.6649376276678,39612.27680272307
strength_HB0.75,TN-P042,N691,interface_action,N1 / U-W,53.25,249.0,229.319,-794.3779972401637,-743.1903560041105,18.442493666544696,865.5429224501875,-409.0002853479358,-3127.985034928016
strength_HB0.75,TN-P043,N481,interface_action,N1 / U-W,56.25,249.0,207.0,1264.1764664169575,511.8326165951231,-12.80576193425339,-94.88370406751851,-60.94661973529793,1151.6977271984504
strength_HB0.75,TN-P044,N482,interior_applied_load,,57.25,249.0,207.0,1.4901161193847656e-08,-6.714120946824551,0.0,0.0,3.199147613486275e-10,-2.9802322387695312e-08
strength_HB0.75,TN-P045,N531,interior_applied_load,,57.25,249.0,209.5,0.0,-2.989171452820301,0.0,-1.1920928955078125e-07,9.094947017729282e-13,1.4901161193847656e-08
strength_HB0.75,TN-P046,N532,interior_applied_load,,57.25,249.0,227.319,-3.501325275545586e-08,-2.9891714511604706,1.1588648940463742e-07,2.951871420631136e-07,-3.8434127827694293e-13,5.2213168316717073e-08
strength_HB0.75,TN-P047,N692,interior_applied_load,,57.25,249.0,229.319,1.7353550505334473e-08,-3.461562484263033,-2.707197134863762e-07,-1.467254258652495e-09,8.812682992898183e-10,-4.982659454946027e-09
strength_HB0.75,TN-P048,N204,interior_applied_load,,64.094,249.0,115.0,3.2234181025918494e-11,-83.95955854726539,-8.347853360360645e-11,-5.299989326425113e-13,-7.360281681125118e-11,-1.6183119169281761e-09
strength_HB0.75,TN-P049,N205,interior_applied_load,,65.406,249.0,115.0,6.659290800156747e-11,-510.0179082191314,-3.5192657497112696e-11,2.9254745031875593e-12,-2.994708699063475e-11,7.764275064715175e-10
strength_HB0.75,TN-P050,N693,interior_applied_load,,66.5,249.0,229.319,-1.0120572300580788e-11,-6.008749997517368,3.0918542901052244e-12,4.0254026431228686e-13,9.090533127178122e-13,-1.8591320899855864e-12
strength_HB0.75,TN-P051,N541,interior_applied_load,,68.75,249.0,218.16,2.4442670110147446e-12,-5.376241893318934,0.0,0.0,-9.094947017729282e-13,-4.547473508864641e-13
strength_HB0.75,TN-P052,N483,interior_applied_load,,80.25,249.0,207.0,-7.450580596923828e-09,-7.884249994531274,-2.384185791015625e-07,-1.1920928955078125e-07,0.0,0.0
strength_HB0.75,TN-P053,N533,interior_applied_load,,80.25,249.0,209.5,0.0,-2.989171452820301,3.5762786865234375e-07,-1.1920928955078125e-07,0.0,-1.4901161193847656e-08
strength_HB0.75,TN-P054,N534,interior_applied_load,,80.25,249.0,227.319,-1.1832256771593386e-08,-2.9891714530666587,8.12302681091337e-08,-6.195136889597386e-08,-2.1304642915846928e-11,-3.908581430733804e-09
strength_HB0.75,TN-P055,N542,interior_applied_load,,80.25,249.0,229.319,2.3032025488774117e-08,-12.79559694546268,-4.70965372568394e-08,-1.7956155224561088e-07,2.6709836745391803e-10,4.826178453571372e-08
strength_HB0.75,TN-P056,N206,interior_applied_load,,80.6,249.0,115.0,-2.7751295230127966e-13,-7.061071856975509,-2.353035960491619e-11,-8.726402948711744e-14,-1.2462807291569572e-12,-1.0227249993326258e-09
strength_HB0.75,TN-P057,N207,interior_applied_load,,84.094,249.0,115.0,-1.1838674621527284e-11,-505.6128070176063,2.2625921546951797e-11,8.609049746471091e-13,5.176492376960291e-11,5.9796385035834955e-09
strength_HB0.75,TN-P058,N208,interior_applied_load,,85.448,249.0,115.0,-5.13291998648634e-11,-86.42739129338685,4.489139835099795e-11,-4.312166632272983e-13,-3.172441026100266e-11,-6.716272599028181e-10
strength_HB0.75,TN-P059,N543,interior_applied_load,,92.25,249.0,218.16,9.094947017729282e-12,-5.497868662761903,4.547473508864641e-13,1.3642420526593924e-11,2.7284841053187847e-11,4.547473508864641e-13
strength_HB0.75,TN-P060,N694,interior_applied_load,,94.667,249.0,229.319,5.0335056936588645e-12,-6.270000052124556,1.9587102676315527e-12,-4.984932804211787e-12,2.0815866606032178e-10,-4.924109064202773e-11
strength_HB0.75,TN-P061,N209,interior_applied_load,,102.781,249.0,115.0,4.5814382869623344e-11,-511.84969354964534,-1.4959356328364866e-11,-1.4869918358986253e-12,1.0824853811051668e-12,-1.0386676050310824e-09
strength_HB0.75,TN-P062,N484,interior_applied_load,,104.25,249.0,207.0,3.725290298461914e-08,-13.549868665635586,-2.384185791015625e-07,0.0,-2.3283064365386963e-09,0.0
strength_HB0.75,TN-P063,N535,interior_applied_load,,104.25,249.0,209.5,-2.9802322387695312e-08,-2.989171452820301,2.384185791015625e-07,1.1920928955078125e-07,-1.4202669262886047e-08,2.2351741790771484e-08
strength_HB0.75,TN-P064,N536,interior_applied_load,,104.25,249.0,227.319,7.996963230505472e-10,-2.989171451939349,-2.4190703323823115e-07,-1.4264490399984453e-07,-3.515308968475566e-10,-2.412663610562582e-08
strength_HB0.75,TN-P065,N695,interior_applied_load,,104.25,249.0,229.319,4.323342753585416e-08,-7.358541665371292,-1.2145654783729686e-07,-1.1390497791238146e-07,-1.0979729125490101e-10,-1.5129095311613902e-08
strength_HB0.75,TN-P066,N210,interior_applied_load,,106.802,249.0,115.0,6.5448752938728704e-12,-81.62161166723163,7.361500600501271e-11,1.069286487210417e-12,-3.6654188029702354e-11,-7.064341031629761e-09
strength_HB0.75,TN-P067,N211,interior_applied_load,,108.75,249.0,115.0,-2.9170240686642643e-11,-5.541799965590874,7.81991947075446e-11,-1.5269988660326138e-13,6.89316686947928e-11,-6.171827885946088e-10
strength_HB0.75,TN-P068,N544,interior_applied_load,,116.25,249.0,218.16,3.637978807091713e-12,-5.497868662754627,3.410605131648481e-12,1.4551915228366852e-11,-1.0913936421275139e-11,1.8189894035458565e-12
strength_HB0.75,TN-P069,N212,interior_applied_load,,121.469,249.0,115.0,8.293472799411651e-12,-511.11367323821327,1.213869969173723e-12,-2.454088617953625e-13,-2.188883484954085e-12,2.5641498039490244e-10
strength_HB0.75,TN-P070,N696,interior_applied_load,,122.833,249.0,229.319,2.055216580713243e-11,-6.2699999858955175,9.862555560325937e-12,-6.675422166357566e-12,3.4938508204453246e-11,-5.533111849853787e-13
strength_HB0.75,TN-P071,N213,interior_applied_load,,128.156,249.0,115.0,-1.8317947146418793e-11,-85.19701729857016,-1.1825275810365218e-12,1.6235341941296402e-12,-1.6573206959464596e-11,-5.046030147548684e-10
strength_HB0.75,TN-P072,N485,interior_applied_load,,128.25,249.0,207.0,0.0,-7.884249992668629,-1.1920928955078125e-07,2.384185791015625e-07,0.0,-3.725290298461914e-09
strength_HB0.75,TN-P073,N537,interior_applied_load,,128.25,249.0,209.5,-3.725290298461914e-09,-2.9891714565455914,1.1920928955078125e-07,2.384185791015625e-07,0.0,0.0
strength_HB0.75,TN-P074,N538,interior_applied_load,,128.25,249.0,227.319,-1.5042122575303907e-08,-2.989171453132472,3.2511417055736125e-07,1.1367641544746121e-07,2.2765874398860307e-10,3.3000705224051075e-08
strength_HB0.75,TN-P075,N545,interior_applied_load,,128.25,249.0,229.319,4.1884873411673084e-08,-12.79559694343136,-2.6197883871514265e-07,3.29083229308308e-07,-7.408813859598464e-10,1.4589155309550613e-07
strength_HB0.75,TN-P076,N214,interior_applied_load,,136.9,249.0,115.0,2.6175313286677138e-11,-4.534200062969944,6.633051964525989e-12,1.844787788588699e-12,7.112151990159288e-12,-1.7285615038342528e-10
strength_HB0.75,TN-P077,N546,interior_applied_load,,139.75,249.0,218.16,0.0,-5.376241893322003,-2.2737367544323206e-12,1.2732925824820995e-11,-1.8189894035458565e-12,9.094947017729282e-13
strength_HB0.75,TN-P078,N215,interior_applied_load,,140.156,249.0,115.0,1.3901334615520587e-11,-508.5458675985822,8.931845938946777e-12,1.1343073593213611e-12,8.351486268032995e-12,1.8315192356045188e-09
strength_HB0.75,TN-P079,N216,interior_applied_load,,149.51,249.0,115.0,-3.635139033070424e-12,-86.427391301435,-1.0743026973327253e-12,-4.221645593559908e-13,-1.883056889745892e-12,-1.196524242789317e-09
strength_HB0.75,TN-P080,N697,interior_applied_load,,151.0,249.0,229.319,-1.651800918267554e-11,-6.008750190086171,-1.578399424495558e-07,3.86766361575172e-13,-1.5804982766987052e-08,-9.463670944120928e-09
strength_HB0.75,TN-P081,N486,interior_applied_load,,151.25,249.0,207.0,-4.540197551250458e-09,-6.714120954275131,0.0,2.384185791015625e-07,-4.656612873077393e-10,1.862645149230957e-09
strength_HB0.75,TN-P082,N539,interior_applied_load,,151.25,249.0,209.5,3.725290298461914e-09,-2.9891714602708817,0.0,-2.384185791015625e-07,0.0,2.3283064365386963e-09
strength_HB0.75,TN-P083,N540,interior_applied_load,,151.25,249.0,227.319,-4.547104302810023e-08,-2.9891714602657853,-1.6817381831568667e-07,-3.0458921096432334e-07,-1.1579132885478664e-10,-1.0917541870547609e-10
strength_HB0.75,TN-P084,N698,interior_applied_load,,151.25,249.0,229.319,-3.1385736801170516e-08,-1.1103125429780412,-3.95708152356347e-07,-2.6144692167217814e-07,2.6493841046807548e-08,-1.496409329608539e-08
strength_HB0.75,TN-P085,N487,interior_applied_load,,152.25,249.0,207.0,-2.7321076092628657e-11,-0.16775000724821637,1.0833728366779328e-07,-4.780594718215861e-09,2.5739107443451846e-07,2.0348550247086884e-08
strength_HB0.75,TN-P086,N475,interior_applied_load,,155.25,249.0,120.0,-1.9330243490929313e-13,-13.810985069609346,1.726955947470035e-13,-1.8204487100630266e-12,4.7692252148043666e-14,6.06344798681757e-12
strength_HB0.75,TN-P087,N476,interior_applied_load,,155.25,249.0,146.657,3.258809946929021e-13,-27.621970139243253,1.6392358699842398e-13,-5.022628415101891e-12,-1.4728043615317685e-13,6.894592169027537e-12
strength_HB0.75,TN-P088,N477,interior_applied_load,,155.25,249.0,173.314,-2.669502239622231e-13,-27.621970139247033,4.1517723137463737e-13,-2.155305508604298e-11,-1.796814232951884e-13,6.573418563753567e-12
strength_HB0.75,TN-P089,N478,interior_applied_load,,155.25,249.0,199.971,3.112397967152498e-12,-17.45272986146502,2.2134212605193926e-11,-1.5494305554474956e-10,3.902787728162819e-13,-1.7300111407937141e-12
strength_HB0.75,TN-P090,N479,interior_applied_load,,155.25,249.0,207.0,-2.2077520231950445e-11,-13.810985089050355,-1.6618727938171996e-07,1.0333796714769574e-08,-1.512861181878723e-07,-1.5017229106271286e-07
strength_HB0.75,TN-P091,N480,interior_applied_load,,155.25,249.0,226.628,0.0,-10.169240280985832,-2.384185791015625e-07,2.384185791015625e-07,2.3283064365386963e-10,0.0
strength_HB0.75,TN-P092,N699,interior_applied_load,,155.25,249.0,229.319,-1.4901161193847656e-08,-2.2859374806284904,0.0,-2.384185791015625e-07,6.984919309616089e-10,0.0
strength_HB0.75,TN-P093,N217,interior_applied_load,,158.844,249.0,115.0,9.788866836454881e-12,-509.65265328351063,1.846258494069715e-13,6.88780893161941e-14,4.036537997844598e-12,-6.096505382517494e-10
strength_HB0.75,TN-P094,N522,interior_applied_load,,160.0,249.0,229.319,-2.119141543517629e-11,-10.647879345591006,-9.151593757117731e-11,4.125018214301549e-11,-1.8383571912704116e-10,-1.8183141580494037e-10
strength_HB0.75,TN-P095,N218,interior_applied_load,,165.05,249.0,115.0,-2.2121962983239743e-11,-4.542071799336061,4.165229846140887e-12,2.100653963474587e-12,1.3539616780325223e-12,7.534517093412802e-10
strength_HB0.75,TN-P096,N219,interior_applied_load,,170.865,249.0,115.0,-3.639679977209254e-12,-84.08235976793799,1.1523800328150865e-12,-1.2644116562177818e-12,-1.0224959409048139e-11,4.685915183639451e-10
strength_HB0.75,TN-P097,N523,interior_applied_load,,172.85,249.0,206.455,7.0897275645375096e-12,-8.799300402793815,-1.4417293195583912e-13,-1.6761115303613787e-12,-2.1556272273908446e-12,-2.880899646391352e-12
strength_HB0.75,TN-P098,N220,interior_applied_load,,177.531,249.0,115.0,-1.931012493054526e-13,-507.2328389131423,6.581610892952615e-11,1.4858368928164545e-12,-1.5145982167520394e-10,-1.3238428242606518e-09
strength_HB0.75,TN-P099,N700,interior_applied_load,,179.167,249.0,229.319,-2.667019894706087e-11,-5.225000028733395,1.2737391503796798e-09,1.8544453575372126e-12,-7.077337105126501e-09,6.029157427007571e-09
strength_HB0.75,TN-P100,N221,interior_applied_load,,180.0,249.0,115.0,-6.453170442455303e-09,-5.549671843099659,-2.2005582245299138e-08,5.255520019176174e-09,-2.52841876984507e-10,2.5245856960509627e-08
strength_HB0.75,TN-P101,N498,interior_applied_load,,180.0,249.0,117.5,-4.920678975395276e-09,-4.60554284920247,6.56397958209709e-09,-1.7695356291369535e-08,3.156230832246365e-11,1.764715307217557e-08
strength_HB0.75,TN-P102,N499,interior_applied_load,,180.0,249.0,144.955,-3.410605131648481e-13,-9.211085725881276,5.684341886080802e-14,1.1368683772161603e-13,0.0,9.094947017729282e-13
strength_HB0.75,TN-P103,N500,interior_applied_load,,180.0,249.0,172.41,0.0,-9.211085725895828,-1.1368683772161603e-13,-4.547473508864641e-13,5.361094059565726e-15,-1.8189894035458565e-12
strength_HB0.75,TN-P104,N501,interior_applied_load,,180.0,249.0,199.864,-3.630293009796641e-13,-9.21108572587941,-5.835291431910079e-15,5.070694731935946e-12,4.551084418401475e-15,2.8256656849535624e-12
strength_HB0.75,TN-P105,N502,interior_applied_load,,180.0,249.0,227.319,7.93991226655244e-08,-4.605542892353228,4.68965953848155e-08,2.75891793188876e-07,2.2562382138364895e-11,-1.1750444695035611e-07
strength_HB0.75,TN-P106,N701,interior_applied_load,,180.0,249.0,229.319,1.2156698241692858e-07,-7.35854169460104,5.198861646940367e-07,-4.126030274559246e-07,6.525391398191082e-09,-1.3434800397429358e-07
strength_HB0.75,TN-P107,N524,interior_applied_load,,185.7,249.0,183.592,-1.3314779917672922e-12,-8.79930040280847,2.79906220195133e-13,2.779701062314654e-12,1.459773166647678e-12,-4.254692048039486e-13
strength_HB0.75,TN-P108,N222,interior_applied_load,,192.219,249.0,115.0,9.922967039986589e-11,-84.35393945069907,1.235288248016526e-09,-3.254610468952594e-12,-2.088794021557125e-10,3.817643252957535e-09
strength_HB0.75,TN-P109,N223,interior_applied_load,,193.2,249.0,115.0,-7.608549521109626e-11,-1.511399949209376,-1.6115204354720803e-09,-2.8312624346413385e-12,2.9171484439199763e-10,-2.6267387817382974e-10
strength_HB0.75,TN-P110,N224,interior_applied_load,,196.219,249.0,115.0,4.8786183235795595e-12,-565.0626313213247,4.07728041642251e-11,3.7581423511270163e-13,8.203889916118308e-11,-7.423777832891893e-11
strength_HB0.75,TN-P111,N525,interior_applied_load,,198.55,249.0,160.728,-1.689128476892082e-12,-8.799300402796765,6.446923380577654e-14,4.4837557188523285e-13,-8.162943763401637e-12,8.497266825117177e-12
strength_HB0.75,TN-P112,N702,interior_applied_load,,207.333,249.0,229.319,9.642426763143566e-12,-11.560312498839572,-4.3113333352611035e-12,-5.069661350882345e-12,-3.2489015775875505e-10,-5.055014617478784e-10
strength_HB0.75,TN-P113,N526,interior_applied_load,,211.4,249.0,137.864,-7.275957614183426e-12,-8.799300402799417,-4.263256414560601e-14,-1.5916157281026244e-12,4.547473508864641e-12,-2.1600499167107046e-12
strength_HB0.75,TN-P114,N225,interior_applied_load,,213.573,249.0,115.0,-1.1428267203147405e-10,-86.4273913007998,-8.871415686145942e-10,-3.786661812329078e-12,4.4089434996831806e-10,3.8727483899016214e-11
strength_HB0.75,TN-P115,N226,interior_applied_load,,214.906,249.0,115.0,1.1848325493540963e-11,-560.3032956410558,5.143939693556142e-10,1.017738199481061e-11,4.887527509048252e-10,-4.2345730613237024e-10
strength_HB0.75,TN-P116,N227,interior_applied_load,,221.35,249.0,115.0,-6.574085771318579e-11,-3.530535981637775,-3.9963804971035684e-10,6.657129031308783e-13,2.566065439995803e-10,-1.520645959807377e-11
strength_HB0.75,TN-P117,N228,interface_action,N2; T-E,224.25,249.0,115.0,-589.2810299992561,4478.343099009246,-347.79593300819397,304.5489662885666,-488.91030683461577,-4718.089215755463
strength_HB0.75,TN-P118,N503,interface_action,T-E,224.25,249.0,117.5,978.4229151010513,-1548.9627370350063,324.09941816329956,-2111.173907160759,-1634.9011348979548,10318.68614667654
strength_HB0.75,TN-P119,N186,interface_action,T-E,224.25,249.0,120.0,-3.396485644916538,1104.609878199757,-5.259864889609162,-333.24262613389874,-107.03798007048681,369.83863276997
strength_HB0.75,TN-P120,N504,interior_applied_load,,224.25,249.0,144.955,-1.7763568394002505e-14,-9.211085725888552,-9.947598300641403e-14,-1.5916157281026244e-12,5.684341886080802e-14,-3.410605131648481e-13
strength_HB0.75,TN-P121,N505,interior_applied_load,,224.25,249.0,172.41,2.256956438221365e-16,-9.211085725889191,-1.1146333560570363e-13,-1.3979037120468788e-12,-1.0901163758995993e-14,8.554380841816847e-14
strength_HB0.75,TN-P122,N506,interior_applied_load,,224.25,249.0,199.864,2.338918798487241e-15,-9.211085725883784,5.3642302847290414e-14,-9.599111284061839e-13,3.658714166115802e-14,1.7031615117481238e-13
strength_HB0.75,TN-P123,N507,interior_applied_load,,224.25,249.0,227.319,-2.480683547467777e-08,-4.605542858286234,1.9528897660103794e-06,3.107450541994794e-06,9.098144974080676e-11,-6.091710380573545e-08
strength_HB0.75,TN-P124,N527,interface_action,N2; T-E top / segment 4,224.25,249.0,229.319,-133.4094000395755,-427.19142069665384,3.634662635660985,-778.9690985832134,-161.61404588547762,-20216.001100449976
strength_HB0.75,TN-P125,N528,interior_applied_load,,230.312,249.0,200.739,3.4615385510406576e-13,-9.801877704269543,3.8684848102451546e-14,3.2213674607897595e-13,-1.4164780257042483e-12,1.3112826410700713e-12
strength_HB0.75,TN-P126,N703,interior_applied_load,,235.5,249.0,229.319,-5.5572328962941874e-12,-6.424304463014791,2.4413166036964512e-11,-3.001008828425894e-11,1.1122852341972431e-10,-3.4163171770388973e-11
strength_HB0.75,TN-P127,N529,interior_applied_load,,236.375,249.0,172.16,1.6885425591302118e-12,-9.801877704262125,-1.597877638262488e-14,-3.2650372631899704e-13,1.5096104550679335e-13,-3.0029260789901316e-12
strength_HB0.75,TN-P128,N530,interior_applied_load,,242.438,249.0,143.58,-2.7284841053187847e-12,-9.801877704256185,-8.526512829121202e-13,0.0,6.821210263296962e-13,9.094947017729282e-13
strength_HB0.75,TN-P129,N229,interior_applied_load,,248.5,249.0,115.0,1.1920928955078125e-07,-14.441651336848736,0.0,0.0,-9.313225746154785e-10,-1.1920928955078125e-07
strength_HB0.75,TN-P130,N508,interior_applied_load,,248.5,249.0,117.5,0.0,-4.470258489251137,0.0,0.0,-9.313225746154785e-10,-1.1920928955078125e-07
strength_HB0.75,TN-P131,N509,interior_applied_load,,248.5,249.0,144.148,3.976055522966702e-14,-8.94051696850642,8.655247903081199e-13,-3.1083612840325144e-12,6.316131991276922e-15,-1.9262063342897884e-12
strength_HB0.75,TN-P132,N510,interior_applied_load,,248.5,249.0,170.797,7.418208007138663e-14,-8.9405169685022,8.998102953433913e-14,6.055579940934751e-11,-1.1420241567342499e-14,-1.981826173856705e-12
strength_HB0.75,TN-P133,N511,interior_applied_load,,248.5,249.0,197.445,2.350242251668871e-14,-8.94051696850007,-5.389873692457348e-13,-1.5928845309476e-11,1.0496016931347558e-14,-4.7219378727049865e-12
strength_HB0.75,TN-P134,N512,interior_applied_load,,248.5,249.0,224.093,2.6055148373165955e-08,-4.470258482575321,1.1527340267575418e-07,-1.0585125317090488e-07,-1.9989707469353387e-11,-7.836626836999635e-08
strength_HB0.75,TN-P135,N704,interior_applied_load,,248.5,249.0,226.324,5.833177141751083e-09,-3.7533375111852534,-4.046682316509282e-09,1.7170269420859262e-07,3.8411031294307694e-09,-1.8497030663240704e-08
strength_HB0.75,TN-P136,N230,interior_applied_load,,249.5,249.0,115.0,8.008593788133567e-12,-0.3778500162487163,-4.618990093185893e-09,3.733343495460062e-12,2.579124969148694e-10,1.7928045020765282e-09
strength_HB0.75,TN-P137,N705,interior_applied_load,,249.5,249.0,226.093,-2.4524169405821214e-10,-0.26809553490236915,4.046682316509282e-09,1.0393698025040695e-09,2.0803003207520416e-10,-6.130047688633943e-11
strength_HT0.25,TN-P001,N148,interface_action,BR-N-upper-1; T-W / B-WO; W4,-32.0,249.0,115.0,-251.24561475285248,335.0155330367955,95.79609630968658,614.168987479188,-4484.608828847312,-4441.541890365573
strength_HT0.25,TN-P002,N628,interface_action,BR-N-upper-2; T-W top / segment 2; W4,-32.0,249.0,226.093,292.61680500268665,180.96778725854315,-20.61577196526778,361.1141621509024,313.73198971695416,2565.9287571660343
strength_HT0.25,TN-P003,N189,interior_applied_load,,-31.0,249.0,115.0,3.2986960718517366e-08,-9.001740367114394,1.4393826575087587e-08,6.805976227042265e-09,-1.0375575953958105e-09,-6.572463462362066e-08
strength_HT0.25,TN-P004,N488,interior_applied_load,,-31.0,249.0,117.5,-3.3059242834595886e-08,-4.470258484968234,-7.134887007289792e-09,5.58079498843319e-08,1.1814650998411509e-09,-9.475716399398959e-08
strength_HT0.25,TN-P005,N489,interior_applied_load,,-31.0,249.0,144.148,5.129590518266326e-14,-8.940516968502951,-7.584937627721855e-15,1.6081735978099186e-12,3.986703229454013e-14,1.0559994807820224e-12
strength_HT0.25,TN-P006,N490,interior_applied_load,,-31.0,249.0,170.797,-1.3304869892238222e-14,-8.94051696850346,-1.1061578209638445e-13,-5.602987551604471e-13,1.2281986497019518e-14,-5.32169187148453e-13
strength_HT0.25,TN-P007,N491,interior_applied_load,,-31.0,249.0,197.445,3.142188304957258e-14,-8.940516968503177,4.903460684042132e-14,9.104619753068695e-13,1.8647408609643724e-15,-4.4813773275535325e-13
strength_HT0.25,TN-P008,N492,interior_applied_load,,-31.0,249.0,224.093,-5.960464477539063e-08,-4.470258484128863,1.430511474609375e-06,4.76837158203125e-07,4.656612873077393e-10,5.960464477539063e-08
strength_HT0.25,TN-P009,N686,interior_applied_load,,-31.0,249.0,226.324,5.960464477539063e-08,-3.7533375089988112,-4.76837158203125e-07,9.5367431640625e-07,2.7008354663848877e-08,0.0
strength_HT0.25,TN-P010,N513,interior_applied_load,,-23.25,249.0,143.58,6.536993168992922e-13,-9.93480888940178,-1.8474111129762605e-13,5.684341886080801e-13,-1.8189894035458565e-12,7.048583938740194e-12
strength_HT0.25,TN-P011,N190,interior_applied_load,,-21.323,249.0,115.0,6.9090958401008115e-12,-89.62494693046393,-6.103746866806902e-13,6.205651673299611e-14,-9.01589160592002e-13,-2.057308930331572e-12
strength_HT0.25,TN-P012,N687,interior_applied_load,,-18.0,249.0,229.319,5.3910854571974706e-12,-8.187741967326625,6.660846453195033e-13,-7.991677450002412e-12,-6.002118639293248e-11,-3.034136466397124e-11
strength_HT0.25,TN-P013,N514,interior_applied_load,,-15.5,249.0,172.16,1.8479437004463885e-13,-9.934808889402191,-5.381496856547839e-13,-8.915082899395825e-12,3.537972832549794e-12,5.2439472554926345e-12
strength_HT0.25,TN-P014,N515,interior_applied_load,,-7.75,249.0,200.739,4.720563097276584e-13,-9.93480888940182,1.6211522654417466e-13,-2.525253874812935e-11,5.465573969293543e-12,-6.171110085990947e-12
strength_HT0.25,TN-P015,N191,interior_applied_load,,-3.85,249.0,115.0,-2.296918995023752e-13,-8.056864092567272,4.501003468570029e-12,-4.572701516199809e-13,-1.998189823515112e-11,-4.4614530235202525e-11
strength_HT0.25,TN-P016,N192,interior_applied_load,,0.0,249.0,115.0,8.159030784327115e-09,-1.4665457401791873,3.2388031563357345e-06,-1.0214739276648288e-08,-1.795592955232104e-07,-9.381217669357511e-07
strength_HT0.25,TN-P017,N493,interior_applied_load,,0.0,249.0,117.5,-1.9456891416610563e-08,-4.605542862250029,-2.3663165316886534e-09,-8.718701553917504e-09,4.28379586723401e-12,1.1901074723371226e-08
strength_HT0.25,TN-P018,N494,interior_applied_load,,0.0,249.0,144.955,-1.0861895729602091e-13,-9.211085725882393,-1.7488581703907947e-14,6.786006677891297e-13,-9.644147908166021e-15,-2.670809897022406e-13
strength_HT0.25,TN-P019,N495,interior_applied_load,,0.0,249.0,172.41,-9.429213057152127e-15,-9.211085725883907,-4.555547464499474e-14,1.896005788495793e-13,-4.039458336568216e-15,4.551194140168072e-12
strength_HT0.25,TN-P020,N496,interior_applied_load,,0.0,249.0,199.864,4.278073807417359e-14,-9.21108572588296,-1.0271373854938782e-13,1.6630546420812925e-12,1.2222265787810401e-14,4.971392077416261e-13
strength_HT0.25,TN-P021,N497,interior_applied_load,,0.0,249.0,227.319,-5.960464477539063e-08,-4.605542863719165,0.0,0.0,-4.656612873077393e-10,0.0
strength_HT0.25,TN-P022,N516,interior_applied_load,,-0.0,249.0,229.319,-5.960464477539063e-08,-12.325946112163365,0.0,0.0,4.656612873077393e-10,0.0
strength_HT0.25,TN-P023,N193,interior_applied_load,,0.031,249.0,115.0,3.727326620734436e-09,-79.74418792809885,-9.192188479663933e-06,9.442625792728453e-10,2.8043007221109075e-07,-1.855070942730319e-07
strength_HT0.25,TN-P024,N194,interior_applied_load,,1.0,249.0,115.0,-1.1107204045401886e-10,-7.678506059606434,1.5133174713355402e-09,1.9895196601282805e-11,3.7985614653734956e-10,4.501998773775995e-11
strength_HT0.25,TN-P025,N195,interior_applied_load,,9.344,249.0,115.0,-8.677192353150008e-12,-511.4836513016695,5.057792742642195e-13,3.2524477356088917e-13,1.4073987690580419e-11,-2.5690191553608976e-11
strength_HT0.25,TN-P026,N688,interior_applied_load,,10.167,249.0,229.319,8.595476615180161e-12,-10.01458334391356,5.2169535064324496e-12,-1.4923152516255304e-13,-7.319436664139728e-12,-1.5739689330140947e-12
strength_HT0.25,TN-P027,N517,interior_applied_load,,10.6,249.0,137.864,1.0231815394945443e-12,-8.319555897892315,3.552713678800501e-15,3.872457909892546e-13,-2.3092638912203256e-14,-9.094947017729282e-13
strength_HT0.25,TN-P028,N518,interior_applied_load,,20.2,249.0,160.728,-4.569781646253069e-13,-8.319555897889535,-4.995844867600007e-14,-8.564016096794869e-14,-6.293745137419335e-14,-8.122309927698707e-12
strength_HT0.25,TN-P029,N196,interior_applied_load,,21.385,249.0,115.0,-1.1113840042574134e-11,-85.01753854728791,-2.979790555051379e-11,-1.569865081979422e-13,1.1692987008796138e-11,-5.5087442409145746e-11
strength_HT0.25,TN-P030,N197,interior_applied_load,,24.3,249.0,115.0,1.8402594744435714e-11,-2.511128213528788,-1.0845851368163374e-11,-8.416718376353164e-13,7.127986462207067e-11,-1.1929613933112853e-10
strength_HT0.25,TN-P031,N198,interior_applied_load,,28.031,249.0,115.0,1.5837690968316855e-11,-510.7484183028552,-4.2581367653581845e-12,-6.850879073257042e-14,8.034196575576628e-12,-5.6016935963200705e-11
strength_HT0.25,TN-P032,N519,interior_applied_load,,29.8,249.0,183.592,-5.175486681114575e-14,-8.319555897889824,-7.615145563533621e-14,6.776453500936368e-13,-2.4230671286231533e-13,7.198717105646623e-13
strength_HT0.25,TN-P033,N689,interior_applied_load,,38.333,249.0,229.319,7.419273347245987e-12,-10.145208349138901,1.8229701450487153e-12,-7.93067632201894e-14,6.843186629766828e-12,8.39849870022456e-13
strength_HT0.25,TN-P034,N520,interior_applied_load,,39.4,249.0,206.455,5.6076449002591946e-14,-8.31955589789029,-3.2242577236332005e-14,5.076821725891015e-13,3.0646875157352735e-12,-3.5127282688907134e-13
strength_HT0.25,TN-P035,N199,interior_applied_load,,42.74,249.0,115.0,3.5952060539835234e-11,-86.42739130148391,-1.3960804610251826e-11,8.863796219369876e-13,-4.4147740856428425e-11,2.2358497501032402e-11
strength_HT0.25,TN-P036,N200,interior_applied_load,,46.719,249.0,115.0,-6.354381458669412e-12,-506.61883261100746,-5.0926427688189284e-11,-5.943241647017975e-13,-2.6717525569930077e-11,-2.1030865431721904e-11
strength_HT0.25,TN-P037,N521,interior_applied_load,,49.0,249.0,229.319,-4.780176254826074e-11,-7.273007100185674,1.9083588181922906e-10,-5.968503301416169e-11,2.5305694519028865e-10,-3.358899547389882e-10
strength_HT0.25,TN-P038,N201,interface_action,BR-N-upper-2,50.25,249.0,115.0,-310.02605659806005,375.0717255432526,-1.2682214886347087,-127.6258165512146,-177.322038503076,537.7015140775962
strength_HT0.25,TN-P039,N690,interface_action,BR-N-upper-1,50.25,249.0,229.319,706.4537512563643,899.7133839925244,15.17698202454616,-720.8628373845171,213.25184451710734,1546.4526490056576
strength_HT0.25,TN-P040,N202,interior_applied_load,,52.45,249.0,115.0,2.6790874616669054e-10,-1.1335499376682603,7.454386324628471e-10,-3.2263281831583106e-10,3.2309782421083194e-10,-1.769137817092835e-10
strength_HT0.25,TN-P041,N203,interface_action,N1 / U-W,53.25,249.0,115.0,-1135.507449922544,2788.825208164619,-71.64015611311063,448.6774270975392,-3577.828098225292,39462.40623625579
strength_HT0.25,TN-P042,N691,interface_action,N1 / U-W,53.25,249.0,229.319,-762.6163989795474,-703.1099225874369,16.332652873466753,845.0011474338756,-357.97366706693475,-3001.7353944713363
strength_HT0.25,TN-P043,N481,interface_action,N1 / U-W,56.25,249.0,207.0,1218.7929666983266,492.3854791901674,-12.405166207370105,-98.22811048403841,-20.186575858034267,1105.9557425003904
strength_HT0.25,TN-P044,N482,interior_applied_load,,57.25,249.0,207.0,0.0,-6.714120946824551,-1.1920928955078125e-07,0.0,2.9103830456733704e-11,-2.9802322387695312e-08
strength_HT0.25,TN-P045,N531,interior_applied_load,,57.25,249.0,209.5,-2.9802322387695312e-08,-2.9891714518889785,0.0,-1.1920928955078125e-07,3.637978807091713e-12,0.0
strength_HT0.25,TN-P046,N532,interior_applied_load,,57.25,249.0,227.319,-4.184411134949828e-08,-2.9891714516714893,1.0315396908877617e-07,-1.6468221264442917e-07,8.006996320023956e-12,6.390721378479736e-08
strength_HT0.25,TN-P047,N692,interior_applied_load,,57.25,249.0,229.319,-1.1544659055993292e-08,-3.461562484157336,-1.4455047337964218e-07,2.5883605465101892e-08,3.4897238058694575e-09,5.589318239197554e-08
strength_HT0.25,TN-P048,N204,interior_applied_load,,64.094,249.0,115.0,-3.525561758358713e-11,-83.95955854592349,-4.056679079181888e-11,-4.0893409992821815e-13,2.002925176585066e-10,-3.2411481404547666e-09
strength_HT0.25,TN-P049,N205,interior_applied_load,,65.406,249.0,115.0,1.1268888915405938e-10,-510.0179082193092,7.685009162715437e-11,2.2999089510721087e-12,9.715289078723255e-11,7.851954880254918e-10
strength_HT0.25,TN-P050,N693,interior_applied_load,,66.5,249.0,229.319,3.9309511387082005e-12,-6.008749997516687,1.3236664985220247e-12,3.604430017106672e-14,-5.3703397962832936e-11,-1.950495663726394e-12
strength_HT0.25,TN-P051,N541,interior_applied_load,,68.75,249.0,218.16,-1.1368683772161603e-13,-5.376241893319502,6.821210263296962e-13,-1.8189894035458565e-12,1.8189894035458565e-12,4.547473508864641e-13
strength_HT0.25,TN-P052,N483,interior_applied_load,,80.25,249.0,207.0,-7.450580596923828e-09,-7.884249992668629,2.384185791015625e-07,3.5762786865234375e-07,0.0,0.0
strength_HT0.25,TN-P053,N533,interior_applied_load,,80.25,249.0,209.5,7.450580596923828e-09,-2.989171452820301,-1.1920928955078125e-07,3.5762786865234375e-07,0.0,-1.4901161193847656e-08
strength_HT0.25,TN-P054,N534,interior_applied_load,,80.25,249.0,227.319,5.846029386968876e-08,-2.9891714513204994,-2.1698797436631168e-07,-1.6576862793549196e-07,-9.05605583504674e-11,-4.394058297774173e-08
strength_HT0.25,TN-P055,N542,interior_applied_load,,80.25,249.0,229.319,-5.7310923328620436e-08,-12.795596945129901,1.7673444279268823e-07,-4.455797196894825e-07,2.743291543190082e-10,-1.6312683770284973e-08
strength_HT0.25,TN-P056,N206,interior_applied_load,,80.6,249.0,115.0,3.4379479296772285e-13,-7.061071856533225,-3.57877769668495e-13,-1.8518507552431752e-13,1.2699608433181982e-13,-5.243960074793525e-10
strength_HT0.25,TN-P057,N207,interior_applied_load,,84.094,249.0,115.0,-2.237227127708544e-11,-505.6128070284253,1.7177722716486553e-11,1.0708916542305702e-12,-1.961148092107414e-11,1.0144573594486503e-09
strength_HT0.25,TN-P058,N208,interior_applied_load,,85.448,249.0,115.0,-1.493934141678993e-11,-86.42739129989593,1.626978529711927e-11,6.576703514651891e-13,-1.5726954435280006e-11,-2.8821433961658578e-09
strength_HT0.25,TN-P059,N543,interior_applied_load,,92.25,249.0,218.16,9.094947017729282e-12,-5.497868662765541,2.7284841053187847e-12,2.3646862246096134e-11,2.000888343900442e-11,-9.094947017729282e-13
strength_HT0.25,TN-P060,N694,interior_applied_load,,94.667,249.0,229.319,-3.801799162105913e-13,-6.270000052126376,2.2177534359257658e-11,3.666265857726563e-12,1.9114537539491387e-10,9.388132533348303e-11
strength_HT0.25,TN-P061,N209,interior_applied_load,,102.781,249.0,115.0,2.5710220164247443e-11,-511.8496935492145,-2.412571633675359e-12,-1.0309887262661872e-12,-7.353518363009696e-12,1.1578561348662807e-10
strength_HT0.25,TN-P062,N484,interior_applied_load,,104.25,249.0,207.0,4.470348358154297e-08,-13.549868658185005,0.0,-2.384185791015625e-07,-1.83936208486557e-08,-2.2351741790771484e-08
strength_HT0.25,TN-P063,N535,interior_applied_load,,104.25,249.0,209.5,-3.725290298461914e-08,-2.989171452820301,2.384185791015625e-07,7.152557373046875e-07,1.3969838619232178e-09,1.4901161193847656e-08
strength_HT0.25,TN-P064,N536,interior_applied_load,,104.25,249.0,227.319,4.2834109453826485e-09,-2.989171454037127,-2.222904318949226e-08,-9.118781324479741e-08,7.065158215115883e-11,-3.32788114010274e-08
strength_HT0.25,TN-P065,N695,interior_applied_load,,104.25,249.0,229.319,1.9518923621038164e-08,-7.358541662371641,-2.482284139596384e-07,4.269337644916763e-07,-2.3060777433675054e-10,6.135686320143619e-08
strength_HT0.25,TN-P066,N210,interior_applied_load,,106.802,249.0,115.0,-4.55293962068358e-11,-81.62161166805986,4.524902663715853e-11,2.600446703623554e-13,-5.852239143275635e-11,-1.4258043456636118e-08
strength_HT0.25,TN-P067,N211,interior_applied_load,,108.75,249.0,115.0,4.6039500262646e-11,-5.541799959678012,1.4699887519429333e-11,-2.9723904250125566e-13,9.018538513336082e-12,5.098087723514629e-09
strength_HT0.25,TN-P068,N544,interior_applied_load,,116.25,249.0,218.16,-3.637978807091713e-12,-5.497868662763722,-4.547473508864641e-13,2.1827872842550278e-11,3.637978807091713e-12,-3.637978807091713e-12
strength_HT0.25,TN-P069,N212,interior_applied_load,,121.469,249.0,115.0,-2.479521895208838e-11,-511.1136732379996,2.767526008955279e-13,1.0783815180950963e-12,-1.0873656137709989e-12,1.4309979643213823e-09
strength_HT0.25,TN-P070,N696,interior_applied_load,,122.833,249.0,229.319,3.0617815417493654e-11,-6.269999985892507,-1.1323772898346075e-11,1.1187599524136986e-11,-2.0144066167794008e-10,3.2529657951747584e-10
strength_HT0.25,TN-P071,N213,interior_applied_load,,128.156,249.0,115.0,3.4038043502978785e-12,-85.19701729888091,-2.940496332856448e-13,4.734222218160484e-13,-4.273091021445632e-12,-3.970386819232534e-10
strength_HT0.25,TN-P072,N485,interior_applied_load,,128.25,249.0,207.0,-3.725290298461914e-09,-7.884249992668629,2.384185791015625e-07,0.0,2.3283064365386963e-10,0.0
strength_HT0.25,TN-P073,N537,interior_applied_load,,128.25,249.0,209.5,0.0,-2.9891714490950108,-2.384185791015625e-07,-4.76837158203125e-07,0.0,7.450580596923828e-09
strength_HT0.25,TN-P074,N538,interior_applied_load,,128.25,249.0,227.319,5.0271349444352964e-08,-2.98917145698772,1.8040136887109703e-07,1.618666542468894e-07,3.183403707475733e-11,5.911756029153281e-09
strength_HT0.25,TN-P075,N545,interior_applied_load,,128.25,249.0,229.319,-4.6527925419855224e-08,-12.795596937737818,-5.20119685960374e-07,4.6346779302682694e-08,-1.2719544871390313e-10,4.199603261295275e-08
strength_HT0.25,TN-P076,N214,interior_applied_load,,136.9,249.0,115.0,7.471939297414433e-13,-4.5342000597568815,2.7775115998155473e-12,1.7705525488978586e-12,-1.6619811262401711e-12,4.230174635443424e-09
strength_HT0.25,TN-P077,N546,interior_applied_load,,139.75,249.0,218.16,3.637978807091713e-12,-5.376241893322003,-2.2737367544323206e-12,1.6370904631912708e-11,1.8189894035458565e-12,-5.4569682106375694e-12
strength_HT0.25,TN-P078,N215,interior_applied_load,,140.156,249.0,115.0,-1.7625219208228768e-12,-508.545867600386,4.811794562182001e-13,7.453333649799042e-13,-8.713459671585707e-13,6.631621472399909e-09
strength_HT0.25,TN-P079,N216,interior_applied_load,,149.51,249.0,115.0,-1.450548368425708e-11,-86.42739130158847,-1.2782743990043654e-13,-5.99948067955556e-13,-2.382039305516109e-12,-6.44273854125723e-10
strength_HT0.25,TN-P080,N697,interior_applied_load,,151.0,249.0,229.319,-1.073213740099277e-10,-6.00874986246851,3.6043180796918595e-07,-1.0400437529693398e-11,-5.48518501002071e-08,-1.626218723571604e-08
strength_HT0.25,TN-P081,N486,interior_applied_load,,151.25,249.0,207.0,-2.0954757928848267e-09,-6.714120946824551,4.76837158203125e-07,2.384185791015625e-07,-1.1641532182693481e-09,1.3969838619232178e-09
strength_HT0.25,TN-P082,N539,interior_applied_load,,151.25,249.0,209.5,1.862645149230957e-09,-2.989171452820301,2.384185791015625e-07,0.0,0.0,9.313225746154785e-10
strength_HT0.25,TN-P083,N540,interior_applied_load,,151.25,249.0,227.319,-9.652277060956393e-09,-2.989171451790233,5.262466767352869e-07,-1.9678655605037676e-07,8.953523686955294e-11,-2.523011616295534e-08
strength_HT0.25,TN-P084,N698,interior_applied_load,,151.25,249.0,229.319,-2.2032970031782284e-08,-1.1103124734325507,-2.9543983229730203e-07,1.650227495779231e-08,1.8802930958766728e-08,-3.120212020181479e-08
strength_HT0.25,TN-P085,N487,interior_applied_load,,152.25,249.0,207.0,2.975261024312078e-11,-0.1677499046269478,-7.276282378318448e-08,-1.474908337840486e-08,-9.17628587220888e-08,8.996013792111858e-09
strength_HT0.25,TN-P086,N475,interior_applied_load,,155.25,249.0,120.0,4.4027929001894855e-13,-13.810985069606868,3.876541008526436e-13,8.678526165282313e-13,-8.195381003867819e-14,-2.2681113181687233e-12
strength_HT0.25,TN-P087,N476,interior_applied_load,,155.25,249.0,146.657,-5.163074691990403e-13,-27.62197013924479,1.474677715333931e-13,-4.247704811793106e-12,2.3425695974077096e-14,4.585215604627383e-12
strength_HT0.25,TN-P088,N477,interior_applied_load,,155.25,249.0,173.314,3.666315009660186e-13,-27.621970139244556,6.92378887724134e-13,-3.231651238605526e-13,-8.195381003867819e-14,3.2440801185183792e-12
strength_HT0.25,TN-P089,N478,interior_applied_load,,155.25,249.0,199.971,4.995456414244402e-12,-17.452729861476104,1.2851335074580428e-10,7.690586528927008e-11,6.748757923452993e-13,-1.467561017364436e-11
strength_HT0.25,TN-P090,N479,interior_applied_load,,155.25,249.0,207.0,-2.051680714858913e-11,-13.81098513186889,-2.716340632671905e-08,2.0676921061460295e-08,6.969414143329071e-08,-9.338391725495778e-08
strength_HT0.25,TN-P091,N480,interior_applied_load,,155.25,249.0,226.628,0.0,-10.169240280985832,-2.384185791015625e-07,0.0,0.0,2.9802322387695312e-08
strength_HT0.25,TN-P092,N699,interior_applied_load,,155.25,249.0,229.319,0.0,-2.28593747317791,0.0,0.0,9.313225746154785e-10,2.9802322387695312e-08
strength_HT0.25,TN-P093,N217,interior_applied_load,,158.844,249.0,115.0,3.793702332179938e-11,-509.65265328370975,7.453678587691053e-13,-8.889905951094529e-13,2.814353485378714e-12,-1.7731626818404434e-09
strength_HT0.25,TN-P094,N522,interior_applied_load,,160.0,249.0,229.319,-1.7681360685753812e-11,-10.647879345663348,-2.815434294635345e-10,1.3725924983627843e-12,-2.4043480556837314e-10,2.20666561699403e-10
strength_HT0.25,TN-P095,N218,interior_applied_load,,165.05,249.0,115.0,-3.7003556393582655e-11,-4.542071799273354,3.700075322579765e-12,1.541225259088768e-13,-6.642909790525512e-13,4.888234218367619e-10
strength_HT0.25,TN-P096,N219,interior_applied_load,,170.865,249.0,115.0,-3.2134137321542963e-12,-84.08235976778883,-3.2685726329671027e-12,6.476621797800903e-14,1.2407045349422677e-11,-1.0602576434203696e-09
strength_HT0.25,TN-P097,N523,interior_applied_load,,172.85,249.0,206.455,3.885161181455758e-12,-8.799300402799137,-2.782612767301058e-13,5.939121442474602e-13,-9.212671455611107e-13,-1.7081673606294533e-12
strength_HT0.25,TN-P098,N220,interior_applied_load,,177.531,249.0,115.0,-8.98652425485592e-12,-507.23283891034157,1.851162962335772e-10,9.443971533244169e-14,-2.532412709001799e-10,1.52657125686769e-09
strength_HT0.25,TN-P099,N700,interior_applied_load,,179.167,249.0,229.319,-2.8907135636762305e-11,-5.225000027812864,9.859976945603717e-09,2.652205135444219e-12,-1.0855044098773862e-09,-5.595551173962922e-09
strength_HT0.25,TN-P100,N221,interior_applied_load,,180.0,249.0,115.0,-3.896386502333371e-08,-5.54967187219254,1.0312939835444013e-08,1.0456761678767634e-08,-3.671042205958769e-10,1.4671212333894346e-07
strength_HT0.25,TN-P101,N498,interior_applied_load,,180.0,249.0,117.5,9.628521979720972e-08,-4.605542841586167,-1.0114575843545026e-09,-1.635135049582459e-08,-6.713918310197187e-11,5.851734385942109e-08
strength_HT0.25,TN-P102,N499,interior_applied_load,,180.0,249.0,144.955,-2.2737367544323206e-13,-9.211085725881276,0.0,-6.821210263296962e-13,0.0,-2.7284841053187847e-12
strength_HT0.25,TN-P103,N500,interior_applied_load,,180.0,249.0,172.41,0.0,-9.211085725895828,0.0,-4.547473508864641e-13,9.983356741641194e-17,-1.0913936421275139e-11
strength_HT0.25,TN-P104,N501,interior_applied_load,,180.0,249.0,199.864,-1.975728470289561e-13,-9.21108572585848,-4.0685732701842725e-14,5.3364096343410934e-12,-3.167541579771298e-16,-6.843122025236565e-12
strength_HT0.25,TN-P105,N502,interior_applied_load,,180.0,249.0,227.319,2.0462825384148786e-07,-4.605542869568378,-6.487639184760141e-07,2.926805657832432e-07,8.248620421453963e-11,-2.77979867235878e-07
strength_HT0.25,TN-P106,N701,interior_applied_load,,180.0,249.0,229.319,7.616293224501044e-09,-7.358541676896926,1.0821403621275772e-06,-8.674550700159121e-07,4.125233419355804e-09,-2.0973750197974637e-07
strength_HT0.25,TN-P107,N524,interior_applied_load,,185.7,249.0,183.592,-1.6708670743761712e-12,-8.79930040280187,-1.8990256343896157e-14,7.826939215535496e-12,4.344970198395978e-12,-4.9528174227295815e-12
strength_HT0.25,TN-P108,N222,interior_applied_load,,192.219,249.0,115.0,-1.049353636974382e-11,-84.35393945576571,-2.1818950277532568e-09,1.967614901419982e-12,3.837917379618586e-10,2.245749859850197e-09
strength_HT0.25,TN-P109,N223,interior_applied_load,,193.2,249.0,115.0,7.546878870139539e-11,-1.5113999480039806,1.0199466676919877e-09,-1.0141047908868191e-11,-2.3037934197809042e-10,-1.2531374788013545e-09
strength_HT0.25,TN-P110,N224,interior_applied_load,,196.219,249.0,115.0,-3.675697411082748e-12,-565.0626313213296,-1.903290277638827e-11,6.373234621766016e-13,-9.055178204932614e-11,1.826571017502586e-11
strength_HT0.25,TN-P111,N525,interior_applied_load,,198.55,249.0,160.728,1.138206959427986e-12,-8.799300402794621,1.9711127875768264e-13,7.444301721056563e-12,2.2745234264094534e-12,2.101803654190542e-12
strength_HT0.25,TN-P112,N702,interior_applied_load,,207.333,249.0,229.319,6.992248144603977e-12,-11.560312498825688,2.982341896093015e-12,-8.990379484599353e-13,-2.3470587183339456e-10,-1.0770290284082813e-10
strength_HT0.25,TN-P113,N526,interior_applied_load,,211.4,249.0,137.864,-1.8189894035458565e-12,-8.799300402803055,9.947598300641403e-14,3.637978807091713e-12,-4.547473508864641e-13,-4.320099833421409e-12
strength_HT0.25,TN-P114,N225,interior_applied_load,,213.573,249.0,115.0,8.335082413905965e-11,-86.42739130070854,-7.644548854967318e-10,3.5824107248787763e-14,-4.196659098322014e-10,1.824585055881836e-10
strength_HT0.25,TN-P115,N226,interior_applied_load,,214.906,249.0,115.0,-7.013584353910115e-11,-560.3032956416151,-5.4838183755791e-10,5.822948299000393e-12,5.437815580952899e-10,3.915605664961519e-10
strength_HT0.25,TN-P116,N227,interior_applied_load,,221.35,249.0,115.0,-2.1661292165057483e-11,-3.5305359820207536,-4.286639955788757e-10,-2.858240248255832e-13,-6.296454585716866e-11,-4.5706635453829456e-10
strength_HT0.25,TN-P117,N228,interface_action,N2; T-E,224.25,249.0,115.0,-501.7826138138771,4337.685251548886,-328.2802847623825,220.40695333480835,-396.56028405670077,-4997.519702672958
strength_HT0.25,TN-P118,N503,interface_action,T-E,224.25,249.0,117.5,852.8565226197243,-1441.5910390391946,307.40970635414124,-1909.8617372512817,-1392.1047474490479,8227.38891351223
strength_HT0.25,TN-P119,N186,interface_action,T-E,224.25,249.0,120.0,-3.6206721183552872,1028.5767651296628,-4.9968942063860595,-316.0658670614357,-89.02859025432508,335.32740106483107
strength_HT0.25,TN-P120,N504,interior_applied_load,,224.25,249.0,144.955,-5.684341886080802e-14,-9.211085725888552,-1.4210854715202004e-14,-2.2737367544323206e-13,5.684341886080802e-14,-2.2737367544323206e-13
strength_HT0.25,TN-P121,N505,interior_applied_load,,224.25,249.0,172.41,3.539090840271691e-15,-9.211085725886058,-9.69466885476209e-14,-1.7015330575187758e-12,4.178692319757328e-14,-6.34826162541593e-14
strength_HT0.25,TN-P122,N506,interior_applied_load,,224.25,249.0,199.864,-5.824542437873672e-15,-9.211085725888786,1.3023252225559243e-13,-1.284502111628415e-12,-1.4572370282348657e-14,2.3740269444164963e-13
strength_HT0.25,TN-P123,N507,interior_applied_load,,224.25,249.0,227.319,-1.6016934828791407e-07,-4.605542859096673,5.119924160745803e-07,2.1766546310919566e-06,2.025161408404395e-11,4.282874873501319e-08
strength_HT0.25,TN-P124,N527,interface_action,N2; T-E top / segment 4,224.25,249.0,229.319,-105.92123928170183,-307.5669787196674,4.491062401509455,-744.2848913564719,-174.80102351606334,-18550.07303080172
strength_HT0.25,TN-P125,N528,interior_applied_load,,230.312,249.0,200.739,-3.920752729859268e-13,-9.80187770426227,-9.757430563737855e-14,-1.9893199698389587e-12,4.845608345899194e-13,3.842633963052372e-12
strength_HT0.25,TN-P126,N703,interior_applied_load,,235.5,249.0,229.319,3.6747927409079105e-12,-6.4243044630041926,-1.1074094942477633e-11,-2.694930897415602e-11,-6.330943359286913e-11,-1.440247532009267e-10
strength_HT0.25,TN-P127,N529,interior_applied_load,,236.375,249.0,172.16,3.5367282854914566e-13,-9.801877704260646,-8.026739591957661e-14,7.058287523113164e-13,3.318713505280397e-13,-2.548600319790142e-13
strength_HT0.25,TN-P128,N530,interior_applied_load,,242.438,249.0,143.58,-9.094947017729282e-13,-9.801877704259823,-4.263256414560601e-13,-9.094947017729282e-13,-2.2737367544323206e-13,4.547473508864641e-12
strength_HT0.25,TN-P129,N229,interior_applied_load,,248.5,249.0,115.0,5.960464477539063e-08,-14.441651344299316,0.0,0.0,1.862645149230957e-09,5.960464477539063e-08
strength_HT0.25,TN-P130,N508,interior_applied_load,,248.5,249.0,117.5,5.960464477539063e-08,-4.4702584855258465,-2.384185791015625e-07,0.0,-9.313225746154785e-10,-5.960464477539063e-08
strength_HT0.25,TN-P131,N509,interior_applied_load,,248.5,249.0,144.148,1.440470607483009e-14,-8.940516968507449,1.0388827670697176e-12,-7.121135293354453e-12,3.1606395622419436e-14,-1.9531611483643832e-12
strength_HT0.25,TN-P132,N510,interior_applied_load,,248.5,249.0,170.797,4.3370331952661277e-14,-8.940516968508174,3.1184342804542357e-13,6.395358784395182e-11,-1.8076870066235083e-14,-1.4580500684402744e-12
strength_HT0.25,TN-P133,N511,interior_applied_load,,248.5,249.0,197.445,-1.1622554572059294e-14,-8.940516968504,-1.283817863821489e-12,-1.8347619457002175e-11,2.0045386413091258e-14,-2.828934905773416e-12
strength_HT0.25,TN-P134,N512,interior_applied_load,,248.5,249.0,224.093,1.7565401917625408e-09,-4.4702584820822615,-1.3667064694161104e-07,-6.636886969050267e-07,-5.305619275327471e-13,-2.188559887575227e-08
strength_HT0.25,TN-P135,N704,interior_applied_load,,248.5,249.0,226.324,6.472368488561345e-09,-3.753337514102496,-2.5206513463132906e-07,-2.542563304578767e-08,-2.404942711785569e-09,1.0432958271956969e-08
strength_HT0.25,TN-P136,N230,interior_applied_load,,249.5,249.0,115.0,1.0861422872210369e-11,-0.3778500127592394,-8.737749676579476e-09,6.777908095889629e-12,-2.895380851741791e-09,-1.42118024293314e-09
strength_HT0.25,TN-P137,N705,interior_applied_load,,249.5,249.0,226.093,4.6889533747004065e-11,-0.2680955357104171,-1.254605664081081e-09,-7.367805393962198e-10,1.1457174765836454e-09,-3.871556471158495e-10
strength_HT0.5,TN-P001,N148,interface_action,BR-N-upper-1; T-W / B-WO; W4,-32.0,249.0,115.0,-252.5739978064927,324.93479349712294,94.46130974945885,573.9530897724137,-4450.505908571252,-4454.471532359527
strength_HT0.5,TN-P002,N628,interface_action,BR-N-upper-2; T-W top / segment 2; W4,-32.0,249.0,226.093,295.8384456829136,189.29942288568034,-19.18619101892455,344.09285949347066,279.885549845326,2571.2239332872614
strength_HT0.5,TN-P003,N189,interior_applied_load,,-31.0,249.0,115.0,-6.560141230238514e-08,-9.001740369797858,-2.396876652710489e-08,3.276181814726442e-08,7.695710735333705e-11,3.9851329347584397e-08
strength_HT0.5,TN-P004,N488,interior_applied_load,,-31.0,249.0,117.5,7.026575811749408e-08,-4.470258484831498,-6.240821014465039e-09,2.4269914357925876e-08,-1.7599051984177965e-10,8.563361770245824e-08
strength_HT0.5,TN-P005,N489,interior_applied_load,,-31.0,249.0,144.148,2.4955102250213723e-14,-8.94051696850395,-4.218248803161701e-14,6.017667337434012e-13,2.103456655107032e-14,8.243488662206321e-13
strength_HT0.5,TN-P006,N490,interior_applied_load,,-31.0,249.0,170.797,3.330839402198697e-14,-8.940516968503317,-7.371677817089768e-14,-3.069403102967092e-14,-5.5471175754823443e-14,-7.225424318491947e-13
strength_HT0.5,TN-P007,N491,interior_applied_load,,-31.0,249.0,197.445,9.627304715047157e-15,-8.940516968502834,-1.0946315628751065e-13,-2.6421372278916355e-12,4.4844367726514815e-14,-4.635888299804799e-13
strength_HT0.5,TN-P008,N492,interior_applied_load,,-31.0,249.0,224.093,-5.960464477539063e-08,-4.470258484128863,4.76837158203125e-07,4.76837158203125e-07,0.0,0.0
strength_HT0.5,TN-P009,N686,interior_applied_load,,-31.0,249.0,226.324,5.960464477539063e-08,-3.753337515052408,9.5367431640625e-07,0.0,3.3527612686157227e-08,0.0
strength_HT0.5,TN-P010,N513,interior_applied_load,,-23.25,249.0,143.58,8.810729923425242e-13,-9.93480888939996,-1.2079226507921703e-13,-2.091837814077735e-11,4.774847184307873e-12,6.139089236967266e-12
strength_HT0.5,TN-P011,N190,interior_applied_load,,-21.323,249.0,115.0,-2.9117513164223325e-12,-89.62494693046395,-9.794420946698756e-13,-1.6578266578787852e-13,-1.7976277201584525e-12,-1.0279153501058921e-12
strength_HT0.5,TN-P012,N687,interior_applied_load,,-18.0,249.0,229.319,1.0138943845457395e-11,-8.18774196732426,7.764520093241942e-12,2.5491610655487355e-12,6.2179673852232966e-12,-2.0192559554857828e-11
strength_HT0.5,TN-P013,N514,interior_applied_load,,-15.5,249.0,172.16,-3.2621914927099005e-13,-9.934808889402657,5.554466843953147e-13,-7.087278396357214e-12,2.297829537232965e-12,-3.260059466763841e-13
strength_HT0.5,TN-P014,N515,interior_applied_load,,-7.75,249.0,200.739,5.191045051604369e-13,-9.93480888940135,1.5281590792211318e-13,-2.473713363000997e-12,-1.8797836996542502e-14,4.316668522555741e-12
strength_HT0.5,TN-P015,N191,interior_applied_load,,-3.85,249.0,115.0,1.6206310497809497e-12,-8.0568640925393,4.54155365436755e-12,-6.092699362005823e-14,-4.295164499648917e-12,-4.073003896313072e-11
strength_HT0.5,TN-P016,N192,interior_applied_load,,0.0,249.0,115.0,2.4432505796312398e-08,-1.466504264970323,5.950990864533878e-06,-3.5485054894479617e-09,-2.662706252243873e-07,-3.023959411763144e-07
strength_HT0.5,TN-P017,N493,interior_applied_load,,0.0,249.0,117.5,-1.837617433586556e-08,-4.605542861112507,3.7425911543737724e-09,6.598555641097524e-09,-2.3262500210312252e-11,-2.3280177029942066e-08
strength_HT0.5,TN-P018,N494,interior_applied_load,,0.0,249.0,144.955,-3.6955540945285796e-14,-9.211085725883795,-4.67094526540129e-14,-8.686960800027579e-14,-5.3185671418276145e-15,-7.416677494042445e-13
strength_HT0.5,TN-P019,N495,interior_applied_load,,0.0,249.0,172.41,3.1708701044324944e-15,-9.211085725883118,5.058990256286716e-14,-6.428795746978492e-14,8.411230381440114e-16,-1.9380071916224845e-12
strength_HT0.5,TN-P020,N496,interior_applied_load,,0.0,249.0,199.864,-1.4758959487512103e-13,-9.211085725883953,-4.572514924807495e-14,5.600973835295392e-12,-1.688542227555032e-14,8.765725445080132e-14
strength_HT0.5,TN-P021,N497,interior_applied_load,,0.0,249.0,227.319,0.0,-4.605542863719165,0.0,0.0,0.0,0.0
strength_HT0.5,TN-P022,N516,interior_applied_load,,-0.0,249.0,229.319,-1.1920928955078125e-07,-12.325946111232042,-4.76837158203125e-07,0.0,0.0,0.0
strength_HT0.5,TN-P023,N193,interior_applied_load,,0.031,249.0,115.0,-2.560050822711927e-09,-79.74424550893374,-1.4229924490358306e-05,8.095922418368279e-11,2.597497201661089e-07,8.136052893698387e-07
strength_HT0.5,TN-P024,N194,interior_applied_load,,1.0,249.0,115.0,1.3801582099404186e-10,-7.678506058696257,7.735110330031603e-10,2.3646862246096134e-11,4.169464773440268e-11,-4.3655745685100555e-10
strength_HT0.5,TN-P025,N195,interior_applied_load,,9.344,249.0,115.0,7.724486592777234e-12,-511.48365130166945,6.142158730449277e-13,1.3932854707881545e-14,1.6365332321267558e-11,-2.3766835917937998e-11
strength_HT0.5,TN-P026,N688,interior_applied_load,,10.167,249.0,229.319,1.383101812384296e-12,-10.014583343913738,4.726093631780884e-12,-1.759776711474079e-13,1.829465441046673e-11,-1.038642549340382e-12
strength_HT0.5,TN-P027,N517,interior_applied_load,,10.6,249.0,137.864,2.2737367544323206e-12,-8.31955589789186,0.0,4.742872761198669e-13,-1.3322676295501878e-14,0.0
strength_HT0.5,TN-P028,N518,interior_applied_load,,20.2,249.0,160.728,-1.3367440351375848e-12,-8.319555897889675,-4.650316285688907e-14,-2.0273379011061824e-13,-1.0585263780717768e-13,-2.8281816617132114e-12
strength_HT0.5,TN-P029,N196,interior_applied_load,,21.385,249.0,115.0,2.793924502369386e-12,-85.01753854719762,6.645124495251147e-12,2.7549709228600414e-13,-1.3768948700471682e-11,8.091249092203061e-11
strength_HT0.5,TN-P030,N197,interior_applied_load,,24.3,249.0,115.0,-1.7287195156748182e-12,-2.5111282135641555,-2.591068557034226e-11,-5.727427138421327e-13,-2.729989619745367e-11,9.805257222826327e-11
strength_HT0.5,TN-P031,N198,interior_applied_load,,28.031,249.0,115.0,2.4064730028288067e-11,-510.7484183028853,-2.1365557646858115e-11,-9.173741270746783e-15,2.355434982842228e-11,-8.252168627094931e-11
strength_HT0.5,TN-P032,N519,interior_applied_load,,29.8,249.0,183.592,9.742085689005117e-13,-8.319555897887719,4.5012979576767386e-14,-1.1215808911273888e-12,2.922389763508268e-13,1.3971284299309014e-12
strength_HT0.5,TN-P033,N689,interior_applied_load,,38.333,249.0,229.319,3.057955448763127e-12,-10.145208349138914,3.34529341140587e-12,-7.608157420809797e-14,-6.050466338887866e-12,-2.036232379614492e-13
strength_HT0.5,TN-P034,N520,interior_applied_load,,39.4,249.0,206.455,-2.8018961492993364e-13,-8.319555897890545,8.365361634162152e-14,1.8667156449699864e-12,2.8361283191669245e-12,1.7713107520210535e-12
strength_HT0.5,TN-P035,N199,interior_applied_load,,42.74,249.0,115.0,-1.2870177477924313e-11,-86.4273913014862,-1.0916287736388424e-12,9.72995532728522e-13,-5.60265811856893e-12,-2.8821327083981086e-11
strength_HT0.5,TN-P036,N200,interior_applied_load,,46.719,249.0,115.0,-1.2840208837382588e-11,-506.61883261099064,-5.1580653859651407e-11,-4.03392033081939e-13,-2.845325138363326e-11,9.75207490879489e-11
strength_HT0.5,TN-P037,N521,interior_applied_load,,49.0,249.0,229.319,-3.788391822467929e-11,-7.273007100376805,-1.8349451472166045e-09,-7.54664710967286e-11,2.8212311636161003e-09,-2.9744547797028176e-10
strength_HT0.5,TN-P038,N201,interface_action,BR-N-upper-2,50.25,249.0,115.0,-311.1767284696197,376.6085964365456,-1.0035716883303403,-109.70918201044022,-160.7492025552078,537.9228059643463
strength_HT0.5,TN-P039,N690,interface_action,BR-N-upper-1,50.25,249.0,229.319,701.6358431000878,892.9917119110597,14.801951577829156,-703.8105442452998,196.43711929657505,1547.8087366626862
strength_HT0.5,TN-P040,N202,interior_applied_load,,52.45,249.0,115.0,-8.071668416779535e-10,-1.1335499381888159,1.6862994767569435e-09,3.2896878583585724e-11,-9.567936988997575e-10,-8.245246357466746e-10
strength_HT0.5,TN-P041,N203,interface_action,N1 / U-W,53.25,249.0,115.0,-1132.7017668103733,2787.3593474184077,-71.45745162222231,440.00578363597754,-3541.2229106006057,39476.62537084906
strength_HT0.5,TN-P042,N691,interface_action,N1 / U-W,53.25,249.0,229.319,-766.6160383882897,-696.3478133996413,16.216224360167537,824.2184969902454,-388.14560596219263,-3040.0178985782827
strength_HT0.5,TN-P043,N481,interface_action,N1 / U-W,56.25,249.0,207.0,1223.8067624993641,495.35179468961604,-12.67812501128118,-96.83400412706989,-19.959812918247238,1110.262996993208
strength_HT0.5,TN-P044,N482,interior_applied_load,,57.25,249.0,207.0,0.0,-6.714120946824551,1.1920928955078125e-07,1.1920928955078125e-07,-8.039933163672686e-10,-1.4901161193847656e-08
strength_HT0.5,TN-P045,N531,interior_applied_load,,57.25,249.0,209.5,-2.9802322387695312e-08,-2.989171452820301,0.0,1.1920928955078125e-07,3.637978807091713e-12,-1.4901161193847656e-08
strength_HT0.5,TN-P046,N532,interior_applied_load,,57.25,249.0,227.319,1.2036013699590065e-08,-2.989171451189499,-1.6932355624554862e-07,-1.8800905851601435e-07,1.3297702189326003e-11,-1.2059740289727117e-08
strength_HT0.5,TN-P047,N692,interior_applied_load,,57.25,249.0,229.319,-6.969447896392835e-08,-3.461562483696029,5.920105287160239e-09,7.399300623561463e-08,1.248204096308225e-09,8.465429452143995e-10
strength_HT0.5,TN-P048,N204,interior_applied_load,,64.094,249.0,115.0,1.3286501387279294e-10,-83.95955855066532,-1.7099504854503877e-11,2.4787398901687487e-13,2.3229292203512971e-10,-1.881751523588848e-09
strength_HT0.5,TN-P049,N205,interior_applied_load,,65.406,249.0,115.0,-3.226902208929546e-11,-510.0179082161712,1.0764535247839615e-10,1.423342289722299e-12,1.504668447348507e-10,-3.128035705124653e-10
strength_HT0.5,TN-P050,N693,interior_applied_load,,66.5,249.0,229.319,4.725004774070057e-12,-6.008749997518184,1.6046029081720967e-11,-6.091366564025658e-14,-1.4824678142257287e-11,-5.412553403726453e-12
strength_HT0.5,TN-P051,N541,interior_applied_load,,68.75,249.0,218.16,-1.2505552149377763e-12,-5.376241893321549,-1.3642420526593924e-12,1.8189894035458565e-12,-5.4569682106375694e-12,0.0
strength_HT0.5,TN-P052,N483,interior_applied_load,,80.25,249.0,207.0,-7.450580596923828e-09,-7.884249992668629,2.384185791015625e-07,2.384185791015625e-07,0.0,1.4901161193847656e-08
strength_HT0.5,TN-P053,N533,interior_applied_load,,80.25,249.0,209.5,0.0,-2.989171452820301,0.0,1.1920928955078125e-07,-1.1641532182693481e-10,-1.4901161193847656e-08
strength_HT0.5,TN-P054,N534,interior_applied_load,,80.25,249.0,227.319,-1.2975740727727558e-07,-2.989171452506305,2.4026942647970007e-07,-2.2359606971500412e-08,-3.2252510225863715e-11,3.1556906282537156e-08
strength_HT0.5,TN-P055,N542,interior_applied_load,,80.25,249.0,229.319,1.3098521240682757e-07,-12.795596945710777,3.606551418508415e-08,-1.5332562027682744e-07,-1.0254411772522443e-10,9.966934844689832e-08
strength_HT0.5,TN-P056,N206,interior_applied_load,,80.6,249.0,115.0,5.700256069733261e-12,-7.061071857001468,-9.686278938983294e-13,5.200767390874897e-13,-2.110350391723573e-12,3.4012417892408004e-11
strength_HT0.5,TN-P057,N207,interior_applied_load,,84.094,249.0,115.0,-5.057439787338861e-11,-505.6128070089835,-1.5222602099011257e-11,4.3091913689280445e-13,3.681116070730901e-11,1.6438661478390848e-08
strength_HT0.5,TN-P058,N208,interior_applied_load,,85.448,249.0,115.0,3.37463785931433e-11,-86.42739132137132,-1.3974873639005264e-11,-2.294547866319726e-12,-1.8209861643565194e-11,2.679470188611036e-09
strength_HT0.5,TN-P059,N543,interior_applied_load,,92.25,249.0,218.16,7.275957614183426e-12,-5.497868662763722,3.183231456205249e-12,1.8189894035458565e-12,1.8189894035458565e-11,-1.3642420526593924e-12
strength_HT0.5,TN-P060,N694,interior_applied_load,,94.667,249.0,229.319,5.718301177158179e-12,-6.270000052125363,1.3554717041370996e-11,1.5573699121493358e-11,2.0012345821373302e-10,-4.125861751006191e-12
strength_HT0.5,TN-P061,N209,interior_applied_load,,102.781,249.0,115.0,3.427278822933764e-11,-511.8496935491354,1.0858793883346223e-12,3.6868523622546835e-13,-1.3613625746299853e-11,9.335060435847877e-10
strength_HT0.5,TN-P062,N484,interior_applied_load,,104.25,249.0,207.0,4.470348358154297e-08,-13.549868661910295,-2.384185791015625e-07,-4.76837158203125e-07,-6.752088665962219e-09,-2.2351741790771484e-08
strength_HT0.5,TN-P063,N535,interior_applied_load,,104.25,249.0,209.5,-3.725290298461914e-08,-2.989171452820301,4.76837158203125e-07,0.0,-1.0710209608078003e-08,2.9802322387695312e-08
strength_HT0.5,TN-P064,N536,interior_applied_load,,104.25,249.0,227.319,8.274550808429204e-09,-2.9891714517043066,2.7740297495193467e-07,5.517103790486644e-08,-1.4030558088253726e-10,1.0005675704638506e-08
strength_HT0.5,TN-P065,N695,interior_applied_load,,104.25,249.0,229.319,4.350850941545745e-08,-7.35854166736936,-3.1513393500563825e-07,6.489837757566475e-08,1.2836701968005706e-10,2.3408287772744474e-08
strength_HT0.5,TN-P066,N210,interior_applied_load,,106.802,249.0,115.0,-7.279962092857011e-12,-81.62161165356459,5.6370332605131557e-11,-8.856184474310779e-13,-8.761390646274849e-11,-1.0457860519578612e-09
strength_HT0.5,TN-P067,N211,interior_applied_load,,108.75,249.0,115.0,3.150802835007434e-11,-5.54179996856757,1.2776236059555374e-11,-3.87411805790029e-13,-8.160244573035545e-12,8.512581735784815e-09
strength_HT0.5,TN-P068,N544,interior_applied_load,,116.25,249.0,218.16,-1.8189894035458565e-12,-5.497868662758265,2.7284841053187847e-12,1.2732925824820995e-11,7.275957614183426e-12,-4.547473508864641e-12
strength_HT0.5,TN-P069,N212,interior_applied_load,,121.469,249.0,115.0,-1.1662174187520665e-11,-511.1136732383557,1.1728870992234561e-12,-1.6324950224299005e-13,3.253420989634177e-12,-1.865623955318654e-10
strength_HT0.5,TN-P070,N696,interior_applied_load,,122.833,249.0,229.319,2.3152466895419947e-11,-6.26999998592025,6.75901867027353e-11,-6.151669531773816e-11,-2.4134253171923603e-10,9.386765030637973e-11
strength_HT0.5,TN-P071,N213,interior_applied_load,,128.156,249.0,115.0,3.75634996461216e-12,-85.19701729833326,7.692169870450179e-13,5.736478632953555e-13,-1.0838569765456742e-11,-1.951079471933582e-09
strength_HT0.5,TN-P072,N485,interior_applied_load,,128.25,249.0,207.0,1.862645149230957e-09,-7.884249988943338,0.0,0.0,0.0,0.0
strength_HT0.5,TN-P073,N537,interior_applied_load,,128.25,249.0,209.5,0.0,-2.9891714565455914,2.384185791015625e-07,0.0,0.0,0.0
strength_HT0.5,TN-P074,N538,interior_applied_load,,128.25,249.0,227.319,3.439351183021078e-08,-2.9891714529587072,-1.7290563752991872e-07,-2.096444459143143e-07,-3.1530311404596096e-10,3.015637886627509e-08
strength_HT0.5,TN-P075,N545,interior_applied_load,,128.25,249.0,229.319,-1.1739165116430012e-07,-12.79559694114627,-9.542599389809293e-08,-4.5052570205878745e-07,-2.548553651321533e-10,4.752050554904513e-09
strength_HT0.5,TN-P076,N214,interior_applied_load,,136.9,249.0,115.0,3.3394207457582976e-11,-4.534200059692674,1.0785523054816474e-11,8.732642376272011e-14,5.1331952340817885e-12,3.16587490723721e-09
strength_HT0.5,TN-P077,N546,interior_applied_load,,139.75,249.0,218.16,0.0,-5.376241893322003,-9.094947017729282e-13,-5.4569682106375694e-12,-1.6370904631912708e-11,-4.547473508864641e-12
strength_HT0.5,TN-P078,N215,interior_applied_load,,140.156,249.0,115.0,-1.502632351115657e-11,-508.5458675986203,-5.03870494986562e-12,2.2098884088888557e-12,8.034834070148338e-12,4.925496996440724e-09
strength_HT0.5,TN-P079,N216,interior_applied_load,,149.51,249.0,115.0,5.7036852351867914e-12,-86.42739130162805,-3.7401221122185894e-14,-6.114517917124157e-13,-3.8389527062677214e-12,-1.0715500732811066e-09
strength_HT0.5,TN-P080,N697,interior_applied_load,,151.0,249.0,229.319,-1.099449420394194e-10,-6.00875006443695,2.3415543171090292e-07,-7.550437789818893e-12,1.0871446354254743e-08,1.1261347021562784e-08
strength_HT0.5,TN-P081,N486,interior_applied_load,,151.25,249.0,207.0,-9.313225746154785e-10,-6.714120961725712,4.76837158203125e-07,-2.384185791015625e-07,-4.656612873077393e-10,-4.423782229423523e-09
strength_HT0.5,TN-P082,N539,interior_applied_load,,151.25,249.0,209.5,1.3969838619232178e-09,-2.9891714602708817,2.384185791015625e-07,2.384185791015625e-07,-4.656612873077393e-10,9.313225746154785e-10
strength_HT0.5,TN-P083,N540,interior_applied_load,,151.25,249.0,227.319,-4.933125014039419e-08,-2.9891714504017033,9.881163829938977e-07,2.4203141157919106e-08,1.451816663357366e-10,-1.6162155502819076e-08
strength_HT0.5,TN-P084,N698,interior_applied_load,,151.25,249.0,229.319,3.809610875371572e-08,-1.1103124247572929,1.0271452254549413e-07,-1.0418077810427121e-07,4.71648043697849e-08,-1.1466070721360966e-08
strength_HT0.5,TN-P085,N487,interior_applied_load,,152.25,249.0,207.0,1.1353223230992629e-10,-0.1677499990384766,-8.768585138302333e-08,-7.657868701335026e-09,-4.524653032023723e-09,5.206214156063871e-08
strength_HT0.5,TN-P086,N475,interior_applied_load,,155.25,249.0,120.0,-1.8717059880949226e-13,-13.810985069610116,1.166905663514331e-13,8.240112550945791e-13,-4.4229817922552665e-14,1.1538151083806285e-12
strength_HT0.5,TN-P087,N476,interior_applied_load,,155.25,249.0,146.657,1.655436739719068e-13,-27.621970139247438,4.337037904619138e-13,-3.0348640502302496e-12,-1.1829221022775531e-14,7.419101977195138e-12
strength_HT0.5,TN-P088,N477,interior_applied_load,,155.25,249.0,173.314,2.763614840439874e-13,-27.621970139247804,7.408769408555774e-13,-2.7239636535466617e-11,-4.4229817922552665e-14,-1.3424189733919242e-12
strength_HT0.5,TN-P089,N478,interior_applied_load,,155.25,249.0,199.971,4.391143685088223e-12,-17.45272986148063,5.536132242402274e-11,-9.560875982636176e-11,1.942028830708434e-13,-2.1199600818788468e-11
strength_HT0.5,TN-P090,N479,interior_applied_load,,155.25,249.0,207.0,-4.811717005404606e-11,-13.810985098571605,-7.477018465203187e-08,1.3697273707798726e-08,2.1393981347876648e-07,-2.9990720186135855e-07
strength_HT0.5,TN-P091,N480,interior_applied_load,,155.25,249.0,226.628,1.4901161193847656e-08,-10.169240280985832,-2.384185791015625e-07,0.0,0.0,0.0
strength_HT0.5,TN-P092,N699,interior_applied_load,,155.25,249.0,229.319,0.0,-2.2859374806284904,0.0,2.384185791015625e-07,6.984919309616089e-10,0.0
strength_HT0.5,TN-P093,N217,interior_applied_load,,158.844,249.0,115.0,8.207297681502817e-12,-509.65265328366564,4.0401624365520965e-13,-1.2676468151327149e-12,-7.594129664284783e-12,-1.3740721810662687e-09
strength_HT0.5,TN-P094,N522,interior_applied_load,,160.0,249.0,229.319,1.1502096558504792e-11,-10.647879345760717,-1.6033401174086822e-10,1.0248312034719604e-11,-1.4486034773561963e-10,6.084909123782277e-10
strength_HT0.5,TN-P095,N218,interior_applied_load,,165.05,249.0,115.0,-2.604188000761481e-11,-4.542071799256052,8.550227685544538e-12,2.4378139187990986e-12,-9.720933409642905e-12,3.3799685723231275e-10
strength_HT0.5,TN-P096,N219,interior_applied_load,,170.865,249.0,115.0,1.5280114292154453e-11,-84.08235976795412,-4.2316156372371525e-12,-3.0413138347534933e-13,-2.537581948848167e-11,-5.082413684524489e-10
strength_HT0.5,TN-P097,N523,interior_applied_load,,172.85,249.0,206.455,2.325941606219788e-12,-8.799300402797629,4.982244548748263e-14,2.0004604827550004e-12,-1.0937088849487084e-12,7.048435979080927e-12
strength_HT0.5,TN-P098,N220,interior_applied_load,,177.531,249.0,115.0,-2.340639400774179e-11,-507.2328389109533,6.55418011683681e-11,-2.327077911486611e-12,-1.5949602101965556e-10,2.2708521878965247e-09
strength_HT0.5,TN-P099,N700,interior_applied_load,,179.167,249.0,229.319,-2.5607774175749873e-11,-5.2250000248097646,-5.794202655278074e-09,1.9873159038973286e-12,-5.225127184814673e-09,-2.1390043968576342e-09
strength_HT0.5,TN-P100,N221,interior_applied_load,,180.0,249.0,115.0,6.614133951643453e-08,-5.5496718805769305,-2.4823290090125738e-08,-2.999930082125957e-08,-3.212466043936227e-10,-4.801918862540333e-10
strength_HT0.5,TN-P101,N498,interior_applied_load,,180.0,249.0,117.5,-3.649603286248748e-09,-4.605542851672603,2.2956655243433488e-08,8.639517545816489e-09,-7.027978199403151e-11,-4.652429197449237e-08
strength_HT0.5,TN-P102,N499,interior_applied_load,,180.0,249.0,144.955,-2.2737367544323206e-13,-9.211085725866724,-5.684341886080802e-14,1.2505552149377763e-12,0.0,2.7284841053187847e-12
strength_HT0.5,TN-P103,N500,interior_applied_load,,180.0,249.0,172.41,0.0,-9.211085725866724,-1.1368683772161603e-13,0.0,7.252176542735356e-15,-1.8189894035458565e-12
strength_HT0.5,TN-P104,N501,interior_applied_load,,180.0,249.0,199.864,-3.0291007956237274e-13,-9.211085725859,-2.3205517308529116e-13,6.358549854990689e-12,-8.163765798971386e-15,6.020293770443603e-12
strength_HT0.5,TN-P105,N502,interior_applied_load,,180.0,249.0,227.319,4.6891008298466375e-08,-4.605542885760302,-7.999164128302816e-07,-4.4883769512171767e-07,1.7438608150669787e-10,7.553098302359729e-08
strength_HT0.5,TN-P106,N701,interior_applied_load,,180.0,249.0,229.319,1.965420625287812e-07,-7.3585416303688715,1.2580178806512465e-06,-1.0657260787315696e-06,2.4490728550761963e-09,-2.5277899835717154e-07
strength_HT0.5,TN-P107,N524,interior_applied_load,,185.7,249.0,183.592,5.83007694270963e-12,-8.799300402809191,3.787484447818987e-13,-3.128195998704243e-12,-1.1140681305030711e-12,1.5827211178585606e-12
strength_HT0.5,TN-P108,N222,interior_applied_load,,192.219,249.0,115.0,6.665085916450638e-11,-84.35393945097056,-2.9932071671263707e-10,-5.945661485994775e-12,-3.7506501443480956e-10,2.954231310654791e-09
strength_HT0.5,TN-P109,N223,interior_applied_load,,193.2,249.0,115.0,5.763977076227595e-11,-1.511399951062375,-1.9805644060291476e-09,-8.281344793271524e-13,-6.582548532662464e-11,-5.486378772930446e-10
strength_HT0.5,TN-P110,N224,interior_applied_load,,196.219,249.0,115.0,1.599765314166544e-11,-565.0626313212215,3.5072906476535034e-11,2.141307723830003e-12,6.102130072445808e-11,-2.0267254965347085e-10
strength_HT0.5,TN-P111,N525,interior_applied_load,,198.55,249.0,160.728,-4.155397284706218e-14,-8.799300402794648,-2.304430356369567e-13,-2.311238357294003e-12,-3.897620173149219e-12,2.6806100798203198e-12
strength_HT0.5,TN-P112,N702,interior_applied_load,,207.333,249.0,229.319,-7.938739956703519e-12,-11.560312498818618,-3.234607573158066e-11,2.920428811371297e-12,-5.8164648869355435e-11,-8.710002989278396e-11
strength_HT0.5,TN-P113,N526,interior_applied_load,,211.4,249.0,137.864,-3.637978807091713e-12,-8.799300402788504,2.1316282072803006e-13,0.0,4.547473508864641e-13,1.4779288903810084e-12
strength_HT0.5,TN-P114,N225,interior_applied_load,,213.573,249.0,115.0,4.143521197387243e-11,-86.42739130047451,-4.899214642840827e-10,9.225392598856387e-12,3.5916514229513635e-10,-6.444643572313339e-10
strength_HT0.5,TN-P115,N226,interior_applied_load,,214.906,249.0,115.0,-6.840803294269127e-11,-560.3032956417466,5.083764644546529e-11,-2.189510389358439e-12,4.282262264764485e-11,-9.782573583529763e-11
strength_HT0.5,TN-P116,N227,interior_applied_load,,221.35,249.0,115.0,1.8069707875272364e-11,-3.5305359815274495,-2.9752279376490175e-10,9.797631450332316e-12,2.451439631324164e-10,1.211071816141097e-10
strength_HT0.5,TN-P117,N228,interface_action,N2; T-E,224.25,249.0,115.0,-500.9930132031441,4362.016176711768,-334.8752865791321,291.8644572496414,-380.2615506928414,-4997.889447569847
strength_HT0.5,TN-P118,N503,interface_action,T-E,224.25,249.0,117.5,851.2478531002998,-1466.0089395307004,314.34913635253906,-2004.9976016283035,-1382.7434378433973,8224.912201225758
strength_HT0.5,TN-P119,N186,interface_action,T-E,224.25,249.0,120.0,-3.6222407956956886,1041.3714635235083,-5.003464894252829,-316.84541381761665,-89.60839623138145,335.06625321347383
strength_HT0.5,TN-P120,N504,interior_applied_load,,224.25,249.0,144.955,9.947598300641403e-14,-9.211085725888552,-1.1368683772161603e-13,2.2737367544323206e-13,-5.684341886080802e-14,6.821210263296962e-13
strength_HT0.5,TN-P121,N505,interior_applied_load,,224.25,249.0,172.41,3.3971568859123113e-15,-9.211085725887433,5.064652622601737e-14,1.2725808440036205e-13,5.019053212591782e-15,-6.458115616951823e-14
strength_HT0.5,TN-P122,N506,interior_applied_load,,224.25,249.0,199.864,-2.6422405977615125e-15,-9.211085725886456,2.875733728980548e-14,4.880081191771837e-12,3.580610119206646e-15,2.426241044842726e-13
strength_HT0.5,TN-P123,N507,interior_applied_load,,224.25,249.0,227.319,7.721713674545272e-08,-4.605542860657081,-1.3247966895724161e-07,9.497944505332256e-07,3.835563664275542e-11,-2.3071888166983912e-07
strength_HT0.5,TN-P124,N527,interface_action,N2; T-E top / segment 4,224.25,249.0,229.319,-104.84511906812729,-321.603360554698,4.375474445145201,-751.1214637797516,-177.11672388859256,-18537.366815535646
strength_HT0.5,TN-P125,N528,interior_applied_load,,230.312,249.0,200.739,5.970427734315133e-13,-9.801877704268328,1.263003387115509e-13,2.932137291682144e-12,-4.499502063994795e-12,-6.624760096632116e-13
strength_HT0.5,TN-P126,N703,interior_applied_load,,235.5,249.0,229.319,5.174824364596087e-12,-6.42430446302429,3.6126546987337796e-11,-8.052928922735194e-11,3.725025794259301e-12,8.760088805891456e-11
strength_HT0.5,TN-P127,N529,interior_applied_load,,236.375,249.0,172.16,1.2951702480851794e-12,-9.801877704263012,1.9414389610047038e-14,1.3403498851521132e-12,6.02482025898497e-14,-3.4503240491598074e-13
strength_HT0.5,TN-P128,N530,interior_applied_load,,242.438,249.0,143.58,-1.8189894035458565e-12,-9.801877704259823,-5.400124791776761e-13,-9.094947017729282e-13,0.0,2.9558577807620168e-12
strength_HT0.5,TN-P129,N229,interior_applied_load,,248.5,249.0,115.0,0.0,-14.441651336848736,-2.384185791015625e-07,-2.384185791015625e-07,5.587935447692871e-09,0.0
strength_HT0.5,TN-P130,N508,interior_applied_load,,248.5,249.0,117.5,0.0,-4.470258489251137,0.0,-2.384185791015625e-07,0.0,-5.960464477539063e-08
strength_HT0.5,TN-P131,N509,interior_applied_load,,248.5,249.0,144.148,9.525687015388239e-14,-8.940516968504527,4.798501196225021e-14,3.4246815029285206e-12,8.780268797711941e-15,-7.954111584092304e-14
strength_HT0.5,TN-P132,N510,interior_applied_load,,248.5,249.0,170.797,7.98111992736139e-14,-8.940516968506468,-2.450035045731515e-13,3.5139673342407524e-11,-1.261039651256674e-16,-5.312299594803616e-13
strength_HT0.5,TN-P133,N511,interior_applied_load,,248.5,249.0,197.445,-1.1281718037690241e-13,-8.940516968503001,-8.770235510563612e-13,-2.961585377643682e-11,1.4047786071847973e-14,-1.3982722942817507e-12
strength_HT0.5,TN-P134,N512,interior_applied_load,,248.5,249.0,224.093,2.491059066423145e-08,-4.470258486240403,-7.635622987665792e-07,-5.801680130374562e-07,-3.518279420568531e-12,-1.4468671226269868e-08
strength_HT0.5,TN-P135,N704,interior_applied_load,,248.5,249.0,226.324,2.8400873274553788e-09,-3.7533375106618907,7.043610299800938e-07,-9.584066380618156e-07,5.126399674603906e-10,-3.493285387209489e-08
strength_HT0.5,TN-P136,N230,interior_applied_load,,249.5,249.0,115.0,2.6953439480337238e-12,-0.3778500167643068,-9.20761063227804e-09,1.222521736621296e-11,-1.4235865541945003e-09,1.2440140376157593e-09
strength_HT0.5,TN-P137,N705,interior_applied_load,,249.5,249.0,226.093,-4.611960360894332e-11,-0.268095537288377,-4.006453869253958e-09,7.078846527925237e-11,-7.980540200357951e-10,-3.002769949820435e-10
strength_HT0.75,TN-P001,N148,interface_action,BR-N-upper-1; T-W / B-WO; W4,-32.0,249.0,115.0,-254.90466865787593,315.24912248963545,92.89617347987036,533.2663520264463,-4404.949286566831,-4466.4375306727015
strength_HT0.75,TN-P002,N628,interface_action,BR-N-upper-2; T-W top / segment 2; W4,-32.0,249.0,226.093,298.92735392363363,197.29603957838128,-17.700632574977057,326.51596015719764,244.78777522065272,2575.4423930904504
strength_HT0.75,TN-P003,N189,interior_applied_load,,-31.0,249.0,115.0,-2.9730202300015662e-08,-9.001740369322903,-9.720366733745323e-09,2.8665681384154595e-08,-1.1905676444712299e-10,9.485734153713565e-08
strength_HT0.75,TN-P004,N488,interior_applied_load,,-31.0,249.0,117.5,9.862523951994043e-09,-4.470258485034743,-1.3258036485820244e-08,3.554168406190377e-08,-2.693910899686273e-10,1.8614293430901044e-08
strength_HT0.75,TN-P005,N489,interior_applied_load,,-31.0,249.0,144.148,9.695760980569615e-15,-8.94051696850342,-7.89804075723312e-15,1.4007302338005882e-12,3.803807889548732e-14,1.506338317057033e-12
strength_HT0.75,TN-P006,N490,interior_applied_load,,-31.0,249.0,170.797,4.191270106627635e-14,-8.940516968503463,-6.87305953921386e-14,8.730579022289043e-13,-1.219379631727176e-15,-3.853341743225907e-13
strength_HT0.75,TN-P007,N491,interior_applied_load,,-31.0,249.0,197.445,2.3809517690888123e-14,-8.940516968502772,-2.0235910326390416e-13,-8.375595144673078e-13,-1.728717050204105e-15,-8.242608842661629e-13
strength_HT0.75,TN-P008,N492,interior_applied_load,,-31.0,249.0,224.093,-5.960464477539063e-08,-4.470258484594524,4.76837158203125e-07,0.0,0.0,0.0
strength_HT0.75,TN-P009,N686,interior_applied_load,,-31.0,249.0,226.324,0.0,-3.753337513189763,0.0,0.0,1.4901161193847656e-08,5.960464477539063e-08
strength_HT0.75,TN-P010,N513,interior_applied_load,,-23.25,249.0,143.58,6.252776074688882e-13,-9.934808889401381,1.9184653865522705e-13,-1.602984411874786e-11,4.092726157978177e-12,5.229594535194337e-12
strength_HT0.75,TN-P011,N190,interior_applied_load,,-21.323,249.0,115.0,7.430774666395702e-12,-89.6249469304644,-6.810273115183825e-13,-1.7982211613232172e-13,-7.169538980727673e-12,-1.344252607971889e-12
strength_HT0.75,TN-P012,N687,interior_applied_load,,-18.0,249.0,229.319,-4.4759873708724446e-12,-8.187741967323452,1.2562817107052848e-12,1.725134403726568e-11,-1.6711519935982856e-11,-7.601599640175048e-11
strength_HT0.75,TN-P013,N514,interior_applied_load,,-15.5,249.0,172.16,-2.796148968846613e-13,-9.934808889403516,-4.8832243894112e-13,-7.687543833634322e-13,1.799100739982082e-12,2.0415879667386314e-12
strength_HT0.75,TN-P014,N515,interior_applied_load,,-7.75,249.0,200.739,5.09843980684521e-13,-9.934808889401086,-1.9769545059794385e-13,-3.7529037820939824e-11,7.164096028289202e-12,-4.220212112375506e-12
strength_HT0.75,TN-P015,N191,interior_applied_load,,-3.85,249.0,115.0,2.5723226243214698e-11,-8.056864092534928,9.118273355476587e-12,4.097360312170559e-13,-7.874785296513121e-12,2.7543887774437348e-11
strength_HT0.75,TN-P016,N192,interior_applied_load,,0.0,249.0,115.0,-1.0954888551850672e-08,-1.4665349085942965,8.94142335816639e-06,-1.4916508028761655e-08,-2.5314157088797675e-07,-8.591740066066222e-07
strength_HT0.75,TN-P017,N493,interior_applied_load,,0.0,249.0,117.5,4.4658811045237216e-08,-4.6055428625365264,1.0653606080481887e-09,6.8211877553005285e-09,-1.6938703415022533e-11,6.710285510474275e-08
strength_HT0.75,TN-P018,N494,interior_applied_load,,0.0,249.0,144.955,9.367638234039835e-14,-9.211085725882283,-6.435746914512252e-14,-6.851167284208676e-13,-1.0798529594709413e-14,1.7155118628986381e-12
strength_HT0.75,TN-P019,N495,interior_applied_load,,0.0,249.0,172.41,-3.6935078140514234e-14,-9.211085725883517,8.126003247126217e-14,-3.5496587535103462e-12,-3.1043932351944283e-15,1.814127965208649e-12
strength_HT0.75,TN-P020,N496,interior_applied_load,,0.0,249.0,199.864,-3.541801682923917e-14,-9.21108572588313,-2.141147730539819e-14,5.047357750460447e-12,-1.0191617792565552e-14,1.8292438047282736e-12
strength_HT0.75,TN-P021,N497,interior_applied_load,,0.0,249.0,227.319,5.960464477539063e-08,-4.605542863719165,-4.76837158203125e-07,0.0,0.0,-5.960464477539063e-08
strength_HT0.75,TN-P022,N516,interior_applied_load,,-0.0,249.0,229.319,-1.7881393432617188e-07,-12.325946112163365,4.76837158203125e-07,-4.76837158203125e-07,4.656612873077393e-10,-5.960464477539063e-08
strength_HT0.75,TN-P023,N193,interior_applied_load,,0.031,249.0,115.0,-1.0095054828053672e-09,-79.74419588249535,5.3290693227723355e-06,5.253170289488432e-10,3.1603015657096663e-07,1.0178418883032403e-07
strength_HT0.75,TN-P024,N194,interior_applied_load,,1.0,249.0,115.0,-8.901679393602535e-11,-7.678506058138282,7.700187154568994e-10,4.3996806198265404e-11,-1.616911049495684e-10,-5.215952114667743e-10
strength_HT0.75,TN-P025,N195,interior_applied_load,,9.344,249.0,115.0,-2.7224040804072156e-12,-511.4836513016742,-2.2356045110286485e-13,9.209400640087772e-15,8.52947602402627e-13,-2.5587377372372262e-11
strength_HT0.75,TN-P026,N688,interior_applied_load,,10.167,249.0,229.319,6.708145394013304e-12,-10.014583343913761,6.874332376423435e-12,-2.478424831498708e-13,1.047560570261239e-11,-2.8252199824069346e-12
strength_HT0.75,TN-P027,N517,interior_applied_load,,10.6,249.0,137.864,1.0231815394945443e-12,-8.319555897893679,-2.4868995751603507e-14,6.430411758628907e-13,4.263256414560601e-14,4.547473508864641e-13
strength_HT0.75,TN-P028,N518,interior_applied_load,,20.2,249.0,160.728,-1.3027822102532731e-12,-8.319555897891437,-1.7182046039576246e-14,-1.654287785333704e-13,-6.252140498231091e-14,-2.0019290204091678e-12
strength_HT0.75,TN-P029,N196,interior_applied_load,,21.385,249.0,115.0,5.324785816642464e-12,-85.0175385472895,1.7748688632980033e-11,2.766253319591397e-13,-1.2752142722236162e-11,-1.6514149984254317e-10
strength_HT0.75,TN-P030,N197,interior_applied_load,,24.3,249.0,115.0,1.8215271654540348e-11,-2.5111282135308053,-3.4093403405656114e-11,-9.207477873231886e-13,-3.510337157380725e-11,-1.3903762147000227e-10
strength_HT0.75,TN-P031,N198,interior_applied_load,,28.031,249.0,115.0,3.40678227957693e-12,-510.748418302862,-2.314619945393551e-11,2.5012354010813447e-13,3.4207746022203985e-11,-4.521520606117133e-14
strength_HT0.75,TN-P032,N519,interior_applied_load,,29.8,249.0,183.592,1.4112919308896421e-12,-8.31955589788851,9.469438816385801e-14,2.642580531152049e-12,-5.600258419717708e-13,-8.060073654361293e-13
strength_HT0.75,TN-P033,N689,interior_applied_load,,38.333,249.0,229.319,4.264095398759086e-12,-10.145208349138473,-3.055671796985993e-12,1.2879422936878804e-13,1.7503545102495258e-12,-4.092278818020279e-13
strength_HT0.75,TN-P034,N520,interior_applied_load,,39.4,249.0,206.455,3.4604724969626664e-13,-8.319555897889673,-6.561891922272507e-14,-1.3340330323050154e-12,2.6128611952583028e-12,-3.4587600649430304e-12
strength_HT0.75,TN-P035,N199,interior_applied_load,,42.74,249.0,115.0,2.0834069701810596e-12,-86.42739130149805,8.148032248926963e-12,2.5045355040053236e-13,-3.0494953450857493e-11,1.5888482652103686e-12
strength_HT0.75,TN-P036,N200,interior_applied_load,,46.719,249.0,115.0,2.3994290443975914e-11,-506.6188326109913,-4.430564617493273e-11,2.35454889920552e-13,-8.550694285675308e-11,5.249271140869633e-11
strength_HT0.75,TN-P037,N521,interior_applied_load,,49.0,249.0,229.319,1.8112178423734804e-12,-7.273007099975182,-2.9020133379686897e-09,-5.8156058575553726e-11,4.099546386387987e-09,-1.4444695439763677e-11
strength_HT0.75,TN-P038,N201,interface_action,BR-N-upper-2,50.25,249.0,115.0,-313.231718122693,379.36332440582726,-0.7285528862639782,-90.79218401156655,-143.2661595389594,538.1839805772038
strength_HT0.75,TN-P039,N690,interface_action,BR-N-upper-1,50.25,249.0,229.319,696.9902511967532,886.5067182467316,14.400263096874356,-685.4331874049798,179.5469894384878,1549.4037401986766
strength_HT0.75,TN-P040,N202,interior_applied_load,,52.45,249.0,115.0,-4.1965319540760334e-10,-1.1335499358584062,-1.1726025152025354e-09,-4.3483814951714417e-10,2.658165175158419e-10,4.928479204138575e-10
strength_HT0.75,TN-P041,N203,interface_action,N1 / U-W,53.25,249.0,115.0,-1127.1614249013683,2784.659114538842,-71.15146706909664,429.6574330166543,-3492.8300586437226,39495.61753902315
strength_HT0.75,TN-P042,N691,interface_action,N1 / U-W,53.25,249.0,229.319,-770.8066501777199,-689.8282652143471,16.07236462664188,801.9791519538841,-418.19904422849015,-3078.0610376728214
strength_HT0.75,TN-P043,N481,interface_action,N1 / U-W,56.25,249.0,207.0,1229.0631969029832,498.348946541383,-12.979388341322164,-95.73110563177512,-18.358153074716814,1114.8364759322658
strength_HT0.75,TN-P044,N482,interior_applied_load,,57.25,249.0,207.0,-1.4901161193847656e-08,-6.714120947755873,-2.384185791015625e-07,-1.1920928955078125e-07,3.346940502524376e-10,-1.4901161193847656e-08
strength_HT0.75,TN-P045,N531,interior_applied_load,,57.25,249.0,209.5,-1.4901161193847656e-08,-2.989171452820301,-1.1920928955078125e-07,1.1920928955078125e-07,-1.4551915228366852e-11,0.0
strength_HT0.75,TN-P046,N532,interior_applied_load,,57.25,249.0,227.319,-4.430394238974511e-09,-2.9891714518051535,1.8596037784646136e-07,8.67206822463551e-08,2.114635533013565e-11,-7.290952161453923e-09
strength_HT0.75,TN-P047,N692,interior_applied_load,,57.25,249.0,229.319,-6.683201760455082e-08,-3.461562483711805,-2.5289204956167735e-07,1.1124841970341217e-08,-2.0821126896775465e-09,-3.3471587975659024e-08
strength_HT0.75,TN-P048,N204,interior_applied_load,,64.094,249.0,115.0,4.999177316733089e-11,-83.95955854881316,1.3499565878414878e-10,1.285007281793142e-12,1.438674013555566e-10,-3.8703803211943355e-10
strength_HT0.75,TN-P049,N205,interior_applied_load,,65.406,249.0,115.0,-2.1272875921094402e-11,-510.0179082177759,7.144162847001751e-11,-4.524564914450308e-13,6.254709922774569e-11,-2.367015533141469e-10
strength_HT0.75,TN-P050,N693,interior_applied_load,,66.5,249.0,229.319,-4.326519493219171e-12,-6.008749997517653,1.4614579347171592e-11,4.676694275404054e-13,-4.084374142499084e-11,-2.9637288374818825e-12
strength_HT0.75,TN-P051,N541,interior_applied_load,,68.75,249.0,218.16,-1.0231815394945443e-12,-5.376241893321776,2.2737367544323206e-13,1.8189894035458565e-12,-5.4569682106375694e-12,0.0
strength_HT0.75,TN-P052,N483,interior_applied_load,,80.25,249.0,207.0,-7.450580596923828e-09,-7.884249992668629,0.0,-1.1920928955078125e-07,1.1641532182693481e-10,2.9802322387695312e-08
strength_HT0.75,TN-P053,N533,interior_applied_load,,80.25,249.0,209.5,-1.4901161193847656e-08,-2.989171454682946,1.1920928955078125e-07,1.1920928955078125e-07,-1.1641532182693481e-10,0.0
strength_HT0.75,TN-P054,N534,interior_applied_load,,80.25,249.0,227.319,-2.1078148587649892e-08,-2.9891714542592407,1.1878230715689497e-07,-1.7413153552414684e-07,-1.2289306703494018e-10,-3.003050280669939e-08
strength_HT0.75,TN-P055,N542,interior_applied_load,,80.25,249.0,229.319,3.588869645727224e-09,-12.795596946303558,6.399491011428865e-08,1.4100384955635688e-07,-4.149098491851248e-10,-1.005210601419404e-08
strength_HT0.75,TN-P056,N206,interior_applied_load,,80.6,249.0,115.0,2.2443051106192548e-12,-7.0610718562908215,-2.5087991356671526e-12,-2.3268611015110763e-13,-4.1254227758355845e-12,3.437292632751352e-10
strength_HT0.75,TN-P057,N207,interior_applied_load,,84.094,249.0,115.0,1.7098705668466412e-11,-505.6128070173264,2.6163209006886163e-11,-1.2078254530678529e-13,3.462663165729978e-12,9.828149423787271e-09
strength_HT0.75,TN-P058,N208,interior_applied_load,,85.448,249.0,115.0,-3.812666278778793e-11,-86.42739130529102,-4.875566476662499e-11,1.1689507793952656e-12,-2.6752755526707444e-11,-4.553459757670372e-09
strength_HT0.75,TN-P059,N543,interior_applied_load,,92.25,249.0,218.16,9.094947017729282e-12,-5.497868662763722,-2.2737367544323206e-13,-1.8189894035458565e-11,-1.8189894035458565e-12,9.094947017729282e-13
strength_HT0.75,TN-P060,N694,interior_applied_load,,94.667,249.0,229.319,7.021188111642715e-12,-6.270000052122063,4.4113401934211e-12,8.582923240892181e-12,3.491510513287923e-11,1.2451819098536048e-11
strength_HT0.75,TN-P061,N209,interior_applied_load,,102.781,249.0,115.0,-6.277476362937559e-12,-511.84969354904064,-9.144718008548448e-13,2.6883842504393447e-13,4.543507750229319e-12,1.140666238474471e-09
strength_HT0.75,TN-P062,N484,interior_applied_load,,104.25,249.0,207.0,1.862645149230957e-08,-13.549868665635586,-1.1920928955078125e-07,0.0,-1.1408701539039612e-08,1.4901161193847656e-08
strength_HT0.75,TN-P063,N535,interior_applied_load,,104.25,249.0,209.5,-3.725290298461914e-09,-2.989171452820301,2.384185791015625e-07,4.76837158203125e-07,-5.820766091346741e-09,5.21540641784668e-08
strength_HT0.75,TN-P064,N536,interior_applied_load,,104.25,249.0,227.319,-2.445837656017691e-08,-2.9891714531866493,1.2054497697255862e-07,1.511339997595229e-09,-1.4020652823923763e-10,2.0253048960139353e-09
strength_HT0.75,TN-P065,N695,interior_applied_load,,104.25,249.0,229.319,1.7744345567623867e-08,-7.358541664786584,-2.355864928465236e-07,6.163556807542478e-07,2.935601150821449e-10,-7.469966441699727e-08
strength_HT0.75,TN-P066,N210,interior_applied_load,,106.802,249.0,115.0,-6.7985217889971325e-12,-81.6216116700379,1.0129580225340775e-10,-1.5055554481015717e-12,-9.817705516013996e-11,-1.6631547468127883e-08
strength_HT0.75,TN-P067,N211,interior_applied_load,,108.75,249.0,115.0,2.835044485294808e-11,-5.54179995192147,1.2327842200370815e-11,9.936049508720642e-13,5.9507111275023494e-12,-4.459798232957784e-09
strength_HT0.75,TN-P068,N544,interior_applied_load,,116.25,249.0,218.16,-3.637978807091713e-12,-5.497868662765541,-5.9117155615240335e-12,-3.637978807091713e-11,4.9112713895738125e-11,1.8189894035458565e-12
strength_HT0.75,TN-P069,N212,interior_applied_load,,121.469,249.0,115.0,-1.1965223796899245e-11,-511.1136732386467,5.463722933028908e-13,4.0416829876911336e-13,2.5154316127684577e-12,-9.440761125003872e-10
strength_HT0.75,TN-P070,N696,interior_applied_load,,122.833,249.0,229.319,-1.0639816276458828e-11,-6.269999985895171,-1.1210418339793786e-10,5.022616088460942e-11,-5.216725710609769e-11,1.1598782534371223e-10
strength_HT0.75,TN-P071,N213,interior_applied_load,,128.156,249.0,115.0,-6.063958180102177e-12,-85.19701729833365,5.09051648864695e-13,7.316873353397379e-13,-7.71595120148713e-12,-2.7471890875937525e-09
strength_HT0.75,TN-P072,N485,interior_applied_load,,128.25,249.0,207.0,-1.862645149230957e-09,-7.884249988943338,0.0,0.0,2.3283064365386963e-10,-3.725290298461914e-09
strength_HT0.75,TN-P073,N537,interior_applied_load,,128.25,249.0,209.5,0.0,-2.989171452820301,2.384185791015625e-07,0.0,-4.656612873077393e-10,1.862645149230957e-09
strength_HT0.75,TN-P074,N538,interior_applied_load,,128.25,249.0,227.319,1.8594702902441362e-08,-2.9891714566193817,-3.034998418416368e-07,-2.4889935662519846e-07,-8.456902608724304e-11,3.7894950427608265e-08
strength_HT0.75,TN-P075,N545,interior_applied_load,,128.25,249.0,229.319,4.850945063115864e-09,-12.795596949772193,-4.252651862790939e-07,-3.2828660605279266e-07,-3.1117664953601126e-10,1.436960071592772e-07
strength_HT0.75,TN-P076,N214,interior_applied_load,,136.9,249.0,115.0,5.022901925723441e-11,-4.534200061961099,-1.8597251080044525e-13,9.664275782814753e-13,-1.944729245371036e-12,2.469098340388413e-09
strength_HT0.75,TN-P077,N546,interior_applied_load,,139.75,249.0,218.16,-3.637978807091713e-12,-5.376241893314727,-1.3642420526593924e-12,0.0,-3.637978807091713e-12,-5.4569682106375694e-12
strength_HT0.75,TN-P078,N215,interior_applied_load,,140.156,249.0,115.0,-1.4007737039359387e-11,-508.5458675996509,6.85663099631174e-12,3.4032839842164964e-13,1.6330089774151488e-11,7.460482335933634e-09
strength_HT0.75,TN-P079,N216,interior_applied_load,,149.51,249.0,115.0,2.3497348420481164e-12,-86.42739130169939,6.8552024262264454e-15,4.746905337196559e-13,-6.8910968736496105e-12,-7.871000706082464e-10
strength_HT0.75,TN-P080,N697,interior_applied_load,,151.0,249.0,229.319,-7.826128634036422e-11,-6.008749779564307,5.687094040279783e-07,-2.0293810841145622e-11,-6.753230101172458e-08,4.538110014162822e-08
strength_HT0.75,TN-P081,N486,interior_applied_load,,151.25,249.0,207.0,-1.862645149230957e-09,-6.714120946824551,2.384185791015625e-07,0.0,-4.656612873077393e-10,-2.7939677238464355e-09
strength_HT0.75,TN-P082,N539,interior_applied_load,,151.25,249.0,209.5,9.313225746154785e-10,-2.989171452820301,0.0,0.0,-2.3283064365386963e-10,1.862645149230957e-09
strength_HT0.75,TN-P083,N540,interior_applied_load,,151.25,249.0,227.319,-2.605988776160917e-08,-2.9891714497765998,9.299450676181209e-08,-3.552361755865263e-07,2.123685328672382e-10,-2.0500526193290014e-08
strength_HT0.75,TN-P084,N698,interior_applied_load,,151.25,249.0,229.319,4.05958509724913e-08,-1.1103127359572076,1.6097098604224685e-07,-4.939802475855278e-07,1.7233140912117223e-08,5.5067195810221126e-08
strength_HT0.75,TN-P085,N487,interior_applied_load,,152.25,249.0,207.0,3.9212697015283634e-11,-0.16775001234273215,2.4396827479169696e-08,-1.1308619204815389e-08,5.6540314852044507e-08,1.0235156906227748e-08
strength_HT0.75,TN-P086,N475,interior_applied_load,,155.25,249.0,120.0,1.5615968539707892e-13,-13.810985069615871,-2.0056621814199626e-13,-2.37108574558621e-12,9.910548629390944e-14,-1.3702625661410268e-12
strength_HT0.75,TN-P087,N476,interior_applied_load,,155.25,249.0,146.657,5.088636294049455e-15,-27.62197013923803,1.866105868414627e-13,-1.0720923545502433e-11,-1.6428129317920902e-13,3.497158782297226e-12
strength_HT0.75,TN-P088,N477,interior_applied_load,,155.25,249.0,173.314,1.0810099850328644e-13,-27.621970139239007,1.1273401082240384e-12,-1.2657050503704276e-11,-1.2826818914932262e-13,-6.5949807532323644e-12
strength_HT0.75,TN-P089,N478,interior_applied_load,,155.25,249.0,199.971,5.641012950291095e-12,-17.452729861435024,9.017992115981656e-11,2.774118170587598e-10,8.261721958353217e-13,-1.762003989356788e-11
strength_HT0.75,TN-P090,N479,interior_applied_load,,155.25,249.0,207.0,-2.2439190820172325e-11,-13.810985042540349,-1.8489811169894975e-07,1.7528761377372393e-08,-2.6126656281741896e-07,-1.724679101425024e-07
strength_HT0.75,TN-P091,N480,interior_applied_load,,155.25,249.0,226.628,1.4901161193847656e-08,-10.169240273535252,0.0,0.0,2.3283064365386963e-10,0.0
strength_HT0.75,TN-P092,N699,interior_applied_load,,155.25,249.0,229.319,-1.4901161193847656e-08,-2.2859374806284904,0.0,-2.384185791015625e-07,1.6298145055770874e-09,2.9802322387695312e-08
strength_HT0.75,TN-P093,N217,interior_applied_load,,158.844,249.0,115.0,2.874421226980814e-11,-509.65265328346544,3.5397831988645386e-12,-9.828942526470588e-13,-5.834153804676215e-12,-8.380881420637031e-10
strength_HT0.75,TN-P094,N522,interior_applied_load,,160.0,249.0,229.319,-2.4337554160990457e-11,-10.64787934568442,-1.634614716739776e-11,6.271218453012853e-11,2.764720095407045e-10,2.8840818629676657e-10
strength_HT0.75,TN-P095,N218,interior_applied_load,,165.05,249.0,115.0,1.104625547681698e-11,-4.542071799540422,2.499819674577341e-12,9.629409559417713e-13,3.104021434897854e-12,5.1042515696696487e-11
strength_HT0.75,TN-P096,N219,interior_applied_load,,170.865,249.0,115.0,-6.5151882433991795e-12,-84.08235976769701,-3.9330568169785444e-12,4.686986919989791e-13,6.086628612024292e-12,-5.762791387817755e-10
strength_HT0.75,TN-P097,N523,interior_applied_load,,172.85,249.0,206.455,4.709833752249433e-12,-8.799300402804079,3.8242090062349325e-14,3.1295330697948263e-12,-1.0354957262018007e-12,2.4857735494248512e-12
strength_HT0.75,TN-P098,N220,interior_applied_load,,177.531,249.0,115.0,-6.864542379895441e-13,-507.232838909992,4.4074929664964114e-11,7.67932442728919e-13,-1.4032667576760556e-10,3.203571907360205e-09
strength_HT0.75,TN-P099,N700,interior_applied_load,,179.167,249.0,229.319,1.1519956419312822e-11,-5.225000025852,6.981793231952893e-09,1.2219884559332107e-12,5.836629416809831e-10,1.2219099963851903e-09
strength_HT0.75,TN-P100,N221,interior_applied_load,,180.0,249.0,115.0,7.44239549987924e-08,-5.5496718761276895,1.9414338581213997e-08,3.6046830409475206e-08,-3.397940194361112e-11,-1.7316478917450695e-08
strength_HT0.75,TN-P101,N498,interior_applied_load,,180.0,249.0,117.5,-4.417307764015277e-08,-4.605542832326993,-4.136381903663278e-09,1.3905150808568578e-08,-4.636291350834654e-11,-2.326032699784264e-09
strength_HT0.75,TN-P102,N499,interior_applied_load,,180.0,249.0,144.955,-2.2737367544323206e-13,-9.211085725881276,5.684341886080802e-14,2.2737367544323206e-13,0.0,9.094947017729282e-13
strength_HT0.75,TN-P103,N500,interior_applied_load,,180.0,249.0,172.41,-3.410605131648481e-13,-9.211085725895828,2.842170943040401e-14,9.094947017729282e-13,5.358716502897962e-16,1.8189894035458565e-12
strength_HT0.75,TN-P104,N501,interior_applied_load,,180.0,249.0,199.864,-1.5678560900770477e-13,-9.21108572587039,-8.846022457249627e-14,7.001731632177003e-12,-1.1236300973405563e-15,5.769930933563201e-12
strength_HT0.75,TN-P105,N502,interior_applied_load,,180.0,249.0,227.319,-2.1677738376579825e-07,-4.605542882333976,3.692614085060164e-07,1.6891033812749257e-06,1.259025398901681e-10,2.2399111554438633e-07
strength_HT0.75,TN-P106,N701,interior_applied_load,,180.0,249.0,229.319,4.2176336370133524e-07,-7.35854165538904,-5.988759339790386e-07,2.457422753253088e-09,1.0381961206654535e-08,1.2975216672184047e-07
strength_HT0.75,TN-P107,N524,interior_applied_load,,185.7,249.0,183.592,6.023876716491303e-12,-8.799300402809964,3.9687099051374135e-14,-1.4507122419791508e-12,7.737999409667707e-13,-9.93580396611578e-13
strength_HT0.75,TN-P108,N222,interior_applied_load,,192.219,249.0,115.0,-7.892868869393177e-12,-84.35393945210545,1.6293873240490344e-10,-6.7196021565205244e-12,-3.665546896668995e-10,5.863306889657001e-10
strength_HT0.75,TN-P109,N223,interior_applied_load,,193.2,249.0,115.0,5.5595711795301065e-11,-1.5113999435255079,-2.0124384326839095e-09,-3.5922013268500944e-12,-4.4708313586974834e-10,6.007066023819919e-10
strength_HT0.75,TN-P110,N224,interior_applied_load,,196.219,249.0,115.0,4.4693222973048564e-14,-565.0626313211649,1.185402261429021e-11,-5.23703959879304e-13,7.515238251208651e-11,3.849862301074973e-10
strength_HT0.75,TN-P111,N525,interior_applied_load,,198.55,249.0,160.728,-6.361775805539347e-12,-8.799300402789846,-3.5354193861688607e-13,1.507220108166266e-11,4.131686595527493e-12,2.5964527334482988e-12
strength_HT0.75,TN-P112,N702,interior_applied_load,,207.333,249.0,229.319,-3.965988641284164e-12,-11.560312498813557,2.785751613478087e-13,6.2171856490396995e-12,-3.0759950045652966e-10,1.6377465760273985e-10
strength_HT0.75,TN-P113,N526,interior_applied_load,,211.4,249.0,137.864,-1.8189894035458565e-12,-8.799300402799417,5.826450433232822e-13,7.73070496506989e-12,6.366462912410498e-12,-3.268496584496461e-12
strength_HT0.75,TN-P114,N225,interior_applied_load,,213.573,249.0,115.0,-1.2055164149866953e-10,-86.4273913019554,-6.250487594800345e-10,8.53790287653876e-12,4.698319796282962e-10,-1.0595917808507914e-09
strength_HT0.75,TN-P115,N226,interior_applied_load,,214.906,249.0,115.0,1.4285339580815246e-11,-560.3032956393957,-1.3298292164824248e-09,-3.907170659244305e-13,5.551743092961261e-10,-1.5211371407834818e-09
strength_HT0.75,TN-P116,N227,interior_applied_load,,221.35,249.0,115.0,-3.7659064904848586e-11,-3.530535981591347,-5.109530112357714e-10,5.496507869606345e-13,3.150496069090104e-10,3.0039794204174835e-10
strength_HT0.75,TN-P117,N228,interface_action,N2; T-E,224.25,249.0,115.0,-500.52126455307007,4385.969334773719,-341.3204619884491,362.50741374492645,-365.24430157709867,-4995.02528077364
strength_HT0.75,TN-P118,N503,interface_action,T-E,224.25,249.0,117.5,849.2542070746422,-1490.0530459731817,321.22199416160583,-2098.712682247162,-1362.8359349723905,8224.545357525349
strength_HT0.75,TN-P119,N186,interface_action,T-E,224.25,249.0,120.0,-3.6201104490610305,1053.9757950754429,-5.010268218175042,-317.6334271358792,-89.95079686643567,334.77092084122705
strength_HT0.75,TN-P120,N504,interior_applied_load,,224.25,249.0,144.955,-1.4210854715202004e-14,-9.211085725888552,-1.8474111129762605e-13,9.094947017729282e-13,0.0,0.0
strength_HT0.75,TN-P121,N505,interior_applied_load,,224.25,249.0,172.41,1.1116593345969107e-15,-9.211085725884233,-1.1056979495366901e-13,-2.0835454256898453e-12,2.3256209770082988e-14,-6.393260128864192e-14
strength_HT0.75,TN-P122,N506,interior_applied_load,,224.25,249.0,199.864,-5.614346886533205e-15,-9.211085725885201,-3.460832174057647e-14,-7.603619073496723e-13,2.7454892714746958e-14,2.3339693827026504e-13
strength_HT0.75,TN-P123,N507,interior_applied_load,,224.25,249.0,227.319,-1.252023159523108e-07,-4.605542860308969,2.5306054118878762e-06,3.884991550684447e-06,6.886309469516486e-11,-3.003672814638758e-08
strength_HT0.75,TN-P124,N527,interface_action,N2; T-E top / segment 4,224.25,249.0,229.319,-103.98917227749263,-335.5138908357791,4.299979237065679,-758.2774873888383,-177.37060136657553,-18534.9823551236
strength_HT0.75,TN-P125,N528,interior_applied_load,,230.312,249.0,200.739,5.730417999435415e-14,-9.801877704261223,-1.936656644527132e-15,1.6246301313604663e-13,-9.256296845211085e-13,1.2665537514527006e-12
strength_HT0.75,TN-P126,N703,interior_applied_load,,235.5,249.0,229.319,4.040028232766944e-12,-6.4243044630100306,-4.456803484400527e-12,2.5203955361919845e-11,-2.2772235126459663e-11,-8.157269563022084e-11
strength_HT0.75,TN-P127,N529,interior_applied_load,,236.375,249.0,172.16,6.822850877747452e-13,-9.801877704260015,3.9317654122715357e-14,9.305949523214224e-13,-1.067170037003057e-13,-1.1345784747071083e-12
strength_HT0.75,TN-P128,N530,interior_applied_load,,242.438,249.0,143.58,-9.094947017729282e-13,-9.801877704259823,-6.536993168992922e-13,-1.8189894035458565e-12,2.2737367544323206e-13,-2.2737367544323206e-13
strength_HT0.75,TN-P129,N229,interior_applied_load,,248.5,249.0,115.0,5.960464477539063e-08,-14.441651344299316,-2.384185791015625e-07,0.0,4.6566128730773926e-09,0.0
strength_HT0.75,TN-P130,N508,interior_applied_load,,248.5,249.0,117.5,5.960464477539063e-08,-4.4702584855258465,2.384185791015625e-07,0.0,-9.313225746154785e-10,-5.960464477539063e-08
strength_HT0.75,TN-P131,N509,interior_applied_load,,248.5,249.0,144.148,-9.301701382089711e-14,-8.94051696851137,1.636221726750263e-13,-5.888651171823687e-12,5.128955981244652e-14,-1.5314132843210176e-12
strength_HT0.75,TN-P132,N510,interior_applied_load,,248.5,249.0,170.797,1.3480604884058094e-14,-8.940516968505213,9.172903748921529e-14,3.8010752034159626e-11,-6.2809635290863e-15,1.3182861237101054e-12
strength_HT0.75,TN-P133,N511,interior_applied_load,,248.5,249.0,197.445,-3.65139666191036e-14,-8.940516968500258,-9.194249668434943e-13,-2.784967247988953e-11,-7.191760845562136e-15,-2.9890214517304753e-12
strength_HT0.75,TN-P134,N512,interior_applied_load,,248.5,249.0,224.093,1.0486712397013561e-08,-4.470258481532034,-7.342861377364031e-07,-5.177702440728049e-07,5.561535419799659e-12,-4.822831206094934e-08
strength_HT0.75,TN-P135,N704,interior_applied_load,,248.5,249.0,226.324,8.734885134405924e-09,-3.753337515047469,2.580741655979741e-07,-1.8415715215378507e-07,-1.9448808924493654e-09,-1.0364213992413953e-08
strength_HT0.75,TN-P136,N230,interior_applied_load,,249.5,249.0,115.0,-2.360428519310176e-11,-0.37785001486198805,-1.576643808565148e-09,1.301525207053622e-11,1.5488463150914455e-09,4.899692040982728e-10
strength_HT0.75,TN-P137,N705,interior_applied_load,,249.5,249.0,226.093,1.1267932444112198e-10,-0.26809553476544434,-4.7544253025639165e-09,1.172268304733856e-11,9.122649703144545e-10,-9.014434861780693e-10
lateral_HX,TN-P001,N148,interface_action,BR-N-upper-1; T-W / B-WO; W4,-32.0,249.0,115.0,-535.8310016277397,-432.3951074282388,139.22407081424618,1147.381546237961,-4667.1345918658135,-805.8259711703774
lateral_HX,TN-P002,N628,interface_action,BR-N-upper-2; T-W top / segment 2; W4,-32.0,249.0,226.093,-235.84115491248622,231.96735041287903,-1.2457991600467133,1434.9251463740757,-3131.9221708243417,-975.339601670384
lateral_HX,TN-P003,N189,interior_applied_load,,-31.0,249.0,115.0,-1.1075462680310011e-07,-7.501450310455766,-3.075950871789246e-08,1.0294365893059876e-07,-3.42486949911347e-09,2.709789441723842e-07
lateral_HX,TN-P004,N488,interior_applied_load,,-31.0,249.0,117.5,1.8576718103010913e-07,-3.7252154032196305,-2.6305777014592967e-08,8.115658197379445e-08,2.0441187063456484e-10,1.4284505211605906e-07
lateral_HX,TN-P005,N489,interior_applied_load,,-31.0,249.0,144.148,1.094169702028878e-13,-7.4504308070856045,6.291112982463609e-15,4.01074856876778e-12,7.625828443850877e-14,1.3074571899407993e-12
lateral_HX,TN-P006,N490,interior_applied_load,,-31.0,249.0,170.797,6.446217727822847e-14,-7.450430807084336,-2.4567443414408094e-13,5.998731055126855e-13,1.245300197143767e-13,-1.8830828187329357e-13
lateral_HX,TN-P007,N491,interior_applied_load,,-31.0,249.0,197.445,1.046809600561272e-14,-7.450430807086084,-9.016901162854154e-14,2.725546142877509e-12,-5.370173072251141e-14,-1.1388062829544252e-12
lateral_HX,TN-P008,N492,interior_applied_load,,-31.0,249.0,224.093,-2.384185791015625e-07,-3.725215404294431,9.5367431640625e-07,9.5367431640625e-07,0.0,-2.384185791015625e-07
lateral_HX,TN-P009,N686,interior_applied_load,,-31.0,249.0,226.324,2.384185791015625e-07,-3.127781255170703,-9.5367431640625e-07,9.5367431640625e-07,5.21540641784668e-08,-4.76837158203125e-07
lateral_HX,TN-P010,N513,interior_applied_load,,-23.25,249.0,143.58,1.3642420526593924e-12,-8.27900740782934,1.2789769243681803e-13,-1.318767317570746e-11,3.296918293926865e-12,2.4556356947869062e-11
lateral_HX,TN-P011,N190,interior_applied_load,,-21.323,249.0,115.0,1.5536187326549097e-11,-8.54885623834986,-1.107914671569103e-12,-3.840225775079472e-13,-1.2223119467872405e-11,-5.352296136139577e-13
lateral_HX,TN-P012,N687,interior_applied_load,,-18.0,249.0,229.319,-4.4908915561792764e-12,-6.823118306100776,4.013696002777169e-12,1.6841677290843465e-11,-8.933443194476826e-11,-7.021183123310352e-11
lateral_HX,TN-P013,N514,interior_applied_load,,-15.5,249.0,172.16,2.048344108767705e-13,-8.27900740783963,1.9872242236697826e-13,1.6016660962625936e-12,4.014484681568362e-13,-1.5222653889783716e-12
lateral_HX,TN-P014,N515,interior_applied_load,,-7.75,249.0,200.739,2.4572058649902856e-12,-8.279007407833985,-3.412224776628223e-13,-1.749221742382019e-11,3.5186838349867356e-12,1.6493026363705394e-11
lateral_HX,TN-P015,N191,interior_applied_load,,-3.85,249.0,115.0,1.626819255610249e-11,-6.714053410628948,1.0213362126712814e-11,-3.0617570222883105e-13,6.842631149332948e-12,-8.953398607316736e-11
lateral_HX,TN-P016,N192,interior_applied_load,,0.0,249.0,115.0,1.152445108232314e-07,-1.22210665781914,-2.323842880258553e-05,1.7328087409396176e-08,-4.525875318254067e-07,-5.707011645483817e-07
lateral_HX,TN-P017,N493,interior_applied_load,,0.0,249.0,117.5,-8.279530259661661e-08,-3.8379523853476463,-9.861985401448679e-09,-1.9100774285547823e-09,3.568304871164073e-11,-4.287037312164649e-08
lateral_HX,TN-P018,N494,interior_applied_load,,0.0,249.0,144.955,2.2476493077088336e-14,-7.675904771569283,-9.236574846202067e-15,5.896787332062327e-13,-1.0186343264326987e-13,-5.372467733142293e-12
lateral_HX,TN-P019,N495,interior_applied_load,,0.0,249.0,172.41,-3.571672224116004e-13,-7.675904771569751,8.501278805497407e-14,-1.871423015543626e-12,-1.2334766859167977e-13,4.0211929955059244e-14
lateral_HX,TN-P020,N496,interior_applied_load,,0.0,249.0,199.864,-2.1474976536924108e-13,-7.675904771569486,-1.328324792138048e-13,4.401812570460466e-12,1.889384279092349e-14,4.2443340182523e-12
lateral_HX,TN-P021,N497,interior_applied_load,,0.0,249.0,227.319,4.76837158203125e-07,-3.837952386587858,-9.5367431640625e-07,0.0,1.862645149230957e-09,-4.76837158203125e-07
lateral_HX,TN-P022,N516,interior_applied_load,,-0.0,249.0,229.319,-4.76837158203125e-07,-10.27162176091224,-9.5367431640625e-07,-9.5367431640625e-07,0.0,4.76837158203125e-07
lateral_HX,TN-P023,N193,interior_applied_load,,0.031,249.0,115.0,3.22809784313053e-09,-0.3148889263221408,-1.4701836295316466e-05,-1.3424900821287764e-10,3.0420730889971916e-07,1.863234183858609e-07
lateral_HX,TN-P024,N194,interior_applied_load,,1.0,249.0,115.0,4.092726157978177e-10,-6.398755048132443,2.271008270327002e-09,4.5503156798076816e-11,4.758646809932543e-10,-1.000444171950221e-11
lateral_HX,TN-P025,N195,interior_applied_load,,9.344,249.0,115.0,-3.944305923421142e-11,-6.418858009417081,2.356631139535136e-12,7.970275686467569e-14,-1.9654046131388435e-11,-7.93332715472171e-12
lateral_HX,TN-P026,N688,interior_applied_load,,10.167,249.0,229.319,5.219219314643578e-11,-8.345486119928099,3.2250905843704945e-12,-2.183520145151571e-13,2.1815944371688147e-12,-4.655380422548788e-13
lateral_HX,TN-P027,N517,interior_applied_load,,10.6,249.0,137.864,9.094947017729282e-13,-6.932963248245869,8.171241461241152e-14,-3.410605131648481e-13,1.4210854715202004e-14,0.0
lateral_HX,TN-P028,N518,interior_applied_load,,20.2,249.0,160.728,-1.434559940684316e-12,-6.932963248242558,-9.999998267871732e-15,-6.502536831592529e-14,1.0705788025625537e-13,-4.871447823239837e-12
lateral_HX,TN-P029,N196,interior_applied_load,,21.385,249.0,115.0,9.65645275866229e-11,-4.709349252293548,3.641617397597286e-11,5.57796091216134e-14,-5.031109653292606e-11,-2.178338882444398e-11
lateral_HX,TN-P030,N197,interior_applied_load,,24.3,249.0,115.0,2.4757999713669114e-11,-2.0926068445836914,1.0677083707274348e-11,-9.761259844019137e-13,-1.1364453694703195e-10,3.668316085694538e-11
lateral_HX,TN-P031,N198,interior_applied_load,,28.031,249.0,115.0,5.0627166661864873e-11,-5.806163843722392,3.067549474788547e-11,6.950756411117652e-14,-9.290751896725247e-12,1.6495513423932855e-11
lateral_HX,TN-P032,N519,interior_applied_load,,29.8,249.0,183.592,-1.5371910625624774e-12,-6.932963248239075,-5.2417475241069985e-15,-1.3793866060721744e-13,4.1972847621504754e-14,4.7810086103452434e-12
lateral_HX,TN-P033,N689,interior_applied_load,,38.333,249.0,229.319,2.5023313486813188e-11,-8.454340290947679,2.1537653487073584e-12,1.657397510746703e-13,6.583169391751036e-12,4.8067214982943665e-12
lateral_HX,TN-P034,N520,interior_applied_load,,39.4,249.0,206.455,-8.704831188983287e-13,-6.932963248243212,1.6681160583964414e-13,3.4643973213183485e-13,1.1900915556506391e-12,-2.4071066866329083e-12
lateral_HX,TN-P035,N199,interior_applied_load,,42.74,249.0,115.0,2.763323150286501e-11,-5.884226547538456,-4.245381131235459e-12,8.688617368603413e-14,5.110420688021128e-11,3.8851729431821377e-11
lateral_HX,TN-P036,N200,interior_applied_load,,46.719,249.0,115.0,-1.190540844618622e-10,-2.364842433894283,1.0542087060418614e-10,3.9262601474297186e-14,3.1992143733026534e-11,1.1651699438487614e-11
lateral_HX,TN-P037,N521,interior_applied_load,,49.0,249.0,229.319,2.6198421210210654e-10,-6.060839249478906,-6.583651401825819e-10,8.210972067037378e-12,1.0212114487373469e-10,1.1034390068331845e-10
lateral_HX,TN-P038,N201,interface_action,BR-N-upper-2,50.25,249.0,115.0,1839.9041584815627,-2538.9682639243933,6.424167950232637,-155.44467716722403,-928.7387554457254,715.3676709101752
lateral_HX,TN-P039,N690,interface_action,BR-N-upper-1,50.25,249.0,229.319,-1137.8208582679426,-1606.5405906667086,8.48427692743401,-299.40856992901547,137.78905879595067,-551.9477109421689
lateral_HX,TN-P040,N202,interior_applied_load,,52.45,249.0,115.0,-6.870935326809413e-10,-0.9446249485086265,1.4873218419931255e-09,-2.7192235159757714e-10,-2.2131662428323247e-09,-8.899471263199502e-11
lateral_HX,TN-P041,N203,interface_action,N1 / U-W,53.25,249.0,115.0,-1853.50485083347,2593.7017552375405,-88.12958102487104,673.8260882457896,-6678.840203529616,-9119.797052180735
lateral_HX,TN-P042,N691,interface_action,N1 / U-W,53.25,249.0,229.319,495.59816524936025,1978.6578083660356,-29.802375018420264,145.95074147038713,-959.186607480425,-3549.293599627375
lateral_HX,TN-P043,N481,interface_action,N1 / U-W,56.25,249.0,207.0,-764.5115634070193,-101.69938571731373,29.945999781666416,438.50324003483456,-1173.9623056417925,-792.1997448588697
lateral_HX,TN-P044,N482,interior_applied_load,,57.25,249.0,207.0,0.0,-5.595100788399577,8.149072527885437e-10,-3.725290298461914e-09,0.0,-4.76837158203125e-07
lateral_HX,TN-P045,N531,interior_applied_load,,57.25,249.0,209.5,2.384185791015625e-07,-2.490976210683584,-1.3387762010097504e-09,2.7939677238464355e-09,0.0,0.0
lateral_HX,TN-P046,N532,interior_applied_load,,57.25,249.0,227.319,-1.605909215884882e-07,-2.4909762092038354,-7.733416049204855e-08,7.137847285454413e-08,3.160263061075206e-10,2.1664623733874677e-07
lateral_HX,TN-P047,N692,interior_applied_load,,57.25,249.0,229.319,1.9426959809538158e-07,-2.8846354058589134,9.604652202405616e-09,7.317870001388159e-08,1.3523567551515554e-09,3.8363556750912093e-07
lateral_HX,TN-P048,N204,interior_applied_load,,64.094,249.0,115.0,-3.108686916485804e-12,-3.8276992549101734,-4.9009621995653103e-11,-2.9042184996640967e-13,-3.784084162877815e-09,-7.605336856888335e-10
lateral_HX,TN-P049,N205,interior_applied_load,,65.406,249.0,115.0,1.973994093931609e-10,-5.197405440665881,-4.835690350882253e-10,2.0802486509822892e-13,-1.1722493103789848e-09,-1.0058798963509974e-11
lateral_HX,TN-P050,N693,interior_applied_load,,66.5,249.0,229.319,-2.7513523224290555e-11,-5.0072916645971,2.8577796986434377e-12,8.611375346884215e-14,-8.984228605794298e-12,2.753362677241371e-11
lateral_HX,TN-P051,N541,interior_applied_load,,68.75,249.0,218.16,7.275957614183426e-12,-4.480201577753178,5.684341886080802e-14,3.410605131648481e-13,3.232969447708456e-13,3.637978807091713e-12
lateral_HX,TN-P052,N483,interior_applied_load,,80.25,249.0,207.0,-2.384185791015625e-07,-6.5702083287760615,0.0,0.0,1.1641532182693481e-10,2.384185791015625e-07
lateral_HX,TN-P053,N533,interior_applied_load,,80.25,249.0,209.5,2.384185791015625e-07,-2.4909762097522616,-2.9802322387695312e-08,0.0,0.0,0.0
lateral_HX,TN-P054,N534,interior_applied_load,,80.25,249.0,227.319,-2.674365786187183e-07,-2.4909762106044404,1.809345831493836e-08,-2.51905974413269e-08,3.923794244488283e-11,6.529058002580079e-08
lateral_HX,TN-P055,N542,interior_applied_load,,80.25,249.0,229.319,3.254788977552689e-07,-10.662997454386616,-5.236161226730381e-10,-2.02842051809677e-08,-1.0722003654509375e-10,8.318999672232699e-08
lateral_HX,TN-P056,N206,interior_applied_load,,80.6,249.0,115.0,-7.635931101028226e-11,-5.88422654749876,-1.6790478526787264e-12,-1.8319231323223447e-14,-2.595593305790567e-10,-3.6335405222051024e-11
lateral_HX,TN-P057,N207,interior_applied_load,,84.094,249.0,115.0,-2.3220228922602008e-10,-1.526487774880144,-2.1584496784060584e-10,7.751778784021316e-14,1.2292951520160108e-09,7.172326909997592e-11
lateral_HX,TN-P058,N208,interior_applied_load,,85.448,249.0,115.0,1.397375015826909e-10,-5.884226547127708,1.9584574980454106e-09,-3.634815065172441e-14,4.101093688455373e-10,8.822691640631536e-11
lateral_HX,TN-P059,N543,interior_applied_load,,92.25,249.0,218.16,7.275957614183426e-12,-4.581557218989474,5.684341886080802e-14,1.3642420526593924e-12,-1.1368683772161603e-12,-1.0913936421275139e-11
lateral_HX,TN-P060,N694,interior_applied_load,,94.667,249.0,229.319,3.89447188323289e-11,-5.225000043433043,3.9705583289292483e-13,4.0175796584235685e-12,4.276444965528163e-11,1.9501983301144698e-10
lateral_HX,TN-P061,N209,interior_applied_load,,102.781,249.0,115.0,5.691463522548533e-12,-6.723893215734268,-6.10926366046601e-11,-5.751734707078828e-15,-1.587579579297045e-11,-2.8621775196447166e-11
lateral_HX,TN-P062,N484,interior_applied_load,,104.25,249.0,207.0,-2.384185791015625e-07,-11.29155721864663,5.960464477539063e-08,2.9802322387695312e-08,-4.656612873077393e-10,0.0
lateral_HX,TN-P063,N535,interior_applied_load,,104.25,249.0,209.5,-2.384185791015625e-07,-2.4909762099850923,-5.960464477539063e-08,0.0,-4.889443516731262e-09,0.0
lateral_HX,TN-P064,N536,interior_applied_load,,104.25,249.0,227.319,-5.303525298996914e-07,-2.4909762098484403,-1.920843734071198e-09,-4.598404607092377e-08,-1.1925731639189164e-10,1.6119140397452547e-08
lateral_HX,TN-P065,N695,interior_applied_load,,104.25,249.0,229.319,3.823618275914163e-07,-6.132118055663824,2.033176418478719e-08,-1.1839430109014096e-08,5.352251246767111e-11,6.388652621581438e-08
lateral_HX,TN-P066,N210,interior_applied_load,,106.802,249.0,115.0,1.2438944125837168e-10,-1.8794101761067854,6.721702996668469e-10,1.3258544529647003e-13,-5.16254349532537e-10,-2.503135414227394e-10
lateral_HX,TN-P067,N211,interior_applied_load,,108.75,249.0,115.0,-8.053439580900835e-12,-4.6181666308884255,8.504348678884701e-10,-1.3834145311020115e-13,4.0257290339535786e-10,3.571463060262966e-10
lateral_HX,TN-P068,N544,interior_applied_load,,116.25,249.0,218.16,-7.275957614183426e-12,-4.581557218953094,-3.126388037344441e-13,-1.8189894035458565e-12,4.547473508864641e-12,5.4569682106375694e-12
lateral_HX,TN-P069,N212,interior_applied_load,,121.469,249.0,115.0,-4.223814907572073e-11,-6.110542956623533,-1.3163080945235019e-11,-5.947165015085751e-14,1.4210840070631864e-10,3.842178648260059e-11
lateral_HX,TN-P070,N696,interior_applied_load,,122.833,249.0,229.319,4.257415353151333e-11,-5.224999988217217,-1.0320013788969965e-11,-5.718288748230416e-11,-5.789731820756098e-11,-1.40403257397311e-10
lateral_HX,TN-P071,N213,interior_applied_load,,128.156,249.0,115.0,2.193959740915884e-12,-4.858914878387071,3.6989880145190995e-11,1.0806838764132673e-13,-1.527814313658338e-10,-8.391057475769957e-12
lateral_HX,TN-P072,N485,interior_applied_load,,128.25,249.0,207.0,0.0,-6.570208330638707,0.0,-1.4901161193847656e-08,0.0,0.0
lateral_HX,TN-P073,N537,interior_applied_load,,128.25,249.0,209.5,0.0,-2.4909762097522616,1.4901161193847656e-08,-7.450580596923828e-09,4.656612873077393e-10,-2.384185791015625e-07
lateral_HX,TN-P074,N538,interior_applied_load,,128.25,249.0,227.319,1.923825630606446e-07,-2.4909762087013094,-3.9006270574626356e-08,-5.0839449039497e-08,-3.78237343501936e-10,-5.312835435478114e-08
lateral_HX,TN-P075,N545,interior_applied_load,,128.25,249.0,229.319,9.338899980567221e-07,-10.662997453800525,-1.1945643887138806e-07,3.3905269444232664e-08,4.57877997270923e-10,-2.519015669122343e-07
lateral_HX,TN-P076,N214,interior_applied_load,,136.9,249.0,115.0,1.3504231151425517e-12,-3.778500051161108,1.6093423859194772e-10,3.2783420043588286e-13,-1.650643494245671e-10,2.3496242952664188e-11
lateral_HX,TN-P077,N546,interior_applied_load,,139.75,249.0,218.16,1.4551915228366852e-11,-4.480201577789558,-7.958078640513122e-13,1.8189894035458565e-12,-9.094947017729282e-13,-2.1827872842550278e-11
lateral_HX,TN-P078,N215,interior_applied_load,,140.156,249.0,115.0,1.1822009842999053e-12,-3.9707049223596824,-1.0978831321909377e-10,-1.938311038960941e-14,-6.728075628717154e-11,6.410526738852978e-11
lateral_HX,TN-P079,N216,interior_applied_load,,149.51,249.0,115.0,6.169733830584264e-12,-5.884226547543743,-1.5649685550121518e-11,-5.4844603689727804e-14,3.4919672259839084e-12,-3.0436911626831524e-11
lateral_HX,TN-P080,N697,interior_applied_load,,151.0,249.0,229.319,-2.680007327171552e-10,-5.007291744151657,-5.907821676309766e-09,-1.5389031597777325e-11,-1.046042305552497e-08,-6.946835336141266e-09
lateral_HX,TN-P081,N486,interior_applied_load,,151.25,249.0,207.0,2.384185791015625e-07,-5.595100786536932,5.960464477539063e-08,0.0,-9.313225746154785e-10,-7.152557373046875e-07
lateral_HX,TN-P082,N539,interior_applied_load,,151.25,249.0,209.5,-4.76837158203125e-07,-2.490976208820939,-5.960464477539063e-08,-5.960464477539063e-08,0.0,0.0
lateral_HX,TN-P083,N540,interior_applied_load,,151.25,249.0,227.319,-2.2126152982721026e-07,-2.490976208313865,1.7542648417245843e-07,-1.2146758965325688e-07,-6.707817998285451e-11,-6.62619954738819e-09
lateral_HX,TN-P084,N698,interior_applied_load,,151.25,249.0,229.319,-8.769180359635698e-08,-0.9252603338687807,2.1764540876609197e-07,1.7750728746272747e-07,1.897429359768929e-08,5.379229110521588e-07
lateral_HX,TN-P085,N487,interior_applied_load,,152.25,249.0,207.0,1.485925511248037e-09,-0.1397918208748481,1.2264498077586166e-08,-1.9587469935652572e-10,1.1311591009598122e-08,-1.482462298649969e-07
lateral_HX,TN-P086,N475,interior_applied_load,,155.25,249.0,120.0,-4.4581032022146957e-13,-11.509154224693598,-1.5916563325120286e-13,3.41036807129954e-12,1.192607173714963e-13,-8.473216908871239e-13
lateral_HX,TN-P087,N476,interior_applied_load,,155.25,249.0,146.657,3.5027405821977987e-13,-23.018308449371943,3.596459441708387e-13,1.7752961696802628e-11,4.784201005473504e-14,-1.7816233594774584e-11
lateral_HX,TN-P088,N477,interior_applied_load,,155.25,249.0,173.314,-4.298666804889954e-13,-23.018308449374484,-8.094732286378006e-13,5.739793649297732e-12,1.192607173714963e-13,-1.3879098910877551e-11
lateral_HX,TN-P089,N478,interior_applied_load,,155.25,249.0,199.971,2.5175013042762185e-12,-14.543941551242483,4.430472596117275e-13,3.916842920039036e-12,5.104394997026271e-13,5.780932210601826e-11
lateral_HX,TN-P090,N479,interior_applied_load,,155.25,249.0,207.0,-7.364183882156923e-10,-11.509154066794155,-2.9092261565800298e-08,1.7102469801772515e-09,-6.634516455041944e-08,-6.111657865480662e-08
lateral_HX,TN-P091,N480,interior_applied_load,,155.25,249.0,226.628,2.384185791015625e-07,-8.474366897717118,1.1920928955078125e-07,0.0,0.0,-2.384185791015625e-07
lateral_HX,TN-P092,N699,interior_applied_load,,155.25,249.0,229.319,0.0,-1.9049479011446238,0.0,1.1920928955078125e-07,0.0,0.0
lateral_HX,TN-P093,N217,interior_applied_load,,158.844,249.0,115.0,1.6720409470401606e-11,-4.893026327638316,8.609843466223682e-13,-2.0756835427028856e-13,3.632988920081174e-11,-1.3005069081699497e-11
lateral_HX,TN-P094,N522,interior_applied_load,,160.0,249.0,229.319,-5.4568721582456337e-11,-8.873232788187279,-1.254611922984029e-10,-6.989128152073046e-12,-1.5455841822836723e-10,8.538996691954394e-11
lateral_HX,TN-P095,N218,interior_applied_load,,165.05,249.0,115.0,1.12691231637717e-11,-3.785059832754508,2.4927096306432485e-11,3.898943381474706e-13,4.454585997352597e-11,4.2818663245397e-12
lateral_HX,TN-P096,N219,interior_applied_load,,170.865,249.0,115.0,-3.271037187495725e-11,-3.930033602882039,2.5830911204061772e-12,-7.639625070528882e-14,-2.1746560079033774e-11,-4.623535527807571e-12
lateral_HX,TN-P097,N523,interior_applied_load,,172.85,249.0,206.455,-2.751816576252488e-12,-7.332750335669213,-1.1276148606291132e-13,-3.35857068151537e-13,-2.4688729097204485e-13,-4.0448172419202655e-12
lateral_HX,TN-P098,N220,interior_applied_load,,177.531,249.0,115.0,2.8879671184387766e-11,-2.8765143501452815,2.5563465410427034e-10,-5.500229514469577e-13,-3.7921048449189766e-10,1.4743757759749476e-10
lateral_HX,TN-P099,N700,interior_applied_load,,179.167,249.0,229.319,-4.855305849924641e-10,-4.354166693490851,6.555602052454599e-10,4.054116809943493e-12,1.878885587469406e-09,-1.6433266922159507e-10
lateral_HX,TN-P100,N221,interior_applied_load,,180.0,249.0,115.0,6.368668156730983e-08,-4.6247265905377475,-3.138669768532054e-09,-1.1773563457495584e-08,3.6930812783422245e-10,1.0797866183132054e-07
lateral_HX,TN-P101,N498,interior_applied_load,,180.0,249.0,117.5,5.040941175593616e-08,-3.8379523867482397,-8.870337353528157e-09,6.8538383857230656e-09,-2.6852831069845706e-10,7.699213711021002e-09
lateral_HX,TN-P102,N499,interior_applied_load,,180.0,249.0,144.955,-5.684341886080802e-14,-7.675904771570458,0.0,-5.684341886080802e-14,0.0,-9.094947017729282e-13
lateral_HX,TN-P103,N500,interior_applied_load,,180.0,249.0,172.41,2.2737367544323206e-13,-7.675904771569549,7.105427357601002e-15,1.1368683772161603e-13,-6.463800730229568e-16,-4.547473508864641e-12
lateral_HX,TN-P104,N501,interior_applied_load,,180.0,249.0,199.864,2.434106754668842e-13,-7.675904771571111,-3.7760538800356223e-14,1.860697875709861e-12,-1.4719385703181092e-15,-3.621182420601549e-13
lateral_HX,TN-P105,N502,interior_applied_load,,180.0,249.0,227.319,-1.3385329906967502e-07,-3.837952383212481,-2.2634280533173623e-08,2.680325423276564e-07,3.3674203182900078e-12,-1.7712272362691017e-07
lateral_HX,TN-P106,N701,interior_applied_load,,180.0,249.0,229.319,2.447919730775524e-07,-6.132118056788607,1.9431558543345324e-07,-1.0415372438818931e-07,1.9981599730924533e-09,5.603706971350527e-07
lateral_HX,TN-P107,N524,interior_applied_load,,185.7,249.0,183.592,-4.096126092521989e-12,-7.332750335668344,1.0363951592855007e-13,7.347115349304683e-13,6.323586284936691e-13,3.8347941554102536e-12
lateral_HX,TN-P108,N222,interior_applied_load,,192.219,249.0,115.0,2.199245883772328e-10,-4.156350012422202,-8.239069156849764e-11,-1.1625533083413059e-12,2.4383822531209743e-10,-1.5398273811169785e-10
lateral_HX,TN-P109,N223,interior_applied_load,,193.2,249.0,115.0,8.988399188567292e-11,-1.2594999577070156,-2.6286544387139975e-10,-7.537347927524618e-13,-1.1105836498736274e-10,5.8909062358481965e-12
lateral_HX,TN-P110,N224,interior_applied_load,,196.219,249.0,115.0,-3.0257798407015587e-11,-6.414922158200914,-1.531473126251285e-11,3.6435560271026743e-13,-2.99019209176827e-11,8.232670619885723e-12
lateral_HX,TN-P111,N525,interior_applied_load,,198.55,249.0,160.728,5.761394888859644e-12,-7.332750335670815,2.238363118669625e-14,2.3751585301118785e-13,-1.8637058058859837e-12,-8.135708635615397e-12
lateral_HX,TN-P112,N702,interior_applied_load,,207.333,249.0,229.319,8.76233417645084e-12,-9.63359374902278,2.3959120071656508e-12,-5.86721916819145e-13,1.682717252159185e-11,4.810836724811987e-11
lateral_HX,TN-P113,N526,interior_applied_load,,211.4,249.0,137.864,-1.6370904631912708e-11,-7.332750335655874,7.815970093361102e-14,-2.2737367544323206e-13,2.5011104298755527e-12,2.2737367544323206e-12
lateral_HX,TN-P114,N225,interior_applied_load,,213.573,249.0,115.0,-1.2082110958168275e-10,-5.884226547508548,-3.0644560636399754e-10,2.8807572960786622e-12,8.229150907931386e-11,-2.3839601571826598e-11
lateral_HX,TN-P115,N226,interior_applied_load,,214.906,249.0,115.0,-1.2431706665352794e-10,-2.448809091724907,4.162781382527381e-10,-2.2868952729140476e-12,8.904830150631866e-11,2.4180160989148583e-11
lateral_HX,TN-P116,N227,interior_applied_load,,221.35,249.0,115.0,-9.113023229323765e-11,-2.9421133178875714,-9.171095973534863e-11,-3.1204540241591313e-12,1.1979496992073006e-10,4.3411381036816664e-10
lateral_HX,TN-P117,N228,interface_action,N2; T-E,224.25,249.0,115.0,-80.90368413925171,918.1800667531788,-101.51518625020981,201.96639209985733,-1888.296776829753,672.2922534942627
lateral_HX,TN-P118,N503,interface_action,T-E,224.25,249.0,117.5,145.49102544784546,-404.0536018880084,63.84475255012512,-722.410447537899,-497.27864503720775,281.53093433380127
lateral_HX,TN-P119,N186,interface_action,T-E,224.25,249.0,120.0,0.4972988365916535,275.8102579217739,-1.6446892349194968,-100.09770089239464,81.72117356266153,-9.475289062247612
lateral_HX,TN-P120,N504,interior_applied_load,,224.25,249.0,144.955,1.7053025658242404e-13,-7.675904771569549,-2.842170943040401e-14,-2.2737367544323206e-13,-5.684341886080802e-14,3.637978807091713e-12
lateral_HX,TN-P121,N505,interior_applied_load,,224.25,249.0,172.41,9.992495097214492e-14,-7.675904771571718,1.3539365307396002e-14,1.3789127957142828e-13,1.1915655592326182e-13,-2.5868101723203e-12
lateral_HX,TN-P122,N506,interior_applied_load,,224.25,249.0,199.864,-7.030097880286131e-14,-7.675904771569261,-4.4890299465238185e-15,-4.840814423380133e-14,-1.759142443916481e-14,3.717840371145205e-12
lateral_HX,TN-P123,N507,interior_applied_load,,224.25,249.0,227.319,-5.349548415356509e-07,-3.8379523852418136,5.70034985186707e-08,-3.938209014175964e-07,-1.0947484425698676e-09,8.247813751971478e-07
lateral_HX,TN-P124,N527,interface_action,N2; T-E top / segment 4,224.25,249.0,229.319,2126.922468415134,-180.46221951621757,-25.58562380805412,-171.22625607622183,-3109.712087363876,-1009.1894366071629
lateral_HX,TN-P125,N528,interior_applied_load,,230.312,249.0,200.739,1.2541406741560292e-13,-8.16823142022163,8.244021948560966e-14,-2.6799079899320876e-12,-3.798154773354999e-12,-2.4239156720066587e-12
lateral_HX,TN-P126,N703,interior_applied_load,,235.5,249.0,229.319,7.94382372477062e-11,-5.353587052520001,6.656283754291701e-12,1.622746379008441e-11,3.0763931202934047e-12,3.104550974289789e-11
lateral_HX,TN-P127,N529,interior_applied_load,,236.375,249.0,172.16,8.828152965707835e-13,-8.168231420209628,-4.4208714339943224e-14,-2.8845652796264492e-12,1.7906722528390117e-13,-8.300511337506659e-12
lateral_HX,TN-P128,N530,interior_applied_load,,242.438,249.0,143.58,-9.094947017729282e-13,-8.168231420222583,-7.105427357601002e-13,3.637978807091713e-12,1.0231815394945443e-12,4.547473508864641e-12
lateral_HX,TN-P129,N229,interior_applied_load,,248.5,249.0,115.0,0.0,-12.034709449857473,0.0,1.1920928955078125e-07,1.862645149230957e-09,0.0
lateral_HX,TN-P130,N508,interior_applied_load,,248.5,249.0,117.5,0.0,-3.7252154108136892,-2.384185791015625e-07,1.1920928955078125e-07,0.0,-1.1920928955078125e-07
lateral_HX,TN-P131,N509,interior_applied_load,,248.5,249.0,144.148,-1.647568993918602e-13,-7.450430807090119,-3.1331335079315753e-13,4.350101338015704e-12,6.316592854086424e-14,-3.8938346006014476e-12
lateral_HX,TN-P132,N510,interior_applied_load,,248.5,249.0,170.797,9.646229049013626e-15,-7.450430807086733,2.2041791815287466e-15,-2.2614354996148802e-11,6.254422218834405e-15,1.2231528383336554e-12
lateral_HX,TN-P133,N511,interior_applied_load,,248.5,249.0,197.445,-4.914503162388892e-13,-7.450430807086486,8.112964547229155e-13,1.317550276297922e-11,-3.467605331056947e-14,-4.504291716422548e-12
lateral_HX,TN-P134,N512,interior_applied_load,,248.5,249.0,224.093,3.7480646192473094e-07,-3.725215405986477,8.627181246742171e-08,2.7538622684208474e-07,1.2800260354671647e-09,-8.500551003089014e-07
lateral_HX,TN-P135,N704,interior_applied_load,,248.5,249.0,226.324,-8.170294992159638e-07,-3.127781258533632,1.482335368086915e-08,-1.4035770047288975e-07,-1.372150572241129e-09,-6.044589019867879e-08
lateral_HX,TN-P136,N230,interior_applied_load,,249.5,249.0,115.0,-6.5042415897664796e-12,-0.3148750129082966,-1.3604870285899295e-09,7.790014293351799e-13,-6.062517710070381e-10,1.4192908653898328e-09
lateral_HX,TN-P137,N705,interior_applied_load,,249.5,249.0,226.093,-2.0606000911856407e-10,-0.2234129471602686,7.78075129785066e-11,-2.6170911529258444e-10,1.2888877634229778e-09,2.0925813311136078e-10
strength_lateral_HX_1,TN-P001,N148,interface_action,BR-N-upper-1; T-W / B-WO; W4,-32.0,249.0,115.0,-621.3186739255722,-430.3072700174775,180.6256545229811,1320.132183134858,-6720.876511923371,-3415.4557766995795
strength_lateral_HX_1,TN-P002,N628,interface_action,BR-N-upper-2; T-W top / segment 2; W4,-32.0,249.0,226.093,-101.96672027160375,384.54938912655587,-7.692642206004146,1523.3927039966297,-3046.1619005492134,817.1969694994225
strength_lateral_HX_1,TN-P003,N189,interior_applied_load,,-31.0,249.0,115.0,-1.505354703112971e-07,-9.00174037040233,1.0546031603553274e-08,8.15502971818205e-08,-3.2075462286229595e-09,1.879143383121118e-07
strength_lateral_HX_1,TN-P004,N488,interior_applied_load,,-31.0,249.0,117.5,3.2371211813787127e-07,-4.470258483505428,-2.2425158500167947e-08,1.9543720189651722e-08,3.0797995071363083e-10,1.6289842143512016e-07
strength_lateral_HX_1,TN-P005,N489,interior_applied_load,,-31.0,249.0,144.148,9.339352842151967e-14,-8.940516968502836,-6.859126859896895e-14,2.810507306555138e-12,1.999197574638224e-13,1.089819275401258e-12
strength_lateral_HX_1,TN-P006,N490,interior_applied_load,,-31.0,249.0,170.797,7.384971303742086e-14,-8.94051696850281,-2.2586640552222356e-13,9.983232984024295e-13,-2.479277972830124e-13,-1.458239938315014e-12
strength_lateral_HX_1,TN-P007,N491,interior_applied_load,,-31.0,249.0,197.445,5.959444328538015e-14,-8.940516968503255,-5.535316906372175e-13,2.967355109204797e-13,-5.471491492056815e-14,-3.468819262519644e-12
strength_lateral_HX_1,TN-P008,N492,interior_applied_load,,-31.0,249.0,224.093,-4.76837158203125e-07,-4.470258482731879,1.9073486328125e-06,0.0,0.0,0.0
strength_lateral_HX_1,TN-P009,N686,interior_applied_load,,-31.0,249.0,226.324,4.76837158203125e-07,-3.7533375080674887,1.9073486328125e-06,-2.86102294921875e-06,6.705522537231445e-08,4.76837158203125e-07
strength_lateral_HX_1,TN-P010,N513,interior_applied_load,,-23.25,249.0,143.58,9.094947017729282e-13,-9.934808889400301,-1.9895196601282805e-13,2.97859514830634e-11,-8.29913915367797e-12,-2.2737367544323206e-11
strength_lateral_HX_1,TN-P011,N190,interior_applied_load,,-21.323,249.0,115.0,1.433850682856772e-11,-10.258627486019533,-2.064472663362593e-12,-3.3298819402607784e-14,-6.512614253884745e-12,1.3700249452953799e-12
strength_lateral_HX_1,TN-P012,N687,interior_applied_load,,-18.0,249.0,229.319,9.650724350690896e-11,-8.187741967328963,2.0106808488072626e-11,2.3442440597493066e-11,5.801586855652355e-11,1.70218153825051e-10
strength_lateral_HX_1,TN-P013,N514,interior_applied_load,,-15.5,249.0,172.16,1.1474207740924884e-12,-9.934808889402644,-4.093672221533111e-13,1.826065633382099e-11,-2.768301568399552e-12,-3.369267174914247e-12
strength_lateral_HX_1,TN-P014,N515,interior_applied_load,,-7.75,249.0,200.739,1.245551373629891e-12,-9.934808889402804,-3.028024998710796e-13,8.556591342579097e-12,-3.6287934226356935e-12,1.6324706343902276e-11
strength_lateral_HX_1,TN-P015,N191,interior_applied_load,,-3.85,249.0,115.0,6.125798133535646e-11,-8.05686409286502,1.0702235985219837e-11,-9.667463029470603e-13,-5.894070091063308e-11,-2.680517423019822e-10
strength_lateral_HX_1,TN-P016,N192,interior_applied_load,,0.0,249.0,115.0,4.6913584128560615e-08,-1.4665419510769273,2.7420479341344617e-05,3.8273867630778113e-08,-7.486293041246779e-07,-5.63274042519879e-07
strength_lateral_HX_1,TN-P017,N493,interior_applied_load,,0.0,249.0,117.5,-3.739922333989826e-08,-4.605542861829258,-1.7607971852854994e-08,2.9533025038808213e-08,1.3539122385310678e-11,1.6048978612194807e-07
strength_lateral_HX_1,TN-P018,N494,interior_applied_load,,0.0,249.0,144.955,-1.1624628024415333e-13,-9.21108572588342,-6.188707986863195e-14,1.3767032036485057e-13,-9.611229929450114e-14,-1.68565095294932e-12
strength_lateral_HX_1,TN-P019,N495,interior_applied_load,,0.0,249.0,172.41,-1.3253369220202696e-14,-9.211085725884459,5.5313864828712724e-14,-2.893202021679401e-12,-1.2505726439708498e-13,7.846953169865498e-12
strength_lateral_HX_1,TN-P020,N496,interior_applied_load,,0.0,249.0,199.864,-6.000305615115146e-14,-9.211085725882388,-2.1549709487780854e-13,6.057914483755219e-12,-1.6520325271691446e-14,-1.2361824342169721e-12
strength_lateral_HX_1,TN-P021,N497,interior_applied_load,,0.0,249.0,227.319,-4.76837158203125e-07,-4.605542864650488,0.0,0.0,0.0,4.76837158203125e-07
strength_lateral_HX_1,TN-P022,N516,interior_applied_load,,-0.0,249.0,229.319,-9.5367431640625e-07,-12.32594611030072,9.5367431640625e-07,9.5367431640625e-07,0.0,0.0
strength_lateral_HX_1,TN-P023,N193,interior_applied_load,,0.031,249.0,115.0,1.4127252422774786e-08,-0.377850874287825,-0.00010050393892088652,7.331403146521198e-11,-7.497860846886267e-07,-5.949848555439097e-08
strength_lateral_HX_1,TN-P024,N194,interior_applied_load,,1.0,249.0,115.0,2.091837814077735e-11,-7.6785060577149125,3.7067664493406483e-09,7.048583938740194e-12,6.079403647163417e-10,-4.1745806811377406e-10
strength_lateral_HX_1,TN-P025,N195,interior_applied_load,,9.344,249.0,115.0,-3.4908323470723523e-12,-285.2422374937983,-1.8253854807653454e-12,-2.178468151067215e-13,-4.247333001993974e-11,-3.6741622218178864e-11
strength_lateral_HX_1,TN-P026,N688,interior_applied_load,,10.167,249.0,229.319,1.8563015339429403e-11,-10.014583343913491,4.4535796881740225e-12,-7.344486281744219e-13,2.6163507149849734e-11,-3.6684323200888664e-13
strength_lateral_HX_1,TN-P027,N517,interior_applied_load,,10.6,249.0,137.864,-9.094947017729282e-13,-8.319555897898681,-2.1316282072803006e-14,9.094947017729282e-13,5.684341886080802e-14,-9.094947017729282e-13
strength_lateral_HX_1,TN-P028,N518,interior_applied_load,,20.2,249.0,160.728,-1.8773792687956416e-12,-8.31955589789074,-9.538055454341276e-15,1.157836006682036e-14,-1.2984905732299258e-13,-6.698793090071973e-12
strength_lateral_HX_1,TN-P029,N196,interior_applied_load,,21.385,249.0,115.0,9.604101466616855e-12,-5.6512191027530285,-1.595567022449918e-11,1.0037515935870474e-12,4.1780140795696e-11,-1.4076899296547492e-11
strength_lateral_HX_1,TN-P030,N197,interior_applied_load,,24.3,249.0,115.0,-1.665533680515731e-11,-2.5111282134941857,4.690964420546927e-11,-4.736034245531409e-13,9.052396312123919e-11,1.1873566554617836e-10
strength_lateral_HX_1,TN-P031,N198,interior_applied_load,,28.031,249.0,115.0,3.232829137560275e-11,-284.5070044950336,6.527199066249902e-11,-4.950259698474163e-13,2.6675716766471657e-11,1.0048065171095885e-10
strength_lateral_HX_1,TN-P032,N519,interior_applied_load,,29.8,249.0,183.592,-8.283548779138193e-13,-8.319555897882722,7.122083859706833e-15,-2.844288916771676e-13,-9.720814588650381e-14,6.335619827842692e-12
strength_lateral_HX_1,TN-P033,N689,interior_applied_load,,38.333,249.0,229.319,-1.0406169398228862e-12,-10.145208349138601,4.675487202124485e-13,-1.7311668999673692e-13,1.1443963771686664e-11,-5.8585221261093296e-12
strength_lateral_HX_1,TN-P034,N520,interior_applied_load,,39.4,249.0,206.455,2.823492694647039e-12,-8.31955589789391,5.176690553110362e-14,8.7681337517699e-13,2.9942603151575903e-12,1.2124093220737087e-12
strength_lateral_HX_1,TN-P035,N199,interior_applied_load,,42.74,249.0,115.0,1.0550619421679617e-10,-7.061071857059828,2.1739576880507022e-11,3.584601829789391e-14,3.858133886389466e-12,3.0921448416706626e-12
strength_lateral_HX_1,TN-P036,N200,interior_applied_load,,46.719,249.0,115.0,-1.1476883928968079e-10,-280.3774188031281,3.68033731793958e-11,7.213300838157793e-14,8.022158618313045e-11,3.6127828381931935e-11
strength_lateral_HX_1,TN-P037,N521,interior_applied_load,,49.0,249.0,229.319,2.0258283939256216e-10,-7.273007099322479,-1.3665301112908423e-09,-2.2684314227478738e-11,9.016562774188941e-10,-3.6897544741787414e-10
strength_lateral_HX_1,TN-P038,N201,interface_action,BR-N-upper-2,50.25,249.0,115.0,1681.8588756816903,-2326.733379673225,7.0314923981653745,-148.17503897446548,-957.9590471516476,707.8030926870244
strength_lateral_HX_1,TN-P039,N690,interface_action,BR-N-upper-1,50.25,249.0,229.319,-820.4081455803437,-1188.0262161210587,14.864120786825946,-616.2606720778335,198.47054411011953,-20.883526188307084
strength_lateral_HX_1,TN-P040,N202,interior_applied_load,,52.45,249.0,115.0,8.664936947300798e-10,-1.1335499376806941,5.5136805608246895e-09,-3.215260795096671e-10,-3.997530139778036e-09,-6.885465192937207e-10
strength_lateral_HX_1,TN-P041,N203,interface_action,N1 / U-W,53.25,249.0,115.0,-2380.6529327370536,3890.90703715043,-119.94479522798163,784.5388820589366,-8414.780865019204,9802.191200098352
strength_lateral_HX_1,TN-P042,N691,interface_action,N1 / U-W,53.25,249.0,229.319,166.2312767088436,1630.3942240679482,-23.903407546926267,523.8951957577332,-1123.3943487377207,-4615.333721383687
strength_lateral_HX_1,TN-P043,N481,interface_action,N1 / U-W,56.25,249.0,207.0,-224.87328053702336,84.19300541137417,24.970469895038033,392.1374114636164,-1192.0372660958822,-332.0060607372969
strength_lateral_HX_1,TN-P044,N482,interior_applied_load,,57.25,249.0,207.0,2.384185791015625e-07,-6.714120946824551,0.0,-2.9802322387695312e-08,0.0,-4.76837158203125e-07
strength_lateral_HX_1,TN-P045,N531,interior_applied_load,,57.25,249.0,209.5,0.0,-2.989171454682946,0.0,-2.9802322387695312e-08,9.313225746154785e-10,-2.384185791015625e-07
strength_lateral_HX_1,TN-P046,N532,interior_applied_load,,57.25,249.0,227.319,9.196596068017371e-09,-2.9891714515193444,-4.761170055433972e-08,-3.67081874341757e-08,6.01895205389769e-10,4.213459977031597e-07
strength_lateral_HX_1,TN-P047,N692,interior_applied_load,,57.25,249.0,229.319,-4.896873787712545e-07,-3.461562485346141,5.465050693267132e-08,-9.8155944255549e-08,2.2072374095703024e-10,1.2939306353546563e-07
strength_lateral_HX_1,TN-P048,N204,interior_applied_load,,64.094,249.0,115.0,-1.867290647912525e-11,-4.593239105853263,-4.70408448471315e-09,1.4687964740409123e-13,2.8943857707032776e-10,-1.6834464220110589e-09
strength_lateral_HX_1,TN-P049,N205,interior_applied_load,,65.406,249.0,115.0,4.4110351787561394e-10,-283.776494410077,1.4025387338967707e-09,9.723464817243417e-15,1.6317431574700028e-09,-2.5683314626243005e-10
strength_lateral_HX_1,TN-P050,N693,interior_applied_load,,66.5,249.0,229.319,-2.9158579100166344e-11,-6.008749997520181,8.155378756411613e-12,-1.5096077655102306e-13,9.060673874449814e-12,4.5686303213169476e-11
strength_lateral_HX_1,TN-P051,N541,interior_applied_load,,68.75,249.0,218.16,-1.4551915228366852e-11,-5.376241893303813,-8.526512829121202e-14,1.1368683772161603e-13,-4.547473508864641e-13,7.275957614183426e-12
strength_lateral_HX_1,TN-P052,N483,interior_applied_load,,80.25,249.0,207.0,0.0,-7.8842499908059835,-1.4901161193847656e-08,-2.9802322387695312e-08,-5.820766091346741e-11,0.0
strength_lateral_HX_1,TN-P053,N533,interior_applied_load,,80.25,249.0,209.5,0.0,-2.989171452820301,1.4901161193847656e-08,0.0,0.0,0.0
strength_lateral_HX_1,TN-P054,N534,interior_applied_load,,80.25,249.0,227.319,1.9512818631023388e-07,-2.989171451892791,-6.092645932209706e-08,-8.407935969678704e-08,2.3625600649353783e-11,-6.943117173280333e-07
strength_lateral_HX_1,TN-P055,N542,interior_applied_load,,80.25,249.0,229.319,1.8919201819587772e-07,-12.795596946701275,-6.905935175155252e-08,-1.5080331620881476e-08,-1.5933133567493345e-10,-4.1415983225179465e-07
strength_lateral_HX_1,TN-P056,N206,interior_applied_load,,80.6,249.0,115.0,-1.1721346924833783e-10,-7.0610718564197805,-2.090390655075559e-10,2.0434391898598453e-13,-9.617204091234341e-11,2.68703233582725e-10
strength_lateral_HX_1,TN-P057,N207,interior_applied_load,,84.094,249.0,115.0,-7.237706449768503e-11,-279.3713932085717,-7.523974439043797e-10,4.208561280557777e-14,2.238437203343936e-09,5.9522955657153696e-09
strength_lateral_HX_1,TN-P058,N208,interior_applied_load,,85.448,249.0,115.0,-3.6138604911622285e-11,-7.061071860524266,3.4657453342534008e-09,-1.409158700012786e-13,1.0828335570813116e-09,1.4887298510923212e-09
strength_lateral_HX_1,TN-P059,N543,interior_applied_load,,92.25,249.0,218.16,2.1827872842550278e-11,-5.497868662780093,-1.4210854715202004e-13,-7.716494110354688e-12,-2.7284841053187847e-12,-1.4551915228366852e-11
strength_lateral_HX_1,TN-P060,N694,interior_applied_load,,94.667,249.0,229.319,9.532408801175079e-11,-6.270000052083983,1.2345712401837903e-12,7.910924488330749e-12,8.525755266833826e-11,-1.3064436546494512e-10
strength_lateral_HX_1,TN-P061,N209,interior_applied_load,,102.781,249.0,115.0,-3.8428238928013794e-11,-285.60827974220325,-1.0559361290331627e-10,-1.3769547162340746e-13,-1.3160057820008346e-11,-1.866420059992856e-09
strength_lateral_HX_1,TN-P062,N484,interior_applied_load,,104.25,249.0,207.0,0.0,-13.54986866377294,2.2351741790771484e-08,-7.450580596923828e-09,-8.614733815193176e-09,-2.384185791015625e-07
strength_lateral_HX_1,TN-P063,N535,interior_applied_load,,104.25,249.0,209.5,-2.384185791015625e-07,-2.9891714518889785,7.450580596923828e-09,-7.450580596923828e-09,-1.6298145055770874e-09,0.0
strength_lateral_HX_1,TN-P064,N536,interior_applied_load,,104.25,249.0,227.319,6.196577307521212e-08,-2.989171450943359,4.9161984427836813e-08,-4.297291311683438e-08,3.18253311668565e-10,-4.4969546435236207e-07
strength_lateral_HX_1,TN-P065,N695,interior_applied_load,,104.25,249.0,229.319,2.0732215287270673e-07,-7.358541667047968,-9.234803835643426e-08,8.232431223071981e-08,-4.02216654551192e-10,8.615382696845929e-08
strength_lateral_HX_1,TN-P066,N210,interior_applied_load,,106.802,249.0,115.0,1.310872200627654e-10,-2.2552922240507205,6.050007462608223e-10,-1.0958694447573357e-12,-3.913243488243078e-10,-1.7701168182320958e-08
strength_lateral_HX_1,TN-P067,N211,interior_applied_load,,108.75,249.0,115.0,1.4382751298509766e-10,-5.541799954404999,1.9542790810581626e-09,2.793164306644459e-13,1.4897127239190396e-09,-3.4720907048321145e-09
strength_lateral_HX_1,TN-P068,N544,interior_applied_load,,116.25,249.0,218.16,0.0,-5.497868662743713,-4.263256414560601e-12,-2.000888343900442e-11,2.114575181622058e-11,-5.4569682106375694e-12
strength_lateral_HX_1,TN-P069,N212,interior_applied_load,,121.469,249.0,115.0,-3.074596349534082e-11,-284.872259430335,-1.1241057767010785e-11,3.1150483290804153e-13,1.0770907528206052e-10,1.5536856342731059e-09
strength_lateral_HX_1,TN-P070,N696,interior_applied_load,,122.833,249.0,229.319,1.4834228724243786e-10,-6.269999985914384,-1.2144480547037054e-10,-2.918638403344518e-12,2.1471836934899473e-10,-4.7703202630806437e-11
strength_lateral_HX_1,TN-P071,N213,interior_applied_load,,128.156,249.0,115.0,-6.002651829791779e-11,-5.830697854265413,1.504793515432184e-11,4.765559066306515e-13,-1.9930759160922534e-10,-3.0066059772874687e-10
strength_lateral_HX_1,TN-P072,N485,interior_applied_load,,128.25,249.0,207.0,0.0,-7.884249994531274,0.0,5.960464477539063e-08,0.0,-4.76837158203125e-07
strength_lateral_HX_1,TN-P073,N537,interior_applied_load,,128.25,249.0,209.5,-4.76837158203125e-07,-2.9891714518889785,0.0,5.960464477539063e-08,0.0,-4.76837158203125e-07
strength_lateral_HX_1,TN-P074,N538,interior_applied_load,,128.25,249.0,227.319,7.147070849623793e-07,-2.98917145190354,1.0707549610855516e-07,9.497716929596223e-08,-2.3401505032042377e-10,-1.0278143541472828e-06
strength_lateral_HX_1,TN-P075,N545,interior_applied_load,,128.25,249.0,229.319,5.886479253849302e-07,-12.795596945507025,-4.84808410567717e-07,1.5615354478614454e-07,3.2281576544759227e-10,-2.2266418618917298e-07
strength_lateral_HX_1,TN-P076,N214,interior_applied_load,,136.9,249.0,115.0,7.288991852695594e-11,-4.534200061457899,1.1929637263230006e-10,-3.219698842169551e-13,-1.8182315229722927e-10,1.4283344655821673e-10
strength_lateral_HX_1,TN-P077,N546,interior_applied_load,,139.75,249.0,218.16,7.275957614183426e-12,-5.376241893318365,-2.2737367544323206e-13,6.366462912410498e-12,-3.637978807091713e-12,-1.2732925824820995e-11
strength_lateral_HX_1,TN-P078,N215,interior_applied_load,,140.156,249.0,115.0,-3.827079259263445e-11,-282.3044537900343,-9.00459261372214e-11,4.707145321386156e-13,1.8799694402105985e-10,9.602965015141645e-10
strength_lateral_HX_1,TN-P079,N216,interior_applied_load,,149.51,249.0,115.0,-7.026060314052782e-12,-7.06107185708074,-6.14667700680603e-13,-6.479406321921304e-14,-8.881407194265512e-11,-9.335555025317264e-11
strength_lateral_HX_1,TN-P080,N697,interior_applied_load,,151.0,249.0,229.319,-8.887273139634999e-10,-6.008749983998798,-2.926733280728122e-08,-8.565388173094845e-12,2.6129462392388003e-08,-2.896386307876808e-10
strength_lateral_HX_1,TN-P081,N486,interior_applied_load,,151.25,249.0,207.0,0.0,-6.714120946824551,3.5762786865234375e-07,0.0,0.0,-2.384185791015625e-07
strength_lateral_HX_1,TN-P082,N539,interior_applied_load,,151.25,249.0,209.5,-2.384185791015625e-07,-2.9891714523546398,0.0,-1.1920928955078125e-07,-4.656612873077393e-10,0.0
strength_lateral_HX_1,TN-P083,N540,interior_applied_load,,151.25,249.0,227.319,-6.21766521307493e-08,-2.989171451788612,4.080630895963999e-07,-2.349763728037857e-08,3.450521347974622e-10,-2.3290100701831018e-07
strength_lateral_HX_1,TN-P084,N698,interior_applied_load,,151.25,249.0,229.319,-1.2194944609689173e-07,-1.110312534155068,-2.516010880972055e-07,-7.521428780987308e-08,4.581952079991264e-08,-4.3244706734264435e-07
strength_lateral_HX_1,TN-P085,N487,interior_applied_load,,152.25,249.0,207.0,4.258015131022086e-09,-0.16774998105267866,1.6156157817095322e-08,-9.216710131385528e-10,-1.0081456153768071e-07,2.199133717125972e-08
strength_lateral_HX_1,TN-P086,N475,interior_applied_load,,155.25,249.0,120.0,1.1041915429278183e-12,-13.810985069624314,7.752183487205378e-13,8.534043482733147e-12,-1.7397765749093464e-13,-2.4546105255063736e-12
strength_lateral_HX_1,TN-P087,N476,interior_applied_load,,155.25,249.0,146.657,-8.982720336291984e-13,-27.621970139248692,-1.2501569160674327e-12,4.401543053423726e-13,2.724062405659556e-13,-1.976394018318587e-11
strength_lateral_HX_1,TN-P088,N477,interior_applied_load,,155.25,249.0,173.314,1.4867369796254087e-12,-27.62197013924883,4.4495729832178686e-13,-1.6765037382767809e-12,2.807696933955295e-13,-2.6937901100176312e-11
strength_lateral_HX_1,TN-P089,N478,interior_applied_load,,155.25,249.0,199.971,-1.0159420726154054e-10,-17.452729861481806,5.669004505245225e-11,4.833475116179853e-11,2.0147349055229778e-12,3.3104216014708594e-11
strength_lateral_HX_1,TN-P090,N479,interior_applied_load,,155.25,249.0,207.0,7.385392884493802e-09,-13.810985090685556,-4.9295080627827926e-08,4.495261793387932e-09,-8.09600481647542e-08,2.434332992694582e-07
strength_lateral_HX_1,TN-P091,N480,interior_applied_load,,155.25,249.0,226.628,2.384185791015625e-07,-10.169240277726203,0.0,0.0,0.0,0.0
strength_lateral_HX_1,TN-P092,N699,interior_applied_load,,155.25,249.0,229.319,0.0,-2.2859374806284904,1.1920928955078125e-07,0.0,9.313225746154785e-10,2.384185791015625e-07
strength_lateral_HX_1,TN-P093,N217,interior_applied_load,,158.844,249.0,115.0,9.986684746491168e-12,-283.411239475774,2.391545474245397e-12,-3.248637173595999e-13,-1.162534351399606e-10,-5.103457972082294e-10
strength_lateral_HX_1,TN-P094,N522,interior_applied_load,,160.0,249.0,229.319,-7.446315814759403e-12,-10.647879345762902,-1.5988488414212115e-10,-2.229439042524515e-13,-2.409389652861367e-10,8.250354209143648e-11
strength_lateral_HX_1,TN-P095,N218,interior_applied_load,,165.05,249.0,115.0,-1.0240173258413305e-10,-4.54207179940563,5.3685988499394225e-12,4.405656244595856e-13,-2.09096244267479e-11,-5.727450235462759e-10
strength_lateral_HX_1,TN-P096,N219,interior_applied_load,,170.865,249.0,115.0,1.1898270162400917e-10,-4.716040323397184,-5.129757590225483e-12,6.176628113110973e-13,1.9981928354875863e-11,-6.697127998973634e-10
strength_lateral_HX_1,TN-P097,N523,interior_applied_load,,172.85,249.0,206.455,3.4992277933572536e-12,-8.799300402806402,-3.760739332472835e-13,-2.322374940231643e-12,-8.689375557636018e-13,-4.7392970312283866e-12
strength_lateral_HX_1,TN-P098,N220,interior_applied_load,,177.531,249.0,115.0,-7.976570718346236e-11,-280.9914251027531,9.368861959512892e-11,-1.996111016080969e-13,-1.5515023723946628e-10,3.953261785594031e-10
strength_lateral_HX_1,TN-P099,N700,interior_applied_load,,179.167,249.0,229.319,4.310347837848899e-10,-5.22500004329859,9.997140058453664e-09,-1.7357906825500646e-12,-4.919611981914206e-10,-4.670456969881598e-09
strength_lateral_HX_1,TN-P100,N221,interior_applied_load,,180.0,249.0,115.0,-2.0881637041725298e-07,-5.549671896443815,1.247919989566526e-08,-4.812268805665099e-09,4.73493081994616e-10,1.0944194350770431e-07
strength_lateral_HX_1,TN-P101,N498,interior_applied_load,,180.0,249.0,117.5,1.6863057794580527e-07,-4.6055428466312405,2.53538701144862e-09,3.0190676625352353e-09,-1.0169287634198554e-10,1.993519163079327e-07
strength_lateral_HX_1,TN-P102,N499,interior_applied_load,,180.0,249.0,144.955,-4.547473508864641e-13,-9.211085725866724,0.0,2.2737367544323206e-13,1.4210854715202004e-14,5.343281372915953e-12
strength_lateral_HX_1,TN-P103,N500,interior_applied_load,,180.0,249.0,172.41,2.984279490192421e-13,-9.211085725888552,-7.105427357601002e-14,0.0,1.4606895407153483e-15,5.6843418860808015e-12
strength_lateral_HX_1,TN-P104,N501,interior_applied_load,,180.0,249.0,199.864,3.8357046156762777e-13,-9.211085725884349,-7.614960205521601e-14,4.198672855706671e-12,9.733027403603013e-15,-4.786998218030151e-13
strength_lateral_HX_1,TN-P105,N502,interior_applied_load,,180.0,249.0,227.319,-2.0788145932426616e-07,-4.605542873886135,-3.371381746830604e-07,7.015967377621557e-07,-7.50738826963122e-11,-4.251729589510589e-07
strength_lateral_HX_1,TN-P106,N701,interior_applied_load,,180.0,249.0,229.319,2.1891340564560198e-07,-7.358541661986962,2.0277323877768226e-07,-2.260964433631775e-07,3.4107230435669776e-09,-1.0403630957045402e-07
strength_lateral_HX_1,TN-P107,N524,interior_applied_load,,185.7,249.0,183.592,-7.237780798366891e-13,-8.799300402797932,1.9150039398326308e-13,1.8742282852581846e-12,1.3174232185144632e-12,2.539351143907563e-12
strength_lateral_HX_1,TN-P108,N222,interior_applied_load,,192.219,249.0,115.0,9.009738464178309e-11,-4.987620014184111,-6.120134699909419e-10,-1.76264820699834e-12,4.134776709196494e-10,-7.998617781623901e-11
strength_lateral_HX_1,TN-P109,N223,interior_applied_load,,193.2,249.0,115.0,1.5354310921384423e-10,-1.5113999487701577,3.2549821302111966e-10,-3.712325615729286e-12,9.873071354575019e-11,-2.6796950047382136e-10
strength_lateral_HX_1,TN-P110,N224,interior_applied_load,,196.219,249.0,115.0,2.409335787120967e-11,-318.7273288729878,-9.923010477112629e-12,1.1088650605402838e-12,-3.229441449999158e-11,-6.9992479020465915e-12
strength_lateral_HX_1,TN-P111,N525,interior_applied_load,,198.55,249.0,160.728,5.992824877139267e-12,-8.799300402808225,1.7333881448540595e-14,2.6039647957921153e-12,-2.6168760238947318e-12,-6.766517719023155e-12
strength_lateral_HX_1,TN-P112,N702,interior_applied_load,,207.333,249.0,229.319,6.134010457738893e-11,-11.560312498821299,6.197765649595171e-13,2.229020275966495e-12,-5.871731192320382e-11,-4.873524593172542e-11
strength_lateral_HX_1,TN-P113,N526,interior_applied_load,,211.4,249.0,137.864,-7.275957614183426e-12,-8.799300402803055,2.1316282072803006e-13,-1.3642420526593924e-12,3.069544618483633e-12,-5.002220859751105e-12
strength_lateral_HX_1,TN-P114,N225,interior_applied_load,,213.573,249.0,115.0,3.1367115204653724e-11,-7.061071855488997,-4.774688998689656e-10,4.031093174861897e-12,1.918890118792719e-10,8.46691307956529e-10
strength_lateral_HX_1,TN-P115,N226,interior_applied_load,,214.906,249.0,115.0,-1.6654013942543032e-11,-313.9679931939926,1.0785109535665576e-10,-9.085037864084223e-13,6.381190456431077e-10,9.369106711479351e-10
strength_lateral_HX_1,TN-P116,N227,interior_applied_load,,221.35,249.0,115.0,-1.6950137686944101e-10,-3.530535981804924,-6.910149937017921e-11,3.586602098145817e-12,1.374159468554842e-11,9.499509635713495e-11
strength_lateral_HX_1,TN-P117,N228,interface_action,N2; T-E,224.25,249.0,115.0,-343.68701589107513,2671.706059139222,-207.90774953365326,-88.37809407711029,-2166.608433187939,-1572.4444501399994
strength_lateral_HX_1,TN-P118,N503,interface_action,T-E,224.25,249.0,117.5,569.1918607950211,-843.6556205563247,160.33639180660248,-1003.9211618900299,-1180.8030488463119,4601.312782287598
strength_lateral_HX_1,TN-P119,N186,interface_action,T-E,224.25,249.0,120.0,-0.8588022289914079,624.867146334218,-3.33311464972212,-207.46245876082685,37.309549251503995,149.0249144557165
strength_lateral_HX_1,TN-P120,N504,interior_applied_load,,224.25,249.0,144.955,1.1368683772161603e-13,-9.211085725886733,-4.263256414560601e-14,-2.2737367544323206e-13,1.1368683772161603e-13,-1.8189894035458565e-12
strength_lateral_HX_1,TN-P121,N505,interior_applied_load,,224.25,249.0,172.41,3.763341756089689e-14,-9.21108572588425,-1.733130622372195e-14,-4.3626594011327297e-13,1.0676426071146066e-13,-1.2324763619499703e-12
strength_lateral_HX_1,TN-P122,N506,interior_applied_load,,224.25,249.0,199.864,2.3537159568729465e-15,-9.21108572588389,-4.61126907587491e-15,-6.903416820578316e-14,1.3493477113860528e-13,2.755738081949296e-12
strength_lateral_HX_1,TN-P123,N507,interior_applied_load,,224.25,249.0,227.319,-2.486313068206236e-07,-4.605542861751454,7.83879543275745e-07,9.360935853131025e-07,-1.940758975979383e-09,2.6136998887427154e-07
strength_lateral_HX_1,TN-P124,N527,interface_action,N2; T-E top / segment 4,224.25,249.0,229.319,2076.483561142096,-219.40176222773664,-25.046399132513674,-410.11775968133963,-3154.071021418234,-10786.829294639032
strength_lateral_HX_1,TN-P125,N528,interior_applied_load,,230.312,249.0,200.739,8.257139688897603e-13,-9.801877704264367,9.399653851926753e-14,-2.0680438548593468e-12,-2.0869828894187473e-12,-1.890688925525449e-12
strength_lateral_HX_1,TN-P126,N703,interior_applied_load,,235.5,249.0,229.319,9.078702382994881e-11,-6.424304463052246,1.0856870539921484e-12,2.578464868482372e-12,-3.917428094594923e-11,3.3823718804662354e-10
strength_lateral_HX_1,TN-P127,N529,interior_applied_load,,236.375,249.0,172.16,1.3283280583603104e-12,-9.801877704258773,-4.2130159694166063e-14,-3.2017839618719518e-12,2.116426193800632e-13,-8.553094122799776e-12
strength_lateral_HX_1,TN-P128,N530,interior_applied_load,,242.438,249.0,143.58,0.0,-9.801877704259823,-1.1368683772161603e-12,5.4569682106375694e-12,1.3642420526593924e-12,7.275957614183426e-12
strength_lateral_HX_1,TN-P129,N229,interior_applied_load,,248.5,249.0,115.0,0.0,-14.441651351749897,-2.384185791015625e-07,2.384185791015625e-07,9.313225746154785e-10,-2.384185791015625e-07
strength_lateral_HX_1,TN-P130,N508,interior_applied_load,,248.5,249.0,117.5,1.1920928955078125e-07,-4.470258489251137,0.0,0.0,0.0,0.0
strength_lateral_HX_1,TN-P131,N509,interior_applied_load,,248.5,249.0,144.148,-1.9928438617075233e-13,-8.940516968501287,3.685802477393135e-15,-8.745098794081275e-13,3.739027444053052e-14,-3.523519861836921e-12
strength_lateral_HX_1,TN-P132,N510,interior_applied_load,,248.5,249.0,170.797,1.752363965341184e-13,-8.940516968507936,2.6925049192843457e-14,-5.366212025575201e-12,-1.1080686430735477e-13,1.6027169792572406e-13
strength_lateral_HX_1,TN-P133,N511,interior_applied_load,,248.5,249.0,197.445,-9.265758053704952e-14,-8.940516968502587,1.6564985255575512e-13,9.262035568156807e-13,-4.164631697594197e-14,-1.1079050006124432e-11
strength_lateral_HX_1,TN-P134,N512,interior_applied_load,,248.5,249.0,224.093,1.781310602833516e-07,-4.4702584873162925,4.93471320362896e-08,7.124266259406072e-08,4.698311283554393e-10,-5.102292551576727e-07
strength_lateral_HX_1,TN-P135,N704,interior_applied_load,,248.5,249.0,226.324,-5.074713362292464e-07,-3.7533375113196956,-2.12747350246434e-09,3.4068983402947175e-08,-4.5677818510478417e-10,-8.794841237492026e-08
strength_lateral_HX_1,TN-P136,N230,interior_applied_load,,249.5,249.0,115.0,1.3761147776847338e-10,-0.37785001039701127,-9.002510417688292e-09,3.5256780134274024e-12,-3.1106931197566468e-09,9.621219376754198e-10
strength_lateral_HX_1,TN-P137,N705,interior_applied_load,,249.5,249.0,226.093,1.2975169257338347e-09,-0.26809553290528165,2.6482835323338294e-10,3.128936449702514e-11,1.8374780063691835e-10,-1.4557409497928757e-09
strength_lateral_HX_-1,TN-P001,N148,interface_action,BR-N-upper-1; T-W / B-WO; W4,-32.0,249.0,115.0,291.6706036920527,884.5164623575326,-82.00011816098676,-764.8836729832253,1988.7285856199314,-1497.5031372044082
strength_lateral_HX_-1,TN-P002,N628,interface_action,BR-N-upper-2; T-W top / segment 2; W4,-32.0,249.0,226.093,453.19113560397426,-275.5902170150871,-10.701835484161254,-1192.5244027853303,3292.9217441023147,543.1079528548265
strength_lateral_HX_-1,TN-P003,N189,interior_applied_load,,-31.0,249.0,115.0,8.157621778082103e-08,-9.00174037683064,5.8938553593179677e-08,6.044615474820603e-08,2.5271802428505907e-09,8.151573638315313e-08
strength_lateral_HX_-1,TN-P004,N488,interior_applied_load,,-31.0,249.0,117.5,-4.0436592791502535e-08,-4.470258485425768,-3.726544492234187e-08,3.99068569537555e-08,-1.4564172061593377e-10,1.9299945881057294e-08
strength_lateral_HX_-1,TN-P005,N489,interior_applied_load,,-31.0,249.0,144.148,3.8987870218596695e-15,-8.940516968504705,1.0943250818084715e-14,-9.693266908999793e-13,9.641083605270754e-14,-1.1536996378590154e-12
strength_lateral_HX_-1,TN-P006,N490,interior_applied_load,,-31.0,249.0,170.797,-8.768069347352082e-14,-8.940516968504705,1.4902248136968055e-13,1.4599435354086765e-12,-3.009031378346521e-14,6.115786478576767e-13
strength_lateral_HX_-1,TN-P007,N491,interior_applied_load,,-31.0,249.0,197.445,-4.585617840251216e-14,-8.940516968502747,2.379002681769279e-13,4.181350923787708e-12,-1.4030311207733554e-13,1.9036910365437095e-12
strength_lateral_HX_-1,TN-P008,N492,interior_applied_load,,-31.0,249.0,224.093,2.384185791015625e-07,-4.470258483663201,-9.5367431640625e-07,0.0,0.0,-2.384185791015625e-07
strength_lateral_HX_-1,TN-P009,N686,interior_applied_load,,-31.0,249.0,226.324,2.384185791015625e-07,-3.75333752669394,0.0,9.5367431640625e-07,-1.4901161193847656e-08,-2.384185791015625e-07
strength_lateral_HX_-1,TN-P010,N513,interior_applied_load,,-23.25,249.0,143.58,-4.547473508864641e-13,-9.93480888940394,-4.263256414560601e-14,-8.185452315956354e-12,1.4210854715202004e-12,-1.9099388737231493e-11
strength_lateral_HX_-1,TN-P011,N190,interior_applied_load,,-21.323,249.0,115.0,-1.198471230967675e-11,-10.25862748601972,1.3185193458915174e-12,-1.1655387424039458e-14,1.9332539391302214e-12,2.2131431360147162e-13
strength_lateral_HX_-1,TN-P012,N687,interior_applied_load,,-18.0,249.0,229.319,2.6914147060508404e-11,-8.187741967331199,-3.3117887056334607e-12,-2.168853597225295e-11,5.2299963032444067e-11,4.802260791902885e-11
strength_lateral_HX_-1,TN-P013,N514,interior_applied_load,,-15.5,249.0,172.16,-6.599024671175864e-13,-9.934808889398376,2.0891161923378046e-13,-4.258189041664411e-12,3.1403338345267545e-14,7.351002813235865e-12
strength_lateral_HX_-1,TN-P014,N515,interior_applied_load,,-7.75,249.0,200.739,2.338517999374491e-13,-9.934808889399172,1.6700923632408197e-14,3.492427516668732e-12,-3.6711836084729114e-14,-3.5694794605215817e-11
strength_lateral_HX_-1,TN-P015,N191,interior_applied_load,,-3.85,249.0,115.0,-1.0366023319364493e-11,-8.056864092497696,-1.7350014838277456e-12,2.7345636478075086e-14,-7.533880844989646e-12,-2.0084661898644802e-10
strength_lateral_HX_-1,TN-P016,N192,interior_applied_load,,0.0,249.0,115.0,-1.0114143123018948e-07,-1.466514443309024,-2.7894808791728565e-06,-6.195070234582545e-09,2.9241368567646236e-07,-2.9033997961391833e-07
strength_lateral_HX_-1,TN-P017,N493,interior_applied_load,,0.0,249.0,117.5,5.882883371199916e-08,-4.605542861548168,2.818762255101133e-09,-1.9343407475587712e-08,-5.006512590112073e-11,5.7567384578890776e-08
strength_lateral_HX_-1,TN-P018,N494,interior_applied_load,,0.0,249.0,144.955,1.1435631125480303e-13,-9.211085725882983,-2.881841487409304e-14,-6.632379737181026e-13,7.473180693698793e-14,1.1607749840635874e-12
strength_lateral_HX_-1,TN-P019,N495,interior_applied_load,,0.0,249.0,172.41,1.59368517183259e-13,-9.211085725884036,-7.989384622592207e-14,-2.2014050729113827e-12,7.401500107559388e-14,-2.442641596727736e-13
strength_lateral_HX_-1,TN-P020,N496,interior_applied_load,,0.0,249.0,199.864,2.2395324623275663e-13,-9.211085725883152,1.0521767222642176e-13,-5.756878177564661e-12,7.947020638940178e-14,-5.1321780100119975e-12
strength_lateral_HX_-1,TN-P021,N497,interior_applied_load,,0.0,249.0,227.319,4.76837158203125e-07,-4.605542863137089,0.0,0.0,1.862645149230957e-09,0.0
strength_lateral_HX_-1,TN-P022,N516,interior_applied_load,,-0.0,249.0,229.319,9.5367431640625e-07,-12.325946111464873,4.76837158203125e-07,0.0,-3.725290298461914e-09,0.0
strength_lateral_HX_-1,TN-P023,N193,interior_applied_load,,0.031,249.0,115.0,1.1380089484173906e-08,-0.3778634667758779,2.3946520482408723e-06,-1.0228997344857013e-09,-6.78521131167327e-07,6.029392246166074e-08
strength_lateral_HX_-1,TN-P024,N194,interior_applied_load,,1.0,249.0,115.0,9.00399754755199e-11,-7.678506057909544,-1.0601510780361423e-09,2.4442670110147446e-11,-1.0180656317970715e-10,-2.673914423212409e-10
strength_lateral_HX_-1,TN-P025,N195,interior_applied_load,,9.344,249.0,115.0,1.090205651244512e-11,-285.2422374938005,-1.9161590991115196e-12,2.1460367424985968e-14,4.8328461951116786e-11,-1.3144634343137332e-11
strength_lateral_HX_-1,TN-P026,N688,interior_applied_load,,10.167,249.0,229.319,-4.658420207314644e-11,-10.014583343914245,-2.429898945966016e-12,2.917847912774428e-13,-1.1364089020362935e-13,-2.038245077964579e-13
strength_lateral_HX_-1,TN-P027,N517,interior_applied_load,,10.6,249.0,137.864,1.8189894035458565e-12,-8.319555897887767,-9.237055564881302e-14,6.821210263296962e-13,-2.5579538487363607e-13,-4.547473508864641e-13
strength_lateral_HX_-1,TN-P028,N518,interior_applied_load,,20.2,249.0,160.728,1.0679327120120057e-12,-8.319555897887895,-2.7509572205167047e-14,3.03536252818894e-14,-6.618864516364075e-14,-4.046491769042204e-12
strength_lateral_HX_-1,TN-P029,N196,interior_applied_load,,21.385,249.0,115.0,2.2418653705961885e-11,-5.651219102739409,-4.403527235777832e-11,2.431612763744534e-14,1.7886061611776684e-11,2.4172852938408117e-11
strength_lateral_HX_-1,TN-P030,N197,interior_applied_load,,24.3,249.0,115.0,-1.1797461659938483e-10,-2.511128213518286,-4.0533842094622466e-11,-4.853328507624895e-14,-2.9942224568454757e-11,4.2963075516698554e-11
strength_lateral_HX_-1,TN-P031,N198,interior_applied_load,,28.031,249.0,115.0,-1.4060172339476917e-11,-284.5070044949884,-7.472751142216964e-11,-1.1258993539449522e-13,-1.0289409389123931e-11,2.3978807977398767e-11
strength_lateral_HX_-1,TN-P032,N519,interior_applied_load,,29.8,249.0,183.592,1.9248406917854835e-12,-8.319555897892235,-4.2181539916202856e-14,-4.1417179814137633e-13,3.399128225268555e-13,-7.411977045191259e-12
strength_lateral_HX_-1,TN-P033,N689,interior_applied_load,,38.333,249.0,229.319,-2.6819631164299167e-11,-10.145208349140086,7.067158983368834e-13,2.149600597026272e-13,-5.267385565029547e-12,-2.810816591926469e-12
strength_lateral_HX_-1,TN-P034,N520,interior_applied_load,,39.4,249.0,206.455,-7.032429858076497e-13,-8.319555897889742,7.813524378843501e-14,-4.395620019179391e-13,4.836496907229805e-13,-2.9223269681978604e-12
strength_lateral_HX_-1,TN-P035,N199,interior_applied_load,,42.74,249.0,115.0,4.028800916054801e-12,-7.061071857047482,-9.278390486968091e-11,4.0051419346499354e-13,7.862266492876888e-12,1.2389608296218724e-12
strength_lateral_HX_-1,TN-P036,N200,interior_applied_load,,46.719,249.0,115.0,2.344039338511796e-11,-280.37741880310375,-4.7329939697135287e-11,-1.1836809713719024e-13,6.297620158890767e-11,1.942838467063004e-11
strength_lateral_HX_-1,TN-P037,N521,interior_applied_load,,49.0,249.0,229.319,2.0194068639511897e-10,-7.27300710094855,2.5263477421155756e-10,-1.479922761660052e-11,8.454606389984853e-10,-6.061282031843973e-11
strength_lateral_HX_-1,TN-P038,N201,interface_action,BR-N-upper-2,50.25,249.0,115.0,-2026.90111403238,2688.996427640235,-8.034402888700049,16.24785672056756,782.5909752273495,616.3267137756154
strength_lateral_HX_-1,TN-P039,N690,interface_action,BR-N-upper-1,50.25,249.0,229.319,1580.9176570968425,2107.559310230479,0.39754625245601016,-93.98848534911532,-25.80089608969334,2280.419892167379
strength_lateral_HX_-1,TN-P040,N202,interior_applied_load,,52.45,249.0,115.0,1.1279496369930033e-09,-1.1335499361498045,-2.916621851953726e-09,-1.558201851641787e-10,1.5233182918598892e-09,-3.774752412702038e-10
strength_lateral_HX_-1,TN-P041,N203,interface_action,N1 / U-W,53.25,249.0,115.0,1196.8625002073861,-1113.6002063725625,44.422196898752425,-262.4545382051161,4769.586400844158,29018.804274725815
strength_lateral_HX_-1,TN-P042,N691,interface_action,N1 / U-W,53.25,249.0,229.319,-1013.7083086622496,-2313.8583731259505,41.16958102948946,293.8999128516835,679.6337541845013,687.2713085324668
strength_lateral_HX_-1,TN-P043,N481,interface_action,N1 / U-W,56.25,249.0,207.0,1545.9677018998646,528.1019022562755,-38.9177035170722,-493.1348497809559,1171.111286545638,1596.15857764376
strength_lateral_HX_-1,TN-P044,N482,interior_applied_load,,57.25,249.0,207.0,0.0,-6.714120945893228,1.1920928955078125e-07,0.0,9.313225746154785e-10,0.0
strength_lateral_HX_-1,TN-P045,N531,interior_applied_load,,57.25,249.0,209.5,0.0,-2.989171450957656,1.1920928955078125e-07,-1.1920928955078125e-07,0.0,2.384185791015625e-07
strength_lateral_HX_-1,TN-P046,N532,interior_applied_load,,57.25,249.0,227.319,-2.5815887835789475e-07,-2.9891714524970396,-1.7132314567014362e-08,1.1523832710302884e-07,-6.186678542661398e-10,3.4719456293297313e-07
strength_lateral_HX_-1,TN-P047,N692,interior_applied_load,,57.25,249.0,229.319,1.7815998301397736e-07,-3.461562483969688,-6.299181138238295e-08,5.670241746244861e-08,-5.340482912318107e-10,-3.345176821434535e-07
strength_lateral_HX_-1,TN-P048,N204,interior_applied_load,,64.094,249.0,115.0,-2.8295870858217827e-11,-4.593239104795381,2.962614394029229e-09,1.962943232708358e-12,1.2853012580892437e-09,-3.7695671097804247e-10
strength_lateral_HX_-1,TN-P049,N205,interior_applied_load,,65.406,249.0,115.0,-1.6119407709528225e-11,-283.77649441206074,-2.0552692146168024e-09,1.5355698981725011e-13,-2.247070448228484e-09,2.859591193703463e-10
strength_lateral_HX_-1,TN-P050,N693,interior_applied_load,,66.5,249.0,229.319,8.814270691778115e-12,-6.008749997518458,7.017902718801015e-12,-2.2555437135820375e-13,-3.1152533798484385e-11,3.0282364302485434e-11
strength_lateral_HX_-1,TN-P051,N541,interior_applied_load,,68.75,249.0,218.16,0.0,-5.376241893325641,-9.094947017729282e-13,0.0,-4.547473508864641e-12,-9.094947017729282e-12
strength_lateral_HX_-1,TN-P052,N483,interior_applied_load,,80.25,249.0,207.0,2.384185791015625e-07,-7.884249993599951,3.5762786865234375e-07,4.76837158203125e-07,0.0,-2.384185791015625e-07
strength_lateral_HX_-1,TN-P053,N533,interior_applied_load,,80.25,249.0,209.5,2.384185791015625e-07,-2.9891714518889785,-2.384185791015625e-07,2.384185791015625e-07,0.0,2.384185791015625e-07
strength_lateral_HX_-1,TN-P054,N534,interior_applied_load,,80.25,249.0,227.319,4.029745730299572e-07,-2.9891714527594946,-2.1459609882146236e-07,-1.2754202297071693e-07,3.883977214866187e-11,1.6658836785032882e-07
strength_lateral_HX_-1,TN-P055,N542,interior_applied_load,,80.25,249.0,229.319,-3.516717708786813e-08,-12.7955969447767,2.927195331520532e-07,-4.6608490634747955e-07,5.867471740834274e-11,3.971232145983887e-07
strength_lateral_HX_-1,TN-P056,N206,interior_applied_load,,80.6,249.0,115.0,2.242989328443566e-11,-7.061071856718989,3.723650390649485e-10,-1.5198448483776978e-13,-6.244920126925455e-13,1.6954692726037437e-11
strength_lateral_HX_-1,TN-P057,N207,interior_applied_load,,84.094,249.0,115.0,1.3918074775938223e-10,-279.3713932137377,3.4759678949395457e-09,1.598357602797845e-12,-2.981919080261539e-09,1.3300808157972524e-09
strength_lateral_HX_-1,TN-P058,N208,interior_applied_load,,85.448,249.0,115.0,-7.039898158656632e-11,-7.0610718571381685,-2.9395198457661395e-09,3.4249895661830834e-13,-7.695471525413785e-10,-4.398064183144383e-09
strength_lateral_HX_-1,TN-P059,N543,interior_applied_load,,92.25,249.0,218.16,0.0,-5.497868662758265,2.0463630789890885e-12,-1.8189894035458565e-12,1.2732925824820995e-11,2.1827872842550278e-11
strength_lateral_HX_-1,TN-P060,N694,interior_applied_load,,94.667,249.0,229.319,-4.1005048883368336e-11,-6.270000052139036,1.1431943444577083e-11,2.4746264092795676e-13,3.115539931754948e-11,-2.5019337426663385e-10
strength_lateral_HX_-1,TN-P061,N209,interior_applied_load,,102.781,249.0,115.0,-4.380365897253625e-11,-285.6082797411945,1.6421046210079727e-10,-9.669020886944503e-13,-2.1192528773364552e-10,-5.59050470337067e-10
strength_lateral_HX_-1,TN-P062,N484,interior_applied_load,,104.25,249.0,207.0,2.384185791015625e-07,-13.549868665635586,0.0,-2.384185791015625e-07,-1.0826624929904938e-08,-2.384185791015625e-07
strength_lateral_HX_-1,TN-P063,N535,interior_applied_load,,104.25,249.0,209.5,2.384185791015625e-07,-2.989171452820301,1.1920928955078125e-07,0.0,2.9103830456733704e-09,2.384185791015625e-07
strength_lateral_HX_-1,TN-P064,N536,interior_applied_load,,104.25,249.0,227.319,-1.3062537748687042e-07,-2.9891714523221706,-6.732788151997404e-08,-5.769706212799264e-09,-1.7859634918941993e-12,9.577592902099141e-08
strength_lateral_HX_-1,TN-P065,N695,interior_applied_load,,104.25,249.0,229.319,4.326824845377249e-07,-7.358541664206559,-3.5716590432683994e-08,-5.572171593386881e-08,2.7075719918113006e-11,3.2780799967598435e-07
strength_lateral_HX_-1,TN-P066,N210,interior_applied_load,,106.802,249.0,115.0,3.0218028065057625e-11,-2.255292215335488,-6.081871116623423e-10,7.579446420373076e-13,1.1477308013324854e-09,-7.251007486372264e-09
strength_lateral_HX_-1,TN-P067,N211,interior_applied_load,,108.75,249.0,115.0,-6.621416187497978e-11,-5.54179996113956,-4.4598564232212474e-10,-1.6412130364945377e-13,-7.912102301862719e-10,7.899055865117887e-10
strength_lateral_HX_-1,TN-P068,N544,interior_applied_load,,116.25,249.0,218.16,0.0,-5.497868662772817,1.1368683772161603e-12,-1.4551915228366852e-11,1.6370904631912708e-11,3.637978807091713e-12
strength_lateral_HX_-1,TN-P069,N212,interior_applied_load,,121.469,249.0,115.0,3.3311095017910455e-11,-284.8722594305542,-1.063504339660276e-11,5.295706556531196e-13,-2.942168272472787e-11,-3.2428167748489043e-10
strength_lateral_HX_-1,TN-P070,N696,interior_applied_load,,122.833,249.0,229.319,2.642028732988675e-11,-6.269999985906455,4.779246942008656e-11,-5.929552272581978e-11,-1.5438170667530635e-10,1.486607449953154e-10
strength_lateral_HX_-1,TN-P071,N213,interior_applied_load,,128.156,249.0,115.0,2.6995366626637918e-11,-5.830697854181068,3.820875038607378e-12,1.34997360862503e-13,1.9728733115508366e-10,-1.2411991616364836e-09
strength_lateral_HX_-1,TN-P072,N485,interior_applied_load,,128.25,249.0,207.0,-2.384185791015625e-07,-7.884249996393919,0.0,1.1920928955078125e-07,0.0,0.0
strength_lateral_HX_-1,TN-P073,N537,interior_applied_load,,128.25,249.0,209.5,0.0,-2.9891714490950108,1.1920928955078125e-07,-1.1920928955078125e-07,0.0,2.384185791015625e-07
strength_lateral_HX_-1,TN-P074,N538,interior_applied_load,,128.25,249.0,227.319,-1.4962370904758604e-07,-2.989171457460137,2.1483343340400474e-08,-1.8435992035770177e-07,1.8404511250515302e-10,1.3141410690198363e-07
strength_lateral_HX_-1,TN-P075,N545,interior_applied_load,,128.25,249.0,229.319,-6.576884313431365e-07,-12.795596948511536,-1.2590335897394023e-07,1.763641849449726e-07,-5.911873373258382e-10,4.6703003104215643e-07
strength_lateral_HX_-1,TN-P076,N214,interior_applied_load,,136.9,249.0,115.0,-7.040468651719277e-11,-4.534200062225089,9.965025695800895e-11,3.900417989476276e-13,-2.3701384517477216e-11,-1.1277331282530023e-09
strength_lateral_HX_-1,TN-P077,N546,interior_applied_load,,139.75,249.0,218.16,7.275957614183426e-12,-5.376241893311089,-6.821210263296962e-13,3.637978807091713e-12,-6.366462912410498e-12,1.8189894035458565e-11
strength_lateral_HX_-1,TN-P078,N215,interior_applied_load,,140.156,249.0,115.0,5.253475887702205e-11,-282.304453789168,-1.3428725941361407e-10,5.189276799104157e-13,-1.8072436702448e-10,2.0543661496141713e-09
strength_lateral_HX_-1,TN-P079,N216,interior_applied_load,,149.51,249.0,115.0,1.2947149697340637e-11,-7.061071857121701,-9.759207268187401e-13,2.1614668043160126e-13,1.7428710932148304e-11,-3.0736874349339695e-10
strength_lateral_HX_-1,TN-P080,N697,interior_applied_load,,151.0,249.0,229.319,9.722604943362967e-10,-6.008750106021053,-5.978085079044737e-08,3.960326053916327e-12,1.43822748033956e-08,-1.8717584412963895e-08
strength_lateral_HX_-1,TN-P081,N486,interior_applied_load,,151.25,249.0,207.0,-2.384185791015625e-07,-6.71412093937397,2.384185791015625e-07,-1.1920928955078125e-07,0.0,0.0
strength_lateral_HX_-1,TN-P082,N539,interior_applied_load,,151.25,249.0,209.5,2.384185791015625e-07,-2.989171452820301,1.1920928955078125e-07,-1.1920928955078125e-07,0.0,2.384185791015625e-07
strength_lateral_HX_-1,TN-P083,N540,interior_applied_load,,151.25,249.0,227.319,2.82535724663302e-07,-2.9891714515212913,3.3659612753977886e-07,-1.2468956450684132e-08,-2.3558474233563085e-11,9.16605043255192e-08
strength_lateral_HX_-1,TN-P084,N698,interior_applied_load,,151.25,249.0,229.319,4.321598008338867e-07,-1.1103122206948604,-2.2390204419149963e-07,-1.0716094652595435e-07,8.885643269567964e-09,3.701870310152122e-07
strength_lateral_HX_-1,TN-P085,N487,interior_applied_load,,152.25,249.0,207.0,6.136316069497001e-09,-0.1677499474358433,1.2342736095317394e-08,3.0526120754739825e-09,1.93186414955787e-08,-1.5940465485478688e-07
strength_lateral_HX_-1,TN-P086,N475,interior_applied_load,,155.25,249.0,120.0,1.8077566495385015e-13,-13.810985069616944,-7.366200231584669e-13,3.7826295428539864e-12,-1.8183020441442035e-14,-1.8271164084214583e-12
strength_lateral_HX_-1,TN-P087,N476,interior_applied_load,,155.25,249.0,146.657,1.3106712505206868e-13,-27.62197013923478,8.188191219389648e-13,-8.973357084428073e-12,-7.10839646906368e-16,2.523693101405833e-12
strength_lateral_HX_-1,TN-P088,N477,interior_applied_load,,155.25,249.0,173.314,8.075834599065566e-13,-27.62197013924008,1.2870528973336836e-12,-7.497902612779064e-12,-1.8183020441442035e-14,-1.8522816546709566e-11
strength_lateral_HX_-1,TN-P089,N478,interior_applied_load,,155.25,249.0,199.971,9.503381525230494e-11,-17.45272986144694,-5.528962228524756e-12,-2.5833094707094905e-11,-2.0526885585529746e-13,-7.994387509797924e-11
strength_lateral_HX_-1,TN-P090,N479,interior_applied_load,,155.25,249.0,207.0,-1.2990437784135951e-08,-13.810985086421754,-5.8705467249532136e-08,-7.331503224705863e-10,9.96193704350992e-08,-1.5280089196387412e-07
strength_lateral_HX_-1,TN-P091,N480,interior_applied_load,,155.25,249.0,226.628,0.0,-10.169240280985832,0.0,1.1920928955078125e-07,0.0,0.0
strength_lateral_HX_-1,TN-P092,N699,interior_applied_load,,155.25,249.0,229.319,0.0,-2.2859374806284904,0.0,0.0,0.0,0.0
strength_lateral_HX_-1,TN-P093,N217,interior_applied_load,,158.844,249.0,115.0,-6.370911402448083e-11,-283.4112394755826,-7.906029492517638e-12,-2.387721574498229e-13,6.639375240050685e-11,-9.263407501443626e-10
strength_lateral_HX_-1,TN-P094,N522,interior_applied_load,,160.0,249.0,229.319,6.651410794627406e-11,-10.647879345689201,-1.024434896324503e-10,-1.161397059184439e-11,-1.2597901511891313e-10,3.9631608586109167e-10
strength_lateral_HX_-1,TN-P095,N218,interior_applied_load,,165.05,249.0,115.0,3.205259487576115e-11,-4.542071799325403,-4.444151645930453e-12,8.426980400525615e-13,2.5089966666010435e-11,9.357866244899686e-10
strength_lateral_HX_-1,TN-P096,N219,interior_applied_load,,170.865,249.0,115.0,-1.5867466807917386e-11,-4.716040323515532,5.7515803501690314e-12,4.298034030453494e-14,4.723687162301704e-11,3.072785384628936e-10
strength_lateral_HX_-1,TN-P097,N523,interior_applied_load,,172.85,249.0,206.455,1.7625042382749392e-12,-8.799300402807745,6.728000138574577e-14,1.415777434702849e-12,-8.963671379852372e-13,7.391455283263176e-12
strength_lateral_HX_-1,TN-P098,N220,interior_applied_load,,177.531,249.0,115.0,1.596545203986462e-11,-280.99142510241455,1.3953472407808786e-10,4.242275620441212e-13,-2.339132176370916e-10,7.129344478727111e-10
strength_lateral_HX_-1,TN-P099,N700,interior_applied_load,,179.167,249.0,229.319,-1.6276377939802763e-10,-5.225000034007796,-3.1364977054898043e-09,4.509230266537711e-13,2.2173712760970873e-09,-8.61929591295401e-10
strength_lateral_HX_-1,TN-P100,N221,interior_applied_load,,180.0,249.0,115.0,2.855779968058414e-08,-5.549671852251883,1.136250205036049e-09,2.0815090095993583e-08,-5.790245878323518e-10,-2.3489794997999525e-07
strength_lateral_HX_-1,TN-P101,N498,interior_applied_load,,180.0,249.0,117.5,-3.125902026113181e-08,-4.605542853902398,-1.2124843351557502e-09,8.725692168809474e-09,-7.720757366769249e-11,2.3314669306273572e-08
strength_lateral_HX_-1,TN-P102,N499,interior_applied_load,,180.0,249.0,144.955,-1.1368683772161603e-13,-9.211085725866724,0.0,0.0,0.0,-4.547473508864641e-12
strength_lateral_HX_-1,TN-P103,N500,interior_applied_load,,180.0,249.0,172.41,0.0,-9.211085725881276,0.0,2.2737367544323206e-13,3.152671981901437e-15,0.0
strength_lateral_HX_-1,TN-P104,N501,interior_applied_load,,180.0,249.0,199.864,-7.527591285536002e-14,-9.21108572587395,-5.4070693659159827e-14,2.0965655891709583e-12,9.825970126310732e-15,-9.690210626947147e-12
strength_lateral_HX_-1,TN-P105,N502,interior_applied_load,,180.0,249.0,227.319,9.117830803706539e-07,-4.605542891931718,-9.337413385546167e-08,1.4698771585996973e-07,1.5314159123113323e-11,-2.129746152768064e-07
strength_lateral_HX_-1,TN-P106,N701,interior_applied_load,,180.0,249.0,229.319,-9.71053008399118e-07,-7.358541651259594,2.7752027524810644e-07,-1.872769251380528e-07,1.5344820333225608e-09,-1.0714195626755935e-06
strength_lateral_HX_-1,TN-P107,N524,interior_applied_load,,185.7,249.0,183.592,-5.541819912945373e-13,-8.799300402797051,-2.6494771441621174e-14,1.8596525904702577e-12,1.604622099743173e-12,-6.648487079514098e-12
strength_lateral_HX_-1,TN-P108,N222,interior_applied_load,,192.219,249.0,115.0,3.478413860393677e-11,-4.987620007763755,1.358796417462412e-09,-3.0493227421815488e-12,-3.600947446128034e-10,2.4938995145613413e-11
strength_lateral_HX_-1,TN-P109,N223,interior_applied_load,,193.2,249.0,115.0,-1.6801274853949509e-10,-1.5113999489174461,-2.8632415409329414e-09,-6.187737697116004e-13,-7.031281772181857e-10,-1.5657690864800106e-09
strength_lateral_HX_-1,TN-P110,N224,interior_applied_load,,196.219,249.0,115.0,-6.053677466506655e-11,-318.72732887319273,5.751996088842021e-11,1.3967729595249098e-13,6.328063877328944e-11,9.093359897038889e-11
strength_lateral_HX_-1,TN-P111,N525,interior_applied_load,,198.55,249.0,160.728,-6.664022515198538e-12,-8.799300402789285,3.6090355933152305e-14,8.656937053390228e-13,-6.762386285742127e-13,7.225874093466017e-12
strength_lateral_HX_-1,TN-P112,N702,interior_applied_load,,207.333,249.0,229.319,1.3243871088098008e-11,-11.560312498826173,-4.862152420178959e-12,-6.79989581372429e-13,-9.680649451884801e-11,-1.5168566924393858e-10
strength_lateral_HX_-1,TN-P113,N526,interior_applied_load,,211.4,249.0,137.864,7.958078640513122e-12,-8.799300402802146,0.0,2.0463630789890885e-12,6.821210263296962e-13,-6.821210263296962e-12
strength_lateral_HX_-1,TN-P114,N225,interior_applied_load,,213.573,249.0,115.0,4.713116520001035e-12,-7.0610718577355565,-1.2856040922467737e-09,5.833129832097186e-12,7.427519241719824e-10,-1.1302538287281918e-09
strength_lateral_HX_-1,TN-P115,N226,interior_applied_load,,214.906,249.0,115.0,4.8420544647803036e-11,-313.9679931919224,7.08576450465778e-10,-1.9543244121426622e-12,7.826556043360882e-10,-1.113664091917489e-09
strength_lateral_HX_-1,TN-P116,N227,interior_applied_load,,221.35,249.0,115.0,4.301562748340669e-11,-3.5305359818164326,-7.079012613392928e-12,3.0143604495609896e-12,-1.341012635632219e-10,-2.249681535501308e-10
strength_lateral_HX_-1,TN-P117,N228,interface_action,N2; T-E,224.25,249.0,115.0,-177.86169302463531,2186.7194120865315,-166.80727887153625,422.6798457503319,1799.315290555125,-4161.764757275581
strength_lateral_HX_-1,TN-P118,N503,interface_action,T-E,224.25,249.0,117.5,364.662774682045,-834.5798693802208,192.05984264612198,-1277.2878340482712,-306.0943176926812,4136.048242807388
strength_lateral_HX_-1,TN-P119,N186,interface_action,T-E,224.25,249.0,120.0,-3.927567833568901,562.8765095527779,-2.5150039837899385,-159.33848434439278,-134.75291980680709,234.40394299535546
strength_lateral_HX_-1,TN-P120,N504,interior_applied_load,,224.25,249.0,144.955,1.7053025658242404e-13,-9.211085725886733,-2.3092638912203256e-14,-4.547473508864641e-13,-1.4210854715202004e-14,1.8189894035458565e-12
strength_lateral_HX_-1,TN-P121,N505,interior_applied_load,,224.25,249.0,172.41,-7.636943656054181e-14,-9.211085725884798,-4.6695335190613735e-14,-1.05557006927478e-12,-3.651472954068745e-14,1.9386012521766912e-12
strength_lateral_HX_-1,TN-P122,N506,interior_applied_load,,224.25,249.0,199.864,1.3821996746392044e-13,-9.211085725883981,2.6255997562881877e-14,-6.39515140003421e-13,-1.0484054141200108e-13,-1.1919269491700503e-12
strength_lateral_HX_-1,TN-P123,N507,interior_applied_load,,224.25,249.0,227.319,-3.5513632595796096e-07,-4.605542860267031,-3.1770049446766535e-07,1.4186350576483875e-06,2.0466180487157325e-09,-1.5563969413268097e-07
strength_lateral_HX_-1,TN-P124,N527,interface_action,N2; T-E top / segment 4,224.25,249.0,229.319,-2210.8736919410194,-142.64875073443952,30.927163092637983,-474.93696983691126,2968.426145510671,-6282.145115409129
strength_lateral_HX_-1,TN-P125,N528,interior_applied_load,,230.312,249.0,200.739,-6.122961090782988e-13,-9.801877704264685,3.845108470118072e-14,4.765248257087526e-12,1.3434219941131164e-12,-2.066702297185683e-12
strength_lateral_HX_-1,TN-P126,N703,interior_applied_load,,235.5,249.0,229.319,1.7319336509679237e-11,-6.424304462949746,-2.4205054178758442e-11,-6.869025184732385e-11,-8.52737797721929e-11,-7.511212312573505e-10
strength_lateral_HX_-1,TN-P127,N529,interior_applied_load,,236.375,249.0,172.16,-3.874834669301319e-13,-9.80187770426069,1.54619612167234e-14,3.687563652095502e-12,-3.793368210678081e-13,6.480847713695699e-12
strength_lateral_HX_-1,TN-P128,N530,interior_applied_load,,242.438,249.0,143.58,8.526512829121202e-13,-9.801877704261187,3.552713678800501e-15,-9.237055564881302e-13,0.0,-3.183231456205249e-12
strength_lateral_HX_-1,TN-P129,N229,interior_applied_load,,248.5,249.0,115.0,-1.1920928955078125e-07,-14.441651321947575,-5.960464477539063e-08,-2.9802322387695312e-08,6.984919309616089e-10,1.1920928955078125e-07
strength_lateral_HX_-1,TN-P130,N508,interior_applied_load,,248.5,249.0,117.5,0.0,-4.470258481334895,2.9802322387695312e-08,0.0,0.0,2.384185791015625e-07
strength_lateral_HX_-1,TN-P131,N509,interior_applied_load,,248.5,249.0,144.148,5.847064155500975e-14,-8.940516968503934,-6.946538574024363e-14,-1.6740337890876718e-11,4.651448223024511e-15,5.020023981171508e-12
strength_lateral_HX_-1,TN-P132,N510,interior_applied_load,,248.5,249.0,170.797,-5.313309392229833e-14,-8.940516968503095,2.495118916205426e-13,3.2852852860089386e-11,8.937031377442209e-15,-4.084296457115913e-14
strength_lateral_HX_-1,TN-P133,N511,interior_applied_load,,248.5,249.0,197.445,-1.3931502662690062e-12,-8.940516968502983,-2.679578585783302e-13,-3.2827147576246183e-11,-4.51298894213922e-14,2.081658199249435e-11
strength_lateral_HX_-1,TN-P134,N512,interior_applied_load,,248.5,249.0,224.093,3.523413272827126e-07,-4.470258484037422,-3.4625015429391095e-07,-5.218144936906184e-07,-3.474700012115353e-10,-1.2524800037236472e-07
strength_lateral_HX_-1,TN-P135,N704,interior_applied_load,,248.5,249.0,226.324,7.489166030449473e-09,-3.7533375096451795,5.935484685914252e-07,-5.7588880132454025e-08,2.5069480862503157e-09,-3.8466489656244325e-07
strength_lateral_HX_-1,TN-P136,N230,interior_applied_load,,249.5,249.0,115.0,8.45969960749926e-11,-0.37785001781158606,-1.1970663141291915e-09,7.0188421047445715e-12,-3.808893062062779e-10,1.24855890903941e-09
strength_lateral_HX_-1,TN-P137,N705,interior_applied_load,,249.5,249.0,226.093,-3.858543352564506e-11,-0.2680955401677335,2.4979791624810646e-09,6.576846014926269e-10,3.707951892719313e-11,2.1763724950531204e-09
strength_lateral_HX_2,TN-P001,N148,interface_action,BR-N-upper-1; T-W / B-WO; W4,-32.0,249.0,115.0,-1077.8133127762235,-1087.7191362165681,311.9385408474015,2362.6401111798987,-11075.679060494376,-4374.432096429526
strength_lateral_HX_2,TN-P002,N628,interface_action,BR-N-upper-2; T-W top / segment 2; W4,-32.0,249.0,226.093,-379.5456482005523,714.6191921823257,-6.188045644744568,2881.3512573721846,-6215.703722868365,954.2414777809022
strength_lateral_HX_2,TN-P003,N189,interior_applied_load,,-31.0,249.0,115.0,-6.492437023553066e-07,-9.001740350366163,-9.300168812842458e-08,1.218782017531339e-07,1.1146994438604452e-10,1.580574462423101e-07
strength_lateral_HX_2,TN-P004,N488,interior_applied_load,,-31.0,249.0,117.5,2.453900631500307e-07,-4.470258482924489,1.1029476065844892e-07,6.81224388502519e-08,1.2742189517325321e-09,9.636365161405196e-08
strength_lateral_HX_2,TN-P005,N489,interior_applied_load,,-31.0,249.0,144.148,2.171245924470833e-13,-8.94051696850372,1.9256014286945664e-14,1.968032316151909e-12,4.315434889875983e-14,2.7584363562272217e-12
strength_lateral_HX_2,TN-P006,N490,interior_applied_load,,-31.0,249.0,170.797,4.852308421213977e-14,-8.940516968499962,-2.9036345031332627e-13,-6.553136260491911e-12,-4.022631854434158e-14,-2.3722056230261854e-12
strength_lateral_HX_2,TN-P007,N491,interior_applied_load,,-31.0,249.0,197.445,-1.90163615115546e-13,-8.940516968503319,2.3419011488894436e-14,6.726408898735891e-13,1.5211823774995855e-13,1.8974053656901002e-12
strength_lateral_HX_2,TN-P008,N492,interior_applied_load,,-31.0,249.0,224.093,-9.5367431640625e-07,-4.4702584855258465,1.9073486328125e-06,0.0,0.0,1.9073486328125e-06
strength_lateral_HX_2,TN-P009,N686,interior_applied_load,,-31.0,249.0,226.324,9.5367431640625e-07,-3.753337485715747,1.9073486328125e-06,-3.814697265625e-06,1.2665987014770508e-07,0.0
strength_lateral_HX_2,TN-P010,N513,interior_applied_load,,-23.25,249.0,143.58,3.637978807091713e-12,-9.934808889393025,-1.7053025658242404e-13,2.1827872842550278e-11,-5.229594535194337e-12,8.094502845779061e-11
strength_lateral_HX_2,TN-P011,N190,interior_applied_load,,-21.323,249.0,115.0,3.581545966089103e-11,-10.25862748601984,1.3350064601941466e-12,-1.0561921449619476e-12,1.2681944412467047e-12,2.67935462263014e-12
strength_lateral_HX_2,TN-P012,N687,interior_applied_load,,-18.0,249.0,229.319,1.1032326040132492e-10,-8.187741967295814,3.1978708107881806e-11,6.185483151068557e-11,3.2473324069343144e-11,-2.2831516737274945e-10
strength_lateral_HX_2,TN-P013,N514,interior_applied_load,,-15.5,249.0,172.16,2.1236748672906306e-12,-9.934808889413095,-1.3978180076555154e-12,2.0808384222501368e-12,1.8552775558262982e-13,2.877229055632949e-12
strength_lateral_HX_2,TN-P014,N515,interior_applied_load,,-7.75,249.0,200.739,-1.6186113730327487e-12,-9.934808889418111,9.784659270375616e-14,-4.048917769846308e-11,1.0876020898116451e-11,4.944762686363514e-11
strength_lateral_HX_2,TN-P015,N191,interior_applied_load,,-3.85,249.0,115.0,-2.8200709146108614e-11,-8.056864092660007,2.002918215860415e-11,2.601807840038087e-13,-5.465971448418823e-11,2.449780274312253e-10
strength_lateral_HX_2,TN-P016,N192,interior_applied_load,,0.0,249.0,115.0,4.90094862470869e-08,-1.4665271796399213,5.262129895911016e-05,-5.643075517980378e-08,-7.872825510454986e-07,-1.6129229152284097e-07
strength_lateral_HX_2,TN-P017,N493,interior_applied_load,,0.0,249.0,117.5,-7.406464843965166e-08,-4.605542861953912,5.353246756880986e-08,-4.6015707322428394e-08,5.051608525118378e-11,1.4806948613924535e-07
strength_lateral_HX_2,TN-P018,N494,interior_applied_load,,0.0,249.0,144.955,-2.2143403112790594e-15,-9.211085725883922,3.448663949444666e-14,-1.851310405663196e-12,-2.6533586319003902e-14,2.0808830494082024e-12
strength_lateral_HX_2,TN-P019,N495,interior_applied_load,,0.0,249.0,172.41,-1.4901304678490984e-13,-9.211085725883697,1.5471378715483912e-13,-4.267275100743788e-12,-8.422831023144245e-14,9.270385263908134e-12
strength_lateral_HX_2,TN-P020,N496,interior_applied_load,,0.0,249.0,199.864,-3.5469608971541824e-13,-9.211085725883361,5.0987045480685363e-14,1.4697071333763384e-11,-1.0863980349050818e-13,5.6717289003027395e-12
strength_lateral_HX_2,TN-P021,N497,interior_applied_load,,0.0,249.0,227.319,0.0,-4.605542864650488,0.0,1.9073486328125e-06,0.0,0.0
strength_lateral_HX_2,TN-P022,N516,interior_applied_load,,-0.0,249.0,229.319,-9.5367431640625e-07,-12.325946109369397,-1.9073486328125e-06,0.0,-7.450580596923828e-09,0.0
strength_lateral_HX_2,TN-P023,N193,interior_applied_load,,0.031,249.0,115.0,-1.0953001181569365e-08,-0.37787571809346054,-5.055991681833249e-05,2.1076181161990915e-09,6.298647048927893e-07,2.9319418600958554e-07
strength_lateral_HX_2,TN-P024,N194,interior_applied_load,,1.0,249.0,115.0,7.821654435247183e-10,-7.678506059834035,4.437694656189706e-09,3.228706191293895e-11,1.5993464330676943e-09,-2.000888343900442e-10
strength_lateral_HX_2,TN-P025,N195,interior_applied_load,,9.344,249.0,115.0,9.119577697398493e-12,-285.24223749380445,-2.5773831435661774e-12,9.419898445530131e-14,-8.327413976415229e-11,-3.403702705332219e-11
strength_lateral_HX_2,TN-P026,N688,interior_applied_load,,10.167,249.0,229.319,1.1659958115183926e-10,-10.014583343913875,1.3554357402437979e-13,-1.152488925197089e-13,-8.267746368433066e-11,-2.967330392182596e-13
strength_lateral_HX_2,TN-P027,N517,interior_applied_load,,10.6,249.0,137.864,-1.8189894035458565e-12,-8.319555897902319,1.4210854715202004e-13,0.0,-1.7053025658242404e-13,3.637978807091713e-12
strength_lateral_HX_2,TN-P028,N518,interior_applied_load,,20.2,249.0,160.728,-1.0034118220704842e-12,-8.319555897888995,2.7912647642042223e-14,-1.0460324826283714e-13,-1.3674108272690794e-13,3.724980308428334e-13
strength_lateral_HX_2,TN-P029,N196,interior_applied_load,,21.385,249.0,115.0,-4.475858942941948e-12,-5.65121910274307,-1.046168075058896e-10,5.644988672182909e-13,1.7424033768355155e-10,-5.196324044661207e-11
strength_lateral_HX_2,TN-P030,N197,interior_applied_load,,24.3,249.0,115.0,-2.2923297128670792e-10,-2.5111282135134116,1.5993868480762674e-10,-1.227479679119126e-12,3.7701844510178556e-10,-1.8681025241890602e-11
strength_lateral_HX_2,TN-P031,N198,interior_applied_load,,28.031,249.0,115.0,1.3097654104877296e-10,-284.50700449499226,5.346138332451995e-11,-5.877904423485216e-13,-2.3976091085633405e-10,1.057445435825728e-10
strength_lateral_HX_2,TN-P032,N519,interior_applied_load,,29.8,249.0,183.592,-3.786324069683584e-12,-8.319555897890472,-4.94801635029107e-14,9.75197885494275e-13,-1.5779454933792813e-13,2.42864599562854e-11
strength_lateral_HX_2,TN-P033,N689,interior_applied_load,,38.333,249.0,229.319,-1.968848552870917e-11,-10.14520834913766,-2.5668826259377493e-12,-1.3569100642824508e-12,6.570827005264112e-12,-4.697187973484013e-12
strength_lateral_HX_2,TN-P034,N520,interior_applied_load,,39.4,249.0,206.455,1.798396416640303e-12,-8.319555897899829,5.600343605288587e-14,-1.1382848106907139e-12,5.0832152989262904e-12,-6.653625235501125e-13
strength_lateral_HX_2,TN-P035,N199,interior_applied_load,,42.74,249.0,115.0,-6.996496476012334e-11,-7.0610718570264055,8.304681438060938e-11,-1.5008522004517722e-13,2.888988951204209e-12,9.017488185395364e-11
strength_lateral_HX_2,TN-P036,N200,interior_applied_load,,46.719,249.0,115.0,1.2816514890134387e-10,-280.37741880319857,1.2173556276680221e-10,8.472594160485659e-14,2.6117005468303346e-11,1.1287337214276406e-10
strength_lateral_HX_2,TN-P037,N521,interior_applied_load,,49.0,249.0,229.319,-6.259384122131451e-10,-7.273007098901792,1.6619174370013923e-09,3.358815599625522e-12,2.45074809057666e-09,-1.839880192644472e-10
strength_lateral_HX_2,TN-P038,N201,interface_action,BR-N-upper-2,50.25,249.0,115.0,3536.2388705301096,-4834.598283318541,14.564440040964248,-230.38648683201632,-1828.2340583522375,753.5412821487157
strength_lateral_HX_2,TN-P039,N690,interface_action,BR-N-upper-1,50.25,249.0,229.319,-2021.0710469204632,-2835.81897930018,22.09740805469612,-877.3967654122855,310.60626419747,-1171.5352353702365
strength_lateral_HX_2,TN-P040,N202,interior_applied_load,,52.45,249.0,115.0,-1.5612258455415361e-09,-1.1335499411026375,3.930200474257411e-10,-6.751482043098622e-10,-3.335141733698237e-09,2.4521347764699885e-11
strength_lateral_HX_2,TN-P041,N203,interface_action,N1 / U-W,53.25,249.0,115.0,-4169.41064913029,6393.160658900612,-202.12829127970804,1308.0355921994171,-15006.964497635452,193.88466280928063
strength_lateral_HX_2,TN-P042,N691,interface_action,N1 / U-W,53.25,249.0,229.319,756.2010693941198,3602.5205226654493,-56.439901834794384,638.8928371776868,-2024.9084001465544,-7266.636236339003
strength_lateral_HX_2,TN-P043,N481,interface_action,N1 / U-W,56.25,249.0,207.0,-1110.2937717539724,-137.76144300994457,56.91455660059118,834.7735420803015,-2373.6115423913707,-1296.0883799246353
strength_lateral_HX_2,TN-P044,N482,interior_applied_load,,57.25,249.0,207.0,-4.76837158203125e-07,-6.714120954275131,2.9802322387695312e-08,1.4901161193847656e-08,1.862645149230957e-09,-4.76837158203125e-07
strength_lateral_HX_2,TN-P045,N531,interior_applied_load,,57.25,249.0,209.5,0.0,-2.989171452820301,-1.4901161193847656e-08,0.0,0.0,4.76837158203125e-07
strength_lateral_HX_2,TN-P046,N532,interior_applied_load,,57.25,249.0,227.319,-4.37547696796603e-07,-2.989171452028298,1.0539877415283172e-08,-2.1400730609855145e-07,4.951502259062814e-11,4.661662268423683e-07
strength_lateral_HX_2,TN-P047,N692,interior_applied_load,,57.25,249.0,229.319,-2.190731491698003e-07,-3.4615624833818655,1.4654706416488795e-07,-4.97672276349133e-08,2.631604491887507e-09,4.985241714713019e-07
strength_lateral_HX_2,TN-P048,N204,interior_applied_load,,64.094,249.0,115.0,2.52990697357677e-10,-4.593239105103513,-2.9314659102535778e-09,-1.9206717975437243e-14,-3.911246100037874e-09,-1.9064654572811173e-09
strength_lateral_HX_2,TN-P049,N205,interior_applied_load,,65.406,249.0,115.0,-1.288808150279911e-10,-283.77649440982344,-1.3833337293535363e-09,-8.893940751418891e-14,-2.8047375672754632e-09,-1.1997087809779636e-09
strength_lateral_HX_2,TN-P050,N693,interior_applied_load,,66.5,249.0,229.319,-6.736851075734566e-11,-6.008749997505266,6.564603599787941e-12,1.0116946733760106e-12,-8.062416636926782e-12,-1.4634743234075887e-10
strength_lateral_HX_2,TN-P051,N541,interior_applied_load,,68.75,249.0,218.16,5.820766091346741e-11,-5.376241893260158,-5.684341886080802e-14,2.2737367544323206e-12,-1.2505552149377763e-12,1.4551915228366852e-11
strength_lateral_HX_2,TN-P052,N483,interior_applied_load,,80.25,249.0,207.0,-4.76837158203125e-07,-7.884249994531274,1.1920928955078125e-07,1.1920928955078125e-07,0.0,4.76837158203125e-07
strength_lateral_HX_2,TN-P053,N533,interior_applied_load,,80.25,249.0,209.5,0.0,-2.989171452820301,-2.384185791015625e-07,0.0,-1.1641532182693481e-10,-9.5367431640625e-07
strength_lateral_HX_2,TN-P054,N534,interior_applied_load,,80.25,249.0,227.319,-1.4437781769016667e-06,-2.9891714523708774,-1.91939433791255e-08,-7.828908521467781e-09,1.3351630697901778e-10,5.595665506508141e-07
strength_lateral_HX_2,TN-P055,N542,interior_applied_load,,80.25,249.0,229.319,2.1960401717653007e-08,-12.795596945345409,2.935068481001638e-08,-3.079057910831661e-08,-5.642490628592604e-10,-4.273268336951144e-07
strength_lateral_HX_2,TN-P056,N206,interior_applied_load,,80.6,249.0,115.0,-6.622661936529623e-11,-7.061071856630872,-3.9390345697676e-10,-5.044868250863238e-14,-4.2902429530529555e-11,-4.0382306622101016e-10
strength_lateral_HX_2,TN-P057,N207,interior_applied_load,,84.094,249.0,115.0,-3.847700376889904e-10,-279.37139321546385,4.1994535514582656e-09,-3.32398696264442e-13,2.216734710167809e-09,-1.9271868414902095e-09
strength_lateral_HX_2,TN-P058,N208,interior_applied_load,,85.448,249.0,115.0,4.381839745398706e-10,-7.06107186010077,-3.905949338168487e-09,2.8123031055914513e-13,-4.879467041650988e-09,-6.620565251534517e-09
strength_lateral_HX_2,TN-P059,N543,interior_applied_load,,92.25,249.0,218.16,2.9103830456733704e-11,-5.49786866280192,-9.094947017729282e-13,0.0,-3.183231456205249e-12,-1.8189894035458565e-11
strength_lateral_HX_2,TN-P060,N694,interior_applied_load,,94.667,249.0,229.319,2.767837551322293e-10,-6.270000052093806,-1.4855549228496179e-12,1.8744483720254165e-11,5.3449439339853145e-11,2.2572801208103097e-10
strength_lateral_HX_2,TN-P061,N209,interior_applied_load,,102.781,249.0,115.0,8.107001492294076e-11,-285.6082797414937,-1.7882401446172153e-10,-5.69929414019901e-14,-7.829857869743984e-11,-1.2263886849368057e-10
strength_lateral_HX_2,TN-P062,N484,interior_applied_load,,104.25,249.0,207.0,4.76837158203125e-07,-13.549868662841618,1.7881393432617188e-07,1.7881393432617188e-07,-7.450580596923828e-09,0.0
strength_lateral_HX_2,TN-P063,N535,interior_applied_load,,104.25,249.0,209.5,-4.76837158203125e-07,-2.989171451772563,-2.384185791015625e-07,0.0,-3.725290298461914e-09,-4.76837158203125e-07
strength_lateral_HX_2,TN-P064,N536,interior_applied_load,,104.25,249.0,227.319,3.1939114936152535e-07,-2.989171451846058,3.543489901502994e-08,8.722104816172305e-09,5.716431283564682e-10,-2.669441422353813e-07
strength_lateral_HX_2,TN-P065,N695,interior_applied_load,,104.25,249.0,229.319,-2.83864021954766e-07,-7.358541666593078,-4.1486951899987773e-08,1.080805211512145e-09,9.659868779997495e-11,-9.338731924410102e-08
strength_lateral_HX_2,TN-P066,N210,interior_applied_load,,106.802,249.0,115.0,-2.470899854605832e-10,-2.2552922145655208,4.330045650190471e-09,-4.311427019250081e-13,-4.975763228081103e-09,-4.280685298416055e-09
strength_lateral_HX_2,TN-P067,N211,interior_applied_load,,108.75,249.0,115.0,2.183915226261892e-10,-5.541799963193636,-6.828540605215114e-10,5.978143023457218e-15,-1.2593220395524396e-09,1.6850667526095861e-09
strength_lateral_HX_2,TN-P068,N544,interior_applied_load,,116.25,249.0,218.16,1.4551915228366852e-11,-5.497868662758265,-7.389644451905042e-13,1.1368683772161603e-11,4.547473508864641e-13,1.0913936421275139e-11
strength_lateral_HX_2,TN-P069,N212,interior_applied_load,,121.469,249.0,115.0,5.844318498330634e-11,-284.8722594305425,-3.089063693933081e-12,-1.1994244101017408e-13,1.6937219565065273e-10,-3.497705912417905e-10
strength_lateral_HX_2,TN-P070,N696,interior_applied_load,,122.833,249.0,229.319,1.4676822349599674e-10,-6.269999985729623,3.795182938629975e-11,-1.2130244547697208e-10,-3.330863951364737e-10,1.3109594026252544e-10
strength_lateral_HX_2,TN-P071,N213,interior_applied_load,,128.156,249.0,115.0,-7.866992889295128e-11,-5.830697853945714,3.805462429247515e-11,2.836415855240114e-13,-2.2586095046945183e-10,-1.1973395168432193e-09
strength_lateral_HX_2,TN-P072,N485,interior_applied_load,,128.25,249.0,207.0,0.0,-7.884249995462596,-2.9802322387695312e-08,0.0,0.0,0.0
strength_lateral_HX_2,TN-P073,N537,interior_applied_load,,128.25,249.0,209.5,-4.76837158203125e-07,-2.989171450957656,0.0,0.0,0.0,0.0
strength_lateral_HX_2,TN-P074,N538,interior_applied_load,,128.25,249.0,227.319,2.4906508884481315e-07,-2.989171451335603,2.092541279141713e-08,1.7537952146096103e-07,-6.823211831667899e-10,-7.900295175555794e-07
strength_lateral_HX_2,TN-P075,N545,interior_applied_load,,128.25,249.0,229.319,1.0155541501394396e-06,-12.79559694616576,-3.233080600533001e-07,2.2523434397197204e-07,-4.421698296530788e-10,-1.7744048342904576e-06
strength_lateral_HX_2,TN-P076,N214,interior_applied_load,,136.9,249.0,115.0,-3.223935547060658e-11,-4.5342000627315215,-1.4053933517493417e-10,5.108944485253996e-13,6.962794171417494e-10,-1.7979385837722037e-09
strength_lateral_HX_2,TN-P077,N546,interior_applied_load,,139.75,249.0,218.16,0.0,-5.376241893347469,-9.094947017729282e-13,1.0913936421275139e-11,0.0,-3.637978807091713e-11
strength_lateral_HX_2,TN-P078,N215,interior_applied_load,,140.156,249.0,115.0,3.353429265209355e-11,-282.30445378989623,3.4374259873641843e-10,-4.1010629106272287e-13,1.1838128150155945e-09,3.407905792802613e-10
strength_lateral_HX_2,TN-P079,N216,interior_applied_load,,149.51,249.0,115.0,-7.380697212017984e-11,-7.061071857034766,-1.2723317397835001e-11,-8.413044543282264e-14,-5.840492510957537e-11,-1.0837866067061813e-09
strength_lateral_HX_2,TN-P080,N697,interior_applied_load,,151.0,249.0,229.319,-1.9658834560232208e-09,-6.008749988711491,-1.845557511259699e-07,-1.6849910707151395e-11,-1.5276388820595344e-08,1.562269903720992e-09
strength_lateral_HX_2,TN-P081,N486,interior_applied_load,,151.25,249.0,207.0,0.0,-6.714120946824551,3.5762786865234375e-07,2.384185791015625e-07,-9.313225746154785e-10,-4.76837158203125e-07
strength_lateral_HX_2,TN-P082,N539,interior_applied_load,,151.25,249.0,209.5,4.76837158203125e-07,-2.989171450957656,1.1920928955078125e-07,-1.1920928955078125e-07,-9.313225746154785e-10,0.0
strength_lateral_HX_2,TN-P083,N540,interior_applied_load,,151.25,249.0,227.319,-2.0494569505022375e-06,-2.9891714527473665,7.654957585034872e-07,5.749022041756646e-07,-3.671418780480524e-10,1.0626934743435124e-06
strength_lateral_HX_2,TN-P084,N698,interior_applied_load,,151.25,249.0,229.319,1.140946833677603e-06,-1.1103125461052628,-1.2346296116754266e-07,4.4141544190276065e-07,7.149715069119933e-08,9.179890033833311e-07
strength_lateral_HX_2,TN-P085,N487,interior_applied_load,,152.25,249.0,207.0,-1.3874611758582573e-08,-0.16775017138387865,1.991667301427738e-08,2.0417011971739557e-09,9.660186693214018e-08,-1.2841764030423414e-07
strength_lateral_HX_2,TN-P086,N475,interior_applied_load,,155.25,249.0,120.0,1.6569833181862935e-12,-13.810985069633986,2.2636533274208776e-12,2.1974812167150366e-11,1.731000239256435e-13,-6.981434743746092e-12
strength_lateral_HX_2,TN-P087,N476,interior_applied_load,,155.25,249.0,146.657,-5.556883755265089e-12,-27.621970139242215,-2.0583201806833857e-12,1.9519524095557033e-11,2.655055920721408e-13,-1.9846198292180882e-11
strength_lateral_HX_2,TN-P088,N477,interior_applied_load,,155.25,249.0,173.314,1.7798965772027256e-12,-27.621970139254934,-9.855448200913398e-13,1.4555014112872517e-11,1.731000239256435e-13,4.1130801338080906e-11
strength_lateral_HX_2,TN-P089,N478,interior_applied_load,,155.25,249.0,199.971,-1.2175606733313255e-10,-17.452729861505468,4.722408686106889e-11,1.0099585446312307e-10,2.071666639568955e-12,2.4558853747486046e-10
strength_lateral_HX_2,TN-P090,N479,interior_applied_load,,155.25,249.0,207.0,2.0716253678246316e-08,-13.81098493844524,-6.937693713251397e-09,1.7878171338223127e-09,-4.791588699633245e-08,1.5929594508848928e-07
strength_lateral_HX_2,TN-P091,N480,interior_applied_load,,155.25,249.0,226.628,-4.76837158203125e-07,-10.169240277260542,-2.384185791015625e-07,0.0,9.313225746154785e-10,4.76837158203125e-07
strength_lateral_HX_2,TN-P092,N699,interior_applied_load,,155.25,249.0,229.319,0.0,-2.2859374806284904,2.384185791015625e-07,0.0,0.0,0.0
strength_lateral_HX_2,TN-P093,N217,interior_applied_load,,158.844,249.0,115.0,9.857395600051976e-11,-283.4112394756666,4.860607263247507e-12,-6.16550493565464e-13,-1.2457766607473782e-10,-6.750579927957033e-10
strength_lateral_HX_2,TN-P094,N522,interior_applied_load,,160.0,249.0,229.319,-2.488756935698934e-10,-10.64787934593737,-1.7823270882784564e-10,-2.6145033478427486e-11,-5.7358155774119035e-11,3.4632081710038354e-10
strength_lateral_HX_2,TN-P095,N218,interior_applied_load,,165.05,249.0,115.0,-1.3820048689583705e-11,-4.542071799321823,3.4949427000898026e-11,7.589525140548515e-13,2.7355118054919224e-12,1.006743990435526e-10
strength_lateral_HX_2,TN-P096,N219,interior_applied_load,,170.865,249.0,115.0,-3.1726507165967014e-11,-4.716040323384345,-2.2688255262576067e-11,1.6810384970835892e-13,-7.134845314225595e-11,-7.448488156043813e-11
strength_lateral_HX_2,TN-P097,N523,interior_applied_load,,172.85,249.0,206.455,4.643553731985241e-12,-8.799300402805557,-1.1157397861113198e-13,2.162401488627217e-12,-1.1541651702984976e-12,-1.8738360186662103e-12
strength_lateral_HX_2,TN-P098,N220,interior_applied_load,,177.531,249.0,115.0,-1.0716456598023419e-11,-280.99142510242666,-3.4955256973196553e-10,-1.8350465521604612e-12,3.158456705823351e-10,2.002325849764618e-09
strength_lateral_HX_2,TN-P099,N700,interior_applied_load,,179.167,249.0,229.319,-6.095340012779333e-10,-5.225000030786803,-2.9188086129881846e-09,-1.8021918067307055e-12,1.3787142456491381e-09,-3.737893740513773e-10
strength_lateral_HX_2,TN-P100,N221,interior_applied_load,,180.0,249.0,115.0,-1.1097629482037519e-09,-5.549671904234639,2.3287771711011374e-08,-2.34343620064692e-08,2.70201186849535e-09,3.883549934968755e-07
strength_lateral_HX_2,TN-P101,N498,interior_applied_load,,180.0,249.0,117.5,-7.116524258776735e-08,-4.605542854150693,1.1831232882286713e-08,-6.205027602845803e-09,-1.8349055608268827e-10,-1.0948653539344377e-07
strength_lateral_HX_2,TN-P102,N499,interior_applied_load,,180.0,249.0,144.955,-7.389644451905042e-13,-9.211085725870362,-5.684341886080802e-14,6.221689829999377e-13,0.0,-3.637978807091713e-12
strength_lateral_HX_2,TN-P103,N500,interior_applied_load,,180.0,249.0,172.41,2.5579538487363607e-13,-9.211085725888552,-4.263256414560601e-14,0.0,2.366924197929599e-14,-2.637534635141492e-11
strength_lateral_HX_2,TN-P104,N501,interior_applied_load,,180.0,249.0,199.864,-4.869623893054353e-13,-9.211085725879647,1.8637624862813985e-15,4.542598356237621e-12,7.798419614875946e-15,9.156129391270878e-12
strength_lateral_HX_2,TN-P105,N502,interior_applied_load,,180.0,249.0,227.319,-1.691778783730058e-07,-4.60554286900445,-1.8256090128510039e-07,3.464375466499803e-07,-6.248451362303672e-11,-2.1298395074254017e-06
strength_lateral_HX_2,TN-P106,N701,interior_applied_load,,180.0,249.0,229.319,-1.1389592478938602e-06,-7.358541673507203,6.820881268769275e-07,-1.0490109505431065e-06,5.865112190291347e-09,-1.0722625603133639e-06
strength_lateral_HX_2,TN-P107,N524,interior_applied_load,,185.7,249.0,183.592,-4.378952030070436e-12,-8.799300402797392,1.993026156052528e-13,1.0883624499143489e-11,3.983511897193726e-12,2.1191825191721273e-11
strength_lateral_HX_2,TN-P108,N222,interior_applied_load,,192.219,249.0,115.0,-3.31178064221638e-10,-4.987620013488391,-7.12445074152684e-11,-1.8903289285612463e-12,2.929883729299498e-11,2.6459308532010386e-10
strength_lateral_HX_2,TN-P109,N223,interior_applied_load,,193.2,249.0,115.0,-1.979137838352813e-12,-1.511399948446861,-2.124487265186977e-11,-7.449840652228878e-13,-1.7078784667213873e-11,-2.769982056347406e-10
strength_lateral_HX_2,TN-P110,N224,interior_applied_load,,196.219,249.0,115.0,3.4619991560878713e-11,-318.7273288730182,-1.3965925271875402e-12,1.029360901570304e-12,-1.1282558768712712e-11,-5.603446980146689e-12
strength_lateral_HX_2,TN-P111,N525,interior_applied_load,,198.55,249.0,160.728,6.043795412151273e-12,-8.799300402798815,3.8772075931787675e-13,-4.015177294357337e-12,-9.979101708840527e-13,-1.0868487802441176e-11
strength_lateral_HX_2,TN-P112,N702,interior_applied_load,,207.333,249.0,229.319,1.3725270246763453e-10,-11.56031249881429,2.0837161832556817e-11,-8.217346048327218e-13,-1.1481841712519688e-11,1.7910556294027107e-10
strength_lateral_HX_2,TN-P113,N526,interior_applied_load,,211.4,249.0,137.864,-3.637978807091713e-12,-8.79930040283216,9.947598300641403e-14,-2.2737367544323206e-13,1.1368683772161603e-12,-3.637978807091713e-12
strength_lateral_HX_2,TN-P114,N225,interior_applied_load,,213.573,249.0,115.0,-4.317704126904492e-10,-7.061071856644456,-3.4329222565503445e-10,3.4554749214169715e-12,2.4473401729317135e-10,3.609532634402675e-11
strength_lateral_HX_2,TN-P115,N226,interior_applied_load,,214.906,249.0,115.0,5.419238704108736e-10,-313.96799319363095,1.9134966489453961e-10,1.2212052134368837e-12,-1.0154115263548121e-10,4.3586171726859536e-13
strength_lateral_HX_2,TN-P116,N227,interior_applied_load,,221.35,249.0,115.0,-4.2275229729118214e-10,-3.5305359817008353,1.7507120186210062e-10,-7.39571464951581e-12,-4.651118021096521e-10,4.3183451100848033e-10
strength_lateral_HX_2,TN-P117,N228,interface_action,N2; T-E,224.25,249.0,115.0,-426.59967851638794,2914.199382664636,-228.45798528194427,-343.90706419944763,-4149.570295082405,-277.78429532051086
strength_lateral_HX_2,TN-P118,N503,interface_action,T-E,224.25,249.0,117.5,671.4564049243927,-848.193496145308,144.47466659545898,-867.2378263473511,-1618.1574142202735,4833.945053577423
strength_lateral_HX_2,TN-P119,N186,interface_action,T-E,224.25,249.0,120.0,0.6755805729189888,655.8624647248798,-3.7421699828119017,-231.5244459688547,123.34078378557024,106.33540018508211
strength_lateral_HX_2,TN-P120,N504,interior_applied_load,,224.25,249.0,144.955,0.0,-9.211085725883095,0.0,-9.094947017729282e-13,4.547473508864641e-13,5.4569682106375694e-12
strength_lateral_HX_2,TN-P121,N505,interior_applied_load,,224.25,249.0,172.41,1.8156481495319986e-13,-9.211085725885054,-7.836920880456322e-16,-1.083255439677863e-14,1.237021911720969e-13,-4.8675321774781414e-12
strength_lateral_HX_2,TN-P122,N506,interior_applied_load,,224.25,249.0,199.864,-1.3409856135685172e-13,-9.211085725881972,2.9140979648812804e-14,1.4759554824613512e-13,1.432869020626719e-13,7.280192642366963e-12
strength_lateral_HX_2,TN-P123,N507,interior_applied_load,,224.25,249.0,227.319,-3.116557822924193e-07,-4.605542861499966,8.522100324037662e-07,1.5711632533887965e-07,-3.1666191489509014e-09,4.5612320809240714e-07
strength_lateral_HX_2,TN-P124,N527,interface_action,N2; T-E top / segment 4,224.25,249.0,229.319,4220.1621882676245,-257.77826797563097,-53.03317988119782,-377.70815515528597,-6215.319604859843,-13039.171383117957
strength_lateral_HX_2,TN-P125,N528,interior_applied_load,,230.312,249.0,200.739,1.05058904316128e-12,-9.801877704276409,-1.2265248590504872e-13,-7.475587496871188e-12,1.3274641710527281e-12,4.4094091504834004e-12
strength_lateral_HX_2,TN-P126,N703,interior_applied_load,,235.5,249.0,229.319,6.44892094738629e-11,-6.424304463054299,-3.695660198376322e-11,4.445606235552454e-11,-1.7820765193152543e-10,5.936365108408768e-10
strength_lateral_HX_2,TN-P127,N529,interior_applied_load,,236.375,249.0,172.16,1.3805629579023088e-13,-9.801877704242488,3.662081662453791e-14,-5.806940743491806e-12,-3.5380098499191955e-14,-8.181130067099341e-12
strength_lateral_HX_2,TN-P128,N530,interior_applied_load,,242.438,249.0,143.58,0.0,-9.801877704274375,-1.1937117960769683e-12,9.094947017729282e-13,6.821210263296962e-13,-3.637978807091713e-12
strength_lateral_HX_2,TN-P129,N229,interior_applied_load,,248.5,249.0,115.0,4.76837158203125e-07,-14.441651344299316,-4.76837158203125e-07,-2.384185791015625e-07,5.587935447692871e-09,-4.76837158203125e-07
strength_lateral_HX_2,TN-P130,N508,interior_applied_load,,248.5,249.0,117.5,-2.384185791015625e-07,-4.470258504152298,2.384185791015625e-07,-4.76837158203125e-07,-1.862645149230957e-09,-7.152557373046875e-07
strength_lateral_HX_2,TN-P131,N509,interior_applied_load,,248.5,249.0,144.148,-4.549041932578145e-14,-8.940516968509067,-2.971840601468963e-13,1.206777172516098e-11,7.667731115474906e-14,-1.143220455276599e-11
strength_lateral_HX_2,TN-P132,N510,interior_applied_load,,248.5,249.0,170.797,-5.2541955787176054e-14,-8.940516968508438,-7.223850682008456e-14,-2.9985983219106094e-11,6.697398020623483e-14,-4.592649117056524e-12
strength_lateral_HX_2,TN-P133,N511,interior_applied_load,,248.5,249.0,197.445,1.6135812696100374e-12,-8.94051696849822,-6.314776567337117e-13,1.0454795740486185e-11,-6.633918857530633e-14,-3.522277124401404e-11
strength_lateral_HX_2,TN-P134,N512,interior_applied_load,,248.5,249.0,224.093,-1.349103667663767e-07,-4.470258479798324,-3.289124732872807e-07,1.6268348316561125e-07,1.9463550887872537e-10,2.630568031263608e-07
strength_lateral_HX_2,TN-P135,N704,interior_applied_load,,248.5,249.0,226.324,2.9500582726402265e-07,-3.7533375125819743,3.607012232648282e-08,-5.167038962549246e-07,-1.8523122041096722e-09,-7.348957399843677e-07
strength_lateral_HX_2,TN-P136,N230,interior_applied_load,,249.5,249.0,115.0,1.9430812514542595e-10,-0.3778500178293772,-6.825914306007874e-09,4.456266952668209e-12,-2.416328637178111e-09,3.3364929291623824e-09
strength_lateral_HX_2,TN-P137,N705,interior_applied_load,,249.5,249.0,226.093,-7.078936855314628e-10,-0.2680955372309387,-6.267799938787503e-09,-6.728483828263154e-10,-1.0106927311220572e-09,2.047433889201409e-09
strength_lateral_HX_-2,TN-P001,N148,interface_action,BR-N-upper-1; T-W / B-WO; W4,-32.0,249.0,115.0,748.1652425095049,1541.928328539541,-213.31300450408997,-1807.3916010404798,6343.531134274599,-538.5268174790502
strength_lateral_HX_-2,TN-P002,N628,interface_action,BR-N-upper-2; T-W top / segment 2; W4,-32.0,249.0,226.093,730.7700635386645,-605.6600200907111,-12.206432072745514,-2550.4829561654715,6462.463566405716,406.0634445527758
strength_lateral_HX_-2,TN-P003,N189,interior_applied_load,,-31.0,249.0,115.0,-1.7797174223233014e-07,-9.001740381590935,1.2887960565421963e-07,1.063235686160624e-07,6.5710281660358305e-09,7.13671397534199e-08
strength_lateral_HX_-2,TN-P004,N488,interior_applied_load,,-31.0,249.0,117.5,-4.757947418820988e-08,-4.470258486168634,-1.0662804374187817e-07,7.945439083820471e-08,-5.832848877276206e-10,2.238461012431451e-07
strength_lateral_HX_-2,TN-P005,N489,interior_applied_load,,-31.0,249.0,144.148,-4.087508177944845e-14,-8.940516968503,1.2126502561350798e-13,-2.0883103893154727e-12,-7.332488365683762e-14,-2.5959307283527184e-12
strength_lateral_HX_-2,TN-P006,N490,interior_applied_load,,-31.0,249.0,170.797,-3.205289919972688e-13,-8.940516968505328,2.1529195818284286e-13,-9.151458977381742e-13,-9.146519683647705e-14,3.387204687923466e-13
strength_lateral_HX_-2,TN-P007,N491,interior_applied_load,,-31.0,249.0,197.445,-2.307280925263678e-13,-8.940516968502234,8.965706646713388e-13,1.1727863228522795e-11,1.1853187558921288e-14,8.192092320070118e-12
strength_lateral_HX_-2,TN-P008,N492,interior_applied_load,,-31.0,249.0,224.093,4.76837158203125e-07,-4.470258481800556,-1.9073486328125e-06,-1.9073486328125e-06,0.0,-4.76837158203125e-07
strength_lateral_HX_-2,TN-P009,N686,interior_applied_load,,-31.0,249.0,226.324,-9.5367431640625e-07,-3.7533375285565853,0.0,0.0,-8.195638656616211e-08,-9.5367431640625e-07
strength_lateral_HX_-2,TN-P010,N513,interior_applied_load,,-23.25,249.0,143.58,-3.637978807091713e-12,-9.93480888940394,-3.126388037344441e-13,-1.659827830735594e-11,4.092726157978177e-12,-3.2741809263825417e-11
strength_lateral_HX_-2,TN-P011,N190,interior_applied_load,,-21.323,249.0,115.0,-3.839186247358102e-11,-10.25862748601831,-1.2035127871689165e-12,1.207525470829954e-13,2.836160261294498e-12,5.021170027515894e-13
strength_lateral_HX_-2,TN-P012,N687,interior_applied_load,,-18.0,249.0,229.319,-1.242689884718469e-10,-8.187741967339964,-2.6475952987292643e-11,2.2952125278228982e-11,1.3630743641288644e-10,4.764270811608515e-10
strength_lateral_HX_-2,TN-P013,N514,interior_applied_load,,-15.5,249.0,172.16,-1.248557350405455e-12,-9.934808889395411,9.35180116022104e-13,-1.3754070300319261e-11,1.839336559971884e-12,-7.918782904986649e-12
strength_lateral_HX_-2,TN-P014,N515,interior_applied_load,,-7.75,249.0,200.739,-3.5510380306881526e-12,-9.934808889412269,1.315079406360923e-13,2.3860823089520344e-11,-5.211685359606998e-12,-2.539150321265754e-11
strength_lateral_HX_-2,TN-P015,N191,interior_applied_load,,-3.85,249.0,115.0,8.080117928171808e-11,-8.05686409230548,-5.0751017737846405e-12,-7.266343721451447e-13,2.6651290837287672e-11,-1.7764029206756996e-10
strength_lateral_HX_-2,TN-P016,N192,interior_applied_load,,0.0,249.0,115.0,-1.9439281118138751e-07,-1.4665165408361978,5.246486802690242e-05,1.9032423637099782e-08,5.193686423605512e-07,-1.8540386292897892e-07
strength_lateral_HX_-2,TN-P017,N493,interior_applied_load,,0.0,249.0,117.5,6.668962934934765e-08,-4.6055428625281145,-2.878052364556856e-08,-3.5261260109462337e-09,-4.9608612438575746e-11,-9.219793163871749e-08
strength_lateral_HX_-2,TN-P018,N494,interior_applied_load,,0.0,249.0,144.955,4.2747292173302974e-13,-9.211085725882786,-9.743025331747829e-14,1.1336367639803614e-12,1.4003413712708642e-13,-5.609423718247792e-12
strength_lateral_HX_-2,TN-P019,N495,interior_applied_load,,0.0,249.0,172.41,-1.6589159523635422e-13,-9.211085725883605,-4.838261634556071e-14,-1.9506635206807796e-12,-1.2180588266169055e-13,-8.017798933546055e-12
strength_lateral_HX_-2,TN-P020,N496,interior_applied_load,,0.0,249.0,199.864,3.5749852415862125e-13,-9.211085725883828,1.28555151426256e-13,-5.32023573276669e-12,1.0776414759696233e-13,-1.5291455097443478e-12
strength_lateral_HX_-2,TN-P021,N497,interior_applied_load,,0.0,249.0,227.319,0.0,-4.605542862787843,9.5367431640625e-07,0.0,3.725290298461914e-09,9.5367431640625e-07
strength_lateral_HX_-2,TN-P022,N516,interior_applied_load,,-0.0,249.0,229.319,9.5367431640625e-07,-12.325946111464873,9.5367431640625e-07,0.0,0.0,2.86102294921875e-06
strength_lateral_HX_-2,TN-P023,N193,interior_applied_load,,0.031,249.0,115.0,1.8427748645056072e-08,-0.3778641062303837,9.006375847635275e-06,2.797276966384228e-10,-1.1026081113335854e-06,4.971401398573775e-07
strength_lateral_HX_-2,TN-P024,N194,interior_applied_load,,1.0,249.0,115.0,-6.803020369261503e-10,-7.678506058156927,-2.095930540235713e-09,1.7848833522293717e-11,-4.02678779209964e-10,-8.003553375601768e-11
strength_lateral_HX_-2,TN-P025,N195,interior_applied_load,,9.344,249.0,115.0,8.981260361996355e-11,-285.2422374937985,-8.877314175668027e-12,-2.5904326109960916e-13,-2.0541584060229047e-11,-2.1372671001415368e-11
strength_lateral_HX_-2,TN-P026,N688,interior_applied_load,,10.167,249.0,229.319,-6.505781814398487e-11,-10.014583343914396,-2.8274121630131953e-12,1.0295742223320283e-12,-8.71094938136767e-12,-6.013427226321508e-13
strength_lateral_HX_-2,TN-P027,N517,interior_applied_load,,10.6,249.0,137.864,-1.8189894035458565e-12,-8.319555897891405,-1.7053025658242404e-13,6.821210263296962e-13,-5.115907697472721e-13,-2.7284841053187847e-12
strength_lateral_HX_-2,TN-P028,N518,interior_applied_load,,20.2,249.0,160.728,3.0885189964636588e-12,-8.319555897885873,-2.7450453118717533e-14,3.651785102734489e-13,2.9586454966026617e-15,-2.5030373557660893e-12
strength_lateral_HX_-2,TN-P029,N196,interior_applied_load,,21.385,249.0,115.0,-1.912968325799583e-10,-5.651219102735201,2.4949399865005305e-11,6.176382493382542e-14,-3.787354466700436e-11,-3.2829203032151764e-11
strength_lateral_HX_-2,TN-P030,N197,interior_applied_load,,24.3,249.0,115.0,-7.406221232732308e-11,-2.511128213499199,-1.8825036411405849e-10,2.2828122329884613e-13,-2.8945868721895846e-10,5.361444125525102e-12
strength_lateral_HX_-2,TN-P031,N198,interior_applied_load,,28.031,249.0,115.0,2.7200800092586407e-11,-284.50700449495884,-6.205159873632143e-11,4.668274945667952e-14,1.6824089061801958e-10,-6.489704067045424e-11
strength_lateral_HX_-2,TN-P032,N519,interior_applied_load,,29.8,249.0,183.592,1.4895351920458799e-12,-8.319555897900033,-5.1009833405766914e-14,-6.483515984563929e-13,1.428673498278777e-13,-1.3592618583398788e-11
strength_lateral_HX_-2,TN-P033,N689,interior_applied_load,,38.333,249.0,229.319,-7.076855795199955e-11,-10.145208349141528,7.853080565325334e-13,3.072919145329485e-13,-1.3180776625885857e-12,-5.038809614829069e-12
strength_lateral_HX_-2,TN-P034,N520,interior_applied_load,,39.4,249.0,206.455,-2.7138258437281094e-12,-8.319555897890154,6.950178748312691e-14,-5.733237498002098e-13,3.8288706646965927e-13,9.440913566124604e-12
strength_lateral_HX_-2,TN-P035,N199,interior_applied_load,,42.74,249.0,115.0,-9.085677903052272e-11,-7.061071857056249,-1.0136973174072218e-11,3.458528109898063e-13,-7.17320132586757e-11,-3.406485393651895e-11
strength_lateral_HX_-2,TN-P036,N200,interior_applied_load,,46.719,249.0,115.0,-2.4509865842300926e-11,-280.3774188031083,-1.6448401434322442e-10,1.9072259158991669e-13,-3.0713378280482805e-10,-1.3283592808736685e-10
strength_lateral_HX_-2,TN-P037,N521,interior_applied_load,,49.0,249.0,229.319,-1.5843326650610834e-10,-7.273007101510732,-3.085411370840063e-10,-1.5313673575995572e-11,-1.0912247494498928e-10,8.717229993404629e-10
strength_lateral_HX_-2,TN-P038,N201,interface_action,BR-N-upper-2,50.25,249.0,115.0,-3881.2811088828375,5196.861331288146,-15.567350533530005,98.45930456664242,1652.865986418975,570.5885243178756
strength_lateral_HX_-2,TN-P039,N690,interface_action,BR-N-upper-1,50.25,249.0,229.319,2781.580558435429,3755.3520734048006,-6.8357410153670255,167.14760800061592,-137.93661618875433,3431.0716013467254
strength_lateral_HX_-2,TN-P040,N202,interior_applied_load,,52.45,249.0,115.0,-2.3436326753461463e-09,-1.1335499325534344,4.5431108584085683e-10,8.601453979580451e-11,1.3314044166549736e-09,1.910932389422985e-11
strength_lateral_HX_-2,TN-P041,N203,interface_action,N1 / U-W,53.25,249.0,115.0,2985.6202166483845,-3615.853828126604,126.60569297390211,-785.9512483311838,11361.770033628067,38627.11081200864
strength_lateral_HX_-2,TN-P042,N691,interface_action,N1 / U-W,53.25,249.0,229.319,-1603.6781013471114,-4285.984671722241,73.7060753168785,178.90227141479477,1581.147805631598,3338.5738234863447
strength_lateral_HX_-2,TN-P043,N481,interface_action,N1 / U-W,56.25,249.0,207.0,2431.388193116341,750.056350679956,-70.86179022122452,-935.7709804000673,2352.6855628510953,2560.2408968329833
strength_lateral_HX_-2,TN-P044,N482,interior_applied_load,,57.25,249.0,207.0,-4.76837158203125e-07,-6.714120948687196,-1.1920928955078125e-07,-4.76837158203125e-07,-1.862645149230957e-09,4.76837158203125e-07
strength_lateral_HX_-2,TN-P045,N531,interior_applied_load,,57.25,249.0,209.5,4.76837158203125e-07,-2.9891714490950108,-1.1920928955078125e-07,-2.384185791015625e-07,0.0,0.0
strength_lateral_HX_-2,TN-P046,N532,interior_applied_load,,57.25,249.0,227.319,-2.3735926921175654e-07,-2.989171452544827,1.212603870093254e-07,-5.8237246469694526e-08,-7.165235451557485e-10,2.637894045975919e-07
strength_lateral_HX_-2,TN-P047,N692,interior_applied_load,,57.25,249.0,229.319,5.828971800866018e-07,-3.4615624817325266,-2.892220652899386e-07,1.7200252720979345e-07,8.270164682756795e-10,1.102642892772692e-06
strength_lateral_HX_-2,TN-P048,N204,interior_applied_load,,64.094,249.0,115.0,-2.6701855093720383e-10,-4.5932391054435655,2.736740026320004e-09,2.8033970451503247e-12,3.2699893094034624e-09,-1.4211635400807563e-10
strength_lateral_HX_-2,TN-P049,N205,interior_applied_load,,65.406,249.0,115.0,-2.0574096248130326e-10,-283.7764944114034,-3.4304141183231346e-09,-1.8048969572019881e-12,-1.8923962079474358e-09,2.2923630727535327e-10
strength_lateral_HX_-2,TN-P050,N693,interior_applied_load,,66.5,249.0,229.319,3.080750469446065e-11,-6.008749997527463,8.074026825286765e-12,-1.3392454235943578e-13,5.265444540706539e-12,3.9124932120217874e-11
strength_lateral_HX_-2,TN-P051,N541,interior_applied_load,,68.75,249.0,218.16,2.9103830456733704e-11,-5.376241893303813,-6.821210263296962e-13,-3.637978807091713e-12,-1.8189894035458565e-12,-2.1827872842550278e-11
strength_lateral_HX_-2,TN-P052,N483,interior_applied_load,,80.25,249.0,207.0,0.0,-7.884249994531274,-2.384185791015625e-07,-2.384185791015625e-07,-2.3283064365386963e-10,-4.76837158203125e-07
strength_lateral_HX_-2,TN-P053,N533,interior_applied_load,,80.25,249.0,209.5,4.76837158203125e-07,-2.9891714518889785,7.152557373046875e-07,0.0,0.0,4.76837158203125e-07
strength_lateral_HX_-2,TN-P054,N534,interior_applied_load,,80.25,249.0,227.319,7.219945820646778e-07,-2.989171451959144,1.2094696610898126e-07,2.1026665963930213e-08,-1.1945964097673235e-10,-1.7088886317129237e-07
strength_lateral_HX_-2,TN-P055,N542,interior_applied_load,,80.25,249.0,229.319,-7.984396562216834e-07,-12.79559694471132,9.913976471318364e-08,-6.012417922042847e-08,3.6104541616929347e-10,2.621888591189129e-07
strength_lateral_HX_-2,TN-P056,N206,interior_applied_load,,80.6,249.0,115.0,4.222356508543259e-11,-7.061071856784299,2.022263530113686e-10,3.740595917376906e-14,3.5976805538414263e-10,-8.026274858249082e-11
strength_lateral_HX_-2,TN-P057,N207,interior_applied_load,,84.094,249.0,115.0,1.461141532463734e-10,-279.37139321782365,-5.865207239314956e-09,3.291007975843058e-13,1.0471373967670673e-09,2.643398020109317e-09
strength_lateral_HX_-2,TN-P058,N208,interior_applied_load,,85.448,249.0,115.0,-1.1029214992082737e-11,-7.0610718613291485,4.41296905352305e-09,-9.946827003479305e-13,1.4685301233361917e-09,-2.5725337043691324e-09
strength_lateral_HX_-2,TN-P059,N543,interior_applied_load,,92.25,249.0,218.16,-1.4551915228366852e-11,-5.497868662743713,3.183231456205249e-12,-9.094947017729282e-12,2.000888343900442e-11,5.093170329928398e-11
strength_lateral_HX_-2,TN-P060,N694,interior_applied_load,,94.667,249.0,229.319,-1.723917239539748e-10,-6.2700000521501575,1.6739975872979377e-11,3.641371502831926e-11,2.022573810669173e-10,-1.8345524103108407e-10
strength_lateral_HX_-2,TN-P061,N209,interior_applied_load,,102.781,249.0,115.0,-3.6843195220287776e-11,-285.6082797408879,-8.087613489284561e-11,1.5345969627620844e-13,4.1561529605628166e-10,5.16657442371416e-10
strength_lateral_HX_-2,TN-P062,N484,interior_applied_load,,104.25,249.0,207.0,0.0,-13.549868661910295,-4.76837158203125e-07,2.384185791015625e-07,-1.0011717677116394e-08,0.0
strength_lateral_HX_-2,TN-P063,N535,interior_applied_load,,104.25,249.0,209.5,0.0,-2.989171452820301,4.76837158203125e-07,2.384185791015625e-07,3.026798367500305e-09,4.76837158203125e-07
strength_lateral_HX_-2,TN-P064,N536,interior_applied_load,,104.25,249.0,227.319,-9.288495853021494e-08,-2.989171452852959,3.600738174291962e-08,-2.442159803273114e-07,-2.3206533499781584e-10,1.0041797210424974e-07
strength_lateral_HX_-2,TN-P065,N695,interior_applied_load,,104.25,249.0,229.319,3.735323714426648e-07,-7.358541667182526,6.059913600237196e-08,-2.505093658671624e-07,7.451445286770271e-11,2.1087344127419438e-07
strength_lateral_HX_-2,TN-P066,N210,interior_applied_load,,106.802,249.0,115.0,-2.691317213392731e-10,-2.255292219179491,-3.2076416568819915e-10,-1.6229068852720696e-12,-8.383362008744473e-10,-5.71327671397154e-09
strength_lateral_HX_-2,TN-P067,N211,interior_applied_load,,108.75,249.0,115.0,-1.9983339665084516e-11,-5.54179995438236,-2.496070563589651e-09,1.2763475801913865e-12,-1.1855432268211676e-09,-4.17280244591334e-09
strength_lateral_HX_-2,TN-P068,N544,interior_applied_load,,116.25,249.0,218.16,-2.9103830456733704e-11,-5.49786866280192,4.547473508864641e-13,-7.275957614183426e-12,1.6370904631912708e-11,-3.637978807091713e-12
strength_lateral_HX_-2,TN-P069,N212,interior_applied_load,,121.469,249.0,115.0,4.079492153513408e-11,-284.8722594304509,2.5619172593105868e-11,3.07664284168329e-13,-2.2069166041647736e-10,2.6694927297632287e-10
strength_lateral_HX_-2,TN-P070,N696,interior_applied_load,,122.833,249.0,229.319,2.761191497254657e-11,-6.2699999859052955,4.16410523175529e-11,1.2155662276144205e-11,-6.62107559900065e-11,7.058811153820006e-10
strength_lateral_HX_-2,TN-P071,N213,interior_applied_load,,128.156,249.0,115.0,1.0040259035318983e-11,-5.8306978542142405,-1.4217860821387747e-11,1.2140268278296005e-13,-3.21064431479685e-11,-2.1627800024162223e-10
strength_lateral_HX_-2,TN-P072,N485,interior_applied_load,,128.25,249.0,207.0,-4.76837158203125e-07,-7.884249985218048,-1.1920928955078125e-07,0.0,4.656612873077393e-10,9.5367431640625e-07
strength_lateral_HX_-2,TN-P073,N537,interior_applied_load,,128.25,249.0,209.5,4.76837158203125e-07,-2.989171452820301,2.384185791015625e-07,0.0,-4.656612873077393e-10,9.5367431640625e-07
strength_lateral_HX_-2,TN-P074,N538,interior_applied_load,,128.25,249.0,227.319,-5.069678305769099e-07,-2.9891714611673343,1.2192646386965933e-07,-1.7700248478025316e-07,3.717879724701779e-10,8.806291738605587e-07
strength_lateral_HX_-2,TN-P075,N545,interior_applied_load,,128.25,249.0,229.319,-1.061437353482479e-06,-12.795596944416468,-5.952110690684447e-08,-2.0591879157735948e-07,-3.016274114107457e-10,3.2973373789049763e-07
strength_lateral_HX_-2,TN-P076,N214,interior_applied_load,,136.9,249.0,115.0,-1.3385932988857663e-10,-4.5342000619512985,-9.900241987248493e-11,1.420571577533883e-12,5.289966086355157e-12,-8.540711973583293e-10
strength_lateral_HX_-2,TN-P077,N546,interior_applied_load,,139.75,249.0,218.16,2.9103830456733704e-11,-5.376241893362021,-4.547473508864641e-13,3.637978807091713e-12,-4.547473508864641e-12,3.637978807091713e-11
strength_lateral_HX_-2,TN-P078,N215,interior_applied_load,,140.156,249.0,115.0,3.228470612843735e-11,-282.3044537886212,-2.2693212460307714e-10,6.975252815595324e-13,-6.556080930468127e-10,-9.850051655465624e-10
strength_lateral_HX_-2,TN-P079,N216,interior_applied_load,,149.51,249.0,115.0,2.572499507539079e-11,-7.061071856930823,-6.836769749090926e-12,-8.822202085512695e-13,2.410642073835758e-10,-6.588831115224677e-10
strength_lateral_HX_-2,TN-P080,N697,interior_applied_load,,151.0,249.0,229.319,3.294367445505486e-09,-6.0087495545735266,-4.0977221615889903e-10,-9.630402544802102e-13,3.6430226613148875e-09,4.026519087596547e-08
strength_lateral_HX_-2,TN-P081,N486,interior_applied_load,,151.25,249.0,207.0,4.76837158203125e-07,-6.714120946824551,0.0,-1.1920928955078125e-07,4.656612873077393e-10,0.0
strength_lateral_HX_-2,TN-P082,N539,interior_applied_load,,151.25,249.0,209.5,4.76837158203125e-07,-2.989171452820301,2.384185791015625e-07,0.0,9.313225746154785e-10,4.76837158203125e-07
strength_lateral_HX_-2,TN-P083,N540,interior_applied_load,,151.25,249.0,227.319,1.2879138732435624e-06,-2.989171435111354,5.556664081640683e-08,-8.3406625772664e-08,-4.6387377533419496e-10,-3.544532951038626e-07
strength_lateral_HX_-2,TN-P084,N698,interior_applied_load,,151.25,249.0,229.319,6.409905621840295e-07,-1.1103126046070153,-4.107250075474373e-08,-3.9907230482654225e-08,8.325747526734956e-09,1.4272067715738468e-06
strength_lateral_HX_-2,TN-P085,N487,interior_applied_load,,152.25,249.0,207.0,-2.7906066049256706e-09,-0.16774986048814738,-4.3831136439589785e-09,-3.8521413236281753e-10,-5.2514078181006866e-08,1.8236701968052697e-07
strength_lateral_HX_-2,TN-P086,N475,interior_applied_load,,155.25,249.0,120.0,-1.508286569242765e-13,-13.810985069619365,-2.2729113067364008e-13,1.177279919936065e-11,1.436600001095769e-13,4.294848951031253e-12
strength_lateral_HX_-2,TN-P087,N476,interior_applied_load,,155.25,249.0,146.657,5.989753933520198e-13,-27.62197013923639,6.472895514476635e-13,-1.7578261302856833e-11,-1.670105155072445e-13,2.7844693185868258e-11
strength_lateral_HX_-2,TN-P088,N477,interior_applied_load,,155.25,249.0,173.314,-5.7871709985681314e-12,-27.621970139223027,2.7257992268036963e-12,-1.1393429140733762e-11,1.436600001095769e-13,6.558183871852665e-11
strength_lateral_HX_-2,TN-P089,N478,interior_applied_load,,155.25,249.0,199.971,2.1412684556777434e-10,-17.45272986155233,1.2852005857554514e-11,7.37265241002548e-11,-1.8917858567383857e-12,-5.821755665944634e-10
strength_lateral_HX_-2,TN-P090,N479,interior_applied_load,,155.25,249.0,207.0,-1.2461770534137685e-08,-13.810985203959596,-8.146127469343263e-08,1.7347212801897123e-09,-7.40106940965088e-08,-8.182917823343193e-08
strength_lateral_HX_-2,TN-P091,N480,interior_applied_load,,155.25,249.0,226.628,-4.76837158203125e-07,-10.169240280985832,-2.9802322387695312e-08,0.0,0.0,0.0
strength_lateral_HX_-2,TN-P092,N699,interior_applied_load,,155.25,249.0,229.319,4.76837158203125e-07,-2.28593747317791,0.0,0.0,4.656612873077393e-10,0.0
strength_lateral_HX_-2,TN-P093,N217,interior_applied_load,,158.844,249.0,115.0,-1.748169563530495e-10,-283.4112394758619,3.7815962382939284e-12,-4.165086224310652e-13,1.9344186452922467e-10,-2.389070498466182e-10
strength_lateral_HX_-2,TN-P094,N522,interior_applied_load,,160.0,249.0,229.319,4.645632217162391e-10,-10.647879346155904,4.175184899694548e-11,-7.657332072991794e-12,5.965468473755824e-11,1.2240343734081003e-09
strength_lateral_HX_-2,TN-P095,N218,interior_applied_load,,165.05,249.0,115.0,6.964325650531796e-11,-4.542071799584884,3.5013652090596057e-12,2.0500819848064524e-14,-8.918349575322765e-11,-1.0822278920074679e-09
strength_lateral_HX_-2,TN-P096,N219,interior_applied_load,,170.865,249.0,115.0,5.223060956501078e-12,-4.716040323241573,-5.586420620184894e-12,9.63820030038661e-13,-1.3439351223168602e-10,-8.48042650566769e-10
strength_lateral_HX_-2,TN-P097,N523,interior_applied_load,,172.85,249.0,206.455,5.07323847907058e-12,-8.799300402812309,-3.7180087650845395e-14,-2.0455656999537388e-13,-1.3505261421959002e-12,2.8200462191700833e-12
strength_lateral_HX_-2,TN-P098,N220,interior_applied_load,,177.531,249.0,115.0,5.1039489540667086e-11,-280.99142510151273,-1.3591535521544043e-10,-1.491592683450669e-12,-2.6849591732571332e-11,1.938533092421336e-09
strength_lateral_HX_-2,TN-P099,N700,interior_applied_load,,179.167,249.0,229.319,-7.11243697029221e-10,-5.225000031646393,-3.517584630107284e-10,1.047113924091419e-14,9.30540342155626e-11,-9.21013725141926e-09
strength_lateral_HX_-2,TN-P100,N221,interior_applied_load,,180.0,249.0,115.0,1.4628492195356557e-08,-5.549671880219904,4.8877071279207485e-09,-2.7566096072462187e-09,-4.743707769009629e-10,1.8400821222286368e-07
strength_lateral_HX_-2,TN-P101,N498,interior_applied_load,,180.0,249.0,117.5,2.5208936449416797e-07,-4.605542848118645,9.144081047907093e-10,9.210509688273305e-09,2.063416104647331e-11,7.385506251011975e-08
strength_lateral_HX_-2,TN-P102,N499,interior_applied_load,,180.0,249.0,144.955,0.0,-9.211085725881276,2.842170943040401e-14,-2.8421709430404007e-13,0.0,1.8189894035458565e-12
strength_lateral_HX_-2,TN-P103,N500,interior_applied_load,,180.0,249.0,172.41,-4.547473508864641e-13,-9.211085725881276,0.0,0.0,-8.648667425179714e-16,5.4569682106375694e-12
strength_lateral_HX_-2,TN-P104,N501,interior_applied_load,,180.0,249.0,199.864,-4.363952009448708e-13,-9.21108572587513,-5.830993550120724e-15,1.3174273201265199e-12,6.027069412522808e-16,1.9416925404415805e-12
strength_lateral_HX_-2,TN-P105,N502,interior_applied_load,,180.0,249.0,227.319,7.585348002769887e-07,-4.605542889314195,3.3798654028305286e-08,4.4108075664128776e-08,-8.383034012428138e-12,1.971482361251553e-07
strength_lateral_HX_-2,TN-P106,N701,interior_applied_load,,180.0,249.0,229.319,-5.468795820428139e-07,-7.358541651102397,-1.990233634496932e-08,1.4787828852403619e-08,1.1294648526363908e-10,-1.1953257397617559e-06
strength_lateral_HX_-2,TN-P107,N524,interior_applied_load,,185.7,249.0,183.592,-1.0711199754927668e-12,-8.799300402795339,3.1780704687439486e-14,8.852573232208665e-14,2.159766021581808e-13,-7.568008341708933e-12
strength_lateral_HX_-2,TN-P108,N222,interior_applied_load,,192.219,249.0,115.0,4.392332143523373e-11,-4.987620007636485,2.137886114422193e-11,1.2447639724677965e-12,-7.520792485668876e-11,2.854447326025824e-09
strength_lateral_HX_-2,TN-P109,N223,interior_applied_load,,193.2,249.0,115.0,-4.225054515969731e-10,-1.5113999482707643,4.1166984445517115e-10,-5.315107200886066e-12,6.871146136679543e-10,-3.286532379859936e-10
strength_lateral_HX_-2,TN-P110,N224,interior_applied_load,,196.219,249.0,115.0,3.412909754940388e-11,-318.7273288728981,-1.5998357862325812e-11,1.5280929403241942e-12,-6.469541779022425e-11,-1.246300890669519e-10
strength_lateral_HX_-2,TN-P111,N525,interior_applied_load,,198.55,249.0,160.728,-4.818567952691787e-12,-8.79930040278574,-2.2985654075667865e-14,-1.1817662987416212e-12,8.269567467751047e-13,1.647792965442337e-11
strength_lateral_HX_-2,TN-P112,N702,interior_applied_load,,207.333,249.0,229.319,3.3819922047738157e-11,-11.560312498871308,-3.1349510381520315e-11,3.5259916072631863e-12,-3.329086833891737e-11,-7.004605854955179e-10
strength_lateral_HX_-2,TN-P113,N526,interior_applied_load,,211.4,249.0,137.864,-1.8189894035458565e-12,-8.799300402770314,-1.4210854715202004e-14,2.2737367544323206e-13,-2.1174173525650986e-12,-1.9099388737231493e-11
strength_lateral_HX_-2,TN-P114,N225,interior_applied_load,,213.573,249.0,115.0,-3.595608968991036e-11,-7.061071857206184,-1.315322823598306e-09,1.789418618812356e-12,8.243912689931401e-10,-1.2068947506953057e-10
strength_lateral_HX_-2,TN-P115,N226,interior_applied_load,,214.906,249.0,115.0,2.6295671847763525e-10,-313.9679931933217,1.6463466303898377e-09,1.4236822893853077e-12,1.0947755616582762e-09,-1.8846840105809287e-10
strength_lateral_HX_-2,TN-P116,N227,interior_applied_load,,221.35,249.0,115.0,8.739651552877258e-11,-3.53053598176041,-6.61982087541017e-11,3.7743993119412344e-12,-8.18186454704054e-11,-4.0153097585617444e-10
strength_lateral_HX_-2,TN-P117,N228,interface_action,N2; T-E,224.25,249.0,115.0,-94.94903182983398,1944.2260885480791,-146.25704330205917,678.2088154554367,3782.277152440045,-5456.424911260605
strength_lateral_HX_-2,TN-P118,N503,interface_action,T-E,224.25,249.0,117.5,262.39823174476624,-830.041993778199,207.92156794667244,-1413.971169769764,131.2600477579981,3903.4159729480743
strength_lateral_HX_-2,TN-P119,N186,interface_action,T-E,224.25,249.0,120.0,-5.461950636003166,531.8811911624216,-2.105948650991195,-135.27649713592837,-220.78415433921236,277.0934572648257
strength_lateral_HX_-2,TN-P120,N504,interior_applied_load,,224.25,249.0,144.955,-3.410605131648481e-13,-9.211085725888552,-1.7053025658242404e-13,2.2168933355715126e-12,5.684341886080802e-14,5.4569682106375694e-12
strength_lateral_HX_-2,TN-P121,N505,interior_applied_load,,224.25,249.0,172.41,-2.3812721289957743e-13,-9.211085725886411,2.1898687901887176e-14,-2.887770381637971e-13,-2.8055081145604704e-13,5.629467091811667e-12
strength_lateral_HX_-2,TN-P122,N506,interior_applied_load,,224.25,249.0,199.864,3.803635012074234e-13,-9.21108572588209,1.180368502475649e-14,5.5389149020060235e-12,-6.885922639292174e-14,-4.4220158233797896e-13
strength_lateral_HX_-2,TN-P123,N507,interior_applied_load,,224.25,249.0,227.319,-1.5708281525528278e-06,-4.605542863662941,4.337932150988433e-07,2.9751297819236022e-06,2.3740488395171783e-09,1.1068234131439425e-06
strength_lateral_HX_-2,TN-P124,N527,interface_action,N2; T-E top / segment 4,224.25,249.0,229.319,-4354.5523187392155,-104.27224498737048,58.913943257814054,-507.3465737268171,6029.674728957165,-4029.8030268000293
strength_lateral_HX_-2,TN-P125,N528,interior_applied_load,,230.312,249.0,200.739,-7.117464522678833e-13,-9.80187770424855,2.794787226955557e-13,8.712893229399255e-13,-4.470892164350913e-12,-3.157226815414172e-11
strength_lateral_HX_-2,TN-P126,N703,interior_applied_load,,235.5,249.0,229.319,-1.6192686745093284e-10,-6.424304462910524,3.694462420770382e-11,-7.797429312303004e-11,2.542101444824094e-10,-5.283719379335455e-10
strength_lateral_HX_-2,TN-P127,N529,interior_applied_load,,236.375,249.0,172.16,-6.111574517819625e-13,-9.801877704266603,-1.1401734346149172e-13,2.9083028943134185e-12,3.0767927262002204e-13,1.821796310425331e-11
strength_lateral_HX_-2,TN-P128,N530,interior_applied_load,,242.438,249.0,143.58,0.0,-9.801877704254366,-5.684341886080802e-14,1.3642420526593924e-12,6.821210263296962e-13,-8.185452315956354e-12
strength_lateral_HX_-2,TN-P129,N229,interior_applied_load,,248.5,249.0,115.0,0.0,-14.441651311703026,0.0,-1.1920928955078125e-07,-1.862645149230957e-09,0.0
strength_lateral_HX_-2,TN-P130,N508,interior_applied_load,,248.5,249.0,117.5,-4.76837158203125e-07,-4.4702584790065885,0.0,-5.960464477539063e-08,0.0,2.384185791015625e-07
strength_lateral_HX_-2,TN-P131,N509,interior_applied_load,,248.5,249.0,144.148,3.9972765189505883e-13,-8.940516968503392,1.0215889422180846e-12,2.3140606577904027e-11,-1.454801941247714e-13,7.156359465912224e-12
strength_lateral_HX_-2,TN-P132,N510,interior_applied_load,,248.5,249.0,170.797,7.647160727624553e-14,-8.940516968501635,-1.0238151946919691e-12,9.706483673924084e-11,1.5833704237322332e-13,-1.7950067506316481e-12
strength_lateral_HX_-2,TN-P133,N511,interior_applied_load,,248.5,249.0,197.445,1.1360117217690575e-12,-8.940516968503697,-1.032744432956621e-12,-4.1959123726491245e-11,-2.198054469443187e-13,1.5130705509209962e-12
strength_lateral_HX_-2,TN-P134,N512,interior_applied_load,,248.5,249.0,224.093,-1.0237400013323805e-07,-4.470258484765519,4.952131413276003e-07,-9.56153142277241e-07,-1.5811327097732592e-09,3.7200448876704807e-07
strength_lateral_HX_-2,TN-P135,N704,interior_applied_load,,248.5,249.0,226.324,2.2173297493334757e-07,-3.753337510318765,2.9437727103402676e-07,-8.001719658266302e-07,3.878858408566894e-09,-3.727862519641403e-07
strength_lateral_HX_-2,TN-P136,N230,interior_applied_load,,249.5,249.0,115.0,-5.7261084762672e-11,-0.37785001639311994,3.914899487922341e-09,8.102431919843056e-12,1.0965338081980747e-09,-1.6274644132341365e-10
strength_lateral_HX_-2,TN-P137,N705,interior_applied_load,,249.5,249.0,226.093,-1.0095247494791677e-09,-0.2680955376315028,1.854711403677403e-08,-3.251507286109441e-10,-2.0049375254157848e-10,4.605340844028454e-10
lateral_HZ,TN-P001,N148,interface_action,BR-N-upper-1; T-W / B-WO; W4,-32.0,249.0,115.0,-75.02350342815326,236.77867095642054,6.6962204760873885,19.993890897161545,-277.58917061903225,171.50215953494924
lateral_HZ,TN-P002,N628,interface_action,BR-N-upper-2; T-W top / segment 2; W4,-32.0,249.0,226.093,38.00232391167833,-110.68510930857127,-1.9132442532530092,13.933043410607516,-34.3314281378215,-1165.1318121981049
lateral_HZ,TN-P003,N189,interior_applied_load,,-31.0,249.0,115.0,-3.4273170967935584e-09,-7.50145031146576,-7.744326957492831e-09,-5.489937393576838e-10,-3.3355007644786383e-10,3.2023308449424803e-09
lateral_HZ,TN-P004,N488,interior_applied_load,,-31.0,249.0,117.5,2.53135977010375e-09,-3.72521540369145,2.564667037907266e-09,-7.043040865181875e-10,-3.430841808840016e-11,5.5338313013527126e-09
lateral_HZ,TN-P005,N489,interior_applied_load,,-31.0,249.0,144.148,6.785505936023101e-16,-7.450430807086117,-6.425963558183279e-15,4.733427219586904e-14,9.445935071966613e-15,-4.504629723672186e-14
lateral_HZ,TN-P006,N490,interior_applied_load,,-31.0,249.0,170.797,-3.978044185293507e-15,-7.4504308070861045,-1.0068734761751138e-14,-5.1564938114264966e-14,-4.2750011173850894e-16,-2.0671186863442002e-14
lateral_HZ,TN-P007,N491,interior_applied_load,,-31.0,249.0,197.445,-4.593448161373016e-16,-7.450430807085716,-2.881287791611837e-14,-2.512986339085219e-13,-7.50726987886226e-15,1.1104963205683674e-13
lateral_HZ,TN-P008,N492,interior_applied_load,,-31.0,249.0,224.093,3.725290298461914e-09,-3.7252154035959393,0.0,0.0,2.3283064365386963e-10,0.0
lateral_HZ,TN-P009,N686,interior_applied_load,,-31.0,249.0,226.324,-3.725290298461914e-09,-3.1277812612242997,5.960464477539063e-08,0.0,1.6298145055770874e-09,-3.725290298461914e-09
lateral_HZ,TN-P010,N513,interior_applied_load,,-23.25,249.0,143.58,7.105427357601002e-14,-8.279007407834854,-5.329070518200751e-15,2.984279490192421e-13,-1.7053025658242404e-13,6.536993168992922e-13
lateral_HZ,TN-P011,N190,interior_applied_load,,-21.323,249.0,115.0,4.3114850802190204e-13,-8.548856238349622,-2.445627273400099e-14,3.826751734939977e-16,-7.230672859115992e-13,1.6334914998285243e-13
lateral_HZ,TN-P012,N687,interior_applied_load,,-18.0,249.0,229.319,-5.60882162946521e-13,-6.823118306104053,6.172113704915389e-14,1.875194813738807e-12,-6.563787441877364e-12,1.758853711438755e-12
lateral_HZ,TN-P013,N514,interior_applied_load,,-15.5,249.0,172.16,-1.4242247747669422e-13,-8.279007407835179,2.4361365788502785e-14,2.8386795013416195e-13,2.8001303465300384e-14,-2.9983048559791684e-13
lateral_HZ,TN-P014,N515,interior_applied_load,,-7.75,249.0,200.739,1.0601076676461442e-13,-8.279007407834714,-5.25623585091252e-15,9.040368030043441e-13,-2.4893921874886273e-13,2.435184964971726e-12
lateral_HZ,TN-P015,N191,interior_applied_load,,-3.85,249.0,115.0,7.894061251035456e-13,-6.714053410396464,-1.1457502035383468e-12,-2.6727041701394658e-14,1.3009134425639956e-12,8.544301388537802e-12
lateral_HZ,TN-P016,N192,interior_applied_load,,0.0,249.0,115.0,-8.348055580142955e-10,-1.222107190747273,2.876044669974931e-06,3.9421719222332285e-09,6.632254158545733e-10,-7.858316286579736e-08
lateral_HZ,TN-P017,N493,interior_applied_load,,0.0,249.0,117.5,7.670478780285379e-10,-3.837952385670658,-1.4868537449190785e-09,6.321276362289432e-09,6.399058377052501e-12,-1.2496656920812604e-09
lateral_HZ,TN-P018,N494,interior_applied_load,,0.0,249.0,144.955,-6.15368630337298e-15,-7.675904771569843,-1.0840609733611678e-14,4.845477332278548e-14,-7.235747070617432e-16,-1.848171680993968e-14
lateral_HZ,TN-P019,N495,interior_applied_load,,0.0,249.0,172.41,-5.481864097876629e-15,-7.6759047715693605,9.580872044366256e-15,1.4836237153430725e-13,-9.193261433437144e-15,2.1988629135600788e-13
lateral_HZ,TN-P020,N496,interior_applied_load,,0.0,249.0,199.864,-5.629214827367303e-16,-7.6759047715699245,-6.189100249798996e-15,2.8887439090425946e-13,-2.245004250287756e-15,1.7961716603680506e-13
lateral_HZ,TN-P021,N497,interior_applied_load,,0.0,249.0,227.319,1.280568540096283e-09,-3.8379523858893663,0.0,2.9802322387695312e-08,0.0,2.3283064365386963e-10
lateral_HZ,TN-P022,N516,interior_applied_load,,-0.0,249.0,229.319,1.280568540096283e-09,-10.271621759748086,0.0,0.0,0.0,-2.3283064365386963e-10
lateral_HZ,TN-P023,N193,interior_applied_load,,0.031,249.0,115.0,-3.393044534806587e-10,-0.31488078542009273,-1.8164312683880146e-06,2.3259326547983544e-10,1.4517029604929148e-07,9.961182719901e-08
lateral_HZ,TN-P024,N194,interior_applied_load,,1.0,249.0,115.0,1.1596057447604835e-11,-6.398755048217822,2.0442669779185962e-10,-1.446665010007564e-11,-8.020606401260011e-11,-1.63140612130519e-11
lateral_HZ,TN-P025,N195,interior_applied_load,,9.344,249.0,115.0,-3.4623963078365647e-13,-6.418858009417088,2.655873506432342e-13,5.641664568384153e-15,-4.563804646898135e-12,-9.715084642091342e-13
lateral_HZ,TN-P026,N688,interior_applied_load,,10.167,249.0,229.319,-4.637253386809407e-14,-8.345486119928246,-3.4593832288755566e-14,-2.6403218422505748e-14,-4.731398754860456e-13,-6.339990419167615e-14
lateral_HZ,TN-P027,N517,interior_applied_load,,10.6,249.0,137.864,1.7053025658242404e-13,-6.932963248242231,1.0658141036401503e-14,-2.842170943040401e-14,0.0,-1.7053025658242404e-13
lateral_HZ,TN-P028,N518,interior_applied_load,,20.2,249.0,160.728,-2.0348117681497765e-13,-6.932963248241763,5.5955805920852765e-15,1.0429334723071123e-13,-1.1288111660560701e-14,-5.158439368629042e-13
lateral_HZ,TN-P029,N196,interior_applied_load,,21.385,249.0,115.0,1.8637515406609884e-12,-4.709349252290823,-1.89810007901773e-12,5.1521012217040145e-15,1.5510021602086663e-11,1.328228452878436e-12
lateral_HZ,TN-P030,N197,interior_applied_load,,24.3,249.0,115.0,-1.3607012415839502e-12,-2.0926068445773116,6.015270941712834e-12,-4.6476268802433714e-15,7.878098774302268e-11,-9.569887346999907e-12
lateral_HZ,TN-P031,N198,interior_applied_load,,28.031,249.0,115.0,1.181835901398454e-12,-5.806163843704121,3.0417211390038286e-11,3.907902924580784e-15,3.745718027081478e-11,-1.2215604429757011e-11
lateral_HZ,TN-P032,N519,interior_applied_load,,29.8,249.0,183.592,1.9432967884668975e-13,-6.932963248240934,-1.606119904195175e-16,-8.52694401016483e-14,-3.603840696071943e-14,1.9234042366668897e-13
lateral_HZ,TN-P033,N689,interior_applied_load,,38.333,249.0,229.319,-1.1957872147535782e-14,-8.454340290949123,-1.129358527026681e-13,-1.327274477910264e-14,-1.4949873050446712e-12,-1.2935080162058905e-13
lateral_HZ,TN-P034,N520,interior_applied_load,,39.4,249.0,206.455,-1.9885893818748868e-13,-6.932963248242578,-2.011963974768608e-17,2.474863443451167e-13,5.989011761015763e-14,1.2493495391751919e-13
lateral_HZ,TN-P035,N199,interior_applied_load,,42.74,249.0,115.0,1.1581914586553202e-12,-5.884226547542112,-3.7430903831980766e-12,-4.647649743900699e-14,6.360891116019359e-12,2.818087889477283e-12
lateral_HZ,TN-P036,N200,interior_applied_load,,46.719,249.0,115.0,-3.8383737374539623e-13,-2.3648424338541445,-6.991439062148875e-13,-4.179315919578345e-14,7.056241467918251e-11,8.698637980846318e-12
lateral_HZ,TN-P037,N521,interior_applied_load,,49.0,249.0,229.319,5.498101973699931e-13,-6.060839250212835,-8.381497579312835e-11,4.957535399835095e-12,-2.370160092496354e-10,-1.0100827509476606e-11
lateral_HZ,TN-P038,N201,interface_action,BR-N-upper-2,50.25,249.0,115.0,-41.3912265716037,4.946154025532879,0.014168143808831577,-57.02195236218863,-78.38876481609918,678.8074797511313
lateral_HZ,TN-P039,N690,interface_action,BR-N-upper-1,50.25,249.0,229.319,65.95025852593979,45.2010070893155,0.7716081391920514,-60.083846686535054,39.162529292287886,620.7891027742075
lateral_HZ,TN-P040,N202,interior_applied_load,,52.45,249.0,115.0,6.560128006209022e-12,-0.9446249464230907,-5.706473951658323e-10,-1.6879578978316415e-10,6.400503864845593e-12,-2.3570276673035806e-11
lateral_HZ,TN-P041,N203,interface_action,N1 / U-W,53.25,249.0,115.0,-23.79918670819814,55.673264475192035,-8.063264961042186,92.64091526544715,128.67006200498932,663.4784680665925
lateral_HZ,TN-P042,N691,interface_action,N1 / U-W,53.25,249.0,229.319,-121.96717812375458,-9.724753051857036,-1.5319415066665978,44.286263731532614,252.96560690728725,-978.9200182651784
lateral_HZ,TN-P043,N481,interface_action,N1 / U-W,56.25,249.0,207.0,160.99570235778322,143.92580062335202,-1.6908156011768274,-49.332958931509424,138.67610124053104,235.637869233513
lateral_HZ,TN-P044,N482,interior_applied_load,,57.25,249.0,207.0,3.725290298461914e-09,-5.595100789098069,2.9802322387695312e-08,2.9802322387695312e-08,0.0,2.2351741790771484e-08
lateral_HZ,TN-P045,N531,interior_applied_load,,57.25,249.0,209.5,3.725290298461914e-09,-2.4909762099850923,-1.4901161193847656e-08,2.9802322387695312e-08,0.0,0.0
lateral_HZ,TN-P046,N532,interior_applied_load,,57.25,249.0,227.319,2.475928542050587e-10,-2.4909762098325685,1.135883034093961e-08,4.308073911062776e-09,9.664176842383217e-11,6.110402427095263e-10
lateral_HZ,TN-P047,N692,interior_applied_load,,57.25,249.0,229.319,-7.019122968941957e-10,-2.8846354033389705,4.422370951663064e-08,-1.5186577773770907e-08,-2.070294167116536e-10,-5.619307479137846e-10
lateral_HZ,TN-P048,N204,interior_applied_load,,64.094,249.0,115.0,1.5481238630331933e-12,-3.8276992550694935,-4.839381087532099e-10,-9.802516756901244e-14,1.0851477458796864e-11,-4.2737491116758817e-11
lateral_HZ,TN-P049,N205,interior_applied_load,,65.406,249.0,115.0,5.2081069266071796e-12,-5.1974054405602494,4.735706129155935e-10,-1.1423223055695291e-13,9.834838704084147e-11,-2.5587181426577136e-11
lateral_HZ,TN-P050,N693,interior_applied_load,,66.5,249.0,229.319,-5.691152492474391e-14,-5.007291664598358,-1.2557580558648947e-12,-6.032982193537841e-15,8.736272111767184e-12,1.952150287798783e-12
lateral_HZ,TN-P051,N541,interior_applied_load,,68.75,249.0,218.16,-6.821210263296962e-13,-4.48020157776682,0.0,-2.2737367544323206e-13,2.2737367544323206e-13,0.0
lateral_HZ,TN-P052,N483,interior_applied_load,,80.25,249.0,207.0,3.725290298461914e-09,-6.5702083287760615,0.0,5.960464477539063e-08,-1.1641532182693481e-10,0.0
lateral_HZ,TN-P053,N533,interior_applied_load,,80.25,249.0,209.5,3.725290298461914e-09,-2.4909762097522616,0.0,5.960464477539063e-08,0.0,0.0
lateral_HZ,TN-P054,N534,interior_applied_load,,80.25,249.0,227.319,2.8712350656767693e-09,-2.490976210221444,1.7643902526509603e-08,1.9911674212225172e-08,2.4018104081376103e-10,1.500692729805575e-09
lateral_HZ,TN-P055,N542,interior_applied_load,,80.25,249.0,229.319,-6.230117097443183e-09,-10.66299745375908,1.8828500232442367e-08,6.418937685534241e-08,-3.186282617606804e-10,4.62870155868313e-09
lateral_HZ,TN-P056,N206,interior_applied_load,,80.6,249.0,115.0,-1.7477276642528514e-12,-5.8842265475383755,-1.347644112630433e-11,9.422339856473293e-14,3.208853713824571e-12,3.5163566885774967e-12
lateral_HZ,TN-P057,N207,interior_applied_load,,84.094,249.0,115.0,-2.591854310401097e-12,-1.5264877751541226,8.854451107600705e-12,-2.3146516073963037e-13,3.3649698550245715e-11,-5.4562199698429536e-11
lateral_HZ,TN-P058,N208,interior_applied_load,,85.448,249.0,115.0,5.647803738898613e-12,-5.884226547754957,-1.7694002018693902e-10,1.3347125631330954e-13,2.6895946456773346e-11,-1.2300962587163682e-10
lateral_HZ,TN-P059,N543,interior_applied_load,,92.25,249.0,218.16,1.5916157281026244e-12,-4.58155721896901,-2.2737367544323206e-13,1.8189894035458565e-12,-6.821210263296962e-12,1.3642420526593924e-12
lateral_HZ,TN-P060,N694,interior_applied_load,,94.667,249.0,229.319,4.841307772110868e-13,-5.2250000434339485,-6.824796754858409e-13,-9.123047437157887e-12,-5.5591816912548696e-11,4.597035553339739e-12
lateral_HZ,TN-P061,N209,interior_applied_load,,102.781,249.0,115.0,2.2538870316321194e-12,-6.723893215720629,9.663613125143806e-13,-3.083954496414325e-14,-6.919361126210516e-11,-1.2839020227726714e-12
lateral_HZ,TN-P062,N484,interior_applied_load,,104.25,249.0,207.0,0.0,-11.291557217948139,-5.960464477539063e-08,5.960464477539063e-08,8.149072527885437e-09,0.0
lateral_HZ,TN-P063,N535,interior_applied_load,,104.25,249.0,209.5,0.0,-2.490976210683584,0.0,-1.7881393432617188e-07,2.3283064365386963e-10,0.0
lateral_HZ,TN-P064,N536,interior_applied_load,,104.25,249.0,227.319,1.0173344527908412e-09,-2.490976208647813,6.542817405572054e-08,9.274604851478019e-08,-3.5076230888939576e-10,-1.2991046849375465e-09
lateral_HZ,TN-P065,N695,interior_applied_load,,104.25,249.0,229.319,-1.2086354418124413e-09,-6.132118055911483,-1.7375404550903044e-08,-3.253328688242032e-08,4.369615354216045e-10,1.8100106943541532e-09
lateral_HZ,TN-P066,N210,interior_applied_load,,106.802,249.0,115.0,1.785425433034439e-12,-1.8794101760371407,4.5784004915222673e-10,1.0338830395644138e-13,-4.269992408809877e-10,-2.7880549083817675e-10
lateral_HZ,TN-P067,N211,interior_applied_load,,108.75,249.0,115.0,1.2482611400419578e-12,-4.618166631089091,1.986043023377518e-11,1.6676468682182263e-14,-1.4422011494018666e-10,2.693571749515751e-10
lateral_HZ,TN-P068,N544,interior_applied_load,,116.25,249.0,218.16,0.0,-4.581557218970829,2.6147972675971687e-12,1.0913936421275139e-11,-1.4551915228366852e-11,6.821210263296962e-13
lateral_HZ,TN-P069,N212,interior_applied_load,,121.469,249.0,115.0,-5.144472593534063e-13,-6.110542956634238,-8.154655664688669e-13,-3.740674716954669e-14,1.192011299690636e-11,5.948653128798486e-11
lateral_HZ,TN-P070,N696,interior_applied_load,,122.833,249.0,229.319,-8.443931557668392e-13,-5.2249999882521125,2.4586213471207214e-11,6.558566421278812e-11,4.180361033283519e-11,-8.650686034674525e-12
lateral_HZ,TN-P071,N213,interior_applied_load,,128.156,249.0,115.0,-5.596296104589424e-13,-4.858914878392098,-1.6047723157345286e-12,1.2458260923185126e-15,-4.98066903643247e-11,-4.43679782609084e-11
lateral_HZ,TN-P072,N485,interior_applied_load,,128.25,249.0,207.0,7.450580596923828e-09,-6.570208327844739,-5.960464477539063e-08,-1.1920928955078125e-07,0.0,-7.450580596923828e-09
lateral_HZ,TN-P073,N537,interior_applied_load,,128.25,249.0,209.5,7.450580596923828e-09,-2.4909762097522616,-5.960464477539063e-08,0.0,-2.3283064365386963e-10,0.0
lateral_HZ,TN-P074,N538,interior_applied_load,,128.25,249.0,227.319,-6.17417665604858e-09,-2.4909762100639985,2.2326240044223677e-08,4.096119211871585e-08,2.8117184157897333e-10,1.0092104291148374e-08
lateral_HZ,TN-P075,N545,interior_applied_load,,128.25,249.0,229.319,-2.04535720209814e-08,-10.662997454509188,4.4073613586117773e-07,-2.237137579571841e-07,-5.478514182376594e-10,3.9213467025765215e-08
lateral_HZ,TN-P076,N214,interior_applied_load,,136.9,249.0,115.0,-7.193299844159451e-13,-3.778500051151341,7.507412427820416e-11,-7.512524332453492e-14,2.8582702190569012e-11,6.045077318508113e-11
lateral_HZ,TN-P077,N546,interior_applied_load,,139.75,249.0,218.16,-4.547473508864641e-13,-4.480201577767275,6.821210263296962e-13,-6.366462912410498e-12,1.8189894035458565e-12,-4.547473508864641e-13
lateral_HZ,TN-P078,N215,interior_applied_load,,140.156,249.0,115.0,1.6143536745696427e-12,-3.970704922433874,1.0912527440146647e-12,-1.2705834468691883e-13,-7.874058212171545e-12,2.8993233468843623e-10
lateral_HZ,TN-P079,N216,interior_applied_load,,149.51,249.0,115.0,-1.674663326857747e-13,-5.8842265475472235,-9.904195048577123e-12,2.302297561516392e-14,-9.362648296626552e-11,-2.7574532113908348e-11
lateral_HZ,TN-P080,N697,interior_applied_load,,151.0,249.0,229.319,6.301750787862659e-12,-5.00729167158708,1.1277966685541152e-07,-1.5625068060363373e-13,-2.3659182495083808e-08,-1.45518529691413e-09
lateral_HZ,TN-P081,N486,interior_applied_load,,151.25,249.0,207.0,0.0,-5.595100791193545,0.0,-1.1920928955078125e-07,-2.3283064365386963e-10,-7.450580596923828e-09
lateral_HZ,TN-P082,N539,interior_applied_load,,151.25,249.0,209.5,-7.450580596923828e-09,-2.490976210683584,-1.1920928955078125e-07,-1.1920928955078125e-07,0.0,0.0
lateral_HZ,TN-P083,N540,interior_applied_load,,151.25,249.0,227.319,7.835125551830524e-10,-2.490976207845361,5.7378439905636514e-08,2.892437271292958e-07,7.531698448514853e-11,2.8925077368013863e-09
lateral_HZ,TN-P084,N698,interior_applied_load,,151.25,249.0,229.319,4.555264754811661e-10,-0.925260471155977,-1.8536809800182626e-07,2.476311176372203e-07,-3.4509407157833766e-08,4.234004705541174e-09
lateral_HZ,TN-P085,N487,interior_applied_load,,152.25,249.0,207.0,-2.2913932743639154e-10,-0.13979164789774193,-4.336959695180437e-09,1.1975981903797767e-08,-1.6950418247503107e-08,2.3311488889861318e-08
lateral_HZ,TN-P086,N475,interior_applied_load,,155.25,249.0,120.0,-9.641624726097352e-14,-11.509154224683469,-1.5280123574276992e-13,-8.772530308234709e-13,-8.132396764350991e-14,1.0891259237752506e-12
lateral_HZ,TN-P087,N476,interior_applied_load,,155.25,249.0,146.657,1.8119598175061636e-13,-23.01830844937666,1.9994278699877646e-15,9.820268239565039e-12,6.330121798609837e-14,1.428682930017275e-13
lateral_HZ,TN-P088,N477,interior_applied_load,,155.25,249.0,173.314,-1.0984722262005491e-13,-23.01830844937278,-1.741756439026691e-12,-1.911733788413789e-12,-8.132396764350991e-14,2.1252028891561377e-13
lateral_HZ,TN-P089,N478,interior_applied_load,,155.25,249.0,199.971,7.615754832953239e-13,-14.543941551238815,-8.043070421976069e-11,-8.211610347665265e-11,-3.917911990409735e-13,4.395632577022048e-12
lateral_HZ,TN-P090,N479,interior_applied_load,,155.25,249.0,207.0,1.0838485157337519e-10,-11.509154240118129,2.988526027271576e-08,-1.5253462500079894e-08,-1.0608783562114411e-07,-5.4884949402045055e-09
lateral_HZ,TN-P091,N480,interior_applied_load,,155.25,249.0,226.628,-1.862645149230957e-09,-8.474366897717118,0.0,-1.1920928955078125e-07,0.0,-1.862645149230957e-09
lateral_HZ,TN-P092,N699,interior_applied_load,,155.25,249.0,229.319,0.0,-1.9049479002133012,0.0,0.0,0.0,-3.725290298461914e-09
lateral_HZ,TN-P093,N217,interior_applied_load,,158.844,249.0,115.0,-3.40714924216242e-14,-4.893026327642593,1.2713836118037179e-11,3.868164150134259e-14,-1.0791075557568591e-10,-3.843095065870474e-11
lateral_HZ,TN-P094,N522,interior_applied_load,,160.0,249.0,229.319,3.0674115363736557e-12,-8.873232788125216,1.3708149274917057e-10,-1.728974580749236e-11,3.001348464607765e-10,4.873417611592057e-11
lateral_HZ,TN-P095,N218,interior_applied_load,,165.05,249.0,115.0,-1.950308893701408e-12,-3.7850598327655582,2.4000520711408657e-11,-6.169082704471508e-15,-4.503644793614744e-11,9.6509439418245e-12
lateral_HZ,TN-P096,N219,interior_applied_load,,170.865,249.0,115.0,1.827050961469931e-12,-3.9300336028842207,1.1171211371526614e-11,-1.0687671884573941e-14,-6.54243781911429e-11,-2.598790658141177e-11
lateral_HZ,TN-P097,N523,interior_applied_load,,172.85,249.0,206.455,-5.317338898914583e-14,-7.332750335667103,3.1060338531594773e-13,-9.216989317199897e-14,5.824220333537125e-15,-6.626562178609417e-14
lateral_HZ,TN-P098,N220,interior_applied_load,,177.531,249.0,115.0,1.8524577430545367e-13,-2.876514350046509,1.0065025799892997e-09,2.2999517158278297e-14,-1.5555366844927594e-09,-1.8116942530691878e-10
lateral_HZ,TN-P099,N700,interior_applied_load,,179.167,249.0,229.319,2.415858559220707e-12,-4.354166692709223,-4.00067807816418e-09,-4.907968513662658e-13,-2.837855122245671e-09,4.668574954027735e-10
lateral_HZ,TN-P100,N221,interior_applied_load,,180.0,249.0,115.0,1.7278668495990246e-09,-4.6247265858307,-8.678810559104022e-09,-1.773539324290141e-07,-6.875927066191898e-10,1.354078682513915e-09
lateral_HZ,TN-P101,N498,interior_applied_load,,180.0,249.0,117.5,-1.0121592453060657e-09,-3.8379523830037257,3.0479860413379356e-08,-8.290712116831855e-08,2.9686475500056986e-11,-3.5390286257097614e-09
lateral_HZ,TN-P102,N499,interior_applied_load,,180.0,249.0,144.955,-1.0658141036401503e-14,-7.67590477156773,-2.8421709430404007e-13,1.3642420526593924e-12,-1.4210854715202004e-14,4.263256414560601e-14
lateral_HZ,TN-P103,N500,interior_applied_load,,180.0,249.0,172.41,-7.105427357601002e-15,-7.67590477156773,5.684341886080802e-14,4.547473508864641e-13,-1.3764618695036596e-14,-1.7053025658242404e-13
lateral_HZ,TN-P104,N501,interior_applied_load,,180.0,249.0,199.864,-1.0830808003372522e-14,-7.675904771566558,-7.315185511202771e-14,-3.5328811575196514e-12,-2.1559454630606063e-14,3.079225656703646e-14
lateral_HZ,TN-P105,N502,interior_applied_load,,180.0,249.0,227.319,-2.9458391982706278e-08,-3.8379523890857454,6.677683930811362e-08,-4.481517490995124e-07,3.981370237216607e-10,1.1877906533341864e-08
lateral_HZ,TN-P106,N701,interior_applied_load,,180.0,249.0,229.319,4.6262022719066354e-08,-6.132118055085426,-3.3399588289508893e-07,5.082373938115914e-07,-3.6658235844268687e-09,4.996312787060596e-08
lateral_HZ,TN-P107,N524,interior_applied_load,,185.7,249.0,183.592,-4.983623530629599e-13,-7.332750335667954,1.2433472690063167e-14,-4.6955052406150436e-12,-3.03399292659371e-12,-5.363599699805863e-13
lateral_HZ,TN-P108,N222,interior_applied_load,,192.219,249.0,115.0,6.369547815641317e-13,-4.156350012411615,-1.7142800981145028e-09,-2.4178668990535068e-14,-1.8417111800648665e-10,-7.953952924336076e-11
lateral_HZ,TN-P109,N223,interior_applied_load,,193.2,249.0,115.0,2.929318871121356e-12,-1.2594999575466563,-2.9129944674709293e-09,2.342714737149509e-13,-1.704008372562494e-09,-7.008515365490432e-10
lateral_HZ,TN-P110,N224,interior_applied_load,,196.219,249.0,115.0,5.141502680690773e-13,-6.414922158200065,-2.679153035901172e-11,-4.613690283286018e-14,-1.3459304377161747e-10,1.8608585254093643e-11
lateral_HZ,TN-P111,N525,interior_applied_load,,198.55,249.0,160.728,2.0580963584194506e-13,-7.3327503356685115,1.0604643004209825e-13,-4.694213304244749e-12,-3.1222946469118673e-12,7.934901738445026e-13
lateral_HZ,TN-P112,N702,interior_applied_load,,207.333,249.0,229.319,1.1354104693510089e-13,-9.633593749020148,1.661886315615185e-11,-1.6713960991168967e-12,-2.1786454598460053e-11,-3.962446210413295e-12
lateral_HZ,TN-P113,N526,interior_applied_load,,211.4,249.0,137.864,-4.547473508864641e-13,-7.332750335665423,-5.684341886080802e-14,-3.183231456205249e-12,-2.7284841053187847e-12,2.8421709430404007e-13
lateral_HZ,TN-P114,N225,interior_applied_load,,213.573,249.0,115.0,2.2605433731233614e-13,-5.884226547562713,2.354782489697427e-10,-1.0882325597754912e-14,-1.357043909098961e-09,-1.679759060814557e-10
lateral_HZ,TN-P115,N226,interior_applied_load,,214.906,249.0,115.0,2.400322906203722e-12,-2.4488090917685152,-1.1987904274684683e-09,2.4858988532394185e-15,-5.752578960098393e-10,-2.774760789709187e-10
lateral_HZ,TN-P116,N227,interior_applied_load,,221.35,249.0,115.0,-4.300131676562507e-12,-2.9421133180294765,-3.1619700154661514e-10,1.851247356478489e-11,2.4533316200650332e-11,9.136348444034986e-11
lateral_HZ,TN-P117,N228,interface_action,N2; T-E,224.25,249.0,115.0,-8.402638215571642,855.8194748507813,-110.62735879421234,668.1881597042084,88.92275671649259,-379.01750369369984
lateral_HZ,TN-P118,N503,interface_action,T-E,224.25,249.0,117.5,41.36415525153279,-572.2440271694213,107.59697997570038,-1257.588460803032,107.41124005743768,120.24054446071386
lateral_HZ,TN-P119,N186,interface_action,T-E,224.25,249.0,120.0,-0.8751491551556683,423.2823410717683,-2.6705850489088334,-163.91886398207862,8.283879708019754,28.440704363289115
lateral_HZ,TN-P120,N504,interior_applied_load,,224.25,249.0,144.955,1.0658141036401503e-14,-7.675904771569549,1.7053025658242404e-13,-1.8189894035458565e-12,0.0,2.5579538487363607e-13
lateral_HZ,TN-P121,N505,interior_applied_load,,224.25,249.0,172.41,1.940399086721985e-15,-7.6759047715712665,8.712045629762217e-14,1.9793207569763025e-12,1.2921851070900623e-14,-1.0799944685633728e-13
lateral_HZ,TN-P122,N506,interior_applied_load,,224.25,249.0,199.864,-2.599458440313937e-15,-7.675904771569725,-6.23685298266444e-14,-2.7516870893048034e-12,4.470727521710087e-15,1.049412641361857e-13
lateral_HZ,TN-P123,N507,interior_applied_load,,224.25,249.0,227.319,-9.232677750103946e-08,-3.837952385125834,-7.027405911352869e-08,-1.1160076884009218e-06,-2.7954136160728794e-11,1.2084538891787844e-07
lateral_HZ,TN-P124,N527,interface_action,N2; T-E top / segment 4,224.25,249.0,229.319,-34.853557792396174,-338.77475697119104,11.41823811024541,-357.033550640082,188.69267460978935,1008.2394224761264
lateral_HZ,TN-P125,N528,interior_applied_load,,230.312,249.0,200.739,-1.962898170361249e-13,-8.1682314202187,3.506523144956635e-14,-1.3321787378246189e-12,8.720154533856489e-13,2.5897006203118523e-13
lateral_HZ,TN-P126,N703,interior_applied_load,,235.5,249.0,229.319,-4.397050722916093e-13,-5.353587052512143,1.3632872530320554e-11,6.303277891236472e-12,1.149536997258931e-10,-1.596435732208918e-11
lateral_HZ,TN-P127,N529,interior_applied_load,,236.375,249.0,172.16,1.2313765768664307e-13,-8.168231420217422,4.091337192699607e-14,-5.218834702286663e-12,-8.167697950533266e-13,-2.1560571931971432e-13
lateral_HZ,TN-P128,N530,interior_applied_load,,242.438,249.0,143.58,-4.547473508864641e-13,-8.168231420217126,-6.821210263296962e-13,1.3642420526593924e-12,2.2737367544323206e-13,-2.1316282072803006e-13
lateral_HZ,TN-P129,N229,interior_applied_load,,248.5,249.0,115.0,7.450580596923828e-09,-12.034709443338215,0.0,2.384185791015625e-07,2.2118911147117615e-09,-2.2351741790771484e-08
lateral_HZ,TN-P130,N508,interior_applied_load,,248.5,249.0,117.5,-3.725290298461914e-09,-3.7252154061570764,-2.384185791015625e-07,0.0,-1.1641532182693481e-10,-1.4901161193847656e-08
lateral_HZ,TN-P131,N509,interior_applied_load,,248.5,249.0,144.148,2.1376838531533478e-15,-7.450430807085808,-1.2660894308192443e-13,7.097300949155915e-13,2.135917804930703e-15,-2.6588915979719342e-14
lateral_HZ,TN-P132,N510,interior_applied_load,,248.5,249.0,170.797,3.385357697011072e-15,-7.450430807087515,1.0542669627438238e-13,-2.7310072951836582e-11,4.179784218632223e-15,3.0853378463087554e-14
lateral_HZ,TN-P133,N511,interior_applied_load,,248.5,249.0,197.445,8.399517741672309e-15,-7.450430807086128,5.931659351106289e-13,2.162277500909513e-11,-9.618155428685573e-15,-2.2351908084360036e-13
lateral_HZ,TN-P134,N512,interior_applied_load,,248.5,249.0,224.093,-2.2760498896219792e-09,-3.725215404215546,1.7844542880841783e-07,3.3524860311296063e-07,7.987054024348416e-11,4.54130465462507e-09
lateral_HZ,TN-P135,N704,interior_applied_load,,248.5,249.0,226.324,7.965986163824757e-09,-3.1277812600478336,-1.8183916675002654e-07,-2.580980818303574e-07,3.649003253077433e-09,6.6690368600931604e-09
lateral_HZ,TN-P136,N230,interior_applied_load,,249.5,249.0,115.0,-3.197581088798529e-12,-0.31487501135510154,-4.9462941867362e-09,-7.667267428596025e-13,-2.031512832956217e-09,1.5584746514141212e-10
lateral_HZ,TN-P137,N705,interior_applied_load,,249.5,249.0,226.093,-4.974427959318996e-11,-0.22341294564606715,3.0252324238546603e-09,-4.99397391724559e-10,-6.342033932286955e-10,-7.970161506969019e-11
strength_lateral_HZ_1,TN-P001,N148,interface_action,BR-N-upper-1; T-W / B-WO; W4,-32.0,249.0,115.0,-160.51117565266077,238.8665084025827,48.097804184892645,192.74452780152808,-2331.3310904659515,-2438.1276459085307
strength_lateral_HZ_1,TN-P002,N628,interface_action,BR-N-upper-2; T-W top / segment 2; W4,-32.0,249.0,226.093,171.87675865989948,41.89692939494227,-8.3600872957036,102.40060103421608,51.42884203293067,627.4047588361125
strength_lateral_HZ_1,TN-P003,N189,interior_applied_load,,-31.0,249.0,115.0,-4.79237188544257e-08,-9.00174037211184,-1.7285049835891186e-08,-1.9119113403576193e-08,-5.479563469634741e-10,1.3342969396035187e-08
strength_lateral_HZ_1,TN-P004,N488,interior_applied_load,,-31.0,249.0,117.5,1.7435346326479037e-08,-4.470258484676273,-3.6658838018035463e-09,-1.0221831671871065e-08,3.959348581313281e-10,1.50838628858424e-08
strength_lateral_HZ_1,TN-P005,N489,interior_applied_load,,-31.0,249.0,144.148,6.014487104052255e-15,-8.940516968503657,7.874192083021702e-15,4.611116635983605e-13,-4.607404926134118e-15,1.3616649963007984e-13
strength_lateral_HZ_1,TN-P006,N490,interior_applied_load,,-31.0,249.0,170.797,1.3604693643149208e-14,-8.940516968503259,-8.572588458103573e-14,-3.126404853096708e-13,-2.3685375041759088e-14,-3.8690927582170493e-13
strength_lateral_HZ_1,TN-P007,N491,interior_applied_load,,-31.0,249.0,197.445,-1.0701574977357015e-14,-8.940516968502829,-2.0741467494318257e-14,-1.635034751597075e-12,1.7344430081360204e-14,-4.1473834575859714e-13
strength_lateral_HZ_1,TN-P008,N492,interior_applied_load,,-31.0,249.0,224.093,-1.4901161193847656e-08,-4.470258484128863,0.0,0.0,0.0,2.9802322387695312e-08
strength_lateral_HZ_1,TN-P009,N686,interior_applied_load,,-31.0,249.0,226.324,1.4901161193847656e-08,-3.7533375127241015,2.384185791015625e-07,0.0,6.51925802230835e-09,2.9802322387695312e-08
strength_lateral_HZ_1,TN-P010,N513,interior_applied_load,,-23.25,249.0,143.58,3.694822225952521e-13,-9.93480888940126,6.394884621840902e-14,-3.353761712787673e-12,4.547473508864641e-13,4.547473508864641e-13
strength_lateral_HZ_1,TN-P011,N190,interior_applied_load,,-21.323,249.0,115.0,-1.5313208292589454e-12,-10.258627486019988,-3.323538645189008e-13,5.080515956172779e-16,-2.378471479843902e-12,3.787383276017814e-13
strength_lateral_HZ_1,TN-P012,N687,interior_applied_load,,-18.0,249.0,229.319,9.779967805658503e-12,-8.187741967325977,2.592771674861159e-12,1.154880977802041e-11,7.3103164897961e-12,2.5339104232236437e-11
strength_lateral_HZ_1,TN-P013,N514,interior_applied_load,,-15.5,249.0,172.16,-8.281604055358703e-14,-9.934808889402479,2.0404035758686393e-13,2.8658217091378587e-12,-5.333437969906396e-14,-5.385080676756518e-13
strength_lateral_HZ_1,TN-P014,N515,interior_applied_load,,-7.75,249.0,200.739,3.9766308157763244e-13,-9.934808889401323,-5.383095687468745e-14,3.888682567199654e-12,-1.213862211818834e-12,-2.0332349002239804e-12
strength_lateral_HZ_1,TN-P015,N191,interior_applied_load,,-3.85,249.0,115.0,2.7617328380193703e-12,-8.056864092508276,9.403453495384026e-12,3.150877528177115e-14,-7.057023528166051e-12,-4.205765188253143e-12
strength_lateral_HZ_1,TN-P016,N192,interior_applied_load,,0.0,249.0,115.0,5.468852037893157e-09,-1.4665342129901102,3.702416054807145e-05,2.0869137529189175e-08,-9.338878746805615e-07,-4.990896638190634e-07
strength_lateral_HZ_1,TN-P017,N493,interior_applied_load,,0.0,249.0,117.5,-9.333405857205742e-09,-4.605542862098518,-1.2852282116928235e-08,-1.0375190006541033e-08,5.712870907369535e-13,-2.1429529207417755e-08
strength_lateral_HZ_1,TN-P018,N494,interior_applied_load,,0.0,249.0,144.955,2.689552876425549e-15,-9.211085725883635,-2.189247746870582e-14,2.0628733381094209e-13,-1.140280030130896e-14,5.767212290349889e-13
strength_lateral_HZ_1,TN-P019,N495,interior_applied_load,,0.0,249.0,172.41,-1.7961062486409657e-14,-9.211085725883672,1.0464932272425543e-14,-1.7516452196163878e-13,-2.16753465784313e-14,4.205975786498944e-13
strength_lateral_HZ_1,TN-P020,N496,interior_applied_load,,0.0,249.0,199.864,-4.77706369883587e-14,-9.211085725883242,-8.825660078792158e-15,5.527592383052374e-13,3.3584761696262653e-15,1.0515039831768379e-12
strength_lateral_HZ_1,TN-P021,N497,interior_applied_load,,0.0,249.0,227.319,0.0,-4.605542863719165,0.0,0.0,0.0,0.0
strength_lateral_HZ_1,TN-P022,N516,interior_applied_load,,-0.0,249.0,229.319,-2.9802322387695312e-08,-12.325946111232042,0.0,-1.1920928955078125e-07,0.0,-2.9802322387695312e-08
strength_lateral_HZ_1,TN-P023,N193,interior_applied_load,,0.031,249.0,115.0,-2.720457448922968e-09,-0.37785691304175095,-4.576033749232189e-05,4.2939565121507677e-10,-1.3724719025990035e-07,8.961067745092586e-08
strength_lateral_HZ_1,TN-P024,N194,interior_applied_load,,1.0,249.0,115.0,7.901235221652314e-12,-7.678506059463871,1.3865957271264051e-09,-2.660272002685815e-11,5.299796157487435e-10,5.352376319933683e-10
strength_lateral_HZ_1,TN-P025,N195,interior_applied_load,,9.344,249.0,115.0,-1.2984454590932455e-12,-285.24223749380286,-3.7810996641274784e-13,7.615040336763035e-15,-1.259036327298111e-11,-3.886424722941505e-13
strength_lateral_HZ_1,TN-P026,N688,interior_applied_load,,10.167,249.0,229.319,2.72009951707683e-12,-10.014583343913724,1.1810263181706732e-13,-3.4447245308268065e-14,4.4515217418236026e-12,-6.078841622929066e-13
strength_lateral_HZ_1,TN-P027,N517,interior_applied_load,,10.6,249.0,137.864,1.5916157281026244e-12,-8.319555897889131,7.105427357601002e-15,2.2737367544323206e-13,2.842170943040401e-14,4.547473508864641e-13
strength_lateral_HZ_1,TN-P028,N518,interior_applied_load,,20.2,249.0,160.728,-3.6487155491954196e-13,-8.31955589788867,7.224794888007955e-15,8.493597518151888e-16,-1.7939870426003195e-14,-2.7559285241135377e-12
strength_lateral_HZ_1,TN-P029,N196,interior_applied_load,,21.385,249.0,115.0,9.869075394390433e-12,-5.651219102730858,1.6100299390372968e-11,2.042373576264012e-14,-1.6359687779637165e-11,5.10118937661332e-11
strength_lateral_HZ_1,TN-P030,N197,interior_applied_load,,24.3,249.0,115.0,1.0616581973611661e-12,-2.511128213520559,9.566450390980483e-12,-2.0505530959284287e-13,-5.996427794770668e-11,1.7815314156572937e-10
strength_lateral_HZ_1,TN-P031,N198,interior_applied_load,,28.031,249.0,115.0,-2.933436635668598e-12,-284.50700449502034,1.2268840196669906e-11,-5.6146727883212666e-14,5.334215325375269e-12,8.567693460835079e-11
strength_lateral_HZ_1,TN-P032,N519,interior_applied_load,,29.8,249.0,183.592,5.6471161761637187e-14,-8.31955589788902,6.761143880686489e-15,1.509303948817963e-13,-7.270810498218647e-14,2.5066749207132345e-12
strength_lateral_HZ_1,TN-P033,N689,interior_applied_load,,38.333,249.0,229.319,-1.2731572927529215e-13,-10.145208349138905,1.7820073307012708e-13,-1.0991845223626372e-13,1.3679225296892206e-12,4.342690728070941e-13
strength_lateral_HZ_1,TN-P034,N520,interior_applied_load,,39.4,249.0,206.455,2.678047460545977e-13,-8.319555897890407,-1.9449154227224403e-14,3.108041044693384e-14,4.918334967475024e-13,7.546505254290647e-13
strength_lateral_HZ_1,TN-P035,N199,interior_applied_load,,42.74,249.0,115.0,9.845144286490566e-12,-7.061071857049408,2.46147671960364e-12,9.888944320369595e-14,1.674255643125784e-11,-8.79988504920551e-14
strength_lateral_HZ_1,TN-P036,N200,interior_applied_load,,46.719,249.0,115.0,-1.4956299200907225e-11,-280.3774188031273,9.800877421576506e-12,7.769412563053236e-14,1.573157945664408e-11,2.3760517760473425e-11
strength_lateral_HZ_1,TN-P037,N521,interior_applied_load,,49.0,249.0,229.319,-1.3863021841586942e-11,-7.2730071001377326,3.726117400737472e-10,-7.846182487024417e-12,-1.2161058618453957e-11,3.871260950694122e-11
strength_lateral_HZ_1,TN-P038,N201,interface_action,BR-N-upper-2,50.25,249.0,115.0,-199.43650947477713,217.1810384168506,0.6214925923090364,-49.7523140955241,-107.60905645745603,671.2429015176045
strength_lateral_HZ_1,TN-P039,N690,interface_action,BR-N-upper-1,50.25,249.0,229.319,383.3629713035191,463.7153817591379,7.151451998093762,-376.9359488685948,99.84401467443058,1151.8532875950068
strength_lateral_HZ_1,TN-P040,N202,interior_applied_load,,52.45,249.0,115.0,4.5570935173632456e-11,-1.1335499359667929,-2.729284048261723e-10,-1.9792115908274673e-10,4.621057440360142e-10,-1.9586973355286194e-10
strength_lateral_HZ_1,TN-P041,N203,interface_action,N1 / U-W,53.25,249.0,115.0,-550.9472685262502,1352.8785462446958,-39.87847915358698,203.35370897896505,-1607.2705995191502,19585.466720930202
strength_lateral_HZ_1,TN-P042,N691,interface_action,N1 / U-W,53.25,249.0,229.319,-451.33406690847823,-357.98833750640125,4.367025962653662,422.23071806370774,88.75786532973066,-2044.9601397777126
strength_lateral_HZ_1,TN-P043,N481,interface_action,N1 / U-W,56.25,249.0,207.0,700.6339852636903,329.818191768492,-6.666345488992533,-95.6987875190898,120.6011407938981,695.8315534202908
strength_lateral_HZ_1,TN-P044,N482,interior_applied_load,,57.25,249.0,207.0,1.862645149230957e-09,-6.714120946824551,-1.4901161193847656e-08,7.450580596923828e-09,1.1641532182693481e-10,0.0
strength_lateral_HZ_1,TN-P045,N531,interior_applied_load,,57.25,249.0,209.5,-1.862645149230957e-09,-2.989171451423317,7.450580596923828e-09,0.0,0.0,0.0
strength_lateral_HZ_1,TN-P046,N532,interior_applied_load,,57.25,249.0,227.319,1.2656881105688189e-08,-2.989171451750412,3.929868869559372e-09,7.66457652554009e-09,-1.3920676256160508e-11,9.722869467876372e-09
strength_lateral_HZ_1,TN-P047,N692,interior_applied_load,,57.25,249.0,229.319,-2.5753019439287494e-08,-3.461562483287926,-3.066197631141493e-08,1.3431645707824462e-08,1.012431459043119e-10,8.719636454216117e-09
strength_lateral_HZ_1,TN-P048,N204,interior_applied_load,,64.094,249.0,115.0,2.5890186802384553e-11,-4.593239103584784,-7.70329251329049e-10,2.4280480609661725e-13,2.459203859220319e-11,3.799952703568107e-10
strength_lateral_HZ_1,TN-P049,N205,interior_applied_load,,65.406,249.0,115.0,3.5866092572055434e-12,-283.776494413037,2.479059480875239e-10,3.0263862104451195e-13,1.5960621119991931e-10,3.0697851219010997e-10
strength_lateral_HZ_1,TN-P050,N693,interior_applied_load,,66.5,249.0,229.319,-9.861817227600457e-13,-6.008749997517556,5.232446812703085e-13,3.561919899371956e-14,3.192158307026369e-12,6.516283943494699e-13
strength_lateral_HZ_1,TN-P051,N541,interior_applied_load,,68.75,249.0,218.16,0.0,-5.376241893319502,-4.263256414560601e-14,0.0,-2.2737367544323206e-13,7.958078640513122e-13
strength_lateral_HZ_1,TN-P052,N483,interior_applied_load,,80.25,249.0,207.0,0.0,-7.884249992668629,-3.725290298461914e-09,-2.2351741790771484e-08,1.1641532182693481e-10,0.0
strength_lateral_HZ_1,TN-P053,N533,interior_applied_load,,80.25,249.0,209.5,-9.313225746154785e-10,-2.989171452820301,0.0,7.450580596923828e-09,0.0,4.656612873077393e-10
strength_lateral_HZ_1,TN-P054,N534,interior_applied_load,,80.25,249.0,227.319,-9.468887306185447e-09,-2.9891714520696158,3.3259598720969397e-10,2.084375807370753e-09,-1.52133320276747e-11,-5.173720216133937e-09
strength_lateral_HZ_1,TN-P055,N542,interior_applied_load,,80.25,249.0,229.319,1.609673560232413e-08,-12.795596944793507,-6.210502804483101e-10,8.201885775456768e-09,8.073842717043705e-11,7.1776925132803e-09
strength_lateral_HZ_1,TN-P056,N206,interior_applied_load,,80.6,249.0,115.0,-1.6960519464912583e-12,-7.061071856756919,-2.2060259911622337e-11,1.1621463658104643e-13,-3.0836741072643266e-11,-2.9479962212579226e-10
strength_lateral_HZ_1,TN-P057,N207,interior_applied_load,,84.094,249.0,115.0,-4.332968195609186e-11,-279.37139321262686,8.102851704073747e-10,1.845974210066432e-14,-1.224254409129331e-11,1.7395441228408552e-09
strength_lateral_HZ_1,TN-P058,N208,interior_applied_load,,85.448,249.0,115.0,2.074650182819862e-11,-7.061071857226179,-2.9696800290593594e-10,6.47106202259417e-14,-5.6650231164107946e-11,-5.155754900620451e-09
strength_lateral_HZ_1,TN-P059,N543,interior_applied_load,,92.25,249.0,218.16,6.366462912410498e-12,-5.497868662764631,-5.684341886080802e-14,-1.9326762412674725e-12,-4.092726157978177e-12,2.7284841053187847e-12
strength_lateral_HZ_1,TN-P060,N694,interior_applied_load,,94.667,249.0,229.319,3.600326718791489e-12,-6.2700000521209605,2.207277893001787e-13,-1.8024921987000168e-12,-2.3974579552275168e-11,-2.818252882680441e-12
strength_lateral_HZ_1,TN-P061,N209,interior_applied_load,,102.781,249.0,115.0,1.6530765013076474e-12,-285.6082797411582,-8.01370234510784e-12,-1.5629730530590168e-13,2.9411276436012024e-11,2.415766929985679e-10
strength_lateral_HZ_1,TN-P062,N484,interior_applied_load,,104.25,249.0,207.0,-4.6566128730773926e-09,-13.54986866377294,-1.4901161193847656e-08,2.9802322387695312e-08,3.841705620288849e-09,5.3085386753082275e-08
strength_lateral_HZ_1,TN-P063,N535,interior_applied_load,,104.25,249.0,209.5,1.3969838619232178e-08,-2.989171454682946,-2.9802322387695312e-08,-2.9802322387695312e-08,-3.4924596548080444e-10,3.3527612686157227e-08
strength_lateral_HZ_1,TN-P064,N536,interior_applied_load,,104.25,249.0,227.319,-2.1890696845494606e-08,-2.989171448665452,-1.6624630966993736e-08,-9.9965443076111e-09,4.9393424879988426e-11,2.359658278494603e-08
strength_lateral_HZ_1,TN-P065,N695,interior_applied_load,,104.25,249.0,229.319,1.2975110751014218e-08,-7.358541668955811,3.620592712621999e-08,-1.5711100140817464e-08,-8.422726975356819e-11,1.9795879767190988e-08
strength_lateral_HZ_1,TN-P066,N210,interior_applied_load,,106.802,249.0,115.0,1.9013410744639986e-11,-2.2552922203506185,4.856181239157185e-10,-1.422540721721462e-13,-7.305393031759422e-10,-3.624844549145986e-09
strength_lateral_HZ_1,TN-P067,N211,interior_applied_load,,108.75,249.0,115.0,7.213776431628657e-12,-5.541799958778804,2.006172382090572e-11,2.568593881791747e-13,-1.4639929516090132e-11,3.837836442054568e-09
strength_lateral_HZ_1,TN-P068,N544,interior_applied_load,,116.25,249.0,218.16,9.094947017729282e-13,-5.497868662761903,6.536993168992922e-13,3.865352482534945e-12,-5.002220859751105e-12,4.092726157978177e-12
strength_lateral_HZ_1,TN-P069,N212,interior_applied_load,,121.469,249.0,115.0,1.5043373028079867e-12,-284.87225943057297,8.830066990085837e-12,4.230666452790412e-14,5.616793330823305e-12,5.438583498434864e-10
strength_lateral_HZ_1,TN-P070,N696,interior_applied_load,,122.833,249.0,229.319,1.553118111824967e-11,-6.269999985885244,1.0461884656503978e-11,3.958429486087042e-12,-1.3149000385401518e-11,7.355039780252286e-11
strength_lateral_HZ_1,TN-P071,N213,interior_applied_load,,128.156,249.0,115.0,-3.633045581362951e-12,-5.83069785420193,-4.952854980033563e-12,2.680144808759345e-13,-1.18874206462412e-11,-1.3814831977901103e-09
strength_lateral_HZ_1,TN-P072,N485,interior_applied_load,,128.25,249.0,207.0,3.725290298461914e-09,-7.884249992668629,0.0,-2.9802322387695312e-08,0.0,0.0
strength_lateral_HZ_1,TN-P073,N537,interior_applied_load,,128.25,249.0,209.5,0.0,-2.9891714565455914,2.9802322387695312e-08,0.0,0.0,0.0
strength_lateral_HZ_1,TN-P074,N538,interior_applied_load,,128.25,249.0,227.319,3.077569235565569e-08,-2.989171454815032,-3.9559470629835225e-08,3.2921223497295315e-08,5.1163172298504464e-11,1.7977538180335983e-08
strength_lateral_HZ_1,TN-P075,N545,interior_applied_load,,128.25,249.0,229.319,-2.586120019515334e-08,-12.795596947841998,-3.667697759154082e-08,7.222224809486721e-08,-2.5076238403351317e-10,4.769518488763885e-08
strength_lateral_HZ_1,TN-P076,N214,interior_applied_load,,136.9,249.0,115.0,1.2390522754152503e-11,-4.534200061408976,-1.4452705083389231e-11,1.8725321298044433e-13,9.482892150194125e-11,-2.710882031035461e-10
strength_lateral_HZ_1,TN-P077,N546,interior_applied_load,,139.75,249.0,218.16,0.0,-5.376241893320184,5.684341886080802e-14,-2.7284841053187847e-12,1.8189894035458565e-12,-1.8189894035458565e-12
strength_lateral_HZ_1,TN-P078,N215,interior_applied_load,,140.156,249.0,115.0,-6.646979986168137e-13,-282.3044537898811,9.473680302191192e-11,1.355333175847979e-13,2.7599562395311916e-10,7.841792187629023e-10
strength_lateral_HZ_1,TN-P079,N216,interior_applied_load,,149.51,249.0,115.0,2.2670921795182316e-12,-7.061071856985164,1.0039219396676162e-11,-5.695849839222113e-14,-3.891940246060713e-11,-1.2825467179430883e-10
strength_lateral_HZ_1,TN-P080,N697,interior_applied_load,,151.0,249.0,229.319,-5.935107960652886e-11,-6.008749838711078,1.4264860646873156e-08,-9.583713252518709e-13,1.3141910320396688e-09,2.0006761664026484e-08
strength_lateral_HZ_1,TN-P081,N486,interior_applied_load,,151.25,249.0,207.0,3.725290298461914e-09,-6.714120950549841,-5.960464477539063e-08,1.1920928955078125e-07,3.4924596548080444e-10,7.450580596923828e-09
strength_lateral_HZ_1,TN-P082,N539,interior_applied_load,,151.25,249.0,209.5,0.0,-2.9891714490950108,-5.960464477539063e-08,0.0,0.0,-7.450580596923828e-09
strength_lateral_HZ_1,TN-P083,N540,interior_applied_load,,151.25,249.0,227.319,-1.758542658714113e-08,-2.98917145142716,1.0500628158660597e-08,-1.1858863363523042e-08,-3.54471522987878e-11,-5.66107033472818e-09
strength_lateral_HZ_1,TN-P084,N698,interior_applied_load,,151.25,249.0,229.319,-1.1932529676156323e-08,-1.1103126618747599,1.1912361179658329e-07,-5.1972457339145064e-08,-1.0182152513174038e-08,-4.702961691090135e-09
strength_lateral_HZ_1,TN-P085,N487,interior_applied_load,,152.25,249.0,207.0,9.5897153713319e-11,-0.16774999694964535,7.751070397006377e-09,8.680649904493969e-10,5.077866985151207e-08,4.940589433367105e-08
strength_lateral_HZ_1,TN-P086,N475,interior_applied_load,,155.25,249.0,120.0,1.1997505597960144e-13,-13.81098506960815,1.1011592216340432e-13,1.0656463781082411e-12,3.87521499276669e-14,-3.397557553149123e-12
strength_lateral_HZ_1,TN-P087,N476,interior_applied_load,,155.25,249.0,146.657,-4.210224231032774e-14,-27.621970139255854,-4.426586062031363e-13,1.015160957087769e-12,-9.462792309099903e-14,-7.45798312526058e-13
strength_lateral_HZ_1,TN-P088,N477,interior_applied_load,,155.25,249.0,173.314,-1.8114204523429921e-13,-27.621970139253225,-4.2736260109795624e-13,7.284980731500604e-12,-7.493468779394913e-14,3.527597364776238e-12
strength_lateral_HZ_1,TN-P089,N478,interior_applied_load,,155.25,249.0,199.971,3.2695164367461193e-12,-17.452729861462473,-2.8413453172545586e-11,-4.8464553748082615e-11,-2.6375625519700326e-13,-6.734648925039732e-12
strength_lateral_HZ_1,TN-P090,N479,interior_applied_load,,155.25,249.0,207.0,-1.755049185379486e-10,-13.810985089017324,4.050371328227933e-08,-2.1657420072712388e-09,-2.0497915355034514e-08,-4.8225499684081735e-08
strength_lateral_HZ_1,TN-P091,N480,interior_applied_load,,155.25,249.0,226.628,0.0,-10.169240280985832,0.0,0.0,0.0,-7.450580596923828e-09
strength_lateral_HZ_1,TN-P092,N699,interior_applied_load,,155.25,249.0,229.319,0.0,-2.2859374769032,-2.9802322387695312e-08,0.0,-1.1641532182693481e-10,0.0
strength_lateral_HZ_1,TN-P093,N217,interior_applied_load,,158.844,249.0,115.0,1.908777775999987e-11,-283.4112394757105,1.5224071631512775e-11,1.3693234413352892e-15,-1.0401790418182769e-10,-1.6833257925897758e-10
strength_lateral_HZ_1,TN-P094,N522,interior_applied_load,,160.0,249.0,229.319,3.91279834528643e-12,-10.647879345680908,1.0471357012352985e-11,-3.4990638645820964e-12,2.2628481289174396e-11,2.0176549660567902e-10
strength_lateral_HZ_1,TN-P095,N218,interior_applied_load,,165.05,249.0,115.0,-8.331430999900568e-12,-4.542071799472818,6.18889023231021e-12,5.230852390420664e-13,7.526715350835347e-12,1.7851844522602886e-10
strength_lateral_HZ_1,TN-P096,N219,interior_applied_load,,170.865,249.0,115.0,-8.084659387865691e-12,-4.716040323396011,1.517813233185699e-11,-2.801382789396195e-13,5.529137081793808e-12,-3.314807273197969e-10
strength_lateral_HZ_1,TN-P097,N523,interior_applied_load,,172.85,249.0,206.455,-2.6269917771734814e-12,-8.79930040279707,2.743111592343388e-15,-7.910930447043312e-13,-6.326631571882749e-14,2.2525244109607085e-12
strength_lateral_HZ_1,TN-P098,N220,interior_applied_load,,177.531,249.0,115.0,2.559108806441609e-11,-280.99142510288004,1.8442357314250382e-10,-5.630905401499576e-13,-6.815960409487629e-10,3.355340245506503e-10
strength_lateral_HZ_1,TN-P099,N700,interior_applied_load,,179.167,249.0,229.319,6.914114628227379e-12,-5.225000028932194,-3.167234879451347e-09,2.5151222855457167e-14,6.463869633645409e-10,-2.3115020167540432e-09
strength_lateral_HZ_1,TN-P100,N221,interior_applied_load,,180.0,249.0,115.0,1.3869280834910569e-08,-5.549671896857944,-7.302929816432879e-08,7.076917540871364e-08,-1.8282022349944563e-10,5.8269540303967915e-09
strength_lateral_HZ_1,TN-P101,N498,interior_applied_load,,180.0,249.0,117.5,-1.2779821645381162e-09,-4.605542845684516,1.4606644782588774e-09,2.563172074587783e-08,1.9161916497978382e-10,1.9865865397150628e-08
strength_lateral_HZ_1,TN-P102,N499,interior_applied_load,,180.0,249.0,144.955,-1.7053025658242404e-13,-9.211085725874,-4.831690603168681e-13,3.637978807091713e-12,0.0,4.547473508864641e-13
strength_lateral_HZ_1,TN-P103,N500,interior_applied_load,,180.0,249.0,172.41,-1.1368683772161603e-13,-9.211085725888552,0.0,-4.547473508864641e-13,-9.644067195058377e-15,-1.8189894035458565e-12
strength_lateral_HZ_1,TN-P104,N501,interior_applied_load,,180.0,249.0,199.864,-1.3589781194531043e-13,-9.21108572588256,-9.446791942947973e-17,-3.3947061981269307e-12,-6.9321258374825374e-15,-1.2323206728865484e-13
strength_lateral_HZ_1,TN-P105,N502,interior_applied_load,,180.0,249.0,227.319,-1.2505871838097704e-08,-4.605542880322519,-3.9891269587588596e-07,-4.4382440900214704e-07,4.200209747050951e-11,-6.244326777871123e-08
strength_lateral_HZ_1,TN-P106,N701,interior_applied_load,,180.0,249.0,229.319,1.1717833511590295e-07,-7.358541660470235,3.567038109585301e-07,-2.542774725259594e-07,-3.4020831245518474e-10,3.607848825259564e-08
strength_lateral_HZ_1,TN-P107,N524,interior_applied_load,,185.7,249.0,183.592,4.3541099223455895e-13,-8.79930040280501,-1.0216782843558546e-13,-9.42094600297257e-13,-4.71416921618882e-13,-2.296095043637083e-12
strength_lateral_HZ_1,TN-P108,N222,interior_applied_load,,192.219,249.0,115.0,-3.1785914765214943e-11,-4.987620015615511,-2.9031295844100236e-09,1.2862415250139236e-12,1.5056364891577728e-09,1.4309746207066014e-09
strength_lateral_HZ_1,TN-P109,N223,interior_applied_load,,193.2,249.0,115.0,6.065149893374986e-11,-1.5113999494239363,3.5820094029914664e-09,-1.4327650212156765e-12,-1.1580814239832185e-09,1.28386531047932e-09
strength_lateral_HZ_1,TN-P110,N224,interior_applied_load,,196.219,249.0,115.0,9.896858253972212e-13,-318.7273288729421,-7.541716282532764e-11,3.296911053160279e-13,-1.1870818261946434e-10,3.790232335374703e-10
strength_lateral_HZ_1,TN-P111,N525,interior_applied_load,,198.55,249.0,160.728,-2.493044350062117e-12,-8.799300402798812,5.539274690520608e-15,1.0112476611337186e-12,4.850357859495156e-13,3.740587176205064e-12
strength_lateral_HZ_1,TN-P112,N702,interior_applied_load,,207.333,249.0,229.319,2.7937783416153262e-12,-11.560312498829663,7.69101503548762e-13,-7.378770132490597e-14,1.0178600414952494e-10,-1.389111920456367e-10
strength_lateral_HZ_1,TN-P113,N526,interior_applied_load,,211.4,249.0,137.864,-1.8189894035458565e-12,-8.79930040279578,-2.2737367544323206e-13,5.4569682106375694e-12,3.637978807091713e-12,-4.263256414560601e-13
strength_lateral_HZ_1,TN-P114,N225,interior_applied_load,,213.573,249.0,115.0,-1.906343963614383e-11,-7.0610718563292085,-1.3452192932757936e-09,4.826353392934695e-12,-5.19625195475285e-10,5.03535878782406e-10
strength_lateral_HZ_1,TN-P115,N226,interior_applied_load,,214.906,249.0,115.0,2.3056883797151594e-11,-313.96799319337015,3.4263454257108437e-11,2.347702179197911e-13,-1.1950352535758803e-09,4.551037674624438e-10
strength_lateral_HZ_1,TN-P116,N227,interior_applied_load,,221.35,249.0,115.0,-2.0117293529165e-11,-3.5305359817139546,-5.656846293269766e-10,-5.579895714486142e-12,6.19307559121063e-10,-5.246994537279405e-11
strength_lateral_HZ_1,TN-P117,N228,interface_action,N2; T-E,224.25,249.0,115.0,-271.1859704256058,2609.34546722658,-217.01992285251617,377.84367322921753,-189.38889965275303,-2623.754206955433
strength_lateral_HZ_1,TN-P118,N503,interface_action,T-E,224.25,249.0,117.5,465.0649906396866,-1011.8460458349437,204.0886195898056,-1539.0991761684418,-576.1131636272185,4440.022392690182
strength_lateral_HZ_1,TN-P119,N186,interface_action,T-E,224.25,249.0,120.0,-2.2312502209533704,772.3392294836958,-4.359010462707374,-271.28362185228616,-36.1277445994333,186.9409078824392
strength_lateral_HZ_1,TN-P120,N504,interior_applied_load,,224.25,249.0,144.955,2.842170943040401e-14,-9.211085725886733,-1.1368683772161603e-13,-9.094947017729282e-13,-2.842170943040401e-14,1.1368683772161603e-13
strength_lateral_HZ_1,TN-P121,N505,interior_applied_load,,224.25,249.0,172.41,5.421198036876053e-15,-9.21108572588681,5.645066491758311e-14,9.939621819793402e-13,3.963961966502778e-14,-1.2793900958703576e-13
strength_lateral_HZ_1,TN-P122,N506,interior_applied_load,,224.25,249.0,199.864,-3.030424906395707e-15,-9.211085725884507,4.940447587578583e-14,-1.5327212679355794e-12,3.229126474907256e-14,-3.378605514596202e-14
strength_lateral_HZ_1,TN-P123,N507,interior_applied_load,,224.25,249.0,227.319,-8.576114875202823e-08,-4.605542860674468,4.760279583293503e-07,-2.426833359825409e-07,-1.0280609667072746e-10,1.071550773390495e-07
strength_lateral_HZ_1,TN-P124,N527,interface_action,N2; T-E top / segment 4,224.25,249.0,229.319,-85.29246466183223,-377.7142996847196,11.957463085179816,-595.9250546639339,144.33374054714514,-8769.400435060312
strength_lateral_HZ_1,TN-P125,N528,interior_applied_load,,230.312,249.0,200.739,-3.7523651878521144e-14,-9.801877704269124,1.626265878247926e-13,4.049194180742073e-12,-3.2407159044463608e-12,2.0428426526076026e-12
strength_lateral_HZ_1,TN-P126,N703,interior_applied_load,,235.5,249.0,229.319,-6.8984444697771505e-12,-6.424304463013517,2.7142499402197988e-11,-2.6970582115143525e-13,1.2506569417483455e-10,-2.0178666595001355e-11
strength_lateral_HZ_1,TN-P127,N529,interior_applied_load,,236.375,249.0,172.16,2.6470455918208065e-13,-9.801877704258555,3.421687206123744e-14,-8.590516254309577e-13,9.435223074394473e-13,-2.5673103532377316e-12
strength_lateral_HZ_1,TN-P128,N530,interior_applied_load,,242.438,249.0,143.58,-1.3642420526593924e-12,-9.801877704256185,-1.8189894035458565e-12,1.1823431123048067e-11,3.637978807091713e-12,2.0463630789890885e-12
strength_lateral_HZ_1,TN-P129,N229,interior_applied_load,,248.5,249.0,115.0,2.9802322387695312e-08,-14.441651333123446,2.384185791015625e-07,0.0,1.862645149230957e-09,2.9802322387695312e-08
strength_lateral_HZ_1,TN-P130,N508,interior_applied_load,,248.5,249.0,117.5,0.0,-4.470258487388492,0.0,-2.384185791015625e-07,-9.313225746154785e-10,-2.9802322387695312e-08
strength_lateral_HZ_1,TN-P131,N509,interior_applied_load,,248.5,249.0,144.148,-1.541664395899201e-14,-8.940516968504426,-1.9918745732230633e-13,-7.282656189176123e-13,1.434159148730449e-14,1.9095396206034379e-13
strength_lateral_HZ_1,TN-P132,N510,interior_applied_load,,248.5,249.0,170.797,4.4079118162287906e-14,-8.940516968505397,9.953543928745765e-14,-2.0649686743272494e-11,2.008352433049956e-14,-2.2808640653251624e-13
strength_lateral_HZ_1,TN-P133,N511,interior_applied_load,,248.5,249.0,197.445,-1.427528781108223e-14,-8.940516968502155,2.107411170513791e-13,7.196225456406972e-12,-1.2182984631993977e-14,-1.7359675360142426e-12
strength_lateral_HZ_1,TN-P134,N512,interior_applied_load,,248.5,249.0,224.093,1.645382949917923e-08,-4.470258486208542,-3.689133556352774e-09,9.93958684914122e-08,1.3930027780673418e-10,-1.6422475167993053e-08
strength_lateral_HZ_1,TN-P135,N704,interior_applied_load,,248.5,249.0,226.324,-2.3307450741337985e-09,-3.7533375143243246,-5.2443659787354265e-08,6.514026408846274e-08,5.817287103561924e-10,-3.495980735379502e-08
strength_lateral_HZ_1,TN-P136,N230,interior_applied_load,,249.5,249.0,115.0,-1.808647676071473e-11,-0.37785001415705605,-1.1359049881254357e-08,4.039906430219897e-12,-1.072844452165711e-09,8.640256149439196e-10
strength_lateral_HZ_1,TN-P137,N705,interior_applied_load,,249.5,249.0,226.093,2.4386375951021235e-12,-0.2680955354885885,4.014885907349382e-09,1.1065971011154118e-10,1.5580028849829693e-09,-2.3127886936960782e-11
strength_lateral_HZ_-1,TN-P001,N148,interface_action,BR-N-upper-1; T-W / B-WO; W4,-32.0,249.0,115.0,-169.1368944255867,215.34268398133972,50.52773218054539,362.5039823776485,-2400.816835583468,-2474.831267869869
strength_lateral_HZ_-1,TN-P002,N628,interface_action,BR-N-upper-2; T-W top / segment 2; W4,-32.0,249.0,226.093,179.34765682288878,67.0622426955367,-10.03439035939953,228.46770019619393,195.33100130253058,732.900163338685
strength_lateral_HZ_-1,TN-P003,N189,interior_applied_load,,-31.0,249.0,115.0,-8.31925106581366e-09,-9.001740371661526,-1.1437812474923703e-08,-7.963762982399203e-10,-1.4634196077167871e-09,1.3486214811564423e-08
strength_lateral_HZ_-1,TN-P004,N488,interior_applied_load,,-31.0,249.0,117.5,1.4065101894221018e-09,-4.470258484696911,-7.832716570690125e-11,-7.614792640215547e-09,1.4742360255929741e-10,1.638798247563484e-08
strength_lateral_HZ_-1,TN-P005,N489,interior_applied_load,,-31.0,249.0,144.148,4.810675627389214e-15,-8.940516968503536,-5.847374978402867e-15,6.702279093065704e-13,1.0760220397772327e-14,1.1812430699047303e-13
strength_lateral_HZ_-1,TN-P006,N490,interior_applied_load,,-31.0,249.0,170.797,1.8085216685459998e-14,-8.940516968503296,-5.900130207475388e-14,2.0506282937639992e-13,1.0021825827467724e-14,-2.3196220032672676e-13
strength_lateral_HZ_-1,TN-P007,N491,interior_applied_load,,-31.0,249.0,197.445,3.853397431221678e-14,-8.940516968503026,-5.5951326650876504e-14,8.798623401864944e-13,6.3341402137882e-15,-3.4589505219057433e-13
strength_lateral_HZ_-1,TN-P008,N492,interior_applied_load,,-31.0,249.0,224.093,-2.9802322387695312e-08,-4.470258483896032,0.0,0.0,0.0,0.0
strength_lateral_HZ_-1,TN-P009,N686,interior_applied_load,,-31.0,249.0,226.324,2.9802322387695312e-08,-3.7533375120256096,0.0,-9.5367431640625e-07,1.414446160197258e-08,0.0
strength_lateral_HZ_-1,TN-P010,N513,interior_applied_load,,-23.25,249.0,143.58,3.126388037344441e-13,-9.93480888940235,-2.842170943040401e-14,-1.3358203432289883e-11,2.3874235921539366e-12,3.751665644813329e-12
strength_lateral_HZ_-1,TN-P011,N190,interior_applied_load,,-21.323,249.0,115.0,1.9500614592376933e-12,-10.258627486019055,4.5461683756718245e-13,-2.2274393506825108e-13,8.735821997271169e-13,-2.077388176940912e-12
strength_lateral_HZ_-1,TN-P012,N687,interior_applied_load,,-18.0,249.0,229.319,-2.6765845139666453e-13,-8.187741967325783,1.0730855551700854e-11,1.935940698591342e-11,2.3045657386157305e-11,-4.870568864472794e-13
strength_lateral_HZ_-1,TN-P013,N514,interior_applied_load,,-15.5,249.0,172.16,2.7347414546450985e-13,-9.93480888940267,2.4638225128192416e-13,-4.657371027515708e-12,1.650495222004689e-12,1.2621141935282956e-14
strength_lateral_HZ_-1,TN-P014,N515,interior_applied_load,,-7.75,249.0,200.739,1.4308024656137059e-13,-9.93480888940261,6.509746997391245e-14,-7.516701175600575e-12,1.507159088650383e-12,3.21460026189892e-12
strength_lateral_HZ_-1,TN-P015,N191,interior_applied_load,,-3.85,249.0,115.0,6.217842523922507e-12,-8.056864092479612,5.35402231455141e-13,2.2532225418937514e-13,-5.260297592860509e-13,3.150978467130228e-11
strength_lateral_HZ_-1,TN-P016,N192,interior_applied_load,,0.0,249.0,115.0,-7.6320461062096e-09,-1.4665289127554346,-1.3581707847265534e-07,7.508962340807557e-10,5.302009658306624e-08,-4.119590180096111e-07
strength_lateral_HZ_-1,TN-P017,N493,interior_applied_load,,0.0,249.0,117.5,8.850987481886932e-09,-4.605542862965775,-1.2546460757098254e-10,-2.3236313959604802e-09,-8.481448262988236e-11,-1.6641864205985907e-08
strength_lateral_HZ_-1,TN-P018,N494,interior_applied_load,,0.0,249.0,144.955,-1.0854398563570942e-13,-9.211085725883216,-5.595780773324012e-15,4.590456609318888e-13,-3.094279834820524e-15,-3.9101418597731555e-13
strength_lateral_HZ_-1,TN-P019,N495,interior_applied_load,,0.0,249.0,172.41,-2.154812135509238e-14,-9.211085725883922,-4.23237011687313e-14,-7.235594179357492e-13,2.518980569812673e-15,1.2689934939338678e-12
strength_lateral_HZ_-1,TN-P020,N496,interior_applied_load,,0.0,249.0,199.864,-2.1642534935529438e-14,-9.211085725882729,-1.7489295525682585e-14,1.28522082632551e-12,2.0735744003960944e-18,1.3200023841787705e-12
strength_lateral_HZ_-1,TN-P021,N497,interior_applied_load,,0.0,249.0,227.319,-5.960464477539063e-08,-4.605542864184827,0.0,-2.384185791015625e-07,0.0,2.9802322387695312e-08
strength_lateral_HZ_-1,TN-P022,N516,interior_applied_load,,-0.0,249.0,229.319,-2.9802322387695312e-08,-12.325946111232042,0.0,0.0,0.0,2.9802322387695312e-08
strength_lateral_HZ_-1,TN-P023,N193,interior_applied_load,,0.031,249.0,115.0,-7.927607635589936e-10,-0.37787386153970326,1.9752380515088396e-06,1.0119102534121254e-10,-2.4341497398818296e-08,1.7095177265014639e-07
strength_lateral_HZ_-1,TN-P024,N194,interior_applied_load,,1.0,249.0,115.0,-1.0834355634870008e-10,-7.678506057074856,5.650946377500077e-11,4.661160346586257e-11,-2.0691004465334117e-11,-6.193658919073641e-10
strength_lateral_HZ_-1,TN-P025,N195,interior_applied_load,,9.344,249.0,115.0,-8.651031430664331e-12,-285.2422374938012,-2.4244931247766375e-15,-1.6500280385895478e-13,1.0921313518540984e-11,-2.411763185134777e-11
strength_lateral_HZ_-1,TN-P026,N688,interior_applied_load,,10.167,249.0,229.319,2.537031278526887e-12,-10.014583343913868,1.0856261248018015e-12,-2.308511215846055e-13,3.961255312054335e-12,3.493697050168949e-13
strength_lateral_HZ_-1,TN-P027,N517,interior_applied_load,,10.6,249.0,137.864,-2.2737367544323206e-13,-8.319555897892997,-7.105427357601002e-15,3.979039320256561e-13,0.0,0.0
strength_lateral_HZ_-1,TN-P028,N518,interior_applied_load,,20.2,249.0,160.728,-9.711975365119543e-13,-8.31955589789029,-5.797875402496357e-14,-3.377044352694791e-13,-2.5929761249357633e-13,-3.8928312383048245e-12
strength_lateral_HZ_-1,TN-P029,N196,interior_applied_load,,21.385,249.0,115.0,2.5101843337840272e-11,-5.651219102746328,2.4139584171419365e-11,-2.0048970107004548e-14,-5.832692722979192e-11,1.9756564441492225e-11
strength_lateral_HZ_-1,TN-P030,N197,interior_applied_load,,24.3,249.0,115.0,-1.1344844585621328e-11,-2.511128213497421,-1.509651728557863e-11,-4.618675737625527e-13,-1.2109128463205872e-10,5.830791793346178e-11
strength_lateral_HZ_-1,TN-P031,N198,interior_applied_load,,28.031,249.0,115.0,-4.760141248451057e-13,-284.5070044949872,-4.514246158568547e-11,-2.583845328330132e-13,-2.8727967936038993e-11,2.601037591123596e-11
strength_lateral_HZ_-1,TN-P032,N519,interior_applied_load,,29.8,249.0,183.592,8.737923892244414e-13,-8.319555897888785,2.5786648965173798e-14,8.709439448193155e-13,-4.5851425381263383e-14,1.3906475622500442e-12
strength_lateral_HZ_-1,TN-P033,N689,interior_applied_load,,38.333,249.0,229.319,1.8022858087336597e-12,-10.145208349138922,4.227538743453696e-12,-1.1263988335575187e-13,2.305818025766799e-12,-9.476516233770814e-13
strength_lateral_HZ_-1,TN-P034,N520,interior_applied_load,,39.4,249.0,206.455,-7.811047263139017e-14,-8.31955589789084,2.560910418529784e-13,-1.4528781249766485e-13,-1.106963863549851e-12,-3.0586061785577945e-12
strength_lateral_HZ_-1,TN-P035,N199,interior_applied_load,,42.74,249.0,115.0,1.0424076088828789e-11,-7.0610718570577635,-1.8908835853328912e-11,2.0437091995463326e-13,-1.2609465033922199e-11,-2.255667093525871e-11
strength_lateral_HZ_-1,TN-P036,N200,interior_applied_load,,46.719,249.0,115.0,-5.770012702958897e-12,-280.37741880314786,-7.227336139444089e-11,-5.70220276927589e-14,2.5809730026841725e-11,-2.372994005744098e-11
strength_lateral_HZ_-1,TN-P037,N521,interior_applied_load,,49.0,249.0,229.319,-1.9232837544791437e-11,-7.273007100075876,7.783586518372854e-10,3.8055798079295084e-11,1.1783207248469707e-09,-7.557602894198157e-11
strength_lateral_HZ_-1,TN-P038,N201,interface_action,BR-N-upper-2,50.25,249.0,115.0,-145.60572900742068,145.08200972861013,-1.6244030822184328,-82.1748680441648,-67.75901537560541,652.8869049225872
strength_lateral_HZ_-1,TN-P039,N690,interface_action,BR-N-upper-1,50.25,249.0,229.319,377.14654034165517,455.8177125268489,8.110215040750344,-333.3132086315713,72.82563345793659,1107.6830784731587
strength_lateral_HZ_-1,TN-P040,N202,interior_applied_load,,52.45,249.0,115.0,-4.067261693674368e-10,-1.1335499354363567,-6.826853645253985e-10,-1.8195540567895304e-10,-1.4424047730838229e-10,1.6749620662681028e-10
strength_lateral_HZ_-1,TN-P041,N203,interface_action,N1 / U-W,53.25,249.0,115.0,-632.8431640338283,1424.4282843506562,-35.644119167194944,318.7306347139646,-2037.9238647095717,19235.52875467934
strength_lateral_HZ_-1,TN-P042,N691,interface_action,N1 / U-W,53.25,249.0,229.319,-396.14296537835247,-325.4758117795036,12.89914751548193,395.564390635623,-532.5184604266669,-1883.1022727271982
strength_lateral_HZ_-1,TN-P043,N481,interface_action,N1 / U-W,56.25,249.0,207.0,620.4604361423917,282.4767159269569,-7.280888134228487,-5.298650826598474,-141.52712033150738,568.3209635804122
strength_lateral_HZ_-1,TN-P044,N482,interior_applied_load,,57.25,249.0,207.0,0.0,-6.714120946824551,0.0,1.1920928955078125e-07,0.0,-2.2351741790771484e-08
strength_lateral_HZ_-1,TN-P045,N531,interior_applied_load,,57.25,249.0,209.5,0.0,-2.9891714523546398,-1.1920928955078125e-07,1.1920928955078125e-07,0.0,0.0
strength_lateral_HZ_-1,TN-P046,N532,interior_applied_load,,57.25,249.0,227.319,2.5922944631162625e-08,-2.98917145156954,-3.54031809896016e-07,-5.5965508838351496e-08,-1.0951535482724781e-10,-9.520941632312763e-09
strength_lateral_HZ_-1,TN-P047,N692,interior_applied_load,,57.25,249.0,229.319,-2.148552170451773e-08,-3.4615624838396046,-1.1990172355212446e-07,-8.248339761138983e-08,-1.875419531793534e-09,-2.1567239231955758e-08
strength_lateral_HZ_-1,TN-P048,N204,interior_applied_load,,64.094,249.0,115.0,2.012842133619161e-11,-4.5932391050474095,3.8299175944517964e-10,-7.480588713547157e-13,5.048447648385994e-10,-7.99199545991612e-10
strength_lateral_HZ_-1,TN-P049,N205,interior_applied_load,,65.406,249.0,115.0,3.874399899512548e-11,-283.77649441198304,2.237114093122135e-10,8.8061850583647e-13,2.229429570019648e-10,1.1206203898576489e-11
strength_lateral_HZ_-1,TN-P050,N693,interior_applied_load,,66.5,249.0,229.319,-1.52415923670334e-12,-6.008749997517264,8.240160787351288e-12,3.073780586910811e-13,-5.169473016415969e-11,-1.2393080671618037e-12
strength_lateral_HZ_-1,TN-P051,N541,interior_applied_load,,68.75,249.0,218.16,0.0,-5.376241893319616,-6.821210263296962e-13,3.637978807091713e-12,-7.275957614183426e-12,0.0
strength_lateral_HZ_-1,TN-P052,N483,interior_applied_load,,80.25,249.0,207.0,0.0,-7.884249993599951,1.1920928955078125e-07,0.0,0.0,-7.450580596923828e-09
strength_lateral_HZ_-1,TN-P053,N533,interior_applied_load,,80.25,249.0,209.5,-7.450580596923828e-09,-2.9891714518889785,0.0,0.0,2.3283064365386963e-10,-7.450580596923828e-09
strength_lateral_HZ_-1,TN-P054,N534,interior_applied_load,,80.25,249.0,227.319,-2.5785206254902437e-08,-2.989171451909875,1.8700405150784416e-07,-6.3366744906812045e-09,1.3526980256796218e-10,-9.042115015067687e-09
strength_lateral_HZ_-1,TN-P055,N542,interior_applied_load,,80.25,249.0,229.319,-6.847394849951225e-09,-12.795596944235182,-2.761051729349352e-07,-4.0753009180073256e-08,-7.521799730532813e-10,2.575483438930343e-08
strength_lateral_HZ_-1,TN-P056,N206,interior_applied_load,,80.6,249.0,115.0,-6.534686802324108e-12,-7.061071856484084,1.9919566141991474e-11,-9.18326597490599e-13,2.588090474212321e-11,-1.0363067870431061e-10
strength_lateral_HZ_-1,TN-P057,N207,interior_applied_load,,84.094,249.0,115.0,-3.278192621211947e-11,-279.3713932068525,1.9219184731599904e-10,2.086501113397474e-12,-1.2653495746401328e-10,4.167720008113866e-09
strength_lateral_HZ_-1,TN-P058,N208,interior_applied_load,,85.448,249.0,115.0,2.486617432817478e-12,-7.061071861444509,-9.289479937483586e-11,-4.3397541651661186e-13,-1.939218231849725e-11,-3.3864717221441024e-10
strength_lateral_HZ_-1,TN-P059,N543,interior_applied_load,,92.25,249.0,218.16,3.637978807091713e-12,-5.497868662763722,-2.2737367544323206e-12,-2.3646862246096134e-11,-5.4569682106375694e-12,-2.9558577807620168e-12
strength_lateral_HZ_-1,TN-P060,N694,interior_applied_load,,94.667,249.0,229.319,2.21221548621786e-12,-6.2700000521210635,-3.8813212226741844e-13,6.284185107341488e-11,5.5272119911063805e-11,2.2074633237420255e-11
strength_lateral_HZ_-1,TN-P061,N209,interior_applied_load,,102.781,249.0,115.0,1.5497520861803189e-12,-285.608279740956,3.350294762636214e-11,-5.776711641541178e-13,-1.7713874997395512e-11,3.5600723777397457e-10
strength_lateral_HZ_-1,TN-P062,N484,interior_applied_load,,104.25,249.0,207.0,3.3527612686157227e-08,-13.549868665635586,-2.384185791015625e-07,-7.152557373046875e-07,-5.587935447692871e-09,-2.9802322387695312e-08
strength_lateral_HZ_-1,TN-P063,N535,interior_applied_load,,104.25,249.0,209.5,-3.3527612686157227e-08,-2.989171450957656,7.152557373046875e-07,2.384185791015625e-07,-1.6298145055770874e-08,7.450580596923828e-09
strength_lateral_HZ_-1,TN-P064,N536,interior_applied_load,,104.25,249.0,227.319,-1.251859726991711e-10,-2.9891714530622817,4.418073268341871e-09,6.317090867069552e-08,-4.843714596602334e-10,1.4674177650775277e-08
strength_lateral_HZ_-1,TN-P065,N695,interior_applied_load,,104.25,249.0,229.319,-1.7974740091295276e-08,-7.358541665902173,-2.8616145508585886e-07,-1.1219675926372313e-07,5.313776377917506e-10,-8.234563088487128e-09
strength_lateral_HZ_-1,TN-P066,N210,interior_applied_load,,106.802,249.0,115.0,1.3844263102301539e-11,-2.2552922160766187,-5.243611782423237e-10,-1.379278111887593e-12,1.6148851226558836e-10,-5.5598444448122465e-09
strength_lateral_HZ_-1,TN-P067,N211,interior_applied_load,,108.75,249.0,115.0,4.008561716672563e-12,-5.541799957851561,4.1823848184115634e-11,-2.1145674737029795e-13,2.265531304670873e-10,4.828400522281143e-09
strength_lateral_HZ_-1,TN-P068,N544,interior_applied_load,,116.25,249.0,218.16,-1.8189894035458565e-12,-5.497868662763722,-3.637978807091713e-12,-3.637978807091713e-12,2.7284841053187847e-11,-4.092726157978177e-12
strength_lateral_HZ_-1,TN-P069,N212,interior_applied_load,,121.469,249.0,115.0,4.433251698949196e-12,-284.8722594305196,-1.151409568241205e-13,7.014698348096647e-13,-2.2333024304161914e-11,5.3989731207383194e-11
strength_lateral_HZ_-1,TN-P070,N696,interior_applied_load,,122.833,249.0,229.319,7.334559606776555e-12,-6.269999985894826,-1.4387412515248064e-12,-6.915248745310588e-11,-3.73282792067824e-10,1.3150860061438185e-10
strength_lateral_HZ_-1,TN-P071,N213,interior_applied_load,,128.156,249.0,115.0,-8.074909042956705e-12,-5.830697853946118,-6.5762677378490905e-12,2.52798453223725e-13,-1.3755549268899252e-11,-6.600067217331229e-10
strength_lateral_HZ_-1,TN-P072,N485,interior_applied_load,,128.25,249.0,207.0,-3.725290298461914e-09,-7.884249992668629,0.0,2.384185791015625e-07,4.656612873077393e-10,-3.725290298461914e-09
strength_lateral_HZ_-1,TN-P073,N537,interior_applied_load,,128.25,249.0,209.5,0.0,-2.989171452820301,0.0,-2.384185791015625e-07,-4.656612873077393e-10,0.0
strength_lateral_HZ_-1,TN-P074,N538,interior_applied_load,,128.25,249.0,227.319,-3.7285577285384175e-08,-2.9891714547183392,3.931075535923423e-07,7.580718747179915e-08,-3.314075922933926e-10,4.425960516141192e-08
strength_lateral_HZ_-1,TN-P075,N545,interior_applied_load,,128.25,249.0,229.319,-2.065265725492201e-09,-12.795596948542702,-3.433101818611558e-07,-2.664729920463241e-07,-7.961943469298065e-10,8.052896300232432e-08
strength_lateral_HZ_-1,TN-P076,N214,interior_applied_load,,136.9,249.0,115.0,1.675734019558559e-11,-4.5342000608597965,4.244199430613945e-12,1.2174353586639643e-12,-1.301683114244327e-10,5.910727252363401e-11
strength_lateral_HZ_-1,TN-P077,N546,interior_applied_load,,139.75,249.0,218.16,-3.637978807091713e-12,-5.376241893316546,-2.7284841053187847e-12,2.1827872842550278e-11,-3.637978807091713e-12,-2.2737367544323206e-12
strength_lateral_HZ_-1,TN-P078,N215,interior_applied_load,,140.156,249.0,115.0,5.5820716876137996e-12,-282.30445378986803,-1.2417001672186585e-11,8.368214372001944e-13,-1.0755213686306576e-10,1.076860588472869e-09
strength_lateral_HZ_-1,TN-P079,N216,interior_applied_load,,149.51,249.0,115.0,-7.270838204505626e-12,-7.061071857035263,-2.4698557279346224e-12,-2.0247588179083032e-13,1.0644579373728429e-11,-9.78061004145673e-10
strength_lateral_HZ_-1,TN-P080,N697,interior_applied_load,,151.0,249.0,229.319,2.035394075505792e-11,-6.008749928462297,1.3244367985665306e-07,-1.598891632606576e-11,-3.269022318119763e-08,7.371264786060205e-09
strength_lateral_HZ_-1,TN-P081,N486,interior_applied_load,,151.25,249.0,207.0,0.0,-6.714120946824551,2.384185791015625e-07,0.0,-2.7939677238464355e-09,-5.587935447692871e-09
strength_lateral_HZ_-1,TN-P082,N539,interior_applied_load,,151.25,249.0,209.5,0.0,-2.9891714490950108,2.384185791015625e-07,0.0,0.0,3.725290298461914e-09
strength_lateral_HZ_-1,TN-P083,N540,interior_applied_load,,151.25,249.0,227.319,-1.0813410146470748e-08,-2.9891714535365215,1.020839389132e-06,-2.855323579797897e-07,-4.763341275558456e-11,-2.724999516312554e-08
strength_lateral_HZ_-1,TN-P084,N698,interior_applied_load,,151.25,249.0,229.319,-3.9132237825145744e-08,-1.1103125958502678,-1.0370123446545518e-07,-2.858102637035663e-07,6.633091968917537e-08,-3.4183993624474496e-08
strength_lateral_HZ_-1,TN-P085,N487,interior_applied_load,,152.25,249.0,207.0,-1.0398758820391274e-11,-0.16775002052192053,1.1663542202370408e-07,2.150242298538633e-09,5.60609321113936e-09,-3.3137894669996716e-08
strength_lateral_HZ_-1,TN-P086,N475,interior_applied_load,,155.25,249.0,120.0,-1.0129099889505557e-13,-13.81098506960954,3.171105146967669e-13,6.028295788031054e-13,-2.0890861366020767e-13,1.6503212598833615e-12
strength_lateral_HZ_-1,TN-P087,N476,interior_applied_load,,155.25,249.0,146.657,1.514771826503341e-13,-27.62197013925498,-1.8610751185254743e-13,-6.646558941826254e-12,4.7267025075022625e-14,7.283792021313029e-13
strength_lateral_HZ_-1,TN-P088,N477,interior_applied_load,,155.25,249.0,173.314,7.929683821340932e-14,-27.621970139254614,1.1451029701144158e-12,-3.2955495190949726e-11,-2.0890861366020767e-13,-1.0887177532124732e-12
strength_lateral_HZ_-1,TN-P089,N478,interior_applied_load,,155.25,249.0,199.971,1.3433499823970949e-12,-17.452729861443288,1.838962704273458e-11,-9.598800838203164e-11,1.3592626897327353e-12,-3.3264576620295166e-12
strength_lateral_HZ_-1,TN-P090,N479,interior_applied_load,,155.25,249.0,207.0,-6.93887251021379e-12,-13.810985071378862,-1.6954892446791698e-07,5.4319844867594096e-09,-2.4262602827902327e-08,-2.162613896313808e-08
strength_lateral_HZ_-1,TN-P091,N480,interior_applied_load,,155.25,249.0,226.628,-1.4901161193847656e-08,-10.169240277260542,0.0,-4.76837158203125e-07,0.0,1.4901161193847656e-08
strength_lateral_HZ_-1,TN-P092,N699,interior_applied_load,,155.25,249.0,229.319,7.450580596923828e-09,-2.2859374806284904,2.384185791015625e-07,0.0,9.313225746154785e-10,2.9802322387695312e-08
strength_lateral_HZ_-1,TN-P093,N217,interior_applied_load,,158.844,249.0,115.0,1.1212471606278195e-11,-283.4112394756467,-8.267067981793575e-12,9.92389024313351e-14,4.0599608228198736e-11,-5.352915930124131e-10
strength_lateral_HZ_-1,TN-P094,N522,interior_applied_load,,160.0,249.0,229.319,-8.269472568571518e-13,-10.647879345674315,-2.311530109890274e-10,6.068653199432867e-11,2.3442627276194166e-10,-3.780109470235693e-11
strength_lateral_HZ_-1,TN-P095,N218,interior_applied_load,,165.05,249.0,115.0,-8.398589904752991e-12,-4.542071799416323,-7.255294566968882e-12,1.3766238591919093e-12,-1.4098850552542956e-11,2.955035893119819e-10
strength_lateral_HZ_-1,TN-P096,N219,interior_applied_load,,170.865,249.0,115.0,6.30314561866796e-12,-4.716040323443327,-1.1002732545229872e-11,7.59491775882009e-14,4.839991325733106e-11,2.7201469250569508e-11
strength_lateral_HZ_-1,TN-P097,N523,interior_applied_load,,172.85,249.0,206.455,-2.74998998382302e-13,-8.799300402797789,4.690143642925522e-13,9.996281944680499e-12,2.784879203504352e-13,-3.4567913287456933e-12
strength_lateral_HZ_-1,TN-P098,N220,interior_applied_load,,177.531,249.0,115.0,-1.7624608000021662e-11,-280.9914251031205,-6.021585447888e-11,-5.937126501019955e-13,5.065173886786422e-10,4.5790506298922693e-10
strength_lateral_HZ_-1,TN-P099,N700,interior_applied_load,,179.167,249.0,229.319,1.0330805797982362e-11,-5.225000035222116,-6.9734914850051165e-09,2.804988818566014e-12,7.409038344485525e-10,3.5564107658398767e-09
strength_lateral_HZ_-1,TN-P100,N221,interior_applied_load,,180.0,249.0,115.0,1.3392787323596167e-08,-5.5496718997489864,-6.933017715482492e-08,-3.231899725619769e-08,-1.9192108769519418e-10,6.2240319564921265e-09
strength_lateral_HZ_-1,TN-P101,N498,interior_applied_load,,180.0,249.0,117.5,9.232849151885603e-09,-4.605542853771251,5.031253635934263e-09,2.7138412406202406e-08,1.9610979506978765e-12,2.8352701519906987e-08
strength_lateral_HZ_-1,TN-P102,N499,interior_applied_load,,180.0,249.0,144.955,-5.684341886080802e-14,-9.211085725874,5.684341886080802e-14,9.094947017729282e-13,7.105427357601002e-15,9.094947017729282e-13
strength_lateral_HZ_-1,TN-P103,N500,interior_applied_load,,180.0,249.0,172.41,0.0,-9.211085725895828,-1.1368683772161603e-13,-2.7284841053187847e-12,1.686551705364133e-14,-3.637978807091713e-12
strength_lateral_HZ_-1,TN-P104,N501,interior_applied_load,,180.0,249.0,199.864,-1.495144173935789e-13,-9.211085725875588,9.821020471929759e-14,8.54639064467648e-12,-4.561294519931131e-15,-5.315188094742807e-12
strength_lateral_HZ_-1,TN-P105,N502,interior_applied_load,,180.0,249.0,227.319,1.18755886457933e-07,-4.60554288211082,1.7945959188137017e-07,1.2508862152205147e-06,4.944618631643017e-10,-1.3504994544888405e-07
strength_lateral_HZ_-1,TN-P106,N701,interior_applied_load,,180.0,249.0,229.319,3.2015228688520517e-09,-7.358541662840456,9.902307991613071e-07,-1.1464642982992305e-06,7.272145860968861e-09,-1.5323179001925842e-07
strength_lateral_HZ_-1,TN-P107,N524,interior_applied_load,,185.7,249.0,183.592,-2.5051119617908283e-12,-8.799300402800611,-2.03730607392641e-13,1.0388645513862535e-11,7.18388205780159e-12,-8.639835773798623e-13
strength_lateral_HZ_-1,TN-P108,N222,interior_applied_load,,192.219,249.0,115.0,-3.277382869351437e-11,-4.987620012081438,1.7891935054480096e-09,2.2108198047123764e-12,2.8850063461434826e-10,2.3195775915479885e-09
strength_lateral_HZ_-1,TN-P109,N223,interior_applied_load,,193.2,249.0,115.0,7.806932873389065e-11,-1.511399949285923,1.4952719616735795e-09,-4.463173172207929e-12,3.8561034019315026e-11,-7.881564035329345e-10
strength_lateral_HZ_-1,TN-P110,N224,interior_applied_load,,196.219,249.0,115.0,1.812858356942742e-11,-318.7273288730143,5.294696353186056e-11,1.7011092539221114e-12,9.366507519544921e-11,2.1644685403795156e-10
strength_lateral_HZ_-1,TN-P111,N525,interior_applied_load,,198.55,249.0,160.728,1.9961053905066984e-12,-8.799300402799458,4.330197303599607e-13,1.55882264713943e-11,-1.590426726123071e-13,4.6300990477675285e-12
strength_lateral_HZ_-1,TN-P112,N702,interior_applied_load,,207.333,249.0,229.319,5.185314412011603e-12,-11.560312498819346,-4.1578798840035546e-11,-5.290588303652551e-12,1.3962783581402747e-10,4.9750792036171323e-11
strength_lateral_HZ_-1,TN-P113,N526,interior_applied_load,,211.4,249.0,137.864,0.0,-8.799300402801236,6.252776074688882e-13,-4.774847184307873e-12,1.3642420526593924e-12,9.521272659185342e-13
strength_lateral_HZ_-1,TN-P114,N225,interior_applied_load,,213.573,249.0,115.0,8.6705254749853e-12,-7.0610718562985335,2.947642393392229e-10,9.70058556399971e-12,1.3639933396907761e-11,6.109004953358946e-11
strength_lateral_HZ_-1,TN-P115,N226,interior_applied_load,,214.906,249.0,115.0,-8.310300517324132e-11,-313.9679931934601,-2.2863750376522014e-10,-1.0850541947917188e-12,-1.5263862242991784e-10,8.060121183813054e-11
strength_lateral_HZ_-1,TN-P116,N227,interior_applied_load,,221.35,249.0,115.0,-1.5986198772863982e-11,-3.5305359817874478,1.4855572905692423e-10,9.028484860561303e-13,-1.271096677724049e-10,-8.676950676582427e-11
strength_lateral_HZ_-1,TN-P117,N228,interface_action,N2; T-E,224.25,249.0,115.0,-250.3627389073372,2249.080003971234,-157.69510605931282,-43.541922360658646,-177.9042429693509,-3110.455000549555
strength_lateral_HZ_-1,TN-P118,N503,interface_action,T-E,224.25,249.0,117.5,468.78964483737946,-666.3894440811127,148.3076150715351,-742.1098201870918,-910.7842028189916,4297.338632404804
strength_lateral_HZ_-1,TN-P119,N186,interface_action,T-E,224.25,249.0,120.0,-2.555119841650594,415.4044264016702,-1.489108170644613,-95.5173212584341,-61.315625952920755,196.48794956905476
strength_lateral_HZ_-1,TN-P120,N504,interior_applied_load,,224.25,249.0,144.955,0.0,-9.211085725883095,0.0,-1.3642420526593924e-12,0.0,1.1368683772161603e-13
strength_lateral_HZ_-1,TN-P121,N505,interior_applied_load,,224.25,249.0,172.41,7.557958024510828e-15,-9.211085725885432,-1.8143808557231684e-13,-2.493952109505508e-12,1.2281687219781112e-15,-1.0237625388181242e-13
strength_lateral_HZ_-1,TN-P122,N506,interior_applied_load,,224.25,249.0,199.864,-1.6885920660961186e-14,-9.211085725884852,3.048652555486698e-13,3.5402822695390437e-12,-5.577477953334346e-17,1.8639734411500422e-13
strength_lateral_HZ_-1,TN-P123,N507,interior_applied_load,,224.25,249.0,227.319,1.6815712936685268e-07,-4.60554286206038,7.592275445000851e-07,3.2107124530167397e-06,2.3224266833935894e-10,-2.5133747781624916e-07
strength_lateral_HZ_-1,TN-P124,N527,interface_action,N2; T-E top / segment 4,224.25,249.0,229.319,-49.09766679174616,15.663786722350924,-6.076700135464509,-289.129673220651,-329.97861646182787,-8299.573975469371
strength_lateral_HZ_-1,TN-P125,N528,interior_applied_load,,230.312,249.0,200.739,-2.3609484249979514e-13,-9.801877704265877,1.5220498362975671e-13,1.6245135236386258e-12,-1.0584497673121522e-12,1.0705962157545816e-12
strength_lateral_HZ_-1,TN-P126,N703,interior_applied_load,,235.5,249.0,229.319,-2.8616965214581025e-12,-6.424304463016846,3.8467548279175936e-12,-5.392826844116208e-11,-7.438779895762317e-11,6.6164631993771105e-12
strength_lateral_HZ_-1,TN-P127,N529,interior_applied_load,,236.375,249.0,172.16,-3.664392922920353e-13,-9.801877704260635,-7.391833927456149e-14,3.950768026187968e-12,-7.318816216891696e-13,-8.14297766297759e-13
strength_lateral_HZ_-1,TN-P128,N530,interior_applied_load,,242.438,249.0,143.58,4.547473508864641e-13,-9.801877704261642,-4.263256414560601e-14,-1.0231815394945443e-12,1.7053025658242404e-13,6.821210263296962e-13
strength_lateral_HZ_-1,TN-P129,N229,interior_applied_load,,248.5,249.0,115.0,0.0,-14.44165133498609,3.725290298461914e-09,0.0,-4.656612873077393e-10,-2.9802322387695312e-08
strength_lateral_HZ_-1,TN-P130,N508,interior_applied_load,,248.5,249.0,117.5,2.9802322387695312e-08,-4.470258487388492,-2.60770320892334e-08,4.470348358154297e-08,-2.3283064365386963e-10,2.9802322387695312e-08
strength_lateral_HZ_-1,TN-P131,N509,interior_applied_load,,248.5,249.0,144.148,7.878007993534344e-14,-8.940516968504065,3.2422853473604165e-13,-2.8874728876336717e-12,5.069660798990282e-15,5.489608945921854e-14
strength_lateral_HZ_-1,TN-P132,N510,interior_applied_load,,248.5,249.0,170.797,9.80796536333972e-15,-8.940516968502216,-2.486669991180718e-13,5.888699918440968e-11,-7.771312293806986e-15,-1.016030016645076e-12
strength_lateral_HZ_-1,TN-P133,N511,interior_applied_load,,248.5,249.0,197.445,-6.634442138947447e-14,-8.940516968501388,-5.646695835345484e-13,-3.9971948191477615e-11,9.240406005396127e-15,-6.539730140756732e-13
strength_lateral_HZ_-1,TN-P134,N512,interior_applied_load,,248.5,249.0,224.093,-9.825426558026967e-09,-4.470258481997957,-7.282384232589407e-08,-4.2084491970764995e-08,-7.984377557496815e-11,1.0951087565347827e-08
strength_lateral_HZ_-1,TN-P135,N704,interior_applied_load,,248.5,249.0,226.324,1.8616862620619963e-09,-3.753337514034293,-5.082382969470431e-07,-1.0953505546615534e-06,3.3402313924177405e-09,1.754749355638168e-08
strength_lateral_HZ_-1,TN-P136,N230,interior_applied_load,,249.5,249.0,115.0,-2.3803181647963356e-12,-0.37785001456632217,-5.573031480743396e-10,1.1427341711778283e-11,-2.357175565848024e-10,6.27552679960397e-10
strength_lateral_HZ_-1,TN-P137,N705,interior_applied_load,,249.5,249.0,226.093,9.588871689606745e-13,-0.26809553484729726,1.5988163562228493e-09,1.392665203668892e-09,5.717353588654736e-09,-1.2064773988441821e-10
strength_lateral_HZ_2,TN-P001,N148,interface_action,BR-N-upper-1; T-W / B-WO; W4,-32.0,249.0,115.0,-156.19831630700259,250.62842060419487,46.88284018390387,107.86480050617283,-2296.5882178485936,-2419.77583493792
strength_lateral_HZ_2,TN-P002,N628,interface_action,BR-N-upper-2; T-W top / segment 2; W4,-32.0,249.0,226.093,168.14130954646689,29.314272745084388,-7.522935773466185,39.36705143531756,-20.522237514920985,574.6570566157491
strength_lateral_HZ_2,TN-P003,N189,interior_applied_load,,-31.0,249.0,115.0,-8.447422317203745e-09,-9.001740371188987,-9.546942791871516e-09,-1.6115109247039072e-10,-1.0770975222840207e-09,1.4453007679549046e-08
strength_lateral_HZ_2,TN-P004,N488,interior_applied_load,,-31.0,249.0,117.5,3.3904813806158016e-09,-4.470258484619861,-8.688026196636834e-09,1.4089302077421306e-08,3.232681965818463e-10,7.992824211684909e-10
strength_lateral_HZ_2,TN-P005,N489,interior_applied_load,,-31.0,249.0,144.148,3.603940125438446e-14,-8.940516968503442,5.7782855039031026e-15,4.0843101047316747e-13,5.2517478876933754e-14,5.651424575320368e-13
strength_lateral_HZ_2,TN-P006,N490,interior_applied_load,,-31.0,249.0,170.797,-7.672579449567472e-15,-8.94051696850318,-5.753648508793077e-14,-5.751530434979897e-13,-1.6005988806580295e-14,-2.7043333750314575e-13
strength_lateral_HZ_2,TN-P007,N491,interior_applied_load,,-31.0,249.0,197.445,7.803624596966091e-15,-8.940516968502694,-2.7604329703163853e-14,-6.941951341915506e-13,4.5976771927770625e-14,-5.0901311390429767e-14
strength_lateral_HZ_2,TN-P008,N492,interior_applied_load,,-31.0,249.0,224.093,-1.4901161193847656e-08,-4.470258484128863,2.384185791015625e-07,1.1920928955078125e-07,4.656612873077393e-10,0.0
strength_lateral_HZ_2,TN-P009,N686,interior_applied_load,,-31.0,249.0,226.324,2.9802322387695312e-08,-3.7533375122584403,0.0,-1.1920928955078125e-07,8.381903171539307e-09,0.0
strength_lateral_HZ_2,TN-P010,N513,interior_applied_load,,-23.25,249.0,143.58,5.400124791776761e-13,-9.934808889400863,-2.4868995751603507e-14,2.5295321393059567e-12,-9.094947017729282e-13,2.8421709430404007e-12
strength_lateral_HZ_2,TN-P011,N190,interior_applied_load,,-21.323,249.0,115.0,1.350541429872015e-12,-10.258627486019483,-5.443206396735981e-13,2.0251997158518035e-14,-2.1378466472753276e-13,4.564734205585672e-13
strength_lateral_HZ_2,TN-P012,N687,interior_applied_load,,-18.0,249.0,229.319,4.808064876934091e-12,-8.18774196732536,1.2890840942095371e-12,6.130511426891116e-12,8.680005679429485e-13,4.212574108685636e-12
strength_lateral_HZ_2,TN-P013,N514,interior_applied_load,,-15.5,249.0,172.16,6.202458826616162e-14,-9.934808889403648,-5.594509405880263e-14,-7.487389127370994e-13,4.727867193592631e-13,7.486113272950103e-13
strength_lateral_HZ_2,TN-P014,N515,interior_applied_load,,-7.75,249.0,200.739,4.1474129010187647e-13,-9.934808889401674,3.736751441669327e-14,7.380802353231188e-13,-2.1135078880971444e-13,-5.445719976675848e-12
strength_lateral_HZ_2,TN-P015,N191,interior_applied_load,,-3.85,249.0,115.0,2.9651228978001255e-12,-8.05686409250902,1.7269198069189736e-12,-2.9193073619673814e-15,-4.115272718669822e-12,-1.0642973244866191e-11
strength_lateral_HZ_2,TN-P016,N192,interior_applied_load,,0.0,249.0,115.0,1.3674542387320798e-08,-1.4665280806322019,1.3631434349292704e-05,-3.031363249306196e-08,-6.173508111837392e-07,-3.356509283847231e-07
strength_lateral_HZ_2,TN-P017,N493,interior_applied_load,,0.0,249.0,117.5,-3.5577378922507053e-08,-4.605542862666595,-2.4359572275718893e-09,-8.28229243447901e-09,-3.517069867077436e-11,-2.1223648352538956e-08
strength_lateral_HZ_2,TN-P018,N494,interior_applied_load,,0.0,249.0,144.955,-6.332408154165476e-15,-9.211085725882818,5.023289577403785e-14,-1.023663072210851e-12,-6.0899857198529265e-15,-9.172036870825487e-13
strength_lateral_HZ_2,TN-P019,N495,interior_applied_load,,0.0,249.0,172.41,-4.6793706086147357e-14,-9.211085725883859,3.232068094653494e-14,-2.2610706556056553e-12,-3.058034405306141e-14,1.4415049824009147e-12
strength_lateral_HZ_2,TN-P020,N496,interior_applied_load,,0.0,249.0,199.864,1.5476263700700334e-16,-9.211085725883176,7.892932913584833e-14,9.210911368721605e-13,-3.456082194015749e-15,2.0880136780128055e-13
strength_lateral_HZ_2,TN-P021,N497,interior_applied_load,,0.0,249.0,227.319,0.0,-4.605542863253504,0.0,0.0,0.0,0.0
strength_lateral_HZ_2,TN-P022,N516,interior_applied_load,,-0.0,249.0,229.319,0.0,-12.325946111697704,-5.960464477539063e-08,-1.1920928955078125e-07,4.656612873077393e-10,2.9802322387695312e-08
strength_lateral_HZ_2,TN-P023,N193,interior_applied_load,,0.031,249.0,115.0,-7.740992669235368e-10,-0.37785798160274386,-1.2659490489863301e-05,4.013109951802754e-11,8.68199509380617e-07,2.677200746150316e-07
strength_lateral_HZ_2,TN-P024,N194,interior_applied_load,,1.0,249.0,115.0,1.390674242429668e-10,-7.678506058865537,1.6564172256039456e-09,5.4569682106375694e-12,-2.405045052000787e-10,3.8176040106918663e-10
strength_lateral_HZ_2,TN-P025,N195,interior_applied_load,,9.344,249.0,115.0,1.306816749234606e-12,-285.24223749380224,-6.559989817352798e-13,1.0795394048859799e-14,-1.26880469698615e-11,-5.876899274947914e-12
strength_lateral_HZ_2,TN-P026,N688,interior_applied_load,,10.167,249.0,229.319,9.089477721939594e-13,-10.01458334391399,5.631585511462333e-13,-6.300427586192817e-14,3.2033648115595523e-12,-5.963786832219869e-15
strength_lateral_HZ_2,TN-P027,N517,interior_applied_load,,10.6,249.0,137.864,1.3073986337985843e-12,-8.319555897889359,4.263256414560601e-14,0.0,0.0,1.1368683772161603e-12
strength_lateral_HZ_2,TN-P028,N518,interior_applied_load,,20.2,249.0,160.728,-4.409235835656398e-13,-8.31955589789066,2.1190243840438085e-14,3.313224025490101e-13,1.0911518879459895e-13,-2.050131070272553e-12
strength_lateral_HZ_2,TN-P029,N196,interior_applied_load,,21.385,249.0,115.0,4.729162323364305e-12,-5.651219102761502,8.412075831595483e-11,-6.256865688563372e-14,-7.677479134124438e-11,-4.776567305560994e-13
strength_lateral_HZ_2,TN-P030,N197,interior_applied_load,,24.3,249.0,115.0,5.5491766490181924e-12,-2.511128213538403,4.942753699484894e-11,4.357871481997108e-14,-2.6388704158700937e-11,6.319251362400511e-11
strength_lateral_HZ_2,TN-P031,N198,interior_applied_load,,28.031,249.0,115.0,3.6377851975993604e-12,-284.5070044949698,4.0001824551696456e-11,-1.1230648855550632e-14,7.063320319604709e-12,-1.6162165854721056e-11
strength_lateral_HZ_2,TN-P032,N519,interior_applied_load,,29.8,249.0,183.592,3.2751111997321587e-13,-8.319555897890512,1.3624504545387904e-14,3.311564721664776e-13,-2.407302466201339e-13,3.644355046939022e-13
strength_lateral_HZ_2,TN-P033,N689,interior_applied_load,,38.333,249.0,229.319,2.1211798508605206e-12,-10.14520834913881,-4.794681164605308e-13,-2.062810315200493e-14,9.998221912973828e-12,-1.678214291448301e-13
strength_lateral_HZ_2,TN-P034,N520,interior_applied_load,,39.4,249.0,206.455,2.0597972294349949e-13,-8.319555897889853,4.7015570669931844e-15,6.44827586626692e-13,-1.1711242241285228e-12,-1.957679643605333e-12
strength_lateral_HZ_2,TN-P035,N199,interior_applied_load,,42.74,249.0,115.0,5.911681895749268e-12,-7.061071857042205,3.074701167588075e-12,-1.3162135955187385e-14,2.6978248456647138e-11,3.282050135168638e-11
strength_lateral_HZ_2,TN-P036,N200,interior_applied_load,,46.719,249.0,115.0,-1.3751206212796319e-11,-280.37741880315025,3.090646334809309e-11,-6.082616333353902e-14,7.590272811087131e-11,-2.4159502209883617e-11
strength_lateral_HZ_2,TN-P037,N521,interior_applied_load,,49.0,249.0,229.319,-5.393574475931473e-12,-7.273007100118537,-1.8465690088120823e-10,2.0791890179279577e-11,2.5398867731230013e-10,-5.863893572100043e-11
strength_lateral_HZ_2,TN-P038,N201,interface_action,BR-N-upper-2,50.25,249.0,115.0,-226.35189967861098,253.23055272058798,1.7444404289447686,-33.54103718349757,-127.53407706687088,680.4208998214012
strength_lateral_HZ_2,TN-P039,N690,interface_action,BR-N-upper-1,50.25,249.0,229.319,386.4711867596086,467.66421633949346,6.67207047696205,-398.7473189684425,113.35320524538953,1173.9383921293193
strength_lateral_HZ_2,TN-P040,N202,interior_applied_load,,52.45,249.0,115.0,-2.899104445524164e-10,-1.133549935889648,-1.9204415593266654e-09,-1.1580252003417643e-10,8.103233723540646e-10,2.4912562759283453e-11
strength_lateral_HZ_2,TN-P041,N203,interface_action,N1 / U-W,53.25,249.0,115.0,-509.9993207685204,1317.1036772324203,-41.99565914324501,145.6652461818905,-1391.9439665018376,19760.43570386101
strength_lateral_HZ_2,TN-P042,N691,interface_action,N1 / U-W,53.25,249.0,229.319,-478.9296175990836,-374.2446003212985,0.10096519059502816,435.5638817704083,399.39602842342674,-2125.8890733279272
strength_lateral_HZ_2,TN-P043,N481,interface_action,N1 / U-W,56.25,249.0,207.0,740.7207598060713,353.48892967776345,-6.359074167337519,-140.89885587475854,251.66527138388804,759.5868483175784
strength_lateral_HZ_2,TN-P044,N482,interior_applied_load,,57.25,249.0,207.0,4.656612873077393e-10,-6.714120946824551,0.0,0.0,2.3283064365386963e-10,0.0
strength_lateral_HZ_2,TN-P045,N531,interior_applied_load,,57.25,249.0,209.5,4.656612873077393e-10,-2.9891714518889785,5.960464477539063e-08,0.0,2.3283064365386963e-10,-9.313225746154785e-10
strength_lateral_HZ_2,TN-P046,N532,interior_applied_load,,57.25,249.0,227.319,3.0294420305665426e-09,-2.989171451445489,5.5741992223412584e-08,3.328081742137723e-08,-7.234208603067931e-11,-7.607563468070566e-09
strength_lateral_HZ_2,TN-P047,N692,interior_applied_load,,57.25,249.0,229.319,-2.118473897051478e-08,-3.461562484516531,1.5220945654996438e-07,-6.9470953256406426e-09,-9.198905393822483e-10,-1.0829887914066918e-08
strength_lateral_HZ_2,TN-P048,N204,interior_applied_load,,64.094,249.0,115.0,3.2277844368355657e-11,-4.593239105797413,-5.536804918207568e-10,-1.0588033466965718e-13,-8.142460836352122e-10,-1.5177451363473598e-09
strength_lateral_HZ_2,TN-P049,N205,interior_applied_load,,65.406,249.0,115.0,4.444960698817245e-11,-283.77649441218875,2.4570374678696492e-11,-1.1077292076211059e-13,-2.308589759329871e-10,2.9573673949421277e-10
strength_lateral_HZ_2,TN-P050,N693,interior_applied_load,,66.5,249.0,229.319,-8.204619844026019e-13,-6.0087499975174214,-5.663157503467218e-12,-4.2680278126069226e-14,1.222826692923191e-11,6.458474446741987e-13
strength_lateral_HZ_2,TN-P051,N541,interior_applied_load,,68.75,249.0,218.16,-4.547473508864641e-13,-5.37624189331973,4.547473508864641e-13,-2.2737367544323206e-12,2.2737367544323206e-12,0.0
strength_lateral_HZ_2,TN-P052,N483,interior_applied_load,,80.25,249.0,207.0,0.0,-7.884249993599951,-2.384185791015625e-07,-3.5762786865234375e-07,-2.3283064365386963e-10,0.0
strength_lateral_HZ_2,TN-P053,N533,interior_applied_load,,80.25,249.0,209.5,1.862645149230957e-09,-2.9891714518889785,1.7881393432617188e-07,-2.384185791015625e-07,0.0,3.725290298461914e-09
strength_lateral_HZ_2,TN-P054,N534,interior_applied_load,,80.25,249.0,227.319,-1.8185161473893707e-08,-2.9891714521314237,-1.2085883101947692e-07,-1.2549147415663597e-09,2.561943161598896e-10,6.845946393108093e-09
strength_lateral_HZ_2,TN-P055,N542,interior_applied_load,,80.25,249.0,229.319,4.743739103941188e-11,-12.795596945719637,2.3598574832908704e-07,-8.775075214925993e-08,2.754030792104396e-10,2.1107801452536857e-08
strength_lateral_HZ_2,TN-P056,N206,interior_applied_load,,80.6,249.0,115.0,7.950941071646807e-12,-7.061071856598715,-3.733896291097125e-11,5.499431996695042e-16,-1.373393394093864e-10,1.0394675196209902e-10
strength_lateral_HZ_2,TN-P057,N207,interior_applied_load,,84.094,249.0,115.0,-5.6137955613517174e-11,-279.3713932052132,7.507345769747115e-11,-5.084442764056925e-14,4.0617493685903736e-10,3.0250105149291747e-09
strength_lateral_HZ_2,TN-P058,N208,interior_applied_load,,85.448,249.0,115.0,5.5909409755490024e-11,-7.061071858540729,5.10661203724743e-10,-2.4265566856872403e-14,-4.0510029952230797e-10,-5.414242988389179e-10
strength_lateral_HZ_2,TN-P059,N543,interior_applied_load,,92.25,249.0,218.16,6.366462912410498e-12,-5.497868662765541,-6.821210263296962e-13,1.7280399333685637e-11,9.094947017729282e-13,9.094947017729282e-13
strength_lateral_HZ_2,TN-P060,N694,interior_applied_load,,94.667,249.0,229.319,4.740831465761892e-12,-6.2700000521233985,3.0397493097102933e-12,-1.3114498380026447e-11,-2.0004488573967368e-10,-9.394877686602704e-11
strength_lateral_HZ_2,TN-P061,N209,interior_applied_load,,102.781,249.0,115.0,5.723756786393252e-12,-285.60827974088323,-2.4567602919250853e-11,1.5469480184220025e-14,-4.029151992303001e-11,-1.033358386387112e-09
strength_lateral_HZ_2,TN-P062,N484,interior_applied_load,,104.25,249.0,207.0,1.1175870895385742e-08,-13.549868667498231,2.384185791015625e-07,1.1920928955078125e-07,1.30385160446167e-08,2.9802322387695312e-08
strength_lateral_HZ_2,TN-P063,N535,interior_applied_load,,104.25,249.0,209.5,3.725290298461914e-09,-2.989171450957656,-3.5762786865234375e-07,-2.384185791015625e-07,1.862645149230957e-09,1.4901161193847656e-08
strength_lateral_HZ_2,TN-P064,N536,interior_applied_load,,104.25,249.0,227.319,-7.823139566709436e-10,-2.989171450624548,3.6991422448090505e-07,5.064484813049885e-07,1.5821207873519512e-11,-1.1275209974015432e-08
strength_lateral_HZ_2,TN-P065,N695,interior_applied_load,,104.25,249.0,229.319,-1.8329614953948325e-09,-7.358541668721902,-5.313012523989358e-07,3.066352429670186e-07,-2.8413047413732003e-10,-2.3704976470975486e-11
strength_lateral_HZ_2,TN-P066,N210,interior_applied_load,,106.802,249.0,115.0,1.5095975395606176e-11,-2.255292214612931,1.1796214880107887e-09,-9.694598868525229e-16,-1.5354103423514326e-09,-1.487150812077453e-09
strength_lateral_HZ_2,TN-P067,N211,interior_applied_load,,108.75,249.0,115.0,-2.676418286572949e-11,-5.541799962136156,-1.9594400862036347e-10,2.4054527718909155e-14,-1.1485837755131632e-10,2.183516376301687e-09
strength_lateral_HZ_2,TN-P068,N544,interior_applied_load,,116.25,249.0,218.16,-1.8189894035458565e-12,-5.497868662763722,-2.2737367544323206e-13,-3.092281986027956e-11,1.2732925824820995e-11,4.547473508864641e-12
strength_lateral_HZ_2,TN-P069,N212,interior_applied_load,,121.469,249.0,115.0,4.52480436317256e-12,-284.87225943047076,1.6713797044449818e-11,-6.946620550095249e-15,-3.371130722903462e-12,3.26444405664613e-10
strength_lateral_HZ_2,TN-P070,N696,interior_applied_load,,122.833,249.0,229.319,-4.568166949851448e-12,-6.269999985925321,7.631408287650596e-11,-6.48051742125111e-11,-2.0486966906029296e-10,-6.070717926223684e-11
strength_lateral_HZ_2,TN-P071,N213,interior_applied_load,,128.156,249.0,115.0,-5.847267884040107e-12,-5.8306978541137315,4.44193974396383e-12,-1.619573358223407e-15,-1.1542335181335729e-10,-7.75627039549819e-10
strength_lateral_HZ_2,TN-P072,N485,interior_applied_load,,128.25,249.0,207.0,0.0,-7.884249988943338,1.1920928955078125e-07,0.0,0.0,0.0
strength_lateral_HZ_2,TN-P073,N537,interior_applied_load,,128.25,249.0,209.5,-7.450580596923828e-09,-2.989171452820301,0.0,2.384185791015625e-07,4.656612873077393e-10,7.450580596923828e-09
strength_lateral_HZ_2,TN-P074,N538,interior_applied_load,,128.25,249.0,227.319,3.536747290172615e-08,-2.989171454737981,-2.1603338890702206e-07,-1.1887654975673012e-07,1.7857312507913254e-10,1.895208230628942e-08
strength_lateral_HZ_2,TN-P075,N545,interior_applied_load,,128.25,249.0,229.319,-3.7977819617609325e-08,-12.79559694877245,1.9458089021902119e-07,2.504659384277169e-07,1.205477316737114e-10,7.780635080934847e-08
strength_lateral_HZ_2,TN-P076,N214,interior_applied_load,,136.9,249.0,115.0,7.806494508073217e-12,-4.534200061324644,-2.14550887641128e-11,1.2920985678750084e-15,6.966067534352315e-11,1.432302553777336e-09
strength_lateral_HZ_2,TN-P077,N546,interior_applied_load,,139.75,249.0,218.16,0.0,-5.376241893322003,1.8189894035458565e-12,-7.275957614183426e-12,3.637978807091713e-12,0.0
strength_lateral_HZ_2,TN-P078,N215,interior_applied_load,,140.156,249.0,115.0,5.112396107536481e-12,-282.30445379037036,4.405950408749991e-11,1.06927027828708e-14,3.5221927755471457e-10,2.357025671081169e-09
strength_lateral_HZ_2,TN-P079,N216,interior_applied_load,,149.51,249.0,115.0,-3.627559653279732e-12,-7.061071857081988,4.465119225047842e-12,-3.604235962909678e-15,-9.813173727135532e-11,-5.530978774025683e-10
strength_lateral_HZ_2,TN-P080,N697,interior_applied_load,,151.0,249.0,229.319,-5.062938956967855e-11,-6.0087500831818295,-3.2500583702077535e-07,3.068096310532086e-12,6.450164444227191e-08,-1.8080332446490655e-08
strength_lateral_HZ_2,TN-P081,N486,interior_applied_load,,151.25,249.0,207.0,-7.450580596923828e-09,-6.714120950549841,-7.152557373046875e-07,2.384185791015625e-07,4.656612873077393e-10,1.4901161193847656e-08
strength_lateral_HZ_2,TN-P082,N539,interior_applied_load,,151.25,249.0,209.5,7.450580596923828e-09,-2.9891714490950108,0.0,2.384185791015625e-07,0.0,7.450580596923828e-09
strength_lateral_HZ_2,TN-P083,N540,interior_applied_load,,151.25,249.0,227.319,-3.7072256861558905e-09,-2.9891714537310716,-1.8275834433312266e-07,1.007471991110176e-07,8.138466778335273e-11,-1.2043074870682346e-11
strength_lateral_HZ_2,TN-P084,N698,interior_applied_load,,151.25,249.0,229.319,-1.5411918914687295e-08,-1.1103123081819675,1.6812766287716604e-07,1.3596256873417404e-07,-4.122111359932193e-08,-4.0491168458965665e-08
strength_lateral_HZ_2,TN-P085,N487,interior_applied_load,,152.25,249.0,207.0,-2.432786006452803e-10,-0.16775003894764698,6.479411061245291e-08,8.903169267056106e-09,2.073301455640461e-07,-6.947184183802251e-08
strength_lateral_HZ_2,TN-P086,N475,interior_applied_load,,155.25,249.0,120.0,-7.130160146695678e-15,-13.810985069612283,7.498980668264444e-13,2.343464737197959e-13,-1.9534485374068766e-13,1.1009677131508554e-12
strength_lateral_HZ_2,TN-P087,N476,interior_applied_load,,155.25,249.0,146.657,1.7197573933349283e-13,-27.621970139250205,-1.5392147752146754e-12,1.8519680293516863e-11,3.2914850026056574e-13,-6.108792663743208e-13
strength_lateral_HZ_2,TN-P088,N477,interior_applied_load,,155.25,249.0,173.314,-6.378230557202641e-14,-27.62197013925008,-1.5290246220569703e-12,-1.6290053756921256e-11,2.5940249714577646e-13,-6.727180109076767e-12
strength_lateral_HZ_2,TN-P089,N478,interior_applied_load,,155.25,249.0,199.971,4.975481770367604e-12,-17.452729861464817,-6.246249530390533e-11,2.5397372704356614e-11,-3.172386610069491e-13,-9.086104700552993e-12
strength_lateral_HZ_2,TN-P090,N479,interior_applied_load,,155.25,249.0,207.0,6.620341586523581e-10,-13.810985067233455,1.4350666349956617e-07,-1.4851914893344517e-08,4.2923825441094493e-08,-1.361332719111455e-07
strength_lateral_HZ_2,TN-P091,N480,interior_applied_load,,155.25,249.0,226.628,7.450580596923828e-09,-10.169240277260542,0.0,-2.384185791015625e-07,-4.656612873077393e-10,-7.450580596923828e-09
strength_lateral_HZ_2,TN-P092,N699,interior_applied_load,,155.25,249.0,229.319,-3.725290298461914e-09,-2.2859374806284904,0.0,0.0,-1.3969838619232178e-09,-7.450580596923828e-09
strength_lateral_HZ_2,TN-P093,N217,interior_applied_load,,158.844,249.0,115.0,1.6401945961854464e-12,-283.4112394756107,-1.7114447039737958e-11,-2.146687146943328e-14,-2.134873996165884e-11,-1.9076299493228666e-10
strength_lateral_HZ_2,TN-P094,N522,interior_applied_load,,160.0,249.0,229.319,2.185989734568609e-12,-10.647879345746246,8.575423375611983e-13,-3.118543833686546e-11,-6.966137731659561e-11,1.2010908584589386e-10
strength_lateral_HZ_2,TN-P095,N218,interior_applied_load,,165.05,249.0,115.0,5.8920335052413325e-12,-4.542071799397331,8.598128223738703e-11,4.038247175074912e-14,2.0530287343658844e-10,3.9200057886137197e-10
strength_lateral_HZ_2,TN-P096,N219,interior_applied_load,,170.865,249.0,115.0,-6.231535465477438e-12,-4.716040323530817,2.2493727433472928e-11,-2.807262241985929e-14,-1.5804492787226871e-10,-7.72894212798895e-10
strength_lateral_HZ_2,TN-P097,N523,interior_applied_load,,172.85,249.0,206.455,5.611720404383959e-13,-8.799300402793346,6.415479240037303e-14,-2.6082077078249082e-12,1.4892809950830804e-12,-2.353994163294039e-12
strength_lateral_HZ_2,TN-P098,N220,interior_applied_load,,177.531,249.0,115.0,1.11496255584179e-11,-280.9914251024188,6.229821702454648e-10,5.9663915938471295e-15,-2.0754047163840337e-09,1.2191485081114485e-09
strength_lateral_HZ_2,TN-P099,N700,interior_applied_load,,179.167,249.0,229.319,-6.5480746916459115e-12,-5.225000045506604,-4.026777331974842e-10,-2.407314660356179e-14,-5.301843114554473e-09,-5.739847088573555e-09
strength_lateral_HZ_2,TN-P100,N221,interior_applied_load,,180.0,249.0,115.0,1.4171908091498153e-08,-5.549671875616397,9.339785833617498e-08,-3.6449492313295195e-08,-3.528401747885676e-10,-1.87581594701669e-09
strength_lateral_HZ_2,TN-P101,N498,interior_applied_load,,180.0,249.0,117.5,-6.132879093456722e-09,-4.60554284049465,9.728854166723977e-09,2.471632001288526e-07,2.369233698118478e-10,-5.07245658809552e-08
strength_lateral_HZ_2,TN-P102,N499,interior_applied_load,,180.0,249.0,144.955,-1.7053025658242404e-13,-9.211085725881276,-5.115907697472721e-13,3.637978807091713e-12,0.0,-4.547473508864641e-13
strength_lateral_HZ_2,TN-P103,N500,interior_applied_load,,180.0,249.0,172.41,-5.684341886080802e-14,-9.211085725895828,-5.684341886080802e-14,9.094947017729282e-13,-5.719614028168725e-14,-2.7284841053187847e-12
strength_lateral_HZ_2,TN-P104,N501,interior_applied_load,,180.0,249.0,199.864,-2.582053656495059e-13,-9.211085725867942,-3.219964921036965e-15,-1.019485843773283e-11,-3.069535079695446e-14,-6.176603914913474e-13
strength_lateral_HZ_2,TN-P105,N502,interior_applied_load,,180.0,249.0,227.319,1.79284009305114e-08,-4.605542886967158,-2.1526943985716862e-07,-1.0841487602664124e-06,-2.812606569647269e-10,-1.940284788393143e-08
strength_lateral_HZ_2,TN-P106,N701,interior_applied_load,,180.0,249.0,229.319,1.0843203849413984e-07,-7.358541646596888,1.2897312710049735e-07,1.931436105988539e-07,-9.891704622759129e-09,-4.8744233312609554e-08
strength_lateral_HZ_2,TN-P107,N524,interior_applied_load,,185.7,249.0,183.592,6.427730455022378e-13,-8.79930040280004,-9.722784194807756e-14,-5.7246916881538185e-12,-3.2019175661552743e-12,-2.973133553072201e-12
strength_lateral_HZ_2,TN-P108,N222,interior_applied_load,,192.219,249.0,115.0,4.107677577324661e-11,-4.987620017383301,-6.409188466409395e-09,-2.8090296158207796e-13,-2.4890852859496356e-10,2.566774271576781e-10
strength_lateral_HZ_2,TN-P109,N223,interior_applied_load,,193.2,249.0,115.0,-1.912382540450215e-11,-1.5113999522135746,-3.631471258162996e-09,-4.1761833601484703e-13,1.5290319814183823e-09,8.817592561286581e-10
strength_lateral_HZ_2,TN-P110,N224,interior_applied_load,,196.219,249.0,115.0,1.1860306373137643e-11,-318.7273288728581,-1.2164401125695686e-10,5.56394664407836e-15,-1.4156014624527795e-11,1.722444636928636e-10
strength_lateral_HZ_2,TN-P111,N525,interior_applied_load,,198.55,249.0,160.728,1.2952314356656385e-12,-8.79930040279961,7.778222302265208e-14,-5.6560956161010056e-12,5.157523842415701e-12,-9.506247146877444e-13
strength_lateral_HZ_2,TN-P112,N702,interior_applied_load,,207.333,249.0,229.319,4.266052036375344e-12,-11.560312498828534,3.5765931796126546e-11,-6.520315964957836e-12,5.723461718191562e-12,-1.1863838297684879e-10
strength_lateral_HZ_2,TN-P113,N526,interior_applied_load,,211.4,249.0,137.864,-2.7284841053187847e-12,-8.799300402797599,2.2737367544323206e-13,1.8189894035458565e-12,-6.366462912410498e-12,-3.552713678800501e-12
strength_lateral_HZ_2,TN-P114,N225,interior_applied_load,,213.573,249.0,115.0,-4.958772417648171e-11,-7.061071855660644,1.956921562850608e-09,1.183214864670328e-12,-2.4893628516937555e-09,3.2995373531317945e-10
strength_lateral_HZ_2,TN-P115,N226,interior_applied_load,,214.906,249.0,115.0,1.1265287014596875e-11,-313.96799319393125,-8.457483429986427e-09,-4.126751150793819e-13,-4.835343108752759e-09,-8.309928966296978e-11
strength_lateral_HZ_2,TN-P116,N227,interior_applied_load,,221.35,249.0,115.0,-4.225961445272871e-11,-3.530535981828401,-1.0097791825806437e-09,-2.2209774264139803e-11,1.573954222361899e-10,-1.6734578774858543e-10
strength_lateral_HZ_2,TN-P117,N228,interface_action,N2; T-E,224.25,249.0,115.0,-281.59758615493774,2789.478198846802,-246.6823308467865,588.5364711284637,-195.1312279724516,-2380.4038103222847
strength_lateral_HZ_2,TN-P118,N503,interface_action,T-E,224.25,249.0,117.5,463.2026634812355,-1184.5743467025459,231.97912192344666,-1937.5938532352448,-408.77764399396256,4511.3642727434635
strength_lateral_HZ_2,TN-P119,N186,interface_action,T-E,224.25,249.0,120.0,-2.0693154104519635,950.8066310242866,-5.793961609946564,-359.1667721514823,-23.533803922607603,182.1673870390514
strength_lateral_HZ_2,TN-P120,N504,interior_applied_load,,224.25,249.0,144.955,4.618527782440651e-14,-9.211085725883095,-1.1368683772161603e-13,0.0,5.684341886080802e-14,3.410605131648481e-13
strength_lateral_HZ_2,TN-P121,N505,interior_applied_load,,224.25,249.0,172.41,1.1200528250413931e-15,-9.211085725884631,1.6678354474596842e-13,3.1451262624032766e-12,2.143196599620163e-14,-2.9125136722288854e-14
strength_lateral_HZ_2,TN-P122,N506,interior_applied_load,,224.25,249.0,199.864,-1.4122927218671717e-15,-9.211085725885807,-2.674499024882926e-13,-6.84884080777894e-12,4.326832829707093e-14,2.1709086927686042e-13
strength_lateral_HZ_2,TN-P123,N507,interior_applied_load,,224.25,249.0,227.319,-8.653563690619315e-08,-4.605542860451562,8.246168421537081e-08,-3.2832348972437753e-06,-2.3770864231821765e-10,1.5082268206567662e-07
strength_lateral_HZ_2,TN-P124,N527,interface_action,N2; T-E top / segment 4,224.25,249.0,229.319,-103.38986375205167,-574.403342883474,20.974544232702623,-749.3227448210239,381.4899190676314,-9004.313665010764
strength_lateral_HZ_2,TN-P125,N528,interior_applied_load,,230.312,249.0,200.739,5.465938312236621e-13,-9.8018777042669,2.701102918564963e-13,6.308791490594304e-12,-3.83770898071909e-12,-2.196503074287653e-12
strength_lateral_HZ_2,TN-P126,N703,interior_applied_load,,235.5,249.0,229.319,1.3202075435669127e-12,-6.424304463012567,-3.523130442592916e-12,1.5357872428666134e-11,2.96365553981726e-11,-5.057639239971893e-11
strength_lateral_HZ_2,TN-P127,N529,interior_applied_load,,236.375,249.0,172.16,1.7384146231635112e-13,-9.801877704259278,3.1471424250176564e-14,-1.562396622646333e-12,1.2379374412601532e-12,-8.983493039114067e-14
strength_lateral_HZ_2,TN-P128,N530,interior_applied_load,,242.438,249.0,143.58,-4.547473508864641e-13,-9.801877704261642,-7.958078640513122e-13,-3.637978807091713e-12,-1.1368683772161603e-12,5.684341886080801e-13
strength_lateral_HZ_2,TN-P129,N229,interior_applied_load,,248.5,249.0,115.0,0.0,-14.441651338711381,-4.76837158203125e-07,0.0,1.30385160446167e-08,-5.960464477539063e-08
strength_lateral_HZ_2,TN-P130,N508,interior_applied_load,,248.5,249.0,117.5,0.0,-4.4702584855258465,-2.384185791015625e-07,-4.76837158203125e-07,-4.656612873077393e-10,0.0
strength_lateral_HZ_2,TN-P131,N509,interior_applied_load,,248.5,249.0,144.148,-3.06852596058912e-15,-8.940516968502335,-1.947727163077504e-13,1.1235733319189261e-11,3.176235971434313e-15,1.2325664669542204e-13
strength_lateral_HZ_2,TN-P132,N510,interior_applied_load,,248.5,249.0,170.797,5.035982291661186e-14,-8.940516968505467,-3.2663460377777763e-15,-4.3677916265153014e-11,-1.5711094416821703e-14,9.949894801341606e-14
strength_lateral_HZ_2,TN-P133,N511,interior_applied_load,,248.5,249.0,197.445,-9.240187363000882e-15,-8.940516968502346,-4.659831105817073e-13,2.845010274340807e-11,2.290853188770398e-14,-1.6983690823208805e-12
strength_lateral_HZ_2,TN-P134,N512,interior_applied_load,,248.5,249.0,224.093,4.537169854247953e-09,-4.470258484571386,-3.4779864962550355e-08,3.017079851528925e-07,4.423664596361867e-10,-1.5634704160988098e-09
strength_lateral_HZ_2,TN-P135,N704,interior_applied_load,,248.5,249.0,226.324,5.713694898741822e-09,-3.753337508282281,-3.104667424022413e-07,-1.724371643867941e-07,-1.2882812666131267e-09,-1.7038439148563413e-08
strength_lateral_HZ_2,TN-P136,N230,interior_applied_load,,249.5,249.0,115.0,-1.9233531434181828e-11,-0.37785001304247484,2.3092526363344135e-09,2.073375108754827e-13,4.993156305088675e-09,7.73157440847605e-11
strength_lateral_HZ_2,TN-P137,N705,interior_applied_load,,249.5,249.0,226.093,-1.257594510489509e-10,-0.2680955350113741,4.992937928364368e-09,-6.812782067517065e-11,-1.2031330964990287e-09,1.1284653192109315e-10
strength_lateral_HZ_-2,TN-P001,N148,interface_action,BR-N-upper-1; T-W / B-WO; W4,-32.0,249.0,115.0,-173.44975377704924,203.5807717957959,51.742696178107856,447.38370965578144,-2435.559708112843,-2493.183078826676
strength_lateral_HZ_-2,TN-P002,N628,interface_action,BR-N-upper-2; T-W top / segment 2; W4,-32.0,249.0,226.093,183.08310600385386,79.6448993368645,-10.871541886048089,291.50124976885655,267.2820809159549,785.6478654766026
strength_lateral_HZ_-2,TN-P003,N189,interior_applied_load,,-31.0,249.0,115.0,-2.020027878302244e-08,-9.00174037265316,-2.210201444086124e-08,3.235527401557192e-10,-6.401563723557047e-10,3.105651558144018e-08
strength_lateral_HZ_-2,TN-P004,N488,interior_applied_load,,-31.0,249.0,117.5,1.3622251701919958e-08,-4.4702584844484425,-7.074442011914725e-09,2.8677384910938373e-08,3.019480829612009e-10,7.154954565601136e-09
strength_lateral_HZ_-2,TN-P005,N489,interior_applied_load,,-31.0,249.0,144.148,3.5866929803386517e-14,-8.940516968503468,-1.963054931493792e-14,2.9511516564198385e-13,-9.052181685933611e-15,7.132213571763018e-13
strength_lateral_HZ_-2,TN-P006,N490,interior_applied_load,,-31.0,249.0,170.797,1.6715421419965238e-14,-8.940516968503346,-4.502819113349949e-14,-1.0547171303840246e-12,-7.920058934582486e-15,-5.098850179667982e-14
strength_lateral_HZ_-2,TN-P007,N491,interior_applied_load,,-31.0,249.0,197.445,1.838248333990841e-14,-8.940516968502681,-4.999361136493278e-14,-1.1368968101448988e-12,1.1171875826716478e-14,-3.5745872080306303e-13
strength_lateral_HZ_-2,TN-P008,N492,interior_applied_load,,-31.0,249.0,224.093,-2.9802322387695312e-08,-4.470258484128863,0.0,-2.384185791015625e-07,0.0,0.0
strength_lateral_HZ_-2,TN-P009,N686,interior_applied_load,,-31.0,249.0,226.324,5.960464477539063e-08,-3.7533375083003193,0.0,-2.384185791015625e-07,1.641456037759781e-08,2.9802322387695312e-08
strength_lateral_HZ_-2,TN-P010,N513,interior_applied_load,,-23.25,249.0,143.58,3.623767952376511e-13,-9.934808889401875,7.105427357601002e-15,-4.547473508864641e-12,1.1937117960769683e-12,8.185452315956354e-12
strength_lateral_HZ_-2,TN-P011,N190,interior_applied_load,,-21.323,249.0,115.0,3.89598484673775e-12,-10.258627486019472,-6.734461925628872e-13,6.282763312132124e-14,-4.5430432360706356e-13,-8.392018269747328e-13
strength_lateral_HZ_-2,TN-P012,N687,interior_applied_load,,-18.0,249.0,229.319,5.561174105847316e-12,-8.187741967325017,7.344759702595292e-12,6.672696094131454e-12,1.3049995395797827e-11,-4.1222237731688537e-11
strength_lateral_HZ_-2,TN-P013,N514,interior_applied_load,,-15.5,249.0,172.16,-1.3050277446728477e-13,-9.934808889403774,2.913630970358735e-13,2.1527208695726834e-15,-1.2621682347879158e-13,3.754685056831447e-12
strength_lateral_HZ_-2,TN-P014,N515,interior_applied_load,,-7.75,249.0,200.739,6.779503140710932e-13,-9.934808889400621,5.054918493491984e-14,2.788124829489162e-12,-1.7198643380797427e-12,5.11879171079163e-12
strength_lateral_HZ_-2,TN-P015,N191,interior_applied_load,,-3.85,249.0,115.0,1.1998340634841806e-12,-8.056864092488839,-1.9927296722029242e-12,-2.0762661199453172e-13,-1.5718413550945257e-12,3.2835898640250386e-11
strength_lateral_HZ_-2,TN-P016,N192,interior_applied_load,,0.0,249.0,115.0,-1.389080850344726e-08,-1.4665148849537148,2.006563804002326e-09,1.1140582678592637e-08,1.674619929794762e-07,-1.3231366402521871e-07
strength_lateral_HZ_-2,TN-P017,N493,interior_applied_load,,0.0,249.0,117.5,3.120051482832331e-09,-4.605542861769359,-1.2346731927374633e-08,1.4189702645176204e-08,-3.987584209284558e-11,-1.417476578674517e-08
strength_lateral_HZ_-2,TN-P018,N494,interior_applied_load,,0.0,249.0,144.955,-3.6965321281106907e-14,-9.211085725883764,-3.2400221181282095e-14,1.214590878929787e-12,6.910480550242525e-15,-1.0667408870047325e-12
strength_lateral_HZ_-2,TN-P019,N495,interior_applied_load,,0.0,249.0,172.41,-3.285389442122643e-14,-9.21108572588363,1.6027414820395267e-14,2.3195338550711614e-13,2.2263355715020896e-15,1.0306809671052939e-13
strength_lateral_HZ_-2,TN-P020,N496,interior_applied_load,,0.0,249.0,199.864,-4.8410799618748485e-14,-9.211085725882867,-1.2236754862290424e-13,3.661103509358131e-12,-1.5158240414404998e-15,8.243635587875561e-13
strength_lateral_HZ_-2,TN-P021,N497,interior_applied_load,,0.0,249.0,227.319,2.9802322387695312e-08,-4.605542864650488,0.0,4.76837158203125e-07,0.0,0.0
strength_lateral_HZ_-2,TN-P022,N516,interior_applied_load,,-0.0,249.0,229.319,-5.960464477539063e-08,-12.32594611030072,0.0,4.76837158203125e-07,5.820766091346741e-11,-2.9802322387695312e-08
strength_lateral_HZ_-2,TN-P023,N193,interior_applied_load,,0.031,249.0,115.0,-2.2495136099248124e-09,-0.37789367180260736,-6.9449435261750045e-06,-8.966919527760716e-11,-3.1760117797623916e-07,3.896327870991671e-07
strength_lateral_HZ_-2,TN-P024,N194,interior_applied_load,,1.0,249.0,115.0,-7.821654435247183e-11,-7.678506058424091,-4.545057663563057e-10,4.8203219193965197e-11,6.366462912410498e-12,-7.753442332614213e-11
strength_lateral_HZ_-2,TN-P025,N195,interior_applied_load,,9.344,249.0,115.0,2.1282591350352065e-12,-285.2422374938011,-4.4692392276257754e-13,-1.3235368452373857e-13,9.422431318127414e-12,-2.6690164836849224e-11
strength_lateral_HZ_-2,TN-P026,N688,interior_applied_load,,10.167,249.0,229.319,4.4648019523811844e-12,-10.014583343914016,1.208493259280917e-12,-5.820302150473845e-14,4.439000702236992e-12,1.175396213089422e-12
strength_lateral_HZ_-2,TN-P027,N517,interior_applied_load,,10.6,249.0,137.864,9.094947017729282e-13,-8.31955589789004,-4.263256414560601e-14,6.821210263296962e-13,-1.7053025658242404e-13,-4.547473508864641e-13
strength_lateral_HZ_-2,TN-P028,N518,interior_applied_load,,20.2,249.0,160.728,-1.1100394707962066e-12,-8.319555897892206,-7.224489162788793e-14,-6.494457763257648e-14,-1.464307862882765e-13,-2.413833759442589e-12
strength_lateral_HZ_-2,TN-P029,N196,interior_applied_load,,21.385,249.0,115.0,-1.3641948146758899e-11,-5.6512191028490095,-3.1794125197925086e-12,2.24209359360878e-13,5.143685674318478e-12,-7.232764781273214e-11
strength_lateral_HZ_-2,TN-P030,N197,interior_applied_load,,24.3,249.0,115.0,1.4759438522240882e-11,-2.511128213475841,-3.9028290210759424e-11,-1.3070505037987826e-12,-7.564532673459971e-11,-1.69636162415884e-10
strength_lateral_HZ_-2,TN-P031,N198,interior_applied_load,,28.031,249.0,115.0,4.991145120468639e-12,-284.50700449496117,-6.504065813461338e-11,-3.044368175515342e-13,-4.034180878640891e-11,-1.3399037021183246e-11
strength_lateral_HZ_-2,TN-P032,N519,interior_applied_load,,29.8,249.0,183.592,-4.49969585228302e-14,-8.319555897889407,-2.714347337543425e-14,-4.976507040101692e-13,5.021256422564338e-13,2.339167630228197e-12
strength_lateral_HZ_-2,TN-P033,N689,interior_applied_load,,38.333,249.0,229.319,-1.1880202752066366e-12,-10.145208349138377,1.6002854014145227e-12,-2.0315421377592307e-13,-8.619976712503201e-12,4.892694978263289e-13
strength_lateral_HZ_-2,TN-P034,N520,interior_applied_load,,39.4,249.0,206.455,7.641587671067204e-13,-8.319555897889577,1.373051686641685e-13,-1.4019941623356434e-12,-4.196732137677117e-12,-7.003791377793676e-13
strength_lateral_HZ_-2,TN-P035,N199,interior_applied_load,,42.74,249.0,115.0,1.7433630933516774e-11,-7.06107185704547,2.100427199149545e-11,7.976945029441662e-13,-1.0235396505391886e-10,1.893934415289079e-11
strength_lateral_HZ_-2,TN-P036,N200,interior_applied_load,,46.719,249.0,115.0,-1.6217316194936037e-11,-280.3774188031321,-4.683812727736041e-11,2.422835551541855e-13,-2.8438039564010705e-10,8.483361536416033e-12
strength_lateral_HZ_-2,TN-P037,N521,interior_applied_load,,49.0,249.0,229.319,1.756428336108229e-11,-7.273007099832137,2.546532887337527e-09,-7.309127401935981e-11,4.0645879023637477e-11,1.0253129161669206e-10
strength_lateral_HZ_-2,TN-P038,N201,interface_action,BR-N-upper-2,50.25,249.0,115.0,-118.6903388728575,109.03249551854985,-2.7473509190127783,-98.38614493932305,-47.83399473754505,643.7089066200824
strength_lateral_HZ_-2,TN-P039,N690,interface_action,BR-N-upper-1,50.25,249.0,229.319,374.0383249267364,451.8688780027112,8.589596561595815,-311.50183857239637,59.31644294024923,1085.5979739780494
strength_lateral_HZ_-2,TN-P040,N202,interior_applied_load,,52.45,249.0,115.0,-7.190645462004228e-11,-1.133549935972612,-3.594855239588445e-09,-2.1416766678954354e-10,2.1520916464937545e-09,1.6916486034439662e-10
strength_lateral_HZ_-2,TN-P041,N203,interface_action,N1 / U-W,53.25,249.0,115.0,-673.7911116662799,1460.2031532700084,-33.52693917477548,376.41909750015185,-2253.2504978417296,19060.559772104392
strength_lateral_HZ_-2,TN-P042,N691,interface_action,N1 / U-W,53.25,249.0,229.319,-368.5474148448044,-309.2195490142268,17.165208290388115,382.2312270071872,-843.1566237388618,-1802.1733390205563
strength_lateral_HZ_-2,TN-P043,N481,interface_action,N1 / U-W,56.25,249.0,207.0,580.37366162525,258.80597800736086,-7.588159454586236,39.90141751462018,-272.5912509509984,504.5656687126795
strength_lateral_HZ_-2,TN-P044,N482,interior_applied_load,,57.25,249.0,207.0,7.450580596923828e-09,-6.714120945893228,-2.384185791015625e-07,0.0,-4.656612873077393e-10,-1.4901161193847656e-08
strength_lateral_HZ_-2,TN-P045,N531,interior_applied_load,,57.25,249.0,209.5,-7.450580596923828e-09,-2.9891714518889785,0.0,2.384185791015625e-07,-2.3283064365386963e-10,1.4901161193847656e-08
strength_lateral_HZ_-2,TN-P046,N532,interior_applied_load,,57.25,249.0,227.319,1.674431257536746e-08,-2.989171451293842,1.2061741899715983e-07,8.389333561176215e-09,-3.62059044852034e-11,-1.892389650537396e-08
strength_lateral_HZ_-2,TN-P047,N692,interior_applied_load,,57.25,249.0,229.319,-3.0797066610669954e-08,-3.46156248444183,-4.471796776803096e-07,-6.978565444412508e-08,-4.17264086038476e-11,-4.070589520105957e-08
strength_lateral_HZ_-2,TN-P048,N204,interior_applied_load,,64.094,249.0,115.0,1.8999820634565162e-11,-4.593239104902057,5.760338770478607e-10,9.623157797853617e-13,7.682494191870826e-10,-1.584839705651717e-09
strength_lateral_HZ_-2,TN-P049,N205,interior_applied_load,,65.406,249.0,115.0,-2.5498309641035143e-12,-283.7764944118552,-3.362806563940993e-10,3.1243345148763585e-13,-9.831788488375166e-11,9.935650525300483e-11
strength_lateral_HZ_-2,TN-P050,N693,interior_applied_load,,66.5,249.0,229.319,-6.109696941568309e-13,-6.0087499975169925,7.863427104082314e-12,2.5752057970655815e-13,-6.157396942953053e-11,-6.031714831419923e-12
strength_lateral_HZ_-2,TN-P051,N541,interior_applied_load,,68.75,249.0,218.16,9.094947017729282e-13,-5.3762418933193885,9.094947017729282e-13,-3.637978807091713e-12,1.8189894035458565e-12,9.094947017729282e-13
strength_lateral_HZ_-2,TN-P052,N483,interior_applied_load,,80.25,249.0,207.0,-1.4901161193847656e-08,-7.884249992668629,-2.384185791015625e-07,-2.384185791015625e-07,0.0,2.9802322387695312e-08
strength_lateral_HZ_-2,TN-P053,N533,interior_applied_load,,80.25,249.0,209.5,0.0,-2.989171452820301,-2.384185791015625e-07,-2.384185791015625e-07,0.0,-1.4901161193847656e-08
strength_lateral_HZ_-2,TN-P054,N534,interior_applied_load,,80.25,249.0,227.319,-4.1948550431880616e-08,-2.989171452147803,6.9889753151475276e-09,-1.2104489466313595e-08,-9.633309371631087e-11,3.883113032510099e-08
strength_lateral_HZ_-2,TN-P055,N542,interior_applied_load,,80.25,249.0,229.319,2.7957201942536853e-08,-12.795596945314264,1.0239855410304878e-07,1.9738426608886784e-07,3.7305764353437736e-10,4.385010338437751e-08
strength_lateral_HZ_-2,TN-P056,N206,interior_applied_load,,80.6,249.0,115.0,-1.995580663150853e-12,-7.061071856530064,-1.1179762389790212e-11,-3.484115663990348e-13,1.8502647771140108e-10,1.8599478819698985e-10
strength_lateral_HZ_-2,TN-P057,N207,interior_applied_load,,84.094,249.0,115.0,-3.019482397343218e-11,-279.3713932142714,4.717071706486e-10,-1.5231089015403974e-12,-3.9651293794111083e-10,2.4561189106265036e-09
strength_lateral_HZ_-2,TN-P058,N208,interior_applied_load,,85.448,249.0,115.0,1.998220985155192e-11,-7.061071859371773,-3.497182916597592e-10,2.7965060628463034e-12,1.7686721823304481e-10,-1.9328416809380242e-09
strength_lateral_HZ_-2,TN-P059,N543,interior_applied_load,,92.25,249.0,218.16,5.4569682106375694e-12,-5.497868662765541,2.7284841053187847e-12,-4.3655745685100555e-11,-1.0913936421275139e-11,6.821210263296962e-13
strength_lateral_HZ_-2,TN-P060,N694,interior_applied_load,,94.667,249.0,229.319,1.7173730067894731e-12,-6.270000052121848,1.4309829004190463e-11,3.9521509555700797e-11,1.9732769155080152e-10,-4.7095930355363585e-12
strength_lateral_HZ_-2,TN-P061,N209,interior_applied_load,,102.781,249.0,115.0,1.0623402210653664e-11,-285.6082797410514,2.5060517110765258e-11,-9.022393829799334e-13,8.48729201188483e-14,-5.174777422869741e-10
strength_lateral_HZ_-2,TN-P062,N484,interior_applied_load,,104.25,249.0,207.0,1.4901161193847656e-08,-13.549868665635586,-7.152557373046875e-07,-4.76837158203125e-07,0.0,0.0
strength_lateral_HZ_-2,TN-P063,N535,interior_applied_load,,104.25,249.0,209.5,-7.450580596923828e-09,-2.989171452820301,1.1920928955078125e-06,-2.384185791015625e-07,-3.3993273973464966e-08,1.4901161193847656e-08
strength_lateral_HZ_-2,TN-P064,N536,interior_applied_load,,104.25,249.0,227.319,6.861228626919846e-09,-2.989171453169596,-2.186519257041386e-07,1.39837639079321e-07,1.0457317901306091e-10,6.601718477439178e-09
strength_lateral_HZ_-2,TN-P065,N695,interior_applied_load,,104.25,249.0,229.319,-7.612245764586655e-09,-7.358541664401883,-4.842453140184867e-07,6.228731858604065e-08,5.6080285242623665e-11,-5.1609828783696854e-09
strength_lateral_HZ_-2,TN-P066,N210,interior_applied_load,,106.802,249.0,115.0,7.847109931013505e-12,-2.255292211126041,-5.556710008143085e-10,-1.7292489389221318e-12,5.140626012384666e-10,1.7116450563943093e-09
strength_lateral_HZ_-2,TN-P067,N211,interior_applied_load,,108.75,249.0,115.0,-4.889048502553606e-13,-5.54179996808604,-5.394021437102937e-10,1.6545459555029106e-12,2.3906373057247133e-11,4.585830597859392e-09
strength_lateral_HZ_-2,TN-P068,N544,interior_applied_load,,116.25,249.0,218.16,-9.094947017729282e-13,-5.497868662760084,1.0913936421275139e-11,2.546585164964199e-11,-3.637978807091713e-12,-9.094947017729282e-13
strength_lateral_HZ_-2,TN-P069,N212,interior_applied_load,,121.469,249.0,115.0,3.050815745430067e-12,-284.87225943049225,-2.6976116677565664e-11,1.9647040176355977e-13,1.3732285395183219e-11,3.755000382408087e-10
strength_lateral_HZ_-2,TN-P070,N696,interior_applied_load,,122.833,249.0,229.319,1.7278654291066216e-11,-6.269999985873886,2.7011505383093586e-10,-1.2955494184152706e-10,-6.165651022841519e-10,1.462463234331756e-10
strength_lateral_HZ_-2,TN-P071,N213,interior_applied_load,,128.156,249.0,115.0,-1.7416868062445631e-12,-5.830697854110531,1.3444727217868277e-11,5.004404701815259e-13,1.784290680332158e-10,-1.1026145049033192e-09
strength_lateral_HZ_-2,TN-P072,N485,interior_applied_load,,128.25,249.0,207.0,0.0,-7.884249992668629,0.0,9.5367431640625e-07,0.0,7.450580596923828e-09
strength_lateral_HZ_-2,TN-P073,N537,interior_applied_load,,128.25,249.0,209.5,-7.450580596923828e-09,-2.989171452820301,4.76837158203125e-07,-4.76837158203125e-07,4.656612873077393e-10,-7.450580596923828e-09
strength_lateral_HZ_-2,TN-P074,N538,interior_applied_load,,128.25,249.0,227.319,1.3102921497809561e-08,-2.9891714510989353,3.4907219115254406e-08,7.757801196994762e-07,1.1331285141471498e-10,3.3639896146464565e-08
strength_lateral_HZ_-2,TN-P075,N545,interior_applied_load,,128.25,249.0,229.319,1.907401209515807e-08,-12.7955969473214,-1.117039470828568e-06,1.1014892702173334e-06,-1.3359433831674605e-09,6.868790798951005e-08
strength_lateral_HZ_-2,TN-P076,N214,interior_applied_load,,136.9,249.0,115.0,1.7378925248987286e-11,-4.534200061674308,-1.3775122524094338e-11,1.926276263895395e-12,1.0962187384641796e-10,5.319672609093953e-11
strength_lateral_HZ_-2,TN-P077,N546,interior_applied_load,,139.75,249.0,218.16,-3.637978807091713e-12,-5.376241893316546,-3.637978807091713e-12,-3.637978807091713e-12,-3.2741809263825417e-11,-1.8189894035458565e-12
strength_lateral_HZ_-2,TN-P078,N215,interior_applied_load,,140.156,249.0,115.0,-5.415532202339569e-12,-282.30445378971143,-1.2976159788204043e-10,1.7996487155066349e-12,-1.451396446887208e-10,3.723918166578285e-10
strength_lateral_HZ_-2,TN-P079,N216,interior_applied_load,,149.51,249.0,115.0,-6.532793379257607e-12,-7.061071856995392,7.394540009078692e-12,4.643385273243698e-13,2.5549402307429596e-11,-3.918620531640274e-10
strength_lateral_HZ_-2,TN-P080,N697,interior_applied_load,,151.0,249.0,229.319,-1.490840784157399e-10,-6.00875009552185,5.689840260614254e-07,-6.430594685383596e-12,-6.464480313550514e-08,-6.530962042006205e-09
strength_lateral_HZ_-2,TN-P081,N486,interior_applied_load,,151.25,249.0,207.0,3.725290298461914e-09,-6.714120950549841,9.5367431640625e-07,0.0,-9.313225746154785e-10,-7.450580596923828e-09
strength_lateral_HZ_-2,TN-P082,N539,interior_applied_load,,151.25,249.0,209.5,-3.725290298461914e-09,-2.9891714565455914,4.76837158203125e-07,0.0,-9.313225746154785e-10,0.0
strength_lateral_HZ_-2,TN-P083,N540,interior_applied_load,,151.25,249.0,227.319,-1.927552294861412e-08,-2.989171449039539,1.8440606680825145e-06,1.4929141423092318e-08,4.5229625254304915e-10,-6.707425434515635e-09
strength_lateral_HZ_-2,TN-P084,N698,interior_applied_load,,151.25,249.0,229.319,-1.3149959121605548e-08,-1.110312505403433,-2.008898052880282e-06,3.978398119748304e-07,-3.7500566688400405e-08,-3.311673622916761e-08
strength_lateral_HZ_-2,TN-P085,N487,interior_applied_load,,152.25,249.0,207.0,1.1633906727058401e-10,-0.16774998041779357,1.4828331037608805e-07,-2.8935918222516613e-08,-6.076208796335689e-08,1.1194774018687766e-07
strength_lateral_HZ_-2,TN-P086,N475,interior_applied_load,,155.25,249.0,120.0,2.5425737462093567e-14,-13.81098506960913,-8.426838190667704e-13,-3.8321104105129015e-12,2.716458428880574e-13,2.2514304815240272e-13
strength_lateral_HZ_-2,TN-P087,N476,interior_applied_load,,155.25,249.0,146.657,-8.711425889028879e-14,-27.621970139257076,-3.419976718451802e-13,-1.0819270982303431e-11,-1.6365107891609055e-14,6.484221945360185e-13
strength_lateral_HZ_-2,TN-P088,N477,interior_applied_load,,155.25,249.0,173.314,2.764879291961275e-15,-27.621970139254202,2.0035818254599804e-12,-6.90315453750358e-11,2.716458428880574e-13,-1.7763197541986171e-13
strength_lateral_HZ_-2,TN-P089,N478,interior_applied_load,,155.25,249.0,199.971,-4.664195234505444e-13,-17.45272986146507,1.3980043033166675e-10,4.306055184074183e-10,6.62252094320777e-13,1.8416265479072005e-12
strength_lateral_HZ_-2,TN-P090,N479,interior_applied_load,,155.25,249.0,207.0,-2.0627989983000488e-10,-13.810985138897014,-1.2132390050490243e-07,4.121553631241304e-08,-2.0700557736952646e-07,5.706788276989603e-08
strength_lateral_HZ_-2,TN-P091,N480,interior_applied_load,,155.25,249.0,226.628,0.0,-10.169240277260542,4.76837158203125e-07,-4.76837158203125e-07,9.313225746154785e-10,0.0
strength_lateral_HZ_-2,TN-P092,N699,interior_applied_load,,155.25,249.0,229.319,0.0,-2.2859374806284904,0.0,0.0,2.7939677238464355e-09,0.0
strength_lateral_HZ_-2,TN-P093,N217,interior_applied_load,,158.844,249.0,115.0,5.948882761290139e-12,-283.4112394756425,6.292811145196718e-12,-1.4404621681216525e-13,-7.738060395155282e-11,1.596397644073021e-10
strength_lateral_HZ_-2,TN-P094,N522,interior_applied_load,,160.0,249.0,229.319,-5.372777536321878e-12,-10.64787934575224,6.068599030531071e-13,-1.4567083109260045e-11,5.065347152670517e-10,2.1370668659268514e-10
strength_lateral_HZ_-2,TN-P095,N218,interior_applied_load,,165.05,249.0,115.0,-6.482712800104164e-12,-4.542071799331955,-2.470649912663529e-11,-3.434493027244362e-13,-2.047194419668355e-10,1.083414260219978e-09
strength_lateral_HZ_-2,TN-P096,N219,interior_applied_load,,170.865,249.0,115.0,-1.3368786584918703e-11,-4.716040323605509,9.574548077498772e-12,7.690313830816899e-13,-7.062699951099343e-11,4.997878987437799e-10
strength_lateral_HZ_-2,TN-P097,N523,interior_applied_load,,172.85,249.0,206.455,-1.4960547876242312e-12,-8.799300402799913,5.583977395523064e-13,7.436867914341302e-12,-4.45315946517868e-12,5.814626122011542e-13
strength_lateral_HZ_-2,TN-P098,N220,interior_applied_load,,177.531,249.0,115.0,-1.9716614922385858e-11,-280.9914251030923,-3.604832142003889e-10,3.79134046414647e-12,1.160031734161057e-09,3.605993313042627e-10
strength_lateral_HZ_-2,TN-P099,N700,interior_applied_load,,179.167,249.0,229.319,-1.4822932555680955e-11,-5.225000037339442,-3.0818378594803165e-08,5.606142098527308e-12,5.831347795440789e-09,-2.4895164287501263e-09
strength_lateral_HZ_-2,TN-P100,N221,interior_applied_load,,180.0,249.0,115.0,2.4761938277606532e-08,-5.549671888479885,5.040482875529051e-08,1.7735623814019164e-07,-2.374864464289036e-10,1.9101481285588306e-08
strength_lateral_HZ_-2,TN-P101,N498,interior_applied_load,,180.0,249.0,117.5,-5.104681122247712e-09,-4.605542844710705,-4.980950052413391e-08,-4.874868864135351e-08,-5.115907697472721e-13,3.4935169423988555e-08
strength_lateral_HZ_-2,TN-P102,N499,interior_applied_load,,180.0,249.0,144.955,-1.1368683772161603e-13,-9.211085725881276,2.2737367544323206e-13,-9.094947017729282e-13,2.842170943040401e-14,1.3642420526593924e-12
strength_lateral_HZ_-2,TN-P103,N500,interior_applied_load,,180.0,249.0,172.41,-5.684341886080802e-14,-9.211085725888552,-2.2737367544323206e-13,-1.8189894035458565e-12,-4.494798560313382e-15,9.094947017729282e-13
strength_lateral_HZ_-2,TN-P104,N501,interior_applied_load,,180.0,249.0,199.864,-8.34583520945254e-14,-9.211085725883782,-2.4229651128579185e-14,1.4403494668837872e-11,-5.470271671831884e-15,-5.584914564870113e-13
strength_lateral_HZ_-2,TN-P105,N502,interior_applied_load,,180.0,249.0,227.319,-1.724063707908563e-07,-4.6055428686739495,2.766482510296875e-07,1.1803264404752767e-06,6.608523364231688e-10,1.2487168798980264e-07
strength_lateral_HZ_-2,TN-P106,N701,interior_applied_load,,180.0,249.0,229.319,2.541234383384363e-07,-7.358541680495666,9.943379101283338e-07,-7.608527909385138e-07,1.5098042497018218e-08,1.1090627503304866e-07
strength_lateral_HZ_-2,TN-P107,N524,interior_applied_load,,185.7,249.0,183.592,-1.6629066092400183e-12,-8.79930040279677,1.5271128297124794e-14,1.990739385192278e-11,9.616374407452766e-12,-1.595423064904082e-12
strength_lateral_HZ_-2,TN-P108,N222,interior_applied_load,,192.219,249.0,115.0,3.3667910407933755e-11,-4.98762001288307,-2.9698030424545784e-09,-7.5573892815142e-13,-1.851630278462623e-09,7.002245653511643e-10
strength_lateral_HZ_-2,TN-P109,N223,interior_applied_load,,193.2,249.0,115.0,-3.9593918527719545e-12,-1.5113999448845437,4.075821267441727e-09,-1.219929990471901e-11,2.604159727073057e-09,-1.3694233732080179e-09
strength_lateral_HZ_-2,TN-P110,N224,interior_applied_load,,196.219,249.0,115.0,9.535272857260643e-12,-318.72732887311525,-1.617310739905792e-10,2.241239636796376e-12,-1.3261819596210257e-11,1.9160566929172892e-10
strength_lateral_HZ_-2,TN-P111,N525,interior_applied_load,,198.55,249.0,160.728,1.5060154445192165e-12,-8.799300402802826,7.46451030633566e-13,3.537654869267629e-12,-8.406868150974044e-12,4.673656985976941e-12
strength_lateral_HZ_-2,TN-P112,N702,interior_applied_load,,207.333,249.0,229.319,-4.757418377863245e-12,-11.5603124988198,-5.980881434565859e-11,-1.2503544368948337e-12,-2.4879921523734854e-10,7.913027771864124e-11
strength_lateral_HZ_-2,TN-P113,N526,interior_applied_load,,211.4,249.0,137.864,-1.8189894035458565e-12,-8.799300402799417,0.0,-8.185452315956354e-12,9.094947017729282e-13,-8.171241461241152e-13
strength_lateral_HZ_-2,TN-P114,N225,interior_applied_load,,213.573,249.0,115.0,6.041611251045229e-11,-7.06107185624419,2.289457060778547e-09,6.934082621540468e-12,8.840688205367631e-11,-2.217596790799142e-10
strength_lateral_HZ_-2,TN-P115,N226,interior_applied_load,,214.906,249.0,115.0,-3.8650341787954764e-11,-313.96799319282775,-1.1459962338944308e-09,1.8035641077192127e-12,-2.470704887284577e-09,2.175798548284453e-11
strength_lateral_HZ_-2,TN-P116,N227,interior_applied_load,,221.35,249.0,115.0,-2.859269282028838e-11,-3.530535981895956,-4.1339696972979275e-11,3.8445044920043445e-11,1.5688412238762332e-10,-3.6313095695426153e-10
strength_lateral_HZ_-2,TN-P117,N228,interface_action,N2; T-E,224.25,249.0,115.0,-239.95112326741219,2068.9472723416984,-128.0326977968216,-254.2347196340561,-172.16191468178295,-3353.8053972423077
strength_lateral_HZ_-2,TN-P118,N503,interface_action,T-E,224.25,249.0,117.5,470.6519720554352,-493.66114321909845,120.41711270809174,-343.61514246463776,-1078.1197223954368,4225.996752411127
strength_lateral_HZ_-2,TN-P119,N186,interface_action,T-E,224.25,249.0,120.0,-2.7170546520646894,236.93702486164693,-0.0541570236091502,-7.634170957957394,-73.90956662781468,201.26147041351942
strength_lateral_HZ_-2,TN-P120,N504,interior_applied_load,,224.25,249.0,144.955,3.552713678800501e-15,-9.211085725886733,2.2737367544323206e-13,-6.366462912410498e-12,2.842170943040401e-14,3.410605131648481e-13
strength_lateral_HZ_-2,TN-P121,N505,interior_applied_load,,224.25,249.0,172.41,-3.66732468279091e-15,-9.211085725885125,-3.87056639258102e-14,-4.3767122605926996e-12,-2.291035021477313e-14,-6.22041284217056e-14
strength_lateral_HZ_-2,TN-P122,N506,interior_applied_load,,224.25,249.0,199.864,2.613567261352106e-15,-9.211085725883732,1.685397792074738e-13,9.136179821814629e-13,5.184602399893284e-16,4.264465211296443e-13
strength_lateral_HZ_-2,TN-P123,N507,interior_applied_load,,224.25,249.0,227.319,2.9563581491198754e-07,-4.605542861408211,1.6565649825772688e-06,6.093782128124836e-06,3.0418566188696034e-10,-4.08500767712372e-07
strength_lateral_HZ_-2,TN-P124,N527,interface_action,N2; T-E top / segment 4,224.25,249.0,229.319,-31.000267802174932,212.35282992282706,-15.093781311985364,-135.73198334705523,-567.1347950729465,-8064.660745671282
strength_lateral_HZ_-2,TN-P125,N528,interior_applied_load,,230.312,249.0,200.739,-2.957457070357209e-13,-9.801877704262111,-1.3062085893858604e-13,2.991412804698423e-12,2.0261034944243755e-11,-4.1084315940388594e-13
strength_lateral_HZ_-2,TN-P126,N703,interior_applied_load,,235.5,249.0,229.319,-5.855374255261345e-13,-6.424304463015162,7.495573099764262e-11,-2.1132687984230269e-10,3.638375527743985e-10,5.21936900229744e-13
strength_lateral_HZ_-2,TN-P127,N529,interior_applied_load,,236.375,249.0,172.16,9.38929381093456e-14,-9.801877704259095,-1.355187603314243e-13,1.5588684270924877e-11,-9.673797567876688e-14,-1.2266672221504323e-12
strength_lateral_HZ_-2,TN-P128,N530,interior_applied_load,,242.438,249.0,143.58,2.2737367544323206e-13,-9.801877704263461,1.1368683772161603e-12,-9.094947017729282e-12,-1.3642420526593924e-12,1.5916157281026244e-12
strength_lateral_HZ_-2,TN-P129,N229,interior_applied_load,,248.5,249.0,115.0,2.9802322387695312e-08,-14.441651336848736,-1.1920928955078125e-07,-2.384185791015625e-07,-2.561137080192566e-09,0.0
strength_lateral_HZ_-2,TN-P130,N508,interior_applied_load,,248.5,249.0,117.5,2.9802322387695312e-08,-4.470258483663201,2.384185791015625e-07,1.1920928955078125e-07,-2.3283064365386963e-10,-2.9802322387695312e-08
strength_lateral_HZ_-2,TN-P131,N509,interior_applied_load,,248.5,249.0,144.148,-3.8098921687274905e-15,-8.940516968504724,1.5409684994184205e-12,5.664570960709561e-12,-4.998173494303864e-16,-1.0233479874443028e-12
strength_lateral_HZ_-2,TN-P132,N510,interior_applied_load,,248.5,249.0,170.797,2.444540284624216e-14,-8.940516968503884,-7.1704931870393e-13,1.3270977544218858e-10,-2.2686453212120346e-15,-5.212635899112113e-13
strength_lateral_HZ_-2,TN-P133,N511,interior_applied_load,,248.5,249.0,197.445,-1.5260113712019512e-14,-8.940516968503124,-1.5726905118790044e-12,-6.029927314103664e-11,1.4319271262953506e-14,-1.1296096719599132e-12
strength_lateral_HZ_-2,TN-P134,N512,interior_applied_load,,248.5,249.0,224.093,2.7323961323169623e-08,-4.470258482575289,-2.188856549361949e-07,-6.356374952284896e-07,-2.0233329211181117e-10,-4.746337647520439e-08
strength_lateral_HZ_-2,TN-P135,N704,interior_applied_load,,248.5,249.0,226.324,-7.421800036205079e-09,-3.753337512684656,-9.16768287742705e-07,-7.286038735154905e-08,2.369749203966531e-10,-1.684841502307144e-08
strength_lateral_HZ_-2,TN-P136,N230,interior_applied_load,,249.5,249.0,115.0,-7.0451700029394715e-12,-0.37785001264859225,2.9688020652951508e-09,1.2415343059180017e-11,2.717766567350566e-10,-5.029894729891016e-10
strength_lateral_HZ_-2,TN-P137,N705,interior_applied_load,,249.5,249.0,226.093,-2.8780560718748608e-11,-0.26809553526561164,7.797454917997979e-09,-2.714670137662526e-10,1.320740027629685e-10,-2.2651552619734653e-10
basic_Dfloor,TN-P001,N148,interface_action,BR-N-upper-1; T-W / B-WO; W4,-32.0,249.0,115.0,3.4064079321987295,-23.39982030994015,10.262369663260726,42.65216114348977,-507.4281103881473,-697.8498758072044
basic_Dfloor,TN-P002,N628,interface_action,BR-N-upper-2; T-W top / segment 2; W4,-32.0,249.0,226.093,12.164220498475306,44.69821108509424,-2.1653780069821056,20.20306522595153,42.18180410769893,548.5060588245705
basic_Dfloor,TN-P025,N195,interior_applied_load,,9.344,249.0,115.0,3.417459060710724e-13,-49.76470756530784,3.75648660937254e-13,-1.0342280411607312e-14,-1.7909052685446928e-12,-1.0653496339378096e-12
basic_Dfloor,TN-P031,N198,interior_applied_load,,28.031,249.0,115.0,3.901620664924046e-13,-49.76470756531611,5.452196092483761e-12,-1.822883071221292e-14,5.8326639190152996e-12,3.511149057696288e-12
basic_Dfloor,TN-P036,N200,interior_applied_load,,46.719,249.0,115.0,-9.588601561991762e-13,-49.76470756531165,4.564705901715903e-12,1.6731607304110135e-14,-8.42651592935083e-12,-7.718619073516914e-12
basic_Dfloor,TN-P038,N201,interface_action,BR-N-upper-2,50.25,249.0,115.0,-18.667408776633327,27.82940071684864,-0.0067496894831741965,-11.858764570837057,-16.53476071979692,-50.91063248816368
basic_Dfloor,TN-P039,N690,interface_action,BR-N-upper-1,50.25,249.0,229.319,61.16260140059678,81.60835095194187,1.5276166352474319,-75.8927571229356,14.320726055520845,99.35605635739233
basic_Dfloor,TN-P041,N203,interface_action,N1 / U-W,53.25,249.0,115.0,-126.58094980106232,239.8404073442026,-7.292040006376004,42.187550915513036,-448.49721759524573,3356.2549250826773
basic_Dfloor,TN-P042,N691,interface_action,N1 / U-W,53.25,249.0,229.319,-57.03393038205334,-68.65289726508006,1.7242088118774477,92.64138053083285,-27.573010867274284,-175.3117205676095
basic_Dfloor,TN-P043,N481,interface_action,N1 / U-W,56.25,249.0,207.0,94.60722032669786,30.17657474317782,-0.6657110378991883,-5.149455802115516,-20.499922700513842,78.47756320673093
basic_Dfloor,TN-P049,N205,interior_applied_load,,65.406,249.0,115.0,-3.8654705249380133e-13,-49.76470756559401,-2.770767713860217e-12,3.179343363293066e-14,2.3168589786072643e-11,1.1280962342583909e-10
basic_Dfloor,TN-P057,N207,interior_applied_load,,84.094,249.0,115.0,-1.7729266537005269e-12,-49.76470756517449,4.833891819383579e-11,7.180369419632829e-14,2.1572102754496454e-12,7.423636995773854e-10
basic_Dfloor,TN-P061,N209,interior_applied_load,,102.781,249.0,115.0,7.418731776380439e-13,-49.7647075652082,-1.5266824365933542e-12,-2.5613021383053674e-14,4.693667795748953e-12,7.494187643246287e-13
basic_Dfloor,TN-P069,N212,interior_applied_load,,121.469,249.0,115.0,-2.939669548741977e-12,-49.764707565307006,-8.840554670216083e-14,3.740900851154841e-15,1.0516961445137713e-12,5.851971401618195e-11
basic_Dfloor,TN-P078,N215,interior_applied_load,,140.156,249.0,115.0,2.8629677325684677e-13,-49.76470756554034,1.4290210496701327e-13,7.725353262256025e-14,2.2016151349780674e-12,6.987158500140038e-10
basic_Dfloor,TN-P093,N217,interior_applied_load,,158.844,249.0,115.0,2.3363408804830267e-12,-49.764707565297016,-4.4433266279888555e-14,-2.6417114247015048e-14,3.170992447249272e-12,-8.108713417528514e-11
basic_Dfloor,TN-P098,N220,interior_applied_load,,177.531,249.0,115.0,-2.4393659841316168e-12,-49.7647075653543,-8.050460708560198e-12,-5.442905703645738e-14,2.671291668071193e-11,2.6741924749482433e-10
basic_Dfloor,TN-P110,N224,interior_applied_load,,196.219,249.0,115.0,1.03247269762707e-12,-49.764707565316854,3.193223622191076e-13,-2.5785733171273013e-14,-7.660281263438228e-13,2.1665010406724813e-11
basic_Dfloor,TN-P115,N226,interior_applied_load,,214.906,249.0,115.0,8.956418101028833e-12,-49.76470756521582,2.0545572431582127e-11,1.1609583201369374e-13,3.820965783823145e-11,-1.9339974759796786e-11
basic_Dfloor,TN-P117,N228,interface_action,N2; T-E,224.25,249.0,115.0,-62.10255888104439,310.6255764507223,-21.86946163326502,-20.353823989629745,-70.8543057674542,-270.2476294860244
basic_Dfloor,TN-P118,N503,interface_action,T-E,224.25,249.0,117.5,98.90994054079056,-88.70912498654798,19.219583354890347,-92.96501646190882,-205.63301821320783,1190.16616486758
basic_Dfloor,TN-P119,N186,interface_action,T-E,224.25,249.0,120.0,-0.13965995243779616,68.55618210758985,-0.28826444764854386,-18.64348033314309,-11.537260056409025,32.537330159211706
basic_Dfloor,TN-P124,N527,interface_action,N2; T-E top / segment 4,224.25,249.0,229.319,-5.725882881117158,-25.396369021255147,-0.44617095359798603,-38.36436834869576,-23.4906904280151,-2107.573391941287
basic_Droof,TN-P001,N148,interface_action,BR-N-upper-1; T-W / B-WO; W4,-32.0,249.0,115.0,1.6835054312134372,28.634119590195418,2.7683923290305192,83.09406868574673,-60.58168388153837,17.043639437922604
basic_Droof,TN-P002,N628,interface_action,BR-N-upper-2; T-W top / segment 2; W4,-32.0,249.0,226.093,-14.964448799740095,-28.39439010122136,-2.4038188980171435,48.30617102436239,53.29623842840749,-16.17672259735727
basic_Droof,TN-P038,N201,interface_action,BR-N-upper-2,50.25,249.0,115.0,17.586885232413934,-23.579627416505797,-0.6605621054897687,-34.82424842116179,-27.873562203013336,-8.134076750400354
basic_Droof,TN-P039,N690,interface_action,BR-N-upper-1,50.25,249.0,229.319,3.9004727136876096,5.141422784311654,0.6612937709031789,-23.10274855471236,27.772428281236465,13.926209178363134
basic_Droof,TN-P041,N203,interface_action,N1 / U-W,53.25,249.0,115.0,-15.01142649078042,23.60476385915975,-1.472560744795834,54.82541918946402,-1.7700993845800423,-1.6160550453119027
basic_Droof,TN-P042,N691,interface_action,N1 / U-W,53.25,249.0,229.319,-9.618636740422167,-11.331084483200975,1.6190219553631187,31.64574954188813,-16.218983933206783,-35.76373693429647
basic_Droof,TN-P043,N481,interface_action,N1 / U-W,56.25,249.0,207.0,12.707977490389982,9.632176487485607,-0.5802286304087093,2.5449837000555733,-5.393193884110053,18.753842551532156
basic_Droof,TN-P117,N228,interface_action,N2; T-E,224.25,249.0,115.0,3.425987339229323,171.60038128891028,-31.777665242552757,256.70641781389713,44.862642398620665,76.95875304879155
basic_Droof,TN-P118,N503,interface_action,T-E,224.25,249.0,117.5,-5.445011877221987,-165.2487795560155,31.861436292529106,-394.11053778231144,1.7895795506847207,-6.029090832569636
basic_Droof,TN-P119,N186,interface_action,T-E,224.25,249.0,120.0,0.03292488016677453,96.51977261901811,-0.3084857706344337,-20.25635367794166,-0.33226192087155226,-2.2954194418836664
basic_Droof,TN-P124,N527,interface_action,N2; T-E top / segment 4,224.25,249.0,229.319,5.701770820908828,-106.57875493745267,0.29317368853540393,-56.710374733455915,-36.66751536148987,4.886984831467796
basic_Dsteel,TN-P001,N148,interface_action,BR-N-upper-1; T-W / B-WO; W4,-32.0,249.0,115.0,-81.01987000665602,196.38263982276203,5.1427916069245185,21.779547343047412,-251.75033154370075,136.1067125818175
basic_Dsteel,TN-P002,N628,interface_action,BR-N-upper-2; T-W top / segment 2; W4,-32.0,249.0,226.093,56.702221783147365,-69.70806315203669,-0.34657674706317243,28.66042047018878,-15.676590163229795,-1096.2073922692832
basic_Dsteel,TN-P003,N189,interior_applied_load,,-31.0,249.0,115.0,-1.1974634617217816e-09,-7.501450310900736,1.517959091756893e-09,6.287223186518531e-09,-1.4245316037886369e-10,3.177319740643725e-09
basic_Dsteel,TN-P004,N488,interior_applied_load,,-31.0,249.0,117.5,-2.22817337932718e-10,-3.725215403591035,-1.6821378110456224e-09,6.008359721913278e-09,1.0411639904404471e-11,2.628739731140128e-11
basic_Dsteel,TN-P005,N489,interior_applied_load,,-31.0,249.0,144.148,4.626235564239373e-16,-7.450430807086003,-7.925886559574316e-15,1.77264002316375e-13,1.3699196773296554e-16,-2.3175744054900647e-14
basic_Dsteel,TN-P006,N490,interior_applied_load,,-31.0,249.0,170.797,-6.229881537792833e-15,-7.450430807086084,-2.3867422645317576e-15,-8.798035535374708e-15,7.08630312418809e-16,-2.105764683299532e-14
basic_Dsteel,TN-P007,N491,interior_applied_load,,-31.0,249.0,197.445,-5.073714843927045e-15,-7.450430807086003,-1.9956445774457186e-14,-1.5813807844435177e-13,-8.904492764404981e-17,1.7937217337555982e-13
basic_Dsteel,TN-P008,N492,interior_applied_load,,-31.0,249.0,224.093,-4.656612873077393e-10,-3.7252154033631086,5.960464477539063e-08,0.0,2.9103830456733704e-11,1.3969838619232178e-09
basic_Dsteel,TN-P009,N686,interior_applied_load,,-31.0,249.0,226.324,2.3283064365386963e-10,-3.1277812607586384,1.1920928955078125e-07,-1.1920928955078125e-07,2.5029294192790985e-09,4.656612873077393e-10
basic_Dsteel,TN-P010,N513,interior_applied_load,,-23.25,249.0,143.58,5.684341886080802e-14,-8.279007407834683,-1.9539925233402755e-14,2.4584778657299466e-12,-5.329070518200751e-13,4.547473508864641e-13
basic_Dsteel,TN-P011,N190,interior_applied_load,,-21.323,249.0,115.0,2.407517967240188e-13,-8.54885623834958,1.2480519414068249e-14,1.7602646248418653e-14,-4.087115133574005e-14,-2.3986287685356776e-13
basic_Dsteel,TN-P012,N687,interior_applied_load,,-18.0,249.0,229.319,-1.196037053816458e-12,-6.823118306103994,4.929626859330058e-13,4.715426777077738e-12,3.78684107993648e-12,-2.633525477454136e-12
basic_Dsteel,TN-P013,N514,interior_applied_load,,-15.5,249.0,172.16,1.053877924472232e-14,-8.279007407834454,3.3874446540194877e-14,1.4063374159380027e-12,-3.5852188782682025e-13,-8.875866540993269e-15
basic_Dsteel,TN-P014,N515,interior_applied_load,,-7.75,249.0,200.739,2.3622110388226396e-14,-8.279007407835136,4.002884639661011e-15,3.141613310517948e-12,-9.048142069645551e-13,8.50314453633959e-13
basic_Dsteel,TN-P015,N191,interior_applied_load,,-3.85,249.0,115.0,3.421449870032878e-13,-6.714053410399071,-1.348430583893813e-13,-1.0187439899819801e-14,1.1228141652872141e-13,1.9690769878065025e-12
basic_Dsteel,TN-P016,N192,interior_applied_load,,0.0,249.0,115.0,-1.0354508361842818e-09,-1.2221125639492505,-3.700443682308485e-07,3.631266259906951e-10,5.698111168020662e-09,-1.4032950712561387e-07
basic_Dsteel,TN-P017,N493,interior_applied_load,,0.0,249.0,117.5,-8.786029928735624e-10,-3.83795238553339,2.3960912481578644e-12,-3.969764562843345e-10,-2.138365082675806e-12,9.336884258057796e-10
basic_Dsteel,TN-P018,N494,interior_applied_load,,0.0,249.0,144.955,-4.333815215208194e-15,-7.6759047715696225,-2.073136753844359e-15,-1.6186538256221476e-14,-2.1186186321140033e-16,-5.0113782686791355e-14
basic_Dsteel,TN-P019,N495,interior_applied_load,,0.0,249.0,172.41,-3.0972285058178645e-15,-7.6759047715695665,-2.8077776139624204e-15,-1.8144600640389247e-14,3.5033819294399026e-17,9.283532343942655e-14
basic_Dsteel,TN-P020,N496,interior_applied_load,,0.0,249.0,199.864,-1.500408163535846e-15,-7.675904771569741,-7.183943330039136e-15,4.3141935930507964e-13,-4.845282791742156e-16,1.0540794840075743e-13
basic_Dsteel,TN-P021,N497,interior_applied_load,,0.0,249.0,227.319,3.725290298461914e-09,-3.8379523858893663,-5.960464477539063e-08,0.0,-1.4551915228366852e-11,-3.725290298461914e-09
basic_Dsteel,TN-P022,N516,interior_applied_load,,-0.0,249.0,229.319,-5.587935447692871e-09,-10.271621759282425,0.0,0.0,1.4551915228366852e-11,-3.725290298461914e-09
basic_Dsteel,TN-P023,N193,interior_applied_load,,0.031,249.0,115.0,7.958461551336096e-11,-0.31488117648434055,9.277624829346798e-07,-2.265249006061195e-11,-3.732899555790455e-10,9.20999135780704e-08
basic_Dsteel,TN-P024,N194,interior_applied_load,,1.0,249.0,115.0,2.5011104298755527e-12,-6.39875504855263,-2.3948842908794177e-11,6.622258297284134e-12,-1.666933258093195e-11,1.2096279533579946e-10
basic_Dsteel,TN-P025,N195,interior_applied_load,,9.344,249.0,115.0,3.217860517781226e-13,-6.418858009417272,-8.094096027463357e-14,2.0626589605092758e-14,6.499624641111705e-13,-4.667360176295587e-12
basic_Dsteel,TN-P026,N688,interior_applied_load,,10.167,249.0,229.319,1.5505025219240276e-13,-8.34548611992821,6.872170390467733e-13,-1.9359724894602653e-14,9.036836159413935e-13,-5.475088063289781e-13
basic_Dsteel,TN-P027,N517,interior_applied_load,,10.6,249.0,137.864,2.2737367544323206e-13,-6.932963248242231,-8.881784197001252e-15,1.1368683772161603e-13,-3.552713678800501e-14,2.842170943040401e-14
basic_Dsteel,TN-P028,N518,interior_applied_load,,20.2,249.0,160.728,1.1233514001247638e-13,-6.932963248241114,-1.1861860846756507e-14,-6.584076774616957e-14,6.083319039590932e-15,-2.756685902728688e-13
basic_Dsteel,TN-P029,N196,interior_applied_load,,21.385,249.0,115.0,-2.1384492734520107e-14,-4.709349252285997,-1.756293301925363e-12,-6.206621901686472e-14,1.5267953256786339e-12,3.656278840075971e-12
basic_Dsteel,TN-P030,N197,interior_applied_load,,24.3,249.0,115.0,2.6555989481245783e-13,-2.092606844572077,-3.809343553301745e-12,-1.91810077583562e-14,2.009765210895794e-12,-5.675763622419117e-12
basic_Dsteel,TN-P031,N198,interior_applied_load,,28.031,249.0,115.0,1.2147459841565064e-12,-5.806163843709515,-2.9847474435451994e-12,-3.2025039901098035e-15,-8.280785883192178e-14,9.4314931371643e-12
basic_Dsteel,TN-P032,N519,interior_applied_load,,29.8,249.0,183.592,-3.403403735340278e-14,-6.932963248242082,-9.815813869879172e-15,1.7664289151580293e-14,5.4394032674636966e-14,2.2710990491164555e-13
basic_Dsteel,TN-P033,N689,interior_applied_load,,38.333,249.0,229.319,-8.563368007764931e-14,-8.454340290949135,-4.3791912176605815e-13,-7.011730533934788e-14,3.8692786221961015e-12,2.7454558354598646e-13
basic_Dsteel,TN-P034,N520,interior_applied_load,,39.4,249.0,206.455,1.718752427111711e-13,-6.932963248241628,1.1720469177220622e-14,-3.265693325551189e-13,-4.557792913837337e-14,-1.1191200329256821e-12
basic_Dsteel,TN-P035,N199,interior_applied_load,,42.74,249.0,115.0,-3.082624548352188e-13,-5.88422654754509,2.235361332738728e-12,7.55675204564489e-14,-7.195268190328406e-12,-6.872590498827364e-12
basic_Dsteel,TN-P036,N200,interior_applied_load,,46.719,249.0,115.0,-4.909684586585581e-13,-2.364842433847752,-4.91286353884395e-12,3.812822862839115e-14,-1.4429459678329565e-11,1.6936709709163903e-11
basic_Dsteel,TN-P037,N521,interior_applied_load,,49.0,249.0,229.319,-4.5419223937415154e-13,-6.060839250183339,8.174041510929791e-10,-2.1108883944667994e-12,2.1420196817450651e-10,-2.226520183501446e-11
basic_Dsteel,TN-P038,N201,interface_action,BR-N-upper-2,50.25,249.0,115.0,-32.062723206045796,-7.523730716856396,-0.4482175601000339,-38.4089786185881,-30.590179851696217,677.7635587052699
basic_Dsteel,TN-P039,N690,interface_action,BR-N-upper-1,50.25,249.0,229.319,58.94157046817679,36.11074988402375,0.5896958124910321,-15.169724436070837,-2.119089915060608,584.7777892093793
basic_Dsteel,TN-P040,N202,interior_applied_load,,52.45,249.0,115.0,3.9623756071222976e-11,-0.9446249464262644,2.5092196336606436e-10,-1.7739561708512587e-11,-5.903784169513442e-11,8.917158872754443e-12
basic_Dsteel,TN-P041,N203,interface_action,N1 / U-W,53.25,249.0,115.0,-49.73570269969036,67.84336746426496,-4.473524010439766,95.50395628059421,-84.88644023086911,490.12554849816087
basic_Dsteel,TN-P042,N691,interface_action,N1 / U-W,53.25,249.0,229.319,-84.75299104391893,17.862594095861052,1.115097303723,-0.6926531815348939,-41.45357247055843,-862.227347880195
basic_Dsteel,TN-P043,N481,interface_action,N1 / U-W,56.25,249.0,207.0,108.20095074256965,110.62288629112223,-1.417858392066214,-6.677874805168379,13.005167966549017,153.12873222428513
basic_Dsteel,TN-P044,N482,interior_applied_load,,57.25,249.0,207.0,0.0,-5.595100788865238,2.9802322387695312e-08,0.0,-4.3655745685100555e-11,3.725290298461914e-09
basic_Dsteel,TN-P045,N531,interior_applied_load,,57.25,249.0,209.5,-1.862645149230957e-09,-2.4909762099850923,-2.9802322387695312e-08,0.0,0.0,0.0
basic_Dsteel,TN-P046,N532,interior_applied_load,,57.25,249.0,227.319,1.0478893256588018e-09,-2.4909762096425627,-3.397390892917462e-08,-5.415901972727344e-08,1.157365860922825e-12,-1.009033741977694e-09
basic_Dsteel,TN-P047,N692,interior_applied_load,,57.25,249.0,229.319,-1.2566635862376033e-09,-2.8846354031176515,-3.894103213171332e-08,-4.166347923965365e-09,1.9739524370096703e-10,-1.0124701657397904e-09
basic_Dsteel,TN-P048,N204,interior_applied_load,,64.094,249.0,115.0,4.712899729711553e-12,-3.8276992550395073,2.8019532127185736e-12,-5.6606575992515094e-15,3.0717786767878755e-11,-7.339996881773587e-11
basic_Dsteel,TN-P049,N205,interior_applied_load,,65.406,249.0,115.0,-2.017651115037926e-12,-5.197405440596441,7.501585987306047e-12,3.0886994741040173e-13,3.707533968106876e-11,-1.2766001024096427e-11
basic_Dsteel,TN-P050,N693,interior_applied_load,,66.5,249.0,229.319,-1.3244700233776316e-13,-5.0072916645979735,2.995589930985468e-12,5.613620286836947e-14,-4.387655420757323e-12,3.145235012114946e-13
basic_Dsteel,TN-P051,N541,interior_applied_load,,68.75,249.0,218.16,0.0,-4.480201577767048,-1.1368683772161603e-13,-2.2737367544323206e-13,-9.094947017729282e-13,-8.526512829121202e-14
basic_Dsteel,TN-P052,N483,interior_applied_load,,80.25,249.0,207.0,1.862645149230957e-09,-6.5702083283104,2.9802322387695312e-08,0.0,0.0,-3.725290298461914e-09
basic_Dsteel,TN-P053,N533,interior_applied_load,,80.25,249.0,209.5,0.0,-2.490976210217923,0.0,2.9802322387695312e-08,0.0,0.0
basic_Dsteel,TN-P054,N534,interior_applied_load,,80.25,249.0,227.319,1.3142728468029663e-09,-2.490976210200679,3.0673474406273105e-08,5.257961176174941e-08,4.72262846311643e-12,9.864632513623128e-10
basic_Dsteel,TN-P055,N542,interior_applied_load,,80.25,249.0,229.319,-1.3599881410650897e-09,-10.662997454128826,7.00674384618883e-09,4.468471625734033e-08,-7.790508410238836e-12,4.543966836490384e-09
basic_Dsteel,TN-P056,N206,interior_applied_load,,80.6,249.0,115.0,1.5151801340900621e-12,-5.884226547515408,3.5892342719570583e-12,-1.3168316768270723e-14,9.038918282997688e-14,2.0925336375522987e-11
basic_Dsteel,TN-P057,N207,interior_applied_load,,84.094,249.0,115.0,-3.1013998799034528e-12,-1.526487775554663,1.4026569216062504e-11,1.6507757980810131e-13,1.1217639114945071e-12,6.473337507613896e-11
basic_Dsteel,TN-P058,N208,interior_applied_load,,85.448,249.0,115.0,1.863019863829634e-12,-5.8842265474080095,-9.861834644762476e-14,-1.036081316937176e-13,3.123696606996199e-12,-2.668139218208101e-10
basic_Dsteel,TN-P059,N543,interior_applied_load,,92.25,249.0,218.16,9.094947017729282e-13,-4.58155721896901,1.7053025658242404e-13,-4.092726157978177e-12,-2.2737367544323206e-12,-2.2737367544323206e-13
basic_Dsteel,TN-P060,N694,interior_applied_load,,94.667,249.0,229.319,-4.906241224504086e-13,-5.22500004343381,2.0111103788124457e-12,1.2158839032146433e-11,1.85882064590399e-11,-8.053835276984402e-12
basic_Dsteel,TN-P061,N209,interior_applied_load,,102.781,249.0,115.0,1.9356537570286856e-12,-6.723893215730217,1.7867225402628656e-12,-2.0929925583498606e-13,-2.068829674948943e-12,-3.752208163818626e-11
basic_Dsteel,TN-P062,N484,interior_applied_load,,104.25,249.0,207.0,7.450580596923828e-09,-11.2915572184138,-5.960464477539063e-08,-5.960464477539063e-08,-2.3137545213103294e-09,0.0
basic_Dsteel,TN-P063,N535,interior_applied_load,,104.25,249.0,209.5,-3.725290298461914e-09,-2.490976210683584,8.940696716308594e-08,8.940696716308594e-08,-7.275957614183426e-11,0.0
basic_Dsteel,TN-P064,N536,interior_applied_load,,104.25,249.0,227.319,3.663734940428931e-11,-2.490976210176356,-5.251553889321081e-08,-5.891430534393782e-08,-4.172371927590156e-12,-2.442489960285954e-11
basic_Dsteel,TN-P065,N695,interior_applied_load,,104.25,249.0,229.319,1.7224878412274628e-10,-6.132118054922446,1.829295680424322e-08,-3.44368796499869e-08,-9.341390338628334e-12,-1.6365703577045865e-10
basic_Dsteel,TN-P066,N210,interior_applied_load,,106.802,249.0,115.0,-1.6810646242770703e-12,-1.8794101763096789,1.0224103380496092e-11,1.1361372457515035e-14,-1.699617825611113e-11,-4.768336365080512e-10
basic_Dsteel,TN-P067,N211,interior_applied_load,,108.75,249.0,115.0,2.7496415584922628e-12,-4.618166630854497,-6.633400008851261e-12,6.926583313377997e-14,-4.867138960322494e-12,-9.512421999966235e-11
basic_Dsteel,TN-P068,N544,interior_applied_load,,116.25,249.0,218.16,-9.094947017729282e-13,-4.58155721896901,-2.8421709430404007e-13,1.8189894035458565e-12,1.5916157281026244e-12,1.3642420526593924e-12
basic_Dsteel,TN-P069,N212,interior_applied_load,,121.469,249.0,115.0,-2.5102012302474394e-13,-6.110542956636742,-8.13109088478933e-14,4.492518512850348e-14,-1.9643314309082773e-13,5.071320591915377e-12
basic_Dsteel,TN-P070,N696,interior_applied_load,,122.833,249.0,229.319,2.5745368430235323e-12,-5.224999988245035,1.6386054781002166e-12,-1.2143502990801143e-11,-4.9630832227639855e-11,1.3377902316754179e-11
basic_Dsteel,TN-P071,N213,interior_applied_load,,128.156,249.0,115.0,-6.54814853713122e-13,-4.858914878384289,-2.8336533476621707e-13,1.5899847597760117e-14,9.803595361547703e-13,-6.66691653619086e-11
basic_Dsteel,TN-P072,N485,interior_applied_load,,128.25,249.0,207.0,1.862645149230957e-09,-6.5702083287760615,-2.9802322387695312e-08,5.960464477539063e-08,-1.4551915228366852e-11,-3.725290298461914e-09
basic_Dsteel,TN-P073,N537,interior_applied_load,,128.25,249.0,209.5,0.0,-2.4909762097522616,2.9802322387695312e-08,0.0,0.0,0.0
basic_Dsteel,TN-P074,N538,interior_applied_load,,128.25,249.0,227.319,-9.200376615073336e-10,-2.49097621025874,4.8583827509662836e-08,8.330051828875362e-09,-1.3490216896886546e-11,6.860980712383724e-09
basic_Dsteel,TN-P075,N545,interior_applied_load,,128.25,249.0,229.319,-9.701465506146638e-09,-10.66299745473986,-3.799947660048708e-08,-2.051335762505055e-08,-5.957596327354242e-11,2.8799113578003777e-08
basic_Dsteel,TN-P076,N214,interior_applied_load,,136.9,249.0,115.0,3.2049401869201557e-12,-3.778500051178726,3.795869275442256e-12,2.112263887953758e-13,1.217668013914247e-12,8.918178936563757e-11
basic_Dsteel,TN-P077,N546,interior_applied_load,,139.75,249.0,218.16,-9.094947017729282e-13,-4.48020157776682,-2.8421709430404007e-13,6.821210263296962e-13,-1.3642420526593924e-12,2.2737367544323206e-13
basic_Dsteel,TN-P078,N215,interior_applied_load,,140.156,249.0,115.0,-1.584339900859087e-12,-3.970704922386855,-1.8387412684602065e-12,1.3962750479215052e-13,-1.0495645932574246e-11,5.953042676023333e-11
basic_Dsteel,TN-P079,N216,interior_applied_load,,149.51,249.0,115.0,1.721658425569528e-13,-5.884226547544539,-3.010596774336366e-13,-5.780809716911162e-14,-9.482412159880696e-12,-4.5626147564970634e-11
basic_Dsteel,TN-P080,N697,interior_applied_load,,151.0,249.0,229.319,3.919035235222523e-12,-5.007291680540224,-5.675234171498289e-09,-1.758213440484826e-12,2.014226535562713e-09,-6.684788850935819e-10
basic_Dsteel,TN-P081,N486,interior_applied_load,,151.25,249.0,207.0,0.0,-5.5951007893309,5.960464477539063e-08,0.0,0.0,0.0
basic_Dsteel,TN-P082,N539,interior_applied_load,,151.25,249.0,209.5,1.862645149230957e-09,-2.490976210683584,-2.9802322387695312e-08,-5.960464477539063e-08,-1.4551915228366852e-11,-3.725290298461914e-09
basic_Dsteel,TN-P083,N540,interior_applied_load,,151.25,249.0,227.319,3.2639495099739957e-10,-2.490976210214389,6.585541766079839e-08,2.3414515132325064e-08,2.266475457995788e-12,9.853616915467267e-10
basic_Dsteel,TN-P084,N698,interior_applied_load,,151.25,249.0,229.319,8.966464948995112e-10,-0.9252604112209273,-7.188716851970145e-08,3.3481605597390134e-08,5.854943598999625e-09,7.967623318928807e-10
basic_Dsteel,TN-P085,N487,interior_applied_load,,152.25,249.0,207.0,-1.4366651450844815e-10,-0.1397916775096502,3.0948692863504596e-10,1.9378148708535732e-10,-2.8097281919364208e-08,1.3594134937573734e-09
basic_Dsteel,TN-P086,N475,interior_applied_load,,155.25,249.0,120.0,3.501914703444709e-14,-11.509154224685831,-1.6812793621741444e-14,-4.5146387111552e-13,-1.3027920811593483e-15,3.889311746306976e-13
basic_Dsteel,TN-P087,N476,interior_applied_load,,155.25,249.0,146.657,6.107470909881796e-14,-23.018308449374192,3.0637728516109554e-14,-1.043678172419073e-12,8.010556763758319e-15,3.472128357367445e-14
basic_Dsteel,TN-P088,N477,interior_applied_load,,155.25,249.0,173.314,4.571315184000058e-14,-23.01830844937394,9.702028343867281e-14,-1.4157730671890887e-12,1.2908062634042655e-14,-3.7220655190645546e-12
basic_Dsteel,TN-P089,N478,interior_applied_load,,155.25,249.0,199.971,2.1106435479402843e-13,-14.543941551231741,6.969488031410658e-12,-1.0074695768408522e-11,1.2336825930723098e-14,-5.0591094496329236e-12
basic_Dsteel,TN-P090,N479,interior_applied_load,,155.25,249.0,207.0,1.1884693062033436e-10,-11.509154221921987,-2.969141331630928e-08,5.224966997815993e-10,-1.0482885214865038e-08,-1.5710187814996745e-08
basic_Dsteel,TN-P091,N480,interior_applied_load,,155.25,249.0,226.628,0.0,-8.474366897717118,0.0,-2.9802322387695312e-08,1.4551915228366852e-11,-4.656612873077393e-10
basic_Dsteel,TN-P092,N699,interior_applied_load,,155.25,249.0,229.319,0.0,-1.9049479011446238,0.0,0.0,8.731149137020111e-11,-9.313225746154785e-10
basic_Dsteel,TN-P093,N217,interior_applied_load,,158.844,249.0,115.0,1.565186510103973e-12,-4.893026327637557,5.720653506821374e-13,-2.0262999677056682e-13,-1.0384832770869896e-11,-1.645028842592051e-11
basic_Dsteel,TN-P094,N522,interior_applied_load,,160.0,249.0,229.319,1.0775685269151426e-12,-8.873232788116269,-2.5788023284266584e-11,2.5178501392890793e-12,-1.7590206134033002e-11,5.0052911742746906e-11
basic_Dsteel,TN-P095,N218,interior_applied_load,,165.05,249.0,115.0,1.5077069721348698e-13,-3.7850598327570135,3.829729310869047e-14,3.012317631616289e-13,4.082656060303858e-12,6.154850308041545e-11
basic_Dsteel,TN-P096,N219,interior_applied_load,,170.865,249.0,115.0,-1.0223897118279799e-12,-3.930033602890475,1.12541062410661e-12,-1.8601428583823876e-14,4.725194246315885e-13,3.811966163808961e-11
basic_Dsteel,TN-P097,N523,interior_applied_load,,172.85,249.0,206.455,1.0673135470041197e-12,-7.332750335668253,1.465676819603332e-14,1.7838450240232308e-13,-3.7851581934979263e-13,9.184679226757856e-14
basic_Dsteel,TN-P098,N220,interior_applied_load,,177.531,249.0,115.0,3.8639316833651505e-13,-2.876514349955112,4.891044779760122e-11,1.398603497680047e-13,-6.846803243646381e-11,1.973674731160317e-10
basic_Dsteel,TN-P099,N700,interior_applied_load,,179.167,249.0,229.319,-5.749603530651048e-13,-4.354166695774055,-5.081419422218422e-10,-1.7956092050533544e-13,-1.8463848128984173e-10,-6.15534568341543e-10
basic_Dsteel,TN-P100,N221,interior_applied_load,,180.0,249.0,115.0,1.981784736315717e-10,-4.624726586272631,-1.400247118255038e-08,-9.107588905266084e-09,-6.054702576126717e-11,-2.9591164518727453e-09
basic_Dsteel,TN-P101,N498,interior_applied_load,,180.0,249.0,117.5,-1.619090639337628e-09,-3.8379523853654023,3.0265425721154315e-09,-8.877208301782957e-09,1.8250290167998173e-11,2.219593397967401e-10
basic_Dsteel,TN-P102,N499,interior_applied_load,,180.0,249.0,144.955,-3.552713678800501e-15,-7.675904771570458,1.0658141036401503e-14,-1.4210854715202004e-13,1.7763568394002505e-15,2.842170943040401e-14
basic_Dsteel,TN-P103,N500,interior_applied_load,,180.0,249.0,172.41,-3.552713678800501e-15,-7.67590477156773,-7.105427357601002e-15,-1.4210854715202004e-14,-7.031749224495465e-16,-2.8421709430404007e-13
basic_Dsteel,TN-P104,N501,interior_applied_load,,180.0,249.0,199.864,-1.3286314528223e-14,-7.675904771569146,-1.3683361464464652e-14,8.519535849018378e-13,-1.7279572298706397e-16,-6.238642696800672e-14
basic_Dsteel,TN-P105,N502,interior_applied_load,,180.0,249.0,227.319,-5.223578125601591e-09,-3.837952387849145,8.730502818604657e-08,1.881228512828903e-07,-4.284633287144792e-12,9.988585514264514e-10
basic_Dsteel,TN-P106,N701,interior_applied_load,,180.0,249.0,229.319,2.0318128029974582e-08,-6.132118049163354,-6.020674426985481e-08,2.818259829010644e-08,6.823833833335142e-10,1.08137086728144e-08
basic_Dsteel,TN-P107,N524,interior_applied_load,,185.7,249.0,183.592,4.7534679277037825e-14,-7.332750335667143,7.601762010335459e-15,1.0580579425926266e-12,6.416200166837691e-13,-2.298096780382241e-13
basic_Dsteel,TN-P108,N222,interior_applied_load,,192.219,249.0,115.0,3.5775424241907664e-12,-4.156350010811734,-1.0611428535116925e-10,7.790724588178035e-13,1.5020558853232195e-10,3.7728449033975705e-10
basic_Dsteel,TN-P109,N223,interior_applied_load,,193.2,249.0,115.0,2.400005200575902e-12,-1.2594999581151587,4.349809002161093e-11,-1.8180692709138212e-12,-3.986800603115076e-11,3.6843551208834936e-11
basic_Dsteel,TN-P110,N224,interior_applied_load,,196.219,249.0,115.0,1.5367153097550985e-12,-6.4149221581874105,-1.0311045663402619e-11,1.2609599138164407e-13,-1.726219383253066e-11,4.005702963908571e-12
basic_Dsteel,TN-P111,N525,interior_applied_load,,198.55,249.0,160.728,6.343202416725807e-13,-7.332750335667332,2.8175843504019653e-14,4.219521101733904e-13,1.1036052255495526e-13,3.6431227503991963e-13
basic_Dsteel,TN-P112,N702,interior_applied_load,,207.333,249.0,229.319,-9.659468045253955e-14,-9.633593749021147,-4.551929544366858e-12,-3.405837126392558e-13,1.27032246341305e-11,-3.302613475300524e-11
basic_Dsteel,TN-P113,N526,interior_applied_load,,211.4,249.0,137.864,-1.1368683772161603e-12,-7.332750335665423,4.263256414560601e-14,-5.684341886080802e-14,3.979039320256561e-13,5.613287612504791e-13
basic_Dsteel,TN-P114,N225,interior_applied_load,,213.573,249.0,115.0,-1.9078868308106987e-12,-5.884226547651712,-2.286707634374233e-10,1.6043631325877157e-13,1.1114476223934414e-11,-8.790977791219662e-11
basic_Dsteel,TN-P115,N226,interior_applied_load,,214.906,249.0,115.0,-4.612536240439379e-13,-2.448809091783887,-8.465301593500503e-11,5.802868847064935e-13,-9.353717836266958e-11,2.02276653287092e-11
basic_Dsteel,TN-P116,N227,interior_applied_load,,221.35,249.0,115.0,-6.532122940104243e-13,-2.9421133180896386,-6.640472319641718e-11,1.0143182313941488e-12,1.9557814350085725e-11,2.6358539924987786e-11
basic_Dsteel,TN-P117,N228,interface_action,N2; T-E,224.25,249.0,115.0,-1.4170102290809155,504.086367492564,-49.187287360429764,200.78896601498127,49.80244358917116,-699.3266455717385
basic_Dsteel,TN-P118,N503,interface_action,T-E,224.25,249.0,117.5,48.671492986381054,-234.2669520713389,47.84504362940788,-464.9832711070776,-61.71383199861157,54.927754804492
basic_Dsteel,TN-P119,N186,interface_action,T-E,224.25,249.0,120.0,-1.0700088379799126,148.29516915366548,-0.9271481241958099,-55.77935968852398,-3.9777983974511812,35.50964443407793
basic_Dsteel,TN-P120,N504,interior_applied_load,,224.25,249.0,144.955,3.552713678800501e-15,-7.675904771570458,-5.329070518200751e-15,5.684341886080802e-14,1.7763568394002505e-15,8.526512829121202e-14
basic_Dsteel,TN-P121,N505,interior_applied_load,,224.25,249.0,172.41,2.9296300788442113e-15,-7.675904771570586,-1.0053359503733227e-16,-3.849528809191684e-14,1.456902038249877e-16,-9.466488037200603e-14
basic_Dsteel,TN-P122,N506,interior_applied_load,,224.25,249.0,199.864,-4.9894061277227896e-15,-7.675904771569667,1.4609384677494736e-14,5.502593975388505e-13,1.0056904189396989e-15,6.170099051275516e-14
basic_Dsteel,TN-P123,N507,interior_applied_load,,224.25,249.0,227.319,-9.067084458247443e-09,-3.837952384553411,4.9979002721134425e-08,2.3479545212257147e-07,4.744677596294916e-12,-1.2581728520144608e-08
basic_Dsteel,TN-P124,N527,interface_action,N2; T-E top / segment 4,224.25,249.0,229.319,-22.457929963881078,-35.50696142488976,2.1079830608661667,-146.92548648212323,-11.79598484563158,1238.2656510110432
basic_Dsteel,TN-P125,N528,interior_applied_load,,230.312,249.0,200.739,1.6072818229033323e-13,-8.168231420218147,2.4395916219845272e-14,2.076245528966067e-13,4.704691167439992e-13,-4.742865724783966e-14
basic_Dsteel,TN-P126,N703,interior_applied_load,,235.5,249.0,229.319,2.167084887853645e-13,-5.353587052511663,5.912686894338157e-12,-1.3513491408978158e-11,2.55034165113522e-11,-1.2044726428689179e-11
basic_Dsteel,TN-P127,N529,interior_applied_load,,236.375,249.0,172.16,-2.0573462169509411e-13,-8.168231420216394,-6.623705407749888e-15,9.769963938141803e-14,-3.084351254788825e-14,-1.0123074147303677e-13
basic_Dsteel,TN-P128,N530,interior_applied_load,,242.438,249.0,143.58,2.2737367544323206e-13,-8.16823142021758,-7.105427357601002e-14,1.1368683772161603e-13,5.684341886080802e-14,1.2079226507921703e-13
basic_Dsteel,TN-P129,N229,interior_applied_load,,248.5,249.0,115.0,3.725290298461914e-09,-12.0347094447352,1.4901161193847656e-08,0.0,7.275957614183426e-10,0.0
basic_Dsteel,TN-P130,N508,interior_applied_load,,248.5,249.0,117.5,3.725290298461914e-09,-3.72521540382877,-4.470348358154297e-08,0.0,0.0,-3.725290298461914e-09
basic_Dsteel,TN-P131,N509,interior_applied_load,,248.5,249.0,144.148,-1.399081026568792e-15,-7.450430807085885,4.700973069034566e-14,1.4887618979616704e-12,2.6202249589923254e-15,-1.4170700720401137e-14
basic_Dsteel,TN-P132,N510,interior_applied_load,,248.5,249.0,170.797,2.098485082587528e-15,-7.4504308070871,-1.274111976212934e-14,5.957551775145083e-12,2.4497321481020867e-18,9.134947703223083e-14
basic_Dsteel,TN-P133,N511,interior_applied_load,,248.5,249.0,197.445,9.563051916234277e-15,-7.4504308070852385,-1.4391873316920367e-13,-1.8602556745696665e-12,-1.142740330387006e-15,-2.0100029595312833e-13
basic_Dsteel,TN-P134,N512,interior_applied_load,,248.5,249.0,224.093,9.266449181785593e-10,-3.725215403253949,-4.391676515808612e-10,-2.2146567720308283e-08,-6.029883450369788e-13,2.2331778316248606e-10
basic_Dsteel,TN-P135,N704,interior_applied_load,,248.5,249.0,226.324,4.048709665797302e-09,-3.12778126187408,-3.775835324210685e-08,-2.5778112393134593e-08,2.7343732122436462e-11,-3.6620422481542906e-10
basic_Dsteel,TN-P136,N230,interior_applied_load,,249.5,249.0,115.0,-3.5360811501128353e-12,-0.3148750117112021,-6.425696936346315e-10,1.4179902911581888e-12,1.5430314317943505e-10,2.8289581831611454e-10
basic_Dsteel,TN-P137,N705,interior_applied_load,,249.5,249.0,226.093,2.5826598145416378e-11,-0.22341294544963514,-4.258723171277692e-10,-4.393223722419888e-11,-4.535053813324455e-10,-2.993698808969625e-12
basic_Dwall,TN-P001,N148,interface_action,BR-N-upper-1; T-W / B-WO; W4,-32.0,249.0,115.0,-48.959097286760056,85.63636028218016,2.221730665287699,-9.01850113466204,-93.92360702414673,333.27903889527215
basic_Dwall,TN-P002,N628,interface_action,BR-N-upper-2; T-W top / segment 2; W4,-32.0,249.0,226.093,47.60534626860817,21.31578745093775,0.969595901747049,15.631988984612953,-47.32648810857934,33.1039896635173
basic_Dwall,TN-P011,N190,interior_applied_load,,-21.323,249.0,115.0,1.9447296520686532e-15,-66.13859953703708,1.6624618655936885e-14,-5.400493579766482e-15,1.7832091546650153e-13,6.185331100816543e-14
basic_Dwall,TN-P023,N193,interior_applied_load,,0.031,249.0,115.0,-2.8078006104164807e-11,-66.13860581359603,2.6498034314086962e-06,3.112760953419025e-11,-3.391403138178256e-08,1.7591989305134166e-08
basic_Dwall,TN-P029,N196,interior_applied_load,,21.385,249.0,115.0,-3.525742543217821e-13,-66.13859953704225,-5.331663265011745e-12,-3.31100687103659e-14,1.0303670575663338e-12,-3.549695603055533e-12
basic_Dwall,TN-P035,N199,interior_applied_load,,42.74,249.0,115.0,-1.2889548492435426e-13,-66.13859953703539,-3.265240048671479e-12,1.2171927745008625e-13,1.415168416810942e-12,5.450428554306079e-12
basic_Dwall,TN-P038,N201,interface_action,BR-N-upper-2,50.25,249.0,115.0,-45.729334855207426,61.250248967841976,0.2556671979116476,24.064272924300987,12.236581172102522,30.142572743522756
basic_Dwall,TN-P039,N690,interface_action,BR-N-upper-1,50.25,249.0,229.319,46.844067349788325,64.39682499705268,0.17571313946773143,-15.66295963916589,3.1540950693739234,25.056130785765024
basic_Dwall,TN-P041,N203,interface_action,N1 / U-W,53.25,249.0,115.0,-36.606681513198275,250.8388325576798,-2.8632707704611673,-20.162018623239092,-71.10408527072987,3973.4738480320466
basic_Dwall,TN-P042,N691,interface_action,N1 / U-W,53.25,249.0,229.319,-62.89588757208802,-33.744394638213436,-0.5882439674162192,8.350071214259877,-18.702167992948866,-246.6495166067668
basic_Dwall,TN-P043,N481,interface_action,N1 / U-W,56.25,249.0,207.0,102.98238268657973,34.976256127446476,-1.1314312073400106,-15.376248178211938,35.650996272077705,84.81079196322567
basic_Dwall,TN-P048,N204,interior_applied_load,,64.094,249.0,115.0,-2.3835724813763984e-13,-66.13859953685456,1.4840294125203194e-10,2.591136870104151e-13,2.472772405329317e-11,-2.0710867440753004e-10
basic_Dwall,TN-P058,N208,interior_applied_load,,85.448,249.0,115.0,1.5179754754649716e-12,-66.13859953684899,-2.5150221083994104e-11,9.688775250769047e-14,4.358813885275111e-12,5.790060041079874e-11
basic_Dwall,TN-P066,N210,interior_applied_load,,106.802,249.0,115.0,9.359243229490085e-13,-66.1385995372542,-4.721670145242215e-12,-2.5240293802021047e-13,3.7855287205653074e-12,-7.418329872066889e-10
basic_Dwall,TN-P071,N213,interior_applied_load,,128.156,249.0,115.0,-3.2710417388419104e-13,-66.1385995370331,2.5649673024304346e-13,2.075396224988138e-14,3.735926138387631e-12,-4.509982090032262e-10
basic_Dwall,TN-P079,N216,interior_applied_load,,149.51,249.0,115.0,-4.857265099819907e-14,-66.13859953704018,5.718823788029876e-13,-4.1558322228858357e-14,5.378989190137781e-13,-8.205216173011233e-11
basic_Dwall,TN-P096,N219,interior_applied_load,,170.865,249.0,115.0,4.774886582465901e-13,-66.13859953700842,-1.433035057470334e-13,-1.9885298945003014e-14,-5.415175325361127e-13,-3.2204710626913486e-11
basic_Dwall,TN-P108,N222,interior_applied_load,,192.219,249.0,115.0,1.1581538651545931e-12,-66.13859953623431,-3.553287867958986e-11,-9.172930622640269e-14,-1.2795849933370227e-12,6.801263932879506e-11
basic_Dwall,TN-P114,N225,interior_applied_load,,213.573,249.0,115.0,1.959697450432283e-14,-66.13859953706556,-3.327893947611656e-11,1.9884162568947202e-13,5.957527662228095e-12,-5.885967180670128e-11
basic_Dwall,TN-P117,N228,interface_action,N2; T-E,224.25,249.0,115.0,-11.517512325197458,263.1495143448701,-12.34425239264965,-47.12948431819677,-9.113644750203093,-542.5116036515683
basic_Dwall,TN-P118,N503,interface_action,T-E,224.25,249.0,117.5,19.232554765418172,-35.20530000643339,12.167050436139107,-25.660234320908785,46.103124942474096,-128.4944298826158
basic_Dwall,TN-P119,N186,interface_action,T-E,224.25,249.0,120.0,-0.34818038434150367,27.58373686323648,-0.33733381817910413,-20.92693661737576,0.5866523493314126,13.81913901077769
basic_Dwall,TN-P124,N527,interface_action,N2; T-E top / segment 4,224.25,249.0,229.319,-10.607657187884213,53.465329284103994,1.4747729732178054,-47.89903826875572,29.890007212884196,-1234.2328762771078
basic_HB0.25,TN-P001,N148,interface_action,BR-N-upper-1; T-W / B-WO; W4,-32.0,249.0,115.0,26.990163712080168,-59.13067532511885,6.500751725388501,6.167489869167575,-312.76426125394926,-685.6867091153325
basic_HB0.25,TN-P002,N628,interface_action,BR-N-upper-2; T-W top / segment 2; W4,-32.0,249.0,226.093,-22.352842521094708,49.98743865048486,-1.5440041557871875,7.512355647598965,18.072519431930758,537.4846370675286
basic_HB0.25,TN-P038,N201,interface_action,BR-N-upper-2,50.25,249.0,115.0,34.162521910104275,-43.24130159369596,-0.027889748701113905,-22.500437127732837,-24.50707091578359,-72.72973853457117
basic_HB0.25,TN-P039,N690,interface_action,BR-N-upper-1,50.25,249.0,229.319,6.4497815575708515,6.221457124213953,0.6142443026539914,-33.29051625614559,0.07664359985326503,64.60890727234334
basic_HB0.25,TN-P041,N203,interface_action,N1 / U-W,53.25,249.0,115.0,-88.99871355348941,40.70204157517027,-3.8582407583171103,49.59380111869336,-351.8858452547938,-98.11398701208445
basic_HB0.25,TN-P042,N691,interface_action,N1 / U-W,53.25,249.0,229.319,1.0493079717456137,5.489670732246562,1.1413656332369293,41.18189742402763,-5.369562639739209,-77.07098017409697
basic_HB0.25,TN-P043,N481,interface_action,N1 / U-W,56.25,249.0,207.0,-1.5527396968885594,-1.1668663737433917,0.7300737178766787,8.825389386745783,-44.462414290024434,-5.476131530269055
basic_HB0.25,TN-P117,N228,interface_action,N2; T-E,224.25,249.0,115.0,-32.37279266491532,37.79214042710373,-5.513044027611613,13.94126532226801,-67.67173833219567,120.48043482005596
basic_HB0.25,TN-P118,N503,interface_action,T-E,224.25,249.0,117.5,53.588824070990086,-21.810337562114,3.124507524073124,-44.486439103260636,-177.9211809807457,791.0778346955776
basic_HB0.25,TN-P119,N186,interface_action,T-E,224.25,249.0,120.0,0.13069816557435843,15.547356779345137,-0.0506050862632037,-3.3389428424679863,-6.5886999879678,11.587718418597433
basic_HB0.25,TN-P124,N527,interface_action,N2; T-E top / segment 4,224.25,249.0,229.319,22.905791068279452,-30.390924135887595,-1.1171574710266083,0.2099123567362479,-57.23700887125225,-683.4354282255127
basic_HB0.5,TN-P001,N148,interface_action,BR-N-upper-1; T-W / B-WO; W4,-32.0,249.0,115.0,48.635836344105805,-60.408595595523714,8.573000429711348,2.53304366974396,-451.50107860553067,-758.5339839883225
basic_HB0.5,TN-P002,N628,interface_action,BR-N-upper-2; T-W top / segment 2; W4,-32.0,249.0,226.093,-26.784654784370247,53.920175772549925,-2.2281349570970668,-0.8197585439822721,60.51340942448073,627.209275758618
basic_HB0.5,TN-P038,N201,interface_action,BR-N-upper-2,50.25,249.0,115.0,20.753494216691696,-24.644041617055883,-0.18529206444529348,-32.57652480589886,-28.35783417684914,-84.16661240422665
basic_HB0.5,TN-P039,N690,interface_action,BR-N-upper-1,50.25,249.0,229.319,21.705740179639296,26.794554641175345,0.984273251395929,-51.47304986750272,-3.0752741400983394,88.85322403367658
basic_HB0.5,TN-P041,N203,interface_action,N1 / U-W,53.25,249.0,115.0,-105.33522102112443,21.734003243392088,-5.242182045107295,70.698839654086,-432.0970619149469,-25.962025982770996
basic_HB0.5,TN-P042,N691,interface_action,N1 / U-W,53.25,249.0,229.319,-8.810682972736613,-20.218079987309405,2.0467046379576512,65.28562418989051,-4.242145738436541,-70.24023150344051
basic_HB0.5,TN-P043,N481,interface_action,N1 / U-W,56.25,249.0,207.0,13.186444347446884,5.131852538447901,0.4756918387512049,7.633888815807234,-50.63449175899597,11.63817350183202
basic_HB0.5,TN-P117,N228,interface_action,N2; T-E,224.25,249.0,115.0,-57.8043521232903,76.09850049216766,-11.502205453813076,48.64758777245879,-83.12816731899511,194.760819979012
basic_HB0.5,TN-P118,N503,interface_action,T-E,224.25,249.0,117.5,89.99442269280553,-50.96483079751488,8.472323428839445,-111.40535707399249,-252.75796085014008,1401.6309337317944
basic_HB0.5,TN-P119,N186,interface_action,T-E,224.25,249.0,120.0,0.1780131609975797,35.02252326869257,-0.10808975905638363,-7.18820392582893,-12.273488457038638,22.34491571788749
basic_HB0.5,TN-P124,N527,interface_action,N2; T-E top / segment 4,224.25,249.0,229.319,4.2809600330348845,-62.46606164447034,-1.286084771588371,-7.684334735318374,-40.82899294083441,-1147.642314724372
basic_HB0.75,TN-P001,N148,interface_action,BR-N-upper-1; T-W / B-WO; W4,-32.0,249.0,115.0,48.03104725399661,-31.76397254252443,6.230963604495197,-2.8181011856508014,-353.59773585597685,-453.2525843277733
basic_HB0.75,TN-P002,N628,interface_action,BR-N-upper-2; T-W top / segment 2; W4,-32.0,249.0,226.093,-18.626530853464804,30.81993383850935,-1.8105274969931737,-8.7507099321181,74.74410829364811,402.68360702210623
basic_HB0.75,TN-P038,N201,interface_action,BR-N-upper-2,50.25,249.0,115.0,-1.7245875501334336,4.514643767414023,-0.25936253854456043,-26.754361671872672,-16.66022264017707,-54.19242124981102
basic_HB0.75,TN-P039,N690,interface_action,BR-N-upper-1,50.25,249.0,229.319,25.53293535088655,33.13878010382339,0.8185560405727687,-41.26977322585076,-4.944267606682767,70.36267199099515
basic_HB0.75,TN-P041,N203,interface_action,N1 / U-W,53.25,249.0,115.0,-71.42896187792391,-6.30915712627381,-4.0119646275092435,61.87539800315704,-288.7174364502606,63.81272930783984
basic_HB0.75,TN-P042,N691,interface_action,N1 / U-W,53.25,249.0,229.319,-16.072827378323037,-35.58137961690634,2.1856537061671126,54.56786819915379,-9.154541070869191,-40.06833639202679
basic_HB0.75,TN-P043,N481,interface_action,N1 / U-W,56.25,249.0,207.0,23.618076187242224,10.431087079411379,-0.12030551652882117,3.3397906098225554,-32.87731148756081,25.67839255629615
basic_HB0.75,TN-P117,N228,interface_action,N2; T-E,224.25,249.0,115.0,-53.851688642054796,106.73716614837758,-17.147241234779358,102.31973443180323,-51.062531002797186,186.11441346630454
basic_HB0.75,TN-P118,N503,interface_action,T-E,224.25,249.0,117.5,80.00873433798552,-83.72469506191555,15.03996703773737,-190.54253765940666,-193.3349248204613,1310.0396205708385
basic_HB0.75,TN-P119,N186,interface_action,T-E,224.25,249.0,120.0,0.14101312760703877,56.23000114183924,-0.16912608663915307,-11.273778119724739,-11.763432573268517,21.51972807691891
basic_HB0.75,TN-P124,N527,interface_action,N2; T-E top / segment 4,224.25,249.0,229.319,-15.627209942396554,-84.49240755179153,-0.756608696753776,-22.18627754438349,-10.156699883927235,-1034.4753924975892
basic_HT0.25,TN-P001,N148,interface_action,BR-N-upper-1; T-W / B-WO; W4,-32.0,249.0,115.0,5.527938462596908,15.7403128889882,3.2441489897241844,81.74233449936854,-97.69464196360029,11.359041004881751
basic_HT0.25,TN-P002,N628,interface_action,BR-N-upper-2; T-W top / segment 2; W4,-32.0,249.0,226.093,-7.751160866884551,-13.675892379396897,-2.711244499461897,38.2296373030232,65.69176344586232,-0.2442391312017599
basic_HT0.25,TN-P038,N201,interface_action,BR-N-upper-2,50.25,249.0,115.0,7.528518687388068,-10.078152442235057,-0.5748243877363797,-35.775035935730486,-30.111773493701822,-2.8290113939993504
basic_HT0.25,TN-P039,N690,interface_action,BR-N-upper-1,50.25,249.0,229.319,6.530693126028033,9.039581016214004,0.8011939509182562,-32.78088879603214,30.477256099094536,0.9982146009819716
basic_HT0.25,TN-P041,N203,interface_action,N1 / U-W,53.25,249.0,115.0,-14.785896625861975,10.037831502125849,-1.1891520635391941,33.978286695544725,-72.5693958582776,-29.856370898447977
basic_HT0.25,TN-P042,N691,interface_action,N1 / U-W,53.25,249.0,229.319,3.778171776796341,-10.531108643507507,0.8670031929100901,41.72925665377039,22.737095260178666,38.83768870666705
basic_HT0.25,TN-P043,N481,interface_action,N1 / U-W,56.25,249.0,207.0,-4.746611034169192,-1.7233738133526624,0.1300667672950756,1.2495363579163978,-7.402282294884225,-2.910347821421356
basic_HT0.25,TN-P117,N228,interface_action,N2; T-E,224.25,249.0,115.0,0.8348212307319045,18.82601388389594,-4.949961820617318,49.73098599165678,6.656233216330293,11.470363451167941
basic_HT0.25,TN-P118,N503,interface_action,T-E,224.25,249.0,117.5,1.5297383875586092,-16.617386077705305,4.608898039907217,-64.72244253009558,-41.587167984762345,2.9788497323170304
basic_HT0.25,TN-P119,N186,interface_action,T-E,224.25,249.0,120.0,0.0008965857387011056,8.709306404935887,-0.004769406179548241,-0.5383035486484005,-0.5075635803239322,-0.049791848636232316
basic_HT0.25,TN-P124,N527,interface_action,N2; T-E top / segment 4,224.25,249.0,229.319,1.5528902796579525,-9.727132399954153,-0.22135969634447952,-0.5086473941036797,-18.398558760050104,6.729641820712446
basic_HT0.5,TN-P001,N148,interface_action,BR-N-upper-1; T-W / B-WO; W4,-32.0,249.0,115.0,4.697696604136206,9.439851594993472,2.40990663805793,56.60739542465691,-76.38027800766426,3.2780195598723156
basic_HT0.5,TN-P002,N628,interface_action,BR-N-upper-2; T-W top / segment 2; W4,-32.0,249.0,226.093,-5.737635505852016,-8.468620945903032,-1.8177562107649787,27.591321051578724,44.53773402173949,3.0652391266286605
basic_HT0.5,TN-P038,N201,interface_action,BR-N-upper-2,50.25,249.0,115.0,6.809346532214832,-9.117605148098676,-0.4094182239956173,-24.57713618208887,-19.753747976329752,-2.6907032662569126
basic_HT0.5,TN-P039,N690,interface_action,BR-N-upper-1,50.25,249.0,229.319,3.5195006810886618,4.838536185607772,0.566799813566206,-22.123200572694838,19.968052368814597,1.8457696096521374
basic_HT0.5,TN-P041,N203,interface_action,N1 / U-W,53.25,249.0,115.0,-13.03233737967655,9.121665521288103,-1.074961458688899,28.558505890558923,-49.69110981304231,-20.969400100451743
basic_HT0.5,TN-P042,N691,interface_action,N1 / U-W,53.25,249.0,229.319,1.2783966523839165,-6.30479061896027,0.7942353595023073,28.740095010718445,3.879632991189181,14.91112339137192
basic_HT0.5,TN-P043,N481,interface_action,N1 / U-W,56.25,249.0,207.0,-1.612988054198086,0.1305734828028842,-0.040532625969759165,2.1208520999698997,-7.260550644355339,-0.21831312329263963
basic_HT0.5,TN-P117,N228,interface_action,N2; T-E,224.25,249.0,115.0,1.3283210638910532,34.03285009536194,-9.071840591728687,94.39195737987757,16.84294305687945,11.239284055773169
basic_HT0.5,TN-P118,N503,interface_action,T-E,224.25,249.0,117.5,0.5243181479163468,-31.878581543220207,8.946044810116291,-124.18239466100931,-35.73631157007185,1.4309040219523013
basic_HT0.5,TN-P119,N186,interface_action,T-E,224.25,249.0,120.0,-8.38268063034775e-05,16.705996129157484,-0.008876075558873708,-1.025519817823806,-0.869941407945106,-0.21300955609649463
basic_HT0.5,TN-P124,N527,interface_action,N2; T-E top / segment 4,224.25,249.0,229.319,2.2254650887035994,-18.499874784577134,-0.2936021566042253,-4.781506016895383,-19.8458662974145,14.671003471224823
basic_HT0.75,TN-P001,N148,interface_action,BR-N-upper-1; T-W / B-WO; W4,-32.0,249.0,115.0,3.241029839291114,3.3863059874372463,1.431697386888409,31.178187934247457,-47.90743552016767,-4.200735998964094
basic_HT0.75,TN-P002,N628,interface_action,BR-N-upper-2; T-W top / segment 2; W4,-32.0,249.0,226.093,-3.8070679009844186,-3.4707345459995462,-0.8892824054794286,16.60576165167584,22.601629003290036,5.7017841881929225
basic_HT0.75,TN-P038,N201,interface_action,BR-N-upper-2,50.25,249.0,115.0,5.524980938054781,-7.395904097119195,-0.23753151188770774,-12.754016042751017,-8.826849666269652,-2.5274700853136203
basic_HT0.75,TN-P039,N690,interface_action,BR-N-upper-1,50.25,249.0,229.319,0.6160052338320247,0.7854144210927686,0.31574464017543247,-10.637358510535886,9.41172199849982,2.8426471030884968
basic_HT0.75,TN-P041,N203,interface_action,N1 / U-W,53.25,249.0,115.0,-9.569631673777833,7.434023943656302,-0.8837216352923082,22.090792620134422,-19.44561884725753,-9.099307161109905
basic_HT0.75,TN-P042,N691,interface_action,N1 / U-W,53.25,249.0,229.319,-1.3407358186007095,-2.230072577088635,0.7043230923241747,14.840510857437863,-14.903766362566378,-8.865843053396617
basic_HT0.75,TN-P043,N481,interface_action,N1 / U-W,56.25,249.0,207.0,1.6722836343627852,2.0037939532453293,-0.22882213167209273,2.8101644870308506,-6.259517335144907,2.6401116600629306
basic_HT0.75,TN-P117,N228,interface_action,N2; T-E,224.25,249.0,115.0,1.6231646151281893,49.003574713889975,-13.100075483322144,138.54380498826504,26.228729078888136,13.029378600418568
basic_HT0.75,TN-P118,N503,interface_action,T-E,224.25,249.0,117.5,-0.7217089785262942,-46.90614902332891,13.241580985486507,-182.75432198494673,-23.294161713121866,1.2016268079169095
basic_HT0.75,TN-P119,N186,interface_action,T-E,224.25,249.0,120.0,0.0012476285346565419,24.5837040129245,-0.013128155704180244,-1.5180282973633439,-1.0839428173700796,-0.3975920410280196
basic_HT0.75,TN-P124,N527,interface_action,N2; T-E top / segment 4,224.25,249.0,229.319,2.7604324899970956,-27.19395679318474,-0.34078537976811685,-9.254021710280666,-20.004545515558423,16.161318126771853
basic_HX,TN-P001,N148,interface_action,BR-N-upper-1; T-W / B-WO; W4,-32.0,249.0,115.0,-456.49463883165635,-657.4118661783524,131.31288633836334,1042.507928053398,-4354.802548704194,-958.9763197352762
basic_HX,TN-P002,N628,interface_action,BR-N-upper-2; T-W top / segment 2; W4,-32.0,249.0,226.093,-277.5789279404279,330.0698030709872,1.5045965899080034,1357.9585533823374,-3169.541822294986,137.0445083156769
basic_HX,TN-P038,N201,interface_action,BR-N-upper-2,50.25,249.0,115.0,1854.3799948501542,-2507.864903647462,7.532947643199462,-82.21144786211671,-870.2750112043703,45.73818945986361
basic_HX,TN-P039,N690,interface_action,BR-N-upper-1,50.25,249.0,229.319,-1200.662901337615,-1647.7927631742284,7.233287267671695,-261.13609335252806,112.13572009223105,-1150.6517091783069
basic_HX,TN-P041,N203,interface_action,N1 / U-W,53.25,249.0,115.0,-1788.7577164316185,2502.2536217503234,-82.18349605900153,523.4967101487186,-6592.183632778966,-9608.306537297076
basic_HX,TN-P042,N691,interface_action,N1 / U-W,53.25,249.0,229.319,589.9697926853676,1972.1262985937076,-32.53649428721772,114.99764144084284,-901.5140514204974,-2651.3025149453597
basic_HX,TN-P043,N481,interface_action,N1 / U-W,56.25,249.0,207.0,-885.420491217189,-221.9544484222232,31.944086705096012,442.63613061908825,-1181.574276309518,-964.0823191872474
basic_HX,TN-P117,N228,interface_action,N2; T-E,224.25,249.0,115.0,-82.91266107559204,242.49332352471538,-20.550235465168953,-255.52896989881992,-1982.9618618735112,1294.66015291214
basic_HX,TN-P118,N503,interface_action,T-E,224.25,249.0,117.5,102.26454246044159,-4.5378755875863135,-15.861725345253944,136.68333591520786,-437.3543655104004,232.63226902484894
basic_HX,TN-P119,N186,interface_action,T-E,224.25,249.0,120.0,1.5343828026670963,30.995318390730972,-0.4090553329442628,-24.06198720820248,86.03123453074431,-42.68951426970307
basic_HX,TN-P124,N527,interface_action,N2; T-E top / segment 4,224.25,249.0,229.319,2143.678626308534,-38.37650574562905,-27.98678100720622,32.40960476059612,-3061.24858345762,-2252.342089623286
basic_HZ,TN-P001,N148,interface_action,BR-N-upper-1; T-W / B-WO; W4,-32.0,249.0,115.0,4.312859378254306,11.761912203618127,-1.2149639985067693,-84.87972728568342,34.742872575845894,18.35181097388562
basic_HZ,TN-P002,N628,interface_action,BR-N-upper-2; T-W top / segment 2; W4,-32.0,249.0,226.093,-3.7354491114866013,-12.582656649153948,0.8371515273328787,-63.033549582463806,-71.95107961651576,-52.74770222066336
basic_HZ,TN-P038,N201,interface_action,BR-N-upper-2,50.25,249.0,115.0,-26.91539020418639,36.049514304256874,1.1229478369860626,16.211276944489825,-19.925020576353745,9.177998299119901
basic_HZ,TN-P039,N690,interface_action,BR-N-upper-1,50.25,249.0,229.319,3.1082154584225745,3.9488345846738095,-0.4793815222125411,-21.81137010725005,13.509190587314741,22.085104539733027
basic_HZ,TN-P041,N203,interface_action,N1 / U-W,53.25,249.0,115.0,40.947947708051096,-35.77486901331465,-2.117179993414383,-57.688462836247055,215.32663281638463,174.96898296499904
basic_HZ,TN-P042,N691,interface_action,N1 / U-W,53.25,249.0,229.319,-27.59555069237798,-16.256262825773963,-4.266060775105117,13.333163700029905,310.6381629798291,-80.92893357749527
basic_HZ,TN-P043,N481,interface_action,N1 / U-W,56.25,249.0,207.0,40.0867745481175,23.67073791728949,0.30727132180241146,-45.20006834913999,131.06413058040158,63.75529490539794
basic_HZ,TN-P117,N228,interface_action,N2; T-E,224.25,249.0,115.0,-10.411615735851228,180.13273162732366,-29.662407994270325,210.6927980184555,-5.7423283268581145,243.35039677843451
basic_HZ,TN-P118,N503,interface_action,T-E,224.25,249.0,117.5,-1.8623271081596613,-172.7283008726081,27.890502095222473,-398.49467742443085,167.33551960834302,71.34188011288643
basic_HZ,TN-P119,N186,interface_action,T-E,224.25,249.0,120.0,0.1619348103961329,178.46740154082818,-1.434951146657113,-87.88315029797377,12.59394067650959,-4.773520844075392
basic_HZ,TN-P124,N527,interface_action,N2; T-E top / segment 4,224.25,249.0,229.319,-18.097398994385816,-196.6890432024055,9.017080782817253,-153.3976894288092,237.15617852605695,-234.9132298266333
basic_L125,TN-P001,N148,interface_action,BR-N-upper-1; T-W / B-WO; W4,-32.0,249.0,115.0,35.483424914916256,-243.7481317911427,106.89968719904456,444.29335781259306,-5285.709645589728,-7269.2695602173035
basic_L125,TN-P002,N628,interface_action,BR-N-upper-2; T-W top / segment 2; W4,-32.0,249.0,226.093,126.71063017480294,465.606368963621,-22.556021635016208,210.4486054867481,439.3938076839465,5713.604807306797
basic_L125,TN-P025,N195,interior_applied_load,,9.344,249.0,115.0,8.432723913902529e-12,-518.3823704719553,-1.6303791260523039e-12,-9.781204278750605e-14,-9.686512089100232e-12,-2.6526367232083733e-12
basic_L125,TN-P031,N198,interior_applied_load,,28.031,249.0,115.0,-1.0691467642730292e-11,-518.3823704720062,6.154500579994098e-11,6.20828946334639e-14,3.9219127997499584e-11,-8.985551672650263e-11
basic_L125,TN-P036,N200,interior_applied_load,,46.719,249.0,115.0,-1.6893243559447164e-11,-518.3823704719504,2.1843560770666818e-11,5.3046657689418615e-14,-1.2960713934524827e-12,-5.255936588108893e-11
basic_L125,TN-P038,N201,interface_action,BR-N-upper-2,50.25,249.0,115.0,-194.45216464978625,289.88957729116225,-0.07030940804197366,-123.52881044751227,-172.23710349845544,-530.3190917798812
basic_L125,TN-P039,N690,interface_action,BR-N-upper-1,50.25,249.0,229.319,637.1104299048475,850.0869871448836,15.91267373189458,-790.5495742076625,149.17423232266646,1034.9589209059218
basic_L125,TN-P041,N203,interface_action,N1 / U-W,53.25,249.0,115.0,-1318.5515888747052,2498.3375901883014,-75.95875179958753,439.45367521309566,-4671.846167840258,34960.988758572516
basic_L125,TN-P042,N691,interface_action,N1 / U-W,53.25,249.0,229.319,-594.1034416906257,-715.1343447132473,17.960508657238577,965.0144028830108,-287.2188641474811,-1826.1637711885076
basic_L125,TN-P043,N481,interface_action,N1 / U-W,56.25,249.0,207.0,985.491878626789,314.33932191244816,-6.934489665881857,-53.640161669183094,-213.54087666798338,817.4746176741015
basic_L125,TN-P049,N205,interior_applied_load,,65.406,249.0,115.0,3.0585125130097595e-11,-518.3823704755847,-2.4680187533605887e-10,-3.785902402323122e-14,-3.350542051690282e-10,1.2681713236361553e-09
basic_L125,TN-P057,N207,interior_applied_load,,84.094,249.0,115.0,1.5393005276070942e-11,-518.3823704791517,4.1720982426670883e-10,8.058172199430195e-14,-1.399247993766358e-10,-3.224768150659298e-09
basic_L125,TN-P061,N209,interior_applied_load,,102.781,249.0,115.0,1.723918695969928e-11,-518.3823704725364,-4.394407022941482e-11,1.5834933996226955e-13,5.582590357292257e-11,-1.8074235407909021e-09
basic_L125,TN-P069,N212,interior_applied_load,,121.469,249.0,115.0,-7.052958195919168e-12,-518.3823704719455,7.249576407977288e-13,1.0749913177600094e-13,-4.174188345553291e-12,3.209093003782594e-10
basic_L125,TN-P078,N215,interior_applied_load,,140.156,249.0,115.0,1.4102053946314535e-11,-518.3823704716863,2.9227285619385968e-12,-6.538940580732089e-14,-3.548993773873398e-11,-2.172256630904244e-09
basic_L125,TN-P093,N217,interior_applied_load,,158.844,249.0,115.0,1.4348156184792268e-11,-518.3823704719159,4.519755418731804e-13,-2.7768651949889634e-13,9.345299277017597e-12,-1.264199171793857e-09
basic_L125,TN-P098,N220,interior_applied_load,,177.531,249.0,115.0,-1.1467252268934838e-11,-518.3823704708057,-7.464375440008403e-11,-1.4557506423890636e-13,3.1197342367096024e-10,2.0370773992423524e-09
basic_L125,TN-P110,N224,interior_applied_load,,196.219,249.0,115.0,-4.363596324153577e-13,-518.3823704720994,-9.683279297449368e-12,9.902740652678076e-13,-2.6400162874637147e-11,3.6268377819282586e-10
basic_L125,TN-P115,N226,interior_applied_load,,214.906,249.0,115.0,-2.2344973819117216e-11,-518.3823704733741,-3.1021119462698834e-10,-4.90460408955448e-12,4.6257432810403265e-10,-7.022969276447994e-10
basic_L125,TN-P117,N228,interface_action,N2; T-E,224.25,249.0,115.0,-646.9016521573067,3235.6830852255225,-227.80689120292664,-212.01902067661285,-738.0656701466069,-2815.0795105695724
basic_L125,TN-P118,N503,interface_action,T-E,224.25,249.0,117.5,1030.3118861317635,-924.0533830747008,200.20399141311646,-968.3855706453323,-2142.0107482438907,12397.564217627048
basic_L125,TN-P119,N186,interface_action,T-E,224.25,249.0,120.0,-1.454791211814154,714.1268968090299,-3.0027546772325877,-194.2029208870954,-120.17979585328885,338.9305234256608
basic_L125,TN-P124,N527,interface_action,N2; T-E top / segment 4,224.25,249.0,229.319,-59.644610898393,-264.5455099306404,-4.647616345316479,-399.62883225714893,-244.6947123606222,-21953.889404416426
basic_L30,TN-P001,N148,interface_action,BR-N-upper-1; T-W / B-WO; W4,-32.0,249.0,115.0,8.516021377610837,-58.49955128407827,25.65592467265067,106.63040489918652,-1268.5703021660922,-1744.624692630665
basic_L30,TN-P002,N628,interface_action,BR-N-upper-2; T-W top / segment 2; W4,-32.0,249.0,226.093,30.41055135188851,111.74552827774785,-5.41344513828277,50.507664561157895,105.45451277128028,1371.2651515457178
basic_L30,TN-P025,N195,interior_applied_load,,9.344,249.0,115.0,-1.081376112825448e-12,-124.4117689132696,1.1020866825200658e-13,3.1014175548739494e-14,-1.1093294374723025e-12,-1.3129505030463239e-12
basic_L30,TN-P031,N198,interior_applied_load,,28.031,249.0,115.0,5.651496462173658e-12,-124.4117689132919,1.5717715151043943e-11,2.8896269576149824e-14,-1.2792955056260613e-12,-1.9556507933529506e-11
basic_L30,TN-P036,N200,interior_applied_load,,46.719,249.0,115.0,-2.3754308005793574e-12,-124.41176891327403,-7.239835002248904e-13,4.8434975363601285e-14,2.381152340226674e-11,-1.0043248372820754e-11
basic_L30,TN-P038,N201,interface_action,BR-N-upper-2,50.25,249.0,115.0,-46.66852041779546,69.5734997572244,-0.01687424723246139,-29.64691351032787,-41.33690386602434,-127.27658176495895
basic_L30,TN-P039,N690,interface_action,BR-N-upper-1,50.25,249.0,229.319,152.9065033999194,204.0208772289435,3.8190416607261874,-189.731896194622,35.80181554328473,248.3901409833005
basic_L30,TN-P041,N203,interface_action,N1 / U-W,53.25,249.0,115.0,-316.45237912775474,599.6010204253839,-18.230100281683125,105.46888035250717,-1121.2430691616116,8390.637305814751
basic_L30,TN-P042,N691,interface_action,N1 / U-W,53.25,249.0,229.319,-142.58482617188184,-171.63224299663474,4.3105220585896005,231.60345494154265,-68.93252720718179,-438.27930332854584
basic_L30,TN-P043,N481,interface_action,N1 / U-W,56.25,249.0,207.0,236.51805081464977,75.44143707896568,-1.6642775377618368,-12.873639046245646,-51.249809313757076,196.19390811974316
basic_L30,TN-P049,N205,interior_applied_load,,65.406,249.0,115.0,3.1184660016748376e-11,-124.4117689129077,-4.8025257169734563e-11,1.404770263414588e-13,-7.055775896638578e-11,-2.859658106503185e-10
basic_L30,TN-P057,N207,interior_applied_load,,84.094,249.0,115.0,-2.429996249291734e-12,-124.41176891507664,-3.368640191399752e-12,3.077587776607986e-13,8.981424157242008e-11,-9.516504203487012e-11
basic_L30,TN-P061,N209,interior_applied_load,,102.781,249.0,115.0,4.735017770535711e-12,-124.41176891286665,-2.2627887454098936e-13,1.3021381796934071e-14,-6.820266791828423e-12,1.9809712722292742e-10
basic_L30,TN-P069,N212,interior_applied_load,,121.469,249.0,115.0,2.9404294933117754e-13,-124.41176891333143,3.4397854551365275e-13,3.875860266004381e-14,1.9315422792335303e-12,-6.109332001903554e-11
basic_L30,TN-P078,N215,interior_applied_load,,140.156,249.0,115.0,1.6075748181337738e-12,-124.41176891375912,5.729690705821549e-14,1.8136947696514366e-13,-6.373667690975874e-12,1.3422747547887266e-09
basic_L30,TN-P093,N217,interior_applied_load,,158.844,249.0,115.0,9.088712153807492e-13,-124.4117689132594,4.728974138851586e-13,-1.9854194874686108e-13,-1.375896156329286e-13,5.59502774368386e-11
basic_L30,TN-P098,N220,interior_applied_load,,177.531,249.0,115.0,-1.5687055671140628e-11,-124.41176891353099,-8.342224764885395e-12,1.686270328719404e-13,5.5631429203910616e-11,3.7886526736156416e-10
basic_L30,TN-P110,N224,interior_applied_load,,196.219,249.0,115.0,7.501252995676061e-12,-124.41176891322944,3.07091441611149e-12,4.4265389441649943e-13,-6.722468433067842e-13,-7.598113132666664e-11
basic_L30,TN-P115,N226,interior_applied_load,,214.906,249.0,115.0,1.9898737723309486e-11,-124.41176891338033,5.424827895832457e-11,5.045576165191753e-13,7.636053542236236e-11,-9.518175161042691e-11
basic_L30,TN-P117,N228,interface_action,N2; T-E,224.25,249.0,115.0,-155.25639674067497,776.5639397921041,-54.673653706908226,-50.884566485881805,-177.13576254504733,-675.6190799623728
basic_L30,TN-P118,N503,interface_action,T-E,224.25,249.0,117.5,247.27485229074955,-221.77281126240268,48.04895782470703,-232.41253450512886,-514.0825690089259,2975.415412262082
basic_L30,TN-P119,N186,interface_action,T-E,224.25,249.0,120.0,-0.3491498878283892,171.39045486515533,-0.7206611221990897,-46.60870098657324,-28.843150730653633,81.34332556062873
basic_L30,TN-P124,N527,interface_action,N2; T-E top / segment 4,224.25,249.0,229.319,-14.314706906294086,-63.49092201499165,-1.1154278018175954,-95.91092003139616,-58.726729377498025,-5268.933464492814
basic_L40,TN-P001,N148,interface_action,BR-N-upper-1; T-W / B-WO; W4,-32.0,249.0,115.0,11.354698065685753,-77.99940315730474,34.20790065654701,142.17387744066164,-1691.427124952776,-2326.1662644910357
basic_L40,TN-P002,N628,interface_action,BR-N-upper-2; T-W top / segment 2; W4,-32.0,249.0,226.093,40.547401617613524,148.99403888041192,-7.217927108079746,67.34355589574658,140.60602239651735,1828.353544905278
basic_L40,TN-P025,N195,interior_applied_load,,9.344,249.0,115.0,2.327301819298748e-12,-165.882358551025,5.395447669136102e-14,-1.3492890479335118e-14,-2.4515781617964834e-12,-1.03684117243489e-11
basic_L40,TN-P031,N198,interior_applied_load,,28.031,249.0,115.0,4.736973258133273e-12,-165.88235855104872,6.927278420876267e-12,-2.5907134076506014e-14,-7.803655525050915e-12,6.4264448789466154e-12
basic_L40,TN-P036,N200,interior_applied_load,,46.719,249.0,115.0,-1.7573757260896308e-11,-165.8823585510218,2.844330179618624e-12,-2.09475052245198e-14,1.918419256010673e-11,4.2244843886532255e-11
basic_L40,TN-P038,N201,interface_action,BR-N-upper-2,50.25,249.0,115.0,-62.224690318594384,92.76466156559677,-0.022499045735636013,-39.529222420646306,-55.11587611066528,-169.70211010094232
basic_L40,TN-P039,N690,interface_action,BR-N-upper-1,50.25,249.0,229.319,203.87533722826475,272.0278354010602,5.092055699520771,-252.97586864470847,47.73575486993228,331.1868547107247
basic_L40,TN-P041,N203,interface_action,N1 / U-W,53.25,249.0,115.0,-421.93651520626594,799.4680320590613,-24.306800952253205,140.6251804625739,-1494.990811814723,11187.516391811974
basic_L40,TN-P042,N691,interface_action,N1 / U-W,53.25,249.0,229.319,-190.1131010896804,-228.84298996251079,5.747362810231022,308.80461411811467,-91.91003632891085,-584.3724089468346
basic_L40,TN-P043,N481,interface_action,N1 / U-W,56.25,249.0,207.0,315.3574009872386,100.58858323592109,-2.2190365990243377,-17.164851019161684,-68.33308449644005,261.5918775782312
basic_L40,TN-P049,N205,interior_applied_load,,65.406,249.0,115.0,4.674817451380305e-11,-165.88235855096903,5.5610405501540915e-11,8.962402720704932e-14,-2.0012109124196823e-11,-1.709561627007297e-11
basic_L40,TN-P057,N207,interior_applied_load,,84.094,249.0,115.0,-8.817153849563609e-12,-165.88235854949002,6.627125622866847e-11,3.232257320684239e-13,1.0532431396550217e-10,1.0276358313055443e-09
basic_L40,TN-P061,N209,interior_applied_load,,102.781,249.0,115.0,4.3289743049259885e-12,-165.8823585511208,-2.0681186904521405e-12,-9.776690113779998e-14,5.918901951444411e-12,-3.6720430975281336e-10
basic_L40,TN-P069,N212,interior_applied_load,,121.469,249.0,115.0,-1.1397048788847282e-12,-165.88235855098466,8.37829373787255e-14,2.0813487673432454e-14,5.8356929107749655e-12,2.628649959462092e-10
basic_L40,TN-P078,N215,interior_applied_load,,140.156,249.0,115.0,1.038626009673632e-11,-165.8823585504463,-4.473620999752164e-12,2.1866617025839285e-13,-5.2781098853335105e-12,-7.520846543580841e-11
basic_L40,TN-P093,N217,interior_applied_load,,158.844,249.0,115.0,6.048979339759632e-12,-165.88235855105066,2.2129798678979146e-13,-2.0336068788201724e-13,2.485688810555938e-12,9.013764298074833e-11
basic_L40,TN-P098,N220,interior_applied_load,,177.531,249.0,115.0,-1.5180662592558093e-11,-165.8823585506573,-2.2566281315094988e-11,1.0401812331600711e-13,1.0243796867447582e-10,6.402793472499165e-10
basic_L40,TN-P110,N224,interior_applied_load,,196.219,249.0,115.0,1.2014096216896418e-11,-165.88235855102448,4.538684168152333e-12,8.935086311725704e-14,4.358470902531613e-12,5.5555104348049986e-11
basic_L40,TN-P115,N226,interior_applied_load,,214.906,249.0,115.0,-1.277247433232328e-11,-165.88235855077178,3.860565199865094e-11,5.049443967815422e-13,-1.478456146866885e-10,-2.5206540115301385e-10
basic_L40,TN-P117,N228,interface_action,N2; T-E,224.25,249.0,115.0,-207.00852817296982,1035.4185844492167,-72.89820432662964,-67.84609925746918,-236.18101248401217,-900.8254526555538
basic_L40,TN-P118,N503,interface_action,T-E,224.25,249.0,117.5,329.6998050957918,-295.69707994908094,64.06527605652809,-309.88336887955666,-685.4434740408324,3967.22055003047
basic_L40,TN-P119,N186,interface_action,T-E,224.25,249.0,120.0,-0.465533197777404,228.52060599489778,-0.9608815020619659,-62.144934941243264,-38.4575355344989,108.45776773538091
basic_L40,TN-P124,N527,interface_action,N2; T-E top / segment 4,224.25,249.0,229.319,-19.086275077287638,-84.65456194860771,-1.4872373031798016,-127.88122550804816,-78.30231289171195,-7025.244587102296
basic_L75patch,TN-P001,N148,interface_action,BR-N-upper-1; T-W / B-WO; W4,-32.0,249.0,115.0,-69.62039129118172,-42.915518040266804,39.81934958456729,151.77592426548003,-1991.2756527220158,-2640.259894589913
basic_L75patch,TN-P002,N628,interface_action,BR-N-upper-2; T-W top / segment 2; W4,-32.0,249.0,226.093,125.52688012928593,172.20253220786705,-5.896764571155976,73.0742468886232,78.23635474904859,2015.0134172330884
basic_L75patch,TN-P025,N195,interior_applied_load,,9.344,249.0,115.0,-8.263092519819424e-12,-277.5396078825001,2.8269330291999054e-13,9.881989149074366e-14,-1.1744950760085814e-12,-9.113310155378953e-12
basic_L75patch,TN-P031,N198,interior_applied_load,,28.031,249.0,115.0,-2.475898544247042e-12,-277.53960788254733,5.10993829722153e-12,-1.302012477029214e-13,-4.2913640589519565e-12,2.706603685711571e-11
basic_L75patch,TN-P036,N200,interior_applied_load,,46.719,249.0,115.0,-1.8288675220424886e-11,-277.5396078825079,-3.3707303641887215e-13,3.1115445332910236e-15,3.064962892817593e-12,-1.5377366202620283e-11
basic_L75patch,TN-P038,N201,interface_action,BR-N-upper-2,50.25,249.0,115.0,-155.15010703419742,218.45554495937014,0.8290802549932813,21.91627271890589,-17.527553935747708,-141.49047721229476
basic_L75patch,TN-P039,N690,interface_action,BR-N-upper-1,50.25,249.0,229.319,304.8443030813933,410.26393862466153,6.129646318994516,-309.19762505191113,55.55081955393955,411.3233851706032
basic_L75patch,TN-P041,N203,interface_action,N1 / U-W,53.25,249.0,115.0,-514.198680661236,1278.9156666605331,-30.625998517766902,80.64693365446307,-1718.6094912853487,18824.286315606074
basic_L75patch,TN-P042,N691,interface_action,N1 / U-W,53.25,249.0,229.319,-310.49256232761434,-349.56988551381914,5.352143740648776,371.7538535090263,-152.67322922355794,-886.4419097929737
basic_L75patch,TN-P043,N481,interface_action,N1 / U-W,56.25,249.0,207.0,515.4564963712826,161.84137916302254,-4.57591212432924,-45.53924786471937,-19.5973697231015,425.81716864358947
basic_L75patch,TN-P049,N205,interior_applied_load,,65.406,249.0,115.0,2.186918930866694e-11,-277.5396078821425,1.428523822064289e-10,2.8570454219175566e-14,1.791278973642804e-11,-4.5333974281996287e-10
basic_L75patch,TN-P057,N207,interior_applied_load,,84.094,249.0,115.0,-1.0733910673825702e-11,-277.53960788306614,-1.4699172106857488e-10,-1.3274893986377503e-13,2.2142243655153082e-10,5.960512876874553e-10
basic_L75patch,TN-P061,N209,interior_applied_load,,102.781,249.0,115.0,1.3499595498497356e-12,-277.5396078826198,2.2425425926401356e-12,-7.458198224212277e-14,-1.3744606739531717e-11,-8.555556734787654e-10
basic_L75patch,TN-P069,N212,interior_applied_load,,121.469,249.0,115.0,-5.5498911030194545e-12,-277.53960788263174,7.555253833114899e-13,-1.1352702027206036e-14,-2.1870839665077776e-12,-4.66893147787631e-10
basic_L75patch,TN-P078,N215,interior_applied_load,,140.156,249.0,115.0,1.885060729625003e-12,-277.53960788230575,-6.233625601858814e-12,2.0477350993259986e-13,-1.5009286287416295e-11,3.7211984827874934e-10
basic_L75patch,TN-P093,N217,interior_applied_load,,158.844,249.0,115.0,2.0466160567799812e-12,-277.53960788254227,-1.7635898095551834e-12,-2.0766430159733767e-13,5.441140186434149e-12,-5.75237284748882e-10
basic_L75patch,TN-P098,N220,interior_applied_load,,177.531,249.0,115.0,-8.817274648485494e-13,-277.53960788277567,-1.7286291608328918e-11,-4.645694591167172e-13,7.658273347212098e-11,7.711152641857274e-10
basic_L75patch,TN-P110,N224,interior_applied_load,,196.219,249.0,115.0,1.0952215322042921e-11,-311.0294222832148,-1.9491268738137903e-12,-5.924704728353306e-13,-4.714184903995013e-12,5.960895424570548e-11
basic_L75patch,TN-P115,N226,interior_applied_load,,214.906,249.0,115.0,-1.3564569260168046e-11,-311.02942228349787,1.7476125796771247e-10,-2.736020505785825e-13,2.376449695305179e-10,2.8225830652531733e-11
basic_L75patch,TN-P117,N228,interface_action,N2; T-E,224.25,249.0,115.0,-263.1851254403591,1618.3886294085532,-90.19956865906715,-381.8436197042465,-297.24466852797195,-2120.2631590366364
basic_L75patch,TN-P118,N503,interface_action,T-E,224.25,249.0,117.5,415.05554458498955,-359.698859882541,80.55033811926842,-109.69188982248306,-671.539678043453,4310.002116531134
basic_L75patch,TN-P119,N186,interface_action,T-E,224.25,249.0,120.0,-1.148684309933742,300.09389518318494,-1.441298658202868,-92.15761623135768,-43.54961533227629,151.85735941311577
basic_L75patch,TN-P124,N527,interface_action,N2; T-E top / segment 4,224.25,249.0,229.319,-47.08767321039095,-10.52239354207485,0.05899312392304099,-198.1643287538138,-34.6662515224201,-10026.27030481849
basic_P200,TN-P001,N148,interface_action,BR-N-upper-1; T-W / B-WO; W4,-32.0,249.0,115.0,5.211216512055149,-4.902740832202939,0.9225713311081053,2.646969115045896,-47.13426809707172,-68.44649521912685
basic_P200,TN-P002,N628,interface_action,BR-N-upper-2; T-W top / segment 2; W4,-32.0,249.0,226.093,-2.7605745697656223,4.455596632965462,-0.29910303985730846,0.9128272610625106,8.718087602187103,57.76484863986833
basic_P200,TN-P038,N201,interface_action,BR-N-upper-2,50.25,249.0,115.0,1.7382542668390457,-2.0328325441197483,-0.04004646067817288,-4.293210612283269,-3.4559801525805383,-7.850829352973419
basic_P200,TN-P039,N690,interface_action,BR-N-upper-1,50.25,249.0,229.319,2.524044214628733,3.1903927893019906,0.12239771595999538,-6.011388098080928,0.5218480263989946,8.647422086678324
basic_P200,TN-P041,N203,interface_action,N1 / U-W,53.25,249.0,115.0,-10.395459392153276,1.7680550626666183,-0.5532216349442645,8.309864119236133,-42.37839949035705,-0.8927006743136934
basic_P200,TN-P042,N691,interface_action,N1 / U-W,53.25,249.0,229.319,-1.061241017587668,-2.858311294117631,0.2517863365566609,7.727272255500612,-0.4240932553880702,-5.510192210415227
basic_P200,TN-P043,N481,interface_action,N1 / U-W,56.25,249.0,207.0,1.5920907676980294,0.6877266118525001,0.028255732236880243,0.7541820768231394,-5.001477732960555,1.602211788769611
basic_P200,TN-P117,N228,interface_action,N2; T-E,224.25,249.0,115.0,-5.779338008258492,10.145301987126004,-1.7729650754481554,11.25284845661372,-6.735910584269732,20.13750661490485
basic_P200,TN-P118,N503,interface_action,T-E,224.25,249.0,117.5,9.00279028667137,-7.533386712675565,1.4854273297823966,-19.739546051248908,-25.955528078957286,141.74920097365975
basic_P200,TN-P119,N186,interface_action,T-E,224.25,249.0,120.0,0.017108073153167425,4.852518459671273,-0.012423303040804967,-0.852074785247396,-1.294599305721583,2.2733760311396054
basic_P200,TN-P124,N527,interface_action,N2; T-E top / segment 4,224.25,249.0,229.319,-0.08889112838853176,-7.772320133678814,-0.13267851865327143,-1.3391422023897697,-4.153977369780401,-114.0867087246657
basic_R20,TN-P001,N148,interface_action,BR-N-upper-1; T-W / B-WO; W4,-32.0,249.0,115.0,2.3383417280434475,67.58380615130847,4.84031279546718,148.6620758796696,-91.6716464709292,36.80812692671458
basic_R20,TN-P002,N628,interface_action,BR-N-upper-2; T-W top / segment 2; W4,-32.0,249.0,226.093,-35.266307412345505,-68.337383961884,-4.2150877896558985,95.33193910827035,88.95407568765413,-41.54611535241982
basic_R20,TN-P038,N201,interface_action,BR-N-upper-2,50.25,249.0,115.0,41.631159124882444,-55.8072963582176,-1.2863924805290141,-64.43705774525465,-51.569609389198206,-20.04201941155038
basic_R20,TN-P039,N690,interface_action,BR-N-upper-1,50.25,249.0,229.319,6.470606366850069,8.237868971273441,1.084908420598607,-35.806760733186834,47.706262379010454,37.99733364533576
basic_R20,TN-P041,N203,interface_action,N1 / U-W,53.25,249.0,115.0,-31.220806873006847,55.89352282783742,-2.828480105717958,116.90235975757574,31.135182530902796,18.86484016741155
basic_R20,TN-P042,N691,interface_action,N1 / U-W,53.25,249.0,229.319,-29.42327862635148,-23.818787306899754,3.475833659083185,50.189411901803204,-50.67714015895358,-123.25170450898295
basic_R20,TN-P043,N481,interface_action,N1 / U-W,56.25,249.0,207.0,38.917826195079854,27.414396300780506,-1.475077356781421,4.45148202460467,-8.605567180905691,54.199427370296966
basic_R20,TN-P117,N228,interface_action,N2; T-E,224.25,249.0,115.0,7.822369956062175,437.5752443112433,-75.65327662229538,567.5454126596451,101.4892986417035,197.40267087542452
basic_R20,TN-P118,N503,interface_action,T-E,224.25,249.0,117.5,-14.645408187061548,-422.7377290884033,75.68638977408409,-915.0719362795353,24.486465030175168,-12.13022337993607
basic_R20,TN-P119,N186,interface_action,T-E,224.25,249.0,120.0,0.09139481772259472,250.6916250767681,-0.8994133999076439,-58.050077078296454,-0.44860221672283274,-6.099080845899465
basic_R20,TN-P124,N527,interface_action,N2; T-E top / segment 4,224.25,249.0,229.319,13.284102897809523,-276.6952664739324,1.2702747151662057,-157.0580164291373,-78.84059954299843,-0.8472873809689634
basic_U20,TN-P001,N148,interface_action,BR-N-upper-1; T-W / B-WO; W4,-32.0,249.0,115.0,-2.3383417280434475,-67.58380615130847,-4.84031279546718,-148.6620758796696,91.6716464709292,-36.80812692671458
basic_U20,TN-P002,N628,interface_action,BR-N-upper-2; T-W top / segment 2; W4,-32.0,249.0,226.093,35.266307412345505,68.337383961884,4.2150877896558985,-95.33193910827035,-88.95407568765413,41.54611535241982
basic_U20,TN-P038,N201,interface_action,BR-N-upper-2,50.25,249.0,115.0,-41.631159124882444,55.8072963582176,1.2863924805290141,64.43705774525465,51.569609389198206,20.04201941155038
basic_U20,TN-P039,N690,interface_action,BR-N-upper-1,50.25,249.0,229.319,-6.470606366850069,-8.237868971273441,-1.084908420598607,35.806760733186834,-47.706262379010454,-37.99733364533576
basic_U20,TN-P041,N203,interface_action,N1 / U-W,53.25,249.0,115.0,31.220806873006847,-55.89352282783742,2.828480105717958,-116.90235975757574,-31.135182530902796,-18.86484016741155
basic_U20,TN-P042,N691,interface_action,N1 / U-W,53.25,249.0,229.319,29.42327862635148,23.818787306899754,-3.475833659083185,-50.189411901803204,50.67714015895358,123.25170450898295
basic_U20,TN-P043,N481,interface_action,N1 / U-W,56.25,249.0,207.0,-38.917826195079854,-27.414396300780506,1.475077356781421,-4.45148202460467,8.605567180905691,-54.199427370296966
basic_U20,TN-P117,N228,interface_action,N2; T-E,224.25,249.0,115.0,-7.822369956062175,-437.5752443112433,75.65327662229538,-567.5454126596451,-101.4892986417035,-197.40267087542452
basic_U20,TN-P118,N503,interface_action,T-E,224.25,249.0,117.5,14.645408187061548,422.7377290884033,-75.68638977408409,915.0719362795353,-24.486465030175168,12.13022337993607
basic_U20,TN-P119,N186,interface_action,T-E,224.25,249.0,120.0,-0.09139481772259472,-250.6916250767681,0.8994133999076439,58.050077078296454,0.44860221672283274,6.099080845899465
basic_U20,TN-P124,N527,interface_action,N2; T-E top / segment 4,224.25,249.0,229.319,-13.284102897809523,276.6952664739324,-1.2702747151662057,157.0580164291373,78.84059954299843,0.8472873809689634
